REGゲーム数,当該REGゲーム数,REG枚数,ATゲーム数,AT枚数,朝イチ,スルー回数,AT間ゲーム数,前回AT当選ゲーム数,前回AT獲得枚数,前回差枚数,前回連荘数,前回種別,機種別条件,前回REG当選ゲーム数,前回REG獲得枚数
1059,108,132,305,1081,1,0,0,0,0,1,0,下位,0,0,0
951,713,66,305,1081,1,1,108,0,0,1,0,下位,0,108,66
238,238,0,305,1081,1,2,821,0,0,1,0,下位,0,713,66
133,133,0,87,218,0,0,0,1059,1133,-442,4,下位,0,0,0
865,865,0,372,1457,0,0,0,133,270,-387,1,下位,0,0,0
378,165,197,871,2857,0,0,0,865,1509,-273,5,下位,0,0,0
213,213,0,871,2857,0,1,165,865,1509,-273,5,下位,0,165,197
111,111,0,1007,3736,1,0,0,0,0,1,0,下位,0,0,0
2160,56,874,196,615,1,0,0,0,0,1,0,下位,0,0,0
2104,130,668,196,615,1,1,56,0,0,1,0,下位,0,56,206
1974,118,602,196,615,1,2,186,0,0,1,0,下位,0,130,66
1856,128,536,196,615,1,3,304,0,0,1,0,下位,0,118,66
1728,162,470,196,615,1,4,432,0,0,1,0,下位,0,128,66
1566,290,404,196,615,1,5,594,0,0,1,0,下位,0,162,66
1276,112,198,196,615,1,6,884,0,0,1,0,下位,0,290,206
1164,782,132,196,615,1,7,996,0,0,1,0,下位,0,112,66
382,246,66,196,615,1,8,1778,0,0,1,0,下位,0,782,66
136,136,0,196,615,1,9,2024,0,0,1,0,下位,0,246,66
70,70,0,617,2489,0,0,0,2160,667,-1941,3,下位,0,0,0
51,51,0,1846,6279,1,0,0,0,0,1,0,下位,0,0,0
318,64,132,197,301,0,0,0,51,6331,1615,26,下位,0,0,0
254,195,66,197,301,0,1,64,51,6331,1615,26,下位,0,64,66
59,59,0,197,301,0,2,259,51,6331,1615,26,下位,0,195,66
2231,321,1030,87,218,0,0,0,318,353,1587,4,下位,0,0,0
1910,639,824,87,218,0,1,321,318,353,1587,4,下位,0,321,206
1271,161,618,87,218,0,2,960,318,353,1587,4,下位,0,639,206
1110,900,412,87,218,0,3,1121,318,353,1587,4,下位,0,161,206
210,111,206,87,218,0,4,2021,318,353,1587,4,下位,0,900,206
99,99,0,87,218,0,5,2132,318,353,1587,4,下位,0,111,206
211,211,0,437,1352,1,0,0,0,0,1,0,下位,0,0,0
75,75,0,453,1784,0,0,0,211,1404,1065,5,下位,0,0,0
567,198,66,90,28,1,0,0,0,0,1,0,下位,0,0,0
369,369,0,90,28,1,1,198,0,0,1,0,下位,0,198,66
918,141,66,219,490,0,0,0,567,80,-767,1,下位,0,0,0
777,777,0,219,490,0,1,141,567,80,-767,1,下位,0,141,66
461,461,0,93,209,0,0,0,918,542,-1639,2,下位,0,0,0
534,134,206,228,437,1,0,0,0,0,1,0,下位,0,0,0
400,400,0,228,437,1,1,134,0,0,1,0,下位,0,134,206
63,63,0,198,398,0,0,0,534,489,-165,4,下位,0,0,0
1233,277,684,187,230,0,0,0,63,450,183,3,下位,0,0,0
956,240,478,187,230,0,1,277,63,450,183,3,下位,0,277,206
716,158,272,187,230,0,2,517,63,450,183,3,下位,0,240,206
558,401,66,187,230,0,3,675,63,450,183,3,下位,0,158,206
157,157,0,187,230,0,4,1076,63,450,183,3,下位,0,401,66
942,218,544,477,1532,1,0,0,0,0,1,0,下位,0,0,0
724,160,478,477,1532,1,1,218,0,0,1,0,下位,0,218,66
564,140,272,477,1532,1,2,378,0,0,1,0,下位,0,160,206
424,105,206,477,1532,1,3,518,0,0,1,0,下位,0,140,66
319,319,0,477,1532,1,4,623,0,0,1,0,下位,0,105,206
200,200,0,222,729,0,0,0,942,1584,609,6,下位,0,0,0
644,558,206,379,1234,0,0,0,200,781,1067,3,下位,0,0,0
86,86,0,379,1234,0,1,558,200,781,1067,3,下位,0,558,206
196,196,0,200,608,1,0,0,0,0,1,0,下位,0,0,0
163,163,0,578,2067,0,0,0,196,660,345,1,下位,0,0,0
786,161,272,265,677,1,0,0,0,0,1,0,下位,0,0,0
625,514,206,265,677,1,1,161,0,0,1,0,下位,0,161,66
111,111,0,265,677,1,2,675,0,0,1,0,下位,0,514,206
200,200,0,131,419,0,0,0,786,729,-266,5,下位,0,0,0
798,349,412,109,183,0,0,0,200,471,-118,2,下位,0,0,0
449,342,206,109,183,0,1,349,200,471,-118,2,下位,0,349,206
107,107,0,109,183,0,2,691,200,471,-118,2,下位,0,342,206
886,284,272,353,1215,0,0,0,798,235,-759,1,下位,0,0,0
602,488,206,353,1215,0,1,284,798,235,-759,1,下位,0,284,66
114,114,0,353,1215,0,2,772,798,235,-759,1,下位,0,488,206
98,98,0,364,1198,0,0,0,886,1267,-649,4,下位,0,0,0
170,170,0,134,218,1,0,0,0,0,1,0,下位,0,0,0
901,901,0,175,659,0,0,0,170,270,-3,2,下位,0,0,0
1294,88,132,753,2666,0,0,0,901,711,-745,1,下位,0,0,0
1206,306,66,753,2666,0,1,88,901,711,-745,1,下位,0,88,66
900,900,0,753,2666,0,2,394,901,711,-745,1,下位,0,306,66
176,176,0,442,1422,0,0,0,1294,2718,17,8,下位,0,0,0
1414,188,478,397,1330,0,0,0,176,1474,1207,6,下位,0,0,0
1226,186,272,397,1330,0,1,188,176,1474,1207,6,下位,0,188,206
1040,900,206,397,1330,0,2,374,176,1474,1207,6,下位,0,186,66
140,140,0,397,1330,0,3,1274,176,1474,1207,6,下位,0,900,206
764,245,338,266,560,1,0,0,0,0,1,0,下位,0,0,0
519,55,272,266,560,1,1,245,0,0,1,0,下位,0,245,66
464,155,206,266,560,1,2,300,0,0,1,0,下位,0,55,66
309,309,0,266,560,1,3,455,0,0,1,0,下位,0,155,206
752,55,272,219,462,0,0,0,764,612,-281,4,下位,0,0,0
697,455,206,219,462,0,1,55,764,612,-281,4,下位,0,55,66
242,242,0,219,462,0,2,510,764,612,-281,4,下位,0,455,206
201,201,0,238,703,0,0,0,752,514,-708,2,下位,0,0,0
552,103,206,446,1557,0,0,0,201,755,-277,3,下位,0,0,0
449,449,0,446,1557,0,1,103,201,755,-277,3,下位,0,103,206
248,248,0,221,634,1,0,0,0,0,1,0,下位,0,0,0
403,16,66,441,1530,1,0,0,0,0,1,0,下位,0,0,0
387,387,0,441,1530,1,1,16,0,0,1,0,下位,0,16,66
2118,140,536,312,1195,0,0,0,403,1582,999,5,下位,0,0,0
1978,144,470,312,1195,0,1,140,403,1582,999,5,下位,0,140,66
1834,170,264,312,1195,0,2,284,403,1582,999,5,下位,0,144,206
1664,105,198,312,1195,0,3,454,403,1582,999,5,下位,0,170,66
1559,766,132,312,1195,0,4,559,403,1582,999,5,下位,0,105,66
793,563,66,312,1195,0,5,1325,403,1582,999,5,下位,0,766,66
230,230,0,312,1195,0,6,1888,403,1582,999,5,下位,0,563,66
722,116,272,155,380,1,0,0,0,0,1,0,下位,0,0,0
606,332,206,155,380,1,1,116,0,0,1,0,下位,0,116,66
274,274,0,155,380,1,2,448,0,0,1,0,下位,0,332,206
1374,785,132,247,804,0,0,0,722,432,-459,2,下位,0,0,0
589,173,66,247,804,0,1,785,722,432,-459,2,下位,0,785,66
416,416,0,247,804,0,2,958,722,432,-459,2,下位,0,173,66
1856,140,404,299,944,1,0,0,0,0,1,0,下位,0,0,0
1716,125,338,299,944,1,1,140,0,0,1,0,下位,0,140,66
1591,900,272,299,944,1,2,265,0,0,1,0,下位,0,125,66
691,461,66,299,944,1,3,1165,0,0,1,0,下位,0,900,206
230,230,0,299,944,1,4,1626,0,0,1,0,下位,0,461,66
202,202,0,337,1204,1,0,0,0,0,1,0,下位,0,0,0
794,466,272,72,57,0,0,0,202,1256,931,6,下位,0,0,0
328,263,206,72,57,0,1,466,202,1256,931,6,下位,0,466,66
65,65,0,72,57,0,2,729,202,1256,931,6,下位,0,263,206
201,201,0,196,488,1,0,0,0,0,1,0,下位,0,0,0
112,112,0,332,1308,0,0,0,201,540,217,4,下位,0,0,0
1136,174,272,115,358,0,0,0,112,1360,1396,5,下位,0,0,0
962,62,206,115,358,0,1,174,112,1360,1396,5,下位,0,174,66
900,900,0,115,358,0,2,236,112,1360,1396,5,下位,0,62,206
789,275,198,1067,3818,0,0,0,1136,410,245,1,下位,0,0,0
514,51,132,1067,3818,0,1,275,1136,410,245,1,下位,0,275,66
463,258,66,1067,3818,0,2,326,1136,410,245,1,下位,0,51,66
205,205,0,1067,3818,0,3,584,1136,410,245,1,下位,0,258,66
200,200,0,213,375,1,0,0,0,0,1,0,下位,0,0,0
2394,136,750,385,939,0,0,0,200,427,105,3,下位,0,0,0
2258,467,544,385,939,0,1,136,200,427,105,3,下位,0,136,206
1791,278,478,385,939,0,2,603,200,427,105,3,下位,0,467,66
1513,781,272,385,939,0,3,881,200,427,105,3,下位,0,278,206
732,450,206,385,939,0,4,1662,200,427,105,3,下位,0,781,66
282,282,0,385,939,0,5,2112,200,427,105,3,下位,0,450,206
1262,187,272,115,358,1,0,0,0,0,1,0,下位,0,0,0
1075,400,66,115,358,1,1,187,0,0,1,0,下位,0,187,206
675,675,0,115,358,1,2,587,0,0,1,0,下位,0,400,66
584,295,66,285,712,0,0,0,1262,410,-1353,1,下位,0,0,0
289,289,0,285,712,0,1,295,1262,410,-1353,1,下位,0,295,66
75,75,0,381,1109,0,0,0,584,764,-1465,5,下位,0,0,0
111,111,0,288,514,0,0,0,75,1161,-425,6,下位,0,0,0
106,106,0,337,703,0,0,0,111,566,-38,6,下位,0,0,0
587,435,412,159,362,1,0,0,0,0,1,0,下位,0,0,0
152,98,206,159,362,1,1,435,0,0,1,0,下位,0,435,206
54,54,0,159,362,1,2,533,0,0,1,0,下位,0,98,206
478,219,132,426,1047,0,0,0,587,414,-120,2,下位,0,0,0
259,147,66,426,1047,0,1,219,587,414,-120,2,下位,0,219,66
112,112,0,426,1047,0,2,366,587,414,-120,2,下位,0,147,66
200,200,0,231,616,0,0,0,478,1099,340,6,下位,0,0,0
2123,313,264,407,1301,0,0,0,200,668,685,4,下位,0,0,0
1810,896,198,407,1301,0,1,313,200,668,685,4,下位,0,313,66
914,236,132,407,1301,0,2,1209,200,668,685,4,下位,0,896,66
678,248,66,407,1301,0,3,1445,200,668,685,4,下位,0,236,66
430,430,0,407,1301,0,4,1693,200,668,685,4,下位,0,248,66
263,263,0,87,218,0,0,0,2123,1353,-1123,4,下位,0,0,0
2110,151,1004,102,194,0,0,0,263,270,-1277,1,下位,0,0,0
1959,64,938,102,194,0,1,151,263,270,-1277,1,下位,0,151,66
1895,512,732,102,194,0,2,215,263,270,-1277,1,下位,0,64,206
1383,260,526,102,194,0,3,727,263,270,-1277,1,下位,0,512,206
1123,54,460,102,194,0,4,987,263,270,-1277,1,下位,0,260,66
1069,67,394,102,194,0,5,1041,263,270,-1277,1,下位,0,54,66
1002,200,198,102,194,0,6,1108,263,270,-1277,1,下位,0,67,196
802,368,132,102,194,0,7,1308,263,270,-1277,1,下位,0,200,66
434,147,66,102,194,0,8,1676,263,270,-1277,1,下位,0,368,66
287,287,0,102,194,0,9,1823,263,270,-1277,1,下位,0,147,66
401,401,0,470,1590,1,0,0,0,0,1,0,下位,0,0,0
383,195,66,388,1218,0,0,0,401,1642,996,9,下位,0,0,0
188,188,0,388,1218,0,1,195,401,1642,996,9,下位,0,195,66
1285,900,206,208,480,0,0,0,383,1270,1714,5,下位,0,0,0
385,385,0,208,480,0,1,900,383,1270,1714,5,下位,0,900,206
2083,292,684,115,358,1,0,0,0,0,1,0,下位,0,0,0
1791,55,478,115,358,1,1,292,0,0,1,0,下位,0,292,206
1736,105,272,115,358,1,2,347,0,0,1,0,下位,0,55,206
1631,900,206,115,358,1,3,452,0,0,1,0,下位,0,105,66
731,731,0,115,358,1,4,1352,0,0,1,0,下位,0,900,206
1120,307,66,891,2445,1,0,0,0,0,1,0,下位,0,0,0
813,813,0,891,2445,1,1,307,0,0,1,0,下位,0,307,66
203,203,0,387,1409,1,0,0,0,0,1,0,下位,0,0,0
67,67,0,110,182,0,0,0,203,1461,1135,5,下位,0,0,0
497,207,272,306,756,0,0,0,67,234,1261,1,下位,0,0,0
290,143,66,306,756,0,1,207,67,234,1261,1,下位,0,207,206
147,147,0,306,756,0,2,350,67,234,1261,1,下位,0,143,66
216,147,63,191,311,1,0,0,0,0,1,0,下位,0,0,0
69,69,0,191,311,1,1,147,0,0,1,0,下位,0,147,63
850,64,338,351,909,0,0,0,216,363,79,4,下位,0,0,0
786,176,272,351,909,0,1,64,216,363,79,4,下位,0,64,66
610,97,206,351,909,0,2,240,216,363,79,4,下位,0,176,66
513,513,0,351,909,0,3,337,216,363,79,4,下位,0,97,206
150,150,0,151,474,0,0,0,850,961,8,5,下位,0,0,0
1157,200,132,98,201,0,0,0,150,526,292,3,下位,0,0,0
957,405,66,98,201,0,1,200,150,526,292,3,下位,0,200,66
552,552,0,98,201,0,2,605,150,526,292,3,下位,0,405,66
262,262,0,252,807,0,0,0,1157,253,-1189,1,下位,0,0,0
338,338,0,87,218,0,0,0,262,859,-753,2,下位,0,0,0
1474,131,478,291,831,0,0,0,338,270,-1028,1,下位,0,0,0
1343,898,272,291,831,0,1,131,338,270,-1028,1,下位,0,131,206
445,87,206,291,831,0,2,1029,338,270,-1028,1,下位,0,898,66
358,358,0,291,831,0,3,1116,338,270,-1028,1,下位,0,87,206
72,72,0,338,1055,0,0,0,1474,883,-2043,3,下位,0,0,0
321,177,66,76,52,0,0,0,72,1107,-1052,4,下位,0,0,0
144,144,0,76,52,0,1,177,72,1107,-1052,4,下位,0,177,66
283,210,67,320,1343,0,0,0,321,104,-1399,1,下位,0,0,0
73,73,0,320,1343,0,1,210,321,104,-1399,1,下位,0,210,67
702,56,264,180,428,0,0,0,283,1395,-394,3,下位,0,0,0
646,137,198,180,428,0,1,56,283,1395,-394,3,下位,0,56,66
509,66,132,180,428,0,2,193,283,1395,-394,3,下位,0,137,66
443,127,66,180,428,0,3,259,283,1395,-394,3,下位,0,66,66
316,316,0,180,428,0,4,386,283,1395,-394,3,下位,0,127,66
492,202,272,748,2859,1,0,0,0,0,1,0,下位,0,0,0
290,81,66,748,2859,1,1,202,0,0,1,0,下位,0,202,206
209,209,0,748,2859,1,2,283,0,0,1,0,下位,0,81,66
952,201,338,242,686,1,0,0,0,0,1,0,下位,0,0,0
751,400,272,242,686,1,1,201,0,0,1,0,下位,0,201,66
351,255,66,242,686,1,2,601,0,0,1,0,下位,0,400,206
96,96,0,242,686,1,3,856,0,0,1,0,下位,0,255,66
105,105,0,480,1602,0,0,0,952,738,-458,5,下位,0,0,0
742,67,272,296,637,1,0,0,0,0,1,0,下位,0,0,0
675,429,206,296,637,1,1,67,0,0,1,0,下位,0,67,66
246,246,0,296,637,1,2,496,0,0,1,0,下位,0,429,206
745,683,206,436,1343,0,0,0,742,689,-235,3,下位,0,0,0
62,62,0,436,1343,0,1,683,742,689,-235,3,下位,0,683,206
180,180,0,311,662,0,0,0,745,1395,164,5,下位,0,0,0
66,66,0,88,217,0,0,0,180,714,588,6,下位,0,0,0
1790,392,544,205,572,0,0,0,66,269,751,1,下位,0,0,0
1398,462,338,205,572,0,1,392,66,269,751,1,下位,0,392,206
936,178,272,205,572,0,2,854,66,269,751,1,下位,0,462,66
758,675,66,205,572,0,3,1032,66,269,751,1,下位,0,178,206
83,83,0,205,572,0,4,1707,66,269,751,1,下位,0,675,66
1246,346,196,374,1182,1,0,0,0,0,1,0,下位,0,0,0
900,900,0,374,1182,1,1,346,0,0,1,0,下位,0,346,196
100,100,0,192,719,0,0,0,1246,1234,-579,4,下位,0,0,0
902,150,66,87,218,0,0,0,100,771,31,2,下位,0,0,0
752,752,0,87,218,0,1,150,100,771,31,2,下位,0,150,66
145,145,0,244,907,0,0,0,902,270,-1088,1,下位,0,0,0
1032,193,132,88,217,1,0,0,0,0,1,0,下位,0,0,0
839,494,66,88,217,1,1,193,0,0,1,0,下位,0,193,66
345,345,0,88,217,1,2,687,0,0,1,0,下位,0,494,66
145,145,0,110,181,0,0,0,1032,269,-1262,1,下位,0,0,0
159,159,0,174,436,0,0,0,145,233,-1263,1,下位,0,0,0
374,374,0,355,1044,0,0,0,159,488,-1031,3,下位,0,0,0
1462,91,600,1726,6338,1,0,0,0,0,1,0,下位,0,0,0
1371,316,394,1726,6338,1,1,91,0,0,1,0,下位,0,91,206
1055,103,328,1726,6338,1,2,407,0,0,1,0,下位,0,316,66
952,337,262,1726,6338,1,3,510,0,0,1,0,下位,0,103,66
615,515,66,1726,6338,1,4,847,0,0,1,0,下位,0,337,196
100,100,0,1726,6338,1,5,1362,0,0,1,0,下位,0,515,66
181,181,0,115,358,0,0,0,1462,6390,49,22,下位,0,0,0
1948,42,338,524,1657,1,0,0,0,0,1,0,下位,0,0,0
1906,828,132,524,1657,1,1,42,0,0,1,0,下位,0,42,206
1078,187,66,524,1657,1,2,870,0,0,1,0,下位,0,828,66
891,891,0,524,1657,1,3,1057,0,0,1,0,下位,0,187,66
71,71,0,118,168,0,0,0,1948,1709,-1094,8,下位,0,0,0
138,138,0,142,278,1,0,0,0,0,1,0,下位,0,0,0
175,175,0,509,1255,0,0,0,138,330,108,3,下位,0,0,0
181,181,0,136,412,0,0,0,175,1307,1133,8,下位,0,0,0
735,322,132,480,1303,0,0,0,181,464,1305,2,下位,0,0,0
413,271,66,480,1303,0,1,322,181,464,1305,2,下位,0,322,66
142,142,0,480,1303,0,2,593,181,464,1305,2,下位,0,271,66
145,145,0,496,1529,0,0,0,735,1355,1607,8,下位,0,0,0
106,106,0,136,412,0,0,0,145,1581,672,6,下位,0,0,0
200,200,0,396,1292,0,0,0,106,464,965,2,下位,0,0,0
1738,121,618,354,1224,1,0,0,0,0,1,0,下位,0,0,0
1617,900,412,354,1224,1,1,121,0,0,1,0,下位,0,121,206
717,637,206,354,1224,1,2,1021,0,0,1,0,下位,0,900,206
80,80,0,354,1224,1,3,1658,0,0,1,0,下位,0,637,206
89,89,0,261,939,0,0,0,1738,1276,-908,4,下位,0,0,0
461,392,206,225,441,1,0,0,0,0,1,0,下位,0,0,0
69,69,0,225,441,1,1,392,0,0,1,0,下位,0,392,206
954,117,478,188,638,1,0,0,0,0,1,0,下位,0,0,0
837,336,272,188,638,1,1,117,0,0,1,0,下位,0,117,206
501,68,66,188,638,1,2,453,0,0,1,0,下位,0,336,206
433,433,0,188,638,1,3,521,0,0,1,0,下位,0,68,66
796,58,338,115,358,0,0,0,954,690,-370,1,下位,0,0,0
738,204,272,115,358,0,1,58,954,690,-370,1,下位,0,58,66
534,124,66,115,358,0,2,262,954,690,-370,1,下位,0,204,206
410,410,0,115,358,0,3,386,954,690,-370,1,下位,0,124,66
118,118,0,231,656,1,0,0,0,0,1,0,下位,0,0,0
1137,392,66,216,640,0,0,0,118,708,519,2,下位,0,0,0
745,745,0,216,640,0,1,392,118,708,519,2,下位,0,392,66
200,200,0,90,28,0,0,0,1137,692,-557,4,下位,0,0,0
324,324,0,115,358,0,0,0,200,80,-800,1,下位,0,0,0
1078,403,272,901,2310,1,0,0,0,0,1,0,下位,0,0,0
675,423,66,901,2310,1,1,403,0,0,1,0,下位,0,403,206
252,252,0,901,2310,1,2,826,0,0,1,0,下位,0,423,66
192,192,0,176,347,0,0,0,1078,2362,897,14,下位,0,0,0
303,253,66,300,778,0,0,0,192,399,986,2,下位,0,0,0
50,50,0,300,778,0,1,253,192,399,986,2,下位,0,253,66
139,139,0,151,388,0,0,0,303,830,1393,5,下位,0,0,0
330,170,66,149,516,0,0,0,139,440,1609,2,下位,0,0,0
160,160,0,149,516,0,1,170,139,440,1609,2,下位,0,170,66
17,17,0,864,3081,1,0,0,0,0,1,0,下位,0,0,0
1060,286,684,264,962,0,0,0,17,3133,500,11,下位,0,0,0
774,175,478,264,962,0,1,286,17,3133,500,11,下位,0,286,206
599,384,272,264,962,0,2,461,17,3133,500,11,下位,0,175,206
215,153,66,264,962,0,3,845,17,3133,500,11,下位,0,384,206
62,62,0,264,962,0,4,998,17,3133,500,11,下位,0,153,66
200,200,0,205,572,0,0,0,1060,1014,489,4,下位,0,0,0
262,74,206,250,898,1,0,0,0,0,1,0,下位,0,0,0
188,188,0,250,898,1,1,74,0,0,1,0,下位,0,74,206
1079,401,66,182,609,1,0,0,0,0,1,0,下位,0,0,0
678,678,0,182,609,1,1,401,0,0,1,0,下位,0,401,66
699,84,66,595,1565,0,0,0,1079,661,-1013,3,下位,0,0,0
615,615,0,595,1565,0,1,84,1079,661,-1013,3,下位,0,84,66
200,200,0,178,469,0,0,0,699,1617,-457,11,下位,0,0,0
256,196,206,370,925,0,0,0,200,521,-259,1,下位,0,0,0
60,60,0,370,925,0,1,196,200,521,-259,1,下位,0,196,206
1185,102,478,118,168,1,0,0,0,0,1,0,下位,0,0,0
1083,77,272,118,168,1,1,102,0,0,1,0,下位,0,102,206
1006,778,66,118,168,1,2,179,0,0,1,0,下位,0,77,206
228,228,0,118,168,1,3,957,0,0,1,0,下位,0,778,66
1792,742,544,135,228,0,0,0,1185,220,-1213,1,下位,0,0,0
1050,518,338,135,228,0,1,742,1185,220,-1213,1,下位,0,742,206
532,213,272,135,228,0,2,1260,1185,220,-1213,1,下位,0,518,66
319,262,66,135,228,0,3,1473,1185,220,-1213,1,下位,0,213,206
57,57,0,135,228,0,4,1735,1185,220,-1213,1,下位,0,262,66
1958,175,264,261,1002,0,0,0,1792,280,-3280,2,下位,0,0,0
1783,742,198,261,1002,0,1,175,1792,280,-3280,2,下位,0,175,66
1041,335,132,261,1002,0,2,917,1792,280,-3280,2,下位,0,742,66
706,220,66,261,1002,0,3,1252,1792,280,-3280,2,下位,0,335,66
486,486,0,261,1002,0,4,1472,1792,280,-3280,2,下位,0,220,66
2074,21,610,137,410,1,0,0,0,0,1,0,下位,0,0,0
2053,592,404,137,410,1,1,21,0,0,1,0,下位,0,21,206
1461,371,198,137,410,1,2,613,0,0,1,0,下位,0,592,206
1090,884,132,137,410,1,3,984,0,0,1,0,下位,0,371,66
206,102,66,137,410,1,4,1868,0,0,1,0,下位,0,884,66
104,104,0,137,410,1,5,1970,0,0,1,0,下位,0,102,66
210,210,0,518,1927,0,0,0,2074,462,-2273,2,下位,0,0,0
542,201,272,191,681,1,0,0,0,0,1,0,下位,0,0,0
341,95,66,191,681,1,1,201,0,0,1,0,下位,0,201,206
246,246,0,191,681,1,2,296,0,0,1,0,下位,0,95,66
200,200,0,164,267,0,0,0,542,733,132,4,下位,0,0,0
201,201,0,188,512,0,0,0,200,319,128,3,下位,0,0,0
1879,238,273,359,1265,0,0,0,201,564,368,2,下位,0,0,0
1641,741,67,359,1265,0,1,238,201,564,368,2,下位,0,238,206
900,900,0,359,1265,0,2,979,201,564,368,2,下位,0,741,67
1201,633,132,248,901,0,0,0,1879,1317,-1073,5,下位,0,0,0
568,289,66,248,901,0,1,633,1879,1317,-1073,5,下位,0,633,66
279,279,0,248,901,0,2,922,1879,1317,-1073,5,下位,0,289,66
465,201,132,102,194,1,0,0,0,0,1,0,下位,0,0,0
264,176,66,102,194,1,1,201,0,0,1,0,下位,0,201,66
88,88,0,102,194,1,2,377,0,0,1,0,下位,0,176,66
499,499,0,362,1201,1,0,0,0,0,1,0,下位,0,0,0
108,108,0,343,1018,1,0,0,0,0,1,0,下位,0,0,0
163,163,0,134,415,0,0,0,108,1070,897,4,下位,0,0,0
192,192,0,165,364,0,0,0,163,467,1101,2,下位,0,0,0
1209,216,132,301,1087,1,0,0,0,0,1,0,下位,0,0,0
993,780,66,301,1087,1,1,216,0,0,1,0,下位,0,216,66
213,213,0,301,1087,1,2,996,0,0,1,0,下位,0,780,66
75,75,0,173,537,0,0,0,1209,1139,-678,4,下位,0,0,0
405,118,272,499,1339,1,0,0,0,0,1,0,下位,0,0,0
287,176,66,499,1339,1,1,118,0,0,1,0,下位,0,118,206
111,111,0,499,1339,1,2,294,0,0,1,0,下位,0,176,66
200,200,0,183,646,0,0,0,405,1391,1011,6,下位,0,0,0
611,478,66,656,2311,1,0,0,0,0,1,0,下位,0,0,0
133,133,0,656,2311,1,1,478,0,0,1,0,下位,0,478,66
536,352,206,69,62,0,0,0,611,2363,1444,7,下位,0,0,0
184,184,0,69,62,0,1,352,611,2363,1444,7,下位,0,352,206
493,493,0,263,877,0,0,0,536,114,899,1,下位,0,0,0
688,187,272,105,91,1,0,0,0,0,1,0,下位,0,0,0
501,136,66,105,91,1,1,187,0,0,1,0,下位,0,187,206
365,365,0,105,91,1,2,323,0,0,1,0,下位,0,136,66
425,140,132,475,1602,0,0,0,688,143,-694,2,下位,0,0,0
285,228,66,475,1602,0,1,140,688,143,-694,2,下位,0,140,66
57,57,0,475,1602,0,2,368,688,143,-694,2,下位,0,228,66
200,200,0,69,62,0,0,0,425,1654,406,4,下位,0,0,0
528,111,66,291,917,0,0,0,200,114,197,1,下位,0,0,0
417,417,0,291,917,0,1,111,200,114,197,1,下位,0,111,66
503,316,66,93,209,0,0,0,528,969,380,4,下位,0,0,0
187,187,0,93,209,0,1,316,528,969,380,4,下位,0,316,66
1957,201,404,309,1014,1,0,0,0,0,1,0,下位,0,0,0
1756,166,338,309,1014,1,1,201,0,0,1,0,下位,0,201,66
1590,222,272,309,1014,1,2,367,0,0,1,0,下位,0,166,66
1368,900,206,309,1014,1,3,589,0,0,1,0,下位,0,222,66
468,468,0,309,1014,1,4,1489,0,0,1,0,下位,0,900,206
1043,201,132,221,574,1,0,0,0,0,1,0,下位,0,0,0
842,126,66,221,574,1,1,201,0,0,1,0,下位,0,201,66
716,716,0,221,574,1,2,327,0,0,1,0,下位,0,126,66
684,684,0,68,64,0,0,0,1043,626,-923,3,下位,0,0,0
1999,201,544,562,2393,1,0,0,0,0,1,0,下位,0,0,0
1798,582,338,562,2393,1,1,201,0,0,1,0,下位,0,201,206
1216,902,272,562,2393,1,2,783,0,0,1,0,下位,0,582,66
314,218,66,562,2393,1,3,1685,0,0,1,0,下位,0,902,206
96,96,0,562,2393,1,4,1903,0,0,1,0,下位,0,218,66
330,330,0,213,559,0,0,0,1999,2445,-235,6,下位,0,0,0
678,42,338,123,235,1,0,0,0,0,1,0,下位,0,0,0
636,68,272,123,235,1,1,42,0,0,1,0,下位,0,42,66
568,163,206,123,235,1,2,110,0,0,1,0,下位,0,68,66
405,405,0,123,235,1,3,273,0,0,1,0,下位,0,163,206
3961,622,610,511,1716,0,0,0,678,287,-468,2,下位,0,0,0
3339,610,544,511,1716,0,1,622,678,287,-468,2,下位,0,622,66
2729,900,338,511,1716,0,2,1232,678,287,-468,2,下位,0,610,206
1829,353,132,511,1716,0,3,2132,678,287,-468,2,下位,0,900,206
1476,660,66,511,1716,0,4,2485,678,287,-468,2,下位,0,353,66
816,816,0,511,1716,0,5,3145,678,287,-468,2,下位,0,660,66
533,423,206,100,197,1,0,0,0,0,1,0,下位,0,0,0
110,110,0,100,197,1,1,423,0,0,1,0,下位,0,423,206
978,882,66,561,1656,0,0,0,533,249,-403,1,下位,0,0,0
96,96,0,561,1656,0,1,882,533,249,-403,1,下位,0,882,66
403,63,66,597,1996,0,0,0,978,1708,-207,9,下位,0,0,0
340,340,0,597,1996,0,1,63,978,1708,-207,9,下位,0,63,66
400,400,0,89,30,1,0,0,0,0,1,0,下位,0,0,0
370,264,206,145,397,0,0,0,400,82,-562,1,下位,0,0,0
106,106,0,145,397,0,1,264,400,82,-562,1,下位,0,264,206
477,477,0,90,214,0,0,0,370,449,-504,2,下位,0,0,0
282,53,66,137,323,0,0,0,477,266,-1007,1,下位,0,0,0
229,229,0,137,323,0,1,53,477,266,-1007,1,下位,0,53,66
87,87,0,70,61,0,0,0,282,375,-1020,1,下位,0,0,0
1414,139,412,363,1246,0,0,0,87,113,-1047,1,下位,0,0,0
1275,634,206,363,1246,0,1,139,87,113,-1047,1,下位,0,139,206
641,641,0,363,1246,0,2,773,87,113,-1047,1,下位,0,634,206
742,164,338,257,886,0,0,0,1414,1298,-1618,5,下位,0,0,0
578,101,132,257,886,0,1,164,1414,1298,-1618,5,下位,0,164,206
477,345,66,257,886,0,2,265,1414,1298,-1618,5,下位,0,101,66
132,132,0,257,886,0,3,610,1414,1298,-1618,5,下位,0,345,66
57,57,0,116,172,0,0,0,742,938,-1539,3,下位,0,0,0
1167,440,198,115,358,1,0,0,0,0,1,0,下位,0,0,0
727,302,132,115,358,1,1,440,0,0,1,0,下位,0,440,66
425,339,66,115,358,1,2,742,0,0,1,0,下位,0,302,66
86,86,0,115,358,1,3,1081,0,0,1,0,下位,0,339,66
193,193,0,302,900,0,0,0,1167,410,-1274,1,下位,0,0,0
567,401,66,162,495,1,0,0,0,0,1,0,下位,0,0,0
166,166,0,162,495,1,1,401,0,0,1,0,下位,0,401,66
583,583,0,225,752,0,0,0,567,547,-301,1,下位,0,0,0
200,200,0,324,1109,0,0,0,583,804,-437,3,下位,0,0,0
515,184,206,228,535,1,0,0,0,0,1,0,下位,0,0,0
331,331,0,228,535,1,1,184,0,0,1,0,下位,0,184,206
121,121,0,101,196,0,0,0,515,587,-37,3,下位,0,0,0
362,73,132,134,328,0,0,0,121,248,16,1,下位,0,0,0
289,128,66,134,328,0,1,73,121,248,16,1,下位,0,73,66
161,161,0,134,328,0,2,201,121,248,16,1,下位,0,128,66
87,87,0,97,202,0,0,0,362,380,-56,1,下位,0,0,0
1645,551,198,119,352,0,0,0,87,254,58,1,下位,0,0,0
1094,135,132,119,352,0,1,551,87,254,58,1,下位,0,551,66
959,453,66,119,352,0,2,686,87,254,58,1,下位,0,135,66
506,506,0,119,352,0,3,1139,87,254,58,1,下位,0,453,66
96,96,0,777,2774,0,0,0,1645,404,-1994,1,下位,0,0,0
489,489,0,126,341,1,0,0,0,0,1,0,下位,0,0,0
684,113,198,159,374,1,0,0,0,0,1,0,下位,0,0,0
571,400,132,159,374,1,1,113,0,0,1,0,下位,0,113,66
171,85,66,159,374,1,2,513,0,0,1,0,下位,0,400,66
86,86,0,159,374,1,3,598,0,0,1,0,下位,0,85,66
264,63,206,223,629,1,0,0,0,0,1,0,下位,0,0,0
201,201,0,223,629,1,1,63,0,0,1,0,下位,0,63,206
200,200,0,215,359,0,0,0,264,681,462,4,下位,0,0,0
100,100,0,423,1308,0,0,0,200,411,550,5,下位,0,0,0
37,37,0,361,1263,0,0,0,100,1360,1749,7,下位,0,0,0
866,584,272,175,659,0,0,0,37,1315,629,5,下位,0,0,0
282,147,206,175,659,0,1,584,37,1315,629,5,下位,0,584,66
135,135,0,175,659,0,2,731,37,1315,629,5,下位,0,147,206
706,343,196,175,659,0,0,0,866,711,215,1,下位,0,0,0
363,363,0,175,659,0,1,343,866,711,215,1,下位,0,343,196
187,187,0,258,1010,0,0,0,706,711,-16,1,下位,0,0,0
510,416,66,274,548,0,0,0,187,1062,744,2,下位,0,0,0
94,94,0,274,548,0,1,416,187,1062,744,2,下位,0,416,66
1150,738,206,370,751,0,0,0,510,600,587,4,下位,0,0,0
412,412,0,370,751,0,1,738,510,600,587,4,下位,0,738,206
101,101,0,63,72,0,0,0,1150,803,-259,6,下位,0,0,0
625,201,132,340,887,1,0,0,0,0,1,0,下位,0,0,0
424,251,66,340,887,1,1,201,0,0,1,0,下位,0,201,66
173,173,0,340,887,1,2,452,0,0,1,0,下位,0,251,66
200,200,0,206,696,0,0,0,625,939,64,7,下位,0,0,0
201,201,0,62,74,1,0,0,0,0,1,0,下位,0,0,0
1613,718,272,159,374,0,0,0,201,126,-197,1,下位,0,0,0
895,342,66,159,374,0,1,718,201,126,-197,1,下位,0,718,206
553,553,0,159,374,0,2,1060,201,126,-197,1,下位,0,342,66
91,91,0,451,1826,0,0,0,1613,426,-2101,2,下位,0,0,0
221,221,0,278,765,0,0,0,91,1878,-370,4,下位,0,0,0
74,74,0,115,358,1,0,0,0,0,1,0,下位,0,0,0
1762,131,198,399,1004,0,0,0,74,410,292,1,下位,0,0,0
1631,757,132,399,1004,0,1,131,74,410,292,1,下位,0,131,66
874,766,66,399,1004,0,2,888,74,410,292,1,下位,0,757,66
108,108,0,399,1004,0,3,1654,74,410,292,1,下位,0,766,66
1134,270,198,342,1233,1,0,0,0,0,1,0,下位,0,0,0
864,621,132,342,1233,1,1,270,0,0,1,0,下位,0,270,66
243,108,66,342,1233,1,2,891,0,0,1,0,下位,0,621,66
135,135,0,342,1233,1,3,999,0,0,1,0,下位,0,108,66
107,107,0,1051,3370,0,0,0,1134,1285,-345,4,下位,0,0,0
1177,376,132,291,733,1,0,0,0,0,1,0,下位,0,0,0
801,122,66,291,733,1,1,376,0,0,1,0,下位,0,376,66
679,679,0,291,733,1,2,498,0,0,1,0,下位,0,122,66
806,117,198,219,860,1,0,0,0,0,1,0,下位,0,0,0
689,89,132,219,860,1,1,117,0,0,1,0,下位,0,117,66
600,388,66,219,860,1,2,206,0,0,1,0,下位,0,89,66
212,212,0,219,860,1,3,594,0,0,1,0,下位,0,388,66
516,322,66,609,2415,0,0,0,806,912,-190,2,下位,0,0,0
194,194,0,609,2415,0,1,322,806,912,-190,2,下位,0,322,66
139,139,0,266,832,0,0,0,516,2467,1511,7,下位,0,0,0
203,129,66,149,516,1,0,0,0,0,1,0,下位,0,0,0
74,74,0,149,516,1,1,129,0,0,1,0,下位,0,129,66
198,198,0,91,212,0,0,0,203,568,308,1,下位,0,0,0
57,57,0,170,444,0,0,0,198,264,253,1,下位,0,0,0
387,24,272,151,513,1,0,0,0,0,1,0,下位,0,0,0
363,296,206,151,513,1,1,24,0,0,1,0,下位,0,24,66
67,67,0,151,513,1,2,320,0,0,1,0,下位,0,296,206
900,400,206,522,1309,0,0,0,387,565,214,1,下位,0,0,0
500,500,0,522,1309,0,1,400,387,565,214,1,下位,0,400,206
1711,437,338,694,2179,0,0,0,900,1361,330,11,下位,0,0,0
1274,136,132,694,2179,0,1,437,900,1361,330,11,下位,0,437,206
1138,281,66,694,2179,0,2,573,900,1361,330,11,下位,0,136,66
857,857,0,694,2179,0,3,854,900,1361,330,11,下位,0,281,66
147,33,206,320,1056,1,0,0,0,0,1,0,下位,0,0,0
114,114,0,320,1056,1,1,33,0,0,1,0,下位,0,33,206
200,200,0,875,2810,0,0,0,147,1108,1078,4,下位,0,0,0
200,200,0,636,1832,0,0,0,200,2862,999,15,下位,0,0,0
1817,813,272,765,2833,0,0,0,200,1884,237,10,下位,0,0,0
1004,103,206,765,2833,0,1,813,200,1884,237,10,下位,0,813,66
901,901,0,765,2833,0,2,916,200,1884,237,10,下位,0,103,206
76,76,0,585,1856,0,0,0,1817,2885,464,8,下位,0,0,0
1838,38,272,168,360,1,0,0,0,0,1,0,下位,0,0,0
1800,900,206,168,360,1,1,38,0,0,1,0,下位,0,38,66
900,900,0,168,360,1,2,938,0,0,1,0,下位,0,900,206
462,153,206,413,1167,0,0,0,1838,412,-2280,2,下位,0,0,0
309,309,0,413,1167,0,1,153,1838,412,-2280,2,下位,0,153,206
180,180,0,429,1503,0,0,0,462,1219,-1600,7,下位,0,0,0
120,120,0,178,469,0,0,0,180,1555,-335,7,下位,0,0,0
1253,240,412,249,812,0,0,0,120,521,-8,1,下位,0,0,0
1013,111,206,249,812,0,1,240,120,521,-8,1,下位,0,240,206
902,902,0,249,812,0,2,351,120,521,-8,1,下位,0,111,206
506,101,132,370,1090,1,0,0,0,0,1,0,下位,0,0,0
405,319,66,370,1090,1,1,101,0,0,1,0,下位,0,101,66
86,86,0,370,1090,1,2,420,0,0,1,0,下位,0,319,66
29,29,0,149,390,1,0,0,0,0,1,0,下位,0,0,0
288,185,66,115,358,0,0,0,29,442,396,2,下位,0,0,0
103,103,0,115,358,0,1,185,29,442,396,2,下位,0,185,66
624,624,0,174,350,0,0,0,288,410,408,1,下位,0,0,0
227,113,206,100,197,0,0,0,624,402,-196,2,下位,0,0,0
114,114,0,100,197,0,1,113,624,402,-196,2,下位,0,113,206
673,321,66,175,659,0,0,0,227,249,-107,1,下位,0,0,0
352,352,0,175,659,0,1,321,227,249,-107,1,下位,0,321,66
400,400,0,212,648,0,0,0,673,711,-416,1,下位,0,0,0
200,200,0,151,289,0,0,0,400,700,-361,4,下位,0,0,0
739,248,206,71,59,0,0,0,200,341,-343,3,下位,0,0,0
491,491,0,71,59,0,1,248,200,341,-343,3,下位,0,248,206
240,240,0,199,581,0,0,0,739,111,-1218,1,下位,0,0,0
996,379,132,106,188,1,0,0,0,0,1,0,下位,0,0,0
617,145,66,106,188,1,1,379,0,0,1,0,下位,0,379,66
472,472,0,106,188,1,2,524,0,0,1,0,下位,0,145,66
256,256,0,235,552,0,0,0,996,240,-1233,1,下位,0,0,0
319,319,0,475,1242,0,0,0,256,604,-1042,3,下位,0,0,0
1179,94,412,204,660,1,0,0,0,0,1,0,下位,0,0,0
1085,900,206,204,660,1,1,94,0,0,1,0,下位,0,94,206
185,185,0,204,660,1,2,994,0,0,1,0,下位,0,900,206
1245,345,206,281,935,0,0,0,1179,712,-777,4,下位,0,0,0
900,900,0,281,935,0,1,345,1179,712,-777,4,下位,0,345,206
293,58,66,279,851,0,0,0,1245,987,-1592,4,下位,0,0,0
235,235,0,279,851,0,1,58,1245,987,-1592,4,下位,0,58,66
91,91,0,670,2212,1,0,0,0,0,1,0,下位,0,0,0
1152,312,132,428,1366,0,0,0,91,2264,2118,11,下位,0,0,0
840,200,66,428,1366,0,1,312,91,2264,2118,11,下位,0,312,66
640,640,0,428,1366,0,2,512,91,2264,2118,11,下位,0,200,66
116,116,0,161,371,0,0,0,1152,1418,1810,5,下位,0,0,0
998,269,132,106,175,0,0,0,116,423,2046,2,下位,0,0,0
729,566,66,106,175,0,1,269,116,423,2046,2,下位,0,269,66
163,163,0,106,175,0,2,835,116,423,2046,2,下位,0,566,66
900,900,0,340,840,0,0,0,998,227,795,1,下位,0,0,0
200,200,0,70,61,0,0,0,900,892,235,4,下位,0,0,0
1519,69,198,496,1966,0,0,0,200,113,25,1,下位,0,0,0
1450,717,132,496,1966,0,1,69,200,113,25,1,下位,0,69,66
733,239,66,496,1966,0,2,786,200,113,25,1,下位,0,717,66
494,494,0,496,1966,0,3,1025,200,113,25,1,下位,0,239,66
200,200,0,171,626,0,0,0,1519,2018,-208,4,下位,0,0,0
1579,347,676,156,380,1,0,0,0,0,1,0,下位,0,0,0
1232,130,470,156,380,1,1,347,0,0,1,0,下位,0,347,206
1102,54,273,156,380,1,2,477,0,0,1,0,下位,0,130,197
1048,464,66,156,380,1,3,531,0,0,1,0,下位,0,54,207
584,584,0,156,380,1,4,995,0,0,1,0,下位,0,464,66
66,66,0,328,1004,1,0,0,0,0,1,0,下位,0,0,0
439,325,66,258,798,1,0,0,0,0,1,0,下位,0,0,0
114,114,0,258,798,1,1,325,0,0,1,0,下位,0,325,66
183,183,0,139,406,0,0,0,439,850,209,2,下位,0,0,0
1175,433,478,397,1512,1,0,0,0,0,1,0,下位,0,0,0
742,175,412,397,1512,1,1,433,0,0,1,0,下位,0,433,66
567,505,206,397,1512,1,2,608,0,0,1,0,下位,0,175,206
62,62,0,397,1512,1,3,1113,0,0,1,0,下位,0,505,206
547,297,66,406,1712,0,0,0,1175,1564,148,4,下位,0,0,0
250,250,0,406,1712,0,1,297,1175,1564,148,4,下位,0,297,66
225,225,0,119,352,0,0,0,547,1764,1096,4,下位,0,0,0
912,389,132,356,1183,0,0,0,225,404,1137,1,下位,0,0,0
523,280,66,356,1183,0,1,389,225,404,1137,1,下位,0,389,66
243,243,0,356,1183,0,2,669,225,404,1137,1,下位,0,280,66
991,174,272,220,670,0,0,0,912,1235,1033,4,下位,0,0,0
817,71,206,220,670,0,1,174,912,1235,1033,4,下位,0,174,66
746,746,0,220,670,0,2,245,912,1235,1033,4,下位,0,71,206
138,138,0,121,65,1,0,0,0,0,1,0,下位,0,0,0
53,53,0,417,1298,0,0,0,138,117,-105,2,下位,0,0,0
32,32,0,464,1396,1,0,0,0,0,1,0,下位,0,0,0
904,77,198,689,2867,0,0,0,32,1448,1397,6,下位,0,0,0
827,98,132,689,2867,0,1,77,32,1448,1397,6,下位,0,77,66
729,204,66,689,2867,0,2,175,32,1448,1397,6,下位,0,98,66
525,525,0,689,2867,0,3,379,32,1448,1397,6,下位,0,204,66
200,200,0,434,1542,0,0,0,904,2919,506,7,下位,0,0,0
3008,796,684,305,1120,0,0,0,200,1594,1777,5,下位,0,0,0
2212,260,478,305,1120,0,1,796,200,1594,1777,5,下位,0,796,206
1952,736,272,305,1120,0,2,1056,200,1594,1777,5,下位,0,260,206
1216,316,66,305,1120,0,3,1792,200,1594,1777,5,下位,0,736,206
900,900,0,305,1120,0,4,2108,200,1594,1777,5,下位,0,316,66
137,30,66,310,1074,1,0,0,0,0,1,0,下位,0,0,0
107,107,0,310,1074,1,1,30,0,0,1,0,下位,0,30,66
200,200,0,195,490,0,0,0,137,1126,972,4,下位,0,0,0
1873,721,132,184,547,0,0,0,200,542,1191,4,下位,0,0,0
1152,775,66,184,547,0,1,721,200,542,1191,4,下位,0,721,66
377,377,0,184,547,0,2,1496,200,542,1191,4,下位,0,775,66
927,243,478,243,811,1,0,0,0,0,1,0,下位,0,0,0
684,229,412,243,811,1,1,243,0,0,1,0,下位,0,243,66
455,57,206,243,811,1,2,472,0,0,1,0,下位,0,229,206
398,398,0,243,811,1,3,529,0,0,1,0,下位,0,57,206
984,421,206,109,85,1,0,0,0,0,1,0,下位,0,0,0
563,563,0,109,85,1,1,421,0,0,1,0,下位,0,421,206
393,167,66,108,185,0,0,0,984,137,-1243,2,下位,0,0,0
226,226,0,108,185,0,1,167,984,137,-1243,2,下位,0,167,66
1062,340,338,102,183,1,0,0,0,0,1,0,下位,0,0,0
722,212,132,102,183,1,1,340,0,0,1,0,下位,0,340,206
510,126,66,102,183,1,2,552,0,0,1,0,下位,0,212,66
384,384,0,102,183,1,3,678,0,0,1,0,下位,0,126,66
200,200,0,352,1005,0,0,0,1062,235,-1138,3,下位,0,0,0
514,432,206,389,1489,1,0,0,0,0,1,0,下位,0,0,0
82,82,0,389,1489,1,1,432,0,0,1,0,下位,0,432,206
68,68,0,459,1822,1,0,0,0,0,1,0,下位,0,0,0
132,132,0,177,530,0,0,0,68,1874,1765,4,下位,0,0,0
1265,107,676,336,845,1,0,0,0,0,1,0,下位,0,0,0
1158,96,470,336,845,1,1,107,0,0,1,0,下位,0,107,206
1062,192,404,336,845,1,2,203,0,0,1,0,下位,0,96,66
870,203,338,336,845,1,3,395,0,0,1,0,下位,0,192,66
667,79,272,336,845,1,4,598,0,0,1,0,下位,0,203,66
588,212,66,336,845,1,5,677,0,0,1,0,下位,0,79,206
376,376,0,336,845,1,6,889,0,0,1,0,下位,0,212,66
792,471,272,157,377,0,0,0,1265,897,-466,4,下位,0,0,0
321,249,206,157,377,0,1,471,1265,897,-466,4,下位,0,471,66
72,72,0,157,377,0,2,720,1265,897,-466,4,下位,0,249,206
460,460,0,106,188,0,0,0,792,429,-1043,2,下位,0,0,0
819,819,0,152,511,0,0,0,460,240,-1545,1,下位,0,0,0
518,401,206,173,439,1,0,0,0,0,1,0,下位,0,0,0
117,117,0,173,439,1,1,401,0,0,1,0,下位,0,401,206
766,52,132,126,341,1,0,0,0,0,1,0,下位,0,0,0
714,327,66,126,341,1,1,52,0,0,1,0,下位,0,52,66
387,387,0,126,341,1,2,379,0,0,1,0,下位,0,327,66
486,24,272,1258,4727,1,0,0,0,0,1,0,下位,0,0,0
462,291,206,1258,4727,1,1,24,0,0,1,0,下位,0,24,66
171,171,0,1258,4727,1,2,315,0,0,1,0,下位,0,291,206
177,177,0,90,28,0,0,0,486,4779,1611,17,下位,0,0,0
112,112,0,131,419,1,0,0,0,0,1,0,下位,0,0,0
1089,340,338,86,122,0,0,0,112,471,291,2,下位,0,0,0
749,326,132,86,122,0,1,340,112,471,291,2,下位,0,340,206
423,299,66,86,122,0,2,666,112,471,291,2,下位,0,326,66
124,124,0,86,122,0,3,965,112,471,291,2,下位,0,299,66
841,416,206,373,1329,0,0,0,1089,174,-953,2,下位,0,0,0
425,425,0,373,1329,0,1,416,1089,174,-953,2,下位,0,416,206
522,201,132,93,209,1,0,0,0,0,1,0,下位,0,0,0
321,151,66,93,209,1,1,201,0,0,1,0,下位,0,201,66
170,170,0,93,209,1,2,352,0,0,1,0,下位,0,151,66
198,198,0,358,1294,0,0,0,522,261,-448,1,下位,0,0,0
791,312,272,112,178,1,0,0,0,0,1,0,下位,0,0,0
479,392,66,112,178,1,1,312,0,0,1,0,下位,0,312,206
87,87,0,112,178,1,2,704,0,0,1,0,下位,0,392,66
391,113,66,495,1629,0,0,0,791,230,-772,1,下位,0,0,0
278,278,0,495,1629,0,1,113,791,230,-772,1,下位,0,113,66
220,220,0,415,1222,0,0,0,391,1681,345,5,下位,0,0,0
200,200,0,158,277,0,0,0,220,1274,1264,8,下位,0,0,0
150,87,66,151,387,1,0,0,0,0,1,0,下位,0,0,0
63,63,0,151,387,1,1,87,0,0,1,0,下位,0,87,66
1741,196,824,364,1306,0,0,0,150,439,264,2,下位,0,0,0
1545,348,618,364,1306,0,1,196,150,439,264,2,下位,0,196,206
1197,189,412,364,1306,0,2,544,150,439,264,2,下位,0,348,206
1008,108,206,364,1306,0,3,733,150,439,264,2,下位,0,189,206
900,900,0,364,1306,0,4,841,150,439,264,2,下位,0,108,206
61,61,0,123,248,1,0,0,0,0,1,0,下位,0,0,0
1382,414,338,214,684,0,0,0,61,300,203,2,下位,0,0,0
968,136,132,214,684,0,1,414,61,300,203,2,下位,0,414,206
832,755,66,214,684,0,2,550,61,300,203,2,下位,0,136,66
77,77,0,214,684,0,3,1305,61,300,203,2,下位,0,755,66
2935,193,1286,235,922,0,0,0,1382,736,-952,2,下位,0,0,0
2742,63,1220,235,922,0,1,193,1382,736,-952,2,下位,0,193,66
2679,245,1154,235,922,0,2,256,1382,736,-952,2,下位,0,63,66
2434,251,948,235,922,0,3,501,1382,736,-952,2,下位,0,245,206
2183,133,882,235,922,0,4,752,1382,736,-952,2,下位,0,251,66
2050,353,676,235,922,0,5,885,1382,736,-952,2,下位,0,133,206
1697,646,610,235,922,0,6,1238,1382,736,-952,2,下位,0,353,66
1051,240,404,235,922,0,7,1884,1382,736,-952,2,下位,0,646,206
811,438,338,235,922,0,8,2124,1382,736,-952,2,下位,0,240,66
373,82,272,235,922,0,9,2562,1382,736,-952,2,下位,0,438,66
291,182,66,235,922,0,10,2644,1382,736,-952,2,下位,0,82,206
109,109,0,235,922,0,11,2826,1382,736,-952,2,下位,0,182,66
1705,407,338,472,1879,0,0,0,2935,974,-3426,3,下位,0,0,0
1298,233,132,472,1879,0,1,407,2935,974,-3426,3,下位,0,407,206
1065,165,66,472,1879,0,2,640,2935,974,-3426,3,下位,0,233,66
900,900,0,472,1879,0,3,805,2935,974,-3426,3,下位,0,165,66
116,116,0,417,1423,0,0,0,1705,1931,-3907,5,下位,0,0,0
478,167,66,466,1803,1,0,0,0,0,1,0,下位,0,0,0
311,311,0,466,1803,1,1,167,0,0,1,0,下位,0,167,66
338,338,0,90,28,1,0,0,0,0,1,0,下位,0,0,0
2320,112,478,150,515,0,0,0,338,80,-464,1,下位,0,0,0
2208,900,412,150,515,0,1,112,338,80,-464,1,下位,0,112,66
1308,900,206,150,515,0,2,1012,338,80,-464,1,下位,0,900,206
408,408,0,150,515,0,3,1912,338,80,-464,1,下位,0,900,206
2106,129,618,87,218,0,0,0,2320,567,-3162,1,下位,0,0,0
1977,356,412,87,218,0,1,129,2320,567,-3162,1,下位,0,129,206
1621,900,206,87,218,0,2,485,2320,567,-3162,1,下位,0,356,206
721,721,0,87,218,0,3,1385,2320,567,-3162,1,下位,0,900,206
699,103,132,144,312,0,0,0,2106,270,-5671,1,下位,0,0,0
596,218,66,144,312,0,1,103,2106,270,-5671,1,下位,0,103,66
378,378,0,144,312,0,2,321,2106,270,-5671,1,下位,0,218,66
171,171,0,188,512,1,0,0,0,0,1,0,下位,0,0,0
400,400,0,222,545,0,0,0,171,564,289,2,下位,0,0,0
1079,211,272,175,659,0,0,0,400,597,241,3,下位,0,0,0
868,467,206,175,659,0,1,211,400,597,241,3,下位,0,211,66
401,401,0,175,659,0,2,678,400,597,241,3,下位,0,467,206
129,129,0,160,372,0,0,0,1079,711,-516,1,下位,0,0,0
258,258,0,87,218,0,0,0,129,424,-300,2,下位,0,0,0
1110,84,272,276,842,1,0,0,0,0,1,0,下位,0,0,0
1026,397,66,276,842,1,1,84,0,0,1,0,下位,0,84,206
629,629,0,276,842,1,2,481,0,0,1,0,下位,0,397,66
100,100,0,115,358,0,0,0,1110,894,-623,3,下位,0,0,0
1297,327,338,146,395,1,0,0,0,0,1,0,下位,0,0,0
970,306,132,146,395,1,1,327,0,0,1,0,下位,0,327,206
664,402,66,146,395,1,2,633,0,0,1,0,下位,0,306,66
262,262,0,146,395,1,3,1035,0,0,1,0,下位,0,402,66
544,118,478,548,1592,0,0,0,1297,447,-1306,2,下位,0,0,0
426,68,412,548,1592,0,1,118,1297,447,-1306,2,下位,0,118,66
358,234,206,548,1592,0,2,186,1297,447,-1306,2,下位,0,68,206
124,124,0,548,1592,0,3,420,1297,447,-1306,2,下位,0,234,206
861,168,206,342,1147,1,0,0,0,0,1,0,下位,0,0,0
693,693,0,342,1147,1,1,168,0,0,1,0,下位,0,168,206
503,503,0,115,358,0,0,0,861,1199,17,3,下位,0,0,0
942,808,206,759,2737,0,0,0,503,410,-384,1,下位,0,0,0
134,134,0,759,2737,0,1,808,503,410,-384,1,下位,0,808,206
53,53,0,1663,5631,1,0,0,0,0,1,0,下位,0,0,0
57,57,0,693,2106,0,0,0,53,5683,932,22,下位,0,0,0
201,201,0,228,535,1,0,0,0,0,1,0,下位,0,0,0
1283,222,338,278,939,0,0,0,201,587,264,3,下位,0,0,0
1061,270,132,278,939,0,1,222,201,587,264,3,下位,0,222,206
791,315,66,278,939,0,2,492,201,587,264,3,下位,0,270,66
476,476,0,278,939,0,3,807,201,587,264,3,下位,0,315,66
601,201,66,582,1711,1,0,0,0,0,1,0,下位,0,0,0
400,400,0,582,1711,1,1,201,0,0,1,0,下位,0,201,66
71,71,0,292,791,0,0,0,601,1763,861,10,下位,0,0,0
153,153,0,1181,4279,0,0,0,71,843,1589,5,下位,0,0,0
97,97,0,212,376,0,0,0,153,4331,740,15,下位,0,0,0
186,186,0,160,373,0,0,0,97,428,1012,3,下位,0,0,0
237,125,187,111,166,1,0,0,0,0,1,0,下位,0,0,0
112,112,0,111,166,1,1,125,0,0,1,0,下位,0,125,187
418,418,0,105,91,0,0,0,237,218,23,1,下位,0,0,0
1484,295,458,481,1636,0,0,0,418,143,-508,2,下位,0,0,0
1189,398,262,481,1636,0,1,295,418,143,-508,2,下位,0,295,196
791,503,66,481,1636,0,2,693,418,143,-508,2,下位,0,398,196
288,288,0,481,1636,0,3,1196,418,143,-508,2,下位,0,503,66
119,119,0,240,746,0,0,0,1484,1688,-756,5,下位,0,0,0
1000,100,66,205,640,0,0,0,119,798,-150,4,下位,0,0,0
900,900,0,205,640,0,1,100,119,798,-150,4,下位,0,100,66
353,285,66,159,263,1,0,0,0,0,1,0,下位,0,0,0
68,68,0,159,263,1,1,285,0,0,1,0,下位,0,285,66
250,119,66,130,320,0,0,0,353,315,-188,3,下位,0,0,0
131,131,0,130,320,0,1,119,353,315,-188,3,下位,0,119,66
760,155,66,342,1117,0,0,0,250,372,-153,3,下位,0,0,0
605,605,0,342,1117,0,1,155,250,372,-153,3,下位,0,155,66
200,200,0,320,832,0,0,0,760,1169,-144,3,下位,0,0,0
200,200,0,207,549,0,0,0,200,884,417,4,下位,0,0,0
150,150,0,276,445,1,0,0,0,0,1,0,下位,0,0,0
282,225,206,416,1134,0,0,0,150,497,256,5,下位,0,0,0
57,57,0,416,1134,0,1,225,150,497,256,5,下位,0,225,206
841,266,272,143,400,0,0,0,282,1186,1193,7,下位,0,0,0
575,335,66,143,400,0,1,266,282,1186,1193,7,下位,0,266,206
240,240,0,143,400,0,2,601,282,1186,1193,7,下位,0,335,66
567,201,269,303,958,1,0,0,0,0,1,0,下位,0,0,0
366,169,66,303,958,1,1,201,0,0,1,0,下位,0,201,203
197,197,0,303,958,1,2,370,0,0,1,0,下位,0,169,66
82,82,0,261,792,0,0,0,567,1010,365,5,下位,0,0,0
200,200,0,1976,7245,0,0,0,82,844,1077,2,下位,0,0,0
78,78,0,848,3019,0,0,0,200,7297,1013,24,下位,0,0,0
200,200,0,1137,4116,0,0,0,78,3071,1725,12,下位,0,0,0
698,201,272,115,358,1,0,0,0,0,1,0,下位,0,0,0
497,128,66,115,358,1,1,201,0,0,1,0,下位,0,201,206
369,369,0,115,358,1,2,329,0,0,1,0,下位,0,128,66
619,79,412,198,399,1,0,0,0,0,1,0,下位,0,0,0
540,395,206,198,399,1,1,79,0,0,1,0,下位,0,79,206
145,145,0,198,399,1,2,474,0,0,1,0,下位,0,395,206
270,270,0,682,2753,1,0,0,0,0,1,0,下位,0,0,0
76,76,0,188,512,0,0,0,270,2805,2371,8,下位,0,0,0
1697,69,264,237,831,1,0,0,0,0,1,0,下位,0,0,0
1628,121,198,237,831,1,1,69,0,0,1,0,下位,0,69,66
1507,875,132,237,831,1,2,190,0,0,1,0,下位,0,121,66
632,100,66,237,831,1,3,1065,0,0,1,0,下位,0,875,66
532,532,0,237,831,1,4,1165,0,0,1,0,下位,0,100,66
364,74,272,1193,4189,1,0,0,0,0,1,0,下位,0,0,0
290,167,206,1193,4189,1,1,74,0,0,1,0,下位,0,74,66
123,123,0,1193,4189,1,2,241,0,0,1,0,下位,0,167,206
46,46,0,250,758,1,0,0,0,0,1,0,下位,0,0,0
975,86,338,89,215,0,0,0,46,810,737,4,下位,0,0,0
889,60,272,89,215,0,1,86,46,810,737,4,下位,0,86,66
829,673,66,89,215,0,2,146,46,810,737,4,下位,0,60,206
156,156,0,89,215,0,3,819,46,810,737,4,下位,0,673,66
484,137,66,233,526,0,0,0,975,267,-231,1,下位,0,0,0
347,347,0,233,526,0,1,137,975,267,-231,1,下位,0,137,66
557,30,272,319,1058,1,0,0,0,0,1,0,下位,0,0,0
527,205,66,319,1058,1,1,30,0,0,1,0,下位,0,30,206
322,322,0,319,1058,1,2,235,0,0,1,0,下位,0,205,66
1413,837,198,203,488,0,0,0,557,1110,485,4,下位,0,0,0
576,43,132,203,488,0,1,837,557,1110,485,4,下位,0,837,66
533,201,66,203,488,0,2,880,557,1110,485,4,下位,0,43,66
332,332,0,203,488,0,3,1081,557,1110,485,4,下位,0,201,66
100,100,0,494,1678,0,0,0,1413,540,-1055,2,下位,0,0,0
571,81,412,147,519,1,0,0,0,0,1,0,下位,0,0,0
490,230,206,147,519,1,1,81,0,0,1,0,下位,0,81,206
260,260,0,147,519,1,2,311,0,0,1,0,下位,0,230,206
834,40,338,544,1723,1,0,0,0,0,1,0,下位,0,0,0
794,64,272,544,1723,1,1,40,0,0,1,0,下位,0,40,66
730,296,206,544,1723,1,2,104,0,0,1,0,下位,0,64,66
434,434,0,544,1723,1,3,400,0,0,1,0,下位,0,296,206
437,390,206,236,920,1,0,0,0,0,1,0,下位,0,0,0
47,47,0,236,920,1,1,390,0,0,1,0,下位,0,390,206
1633,117,412,188,316,0,0,0,437,972,474,3,下位,0,0,0
1516,900,206,188,316,0,1,117,437,972,474,3,下位,0,117,206
616,616,0,188,316,0,2,1017,437,972,474,3,下位,0,900,206
201,201,0,130,236,1,0,0,0,0,1,0,下位,0,0,0
902,902,0,110,181,0,0,0,201,288,-35,2,下位,0,0,0
1018,430,66,431,1458,0,0,0,902,233,-1257,1,下位,0,0,0
588,588,0,431,1458,0,1,430,902,233,-1257,1,下位,0,430,66
503,58,478,382,1413,1,0,0,0,0,1,0,下位,0,0,0
445,176,272,382,1413,1,1,58,0,0,1,0,下位,0,58,206
269,118,206,382,1413,1,2,234,0,0,1,0,下位,0,176,66
151,151,0,382,1413,1,3,352,0,0,1,0,下位,0,118,206
66,66,0,159,500,0,0,0,503,1465,1132,5,下位,0,0,0
624,201,272,132,318,1,0,0,0,0,1,0,下位,0,0,0
423,183,66,132,318,1,1,201,0,0,1,0,下位,0,201,206
240,240,0,132,318,1,2,384,0,0,1,0,下位,0,183,66
1521,155,615,301,961,1,0,0,0,0,1,0,下位,0,0,0
1366,488,412,301,961,1,1,155,0,0,1,0,下位,0,155,203
878,398,206,301,961,1,2,643,0,0,1,0,下位,0,488,206
480,480,0,301,961,1,3,1041,0,0,1,0,下位,0,398,206
1236,260,132,595,1502,1,0,0,0,0,1,0,下位,0,0,0
976,481,66,595,1502,1,1,260,0,0,1,0,下位,0,260,66
495,495,0,595,1502,1,2,741,0,0,1,0,下位,0,481,66
200,200,0,251,857,0,0,0,1236,1554,-306,10,下位,0,0,0
920,201,132,234,738,1,0,0,0,0,1,0,下位,0,0,0
719,306,66,234,738,1,1,201,0,0,1,0,下位,0,201,66
413,413,0,234,738,1,2,507,0,0,1,0,下位,0,306,66
696,233,412,191,322,0,0,0,920,790,-561,3,下位,0,0,0
463,235,206,191,322,0,1,233,920,790,-561,3,下位,0,233,206
228,228,0,191,322,0,2,468,920,790,-561,3,下位,0,235,206
1183,201,469,86,122,1,0,0,0,0,1,0,下位,0,0,0
982,400,263,86,122,1,1,201,0,0,1,0,下位,0,201,206
582,336,57,86,122,1,2,601,0,0,1,0,下位,0,400,206
246,246,0,86,122,1,3,937,0,0,1,0,下位,0,336,57
1177,488,478,107,186,0,0,0,1183,174,-1264,2,下位,0,0,0
689,477,272,107,186,0,1,488,1183,174,-1264,2,下位,0,488,206
212,116,66,107,186,0,2,965,1183,174,-1264,2,下位,0,477,206
96,96,0,107,186,0,3,1081,1183,174,-1264,2,下位,0,116,66
488,488,0,593,1857,0,0,0,1177,238,-2446,1,下位,0,0,0
218,53,66,280,897,1,0,0,0,0,1,0,下位,0,0,0
165,165,0,280,897,1,1,53,0,0,1,0,下位,0,53,66
374,374,0,317,750,0,0,0,218,949,665,6,下位,0,0,0
285,285,0,238,606,1,0,0,0,0,1,0,下位,0,0,0
918,799,66,1050,3879,0,0,0,285,658,199,4,下位,0,0,0
119,119,0,1050,3879,0,1,799,285,658,199,4,下位,0,799,66
124,124,0,261,879,0,0,0,918,3931,97,17,下位,0,0,0
655,91,66,411,1055,1,0,0,0,0,1,0,下位,0,0,0
564,564,0,411,1055,1,1,91,0,0,1,0,下位,0,91,66
168,168,0,62,74,0,0,0,655,1107,117,6,下位,0,0,0
470,104,66,133,329,0,0,0,168,126,-28,1,下位,0,0,0
366,366,0,133,329,0,1,104,168,126,-28,1,下位,0,104,66
574,165,66,219,675,1,0,0,0,0,1,0,下位,0,0,0
409,409,0,219,675,1,1,165,0,0,1,0,下位,0,165,66
253,253,0,1608,5273,1,0,0,0,0,1,0,下位,0,0,0
149,149,0,263,962,1,0,0,0,0,1,0,下位,0,0,0
309,94,206,741,2348,0,0,0,149,1014,775,4,下位,0,0,0
215,215,0,741,2348,0,1,94,149,1014,775,4,下位,0,94,206
200,200,0,617,2139,0,0,0,309,2400,535,9,下位,0,0,0
59,59,0,76,51,1,0,0,0,0,1,0,下位,0,0,0
375,153,206,97,104,1,0,0,0,0,1,0,下位,0,0,0
222,222,0,97,104,1,1,153,0,0,1,0,下位,0,153,206
1236,882,412,292,916,0,0,0,375,156,-242,2,下位,0,0,0
354,45,206,292,916,0,1,882,375,156,-242,2,下位,0,882,206
309,309,0,292,916,0,2,927,375,156,-242,2,下位,0,45,206
298,298,0,315,1104,0,0,0,1236,968,-856,4,下位,0,0,0
542,439,66,190,412,1,0,0,0,0,1,0,下位,0,0,0
103,103,0,190,412,1,1,439,0,0,1,0,下位,0,439,66
1092,291,478,584,2155,1,0,0,0,0,1,0,下位,0,0,0
801,387,272,584,2155,1,1,291,0,0,1,0,下位,0,291,206
414,35,206,584,2155,1,2,678,0,0,1,0,下位,0,387,66
379,379,0,584,2155,1,3,713,0,0,1,0,下位,0,35,206
280,280,0,254,667,1,0,0,0,0,1,0,下位,0,0,0
150,150,0,115,358,1,0,0,0,0,1,0,下位,0,0,0
1322,307,338,263,765,0,0,0,150,410,169,1,下位,0,0,0
1015,72,272,263,765,0,1,307,150,410,169,1,下位,0,307,66
943,246,206,263,765,0,2,379,150,410,169,1,下位,0,72,66
697,697,0,263,765,0,3,625,150,410,169,1,下位,0,246,206
1696,278,404,82,41,0,0,0,1322,817,-808,4,下位,0,0,0
1418,529,338,82,41,0,1,278,1322,817,-808,4,下位,0,278,66
889,53,272,82,41,0,2,807,1322,817,-808,4,下位,0,529,66
836,779,66,82,41,0,3,860,1322,817,-808,4,下位,0,53,206
57,57,0,82,41,0,4,1639,1322,817,-808,4,下位,0,779,66
1059,201,478,181,551,1,0,0,0,0,1,0,下位,0,0,0
858,596,412,181,551,1,1,201,0,0,1,0,下位,0,201,66
262,198,206,181,551,1,2,797,0,0,1,0,下位,0,596,206
64,64,0,181,551,1,3,995,0,0,1,0,下位,0,198,206
200,200,0,281,973,0,0,0,1059,603,-625,2,下位,0,0,0
200,200,0,1629,5639,0,0,0,200,1025,77,2,下位,0,0,0
2716,119,742,315,1190,1,0,0,0,0,1,0,下位,0,0,0
2597,179,536,315,1190,1,1,119,0,0,1,0,下位,0,119,206
2418,284,330,315,1190,1,2,298,0,0,1,0,下位,0,179,206
2134,53,264,315,1190,1,3,582,0,0,1,0,下位,0,284,66
2081,324,198,315,1190,1,4,635,0,0,1,0,下位,0,53,66
1757,522,132,315,1190,1,5,959,0,0,1,0,下位,0,324,66
1235,734,66,315,1190,1,6,1481,0,0,1,0,下位,0,522,66
501,501,0,315,1190,1,7,2215,0,0,1,0,下位,0,734,66
1108,91,470,455,1720,0,0,0,2716,1242,-2396,3,下位,0,0,0
1017,367,264,455,1720,0,1,91,2716,1242,-2396,3,下位,0,91,206
650,71,198,455,1720,0,2,458,2716,1242,-2396,3,下位,0,367,66
579,324,132,455,1720,0,3,529,2716,1242,-2396,3,下位,0,71,66
255,164,66,455,1720,0,4,853,2716,1242,-2396,3,下位,0,324,66
91,91,0,455,1720,0,5,1017,2716,1242,-2396,3,下位,0,164,66
338,338,0,327,1131,1,0,0,0,0,1,0,下位,0,0,0
1457,470,272,195,305,0,0,0,338,1183,639,5,下位,0,0,0
987,457,206,195,305,0,1,470,338,1183,639,5,下位,0,470,66
530,530,0,195,305,0,2,927,338,1183,639,5,下位,0,457,206
126,60,66,89,215,0,0,0,1457,357,-1082,4,下位,0,0,0
66,66,0,89,215,0,1,60,1457,357,-1082,4,下位,0,60,66
51,51,0,232,430,0,0,0,126,267,-952,1,下位,0,0,0
1265,48,272,90,28,1,0,0,0,0,1,0,下位,0,0,0
1217,834,66,90,28,1,1,48,0,0,1,0,下位,0,48,206
383,383,0,90,28,1,2,882,0,0,1,0,下位,0,834,66
282,208,66,228,437,0,0,0,1265,80,-1687,1,下位,0,0,0
74,74,0,228,437,0,1,208,1265,80,-1687,1,下位,0,208,66
401,186,132,1589,5867,0,0,0,282,489,-1586,4,下位,0,0,0
215,99,66,1589,5867,0,1,186,282,489,-1586,4,下位,0,186,66
116,116,0,1589,5867,0,2,285,282,489,-1586,4,下位,0,99,66
612,327,132,239,643,0,0,0,401,5919,1499,24,下位,0,0,0
285,44,66,239,643,0,1,327,401,5919,1499,24,下位,0,327,66
241,241,0,239,643,0,2,371,401,5919,1499,24,下位,0,44,66
367,367,0,87,218,0,0,0,612,695,1339,2,下位,0,0,0
224,224,0,98,201,0,0,0,367,270,1017,1,下位,0,0,0
865,205,198,178,331,0,0,0,224,253,909,1,下位,0,0,0
660,302,132,178,331,0,1,205,224,253,909,1,下位,0,205,66
358,260,66,178,331,0,2,507,224,253,909,1,下位,0,302,66
98,98,0,178,331,0,3,767,224,253,909,1,下位,0,260,66
64,64,0,185,545,1,0,0,0,0,1,0,下位,0,0,0
216,216,0,229,844,0,0,0,64,597,495,2,下位,0,0,0
166,166,0,239,789,0,0,0,216,896,1043,2,下位,0,0,0
61,61,0,1083,3456,0,0,0,166,841,1616,4,下位,0,0,0
43,43,0,191,396,0,0,0,61,3508,386,15,下位,0,0,0
261,261,0,117,170,0,0,0,43,448,765,3,下位,0,0,0
479,49,66,291,1016,0,0,0,261,222,566,1,下位,0,0,0
430,430,0,291,1016,0,1,49,261,222,566,1,下位,0,49,66
170,170,0,263,565,0,0,0,479,1068,927,3,下位,0,0,0
118,118,0,325,1087,1,0,0,0,0,1,0,下位,0,0,0
851,298,132,244,560,0,0,0,118,1139,950,2,下位,0,0,0
553,423,66,244,560,0,1,298,118,1139,950,2,下位,0,298,66
130,130,0,244,560,0,2,721,118,1139,950,2,下位,0,423,66
1245,263,338,269,867,0,0,0,851,612,321,6,下位,0,0,0
982,456,272,269,867,0,1,263,851,612,321,6,下位,0,263,66
526,446,66,269,867,0,2,719,851,612,321,6,下位,0,456,206
80,80,0,269,867,0,3,1165,851,612,321,6,下位,0,446,66
803,342,272,406,1340,0,0,0,1245,919,-429,3,下位,0,0,0
461,111,206,406,1340,0,1,342,1245,919,-429,3,下位,0,342,66
350,350,0,406,1340,0,2,453,1245,919,-429,3,下位,0,111,206
2531,900,684,320,1181,0,0,0,803,1392,-61,7,下位,0,0,0
1631,248,478,320,1181,0,1,900,803,1392,-61,7,下位,0,900,206
1383,904,272,320,1181,0,2,1148,803,1392,-61,7,下位,0,248,206
479,363,66,320,1181,0,3,2052,803,1392,-61,7,下位,0,904,206
116,116,0,320,1181,0,4,2415,803,1392,-61,7,下位,0,363,66
392,161,66,411,1502,1,0,0,0,0,1,0,下位,0,0,0
231,231,0,411,1502,1,1,161,0,0,1,0,下位,0,161,66
612,530,66,766,2804,0,0,0,392,1554,988,4,下位,0,0,0
82,82,0,766,2804,0,1,530,392,1554,988,4,下位,0,530,66
1417,762,404,168,446,0,0,0,612,2856,617,8,下位,0,0,0
655,157,338,168,446,0,1,762,612,2856,617,8,下位,0,762,66
498,284,132,168,446,0,2,919,612,2856,617,8,下位,0,157,206
214,41,66,168,446,0,3,1203,612,2856,617,8,下位,0,284,66
173,173,0,168,446,0,4,1244,612,2856,617,8,下位,0,41,66
56,56,0,2452,7893,1,0,0,0,0,1,0,下位,0,0,0
1155,683,412,511,1718,0,0,0,56,7945,1020,46,下位,0,0,0
472,175,206,511,1718,0,1,683,56,7945,1020,46,下位,0,683,206
297,297,0,511,1718,0,2,858,56,7945,1020,46,下位,0,175,206
131,131,0,656,1777,0,0,0,1155,1770,1339,6,下位,0,0,0
970,104,478,66,67,0,0,0,131,1829,392,10,下位,0,0,0
866,92,412,66,67,0,1,104,131,1829,392,10,下位,0,104,66
774,602,206,66,67,0,2,196,131,1829,392,10,下位,0,92,206
172,172,0,66,67,0,3,798,131,1829,392,10,下位,0,602,206
62,62,0,187,640,0,0,0,970,119,-575,1,下位,0,0,0
116,116,0,980,3578,0,0,0,62,692,17,1,下位,0,0,0
102,102,0,203,614,0,0,0,116,3630,1136,10,下位,0,0,0
86,42,206,187,539,1,0,0,0,0,1,0,下位,0,0,0
44,44,0,187,539,1,1,42,0,0,1,0,下位,0,42,206
575,427,66,129,336,0,0,0,86,591,659,2,下位,0,0,0
148,148,0,129,336,0,1,427,86,591,659,2,下位,0,427,66
200,200,0,95,205,0,0,0,575,388,185,1,下位,0,0,0
744,456,272,267,870,0,0,0,200,257,119,1,下位,0,0,0
288,176,66,267,870,0,1,456,200,257,119,1,下位,0,456,206
112,112,0,267,870,0,2,632,200,257,119,1,下位,0,176,66
354,201,132,405,1423,1,0,0,0,0,1,0,下位,0,0,0
153,79,66,405,1423,1,1,201,0,0,1,0,下位,0,201,66
74,74,0,405,1423,1,2,280,0,0,1,0,下位,0,79,66
112,112,0,214,683,0,0,0,354,1475,1038,8,下位,0,0,0
190,98,66,1333,4144,0,0,0,112,735,1592,2,下位,0,0,0
92,92,0,1333,4144,0,1,98,112,735,1592,2,下位,0,98,66
37,37,0,1387,4750,1,0,0,0,0,1,0,下位,0,0,0
387,48,338,187,541,1,0,0,0,0,1,0,下位,0,0,0
339,106,272,187,541,1,1,48,0,0,1,0,下位,0,48,66
233,178,206,187,541,1,2,154,0,0,1,0,下位,0,106,66
55,55,0,187,541,1,3,332,0,0,1,0,下位,0,178,206
120,120,0,151,474,0,0,0,387,593,308,2,下位,0,0,0
1314,306,338,276,943,1,0,0,0,0,1,0,下位,0,0,0
1008,225,132,276,943,1,1,306,0,0,1,0,下位,0,306,206
783,580,66,276,943,1,2,531,0,0,1,0,下位,0,225,66
203,203,0,276,943,1,3,1111,0,0,1,0,下位,0,580,66
61,61,0,144,312,0,0,0,1314,995,-785,4,下位,0,0,0
1170,776,132,175,435,0,0,0,61,364,-519,1,下位,0,0,0
394,237,66,175,435,0,1,776,61,364,-519,1,下位,0,776,66
157,157,0,175,435,0,2,1013,61,364,-519,1,下位,0,237,66
210,210,0,480,1555,0,0,0,1170,487,-1787,3,下位,0,0,0
323,197,206,209,566,1,0,0,0,0,1,0,下位,0,0,0
126,126,0,209,566,1,1,197,0,0,1,0,下位,0,197,206
200,200,0,118,168,0,0,0,323,618,304,3,下位,0,0,0
1723,149,618,378,1050,0,0,0,200,220,201,1,下位,0,0,0
1574,579,412,378,1050,0,1,149,200,220,201,1,下位,0,149,206
995,900,206,378,1050,0,2,728,200,220,201,1,下位,0,579,206
95,95,0,378,1050,0,3,1628,200,220,201,1,下位,0,900,206
89,89,0,141,218,0,0,0,1723,1102,-858,5,下位,0,0,0
977,278,206,425,1595,0,0,0,89,270,-732,2,下位,0,0,0
699,699,0,425,1595,0,1,278,89,270,-732,2,下位,0,278,206
1079,195,544,557,1870,1,0,0,0,0,1,0,下位,0,0,0
884,54,478,557,1870,1,1,195,0,0,1,0,下位,0,195,66
830,587,272,557,1870,1,2,249,0,0,1,0,下位,0,54,206
243,72,66,557,1870,1,3,836,0,0,1,0,下位,0,587,206
171,171,0,557,1870,1,4,908,0,0,1,0,下位,0,72,66
361,361,0,187,601,0,0,0,1079,1922,726,9,下位,0,0,0
347,347,0,115,358,0,0,0,361,653,797,3,下位,0,0,0
313,313,0,249,624,0,0,0,347,410,647,1,下位,0,0,0
611,513,206,88,32,0,0,0,313,676,818,2,下位,0,0,0
98,98,0,88,32,0,1,513,313,676,818,2,下位,0,513,206
555,326,250,279,1032,0,0,0,611,84,123,1,下位,0,0,0
229,81,66,279,1032,0,1,326,611,84,123,1,下位,0,326,184
148,148,0,279,1032,0,2,407,611,84,123,1,下位,0,81,66
306,201,66,321,1015,1,0,0,0,0,1,0,下位,0,0,0
105,105,0,321,1015,1,1,201,0,0,1,0,下位,0,201,66
336,336,0,1475,5101,0,0,0,306,1067,641,6,下位,0,0,0
143,143,0,732,1702,1,0,0,0,0,1,0,下位,0,0,0
265,54,66,875,3061,0,0,0,143,1754,1524,13,下位,0,0,0
211,211,0,875,3061,0,1,54,143,1754,1524,13,下位,0,54,66
4451,901,808,856,3083,0,0,0,265,3113,1635,11,下位,0,0,0
3550,900,742,856,3083,0,1,901,265,3113,1635,11,下位,0,901,66
2650,189,536,856,3083,0,2,1801,265,3113,1635,11,下位,0,900,206
2461,384,470,856,3083,0,3,1990,265,3113,1635,11,下位,0,189,66
2077,476,264,856,3083,0,4,2374,265,3113,1635,11,下位,0,384,206
1601,35,198,856,3083,0,5,2850,265,3113,1635,11,下位,0,476,66
1566,444,132,856,3083,0,6,2885,265,3113,1635,11,下位,0,35,66
1122,556,66,856,3083,0,7,3329,265,3113,1635,11,下位,0,444,66
566,566,0,856,3083,0,8,3885,265,3113,1635,11,下位,0,556,66
100,100,0,352,1091,0,0,0,4451,3135,-1601,8,下位,0,0,0
491,14,272,338,842,1,0,0,0,0,1,0,下位,0,0,0
477,277,66,338,842,1,1,14,0,0,1,0,下位,0,14,206
200,200,0,338,842,1,2,291,0,0,1,0,下位,0,277,66
120,120,0,89,215,0,0,0,491,894,374,4,下位,0,0,0
39,39,0,294,998,0,0,0,120,267,447,1,下位,0,0,0
3154,26,676,228,747,1,0,0,0,0,1,0,下位,0,0,0
3128,291,610,228,747,1,1,26,0,0,1,0,下位,0,26,66
2837,182,544,228,747,1,2,317,0,0,1,0,下位,0,291,66
2655,689,478,228,747,1,3,499,0,0,1,0,下位,0,182,66
1966,900,412,228,747,1,4,1188,0,0,1,0,下位,0,689,66
1066,659,206,228,747,1,5,2088,0,0,1,0,下位,0,900,206
407,407,0,228,747,1,6,2747,0,0,1,0,下位,0,659,206
753,164,66,481,1592,0,0,0,3154,799,-3611,3,下位,0,0,0
589,589,0,481,1592,0,1,164,3154,799,-3611,3,下位,0,164,66
200,200,0,200,666,0,0,0,753,1644,-3116,4,下位,0,0,0
602,519,206,68,64,0,0,0,200,718,-2721,4,下位,0,0,0
83,83,0,68,64,0,1,519,200,718,-2721,4,下位,0,519,206
141,141,0,204,699,0,0,0,602,116,-3370,1,下位,0,0,0
147,147,0,264,748,1,0,0,0,0,1,0,下位,0,0,0
103,103,0,186,642,0,0,0,147,800,564,4,下位,0,0,0
966,65,206,178,343,0,0,0,103,694,1092,1,下位,0,0,0
901,901,0,178,343,0,1,65,103,694,1092,1,下位,0,65,206
200,200,0,162,369,0,0,0,966,395,135,2,下位,0,0,0
703,602,66,117,170,0,0,0,200,421,233,2,下位,0,0,0
101,101,0,117,170,0,1,602,200,421,233,2,下位,0,602,66
222,222,0,87,218,0,0,0,703,222,-613,1,下位,0,0,0
287,156,66,192,719,1,0,0,0,0,1,0,下位,0,0,0
131,131,0,192,719,1,1,156,0,0,1,0,下位,0,156,66
322,322,0,115,358,0,0,0,287,771,375,2,下位,0,0,0
264,182,206,779,2869,0,0,0,322,410,266,1,下位,0,0,0
82,82,0,779,2869,0,1,182,322,410,266,1,下位,0,182,206
1106,400,338,239,703,0,0,0,264,2921,669,9,下位,0,0,0
706,465,132,239,703,0,1,400,264,2921,669,9,下位,0,400,206
241,94,66,239,703,0,2,865,264,2921,669,9,下位,0,465,66
147,147,0,239,703,0,3,959,264,2921,669,9,下位,0,94,66
90,90,0,201,284,0,0,0,1106,755,-22,3,下位,0,0,0
995,107,66,770,2225,0,0,0,90,336,169,6,下位,0,0,0
888,888,0,770,2225,0,1,107,90,336,169,6,下位,0,107,66
87,87,0,191,409,0,0,0,995,2277,907,13,下位,0,0,0
481,481,0,128,239,0,0,0,87,461,1228,3,下位,0,0,0
56,56,0,117,170,1,0,0,0,0,1,0,下位,0,0,0
1022,434,206,305,683,0,0,0,56,222,133,1,下位,0,0,0
588,588,0,305,683,0,1,434,56,222,133,1,下位,0,434,206
233,233,0,66,67,0,0,0,1022,735,-574,4,下位,0,0,0
623,263,132,65,69,1,0,0,0,0,1,0,下位,0,0,0
360,98,66,65,69,1,1,263,0,0,1,0,下位,0,263,66
262,262,0,65,69,1,2,361,0,0,1,0,下位,0,98,66
900,900,0,446,1298,0,0,0,623,121,-751,1,下位,0,0,0
1161,203,412,120,67,0,0,0,900,1350,-853,7,下位,0,0,0
958,780,206,120,67,0,1,203,900,1350,-853,7,下位,0,203,206
178,178,0,120,67,0,2,983,900,1350,-853,7,下位,0,780,206
465,100,272,99,199,0,0,0,1161,119,-2194,2,下位,0,0,0
365,287,66,99,199,0,1,100,1161,119,-2194,2,下位,0,100,206
78,78,0,99,199,0,2,387,1161,119,-2194,2,下位,0,287,66
908,188,338,168,447,0,0,0,465,251,-2421,1,下位,0,0,0
720,316,132,168,447,0,1,188,465,251,-2421,1,下位,0,188,206
404,158,66,168,447,0,2,504,465,251,-2421,1,下位,0,316,66
246,246,0,168,447,0,3,662,465,251,-2421,1,下位,0,158,66
605,88,272,204,699,0,0,0,908,499,-3049,3,下位,0,0,0
517,103,206,204,699,0,1,88,908,499,-3049,3,下位,0,88,66
414,414,0,204,699,0,2,191,908,499,-3049,3,下位,0,103,206
761,179,404,299,905,0,0,0,605,751,-3002,2,下位,0,0,0
582,93,338,299,905,0,1,179,605,751,-3002,2,下位,0,179,66
489,77,272,299,905,0,2,272,605,751,-3002,2,下位,0,93,66
412,116,206,299,905,0,3,349,605,751,-3002,2,下位,0,77,66
296,296,0,299,905,0,4,465,605,751,-3002,2,下位,0,116,206
200,200,0,159,374,0,0,0,761,957,-2868,4,下位,0,0,0
166,166,0,122,63,0,0,0,200,426,-2765,2,下位,0,0,0
747,119,198,229,620,0,0,0,166,115,-2918,2,下位,0,0,0
628,260,132,229,620,0,1,119,166,115,-2918,2,下位,0,119,66
368,173,66,229,620,0,2,379,166,115,-2918,2,下位,0,260,66
195,195,0,229,620,0,3,552,166,115,-2918,2,下位,0,173,66
154,154,0,101,200,0,0,0,747,672,-3253,4,下位,0,0,0
790,78,272,244,537,1,0,0,0,0,1,0,下位,0,0,0
712,381,206,244,537,1,1,78,0,0,1,0,下位,0,78,66
331,331,0,244,537,1,2,459,0,0,1,0,下位,0,381,206
254,87,206,175,348,0,0,0,790,589,-413,3,下位,0,0,0
167,167,0,175,348,0,1,87,790,589,-413,3,下位,0,87,206
67,67,0,110,268,0,0,0,254,400,-216,2,下位,0,0,0
594,141,272,352,1218,1,0,0,0,0,1,0,下位,0,0,0
453,69,66,352,1218,1,1,141,0,0,1,0,下位,0,141,206
384,384,0,352,1218,1,2,210,0,0,1,0,下位,0,69,66
503,400,66,62,74,0,0,0,594,1270,586,4,下位,0,0,0
103,103,0,62,74,0,1,400,594,1270,586,4,下位,0,400,66
1024,528,272,118,168,0,0,0,503,126,-33,1,下位,0,0,0
496,377,66,118,168,0,1,528,503,126,-33,1,下位,0,528,206
119,119,0,118,168,0,2,905,503,126,-33,1,下位,0,377,66
1533,487,198,115,358,0,0,0,1024,220,-1193,1,下位,0,0,0
1046,525,132,115,358,0,1,487,1024,220,-1193,1,下位,0,487,66
521,372,66,115,358,0,2,1012,1024,220,-1193,1,下位,0,525,66
149,149,0,115,358,0,3,1384,1024,220,-1193,1,下位,0,372,66
962,615,206,178,469,0,0,0,1533,410,-3057,1,下位,0,0,0
347,347,0,178,469,0,1,615,1533,410,-3057,1,下位,0,615,206
309,35,206,252,584,0,0,0,962,521,-3882,1,下位,0,0,0
274,274,0,252,584,0,1,35,962,521,-3882,1,下位,0,35,206
1559,152,272,171,568,1,0,0,0,0,1,0,下位,0,0,0
1407,525,66,171,568,1,1,152,0,0,1,0,下位,0,152,206
882,882,0,171,568,1,2,677,0,0,1,0,下位,0,525,66
108,108,0,304,711,0,0,0,1559,620,-1622,2,下位,0,0,0
200,200,0,119,352,0,0,0,108,763,-1033,4,下位,0,0,0
612,144,66,167,361,0,0,0,200,404,-952,1,下位,0,0,0
468,468,0,167,361,0,1,144,200,404,-952,1,下位,0,144,66
193,90,66,619,1884,1,0,0,0,0,1,0,下位,0,0,0
103,103,0,619,1884,1,1,90,0,0,1,0,下位,0,90,66
200,200,0,346,955,0,0,0,193,1936,1692,13,下位,0,0,0
823,449,66,63,72,0,0,0,200,1007,2376,3,下位,0,0,0
374,374,0,63,72,0,1,449,200,1007,2376,3,下位,0,449,66
1223,406,412,368,1066,0,0,0,823,124,1239,1,下位,0,0,0
817,291,206,368,1066,0,1,406,823,124,1239,1,下位,0,406,206
526,526,0,368,1066,0,2,697,823,124,1239,1,下位,0,291,206
82,82,0,110,268,0,0,0,1223,1118,797,5,下位,0,0,0
513,257,66,2760,9919,0,0,0,82,320,985,2,下位,0,0,0
256,256,0,2760,9919,0,1,257,82,320,985,2,下位,0,257,66
254,125,63,410,1171,1,0,0,0,0,1,0,下位,0,0,0
129,129,0,410,1171,1,1,125,0,0,1,0,下位,0,125,63
896,234,206,216,768,1,0,0,0,0,1,0,下位,0,0,0
662,662,0,216,768,1,1,234,0,0,1,0,下位,0,234,206
1576,752,132,159,500,0,0,0,896,820,-418,3,下位,0,0,0
824,372,66,159,500,0,1,752,896,820,-418,3,下位,0,752,66
452,452,0,159,500,0,2,1124,896,820,-418,3,下位,0,372,66
641,400,66,307,1203,0,0,0,1576,552,-2276,1,下位,0,0,0
241,241,0,307,1203,0,1,400,1576,552,-2276,1,下位,0,400,66
890,132,206,115,358,0,0,0,641,1255,-1989,3,下位,0,0,0
758,758,0,115,358,0,1,132,641,1255,-1989,3,下位,0,132,206
506,240,66,437,1538,0,0,0,890,410,-2809,1,下位,0,0,0
266,266,0,437,1538,0,1,240,890,410,-2809,1,下位,0,240,66
54,54,0,254,852,0,0,0,506,1590,-1969,5,下位,0,0,0
93,93,0,237,608,0,0,0,54,904,-1152,5,下位,0,0,0
143,143,0,200,706,0,0,0,93,660,-642,4,下位,0,0,0
1699,174,544,241,514,0,0,0,143,758,-115,2,下位,0,0,0
1525,255,478,241,514,0,1,174,143,758,-115,2,下位,0,174,66
1270,277,412,241,514,0,2,429,143,758,-115,2,下位,0,255,66
993,93,206,241,514,0,3,706,143,758,-115,2,下位,0,277,206
900,900,0,241,514,0,4,799,143,758,-115,2,下位,0,93,206
778,387,66,131,321,1,0,0,0,0,1,0,下位,0,0,0
391,391,0,131,321,1,1,387,0,0,1,0,下位,0,387,66
71,71,0,2346,8594,0,0,0,778,373,-815,3,下位,0,0,0
651,90,132,220,761,0,0,0,71,8646,484,31,下位,0,0,0
561,352,66,220,761,0,1,90,71,8646,484,31,下位,0,90,66
209,209,0,220,761,0,2,442,71,8646,484,31,下位,0,352,66
1292,487,478,449,1294,0,0,0,651,813,379,3,下位,0,0,0
805,286,412,449,1294,0,1,487,651,813,379,3,下位,0,487,66
519,252,206,449,1294,0,2,773,651,813,379,3,下位,0,286,206
267,267,0,449,1294,0,3,1025,651,813,379,3,下位,0,252,206
207,207,0,98,201,0,0,0,1292,1346,120,7,下位,0,0,0
307,238,206,206,571,0,0,0,207,253,39,1,下位,0,0,0
69,69,0,206,571,0,1,238,207,253,39,1,下位,0,238,206
200,200,0,166,538,0,0,0,307,623,373,3,下位,0,0,0
200,200,0,153,285,0,0,0,200,590,640,4,下位,0,0,0
34,34,0,552,1624,1,0,0,0,0,1,0,下位,0,0,0
104,104,0,212,647,0,0,0,34,1676,1622,6,下位,0,0,0
49,49,0,181,610,0,0,0,104,699,2153,4,下位,0,0,0
93,93,0,1147,4361,0,0,0,49,662,409,3,下位,0,0,0
714,278,272,206,609,1,0,0,0,0,1,0,下位,0,0,0
436,89,66,206,609,1,1,278,0,0,1,0,下位,0,278,206
347,347,0,206,609,1,2,367,0,0,1,0,下位,0,89,66
749,400,412,309,763,0,0,0,714,661,-218,1,下位,0,0,0
349,209,206,309,763,0,1,400,714,661,-218,1,下位,0,400,206
140,140,0,309,763,0,2,609,714,661,-218,1,下位,0,209,206
77,77,0,339,889,0,0,0,749,815,-199,5,下位,0,0,0
103,103,0,95,205,0,0,0,77,941,618,7,下位,0,0,0
72,72,0,115,358,0,0,0,103,257,709,1,下位,0,0,0
600,309,132,199,708,0,0,0,72,410,1003,1,下位,0,0,0
291,95,66,199,708,0,1,309,72,410,1003,1,下位,0,309,66
196,196,0,199,708,0,2,404,72,410,1003,1,下位,0,95,66
114,114,0,280,849,0,0,0,600,760,928,2,下位,0,0,0
1046,780,66,274,859,0,0,0,114,901,1645,3,下位,0,0,0
266,266,0,274,859,0,1,780,114,901,1645,3,下位,0,780,66
1894,401,404,543,1724,1,0,0,0,0,1,0,下位,0,0,0
1493,640,338,543,1724,1,1,401,0,0,1,0,下位,0,401,66
853,215,272,543,1724,1,2,1041,0,0,1,0,下位,0,640,66
638,298,66,543,1724,1,3,1256,0,0,1,0,下位,0,215,206
340,340,0,543,1724,1,4,1554,0,0,1,0,下位,0,298,66
441,441,0,191,594,1,0,0,0,0,1,0,下位,0,0,0
214,90,66,211,503,0,0,0,441,646,-64,3,下位,0,0,0
124,124,0,211,503,0,1,90,441,646,-64,3,下位,0,90,66
249,249,0,236,794,0,0,0,214,555,212,2,下位,0,0,0
515,345,206,132,319,0,0,0,249,846,656,4,下位,0,0,0
170,170,0,132,319,0,1,345,249,846,656,4,下位,0,345,206
355,70,66,482,1524,0,0,0,515,371,403,3,下位,0,0,0
285,285,0,482,1524,0,1,70,515,371,403,3,下位,0,70,66
175,175,0,115,358,1,0,0,0,0,1,0,下位,0,0,0
190,190,0,276,670,0,0,0,175,410,129,1,下位,0,0,0
538,155,66,454,1285,0,0,0,190,722,545,3,下位,0,0,0
383,383,0,454,1285,0,1,155,190,722,545,3,下位,0,155,66
77,77,0,210,690,0,0,0,538,1337,1080,7,下位,0,0,0
61,61,0,90,28,0,0,0,77,742,1698,2,下位,0,0,0
171,171,0,803,3304,0,0,0,61,80,1680,1,下位,0,0,0
264,99,206,103,193,1,0,0,0,0,1,0,下位,0,0,0
165,165,0,103,193,1,1,99,0,0,1,0,下位,0,99,206
342,130,132,373,1145,0,0,0,264,245,26,1,下位,0,0,0
212,152,66,373,1145,0,1,130,264,245,26,1,下位,0,130,66
60,60,0,373,1145,0,2,282,264,245,26,1,下位,0,152,66
900,900,0,245,905,0,0,0,342,1197,803,6,下位,0,0,0
200,200,0,118,168,0,0,0,900,957,308,3,下位,0,0,0
76,76,0,75,53,0,0,0,200,220,205,1,下位,0,0,0
2267,336,478,216,728,0,0,0,76,105,187,1,下位,0,0,0
1931,320,412,216,728,0,1,336,76,105,187,1,下位,0,336,66
1611,900,206,216,728,0,2,656,76,105,187,1,下位,0,320,206
711,711,0,216,728,0,3,1556,76,105,187,1,下位,0,900,206
1439,348,478,474,1212,0,0,0,2267,780,-2212,5,下位,0,0,0
1091,348,412,474,1212,0,1,348,2267,780,-2212,5,下位,0,348,66
743,221,206,474,1212,0,2,696,2267,780,-2212,5,下位,0,348,206
522,522,0,474,1212,0,3,917,2267,780,-2212,5,下位,0,221,206
1380,80,272,307,987,1,0,0,0,0,1,0,下位,0,0,0
1300,400,206,307,987,1,1,80,0,0,1,0,下位,0,80,66
900,900,0,307,987,1,2,480,0,0,1,0,下位,0,400,206
550,201,198,175,659,1,0,0,0,0,1,0,下位,0,0,0
349,143,132,175,659,1,1,201,0,0,1,0,下位,0,201,66
206,60,66,175,659,1,2,344,0,0,1,0,下位,0,143,66
146,146,0,175,659,1,3,404,0,0,1,0,下位,0,60,66
153,105,66,747,2899,0,0,0,550,711,23,1,下位,0,0,0
48,48,0,747,2899,0,1,105,550,711,23,1,下位,0,105,66
100,100,0,511,1589,0,0,0,153,2951,469,6,下位,0,0,0
116,116,0,71,59,1,0,0,0,0,1,0,下位,0,0,0
511,111,206,228,748,1,0,0,0,0,1,0,下位,0,0,0
400,400,0,228,748,1,1,111,0,0,1,0,下位,0,111,206
1070,99,478,310,751,1,0,0,0,0,1,0,下位,0,0,0
971,398,272,310,751,1,1,99,0,0,1,0,下位,0,99,206
573,67,206,310,751,1,2,497,0,0,1,0,下位,0,398,66
506,506,0,310,751,1,3,564,0,0,1,0,下位,0,67,206
76,76,0,493,998,0,0,0,1070,803,-444,7,下位,0,0,0
176,176,0,84,38,0,0,0,76,1050,483,9,下位,0,0,0
512,512,0,146,308,0,0,0,176,90,289,1,下位,0,0,0
1498,135,816,87,218,0,0,0,512,360,-177,1,下位,0,0,0
1363,259,750,87,218,0,1,135,512,360,-177,1,下位,0,135,66
1104,422,684,87,218,0,2,394,512,360,-177,1,下位,0,259,66
682,86,478,87,218,0,3,816,512,360,-177,1,下位,0,422,206
596,402,272,87,218,0,4,902,512,360,-177,1,下位,0,86,206
194,84,66,87,218,0,5,1304,512,360,-177,1,下位,0,402,206
110,110,0,87,218,0,6,1388,512,360,-177,1,下位,0,84,66
989,392,206,376,1178,0,0,0,1498,270,-1507,1,下位,0,0,0
597,597,0,376,1178,0,1,392,1498,270,-1507,1,下位,0,392,206
105,105,0,94,207,0,0,0,989,1230,-1666,4,下位,0,0,0
244,112,412,207,383,1,0,0,0,0,1,0,下位,0,0,0
132,41,206,207,383,1,1,112,0,0,1,0,下位,0,112,206
91,91,0,207,383,1,2,153,0,0,1,0,下位,0,41,206
1069,161,412,639,2201,1,0,0,0,0,1,0,下位,0,0,0
908,324,206,639,2201,1,1,161,0,0,1,0,下位,0,161,206
584,584,0,639,2201,1,2,485,0,0,1,0,下位,0,324,206
100,100,0,196,587,0,0,0,1069,2253,941,10,下位,0,0,0
706,85,272,118,168,0,0,0,100,639,1419,3,下位,0,0,0
621,419,66,118,168,0,1,85,100,639,1419,3,下位,0,85,206
202,202,0,118,168,0,2,504,100,639,1419,3,下位,0,419,66
836,597,66,233,555,0,0,0,706,220,772,1,下位,0,0,0
239,239,0,233,555,0,1,597,706,220,772,1,下位,0,597,66
678,281,272,143,215,0,0,0,836,607,97,3,下位,0,0,0
397,305,206,143,215,0,1,281,836,607,97,3,下位,0,281,66
92,92,0,143,215,0,2,586,836,607,97,3,下位,0,305,206
61,61,0,405,955,0,0,0,678,267,-457,2,下位,0,0,0
81,81,0,389,1244,0,0,0,61,1007,452,9,下位,0,0,0
152,152,0,79,46,0,0,0,81,1296,1617,5,下位,0,0,0
127,127,0,107,186,0,0,0,152,98,1470,1,下位,0,0,0
446,336,206,132,331,0,0,0,127,238,1503,1,下位,0,0,0
110,110,0,132,331,0,1,336,127,238,1503,1,下位,0,336,206
73,73,0,349,1446,0,0,0,446,383,1373,1,下位,0,0,0
603,201,66,175,659,1,0,0,0,0,1,0,下位,0,0,0
402,402,0,175,659,1,1,201,0,0,1,0,下位,0,201,66
902,902,0,194,715,0,0,0,603,711,-194,1,下位,0,0,0
365,69,272,503,1807,0,0,0,902,767,-882,2,下位,0,0,0
296,140,66,503,1807,0,1,69,902,767,-882,2,下位,0,69,206
156,156,0,503,1807,0,2,209,902,767,-882,2,下位,0,140,66
259,201,66,75,53,1,0,0,0,0,1,0,下位,0,0,0
58,58,0,75,53,1,1,201,0,0,1,0,下位,0,201,66
566,140,412,71,59,1,0,0,0,0,1,0,下位,0,0,0
426,224,206,71,59,1,1,140,0,0,1,0,下位,0,140,206
202,202,0,71,59,1,2,364,0,0,1,0,下位,0,224,206
83,83,0,140,318,0,0,0,566,111,-389,1,下位,0,0,0
2332,796,1015,1274,5251,0,0,0,83,370,-153,1,下位,0,0,0
1536,270,949,1274,5251,0,1,796,83,370,-153,1,下位,0,796,66
1266,255,883,1274,5251,0,2,1066,83,370,-153,1,下位,0,270,66
1011,70,677,1274,5251,0,3,1321,83,370,-153,1,下位,0,255,206
941,73,611,1274,5251,0,4,1391,83,370,-153,1,下位,0,70,66
868,40,544,1274,5251,0,5,1464,83,370,-153,1,下位,0,73,67
828,219,338,1274,5251,0,6,1504,83,370,-153,1,下位,0,40,206
609,87,272,1274,5251,0,7,1723,83,370,-153,1,下位,0,219,66
522,381,206,1274,5251,0,8,1810,83,370,-153,1,下位,0,87,66
141,141,0,1274,5251,0,9,2191,83,370,-153,1,下位,0,381,206
859,232,132,287,1070,1,0,0,0,0,1,0,下位,0,0,0
627,504,66,287,1070,1,1,232,0,0,1,0,下位,0,232,66
123,123,0,287,1070,1,2,736,0,0,1,0,下位,0,504,66
350,154,66,109,183,0,0,0,859,1122,-130,6,下位,0,0,0
196,196,0,109,183,0,1,154,859,1122,-130,6,下位,0,154,66
447,401,66,206,609,1,0,0,0,0,1,0,下位,0,0,0
46,46,0,206,609,1,1,401,0,0,1,0,下位,0,401,66
1218,318,206,508,2092,1,0,0,0,0,1,0,下位,0,0,0
900,900,0,508,2092,1,1,318,0,0,1,0,下位,0,318,206
522,103,66,100,197,1,0,0,0,0,1,0,下位,0,0,0
419,419,0,100,197,1,1,103,0,0,1,0,下位,0,103,66
97,97,0,885,3166,0,0,0,522,249,-526,1,下位,0,0,0
401,401,0,351,1005,1,0,0,0,0,1,0,下位,0,0,0
600,477,206,110,181,0,0,0,401,1057,411,4,下位,0,0,0
123,123,0,110,181,0,1,477,401,1057,411,4,下位,0,477,206
627,627,0,219,860,0,0,0,600,233,-117,1,下位,0,0,0
569,105,272,70,61,1,0,0,0,0,1,0,下位,0,0,0
464,346,206,70,61,1,1,105,0,0,1,0,下位,0,105,66
118,118,0,70,61,1,2,451,0,0,1,0,下位,0,346,206
865,21,478,241,541,1,0,0,0,0,1,0,下位,0,0,0
844,251,412,241,541,1,1,21,0,0,1,0,下位,0,21,66
593,520,206,241,541,1,2,272,0,0,1,0,下位,0,251,206
73,73,0,241,541,1,3,792,0,0,1,0,下位,0,520,206
514,29,66,391,1302,1,0,0,0,0,1,0,下位,0,0,0
485,485,0,391,1302,1,1,29,0,0,1,0,下位,0,29,66
200,200,0,104,278,0,0,0,514,1354,592,6,下位,0,0,0
363,249,206,118,168,0,0,0,200,330,599,2,下位,0,0,0
114,114,0,118,168,0,1,249,200,330,599,2,下位,0,249,206
394,394,0,98,201,1,0,0,0,0,1,0,下位,0,0,0
339,84,66,223,570,1,0,0,0,0,1,0,下位,0,0,0
255,255,0,223,570,1,1,84,0,0,1,0,下位,0,84,66
708,229,66,308,880,0,0,0,339,622,143,3,下位,0,0,0
479,479,0,308,880,0,1,229,339,622,143,3,下位,0,229,66
563,411,66,415,1172,0,0,0,708,932,-1,6,下位,0,0,0
152,152,0,415,1172,0,1,411,708,932,-1,6,下位,0,411,66
100,100,0,227,722,0,0,0,563,1224,381,5,下位,0,0,0
1721,813,478,386,1163,0,0,0,100,774,994,3,下位,0,0,0
908,124,412,386,1163,0,1,813,100,774,994,3,下位,0,813,66
784,190,206,386,1163,0,2,937,100,774,994,3,下位,0,124,206
594,594,0,386,1163,0,3,1127,100,774,994,3,下位,0,190,206
521,35,272,218,862,1,0,0,0,0,1,0,下位,0,0,0
486,257,206,218,862,1,1,35,0,0,1,0,下位,0,35,66
229,229,0,218,862,1,2,292,0,0,1,0,下位,0,257,206
546,249,272,276,842,0,0,0,521,914,347,2,下位,0,0,0
297,115,206,276,842,0,1,249,521,914,347,2,下位,0,249,66
182,182,0,276,842,0,2,364,521,914,347,2,下位,0,115,206
491,164,198,1042,3811,0,0,0,546,894,632,3,下位,0,0,0
327,58,132,1042,3811,0,1,164,546,894,632,3,下位,0,164,66
269,215,66,1042,3811,0,2,222,546,894,632,3,下位,0,58,66
54,54,0,1042,3811,0,3,437,546,894,632,3,下位,0,215,66
80,80,0,389,1343,0,0,0,491,3863,1250,11,下位,0,0,0
1456,273,478,590,2087,1,0,0,0,0,1,0,下位,0,0,0
1183,92,412,590,2087,1,1,273,0,0,1,0,下位,0,273,66
1091,231,206,590,2087,1,2,365,0,0,1,0,下位,0,92,206
860,860,0,590,2087,1,3,596,0,0,1,0,下位,0,231,206
262,262,0,201,394,1,0,0,0,0,1,0,下位,0,0,0
42,42,0,115,358,1,0,0,0,0,1,0,下位,0,0,0
400,400,0,123,345,0,0,0,42,410,343,1,下位,0,0,0
72,72,0,535,1814,0,0,0,400,397,95,1,下位,0,0,0
155,27,206,130,421,1,0,0,0,0,1,0,下位,0,0,0
128,128,0,130,421,1,1,27,0,0,1,0,下位,0,27,206
332,57,132,333,719,0,0,0,155,473,430,2,下位,0,0,0
275,68,66,333,719,0,1,57,155,473,430,2,下位,0,57,66
207,207,0,333,719,0,2,125,155,473,430,2,下位,0,68,66
246,246,0,112,178,1,0,0,0,0,1,0,下位,0,0,0
177,177,0,371,1186,1,0,0,0,0,1,0,下位,0,0,0
200,200,0,1160,4258,0,0,0,177,1238,954,4,下位,0,0,0
228,228,0,106,188,0,0,0,200,4310,2257,14,下位,0,0,0
767,415,66,335,1342,0,0,0,228,240,2129,1,下位,0,0,0
352,352,0,335,1342,0,1,415,228,240,2129,1,下位,0,415,66
775,234,66,115,358,0,0,0,767,1394,2352,3,下位,0,0,0
541,541,0,115,358,0,1,234,767,1394,2352,3,下位,0,234,66
558,104,272,120,350,1,0,0,0,0,1,0,下位,0,0,0
454,309,206,120,350,1,1,104,0,0,1,0,下位,0,104,66
145,145,0,120,350,1,2,413,0,0,1,0,下位,0,309,206
368,76,206,329,843,0,0,0,558,402,-225,1,下位,0,0,0
292,292,0,329,843,0,1,76,558,402,-225,1,下位,0,76,206
406,35,132,341,1236,1,0,0,0,0,1,0,下位,0,0,0
371,333,66,341,1236,1,1,35,0,0,1,0,下位,0,35,66
38,38,0,341,1236,1,2,368,0,0,1,0,下位,0,333,66
200,200,0,313,882,0,0,0,406,1288,767,4,下位,0,0,0
856,142,132,371,934,0,0,0,200,934,1378,4,下位,0,0,0
714,483,66,371,934,0,1,142,200,934,1378,4,下位,0,142,66
231,231,0,371,934,0,2,625,200,934,1378,4,下位,0,483,66
513,72,198,482,1611,0,0,0,856,986,1115,6,下位,0,0,0
441,154,132,482,1611,0,1,72,856,986,1115,6,下位,0,72,66
287,189,66,482,1611,0,2,226,856,986,1115,6,下位,0,154,66
98,98,0,482,1611,0,3,415,856,986,1115,6,下位,0,189,66
1095,234,206,206,696,0,0,0,513,1663,2149,7,下位,0,0,0
861,861,0,206,696,0,1,234,513,1663,2149,7,下位,0,234,206
307,41,206,377,1052,1,0,0,0,0,1,0,下位,0,0,0
266,266,0,377,1052,1,1,41,0,0,1,0,下位,0,41,206
1042,116,404,97,202,0,0,0,307,1104,816,5,下位,0,0,0
926,114,198,97,202,0,1,116,307,1104,816,5,下位,0,116,206
812,379,132,97,202,0,2,230,307,1104,816,5,下位,0,114,66
433,187,66,97,202,0,3,609,307,1104,816,5,下位,0,379,66
246,246,0,97,202,0,4,796,307,1104,816,5,下位,0,187,66
886,227,478,64,70,1,0,0,0,0,1,0,下位,0,0,0
659,321,272,64,70,1,1,227,0,0,1,0,下位,0,227,206
338,270,66,64,70,1,2,548,0,0,1,0,下位,0,321,206
68,68,0,64,70,1,3,818,0,0,1,0,下位,0,270,66
510,65,66,196,712,0,0,0,886,122,-828,1,下位,0,0,0
445,445,0,196,712,0,1,65,886,122,-828,1,下位,0,65,66
640,531,206,90,28,0,0,0,510,764,-821,2,下位,0,0,0
109,109,0,90,28,0,1,531,510,764,-821,2,下位,0,531,206
900,900,0,88,217,0,0,0,640,80,-1567,1,下位,0,0,0
501,501,0,88,32,0,0,0,900,269,-2750,1,下位,0,0,0
1294,245,338,748,2511,0,0,0,501,84,-3474,1,下位,0,0,0
1049,900,272,748,2511,0,1,245,501,84,-3474,1,下位,0,245,66
149,73,66,748,2511,0,2,1145,501,84,-3474,1,下位,0,900,206
76,76,0,748,2511,0,3,1218,501,84,-3474,1,下位,0,73,66
1128,359,478,365,1256,0,0,0,1294,2563,-2661,11,下位,0,0,0
769,108,272,365,1256,0,1,359,1294,2563,-2661,11,下位,0,359,206
661,175,66,365,1256,0,2,467,1294,2563,-2661,11,下位,0,108,206
486,486,0,365,1256,0,3,642,1294,2563,-2661,11,下位,0,175,66
430,430,0,242,725,0,0,0,1128,1308,-2694,5,下位,0,0,0
200,200,0,130,334,0,0,0,430,777,-2611,3,下位,0,0,0
2219,327,956,305,1120,1,0,0,0,0,1,0,下位,0,0,0
1892,84,750,305,1120,1,1,327,0,0,1,0,下位,0,327,206
1808,193,544,305,1120,1,2,411,0,0,1,0,下位,0,84,206
1615,901,338,305,1120,1,3,604,0,0,1,0,下位,0,193,206
714,299,132,305,1120,1,4,1505,0,0,1,0,下位,0,901,206
415,214,66,305,1120,1,5,1804,0,0,1,0,下位,0,299,66
201,201,0,305,1120,1,6,2018,0,0,1,0,下位,0,214,66
1082,145,478,203,516,1,0,0,0,0,1,0,下位,0,0,0
937,212,272,203,516,1,1,145,0,0,1,0,下位,0,145,206
725,125,66,203,516,1,2,357,0,0,1,0,下位,0,212,206
600,600,0,203,516,1,3,482,0,0,1,0,下位,0,125,66
478,156,618,128,239,1,0,0,0,0,1,0,下位,0,0,0
322,162,412,128,239,1,1,156,0,0,1,0,下位,0,156,206
160,67,206,128,239,1,2,318,0,0,1,0,下位,0,162,206
93,93,0,128,239,1,3,385,0,0,1,0,下位,0,67,206
381,381,0,276,915,0,0,0,478,291,139,2,下位,0,0,0
200,200,0,332,726,0,0,0,381,967,491,4,下位,0,0,0
300,300,0,122,347,0,0,0,200,778,946,5,下位,0,0,0
242,110,206,176,521,0,0,0,300,399,861,1,下位,0,0,0
132,132,0,176,521,0,1,110,300,399,861,1,下位,0,110,206
404,317,206,115,358,0,0,0,242,573,1250,4,下位,0,0,0
87,87,0,115,358,0,1,317,242,573,1250,4,下位,0,317,206
658,474,66,157,562,0,0,0,404,410,1215,1,下位,0,0,0
184,184,0,157,562,0,1,474,404,410,1215,1,下位,0,474,66
88,88,0,116,259,1,0,0,0,0,1,0,下位,0,0,0
905,235,412,169,544,0,0,0,88,311,170,2,下位,0,0,0
670,350,206,169,544,0,1,235,88,311,170,2,下位,0,235,206
320,320,0,169,544,0,2,585,88,311,170,2,下位,0,350,206
872,77,272,236,794,0,0,0,905,596,-282,2,下位,0,0,0
795,461,206,236,794,0,1,77,905,596,-282,2,下位,0,77,66
334,334,0,236,794,0,2,538,905,596,-282,2,下位,0,461,206
179,179,0,315,878,0,0,0,872,846,-571,4,下位,0,0,0
1013,324,338,215,583,0,0,0,179,930,70,4,下位,0,0,0
689,323,272,215,583,0,1,324,179,930,70,4,下位,0,324,66
366,284,66,215,583,0,2,647,179,930,70,4,下位,0,323,206
82,82,0,215,583,0,3,931,179,930,70,4,下位,0,284,66
112,112,0,245,595,0,0,0,1013,635,-591,3,下位,0,0,0
100,100,0,115,173,0,0,0,112,647,-125,4,下位,0,0,0
387,387,0,183,607,0,0,0,100,225,-61,1,下位,0,0,0
301,301,0,242,414,0,0,0,387,659,-26,3,下位,0,0,0
1112,437,272,190,509,1,0,0,0,0,1,0,下位,0,0,0
675,494,66,190,509,1,1,437,0,0,1,0,下位,0,437,206
181,181,0,190,509,1,2,931,0,0,1,0,下位,0,494,66
711,484,206,105,189,1,0,0,0,0,1,0,下位,0,0,0
227,227,0,105,189,1,1,484,0,0,1,0,下位,0,484,206
1106,99,264,90,28,0,0,0,711,241,-699,1,下位,0,0,0
1007,264,198,90,28,0,1,99,711,241,-699,1,下位,0,99,66
743,562,132,90,28,0,2,363,711,241,-699,1,下位,0,264,66
181,111,66,90,28,0,3,925,711,241,-699,1,下位,0,562,66
70,70,0,90,28,0,4,1036,711,241,-699,1,下位,0,111,66
1150,157,272,144,213,0,0,0,1106,80,-2139,1,下位,0,0,0
993,91,206,144,213,0,1,157,1106,80,-2139,1,下位,0,157,66
902,902,0,144,213,0,2,248,1106,80,-2139,1,下位,0,91,206
1431,201,198,220,673,1,0,0,0,0,1,0,下位,0,0,0
1230,494,132,220,673,1,1,201,0,0,1,0,下位,0,201,66
736,289,66,220,673,1,2,695,0,0,1,0,下位,0,494,66
447,447,0,220,673,1,3,984,0,0,1,0,下位,0,289,66
1489,403,328,826,2452,1,0,0,0,0,1,0,下位,0,0,0
1086,148,262,826,2452,1,1,403,0,0,1,0,下位,0,403,66
938,548,66,826,2452,1,2,551,0,0,1,0,下位,0,148,196
390,390,0,826,2452,1,3,1099,0,0,1,0,下位,0,548,66
100,100,0,180,540,0,0,0,1489,2504,431,13,下位,0,0,0
512,400,203,251,856,0,0,0,100,592,862,2,下位,0,0,0
112,112,0,251,856,0,1,400,100,592,862,2,下位,0,400,203
801,112,524,92,25,0,0,0,512,908,1147,3,下位,0,0,0
689,114,328,92,25,0,1,112,512,908,1147,3,下位,0,112,196
575,277,132,92,25,0,2,226,512,908,1147,3,下位,0,114,196
298,245,66,92,25,0,3,503,512,908,1147,3,下位,0,277,66
53,53,0,92,25,0,4,748,512,908,1147,3,下位,0,245,66
741,110,264,455,1195,0,0,0,801,77,456,1,下位,0,0,0
631,58,198,455,1195,0,1,110,801,77,456,1,下位,0,110,66
573,181,132,455,1195,0,2,168,801,77,456,1,下位,0,58,66
392,144,66,455,1195,0,3,349,801,77,456,1,下位,0,181,66
248,248,0,455,1195,0,4,493,801,77,456,1,下位,0,144,66
52,52,0,216,653,0,0,0,741,1247,772,6,下位,0,0,0
842,79,132,87,218,1,0,0,0,0,1,0,下位,0,0,0
763,564,66,87,218,1,1,79,0,0,1,0,下位,0,79,66
199,199,0,87,218,1,2,643,0,0,1,0,下位,0,564,66
900,900,0,199,708,0,0,0,842,270,-955,1,下位,0,0,0
200,200,0,507,1521,0,0,0,900,760,-1647,2,下位,0,0,0
109,109,0,92,210,0,0,0,200,1573,-397,11,下位,0,0,0
976,81,405,115,358,0,0,0,109,262,-311,1,下位,0,0,0
895,84,338,115,358,0,1,81,109,262,-311,1,下位,0,81,67
811,273,132,115,358,0,2,165,109,262,-311,1,下位,0,84,206
538,371,66,115,358,0,3,438,109,262,-311,1,下位,0,273,66
167,167,0,115,358,0,4,809,109,262,-311,1,下位,0,371,66
618,52,272,576,2099,0,0,0,976,410,-1069,1,下位,0,0,0
566,354,206,576,2099,0,1,52,976,410,-1069,1,下位,0,52,66
212,212,0,576,2099,0,2,406,976,410,-1069,1,下位,0,354,206
1091,93,198,352,1325,1,0,0,0,0,1,0,下位,0,0,0
998,78,132,352,1325,1,1,93,0,0,1,0,下位,0,93,66
920,451,66,352,1325,1,2,171,0,0,1,0,下位,0,78,66
469,469,0,352,1325,1,3,622,0,0,1,0,下位,0,451,66
373,82,206,255,579,1,0,0,0,0,1,0,下位,0,0,0
291,291,0,255,579,1,1,82,0,0,1,0,下位,0,82,206
3306,108,1219,579,2104,0,0,0,373,631,237,4,下位,0,0,0
3198,900,1013,579,2104,0,1,108,373,631,237,4,下位,0,108,206
2298,307,807,579,2104,0,2,1008,373,631,237,4,下位,0,900,206
1991,248,741,579,2104,0,3,1315,373,631,237,4,下位,0,307,66
1743,125,684,579,2104,0,4,1563,373,631,237,4,下位,0,248,57
1618,901,478,579,2104,0,5,1688,373,631,237,4,下位,0,125,206
717,222,272,579,2104,0,6,2589,373,631,237,4,下位,0,901,206
495,251,206,579,2104,0,7,2811,373,631,237,4,下位,0,222,66
244,244,0,579,2104,0,8,3062,373,631,237,4,下位,0,251,206
385,385,0,116,172,1,0,0,0,0,1,0,下位,0,0,0
322,269,206,343,1292,0,0,0,385,224,-396,1,下位,0,0,0
53,53,0,343,1292,0,1,269,385,224,-396,1,下位,0,269,206
875,875,0,238,645,0,0,0,322,1344,635,5,下位,0,0,0
651,400,66,147,519,0,0,0,875,697,-79,2,下位,0,0,0
251,251,0,147,519,0,1,400,875,697,-79,2,下位,0,400,66
795,373,66,437,1412,0,0,0,651,571,-492,1,下位,0,0,0
422,422,0,437,1412,0,1,373,651,571,-492,1,下位,0,373,66
307,307,0,511,1438,0,0,0,795,1464,-245,6,下位,0,0,0
117,117,0,217,552,1,0,0,0,0,1,0,下位,0,0,0
92,92,0,222,631,0,0,0,117,604,416,3,下位,0,0,0
200,200,0,116,357,0,0,0,92,683,951,4,下位,0,0,0
432,118,272,148,518,0,0,0,200,409,1037,1,下位,0,0,0
314,115,66,148,518,0,1,118,200,409,1037,1,下位,0,118,206
199,199,0,148,518,0,2,233,200,409,1037,1,下位,0,115,66
200,200,0,237,422,0,0,0,432,570,1183,1,下位,0,0,0
75,75,0,820,2515,0,0,0,200,474,1334,4,下位,0,0,0
200,200,0,138,409,0,0,0,75,2567,1407,15,下位,0,0,0
177,85,206,860,2814,0,0,0,200,461,1545,2,下位,0,0,0
92,92,0,860,2814,0,1,85,200,461,1545,2,下位,0,85,206
254,218,66,90,115,0,0,0,177,2866,1712,12,下位,0,0,0
36,36,0,90,115,0,1,218,177,2866,1712,12,下位,0,218,66
900,900,0,246,632,0,0,0,254,167,1535,2,下位,0,0,0
1443,543,66,258,895,0,0,0,900,684,767,2,下位,0,0,0
900,900,0,258,895,0,1,543,900,684,767,2,下位,0,543,66
91,91,0,195,529,0,0,0,1443,947,-548,3,下位,0,0,0
129,129,0,275,1129,1,0,0,0,0,1,0,下位,0,0,0
1155,543,750,393,1608,0,0,0,129,1181,974,4,下位,0,0,0
612,70,684,393,1608,0,1,543,129,1181,974,4,下位,0,543,66
542,68,478,393,1608,0,2,613,129,1181,974,4,下位,0,70,206
474,233,272,393,1608,0,3,681,129,1181,974,4,下位,0,68,206
241,107,206,393,1608,0,4,914,129,1181,974,4,下位,0,233,66
134,134,0,393,1608,0,5,1021,129,1181,974,4,下位,0,107,206
201,201,0,1537,5981,0,0,0,1155,1660,1520,5,下位,0,0,0
514,258,206,157,503,0,0,0,201,6033,247,21,下位,0,0,0
256,256,0,157,503,0,1,258,201,6033,247,21,下位,0,258,206
163,163,0,231,246,0,0,0,514,555,179,1,下位,0,0,0
469,469,0,403,1407,0,0,0,163,298,214,4,下位,0,0,0
620,620,0,1273,4172,0,0,0,469,1459,917,5,下位,0,0,0
301,301,0,230,335,1,0,0,0,0,1,0,下位,0,0,0
1104,129,198,381,958,0,0,0,301,387,-97,5,下位,0,0,0
975,147,132,381,958,0,1,129,301,387,-97,5,下位,0,129,66
828,475,66,381,958,0,2,276,301,387,-97,5,下位,0,147,66
353,353,0,381,958,0,3,751,301,387,-97,5,下位,0,475,66
1623,742,272,286,887,0,0,0,1104,1010,-669,4,下位,0,0,0
881,293,206,286,887,0,1,742,1104,1010,-669,4,下位,0,742,66
588,588,0,286,887,0,2,1035,1104,1010,-669,4,下位,0,293,206
1307,255,272,238,830,0,0,0,1623,939,-2076,6,下位,0,0,0
1052,152,206,238,830,0,1,255,1623,939,-2076,6,下位,0,255,66
900,900,0,238,830,0,2,407,1623,939,-2076,6,下位,0,152,206
200,200,0,613,2245,0,0,0,1307,882,-3030,2,下位,0,0,0
107,107,0,90,28,0,0,0,200,2297,-1056,10,下位,0,0,0
398,70,206,175,659,1,0,0,0,0,1,0,下位,0,0,0
328,328,0,175,659,1,1,70,0,0,1,0,下位,0,70,206
779,457,272,354,903,0,0,0,398,711,276,1,下位,0,0,0
322,114,206,354,903,0,1,457,398,711,276,1,下位,0,457,66
208,208,0,354,903,0,2,571,398,711,276,1,下位,0,114,206
2342,146,1022,297,1219,1,0,0,0,0,1,0,下位,0,0,0
2196,62,816,297,1219,1,1,146,0,0,1,0,下位,0,146,206
2134,233,750,297,1219,1,2,208,0,0,1,0,下位,0,62,66
1901,356,544,297,1219,1,3,441,0,0,1,0,下位,0,233,206
1545,356,338,297,1219,1,4,797,0,0,1,0,下位,0,356,206
1189,271,272,297,1219,1,5,1153,0,0,1,0,下位,0,356,66
918,235,206,297,1219,1,6,1424,0,0,1,0,下位,0,271,66
683,683,0,297,1219,1,7,1659,0,0,1,0,下位,0,235,206
551,107,66,87,218,1,0,0,0,0,1,0,下位,0,0,0
444,444,0,87,218,1,1,107,0,0,1,0,下位,0,107,66
1667,199,478,443,1401,1,0,0,0,0,1,0,下位,0,0,0
1468,233,272,443,1401,1,1,199,0,0,1,0,下位,0,199,206
1235,335,206,443,1401,1,2,432,0,0,1,0,下位,0,233,66
900,900,0,443,1401,1,3,767,0,0,1,0,下位,0,335,206
875,424,66,583,2019,1,0,0,0,0,1,0,下位,0,0,0
451,451,0,583,2019,1,1,424,0,0,1,0,下位,0,424,66
118,57,66,2009,6981,1,0,0,0,0,1,0,下位,0,0,0
61,61,0,2009,6981,1,1,57,0,0,1,0,下位,0,57,66
922,60,66,73,56,0,0,0,118,7033,2355,24,下位,0,0,0
862,862,0,73,56,0,1,60,118,7033,2355,24,下位,0,60,66
314,109,197,115,358,1,0,0,0,0,1,0,下位,0,0,0
205,205,0,115,358,1,1,109,0,0,1,0,下位,0,109,197
96,96,0,98,201,0,0,0,314,410,101,1,下位,0,0,0
435,435,0,441,1520,0,0,0,96,253,199,1,下位,0,0,0
250,127,66,256,750,0,0,0,435,1572,1069,7,下位,0,0,0
123,123,0,256,750,0,1,127,435,1572,1069,7,下位,0,127,66
200,200,0,196,587,0,0,0,250,802,1534,4,下位,0,0,0
171,32,66,98,201,1,0,0,0,0,1,0,下位,0,0,0
139,139,0,98,201,1,1,32,0,0,1,0,下位,0,32,66
826,764,66,244,536,0,0,0,171,253,44,1,下位,0,0,0
62,62,0,244,536,0,1,764,171,253,44,1,下位,0,764,66
144,144,0,202,703,0,0,0,826,588,-634,3,下位,0,0,0
1210,407,272,115,358,1,0,0,0,0,1,0,下位,0,0,0
803,118,66,115,358,1,1,407,0,0,1,0,下位,0,407,206
685,685,0,115,358,1,2,525,0,0,1,0,下位,0,118,66
900,900,0,115,358,0,0,0,1210,410,-1268,1,下位,0,0,0
1054,215,206,272,540,1,0,0,0,0,1,0,下位,0,0,0
839,839,0,272,540,1,1,215,0,0,1,0,下位,0,215,206
1112,186,198,353,1128,1,0,0,0,0,1,0,下位,0,0,0
926,106,132,353,1128,1,1,186,0,0,1,0,下位,0,186,66
820,716,66,353,1128,1,2,292,0,0,1,0,下位,0,106,66
104,104,0,353,1128,1,3,1008,0,0,1,0,下位,0,716,66
181,181,0,263,750,0,0,0,1112,1180,-415,3,下位,0,0,0
200,200,0,100,197,0,0,0,181,802,95,4,下位,0,0,0
478,187,66,145,397,0,0,0,200,249,21,1,下位,0,0,0
291,291,0,145,397,0,1,187,200,249,21,1,下位,0,187,66
575,62,66,301,1213,0,0,0,478,449,-235,2,下位,0,0,0
513,513,0,301,1213,0,1,62,478,449,-235,2,下位,0,62,66
422,242,66,452,1201,1,0,0,0,0,1,0,下位,0,0,0
180,180,0,452,1201,1,1,242,0,0,1,0,下位,0,242,66
422,126,272,65,69,0,0,0,422,1253,640,6,下位,0,0,0
296,76,206,65,69,0,1,126,422,1253,640,6,下位,0,126,66
220,220,0,65,69,0,2,202,422,1253,640,6,下位,0,76,206
607,68,66,1506,4845,1,0,0,0,0,1,0,下位,0,0,0
539,539,0,1506,4845,1,1,68,0,0,1,0,下位,0,68,66
99,99,0,487,1544,0,0,0,607,4897,1724,23,下位,0,0,0
420,107,206,174,350,0,0,0,99,1596,833,6,下位,0,0,0
313,313,0,174,350,0,1,107,99,1596,833,6,下位,0,107,206
184,184,0,114,77,0,0,0,420,402,763,2,下位,0,0,0
427,136,206,371,837,0,0,0,184,129,595,2,下位,0,0,0
291,291,0,371,837,0,1,136,184,129,595,2,下位,0,136,206
1357,783,66,509,1157,0,0,0,427,889,1002,7,下位,0,0,0
574,574,0,509,1157,0,1,783,427,889,1002,7,下位,0,783,66
200,200,0,444,1439,1,0,0,0,0,1,0,下位,0,0,0
889,68,412,114,175,0,0,0,200,1491,1169,6,下位,0,0,0
821,756,206,114,175,0,1,68,200,1491,1169,6,下位,0,68,206
65,65,0,114,175,0,2,824,200,1491,1169,6,下位,0,756,206
128,128,0,479,1332,0,0,0,889,227,374,1,下位,0,0,0
413,229,206,90,28,1,0,0,0,0,1,0,下位,0,0,0
184,184,0,90,28,1,1,229,0,0,1,0,下位,0,229,206
494,223,274,186,330,0,0,0,413,80,-379,1,下位,0,0,0
271,87,66,186,330,0,1,223,413,80,-379,1,下位,0,223,208
184,184,0,186,330,0,2,310,413,80,-379,1,下位,0,87,66
624,171,66,168,545,0,0,0,494,382,-520,2,下位,0,0,0
453,453,0,168,545,0,1,171,494,382,-520,2,下位,0,171,66
674,628,66,273,1031,0,0,0,624,597,-864,2,下位,0,0,0
46,46,0,273,1031,0,1,628,624,597,-864,2,下位,0,628,66
400,400,0,115,358,0,0,0,674,1083,-802,5,下位,0,0,0
162,162,0,177,342,0,0,0,400,410,-1037,1,下位,0,0,0
1041,73,478,86,35,0,0,0,162,394,-904,2,下位,0,0,0
968,554,412,86,35,0,1,73,162,394,-904,2,下位,0,73,66
414,139,206,86,35,0,2,627,162,394,-904,2,下位,0,554,206
275,275,0,86,35,0,3,766,162,394,-904,2,下位,0,139,206
200,200,0,412,1418,0,0,0,1041,87,-2019,1,下位,0,0,0
429,429,0,254,714,0,0,0,200,1470,-872,3,下位,0,0,0
200,200,0,257,801,0,0,0,429,766,-798,3,下位,0,0,0
513,30,272,136,226,1,0,0,0,0,1,0,下位,0,0,0
483,232,66,136,226,1,1,30,0,0,1,0,下位,0,30,206
251,251,0,136,226,1,2,262,0,0,1,0,下位,0,232,66
452,172,206,118,168,0,0,0,513,278,-276,2,下位,0,0,0
280,280,0,118,168,0,1,172,513,278,-276,2,下位,0,172,206
81,81,0,287,826,1,0,0,0,0,1,0,下位,0,0,0
121,121,0,223,358,0,0,0,81,878,748,5,下位,0,0,0
2150,630,684,511,1776,0,0,0,121,410,963,3,下位,0,0,0
1520,763,478,511,1776,0,1,630,121,410,963,3,下位,0,630,206
757,486,412,511,1776,0,2,1393,121,410,963,3,下位,0,763,66
271,201,206,511,1776,0,3,1879,121,410,963,3,下位,0,486,206
70,70,0,511,1776,0,4,2080,121,410,963,3,下位,0,201,206
560,175,272,261,967,0,0,0,2150,1828,7,7,下位,0,0,0
385,177,66,261,967,0,1,175,2150,1828,7,7,下位,0,175,206
208,208,0,261,967,0,2,352,2150,1828,7,7,下位,0,177,66
461,461,0,111,338,1,0,0,0,0,1,0,下位,0,0,0
641,268,132,145,509,0,0,0,461,390,-353,1,下位,0,0,0
373,265,66,145,509,0,1,268,461,390,-353,1,下位,0,268,66
108,108,0,145,509,0,2,533,461,390,-353,1,下位,0,265,66
78,78,0,341,939,0,0,0,641,561,-693,1,下位,0,0,0
158,91,66,253,906,0,0,0,78,991,172,8,下位,0,0,0
67,67,0,253,906,0,1,91,78,991,172,8,下位,0,91,66
184,184,0,218,782,0,0,0,158,958,941,4,下位,0,0,0
200,200,0,159,358,0,0,0,184,834,1478,6,下位,0,0,0
1082,231,458,251,684,0,0,0,200,410,1565,2,下位,0,0,0
851,68,392,251,684,0,1,231,200,410,1565,2,下位,0,231,66
783,69,196,251,684,0,2,299,200,410,1565,2,下位,0,68,196
714,714,0,251,684,0,3,368,200,410,1565,2,下位,0,69,196
200,200,0,90,28,0,0,0,1082,736,1013,3,下位,0,0,0
1605,364,399,307,1097,1,0,0,0,0,1,0,下位,0,0,0
1241,580,196,307,1097,1,1,364,0,0,1,0,下位,0,364,203
661,661,0,307,1097,1,2,944,0,0,1,0,下位,0,580,196
1155,255,203,171,639,0,0,0,1605,1149,-1039,2,下位,0,0,0
900,900,0,171,639,0,1,255,1605,1149,-1039,2,下位,0,255,203
630,108,262,737,2024,1,0,0,0,0,1,0,下位,0,0,0
522,400,196,737,2024,1,1,108,0,0,1,0,下位,0,108,66
122,122,0,737,2024,1,2,508,0,0,1,0,下位,0,400,196
100,100,0,111,264,0,0,0,630,2076,1323,12,下位,0,0,0
1054,154,66,395,1249,0,0,0,100,316,1478,2,下位,0,0,0
900,900,0,395,1249,0,1,154,100,316,1478,2,下位,0,154,66
766,430,196,352,1036,0,0,0,1054,1301,1145,6,下位,0,0,0
336,336,0,352,1036,0,1,430,1054,1301,1145,6,下位,0,430,196
92,92,0,113,163,0,0,0,766,1088,1193,5,下位,0,0,0
604,531,66,248,881,0,0,0,92,215,1260,1,下位,0,0,0
73,73,0,248,881,0,1,531,92,215,1260,1,下位,0,531,66
867,867,0,62,71,0,0,0,604,933,1285,3,下位,0,0,0
233,233,0,115,352,0,0,0,867,123,10,1,下位,0,0,0
558,79,132,311,1075,0,0,0,233,404,38,1,下位,0,0,0
479,440,66,311,1075,0,1,79,233,404,38,1,下位,0,79,66
39,39,0,311,1075,0,2,519,233,404,38,1,下位,0,440,66
879,330,595,113,250,1,0,0,0,0,1,0,下位,0,0,0
549,234,392,113,250,1,1,330,0,0,1,0,下位,0,330,203
315,237,196,113,250,1,2,564,0,0,1,0,下位,0,234,196
78,78,0,113,250,1,3,801,0,0,1,0,下位,0,237,196
161,94,66,362,1215,0,0,0,879,302,-519,2,下位,0,0,0
67,67,0,362,1215,0,1,94,879,302,-519,2,下位,0,94,66
556,410,196,484,1235,0,0,0,161,1267,554,5,下位,0,0,0
146,146,0,484,1235,0,1,410,161,1267,554,5,下位,0,410,196
200,200,0,174,411,0,0,0,556,1287,1141,8,下位,0,0,0
134,134,0,649,2066,0,0,0,200,463,1281,3,下位,0,0,0
1246,275,406,232,897,0,0,0,134,2118,978,7,下位,0,0,0
971,900,203,232,897,0,1,275,134,2118,978,7,下位,0,275,203
71,71,0,232,897,0,2,1175,134,2118,978,7,下位,0,900,203
200,200,0,253,724,0,0,0,1246,949,322,3,下位,0,0,0
65,65,0,667,2557,0,0,0,200,776,775,4,下位,0,0,0
100,100,0,260,800,0,0,0,65,2609,730,11,下位,0,0,0
93,93,0,116,245,0,0,0,100,852,1421,5,下位,0,0,0
567,408,203,449,1249,1,0,0,0,0,1,0,下位,0,0,0
159,159,0,449,1249,1,1,408,0,0,1,0,下位,0,408,203
200,200,0,112,262,0,0,0,567,1301,591,7,下位,0,0,0
1119,209,392,332,1209,0,0,0,200,314,582,2,下位,0,0,0
910,160,196,332,1209,0,1,209,200,314,582,2,下位,0,209,196
750,750,0,332,1209,0,2,369,200,314,582,2,下位,0,160,196
668,63,196,138,295,0,0,0,1119,1261,430,4,下位,0,0,0
605,605,0,138,295,0,1,63,1119,1261,430,4,下位,0,63,196
98,98,0,85,208,0,0,0,668,347,-105,1,下位,0,0,0
309,309,0,572,1482,0,0,0,98,260,-3,1,下位,0,0,0
606,606,0,113,345,0,0,0,309,1534,1033,10,下位,0,0,0
617,115,198,762,2809,0,0,0,606,397,453,1,下位,0,0,0
502,131,132,762,2809,0,1,115,606,397,453,1,下位,0,115,66
371,305,66,762,2809,0,2,246,606,397,453,1,下位,0,131,66
66,66,0,762,2809,0,3,551,606,397,453,1,下位,0,305,66
137,137,0,380,1185,0,0,0,617,2861,2518,11,下位,0,0,0
1205,96,890,179,527,1,0,0,0,0,1,0,下位,0,0,0
1109,209,684,179,527,1,1,96,0,0,1,0,下位,0,96,206
900,178,478,179,527,1,2,305,0,0,1,0,下位,0,209,206
722,157,272,179,527,1,3,483,0,0,1,0,下位,0,178,206
565,390,66,179,527,1,4,640,0,0,1,0,下位,0,157,206
175,175,0,179,527,1,5,1030,0,0,1,0,下位,0,390,66
680,111,272,444,1527,1,0,0,0,0,1,0,下位,0,0,0
569,169,66,444,1527,1,1,111,0,0,1,0,下位,0,111,206
400,400,0,444,1527,1,2,280,0,0,1,0,下位,0,169,66
637,492,66,225,665,0,0,0,680,1579,755,5,下位,0,0,0
145,145,0,225,665,0,1,492,680,1579,755,5,下位,0,492,66
393,252,66,142,401,1,0,0,0,0,1,0,下位,0,0,0
141,141,0,142,401,1,1,252,0,0,1,0,下位,0,252,66
464,133,272,108,271,0,0,0,393,453,-113,2,下位,0,0,0
331,139,206,108,271,0,1,133,393,453,-113,2,下位,0,133,66
192,192,0,108,271,0,2,272,393,453,-113,2,下位,0,139,206
133,133,0,193,630,0,0,0,464,323,-267,2,下位,0,0,0
695,63,338,62,74,1,0,0,0,0,1,0,下位,0,0,0
632,160,272,62,74,1,1,63,0,0,1,0,下位,0,63,66
472,102,66,62,74,1,2,223,0,0,1,0,下位,0,160,206
370,370,0,62,74,1,3,325,0,0,1,0,下位,0,102,66
1423,610,132,416,1445,0,0,0,695,126,-657,1,下位,0,0,0
813,138,66,416,1445,0,1,610,695,126,-657,1,下位,0,610,66
675,675,0,416,1445,0,2,748,695,126,-657,1,下位,0,138,66
200,200,0,185,321,0,0,0,1423,1497,-1324,6,下位,0,0,0
599,126,264,292,976,1,0,0,0,0,1,0,下位,0,0,0
473,70,198,292,976,1,1,126,0,0,1,0,下位,0,126,66
403,59,132,292,976,1,2,196,0,0,1,0,下位,0,70,66
344,273,66,292,976,1,3,255,0,0,1,0,下位,0,59,66
71,71,0,292,976,1,4,528,0,0,1,0,下位,0,273,66
62,62,0,73,56,0,0,0,599,1028,327,5,下位,0,0,0
140,140,0,74,54,0,0,0,62,108,335,1,下位,0,0,0
772,635,206,292,735,0,0,0,140,106,215,1,下位,0,0,0
137,137,0,292,735,0,1,635,140,106,215,1,下位,0,635,206
1066,538,66,252,1020,0,0,0,772,787,-37,4,下位,0,0,0
528,528,0,252,1020,0,1,538,772,787,-37,4,下位,0,538,66
188,146,66,435,1719,1,0,0,0,0,1,0,下位,0,0,0
42,42,0,435,1719,1,1,146,0,0,1,0,下位,0,146,66
100,100,0,205,697,0,0,0,188,1771,1535,7,下位,0,0,0
188,188,0,93,209,0,0,0,100,749,2123,2,下位,0,0,0
335,202,66,93,209,1,0,0,0,0,1,0,下位,0,0,0
133,133,0,93,209,1,1,202,0,0,1,0,下位,0,202,66
322,322,0,151,289,0,0,0,335,261,-213,1,下位,0,0,0
389,93,272,195,529,0,0,0,322,341,-391,3,下位,0,0,0
296,193,206,195,529,0,1,93,322,341,-391,3,下位,0,93,66
103,103,0,195,529,0,2,286,322,341,-391,3,下位,0,193,206
98,98,0,87,218,0,0,0,389,581,-165,2,下位,0,0,0
65,65,0,327,995,0,0,0,98,270,-53,1,下位,0,0,0
269,269,0,350,996,1,0,0,0,0,1,0,下位,0,0,0
291,291,0,128,228,0,0,0,269,1048,615,6,下位,0,0,0
124,124,0,243,510,0,0,0,291,280,426,4,下位,0,0,0
813,185,272,157,562,0,0,0,124,562,788,3,下位,0,0,0
628,148,66,157,562,0,1,185,124,562,788,3,下位,0,185,206
480,480,0,157,562,0,2,333,124,562,788,3,下位,0,148,66
819,819,0,361,1103,0,0,0,813,614,363,2,下位,0,0,0
76,76,0,160,369,0,0,0,819,1155,197,3,下位,0,0,0
1370,80,610,451,1330,1,0,0,0,0,1,0,下位,0,0,0
1290,438,544,451,1330,1,1,80,0,0,1,0,下位,0,80,66
852,224,338,451,1330,1,2,518,0,0,1,0,下位,0,438,206
628,318,272,451,1330,1,3,742,0,0,1,0,下位,0,224,66
310,225,206,451,1330,1,4,1060,0,0,1,0,下位,0,318,66
85,85,0,451,1330,1,5,1285,0,0,1,0,下位,0,225,206
200,200,0,73,56,0,0,0,1370,1382,-216,5,下位,0,0,0
900,900,0,115,358,0,0,0,200,108,-431,1,下位,0,0,0
562,200,132,220,673,1,0,0,0,0,1,0,下位,0,0,0
362,172,66,220,673,1,1,200,0,0,1,0,下位,0,200,66
190,190,0,220,673,1,2,372,0,0,1,0,下位,0,172,66
1392,199,264,232,729,0,0,0,562,725,-48,2,下位,0,0,0
1193,92,198,232,729,0,1,199,562,725,-48,2,下位,0,199,66
1101,123,132,232,729,0,2,291,562,725,-48,2,下位,0,92,66
978,869,66,232,729,0,3,414,562,725,-48,2,下位,0,123,66
109,109,0,232,729,0,4,1283,562,725,-48,2,下位,0,869,66
201,201,0,264,564,1,0,0,0,0,1,0,下位,0,0,0
907,42,478,206,609,1,0,0,0,0,1,0,下位,0,0,0
865,152,272,206,609,1,1,42,0,0,1,0,下位,0,42,206
713,256,206,206,609,1,2,194,0,0,1,0,下位,0,152,66
457,457,0,206,609,1,3,450,0,0,1,0,下位,0,256,206
560,100,132,441,1657,1,0,0,0,0,1,0,下位,0,0,0
460,186,66,441,1657,1,1,100,0,0,1,0,下位,0,100,66
274,274,0,441,1657,1,2,286,0,0,1,0,下位,0,186,66
86,86,0,115,358,1,0,0,0,0,1,0,下位,0,0,0
203,203,0,191,409,0,0,0,86,410,272,1,下位,0,0,0
200,200,0,328,645,0,0,0,203,461,406,3,下位,0,0,0
62,62,0,388,809,0,0,0,200,697,780,4,下位,0,0,0
901,34,132,1235,4813,1,0,0,0,0,1,0,下位,0,0,0
867,199,66,1235,4813,1,1,34,0,0,1,0,下位,0,34,66
668,668,0,1235,4813,1,2,233,0,0,1,0,下位,0,199,66
1628,94,676,564,2031,1,0,0,0,0,1,0,下位,0,0,0
1534,149,610,564,2031,1,1,94,0,0,1,0,下位,0,94,66
1385,308,544,564,2031,1,2,243,0,0,1,0,下位,0,149,66
1077,134,478,564,2031,1,3,551,0,0,1,0,下位,0,308,66
943,156,412,564,2031,1,4,685,0,0,1,0,下位,0,134,66
787,485,206,564,2031,1,5,841,0,0,1,0,下位,0,156,206
302,302,0,564,2031,1,6,1326,0,0,1,0,下位,0,485,206
66,66,0,181,524,0,0,0,1628,2083,134,6,下位,0,0,0
948,115,66,65,69,0,0,0,66,576,604,2,下位,0,0,0
833,833,0,65,69,0,1,115,66,576,604,2,下位,0,115,66
201,201,0,228,338,1,0,0,0,0,1,0,下位,0,0,0
200,200,0,289,893,0,0,0,201,390,67,5,下位,0,0,0
174,174,0,233,712,0,0,0,200,945,689,4,下位,0,0,0
1270,304,132,130,321,0,0,0,174,764,1172,3,下位,0,0,0
966,354,66,130,321,0,1,304,174,764,1172,3,下位,0,304,66
612,612,0,130,321,0,2,658,174,764,1172,3,下位,0,354,66
241,24,206,1281,4691,1,0,0,0,0,1,0,下位,0,0,0
217,217,0,1281,4691,1,1,24,0,0,1,0,下位,0,24,206
187,187,0,164,453,0,0,0,241,4743,2183,18,下位,0,0,0
200,200,0,151,387,0,0,0,187,505,2386,3,下位,0,0,0
773,190,272,268,683,0,0,0,200,439,234,2,下位,0,0,0
583,347,66,268,683,0,1,190,200,439,234,2,下位,0,190,206
236,236,0,268,683,0,2,537,200,439,234,2,下位,0,347,66
1889,501,478,722,2454,0,0,0,773,735,-6,3,下位,0,0,0
1388,805,272,722,2454,0,1,501,773,735,-6,3,下位,0,501,206
583,383,66,722,2454,0,2,1306,773,735,-6,3,下位,0,805,206
200,200,0,722,2454,0,3,1689,773,735,-6,3,下位,0,383,66
93,93,0,100,197,0,0,0,1889,2506,-69,12,下位,0,0,0
200,200,0,279,910,0,0,0,93,249,30,1,下位,0,0,0
200,200,0,239,829,0,0,0,200,962,669,4,下位,0,0,0
725,115,132,180,612,1,0,0,0,0,1,0,下位,0,0,0
610,327,66,180,612,1,1,115,0,0,1,0,下位,0,115,66
283,283,0,180,612,1,2,442,0,0,1,0,下位,0,327,66
1453,444,272,308,1115,0,0,0,725,664,-371,3,下位,0,0,0
1009,270,66,308,1115,0,1,444,725,664,-371,3,下位,0,444,206
739,739,0,308,1115,0,2,714,725,664,-371,3,下位,0,270,66
448,194,132,384,1536,0,0,0,1453,1167,-1275,2,下位,0,0,0
254,167,66,384,1536,0,1,194,1453,1167,-1275,2,下位,0,194,66
87,87,0,384,1536,0,2,361,1453,1167,-1275,2,下位,0,167,66
491,241,206,115,358,0,0,0,448,1588,-277,4,下位,0,0,0
250,250,0,115,358,0,1,241,448,1588,-277,4,下位,0,241,206
1096,799,57,179,613,0,0,0,491,410,-453,1,下位,0,0,0
297,297,0,179,613,0,1,799,491,410,-453,1,下位,0,799,57
1021,66,478,92,210,1,0,0,0,0,1,0,下位,0,0,0
955,683,272,92,210,1,1,66,0,0,1,0,下位,0,66,206
272,92,66,92,210,1,2,749,0,0,1,0,下位,0,683,206
180,180,0,92,210,1,3,841,0,0,1,0,下位,0,92,66
835,686,66,295,727,0,0,0,1021,262,-905,1,下位,0,0,0
149,149,0,295,727,0,1,686,1021,262,-905,1,下位,0,686,66
74,74,0,259,745,0,0,0,835,779,-1406,4,下位,0,0,0
273,273,0,79,46,0,0,0,74,797,-728,6,下位,0,0,0
472,133,66,94,207,0,0,0,273,98,-1070,1,下位,0,0,0
339,339,0,94,207,0,1,133,273,98,-1070,1,下位,0,133,66
424,424,0,115,358,0,0,0,472,259,-1507,1,下位,0,0,0
263,100,66,353,1091,0,0,0,424,410,-1781,1,下位,0,0,0
163,163,0,353,1091,0,1,100,424,410,-1781,1,下位,0,100,66
424,345,66,132,233,0,0,0,263,1143,-996,5,下位,0,0,0
79,79,0,132,233,0,1,345,263,1143,-996,5,下位,0,345,66
952,52,206,390,1428,0,0,0,424,285,-1328,2,下位,0,0,0
900,900,0,390,1428,0,1,52,424,285,-1328,2,下位,0,52,206
154,154,0,198,486,1,0,0,0,0,1,0,下位,0,0,0
1768,98,610,276,1068,0,0,0,154,538,291,4,下位,0,0,0
1670,620,404,276,1068,0,1,98,154,538,291,4,下位,0,98,206
1050,210,338,276,1068,0,2,718,154,538,291,4,下位,0,620,66
840,220,272,276,1068,0,3,928,154,538,291,4,下位,0,210,66
620,490,66,276,1068,0,4,1148,154,538,291,4,下位,0,220,206
130,130,0,276,1068,0,5,1638,154,538,291,4,下位,0,490,66
200,200,0,196,402,0,0,0,1768,1120,-831,3,下位,0,0,0
193,193,0,103,193,0,0,0,200,454,-700,3,下位,0,0,0
134,134,0,328,1062,0,0,0,193,245,-766,1,下位,0,0,0
120,120,0,163,182,0,0,0,134,1114,132,4,下位,0,0,0
67,67,0,138,223,0,0,0,120,234,172,2,下位,0,0,0
882,168,132,175,348,1,0,0,0,0,1,0,下位,0,0,0
714,400,66,175,348,1,1,168,0,0,1,0,下位,0,168,66
314,314,0,175,348,1,2,568,0,0,1,0,下位,0,400,66
543,252,66,136,226,0,0,0,882,400,-889,2,下位,0,0,0
291,291,0,136,226,0,1,252,882,400,-889,2,下位,0,252,66
882,27,272,431,1461,1,0,0,0,0,1,0,下位,0,0,0
855,400,206,431,1461,1,1,27,0,0,1,0,下位,0,27,66
455,455,0,431,1461,1,2,427,0,0,1,0,下位,0,400,206
434,144,544,166,548,0,0,0,882,1513,363,4,下位,0,0,0
290,37,478,166,548,0,1,144,882,1513,363,4,下位,0,144,66
253,131,412,166,548,0,2,181,882,1513,363,4,下位,0,37,66
122,60,206,166,548,0,3,312,882,1513,363,4,下位,0,131,206
62,62,0,166,548,0,4,372,882,1513,363,4,下位,0,60,206
201,201,0,146,308,0,0,0,434,600,807,2,下位,0,0,0
76,76,0,368,842,0,0,0,201,360,843,1,下位,0,0,0
759,136,412,191,409,0,0,0,76,894,1614,7,下位,0,0,0
623,458,206,191,409,0,1,136,76,894,1614,7,下位,0,136,206
165,165,0,191,409,0,2,594,76,894,1614,7,下位,0,458,206
1966,134,478,301,1027,1,0,0,0,0,1,0,下位,0,0,0
1832,900,412,301,1027,1,1,134,0,0,1,0,下位,0,134,66
932,708,206,301,1027,1,2,1034,0,0,1,0,下位,0,900,206
224,224,0,301,1027,1,3,1742,0,0,1,0,下位,0,708,206
200,200,0,209,750,0,0,0,1966,1079,-1613,3,下位,0,0,0
1030,148,132,513,1649,1,0,0,0,0,1,0,下位,0,0,0
882,526,66,513,1649,1,1,148,0,0,1,0,下位,0,148,66
356,356,0,513,1649,1,2,674,0,0,1,0,下位,0,526,66
1645,603,666,406,1217,0,0,0,1030,1701,173,8,下位,0,0,0
1042,179,478,406,1217,0,1,603,1030,1701,173,8,下位,0,603,188
863,156,272,406,1217,0,2,782,1030,1701,173,8,下位,0,179,206
707,536,206,406,1217,0,3,938,1030,1701,173,8,下位,0,156,66
171,171,0,406,1217,0,4,1474,1030,1701,173,8,下位,0,536,206
201,201,0,87,218,1,0,0,0,0,1,0,下位,0,0,0
938,218,132,146,308,0,0,0,201,270,-53,1,下位,0,0,0
720,540,66,146,308,0,1,218,201,270,-53,1,下位,0,218,66
180,180,0,146,308,0,2,758,201,270,-53,1,下位,0,540,66
543,109,198,139,406,0,0,0,938,360,-1074,1,下位,0,0,0
434,274,132,139,406,0,1,109,938,360,-1074,1,下位,0,109,66
160,64,66,139,406,0,2,383,938,360,-1074,1,下位,0,274,66
96,96,0,139,406,0,3,447,938,360,-1074,1,下位,0,64,66
1416,467,272,383,1042,0,0,0,543,458,-1294,2,下位,0,0,0
949,674,206,383,1042,0,1,467,543,458,-1294,2,下位,0,467,66
275,275,0,383,1042,0,2,1141,543,458,-1294,2,下位,0,674,206
798,104,206,333,1035,0,0,0,1416,1094,-2212,5,下位,0,0,0
694,694,0,333,1035,0,1,104,1416,1094,-2212,5,下位,0,104,206
1165,34,132,363,1444,1,0,0,0,0,1,0,下位,0,0,0
1131,231,66,363,1444,1,1,34,0,0,1,0,下位,0,34,66
900,900,0,363,1444,1,2,265,0,0,1,0,下位,0,231,66
302,302,0,215,496,1,0,0,0,0,1,0,下位,0,0,0
200,200,0,601,1493,0,0,0,302,548,62,2,下位,0,0,0
100,100,0,93,209,0,0,0,200,1545,1284,10,下位,0,0,0
3086,775,1294,323,1178,0,0,0,100,261,1384,1,下位,0,0,0
2311,40,1088,323,1178,0,1,775,100,261,1384,1,下位,0,775,206
2271,264,882,323,1178,0,2,815,100,261,1384,1,下位,0,40,206
2007,108,816,323,1178,0,3,1079,100,261,1384,1,下位,0,264,66
1899,546,610,323,1178,0,4,1187,100,261,1384,1,下位,0,108,206
1353,84,544,323,1178,0,5,1733,100,261,1384,1,下位,0,546,66
1269,573,338,323,1178,0,6,1817,100,261,1384,1,下位,0,84,206
696,315,272,323,1178,0,7,2390,100,261,1384,1,下位,0,573,66
381,190,66,323,1178,0,8,2705,100,261,1384,1,下位,0,315,206
191,191,0,323,1178,0,9,2895,100,261,1384,1,下位,0,190,66
133,133,0,381,1045,0,0,0,3086,1230,-1069,3,下位,0,0,0
101,101,0,307,483,1,0,0,0,0,1,0,下位,0,0,0
172,172,0,178,430,0,0,0,101,535,373,6,下位,0,0,0
494,408,206,157,562,0,0,0,172,482,578,3,下位,0,0,0
86,86,0,157,562,0,1,408,172,482,578,3,下位,0,408,206
218,218,0,117,355,0,0,0,494,614,601,2,下位,0,0,0
612,334,66,273,821,0,0,0,218,407,656,1,下位,0,0,0
278,278,0,273,821,0,1,334,218,407,656,1,下位,0,334,66
946,401,272,84,38,1,0,0,0,0,1,0,下位,0,0,0
545,290,206,84,38,1,1,401,0,0,1,0,下位,0,401,66
255,255,0,84,38,1,2,691,0,0,1,0,下位,0,290,206
93,93,0,415,1699,0,0,0,946,90,-1163,1,下位,0,0,0
507,313,272,281,935,0,0,0,93,1751,438,4,下位,0,0,0
194,142,206,281,935,0,1,313,93,1751,438,4,下位,0,313,66
52,52,0,281,935,0,2,455,93,1751,438,4,下位,0,142,206
664,602,66,136,411,0,0,0,507,987,879,4,下位,0,0,0
62,62,0,136,411,0,1,602,507,987,879,4,下位,0,602,66
200,200,0,281,721,0,0,0,664,463,337,2,下位,0,0,0
849,95,206,134,328,1,0,0,0,0,1,0,下位,0,0,0
754,754,0,134,328,1,1,95,0,0,1,0,下位,0,95,206
761,477,272,245,594,0,0,0,849,380,-782,1,下位,0,0,0
284,235,206,245,594,0,1,477,849,380,-782,1,下位,0,477,66
49,49,0,245,594,0,2,712,849,380,-782,1,下位,0,235,206
81,81,0,709,2050,0,0,0,761,646,-1091,4,下位,0,0,0
169,169,0,114,175,0,0,0,81,2102,880,12,下位,0,0,0
1185,120,478,89,215,1,0,0,0,0,1,0,下位,0,0,0
1065,74,272,89,215,1,1,120,0,0,1,0,下位,0,120,206
991,901,206,89,215,1,2,194,0,0,1,0,下位,0,74,66
90,90,0,89,215,1,3,1095,0,0,1,0,下位,0,901,206
921,363,66,104,191,0,0,0,1185,267,-1165,1,下位,0,0,0
558,558,0,104,191,0,1,363,1185,267,-1165,1,下位,0,363,66
401,401,0,206,570,1,0,0,0,0,1,0,下位,0,0,0
88,88,0,747,3055,0,0,0,401,622,-24,3,下位,0,0,0
352,135,272,273,451,0,0,0,88,3107,636,11,下位,0,0,0
217,129,66,273,451,0,1,135,88,3107,636,11,下位,0,135,206
88,88,0,273,451,0,2,264,88,3107,636,11,下位,0,129,66
1208,255,198,502,1605,0,0,0,352,503,843,5,下位,0,0,0
953,711,132,502,1605,0,1,255,352,503,843,5,下位,0,255,66
242,121,66,502,1605,0,2,966,352,503,843,5,下位,0,711,66
121,121,0,502,1605,0,3,1087,352,503,843,5,下位,0,121,66
1167,156,403,758,2379,1,0,0,0,0,1,0,下位,0,0,0
1011,904,206,758,2379,1,1,156,0,0,1,0,下位,0,156,197
107,107,0,758,2379,1,2,1060,0,0,1,0,下位,0,904,206
401,401,0,250,585,1,0,0,0,0,1,0,下位,0,0,0
147,147,0,176,532,0,0,0,401,637,-9,4,下位,0,0,0
956,55,206,115,358,0,0,0,147,584,338,2,下位,0,0,0
901,901,0,115,358,0,1,55,147,584,338,2,下位,0,55,206
626,102,272,228,747,0,0,0,956,410,-588,1,下位,0,0,0
524,208,206,228,747,0,1,102,956,410,-588,1,下位,0,102,66
316,316,0,228,747,0,2,310,956,410,-588,1,下位,0,208,206
216,216,0,164,268,0,0,0,626,799,-527,3,下位,0,0,0
217,54,66,131,234,1,0,0,0,0,1,0,下位,0,0,0
163,163,0,131,234,1,1,54,0,0,1,0,下位,0,54,66
1312,126,750,248,715,0,0,0,217,286,3,2,下位,0,0,0
1186,333,684,248,715,0,1,126,217,286,3,2,下位,0,126,66
853,203,478,248,715,0,2,459,217,286,3,2,下位,0,333,206
650,132,272,248,715,0,3,662,217,286,3,2,下位,0,203,206
518,56,206,248,715,0,4,794,217,286,3,2,下位,0,132,66
462,462,0,248,715,0,5,850,217,286,3,2,下位,0,56,206
64,64,0,578,1628,0,0,0,1312,767,-595,3,下位,0,0,0
547,547,0,123,247,0,0,0,64,1680,982,9,下位,0,0,0
1064,206,338,84,38,1,0,0,0,0,1,0,下位,0,0,0
858,82,132,84,38,1,1,206,0,0,1,0,下位,0,206,206
776,441,66,84,38,1,2,288,0,0,1,0,下位,0,82,66
335,335,0,84,38,1,3,729,0,0,1,0,下位,0,441,66
150,75,66,392,1239,0,0,0,1064,90,-1286,1,下位,0,0,0
75,75,0,392,1239,0,1,75,1064,90,-1286,1,下位,0,75,66
371,97,412,292,819,0,0,0,150,1291,-171,5,下位,0,0,0
274,107,206,292,819,0,1,97,150,1291,-171,5,下位,0,97,206
167,167,0,292,819,0,2,204,150,1291,-171,5,下位,0,107,206
100,100,0,148,294,0,0,0,371,871,514,5,下位,0,0,0
182,182,0,166,363,0,0,0,100,346,699,3,下位,0,0,0
567,567,0,164,355,0,0,0,182,415,820,2,下位,0,0,0
401,401,0,196,401,1,0,0,0,0,1,0,下位,0,0,0
282,282,0,98,201,1,0,0,0,0,1,0,下位,0,0,0
2306,49,1022,199,621,0,0,0,282,253,-201,1,下位,0,0,0
2257,569,816,199,621,0,1,49,282,253,-201,1,下位,0,49,206
1688,315,610,199,621,0,2,618,282,253,-201,1,下位,0,569,206
1373,190,404,199,621,0,3,933,282,253,-201,1,下位,0,315,206
1183,127,338,199,621,0,4,1123,282,253,-201,1,下位,0,190,66
1056,207,272,199,621,0,5,1250,282,253,-201,1,下位,0,127,66
849,376,206,199,621,0,6,1457,282,253,-201,1,下位,0,207,66
473,473,0,199,621,0,7,1833,282,253,-201,1,下位,0,376,206
171,171,0,120,350,0,0,0,2306,673,-2225,1,下位,0,0,0
468,195,66,420,1380,1,0,0,0,0,1,0,下位,0,0,0
273,273,0,420,1380,1,1,195,0,0,1,0,下位,0,195,66
1676,170,684,93,209,0,0,0,468,1432,744,5,下位,0,0,0
1506,219,478,93,209,0,1,170,468,1432,744,5,下位,0,170,206
1287,642,272,93,209,0,2,389,468,1432,744,5,下位,0,219,206
645,526,66,93,209,0,3,1031,468,1432,744,5,下位,0,642,206
119,119,0,93,209,0,4,1557,468,1432,744,5,下位,0,526,66
521,521,0,183,549,0,0,0,1676,261,-1013,1,下位,0,0,0
121,121,0,683,2295,0,0,0,521,601,-1252,2,下位,0,0,0
418,109,66,166,363,0,0,0,121,2347,900,7,下位,0,0,0
309,309,0,166,363,0,1,109,121,2347,900,7,下位,0,109,66
271,43,206,109,183,0,0,0,418,415,707,2,下位,0,0,0
228,228,0,109,183,0,1,43,418,415,707,2,下位,0,43,206
580,225,198,253,707,1,0,0,0,0,1,0,下位,0,0,0
355,106,132,253,707,1,1,225,0,0,1,0,下位,0,225,66
249,62,66,253,707,1,2,331,0,0,1,0,下位,0,106,66
187,187,0,253,707,1,3,393,0,0,1,0,下位,0,62,66
829,61,618,171,568,0,0,0,580,759,22,3,下位,0,0,0
768,178,412,171,568,0,1,61,580,759,22,3,下位,0,61,206
590,182,206,171,568,0,2,239,580,759,22,3,下位,0,178,206
408,408,0,171,568,0,3,421,580,759,22,3,下位,0,182,206
497,497,0,175,620,0,0,0,829,620,-77,2,下位,0,0,0
504,159,66,194,492,0,0,0,497,672,-207,3,下位,0,0,0
345,345,0,194,492,0,1,159,497,672,-207,3,下位,0,159,66
130,50,206,299,1078,1,0,0,0,0,1,0,下位,0,0,0
80,80,0,299,1078,1,1,50,0,0,1,0,下位,0,50,206
511,242,206,107,176,0,0,0,130,1130,1127,4,下位,0,0,0
269,269,0,107,176,0,1,242,130,1130,1127,4,下位,0,242,206
1487,58,610,726,2488,0,0,0,511,228,737,3,下位,0,0,0
1429,318,544,726,2488,0,1,58,511,228,737,3,下位,0,58,66
1111,57,478,726,2488,0,2,376,511,228,737,3,下位,0,318,66
1054,178,412,726,2488,0,3,433,511,228,737,3,下位,0,57,66
876,126,206,726,2488,0,4,611,511,228,737,3,下位,0,178,206
750,750,0,726,2488,0,5,737,511,228,737,3,下位,0,126,206
721,248,66,212,560,1,0,0,0,0,1,0,下位,0,0,0
473,473,0,212,560,1,1,248,0,0,1,0,下位,0,248,66
482,70,206,220,674,0,0,0,721,612,-484,3,下位,0,0,0
412,412,0,220,674,0,1,70,721,612,-484,3,下位,0,70,206
1596,137,338,200,581,0,0,0,482,726,-330,2,下位,0,0,0
1459,122,272,200,581,0,1,137,482,726,-330,2,下位,0,137,66
1337,437,206,200,581,0,2,259,482,726,-330,2,下位,0,122,66
900,900,0,200,581,0,3,696,482,726,-330,2,下位,0,437,206
382,320,66,220,761,0,0,0,1596,633,-1934,3,下位,0,0,0
62,62,0,220,761,0,1,320,1596,633,-1934,3,下位,0,320,66
1488,283,338,247,532,0,0,0,382,813,-1671,3,下位,0,0,0
1205,900,272,247,532,0,1,283,382,813,-1671,3,下位,0,283,66
305,240,66,247,532,0,2,1183,382,813,-1671,3,下位,0,900,206
65,65,0,247,532,0,3,1423,382,813,-1671,3,下位,0,240,66
63,63,0,173,623,0,0,0,1488,584,-3149,3,下位,0,0,0
343,200,57,266,658,0,0,0,63,675,-2576,3,下位,0,0,0
143,143,0,266,658,0,1,200,63,675,-2576,3,下位,0,200,57
317,63,66,153,510,1,0,0,0,0,1,0,下位,0,0,0
254,254,0,153,510,1,1,63,0,0,1,0,下位,0,63,66
808,343,618,99,199,0,0,0,317,562,117,1,下位,0,0,0
465,113,412,99,199,0,1,343,317,562,117,1,下位,0,343,206
352,209,206,99,199,0,2,456,317,562,117,1,下位,0,113,206
143,143,0,99,199,0,3,665,317,562,117,1,下位,0,209,206
284,194,66,306,1041,0,0,0,808,251,-317,1,下位,0,0,0
90,90,0,306,1041,0,1,194,808,251,-317,1,下位,0,194,66
62,62,0,705,1968,0,0,0,284,1093,384,6,下位,0,0,0
657,287,412,156,505,0,0,0,62,2020,2304,11,下位,0,0,0
370,187,206,156,505,0,1,287,62,2020,2304,11,下位,0,287,206
183,183,0,156,505,0,2,474,62,2020,2304,11,下位,0,187,206
207,207,0,102,194,0,0,0,657,557,2213,1,下位,0,0,0
466,176,206,336,1019,0,0,0,207,246,2125,1,下位,0,0,0
290,290,0,336,1019,0,1,176,207,246,2125,1,下位,0,176,206
765,493,206,434,1629,0,0,0,466,1071,255,6,下位,0,0,0
272,272,0,434,1629,0,1,493,466,1071,255,6,下位,0,493,206
168,168,0,659,1748,0,0,0,765,1681,908,6,下位,0,0,0
702,609,66,226,751,0,0,0,168,1800,176,12,下位,0,0,0
93,93,0,226,751,0,1,609,168,1800,176,12,下位,0,609,66
712,183,338,222,544,0,0,0,702,803,-87,3,下位,0,0,0
529,252,272,222,544,0,1,183,702,803,-87,3,下位,0,183,66
277,133,206,222,544,0,2,435,702,803,-87,3,下位,0,252,66
144,144,0,222,544,0,3,568,702,803,-87,3,下位,0,133,206
1524,266,676,934,3219,1,0,0,0,0,1,0,下位,0,0,0
1258,310,610,934,3219,1,1,266,0,0,1,0,下位,0,266,66
948,111,404,934,3219,1,2,576,0,0,1,0,下位,0,310,206
837,136,338,934,3219,1,3,687,0,0,1,0,下位,0,111,66
701,97,272,934,3219,1,4,823,0,0,1,0,下位,0,136,66
604,68,66,934,3219,1,5,920,0,0,1,0,下位,0,97,206
536,536,0,934,3219,1,6,988,0,0,1,0,下位,0,68,66
66,66,0,144,398,0,0,0,1524,3271,1490,9,下位,0,0,0
739,628,206,127,339,0,0,0,66,450,1834,2,下位,0,0,0
111,111,0,127,339,0,1,628,66,450,1834,2,下位,0,628,206
45,45,0,460,1615,0,0,0,739,391,1239,1,下位,0,0,0
200,200,0,294,1000,0,0,0,45,1667,572,6,下位,0,0,0
1956,806,198,715,2427,0,0,0,200,1052,1301,5,下位,0,0,0
1150,428,132,715,2427,0,1,806,200,1052,1301,5,下位,0,806,66
722,436,66,715,2427,0,2,1234,200,1052,1301,5,下位,0,428,66
286,286,0,715,2427,0,3,1670,200,1052,1301,5,下位,0,436,66
200,200,0,188,599,0,0,0,1956,2479,824,14,下位,0,0,0
273,70,66,368,1191,1,0,0,0,0,1,0,下位,0,0,0
203,203,0,368,1191,1,1,70,0,0,1,0,下位,0,70,66
200,200,0,338,1153,0,0,0,273,1243,870,4,下位,0,0,0
200,200,0,546,1621,0,0,0,200,1205,1752,3,下位,0,0,0
141,141,0,264,874,0,0,0,200,1673,705,8,下位,0,0,0
200,200,0,335,1218,0,0,0,141,926,1404,3,下位,0,0,0
409,409,0,392,1338,1,0,0,0,0,1,0,下位,0,0,0
990,331,338,250,936,0,0,0,409,1390,731,4,下位,0,0,0
659,369,272,250,936,0,1,331,409,1390,731,4,下位,0,331,66
290,167,66,250,936,0,2,700,409,1390,731,4,下位,0,369,206
123,123,0,250,936,0,3,867,409,1390,731,4,下位,0,167,66
814,349,66,219,549,0,0,0,990,988,461,1,下位,0,0,0
465,465,0,219,549,0,1,349,990,988,461,1,下位,0,349,66
475,64,66,313,882,0,0,0,814,601,-185,3,下位,0,0,0
411,411,0,313,882,0,1,64,814,601,-185,3,下位,0,64,66
1188,127,338,163,553,1,0,0,0,0,1,0,下位,0,0,0
1061,228,132,163,553,1,1,127,0,0,1,0,下位,0,127,206
833,345,66,163,553,1,2,355,0,0,1,0,下位,0,228,66
488,488,0,163,553,1,3,700,0,0,1,0,下位,0,345,66
696,696,0,106,188,0,0,0,1188,605,-972,2,下位,0,0,0
969,542,132,836,3094,0,0,0,696,240,-1855,1,下位,0,0,0
427,68,66,836,3094,0,1,542,696,240,-1855,1,下位,0,542,66
359,359,0,836,3094,0,2,610,696,240,-1855,1,下位,0,68,66
289,160,272,240,728,1,0,0,0,0,1,0,下位,0,0,0
129,83,66,240,728,1,1,160,0,0,1,0,下位,0,160,206
46,46,0,240,728,1,2,243,0,0,1,0,下位,0,83,66
405,209,206,240,645,0,0,0,289,780,587,3,下位,0,0,0
196,196,0,240,645,0,1,209,289,780,587,3,下位,0,209,206
405,320,206,88,32,0,0,0,405,697,837,2,下位,0,0,0
85,85,0,88,32,0,1,320,405,697,837,2,下位,0,320,206
52,52,0,887,3597,0,0,0,405,84,474,1,下位,0,0,0
79,79,0,285,840,0,0,0,52,3649,1649,10,下位,0,0,0
477,77,544,582,1914,0,0,0,79,892,184,3,下位,0,0,0
400,103,478,582,1914,0,1,77,79,892,184,3,下位,0,77,66
297,65,272,582,1914,0,2,180,79,892,184,3,下位,0,103,206
232,143,66,582,1914,0,3,245,79,892,184,3,下位,0,65,206
89,89,0,582,1914,0,4,388,79,892,184,3,下位,0,143,66
78,78,0,545,2159,0,0,0,477,1966,1924,5,下位,0,0,0
91,91,0,87,33,0,0,0,78,2211,1507,5,下位,0,0,0
541,444,66,214,644,1,0,0,0,0,1,0,下位,0,0,0
97,97,0,214,644,1,1,444,0,0,1,0,下位,0,444,66
311,311,0,405,1066,0,0,0,541,696,-109,4,下位,0,0,0
463,61,66,103,194,0,0,0,311,1118,507,6,下位,0,0,0
402,402,0,103,194,0,1,61,311,1118,507,6,下位,0,61,66
270,270,0,175,659,0,0,0,463,246,73,1,下位,0,0,0
64,64,0,222,359,0,0,0,270,711,349,1,下位,0,0,0
154,85,206,355,1087,0,0,0,64,411,657,3,下位,0,0,0
69,69,0,355,1087,0,1,85,64,411,657,3,下位,0,85,206
697,484,133,239,594,0,0,0,154,1139,1754,5,下位,0,0,0
213,73,66,239,594,0,1,484,154,1139,1754,5,下位,0,484,67
140,140,0,239,594,0,2,557,154,1139,1754,5,下位,0,73,66
406,162,66,117,355,1,0,0,0,0,1,0,下位,0,0,0
244,244,0,117,355,1,1,162,0,0,1,0,下位,0,162,66
696,303,66,367,855,0,0,0,406,407,-181,1,下位,0,0,0
393,393,0,367,855,0,1,303,406,407,-181,1,下位,0,303,66
164,164,0,84,38,0,0,0,696,907,-331,5,下位,0,0,0
88,88,0,153,199,0,0,0,164,90,-506,1,下位,0,0,0
56,56,0,248,716,0,0,0,88,251,-397,2,下位,0,0,0
338,103,132,115,358,1,0,0,0,0,1,0,下位,0,0,0
235,67,66,115,358,1,1,103,0,0,1,0,下位,0,103,66
168,168,0,115,358,1,2,170,0,0,1,0,下位,0,67,66
468,468,0,142,315,0,0,0,338,410,-2,1,下位,0,0,0
97,97,0,290,909,0,0,0,468,367,-390,1,下位,0,0,0
867,150,198,337,1213,0,0,0,97,961,415,4,下位,0,0,0
717,175,132,337,1213,0,1,150,97,961,415,4,下位,0,150,66
542,155,66,337,1213,0,2,325,97,961,415,4,下位,0,175,66
387,387,0,337,1213,0,3,480,97,961,415,4,下位,0,155,66
187,187,0,245,721,1,0,0,0,0,1,0,下位,0,0,0
1216,300,395,149,516,0,0,0,187,773,472,3,下位,0,0,0
916,254,329,149,516,0,1,300,187,773,472,3,下位,0,300,66
662,89,123,149,516,0,2,554,187,773,472,3,下位,0,254,206
573,49,57,149,516,0,3,643,187,773,472,3,下位,0,89,66
524,524,0,149,516,0,4,692,187,773,472,3,下位,0,49,57
95,95,0,62,74,0,0,0,1216,568,-527,1,下位,0,0,0
1165,41,272,233,341,1,0,0,0,0,1,0,下位,0,0,0
1124,900,206,233,341,1,1,41,0,0,1,0,下位,0,41,66
224,224,0,233,341,1,2,941,0,0,1,0,下位,0,900,206
200,200,0,217,553,0,0,0,1165,393,-1213,3,下位,0,0,0
745,89,404,359,1179,0,0,0,200,605,-931,3,下位,0,0,0
656,66,338,359,1179,0,1,89,200,605,-931,3,下位,0,89,66
590,170,272,359,1179,0,2,155,200,605,-931,3,下位,0,66,66
420,189,66,359,1179,0,3,325,200,605,-931,3,下位,0,170,206
231,231,0,359,1179,0,4,514,200,605,-931,3,下位,0,189,66
483,164,272,352,1151,0,0,0,745,1231,-498,4,下位,0,0,0
319,155,206,352,1151,0,1,164,745,1231,-498,4,下位,0,164,66
164,164,0,352,1151,0,2,319,745,1231,-498,4,下位,0,155,206
43,43,0,159,461,0,0,0,483,1203,197,6,下位,0,0,0
1416,94,544,66,67,0,0,0,43,513,641,3,下位,0,0,0
1322,115,338,66,67,0,1,94,43,513,641,3,下位,0,94,206
1207,159,272,66,67,0,2,209,43,513,641,3,下位,0,115,66
1048,375,206,66,67,0,3,368,43,513,641,3,下位,0,159,66
673,673,0,66,67,0,4,743,43,513,641,3,下位,0,375,206
148,82,206,198,522,0,0,0,1416,119,-979,1,下位,0,0,0
66,66,0,198,522,0,1,82,1416,119,-979,1,下位,0,82,206
483,483,0,115,358,1,0,0,0,0,1,0,下位,0,0,0
363,236,132,86,35,0,0,0,483,410,-368,1,下位,0,0,0
127,70,66,86,35,0,1,236,483,410,-368,1,下位,0,236,66
57,57,0,86,35,0,2,306,483,410,-368,1,下位,0,70,66
57,57,0,97,202,0,0,0,363,87,-735,1,下位,0,0,0
191,191,0,285,897,0,0,0,57,254,-573,1,下位,0,0,0
443,350,206,660,1954,0,0,0,191,949,68,4,下位,0,0,0
93,93,0,660,1954,0,1,350,191,949,68,4,下位,0,350,206
651,367,66,94,194,1,0,0,0,0,1,0,下位,0,0,0
284,284,0,94,194,1,1,367,0,0,1,0,下位,0,367,66
362,99,66,65,69,0,0,0,651,246,-737,1,下位,0,0,0
263,263,0,65,69,0,1,99,651,246,-737,1,下位,0,99,66
201,201,0,661,2559,1,0,0,0,0,1,0,下位,0,0,0
199,199,0,329,1161,0,0,0,201,2611,61,8,下位,0,0,0
1392,51,399,184,222,0,0,0,199,1213,953,4,下位,0,0,0
1341,595,196,184,222,0,1,51,199,1213,953,4,下位,0,51,203
746,746,0,184,222,0,2,646,199,1213,953,4,下位,0,595,196
200,200,0,156,352,0,0,0,1392,274,-619,3,下位,0,0,0
201,201,0,114,175,1,0,0,0,0,1,0,下位,0,0,0
550,550,0,120,350,0,0,0,201,227,-96,1,下位,0,0,0
200,200,0,270,861,0,0,0,550,402,-581,1,下位,0,0,0
1756,322,264,650,1943,0,0,0,200,913,9,3,下位,0,0,0
1434,95,198,650,1943,0,1,322,200,913,9,3,下位,0,322,66
1339,763,132,650,1943,0,2,417,200,913,9,3,下位,0,95,66
576,341,66,650,1943,0,3,1180,200,913,9,3,下位,0,763,66
235,235,0,650,1943,0,4,1521,200,913,9,3,下位,0,341,66
639,480,206,221,633,0,0,0,1756,1995,-564,10,下位,0,0,0
159,159,0,221,633,0,1,480,1756,1995,-564,10,下位,0,480,206
1124,149,544,210,466,0,0,0,639,685,-703,4,下位,0,0,0
975,406,478,210,466,0,1,149,639,685,-703,4,下位,0,149,66
569,189,412,210,466,0,2,555,639,685,-703,4,下位,0,406,66
380,295,206,210,466,0,3,744,639,685,-703,4,下位,0,189,206
85,85,0,210,466,0,4,1039,639,685,-703,4,下位,0,295,206
894,401,272,420,1254,1,0,0,0,0,1,0,下位,0,0,0
493,228,206,420,1254,1,1,401,0,0,1,0,下位,0,401,66
265,265,0,420,1254,1,2,629,0,0,1,0,下位,0,228,206
636,432,206,183,335,0,0,0,894,1306,137,6,下位,0,0,0
204,204,0,183,335,0,1,432,894,1306,137,6,下位,0,432,206
200,200,0,202,479,0,0,0,636,387,-296,2,下位,0,0,0
77,77,0,155,381,0,0,0,200,531,-88,4,下位,0,0,0
60,60,0,318,935,0,0,0,77,433,221,2,下位,0,0,0
195,195,0,346,1325,0,0,0,60,987,1111,5,下位,0,0,0
402,402,0,171,355,0,0,0,195,1377,2173,3,下位,0,0,0
108,108,0,155,283,0,0,0,402,407,1932,2,下位,0,0,0
739,372,66,90,28,0,0,0,108,335,2093,3,下位,0,0,0
367,367,0,90,28,0,1,372,108,335,2093,3,下位,0,372,66
323,239,66,225,662,1,0,0,0,0,1,0,下位,0,0,0
84,84,0,225,662,1,1,239,0,0,1,0,下位,0,239,66
1099,270,412,135,228,0,0,0,323,714,261,2,下位,0,0,0
829,333,206,135,228,0,1,270,323,714,261,2,下位,0,270,206
496,496,0,135,228,0,2,603,323,714,261,2,下位,0,333,206
749,170,272,234,612,1,0,0,0,0,1,0,下位,0,0,0
579,400,66,234,612,1,1,170,0,0,1,0,下位,0,170,206
179,179,0,234,612,1,2,570,0,0,1,0,下位,0,400,66
1747,346,404,238,728,1,0,0,0,0,1,0,下位,0,0,0
1401,511,338,238,728,1,1,346,0,0,1,0,下位,0,346,66
890,173,272,238,728,1,2,857,0,0,1,0,下位,0,511,66
717,207,66,238,728,1,3,1030,0,0,1,0,下位,0,173,206
510,510,0,238,728,1,4,1237,0,0,1,0,下位,0,207,66
1236,140,478,260,783,0,0,0,1747,780,-1633,3,下位,0,0,0
1096,136,272,260,783,0,1,140,1747,780,-1633,3,下位,0,140,206
960,268,66,260,783,0,2,276,1747,780,-1633,3,下位,0,136,206
692,692,0,260,783,0,3,544,1747,780,-1633,3,下位,0,268,66
200,200,0,293,817,0,0,0,1236,835,-2313,4,下位,0,0,0
457,400,206,471,1161,0,0,0,200,869,-1767,5,下位,0,0,0
57,57,0,471,1161,0,1,400,200,869,-1767,5,下位,0,400,206
39,39,0,239,605,1,0,0,0,0,1,0,下位,0,0,0
200,200,0,65,69,0,0,0,39,657,595,4,下位,0,0,0
365,132,66,192,533,0,0,0,200,121,393,1,下位,0,0,0
233,233,0,192,533,0,1,132,200,121,393,1,下位,0,132,66
164,164,0,95,205,0,0,0,365,585,455,2,下位,0,0,0
386,133,273,479,1996,1,0,0,0,0,1,0,下位,0,0,0
253,50,206,479,1996,1,1,133,0,0,1,0,下位,0,133,67
203,203,0,479,1996,1,2,183,0,0,1,0,下位,0,50,206
66,66,0,541,1816,0,0,0,386,2048,1699,4,下位,0,0,0
316,316,0,195,518,0,0,0,66,1868,1239,8,下位,0,0,0
696,47,132,329,955,1,0,0,0,0,1,0,下位,0,0,0
649,400,66,329,955,1,1,47,0,0,1,0,下位,0,47,66
249,249,0,329,955,1,2,447,0,0,1,0,下位,0,400,66
1037,809,66,89,30,0,0,0,696,1007,17,3,下位,0,0,0
228,228,0,89,30,0,1,809,696,1007,17,3,下位,0,809,66
87,87,0,332,852,0,0,0,1037,82,-1508,1,下位,0,0,0
146,146,0,70,61,0,0,0,87,904,-744,4,下位,0,0,0
765,201,132,288,836,1,0,0,0,0,1,0,下位,0,0,0
564,202,66,288,836,1,1,201,0,0,1,0,下位,0,201,66
362,362,0,288,836,1,2,403,0,0,1,0,下位,0,202,66
115,115,0,228,350,0,0,0,765,888,-213,3,下位,0,0,0
27,27,0,154,508,1,0,0,0,0,1,0,下位,0,0,0
94,94,0,94,207,1,0,0,0,0,1,0,下位,0,0,0
62,62,0,474,1351,0,0,0,94,259,108,1,下位,0,0,0
200,200,0,309,578,0,0,0,62,1403,1411,6,下位,0,0,0
533,226,66,94,207,0,0,0,200,630,1718,5,下位,0,0,0
307,307,0,94,207,0,1,226,200,630,1718,5,下位,0,226,66
570,570,0,115,358,0,0,0,533,259,1183,1,下位,0,0,0
375,375,0,110,181,1,0,0,0,0,1,0,下位,0,0,0
1499,900,544,196,712,0,0,0,375,233,-371,1,下位,0,0,0
599,186,338,196,712,0,1,900,375,233,-371,1,下位,0,900,206
413,86,272,196,712,0,2,1086,375,233,-371,1,下位,0,186,66
327,84,66,196,712,0,3,1172,375,233,-371,1,下位,0,86,206
243,243,0,196,712,0,4,1256,375,233,-371,1,下位,0,84,66
37,37,0,90,28,1,0,0,0,0,1,0,下位,0,0,0
900,900,0,455,1508,0,0,0,37,80,21,1,下位,0,0,0
124,124,0,1052,3516,0,0,0,900,1560,129,5,下位,0,0,0
48,48,0,390,1614,1,0,0,0,0,1,0,下位,0,0,0
461,93,478,169,260,1,0,0,0,0,1,0,下位,0,0,0
368,130,272,169,260,1,1,93,0,0,1,0,下位,0,93,206
238,124,206,169,260,1,2,223,0,0,1,0,下位,0,130,66
114,114,0,169,260,1,3,347,0,0,1,0,下位,0,124,206
1498,758,272,314,1091,0,0,0,461,312,47,3,下位,0,0,0
740,595,206,314,1091,0,1,758,461,312,47,3,下位,0,758,66
145,145,0,314,1091,0,2,1353,461,312,47,3,下位,0,595,206
474,434,66,96,204,1,0,0,0,0,1,0,下位,0,0,0
40,40,0,96,204,1,1,434,0,0,1,0,下位,0,434,66
476,47,66,273,907,0,0,0,474,256,-442,1,下位,0,0,0
429,429,0,273,907,0,1,47,474,256,-442,1,下位,0,47,66
200,200,0,231,431,0,0,0,476,959,-185,4,下位,0,0,0
667,419,206,293,691,0,0,0,200,483,-25,4,下位,0,0,0
248,248,0,293,691,0,1,419,200,483,-25,4,下位,0,419,206
792,792,0,63,72,0,0,0,667,743,-152,6,下位,0,0,0
834,62,824,115,358,1,0,0,0,0,1,0,下位,0,0,0
772,358,618,115,358,1,1,62,0,0,1,0,下位,0,62,206
414,62,412,115,358,1,2,420,0,0,1,0,下位,0,358,206
352,108,206,115,358,1,3,482,0,0,1,0,下位,0,62,206
244,244,0,115,358,1,4,590,0,0,1,0,下位,0,108,206
697,447,66,667,2545,0,0,0,834,410,-110,1,下位,0,0,0
250,250,0,667,2545,0,1,447,834,410,-110,1,下位,0,447,66
312,312,0,157,192,0,0,0,697,2597,1429,5,下位,0,0,0
171,171,0,179,428,0,0,0,312,244,1170,2,下位,0,0,0
200,200,0,576,1818,0,0,0,171,480,1374,3,下位,0,0,0
131,131,0,152,511,0,0,0,200,1870,599,9,下位,0,0,0
62,62,0,133,416,0,0,0,131,563,951,1,下位,0,0,0
370,148,263,577,1968,0,0,0,62,468,1319,2,下位,0,0,0
222,92,66,577,1968,0,1,148,62,468,1319,2,下位,0,148,197
130,130,0,577,1968,0,2,240,62,468,1319,2,下位,0,92,66
1192,289,132,144,300,0,0,0,370,2020,682,8,下位,0,0,0
903,639,66,144,300,0,1,289,370,2020,682,8,下位,0,289,66
264,264,0,144,300,0,2,928,370,2020,682,8,下位,0,639,66
1217,100,338,305,895,1,0,0,0,0,1,0,下位,0,0,0
1117,95,272,305,895,1,1,100,0,0,1,0,下位,0,100,66
1022,122,66,305,895,1,2,195,0,0,1,0,下位,0,95,206
900,900,0,305,895,1,3,317,0,0,1,0,下位,0,122,66
789,106,66,589,2234,0,0,0,1217,947,-677,4,下位,0,0,0
683,683,0,589,2234,0,1,106,1217,947,-677,4,下位,0,106,66
200,200,0,259,662,0,0,0,789,2286,402,7,下位,0,0,0
1459,313,684,344,1143,1,0,0,0,0,1,0,下位,0,0,0
1146,45,478,344,1143,1,1,313,0,0,1,0,下位,0,313,206
1101,212,272,344,1143,1,2,358,0,0,1,0,下位,0,45,206
889,375,206,344,1143,1,3,570,0,0,1,0,下位,0,212,66
514,514,0,344,1143,1,4,945,0,0,1,0,下位,0,375,206
668,138,66,167,446,0,0,0,1459,1195,-474,3,下位,0,0,0
530,530,0,167,446,0,1,138,1459,1195,-474,3,下位,0,138,66
961,376,198,209,691,1,0,0,0,0,1,0,下位,0,0,0
585,297,132,209,691,1,1,376,0,0,1,0,下位,0,376,66
288,95,66,209,691,1,2,673,0,0,1,0,下位,0,297,66
193,193,0,209,691,1,3,768,0,0,1,0,下位,0,95,66
570,408,206,557,1702,0,0,0,961,743,-607,2,下位,0,0,0
162,162,0,557,1702,0,1,408,961,743,-607,2,下位,0,408,206
89,89,0,260,755,0,0,0,570,1754,434,7,下位,0,0,0
43,43,0,450,1293,0,0,0,89,807,1097,4,下位,0,0,0
630,352,206,278,839,0,0,0,43,1345,33,7,下位,0,0,0
278,278,0,278,839,0,1,352,43,1345,33,7,下位,0,352,206
200,200,0,102,281,0,0,0,630,891,114,3,下位,0,0,0
311,96,132,101,196,0,0,0,200,333,124,2,下位,0,0,0
215,120,66,101,196,0,1,96,200,333,124,2,下位,0,96,66
95,95,0,101,196,0,2,216,200,333,124,2,下位,0,120,66
1343,101,610,421,1503,1,0,0,0,0,1,0,下位,0,0,0
1242,381,544,421,1503,1,1,101,0,0,1,0,下位,0,101,66
861,89,478,421,1503,1,2,482,0,0,1,0,下位,0,381,66
772,63,412,421,1503,1,3,571,0,0,1,0,下位,0,89,66
709,510,206,421,1503,1,4,634,0,0,1,0,下位,0,63,206
199,199,0,421,1503,1,5,1144,0,0,1,0,下位,0,510,206
84,84,0,311,1071,0,0,0,1343,1555,-2,4,下位,0,0,0
1966,558,272,650,2223,0,0,0,84,1123,986,4,下位,0,0,0
1408,901,206,650,2223,0,1,558,84,1123,986,4,下位,0,558,66
507,507,0,650,2223,0,2,1459,84,1123,986,4,下位,0,901,206
242,242,0,335,1157,1,0,0,0,0,1,0,下位,0,0,0
1371,282,272,319,1242,0,0,0,242,1209,820,3,下位,0,0,0
1089,189,206,319,1242,0,1,282,242,1209,820,3,下位,0,282,66
900,900,0,319,1242,0,2,471,242,1209,820,3,下位,0,189,206
1287,311,412,246,914,0,0,0,1371,1294,174,4,下位,0,0,0
976,900,206,246,914,0,1,311,1371,1294,174,4,下位,0,311,206
76,76,0,246,914,0,2,1211,1371,1294,174,4,下位,0,900,206
1520,149,338,360,1205,0,0,0,1287,966,-525,3,下位,0,0,0
1371,255,272,360,1205,0,1,149,1287,966,-525,3,下位,0,149,66
1116,216,66,360,1205,0,2,404,1287,966,-525,3,下位,0,255,206
900,900,0,360,1205,0,3,620,1287,966,-525,3,下位,0,216,66
117,117,0,123,345,1,0,0,0,0,1,0,下位,0,0,0
946,56,412,76,51,0,0,0,117,397,209,1,下位,0,0,0
890,78,206,76,51,0,1,56,117,397,209,1,下位,0,56,206
812,812,0,76,51,0,2,134,117,397,209,1,下位,0,78,206
274,274,0,211,775,0,0,0,946,103,-802,1,下位,0,0,0
1296,243,478,403,969,1,0,0,0,0,1,0,下位,0,0,0
1053,92,412,403,969,1,1,243,0,0,1,0,下位,0,243,66
961,61,206,403,969,1,2,335,0,0,1,0,下位,0,92,206
900,900,0,403,969,1,3,396,0,0,1,0,下位,0,61,206
567,235,206,200,580,1,0,0,0,0,1,0,下位,0,0,0
332,332,0,200,580,1,1,235,0,0,1,0,下位,0,235,206
103,103,0,917,2657,0,0,0,567,632,-75,3,下位,0,0,0
146,146,0,93,209,0,0,0,103,2709,253,14,下位,0,0,0
815,141,478,238,634,1,0,0,0,0,1,0,下位,0,0,0
674,293,412,238,634,1,1,141,0,0,1,0,下位,0,141,66
381,75,206,238,634,1,2,434,0,0,1,0,下位,0,293,206
306,306,0,238,634,1,3,509,0,0,1,0,下位,0,75,206
200,200,0,143,301,0,0,0,815,686,-150,4,下位,0,0,0
284,190,66,142,217,1,0,0,0,0,1,0,下位,0,0,0
94,94,0,142,217,1,1,190,0,0,1,0,下位,0,190,66
42,42,0,134,230,0,0,0,284,269,-122,2,下位,0,0,0
865,94,404,264,563,0,0,0,42,282,92,2,下位,0,0,0
771,162,338,264,563,0,1,94,42,282,92,2,下位,0,94,66
609,110,132,264,563,0,2,256,42,282,92,2,下位,0,162,206
499,261,66,264,563,0,3,366,42,282,92,2,下位,0,110,66
238,238,0,264,563,0,4,627,42,282,92,2,下位,0,261,66
92,92,0,262,567,0,0,0,865,615,-284,4,下位,0,0,0
387,387,0,235,523,0,0,0,92,619,187,4,下位,0,0,0
829,304,132,174,436,0,0,0,387,575,138,3,下位,0,0,0
525,269,66,174,436,0,1,304,387,575,138,3,下位,0,304,66
256,256,0,174,436,0,2,573,387,575,138,3,下位,0,269,66
305,305,0,1037,3131,0,0,0,829,488,-579,3,下位,0,0,0
55,55,0,422,1337,0,0,0,305,3183,2112,15,下位,0,0,0
119,119,0,87,33,0,0,0,55,1389,1123,7,下位,0,0,0
725,401,272,187,319,1,0,0,0,0,1,0,下位,0,0,0
324,132,66,187,319,1,1,401,0,0,1,0,下位,0,401,206
192,192,0,187,319,1,2,533,0,0,1,0,下位,0,132,66
405,61,206,408,1399,1,0,0,0,0,1,0,下位,0,0,0
344,344,0,408,1399,1,1,61,0,0,1,0,下位,0,61,206
201,201,0,212,560,1,0,0,0,0,1,0,下位,0,0,0
106,106,0,131,333,0,0,0,201,612,289,3,下位,0,0,0
2045,90,478,250,897,0,0,0,106,385,503,1,下位,0,0,0
1955,803,272,250,897,0,1,90,106,385,503,1,下位,0,90,206
1152,252,206,250,897,0,2,893,106,385,503,1,下位,0,803,66
900,900,0,250,897,0,3,1145,106,385,503,1,下位,0,252,206
634,53,198,77,49,0,0,0,2045,949,-1368,3,下位,0,0,0
581,237,132,77,49,0,1,53,2045,949,-1368,3,下位,0,53,66
344,235,66,77,49,0,2,290,2045,949,-1368,3,下位,0,237,66
109,109,0,77,49,0,3,525,2045,949,-1368,3,下位,0,235,66
261,106,66,87,218,0,0,0,634,101,-2091,1,下位,0,0,0
155,155,0,87,218,0,1,106,634,101,-2091,1,下位,0,106,66
818,201,66,106,185,1,0,0,0,0,1,0,下位,0,0,0
617,617,0,106,185,1,1,201,0,0,1,0,下位,0,201,66
383,221,66,245,721,0,0,0,818,237,-1015,1,下位,0,0,0
162,162,0,245,721,0,1,221,818,237,-1015,1,下位,0,221,66
195,148,206,118,168,0,0,0,383,773,-793,3,下位,0,0,0
47,47,0,118,168,0,1,148,383,773,-793,3,下位,0,148,206
658,74,272,199,582,0,0,0,195,220,-682,1,下位,0,0,0
584,312,66,199,582,0,1,74,195,220,-682,1,下位,0,74,206
272,272,0,199,582,0,2,386,195,220,-682,1,下位,0,312,66
200,200,0,408,1259,0,0,0,658,634,-837,3,下位,0,0,0
150,23,66,105,189,1,0,0,0,0,1,0,下位,0,0,0
127,127,0,105,189,1,1,23,0,0,1,0,下位,0,23,66
351,351,0,115,358,0,0,0,150,241,66,1,下位,0,0,0
243,109,206,190,411,0,0,0,351,410,-90,1,下位,0,0,0
134,134,0,190,411,0,1,109,351,410,-90,1,下位,0,109,206
121,121,0,73,56,0,0,0,243,463,187,3,下位,0,0,0
87,87,0,187,329,0,0,0,121,108,100,1,下位,0,0,0
289,39,57,305,896,0,0,0,87,381,341,2,下位,0,0,0
250,250,0,305,896,0,1,39,87,381,341,2,下位,0,39,57
192,192,0,780,2688,0,0,0,289,948,880,4,下位,0,0,0
128,128,0,1190,4117,0,0,0,192,2740,690,14,下位,0,0,0
362,216,66,449,1207,0,0,0,128,4169,2393,13,下位,0,0,0
146,146,0,449,1207,0,1,216,128,4169,2393,13,下位,0,216,66
1284,418,478,303,973,0,0,0,362,1259,805,6,下位,0,0,0
866,250,272,303,973,0,1,418,362,1259,805,6,下位,0,418,206
616,409,206,303,973,0,2,668,362,1259,805,6,下位,0,250,66
207,207,0,303,973,0,3,1077,362,1259,805,6,下位,0,409,206
176,176,0,317,1148,0,0,0,1284,1025,238,3,下位,0,0,0
291,124,66,602,2203,0,0,0,176,1200,1154,5,下位,0,0,0
167,167,0,602,2203,0,1,124,176,1200,1154,5,下位,0,124,66
354,76,272,148,207,1,0,0,0,0,1,0,下位,0,0,0
278,180,206,148,207,1,1,76,0,0,1,0,下位,0,76,66
98,98,0,148,207,1,2,256,0,0,1,0,下位,0,180,206
341,206,206,356,997,0,0,0,354,259,-39,2,下位,0,0,0
135,135,0,356,997,0,1,206,354,259,-39,2,下位,0,206,206
92,92,0,129,325,0,0,0,341,1049,666,4,下位,0,0,0
2099,148,676,434,1503,0,0,0,92,377,895,3,下位,0,0,0
1951,61,470,434,1503,0,1,148,92,377,895,3,下位,0,148,206
1890,245,404,434,1503,0,2,209,92,377,895,3,下位,0,61,66
1645,204,338,434,1503,0,3,454,92,377,895,3,下位,0,245,66
1441,199,272,434,1503,0,4,658,92,377,895,3,下位,0,204,66
1242,519,206,434,1503,0,5,857,92,377,895,3,下位,0,199,66
723,723,0,434,1503,0,6,1376,92,377,895,3,下位,0,519,206
615,615,0,89,215,0,0,0,2099,1555,-259,7,下位,0,0,0
600,26,132,115,358,1,0,0,0,0,1,0,下位,0,0,0
574,198,66,115,358,1,1,26,0,0,1,0,下位,0,26,66
376,376,0,115,358,1,2,224,0,0,1,0,下位,0,198,66
1901,900,750,1173,4258,0,0,0,600,410,-424,1,下位,0,0,0
1001,316,544,1173,4258,0,1,900,600,410,-424,1,下位,0,900,206
685,142,478,1173,4258,0,2,1216,600,410,-424,1,下位,0,316,66
543,71,272,1173,4258,0,3,1358,600,410,-424,1,下位,0,142,206
472,66,206,1173,4258,0,4,1429,600,410,-424,1,下位,0,71,66
406,406,0,1173,4258,0,5,1495,600,410,-424,1,下位,0,66,206
200,200,0,280,974,0,0,0,1901,4310,1569,14,下位,0,0,0
318,246,66,70,61,0,0,0,200,1026,2272,2,下位,0,0,0
72,72,0,70,61,0,1,246,200,1026,2272,2,下位,0,246,66
78,78,0,410,1308,0,0,0,318,113,1938,1,下位,0,0,0
397,116,66,297,821,0,0,0,78,1360,854,4,下位,0,0,0
281,281,0,297,821,0,1,116,78,1360,854,4,下位,0,116,66
602,461,272,115,173,1,0,0,0,0,1,0,下位,0,0,0
141,61,66,115,173,1,1,461,0,0,1,0,下位,0,461,206
80,80,0,115,173,1,2,522,0,0,1,0,下位,0,61,66
326,225,66,353,1205,1,0,0,0,0,1,0,下位,0,0,0
101,101,0,353,1205,1,1,225,0,0,1,0,下位,0,225,66
1884,892,269,271,765,0,0,0,326,1257,798,4,下位,0,0,0
992,92,206,271,765,0,1,892,326,1257,798,4,下位,0,892,63
900,900,0,271,765,0,2,984,326,1257,798,4,下位,0,92,206
687,77,66,74,54,1,0,0,0,0,1,0,下位,0,0,0
610,610,0,74,54,1,1,77,0,0,1,0,下位,0,77,66
456,378,66,261,880,0,0,0,687,106,-935,1,下位,0,0,0
78,78,0,261,880,0,1,378,687,106,-935,1,下位,0,378,66
188,188,0,104,191,0,0,0,456,932,-673,3,下位,0,0,0
826,180,206,85,37,0,0,0,188,243,-733,1,下位,0,0,0
646,646,0,85,37,0,1,180,188,243,-733,1,下位,0,180,206
533,403,66,200,520,0,0,0,826,89,-1770,1,下位,0,0,0
130,130,0,200,520,0,1,403,826,89,-1770,1,下位,0,403,66
792,150,206,216,582,1,0,0,0,0,1,0,下位,0,0,0
642,642,0,216,582,1,1,150,0,0,1,0,下位,0,150,206
399,333,66,197,628,1,0,0,0,0,1,0,下位,0,0,0
66,66,0,197,628,1,1,333,0,0,1,0,下位,0,333,66
1441,200,478,391,1300,0,0,0,399,680,104,1,下位,0,0,0
1241,87,412,391,1300,0,1,200,399,680,104,1,下位,0,200,66
1154,900,206,391,1300,0,2,287,399,680,104,1,下位,0,87,206
254,254,0,391,1300,0,3,1187,399,680,104,1,下位,0,900,206
100,100,0,167,547,0,0,0,1441,1352,-391,6,下位,0,0,0
100,100,0,225,540,0,0,0,100,599,47,2,下位,0,0,0
71,71,0,296,697,0,0,0,100,592,478,3,下位,0,0,0
1911,73,750,160,498,1,0,0,0,0,1,0,下位,0,0,0
1838,555,684,160,498,1,1,73,0,0,1,0,下位,0,73,66
1283,366,478,160,498,1,2,628,0,0,1,0,下位,0,555,206
917,461,272,160,498,1,3,994,0,0,1,0,下位,0,366,206
456,324,206,160,498,1,4,1455,0,0,1,0,下位,0,461,66
132,132,0,160,498,1,5,1779,0,0,1,0,下位,0,324,206
878,92,272,152,511,0,0,0,1911,550,-1782,1,下位,0,0,0
786,105,206,152,511,0,1,92,1911,550,-1782,1,下位,0,92,66
681,681,0,152,511,0,2,197,1911,550,-1782,1,下位,0,105,206
325,91,66,314,1066,0,0,0,878,563,-2362,1,下位,0,0,0
234,234,0,314,1066,0,1,91,878,563,-2362,1,下位,0,91,66
210,40,132,115,358,0,0,0,325,1118,-1702,4,下位,0,0,0
170,88,66,115,358,0,1,40,325,1118,-1702,4,下位,0,40,66
82,82,0,115,358,0,2,128,325,1118,-1702,4,下位,0,88,66
1204,902,206,320,859,0,0,0,210,410,-1499,1,下位,0,0,0
302,302,0,320,859,0,1,902,210,410,-1499,1,下位,0,902,206
489,46,66,115,358,1,0,0,0,0,1,0,下位,0,0,0
443,443,0,115,358,1,1,46,0,0,1,0,下位,0,46,66
356,285,66,118,354,1,0,0,0,0,1,0,下位,0,0,0
71,71,0,118,354,1,1,285,0,0,1,0,下位,0,285,66
565,360,66,974,3446,1,0,0,0,0,1,0,下位,0,0,0
205,205,0,974,3446,1,1,360,0,0,1,0,下位,0,360,66
68,68,0,114,175,1,0,0,0,0,1,0,下位,0,0,0
761,333,478,258,700,0,0,0,68,227,118,1,下位,0,0,0
428,82,412,258,700,0,1,333,68,227,118,1,下位,0,333,66
346,192,206,258,700,0,2,415,68,227,118,1,下位,0,82,206
154,154,0,258,700,0,3,607,68,227,118,1,下位,0,192,206
495,353,66,103,193,0,0,0,761,752,121,3,下位,0,0,0
142,142,0,103,193,0,1,353,761,752,121,3,下位,0,353,66
435,435,0,115,358,0,0,0,495,245,-366,1,下位,0,0,0
2195,266,404,256,802,0,0,0,435,410,-658,1,下位,0,0,0
1929,306,338,256,802,0,1,266,435,410,-658,1,下位,0,266,66
1623,527,272,256,802,0,2,572,435,410,-658,1,下位,0,306,66
1096,900,206,256,802,0,3,1099,435,410,-658,1,下位,0,527,66
196,196,0,256,802,0,4,1999,435,410,-658,1,下位,0,900,206
126,126,0,452,1191,0,0,0,2195,854,-2941,2,下位,0,0,0
158,158,0,211,649,0,0,0,126,1243,-1901,8,下位,0,0,0
333,123,206,269,741,1,0,0,0,0,1,0,下位,0,0,0
210,210,0,269,741,1,1,123,0,0,1,0,下位,0,123,206
200,200,0,127,241,0,0,0,333,793,463,4,下位,0,0,0
1005,400,206,365,1244,0,0,0,200,293,433,2,下位,0,0,0
605,605,0,365,1244,0,1,400,200,293,433,2,下位,0,400,206
2305,900,618,212,686,0,0,0,1005,1296,314,7,下位,0,0,0
1405,336,412,212,686,0,1,900,1005,1296,314,7,下位,0,900,206
1069,278,206,212,686,0,2,1236,1005,1296,314,7,下位,0,336,206
791,791,0,212,686,0,3,1514,1005,1296,314,7,下位,0,278,206
49,49,0,155,506,1,0,0,0,0,1,0,下位,0,0,0
580,177,66,711,2547,0,0,0,49,558,480,1,下位,0,0,0
403,403,0,711,2547,0,1,177,49,558,480,1,下位,0,177,66
831,295,272,102,194,0,0,0,580,2599,2210,11,下位,0,0,0
536,462,66,102,194,0,1,295,580,2599,2210,11,下位,0,295,206
74,74,0,102,194,0,2,757,580,2599,2210,11,下位,0,462,66
159,159,0,262,780,0,0,0,831,246,1388,1,下位,0,0,0
195,195,0,231,617,0,0,0,159,832,1964,4,下位,0,0,0
82,82,0,303,985,0,0,0,195,669,2318,4,下位,0,0,0
200,200,0,335,807,0,0,0,82,1037,832,3,下位,0,0,0
200,200,0,478,1471,0,0,0,200,859,1368,6,下位,0,0,0
20,20,0,483,1336,1,0,0,0,0,1,0,下位,0,0,0
1051,144,206,703,1844,0,0,0,20,1388,1357,6,下位,0,0,0
907,907,0,703,1844,0,1,144,20,1388,1357,6,下位,0,144,206
229,74,66,259,880,1,0,0,0,0,1,0,下位,0,0,0
155,155,0,259,880,1,1,74,0,0,1,0,下位,0,74,66
254,254,0,401,1073,0,0,0,229,932,630,3,下位,0,0,0
55,55,0,411,1101,0,0,0,254,1125,1345,7,下位,0,0,0
177,177,0,176,347,1,0,0,0,0,1,0,下位,0,0,0
626,626,0,231,618,0,0,0,177,399,115,2,下位,0,0,0
587,401,66,139,407,1,0,0,0,0,1,0,下位,0,0,0
186,186,0,139,407,1,1,401,0,0,1,0,下位,0,401,66
75,75,0,176,434,0,0,0,587,459,-421,2,下位,0,0,0
200,200,0,118,168,0,0,0,75,486,-56,3,下位,0,0,0
152,152,0,95,205,0,0,0,200,220,-159,1,下位,0,0,0
806,685,66,436,1414,0,0,0,152,257,-147,1,下位,0,0,0
121,121,0,436,1414,0,1,685,152,257,-147,1,下位,0,685,66
629,126,272,109,183,0,0,0,806,1466,85,6,下位,0,0,0
503,385,66,109,183,0,1,126,806,1466,85,6,下位,0,126,206
118,118,0,109,183,0,2,511,806,1466,85,6,下位,0,385,66
302,302,0,456,1819,0,0,0,629,235,-422,1,下位,0,0,0
151,151,0,131,419,0,0,0,302,1871,962,4,下位,0,0,0
483,483,0,115,358,0,0,0,151,471,1189,2,下位,0,0,0
723,723,0,269,583,0,0,0,483,410,820,1,下位,0,0,0
1180,88,602,178,469,0,0,0,723,635,289,4,下位,0,0,0
1092,237,536,178,469,0,1,88,723,635,289,4,下位,0,88,66
855,90,470,178,469,0,2,325,723,635,289,4,下位,0,237,66
765,194,404,178,469,0,3,415,723,635,289,4,下位,0,90,66
571,274,338,178,469,0,4,609,723,635,289,4,下位,0,194,66
297,65,272,178,469,0,5,883,723,635,289,4,下位,0,274,66
232,118,66,178,469,0,6,948,723,635,289,4,下位,0,65,206
114,114,0,178,469,0,7,1066,723,635,289,4,下位,0,118,66
460,191,272,90,28,1,0,0,0,0,1,0,下位,0,0,0
269,159,66,90,28,1,1,191,0,0,1,0,下位,0,191,206
110,110,0,90,28,1,2,350,0,0,1,0,下位,0,159,66
714,714,0,87,218,0,0,0,460,80,-388,1,下位,0,0,0
1142,861,132,150,389,0,0,0,714,270,-1270,1,下位,0,0,0
281,222,66,150,389,0,1,861,714,270,-1270,1,下位,0,861,66
59,59,0,150,389,0,2,1083,714,270,-1270,1,下位,0,222,66
553,361,66,281,710,0,0,0,1142,441,-2539,2,下位,0,0,0
192,192,0,281,710,0,1,361,1142,441,-2539,2,下位,0,361,66
277,70,272,75,53,0,0,0,553,762,-2603,6,下位,0,0,0
207,120,206,75,53,0,1,70,553,762,-2603,6,下位,0,70,66
87,87,0,75,53,0,2,190,553,762,-2603,6,下位,0,120,206
36,36,0,298,808,0,0,0,277,105,-2673,1,下位,0,0,0
2459,177,404,420,1754,1,0,0,0,0,1,0,下位,0,0,0
2282,678,198,420,1754,1,1,177,0,0,1,0,下位,0,177,206
1604,401,132,420,1754,1,2,855,0,0,1,0,下位,0,678,66
1203,539,66,420,1754,1,3,1256,0,0,1,0,下位,0,401,66
664,664,0,420,1754,1,4,1795,0,0,1,0,下位,0,539,66
378,378,0,316,924,0,0,0,2459,1806,-1755,5,下位,0,0,0
123,123,0,76,51,0,0,0,378,976,-1389,5,下位,0,0,0
706,39,66,419,1566,1,0,0,0,0,1,0,下位,0,0,0
667,667,0,419,1566,1,1,39,0,0,1,0,下位,0,39,66
151,151,0,268,868,0,0,0,706,1618,546,5,下位,0,0,0
305,35,66,1066,4046,1,0,0,0,0,1,0,下位,0,0,0
270,270,0,1066,4046,1,1,35,0,0,1,0,下位,0,35,66
57,57,0,88,217,0,0,0,305,4098,1355,12,下位,0,0,0
1012,788,66,416,1445,0,0,0,57,269,1532,1,下位,0,0,0
224,224,0,416,1445,0,1,788,57,269,1532,1,下位,0,788,66
100,100,0,524,1697,0,0,0,1012,1497,1463,6,下位,0,0,0
188,188,0,165,550,0,0,0,100,1749,733,6,下位,0,0,0
648,103,272,301,591,1,0,0,0,0,1,0,下位,0,0,0
545,355,206,301,591,1,1,103,0,0,1,0,下位,0,103,66
190,190,0,301,591,1,2,458,0,0,1,0,下位,0,355,206
200,200,0,216,680,0,0,0,648,643,-129,5,下位,0,0,0
137,137,0,157,279,0,0,0,200,732,280,2,下位,0,0,0
629,629,0,330,1127,0,0,0,137,331,390,3,下位,0,0,0
2157,116,684,2595,8811,1,0,0,0,0,1,0,下位,0,0,0
2041,900,618,2595,8811,1,1,116,0,0,1,0,下位,0,116,66
1141,231,412,2595,8811,1,2,1016,0,0,1,0,下位,0,900,206
910,134,206,2595,8811,1,3,1247,0,0,1,0,下位,0,231,206
776,776,0,2595,8811,1,4,1381,0,0,1,0,下位,0,134,206
200,200,0,436,1314,0,0,0,2157,8863,1281,41,下位,0,0,0
1039,165,132,417,1199,0,0,0,200,1366,63,7,下位,0,0,0
874,549,66,417,1199,0,1,165,200,1366,63,7,下位,0,165,66
325,325,0,417,1199,0,2,714,200,1366,63,7,下位,0,549,66
739,269,203,96,191,1,0,0,0,0,1,0,下位,0,0,0
470,470,0,96,191,1,1,269,0,0,1,0,下位,0,269,203
621,621,0,412,1619,0,0,0,739,243,-745,1,下位,0,0,0
1084,96,198,108,171,0,0,0,621,1671,-76,6,下位,0,0,0
988,60,132,108,171,0,1,96,621,1671,-76,6,下位,0,96,66
928,689,66,108,171,0,2,156,621,1671,-76,6,下位,0,60,66
239,239,0,108,171,0,3,845,621,1671,-76,6,下位,0,689,66
148,148,0,341,1023,0,0,0,1084,223,-1403,1,下位,0,0,0
1302,402,66,333,1012,1,0,0,0,0,1,0,下位,0,0,0
900,900,0,333,1012,1,1,402,0,0,1,0,下位,0,402,66
200,200,0,512,1427,0,0,0,1302,1064,-969,4,下位,0,0,0
100,100,0,327,777,0,0,0,200,1479,187,9,下位,0,0,0
452,360,196,1991,6854,0,0,0,100,829,855,6,下位,0,0,0
92,92,0,1991,6854,0,1,360,100,829,855,6,下位,0,360,196
685,168,198,157,562,1,0,0,0,0,1,0,下位,0,0,0
517,109,132,157,562,1,1,168,0,0,1,0,下位,0,168,66
408,221,66,157,562,1,2,277,0,0,1,0,下位,0,109,66
187,187,0,157,562,1,3,498,0,0,1,0,下位,0,221,66
586,369,66,483,1625,0,0,0,685,614,-292,2,下位,0,0,0
217,217,0,483,1625,0,1,369,685,614,-292,2,下位,0,369,66
94,94,0,481,1320,0,0,0,586,1677,506,9,下位,0,0,0
900,900,0,250,897,0,0,0,94,1372,1726,8,下位,0,0,0
354,354,0,62,74,0,0,0,900,949,1223,3,下位,0,0,0
139,139,0,113,176,1,0,0,0,0,1,0,下位,0,0,0
1274,900,206,495,1715,0,0,0,139,228,5,1,下位,0,0,0
374,374,0,495,1715,0,1,900,139,228,5,1,下位,0,900,206
663,345,206,115,355,0,0,0,1274,1767,-77,6,下位,0,0,0
318,318,0,115,355,0,1,345,1274,1767,-77,6,下位,0,345,206
1020,336,272,295,600,0,0,0,663,407,-533,1,下位,0,0,0
684,76,206,295,600,0,1,336,663,407,-533,1,下位,0,336,66
608,608,0,295,600,0,2,412,663,407,-533,1,下位,0,76,206
815,62,531,402,1468,1,0,0,0,0,1,0,下位,0,0,0
753,221,338,402,1468,1,1,62,0,0,1,0,下位,0,62,193
532,297,272,402,1468,1,2,283,0,0,1,0,下位,0,221,66
235,58,66,402,1468,1,3,580,0,0,1,0,下位,0,297,206
177,177,0,402,1468,1,4,638,0,0,1,0,下位,0,58,66
200,200,0,247,689,0,0,0,815,1520,738,6,下位,0,0,0
200,200,0,145,397,0,0,0,200,741,1156,3,下位,0,0,0
200,200,0,423,1560,0,0,0,200,449,1282,2,下位,0,0,0
866,274,412,147,519,0,0,0,200,1612,2571,5,下位,0,0,0
592,258,206,147,519,0,1,274,200,1612,2571,5,下位,0,274,206
334,334,0,147,519,0,2,532,200,1612,2571,5,下位,0,258,206
1338,242,404,94,207,0,0,0,866,571,2157,1,下位,0,0,0
1096,80,338,94,207,0,1,242,866,571,2157,1,下位,0,242,66
1016,551,272,94,207,0,2,322,866,571,2157,1,下位,0,80,66
465,142,66,94,207,0,3,873,866,571,2157,1,下位,0,551,206
323,323,0,94,207,0,4,1015,866,571,2157,1,下位,0,142,66
229,229,0,433,1482,0,0,0,1338,259,662,1,下位,0,0,0
561,201,272,219,735,1,0,0,0,0,1,0,下位,0,0,0
360,274,66,219,735,1,1,201,0,0,1,0,下位,0,201,206
86,86,0,219,735,1,2,475,0,0,1,0,下位,0,274,66
114,114,0,110,181,0,0,0,561,787,155,3,下位,0,0,0
134,134,0,202,576,0,0,0,114,233,204,1,下位,0,0,0
99,99,0,178,616,0,0,0,134,628,616,3,下位,0,0,0
200,200,0,594,2012,0,0,0,99,668,1124,3,下位,0,0,0
137,83,66,98,201,0,0,0,200,2064,492,7,下位,0,0,0
54,54,0,98,201,0,1,83,200,2064,492,7,下位,0,83,66
200,200,0,80,131,0,0,0,137,253,590,1,下位,0,0,0
486,401,66,118,168,1,0,0,0,0,1,0,下位,0,0,0
85,85,0,118,168,1,1,401,0,0,1,0,下位,0,401,66
100,100,0,118,169,0,0,0,486,220,-497,1,下位,0,0,0
112,112,0,331,813,0,0,0,100,221,-437,1,下位,0,0,0
746,135,132,200,668,1,0,0,0,0,1,0,下位,0,0,0
611,197,66,200,668,1,1,135,0,0,1,0,下位,0,135,66
414,414,0,200,668,1,2,332,0,0,1,0,下位,0,197,66
766,247,132,379,1359,0,0,0,746,720,-351,4,下位,0,0,0
519,237,66,379,1359,0,1,247,746,720,-351,4,下位,0,247,66
282,282,0,379,1359,0,2,484,746,720,-351,4,下位,0,237,66
94,94,0,320,1018,0,0,0,766,1411,-43,4,下位,0,0,0
664,319,412,198,213,0,0,0,94,1070,875,6,下位,0,0,0
345,176,206,198,213,0,1,319,94,1070,875,6,下位,0,319,206
169,169,0,198,213,0,2,495,94,1070,875,6,下位,0,176,206
