REGゲーム数,当該REGゲーム数,REG枚数,ATゲーム数,AT枚数,朝イチ,スルー回数,AT間ゲーム数,前回AT当選ゲーム数,前回AT獲得枚数,前回差枚数,前回連荘数,前回種別,機種別条件,前回REG当選ゲーム数,前回REG獲得枚数
319,319,0,160,683,1,0,0,0,0,1,0,下位,0,0,0
226,226,0,91,388,0,0,0,319,699,185,1,下位,0,0,0
216,216,0,76,271,0,0,0,226,404,224,1,下位,0,0,0
622,622,0,204,793,0,0,0,216,287,163,1,下位,0,0,0
168,168,0,105,427,0,0,0,622,809,-31,4,下位,0,0,0
537,537,0,134,549,0,0,0,168,443,141,2,下位,0,0,0
412,412,0,21,39,0,0,0,537,565,-160,2,下位,0,0,0
51,51,0,26,62,0,1,412,537,565,-160,2,下位,0,412,55
374,374,0,77,318,0,2,463,537,565,-160,2,下位,0,51,78
648,648,0,24,55,0,0,0,837,334,-1043,1,下位,0,0,0
157,157,0,87,321,0,1,648,837,334,-1043,1,下位,0,648,71
344,344,0,896,4013,1,0,0,0,0,1,0,下位,0,0,0
157,157,0,456,2012,0,0,0,344,4029,805,8,上位,0,0,0
55,55,0,25,60,0,0,0,157,2028,367,8,上位,0,0,0
139,139,0,25,60,0,1,55,157,2028,367,8,上位,0,55,76
38,38,0,174,805,0,2,194,157,2028,367,8,上位,0,139,76
250,250,0,23,47,0,0,0,232,821,966,1,下位,0,0,0
202,202,0,602,2848,0,1,250,232,821,966,1,下位,0,250,63
614,614,0,26,62,0,0,0,452,2864,529,4,下位,0,0,0
158,158,0,167,715,0,1,614,452,2864,529,4,下位,0,614,78
137,137,0,25,60,0,0,0,772,731,93,2,下位,0,0,0
548,548,0,121,480,0,1,137,772,731,93,2,下位,0,137,76
359,359,0,76,282,0,0,0,685,496,-440,1,下位,0,0,0
696,696,0,25,58,0,0,0,359,298,-721,1,下位,0,0,0
233,233,0,70,235,0,1,696,359,298,-721,1,下位,0,696,74
237,237,0,67,240,1,0,0,0,0,1,0,下位,0,0,0
866,866,0,281,1263,0,0,0,237,256,-125,1,下位,0,0,0
145,145,0,115,409,0,0,0,866,1279,-243,3,下位,0,0,0
185,185,0,25,58,0,0,0,145,425,-52,2,下位,0,0,0
145,145,0,85,306,0,1,185,145,425,-52,2,下位,0,185,74
163,163,0,23,49,0,0,0,330,322,-189,1,下位,0,0,0
812,812,0,756,3398,0,1,163,330,322,-189,1,下位,0,163,65
84,84,0,74,271,0,0,0,975,3414,1717,7,下位,0,0,0
342,342,0,75,288,1,0,0,0,0,1,0,下位,0,0,0
82,82,0,26,62,0,0,0,342,304,-247,1,下位,0,0,0
208,208,0,26,62,0,1,82,342,304,-247,1,下位,0,82,78
156,156,0,129,511,0,2,290,342,304,-247,1,下位,0,208,78
681,681,0,107,427,0,0,0,446,527,-284,2,下位,0,0,0
162,162,0,25,58,0,0,0,681,443,-939,2,下位,0,0,0
112,112,0,133,462,0,1,162,681,443,-939,2,下位,0,162,74
83,83,0,82,288,0,0,0,274,478,-829,3,下位,0,0,0
379,379,0,84,317,0,0,0,83,304,-659,1,下位,0,0,0
359,359,0,351,1596,0,0,0,379,333,-937,1,下位,0,0,0
168,168,0,101,380,0,0,0,359,1612,96,4,下位,0,0,0
172,172,0,24,56,0,0,0,168,396,221,1,下位,0,0,0
405,405,0,26,64,0,1,172,168,396,221,1,下位,0,172,72
154,154,0,26,62,0,2,577,168,396,221,1,下位,0,405,80
160,160,0,88,374,0,3,731,168,396,221,1,下位,0,154,78
690,690,0,24,56,0,0,0,891,390,-597,1,下位,0,0,0
140,140,0,71,228,0,1,690,891,390,-597,1,下位,0,690,72
434,434,0,72,242,0,0,0,830,244,-1620,1,下位,0,0,0
957,957,0,240,1046,0,0,0,434,258,-2062,1,下位,0,0,0
69,69,0,23,48,0,0,0,957,1062,-2544,2,下位,0,0,0
389,389,0,130,525,0,1,69,957,1062,-2544,2,下位,0,69,64
100,100,0,223,963,0,0,0,458,541,-2677,1,下位,0,0,0
316,316,0,24,52,0,0,0,100,979,-1859,4,下位,0,0,0
293,293,0,136,520,0,1,316,100,979,-1859,4,下位,0,316,68
110,110,0,76,298,1,0,0,0,0,1,0,下位,0,0,0
242,242,0,75,252,0,0,0,110,314,138,1,下位,0,0,0
908,908,0,120,495,0,0,0,242,268,16,1,下位,0,0,0
83,83,0,28,72,0,0,0,908,511,-938,1,下位,0,0,0
523,523,0,148,621,0,1,83,908,511,-938,1,下位,0,83,88
177,177,0,843,3786,0,0,0,606,637,-1191,1,下位,0,0,0
169,169,0,62,228,0,0,0,177,3802,2326,8,上位,0,0,0
367,367,0,25,60,0,0,0,169,244,2297,1,下位,0,0,0
695,695,0,25,58,0,1,367,169,244,2297,1,下位,0,367,76
326,326,0,23,49,0,2,1062,169,244,2297,1,下位,0,695,74
524,524,0,62,218,0,3,1388,169,244,2297,1,下位,0,326,65
298,298,0,137,556,0,0,0,1912,234,-338,1,下位,0,0,0
277,277,0,76,280,0,0,0,298,572,-247,2,下位,0,0,0
310,310,0,121,457,0,0,0,277,296,-398,1,下位,0,0,0
478,478,0,89,337,0,0,0,310,473,-425,2,下位,0,0,0
274,274,0,129,464,1,0,0,0,0,1,0,下位,0,0,0
177,177,0,229,928,0,0,0,274,480,39,2,下位,0,0,0
138,138,0,26,64,0,0,0,177,944,698,4,下位,0,0,0
682,682,0,25,60,0,1,138,177,944,698,4,下位,0,138,80
166,166,0,76,269,0,2,820,177,944,698,4,下位,0,682,76
137,137,0,135,551,0,0,0,986,285,-452,1,下位,0,0,0
457,457,0,73,301,0,0,0,137,567,-106,2,下位,0,0,0
363,363,0,23,47,0,0,0,457,317,-526,1,下位,0,0,0
361,361,0,100,377,0,1,363,457,317,-526,1,下位,0,363,63
401,401,0,80,314,0,0,0,724,393,-1238,1,下位,0,0,0
223,223,0,24,56,0,0,0,401,330,-1555,1,下位,0,0,0
185,185,0,154,592,0,1,223,401,330,-1555,1,下位,0,223,72
149,149,0,101,442,0,0,0,408,608,-1533,3,下位,0,0,0
27,27,0,25,60,0,0,0,149,458,-1315,1,下位,0,0,0
504,504,0,75,296,0,1,27,149,458,-1315,1,下位,0,27,76
532,532,0,24,54,0,0,0,531,312,-1784,1,下位,0,0,0
600,600,0,72,277,0,1,532,531,312,-1784,1,下位,0,532,70
292,292,0,576,2468,0,0,0,1132,293,-3247,1,下位,0,0,0
392,392,0,127,523,0,0,0,292,2484,-1234,8,上位,0,0,0
353,353,0,24,56,1,0,0,0,0,1,0,下位,0,0,0
129,129,0,24,54,1,1,353,0,0,1,0,下位,0,353,72
718,718,0,122,454,1,2,482,0,0,1,0,下位,0,129,70
140,140,0,81,283,0,0,0,1200,470,-1322,2,下位,0,0,0
156,156,0,24,56,0,0,0,140,299,-1249,1,下位,0,0,0
134,134,0,28,72,0,1,156,140,299,-1249,1,下位,0,156,72
598,598,0,214,1005,0,2,290,140,299,-1249,1,下位,0,134,88
152,152,0,255,1191,0,0,0,888,1021,-1501,1,下位,0,0,0
852,852,0,24,56,0,0,0,152,1207,-539,1,下位,0,0,0
175,175,0,25,60,0,1,852,152,1207,-539,1,下位,0,852,72
94,94,0,110,415,0,2,1027,152,1207,-539,1,下位,0,175,76
251,251,0,109,477,0,0,0,1121,431,-1768,2,下位,0,0,0
220,220,0,968,4100,0,0,0,251,493,-1680,1,下位,0,0,0
140,140,0,554,2585,1,0,0,0,0,1,0,下位,0,0,0
152,152,0,24,56,0,0,0,140,2601,2376,3,下位,0,0,0
377,377,0,25,58,0,1,152,140,2601,2376,3,下位,0,152,72
246,246,0,112,455,0,2,529,140,2601,2376,3,下位,0,377,74
521,521,0,25,60,0,0,0,775,471,1743,1,下位,0,0,0
804,804,0,25,59,0,1,521,775,471,1743,1,下位,0,521,76
156,156,0,25,60,0,2,1325,775,471,1743,1,下位,0,804,75
133,133,0,104,408,0,3,1481,775,471,1743,1,下位,0,156,76
368,368,0,78,314,0,0,0,1614,424,-210,1,下位,0,0,0
185,185,0,78,271,0,0,0,368,330,-474,1,下位,0,0,0
711,711,0,454,1964,0,0,0,185,287,-485,1,下位,0,0,0
239,239,0,79,291,1,0,0,0,0,1,0,下位,0,0,0
152,152,0,954,4307,0,0,0,239,307,-77,1,下位,0,0,0
380,380,0,141,530,0,0,0,152,4323,4001,11,上位,0,0,0
95,95,0,24,54,0,0,0,380,546,453,2,下位,0,0,0
694,694,0,25,58,0,1,95,380,546,453,2,下位,0,95,70
185,185,0,97,421,0,2,789,380,546,453,2,下位,0,694,74
348,348,0,22,43,0,0,0,974,437,-536,1,下位,0,0,0
358,358,0,22,43,0,1,348,974,437,-536,1,下位,0,348,59
277,277,0,97,418,0,2,706,974,437,-536,1,下位,0,358,59
242,242,0,21,41,0,0,0,983,434,-1570,1,下位,0,0,0
163,163,0,25,58,0,1,242,983,434,-1570,1,下位,0,242,57
589,589,0,258,1134,0,2,405,983,434,-1570,1,下位,0,163,74
63,63,0,25,60,0,0,0,994,1150,-1892,3,下位,0,0,0
142,142,0,128,498,0,1,63,994,1150,-1892,3,下位,0,63,76
374,374,0,26,64,0,0,0,205,514,-1633,2,下位,0,0,0
92,92,0,78,265,0,1,374,205,514,-1633,2,下位,0,374,80
316,316,0,146,535,0,0,0,466,281,-2023,1,下位,0,0,0
163,163,0,62,183,0,0,0,316,551,-1982,3,下位,0,0,0
124,124,0,94,392,0,0,0,163,199,-2046,1,下位,0,0,0
183,183,0,108,449,0,0,0,124,408,-1838,1,下位,0,0,0
515,515,0,157,605,0,0,0,183,465,-1668,1,下位,0,0,0
132,132,0,25,60,1,0,0,0,0,1,0,下位,0,0,0
152,152,0,96,410,1,1,132,0,0,1,0,下位,0,132,76
293,293,0,110,392,0,0,0,284,426,45,1,下位,0,0,0
138,138,0,130,506,0,0,0,293,408,-20,2,下位,0,0,0
117,117,0,25,58,0,0,0,138,522,279,2,下位,0,0,0
162,162,0,26,62,0,1,117,138,522,279,2,下位,0,117,74
452,452,0,26,64,0,2,279,138,522,279,2,下位,0,162,78
222,222,0,76,268,0,3,731,138,522,279,2,下位,0,452,80
267,267,0,111,388,0,0,0,953,284,-742,1,下位,0,0,0
164,164,0,26,64,0,0,0,267,404,-769,2,下位,0,0,0
104,104,0,26,64,0,1,164,267,404,-769,2,下位,0,164,80
630,630,0,80,287,0,2,268,267,404,-769,2,下位,0,104,80
783,783,0,791,3714,0,0,0,898,303,-1755,1,下位,0,0,0
620,620,0,135,556,0,0,0,783,3730,712,5,下位,0,0,0
537,537,0,25,60,0,0,0,620,572,284,2,下位,0,0,0
217,217,0,23,47,0,1,537,620,572,284,2,下位,0,537,76
116,116,0,88,317,0,2,754,620,572,284,2,下位,0,217,63
169,169,0,872,4043,0,0,0,870,333,-647,1,下位,0,0,0
87,87,0,25,60,0,0,0,169,4059,3139,5,下位,0,0,0
103,103,0,106,395,0,1,87,169,4059,3139,5,下位,0,87,76
139,139,0,432,1969,0,0,0,190,411,334,2,下位,0,0,0
620,620,0,88,376,0,0,0,139,1985,2095,3,下位,0,0,0
272,272,0,232,1002,1,0,0,0,0,1,0,下位,0,0,0
225,225,0,152,655,0,0,0,272,1018,580,4,下位,0,0,0
151,151,0,171,716,0,0,0,225,671,888,2,下位,0,0,0
167,167,0,24,54,0,0,0,151,732,1376,2,下位,0,0,0
52,52,0,25,60,0,1,167,151,732,1376,2,下位,0,167,70
277,277,0,98,426,0,2,219,151,732,1376,2,下位,0,52,76
392,392,0,81,338,0,0,0,496,442,1164,1,下位,0,0,0
806,806,0,26,64,0,0,0,392,354,886,1,下位,0,0,0
360,360,0,121,497,0,1,806,392,354,886,1,下位,0,806,80
151,151,0,84,333,0,0,0,1166,513,-402,2,下位,0,0,0
359,359,0,91,334,0,0,0,151,349,-297,1,下位,0,0,0
48,48,0,24,54,0,0,0,359,350,-526,1,下位,0,0,0
137,137,0,26,64,0,1,48,359,350,-526,1,下位,0,48,70
166,166,0,84,316,0,2,185,359,350,-526,1,下位,0,137,80
878,878,0,163,652,0,0,0,351,332,-611,1,下位,0,0,0
999,999,0,25,60,0,0,0,878,668,-1359,2,下位,0,0,0
160,160,0,257,1026,0,1,999,878,668,-1359,2,下位,0,999,76
148,148,0,26,62,1,0,0,0,0,1,0,下位,0,0,0
153,153,0,104,396,1,1,148,0,0,1,0,下位,0,148,78
35,35,0,24,54,0,0,0,301,412,5,2,下位,0,0,0
751,751,0,117,410,0,1,35,301,412,5,2,下位,0,35,70
324,324,0,79,287,0,0,0,786,426,-767,2,下位,0,0,0
311,311,0,112,436,0,0,0,324,303,-987,1,下位,0,0,0
266,266,0,67,244,0,0,0,311,452,-1037,2,下位,0,0,0
174,174,0,171,637,0,0,0,266,260,-1206,1,下位,0,0,0
685,685,0,26,62,0,0,0,174,653,-834,3,下位,0,0,0
138,138,0,104,398,0,1,685,174,653,-834,3,下位,0,685,78
697,697,0,121,441,0,0,0,823,414,-1670,1,下位,0,0,0
166,166,0,1007,4781,0,0,0,697,457,-2337,2,下位,0,0,0
179,179,0,110,443,0,0,0,166,4797,2192,6,下位,0,0,0
157,157,0,26,62,0,0,0,179,459,129,2,下位,0,0,0
129,129,0,72,263,0,1,157,179,459,129,2,下位,0,157,78
145,145,0,452,1946,1,0,0,0,0,1,0,下位,0,0,0
248,248,0,132,539,0,0,0,145,1962,1729,5,下位,0,0,0
168,168,0,26,64,0,0,0,248,555,1884,2,下位,0,0,0
167,167,0,26,62,0,1,168,248,555,1884,2,下位,0,168,80
160,160,0,1728,7814,0,2,335,248,555,1884,2,下位,0,167,78
254,254,0,24,52,0,0,0,495,7830,6261,24,上位,0,0,0
170,170,0,25,58,0,1,254,495,7830,6261,24,上位,0,254,68
580,580,0,84,306,0,2,424,495,7830,6261,24,上位,0,170,74
130,130,0,25,58,0,0,0,1004,322,239,1,下位,0,0,0
534,534,0,25,60,0,1,130,1004,322,239,1,下位,0,130,74
133,133,0,79,303,0,2,664,1004,322,239,1,下位,0,534,76
129,129,0,67,215,0,0,0,797,319,-578,1,下位,0,0,0
143,143,0,84,304,0,0,0,129,231,-555,1,下位,0,0,0
137,137,0,25,60,0,0,0,143,320,-466,1,下位,0,0,0
77,77,0,114,406,0,1,137,143,320,-466,1,下位,0,137,76
64,64,0,69,260,0,0,0,214,422,-313,2,下位,0,0,0
152,152,0,95,348,0,0,0,64,276,-140,1,下位,0,0,0
155,155,0,118,493,1,0,0,0,0,1,0,下位,0,0,0
81,81,0,98,422,0,0,0,155,509,260,2,下位,0,0,0
985,985,0,81,280,0,0,0,81,438,567,1,下位,0,0,0
137,137,0,104,378,0,0,0,985,296,-726,1,下位,0,0,0
175,175,0,25,58,0,0,0,137,394,-553,2,下位,0,0,0
152,152,0,114,413,0,1,175,137,394,-553,2,下位,0,175,74
800,800,0,164,645,0,0,0,327,429,-577,2,下位,0,0,0
444,444,0,25,60,0,0,0,800,661,-1206,2,下位,0,0,0
399,399,0,137,617,0,1,444,800,661,-1206,2,下位,0,444,76
357,357,0,24,56,0,0,0,843,633,-1857,1,下位,0,0,0
162,162,0,180,729,0,1,357,843,633,-1857,1,下位,0,357,72
148,148,0,79,270,0,0,0,519,745,-1877,3,下位,0,0,0
388,388,0,25,60,0,0,0,148,286,-1830,1,下位,0,0,0
133,133,0,126,534,0,1,388,148,286,-1830,1,下位,0,388,76
702,702,0,99,416,0,0,0,521,550,-2045,1,下位,0,0,0
351,351,0,16,12,1,0,0,0,0,1,0,下位,0,0,0
310,310,0,16,15,1,1,351,0,0,1,0,下位,0,351,28
174,174,0,84,351,1,2,661,0,0,1,0,下位,0,310,31
681,681,0,25,58,0,0,0,835,367,-920,1,下位,0,0,0
371,371,0,82,334,0,1,681,835,367,-920,1,下位,0,681,74
696,696,0,23,47,0,0,0,1052,350,-2193,1,下位,0,0,0
390,390,0,69,264,0,1,696,1052,350,-2193,1,下位,0,696,63
308,308,0,26,62,0,0,0,1086,280,-3602,1,下位,0,0,0
727,727,0,82,309,0,1,308,1086,280,-3602,1,下位,0,308,78
139,139,0,88,326,0,0,0,1035,325,-4869,1,下位,0,0,0
268,268,0,25,60,0,0,0,139,342,-4751,1,下位,0,0,0
155,155,0,246,1068,0,1,268,139,342,-4751,1,下位,0,268,76
872,872,0,69,239,0,0,0,423,1084,-4273,3,下位,0,0,0
137,137,0,24,56,1,0,0,0,0,1,0,下位,0,0,0
115,115,0,25,58,1,1,137,0,0,1,0,下位,0,137,72
155,155,0,257,1160,1,2,252,0,0,1,0,下位,0,115,74
160,160,0,26,62,0,0,0,407,1176,666,1,下位,0,0,0
273,273,0,134,509,0,1,160,407,1176,666,1,下位,0,160,78
75,75,0,68,222,0,0,0,433,525,571,2,下位,0,0,0
339,339,0,26,62,0,0,0,75,238,688,1,下位,0,0,0
239,239,0,413,1707,0,1,339,75,238,688,1,下位,0,339,78
167,167,0,71,272,0,0,0,578,1723,1557,7,下位,0,0,0
160,160,0,24,52,0,0,0,167,288,1576,1,下位,0,0,0
140,140,0,97,354,0,1,160,167,288,1576,1,下位,0,160,68
232,232,0,24,56,0,0,0,300,370,1530,2,下位,0,0,0
359,359,0,25,60,0,1,232,300,370,1530,2,下位,0,232,72
172,172,0,26,62,0,2,591,300,370,1530,2,下位,0,359,76
613,613,0,179,774,0,3,763,300,370,1530,2,下位,0,172,78
749,749,0,69,234,0,0,0,1376,790,326,2,下位,0,0,0
334,334,0,24,54,0,0,0,749,250,-632,1,下位,0,0,0
358,358,0,190,699,0,1,334,749,250,-632,1,下位,0,334,70
95,95,0,26,62,0,0,0,692,715,-963,4,下位,0,0,0
394,394,0,23,47,0,1,95,692,715,-963,4,下位,0,95,78
692,692,0,25,60,0,2,489,692,715,-963,4,下位,0,394,63
345,345,0,101,370,0,3,1181,692,715,-963,4,下位,0,692,76
688,688,0,165,698,1,0,0,0,0,1,0,下位,0,0,0
73,73,0,241,933,0,0,0,688,714,-395,3,下位,0,0,0
162,162,0,25,58,0,0,0,73,949,436,5,下位,0,0,0
69,69,0,25,60,0,1,162,73,949,436,5,下位,0,162,74
143,143,0,100,434,0,2,231,73,949,436,5,下位,0,69,76
998,998,0,23,48,0,0,0,374,450,433,1,下位,0,0,0
211,211,0,25,60,0,1,998,374,450,433,1,下位,0,998,64
174,174,0,90,381,0,2,1209,374,450,433,1,下位,0,211,76
171,171,0,26,62,0,0,0,1383,397,-1261,1,下位,0,0,0
992,992,0,22,45,0,1,171,1383,397,-1261,1,下位,0,171,78
598,598,0,240,1136,0,2,1163,1383,397,-1261,1,下位,0,992,61
154,154,0,26,62,0,0,0,1761,1152,-2811,1,下位,0,0,0
176,176,0,26,64,0,1,154,1761,1152,-2811,1,下位,0,154,78
141,141,0,26,62,0,2,330,1761,1152,-2811,1,下位,0,176,80
216,216,0,27,70,0,3,471,1761,1152,-2811,1,下位,0,141,78
81,81,0,784,3804,0,4,687,1761,1152,-2811,1,下位,0,216,86
62,62,0,88,335,0,0,0,768,3820,90,2,下位,0,0,0
711,711,0,116,419,0,0,0,62,351,341,1,下位,0,0,0
396,396,0,26,62,0,0,0,711,435,-371,2,下位,0,0,0
142,142,0,151,584,0,1,396,711,435,-371,2,下位,0,396,78
138,138,0,104,383,0,0,0,538,600,-561,2,下位,0,0,0
674,674,0,26,64,1,0,0,0,0,1,0,下位,0,0,0
143,143,0,23,49,1,1,674,0,0,1,0,下位,0,674,80
255,255,0,158,644,1,2,817,0,0,1,0,下位,0,143,65
86,86,0,73,246,0,0,0,1072,660,-923,3,下位,0,0,0
832,832,0,91,357,0,0,0,86,262,-800,1,下位,0,0,0
344,344,0,25,60,0,0,0,832,373,-1769,1,下位,0,0,0
261,261,0,25,58,0,1,344,832,373,-1769,1,下位,0,344,76
168,168,0,98,424,0,2,605,832,373,-1769,1,下位,0,261,74
148,148,0,25,58,0,0,0,773,440,-2426,1,下位,0,0,0
157,157,0,24,56,0,1,148,773,440,-2426,1,下位,0,148,74
397,397,0,119,457,0,2,305,773,440,-2426,1,下位,0,157,72
413,413,0,25,60,0,0,0,702,473,-2939,2,下位,0,0,0
162,162,0,134,555,0,1,413,702,473,-2939,2,下位,0,413,76
112,112,0,79,280,1,0,0,0,0,1,0,下位,0,0,0
718,718,0,122,516,0,0,0,112,296,116,1,下位,0,0,0
137,137,0,26,62,0,0,0,718,532,-510,1,下位,0,0,0
306,306,0,26,63,0,1,137,718,532,-510,1,下位,0,137,78
123,123,0,232,950,0,2,443,718,532,-510,1,下位,0,306,79
613,613,0,107,403,0,0,0,566,966,-300,4,下位,0,0,0
288,288,0,215,978,0,0,0,613,419,-870,2,下位,0,0,0
47,47,0,26,64,0,0,0,288,994,-341,1,下位,0,0,0
169,169,0,68,248,0,1,47,288,994,-341,1,下位,0,47,80
69,69,0,25,58,0,0,0,216,264,-346,1,下位,0,0,0
162,162,0,252,985,0,1,69,216,264,-346,1,下位,0,69,74
390,390,0,26,62,0,0,0,231,1001,357,5,下位,0,0,0
302,302,0,74,293,0,1,390,231,1001,357,5,下位,0,390,78
143,143,0,24,56,0,0,0,692,309,-372,1,下位,0,0,0
353,353,0,21,41,0,1,143,692,309,-372,1,下位,0,143,72
357,357,0,26,62,0,2,496,692,309,-372,1,下位,0,353,57
562,562,0,152,592,0,3,853,692,309,-372,1,下位,0,357,78
157,157,0,26,62,0,0,0,1415,608,-1839,3,下位,0,0,0
360,360,0,103,377,0,1,157,1415,608,-1839,3,下位,0,157,78
175,175,0,26,64,0,0,0,517,393,-2202,2,下位,0,0,0
123,123,0,22,43,0,1,175,517,393,-2202,2,下位,0,175,80
118,118,0,138,579,0,2,298,517,393,-2202,2,下位,0,123,59
151,151,0,25,58,0,0,0,416,595,-2139,2,下位,0,0,0
409,409,0,71,254,0,1,151,416,595,-2139,2,下位,0,151,74
341,341,0,115,450,1,0,0,0,0,1,0,下位,0,0,0
145,145,0,108,398,0,0,0,341,466,-83,1,下位,0,0,0
694,694,0,1742,7956,0,0,0,145,414,97,2,下位,0,0,0
143,143,0,110,400,0,0,0,694,7972,6950,20,上位,0,0,0
144,144,0,22,43,0,0,0,143,416,327,2,下位,0,0,0
357,357,0,83,320,0,1,144,143,416,327,2,下位,0,144,59
131,131,0,140,484,0,0,0,501,336,-86,1,下位,0,0,0
71,71,0,170,693,0,0,0,131,500,203,3,下位,0,0,0
193,193,0,67,208,0,0,0,71,709,797,3,下位,0,0,0
89,89,0,22,45,0,0,0,193,224,710,1,下位,0,0,0
138,138,0,24,56,0,1,89,193,224,710,1,下位,0,89,61
998,998,0,25,60,0,2,227,193,224,710,1,下位,0,138,72
361,361,0,24,54,0,3,1225,193,224,710,1,下位,0,998,76
145,145,0,96,416,0,4,1586,193,224,710,1,下位,0,361,70
335,335,0,25,58,1,0,0,0,0,1,0,下位,0,0,0
161,161,0,80,274,1,1,335,0,0,1,0,下位,0,335,74
998,998,0,26,64,0,0,0,496,290,-435,1,下位,0,0,0
334,334,0,258,1172,0,1,998,496,290,-435,1,下位,0,998,80
943,943,0,1257,5742,0,0,0,1332,1188,-1316,1,下位,0,0,0
362,362,0,24,54,0,0,0,943,5758,2921,15,上位,0,0,0
166,166,0,118,443,0,1,362,943,5758,2921,15,上位,0,362,70
67,67,0,73,244,0,0,0,528,459,378,2,下位,0,0,0
330,330,0,74,243,1,0,0,0,0,1,0,下位,0,0,0
162,162,0,24,54,0,0,0,330,259,-272,1,下位,0,0,0
73,73,0,132,520,0,1,162,330,259,-272,1,下位,0,162,70
694,694,0,59,216,0,0,0,235,536,-45,3,下位,0,0,0
723,723,0,157,615,0,0,0,694,232,-932,1,下位,0,0,0
142,142,0,191,771,0,0,0,723,631,-1467,3,下位,0,0,0
121,121,0,309,1403,0,0,0,142,787,-909,2,下位,0,0,0
171,171,0,88,376,0,0,0,121,1419,315,3,下位,0,0,0
380,380,0,26,64,0,0,0,171,392,431,1,下位,0,0,0
162,162,0,118,469,0,1,380,171,392,431,1,下位,0,380,80
149,149,0,179,681,0,0,0,542,485,122,1,下位,0,0,0
360,360,0,26,62,0,0,0,149,697,579,4,下位,0,0,0
150,150,0,26,64,0,1,360,149,697,579,4,下位,0,360,78
32,32,0,271,1103,0,2,510,149,697,579,4,下位,0,150,80
153,153,0,74,280,0,0,0,542,1119,981,5,下位,0,0,0
135,135,0,78,313,0,0,0,153,296,1030,1,下位,0,0,0
171,171,0,76,282,0,0,0,135,329,1141,1,下位,0,0,0
386,386,0,25,58,0,0,0,171,298,1163,1,下位,0,0,0
148,148,0,25,58,0,1,386,171,298,1163,1,下位,0,386,74
167,167,0,22,44,0,2,534,171,298,1163,1,下位,0,148,74
1000,1000,0,75,296,0,3,701,171,298,1163,1,下位,0,167,60
42,42,0,26,64,0,0,0,1701,312,-1061,1,下位,0,0,0
696,696,0,26,64,0,1,42,1701,312,-1061,1,下位,0,42,80
141,141,0,26,62,0,2,738,1701,312,-1061,1,下位,0,696,80
360,360,0,24,54,0,3,879,1701,312,-1061,1,下位,0,141,78
400,400,0,114,502,0,4,1239,1701,312,-1061,1,下位,0,360,70
243,243,0,106,406,1,0,0,0,0,1,0,下位,0,0,0
284,284,0,76,312,0,0,0,243,422,31,1,下位,0,0,0
169,169,0,25,60,0,0,0,284,328,-99,1,下位,0,0,0
69,69,0,550,2487,0,1,169,284,328,-99,1,下位,0,169,76
291,291,0,25,58,0,0,0,238,2503,2096,6,下位,0,0,0
140,140,0,141,552,0,1,291,238,2503,2096,6,下位,0,291,74
288,288,0,126,508,0,0,0,431,568,2043,2,下位,0,0,0
111,111,0,24,56,0,0,0,288,524,2102,2,下位,0,0,0
81,81,0,25,60,0,1,111,288,524,2102,2,下位,0,111,72
144,144,0,26,64,0,2,192,288,524,2102,2,下位,0,81,76
379,379,0,26,62,0,3,336,288,524,2102,2,下位,0,144,80
144,144,0,105,458,0,4,715,288,524,2102,2,下位,0,379,78
99,99,0,75,280,0,0,0,859,474,1497,1,下位,0,0,0
137,137,0,186,715,0,0,0,99,296,1633,1,下位,0,0,0
473,473,0,146,522,0,0,0,137,731,2143,3,下位,0,0,0
164,164,0,121,444,0,0,0,473,538,1918,3,下位,0,0,0
379,379,0,71,238,0,0,0,164,460,2113,2,下位,0,0,0
159,159,0,162,595,0,0,0,379,254,1756,1,下位,0,0,0
128,128,0,26,64,0,0,0,159,611,2111,3,下位,0,0,0
998,998,0,26,62,0,1,128,159,611,2111,3,下位,0,128,80
154,154,0,79,276,0,2,1126,159,611,2111,3,下位,0,998,78
289,289,0,25,60,0,0,0,1280,292,496,1,下位,0,0,0
529,529,0,240,978,0,1,289,1280,292,496,1,下位,0,289,76
168,168,0,84,301,0,0,0,818,994,247,4,下位,0,0,0
333,333,0,98,392,1,0,0,0,0,1,0,下位,0,0,0
91,91,0,122,461,0,0,0,333,408,-128,1,下位,0,0,0
471,471,0,24,56,0,0,0,91,477,202,2,下位,0,0,0
422,422,0,123,476,0,1,471,91,477,202,2,下位,0,471,72
408,408,0,107,439,0,0,0,893,492,-675,2,下位,0,0,0
111,111,0,70,251,0,0,0,408,455,-878,2,下位,0,0,0
102,102,0,85,296,0,0,0,111,267,-790,1,下位,0,0,0
126,126,0,171,657,0,0,0,102,312,-643,1,下位,0,0,0
163,163,0,197,789,0,0,0,126,673,-173,3,下位,0,0,0
132,132,0,125,508,0,0,0,163,805,369,3,下位,0,0,0
169,169,0,261,1076,0,0,0,132,524,680,2,下位,0,0,0
126,126,0,1194,5340,1,0,0,0,0,1,0,下位,0,0,0
620,620,0,25,60,0,0,0,126,5356,2777,15,上位,0,0,0
202,202,0,26,62,0,1,620,126,5356,2777,15,上位,0,620,76
407,407,0,26,64,0,2,822,126,5356,2777,15,上位,0,202,78
448,448,0,24,54,0,3,1229,126,5356,2777,15,上位,0,407,80
695,695,0,106,422,0,4,1677,126,5356,2777,15,上位,0,448,70
933,933,0,113,446,0,0,0,2372,438,-308,1,下位,0,0,0
190,190,0,84,356,0,0,0,933,462,-1351,1,下位,0,0,0
177,177,0,148,569,0,0,0,190,372,-1285,1,下位,0,0,0
157,157,0,168,660,0,0,0,177,585,-985,2,下位,0,0,0
199,199,0,26,62,1,0,0,0,0,1,0,下位,0,0,0
156,156,0,137,559,1,1,199,0,0,1,0,下位,0,199,78
641,641,0,153,573,0,0,0,355,575,81,1,下位,0,0,0
143,143,0,25,60,0,0,0,641,589,-364,3,下位,0,0,0
113,113,0,89,324,0,1,143,641,589,-364,3,下位,0,143,76
155,155,0,22,45,0,0,0,256,340,-361,1,下位,0,0,0
194,194,0,25,58,0,1,155,256,340,-361,1,下位,0,155,61
241,241,0,148,674,0,2,349,256,340,-361,1,下位,0,194,74
550,550,0,25,58,0,0,0,590,690,-488,1,下位,0,0,0
136,136,0,25,58,0,1,550,590,690,-488,1,下位,0,550,74
273,273,0,156,671,0,2,686,590,690,-488,1,下位,0,136,74
954,954,0,116,444,0,0,0,959,687,-1199,2,下位,0,0,0
412,412,0,24,56,0,0,0,954,460,-2278,2,下位,0,0,0
998,998,0,25,57,0,1,412,954,460,-2278,2,下位,0,412,72
139,139,0,26,62,0,2,1410,954,460,-2278,2,下位,0,998,73
334,334,0,530,2483,0,3,1549,954,460,-2278,2,下位,0,139,78
570,570,0,102,384,0,0,0,1883,2499,-2594,3,下位,0,0,0
512,512,0,23,47,0,0,0,570,400,-3113,1,下位,0,0,0
102,102,0,25,58,0,1,512,570,400,-3113,1,下位,0,512,63
165,165,0,25,60,0,2,614,570,400,-3113,1,下位,0,102,74
390,390,0,113,450,0,3,779,570,400,-3113,1,下位,0,165,76
90,90,0,72,245,0,0,0,1169,466,-4320,2,下位,0,0,0
389,389,0,180,805,0,0,0,90,261,-4204,1,下位,0,0,0
126,126,0,107,410,1,0,0,0,0,1,0,下位,0,0,0
210,210,0,97,360,0,0,0,126,426,224,1,下位,0,0,0
122,122,0,22,43,0,0,0,210,376,261,1,下位,0,0,0
183,183,0,25,60,0,1,122,210,376,261,1,下位,0,122,59
240,240,0,105,434,0,2,305,210,376,261,1,下位,0,183,76
153,153,0,25,58,0,0,0,545,450,-33,2,下位,0,0,0
33,33,0,149,564,0,1,153,545,450,-33,2,下位,0,153,74
289,289,0,130,497,0,0,0,186,580,321,2,下位,0,0,0
998,998,0,25,58,0,0,0,289,513,368,2,下位,0,0,0
362,362,0,133,546,0,1,998,289,513,368,2,下位,0,998,74
363,363,0,424,1927,0,0,0,1360,562,-1190,1,下位,0,0,0
260,260,0,165,718,0,0,0,363,1943,168,3,下位,0,0,0
387,387,0,109,423,0,0,0,260,734,483,3,下位,0,0,0
375,375,0,113,421,0,0,0,387,439,298,2,下位,0,0,0
180,180,0,90,354,0,0,0,375,437,130,2,下位,0,0,0
324,324,0,25,58,1,0,0,0,0,1,0,下位,0,0,0
654,654,0,24,52,1,1,324,0,0,1,0,下位,0,324,74
120,120,0,25,60,1,2,978,0,0,1,0,下位,0,654,68
200,200,0,26,62,1,3,1098,0,0,1,0,下位,0,120,76
394,394,0,119,476,1,4,1298,0,0,1,0,下位,0,200,78
198,198,0,24,54,0,0,0,1692,492,-1941,2,下位,0,0,0
160,160,0,25,60,0,1,198,1692,492,-1941,2,下位,0,198,70
563,563,0,112,470,0,2,358,1692,492,-1941,2,下位,0,160,76
175,175,0,123,493,0,0,0,921,486,-2794,2,下位,0,0,0
62,62,0,175,759,0,0,0,175,509,-2567,1,下位,0,0,0
235,235,0,163,695,0,0,0,62,775,-1892,2,下位,0,0,0
59,59,0,24,52,0,0,0,235,711,-1560,3,下位,0,0,0
231,231,0,123,492,0,1,59,235,711,-1560,3,下位,0,59,68
167,167,0,25,58,0,0,0,290,508,-1452,2,下位,0,0,0
159,159,0,95,410,0,1,167,290,508,-1452,2,下位,0,167,74
145,145,0,68,250,0,0,0,326,426,-1477,1,下位,0,0,0
998,998,0,105,377,0,0,0,145,266,-1445,1,下位,0,0,0
131,131,0,94,336,0,0,0,998,393,-2662,2,下位,0,0,0
291,291,0,80,306,0,0,0,131,352,-2521,2,下位,0,0,0
358,358,0,24,56,1,0,0,0,0,1,0,下位,0,0,0
301,301,0,26,62,1,1,358,0,0,1,0,下位,0,358,72
259,259,0,139,571,1,2,659,0,0,1,0,下位,0,301,78
109,109,0,81,303,0,0,0,918,587,-744,2,下位,0,0,0
696,696,0,74,283,0,0,0,109,319,-601,1,下位,0,0,0
337,337,0,77,279,0,0,0,696,299,-1425,1,下位,0,0,0
375,375,0,363,1697,0,0,0,337,295,-1674,1,下位,0,0,0
171,171,0,94,371,0,0,0,375,1713,-566,1,下位,0,0,0
159,159,0,26,64,0,0,0,171,387,-455,2,下位,0,0,0
493,493,0,24,54,0,1,159,171,387,-455,2,下位,0,159,80
344,344,0,156,611,0,2,652,171,387,-455,2,下位,0,493,70
551,551,0,83,327,0,0,0,996,627,-1285,3,下位,0,0,0
672,672,0,26,62,1,0,0,0,0,1,0,下位,0,0,0
931,931,0,25,60,1,1,672,0,0,1,0,下位,0,672,78
386,386,0,138,606,1,2,1603,0,0,1,0,下位,0,931,76
170,170,0,219,891,0,0,0,1989,622,-2432,2,下位,0,0,0
248,248,0,81,297,0,0,0,170,907,-1799,4,下位,0,0,0
1000,1000,0,83,302,0,0,0,248,313,-1886,1,下位,0,0,0
708,708,0,26,62,0,0,0,1000,318,-3181,1,下位,0,0,0
138,138,0,23,47,0,1,708,1000,318,-3181,1,下位,0,708,78
156,156,0,194,714,0,2,846,1000,318,-3181,1,下位,0,138,63
70,70,0,132,463,1,0,0,0,0,1,0,下位,0,0,0
405,405,0,22,43,0,0,0,70,479,367,3,下位,0,0,0
126,126,0,26,62,0,1,405,70,479,367,3,下位,0,405,59
313,313,0,91,387,0,2,531,70,479,367,3,下位,0,126,78
371,371,0,97,338,0,0,0,844,403,-454,1,下位,0,0,0
132,132,0,188,817,1,0,0,0,0,1,0,下位,0,0,0
251,251,0,24,56,0,0,0,132,833,621,1,下位,0,0,0
360,360,0,130,503,0,1,251,132,833,621,1,下位,0,251,72
170,170,0,147,591,0,0,0,611,519,226,2,下位,0,0,0
157,157,0,99,428,0,0,0,170,607,559,3,下位,0,0,0
392,392,0,25,60,0,0,0,157,444,750,1,下位,0,0,0
355,355,0,1157,5520,0,1,392,157,444,750,1,下位,0,392,76
521,521,0,270,1284,0,0,0,747,5536,162,7,下位,0,0,0
206,206,0,86,316,0,0,0,521,1300,622,1,下位,0,0,0
325,325,0,26,62,1,0,0,0,0,1,0,下位,0,0,0
473,473,0,24,54,1,1,325,0,0,1,0,下位,0,325,78
430,430,0,83,352,1,2,798,0,0,1,0,下位,0,473,70
136,136,0,74,292,0,0,0,1228,368,-1464,1,下位,0,0,0
192,192,0,25,60,0,0,0,136,308,-1375,1,下位,0,0,0
998,998,0,293,1352,0,1,192,136,308,-1375,1,下位,0,192,76
539,539,0,92,321,0,0,0,1190,1368,-1851,2,下位,0,0,0
657,657,0,61,190,1,0,0,0,0,1,0,下位,0,0,0
998,998,0,99,379,0,0,0,657,206,-853,1,下位,0,0,0
120,120,0,25,58,0,0,0,998,395,-2068,2,下位,0,0,0
901,901,0,75,293,0,1,120,998,395,-2068,2,下位,0,120,74
101,101,0,25,60,0,0,0,1021,309,-3332,1,下位,0,0,0
187,187,0,26,62,0,1,101,1021,309,-3332,1,下位,0,101,76
127,127,0,119,528,0,2,288,1021,309,-3332,1,下位,0,187,78
149,149,0,26,62,0,0,0,415,544,-3304,1,下位,0,0,0
154,154,0,26,62,0,1,149,415,544,-3304,1,下位,0,149,78
552,552,0,26,62,0,2,303,415,544,-3304,1,下位,0,154,78
500,500,0,115,448,0,3,855,415,544,-3304,1,下位,0,552,78
355,355,0,126,563,1,0,0,0,0,1,0,下位,0,0,0
374,374,0,77,274,0,0,0,355,579,7,1,下位,0,0,0
704,704,0,83,329,0,0,0,374,290,-306,1,下位,0,0,0
684,684,0,193,740,0,0,0,704,345,-1096,1,下位,0,0,0
999,999,0,106,347,0,0,0,684,756,-1443,4,下位,0,0,0
174,174,0,25,60,0,0,0,999,363,-2691,2,下位,0,0,0
361,361,0,176,706,0,1,174,999,363,-2691,2,下位,0,174,76
140,140,0,70,268,0,0,0,535,722,-2756,3,下位,0,0,0
379,379,0,100,390,0,0,0,140,284,-2698,1,下位,0,0,0
423,423,0,263,1128,0,0,0,379,406,-2903,2,下位,0,0,0
158,158,0,26,64,0,0,0,423,1144,-2441,3,下位,0,0,0
956,956,0,82,286,0,1,158,423,1144,-2441,3,下位,0,158,80
214,214,0,25,58,1,0,0,0,0,1,0,下位,0,0,0
389,389,0,26,62,1,1,214,0,0,1,0,下位,0,214,74
712,712,0,25,58,1,2,603,0,0,1,0,下位,0,389,78
167,167,0,23,49,1,3,1315,0,0,1,0,下位,0,712,74
332,332,0,69,264,1,4,1482,0,0,1,0,下位,0,167,65
194,194,0,137,558,0,0,0,1814,280,-2354,1,下位,0,0,0
156,156,0,26,64,0,0,0,194,574,-2093,1,下位,0,0,0
998,998,0,147,582,0,1,156,194,574,-2093,1,下位,0,156,80
165,165,0,25,60,1,0,0,0,0,1,0,下位,0,0,0
420,420,0,25,58,1,1,165,0,0,1,0,下位,0,165,76
999,999,0,23,50,1,2,585,0,0,1,0,下位,0,420,74
609,609,0,24,54,1,3,1584,0,0,1,0,下位,0,999,66
472,472,0,89,379,1,4,2193,0,0,1,0,下位,0,609,70
307,307,0,143,518,0,0,0,2665,395,-3616,1,下位,0,0,0
343,343,0,156,601,1,0,0,0,0,1,0,下位,0,0,0
183,183,0,25,60,0,0,0,343,617,65,3,下位,0,0,0
686,686,0,144,581,0,1,183,343,617,65,3,下位,0,183,76
327,327,0,26,62,0,0,0,869,597,-663,3,下位,0,0,0
361,361,0,26,62,0,1,327,869,597,-663,3,下位,0,327,78
125,125,0,130,543,0,2,688,869,597,-663,3,下位,0,361,78
150,150,0,65,223,0,0,0,813,559,-1260,2,下位,0,0,0
984,984,0,26,62,1,0,0,0,0,1,0,下位,0,0,0
620,620,0,104,402,1,1,984,0,0,1,0,下位,0,984,78
172,172,0,178,769,0,0,0,1604,418,-2090,2,下位,0,0,0
332,332,0,304,1290,0,0,0,172,785,-1582,2,下位,0,0,0
346,346,0,26,64,0,0,0,332,1306,-811,6,下位,0,0,0
49,49,0,511,2462,0,1,346,332,1306,-811,6,下位,0,346,80
116,116,0,305,1376,0,0,0,395,2478,1110,1,下位,0,0,0
156,156,0,25,60,0,0,0,116,1392,2315,3,下位,0,0,0
998,998,0,25,60,0,1,156,116,1392,2315,3,下位,0,156,76
62,62,0,131,548,0,2,1154,116,1392,2315,3,下位,0,998,76
154,154,0,141,606,0,0,0,1216,564,1069,2,下位,0,0,0
84,84,0,24,54,0,0,0,154,622,1443,3,下位,0,0,0
257,257,0,73,274,0,1,84,154,622,1443,3,下位,0,84,70
360,360,0,25,60,0,0,0,341,290,1252,1,下位,0,0,0
260,260,0,25,58,0,1,360,341,290,1252,1,下位,0,360,76
527,527,0,21,37,0,2,620,341,290,1252,1,下位,0,260,74
363,363,0,75,286,0,3,1147,341,290,1252,1,下位,0,527,53
349,349,0,25,60,1,0,0,0,0,1,0,下位,0,0,0
96,96,0,26,64,1,1,349,0,0,1,0,下位,0,349,76
192,192,0,174,766,1,2,445,0,0,1,0,下位,0,96,80
715,715,0,19,31,0,0,0,637,782,-89,2,下位,0,0,0
352,352,0,24,56,0,1,715,637,782,-89,2,下位,0,715,47
138,138,0,25,60,0,2,1067,637,782,-89,2,下位,0,352,72
352,352,0,83,336,0,3,1205,637,782,-89,2,下位,0,138,76
954,954,0,26,64,0,0,0,1557,352,-2054,1,下位,0,0,0
330,330,0,916,4376,0,1,954,1557,352,-2054,1,下位,0,954,80
375,375,0,77,303,0,0,0,1284,4392,347,6,下位,0,0,0
283,283,0,24,56,0,0,0,375,319,61,1,下位,0,0,0
89,89,0,26,62,0,1,283,375,319,61,1,下位,0,283,72
334,334,0,103,405,0,2,372,375,319,61,1,下位,0,89,78
162,162,0,176,765,1,0,0,0,0,1,0,下位,0,0,0
623,623,0,215,889,1,0,0,0,0,1,0,下位,0,0,0
379,379,0,258,1085,0,0,0,623,905,-99,2,下位,0,0,0
342,342,0,26,62,0,0,0,379,1101,391,4,下位,0,0,0
304,304,0,25,60,0,1,342,379,1101,391,4,下位,0,342,78
108,108,0,975,4512,0,2,646,379,1101,391,4,下位,0,304,76
357,357,0,26,64,0,0,0,754,4528,3857,10,上位,0,0,0
322,322,0,273,1033,0,1,357,754,4528,3857,10,上位,0,357,80
125,125,0,110,487,1,0,0,0,0,1,0,下位,0,0,0
86,86,0,23,49,0,0,0,125,503,302,1,下位,0,0,0
203,203,0,131,529,0,1,86,125,503,302,1,下位,0,86,65
227,227,0,21,41,0,0,0,289,545,446,2,下位,0,0,0
999,999,0,115,412,0,1,227,289,545,446,2,下位,0,227,57
153,153,0,26,62,0,0,0,1226,428,-1046,2,下位,0,0,0
620,620,0,117,418,0,1,153,1226,428,-1046,2,下位,0,153,78
442,442,0,240,919,0,0,0,773,434,-1781,2,下位,0,0,0
386,386,0,136,569,0,0,0,442,935,-1559,5,下位,0,0,0
157,157,0,70,272,0,0,0,386,585,-1597,2,下位,0,0,0
56,56,0,26,64,0,0,0,157,288,-1562,1,下位,0,0,0
46,46,0,94,352,0,1,56,157,288,-1562,1,下位,0,56,80
287,287,0,114,444,0,0,0,102,368,-1278,1,下位,0,0,0
62,62,0,25,60,0,0,0,287,460,-1281,1,下位,0,0,0
161,161,0,76,261,0,1,62,287,460,-1281,1,下位,0,62,76
330,330,0,230,1070,1,0,0,0,0,1,0,下位,0,0,0
140,140,0,25,58,0,0,0,330,1086,555,1,下位,0,0,0
58,58,0,25,60,0,1,140,330,1086,555,1,下位,0,140,74
134,134,0,170,618,0,2,198,330,1086,555,1,下位,0,58,76
365,365,0,25,60,0,0,0,332,634,803,4,下位,0,0,0
141,141,0,25,58,0,1,365,332,634,803,4,下位,0,365,76
362,362,0,128,572,0,2,506,332,634,803,4,下位,0,141,74
373,373,0,26,62,0,0,0,868,588,140,1,下位,0,0,0
362,362,0,25,60,0,1,373,868,588,140,1,下位,0,373,78
719,719,0,119,513,0,2,735,868,588,140,1,下位,0,362,76
224,224,0,26,64,1,0,0,0,0,1,0,下位,0,0,0
264,264,0,57,196,1,1,224,0,0,1,0,下位,0,224,80
688,688,0,23,50,0,0,0,488,212,-494,1,下位,0,0,0
396,396,0,146,614,0,1,688,488,212,-494,1,下位,0,688,66
358,358,0,23,49,0,0,0,1084,630,-1547,2,下位,0,0,0
382,382,0,76,304,0,1,358,1084,630,-1547,2,下位,0,358,65
129,129,0,113,415,0,0,0,740,320,-2356,1,下位,0,0,0
241,241,0,97,379,0,0,0,129,431,-2133,2,下位,0,0,0
213,213,0,120,496,0,0,0,241,395,-2127,1,下位,0,0,0
151,151,0,25,60,0,0,0,213,512,-1959,2,下位,0,0,0
92,92,0,25,58,0,1,151,213,512,-1959,2,下位,0,151,76
45,45,0,158,587,0,2,243,213,512,-1959,2,下位,0,92,74
359,359,0,23,48,0,0,0,288,603,-1672,3,下位,0,0,0
349,349,0,917,4091,0,1,359,288,603,-1672,3,下位,0,359,64
646,646,0,23,47,1,0,0,0,0,1,0,下位,0,0,0
685,685,0,26,64,1,1,646,0,0,1,0,下位,0,646,63
80,80,0,173,714,1,2,1331,0,0,1,0,下位,0,685,80
377,377,0,107,438,0,0,0,1411,730,-1402,2,下位,0,0,0
315,315,0,82,328,0,0,0,377,454,-1556,2,下位,0,0,0
117,117,0,153,619,0,0,0,315,344,-1720,1,下位,0,0,0
143,143,0,109,426,0,0,0,117,635,-1274,3,下位,0,0,0
349,349,0,21,41,0,0,0,143,442,-1063,2,下位,0,0,0
364,364,0,72,261,0,1,349,143,442,-1063,2,下位,0,349,57
351,351,0,222,873,0,0,0,713,277,-1879,1,下位,0,0,0
115,115,0,68,256,1,0,0,0,0,1,0,下位,0,0,0
356,356,0,712,3357,0,0,0,115,272,88,1,下位,0,0,0
620,620,0,79,308,0,0,0,356,3373,485,4,下位,0,0,0
709,709,0,87,339,0,0,0,620,324,-191,1,下位,0,0,0
407,407,0,141,506,0,0,0,709,355,-980,1,下位,0,0,0
135,135,0,25,60,1,0,0,0,0,1,0,下位,0,0,0
998,998,0,71,238,1,1,135,0,0,1,0,下位,0,135,76
136,136,0,89,371,0,0,0,1133,254,-1497,1,下位,0,0,0
136,136,0,99,403,0,0,0,136,387,-1329,1,下位,0,0,0
184,184,0,25,60,0,0,0,136,419,-1129,1,下位,0,0,0
158,158,0,26,64,0,1,184,136,419,-1129,1,下位,0,184,76
382,382,0,26,62,0,2,342,136,419,-1129,1,下位,0,158,80
120,120,0,25,58,0,3,724,136,419,-1129,1,下位,0,382,78
169,169,0,121,539,0,4,844,136,419,-1129,1,下位,0,120,74
115,115,0,120,509,0,0,0,1013,555,-1901,1,下位,0,0,0
264,264,0,26,64,0,0,0,115,525,-1561,2,下位,0,0,0
33,33,0,147,622,0,1,264,115,525,-1561,2,下位,0,264,80
138,138,0,25,60,0,0,0,297,638,-1322,2,下位,0,0,0
393,393,0,25,58,0,1,138,297,638,-1322,2,下位,0,138,76
358,358,0,24,54,0,2,531,297,638,-1322,2,下位,0,393,74
163,163,0,26,62,0,3,889,297,638,-1322,2,下位,0,358,70
162,162,0,210,933,0,4,1052,297,638,-1322,2,下位,0,163,78
264,264,0,23,47,1,0,0,0,0,1,0,下位,0,0,0
499,499,0,24,56,1,1,264,0,0,1,0,下位,0,264,63
191,191,0,25,60,1,2,763,0,0,1,0,下位,0,499,72
136,136,0,74,275,1,3,954,0,0,1,0,下位,0,191,76
174,174,0,21,40,0,0,0,1090,291,-1255,1,下位,0,0,0
415,415,0,23,50,0,1,174,1090,291,-1255,1,下位,0,174,56
241,241,0,104,428,0,2,589,1090,291,-1255,1,下位,0,415,66
694,694,0,25,60,0,0,0,830,444,-2028,1,下位,0,0,0
506,506,0,61,221,0,1,694,830,444,-2028,1,下位,0,694,76
357,357,0,117,442,0,0,0,1200,237,-3650,1,下位,0,0,0
68,68,0,89,330,0,0,0,357,458,-3768,2,下位,0,0,0
165,165,0,162,621,0,0,0,68,346,-3532,1,下位,0,0,0
193,193,0,25,58,1,0,0,0,0,1,0,下位,0,0,0
602,602,0,113,434,1,1,193,0,0,1,0,下位,0,193,74
499,499,0,24,54,0,0,0,795,450,-757,2,下位,0,0,0
363,363,0,69,224,0,1,499,795,450,-757,2,下位,0,499,70
463,463,0,25,58,1,0,0,0,0,1,0,下位,0,0,0
558,558,0,26,62,1,1,463,0,0,1,0,下位,0,463,74
67,67,0,141,579,1,2,1021,0,0,1,0,下位,0,558,78
162,162,0,159,624,0,0,0,1088,595,-1007,2,下位,0,0,0
273,273,0,112,414,0,0,0,162,640,-628,2,下位,0,0,0
76,76,0,83,347,0,0,0,273,430,-638,2,下位,0,0,0
556,556,0,80,303,0,0,0,76,363,-398,1,下位,0,0,0
64,64,0,77,299,0,0,0,556,319,-976,1,下位,0,0,0
209,209,0,92,397,0,0,0,64,315,-764,1,下位,0,0,0
172,172,0,74,242,0,0,0,209,413,-688,1,下位,0,0,0
148,148,0,288,1282,0,0,0,172,258,-707,1,下位,0,0,0
273,273,0,124,510,0,0,0,148,1298,352,3,下位,0,0,0
375,375,0,186,730,0,0,0,273,526,438,3,下位,0,0,0
69,69,0,25,60,0,0,0,375,746,579,3,下位,0,0,0
392,392,0,25,58,0,1,69,375,746,579,3,下位,0,69,76
998,998,0,117,412,0,2,461,375,746,579,3,下位,0,392,74
325,325,0,115,493,0,0,0,1459,428,-1196,2,下位,0,0,0
629,629,0,25,58,1,0,0,0,0,1,0,下位,0,0,0
307,307,0,25,60,1,1,629,0,0,1,0,下位,0,629,74
375,375,0,25,60,1,2,936,0,0,1,0,下位,0,307,76
82,82,0,121,451,1,3,1311,0,0,1,0,下位,0,375,76
141,141,0,26,62,0,0,0,1393,467,-1553,2,下位,0,0,0
348,348,0,106,417,0,1,141,1393,467,-1553,2,下位,0,141,78
741,741,0,23,47,0,0,0,489,433,-1831,2,下位,0,0,0
392,392,0,25,58,0,1,741,489,433,-1831,2,下位,0,741,63
856,856,0,72,248,0,2,1133,489,433,-1831,2,下位,0,392,74
275,275,0,25,60,0,0,0,1989,264,-4638,1,下位,0,0,0
420,420,0,24,56,0,1,275,1989,264,-4638,1,下位,0,275,76
572,572,0,24,54,0,2,695,1989,264,-4638,1,下位,0,420,72
77,77,0,125,446,0,3,1267,1989,264,-4638,1,下位,0,572,70
34,34,0,25,60,0,0,0,1344,462,-6127,2,下位,0,0,0
397,397,0,85,310,0,1,34,1344,462,-6127,2,下位,0,34,76
385,385,0,162,618,0,0,0,431,326,-6420,1,下位,0,0,0
163,163,0,252,989,0,0,0,385,634,-6407,3,下位,0,0,0
181,181,0,71,272,1,0,0,0,0,1,0,下位,0,0,0
331,331,0,147,598,0,0,0,181,288,-3,1,下位,0,0,0
61,61,0,73,280,0,0,0,331,614,77,2,下位,0,0,0
141,141,0,27,68,0,0,0,61,296,275,1,下位,0,0,0
708,708,0,123,470,0,1,141,61,296,275,1,下位,0,141,84
145,145,0,97,408,0,0,0,849,486,-525,2,下位,0,0,0
251,251,0,73,286,0,0,0,145,424,-335,1,下位,0,0,0
106,106,0,99,355,0,0,0,251,302,-438,1,下位,0,0,0
319,319,0,24,54,0,0,0,106,371,-238,2,下位,0,0,0
185,185,0,103,440,0,1,319,106,371,-238,2,下位,0,319,70
89,89,0,26,62,0,0,0,504,456,-525,1,下位,0,0,0
68,68,0,76,262,0,1,89,504,456,-525,1,下位,0,89,78
711,711,0,86,333,0,0,0,157,278,-423,1,下位,0,0,0
275,275,0,949,4373,0,0,0,711,349,-1221,1,下位,0,0,0
620,620,0,19,28,0,0,0,275,4389,409,8,上位,0,0,0
138,138,0,24,52,0,1,620,275,4389,409,8,上位,0,620,44
456,456,0,25,58,0,2,758,275,4389,409,8,上位,0,138,68
163,163,0,26,64,0,3,1214,275,4389,409,8,上位,0,456,74
121,121,0,117,520,0,4,1377,275,4389,409,8,上位,0,163,80
104,104,0,25,58,1,0,0,0,0,1,0,下位,0,0,0
187,187,0,957,4484,1,1,104,0,0,1,0,下位,0,104,74
402,402,0,59,214,0,0,0,291,4500,1280,8,上位,0,0,0
87,87,0,26,64,0,0,0,402,230,862,1,下位,0,0,0
155,155,0,294,1336,0,1,87,402,230,862,1,下位,0,87,80
46,46,0,25,60,0,0,0,242,1352,1904,2,下位,0,0,0
240,240,0,100,404,0,1,46,242,1352,1904,2,下位,0,46,76
381,381,0,153,630,0,0,0,286,420,1939,1,下位,0,0,0
358,358,0,156,579,0,0,0,381,646,1970,3,下位,0,0,0
998,998,0,107,394,0,0,0,358,595,1988,3,下位,0,0,0
134,134,0,24,56,0,0,0,998,410,788,2,下位,0,0,0
692,692,0,98,361,0,1,134,998,410,788,2,下位,0,134,72
259,259,0,73,242,0,0,0,826,377,-95,1,下位,0,0,0
143,143,0,80,284,0,0,0,259,258,-255,1,下位,0,0,0
141,141,0,25,58,0,0,0,143,300,-186,1,下位,0,0,0
362,362,0,25,60,0,1,141,143,300,-186,1,下位,0,141,74
112,112,0,23,47,0,2,503,143,300,-186,1,下位,0,362,76
358,358,0,24,56,0,3,615,143,300,-186,1,下位,0,112,63
169,169,0,25,58,0,4,973,143,300,-186,1,下位,0,358,72
314,314,0,24,52,0,5,1142,143,300,-186,1,下位,0,169,74
1000,1000,0,185,684,0,6,1456,143,300,-186,1,下位,0,314,68
179,179,0,107,402,0,0,0,2456,700,-3023,4,下位,0,0,0
185,185,0,24,52,0,0,0,179,418,-2894,2,下位,0,0,0
142,142,0,85,335,0,1,185,179,418,-2894,2,下位,0,185,68
535,535,0,80,281,1,0,0,0,0,1,0,下位,0,0,0
121,121,0,28,72,0,0,0,535,297,-565,1,下位,0,0,0
667,667,0,25,60,0,1,121,535,297,-565,1,下位,0,121,88
391,391,0,26,62,0,2,788,535,297,-565,1,下位,0,667,76
359,359,0,218,996,0,3,1179,535,297,-565,1,下位,0,391,78
998,998,0,126,493,0,0,0,1538,1012,-1792,1,下位,0,0,0
178,178,0,76,308,0,0,0,998,509,-2893,2,下位,0,0,0
100,100,0,71,247,0,0,0,178,324,-2856,1,下位,0,0,0
138,138,0,131,482,0,0,0,100,263,-2754,1,下位,0,0,0
67,67,0,24,52,0,0,0,138,498,-2479,2,下位,0,0,0
574,574,0,22,45,0,1,67,138,498,-2479,2,下位,0,67,68
244,244,0,76,314,0,2,641,138,498,-2479,2,下位,0,574,61
441,441,0,24,54,0,0,0,885,330,-3448,1,下位,0,0,0
37,37,0,190,799,0,1,441,885,330,-3448,1,下位,0,441,70
304,304,0,74,299,0,0,0,478,815,-3334,3,下位,0,0,0
333,333,0,82,328,1,0,0,0,0,1,0,下位,0,0,0
183,183,0,24,56,0,0,0,333,344,-192,1,下位,0,0,0
684,684,0,136,487,0,1,183,333,344,-192,1,下位,0,183,72
662,662,0,91,349,0,0,0,867,503,-1015,3,下位,0,0,0
169,169,0,69,262,0,0,0,662,365,-1718,1,下位,0,0,0
59,59,0,150,637,0,0,0,169,278,-1713,1,下位,0,0,0
170,170,0,116,518,0,0,0,59,653,-1155,2,下位,0,0,0
446,446,0,24,54,0,0,0,170,534,-895,1,下位,0,0,0
529,529,0,110,418,0,1,446,170,534,-895,1,下位,0,446,70
146,146,0,26,62,1,0,0,0,0,1,0,下位,0,0,0
265,265,0,75,280,1,1,146,0,0,1,0,下位,0,146,78
351,351,0,26,64,0,0,0,411,296,-288,1,下位,0,0,0
35,35,0,26,64,0,1,351,411,296,-288,1,下位,0,351,80
998,998,0,142,582,0,2,386,411,296,-288,1,下位,0,35,80
933,933,0,85,312,0,0,0,1384,598,-1763,2,下位,0,0,0
375,375,0,792,3585,0,0,0,933,328,-2940,1,下位,0,0,0
243,243,0,76,282,0,0,0,375,3601,56,9,上位,0,0,0
219,219,0,113,447,0,0,0,243,298,-38,1,下位,0,0,0
385,385,0,96,396,0,0,0,219,463,72,2,下位,0,0,0
452,452,0,26,62,0,0,0,385,412,-137,1,下位,0,0,0
111,111,0,114,475,0,1,452,385,412,-137,1,下位,0,452,78
826,826,0,25,58,0,0,0,563,491,-476,1,下位,0,0,0
137,137,0,513,2266,0,1,826,563,491,-476,1,下位,0,826,74
136,136,0,26,62,0,0,0,963,2282,327,6,下位,0,0,0
141,141,0,99,431,0,1,136,963,2282,327,6,下位,0,136,78
113,113,0,176,721,0,0,0,277,447,406,1,下位,0,0,0
768,768,0,122,491,1,0,0,0,0,1,0,下位,0,0,0
691,691,0,107,426,0,0,0,768,507,-731,2,下位,0,0,0
375,375,0,624,2729,0,0,0,691,442,-1404,2,下位,0,0,0
206,206,0,115,480,0,0,0,375,2745,736,10,上位,0,0,0
234,234,0,135,525,0,0,0,206,496,900,2,下位,0,0,0
601,601,0,26,64,0,0,0,234,541,1064,2,下位,0,0,0
78,78,0,25,60,0,1,601,234,541,1064,2,下位,0,601,80
998,998,0,26,62,0,2,679,234,541,1064,2,下位,0,78,76
363,363,0,24,52,0,3,1677,234,541,1064,2,下位,0,998,78
140,140,0,108,474,0,4,2040,234,541,1064,2,下位,0,363,68
148,148,0,117,434,0,0,0,2180,490,-1661,1,下位,0,0,0
165,165,0,24,52,0,0,0,148,450,-1450,2,下位,0,0,0
445,445,0,117,405,0,1,165,148,450,-1450,2,下位,0,165,68
713,713,0,136,612,0,0,0,610,421,-1945,2,下位,0,0,0
74,74,0,25,60,1,0,0,0,0,1,0,下位,0,0,0
274,274,0,143,635,1,1,74,0,0,1,0,下位,0,74,76
132,132,0,93,340,0,0,0,348,651,167,1,下位,0,0,0
26,26,0,25,60,0,0,0,132,356,310,1,下位,0,0,0
382,382,0,126,504,0,1,26,132,356,310,1,下位,0,26,76
994,994,0,26,62,0,0,0,408,520,248,2,下位,0,0,0
620,620,0,74,243,0,1,994,408,520,248,2,下位,0,994,78
378,378,0,24,52,0,0,0,1614,259,-2018,1,下位,0,0,0
833,833,0,24,56,0,1,378,1614,259,-2018,1,下位,0,378,68
134,134,0,126,550,0,2,1211,1614,259,-2018,1,下位,0,833,72
58,58,0,70,270,0,0,0,1345,566,-3482,2,下位,0,0,0
357,357,0,25,60,0,0,0,58,286,-3290,1,下位,0,0,0
835,835,0,25,60,0,1,357,58,286,-3290,1,下位,0,357,76
89,89,0,165,690,0,2,1192,58,286,-3290,1,下位,0,835,76
74,74,0,157,687,0,0,0,1281,706,-4499,3,下位,0,0,0
32,32,0,97,349,0,0,0,74,703,-3915,2,下位,0,0,0
691,691,0,155,662,1,0,0,0,0,1,0,下位,0,0,0
166,166,0,173,763,0,0,0,691,678,-436,2,下位,0,0,0
451,451,0,25,60,0,0,0,166,779,75,2,下位,0,0,0
427,427,0,137,539,0,1,451,166,779,75,2,下位,0,451,76
360,360,0,25,60,0,0,0,878,555,-711,2,下位,0,0,0
162,162,0,76,260,0,1,360,878,555,-711,2,下位,0,360,76
357,357,0,68,252,0,0,0,522,276,-1201,1,下位,0,0,0
182,182,0,25,58,0,0,0,357,268,-1509,1,下位,0,0,0
71,71,0,24,54,0,1,182,357,268,-1509,1,下位,0,182,74
345,345,0,187,814,0,2,253,357,268,-1509,1,下位,0,71,70
258,258,0,102,428,0,0,0,598,830,-1500,3,下位,0,0,0
778,778,0,102,330,0,0,0,258,444,-1472,1,下位,0,0,0
268,268,0,814,3717,0,0,0,778,346,-2381,2,下位,0,0,0
138,138,0,96,413,0,0,0,268,3733,920,8,上位,0,0,0
724,724,0,26,62,0,0,0,138,429,1126,1,下位,0,0,0
164,164,0,132,524,0,1,724,138,429,1126,1,下位,0,724,78
122,122,0,25,58,1,0,0,0,0,1,0,下位,0,0,0
843,843,0,582,2634,1,1,122,0,0,1,0,下位,0,122,74
73,73,0,112,482,0,0,0,965,2650,1168,4,下位,0,0,0
382,382,0,25,60,0,0,0,73,498,1548,1,下位,0,0,0
945,945,0,76,286,0,1,382,73,498,1548,1,下位,0,382,76
205,205,0,26,64,0,0,0,1327,302,-214,1,下位,0,0,0
172,172,0,166,715,0,1,205,1327,302,-214,1,下位,0,205,80
143,143,0,134,527,0,0,0,377,731,-11,2,下位,0,0,0
138,138,0,170,671,0,0,0,143,543,301,2,下位,0,0,0
154,154,0,25,60,0,0,0,138,687,765,3,下位,0,0,0
74,74,0,197,878,0,1,154,138,687,765,3,下位,0,154,76
999,999,0,83,330,0,0,0,228,894,1367,3,下位,0,0,0
235,235,0,120,490,0,0,0,999,346,102,1,下位,0,0,0
685,685,0,108,452,0,0,0,235,506,229,2,下位,0,0,0
141,141,0,141,526,0,0,0,685,468,-408,1,下位,0,0,0
96,96,0,25,60,0,0,0,141,542,-93,3,下位,0,0,0
262,262,0,23,47,0,1,96,141,542,-93,3,下位,0,96,76
1000,1000,0,26,64,0,2,358,141,542,-93,3,下位,0,262,63
92,92,0,26,62,0,3,1358,141,542,-93,3,下位,0,1000,80
356,356,0,83,352,0,4,1450,141,542,-93,3,下位,0,92,78
158,158,0,76,302,0,0,0,1806,368,-2342,1,下位,0,0,0
659,659,0,163,659,1,0,0,0,0,1,0,下位,0,0,0
334,334,0,26,62,0,0,0,659,675,-387,3,下位,0,0,0
401,401,0,117,471,0,1,334,659,675,-387,3,下位,0,334,78
586,586,0,60,214,0,0,0,735,487,-1008,2,下位,0,0,0
383,383,0,105,343,0,0,0,586,230,-1723,1,下位,0,0,0
376,376,0,113,489,0,0,0,383,359,-1982,2,下位,0,0,0
135,135,0,25,60,0,0,0,376,505,-2083,1,下位,0,0,0
187,187,0,181,794,0,1,135,376,505,-2083,1,下位,0,135,76
360,360,0,98,393,0,0,0,322,810,-1717,2,下位,0,0,0
161,161,0,25,60,0,0,0,360,409,-1889,1,下位,0,0,0
264,264,0,106,420,0,1,161,360,409,-1889,1,下位,0,161,76
161,161,0,100,377,0,0,0,425,436,-2063,2,下位,0,0,0
267,267,0,129,483,0,0,0,161,393,-1930,2,下位,0,0,0
999,999,0,24,56,0,0,0,267,499,-1862,2,下位,0,0,0
351,351,0,65,238,0,1,999,267,499,-1862,2,下位,0,999,72
35,35,0,138,624,0,0,0,1350,254,-3713,1,下位,0,0,0
589,589,0,90,326,1,0,0,0,0,1,0,下位,0,0,0
153,153,0,26,64,0,0,0,589,342,-607,1,下位,0,0,0
386,386,0,86,333,0,1,153,589,342,-607,1,下位,0,153,80
411,411,0,26,62,0,0,0,539,349,-1048,1,下位,0,0,0
420,420,0,103,351,0,1,411,539,349,-1048,1,下位,0,411,78
557,557,0,115,489,0,0,0,831,367,-1943,2,下位,0,0,0
382,382,0,25,58,0,0,0,557,505,-2336,1,下位,0,0,0
63,63,0,795,3725,0,1,382,557,505,-2336,1,下位,0,382,74
59,59,0,114,458,0,0,0,445,3741,761,6,下位,0,0,0
135,135,0,26,64,0,0,0,59,474,1140,2,下位,0,0,0
186,186,0,93,344,0,1,135,59,474,1140,2,下位,0,135,80
276,276,0,26,64,0,0,0,321,360,1062,1,下位,0,0,0
150,150,0,24,56,0,1,276,321,360,1062,1,下位,0,276,80
358,358,0,155,709,0,2,426,321,360,1062,1,下位,0,150,72
138,138,0,136,612,0,0,0,784,725,675,1,下位,0,0,0
499,499,0,26,62,0,0,0,138,628,1080,1,下位,0,0,0
361,361,0,126,565,0,1,499,138,628,1080,1,下位,0,499,78
747,747,0,146,664,0,0,0,860,581,352,1,下位,0,0,0
447,447,0,117,477,1,0,0,0,0,1,0,下位,0,0,0
361,361,0,139,550,0,0,0,447,493,-227,2,下位,0,0,0
143,143,0,128,459,0,0,0,361,566,-243,2,下位,0,0,0
308,308,0,108,442,0,0,0,143,475,1,2,下位,0,0,0
47,47,0,82,303,0,0,0,308,458,-38,1,下位,0,0,0
572,572,0,260,1025,0,0,0,47,319,205,1,下位,0,0,0
217,217,0,73,280,0,0,0,572,1041,323,5,下位,0,0,0
231,231,0,131,526,0,0,0,217,296,269,1,下位,0,0,0
37,37,0,25,58,0,0,0,231,542,438,2,下位,0,0,0
159,159,0,142,557,0,1,37,231,542,438,2,下位,0,37,74
940,940,0,26,62,0,0,0,196,573,769,2,下位,0,0,0
111,111,0,69,245,0,1,940,196,573,769,2,下位,0,940,78
689,689,0,26,62,0,0,0,1051,261,-587,1,下位,0,0,0
157,157,0,91,388,0,1,689,1051,261,-587,1,下位,0,689,78
624,624,0,26,62,0,0,0,846,404,-1469,1,下位,0,0,0
211,211,0,76,266,0,1,624,846,404,-1469,1,下位,0,624,78
115,115,0,25,58,0,0,0,835,282,-2456,1,下位,0,0,0
204,204,0,25,58,0,1,115,835,282,-2456,1,下位,0,115,74
340,340,0,93,399,0,2,319,835,282,-2456,1,下位,0,204,74
475,475,0,65,232,0,0,0,659,415,-2956,1,下位,0,0,0
684,684,0,153,594,0,0,0,475,248,-3474,1,下位,0,0,0
218,218,0,23,47,0,0,0,684,610,-3967,2,下位,0,0,0
807,807,0,151,612,0,1,218,684,610,-3967,2,下位,0,218,63
154,154,0,25,58,0,0,0,1025,628,-4930,2,下位,0,0,0
174,174,0,137,566,0,1,154,1025,628,-4930,2,下位,0,154,74
73,73,0,78,268,0,0,0,328,582,-4804,1,下位,0,0,0
646,646,0,98,379,1,0,0,0,0,1,0,下位,0,0,0
692,692,0,315,1455,0,0,0,646,395,-646,2,下位,0,0,0
431,431,0,182,698,0,0,0,692,1471,-291,2,下位,0,0,0
273,273,0,176,709,0,0,0,431,714,-272,3,下位,0,0,0
251,251,0,75,262,0,0,0,273,725,13,3,下位,0,0,0
321,321,0,26,64,0,0,0,251,278,-114,1,下位,0,0,0
819,819,0,190,829,0,1,321,251,278,-114,1,下位,0,321,80
376,376,0,24,54,0,0,0,1140,845,-1028,2,下位,0,0,0
108,108,0,1054,4904,0,1,376,1140,845,-1028,2,下位,0,376,70
324,324,0,166,661,0,0,0,484,4920,3181,8,上位,0,0,0
136,136,0,24,56,0,0,0,324,677,510,3,下位,0,0,0
326,326,0,25,58,0,1,136,324,677,510,3,下位,0,136,72
152,152,0,89,377,0,2,462,324,677,510,3,下位,0,326,74
397,397,0,75,288,0,0,0,614,393,59,1,下位,0,0,0
864,864,0,73,273,0,0,0,397,304,-277,1,下位,0,0,0
483,483,0,154,658,1,0,0,0,0,1,0,下位,0,0,0
367,367,0,131,586,0,0,0,483,674,-104,1,下位,0,0,0
237,237,0,24,52,0,0,0,367,602,-94,1,下位,0,0,0
166,166,0,25,58,0,1,237,367,602,-94,1,下位,0,237,68
434,434,0,25,60,0,2,403,367,602,-94,1,下位,0,166,74
374,374,0,24,54,0,3,837,367,602,-94,1,下位,0,434,76
141,141,0,123,436,0,4,1211,367,602,-94,1,下位,0,374,70
189,189,0,24,56,0,0,0,1352,452,-1534,2,下位,0,0,0
957,957,0,26,62,0,1,189,1352,452,-1534,2,下位,0,189,72
136,136,0,273,1157,0,2,1146,1352,452,-1534,2,下位,0,957,78
75,75,0,123,482,0,0,0,1282,1173,-2279,3,下位,0,0,0
346,346,0,24,54,0,0,0,75,498,-1902,2,下位,0,0,0
81,81,0,26,62,0,1,346,75,498,-1902,2,下位,0,346,70
248,248,0,26,62,0,2,427,75,498,-1902,2,下位,0,81,78
440,440,0,25,58,0,3,675,75,498,-1902,2,下位,0,248,78
358,358,0,131,590,0,4,1115,75,498,-1902,2,下位,0,440,74
331,331,0,25,58,1,0,0,0,0,1,0,下位,0,0,0
802,802,0,695,3164,1,1,331,0,0,1,0,下位,0,331,74
409,409,0,26,64,0,0,0,1133,3180,1427,6,下位,0,0,0
765,765,0,24,54,0,1,409,1133,3180,1427,6,下位,0,409,80
160,160,0,25,58,0,2,1174,1133,3180,1427,6,下位,0,765,70
328,328,0,111,472,0,3,1334,1133,3180,1427,6,下位,0,160,74
108,108,0,25,58,0,0,0,1662,488,-542,1,下位,0,0,0
140,140,0,26,64,0,1,108,1662,488,-542,1,下位,0,108,74
273,273,0,602,2838,0,2,248,1662,488,-542,1,下位,0,140,80
620,620,0,89,355,0,0,0,521,2854,1626,5,下位,0,0,0
253,253,0,23,47,0,0,0,620,371,997,1,下位,0,0,0
139,139,0,111,382,0,1,253,620,371,997,1,下位,0,253,63
187,187,0,25,60,0,0,0,392,398,826,2,下位,0,0,0
450,450,0,99,373,0,1,187,392,398,826,2,下位,0,187,76
215,215,0,157,632,0,0,0,637,389,263,2,下位,0,0,0
289,289,0,24,52,0,0,0,215,648,564,3,下位,0,0,0
311,311,0,24,56,0,1,289,215,648,564,3,下位,0,289,68
511,511,0,60,213,0,2,600,215,648,564,3,下位,0,311,72
360,360,0,111,411,0,0,0,1111,229,-859,1,下位,0,0,0
597,597,0,163,728,0,0,0,360,427,-1013,2,下位,0,0,0
330,330,0,112,400,1,0,0,0,0,1,0,下位,0,0,0
98,98,0,110,429,0,0,0,330,416,-115,2,下位,0,0,0
143,143,0,173,668,0,0,0,98,445,172,1,下位,0,0,0
290,290,0,83,288,0,0,0,143,684,625,3,下位,0,0,0
447,447,0,72,274,0,0,0,290,304,461,1,下位,0,0,0
122,122,0,119,471,0,0,0,447,290,30,1,下位,0,0,0
168,168,0,82,299,0,0,0,122,487,320,2,下位,0,0,0
58,58,0,84,328,0,0,0,168,315,364,1,下位,0,0,0
352,352,0,23,49,0,0,0,58,344,614,1,下位,0,0,0
746,746,0,24,54,0,1,352,58,344,614,1,下位,0,352,65
168,168,0,137,602,0,2,1098,58,344,614,1,下位,0,746,70
135,135,0,115,418,0,0,0,1266,618,-675,2,下位,0,0,0
687,687,0,25,58,0,0,0,135,434,-459,2,下位,0,0,0
169,169,0,24,56,0,1,687,135,434,-459,2,下位,0,687,74
977,977,0,25,61,0,2,856,135,434,-459,2,下位,0,169,72
352,352,0,26,62,0,3,1833,135,434,-459,2,下位,0,977,77
160,160,0,151,634,0,4,2185,135,434,-459,2,下位,0,352,78
221,221,0,25,58,0,0,0,2345,650,-3291,2,下位,0,0,0
546,546,0,114,428,0,1,221,2345,650,-3291,2,下位,0,221,74
392,392,0,202,874,0,0,0,767,444,-4011,2,下位,0,0,0
252,252,0,99,368,1,0,0,0,0,1,0,下位,0,0,0
397,397,0,173,657,0,0,0,252,384,-21,1,下位,0,0,0
192,192,0,86,336,0,0,0,397,673,12,3,下位,0,0,0
142,142,0,24,56,0,0,0,192,352,54,1,下位,0,0,0
116,116,0,130,504,0,1,142,192,352,54,1,下位,0,142,72
42,42,0,76,286,0,0,0,258,520,230,2,下位,0,0,0
460,460,0,25,60,0,0,0,42,302,464,1,下位,0,0,0
240,240,0,77,262,0,1,460,42,302,464,1,下位,0,460,76
139,139,0,72,252,0,0,0,700,278,-311,1,下位,0,0,0
334,334,0,25,58,0,0,0,139,268,-267,1,下位,0,0,0
345,345,0,422,1956,0,1,334,139,268,-267,1,下位,0,334,74
158,158,0,25,58,0,0,0,679,1972,684,3,下位,0,0,0
377,377,0,24,56,0,1,158,679,1972,684,3,下位,0,158,74
130,130,0,144,600,0,2,535,679,1972,684,3,下位,0,377,72
696,696,0,71,253,0,0,0,665,616,373,2,下位,0,0,0
1003,1003,0,192,724,0,0,0,696,269,-481,1,下位,0,0,0
43,43,0,23,50,0,0,0,1003,740,-1359,3,下位,0,0,0
53,53,0,26,62,0,1,43,1003,740,-1359,3,下位,0,43,66
100,100,0,248,1174,0,2,96,1003,740,-1359,3,下位,0,53,78
308,308,0,180,729,0,0,0,196,1190,-341,1,下位,0,0,0
61,61,0,68,216,1,0,0,0,0,1,0,下位,0,0,0
217,217,0,26,62,0,0,0,61,232,135,1,下位,0,0,0
164,164,0,25,60,0,1,217,61,232,135,1,下位,0,217,78
194,194,0,226,1036,0,2,381,61,232,135,1,下位,0,164,76
339,339,0,26,64,0,0,0,575,1052,413,2,下位,0,0,0
302,302,0,237,928,0,1,339,575,1052,413,2,下位,0,339,80
58,58,0,1175,5391,0,0,0,641,944,403,5,下位,0,0,0
188,188,0,212,996,0,0,0,58,5407,1562,14,上位,0,0,0
375,375,0,25,58,0,0,0,188,1012,2271,1,下位,0,0,0
154,154,0,25,60,0,1,375,188,1012,2271,1,下位,0,375,74
154,154,0,247,926,0,2,529,188,1012,2271,1,下位,0,154,76
245,245,0,139,561,0,0,0,683,942,2261,5,下位,0,0,0
275,275,0,65,238,0,0,0,245,577,2443,2,下位,0,0,0
246,246,0,171,640,0,0,0,275,254,2253,1,下位,0,0,0
359,359,0,86,366,0,0,0,246,656,310,4,下位,0,0,0
183,183,0,24,56,0,0,0,359,382,113,1,下位,0,0,0
690,690,0,23,47,0,1,183,359,382,113,1,下位,0,183,72
350,350,0,258,1220,0,2,873,359,382,113,1,下位,0,690,63
448,448,0,229,974,1,0,0,0,0,1,0,下位,0,0,0
136,136,0,85,358,0,0,0,448,990,268,2,下位,0,0,0
209,209,0,25,60,0,0,0,136,374,423,1,下位,0,0,0
783,783,0,25,60,0,1,209,136,374,423,1,下位,0,209,76
620,620,0,312,1323,0,2,992,136,374,423,1,下位,0,783,76
620,620,0,24,56,0,0,0,1612,1339,-686,4,下位,0,0,0
368,368,0,2023,9486,0,1,620,1612,1339,-686,4,下位,0,620,72
377,377,0,80,273,0,0,0,988,9502,4885,16,上位,0,0,0
146,146,0,23,48,0,0,0,377,289,202,1,下位,0,0,0
128,128,0,24,52,0,1,146,377,289,202,1,下位,0,146,64
529,529,0,25,60,0,2,274,377,289,202,1,下位,0,128,68
175,175,0,79,298,0,3,803,377,289,202,1,下位,0,529,76
70,70,0,133,499,1,0,0,0,0,1,0,下位,0,0,0
39,39,0,190,810,0,0,0,70,515,403,3,下位,0,0,0
140,140,0,25,58,0,0,0,39,826,1166,4,下位,0,0,0
358,358,0,81,337,0,1,140,39,826,1166,4,下位,0,140,74
136,136,0,97,395,0,0,0,498,353,790,1,下位,0,0,0
271,271,0,70,255,0,0,0,136,411,982,1,下位,0,0,0
114,114,0,72,255,0,0,0,271,271,816,1,下位,0,0,0
235,235,0,73,280,0,0,0,114,271,903,1,下位,0,0,0
669,669,0,116,447,0,0,0,235,296,820,1,下位,0,0,0
161,161,0,25,58,0,0,0,669,463,204,2,下位,0,0,0
203,203,0,112,443,0,1,161,669,463,204,2,下位,0,161,74
358,358,0,92,338,0,0,0,364,459,150,1,下位,0,0,0
164,164,0,79,295,0,0,0,358,354,-73,1,下位,0,0,0
256,256,0,199,833,0,0,0,164,311,-27,1,下位,0,0,0
172,172,0,26,62,0,0,0,256,849,410,3,下位,0,0,0
694,694,0,25,58,0,1,172,256,849,410,3,下位,0,172,78
684,684,0,24,52,0,2,866,256,849,410,3,下位,0,694,74
325,325,0,25,58,0,3,1550,256,849,410,3,下位,0,684,68
67,67,0,320,1316,0,4,1875,256,849,410,3,下位,0,325,74
699,699,0,65,248,0,0,0,1942,1332,-1096,6,下位,0,0,0
161,161,0,153,596,0,0,0,699,264,-1959,1,下位,0,0,0
969,969,0,99,372,1,0,0,0,0,1,0,下位,0,0,0
310,310,0,142,522,0,0,0,969,388,-1174,2,下位,0,0,0
359,359,0,88,316,0,0,0,310,538,-1136,3,下位,0,0,0
384,384,0,76,257,0,0,0,359,332,-1383,1,下位,0,0,0
385,385,0,24,52,0,0,0,384,273,-1729,1,下位,0,0,0
351,351,0,24,54,0,1,385,384,273,-1729,1,下位,0,385,68
90,90,0,69,269,0,2,736,384,273,-1729,1,下位,0,351,70
383,383,0,26,62,0,0,0,826,285,-2638,1,下位,0,0,0
238,238,0,25,58,0,1,383,826,285,-2638,1,下位,0,383,78
103,103,0,25,60,0,2,621,826,285,-2638,1,下位,0,238,74
1003,1003,0,25,60,0,3,724,826,285,-2638,1,下位,0,103,76
158,158,0,106,440,0,4,1727,826,285,-2638,1,下位,0,1003,76
241,241,0,128,463,0,0,0,1885,456,-4919,2,下位,0,0,0
570,570,0,128,510,0,0,0,241,479,-4829,2,下位,0,0,0
661,661,0,299,1429,0,0,0,570,526,-5222,2,下位,0,0,0
399,399,0,117,435,0,0,0,661,1445,-4843,1,下位,0,0,0
674,674,0,166,662,1,0,0,0,0,1,0,下位,0,0,0
143,143,0,25,58,0,0,0,674,678,-408,3,下位,0,0,0
365,365,0,26,62,0,1,143,674,678,-408,3,下位,0,143,74
53,53,0,83,350,0,2,508,674,678,-408,3,下位,0,365,78
93,93,0,79,282,0,0,0,561,366,-795,1,下位,0,0,0
152,152,0,103,421,0,0,0,93,298,-647,1,下位,0,0,0
362,362,0,136,542,0,0,0,152,437,-455,1,下位,0,0,0
666,666,0,23,50,0,0,0,362,558,-481,2,下位,0,0,0
148,148,0,115,511,0,1,666,362,558,-481,2,下位,0,666,66
349,349,0,26,62,0,0,0,814,527,-1201,1,下位,0,0,0
362,362,0,119,481,0,1,349,814,527,-1201,1,下位,0,349,78
751,751,0,22,43,0,0,0,711,497,-1773,2,下位,0,0,0
161,161,0,22,45,0,1,751,711,497,-1773,2,下位,0,751,59
625,625,0,81,313,0,2,912,711,497,-1773,2,下位,0,161,61
998,998,0,425,1791,0,0,0,1537,329,-3803,1,下位,0,0,0
159,159,0,25,58,1,0,0,0,0,1,0,下位,0,0,0
71,71,0,76,258,1,1,159,0,0,1,0,下位,0,159,74
156,156,0,114,397,0,0,0,230,274,-23,1,下位,0,0,0
188,188,0,514,2208,0,0,0,156,413,139,2,下位,0,0,0
359,359,0,146,543,0,0,0,188,2224,2060,6,下位,0,0,0
136,136,0,25,60,0,0,0,359,559,2040,3,下位,0,0,0
35,35,0,172,646,0,1,136,359,559,2040,3,下位,0,136,76
164,164,0,205,771,0,0,0,171,662,249,3,下位,0,0,0
104,104,0,26,62,0,0,0,164,787,771,4,下位,0,0,0
725,725,0,254,1125,0,1,104,164,787,771,4,下位,0,104,78
175,175,0,68,258,0,0,0,829,1141,653,4,下位,0,0,0
375,375,0,97,404,0,0,0,175,274,645,1,下位,0,0,0
178,178,0,118,445,0,0,0,375,420,460,1,下位,0,0,0
62,62,0,107,466,0,0,0,178,461,634,2,下位,0,0,0
162,162,0,26,62,0,0,0,62,482,1016,1,下位,0,0,0
708,708,0,25,58,0,1,162,62,482,1016,1,下位,0,162,78
114,114,0,122,495,0,2,870,62,482,1016,1,下位,0,708,74
39,39,0,84,352,0,0,0,984,511,92,2,下位,0,0,0
168,168,0,122,465,0,0,0,39,368,397,1,下位,0,0,0
328,328,0,160,613,1,0,0,0,0,1,0,下位,0,0,0
363,363,0,124,511,0,0,0,328,629,101,3,下位,0,0,0
107,107,0,250,1079,0,0,0,363,527,43,2,下位,0,0,0
137,137,0,149,610,0,0,0,107,1095,965,2,下位,0,0,0
119,119,0,71,243,0,0,0,137,626,1370,2,下位,0,0,0
135,135,0,26,62,0,0,0,119,259,1437,1,下位,0,0,0
573,573,0,72,255,0,1,135,119,259,1437,1,下位,0,135,78
1000,1000,0,24,54,0,0,0,708,271,644,1,下位,0,0,0
101,101,0,21,40,0,1,1000,708,271,644,1,下位,0,1000,70
414,414,0,236,942,0,2,1101,708,271,644,1,下位,0,101,56
399,399,0,25,60,0,0,0,1515,958,-716,5,下位,0,0,0
75,75,0,91,372,0,1,399,1515,958,-716,5,下位,0,399,76
349,349,0,120,456,0,0,0,474,388,-1017,1,下位,0,0,0
303,303,0,120,437,0,0,0,349,472,-1108,2,下位,0,0,0
180,180,0,109,372,0,0,0,303,453,-1144,2,下位,0,0,0
381,381,0,82,330,0,0,0,180,388,-1046,2,下位,0,0,0
450,450,0,24,56,1,0,0,0,0,1,0,下位,0,0,0
134,134,0,76,288,1,1,450,0,0,1,0,下位,0,450,72
197,197,0,69,260,0,0,0,584,304,-565,1,下位,0,0,0
61,61,0,26,62,0,0,0,197,276,-607,1,下位,0,0,0
491,491,0,25,60,0,1,61,197,276,-607,1,下位,0,61,78
1000,1000,0,875,3992,0,2,552,197,276,-607,1,下位,0,491,76
137,137,0,164,671,0,0,0,1552,4008,1051,7,下位,0,0,0
133,133,0,85,330,0,0,0,137,687,1517,2,下位,0,0,0
35,35,0,86,308,0,0,0,133,346,1648,1,下位,0,0,0
356,356,0,158,603,0,0,0,35,324,1916,1,下位,0,0,0
136,136,0,70,274,0,0,0,356,619,1961,2,下位,0,0,0
690,690,0,25,58,0,0,0,136,290,2032,1,下位,0,0,0
295,295,0,26,62,0,1,690,136,290,2032,1,下位,0,690,74
136,136,0,93,400,0,2,985,136,290,2032,1,下位,0,295,78
82,82,0,138,601,0,0,0,1121,416,792,1,下位,0,0,0
236,236,0,101,440,0,0,0,82,617,1277,1,下位,0,0,0
500,500,0,26,62,1,0,0,0,0,1,0,下位,0,0,0
370,370,0,24,56,1,1,500,0,0,1,0,下位,0,500,78
381,381,0,25,58,1,2,870,0,0,1,0,下位,0,370,72
33,33,0,89,367,1,3,1251,0,0,1,0,下位,0,381,74
1000,1000,0,25,60,0,0,0,1284,383,-1464,1,下位,0,0,0
124,124,0,134,519,0,1,1000,1284,383,-1464,1,下位,0,1000,76
166,166,0,145,639,0,0,0,1124,535,-2666,2,下位,0,0,0
518,518,0,24,56,0,0,0,166,655,-2279,1,下位,0,0,0
326,326,0,105,419,0,1,518,166,655,-2279,1,下位,0,518,72
136,136,0,65,237,0,0,0,844,435,-3134,1,下位,0,0,0
148,148,0,96,357,0,0,0,136,253,-3100,1,下位,0,0,0
38,38,0,78,287,0,0,0,148,373,-2966,1,下位,0,0,0
687,687,0,119,472,0,0,0,38,303,-2724,1,下位,0,0,0
353,353,0,72,232,0,0,0,687,488,-3344,1,下位,0,0,0
1004,1004,0,97,385,0,0,0,353,248,-3665,1,下位,0,0,0
608,608,0,140,584,0,0,0,1004,401,-4883,1,下位,0,0,0
227,227,0,25,58,1,0,0,0,0,1,0,下位,0,0,0
495,495,0,233,1000,1,1,227,0,0,1,0,下位,0,227,74
300,300,0,327,1479,0,0,0,722,1016,-73,3,下位,0,0,0
650,650,0,117,467,1,0,0,0,0,1,0,下位,0,0,0
235,235,0,135,544,0,0,0,650,483,-564,2,下位,0,0,0
219,219,0,25,60,0,0,0,235,560,-383,2,下位,0,0,0
172,172,0,25,58,0,1,219,235,560,-383,2,下位,0,219,76
173,173,0,93,399,0,2,391,235,560,-383,2,下位,0,172,74
139,139,0,26,64,0,0,0,564,415,-728,1,下位,0,0,0
492,492,0,86,362,0,1,139,564,415,-728,1,下位,0,139,80
148,148,0,165,632,0,0,0,631,378,-1288,1,下位,0,0,0
219,219,0,12,-4,1,0,0,0,0,1,0,下位,0,0,0
646,646,0,74,267,1,1,219,0,0,1,0,下位,0,219,12
126,126,0,76,260,1,0,0,0,0,1,0,下位,0,0,0
163,163,0,135,550,0,0,0,126,276,74,1,下位,0,0,0
339,339,0,23,47,0,0,0,163,566,377,3,下位,0,0,0
124,124,0,114,479,0,1,339,163,566,377,3,下位,0,339,63
249,249,0,121,455,1,0,0,0,0,1,0,下位,0,0,0
381,381,0,25,58,0,0,0,249,471,70,2,下位,0,0,0
998,998,0,25,58,0,1,381,249,471,70,2,下位,0,381,74
70,70,0,125,453,0,2,1379,249,471,70,2,下位,0,998,74
221,221,0,166,654,1,0,0,0,0,1,0,下位,0,0,0
185,185,0,116,408,0,0,0,221,670,315,3,下位,0,0,0
134,134,0,105,433,1,0,0,0,0,1,0,下位,0,0,0
394,394,0,66,225,1,0,0,0,0,1,0,下位,0,0,0
67,67,0,26,62,0,0,0,394,241,-393,1,下位,0,0,0
177,177,0,25,58,0,1,67,394,241,-393,1,下位,0,67,78
337,337,0,883,3996,0,2,244,394,241,-393,1,下位,0,177,74
156,156,0,89,337,1,0,0,0,0,1,0,下位,0,0,0
149,149,0,26,64,0,0,0,156,353,102,2,下位,0,0,0
35,35,0,24,54,0,1,149,156,353,102,2,下位,0,149,80
254,254,0,196,816,0,2,184,156,353,102,2,下位,0,35,70
293,293,0,24,52,0,0,0,438,832,377,3,下位,0,0,0
377,377,0,106,424,0,1,293,438,832,377,3,下位,0,293,68
81,81,0,692,3284,1,0,0,0,0,1,0,下位,0,0,0
153,153,0,23,48,0,0,0,81,3300,3170,5,下位,0,0,0
673,673,0,128,521,0,1,153,81,3300,3170,5,下位,0,153,64
51,51,0,511,2426,0,0,0,826,537,164,2,下位,0,0,0
620,620,0,70,263,0,0,0,51,2442,2524,1,下位,0,0,0
998,998,0,24,56,0,0,0,620,279,1803,1,下位,0,0,0
141,141,0,25,58,0,1,998,620,279,1803,1,下位,0,998,72
448,448,0,25,58,0,2,1139,620,279,1803,1,下位,0,141,74
137,137,0,237,1094,0,3,1587,620,279,1803,1,下位,0,448,74
960,960,0,26,62,1,0,0,0,0,1,0,下位,0,0,0
620,620,0,94,390,1,1,960,0,0,1,0,下位,0,960,78
137,137,0,24,56,1,0,0,0,0,1,0,下位,0,0,0
98,98,0,22,45,1,1,137,0,0,1,0,下位,0,137,72
758,758,0,25,58,1,2,235,0,0,1,0,下位,0,98,61
166,166,0,102,377,1,3,993,0,0,1,0,下位,0,758,74
92,92,0,25,58,0,0,0,1159,393,-1269,2,下位,0,0,0
126,126,0,26,62,0,1,92,1159,393,-1269,2,下位,0,92,74
712,712,0,21,39,0,2,218,1159,393,-1269,2,下位,0,126,78
546,546,0,127,473,0,3,930,1159,393,-1269,2,下位,0,712,55
98,98,0,102,392,1,0,0,0,0,1,0,下位,0,0,0
428,428,0,27,70,0,0,0,98,408,251,1,下位,0,0,0
349,349,0,25,60,0,1,428,98,408,251,1,下位,0,428,86
998,998,0,93,377,0,2,777,98,408,251,1,下位,0,349,76
140,140,0,179,765,1,0,0,0,0,1,0,下位,0,0,0
68,68,0,77,294,1,0,0,0,0,1,0,下位,0,0,0
171,171,0,112,420,1,0,0,0,0,1,0,下位,0,0,0
385,385,0,22,43,0,0,0,171,436,161,2,下位,0,0,0
207,207,0,85,314,0,1,385,171,436,161,2,下位,0,385,59
167,167,0,73,279,1,0,0,0,0,1,0,下位,0,0,0
271,271,0,160,623,0,0,0,167,295,27,1,下位,0,0,0
192,192,0,176,722,0,0,0,271,639,229,3,下位,0,0,0
178,178,0,165,739,0,0,0,192,738,657,3,下位,0,0,0
213,213,0,132,512,0,0,0,178,755,1125,1,下位,0,0,0
150,150,0,26,64,0,0,0,213,528,1309,2,下位,0,0,0
278,278,0,25,58,0,1,150,213,528,1309,2,下位,0,150,80
142,142,0,145,604,0,2,428,213,528,1309,2,下位,0,278,74
140,140,0,25,60,0,0,0,570,620,1163,2,下位,0,0,0
76,76,0,26,66,0,1,140,570,620,1163,2,下位,0,140,76
694,694,0,394,1591,0,2,216,570,620,1163,2,下位,0,76,82
120,120,0,84,306,1,0,0,0,0,1,0,下位,0,0,0
897,897,0,25,60,0,0,0,120,322,129,1,下位,0,0,0
270,270,0,22,46,0,1,897,120,322,129,1,下位,0,897,76
697,697,0,188,738,0,2,1167,120,322,129,1,下位,0,270,62
173,173,0,24,56,0,0,0,1864,754,-1986,3,下位,0,0,0
676,676,0,137,523,0,1,173,1864,754,-1986,3,下位,0,173,72
107,107,0,26,62,0,0,0,849,539,-2744,3,下位,0,0,0
129,129,0,26,62,0,1,107,849,539,-2744,3,下位,0,107,78
729,729,0,1369,6249,0,2,236,849,539,-2744,3,下位,0,129,78
381,381,0,25,58,1,0,0,0,0,1,0,下位,0,0,0
155,155,0,26,62,1,1,381,0,0,1,0,下位,0,381,74
139,139,0,25,60,1,2,536,0,0,1,0,下位,0,155,78
304,304,0,23,48,1,3,675,0,0,1,0,下位,0,139,76
684,684,0,112,392,1,4,979,0,0,1,0,下位,0,304,64
176,176,0,129,578,0,0,0,1663,408,-1981,2,下位,0,0,0
433,433,0,25,58,1,0,0,0,0,1,0,下位,0,0,0
376,376,0,143,585,1,1,433,0,0,1,0,下位,0,433,74
362,362,0,26,62,0,0,0,809,601,-629,2,下位,0,0,0
436,436,0,626,2947,0,1,362,809,601,-629,2,下位,0,362,78
94,94,0,78,300,0,0,0,798,2963,1125,2,下位,0,0,0
131,131,0,24,54,1,0,0,0,0,1,0,下位,0,0,0
778,778,0,155,604,1,1,131,0,0,1,0,下位,0,131,70
126,126,0,98,395,0,0,0,909,620,-775,2,下位,0,0,0
176,176,0,179,797,0,0,0,126,411,-567,1,下位,0,0,0
263,263,0,302,1149,0,0,0,176,813,-38,2,下位,0,0,0
1001,1001,0,77,264,0,0,0,263,1165,703,6,下位,0,0,0
144,144,0,80,273,0,0,0,1001,280,-632,1,下位,0,0,0
103,103,0,67,228,1,0,0,0,0,1,0,下位,0,0,0
158,158,0,23,47,0,0,0,103,244,79,1,下位,0,0,0
362,362,0,130,556,0,1,158,103,244,79,1,下位,0,158,63
147,147,0,26,64,1,0,0,0,0,1,0,下位,0,0,0
292,292,0,24,56,1,1,147,0,0,1,0,下位,0,147,80
548,548,0,79,328,1,2,439,0,0,1,0,下位,0,292,72
382,382,0,118,497,1,0,0,0,0,1,0,下位,0,0,0
388,388,0,87,318,0,0,0,382,513,-102,1,下位,0,0,0
294,294,0,25,58,0,0,0,388,334,-394,1,下位,0,0,0
33,33,0,116,453,0,1,294,388,334,-394,1,下位,0,294,74
391,391,0,25,58,0,0,0,327,469,-378,1,下位,0,0,0
174,174,0,24,56,0,1,391,327,469,-378,1,下位,0,391,74
422,422,0,23,48,0,2,565,327,469,-378,1,下位,0,174,72
281,281,0,463,2024,0,3,987,327,469,-378,1,下位,0,422,64
510,510,0,77,268,0,0,0,1268,2040,-174,5,下位,0,0,0
312,312,0,24,56,0,0,0,510,284,-713,1,下位,0,0,0
176,176,0,247,1126,0,1,312,510,284,-713,1,下位,0,312,72
166,166,0,107,414,0,0,0,488,1142,-286,2,下位,0,0,0
378,378,0,127,459,0,0,0,166,430,-124,1,下位,0,0,0
138,138,0,26,62,0,0,0,378,475,-259,2,下位,0,0,0
698,698,0,25,60,0,1,138,378,475,-259,2,下位,0,138,78
364,364,0,138,576,0,2,836,378,475,-259,2,下位,0,698,76
433,433,0,25,60,0,0,0,1200,592,-1449,2,下位,0,0,0
125,125,0,26,62,0,1,433,1200,592,-1449,2,下位,0,433,76
353,353,0,153,660,0,2,558,1200,592,-1449,2,下位,0,125,78
79,79,0,132,542,0,0,0,911,676,-2089,2,下位,0,0,0
344,344,0,22,45,1,0,0,0,0,1,0,下位,0,0,0
384,384,0,84,296,1,1,344,0,0,1,0,下位,0,344,61
139,139,0,24,54,0,0,0,728,312,-800,1,下位,0,0,0
55,55,0,24,56,0,1,139,728,312,-800,1,下位,0,139,70
92,92,0,172,749,0,2,194,728,312,-800,1,下位,0,55,72
613,613,0,121,497,0,0,0,286,765,-354,2,下位,0,0,0
382,382,0,109,455,0,0,0,613,513,-830,2,下位,0,0,0
175,175,0,25,58,0,0,0,382,471,-975,2,下位,0,0,0
393,393,0,91,334,0,1,175,382,471,-975,2,下位,0,175,74
167,167,0,28,74,0,0,0,568,350,-1467,1,下位,0,0,0
16,16,0,125,502,0,1,167,568,350,-1467,1,下位,0,167,90
429,429,0,119,431,0,0,0,183,518,-1154,2,下位,0,0,0
538,538,0,25,58,0,0,0,429,447,-1399,2,下位,0,0,0
919,919,0,26,62,0,1,538,429,447,-1399,2,下位,0,538,74
215,215,0,168,634,0,2,1457,429,447,-1399,2,下位,0,919,78
193,193,0,22,43,1,0,0,0,0,1,0,下位,0,0,0
387,387,0,26,62,1,1,193,0,0,1,0,下位,0,193,59
311,311,0,103,431,1,2,580,0,0,1,0,下位,0,387,78
101,101,0,185,819,0,0,0,891,447,-852,1,下位,0,0,0
347,347,0,222,870,0,0,0,101,835,-180,2,下位,0,0,0
349,349,0,25,58,0,0,0,347,886,146,5,下位,0,0,0
75,75,0,685,3169,0,1,349,347,886,146,5,下位,0,349,74
139,139,0,26,64,0,0,0,424,3185,421,5,下位,0,0,0
373,373,0,203,845,0,1,139,424,3185,421,5,下位,0,139,80
135,135,0,24,54,0,0,0,512,861,536,2,下位,0,0,0
668,668,0,23,47,0,1,135,512,861,536,2,下位,0,135,70
142,142,0,23,47,0,2,803,512,861,536,2,下位,0,668,63
819,819,0,1397,6764,0,3,945,512,861,536,2,下位,0,142,63
314,314,0,146,596,0,0,0,1764,6780,1217,6,下位,0,0,0
78,78,0,24,56,0,0,0,314,612,1323,2,下位,0,0,0
143,143,0,86,364,0,1,78,314,612,1323,2,下位,0,78,72
72,72,0,99,383,0,0,0,221,380,1418,1,下位,0,0,0
167,167,0,85,312,0,0,0,72,399,1701,2,下位,0,0,0
536,536,0,64,230,1,0,0,0,0,1,0,下位,0,0,0
272,272,0,28,72,0,0,0,536,246,-618,1,下位,0,0,0
443,443,0,26,64,0,1,272,536,246,-618,1,下位,0,272,88
211,211,0,150,609,0,2,715,536,246,-618,1,下位,0,443,80
365,365,0,26,62,0,0,0,926,625,-1319,2,下位,0,0,0
693,693,0,144,540,0,1,365,926,625,-1319,2,下位,0,365,78
59,59,0,151,584,1,0,0,0,0,1,0,下位,0,0,0
359,359,0,26,62,0,0,0,59,600,506,3,下位,0,0,0
181,181,0,24,56,0,1,359,59,600,506,3,下位,0,359,78
261,261,0,26,64,0,2,540,59,600,506,3,下位,0,181,72
358,358,0,69,273,0,3,801,59,600,506,3,下位,0,261,80
284,284,0,98,372,0,0,0,1159,289,-844,1,下位,0,0,0
142,142,0,130,532,1,0,0,0,0,1,0,下位,0,0,0
365,365,0,25,58,0,0,0,142,548,320,1,下位,0,0,0
378,378,0,67,257,0,1,365,142,548,320,1,下位,0,365,74
168,168,0,25,58,0,0,0,743,273,-532,1,下位,0,0,0
402,402,0,120,443,0,1,168,743,273,-532,1,下位,0,168,74
118,118,0,24,56,1,0,0,0,0,1,0,下位,0,0,0
166,166,0,25,60,1,1,118,0,0,1,0,下位,0,118,72
692,692,0,223,808,1,2,284,0,0,1,0,下位,0,166,76
167,167,0,74,244,0,0,0,976,824,-601,5,下位,0,0,0
693,693,0,85,338,0,0,0,167,260,-610,1,下位,0,0,0
225,225,0,68,262,0,0,0,693,354,-1374,1,下位,0,0,0
137,137,0,25,58,0,0,0,225,278,-1459,1,下位,0,0,0
173,173,0,21,41,0,1,137,225,278,-1459,1,下位,0,137,74
187,187,0,99,378,0,2,310,225,278,-1459,1,下位,0,173,57
583,583,0,26,62,0,0,0,497,394,-1736,1,下位,0,0,0
138,138,0,26,62,0,1,583,497,394,-1736,1,下位,0,583,78
263,263,0,1021,4867,0,2,721,497,394,-1736,1,下位,0,138,78
137,137,0,24,52,0,0,0,984,4883,1716,3,下位,0,0,0
360,360,0,178,827,0,1,137,984,4883,1716,3,下位,0,137,68
163,163,0,109,466,0,0,0,497,843,1825,1,下位,0,0,0
540,540,0,94,355,1,0,0,0,0,1,0,下位,0,0,0
239,239,0,494,2391,0,0,0,540,371,-499,1,下位,0,0,0
209,209,0,23,49,0,0,0,239,2407,1523,1,下位,0,0,0
337,337,0,67,209,0,1,209,239,2407,1523,1,下位,0,209,65
365,365,0,1111,4912,0,0,0,546,225,932,1,下位,0,0,0
83,83,0,117,405,0,0,0,365,4928,2948,16,上位,0,0,0
575,575,0,24,56,0,0,0,83,421,328,2,下位,0,0,0
83,83,0,25,58,0,1,575,83,421,328,2,下位,0,575,72
372,372,0,121,538,0,2,658,83,421,328,2,下位,0,83,74
542,542,0,25,60,0,0,0,1030,554,-634,1,下位,0,0,0
600,600,0,71,276,0,1,542,1030,554,-634,1,下位,0,542,76
131,131,0,93,355,1,0,0,0,0,1,0,下位,0,0,0
172,172,0,82,295,0,0,0,131,371,161,1,下位,0,0,0
998,998,0,102,403,0,0,0,172,311,195,1,下位,0,0,0
463,463,0,25,58,0,0,0,998,419,-996,1,下位,0,0,0
182,182,0,25,60,0,1,463,998,419,-996,1,下位,0,463,74
151,151,0,123,452,0,2,645,998,419,-996,1,下位,0,182,76
388,388,0,26,62,0,0,0,796,468,-1663,2,下位,0,0,0
122,122,0,84,294,0,1,388,796,468,-1663,2,下位,0,388,78
257,257,0,25,58,0,0,0,510,310,-2098,1,下位,0,0,0
279,279,0,26,62,0,1,257,510,310,-2098,1,下位,0,257,74
375,375,0,28,74,0,2,536,510,310,-2098,1,下位,0,279,78
256,256,0,186,717,0,3,911,510,310,-2098,1,下位,0,375,90
344,344,0,198,806,1,0,0,0,0,1,0,下位,0,0,0
80,80,0,24,56,0,0,0,344,822,268,4,下位,0,0,0
358,358,0,155,614,0,1,80,344,822,268,4,下位,0,80,72
309,309,0,115,459,0,0,0,438,630,264,2,下位,0,0,0
139,139,0,102,434,0,0,0,309,475,241,2,下位,0,0,0
32,32,0,23,48,0,0,0,139,450,467,1,下位,0,0,0
122,122,0,206,771,0,1,32,139,450,467,1,下位,0,32,64
534,534,0,26,64,0,0,0,154,787,1069,4,下位,0,0,0
451,451,0,99,388,0,1,534,154,787,1069,4,下位,0,534,80
164,164,0,25,60,0,0,0,985,404,-35,1,下位,0,0,0
305,305,0,833,3812,0,1,164,985,404,-35,1,下位,0,164,76
373,373,0,22,43,0,0,0,469,3828,787,8,上位,0,0,0
108,108,0,76,250,0,1,373,469,3828,787,8,上位,0,373,59
145,145,0,22,43,0,0,0,481,266,336,1,下位,0,0,0
96,96,0,18,23,0,1,145,481,266,336,1,下位,0,145,59
163,163,0,100,383,0,2,241,481,266,336,1,下位,0,96,39
541,541,0,81,284,0,0,0,404,399,181,1,下位,0,0,0
661,661,0,116,444,1,0,0,0,0,1,0,下位,0,0,0
412,412,0,73,285,0,0,0,661,460,-605,2,下位,0,0,0
231,231,0,22,45,0,0,0,412,301,-969,1,下位,0,0,0
360,360,0,263,1215,0,1,231,412,301,-969,1,下位,0,231,61
94,94,0,25,60,0,0,0,591,1231,-631,2,下位,0,0,0
619,619,0,88,349,0,1,94,591,1231,-631,2,下位,0,94,76
698,698,0,21,39,0,0,0,713,365,-1340,1,下位,0,0,0
687,687,0,26,64,0,1,698,713,365,-1340,1,下位,0,698,55
228,228,0,80,283,0,2,1385,713,365,-1340,1,下位,0,687,80
42,42,0,25,60,1,0,0,0,0,1,0,下位,0,0,0
152,152,0,26,62,1,1,42,0,0,1,0,下位,0,42,76
385,385,0,177,726,1,2,194,0,0,1,0,下位,0,152,78
139,139,0,25,60,0,0,0,579,742,-37,3,下位,0,0,0
420,420,0,25,60,0,1,139,579,742,-37,3,下位,0,139,76
83,83,0,152,676,0,2,559,579,742,-37,3,下位,0,420,76
359,359,0,103,414,0,0,0,642,692,-229,2,下位,0,0,0
77,77,0,86,333,0,0,0,359,430,-378,2,下位,0,0,0
159,159,0,26,64,0,0,0,77,349,-153,1,下位,0,0,0
691,691,0,24,55,0,1,159,77,349,-153,1,下位,0,159,80
63,63,0,195,776,0,2,850,77,349,-153,1,下位,0,691,71
246,246,0,25,58,0,0,0,913,792,-684,3,下位,0,0,0
192,192,0,69,268,0,1,246,913,792,-684,3,下位,0,246,74
379,379,0,25,58,0,0,0,438,284,-1033,1,下位,0,0,0
309,309,0,26,62,0,1,379,438,284,-1033,1,下位,0,379,74
380,380,0,120,532,0,2,688,438,284,-1033,1,下位,0,309,78
340,340,0,80,276,1,0,0,0,0,1,0,下位,0,0,0
584,584,0,24,52,0,0,0,340,292,-255,1,下位,0,0,0
913,913,0,25,58,0,1,584,340,292,-255,1,下位,0,584,68
166,166,0,203,829,0,2,1497,340,292,-255,1,下位,0,913,74
371,371,0,25,58,0,0,0,1663,845,-1951,4,下位,0,0,0
867,867,0,25,60,0,1,371,1663,845,-1951,4,下位,0,371,74
135,135,0,144,654,0,2,1238,1663,845,-1951,4,下位,0,867,76
999,999,0,25,58,0,0,0,1373,670,-3347,1,下位,0,0,0
168,168,0,25,60,0,1,999,1373,670,-3347,1,下位,0,999,74
155,155,0,199,750,0,2,1167,1373,670,-3347,1,下位,0,168,76
358,358,0,168,742,0,0,0,1322,766,-4563,4,下位,0,0,0
59,59,0,155,653,0,0,0,358,758,-4382,1,下位,0,0,0
216,216,0,23,50,0,0,0,59,669,-3808,2,下位,0,0,0
683,683,0,28,76,0,1,216,59,669,-3808,2,下位,0,216,66
171,171,0,139,604,0,2,899,59,669,-3808,2,下位,0,683,92
168,168,0,120,457,1,0,0,0,0,1,0,下位,0,0,0
309,309,0,138,539,0,0,0,168,473,203,2,下位,0,0,0
625,625,0,23,50,0,0,0,309,555,260,2,下位,0,0,0
347,347,0,24,56,0,1,625,309,555,260,2,下位,0,625,66
453,453,0,196,859,0,2,972,309,555,260,2,下位,0,347,72
342,342,0,26,62,1,0,0,0,0,1,0,下位,0,0,0
448,448,0,78,274,1,1,342,0,0,1,0,下位,0,342,78
154,154,0,84,315,0,0,0,790,290,-906,1,下位,0,0,0
121,121,0,24,56,0,0,0,154,331,-823,1,下位,0,0,0
127,127,0,77,263,0,1,121,154,331,-823,1,下位,0,121,72
157,157,0,26,62,0,0,0,248,279,-872,1,下位,0,0,0
371,371,0,119,505,0,1,157,248,279,-872,1,下位,0,157,78
33,33,0,195,773,0,0,0,528,521,-1124,2,下位,0,0,0
228,228,0,24,54,0,0,0,33,789,-388,4,下位,0,0,0
524,524,0,26,62,0,1,228,33,789,-388,4,下位,0,228,70
254,254,0,144,490,0,2,752,33,789,-388,4,下位,0,524,78
552,552,0,94,342,0,0,0,1006,506,-1357,3,下位,0,0,0
168,168,0,183,723,0,0,0,552,358,-1889,1,下位,0,0,0
206,206,0,495,2139,0,0,0,168,739,-1421,3,下位,0,0,0
306,306,0,112,414,0,0,0,206,2155,402,8,上位,0,0,0
308,308,0,172,702,1,0,0,0,0,1,0,下位,0,0,0
36,36,0,156,580,0,0,0,308,718,222,2,下位,0,0,0
694,694,0,27,68,0,0,0,36,596,760,3,下位,0,0,0
358,358,0,97,408,0,1,694,36,596,760,3,下位,0,694,84
358,358,0,148,627,0,0,0,1052,424,-428,1,下位,0,0,0
361,361,0,84,302,0,0,0,358,643,-362,2,下位,0,0,0
180,180,0,25,58,0,0,0,361,318,-626,1,下位,0,0,0
142,142,0,282,1202,0,1,180,361,318,-626,1,下位,0,180,74
642,642,0,20,34,0,0,0,322,1218,147,4,下位,0,0,0
362,362,0,120,497,0,1,642,322,1218,147,4,下位,0,642,50
119,119,0,25,58,1,0,0,0,0,1,0,下位,0,0,0
266,266,0,75,294,1,1,119,0,0,1,0,下位,0,119,74
405,405,0,111,425,0,0,0,385,310,-236,1,下位,0,0,0
333,333,0,166,668,0,0,0,405,441,-448,2,下位,0,0,0
344,344,0,24,56,0,0,0,333,684,-301,2,下位,0,0,0
539,539,0,25,60,0,1,344,333,684,-301,2,下位,0,344,72
128,128,0,26,64,0,2,883,333,684,-301,2,下位,0,539,76
162,162,0,967,4360,0,3,1011,333,684,-301,2,下位,0,128,80
135,135,0,218,899,0,0,0,1173,4376,2411,11,上位,0,0,0
145,145,0,22,43,0,0,0,135,915,738,4,下位,0,0,0
67,67,0,25,58,0,1,145,135,915,738,4,下位,0,145,59
418,418,0,105,404,0,2,212,135,915,738,4,下位,0,67,74
147,147,0,63,196,0,0,0,630,420,275,2,下位,0,0,0
694,694,0,140,487,0,0,0,147,212,250,1,下位,0,0,0
139,139,0,76,281,0,0,0,694,503,-366,3,下位,0,0,0
145,145,0,154,616,0,0,0,139,297,-293,1,下位,0,0,0
124,124,0,157,650,1,0,0,0,0,1,0,下位,0,0,0
86,86,0,159,660,0,0,0,124,666,467,3,下位,0,0,0
405,405,0,85,337,0,0,0,86,676,1004,2,下位,0,0,0
97,97,0,25,58,0,0,0,405,353,704,1,下位,0,0,0
109,109,0,79,310,0,1,97,405,353,704,1,下位,0,97,74
279,279,0,26,62,0,0,0,206,326,771,1,下位,0,0,0
101,101,0,24,52,0,1,279,206,326,771,1,下位,0,279,78
1004,1004,0,184,706,0,2,380,206,326,771,1,下位,0,101,68
397,397,0,25,60,0,0,0,1384,722,-593,4,下位,0,0,0
177,177,0,25,60,0,1,397,1384,722,-593,4,下位,0,397,76
448,448,0,106,388,0,2,574,1384,722,-593,4,下位,0,177,76
84,84,0,240,1031,0,0,0,1022,404,-1686,2,下位,0,0,0
999,999,0,591,2451,0,0,0,84,1047,-774,2,下位,0,0,0
130,130,0,326,1516,0,0,0,999,2467,82,10,上位,0,0,0
46,46,0,25,60,0,0,0,130,1532,1404,1,下位,0,0,0
694,694,0,78,283,0,1,46,130,1532,1404,1,下位,0,46,76
22,22,0,105,438,1,0,0,0,0,1,0,下位,0,0,0
294,294,0,172,638,0,0,0,22,454,420,2,下位,0,0,0
444,444,0,26,64,0,0,0,294,654,600,3,下位,0,0,0
395,395,0,76,279,0,1,444,294,654,600,3,下位,0,444,80
645,645,0,146,637,0,0,0,839,295,-378,1,下位,0,0,0
162,162,0,26,62,0,0,0,645,653,-765,2,下位,0,0,0
267,267,0,25,58,0,1,162,645,653,-765,2,下位,0,162,78
102,102,0,226,1053,0,2,429,645,653,-765,2,下位,0,267,74
359,359,0,26,62,0,0,0,531,1069,-401,1,下位,0,0,0
141,141,0,24,56,0,1,359,531,1069,-401,1,下位,0,359,78
196,196,0,102,378,0,2,500,531,1069,-401,1,下位,0,141,72
69,69,0,26,64,0,0,0,696,394,-980,2,下位,0,0,0
363,363,0,25,60,0,1,69,696,394,-980,2,下位,0,69,80
332,332,0,25,58,0,2,432,696,394,-980,2,下位,0,363,76
167,167,0,78,278,0,3,764,696,394,-980,2,下位,0,332,74
598,598,0,250,1188,1,0,0,0,0,1,0,下位,0,0,0
998,998,0,94,361,0,0,0,598,1204,240,1,下位,0,0,0
481,481,0,150,576,1,0,0,0,0,1,0,下位,0,0,0
356,356,0,67,212,0,0,0,481,592,-183,3,下位,0,0,0
435,435,0,61,211,0,0,0,356,228,-529,1,下位,0,0,0
195,195,0,784,3394,0,0,0,435,227,-1004,1,下位,0,0,0
148,148,0,24,56,1,0,0,0,0,1,0,下位,0,0,0
319,319,0,7,-32,1,1,148,0,0,1,0,下位,0,148,72
516,516,0,161,676,1,2,467,0,0,1,0,下位,0,319,0
128,128,0,26,62,0,0,0,983,692,-837,3,下位,0,0,0
124,124,0,25,60,0,1,128,983,692,-837,3,下位,0,128,78
55,55,0,25,58,0,2,252,983,692,-837,3,下位,0,124,76
434,434,0,26,64,0,3,307,983,692,-837,3,下位,0,55,74
362,362,0,96,402,0,4,741,983,692,-837,3,下位,0,434,80
363,363,0,26,62,0,0,0,1103,418,-1891,1,下位,0,0,0
246,246,0,810,3558,0,1,363,1103,418,-1891,1,下位,0,363,78
360,360,0,116,411,0,0,0,609,3574,778,11,上位,0,0,0
469,469,0,141,597,0,0,0,360,427,624,2,下位,0,0,0
126,126,0,128,474,1,0,0,0,0,1,0,下位,0,0,0
153,153,0,28,74,0,0,0,126,490,288,2,下位,0,0,0
204,204,0,239,1017,0,1,153,126,490,288,2,下位,0,153,90
61,61,0,309,1410,0,0,0,357,1033,835,3,下位,0,0,0
159,159,0,80,282,0,0,0,61,1426,2163,4,下位,0,0,0
202,202,0,93,383,0,0,0,159,298,2205,1,下位,0,0,0
358,358,0,126,504,0,0,0,202,399,2278,1,下位,0,0,0
151,151,0,108,383,0,0,0,358,520,2221,1,下位,0,0,0
698,698,0,25,58,0,0,0,151,399,175,3,下位,0,0,0
271,271,0,26,62,0,1,698,151,399,175,3,下位,0,698,74
32,32,0,25,60,0,2,969,151,399,175,3,下位,0,271,78
315,315,0,25,60,0,3,1001,151,399,175,3,下位,0,32,76
561,561,0,25,60,0,4,1316,151,399,175,3,下位,0,315,76
497,497,0,378,1805,0,5,1877,151,399,175,3,下位,0,561,76
179,179,0,134,530,0,0,0,2374,1821,-1454,1,下位,0,0,0
90,90,0,96,380,0,0,0,179,546,-1197,2,下位,0,0,0
67,67,0,508,2271,0,0,0,90,396,-946,2,下位,0,0,0
665,665,0,827,4003,1,0,0,0,0,1,0,下位,0,0,0
261,261,0,84,298,0,0,0,665,4019,535,3,下位,0,0,0
195,195,0,17,17,1,0,0,0,0,1,0,下位,0,0,0
270,270,0,23,49,1,1,195,0,0,1,0,下位,0,195,33
240,240,0,25,60,1,2,465,0,0,1,0,下位,0,270,65
353,353,0,26,64,1,3,705,0,0,1,0,下位,0,240,76
516,516,0,126,523,1,4,1058,0,0,1,0,下位,0,353,80
236,236,0,26,64,1,0,0,0,0,1,0,下位,0,0,0
379,379,0,24,56,1,1,236,0,0,1,0,下位,0,236,80
611,611,0,59,218,1,2,615,0,0,1,0,下位,0,379,72
59,59,0,24,54,1,0,0,0,0,1,0,下位,0,0,0
587,587,0,160,639,1,1,59,0,0,1,0,下位,0,59,70
114,114,0,134,544,0,0,0,646,655,-316,2,下位,0,0,0
317,317,0,338,1523,0,0,0,114,560,60,2,下位,0,0,0
141,141,0,70,254,0,0,0,317,1539,1088,3,下位,0,0,0
154,154,0,705,3322,0,0,0,141,270,1131,1,下位,0,0,0
620,620,0,90,322,0,0,0,154,3338,381,5,下位,0,0,0
773,773,0,114,480,0,0,0,620,338,-281,1,下位,0,0,0
194,194,0,71,245,0,0,0,773,496,-1032,2,下位,0,0,0
266,266,0,155,549,0,0,0,194,261,-1084,1,下位,0,0,0
580,580,0,26,62,0,0,0,266,565,-948,3,下位,0,0,0
289,289,0,144,590,0,1,580,266,565,-948,3,下位,0,580,78
335,335,0,78,291,1,0,0,0,0,1,0,下位,0,0,0
92,92,0,75,250,0,0,0,335,307,-232,1,下位,0,0,0
153,153,0,25,58,0,0,0,92,266,-114,1,下位,0,0,0
84,84,0,26,62,0,1,153,92,266,-114,1,下位,0,153,74
163,163,0,95,363,0,2,237,92,266,-114,1,下位,0,84,78
54,54,0,25,58,0,0,0,400,379,-229,1,下位,0,0,0
257,257,0,87,371,0,1,54,400,379,-229,1,下位,0,54,74
716,716,0,24,56,0,0,0,311,387,-270,1,下位,0,0,0
33,33,0,26,64,0,1,716,311,387,-270,1,下位,0,716,72
172,172,0,125,505,0,2,749,311,387,-270,1,下位,0,33,80
256,256,0,24,56,0,0,0,921,521,-1082,2,下位,0,0,0
247,247,0,107,428,0,1,256,921,521,-1082,2,下位,0,256,72
66,66,0,387,1729,0,0,0,503,444,-1377,2,下位,0,0,0
140,140,0,115,471,0,0,0,66,1745,262,6,下位,0,0,0
145,145,0,25,60,0,0,0,140,487,523,1,下位,0,0,0
436,436,0,98,382,0,1,145,140,487,523,1,下位,0,145,76
359,359,0,25,60,0,0,0,581,398,60,1,下位,0,0,0
494,494,0,114,507,0,1,359,581,398,60,1,下位,0,359,76
174,174,0,98,393,0,0,0,853,523,-717,1,下位,0,0,0
167,167,0,26,64,0,0,0,174,409,-589,1,下位,0,0,0
265,265,0,26,62,0,1,167,174,409,-589,1,下位,0,167,80
384,384,0,73,270,0,2,432,174,409,-589,1,下位,0,265,78
473,473,0,25,58,1,0,0,0,0,1,0,下位,0,0,0
999,999,0,26,64,1,1,473,0,0,1,0,下位,0,473,74
298,298,0,97,420,1,2,1472,0,0,1,0,下位,0,999,80
168,168,0,23,47,0,0,0,1770,436,-2264,1,下位,0,0,0
166,166,0,22,45,0,1,168,1770,436,-2264,1,下位,0,168,63
711,711,0,258,1069,0,2,334,1770,436,-2264,1,下位,0,166,61
31,31,0,106,398,0,0,0,1045,1085,-2741,5,下位,0,0,0
111,111,0,74,252,0,0,0,31,414,-2377,2,下位,0,0,0
387,387,0,24,56,0,0,0,111,268,-2288,1,下位,0,0,0
423,423,0,25,58,0,1,387,111,268,-2288,1,下位,0,387,72
141,141,0,26,62,0,2,810,111,268,-2288,1,下位,0,423,74
95,95,0,26,64,0,3,951,111,268,-2288,1,下位,0,141,78
139,139,0,125,560,0,4,1046,111,268,-2288,1,下位,0,95,80
52,52,0,24,52,0,0,0,1185,576,-3319,1,下位,0,0,0
143,143,0,187,766,0,1,52,1185,576,-3319,1,下位,0,52,68
249,249,0,26,65,0,0,0,195,782,-2784,3,下位,0,0,0
695,695,0,107,421,0,1,249,195,782,-2784,3,下位,0,249,81
330,330,0,26,62,1,0,0,0,0,1,0,下位,0,0,0
503,503,0,462,2090,1,1,330,0,0,1,0,下位,0,330,78
448,448,0,25,58,0,0,0,833,2106,842,4,下位,0,0,0
556,556,0,24,56,0,1,448,833,2106,842,4,下位,0,448,74
66,66,0,110,398,0,2,1004,833,2106,842,4,下位,0,556,72
707,707,0,92,380,0,0,0,1070,414,-324,2,下位,0,0,0
403,403,0,109,403,0,0,0,707,396,-1068,1,下位,0,0,0
31,31,0,25,60,0,0,0,403,419,-1299,2,下位,0,0,0
327,327,0,260,1018,0,1,31,403,419,-1299,2,下位,0,31,76
133,133,0,68,260,0,0,0,358,1034,-766,6,下位,0,0,0
119,119,0,74,263,0,0,0,133,276,-705,1,下位,0,0,0
137,137,0,282,1310,0,0,0,119,279,-618,1,下位,0,0,0
1013,1013,0,26,64,0,0,0,137,1326,487,2,下位,0,0,0
414,414,0,103,359,0,1,1013,137,1326,487,2,下位,0,1013,80
234,234,0,70,241,0,0,0,1427,375,-1360,2,下位,0,0,0
359,359,0,87,314,0,0,0,234,257,-1480,1,下位,0,0,0
190,190,0,107,444,1,0,0,0,0,1,0,下位,0,0,0
66,66,0,74,272,0,0,0,190,460,155,1,下位,0,0,0
171,171,0,86,350,0,0,0,66,288,337,1,下位,0,0,0
371,371,0,26,62,0,0,0,171,366,427,1,下位,0,0,0
719,719,0,140,615,0,1,371,171,366,427,1,下位,0,371,78
343,343,0,93,340,0,0,0,1090,631,-623,1,下位,0,0,0
134,134,0,75,278,0,0,0,343,356,-820,1,下位,0,0,0
539,539,0,26,62,0,0,0,134,294,-742,1,下位,0,0,0
90,90,0,26,62,0,1,539,134,294,-742,1,下位,0,539,78
61,61,0,141,510,0,2,629,134,294,-742,1,下位,0,90,78
699,699,0,110,419,0,0,0,690,526,-1172,3,下位,0,0,0
247,247,0,162,686,0,0,0,699,435,-1864,2,下位,0,0,0
233,233,0,22,46,0,0,0,247,702,-1560,1,下位,0,0,0
81,81,0,25,60,0,1,233,247,702,-1560,1,下位,0,233,62
159,159,0,250,1027,0,2,314,247,702,-1560,1,下位,0,81,76
601,601,0,775,3651,0,0,0,473,1043,-1142,4,下位,0,0,0
333,333,0,61,205,1,0,0,0,0,1,0,下位,0,0,0
349,349,0,407,1635,0,0,0,333,221,-315,1,下位,0,0,0
441,441,0,149,627,0,0,0,349,1651,773,7,下位,0,0,0
156,156,0,25,58,0,0,0,441,643,705,2,下位,0,0,0
33,33,0,26,64,0,1,156,441,643,705,2,下位,0,156,74
91,91,0,26,62,0,2,189,441,643,705,2,下位,0,33,80
544,544,0,142,621,0,3,280,441,643,705,2,下位,0,91,78
169,169,0,108,450,0,0,0,824,637,245,1,下位,0,0,0
62,62,0,149,529,0,0,0,169,466,438,2,下位,0,0,0
358,358,0,25,60,0,0,0,62,545,883,3,下位,0,0,0
154,154,0,85,313,0,1,358,62,545,883,3,下位,0,358,76
980,980,0,122,497,0,0,0,512,329,462,1,下位,0,0,0
343,343,0,118,469,0,0,0,980,513,-606,2,下位,0,0,0
998,998,0,78,291,0,0,0,343,485,-674,1,下位,0,0,0
258,258,0,287,1233,0,0,0,998,307,-1977,1,下位,0,0,0
147,147,0,24,56,1,0,0,0,0,1,0,下位,0,0,0
148,148,0,78,265,1,1,147,0,0,1,0,下位,0,147,72
682,682,0,25,60,0,0,0,295,281,-122,1,下位,0,0,0
153,153,0,26,62,0,1,682,295,281,-122,1,下位,0,682,76
543,543,0,135,567,0,2,835,295,281,-122,1,下位,0,153,78
304,304,0,24,52,0,0,0,1378,583,-1608,2,下位,0,0,0
72,72,0,176,801,0,1,304,1378,583,-1608,2,下位,0,304,68
363,363,0,293,1206,0,0,0,376,817,-1329,2,下位,0,0,0
234,234,0,25,60,0,0,0,363,1222,-692,5,下位,0,0,0
124,124,0,25,60,0,1,234,363,1222,-692,5,下位,0,234,76
171,171,0,25,58,0,2,358,363,1222,-692,5,下位,0,124,76
93,93,0,321,1429,0,3,529,363,1222,-692,5,下位,0,171,74
620,620,0,25,58,0,0,0,622,1445,-25,5,下位,0,0,0
363,363,0,80,285,0,1,620,622,1445,-25,5,下位,0,620,74
230,230,0,25,58,0,0,0,983,301,-1235,1,下位,0,0,0
305,305,0,24,56,0,1,230,983,301,-1235,1,下位,0,230,74
212,212,0,25,60,0,2,535,983,301,-1235,1,下位,0,305,72
216,216,0,26,62,0,3,747,983,301,-1235,1,下位,0,212,76
998,998,0,184,786,0,4,963,983,301,-1235,1,下位,0,216,78
136,136,0,26,62,0,0,0,1961,802,-3297,2,下位,0,0,0
202,202,0,202,876,0,1,136,1961,802,-3297,2,下位,0,136,78
358,358,0,70,258,0,0,0,338,892,-2872,2,下位,0,0,0
471,471,0,24,56,0,0,0,358,274,-3175,1,下位,0,0,0
193,193,0,228,1073,0,1,471,358,274,-3175,1,下位,0,471,72
208,208,0,26,62,0,0,0,664,1089,-3085,1,下位,0,0,0
139,139,0,114,484,0,1,208,664,1089,-3085,1,下位,0,208,78
104,104,0,305,1230,0,0,0,347,500,-3067,1,下位,0,0,0
151,151,0,25,58,1,0,0,0,0,1,0,下位,0,0,0
142,142,0,139,578,1,1,151,0,0,1,0,下位,0,151,74
89,89,0,26,62,0,0,0,293,594,196,2,下位,0,0,0
34,34,0,88,376,0,1,89,293,594,196,2,下位,0,89,78
160,160,0,127,493,0,0,0,123,392,467,1,下位,0,0,0
384,384,0,124,482,0,0,0,160,509,718,2,下位,0,0,0
488,488,0,26,62,0,0,0,384,498,597,2,下位,0,0,0
177,177,0,25,60,0,1,488,384,498,597,2,下位,0,488,78
385,385,0,104,396,0,2,665,384,498,597,2,下位,0,177,76
259,259,0,123,465,0,0,0,1050,412,-531,1,下位,0,0,0
143,143,0,112,452,0,0,0,259,481,-468,2,下位,0,0,0
960,960,0,113,404,0,0,0,143,468,-231,2,下位,0,0,0
129,129,0,25,60,0,0,0,960,420,-1359,2,下位,0,0,0
42,42,0,25,60,0,1,129,960,420,-1359,2,下位,0,129,76
1000,1000,0,136,614,0,2,171,960,420,-1359,2,下位,0,42,76
772,772,0,75,264,1,0,0,0,0,1,0,下位,0,0,0
883,883,0,24,54,0,0,0,772,280,-964,1,下位,0,0,0
620,620,0,26,62,0,1,883,772,280,-964,1,下位,0,883,70
218,218,0,26,62,0,2,1503,772,280,-964,1,下位,0,620,78
71,71,0,26,62,0,3,1721,772,280,-964,1,下位,0,218,78
392,392,0,215,1009,0,4,1792,772,280,-964,1,下位,0,71,78
622,622,0,26,62,0,0,0,2184,1025,-3158,1,下位,0,0,0
143,143,0,25,58,0,1,622,2184,1025,-3158,1,下位,0,622,78
695,695,0,25,60,0,2,765,2184,1025,-3158,1,下位,0,143,74
331,331,0,24,56,0,3,1460,2184,1025,-3158,1,下位,0,695,76
139,139,0,123,548,0,4,1791,2184,1025,-3158,1,下位,0,331,72
126,126,0,75,300,1,0,0,0,0,1,0,下位,0,0,0
355,355,0,103,415,0,0,0,126,316,114,1,下位,0,0,0
104,104,0,25,60,0,0,0,355,431,-28,2,下位,0,0,0
351,351,0,757,3425,0,1,104,355,431,-28,2,下位,0,104,76
621,621,0,135,478,0,0,0,455,3441,370,8,上位,0,0,0
657,657,0,64,240,0,0,0,621,494,-138,3,下位,0,0,0
977,977,0,72,280,0,0,0,657,256,-942,1,下位,0,0,0
36,36,0,72,234,0,0,0,977,296,-2222,1,下位,0,0,0
168,168,0,83,286,0,0,0,36,250,-2030,1,下位,0,0,0
98,98,0,77,305,0,0,0,168,302,-1999,1,下位,0,0,0
868,868,0,24,54,0,0,0,98,321,-1836,1,下位,0,0,0
508,508,0,24,54,0,1,868,98,321,-1836,1,下位,0,868,70
175,175,0,24,56,0,2,1376,98,321,-1836,1,下位,0,508,70
360,360,0,24,56,0,3,1551,98,321,-1836,1,下位,0,175,72
516,516,0,136,602,0,4,1911,98,321,-1836,1,下位,0,360,72
609,609,0,123,518,0,0,0,2427,618,-4848,2,下位,0,0,0
301,301,0,167,637,1,0,0,0,0,1,0,下位,0,0,0
150,150,0,26,62,0,0,0,301,653,169,3,下位,0,0,0
484,484,0,95,358,0,1,150,301,653,169,3,下位,0,150,78
533,533,0,25,58,0,0,0,634,374,-402,1,下位,0,0,0
121,121,0,81,307,0,1,533,634,374,-402,1,下位,0,533,74
142,142,0,113,390,0,0,0,654,323,-1060,1,下位,0,0,0
198,198,0,117,499,0,0,0,142,406,-883,2,下位,0,0,0
799,799,0,941,4349,0,0,0,198,515,-687,1,下位,0,0,0
555,555,0,182,756,0,0,0,799,4365,2389,9,上位,0,0,0
222,222,0,26,64,0,0,0,555,772,2266,4,下位,0,0,0
149,149,0,599,2614,0,1,222,555,772,2266,4,下位,0,222,80
131,131,0,122,460,0,0,0,371,2630,1687,8,上位,0,0,0
357,357,0,132,540,0,0,0,131,476,1952,2,下位,0,0,0
382,382,0,25,58,0,0,0,357,556,1932,2,下位,0,0,0
255,255,0,65,223,0,1,382,357,556,1932,2,下位,0,382,74
352,352,0,101,436,0,0,0,637,239,1218,1,下位,0,0,0
178,178,0,26,62,1,0,0,0,0,1,0,下位,0,0,0
153,153,0,259,1028,1,1,178,0,0,1,0,下位,0,178,78
65,65,0,24,54,0,0,0,331,1044,589,5,下位,0,0,0
140,140,0,68,256,0,1,65,331,1044,589,5,下位,0,65,70
903,903,0,104,417,0,0,0,205,272,600,1,下位,0,0,0
404,404,0,23,49,0,0,0,903,433,-423,1,下位,0,0,0
689,689,0,24,52,0,1,404,903,433,-423,1,下位,0,404,65
388,388,0,145,580,0,2,1093,903,433,-423,1,下位,0,689,68
142,142,0,24,52,0,0,0,1481,596,-2083,3,下位,0,0,0
682,682,0,91,386,0,1,142,1481,596,-2083,3,下位,0,142,68
357,357,0,61,230,0,0,0,824,402,-2942,1,下位,0,0,0
162,162,0,25,58,0,0,0,357,246,-3272,1,下位,0,0,0
69,69,0,68,262,0,1,162,357,246,-3272,1,下位,0,162,74
479,479,0,114,428,0,0,0,231,278,-3292,1,下位,0,0,0
368,368,0,140,536,1,0,0,0,0,1,0,下位,0,0,0
86,86,0,104,407,0,0,0,368,552,-41,2,下位,0,0,0
350,350,0,194,802,0,0,0,86,423,243,2,下位,0,0,0
631,631,0,1184,5165,0,0,0,350,818,496,3,下位,0,0,0
66,66,0,150,574,0,0,0,631,5181,4659,23,上位,0,0,0
264,264,0,107,440,0,0,0,66,590,499,2,下位,0,0,0
298,298,0,148,618,0,0,0,264,456,529,2,下位,0,0,0
224,224,0,216,1013,0,0,0,298,634,682,1,下位,0,0,0
38,38,0,23,50,0,0,0,224,1029,1350,1,下位,0,0,0
389,389,0,145,528,0,1,38,224,1029,1350,1,下位,0,38,66
360,360,0,358,1648,0,0,0,427,544,1272,3,下位,0,0,0
511,511,0,90,340,0,0,0,360,1664,2355,2,下位,0,0,0
75,75,0,118,425,0,0,0,511,356,1887,1,下位,0,0,0
68,68,0,146,619,0,0,0,75,441,2207,2,下位,0,0,0
157,157,0,25,60,0,0,0,68,635,126,2,下位,0,0,0
166,166,0,77,257,0,1,157,68,635,126,2,下位,0,157,76
990,990,0,73,302,0,0,0,323,273,-46,1,下位,0,0,0
165,165,0,26,64,0,0,0,990,318,-1325,1,下位,0,0,0
154,154,0,24,52,0,1,165,990,318,-1325,1,下位,0,165,80
251,251,0,103,395,0,2,319,990,318,-1325,1,下位,0,154,68
224,224,0,26,62,1,0,0,0,0,1,0,下位,0,0,0
138,138,0,26,64,1,1,224,0,0,1,0,下位,0,224,78
688,688,0,90,332,1,2,362,0,0,1,0,下位,0,138,80
133,133,0,106,396,0,0,0,1050,348,-1187,1,下位,0,0,0
143,143,0,168,680,0,0,0,133,412,-990,2,下位,0,0,0
374,374,0,26,63,0,0,0,143,696,-525,4,下位,0,0,0
485,485,0,26,62,0,1,374,143,696,-525,4,下位,0,374,79
126,126,0,129,547,0,2,859,143,696,-525,4,下位,0,485,78
123,123,0,25,58,0,0,0,985,563,-1393,2,下位,0,0,0
69,69,0,25,58,0,1,123,985,563,-1393,2,下位,0,123,74
382,382,0,26,62,0,2,192,985,563,-1393,2,下位,0,69,74
365,365,0,73,269,0,3,574,985,563,-1393,2,下位,0,382,78
81,81,0,116,465,1,0,0,0,0,1,0,下位,0,0,0
249,249,0,140,533,0,0,0,81,481,351,1,下位,0,0,0
194,194,0,25,60,0,0,0,249,549,498,2,下位,0,0,0
137,137,0,25,58,0,1,194,249,549,498,2,下位,0,194,76
684,684,0,24,56,0,2,331,249,549,498,2,下位,0,137,74
177,177,0,121,522,0,3,1015,249,549,498,2,下位,0,684,72
594,594,0,133,538,0,0,0,1192,538,-664,1,下位,0,0,0
348,348,0,302,1346,0,0,0,594,554,-1068,2,下位,0,0,0
168,168,0,205,752,0,0,0,348,1362,-267,2,下位,0,0,0
212,212,0,115,457,0,0,0,168,768,230,5,下位,0,0,0
138,138,0,69,226,0,0,0,212,473,361,2,下位,0,0,0
204,204,0,25,58,0,0,0,138,242,380,1,下位,0,0,0
173,173,0,26,62,0,1,204,138,242,380,1,下位,0,204,74
378,378,0,1198,5487,0,2,377,138,242,380,1,下位,0,173,78
152,152,0,24,52,0,0,0,755,5503,4817,10,上位,0,0,0
92,92,0,115,467,0,1,152,755,5503,4817,10,上位,0,152,68
417,417,0,23,47,1,0,0,0,0,1,0,下位,0,0,0
95,95,0,146,557,1,1,417,0,0,1,0,下位,0,417,63
256,256,0,26,62,0,0,0,512,573,-189,2,下位,0,0,0
137,137,0,26,62,0,1,256,512,573,-189,2,下位,0,256,78
146,146,0,147,632,0,2,393,512,573,-189,2,下位,0,137,78
455,455,0,58,208,0,0,0,539,648,-254,2,下位,0,0,0
360,360,0,24,56,0,0,0,455,224,-764,1,下位,0,0,0
371,371,0,92,352,0,1,360,455,224,-764,1,下位,0,360,72
357,357,0,25,60,0,0,0,731,368,-1503,2,下位,0,0,0
160,160,0,81,331,0,1,357,731,368,-1503,2,下位,0,357,76
378,378,0,26,62,0,0,0,517,347,-1914,1,下位,0,0,0
679,679,0,24,56,0,1,378,517,347,-1914,1,下位,0,378,78
323,323,0,193,813,0,2,1057,517,347,-1914,1,下位,0,679,72
61,61,0,94,384,1,0,0,0,0,1,0,下位,0,0,0
241,241,0,123,517,0,0,0,61,400,303,1,下位,0,0,0
47,47,0,24,56,0,0,0,241,533,447,2,下位,0,0,0
427,427,0,145,556,0,1,47,241,533,447,2,下位,0,47,72
323,323,0,24,54,0,0,0,474,572,326,3,下位,0,0,0
505,505,0,111,446,0,1,323,474,572,326,3,下位,0,323,70
270,270,0,24,56,0,0,0,828,462,-478,2,下位,0,0,0
171,171,0,64,245,0,1,270,828,462,-478,2,下位,0,270,72
41,41,0,25,58,0,0,0,441,261,-857,1,下位,0,0,0
501,501,0,65,210,0,1,41,441,261,-857,1,下位,0,41,74
693,693,0,24,52,0,0,0,542,226,-1431,1,下位,0,0,0
689,689,0,26,62,0,1,693,542,226,-1431,1,下位,0,693,68
47,47,0,104,441,0,2,1382,542,226,-1431,1,下位,0,689,78
216,216,0,147,596,0,0,0,1429,457,-3133,1,下位,0,0,0
163,163,0,24,54,0,0,0,216,612,-2869,3,下位,0,0,0
498,498,0,75,285,0,1,163,216,612,-2869,3,下位,0,163,70
167,167,0,74,295,0,0,0,661,301,-3564,1,下位,0,0,0
696,696,0,1048,4882,0,0,0,167,311,-3522,1,下位,0,0,0
122,122,0,25,58,1,0,0,0,0,1,0,下位,0,0,0
127,127,0,25,58,1,1,122,0,0,1,0,下位,0,122,74
336,336,0,25,58,1,2,249,0,0,1,0,下位,0,127,74
631,631,0,25,58,1,3,585,0,0,1,0,下位,0,336,74
84,84,0,118,453,1,4,1216,0,0,1,0,下位,0,631,74
180,180,0,21,41,0,0,0,1300,469,-1331,2,下位,0,0,0
692,692,0,26,64,0,1,180,1300,469,-1331,2,下位,0,180,57
617,617,0,24,52,0,2,872,1300,469,-1331,2,下位,0,692,80
115,115,0,117,455,0,3,1489,1300,469,-1331,2,下位,0,617,68
366,366,0,25,60,0,0,0,1604,471,-3241,2,下位,0,0,0
282,282,0,507,2144,0,1,366,1604,471,-3241,2,下位,0,366,76
167,167,0,26,62,0,0,0,648,2160,-2050,9,上位,0,0,0
358,358,0,574,2576,0,1,167,648,2160,-2050,9,上位,0,167,78
134,134,0,24,56,0,0,0,525,2592,-226,6,下位,0,0,0
121,121,0,26,64,0,1,134,525,2592,-226,6,下位,0,134,72
393,393,0,118,493,0,2,255,525,2592,-226,6,下位,0,121,80
177,177,0,29,80,0,0,0,648,509,-610,2,下位,0,0,0
28,28,0,25,58,0,1,177,648,509,-610,2,下位,0,177,96
154,154,0,82,345,0,2,205,648,509,-610,2,下位,0,28,74
105,105,0,172,797,0,0,0,359,361,-657,1,下位,0,0,0
668,668,0,76,276,1,0,0,0,0,1,0,下位,0,0,0
201,201,0,24,56,0,0,0,668,292,-784,1,下位,0,0,0
218,218,0,462,2156,0,1,201,668,292,-784,1,下位,0,201,72
618,618,0,1009,4645,0,0,0,419,2172,784,4,下位,0,0,0
532,532,0,24,54,0,0,0,618,4661,1256,6,下位,0,0,0
375,375,0,292,1245,0,1,532,618,4661,1256,6,下位,0,532,70
136,136,0,24,55,0,0,0,907,1261,1124,4,下位,0,0,0
506,506,0,25,60,0,1,136,907,1261,1124,4,下位,0,136,71
60,60,0,87,337,0,2,642,907,1261,1124,4,下位,0,506,76
591,591,0,131,534,0,0,0,702,353,492,1,下位,0,0,0
144,144,0,109,445,0,0,0,591,550,89,1,下位,0,0,0
226,226,0,26,64,0,0,0,144,461,318,2,下位,0,0,0
157,157,0,79,293,0,1,226,144,461,318,2,下位,0,226,80
106,106,0,26,62,0,0,0,383,309,89,1,下位,0,0,0
153,153,0,75,290,0,1,106,383,309,89,1,下位,0,106,78
148,148,0,167,616,1,0,0,0,0,1,0,下位,0,0,0
140,140,0,26,64,0,0,0,148,632,394,3,下位,0,0,0
141,141,0,106,423,0,1,140,148,632,394,3,下位,0,140,80
205,205,0,25,58,0,0,0,281,439,460,1,下位,0,0,0
192,192,0,302,1242,0,1,205,281,439,460,1,下位,0,205,74
550,550,0,77,274,0,0,0,397,1258,1151,5,下位,0,0,0
131,131,0,82,316,0,0,0,550,290,554,1,下位,0,0,0
359,359,0,25,60,0,0,0,131,332,675,1,下位,0,0,0
393,393,0,27,68,0,1,359,131,332,675,1,下位,0,359,76
566,566,0,98,410,0,2,752,131,332,675,1,下位,0,393,84
222,222,0,26,64,0,0,0,1318,426,-865,1,下位,0,0,0
129,129,0,72,284,0,1,222,1318,426,-865,1,下位,0,222,80
934,934,0,24,54,0,0,0,351,300,-1051,1,下位,0,0,0
203,203,0,26,64,0,1,934,351,300,-1051,1,下位,0,934,70
140,140,0,228,950,0,2,1137,351,300,-1051,1,下位,0,203,80
194,194,0,74,241,0,0,0,1277,966,-1996,4,下位,0,0,0
364,364,0,189,671,0,0,0,194,257,-2052,1,下位,0,0,0
145,145,0,213,830,0,0,0,364,687,-1952,5,下位,0,0,0
172,172,0,170,675,0,0,0,145,846,-1340,4,下位,0,0,0
222,222,0,174,712,1,0,0,0,0,1,0,下位,0,0,0
167,167,0,26,64,0,0,0,222,728,371,2,下位,0,0,0
301,301,0,25,60,0,1,167,222,728,371,2,下位,0,167,80
138,138,0,81,337,0,2,468,222,728,371,2,下位,0,301,76
124,124,0,67,254,0,0,0,606,353,-98,1,下位,0,0,0
902,902,0,73,269,0,0,0,124,270,-28,1,下位,0,0,0
119,119,0,95,350,0,0,0,902,285,-1198,1,下位,0,0,0
379,379,0,26,62,0,0,0,119,366,-1024,1,下位,0,0,0
138,138,0,138,610,0,1,379,119,366,-1024,1,下位,0,379,78
999,999,0,129,524,0,0,0,517,626,-1154,2,下位,0,0,0
620,620,0,25,60,0,0,0,999,540,-2225,2,下位,0,0,0
359,359,0,170,700,0,1,620,999,540,-2225,2,下位,0,620,76
696,696,0,63,240,0,0,0,979,716,-3012,3,下位,0,0,0
1004,1004,0,1017,4821,0,0,0,696,256,-3879,1,下位,0,0,0
252,252,0,26,62,1,0,0,0,0,1,0,下位,0,0,0
553,553,0,24,56,1,1,252,0,0,1,0,下位,0,252,78
998,998,0,81,339,1,2,805,0,0,1,0,下位,0,553,72
457,457,0,24,56,0,0,0,1803,355,-2403,1,下位,0,0,0
572,572,0,24,54,0,1,457,1803,355,-2403,1,下位,0,457,72
280,280,0,154,654,0,2,1029,1803,355,-2403,1,下位,0,572,70
162,162,0,165,678,0,0,0,1309,670,-3703,1,下位,0,0,0
166,166,0,22,45,0,0,0,162,694,-3270,3,下位,0,0,0
313,313,0,24,56,0,1,166,162,694,-3270,3,下位,0,166,61
375,375,0,24,56,0,2,479,162,694,-3270,3,下位,0,313,72
139,139,0,22,43,0,3,854,162,694,-3270,3,下位,0,375,72
178,178,0,293,1255,0,4,993,162,694,-3270,3,下位,0,139,59
359,359,0,21,39,0,0,0,1171,1271,-3624,6,下位,0,0,0
982,982,0,120,536,0,1,359,1171,1271,-3624,6,下位,0,359,55
216,216,0,24,56,0,0,0,1341,552,-5180,1,下位,0,0,0
267,267,0,119,435,0,1,216,1341,552,-5180,1,下位,0,216,72
626,626,0,127,537,0,0,0,483,451,-5437,2,下位,0,0,0
157,157,0,129,481,1,0,0,0,0,1,0,下位,0,0,0
690,690,0,167,680,0,0,0,157,497,245,2,下位,0,0,0
229,229,0,24,56,0,0,0,690,696,-172,2,下位,0,0,0
213,213,0,74,252,0,1,229,690,696,-172,2,下位,0,229,72
117,117,0,117,432,0,0,0,442,268,-545,1,下位,0,0,0
360,360,0,24,54,0,0,0,117,448,-286,2,下位,0,0,0
147,147,0,25,58,0,1,360,117,448,-286,2,下位,0,360,70
156,156,0,188,852,0,2,507,117,448,-286,2,下位,0,147,74
144,144,0,99,418,0,0,0,663,868,-344,2,下位,0,0,0
125,125,0,161,641,0,0,0,144,434,-142,1,下位,0,0,0
494,494,0,475,2240,0,0,0,125,657,313,3,下位,0,0,0
208,208,0,149,583,0,0,0,494,2256,1772,3,下位,0,0,0
403,403,0,190,780,0,0,0,208,599,2036,3,下位,0,0,0
108,108,0,26,62,0,0,0,403,796,2182,3,下位,0,0,0
87,87,0,114,504,0,1,108,403,796,2182,3,下位,0,108,78
630,630,0,102,358,0,0,0,195,520,2466,1,下位,0,0,0
583,583,0,25,58,0,0,0,630,374,1824,2,下位,0,0,0
460,460,0,25,60,0,1,583,630,374,1824,2,下位,0,583,74
166,166,0,25,60,0,2,1043,630,374,1824,2,下位,0,460,76
252,252,0,194,780,0,3,1209,630,374,1824,2,下位,0,166,76
488,488,0,25,60,1,0,0,0,0,1,0,下位,0,0,0
759,759,0,25,60,1,1,488,0,0,1,0,下位,0,488,76
362,362,0,24,52,1,2,1247,0,0,1,0,下位,0,759,76
980,980,0,104,382,1,3,1609,0,0,1,0,下位,0,362,68
698,698,0,26,66,0,0,0,2589,398,-3557,2,下位,0,0,0
29,29,0,25,58,0,1,698,2589,398,-3557,2,下位,0,698,82
695,695,0,24,54,0,2,727,2589,398,-3557,2,下位,0,29,74
998,998,0,26,64,0,3,1422,2589,398,-3557,2,下位,0,695,70
420,420,0,74,278,0,4,2420,2589,398,-3557,2,下位,0,998,80
346,346,0,173,749,1,0,0,0,0,1,0,下位,0,0,0
163,163,0,682,3083,0,0,0,346,765,208,1,下位,0,0,0
620,620,0,26,64,0,0,0,163,3099,836,6,下位,0,0,0
192,192,0,109,384,0,1,620,163,3099,836,6,下位,0,620,80
111,111,0,151,678,0,0,0,812,400,6,2,下位,0,0,0
235,235,0,103,348,0,0,0,111,694,521,1,下位,0,0,0
103,103,0,107,424,0,0,0,235,364,506,2,下位,0,0,0
375,375,0,79,276,0,0,0,103,440,780,2,下位,0,0,0
110,110,0,24,54,0,0,0,375,292,467,1,下位,0,0,0
375,375,0,77,308,0,1,110,375,292,467,1,下位,0,110,70
709,709,0,25,60,0,0,0,485,324,78,1,下位,0,0,0
161,161,0,24,56,0,1,709,485,324,78,1,下位,0,709,76
167,167,0,82,320,0,2,870,485,324,78,1,下位,0,161,72
117,117,0,243,1039,0,0,0,1037,336,-1111,1,下位,0,0,0
373,373,0,82,303,0,0,0,117,1055,-245,4,下位,0,0,0
172,172,0,169,644,0,0,0,373,319,-528,1,下位,0,0,0
112,112,0,73,276,0,0,0,172,660,-145,3,下位,0,0,0
687,687,0,104,415,0,0,0,112,292,-34,1,下位,0,0,0
353,353,0,26,62,1,0,0,0,0,1,0,下位,0,0,0
362,362,0,102,432,1,1,353,0,0,1,0,下位,0,353,78
351,351,0,28,76,0,0,0,715,448,-626,1,下位,0,0,0
377,377,0,26,62,0,1,351,715,448,-626,1,下位,0,351,92
198,198,0,119,530,0,2,728,715,448,-626,1,下位,0,377,78
150,150,0,26,62,0,0,0,926,546,-1403,1,下位,0,0,0
266,266,0,123,458,0,1,150,926,546,-1403,1,下位,0,150,78
392,392,0,87,370,0,0,0,416,474,-1522,2,下位,0,0,0
168,168,0,26,62,0,0,0,392,386,-1768,1,下位,0,0,0
688,688,0,188,815,0,1,168,392,386,-1768,1,下位,0,168,78
484,484,0,71,246,0,0,0,856,831,-2240,2,下位,0,0,0
334,334,0,180,802,0,0,0,484,262,-2759,1,下位,0,0,0
714,714,0,121,480,0,0,0,334,818,-2480,2,下位,0,0,0
353,353,0,192,728,1,0,0,0,0,1,0,下位,0,0,0
382,382,0,145,572,0,0,0,353,744,176,4,下位,0,0,0
350,350,0,93,338,0,0,0,382,588,148,3,下位,0,0,0
101,101,0,71,251,0,0,0,350,354,-63,1,下位,0,0,0
218,218,0,139,628,0,0,0,101,267,41,1,下位,0,0,0
996,996,0,26,62,0,0,0,218,644,333,1,下位,0,0,0
564,564,0,167,675,0,1,996,218,644,333,1,下位,0,996,78
74,74,0,25,58,0,0,0,1560,691,-1415,3,下位,0,0,0
684,684,0,25,60,0,1,74,1560,691,-1415,3,下位,0,74,74
397,397,0,116,504,0,2,758,1560,691,-1415,3,下位,0,684,76
95,95,0,263,1180,0,0,0,1155,520,-2607,2,下位,0,0,0
99,99,0,24,54,0,0,0,95,1196,-1564,3,下位,0,0,0
772,772,0,148,615,0,1,99,95,1196,-1564,3,下位,0,99,70
92,92,0,25,60,0,0,0,871,631,-2268,2,下位,0,0,0
397,397,0,145,584,0,1,92,871,631,-2268,2,下位,0,92,76
117,117,0,195,730,1,0,0,0,0,1,0,下位,0,0,0
263,263,0,73,248,0,0,0,117,746,558,4,下位,0,0,0
571,571,0,161,680,0,0,0,263,264,398,1,下位,0,0,0
597,597,0,89,306,0,0,0,571,696,173,2,下位,0,0,0
695,695,0,24,54,0,0,0,597,322,-468,2,下位,0,0,0
706,706,0,25,60,0,1,695,597,322,-468,2,下位,0,695,70
106,106,0,24,56,0,2,1401,597,322,-468,2,下位,0,706,76
163,163,0,91,336,0,3,1507,597,322,-468,2,下位,0,106,72
198,198,0,94,361,0,0,0,1670,352,-2592,1,下位,0,0,0
398,398,0,25,60,0,0,0,198,377,-2534,2,下位,0,0,0
428,428,0,1168,5343,0,1,398,198,377,-2534,2,下位,0,398,76
335,335,0,22,43,1,0,0,0,0,1,0,下位,0,0,0
536,536,0,26,62,1,1,335,0,0,1,0,下位,0,335,59
998,998,0,184,726,1,2,871,0,0,1,0,下位,0,536,78
576,576,0,80,300,0,0,0,1869,742,-2135,3,下位,0,0,0
366,366,0,26,62,0,0,0,576,316,-2748,1,下位,0,0,0
998,998,0,25,61,0,1,366,576,316,-2748,1,下位,0,366,78
108,108,0,205,871,0,2,1364,576,316,-2748,1,下位,0,998,77
380,380,0,26,62,0,0,0,1472,887,-4080,3,下位,0,0,0
359,359,0,405,1707,0,1,380,1472,887,-4080,3,下位,0,380,78
381,381,0,797,3516,1,0,0,0,0,1,0,下位,0,0,0
385,385,0,53,185,0,0,0,381,3532,2918,12,上位,0,0,0
74,74,0,25,60,0,0,0,385,201,112,1,下位,0,0,0
385,385,0,68,237,0,1,74,385,201,112,1,下位,0,74,76
177,177,0,25,58,0,0,0,459,253,-299,1,下位,0,0,0
57,57,0,26,64,0,1,177,459,253,-299,1,下位,0,177,74
51,51,0,25,60,0,2,234,459,253,-299,1,下位,0,57,80
297,297,0,25,58,0,3,285,459,253,-299,1,下位,0,51,76
161,161,0,24,52,0,4,582,459,253,-299,1,下位,0,297,74
335,335,0,26,62,0,5,743,459,253,-299,1,下位,0,161,68
542,542,0,589,2849,0,6,1078,459,253,-299,1,下位,0,335,78
79,79,0,192,713,0,0,0,1620,2865,403,2,下位,0,0,0
289,289,0,26,62,0,0,0,79,729,1005,4,下位,0,0,0
107,107,0,67,255,0,1,289,79,729,1005,4,下位,0,289,78
303,303,0,24,54,0,0,0,396,271,715,1,下位,0,0,0
358,358,0,24,56,0,1,303,396,271,715,1,下位,0,303,70
824,824,0,25,60,0,2,661,396,271,715,1,下位,0,358,72
115,115,0,25,60,0,3,1485,396,271,715,1,下位,0,824,76
383,383,0,137,584,0,4,1600,396,271,715,1,下位,0,115,76
172,172,0,24,52,0,0,0,1983,600,-1591,2,下位,0,0,0
97,97,0,613,2906,0,1,172,1983,600,-1591,2,下位,0,172,68
131,131,0,117,467,1,0,0,0,0,1,0,下位,0,0,0
136,136,0,224,1015,0,0,0,131,483,273,2,下位,0,0,0
159,159,0,24,56,0,0,0,136,1031,1085,1,下位,0,0,0
169,169,0,150,630,0,1,159,136,1031,1085,1,下位,0,159,72
930,930,0,97,402,0,0,0,328,646,1273,1,下位,0,0,0
73,73,0,24,56,0,0,0,930,418,191,1,下位,0,0,0
149,149,0,25,58,0,1,73,930,418,191,1,下位,0,73,72
143,143,0,609,2617,0,2,222,930,418,191,1,下位,0,149,74
173,173,0,93,339,0,0,0,365,2633,2381,8,上位,0,0,0
53,53,0,25,58,0,0,0,173,355,2457,1,下位,0,0,0
144,144,0,26,64,0,1,53,173,355,2457,1,下位,0,53,74
360,360,0,1725,7899,0,2,197,173,355,2457,1,下位,0,144,80
163,163,0,26,62,0,0,0,557,7915,3156,20,上位,0,0,0
329,329,0,23,47,0,1,163,557,7915,3156,20,上位,0,163,78
153,153,0,26,62,0,2,492,557,7915,3156,20,上位,0,329,63
164,164,0,27,70,0,3,645,557,7915,3156,20,上位,0,153,78
184,184,0,175,813,0,4,809,557,7915,3156,20,上位,0,164,86
998,998,0,24,56,0,0,0,993,829,2687,1,下位,0,0,0
234,234,0,24,54,0,1,998,993,829,2687,1,下位,0,998,72
541,541,0,167,769,0,2,1232,993,829,2687,1,下位,0,234,70
346,346,0,95,393,1,0,0,0,0,1,0,下位,0,0,0
140,140,0,25,58,0,0,0,346,409,-148,1,下位,0,0,0
39,39,0,588,2724,0,1,140,346,409,-148,1,下位,0,140,74
560,560,0,108,441,0,0,0,179,2740,2377,5,下位,0,0,0
306,306,0,25,58,0,0,0,560,457,1931,1,下位,0,0,0
951,951,0,28,72,0,1,306,560,457,1931,1,下位,0,306,74
59,59,0,173,796,0,2,1257,560,457,1931,1,下位,0,951,88
22,22,0,24,54,0,0,0,1316,812,782,1,下位,0,0,0
361,361,0,25,58,0,1,22,1316,812,782,1,下位,0,22,70
58,58,0,119,482,0,2,383,1316,812,782,1,下位,0,361,74
643,643,0,74,284,0,0,0,441,498,712,2,下位,0,0,0
348,348,0,25,58,0,0,0,643,300,-25,1,下位,0,0,0
692,692,0,25,58,0,1,348,643,300,-25,1,下位,0,348,74
172,172,0,26,64,0,2,1040,643,300,-25,1,下位,0,692,74
136,136,0,71,274,0,3,1212,643,300,-25,1,下位,0,172,80
95,95,0,25,60,0,0,0,1348,290,-1681,1,下位,0,0,0
159,159,0,67,256,0,1,95,1348,290,-1681,1,下位,0,95,76
382,382,0,205,818,0,0,0,254,272,-1742,1,下位,0,0,0
501,501,0,94,369,0,0,0,382,834,-1524,4,下位,0,0,0
53,53,0,95,377,1,0,0,0,0,1,0,下位,0,0,0
999,999,0,25,60,0,0,0,53,393,309,1,下位,0,0,0
362,362,0,24,56,0,1,999,53,393,309,1,下位,0,999,76
82,82,0,265,1196,0,2,1361,53,393,309,1,下位,0,362,72
75,75,0,107,409,0,0,0,1443,1212,-658,2,下位,0,0,0
305,305,0,75,275,0,0,0,75,425,-354,2,下位,0,0,0
33,33,0,25,58,0,0,0,305,291,-555,1,下位,0,0,0
170,170,0,26,64,0,1,33,305,291,-555,1,下位,0,33,74
380,380,0,172,728,0,2,203,305,291,-555,1,下位,0,170,80
142,142,0,129,520,0,0,0,583,744,-597,2,下位,0,0,0
364,364,0,25,58,0,0,0,142,536,-290,2,下位,0,0,0
276,276,0,97,390,0,1,364,142,536,-290,2,下位,0,364,74
133,133,0,26,62,0,0,0,640,406,-842,1,下位,0,0,0
140,140,0,174,700,0,1,133,640,406,-842,1,下位,0,133,78
338,338,0,23,47,1,0,0,0,0,1,0,下位,0,0,0
178,178,0,110,486,1,1,338,0,0,1,0,下位,0,338,63
152,152,0,23,47,0,0,0,516,502,-266,1,下位,0,0,0
144,144,0,954,4457,0,1,152,516,502,-266,1,下位,0,152,63
301,301,0,25,58,0,0,0,296,4473,687,7,下位,0,0,0
357,357,0,92,346,0,1,301,296,4473,687,7,下位,0,301,74
388,388,0,114,438,0,0,0,658,362,61,1,下位,0,0,0
154,154,0,66,212,0,0,0,388,454,-111,2,下位,0,0,0
72,72,0,27,68,1,0,0,0,0,1,0,下位,0,0,0
101,101,0,23,48,1,1,72,0,0,1,0,下位,0,72,84
138,138,0,25,60,1,2,173,0,0,1,0,下位,0,101,64
160,160,0,148,648,1,3,311,0,0,1,0,下位,0,138,76
45,45,0,105,424,0,0,0,471,664,129,1,下位,0,0,0
190,190,0,26,62,0,0,0,45,440,496,1,下位,0,0,0
361,361,0,154,527,0,1,190,45,440,496,1,下位,0,190,78
159,159,0,103,392,0,0,0,551,543,228,3,下位,0,0,0
141,141,0,24,56,0,0,0,159,408,380,1,下位,0,0,0
700,700,0,70,252,0,1,141,159,408,380,1,下位,0,141,72
150,150,0,96,386,0,0,0,841,268,-637,1,下位,0,0,0
314,314,0,22,43,0,0,0,150,402,-477,1,下位,0,0,0
137,137,0,184,746,0,1,314,150,402,-477,1,下位,0,314,59
160,160,0,241,923,0,0,0,451,762,-384,3,下位,0,0,0
389,389,0,24,56,0,0,0,160,939,297,4,下位,0,0,0
414,414,0,409,1911,0,1,389,160,939,297,4,下位,0,389,72
104,104,0,103,389,1,0,0,0,0,1,0,下位,0,0,0
276,276,0,85,340,0,0,0,104,405,238,2,下位,0,0,0
998,998,0,24,56,0,0,0,276,356,149,1,下位,0,0,0
620,620,0,121,468,0,1,998,276,356,149,1,下位,0,998,72
50,50,0,125,474,0,0,0,1618,484,-1905,2,下位,0,0,0
719,719,0,264,1236,0,0,0,50,490,-1496,2,下位,0,0,0
386,386,0,128,528,0,0,0,719,1252,-1404,2,下位,0,0,0
671,671,0,127,503,0,0,0,386,544,-1483,2,下位,0,0,0
166,166,0,73,265,0,0,0,671,519,-2046,2,下位,0,0,0
150,150,0,92,340,0,0,0,166,281,-2033,1,下位,0,0,0
143,143,0,25,58,0,0,0,150,356,-1919,1,下位,0,0,0
102,102,0,23,50,0,1,143,150,356,-1919,1,下位,0,143,74
39,39,0,155,684,0,2,245,150,356,-1919,1,下位,0,102,66
169,169,0,110,407,0,0,0,284,700,-1538,2,下位,0,0,0
123,123,0,149,553,0,0,0,169,423,-1388,2,下位,0,0,0
169,169,0,70,245,0,0,0,123,569,-1017,3,下位,0,0,0
138,138,0,66,252,0,0,0,169,261,-1029,1,下位,0,0,0
388,388,0,26,62,0,0,0,138,268,-984,1,下位,0,0,0
233,233,0,25,60,0,1,388,138,268,-984,1,下位,0,388,78
204,204,0,113,496,0,2,621,138,268,-984,1,下位,0,233,76
382,382,0,75,257,0,0,0,825,512,-1649,1,下位,0,0,0
70,70,0,26,64,1,0,0,0,0,1,0,下位,0,0,0
391,391,0,28,72,1,1,70,0,0,1,0,下位,0,70,80
155,155,0,121,542,1,2,461,0,0,1,0,下位,0,391,88
998,998,0,124,464,0,0,0,616,558,-267,1,下位,0,0,0
157,157,0,125,559,0,0,0,998,480,-1397,2,下位,0,0,0
390,390,0,80,288,0,0,0,157,575,-1075,1,下位,0,0,0
142,142,0,25,60,0,0,0,390,304,-1400,1,下位,0,0,0
374,374,0,26,62,0,1,142,390,304,-1400,1,下位,0,142,76
138,138,0,25,58,0,2,516,390,304,-1400,1,下位,0,374,78
722,722,0,22,43,0,3,654,390,304,-1400,1,下位,0,138,74
229,229,0,24,52,0,4,1376,390,304,-1400,1,下位,0,722,59
164,164,0,25,58,0,5,1605,390,304,-1400,1,下位,0,229,68
372,372,0,1038,4969,0,6,1769,390,304,-1400,1,下位,0,164,74
364,364,0,82,318,0,0,0,2141,4985,560,6,下位,0,0,0
274,274,0,367,1612,0,0,0,364,334,307,1,下位,0,0,0
100,100,0,25,60,0,0,0,274,1628,1493,4,下位,0,0,0
380,380,0,215,862,0,1,100,274,1628,1493,4,下位,0,100,76
159,159,0,876,4083,0,0,0,480,878,1673,3,下位,0,0,0
908,908,0,78,278,1,0,0,0,0,1,0,下位,0,0,0
814,814,0,233,944,0,0,0,908,294,-1170,1,下位,0,0,0
150,150,0,97,349,0,0,0,814,960,-1523,4,下位,0,0,0
55,55,0,26,62,0,0,0,150,365,-1400,2,下位,0,0,0
168,168,0,65,246,0,1,55,150,365,-1400,2,下位,0,55,78
384,384,0,165,605,0,0,0,223,262,-1420,1,下位,0,0,0
520,520,0,68,215,0,0,0,384,621,-1418,3,下位,0,0,0
156,156,0,197,772,0,0,0,520,231,-2026,1,下位,0,0,0
49,49,0,26,62,0,0,0,156,788,-1490,4,下位,0,0,0
396,396,0,25,58,0,1,49,156,788,-1490,4,下位,0,49,78
625,625,0,141,581,0,2,445,156,788,-1490,4,下位,0,396,74
263,263,0,64,235,1,0,0,0,0,1,0,下位,0,0,0
278,278,0,108,403,0,0,0,263,251,-172,1,下位,0,0,0
83,83,0,24,54,0,0,0,278,419,-201,2,下位,0,0,0
372,372,0,21,41,0,1,83,278,419,-201,2,下位,0,83,70
351,351,0,114,439,0,2,455,278,419,-201,2,下位,0,372,57
992,992,0,26,62,0,0,0,806,455,-919,2,下位,0,0,0
538,538,0,28,72,0,1,992,806,455,-919,2,下位,0,992,78
273,273,0,27,70,0,2,1530,806,455,-919,2,下位,0,538,88
156,156,0,26,62,0,3,1803,806,455,-919,2,下位,0,273,86
110,110,0,26,64,0,4,1959,806,455,-919,2,下位,0,156,78
692,692,0,108,450,0,5,2069,806,455,-919,2,下位,0,110,80
993,993,0,24,56,1,0,0,0,0,1,0,下位,0,0,0
190,190,0,158,589,1,1,993,0,0,1,0,下位,0,993,72
212,212,0,124,468,0,0,0,1183,605,-1230,3,下位,0,0,0
80,80,0,191,876,0,0,0,212,484,-1088,2,下位,0,0,0
87,87,0,144,496,0,0,0,80,892,-325,1,下位,0,0,0
380,380,0,191,757,0,0,0,87,512,47,3,下位,0,0,0
155,155,0,177,749,0,0,0,380,773,207,3,下位,0,0,0
186,186,0,70,264,0,0,0,155,765,722,2,下位,0,0,0
165,165,0,25,60,0,0,0,186,280,702,1,下位,0,0,0
177,177,0,26,62,0,1,165,186,280,702,1,下位,0,165,76
347,347,0,25,60,0,2,342,186,280,702,1,下位,0,177,78
387,387,0,84,341,0,3,689,186,280,702,1,下位,0,347,76
121,121,0,25,58,0,0,0,1076,357,-447,1,下位,0,0,0
282,282,0,99,430,0,1,121,1076,357,-447,1,下位,0,121,74
592,592,0,80,274,0,0,0,403,446,-577,1,下位,0,0,0
378,378,0,137,541,0,0,0,592,290,-1242,1,下位,0,0,0
150,150,0,291,1376,0,0,0,378,557,-1295,3,下位,0,0,0
284,284,0,26,62,0,0,0,150,1392,-145,1,下位,0,0,0
374,374,0,66,241,0,1,284,150,1392,-145,1,下位,0,284,78
761,761,0,74,271,1,0,0,0,0,1,0,下位,0,0,0
353,353,0,94,392,0,0,0,761,287,-939,1,下位,0,0,0
76,76,0,26,64,0,0,0,353,408,-1100,1,下位,0,0,0
342,342,0,86,306,0,1,76,353,408,-1100,1,下位,0,76,80
187,187,0,406,1841,0,0,0,418,322,-1373,1,下位,0,0,0
128,128,0,122,465,0,0,0,187,1857,182,3,下位,0,0,0
96,96,0,24,56,0,0,0,128,481,457,2,下位,0,0,0
160,160,0,28,76,0,1,96,128,481,457,2,下位,0,96,72
137,137,0,132,501,0,2,256,128,481,457,2,下位,0,160,92
45,45,0,26,62,0,0,0,393,517,504,2,下位,0,0,0
201,201,0,113,405,0,1,45,393,517,504,2,下位,0,45,78
158,158,0,24,54,0,0,0,246,421,606,2,下位,0,0,0
383,383,0,156,581,0,1,158,246,421,606,2,下位,0,158,70
272,272,0,23,50,0,0,0,541,597,400,3,下位,0,0,0
499,499,0,26,64,0,1,272,541,597,400,3,下位,0,272,66
374,374,0,114,451,0,2,771,541,597,400,3,下位,0,499,80
98,98,0,112,390,0,0,0,1145,467,-834,2,下位,0,0,0
506,506,0,25,60,0,0,0,98,406,-586,2,下位,0,0,0
217,217,0,77,286,0,1,506,98,406,-586,2,下位,0,506,76
343,343,0,137,491,1,0,0,0,0,1,0,下位,0,0,0
53,53,0,78,275,0,0,0,343,507,-45,3,下位,0,0,0
70,70,0,96,414,0,0,0,53,291,161,1,下位,0,0,0
369,369,0,102,420,0,0,0,70,430,478,1,下位,0,0,0
360,360,0,146,619,0,0,0,369,436,319,1,下位,0,0,0
160,160,0,64,230,0,0,0,360,635,373,1,下位,0,0,0
114,114,0,99,387,0,0,0,160,246,361,1,下位,0,0,0
84,84,0,26,62,0,0,0,114,403,580,2,下位,0,0,0
335,335,0,25,60,0,1,84,114,403,580,2,下位,0,84,78
369,369,0,78,294,0,2,419,114,403,580,2,下位,0,335,76
163,163,0,82,294,0,0,0,788,310,-227,1,下位,0,0,0
377,377,0,82,288,0,0,0,163,310,-180,1,下位,0,0,0
324,324,0,79,284,1,0,0,0,0,1,0,下位,0,0,0
73,73,0,26,62,0,0,0,324,300,-222,1,下位,0,0,0
142,142,0,93,383,0,1,73,324,300,-222,1,下位,0,73,78
772,772,0,159,570,0,0,0,215,399,-92,1,下位,0,0,0
358,358,0,76,252,0,0,0,772,586,-751,3,下位,0,0,0
116,116,0,19,30,1,0,0,0,0,1,0,下位,0,0,0
58,58,0,125,558,1,1,116,0,0,1,0,下位,0,116,46
330,330,0,26,62,0,0,0,174,574,340,1,下位,0,0,0
723,723,0,189,874,0,1,330,174,574,340,1,下位,0,330,78
690,690,0,81,329,0,0,0,1053,890,-390,1,下位,0,0,0
134,134,0,25,58,0,0,0,690,345,-1158,1,下位,0,0,0
187,187,0,337,1450,0,1,134,690,345,-1158,1,下位,0,134,74
58,58,0,249,1103,0,0,0,321,1466,-136,5,下位,0,0,0
208,208,0,117,418,0,0,0,58,1119,889,3,下位,0,0,0
128,128,0,381,1646,0,0,0,208,434,988,2,下位,0,0,0
127,127,0,142,644,1,0,0,0,0,1,0,下位,0,0,0
176,176,0,76,273,0,0,0,127,660,456,1,下位,0,0,0
134,134,0,90,330,0,0,0,176,289,461,1,下位,0,0,0
186,186,0,25,58,0,0,0,134,346,591,1,下位,0,0,0
310,310,0,152,601,0,1,186,134,346,591,1,下位,0,186,74
156,156,0,1101,5064,0,0,0,496,617,482,2,下位,0,0,0
168,168,0,71,278,0,0,0,156,5080,3031,9,上位,0,0,0
531,531,0,181,771,0,0,0,168,294,199,1,下位,0,0,0
419,419,0,25,58,0,0,0,531,787,130,2,下位,0,0,0
452,452,0,95,408,0,1,419,531,787,130,2,下位,0,419,74
579,579,0,25,60,0,0,0,871,424,-777,1,下位,0,0,0
687,687,0,179,786,0,1,579,871,424,-777,1,下位,0,579,76
594,594,0,25,60,1,0,0,0,0,1,0,下位,0,0,0
165,165,0,213,874,1,1,594,0,0,1,0,下位,0,594,76
362,362,0,222,798,0,0,0,759,890,-257,3,下位,0,0,0
73,73,0,173,649,0,0,0,362,814,-27,5,下位,0,0,0
155,155,0,172,681,0,0,0,73,665,520,3,下位,0,0,0
368,368,0,63,188,0,0,0,155,697,967,4,下位,0,0,0
138,138,0,197,788,0,0,0,368,204,577,1,下位,0,0,0
776,776,0,127,555,0,0,0,138,804,1158,4,下位,0,0,0
270,270,0,25,58,0,0,0,776,571,477,1,下位,0,0,0
165,165,0,139,606,0,1,270,776,571,477,1,下位,0,270,74
167,167,0,103,323,0,0,0,435,622,471,1,下位,0,0,0
741,741,0,26,62,1,0,0,0,0,1,0,下位,0,0,0
620,620,0,148,560,1,1,741,0,0,1,0,下位,0,741,78
322,322,0,126,509,1,0,0,0,0,1,0,下位,0,0,0
33,33,0,81,280,0,0,0,322,525,7,2,下位,0,0,0
998,998,0,124,479,0,0,0,33,296,250,1,下位,0,0,0
119,119,0,25,58,1,0,0,0,0,1,0,下位,0,0,0
109,109,0,87,318,1,1,119,0,0,1,0,下位,0,119,74
908,908,0,63,229,0,0,0,228,334,41,1,下位,0,0,0
332,332,0,90,325,0,0,0,908,245,-1179,1,下位,0,0,0
367,367,0,24,52,0,0,0,332,341,-1373,1,下位,0,0,0
137,137,0,92,358,0,1,367,332,341,-1373,1,下位,0,367,68
368,368,0,62,232,0,0,0,504,374,-1744,1,下位,0,0,0
256,256,0,25,60,1,0,0,0,0,1,0,下位,0,0,0
198,198,0,127,514,1,1,256,0,0,1,0,下位,0,256,76
33,33,0,157,658,0,0,0,454,530,-125,1,下位,0,0,0
162,162,0,79,295,0,0,0,33,674,496,2,下位,0,0,0
137,137,0,71,266,0,0,0,162,311,546,1,下位,0,0,0
164,164,0,25,60,0,0,0,137,282,607,1,下位,0,0,0
381,381,0,145,516,0,1,164,137,282,607,1,下位,0,164,76
172,172,0,99,376,0,0,0,545,532,335,3,下位,0,0,0
69,69,0,26,62,0,0,0,172,392,450,1,下位,0,0,0
375,375,0,25,60,0,1,69,172,392,450,1,下位,0,69,78
483,483,0,192,778,0,2,444,172,392,450,1,下位,0,375,76
146,146,0,24,56,0,0,0,927,794,-97,4,下位,0,0,0
291,291,0,26,64,0,1,146,927,794,-97,4,下位,0,146,72
85,85,0,134,545,0,2,437,927,794,-97,4,下位,0,291,80
993,993,0,26,62,0,0,0,522,561,-226,1,下位,0,0,0
158,158,0,136,581,0,1,993,522,561,-226,1,下位,0,993,78
164,164,0,86,339,0,0,0,1151,597,-1408,1,下位,0,0,0
534,534,0,76,262,0,0,0,164,355,-1318,1,下位,0,0,0
989,989,0,26,64,1,0,0,0,0,1,0,下位,0,0,0
113,113,0,159,618,1,1,989,0,0,1,0,下位,0,989,80
160,160,0,88,354,0,0,0,1102,634,-1062,3,下位,0,0,0
135,135,0,24,56,0,0,0,160,370,-950,1,下位,0,0,0
464,464,0,147,558,0,1,135,160,370,-950,1,下位,0,135,72
456,456,0,135,502,0,0,0,599,574,-1270,2,下位,0,0,0
172,172,0,66,210,0,0,0,456,518,-1487,2,下位,0,0,0
399,399,0,100,378,0,0,0,172,226,-1538,1,下位,0,0,0
346,346,0,84,326,0,0,0,399,394,-1788,1,下位,0,0,0
904,904,0,150,568,1,0,0,0,0,1,0,下位,0,0,0
449,449,0,81,314,0,0,0,904,584,-873,2,下位,0,0,0
548,548,0,78,325,0,0,0,449,330,-1267,1,下位,0,0,0
140,140,0,71,278,0,0,0,548,341,-1810,1,下位,0,0,0
467,467,0,97,386,1,0,0,0,0,1,0,下位,0,0,0
71,71,0,112,452,0,0,0,467,402,-350,1,下位,0,0,0
998,998,0,79,268,0,0,0,71,468,3,2,下位,0,0,0
317,317,0,101,338,0,0,0,998,284,-1323,1,下位,0,0,0
331,331,0,26,62,1,0,0,0,0,1,0,下位,0,0,0
142,142,0,23,47,1,1,331,0,0,1,0,下位,0,331,78
132,132,0,189,763,1,2,473,0,0,1,0,下位,0,142,63
353,353,0,71,257,0,0,0,605,779,-55,3,下位,0,0,0
155,155,0,25,58,0,0,0,353,273,-351,1,下位,0,0,0
375,375,0,82,305,0,1,155,353,273,-351,1,下位,0,155,74
393,393,0,25,60,0,0,0,530,321,-811,1,下位,0,0,0
848,848,0,122,482,0,1,393,530,321,-811,1,下位,0,393,76
141,141,0,242,1087,0,0,0,1241,498,-2239,2,下位,0,0,0
583,583,0,26,62,0,0,0,141,1103,-1363,2,下位,0,0,0
240,240,0,96,354,0,1,583,141,1103,-1363,2,下位,0,583,78
502,502,0,120,453,0,0,0,823,370,-2242,1,下位,0,0,0
783,783,0,138,529,1,0,0,0,0,1,0,下位,0,0,0
387,387,0,1628,7595,0,0,0,783,545,-717,2,下位,0,0,0
239,239,0,113,404,0,0,0,387,7611,3652,18,上位,0,0,0
303,303,0,62,233,0,0,0,239,420,325,2,下位,0,0,0
194,194,0,80,276,0,0,0,303,249,85,1,下位,0,0,0
136,136,0,25,58,0,0,0,194,292,64,1,下位,0,0,0
653,653,0,25,60,0,1,136,194,292,64,1,下位,0,136,74
383,383,0,24,56,0,2,789,194,292,64,1,下位,0,653,76
165,165,0,26,64,0,3,1172,194,292,64,1,下位,0,383,72
101,101,0,133,542,0,4,1337,194,292,64,1,下位,0,165,80
592,592,0,74,277,0,0,0,1438,558,-1395,2,下位,0,0,0
307,307,0,25,60,0,0,0,592,293,-2057,1,下位,0,0,0
168,168,0,64,221,0,1,307,592,293,-2057,1,下位,0,307,76
409,409,0,86,365,1,0,0,0,0,1,0,下位,0,0,0
207,207,0,24,54,0,0,0,409,381,-278,1,下位,0,0,0
1000,1000,0,25,58,0,1,207,409,381,-278,1,下位,0,207,70
145,145,0,26,65,0,2,1207,409,381,-278,1,下位,0,1000,74
360,360,0,888,4073,0,3,1352,409,381,-278,1,下位,0,145,81
499,499,0,83,290,0,0,0,1712,4089,1274,8,上位,0,0,0
381,381,0,177,677,0,0,0,499,306,775,1,下位,0,0,0
625,625,0,26,62,0,0,0,381,693,853,3,下位,0,0,0
885,885,0,120,436,0,1,625,381,693,853,3,下位,0,625,78
111,111,0,109,400,0,0,0,1510,452,-1052,2,下位,0,0,0
136,136,0,118,454,0,0,0,111,416,-815,2,下位,0,0,0
171,171,0,129,482,0,0,0,136,470,-564,2,下位,0,0,0
256,256,0,71,259,0,0,0,171,498,-342,2,下位,0,0,0
346,346,0,99,341,1,0,0,0,0,1,0,下位,0,0,0
687,687,0,1307,6033,0,0,0,346,357,-200,2,下位,0,0,0
180,180,0,501,2343,0,0,0,687,6049,1776,10,上位,0,0,0
167,167,0,25,58,0,0,0,180,2359,109,3,下位,0,0,0
173,173,0,25,60,0,1,167,180,2359,109,3,下位,0,167,74
999,999,0,216,1016,0,2,340,180,2359,109,3,下位,0,173,76
445,445,0,268,1120,0,0,0,1339,1032,-868,1,下位,0,0,0
125,125,0,24,56,1,0,0,0,0,1,0,下位,0,0,0
489,489,0,129,500,1,1,125,0,0,1,0,下位,0,125,72
389,389,0,93,397,0,0,0,614,516,-402,2,下位,0,0,0
163,163,0,26,62,0,0,0,389,413,-616,1,下位,0,0,0
258,258,0,77,260,0,1,163,389,413,-616,1,下位,0,163,78
65,65,0,67,248,0,0,0,421,276,-941,1,下位,0,0,0
114,114,0,25,60,0,0,0,65,264,-782,1,下位,0,0,0
998,998,0,23,49,0,1,114,65,264,-782,1,下位,0,114,76
152,152,0,24,54,0,2,1112,65,264,-782,1,下位,0,998,65
165,165,0,26,62,0,3,1264,65,264,-782,1,下位,0,152,70
693,693,0,105,462,0,4,1429,65,264,-782,1,下位,0,165,78
686,686,0,181,752,0,0,0,2122,478,-3438,1,下位,0,0,0
163,163,0,26,62,0,0,0,686,768,-3776,2,下位,0,0,0
179,179,0,99,387,0,1,163,686,768,-3776,2,下位,0,163,78
203,203,0,106,414,0,0,0,342,403,-3847,1,下位,0,0,0
220,220,0,26,64,0,0,0,203,430,-3744,1,下位,0,0,0
450,450,0,24,54,0,1,220,203,430,-3744,1,下位,0,220,80
80,80,0,26,62,0,2,670,203,430,-3744,1,下位,0,450,70
317,317,0,80,272,0,3,750,203,430,-3744,1,下位,0,80,78
763,763,0,25,60,1,0,0,0,0,1,0,下位,0,0,0
104,104,0,201,753,1,1,763,0,0,1,0,下位,0,763,76
134,134,0,22,45,0,0,0,867,769,-553,4,下位,0,0,0
172,172,0,73,268,0,1,134,867,769,-553,4,下位,0,134,61
367,367,0,85,312,0,0,0,306,284,-701,1,下位,0,0,0
200,200,0,962,4271,0,0,0,367,328,-965,1,下位,0,0,0
359,359,0,25,58,0,0,0,200,4287,2999,10,上位,0,0,0
596,596,0,62,216,0,1,359,200,4287,2999,10,上位,0,359,74
595,595,0,26,64,1,0,0,0,0,1,0,下位,0,0,0
171,171,0,357,1420,1,1,595,0,0,1,0,下位,0,595,80
166,166,0,81,337,0,0,0,766,1436,281,9,上位,0,0,0
138,138,0,102,349,0,0,0,166,353,366,1,下位,0,0,0
754,754,0,24,56,0,0,0,138,365,508,2,下位,0,0,0
220,220,0,112,445,0,1,754,138,365,508,2,下位,0,754,72
158,158,0,25,60,0,0,0,974,461,-530,1,下位,0,0,0
301,301,0,25,58,0,1,158,974,461,-530,1,下位,0,158,76
137,137,0,203,812,0,2,459,974,461,-530,1,下位,0,301,74
361,361,0,25,60,0,0,0,596,828,-514,4,下位,0,0,0
363,363,0,77,302,0,1,361,596,828,-514,4,下位,0,361,76
376,376,0,77,291,0,0,0,724,318,-1287,1,下位,0,0,0
235,235,0,109,448,0,0,0,376,307,-1586,1,下位,0,0,0
351,351,0,23,47,0,0,0,235,464,-1501,2,下位,0,0,0
348,348,0,147,549,0,1,351,235,464,-1501,2,下位,0,351,63
97,97,0,25,60,0,0,0,699,565,-2000,2,下位,0,0,0
565,565,0,84,294,0,1,97,699,565,-2000,2,下位,0,97,76
151,151,0,132,479,0,0,0,662,310,-2682,1,下位,0,0,0
361,361,0,21,41,0,0,0,151,495,-2431,2,下位,0,0,0
104,104,0,62,209,0,1,361,151,495,-2431,2,下位,0,361,57
31,31,0,22,45,0,0,0,465,225,-2899,1,下位,0,0,0
121,121,0,91,376,0,1,31,465,225,-2899,1,下位,0,31,61
219,219,0,108,393,0,0,0,152,392,-2691,1,下位,0,0,0
315,315,0,114,446,1,0,0,0,0,1,0,下位,0,0,0
703,703,0,72,274,0,0,0,315,462,-45,2,下位,0,0,0
697,697,0,26,64,0,0,0,703,290,-889,1,下位,0,0,0
158,158,0,23,50,0,1,697,703,290,-889,1,下位,0,697,80
152,152,0,92,394,0,2,855,703,290,-889,1,下位,0,158,66
60,60,0,25,58,0,0,0,1007,410,-1957,1,下位,0,0,0
35,35,0,212,879,0,1,60,1007,410,-1957,1,下位,0,60,74
165,165,0,118,495,0,0,0,95,895,-1141,3,下位,0,0,0
46,46,0,73,281,0,0,0,165,511,-896,1,下位,0,0,0
301,301,0,25,58,0,0,0,46,297,-673,1,下位,0,0,0
282,282,0,145,576,0,1,301,46,297,-673,1,下位,0,301,74
27,27,0,167,732,0,0,0,583,592,-948,3,下位,0,0,0
359,359,0,24,56,0,0,0,27,748,-244,3,下位,0,0,0
158,158,0,120,431,0,1,359,27,748,-244,3,下位,0,359,72
381,381,0,144,487,0,0,0,517,447,-559,2,下位,0,0,0
998,998,0,26,62,0,0,0,381,503,-671,3,下位,0,0,0
276,276,0,28,72,0,1,998,381,503,-671,3,下位,0,998,78
283,283,0,23,50,0,2,1274,381,503,-671,3,下位,0,276,88
374,374,0,143,577,0,3,1557,381,503,-671,3,下位,0,283,66
173,173,0,70,234,0,0,0,1931,593,-2961,2,下位,0,0,0
101,101,0,126,496,0,0,0,173,250,-2990,1,下位,0,0,0
187,187,0,24,54,0,0,0,101,512,-2641,2,下位,0,0,0
232,232,0,25,58,0,1,187,101,512,-2641,2,下位,0,187,70
154,154,0,153,695,0,2,419,101,512,-2641,2,下位,0,232,74
330,330,0,109,466,0,0,0,573,711,-2710,1,下位,0,0,0
292,292,0,180,679,1,0,0,0,0,1,0,下位,0,0,0
361,361,0,123,459,0,0,0,292,695,225,3,下位,0,0,0
785,785,0,242,1093,0,0,0,361,475,118,2,下位,0,0,0
70,70,0,244,980,0,0,0,785,1109,-39,1,下位,0,0,0
105,105,0,84,300,0,0,0,70,996,844,5,下位,0,0,0
81,81,0,72,284,0,0,0,105,316,991,1,下位,0,0,0
113,113,0,24,56,0,0,0,81,300,1160,1,下位,0,0,0
844,844,0,87,310,0,1,113,81,300,1160,1,下位,0,113,72
79,79,0,95,352,0,0,0,957,326,15,1,下位,0,0,0
311,311,0,25,58,0,0,0,79,368,256,1,下位,0,0,0
134,134,0,25,60,0,1,311,79,368,256,1,下位,0,311,74
998,998,0,25,60,0,2,445,79,368,256,1,下位,0,134,76
131,131,0,602,2822,0,3,1443,79,368,256,1,下位,0,998,76
143,143,0,124,458,0,0,0,1574,2838,781,4,下位,0,0,0
573,573,0,26,62,1,0,0,0,0,1,0,下位,0,0,0
1003,1003,0,24,56,1,1,573,0,0,1,0,下位,0,573,78
190,190,0,113,442,1,2,1576,0,0,1,0,下位,0,1003,72
150,150,0,138,585,0,0,0,1766,458,-2239,2,下位,0,0,0
122,122,0,163,623,0,0,0,150,601,-1880,1,下位,0,0,0
375,375,0,26,62,0,0,0,122,639,-1438,2,下位,0,0,0
785,785,0,75,294,0,1,375,122,639,-1438,2,下位,0,375,78
418,418,0,22,43,0,0,0,1160,310,-2921,1,下位,0,0,0
124,124,0,82,312,0,1,418,1160,310,-2921,1,下位,0,418,59
136,136,0,138,530,0,0,0,542,328,-3408,1,下位,0,0,0
112,112,0,124,451,0,0,0,136,546,-3081,2,下位,0,0,0
122,122,0,25,60,1,0,0,0,0,1,0,下位,0,0,0
135,135,0,24,54,1,1,122,0,0,1,0,下位,0,122,76
75,75,0,630,2904,1,2,257,0,0,1,0,下位,0,135,70
620,620,0,61,220,0,0,0,332,2920,181,5,下位,0,0,0
697,697,0,24,52,0,0,0,620,236,-583,1,下位,0,0,0
57,57,0,59,207,0,1,697,620,236,-583,1,下位,0,697,68
68,68,0,67,245,0,0,0,754,223,-1508,1,下位,0,0,0
154,154,0,26,64,0,0,0,68,261,-1357,1,下位,0,0,0
481,481,0,72,272,0,1,154,68,261,-1357,1,下位,0,154,80
326,326,0,77,308,0,0,0,635,288,-2014,1,下位,0,0,0
257,257,0,229,959,0,0,0,326,324,-2216,1,下位,0,0,0
33,33,0,120,466,0,0,0,257,975,-1656,3,下位,0,0,0
999,999,0,447,2130,0,0,0,33,482,-1227,2,下位,0,0,0
203,203,0,128,495,1,0,0,0,0,1,0,下位,0,0,0
165,165,0,25,60,0,0,0,203,511,185,2,下位,0,0,0
696,696,0,25,60,0,1,165,203,511,185,2,下位,0,165,76
295,295,0,220,1007,0,2,861,203,511,185,2,下位,0,696,76
278,278,0,25,58,0,0,0,1156,1023,-505,2,下位,0,0,0
189,189,0,22,45,0,1,278,1156,1023,-505,2,下位,0,278,74
998,998,0,129,580,0,2,467,1156,1023,-505,2,下位,0,189,61
160,160,0,21,41,0,0,0,1465,596,-2138,1,下位,0,0,0
361,361,0,115,454,0,1,160,1465,596,-2138,1,下位,0,160,57
476,476,0,196,771,0,0,0,521,470,-2451,2,下位,0,0,0
855,855,0,114,408,0,0,0,476,787,-2432,4,下位,0,0,0
172,172,0,112,440,0,0,0,855,424,-3387,2,下位,0,0,0
153,153,0,74,286,0,0,0,172,456,-3208,2,下位,0,0,0
690,690,0,110,406,0,0,0,153,302,-3153,1,下位,0,0,0
156,156,0,145,489,0,0,0,690,422,-3844,2,下位,0,0,0
686,686,0,134,560,0,0,0,156,505,-3591,3,下位,0,0,0
201,201,0,24,56,1,0,0,0,0,1,0,下位,0,0,0
138,138,0,139,602,1,1,201,0,0,1,0,下位,0,201,72
140,140,0,24,52,0,0,0,339,618,144,1,下位,0,0,0
77,77,0,131,478,0,1,140,339,618,144,1,下位,0,140,68
387,387,0,137,538,0,0,0,217,494,356,2,下位,0,0,0
35,35,0,26,62,0,0,0,387,554,286,2,下位,0,0,0
361,361,0,102,397,0,1,35,387,554,286,2,下位,0,35,78
596,596,0,297,1211,0,0,0,396,413,138,1,下位,0,0,0
490,490,0,184,753,0,0,0,596,1227,404,6,下位,0,0,0
393,393,0,71,258,0,0,0,490,769,383,3,下位,0,0,0
859,859,0,24,54,0,0,0,393,274,23,1,下位,0,0,0
170,170,0,99,351,0,1,859,393,274,23,1,下位,0,859,70
312,312,0,24,56,0,0,0,1029,367,-1200,2,下位,0,0,0
404,404,0,72,282,0,1,312,1029,367,-1200,2,下位,0,312,72
363,363,0,24,54,0,0,0,716,298,-1985,1,下位,0,0,0
383,383,0,151,637,0,1,363,716,298,-1985,1,下位,0,363,70
45,45,0,397,1916,0,0,0,746,653,-2466,1,下位,0,0,0
80,80,0,152,568,0,0,0,45,1932,-607,1,下位,0,0,0
134,134,0,97,406,1,0,0,0,0,1,0,下位,0,0,0
112,112,0,24,54,0,0,0,134,422,207,1,下位,0,0,0
376,376,0,125,541,0,1,112,134,422,207,1,下位,0,112,70
110,110,0,87,352,0,0,0,488,557,47,1,下位,0,0,0
169,169,0,568,2609,0,0,0,110,368,238,1,下位,0,0,0
155,155,0,211,991,0,0,0,169,2625,243,4,下位,0,0,0
83,83,0,112,482,0,0,0,155,1007,1000,1,下位,0,0,0
137,137,0,147,606,0,0,0,83,498,1364,1,下位,0,0,0
388,388,0,100,436,0,0,0,137,622,1765,1,下位,0,0,0
155,155,0,26,64,0,0,0,388,452,1591,1,下位,0,0,0
56,56,0,226,886,0,1,155,388,452,1591,1,下位,0,155,80
64,64,0,65,240,0,0,0,211,902,2233,4,下位,0,0,0
496,496,0,112,441,0,0,0,64,256,163,1,下位,0,0,0
95,95,0,25,60,0,0,0,496,457,-180,2,下位,0,0,0
162,162,0,189,788,0,1,95,496,457,-180,2,下位,0,95,76
403,403,0,194,726,0,0,0,257,804,286,3,下位,0,0,0
283,283,0,25,60,0,0,0,403,742,378,4,下位,0,0,0
487,487,0,25,58,0,1,283,403,742,378,4,下位,0,283,76
367,367,0,134,603,0,2,770,403,742,378,4,下位,0,487,74
1002,1002,0,24,56,0,0,0,1137,619,-688,1,下位,0,0,0
147,147,0,23,50,0,1,1002,1137,619,-688,1,下位,0,1002,72
242,242,0,93,398,0,2,1149,1137,619,-688,1,下位,0,147,66
647,647,0,185,774,0,0,0,1391,414,-2379,1,下位,0,0,0
341,341,0,93,320,1,0,0,0,0,1,0,下位,0,0,0
164,164,0,113,408,0,0,0,341,336,-213,2,下位,0,0,0
197,197,0,25,58,0,0,0,164,424,-54,2,下位,0,0,0
790,790,0,25,60,0,1,197,164,424,-54,2,下位,0,197,74
386,386,0,303,1449,0,2,987,164,424,-54,2,下位,0,790,76
159,159,0,438,2111,0,0,0,1373,1465,-654,1,下位,0,0,0
119,119,0,25,60,0,0,0,159,2127,1217,1,下位,0,0,0
185,185,0,454,2020,0,1,119,159,2127,1217,1,下位,0,119,76
138,138,0,79,317,0,0,0,304,2036,561,9,上位,0,0,0
141,141,0,25,58,0,0,0,138,333,671,1,下位,0,0,0
250,250,0,101,390,0,1,141,138,333,671,1,下位,0,141,74
168,168,0,85,360,0,0,0,391,406,520,1,下位,0,0,0
624,624,0,200,819,0,0,0,168,376,625,1,下位,0,0,0
51,51,0,238,951,0,0,0,624,835,454,4,下位,0,0,0
573,573,0,108,406,0,0,0,51,967,1339,4,下位,0,0,0
157,157,0,134,548,0,0,0,573,422,837,2,下位,0,0,0
270,270,0,128,456,0,0,0,157,564,1148,1,下位,0,0,0
163,163,0,139,517,0,0,0,270,472,1185,3,下位,0,0,0
371,371,0,82,325,0,0,0,163,533,1455,3,下位,0,0,0
60,60,0,85,307,1,0,0,0,0,1,0,下位,0,0,0
220,220,0,83,289,0,0,0,60,323,227,2,下位,0,0,0
999,999,0,253,1107,0,0,0,220,305,177,1,下位,0,0,0
310,310,0,25,60,0,0,0,999,1123,-311,2,下位,0,0,0
565,565,0,26,62,0,1,310,999,1123,-311,2,下位,0,310,76
304,304,0,78,295,0,2,875,999,1123,-311,2,下位,0,565,78
367,367,0,56,187,0,0,0,1179,311,-1747,1,下位,0,0,0
722,722,0,22,46,0,0,0,367,203,-2136,1,下位,0,0,0
186,186,0,117,431,0,1,722,367,203,-2136,1,下位,0,722,62
692,692,0,171,718,0,0,0,908,447,-3092,2,下位,0,0,0
761,761,0,26,62,0,0,0,692,734,-3474,3,下位,0,0,0
365,365,0,24,52,0,1,761,692,734,-3474,3,下位,0,761,78
571,571,0,26,64,0,2,1126,692,734,-3474,3,下位,0,365,68
158,158,0,26,64,0,3,1697,692,734,-3474,3,下位,0,571,80
138,138,0,84,353,0,4,1855,692,734,-3474,3,下位,0,158,80
329,329,0,26,62,1,0,0,0,0,1,0,下位,0,0,0
391,391,0,78,304,1,1,329,0,0,1,0,下位,0,329,78
360,360,0,26,62,0,0,0,720,320,-763,1,下位,0,0,0
174,174,0,25,60,0,1,360,720,320,-763,1,下位,0,360,78
149,149,0,78,278,0,2,534,720,320,-763,1,下位,0,174,76
179,179,0,83,338,0,0,0,683,294,-1417,1,下位,0,0,0
162,162,0,94,369,0,0,0,179,354,-1352,1,下位,0,0,0
724,724,0,127,503,0,0,0,162,385,-1228,1,下位,0,0,0
570,570,0,26,62,0,0,0,724,519,-1877,3,下位,0,0,0
999,999,0,26,64,0,1,570,724,519,-1877,3,下位,0,570,78
141,141,0,24,52,0,2,1569,724,519,-1877,3,下位,0,999,80
40,40,0,73,246,0,3,1710,724,519,-1877,3,下位,0,141,68
124,124,0,228,945,0,0,0,1750,262,-4212,1,下位,0,0,0
204,204,0,221,885,0,0,0,124,961,-3451,4,下位,0,0,0
166,166,0,202,899,1,0,0,0,0,1,0,下位,0,0,0
213,213,0,23,47,0,0,0,166,915,648,1,下位,0,0,0
226,226,0,25,58,0,1,213,166,915,648,1,下位,0,213,63
358,358,0,26,64,0,2,439,166,915,648,1,下位,0,226,74
276,276,0,25,60,0,3,797,166,915,648,1,下位,0,358,80
376,376,0,24,56,0,4,1073,166,915,648,1,下位,0,276,76
357,357,0,146,616,0,5,1449,166,915,648,1,下位,0,376,72
323,323,0,25,60,0,0,0,1806,632,-1270,1,下位,0,0,0
583,583,0,26,62,0,1,323,1806,632,-1270,1,下位,0,323,76
59,59,0,128,514,0,2,906,1806,632,-1270,1,下位,0,583,78
688,688,0,25,60,0,0,0,965,530,-2142,2,下位,0,0,0
327,327,0,177,705,0,1,688,965,530,-2142,2,下位,0,688,76
107,107,0,57,209,0,0,0,1015,721,-2982,2,下位,0,0,0
908,908,0,24,56,0,0,0,107,225,-2930,1,下位,0,0,0
124,124,0,72,263,0,1,908,107,225,-2930,1,下位,0,908,72
324,324,0,142,597,0,0,0,1032,279,-4244,1,下位,0,0,0
562,562,0,24,56,1,0,0,0,0,1,0,下位,0,0,0
240,240,0,23,47,1,1,562,0,0,1,0,下位,0,562,72
158,158,0,121,421,1,2,802,0,0,1,0,下位,0,240,63
135,135,0,119,479,0,0,0,960,437,-976,2,下位,0,0,0
362,362,0,23,49,0,0,0,135,495,-699,1,下位,0,0,0
157,157,0,168,631,0,1,362,135,495,-699,1,下位,0,362,65
159,159,0,82,298,0,0,0,519,647,-824,3,下位,0,0,0
671,671,0,24,56,0,0,0,159,314,-766,1,下位,0,0,0
335,335,0,104,411,0,1,671,159,314,-766,1,下位,0,671,72
104,104,0,80,288,0,0,0,1006,427,-1889,1,下位,0,0,0
369,369,0,79,318,0,0,0,104,304,-1753,1,下位,0,0,0
65,65,0,25,60,0,0,0,369,334,-2014,1,下位,0,0,0
395,395,0,26,62,0,1,65,369,334,-2014,1,下位,0,65,76
250,250,0,26,62,0,2,460,369,334,-2014,1,下位,0,395,78
59,59,0,70,224,0,3,710,369,334,-2014,1,下位,0,250,78
241,241,0,26,64,0,0,0,769,240,-2782,1,下位,0,0,0
120,120,0,155,676,0,1,241,769,240,-2782,1,下位,0,241,80
383,383,0,87,347,1,0,0,0,0,1,0,下位,0,0,0
194,194,0,83,299,0,0,0,383,363,-254,1,下位,0,0,0
97,97,0,148,597,0,0,0,194,315,-252,1,下位,0,0,0
176,176,0,120,446,0,0,0,97,613,205,3,下位,0,0,0
314,314,0,25,58,0,0,0,176,462,383,2,下位,0,0,0
150,150,0,26,64,0,1,314,176,462,383,2,下位,0,314,74
168,168,0,241,1083,0,2,464,176,462,383,2,下位,0,150,80
132,132,0,1711,8039,0,0,0,632,1099,616,3,下位,0,0,0
300,300,0,26,64,0,0,0,132,8055,3779,11,上位,0,0,0
164,164,0,24,54,0,1,300,132,8055,3779,11,上位,0,300,80
810,810,0,25,60,0,2,464,132,8055,3779,11,上位,0,164,70
374,374,0,25,58,0,3,1274,132,8055,3779,11,上位,0,810,76
154,154,0,25,60,0,4,1648,132,8055,3779,11,上位,0,374,74
278,278,0,157,643,0,5,1802,132,8055,3779,11,上位,0,154,76
162,162,0,25,60,0,0,0,2080,659,1458,3,下位,0,0,0
101,101,0,596,2735,0,1,162,2080,659,1458,3,下位,0,162,76
101,101,0,24,56,0,0,0,263,2751,1431,4,下位,0,0,0
998,998,0,24,56,0,1,101,263,2751,1431,4,下位,0,101,72
363,363,0,268,1251,0,2,1099,263,2751,1431,4,下位,0,998,72
677,677,0,86,308,1,0,0,0,0,1,0,下位,0,0,0
136,136,0,25,58,0,0,0,677,324,-767,1,下位,0,0,0
495,495,0,101,390,0,1,136,677,324,-767,1,下位,0,136,74
720,720,0,124,481,0,0,0,631,406,-1304,2,下位,0,0,0
250,250,0,24,52,0,0,0,720,497,-1968,2,下位,0,0,0
703,703,0,153,591,0,1,250,720,497,-1968,2,下位,0,250,68
696,696,0,162,690,0,0,0,953,607,-2830,2,下位,0,0,0
165,165,0,84,292,0,0,0,696,706,-3247,2,下位,0,0,0
112,112,0,63,222,0,0,0,165,308,-3205,1,下位,0,0,0
364,364,0,24,52,0,0,0,112,238,-3148,1,下位,0,0,0
43,43,0,141,521,0,1,364,112,238,-3148,1,下位,0,364,68
109,109,0,278,1264,0,0,0,407,537,-3199,3,下位,0,0,0
492,492,0,25,58,0,0,0,109,1280,-2095,1,下位,0,0,0
998,998,0,125,465,0,1,492,109,1280,-2095,1,下位,0,492,74
159,159,0,87,318,0,0,0,1490,481,-3944,2,下位,0,0,0
685,685,0,166,615,0,0,0,159,334,-3866,1,下位,0,0,0
165,165,0,79,310,0,0,0,685,631,-4340,4,下位,0,0,0
145,145,0,120,483,0,0,0,165,326,-4280,1,下位,0,0,0
161,161,0,26,64,0,0,0,145,499,-4015,2,下位,0,0,0
408,408,0,87,314,0,1,161,145,499,-4015,2,下位,0,161,80
114,114,0,88,320,1,0,0,0,0,1,0,下位,0,0,0
670,670,0,137,550,0,0,0,114,336,153,1,下位,0,0,0
126,126,0,240,1073,0,0,0,670,566,-362,2,下位,0,0,0
390,390,0,122,422,0,0,0,126,1089,524,1,下位,0,0,0
243,243,0,24,52,0,0,0,390,438,333,2,下位,0,0,0
170,170,0,76,272,0,1,243,390,438,333,2,下位,0,243,68
900,900,0,104,418,0,0,0,413,288,23,1,下位,0,0,0
136,136,0,256,1020,0,0,0,900,434,-995,1,下位,0,0,0
156,156,0,25,60,0,0,0,136,1036,-178,5,下位,0,0,0
999,999,0,80,321,0,1,156,136,1036,-178,5,下位,0,156,76
703,703,0,319,1375,0,0,0,1155,337,-1628,1,下位,0,0,0
1007,1007,0,25,60,0,0,0,703,1391,-1371,4,下位,0,0,0
81,81,0,117,477,0,1,1007,703,1391,-1371,4,下位,0,1007,76
380,380,0,25,60,0,0,0,1088,493,-2557,1,下位,0,0,0
380,380,0,26,62,0,1,380,1088,493,-2557,1,下位,0,380,76
247,247,0,176,663,0,2,760,1088,493,-2557,1,下位,0,380,78
146,146,0,93,354,0,0,0,1007,679,-3348,4,下位,0,0,0
336,336,0,98,388,1,0,0,0,0,1,0,下位,0,0,0
301,301,0,154,606,0,0,0,336,404,-137,1,下位,0,0,0
488,488,0,25,60,0,0,0,301,622,1,3,下位,0,0,0
167,167,0,26,62,0,1,488,301,622,1,3,下位,0,488,76
154,154,0,26,62,0,2,655,301,622,1,3,下位,0,167,78
187,187,0,26,64,0,3,809,301,622,1,3,下位,0,154,78
388,388,0,1223,5910,0,4,996,301,622,1,3,下位,0,187,80
254,254,0,88,343,0,0,0,1384,5926,376,6,下位,0,0,0
190,190,0,24,56,0,0,0,254,359,325,1,下位,0,0,0
79,79,0,25,58,0,1,190,254,359,325,1,下位,0,190,72
172,172,0,25,60,0,2,269,254,359,325,1,下位,0,79,74
32,32,0,68,245,0,3,441,254,359,325,1,下位,0,172,76
168,168,0,151,633,0,0,0,473,261,43,1,下位,0,0,0
998,998,0,126,519,0,0,0,168,649,421,2,下位,0,0,0
158,158,0,1733,7599,0,0,0,998,535,-654,1,下位,0,0,0
101,101,0,25,58,0,0,0,158,7615,3949,27,上位,0,0,0
176,176,0,25,60,0,1,101,158,7615,3949,27,上位,0,101,74
33,33,0,141,621,0,2,277,158,7615,3949,27,上位,0,176,76
358,358,0,76,302,0,0,0,310,637,466,2,下位,0,0,0
152,152,0,95,362,1,0,0,0,0,1,0,下位,0,0,0
111,111,0,26,64,0,0,0,152,378,134,1,下位,0,0,0
84,84,0,25,60,0,1,111,152,378,134,1,下位,0,111,80
156,156,0,88,318,0,2,195,152,378,134,1,下位,0,84,76
654,654,0,25,60,0,0,0,351,334,57,1,下位,0,0,0
278,278,0,24,56,0,1,654,351,334,57,1,下位,0,654,76
379,379,0,83,348,0,2,932,351,334,57,1,下位,0,278,72
604,604,0,25,60,0,0,0,1311,364,-1546,1,下位,0,0,0
725,725,0,25,60,0,1,604,1311,364,-1546,1,下位,0,604,76
706,706,0,75,296,0,2,1329,1311,364,-1546,1,下位,0,725,76
241,241,0,23,49,0,0,0,2035,312,-4364,1,下位,0,0,0
353,353,0,24,52,0,1,241,2035,312,-4364,1,下位,0,241,65
134,134,0,75,284,0,2,594,2035,312,-4364,1,下位,0,353,68
354,354,0,25,58,0,0,0,728,300,-5105,1,下位,0,0,0
310,310,0,76,302,0,1,354,728,300,-5105,1,下位,0,354,74
221,221,0,201,866,0,0,0,664,318,-5784,1,下位,0,0,0
144,144,0,25,60,0,0,0,221,882,-5258,2,下位,0,0,0
123,123,0,25,58,0,1,144,221,882,-5258,2,下位,0,144,76
165,165,0,194,777,0,2,267,221,882,-5258,2,下位,0,123,74
697,697,0,25,60,0,0,0,432,793,-5012,4,下位,0,0,0
324,324,0,78,263,0,1,697,432,793,-5012,4,下位,0,697,76
137,137,0,391,1621,1,0,0,0,0,1,0,下位,0,0,0
389,389,0,250,1123,0,0,0,137,1637,1417,6,下位,0,0,0
382,382,0,69,227,0,0,0,389,1139,1929,2,下位,0,0,0
192,192,0,86,302,0,0,0,382,243,1556,1,下位,0,0,0
554,554,0,770,3729,0,0,0,192,318,1564,1,下位,0,0,0
202,202,0,121,446,0,0,0,554,3745,591,2,下位,0,0,0
362,362,0,122,501,0,0,0,202,462,727,2,下位,0,0,0
186,186,0,77,283,0,0,0,362,517,660,2,下位,0,0,0
913,913,0,182,767,0,0,0,186,299,659,1,下位,0,0,0
67,67,0,24,56,0,0,0,913,783,-31,3,下位,0,0,0
164,164,0,73,272,0,1,67,913,783,-31,3,下位,0,67,72
154,154,0,714,3316,0,0,0,231,288,-44,1,下位,0,0,0
167,167,0,93,340,0,0,0,154,3332,135,4,下位,0,0,0
137,137,0,77,266,0,0,0,167,356,222,1,下位,0,0,0
231,231,0,90,339,0,0,0,137,282,283,1,下位,0,0,0
37,37,0,178,667,0,0,0,231,355,265,1,下位,0,0,0
128,128,0,156,576,0,0,0,37,683,888,4,下位,0,0,0
696,696,0,75,294,0,0,0,128,592,1274,3,下位,0,0,0
199,199,0,25,58,1,0,0,0,0,1,0,下位,0,0,0
157,157,0,24,56,1,1,199,0,0,1,0,下位,0,199,74
999,999,0,117,518,1,2,356,0,0,1,0,下位,0,157,72
318,318,0,24,56,0,0,0,1355,534,-1504,1,下位,0,0,0
157,157,0,159,674,0,1,318,1355,534,-1504,1,下位,0,318,72
195,195,0,26,64,0,0,0,475,690,-1508,1,下位,0,0,0
157,157,0,81,312,0,1,195,475,690,-1508,1,下位,0,195,80
871,871,0,26,62,0,0,0,352,328,-1668,1,下位,0,0,0
136,136,0,66,245,0,1,871,352,328,-1668,1,下位,0,871,78
119,119,0,213,979,0,0,0,1007,261,-2953,1,下位,0,0,0
683,683,0,856,4161,0,0,0,119,995,-2150,1,下位,0,0,0
365,365,0,76,260,0,0,0,683,4177,925,1,下位,0,0,0
680,680,0,25,58,0,0,0,365,276,612,1,下位,0,0,0
46,46,0,155,636,0,1,680,365,276,612,1,下位,0,680,74
61,61,0,900,4179,0,0,0,726,652,167,3,下位,0,0,0
598,598,0,63,233,1,0,0,0,0,1,0,下位,0,0,0
69,69,0,26,64,0,0,0,598,249,-715,1,下位,0,0,0
247,247,0,151,578,0,1,69,598,249,-715,1,下位,0,69,80
38,38,0,78,274,0,0,0,316,594,-550,2,下位,0,0,0
152,152,0,73,287,0,0,0,38,290,-321,1,下位,0,0,0
996,996,0,82,291,0,0,0,152,303,-263,1,下位,0,0,0
358,358,0,970,4590,0,0,0,996,307,-1562,1,下位,0,0,0
153,153,0,25,60,0,0,0,358,4606,148,5,下位,0,0,0
368,368,0,24,56,0,1,153,358,4606,148,5,下位,0,153,76
276,276,0,110,381,0,2,521,358,4606,148,5,下位,0,368,72
612,612,0,22,43,0,0,0,797,397,-593,2,下位,0,0,0
80,80,0,25,60,0,1,612,797,397,-593,2,下位,0,612,59
691,691,0,26,64,0,2,692,797,397,-593,2,下位,0,80,76
715,715,0,23,47,0,3,1383,797,397,-593,2,下位,0,691,80
243,243,0,159,650,0,4,2098,797,397,-593,2,下位,0,715,63
162,162,0,26,62,0,0,0,2341,666,-3425,3,下位,0,0,0
444,444,0,346,1603,0,1,162,2341,666,-3425,3,下位,0,162,78
840,840,0,24,52,1,0,0,0,0,1,0,下位,0,0,0
154,154,0,108,413,1,1,840,0,0,1,0,下位,0,840,68
219,219,0,22,42,0,0,0,994,429,-1105,2,下位,0,0,0
602,602,0,24,56,0,1,219,994,429,-1105,2,下位,0,219,58
701,701,0,91,391,0,2,821,994,429,-1105,2,下位,0,602,72
164,164,0,26,64,0,0,0,1522,407,-3023,1,下位,0,0,0
125,125,0,25,58,0,1,164,1522,407,-3023,1,下位,0,164,80
596,596,0,145,660,0,2,289,1522,407,-3023,1,下位,0,125,74
695,695,0,24,56,0,0,0,885,676,-3621,1,下位,0,0,0
142,142,0,167,676,0,1,695,885,676,-3621,1,下位,0,695,72
135,135,0,139,508,0,0,0,837,692,-4207,3,下位,0,0,0
372,372,0,170,666,0,0,0,135,524,-3901,2,下位,0,0,0
186,186,0,114,413,1,0,0,0,0,1,0,下位,0,0,0
226,226,0,25,58,0,0,0,186,429,130,2,下位,0,0,0
772,772,0,25,60,0,1,226,186,429,130,2,下位,0,226,74
355,355,0,98,426,0,2,998,186,429,130,2,下位,0,772,76
349,349,0,98,348,0,0,0,1353,442,-1461,1,下位,0,0,0
115,115,0,26,64,0,0,0,349,364,-1660,2,下位,0,0,0
383,383,0,95,395,0,1,115,349,364,-1660,2,下位,0,115,80
60,60,0,104,453,0,0,0,498,411,-1973,1,下位,0,0,0
427,427,0,73,238,0,0,0,60,469,-1601,1,下位,0,0,0
282,282,0,26,64,0,0,0,427,254,-2036,1,下位,0,0,0
395,395,0,103,450,0,1,282,427,254,-2036,1,下位,0,282,80
357,357,0,126,502,0,0,0,677,466,-2582,1,下位,0,0,0
139,139,0,232,941,0,0,0,357,518,-2640,2,下位,0,0,0
357,357,0,27,70,0,0,0,139,957,-1907,4,下位,0,0,0
348,348,0,206,935,0,1,357,139,957,-1907,4,下位,0,357,86
485,485,0,26,64,0,0,0,705,951,-2007,1,下位,0,0,0
157,157,0,112,426,0,1,485,705,951,-2007,1,下位,0,485,80
545,545,0,85,347,0,0,0,642,442,-2520,2,下位,0,0,0
197,197,0,67,242,1,0,0,0,0,1,0,下位,0,0,0
694,694,0,72,278,0,0,0,197,258,-59,1,下位,0,0,0
146,146,0,98,412,0,0,0,694,294,-884,1,下位,0,0,0
338,338,0,25,60,0,0,0,146,428,-691,1,下位,0,0,0
169,169,0,24,54,0,1,338,146,428,-691,1,下位,0,338,76
95,95,0,214,930,0,2,507,146,428,-691,1,下位,0,169,70
472,472,0,79,302,0,0,0,602,946,-570,3,下位,0,0,0
64,64,0,25,60,0,0,0,472,318,-1013,1,下位,0,0,0
253,253,0,78,267,0,1,64,472,318,-1013,1,下位,0,64,76
243,243,0,26,62,0,0,0,317,283,-1165,1,下位,0,0,0
348,348,0,133,601,0,1,243,317,283,-1165,1,下位,0,243,78
707,707,0,26,64,0,0,0,591,617,-1423,1,下位,0,0,0
507,507,0,24,54,0,1,707,591,617,-1423,1,下位,0,707,80
474,474,0,1185,5547,0,2,1214,591,617,-1423,1,下位,0,507,70
152,152,0,109,420,0,0,0,1688,5563,1567,9,上位,0,0,0
143,143,0,132,539,0,0,0,152,436,1758,1,下位,0,0,0
178,178,0,1263,5695,0,0,0,143,555,2082,3,下位,0,0,0
165,165,0,80,290,0,0,0,178,5711,3581,16,上位,0,0,0
680,680,0,25,58,1,0,0,0,0,1,0,下位,0,0,0
369,369,0,24,54,1,1,680,0,0,1,0,下位,0,680,74
396,396,0,122,520,1,2,1049,0,0,1,0,下位,0,369,70
157,157,0,26,62,0,0,0,1445,536,-1650,2,下位,0,0,0
161,161,0,70,246,0,1,157,1445,536,-1650,2,下位,0,157,78
344,344,0,115,457,0,0,0,318,262,-1823,1,下位,0,0,0
219,219,0,167,713,0,0,0,344,473,-1905,1,下位,0,0,0
358,358,0,113,427,0,0,0,219,729,-1529,1,下位,0,0,0
614,614,0,112,453,0,0,0,358,443,-1663,2,下位,0,0,0
376,376,0,125,504,0,0,0,614,469,-2184,2,下位,0,0,0
732,732,0,54,167,0,0,0,376,520,-2270,2,下位,0,0,0
105,105,0,25,58,0,0,0,732,183,-3268,1,下位,0,0,0
104,104,0,221,920,0,1,105,732,183,-3268,1,下位,0,105,74
337,337,0,26,62,0,0,0,209,936,-2595,2,下位,0,0,0
331,331,0,1098,5101,0,1,337,209,936,-2595,2,下位,0,337,78
961,961,0,83,294,1,0,0,0,0,1,0,下位,0,0,0
153,153,0,110,368,0,0,0,961,310,-1239,1,下位,0,0,0
823,823,0,24,54,0,0,0,153,384,-1102,2,下位,0,0,0
39,39,0,184,646,0,1,823,153,384,-1102,2,下位,0,823,70
359,359,0,26,62,0,0,0,862,662,-1761,4,下位,0,0,0
262,262,0,26,64,0,1,359,862,662,-1761,4,下位,0,359,78
692,692,0,26,62,0,2,621,862,662,-1761,4,下位,0,262,80
996,996,0,22,43,0,3,1313,862,662,-1761,4,下位,0,692,78
619,619,0,25,60,0,4,2309,862,662,-1761,4,下位,0,996,59
859,859,0,134,582,0,5,2928,862,662,-1761,4,下位,0,619,76
346,346,0,82,291,0,0,0,3787,598,-6901,2,下位,0,0,0
532,532,0,24,54,0,0,0,346,307,-7152,1,下位,0,0,0
141,141,0,25,60,0,1,532,346,307,-7152,1,下位,0,532,70
169,169,0,128,504,0,2,673,346,307,-7152,1,下位,0,141,76
37,37,0,21,41,0,0,0,842,520,-7845,2,下位,0,0,0
310,310,0,297,1409,0,1,37,842,520,-7845,2,下位,0,37,57
103,103,0,102,422,0,0,0,347,1425,-6923,1,下位,0,0,0
140,140,0,126,487,0,0,0,103,438,-6651,1,下位,0,0,0
201,201,0,24,52,1,0,0,0,0,1,0,下位,0,0,0
499,499,0,25,60,1,1,201,0,0,1,0,下位,0,201,68
180,180,0,25,60,1,2,700,0,0,1,0,下位,0,499,76
866,866,0,97,385,1,3,880,0,0,1,0,下位,0,180,76
37,37,0,31,88,0,0,0,1746,401,-2194,1,下位,0,0,0
264,264,0,24,56,0,1,37,1746,401,-2194,1,下位,0,37,104
206,206,0,209,889,0,2,301,1746,401,-2194,1,下位,0,264,72
54,54,0,23,48,0,0,0,507,905,-1931,2,下位,0,0,0
301,301,0,26,62,0,1,54,507,905,-1931,2,下位,0,54,64
674,674,0,26,64,0,2,355,507,905,-1931,2,下位,0,301,78
56,56,0,21,39,0,3,1029,507,905,-1931,2,下位,0,674,80
278,278,0,118,484,0,4,1085,507,905,-1931,2,下位,0,56,55
693,693,0,26,62,0,0,0,1363,500,-3352,2,下位,0,0,0
127,127,0,24,54,0,1,693,1363,500,-3352,2,下位,0,693,78
258,258,0,87,329,0,2,820,1363,500,-3352,2,下位,0,127,70
274,274,0,112,420,0,0,0,1078,345,-4598,1,下位,0,0,0
114,114,0,68,246,1,0,0,0,0,1,0,下位,0,0,0
153,153,0,24,54,0,0,0,114,262,79,1,下位,0,0,0
532,532,0,104,457,0,1,153,114,262,79,1,下位,0,153,70
281,281,0,24,54,0,0,0,685,473,-483,1,下位,0,0,0
710,710,0,186,732,0,1,281,685,473,-483,1,下位,0,281,70
30,30,0,25,60,0,0,0,991,748,-1263,4,下位,0,0,0
165,165,0,69,258,0,1,30,991,748,-1263,4,下位,0,30,76
321,321,0,74,290,0,0,0,195,274,-1228,1,下位,0,0,0
358,358,0,169,715,0,0,0,321,306,-1440,1,下位,0,0,0
77,77,0,24,56,0,0,0,358,731,-1286,2,下位,0,0,0
465,465,0,26,62,0,1,77,358,731,-1286,2,下位,0,77,72
476,476,0,99,426,0,2,542,358,731,-1286,2,下位,0,465,78
377,377,0,116,440,0,0,0,1018,442,-2336,1,下位,0,0,0
122,122,0,139,504,0,0,0,377,456,-2488,2,下位,0,0,0
353,353,0,24,54,1,0,0,0,0,1,0,下位,0,0,0
85,85,0,274,1213,1,1,353,0,0,1,0,下位,0,353,70
364,364,0,25,60,0,0,0,438,1229,594,2,下位,0,0,0
66,66,0,110,457,0,1,364,438,1229,594,2,下位,0,364,76
192,192,0,87,329,0,0,0,430,473,450,2,下位,0,0,0
589,589,0,24,56,0,0,0,192,345,485,1,下位,0,0,0
510,510,0,19,28,0,1,589,192,345,485,1,下位,0,589,72
106,106,0,70,256,0,2,1099,192,345,485,1,下位,0,510,44
137,137,0,102,398,0,0,0,1205,272,-1071,1,下位,0,0,0
160,160,0,91,355,0,0,0,137,414,-878,2,下位,0,0,0
172,172,0,132,429,0,0,0,160,371,-765,1,下位,0,0,0
40,40,0,65,248,0,0,0,172,445,-597,3,下位,0,0,0
224,224,0,94,360,0,0,0,40,264,-398,1,下位,0,0,0
270,270,0,23,47,0,0,0,224,376,-383,2,下位,0,0,0
615,615,0,24,56,0,1,270,224,376,-383,2,下位,0,270,63
350,350,0,206,903,0,2,885,224,376,-383,2,下位,0,615,72
64,64,0,199,761,1,0,0,0,0,1,0,下位,0,0,0
105,105,0,182,781,0,0,0,64,777,675,4,下位,0,0,0
264,264,0,77,276,0,0,0,105,797,1303,2,下位,0,0,0
998,998,0,186,779,0,0,0,264,292,1169,1,下位,0,0,0
301,301,0,101,421,0,0,0,998,795,354,3,下位,0,0,0
230,230,0,22,43,0,0,0,301,437,306,1,下位,0,0,0
53,53,0,26,62,0,1,230,301,437,306,1,下位,0,230,59
152,152,0,80,334,0,2,283,301,437,306,1,下位,0,53,78
614,614,0,114,389,0,0,0,435,350,91,1,下位,0,0,0
368,368,0,22,45,0,0,0,614,405,-494,2,下位,0,0,0
36,36,0,221,829,0,1,368,614,405,-494,2,下位,0,368,61
809,809,0,221,803,0,0,0,404,845,-240,5,下位,0,0,0
50,50,0,199,778,0,0,0,809,819,-726,5,下位,0,0,0
294,294,0,96,307,0,0,0,50,794,-13,4,下位,0,0,0
93,93,0,25,60,0,0,0,294,323,-164,2,下位,0,0,0
80,80,0,190,641,0,1,93,294,323,-164,2,下位,0,93,76
160,160,0,198,864,0,0,0,173,657,290,4,下位,0,0,0
655,655,0,23,47,1,0,0,0,0,1,0,下位,0,0,0
352,352,0,24,54,1,1,655,0,0,1,0,下位,0,655,63
725,725,0,98,371,1,2,1007,0,0,1,0,下位,0,352,70
353,353,0,148,577,0,0,0,1732,387,-2273,1,下位,0,0,0
199,199,0,77,290,0,0,0,353,593,-2249,3,下位,0,0,0
361,361,0,26,62,1,0,0,0,0,1,0,下位,0,0,0
137,137,0,123,465,1,1,361,0,0,1,0,下位,0,361,78
221,221,0,149,623,0,0,0,498,481,-243,2,下位,0,0,0
416,416,0,91,336,0,0,0,221,639,40,2,下位,0,0,0
999,999,0,24,52,0,0,0,416,352,-279,1,下位,0,0,0
396,396,0,200,800,0,1,999,416,352,-279,1,下位,0,999,68
141,141,0,158,672,0,0,0,1395,816,-1645,3,下位,0,0,0
196,196,0,163,681,0,0,0,141,688,-1184,1,下位,0,0,0
296,296,0,24,56,0,0,0,196,697,-803,3,下位,0,0,0
229,229,0,26,62,0,1,296,196,697,-803,3,下位,0,296,72
178,178,0,90,371,0,2,525,196,697,-803,3,下位,0,229,78
857,857,0,100,415,0,0,0,703,387,-1400,1,下位,0,0,0
138,138,0,86,302,0,0,0,857,431,-2351,1,下位,0,0,0
347,347,0,25,60,0,0,0,138,318,-2256,1,下位,0,0,0
770,770,0,23,47,0,1,347,138,318,-2256,1,下位,0,347,76
159,159,0,25,60,0,2,1117,138,318,-2256,1,下位,0,770,63
360,360,0,25,58,0,3,1276,138,318,-2256,1,下位,0,159,76
152,152,0,133,562,0,4,1636,138,318,-2256,1,下位,0,360,74
276,276,0,25,58,1,0,0,0,0,1,0,下位,0,0,0
74,74,0,161,631,1,1,276,0,0,1,0,下位,0,276,74
156,156,0,22,45,0,0,0,350,647,158,3,下位,0,0,0
70,70,0,25,60,0,1,156,350,647,158,3,下位,0,156,61
148,148,0,25,60,0,2,226,350,647,158,3,下位,0,70,76
90,90,0,25,58,0,3,374,350,647,158,3,下位,0,148,76
300,300,0,77,272,0,4,464,350,647,158,3,下位,0,90,74
138,138,0,22,45,0,0,0,764,288,-500,1,下位,0,0,0
256,256,0,25,58,0,1,138,764,288,-500,1,下位,0,138,61
156,156,0,24,56,0,2,394,764,288,-500,1,下位,0,256,74
81,81,0,141,579,0,3,550,764,288,-500,1,下位,0,156,72
1002,1002,0,102,392,0,0,0,631,595,-717,2,下位,0,0,0
155,155,0,135,574,0,0,0,1002,408,-1925,1,下位,0,0,0
136,136,0,61,214,0,0,0,155,590,-1585,1,下位,0,0,0
347,347,0,25,60,0,0,0,136,230,-1574,1,下位,0,0,0
214,214,0,24,56,0,1,347,136,230,-1574,1,下位,0,347,76
157,157,0,24,54,0,2,561,136,230,-1574,1,下位,0,214,72
740,740,0,63,215,0,3,718,136,230,-1574,1,下位,0,157,70
144,144,0,414,1801,0,0,0,1458,231,-3477,1,下位,0,0,0
340,340,0,23,47,1,0,0,0,0,1,0,下位,0,0,0
996,996,0,26,62,1,1,340,0,0,1,0,下位,0,340,63
611,611,0,26,62,1,2,1336,0,0,1,0,下位,0,996,78
215,215,0,118,441,1,3,1947,0,0,1,0,下位,0,611,78
414,414,0,23,49,0,0,0,2162,457,-2812,2,下位,0,0,0
999,999,0,68,247,0,1,414,2162,457,-2812,2,下位,0,414,65
563,563,0,274,1111,0,0,0,1413,263,-4763,1,下位,0,0,0
93,93,0,79,310,0,0,0,563,1127,-4544,6,下位,0,0,0
40,40,0,90,339,0,0,0,93,326,-4368,1,下位,0,0,0
631,631,0,24,52,0,0,0,40,355,-4078,1,下位,0,0,0
177,177,0,141,556,0,1,631,40,355,-4078,1,下位,0,631,68
153,153,0,222,899,1,0,0,0,0,1,0,下位,0,0,0
228,228,0,66,242,0,0,0,153,915,669,3,下位,0,0,0
423,423,0,76,298,0,0,0,228,258,559,1,下位,0,0,0
386,386,0,25,58,0,0,0,423,314,191,1,下位,0,0,0
167,167,0,167,648,0,1,386,423,314,191,1,下位,0,386,74
152,152,0,124,540,0,0,0,553,664,37,3,下位,0,0,0
182,182,0,25,58,0,0,0,152,556,348,1,下位,0,0,0
362,362,0,127,474,0,1,182,152,556,348,1,下位,0,182,74
70,70,0,217,853,0,0,0,544,490,34,2,下位,0,0,0
919,919,0,26,64,0,0,0,70,869,790,5,下位,0,0,0
64,64,0,24,52,0,1,919,70,869,790,5,下位,0,919,80
136,136,0,103,406,0,2,983,70,869,790,5,下位,0,64,68
308,308,0,74,250,0,0,0,1119,422,-444,1,下位,0,0,0
83,83,0,98,367,0,0,0,308,266,-675,1,下位,0,0,0
260,260,0,782,3755,0,0,0,83,383,-426,2,下位,0,0,0
547,547,0,24,54,0,0,0,260,3771,2926,4,下位,0,0,0
359,359,0,25,60,0,1,547,260,3771,2926,4,下位,0,547,70
1000,1000,0,89,381,0,2,906,260,3771,2926,4,下位,0,359,76
35,35,0,25,60,0,0,0,1906,397,395,1,下位,0,0,0
167,167,0,25,60,0,1,35,1906,397,395,1,下位,0,35,76
194,194,0,121,483,0,2,202,1906,397,395,1,下位,0,167,76
135,135,0,85,330,0,0,0,396,499,408,1,下位,0,0,0
99,99,0,26,62,0,0,0,135,346,536,1,下位,0,0,0
165,165,0,24,56,0,1,99,135,346,536,1,下位,0,99,78
353,353,0,361,1473,0,2,264,135,346,536,1,下位,0,165,72
355,355,0,1339,6297,1,0,0,0,0,1,0,下位,0,0,0
116,116,0,25,60,0,0,0,355,6313,3101,11,上位,0,0,0
167,167,0,26,64,0,1,116,355,6313,3101,11,上位,0,116,76
156,156,0,25,58,0,2,283,355,6313,3101,11,上位,0,167,80
268,268,0,129,473,0,3,439,355,6313,3101,11,上位,0,156,74
182,182,0,26,64,0,0,0,707,489,400,2,下位,0,0,0
172,172,0,251,1157,0,1,182,707,489,400,2,下位,0,182,80
977,977,0,212,964,0,0,0,354,1173,1082,1,下位,0,0,0
513,513,0,25,60,0,0,0,977,980,486,1,下位,0,0,0
565,565,0,24,54,0,1,513,977,980,486,1,下位,0,513,76
163,163,0,83,289,0,2,1078,977,980,486,1,下位,0,565,70
137,137,0,214,816,0,0,0,1241,305,-1065,1,下位,0,0,0
382,382,0,26,62,0,0,0,137,832,-454,5,下位,0,0,0
207,207,0,92,342,0,1,382,137,832,-454,5,下位,0,382,78
365,365,0,83,334,0,0,0,589,358,-968,1,下位,0,0,0
719,719,0,104,396,1,0,0,0,0,1,0,下位,0,0,0
412,412,0,26,62,0,0,0,719,412,-747,1,下位,0,0,0
307,307,0,69,244,0,1,412,719,412,-747,1,下位,0,412,78
67,67,0,214,937,0,0,0,719,260,-1569,1,下位,0,0,0
32,32,0,249,1108,0,0,0,67,953,-724,3,下位,0,0,0
160,160,0,25,60,0,0,0,32,1124,348,2,下位,0,0,0
326,326,0,299,1305,0,1,160,32,1124,348,2,下位,0,160,76
287,287,0,507,2158,0,0,0,486,1321,961,4,下位,0,0,0
110,110,0,24,52,0,0,0,287,2174,2672,8,上位,0,0,0
370,370,0,26,62,0,1,110,287,2174,2672,8,上位,0,110,68
574,574,0,75,298,0,2,480,287,2174,2672,8,上位,0,370,78
341,341,0,64,245,0,0,0,1054,314,1431,1,下位,0,0,0
566,566,0,25,60,0,0,0,341,261,1142,1,下位,0,0,0
208,208,0,103,410,0,1,566,341,261,1142,1,下位,0,566,76
349,349,0,27,70,0,0,0,774,426,396,2,下位,0,0,0
157,157,0,25,60,0,1,349,774,426,396,2,下位,0,349,86
368,368,0,25,58,0,2,506,774,426,396,2,下位,0,157,76
376,376,0,139,536,0,3,874,774,426,396,2,下位,0,368,74
370,370,0,77,292,0,0,0,1250,552,-832,2,下位,0,0,0
147,147,0,24,56,0,0,0,370,308,-1121,1,下位,0,0,0
735,735,0,192,673,0,1,147,370,308,-1121,1,下位,0,147,72
348,348,0,148,504,1,0,0,0,0,1,0,下位,0,0,0
567,567,0,208,892,0,0,0,348,520,-40,3,下位,0,0,0
998,998,0,136,492,0,0,0,567,908,-47,3,下位,0,0,0
118,118,0,25,60,0,0,0,998,508,-1149,3,下位,0,0,0
363,363,0,92,393,0,1,118,998,508,-1149,3,下位,0,118,76
997,997,0,26,62,0,0,0,481,409,-1439,1,下位,0,0,0
487,487,0,25,60,0,1,997,481,409,-1439,1,下位,0,997,78
139,139,0,82,300,0,2,1484,481,409,-1439,1,下位,0,487,76
566,566,0,59,170,0,0,0,1623,316,-3587,1,下位,0,0,0
274,274,0,153,579,0,0,0,566,186,-4314,1,下位,0,0,0
359,359,0,24,54,0,0,0,274,595,-4161,2,下位,0,0,0
628,628,0,113,428,0,1,359,274,595,-4161,2,下位,0,359,70
144,144,0,158,725,0,0,0,987,444,-5239,2,下位,0,0,0
85,85,0,85,298,0,0,0,144,741,-4730,1,下位,0,0,0
62,62,0,162,605,0,0,0,85,314,-4553,1,下位,0,0,0
360,360,0,121,449,0,0,0,62,621,-4032,3,下位,0,0,0
363,363,0,100,373,0,0,0,360,465,-4148,2,下位,0,0,0
196,196,0,26,64,0,0,0,363,389,-4344,2,下位,0,0,0
164,164,0,147,541,0,1,196,363,389,-4344,2,下位,0,196,80
165,165,0,310,1351,0,0,0,360,557,-4288,3,下位,0,0,0
343,343,0,79,275,1,0,0,0,0,1,0,下位,0,0,0
213,213,0,114,441,0,0,0,343,291,-261,1,下位,0,0,0
445,445,0,106,427,0,0,0,213,457,-148,2,下位,0,0,0
198,198,0,157,587,0,0,0,445,443,-423,1,下位,0,0,0
143,143,0,25,60,0,0,0,198,603,-139,3,下位,0,0,0
382,382,0,160,672,0,1,143,198,603,-139,3,下位,0,143,76
690,690,0,23,50,0,0,0,525,688,-222,1,下位,0,0,0
591,591,0,24,54,0,1,690,525,688,-222,1,下位,0,690,66
126,126,0,19,30,0,2,1281,525,688,-222,1,下位,0,591,70
524,524,0,26,62,0,3,1407,525,688,-222,1,下位,0,126,46
381,381,0,24,56,0,4,1931,525,688,-222,1,下位,0,524,78
451,451,0,220,842,0,5,2312,525,688,-222,1,下位,0,381,72
999,999,0,26,62,0,0,0,2763,858,-3488,4,下位,0,0,0
622,622,0,25,58,0,1,999,2763,858,-3488,4,下位,0,999,78
998,998,0,23,47,0,2,1621,2763,858,-3488,4,下位,0,622,74
41,41,0,153,582,0,3,2619,2763,858,-3488,4,下位,0,998,63
147,147,0,75,274,1,0,0,0,0,1,0,下位,0,0,0
266,266,0,26,62,0,0,0,147,290,54,1,下位,0,0,0
724,724,0,24,56,0,1,266,147,290,54,1,下位,0,266,78
246,246,0,117,471,0,2,990,147,290,54,1,下位,0,724,72
632,632,0,24,54,0,0,0,1236,487,-1303,2,下位,0,0,0
737,737,0,28,74,0,1,632,1236,487,-1303,2,下位,0,632,70
80,80,0,24,54,0,2,1369,1236,487,-1303,2,下位,0,737,90
134,134,0,135,607,0,3,1449,1236,487,-1303,2,下位,0,80,70
119,119,0,186,711,0,0,0,1583,623,-3003,1,下位,0,0,0
303,303,0,113,398,0,0,0,119,727,-2468,4,下位,0,0,0
998,998,0,24,54,0,0,0,303,414,-2543,2,下位,0,0,0
150,150,0,24,56,0,1,998,303,414,-2543,2,下位,0,998,70
424,424,0,26,64,0,2,1148,303,414,-2543,2,下位,0,150,72
138,138,0,24,56,0,3,1572,303,414,-2543,2,下位,0,424,80
269,269,0,292,1336,0,4,1710,303,414,-2543,2,下位,0,138,72
236,236,0,25,60,1,0,0,0,0,1,0,下位,0,0,0
134,134,0,99,388,1,1,236,0,0,1,0,下位,0,236,76
174,174,0,26,62,0,0,0,370,404,-116,1,下位,0,0,0
154,154,0,26,62,0,1,174,370,404,-116,1,下位,0,174,78
135,135,0,98,422,0,2,328,370,404,-116,1,下位,0,154,78
373,373,0,25,60,0,0,0,463,438,-270,1,下位,0,0,0
425,425,0,24,52,0,1,373,463,438,-270,1,下位,0,373,76
136,136,0,76,273,0,2,798,463,438,-270,1,下位,0,425,68
116,116,0,263,1167,0,0,0,934,289,-1344,1,下位,0,0,0
150,150,0,122,477,0,0,0,116,1183,-348,3,下位,0,0,0
212,212,0,107,444,0,0,0,150,493,-97,2,下位,0,0,0
1001,1001,0,26,62,0,0,0,212,460,21,2,下位,0,0,0
620,620,0,25,58,0,1,1001,212,460,21,2,下位,0,1001,78
765,765,0,25,60,0,2,1621,212,460,21,2,下位,0,620,74
274,274,0,25,60,0,3,2386,212,460,21,2,下位,0,765,76
86,86,0,25,58,0,4,2660,212,460,21,2,下位,0,274,76
639,639,0,116,418,0,5,2746,212,460,21,2,下位,0,86,74
150,150,0,26,62,0,0,0,3385,434,-4628,2,下位,0,0,0
362,362,0,23,49,0,1,150,3385,434,-4628,2,下位,0,150,78
257,257,0,177,685,0,2,512,3385,434,-4628,2,下位,0,362,65
222,222,0,83,298,0,0,0,769,701,-5025,3,下位,0,0,0
211,211,0,134,531,0,0,0,222,314,-5069,1,下位,0,0,0
236,236,0,87,312,0,0,0,211,547,-4862,2,下位,0,0,0
359,359,0,114,450,1,0,0,0,0,1,0,下位,0,0,0
626,626,0,24,54,0,0,0,359,466,-112,2,下位,0,0,0
734,734,0,117,434,0,1,626,359,466,-112,2,下位,0,626,70
69,69,0,184,779,0,0,0,1360,450,-1786,2,下位,0,0,0
38,38,0,24,56,0,0,0,69,795,-1102,2,下位,0,0,0
1000,1000,0,210,864,0,1,38,69,795,-1102,2,下位,0,38,72
379,379,0,28,74,0,0,0,1038,880,-1824,5,下位,0,0,0
18,18,0,146,621,0,1,379,1038,880,-1824,5,下位,0,379,90
162,162,0,300,1310,0,0,0,397,637,-1737,2,下位,0,0,0
174,174,0,25,60,0,0,0,162,1326,-672,2,下位,0,0,0
223,223,0,89,381,0,1,174,162,1326,-672,2,下位,0,174,76
998,998,0,25,60,0,0,0,397,397,-840,1,下位,0,0,0
349,349,0,184,775,0,1,998,397,397,-840,1,下位,0,998,76
95,95,0,130,547,0,0,0,1347,791,-2146,2,下位,0,0,0
295,295,0,78,285,0,0,0,95,563,-1736,2,下位,0,0,0
475,475,0,26,62,0,0,0,295,301,-1911,1,下位,0,0,0
137,137,0,184,696,0,1,475,295,301,-1911,1,下位,0,475,78
416,416,0,26,64,0,0,0,612,712,-2108,3,下位,0,0,0
694,694,0,25,60,0,1,416,612,712,-2108,3,下位,0,416,80
998,998,0,69,252,0,2,1110,612,712,-2108,3,下位,0,694,76
215,215,0,24,56,1,0,0,0,0,1,0,下位,0,0,0
749,749,0,24,54,1,1,215,0,0,1,0,下位,0,215,72
97,97,0,25,60,1,2,964,0,0,1,0,下位,0,749,70
218,218,0,26,62,1,3,1061,0,0,1,0,下位,0,97,76
378,378,0,26,64,1,4,1279,0,0,1,0,下位,0,218,78
155,155,0,174,740,1,5,1657,0,0,1,0,下位,0,378,80
126,126,0,25,60,0,0,0,1812,756,-1791,3,下位,0,0,0
348,348,0,297,1185,0,1,126,1812,756,-1791,3,下位,0,126,76
359,359,0,71,280,0,0,0,474,1201,-1278,4,下位,0,0,0
49,49,0,305,1406,0,0,0,359,296,-1561,1,下位,0,0,0
224,224,0,211,980,0,0,0,49,1422,-218,1,下位,0,0,0
219,219,0,26,62,0,0,0,224,996,417,1,下位,0,0,0
74,74,0,26,62,0,1,219,224,996,417,1,下位,0,219,78
48,48,0,74,302,0,2,293,224,996,417,1,下位,0,74,78
347,347,0,26,62,0,0,0,341,318,342,1,下位,0,0,0
87,87,0,498,2015,0,1,347,341,318,342,1,下位,0,347,78
354,354,0,25,60,0,0,0,434,2031,1751,8,上位,0,0,0
999,999,0,26,64,0,1,354,434,2031,1751,8,上位,0,354,76
494,494,0,219,852,0,2,1353,434,2031,1751,8,上位,0,999,80
149,149,0,128,494,0,0,0,1847,868,-204,4,下位,0,0,0
97,97,0,26,62,0,0,0,149,510,66,2,下位,0,0,0
366,366,0,25,60,0,1,97,149,510,66,2,下位,0,97,78
176,176,0,1131,5189,0,2,463,149,510,66,2,下位,0,366,76
144,144,0,163,670,1,0,0,0,0,1,0,下位,0,0,0
260,260,0,247,985,0,0,0,144,686,455,3,下位,0,0,0
152,152,0,159,630,0,0,0,260,1001,1037,4,下位,0,0,0
142,142,0,25,60,0,0,0,152,646,1438,3,下位,0,0,0
144,144,0,107,370,0,1,142,152,646,1438,3,下位,0,142,76
601,601,0,92,334,0,0,0,286,386,1439,2,下位,0,0,0
193,193,0,25,58,0,0,0,601,350,820,1,下位,0,0,0
350,350,0,591,2690,0,1,193,601,350,820,1,下位,0,193,74
83,83,0,25,58,0,0,0,543,2706,465,6,下位,0,0,0
338,338,0,80,286,0,1,83,543,2706,465,6,下位,0,83,74
156,156,0,25,60,0,0,0,421,302,162,1,下位,0,0,0
236,236,0,74,282,0,1,156,421,302,162,1,下位,0,156,76
135,135,0,26,62,0,0,0,392,298,-97,1,下位,0,0,0
135,135,0,141,514,0,1,135,392,298,-97,1,下位,0,135,78
145,145,0,159,677,0,0,0,270,530,75,2,下位,0,0,0
84,84,0,25,60,0,0,0,145,693,534,2,下位,0,0,0
996,996,0,119,431,0,1,84,145,693,534,2,下位,0,84,76
420,420,0,118,514,0,0,0,1080,447,-685,2,下位,0,0,0
163,163,0,23,48,0,0,0,420,530,-832,1,下位,0,0,0
202,202,0,132,559,0,1,163,420,530,-832,1,下位,0,163,64
138,138,0,120,435,0,0,0,365,575,-782,2,下位,0,0,0
329,329,0,106,369,0,0,0,138,451,-554,2,下位,0,0,0
402,402,0,19,28,0,0,0,329,385,-700,2,下位,0,0,0
226,226,0,25,60,0,1,402,329,385,-700,2,下位,0,402,44
142,142,0,508,2295,0,2,628,329,385,-700,2,下位,0,226,76
735,735,0,92,318,1,0,0,0,0,1,0,下位,0,0,0
235,235,0,68,261,0,0,0,735,334,-850,2,下位,0,0,0
350,350,0,262,1157,0,0,0,235,277,-952,1,下位,0,0,0
361,361,0,23,50,0,0,0,350,1173,-344,2,下位,0,0,0
75,75,0,134,488,0,1,361,350,1173,-344,2,下位,0,361,66
208,208,0,84,306,0,0,0,436,504,-477,2,下位,0,0,0
159,159,0,25,60,0,0,0,208,322,-490,1,下位,0,0,0
712,712,0,140,539,0,1,159,208,322,-490,1,下位,0,159,76
285,285,0,22,46,0,0,0,871,555,-1264,2,下位,0,0,0
137,137,0,161,681,0,1,285,871,555,-1264,2,下位,0,285,62
340,340,0,216,927,0,0,0,422,697,-1186,3,下位,0,0,0
141,141,0,26,64,0,0,0,340,943,-791,2,下位,0,0,0
405,405,0,23,50,0,1,141,340,943,-791,2,下位,0,141,80
39,39,0,209,978,0,2,546,340,943,-791,2,下位,0,405,66
531,531,0,26,62,0,0,0,585,994,-595,1,下位,0,0,0
281,281,0,148,677,0,1,531,585,994,-595,1,下位,0,531,78
225,225,0,540,2276,0,0,0,812,693,-1134,1,下位,0,0,0
78,78,0,244,926,0,0,0,225,2292,795,9,上位,0,0,0
137,137,0,116,431,1,0,0,0,0,1,0,下位,0,0,0
424,424,0,120,532,0,0,0,137,447,227,2,下位,0,0,0
101,101,0,75,294,0,0,0,424,548,91,1,下位,0,0,0
576,576,0,78,296,0,0,0,101,310,238,1,下位,0,0,0
723,723,0,25,60,0,0,0,576,312,-379,1,下位,0,0,0
102,102,0,74,261,0,1,723,576,312,-379,1,下位,0,723,76
144,144,0,127,510,0,0,0,825,277,-1357,1,下位,0,0,0
313,313,0,105,443,0,0,0,144,526,-1063,1,下位,0,0,0
311,311,0,235,912,0,0,0,313,459,-1109,1,下位,0,0,0
69,69,0,24,54,0,0,0,311,928,-683,4,下位,0,0,0
36,36,0,271,1265,0,1,69,311,928,-683,4,下位,0,69,70
162,162,0,24,54,0,0,0,105,1281,499,3,下位,0,0,0
180,180,0,25,60,0,1,162,105,1281,499,3,下位,0,162,70
164,164,0,144,624,0,2,342,105,1281,499,3,下位,0,180,76
163,163,0,25,58,0,0,0,506,640,469,2,下位,0,0,0
198,198,0,25,60,0,1,163,506,640,469,2,下位,0,163,74
127,127,0,26,64,0,2,361,506,640,469,2,下位,0,198,76
379,379,0,26,62,0,3,488,506,640,469,2,下位,0,127,80
148,148,0,26,62,0,4,867,506,640,469,2,下位,0,379,78
137,137,0,108,444,0,5,1015,506,640,469,2,下位,0,148,78
403,403,0,145,553,0,0,0,1152,460,-543,2,下位,0,0,0
82,82,0,25,58,0,0,0,403,569,-624,3,下位,0,0,0
236,236,0,23,50,0,1,82,403,569,-624,3,下位,0,82,74
570,570,0,98,425,0,2,318,403,569,-624,3,下位,0,236,66
360,360,0,25,58,0,0,0,888,441,-1475,1,下位,0,0,0
547,547,0,171,664,0,1,360,888,441,-1475,1,下位,0,360,74
173,173,0,184,657,0,0,0,907,680,-2184,3,下位,0,0,0
153,153,0,181,750,0,0,0,173,673,-1790,4,下位,0,0,0
137,137,0,25,58,0,0,0,153,766,-1271,3,下位,0,0,0
392,392,0,25,60,0,1,137,153,766,-1271,3,下位,0,137,74
295,295,0,26,64,0,2,529,153,766,-1271,3,下位,0,392,76
285,285,0,92,332,0,3,824,153,766,-1271,3,下位,0,295,80
105,105,0,24,56,1,0,0,0,0,1,0,下位,0,0,0
169,169,0,99,408,1,1,105,0,0,1,0,下位,0,105,72
380,380,0,67,256,0,0,0,274,424,55,1,下位,0,0,0
694,694,0,24,56,0,0,0,380,272,-286,1,下位,0,0,0
998,998,0,89,368,0,1,694,380,272,-286,1,下位,0,694,72
130,130,0,24,56,0,0,0,1692,384,-2559,1,下位,0,0,0
519,519,0,119,466,0,1,130,1692,384,-2559,1,下位,0,130,72
424,424,0,26,64,0,0,0,649,482,-3052,2,下位,0,0,0
145,145,0,25,58,0,1,424,649,482,-3052,2,下位,0,424,80
61,61,0,219,907,0,2,569,649,482,-3052,2,下位,0,145,74
274,274,0,115,410,0,0,0,630,923,-2991,2,下位,0,0,0
377,377,0,167,756,0,0,0,274,426,-3007,2,下位,0,0,0
360,360,0,146,576,0,0,0,377,772,-2843,1,下位,0,0,0
91,91,0,82,328,0,0,0,360,592,-2832,3,下位,0,0,0
363,363,0,80,273,0,0,0,91,344,-2635,1,下位,0,0,0
327,327,0,332,1451,1,0,0,0,0,1,0,下位,0,0,0
420,420,0,74,285,0,0,0,327,1467,941,4,下位,0,0,0
173,173,0,84,354,0,0,0,420,301,565,1,下位,0,0,0
410,410,0,67,209,0,0,0,173,370,656,1,下位,0,0,0
191,191,0,25,58,0,0,0,410,225,220,1,下位,0,0,0
140,140,0,1276,5553,0,1,191,410,225,220,1,下位,0,191,74
360,360,0,75,251,0,0,0,331,5569,5329,19,上位,0,0,0
349,349,0,228,963,0,0,0,360,267,176,1,下位,0,0,0
212,212,0,24,56,0,0,0,349,979,592,2,下位,0,0,0
435,435,0,26,62,0,1,212,349,979,592,2,下位,0,212,72
277,277,0,24,54,0,2,647,349,979,592,2,下位,0,435,78
125,125,0,25,58,0,3,924,349,979,592,2,下位,0,277,70
189,189,0,26,62,0,4,1049,349,979,592,2,下位,0,125,74
156,156,0,26,62,0,5,1238,349,979,592,2,下位,0,189,78
140,140,0,136,618,0,6,1394,349,979,592,2,下位,0,156,78
210,210,0,112,490,0,0,0,1534,634,-800,1,下位,0,0,0
363,363,0,225,1044,0,0,0,210,506,-633,1,下位,0,0,0
304,304,0,105,364,0,0,0,363,1060,-158,2,下位,0,0,0
997,997,0,25,60,0,0,0,304,380,-268,2,下位,0,0,0
113,113,0,142,571,0,1,997,304,380,-268,2,下位,0,997,76
414,414,0,155,595,0,0,0,1110,587,-1395,2,下位,0,0,0
66,66,0,26,62,0,0,0,414,611,-1452,3,下位,0,0,0
123,123,0,115,466,0,1,66,414,611,-1452,3,下位,0,66,78
192,192,0,68,228,1,0,0,0,0,1,0,下位,0,0,0
67,67,0,26,62,0,0,0,192,244,-65,1,下位,0,0,0
30,30,0,153,585,0,1,67,192,244,-65,1,下位,0,67,78
566,566,0,25,58,0,0,0,97,601,458,3,下位,0,0,0
43,43,0,26,62,0,1,566,97,601,458,3,下位,0,566,74
172,172,0,129,535,0,2,609,97,601,458,3,下位,0,43,78
126,126,0,25,58,0,0,0,781,551,-98,2,下位,0,0,0
124,124,0,28,72,0,1,126,781,551,-98,2,下位,0,126,74
24,24,0,25,58,0,2,250,781,551,-98,2,下位,0,124,88
377,377,0,120,507,0,3,274,781,551,-98,2,下位,0,24,74
627,627,0,112,493,0,0,0,651,523,-389,2,下位,0,0,0
138,138,0,97,384,0,0,0,627,509,-891,1,下位,0,0,0
387,387,0,24,54,0,0,0,138,400,-714,1,下位,0,0,0
272,272,0,25,60,0,1,387,138,400,-714,1,下位,0,387,70
136,136,0,227,989,0,2,659,138,400,-714,1,下位,0,272,76
393,393,0,25,60,0,0,0,795,1005,-845,3,下位,0,0,0
302,302,0,249,959,0,1,393,795,1005,-845,3,下位,0,393,76
88,88,0,100,422,0,0,0,695,975,-915,5,下位,0,0,0
163,163,0,80,295,0,0,0,88,438,-619,1,下位,0,0,0
686,686,0,25,58,0,0,0,163,311,-571,1,下位,0,0,0
81,81,0,53,178,0,1,686,163,311,-571,1,下位,0,686,74
734,734,0,255,1059,0,0,0,767,194,-1541,1,下位,0,0,0
145,145,0,474,2084,0,0,0,734,1075,-1650,4,下位,0,0,0
226,226,0,24,56,0,0,0,145,2100,216,8,上位,0,0,0
108,108,0,65,238,0,1,226,145,2100,216,8,上位,0,226,72
143,143,0,68,221,0,0,0,334,254,3,1,下位,0,0,0
387,387,0,160,653,0,0,0,143,237,9,1,下位,0,0,0
34,34,0,25,60,1,0,0,0,0,1,0,下位,0,0,0
152,152,0,25,60,1,1,34,0,0,1,0,下位,0,34,76
419,419,0,119,532,1,2,186,0,0,1,0,下位,0,152,76
210,210,0,156,642,0,0,0,605,548,-275,1,下位,0,0,0
382,382,0,25,58,0,0,0,210,658,44,2,下位,0,0,0
163,163,0,24,56,0,1,382,210,658,44,2,下位,0,382,74
754,754,0,114,480,0,2,545,210,658,44,2,下位,0,163,72
291,291,0,100,401,0,0,0,1299,496,-1409,1,下位,0,0,0
217,217,0,67,257,0,0,0,291,417,-1461,1,下位,0,0,0
958,958,0,80,303,0,0,0,217,273,-1538,1,下位,0,0,0
272,272,0,26,62,0,0,0,958,319,-2764,1,下位,0,0,0
169,169,0,253,1073,0,1,272,958,319,-2764,1,下位,0,272,78
137,137,0,97,402,0,0,0,441,1089,-2309,4,下位,0,0,0
108,108,0,26,62,0,0,0,137,418,-2112,1,下位,0,0,0
66,66,0,25,60,0,1,108,137,418,-2112,1,下位,0,108,78
360,360,0,96,415,0,2,174,137,418,-2112,1,下位,0,66,76
364,364,0,26,64,0,0,0,534,431,-2389,1,下位,0,0,0
373,373,0,197,891,0,1,364,534,431,-2389,1,下位,0,364,80
57,57,0,24,56,0,0,0,737,907,-2591,1,下位,0,0,0
400,400,0,116,501,0,1,57,737,907,-2591,1,下位,0,57,72
380,380,0,166,766,0,0,0,457,517,-2739,1,下位,0,0,0
159,159,0,660,2842,1,0,0,0,0,1,0,下位,0,0,0
620,620,0,25,60,0,0,0,159,2858,2603,10,上位,0,0,0
998,998,0,92,394,0,1,620,159,2858,2603,10,上位,0,620,76
147,147,0,72,231,0,0,0,1618,410,479,1,下位,0,0,0
502,502,0,88,332,0,0,0,147,247,489,1,下位,0,0,0
288,288,0,68,232,0,0,0,502,348,27,1,下位,0,0,0
360,360,0,104,458,0,0,0,288,248,-190,1,下位,0,0,0
75,75,0,730,3432,0,0,0,360,474,-297,1,下位,0,0,0
620,620,0,153,639,0,0,0,75,3448,204,4,下位,0,0,0
65,65,0,169,576,0,0,0,620,655,-141,1,下位,0,0,0
682,682,0,65,248,0,0,0,65,592,346,4,下位,0,0,0
143,143,0,19,28,1,0,0,0,0,1,0,下位,0,0,0
143,143,0,81,290,1,1,143,0,0,1,0,下位,0,143,44
697,697,0,24,56,0,0,0,286,306,-111,1,下位,0,0,0
89,89,0,25,60,0,1,697,286,306,-111,1,下位,0,697,72
167,167,0,619,2832,0,2,786,286,306,-111,1,下位,0,89,76
260,260,0,26,62,0,0,0,953,2848,1348,8,上位,0,0,0
198,198,0,24,56,0,1,260,953,2848,1348,8,上位,0,260,78
999,999,0,25,60,0,2,458,953,2848,1348,8,上位,0,198,72
620,620,0,395,1880,0,3,1457,953,2848,1348,8,上位,0,999,76
180,180,0,452,2033,0,0,0,2077,1896,121,1,下位,0,0,0
586,586,0,24,56,0,0,0,180,2049,1880,4,下位,0,0,0
188,188,0,65,244,0,1,586,180,2049,1880,4,下位,0,586,72
128,128,0,26,64,1,0,0,0,0,1,0,下位,0,0,0
175,175,0,96,389,1,1,128,0,0,1,0,下位,0,128,80
229,229,0,100,380,0,0,0,303,405,-3,1,下位,0,0,0
998,998,0,24,54,0,0,0,229,396,24,2,下位,0,0,0
399,399,0,154,542,0,1,998,229,396,24,2,下位,0,998,70
136,136,0,87,338,0,0,0,1397,558,-1602,3,下位,0,0,0
211,211,0,26,62,0,0,0,136,354,-1467,1,下位,0,0,0
94,94,0,79,270,0,1,211,136,354,-1467,1,下位,0,211,78
281,281,0,75,309,0,0,0,305,286,-1595,1,下位,0,0,0
343,343,0,233,1008,0,0,0,281,325,-1723,1,下位,0,0,0
74,74,0,114,488,0,0,0,343,1024,-1252,2,下位,0,0,0
200,200,0,24,56,0,0,0,74,504,-867,1,下位,0,0,0
162,162,0,25,60,0,1,200,74,504,-867,1,下位,0,200,72
160,160,0,113,443,0,2,362,74,504,-867,1,下位,0,162,76
237,237,0,26,62,0,0,0,522,459,-1102,2,下位,0,0,0
560,560,0,64,237,0,1,237,522,459,-1102,2,下位,0,237,78
97,97,0,27,68,0,0,0,797,253,-2056,1,下位,0,0,0
394,394,0,101,405,0,1,97,797,253,-2056,1,下位,0,97,84
161,161,0,136,562,0,0,0,491,421,-2343,1,下位,0,0,0
139,139,0,99,346,0,0,0,161,578,-2025,2,下位,0,0,0
755,755,0,427,2006,0,0,0,139,362,-1887,2,下位,0,0,0
123,123,0,143,563,1,0,0,0,0,1,0,下位,0,0,0
161,161,0,26,62,0,0,0,123,579,382,2,下位,0,0,0
380,380,0,25,58,0,1,161,123,579,382,2,下位,0,161,78
319,319,0,164,606,0,2,541,123,579,382,2,下位,0,380,74
101,101,0,26,62,0,0,0,860,622,-232,3,下位,0,0,0
998,998,0,23,50,0,1,101,860,622,-232,3,下位,0,101,78
37,37,0,26,64,0,2,1099,860,622,-232,3,下位,0,998,66
74,74,0,109,389,0,3,1136,860,622,-232,3,下位,0,37,80
698,698,0,74,292,0,0,0,1210,405,-1555,2,下位,0,0,0
374,374,0,75,287,0,0,0,698,308,-2373,1,下位,0,0,0
34,34,0,144,567,0,0,0,374,303,-2673,1,下位,0,0,0
124,124,0,145,595,0,0,0,34,583,-2145,3,下位,0,0,0
154,154,0,563,2420,0,0,0,124,611,-1734,2,下位,0,0,0
620,620,0,25,58,0,0,0,154,2436,454,9,上位,0,0,0
116,116,0,25,60,0,1,620,154,2436,454,9,上位,0,620,74
380,380,0,239,1028,0,2,736,154,2436,454,9,上位,0,116,76
513,513,0,247,932,0,0,0,1116,1044,-152,3,下位,0,0,0
224,224,0,25,60,0,0,0,513,948,-31,6,下位,0,0,0
131,131,0,87,338,0,1,224,513,948,-31,6,下位,0,224,76
971,971,0,92,368,1,0,0,0,0,1,0,下位,0,0,0
275,275,0,26,62,0,0,0,971,384,-1181,1,下位,0,0,0
160,160,0,25,60,0,1,275,971,384,-1181,1,下位,0,275,78
771,771,0,24,54,0,2,435,971,384,-1181,1,下位,0,160,76
389,389,0,108,441,0,3,1206,971,384,-1181,1,下位,0,771,70
820,820,0,78,275,0,0,0,1595,457,-3073,1,下位,0,0,0
83,83,0,123,483,0,0,0,820,291,-4105,1,下位,0,0,0
152,152,0,287,1138,0,0,0,83,499,-3740,2,下位,0,0,0
227,227,0,125,467,0,0,0,152,1154,-2831,4,下位,0,0,0
359,359,0,25,60,0,0,0,227,483,-2714,2,下位,0,0,0
93,93,0,26,63,0,1,359,227,483,-2714,2,下位,0,359,76
423,423,0,25,60,0,2,452,227,483,-2714,2,下位,0,93,79
330,330,0,25,58,0,3,875,227,483,-2714,2,下位,0,423,76
172,172,0,193,756,0,4,1205,227,483,-2714,2,下位,0,330,74
300,300,0,58,211,0,0,0,1377,772,-3857,3,下位,0,0,0
301,301,0,268,1081,0,0,0,300,227,-4114,1,下位,0,0,0
82,82,0,94,356,1,0,0,0,0,1,0,下位,0,0,0
128,128,0,25,60,0,0,0,82,372,241,1,下位,0,0,0
69,69,0,24,56,0,1,128,82,372,241,1,下位,0,128,76
176,176,0,122,486,0,2,197,82,372,241,1,下位,0,69,72
268,268,0,137,487,0,0,0,373,502,289,1,下位,0,0,0
306,306,0,532,2240,0,0,0,268,503,360,3,下位,0,0,0
234,234,0,23,48,0,0,0,306,2256,2122,9,上位,0,0,0
234,234,0,132,447,0,1,234,306,2256,2122,9,上位,0,234,64
141,141,0,25,60,0,0,0,468,463,1894,3,下位,0,0,0
501,501,0,121,473,0,1,141,468,463,1894,3,下位,0,141,76
186,186,0,82,324,0,0,0,642,489,1423,2,下位,0,0,0
366,366,0,69,217,0,0,0,186,340,1463,1,下位,0,0,0
532,532,0,87,337,0,0,0,366,233,1106,1,下位,0,0,0
57,57,0,118,485,0,0,0,532,353,601,1,下位,0,0,0
569,569,0,560,2504,0,0,0,57,501,1010,1,下位,0,0,0
354,354,0,82,284,0,0,0,569,2520,2612,8,上位,0,0,0
284,284,0,26,62,0,0,0,354,300,2341,1,下位,0,0,0
158,158,0,127,454,0,1,284,354,300,2341,1,下位,0,284,78
83,83,0,648,2984,0,0,0,442,470,2176,2,下位,0,0,0
669,669,0,80,286,1,0,0,0,0,1,0,下位,0,0,0
386,386,0,25,58,0,0,0,669,302,-776,1,下位,0,0,0
142,142,0,106,391,0,1,386,669,302,-776,1,下位,0,386,74
120,120,0,321,1357,0,0,0,528,407,-1147,2,下位,0,0,0
156,156,0,26,62,0,0,0,120,1373,32,5,下位,0,0,0
273,273,0,115,512,0,1,156,120,1373,32,5,下位,0,156,78
373,373,0,25,58,0,0,0,429,528,-54,1,下位,0,0,0
168,168,0,24,56,0,1,373,429,528,-54,1,下位,0,373,74
195,195,0,189,773,0,2,541,429,528,-54,1,下位,0,168,72
364,364,0,115,476,0,0,0,736,789,-307,4,下位,0,0,0
70,70,0,26,64,0,0,0,364,492,-402,1,下位,0,0,0
461,461,0,59,200,0,1,70,364,492,-402,1,下位,0,70,80
98,98,0,63,222,0,0,0,531,216,-963,1,下位,0,0,0
137,137,0,175,662,0,0,0,98,238,-883,1,下位,0,0,0
425,425,0,183,808,0,0,0,137,678,-426,4,下位,0,0,0
360,360,0,155,620,0,0,0,425,824,-287,2,下位,0,0,0
70,70,0,121,421,1,0,0,0,0,1,0,下位,0,0,0
719,719,0,25,58,0,0,0,70,437,325,2,下位,0,0,0
378,378,0,961,4485,0,1,719,70,437,325,2,下位,0,719,74
620,620,0,160,621,0,0,0,1097,4501,840,7,下位,0,0,0
399,399,0,26,62,0,0,0,620,637,477,2,下位,0,0,0
221,221,0,121,478,0,1,399,620,637,477,2,下位,0,399,78
139,139,0,91,359,0,0,0,620,494,49,1,下位,0,0,0
138,138,0,249,1068,0,0,0,139,375,200,1,下位,0,0,0
363,363,0,113,497,0,0,0,138,1084,1061,5,下位,0,0,0
707,707,0,1125,5003,0,0,0,363,513,989,1,下位,0,0,0
162,162,0,144,655,1,0,0,0,0,1,0,下位,0,0,0
379,379,0,156,661,0,0,0,162,671,411,1,下位,0,0,0
750,750,0,25,58,0,0,0,379,677,477,2,下位,0,0,0
149,149,0,81,292,0,1,750,379,677,477,2,下位,0,750,74
691,691,0,143,565,0,0,0,899,308,-591,1,下位,0,0,0
138,138,0,25,60,0,0,0,691,581,-1125,2,下位,0,0,0
998,998,0,25,58,0,1,138,691,581,-1125,2,下位,0,138,76
152,152,0,24,54,0,2,1136,691,581,-1125,2,下位,0,998,74
136,136,0,119,480,0,3,1288,691,581,-1125,2,下位,0,152,70
159,159,0,77,266,0,0,0,1424,496,-2706,2,下位,0,0,0
395,395,0,181,720,0,0,0,159,282,-2680,1,下位,0,0,0
154,154,0,24,54,0,0,0,395,736,-2581,3,下位,0,0,0
342,342,0,190,732,0,1,154,395,736,-2581,3,下位,0,154,70
646,646,0,186,802,1,0,0,0,0,1,0,下位,0,0,0
145,145,0,101,349,0,0,0,646,818,-223,1,下位,0,0,0
137,137,0,25,60,0,0,0,145,365,-92,2,下位,0,0,0
688,688,0,23,50,0,1,137,145,365,-92,2,下位,0,137,76
218,218,0,26,62,0,2,825,145,365,-92,2,下位,0,688,66
377,377,0,947,4457,0,3,1043,145,365,-92,2,下位,0,218,78
144,144,0,117,522,0,0,0,1420,4473,2310,4,下位,0,0,0
144,144,0,129,488,0,0,0,144,538,367,1,下位,0,0,0
157,157,0,117,502,0,0,0,144,504,639,2,下位,0,0,0
616,616,0,25,60,0,0,0,157,518,904,1,下位,0,0,0
448,448,0,69,280,0,1,616,157,518,904,1,下位,0,616,76
376,376,0,26,62,0,0,0,1064,296,-441,1,下位,0,0,0
234,234,0,195,881,0,1,376,1064,296,-441,1,下位,0,376,78
372,372,0,193,695,0,0,0,610,897,-450,1,下位,0,0,0
367,367,0,164,692,0,0,0,372,711,-339,4,下位,0,0,0
32,32,0,133,549,0,0,0,367,708,-223,2,下位,0,0,0
358,358,0,76,273,0,0,0,32,565,290,2,下位,0,0,0
63,63,0,115,440,1,0,0,0,0,1,0,下位,0,0,0
357,357,0,26,64,0,0,0,63,456,355,2,下位,0,0,0
251,251,0,93,338,0,1,357,63,456,355,2,下位,0,357,80
163,163,0,113,446,0,0,0,608,354,-192,1,下位,0,0,0
137,137,0,24,56,0,0,0,163,462,7,2,下位,0,0,0
348,348,0,78,304,0,1,137,163,462,7,2,下位,0,137,72
159,159,0,26,62,0,0,0,485,320,-383,1,下位,0,0,0
712,712,0,71,243,0,1,159,485,320,-383,1,下位,0,159,78
218,218,0,103,351,0,0,0,871,259,-1451,1,下位,0,0,0
165,165,0,24,56,0,0,0,218,367,-1436,2,下位,0,0,0
218,218,0,80,336,0,1,165,218,367,-1436,2,下位,0,165,72
180,180,0,71,242,0,0,0,383,352,-1630,1,下位,0,0,0
357,357,0,26,62,1,0,0,0,0,1,0,下位,0,0,0
948,948,0,25,57,1,1,357,0,0,1,0,下位,0,357,78
598,598,0,171,725,1,2,1305,0,0,1,0,下位,0,948,73
977,977,0,123,496,0,0,0,1903,741,-2177,1,下位,0,0,0
68,68,0,72,276,0,0,0,977,512,-3241,2,下位,0,0,0
277,277,0,93,341,0,0,0,68,292,-3059,1,下位,0,0,0
133,133,0,72,259,0,0,0,277,357,-3149,1,下位,0,0,0
47,47,0,760,3477,0,0,0,133,275,-3089,1,下位,0,0,0
260,260,0,109,362,0,0,0,47,3493,328,9,上位,0,0,0
112,112,0,132,543,1,0,0,0,0,1,0,下位,0,0,0
151,151,0,87,314,0,0,0,112,559,379,1,下位,0,0,0
168,168,0,25,60,0,0,0,151,330,465,1,下位,0,0,0
396,396,0,206,967,0,1,168,151,330,465,1,下位,0,168,76
180,180,0,23,47,1,0,0,0,0,1,0,下位,0,0,0
150,150,0,26,64,1,1,180,0,0,1,0,下位,0,180,63
163,163,0,25,60,1,2,330,0,0,1,0,下位,0,150,80
358,358,0,76,276,1,3,493,0,0,1,0,下位,0,163,76
200,200,0,74,267,0,0,0,851,292,-860,1,下位,0,0,0
138,138,0,25,58,0,0,0,200,283,-900,1,下位,0,0,0
216,216,0,77,268,0,1,138,200,283,-900,1,下位,0,138,74
703,703,0,118,446,0,0,0,354,284,-1113,1,下位,0,0,0
162,162,0,88,360,0,0,0,703,462,-1785,2,下位,0,0,0
865,865,0,111,460,0,0,0,162,376,-1670,1,下位,0,0,0
34,34,0,106,426,0,0,0,865,476,-2589,1,下位,0,0,0
98,98,0,103,453,0,0,0,34,442,-2202,2,下位,0,0,0
101,101,0,143,538,0,0,0,98,469,-1891,1,下位,0,0,0
168,168,0,585,2474,0,0,0,101,554,-1500,2,下位,0,0,0
383,383,0,65,232,0,0,0,168,2490,719,10,上位,0,0,0
348,348,0,25,60,0,0,0,383,248,349,1,下位,0,0,0
367,367,0,25,60,0,1,348,383,248,349,1,下位,0,348,76
404,404,0,90,326,0,2,715,383,248,349,1,下位,0,367,76
158,158,0,24,56,0,0,0,1119,342,-962,1,下位,0,0,0
98,98,0,24,52,0,1,158,1119,342,-962,1,下位,0,158,72
691,691,0,90,382,0,2,256,1119,342,-962,1,下位,0,98,68
182,182,0,70,266,0,0,0,947,398,-1952,1,下位,0,0,0
52,52,0,114,479,1,0,0,0,0,1,0,下位,0,0,0
696,696,0,115,473,0,0,0,52,495,412,1,下位,0,0,0
155,155,0,102,391,0,0,0,696,489,-222,2,下位,0,0,0
986,986,0,26,64,0,0,0,155,407,-65,1,下位,0,0,0
86,86,0,25,60,0,1,986,155,407,-65,1,下位,0,986,80
258,258,0,26,64,0,2,1072,155,407,-65,1,下位,0,86,76
228,228,0,25,58,0,3,1330,155,407,-65,1,下位,0,258,80
371,371,0,134,503,0,4,1558,155,407,-65,1,下位,0,228,74
694,694,0,25,58,0,0,0,1929,519,-2347,2,下位,0,0,0
46,46,0,116,407,0,1,694,1929,519,-2347,2,下位,0,694,74
357,357,0,26,62,0,0,0,740,423,-3043,2,下位,0,0,0
662,662,0,78,264,0,1,357,740,423,-3043,2,下位,0,357,78
46,46,0,115,495,1,0,0,0,0,1,0,下位,0,0,0
115,115,0,25,60,0,0,0,46,511,438,2,下位,0,0,0
62,62,0,22,43,0,1,115,46,511,438,2,下位,0,115,76
154,154,0,24,56,0,2,177,46,511,438,2,下位,0,62,59
521,521,0,26,62,0,3,331,46,511,438,2,下位,0,154,72
356,356,0,25,60,0,4,852,46,511,438,2,下位,0,521,78
162,162,0,174,764,0,5,1208,46,511,438,2,下位,0,356,76
361,361,0,23,48,0,0,0,1370,780,-631,2,下位,0,0,0
793,793,0,246,968,0,1,361,1370,780,-631,2,下位,0,361,64
145,145,0,80,280,0,0,0,1154,984,-1444,5,下位,0,0,0
138,138,0,25,60,0,0,0,145,296,-1382,1,下位,0,0,0
679,679,0,73,282,0,1,138,145,296,-1382,1,下位,0,138,76
115,115,0,121,487,0,0,0,817,298,-2326,1,下位,0,0,0
150,150,0,65,242,0,0,0,115,503,-2008,2,下位,0,0,0
998,998,0,77,279,0,0,0,150,258,-1992,1,下位,0,0,0
48,48,0,23,47,1,0,0,0,0,1,0,下位,0,0,0
386,386,0,25,60,1,1,48,0,0,1,0,下位,0,48,63
628,628,0,164,723,1,2,434,0,0,1,0,下位,0,386,76
587,587,0,94,343,0,0,0,1062,739,-835,2,下位,0,0,0
144,144,0,82,308,0,0,0,587,359,-1423,1,下位,0,0,0
388,388,0,79,300,0,0,0,144,324,-1331,1,下位,0,0,0
127,127,0,165,586,0,0,0,388,316,-1641,1,下位,0,0,0
144,144,0,24,56,0,0,0,127,602,-1244,4,下位,0,0,0
162,162,0,103,390,0,1,144,127,602,-1244,4,下位,0,144,72
262,262,0,85,320,0,0,0,306,406,-1259,1,下位,0,0,0
140,140,0,25,58,0,0,0,262,336,-1346,1,下位,0,0,0
368,368,0,79,275,0,1,140,262,336,-1346,1,下位,0,140,74
317,317,0,120,521,1,0,0,0,0,1,0,下位,0,0,0
201,201,0,131,473,0,0,0,317,537,27,1,下位,0,0,0
153,153,0,25,60,0,0,0,201,489,192,3,下位,0,0,0
207,207,0,26,64,0,1,153,201,489,192,3,下位,0,153,76
439,439,0,25,60,0,2,360,201,489,192,3,下位,0,207,80
269,269,0,99,378,0,3,799,201,489,192,3,下位,0,439,76
139,139,0,117,424,0,0,0,1068,394,-905,1,下位,0,0,0
78,78,0,166,657,0,0,0,139,440,-689,2,下位,0,0,0
160,160,0,24,54,0,0,0,78,673,-142,2,下位,0,0,0
136,136,0,25,58,0,1,160,78,673,-142,2,下位,0,160,70
507,507,0,113,382,0,2,296,78,673,-142,2,下位,0,136,74
191,191,0,166,640,0,0,0,803,398,-895,2,下位,0,0,0
136,136,0,83,300,0,0,0,191,656,-547,3,下位,0,0,0
87,87,0,199,899,0,0,0,136,316,-450,1,下位,0,0,0
230,230,0,133,469,0,0,0,87,915,325,1,下位,0,0,0
215,215,0,131,519,0,0,0,230,485,439,3,下位,0,0,0
159,159,0,87,317,0,0,0,215,535,627,3,下位,0,0,0
206,206,0,69,218,0,0,0,159,333,704,1,下位,0,0,0
216,216,0,24,56,0,0,0,206,234,606,1,下位,0,0,0
281,281,0,186,764,0,1,216,206,234,606,1,下位,0,216,72
293,293,0,76,312,0,0,0,497,780,656,3,下位,0,0,0
216,216,0,26,62,0,0,0,293,328,511,1,下位,0,0,0
158,158,0,108,472,0,1,216,293,328,511,1,下位,0,216,78
394,394,0,25,58,0,0,0,374,488,473,1,下位,0,0,0
359,359,0,210,795,0,1,394,374,488,473,1,下位,0,394,74
361,361,0,84,296,1,0,0,0,0,1,0,下位,0,0,0
196,196,0,25,58,0,0,0,361,312,-269,1,下位,0,0,0
686,686,0,26,62,0,1,196,361,312,-269,1,下位,0,196,74
643,643,0,170,682,0,2,882,361,312,-269,1,下位,0,686,78
141,141,0,128,540,0,0,0,1525,698,-1879,3,下位,0,0,0
157,157,0,23,49,0,0,0,141,556,-1550,2,下位,0,0,0
681,681,0,762,3409,0,1,157,141,556,-1550,2,下位,0,157,65
620,620,0,26,62,0,0,0,838,3425,589,8,上位,0,0,0
390,390,0,158,711,0,1,620,838,3425,589,8,上位,0,620,78
127,127,0,52,173,1,0,0,0,0,1,0,下位,0,0,0
56,56,0,24,52,0,0,0,127,189,-15,1,下位,0,0,0
81,81,0,25,60,0,1,56,127,189,-15,1,下位,0,56,68
353,353,0,83,349,0,2,137,127,189,-15,1,下位,0,81,76
991,991,0,225,977,0,0,0,490,365,-296,1,下位,0,0,0
332,332,0,86,366,0,0,0,991,993,-901,2,下位,0,0,0
305,305,0,127,447,0,0,0,332,382,-1054,1,下位,0,0,0
374,374,0,26,62,0,0,0,305,463,-1083,3,下位,0,0,0
253,253,0,67,257,0,1,374,305,463,-1083,3,下位,0,374,78
375,375,0,141,583,0,0,0,627,273,-1743,1,下位,0,0,0
98,98,0,25,58,0,0,0,375,599,-1749,2,下位,0,0,0
310,310,0,75,257,0,1,98,375,599,-1749,2,下位,0,98,74
183,183,0,89,320,1,0,0,0,0,1,0,下位,0,0,0
101,101,0,133,595,0,0,0,183,336,42,1,下位,0,0,0
313,313,0,575,2365,0,0,0,101,611,490,1,下位,0,0,0
370,370,0,26,64,0,0,0,313,2381,2366,9,上位,0,0,0
315,315,0,25,60,0,1,370,313,2381,2366,9,上位,0,370,80
239,239,0,181,816,0,2,685,313,2381,2366,9,上位,0,315,76
620,620,0,118,464,0,0,0,924,832,1864,2,下位,0,0,0
111,111,0,720,2922,0,0,0,620,480,1344,1,下位,0,0,0
376,376,0,64,221,0,0,0,111,2938,4103,14,上位,0,0,0
59,59,0,103,404,0,0,0,376,237,159,1,下位,0,0,0
106,106,0,82,344,0,0,0,59,420,484,1,下位,0,0,0
529,529,0,217,880,0,0,0,106,360,673,1,下位,0,0,0
160,160,0,26,62,0,0,0,529,896,716,4,下位,0,0,0
204,204,0,118,438,0,1,160,529,896,716,4,下位,0,160,78
256,256,0,119,466,0,0,0,364,454,661,2,下位,0,0,0
697,697,0,221,971,0,0,0,256,482,730,2,下位,0,0,0
102,102,0,218,998,1,0,0,0,0,1,0,下位,0,0,0
119,119,0,23,50,0,0,0,102,1014,850,1,下位,0,0,0
168,168,0,26,62,0,1,119,102,1014,850,1,下位,0,119,66
690,690,0,105,460,0,2,287,102,1014,850,1,下位,0,168,78
331,331,0,22,43,1,0,0,0,0,1,0,下位,0,0,0
157,157,0,26,62,1,1,331,0,0,1,0,下位,0,331,59
380,380,0,169,690,1,2,488,0,0,1,0,下位,0,157,78
154,154,0,84,331,0,0,0,868,706,-556,3,下位,0,0,0
156,156,0,25,60,0,0,0,154,347,-457,1,下位,0,0,0
132,132,0,80,310,0,1,156,154,347,-457,1,下位,0,156,76
158,158,0,26,62,0,0,0,288,326,-520,1,下位,0,0,0
195,195,0,67,244,0,1,158,288,326,-520,1,下位,0,158,78
114,114,0,107,426,0,0,0,353,260,-752,1,下位,0,0,0
163,163,0,76,273,0,0,0,114,442,-494,2,下位,0,0,0
147,147,0,178,685,0,0,0,163,289,-468,1,下位,0,0,0
339,339,0,80,312,0,0,0,147,701,-4,4,下位,0,0,0
348,348,0,23,49,0,0,0,339,328,-223,1,下位,0,0,0
494,494,0,26,62,0,1,348,339,328,-223,1,下位,0,348,65
36,36,0,204,931,0,2,842,339,328,-223,1,下位,0,494,78
163,163,0,713,3040,0,0,0,878,947,-549,2,下位,0,0,0
621,621,0,130,510,0,0,0,163,3056,2244,11,上位,0,0,0
169,169,0,25,60,0,0,0,621,526,1768,2,下位,0,0,0
152,152,0,25,60,0,1,169,621,526,1768,2,下位,0,169,76
35,35,0,82,344,0,2,321,621,526,1768,2,下位,0,152,76
543,543,0,25,60,0,0,0,356,360,1706,1,下位,0,0,0
381,381,0,28,72,0,1,543,356,360,1706,1,下位,0,543,76
134,134,0,378,1700,0,2,924,356,360,1706,1,下位,0,381,88
286,286,0,24,56,0,0,0,1058,1716,1879,4,下位,0,0,0
341,341,0,268,1219,0,1,286,1058,1716,1879,4,下位,0,286,72
700,700,0,115,402,0,0,0,627,1235,2175,1,下位,0,0,0
136,136,0,71,254,0,0,0,700,418,1464,2,下位,0,0,0
286,286,0,73,277,1,0,0,0,0,1,0,下位,0,0,0
365,365,0,25,60,0,0,0,286,293,-167,1,下位,0,0,0
347,347,0,25,58,0,1,365,286,293,-167,1,下位,0,365,76
345,345,0,108,475,0,2,712,286,293,-167,1,下位,0,347,74
156,156,0,24,52,0,0,0,1057,491,-1231,1,下位,0,0,0
108,108,0,26,64,0,1,156,1057,491,-1231,1,下位,0,156,68
152,152,0,175,755,0,2,264,1057,491,-1231,1,下位,0,108,80
149,149,0,25,60,0,0,0,416,771,-983,3,下位,0,0,0
584,584,0,94,324,0,1,149,416,771,-983,3,下位,0,149,76
373,373,0,97,403,0,0,0,733,340,-1749,2,下位,0,0,0
999,999,0,194,857,0,0,0,373,419,-1932,1,下位,0,0,0
504,504,0,25,60,0,0,0,999,873,-2670,2,下位,0,0,0
172,172,0,24,54,0,1,504,999,873,-2670,2,下位,0,504,76
616,616,0,26,64,0,2,676,999,873,-2670,2,下位,0,172,70
143,143,0,24,52,0,3,1292,999,873,-2670,2,下位,0,616,80
256,256,0,77,287,0,4,1435,999,873,-2670,2,下位,0,143,68
1003,1003,0,632,2992,0,0,0,1691,303,-4802,1,下位,0,0,0
128,128,0,93,350,0,0,0,1003,3008,-3412,4,下位,0,0,0
184,184,0,150,599,0,0,0,128,366,-3252,1,下位,0,0,0
74,74,0,85,346,0,0,0,184,615,-2934,2,下位,0,0,0
424,424,0,72,242,1,0,0,0,0,1,0,下位,0,0,0
316,316,0,71,251,0,0,0,424,258,-425,1,下位,0,0,0
149,149,0,103,394,0,0,0,316,267,-668,1,下位,0,0,0
159,159,0,176,726,0,0,0,149,410,-498,1,下位,0,0,0
102,102,0,110,446,0,0,0,159,742,-12,3,下位,0,0,0
34,34,0,99,367,0,0,0,102,462,285,2,下位,0,0,0
998,998,0,25,58,0,0,0,34,383,613,2,下位,0,0,0
105,105,0,88,335,0,1,998,34,383,613,2,下位,0,998,74
695,695,0,24,56,0,0,0,1103,351,-741,1,下位,0,0,0
60,60,0,138,558,0,1,695,1103,351,-741,1,下位,0,695,72
167,167,0,79,280,0,0,0,755,574,-1313,3,下位,0,0,0
53,53,0,26,62,0,0,0,167,296,-1286,1,下位,0,0,0
330,330,0,24,56,0,1,53,167,296,-1286,1,下位,0,53,78
163,163,0,2252,10809,0,2,383,167,296,-1286,1,下位,0,330,72
620,620,0,60,215,0,0,0,546,10825,5970,15,上位,0,0,0
386,386,0,25,58,0,0,0,620,231,138,1,下位,0,0,0
176,176,0,25,60,0,1,386,620,231,138,1,下位,0,386,74
145,145,0,25,60,0,2,562,620,231,138,1,下位,0,176,76
310,310,0,27,70,0,3,707,620,231,138,1,下位,0,145,76
138,138,0,141,592,0,4,1017,620,231,138,1,下位,0,310,86
624,624,0,26,62,0,0,0,1155,608,-806,2,下位,0,0,0
163,163,0,26,62,0,1,624,1155,608,-806,2,下位,0,624,78
136,136,0,104,421,0,2,787,1155,608,-806,2,下位,0,163,78
161,161,0,26,62,0,0,0,923,437,-1702,1,下位,0,0,0
171,171,0,25,60,0,1,161,923,437,-1702,1,下位,0,161,78
383,383,0,71,287,0,2,332,923,437,-1702,1,下位,0,171,76
45,45,0,74,249,0,0,0,715,303,-2399,1,下位,0,0,0
104,104,0,72,255,1,0,0,0,0,1,0,下位,0,0,0
153,153,0,112,453,0,0,0,104,271,104,1,下位,0,0,0
367,367,0,198,780,0,0,0,153,469,326,2,下位,0,0,0
167,167,0,25,58,0,0,0,367,796,530,3,下位,0,0,0
691,691,0,63,222,0,1,167,367,796,530,3,下位,0,167,74
399,399,0,26,64,0,0,0,858,238,-542,1,下位,0,0,0
263,263,0,28,72,0,1,399,858,238,-542,1,下位,0,399,80
269,269,0,406,1878,0,2,662,858,238,-542,1,下位,0,263,88
620,620,0,22,43,0,0,0,931,1894,18,6,下位,0,0,0
552,552,0,22,43,0,1,620,931,1894,18,6,下位,0,620,59
788,788,0,26,62,0,2,1172,931,1894,18,6,下位,0,552,59
292,292,0,113,472,0,3,1960,931,1894,18,6,下位,0,788,78
30,30,0,25,60,0,0,0,2252,488,-2930,1,下位,0,0,0
297,297,0,24,54,0,1,30,2252,488,-2930,1,下位,0,30,76
37,37,0,194,810,0,2,327,2252,488,-2930,1,下位,0,297,70
150,150,0,79,283,1,0,0,0,0,1,0,下位,0,0,0
184,184,0,26,62,0,0,0,150,299,58,1,下位,0,0,0
143,143,0,69,222,0,1,184,150,299,58,1,下位,0,184,78
222,222,0,125,524,0,0,0,327,238,-154,1,下位,0,0,0
136,136,0,283,1158,0,0,0,222,540,28,2,下位,0,0,0
380,380,0,28,72,0,0,0,136,1174,983,5,下位,0,0,0
998,998,0,119,480,0,1,380,136,1174,983,5,下位,0,380,88
114,114,0,84,294,0,0,0,1378,496,-656,1,下位,0,0,0
55,55,0,26,63,0,0,0,114,310,-530,1,下位,0,0,0
380,380,0,25,60,0,1,55,114,310,-530,1,下位,0,55,79
79,79,0,115,509,0,2,435,114,310,-530,1,下位,0,380,76
383,383,0,137,532,0,0,0,514,525,-679,1,下位,0,0,0
823,823,0,26,62,0,0,0,383,548,-749,3,下位,0,0,0
215,215,0,161,670,0,1,823,383,548,-749,3,下位,0,823,78
372,372,0,25,58,0,0,0,1038,686,-1660,3,下位,0,0,0
360,360,0,220,929,0,1,372,1038,686,-1660,3,下位,0,372,74
437,437,0,322,1487,0,0,0,732,945,-1822,5,下位,0,0,0
337,337,0,26,62,0,0,0,437,1503,-1024,2,下位,0,0,0
38,38,0,26,62,0,1,337,437,1503,-1024,2,下位,0,337,78
108,108,0,25,60,0,2,375,437,1503,-1024,2,下位,0,38,78
200,200,0,24,56,0,3,483,437,1503,-1024,2,下位,0,108,76
998,998,0,86,360,0,4,683,437,1503,-1024,2,下位,0,200,72
135,135,0,112,384,0,0,0,1681,376,-3056,1,下位,0,0,0
155,155,0,349,1533,0,0,0,135,400,-2874,2,下位,0,0,0
148,148,0,26,62,1,0,0,0,0,1,0,下位,0,0,0
359,359,0,111,464,1,1,148,0,0,1,0,下位,0,148,78
166,166,0,73,240,0,0,0,507,480,-259,1,下位,0,0,0
148,148,0,26,62,0,0,0,166,256,-271,1,下位,0,0,0
377,377,0,155,598,0,1,148,166,256,-271,1,下位,0,148,78
444,444,0,79,268,0,0,0,525,614,-426,2,下位,0,0,0
170,170,0,1084,5123,0,0,0,444,284,-858,1,下位,0,0,0
298,298,0,26,62,0,0,0,170,5139,1588,8,上位,0,0,0
387,387,0,26,62,0,1,298,170,5139,1588,8,上位,0,298,78
244,244,0,25,60,0,2,685,170,5139,1588,8,上位,0,387,78
966,966,0,1226,5925,0,3,929,170,5139,1588,8,上位,0,244,76
286,286,0,77,276,1,0,0,0,0,1,0,下位,0,0,0
174,174,0,20,33,0,0,0,286,292,-168,1,下位,0,0,0
402,402,0,115,464,0,1,174,286,292,-168,1,下位,0,174,49
376,376,0,24,56,0,0,0,576,480,-568,2,下位,0,0,0
363,363,0,21,39,0,1,376,576,480,-568,2,下位,0,376,72
125,125,0,1014,4557,0,2,739,576,480,-568,2,下位,0,363,55
164,164,0,25,58,0,0,0,864,4573,2737,11,上位,0,0,0
682,682,0,119,468,0,1,164,864,4573,2737,11,上位,0,164,74
732,732,0,113,411,0,0,0,846,484,1930,2,下位,0,0,0
317,317,0,125,488,0,0,0,732,427,1176,2,下位,0,0,0
358,358,0,25,60,0,0,0,317,504,1169,2,下位,0,0,0
109,109,0,71,264,0,1,358,317,504,1169,2,下位,0,358,76
409,409,0,1769,8271,0,0,0,467,280,771,1,下位,0,0,0
158,158,0,155,649,1,0,0,0,0,1,0,下位,0,0,0
510,510,0,110,428,0,0,0,158,665,411,2,下位,0,0,0
183,183,0,213,887,0,0,0,510,444,32,1,下位,0,0,0
229,229,0,24,56,0,0,0,183,903,640,3,下位,0,0,0
167,167,0,97,366,0,1,229,183,903,640,3,下位,0,229,72
549,549,0,24,56,0,0,0,396,382,456,2,下位,0,0,0
162,162,0,257,1074,0,1,549,396,382,456,2,下位,0,549,72
417,417,0,111,468,0,0,0,711,1090,471,4,下位,0,0,0
156,156,0,24,56,0,0,0,417,484,282,2,下位,0,0,0
157,157,0,25,60,0,1,156,417,484,282,2,下位,0,156,72
363,363,0,69,262,0,2,313,417,484,282,2,下位,0,157,76
136,136,0,70,272,0,0,0,676,278,-382,1,下位,0,0,0
305,305,0,105,424,0,0,0,136,288,-313,1,下位,0,0,0
489,489,0,95,396,0,0,0,305,440,-365,1,下位,0,0,0
80,80,0,25,58,0,0,0,489,412,-742,1,下位,0,0,0
433,433,0,26,62,0,1,80,489,412,-742,1,下位,0,80,74
67,67,0,421,1853,0,2,513,489,412,-742,1,下位,0,433,78
679,679,0,26,62,1,0,0,0,0,1,0,下位,0,0,0
376,376,0,121,435,1,1,679,0,0,1,0,下位,0,679,78
375,375,0,25,58,0,0,0,1055,451,-1171,2,下位,0,0,0
174,174,0,929,4213,0,1,375,1055,451,-1171,2,下位,0,375,74
438,438,0,130,539,0,0,0,549,4229,2246,10,上位,0,0,0
163,163,0,451,2002,0,0,0,438,555,2095,2,下位,0,0,0
129,129,0,105,388,0,0,0,163,2018,1550,6,下位,0,0,0
178,178,0,26,62,0,0,0,129,404,1746,2,下位,0,0,0
435,435,0,25,58,0,1,178,129,404,1746,2,下位,0,178,78
173,173,0,227,905,0,2,613,129,404,1746,2,下位,0,435,74
83,83,0,22,45,0,0,0,786,921,1551,3,下位,0,0,0
334,334,0,149,658,0,1,83,786,921,1551,3,下位,0,83,61
110,110,0,70,238,0,0,0,417,674,1613,1,下位,0,0,0
357,357,0,23,48,0,0,0,110,254,1690,1,下位,0,0,0
147,147,0,122,428,0,1,357,110,254,1690,1,下位,0,357,64
302,302,0,26,62,0,0,0,504,444,1385,2,下位,0,0,0
683,683,0,25,60,0,1,302,504,444,1385,2,下位,0,302,78
944,944,0,292,1367,0,2,985,504,444,1385,2,下位,0,683,76
432,432,0,516,2255,0,0,0,1929,1383,-190,2,下位,0,0,0
968,968,0,25,58,1,0,0,0,0,1,0,下位,0,0,0
334,334,0,25,58,1,1,968,0,0,1,0,下位,0,968,74
161,161,0,101,420,1,2,1302,0,0,1,0,下位,0,334,74
272,272,0,125,546,0,0,0,1463,436,-1775,1,下位,0,0,0
127,127,0,24,54,0,0,0,272,562,-1652,1,下位,0,0,0
119,119,0,26,64,0,1,127,272,562,-1652,1,下位,0,127,70
137,137,0,92,392,0,2,246,272,562,-1652,1,下位,0,119,80
36,36,0,63,226,0,0,0,383,408,-1712,1,下位,0,0,0
262,262,0,26,64,0,0,0,36,242,-1528,1,下位,0,0,0
367,367,0,24,54,0,1,262,36,242,-1528,1,下位,0,262,80
149,149,0,26,64,0,2,629,36,242,-1528,1,下位,0,367,70
452,452,0,25,60,0,3,778,36,242,-1528,1,下位,0,149,80
166,166,0,26,62,0,4,1230,36,242,-1528,1,下位,0,452,76
91,91,0,96,414,0,5,1396,36,242,-1528,1,下位,0,166,78
191,191,0,26,62,0,0,0,1487,430,-3113,1,下位,0,0,0
256,256,0,110,440,0,1,191,1487,430,-3113,1,下位,0,191,78
679,679,0,20,32,0,0,0,447,456,-3300,2,下位,0,0,0
158,158,0,24,56,0,1,679,447,456,-3300,2,下位,0,679,48
718,718,0,21,39,0,2,837,447,456,-3300,2,下位,0,158,72
137,137,0,229,1013,0,3,1555,447,456,-3300,2,下位,0,718,55
349,349,0,26,64,1,0,0,0,0,1,0,下位,0,0,0
377,377,0,160,618,1,1,349,0,0,1,0,下位,0,349,80
998,998,0,26,62,0,0,0,726,634,-456,4,下位,0,0,0
128,128,0,25,60,0,1,998,726,634,-456,4,下位,0,998,78
140,140,0,251,1141,0,2,1126,726,634,-456,4,下位,0,128,76
102,102,0,24,56,0,0,0,1266,1157,-1188,2,下位,0,0,0
692,692,0,25,60,0,1,102,1266,1157,-1188,2,下位,0,102,72
208,208,0,820,3907,0,2,794,1266,1157,-1188,2,下位,0,692,76
373,373,0,24,56,0,0,0,1002,3923,1267,6,下位,0,0,0
250,250,0,137,606,0,1,373,1002,3923,1267,6,下位,0,373,72
48,48,0,141,529,0,0,0,623,622,956,1,下位,0,0,0
101,101,0,70,262,0,0,0,48,545,1424,2,下位,0,0,0
169,169,0,72,255,0,0,0,101,278,1539,1,下位,0,0,0
152,152,0,26,62,0,0,0,169,271,1537,1,下位,0,0,0
158,158,0,114,430,0,1,152,169,271,1537,1,下位,0,152,78
127,127,0,99,414,0,0,0,310,446,1561,2,下位,0,0,0
118,118,0,602,2697,1,0,0,0,0,1,0,下位,0,0,0
620,620,0,98,407,0,0,0,118,2713,117,6,下位,0,0,0
370,370,0,25,58,0,0,0,620,423,-460,1,下位,0,0,0
1000,1000,0,25,60,0,1,370,620,423,-460,1,下位,0,370,74
365,365,0,74,265,0,2,1370,620,423,-460,1,下位,0,1000,76
293,293,0,106,461,0,0,0,1735,281,-2828,1,下位,0,0,0
384,384,0,25,58,0,0,0,293,477,-2824,1,下位,0,0,0
363,363,0,301,1251,0,1,384,293,477,-2824,1,下位,0,384,74
331,331,0,75,290,1,0,0,0,0,1,0,下位,0,0,0
220,220,0,419,1845,0,0,0,331,306,-227,1,下位,0,0,0
367,367,0,106,391,0,0,0,220,1861,1279,6,下位,0,0,0
155,155,0,136,474,0,0,0,367,407,1094,2,下位,0,0,0
911,911,0,111,456,0,0,0,155,490,1334,3,下位,0,0,0
227,227,0,105,420,0,0,0,911,472,337,2,下位,0,0,0
166,166,0,26,62,0,0,0,227,436,407,2,下位,0,0,0
141,141,0,78,278,0,1,166,227,436,407,2,下位,0,166,78
363,363,0,64,208,0,0,0,307,294,284,1,下位,0,0,0
169,169,0,25,58,0,0,0,363,224,-77,1,下位,0,0,0
579,579,0,113,438,0,1,169,363,224,-77,1,下位,0,169,74
152,152,0,182,660,0,0,0,748,454,-756,2,下位,0,0,0
350,350,0,115,435,0,0,0,152,676,-325,4,下位,0,0,0
264,264,0,624,2603,0,0,0,350,451,-439,2,下位,0,0,0
358,358,0,83,300,1,0,0,0,0,1,0,下位,0,0,0
31,31,0,25,60,0,0,0,358,316,-260,1,下位,0,0,0
349,349,0,121,483,0,1,31,358,316,-260,1,下位,0,31,76
696,696,0,26,64,0,0,0,380,499,-298,2,下位,0,0,0
821,821,0,24,54,0,1,696,380,499,-298,2,下位,0,696,80
193,193,0,787,3722,0,2,1517,380,499,-298,2,下位,0,821,70
270,270,0,24,56,0,0,0,1710,3738,832,5,下位,0,0,0
123,123,0,120,498,0,1,270,1710,3738,832,5,下位,0,270,72
183,183,0,163,651,0,0,0,393,514,784,1,下位,0,0,0
712,712,0,185,676,0,0,0,183,667,1156,3,下位,0,0,0
544,544,0,25,58,0,0,0,712,692,700,4,下位,0,0,0
197,197,0,81,307,0,1,544,712,692,700,4,下位,0,544,74
676,676,0,82,332,1,0,0,0,0,1,0,下位,0,0,0
998,998,0,78,269,0,0,0,676,348,-741,1,下位,0,0,0
578,578,0,154,657,0,0,0,998,285,-2066,1,下位,0,0,0
173,173,0,66,205,0,0,0,578,673,-2325,3,下位,0,0,0
50,50,0,206,794,0,0,0,173,221,-2383,1,下位,0,0,0
143,143,0,22,45,0,0,0,50,810,-1654,4,下位,0,0,0
59,59,0,26,62,0,1,143,50,810,-1654,4,下位,0,143,61
85,85,0,25,58,0,2,202,50,810,-1654,4,下位,0,59,78
133,133,0,25,60,0,3,287,50,810,-1654,4,下位,0,85,74
188,188,0,129,527,0,4,420,50,810,-1654,4,下位,0,133,76
480,480,0,27,70,0,0,0,608,543,-1803,2,下位,0,0,0
255,255,0,117,470,0,1,480,608,543,-1803,2,下位,0,480,86
42,42,0,23,49,1,0,0,0,0,1,0,下位,0,0,0
155,155,0,24,52,1,1,42,0,0,1,0,下位,0,42,65
721,721,0,22,43,1,2,197,0,0,1,0,下位,0,155,68
305,305,0,144,543,1,3,918,0,0,1,0,下位,0,721,59
142,142,0,153,634,0,0,0,1223,559,-1221,2,下位,0,0,0
376,376,0,78,301,0,0,0,142,650,-800,2,下位,0,0,0
169,169,0,24,54,0,0,0,376,317,-1089,1,下位,0,0,0
293,293,0,125,465,0,1,169,376,317,-1089,1,下位,0,169,70
283,283,0,147,595,0,0,0,462,481,-1284,2,下位,0,0,0
350,350,0,122,485,0,0,0,283,611,-1129,2,下位,0,0,0
362,362,0,24,54,0,0,0,350,501,-1193,2,下位,0,0,0
693,693,0,72,249,0,1,362,350,501,-1193,2,下位,0,362,70
424,424,0,24,54,0,0,0,1055,265,-2560,1,下位,0,0,0
312,312,0,82,283,0,1,424,1055,265,-2560,1,下位,0,424,70
636,636,0,23,48,0,0,0,736,299,-3378,1,下位,0,0,0
272,272,0,24,54,0,1,636,736,299,-3378,1,下位,0,636,64
72,72,0,24,54,0,2,908,736,299,-3378,1,下位,0,272,70
505,505,0,121,420,0,3,980,736,299,-3378,1,下位,0,72,70
492,492,0,136,585,0,0,0,1485,436,-5134,2,下位,0,0,0
133,133,0,24,54,1,0,0,0,0,1,0,下位,0,0,0
273,273,0,71,233,1,1,133,0,0,1,0,下位,0,133,70
134,134,0,76,259,0,0,0,406,249,-335,1,下位,0,0,0
382,382,0,24,56,0,0,0,134,275,-276,1,下位,0,0,0
418,418,0,26,64,0,1,382,134,275,-276,1,下位,0,382,72
165,165,0,175,708,0,2,800,134,275,-276,1,下位,0,418,80
47,47,0,24,52,0,0,0,965,724,-956,2,下位,0,0,0
474,474,0,230,962,0,1,47,965,724,-956,2,下位,0,47,68
450,450,0,24,53,0,0,0,521,978,-751,4,下位,0,0,0
162,162,0,25,58,0,1,450,521,978,-751,4,下位,0,450,69
135,135,0,154,677,0,2,612,521,978,-751,4,下位,0,162,74
395,395,0,92,330,0,0,0,747,693,-1120,2,下位,0,0,0
56,56,0,68,215,0,0,0,395,346,-1411,1,下位,0,0,0
213,213,0,91,371,0,0,0,56,231,-1270,1,下位,0,0,0
392,392,0,82,304,0,0,0,213,387,-1227,1,下位,0,0,0
382,382,0,26,62,0,0,0,392,320,-1539,1,下位,0,0,0
588,588,0,100,333,0,1,382,392,320,-1539,1,下位,0,382,78
56,56,0,25,60,0,0,0,970,349,-2676,2,下位,0,0,0
156,156,0,94,356,0,1,56,970,349,-2676,2,下位,0,56,76
213,213,0,25,58,0,0,0,212,372,-2570,1,下位,0,0,0
520,520,0,152,624,0,1,213,212,372,-2570,1,下位,0,213,74
321,321,0,68,253,1,0,0,0,0,1,0,下位,0,0,0
151,151,0,25,60,0,0,0,321,269,-248,1,下位,0,0,0
362,362,0,60,215,0,1,151,321,269,-248,1,下位,0,151,76
129,129,0,210,945,0,0,0,513,231,-769,1,下位,0,0,0
243,243,0,25,58,0,0,0,129,961,-16,1,下位,0,0,0
360,360,0,26,64,0,1,243,129,961,-16,1,下位,0,243,74
346,346,0,113,399,0,2,603,129,961,-16,1,下位,0,360,80
365,365,0,26,62,0,0,0,949,415,-978,2,下位,0,0,0
260,260,0,146,493,0,1,365,949,415,-978,2,下位,0,365,78
350,350,0,1200,5783,0,0,0,625,509,-1399,3,下位,0,0,0
169,169,0,25,58,0,0,0,350,5799,3835,6,下位,0,0,0
207,207,0,115,469,0,1,169,350,5799,3835,6,下位,0,169,74
189,189,0,25,58,0,0,0,376,485,394,2,下位,0,0,0
654,654,0,78,273,0,1,189,376,485,394,2,下位,0,189,74
565,565,0,25,58,1,0,0,0,0,1,0,下位,0,0,0
824,824,0,116,418,1,1,565,0,0,1,0,下位,0,565,74
362,362,0,22,46,0,0,0,1389,434,-1731,2,下位,0,0,0
421,421,0,178,724,0,1,362,1389,434,-1731,2,下位,0,362,62
87,87,0,24,52,0,0,0,783,740,-2192,3,下位,0,0,0
260,260,0,79,283,0,1,87,783,740,-2192,3,下位,0,87,68
116,116,0,162,641,0,0,0,347,299,-2384,1,下位,0,0,0
233,233,0,24,56,0,0,0,116,657,-1914,3,下位,0,0,0
39,39,0,150,572,0,1,233,116,657,-1914,3,下位,0,233,72
422,422,0,73,247,0,0,0,272,588,-1693,3,下位,0,0,0
344,344,0,117,471,0,0,0,422,263,-2111,1,下位,0,0,0
371,371,0,234,1103,0,0,0,344,487,-2179,2,下位,0,0,0
289,289,0,22,45,1,0,0,0,0,1,0,下位,0,0,0
998,998,0,25,60,1,1,289,0,0,1,0,下位,0,289,61
300,300,0,155,555,1,2,1287,0,0,1,0,下位,0,998,76
144,144,0,60,214,0,0,0,1587,571,-1851,3,下位,0,0,0
266,266,0,154,676,0,0,0,144,230,-1853,1,下位,0,0,0
361,361,0,25,58,0,0,0,266,692,-1590,1,下位,0,0,0
131,131,0,25,58,0,1,361,266,692,-1590,1,下位,0,361,74
51,51,0,268,1188,0,2,492,266,692,-1590,1,下位,0,131,74
222,222,0,308,1292,0,0,0,543,1204,-1113,2,下位,0,0,0
148,148,0,25,60,0,0,0,222,1308,-163,6,下位,0,0,0
138,138,0,79,293,0,1,148,222,1308,-163,6,下位,0,148,76
162,162,0,189,761,0,0,0,286,309,-240,1,下位,0,0,0
374,374,0,167,740,0,0,0,162,777,276,4,下位,0,0,0
55,55,0,76,265,0,0,0,374,756,429,2,下位,0,0,0
395,395,0,78,308,0,0,0,55,281,621,1,下位,0,0,0
540,540,0,26,62,0,0,0,395,324,308,1,下位,0,0,0
145,145,0,26,62,0,1,540,395,324,308,1,下位,0,540,78
390,390,0,86,366,0,2,685,395,324,308,1,下位,0,145,78
488,488,0,102,445,0,0,0,1075,382,-888,1,下位,0,0,0
135,135,0,130,435,0,0,0,488,461,-1214,1,下位,0,0,0
72,72,0,26,64,1,0,0,0,0,1,0,下位,0,0,0
161,161,0,22,43,1,1,72,0,0,1,0,下位,0,72,80
283,283,0,95,408,1,2,233,0,0,1,0,下位,0,161,59
391,391,0,24,54,0,0,0,516,424,-268,1,下位,0,0,0
200,200,0,75,298,0,1,391,516,424,-268,1,下位,0,391,70
194,194,0,102,441,0,0,0,591,314,-838,1,下位,0,0,0
89,89,0,237,969,0,0,0,194,457,-694,1,下位,0,0,0
361,361,0,26,62,0,0,0,89,985,147,4,下位,0,0,0
348,348,0,24,54,0,1,361,89,985,147,4,下位,0,361,78
171,171,0,26,62,0,2,709,89,985,147,4,下位,0,348,70
58,58,0,113,432,0,3,880,89,985,147,4,下位,0,171,78
169,169,0,254,1000,0,0,0,938,448,-692,2,下位,0,0,0
197,197,0,91,327,0,0,0,169,1016,51,6,下位,0,0,0
564,564,0,72,274,0,0,0,197,343,76,1,下位,0,0,0
673,673,0,26,62,0,0,0,564,290,-544,1,下位,0,0,0
212,212,0,24,56,0,1,673,564,290,-544,1,下位,0,673,78
142,142,0,116,514,0,2,885,564,290,-544,1,下位,0,212,72
129,129,0,24,52,0,0,0,1027,530,-1521,1,下位,0,0,0
116,116,0,103,448,0,1,129,1027,530,-1521,1,下位,0,129,68
127,127,0,25,58,0,0,0,245,464,-1384,1,下位,0,0,0
617,617,0,25,60,0,1,127,245,464,-1384,1,下位,0,127,74
138,138,0,78,326,0,2,744,245,464,-1384,1,下位,0,617,76
974,974,0,26,62,1,0,0,0,0,1,0,下位,0,0,0
417,417,0,84,354,1,1,974,0,0,1,0,下位,0,974,78
692,692,0,207,823,0,0,0,1391,370,-1795,1,下位,0,0,0
471,471,0,154,619,0,0,0,692,839,-2072,4,下位,0,0,0
361,361,0,179,661,0,0,0,471,635,-2197,2,下位,0,0,0
692,692,0,26,62,0,0,0,361,677,-2102,4,下位,0,0,0
78,78,0,695,3286,0,1,692,361,677,-2102,4,下位,0,692,78
355,355,0,146,609,0,0,0,770,3302,36,4,下位,0,0,0
135,135,0,86,366,0,0,0,355,625,88,1,下位,0,0,0
202,202,0,98,397,0,0,0,135,382,252,1,下位,0,0,0
142,142,0,182,744,0,0,0,202,413,339,2,下位,0,0,0
384,384,0,89,329,0,0,0,142,760,870,3,下位,0,0,0
151,151,0,141,579,0,0,0,384,345,596,1,下位,0,0,0
233,233,0,91,364,1,0,0,0,0,1,0,下位,0,0,0
259,259,0,25,60,0,0,0,233,380,5,1,下位,0,0,0
286,286,0,135,528,0,1,259,233,380,5,1,下位,0,259,76
176,176,0,111,391,0,0,0,545,544,-254,2,下位,0,0,0
998,998,0,26,62,0,0,0,176,407,-131,2,下位,0,0,0
156,156,0,105,407,0,1,998,176,407,-131,2,下位,0,998,78
67,67,0,61,214,0,0,0,1154,423,-1492,2,下位,0,0,0
161,161,0,182,706,0,0,0,67,230,-1370,1,下位,0,0,0
92,92,0,26,62,0,0,0,161,722,-908,3,下位,0,0,0
154,154,0,116,441,0,1,92,161,722,-908,3,下位,0,92,78
832,832,0,156,591,0,0,0,246,457,-770,2,下位,0,0,0
397,397,0,68,212,0,0,0,832,607,-1505,3,下位,0,0,0
698,698,0,73,263,0,0,0,397,228,-1917,1,下位,0,0,0
337,337,0,25,60,1,0,0,0,0,1,0,下位,0,0,0
353,353,0,98,365,1,1,337,0,0,1,0,下位,0,337,76
143,143,0,25,60,0,0,0,690,381,-655,1,下位,0,0,0
369,369,0,236,960,0,1,143,690,381,-655,1,下位,0,143,76
360,360,0,24,56,0,0,0,512,976,-429,4,下位,0,0,0
147,147,0,82,313,0,1,360,512,976,-429,4,下位,0,360,72
146,146,0,23,48,0,0,0,507,329,-846,1,下位,0,0,0
155,155,0,95,354,0,1,146,507,329,-846,1,下位,0,146,64
244,244,0,181,711,0,0,0,301,370,-898,1,下位,0,0,0
947,947,0,24,56,0,0,0,244,727,-565,4,下位,0,0,0
622,622,0,107,423,0,1,947,244,727,-565,4,下位,0,947,72
137,137,0,26,62,0,0,0,1569,439,-2585,1,下位,0,0,0
400,400,0,105,387,0,1,137,1569,439,-2585,1,下位,0,137,78
128,128,0,71,238,1,0,0,0,0,1,0,下位,0,0,0
201,201,0,159,609,0,0,0,128,254,49,1,下位,0,0,0
624,624,0,24,54,0,0,0,201,625,350,4,下位,0,0,0
695,695,0,27,68,0,1,624,201,625,350,4,下位,0,624,70
280,280,0,92,368,0,2,1319,201,625,350,4,下位,0,695,84
363,363,0,21,41,0,0,0,1599,384,-1692,1,下位,0,0,0
293,293,0,108,440,0,1,363,1599,384,-1692,1,下位,0,363,57
170,170,0,143,557,0,0,0,656,456,-2238,2,下位,0,0,0
280,280,0,98,370,0,0,0,170,573,-1939,2,下位,0,0,0
286,286,0,131,576,0,0,0,280,386,-2005,1,下位,0,0,0
350,350,0,25,58,0,0,0,286,592,-1874,2,下位,0,0,0
239,239,0,26,62,0,1,350,286,592,-1874,2,下位,0,350,74
137,137,0,80,334,0,2,589,286,592,-1874,2,下位,0,239,78
264,264,0,210,803,0,0,0,726,350,-2544,1,下位,0,0,0
849,849,0,25,58,0,0,0,264,819,-2151,3,下位,0,0,0
623,623,0,80,276,0,1,849,264,819,-2151,3,下位,0,849,74
198,198,0,25,58,1,0,0,0,0,1,0,下位,0,0,0
48,48,0,72,282,1,1,198,0,0,1,0,下位,0,198,74
264,264,0,24,52,0,0,0,246,298,-23,1,下位,0,0,0
130,130,0,140,552,0,1,264,246,298,-23,1,下位,0,264,68
378,378,0,120,490,0,0,0,394,568,-23,2,下位,0,0,0
383,383,0,197,740,0,0,0,378,506,-127,2,下位,0,0,0
158,158,0,138,525,0,0,0,383,756,11,3,下位,0,0,0
303,303,0,105,458,0,0,0,158,541,297,3,下位,0,0,0
254,254,0,25,60,0,0,0,303,474,282,1,下位,0,0,0
690,690,0,177,735,0,1,254,303,474,282,1,下位,0,254,76
185,185,0,96,360,0,0,0,944,751,-414,2,下位,0,0,0
368,368,0,160,631,0,0,0,185,376,-336,1,下位,0,0,0
999,999,0,25,59,0,0,0,368,647,-283,3,下位,0,0,0
620,620,0,25,58,0,1,999,368,647,-283,3,下位,0,999,75
371,371,0,101,388,0,2,1619,368,647,-283,3,下位,0,620,74
389,389,0,76,282,0,0,0,1990,404,-2939,1,下位,0,0,0
225,225,0,25,58,0,0,0,389,298,-3268,1,下位,0,0,0
145,145,0,219,993,0,1,225,389,298,-3268,1,下位,0,225,74
239,239,0,69,270,0,0,0,370,1009,-2782,1,下位,0,0,0
347,347,0,25,60,0,0,0,239,286,-2881,1,下位,0,0,0
127,127,0,113,475,0,1,347,239,286,-2881,1,下位,0,347,76
137,137,0,110,412,0,0,0,474,491,-3079,1,下位,0,0,0
347,347,0,24,52,1,0,0,0,0,1,0,下位,0,0,0
142,142,0,128,504,1,1,347,0,0,1,0,下位,0,347,68
128,128,0,16,15,0,0,0,489,520,-200,3,下位,0,0,0
407,407,0,26,62,0,1,128,489,520,-200,3,下位,0,128,31
244,244,0,25,58,0,2,535,489,520,-200,3,下位,0,407,78
704,704,0,26,62,0,3,779,489,520,-200,3,下位,0,244,74
157,157,0,233,1053,0,4,1483,489,520,-200,3,下位,0,704,78
240,240,0,24,54,0,0,0,1640,1069,-1517,2,下位,0,0,0
156,156,0,25,60,0,1,240,1640,1069,-1517,2,下位,0,240,70
167,167,0,1010,4564,0,2,396,1640,1069,-1517,2,下位,0,156,76
365,365,0,85,338,0,0,0,563,4580,2301,10,上位,0,0,0
548,548,0,25,58,0,0,0,365,354,2066,1,下位,0,0,0
692,692,0,134,552,0,1,548,365,354,2066,1,下位,0,548,74
93,93,0,75,246,1,0,0,0,0,1,0,下位,0,0,0
110,110,0,147,583,0,0,0,93,262,113,1,下位,0,0,0
39,39,0,153,606,0,0,0,110,599,535,2,下位,0,0,0
360,360,0,26,64,0,0,0,39,622,1094,3,下位,0,0,0
196,196,0,25,60,0,1,360,39,622,1094,3,下位,0,360,80
349,349,0,866,4001,0,2,556,39,622,1094,3,下位,0,196,76
140,140,0,25,60,0,0,0,905,4017,1464,7,下位,0,0,0
493,493,0,26,62,0,1,140,905,4017,1464,7,下位,0,140,76
999,999,0,132,536,0,2,633,905,4017,1464,7,下位,0,493,78
357,357,0,25,60,0,0,0,1632,552,-462,2,下位,0,0,0
194,194,0,68,252,0,1,357,1632,552,-462,2,下位,0,357,76
174,174,0,24,52,0,0,0,551,268,-1007,1,下位,0,0,0
74,74,0,107,445,0,1,174,551,268,-1007,1,下位,0,174,68
141,141,0,809,3584,0,0,0,248,461,-878,2,下位,0,0,0
219,219,0,24,56,1,0,0,0,0,1,0,下位,0,0,0
166,166,0,73,256,1,1,219,0,0,1,0,下位,0,219,72
204,204,0,25,60,0,0,0,385,272,-276,1,下位,0,0,0
367,367,0,25,58,0,1,204,385,272,-276,1,下位,0,204,76
358,358,0,203,777,0,2,571,385,272,-276,1,下位,0,367,74
135,135,0,28,76,0,0,0,929,793,-831,4,下位,0,0,0
347,347,0,88,352,0,1,135,929,793,-831,4,下位,0,135,92
233,233,0,786,3786,0,0,0,482,368,-1149,1,下位,0,0,0
200,200,0,118,422,0,0,0,233,3802,2277,3,下位,0,0,0
654,654,0,26,62,1,0,0,0,0,1,0,下位,0,0,0
147,147,0,75,283,1,1,654,0,0,1,0,下位,0,654,78
167,167,0,25,58,0,0,0,801,299,-914,1,下位,0,0,0
173,173,0,103,407,0,1,167,801,299,-914,1,下位,0,167,74
376,376,0,25,58,0,0,0,340,423,-965,1,下位,0,0,0
174,174,0,257,1218,0,1,376,340,423,-965,1,下位,0,376,74
346,346,0,228,864,1,0,0,0,0,1,0,下位,0,0,0
621,621,0,23,49,0,0,0,346,880,323,5,下位,0,0,0
359,359,0,25,58,0,1,621,346,880,323,5,下位,0,621,65
710,710,0,165,637,0,2,980,346,880,323,5,下位,0,359,74
104,104,0,25,60,0,0,0,1690,653,-1611,3,下位,0,0,0
93,93,0,25,60,0,1,104,1690,653,-1611,3,下位,0,104,76
602,602,0,80,334,0,2,197,1690,653,-1611,3,下位,0,93,76
339,339,0,25,60,0,0,0,799,350,-2398,1,下位,0,0,0
416,416,0,873,3976,0,1,339,799,350,-2398,1,下位,0,339,76
137,137,0,25,60,0,0,0,755,3992,452,8,上位,0,0,0
162,162,0,191,773,0,1,137,755,3992,452,8,上位,0,137,76
328,328,0,23,48,1,0,0,0,0,1,0,下位,0,0,0
807,807,0,26,62,1,1,328,0,0,1,0,下位,0,328,64
136,136,0,125,440,1,2,1135,0,0,1,0,下位,0,807,78
310,310,0,148,561,0,0,0,1271,456,-1451,2,下位,0,0,0
149,149,0,26,64,0,0,0,310,577,-1374,3,下位,0,0,0
400,400,0,74,284,0,1,149,310,577,-1374,3,下位,0,149,80
170,170,0,126,466,0,0,0,549,300,-1879,1,下位,0,0,0
897,897,0,327,1345,0,0,0,170,482,-1671,2,下位,0,0,0
174,174,0,129,489,0,0,0,897,1361,-1757,6,下位,0,0,0
438,438,0,24,54,0,0,0,174,505,-1533,2,下位,0,0,0
136,136,0,138,556,0,1,438,174,505,-1533,2,下位,0,438,70
161,161,0,126,523,0,0,0,574,572,-1817,2,下位,0,0,0
387,387,0,1505,6952,0,0,0,161,539,-1538,2,下位,0,0,0
140,140,0,77,296,0,0,0,387,6968,2364,10,上位,0,0,0
409,409,0,26,64,1,0,0,0,0,1,0,下位,0,0,0
155,155,0,172,797,1,1,409,0,0,1,0,下位,0,409,80
375,375,0,26,62,0,0,0,564,813,-16,1,下位,0,0,0
359,359,0,149,574,0,1,375,564,813,-16,1,下位,0,375,78
132,132,0,25,60,0,0,0,734,590,-532,3,下位,0,0,0
155,155,0,205,831,0,1,132,734,590,-532,3,下位,0,132,76
199,199,0,23,47,0,0,0,287,847,-72,3,下位,0,0,0
381,381,0,141,523,0,1,199,287,847,-72,3,下位,0,199,63
136,136,0,84,323,0,0,0,580,539,-406,3,下位,0,0,0
161,161,0,25,58,0,0,0,136,339,-286,1,下位,0,0,0
206,206,0,25,60,0,1,161,136,339,-286,1,下位,0,161,74
499,499,0,329,1375,0,2,367,136,339,-286,1,下位,0,206,76
162,162,0,26,62,0,0,0,866,1391,-142,6,下位,0,0,0
159,159,0,849,3868,0,1,162,866,1391,-142,6,下位,0,162,78
620,620,0,79,307,0,0,0,321,3884,1068,8,上位,0,0,0
317,317,0,150,553,1,0,0,0,0,1,0,下位,0,0,0
998,998,0,21,41,0,0,0,317,569,59,3,下位,0,0,0
613,613,0,108,472,0,1,998,317,569,59,3,下位,0,998,57
998,998,0,247,1101,0,0,0,1611,488,-1995,1,下位,0,0,0
144,144,0,26,62,0,0,0,998,1117,-2488,2,下位,0,0,0
321,321,0,85,349,0,1,144,998,1117,-2488,2,下位,0,144,78
107,107,0,216,846,0,0,0,465,365,-2795,1,下位,0,0,0
763,763,0,187,726,0,0,0,107,862,-2106,3,下位,0,0,0
55,55,0,67,248,0,0,0,763,742,-2595,4,下位,0,0,0
289,289,0,176,644,0,0,0,55,264,-2420,1,下位,0,0,0
149,149,0,25,58,0,0,0,289,660,-2226,3,下位,0,0,0
253,253,0,78,264,0,1,149,289,660,-2226,3,下位,0,149,74
119,119,0,72,280,0,0,0,402,280,-2520,1,下位,0,0,0
367,367,0,26,62,0,0,0,119,296,-2416,1,下位,0,0,0
161,161,0,141,506,0,1,367,119,296,-2416,1,下位,0,367,78
138,138,0,82,298,1,0,0,0,0,1,0,下位,0,0,0
97,97,0,25,58,0,0,0,138,314,92,1,下位,0,0,0
149,149,0,79,268,0,1,97,138,314,92,1,下位,0,97,74
180,180,0,24,56,0,0,0,246,284,53,1,下位,0,0,0
77,77,0,26,62,0,1,180,246,284,53,1,下位,0,180,72
166,166,0,25,58,0,2,257,246,284,53,1,下位,0,77,78
106,106,0,24,56,0,3,423,246,284,53,1,下位,0,166,74
290,290,0,82,344,0,4,529,246,284,53,1,下位,0,106,72
848,848,0,25,58,0,0,0,819,360,-612,1,下位,0,0,0
103,103,0,24,56,0,1,848,819,360,-612,1,下位,0,848,74
205,205,0,107,416,0,2,951,819,360,-612,1,下位,0,103,72
152,152,0,162,742,0,0,0,1156,432,-1899,2,下位,0,0,0
549,549,0,109,407,0,0,0,152,758,-1386,1,下位,0,0,0
150,150,0,169,680,0,0,0,549,423,-1848,2,下位,0,0,0
219,219,0,26,64,0,0,0,150,696,-1394,3,下位,0,0,0
167,167,0,25,60,0,1,219,150,696,-1394,3,下位,0,219,80
154,154,0,68,278,0,2,386,150,696,-1394,3,下位,0,167,76
170,170,0,24,56,0,0,0,540,294,-1814,1,下位,0,0,0
692,692,0,25,60,0,1,170,540,294,-1814,1,下位,0,170,72
229,229,0,77,256,0,2,862,540,294,-1814,1,下位,0,692,76
712,712,0,26,62,0,0,0,1091,272,-3153,1,下位,0,0,0
136,136,0,117,457,0,1,712,1091,272,-3153,1,下位,0,712,78
363,363,0,26,62,0,0,0,848,473,-3970,2,下位,0,0,0
135,135,0,27,70,0,1,363,848,473,-3970,2,下位,0,363,78
132,132,0,25,58,0,2,498,848,473,-3970,2,下位,0,135,86
66,66,0,147,627,0,3,630,848,473,-3970,2,下位,0,132,74
320,320,0,26,62,0,0,0,696,643,-4212,1,下位,0,0,0
185,185,0,72,266,0,1,320,696,643,-4212,1,下位,0,320,78
654,654,0,22,43,1,0,0,0,0,1,0,下位,0,0,0
375,375,0,85,362,1,1,654,0,0,1,0,下位,0,654,59
495,495,0,25,60,0,0,0,1029,378,-1222,1,下位,0,0,0
362,362,0,25,60,0,1,495,1029,378,-1222,1,下位,0,495,76
306,306,0,26,62,0,2,857,1029,378,-1222,1,下位,0,362,76
175,175,0,25,58,0,3,1163,1029,378,-1222,1,下位,0,306,78
161,161,0,26,64,0,4,1338,1029,378,-1222,1,下位,0,175,74
152,152,0,24,54,0,5,1499,1029,378,-1222,1,下位,0,161,80
159,159,0,89,378,0,6,1651,1029,378,-1222,1,下位,0,152,70
375,375,0,99,428,0,0,0,1810,394,-3294,1,下位,0,0,0
446,446,0,290,1248,0,0,0,375,444,-3455,1,下位,0,0,0
493,493,0,69,226,1,0,0,0,0,1,0,下位,0,0,0
137,137,0,25,58,0,0,0,493,242,-552,1,下位,0,0,0
69,69,0,25,58,0,1,137,493,242,-552,1,下位,0,137,74
208,208,0,25,60,0,2,206,493,242,-552,1,下位,0,69,74
379,379,0,197,892,0,3,414,493,242,-552,1,下位,0,208,76
154,154,0,26,62,0,0,0,793,908,-699,1,下位,0,0,0
401,401,0,75,293,0,1,154,793,908,-699,1,下位,0,154,78
380,380,0,26,62,0,0,0,555,309,-1208,1,下位,0,0,0
335,335,0,186,822,0,1,380,555,309,-1208,1,下位,0,380,78
141,141,0,25,60,0,0,0,715,838,-1445,1,下位,0,0,0
170,170,0,26,62,0,1,141,715,838,-1445,1,下位,0,141,76
55,55,0,26,62,0,2,311,715,838,-1445,1,下位,0,170,78
265,265,0,24,56,0,3,366,715,838,-1445,1,下位,0,55,78
285,285,0,24,52,0,4,631,715,838,-1445,1,下位,0,265,72
494,494,0,69,267,0,5,916,715,838,-1445,1,下位,0,285,68
407,407,0,25,58,0,0,0,1410,283,-3066,1,下位,0,0,0
56,56,0,71,271,0,1,407,1410,283,-3066,1,下位,0,407,74
907,907,0,22,45,1,0,0,0,0,1,0,下位,0,0,0
605,605,0,24,52,1,1,907,0,0,1,0,下位,0,907,61
340,340,0,134,512,1,2,1512,0,0,1,0,下位,0,605,68
303,303,0,26,62,0,0,0,1852,528,-2329,2,下位,0,0,0
302,302,0,105,389,0,1,303,1852,528,-2329,2,下位,0,303,78
152,152,0,26,62,0,0,0,605,405,-2822,2,下位,0,0,0
164,164,0,234,871,0,1,152,605,405,-2822,2,下位,0,152,78
349,349,0,164,683,0,0,0,316,887,-2367,5,下位,0,0,0
126,126,0,25,60,0,0,0,349,699,-2231,2,下位,0,0,0
136,136,0,24,56,0,1,126,349,699,-2231,2,下位,0,126,76
499,499,0,990,4521,0,2,262,349,699,-2231,2,下位,0,136,72
449,449,0,26,62,0,0,0,761,4537,1227,9,上位,0,0,0
226,226,0,25,60,0,1,449,761,4537,1227,9,上位,0,449,78
140,140,0,73,259,0,2,675,761,4537,1227,9,上位,0,226,76
37,37,0,26,62,0,0,0,815,275,341,1,下位,0,0,0
241,241,0,209,820,0,1,37,815,275,341,1,下位,0,37,78
376,376,0,70,254,0,0,0,278,836,806,4,下位,0,0,0
286,286,0,295,1336,0,0,0,376,270,470,1,下位,0,0,0
617,617,0,67,218,1,0,0,0,0,1,0,下位,0,0,0
389,389,0,120,478,0,0,0,617,234,-760,1,下位,0,0,0
363,363,0,24,52,0,0,0,389,494,-893,2,下位,0,0,0
131,131,0,25,58,0,1,363,389,494,-893,2,下位,0,363,68
247,247,0,76,302,0,2,494,389,494,-893,2,下位,0,131,74
609,609,0,136,559,0,0,0,741,318,-1628,1,下位,0,0,0
359,359,0,622,2760,0,0,0,609,575,-2035,2,下位,0,0,0
593,593,0,81,290,0,0,0,359,2776,162,7,下位,0,0,0
368,368,0,73,272,0,0,0,593,306,-488,1,下位,0,0,0
479,479,0,170,723,1,0,0,0,0,1,0,下位,0,0,0
152,152,0,25,60,0,0,0,479,739,-33,2,下位,0,0,0
471,471,0,91,355,0,1,152,479,739,-33,2,下位,0,152,76
38,38,0,28,74,0,0,0,623,371,-591,1,下位,0,0,0
27,27,0,22,46,0,1,38,623,371,-591,1,下位,0,38,90
412,412,0,72,232,0,2,65,623,371,-591,1,下位,0,27,62
484,484,0,24,56,0,0,0,477,248,-961,1,下位,0,0,0
587,587,0,149,550,0,1,484,477,248,-961,1,下位,0,484,72
64,64,0,25,60,0,0,0,1071,566,-2051,3,下位,0,0,0
494,494,0,24,54,0,1,64,1071,566,-2051,3,下位,0,64,76
97,97,0,202,843,0,2,558,1071,566,-2051,3,下位,0,494,70
335,335,0,231,977,0,0,0,655,859,-2102,3,下位,0,0,0
348,348,0,130,527,0,0,0,335,993,-1649,3,下位,0,0,0
296,296,0,84,358,0,0,0,348,543,-1667,2,下位,0,0,0
72,72,0,566,2533,1,0,0,0,0,1,0,下位,0,0,0
229,229,0,26,64,0,0,0,72,2549,2434,6,下位,0,0,0
127,127,0,601,2763,0,1,229,72,2549,2434,6,下位,0,229,80
215,215,0,26,64,0,0,0,356,2779,111,5,下位,0,0,0
694,694,0,24,56,0,1,215,356,2779,111,5,下位,0,215,80
273,273,0,104,453,0,2,909,356,2779,111,5,下位,0,694,72
90,90,0,24,56,0,0,0,1182,469,-1174,1,下位,0,0,0
998,998,0,193,751,0,1,90,1182,469,-1174,1,下位,0,90,72
161,161,0,26,62,0,0,0,1088,767,-2090,4,下位,0,0,0
369,369,0,26,62,0,1,161,1088,767,-2090,4,下位,0,161,78
132,132,0,69,252,0,2,530,1088,767,-2090,4,下位,0,369,78
141,141,0,23,50,0,0,0,662,268,-2734,1,下位,0,0,0
379,379,0,25,58,0,1,141,662,268,-2734,1,下位,0,141,66
138,138,0,268,1105,0,2,520,662,268,-2734,1,下位,0,379,74
234,234,0,283,1323,0,0,0,658,1121,-2535,6,下位,0,0,0
705,705,0,105,347,0,0,0,234,1339,-1573,2,下位,0,0,0
168,168,0,106,418,0,0,0,705,363,-2347,2,下位,0,0,0
250,250,0,25,58,0,0,0,168,434,-2184,2,下位,0,0,0
75,75,0,74,273,0,1,250,168,434,-2184,2,下位,0,250,74
120,120,0,63,188,1,0,0,0,0,1,0,下位,0,0,0
691,691,0,325,1389,0,0,0,120,204,11,1,下位,0,0,0
148,148,0,94,347,0,0,0,691,1405,301,4,下位,0,0,0
354,354,0,72,255,0,0,0,148,363,425,1,下位,0,0,0
484,484,0,22,45,0,0,0,354,271,125,1,下位,0,0,0
122,122,0,82,304,0,1,484,354,271,125,1,下位,0,484,61
995,995,0,125,473,0,0,0,606,320,-472,1,下位,0,0,0
390,390,0,179,773,1,0,0,0,0,1,0,下位,0,0,0
655,655,0,155,587,0,0,0,390,789,161,1,下位,0,0,0
518,518,0,126,494,0,0,0,655,603,-292,3,下位,0,0,0
160,160,0,91,386,0,0,0,518,510,-617,2,下位,0,0,0
166,166,0,85,335,0,0,0,160,402,-473,1,下位,0,0,0
164,164,0,81,305,0,0,0,166,351,-390,1,下位,0,0,0
258,258,0,105,459,0,0,0,164,321,-334,1,下位,0,0,0
277,277,0,25,60,0,0,0,258,475,-275,1,下位,0,0,0
464,464,0,25,58,0,1,277,258,475,-275,1,下位,0,277,76
89,89,0,99,432,0,2,741,258,475,-275,1,下位,0,464,74
431,431,0,69,239,0,0,0,830,448,-1017,1,下位,0,0,0
357,357,0,119,472,0,0,0,431,255,-1457,1,下位,0,0,0
214,214,0,81,287,0,0,0,357,488,-1545,1,下位,0,0,0
214,214,0,25,60,0,0,0,214,303,-1587,1,下位,0,0,0
471,471,0,24,54,0,1,214,214,303,-1587,1,下位,0,214,76
185,185,0,25,60,0,2,685,214,303,-1587,1,下位,0,471,70
642,642,0,183,796,0,3,870,214,303,-1587,1,下位,0,185,76
347,347,0,135,563,1,0,0,0,0,1,0,下位,0,0,0
138,138,0,25,58,0,0,0,347,579,20,1,下位,0,0,0
329,329,0,171,739,0,1,138,347,579,20,1,下位,0,138,74
136,136,0,25,60,0,0,0,467,755,95,2,下位,0,0,0
247,247,0,166,670,0,1,136,467,755,95,2,下位,0,136,76
197,197,0,26,64,0,0,0,383,686,240,2,下位,0,0,0
998,998,0,113,500,0,1,197,383,686,240,2,下位,0,197,80
195,195,0,26,62,0,0,0,1195,516,-1092,1,下位,0,0,0
682,682,0,136,496,0,1,195,1195,516,-1092,1,下位,0,195,78
998,998,0,26,62,0,0,0,877,512,-1917,3,下位,0,0,0
496,496,0,25,60,0,1,998,877,512,-1917,3,下位,0,998,78
162,162,0,26,64,0,2,1494,877,512,-1917,3,下位,0,496,76
359,359,0,122,472,0,3,1656,877,512,-1917,3,下位,0,162,80
305,305,0,98,394,0,0,0,2015,488,-4445,2,下位,0,0,0
88,88,0,26,64,0,0,0,305,410,-4527,2,下位,0,0,0
54,54,0,77,272,0,1,88,305,410,-4527,2,下位,0,88,80
129,129,0,473,2259,0,0,0,142,288,-4388,1,下位,0,0,0
77,77,0,53,174,0,0,0,129,2275,-2321,2,下位,0,0,0
348,348,0,76,254,1,0,0,0,0,1,0,下位,0,0,0
403,403,0,69,241,0,0,0,348,270,-290,1,下位,0,0,0
718,718,0,74,252,0,0,0,403,257,-683,1,下位,0,0,0
353,353,0,111,401,0,0,0,718,268,-1573,1,下位,0,0,0
429,429,0,123,491,0,0,0,353,417,-1725,2,下位,0,0,0
90,90,0,208,935,0,0,0,429,507,-1910,2,下位,0,0,0
270,270,0,74,241,0,0,0,90,951,-1104,1,下位,0,0,0
71,71,0,279,1120,0,0,0,270,257,-1282,1,下位,0,0,0
165,165,0,134,496,0,0,0,71,1136,-261,5,下位,0,0,0
374,374,0,26,62,0,0,0,165,512,-15,3,下位,0,0,0
138,138,0,24,54,0,1,374,165,512,-15,3,下位,0,374,78
226,226,0,155,708,0,2,512,165,512,-15,3,下位,0,138,70
96,96,0,127,535,0,0,0,738,724,-334,1,下位,0,0,0
166,166,0,24,56,0,0,0,96,551,62,2,下位,0,0,0
111,111,0,23,50,0,1,166,96,551,62,2,下位,0,166,72
359,359,0,145,591,0,2,277,96,551,62,2,下位,0,111,66
381,381,0,78,272,1,0,0,0,0,1,0,下位,0,0,0
690,690,0,24,56,0,0,0,381,288,-326,1,下位,0,0,0
173,173,0,114,429,0,1,690,381,288,-326,1,下位,0,690,72
109,109,0,119,453,0,0,0,863,445,-1201,2,下位,0,0,0
135,135,0,25,60,0,0,0,109,469,-908,3,下位,0,0,0
263,263,0,138,555,0,1,135,109,469,-908,3,下位,0,135,76
480,480,0,25,58,0,0,0,398,571,-903,2,下位,0,0,0
334,334,0,25,58,0,1,480,398,571,-903,2,下位,0,480,74
326,326,0,112,453,0,2,814,398,571,-903,2,下位,0,334,74
968,968,0,72,240,0,0,0,1140,469,-2125,2,下位,0,0,0
384,384,0,52,180,0,0,0,968,256,-3430,1,下位,0,0,0
668,668,0,208,836,1,0,0,0,0,1,0,下位,0,0,0
113,113,0,25,58,0,0,0,668,852,-224,4,下位,0,0,0
835,835,0,24,56,0,1,113,668,852,-224,4,下位,0,113,74
322,322,0,130,459,0,2,948,668,852,-224,4,下位,0,835,72
571,571,0,26,64,0,0,0,1270,475,-1651,2,下位,0,0,0
126,126,0,25,58,0,1,571,1270,475,-1651,2,下位,0,571,80
56,56,0,25,60,0,2,697,1270,475,-1651,2,下位,0,126,74
358,358,0,58,165,0,3,753,1270,475,-1651,2,下位,0,56,76
136,136,0,87,317,0,0,0,1111,181,-3031,1,下位,0,0,0
463,463,0,50,153,0,0,0,136,333,-2917,1,下位,0,0,0
325,325,0,25,58,1,0,0,0,0,1,0,下位,0,0,0
132,132,0,26,64,1,1,325,0,0,1,0,下位,0,325,74
145,145,0,87,342,1,2,457,0,0,1,0,下位,0,132,80
200,200,0,24,52,0,0,0,602,358,-458,1,下位,0,0,0
165,165,0,154,620,0,1,200,602,358,-458,1,下位,0,200,68
380,380,0,166,729,0,0,0,365,636,-343,2,下位,0,0,0
487,487,0,105,417,0,0,0,380,745,-211,2,下位,0,0,0
141,141,0,25,58,0,0,0,487,433,-563,2,下位,0,0,0
209,209,0,124,502,0,1,141,487,433,-563,2,下位,0,141,74
360,360,0,25,58,0,0,0,350,518,-536,1,下位,0,0,0
871,871,0,88,363,0,1,360,350,518,-536,1,下位,0,360,74
396,396,0,25,58,0,0,0,1231,379,-2069,1,下位,0,0,0
651,651,0,137,490,0,1,396,1231,379,-2069,1,下位,0,396,74
177,177,0,84,302,0,0,0,1047,506,-3178,3,下位,0,0,0
362,362,0,25,58,0,0,0,177,318,-3145,1,下位,0,0,0
155,155,0,25,60,0,1,362,177,318,-3145,1,下位,0,362,74
136,136,0,84,304,0,2,517,177,318,-3145,1,下位,0,155,76
146,146,0,119,445,0,0,0,653,320,-3728,1,下位,0,0,0
428,428,0,108,444,0,0,0,146,461,-3502,2,下位,0,0,0
154,154,0,226,871,0,0,0,428,460,-3732,2,下位,0,0,0
326,326,0,24,56,0,0,0,154,887,-3093,5,下位,0,0,0
352,352,0,144,582,0,1,326,154,887,-3093,5,下位,0,326,72
545,545,0,26,62,1,0,0,0,0,1,0,下位,0,0,0
130,130,0,25,60,1,1,545,0,0,1,0,下位,0,545,78
166,166,0,25,58,1,2,675,0,0,1,0,下位,0,130,76
380,380,0,398,1613,1,3,841,0,0,1,0,下位,0,166,74
122,122,0,78,265,0,0,0,1221,1629,-112,5,下位,0,0,0
51,51,0,82,314,0,0,0,122,281,-28,1,下位,0,0,0
153,153,0,85,320,0,0,0,51,330,220,1,下位,0,0,0
998,998,0,171,751,0,0,0,153,336,309,2,下位,0,0,0
141,141,0,26,62,0,0,0,998,767,-534,1,下位,0,0,0
729,729,0,82,284,0,1,141,998,767,-534,1,下位,0,141,78
174,174,0,24,52,0,0,0,870,300,-1560,1,下位,0,0,0
118,118,0,746,3257,0,1,174,870,300,-1560,1,下位,0,174,68
108,108,0,25,60,0,0,0,292,3273,1310,10,上位,0,0,0
361,361,0,84,313,0,1,108,292,3273,1310,10,上位,0,108,76
167,167,0,140,578,0,0,0,469,329,959,1,下位,0,0,0
363,363,0,26,62,0,0,0,167,594,1284,1,下位,0,0,0
168,168,0,159,627,0,1,363,167,594,1284,1,下位,0,363,78
80,80,0,138,581,0,0,0,531,643,1148,3,下位,0,0,0
209,209,0,21,41,1,0,0,0,0,1,0,下位,0,0,0
346,346,0,26,62,1,1,209,0,0,1,0,下位,0,209,57
159,159,0,166,624,1,2,555,0,0,1,0,下位,0,346,78
819,819,0,24,54,0,0,0,714,640,-375,3,下位,0,0,0
598,598,0,85,319,0,1,819,714,640,-375,3,下位,0,819,70
32,32,0,80,312,0,0,0,1417,335,-2256,1,下位,0,0,0
42,42,0,130,489,0,0,0,32,328,-1980,1,下位,0,0,0
384,384,0,118,526,0,0,0,42,505,-1543,2,下位,0,0,0
387,387,0,101,404,0,0,0,384,542,-1620,1,下位,0,0,0
687,687,0,1176,5518,0,0,0,387,420,-1824,1,下位,0,0,0
243,243,0,79,276,0,0,0,687,5534,336,7,下位,0,0,0
228,228,0,138,470,1,0,0,0,0,1,0,下位,0,0,0
365,365,0,113,486,0,0,0,228,486,119,3,下位,0,0,0
177,177,0,26,62,0,0,0,365,502,32,1,下位,0,0,0
252,252,0,26,64,0,1,177,365,502,32,1,下位,0,177,78
204,204,0,121,498,0,2,429,365,502,32,1,下位,0,252,80
600,600,0,25,60,0,0,0,633,514,-318,2,下位,0,0,0
97,97,0,111,446,0,1,600,633,514,-318,2,下位,0,600,76
123,123,0,152,594,0,0,0,697,462,-904,2,下位,0,0,0
794,794,0,26,62,0,0,0,123,610,-492,3,下位,0,0,0
157,157,0,25,58,0,1,794,123,610,-492,3,下位,0,794,78
662,662,0,147,579,0,2,951,123,610,-492,3,下位,0,157,74
169,169,0,107,417,0,0,0,1613,595,-2347,2,下位,0,0,0
323,323,0,26,62,1,0,0,0,0,1,0,下位,0,0,0
783,783,0,24,56,1,1,323,0,0,1,0,下位,0,323,78
72,72,0,88,320,1,2,1106,0,0,1,0,下位,0,783,72
158,158,0,137,586,0,0,0,1178,336,-1413,1,下位,0,0,0
103,103,0,153,678,0,0,0,158,602,-1066,2,下位,0,0,0
390,390,0,26,64,0,0,0,103,694,-538,1,下位,0,0,0
144,144,0,24,54,0,1,390,103,694,-538,1,下位,0,390,80
166,166,0,131,525,0,2,534,103,694,-538,1,下位,0,144,70
680,680,0,115,500,0,0,0,700,541,-976,2,下位,0,0,0
111,111,0,237,1057,0,0,0,680,516,-1557,1,下位,0,0,0
245,245,0,53,169,0,0,0,111,1073,-663,1,下位,0,0,0
485,485,0,26,62,0,0,0,245,185,-873,1,下位,0,0,0
268,268,0,100,313,0,1,485,245,185,-873,1,下位,0,485,78
460,460,0,26,64,0,0,0,753,329,-1680,2,下位,0,0,0
106,106,0,74,273,0,1,460,753,329,-1680,2,下位,0,460,80
354,354,0,25,58,0,0,0,566,289,-2224,1,下位,0,0,0
109,109,0,148,602,0,1,354,566,289,-2224,1,下位,0,354,74
385,385,0,79,274,1,0,0,0,0,1,0,下位,0,0,0
364,364,0,239,1049,0,0,0,385,290,-330,1,下位,0,0,0
331,331,0,164,617,0,0,0,364,1065,148,3,下位,0,0,0
106,106,0,759,3211,0,0,0,331,633,247,3,下位,0,0,0
142,142,0,219,996,0,0,0,106,3227,3303,12,上位,0,0,0
968,968,0,25,60,0,0,0,142,1012,925,2,下位,0,0,0
360,360,0,117,397,0,1,968,142,1012,925,2,下位,0,968,76
353,353,0,114,462,0,0,0,1328,413,-728,2,下位,0,0,0
145,145,0,152,575,0,0,0,353,478,-819,2,下位,0,0,0
208,208,0,63,238,0,0,0,145,591,-462,3,下位,0,0,0
360,360,0,118,485,0,0,0,208,254,-543,1,下位,0,0,0
154,154,0,481,2127,0,0,0,360,501,-623,2,下位,0,0,0
358,358,0,26,62,0,0,0,154,2143,1272,6,下位,0,0,0
152,152,0,82,292,0,1,358,154,2143,1272,6,下位,0,358,78
898,898,0,108,455,0,0,0,510,308,835,1,下位,0,0,0
636,636,0,263,1146,0,0,0,898,471,-142,1,下位,0,0,0
75,75,0,834,3586,1,0,0,0,0,1,0,下位,0,0,0
550,550,0,26,62,0,0,0,75,3602,887,14,上位,0,0,0
499,499,0,23,50,0,1,550,75,3602,887,14,上位,0,550,78
226,226,0,115,509,0,2,1049,75,3602,887,14,上位,0,499,66
85,85,0,26,62,0,0,0,1275,525,-501,1,下位,0,0,0
524,524,0,24,52,0,1,85,1275,525,-501,1,下位,0,85,78
248,248,0,25,57,0,2,609,1275,525,-501,1,下位,0,524,68
308,308,0,110,422,0,3,857,1275,525,-501,1,下位,0,248,73
359,359,0,76,267,0,0,0,1165,438,-1723,2,下位,0,0,0
646,646,0,25,60,0,0,0,359,283,-2019,1,下位,0,0,0
139,139,0,131,473,0,1,646,359,283,-2019,1,下位,0,646,76
153,153,0,161,591,0,0,0,785,489,-2720,3,下位,0,0,0
97,97,0,92,359,0,0,0,153,607,-2360,3,下位,0,0,0
718,718,0,25,60,1,0,0,0,0,1,0,下位,0,0,0
131,131,0,81,294,1,1,718,0,0,1,0,下位,0,718,76
158,158,0,24,56,0,0,0,849,310,-982,1,下位,0,0,0
35,35,0,93,348,0,1,158,849,310,-982,1,下位,0,158,72
195,195,0,25,60,0,0,0,193,364,-857,1,下位,0,0,0
998,998,0,193,746,0,1,195,193,364,-857,1,下位,0,195,76
507,507,0,21,41,0,0,0,1193,762,-1944,3,下位,0,0,0
169,169,0,25,60,0,1,507,1193,762,-1944,3,下位,0,507,57
184,184,0,160,667,0,2,676,1193,762,-1944,3,下位,0,169,76
386,386,0,28,76,0,0,0,860,683,-2516,3,下位,0,0,0
156,156,0,221,903,0,1,386,860,683,-2516,3,下位,0,386,92
136,136,0,911,4295,0,0,0,542,919,-2380,4,下位,0,0,0
513,513,0,25,58,0,0,0,136,4311,1712,5,下位,0,0,0
977,977,0,24,54,0,1,513,136,4311,1712,5,下位,0,513,74
371,371,0,72,268,0,2,1490,136,4311,1712,5,下位,0,977,70
354,354,0,25,60,1,0,0,0,0,1,0,下位,0,0,0
502,502,0,25,58,1,1,354,0,0,1,0,下位,0,354,76
215,215,0,84,354,1,2,856,0,0,1,0,下位,0,502,74
256,256,0,24,56,0,0,0,1071,370,-1207,1,下位,0,0,0
175,175,0,147,585,0,1,256,1071,370,-1207,1,下位,0,256,72
377,377,0,118,406,0,0,0,431,601,-1229,2,下位,0,0,0
302,302,0,66,221,0,0,0,377,422,-1415,2,下位,0,0,0
137,137,0,339,1608,0,0,0,302,237,-1665,1,下位,0,0,0
82,82,0,25,60,0,0,0,137,1624,-262,1,下位,0,0,0
166,166,0,67,243,0,1,82,137,1624,-262,1,下位,0,82,76
359,359,0,191,879,0,0,0,248,259,-327,1,下位,0,0,0
110,110,0,74,263,0,0,0,359,895,-11,1,下位,0,0,0
288,288,0,143,554,0,0,0,110,279,91,1,下位,0,0,0
153,153,0,113,435,0,0,0,288,570,196,2,下位,0,0,0
906,906,0,123,541,0,0,0,153,451,400,2,下位,0,0,0
253,253,0,76,296,0,0,0,906,557,-504,1,下位,0,0,0
89,89,0,82,286,0,0,0,253,312,-600,1,下位,0,0,0
155,155,0,178,717,0,0,0,89,302,-442,1,下位,0,0,0
420,420,0,76,286,0,0,0,155,733,41,3,下位,0,0,0
690,690,0,296,1330,0,0,0,420,302,-334,1,下位,0,0,0
461,461,0,26,62,1,0,0,0,0,1,0,下位,0,0,0
406,406,0,90,343,1,1,461,0,0,1,0,下位,0,461,78
998,998,0,26,64,0,0,0,867,359,-961,1,下位,0,0,0
620,620,0,76,300,0,1,998,867,359,-961,1,下位,0,998,80
125,125,0,281,1012,0,0,0,1618,316,-3175,1,下位,0,0,0
98,98,0,26,62,0,0,0,125,1028,-2349,6,下位,0,0,0
161,161,0,121,478,0,1,98,125,1028,-2349,6,下位,0,98,78
474,474,0,155,630,0,0,0,259,494,-2195,2,下位,0,0,0
139,139,0,98,426,0,0,0,474,646,-2314,2,下位,0,0,0
162,162,0,167,706,0,0,0,139,442,-2096,1,下位,0,0,0
152,152,0,107,408,0,0,0,162,722,-1635,3,下位,0,0,0
68,68,0,144,541,0,0,0,152,424,-1456,1,下位,0,0,0
166,166,0,25,58,0,0,0,68,557,-1009,3,下位,0,0,0
156,156,0,25,58,0,1,166,68,557,-1009,3,下位,0,166,74
936,936,0,117,518,0,2,322,68,557,-1009,3,下位,0,156,74
369,369,0,58,203,0,0,0,1258,534,-2357,1,下位,0,0,0
118,118,0,199,841,0,0,0,369,219,-2733,1,下位,0,0,0
326,326,0,98,426,1,0,0,0,0,1,0,下位,0,0,0
332,332,0,74,284,0,0,0,326,442,-83,1,下位,0,0,0
177,177,0,450,2035,0,0,0,332,300,-318,1,下位,0,0,0
164,164,0,25,60,0,0,0,177,2051,1448,3,下位,0,0,0
360,360,0,134,520,0,1,164,177,2051,1448,3,下位,0,164,76
172,172,0,94,324,0,0,0,524,536,1214,2,下位,0,0,0
999,999,0,25,60,0,0,0,172,340,1277,2,下位,0,0,0
620,620,0,23,47,0,1,999,172,340,1277,2,下位,0,999,76
236,236,0,88,349,0,2,1619,172,340,1277,2,下位,0,620,63
168,168,0,152,567,0,0,0,1855,365,-1211,1,下位,0,0,0
260,260,0,26,64,0,0,0,168,583,-899,3,下位,0,0,0
311,311,0,81,281,0,1,260,168,583,-899,3,下位,0,260,80
156,156,0,26,62,0,0,0,571,297,-1443,1,下位,0,0,0
717,717,0,25,58,0,1,156,571,297,-1443,1,下位,0,156,78
32,32,0,25,60,0,2,873,571,297,-1443,1,下位,0,717,74
139,139,0,85,329,0,3,905,571,297,-1443,1,下位,0,32,76
240,240,0,25,60,1,0,0,0,0,1,0,下位,0,0,0
391,391,0,168,704,1,1,240,0,0,1,0,下位,0,240,76
147,147,0,70,248,0,0,0,631,720,-221,3,下位,0,0,0
375,375,0,121,453,0,0,0,147,264,-194,1,下位,0,0,0
538,538,0,163,671,0,0,0,375,469,-330,2,下位,0,0,0
23,23,0,78,323,0,0,0,538,687,-511,2,下位,0,0,0
413,413,0,27,68,0,0,0,23,339,-209,1,下位,0,0,0
164,164,0,23,50,0,1,413,23,339,-209,1,下位,0,413,84
363,363,0,24,54,0,2,577,23,339,-209,1,下位,0,164,66
341,341,0,25,58,0,3,940,23,339,-209,1,下位,0,363,70
660,660,0,100,434,0,4,1281,23,339,-209,1,下位,0,341,74
628,628,0,24,56,0,0,0,1941,450,-2597,1,下位,0,0,0
1000,1000,0,24,52,0,1,628,1941,450,-2597,1,下位,0,628,72
475,475,0,120,414,0,2,1628,1941,450,-2597,1,下位,0,1000,68
223,223,0,25,58,0,0,0,2103,430,-5419,2,下位,0,0,0
186,186,0,193,881,0,1,223,2103,430,-5419,2,下位,0,223,74
842,842,0,65,246,0,0,0,409,897,-5108,1,下位,0,0,0
125,125,0,125,530,1,0,0,0,0,1,0,下位,0,0,0
684,684,0,209,903,0,0,0,125,546,345,1,下位,0,0,0
394,394,0,114,426,0,0,0,684,919,161,2,下位,0,0,0
484,484,0,151,599,0,0,0,394,442,-32,2,下位,0,0,0
135,135,0,22,46,0,0,0,484,615,-198,2,下位,0,0,0
998,998,0,24,54,0,1,135,484,615,-198,2,下位,0,135,62
598,598,0,69,261,0,2,1133,484,615,-198,2,下位,0,998,70
364,364,0,25,58,0,0,0,1731,277,-2582,1,下位,0,0,0
724,724,0,134,550,0,1,364,1731,277,-2582,1,下位,0,364,74
520,520,0,25,58,1,0,0,0,0,1,0,下位,0,0,0
362,362,0,22,45,1,1,520,0,0,1,0,下位,0,520,74
155,155,0,25,60,1,2,882,0,0,1,0,下位,0,362,61
73,73,0,25,58,1,3,1037,0,0,1,0,下位,0,155,76
426,426,0,1437,6680,1,4,1110,0,0,1,0,下位,0,73,74
147,147,0,247,1144,0,0,0,1536,6696,1564,11,上位,0,0,0
165,165,0,296,1337,0,0,0,147,1160,2487,1,下位,0,0,0
620,620,0,128,498,0,0,0,165,1353,1275,3,下位,0,0,0
88,88,0,103,370,0,0,0,620,514,789,2,下位,0,0,0
205,205,0,23,47,0,0,0,88,386,1033,2,下位,0,0,0
685,685,0,144,554,0,1,205,88,386,1033,2,下位,0,205,63
294,294,0,75,254,0,0,0,890,570,230,2,下位,0,0,0
541,541,0,123,495,0,0,0,294,270,26,1,下位,0,0,0
274,274,0,113,437,0,0,0,541,511,-336,1,下位,0,0,0
380,380,0,79,270,0,0,0,274,453,-325,2,下位,0,0,0
121,121,0,152,639,1,0,0,0,0,1,0,下位,0,0,0
148,148,0,23,50,0,0,0,121,655,461,1,下位,0,0,0
142,142,0,24,56,0,1,148,121,655,461,1,下位,0,148,66
85,85,0,93,398,0,2,290,121,655,461,1,下位,0,142,72
131,131,0,323,1323,0,0,0,375,414,408,1,下位,0,0,0
153,153,0,26,62,0,0,0,131,1339,1536,5,下位,0,0,0
505,505,0,24,52,0,1,153,131,1339,1536,5,下位,0,153,78
66,66,0,24,56,0,2,658,131,1339,1536,5,下位,0,505,68
280,280,0,26,62,0,3,724,131,1339,1536,5,下位,0,66,72
155,155,0,308,1419,0,4,1004,131,1339,1536,5,下位,0,280,78
224,224,0,78,293,0,0,0,1159,1435,1396,2,下位,0,0,0
138,138,0,102,385,0,0,0,224,309,1344,1,下位,0,0,0
695,695,0,25,60,0,0,0,138,401,1522,2,下位,0,0,0
297,297,0,25,58,0,1,695,138,401,1522,2,下位,0,695,76
483,483,0,149,621,0,2,992,138,401,1522,2,下位,0,297,74
72,72,0,25,60,0,0,0,1475,637,-70,2,下位,0,0,0
267,267,0,194,890,0,1,72,1475,637,-70,2,下位,0,72,76
160,160,0,26,62,0,0,0,339,906,365,1,下位,0,0,0
100,100,0,64,236,0,1,160,339,906,365,1,下位,0,160,78
684,684,0,26,64,0,0,0,260,252,276,1,下位,0,0,0
208,208,0,145,598,0,1,684,260,252,276,1,下位,0,684,80
255,255,0,162,644,1,0,0,0,0,1,0,下位,0,0,0
359,359,0,123,450,0,0,0,255,660,250,3,下位,0,0,0
162,162,0,76,256,0,0,0,359,466,137,2,下位,0,0,0
162,162,0,26,64,0,0,0,162,272,148,1,下位,0,0,0
167,167,0,237,893,0,1,162,162,272,148,1,下位,0,162,80
153,153,0,162,697,0,0,0,329,909,607,5,下位,0,0,0
90,90,0,81,284,0,0,0,153,713,1073,2,下位,0,0,0
394,394,0,402,1705,0,0,0,90,300,1228,1,下位,0,0,0
620,620,0,23,47,0,0,0,394,1721,2314,9,上位,0,0,0
842,842,0,25,60,0,1,620,394,1721,2314,9,上位,0,620,63
620,620,0,77,317,0,2,1462,394,1721,2314,9,上位,0,842,76
157,157,0,26,62,0,0,0,2082,333,-572,1,下位,0,0,0
695,695,0,106,462,0,1,157,2082,333,-572,1,下位,0,157,78
142,142,0,26,64,0,0,0,852,478,-1390,1,下位,0,0,0
163,163,0,296,1180,0,1,142,852,478,-1390,1,下位,0,142,80
307,307,0,80,297,0,0,0,305,1196,-606,5,下位,0,0,0
496,496,0,25,60,0,0,0,307,313,-788,1,下位,0,0,0
154,154,0,24,52,0,1,496,307,313,-788,1,下位,0,496,76
76,76,0,89,380,0,2,650,307,313,-788,1,下位,0,154,68
159,159,0,111,455,0,0,0,726,396,-1420,1,下位,0,0,0
72,72,0,25,58,0,0,0,159,471,-1205,1,下位,0,0,0
142,142,0,150,596,0,1,72,159,471,-1205,1,下位,0,72,74
290,290,0,29,80,1,0,0,0,0,1,0,下位,0,0,0
26,26,0,161,663,1,1,290,0,0,1,0,下位,0,290,96
79,79,0,144,470,0,0,0,316,679,266,2,下位,0,0,0
783,783,0,23,48,0,0,0,79,486,625,3,下位,0,0,0
139,139,0,94,344,0,1,783,79,486,625,3,下位,0,783,64
349,349,0,828,3514,0,0,0,922,360,-438,2,下位,0,0,0
153,153,0,25,58,0,0,0,349,3530,2529,14,上位,0,0,0
95,95,0,74,274,0,1,153,349,3530,2529,14,上位,0,153,74
385,385,0,54,179,0,0,0,248,290,214,1,下位,0,0,0
345,345,0,25,58,0,0,0,385,195,-212,1,下位,0,0,0
998,998,0,69,269,0,1,345,385,195,-212,1,下位,0,345,74
153,153,0,24,56,0,0,0,1343,285,-2020,1,下位,0,0,0
161,161,0,132,555,0,1,153,1343,285,-2020,1,下位,0,153,72
375,375,0,19,31,0,0,0,314,571,-1884,2,下位,0,0,0
56,56,0,16,13,0,1,375,314,571,-1884,2,下位,0,375,47
73,73,0,78,250,0,2,431,314,571,-1884,2,下位,0,56,29
54,54,0,109,410,0,0,0,504,266,-2355,2,下位,0,0,0
380,380,0,26,64,0,0,0,54,426,-2016,2,下位,0,0,0
228,228,0,68,245,0,1,380,54,426,-2016,2,下位,0,380,80
75,75,0,82,298,0,0,0,608,261,-2656,1,下位,0,0,0
194,194,0,98,382,0,0,0,75,314,-2463,1,下位,0,0,0
333,333,0,79,282,1,0,0,0,0,1,0,下位,0,0,0
55,55,0,143,606,0,0,0,333,298,-238,1,下位,0,0,0
166,166,0,212,863,0,0,0,55,622,295,2,下位,0,0,0
132,132,0,139,536,0,0,0,166,879,906,4,下位,0,0,0
170,170,0,26,64,0,0,0,132,552,1245,3,下位,0,0,0
374,374,0,24,54,0,1,170,132,552,1245,3,下位,0,170,80
34,34,0,217,886,0,2,544,132,552,1245,3,下位,0,374,70
322,322,0,26,64,0,0,0,578,902,1365,3,下位,0,0,0
147,147,0,25,60,0,1,322,578,902,1365,3,下位,0,322,80
90,90,0,174,754,0,2,469,578,902,1365,3,下位,0,147,76
222,222,0,122,457,0,0,0,559,770,1390,2,下位,0,0,0
186,186,0,26,62,0,0,0,222,473,1505,2,下位,0,0,0
94,94,0,128,500,0,1,186,222,473,1505,2,下位,0,186,78
620,620,0,73,272,0,0,0,280,516,1647,2,下位,0,0,0
368,368,0,114,411,0,0,0,620,288,935,1,下位,0,0,0
361,361,0,84,299,0,0,0,368,427,768,2,下位,0,0,0
678,678,0,76,284,0,0,0,361,315,501,1,下位,0,0,0
666,666,0,24,56,0,0,0,678,300,-293,1,下位,0,0,0
34,34,0,86,325,0,1,666,678,300,-293,1,下位,0,666,72
358,358,0,80,327,0,0,0,700,341,-1009,1,下位,0,0,0
443,443,0,25,60,0,0,0,358,343,-1243,1,下位,0,0,0
385,385,0,194,778,0,1,443,358,343,-1243,1,下位,0,443,76
458,458,0,24,54,0,0,0,828,794,-1709,3,下位,0,0,0
360,360,0,128,497,0,1,458,828,794,-1709,3,下位,0,458,70
38,38,0,1273,5980,0,0,0,818,513,-2446,2,下位,0,0,0
582,582,0,176,771,1,0,0,0,0,1,0,下位,0,0,0
30,30,0,135,543,0,0,0,582,787,-151,2,下位,0,0,0
359,359,0,94,371,0,0,0,30,559,360,2,下位,0,0,0
372,372,0,25,60,0,0,0,359,387,168,1,下位,0,0,0
395,395,0,26,62,0,1,372,359,387,168,1,下位,0,372,76
62,62,0,96,416,0,2,767,359,387,168,1,下位,0,395,78
497,497,0,84,298,0,0,0,829,432,-583,1,下位,0,0,0
78,78,0,264,1082,0,0,0,497,314,-1071,1,下位,0,0,0
1000,1000,0,26,62,0,0,0,78,1098,-99,3,下位,0,0,0
197,197,0,20,32,0,1,1000,78,1098,-99,3,下位,0,1000,78
88,88,0,127,516,0,2,1197,78,1098,-99,3,下位,0,197,48
206,206,0,26,64,0,0,0,1285,532,-1514,2,下位,0,0,0
238,238,0,121,451,0,1,206,1285,532,-1514,2,下位,0,206,80
177,177,0,25,58,0,0,0,444,467,-1683,2,下位,0,0,0
229,229,0,319,1391,0,1,177,444,467,-1683,2,下位,0,177,74
451,451,0,24,54,0,0,0,406,1407,-857,4,下位,0,0,0
438,438,0,428,1806,0,1,451,406,1407,-857,4,下位,0,451,70
87,87,0,24,56,0,0,0,889,1822,-399,3,下位,0,0,0
83,83,0,69,266,0,1,87,889,1822,-399,3,下位,0,87,72
32,32,0,129,502,0,0,0,170,282,-319,1,下位,0,0,0
457,457,0,119,457,0,0,0,32,518,147,2,下位,0,0,0
480,480,0,222,924,1,0,0,0,0,1,0,下位,0,0,0
165,165,0,117,431,0,0,0,480,940,167,3,下位,0,0,0
249,249,0,26,64,0,0,0,165,447,348,2,下位,0,0,0
207,207,0,118,422,0,1,249,165,447,348,2,下位,0,249,80
72,72,0,85,319,0,0,0,456,438,130,2,下位,0,0,0
78,78,0,28,72,0,0,0,72,335,349,1,下位,0,0,0
24,24,0,167,607,0,1,78,72,335,349,1,下位,0,78,88
131,131,0,25,60,0,0,0,102,623,895,3,下位,0,0,0
84,84,0,153,569,0,1,131,102,623,895,3,下位,0,131,76
57,57,0,26,62,0,0,0,215,585,1210,3,下位,0,0,0
117,117,0,484,2168,0,1,57,215,585,1210,3,下位,0,57,78
620,620,0,72,269,0,0,0,174,2184,140,4,下位,0,0,0
696,696,0,25,58,0,0,0,620,285,-575,1,下位,0,0,0
172,172,0,191,736,0,1,696,620,285,-575,1,下位,0,696,74
176,176,0,158,657,0,0,0,868,752,-1149,3,下位,0,0,0
36,36,0,25,60,0,0,0,176,673,-760,2,下位,0,0,0
494,494,0,56,205,0,1,36,176,673,-760,2,下位,0,36,76
383,383,0,132,518,0,0,0,530,221,-1318,1,下位,0,0,0
953,953,0,258,1144,1,0,0,0,0,1,0,下位,0,0,0
180,180,0,117,429,0,0,0,953,1160,-376,2,下位,0,0,0
141,141,0,26,62,0,0,0,180,445,-221,2,下位,0,0,0
120,120,0,280,1156,0,1,141,180,445,-221,2,下位,0,141,78
171,171,0,25,58,0,0,0,261,1172,607,5,下位,0,0,0
147,147,0,67,256,0,1,171,261,1172,607,5,下位,0,171,74
166,166,0,110,389,0,0,0,318,272,440,1,下位,0,0,0
159,159,0,139,521,0,0,0,166,405,577,2,下位,0,0,0
41,41,0,221,947,0,0,0,159,537,858,3,下位,0,0,0
205,205,0,107,473,0,0,0,41,963,1755,2,下位,0,0,0
320,320,0,279,1267,0,0,0,205,489,1913,1,下位,0,0,0
268,268,0,98,366,0,0,0,320,1283,2680,1,下位,0,0,0
676,676,0,26,62,0,0,0,268,382,291,1,下位,0,0,0
244,244,0,26,62,0,1,676,268,382,291,1,下位,0,676,78
697,697,0,26,62,0,2,920,268,382,291,1,下位,0,244,78
134,134,0,81,326,0,3,1617,268,382,291,1,下位,0,697,78
352,352,0,99,393,0,0,0,1751,342,-1957,1,下位,0,0,0
75,75,0,919,4203,0,0,0,352,409,-2116,1,下位,0,0,0
138,138,0,25,58,0,0,0,75,4219,1982,6,下位,0,0,0
79,79,0,25,60,0,1,138,75,4219,1982,6,下位,0,138,74
222,222,0,91,363,0,2,217,75,4219,1982,6,下位,0,79,76
139,139,0,137,570,1,0,0,0,0,1,0,下位,0,0,0
90,90,0,25,58,0,0,0,139,586,363,2,下位,0,0,0
275,275,0,25,60,0,1,90,139,586,363,2,下位,0,90,74
840,840,0,25,58,0,2,365,139,586,363,2,下位,0,275,76
621,621,0,25,60,0,3,1205,139,586,363,2,下位,0,840,74
34,34,0,85,360,0,4,1826,139,586,363,2,下位,0,621,76
140,140,0,25,58,0,0,0,1860,376,-1962,1,下位,0,0,0
130,130,0,194,817,0,1,140,1860,376,-1962,1,下位,0,140,74
156,156,0,25,60,0,0,0,270,833,-1491,2,下位,0,0,0
357,357,0,75,300,0,1,156,270,833,-1491,2,下位,0,156,76
272,272,0,24,56,0,0,0,513,316,-1927,1,下位,0,0,0
417,417,0,127,489,0,1,272,513,316,-1927,1,下位,0,272,72
139,139,0,25,58,0,0,0,689,505,-2462,2,下位,0,0,0
254,254,0,143,529,0,1,139,689,505,-2462,2,下位,0,139,74
167,167,0,26,64,0,0,0,393,545,-2477,3,下位,0,0,0
367,367,0,173,678,0,1,167,393,545,-2477,3,下位,0,167,80
947,947,0,133,509,1,0,0,0,0,1,0,下位,0,0,0
293,293,0,204,738,0,0,0,947,525,-1001,2,下位,0,0,0
178,178,0,26,62,0,0,0,293,754,-720,5,下位,0,0,0
338,338,0,784,3762,0,1,178,293,754,-720,5,下位,0,178,78
132,132,0,25,58,0,0,0,516,3778,2304,3,下位,0,0,0
214,214,0,61,195,0,1,132,516,3778,2304,3,下位,0,132,74
87,87,0,26,64,0,0,0,346,211,2031,1,下位,0,0,0
358,358,0,24,56,0,1,87,346,211,2031,1,下位,0,87,80
147,147,0,26,62,0,2,445,346,211,2031,1,下位,0,358,72
126,126,0,25,58,0,3,592,346,211,2031,1,下位,0,147,78
113,113,0,26,62,0,4,718,346,211,2031,1,下位,0,126,74
998,998,0,134,520,0,5,831,346,211,2031,1,下位,0,113,78
164,164,0,205,960,0,0,0,1829,536,-1,2,下位,0,0,0
513,513,0,259,1233,0,0,0,164,976,710,1,下位,0,0,0
235,235,0,71,237,0,0,0,513,1249,1132,1,下位,0,0,0
383,383,0,26,64,0,0,0,235,253,1006,1,下位,0,0,0
313,313,0,94,350,0,1,383,235,253,1006,1,下位,0,383,80
88,88,0,103,372,0,0,0,696,366,329,1,下位,0,0,0
141,141,0,117,441,0,0,0,88,388,575,2,下位,0,0,0
269,269,0,68,228,0,0,0,141,457,805,2,下位,0,0,0
256,256,0,26,64,1,0,0,0,0,1,0,下位,0,0,0
132,132,0,24,54,1,1,256,0,0,1,0,下位,0,256,80
155,155,0,24,56,1,2,388,0,0,1,0,下位,0,132,70
137,137,0,26,62,1,3,543,0,0,1,0,下位,0,155,72
50,50,0,25,60,1,4,680,0,0,1,0,下位,0,137,78
357,357,0,222,988,1,5,730,0,0,1,0,下位,0,50,76
243,243,0,73,238,0,0,0,1087,1004,-373,2,下位,0,0,0
154,154,0,69,266,0,0,0,243,254,-511,1,下位,0,0,0
361,361,0,26,62,0,0,0,154,282,-477,1,下位,0,0,0
347,347,0,25,58,0,1,361,154,282,-477,1,下位,0,361,78
363,363,0,77,319,0,2,708,154,282,-477,1,下位,0,347,74
266,266,0,71,230,0,0,0,1071,335,-1717,1,下位,0,0,0
441,441,0,87,358,0,0,0,266,246,-1900,1,下位,0,0,0
111,111,0,25,58,0,0,0,441,374,-2237,1,下位,0,0,0
58,58,0,26,63,0,1,111,441,374,-2237,1,下位,0,111,74
186,186,0,148,616,0,2,169,441,374,-2237,1,下位,0,58,79
131,131,0,70,244,0,0,0,355,632,-2025,2,下位,0,0,0
185,185,0,24,56,0,0,0,131,260,-1976,1,下位,0,0,0
63,63,0,25,58,0,1,185,131,260,-1976,1,下位,0,185,72
247,247,0,750,3634,0,2,248,131,260,-1976,1,下位,0,63,74
688,688,0,69,263,0,0,0,495,3650,1021,1,下位,0,0,0
357,357,0,24,52,0,0,0,688,279,190,1,下位,0,0,0
73,73,0,25,60,0,1,357,688,279,190,1,下位,0,357,68
281,281,0,203,809,0,2,430,688,279,190,1,下位,0,73,76
329,329,0,22,45,1,0,0,0,0,1,0,下位,0,0,0
695,695,0,25,60,1,1,329,0,0,1,0,下位,0,329,61
31,31,0,25,60,1,2,1024,0,0,1,0,下位,0,695,76
554,554,0,25,58,1,3,1055,0,0,1,0,下位,0,31,76
166,166,0,103,431,1,4,1609,0,0,1,0,下位,0,554,74
533,533,0,185,798,0,0,0,1775,447,-2129,1,下位,0,0,0
171,171,0,26,62,0,0,0,533,814,-2175,1,下位,0,0,0
37,37,0,94,374,0,1,171,533,814,-2175,1,下位,0,171,78
401,401,0,87,370,0,0,0,208,390,-2043,1,下位,0,0,0
165,165,0,25,60,0,0,0,401,386,-2304,1,下位,0,0,0
213,213,0,26,62,0,1,165,401,386,-2304,1,下位,0,165,76
693,693,0,105,459,0,2,378,401,386,-2304,1,下位,0,213,78
131,131,0,21,39,1,0,0,0,0,1,0,下位,0,0,0
535,535,0,93,398,1,1,131,0,0,1,0,下位,0,131,55
254,254,0,177,791,0,0,0,666,414,-604,1,下位,0,0,0
260,260,0,26,62,0,0,0,254,807,-207,2,下位,0,0,0
236,236,0,97,375,0,1,260,254,807,-207,2,下位,0,260,78
164,164,0,24,52,0,0,0,496,391,-538,1,下位,0,0,0
168,168,0,71,238,0,1,164,496,391,-538,1,下位,0,164,68
713,713,0,24,56,0,0,0,332,254,-752,1,下位,0,0,0
360,360,0,219,1018,0,1,713,332,254,-752,1,下位,0,713,72
147,147,0,108,458,0,0,0,1073,1034,-1377,1,下位,0,0,0
598,598,0,65,200,0,0,0,147,474,-1140,1,下位,0,0,0
111,111,0,24,52,1,0,0,0,0,1,0,下位,0,0,0
364,364,0,172,572,1,1,111,0,0,1,0,下位,0,111,68
153,153,0,26,64,0,0,0,475,588,-109,4,下位,0,0,0
241,241,0,26,64,0,1,153,475,588,-109,4,下位,0,153,80
142,142,0,115,472,0,2,394,475,588,-109,4,下位,0,241,80
127,127,0,89,330,0,0,0,536,488,-326,2,下位,0,0,0
389,389,0,24,56,0,0,0,127,346,-185,1,下位,0,0,0
707,707,0,73,272,0,1,389,127,346,-185,1,下位,0,389,72
91,91,0,25,58,0,0,0,1096,288,-1593,1,下位,0,0,0
163,163,0,103,427,0,1,91,1096,288,-1593,1,下位,0,91,74
804,804,0,146,538,0,0,0,254,443,-1486,1,下位,0,0,0
178,178,0,232,896,0,0,0,804,554,-2229,3,下位,0,0,0
365,365,0,25,58,0,0,0,178,912,-1604,6,下位,0,0,0
392,392,0,69,267,0,1,365,178,912,-1604,6,下位,0,365,74
376,376,0,25,58,0,0,0,757,283,-2468,1,下位,0,0,0
167,167,0,263,1235,0,1,376,757,283,-2468,1,下位,0,376,74
998,998,0,89,367,0,0,0,543,1251,-2019,1,下位,0,0,0
504,504,0,1266,5805,1,0,0,0,0,1,0,下位,0,0,0
156,156,0,26,64,0,0,0,504,5821,2002,11,上位,0,0,0
804,804,0,24,56,0,1,156,504,5821,2002,11,上位,0,156,80
182,182,0,127,543,0,2,960,504,5821,2002,11,上位,0,804,72
668,668,0,74,291,0,0,0,1142,559,870,2,下位,0,0,0
602,602,0,28,72,0,0,0,668,307,100,1,下位,0,0,0
806,806,0,25,60,0,1,602,668,307,100,1,下位,0,602,88
135,135,0,154,657,0,2,1408,668,307,100,1,下位,0,806,76
92,92,0,24,56,0,0,0,1543,673,-1552,2,下位,0,0,0
164,164,0,25,60,0,1,92,1543,673,-1552,2,下位,0,92,72
225,225,0,143,561,0,2,256,1543,673,-1552,2,下位,0,164,76
213,213,0,25,58,0,0,0,481,577,-1604,2,下位,0,0,0
57,57,0,209,904,0,1,213,481,577,-1604,2,下位,0,213,74
358,358,0,136,543,0,0,0,270,920,-1046,3,下位,0,0,0
169,169,0,69,244,0,0,0,358,559,-1064,2,下位,0,0,0
359,359,0,114,404,0,0,0,169,260,-1077,1,下位,0,0,0
319,319,0,26,62,1,0,0,0,0,1,0,下位,0,0,0
158,158,0,122,447,1,1,319,0,0,1,0,下位,0,319,78
155,155,0,24,54,0,0,0,477,463,-228,2,下位,0,0,0
362,362,0,148,589,0,1,155,477,463,-228,2,下位,0,155,70
207,207,0,24,54,0,0,0,517,605,-387,2,下位,0,0,0
342,342,0,72,273,0,1,207,517,605,-387,2,下位,0,207,70
155,155,0,68,260,0,0,0,549,289,-914,1,下位,0,0,0
274,274,0,119,422,0,0,0,155,276,-888,1,下位,0,0,0
996,996,0,26,64,0,0,0,274,438,-892,2,下位,0,0,0
365,365,0,75,271,0,1,996,274,438,-892,2,下位,0,996,80
168,168,0,25,60,0,0,0,1361,287,-2721,1,下位,0,0,0
550,550,0,23,50,0,1,168,1361,287,-2721,1,下位,0,168,76
649,649,0,25,60,0,2,718,1361,287,-2721,1,下位,0,550,66
81,81,0,510,2443,0,3,1367,1361,287,-2721,1,下位,0,649,76
142,142,0,281,1104,0,0,0,1448,2459,-2380,2,下位,0,0,0
259,259,0,25,58,0,0,0,142,1120,-1489,5,下位,0,0,0
151,151,0,25,60,0,1,259,142,1120,-1489,5,下位,0,259,74
55,55,0,69,222,0,2,410,142,1120,-1489,5,下位,0,151,76
235,235,0,26,62,1,0,0,0,0,1,0,下位,0,0,0
426,426,0,22,45,1,1,235,0,0,1,0,下位,0,235,78
378,378,0,95,353,1,2,661,0,0,1,0,下位,0,426,61
169,169,0,111,444,0,0,0,1039,369,-1167,2,下位,0,0,0
163,163,0,228,863,0,0,0,169,460,-980,2,下位,0,0,0
989,989,0,23,47,0,0,0,163,879,-364,5,下位,0,0,0
620,620,0,25,60,0,1,989,163,879,-364,5,下位,0,989,63
210,210,0,125,492,0,2,1609,163,879,-364,5,下位,0,620,76
693,693,0,100,435,0,0,0,1819,508,-2651,2,下位,0,0,0
267,267,0,77,286,0,0,0,693,451,-3318,1,下位,0,0,0
114,114,0,107,402,1,0,0,0,0,1,0,下位,0,0,0
696,696,0,26,62,0,0,0,114,418,235,2,下位,0,0,0
762,762,0,89,352,0,1,696,114,418,235,2,下位,0,696,78
196,196,0,26,62,0,0,0,1458,368,-1671,1,下位,0,0,0
150,150,0,418,1664,0,1,196,1458,368,-1671,1,下位,0,196,78
110,110,0,83,292,0,0,0,346,1680,-471,8,上位,0,0,0
160,160,0,26,64,0,0,0,110,308,-340,1,下位,0,0,0
232,232,0,107,449,0,1,160,110,308,-340,1,下位,0,160,80
163,163,0,24,56,0,0,0,392,465,-427,1,下位,0,0,0
999,999,0,24,56,0,1,163,392,465,-427,1,下位,0,163,72
363,363,0,156,644,0,2,1162,392,465,-427,1,下位,0,999,72
105,105,0,26,64,1,0,0,0,0,1,0,下位,0,0,0
313,313,0,71,252,1,1,105,0,0,1,0,下位,0,105,80
630,630,0,94,362,0,0,0,418,268,-325,1,下位,0,0,0
209,209,0,237,1089,0,0,0,630,378,-963,1,下位,0,0,0
998,998,0,24,56,0,0,0,209,1105,-195,1,下位,0,0,0
381,381,0,109,381,0,1,998,209,1105,-195,1,下位,0,998,72
751,751,0,24,52,0,0,0,1379,397,-1951,2,下位,0,0,0
358,358,0,140,602,0,1,751,1379,397,-1951,2,下位,0,751,68
161,161,0,24,52,0,0,0,1109,618,-3053,2,下位,0,0,0
136,136,0,87,316,0,1,161,1109,618,-3053,2,下位,0,161,68
215,215,0,26,64,0,0,0,297,332,-3132,1,下位,0,0,0
117,117,0,25,58,0,1,215,297,332,-3132,1,下位,0,215,80
206,206,0,73,239,0,2,332,297,332,-3132,1,下位,0,117,74
568,568,0,26,64,0,0,0,538,255,-3591,1,下位,0,0,0
156,156,0,106,462,0,1,568,538,255,-3591,1,下位,0,568,80
403,403,0,25,60,1,0,0,0,0,1,0,下位,0,0,0
545,545,0,25,58,1,1,403,0,0,1,0,下位,0,403,76
998,998,0,25,58,1,2,948,0,0,1,0,下位,0,545,74
358,358,0,233,1041,1,3,1946,0,0,1,0,下位,0,998,74
70,70,0,26,62,0,0,0,2304,1057,-2434,1,下位,0,0,0
122,122,0,24,54,0,1,70,2304,1057,-2434,1,下位,0,70,78
367,367,0,164,596,0,2,192,2304,1057,-2434,1,下位,0,122,70
696,696,0,26,62,0,0,0,559,612,-2576,3,下位,0,0,0
171,171,0,151,585,0,1,696,559,612,-2576,3,下位,0,696,78
205,205,0,96,391,0,0,0,867,601,-3296,2,下位,0,0,0
46,46,0,24,54,0,0,0,205,407,-3220,1,下位,0,0,0
158,158,0,87,308,0,1,46,205,407,-3220,1,下位,0,46,70
214,214,0,1297,6246,0,0,0,204,324,-3155,1,下位,0,0,0
343,343,0,88,314,0,0,0,214,6262,362,6,下位,0,0,0
411,411,0,25,60,0,0,0,343,330,139,1,下位,0,0,0
686,686,0,109,447,0,1,411,343,330,139,1,下位,0,411,76
146,146,0,886,3682,0,0,0,1097,463,-1091,2,下位,0,0,0
110,110,0,26,64,1,0,0,0,0,1,0,下位,0,0,0
152,152,0,26,62,1,1,110,0,0,1,0,下位,0,110,80
361,361,0,25,59,1,2,262,0,0,1,0,下位,0,152,78
353,353,0,146,544,1,3,623,0,0,1,0,下位,0,361,75
257,257,0,26,62,0,0,0,976,560,-780,2,下位,0,0,0
144,144,0,24,56,0,1,257,976,560,-780,2,下位,0,257,78
427,427,0,165,665,0,2,401,976,560,-780,2,下位,0,144,72
248,248,0,72,264,0,0,0,828,681,-1285,3,下位,0,0,0
692,692,0,25,60,0,0,0,248,280,-1405,1,下位,0,0,0
34,34,0,86,306,0,1,692,248,280,-1405,1,下位,0,692,76
158,158,0,75,256,0,0,0,726,322,-2178,1,下位,0,0,0
208,208,0,211,849,0,0,0,158,272,-2161,1,下位,0,0,0
452,452,0,178,764,0,0,0,208,865,-1631,3,下位,0,0,0
328,328,0,500,2192,1,0,0,0,0,1,0,下位,0,0,0
389,389,0,106,401,0,0,0,328,2208,1680,5,下位,0,0,0
147,147,0,27,68,0,0,0,389,417,1470,2,下位,0,0,0
367,367,0,25,60,0,1,147,389,417,1470,2,下位,0,147,84
360,360,0,117,522,0,2,514,389,417,1470,2,下位,0,367,76
208,208,0,59,196,0,0,0,874,538,758,1,下位,0,0,0
164,164,0,212,821,0,0,0,208,212,635,1,下位,0,0,0
415,415,0,26,62,0,0,0,164,837,1207,4,下位,0,0,0
598,598,0,98,365,0,1,415,164,837,1207,4,下位,0,415,78
213,213,0,133,528,0,0,0,1013,381,32,1,下位,0,0,0
122,122,0,25,58,0,0,0,213,544,232,2,下位,0,0,0
564,564,0,146,580,0,1,122,213,544,232,2,下位,0,122,74
156,156,0,128,475,0,0,0,686,596,-205,3,下位,0,0,0
141,141,0,71,275,0,0,0,156,491,34,2,下位,0,0,0
346,346,0,80,294,1,0,0,0,0,1,0,下位,0,0,0
691,691,0,67,260,0,0,0,346,310,-247,1,下位,0,0,0
311,311,0,22,45,0,0,0,691,276,-1086,1,下位,0,0,0
168,168,0,25,60,0,1,311,691,276,-1086,1,下位,0,311,61
154,154,0,24,54,0,2,479,691,276,-1086,1,下位,0,168,76
54,54,0,229,928,0,3,633,691,276,-1086,1,下位,0,154,70
549,549,0,106,430,0,0,0,687,944,-1044,4,下位,0,0,0
410,410,0,58,180,0,0,0,549,446,-1483,1,下位,0,0,0
386,386,0,75,256,0,0,0,410,196,-1948,1,下位,0,0,0
72,72,0,26,62,0,0,0,386,272,-2299,1,下位,0,0,0
387,387,0,24,56,0,1,72,386,272,-2299,1,下位,0,72,78
714,714,0,26,62,0,2,459,386,272,-2299,1,下位,0,387,72
42,42,0,147,550,0,3,1173,386,272,-2299,1,下位,0,714,78
288,288,0,25,58,0,0,0,1215,566,-3465,3,下位,0,0,0
318,318,0,26,62,0,1,288,1215,566,-3465,3,下位,0,288,74
508,508,0,25,60,0,2,606,1215,566,-3465,3,下位,0,318,78
358,358,0,91,344,0,3,1114,1215,566,-3465,3,下位,0,508,76
157,157,0,96,359,0,0,0,1472,360,-5251,1,下位,0,0,0
153,153,0,76,279,0,0,0,157,375,-5129,2,下位,0,0,0
251,251,0,26,64,0,0,0,153,295,-5081,1,下位,0,0,0
691,691,0,103,388,0,1,251,153,295,-5081,1,下位,0,251,80
88,88,0,23,50,1,0,0,0,0,1,0,下位,0,0,0
303,303,0,24,54,1,1,88,0,0,1,0,下位,0,88,66
77,77,0,605,2927,1,2,391,0,0,1,0,下位,0,303,70
158,158,0,67,227,0,0,0,468,2943,2325,2,下位,0,0,0
159,159,0,75,275,0,0,0,158,243,2313,1,下位,0,0,0
170,170,0,232,1044,0,0,0,159,291,2348,1,下位,0,0,0
383,383,0,88,341,0,0,0,170,1060,595,3,下位,0,0,0
369,369,0,25,60,0,0,0,383,357,334,1,下位,0,0,0
317,317,0,120,456,0,1,369,383,357,334,1,下位,0,369,76
320,320,0,25,60,0,0,0,686,472,-224,2,下位,0,0,0
36,36,0,26,62,0,1,320,686,472,-224,2,下位,0,320,76
114,114,0,90,372,0,2,356,686,472,-224,2,下位,0,36,78
97,97,0,118,427,0,0,0,470,388,-440,1,下位,0,0,0
128,128,0,22,45,0,0,0,97,443,-153,2,下位,0,0,0
93,93,0,172,710,0,1,128,97,443,-153,2,下位,0,128,61
262,262,0,85,300,0,0,0,221,726,277,3,下位,0,0,0
366,366,0,85,319,0,0,0,262,316,170,1,下位,0,0,0
100,100,0,23,47,0,0,0,366,335,-85,1,下位,0,0,0
387,387,0,148,633,0,1,100,366,335,-85,1,下位,0,100,63
137,137,0,152,641,0,0,0,487,649,-158,1,下位,0,0,0
84,84,0,77,258,0,0,0,137,657,278,2,下位,0,0,0
66,66,0,24,56,0,0,0,84,274,417,1,下位,0,0,0
193,193,0,109,412,0,1,66,84,274,417,1,下位,0,66,72
272,272,0,80,314,0,0,0,259,428,499,2,下位,0,0,0
300,300,0,72,276,0,0,0,272,330,390,1,下位,0,0,0
998,998,0,25,60,0,0,0,300,292,198,1,下位,0,0,0
283,283,0,24,56,0,1,998,300,292,198,1,下位,0,998,76
356,356,0,648,3011,0,2,1281,300,292,198,1,下位,0,283,72
124,124,0,22,43,1,0,0,0,0,1,0,下位,0,0,0
346,346,0,65,227,1,1,124,0,0,1,0,下位,0,124,59
136,136,0,119,484,0,0,0,470,243,-455,1,下位,0,0,0
264,264,0,97,396,0,0,0,136,500,-174,2,下位,0,0,0
165,165,0,173,704,0,0,0,264,412,-188,2,下位,0,0,0
54,54,0,26,62,0,0,0,165,720,266,2,下位,0,0,0
141,141,0,24,52,0,1,54,165,720,266,2,下位,0,54,78
161,161,0,152,581,0,2,195,165,720,266,2,下位,0,141,68
48,48,0,169,602,0,0,0,356,597,434,3,下位,0,0,0
297,297,0,67,249,0,0,0,48,618,975,3,下位,0,0,0
146,146,0,165,656,0,0,0,297,265,761,1,下位,0,0,0
113,113,0,25,61,0,0,0,146,672,1198,2,下位,0,0,0
111,111,0,65,221,0,1,113,146,672,1198,2,下位,0,113,77
998,998,0,24,54,0,0,0,224,237,1151,1,下位,0,0,0
131,131,0,23,49,0,1,998,224,237,1151,1,下位,0,998,70
396,396,0,21,37,0,2,1129,224,237,1151,1,下位,0,131,65
345,345,0,23,50,0,3,1525,224,237,1151,1,下位,0,396,53
171,171,0,126,546,0,4,1870,224,237,1151,1,下位,0,345,66
161,161,0,24,54,0,0,0,2041,562,-1326,1,下位,0,0,0
147,147,0,25,60,0,1,161,2041,562,-1326,1,下位,0,161,70
360,360,0,78,293,0,2,308,2041,562,-1326,1,下位,0,147,76
303,303,0,116,454,0,0,0,668,309,-1949,1,下位,0,0,0
362,362,0,25,60,0,0,0,303,470,-1968,2,下位,0,0,0
87,87,0,23,47,0,1,362,303,470,-1968,2,下位,0,362,76
558,558,0,96,411,0,2,449,303,470,-1968,2,下位,0,87,63
698,698,0,94,376,0,0,0,1007,427,-3026,1,下位,0,0,0
342,342,0,196,785,0,0,0,698,392,-3760,1,下位,0,0,0
124,124,0,162,602,1,0,0,0,0,1,0,下位,0,0,0
624,624,0,26,62,0,0,0,124,618,419,4,下位,0,0,0
340,340,0,95,361,0,1,624,124,618,419,4,下位,0,624,78
138,138,0,204,729,0,0,0,964,377,-681,1,下位,0,0,0
357,357,0,23,50,0,0,0,138,745,-159,5,下位,0,0,0
797,797,0,23,50,0,1,357,138,745,-159,5,下位,0,357,66
207,207,0,222,873,0,2,1154,138,745,-159,5,下位,0,797,66
434,434,0,24,53,0,0,0,1361,889,-1334,5,下位,0,0,0
299,299,0,79,299,0,1,434,1361,889,-1334,5,下位,0,434,69
704,704,0,96,393,0,0,0,733,315,-2132,1,下位,0,0,0
348,348,0,25,60,0,0,0,704,409,-2858,1,下位,0,0,0
274,274,0,25,58,0,1,348,704,409,-2858,1,下位,0,348,76
690,690,0,26,64,0,2,622,704,409,-2858,1,下位,0,274,74
209,209,0,148,648,0,3,1312,704,409,-2858,1,下位,0,690,80
214,214,0,77,259,1,0,0,0,0,1,0,下位,0,0,0
222,222,0,26,64,0,0,0,214,275,-69,1,下位,0,0,0
134,134,0,116,485,0,1,222,214,275,-69,1,下位,0,222,80
356,356,0,75,273,0,0,0,356,501,-62,1,下位,0,0,0
349,349,0,26,64,0,0,0,356,289,-347,1,下位,0,0,0
97,97,0,26,62,0,1,349,356,289,-347,1,下位,0,349,80
168,168,0,122,512,0,2,446,356,289,-347,1,下位,0,97,78
149,149,0,25,58,0,0,0,614,528,-652,2,下位,0,0,0
472,472,0,94,347,0,1,149,614,528,-652,2,下位,0,149,74
125,125,0,25,60,0,0,0,621,363,-1216,1,下位,0,0,0
383,383,0,25,60,0,1,125,621,363,-1216,1,下位,0,125,76
175,175,0,23,48,0,2,508,621,363,-1216,1,下位,0,383,76
395,395,0,72,274,0,3,683,621,363,-1216,1,下位,0,175,64
58,58,0,142,640,0,0,0,1078,290,-2449,1,下位,0,0,0
88,88,0,25,60,0,0,0,58,656,-1887,2,下位,0,0,0
51,51,0,83,288,0,1,88,58,656,-1887,2,下位,0,88,76
143,143,0,24,56,0,0,0,139,304,-1731,1,下位,0,0,0
104,104,0,25,58,0,1,143,139,304,-1731,1,下位,0,143,72
712,712,0,249,1089,0,2,247,139,304,-1731,1,下位,0,104,74
375,375,0,24,54,0,0,0,959,1105,-2027,4,下位,0,0,0
139,139,0,122,478,0,1,375,959,1105,-2027,4,下位,0,375,70
658,658,0,25,58,0,0,0,514,494,-2292,2,下位,0,0,0
175,175,0,118,430,0,1,658,514,494,-2292,2,下位,0,658,74
79,79,0,23,47,0,0,0,833,446,-3115,2,下位,0,0,0
291,291,0,25,58,0,1,79,833,446,-3115,2,下位,0,79,63
395,395,0,103,396,0,2,370,833,446,-3115,2,下位,0,291,74
981,981,0,107,469,0,0,0,765,412,-3800,1,下位,0,0,0
36,36,0,26,62,1,0,0,0,0,1,0,下位,0,0,0
141,141,0,26,62,1,1,36,0,0,1,0,下位,0,36,78
281,281,0,136,601,1,2,177,0,0,1,0,下位,0,141,78
397,397,0,70,243,0,0,0,458,617,35,2,下位,0,0,0
395,395,0,245,1040,0,0,0,397,259,-346,1,下位,0,0,0
360,360,0,123,463,0,0,0,395,1056,73,4,下位,0,0,0
862,862,0,252,1027,0,0,0,360,479,-29,2,下位,0,0,0
144,144,0,26,62,0,0,0,862,1043,-376,5,下位,0,0,0
999,999,0,116,453,0,1,144,862,1043,-376,5,下位,0,144,78
186,186,0,97,381,0,0,0,1143,469,-1672,2,下位,0,0,0
62,62,0,119,505,0,0,0,186,397,-1575,1,下位,0,0,0
177,177,0,24,52,0,0,0,62,521,-1154,1,下位,0,0,0
133,133,0,83,290,0,1,177,62,521,-1154,1,下位,0,177,68
62,62,0,65,240,0,0,0,310,306,-1281,1,下位,0,0,0
357,357,0,24,54,0,0,0,62,256,-1125,1,下位,0,0,0
268,268,0,26,62,0,1,357,62,256,-1125,1,下位,0,357,70
370,370,0,25,60,0,2,625,62,256,-1125,1,下位,0,268,78
44,44,0,24,54,0,3,995,62,256,-1125,1,下位,0,370,76
176,176,0,71,249,0,4,1039,62,256,-1125,1,下位,0,44,70
120,120,0,71,247,1,0,0,0,0,1,0,下位,0,0,0
113,113,0,25,60,0,0,0,120,263,70,1,下位,0,0,0
673,673,0,24,52,0,1,113,120,263,70,1,下位,0,113,76
34,34,0,25,58,0,2,786,120,263,70,1,下位,0,673,68
211,211,0,26,62,0,3,820,120,263,70,1,下位,0,34,74
157,157,0,24,56,0,4,1031,120,263,70,1,下位,0,211,78
34,34,0,82,328,0,5,1188,120,263,70,1,下位,0,157,72
573,573,0,86,363,0,0,0,1222,344,-1189,1,下位,0,0,0
232,232,0,101,407,0,0,0,573,379,-1734,1,下位,0,0,0
136,136,0,124,519,0,0,0,232,423,-1685,1,下位,0,0,0
158,158,0,874,3997,0,0,0,136,535,-1369,1,下位,0,0,0
166,166,0,26,62,0,0,0,158,4013,2389,7,下位,0,0,0
163,163,0,26,64,0,1,166,158,4013,2389,7,下位,0,166,78
166,166,0,22,43,0,2,329,158,4013,2389,7,下位,0,163,80
101,101,0,25,60,0,3,495,158,4013,2389,7,下位,0,166,59
83,83,0,26,64,0,4,596,158,4013,2389,7,下位,0,101,76
56,56,0,741,3369,0,5,679,158,4013,2389,7,下位,0,83,80
620,620,0,157,599,0,0,0,735,3385,2206,8,上位,0,0,0
593,593,0,25,60,0,0,0,620,615,1821,3,下位,0,0,0
701,701,0,23,47,0,1,593,620,615,1821,3,下位,0,593,76
358,358,0,563,2594,0,2,1294,620,615,1821,3,下位,0,701,63
186,186,0,117,508,0,0,0,1652,2610,1905,5,下位,0,0,0
167,167,0,25,58,1,0,0,0,0,1,0,下位,0,0,0
999,999,0,25,58,1,1,167,0,0,1,0,下位,0,167,74
599,599,0,894,4183,1,2,1166,0,0,1,0,下位,0,999,74
531,531,0,25,60,0,0,0,1765,4199,1502,6,下位,0,0,0
196,196,0,25,60,0,1,531,1765,4199,1502,6,下位,0,531,76
422,422,0,98,425,0,2,727,1765,4199,1502,6,下位,0,196,76
123,123,0,319,1371,0,0,0,1149,441,241,1,下位,0,0,0
200,200,0,24,56,0,0,0,123,1387,1430,4,下位,0,0,0
364,364,0,24,56,0,1,200,123,1387,1430,4,下位,0,200,72
248,248,0,525,2292,0,2,564,123,1387,1430,4,下位,0,364,72
594,594,0,63,189,0,0,0,812,2308,113,4,下位,0,0,0
989,989,0,112,492,0,0,0,594,205,-640,1,下位,0,0,0
320,320,0,26,64,0,0,0,989,508,-1727,1,下位,0,0,0
167,167,0,225,1009,0,1,320,989,508,-1727,1,下位,0,320,80
327,327,0,151,541,1,0,0,0,0,1,0,下位,0,0,0
356,356,0,61,180,0,0,0,327,557,31,3,下位,0,0,0
383,383,0,22,44,0,0,0,356,196,-347,1,下位,0,0,0
166,166,0,26,64,0,1,383,356,196,-347,1,下位,0,383,60
450,450,0,120,513,0,2,549,356,196,-347,1,下位,0,166,80
77,77,0,104,454,0,0,0,999,529,-1290,2,下位,0,0,0
156,156,0,69,238,0,0,0,77,470,-944,1,下位,0,0,0
150,150,0,25,60,0,0,0,156,254,-942,1,下位,0,0,0
428,428,0,64,242,0,1,150,156,254,-942,1,下位,0,150,76
513,513,0,167,647,0,0,0,578,258,-1540,1,下位,0,0,0
69,69,0,76,292,0,0,0,513,663,-1704,2,下位,0,0,0
542,542,0,76,300,0,0,0,69,308,-1507,1,下位,0,0,0
237,237,0,78,310,0,0,0,542,316,-2065,1,下位,0,0,0
625,625,0,25,58,0,0,0,237,326,-2121,1,下位,0,0,0
998,998,0,25,60,0,1,625,237,326,-2121,1,下位,0,625,74
158,158,0,74,281,0,2,1623,237,326,-2121,1,下位,0,998,76
88,88,0,25,58,0,0,0,1781,297,-4547,1,下位,0,0,0
135,135,0,26,64,0,1,88,1781,297,-4547,1,下位,0,88,74
133,133,0,82,348,0,2,223,1781,297,-4547,1,下位,0,135,80
174,174,0,78,268,0,0,0,356,364,-4604,1,下位,0,0,0
130,130,0,88,354,1,0,0,0,0,1,0,下位,0,0,0
369,369,0,26,64,0,0,0,130,370,161,1,下位,0,0,0
159,159,0,25,60,0,1,369,130,370,161,1,下位,0,369,80
709,709,0,124,554,0,2,528,130,370,161,1,下位,0,159,76
348,348,0,105,377,0,0,0,1237,570,-1109,1,下位,0,0,0
331,331,0,158,604,0,0,0,348,393,-1277,2,下位,0,0,0
684,684,0,159,573,0,0,0,331,620,-1191,3,下位,0,0,0
177,177,0,25,60,0,0,0,684,589,-1705,3,下位,0,0,0
154,154,0,26,62,0,1,177,684,589,-1705,3,下位,0,177,76
194,194,0,79,331,0,2,331,684,589,-1705,3,下位,0,154,78
143,143,0,93,386,0,0,0,525,347,-2052,1,下位,0,0,0
684,684,0,23,50,0,0,0,143,402,-1881,1,下位,0,0,0
1004,1004,0,223,989,0,1,684,143,402,-1881,1,下位,0,684,66
122,122,0,25,60,1,0,0,0,0,1,0,下位,0,0,0
172,172,0,25,58,1,1,122,0,0,1,0,下位,0,122,76
431,431,0,88,318,1,2,294,0,0,1,0,下位,0,172,74
683,683,0,105,433,0,0,0,725,334,-685,1,下位,0,0,0
359,359,0,24,56,0,0,0,683,449,-1338,1,下位,0,0,0
496,496,0,142,590,0,1,359,683,449,-1338,1,下位,0,359,72
250,250,0,110,466,0,0,0,855,606,-2039,2,下位,0,0,0
446,446,0,220,854,0,0,0,250,482,-1960,1,下位,0,0,0
137,137,0,123,495,0,0,0,446,870,-1809,4,下位,0,0,0
133,133,0,77,262,0,0,0,137,511,-1519,1,下位,0,0,0
349,349,0,108,389,0,0,0,133,278,-1456,1,下位,0,0,0
160,160,0,25,60,0,0,0,349,405,-1614,2,下位,0,0,0
279,279,0,26,62,0,1,160,349,405,-1614,2,下位,0,160,76
567,567,0,1324,6389,0,2,439,349,405,-1614,2,下位,0,279,78
360,360,0,24,56,0,0,0,1006,6405,781,6,下位,0,0,0
143,143,0,25,58,0,1,360,1006,6405,781,6,下位,0,360,72
359,359,0,245,1158,0,2,503,1006,6405,781,6,下位,0,143,74
349,349,0,70,222,0,0,0,862,1174,710,1,下位,0,0,0
355,355,0,26,64,1,0,0,0,0,1,0,下位,0,0,0
482,482,0,71,272,1,1,355,0,0,1,0,下位,0,355,80
364,364,0,26,64,0,0,0,837,288,-981,1,下位,0,0,0
166,166,0,184,716,0,1,364,837,288,-981,1,下位,0,364,80
210,210,0,67,257,0,0,0,530,732,-1024,4,下位,0,0,0
359,359,0,25,60,0,0,0,210,273,-1090,1,下位,0,0,0
120,120,0,156,657,0,1,359,210,273,-1090,1,下位,0,359,76
378,378,0,164,626,0,0,0,479,673,-1114,1,下位,0,0,0
701,701,0,26,64,0,0,0,378,642,-1082,4,下位,0,0,0
481,481,0,80,274,0,1,701,378,642,-1082,4,下位,0,701,80
394,394,0,24,54,0,0,0,1182,290,-2619,1,下位,0,0,0
246,246,0,72,275,0,1,394,1182,290,-2619,1,下位,0,394,70
83,83,0,281,1262,0,0,0,640,291,-3291,1,下位,0,0,0
185,185,0,288,1229,0,0,0,83,1278,-2147,2,下位,0,0,0
165,165,0,89,352,0,0,0,185,1245,-1200,3,下位,0,0,0
94,94,0,580,2492,0,0,0,165,368,-1098,1,下位,0,0,0
56,56,0,21,41,1,0,0,0,0,1,0,下位,0,0,0
137,137,0,26,64,1,1,56,0,0,1,0,下位,0,56,57
153,153,0,214,879,1,2,193,0,0,1,0,下位,0,137,80
998,998,0,154,553,0,0,0,346,895,475,4,下位,0,0,0
361,361,0,26,64,0,0,0,998,569,-566,3,下位,0,0,0
370,370,0,24,54,0,1,361,998,569,-566,3,下位,0,361,80
558,558,0,19,30,0,2,731,998,569,-566,3,下位,0,370,70
647,647,0,116,445,0,3,1289,998,569,-566,3,下位,0,558,46
457,457,0,119,474,0,0,0,1936,461,-3032,2,下位,0,0,0
325,325,0,109,424,0,0,0,457,490,-3279,1,下位,0,0,0
339,339,0,26,64,0,0,0,325,440,-3363,2,下位,0,0,0
363,363,0,553,2532,0,1,339,325,440,-3363,2,下位,0,339,80
138,138,0,72,284,1,0,0,0,0,1,0,下位,0,0,0
998,998,0,88,324,0,0,0,138,300,78,1,下位,0,0,0
357,357,0,101,430,0,0,0,998,340,-1192,1,下位,0,0,0
150,150,0,24,56,0,0,0,357,446,-1322,1,下位,0,0,0
164,164,0,76,294,0,1,150,357,446,-1322,1,下位,0,150,72
72,72,0,25,60,0,0,0,314,310,-1447,1,下位,0,0,0
129,129,0,66,252,0,1,72,314,310,-1447,1,下位,0,72,76
188,188,0,104,454,0,0,0,201,268,-1427,1,下位,0,0,0
380,380,0,24,54,0,0,0,188,470,-1260,1,下位,0,0,0
371,371,0,185,784,0,1,380,188,470,-1260,1,下位,0,380,70
115,115,0,26,64,1,0,0,0,0,1,0,下位,0,0,0
113,113,0,82,311,1,1,115,0,0,1,0,下位,0,115,80
468,468,0,25,60,0,0,0,228,327,40,1,下位,0,0,0
545,545,0,24,54,0,1,468,228,327,40,1,下位,0,468,76
360,360,0,81,296,0,2,1013,228,327,40,1,下位,0,545,70
299,299,0,98,368,0,0,0,1373,312,-1717,1,下位,0,0,0
552,552,0,82,300,1,0,0,0,0,1,0,下位,0,0,0
324,324,0,144,614,0,0,0,552,316,-573,1,下位,0,0,0
316,316,0,209,872,0,0,0,324,630,-466,1,下位,0,0,0
365,365,0,74,280,1,0,0,0,0,1,0,下位,0,0,0
374,374,0,144,597,0,0,0,365,296,-292,1,下位,0,0,0
125,125,0,282,1114,0,0,0,374,613,-282,2,下位,0,0,0
506,506,0,141,533,0,0,0,125,1130,646,5,下位,0,0,0
363,363,0,70,229,0,0,0,506,549,379,2,下位,0,0,0
694,694,0,109,449,0,0,0,363,245,39,1,下位,0,0,0
698,698,0,125,476,0,0,0,694,465,-615,2,下位,0,0,0
393,393,0,24,54,1,0,0,0,0,1,0,下位,0,0,0
318,318,0,125,526,1,1,393,0,0,1,0,下位,0,393,70
365,365,0,174,748,0,0,0,711,542,-534,2,下位,0,0,0
135,135,0,687,3061,0,0,0,365,764,-359,2,下位,0,0,0
58,58,0,125,559,0,0,0,135,3077,2500,7,下位,0,0,0
369,369,0,117,454,0,0,0,58,575,408,1,下位,0,0,0
95,95,0,26,62,0,0,0,369,470,283,2,下位,0,0,0
288,288,0,24,52,0,1,95,369,470,283,2,下位,0,95,78
157,157,0,27,68,0,2,383,369,470,283,2,下位,0,288,68
187,187,0,25,58,0,3,540,369,470,283,2,下位,0,157,84
173,173,0,245,1108,0,4,727,369,470,283,2,下位,0,187,74
730,730,0,151,568,0,0,0,900,1124,259,1,下位,0,0,0
191,191,0,25,60,1,0,0,0,0,1,0,下位,0,0,0
95,95,0,26,64,1,1,191,0,0,1,0,下位,0,191,76
283,283,0,21,41,1,2,286,0,0,1,0,下位,0,95,80
697,697,0,865,3983,1,3,569,0,0,1,0,下位,0,283,57
556,556,0,26,64,0,0,0,1266,3999,2171,6,下位,0,0,0
161,161,0,26,64,0,1,556,1266,3999,2171,6,下位,0,556,80
63,63,0,26,62,0,2,717,1266,3999,2171,6,下位,0,161,80
161,161,0,24,56,0,3,780,1266,3999,2171,6,下位,0,63,78
145,145,0,238,1094,0,4,941,1266,3999,2171,6,下位,0,161,72
61,61,0,22,43,0,0,0,1086,1110,1838,1,下位,0,0,0
681,681,0,77,268,0,1,61,1086,1110,1838,1,下位,0,61,59
148,148,0,71,240,1,0,0,0,0,1,0,下位,0,0,0
362,362,0,77,268,0,0,0,148,256,18,1,下位,0,0,0
128,128,0,196,769,0,0,0,362,284,-282,1,下位,0,0,0
115,115,0,230,937,0,0,0,128,785,297,4,下位,0,0,0
83,83,0,599,2501,0,0,0,115,953,1065,5,下位,0,0,0
177,177,0,444,2129,1,0,0,0,0,1,0,下位,0,0,0
148,148,0,83,298,0,0,0,177,2145,1861,1,下位,0,0,0
503,503,0,24,56,0,0,0,148,314,1936,1,下位,0,0,0
152,152,0,84,321,0,1,503,148,314,1936,1,下位,0,503,72
70,70,0,25,58,0,0,0,655,337,1289,1,下位,0,0,0
188,188,0,26,62,0,1,70,655,337,1289,1,下位,0,70,74
334,334,0,123,513,0,2,258,655,337,1289,1,下位,0,188,78
157,157,0,24,52,0,0,0,592,529,1015,2,下位,0,0,0
160,160,0,24,56,0,1,157,592,529,1015,2,下位,0,157,68
74,74,0,188,781,0,2,317,592,529,1015,2,下位,0,160,72
145,145,0,26,62,0,0,0,391,797,1322,3,下位,0,0,0
113,113,0,25,60,0,1,145,391,797,1322,3,下位,0,145,78
126,126,0,24,56,0,2,258,391,797,1322,3,下位,0,113,76
739,739,0,25,58,0,3,384,391,797,1322,3,下位,0,126,72
80,80,0,81,342,0,4,1123,391,797,1322,3,下位,0,739,74
173,173,0,114,442,0,0,0,1203,358,40,1,下位,0,0,0
550,550,0,62,230,0,0,0,173,458,219,2,下位,0,0,0
136,136,0,26,64,0,0,0,550,246,-422,1,下位,0,0,0
94,94,0,380,1774,0,1,136,550,246,-422,1,下位,0,136,80
210,210,0,25,58,0,0,0,230,1790,1077,1,下位,0,0,0
76,76,0,117,455,0,1,210,230,1790,1077,1,下位,0,210,74
205,205,0,64,228,0,0,0,286,471,1160,2,下位,0,0,0
208,208,0,17,17,1,0,0,0,0,1,0,下位,0,0,0
105,105,0,61,218,1,1,208,0,0,1,0,下位,0,208,33
484,484,0,138,539,0,0,0,313,234,-237,1,下位,0,0,0
181,181,0,101,363,0,0,0,484,555,-463,3,下位,0,0,0
358,358,0,24,54,0,0,0,181,379,-376,2,下位,0,0,0
998,998,0,24,56,0,1,358,181,379,-376,2,下位,0,358,70
225,225,0,120,474,0,2,1356,181,379,-376,2,下位,0,998,72
128,128,0,121,492,0,0,0,1581,490,-2295,2,下位,0,0,0
394,394,0,25,58,0,0,0,128,508,-1993,1,下位,0,0,0
298,298,0,160,718,0,1,394,128,508,-1993,1,下位,0,394,74
314,314,0,28,74,0,0,0,692,734,-2302,1,下位,0,0,0
719,719,0,107,467,0,1,314,692,734,-2302,1,下位,0,314,90
129,129,0,25,58,0,0,0,1033,483,-3396,1,下位,0,0,0
713,713,0,25,60,0,1,129,1033,483,-3396,1,下位,0,129,74
89,89,0,104,454,0,2,842,1033,483,-3396,1,下位,0,713,76
160,160,0,377,1745,1,0,0,0,0,1,0,下位,0,0,0
172,172,0,366,1683,0,0,0,160,1761,1504,2,下位,0,0,0
174,174,0,25,58,0,0,0,172,1699,2926,3,下位,0,0,0
143,143,0,130,545,0,1,174,172,1699,2926,3,下位,0,174,74
363,363,0,87,316,0,0,0,317,561,468,1,下位,0,0,0
377,377,0,79,277,0,0,0,363,332,215,1,下位,0,0,0
999,999,0,25,58,0,0,0,377,293,-100,1,下位,0,0,0
350,350,0,23,50,0,1,999,377,293,-100,1,下位,0,999,74
166,166,0,27,70,0,2,1349,377,293,-100,1,下位,0,350,66
998,998,0,113,453,0,3,1515,377,293,-100,1,下位,0,166,86
153,153,0,25,58,1,0,0,0,0,1,0,下位,0,0,0
159,159,0,276,1158,1,1,153,0,0,1,0,下位,0,153,74
136,136,0,108,418,0,0,0,312,1174,746,3,下位,0,0,0
692,692,0,24,56,0,0,0,136,434,961,2,下位,0,0,0
136,136,0,98,382,0,1,692,136,434,961,2,下位,0,692,72
73,73,0,25,60,0,0,0,828,398,96,1,下位,0,0,0
72,72,0,25,60,0,1,73,828,398,96,1,下位,0,73,76
614,614,0,2138,10083,0,2,145,828,398,96,1,下位,0,72,76
149,149,0,18,26,1,0,0,0,0,1,0,下位,0,0,0
290,290,0,130,534,1,1,149,0,0,1,0,下位,0,149,42
847,847,0,152,601,0,0,0,439,550,-115,2,下位,0,0,0
68,68,0,105,433,0,0,0,847,617,-864,3,下位,0,0,0
360,360,0,25,58,0,0,0,68,449,-525,2,下位,0,0,0
116,116,0,82,286,0,1,360,68,449,-525,2,下位,0,360,74
173,173,0,25,60,0,0,0,476,302,-917,1,下位,0,0,0
996,996,0,298,1337,0,1,173,476,302,-917,1,下位,0,173,76
409,409,0,25,60,0,0,0,1169,1353,-1373,4,下位,0,0,0
324,324,0,152,598,0,1,409,1169,1353,-1373,4,下位,0,409,76
598,598,0,64,233,0,0,0,733,614,-1866,3,下位,0,0,0
81,81,0,70,279,1,0,0,0,0,1,0,下位,0,0,0
998,998,0,101,355,0,0,0,81,295,165,1,下位,0,0,0
101,101,0,161,697,0,0,0,998,371,-1074,2,下位,0,0,0
693,693,0,193,833,0,0,0,101,713,-524,1,下位,0,0,0
391,391,0,247,1123,1,0,0,0,0,1,0,下位,0,0,0
386,386,0,201,796,0,0,0,391,1139,509,2,下位,0,0,0
475,475,0,25,60,0,0,0,386,812,698,4,下位,0,0,0
138,138,0,81,312,0,1,475,386,812,698,4,下位,0,475,76
134,134,0,91,334,0,0,0,613,328,113,1,下位,0,0,0
317,317,0,26,64,0,0,0,134,350,247,1,下位,0,0,0
314,314,0,25,60,0,1,317,134,350,247,1,下位,0,317,80
154,154,0,23,50,0,2,631,134,350,247,1,下位,0,314,76
190,190,0,23,51,0,3,785,134,350,247,1,下位,0,154,66
170,170,0,104,439,0,4,975,134,350,247,1,下位,0,190,67
156,156,0,113,446,0,0,0,1145,455,-857,2,下位,0,0,0
604,604,0,198,836,0,0,0,156,462,-647,1,下位,0,0,0
978,978,0,147,595,0,0,0,604,852,-769,4,下位,0,0,0
151,151,0,72,252,0,0,0,978,611,-1735,2,下位,0,0,0
188,188,0,90,336,0,0,0,151,268,-1711,1,下位,0,0,0
103,103,0,21,39,1,0,0,0,0,1,0,下位,0,0,0
187,187,0,26,62,1,1,103,0,0,1,0,下位,0,103,55
358,358,0,106,380,1,2,290,0,0,1,0,下位,0,187,78
165,165,0,139,540,0,0,0,648,396,-515,2,下位,0,0,0
977,977,0,25,60,0,0,0,165,556,-225,2,下位,0,0,0
142,142,0,82,317,0,1,977,165,556,-225,2,下位,0,977,76
694,694,0,121,480,0,0,0,1119,333,-1621,1,下位,0,0,0
158,158,0,25,60,0,0,0,694,496,-2244,2,下位,0,0,0
552,552,0,25,60,0,1,158,694,496,-2244,2,下位,0,158,76
33,33,0,133,581,0,2,710,694,496,-2244,2,下位,0,552,76
72,72,0,152,646,0,0,0,743,597,-2693,2,下位,0,0,0
166,166,0,239,912,0,0,0,72,662,-2147,2,下位,0,0,0
410,410,0,25,58,1,0,0,0,0,1,0,下位,0,0,0
138,138,0,143,616,1,1,410,0,0,1,0,下位,0,410,74
403,403,0,25,60,0,0,0,548,632,-177,1,下位,0,0,0
693,693,0,72,235,0,1,403,548,632,-177,1,下位,0,403,76
494,494,0,24,52,0,0,0,1096,251,-1618,1,下位,0,0,0
130,130,0,25,58,0,1,494,1096,251,-1618,1,下位,0,494,68
568,568,0,339,1568,0,2,624,1096,251,-1618,1,下位,0,130,74
90,90,0,744,3216,1,0,0,0,0,1,0,下位,0,0,0
386,386,0,83,348,0,0,0,90,3232,676,10,上位,0,0,0
977,977,0,109,418,0,0,0,386,364,417,1,下位,0,0,0
271,271,0,24,56,0,0,0,977,434,-725,1,下位,0,0,0
141,141,0,24,56,0,1,271,977,434,-725,1,下位,0,271,72
148,148,0,138,592,0,2,412,977,434,-725,1,下位,0,141,72
385,385,0,108,380,0,0,0,560,608,-877,2,下位,0,0,0
139,139,0,99,432,0,0,0,385,396,-1102,2,下位,0,0,0
138,138,0,24,54,1,0,0,0,0,1,0,下位,0,0,0
760,760,0,25,60,1,1,138,0,0,1,0,下位,0,138,70
139,139,0,25,58,1,2,898,0,0,1,0,下位,0,760,76
169,169,0,24,56,1,3,1037,0,0,1,0,下位,0,139,74
365,365,0,121,507,1,4,1206,0,0,1,0,下位,0,169,72
352,352,0,107,422,0,0,0,1571,523,-1719,2,下位,0,0,0
455,455,0,258,1064,0,0,0,352,438,-1849,2,下位,0,0,0
99,99,0,340,1526,0,0,0,455,1080,-1503,3,下位,0,0,0
160,160,0,200,754,0,0,0,99,1542,-121,2,下位,0,0,0
243,243,0,70,250,0,0,0,160,770,391,4,下位,0,0,0
230,230,0,505,2249,1,0,0,0,0,1,0,下位,0,0,0
358,358,0,25,60,0,0,0,230,2265,1896,5,下位,0,0,0
50,50,0,116,444,0,1,358,230,2265,1896,5,下位,0,358,76
358,358,0,191,806,0,0,0,408,460,1773,2,下位,0,0,0
138,138,0,198,783,0,0,0,358,822,2018,2,下位,0,0,0
162,162,0,1546,7247,0,0,0,138,799,224,3,下位,0,0,0
108,108,0,160,620,0,0,0,162,7263,3224,12,上位,0,0,0
251,251,0,25,60,0,0,0,108,636,543,2,下位,0,0,0
684,684,0,25,60,0,1,251,108,636,543,2,下位,0,251,76
48,48,0,82,330,0,2,935,108,636,543,2,下位,0,684,76
152,152,0,24,54,0,0,0,983,346,-544,1,下位,0,0,0
448,448,0,77,277,0,1,152,983,346,-544,1,下位,0,152,70
361,361,0,523,2277,1,0,0,0,0,1,0,下位,0,0,0
164,164,0,71,256,0,0,0,361,2293,1712,6,下位,0,0,0
351,351,0,244,984,0,0,0,164,272,1719,1,下位,0,0,0
375,375,0,26,62,0,0,0,351,1000,2153,4,下位,0,0,0
324,324,0,24,56,0,1,375,351,1000,2153,4,下位,0,375,78
158,158,0,100,374,0,2,699,351,1000,2153,4,下位,0,324,72
792,792,0,67,255,0,0,0,857,390,1310,1,下位,0,0,0
275,275,0,23,47,0,0,0,792,271,304,1,下位,0,0,0
358,358,0,147,583,0,1,275,792,271,304,1,下位,0,275,63
162,162,0,175,659,0,0,0,633,599,-55,2,下位,0,0,0
414,414,0,25,60,0,0,0,162,675,359,3,下位,0,0,0
189,189,0,124,508,0,1,414,162,675,359,3,下位,0,414,76
160,160,0,25,58,0,0,0,603,524,-14,1,下位,0,0,0
998,998,0,111,426,0,1,160,603,524,-14,1,下位,0,160,74
128,128,0,378,1649,1,0,0,0,0,1,0,下位,0,0,0
620,620,0,23,50,0,0,0,128,1665,1460,3,下位,0,0,0
139,139,0,127,567,0,1,620,128,1665,1460,3,下位,0,620,66
313,313,0,21,41,0,0,0,759,583,885,1,下位,0,0,0
280,280,0,16,14,0,1,313,759,583,885,1,下位,0,313,57
33,33,0,54,203,0,2,593,759,583,885,1,下位,0,280,30
287,287,0,92,305,0,0,0,626,219,181,1,下位,0,0,0
189,189,0,102,396,0,0,0,287,321,39,2,下位,0,0,0
380,380,0,16,15,0,0,0,189,412,146,1,下位,0,0,0
114,114,0,54,203,0,1,380,189,412,146,1,下位,0,380,31
577,577,0,127,396,0,0,0,494,219,-401,1,下位,0,0,0
121,121,0,16,15,0,0,0,577,412,-920,5,下位,0,0,0
157,157,0,14,2,0,1,121,577,412,-920,5,下位,0,121,31
209,209,0,60,192,0,2,278,577,412,-920,5,下位,0,157,18
137,137,0,43,44,0,0,0,487,208,-1448,1,下位,0,0,0
158,158,0,75,201,0,0,0,137,60,-1609,2,下位,0,0,0
141,141,0,728,3231,0,0,0,158,217,-1647,2,下位,0,0,0
73,73,0,128,545,0,0,0,141,3247,1373,12,上位,0,0,0
192,192,0,25,58,0,0,0,73,561,1816,2,下位,0,0,0
425,425,0,101,392,0,1,192,73,561,1816,2,下位,0,192,74
326,326,0,24,52,1,0,0,0,0,1,0,下位,0,0,0
97,97,0,1121,4962,1,1,326,0,0,1,0,下位,0,326,68
374,374,0,81,276,0,0,0,423,4978,4365,15,上位,0,0,0
359,359,0,685,3218,0,0,0,374,292,199,1,下位,0,0,0
366,366,0,124,502,0,0,0,359,3234,210,4,下位,0,0,0
490,490,0,25,58,0,0,0,366,518,138,1,下位,0,0,0
40,40,0,78,306,0,1,490,366,518,138,1,下位,0,490,74
691,691,0,25,58,0,0,0,530,322,-321,1,下位,0,0,0
164,164,0,23,49,0,1,691,530,322,-321,1,下位,0,691,74
725,725,0,104,432,0,2,855,530,322,-321,1,下位,0,164,65
344,344,0,73,248,0,0,0,1580,448,-2283,2,下位,0,0,0
247,247,0,86,352,0,0,0,344,264,-2574,1,下位,0,0,0
644,644,0,78,280,1,0,0,0,0,1,0,下位,0,0,0
187,187,0,24,54,0,0,0,644,296,-742,1,下位,0,0,0
292,292,0,130,560,0,1,187,644,296,-742,1,下位,0,187,70
509,509,0,123,509,0,0,0,479,576,-869,1,下位,0,0,0
165,165,0,147,565,0,0,0,509,525,-1165,2,下位,0,0,0
33,33,0,79,318,0,0,0,165,581,-850,3,下位,0,0,0
85,85,0,145,557,0,0,0,33,334,-569,1,下位,0,0,0
105,105,0,25,58,0,0,0,85,573,-133,3,下位,0,0,0
85,85,0,255,990,0,1,105,85,573,-133,3,下位,0,105,74
934,934,0,110,393,0,0,0,190,1006,641,5,下位,0,0,0
158,158,0,90,360,0,0,0,934,409,-456,2,下位,0,0,0
237,237,0,189,749,0,0,0,158,376,-335,1,下位,0,0,0
58,58,0,87,310,1,0,0,0,0,1,0,下位,0,0,0
327,327,0,91,386,0,0,0,58,326,233,1,下位,0,0,0
52,52,0,133,542,0,0,0,327,402,108,1,下位,0,0,0
101,101,0,81,278,0,0,0,52,558,582,2,下位,0,0,0
140,140,0,224,833,0,0,0,101,294,713,1,下位,0,0,0
77,77,0,25,58,0,0,0,140,849,1336,4,下位,0,0,0
142,142,0,132,520,0,1,77,140,849,1336,4,下位,0,77,74
177,177,0,25,58,0,0,0,219,536,1593,2,下位,0,0,0
358,358,0,26,64,0,1,177,219,536,1593,2,下位,0,177,74
142,142,0,64,234,0,2,535,219,536,1593,2,下位,0,358,80
642,642,0,151,568,0,0,0,677,250,904,1,下位,0,0,0
218,218,0,167,683,0,0,0,642,584,453,3,下位,0,0,0
514,514,0,73,290,0,0,0,218,699,800,3,下位,0,0,0
26,26,0,82,305,0,0,0,514,306,277,1,下位,0,0,0
874,874,0,24,56,0,0,0,26,321,556,1,下位,0,0,0
158,158,0,24,54,0,1,874,26,321,556,1,下位,0,874,72
845,845,0,26,62,0,2,1032,26,321,556,1,下位,0,158,70
92,92,0,112,398,0,3,1877,26,321,556,1,下位,0,845,78
309,309,0,475,2047,1,0,0,0,0,1,0,下位,0,0,0
144,144,0,236,985,0,0,0,309,2063,1566,11,上位,0,0,0
60,60,0,134,552,0,0,0,144,1001,2335,3,下位,0,0,0
132,132,0,25,58,0,0,0,60,568,483,1,下位,0,0,0
204,204,0,72,282,0,1,132,60,568,483,1,下位,0,132,74
68,68,0,24,54,0,0,0,336,298,313,1,下位,0,0,0
362,362,0,26,62,0,1,68,336,298,313,1,下位,0,68,70
285,285,0,26,64,0,2,430,336,298,313,1,下位,0,362,78
99,99,0,208,775,0,3,715,336,298,313,1,下位,0,285,80
912,912,0,112,377,0,0,0,814,791,18,4,下位,0,0,0
998,998,0,19,29,0,0,0,912,393,-1060,3,下位,0,0,0
169,169,0,436,1986,0,1,998,912,393,-1060,3,下位,0,998,45
948,948,0,25,60,1,0,0,0,0,1,0,下位,0,0,0
218,218,0,25,60,1,1,948,0,0,1,0,下位,0,948,76
174,174,0,99,427,1,2,1166,0,0,1,0,下位,0,218,76
158,158,0,24,56,0,0,0,1340,443,-1566,1,下位,0,0,0
241,241,0,261,1207,0,1,158,1340,443,-1566,1,下位,0,158,72
153,153,0,202,845,0,0,0,399,1223,-915,1,下位,0,0,0
155,155,0,208,772,0,0,0,153,861,-301,2,下位,0,0,0
63,63,0,26,64,0,0,0,155,788,237,4,下位,0,0,0
263,263,0,86,306,0,1,63,155,788,237,4,下位,0,63,80
213,213,0,25,58,0,0,0,326,322,113,1,下位,0,0,0
90,90,0,144,524,0,1,213,326,322,113,1,下位,0,213,74
171,171,0,24,56,0,0,0,303,540,238,3,下位,0,0,0
134,134,0,142,492,0,1,171,303,540,238,3,下位,0,171,72
34,34,0,116,494,0,0,0,305,508,326,3,下位,0,0,0
358,358,0,24,52,0,0,0,34,510,781,2,下位,0,0,0
137,137,0,115,490,0,1,358,34,510,781,2,下位,0,358,68
237,237,0,24,54,0,0,0,495,506,556,1,下位,0,0,0
174,174,0,149,680,0,1,237,495,506,556,1,下位,0,237,70
159,159,0,126,465,0,0,0,411,696,659,1,下位,0,0,0
231,231,0,26,62,0,0,0,159,481,884,2,下位,0,0,0
712,712,0,141,537,0,1,231,159,481,884,2,下位,0,231,78
348,348,0,136,482,0,0,0,943,553,-6,2,下位,0,0,0
301,301,0,25,60,1,0,0,0,0,1,0,下位,0,0,0
377,377,0,25,58,1,1,301,0,0,1,0,下位,0,301,76
590,590,0,217,843,1,2,678,0,0,1,0,下位,0,377,74
917,917,0,25,60,0,0,0,1268,859,-1036,5,下位,0,0,0
140,140,0,176,661,0,1,917,1268,859,-1036,5,下位,0,917,76
210,210,0,83,320,0,0,0,1057,677,-1988,3,下位,0,0,0
254,254,0,85,328,0,0,0,210,336,-1991,1,下位,0,0,0
365,365,0,132,515,0,0,0,254,344,-2057,1,下位,0,0,0
98,98,0,316,1457,0,0,0,365,531,-2115,2,下位,0,0,0
146,146,0,164,667,0,0,0,98,1473,-800,2,下位,0,0,0
215,215,0,119,429,0,0,0,146,683,-352,2,下位,0,0,0
139,139,0,28,72,0,0,0,215,445,-254,2,下位,0,0,0
348,348,0,125,444,0,1,139,215,445,-254,2,下位,0,139,88
488,488,0,72,278,0,0,0,487,460,-491,2,下位,0,0,0
106,106,0,229,903,0,0,0,488,294,-984,1,下位,0,0,0
349,349,0,24,56,1,0,0,0,0,1,0,下位,0,0,0
998,998,0,96,362,1,1,349,0,0,1,0,下位,0,349,72
168,168,0,26,62,0,0,0,1347,378,-1722,1,下位,0,0,0
228,228,0,25,60,0,1,168,1347,378,-1722,1,下位,0,168,78
184,184,0,145,599,0,2,396,1347,378,-1722,1,下位,0,228,76
157,157,0,295,1374,0,0,0,580,615,-1889,2,下位,0,0,0
352,352,0,481,1821,0,0,0,157,1390,-752,1,下位,0,0,0
218,218,0,236,946,0,0,0,352,1837,517,10,上位,0,0,0
52,52,0,70,264,0,0,0,218,962,1127,4,下位,0,0,0
155,155,0,24,56,0,0,0,52,280,1323,1,下位,0,0,0
182,182,0,75,286,0,1,155,52,280,1323,1,下位,0,155,72
166,166,0,136,523,0,0,0,337,302,1153,1,下位,0,0,0
37,37,0,26,64,0,0,0,166,539,1424,2,下位,0,0,0
204,204,0,168,698,0,1,37,166,539,1424,2,下位,0,37,80
616,616,0,25,60,1,0,0,0,0,1,0,下位,0,0,0
132,132,0,22,45,1,1,616,0,0,1,0,下位,0,616,76
284,284,0,176,754,1,2,748,0,0,1,0,下位,0,132,61
200,200,0,150,591,0,0,0,1032,770,-757,3,下位,0,0,0
358,358,0,77,257,0,0,0,200,607,-473,2,下位,0,0,0
152,152,0,106,376,0,0,0,358,273,-777,1,下位,0,0,0
287,287,0,24,56,0,0,0,152,392,-630,2,下位,0,0,0
998,998,0,26,62,0,1,287,152,392,-630,2,下位,0,287,72
185,185,0,165,657,0,2,1285,152,392,-630,2,下位,0,998,78
379,379,0,109,427,1,0,0,0,0,1,0,下位,0,0,0
85,85,0,160,598,0,0,0,379,443,-167,2,下位,0,0,0
287,287,0,124,538,0,0,0,85,614,310,3,下位,0,0,0
552,552,0,508,2270,1,0,0,0,0,1,0,下位,0,0,0
126,126,0,26,62,0,0,0,552,2286,1397,7,下位,0,0,0
71,71,0,196,806,0,1,126,552,2286,1397,7,下位,0,126,78
703,703,0,89,380,0,0,0,197,822,1979,3,下位,0,0,0
113,113,0,25,60,0,0,0,703,396,1241,1,下位,0,0,0
71,71,0,114,505,0,1,113,703,396,1241,1,下位,0,113,76
372,372,0,2054,9517,0,0,0,184,521,1541,1,下位,0,0,0
570,570,0,269,1225,0,0,0,372,9533,4780,19,上位,0,0,0
167,167,0,23,47,0,0,0,570,1241,1152,1,下位,0,0,0
34,34,0,273,1263,0,1,167,570,1241,1152,1,下位,0,167,63
376,376,0,83,333,0,0,0,201,1279,2170,1,下位,0,0,0
799,799,0,102,412,0,0,0,376,349,1913,1,下位,0,0,0
352,352,0,21,41,0,0,0,799,428,1052,2,下位,0,0,0
395,395,0,26,62,0,1,352,799,428,1052,2,下位,0,352,57
371,371,0,90,383,0,2,747,799,428,1052,2,下位,0,395,78
630,630,0,81,307,0,0,0,1118,399,-217,1,下位,0,0,0
257,257,0,26,64,1,0,0,0,0,1,0,下位,0,0,0
158,158,0,104,403,1,1,257,0,0,1,0,下位,0,257,80
136,136,0,66,244,0,0,0,415,419,-170,2,下位,0,0,0
383,383,0,110,412,0,0,0,136,260,-129,1,下位,0,0,0
536,536,0,26,62,0,0,0,383,428,-319,2,下位,0,0,0
364,364,0,25,60,0,1,536,383,428,-319,2,下位,0,536,78
629,629,0,65,239,0,2,900,383,428,-319,2,下位,0,364,76
136,136,0,24,56,0,0,0,1529,255,-2377,1,下位,0,0,0
33,33,0,28,76,0,1,136,1529,255,-2377,1,下位,0,136,72
36,36,0,130,512,0,2,169,1529,255,-2377,1,下位,0,33,92
364,364,0,25,60,0,0,0,205,528,-2015,2,下位,0,0,0
170,170,0,71,270,0,1,364,205,528,-2015,2,下位,0,364,76
162,162,0,25,58,0,0,0,534,286,-2514,1,下位,0,0,0
129,129,0,88,347,0,1,162,534,286,-2514,1,下位,0,162,74
137,137,0,25,58,0,0,0,291,363,-2546,1,下位,0,0,0
267,267,0,27,68,0,1,137,291,363,-2546,1,下位,0,137,74
367,367,0,153,670,0,2,404,291,363,-2546,1,下位,0,267,84
146,146,0,119,416,0,0,0,771,686,-2946,1,下位,0,0,0
153,153,0,69,226,1,0,0,0,0,1,0,下位,0,0,0
456,456,0,24,54,0,0,0,153,242,-4,1,下位,0,0,0
969,969,0,271,1062,0,1,456,153,242,-4,1,下位,0,456,70
604,604,0,141,609,0,0,0,1425,1078,-1155,4,下位,0,0,0
116,116,0,79,318,0,0,0,604,625,-1504,2,下位,0,0,0
263,263,0,92,368,0,0,0,116,334,-1357,1,下位,0,0,0
182,182,0,136,591,0,0,0,263,384,-1397,1,下位,0,0,0
385,385,0,83,287,0,0,0,182,607,-1084,1,下位,0,0,0
387,387,0,25,58,0,0,0,385,303,-1402,1,下位,0,0,0
351,351,0,24,56,0,1,387,385,303,-1402,1,下位,0,387,74
350,350,0,582,2685,0,2,738,385,303,-1402,1,下位,0,351,72
268,268,0,237,995,1,0,0,0,0,1,0,下位,0,0,0
252,252,0,62,230,0,0,0,268,1011,580,3,下位,0,0,0
158,158,0,133,508,0,0,0,252,246,420,1,下位,0,0,0
990,990,0,62,221,0,0,0,158,524,689,2,下位,0,0,0
476,476,0,25,60,0,0,0,990,237,-671,1,下位,0,0,0
92,92,0,628,2872,0,1,476,990,237,-671,1,下位,0,476,76
139,139,0,112,401,0,0,0,568,2888,1377,6,下位,0,0,0
150,150,0,99,397,0,0,0,139,417,1570,2,下位,0,0,0
76,76,0,102,424,1,0,0,0,0,1,0,下位,0,0,0
609,609,0,26,62,0,0,0,76,440,318,2,下位,0,0,0
637,637,0,133,500,0,1,609,76,440,318,2,下位,0,609,78
154,154,0,153,649,0,0,0,1246,516,-1097,3,下位,0,0,0
686,686,0,24,52,0,0,0,154,665,-680,2,下位,0,0,0
337,337,0,25,58,0,1,686,154,665,-680,2,下位,0,686,68
73,73,0,628,3044,0,2,1023,154,665,-680,2,下位,0,337,74
360,360,0,67,224,0,0,0,1096,3060,753,2,下位,0,0,0
527,527,0,128,508,0,0,0,360,240,412,1,下位,0,0,0
415,415,0,271,1250,0,0,0,527,524,86,2,下位,0,0,0
173,173,0,26,64,0,0,0,415,1266,683,1,下位,0,0,0
193,193,0,25,60,0,1,173,415,1266,683,1,下位,0,173,80
361,361,0,165,760,0,2,366,415,1266,683,1,下位,0,193,76
234,234,0,438,2084,0,0,0,727,776,443,1,下位,0,0,0
102,102,0,26,62,0,0,0,234,2100,2166,1,下位,0,0,0
156,156,0,70,238,0,1,102,234,2100,2166,1,下位,0,102,78
183,183,0,25,58,1,0,0,0,0,1,0,下位,0,0,0
236,236,0,69,248,1,1,183,0,0,1,0,下位,0,183,74
483,483,0,90,320,0,0,0,419,264,-337,1,下位,0,0,0
152,152,0,25,60,0,0,0,483,336,-780,1,下位,0,0,0
153,153,0,111,411,0,1,152,483,336,-780,1,下位,0,152,76
121,121,0,26,64,0,0,0,305,427,-769,2,下位,0,0,0
623,623,0,79,291,0,1,121,305,427,-769,2,下位,0,121,80
325,325,0,199,771,0,0,0,744,307,-1582,1,下位,0,0,0
122,122,0,71,273,1,0,0,0,0,1,0,下位,0,0,0
698,698,0,26,64,0,0,0,122,289,93,1,下位,0,0,0
275,275,0,121,519,0,1,698,122,289,93,1,下位,0,698,80
57,57,0,25,58,0,0,0,973,535,-862,1,下位,0,0,0
487,487,0,26,62,0,1,57,973,535,-862,1,下位,0,57,74
156,156,0,78,325,0,2,544,973,535,-862,1,下位,0,487,78
391,391,0,93,335,0,0,0,700,341,-1499,1,下位,0,0,0
159,159,0,91,336,0,0,0,391,351,-1779,1,下位,0,0,0
33,33,0,74,284,0,0,0,159,352,-1683,2,下位,0,0,0
285,285,0,950,4538,0,0,0,33,300,-1436,1,下位,0,0,0
163,163,0,234,875,0,0,0,285,4554,297,4,下位,0,0,0
375,375,0,24,52,0,0,0,163,891,925,5,下位,0,0,0
55,55,0,23,50,0,1,375,163,891,925,5,下位,0,375,68
153,153,0,113,487,0,2,430,163,891,925,5,下位,0,55,66
149,149,0,26,64,0,0,0,583,503,621,1,下位,0,0,0
165,165,0,127,518,0,1,149,583,503,621,1,下位,0,149,80
358,358,0,119,420,1,0,0,0,0,1,0,下位,0,0,0
253,253,0,141,583,0,0,0,358,436,-140,2,下位,0,0,0
532,532,0,26,62,0,0,0,253,599,51,2,下位,0,0,0
398,398,0,897,4038,0,1,532,253,599,51,2,下位,0,532,78
359,359,0,25,58,0,0,0,930,4054,2683,11,上位,0,0,0
146,146,0,783,3754,0,1,359,930,4054,2683,11,上位,0,359,74
377,377,0,24,56,0,0,0,505,3770,625,3,下位,0,0,0
118,118,0,25,60,0,1,377,505,3770,625,3,下位,0,377,72
622,622,0,130,528,0,2,495,505,3770,625,3,下位,0,118,76
114,114,0,141,558,0,0,0,1117,544,-484,2,下位,0,0,0
127,127,0,26,62,0,0,0,114,574,-94,3,下位,0,0,0
311,311,0,26,62,0,1,127,114,574,-94,3,下位,0,127,78
817,817,0,78,324,0,2,438,114,574,-94,3,下位,0,311,78
137,137,0,76,284,0,0,0,1255,340,-1623,1,下位,0,0,0
133,133,0,111,401,0,0,0,137,300,-1544,1,下位,0,0,0
260,260,0,79,272,0,0,0,133,417,-1342,2,下位,0,0,0
374,374,0,68,241,0,0,0,260,288,-1473,1,下位,0,0,0
350,350,0,175,740,1,0,0,0,0,1,0,下位,0,0,0
69,69,0,24,54,0,0,0,350,756,192,3,下位,0,0,0
365,365,0,24,54,0,1,69,350,756,192,3,下位,0,69,70
213,213,0,81,339,0,2,434,350,756,192,3,下位,0,365,70
284,284,0,314,1403,0,0,0,647,355,-357,1,下位,0,0,0
370,370,0,26,62,0,0,0,284,1419,604,2,下位,0,0,0
998,998,0,82,296,0,1,370,284,1419,604,2,下位,0,370,78
576,576,0,185,691,0,0,0,1368,312,-1213,1,下位,0,0,0
41,41,0,235,1110,0,0,0,576,707,-1435,4,下位,0,0,0
172,172,0,26,64,0,0,0,41,1126,-375,1,下位,0,0,0
101,101,0,79,305,0,1,172,41,1126,-375,1,下位,0,172,80
296,296,0,148,552,0,0,0,273,321,-415,1,下位,0,0,0
174,174,0,26,62,0,0,0,296,568,-324,3,下位,0,0,0
353,353,0,26,62,0,1,174,296,568,-324,3,下位,0,174,78
117,117,0,24,54,0,2,527,296,568,-324,3,下位,0,353,78
145,145,0,512,2232,0,3,644,296,568,-324,3,下位,0,117,70
620,620,0,26,62,0,0,0,789,2248,877,5,下位,0,0,0
187,187,0,116,457,0,1,620,789,2248,877,5,下位,0,620,78
187,187,0,388,1840,0,0,0,807,473,126,2,下位,0,0,0
336,336,0,111,438,1,0,0,0,0,1,0,下位,0,0,0
364,364,0,25,58,0,0,0,336,454,-87,1,下位,0,0,0
200,200,0,84,332,0,1,364,336,454,-87,1,下位,0,364,74
995,995,0,163,609,0,0,0,564,348,-575,1,下位,0,0,0
214,214,0,25,60,0,0,0,995,625,-1555,3,下位,0,0,0
108,108,0,24,54,0,1,214,995,625,-1555,3,下位,0,214,76
412,412,0,91,330,0,2,322,995,625,-1555,3,下位,0,108,70
125,125,0,25,60,0,0,0,734,346,-2247,1,下位,0,0,0
692,692,0,23,50,0,1,125,734,346,-2247,1,下位,0,125,76
76,76,0,927,4250,0,2,817,734,346,-2247,1,下位,0,692,66
620,620,0,25,60,0,0,0,893,4266,720,7,下位,0,0,0
408,408,0,26,62,0,1,620,893,4266,720,7,下位,0,620,76
522,522,0,84,352,0,2,1028,893,4266,720,7,下位,0,408,78
356,356,0,24,54,0,0,0,1550,368,-1258,1,下位,0,0,0
255,255,0,287,1190,0,1,356,1550,368,-1258,1,下位,0,356,70
49,49,0,95,380,0,0,0,611,1206,-967,4,下位,0,0,0
59,59,0,25,58,0,0,0,49,396,-650,1,下位,0,0,0
212,212,0,251,1071,0,1,59,49,396,-650,1,下位,0,59,74
59,59,0,109,468,0,0,0,271,1087,74,3,下位,0,0,0
145,145,0,943,4575,1,0,0,0,0,1,0,下位,0,0,0
620,620,0,24,56,0,0,0,145,4591,2023,4,下位,0,0,0
205,205,0,26,62,0,1,620,145,4591,2023,4,下位,0,620,72
159,159,0,25,60,0,2,825,145,4591,2023,4,下位,0,205,78
291,291,0,25,60,0,3,984,145,4591,2023,4,下位,0,159,76
351,351,0,191,797,0,4,1275,145,4591,2023,4,下位,0,291,76
359,359,0,24,56,0,0,0,1626,813,515,4,下位,0,0,0
92,92,0,26,62,0,1,359,1626,813,515,4,下位,0,359,72
88,88,0,242,858,0,2,451,1626,813,515,4,下位,0,92,78
156,156,0,78,263,0,0,0,539,874,669,5,下位,0,0,0
169,169,0,149,549,0,0,0,156,279,696,1,下位,0,0,0
164,164,0,109,435,0,0,0,169,565,988,3,下位,0,0,0
201,201,0,25,58,0,0,0,164,451,1174,2,下位,0,0,0
157,157,0,25,58,0,1,201,164,451,1174,2,下位,0,201,74
520,520,0,83,295,0,2,358,164,451,1174,2,下位,0,157,74
634,634,0,85,314,0,0,0,878,311,217,1,下位,0,0,0
56,56,0,1016,4580,0,0,0,634,330,-476,1,下位,0,0,0
170,170,0,110,424,0,0,0,56,4596,4030,14,上位,0,0,0
47,47,0,22,45,0,0,0,170,440,347,2,下位,0,0,0
163,163,0,66,254,0,1,47,170,440,347,2,下位,0,47,61
130,130,0,26,62,0,0,0,210,270,339,1,下位,0,0,0
320,320,0,120,533,0,1,130,210,270,339,1,下位,0,130,78
137,137,0,153,568,0,0,0,450,549,240,1,下位,0,0,0
506,506,0,702,3184,0,0,0,137,584,603,3,下位,0,0,0
80,80,0,24,52,1,0,0,0,0,1,0,下位,0,0,0
295,295,0,99,356,1,1,80,0,0,1,0,下位,0,80,68
688,688,0,104,433,0,0,0,375,372,-164,2,下位,0,0,0
423,423,0,349,1476,0,0,0,688,449,-825,1,下位,0,0,0
208,208,0,26,62,0,0,0,423,1492,-15,5,下位,0,0,0
695,695,0,26,62,0,1,208,423,1492,-15,5,下位,0,208,78
661,661,0,24,52,0,2,903,423,1492,-15,5,下位,0,695,78
161,161,0,95,347,0,3,1564,423,1492,-15,5,下位,0,661,68
347,347,0,130,506,0,0,0,1725,363,-2211,1,下位,0,0,0
129,129,0,79,278,0,0,0,347,522,-2249,2,下位,0,0,0
53,53,0,105,460,0,0,0,129,294,-2163,1,下位,0,0,0
136,136,0,190,741,0,0,0,53,476,-1772,1,下位,0,0,0
93,93,0,26,62,0,0,0,136,757,-1234,3,下位,0,0,0
629,629,0,109,413,0,1,93,136,757,-1234,3,下位,0,93,78
169,169,0,24,56,0,0,0,722,429,-1892,2,下位,0,0,0
487,487,0,132,563,0,1,169,722,429,-1892,2,下位,0,169,72
289,289,0,94,400,0,0,0,656,579,-2299,2,下位,0,0,0
363,363,0,1077,4609,1,0,0,0,0,1,0,下位,0,0,0
386,386,0,26,64,0,0,0,363,4625,4041,19,上位,0,0,0
379,379,0,26,64,0,1,386,363,4625,4041,19,上位,0,386,80
67,67,0,118,483,0,2,765,363,4625,4041,19,上位,0,379,80
381,381,0,26,64,0,0,0,832,499,404,1,下位,0,0,0
42,42,0,200,879,0,1,381,832,499,404,1,下位,0,381,80
255,255,0,207,830,0,0,0,423,895,696,1,下位,0,0,0
90,90,0,25,58,0,0,0,255,846,1131,3,下位,0,0,0
404,404,0,82,318,0,1,90,255,846,1131,3,下位,0,90,74
271,271,0,101,418,0,0,0,494,334,742,1,下位,0,0,0
396,396,0,559,2406,0,0,0,271,434,739,1,下位,0,0,0
77,77,0,148,594,0,0,0,396,2422,2522,8,上位,0,0,0
171,171,0,136,522,0,0,0,77,610,519,2,下位,0,0,0
251,251,0,26,64,0,0,0,171,538,781,2,下位,0,0,0
442,442,0,25,60,0,1,251,171,538,781,2,下位,0,251,80
218,218,0,25,61,0,2,693,171,538,781,2,下位,0,442,76
18,18,0,68,245,0,3,911,171,538,781,2,下位,0,218,77
683,683,0,99,368,0,0,0,929,261,-224,1,下位,0,0,0
130,130,0,75,258,1,0,0,0,0,1,0,下位,0,0,0
95,95,0,26,62,0,0,0,130,274,65,1,下位,0,0,0
38,38,0,23,50,0,1,95,130,274,65,1,下位,0,95,78
158,158,0,135,492,0,2,133,130,274,65,1,下位,0,38,66
380,380,0,26,64,0,0,0,291,508,248,3,下位,0,0,0
30,30,0,25,58,0,1,380,291,508,248,3,下位,0,380,80
159,159,0,890,4015,0,2,410,291,508,248,3,下位,0,30,74
485,485,0,92,361,0,0,0,569,4031,1219,8,上位,0,0,0
563,563,0,24,56,0,0,0,485,377,814,1,下位,0,0,0
74,74,0,105,435,0,1,563,485,377,814,1,下位,0,563,72
293,293,0,325,1380,0,0,0,637,451,310,1,下位,0,0,0
370,370,0,117,461,0,0,0,293,1396,1233,4,下位,0,0,0
92,92,0,98,392,0,0,0,370,477,1113,2,下位,0,0,0
417,417,0,24,56,0,0,0,92,408,1373,1,下位,0,0,0
166,166,0,26,62,0,1,417,92,408,1373,1,下位,0,417,72
998,998,0,86,361,0,2,583,92,408,1373,1,下位,0,166,78
200,200,0,25,58,0,0,0,1581,377,-651,1,下位,0,0,0
70,70,0,26,62,0,1,200,1581,377,-651,1,下位,0,200,74
167,167,0,25,60,0,2,270,1581,377,-651,1,下位,0,70,78
479,479,0,25,60,0,3,437,1581,377,-651,1,下位,0,167,76
124,124,0,134,550,0,4,916,1581,377,-651,1,下位,0,479,76
576,576,0,26,62,0,0,0,1040,566,-1459,2,下位,0,0,0
272,272,0,24,52,0,1,576,1040,566,-1459,2,下位,0,576,78
468,468,0,93,397,0,2,848,1040,566,-1459,2,下位,0,272,68
598,598,0,494,2157,1,0,0,0,0,1,0,下位,0,0,0
268,268,0,82,292,0,0,0,598,2173,1209,9,上位,0,0,0
159,159,0,25,58,0,0,0,268,308,1085,1,下位,0,0,0
362,362,0,26,62,0,1,159,268,308,1085,1,下位,0,159,74
268,268,0,186,771,0,2,521,268,308,1085,1,下位,0,362,78
389,389,0,90,351,0,0,0,789,787,751,3,下位,0,0,0
605,605,0,78,272,0,0,0,389,367,491,1,下位,0,0,0
121,121,0,114,409,0,0,0,605,288,-197,1,下位,0,0,0
285,285,0,21,41,0,0,0,121,425,33,2,下位,0,0,0
102,102,0,222,922,0,1,285,121,425,33,2,下位,0,285,57
1001,1001,0,147,533,0,0,0,387,938,403,4,下位,0,0,0
232,232,0,26,62,0,0,0,1001,549,-663,3,下位,0,0,0
164,164,0,20,34,0,1,232,1001,549,-663,3,下位,0,232,78
393,393,0,24,52,0,2,396,1001,549,-663,3,下位,0,164,50
163,163,0,80,275,0,3,789,1001,549,-663,3,下位,0,393,68
138,138,0,24,52,0,0,0,952,291,-1712,1,下位,0,0,0
516,516,0,25,58,0,1,138,952,291,-1712,1,下位,0,138,68
358,358,0,187,866,0,2,654,952,291,-1712,1,下位,0,516,74
979,979,0,166,552,1,0,0,0,0,1,0,下位,0,0,0
372,372,0,411,1879,0,0,0,979,568,-1010,4,下位,0,0,0
712,712,0,82,287,0,0,0,372,1895,285,3,下位,0,0,0
366,366,0,25,60,0,0,0,712,303,-560,1,下位,0,0,0
563,563,0,251,1141,0,1,366,712,303,-560,1,下位,0,366,76
376,376,0,127,494,0,0,0,929,1157,-825,1,下位,0,0,0
190,190,0,102,447,0,0,0,376,510,-921,2,下位,0,0,0
168,168,0,140,514,0,0,0,190,463,-764,1,下位,0,0,0
86,86,0,75,256,0,0,0,168,530,-505,3,下位,0,0,0
671,671,0,134,439,0,0,0,86,272,-372,1,下位,0,0,0
130,130,0,139,545,1,0,0,0,0,1,0,下位,0,0,0
381,381,0,366,1751,0,0,0,130,561,352,2,下位,0,0,0
223,223,0,26,64,0,0,0,381,1767,1504,1,下位,0,0,0
999,999,0,24,56,0,1,223,381,1767,1504,1,下位,0,223,80
621,621,0,26,62,0,2,1222,381,1767,1504,1,下位,0,999,72
363,363,0,127,508,0,3,1843,381,1767,1504,1,下位,0,621,78
641,641,0,121,469,0,0,0,2206,524,-1300,2,下位,0,0,0
182,182,0,26,62,0,0,0,641,485,-1849,2,下位,0,0,0
266,266,0,26,62,0,1,182,641,485,-1849,2,下位,0,182,78
197,197,0,327,1536,0,2,448,641,485,-1849,2,下位,0,266,78
386,386,0,127,473,0,0,0,645,1552,-1182,1,下位,0,0,0
37,37,0,83,324,0,0,0,386,489,-1316,2,下位,0,0,0
379,379,0,63,197,0,0,0,37,340,-1036,1,下位,0,0,0
93,93,0,116,397,1,0,0,0,0,1,0,下位,0,0,0
308,308,0,142,530,0,0,0,93,413,264,2,下位,0,0,0
348,348,0,895,4033,0,0,0,308,546,313,3,下位,0,0,0
377,377,0,24,52,0,0,0,348,4049,1387,9,上位,0,0,0
125,125,0,157,646,0,1,377,348,4049,1387,9,上位,0,377,68
635,635,0,30,84,0,0,0,502,662,1307,3,下位,0,0,0
521,521,0,114,473,0,1,635,502,662,1307,3,下位,0,635,100
664,664,0,25,58,0,0,0,1156,489,32,1,下位,0,0,0
168,168,0,26,62,0,1,664,1156,489,32,1,下位,0,664,74
120,120,0,26,62,0,2,832,1156,489,32,1,下位,0,168,78
162,162,0,197,829,0,3,952,1156,489,32,1,下位,0,120,78
156,156,0,58,172,0,0,0,1114,845,-690,3,下位,0,0,0
365,365,0,281,1108,0,0,0,156,188,-754,1,下位,0,0,0
110,110,0,134,536,0,0,0,365,1124,-219,6,下位,0,0,0
123,123,0,121,468,0,0,0,110,552,156,2,下位,0,0,0
360,360,0,101,426,0,0,0,123,484,442,2,下位,0,0,0
155,155,0,25,60,0,0,0,360,442,303,1,下位,0,0,0
197,197,0,26,62,0,1,155,360,442,303,1,下位,0,155,76
356,356,0,134,546,0,2,352,360,442,303,1,下位,0,197,78
386,386,0,76,282,0,0,0,708,562,-123,1,下位,0,0,0
131,131,0,91,329,1,0,0,0,0,1,0,下位,0,0,0
701,701,0,26,64,0,0,0,131,345,135,1,下位,0,0,0
113,113,0,260,1122,0,1,701,131,345,135,1,下位,0,701,80
377,377,0,109,480,0,0,0,814,1138,40,3,下位,0,0,0
692,692,0,81,325,0,0,0,377,496,-72,1,下位,0,0,0
156,156,0,88,314,0,0,0,692,341,-847,1,下位,0,0,0
893,893,0,25,60,0,0,0,156,330,-769,2,下位,0,0,0
151,151,0,25,58,0,1,893,156,330,-769,2,下位,0,893,76
933,933,0,167,621,0,2,1044,156,330,-769,2,下位,0,151,74
116,116,0,24,56,0,0,0,1977,637,-3171,4,下位,0,0,0
199,199,0,77,306,0,1,116,1977,637,-3171,4,下位,0,116,72
530,530,0,25,60,0,0,0,315,322,-3285,1,下位,0,0,0
239,239,0,136,552,0,1,530,315,322,-3285,1,下位,0,530,76
208,208,0,27,70,0,0,0,769,568,-3881,1,下位,0,0,0
97,97,0,26,62,0,1,208,769,568,-3881,1,下位,0,208,86
255,255,0,138,599,0,2,305,769,568,-3881,1,下位,0,97,78
137,137,0,89,364,0,0,0,560,615,-4006,1,下位,0,0,0
128,128,0,308,1429,1,0,0,0,0,1,0,下位,0,0,0
947,947,0,81,312,0,0,0,128,1445,1240,2,下位,0,0,0
359,359,0,120,452,0,0,0,947,328,41,1,下位,0,0,0
145,145,0,184,776,0,0,0,359,468,-70,2,下位,0,0,0
514,514,0,26,62,0,0,0,145,792,488,4,下位,0,0,0
279,279,0,154,555,0,1,514,145,792,488,4,下位,0,514,78
362,362,0,69,250,0,0,0,793,571,-142,3,下位,0,0,0
204,204,0,23,50,0,0,0,362,266,-460,1,下位,0,0,0
998,998,0,63,190,0,1,204,362,266,-460,1,下位,0,204,66
474,474,0,24,56,0,0,0,1202,206,-2127,1,下位,0,0,0
360,360,0,25,60,0,1,474,1202,206,-2127,1,下位,0,474,72
976,976,0,1165,5278,0,2,834,1202,206,-2127,1,下位,0,360,76
648,648,0,79,300,1,0,0,0,0,1,0,下位,0,0,0
323,323,0,26,62,0,0,0,648,316,-728,1,下位,0,0,0
998,998,0,80,300,0,1,323,648,316,-728,1,下位,0,323,78
156,156,0,26,62,0,0,0,1321,316,-2465,1,下位,0,0,0
474,474,0,24,56,0,1,156,1321,316,-2465,1,下位,0,156,78
517,517,0,121,538,0,2,630,1321,316,-2465,1,下位,0,474,72
160,160,0,26,62,0,0,0,1147,554,-3612,1,下位,0,0,0
999,999,0,383,1823,0,1,160,1147,554,-3612,1,下位,0,160,78
256,256,0,26,62,0,0,0,1159,1839,-3564,1,下位,0,0,0
135,135,0,92,329,0,1,256,1159,1839,-3564,1,下位,0,256,78
343,343,0,211,793,1,0,0,0,0,1,0,下位,0,0,0
151,151,0,95,337,0,0,0,343,809,257,4,下位,0,0,0
355,355,0,26,62,0,0,0,151,353,366,2,下位,0,0,0
137,137,0,94,367,0,1,355,151,353,366,2,下位,0,355,78
166,166,0,25,60,0,0,0,492,383,33,1,下位,0,0,0
687,687,0,25,60,0,1,166,492,383,33,1,下位,0,166,76
142,142,0,81,328,0,2,853,492,383,33,1,下位,0,687,76
34,34,0,26,62,0,0,0,995,344,-1076,1,下位,0,0,0
358,358,0,25,58,0,1,34,995,344,-1076,1,下位,0,34,78
240,240,0,72,257,0,2,392,995,344,-1076,1,下位,0,358,74
153,153,0,23,49,0,0,0,632,273,-1671,1,下位,0,0,0
235,235,0,26,64,0,1,153,632,273,-1671,1,下位,0,153,65
481,481,0,26,62,0,2,388,632,273,-1671,1,下位,0,235,80
998,998,0,24,56,0,3,869,632,273,-1671,1,下位,0,481,78
357,357,0,1072,5211,0,4,1867,632,273,-1671,1,下位,0,998,72
620,620,0,26,64,0,0,0,2224,5227,263,4,下位,0,0,0
102,102,0,584,2737,0,1,620,2224,5227,263,4,下位,0,620,80
152,152,0,26,64,1,0,0,0,0,1,0,下位,0,0,0
703,703,0,125,488,1,1,152,0,0,1,0,下位,0,152,80
118,118,0,26,62,0,0,0,855,504,-794,2,下位,0,0,0
690,690,0,26,64,0,1,118,855,504,-794,2,下位,0,118,78
310,310,0,25,58,0,2,808,855,504,-794,2,下位,0,690,80
68,68,0,85,306,0,3,1118,855,504,-794,2,下位,0,310,74
527,527,0,116,447,0,0,0,1186,322,-2153,1,下位,0,0,0
364,364,0,192,679,0,0,0,527,463,-2540,2,下位,0,0,0
224,224,0,67,220,0,0,0,364,695,-2432,4,下位,0,0,0
123,123,0,24,56,1,0,0,0,0,1,0,下位,0,0,0
69,69,0,193,868,1,1,123,0,0,1,0,下位,0,123,72
214,214,0,25,60,0,0,0,192,884,647,2,下位,0,0,0
379,379,0,24,56,0,1,214,192,884,647,2,下位,0,214,76
141,141,0,25,58,0,2,593,192,884,647,2,下位,0,379,72
111,111,0,70,222,0,3,734,192,884,647,2,下位,0,141,74
581,581,0,145,539,0,0,0,845,238,-256,1,下位,0,0,0
90,90,0,23,48,0,0,0,581,555,-638,2,下位,0,0,0
105,105,0,26,62,0,1,90,581,555,-638,2,下位,0,90,64
192,192,0,24,54,0,2,195,581,555,-638,2,下位,0,105,78
374,374,0,129,510,0,3,387,581,555,-638,2,下位,0,192,70
647,647,0,25,60,0,0,0,761,526,-1127,2,下位,0,0,0
79,79,0,132,531,0,1,647,761,526,-1127,2,下位,0,647,76
45,45,0,25,60,0,0,0,726,547,-1675,2,下位,0,0,0
282,282,0,124,494,0,1,45,726,547,-1675,2,下位,0,45,76
125,125,0,65,225,0,0,0,327,510,-1617,2,下位,0,0,0
135,135,0,25,60,0,0,0,125,241,-1578,1,下位,0,0,0
175,175,0,133,598,0,1,135,125,241,-1578,1,下位,0,135,76
945,945,0,25,60,0,0,0,310,614,-1388,1,下位,0,0,0
254,254,0,83,297,0,1,945,310,614,-1388,1,下位,0,945,76
420,420,0,28,76,1,0,0,0,0,1,0,下位,0,0,0
21,21,0,21,41,1,1,420,0,0,1,0,下位,0,420,92
155,155,0,25,60,1,2,441,0,0,1,0,下位,0,21,57
166,166,0,77,285,1,3,596,0,0,1,0,下位,0,155,76
80,80,0,86,305,0,0,0,762,301,-702,1,下位,0,0,0
396,396,0,149,535,0,0,0,80,321,-510,1,下位,0,0,0
101,101,0,117,420,0,0,0,396,551,-598,4,下位,0,0,0
394,394,0,26,62,0,0,0,101,436,-325,2,下位,0,0,0
145,145,0,25,60,0,1,394,101,436,-325,2,下位,0,394,78
250,250,0,125,459,0,2,539,101,436,-325,2,下位,0,145,76
306,306,0,302,1298,1,0,0,0,0,1,0,下位,0,0,0
619,619,0,24,56,0,0,0,306,1314,821,5,下位,0,0,0
153,153,0,25,58,0,1,619,306,1314,821,5,下位,0,619,72
390,390,0,25,60,0,2,772,306,1314,821,5,下位,0,153,74
125,125,0,25,58,0,3,1162,306,1314,821,5,下位,0,390,76
637,637,0,24,56,0,4,1287,306,1314,821,5,下位,0,125,74
156,156,0,26,62,0,5,1924,306,1314,821,5,下位,0,637,72
373,373,0,162,744,0,6,2080,306,1314,821,5,下位,0,156,78
589,589,0,23,47,0,0,0,2453,760,-1932,1,下位,0,0,0
144,144,0,117,397,0,1,589,2453,760,-1932,1,下位,0,589,63
108,108,0,26,62,0,0,0,733,413,-2638,2,下位,0,0,0
261,261,0,24,56,0,1,108,733,413,-2638,2,下位,0,108,78
140,140,0,255,1123,0,2,369,733,413,-2638,2,下位,0,261,72
640,640,0,1092,5360,0,0,0,509,1139,-2170,4,下位,0,0,0
86,86,0,162,662,1,0,0,0,0,1,0,下位,0,0,0
479,479,0,85,361,0,0,0,86,678,540,2,下位,0,0,0
160,160,0,21,37,0,0,0,479,377,144,1,下位,0,0,0
74,74,0,280,1236,0,1,160,479,377,144,1,下位,0,160,53
361,361,0,26,62,0,0,0,234,1252,1072,3,下位,0,0,0
612,612,0,25,60,0,1,361,234,1252,1072,3,下位,0,361,78
998,998,0,83,346,0,2,973,234,1252,1072,3,下位,0,612,76
650,650,0,140,606,0,0,0,1971,362,-1591,1,下位,0,0,0
167,167,0,98,387,0,0,0,650,622,-2017,1,下位,0,0,0
32,32,0,25,60,0,0,0,167,403,-1883,2,下位,0,0,0
97,97,0,25,58,0,1,32,167,403,-1883,2,下位,0,32,76
140,140,0,90,349,0,2,129,167,403,-1883,2,下位,0,97,74
273,273,0,130,505,1,0,0,0,0,1,0,下位,0,0,0
93,93,0,22,42,0,0,0,273,521,82,2,下位,0,0,0
119,119,0,25,58,0,1,93,273,521,82,2,下位,0,93,58
930,930,0,26,62,0,2,212,273,521,82,2,下位,0,119,74
606,606,0,110,450,0,3,1142,273,521,82,2,下位,0,930,78
386,386,0,104,421,0,0,0,1748,466,-2061,2,下位,0,0,0
65,65,0,239,1070,0,0,0,386,437,-2247,1,下位,0,0,0
571,571,0,209,822,0,0,0,65,1086,-1266,1,下位,0,0,0
999,999,0,108,399,0,0,0,571,838,-1349,5,下位,0,0,0
66,66,0,193,827,0,0,0,999,415,-2545,2,下位,0,0,0
116,116,0,150,531,1,0,0,0,0,1,0,下位,0,0,0
319,319,0,25,60,0,0,0,116,547,361,3,下位,0,0,0
113,113,0,25,61,0,1,319,116,547,361,3,下位,0,319,76
167,167,0,25,58,0,2,432,116,547,361,3,下位,0,113,77
219,219,0,229,1007,0,3,599,116,547,361,3,下位,0,167,74
996,996,0,122,486,0,0,0,818,1023,292,2,下位,0,0,0
154,154,0,26,64,0,0,0,996,502,-812,2,下位,0,0,0
361,361,0,73,240,0,1,154,996,502,-812,2,下位,0,154,80
61,61,0,270,1079,0,0,0,515,256,-1307,1,下位,0,0,0
630,630,0,24,54,0,0,0,61,1095,-310,5,下位,0,0,0
720,720,0,26,64,0,1,630,61,1095,-310,5,下位,0,630,70
93,93,0,118,524,0,2,1350,61,1095,-310,5,下位,0,720,80
330,330,0,76,262,1,0,0,0,0,1,0,下位,0,0,0
759,759,0,66,216,0,0,0,330,278,-253,1,下位,0,0,0
999,999,0,21,41,0,0,0,759,232,-1245,1,下位,0,0,0
323,323,0,110,419,0,1,999,759,232,-1245,1,下位,0,999,57
73,73,0,25,60,0,0,0,1322,435,-2885,2,下位,0,0,0
142,142,0,81,307,0,1,73,1322,435,-2885,2,下位,0,73,76
205,205,0,25,58,1,0,0,0,0,1,0,下位,0,0,0
361,361,0,125,471,1,1,205,0,0,1,0,下位,0,205,74
135,135,0,104,372,0,0,0,566,487,-351,2,下位,0,0,0
70,70,0,26,64,0,0,0,135,388,-181,2,下位,0,0,0
136,136,0,139,603,0,1,70,135,388,-181,2,下位,0,70,80
689,689,0,234,971,0,0,0,206,619,186,2,下位,0,0,0
253,253,0,24,56,0,0,0,689,987,62,4,下位,0,0,0
231,231,0,316,1460,0,1,253,689,987,62,4,下位,0,253,72
279,279,0,74,242,0,0,0,484,1476,829,3,下位,0,0,0
148,148,0,25,60,0,0,0,279,258,637,1,下位,0,0,0
122,122,0,76,259,0,1,148,279,258,637,1,下位,0,148,76
681,681,0,122,447,0,0,0,270,275,552,1,下位,0,0,0
173,173,0,158,609,0,0,0,681,463,-83,2,下位,0,0,0
449,449,0,237,903,0,0,0,173,625,263,2,下位,0,0,0
139,139,0,23,48,1,0,0,0,0,1,0,下位,0,0,0
540,540,0,145,554,1,1,139,0,0,1,0,下位,0,139,64
167,167,0,174,616,0,0,0,679,570,-460,3,下位,0,0,0
348,348,0,26,62,0,0,0,167,632,-97,4,下位,0,0,0
76,76,0,114,485,0,1,348,167,632,-97,4,下位,0,348,78
118,118,0,25,58,0,0,0,424,501,-202,1,下位,0,0,0
696,696,0,193,786,0,1,118,424,501,-202,1,下位,0,118,74
441,441,0,19,30,1,0,0,0,0,1,0,下位,0,0,0
608,608,0,84,315,1,1,441,0,0,1,0,下位,0,441,46
709,709,0,25,60,0,0,0,1049,331,-1314,1,下位,0,0,0
137,137,0,71,270,0,1,709,1049,331,-1314,1,下位,0,709,76
362,362,0,24,56,0,0,0,846,286,-2317,1,下位,0,0,0
711,711,0,24,53,0,1,362,846,286,-2317,1,下位,0,362,72
693,693,0,120,534,0,2,1073,846,286,-2317,1,下位,0,711,69
362,362,0,80,281,0,0,0,1766,550,-4475,1,下位,0,0,0
153,153,0,118,422,0,0,0,362,297,-4762,1,下位,0,0,0
178,178,0,26,64,1,0,0,0,0,1,0,下位,0,0,0
499,499,0,24,56,1,1,178,0,0,1,0,下位,0,178,80
155,155,0,293,1319,1,2,677,0,0,1,0,下位,0,499,72
118,118,0,24,56,0,0,0,832,1335,146,3,下位,0,0,0
157,157,0,22,45,0,1,118,832,1335,146,3,下位,0,118,72
436,436,0,26,62,0,2,275,832,1335,146,3,下位,0,157,61
191,191,0,187,806,0,3,711,832,1335,146,3,下位,0,436,78
120,120,0,95,367,0,0,0,902,822,-275,2,下位,0,0,0
392,392,0,28,72,0,0,0,120,383,-86,1,下位,0,0,0
94,94,0,23,50,0,1,392,120,383,-86,1,下位,0,392,88
153,153,0,230,899,0,2,486,120,383,-86,1,下位,0,94,66
681,681,0,496,1995,0,0,0,639,915,-48,4,下位,0,0,0
172,172,0,25,58,0,0,0,681,2011,865,7,下位,0,0,0
121,121,0,26,62,0,1,172,681,2011,865,7,下位,0,172,74
246,246,0,166,625,0,2,293,681,2011,865,7,下位,0,121,78
280,280,0,92,369,0,0,0,539,641,788,3,下位,0,0,0
44,44,0,138,591,1,0,0,0,0,1,0,下位,0,0,0
96,96,0,69,225,0,0,0,44,607,537,2,下位,0,0,0
315,315,0,215,1007,0,0,0,96,241,623,1,下位,0,0,0
159,159,0,143,628,0,0,0,315,1023,1138,1,下位,0,0,0
534,534,0,26,62,0,0,0,159,644,1526,1,下位,0,0,0
256,256,0,24,54,0,1,534,159,644,1526,1,下位,0,534,78
151,151,0,197,773,0,2,790,159,644,1526,1,下位,0,256,70
326,326,0,25,58,0,0,0,941,789,945,3,下位,0,0,0
291,291,0,264,1230,0,1,326,941,789,945,3,下位,0,326,74
44,44,0,26,62,0,0,0,617,1246,1270,1,下位,0,0,0
344,344,0,108,445,0,1,44,617,1246,1270,1,下位,0,44,78
86,86,0,26,62,0,0,0,388,461,1183,1,下位,0,0,0
144,144,0,84,300,0,1,86,388,461,1183,1,下位,0,86,78
83,83,0,218,812,0,0,0,230,316,1206,1,下位,0,0,0
182,182,0,21,41,0,0,0,83,828,1900,5,下位,0,0,0
137,137,0,88,373,0,1,182,83,828,1900,5,下位,0,182,57
261,261,0,25,60,0,0,0,319,389,1831,1,下位,0,0,0
311,311,0,96,352,0,1,261,319,389,1831,1,下位,0,261,76
166,166,0,134,543,0,0,0,572,368,1352,1,下位,0,0,0
999,999,0,25,60,0,0,0,166,559,1643,2,下位,0,0,0
155,155,0,25,60,0,1,999,166,559,1643,2,下位,0,999,76
169,169,0,133,500,0,2,1154,166,559,1643,2,下位,0,155,76
442,442,0,396,1872,1,0,0,0,0,1,0,下位,0,0,0
48,48,0,107,421,0,0,0,442,1888,1176,2,下位,0,0,0
530,530,0,25,58,0,0,0,48,437,1536,2,下位,0,0,0
131,131,0,111,410,0,1,530,48,437,1536,2,下位,0,530,74
64,64,0,157,679,0,0,0,661,426,970,2,下位,0,0,0
60,60,0,24,54,0,0,0,64,695,1562,1,下位,0,0,0
79,79,0,62,204,0,1,60,64,695,1562,1,下位,0,60,70
381,381,0,120,438,0,0,0,139,220,1628,1,下位,0,0,0
998,998,0,70,252,0,0,0,381,454,1467,2,下位,0,0,0
324,324,0,25,58,0,0,0,998,268,125,1,下位,0,0,0
35,35,0,132,552,0,1,324,998,268,125,1,下位,0,324,74
179,179,0,107,400,0,0,0,359,568,188,2,下位,0,0,0
255,255,0,24,56,0,0,0,179,416,315,2,下位,0,0,0
274,274,0,108,408,0,1,255,179,416,315,2,下位,0,255,72
52,52,0,73,275,0,0,0,529,424,-42,2,下位,0,0,0
363,363,0,60,214,0,0,0,52,291,165,1,下位,0,0,0
374,374,0,25,60,0,0,0,363,230,-190,1,下位,0,0,0
262,262,0,26,64,0,1,374,363,230,-190,1,下位,0,374,76
371,371,0,121,538,0,2,636,363,230,-190,1,下位,0,262,80
209,209,0,177,687,1,0,0,0,0,1,0,下位,0,0,0
692,692,0,81,341,0,0,0,209,703,367,3,下位,0,0,0
166,166,0,94,354,0,0,0,692,357,-392,1,下位,0,0,0
292,292,0,343,1579,0,0,0,166,370,-290,1,下位,0,0,0
144,144,0,26,62,0,0,0,292,1595,834,3,下位,0,0,0
704,704,0,73,245,0,1,144,292,1595,834,3,下位,0,144,78
79,79,0,22,46,0,0,0,848,261,-194,1,下位,0,0,0
199,199,0,109,451,0,1,79,848,261,-194,1,下位,0,79,62
54,54,0,161,700,0,0,0,278,467,-114,2,下位,0,0,0
976,976,0,127,450,0,0,0,54,716,515,1,下位,0,0,0
100,100,0,195,788,1,0,0,0,0,1,0,下位,0,0,0
156,156,0,24,56,0,0,0,100,804,644,4,下位,0,0,0
75,75,0,75,258,0,1,156,100,804,644,4,下位,0,156,72
385,385,0,26,64,0,0,0,231,274,617,1,下位,0,0,0
31,31,0,72,280,0,1,385,231,274,617,1,下位,0,385,80
168,168,0,118,471,0,0,0,416,296,322,1,下位,0,0,0
380,380,0,26,64,0,0,0,168,487,538,1,下位,0,0,0
143,143,0,24,56,0,1,380,168,487,538,1,下位,0,380,80
197,197,0,94,385,0,2,523,168,487,538,1,下位,0,143,72
360,360,0,25,58,0,0,0,720,401,-71,1,下位,0,0,0
63,63,0,25,58,0,1,360,720,401,-71,1,下位,0,360,74
59,59,0,216,943,0,2,423,720,401,-71,1,下位,0,63,74
380,380,0,144,536,0,0,0,482,959,258,2,下位,0,0,0
438,438,0,210,835,0,0,0,380,552,197,3,下位,0,0,0
221,221,0,25,60,0,0,0,438,851,342,4,下位,0,0,0
207,207,0,1382,6415,0,1,221,438,851,342,4,下位,0,221,76
268,268,0,140,522,0,0,0,428,6431,1637,10,上位,0,0,0
157,157,0,24,56,1,0,0,0,0,1,0,下位,0,0,0
69,69,0,134,536,1,1,157,0,0,1,0,下位,0,157,72
378,378,0,88,335,0,0,0,226,552,261,2,下位,0,0,0
154,154,0,25,58,0,0,0,378,351,2,1,下位,0,0,0
898,898,0,26,64,0,1,154,378,351,2,1,下位,0,154,74
293,293,0,167,663,0,2,1052,378,351,2,1,下位,0,898,80
998,998,0,191,752,0,0,0,1345,679,-1336,4,下位,0,0,0
130,130,0,24,56,0,0,0,998,768,-2178,4,下位,0,0,0
998,998,0,68,258,0,1,130,998,768,-2178,4,下位,0,130,72
108,108,0,212,943,0,0,0,1128,274,-3652,1,下位,0,0,0
213,213,0,26,62,0,0,0,108,959,-2867,3,下位,0,0,0
939,939,0,72,274,0,1,213,108,959,-2867,3,下位,0,213,78
114,114,0,25,58,1,0,0,0,0,1,0,下位,0,0,0
273,273,0,25,58,1,1,114,0,0,1,0,下位,0,114,74
280,280,0,25,61,1,2,387,0,0,1,0,下位,0,273,74
217,217,0,52,181,1,3,667,0,0,1,0,下位,0,280,77
85,85,0,59,194,0,0,0,884,197,-1003,1,下位,0,0,0
702,702,0,102,434,0,0,0,85,210,-930,1,下位,0,0,0
382,382,0,199,682,0,0,0,702,450,-1612,1,下位,0,0,0
808,808,0,71,260,0,0,0,382,698,-1530,5,下位,0,0,0
92,92,0,103,355,0,0,0,808,276,-2557,1,下位,0,0,0
41,41,0,124,504,0,0,0,92,371,-2334,2,下位,0,0,0
142,142,0,22,43,0,0,0,41,520,-1880,2,下位,0,0,0
703,703,0,78,301,0,1,142,41,520,-1880,2,下位,0,142,59
322,322,0,25,58,0,0,0,845,317,-2867,1,下位,0,0,0
358,358,0,83,295,0,1,322,845,317,-2867,1,下位,0,322,74
181,181,0,77,291,1,0,0,0,0,1,0,下位,0,0,0
578,578,0,233,902,0,0,0,181,307,16,1,下位,0,0,0
223,223,0,88,312,0,0,0,578,918,2,5,下位,0,0,0
996,996,0,26,62,0,0,0,223,328,-30,1,下位,0,0,0
78,78,0,748,3431,0,1,996,223,328,-30,1,下位,0,996,78
315,315,0,24,54,0,0,0,1074,3447,1762,8,上位,0,0,0
77,77,0,25,60,0,1,315,1074,3447,1762,8,上位,0,315,70
441,441,0,163,657,0,2,392,1074,3447,1762,8,上位,0,77,76
605,605,0,24,56,0,0,0,833,673,1238,2,下位,0,0,0
206,206,0,24,54,0,1,605,833,673,1238,2,下位,0,605,72
65,65,0,25,58,0,2,811,833,673,1238,2,下位,0,206,70
364,364,0,81,280,0,3,876,833,673,1238,2,下位,0,65,74
153,153,0,24,54,0,0,0,1240,296,-250,1,下位,0,0,0
374,374,0,25,60,0,1,153,1240,296,-250,1,下位,0,153,70
87,87,0,25,60,0,2,527,1240,296,-250,1,下位,0,374,76
89,89,0,25,58,0,3,614,1240,296,-250,1,下位,0,87,76
999,999,0,92,344,0,4,703,1240,296,-250,1,下位,0,89,74
119,119,0,104,361,0,0,0,1702,360,-2339,1,下位,0,0,0
73,73,0,26,62,0,0,0,119,377,-2154,2,下位,0,0,0
70,70,0,92,381,0,1,73,119,377,-2154,2,下位,0,73,78
125,125,0,26,64,0,0,0,143,397,-1910,1,下位,0,0,0
692,692,0,109,480,0,1,125,143,397,-1910,1,下位,0,125,80
159,159,0,358,1695,1,0,0,0,0,1,0,下位,0,0,0
319,319,0,93,373,0,0,0,159,1711,1456,2,下位,0,0,0
32,32,0,26,64,0,0,0,319,389,1330,1,下位,0,0,0
518,518,0,25,60,0,1,32,319,389,1330,1,下位,0,32,80
984,984,0,134,562,0,2,550,319,389,1330,1,下位,0,518,76
180,180,0,167,713,0,0,0,1534,578,-411,2,下位,0,0,0
131,131,0,25,60,0,0,0,180,729,28,1,下位,0,0,0
159,159,0,25,58,0,1,131,180,729,28,1,下位,0,131,76
291,291,0,23,47,0,2,290,180,729,28,1,下位,0,159,74
384,384,0,127,462,0,3,581,180,729,28,1,下位,0,291,63
245,245,0,128,494,0,0,0,965,478,-837,2,下位,0,0,0
367,367,0,26,62,1,0,0,0,0,1,0,下位,0,0,0
162,162,0,127,492,1,1,367,0,0,1,0,下位,0,367,78
572,572,0,25,60,0,0,0,529,508,-266,2,下位,0,0,0
376,376,0,316,1345,0,1,572,529,508,-266,2,下位,0,572,76
327,327,0,24,56,0,0,0,948,1361,-358,7,下位,0,0,0
693,693,0,109,409,0,1,327,948,1361,-358,7,下位,0,327,72
163,163,0,111,457,0,0,0,1020,425,-1507,2,下位,0,0,0
394,394,0,25,58,0,0,0,163,473,-1297,2,下位,0,0,0
572,572,0,121,485,0,1,394,163,473,-1297,2,下位,0,394,74
364,364,0,25,58,0,0,0,966,501,-2281,1,下位,0,0,0
265,265,0,231,893,0,1,364,966,501,-2281,1,下位,0,364,74
362,362,0,25,58,0,0,0,629,909,-2312,5,下位,0,0,0
442,442,0,250,989,0,1,362,629,909,-2312,5,下位,0,362,74
679,679,0,26,62,1,0,0,0,0,1,0,下位,0,0,0
194,194,0,26,65,1,1,679,0,0,1,0,下位,0,679,78
301,301,0,76,270,1,2,873,0,0,1,0,下位,0,194,81
267,267,0,24,52,0,0,0,1174,286,-1447,1,下位,0,0,0
211,211,0,85,315,0,1,267,1174,286,-1447,1,下位,0,267,68
708,708,0,25,58,0,0,0,478,331,-1819,1,下位,0,0,0
140,140,0,164,706,0,1,708,478,331,-1819,1,下位,0,708,74
74,74,0,114,400,1,0,0,0,0,1,0,下位,0,0,0
157,157,0,26,64,0,0,0,74,416,298,2,下位,0,0,0
154,154,0,25,58,0,1,157,74,416,298,2,下位,0,157,80
166,166,0,151,576,0,2,311,74,416,298,2,下位,0,154,74
90,90,0,198,855,0,0,0,477,592,274,3,下位,0,0,0
129,129,0,26,62,0,0,0,90,871,1000,2,下位,0,0,0
95,95,0,23,48,0,1,129,90,871,1000,2,下位,0,129,78
166,166,0,103,448,0,2,224,90,871,1000,2,下位,0,95,64
546,546,0,141,541,0,0,0,390,464,977,1,下位,0,0,0
387,387,0,26,64,0,0,0,546,557,653,2,下位,0,0,0
1003,1003,0,89,347,0,1,387,546,557,653,2,下位,0,387,80
525,525,0,98,370,0,0,0,1390,363,-1146,1,下位,0,0,0
229,229,0,125,440,0,0,0,525,386,-1607,1,下位,0,0,0
167,167,0,25,61,0,0,0,229,456,-1520,2,下位,0,0,0
57,57,0,82,303,0,1,167,229,456,-1520,2,下位,0,167,77
154,154,0,25,58,0,0,0,224,319,-1485,1,下位,0,0,0
389,389,0,26,62,0,1,154,224,319,-1485,1,下位,0,154,74
566,566,0,119,489,0,2,543,224,319,-1485,1,下位,0,389,78
136,136,0,25,60,1,0,0,0,0,1,0,下位,0,0,0
381,381,0,110,446,1,1,136,0,0,1,0,下位,0,136,76
524,524,0,24,52,0,0,0,517,462,-295,2,下位,0,0,0
264,264,0,167,766,0,1,524,517,462,-295,2,下位,0,524,68
172,172,0,106,451,0,0,0,788,782,-716,1,下位,0,0,0
386,386,0,24,54,0,0,0,172,467,-526,1,下位,0,0,0
178,178,0,146,609,0,1,386,172,467,-526,1,下位,0,386,70
89,89,0,26,64,0,0,0,564,625,-741,2,下位,0,0,0
387,387,0,72,259,0,1,89,564,625,-741,2,下位,0,89,80
154,154,0,76,268,0,0,0,476,275,-1154,1,下位,0,0,0
681,681,0,24,56,0,0,0,154,284,-1118,1,下位,0,0,0
395,395,0,105,371,0,1,681,154,284,-1118,1,下位,0,681,72
601,601,0,202,798,1,0,0,0,0,1,0,下位,0,0,0
998,998,0,25,58,0,0,0,601,814,-154,3,下位,0,0,0
621,621,0,26,62,0,1,998,601,814,-154,3,下位,0,998,74
168,168,0,25,60,0,2,1619,601,814,-154,3,下位,0,621,78
956,956,0,24,56,0,3,1787,601,814,-154,3,下位,0,168,76
245,245,0,102,444,0,4,2743,601,814,-154,3,下位,0,956,72
352,352,0,76,266,0,0,0,2988,460,-4214,1,下位,0,0,0
704,704,0,64,226,0,0,0,352,282,-4500,1,下位,0,0,0
287,287,0,82,315,0,0,0,704,242,-5393,1,下位,0,0,0
68,68,0,213,914,0,0,0,287,331,-5525,1,下位,0,0,0
354,354,0,257,1133,0,0,0,68,930,-4705,3,下位,0,0,0
134,134,0,25,60,1,0,0,0,0,1,0,下位,0,0,0
264,264,0,24,54,1,1,134,0,0,1,0,下位,0,134,76
999,999,0,25,58,1,2,398,0,0,1,0,下位,0,264,70
621,621,0,25,60,1,3,1397,0,0,1,0,下位,0,999,74
72,72,0,61,209,1,4,2018,0,0,1,0,下位,0,621,76
131,131,0,26,62,1,0,0,0,0,1,0,下位,0,0,0
387,387,0,176,662,1,1,131,0,0,1,0,下位,0,131,78
397,397,0,25,60,0,0,0,518,678,-78,3,下位,0,0,0
136,136,0,87,357,0,1,397,518,678,-78,3,下位,0,397,76
173,173,0,164,675,0,0,0,533,373,-488,1,下位,0,0,0
471,471,0,257,1092,0,0,0,173,691,-76,2,下位,0,0,0
620,620,0,90,382,0,0,0,471,1108,272,4,下位,0,0,0
469,469,0,26,62,0,0,0,620,398,-330,1,下位,0,0,0
155,155,0,26,62,0,1,469,620,398,-330,1,下位,0,469,78
138,138,0,125,499,0,2,624,620,398,-330,1,下位,0,155,78
467,467,0,67,240,0,0,0,762,515,-889,2,下位,0,0,0
105,105,0,181,766,0,0,0,467,256,-1386,1,下位,0,0,0
139,139,0,130,510,0,0,0,105,782,-773,2,下位,0,0,0
553,553,0,26,62,0,0,0,139,526,-471,2,下位,0,0,0
388,388,0,26,62,0,1,553,139,526,-471,2,下位,0,553,78
998,998,0,25,60,0,2,941,139,526,-471,2,下位,0,388,78
620,620,0,97,363,0,3,1939,139,526,-471,2,下位,0,998,76
122,122,0,168,662,1,0,0,0,0,1,0,下位,0,0,0
521,521,0,25,58,0,0,0,122,678,482,3,下位,0,0,0
378,378,0,190,754,0,1,521,122,678,482,3,下位,0,521,74
328,328,0,131,529,0,0,0,899,770,-124,4,下位,0,0,0
84,84,0,25,58,0,0,0,328,545,-108,2,下位,0,0,0
361,361,0,101,364,0,1,84,328,545,-108,2,下位,0,84,74
169,169,0,22,43,0,0,0,445,380,-372,2,下位,0,0,0
161,161,0,137,522,0,1,169,445,380,-372,2,下位,0,169,59
695,695,0,111,469,0,0,0,330,538,-308,3,下位,0,0,0
200,200,0,25,58,0,0,0,695,485,-944,2,下位,0,0,0
333,333,0,194,851,0,1,200,695,485,-944,2,下位,0,200,74
360,360,0,104,456,0,0,0,533,867,-863,3,下位,0,0,0
348,348,0,26,64,0,0,0,360,472,-972,1,下位,0,0,0
115,115,0,177,820,0,1,348,360,472,-972,1,下位,0,348,80
700,700,0,25,58,0,0,0,463,836,-802,1,下位,0,0,0
980,980,0,107,427,0,1,700,463,836,-802,1,下位,0,700,74
394,394,0,549,2486,0,0,0,1680,443,-2995,2,下位,0,0,0
121,121,0,85,308,1,0,0,0,0,1,0,下位,0,0,0
1004,1004,0,26,63,0,0,0,121,324,130,1,下位,0,0,0
151,151,0,231,892,0,1,1004,121,324,130,1,下位,0,1004,79
160,160,0,137,518,0,0,0,1155,908,-746,5,下位,0,0,0
65,65,0,117,505,0,0,0,160,534,-470,3,下位,0,0,0
486,486,0,102,401,0,0,0,65,521,-54,1,下位,0,0,0
395,395,0,108,422,0,0,0,486,417,-421,1,下位,0,0,0
382,382,0,25,58,0,0,0,395,438,-620,1,下位,0,0,0
399,399,0,26,64,0,1,382,395,438,-620,1,下位,0,382,74
58,58,0,82,344,0,2,781,395,438,-620,1,下位,0,399,80
132,132,0,128,546,0,0,0,839,360,-1460,1,下位,0,0,0
993,993,0,25,60,0,0,0,132,562,-1111,1,下位,0,0,0
98,98,0,102,419,0,1,993,132,562,-1111,1,下位,0,993,76
126,126,0,1082,4814,1,0,0,0,0,1,0,下位,0,0,0
563,563,0,24,56,0,0,0,126,4830,4628,16,上位,0,0,0
998,998,0,26,62,0,1,563,126,4830,4628,16,上位,0,563,72
388,388,0,26,62,0,2,1561,126,4830,4628,16,上位,0,998,78
158,158,0,25,58,0,3,1949,126,4830,4628,16,上位,0,388,78
156,156,0,109,481,0,4,2107,126,4830,4628,16,上位,0,158,74
999,999,0,21,39,0,0,0,2263,497,1776,1,下位,0,0,0
35,35,0,63,226,0,1,999,2263,497,1776,1,下位,0,999,55
181,181,0,26,62,1,0,0,0,0,1,0,下位,0,0,0
38,38,0,143,587,1,1,181,0,0,1,0,下位,0,181,78
538,538,0,125,459,0,0,0,219,603,329,2,下位,0,0,0
169,169,0,26,62,0,0,0,538,475,-64,2,下位,0,0,0
69,69,0,87,322,0,1,169,538,475,-64,2,下位,0,169,78
31,31,0,77,290,0,0,0,238,338,-32,1,下位,0,0,0
494,494,0,25,60,0,0,0,31,306,224,1,下位,0,0,0
633,633,0,26,62,0,1,494,31,306,224,1,下位,0,494,76
394,394,0,25,58,0,2,1127,31,306,224,1,下位,0,633,78
388,388,0,101,418,0,3,1521,31,306,224,1,下位,0,394,74
978,978,0,26,62,0,0,0,1909,434,-2194,1,下位,0,0,0
139,139,0,73,259,0,1,978,1909,434,-2194,1,下位,0,978,78
169,169,0,294,1172,0,0,0,1117,275,-3643,1,下位,0,0,0
359,359,0,26,62,0,0,0,169,1188,-2728,6,下位,0,0,0
457,457,0,89,330,0,1,359,169,1188,-2728,6,下位,0,359,78
110,110,0,100,390,1,0,0,0,0,1,0,下位,0,0,0
76,76,0,101,387,0,0,0,110,406,230,2,下位,0,0,0
164,164,0,25,60,0,0,0,76,403,510,1,下位,0,0,0
161,161,0,75,298,0,1,164,76,403,510,1,下位,0,164,76
784,784,0,578,2791,0,0,0,325,314,375,1,下位,0,0,0
160,160,0,25,60,0,0,0,784,2807,1917,2,下位,0,0,0
80,80,0,77,260,0,1,160,784,2807,1917,2,下位,0,160,76
46,46,0,66,212,0,0,0,240,276,1882,1,下位,0,0,0
911,911,0,23,50,0,0,0,46,228,2036,1,下位,0,0,0
168,168,0,26,62,0,1,911,46,228,2036,1,下位,0,911,66
142,142,0,118,491,0,2,1079,46,228,2036,1,下位,0,168,78
156,156,0,152,667,0,0,0,1221,507,718,2,下位,0,0,0
366,366,0,25,60,0,0,0,156,683,1149,1,下位,0,0,0
136,136,0,84,328,0,1,366,156,683,1149,1,下位,0,366,76
212,212,0,24,52,1,0,0,0,0,1,0,下位,0,0,0
394,394,0,25,60,1,1,212,0,0,1,0,下位,0,212,68
381,381,0,78,326,1,2,606,0,0,1,0,下位,0,394,76
160,160,0,1292,6150,0,0,0,987,342,-1106,1,下位,0,0,0
319,319,0,119,464,0,0,0,160,6166,2517,7,下位,0,0,0
997,997,0,159,616,0,0,0,319,480,165,2,下位,0,0,0
121,121,0,24,56,0,0,0,997,632,-811,3,下位,0,0,0
993,993,0,62,221,0,1,121,997,632,-811,3,下位,0,121,72
73,73,0,25,60,0,0,0,1114,237,-2299,1,下位,0,0,0
142,142,0,107,470,0,1,73,1114,237,-2299,1,下位,0,73,76
272,272,0,81,297,0,0,0,215,486,-2084,1,下位,0,0,0
59,59,0,24,52,1,0,0,0,0,1,0,下位,0,0,0
172,172,0,26,64,1,1,59,0,0,1,0,下位,0,59,68
694,694,0,79,309,1,2,231,0,0,1,0,下位,0,172,80
151,151,0,24,54,0,0,0,925,325,-1018,1,下位,0,0,0
999,999,0,63,228,0,1,151,925,325,-1018,1,下位,0,151,70
382,382,0,24,56,0,0,0,1150,244,-2559,1,下位,0,0,0
272,272,0,24,56,0,1,382,1150,244,-2559,1,下位,0,382,72
124,124,0,105,408,0,2,654,1150,244,-2559,1,下位,0,272,72
666,666,0,75,299,0,0,0,778,424,-3246,1,下位,0,0,0
349,349,0,22,43,1,0,0,0,0,1,0,下位,0,0,0
123,123,0,116,448,1,1,349,0,0,1,0,下位,0,349,59
255,255,0,26,62,0,0,0,472,464,-237,2,下位,0,0,0
57,57,0,257,1135,0,1,255,472,464,-237,2,下位,0,255,78
204,204,0,84,340,0,0,0,312,1151,489,2,下位,0,0,0
397,397,0,26,62,0,0,0,204,356,516,1,下位,0,0,0
555,555,0,23,50,0,1,397,204,356,516,1,下位,0,397,78
382,382,0,94,408,0,2,952,204,356,516,1,下位,0,555,66
109,109,0,26,64,0,0,0,1334,424,-1067,1,下位,0,0,0
204,204,0,103,388,0,1,109,1334,424,-1067,1,下位,0,109,80
303,303,0,206,870,0,0,0,313,404,-1088,1,下位,0,0,0
692,692,0,71,262,0,0,0,303,886,-691,3,下位,0,0,0
875,875,0,78,304,0,0,0,692,278,-1529,1,下位,0,0,0
477,477,0,26,64,0,0,0,875,320,-2620,1,下位,0,0,0
361,361,0,25,60,0,1,477,875,320,-2620,1,下位,0,477,80
368,368,0,167,686,0,2,838,875,320,-2620,1,下位,0,361,76
689,689,0,197,774,0,0,0,1206,702,-3707,3,下位,0,0,0
128,128,0,159,653,1,0,0,0,0,1,0,下位,0,0,0
134,134,0,25,58,0,0,0,128,669,464,3,下位,0,0,0
160,160,0,26,62,0,1,134,128,669,464,3,下位,0,134,74
234,234,0,160,714,0,2,294,128,669,464,3,下位,0,160,78
663,663,0,25,60,0,0,0,528,730,495,2,下位,0,0,0
998,998,0,280,1306,0,1,663,528,730,495,2,下位,0,663,76
156,156,0,23,48,0,0,0,1661,1322,-786,1,下位,0,0,0
31,31,0,148,555,0,1,156,1661,1322,-786,1,下位,0,156,64
55,55,0,93,402,0,0,0,187,571,-453,3,下位,0,0,0
511,511,0,25,58,0,0,0,55,418,-124,1,下位,0,0,0
421,421,0,24,54,0,1,511,55,418,-124,1,下位,0,511,74
190,190,0,167,705,0,2,932,55,418,-124,1,下位,0,421,70
360,360,0,143,547,0,0,0,1122,721,-1068,2,下位,0,0,0
683,683,0,95,358,0,0,0,360,563,-1086,3,下位,0,0,0
160,160,0,79,290,0,0,0,683,374,-1814,1,下位,0,0,0
380,380,0,26,62,0,0,0,160,306,-1766,1,下位,0,0,0
368,368,0,81,278,0,1,380,160,306,-1766,1,下位,0,380,78
153,153,0,24,56,0,0,0,748,294,-2601,1,下位,0,0,0
136,136,0,86,324,0,1,153,748,294,-2601,1,下位,0,153,72
612,612,0,105,421,0,0,0,289,340,-2655,1,下位,0,0,0
333,333,0,25,60,1,0,0,0,0,1,0,下位,0,0,0
165,165,0,93,358,1,1,333,0,0,1,0,下位,0,333,76
416,416,0,26,62,0,0,0,498,374,-352,1,下位,0,0,0
759,759,0,21,41,0,1,416,498,374,-352,1,下位,0,416,78
139,139,0,112,493,0,2,1175,498,374,-352,1,下位,0,759,57
477,477,0,21,41,0,0,0,1314,509,-1827,1,下位,0,0,0
440,440,0,24,54,0,1,477,1314,509,-1827,1,下位,0,477,57
33,33,0,90,380,0,2,917,1314,509,-1827,1,下位,0,440,70
172,172,0,25,58,0,0,0,950,396,-2836,1,下位,0,0,0
139,139,0,123,440,0,1,172,950,396,-2836,1,下位,0,172,74
407,407,0,27,70,0,0,0,311,456,-2808,2,下位,0,0,0
1000,1000,0,24,52,0,1,407,311,456,-2808,2,下位,0,407,86
94,94,0,26,62,0,2,1407,311,456,-2808,2,下位,0,1000,68
99,99,0,23,49,0,3,1501,311,456,-2808,2,下位,0,94,78
873,873,0,120,449,0,4,1600,311,456,-2808,2,下位,0,99,65
59,59,0,163,582,0,0,0,2473,465,-6036,2,下位,0,0,0
361,361,0,89,319,0,0,0,59,598,-5533,3,下位,0,0,0
951,951,0,86,342,1,0,0,0,0,1,0,下位,0,0,0
647,647,0,151,637,0,0,0,951,358,-1175,1,下位,0,0,0
122,122,0,110,422,0,0,0,647,653,-1566,2,下位,0,0,0
392,392,0,25,58,0,0,0,122,438,-1325,1,下位,0,0,0
136,136,0,113,442,0,1,392,122,438,-1325,1,下位,0,392,74
201,201,0,96,412,0,0,0,528,458,-1644,1,下位,0,0,0
132,132,0,25,58,0,0,0,201,428,-1540,1,下位,0,0,0
217,217,0,219,854,0,1,132,201,428,-1540,1,下位,0,132,74
178,178,0,330,1569,0,0,0,349,870,-1159,4,下位,0,0,0
354,354,0,146,650,0,0,0,178,1585,139,1,下位,0,0,0
171,171,0,24,54,0,0,0,354,666,234,2,下位,0,0,0
52,52,0,25,60,0,1,171,354,666,234,2,下位,0,171,70
267,267,0,725,3466,0,2,223,354,666,234,2,下位,0,52,76
147,147,0,26,64,0,0,0,490,3482,302,5,下位,0,0,0
575,575,0,115,510,0,1,147,490,3482,302,5,下位,0,147,80
171,171,0,1045,4580,0,0,0,722,526,-256,1,下位,0,0,0
143,143,0,26,64,0,0,0,171,4596,4064,13,上位,0,0,0
132,132,0,183,691,0,1,143,171,4596,4064,13,上位,0,143,80
116,116,0,108,401,1,0,0,0,0,1,0,下位,0,0,0
160,160,0,146,607,0,0,0,116,417,231,2,下位,0,0,0
127,127,0,25,60,0,0,0,160,623,596,2,下位,0,0,0
107,107,0,25,58,0,1,127,160,623,596,2,下位,0,127,76
137,137,0,151,564,0,2,234,160,623,596,2,下位,0,107,74
570,570,0,121,470,0,0,0,371,580,727,3,下位,0,0,0
693,693,0,25,58,0,0,0,570,486,294,2,下位,0,0,0
350,350,0,84,310,0,1,693,570,486,294,2,下位,0,693,74
448,448,0,112,415,0,0,0,1043,326,-989,1,下位,0,0,0
706,706,0,26,62,0,0,0,448,431,-1281,2,下位,0,0,0
524,524,0,25,60,0,1,706,448,431,-1281,2,下位,0,706,78
606,606,0,26,62,0,2,1230,448,431,-1281,2,下位,0,524,76
167,167,0,22,43,0,3,1836,448,431,-1281,2,下位,0,606,78
363,363,0,25,58,0,4,2003,448,431,-1281,2,下位,0,167,59
128,128,0,143,591,0,5,2366,448,431,-1281,2,下位,0,363,74
331,331,0,135,503,1,0,0,0,0,1,0,下位,0,0,0
360,360,0,26,64,0,0,0,331,519,-14,2,下位,0,0,0
203,203,0,151,518,0,1,360,331,519,-14,2,下位,0,360,80
163,163,0,25,60,0,0,0,563,534,-308,3,下位,0,0,0
39,39,0,90,332,0,1,163,563,534,-308,3,下位,0,163,76
376,376,0,82,285,0,0,0,202,348,-210,1,下位,0,0,0
155,155,0,68,258,0,0,0,376,301,-515,1,下位,0,0,0
306,306,0,25,60,0,0,0,155,274,-491,1,下位,0,0,0
170,170,0,26,62,0,1,306,155,274,-491,1,下位,0,306,76
699,699,0,123,501,0,2,476,155,274,-491,1,下位,0,170,78
347,347,0,25,58,0,0,0,1175,517,-1715,2,下位,0,0,0
854,854,0,25,60,0,1,347,1175,517,-1715,2,下位,0,347,74
155,155,0,24,54,0,2,1201,1175,517,-1715,2,下位,0,854,76
359,359,0,109,456,0,3,1356,1175,517,-1715,2,下位,0,155,70
357,357,0,24,52,0,0,0,1715,472,-3790,1,下位,0,0,0
68,68,0,26,62,0,1,357,1715,472,-3790,1,下位,0,357,68
322,322,0,96,414,0,2,425,1715,472,-3790,1,下位,0,68,78
691,691,0,26,62,0,0,0,747,430,-4419,1,下位,0,0,0
378,378,0,116,463,0,1,691,747,430,-4419,1,下位,0,691,78
751,751,0,24,54,0,0,0,1069,479,-5587,2,下位,0,0,0
115,115,0,130,516,0,1,751,1069,479,-5587,2,下位,0,751,70
62,62,0,780,3457,0,0,0,866,532,-6381,2,下位,0,0,0
352,352,0,275,1180,1,0,0,0,0,1,0,下位,0,0,0
362,362,0,26,62,0,0,0,352,1196,629,4,下位,0,0,0
259,259,0,26,64,0,1,362,352,1196,629,4,下位,0,362,78
279,279,0,111,411,0,2,621,352,1196,629,4,下位,0,259,80
194,194,0,75,258,0,0,0,900,427,-238,2,下位,0,0,0
354,354,0,122,476,0,0,0,194,274,-277,1,下位,0,0,0
136,136,0,26,62,0,0,0,354,492,-356,2,下位,0,0,0
351,351,0,25,58,0,1,136,354,492,-356,2,下位,0,136,78
208,208,0,115,510,0,2,487,354,492,-356,2,下位,0,351,74
175,175,0,92,363,0,0,0,695,526,-798,1,下位,0,0,0
95,95,0,133,586,0,0,0,175,379,-701,1,下位,0,0,0
116,116,0,138,531,0,0,0,95,602,-252,1,下位,0,0,0
474,474,0,109,418,0,0,0,116,547,108,2,下位,0,0,0
111,111,0,20,34,0,0,0,474,434,-223,2,下位,0,0,0
281,281,0,102,424,0,1,111,474,434,-223,2,下位,0,111,50
258,258,0,142,556,0,0,0,392,440,-365,1,下位,0,0,0
69,69,0,118,435,0,0,0,258,572,-209,3,下位,0,0,0
375,375,0,117,429,0,0,0,69,451,131,2,下位,0,0,0
139,139,0,167,737,0,0,0,375,445,-29,2,下位,0,0,0
128,128,0,139,568,0,0,0,139,753,500,1,下位,0,0,0
140,140,0,102,368,0,0,0,128,584,878,2,下位,0,0,0
161,161,0,24,54,0,0,0,140,384,1036,2,下位,0,0,0
228,228,0,196,894,0,1,161,140,384,1036,2,下位,0,161,70
311,311,0,25,58,1,0,0,0,0,1,0,下位,0,0,0
139,139,0,103,401,1,1,311,0,0,1,0,下位,0,311,74
619,619,0,25,60,0,0,0,450,417,-234,1,下位,0,0,0
35,35,0,66,215,0,1,619,450,417,-234,1,下位,0,619,76
103,103,0,25,60,0,0,0,654,231,-982,1,下位,0,0,0
392,392,0,392,1715,0,1,103,654,231,-982,1,下位,0,103,76
384,384,0,58,176,0,0,0,495,1731,27,3,下位,0,0,0
158,158,0,344,1392,0,0,0,384,192,-400,1,下位,0,0,0
98,98,0,125,501,0,0,0,158,1408,753,6,下位,0,0,0
816,816,0,25,58,0,0,0,98,517,1112,2,下位,0,0,0
620,620,0,22,45,0,1,816,98,517,1112,2,下位,0,816,74
383,383,0,162,689,0,2,1436,98,517,1112,2,下位,0,620,61
150,150,0,450,2039,1,0,0,0,0,1,0,下位,0,0,0
55,55,0,26,62,0,0,0,150,2055,1814,5,下位,0,0,0
141,141,0,24,56,0,1,55,150,2055,1814,5,下位,0,55,78
710,710,0,25,60,0,2,196,150,2055,1814,5,下位,0,141,72
354,354,0,26,64,0,3,906,150,2055,1814,5,下位,0,710,76
72,72,0,153,599,0,4,1260,150,2055,1814,5,下位,0,354,80
162,162,0,123,469,0,0,0,1332,615,586,3,下位,0,0,0
312,312,0,69,253,0,0,0,162,485,810,2,下位,0,0,0
124,124,0,23,50,0,0,0,312,269,576,1,下位,0,0,0
998,998,0,749,3642,0,1,124,312,269,576,1,下位,0,124,66
361,361,0,26,62,0,0,0,1122,3658,77,3,下位,0,0,0
140,140,0,361,1682,0,1,361,1122,3658,77,3,下位,0,361,78
67,67,0,173,752,0,0,0,501,1698,1045,1,下位,0,0,0
205,205,0,69,243,0,0,0,67,768,1705,2,下位,0,0,0
187,187,0,24,56,0,0,0,205,259,1633,1,下位,0,0,0
185,185,0,336,1487,0,1,187,205,259,1633,1,下位,0,187,72
193,193,0,25,60,1,0,0,0,0,1,0,下位,0,0,0
730,730,0,25,60,1,1,193,0,0,1,0,下位,0,193,76
133,133,0,256,1148,1,2,923,0,0,1,0,下位,0,730,76
164,164,0,68,264,0,0,0,1056,1164,-387,4,下位,0,0,0
280,280,0,273,1048,0,0,0,164,280,-372,1,下位,0,0,0
243,243,0,25,60,0,0,0,280,1064,240,4,下位,0,0,0
502,502,0,154,564,0,1,243,280,1064,240,4,下位,0,243,76
343,343,0,701,3197,1,0,0,0,0,1,0,下位,0,0,0
138,138,0,24,56,0,0,0,343,3213,250,4,下位,0,0,0
229,229,0,26,62,0,1,138,343,3213,250,4,下位,0,138,72
372,372,0,581,2744,0,2,367,343,3213,250,4,下位,0,229,78
491,491,0,94,407,0,0,0,739,2760,1968,3,下位,0,0,0
51,51,0,79,275,0,0,0,491,423,1599,1,下位,0,0,0
363,363,0,92,331,0,0,0,51,291,1808,1,下位,0,0,0
135,135,0,67,255,0,0,0,363,347,1570,1,下位,0,0,0
344,344,0,25,60,0,0,0,135,271,1623,1,下位,0,0,0
684,684,0,73,272,0,1,344,135,271,1623,1,下位,0,344,76
158,158,0,1443,6716,0,0,0,1028,288,329,1,下位,0,0,0
62,62,0,91,378,1,0,0,0,0,1,0,下位,0,0,0
389,389,0,25,58,0,0,0,62,394,295,1,下位,0,0,0
623,623,0,96,412,0,1,389,62,394,295,1,下位,0,389,74
357,357,0,128,518,0,0,0,1012,428,-836,1,下位,0,0,0
394,394,0,23,50,0,0,0,357,534,-878,2,下位,0,0,0
273,273,0,24,56,0,1,394,357,534,-878,2,下位,0,394,66
650,650,0,166,676,0,2,667,357,534,-878,2,下位,0,273,72
340,340,0,25,58,1,0,0,0,0,1,0,下位,0,0,0
998,998,0,24,56,1,1,340,0,0,1,0,下位,0,340,74
462,462,0,25,58,1,2,1338,0,0,1,0,下位,0,998,72
686,686,0,25,58,1,3,1800,0,0,1,0,下位,0,462,74
121,121,0,25,60,1,4,2486,0,0,1,0,下位,0,686,74
137,137,0,130,489,1,5,2607,0,0,1,0,下位,0,121,76
248,248,0,206,803,0,0,0,2744,505,-3551,2,下位,0,0,0
422,422,0,26,62,0,0,0,248,819,-3132,4,下位,0,0,0
260,260,0,26,64,0,1,422,248,819,-3132,4,下位,0,422,78
158,158,0,133,557,0,2,682,248,819,-3132,4,下位,0,260,80
303,303,0,119,426,0,0,0,840,573,-3756,2,下位,0,0,0
235,235,0,24,54,0,0,0,303,442,-3803,2,下位,0,0,0
393,393,0,158,662,0,1,235,303,442,-3803,2,下位,0,235,70
206,206,0,19,30,1,0,0,0,0,1,0,下位,0,0,0
693,693,0,109,456,1,1,206,0,0,1,0,下位,0,206,46
40,40,0,82,284,0,0,0,899,472,-931,2,下位,0,0,0
165,165,0,223,932,0,0,0,40,300,-696,1,下位,0,0,0
373,373,0,155,628,0,0,0,165,948,-14,3,下位,0,0,0
58,58,0,307,1379,1,0,0,0,0,1,0,下位,0,0,0
620,620,0,87,322,0,0,0,58,1395,1302,5,下位,0,0,0
54,54,0,26,62,0,0,0,620,338,640,1,下位,0,0,0
127,127,0,139,603,0,1,54,620,338,640,1,下位,0,54,78
152,152,0,88,318,0,0,0,181,619,1045,1,下位,0,0,0
148,148,0,25,60,0,0,0,152,334,1134,1,下位,0,0,0
692,692,0,177,821,0,1,148,152,334,1134,1,下位,0,148,76
460,460,0,25,60,0,0,0,840,837,692,1,下位,0,0,0
160,160,0,26,62,0,1,460,840,837,692,1,下位,0,460,76
582,582,0,25,60,0,2,620,840,837,692,1,下位,0,160,78
224,224,0,26,64,0,3,1202,840,837,692,1,下位,0,582,76
141,141,0,155,671,0,4,1426,840,837,692,1,下位,0,224,80
207,207,0,26,62,0,0,0,1567,687,-838,2,下位,0,0,0
362,362,0,75,254,0,1,207,1567,687,-838,2,下位,0,207,78
672,672,0,85,358,1,0,0,0,0,1,0,下位,0,0,0
100,100,0,99,385,0,0,0,672,374,-709,1,下位,0,0,0
354,354,0,25,58,0,0,0,100,401,-469,2,下位,0,0,0
159,159,0,260,1115,0,1,354,100,401,-469,2,下位,0,354,74
62,62,0,291,1370,0,0,0,513,1131,-91,4,下位,0,0,0
619,619,0,26,62,0,0,0,62,1386,1195,2,下位,0,0,0
247,247,0,24,52,0,1,619,62,1386,1195,2,下位,0,619,78
998,998,0,19,30,0,2,866,62,1386,1195,2,下位,0,247,68
136,136,0,20,32,0,3,1864,62,1386,1195,2,下位,0,998,46
534,534,0,26,62,0,4,2000,62,1386,1195,2,下位,0,136,48
139,139,0,25,60,0,5,2534,62,1386,1195,2,下位,0,534,78
129,129,0,99,430,0,6,2673,62,1386,1195,2,下位,0,139,76
86,86,0,79,310,0,0,0,2802,446,-2485,1,下位,0,0,0
143,143,0,21,39,1,0,0,0,0,1,0,下位,0,0,0
717,717,0,182,801,1,1,143,0,0,1,0,下位,0,143,55
81,81,0,408,1665,0,0,0,860,817,-514,1,下位,0,0,0
191,191,0,112,435,0,0,0,81,1681,1036,7,下位,0,0,0
158,158,0,72,263,0,0,0,191,451,1179,2,下位,0,0,0
740,740,0,79,295,0,0,0,158,279,1203,1,下位,0,0,0
143,143,0,106,420,0,0,0,740,311,320,1,下位,0,0,0
365,365,0,22,45,0,0,0,143,436,525,1,下位,0,0,0
227,227,0,78,279,0,1,365,143,436,525,1,下位,0,365,61
374,374,0,25,60,0,0,0,592,295,-74,1,下位,0,0,0
115,115,0,298,1188,0,1,374,592,295,-74,1,下位,0,374,76
141,141,0,662,2654,0,0,0,489,1204,418,5,下位,0,0,0
164,164,0,73,238,0,0,0,141,2670,2861,13,上位,0,0,0
984,984,0,201,795,1,0,0,0,0,1,0,下位,0,0,0
528,528,0,124,554,0,0,0,984,811,-775,3,下位,0,0,0
999,999,0,88,333,0,0,0,528,570,-1057,1,下位,0,0,0
499,499,0,25,60,1,0,0,0,0,1,0,下位,0,0,0
694,694,0,111,432,1,1,499,0,0,1,0,下位,0,499,76
712,712,0,104,432,0,0,0,1193,448,-1399,1,下位,0,0,0
165,165,0,25,60,0,0,0,712,448,-2099,1,下位,0,0,0
348,348,0,117,481,0,1,165,712,448,-2099,1,下位,0,165,76
168,168,0,85,300,0,0,0,513,497,-2353,1,下位,0,0,0
286,286,0,137,532,0,0,0,168,316,-2308,1,下位,0,0,0
271,271,0,24,56,0,0,0,286,548,-2221,2,下位,0,0,0
48,48,0,102,386,0,1,271,286,548,-2221,2,下位,0,271,72
734,734,0,127,512,0,0,0,319,402,-2261,2,下位,0,0,0
120,120,0,70,221,1,0,0,0,0,1,0,下位,0,0,0
200,200,0,25,57,0,0,0,120,237,44,1,下位,0,0,0
22,22,0,115,478,0,1,200,120,237,44,1,下位,0,200,73
154,154,0,26,64,0,0,0,222,494,253,2,下位,0,0,0
836,836,0,518,2306,0,1,154,222,494,253,2,下位,0,154,80
498,498,0,22,45,0,0,0,990,2322,1058,6,下位,0,0,0
144,144,0,179,721,0,1,498,990,2322,1058,6,下位,0,498,61
470,470,0,24,56,0,0,0,642,737,821,2,下位,0,0,0
684,684,0,24,52,0,1,470,642,737,821,2,下位,0,470,72
38,38,0,110,486,0,2,1154,642,737,821,2,下位,0,684,68
368,368,0,86,364,0,0,0,1192,502,-459,1,下位,0,0,0
330,330,0,182,820,0,0,0,368,380,-673,1,下位,0,0,0
137,137,0,26,62,1,0,0,0,0,1,0,下位,0,0,0
153,153,0,72,280,1,1,137,0,0,1,0,下位,0,137,78
357,357,0,22,45,0,0,0,290,296,-93,1,下位,0,0,0
115,115,0,890,3949,0,1,357,290,296,-93,1,下位,0,357,61
620,620,0,167,682,0,0,0,472,3965,3172,13,上位,0,0,0
360,360,0,118,449,0,0,0,620,698,613,2,下位,0,0,0
177,177,0,161,710,0,0,0,360,465,497,2,下位,0,0,0
318,318,0,25,57,0,0,0,177,726,938,1,下位,0,0,0
364,364,0,102,386,0,1,318,177,726,938,1,下位,0,318,73
224,224,0,324,1501,0,0,0,682,402,313,2,下位,0,0,0
76,76,0,99,427,0,0,0,224,1517,1469,1,下位,0,0,0
202,202,0,101,378,0,0,0,76,443,1789,1,下位,0,0,0
143,143,0,81,299,0,0,0,202,394,1857,1,下位,0,0,0
697,697,0,199,810,0,0,0,143,315,1941,1,下位,0,0,0
34,34,0,217,878,0,0,0,697,826,1643,4,下位,0,0,0
219,219,0,24,52,1,0,0,0,0,1,0,下位,0,0,0
124,124,0,154,576,1,1,219,0,0,1,0,下位,0,219,68
695,695,0,63,222,0,0,0,343,592,108,3,下位,0,0,0
60,60,0,112,410,0,0,0,695,238,-775,1,下位,0,0,0
475,475,0,61,203,0,0,0,60,426,-446,2,下位,0,0,0
492,492,0,128,560,1,0,0,0,0,1,0,下位,0,0,0
175,175,0,122,543,0,0,0,492,576,-217,2,下位,0,0,0
173,173,0,24,56,0,0,0,175,559,60,1,下位,0,0,0
235,235,0,643,2941,0,1,173,175,559,60,1,下位,0,173,72
620,620,0,116,452,0,0,0,408,2957,59,4,下位,0,0,0
249,249,0,24,54,0,0,0,620,468,-473,1,下位,0,0,0
530,530,0,70,220,0,1,249,620,468,-473,1,下位,0,249,70
167,167,0,26,62,0,0,0,779,236,-1424,1,下位,0,0,0
159,159,0,69,260,0,1,167,779,236,-1424,1,下位,0,167,78
1002,1002,0,103,408,0,0,0,326,276,-1595,1,下位,0,0,0
63,63,0,140,568,1,0,0,0,0,1,0,下位,0,0,0
126,126,0,82,316,0,0,0,63,584,483,3,下位,0,0,0
376,376,0,23,47,0,0,0,126,332,612,1,下位,0,0,0
158,158,0,24,52,0,1,376,126,332,612,1,下位,0,376,63
150,150,0,19,29,0,2,534,126,332,612,1,下位,0,158,68
718,718,0,24,56,0,3,684,126,332,612,1,下位,0,150,45
140,140,0,132,535,0,4,1402,126,332,612,1,下位,0,718,72
162,162,0,26,62,0,0,0,1542,551,-1077,2,下位,0,0,0
80,80,0,83,300,0,1,162,1542,551,-1077,2,下位,0,162,78
165,165,0,76,285,0,0,0,242,316,-1073,1,下位,0,0,0
46,46,0,25,60,0,0,0,165,301,-1038,1,下位,0,0,0
160,160,0,125,476,0,1,46,165,301,-1038,1,下位,0,46,76
569,569,0,114,484,1,0,0,0,0,1,0,下位,0,0,0
226,226,0,27,70,0,0,0,569,500,-417,1,下位,0,0,0
477,477,0,224,984,0,1,226,569,500,-417,1,下位,0,226,86
324,324,0,177,721,1,0,0,0,0,1,0,下位,0,0,0
167,167,0,115,471,0,0,0,324,737,215,2,下位,0,0,0
162,162,0,82,283,0,0,0,167,487,433,2,下位,0,0,0
688,688,0,84,296,0,0,0,162,299,471,1,下位,0,0,0
141,141,0,87,314,0,0,0,688,312,-327,1,下位,0,0,0
216,216,0,24,54,0,0,0,141,330,-224,1,下位,0,0,0
995,995,0,391,1888,0,1,216,141,330,-224,1,下位,0,216,70
675,675,0,26,64,0,0,0,1211,1904,-204,1,下位,0,0,0
696,696,0,25,60,0,1,675,1211,1904,-204,1,下位,0,675,80
357,357,0,111,436,0,2,1371,1211,1904,-204,1,下位,0,696,76
157,157,0,292,1189,0,0,0,1728,452,-2384,2,下位,0,0,0
92,92,0,194,785,1,0,0,0,0,1,0,下位,0,0,0
660,660,0,23,47,0,0,0,92,801,654,4,下位,0,0,0
256,256,0,73,258,0,1,660,92,801,654,4,下位,0,660,63
967,967,0,25,60,0,0,0,916,274,-487,1,下位,0,0,0
383,383,0,25,58,0,1,967,916,274,-487,1,下位,0,967,76
485,485,0,26,62,0,2,1350,916,274,-487,1,下位,0,383,74
159,159,0,24,52,0,3,1835,916,274,-487,1,下位,0,485,78
749,749,0,65,244,0,4,1994,916,274,-487,1,下位,0,159,68
530,530,0,97,377,0,0,0,2743,260,-4356,1,下位,0,0,0
296,296,0,80,273,1,0,0,0,0,1,0,下位,0,0,0
136,136,0,25,60,0,0,0,296,289,-187,1,下位,0,0,0
343,343,0,100,414,0,1,136,296,289,-187,1,下位,0,136,76
997,997,0,872,4111,0,0,0,479,430,-453,1,下位,0,0,0
161,161,0,24,54,0,0,0,997,4127,2066,4,下位,0,0,0
685,685,0,24,56,0,1,161,997,4127,2066,4,下位,0,161,70
102,102,0,22,45,0,2,846,997,4127,2066,4,下位,0,685,72
82,82,0,143,545,0,3,948,997,4127,2066,4,下位,0,102,61
714,714,0,24,54,0,0,0,1030,561,1168,3,下位,0,0,0
133,133,0,78,277,0,1,714,1030,561,1168,3,下位,0,714,70
391,391,0,25,60,1,0,0,0,0,1,0,下位,0,0,0
383,383,0,151,689,1,1,391,0,0,1,0,下位,0,391,76
160,160,0,174,703,0,0,0,774,705,-467,1,下位,0,0,0
39,39,0,82,303,0,0,0,160,719,-6,3,下位,0,0,0
272,272,0,109,425,0,0,0,39,319,250,1,下位,0,0,0
697,697,0,25,60,0,0,0,272,441,252,2,下位,0,0,0
108,108,0,204,766,0,1,697,272,441,252,2,下位,0,697,76
605,605,0,25,60,0,0,0,805,782,-188,4,下位,0,0,0
339,339,0,124,486,0,1,605,805,782,-188,4,下位,0,605,76
317,317,0,72,253,1,0,0,0,0,1,0,下位,0,0,0
373,373,0,94,352,0,0,0,317,269,-241,1,下位,0,0,0
229,229,0,25,58,0,0,0,373,368,-475,1,下位,0,0,0
135,135,0,26,62,0,1,229,373,368,-475,1,下位,0,229,74
221,221,0,83,298,0,2,364,373,368,-475,1,下位,0,135,78
998,998,0,25,60,0,0,0,585,314,-952,1,下位,0,0,0
87,87,0,24,52,0,1,998,585,314,-952,1,下位,0,998,76
374,374,0,25,60,0,2,1085,585,314,-952,1,下位,0,87,68
376,376,0,344,1572,0,3,1459,585,314,-952,1,下位,0,374,76
708,708,0,113,394,0,0,0,1835,1588,-2103,3,下位,0,0,0
206,206,0,26,62,1,0,0,0,0,1,0,下位,0,0,0
503,503,0,202,864,1,1,206,0,0,1,0,下位,0,206,78
62,62,0,152,615,0,0,0,709,880,-184,4,下位,0,0,0
365,365,0,505,2086,0,0,0,62,631,347,2,下位,0,0,0
250,250,0,25,58,0,0,0,365,2102,1860,9,上位,0,0,0
90,90,0,88,355,0,1,250,365,2102,1860,9,上位,0,250,74
116,116,0,25,60,0,0,0,340,371,1757,1,下位,0,0,0
147,147,0,26,62,0,1,116,340,371,1757,1,下位,0,116,76
145,145,0,26,64,0,2,263,340,371,1757,1,下位,0,147,78
159,159,0,69,226,0,3,408,340,371,1757,1,下位,0,145,80
256,256,0,71,244,0,0,0,567,242,1319,1,下位,0,0,0
153,153,0,109,402,0,0,0,256,260,1166,1,下位,0,0,0
431,431,0,26,63,0,0,0,153,418,1337,2,下位,0,0,0
18,18,0,183,792,0,1,431,153,418,1337,2,下位,0,431,79
620,620,0,26,62,0,0,0,449,808,1500,2,下位,0,0,0
392,392,0,114,424,0,1,620,449,808,1500,2,下位,0,620,78
776,776,0,108,392,1,0,0,0,0,1,0,下位,0,0,0
515,515,0,26,62,0,0,0,776,408,-843,2,下位,0,0,0
559,559,0,26,62,0,1,515,776,408,-843,2,下位,0,515,78
998,998,0,81,321,0,2,1074,776,408,-843,2,下位,0,559,78
206,206,0,92,334,1,0,0,0,0,1,0,下位,0,0,0
473,473,0,125,519,0,0,0,206,350,19,1,下位,0,0,0
167,167,0,179,709,0,0,0,473,535,-209,2,下位,0,0,0
768,768,0,76,283,0,0,0,167,725,247,3,下位,0,0,0
107,107,0,88,347,1,0,0,0,0,1,0,下位,0,0,0
262,262,0,57,196,0,0,0,107,363,191,1,下位,0,0,0
335,335,0,180,697,0,0,0,262,212,-20,1,下位,0,0,0
318,318,0,25,58,0,0,0,335,713,153,3,下位,0,0,0
151,151,0,26,64,0,1,318,335,713,153,3,下位,0,318,74
57,57,0,281,1234,0,2,469,335,713,153,3,下位,0,151,80
138,138,0,25,60,0,0,0,526,1250,708,4,下位,0,0,0
381,381,0,26,62,0,1,138,526,1250,708,4,下位,0,138,76
1000,1000,0,25,58,0,2,519,526,1250,708,4,下位,0,381,78
93,93,0,114,492,0,3,1519,526,1250,708,4,下位,0,1000,74
149,149,0,70,260,0,0,0,1612,508,-1157,1,下位,0,0,0
180,180,0,244,1101,0,0,0,149,276,-1121,1,下位,0,0,0
40,40,0,79,326,0,0,0,180,1117,-294,1,下位,0,0,0
248,248,0,75,310,0,0,0,40,342,-17,1,下位,0,0,0
522,522,0,73,280,0,0,0,248,326,-91,1,下位,0,0,0
212,212,0,25,60,0,0,0,522,296,-637,1,下位,0,0,0
247,247,0,26,62,0,1,212,522,296,-637,1,下位,0,212,76
136,136,0,25,58,0,2,459,522,296,-637,1,下位,0,247,78
157,157,0,24,52,0,3,595,522,296,-637,1,下位,0,136,74
137,137,0,25,60,0,4,752,522,296,-637,1,下位,0,157,68
432,432,0,111,489,0,5,889,522,296,-637,1,下位,0,137,76
358,358,0,148,642,0,0,0,1321,505,-1891,1,下位,0,0,0
348,348,0,158,612,0,0,0,358,658,-1810,1,下位,0,0,0
252,252,0,22,43,1,0,0,0,0,1,0,下位,0,0,0
217,217,0,64,219,1,1,252,0,0,1,0,下位,0,252,59
330,330,0,113,464,0,0,0,469,235,-462,1,下位,0,0,0
165,165,0,26,62,0,0,0,330,480,-514,2,下位,0,0,0
687,687,0,24,52,0,1,165,330,480,-514,2,下位,0,165,78
350,350,0,214,941,0,2,852,330,480,-514,2,下位,0,687,68
976,976,0,26,62,0,0,0,1202,957,-1350,2,下位,0,0,0
133,133,0,26,64,0,1,976,1202,957,-1350,2,下位,0,976,78
263,263,0,23,50,0,2,1109,1202,957,-1350,2,下位,0,133,80
563,563,0,26,62,0,3,1372,1202,957,-1350,2,下位,0,263,66
201,201,0,181,753,0,4,1935,1202,957,-1350,2,下位,0,563,78
160,160,0,71,264,0,0,0,2136,769,-3724,3,下位,0,0,0
94,94,0,20,35,0,0,0,160,280,-3702,1,下位,0,0,0
360,360,0,66,252,0,1,94,160,280,-3702,1,下位,0,94,51
244,244,0,80,288,0,0,0,454,268,-4116,1,下位,0,0,0
373,373,0,246,1031,0,0,0,244,304,-4206,1,下位,0,0,0
135,135,0,25,58,1,0,0,0,0,1,0,下位,0,0,0
217,217,0,25,58,1,1,135,0,0,1,0,下位,0,135,74
142,142,0,75,268,1,2,352,0,0,1,0,下位,0,217,74
138,138,0,124,478,0,0,0,494,284,-364,1,下位,0,0,0
688,688,0,150,617,0,0,0,138,494,-93,2,下位,0,0,0
153,153,0,25,60,0,0,0,688,633,-570,2,下位,0,0,0
82,82,0,182,758,0,1,153,688,633,-570,2,下位,0,153,76
999,999,0,114,412,0,0,0,235,774,-99,3,下位,0,0,0
125,125,0,175,812,0,0,0,999,428,-1282,2,下位,0,0,0
211,211,0,23,48,0,0,0,125,828,-656,1,下位,0,0,0
578,578,0,152,655,0,1,211,125,828,-656,1,下位,0,211,64
361,361,0,24,56,0,0,0,789,671,-1193,1,下位,0,0,0
166,166,0,82,290,0,1,361,789,671,-1193,1,下位,0,361,72
358,358,0,168,630,0,0,0,527,306,-1665,1,下位,0,0,0
93,93,0,25,60,0,0,0,358,646,-1596,3,下位,0,0,0
406,406,0,24,54,0,1,93,358,646,-1596,3,下位,0,93,76
125,125,0,93,398,0,2,499,358,646,-1596,3,下位,0,406,70
91,91,0,84,330,0,0,0,624,414,-2043,1,下位,0,0,0
567,567,0,25,58,0,0,0,91,346,-1844,1,下位,0,0,0
718,718,0,26,62,0,1,567,91,346,-1844,1,下位,0,567,74
359,359,0,113,500,0,2,1285,91,346,-1844,1,下位,0,718,78
364,364,0,110,464,0,0,0,1644,516,-3828,1,下位,0,0,0
160,160,0,266,1249,0,0,0,364,480,-3935,1,下位,0,0,0
361,361,0,77,290,0,0,0,160,1265,-2928,3,下位,0,0,0
149,149,0,26,64,1,0,0,0,0,1,0,下位,0,0,0
310,310,0,192,824,1,1,149,0,0,1,0,下位,0,149,80
173,173,0,68,255,0,0,0,459,840,181,3,下位,0,0,0
313,313,0,25,58,0,0,0,173,271,173,1,下位,0,0,0
154,154,0,26,64,0,1,313,173,271,173,1,下位,0,313,74
192,192,0,23,50,0,2,467,173,271,173,1,下位,0,154,80
392,392,0,60,184,0,3,659,173,271,173,1,下位,0,192,66
64,64,0,22,45,0,0,0,1051,200,-1103,1,下位,0,0,0
136,136,0,299,1195,0,1,64,1051,200,-1103,1,下位,0,64,61
65,65,0,28,72,0,0,0,200,1211,-153,5,下位,0,0,0
591,591,0,197,829,0,1,65,200,1211,-153,5,下位,0,65,88
710,710,0,157,590,0,0,0,656,845,-278,3,下位,0,0,0
135,135,0,72,280,0,0,0,710,606,-817,3,下位,0,0,0
624,624,0,175,750,0,0,0,135,296,-739,1,下位,0,0,0
426,426,0,728,3378,0,0,0,624,766,-979,3,下位,0,0,0
202,202,0,24,54,0,0,0,426,3394,1728,7,下位,0,0,0
167,167,0,26,62,0,1,202,426,3394,1728,7,下位,0,202,70
68,68,0,26,63,0,2,369,426,3394,1728,7,下位,0,167,78
157,157,0,25,60,0,3,437,426,3394,1728,7,下位,0,68,79
461,461,0,102,443,0,4,594,426,3394,1728,7,下位,0,157,76
103,103,0,26,64,0,0,0,1055,459,788,1,下位,0,0,0
170,170,0,25,58,0,1,103,1055,459,788,1,下位,0,103,80
153,153,0,146,597,0,2,273,1055,459,788,1,下位,0,170,74
326,326,0,138,584,0,0,0,426,613,868,2,下位,0,0,0
601,601,0,345,1651,1,0,0,0,0,1,0,下位,0,0,0
353,353,0,39,126,0,0,0,601,1667,699,4,下位,0,0,0
302,302,0,116,499,0,0,0,353,142,272,1,下位,0,0,0
34,34,0,67,270,0,0,0,302,515,300,4,下位,0,0,0
254,254,0,21,39,1,0,0,0,0,1,0,下位,0,0,0
302,302,0,84,358,1,1,254,0,0,1,0,下位,0,254,55
366,366,0,25,58,0,0,0,556,374,-467,1,下位,0,0,0
695,695,0,25,60,0,1,366,556,374,-467,1,下位,0,366,74
438,438,0,26,62,0,2,1061,556,374,-467,1,下位,0,695,76
153,153,0,267,1121,0,3,1499,556,374,-467,1,下位,0,438,78
54,54,0,279,1260,0,0,0,1652,1137,-1767,5,下位,0,0,0
105,105,0,70,262,0,0,0,54,1276,-578,2,下位,0,0,0
321,321,0,79,267,0,0,0,105,278,-469,1,下位,0,0,0
694,694,0,63,211,0,0,0,321,283,-704,1,下位,0,0,0
674,674,0,23,47,0,0,0,694,227,-1596,1,下位,0,0,0
710,710,0,109,431,0,1,674,694,227,-1596,1,下位,0,674,63
70,70,0,131,481,0,0,0,1384,447,-3318,2,下位,0,0,0
601,601,0,85,363,1,0,0,0,0,1,0,下位,0,0,0
332,332,0,60,233,0,0,0,601,379,-589,3,下位,0,0,0
254,254,0,87,368,0,0,0,332,249,-875,3,下位,0,0,0
98,98,0,38,122,0,0,0,254,384,-901,3,下位,0,0,0
159,159,0,137,606,1,0,0,0,0,1,0,下位,0,0,0
690,690,0,26,62,0,0,0,159,622,367,1,下位,0,0,0
155,155,0,25,60,0,1,690,159,622,367,1,下位,0,690,78
495,495,0,59,193,0,2,845,159,622,367,1,下位,0,155,76
443,443,0,25,58,0,0,0,1340,209,-1431,1,下位,0,0,0
74,74,0,247,1058,0,1,443,1340,209,-1431,1,下位,0,443,74
68,68,0,163,733,0,0,0,517,1074,-1117,3,下位,0,0,0
141,141,0,21,41,0,0,0,68,749,-478,2,下位,0,0,0
196,196,0,112,492,0,1,141,68,749,-478,2,下位,0,141,57
197,197,0,109,427,0,0,0,337,508,-457,1,下位,0,0,0
145,145,0,204,854,0,0,0,197,443,-332,2,下位,0,0,0
126,126,0,92,379,0,0,0,145,870,304,3,下位,0,0,0
358,358,0,188,740,0,0,0,126,395,496,1,下位,0,0,0
32,32,0,136,552,0,0,0,358,756,675,4,下位,0,0,0
336,336,0,185,826,0,0,0,32,568,1191,3,下位,0,0,0
664,664,0,1041,5024,1,0,0,0,0,1,0,下位,0,0,0
466,466,0,109,434,0,0,0,664,5040,1529,4,下位,0,0,0
173,173,0,24,56,0,0,0,466,450,1227,1,下位,0,0,0
192,192,0,99,311,0,1,173,466,450,1227,1,下位,0,173,72
418,418,0,25,60,0,0,0,365,327,1037,2,下位,0,0,0
158,158,0,180,695,0,1,418,365,327,1037,2,下位,0,418,76
701,701,0,97,348,0,0,0,576,711,895,3,下位,0,0,0
362,362,0,104,454,0,0,0,701,364,128,2,下位,0,0,0
581,581,0,119,462,0,0,0,362,470,14,1,下位,0,0,0
385,385,0,78,312,0,0,0,581,478,-445,2,下位,0,0,0
131,131,0,107,437,0,0,0,385,328,-738,1,下位,0,0,0
348,348,0,26,64,0,0,0,131,453,-496,1,下位,0,0,0
156,156,0,89,349,0,1,348,131,453,-496,1,下位,0,348,80
285,285,0,26,64,0,0,0,504,365,-864,1,下位,0,0,0
125,125,0,25,60,0,1,285,504,365,-864,1,下位,0,285,80
658,658,0,25,60,0,2,410,504,365,-864,1,下位,0,125,76
313,313,0,82,303,0,3,1068,504,365,-864,1,下位,0,658,76
247,247,0,132,508,0,0,0,1381,319,-2541,1,下位,0,0,0
288,288,0,118,526,1,0,0,0,0,1,0,下位,0,0,0
344,344,0,25,60,0,0,0,288,542,78,1,下位,0,0,0
267,267,0,24,54,0,1,344,288,542,78,1,下位,0,344,76
225,225,0,107,468,0,2,611,288,542,78,1,下位,0,267,70
126,126,0,25,58,0,0,0,836,484,-641,1,下位,0,0,0
137,137,0,97,398,0,1,126,836,484,-641,1,下位,0,126,74
356,356,0,71,276,0,0,0,263,414,-577,1,下位,0,0,0
998,998,0,247,1010,0,0,0,356,292,-859,1,下位,0,0,0
693,693,0,186,749,0,0,0,998,1026,-1443,3,下位,0,0,0
360,360,0,76,252,0,0,0,693,765,-1796,3,下位,0,0,0
337,337,0,26,62,0,0,0,360,268,-2109,1,下位,0,0,0
154,154,0,25,58,0,1,337,360,268,-2109,1,下位,0,337,78
112,112,0,97,366,0,2,491,360,268,-2109,1,下位,0,154,74
145,145,0,218,979,1,0,0,0,0,1,0,下位,0,0,0
354,354,0,26,62,0,0,0,145,995,762,1,下位,0,0,0
31,31,0,25,58,0,1,354,145,995,762,1,下位,0,354,78
114,114,0,98,424,0,2,385,145,995,762,1,下位,0,31,74
161,161,0,24,54,0,0,0,499,440,549,1,下位,0,0,0
180,180,0,111,479,0,1,161,499,440,549,1,下位,0,161,70
309,309,0,115,458,0,0,0,341,495,564,1,下位,0,0,0
379,379,0,24,56,0,0,0,309,474,540,1,下位,0,0,0
303,303,0,23,50,0,1,379,309,474,540,1,下位,0,379,72
158,158,0,92,340,0,2,682,309,474,540,1,下位,0,303,66
153,153,0,25,60,0,0,0,840,356,-321,1,下位,0,0,0
158,158,0,80,276,0,1,153,840,356,-321,1,下位,0,153,76
153,153,0,26,64,0,0,0,311,292,-455,1,下位,0,0,0
692,692,0,104,412,0,1,153,311,292,-455,1,下位,0,153,80
355,355,0,25,60,0,0,0,845,428,-1310,1,下位,0,0,0
213,213,0,225,945,0,1,355,845,428,-1310,1,下位,0,355,76
155,155,0,26,64,0,0,0,568,961,-1190,5,下位,0,0,0
186,186,0,140,511,0,1,155,568,961,-1190,5,下位,0,155,80
186,186,0,76,268,0,0,0,341,527,-1133,3,下位,0,0,0
438,438,0,71,234,0,0,0,186,284,-1149,1,下位,0,0,0
154,154,0,24,52,0,0,0,438,250,-1605,1,下位,0,0,0
693,693,0,25,58,0,1,154,438,250,-1605,1,下位,0,154,68
82,82,0,25,58,0,2,847,438,250,-1605,1,下位,0,693,74
598,598,0,155,582,0,3,929,438,250,-1605,1,下位,0,82,74
418,418,0,25,60,1,0,0,0,0,1,0,下位,0,0,0
269,269,0,163,605,1,1,418,0,0,1,0,下位,0,418,76
219,219,0,105,422,0,0,0,687,621,-410,3,下位,0,0,0
170,170,0,131,511,0,0,0,219,438,-325,2,下位,0,0,0
118,118,0,387,1712,0,0,0,170,527,-72,2,下位,0,0,0
358,358,0,208,820,0,0,0,118,1728,1466,8,上位,0,0,0
413,413,0,567,2553,0,0,0,358,836,1725,4,下位,0,0,0
155,155,0,75,280,0,0,0,413,2569,1075,3,下位,0,0,0
931,931,0,24,54,0,0,0,155,296,1121,1,下位,0,0,0
276,276,0,91,344,0,1,931,155,296,1121,1,下位,0,931,70
998,998,0,20,32,0,0,0,1207,360,-396,1,下位,0,0,0
111,111,0,86,324,0,1,998,1207,360,-396,1,下位,0,998,48
223,223,0,151,593,0,0,0,1109,340,-1797,1,下位,0,0,0
170,170,0,104,411,0,0,0,223,609,-1548,2,下位,0,0,0
740,740,0,23,47,0,0,0,170,427,-1395,2,下位,0,0,0
76,76,0,68,214,0,1,740,170,427,-1395,2,下位,0,740,63
161,161,0,535,2575,0,0,0,816,230,-2419,1,下位,0,0,0
321,321,0,504,2337,1,0,0,0,0,1,0,下位,0,0,0
360,360,0,26,64,0,0,0,321,2353,1836,4,下位,0,0,0
262,262,0,22,44,0,1,360,321,2353,1836,4,下位,0,360,80
156,156,0,111,490,0,2,622,321,2353,1836,4,下位,0,262,60
106,106,0,106,422,0,0,0,778,506,1226,1,下位,0,0,0
35,35,0,26,62,0,0,0,106,438,1493,1,下位,0,0,0
163,163,0,175,717,0,1,35,106,438,1493,1,下位,0,35,78
117,117,0,24,56,0,0,0,198,733,1984,3,下位,0,0,0
52,52,0,25,58,0,1,117,198,733,1984,3,下位,0,117,72
342,342,0,176,758,0,2,169,198,733,1984,3,下位,0,52,74
1002,1002,0,141,605,0,0,0,511,774,2079,2,下位,0,0,0
385,385,0,70,268,0,0,0,1002,621,1084,2,下位,0,0,0
169,169,0,146,608,0,0,0,385,284,747,1,下位,0,0,0
155,155,0,121,431,0,0,0,169,624,1098,1,下位,0,0,0
432,432,0,75,264,0,0,0,155,447,1295,2,下位,0,0,0
64,64,0,24,56,0,0,0,432,280,878,1,下位,0,0,0
160,160,0,241,1073,0,1,64,432,280,878,1,下位,0,64,72
686,686,0,524,2507,0,0,0,224,1089,1678,2,下位,0,0,0
493,493,0,213,881,1,0,0,0,0,1,0,下位,0,0,0
42,42,0,519,2359,0,0,0,493,897,103,3,下位,0,0,0
369,369,0,25,60,0,0,0,42,2375,2410,4,下位,0,0,0
689,689,0,27,70,0,1,369,42,2375,2410,4,下位,0,369,76
365,365,0,246,1154,0,2,1058,42,2375,2410,4,下位,0,689,86
78,78,0,122,459,0,0,0,1423,1170,1447,2,下位,0,0,0
709,709,0,71,259,0,0,0,78,475,1796,2,下位,0,0,0
1002,1002,0,19,31,0,0,0,709,275,927,1,下位,0,0,0
307,307,0,73,240,0,1,1002,709,275,927,1,下位,0,1002,47
416,416,0,119,518,0,0,0,1309,256,-881,1,下位,0,0,0
999,999,0,25,59,0,0,0,416,534,-1018,1,下位,0,0,0
151,151,0,24,54,0,1,999,416,534,-1018,1,下位,0,999,75
393,393,0,131,538,0,2,1150,416,534,-1018,1,下位,0,151,70
252,252,0,500,2252,1,0,0,0,0,1,0,下位,0,0,0
362,362,0,74,254,0,0,0,252,2268,1863,5,下位,0,0,0
358,358,0,87,312,0,0,0,362,270,1549,1,下位,0,0,0
145,145,0,202,755,0,0,0,358,328,1300,1,下位,0,0,0
404,404,0,120,449,0,0,0,145,771,1837,4,下位,0,0,0
544,544,0,25,60,0,0,0,404,465,1650,2,下位,0,0,0
156,156,0,29,80,0,1,544,404,465,1650,2,下位,0,544,76
158,158,0,111,434,0,2,700,404,465,1650,2,下位,0,156,96
998,998,0,70,245,0,0,0,858,450,887,1,下位,0,0,0
360,360,0,124,468,0,0,0,998,261,-462,1,下位,0,0,0
140,140,0,26,64,0,0,0,360,484,-559,2,下位,0,0,0
362,362,0,25,60,0,1,140,360,484,-559,2,下位,0,140,80
502,502,0,95,412,0,2,502,360,484,-559,2,下位,0,362,76
503,503,0,163,615,0,0,0,1004,428,-1595,1,下位,0,0,0
55,55,0,24,54,1,0,0,0,0,1,0,下位,0,0,0
999,999,0,22,45,1,1,55,0,0,1,0,下位,0,55,70
169,169,0,140,601,1,2,1054,0,0,1,0,下位,0,999,61
164,164,0,123,477,0,0,0,1223,617,-1224,2,下位,0,0,0
773,773,0,154,601,0,0,0,164,493,-996,2,下位,0,0,0
500,500,0,98,383,0,0,0,773,617,-1626,3,下位,0,0,0
998,998,0,119,478,0,0,0,500,399,-2033,1,下位,0,0,0
250,250,0,27,70,0,0,0,998,494,-3149,2,下位,0,0,0
365,365,0,104,403,0,1,250,998,494,-3149,2,下位,0,250,86
747,747,0,88,341,0,0,0,615,419,-3636,1,下位,0,0,0
39,39,0,107,379,0,0,0,747,357,-4484,1,下位,0,0,0
226,226,0,22,45,0,0,0,39,395,-4152,2,下位,0,0,0
153,153,0,26,62,0,1,226,39,395,-4152,2,下位,0,226,61
146,146,0,113,496,0,2,379,39,395,-4152,2,下位,0,153,78
161,161,0,24,56,1,0,0,0,0,1,0,下位,0,0,0
303,303,0,79,308,1,1,161,0,0,1,0,下位,0,161,72
139,139,0,84,300,0,0,0,464,324,-352,1,下位,0,0,0
168,168,0,117,473,0,0,0,139,316,-260,1,下位,0,0,0
384,384,0,23,47,0,0,0,168,489,-42,1,下位,0,0,0
170,170,0,26,64,0,1,384,168,489,-42,1,下位,0,384,63
34,34,0,26,62,0,2,554,168,489,-42,1,下位,0,170,80
82,82,0,134,493,0,3,588,168,489,-42,1,下位,0,34,78
412,412,0,297,1220,0,0,0,670,509,-392,2,下位,0,0,0
713,713,0,78,290,0,0,0,412,1236,179,5,下位,0,0,0
201,201,0,94,378,0,0,0,713,306,-665,1,下位,0,0,0
149,149,0,143,578,0,0,0,201,394,-595,2,下位,0,0,0
178,178,0,168,681,0,0,0,149,594,-241,3,下位,0,0,0
248,248,0,21,39,0,0,0,178,697,169,3,下位,0,0,0
285,285,0,113,454,0,1,248,178,697,169,3,下位,0,248,55
68,68,0,167,674,0,0,0,533,470,-166,2,下位,0,0,0
55,55,0,74,264,0,0,0,68,690,414,3,下位,0,0,0
155,155,0,24,52,0,0,0,55,280,605,1,下位,0,0,0
436,436,0,90,333,0,1,155,55,280,605,1,下位,0,155,68
96,96,0,193,814,0,0,0,591,349,69,1,下位,0,0,0
59,59,0,403,1845,0,0,0,96,830,744,3,下位,0,0,0
153,153,0,25,60,0,0,0,59,1861,262,6,下位,0,0,0
99,99,0,24,56,0,1,153,59,1861,262,6,下位,0,153,76
39,39,0,26,64,0,2,252,59,1861,262,6,下位,0,99,72
159,159,0,26,64,0,3,291,59,1861,262,6,下位,0,39,80
161,161,0,26,64,0,4,450,59,1861,262,6,下位,0,159,80
77,77,0,141,545,0,5,611,59,1861,262,6,下位,0,161,80
54,54,0,22,43,1,0,0,0,0,1,0,下位,0,0,0
73,73,0,84,328,1,1,54,0,0,1,0,下位,0,54,59
361,361,0,140,570,0,0,0,127,344,199,1,下位,0,0,0
101,101,0,99,389,0,0,0,361,586,203,1,下位,0,0,0
95,95,0,571,2495,0,0,0,101,405,445,1,下位,0,0,0
361,361,0,24,56,0,0,0,95,2511,484,7,下位,0,0,0
142,142,0,92,342,0,1,361,95,2511,484,7,下位,0,361,72
102,102,0,171,641,0,0,0,503,358,103,1,下位,0,0,0
943,943,0,68,254,0,0,0,102,657,595,3,下位,0,0,0
103,103,0,26,62,0,0,0,943,270,-656,1,下位,0,0,0
162,162,0,196,784,0,1,103,943,270,-656,1,下位,0,103,78
146,146,0,75,284,0,0,0,265,800,-205,3,下位,0,0,0
195,195,0,1376,6269,0,0,0,146,300,-140,1,下位,0,0,0
166,166,0,26,62,0,0,0,195,6285,2984,14,上位,0,0,0
162,162,0,24,52,0,1,166,195,6285,2984,14,上位,0,166,78
169,169,0,99,428,0,2,328,195,6285,2984,14,上位,0,162,68
270,270,0,196,868,0,0,0,497,444,275,1,下位,0,0,0
996,996,0,25,60,0,0,0,270,884,724,1,下位,0,0,0
227,227,0,135,584,0,1,996,270,884,724,1,下位,0,996,76
218,218,0,73,275,1,0,0,0,0,1,0,下位,0,0,0
354,354,0,26,62,0,0,0,218,291,-60,1,下位,0,0,0
161,161,0,26,64,0,1,354,218,291,-60,1,下位,0,354,78
160,160,0,134,584,0,2,515,218,291,-60,1,下位,0,161,80
32,32,0,174,659,0,0,0,675,600,-391,1,下位,0,0,0
217,217,0,25,60,0,0,0,32,675,232,3,下位,0,0,0
363,363,0,136,527,0,1,217,32,675,232,3,下位,0,217,76
345,345,0,215,894,0,0,0,580,543,-84,2,下位,0,0,0
89,89,0,23,49,0,0,0,345,910,270,2,下位,0,0,0
109,109,0,83,326,0,1,89,345,910,270,2,下位,0,89,65
998,998,0,23,47,0,0,0,198,342,357,1,下位,0,0,0
117,117,0,25,60,0,1,998,198,342,357,1,下位,0,998,63
117,117,0,28,76,0,2,1115,198,342,357,1,下位,0,117,76
13,13,0,92,392,0,3,1232,198,342,357,1,下位,0,117,92
122,122,0,151,689,0,0,0,1245,408,-1013,1,下位,0,0,0
307,307,0,132,520,0,0,0,122,705,-505,1,下位,0,0,0
204,204,0,166,688,0,0,0,307,536,-464,3,下位,0,0,0
113,113,0,26,64,0,0,0,204,704,-89,2,下位,0,0,0
142,142,0,86,312,0,1,113,204,704,-89,2,下位,0,113,80
95,95,0,537,2356,0,0,0,255,328,-92,1,下位,0,0,0
158,158,0,80,298,0,0,0,95,2372,2127,7,下位,0,0,0
212,212,0,216,853,0,0,0,158,314,2186,1,下位,0,0,0
578,578,0,108,429,1,0,0,0,0,1,0,下位,0,0,0
140,140,0,24,52,0,0,0,578,445,-486,2,下位,0,0,0
164,164,0,26,62,0,1,140,578,445,-486,2,下位,0,140,68
263,263,0,24,56,0,2,304,578,445,-486,2,下位,0,164,78
848,848,0,95,377,0,3,567,578,445,-486,2,下位,0,263,72
135,135,0,23,47,0,0,0,1415,393,-2158,1,下位,0,0,0
166,166,0,255,1024,0,1,135,1415,393,-2158,1,下位,0,135,63
598,598,0,24,56,0,0,0,301,1040,-1541,3,下位,0,0,0
140,140,0,83,307,0,1,598,301,1040,-1541,3,下位,0,598,72
296,296,0,25,60,0,0,0,738,323,-2337,1,下位,0,0,0
57,57,0,25,58,0,1,296,738,323,-2337,1,下位,0,296,76
198,198,0,24,54,0,2,353,738,323,-2337,1,下位,0,57,74
146,146,0,446,2132,0,3,551,738,323,-2337,1,下位,0,198,70
1004,1004,0,26,64,0,0,0,697,2148,-1093,1,下位,0,0,0
162,162,0,25,60,0,1,1004,697,2148,-1093,1,下位,0,1004,80
112,112,0,121,520,0,2,1166,697,2148,-1093,1,下位,0,162,76
109,109,0,339,1339,0,0,0,1278,536,-2462,2,下位,0,0,0
143,143,0,276,1125,0,0,0,109,1355,-1283,5,下位,0,0,0
381,381,0,26,62,0,0,0,143,1141,-373,6,下位,0,0,0
308,308,0,26,62,0,1,381,143,1141,-373,6,下位,0,381,78
324,324,0,71,291,0,2,689,143,1141,-373,6,下位,0,308,78
68,68,0,64,235,0,0,0,1013,307,-1545,1,下位,0,0,0
169,169,0,25,58,0,0,0,68,251,-1404,1,下位,0,0,0
304,304,0,25,58,0,1,169,68,251,-1404,1,下位,0,169,74
707,707,0,138,597,0,2,473,68,251,-1404,1,下位,0,304,74
350,350,0,24,54,0,0,0,1180,613,-2546,1,下位,0,0,0
64,64,0,160,696,0,1,350,1180,613,-2546,1,下位,0,350,70
344,344,0,26,62,1,0,0,0,0,1,0,下位,0,0,0
91,91,0,218,970,1,1,344,0,0,1,0,下位,0,344,78
481,481,0,25,58,0,0,0,435,986,363,1,下位,0,0,0
356,356,0,139,582,0,1,481,435,986,363,1,下位,0,481,74
153,153,0,153,559,0,0,0,837,598,-315,1,下位,0,0,0
363,363,0,22,43,0,0,0,153,575,13,3,下位,0,0,0
339,339,0,208,872,0,1,363,153,575,13,3,下位,0,363,59
569,569,0,25,58,0,0,0,702,888,-173,3,下位,0,0,0
121,121,0,134,604,0,1,569,702,888,-173,3,下位,0,569,74
361,361,0,25,58,0,0,0,690,620,-592,1,下位,0,0,0
398,398,0,25,59,0,1,361,690,620,-592,1,下位,0,361,74
596,596,0,81,340,0,2,759,690,620,-592,1,下位,0,398,75
149,149,0,25,60,0,0,0,1355,356,-2272,1,下位,0,0,0
139,139,0,90,345,0,1,149,1355,356,-2272,1,下位,0,149,76
169,169,0,186,710,0,0,0,288,361,-2299,1,下位,0,0,0
998,998,0,26,62,0,0,0,169,726,-1846,3,下位,0,0,0
288,288,0,24,56,0,1,998,169,726,-1846,3,下位,0,998,78
377,377,0,114,430,0,2,1286,169,726,-1846,3,下位,0,288,72
66,66,0,107,408,0,0,0,1663,446,-3933,2,下位,0,0,0
240,240,0,26,62,1,0,0,0,0,1,0,下位,0,0,0
76,76,0,97,385,1,1,240,0,0,1,0,下位,0,240,78
111,111,0,110,426,0,0,0,316,401,-30,1,下位,0,0,0
143,143,0,26,62,0,0,0,111,442,233,2,下位,0,0,0
31,31,0,146,529,0,1,143,111,442,233,2,下位,0,143,78
140,140,0,24,56,0,0,0,174,545,575,3,下位,0,0,0
376,376,0,100,353,0,1,140,174,545,575,3,下位,0,140,72
785,785,0,26,64,0,0,0,516,369,184,2,下位,0,0,0
391,391,0,67,223,0,1,785,516,369,184,2,下位,0,785,80
243,243,0,195,768,0,0,0,1176,239,-1394,1,下位,0,0,0
283,283,0,237,945,0,0,0,243,784,-1002,3,下位,0,0,0
164,164,0,243,1005,0,0,0,283,961,-497,4,下位,0,0,0
38,38,0,88,326,0,0,0,164,1021,259,5,下位,0,0,0
247,247,0,20,35,0,0,0,38,342,540,1,下位,0,0,0
358,358,0,26,62,0,1,247,38,342,540,1,下位,0,247,51
58,58,0,93,361,0,2,605,38,342,540,1,下位,0,358,78
719,719,0,43,97,0,0,0,663,377,-25,1,下位,0,0,0
309,309,0,121,479,0,0,0,719,113,-1072,1,下位,0,0,0
157,157,0,1065,4664,0,0,0,309,495,-1075,3,下位,0,0,0
139,139,0,91,357,0,0,0,157,4680,3352,14,上位,0,0,0
126,126,0,26,64,1,0,0,0,0,1,0,下位,0,0,0
376,376,0,151,586,1,1,126,0,0,1,0,下位,0,126,80
34,34,0,25,60,0,0,0,502,602,-126,3,下位,0,0,0
133,133,0,26,62,0,1,34,502,602,-126,3,下位,0,34,76
197,197,0,164,712,0,2,167,502,602,-126,3,下位,0,133,78
677,677,0,104,400,0,0,0,364,728,168,3,下位,0,0,0
223,223,0,23,49,0,0,0,677,416,-508,2,下位,0,0,0
94,94,0,364,1500,0,1,223,677,416,-508,2,下位,0,223,65
256,256,0,158,591,0,0,0,317,1516,561,8,上位,0,0,0
162,162,0,26,64,0,0,0,256,607,755,3,下位,0,0,0
153,153,0,128,444,0,1,162,256,607,755,3,下位,0,162,80
85,85,0,118,458,0,0,0,315,460,787,2,下位,0,0,0
119,119,0,25,60,0,0,0,85,474,1124,2,下位,0,0,0
66,66,0,25,60,0,1,119,85,474,1124,2,下位,0,119,76
124,124,0,176,690,0,2,185,85,474,1124,2,下位,0,66,76
163,163,0,1053,4993,0,0,0,309,706,1483,2,下位,0,0,0
142,142,0,26,64,0,0,0,163,5009,3645,4,下位,0,0,0
139,139,0,23,47,0,1,142,163,5009,3645,4,下位,0,142,80
887,887,0,748,3226,0,2,281,163,5009,3645,4,下位,0,139,63
528,528,0,21,41,1,0,0,0,0,1,0,下位,0,0,0
452,452,0,28,74,1,1,528,0,0,1,0,下位,0,528,57
145,145,0,22,46,1,2,980,0,0,1,0,下位,0,452,90
115,115,0,74,246,1,3,1125,0,0,1,0,下位,0,145,62
67,67,0,24,56,0,0,0,1240,262,-1528,1,下位,0,0,0
502,502,0,25,60,0,1,67,1240,262,-1528,1,下位,0,67,72
390,390,0,22,43,0,2,569,1240,262,-1528,1,下位,0,502,76
108,108,0,109,437,0,3,959,1240,262,-1528,1,下位,0,390,59
49,49,0,24,54,0,0,0,1067,453,-2589,2,下位,0,0,0
83,83,0,169,615,0,1,49,1067,453,-2589,2,下位,0,49,70
355,355,0,102,419,0,0,0,132,631,-2101,4,下位,0,0,0
110,110,0,25,58,0,0,0,355,435,-2239,1,下位,0,0,0
99,99,0,24,56,0,1,110,355,435,-2239,1,下位,0,110,74
128,128,0,54,175,0,2,209,355,435,-2239,1,下位,0,99,72
399,399,0,21,41,0,0,0,337,191,-2446,1,下位,0,0,0
200,200,0,25,58,0,1,399,337,191,-2446,1,下位,0,399,57
364,364,0,244,1059,0,2,599,337,191,-2446,1,下位,0,200,74
358,358,0,25,60,0,0,0,963,1075,-2794,4,下位,0,0,0
407,407,0,87,340,0,1,358,963,1075,-2794,4,下位,0,358,76
171,171,0,93,376,1,0,0,0,0,1,0,下位,0,0,0
67,67,0,175,679,0,0,0,171,392,117,2,下位,0,0,0
128,128,0,79,273,0,0,0,67,695,704,3,下位,0,0,0
304,304,0,346,1593,0,0,0,128,289,787,1,下位,0,0,0
344,344,0,221,917,0,0,0,304,1609,1906,2,下位,0,0,0
1001,1001,0,25,58,0,0,0,344,933,2284,3,下位,0,0,0
376,376,0,98,393,0,1,1001,344,933,2284,3,下位,0,1001,74
347,347,0,21,39,0,0,0,1377,409,546,1,下位,0,0,0
216,216,0,25,60,0,1,347,1377,409,546,1,下位,0,347,55
126,126,0,149,659,0,2,563,1377,409,546,1,下位,0,216,76
692,692,0,82,317,0,0,0,689,675,240,2,下位,0,0,0
200,200,0,25,60,0,0,0,692,333,-543,1,下位,0,0,0
78,78,0,101,366,0,1,200,692,333,-543,1,下位,0,200,76
251,251,0,24,52,0,0,0,278,382,-534,2,下位,0,0,0
104,104,0,109,450,0,1,251,278,382,-534,2,下位,0,251,68
190,190,0,136,505,1,0,0,0,0,1,0,下位,0,0,0
32,32,0,26,62,0,0,0,190,521,216,2,下位,0,0,0
166,166,0,26,64,0,1,32,190,521,216,2,下位,0,32,78
169,169,0,93,352,0,2,198,190,521,216,2,下位,0,166,80
87,87,0,25,60,0,0,0,367,368,149,1,下位,0,0,0
163,163,0,26,62,0,1,87,367,368,149,1,下位,0,87,76
307,307,0,104,360,0,2,250,367,368,149,1,下位,0,163,78
374,374,0,25,60,0,0,0,557,376,-219,2,下位,0,0,0
166,166,0,26,62,0,1,374,557,376,-219,2,下位,0,374,76
179,179,0,21,39,0,2,540,557,376,-219,2,下位,0,166,78
396,396,0,21,41,0,3,719,557,376,-219,2,下位,0,179,55
239,239,0,26,62,0,4,1115,557,376,-219,2,下位,0,396,57
201,201,0,24,54,0,5,1354,557,376,-219,2,下位,0,239,78
917,917,0,276,1208,0,6,1555,557,376,-219,2,下位,0,201,70
144,144,0,20,32,0,0,0,2472,1224,-2569,3,下位,0,0,0
223,223,0,114,478,0,1,144,2472,1224,-2569,3,下位,0,144,48
296,296,0,64,197,0,0,0,367,494,-2619,2,下位,0,0,0
187,187,0,70,235,0,0,0,296,213,-2883,1,下位,0,0,0
141,141,0,163,623,0,0,0,187,251,-2934,1,下位,0,0,0
680,680,0,25,58,1,0,0,0,0,1,0,下位,0,0,0
405,405,0,56,175,1,1,680,0,0,1,0,下位,0,680,74
350,350,0,151,591,0,0,0,1085,191,-1484,1,下位,0,0,0
171,171,0,25,60,0,0,0,350,607,-1442,4,下位,0,0,0
161,161,0,25,60,0,1,171,350,607,-1442,4,下位,0,171,76
357,357,0,1208,5902,0,2,332,350,607,-1442,4,下位,0,161,76
179,179,0,86,366,0,0,0,689,5918,131,3,下位,0,0,0
128,128,0,24,54,0,0,0,179,382,224,1,下位,0,0,0
742,742,0,25,60,0,1,128,179,382,224,1,下位,0,128,70
349,349,0,126,563,0,2,870,179,382,224,1,下位,0,742,76
141,141,0,104,356,0,0,0,1219,579,-1018,1,下位,0,0,0
669,669,0,191,803,1,0,0,0,0,1,0,下位,0,0,0
257,257,0,77,300,0,0,0,669,819,-259,2,下位,0,0,0
322,322,0,26,64,0,0,0,257,316,-358,1,下位,0,0,0
865,865,0,26,62,0,1,322,257,316,-358,1,下位,0,322,80
356,356,0,755,3545,0,2,1187,257,316,-358,1,下位,0,865,78
381,381,0,24,54,0,0,0,1543,3561,873,5,下位,0,0,0
281,281,0,26,64,0,1,381,1543,3561,873,5,下位,0,381,70
675,675,0,176,737,0,2,662,1543,3561,873,5,下位,0,281,80
802,802,0,29,78,0,0,0,1337,753,-381,2,下位,0,0,0
19,19,0,24,56,0,1,802,1337,753,-381,2,下位,0,802,94
168,168,0,133,558,0,2,821,1337,753,-381,2,下位,0,19,72
684,684,0,165,702,0,0,0,989,574,-1237,2,下位,0,0,0
69,69,0,77,285,1,0,0,0,0,1,0,下位,0,0,0
85,85,0,128,510,0,0,0,69,301,191,1,下位,0,0,0
999,999,0,167,699,0,0,0,85,526,580,2,下位,0,0,0
697,697,0,87,329,0,0,0,999,715,-316,2,下位,0,0,0
284,284,0,257,1090,0,0,0,697,345,-1095,1,下位,0,0,0
193,193,0,121,436,0,0,0,284,1106,-447,4,下位,0,0,0
374,374,0,118,489,0,0,0,193,452,-306,2,下位,0,0,0
620,620,0,80,278,0,0,0,374,505,-404,2,下位,0,0,0
363,363,0,135,493,0,0,0,620,294,-1110,1,下位,0,0,0
546,546,0,108,402,0,0,0,363,509,-1186,2,下位,0,0,0
163,163,0,78,278,0,0,0,546,418,-1649,2,下位,0,0,0
160,160,0,26,62,0,0,0,163,294,-1618,1,下位,0,0,0
175,175,0,173,639,0,1,160,163,294,-1618,1,下位,0,160,78
136,136,0,163,707,0,0,0,335,655,-1425,4,下位,0,0,0
360,360,0,169,640,0,0,0,136,723,-921,2,下位,0,0,0
364,364,0,63,230,0,0,0,360,656,-846,3,下位,0,0,0
348,348,0,23,49,1,0,0,0,0,1,0,下位,0,0,0
382,382,0,26,64,1,1,348,0,0,1,0,下位,0,348,65
124,124,0,26,64,1,2,730,0,0,1,0,下位,0,382,80
679,679,0,22,45,1,3,854,0,0,1,0,下位,0,124,80
84,84,0,25,58,1,4,1533,0,0,1,0,下位,0,679,61
64,64,0,216,833,1,5,1617,0,0,1,0,下位,0,84,74
140,140,0,193,751,0,0,0,1681,849,-1501,4,下位,0,0,0
207,207,0,74,294,0,0,0,140,767,-960,3,下位,0,0,0
108,108,0,75,284,0,0,0,207,310,-984,1,下位,0,0,0
296,296,0,86,340,0,0,0,108,300,-858,1,下位,0,0,0
135,135,0,164,755,0,0,0,296,356,-979,1,下位,0,0,0
520,520,0,26,64,0,0,0,135,771,-426,1,下位,0,0,0
348,348,0,25,59,0,1,520,135,771,-426,1,下位,0,520,80
530,530,0,87,340,0,2,868,135,771,-426,1,下位,0,348,75
844,844,0,24,56,0,0,0,1398,356,-2170,1,下位,0,0,0
310,310,0,26,64,0,1,844,1398,356,-2170,1,下位,0,844,72
135,135,0,69,279,0,2,1154,1398,356,-2170,1,下位,0,310,80
485,485,0,230,863,0,0,0,1289,295,-3802,1,下位,0,0,0
120,120,0,230,971,1,0,0,0,0,1,0,下位,0,0,0
85,85,0,25,58,0,0,0,120,987,794,2,下位,0,0,0
92,92,0,25,58,0,1,85,120,987,794,2,下位,0,85,74
119,119,0,25,60,0,2,177,120,987,794,2,下位,0,92,74
151,151,0,26,62,0,3,296,120,987,794,2,下位,0,119,76
168,168,0,25,58,0,4,447,120,987,794,2,下位,0,151,78
306,306,0,26,62,0,5,615,120,987,794,2,下位,0,168,74
84,84,0,265,1122,0,6,921,120,987,794,2,下位,0,306,78
351,351,0,140,536,0,0,0,1005,1138,764,3,下位,0,0,0
282,282,0,23,50,0,0,0,351,552,750,2,下位,0,0,0
998,998,0,139,524,0,1,282,351,552,750,2,下位,0,282,66
162,162,0,26,62,0,0,0,1280,540,-709,3,下位,0,0,0
359,359,0,357,1527,0,1,162,1280,540,-709,3,下位,0,162,78
340,340,0,27,68,0,0,0,521,1543,72,4,下位,0,0,0
305,305,0,95,358,0,1,340,521,1543,72,4,下位,0,340,84
310,310,0,720,3339,0,0,0,645,374,-511,1,下位,0,0,0
117,117,0,83,288,1,0,0,0,0,1,0,下位,0,0,0
998,998,0,25,58,0,0,0,117,304,116,1,下位,0,0,0
620,620,0,25,60,0,1,998,117,304,116,1,下位,0,998,74
682,682,0,159,632,0,2,1618,117,304,116,1,下位,0,620,76
360,360,0,147,504,0,0,0,2300,648,-2796,3,下位,0,0,0
346,346,0,164,665,1,0,0,0,0,1,0,下位,0,0,0
241,241,0,25,60,0,0,0,346,681,124,3,下位,0,0,0
379,379,0,24,56,0,1,241,346,681,124,3,下位,0,241,76
135,135,0,148,642,0,2,620,346,681,124,3,下位,0,379,72
135,135,0,112,430,0,0,0,755,658,-288,2,下位,0,0,0
81,81,0,25,60,0,0,0,135,446,-60,2,下位,0,0,0
58,58,0,119,433,0,1,81,135,446,-60,2,下位,0,81,76
370,370,0,77,267,0,0,0,139,449,240,2,下位,0,0,0
140,140,0,21,39,0,0,0,370,283,-74,1,下位,0,0,0
351,351,0,26,62,0,1,140,370,283,-74,1,下位,0,140,55
379,379,0,26,62,0,2,491,370,283,-74,1,下位,0,351,78
275,275,0,26,64,0,3,870,370,283,-74,1,下位,0,379,78
210,210,0,148,627,0,4,1145,370,283,-74,1,下位,0,275,80
64,64,0,23,47,0,0,0,1355,643,-1326,2,下位,0,0,0
539,539,0,234,950,0,1,64,1355,643,-1326,2,下位,0,64,63
843,843,0,26,64,0,0,0,603,966,-1269,3,下位,0,0,0
49,49,0,70,237,0,1,843,603,966,-1269,3,下位,0,843,80
968,968,0,19,30,1,0,0,0,0,1,0,下位,0,0,0
76,76,0,19,11,1,1,968,0,0,1,0,下位,0,968,46
274,274,0,26,62,0,0,0,1044,27,-1610,1,下位,0,0,0
224,224,0,78,267,0,1,274,1044,27,-1610,1,下位,0,274,78
174,174,0,158,582,0,0,0,498,283,-2052,1,下位,0,0,0
669,669,0,148,552,1,0,0,0,0,1,0,下位,0,0,0
365,365,0,25,58,0,0,0,669,568,-510,2,下位,0,0,0
288,288,0,117,519,0,1,365,669,568,-510,2,下位,0,365,74
314,314,0,128,461,0,0,0,653,535,-955,1,下位,0,0,0
159,159,0,110,421,0,0,0,314,477,-984,3,下位,0,0,0
148,148,0,141,533,0,0,0,159,437,-803,2,下位,0,0,0
79,79,0,79,329,0,0,0,148,549,-493,2,下位,0,0,0
178,178,0,193,838,0,0,0,79,345,-275,1,下位,0,0,0
362,362,0,64,205,0,0,0,178,854,292,2,下位,0,0,0
447,447,0,142,629,0,0,0,362,221,-71,1,下位,0,0,0
433,433,0,140,501,0,0,0,447,645,-147,1,下位,0,0,0
539,539,0,85,325,0,0,0,433,517,-328,3,下位,0,0,0
326,326,0,26,64,1,0,0,0,0,1,0,下位,0,0,0
55,55,0,155,579,1,1,326,0,0,1,0,下位,0,326,80
349,349,0,99,384,0,0,0,381,595,61,3,下位,0,0,0
363,363,0,151,545,0,0,0,349,400,-102,1,下位,0,0,0
348,348,0,25,58,0,0,0,363,561,-126,3,下位,0,0,0
186,186,0,26,62,0,1,348,363,561,-126,3,下位,0,348,74
408,408,0,105,374,0,2,534,363,561,-126,3,下位,0,186,78
251,251,0,25,60,0,0,0,942,390,-1103,2,下位,0,0,0
435,435,0,24,54,0,1,251,942,390,-1103,2,下位,0,251,76
387,387,0,133,554,0,2,686,942,390,-1103,2,下位,0,435,70
319,319,0,24,56,1,0,0,0,0,1,0,下位,0,0,0
365,365,0,148,585,1,1,319,0,0,1,0,下位,0,319,72
59,59,0,25,58,0,0,0,684,601,-430,3,下位,0,0,0
132,132,0,149,517,0,1,59,684,601,-430,3,下位,0,59,74
212,212,0,651,3090,0,0,0,191,533,-131,3,下位,0,0,0
298,298,0,25,60,0,0,0,212,3106,138,5,下位,0,0,0
77,77,0,25,60,0,1,298,212,3106,138,5,下位,0,298,76
376,376,0,26,62,0,2,375,212,3106,138,5,下位,0,77,76
518,518,0,24,54,0,3,751,212,3106,138,5,下位,0,376,78
78,78,0,25,60,0,4,1269,212,3106,138,5,下位,0,518,70
698,698,0,299,1374,0,5,1347,212,3106,138,5,下位,0,78,76
788,788,0,25,60,0,0,0,2045,1390,-1396,2,下位,0,0,0
151,151,0,25,58,0,1,788,2045,1390,-1396,2,下位,0,788,76
188,188,0,26,64,0,2,939,2045,1390,-1396,2,下位,0,151,74
134,134,0,76,275,0,3,1127,2045,1390,-1396,2,下位,0,188,80
45,45,0,25,60,0,0,0,1261,291,-2909,1,下位,0,0,0
157,157,0,90,363,0,1,45,1261,291,-2909,1,下位,0,45,76
93,93,0,125,563,0,0,0,202,379,-2780,1,下位,0,0,0
381,381,0,26,62,0,0,0,93,579,-2351,1,下位,0,0,0
236,236,0,26,64,0,1,381,93,579,-2351,1,下位,0,381,78
158,158,0,25,60,0,2,617,93,579,-2351,1,下位,0,236,80
152,152,0,23,50,0,3,775,93,579,-2351,1,下位,0,158,76
684,684,0,96,414,0,4,927,93,579,-2351,1,下位,0,152,66
136,136,0,152,601,0,0,0,1611,430,-4220,1,下位,0,0,0
358,358,0,167,738,0,0,0,136,617,-3822,3,下位,0,0,0
339,339,0,25,60,0,0,0,358,754,-3645,1,下位,0,0,0
304,304,0,151,611,0,1,339,358,754,-3645,1,下位,0,339,76
260,260,0,154,603,1,0,0,0,0,1,0,下位,0,0,0
205,205,0,1157,5342,0,0,0,260,619,201,3,下位,0,0,0
620,620,0,120,426,0,0,0,205,5358,2913,11,上位,0,0,0
151,151,0,22,43,0,0,0,620,442,123,2,下位,0,0,0
160,160,0,82,330,0,1,151,620,442,123,2,下位,0,151,59
443,443,0,25,60,0,0,0,311,346,26,1,下位,0,0,0
498,498,0,64,192,0,1,443,311,346,26,1,下位,0,443,76
232,232,0,24,54,0,0,0,941,208,-1208,1,下位,0,0,0
374,374,0,119,527,0,1,232,941,208,-1208,1,下位,0,232,70
87,87,0,24,52,0,0,0,606,543,-1572,1,下位,0,0,0
377,377,0,219,873,0,1,87,606,543,-1572,1,下位,0,87,68
423,423,0,26,62,0,0,0,464,889,-1363,4,下位,0,0,0
346,346,0,78,307,0,1,423,464,889,-1363,4,下位,0,423,78
138,138,0,248,946,0,0,0,769,323,-2202,1,下位,0,0,0
93,93,0,82,292,0,0,0,138,962,-1463,4,下位,0,0,0
567,567,0,70,223,0,0,0,93,308,-1305,1,下位,0,0,0
77,77,0,25,60,0,0,0,567,239,-1981,1,下位,0,0,0
341,341,0,119,490,0,1,77,567,239,-1981,1,下位,0,77,76
312,312,0,83,348,0,0,0,418,506,-2073,2,下位,0,0,0
373,373,0,112,491,0,0,0,312,364,-2212,1,下位,0,0,0
358,358,0,60,222,0,0,0,373,507,-2307,1,下位,0,0,0
393,393,0,156,644,0,0,0,358,238,-2646,1,下位,0,0,0
561,561,0,723,3326,1,0,0,0,0,1,0,下位,0,0,0
624,624,0,26,64,0,0,0,561,3342,75,4,下位,0,0,0
146,146,0,26,62,0,1,624,561,3342,75,4,下位,0,624,80
794,794,0,181,688,0,2,770,561,3342,75,4,下位,0,146,78
173,173,0,25,60,0,0,0,1564,704,-1587,3,下位,0,0,0
385,385,0,25,60,0,1,173,1564,704,-1587,3,下位,0,173,76
137,137,0,169,633,0,2,558,1564,704,-1587,3,下位,0,385,76
376,376,0,84,317,0,0,0,695,649,-1907,3,下位,0,0,0
622,622,0,61,226,0,0,0,376,333,-2180,1,下位,0,0,0
163,163,0,25,58,0,0,0,622,242,-2941,1,下位,0,0,0
659,659,0,80,311,0,1,163,622,242,-2941,1,下位,0,163,74
376,376,0,110,380,0,0,0,822,327,-3866,1,下位,0,0,0
194,194,0,26,64,1,0,0,0,0,1,0,下位,0,0,0
840,840,0,340,1350,1,1,194,0,0,1,0,下位,0,194,80
280,280,0,24,56,0,0,0,1034,1366,-221,6,下位,0,0,0
179,179,0,85,298,0,1,280,1034,1366,-221,6,下位,0,280,72
194,194,0,24,52,0,0,0,459,314,-576,1,下位,0,0,0
375,375,0,202,788,0,1,194,459,314,-576,1,下位,0,194,68
162,162,0,79,329,0,0,0,569,804,-622,4,下位,0,0,0
152,152,0,130,507,0,0,0,162,345,-538,1,下位,0,0,0
48,48,0,23,50,0,0,0,152,523,-260,2,下位,0,0,0
93,93,0,25,60,0,1,48,152,523,-260,2,下位,0,48,66
270,270,0,24,56,0,2,141,152,523,-260,2,下位,0,93,76
192,192,0,25,58,0,3,411,152,523,-260,2,下位,0,270,72
452,452,0,1180,5543,0,4,603,152,523,-260,2,下位,0,192,74
75,75,0,25,58,0,0,0,1055,5559,3884,8,上位,0,0,0
392,392,0,22,45,0,1,75,1055,5559,3884,8,上位,0,75,74
118,118,0,955,4599,0,2,467,1055,5559,3884,8,上位,0,392,61
373,373,0,73,284,0,0,0,585,4615,769,5,下位,0,0,0
267,267,0,26,62,0,0,0,373,300,467,1,下位,0,0,0
569,569,0,22,45,0,1,267,373,300,467,1,下位,0,267,78
102,102,0,142,538,0,2,836,373,300,467,1,下位,0,569,61
119,119,0,69,221,1,0,0,0,0,1,0,下位,0,0,0
196,196,0,920,4159,0,0,0,119,237,46,1,下位,0,0,0
52,52,0,251,1125,0,0,0,196,4175,1678,12,上位,0,0,0
76,76,0,25,58,0,0,0,52,1141,173,2,下位,0,0,0
166,166,0,25,58,0,1,76,52,1141,173,2,下位,0,76,74
546,546,0,198,896,0,2,242,52,1141,173,2,下位,0,166,74
192,192,0,114,414,0,0,0,788,912,-39,1,下位,0,0,0
204,204,0,26,62,0,0,0,192,430,81,2,下位,0,0,0
183,183,0,25,58,0,1,204,192,430,81,2,下位,0,204,78
169,169,0,155,615,0,2,387,192,430,81,2,下位,0,183,74
653,653,0,23,47,0,0,0,556,631,-33,3,下位,0,0,0
510,510,0,26,64,0,1,653,556,631,-33,3,下位,0,653,63
463,463,0,83,348,0,2,1163,556,631,-33,3,下位,0,510,80
303,303,0,72,240,0,0,0,1626,364,-2149,1,下位,0,0,0
94,94,0,155,634,0,0,0,303,256,-2382,1,下位,0,0,0
144,144,0,24,56,0,0,0,94,650,-1884,2,下位,0,0,0
153,153,0,220,890,0,1,144,94,650,-1884,2,下位,0,144,72
52,52,0,505,2179,0,0,0,297,906,-1385,4,下位,0,0,0
139,139,0,24,54,0,0,0,52,2195,726,7,下位,0,0,0
361,361,0,558,2603,0,1,139,52,2195,726,7,下位,0,139,70
384,384,0,25,60,0,0,0,500,2619,2609,2,下位,0,0,0
281,281,0,24,56,0,1,384,500,2619,2609,2,下位,0,384,76
168,168,0,25,58,0,2,665,500,2619,2609,2,下位,0,281,72
254,254,0,26,62,0,3,833,500,2619,2609,2,下位,0,168,74
166,166,0,26,62,0,4,1087,500,2619,2609,2,下位,0,254,78
159,159,0,272,1242,0,5,1253,500,2619,2609,2,下位,0,166,78
577,577,0,24,56,1,0,0,0,0,1,0,下位,0,0,0
719,719,0,23,49,1,1,577,0,0,1,0,下位,0,577,72
477,477,0,699,3394,1,2,1296,0,0,1,0,下位,0,719,65
369,369,0,94,344,0,0,0,1773,3410,688,1,下位,0,0,0
217,217,0,123,461,0,0,0,369,360,453,1,下位,0,0,0
253,253,0,260,1140,0,0,0,217,477,580,2,下位,0,0,0
138,138,0,515,2381,0,0,0,253,1156,1328,2,下位,0,0,0
147,147,0,139,509,0,0,0,138,2397,1291,5,下位,0,0,0
388,388,0,74,276,0,0,0,147,525,1579,2,下位,0,0,0
369,369,0,144,528,0,0,0,388,292,1245,1,下位,0,0,0
184,184,0,150,611,0,0,0,369,544,1194,3,下位,0,0,0
748,748,0,88,357,0,0,0,184,627,1524,3,下位,0,0,0
905,905,0,81,310,1,0,0,0,0,1,0,下位,0,0,0
174,174,0,69,216,0,0,0,905,326,-1133,1,下位,0,0,0
657,657,0,71,262,0,0,0,174,232,-1182,1,下位,0,0,0
129,129,0,25,58,0,0,0,657,278,-1964,1,下位,0,0,0
385,385,0,119,496,0,1,129,657,278,-1964,1,下位,0,129,74
61,61,0,87,320,0,0,0,514,512,-2207,2,下位,0,0,0
691,691,0,26,64,0,0,0,61,336,-1969,1,下位,0,0,0
422,422,0,147,538,0,1,691,61,336,-1969,1,下位,0,691,80
165,165,0,112,453,0,0,0,1113,554,-3131,3,下位,0,0,0
33,33,0,25,60,0,0,0,165,469,-2928,1,下位,0,0,0
698,698,0,81,293,0,1,33,165,469,-2928,1,下位,0,33,76
119,119,0,25,58,0,0,0,731,309,-3722,1,下位,0,0,0
430,430,0,26,62,0,1,119,731,309,-3722,1,下位,0,119,74
701,701,0,558,2412,0,2,549,731,309,-3722,1,下位,0,430,78
70,70,0,193,763,1,0,0,0,0,1,0,下位,0,0,0
90,90,0,25,60,0,0,0,70,779,667,4,下位,0,0,0
388,388,0,136,539,0,1,90,70,779,667,4,下位,0,90,76
720,720,0,97,312,0,0,0,478,555,527,2,下位,0,0,0
94,94,0,803,3509,0,0,0,720,328,-306,2,下位,0,0,0
237,237,0,25,58,0,0,0,94,3525,3067,11,上位,0,0,0
365,365,0,434,1866,0,1,237,94,3525,3067,11,上位,0,237,74
364,364,0,23,47,0,0,0,602,1882,1801,6,下位,0,0,0
66,66,0,166,745,0,1,364,602,1882,1801,6,下位,0,364,63
977,977,0,70,274,0,0,0,430,761,1932,2,下位,0,0,0
61,61,0,25,58,0,0,0,977,290,646,1,下位,0,0,0
282,282,0,501,2319,0,1,61,977,290,646,1,下位,0,61,74
373,373,0,26,64,1,0,0,0,0,1,0,下位,0,0,0
177,177,0,25,60,1,1,373,0,0,1,0,下位,0,373,80
62,62,0,26,62,1,2,550,0,0,1,0,下位,0,177,76
262,262,0,119,416,1,3,612,0,0,1,0,下位,0,62,78
139,139,0,24,56,0,0,0,874,432,-744,2,下位,0,0,0
128,128,0,26,64,0,1,139,874,432,-744,2,下位,0,139,72
149,149,0,1078,4791,0,2,267,874,432,-744,2,下位,0,128,80
376,376,0,173,681,0,0,0,416,4807,1220,12,上位,0,0,0
65,65,0,136,508,0,0,0,376,697,1311,2,下位,0,0,0
167,167,0,97,422,0,0,0,65,524,1730,3,下位,0,0,0
154,154,0,74,295,0,0,0,167,438,1899,1,下位,0,0,0
109,109,0,465,2108,0,0,0,154,311,1962,1,下位,0,0,0
321,321,0,122,487,0,0,0,109,2124,325,4,下位,0,0,0
127,127,0,78,310,1,0,0,0,0,1,0,下位,0,0,0
193,193,0,170,716,0,0,0,127,326,122,1,下位,0,0,0
327,327,0,26,64,0,0,0,193,732,543,3,下位,0,0,0
102,102,0,25,60,0,1,327,193,732,543,3,下位,0,327,80
174,174,0,102,444,0,2,429,193,732,543,3,下位,0,102,76
160,160,0,86,363,0,0,0,603,460,185,1,下位,0,0,0
689,689,0,78,275,0,0,0,160,379,306,1,下位,0,0,0
932,932,0,111,458,0,0,0,689,291,-514,1,下位,0,0,0
271,271,0,115,444,1,0,0,0,0,1,0,下位,0,0,0
59,59,0,84,326,0,0,0,271,460,24,2,下位,0,0,0
136,136,0,106,423,0,0,0,59,342,271,1,下位,0,0,0
65,65,0,24,52,0,0,0,136,439,491,1,下位,0,0,0
136,136,0,25,60,0,1,65,136,439,491,1,下位,0,65,68
157,157,0,270,1186,0,2,201,136,439,491,1,下位,0,136,76
281,281,0,87,368,0,0,0,358,1202,1260,3,下位,0,0,0
97,97,0,26,62,0,0,0,281,384,1191,1,下位,0,0,0
692,692,0,78,266,0,1,97,281,384,1191,1,下位,0,97,78
162,162,0,89,360,0,0,0,789,282,278,1,下位,0,0,0
155,155,0,25,60,0,0,0,162,376,393,1,下位,0,0,0
91,91,0,26,64,0,1,155,162,376,393,1,下位,0,155,76
271,271,0,91,388,0,2,246,162,376,393,1,下位,0,91,80
604,604,0,25,60,0,0,0,517,404,119,1,下位,0,0,0
504,504,0,422,1878,0,1,604,517,404,119,1,下位,0,604,76
272,272,0,25,58,0,0,0,1108,1894,302,2,下位,0,0,0
365,365,0,182,679,0,1,272,1108,1894,302,2,下位,0,272,74
711,711,0,82,305,0,0,0,637,695,43,3,下位,0,0,0
242,242,0,25,58,0,0,0,711,321,-783,1,下位,0,0,0
610,610,0,176,712,0,1,242,711,321,-783,1,下位,0,242,74
104,104,0,73,267,0,0,0,852,728,-1355,3,下位,0,0,0
74,74,0,148,577,1,0,0,0,0,1,0,下位,0,0,0
153,153,0,94,406,0,0,0,74,593,475,3,下位,0,0,0
379,379,0,1135,5203,0,0,0,153,422,650,1,下位,0,0,0
101,101,0,25,60,0,0,0,379,5219,790,11,上位,0,0,0
144,144,0,26,62,0,1,101,379,5219,790,11,上位,0,101,76
779,779,0,145,544,0,2,245,379,5219,790,11,上位,0,144,78
242,242,0,119,439,0,0,0,1024,560,-147,2,下位,0,0,0
365,365,0,26,62,0,0,0,242,455,-82,2,下位,0,0,0
138,138,0,26,62,0,1,365,242,455,-82,2,下位,0,365,78
177,177,0,204,823,0,2,503,242,455,-82,2,下位,0,138,78
998,998,0,73,246,0,0,0,680,839,-184,5,下位,0,0,0
146,146,0,115,427,0,0,0,998,262,-1532,1,下位,0,0,0
135,135,0,126,518,0,0,0,146,443,-1324,2,下位,0,0,0
528,528,0,20,32,0,0,0,135,534,-1008,1,下位,0,0,0
379,379,0,112,406,0,1,528,135,534,-1008,1,下位,0,528,48
180,180,0,24,56,0,0,0,907,422,-2001,2,下位,0,0,0
133,133,0,95,377,0,1,180,907,422,-2001,2,下位,0,180,72
153,153,0,66,227,0,0,0,313,393,-2041,1,下位,0,0,0
124,124,0,411,1847,1,0,0,0,0,1,0,下位,0,0,0
234,234,0,117,456,0,0,0,124,1863,1664,3,下位,0,0,0
375,375,0,25,58,0,0,0,234,472,1759,2,下位,0,0,0
141,141,0,25,60,0,1,375,234,472,1759,2,下位,0,375,74
340,340,0,26,64,0,2,516,234,472,1759,2,下位,0,141,76
163,163,0,112,414,0,3,856,234,472,1759,2,下位,0,340,80
135,135,0,25,58,0,0,0,1019,430,774,2,下位,0,0,0
186,186,0,24,56,0,1,135,1019,430,774,2,下位,0,135,74
920,920,0,22,43,0,2,321,1019,430,774,2,下位,0,186,72
616,616,0,26,62,0,3,1241,1019,430,774,2,下位,0,920,59
248,248,0,25,60,0,4,1857,1019,430,774,2,下位,0,616,78
74,74,0,26,62,0,5,2105,1019,430,774,2,下位,0,248,76
156,156,0,91,386,0,6,2179,1019,430,774,2,下位,0,74,78
377,377,0,1092,5012,0,0,0,2335,402,-2154,1,下位,0,0,0
407,407,0,158,639,0,0,0,377,5028,2266,10,上位,0,0,0
150,150,0,25,58,0,0,0,407,655,2265,2,下位,0,0,0
217,217,0,25,58,0,1,150,407,655,2265,2,下位,0,150,74
84,84,0,122,490,0,2,367,407,655,2265,2,下位,0,217,74
418,418,0,124,466,0,0,0,451,506,2192,2,下位,0,0,0
83,83,0,123,502,0,0,0,418,482,2000,2,下位,0,0,0
123,123,0,108,430,0,0,0,83,518,2384,1,下位,0,0,0
379,379,0,106,419,0,0,0,123,446,355,1,下位,0,0,0
137,137,0,88,316,1,0,0,0,0,1,0,下位,0,0,0
162,162,0,26,63,0,0,0,137,332,112,1,下位,0,0,0
82,82,0,146,582,0,1,162,137,332,112,1,下位,0,162,79
163,163,0,68,228,0,0,0,244,598,396,2,下位,0,0,0
87,87,0,77,274,0,0,0,163,244,377,1,下位,0,0,0
357,357,0,70,224,0,0,0,87,290,527,1,下位,0,0,0
203,203,0,28,76,0,0,0,357,240,191,1,下位,0,0,0
24,24,0,25,57,0,1,203,357,240,191,1,下位,0,203,92
741,741,0,117,483,0,2,227,357,240,191,1,下位,0,24,73
189,189,0,214,883,0,0,0,968,499,-706,2,下位,0,0,0
283,283,0,28,74,0,0,0,189,899,-112,3,下位,0,0,0
471,471,0,25,58,0,1,283,189,899,-112,3,下位,0,283,90
114,114,0,125,498,0,2,754,189,899,-112,3,下位,0,471,74
104,104,0,25,58,0,0,0,868,514,-835,1,下位,0,0,0
173,173,0,25,60,0,1,104,868,514,-835,1,下位,0,104,74
625,625,0,103,436,0,2,277,868,514,-835,1,下位,0,173,76
349,349,0,553,2620,0,0,0,902,452,-1688,1,下位,0,0,0
157,157,0,25,60,0,0,0,349,2636,385,2,下位,0,0,0
702,702,0,65,237,0,1,157,349,2636,385,2,下位,0,157,76
32,32,0,25,60,0,0,0,859,253,-671,1,下位,0,0,0
167,167,0,158,666,0,1,32,859,253,-671,1,下位,0,32,76
480,480,0,96,383,0,0,0,199,682,-234,2,下位,0,0,0
624,624,0,144,610,0,0,0,480,399,-609,1,下位,0,0,0
248,248,0,75,280,0,0,0,624,626,-989,1,下位,0,0,0
898,898,0,111,446,1,0,0,0,0,1,0,下位,0,0,0
155,155,0,262,1068,0,0,0,898,462,-985,2,下位,0,0,0
362,362,0,116,466,0,0,0,155,1084,-151,4,下位,0,0,0
103,103,0,24,56,0,0,0,362,482,-253,2,下位,0,0,0
373,373,0,58,211,0,1,103,362,482,-253,2,下位,0,103,72
175,175,0,24,54,0,0,0,476,227,-722,1,下位,0,0,0
129,129,0,23,49,0,1,175,476,227,-722,1,下位,0,175,70
697,697,0,77,263,0,2,304,476,227,-722,1,下位,0,129,65
977,977,0,25,60,0,0,0,1001,279,-1922,1,下位,0,0,0
111,111,0,26,62,0,1,977,1001,279,-1922,1,下位,0,977,76
918,918,0,82,290,0,2,1088,1001,279,-1922,1,下位,0,111,78
127,127,0,25,58,0,0,0,2006,306,-4698,1,下位,0,0,0
379,379,0,111,395,0,1,127,2006,306,-4698,1,下位,0,127,74
272,272,0,24,56,1,0,0,0,0,1,0,下位,0,0,0
184,184,0,76,267,1,1,272,0,0,1,0,下位,0,272,72
567,567,0,74,286,0,0,0,456,283,-380,1,下位,0,0,0
361,361,0,24,52,0,0,0,567,302,-993,1,下位,0,0,0
86,86,0,195,852,0,1,361,567,302,-993,1,下位,0,361,68
147,147,0,21,37,0,0,0,447,868,-778,3,下位,0,0,0
166,166,0,24,56,0,1,147,447,868,-778,3,下位,0,147,53
153,153,0,98,389,0,2,313,447,868,-778,3,下位,0,166,72
91,91,0,211,936,0,0,0,466,405,-1000,1,下位,0,0,0
154,154,0,23,50,0,0,0,91,952,-195,2,下位,0,0,0
137,137,0,79,294,0,1,154,91,952,-195,2,下位,0,154,66
52,52,0,126,481,0,0,0,291,310,-289,1,下位,0,0,0
898,898,0,25,58,0,0,0,52,497,124,2,下位,0,0,0
210,210,0,26,62,0,1,898,52,497,124,2,下位,0,898,74
111,111,0,262,1242,0,2,1108,52,497,124,2,下位,0,210,78
163,163,0,123,472,0,0,0,1219,1258,-433,1,下位,0,0,0
580,580,0,26,64,1,0,0,0,0,1,0,下位,0,0,0
392,392,0,26,62,1,1,580,0,0,1,0,下位,0,580,80
365,365,0,84,356,1,2,972,0,0,1,0,下位,0,392,78
202,202,0,190,766,0,0,0,1337,372,-1626,1,下位,0,0,0
85,85,0,26,62,0,0,0,202,782,-1170,3,下位,0,0,0
380,380,0,21,39,0,1,85,202,782,-1170,3,下位,0,85,78
293,293,0,130,532,0,2,465,202,782,-1170,3,下位,0,380,55
700,700,0,129,557,0,0,0,758,548,-1712,1,下位,0,0,0
348,348,0,147,604,0,0,0,700,573,-2268,1,下位,0,0,0
693,693,0,24,54,0,0,0,348,620,-2209,3,下位,0,0,0
135,135,0,24,56,0,1,693,348,620,-2209,3,下位,0,693,70
706,706,0,71,289,0,2,828,348,620,-2209,3,下位,0,135,72
969,969,0,112,494,1,0,0,0,0,1,0,下位,0,0,0
160,160,0,91,336,0,0,0,969,510,-1052,1,下位,0,0,0
36,36,0,162,585,0,0,0,160,352,-958,1,下位,0,0,0
147,147,0,26,62,0,0,0,36,601,-415,3,下位,0,0,0
639,639,0,140,493,0,1,147,36,601,-415,3,下位,0,147,78
359,359,0,1127,5407,0,0,0,786,509,-1096,3,下位,0,0,0
356,356,0,115,419,0,0,0,359,5423,1387,5,下位,0,0,0
693,693,0,25,60,0,0,0,356,435,1248,2,下位,0,0,0
370,370,0,75,252,0,1,693,356,435,1248,2,下位,0,693,76
95,95,0,576,2650,0,0,0,1063,268,-123,1,下位,0,0,0
153,153,0,66,259,0,0,0,95,2666,2390,4,下位,0,0,0
308,308,0,26,64,0,0,0,153,275,186,1,下位,0,0,0
360,360,0,237,1018,0,1,308,153,275,186,1,下位,0,308,80
320,320,0,24,56,1,0,0,0,0,1,0,下位,0,0,0
164,164,0,26,64,1,1,320,0,0,1,0,下位,0,320,72
998,998,0,77,274,1,2,484,0,0,1,0,下位,0,164,80
66,66,0,316,1323,0,0,0,1482,290,-1948,1,下位,0,0,0
129,129,0,26,62,0,0,0,66,1339,-715,4,下位,0,0,0
753,753,0,115,400,0,1,129,66,1339,-715,4,下位,0,129,78
102,102,0,25,58,0,0,0,882,416,-1644,2,下位,0,0,0
716,716,0,23,47,0,1,102,882,416,-1644,2,下位,0,102,74
126,126,0,119,487,0,2,818,882,416,-1644,2,下位,0,716,63
308,308,0,21,39,0,0,0,944,503,-2527,2,下位,0,0,0
260,260,0,25,60,0,1,308,944,503,-2527,2,下位,0,308,55
434,434,0,245,877,0,2,568,944,503,-2527,2,下位,0,260,76
140,140,0,114,377,0,0,0,1002,893,-3119,5,下位,0,0,0
373,373,0,90,373,0,0,0,140,393,-2952,2,下位,0,0,0
898,898,0,111,446,1,0,0,0,0,1,0,下位,0,0,0
155,155,0,262,1068,0,0,0,898,462,-985,2,下位,0,0,0
362,362,0,116,466,0,0,0,155,1084,-151,4,下位,0,0,0
103,103,0,24,56,0,0,0,362,482,-253,2,下位,0,0,0
373,373,0,58,211,0,1,103,362,482,-253,2,下位,0,103,72
175,175,0,24,54,0,0,0,476,227,-722,1,下位,0,0,0
129,129,0,23,49,0,1,175,476,227,-722,1,下位,0,175,70
697,697,0,77,263,0,2,304,476,227,-722,1,下位,0,129,65
977,977,0,25,60,0,0,0,1001,279,-1922,1,下位,0,0,0
111,111,0,26,62,0,1,977,1001,279,-1922,1,下位,0,977,76
918,918,0,82,290,0,2,1088,1001,279,-1922,1,下位,0,111,78
127,127,0,25,58,0,0,0,2006,306,-4698,1,下位,0,0,0
379,379,0,111,395,0,1,127,2006,306,-4698,1,下位,0,127,74
272,272,0,24,56,1,0,0,0,0,1,0,下位,0,0,0
184,184,0,76,267,1,1,272,0,0,1,0,下位,0,272,72
567,567,0,74,286,0,0,0,456,283,-380,1,下位,0,0,0
361,361,0,24,52,0,0,0,567,302,-993,1,下位,0,0,0
86,86,0,195,852,0,1,361,567,302,-993,1,下位,0,361,68
147,147,0,21,37,0,0,0,447,868,-778,3,下位,0,0,0
166,166,0,24,56,0,1,147,447,868,-778,3,下位,0,147,53
153,153,0,98,389,0,2,313,447,868,-778,3,下位,0,166,72
91,91,0,211,936,0,0,0,466,405,-1000,1,下位,0,0,0
154,154,0,23,50,0,0,0,91,952,-195,2,下位,0,0,0
137,137,0,79,294,0,1,154,91,952,-195,2,下位,0,154,66
52,52,0,126,481,0,0,0,291,310,-289,1,下位,0,0,0
898,898,0,25,58,0,0,0,52,497,124,2,下位,0,0,0
210,210,0,26,62,0,1,898,52,497,124,2,下位,0,898,74
111,111,0,262,1242,0,2,1108,52,497,124,2,下位,0,210,78
163,163,0,123,472,0,0,0,1219,1258,-433,1,下位,0,0,0
267,267,0,337,1518,1,0,0,0,0,1,0,下位,0,0,0
601,601,0,26,62,0,0,0,267,1534,1104,5,下位,0,0,0
446,446,0,26,64,0,1,601,267,1534,1104,5,下位,0,601,78
154,154,0,25,60,0,2,1047,267,1534,1104,5,下位,0,446,80
137,137,0,131,588,0,3,1201,267,1534,1104,5,下位,0,154,76
39,39,0,24,56,0,0,0,1338,604,-216,1,下位,0,0,0
336,336,0,25,60,0,1,39,1338,604,-216,1,下位,0,39,72
693,693,0,94,386,0,2,375,1338,604,-216,1,下位,0,336,76
154,154,0,26,62,0,0,0,1068,402,-1389,1,下位,0,0,0
910,910,0,85,310,0,1,154,1068,402,-1389,1,下位,0,154,78
105,105,0,277,1122,0,0,0,1064,326,-2702,1,下位,0,0,0
379,379,0,120,434,0,0,0,105,1138,-1733,6,下位,0,0,0
145,145,0,112,435,0,0,0,379,450,-1894,2,下位,0,0,0
694,694,0,104,393,0,0,0,145,451,-1677,2,下位,0,0,0
610,610,0,66,226,0,0,0,694,409,-2387,2,下位,0,0,0
286,286,0,26,62,1,0,0,0,0,1,0,下位,0,0,0
609,609,0,244,1077,1,1,286,0,0,1,0,下位,0,286,78
448,448,0,286,1305,0,0,0,895,1093,-271,2,下位,0,0,0
577,577,0,26,62,0,0,0,448,1321,327,1,下位,0,0,0
446,446,0,110,385,0,1,577,448,1321,327,1,下位,0,577,78
633,633,0,602,2630,0,0,0,1023,401,-844,2,下位,0,0,0
56,56,0,25,58,0,0,0,633,2646,781,7,下位,0,0,0
142,142,0,115,425,0,1,56,633,2646,781,7,下位,0,56,74
167,167,0,131,586,0,0,0,198,441,977,2,下位,0,0,0
718,718,0,22,45,0,0,0,167,602,1310,1,下位,0,0,0
845,845,0,25,60,0,1,718,167,602,1310,1,下位,0,718,61
185,185,0,73,277,0,2,1563,167,602,1310,1,下位,0,845,76
421,421,0,25,60,0,0,0,1748,293,-1079,1,下位,0,0,0
32,32,0,23,50,0,1,421,1748,293,-1079,1,下位,0,421,76
699,699,0,85,302,0,2,453,1748,293,-1079,1,下位,0,32,66
334,334,0,25,58,1,0,0,0,0,1,0,下位,0,0,0
154,154,0,25,58,1,1,334,0,0,1,0,下位,0,334,74
101,101,0,420,1664,1,2,488,0,0,1,0,下位,0,154,74
203,203,0,25,60,0,0,0,589,1680,878,8,上位,0,0,0
76,76,0,25,60,0,1,203,589,1680,878,8,上位,0,203,76
296,296,0,25,60,0,2,279,589,1680,878,8,上位,0,76,76
373,373,0,25,60,0,3,575,589,1680,878,8,上位,0,296,76
106,106,0,25,60,0,4,948,589,1680,878,8,上位,0,373,76
136,136,0,25,58,0,5,1054,589,1680,878,8,上位,0,106,76
74,74,0,482,2151,0,6,1190,589,1680,878,8,上位,0,136,74
364,364,0,79,317,0,0,0,1264,2167,1459,5,下位,0,0,0
664,664,0,24,54,0,0,0,364,333,1205,1,下位,0,0,0
49,49,0,26,64,0,1,664,364,333,1205,1,下位,0,664,70
355,355,0,71,242,0,2,713,364,333,1205,1,下位,0,49,80
146,146,0,25,60,0,0,0,1068,258,-110,1,下位,0,0,0
738,738,0,26,64,0,1,146,1068,258,-110,1,下位,0,146,76
126,126,0,71,261,0,2,884,1068,258,-110,1,下位,0,738,80
233,233,0,73,254,0,0,0,1010,277,-1306,1,下位,0,0,0
157,157,0,87,324,0,0,0,233,270,-1412,1,下位,0,0,0
197,197,0,22,43,0,0,0,157,340,-1325,1,下位,0,0,0
142,142,0,26,64,0,1,197,157,340,-1325,1,下位,0,197,59
128,128,0,144,568,0,2,339,157,340,-1325,1,下位,0,142,80
273,273,0,78,305,0,0,0,467,584,-1355,2,下位,0,0,0
101,101,0,89,345,0,0,0,273,321,-1474,1,下位,0,0,0
518,518,0,82,300,0,0,0,101,361,-1276,1,下位,0,0,0
238,238,0,25,60,1,0,0,0,0,1,0,下位,0,0,0
167,167,0,25,60,1,1,238,0,0,1,0,下位,0,238,76
716,716,0,153,700,1,2,405,0,0,1,0,下位,0,167,76
105,105,0,70,236,0,0,0,1121,716,-939,1,下位,0,0,0
481,481,0,24,56,0,0,0,105,252,-856,1,下位,0,0,0
55,55,0,74,242,0,1,481,105,252,-856,1,下位,0,481,72
322,322,0,27,70,0,0,0,536,258,-1391,1,下位,0,0,0
214,214,0,146,593,0,1,322,536,258,-1391,1,下位,0,322,86
698,698,0,58,213,0,0,0,536,609,-1560,2,下位,0,0,0
310,310,0,26,64,0,0,0,698,229,-2457,1,下位,0,0,0
387,387,0,138,525,0,1,310,698,229,-2457,1,下位,0,310,80
167,167,0,227,979,0,0,0,697,541,-2960,2,下位,0,0,0
145,145,0,23,50,0,0,0,167,995,-2234,2,下位,0,0,0
470,470,0,24,56,0,1,145,167,995,-2234,2,下位,0,145,66
696,696,0,504,2453,0,2,615,167,995,-2234,2,下位,0,470,72
772,772,0,111,487,1,0,0,0,0,1,0,下位,0,0,0
142,142,0,122,455,0,0,0,772,503,-741,1,下位,0,0,0
377,377,0,76,273,0,0,0,142,471,-499,2,下位,0,0,0
63,63,0,71,262,0,0,0,377,289,-818,1,下位,0,0,0
262,262,0,25,60,0,0,0,63,278,-642,1,下位,0,0,0
94,94,0,216,759,0,1,262,63,278,-642,1,下位,0,262,76
518,518,0,74,244,0,0,0,356,775,-366,5,下位,0,0,0
999,999,0,810,3847,0,0,0,518,260,-941,1,下位,0,0,0
615,615,0,24,56,0,0,0,999,3863,1311,3,下位,0,0,0
226,226,0,25,58,0,1,615,999,3863,1311,3,下位,0,615,72
380,380,0,117,522,0,2,841,999,3863,1311,3,下位,0,226,74
334,334,0,109,460,1,0,0,0,0,1,0,下位,0,0,0
169,169,0,26,64,0,0,0,334,476,-62,1,下位,0,0,0
999,999,0,111,442,0,1,169,334,476,-62,1,下位,0,169,80
163,163,0,71,272,0,0,0,1168,458,-1408,2,下位,0,0,0
178,178,0,166,593,0,0,0,163,288,-1383,1,下位,0,0,0
94,94,0,73,278,0,0,0,178,609,-1061,3,下位,0,0,0
978,978,0,24,56,0,0,0,94,294,-919,1,下位,0,0,0
94,94,0,932,4073,0,1,978,94,294,-919,1,下位,0,978,72
140,140,0,24,56,0,0,0,1072,4089,1512,18,上位,0,0,0
379,379,0,113,474,0,1,140,1072,4089,1512,18,上位,0,140,72
139,139,0,105,433,0,0,0,519,490,1237,1,下位,0,0,0
148,148,0,78,287,0,0,0,139,449,1462,1,下位,0,0,0
526,526,0,26,62,1,0,0,0,0,1,0,下位,0,0,0
692,692,0,26,64,1,1,526,0,0,1,0,下位,0,526,78
248,248,0,1022,4638,1,2,1218,0,0,1,0,下位,0,692,80
620,620,0,162,626,0,0,0,1466,4654,2448,8,上位,0,0,0
135,135,0,26,64,0,0,0,620,642,2090,3,下位,0,0,0
228,228,0,25,58,0,1,135,620,642,2090,3,下位,0,135,80
319,319,0,26,62,0,2,363,620,642,2090,3,下位,0,228,74
206,206,0,26,64,0,3,682,620,642,2090,3,下位,0,319,78
348,348,0,25,60,0,4,888,620,642,2090,3,下位,0,206,80
386,386,0,196,771,0,5,1236,620,642,2090,3,下位,0,348,76
184,184,0,270,1178,0,0,0,1622,787,648,3,下位,0,0,0
125,125,0,330,1586,1,0,0,0,0,1,0,下位,0,0,0
246,246,0,317,1354,0,0,0,125,1602,1401,1,下位,0,0,0
129,129,0,91,391,0,0,0,246,1370,148,4,下位,0,0,0
310,310,0,25,58,0,0,0,129,407,347,1,下位,0,0,0
168,168,0,153,597,0,1,310,129,407,347,1,下位,0,310,74
496,496,0,23,50,0,0,0,478,613,263,2,下位,0,0,0
324,324,0,249,1069,0,1,496,478,613,263,2,下位,0,496,66
65,65,0,198,737,0,0,0,820,1085,91,3,下位,0,0,0
370,370,0,24,54,0,0,0,65,753,739,4,下位,0,0,0
712,712,0,26,62,0,1,370,65,753,739,4,下位,0,370,70
1004,1004,0,183,826,0,2,1082,65,753,739,4,下位,0,712,78
185,185,0,25,60,0,0,0,2086,842,-1636,2,下位,0,0,0
358,358,0,24,52,0,1,185,2086,842,-1636,2,下位,0,185,76
234,234,0,244,1096,0,2,543,2086,842,-1636,2,下位,0,358,68
358,358,0,64,215,0,0,0,777,1112,-1634,2,下位,0,0,0
398,398,0,24,52,1,0,0,0,0,1,0,下位,0,0,0
456,456,0,25,60,1,1,398,0,0,1,0,下位,0,398,68
232,232,0,206,844,1,2,854,0,0,1,0,下位,0,456,76
694,694,0,92,346,0,0,0,1086,860,-747,4,下位,0,0,0
32,32,0,28,74,0,0,0,694,362,-1504,2,下位,0,0,0
527,527,0,149,611,0,1,32,694,362,-1504,2,下位,0,32,90
126,126,0,116,391,0,0,0,559,627,-1689,2,下位,0,0,0
224,224,0,25,60,0,0,0,126,407,-1485,2,下位,0,0,0
401,401,0,135,520,0,1,224,126,407,-1485,2,下位,0,224,76
680,680,0,26,62,0,0,0,625,536,-1881,2,下位,0,0,0
283,283,0,26,62,0,1,680,625,536,-1881,2,下位,0,680,78
305,305,0,136,555,0,2,963,625,536,-1881,2,下位,0,283,78
139,139,0,26,64,0,0,0,1268,571,-3200,2,下位,0,0,0
156,156,0,24,56,0,1,139,1268,571,-3200,2,下位,0,139,80
135,135,0,1701,7837,0,2,295,1268,571,-3200,2,下位,0,156,72
73,73,0,71,283,1,0,0,0,0,1,0,下位,0,0,0
178,178,0,221,908,0,0,0,73,299,182,1,下位,0,0,0
551,551,0,25,58,0,0,0,178,924,819,4,下位,0,0,0
364,364,0,26,62,0,1,551,178,924,819,4,下位,0,551,74
692,692,0,144,588,0,2,915,178,924,819,4,下位,0,364,78
162,162,0,23,50,0,0,0,1607,604,-1017,2,下位,0,0,0
201,201,0,26,64,0,1,162,1607,604,-1017,2,下位,0,162,66
349,349,0,157,620,0,2,363,1607,604,-1017,2,下位,0,201,80
139,139,0,75,311,0,0,0,712,636,-1383,2,下位,0,0,0
338,338,0,118,430,1,0,0,0,0,1,0,下位,0,0,0
217,217,0,93,370,0,0,0,338,446,-98,2,下位,0,0,0
546,546,0,102,357,0,0,0,217,386,-62,1,下位,0,0,0
106,106,0,26,64,0,0,0,546,373,-570,2,下位,0,0,0
234,234,0,75,261,0,1,106,546,373,-570,2,下位,0,106,80
691,691,0,26,62,0,0,0,340,277,-761,1,下位,0,0,0
431,431,0,25,58,0,1,691,340,277,-761,1,下位,0,691,78
165,165,0,103,450,0,2,1122,340,277,-761,1,下位,0,431,74
134,134,0,139,527,0,0,0,1287,466,-2219,1,下位,0,0,0
173,173,0,25,58,0,0,0,134,543,-1892,3,下位,0,0,0
161,161,0,793,3606,0,1,173,134,543,-1892,3,下位,0,173,74
162,162,0,25,58,0,0,0,334,3622,1265,5,下位,0,0,0
482,482,0,98,422,0,1,162,334,3622,1265,5,下位,0,162,74
360,360,0,111,444,0,0,0,644,438,739,1,下位,0,0,0
277,277,0,127,516,0,0,0,360,460,618,1,下位,0,0,0
152,152,0,21,41,0,0,0,277,532,703,2,下位,0,0,0
66,66,0,85,310,0,1,152,277,532,703,2,下位,0,152,57
384,384,0,24,54,0,0,0,218,326,735,1,下位,0,0,0
364,364,0,65,239,0,1,384,218,326,735,1,下位,0,384,70
759,759,0,23,49,0,0,0,748,255,-146,1,下位,0,0,0
157,157,0,24,56,0,1,759,748,255,-146,1,下位,0,759,65
153,153,0,69,228,0,2,916,748,255,-146,1,下位,0,157,72
377,377,0,25,58,0,0,0,1069,244,-1489,1,下位,0,0,0
148,148,0,171,787,0,1,377,1069,244,-1489,1,下位,0,377,74
396,396,0,96,343,1,0,0,0,0,1,0,下位,0,0,0
122,122,0,25,58,0,0,0,396,359,-279,2,下位,0,0,0
998,998,0,67,214,0,1,122,396,359,-279,2,下位,0,122,74
362,362,0,98,410,0,0,0,1120,230,-1782,1,下位,0,0,0
169,169,0,26,64,0,0,0,362,426,-1940,1,下位,0,0,0
73,73,0,228,1023,0,1,169,362,426,-1940,1,下位,0,169,80
152,152,0,25,60,0,0,0,242,1039,-1212,2,下位,0,0,0
79,79,0,64,222,0,1,152,242,1039,-1212,2,下位,0,152,76
104,104,0,25,58,0,0,0,231,238,-1270,1,下位,0,0,0
628,628,0,82,340,0,1,104,231,238,-1270,1,下位,0,104,74
74,74,0,28,76,0,0,0,732,356,-2021,1,下位,0,0,0
681,681,0,88,353,0,1,74,732,356,-2021,1,下位,0,74,92
514,514,0,106,401,0,0,0,755,369,-2777,1,下位,0,0,0
379,379,0,72,276,0,0,0,514,417,-3189,2,下位,0,0,0
373,373,0,25,58,0,0,0,379,292,-3508,1,下位,0,0,0
473,473,0,82,306,0,1,373,379,292,-3508,1,下位,0,373,74
142,142,0,24,56,0,0,0,846,322,-4477,1,下位,0,0,0
149,149,0,108,474,0,1,142,846,322,-4477,1,下位,0,142,72
89,89,0,92,349,0,0,0,291,490,-4384,1,下位,0,0,0
985,985,0,78,324,0,0,0,89,365,-4163,1,下位,0,0,0
195,195,0,19,30,1,0,0,0,0,1,0,下位,0,0,0
484,484,0,110,376,1,1,195,0,0,1,0,下位,0,195,46
455,455,0,120,503,0,0,0,679,392,-657,2,下位,0,0,0
312,312,0,26,62,0,0,0,455,519,-872,1,下位,0,0,0
102,102,0,427,2012,0,1,312,455,519,-872,1,下位,0,312,78
149,149,0,76,275,0,0,0,414,2028,566,1,下位,0,0,0
698,698,0,25,60,0,0,0,149,291,617,1,下位,0,0,0
60,60,0,89,378,0,1,698,149,291,617,1,下位,0,698,76
138,138,0,24,56,0,0,0,758,394,-136,1,下位,0,0,0
151,151,0,217,846,0,1,138,758,394,-136,1,下位,0,138,72
108,108,0,26,62,0,0,0,289,862,331,4,下位,0,0,0
113,113,0,25,60,0,1,108,289,862,331,4,下位,0,108,78
148,148,0,89,380,0,2,221,289,862,331,4,下位,0,113,76
977,977,0,62,212,0,0,0,369,396,286,1,下位,0,0,0
386,386,0,899,4109,0,0,0,977,228,-1062,1,下位,0,0,0
620,620,0,117,425,0,0,0,386,4125,2440,10,上位,0,0,0
374,374,0,107,415,0,0,0,620,441,1881,2,下位,0,0,0
675,675,0,255,1063,0,0,0,374,431,1709,2,下位,0,0,0
245,245,0,69,218,1,0,0,0,0,1,0,下位,0,0,0
549,549,0,83,297,0,0,0,245,234,-160,1,下位,0,0,0
424,424,0,417,1958,0,0,0,549,313,-732,1,下位,0,0,0
117,117,0,112,416,0,0,0,424,1974,558,1,下位,0,0,0
628,628,0,70,256,0,0,0,117,432,801,2,下位,0,0,0
265,265,0,916,4439,0,0,0,628,272,60,1,下位,0,0,0
72,72,0,25,60,0,0,0,265,4455,1455,4,下位,0,0,0
161,161,0,24,56,0,1,72,265,4455,1455,4,下位,0,72,76
33,33,0,74,267,0,2,233,265,4455,1455,4,下位,0,161,72
684,684,0,102,388,0,0,0,266,283,1457,1,下位,0,0,0
672,672,0,101,376,0,0,0,684,404,758,2,下位,0,0,0
280,280,0,26,62,0,0,0,672,392,66,2,下位,0,0,0
53,53,0,25,60,0,1,280,672,392,66,2,下位,0,280,78
461,461,0,26,64,0,2,333,672,392,66,2,下位,0,53,76
248,248,0,25,60,0,3,794,672,392,66,2,下位,0,461,80
797,797,0,166,764,0,4,1042,672,392,66,2,下位,0,248,76
44,44,0,84,352,0,0,0,1839,780,-1811,1,下位,0,0,0
72,72,0,91,388,1,0,0,0,0,1,0,下位,0,0,0
412,412,0,181,790,0,0,0,72,404,289,1,下位,0,0,0
465,465,0,152,597,0,0,0,412,806,430,2,下位,0,0,0
507,507,0,26,64,0,0,0,465,613,293,2,下位,0,0,0
159,159,0,24,56,0,1,507,465,613,293,2,下位,0,507,80
172,172,0,91,362,0,2,666,465,613,293,2,下位,0,159,72
1000,1000,0,88,346,0,0,0,838,378,-529,1,下位,0,0,0
292,292,0,212,865,0,0,0,1000,362,-1780,1,下位,0,0,0
98,98,0,253,1089,0,0,0,292,881,-1370,4,下位,0,0,0
365,365,0,99,359,0,0,0,98,1105,-423,2,下位,0,0,0
316,316,0,68,255,0,0,0,365,375,-637,2,下位,0,0,0
201,201,0,333,1382,0,0,0,316,271,-876,1,下位,0,0,0
622,622,0,167,596,0,0,0,201,1398,198,6,下位,0,0,0
191,191,0,83,298,0,0,0,622,612,-193,3,下位,0,0,0
817,817,0,25,60,0,0,0,191,314,-187,1,下位,0,0,0
136,136,0,888,4087,0,1,817,191,314,-187,1,下位,0,817,76
621,621,0,69,266,0,0,0,953,4103,143,6,下位,0,0,0
131,131,0,26,62,1,0,0,0,0,1,0,下位,0,0,0
291,291,0,24,56,1,1,131,0,0,1,0,下位,0,131,78
227,227,0,25,58,1,2,422,0,0,1,0,下位,0,291,72
116,116,0,127,468,1,3,649,0,0,1,0,下位,0,227,74
247,247,0,60,175,0,0,0,765,484,-524,2,下位,0,0,0
999,999,0,23,49,0,0,0,247,191,-731,1,下位,0,0,0
335,335,0,26,62,0,1,999,247,191,-731,1,下位,0,999,65
225,225,0,24,56,0,2,1334,247,191,-731,1,下位,0,335,78
171,171,0,82,284,0,3,1559,247,191,-731,1,下位,0,225,72
84,84,0,26,62,0,0,0,1730,300,-3006,1,下位,0,0,0
566,566,0,89,375,0,1,84,1730,300,-3006,1,下位,0,84,78
460,460,0,25,58,0,0,0,650,391,-3586,1,下位,0,0,0
372,372,0,205,856,0,1,460,650,391,-3586,1,下位,0,460,74
693,693,0,130,480,0,0,0,832,872,-3982,3,下位,0,0,0
442,442,0,24,54,0,0,0,693,496,-4604,2,下位,0,0,0
149,149,0,24,52,0,1,442,693,496,-4604,2,下位,0,442,70
145,145,0,101,380,0,2,591,693,496,-4604,2,下位,0,149,68
156,156,0,25,58,0,0,0,736,396,-5257,1,下位,0,0,0
58,58,0,171,748,0,1,156,736,396,-5257,1,下位,0,156,74
157,157,0,97,372,0,0,0,214,764,-4765,1,下位,0,0,0
282,282,0,124,506,0,0,0,157,388,-4630,1,下位,0,0,0
166,166,0,26,62,1,0,0,0,0,1,0,下位,0,0,0
93,93,0,25,58,1,1,166,0,0,1,0,下位,0,166,78
314,314,0,25,60,1,2,259,0,0,1,0,下位,0,93,74
290,290,0,678,3118,1,3,573,0,0,1,0,下位,0,314,76
335,335,0,25,58,0,0,0,863,3134,1970,4,下位,0,0,0
95,95,0,112,439,0,1,335,863,3134,1970,4,下位,0,335,74
327,327,0,75,297,0,0,0,430,455,1806,2,下位,0,0,0
35,35,0,162,631,0,0,0,327,313,1592,1,下位,0,0,0
70,70,0,63,204,0,0,0,35,647,2183,4,下位,0,0,0
171,171,0,210,970,0,0,0,70,220,2290,1,下位,0,0,0
136,136,0,25,60,0,0,0,171,986,3000,1,下位,0,0,0
186,186,0,134,603,0,1,136,171,986,3000,1,下位,0,136,76
620,620,0,24,54,0,0,0,322,619,452,1,下位,0,0,0
121,121,0,24,52,0,1,620,322,619,452,1,下位,0,620,70
143,143,0,26,62,0,2,741,322,619,452,1,下位,0,121,68
82,82,0,93,380,0,3,884,322,619,452,1,下位,0,143,78
210,210,0,25,58,0,0,0,966,396,-494,1,下位,0,0,0
364,364,0,26,64,0,1,210,966,396,-494,1,下位,0,210,74
391,391,0,734,3299,0,2,574,966,396,-494,1,下位,0,364,80
620,620,0,71,229,0,0,0,965,3315,1418,7,下位,0,0,0
137,137,0,128,565,0,0,0,620,245,663,1,下位,0,0,0
288,288,0,24,54,0,0,0,137,581,1023,1,下位,0,0,0
962,962,0,73,284,0,1,288,137,581,1023,1,下位,0,288,70
246,246,0,25,60,1,0,0,0,0,1,0,下位,0,0,0
278,278,0,80,292,1,1,246,0,0,1,0,下位,0,246,76
279,279,0,72,242,0,0,0,524,308,-460,1,下位,0,0,0
285,285,0,69,248,1,0,0,0,0,1,0,下位,0,0,0
173,173,0,108,396,0,0,0,285,264,-195,1,下位,0,0,0
339,339,0,26,62,0,0,0,173,412,-62,2,下位,0,0,0
393,393,0,188,718,0,1,339,173,412,-62,2,下位,0,339,78
242,242,0,26,62,0,0,0,732,734,-431,4,下位,0,0,0
343,343,0,25,58,0,1,242,732,734,-431,4,下位,0,242,78
364,364,0,73,248,0,2,585,732,734,-431,4,下位,0,343,74
140,140,0,149,580,0,0,0,949,264,-1545,1,下位,0,0,0
87,87,0,146,557,0,0,0,140,596,-1175,2,下位,0,0,0
70,70,0,64,230,0,0,0,87,573,-742,3,下位,0,0,0
376,376,0,25,60,0,0,0,70,246,-609,1,下位,0,0,0
182,182,0,118,420,0,1,376,70,246,-609,1,下位,0,376,76
454,454,0,26,62,0,0,0,558,436,-998,2,下位,0,0,0
998,998,0,29,78,0,1,454,558,436,-998,2,下位,0,454,78
28,28,0,24,56,0,2,1452,558,436,-998,2,下位,0,998,94
362,362,0,96,383,0,3,1480,558,436,-998,2,下位,0,28,72
459,459,0,25,60,0,0,0,1842,399,-3326,1,下位,0,0,0
35,35,0,24,54,0,1,459,1842,399,-3326,1,下位,0,459,76
157,157,0,278,1161,0,2,494,1842,399,-3326,1,下位,0,35,70
173,173,0,25,58,0,0,0,651,1177,-3053,5,下位,0,0,0
351,351,0,108,445,0,1,173,651,1177,-3053,5,下位,0,173,74
56,56,0,24,56,1,0,0,0,0,1,0,下位,0,0,0
285,285,0,157,647,1,1,56,0,0,1,0,下位,0,56,72
153,153,0,78,308,0,0,0,341,663,186,3,下位,0,0,0
141,141,0,181,792,0,0,0,153,324,263,1,下位,0,0,0
283,283,0,24,54,0,0,0,141,808,844,2,下位,0,0,0
65,65,0,25,58,0,1,283,141,808,844,2,下位,0,283,70
104,104,0,65,249,0,2,348,141,808,844,2,下位,0,65,74
466,466,0,26,62,0,0,0,452,265,523,1,下位,0,0,0
624,624,0,86,338,0,1,466,452,265,523,1,下位,0,466,78
682,682,0,25,58,0,0,0,1090,354,-803,1,下位,0,0,0
1003,1003,0,114,456,0,1,682,1090,354,-803,1,下位,0,682,74
140,140,0,138,587,0,0,0,1685,472,-2975,1,下位,0,0,0
168,168,0,117,454,0,0,0,140,603,-2598,1,下位,0,0,0
330,330,0,242,1043,0,0,0,168,470,-2399,2,下位,0,0,0
115,115,0,23,47,1,0,0,0,0,1,0,下位,0,0,0
53,53,0,182,710,1,1,115,0,0,1,0,下位,0,115,63
998,998,0,147,609,0,0,0,168,726,519,3,下位,0,0,0
69,69,0,25,58,0,0,0,998,625,-466,2,下位,0,0,0
173,173,0,238,937,0,1,69,998,625,-466,2,下位,0,69,74
260,260,0,25,60,0,0,0,242,953,171,5,下位,0,0,0
130,130,0,25,60,0,1,260,242,953,171,5,下位,0,260,76
149,149,0,122,461,0,2,390,242,953,171,5,下位,0,130,76
376,376,0,217,792,0,0,0,539,477,-69,2,下位,0,0,0
819,819,0,86,329,0,0,0,376,808,133,5,下位,0,0,0
998,998,0,24,54,0,0,0,819,345,-843,1,下位,0,0,0
139,139,0,128,500,0,1,998,819,345,-843,1,下位,0,998,70
223,223,0,140,510,0,0,0,1137,516,-2091,2,下位,0,0,0
136,136,0,76,258,0,0,0,223,526,-1925,2,下位,0,0,0
140,140,0,25,60,0,0,0,136,274,-1870,1,下位,0,0,0
157,157,0,124,502,0,1,140,136,274,-1870,1,下位,0,140,76
309,309,0,226,823,0,0,0,297,518,-1755,1,下位,0,0,0
139,139,0,84,302,0,0,0,309,839,-1414,4,下位,0,0,0
158,158,0,144,562,0,0,0,139,318,-1320,1,下位,0,0,0
768,768,0,25,58,1,0,0,0,0,1,0,下位,0,0,0
495,495,0,153,604,1,1,768,0,0,1,0,下位,0,768,74
694,694,0,90,324,0,0,0,1263,620,-1342,3,下位,0,0,0
83,83,0,24,56,0,0,0,694,340,-2121,1,下位,0,0,0
972,972,0,124,437,0,1,83,694,340,-2121,1,下位,0,83,72
394,394,0,98,366,0,0,0,1055,453,-3298,2,下位,0,0,0
660,660,0,26,64,0,0,0,394,382,-3551,1,下位,0,0,0
54,54,0,85,337,0,1,660,394,382,-3551,1,下位,0,660,80
215,215,0,23,50,0,0,0,714,353,-4270,1,下位,0,0,0
281,281,0,25,58,0,1,215,714,353,-4270,1,下位,0,215,66
181,181,0,122,546,0,2,496,714,353,-4270,1,下位,0,281,74
220,220,0,25,60,0,0,0,677,562,-4660,1,下位,0,0,0
254,254,0,24,54,0,1,220,677,562,-4660,1,下位,0,220,76
37,37,0,150,630,0,2,474,677,562,-4660,1,下位,0,254,70
480,480,0,84,327,0,0,0,511,646,-4693,2,下位,0,0,0
237,237,0,732,3450,0,0,0,480,343,-5124,1,下位,0,0,0
247,247,0,113,413,0,0,0,237,3466,-2040,7,下位,0,0,0
192,192,0,68,256,0,0,0,247,429,-2009,2,下位,0,0,0
447,447,0,57,187,0,0,0,192,272,-2047,1,下位,0,0,0
367,367,0,92,356,1,0,0,0,0,1,0,下位,0,0,0
361,361,0,25,58,0,0,0,367,372,-219,1,下位,0,0,0
155,155,0,26,64,0,1,361,367,372,-219,1,下位,0,361,74
237,237,0,108,474,0,2,516,367,372,-219,1,下位,0,155,80
243,243,0,24,56,0,0,0,753,490,-789,1,下位,0,0,0
983,983,0,109,445,0,1,243,753,490,-789,1,下位,0,243,72
358,358,0,222,875,0,0,0,1226,461,-2233,1,下位,0,0,0
233,233,0,24,56,0,0,0,358,891,-1919,5,下位,0,0,0
176,176,0,103,435,0,1,233,358,891,-1919,5,下位,0,233,72
205,205,0,79,283,0,0,0,409,451,-2056,1,下位,0,0,0
168,168,0,25,60,0,0,0,205,299,-2088,1,下位,0,0,0
998,998,0,26,62,0,1,168,205,299,-2088,1,下位,0,168,76
156,156,0,125,543,0,2,1166,205,299,-2088,1,下位,0,998,78
49,49,0,26,62,0,0,0,1322,559,-3508,2,下位,0,0,0
999,999,0,922,3984,0,1,49,1322,559,-3508,2,下位,0,49,78
71,71,0,96,414,0,0,0,1048,4000,-1120,15,上位,0,0,0
153,153,0,193,791,1,0,0,0,0,1,0,下位,0,0,0
378,378,0,496,2076,0,0,0,153,807,561,2,下位,0,0,0
371,371,0,26,64,0,0,0,378,2092,2043,11,上位,0,0,0
998,998,0,79,307,0,1,371,378,2092,2043,11,上位,0,371,80
166,166,0,145,594,0,0,0,1369,323,237,1,下位,0,0,0
389,389,0,85,331,0,0,0,166,610,579,2,下位,0,0,0
130,130,0,111,420,0,0,0,389,347,299,1,下位,0,0,0
933,933,0,247,1141,0,0,0,130,436,525,2,下位,0,0,0
73,73,0,25,58,0,0,0,933,1157,177,1,下位,0,0,0
183,183,0,24,52,0,1,73,933,1157,177,1,下位,0,73,74
369,369,0,605,2888,0,2,256,933,1157,177,1,下位,0,183,68
172,172,0,24,54,0,0,0,625,2904,2215,3,下位,0,0,0
66,66,0,187,811,0,1,172,625,2904,2215,3,下位,0,172,70
203,203,0,94,349,1,0,0,0,0,1,0,下位,0,0,0
152,152,0,76,287,0,0,0,203,365,39,1,下位,0,0,0
141,141,0,84,314,0,0,0,152,303,97,1,下位,0,0,0
379,379,0,119,511,0,0,0,141,330,200,1,下位,0,0,0
978,978,0,125,533,0,0,0,379,527,116,2,下位,0,0,0
174,174,0,25,58,0,0,0,978,549,-912,2,下位,0,0,0
136,136,0,25,60,0,1,174,978,549,-912,2,下位,0,174,74
189,189,0,112,473,0,2,310,978,549,-912,2,下位,0,136,76
181,181,0,19,28,0,0,0,499,489,-1078,2,下位,0,0,0
136,136,0,199,930,0,1,181,499,489,-1078,2,下位,0,181,44
356,356,0,21,39,0,0,0,317,946,-599,1,下位,0,0,0
139,139,0,25,60,0,1,356,317,946,-599,1,下位,0,356,55
93,93,0,26,62,0,2,495,317,946,-599,1,下位,0,139,76
518,518,0,25,60,0,3,588,317,946,-599,1,下位,0,93,78
181,181,0,181,842,0,4,1106,317,946,-599,1,下位,0,518,76
637,637,0,427,1709,0,0,0,1287,858,-1532,1,下位,0,0,0
365,365,0,1007,4770,0,0,0,637,1725,-834,7,下位,0,0,0
381,381,0,151,554,0,0,0,365,4786,482,7,下位,0,0,0
943,943,0,195,757,1,0,0,0,0,1,0,下位,0,0,0
156,156,0,26,62,0,0,0,943,773,-747,4,下位,0,0,0
58,58,0,198,873,0,1,156,943,773,-747,4,下位,0,156,78
379,379,0,25,58,0,0,0,214,889,-126,3,下位,0,0,0
185,185,0,26,62,0,1,379,214,889,-126,3,下位,0,379,74
540,540,0,24,54,0,2,564,214,889,-126,3,下位,0,185,78
1001,1001,0,24,56,0,3,1104,214,889,-126,3,下位,0,540,70
155,155,0,126,520,0,4,2105,214,889,-126,3,下位,0,1001,72
102,102,0,614,2769,0,0,0,2260,536,-2942,2,下位,0,0,0
622,622,0,25,60,0,0,0,102,2785,-322,7,下位,0,0,0
392,392,0,109,421,0,1,622,102,2785,-322,7,下位,0,622,76
187,187,0,21,39,0,0,0,1014,437,-1444,1,下位,0,0,0
438,438,0,622,3023,0,1,187,1014,437,-1444,1,下位,0,187,55
251,251,0,26,62,0,0,0,625,3039,642,2,下位,0,0,0
141,141,0,25,60,0,1,251,625,3039,642,2,下位,0,251,78
163,163,0,124,537,0,2,392,625,3039,642,2,下位,0,141,76
94,94,0,142,597,0,0,0,555,553,453,2,下位,0,0,0
162,162,0,25,58,0,0,0,94,613,914,2,下位,0,0,0
376,376,0,164,604,0,1,162,94,613,914,2,下位,0,162,74
121,121,0,19,30,1,0,0,0,0,1,0,下位,0,0,0
536,536,0,118,481,1,1,121,0,0,1,0,下位,0,121,46
313,313,0,24,54,0,0,0,657,497,-516,2,下位,0,0,0
404,404,0,24,56,0,1,313,657,497,-516,2,下位,0,313,70
141,141,0,249,1061,0,2,717,657,497,-516,2,下位,0,404,72
378,378,0,121,445,0,0,0,858,1077,-681,3,下位,0,0,0
138,138,0,101,399,0,0,0,378,461,-830,2,下位,0,0,0
291,291,0,25,58,0,0,0,138,415,-638,1,下位,0,0,0
518,518,0,843,3969,0,1,291,138,415,-638,1,下位,0,291,74
394,394,0,25,60,0,0,0,809,3985,2117,6,下位,0,0,0
741,741,0,22,43,0,1,394,809,3985,2117,6,下位,0,394,76
37,37,0,110,486,0,2,1135,809,3985,2117,6,下位,0,741,59
363,363,0,241,1034,0,0,0,1172,502,863,1,下位,0,0,0
130,130,0,89,379,0,0,0,363,1050,1328,4,下位,0,0,0
140,140,0,26,62,0,0,0,130,395,1513,1,下位,0,0,0
356,356,0,187,742,0,1,140,130,395,1513,1,下位,0,140,78
371,371,0,143,559,0,0,0,496,758,1549,3,下位,0,0,0
700,700,0,120,497,0,0,0,371,575,1526,2,下位,0,0,0
178,178,0,26,64,0,0,0,700,513,910,1,下位,0,0,0
44,44,0,134,579,0,1,178,700,513,910,1,下位,0,178,80
107,107,0,28,76,0,0,0,222,595,1227,2,下位,0,0,0
21,21,0,264,1073,0,1,107,222,595,1227,2,下位,0,107,92
92,92,0,24,54,1,0,0,0,0,1,0,下位,0,0,0
95,95,0,26,62,1,1,92,0,0,1,0,下位,0,92,70
212,212,0,149,626,1,2,187,0,0,1,0,下位,0,95,78
48,48,0,76,274,0,0,0,399,642,147,2,下位,0,0,0
162,162,0,22,45,0,0,0,48,290,360,1,下位,0,0,0
317,317,0,151,663,0,1,162,48,290,360,1,下位,0,162,61
360,360,0,26,62,0,0,0,479,679,328,2,下位,0,0,0
85,85,0,26,64,0,1,360,479,679,328,2,下位,0,360,78
415,415,0,182,818,0,2,445,479,679,328,2,下位,0,85,80
107,107,0,95,384,0,0,0,860,834,-67,2,下位,0,0,0
427,427,0,58,213,0,0,0,107,400,160,1,下位,0,0,0
408,408,0,25,60,0,0,0,427,229,-300,1,下位,0,0,0
714,714,0,97,358,0,1,408,427,229,-300,1,下位,0,408,76
697,697,0,26,62,0,0,0,1122,374,-1660,2,下位,0,0,0
336,336,0,86,331,0,1,697,1122,374,-1660,2,下位,0,697,78
641,641,0,24,54,0,0,0,1033,347,-2901,1,下位,0,0,0
170,170,0,124,448,0,1,641,1033,347,-2901,1,下位,0,641,70
87,87,0,117,499,1,0,0,0,0,1,0,下位,0,0,0
332,332,0,63,229,0,0,0,87,515,376,2,下位,0,0,0
102,102,0,25,60,0,0,0,332,245,86,1,下位,0,0,0
275,275,0,99,380,0,1,102,332,245,86,1,下位,0,102,76
358,358,0,90,324,0,0,0,377,396,-51,1,下位,0,0,0
819,819,0,153,579,0,0,0,358,340,-288,1,下位,0,0,0
221,221,0,184,684,0,0,0,819,595,-1014,2,下位,0,0,0
280,280,0,100,418,0,0,0,221,700,-670,3,下位,0,0,0
406,406,0,91,342,0,0,0,280,434,-688,1,下位,0,0,0
68,68,0,184,712,0,0,0,406,358,-985,1,下位,0,0,0
273,273,0,80,297,0,0,0,68,728,-367,4,下位,0,0,0
236,236,0,209,829,0,0,0,273,313,-494,1,下位,0,0,0
355,355,0,113,484,1,0,0,0,0,1,0,下位,0,0,0
163,163,0,64,209,0,0,0,355,500,-72,2,下位,0,0,0
347,347,0,422,1893,0,0,0,163,225,-110,1,下位,0,0,0
446,446,0,67,243,0,0,0,347,1909,1239,4,下位,0,0,0
417,417,0,86,360,0,0,0,446,259,779,1,下位,0,0,0
998,998,0,26,62,0,0,0,417,376,482,1,下位,0,0,0
243,243,0,25,60,0,1,998,417,376,482,1,下位,0,998,78
363,363,0,25,58,0,2,1241,417,376,482,1,下位,0,243,76
268,268,0,84,315,0,3,1604,417,376,482,1,下位,0,363,74
998,998,0,111,402,0,0,0,1872,331,-1979,1,下位,0,0,0
350,350,0,25,60,0,0,0,998,418,-3171,2,下位,0,0,0
249,249,0,25,60,0,1,350,998,418,-3171,2,下位,0,350,76
69,69,0,171,731,0,2,599,998,418,-3171,2,下位,0,249,76
148,148,0,25,58,0,0,0,668,747,-3350,1,下位,0,0,0
407,407,0,72,270,0,1,148,668,747,-3350,1,下位,0,148,74
380,380,0,178,777,0,0,0,555,286,-3885,1,下位,0,0,0
180,180,0,1022,4785,0,0,0,380,793,-3705,3,下位,0,0,0
123,123,0,92,350,1,0,0,0,0,1,0,下位,0,0,0
195,195,0,24,54,0,0,0,123,366,169,2,下位,0,0,0
165,165,0,26,62,0,1,195,123,366,169,2,下位,0,195,70
293,293,0,235,976,0,2,360,123,366,169,2,下位,0,165,78
841,841,0,436,1911,0,0,0,653,992,255,4,下位,0,0,0
138,138,0,24,54,0,0,0,841,1927,826,3,下位,0,0,0
947,947,0,25,58,0,1,138,841,1927,826,3,下位,0,138,70
134,134,0,26,62,0,2,1085,841,1927,826,3,下位,0,947,74
282,282,0,25,60,0,3,1219,841,1927,826,3,下位,0,134,78
155,155,0,90,382,0,4,1501,841,1927,826,3,下位,0,282,76
360,360,0,26,62,0,0,0,1656,398,-1150,1,下位,0,0,0
621,621,0,25,60,0,1,360,1656,398,-1150,1,下位,0,360,78
109,109,0,119,473,0,2,981,1656,398,-1150,1,下位,0,621,76
21,21,0,172,733,0,0,0,1090,489,-2266,2,下位,0,0,0
702,702,0,26,64,0,0,0,21,749,-1551,2,下位,0,0,0
79,79,0,259,1167,0,1,702,21,749,-1551,2,下位,0,702,80
353,353,0,101,388,0,0,0,781,1183,-1547,1,下位,0,0,0
341,341,0,752,3471,1,0,0,0,0,1,0,下位,0,0,0
606,606,0,25,58,0,0,0,341,3487,519,6,下位,0,0,0
152,152,0,92,373,0,1,606,341,3487,519,6,下位,0,606,74
115,115,0,123,448,0,0,0,758,389,-241,1,下位,0,0,0
87,87,0,66,236,0,0,0,115,464,38,2,下位,0,0,0
70,70,0,24,56,0,0,0,87,252,150,1,下位,0,0,0
462,462,0,24,54,0,1,70,87,252,150,1,下位,0,70,72
31,31,0,212,971,0,2,532,87,252,150,1,下位,0,462,70
322,322,0,197,791,0,0,0,563,987,371,2,下位,0,0,0
144,144,0,80,316,0,0,0,322,807,659,3,下位,0,0,0
185,185,0,25,58,0,0,0,144,332,759,1,下位,0,0,0
136,136,0,126,469,0,1,185,144,332,759,1,下位,0,185,74
158,158,0,26,62,0,0,0,321,485,800,2,下位,0,0,0
144,144,0,25,58,0,1,158,321,485,800,2,下位,0,158,78
322,322,0,128,509,0,2,302,321,485,800,2,下位,0,144,74
144,144,0,25,60,0,0,0,624,525,471,2,下位,0,0,0
356,356,0,26,62,0,1,144,624,525,471,2,下位,0,144,76
160,160,0,78,325,0,2,500,624,525,471,2,下位,0,356,78
128,128,0,25,58,0,0,0,660,341,-98,1,下位,0,0,0
998,998,0,23,49,0,1,128,660,341,-98,1,下位,0,128,74
65,65,0,25,60,0,2,1126,660,341,-98,1,下位,0,998,65
213,213,0,115,464,0,3,1191,660,341,-98,1,下位,0,65,76
90,90,0,28,74,0,0,0,1404,480,-1669,1,下位,0,0,0
270,270,0,25,60,0,1,90,1404,480,-1669,1,下位,0,90,90
363,363,0,1254,5767,0,2,360,1404,480,-1669,1,下位,0,270,76
155,155,0,164,688,0,0,0,723,5783,885,11,上位,0,0,0
989,989,0,773,3332,1,0,0,0,0,1,0,下位,0,0,0
145,145,0,63,239,0,0,0,989,3348,1754,12,上位,0,0,0
113,113,0,136,549,0,0,0,145,255,1775,1,下位,0,0,0
478,478,0,25,60,0,0,0,113,565,2158,3,下位,0,0,0
177,177,0,123,470,0,1,478,113,565,2158,3,下位,0,478,76
351,351,0,217,876,0,0,0,655,486,1664,2,下位,0,0,0
404,404,0,242,985,0,0,0,351,892,1990,4,下位,0,0,0
37,37,0,26,62,0,0,0,404,1001,2339,4,下位,0,0,0
170,170,0,168,618,0,1,37,404,1001,2339,4,下位,0,37,78
359,359,0,128,553,0,0,0,207,634,300,3,下位,0,0,0
168,168,0,89,318,0,0,0,359,569,290,1,下位,0,0,0
167,167,0,132,571,0,0,0,168,334,353,1,下位,0,0,0
998,998,0,85,362,0,0,0,167,587,671,1,下位,0,0,0
154,154,0,26,64,0,0,0,998,378,-561,1,下位,0,0,0
330,330,0,256,935,0,1,154,998,378,-561,1,下位,0,154,80
267,267,0,190,822,1,0,0,0,0,1,0,下位,0,0,0
708,708,0,94,408,0,0,0,267,838,408,3,下位,0,0,0
569,569,0,108,355,0,0,0,708,424,-310,1,下位,0,0,0
229,229,0,135,536,0,0,0,569,371,-857,2,下位,0,0,0
513,513,0,25,58,0,0,0,229,552,-674,2,下位,0,0,0
333,333,0,146,546,0,1,513,229,552,-674,2,下位,0,513,74
138,138,0,116,437,0,0,0,846,562,-1403,3,下位,0,0,0
619,619,0,25,58,0,0,0,138,453,-1173,2,下位,0,0,0
346,346,0,25,58,0,1,619,138,453,-1173,2,下位,0,619,74
352,352,0,118,450,0,2,965,138,453,-1173,2,下位,0,346,74
140,140,0,114,386,0,0,0,1317,466,-2684,2,下位,0,0,0
49,49,0,168,613,0,0,0,140,402,-2508,2,下位,0,0,0
74,74,0,25,60,0,0,0,49,629,-1958,4,下位,0,0,0
226,226,0,211,928,0,1,74,49,629,-1958,4,下位,0,74,76
159,159,0,269,1132,0,0,0,300,944,-1422,3,下位,0,0,0
136,136,0,26,62,0,0,0,159,1148,-530,3,下位,0,0,0
134,134,0,77,271,0,1,136,159,1148,-530,3,下位,0,136,78
161,161,0,270,1246,0,0,0,270,287,-600,1,下位,0,0,0
162,162,0,25,58,0,0,0,161,1262,402,1,下位,0,0,0
472,472,0,25,60,0,1,162,161,1262,402,1,下位,0,162,74
693,693,0,26,64,0,2,634,161,1262,402,1,下位,0,472,76
166,166,0,108,371,0,3,1327,161,1262,402,1,下位,0,693,80
314,314,0,23,47,1,0,0,0,0,1,0,下位,0,0,0
698,698,0,25,58,1,1,314,0,0,1,0,下位,0,314,63
702,702,0,95,406,1,2,1012,0,0,1,0,下位,0,698,74
169,169,0,24,54,0,0,0,1714,422,-2205,1,下位,0,0,0
531,531,0,26,62,0,1,169,1714,422,-2205,1,下位,0,169,70
195,195,0,92,397,0,2,700,1714,422,-2205,1,下位,0,531,78
483,483,0,367,1746,0,0,0,895,413,-3089,1,下位,0,0,0
353,353,0,24,56,0,0,0,483,1762,-2106,1,下位,0,0,0
686,686,0,121,492,0,1,353,483,1762,-2106,1,下位,0,353,72
216,216,0,103,408,0,0,0,1039,508,-3201,1,下位,0,0,0
143,143,0,26,62,0,0,0,216,424,-3125,1,下位,0,0,0
351,351,0,156,624,0,1,143,216,424,-3125,1,下位,0,143,78
375,375,0,71,255,0,0,0,494,640,-3204,3,下位,0,0,0
175,175,0,86,306,1,0,0,0,0,1,0,下位,0,0,0
394,394,0,197,772,0,0,0,175,322,41,1,下位,0,0,0
690,690,0,26,62,0,0,0,394,788,194,4,下位,0,0,0
83,83,0,114,440,0,1,690,394,788,194,4,下位,0,690,78
691,691,0,26,62,0,0,0,773,456,-519,1,下位,0,0,0
236,236,0,26,62,0,1,691,773,456,-519,1,下位,0,691,78
358,358,0,127,463,0,2,927,773,456,-519,1,下位,0,236,78
360,360,0,24,56,0,0,0,1285,479,-1957,2,下位,0,0,0
693,693,0,118,471,0,1,360,1285,479,-1957,2,下位,0,360,72
307,307,0,1079,5098,0,0,0,1053,487,-3097,1,下位,0,0,0
325,325,0,180,780,0,0,0,307,5114,1522,8,上位,0,0,0
361,361,0,25,58,0,0,0,325,796,1794,2,下位,0,0,0
169,169,0,25,60,0,1,361,325,796,1794,2,下位,0,361,74
601,601,0,120,536,0,2,530,325,796,1794,2,下位,0,169,76
999,999,0,168,727,0,0,0,1131,552,672,1,下位,0,0,0
659,659,0,25,60,1,0,0,0,0,1,0,下位,0,0,0
228,228,0,25,60,1,1,659,0,0,1,0,下位,0,659,76
998,998,0,76,264,1,2,887,0,0,1,0,下位,0,228,76
137,137,0,162,609,0,0,0,1885,280,-2608,1,下位,0,0,0
104,104,0,25,60,0,0,0,137,625,-2204,3,下位,0,0,0
136,136,0,77,289,0,1,104,137,625,-2204,3,下位,0,104,76
179,179,0,26,64,0,0,0,240,305,-2210,1,下位,0,0,0
127,127,0,137,565,0,1,179,240,305,-2210,1,下位,0,179,80
102,102,0,25,60,0,0,0,306,581,-2043,1,下位,0,0,0
157,157,0,92,368,0,1,102,306,581,-2043,1,下位,0,102,76
704,704,0,189,845,0,0,0,259,384,-2001,1,下位,0,0,0
76,76,0,25,60,0,0,0,704,861,-2275,2,下位,0,0,0
999,999,0,24,54,0,1,76,704,861,-2275,2,下位,0,76,76
201,201,0,23,49,0,2,1075,704,861,-2275,2,下位,0,999,70
110,110,0,134,568,0,3,1276,704,861,-2275,2,下位,0,201,65
352,352,0,23,49,0,0,0,1386,584,-3715,1,下位,0,0,0
275,275,0,26,62,0,1,352,1386,584,-3715,1,下位,0,352,65
163,163,0,1735,8246,0,2,627,1386,584,-3715,1,下位,0,275,78
490,490,0,445,1815,1,0,0,0,0,1,0,下位,0,0,0
143,143,0,97,418,0,0,0,490,1831,1042,8,上位,0,0,0
194,194,0,114,461,0,0,0,143,434,1245,1,下位,0,0,0
603,603,0,24,54,0,0,0,194,477,1409,2,下位,0,0,0
171,171,0,112,409,0,1,603,194,477,1409,2,下位,0,603,70
327,327,0,116,471,0,0,0,774,425,655,2,下位,0,0,0
51,51,0,145,500,0,0,0,327,487,615,2,下位,0,0,0
702,702,0,120,491,0,0,0,51,516,1049,4,下位,0,0,0
102,102,0,80,274,0,0,0,702,507,424,2,下位,0,0,0
37,37,0,25,60,0,0,0,102,290,549,1,下位,0,0,0
112,112,0,26,62,0,1,37,102,290,549,1,下位,0,37,76
66,66,0,76,314,0,2,149,102,290,549,1,下位,0,112,78
323,323,0,26,64,0,0,0,215,330,686,1,下位,0,0,0
262,262,0,70,268,0,1,323,215,330,686,1,下位,0,323,80
486,486,0,74,274,0,0,0,585,284,106,1,下位,0,0,0
648,648,0,25,60,0,0,0,486,290,-388,1,下位,0,0,0
132,132,0,87,337,0,1,648,486,290,-388,1,下位,0,648,76
170,170,0,158,658,0,0,0,780,353,-1217,1,下位,0,0,0
137,137,0,202,882,0,0,0,170,674,-817,3,下位,0,0,0
88,88,0,90,328,0,0,0,137,898,-140,1,下位,0,0,0
128,128,0,524,2541,0,0,0,88,344,62,1,下位,0,0,0
102,102,0,109,419,1,0,0,0,0,1,0,下位,0,0,0
151,151,0,25,60,0,0,0,102,435,271,2,下位,0,0,0
349,349,0,251,1189,0,1,151,102,435,271,2,下位,0,151,76
92,92,0,23,50,0,0,0,500,1205,745,1,下位,0,0,0
165,165,0,25,58,0,1,92,500,1205,745,1,下位,0,92,66
234,234,0,133,504,0,2,257,500,1205,745,1,下位,0,165,74
430,430,0,26,62,0,0,0,491,520,613,2,下位,0,0,0
141,141,0,202,910,0,1,430,491,520,613,2,下位,0,430,78
681,681,0,24,56,0,0,0,571,926,696,1,下位,0,0,0
375,375,0,24,52,0,1,681,571,926,696,1,下位,0,681,72
97,97,0,114,445,0,2,1056,571,926,696,1,下位,0,375,68
32,32,0,146,598,0,0,0,1153,461,-563,1,下位,0,0,0
110,110,0,278,1282,0,0,0,32,614,-1,2,下位,0,0,0
361,361,0,26,62,0,0,0,110,1298,1120,1,下位,0,0,0
178,178,0,109,417,0,1,361,110,1298,1120,1,下位,0,361,78
501,501,0,140,496,0,0,0,539,433,762,2,下位,0,0,0
92,92,0,27,70,0,0,0,501,512,466,3,下位,0,0,0
153,153,0,197,807,0,1,92,501,512,466,3,下位,0,92,86
353,353,0,755,3585,0,0,0,245,823,979,4,下位,0,0,0
338,338,0,147,569,0,0,0,353,3601,1798,5,下位,0,0,0
601,601,0,190,765,0,0,0,338,585,1838,3,下位,0,0,0
297,297,0,25,58,1,0,0,0,0,1,0,下位,0,0,0
157,157,0,26,62,1,1,297,0,0,1,0,下位,0,297,74
442,442,0,25,58,1,2,454,0,0,1,0,下位,0,157,78
96,96,0,139,532,1,3,896,0,0,1,0,下位,0,442,74
211,211,0,91,330,0,0,0,992,548,-825,3,下位,0,0,0
148,148,0,27,68,0,0,0,211,346,-819,1,下位,0,0,0
368,368,0,26,62,0,1,148,211,346,-819,1,下位,0,148,84
75,75,0,85,317,0,2,516,211,346,-819,1,下位,0,368,78
257,257,0,113,397,0,0,0,591,333,-1278,1,下位,0,0,0
356,356,0,85,307,0,0,0,257,413,-1280,2,下位,0,0,0
157,157,0,90,320,0,0,0,356,323,-1531,1,下位,0,0,0
155,155,0,82,300,0,0,0,157,336,-1448,1,下位,0,0,0
35,35,0,143,505,0,0,0,155,316,-1382,1,下位,0,0,0
118,118,0,186,801,0,0,0,35,521,-917,3,下位,0,0,0
125,125,0,141,558,0,0,0,118,817,-290,1,下位,0,0,0
102,102,0,25,60,0,0,0,125,574,82,3,下位,0,0,0
998,998,0,139,489,0,1,102,125,574,82,3,下位,0,102,76
331,331,0,104,352,0,0,0,1100,505,-1112,3,下位,0,0,0
251,251,0,26,62,0,0,0,331,368,-1278,2,下位,0,0,0
168,168,0,93,346,0,1,251,331,368,-1278,2,下位,0,251,78
164,164,0,153,594,0,0,0,419,362,-1514,1,下位,0,0,0
415,415,0,26,62,0,0,0,164,610,-1169,2,下位,0,0,0
138,138,0,25,58,0,1,415,164,610,-1169,2,下位,0,415,78
575,575,0,210,893,0,2,553,164,610,-1169,2,下位,0,138,74
127,127,0,20,33,1,0,0,0,0,1,0,下位,0,0,0
534,534,0,23,47,1,1,127,0,0,1,0,下位,0,127,49
376,376,0,24,56,1,2,661,0,0,1,0,下位,0,534,63
190,190,0,163,580,1,3,1037,0,0,1,0,下位,0,376,72
135,135,0,224,908,0,0,0,1227,596,-1198,4,下位,0,0,0
359,359,0,101,382,0,0,0,135,924,-492,3,下位,0,0,0
224,224,0,23,47,0,0,0,359,398,-673,2,下位,0,0,0
697,697,0,81,282,0,1,224,359,398,-673,2,下位,0,224,63
278,278,0,26,62,0,0,0,921,298,-1797,1,下位,0,0,0
952,952,0,113,424,0,1,278,921,298,-1797,1,下位,0,278,78
219,219,0,605,2704,0,0,0,1230,440,-3263,2,下位,0,0,0
225,225,0,24,54,0,0,0,219,2720,-896,7,下位,0,0,0
683,683,0,147,596,0,1,225,219,2720,-896,7,下位,0,225,70
714,714,0,23,49,0,0,0,908,612,-1679,2,下位,0,0,0
315,315,0,80,299,0,1,714,908,612,-1679,2,下位,0,714,65
394,394,0,191,684,0,0,0,1029,315,-2959,1,下位,0,0,0
643,643,0,106,465,1,0,0,0,0,1,0,下位,0,0,0
384,384,0,23,47,0,0,0,643,481,-555,1,下位,0,0,0
385,385,0,113,432,0,1,384,643,481,-555,1,下位,0,384,63
97,97,0,172,792,0,0,0,769,448,-1284,2,下位,0,0,0
998,998,0,24,54,0,0,0,97,808,-632,1,下位,0,0,0
190,190,0,213,864,0,1,998,97,808,-632,1,下位,0,998,70
998,998,0,26,62,0,0,0,1188,880,-1598,4,下位,0,0,0
363,363,0,106,350,0,1,998,1188,880,-1598,4,下位,0,998,78
158,158,0,21,38,0,0,0,1361,366,-3349,2,下位,0,0,0
172,172,0,24,56,0,1,158,1361,366,-3349,2,下位,0,158,54
357,357,0,100,324,0,2,330,1361,366,-3349,2,下位,0,172,72
159,159,0,26,64,0,0,0,687,340,-3992,2,下位,0,0,0
359,359,0,25,58,0,1,159,687,340,-3992,2,下位,0,159,80
692,692,0,155,590,0,2,518,687,340,-3992,2,下位,0,359,74
139,139,0,25,60,1,0,0,0,0,1,0,下位,0,0,0
165,165,0,91,388,1,1,139,0,0,1,0,下位,0,139,76
125,125,0,26,62,0,0,0,304,404,-9,1,下位,0,0,0
524,524,0,74,249,0,1,125,304,404,-9,1,下位,0,125,78
153,153,0,24,56,0,0,0,649,265,-713,1,下位,0,0,0
135,135,0,112,478,0,1,153,649,265,-713,1,下位,0,153,72
696,696,0,19,31,0,0,0,288,494,-612,1,下位,0,0,0
159,159,0,133,522,0,1,696,288,494,-612,1,下位,0,696,47
146,146,0,25,60,0,0,0,855,538,-1406,3,下位,0,0,0
140,140,0,26,62,0,1,146,855,538,-1406,3,下位,0,146,76
136,136,0,89,380,0,2,286,855,538,-1406,3,下位,0,140,78
564,564,0,26,62,0,0,0,422,396,-1537,1,下位,0,0,0
378,378,0,24,56,0,1,564,422,396,-1537,1,下位,0,564,78
851,851,0,146,665,0,2,942,422,396,-1537,1,下位,0,378,72
991,991,0,107,430,0,0,0,1793,681,-3599,1,下位,0,0,0
271,271,0,170,597,0,0,0,991,446,-4751,2,下位,0,0,0
251,251,0,88,316,0,0,0,271,613,-4575,4,下位,0,0,0
112,112,0,182,655,0,0,0,251,332,-4648,1,下位,0,0,0
64,64,0,120,506,0,0,0,112,671,-4158,4,下位,0,0,0
14,14,0,121,427,1,0,0,0,0,1,0,下位,0,0,0
129,129,0,71,228,0,0,0,14,443,421,3,下位,0,0,0
264,264,0,25,58,0,0,0,129,244,457,1,下位,0,0,0
994,994,0,175,763,0,1,264,129,244,457,1,下位,0,264,74
998,998,0,95,317,0,0,0,1258,779,-719,1,下位,0,0,0
164,164,0,25,60,0,0,0,998,333,-1996,2,下位,0,0,0
75,75,0,134,494,0,1,164,998,333,-1996,2,下位,0,164,76
183,183,0,25,58,0,0,0,239,510,-1796,2,下位,0,0,0
274,274,0,25,58,0,1,183,239,510,-1796,2,下位,0,183,74
87,87,0,176,814,0,2,457,239,510,-1796,2,下位,0,274,74
75,75,0,79,287,0,0,0,544,830,-1695,1,下位,0,0,0
384,384,0,24,54,0,0,0,75,303,-1513,1,下位,0,0,0
525,525,0,121,503,0,1,384,75,303,-1513,1,下位,0,384,70
150,150,0,19,28,0,0,0,909,519,-2390,1,下位,0,0,0
684,684,0,67,227,0,1,150,909,519,-2390,1,下位,0,150,44
143,143,0,71,253,0,0,0,834,243,-3448,1,下位,0,0,0
356,356,0,167,702,0,0,0,143,269,-3410,1,下位,0,0,0
137,137,0,889,4169,0,0,0,356,718,-3266,2,下位,0,0,0
140,140,0,24,52,1,0,0,0,0,1,0,下位,0,0,0
373,373,0,25,58,1,1,140,0,0,1,0,下位,0,140,68
621,621,0,25,58,1,2,513,0,0,1,0,下位,0,373,74
163,163,0,24,56,1,3,1134,0,0,1,0,下位,0,621,74
138,138,0,387,1692,1,4,1297,0,0,1,0,下位,0,163,72
157,157,0,101,380,0,0,0,1435,1708,-319,3,下位,0,0,0
566,566,0,109,440,0,0,0,157,396,-176,2,下位,0,0,0
998,998,0,25,58,0,0,0,566,456,-633,2,下位,0,0,0
620,620,0,24,52,0,1,998,566,456,-633,2,下位,0,998,74
116,116,0,25,58,0,2,1618,566,456,-633,2,下位,0,620,68
349,349,0,135,511,0,3,1734,566,456,-633,2,下位,0,116,74
103,103,0,199,734,0,0,0,2083,527,-3250,3,下位,0,0,0
364,364,0,75,290,0,0,0,103,750,-2666,4,下位,0,0,0
144,144,0,24,56,0,0,0,364,306,-2947,1,下位,0,0,0
621,621,0,83,321,0,1,144,364,306,-2947,1,下位,0,144,72
178,178,0,104,392,0,0,0,765,337,-3772,1,下位,0,0,0
160,160,0,26,64,0,0,0,178,408,-3651,1,下位,0,0,0
492,492,0,22,43,0,1,160,178,408,-3651,1,下位,0,160,80
361,361,0,121,542,0,2,652,178,408,-3651,1,下位,0,492,59
996,996,0,107,380,0,0,0,1013,558,-4588,1,下位,0,0,0
151,151,0,26,62,1,0,0,0,0,1,0,下位,0,0,0
134,134,0,24,54,1,1,151,0,0,1,0,下位,0,151,78
286,286,0,238,1122,1,2,285,0,0,1,0,下位,0,134,70
162,162,0,25,60,0,0,0,571,1138,366,1,下位,0,0,0
364,364,0,188,757,0,1,162,571,1138,366,1,下位,0,162,76
441,441,0,24,54,0,0,0,526,773,367,3,下位,0,0,0
359,359,0,73,284,0,1,441,526,773,367,3,下位,0,441,70
998,998,0,25,60,0,0,0,800,300,-553,1,下位,0,0,0
198,198,0,26,62,0,1,998,800,300,-553,1,下位,0,998,76
81,81,0,136,578,0,2,1196,800,300,-553,1,下位,0,198,78
265,265,0,84,334,0,0,0,1277,594,-1865,2,下位,0,0,0
374,374,0,78,270,0,0,0,265,350,-1942,1,下位,0,0,0
693,693,0,25,58,0,0,0,374,286,-2259,1,下位,0,0,0
53,53,0,146,511,0,1,693,374,286,-2259,1,下位,0,693,74
230,230,0,24,54,0,0,0,746,527,-2861,3,下位,0,0,0
152,152,0,230,852,0,1,230,746,527,-2861,3,下位,0,230,70
162,162,0,70,227,0,0,0,382,868,-2539,5,下位,0,0,0
158,158,0,25,58,0,0,0,162,243,-2557,1,下位,0,0,0
304,304,0,25,58,0,1,158,162,243,-2557,1,下位,0,158,74
998,998,0,94,405,0,2,462,162,243,-2557,1,下位,0,304,74
239,239,0,191,771,0,0,0,1460,421,-4343,1,下位,0,0,0
373,373,0,690,3158,1,0,0,0,0,1,0,下位,0,0,0
358,358,0,24,52,0,0,0,373,3174,133,6,下位,0,0,0
231,231,0,136,564,0,1,358,373,3174,133,6,下位,0,358,68
163,163,0,24,56,0,0,0,589,580,-170,2,下位,0,0,0
338,338,0,79,266,0,1,163,589,580,-170,2,下位,0,163,72
45,45,0,82,282,0,0,0,501,282,-624,1,下位,0,0,0
170,170,0,26,64,0,0,0,45,298,-399,1,下位,0,0,0
390,390,0,149,599,0,1,170,45,298,-399,1,下位,0,170,80
113,113,0,26,62,0,0,0,560,615,-607,3,下位,0,0,0
150,150,0,25,58,0,1,113,560,615,-607,3,下位,0,113,78
390,390,0,79,301,0,2,263,560,615,-607,3,下位,0,150,74
138,138,0,141,514,0,0,0,653,317,-1191,1,下位,0,0,0
131,131,0,82,326,0,0,0,138,530,-884,3,下位,0,0,0
313,313,0,80,310,0,0,0,131,342,-753,1,下位,0,0,0
169,169,0,78,300,0,0,0,313,326,-932,1,下位,0,0,0
684,684,0,139,593,0,0,0,169,316,-889,1,下位,0,0,0
144,144,0,194,727,0,0,0,684,609,-1383,2,下位,0,0,0
436,436,0,68,262,0,0,0,144,743,-872,3,下位,0,0,0
358,358,0,24,56,0,0,0,436,278,-1297,1,下位,0,0,0
158,158,0,24,56,0,1,358,436,278,-1297,1,下位,0,358,72
286,286,0,26,64,0,2,516,436,278,-1297,1,下位,0,158,72
224,224,0,86,333,0,3,802,436,278,-1297,1,下位,0,286,80
136,136,0,118,497,0,0,0,1026,349,-2379,1,下位,0,0,0
128,128,0,149,638,0,0,0,136,513,-2085,1,下位,0,0,0
117,117,0,131,488,1,0,0,0,0,1,0,下位,0,0,0
83,83,0,174,665,0,0,0,117,504,316,3,下位,0,0,0
117,117,0,82,322,0,0,0,83,681,863,3,下位,0,0,0
392,392,0,26,66,0,0,0,117,338,1012,1,下位,0,0,0
698,698,0,178,771,0,1,392,117,338,1012,1,下位,0,392,82
61,61,0,70,223,0,0,0,1090,787,123,2,下位,0,0,0
225,225,0,88,327,0,0,0,61,239,264,1,下位,0,0,0
78,78,0,76,301,0,0,0,225,343,244,1,下位,0,0,0
360,360,0,25,58,0,0,0,78,317,435,1,下位,0,0,0
970,970,0,25,58,0,1,360,78,317,435,1,下位,0,360,74
180,180,0,25,58,0,2,1330,78,317,435,1,下位,0,970,74
376,376,0,26,64,0,3,1510,78,317,435,1,下位,0,180,74
998,998,0,26,64,0,4,1886,78,317,435,1,下位,0,376,80
164,164,0,102,428,0,5,2884,78,317,435,1,下位,0,998,80
172,172,0,166,686,0,0,0,3048,444,-3657,1,下位,0,0,0
203,203,0,128,498,0,0,0,172,702,-3232,3,下位,0,0,0
103,103,0,25,58,0,0,0,203,514,-3045,2,下位,0,0,0
274,274,0,27,70,0,1,103,203,514,-3045,2,下位,0,103,74
715,715,0,146,561,0,2,377,203,514,-3045,2,下位,0,274,86
173,173,0,76,287,0,0,0,1092,577,-4069,2,下位,0,0,0
338,338,0,55,174,0,0,0,173,303,-4045,1,下位,0,0,0
138,138,0,26,62,1,0,0,0,0,1,0,下位,0,0,0
205,205,0,26,65,1,1,138,0,0,1,0,下位,0,138,78
48,48,0,26,62,1,2,343,0,0,1,0,下位,0,205,81
379,379,0,134,532,1,3,391,0,0,1,0,下位,0,48,78
435,435,0,26,62,0,0,0,770,548,-457,2,下位,0,0,0
500,500,0,26,62,0,1,435,770,548,-457,2,下位,0,435,78
359,359,0,88,374,0,2,935,770,548,-457,2,下位,0,500,78
296,296,0,177,678,0,0,0,1294,390,-1999,1,下位,0,0,0
976,976,0,24,56,0,0,0,296,694,-1782,3,下位,0,0,0
272,272,0,145,580,0,1,976,296,694,-1782,3,下位,0,976,72
46,46,0,143,498,0,0,0,1248,596,-3127,2,下位,0,0,0
205,205,0,132,557,0,0,0,46,514,-2687,3,下位,0,0,0
519,519,0,176,758,0,0,0,205,573,-2445,2,下位,0,0,0
359,359,0,24,56,0,0,0,519,774,-2508,2,下位,0,0,0
237,237,0,891,4189,0,1,359,519,774,-2508,2,下位,0,359,72
136,136,0,22,46,0,0,0,596,4205,808,8,上位,0,0,0
166,166,0,24,56,0,1,136,596,4205,808,8,上位,0,136,62
148,148,0,26,62,0,2,302,596,4205,808,8,上位,0,166,72
455,455,0,65,203,0,3,450,596,4205,808,8,上位,0,148,78
973,973,0,25,60,1,0,0,0,0,1,0,下位,0,0,0
255,255,0,25,60,1,1,973,0,0,1,0,下位,0,973,76
165,165,0,281,1184,1,2,1228,0,0,1,0,下位,0,255,76
367,367,0,66,246,0,0,0,1393,1200,-893,3,下位,0,0,0
91,91,0,156,591,0,0,0,367,262,-1223,1,下位,0,0,0
428,428,0,26,62,0,0,0,91,607,-763,2,下位,0,0,0
357,357,0,26,62,0,1,428,91,607,-763,2,下位,0,428,78
212,212,0,91,388,0,2,785,91,607,-763,2,下位,0,357,78
74,74,0,21,37,0,0,0,997,404,-1811,1,下位,0,0,0
163,163,0,25,58,0,1,74,997,404,-1811,1,下位,0,74,53
139,139,0,24,54,0,2,237,997,404,-1811,1,下位,0,163,74
362,362,0,66,250,0,3,376,997,404,-1811,1,下位,0,139,70
592,592,0,123,483,0,0,0,738,266,-2538,1,下位,0,0,0
69,69,0,25,58,0,0,0,592,499,-2994,2,下位,0,0,0
106,106,0,24,54,0,1,69,592,499,-2994,2,下位,0,69,74
320,320,0,25,58,0,2,175,592,499,-2994,2,下位,0,106,70
681,681,0,149,616,0,3,495,592,499,-2994,2,下位,0,320,74
230,230,0,220,992,0,0,0,1176,632,-4040,2,下位,0,0,0
78,78,0,1161,5612,0,0,0,230,1008,-3403,2,下位,0,0,0
126,126,0,138,554,0,0,0,78,5628,2099,4,下位,0,0,0
100,100,0,115,415,0,0,0,126,570,121,2,下位,0,0,0
376,376,0,123,505,0,0,0,100,431,391,2,下位,0,0,0
349,349,0,921,4127,1,0,0,0,0,1,0,下位,0,0,0
153,153,0,26,64,0,0,0,349,4143,3581,8,上位,0,0,0
686,686,0,24,56,0,1,153,349,4143,3581,8,上位,0,153,80
681,681,0,25,60,0,2,839,349,4143,3581,8,上位,0,686,72
136,136,0,25,60,0,3,1520,349,4143,3581,8,上位,0,681,76
363,363,0,25,58,0,4,1656,349,4143,3581,8,上位,0,136,76
113,113,0,162,742,0,5,2019,349,4143,3581,8,上位,0,363,74
124,124,0,80,285,0,0,0,2132,758,1277,1,下位,0,0,0
116,116,0,26,64,0,0,0,124,301,1378,1,下位,0,0,0
104,104,0,136,582,0,1,116,124,301,1378,1,下位,0,116,80
232,232,0,185,741,0,0,0,220,598,1701,2,下位,0,0,0
165,165,0,71,276,0,0,0,232,757,2084,4,下位,0,0,0
51,51,0,26,62,0,0,0,165,292,2110,1,下位,0,0,0
141,141,0,25,58,0,1,51,165,292,2110,1,下位,0,51,78
167,167,0,594,2788,0,2,192,165,292,2110,1,下位,0,141,74
364,364,0,26,62,0,0,0,359,2804,417,4,下位,0,0,0
126,126,0,68,225,0,1,364,359,2804,417,4,下位,0,364,78
615,615,0,24,52,0,0,0,490,241,-54,1,下位,0,0,0
168,168,0,26,64,0,1,615,490,241,-54,1,下位,0,615,68
294,294,0,117,518,0,2,783,490,241,-54,1,下位,0,168,80
117,117,0,24,56,0,0,0,1077,534,-1109,1,下位,0,0,0
230,230,0,290,1303,0,1,117,1077,534,-1109,1,下位,0,117,72
127,127,0,143,612,0,0,0,347,1319,-278,2,下位,0,0,0
181,181,0,26,64,0,0,0,127,628,145,2,下位,0,0,0
217,217,0,26,62,0,1,181,127,628,145,2,下位,0,181,80
162,162,0,92,357,0,2,398,127,628,145,2,下位,0,217,78
34,34,0,89,324,0,0,0,560,373,-227,1,下位,0,0,0
291,291,0,137,540,0,0,0,34,340,58,1,下位,0,0,0
204,204,0,128,485,1,0,0,0,0,1,0,下位,0,0,0
575,575,0,25,60,0,0,0,204,501,173,2,下位,0,0,0
138,138,0,25,58,0,1,575,204,501,173,2,下位,0,575,76
106,106,0,131,526,0,2,713,204,501,173,2,下位,0,138,74
190,190,0,75,287,0,0,0,819,542,-457,2,下位,0,0,0
358,358,0,75,259,0,0,0,190,303,-460,1,下位,0,0,0
616,616,0,76,254,0,0,0,358,275,-762,1,下位,0,0,0
88,88,0,25,60,0,0,0,616,270,-1486,1,下位,0,0,0
370,370,0,26,64,0,1,88,616,270,-1486,1,下位,0,88,76
349,349,0,23,47,0,2,458,616,270,-1486,1,下位,0,370,80
268,268,0,25,58,0,3,807,616,270,-1486,1,下位,0,349,63
153,153,0,127,568,0,4,1075,616,270,-1486,1,下位,0,268,74
106,106,0,166,652,0,0,0,1228,584,-2590,1,下位,0,0,0
620,620,0,68,254,0,0,0,106,668,-2093,3,下位,0,0,0
110,110,0,26,62,1,0,0,0,0,1,0,下位,0,0,0
360,360,0,153,579,1,1,110,0,0,1,0,下位,0,110,78
795,795,0,143,592,0,0,0,470,595,-85,2,下位,0,0,0
910,910,0,465,1991,0,0,0,795,608,-759,2,下位,0,0,0
69,69,0,25,58,0,0,0,910,2007,-220,5,下位,0,0,0
144,144,0,70,258,0,1,69,910,2007,-220,5,下位,0,69,74
447,447,0,217,813,0,0,0,213,274,-215,1,下位,0,0,0
170,170,0,122,543,0,0,0,447,829,-107,5,下位,0,0,0
161,161,0,87,315,0,0,0,170,559,178,1,下位,0,0,0
95,95,0,26,62,0,0,0,161,331,249,1,下位,0,0,0
157,157,0,25,58,0,1,95,161,331,249,1,下位,0,95,78
350,350,0,123,529,0,2,252,161,331,249,1,下位,0,157,74
159,159,0,66,244,0,0,0,602,545,-25,2,下位,0,0,0
215,215,0,26,64,0,0,0,159,260,-21,1,下位,0,0,0
288,288,0,25,58,0,1,215,159,260,-21,1,下位,0,215,80
280,280,0,77,294,0,2,503,159,260,-21,1,下位,0,288,74
246,246,0,124,472,1,0,0,0,0,1,0,下位,0,0,0
182,182,0,138,581,0,0,0,246,488,92,2,下位,0,0,0
592,592,0,25,58,0,0,0,182,597,395,1,下位,0,0,0
133,133,0,65,242,0,1,592,182,597,395,1,下位,0,592,74
351,351,0,25,58,0,0,0,725,258,-443,1,下位,0,0,0
84,84,0,121,450,0,1,351,725,258,-443,1,下位,0,351,74
449,449,0,25,58,0,0,0,435,466,-604,2,下位,0,0,0
70,70,0,173,712,0,1,449,435,466,-604,2,下位,0,449,74
164,164,0,66,204,0,0,0,519,728,-639,3,下位,0,0,0
34,34,0,1089,4942,0,0,0,164,220,-684,1,下位,0,0,0
153,153,0,24,56,0,0,0,34,4958,1928,10,上位,0,0,0
174,174,0,25,60,0,1,153,34,4958,1928,10,上位,0,153,72
226,226,0,643,3097,0,2,327,34,4958,1928,10,上位,0,174,76
257,257,0,104,361,0,0,0,553,3113,1741,2,下位,0,0,0
359,359,0,24,52,0,0,0,257,377,1703,2,下位,0,0,0
121,121,0,80,290,0,1,359,257,377,1703,2,下位,0,359,68
145,145,0,463,2094,1,0,0,0,0,1,0,下位,0,0,0
620,620,0,85,300,0,0,0,145,2110,1877,5,下位,0,0,0
61,61,0,116,498,0,0,0,620,316,1193,1,下位,0,0,0
149,149,0,25,58,0,0,0,61,514,1609,1,下位,0,0,0
392,392,0,157,564,0,1,149,61,514,1609,1,下位,0,149,74
149,149,0,25,60,0,0,0,541,580,1391,3,下位,0,0,0
366,366,0,197,818,0,1,149,541,580,1391,3,下位,0,149,76
48,48,0,26,64,0,0,0,515,834,1471,3,下位,0,0,0
998,998,0,82,328,0,1,48,515,834,1471,3,下位,0,48,80
106,106,0,108,402,0,0,0,1046,344,207,1,下位,0,0,0
567,567,0,25,60,0,0,0,106,418,454,2,下位,0,0,0
206,206,0,25,60,0,1,567,106,418,454,2,下位,0,567,76
253,253,0,1129,5475,0,2,773,106,418,454,2,下位,0,206,76
621,621,0,97,401,0,0,0,1026,5491,251,3,下位,0,0,0
125,125,0,23,47,1,0,0,0,0,1,0,下位,0,0,0
528,528,0,25,60,1,1,125,0,0,1,0,下位,0,125,63
166,166,0,81,294,1,2,653,0,0,1,0,下位,0,528,76
395,395,0,80,272,0,0,0,819,310,-872,1,下位,0,0,0
653,653,0,22,45,0,0,0,395,288,-1221,1,下位,0,0,0
113,113,0,24,56,0,1,653,395,288,-1221,1,下位,0,653,61
281,281,0,67,229,0,2,766,395,288,-1221,1,下位,0,113,72
582,582,0,108,413,0,0,0,1047,245,-2531,1,下位,0,0,0
343,343,0,175,662,0,0,0,582,429,-3041,2,下位,0,0,0
93,93,0,77,291,0,0,0,343,678,-2916,3,下位,0,0,0
627,627,0,129,520,0,0,0,93,307,-2759,1,下位,0,0,0
998,998,0,67,228,0,0,0,627,536,-3234,1,下位,0,0,0
233,233,0,25,60,0,0,0,998,244,-4600,1,下位,0,0,0
80,80,0,615,2634,0,1,233,998,244,-4600,1,下位,0,233,76
440,440,0,290,1370,1,0,0,0,0,1,0,下位,0,0,0
384,384,0,128,496,0,0,0,440,1386,677,1,下位,0,0,0
132,132,0,602,2718,0,0,0,384,512,570,2,下位,0,0,0
360,360,0,82,282,0,0,0,132,2734,665,7,下位,0,0,0
371,371,0,152,660,0,0,0,360,298,382,1,下位,0,0,0
101,101,0,25,58,0,0,0,371,676,460,2,下位,0,0,0
892,892,0,114,442,0,1,101,371,676,460,2,下位,0,101,74
321,321,0,25,60,0,0,0,993,458,-610,1,下位,0,0,0
155,155,0,27,70,0,1,321,993,458,-610,1,下位,0,321,76
160,160,0,125,507,0,2,476,993,458,-610,1,下位,0,155,86
681,681,0,81,328,0,0,0,636,523,-951,1,下位,0,0,0
981,981,0,106,401,0,0,0,681,344,-1705,1,下位,0,0,0
142,142,0,24,56,0,0,0,981,417,-2870,2,下位,0,0,0
165,165,0,83,329,0,1,142,981,417,-2870,2,下位,0,142,72
371,371,0,96,356,0,0,0,307,345,-2948,1,下位,0,0,0
573,573,0,90,328,0,0,0,371,372,-3174,1,下位,0,0,0
245,245,0,135,498,0,0,0,573,344,-3754,1,下位,0,0,0
342,342,0,114,439,1,0,0,0,0,1,0,下位,0,0,0
386,386,0,24,54,0,0,0,342,455,-96,2,下位,0,0,0
422,422,0,119,426,0,1,386,342,455,-96,2,下位,0,386,70
358,358,0,25,58,0,0,0,808,442,-888,2,下位,0,0,0
176,176,0,95,388,0,1,358,808,442,-888,2,下位,0,358,74
361,361,0,210,966,0,0,0,534,404,-1272,1,下位,0,0,0
136,136,0,115,399,0,0,0,361,982,-872,1,下位,0,0,0
166,166,0,24,54,0,0,0,136,415,-676,2,下位,0,0,0
98,98,0,24,56,0,1,166,136,415,-676,2,下位,0,166,70
736,736,0,26,62,0,2,264,136,415,-676,2,下位,0,98,72
378,378,0,25,60,0,3,1000,136,415,-676,2,下位,0,736,78
293,293,0,100,432,0,4,1378,136,415,-676,2,下位,0,378,76
661,661,0,102,416,0,0,0,1671,448,-2628,1,下位,0,0,0
734,734,0,24,56,0,0,0,661,432,-3262,1,下位,0,0,0
155,155,0,155,587,0,1,734,661,432,-3262,1,下位,0,734,72
84,84,0,26,62,1,0,0,0,0,1,0,下位,0,0,0
92,92,0,25,60,1,1,84,0,0,1,0,下位,0,84,78
164,164,0,631,3006,1,2,176,0,0,1,0,下位,0,92,76
152,152,0,112,437,0,0,0,340,3022,2627,3,下位,0,0,0
141,141,0,106,346,0,0,0,152,453,366,2,下位,0,0,0
601,601,0,179,752,0,0,0,141,362,501,2,下位,0,0,0
386,386,0,65,205,0,0,0,601,768,300,2,下位,0,0,0
89,89,0,105,417,0,0,0,386,221,-102,1,下位,0,0,0
994,994,0,101,406,0,0,0,89,433,187,1,下位,0,0,0
96,96,0,24,54,0,0,0,994,422,-994,1,下位,0,0,0
693,693,0,98,377,0,1,96,994,422,-994,1,下位,0,96,70
593,593,0,609,2713,0,0,0,789,393,-1804,1,下位,0,0,0
148,148,0,25,58,1,0,0,0,0,1,0,下位,0,0,0
881,881,0,111,412,1,1,148,0,0,1,0,下位,0,148,74
158,158,0,24,54,0,0,0,1029,428,-1157,2,下位,0,0,0
136,136,0,24,56,0,1,158,1029,428,-1157,2,下位,0,158,70
389,389,0,26,62,0,2,294,1029,428,-1157,2,下位,0,136,72
998,998,0,158,597,0,3,683,1029,428,-1157,2,下位,0,389,78
242,242,0,98,310,0,0,0,1681,613,-3036,3,下位,0,0,0
232,232,0,77,268,0,0,0,242,326,-3100,2,下位,0,0,0
464,464,0,23,47,0,0,0,232,284,-3190,1,下位,0,0,0
218,218,0,76,298,0,1,464,232,284,-3190,1,下位,0,464,63
247,247,0,26,62,0,0,0,682,314,-3914,1,下位,0,0,0
166,166,0,114,473,0,1,247,682,314,-3914,1,下位,0,247,78
172,172,0,817,3773,0,0,0,413,489,-4014,2,下位,0,0,0
445,445,0,21,39,0,0,0,172,3789,-502,8,上位,0,0,0
155,155,0,24,52,0,1,445,172,3789,-502,8,上位,0,445,55
354,354,0,82,290,0,2,600,172,3789,-502,8,上位,0,155,68
120,120,0,173,758,1,0,0,0,0,1,0,下位,0,0,0
74,74,0,219,815,0,0,0,120,774,581,1,下位,0,0,0
304,304,0,82,309,0,0,0,74,831,1293,4,下位,0,0,0
136,136,0,24,54,0,0,0,304,325,1128,1,下位,0,0,0
167,167,0,24,52,0,1,136,304,325,1128,1,下位,0,136,70
155,155,0,92,394,0,2,303,304,325,1128,1,下位,0,167,68
141,141,0,75,303,0,0,0,458,410,938,1,下位,0,0,0
48,48,0,78,283,0,0,0,141,319,1030,1,下位,0,0,0
152,152,0,24,56,0,0,0,48,299,1252,1,下位,0,0,0
385,385,0,25,58,0,1,152,48,299,1252,1,下位,0,152,72
190,190,0,152,668,0,2,537,48,299,1252,1,下位,0,385,74
54,54,0,130,503,0,0,0,727,684,910,2,下位,0,0,0
426,426,0,24,56,0,0,0,54,519,1342,2,下位,0,0,0
299,299,0,136,513,0,1,426,54,519,1342,2,下位,0,426,72
121,121,0,24,54,0,0,0,725,529,774,3,下位,0,0,0
413,413,0,26,62,0,1,121,725,529,774,3,下位,0,121,70
692,692,0,125,544,0,2,534,725,529,774,3,下位,0,413,78
305,305,0,95,360,0,0,0,1226,560,-495,2,下位,0,0,0
219,219,0,25,60,0,0,0,305,376,-611,1,下位,0,0,0
358,358,0,75,250,0,1,219,305,376,-611,1,下位,0,219,76
167,167,0,25,60,0,0,0,577,266,-1199,1,下位,0,0,0
359,359,0,24,56,0,1,167,577,266,-1199,1,下位,0,167,76
716,716,0,305,1414,0,2,526,577,266,-1199,1,下位,0,359,72
543,543,0,26,62,1,0,0,0,0,1,0,下位,0,0,0
43,43,0,164,755,1,1,543,0,0,1,0,下位,0,543,78
697,697,0,26,62,0,0,0,586,771,-95,1,下位,0,0,0
348,348,0,94,362,0,1,697,586,771,-95,1,下位,0,697,78
43,43,0,104,379,0,0,0,1045,378,-1324,1,下位,0,0,0
154,154,0,85,336,0,0,0,43,395,-998,2,下位,0,0,0
301,301,0,132,542,0,0,0,154,352,-894,1,下位,0,0,0
144,144,0,25,60,0,0,0,301,558,-821,2,下位,0,0,0
351,351,0,24,56,0,1,144,301,558,-821,2,下位,0,144,76
183,183,0,72,297,0,2,495,301,558,-821,2,下位,0,351,72
821,821,0,1146,5221,0,0,0,678,313,-1453,1,下位,0,0,0
511,511,0,137,615,0,0,0,821,5237,2460,13,上位,0,0,0
301,301,0,144,614,0,0,0,511,631,2267,1,下位,0,0,0
159,159,0,25,61,1,0,0,0,0,1,0,下位,0,0,0
260,260,0,132,460,1,1,159,0,0,1,0,下位,0,159,77
135,135,0,81,339,0,0,0,419,476,-122,3,下位,0,0,0
214,214,0,91,355,0,0,0,135,355,15,1,下位,0,0,0
345,345,0,329,1495,0,0,0,214,371,41,1,下位,0,0,0
415,415,0,958,4268,0,0,0,345,1511,996,2,下位,0,0,0
407,407,0,142,585,0,0,0,415,4284,1893,14,上位,0,0,0
397,397,0,78,304,0,0,0,407,601,1838,2,下位,0,0,0
211,211,0,26,62,0,0,0,397,320,1518,1,下位,0,0,0
85,85,0,26,62,0,1,211,397,320,1518,1,下位,0,211,78
355,355,0,111,492,0,2,296,397,320,1518,1,下位,0,85,78
167,167,0,25,60,0,0,0,651,508,1132,1,下位,0,0,0
432,432,0,25,60,0,1,167,651,508,1132,1,下位,0,167,76
166,166,0,194,850,0,2,599,651,508,1132,1,下位,0,432,76
396,396,0,187,726,0,0,0,765,866,916,3,下位,0,0,0
37,37,0,26,62,0,0,0,396,742,1019,3,下位,0,0,0
168,168,0,21,41,0,1,37,396,742,1019,3,下位,0,37,78
140,140,0,26,64,0,2,205,396,742,1019,3,下位,0,168,57
99,99,0,260,1090,0,3,345,396,742,1019,3,下位,0,140,80
397,397,0,182,705,0,0,0,444,1106,1623,4,下位,0,0,0
193,193,0,84,338,0,0,0,397,721,1704,4,下位,0,0,0
140,140,0,25,60,0,0,0,193,354,1747,1,下位,0,0,0
694,694,0,25,60,0,1,140,193,354,1747,1,下位,0,140,76
227,227,0,94,402,0,2,834,193,354,1747,1,下位,0,694,76
128,128,0,102,321,1,0,0,0,0,1,0,下位,0,0,0
408,408,0,157,707,0,0,0,128,337,132,2,下位,0,0,0
424,424,0,23,47,0,0,0,408,723,197,1,下位,0,0,0
344,344,0,26,62,0,1,424,408,723,197,1,下位,0,424,63
209,209,0,25,58,0,2,768,408,723,197,1,下位,0,344,78
36,36,0,186,789,0,3,977,408,723,197,1,下位,0,209,74
697,697,0,589,2723,0,0,0,1013,805,-417,2,下位,0,0,0
375,375,0,213,784,0,0,0,697,2739,1198,4,下位,0,0,0
156,156,0,96,354,0,0,0,375,800,1393,5,下位,0,0,0
359,359,0,114,476,0,0,0,156,370,1511,1,下位,0,0,0
154,154,0,87,331,0,0,0,359,492,1424,1,下位,0,0,0
999,999,0,26,62,0,0,0,154,347,1523,1,下位,0,0,0
452,452,0,84,338,0,1,999,154,347,1523,1,下位,0,999,78
133,133,0,70,275,0,0,0,1451,354,-385,1,下位,0,0,0
56,56,0,101,388,0,0,0,133,291,-309,1,下位,0,0,0
998,998,0,72,242,0,0,0,56,404,5,1,下位,0,0,0
687,687,0,152,640,0,0,0,998,258,-1347,1,下位,0,0,0
