REGゲーム数,当該REGゲーム数,REG枚数,ATゲーム数,AT枚数,朝イチ,スルー回数,AT間ゲーム数,前回AT当選ゲーム数,前回AT獲得枚数,前回差枚数,前回連荘数,前回種別,機種別条件,前回REG当選ゲーム数,前回REG獲得枚数
65,65,0,282,187,1,0,0,0,0,1,0,下位,0,0,0
447,447,0,277,174,1,1,65,0,0,1,0,下位,0,65,413
214,214,0,280,182,1,2,512,0,0,1,0,下位,0,447,400
319,319,0,827,795,1,3,726,0,0,1,0,下位,0,214,408
47,47,0,6261,8120,1,0,0,0,0,1,0,下位,0,0,0
612,612,0,767,759,0,0,0,47,8346,384,50,下位,0,0,0
820,820,0,1114,1574,1,0,0,0,0,1,0,下位,0,0,0
814,814,0,579,580,1,0,0,0,0,1,0,下位,0,0,0
442,442,0,286,201,1,0,0,0,0,1,0,下位,0,0,0
446,446,0,705,871,1,1,442,0,0,1,0,下位,0,442,427
596,596,0,572,428,1,0,0,0,0,1,0,下位,0,0,0
476,476,0,283,190,0,0,0,596,654,-279,1,下位,0,0,0
209,209,0,588,588,0,1,476,596,654,-279,1,下位,0,476,416
128,128,0,482,520,1,0,0,0,0,1,0,下位,0,0,0
95,95,0,281,185,1,0,0,0,0,1,0,下位,0,0,0
254,254,0,546,445,1,1,95,0,0,1,0,下位,0,95,411
212,212,0,284,193,1,0,0,0,0,1,0,下位,0,0,0
348,348,0,281,185,1,1,212,0,0,1,0,下位,0,212,419
154,154,0,284,193,1,2,560,0,0,1,0,下位,0,348,411
368,368,0,286,199,1,3,714,0,0,1,0,下位,0,154,419
366,366,0,286,201,1,4,1082,0,0,1,0,下位,0,368,425
639,639,0,284,193,1,5,1448,0,0,1,0,下位,0,366,427
893,893,0,481,523,1,6,2087,0,0,1,0,下位,0,639,419
284,284,0,1123,1714,1,0,0,0,0,1,0,下位,0,0,0
710,710,0,281,185,1,0,0,0,0,1,0,下位,0,0,0
230,230,0,284,193,1,1,710,0,0,1,0,下位,0,710,411
268,268,0,283,191,1,2,940,0,0,1,0,下位,0,230,419
270,270,0,286,201,1,3,1208,0,0,1,0,下位,0,268,417
471,471,0,499,469,1,4,1478,0,0,1,0,下位,0,270,427
126,126,0,544,446,1,0,0,0,0,1,0,下位,0,0,0
672,672,0,3133,4647,1,0,0,0,0,1,0,下位,0,0,0
801,801,0,978,1054,1,0,0,0,0,1,0,下位,0,0,0
109,109,0,463,522,1,0,0,0,0,1,0,下位,0,0,0
306,306,0,284,193,1,0,0,0,0,1,0,下位,0,0,0
257,257,0,505,533,1,1,306,0,0,1,0,下位,0,306,419
377,377,0,281,185,1,0,0,0,0,1,0,下位,0,0,0
212,212,0,284,193,1,1,377,0,0,1,0,下位,0,377,411
257,257,0,284,193,1,2,589,0,0,1,0,下位,0,212,419
554,554,0,286,201,1,3,846,0,0,1,0,下位,0,257,419
301,301,0,870,1016,1,4,1400,0,0,1,0,下位,0,554,427
237,237,0,676,802,1,0,0,0,0,1,0,下位,0,0,0
245,245,0,2270,3053,0,0,0,237,1028,658,4,下位,0,0,0
595,595,0,293,222,1,0,0,0,0,1,0,下位,0,0,0
329,329,0,292,217,1,1,595,0,0,1,0,下位,0,595,448
360,360,0,667,664,1,2,924,0,0,1,0,下位,0,329,443
862,862,0,543,600,1,0,0,0,0,1,0,下位,0,0,0
30,30,0,1271,1353,1,0,0,0,0,1,0,下位,0,0,0
242,242,0,278,177,0,0,0,30,1579,1533,9,下位,0,0,0
953,953,0,5208,7468,0,1,242,30,1579,1533,9,下位,0,242,403
830,830,0,776,706,1,0,0,0,0,1,0,下位,0,0,0
482,482,0,428,625,1,0,0,0,0,1,0,下位,0,0,0
506,506,0,645,674,1,0,0,0,0,1,0,下位,0,0,0
149,149,0,996,1252,1,0,0,0,0,1,0,下位,0,0,0
606,606,0,1302,1159,0,0,0,149,1478,1245,4,下位,0,0,0
95,95,0,668,853,1,0,0,0,0,1,0,下位,0,0,0
451,451,0,286,201,0,0,0,95,1079,931,2,下位,0,0,0
233,233,0,283,191,0,1,451,95,1079,931,2,下位,0,451,427
248,248,0,281,185,0,2,684,95,1079,931,2,下位,0,233,417
415,415,0,529,397,0,3,932,95,1079,931,2,下位,0,248,411
239,239,0,286,201,0,0,0,1347,623,698,1,下位,0,0,0
999,999,0,868,1175,0,1,239,1347,623,698,1,下位,0,239,427
820,820,0,486,559,1,0,0,0,0,1,0,下位,0,0,0
413,413,0,289,209,1,0,0,0,0,1,0,下位,0,0,0
277,277,0,289,209,1,1,413,0,0,1,0,下位,0,413,435
237,237,0,579,555,1,2,690,0,0,1,0,下位,0,277,435
471,471,0,580,599,1,0,0,0,0,1,0,下位,0,0,0
227,227,0,1447,1521,0,0,0,471,825,88,2,下位,0,0,0
249,249,0,518,463,0,0,0,227,1747,1479,7,下位,0,0,0
825,825,0,538,408,1,0,0,0,0,1,0,下位,0,0,0
837,837,0,743,773,1,0,0,0,0,1,0,下位,0,0,0
511,511,0,498,580,1,0,0,0,0,1,0,下位,0,0,0
432,432,0,284,193,1,0,0,0,0,1,0,下位,0,0,0
245,245,0,1038,949,1,1,432,0,0,1,0,下位,0,432,419
246,246,0,286,201,1,0,0,0,0,1,0,下位,0,0,0
628,628,0,284,193,1,1,246,0,0,1,0,下位,0,246,427
247,247,0,281,185,1,2,874,0,0,1,0,下位,0,628,419
629,629,0,484,493,1,3,1121,0,0,1,0,下位,0,247,411
33,33,0,596,554,1,0,0,0,0,1,0,下位,0,0,0
845,845,0,281,185,1,0,0,0,0,1,0,下位,0,0,0
253,253,0,280,182,1,1,845,0,0,1,0,下位,0,845,411
645,645,0,525,626,1,2,1098,0,0,1,0,下位,0,253,408
523,523,0,1803,2245,1,0,0,0,0,1,0,下位,0,0,0
21,21,0,1300,1322,1,0,0,0,0,1,0,下位,0,0,0
55,55,0,569,420,1,0,0,0,0,1,0,下位,0,0,0
250,250,0,286,201,0,0,0,55,646,561,1,下位,0,0,0
276,276,0,277,174,0,1,250,55,646,561,1,下位,0,250,427
844,844,0,278,177,0,2,526,55,646,561,1,下位,0,276,400
244,244,0,924,1078,0,3,1370,55,646,561,1,下位,0,844,403
866,866,0,883,680,1,0,0,0,0,1,0,下位,0,0,0
278,278,0,3370,5045,1,0,0,0,0,1,0,下位,0,0,0
585,585,0,281,185,0,0,0,278,5271,422,28,下位,0,0,0
431,431,0,421,607,0,1,585,278,5271,422,28,下位,0,585,411
216,216,0,845,825,1,0,0,0,0,1,0,下位,0,0,0
853,853,0,284,193,1,0,0,0,0,1,0,下位,0,0,0
481,481,0,286,201,1,1,853,0,0,1,0,下位,0,853,419
762,762,0,475,543,1,2,1334,0,0,1,0,下位,0,481,427
269,269,0,746,757,1,0,0,0,0,1,0,下位,0,0,0
192,192,0,284,193,0,0,0,269,983,562,2,下位,0,0,0
238,238,0,286,201,0,1,192,269,983,562,2,下位,0,192,419
816,816,0,278,177,0,2,430,269,983,562,2,下位,0,238,427
1030,1030,0,292,217,0,3,1246,269,983,562,2,下位,0,816,403
259,259,0,288,207,0,4,2276,269,983,562,2,下位,0,1030,443
242,242,0,278,175,0,5,2535,269,983,562,2,下位,0,259,433
823,823,0,516,468,0,6,2777,269,983,562,2,下位,0,242,401
439,439,0,699,600,1,0,0,0,0,1,0,下位,0,0,0
457,457,0,281,185,0,0,0,439,826,139,3,下位,0,0,0
845,845,0,280,182,0,1,457,439,826,139,3,下位,0,457,411
240,240,0,286,201,0,2,1302,439,826,139,3,下位,0,845,408
250,250,0,485,540,0,3,1542,439,826,139,3,下位,0,240,427
651,651,0,284,193,1,0,0,0,0,1,0,下位,0,0,0
458,458,0,292,217,1,1,651,0,0,1,0,下位,0,651,419
245,245,0,284,193,1,2,1109,0,0,1,0,下位,0,458,443
249,249,0,281,185,1,3,1354,0,0,1,0,下位,0,245,419
455,455,0,286,201,1,4,1603,0,0,1,0,下位,0,249,411
248,248,0,281,185,1,5,2058,0,0,1,0,下位,0,455,427
215,215,0,289,209,1,6,2306,0,0,1,0,下位,0,248,411
254,254,0,1156,1514,1,7,2521,0,0,1,0,下位,0,215,435
826,826,0,1002,1195,1,0,0,0,0,1,0,下位,0,0,0
750,750,0,292,217,1,0,0,0,0,1,0,下位,0,0,0
925,925,0,560,470,1,1,750,0,0,1,0,下位,0,750,443
456,456,0,286,201,0,0,0,1675,696,-1486,1,下位,0,0,0
227,227,0,497,569,0,1,456,1675,696,-1486,1,下位,0,456,427
192,192,0,284,193,0,0,0,683,795,-1335,1,下位,0,0,0
254,254,0,289,209,0,1,192,683,795,-1335,1,下位,0,192,419
401,401,0,281,185,0,2,446,683,795,-1335,1,下位,0,254,435
233,233,0,526,427,0,3,847,683,795,-1335,1,下位,0,401,411
251,251,0,281,185,1,0,0,0,0,1,0,下位,0,0,0
251,251,0,2853,3599,1,1,251,0,0,1,0,下位,0,251,411
245,245,0,2659,3904,0,0,0,502,3825,1325,17,下位,0,0,0
51,51,0,1615,1814,1,0,0,0,0,1,0,下位,0,0,0
253,253,0,589,588,0,0,0,51,2040,1961,7,下位,0,0,0
844,844,0,286,201,1,0,0,0,0,1,0,下位,0,0,0
242,242,0,281,185,1,1,844,0,0,1,0,下位,0,844,427
641,641,0,580,542,1,2,1086,0,0,1,0,下位,0,242,411
281,281,0,488,523,1,0,0,0,0,1,0,下位,0,0,0
379,379,0,565,526,1,0,0,0,0,1,0,下位,0,0,0
125,125,0,281,185,1,0,0,0,0,1,0,下位,0,0,0
353,353,0,470,534,1,1,125,0,0,1,0,下位,0,125,411
344,344,0,471,538,1,0,0,0,0,1,0,下位,0,0,0
105,105,0,536,448,1,0,0,0,0,1,0,下位,0,0,0
497,497,0,685,850,1,0,0,0,0,1,0,下位,0,0,0
264,264,0,281,185,0,0,0,497,1076,298,4,下位,0,0,0
251,251,0,294,225,0,1,264,497,1076,298,4,下位,0,264,411
261,261,0,524,490,0,2,515,497,1076,298,4,下位,0,251,451
318,318,0,289,209,1,0,0,0,0,1,0,下位,0,0,0
649,649,0,284,193,1,1,318,0,0,1,0,下位,0,318,435
249,249,0,284,193,1,2,967,0,0,1,0,下位,0,649,419
294,294,0,286,201,1,3,1216,0,0,1,0,下位,0,249,419
227,227,0,843,1866,1,4,1510,0,0,1,0,下位,0,294,427
206,206,0,289,209,1,0,0,0,0,1,0,下位,0,0,0
430,430,0,518,536,1,1,206,0,0,1,0,下位,0,206,435
80,80,0,1506,2102,1,0,0,0,0,1,0,下位,0,0,0
160,160,0,1068,1663,1,0,0,0,0,1,0,下位,0,0,0
521,521,0,811,915,1,0,0,0,0,1,0,下位,0,0,0
94,94,0,971,1024,1,0,0,0,0,1,0,下位,0,0,0
202,202,0,483,520,1,0,0,0,0,1,0,下位,0,0,0
755,755,0,286,201,1,0,0,0,0,1,0,下位,0,0,0
464,464,0,1750,2183,1,1,755,0,0,1,0,下位,0,755,427
368,368,0,490,556,1,0,0,0,0,1,0,下位,0,0,0
448,448,0,573,540,1,0,0,0,0,1,0,下位,0,0,0
275,275,0,288,207,0,0,0,448,766,65,2,下位,0,0,0
774,774,0,286,199,0,1,275,448,766,65,2,下位,0,275,433
272,272,0,284,193,0,2,1049,448,766,65,2,下位,0,774,425
330,330,0,284,193,0,3,1321,448,766,65,2,下位,0,272,419
441,441,0,286,199,0,4,1651,448,766,65,2,下位,0,330,419
198,198,0,500,541,0,5,2092,448,766,65,2,下位,0,441,425
783,783,0,816,834,1,0,0,0,0,1,0,下位,0,0,0
117,117,0,286,201,1,0,0,0,0,1,0,下位,0,0,0
255,255,0,526,427,1,1,117,0,0,1,0,下位,0,117,427
616,616,0,700,624,0,0,0,372,653,498,1,下位,0,0,0
249,249,0,551,461,1,0,0,0,0,1,0,下位,0,0,0
328,328,0,694,858,1,0,0,0,0,1,0,下位,0,0,0
638,638,0,530,432,0,0,0,328,1084,571,2,下位,0,0,0
100,100,0,292,217,1,0,0,0,0,1,0,下位,0,0,0
437,437,0,281,185,1,1,100,0,0,1,0,下位,0,100,443
256,256,0,781,605,1,2,537,0,0,1,0,下位,0,437,411
500,500,0,1118,1483,1,0,0,0,0,1,0,下位,0,0,0
232,232,0,479,535,0,0,0,500,1709,926,4,下位,0,0,0
253,253,0,293,222,0,0,0,232,761,1323,1,下位,0,0,0
259,259,0,461,554,0,1,253,232,761,1323,1,下位,0,253,448
593,593,0,581,777,1,0,0,0,0,1,0,下位,0,0,0
113,113,0,1232,1598,1,0,0,0,0,1,0,下位,0,0,0
200,200,0,286,201,1,0,0,0,0,1,0,下位,0,0,0
263,263,0,673,469,1,1,200,0,0,1,0,下位,0,200,427
300,300,0,281,185,1,0,0,0,0,1,0,下位,0,0,0
357,357,0,498,445,1,1,300,0,0,1,0,下位,0,300,411
89,89,0,278,177,1,0,0,0,0,1,0,下位,0,0,0
146,146,0,642,667,1,1,89,0,0,1,0,下位,0,89,403
438,438,0,284,193,0,0,0,235,893,929,3,下位,0,0,0
385,385,0,1012,1310,0,1,438,235,893,929,3,下位,0,438,419
82,82,0,431,633,1,0,0,0,0,1,0,下位,0,0,0
736,736,0,286,201,1,0,0,0,0,1,0,下位,0,0,0
258,258,0,537,422,1,1,736,0,0,1,0,下位,0,736,427
26,26,0,824,683,1,0,0,0,0,1,0,下位,0,0,0
441,441,0,813,1037,0,0,0,26,909,869,2,下位,0,0,0
853,853,0,286,201,1,0,0,0,0,1,0,下位,0,0,0
260,260,0,1359,1531,1,1,853,0,0,1,0,下位,0,853,427
91,91,0,491,486,1,0,0,0,0,1,0,下位,0,0,0
241,241,0,300,241,0,0,0,91,712,570,1,下位,0,0,0
220,220,0,2475,3727,0,1,241,91,712,570,1,下位,0,241,467
85,85,0,629,775,1,0,0,0,0,1,0,下位,0,0,0
739,739,0,417,593,1,0,0,0,0,1,0,下位,0,0,0
251,251,0,478,527,1,0,0,0,0,1,0,下位,0,0,0
897,897,0,486,574,1,0,0,0,0,1,0,下位,0,0,0
820,820,0,2838,3513,1,0,0,0,0,1,0,下位,0,0,0
114,114,0,894,985,1,0,0,0,0,1,0,下位,0,0,0
487,487,0,453,554,1,0,0,0,0,1,0,下位,0,0,0
252,252,0,548,465,1,0,0,0,0,1,0,下位,0,0,0
136,136,0,289,209,1,0,0,0,0,1,0,下位,0,0,0
630,630,0,278,177,1,1,136,0,0,1,0,下位,0,136,435
443,443,0,490,582,1,2,766,0,0,1,0,下位,0,630,403
467,467,0,602,515,1,0,0,0,0,1,0,下位,0,0,0
234,234,0,934,907,0,0,0,467,741,10,2,下位,0,0,0
388,388,0,281,185,0,0,0,234,1133,776,4,下位,0,0,0
639,639,0,503,523,0,1,388,234,1133,776,4,下位,0,388,411
111,111,0,1199,869,1,0,0,0,0,1,0,下位,0,0,0
263,263,0,286,201,1,0,0,0,0,1,0,下位,0,0,0
264,264,0,297,233,1,1,263,0,0,1,0,下位,0,263,427
213,213,0,278,177,1,2,527,0,0,1,0,下位,0,264,459
341,341,0,2236,2394,1,3,740,0,0,1,0,下位,0,213,403
274,274,0,278,177,1,0,0,0,0,1,0,下位,0,0,0
439,439,0,489,509,1,1,274,0,0,1,0,下位,0,274,403
353,353,0,284,193,1,0,0,0,0,1,0,下位,0,0,0
198,198,0,278,177,1,1,353,0,0,1,0,下位,0,353,419
1016,1016,0,445,603,1,2,551,0,0,1,0,下位,0,198,403
116,116,0,281,185,1,0,0,0,0,1,0,下位,0,0,0
996,996,0,807,1254,1,1,116,0,0,1,0,下位,0,116,411
469,469,0,478,551,0,0,0,1112,1480,149,3,下位,0,0,0
1059,1059,0,289,209,0,0,0,469,777,191,1,下位,0,0,0
745,745,0,535,636,0,1,1059,469,777,191,1,下位,0,1059,435
455,455,0,470,514,0,0,0,1804,862,-1340,2,下位,0,0,0
249,249,0,292,217,0,0,0,455,740,-1313,1,下位,0,0,0
635,635,0,489,532,0,1,249,455,740,-1313,1,下位,0,249,443
429,429,0,288,205,1,0,0,0,0,1,0,下位,0,0,0
558,558,0,286,201,1,1,429,0,0,1,0,下位,0,429,431
433,433,0,693,833,1,2,987,0,0,1,0,下位,0,558,427
273,273,0,1073,1071,1,0,0,0,0,1,0,下位,0,0,0
255,255,0,281,185,0,0,0,273,1297,870,4,下位,0,0,0
884,884,0,948,786,0,1,255,273,1297,870,4,下位,0,255,411
428,428,0,1386,1741,1,0,0,0,0,1,0,下位,0,0,0
832,832,0,760,873,1,0,0,0,0,1,0,下位,0,0,0
460,460,0,286,201,1,0,0,0,0,1,0,下位,0,0,0
259,259,0,537,457,1,1,460,0,0,1,0,下位,0,460,427
852,852,0,556,405,1,0,0,0,0,1,0,下位,0,0,0
218,218,0,297,233,1,0,0,0,0,1,0,下位,0,0,0
433,433,0,281,185,1,1,218,0,0,1,0,下位,0,218,459
241,241,0,574,563,1,2,651,0,0,1,0,下位,0,433,411
248,248,0,289,209,0,0,0,892,789,261,2,下位,0,0,0
369,369,0,672,719,0,1,248,892,789,261,2,下位,0,248,435
44,44,0,708,529,1,0,0,0,0,1,0,下位,0,0,0
692,692,0,472,522,0,0,0,44,755,687,3,下位,0,0,0
551,551,0,284,193,1,0,0,0,0,1,0,下位,0,0,0
654,654,0,712,558,1,1,551,0,0,1,0,下位,0,551,419
255,255,0,541,440,0,0,0,1205,784,-685,3,下位,0,0,0
229,229,0,462,552,0,0,0,255,666,-419,1,下位,0,0,0
237,237,0,281,185,0,0,0,229,778,1,1,下位,0,0,0
836,836,0,1224,1617,0,1,237,229,778,1,1,下位,0,237,411
1115,1115,0,641,494,0,0,0,1073,1843,574,5,下位,0,0,0
178,178,0,1020,1351,1,0,0,0,0,1,0,下位,0,0,0
634,634,0,1468,1115,1,0,0,0,0,1,0,下位,0,0,0
533,533,0,2269,2801,1,0,0,0,0,1,0,下位,0,0,0
237,237,0,289,209,0,0,0,533,3027,2193,13,下位,0,0,0
247,247,0,278,177,0,1,237,533,3027,2193,13,下位,0,237,435
943,943,0,1385,1799,0,2,484,533,3027,2193,13,下位,0,247,403
750,750,0,484,554,0,0,0,1427,2025,571,12,下位,0,0,0
177,177,0,281,185,1,0,0,0,0,1,0,下位,0,0,0
838,838,0,578,569,1,1,177,0,0,1,0,下位,0,177,411
110,110,0,539,630,1,0,0,0,0,1,0,下位,0,0,0
396,396,0,286,201,1,0,0,0,0,1,0,下位,0,0,0
243,243,0,300,241,1,1,396,0,0,1,0,下位,0,396,427
339,339,0,658,842,1,2,639,0,0,1,0,下位,0,243,467
417,417,0,1062,1238,1,0,0,0,0,1,0,下位,0,0,0
456,456,0,5181,8120,0,0,0,417,1464,811,7,下位,0,0,0
226,226,0,284,193,0,0,0,456,8346,1513,44,下位,0,0,0
240,240,0,281,185,0,1,226,456,8346,1513,44,下位,0,226,419
245,245,0,1073,781,0,2,466,456,8346,1513,44,下位,0,240,411
107,107,0,291,215,1,0,0,0,0,1,0,下位,0,0,0
986,986,0,486,499,1,1,107,0,0,1,0,下位,0,107,441
1250,1250,0,546,421,0,0,0,1093,725,-546,1,下位,0,0,0
240,240,0,510,460,1,0,0,0,0,1,0,下位,0,0,0
346,346,0,281,185,0,0,0,240,686,311,1,下位,0,0,0
1166,1166,0,286,201,0,1,346,240,686,311,1,下位,0,346,411
835,835,0,546,432,0,2,1512,240,686,311,1,下位,0,1166,427
646,646,0,2388,3073,1,0,0,0,0,1,0,下位,0,0,0
468,468,0,535,660,0,0,0,646,3299,2287,20,下位,0,0,0
855,855,0,425,617,1,0,0,0,0,1,0,下位,0,0,0
855,855,0,284,193,1,0,0,0,0,1,0,下位,0,0,0
832,832,0,1023,1332,1,1,855,0,0,1,0,下位,0,855,419
239,239,0,596,538,0,0,0,1687,1558,-666,5,下位,0,0,0
255,255,0,532,660,0,0,0,239,764,-277,2,下位,0,0,0
539,539,0,284,193,1,0,0,0,0,1,0,下位,0,0,0
457,457,0,1320,1083,1,1,539,0,0,1,0,下位,0,539,419
290,290,0,899,724,1,0,0,0,0,1,0,下位,0,0,0
117,117,0,555,442,1,0,0,0,0,1,0,下位,0,0,0
318,318,0,278,177,1,0,0,0,0,1,0,下位,0,0,0
837,837,0,281,185,1,1,318,0,0,1,0,下位,0,318,403
260,260,0,289,209,1,2,1155,0,0,1,0,下位,0,837,411
639,639,0,286,201,1,3,1415,0,0,1,0,下位,0,260,435
260,260,0,278,175,1,4,2054,0,0,1,0,下位,0,639,427
257,257,0,1216,1492,1,5,2314,0,0,1,0,下位,0,260,401
628,628,0,284,193,0,0,0,2571,1718,-235,7,下位,0,0,0
348,348,0,481,545,0,1,628,2571,1718,-235,7,下位,0,628,419
625,625,0,584,566,1,0,0,0,0,1,0,下位,0,0,0
371,371,0,486,562,1,0,0,0,0,1,0,下位,0,0,0
266,266,0,278,177,0,0,0,371,788,207,1,下位,0,0,0
200,200,0,1180,851,0,1,266,371,788,207,1,下位,0,266,403
509,509,0,1033,1238,0,0,0,466,1077,957,6,下位,0,0,0
243,243,0,760,694,1,0,0,0,0,1,0,下位,0,0,0
262,262,0,286,201,0,0,0,243,920,540,4,下位,0,0,0
847,847,0,2295,2727,0,1,262,243,920,540,4,下位,0,262,427
183,183,0,289,209,0,0,0,1109,2953,2181,13,下位,0,0,0
1129,1129,0,570,574,0,1,183,1109,2953,2181,13,下位,0,183,435
254,254,0,2051,2057,1,0,0,0,0,1,0,下位,0,0,0
451,451,0,684,635,1,0,0,0,0,1,0,下位,0,0,0
107,107,0,481,485,1,0,0,0,0,1,0,下位,0,0,0
311,311,0,286,201,0,0,0,107,711,544,1,下位,0,0,0
830,830,0,284,193,0,1,311,107,711,544,1,下位,0,311,427
869,869,0,1049,1090,0,2,1141,107,711,544,1,下位,0,830,419
231,231,0,289,209,0,0,0,2010,1316,-444,6,下位,0,0,0
634,634,0,288,207,0,1,231,2010,1316,-444,6,下位,0,231,435
160,160,0,289,209,0,2,865,2010,1316,-444,6,下位,0,634,433
472,472,0,286,201,0,3,1025,2010,1316,-444,6,下位,0,160,435
400,400,0,281,185,0,4,1497,2010,1316,-444,6,下位,0,472,427
450,450,0,284,193,0,5,1897,2010,1316,-444,6,下位,0,400,411
262,262,0,836,674,0,6,2347,2010,1316,-444,6,下位,0,450,419
172,172,0,560,397,1,0,0,0,0,1,0,下位,0,0,0
445,445,0,284,193,0,0,0,172,623,354,1,下位,0,0,0
1229,1229,0,286,201,0,1,445,172,623,354,1,下位,0,445,419
245,245,0,446,681,0,2,1674,172,623,354,1,下位,0,1229,427
449,449,0,585,602,0,0,0,1919,907,-900,1,下位,0,0,0
107,107,0,286,201,1,0,0,0,0,1,0,下位,0,0,0
225,225,0,281,185,1,1,107,0,0,1,0,下位,0,107,427
328,328,0,292,217,1,2,332,0,0,1,0,下位,0,225,411
463,463,0,286,201,1,3,660,0,0,1,0,下位,0,328,443
460,460,0,1510,1741,1,4,1123,0,0,1,0,下位,0,463,427
672,672,0,543,473,0,0,0,1583,1967,1194,13,下位,0,0,0
141,141,0,1510,2056,1,0,0,0,0,1,0,下位,0,0,0
256,256,0,286,201,0,0,0,141,2282,2062,8,下位,0,0,0
513,513,0,678,909,0,1,256,141,2282,2062,8,下位,0,256,427
254,254,0,479,513,1,0,0,0,0,1,0,下位,0,0,0
650,650,0,723,768,0,0,0,254,739,342,1,下位,0,0,0
1029,1029,0,695,837,0,0,0,650,994,317,2,下位,0,0,0
833,833,0,789,895,0,0,0,1029,1063,-233,2,下位,0,0,0
236,236,0,292,217,1,0,0,0,0,1,0,下位,0,0,0
384,384,0,570,581,1,1,236,0,0,1,0,下位,0,236,443
669,669,0,283,191,0,0,0,620,807,279,2,下位,0,0,0
1055,1055,0,278,175,0,1,669,620,807,279,2,下位,0,669,417
262,262,0,289,209,0,2,1724,620,807,279,2,下位,0,1055,401
1231,1231,0,1204,1208,0,3,1986,620,807,279,2,下位,0,262,435
409,409,0,647,497,0,0,0,3217,1434,-2077,8,下位,0,0,0
527,527,0,914,1142,1,0,0,0,0,1,0,下位,0,0,0
651,651,0,292,217,0,0,0,527,1368,543,5,下位,0,0,0
793,793,0,289,209,0,1,651,527,1368,543,5,下位,0,651,443
1065,1065,0,1301,1608,0,2,1444,527,1368,543,5,下位,0,793,435
794,794,0,521,422,1,0,0,0,0,1,0,下位,0,0,0
1249,1249,0,536,420,0,0,0,794,648,-596,1,下位,0,0,0
242,242,0,278,177,0,0,0,1249,646,-1908,1,下位,0,0,0
246,246,0,694,633,0,1,242,1249,646,-1908,1,下位,0,242,403
419,419,0,284,193,0,0,0,488,859,-1411,3,下位,0,0,0
229,229,0,433,641,0,1,419,488,859,-1411,3,下位,0,419,419
844,844,0,278,177,1,0,0,0,0,1,0,下位,0,0,0
346,346,0,546,644,1,1,844,0,0,1,0,下位,0,844,403
739,739,0,487,524,1,0,0,0,0,1,0,下位,0,0,0
228,228,0,281,185,0,0,0,739,750,-407,1,下位,0,0,0
651,651,0,286,201,0,1,228,739,750,-407,1,下位,0,228,411
1152,1152,0,496,571,0,2,879,739,750,-407,1,下位,0,651,427
728,728,0,281,185,1,0,0,0,0,1,0,下位,0,0,0
389,389,0,281,185,1,1,728,0,0,1,0,下位,0,728,411
455,455,0,284,193,1,2,1117,0,0,1,0,下位,0,389,411
1261,1261,0,286,201,1,3,1572,0,0,1,0,下位,0,455,419
463,463,0,1406,1603,1,4,2833,0,0,1,0,下位,0,1261,427
237,237,0,293,222,0,0,0,3296,1829,-1668,7,下位,0,0,0
660,660,0,284,193,0,1,237,3296,1829,-1668,7,下位,0,237,448
286,286,0,292,218,0,2,897,3296,1829,-1668,7,下位,0,660,419
386,386,0,735,761,0,3,1183,3296,1829,-1668,7,下位,0,286,444
829,829,0,606,976,1,0,0,0,0,1,0,下位,0,0,0
1259,1259,0,286,201,0,0,0,829,1202,-96,2,下位,0,0,0
441,441,0,654,646,0,1,1259,829,1202,-96,2,下位,0,1259,427
333,333,0,810,855,0,0,0,1700,872,-1461,3,下位,0,0,0
336,336,0,281,185,1,0,0,0,0,1,0,下位,0,0,0
638,638,0,292,217,1,1,336,0,0,1,0,下位,0,336,411
467,467,0,292,217,1,2,974,0,0,1,0,下位,0,638,443
176,176,0,281,185,1,3,1441,0,0,1,0,下位,0,467,443
187,187,0,281,185,1,4,1617,0,0,1,0,下位,0,176,411
245,245,0,294,225,1,5,1804,0,0,1,0,下位,0,187,411
645,645,0,284,193,1,6,2049,0,0,1,0,下位,0,245,451
394,394,0,286,199,1,7,2694,0,0,1,0,下位,0,645,419
841,841,0,284,193,1,8,3088,0,0,1,0,下位,0,394,425
630,630,0,479,524,1,9,3929,0,0,1,0,下位,0,841,419
250,250,0,284,193,1,0,0,0,0,1,0,下位,0,0,0
681,681,0,467,543,1,1,250,0,0,1,0,下位,0,250,419
218,218,0,289,209,0,0,0,931,769,-270,1,下位,0,0,0
1050,1050,0,289,209,0,1,218,931,769,-270,1,下位,0,218,435
650,650,0,734,798,0,2,1268,931,769,-270,1,下位,0,1050,435
800,800,0,284,193,0,0,0,1918,1024,-1383,2,下位,0,0,0
220,220,0,1105,1112,0,1,800,1918,1024,-1383,2,下位,0,800,419
660,660,0,1996,2989,1,0,0,0,0,1,0,下位,0,0,0
260,260,0,759,844,0,0,0,660,3215,2182,14,下位,0,0,0
279,279,0,284,193,0,0,0,260,1070,644,2,下位,0,0,0
272,272,0,302,249,0,1,279,260,1070,644,2,下位,0,279,419
275,275,0,556,392,0,2,551,260,1070,644,2,下位,0,272,475
581,581,0,289,209,0,0,0,826,618,862,1,下位,0,0,0
313,313,0,286,201,0,1,581,826,618,862,1,下位,0,581,435
424,424,0,1436,2007,0,2,894,826,618,862,1,下位,0,313,427
410,410,0,292,217,1,0,0,0,0,1,0,下位,0,0,0
421,421,0,284,193,1,1,410,0,0,1,0,下位,0,410,443
849,849,0,284,193,1,2,831,0,0,1,0,下位,0,421,419
265,265,0,1619,1610,1,3,1680,0,0,1,0,下位,0,849,419
444,444,0,284,193,0,0,0,1945,1836,69,11,下位,0,0,0
210,210,0,281,185,0,1,444,1945,1836,69,11,下位,0,444,419
247,247,0,281,185,0,2,654,1945,1836,69,11,下位,0,210,411
260,260,0,980,1001,0,3,901,1945,1836,69,11,下位,0,247,411
644,644,0,2834,3998,0,0,0,1161,1227,717,5,下位,0,0,0
274,274,0,528,624,1,0,0,0,0,1,0,下位,0,0,0
205,205,0,286,201,0,0,0,274,850,422,2,下位,0,0,0
611,611,0,292,217,0,1,205,274,850,422,2,下位,0,205,427
1064,1064,0,286,201,0,2,816,274,850,422,2,下位,0,611,443
277,277,0,538,419,0,3,1880,274,850,422,2,下位,0,1064,427
188,188,0,288,207,0,0,0,2157,645,-1017,1,下位,0,0,0
324,324,0,679,623,0,1,188,2157,645,-1017,1,下位,0,188,433
586,586,0,581,577,1,0,0,0,0,1,0,下位,0,0,0
812,812,0,1374,1788,1,0,0,0,0,1,0,下位,0,0,0
339,339,0,1069,1023,0,0,0,812,2014,742,7,下位,0,0,0
637,637,0,278,177,1,0,0,0,0,1,0,下位,0,0,0
1048,1048,0,3093,4262,1,1,637,0,0,1,0,下位,0,637,403
223,223,0,2746,3621,1,0,0,0,0,1,0,下位,0,0,0
829,829,0,969,1029,1,0,0,0,0,1,0,下位,0,0,0
878,878,0,1125,1148,1,0,0,0,0,1,0,下位,0,0,0
395,395,0,284,193,1,0,0,0,0,1,0,下位,0,0,0
429,429,0,292,217,1,1,395,0,0,1,0,下位,0,395,419
247,247,0,286,201,1,2,824,0,0,1,0,下位,0,429,443
245,245,0,284,193,1,3,1071,0,0,1,0,下位,0,247,427
247,247,0,285,197,1,4,1316,0,0,1,0,下位,0,245,419
253,253,0,283,191,1,5,1563,0,0,1,0,下位,0,247,423
224,224,0,299,239,1,6,1816,0,0,1,0,下位,0,253,417
277,277,0,281,185,1,7,2040,0,0,1,0,下位,0,224,465
798,798,0,284,193,1,8,2317,0,0,1,0,下位,0,277,411
248,248,0,294,225,1,9,3115,0,0,1,0,下位,0,798,419
301,301,0,507,530,1,10,3363,0,0,1,0,下位,0,248,451
254,254,0,590,592,0,0,0,3664,756,-692,1,下位,0,0,0
49,49,0,294,225,1,0,0,0,0,1,0,下位,0,0,0
468,468,0,292,217,1,1,49,0,0,1,0,下位,0,49,451
398,398,0,281,185,1,2,517,0,0,1,0,下位,0,468,443
240,240,0,1339,1925,1,3,915,0,0,1,0,下位,0,398,411
607,607,0,486,551,1,0,0,0,0,1,0,下位,0,0,0
65,65,0,485,551,1,0,0,0,0,1,0,下位,0,0,0
263,263,0,278,177,0,0,0,65,777,676,1,下位,0,0,0
233,233,0,294,225,0,1,263,65,777,676,1,下位,0,263,403
249,249,0,581,588,0,2,496,65,777,676,1,下位,0,233,451
845,845,0,2211,3050,1,0,0,0,0,1,0,下位,0,0,0
528,528,0,952,725,1,0,0,0,0,1,0,下位,0,0,0
102,102,0,284,193,1,0,0,0,0,1,0,下位,0,0,0
255,255,0,284,193,1,1,102,0,0,1,0,下位,0,102,419
637,637,0,286,201,1,2,357,0,0,1,0,下位,0,255,419
260,260,0,294,225,1,3,994,0,0,1,0,下位,0,637,427
236,236,0,534,435,1,4,1254,0,0,1,0,下位,0,260,451
494,494,0,292,217,1,0,0,0,0,1,0,下位,0,0,0
434,434,0,281,185,1,1,494,0,0,1,0,下位,0,494,443
678,678,0,281,185,1,2,928,0,0,1,0,下位,0,434,411
247,247,0,300,241,1,3,1606,0,0,1,0,下位,0,678,411
461,461,0,798,878,1,4,1853,0,0,1,0,下位,0,247,467
213,213,0,621,678,1,0,0,0,0,1,0,下位,0,0,0
100,100,0,281,185,1,0,0,0,0,1,0,下位,0,0,0
907,907,0,561,432,1,1,100,0,0,1,0,下位,0,100,411
176,176,0,1826,1865,1,0,0,0,0,1,0,下位,0,0,0
120,120,0,664,718,1,0,0,0,0,1,0,下位,0,0,0
201,201,0,281,185,0,0,0,120,944,757,3,下位,0,0,0
218,218,0,846,810,0,1,201,120,944,757,3,下位,0,201,411
258,258,0,286,201,1,0,0,0,0,1,0,下位,0,0,0
803,803,0,716,991,1,1,258,0,0,1,0,下位,0,258,427
239,239,0,297,233,0,0,0,1061,1217,-18,3,下位,0,0,0
446,446,0,417,593,0,1,239,1061,1217,-18,3,下位,0,239,459
641,641,0,482,556,0,0,0,685,819,186,1,下位,0,0,0
519,519,0,907,1066,1,0,0,0,0,1,0,下位,0,0,0
724,724,0,284,193,1,0,0,0,0,1,0,下位,0,0,0
232,232,0,284,193,1,1,724,0,0,1,0,下位,0,724,419
457,457,0,289,209,1,2,956,0,0,1,0,下位,0,232,419
376,376,0,1698,2000,1,3,1413,0,0,1,0,下位,0,457,435
384,384,0,284,193,1,0,0,0,0,1,0,下位,0,0,0
258,258,0,281,185,1,1,384,0,0,1,0,下位,0,384,419
998,998,0,292,217,1,2,642,0,0,1,0,下位,0,258,411
224,224,0,289,209,1,3,1640,0,0,1,0,下位,0,998,443
443,443,0,882,902,1,4,1864,0,0,1,0,下位,0,224,435
234,234,0,283,191,0,0,0,2307,1128,-778,6,下位,0,0,0
346,346,0,816,570,0,1,234,2307,1128,-778,6,下位,0,234,417
42,42,0,286,201,1,0,0,0,0,1,0,下位,0,0,0
747,747,0,481,570,1,1,42,0,0,1,0,下位,0,42,427
50,50,0,965,636,1,0,0,0,0,1,0,下位,0,0,0
243,243,0,687,597,0,0,0,50,862,785,6,下位,0,0,0
220,220,0,1308,1394,0,0,0,243,823,1227,3,下位,0,0,0
244,244,0,286,201,1,0,0,0,0,1,0,下位,0,0,0
428,428,0,286,201,1,1,244,0,0,1,0,下位,0,244,427
245,245,0,284,193,1,2,672,0,0,1,0,下位,0,428,427
266,266,0,289,209,1,3,917,0,0,1,0,下位,0,245,419
651,651,0,281,185,1,4,1183,0,0,1,0,下位,0,266,435
263,263,0,292,217,1,5,1834,0,0,1,0,下位,0,651,411
237,237,0,553,410,1,6,2097,0,0,1,0,下位,0,263,443
847,847,0,823,1043,1,0,0,0,0,1,0,下位,0,0,0
371,371,0,1003,990,1,0,0,0,0,1,0,下位,0,0,0
645,645,0,489,509,1,0,0,0,0,1,0,下位,0,0,0
838,838,0,1849,1912,1,0,0,0,0,1,0,下位,0,0,0
412,412,0,2063,2351,1,0,0,0,0,1,0,下位,0,0,0
245,245,0,292,217,0,0,0,412,2577,1932,16,下位,0,0,0
456,456,0,1053,1349,0,1,245,412,2577,1932,16,下位,0,245,443
688,688,0,1558,1578,0,0,0,701,1575,345,7,下位,0,0,0
280,280,0,284,193,0,0,0,688,1804,1071,8,下位,0,0,0
254,254,0,286,201,0,1,280,688,1804,1071,8,下位,0,280,419
262,262,0,286,201,0,2,534,688,1804,1071,8,下位,0,254,427
597,597,0,830,858,0,3,796,688,1804,1071,8,下位,0,262,427
300,300,0,811,866,0,0,0,1393,1084,1244,5,下位,0,0,0
278,278,0,2402,4052,1,0,0,0,0,1,0,下位,0,0,0
1042,1042,0,924,853,0,0,0,278,4278,1252,16,下位,0,0,0
228,228,0,591,549,1,0,0,0,0,1,0,下位,0,0,0
251,251,0,284,193,0,0,0,228,775,419,2,下位,0,0,0
838,838,0,468,527,0,1,251,228,775,419,2,下位,0,251,419
241,241,0,2409,3065,0,0,0,1089,753,-115,1,下位,0,0,0
548,548,0,2175,1615,0,0,0,241,3291,693,18,下位,0,0,0
248,248,0,286,201,0,0,0,548,1841,1675,13,下位,0,0,0
204,204,0,481,559,0,1,248,548,1841,1675,13,下位,0,248,427
243,243,0,558,388,1,0,0,0,0,1,0,下位,0,0,0
273,273,0,284,193,1,0,0,0,0,1,0,下位,0,0,0
941,941,0,281,185,1,1,273,0,0,1,0,下位,0,273,419
247,247,0,281,185,1,2,1214,0,0,1,0,下位,0,941,411
440,440,0,274,165,1,3,1461,0,0,1,0,下位,0,247,411
728,728,0,297,233,1,4,1901,0,0,1,0,下位,0,440,391
228,228,0,288,207,1,5,2629,0,0,1,0,下位,0,728,459
236,236,0,808,897,1,6,2857,0,0,1,0,下位,0,228,433
856,856,0,292,217,1,0,0,0,0,1,0,下位,0,0,0
435,435,0,281,185,1,1,856,0,0,1,0,下位,0,856,443
824,824,0,292,217,1,2,1291,0,0,1,0,下位,0,435,411
502,502,0,281,185,1,3,2115,0,0,1,0,下位,0,824,443
236,236,0,821,1288,1,4,2617,0,0,1,0,下位,0,502,411
248,248,0,472,507,0,0,0,2853,1514,-1250,3,下位,0,0,0
348,348,0,467,519,1,0,0,0,0,1,0,下位,0,0,0
619,619,0,658,615,0,0,0,348,745,201,1,下位,0,0,0
294,294,0,431,637,0,0,0,619,841,72,3,下位,0,0,0
1081,1081,0,281,185,0,0,0,294,863,474,1,下位,0,0,0
587,587,0,1430,1603,0,1,1081,294,863,474,1,下位,0,1081,411
157,157,0,286,201,1,0,0,0,0,1,0,下位,0,0,0
261,261,0,283,191,1,1,157,0,0,1,0,下位,0,157,427
825,825,0,281,185,1,2,418,0,0,1,0,下位,0,261,417
826,826,0,292,217,1,3,1243,0,0,1,0,下位,0,825,411
279,279,0,538,668,1,4,2069,0,0,1,0,下位,0,826,443
434,434,0,284,193,1,0,0,0,0,1,0,下位,0,0,0
204,204,0,278,177,1,1,434,0,0,1,0,下位,0,434,419
249,249,0,278,177,1,2,638,0,0,1,0,下位,0,204,403
238,238,0,281,185,1,3,887,0,0,1,0,下位,0,249,403
643,643,0,469,516,1,4,1125,0,0,1,0,下位,0,238,411
434,434,0,624,510,1,0,0,0,0,1,0,下位,0,0,0
255,255,0,459,581,0,0,0,434,736,57,2,下位,0,0,0
270,270,0,2760,4037,0,0,0,255,807,464,1,下位,0,0,0
852,852,0,282,189,0,0,0,270,4263,2173,23,下位,0,0,0
454,454,0,284,193,0,1,852,270,4263,2173,23,下位,0,852,415
617,617,0,508,446,0,2,1306,270,4263,2173,23,下位,0,454,419
440,440,0,2159,2392,1,0,0,0,0,1,0,下位,0,0,0
128,128,0,284,193,1,0,0,0,0,1,0,下位,0,0,0
841,841,0,548,453,1,1,128,0,0,1,0,下位,0,128,419
397,397,0,1692,2030,1,0,0,0,0,1,0,下位,0,0,0
496,496,0,289,209,1,0,0,0,0,1,0,下位,0,0,0
646,646,0,1185,1590,1,1,496,0,0,1,0,下位,0,496,435
350,350,0,677,876,1,0,0,0,0,1,0,下位,0,0,0
240,240,0,286,201,0,0,0,350,1102,554,2,下位,0,0,0
443,443,0,521,460,0,1,240,350,1102,554,2,下位,0,240,427
274,274,0,281,185,0,0,0,683,686,597,1,下位,0,0,0
1148,1148,0,474,508,0,1,274,683,686,597,1,下位,0,274,411
887,887,0,565,378,1,0,0,0,0,1,0,下位,0,0,0
561,561,0,1045,1009,1,0,0,0,0,1,0,下位,0,0,0
431,431,0,2475,3177,1,0,0,0,0,1,0,下位,0,0,0
651,651,0,762,679,1,0,0,0,0,1,0,下位,0,0,0
56,56,0,2365,3224,1,0,0,0,0,1,0,下位,0,0,0
629,629,0,721,807,0,0,0,56,3450,1289,18,下位,0,0,0
353,353,0,1089,1241,1,0,0,0,0,1,0,下位,0,0,0
868,868,0,441,596,1,0,0,0,0,1,0,下位,0,0,0
278,278,0,278,177,1,0,0,0,0,1,0,下位,0,0,0
275,275,0,778,769,1,1,278,0,0,1,0,下位,0,278,403
226,226,0,284,193,1,0,0,0,0,1,0,下位,0,0,0
410,410,0,494,539,1,1,226,0,0,1,0,下位,0,226,419
842,842,0,278,177,1,0,0,0,0,1,0,下位,0,0,0
225,225,0,294,225,1,1,842,0,0,1,0,下位,0,842,403
548,548,0,783,722,1,2,1067,0,0,1,0,下位,0,225,451
218,218,0,1687,2589,1,0,0,0,0,1,0,下位,0,0,0
224,224,0,297,233,1,0,0,0,0,1,0,下位,0,0,0
249,249,0,289,209,1,1,224,0,0,1,0,下位,0,224,459
239,239,0,286,201,1,2,473,0,0,1,0,下位,0,249,435
434,434,0,286,201,1,3,712,0,0,1,0,下位,0,239,427
274,274,0,284,193,1,4,1146,0,0,1,0,下位,0,434,427
787,787,0,281,185,1,5,1420,0,0,1,0,下位,0,274,419
238,238,0,773,950,1,6,2207,0,0,1,0,下位,0,787,411
855,855,0,633,646,1,0,0,0,0,1,0,下位,0,0,0
126,126,0,292,217,1,0,0,0,0,1,0,下位,0,0,0
615,615,0,869,887,1,1,126,0,0,1,0,下位,0,126,443
262,262,0,292,217,1,0,0,0,0,1,0,下位,0,0,0
825,825,0,495,537,1,1,262,0,0,1,0,下位,0,262,443
261,261,0,1014,921,1,0,0,0,0,1,0,下位,0,0,0
414,414,0,284,193,1,0,0,0,0,1,0,下位,0,0,0
894,894,0,281,185,1,1,414,0,0,1,0,下位,0,414,419
249,249,0,286,201,1,2,1308,0,0,1,0,下位,0,894,411
469,469,0,294,225,1,3,1557,0,0,1,0,下位,0,249,427
175,175,0,286,201,1,4,2026,0,0,1,0,下位,0,469,451
354,354,0,536,448,1,5,2201,0,0,1,0,下位,0,175,427
418,418,0,474,532,1,0,0,0,0,1,0,下位,0,0,0
644,644,0,289,209,0,0,0,418,758,104,1,下位,0,0,0
1255,1255,0,1375,1468,0,1,644,418,758,104,1,下位,0,644,435
334,334,0,284,193,1,0,0,0,0,1,0,下位,0,0,0
342,342,0,1858,2022,1,1,334,0,0,1,0,下位,0,334,419
653,653,0,286,199,1,0,0,0,0,1,0,下位,0,0,0
648,648,0,286,201,1,1,653,0,0,1,0,下位,0,653,425
644,644,0,278,177,1,2,1301,0,0,1,0,下位,0,648,427
635,635,0,499,517,1,3,1945,0,0,1,0,下位,0,644,403
638,638,0,3186,3608,1,0,0,0,0,1,0,下位,0,0,0
395,395,0,557,411,0,0,0,638,3834,547,22,下位,0,0,0
824,824,0,479,537,1,0,0,0,0,1,0,下位,0,0,0
830,830,0,464,560,1,0,0,0,0,1,0,下位,0,0,0
840,840,0,1058,1324,1,0,0,0,0,1,0,下位,0,0,0
289,289,0,297,233,1,0,0,0,0,1,0,下位,0,0,0
764,764,0,281,185,1,1,289,0,0,1,0,下位,0,289,459
239,239,0,284,193,1,2,1053,0,0,1,0,下位,0,764,411
230,230,0,533,525,1,3,1292,0,0,1,0,下位,0,239,419
280,280,0,284,193,1,0,0,0,0,1,0,下位,0,0,0
291,291,0,280,182,1,1,280,0,0,1,0,下位,0,280,419
676,676,0,757,925,1,2,571,0,0,1,0,下位,0,291,408
249,249,0,281,185,0,0,0,1247,1151,24,3,下位,0,0,0
830,830,0,733,490,0,1,249,1247,1151,24,3,下位,0,249,411
573,573,0,289,209,1,0,0,0,0,1,0,下位,0,0,0
875,875,0,542,422,1,1,573,0,0,1,0,下位,0,573,435
180,180,0,281,185,0,0,0,1448,648,-1185,1,下位,0,0,0
235,235,0,462,509,0,1,180,1448,648,-1185,1,下位,0,180,411
93,93,0,286,201,1,0,0,0,0,1,0,下位,0,0,0
853,853,0,289,209,1,1,93,0,0,1,0,下位,0,93,427
287,287,0,482,510,1,2,946,0,0,1,0,下位,0,853,435
442,442,0,284,193,1,0,0,0,0,1,0,下位,0,0,0
248,248,0,773,651,1,1,442,0,0,1,0,下位,0,442,419
122,122,0,3093,4693,1,0,0,0,0,1,0,下位,0,0,0
163,163,0,734,780,1,0,0,0,0,1,0,下位,0,0,0
249,249,0,474,534,0,0,0,163,1006,752,4,下位,0,0,0
653,653,0,284,193,1,0,0,0,0,1,0,下位,0,0,0
530,530,0,278,177,1,1,653,0,0,1,0,下位,0,653,419
323,323,0,804,673,1,2,1183,0,0,1,0,下位,0,530,403
296,296,0,1155,1120,1,0,0,0,0,1,0,下位,0,0,0
244,244,0,1402,1648,1,0,0,0,0,1,0,下位,0,0,0
252,252,0,1208,970,1,0,0,0,0,1,0,下位,0,0,0
315,315,0,281,185,0,0,0,252,1196,802,7,下位,0,0,0
728,728,0,1412,1808,0,1,315,252,1196,802,7,下位,0,315,411
838,838,0,601,522,1,0,0,0,0,1,0,下位,0,0,0
176,176,0,289,209,1,0,0,0,0,1,0,下位,0,0,0
441,441,0,482,481,1,1,176,0,0,1,0,下位,0,176,435
873,873,0,532,628,1,0,0,0,0,1,0,下位,0,0,0
230,230,0,286,201,1,0,0,0,0,1,0,下位,0,0,0
256,256,0,292,217,1,1,230,0,0,1,0,下位,0,230,427
1235,1235,0,284,193,1,2,486,0,0,1,0,下位,0,256,443
249,249,0,292,217,1,3,1721,0,0,1,0,下位,0,1235,419
259,259,0,292,217,1,4,1970,0,0,1,0,下位,0,249,443
458,458,0,281,185,1,5,2229,0,0,1,0,下位,0,259,443
565,565,0,281,185,1,6,2687,0,0,1,0,下位,0,458,411
181,181,0,657,622,1,7,3252,0,0,1,0,下位,0,565,411
25,25,0,292,217,1,0,0,0,0,1,0,下位,0,0,0
982,982,0,450,582,1,1,25,0,0,1,0,下位,0,25,443
166,166,0,493,552,0,0,0,1007,808,-326,1,下位,0,0,0
270,270,0,294,225,0,0,0,166,778,192,1,下位,0,0,0
241,241,0,483,554,0,1,270,166,778,192,1,下位,0,270,451
552,552,0,281,185,1,0,0,0,0,1,0,下位,0,0,0
240,240,0,974,1151,1,1,552,0,0,1,0,下位,0,552,411
260,260,0,692,663,1,0,0,0,0,1,0,下位,0,0,0
440,440,0,1548,1804,1,0,0,0,0,1,0,下位,0,0,0
460,460,0,562,407,0,0,0,440,2030,1341,9,下位,0,0,0
446,446,0,284,193,0,0,0,460,633,1253,1,下位,0,0,0
220,220,0,2164,3164,0,1,446,460,633,1253,1,下位,0,446,419
923,923,0,1419,1236,0,0,0,666,3390,1502,13,下位,0,0,0
326,326,0,684,889,1,0,0,0,0,1,0,下位,0,0,0
268,268,0,284,193,1,0,0,0,0,1,0,下位,0,0,0
646,646,0,284,193,1,1,268,0,0,1,0,下位,0,268,419
437,437,0,284,193,1,2,914,0,0,1,0,下位,0,646,419
359,359,0,947,1262,1,3,1351,0,0,1,0,下位,0,437,419
443,443,0,2655,4230,1,0,0,0,0,1,0,下位,0,0,0
355,355,0,288,207,0,0,0,443,4456,1481,19,下位,0,0,0
830,830,0,1112,1193,0,1,355,443,4456,1481,19,下位,0,355,433
459,459,0,292,217,1,0,0,0,0,1,0,下位,0,0,0
425,425,0,284,193,1,1,459,0,0,1,0,下位,0,459,443
418,418,0,281,185,1,2,884,0,0,1,0,下位,0,425,419
255,255,0,281,185,1,3,1302,0,0,1,0,下位,0,418,411
242,242,0,281,185,1,4,1557,0,0,1,0,下位,0,255,411
196,196,0,286,201,1,5,1799,0,0,1,0,下位,0,242,411
448,448,0,888,922,1,6,1995,0,0,1,0,下位,0,196,427
52,52,0,1163,985,1,0,0,0,0,1,0,下位,0,0,0
203,203,0,286,201,0,0,0,52,1211,1130,4,下位,0,0,0
168,168,0,286,201,0,1,203,52,1211,1130,4,下位,0,203,427
848,848,0,547,630,0,2,371,52,1211,1130,4,下位,0,168,427
448,448,0,1459,1390,0,0,0,1219,856,930,2,下位,0,0,0
527,527,0,1407,1644,0,0,0,448,1616,1844,9,下位,0,0,0
850,850,0,880,1185,0,0,0,527,1870,678,7,下位,0,0,0
240,240,0,1176,1297,0,0,0,850,1411,757,3,下位,0,0,0
19,19,0,1102,1160,1,0,0,0,0,1,0,下位,0,0,0
1001,1001,0,283,190,0,0,0,19,1386,1357,5,下位,0,0,0
927,927,0,286,201,0,1,1001,19,1386,1357,5,下位,0,1001,416
331,331,0,278,175,0,2,1928,19,1386,1357,5,下位,0,927,427
516,516,0,2304,2735,0,3,2259,19,1386,1357,5,下位,0,331,401
820,820,0,278,177,1,0,0,0,0,1,0,下位,0,0,0
548,548,0,278,177,1,1,820,0,0,1,0,下位,0,820,403
195,195,0,284,193,1,2,1368,0,0,1,0,下位,0,548,403
704,704,0,286,201,1,3,1563,0,0,1,0,下位,0,195,419
1141,1141,0,527,449,1,4,2267,0,0,1,0,下位,0,704,427
843,843,0,867,1238,1,0,0,0,0,1,0,下位,0,0,0
257,257,0,289,209,1,0,0,0,0,1,0,下位,0,0,0
297,297,0,751,773,1,1,257,0,0,1,0,下位,0,257,435
817,817,0,565,602,1,0,0,0,0,1,0,下位,0,0,0
253,253,0,286,201,0,0,0,817,828,-452,2,下位,0,0,0
252,252,0,1126,1147,0,1,253,817,828,-452,2,下位,0,253,427
760,760,0,723,861,0,0,0,505,1373,556,5,下位,0,0,0
221,221,0,548,403,1,0,0,0,0,1,0,下位,0,0,0
261,261,0,480,572,0,0,0,221,629,284,1,下位,0,0,0
462,462,0,3508,5028,0,0,0,261,798,673,1,下位,0,0,0
80,80,0,286,201,1,0,0,0,0,1,0,下位,0,0,0
255,255,0,286,201,1,1,80,0,0,1,0,下位,0,80,427
291,291,0,281,185,1,2,335,0,0,1,0,下位,0,255,427
283,283,0,1684,1771,1,3,626,0,0,1,0,下位,0,291,411
80,80,0,278,177,1,0,0,0,0,1,0,下位,0,0,0
828,828,0,281,185,1,1,80,0,0,1,0,下位,0,80,403
644,644,0,292,217,1,2,908,0,0,1,0,下位,0,828,411
1162,1162,0,489,558,1,3,1552,0,0,1,0,下位,0,644,443
221,221,0,1075,1510,0,0,0,2714,784,-2211,1,下位,0,0,0
80,80,0,281,185,1,0,0,0,0,1,0,下位,0,0,0
430,430,0,496,534,1,1,80,0,0,1,0,下位,0,80,411
609,609,0,284,193,0,0,0,510,760,373,1,下位,0,0,0
259,259,0,562,545,0,1,609,510,760,373,1,下位,0,609,419
167,167,0,292,217,0,0,0,868,771,202,2,下位,0,0,0
236,236,0,582,436,0,1,167,868,771,202,2,下位,0,167,443
485,485,0,627,680,1,0,0,0,0,1,0,下位,0,0,0
168,168,0,292,217,0,0,0,485,906,147,3,下位,0,0,0
247,247,0,745,709,0,1,168,485,906,147,3,下位,0,168,443
625,625,0,535,445,0,0,0,415,935,875,2,下位,0,0,0
49,49,0,3707,5219,1,0,0,0,0,1,0,下位,0,0,0
107,107,0,577,584,1,0,0,0,0,1,0,下位,0,0,0
505,505,0,284,193,0,0,0,107,810,643,2,下位,0,0,0
250,250,0,289,209,0,1,505,107,810,643,2,下位,0,505,419
1089,1089,0,590,538,0,2,755,107,810,643,2,下位,0,250,435
531,531,0,452,603,1,0,0,0,0,1,0,下位,0,0,0
273,273,0,292,217,0,0,0,531,829,-2,1,下位,0,0,0
450,450,0,297,233,0,1,273,531,829,-2,1,下位,0,273,443
549,549,0,476,565,0,2,723,531,829,-2,1,下位,0,450,459
921,921,0,286,201,0,0,0,1272,791,-303,1,下位,0,0,0
332,332,0,284,193,0,1,921,1272,791,-303,1,下位,0,921,427
452,452,0,564,404,0,2,1253,1272,791,-303,1,下位,0,332,419
56,56,0,266,141,1,0,0,0,0,1,0,下位,0,0,0
194,194,0,284,193,1,1,56,0,0,1,0,下位,0,56,367
270,270,0,284,193,1,2,250,0,0,1,0,下位,0,194,419
303,303,0,286,201,1,3,520,0,0,1,0,下位,0,270,419
344,344,0,1157,1176,1,4,823,0,0,1,0,下位,0,303,427
131,131,0,1693,2205,1,0,0,0,0,1,0,下位,0,0,0
282,282,0,278,177,1,0,0,0,0,1,0,下位,0,0,0
278,278,0,286,201,1,1,282,0,0,1,0,下位,0,282,403
772,772,0,284,193,1,2,560,0,0,1,0,下位,0,278,427
434,434,0,286,201,1,3,1332,0,0,1,0,下位,0,772,419
645,645,0,533,525,1,4,1766,0,0,1,0,下位,0,434,427
33,33,0,547,430,1,0,0,0,0,1,0,下位,0,0,0
370,370,0,1578,2521,1,0,0,0,0,1,0,下位,0,0,0
417,417,0,487,550,1,0,0,0,0,1,0,下位,0,0,0
565,565,0,4119,6475,0,0,0,417,776,123,1,下位,0,0,0
158,158,0,1479,1627,0,0,0,565,6701,1369,37,下位,0,0,0
492,492,0,292,217,0,0,0,158,1853,808,10,下位,0,0,0
228,228,0,286,201,0,1,492,158,1853,808,10,下位,0,492,443
264,264,0,488,499,0,2,720,158,1853,808,10,下位,0,228,427
66,66,0,1872,2688,1,0,0,0,0,1,0,下位,0,0,0
241,241,0,1016,1020,0,0,0,66,2914,332,16,下位,0,0,0
217,217,0,284,193,0,0,0,241,1246,1200,3,下位,0,0,0
832,832,0,281,185,0,1,217,241,1246,1200,3,下位,0,217,419
242,242,0,281,185,0,2,1049,241,1246,1200,3,下位,0,832,411
240,240,0,281,185,0,3,1291,241,1246,1200,3,下位,0,242,411
273,273,0,281,185,0,4,1531,241,1246,1200,3,下位,0,240,411
433,433,0,284,193,0,5,1804,241,1246,1200,3,下位,0,273,411
250,250,0,549,464,0,6,2237,241,1246,1200,3,下位,0,433,419
715,715,0,431,633,1,0,0,0,0,1,0,下位,0,0,0
669,669,0,281,185,1,0,0,0,0,1,0,下位,0,0,0
449,449,0,479,537,1,1,669,0,0,1,0,下位,0,669,411
144,144,0,1020,1327,1,0,0,0,0,1,0,下位,0,0,0
797,797,0,284,193,0,0,0,144,1553,1328,5,下位,0,0,0
227,227,0,286,201,0,1,797,144,1553,1328,5,下位,0,797,419
340,340,0,289,209,0,2,1024,144,1553,1328,5,下位,0,227,427
1140,1140,0,566,437,0,3,1364,144,1553,1328,5,下位,0,340,435
232,232,0,1122,2692,0,0,0,2504,663,-653,1,下位,0,0,0
384,384,0,926,1345,0,0,0,232,2918,1901,6,下位,0,0,0
232,232,0,459,568,0,0,0,384,1571,753,6,下位,0,0,0
594,594,0,913,1027,1,0,0,0,0,1,0,下位,0,0,0
468,468,0,2149,2285,0,0,0,594,1253,323,4,下位,0,0,0
243,243,0,286,201,0,0,0,468,2511,2100,14,下位,0,0,0
601,601,0,484,551,0,1,243,468,2511,2100,14,下位,0,243,427
270,270,0,687,848,0,0,0,844,777,1981,1,下位,0,0,0
115,115,0,737,776,1,0,0,0,0,1,0,下位,0,0,0
245,245,0,2466,3492,0,0,0,115,1002,823,4,下位,0,0,0
854,854,0,2413,3078,1,0,0,0,0,1,0,下位,0,0,0
457,457,0,281,185,0,0,0,854,3304,1966,16,下位,0,0,0
1142,1142,0,735,733,0,1,457,854,3304,1966,16,下位,0,457,411
287,287,0,286,201,1,0,0,0,0,1,0,下位,0,0,0
238,238,0,283,191,1,1,287,0,0,1,0,下位,0,287,427
1250,1250,0,524,414,1,2,525,0,0,1,0,下位,0,238,417
331,331,0,1807,2581,1,0,0,0,0,1,0,下位,0,0,0
151,151,0,284,193,1,0,0,0,0,1,0,下位,0,0,0
654,654,0,278,177,1,1,151,0,0,1,0,下位,0,151,419
236,236,0,281,185,1,2,805,0,0,1,0,下位,0,654,403
197,197,0,289,209,1,3,1041,0,0,1,0,下位,0,236,411
530,530,0,281,185,1,4,1238,0,0,1,0,下位,0,197,435
570,570,0,281,185,1,5,1768,0,0,1,0,下位,0,530,411
331,331,0,567,448,1,6,2338,0,0,1,0,下位,0,570,411
343,343,0,690,892,0,0,0,2669,674,-1019,1,下位,0,0,0
994,994,0,454,638,0,0,0,343,1118,-439,2,下位,0,0,0
340,340,0,1964,1963,0,0,0,994,864,-1133,1,下位,0,0,0
847,847,0,286,201,1,0,0,0,0,1,0,下位,0,0,0
152,152,0,433,641,1,1,847,0,0,1,0,下位,0,847,427
168,168,0,468,541,0,0,0,999,867,-271,1,下位,0,0,0
139,139,0,278,177,1,0,0,0,0,1,0,下位,0,0,0
398,398,0,2372,2759,1,1,139,0,0,1,0,下位,0,139,403
563,563,0,2361,3346,0,0,0,537,2985,348,20,下位,0,0,0
820,820,0,516,607,1,0,0,0,0,1,0,下位,0,0,0
851,851,0,1019,1153,1,0,0,0,0,1,0,下位,0,0,0
772,772,0,815,831,1,0,0,0,0,1,0,下位,0,0,0
1055,1055,0,281,185,0,0,0,772,1057,-152,3,下位,0,0,0
247,247,0,281,185,0,1,1055,772,1057,-152,3,下位,0,1055,411
207,207,0,289,209,0,2,1302,772,1057,-152,3,下位,0,247,411
338,338,0,1276,1531,0,3,1509,772,1057,-152,3,下位,0,207,435
235,235,0,784,769,1,0,0,0,0,1,0,下位,0,0,0
829,829,0,1540,1432,1,0,0,0,0,1,0,下位,0,0,0
850,850,0,289,209,1,0,0,0,0,1,0,下位,0,0,0
1147,1147,0,478,538,1,1,850,0,0,1,0,下位,0,850,435
628,628,0,813,674,1,0,0,0,0,1,0,下位,0,0,0
1010,1010,0,534,676,0,0,0,628,900,-83,2,下位,0,0,0
169,169,0,280,183,0,0,0,1010,902,-764,2,下位,0,0,0
246,246,0,931,1291,0,1,169,1010,902,-764,2,下位,0,169,409
522,522,0,2131,2771,0,0,0,415,1517,511,4,下位,0,0,0
860,860,0,491,555,1,0,0,0,0,1,0,下位,0,0,0
681,681,0,1540,2475,1,0,0,0,0,1,0,下位,0,0,0
236,236,0,1339,1569,0,0,0,681,2701,1635,10,下位,0,0,0
153,153,0,280,183,0,0,0,236,1795,1005,6,下位,0,0,0
171,171,0,1803,2939,0,1,153,236,1795,1005,6,下位,0,153,409
460,460,0,286,199,1,0,0,0,0,1,0,下位,0,0,0
649,649,0,2831,3474,1,1,460,0,0,1,0,下位,0,460,425
628,628,0,278,177,1,0,0,0,0,1,0,下位,0,0,0
437,437,0,924,1308,1,1,628,0,0,1,0,下位,0,628,403
213,213,0,286,201,1,0,0,0,0,1,0,下位,0,0,0
236,236,0,281,185,1,1,213,0,0,1,0,下位,0,213,427
454,454,0,520,627,1,2,449,0,0,1,0,下位,0,236,411
245,245,0,1778,1813,0,0,0,903,853,276,2,下位,0,0,0
346,346,0,286,199,1,0,0,0,0,1,0,下位,0,0,0
425,425,0,284,193,1,1,346,0,0,1,0,下位,0,346,425
268,268,0,288,207,1,2,771,0,0,1,0,下位,0,425,419
266,266,0,289,209,1,3,1039,0,0,1,0,下位,0,268,433
508,508,0,284,193,1,4,1305,0,0,1,0,下位,0,266,435
429,429,0,280,183,1,5,1813,0,0,1,0,下位,0,508,419
368,368,0,289,209,1,6,2242,0,0,1,0,下位,0,429,409
261,261,0,286,201,1,7,2610,0,0,1,0,下位,0,368,435
289,289,0,284,193,1,8,2871,0,0,1,0,下位,0,261,427
677,677,0,873,933,1,9,3160,0,0,1,0,下位,0,289,419
820,820,0,895,879,1,0,0,0,0,1,0,下位,0,0,0
370,370,0,648,696,1,0,0,0,0,1,0,下位,0,0,0
847,847,0,294,225,0,0,0,370,922,343,3,下位,0,0,0
989,989,0,824,798,0,1,847,370,922,343,3,下位,0,847,451
840,840,0,284,193,0,0,0,1836,1024,-1060,3,下位,0,0,0
232,232,0,1029,1088,0,1,840,1836,1024,-1060,3,下位,0,840,419
425,425,0,529,446,1,0,0,0,0,1,0,下位,0,0,0
656,656,0,289,209,1,0,0,0,0,1,0,下位,0,0,0
850,850,0,2142,3754,1,1,656,0,0,1,0,下位,0,656,435
819,819,0,699,627,1,0,0,0,0,1,0,下位,0,0,0
689,689,0,284,193,1,0,0,0,0,1,0,下位,0,0,0
245,245,0,1014,959,1,1,689,0,0,1,0,下位,0,689,419
258,258,0,688,796,0,0,0,934,1185,141,5,下位,0,0,0
42,42,0,286,201,1,0,0,0,0,1,0,下位,0,0,0
1046,1046,0,278,177,1,1,42,0,0,1,0,下位,0,42,427
1141,1141,0,281,185,1,2,1088,0,0,1,0,下位,0,1046,403
352,352,0,286,201,1,3,2229,0,0,1,0,下位,0,1141,411
148,148,0,509,563,1,4,2581,0,0,1,0,下位,0,352,427
394,394,0,685,590,0,0,0,2729,789,-1819,1,下位,0,0,0
619,619,0,281,185,1,0,0,0,0,1,0,下位,0,0,0
838,838,0,286,201,1,1,619,0,0,1,0,下位,0,619,411
234,234,0,284,193,1,2,1457,0,0,1,0,下位,0,838,427
836,836,0,828,565,1,3,1691,0,0,1,0,下位,0,234,419
1218,1218,0,2709,3414,0,0,0,2527,791,-1911,4,下位,0,0,0
829,829,0,294,225,1,0,0,0,0,1,0,下位,0,0,0
618,618,0,284,193,1,1,829,0,0,1,0,下位,0,829,451
453,453,0,280,183,1,2,1447,0,0,1,0,下位,0,618,419
246,246,0,281,185,1,3,1900,0,0,1,0,下位,0,453,409
644,644,0,292,217,1,4,2146,0,0,1,0,下位,0,246,411
630,630,0,284,193,1,5,2790,0,0,1,0,下位,0,644,443
271,271,0,714,575,1,6,3420,0,0,1,0,下位,0,630,419
867,867,0,2674,3868,1,0,0,0,0,1,0,下位,0,0,0
1135,1135,0,1092,1071,0,0,0,867,4094,668,20,下位,0,0,0
1071,1071,0,1249,1190,0,0,0,1135,1297,186,4,下位,0,0,0
785,785,0,284,193,1,0,0,0,0,1,0,下位,0,0,0
238,238,0,286,199,1,1,785,0,0,1,0,下位,0,785,419
469,469,0,288,207,1,2,1023,0,0,1,0,下位,0,238,425
272,272,0,286,201,1,3,1492,0,0,1,0,下位,0,469,433
653,653,0,1295,1978,1,4,1764,0,0,1,0,下位,0,272,427
317,317,0,1845,1929,1,0,0,0,0,1,0,下位,0,0,0
220,220,0,286,201,0,0,0,317,2155,1659,12,下位,0,0,0
322,322,0,477,504,0,1,220,317,2155,1659,12,下位,0,220,427
534,534,0,750,974,1,0,0,0,0,1,0,下位,0,0,0
18,18,0,2489,3378,1,0,0,0,0,1,0,下位,0,0,0
861,861,0,757,890,1,0,0,0,0,1,0,下位,0,0,0
727,727,0,1167,1691,0,0,0,861,1116,-233,3,下位,0,0,0
848,848,0,297,233,1,0,0,0,0,1,0,下位,0,0,0
1259,1259,0,286,201,1,1,848,0,0,1,0,下位,0,848,459
568,568,0,425,617,1,2,2107,0,0,1,0,下位,0,1259,427
342,342,0,645,539,1,0,0,0,0,1,0,下位,0,0,0
357,357,0,286,201,1,0,0,0,0,1,0,下位,0,0,0
506,506,0,1307,1895,1,1,357,0,0,1,0,下位,0,357,427
445,445,0,289,209,0,0,0,863,2121,1196,5,下位,0,0,0
438,438,0,1045,1568,0,1,445,863,2121,1196,5,下位,0,445,435
238,238,0,3417,4923,0,0,0,883,1794,2041,6,下位,0,0,0
365,365,0,1341,1640,1,0,0,0,0,1,0,下位,0,0,0
822,822,0,284,193,1,0,0,0,0,1,0,下位,0,0,0
672,672,0,1113,1461,1,1,822,0,0,1,0,下位,0,822,419
702,702,0,529,446,1,0,0,0,0,1,0,下位,0,0,0
775,775,0,1098,1065,1,0,0,0,0,1,0,下位,0,0,0
96,96,0,292,217,1,0,0,0,0,1,0,下位,0,0,0
512,512,0,286,201,1,1,96,0,0,1,0,下位,0,96,443
743,743,0,278,177,1,2,608,0,0,1,0,下位,0,512,427
246,246,0,1320,1167,1,3,1351,0,0,1,0,下位,0,743,403
261,261,0,288,207,1,0,0,0,0,1,0,下位,0,0,0
604,604,0,616,782,1,1,261,0,0,1,0,下位,0,261,433
107,107,0,292,217,1,0,0,0,0,1,0,下位,0,0,0
237,237,0,288,207,1,1,107,0,0,1,0,下位,0,107,443
836,836,0,284,193,1,2,344,0,0,1,0,下位,0,237,433
1120,1120,0,522,488,1,3,1180,0,0,1,0,下位,0,836,419
252,252,0,733,735,1,0,0,0,0,1,0,下位,0,0,0
787,787,0,743,1009,1,0,0,0,0,1,0,下位,0,0,0
222,222,0,292,217,0,0,0,787,1235,2,3,下位,0,0,0
442,442,0,278,175,0,1,222,787,1235,2,3,下位,0,222,443
284,284,0,284,193,0,2,664,787,1235,2,3,下位,0,442,401
243,243,0,283,191,0,3,948,787,1235,2,3,下位,0,284,419
230,230,0,284,193,0,4,1191,787,1235,2,3,下位,0,243,417
448,448,0,281,185,0,5,1421,787,1235,2,3,下位,0,230,419
921,921,0,489,510,0,6,1869,787,1235,2,3,下位,0,448,411
79,79,0,874,702,1,0,0,0,0,1,0,下位,0,0,0
523,523,0,535,395,0,0,0,79,928,805,5,下位,0,0,0
730,730,0,837,762,0,0,0,523,621,606,1,下位,0,0,0
490,490,0,817,971,0,0,0,730,988,450,5,下位,0,0,0
496,496,0,281,185,1,0,0,0,0,1,0,下位,0,0,0
258,258,0,547,394,1,1,496,0,0,1,0,下位,0,496,411
757,757,0,857,1215,1,0,0,0,0,1,0,下位,0,0,0
164,164,0,662,973,0,0,0,757,1441,255,3,下位,0,0,0
386,386,0,583,610,0,0,0,164,1199,1197,2,下位,0,0,0
279,279,0,428,625,1,0,0,0,0,1,0,下位,0,0,0
258,258,0,3956,5822,0,0,0,279,851,415,1,下位,0,0,0
460,460,0,281,185,0,0,0,258,6048,1959,26,下位,0,0,0
483,483,0,281,185,0,1,460,258,6048,1959,26,下位,0,460,411
455,455,0,473,510,0,2,943,258,6048,1959,26,下位,0,483,411
367,367,0,428,625,0,0,0,1398,736,1326,1,下位,0,0,0
607,607,0,278,177,1,0,0,0,0,1,0,下位,0,0,0
268,268,0,843,815,1,1,607,0,0,1,0,下位,0,607,403
315,315,0,281,185,0,0,0,875,1041,74,3,下位,0,0,0
664,664,0,280,182,0,1,315,875,1041,74,3,下位,0,315,411
792,792,0,294,225,0,2,979,875,1041,74,3,下位,0,664,408
528,528,0,284,193,0,3,1771,875,1041,74,3,下位,0,792,451
441,441,0,647,497,0,4,2299,875,1041,74,3,下位,0,528,419
699,699,0,584,585,1,0,0,0,0,1,0,下位,0,0,0
450,450,0,281,185,0,0,0,699,811,-284,2,下位,0,0,0
617,617,0,476,542,0,1,450,699,811,-284,2,下位,0,450,411
69,69,0,439,347,1,0,0,0,0,1,0,下位,0,0,0
236,236,0,288,206,0,0,0,69,573,466,2,下位,0,0,0
280,280,0,1624,1383,0,1,236,69,573,466,2,下位,0,236,432
297,297,0,566,391,0,0,0,516,1609,1698,10,下位,0,0,0
1036,1036,0,285,198,0,0,0,297,617,1849,1,下位,0,0,0
812,812,0,285,198,0,1,1036,297,617,1849,1,下位,0,1036,424
1052,1052,0,730,708,0,2,1848,297,617,1849,1,下位,0,812,424
254,254,0,283,190,1,0,0,0,0,1,0,下位,0,0,0
253,253,0,1005,1371,1,1,254,0,0,1,0,下位,0,254,416
163,163,0,280,182,0,0,0,507,1597,1219,5,下位,0,0,0
646,646,0,986,984,0,1,163,507,1597,1219,5,下位,0,163,408
201,201,0,286,201,1,0,0,0,0,1,0,下位,0,0,0
433,433,0,281,185,1,1,201,0,0,1,0,下位,0,201,427
234,234,0,564,415,1,2,634,0,0,1,0,下位,0,433,411
316,316,0,489,545,1,0,0,0,0,1,0,下位,0,0,0
408,408,0,513,495,1,0,0,0,0,1,0,下位,0,0,0
294,294,0,294,225,0,0,0,408,721,83,1,下位,0,0,0
203,203,0,284,193,0,1,294,408,721,83,1,下位,0,294,451
475,475,0,778,754,0,2,497,408,721,83,1,下位,0,203,419
545,545,0,289,209,1,0,0,0,0,1,0,下位,0,0,0
540,540,0,283,191,1,1,545,0,0,1,0,下位,0,545,435
995,995,0,2035,2748,1,2,1085,0,0,1,0,下位,0,540,417
244,244,0,685,889,1,0,0,0,0,1,0,下位,0,0,0
270,270,0,291,214,0,0,0,244,1115,734,2,下位,0,0,0
449,449,0,657,482,0,1,270,244,1115,734,2,下位,0,270,440
263,263,0,456,586,1,0,0,0,0,1,0,下位,0,0,0
241,241,0,546,456,0,0,0,263,812,401,1,下位,0,0,0
875,875,0,297,233,1,0,0,0,0,1,0,下位,0,0,0
843,843,0,2845,3613,1,1,875,0,0,1,0,下位,0,875,459
733,733,0,284,193,1,0,0,0,0,1,0,下位,0,0,0
229,229,0,292,217,1,1,733,0,0,1,0,下位,0,733,419
278,278,0,436,536,1,2,962,0,0,1,0,下位,0,229,443
1235,1235,0,625,706,0,0,0,1240,762,-319,1,下位,0,0,0
152,152,0,283,191,0,0,0,1235,932,-1323,3,下位,0,0,0
246,246,0,590,559,0,1,152,1235,932,-1323,3,下位,0,152,417
721,721,0,281,185,1,0,0,0,0,1,0,下位,0,0,0
235,235,0,278,177,1,1,721,0,0,1,0,下位,0,721,411
1065,1065,0,3003,4239,1,2,956,0,0,1,0,下位,0,235,403
447,447,0,286,201,0,0,0,2021,4465,2113,20,下位,0,0,0
242,242,0,286,201,0,1,447,2021,4465,2113,20,下位,0,447,427
230,230,0,284,193,0,2,689,2021,4465,2113,20,下位,0,242,427
403,403,0,292,217,0,3,919,2021,4465,2113,20,下位,0,230,419
1170,1170,0,1024,1390,0,4,1322,2021,4465,2113,20,下位,0,403,443
255,255,0,561,445,0,0,0,2492,1616,1538,5,下位,0,0,0
226,226,0,1970,2796,1,0,0,0,0,1,0,下位,0,0,0
454,454,0,278,177,0,0,0,226,3022,350,13,下位,0,0,0
243,243,0,543,437,0,1,454,226,3022,350,13,下位,0,454,403
834,834,0,284,193,1,0,0,0,0,1,0,下位,0,0,0
259,259,0,284,193,1,1,834,0,0,1,0,下位,0,834,419
1231,1231,0,281,185,1,2,1093,0,0,1,0,下位,0,259,419
218,218,0,484,554,1,3,2324,0,0,1,0,下位,0,1231,411
523,523,0,294,225,1,0,0,0,0,1,0,下位,0,0,0
271,271,0,588,577,1,1,523,0,0,1,0,下位,0,523,451
941,941,0,292,217,0,0,0,794,803,10,2,下位,0,0,0
554,554,0,292,217,0,1,941,794,803,10,2,下位,0,941,443
254,254,0,286,201,0,2,1495,794,803,10,2,下位,0,554,443
237,237,0,286,201,0,3,1749,794,803,10,2,下位,0,254,427
380,380,0,281,185,0,4,1986,794,803,10,2,下位,0,237,427
250,250,0,281,185,0,5,2366,794,803,10,2,下位,0,380,411
237,237,0,478,515,0,6,2616,794,803,10,2,下位,0,250,411
19,19,0,1693,1911,1,0,0,0,0,1,0,下位,0,0,0
246,246,0,289,209,0,0,0,19,2137,2108,11,下位,0,0,0
458,458,0,642,931,0,1,246,19,2137,2108,11,下位,0,246,435
250,250,0,286,201,0,0,0,704,1157,338,2,下位,0,0,0
263,263,0,284,193,0,1,250,704,1157,338,2,下位,0,250,427
254,254,0,281,185,0,2,513,704,1157,338,2,下位,0,263,419
832,832,0,736,720,0,3,767,704,1157,338,2,下位,0,254,411
319,319,0,281,185,1,0,0,0,0,1,0,下位,0,0,0
796,796,0,472,544,1,1,319,0,0,1,0,下位,0,319,411
252,252,0,492,577,1,0,0,0,0,1,0,下位,0,0,0
255,255,0,1470,1260,0,0,0,252,803,409,1,下位,0,0,0
248,248,0,281,185,0,0,0,255,1486,1495,6,下位,0,0,0
245,245,0,631,1154,0,1,248,255,1486,1495,6,下位,0,248,411
575,575,0,289,209,0,0,0,493,1380,434,3,下位,0,0,0
948,948,0,480,546,0,1,575,493,1380,434,3,下位,0,575,435
366,366,0,3419,5284,1,0,0,0,0,1,0,下位,0,0,0
878,878,0,835,818,1,0,0,0,0,1,0,下位,0,0,0
55,55,0,284,193,1,0,0,0,0,1,0,下位,0,0,0
1235,1235,0,281,185,1,1,55,0,0,1,0,下位,0,55,419
228,228,0,477,540,1,2,1290,0,0,1,0,下位,0,1235,411
246,246,0,491,555,0,0,0,1518,766,-782,1,下位,0,0,0
237,237,0,286,201,1,0,0,0,0,1,0,下位,0,0,0
257,257,0,281,185,1,1,237,0,0,1,0,下位,0,237,427
346,346,0,734,1012,1,2,494,0,0,1,0,下位,0,257,411
212,212,0,3206,4026,1,0,0,0,0,1,0,下位,0,0,0
915,915,0,680,1030,0,0,0,212,4252,1518,25,下位,0,0,0
438,438,0,284,193,0,0,0,915,1256,1340,3,下位,0,0,0
507,507,0,289,209,0,1,438,915,1256,1340,3,下位,0,438,419
399,399,0,294,225,0,2,945,915,1256,1340,3,下位,0,507,435
166,166,0,281,185,0,3,1344,915,1256,1340,3,下位,0,399,451
288,288,0,284,193,0,4,1510,915,1256,1340,3,下位,0,166,411
660,660,0,2349,3028,0,5,1798,915,1256,1340,3,下位,0,288,419
53,53,0,4334,5760,1,0,0,0,0,1,0,下位,0,0,0
848,848,0,775,909,0,0,0,53,5986,1431,33,下位,0,0,0
840,840,0,286,201,1,0,0,0,0,1,0,下位,0,0,0
231,231,0,2216,2956,1,1,840,0,0,1,0,下位,0,840,427
631,631,0,1106,1014,0,0,0,1071,3182,1931,16,下位,0,0,0
420,420,0,289,209,1,0,0,0,0,1,0,下位,0,0,0
235,235,0,284,193,1,1,420,0,0,1,0,下位,0,420,435
452,452,0,289,209,1,2,655,0,0,1,0,下位,0,235,419
248,248,0,285,198,1,3,1107,0,0,1,0,下位,0,452,435
616,616,0,284,193,1,4,1355,0,0,1,0,下位,0,248,424
215,215,0,289,209,1,5,1971,0,0,1,0,下位,0,616,419
404,404,0,292,217,1,6,2186,0,0,1,0,下位,0,215,435
648,648,0,1199,1278,1,7,2590,0,0,1,0,下位,0,404,443
471,471,0,1684,2837,0,0,0,3238,1504,-560,8,下位,0,0,0
273,273,0,1112,1131,1,0,0,0,0,1,0,下位,0,0,0
1032,1032,0,1444,1683,0,0,0,273,1357,930,7,下位,0,0,0
850,850,0,292,217,1,0,0,0,0,1,0,下位,0,0,0
586,586,0,286,201,1,1,850,0,0,1,0,下位,0,850,443
257,257,0,2940,3842,1,2,1436,0,0,1,0,下位,0,586,427
276,276,0,475,543,1,0,0,0,0,1,0,下位,0,0,0
180,180,0,278,177,0,0,0,276,769,337,1,下位,0,0,0
767,767,0,1376,1740,0,1,180,276,769,337,1,下位,0,180,403
216,216,0,284,193,1,0,0,0,0,1,0,下位,0,0,0
242,242,0,286,201,1,1,216,0,0,1,0,下位,0,216,419
819,819,0,581,638,1,2,458,0,0,1,0,下位,0,242,427
859,859,0,483,531,1,0,0,0,0,1,0,下位,0,0,0
686,686,0,838,1058,0,0,0,859,757,-588,1,下位,0,0,0
57,57,0,1907,2524,1,0,0,0,0,1,0,下位,0,0,0
240,240,0,1588,1622,0,0,0,57,2750,356,9,下位,0,0,0
491,491,0,297,233,1,0,0,0,0,1,0,下位,0,0,0
1032,1032,0,286,201,1,1,491,0,0,1,0,下位,0,491,459
263,263,0,538,457,1,2,1523,0,0,1,0,下位,0,1032,427
237,237,0,934,848,0,0,0,1786,683,-1230,1,下位,0,0,0
464,464,0,890,755,1,0,0,0,0,1,0,下位,0,0,0
79,79,0,278,177,1,0,0,0,0,1,0,下位,0,0,0
440,440,0,693,801,1,1,79,0,0,1,0,下位,0,79,403
400,400,0,498,529,1,0,0,0,0,1,0,下位,0,0,0
238,238,0,523,492,0,0,0,400,755,129,1,下位,0,0,0
839,839,0,1018,1236,1,0,0,0,0,1,0,下位,0,0,0
22,22,0,1318,1318,1,0,0,0,0,1,0,下位,0,0,0
840,840,0,278,177,1,0,0,0,0,1,0,下位,0,0,0
226,226,0,280,183,1,1,840,0,0,1,0,下位,0,840,403
243,243,0,825,1081,1,2,1066,0,0,1,0,下位,0,226,409
222,222,0,469,500,1,0,0,0,0,1,0,下位,0,0,0
212,212,0,284,193,0,0,0,222,726,379,1,下位,0,0,0
341,341,0,538,655,0,1,212,222,726,379,1,下位,0,212,419
245,245,0,892,875,1,0,0,0,0,1,0,下位,0,0,0
773,773,0,433,641,1,0,0,0,0,1,0,下位,0,0,0
723,723,0,2579,3291,1,0,0,0,0,1,0,下位,0,0,0
261,261,0,547,418,1,0,0,0,0,1,0,下位,0,0,0
937,937,0,910,929,0,0,0,261,644,236,1,下位,0,0,0
319,319,0,591,561,1,0,0,0,0,1,0,下位,0,0,0
752,752,0,292,217,0,0,0,319,787,288,2,下位,0,0,0
495,495,0,476,542,0,1,752,319,787,288,2,下位,0,752,443
420,420,0,933,1126,1,0,0,0,0,1,0,下位,0,0,0
443,443,0,286,201,0,0,0,420,1352,695,3,下位,0,0,0
327,327,0,289,209,0,1,443,420,1352,695,3,下位,0,443,427
157,157,0,286,201,0,2,770,420,1352,695,3,下位,0,327,435
545,545,0,2932,3883,0,3,927,420,1352,695,3,下位,0,157,427
315,315,0,292,217,1,0,0,0,0,1,0,下位,0,0,0
198,198,0,297,233,1,1,315,0,0,1,0,下位,0,315,443
706,706,0,278,177,1,2,513,0,0,1,0,下位,0,198,459
266,266,0,286,201,1,3,1219,0,0,1,0,下位,0,706,403
264,264,0,286,201,1,4,1485,0,0,1,0,下位,0,266,427
636,636,0,458,594,1,5,1749,0,0,1,0,下位,0,264,427
172,172,0,286,201,1,0,0,0,0,1,0,下位,0,0,0
653,653,0,594,581,1,1,172,0,0,1,0,下位,0,172,427
180,180,0,274,164,1,0,0,0,0,1,0,下位,0,0,0
1226,1226,0,544,435,1,1,180,0,0,1,0,下位,0,180,390
661,661,0,289,209,0,0,0,1406,661,-1152,1,下位,0,0,0
232,232,0,289,209,0,1,661,1406,661,-1152,1,下位,0,661,435
290,290,0,292,217,0,2,893,1406,661,-1152,1,下位,0,232,435
246,246,0,554,407,0,3,1183,1406,661,-1152,1,下位,0,290,443
647,647,0,281,185,0,0,0,1429,633,-1447,1,下位,0,0,0
741,741,0,292,217,0,1,647,1429,633,-1447,1,下位,0,647,411
480,480,0,545,433,0,2,1388,1429,633,-1447,1,下位,0,741,443
446,446,0,284,193,1,0,0,0,0,1,0,下位,0,0,0
652,652,0,1385,1249,1,1,446,0,0,1,0,下位,0,446,419
262,262,0,289,209,0,0,0,1098,1475,174,7,下位,0,0,0
258,258,0,730,579,0,1,262,1098,1475,174,7,下位,0,262,435
232,232,0,2186,2937,0,0,0,520,805,599,3,下位,0,0,0
249,249,0,740,754,1,0,0,0,0,1,0,下位,0,0,0
1268,1268,0,532,439,0,0,0,249,980,591,2,下位,0,0,0
848,848,0,470,526,1,0,0,0,0,1,0,下位,0,0,0
250,250,0,286,199,0,0,0,848,752,-576,1,下位,0,0,0
848,848,0,286,201,0,1,250,848,752,-576,1,下位,0,250,425
425,425,0,278,177,0,2,1098,848,752,-576,1,下位,0,848,427
247,247,0,281,185,0,3,1523,848,752,-576,1,下位,0,425,403
454,454,0,286,201,0,4,1770,848,752,-576,1,下位,0,247,411
458,458,0,583,568,0,5,2224,848,752,-576,1,下位,0,454,427
639,639,0,289,209,1,0,0,0,0,1,0,下位,0,0,0
436,436,0,872,995,1,1,639,0,0,1,0,下位,0,639,435
841,841,0,499,529,1,0,0,0,0,1,0,下位,0,0,0
241,241,0,286,201,0,0,0,841,755,-562,1,下位,0,0,0
265,265,0,487,512,0,1,241,841,755,-562,1,下位,0,241,427
413,413,0,278,177,0,0,0,506,738,-190,1,下位,0,0,0
339,339,0,1145,1472,0,1,413,506,738,-190,1,下位,0,413,403
427,427,0,760,920,1,0,0,0,0,1,0,下位,0,0,0
637,637,0,284,193,1,0,0,0,0,1,0,下位,0,0,0
811,811,0,1764,2106,1,1,637,0,0,1,0,下位,0,637,419
70,70,0,278,177,1,0,0,0,0,1,0,下位,0,0,0
490,490,0,292,217,1,1,70,0,0,1,0,下位,0,70,403
252,252,0,1520,1776,1,2,560,0,0,1,0,下位,0,490,443
1035,1035,0,1565,2146,0,0,0,812,2002,1576,11,下位,0,0,0
306,306,0,292,217,1,0,0,0,0,1,0,下位,0,0,0
152,152,0,548,418,1,1,306,0,0,1,0,下位,0,306,443
56,56,0,488,521,1,0,0,0,0,1,0,下位,0,0,0
651,651,0,281,185,0,0,0,56,747,660,1,下位,0,0,0
460,460,0,284,193,0,1,651,56,747,660,1,下位,0,651,411
640,640,0,1627,1648,0,2,1111,56,747,660,1,下位,0,460,419
64,64,0,539,441,1,0,0,0,0,1,0,下位,0,0,0
916,916,0,4295,6547,1,0,0,0,0,1,0,下位,0,0,0
609,609,0,284,193,1,0,0,0,0,1,0,下位,0,0,0
514,514,0,280,181,1,1,609,0,0,1,0,下位,0,609,419
647,647,0,281,185,1,2,1123,0,0,1,0,下位,0,514,407
870,870,0,926,943,1,3,1770,0,0,1,0,下位,0,647,411
924,924,0,981,1023,1,0,0,0,0,1,0,下位,0,0,0
485,485,0,291,215,1,0,0,0,0,1,0,下位,0,0,0
241,241,0,289,209,1,1,485,0,0,1,0,下位,0,485,441
239,239,0,292,217,1,2,726,0,0,1,0,下位,0,241,435
828,828,0,537,454,1,3,965,0,0,1,0,下位,0,239,443
781,781,0,284,193,1,0,0,0,0,1,0,下位,0,0,0
258,258,0,278,177,1,1,781,0,0,1,0,下位,0,781,419
241,241,0,286,201,1,2,1039,0,0,1,0,下位,0,258,403
230,230,0,284,193,1,3,1280,0,0,1,0,下位,0,241,427
433,433,0,484,489,1,4,1510,0,0,1,0,下位,0,230,419
362,362,0,1124,1436,1,0,0,0,0,1,0,下位,0,0,0
215,215,0,284,193,0,0,0,362,1662,1096,6,下位,0,0,0
260,260,0,576,572,0,1,215,362,1662,1096,6,下位,0,215,419
411,411,0,284,193,0,0,0,475,798,1568,2,下位,0,0,0
238,238,0,494,563,0,1,411,475,798,1568,2,下位,0,411,419
341,341,0,472,511,1,0,0,0,0,1,0,下位,0,0,0
206,206,0,284,193,0,0,0,341,737,204,1,下位,0,0,0
833,833,0,297,233,0,1,206,341,737,204,1,下位,0,206,419
258,258,0,278,177,0,2,1039,341,737,204,1,下位,0,833,459
234,234,0,302,249,0,3,1297,341,737,204,1,下位,0,258,403
263,263,0,289,209,0,4,1531,341,737,204,1,下位,0,234,475
644,644,0,728,757,0,5,1794,341,737,204,1,下位,0,263,435
411,411,0,286,201,1,0,0,0,0,1,0,下位,0,0,0
750,750,0,1017,1077,1,1,411,0,0,1,0,下位,0,411,427
223,223,0,831,834,1,0,0,0,0,1,0,下位,0,0,0
746,746,0,282,187,0,0,0,223,1060,711,3,下位,0,0,0
571,571,0,577,583,0,1,746,223,1060,711,3,下位,0,746,413
330,330,0,1612,1881,0,0,0,1317,809,-131,2,下位,0,0,0
838,838,0,582,550,1,0,0,0,0,1,0,下位,0,0,0
627,627,0,284,193,0,0,0,838,776,-536,2,下位,0,0,0
219,219,0,289,209,0,1,627,838,776,-536,2,下位,0,627,419
245,245,0,482,481,0,2,846,838,776,-536,2,下位,0,219,435
934,934,0,286,201,0,0,0,1091,707,-685,1,下位,0,0,0
249,249,0,615,954,0,1,934,1091,707,-685,1,下位,0,934,427
727,727,0,1096,1242,1,0,0,0,0,1,0,下位,0,0,0
446,446,0,292,217,1,0,0,0,0,1,0,下位,0,0,0
248,248,0,562,416,1,1,446,0,0,1,0,下位,0,446,443
16,16,0,1078,1647,1,0,0,0,0,1,0,下位,0,0,0
569,569,0,642,969,1,0,0,0,0,1,0,下位,0,0,0
231,231,0,1421,2223,0,0,0,569,1195,304,2,下位,0,0,0
76,76,0,959,985,1,0,0,0,0,1,0,下位,0,0,0
852,852,0,621,551,0,0,0,76,1211,1093,5,下位,0,0,0
624,624,0,474,532,1,0,0,0,0,1,0,下位,0,0,0
514,514,0,284,193,1,0,0,0,0,1,0,下位,0,0,0
253,253,0,470,511,1,1,514,0,0,1,0,下位,0,514,419
1027,1027,0,1257,1179,0,0,0,767,737,-46,1,下位,0,0,0
294,294,0,286,201,1,0,0,0,0,1,0,下位,0,0,0
1006,1006,0,1659,3483,1,1,294,0,0,1,0,下位,0,294,427
115,115,0,278,177,1,0,0,0,0,1,0,下位,0,0,0
634,634,0,284,193,1,1,115,0,0,1,0,下位,0,115,403
339,339,0,776,861,1,2,749,0,0,1,0,下位,0,634,419
113,113,0,284,193,1,0,0,0,0,1,0,下位,0,0,0
818,818,0,281,185,1,1,113,0,0,1,0,下位,0,113,419
519,519,0,536,611,1,2,931,0,0,1,0,下位,0,818,411
270,270,0,738,780,0,0,0,1450,837,-604,2,下位,0,0,0
717,717,0,721,967,1,0,0,0,0,1,0,下位,0,0,0
441,441,0,281,185,0,0,0,717,1193,70,3,下位,0,0,0
147,147,0,284,193,0,1,441,717,1193,70,3,下位,0,441,411
273,273,0,284,193,0,2,588,717,1193,70,3,下位,0,147,419
245,245,0,436,649,0,3,861,717,1193,70,3,下位,0,273,419
244,244,0,294,225,0,0,0,1106,875,461,1,下位,0,0,0
448,448,0,284,193,0,1,244,1106,875,461,1,下位,0,244,451
247,247,0,470,540,0,2,692,1106,875,461,1,下位,0,448,419
651,651,0,936,871,0,0,0,939,766,626,1,下位,0,0,0
453,453,0,281,185,0,0,0,651,1097,703,4,下位,0,0,0
602,602,0,789,750,0,1,453,651,1097,703,4,下位,0,453,411
634,634,0,428,625,1,0,0,0,0,1,0,下位,0,0,0
830,830,0,990,1018,0,0,0,634,851,-142,1,下位,0,0,0
227,227,0,286,201,0,0,0,830,1244,-199,5,下位,0,0,0
502,502,0,286,201,0,1,227,830,1244,-199,5,下位,0,227,427
643,643,0,289,209,0,2,729,830,1244,-199,5,下位,0,502,427
820,820,0,284,193,0,3,1372,830,1244,-199,5,下位,0,643,435
238,238,0,286,201,0,4,2192,830,1244,-199,5,下位,0,820,419
235,235,0,1536,1846,0,5,2430,830,1244,-199,5,下位,0,238,427
822,822,0,286,201,1,0,0,0,0,1,0,下位,0,0,0
809,809,0,465,531,1,1,822,0,0,1,0,下位,0,822,427
254,254,0,481,570,1,0,0,0,0,1,0,下位,0,0,0
467,467,0,288,207,0,0,0,254,796,399,1,下位,0,0,0
359,359,0,284,193,0,1,467,254,796,399,1,下位,0,467,433
400,400,0,648,871,0,2,826,254,796,399,1,下位,0,359,419
235,235,0,278,177,1,0,0,0,0,1,0,下位,0,0,0
181,181,0,286,201,1,1,235,0,0,1,0,下位,0,235,403
840,840,0,286,201,1,2,416,0,0,1,0,下位,0,181,427
450,450,0,483,567,1,3,1256,0,0,1,0,下位,0,840,427
871,871,0,699,761,0,0,0,1706,793,-623,1,下位,0,0,0
96,96,0,284,193,1,0,0,0,0,1,0,下位,0,0,0
257,257,0,529,508,1,1,96,0,0,1,0,下位,0,96,419
261,261,0,281,185,1,0,0,0,0,1,0,下位,0,0,0
280,280,0,275,167,1,1,261,0,0,1,0,下位,0,261,411
637,637,0,289,209,1,2,541,0,0,1,0,下位,0,280,393
247,247,0,281,185,1,3,1178,0,0,1,0,下位,0,637,435
500,500,0,277,174,1,4,1425,0,0,1,0,下位,0,247,411
362,362,0,292,217,1,5,1925,0,0,1,0,下位,0,500,400
446,446,0,479,524,1,6,2287,0,0,1,0,下位,0,362,443
138,138,0,597,739,1,0,0,0,0,1,0,下位,0,0,0
669,669,0,292,217,0,0,0,138,965,750,3,下位,0,0,0
1029,1029,0,277,174,0,1,669,138,965,750,3,下位,0,669,443
190,190,0,289,209,0,2,1698,138,965,750,3,下位,0,1029,400
145,145,0,281,185,0,3,1888,138,965,750,3,下位,0,190,435
651,651,0,796,637,0,4,2033,138,965,750,3,下位,0,145,411
177,177,0,283,191,1,0,0,0,0,1,0,下位,0,0,0
249,249,0,473,534,1,1,177,0,0,1,0,下位,0,177,417
295,295,0,480,548,1,0,0,0,0,1,0,下位,0,0,0
824,824,0,289,209,0,0,0,295,774,313,1,下位,0,0,0
316,316,0,294,223,0,1,824,295,774,313,1,下位,0,824,435
243,243,0,563,416,0,2,1140,295,774,313,1,下位,0,316,449
616,616,0,539,456,1,0,0,0,0,1,0,下位,0,0,0
697,697,0,644,528,1,0,0,0,0,1,0,下位,0,0,0
509,509,0,292,217,1,0,0,0,0,1,0,下位,0,0,0
238,238,0,444,592,1,1,509,0,0,1,0,下位,0,509,443
258,258,0,286,201,0,0,0,747,818,91,1,下位,0,0,0
248,248,0,289,209,0,1,258,747,818,91,1,下位,0,258,427
443,443,0,286,201,0,2,506,747,818,91,1,下位,0,248,435
208,208,0,1059,903,0,3,949,747,818,91,1,下位,0,443,427
258,258,0,606,713,1,0,0,0,0,1,0,下位,0,0,0
833,833,0,922,765,1,0,0,0,0,1,0,下位,0,0,0
861,861,0,948,1053,1,0,0,0,0,1,0,下位,0,0,0
195,195,0,289,209,1,0,0,0,0,1,0,下位,0,0,0
331,331,0,522,669,1,1,195,0,0,1,0,下位,0,195,435
865,865,0,849,770,0,0,0,526,895,506,2,下位,0,0,0
474,474,0,888,944,1,0,0,0,0,1,0,下位,0,0,0
638,638,0,286,201,1,0,0,0,0,1,0,下位,0,0,0
260,260,0,286,199,1,1,638,0,0,1,0,下位,0,638,427
642,642,0,1464,2981,1,2,898,0,0,1,0,下位,0,260,425
453,453,0,665,857,1,0,0,0,0,1,0,下位,0,0,0
426,426,0,297,233,0,0,0,453,1083,374,2,下位,0,0,0
441,441,0,1373,1782,0,1,426,453,1083,374,2,下位,0,426,459
151,151,0,499,542,1,0,0,0,0,1,0,下位,0,0,0
560,560,0,694,562,0,0,0,151,768,532,1,下位,0,0,0
548,548,0,3522,5145,1,0,0,0,0,1,0,下位,0,0,0
294,294,0,2270,3059,0,0,0,548,5371,2266,28,下位,0,0,0
460,460,0,517,523,0,0,0,294,3285,534,17,下位,0,0,0
256,256,0,1157,1611,1,0,0,0,0,1,0,下位,0,0,0
400,400,0,1747,2315,0,0,0,256,1837,1437,5,下位,0,0,0
845,845,0,286,201,1,0,0,0,0,1,0,下位,0,0,0
531,531,0,284,193,1,1,845,0,0,1,0,下位,0,845,427
630,630,0,288,206,1,2,1376,0,0,1,0,下位,0,531,419
239,239,0,284,193,1,3,2006,0,0,1,0,下位,0,630,432
259,259,0,284,193,1,4,2245,0,0,1,0,下位,0,239,419
1050,1050,0,299,239,1,5,2504,0,0,1,0,下位,0,259,419
461,461,0,433,641,1,6,3554,0,0,1,0,下位,0,1050,465
275,275,0,292,217,1,0,0,0,0,1,0,下位,0,0,0
239,239,0,281,185,1,1,275,0,0,1,0,下位,0,275,443
256,256,0,289,209,1,2,514,0,0,1,0,下位,0,239,411
641,641,0,556,405,1,3,770,0,0,1,0,下位,0,256,435
519,519,0,675,615,1,0,0,0,0,1,0,下位,0,0,0
256,256,0,289,209,0,0,0,519,841,29,3,下位,0,0,0
266,266,0,284,193,0,1,256,519,841,29,3,下位,0,256,435
262,262,0,549,686,0,2,522,519,841,29,3,下位,0,266,419
247,247,0,286,201,0,0,0,784,912,566,2,下位,0,0,0
269,269,0,284,193,0,1,247,784,912,566,2,下位,0,247,427
650,650,0,1026,1199,0,2,516,784,912,566,2,下位,0,269,419
244,244,0,284,193,1,0,0,0,0,1,0,下位,0,0,0
242,242,0,278,177,1,1,244,0,0,1,0,下位,0,244,419
197,197,0,281,185,1,2,486,0,0,1,0,下位,0,242,403
428,428,0,736,745,1,3,683,0,0,1,0,下位,0,197,411
626,626,0,2060,3562,1,0,0,0,0,1,0,下位,0,0,0
470,470,0,292,217,0,0,0,626,3788,668,15,下位,0,0,0
451,451,0,286,201,0,1,470,626,3788,668,15,下位,0,470,443
241,241,0,286,201,0,2,921,626,3788,668,15,下位,0,451,427
653,653,0,1318,1696,0,3,1162,626,3788,668,15,下位,0,241,427
73,73,0,2080,2622,1,0,0,0,0,1,0,下位,0,0,0
251,251,0,754,770,1,0,0,0,0,1,0,下位,0,0,0
759,759,0,281,185,0,0,0,251,996,604,2,下位,0,0,0
341,341,0,286,201,0,1,759,251,996,604,2,下位,0,759,411
645,645,0,487,574,0,2,1100,251,996,604,2,下位,0,341,427
563,563,0,541,464,1,0,0,0,0,1,0,下位,0,0,0
525,525,0,650,444,1,0,0,0,0,1,0,下位,0,0,0
220,220,0,281,185,1,0,0,0,0,1,0,下位,0,0,0
260,260,0,284,193,1,1,220,0,0,1,0,下位,0,220,411
443,443,0,281,185,1,2,480,0,0,1,0,下位,0,260,419
548,548,0,1170,1602,1,3,923,0,0,1,0,下位,0,443,411
116,116,0,1279,1633,1,0,0,0,0,1,0,下位,0,0,0
740,740,0,286,201,0,0,0,116,1859,1678,6,下位,0,0,0
583,583,0,758,709,0,1,740,116,1859,1678,6,下位,0,740,427
723,723,0,284,193,0,0,0,1323,935,966,4,下位,0,0,0
1244,1244,0,460,616,0,1,723,1323,935,966,4,下位,0,723,419
412,412,0,1341,1259,0,0,0,1967,842,-856,1,下位,0,0,0
326,326,0,1042,928,1,0,0,0,0,1,0,下位,0,0,0
621,621,0,292,217,1,0,0,0,0,1,0,下位,0,0,0
440,440,0,732,994,1,1,621,0,0,1,0,下位,0,621,443
508,508,0,576,421,1,0,0,0,0,1,0,下位,0,0,0
234,234,0,286,201,0,0,0,508,647,-148,1,下位,0,0,0
589,589,0,1181,1348,0,1,234,508,647,-148,1,下位,0,234,427
259,259,0,2284,2694,1,0,0,0,0,1,0,下位,0,0,0
657,657,0,286,201,0,0,0,259,2920,337,15,下位,0,0,0
249,249,0,743,760,0,1,657,259,2920,337,15,下位,0,657,427
456,456,0,284,193,0,0,0,906,986,330,2,下位,0,0,0
443,443,0,286,201,0,1,456,906,986,330,2,下位,0,456,419
177,177,0,281,185,0,2,899,906,986,330,2,下位,0,443,427
189,189,0,444,628,0,3,1076,906,986,330,2,下位,0,177,411
919,919,0,286,201,0,0,0,1265,854,459,1,下位,0,0,0
368,368,0,728,736,0,1,919,1265,854,459,1,下位,0,919,427
44,44,0,538,457,1,0,0,0,0,1,0,下位,0,0,0
775,775,0,1913,2699,0,0,0,44,683,615,1,下位,0,0,0
793,793,0,430,633,1,0,0,0,0,1,0,下位,0,0,0
246,246,0,286,201,1,0,0,0,0,1,0,下位,0,0,0
546,546,0,853,1060,1,1,246,0,0,1,0,下位,0,246,427
862,862,0,633,496,0,0,0,792,1286,472,4,下位,0,0,0
240,240,0,3012,3503,0,0,0,862,722,-157,2,下位,0,0,0
232,232,0,540,617,0,0,0,240,3729,643,23,下位,0,0,0
247,247,0,1772,2584,0,0,0,232,843,1122,2,下位,0,0,0
444,444,0,1522,1401,1,0,0,0,0,1,0,下位,0,0,0
660,660,0,289,209,1,0,0,0,0,1,0,下位,0,0,0
594,594,0,278,177,1,1,660,0,0,1,0,下位,0,660,435
1119,1119,0,610,935,1,2,1254,0,0,1,0,下位,0,594,403
412,412,0,437,650,0,0,0,2373,1161,-1719,2,下位,0,0,0
70,70,0,2860,3966,1,0,0,0,0,1,0,下位,0,0,0
427,427,0,281,185,0,0,0,70,4192,1828,17,下位,0,0,0
452,452,0,286,201,0,1,427,70,4192,1828,17,下位,0,427,411
1030,1030,0,286,201,0,2,879,70,4192,1828,17,下位,0,452,427
243,243,0,281,185,0,3,1909,70,4192,1828,17,下位,0,1030,427
231,231,0,286,201,0,4,2152,70,4192,1828,17,下位,0,243,411
248,248,0,1366,1644,0,5,2383,70,4192,1828,17,下位,0,231,427
842,842,0,1166,1597,1,0,0,0,0,1,0,下位,0,0,0
861,861,0,284,193,1,0,0,0,0,1,0,下位,0,0,0
256,256,0,284,193,1,1,861,0,0,1,0,下位,0,861,419
245,245,0,284,193,1,2,1117,0,0,1,0,下位,0,256,419
226,226,0,284,193,1,3,1362,0,0,1,0,下位,0,245,419
721,721,0,286,201,1,4,1588,0,0,1,0,下位,0,226,419
826,826,0,769,989,1,5,2309,0,0,1,0,下位,0,721,427
829,829,0,284,193,1,0,0,0,0,1,0,下位,0,0,0
1124,1124,0,281,185,1,1,829,0,0,1,0,下位,0,829,419
737,737,0,542,674,1,2,1953,0,0,1,0,下位,0,1124,411
192,192,0,505,558,1,0,0,0,0,1,0,下位,0,0,0
657,657,0,1604,2040,1,0,0,0,0,1,0,下位,0,0,0
270,270,0,668,652,1,0,0,0,0,1,0,下位,0,0,0
479,479,0,280,182,0,0,0,270,878,456,3,下位,0,0,0
295,295,0,544,435,0,1,479,270,878,456,3,下位,0,479,408
192,192,0,289,209,0,0,0,774,661,312,1,下位,0,0,0
270,270,0,284,193,0,1,192,774,661,312,1,下位,0,192,435
861,861,0,284,193,0,2,462,774,661,312,1,下位,0,270,419
241,241,0,508,477,0,3,1323,774,661,312,1,下位,0,861,419
266,266,0,1923,2440,1,0,0,0,0,1,0,下位,0,0,0
827,827,0,538,630,1,0,0,0,0,1,0,下位,0,0,0
772,772,0,425,617,0,0,0,827,856,-439,2,下位,0,0,0
445,445,0,1292,1489,1,0,0,0,0,1,0,下位,0,0,0
937,937,0,283,191,0,0,0,445,1715,1019,8,下位,0,0,0
186,186,0,278,175,0,1,937,445,1715,1019,8,下位,0,937,417
243,243,0,759,959,0,2,1123,445,1715,1019,8,下位,0,186,401
243,243,0,286,199,1,0,0,0,0,1,0,下位,0,0,0
251,251,0,289,209,1,1,243,0,0,1,0,下位,0,243,425
253,253,0,289,209,1,2,494,0,0,1,0,下位,0,251,435
639,639,0,516,469,1,3,747,0,0,1,0,下位,0,253,435
273,273,0,854,936,1,0,0,0,0,1,0,下位,0,0,0
177,177,0,1832,2245,0,0,0,273,1162,735,4,下位,0,0,0
370,370,0,1218,1625,1,0,0,0,0,1,0,下位,0,0,0
229,229,0,278,177,0,0,0,370,1851,1272,6,下位,0,0,0
146,146,0,281,185,0,1,229,370,1851,1272,6,下位,0,229,403
220,220,0,289,209,0,2,375,370,1851,1272,6,下位,0,146,411
263,263,0,289,209,0,3,595,370,1851,1272,6,下位,0,220,435
635,635,0,286,201,0,4,858,370,1851,1272,6,下位,0,263,435
400,400,0,1495,1577,0,5,1493,370,1851,1272,6,下位,0,635,427
447,447,0,1394,1385,0,0,0,1893,1803,2219,7,下位,0,0,0
367,367,0,579,604,1,0,0,0,0,1,0,下位,0,0,0
452,452,0,278,177,0,0,0,367,830,256,2,下位,0,0,0
270,270,0,292,217,0,1,452,367,830,256,2,下位,0,452,403
1166,1166,0,1107,973,0,2,722,367,830,256,2,下位,0,270,443
263,263,0,484,529,0,0,0,1888,1199,-658,6,下位,0,0,0
518,518,0,3054,4038,1,0,0,0,0,1,0,下位,0,0,0
203,203,0,556,412,0,0,0,518,4264,1447,21,下位,0,0,0
833,833,0,961,781,1,0,0,0,0,1,0,下位,0,0,0
285,285,0,280,182,1,0,0,0,0,1,0,下位,0,0,0
824,824,0,286,201,1,1,285,0,0,1,0,下位,0,285,408
273,273,0,286,201,1,2,1109,0,0,1,0,下位,0,824,427
579,579,0,286,201,1,3,1382,0,0,1,0,下位,0,273,427
249,249,0,286,201,1,4,1961,0,0,1,0,下位,0,579,427
333,333,0,284,193,1,5,2210,0,0,1,0,下位,0,249,427
1126,1126,0,687,774,1,6,2543,0,0,1,0,下位,0,333,419
823,823,0,420,601,1,0,0,0,0,1,0,下位,0,0,0
289,289,0,1643,2310,0,0,0,823,827,-462,1,下位,0,0,0
602,602,0,475,507,1,0,0,0,0,1,0,下位,0,0,0
465,465,0,633,483,1,0,0,0,0,1,0,下位,0,0,0
70,70,0,650,669,1,0,0,0,0,1,0,下位,0,0,0
444,444,0,281,185,1,0,0,0,0,1,0,下位,0,0,0
494,494,0,281,185,1,1,444,0,0,1,0,下位,0,444,411
168,168,0,286,201,1,2,938,0,0,1,0,下位,0,494,411
640,640,0,542,408,1,3,1106,0,0,1,0,下位,0,168,427
239,239,0,452,616,1,0,0,0,0,1,0,下位,0,0,0
461,461,0,289,209,1,0,0,0,0,1,0,下位,0,0,0
993,993,0,1119,1162,1,1,461,0,0,1,0,下位,0,461,435
234,234,0,281,185,1,0,0,0,0,1,0,下位,0,0,0
658,658,0,561,559,1,1,234,0,0,1,0,下位,0,234,411
232,232,0,478,515,1,0,0,0,0,1,0,下位,0,0,0
825,825,0,759,737,1,0,0,0,0,1,0,下位,0,0,0
850,850,0,2965,3510,1,0,0,0,0,1,0,下位,0,0,0
225,225,0,973,1035,0,0,0,850,3736,207,17,下位,0,0,0
244,244,0,280,183,1,0,0,0,0,1,0,下位,0,0,0
437,437,0,284,193,1,1,244,0,0,1,0,下位,0,244,409
273,273,0,280,183,1,2,681,0,0,1,0,下位,0,437,419
1059,1059,0,289,209,1,3,954,0,0,1,0,下位,0,273,409
243,243,0,732,741,1,4,2013,0,0,1,0,下位,0,1059,435
217,217,0,286,201,1,0,0,0,0,1,0,下位,0,0,0
251,251,0,427,623,1,1,217,0,0,1,0,下位,0,217,427
1199,1199,0,297,233,0,0,0,468,849,544,1,下位,0,0,0
260,260,0,289,209,0,1,1199,468,849,544,1,下位,0,1199,459
282,282,0,284,193,0,2,1459,468,849,544,1,下位,0,260,435
747,747,0,435,649,0,3,1741,468,849,544,1,下位,0,282,419
268,268,0,791,673,1,0,0,0,0,1,0,下位,0,0,0
258,258,0,1614,2510,0,0,0,268,899,480,2,下位,0,0,0
231,231,0,286,201,0,0,0,258,2736,648,8,下位,0,0,0
705,705,0,767,881,0,1,231,258,2736,648,8,下位,0,231,427
848,848,0,286,199,1,0,0,0,0,1,0,下位,0,0,0
966,966,0,573,562,1,1,848,0,0,1,0,下位,0,848,425
830,830,0,1347,1349,0,0,0,1814,788,-1629,2,下位,0,0,0
452,452,0,289,209,1,0,0,0,0,1,0,下位,0,0,0
1047,1047,0,558,497,1,1,452,0,0,1,0,下位,0,452,435
849,849,0,564,602,1,0,0,0,0,1,0,下位,0,0,0
273,273,0,2014,1989,1,0,0,0,0,1,0,下位,0,0,0
426,426,0,284,193,1,0,0,0,0,1,0,下位,0,0,0
260,260,0,284,193,1,1,426,0,0,1,0,下位,0,426,419
1124,1124,0,471,526,1,2,686,0,0,1,0,下位,0,260,419
739,739,0,284,193,1,0,0,0,0,1,0,下位,0,0,0
867,867,0,286,201,1,1,739,0,0,1,0,下位,0,739,419
214,214,0,284,193,1,2,1606,0,0,1,0,下位,0,867,427
1010,1010,0,470,498,1,3,1820,0,0,1,0,下位,0,214,419
830,830,0,478,548,1,0,0,0,0,1,0,下位,0,0,0
829,829,0,488,536,1,0,0,0,0,1,0,下位,0,0,0
725,725,0,545,457,0,0,0,829,762,-536,1,下位,0,0,0
534,534,0,286,201,1,0,0,0,0,1,0,下位,0,0,0
441,441,0,286,201,1,1,534,0,0,1,0,下位,0,534,427
668,668,0,906,692,1,2,975,0,0,1,0,下位,0,441,427
331,331,0,550,426,0,0,0,1643,918,-802,5,下位,0,0,0
431,431,0,278,177,0,0,0,331,652,-669,1,下位,0,0,0
854,854,0,534,511,0,1,431,331,652,-669,1,下位,0,431,403
64,64,0,292,217,1,0,0,0,0,1,0,下位,0,0,0
258,258,0,488,510,1,1,64,0,0,1,0,下位,0,64,443
681,681,0,3365,4622,0,0,0,322,736,676,1,下位,0,0,0
79,79,0,286,201,1,0,0,0,0,1,0,下位,0,0,0
404,404,0,284,193,1,1,79,0,0,1,0,下位,0,79,427
363,363,0,289,209,1,2,483,0,0,1,0,下位,0,404,419
655,655,0,488,518,1,3,846,0,0,1,0,下位,0,363,435
251,251,0,284,193,1,0,0,0,0,1,0,下位,0,0,0
204,204,0,284,193,1,1,251,0,0,1,0,下位,0,251,419
457,457,0,284,193,1,2,455,0,0,1,0,下位,0,204,419
236,236,0,283,191,1,3,912,0,0,1,0,下位,0,457,419
592,592,0,278,177,1,4,1148,0,0,1,0,下位,0,236,417
493,493,0,546,419,1,5,1740,0,0,1,0,下位,0,592,403
256,256,0,464,524,0,0,0,2233,645,-777,1,下位,0,0,0
601,601,0,1286,1521,1,0,0,0,0,1,0,下位,0,0,0
433,433,0,283,190,0,0,0,601,1747,806,8,下位,0,0,0
838,838,0,286,201,0,1,433,601,1747,806,8,下位,0,433,416
840,840,0,1038,872,0,2,1271,601,1747,806,8,下位,0,838,427
246,246,0,770,701,0,0,0,2111,1098,-562,5,下位,0,0,0
833,833,0,430,633,0,0,0,246,927,-21,4,下位,0,0,0
232,232,0,1746,1702,1,0,0,0,0,1,0,下位,0,0,0
437,437,0,817,873,0,0,0,232,1928,1565,8,下位,0,0,0
269,269,0,286,201,0,0,0,437,1099,1979,3,下位,0,0,0
824,824,0,1514,1991,0,1,269,437,1099,1979,3,下位,0,269,427
376,376,0,289,209,1,0,0,0,0,1,0,下位,0,0,0
379,379,0,2030,2037,1,1,376,0,0,1,0,下位,0,376,435
388,388,0,489,521,1,0,0,0,0,1,0,下位,0,0,0
433,433,0,283,191,0,0,0,388,747,140,1,下位,0,0,0
649,649,0,1319,1504,0,1,433,388,747,140,1,下位,0,433,417
54,54,0,552,484,1,0,0,0,0,1,0,下位,0,0,0
332,332,0,893,1161,0,0,0,54,710,626,1,下位,0,0,0
448,448,0,281,185,0,0,0,332,1387,1493,5,下位,0,0,0
315,315,0,281,185,0,1,448,332,1387,1493,5,下位,0,448,411
281,281,0,294,225,0,2,763,332,1387,1493,5,下位,0,315,411
463,463,0,1275,977,0,3,1044,332,1387,1493,5,下位,0,281,451
336,336,0,519,474,0,0,0,1507,1203,1607,5,下位,0,0,0
173,173,0,545,406,1,0,0,0,0,1,0,下位,0,0,0
265,265,0,280,182,0,0,0,173,632,362,1,下位,0,0,0
246,246,0,281,185,0,1,265,173,632,362,1,下位,0,265,408
227,227,0,294,225,0,2,511,173,632,362,1,下位,0,246,411
363,363,0,281,185,0,3,738,173,632,362,1,下位,0,227,451
251,251,0,289,209,0,4,1101,173,632,362,1,下位,0,363,411
205,205,0,294,225,0,5,1352,173,632,362,1,下位,0,251,435
238,238,0,278,177,0,6,1557,173,632,362,1,下位,0,205,451
448,448,0,286,201,0,7,1795,173,632,362,1,下位,0,238,403
374,374,0,735,755,0,8,2243,173,632,362,1,下位,0,448,427
19,19,0,892,726,1,0,0,0,0,1,0,下位,0,0,0
242,242,0,289,209,1,0,0,0,0,1,0,下位,0,0,0
274,274,0,284,193,1,1,242,0,0,1,0,下位,0,242,435
367,367,0,278,177,1,2,516,0,0,1,0,下位,0,274,419
964,964,0,1560,3517,1,3,883,0,0,1,0,下位,0,367,403
65,65,0,492,242,1,0,0,0,0,1,0,下位,0,0,0
449,449,0,805,828,0,0,0,65,468,367,2,下位,0,0,0
845,845,0,583,585,1,0,0,0,0,1,0,下位,0,0,0
1246,1246,0,841,1024,0,0,0,845,811,-512,2,下位,0,0,0
845,845,0,698,881,1,0,0,0,0,1,0,下位,0,0,0
105,105,0,292,217,1,0,0,0,0,1,0,下位,0,0,0
242,242,0,284,193,1,1,105,0,0,1,0,下位,0,105,443
872,872,0,492,504,1,2,347,0,0,1,0,下位,0,242,419
591,591,0,284,193,1,0,0,0,0,1,0,下位,0,0,0
248,248,0,281,185,1,1,591,0,0,1,0,下位,0,591,419
268,268,0,286,201,1,2,839,0,0,1,0,下位,0,248,411
551,551,0,286,201,1,3,1107,0,0,1,0,下位,0,268,427
250,250,0,286,201,1,4,1658,0,0,1,0,下位,0,551,427
831,831,0,417,593,1,5,1908,0,0,1,0,下位,0,250,427
247,247,0,438,657,0,0,0,2739,819,-1363,1,下位,0,0,0
337,337,0,292,217,1,0,0,0,0,1,0,下位,0,0,0
284,284,0,289,209,1,1,337,0,0,1,0,下位,0,337,443
205,205,0,940,852,1,2,621,0,0,1,0,下位,0,284,435
441,441,0,645,452,0,0,0,826,1078,663,4,下位,0,0,0
404,404,0,500,491,0,0,0,441,678,650,2,下位,0,0,0
189,189,0,286,201,0,0,0,404,717,734,1,下位,0,0,0
645,645,0,280,182,0,1,189,404,717,734,1,下位,0,189,427
514,514,0,754,505,0,2,834,404,717,734,1,下位,0,645,408
112,112,0,286,201,1,0,0,0,0,1,0,下位,0,0,0
260,260,0,748,953,1,1,112,0,0,1,0,下位,0,112,427
282,282,0,808,902,1,0,0,0,0,1,0,下位,0,0,0
852,852,0,2354,2868,0,0,0,282,1128,687,3,下位,0,0,0
260,260,0,959,1122,0,0,0,852,3094,206,19,下位,0,0,0
845,845,0,1127,1168,0,0,0,260,1348,1146,3,下位,0,0,0
661,661,0,559,400,0,0,0,845,1394,1216,7,下位,0,0,0
452,452,0,294,225,1,0,0,0,0,1,0,下位,0,0,0
224,224,0,544,435,1,1,452,0,0,1,0,下位,0,452,451
780,780,0,280,183,1,0,0,0,0,1,0,下位,0,0,0
649,649,0,1019,891,1,1,780,0,0,1,0,下位,0,780,409
235,235,0,611,951,1,0,0,0,0,1,0,下位,0,0,0
155,155,0,281,185,1,0,0,0,0,1,0,下位,0,0,0
171,171,0,286,199,1,1,155,0,0,1,0,下位,0,155,411
441,441,0,537,435,1,2,326,0,0,1,0,下位,0,171,425
648,648,0,3247,4131,1,0,0,0,0,1,0,下位,0,0,0
241,241,0,286,201,1,0,0,0,0,1,0,下位,0,0,0
270,270,0,532,430,1,1,241,0,0,1,0,下位,0,241,427
696,696,0,286,201,1,0,0,0,0,1,0,下位,0,0,0
740,740,0,545,670,1,1,696,0,0,1,0,下位,0,696,427
426,426,0,835,1256,1,0,0,0,0,1,0,下位,0,0,0
85,85,0,284,193,1,0,0,0,0,1,0,下位,0,0,0
832,832,0,598,761,1,1,85,0,0,1,0,下位,0,85,419
276,276,0,286,201,0,0,0,917,987,-30,3,下位,0,0,0
374,374,0,546,427,0,1,276,917,987,-30,3,下位,0,276,427
509,509,0,281,185,1,0,0,0,0,1,0,下位,0,0,0
254,254,0,284,193,1,1,509,0,0,1,0,下位,0,509,411
361,361,0,491,529,1,2,763,0,0,1,0,下位,0,254,419
209,209,0,286,201,1,0,0,0,0,1,0,下位,0,0,0
181,181,0,2494,2746,1,1,209,0,0,1,0,下位,0,209,427
451,451,0,619,516,1,0,0,0,0,1,0,下位,0,0,0
546,546,0,535,632,1,0,0,0,0,1,0,下位,0,0,0
247,247,0,526,500,0,0,0,546,858,3,2,下位,0,0,0
470,470,0,772,925,1,0,0,0,0,1,0,下位,0,0,0
60,60,0,2288,2985,1,0,0,0,0,1,0,下位,0,0,0
480,480,0,286,201,0,0,0,60,3211,918,12,下位,0,0,0
608,608,0,569,409,0,1,480,60,3211,918,12,下位,0,480,427
471,471,0,626,706,0,0,0,1088,635,275,1,下位,0,0,0
729,729,0,284,193,1,0,0,0,0,1,0,下位,0,0,0
230,230,0,584,633,1,1,729,0,0,1,0,下位,0,729,419
844,844,0,681,1114,1,0,0,0,0,1,0,下位,0,0,0
933,933,0,284,193,0,0,0,844,1340,18,3,下位,0,0,0
637,637,0,632,991,0,1,933,844,1340,18,3,下位,0,933,419
236,236,0,614,688,0,0,0,1570,1217,-806,2,下位,0,0,0
206,206,0,1974,2056,1,0,0,0,0,1,0,下位,0,0,0
231,231,0,286,201,0,0,0,206,2282,1960,12,下位,0,0,0
247,247,0,284,193,0,1,231,206,2282,1960,12,下位,0,231,427
1261,1261,0,278,177,0,2,478,206,2282,1960,12,下位,0,247,419
265,265,0,286,201,0,3,1739,206,2282,1960,12,下位,0,1261,403
248,248,0,281,185,0,4,2004,206,2282,1960,12,下位,0,265,427
751,751,0,281,185,0,5,2252,206,2282,1960,12,下位,0,248,411
202,202,0,284,193,0,6,3003,206,2282,1960,12,下位,0,751,411
249,249,0,644,879,0,7,3205,206,2282,1960,12,下位,0,202,419
242,242,0,587,604,0,0,0,3454,1105,569,4,下位,0,0,0
838,838,0,758,913,1,0,0,0,0,1,0,下位,0,0,0
874,874,0,281,185,1,0,0,0,0,1,0,下位,0,0,0
647,647,0,284,193,1,1,874,0,0,1,0,下位,0,874,411
241,241,0,1407,2978,1,2,1521,0,0,1,0,下位,0,647,419
233,233,0,495,463,0,0,0,1762,3204,1273,7,下位,0,0,0
433,433,0,2193,2334,0,0,0,233,689,1597,1,下位,0,0,0
1056,1056,0,514,643,0,0,0,433,2560,1354,15,下位,0,0,0
71,71,0,289,209,1,0,0,0,0,1,0,下位,0,0,0
248,248,0,1008,1481,1,1,71,0,0,1,0,下位,0,71,435
108,108,0,786,973,1,0,0,0,0,1,0,下位,0,0,0
92,92,0,767,922,1,0,0,0,0,1,0,下位,0,0,0
454,454,0,1198,1650,0,0,0,92,1148,1005,3,下位,0,0,0
51,51,0,280,183,1,0,0,0,0,1,0,下位,0,0,0
317,317,0,289,209,1,1,51,0,0,1,0,下位,0,51,409
743,743,0,2157,2489,1,2,368,0,0,1,0,下位,0,317,435
132,132,0,525,624,1,0,0,0,0,1,0,下位,0,0,0
595,595,0,5453,7937,0,0,0,132,850,644,2,下位,0,0,0
446,446,0,286,201,0,0,0,595,8163,1526,39,下位,0,0,0
273,273,0,483,531,0,1,446,595,8163,1526,39,下位,0,446,427
711,711,0,727,761,1,0,0,0,0,1,0,下位,0,0,0
856,856,0,537,646,1,0,0,0,0,1,0,下位,0,0,0
243,243,0,522,506,0,0,0,856,872,-469,2,下位,0,0,0
605,605,0,281,185,0,0,0,243,732,-118,1,下位,0,0,0
250,250,0,281,185,0,1,605,243,732,-118,1,下位,0,605,411
251,251,0,284,193,0,2,855,243,732,-118,1,下位,0,250,411
1235,1235,0,503,549,0,3,1106,243,732,-118,1,下位,0,251,419
321,321,0,281,185,1,0,0,0,0,1,0,下位,0,0,0
533,533,0,659,649,1,1,321,0,0,1,0,下位,0,321,411
820,820,0,284,193,1,0,0,0,0,1,0,下位,0,0,0
452,452,0,289,209,1,1,820,0,0,1,0,下位,0,820,419
246,246,0,1045,1012,1,2,1272,0,0,1,0,下位,0,452,435
258,258,0,294,225,0,0,0,1518,1238,-286,3,下位,0,0,0
236,236,0,284,193,0,1,258,1518,1238,-286,3,下位,0,258,451
244,244,0,529,658,0,2,494,1518,1238,-286,3,下位,0,236,419
416,416,0,286,201,0,0,0,738,884,312,2,下位,0,0,0
259,259,0,277,174,0,1,416,738,884,312,2,下位,0,416,427
438,438,0,422,609,0,2,675,738,884,312,2,下位,0,259,400
266,266,0,4389,5156,1,0,0,0,0,1,0,下位,0,0,0
842,842,0,281,185,1,0,0,0,0,1,0,下位,0,0,0
528,528,0,281,185,1,1,842,0,0,1,0,下位,0,842,411
641,641,0,821,986,1,2,1370,0,0,1,0,下位,0,528,411
826,826,0,483,531,1,0,0,0,0,1,0,下位,0,0,0
739,739,0,539,419,1,0,0,0,0,1,0,下位,0,0,0
826,826,0,751,947,1,0,0,0,0,1,0,下位,0,0,0
244,244,0,463,513,1,0,0,0,0,1,0,下位,0,0,0
249,249,0,286,201,1,0,0,0,0,1,0,下位,0,0,0
283,283,0,2202,3139,1,1,249,0,0,1,0,下位,0,249,427
263,263,0,1360,1442,1,0,0,0,0,1,0,下位,0,0,0
320,320,0,284,193,1,0,0,0,0,1,0,下位,0,0,0
255,255,0,297,233,1,1,320,0,0,1,0,下位,0,320,419
422,422,0,763,1001,1,2,575,0,0,1,0,下位,0,255,459
741,741,0,638,510,1,0,0,0,0,1,0,下位,0,0,0
833,833,0,278,177,1,0,0,0,0,1,0,下位,0,0,0
237,237,0,289,209,1,1,833,0,0,1,0,下位,0,833,403
1152,1152,0,926,711,1,2,1070,0,0,1,0,下位,0,237,435
246,246,0,490,544,0,0,0,2222,937,-1707,3,下位,0,0,0
463,463,0,690,642,1,0,0,0,0,1,0,下位,0,0,0
853,853,0,286,201,1,0,0,0,0,1,0,下位,0,0,0
259,259,0,2197,2550,1,1,853,0,0,1,0,下位,0,853,427
833,833,0,677,901,1,0,0,0,0,1,0,下位,0,0,0
252,252,0,488,547,1,0,0,0,0,1,0,下位,0,0,0
593,593,0,281,185,0,0,0,252,773,379,1,下位,0,0,0
253,253,0,281,185,0,1,593,252,773,379,1,下位,0,593,411
671,671,0,284,193,0,2,846,252,773,379,1,下位,0,253,411
489,489,0,1684,1854,0,3,1517,252,773,379,1,下位,0,671,419
201,201,0,826,1169,1,0,0,0,0,1,0,下位,0,0,0
118,118,0,289,209,1,0,0,0,0,1,0,下位,0,0,0
1106,1106,0,545,410,1,1,118,0,0,1,0,下位,0,118,435
843,843,0,945,1138,1,0,0,0,0,1,0,下位,0,0,0
278,278,0,849,832,1,0,0,0,0,1,0,下位,0,0,0
257,257,0,284,193,0,0,0,278,1058,624,3,下位,0,0,0
258,258,0,284,193,0,1,257,278,1058,624,3,下位,0,257,419
313,313,0,300,241,0,2,515,278,1058,624,3,下位,0,258,419
199,199,0,286,201,0,3,828,278,1058,624,3,下位,0,313,467
652,652,0,292,217,0,4,1027,278,1058,624,3,下位,0,199,427
224,224,0,289,209,0,5,1679,278,1058,624,3,下位,0,652,443
238,238,0,281,185,0,6,1903,278,1058,624,3,下位,0,224,435
633,633,0,286,201,0,7,2141,278,1058,624,3,下位,0,238,411
650,650,0,492,553,0,8,2774,278,1058,624,3,下位,0,633,427
540,540,0,294,225,1,0,0,0,0,1,0,下位,0,0,0
454,454,0,538,421,1,1,540,0,0,1,0,下位,0,540,451
58,58,0,1464,1282,1,0,0,0,0,1,0,下位,0,0,0
455,455,0,281,185,0,0,0,58,1508,1418,8,下位,0,0,0
241,241,0,278,177,0,1,455,58,1508,1418,8,下位,0,455,411
248,248,0,4145,5342,0,2,696,58,1508,1418,8,下位,0,241,403
497,497,0,284,193,0,0,0,944,5568,1549,30,下位,0,0,0
321,321,0,286,201,0,1,497,944,5568,1549,30,下位,0,497,419
846,846,0,473,510,0,2,818,944,5568,1549,30,下位,0,321,427
837,837,0,278,177,1,0,0,0,0,1,0,下位,0,0,0
727,727,0,302,249,1,1,837,0,0,1,0,下位,0,837,403
696,696,0,289,209,1,2,1564,0,0,1,0,下位,0,727,475
259,259,0,1594,1338,1,3,2260,0,0,1,0,下位,0,696,435
432,432,0,557,402,1,0,0,0,0,1,0,下位,0,0,0
542,542,0,522,429,1,0,0,0,0,1,0,下位,0,0,0
120,120,0,281,185,1,0,0,0,0,1,0,下位,0,0,0
245,245,0,281,185,1,1,120,0,0,1,0,下位,0,120,411
685,685,0,286,201,1,2,365,0,0,1,0,下位,0,245,411
1027,1027,0,980,1162,1,3,1050,0,0,1,0,下位,0,685,427
738,738,0,550,426,1,0,0,0,0,1,0,下位,0,0,0
521,521,0,289,209,0,0,0,738,652,-504,1,下位,0,0,0
618,618,0,794,867,0,1,521,738,652,-504,1,下位,0,521,435
1242,1242,0,430,633,0,0,0,1139,1093,-762,3,下位,0,0,0
457,457,0,525,452,1,0,0,0,0,1,0,下位,0,0,0
251,251,0,483,531,1,0,0,0,0,1,0,下位,0,0,0
730,730,0,292,217,0,0,0,251,757,365,1,下位,0,0,0
783,783,0,284,193,0,1,730,251,757,365,1,下位,0,730,443
182,182,0,286,201,0,2,1513,251,757,365,1,下位,0,783,419
442,442,0,528,509,0,3,1695,251,757,365,1,下位,0,182,427
836,836,0,284,193,1,0,0,0,0,1,0,下位,0,0,0
652,652,0,284,193,1,1,836,0,0,1,0,下位,0,836,419
1072,1072,0,517,477,1,2,1488,0,0,1,0,下位,0,652,419
133,133,0,548,469,1,0,0,0,0,1,0,下位,0,0,0
819,819,0,288,206,0,0,0,133,695,488,1,下位,0,0,0
219,219,0,291,214,0,1,819,133,695,488,1,下位,0,819,432
261,261,0,275,166,0,2,1038,133,695,488,1,下位,0,219,440
684,684,0,646,515,0,3,1299,133,695,488,1,下位,0,261,392
301,301,0,1735,1926,0,0,0,1983,741,-615,2,下位,0,0,0
488,488,0,474,512,1,0,0,0,0,1,0,下位,0,0,0
605,605,0,777,1376,0,0,0,488,738,-26,1,下位,0,0,0
255,255,0,283,190,0,0,0,605,1602,628,3,下位,0,0,0
846,846,0,778,633,0,1,255,605,1602,628,3,下位,0,255,416
841,841,0,538,595,1,0,0,0,0,1,0,下位,0,0,0
609,609,0,723,753,0,0,0,841,821,-496,2,下位,0,0,0
428,428,0,285,198,0,0,0,609,979,-472,2,下位,0,0,0
1234,1234,0,283,190,0,1,428,609,979,-472,2,下位,0,428,424
469,469,0,285,196,0,2,1662,609,979,-472,2,下位,0,1234,416
252,252,0,285,198,0,3,2131,609,979,-472,2,下位,0,469,422
232,232,0,285,198,0,4,2383,609,979,-472,2,下位,0,252,424
529,529,0,280,182,0,5,2615,609,979,-472,2,下位,0,232,424
418,418,0,419,598,0,6,3144,609,979,-472,2,下位,0,529,408
234,234,0,532,583,1,0,0,0,0,1,0,下位,0,0,0
789,789,0,284,195,0,0,0,234,809,443,2,下位,0,0,0
315,315,0,277,174,0,1,789,234,809,443,2,下位,0,789,421
324,324,0,552,423,0,2,1104,234,809,443,2,下位,0,315,400
372,372,0,286,201,1,0,0,0,0,1,0,下位,0,0,0
392,392,0,294,225,1,1,372,0,0,1,0,下位,0,372,427
813,813,0,281,185,1,2,764,0,0,1,0,下位,0,392,451
265,265,0,573,578,1,3,1577,0,0,1,0,下位,0,813,411
232,232,0,286,201,0,0,0,1842,804,-792,2,下位,0,0,0
376,376,0,284,193,0,1,232,1842,804,-792,2,下位,0,232,427
1112,1112,0,1305,1690,0,2,608,1842,804,-792,2,下位,0,376,419
227,227,0,533,441,1,0,0,0,0,1,0,下位,0,0,0
446,446,0,964,1084,1,0,0,0,0,1,0,下位,0,0,0
234,234,0,2876,3699,0,0,0,446,1310,612,5,下位,0,0,0
788,788,0,703,585,1,0,0,0,0,1,0,下位,0,0,0
506,506,0,480,499,1,0,0,0,0,1,0,下位,0,0,0
112,112,0,286,201,1,0,0,0,0,1,0,下位,0,0,0
651,651,0,284,193,1,1,112,0,0,1,0,下位,0,112,427
256,256,0,284,193,1,2,763,0,0,1,0,下位,0,651,419
252,252,0,536,655,1,3,1019,0,0,1,0,下位,0,256,419
1204,1204,0,681,1041,0,0,0,1271,881,155,2,下位,0,0,0
822,822,0,566,412,1,0,0,0,0,1,0,下位,0,0,0
249,249,0,283,190,0,0,0,822,638,-649,1,下位,0,0,0
226,226,0,476,511,0,1,249,822,638,-649,1,下位,0,249,416
481,481,0,288,207,0,0,0,475,737,-240,1,下位,0,0,0
212,212,0,292,217,0,1,481,475,737,-240,1,下位,0,481,433
252,252,0,284,193,0,2,693,475,737,-240,1,下位,0,212,443
1138,1138,0,1415,1631,0,3,945,475,737,-240,1,下位,0,252,419
240,240,0,281,185,1,0,0,0,0,1,0,下位,0,0,0
245,245,0,300,241,1,1,240,0,0,1,0,下位,0,240,411
276,276,0,289,209,1,2,485,0,0,1,0,下位,0,245,467
608,608,0,1106,1224,1,3,761,0,0,1,0,下位,0,276,435
615,615,0,507,452,0,0,0,1369,1450,618,5,下位,0,0,0
270,270,0,2021,2467,1,0,0,0,0,1,0,下位,0,0,0
1119,1119,0,475,543,0,0,0,270,2693,2271,14,下位,0,0,0
951,951,0,773,938,0,0,0,1119,769,1286,1,下位,0,0,0
243,243,0,3776,5853,1,0,0,0,0,1,0,下位,0,0,0
213,213,0,533,652,1,0,0,0,0,1,0,下位,0,0,0
248,248,0,2284,3239,0,0,0,213,878,545,2,下位,0,0,0
658,658,0,281,185,1,0,0,0,0,1,0,下位,0,0,0
783,783,0,281,185,1,1,658,0,0,1,0,下位,0,658,411
247,247,0,284,193,1,2,1441,0,0,1,0,下位,0,783,411
235,235,0,289,209,1,3,1688,0,0,1,0,下位,0,247,419
1045,1045,0,288,207,1,4,1923,0,0,1,0,下位,0,235,435
264,264,0,428,625,1,5,2968,0,0,1,0,下位,0,1045,433
248,248,0,286,201,1,0,0,0,0,1,0,下位,0,0,0
349,349,0,865,897,1,1,248,0,0,1,0,下位,0,248,427
436,436,0,284,193,1,0,0,0,0,1,0,下位,0,0,0
724,724,0,1313,1446,1,1,436,0,0,1,0,下位,0,436,419
440,440,0,2247,2953,1,0,0,0,0,1,0,下位,0,0,0
356,356,0,1344,1952,1,0,0,0,0,1,0,下位,0,0,0
19,19,0,1441,1779,1,0,0,0,0,1,0,下位,0,0,0
256,256,0,473,546,0,0,0,19,2005,1976,8,下位,0,0,0
623,623,0,919,696,0,0,0,256,772,2347,1,下位,0,0,0
650,650,0,3055,3852,1,0,0,0,0,1,0,下位,0,0,0
235,235,0,288,205,0,0,0,650,4078,828,20,下位,0,0,0
278,278,0,283,191,0,1,235,650,4078,828,20,下位,0,235,431
649,649,0,4232,6327,0,2,513,650,4078,828,20,下位,0,278,417
832,832,0,294,225,1,0,0,0,0,1,0,下位,0,0,0
244,244,0,631,498,1,1,832,0,0,1,0,下位,0,832,451
182,182,0,286,201,1,0,0,0,0,1,0,下位,0,0,0
241,241,0,280,183,1,1,182,0,0,1,0,下位,0,182,427
401,401,0,1549,1860,1,2,423,0,0,1,0,下位,0,241,409
470,470,0,759,784,1,0,0,0,0,1,0,下位,0,0,0
230,230,0,284,193,0,0,0,470,1010,274,4,下位,0,0,0
922,922,0,3936,4670,0,1,230,470,1010,274,4,下位,0,230,419
277,277,0,687,952,0,0,0,1152,4896,1518,29,下位,0,0,0
56,56,0,1796,2156,1,0,0,0,0,1,0,下位,0,0,0
399,399,0,281,185,1,0,0,0,0,1,0,下位,0,0,0
851,851,0,281,185,1,1,399,0,0,1,0,下位,0,399,411
916,916,0,1516,1476,1,2,1250,0,0,1,0,下位,0,851,411
638,638,0,281,185,0,0,0,2166,1702,-870,10,下位,0,0,0
864,864,0,281,185,0,1,638,2166,1702,-870,10,下位,0,638,411
253,253,0,289,209,0,2,1502,2166,1702,-870,10,下位,0,864,411
279,279,0,538,444,0,3,1755,2166,1702,-870,10,下位,0,253,435
95,95,0,1639,2278,1,0,0,0,0,1,0,下位,0,0,0
363,363,0,281,185,1,0,0,0,0,1,0,下位,0,0,0
531,531,0,292,217,1,1,363,0,0,1,0,下位,0,363,411
245,245,0,292,217,1,2,894,0,0,1,0,下位,0,531,443
246,246,0,980,1192,1,3,1139,0,0,1,0,下位,0,245,443
231,231,0,470,527,0,0,0,1385,1418,545,4,下位,0,0,0
718,718,0,488,596,0,0,0,231,753,936,1,下位,0,0,0
405,405,0,539,432,1,0,0,0,0,1,0,下位,0,0,0
825,825,0,284,193,1,0,0,0,0,1,0,下位,0,0,0
634,634,0,286,201,1,1,825,0,0,1,0,下位,0,825,419
421,421,0,286,201,1,2,1459,0,0,1,0,下位,0,634,427
850,850,0,278,177,1,3,1880,0,0,1,0,下位,0,421,427
295,295,0,286,201,1,4,2730,0,0,1,0,下位,0,850,403
1202,1202,0,658,468,1,5,3025,0,0,1,0,下位,0,295,427
454,454,0,479,529,1,0,0,0,0,1,0,下位,0,0,0
330,330,0,281,185,0,0,0,454,755,44,1,下位,0,0,0
472,472,0,958,1023,0,1,330,454,755,44,1,下位,0,330,411
228,228,0,428,625,0,0,0,802,1249,447,5,下位,0,0,0
464,464,0,284,193,1,0,0,0,0,1,0,下位,0,0,0
767,767,0,504,487,1,1,464,0,0,1,0,下位,0,464,419
473,473,0,280,183,0,0,0,1231,713,-796,1,下位,0,0,0
254,254,0,479,548,0,1,473,1231,713,-796,1,下位,0,473,409
328,328,0,284,193,1,0,0,0,0,1,0,下位,0,0,0
362,362,0,289,209,1,1,328,0,0,1,0,下位,0,328,419
785,785,0,864,684,1,2,690,0,0,1,0,下位,0,362,435
464,464,0,1651,2387,1,0,0,0,0,1,0,下位,0,0,0
56,56,0,1269,1359,1,0,0,0,0,1,0,下位,0,0,0
844,844,0,281,185,0,0,0,56,1585,1498,7,下位,0,0,0
666,666,0,622,966,0,1,844,56,1585,1498,7,下位,0,844,411
542,542,0,1357,1196,1,0,0,0,0,1,0,下位,0,0,0
438,438,0,2385,3104,1,0,0,0,0,1,0,下位,0,0,0
244,244,0,286,201,1,0,0,0,0,1,0,下位,0,0,0
264,264,0,284,193,1,1,244,0,0,1,0,下位,0,244,427
462,462,0,284,193,1,2,508,0,0,1,0,下位,0,264,419
648,648,0,614,760,1,3,970,0,0,1,0,下位,0,462,419
477,477,0,280,183,0,0,0,1618,986,-284,3,下位,0,0,0
423,423,0,479,500,0,1,477,1618,986,-284,3,下位,0,477,409
201,201,0,286,201,0,0,0,900,726,-560,1,下位,0,0,0
230,230,0,286,201,0,1,201,900,726,-560,1,下位,0,201,427
239,239,0,428,625,0,2,431,900,726,-560,1,下位,0,230,427
532,532,0,286,201,1,0,0,0,0,1,0,下位,0,0,0
426,426,0,281,185,1,1,532,0,0,1,0,下位,0,532,427
634,634,0,550,473,1,2,958,0,0,1,0,下位,0,426,411
214,214,0,3862,4474,1,0,0,0,0,1,0,下位,0,0,0
649,649,0,289,209,0,0,0,214,4700,246,25,下位,0,0,0
264,264,0,284,193,0,1,649,214,4700,246,25,下位,0,649,435
248,248,0,278,177,0,2,913,214,4700,246,25,下位,0,264,419
568,568,0,692,685,0,3,1161,214,4700,246,25,下位,0,248,403
272,272,0,292,217,0,0,0,1729,911,-296,3,下位,0,0,0
166,166,0,300,241,0,1,272,1729,911,-296,3,下位,0,272,443
1121,1121,0,424,614,0,2,438,1729,911,-296,3,下位,0,166,467
15,15,0,2052,2317,1,0,0,0,0,1,0,下位,0,0,0
436,436,0,477,504,0,0,0,15,2543,338,16,下位,0,0,0
426,426,0,294,225,0,0,0,436,730,385,1,下位,0,0,0
935,935,0,286,201,0,1,426,436,730,385,1,下位,0,426,451
229,229,0,278,177,0,2,1361,436,730,385,1,下位,0,935,427
464,464,0,545,424,0,3,1590,436,730,385,1,下位,0,229,403
253,253,0,286,201,1,0,0,0,0,1,0,下位,0,0,0
348,348,0,281,185,1,1,253,0,0,1,0,下位,0,253,427
274,274,0,938,856,1,2,601,0,0,1,0,下位,0,348,411
443,443,0,283,191,1,0,0,0,0,1,0,下位,0,0,0
268,268,0,286,201,1,1,443,0,0,1,0,下位,0,443,417
1167,1167,0,1308,1509,1,2,711,0,0,1,0,下位,0,268,427
240,240,0,511,474,1,0,0,0,0,1,0,下位,0,0,0
432,432,0,281,185,0,0,0,240,700,325,1,下位,0,0,0
671,671,0,294,225,0,1,432,240,700,325,1,下位,0,432,411
363,363,0,286,201,0,2,1103,240,700,325,1,下位,0,671,451
427,427,0,2061,3352,0,3,1466,240,700,325,1,下位,0,363,427
439,439,0,281,185,0,0,0,1893,3578,2225,14,下位,0,0,0
240,240,0,1939,2295,0,1,439,1893,3578,2225,14,下位,0,439,411
817,817,0,566,564,1,0,0,0,0,1,0,下位,0,0,0
275,275,0,487,512,0,0,0,817,790,-490,2,下位,0,0,0
65,65,0,823,944,1,0,0,0,0,1,0,下位,0,0,0
276,276,0,535,449,1,0,0,0,0,1,0,下位,0,0,0
189,189,0,289,209,1,0,0,0,0,1,0,下位,0,0,0
337,337,0,554,396,1,1,189,0,0,1,0,下位,0,189,435
669,669,0,583,550,0,0,0,526,622,234,1,下位,0,0,0
255,255,0,1045,912,0,0,0,669,776,-39,2,下位,0,0,0
235,235,0,616,952,1,0,0,0,0,1,0,下位,0,0,0
255,255,0,281,185,0,0,0,235,1178,811,2,下位,0,0,0
250,250,0,2336,2917,0,1,255,235,1178,811,2,下位,0,255,411
609,609,0,281,185,0,0,0,505,3143,1178,16,下位,0,0,0
348,348,0,3155,4076,0,1,609,505,3143,1178,16,下位,0,609,411
255,255,0,286,201,0,0,0,957,4302,2202,27,下位,0,0,0
769,769,0,862,685,0,1,255,957,4302,2202,27,下位,0,255,427
465,465,0,286,201,1,0,0,0,0,1,0,下位,0,0,0
1248,1248,0,289,209,1,1,465,0,0,1,0,下位,0,465,427
343,343,0,284,193,1,2,1713,0,0,1,0,下位,0,1248,435
160,160,0,808,896,1,3,2056,0,0,1,0,下位,0,343,419
847,847,0,281,185,1,0,0,0,0,1,0,下位,0,0,0
248,248,0,281,185,1,1,847,0,0,1,0,下位,0,847,411
1042,1042,0,286,201,1,2,1095,0,0,1,0,下位,0,248,411
709,709,0,986,1488,1,3,2137,0,0,1,0,下位,0,1042,427
717,717,0,2166,1677,1,0,0,0,0,1,0,下位,0,0,0
262,262,0,284,193,0,0,0,717,1903,780,13,下位,0,0,0
643,643,0,283,191,0,1,262,717,1903,780,13,下位,0,262,419
351,351,0,289,209,0,2,905,717,1903,780,13,下位,0,643,417
450,450,0,806,638,0,3,1256,717,1903,780,13,下位,0,351,435
823,823,0,471,562,1,0,0,0,0,1,0,下位,0,0,0
58,58,0,277,174,1,0,0,0,0,1,0,下位,0,0,0
244,244,0,539,417,1,1,58,0,0,1,0,下位,0,58,400
298,298,0,1614,2308,0,0,0,302,643,571,1,下位,0,0,0
233,233,0,281,185,1,0,0,0,0,1,0,下位,0,0,0
265,265,0,769,682,1,1,233,0,0,1,0,下位,0,233,411
974,974,0,281,185,0,0,0,498,908,540,4,下位,0,0,0
400,400,0,278,177,0,1,974,498,908,540,4,下位,0,974,411
224,224,0,292,217,0,2,1374,498,908,540,4,下位,0,400,403
1128,1128,0,284,193,0,3,1598,498,908,540,4,下位,0,224,443
203,203,0,484,529,0,4,2726,498,908,540,4,下位,0,1128,419
278,278,0,278,177,1,0,0,0,0,1,0,下位,0,0,0
895,895,0,280,182,1,1,278,0,0,1,0,下位,0,278,403
821,821,0,284,193,1,2,1173,0,0,1,0,下位,0,895,408
1046,1046,0,858,945,1,3,1994,0,0,1,0,下位,0,821,419
449,449,0,284,193,1,0,0,0,0,1,0,下位,0,0,0
1007,1007,0,488,559,1,1,449,0,0,1,0,下位,0,449,419
269,269,0,579,605,0,0,0,1456,785,-1077,1,下位,0,0,0
263,263,0,1327,1499,1,0,0,0,0,1,0,下位,0,0,0
431,431,0,289,209,0,0,0,263,1725,1314,8,下位,0,0,0
439,439,0,286,201,0,1,431,263,1725,1314,8,下位,0,431,435
651,651,0,286,201,0,2,870,263,1725,1314,8,下位,0,439,427
458,458,0,1042,1077,0,3,1521,263,1725,1314,8,下位,0,651,427
716,716,0,1007,1033,1,0,0,0,0,1,0,下位,0,0,0
728,728,0,286,201,1,0,0,0,0,1,0,下位,0,0,0
264,264,0,479,550,1,1,728,0,0,1,0,下位,0,728,427
230,230,0,284,193,0,0,0,992,776,-351,1,下位,0,0,0
727,727,0,534,425,0,1,230,992,776,-351,1,下位,0,230,419
255,255,0,1113,1065,1,0,0,0,0,1,0,下位,0,0,0
225,225,0,631,662,0,0,0,255,1291,892,6,下位,0,0,0
266,266,0,284,193,0,0,0,225,888,1427,3,下位,0,0,0
623,623,0,286,201,0,1,266,225,888,1427,3,下位,0,266,419
755,755,0,292,217,0,2,889,225,888,1427,3,下位,0,623,427
760,760,0,896,970,0,3,1644,225,888,1427,3,下位,0,755,443
446,446,0,1254,1193,1,0,0,0,0,1,0,下位,0,0,0
634,634,0,1504,1427,1,0,0,0,0,1,0,下位,0,0,0
636,636,0,566,413,0,0,0,634,1653,660,9,下位,0,0,0
583,583,0,294,225,0,0,0,636,639,302,1,下位,0,0,0
235,235,0,286,201,0,1,583,636,639,302,1,下位,0,583,451
1247,1247,0,716,535,0,2,818,636,639,302,1,下位,0,235,427
62,62,0,637,513,1,0,0,0,0,1,0,下位,0,0,0
372,372,0,481,558,1,0,0,0,0,1,0,下位,0,0,0
829,829,0,292,217,1,0,0,0,0,1,0,下位,0,0,0
454,454,0,484,491,1,1,829,0,0,1,0,下位,0,829,443
240,240,0,557,464,1,0,0,0,0,1,0,下位,0,0,0
850,850,0,1658,2786,1,0,0,0,0,1,0,下位,0,0,0
263,263,0,286,201,1,0,0,0,0,1,0,下位,0,0,0
618,618,0,1284,1598,1,1,263,0,0,1,0,下位,0,263,427
238,238,0,1356,2039,0,0,0,881,1824,871,6,下位,0,0,0
822,822,0,641,932,1,0,0,0,0,1,0,下位,0,0,0
237,237,0,4310,6086,0,0,0,822,1158,-129,2,下位,0,0,0
356,356,0,1233,1428,0,0,0,237,6312,1099,28,下位,0,0,0
114,114,0,278,177,1,0,0,0,0,1,0,下位,0,0,0
253,253,0,1473,2151,1,1,114,0,0,1,0,下位,0,114,403
252,252,0,2004,2368,0,0,0,367,2377,2205,8,下位,0,0,0
336,336,0,286,201,1,0,0,0,0,1,0,下位,0,0,0
268,268,0,275,166,1,1,336,0,0,1,0,下位,0,336,427
248,248,0,268,145,1,2,604,0,0,1,0,下位,0,268,392
267,267,0,284,193,1,3,852,0,0,1,0,下位,0,248,371
421,421,0,487,512,1,4,1119,0,0,1,0,下位,0,267,419
237,237,0,472,511,0,0,0,1540,738,-66,1,下位,0,0,0
281,281,0,286,201,1,0,0,0,0,1,0,下位,0,0,0
446,446,0,286,201,1,1,281,0,0,1,0,下位,0,281,427
219,219,0,281,185,1,2,727,0,0,1,0,下位,0,446,427
446,446,0,284,193,1,3,946,0,0,1,0,下位,0,219,411
621,621,0,487,501,1,4,1392,0,0,1,0,下位,0,446,419
168,168,0,481,497,1,0,0,0,0,1,0,下位,0,0,0
250,250,0,281,185,0,0,0,168,723,461,1,下位,0,0,0
476,476,0,289,209,0,1,250,168,723,461,1,下位,0,250,411
271,271,0,286,201,0,2,726,168,723,461,1,下位,0,476,435
242,242,0,281,185,0,3,997,168,723,461,1,下位,0,271,427
260,260,0,284,193,0,4,1239,168,723,461,1,下位,0,242,411
235,235,0,278,177,0,5,1499,168,723,461,1,下位,0,260,419
450,450,0,284,193,0,6,1734,168,723,461,1,下位,0,235,403
247,247,0,278,177,0,7,2184,168,723,461,1,下位,0,450,419
449,449,0,833,880,0,8,2431,168,723,461,1,下位,0,247,403
507,507,0,3449,3469,1,0,0,0,0,1,0,下位,0,0,0
850,850,0,615,925,1,0,0,0,0,1,0,下位,0,0,0
149,149,0,284,193,1,0,0,0,0,1,0,下位,0,0,0
1220,1220,0,3465,4601,1,1,149,0,0,1,0,下位,0,149,419
256,256,0,544,435,0,0,0,1369,4827,1043,24,下位,0,0,0
682,682,0,472,535,1,0,0,0,0,1,0,下位,0,0,0
253,253,0,4395,6039,1,0,0,0,0,1,0,下位,0,0,0
839,839,0,701,661,1,0,0,0,0,1,0,下位,0,0,0
334,334,0,492,528,1,0,0,0,0,1,0,下位,0,0,0
263,263,0,299,238,0,0,0,334,754,231,1,下位,0,0,0
626,626,0,876,986,0,1,263,334,754,231,1,下位,0,263,464
427,427,0,289,209,1,0,0,0,0,1,0,下位,0,0,0
829,829,0,284,193,1,1,427,0,0,1,0,下位,0,427,435
166,166,0,560,423,1,2,1256,0,0,1,0,下位,0,829,419
426,426,0,831,982,0,0,0,1422,649,-724,1,下位,0,0,0
788,788,0,284,193,1,0,0,0,0,1,0,下位,0,0,0
268,268,0,1038,1358,1,1,788,0,0,1,0,下位,0,788,419
254,254,0,1742,1979,1,0,0,0,0,1,0,下位,0,0,0
216,216,0,1430,1747,1,0,0,0,0,1,0,下位,0,0,0
752,752,0,544,472,1,0,0,0,0,1,0,下位,0,0,0
60,60,0,283,191,1,0,0,0,0,1,0,下位,0,0,0
246,246,0,286,201,1,1,60,0,0,1,0,下位,0,60,417
442,442,0,549,464,1,2,306,0,0,1,0,下位,0,246,427
11,11,0,440,155,1,0,0,0,0,1,0,下位,0,0,0
332,332,0,278,175,0,0,0,11,381,365,1,下位,0,0,0
597,597,0,283,190,0,1,332,11,381,365,1,下位,0,332,401
270,270,0,284,193,0,2,929,11,381,365,1,下位,0,597,416
359,359,0,686,774,0,3,1199,11,381,365,1,下位,0,270,419
545,545,0,284,193,1,0,0,0,0,1,0,下位,0,0,0
810,810,0,1248,2788,1,1,545,0,0,1,0,下位,0,545,419
266,266,0,284,193,1,0,0,0,0,1,0,下位,0,0,0
239,239,0,278,177,1,1,266,0,0,1,0,下位,0,266,419
154,154,0,297,233,1,2,505,0,0,1,0,下位,0,239,403
799,799,0,927,845,1,3,659,0,0,1,0,下位,0,154,459
346,346,0,2302,2887,1,0,0,0,0,1,0,下位,0,0,0
206,206,0,844,765,0,0,0,346,3113,557,16,下位,0,0,0
515,515,0,289,209,0,0,0,206,991,1225,3,下位,0,0,0
474,474,0,286,201,0,1,515,206,991,1225,3,下位,0,515,435
1016,1016,0,933,1296,0,2,989,206,991,1225,3,下位,0,474,427
221,221,0,292,217,0,0,0,2005,1522,467,6,下位,0,0,0
868,868,0,451,574,0,1,221,2005,1522,467,6,下位,0,221,443
57,57,0,284,193,1,0,0,0,0,1,0,下位,0,0,0
451,451,0,286,201,1,1,57,0,0,1,0,下位,0,57,419
157,157,0,286,201,1,2,508,0,0,1,0,下位,0,451,427
628,628,0,688,584,1,3,665,0,0,1,0,下位,0,157,427
475,475,0,1671,2326,1,0,0,0,0,1,0,下位,0,0,0
250,250,0,281,185,0,0,0,475,2552,1808,15,下位,0,0,0
177,177,0,740,777,0,1,250,475,2552,1808,15,下位,0,250,411
827,827,0,769,932,1,0,0,0,0,1,0,下位,0,0,0
271,271,0,806,609,1,0,0,0,0,1,0,下位,0,0,0
337,337,0,278,177,0,0,0,271,835,411,4,下位,0,0,0
647,647,0,286,201,0,1,337,271,835,411,4,下位,0,337,403
835,835,0,286,201,0,2,984,271,835,411,4,下位,0,647,427
949,949,0,471,526,0,3,1819,271,835,411,4,下位,0,835,427
282,282,0,478,550,0,0,0,2768,752,-1918,1,下位,0,0,0
451,451,0,3314,4528,1,0,0,0,0,1,0,下位,0,0,0
1136,1136,0,289,209,0,0,0,451,4754,1892,21,下位,0,0,0
254,254,0,535,425,0,1,1136,451,4754,1892,21,下位,0,1136,435
614,614,0,286,201,1,0,0,0,0,1,0,下位,0,0,0
208,208,0,1760,2021,1,1,614,0,0,1,0,下位,0,614,427
1097,1097,0,294,225,0,0,0,822,2247,1387,12,下位,0,0,0
245,245,0,292,217,0,1,1097,822,2247,1387,12,下位,0,1097,451
839,839,0,543,437,0,2,1342,822,2247,1387,12,下位,0,245,443
228,228,0,634,670,1,0,0,0,0,1,0,下位,0,0,0
363,363,0,827,792,0,0,0,228,896,540,3,下位,0,0,0
749,749,0,278,177,0,0,0,363,1018,989,3,下位,0,0,0
537,537,0,1046,1290,0,1,749,363,1018,989,3,下位,0,749,403
444,444,0,283,191,1,0,0,0,0,1,0,下位,0,0,0
616,616,0,479,500,1,1,444,0,0,1,0,下位,0,444,417
199,199,0,1715,2297,0,0,0,1060,726,-518,1,下位,0,0,0
168,168,0,477,553,0,0,0,199,2523,1693,8,下位,0,0,0
248,248,0,286,201,1,0,0,0,0,1,0,下位,0,0,0
460,460,0,579,592,1,1,248,0,0,1,0,下位,0,248,427
272,272,0,444,603,0,0,0,708,818,136,2,下位,0,0,0
622,622,0,517,449,0,0,0,272,829,539,1,下位,0,0,0
473,473,0,649,482,0,0,0,622,675,239,1,下位,0,0,0
451,451,0,950,898,1,0,0,0,0,1,0,下位,0,0,0
1243,1243,0,573,601,0,0,0,451,1124,418,4,下位,0,0,0
266,266,0,3550,4327,1,0,0,0,0,1,0,下位,0,0,0
220,220,0,484,531,1,0,0,0,0,1,0,下位,0,0,0
273,273,0,533,452,0,0,0,220,757,413,1,下位,0,0,0
253,253,0,286,201,0,0,0,273,678,663,1,下位,0,0,0
286,286,0,4563,5115,0,1,253,273,678,663,1,下位,0,253,427
259,259,0,750,764,1,0,0,0,0,1,0,下位,0,0,0
425,425,0,485,551,1,0,0,0,0,1,0,下位,0,0,0
698,698,0,294,223,1,0,0,0,0,1,0,下位,0,0,0
242,242,0,476,542,1,1,698,0,0,1,0,下位,0,698,449
828,828,0,486,562,1,0,0,0,0,1,0,下位,0,0,0
249,249,0,564,555,1,0,0,0,0,1,0,下位,0,0,0
616,616,0,286,201,0,0,0,249,781,392,2,下位,0,0,0
656,656,0,284,193,0,1,616,249,781,392,2,下位,0,616,427
289,289,0,289,209,0,2,1272,249,781,392,2,下位,0,656,419
1012,1012,0,292,217,0,3,1561,249,781,392,2,下位,0,289,435
166,166,0,433,572,0,4,2573,249,781,392,2,下位,0,1012,443
247,247,0,466,521,1,0,0,0,0,1,0,下位,0,0,0
870,870,0,893,1406,1,0,0,0,0,1,0,下位,0,0,0
252,252,0,289,209,0,0,0,870,1632,269,4,下位,0,0,0
153,153,0,289,209,0,1,252,870,1632,269,4,下位,0,252,435
252,252,0,286,201,0,2,405,870,1632,269,4,下位,0,153,435
484,484,0,878,822,0,3,657,870,1632,269,4,下位,0,252,427
845,845,0,1898,2504,0,0,0,1141,1048,825,3,下位,0,0,0
835,835,0,441,665,1,0,0,0,0,1,0,下位,0,0,0
261,261,0,292,217,1,0,0,0,0,1,0,下位,0,0,0
656,656,0,284,193,1,1,261,0,0,1,0,下位,0,261,443
162,162,0,278,177,1,2,917,0,0,1,0,下位,0,656,419
254,254,0,286,201,1,3,1079,0,0,1,0,下位,0,162,403
448,448,0,286,201,1,4,1333,0,0,1,0,下位,0,254,427
465,465,0,292,217,1,5,1781,0,0,1,0,下位,0,448,427
461,461,0,292,217,1,6,2246,0,0,1,0,下位,0,465,443
239,239,0,481,534,1,7,2707,0,0,1,0,下位,0,461,443
71,71,0,294,225,1,0,0,0,0,1,0,下位,0,0,0
688,688,0,782,774,1,1,71,0,0,1,0,下位,0,71,451
421,421,0,1995,2982,1,0,0,0,0,1,0,下位,0,0,0
454,454,0,809,1029,1,0,0,0,0,1,0,下位,0,0,0
842,842,0,284,193,0,0,0,454,1255,544,4,下位,0,0,0
225,225,0,289,209,0,1,842,454,1255,544,4,下位,0,842,419
260,260,0,284,193,0,2,1067,454,1255,544,4,下位,0,225,435
1064,1064,0,1303,1736,0,3,1327,454,1255,544,4,下位,0,260,419
857,857,0,740,504,1,0,0,0,0,1,0,下位,0,0,0
251,251,0,284,193,1,0,0,0,0,1,0,下位,0,0,0
276,276,0,1999,2093,1,1,251,0,0,1,0,下位,0,251,419
833,833,0,740,964,1,0,0,0,0,1,0,下位,0,0,0
665,665,0,750,774,1,0,0,0,0,1,0,下位,0,0,0
247,247,0,278,177,0,0,0,665,1000,-41,2,下位,0,0,0
833,833,0,598,748,0,1,247,665,1000,-41,2,下位,0,247,403
239,239,0,286,201,1,0,0,0,0,1,0,下位,0,0,0
1116,1116,0,641,670,1,1,239,0,0,1,0,下位,0,239,427
265,265,0,278,177,1,0,0,0,0,1,0,下位,0,0,0
840,840,0,286,201,1,1,265,0,0,1,0,下位,0,265,403
623,623,0,2257,4393,1,2,1105,0,0,1,0,下位,0,840,427
65,65,0,431,633,1,0,0,0,0,1,0,下位,0,0,0
256,256,0,1606,1700,1,0,0,0,0,1,0,下位,0,0,0
649,649,0,2918,3704,0,0,0,256,1926,1526,11,下位,0,0,0
168,168,0,284,193,0,0,0,649,3930,260,18,下位,0,0,0
238,238,0,1367,1479,0,1,168,649,3930,260,18,下位,0,168,419
843,843,0,284,193,1,0,0,0,0,1,0,下位,0,0,0
663,663,0,542,427,1,1,843,0,0,1,0,下位,0,843,419
33,33,0,825,1043,1,0,0,0,0,1,0,下位,0,0,0
248,248,0,283,191,0,0,0,33,1269,1218,4,下位,0,0,0
924,924,0,292,217,0,1,248,33,1269,1218,4,下位,0,248,417
325,325,0,1420,1400,0,2,1172,33,1269,1218,4,下位,0,924,443
73,73,0,485,551,1,0,0,0,0,1,0,下位,0,0,0
454,454,0,292,217,0,0,0,73,777,664,1,下位,0,0,0
158,158,0,286,201,0,1,454,73,777,664,1,下位,0,454,443
635,635,0,284,193,0,2,612,73,777,664,1,下位,0,158,427
145,145,0,631,654,0,3,1247,73,777,664,1,下位,0,635,419
677,677,0,427,625,1,0,0,0,0,1,0,下位,0,0,0
833,833,0,482,532,0,0,0,677,851,-209,1,下位,0,0,0
53,53,0,284,193,1,0,0,0,0,1,0,下位,0,0,0
243,243,0,281,185,1,1,53,0,0,1,0,下位,0,53,419
527,527,0,421,607,1,2,296,0,0,1,0,下位,0,243,411
464,464,0,762,743,0,0,0,823,833,374,1,下位,0,0,0
245,245,0,560,472,0,0,0,464,969,616,2,下位,0,0,0
842,842,0,289,209,1,0,0,0,0,1,0,下位,0,0,0
656,656,0,1275,1137,1,1,842,0,0,1,0,下位,0,842,435
232,232,0,1754,1910,1,0,0,0,0,1,0,下位,0,0,0
1086,1086,0,284,193,0,0,0,232,2136,1773,9,下位,0,0,0
1065,1065,0,543,437,0,1,1086,232,2136,1773,9,下位,0,1086,419
270,270,0,582,587,1,0,0,0,0,1,0,下位,0,0,0
996,996,0,1984,2145,0,0,0,270,813,391,2,下位,0,0,0
251,251,0,644,689,1,0,0,0,0,1,0,下位,0,0,0
240,240,0,286,201,0,0,0,251,915,523,3,下位,0,0,0
252,252,0,286,201,0,1,240,251,915,523,3,下位,0,240,427
176,176,0,2922,3996,0,2,492,251,915,523,3,下位,0,252,427
225,225,0,294,225,0,0,0,668,4222,2256,20,下位,0,0,0
248,248,0,826,593,0,1,225,668,4222,2256,20,下位,0,225,451
1226,1226,0,1969,2583,0,0,0,473,819,393,2,下位,0,0,0
722,722,0,286,201,1,0,0,0,0,1,0,下位,0,0,0
388,388,0,281,185,1,1,722,0,0,1,0,下位,0,722,427
281,281,0,281,185,1,2,1110,0,0,1,0,下位,0,388,411
740,740,0,483,531,1,3,1391,0,0,1,0,下位,0,281,411
253,253,0,598,575,1,0,0,0,0,1,0,下位,0,0,0
65,65,0,627,481,1,0,0,0,0,1,0,下位,0,0,0
243,243,0,281,185,0,0,0,65,707,606,2,下位,0,0,0
248,248,0,440,574,0,1,243,65,707,606,2,下位,0,243,411
832,832,0,2945,3805,0,0,0,491,800,1047,1,下位,0,0,0
442,442,0,284,193,0,0,0,832,4031,1618,21,下位,0,0,0
634,634,0,717,822,0,1,442,832,4031,1618,21,下位,0,442,419
158,158,0,470,527,1,0,0,0,0,1,0,下位,0,0,0
243,243,0,286,201,0,0,0,158,753,506,1,下位,0,0,0
247,247,0,985,2282,0,1,243,158,753,506,1,下位,0,243,427
1234,1234,0,604,687,0,0,0,490,2508,410,5,下位,0,0,0
247,247,0,1254,1297,0,0,0,1234,913,-611,3,下位,0,0,0
509,509,0,1386,1751,1,0,0,0,0,1,0,下位,0,0,0
246,246,0,289,209,0,0,0,509,1977,1180,10,下位,0,0,0
346,346,0,2417,3500,0,1,246,509,1977,1180,10,下位,0,246,435
712,712,0,1347,1920,1,0,0,0,0,1,0,下位,0,0,0
253,253,0,638,475,0,0,0,712,2146,1031,8,下位,0,0,0
18,18,0,2094,2480,1,0,0,0,0,1,0,下位,0,0,0
433,433,0,281,185,0,0,0,18,2706,625,12,下位,0,0,0
215,215,0,284,193,0,1,433,18,2706,625,12,下位,0,433,411
650,650,0,297,233,0,2,648,18,2706,625,12,下位,0,215,419
276,276,0,422,602,0,3,1298,18,2706,625,12,下位,0,650,459
233,233,0,278,177,1,0,0,0,0,1,0,下位,0,0,0
241,241,0,281,185,1,1,233,0,0,1,0,下位,0,233,403
249,249,0,281,185,1,2,474,0,0,1,0,下位,0,241,411
297,297,0,514,495,1,3,723,0,0,1,0,下位,0,249,411
340,340,0,289,209,1,0,0,0,0,1,0,下位,0,0,0
621,621,0,1080,1083,1,1,340,0,0,1,0,下位,0,340,435
265,265,0,1607,1874,1,0,0,0,0,1,0,下位,0,0,0
230,230,0,284,193,0,0,0,265,2100,1686,10,下位,0,0,0
377,377,0,281,185,0,1,230,265,2100,1686,10,下位,0,230,419
819,819,0,289,209,0,2,607,265,2100,1686,10,下位,0,377,411
182,182,0,281,185,0,3,1426,265,2100,1686,10,下位,0,819,435
1107,1107,0,284,193,0,4,1608,265,2100,1686,10,下位,0,182,411
274,274,0,516,492,0,5,2715,265,2100,1686,10,下位,0,1107,419
260,260,0,292,217,0,0,0,2989,718,-186,1,下位,0,0,0
258,258,0,284,193,0,1,260,2989,718,-186,1,下位,0,260,443
448,448,0,425,617,0,2,518,2989,718,-186,1,下位,0,258,419
244,244,0,555,468,1,0,0,0,0,1,0,下位,0,0,0
334,334,0,971,801,1,0,0,0,0,1,0,下位,0,0,0
840,840,0,278,177,0,0,0,334,1027,504,4,下位,0,0,0
433,433,0,281,185,0,1,840,334,1027,504,4,下位,0,840,403
440,440,0,284,193,0,2,1273,334,1027,504,4,下位,0,433,411
249,249,0,294,225,0,3,1713,334,1027,504,4,下位,0,440,419
197,197,0,281,185,0,4,1962,334,1027,504,4,下位,0,249,451
501,501,0,292,217,0,5,2159,334,1027,504,4,下位,0,197,411
917,917,0,504,461,0,6,2660,334,1027,504,4,下位,0,501,443
365,365,0,971,1441,0,0,0,3577,687,-1878,1,下位,0,0,0
283,283,0,292,217,1,0,0,0,0,1,0,下位,0,0,0
204,204,0,1162,2812,1,1,283,0,0,1,0,下位,0,283,443
871,871,0,1805,2481,0,0,0,487,3038,458,6,下位,0,0,0
239,239,0,1078,583,0,0,0,871,2707,1800,10,下位,0,0,0
621,621,0,860,776,1,0,0,0,0,1,0,下位,0,0,0
1224,1224,0,1019,999,0,0,0,621,1002,30,3,下位,0,0,0
855,855,0,478,531,1,0,0,0,0,1,0,下位,0,0,0
254,254,0,959,1060,0,0,0,855,757,-582,1,下位,0,0,0
342,342,0,477,512,1,0,0,0,0,1,0,下位,0,0,0
1154,1154,0,281,185,0,0,0,342,738,203,1,下位,0,0,0
258,258,0,483,556,0,1,1154,342,738,203,1,下位,0,1154,411
602,602,0,281,185,1,0,0,0,0,1,0,下位,0,0,0
367,367,0,3087,3778,1,1,602,0,0,1,0,下位,0,602,411
249,249,0,826,854,0,0,0,969,4004,768,24,下位,0,0,0
444,444,0,1247,1343,0,0,0,249,1080,1458,3,下位,0,0,0
261,261,0,690,853,1,0,0,0,0,1,0,下位,0,0,0
460,460,0,289,209,0,0,0,261,1079,671,2,下位,0,0,0
442,442,0,284,193,0,1,460,261,1079,671,2,下位,0,460,435
350,350,0,685,553,0,2,902,261,1079,671,2,下位,0,442,419
664,664,0,623,674,1,0,0,0,0,1,0,下位,0,0,0
1256,1256,0,743,474,0,0,0,664,900,-140,3,下位,0,0,0
244,244,0,894,760,0,0,0,1256,700,-1409,3,下位,0,0,0
239,239,0,284,193,0,0,0,244,986,-805,3,下位,0,0,0
443,443,0,556,391,0,1,239,244,986,-805,3,下位,0,239,419
165,165,0,284,193,1,0,0,0,0,1,0,下位,0,0,0
251,251,0,3593,4057,1,1,165,0,0,1,0,下位,0,165,419
126,126,0,498,533,1,0,0,0,0,1,0,下位,0,0,0
274,274,0,286,201,0,0,0,126,759,563,1,下位,0,0,0
276,276,0,294,225,0,1,274,126,759,563,1,下位,0,274,427
214,214,0,286,201,0,2,550,126,759,563,1,下位,0,276,451
199,199,0,284,193,0,3,764,126,759,563,1,下位,0,214,427
340,340,0,286,201,0,4,963,126,759,563,1,下位,0,199,419
245,245,0,289,209,0,5,1303,126,759,563,1,下位,0,340,427
278,278,0,476,553,0,6,1548,126,759,563,1,下位,0,245,435
425,425,0,915,888,0,0,0,1826,779,1066,1,下位,0,0,0
426,426,0,281,185,0,0,0,425,1114,1514,4,下位,0,0,0
274,274,0,284,193,0,1,426,425,1114,1514,4,下位,0,426,411
258,258,0,289,209,0,2,700,425,1114,1514,4,下位,0,274,419
244,244,0,286,201,0,3,958,425,1114,1514,4,下位,0,258,435
473,473,0,289,209,0,4,1202,425,1114,1514,4,下位,0,244,427
635,635,0,482,545,0,5,1675,425,1114,1514,4,下位,0,473,435
273,273,0,543,424,0,0,0,2310,771,793,1,下位,0,0,0
651,651,0,586,533,1,0,0,0,0,1,0,下位,0,0,0
836,836,0,519,650,1,0,0,0,0,1,0,下位,0,0,0
846,846,0,752,766,1,0,0,0,0,1,0,下位,0,0,0
227,227,0,1695,2264,1,0,0,0,0,1,0,下位,0,0,0
757,757,0,479,520,0,0,0,227,2490,2135,8,下位,0,0,0
625,625,0,284,193,0,0,0,757,746,1694,1,下位,0,0,0
433,433,0,641,909,0,1,625,757,746,1694,1,下位,0,625,419
241,241,0,432,639,0,0,0,1058,1135,1589,2,下位,0,0,0
354,354,0,282,189,1,0,0,0,0,1,0,下位,0,0,0
1077,1077,0,284,193,1,1,354,0,0,1,0,下位,0,354,415
841,841,0,664,847,1,2,1431,0,0,1,0,下位,0,1077,419
724,724,0,1629,1661,1,0,0,0,0,1,0,下位,0,0,0
356,356,0,289,209,0,0,0,724,1887,753,11,下位,0,0,0
252,252,0,281,185,0,1,356,724,1887,753,11,下位,0,356,435
438,438,0,289,209,0,2,608,724,1887,753,11,下位,0,252,411
741,741,0,487,561,0,3,1046,724,1887,753,11,下位,0,438,435
872,872,0,289,209,1,0,0,0,0,1,0,下位,0,0,0
243,243,0,284,193,1,1,872,0,0,1,0,下位,0,872,435
243,243,0,289,209,1,2,1115,0,0,1,0,下位,0,243,419
230,230,0,280,182,1,3,1358,0,0,1,0,下位,0,243,435
277,277,0,300,241,1,4,1588,0,0,1,0,下位,0,230,408
241,241,0,281,185,1,5,1865,0,0,1,0,下位,0,277,467
952,952,0,1971,2797,1,6,2106,0,0,1,0,下位,0,241,411
237,237,0,292,217,1,0,0,0,0,1,0,下位,0,0,0
237,237,0,281,185,1,1,237,0,0,1,0,下位,0,237,443
227,227,0,493,515,1,2,474,0,0,1,0,下位,0,237,411
258,258,0,471,635,0,0,0,701,741,498,1,下位,0,0,0
257,257,0,1348,1674,0,0,0,258,861,955,1,下位,0,0,0
630,630,0,1989,2632,1,0,0,0,0,1,0,下位,0,0,0
638,638,0,486,513,0,0,0,630,2858,1872,12,下位,0,0,0
246,246,0,291,215,0,0,0,638,739,1611,1,下位,0,0,0
461,461,0,292,217,0,1,246,638,739,1611,1,下位,0,246,441
261,261,0,284,193,0,2,707,638,739,1611,1,下位,0,461,443
242,242,0,284,193,0,3,968,638,739,1611,1,下位,0,261,419
258,258,0,530,420,0,4,1210,638,739,1611,1,下位,0,242,419
569,569,0,289,209,1,0,0,0,0,1,0,下位,0,0,0
637,637,0,281,185,1,1,569,0,0,1,0,下位,0,569,435
251,251,0,479,500,1,2,1206,0,0,1,0,下位,0,637,411
248,248,0,941,1012,1,0,0,0,0,1,0,下位,0,0,0
798,798,0,2143,3094,1,0,0,0,0,1,0,下位,0,0,0
846,846,0,438,657,0,0,0,798,3320,2070,11,下位,0,0,0
262,262,0,285,198,1,0,0,0,0,1,0,下位,0,0,0
299,299,0,536,419,1,1,262,0,0,1,0,下位,0,262,424
427,427,0,286,201,0,0,0,561,645,190,1,下位,0,0,0
939,939,0,555,431,0,1,427,561,645,190,1,下位,0,427,427
833,833,0,3985,6781,1,0,0,0,0,1,0,下位,0,0,0
230,230,0,841,1016,0,0,0,833,7007,413,36,下位,0,0,0
454,454,0,676,699,0,0,0,230,1242,1294,4,下位,0,0,0
226,226,0,289,209,0,0,0,454,925,1507,3,下位,0,0,0
250,250,0,1564,1675,0,1,226,454,925,1507,3,下位,0,226,435
798,798,0,1399,1649,1,0,0,0,0,1,0,下位,0,0,0
474,474,0,284,193,0,0,0,798,1875,625,7,下位,0,0,0
271,271,0,1232,1258,0,1,474,798,1875,625,7,下位,0,474,419
867,867,0,527,380,0,0,0,745,1484,1360,6,下位,0,0,0
751,751,0,297,233,1,0,0,0,0,1,0,下位,0,0,0
429,429,0,286,201,1,1,751,0,0,1,0,下位,0,751,459
559,559,0,599,573,1,2,1180,0,0,1,0,下位,0,429,427
687,687,0,284,193,1,0,0,0,0,1,0,下位,0,0,0
341,341,0,286,201,1,1,687,0,0,1,0,下位,0,687,419
1133,1133,0,643,703,1,2,1028,0,0,1,0,下位,0,341,427
166,166,0,281,185,1,0,0,0,0,1,0,下位,0,0,0
418,418,0,480,482,1,1,166,0,0,1,0,下位,0,166,411
649,649,0,480,548,0,0,0,584,708,205,1,下位,0,0,0
843,843,0,289,209,1,0,0,0,0,1,0,下位,0,0,0
1023,1023,0,284,193,1,1,843,0,0,1,0,下位,0,843,435
241,241,0,1456,1952,1,2,1866,0,0,1,0,下位,0,1023,419
185,185,0,480,524,1,0,0,0,0,1,0,下位,0,0,0
841,841,0,498,507,1,0,0,0,0,1,0,下位,0,0,0
1052,1052,0,2661,3897,0,0,0,841,733,-584,1,下位,0,0,0
448,448,0,631,722,1,0,0,0,0,1,0,下位,0,0,0
777,777,0,284,193,1,0,0,0,0,1,0,下位,0,0,0
342,342,0,281,185,1,1,777,0,0,1,0,下位,0,777,419
387,387,0,289,209,1,2,1119,0,0,1,0,下位,0,342,411
651,651,0,286,201,1,3,1506,0,0,1,0,下位,0,387,435
1041,1041,0,281,185,1,4,2157,0,0,1,0,下位,0,651,427
262,262,0,286,201,1,5,3198,0,0,1,0,下位,0,1041,411
259,259,0,557,462,1,6,3460,0,0,1,0,下位,0,262,427
151,151,0,289,209,1,0,0,0,0,1,0,下位,0,0,0
245,245,0,284,193,1,1,151,0,0,1,0,下位,0,151,435
373,373,0,284,193,1,2,396,0,0,1,0,下位,0,245,419
820,820,0,4324,7093,1,3,769,0,0,1,0,下位,0,373,419
179,179,0,754,591,0,0,0,1589,7319,1808,31,下位,0,0,0
841,841,0,284,193,1,0,0,0,0,1,0,下位,0,0,0
924,924,0,710,597,1,1,841,0,0,1,0,下位,0,841,419
868,868,0,292,217,1,0,0,0,0,1,0,下位,0,0,0
266,266,0,3173,4111,1,1,868,0,0,1,0,下位,0,868,443
864,864,0,634,493,1,0,0,0,0,1,0,下位,0,0,0
49,49,0,852,729,1,0,0,0,0,1,0,下位,0,0,0
712,712,0,689,1064,1,0,0,0,0,1,0,下位,0,0,0
640,640,0,289,209,1,0,0,0,0,1,0,下位,0,0,0
458,458,0,294,225,1,1,640,0,0,1,0,下位,0,640,435
242,242,0,562,396,1,2,1098,0,0,1,0,下位,0,458,451
653,653,0,281,185,0,0,0,1340,622,-591,1,下位,0,0,0
441,441,0,546,456,0,1,653,1340,622,-591,1,下位,0,653,411
763,763,0,543,649,1,0,0,0,0,1,0,下位,0,0,0
439,439,0,1941,3127,1,0,0,0,0,1,0,下位,0,0,0
1053,1053,0,284,193,0,0,0,439,3353,378,12,下位,0,0,0
163,163,0,284,193,0,1,1053,439,3353,378,12,下位,0,1053,419
365,365,0,1919,2583,0,2,1216,439,3353,378,12,下位,0,163,419
820,820,0,427,625,1,0,0,0,0,1,0,下位,0,0,0
464,464,0,562,431,1,0,0,0,0,1,0,下位,0,0,0
831,831,0,577,607,1,0,0,0,0,1,0,下位,0,0,0
648,648,0,1352,1791,0,0,0,831,833,-469,2,下位,0,0,0
264,264,0,289,209,1,0,0,0,0,1,0,下位,0,0,0
646,646,0,286,201,1,1,264,0,0,1,0,下位,0,264,435
1038,1038,0,281,185,1,2,910,0,0,1,0,下位,0,646,427
283,283,0,281,185,1,3,1948,0,0,1,0,下位,0,1038,411
451,451,0,977,1117,1,4,2231,0,0,1,0,下位,0,283,411
765,765,0,892,939,1,0,0,0,0,1,0,下位,0,0,0
285,285,0,286,199,1,0,0,0,0,1,0,下位,0,0,0
692,692,0,284,193,1,1,285,0,0,1,0,下位,0,285,425
456,456,0,278,177,1,2,977,0,0,1,0,下位,0,692,419
404,404,0,474,532,1,3,1433,0,0,1,0,下位,0,456,403
306,306,0,3782,6344,1,0,0,0,0,1,0,下位,0,0,0
478,478,0,294,225,0,0,0,306,6570,1666,27,下位,0,0,0
237,237,0,286,201,0,1,478,306,6570,1666,27,下位,0,478,451
630,630,0,286,201,0,2,715,306,6570,1666,27,下位,0,237,427
250,250,0,812,1136,0,3,1345,306,6570,1666,27,下位,0,630,427
168,168,0,286,201,0,0,0,1595,1362,1834,4,下位,0,0,0
268,268,0,473,546,0,1,168,1595,1362,1834,4,下位,0,168,427
425,425,0,289,209,1,0,0,0,0,1,0,下位,0,0,0
261,261,0,294,225,1,1,425,0,0,1,0,下位,0,425,435
244,244,0,292,217,1,2,686,0,0,1,0,下位,0,261,451
1053,1053,0,546,443,1,3,930,0,0,1,0,下位,0,244,443
639,639,0,533,648,0,0,0,1983,669,-1108,1,下位,0,0,0
368,368,0,286,199,1,0,0,0,0,1,0,下位,0,0,0
546,546,0,2401,3600,1,1,368,0,0,1,0,下位,0,368,425
446,446,0,284,193,1,0,0,0,0,1,0,下位,0,0,0
444,444,0,286,201,1,1,446,0,0,1,0,下位,0,446,419
749,749,0,2262,2833,1,2,890,0,0,1,0,下位,0,444,427
229,229,0,491,567,1,0,0,0,0,1,0,下位,0,0,0
435,435,0,286,201,0,0,0,229,793,435,1,下位,0,0,0
712,712,0,280,183,0,1,435,229,793,435,1,下位,0,435,427
513,513,0,781,661,0,2,1147,229,793,435,1,下位,0,712,409
464,464,0,280,182,1,0,0,0,0,1,0,下位,0,0,0
725,725,0,1009,1147,1,1,464,0,0,1,0,下位,0,464,408
223,223,0,297,233,0,0,0,1189,1373,-81,4,下位,0,0,0
299,299,0,649,743,0,1,223,1189,1373,-81,4,下位,0,223,459
335,335,0,487,534,0,0,0,522,969,528,3,下位,0,0,0
282,282,0,288,206,0,0,0,335,760,763,1,下位,0,0,0
709,709,0,3870,4721,0,1,282,335,760,763,1,下位,0,282,432
838,838,0,284,193,1,0,0,0,0,1,0,下位,0,0,0
257,257,0,294,225,1,1,838,0,0,1,0,下位,0,838,419
214,214,0,1594,2494,1,2,1095,0,0,1,0,下位,0,257,451
797,797,0,1178,1185,0,0,0,1309,2720,1540,13,下位,0,0,0
844,844,0,427,625,1,0,0,0,0,1,0,下位,0,0,0
244,244,0,280,183,0,0,0,844,851,-471,1,下位,0,0,0
202,202,0,484,491,0,1,244,844,851,-471,1,下位,0,244,409
289,289,0,2551,3064,0,0,0,446,717,-44,1,下位,0,0,0
322,322,0,300,241,1,0,0,0,0,1,0,下位,0,0,0
472,472,0,501,762,1,1,322,0,0,1,0,下位,0,322,467
250,250,0,297,233,0,0,0,794,988,211,2,下位,0,0,0
388,388,0,2076,2861,0,1,250,794,988,211,2,下位,0,250,459
825,825,0,827,948,0,0,0,638,3087,641,12,下位,0,0,0
506,506,0,720,809,0,0,0,825,1174,522,4,下位,0,0,0
245,245,0,284,193,0,0,0,506,1035,764,2,下位,0,0,0
262,262,0,526,427,0,1,245,506,1035,764,2,下位,0,245,419
104,104,0,480,556,1,0,0,0,0,1,0,下位,0,0,0
565,565,0,588,542,1,0,0,0,0,1,0,下位,0,0,0
78,78,0,288,206,1,0,0,0,0,1,0,下位,0,0,0
850,850,0,1921,2470,1,1,78,0,0,1,0,下位,0,78,432
110,110,0,982,1024,1,0,0,0,0,1,0,下位,0,0,0
500,500,0,542,438,1,0,0,0,0,1,0,下位,0,0,0
235,235,0,281,185,0,0,0,500,664,-119,1,下位,0,0,0
368,368,0,292,217,0,1,235,500,664,-119,1,下位,0,235,411
458,458,0,488,570,0,2,603,500,664,-119,1,下位,0,368,443
361,361,0,284,193,0,0,0,1061,796,-132,1,下位,0,0,0
247,247,0,2211,2878,0,1,361,1061,796,-132,1,下位,0,361,419
494,494,0,2631,4306,1,0,0,0,0,1,0,下位,0,0,0
160,160,0,663,886,1,0,0,0,0,1,0,下位,0,0,0
623,623,0,428,625,0,0,0,160,1112,862,2,下位,0,0,0
491,491,0,573,626,0,0,0,623,851,737,1,下位,0,0,0
213,213,0,650,504,1,0,0,0,0,1,0,下位,0,0,0
825,825,0,1074,1536,0,0,0,213,730,397,2,下位,0,0,0
365,365,0,1168,879,1,0,0,0,0,1,0,下位,0,0,0
288,288,0,283,191,1,0,0,0,0,1,0,下位,0,0,0
445,445,0,545,410,1,1,288,0,0,1,0,下位,0,288,417
248,248,0,286,201,0,0,0,733,636,-94,1,下位,0,0,0
532,532,0,289,209,0,1,248,733,636,-94,1,下位,0,248,427
517,517,0,947,817,0,2,780,733,636,-94,1,下位,0,532,435
842,842,0,642,681,1,0,0,0,0,1,0,下位,0,0,0
239,239,0,289,209,0,0,0,842,907,-412,3,下位,0,0,0
208,208,0,281,185,0,1,239,842,907,-412,3,下位,0,239,435
260,260,0,436,649,0,2,447,842,907,-412,3,下位,0,208,411
149,149,0,1153,1639,1,0,0,0,0,1,0,下位,0,0,0
839,839,0,1165,1109,1,0,0,0,0,1,0,下位,0,0,0
748,748,0,894,973,1,0,0,0,0,1,0,下位,0,0,0
870,870,0,294,223,1,0,0,0,0,1,0,下位,0,0,0
828,828,0,281,185,1,1,870,0,0,1,0,下位,0,870,449
251,251,0,291,215,1,2,1698,0,0,1,0,下位,0,828,411
667,667,0,621,686,1,3,1949,0,0,1,0,下位,0,251,441
53,53,0,1663,2044,1,0,0,0,0,1,0,下位,0,0,0
244,244,0,280,182,0,0,0,53,2270,2188,9,下位,0,0,0
453,453,0,660,501,0,1,244,53,2270,2188,9,下位,0,244,408
215,215,0,281,185,0,0,0,697,727,2231,2,下位,0,0,0
339,339,0,1235,2099,0,1,215,697,727,2231,2,下位,0,215,411
249,249,0,1998,2527,1,0,0,0,0,1,0,下位,0,0,0
448,448,0,281,185,0,0,0,249,2753,345,12,下位,0,0,0
864,864,0,466,594,0,1,448,249,2753,345,12,下位,0,448,411
592,592,0,280,183,1,0,0,0,0,1,0,下位,0,0,0
260,260,0,549,664,1,1,592,0,0,1,0,下位,0,592,409
833,833,0,2203,3178,1,0,0,0,0,1,0,下位,0,0,0
658,658,0,289,209,0,0,0,833,3404,2099,14,下位,0,0,0
244,244,0,832,846,0,1,658,833,3404,2099,14,下位,0,658,435
252,252,0,286,201,0,0,0,902,1072,2193,3,下位,0,0,0
260,260,0,471,597,0,1,252,902,1072,2193,3,下位,0,252,427
251,251,0,481,521,1,0,0,0,0,1,0,下位,0,0,0
554,554,0,425,617,0,0,0,251,747,355,1,下位,0,0,0
492,492,0,495,561,0,0,0,554,843,330,1,下位,0,0,0
765,765,0,3122,3879,1,0,0,0,0,1,0,下位,0,0,0
109,109,0,284,193,1,0,0,0,0,1,0,下位,0,0,0
234,234,0,822,801,1,1,109,0,0,1,0,下位,0,109,419
469,469,0,582,550,1,0,0,0,0,1,0,下位,0,0,0
803,803,0,284,193,1,0,0,0,0,1,0,下位,0,0,0
647,647,0,672,868,1,1,803,0,0,1,0,下位,0,803,419
828,828,0,635,492,1,0,0,0,0,1,0,下位,0,0,0
252,252,0,822,872,1,0,0,0,0,1,0,下位,0,0,0
132,132,0,514,495,1,0,0,0,0,1,0,下位,0,0,0
412,412,0,286,201,1,0,0,0,0,1,0,下位,0,0,0
629,629,0,284,193,1,1,412,0,0,1,0,下位,0,412,427
251,251,0,1730,2714,1,2,1041,0,0,1,0,下位,0,629,419
94,94,0,491,542,1,0,0,0,0,1,0,下位,0,0,0
831,831,0,577,594,1,0,0,0,0,1,0,下位,0,0,0
443,443,0,961,791,1,0,0,0,0,1,0,下位,0,0,0
1226,1226,0,1667,1791,0,0,0,443,1017,324,6,下位,0,0,0
442,442,0,289,209,1,0,0,0,0,1,0,下位,0,0,0
567,567,0,601,591,1,1,442,0,0,1,0,下位,0,442,435
275,275,0,297,233,0,0,0,1009,817,-329,2,下位,0,0,0
515,515,0,870,673,0,1,275,1009,817,-329,2,下位,0,275,459
40,40,0,2548,3663,1,0,0,0,0,1,0,下位,0,0,0
1237,1237,0,796,1343,0,0,0,40,3889,1505,17,下位,0,0,0
184,184,0,284,193,0,0,0,1237,1569,1135,3,下位,0,0,0
237,237,0,284,193,0,1,184,1237,1569,1135,3,下位,0,184,419
836,836,0,289,209,0,2,421,1237,1569,1135,3,下位,0,237,419
239,239,0,691,563,0,3,1257,1237,1569,1135,3,下位,0,836,435
771,771,0,541,462,1,0,0,0,0,1,0,下位,0,0,0
156,156,0,1874,2814,1,0,0,0,0,1,0,下位,0,0,0
834,834,0,425,617,1,0,0,0,0,1,0,下位,0,0,0
284,284,0,1056,1295,0,0,0,834,843,-463,1,下位,0,0,0
242,242,0,278,177,0,0,0,284,1521,613,5,下位,0,0,0
419,419,0,294,225,0,1,242,284,1521,613,5,下位,0,242,403
1040,1040,0,539,430,0,2,661,284,1521,613,5,下位,0,419,451
541,541,0,879,671,1,0,0,0,0,1,0,下位,0,0,0
380,380,0,284,193,1,0,0,0,0,1,0,下位,0,0,0
464,464,0,1461,1634,1,1,380,0,0,1,0,下位,0,380,419
299,299,0,628,478,0,0,0,844,1860,957,10,下位,0,0,0
137,137,0,536,435,1,0,0,0,0,1,0,下位,0,0,0
694,694,0,286,201,0,0,0,137,661,447,1,下位,0,0,0
621,621,0,478,551,0,1,694,137,661,447,1,下位,0,694,427
394,394,0,2122,2982,0,0,0,1315,777,-410,1,下位,0,0,0
861,861,0,281,185,1,0,0,0,0,1,0,下位,0,0,0
290,290,0,292,217,1,1,861,0,0,1,0,下位,0,861,411
212,212,0,510,469,1,2,1151,0,0,1,0,下位,0,290,443
262,262,0,284,193,0,0,0,1363,695,-587,1,下位,0,0,0
167,167,0,512,522,0,1,262,1363,695,-587,1,下位,0,262,419
838,838,0,972,800,1,0,0,0,0,1,0,下位,0,0,0
246,246,0,463,513,1,0,0,0,0,1,0,下位,0,0,0
438,438,0,583,537,0,0,0,246,739,354,1,下位,0,0,0
311,311,0,3627,5633,0,0,0,438,763,430,2,下位,0,0,0
642,642,0,543,673,1,0,0,0,0,1,0,下位,0,0,0
785,785,0,644,661,1,0,0,0,0,1,0,下位,0,0,0
254,254,0,284,193,0,0,0,785,887,-342,3,下位,0,0,0
149,149,0,446,565,0,1,254,785,887,-342,3,下位,0,254,419
47,47,0,2349,2424,1,0,0,0,0,1,0,下位,0,0,0
122,122,0,2148,3034,1,0,0,0,0,1,0,下位,0,0,0
1099,1099,0,787,767,0,0,0,122,3260,895,11,下位,0,0,0
256,256,0,646,488,0,0,0,1099,993,165,5,下位,0,0,0
840,840,0,841,1289,1,0,0,0,0,1,0,下位,0,0,0
273,273,0,284,193,1,0,0,0,0,1,0,下位,0,0,0
361,361,0,292,217,1,1,273,0,0,1,0,下位,0,273,419
586,586,0,443,671,1,2,634,0,0,1,0,下位,0,361,443
379,379,0,923,817,0,0,0,1220,897,-152,1,下位,0,0,0
243,243,0,292,217,0,0,0,379,1043,297,4,下位,0,0,0
204,204,0,286,201,0,1,243,379,1043,297,4,下位,0,243,443
630,630,0,673,872,0,2,447,379,1043,297,4,下位,0,204,427
171,171,0,286,201,1,0,0,0,0,1,0,下位,0,0,0
145,145,0,2810,4311,1,1,171,0,0,1,0,下位,0,171,427
927,927,0,481,510,0,0,0,316,4537,2041,18,下位,0,0,0
241,241,0,286,201,0,0,0,927,736,1324,1,下位,0,0,0
449,449,0,284,193,0,1,241,927,736,1324,1,下位,0,241,427
562,562,0,3744,5142,0,2,690,927,736,1324,1,下位,0,449,419
451,451,0,1323,1727,1,0,0,0,0,1,0,下位,0,0,0
228,228,0,3119,3491,1,0,0,0,0,1,0,下位,0,0,0
21,21,0,656,478,1,0,0,0,0,1,0,下位,0,0,0
305,305,0,281,185,1,0,0,0,0,1,0,下位,0,0,0
229,229,0,289,209,1,1,305,0,0,1,0,下位,0,305,411
522,522,0,478,551,1,2,534,0,0,1,0,下位,0,229,435
233,233,0,1372,1784,1,0,0,0,0,1,0,下位,0,0,0
340,340,0,289,209,0,0,0,233,2010,1646,10,下位,0,0,0
450,450,0,281,185,0,1,340,233,2010,1646,10,下位,0,340,435
655,655,0,281,185,0,2,790,233,2010,1646,10,下位,0,450,411
1026,1026,0,286,201,0,3,1445,233,2010,1646,10,下位,0,655,411
627,627,0,289,209,0,4,2471,233,2010,1646,10,下位,0,1026,427
456,456,0,286,201,0,5,3098,233,2010,1646,10,下位,0,627,435
235,235,0,289,209,0,6,3554,233,2010,1646,10,下位,0,456,427
265,265,0,281,185,0,7,3789,233,2010,1646,10,下位,0,235,435
296,296,0,741,789,0,8,4054,233,2010,1646,10,下位,0,265,411
694,694,0,475,507,0,0,0,4350,1015,-765,2,下位,0,0,0
647,647,0,619,468,1,0,0,0,0,1,0,下位,0,0,0
836,836,0,474,519,1,0,0,0,0,1,0,下位,0,0,0
838,838,0,573,574,1,0,0,0,0,1,0,下位,0,0,0
841,841,0,281,185,1,0,0,0,0,1,0,下位,0,0,0
273,273,0,425,617,1,1,841,0,0,1,0,下位,0,841,411
863,863,0,281,185,1,0,0,0,0,1,0,下位,0,0,0
386,386,0,281,185,1,1,863,0,0,1,0,下位,0,863,411
264,264,0,771,692,1,2,1249,0,0,1,0,下位,0,386,411
560,560,0,574,621,1,0,0,0,0,1,0,下位,0,0,0
632,632,0,819,841,1,0,0,0,0,1,0,下位,0,0,0
635,635,0,546,456,0,0,0,632,1067,77,3,下位,0,0,0
703,703,0,753,817,1,0,0,0,0,1,0,下位,0,0,0
126,126,0,286,201,1,0,0,0,0,1,0,下位,0,0,0
148,148,0,286,201,1,1,126,0,0,1,0,下位,0,126,427
254,254,0,286,201,1,2,274,0,0,1,0,下位,0,148,427
440,440,0,286,201,1,3,528,0,0,1,0,下位,0,254,427
269,269,0,284,193,1,4,968,0,0,1,0,下位,0,440,427
558,558,0,283,191,1,5,1237,0,0,1,0,下位,0,269,419
238,238,0,284,193,1,6,1795,0,0,1,0,下位,0,558,417
448,448,0,477,540,1,7,2033,0,0,1,0,下位,0,238,419
741,741,0,1309,1681,1,0,0,0,0,1,0,下位,0,0,0
1266,1266,0,278,177,0,0,0,741,1907,747,9,下位,0,0,0
235,235,0,2653,5136,0,1,1266,741,1907,747,9,下位,0,1266,403
211,211,0,284,193,1,0,0,0,0,1,0,下位,0,0,0
338,338,0,997,1387,1,1,211,0,0,1,0,下位,0,211,419
302,302,0,286,201,1,0,0,0,0,1,0,下位,0,0,0
250,250,0,284,193,1,1,302,0,0,1,0,下位,0,302,427
449,449,0,292,217,1,2,552,0,0,1,0,下位,0,250,419
462,462,0,637,713,1,3,1001,0,0,1,0,下位,0,449,443
393,393,0,513,507,1,0,0,0,0,1,0,下位,0,0,0
306,306,0,523,493,1,0,0,0,0,1,0,下位,0,0,0
298,298,0,3131,4113,1,0,0,0,0,1,0,下位,0,0,0
239,239,0,281,185,1,0,0,0,0,1,0,下位,0,0,0
249,249,0,289,209,1,1,239,0,0,1,0,下位,0,239,411
255,255,0,284,193,1,2,488,0,0,1,0,下位,0,249,435
751,751,0,2135,3875,1,3,743,0,0,1,0,下位,0,255,419
269,269,0,1831,2102,1,0,0,0,0,1,0,下位,0,0,0
314,314,0,1900,3339,0,0,0,269,2328,1907,13,下位,0,0,0
848,848,0,755,791,1,0,0,0,0,1,0,下位,0,0,0
439,439,0,955,901,0,0,0,848,1017,-311,2,下位,0,0,0
1102,1102,0,761,917,0,0,0,439,1127,128,4,下位,0,0,0
863,863,0,286,201,1,0,0,0,0,1,0,下位,0,0,0
595,595,0,772,699,1,1,863,0,0,1,0,下位,0,863,427
254,254,0,292,217,1,0,0,0,0,1,0,下位,0,0,0
852,852,0,284,193,1,1,254,0,0,1,0,下位,0,254,443
220,220,0,547,430,1,2,1106,0,0,1,0,下位,0,852,419
927,927,0,750,662,0,0,0,1326,656,-559,1,下位,0,0,0
327,327,0,289,209,0,0,0,927,888,-1124,4,下位,0,0,0
663,663,0,284,193,0,1,327,927,888,-1124,4,下位,0,327,435
253,253,0,478,515,0,2,990,927,888,-1124,4,下位,0,663,419
679,679,0,452,616,1,0,0,0,0,1,0,下位,0,0,0
277,277,0,1523,1826,1,0,0,0,0,1,0,下位,0,0,0
248,248,0,689,633,0,0,0,277,2052,1619,9,下位,0,0,0
240,240,0,3356,4852,1,0,0,0,0,1,0,下位,0,0,0
1255,1255,0,548,449,0,0,0,240,5078,2126,27,下位,0,0,0
244,244,0,292,217,0,0,0,1255,675,834,1,下位,0,0,0
244,244,0,289,209,0,1,244,1255,675,834,1,下位,0,244,443
229,229,0,576,548,0,2,488,1255,675,834,1,下位,0,244,435
245,245,0,483,520,1,0,0,0,0,1,0,下位,0,0,0
272,272,0,626,669,1,0,0,0,0,1,0,下位,0,0,0
307,307,0,690,920,0,0,0,272,895,470,3,下位,0,0,0
367,367,0,289,209,1,0,0,0,0,1,0,下位,0,0,0
239,239,0,297,233,1,1,367,0,0,1,0,下位,0,367,435
294,294,0,965,873,1,2,606,0,0,1,0,下位,0,239,459
605,605,0,281,185,0,0,0,900,1099,583,4,下位,0,0,0
263,263,0,952,1332,0,1,605,900,1099,583,4,下位,0,605,411
203,203,0,644,677,1,0,0,0,0,1,0,下位,0,0,0
283,283,0,1026,1142,0,0,0,203,903,586,3,下位,0,0,0
435,435,0,286,201,0,0,0,283,1368,1510,4,下位,0,0,0
229,229,0,2464,3286,0,1,435,283,1368,1510,4,下位,0,435,427
224,224,0,890,703,0,0,0,664,3512,2191,17,下位,0,0,0
321,321,0,544,435,1,0,0,0,0,1,0,下位,0,0,0
825,825,0,738,968,1,0,0,0,0,1,0,下位,0,0,0
848,848,0,1603,1762,1,0,0,0,0,1,0,下位,0,0,0
281,281,0,286,201,1,0,0,0,0,1,0,下位,0,0,0
249,249,0,286,201,1,1,281,0,0,1,0,下位,0,281,427
155,155,0,289,209,1,2,530,0,0,1,0,下位,0,249,427
342,342,0,633,658,1,3,685,0,0,1,0,下位,0,155,435
632,632,0,479,524,0,0,0,1027,884,565,3,下位,0,0,0
1028,1028,0,427,618,0,0,0,632,750,324,1,下位,0,0,0
124,124,0,284,193,1,0,0,0,0,1,0,下位,0,0,0
1223,1223,0,281,185,1,1,124,0,0,1,0,下位,0,124,419
255,255,0,289,209,1,2,1347,0,0,1,0,下位,0,1223,411
244,244,0,482,507,1,3,1602,0,0,1,0,下位,0,255,435
437,437,0,278,177,0,0,0,1846,733,-894,1,下位,0,0,0
634,634,0,286,201,0,1,437,1846,733,-894,1,下位,0,437,403
245,245,0,422,609,0,2,1071,1846,733,-894,1,下位,0,634,427
263,263,0,280,182,1,0,0,0,0,1,0,下位,0,0,0
1274,1274,0,498,593,1,1,263,0,0,1,0,下位,0,263,408
23,23,0,286,201,1,0,0,0,0,1,0,下位,0,0,0
265,265,0,281,185,1,1,23,0,0,1,0,下位,0,23,427
830,830,0,286,201,1,2,288,0,0,1,0,下位,0,265,411
445,445,0,289,209,1,3,1118,0,0,1,0,下位,0,830,427
644,644,0,474,556,1,4,1563,0,0,1,0,下位,0,445,435
471,471,0,866,675,1,0,0,0,0,1,0,下位,0,0,0
243,243,0,482,554,1,0,0,0,0,1,0,下位,0,0,0
319,319,0,281,185,0,0,0,243,780,400,1,下位,0,0,0
247,247,0,286,201,0,1,319,243,780,400,1,下位,0,319,411
297,297,0,885,1176,0,2,566,243,780,400,1,下位,0,247,427
261,261,0,475,554,1,0,0,0,0,1,0,下位,0,0,0
639,639,0,280,182,0,0,0,261,780,372,1,下位,0,0,0
279,279,0,284,193,0,1,639,261,780,372,1,下位,0,639,408
256,256,0,289,209,0,2,918,261,780,372,1,下位,0,279,419
229,229,0,4058,4870,0,3,1174,261,780,372,1,下位,0,256,435
828,828,0,2947,4654,1,0,0,0,0,1,0,下位,0,0,0
855,855,0,636,654,1,0,0,0,0,1,0,下位,0,0,0
735,735,0,284,193,1,0,0,0,0,1,0,下位,0,0,0
450,450,0,580,627,1,1,735,0,0,1,0,下位,0,735,419
336,336,0,482,569,1,0,0,0,0,1,0,下位,0,0,0
376,376,0,289,209,1,0,0,0,0,1,0,下位,0,0,0
289,289,0,280,183,1,1,376,0,0,1,0,下位,0,376,435
227,227,0,292,217,1,2,665,0,0,1,0,下位,0,289,409
270,270,0,593,483,1,3,892,0,0,1,0,下位,0,227,443
31,31,0,281,185,1,0,0,0,0,1,0,下位,0,0,0
223,223,0,292,217,1,1,31,0,0,1,0,下位,0,31,411
544,544,0,545,494,1,2,254,0,0,1,0,下位,0,223,443
681,681,0,281,185,0,0,0,798,720,323,1,下位,0,0,0
822,822,0,489,521,0,1,681,798,720,323,1,下位,0,681,411
367,367,0,286,201,1,0,0,0,0,1,0,下位,0,0,0
439,439,0,903,983,1,1,367,0,0,1,0,下位,0,367,427
612,612,0,286,201,1,0,0,0,0,1,0,下位,0,0,0
362,362,0,535,460,1,1,612,0,0,1,0,下位,0,612,427
827,827,0,286,201,1,0,0,0,0,1,0,下位,0,0,0
243,243,0,546,492,1,1,827,0,0,1,0,下位,0,827,427
139,139,0,1618,1899,1,0,0,0,0,1,0,下位,0,0,0
753,753,0,494,477,1,0,0,0,0,1,0,下位,0,0,0
242,242,0,284,193,1,0,0,0,0,1,0,下位,0,0,0
866,866,0,937,1299,1,1,242,0,0,1,0,下位,0,242,419
457,457,0,743,792,0,0,0,1108,1525,209,4,下位,0,0,0
267,267,0,289,209,1,0,0,0,0,1,0,下位,0,0,0
332,332,0,1403,1787,1,1,267,0,0,1,0,下位,0,267,435
843,843,0,286,201,0,0,0,599,2013,1511,8,下位,0,0,0
543,543,0,281,185,0,1,843,599,2013,1511,8,下位,0,843,427
1248,1248,0,584,562,0,2,1386,599,2013,1511,8,下位,0,543,411
845,845,0,284,193,1,0,0,0,0,1,0,下位,0,0,0
768,768,0,286,201,1,1,845,0,0,1,0,下位,0,845,419
252,252,0,419,601,1,2,1613,0,0,1,0,下位,0,768,427
252,252,0,512,485,0,0,0,1865,827,-1249,1,下位,0,0,0
631,631,0,476,514,1,0,0,0,0,1,0,下位,0,0,0
332,332,0,286,201,0,0,0,631,740,-248,1,下位,0,0,0
644,644,0,1458,1513,0,1,332,631,740,-248,1,下位,0,332,427
235,235,0,644,466,1,0,0,0,0,1,0,下位,0,0,0
432,432,0,489,521,0,0,0,235,692,325,2,下位,0,0,0
47,47,0,570,407,1,0,0,0,0,1,0,下位,0,0,0
723,723,0,1160,1131,0,0,0,47,633,560,1,下位,0,0,0
637,637,0,284,193,0,0,0,723,1357,784,7,下位,0,0,0
558,558,0,288,207,0,1,637,723,1357,784,7,下位,0,637,419
794,794,0,2352,2757,0,2,1195,723,1357,784,7,下位,0,558,433
652,652,0,300,241,1,0,0,0,0,1,0,下位,0,0,0
281,281,0,278,177,1,1,652,0,0,1,0,下位,0,652,467
522,522,0,286,201,1,2,933,0,0,1,0,下位,0,281,403
262,262,0,483,520,1,3,1455,0,0,1,0,下位,0,522,427
841,841,0,489,532,1,0,0,0,0,1,0,下位,0,0,0
240,240,0,284,193,1,0,0,0,0,1,0,下位,0,0,0
462,462,0,476,530,1,1,240,0,0,1,0,下位,0,240,419
725,725,0,739,816,1,0,0,0,0,1,0,下位,0,0,0
740,740,0,283,190,1,0,0,0,0,1,0,下位,0,0,0
641,641,0,523,406,1,1,740,0,0,1,0,下位,0,740,416
247,247,0,284,193,1,0,0,0,0,1,0,下位,0,0,0
450,450,0,1719,2450,1,1,247,0,0,1,0,下位,0,247,419
340,340,0,3748,4788,1,0,0,0,0,1,0,下位,0,0,0
263,263,0,286,201,1,0,0,0,0,1,0,下位,0,0,0
448,448,0,1452,2355,1,1,263,0,0,1,0,下位,0,263,427
820,820,0,655,661,0,0,0,711,2581,1895,11,下位,0,0,0
253,253,0,284,193,1,0,0,0,0,1,0,下位,0,0,0
634,634,0,281,185,1,1,253,0,0,1,0,下位,0,253,419
246,246,0,3926,5128,1,2,887,0,0,1,0,下位,0,634,411
240,240,0,286,201,0,0,0,1133,5354,2273,31,下位,0,0,0
222,222,0,286,201,0,1,240,1133,5354,2273,31,下位,0,240,427
235,235,0,286,201,0,2,462,1133,5354,2273,31,下位,0,222,427
264,264,0,763,828,0,3,697,1133,5354,2273,31,下位,0,235,427
348,348,0,508,541,1,0,0,0,0,1,0,下位,0,0,0
239,239,0,278,177,1,0,0,0,0,1,0,下位,0,0,0
260,260,0,281,185,1,1,239,0,0,1,0,下位,0,239,403
466,466,0,2497,3360,1,2,499,0,0,1,0,下位,0,260,411
114,114,0,661,652,1,0,0,0,0,1,0,下位,0,0,0
237,237,0,1668,2261,0,0,0,114,878,700,3,下位,0,0,0
59,59,0,4070,5236,1,0,0,0,0,1,0,下位,0,0,0
240,240,0,286,201,0,0,0,59,5462,719,28,下位,0,0,0
227,227,0,3046,3932,0,1,240,59,5462,719,28,下位,0,240,427
351,351,0,281,185,1,0,0,0,0,1,0,下位,0,0,0
1208,1208,0,281,185,1,1,351,0,0,1,0,下位,0,351,411
238,238,0,286,201,1,2,1559,0,0,1,0,下位,0,1208,411
839,839,0,289,209,1,3,1797,0,0,1,0,下位,0,238,427
912,912,0,428,625,1,4,2636,0,0,1,0,下位,0,839,435
847,847,0,726,824,1,0,0,0,0,1,0,下位,0,0,0
18,18,0,439,123,1,0,0,0,0,1,0,下位,0,0,0
242,242,0,286,201,0,0,0,18,349,322,1,下位,0,0,0
522,522,0,291,215,0,1,242,18,349,322,1,下位,0,242,427
280,280,0,608,554,0,2,764,18,349,322,1,下位,0,522,441
254,254,0,743,762,1,0,0,0,0,1,0,下位,0,0,0
234,234,0,865,751,0,0,0,254,988,591,2,下位,0,0,0
842,842,0,770,767,1,0,0,0,0,1,0,下位,0,0,0
257,257,0,530,420,0,0,0,842,993,-326,2,下位,0,0,0
252,252,0,1653,2269,1,0,0,0,0,1,0,下位,0,0,0
334,334,0,3546,5123,1,0,0,0,0,1,0,下位,0,0,0
855,855,0,289,209,1,0,0,0,0,1,0,下位,0,0,0
822,822,0,427,623,1,1,855,0,0,1,0,下位,0,855,435
264,264,0,1154,1655,1,0,0,0,0,1,0,下位,0,0,0
623,623,0,289,209,1,0,0,0,0,1,0,下位,0,0,0
175,175,0,3257,4074,1,1,623,0,0,1,0,下位,0,623,435
456,456,0,277,174,1,0,0,0,0,1,0,下位,0,0,0
293,293,0,277,174,1,1,456,0,0,1,0,下位,0,456,400
460,460,0,418,595,1,2,749,0,0,1,0,下位,0,293,400
229,229,0,280,182,1,0,0,0,0,1,0,下位,0,0,0
327,327,0,283,190,1,1,229,0,0,1,0,下位,0,229,408
713,713,0,829,1184,1,2,556,0,0,1,0,下位,0,327,416
236,236,0,737,498,1,0,0,0,0,1,0,下位,0,0,0
237,237,0,283,190,0,0,0,236,724,355,3,下位,0,0,0
658,658,0,622,454,0,1,237,236,724,355,3,下位,0,237,416
657,657,0,291,214,0,0,0,895,680,49,2,下位,0,0,0
437,437,0,280,182,0,1,657,895,680,49,2,下位,0,657,440
440,440,0,515,460,0,2,1094,895,680,49,2,下位,0,437,408
92,92,0,288,206,1,0,0,0,0,1,0,下位,0,0,0
331,331,0,299,238,1,1,92,0,0,1,0,下位,0,92,432
929,929,0,280,182,1,2,423,0,0,1,0,下位,0,331,464
446,446,0,885,1148,1,3,1352,0,0,1,0,下位,0,929,408
338,338,0,807,798,0,0,0,1798,1374,-139,3,下位,0,0,0
844,844,0,706,827,1,0,0,0,0,1,0,下位,0,0,0
274,274,0,2289,2918,1,0,0,0,0,1,0,下位,0,0,0
253,253,0,3838,4759,1,0,0,0,0,1,0,下位,0,0,0
109,109,0,281,185,1,0,0,0,0,1,0,下位,0,0,0
237,237,0,281,185,1,1,109,0,0,1,0,下位,0,109,411
481,481,0,479,573,1,2,346,0,0,1,0,下位,0,237,411
205,205,0,495,486,0,0,0,827,799,326,1,下位,0,0,0
248,248,0,289,209,0,0,0,205,712,717,1,下位,0,0,0
240,240,0,1125,2043,0,1,248,205,712,717,1,下位,0,248,435
273,273,0,281,185,0,0,0,488,2269,406,7,下位,0,0,0
633,633,0,286,201,0,1,273,488,2269,406,7,下位,0,273,411
267,267,0,278,177,0,2,906,488,2269,406,7,下位,0,633,427
434,434,0,297,233,0,3,1173,488,2269,406,7,下位,0,267,403
245,245,0,541,440,0,4,1607,488,2269,406,7,下位,0,434,459
683,683,0,4908,6930,1,0,0,0,0,1,0,下位,0,0,0
306,306,0,289,209,0,0,0,683,7156,1478,38,下位,0,0,0
1110,1110,0,1140,1135,0,1,306,683,7156,1478,38,下位,0,306,435
92,92,0,3853,4687,1,0,0,0,0,1,0,下位,0,0,0
821,821,0,560,410,1,0,0,0,0,1,0,下位,0,0,0
641,641,0,560,434,1,0,0,0,0,1,0,下位,0,0,0
267,267,0,625,702,1,0,0,0,0,1,0,下位,0,0,0
110,110,0,862,969,1,0,0,0,0,1,0,下位,0,0,0
854,854,0,300,241,1,0,0,0,0,1,0,下位,0,0,0
661,661,0,1673,1603,1,1,854,0,0,1,0,下位,0,854,467
473,473,0,473,535,1,0,0,0,0,1,0,下位,0,0,0
265,265,0,1541,1823,1,0,0,0,0,1,0,下位,0,0,0
214,214,0,288,207,0,0,0,265,2049,1635,7,下位,0,0,0
237,237,0,2227,3005,0,1,214,265,2049,1635,7,下位,0,214,433
252,252,0,286,201,1,0,0,0,0,1,0,下位,0,0,0
243,243,0,281,185,1,1,252,0,0,1,0,下位,0,252,427
827,827,0,2754,4021,1,2,495,0,0,1,0,下位,0,243,411
279,279,0,281,185,1,0,0,0,0,1,0,下位,0,0,0
847,847,0,853,924,1,1,279,0,0,1,0,下位,0,279,411
975,975,0,281,185,0,0,0,1126,1150,-203,6,下位,0,0,0
678,678,0,2158,2900,0,1,975,1126,1150,-203,6,下位,0,975,411
852,852,0,647,698,1,0,0,0,0,1,0,下位,0,0,0
754,754,0,759,810,1,0,0,0,0,1,0,下位,0,0,0
1130,1130,0,840,1063,0,0,0,754,1036,-145,2,下位,0,0,0
423,423,0,286,201,1,0,0,0,0,1,0,下位,0,0,0
444,444,0,280,182,1,1,423,0,0,1,0,下位,0,423,427
429,429,0,286,201,1,2,867,0,0,1,0,下位,0,444,408
619,619,0,286,201,1,3,1296,0,0,1,0,下位,0,429,427
748,748,0,949,1133,1,4,1915,0,0,1,0,下位,0,619,427
251,251,0,284,193,1,0,0,0,0,1,0,下位,0,0,0
1055,1055,0,286,201,1,1,251,0,0,1,0,下位,0,251,419
266,266,0,281,185,1,2,1306,0,0,1,0,下位,0,1055,427
215,215,0,1444,1668,1,3,1572,0,0,1,0,下位,0,266,411
453,453,0,507,493,1,0,0,0,0,1,0,下位,0,0,0
833,833,0,622,675,0,0,0,453,719,10,1,下位,0,0,0
477,477,0,284,193,0,0,0,833,901,-395,3,下位,0,0,0
473,473,0,286,201,0,1,477,833,901,-395,3,下位,0,477,419
483,483,0,447,563,0,2,950,833,901,-395,3,下位,0,473,427
42,42,0,1821,1948,1,0,0,0,0,1,0,下位,0,0,0
629,629,0,769,730,1,0,0,0,0,1,0,下位,0,0,0
225,225,0,2627,3618,0,0,0,629,956,-29,4,下位,0,0,0
850,850,0,890,1191,1,0,0,0,0,1,0,下位,0,0,0
850,850,0,289,209,1,0,0,0,0,1,0,下位,0,0,0
239,239,0,289,209,1,1,850,0,0,1,0,下位,0,850,435
162,162,0,284,193,1,2,1089,0,0,1,0,下位,0,239,435
238,238,0,297,233,1,3,1251,0,0,1,0,下位,0,162,419
246,246,0,281,185,1,4,1489,0,0,1,0,下位,0,238,459
159,159,0,439,657,1,5,1735,0,0,1,0,下位,0,246,411
1043,1043,0,294,225,0,0,0,1894,883,74,1,下位,0,0,0
252,252,0,482,520,0,1,1043,1894,883,74,1,下位,0,1043,451
447,447,0,284,193,0,0,0,1295,746,-759,1,下位,0,0,0
759,759,0,286,201,0,1,447,1295,746,-759,1,下位,0,447,419
223,223,0,292,217,0,2,1206,1295,746,-759,1,下位,0,759,427
622,622,0,480,548,0,3,1429,1295,746,-759,1,下位,0,223,443
245,245,0,281,185,1,0,0,0,0,1,0,下位,0,0,0
334,334,0,286,201,1,1,245,0,0,1,0,下位,0,245,411
254,254,0,289,209,1,2,579,0,0,1,0,下位,0,334,427
823,823,0,284,193,1,3,833,0,0,1,0,下位,0,254,435
1225,1225,0,289,209,1,4,1656,0,0,1,0,下位,0,823,419
262,262,0,286,201,1,5,2881,0,0,1,0,下位,0,1225,435
256,256,0,1524,1812,1,6,3143,0,0,1,0,下位,0,262,427
852,852,0,294,225,1,0,0,0,0,1,0,下位,0,0,0
596,596,0,678,838,1,1,852,0,0,1,0,下位,0,852,451
876,876,0,497,509,0,0,0,1448,1064,-753,2,下位,0,0,0
238,238,0,720,798,0,0,0,876,735,-1391,1,下位,0,0,0
751,751,0,502,572,0,0,0,238,1024,-740,2,下位,0,0,0
835,835,0,739,755,1,0,0,0,0,1,0,下位,0,0,0
664,664,0,289,209,1,0,0,0,0,1,0,下位,0,0,0
271,271,0,420,601,1,1,664,0,0,1,0,下位,0,664,435
52,52,0,284,193,1,0,0,0,0,1,0,下位,0,0,0
285,285,0,284,193,1,1,52,0,0,1,0,下位,0,52,419
381,381,0,4236,6138,1,2,337,0,0,1,0,下位,0,285,419
860,860,0,286,201,1,0,0,0,0,1,0,下位,0,0,0
1249,1249,0,284,193,1,1,860,0,0,1,0,下位,0,860,427
230,230,0,795,626,1,2,2109,0,0,1,0,下位,0,1249,419
396,396,0,467,516,1,0,0,0,0,1,0,下位,0,0,0
722,722,0,284,193,0,0,0,396,742,122,1,下位,0,0,0
415,415,0,501,514,0,1,722,396,742,122,1,下位,0,722,419
458,458,0,758,809,0,0,0,1137,740,-501,1,下位,0,0,0
647,647,0,662,661,1,0,0,0,0,1,0,下位,0,0,0
193,193,0,292,217,0,0,0,647,887,-126,3,下位,0,0,0
235,235,0,289,209,0,1,193,647,887,-126,3,下位,0,193,443
656,656,0,1215,1457,0,2,428,647,887,-126,3,下位,0,235,435
54,54,0,1817,3193,1,0,0,0,0,1,0,下位,0,0,0
841,841,0,483,507,1,0,0,0,0,1,0,下位,0,0,0
823,823,0,278,177,1,0,0,0,0,1,0,下位,0,0,0
580,580,0,289,209,1,1,823,0,0,1,0,下位,0,823,403
1135,1135,0,292,217,1,2,1403,0,0,1,0,下位,0,580,435
383,383,0,802,1092,1,3,2538,0,0,1,0,下位,0,1135,443
643,643,0,494,526,1,0,0,0,0,1,0,下位,0,0,0
456,456,0,286,201,0,0,0,643,752,-255,1,下位,0,0,0
665,665,0,422,602,0,1,456,643,752,-255,1,下位,0,456,427
839,839,0,284,193,0,0,0,1121,828,-757,1,下位,0,0,0
526,526,0,294,225,0,1,839,1121,828,-757,1,下位,0,839,419
940,940,0,592,571,0,2,1365,1121,828,-757,1,下位,0,526,451
566,566,0,483,518,1,0,0,0,0,1,0,下位,0,0,0
700,700,0,284,193,0,0,0,566,744,-142,1,下位,0,0,0
223,223,0,3697,4624,0,1,700,566,744,-142,1,下位,0,700,419
618,618,0,695,872,1,0,0,0,0,1,0,下位,0,0,0
748,748,0,759,997,1,0,0,0,0,1,0,下位,0,0,0
322,322,0,281,185,1,0,0,0,0,1,0,下位,0,0,0
219,219,0,284,193,1,1,322,0,0,1,0,下位,0,322,411
254,254,0,294,225,1,2,541,0,0,1,0,下位,0,219,419
231,231,0,586,546,1,3,795,0,0,1,0,下位,0,254,451
820,820,0,280,183,0,0,0,1026,772,446,2,下位,0,0,0
645,645,0,288,207,0,1,820,1026,772,446,2,下位,0,820,409
189,189,0,1811,2486,0,2,1465,1026,772,446,2,下位,0,645,433
247,247,0,1348,1680,1,0,0,0,0,1,0,下位,0,0,0
1080,1080,0,1407,1582,0,0,0,247,1906,1520,9,下位,0,0,0
251,251,0,1692,1624,1,0,0,0,0,1,0,下位,0,0,0
275,275,0,286,201,0,0,0,251,1850,1458,7,下位,0,0,0
382,382,0,591,586,0,1,275,251,1850,1458,7,下位,0,275,427
858,858,0,478,513,0,0,0,657,812,1667,2,下位,0,0,0
666,666,0,284,193,0,0,0,858,739,1061,1,下位,0,0,0
907,907,0,281,185,0,1,666,858,739,1061,1,下位,0,666,419
663,663,0,560,385,0,2,1573,858,739,1061,1,下位,0,907,411
851,851,0,2568,3985,1,0,0,0,0,1,0,下位,0,0,0
848,848,0,688,822,1,0,0,0,0,1,0,下位,0,0,0
696,696,0,931,1101,1,0,0,0,0,1,0,下位,0,0,0
427,427,0,294,225,1,0,0,0,0,1,0,下位,0,0,0
253,253,0,289,209,1,1,427,0,0,1,0,下位,0,427,451
249,249,0,281,185,1,2,680,0,0,1,0,下位,0,253,435
634,634,0,289,209,1,3,929,0,0,1,0,下位,0,249,411
235,235,0,278,177,1,4,1563,0,0,1,0,下位,0,634,435
273,273,0,476,540,1,5,1798,0,0,1,0,下位,0,235,403
65,65,0,657,847,1,0,0,0,0,1,0,下位,0,0,0
915,915,0,297,233,0,0,0,65,1073,972,2,下位,0,0,0
259,259,0,278,177,0,1,915,65,1073,972,2,下位,0,915,459
763,763,0,597,622,0,2,1174,65,1073,972,2,下位,0,259,403
638,638,0,542,449,0,0,0,1937,848,-354,2,下位,0,0,0
460,460,0,810,704,1,0,0,0,0,1,0,下位,0,0,0
719,719,0,534,414,0,0,0,460,930,210,2,下位,0,0,0
352,352,0,286,201,1,0,0,0,0,1,0,下位,0,0,0
661,661,0,748,778,1,1,352,0,0,1,0,下位,0,352,427
184,184,0,281,185,0,0,0,1013,1004,-156,2,下位,0,0,0
263,263,0,275,167,0,1,184,1013,1004,-156,2,下位,0,184,411
491,491,0,286,201,0,2,447,1013,1004,-156,2,下位,0,263,393
236,236,0,277,174,0,3,938,1013,1004,-156,2,下位,0,491,427
636,636,0,286,201,0,4,1174,1013,1004,-156,2,下位,0,236,400
663,663,0,286,201,0,5,1810,1013,1004,-156,2,下位,0,636,427
281,281,0,542,425,0,6,2473,1013,1004,-156,2,下位,0,663,427
775,775,0,1197,998,1,0,0,0,0,1,0,下位,0,0,0
565,565,0,534,451,0,0,0,775,1224,10,7,下位,0,0,0
538,538,0,583,572,1,0,0,0,0,1,0,下位,0,0,0
695,695,0,289,209,1,0,0,0,0,1,0,下位,0,0,0
260,260,0,286,201,1,1,695,0,0,1,0,下位,0,695,435
659,659,0,289,209,1,2,955,0,0,1,0,下位,0,260,427
1214,1214,0,516,492,1,3,1614,0,0,1,0,下位,0,659,435
797,797,0,537,435,1,0,0,0,0,1,0,下位,0,0,0
331,331,0,2535,3464,0,0,0,797,661,-587,1,下位,0,0,0
271,271,0,1856,2463,0,0,0,331,3690,355,21,下位,0,0,0
1006,1006,0,475,530,0,0,0,271,2689,350,10,下位,0,0,0
236,236,0,281,185,0,0,0,1006,756,-471,1,下位,0,0,0
450,450,0,292,217,0,1,236,1006,756,-471,1,下位,0,236,411
240,240,0,477,551,0,2,686,1006,756,-471,1,下位,0,450,443
459,459,0,278,177,1,0,0,0,0,1,0,下位,0,0,0
537,537,0,1354,1278,1,1,459,0,0,1,0,下位,0,459,403
429,429,0,288,207,1,0,0,0,0,1,0,下位,0,0,0
339,339,0,284,193,1,1,429,0,0,1,0,下位,0,429,433
371,371,0,284,193,1,2,768,0,0,1,0,下位,0,339,419
249,249,0,281,185,1,3,1139,0,0,1,0,下位,0,371,419
272,272,0,551,424,1,4,1388,0,0,1,0,下位,0,249,411
929,929,0,497,534,0,0,0,1660,650,-268,1,下位,0,0,0
637,637,0,839,833,1,0,0,0,0,1,0,下位,0,0,0
424,424,0,284,193,0,0,0,637,1059,62,3,下位,0,0,0
628,628,0,284,193,0,1,424,637,1059,62,3,下位,0,424,419
438,438,0,289,209,0,2,1052,637,1059,62,3,下位,0,628,419
368,368,0,284,193,0,3,1490,637,1059,62,3,下位,0,438,435
450,450,0,1531,3448,0,4,1858,637,1059,62,3,下位,0,368,419
260,260,0,1108,1669,1,0,0,0,0,1,0,下位,0,0,0
271,271,0,292,217,0,0,0,260,1895,1488,5,下位,0,0,0
733,733,0,502,537,0,1,271,260,1895,1488,5,下位,0,271,443
263,263,0,294,225,0,0,0,1004,763,1120,1,下位,0,0,0
748,748,0,284,193,0,1,263,1004,763,1120,1,下位,0,263,451
219,219,0,292,217,0,2,1011,1004,763,1120,1,下位,0,748,419
457,457,0,292,217,0,3,1230,1004,763,1120,1,下位,0,219,443
208,208,0,749,795,0,4,1687,1004,763,1120,1,下位,0,457,443
410,410,0,292,217,1,0,0,0,0,1,0,下位,0,0,0
1151,1151,0,1891,2862,1,1,410,0,0,1,0,下位,0,410,443
301,301,0,576,572,1,0,0,0,0,1,0,下位,0,0,0
597,597,0,285,197,1,0,0,0,0,1,0,下位,0,0,0
855,855,0,1111,1068,1,1,597,0,0,1,0,下位,0,597,423
722,722,0,284,193,1,0,0,0,0,1,0,下位,0,0,0
469,469,0,292,217,1,1,722,0,0,1,0,下位,0,722,419
258,258,0,286,201,1,2,1191,0,0,1,0,下位,0,469,443
863,863,0,477,540,1,3,1449,0,0,1,0,下位,0,258,427
833,833,0,511,697,1,0,0,0,0,1,0,下位,0,0,0
1011,1011,0,583,573,0,0,0,833,923,-382,2,下位,0,0,0
830,830,0,286,199,1,0,0,0,0,1,0,下位,0,0,0
261,261,0,286,201,1,1,830,0,0,1,0,下位,0,830,425
1019,1019,0,286,201,1,2,1091,0,0,1,0,下位,0,261,427
164,164,0,457,583,1,3,2110,0,0,1,0,下位,0,1019,427
438,438,0,281,185,1,0,0,0,0,1,0,下位,0,0,0
261,261,0,286,201,1,1,438,0,0,1,0,下位,0,438,411
711,711,0,2083,1829,1,2,699,0,0,1,0,下位,0,261,427
822,822,0,289,209,0,0,0,1410,2055,684,13,下位,0,0,0
198,198,0,543,400,0,1,822,1410,2055,684,13,下位,0,822,435
455,455,0,2255,3554,0,0,0,1020,626,147,1,下位,0,0,0
255,255,0,418,591,0,0,0,455,3780,1156,14,下位,0,0,0
233,233,0,284,193,0,0,0,255,817,1573,1,下位,0,0,0
416,416,0,798,626,0,1,233,255,817,1573,1,下位,0,233,419
345,345,0,289,209,1,0,0,0,0,1,0,下位,0,0,0
1038,1038,0,292,217,1,1,345,0,0,1,0,下位,0,345,435
319,319,0,281,185,1,2,1383,0,0,1,0,下位,0,1038,443
425,425,0,278,177,1,3,1702,0,0,1,0,下位,0,319,411
436,436,0,795,902,1,4,2127,0,0,1,0,下位,0,425,403
851,851,0,790,636,1,0,0,0,0,1,0,下位,0,0,0
428,428,0,286,201,0,0,0,851,862,-471,4,下位,0,0,0
439,439,0,498,542,0,1,428,851,862,-471,4,下位,0,428,427
858,858,0,289,209,1,0,0,0,0,1,0,下位,0,0,0
277,277,0,281,185,1,1,858,0,0,1,0,下位,0,858,435
353,353,0,497,533,1,2,1135,0,0,1,0,下位,0,277,411
230,230,0,278,177,1,0,0,0,0,1,0,下位,0,0,0
939,939,0,292,217,1,1,230,0,0,1,0,下位,0,230,403
148,148,0,545,408,1,2,1169,0,0,1,0,下位,0,939,443
77,77,0,286,201,1,0,0,0,0,1,0,下位,0,0,0
252,252,0,289,209,1,1,77,0,0,1,0,下位,0,77,427
426,426,0,742,811,1,2,329,0,0,1,0,下位,0,252,435
445,445,0,286,201,0,0,0,755,1037,716,2,下位,0,0,0
645,645,0,1536,2240,0,1,445,755,1037,716,2,下位,0,445,427
262,262,0,1555,2189,0,0,0,1090,2466,1901,9,下位,0,0,0
841,841,0,436,649,1,0,0,0,0,1,0,下位,0,0,0
67,67,0,433,641,1,0,0,0,0,1,0,下位,0,0,0
231,231,0,1074,1109,0,0,0,67,867,763,1,下位,0,0,0
242,242,0,278,177,0,0,0,231,1335,1736,6,下位,0,0,0
271,271,0,281,185,0,1,242,231,1335,1736,6,下位,0,242,403
226,226,0,286,201,0,2,513,231,1335,1736,6,下位,0,271,411
247,247,0,289,209,0,3,739,231,1335,1736,6,下位,0,226,427
277,277,0,284,193,0,4,986,231,1335,1736,6,下位,0,247,435
731,731,0,568,548,0,5,1263,231,1335,1736,6,下位,0,277,419
872,872,0,568,397,1,0,0,0,0,1,0,下位,0,0,0
242,242,0,286,201,0,0,0,872,623,-743,1,下位,0,0,0
252,252,0,286,201,0,1,242,872,623,-743,1,下位,0,242,427
256,256,0,284,193,0,2,494,872,623,-743,1,下位,0,252,427
255,255,0,284,193,0,3,750,872,623,-743,1,下位,0,256,419
254,254,0,1011,1344,0,4,1005,872,623,-743,1,下位,0,255,419
190,190,0,1774,1441,1,0,0,0,0,1,0,下位,0,0,0
242,242,0,486,562,0,0,0,190,1667,1370,9,下位,0,0,0
241,241,0,284,193,1,0,0,0,0,1,0,下位,0,0,0
248,248,0,284,193,1,1,241,0,0,1,0,下位,0,241,419
927,927,0,493,552,1,2,489,0,0,1,0,下位,0,248,419
319,319,0,879,734,0,0,0,1416,778,-603,1,下位,0,0,0
861,861,0,1796,2012,1,0,0,0,0,1,0,下位,0,0,0
838,838,0,3132,3683,1,0,0,0,0,1,0,下位,0,0,0
351,351,0,574,575,0,0,0,838,3909,578,20,下位,0,0,0
901,901,0,481,570,0,0,0,351,801,829,2,下位,0,0,0
246,246,0,284,193,1,0,0,0,0,1,0,下位,0,0,0
352,352,0,284,193,1,1,246,0,0,1,0,下位,0,246,419
683,683,0,933,1324,1,2,598,0,0,1,0,下位,0,352,419
58,58,0,604,565,1,0,0,0,0,1,0,下位,0,0,0
264,264,0,874,1279,0,0,0,58,791,701,2,下位,0,0,0
362,362,0,543,437,0,0,0,264,1505,1792,3,下位,0,0,0
573,573,0,608,571,0,0,0,362,663,1888,1,下位,0,0,0
945,945,0,931,636,0,0,0,573,797,1787,2,下位,0,0,0
257,257,0,297,233,0,0,0,945,862,1168,3,下位,0,0,0
249,249,0,280,183,0,1,257,945,862,1168,3,下位,0,257,459
258,258,0,286,201,0,2,506,945,862,1168,3,下位,0,249,409
666,666,0,1430,1699,0,3,764,945,862,1168,3,下位,0,258,427
236,236,0,872,718,1,0,0,0,0,1,0,下位,0,0,0
222,222,0,278,177,0,0,0,236,944,575,5,下位,0,0,0
243,243,0,281,185,0,1,222,236,944,575,5,下位,0,222,403
805,805,0,599,535,0,2,465,236,944,575,5,下位,0,243,411
245,245,0,427,623,0,0,0,1270,761,159,2,下位,0,0,0
454,454,0,726,597,1,0,0,0,0,1,0,下位,0,0,0
807,807,0,1511,1973,0,0,0,454,823,112,3,下位,0,0,0
348,348,0,727,943,0,0,0,807,2199,1046,7,下位,0,0,0
236,236,0,294,225,0,0,0,348,1169,1670,3,下位,0,0,0
599,599,0,281,185,0,1,236,348,1169,1670,3,下位,0,236,451
224,224,0,1348,1920,0,2,835,348,1169,1670,3,下位,0,599,411
247,247,0,284,193,0,0,0,1059,2146,737,8,下位,0,0,0
866,866,0,952,1109,0,1,247,1059,2146,737,8,下位,0,247,419
327,327,0,286,201,1,0,0,0,0,1,0,下位,0,0,0
257,257,0,284,193,1,1,327,0,0,1,0,下位,0,327,427
242,242,0,496,510,1,2,584,0,0,1,0,下位,0,257,419
229,229,0,278,177,0,0,0,826,736,288,1,下位,0,0,0
199,199,0,1801,2665,0,1,229,826,736,288,1,下位,0,229,403
772,772,0,289,209,1,0,0,0,0,1,0,下位,0,0,0
287,287,0,2580,2891,1,1,772,0,0,1,0,下位,0,772,435
280,280,0,278,177,0,0,0,1059,3117,1893,18,下位,0,0,0
1096,1096,0,1619,1773,0,1,280,1059,3117,1893,18,下位,0,280,403
527,527,0,281,185,1,0,0,0,0,1,0,下位,0,0,0
249,249,0,284,193,1,1,527,0,0,1,0,下位,0,527,411
1101,1101,0,2768,3905,1,2,776,0,0,1,0,下位,0,249,419
249,249,0,294,223,0,0,0,1877,4131,2020,18,下位,0,0,0
832,832,0,612,714,0,1,249,1877,4131,2020,18,下位,0,249,449
849,849,0,1161,1628,1,0,0,0,0,1,0,下位,0,0,0
873,873,0,278,177,0,0,0,849,1854,524,5,下位,0,0,0
1055,1055,0,283,191,0,1,873,849,1854,524,5,下位,0,873,403
239,239,0,289,209,0,2,1928,849,1854,524,5,下位,0,1055,417
531,531,0,790,907,0,3,2167,849,1854,524,5,下位,0,239,435
588,588,0,292,217,1,0,0,0,0,1,0,下位,0,0,0
513,513,0,1174,1111,1,1,588,0,0,1,0,下位,0,588,443
296,296,0,472,518,0,0,0,1101,1337,55,5,下位,0,0,0
245,245,0,284,193,0,0,0,296,744,335,1,下位,0,0,0
257,257,0,286,201,0,1,245,296,744,335,1,下位,0,245,419
401,401,0,294,225,0,2,502,296,744,335,1,下位,0,257,427
659,659,0,427,618,0,3,903,296,744,335,1,下位,0,401,451
563,563,0,532,441,1,0,0,0,0,1,0,下位,0,0,0
644,644,0,292,217,1,0,0,0,0,1,0,下位,0,0,0
245,245,0,281,185,1,1,644,0,0,1,0,下位,0,644,443
1227,1227,0,736,747,1,2,889,0,0,1,0,下位,0,245,411
234,234,0,855,794,1,0,0,0,0,1,0,下位,0,0,0
542,542,0,286,201,0,0,0,234,1020,654,3,下位,0,0,0
1253,1253,0,286,201,0,1,542,234,1020,654,3,下位,0,542,427
246,246,0,289,209,0,2,1795,234,1020,654,3,下位,0,1253,427
322,322,0,284,193,0,3,2041,234,1020,654,3,下位,0,246,435
310,310,0,529,482,0,4,2363,234,1020,654,3,下位,0,322,419
339,339,0,292,217,1,0,0,0,0,1,0,下位,0,0,0
263,263,0,281,185,1,1,339,0,0,1,0,下位,0,339,443
609,609,0,278,177,1,2,602,0,0,1,0,下位,0,263,411
198,198,0,284,193,1,3,1211,0,0,1,0,下位,0,609,403
171,171,0,514,493,1,4,1409,0,0,1,0,下位,0,198,419
308,308,0,686,907,1,0,0,0,0,1,0,下位,0,0,0
1050,1050,0,289,209,0,0,0,308,1133,651,2,下位,0,0,0
462,462,0,566,600,0,1,1050,308,1133,651,2,下位,0,1050,435
247,247,0,1225,1477,1,0,0,0,0,1,0,下位,0,0,0
255,255,0,284,193,1,0,0,0,0,1,0,下位,0,0,0
420,420,0,286,201,1,1,255,0,0,1,0,下位,0,255,419
292,292,0,289,209,1,2,675,0,0,1,0,下位,0,420,427
250,250,0,281,185,1,3,967,0,0,1,0,下位,0,292,435
241,241,0,284,193,1,4,1217,0,0,1,0,下位,0,250,411
175,175,0,284,193,1,5,1458,0,0,1,0,下位,0,241,419
551,551,0,483,518,1,6,1633,0,0,1,0,下位,0,175,419
289,289,0,742,719,1,0,0,0,0,1,0,下位,0,0,0
70,70,0,281,185,1,0,0,0,0,1,0,下位,0,0,0
419,419,0,677,840,1,1,70,0,0,1,0,下位,0,70,411
664,664,0,796,667,0,0,0,489,1066,711,2,下位,0,0,0
57,57,0,467,530,1,0,0,0,0,1,0,下位,0,0,0
214,214,0,286,201,1,0,0,0,0,1,0,下位,0,0,0
149,149,0,286,201,1,1,214,0,0,1,0,下位,0,214,427
790,790,0,2611,3304,1,2,363,0,0,1,0,下位,0,149,427
243,243,0,300,241,0,0,0,1153,3530,323,16,下位,0,0,0
791,791,0,1372,1321,0,1,243,1153,3530,323,16,下位,0,243,467
254,254,0,286,201,1,0,0,0,0,1,0,下位,0,0,0
238,238,0,281,185,1,1,254,0,0,1,0,下位,0,254,427
871,871,0,284,193,1,2,492,0,0,1,0,下位,0,238,411
242,242,0,284,193,1,3,1363,0,0,1,0,下位,0,871,419
237,237,0,281,185,1,4,1605,0,0,1,0,下位,0,242,419
646,646,0,540,441,1,5,1842,0,0,1,0,下位,0,237,411
232,232,0,286,201,0,0,0,2488,667,-1144,1,下位,0,0,0
433,433,0,281,185,0,1,232,2488,667,-1144,1,下位,0,232,427
232,232,0,488,534,0,2,665,2488,667,-1144,1,下位,0,433,411
338,338,0,473,534,1,0,0,0,0,1,0,下位,0,0,0
98,98,0,479,513,1,0,0,0,0,1,0,下位,0,0,0
279,279,0,284,193,0,0,0,98,739,586,1,下位,0,0,0
882,882,0,647,510,0,1,279,98,739,586,1,下位,0,279,419
1059,1059,0,503,499,0,0,0,1161,736,-78,2,下位,0,0,0
54,54,0,591,561,1,0,0,0,0,1,0,下位,0,0,0
252,252,0,297,233,0,0,0,54,787,703,2,下位,0,0,0
674,674,0,2229,2811,0,1,252,54,787,703,2,下位,0,252,459
275,275,0,422,609,0,0,0,926,3037,575,15,下位,0,0,0
409,409,0,543,437,0,0,0,275,835,979,1,下位,0,0,0
771,771,0,533,616,1,0,0,0,0,1,0,下位,0,0,0
363,363,0,577,571,1,0,0,0,0,1,0,下位,0,0,0
433,433,0,292,217,0,0,0,363,797,229,2,下位,0,0,0
230,230,0,521,520,0,1,433,363,797,229,2,下位,0,433,443
251,251,0,3323,3797,0,0,0,663,746,378,1,下位,0,0,0
921,921,0,280,183,0,0,0,251,4023,1611,22,下位,0,0,0
531,531,0,659,617,0,1,921,251,4023,1611,22,下位,0,921,409
56,56,0,288,207,1,0,0,0,0,1,0,下位,0,0,0
429,429,0,284,193,1,1,56,0,0,1,0,下位,0,56,433
609,609,0,286,201,1,2,485,0,0,1,0,下位,0,429,419
262,262,0,510,538,1,3,1094,0,0,1,0,下位,0,609,427
265,265,0,286,201,1,0,0,0,0,1,0,下位,0,0,0
220,220,0,286,201,1,1,265,0,0,1,0,下位,0,265,427
153,153,0,278,177,1,2,485,0,0,1,0,下位,0,220,427
434,434,0,826,831,1,3,638,0,0,1,0,下位,0,153,403
262,262,0,288,206,0,0,0,1072,1057,635,3,下位,0,0,0
236,236,0,286,201,0,1,262,1072,1057,635,3,下位,0,262,432
221,221,0,284,193,0,2,498,1072,1057,635,3,下位,0,236,427
218,218,0,281,185,0,3,719,1072,1057,635,3,下位,0,221,419
1115,1115,0,284,193,0,4,937,1072,1057,635,3,下位,0,218,411
669,669,0,640,684,0,5,2052,1072,1057,635,3,下位,0,1115,419
451,451,0,639,1021,1,0,0,0,0,1,0,下位,0,0,0
640,640,0,289,209,1,0,0,0,0,1,0,下位,0,0,0
445,445,0,473,506,1,1,640,0,0,1,0,下位,0,640,435
702,702,0,815,641,1,0,0,0,0,1,0,下位,0,0,0
208,208,0,2584,2979,1,0,0,0,0,1,0,下位,0,0,0
699,699,0,1932,3102,0,0,0,208,3205,579,21,下位,0,0,0
274,274,0,1356,1212,0,0,0,699,3328,733,14,下位,0,0,0
461,461,0,567,472,0,0,0,274,1438,1742,7,下位,0,0,0
350,350,0,292,217,1,0,0,0,0,1,0,下位,0,0,0
748,748,0,1241,962,1,1,350,0,0,1,0,下位,0,350,443
832,832,0,292,217,1,0,0,0,0,1,0,下位,0,0,0
252,252,0,286,201,1,1,832,0,0,1,0,下位,0,832,443
1027,1027,0,704,896,1,2,1084,0,0,1,0,下位,0,252,427
732,732,0,3353,4570,1,0,0,0,0,1,0,下位,0,0,0
245,245,0,270,152,0,0,0,732,4796,1353,24,下位,0,0,0
284,284,0,2320,3385,0,1,245,732,4796,1353,24,下位,0,245,378
214,214,0,278,177,1,0,0,0,0,1,0,下位,0,0,0
633,633,0,297,233,1,1,214,0,0,1,0,下位,0,214,403
644,644,0,297,233,1,2,847,0,0,1,0,下位,0,633,459
269,269,0,594,569,1,3,1491,0,0,1,0,下位,0,644,459
258,258,0,278,177,0,0,0,1760,795,-641,2,下位,0,0,0
976,976,0,741,788,0,1,258,1760,795,-641,2,下位,0,258,403
785,785,0,2244,4696,0,0,0,1234,1014,-1158,2,下位,0,0,0
662,662,0,642,703,0,0,0,785,4922,315,14,下位,0,0,0
446,446,0,482,521,1,0,0,0,0,1,0,下位,0,0,0
574,574,0,2445,3286,1,0,0,0,0,1,0,下位,0,0,0
238,238,0,281,185,0,0,0,574,3512,315,17,下位,0,0,0
439,439,0,277,173,0,1,238,574,3512,315,17,下位,0,238,411
1022,1022,0,284,193,0,2,677,574,3512,315,17,下位,0,439,399
236,236,0,2442,3014,0,3,1699,574,3512,315,17,下位,0,1022,419
267,267,0,2344,3104,1,0,0,0,0,1,0,下位,0,0,0
841,841,0,601,557,0,0,0,267,3330,619,13,下位,0,0,0
272,272,0,292,217,0,0,0,841,783,84,2,下位,0,0,0
247,247,0,292,217,0,1,272,841,783,84,2,下位,0,272,443
469,469,0,289,209,0,2,519,841,783,84,2,下位,0,247,443
546,546,0,3365,4596,0,3,988,841,783,84,2,下位,0,469,435
209,209,0,284,193,1,0,0,0,0,1,0,下位,0,0,0
261,261,0,286,201,1,1,209,0,0,1,0,下位,0,209,419
931,931,0,1005,925,1,2,470,0,0,1,0,下位,0,261,427
123,123,0,284,193,1,0,0,0,0,1,0,下位,0,0,0
662,662,0,493,488,1,1,123,0,0,1,0,下位,0,123,419
823,823,0,483,531,0,0,0,785,714,-97,1,下位,0,0,0
632,632,0,2351,2850,1,0,0,0,0,1,0,下位,0,0,0
400,400,0,292,217,1,0,0,0,0,1,0,下位,0,0,0
781,781,0,968,795,1,1,400,0,0,1,0,下位,0,400,443
464,464,0,283,191,0,0,0,1181,1021,-386,6,下位,0,0,0
307,307,0,286,201,0,1,464,1181,1021,-386,6,下位,0,464,417
444,444,0,283,191,0,2,771,1181,1021,-386,6,下位,0,307,427
838,838,0,487,537,0,3,1215,1181,1021,-386,6,下位,0,444,417
798,798,0,286,201,1,0,0,0,0,1,0,下位,0,0,0
553,553,0,417,593,1,1,798,0,0,1,0,下位,0,798,427
337,337,0,281,185,0,0,0,1351,819,-871,1,下位,0,0,0
1080,1080,0,795,880,0,1,337,1351,819,-871,1,下位,0,337,411
448,448,0,280,183,0,0,0,1417,1106,-1575,3,下位,0,0,0
254,254,0,289,209,0,1,448,1417,1106,-1575,3,下位,0,448,409
260,260,0,475,530,0,2,702,1417,1106,-1575,3,下位,0,254,435
1024,1024,0,655,923,0,0,0,962,756,-1483,1,下位,0,0,0
186,186,0,288,207,1,0,0,0,0,1,0,下位,0,0,0
663,663,0,469,529,1,1,186,0,0,1,0,下位,0,186,433
232,232,0,284,193,0,0,0,849,755,-142,1,下位,0,0,0
281,281,0,738,555,0,1,232,849,755,-142,1,下位,0,232,419
255,255,0,1238,1518,1,0,0,0,0,1,0,下位,0,0,0
456,456,0,278,175,0,0,0,255,1744,1345,8,下位,0,0,0
207,207,0,296,231,0,1,456,255,1744,1345,8,下位,0,456,401
743,743,0,481,510,0,2,663,255,1744,1345,8,下位,0,207,457
452,452,0,914,879,1,0,0,0,0,1,0,下位,0,0,0
833,833,0,286,201,0,0,0,452,1105,398,4,下位,0,0,0
617,617,0,1391,1457,0,1,833,452,1105,398,4,下位,0,833,427
411,411,0,579,752,1,0,0,0,0,1,0,下位,0,0,0
261,261,0,483,531,0,0,0,411,978,335,3,下位,0,0,0
629,629,0,736,984,0,0,0,261,757,683,1,下位,0,0,0
396,396,0,484,542,0,0,0,629,1210,907,3,下位,0,0,0
326,326,0,284,193,0,0,0,396,768,1054,1,下位,0,0,0
265,265,0,733,964,0,1,326,396,768,1054,1,下位,0,326,419
845,845,0,483,554,1,0,0,0,0,1,0,下位,0,0,0
734,734,0,1031,1263,1,0,0,0,0,1,0,下位,0,0,0
444,444,0,1008,1634,0,0,0,734,1489,340,4,下位,0,0,0
539,539,0,829,835,1,0,0,0,0,1,0,下位,0,0,0
265,265,0,280,182,1,0,0,0,0,1,0,下位,0,0,0
243,243,0,540,450,1,1,265,0,0,1,0,下位,0,265,408
836,836,0,1077,1133,1,0,0,0,0,1,0,下位,0,0,0
189,189,0,281,185,0,0,0,836,1359,50,7,下位,0,0,0
260,260,0,283,191,0,1,189,836,1359,50,7,下位,0,189,411
825,825,0,278,177,0,2,449,836,1359,50,7,下位,0,260,417
448,448,0,281,185,0,3,1274,836,1359,50,7,下位,0,825,403
238,238,0,454,576,0,4,1722,836,1359,50,7,下位,0,448,411
403,403,0,278,177,1,0,0,0,0,1,0,下位,0,0,0
460,460,0,289,209,1,1,403,0,0,1,0,下位,0,403,403
541,541,0,3195,4900,1,2,863,0,0,1,0,下位,0,460,435
741,741,0,278,177,1,0,0,0,0,1,0,下位,0,0,0
166,166,0,281,185,1,1,741,0,0,1,0,下位,0,741,403
711,711,0,445,601,1,2,907,0,0,1,0,下位,0,166,411
391,391,0,300,241,0,0,0,1618,827,-893,1,下位,0,0,0
250,250,0,754,931,0,1,391,1618,827,-893,1,下位,0,391,467
830,830,0,2043,2108,1,0,0,0,0,1,0,下位,0,0,0
247,247,0,535,660,0,0,0,830,2334,1034,10,下位,0,0,0
826,826,0,286,201,0,0,0,247,886,1533,2,下位,0,0,0
430,430,0,530,420,0,1,826,247,886,1533,2,下位,0,826,427
628,628,0,294,225,0,0,0,1256,646,637,1,下位,0,0,0
764,764,0,284,193,0,1,628,1256,646,637,1,下位,0,628,451
176,176,0,1383,1544,0,2,1392,1256,646,637,1,下位,0,764,419
768,768,0,496,560,1,0,0,0,0,1,0,下位,0,0,0
846,846,0,288,207,1,0,0,0,0,1,0,下位,0,0,0
847,847,0,944,1081,1,1,846,0,0,1,0,下位,0,846,433
850,850,0,881,992,1,0,0,0,0,1,0,下位,0,0,0
238,238,0,289,209,0,0,0,850,1218,-113,4,下位,0,0,0
845,845,0,286,201,0,1,238,850,1218,-113,4,下位,0,238,435
252,252,0,300,241,0,2,1083,850,1218,-113,4,下位,0,845,427
428,428,0,580,590,0,3,1335,850,1218,-113,4,下位,0,252,467
315,315,0,289,209,1,0,0,0,0,1,0,下位,0,0,0
245,245,0,564,477,1,1,315,0,0,1,0,下位,0,315,435
861,861,0,1081,1196,1,0,0,0,0,1,0,下位,0,0,0
261,261,0,1039,1007,0,0,0,861,1422,73,7,下位,0,0,0
434,434,0,2454,3347,1,0,0,0,0,1,0,下位,0,0,0
510,510,0,284,193,1,0,0,0,0,1,0,下位,0,0,0
204,204,0,286,201,1,1,510,0,0,1,0,下位,0,510,419
215,215,0,284,193,1,2,714,0,0,1,0,下位,0,204,427
243,243,0,294,225,1,3,929,0,0,1,0,下位,0,215,419
851,851,0,676,878,1,4,1172,0,0,1,0,下位,0,243,451
835,835,0,451,594,0,0,0,2023,1104,-350,2,下位,0,0,0
326,326,0,586,569,1,0,0,0,0,1,0,下位,0,0,0
441,441,0,1694,1982,0,0,0,326,795,285,2,下位,0,0,0
241,241,0,278,177,0,0,0,441,2208,1802,9,下位,0,0,0
238,238,0,286,201,0,1,241,441,2208,1802,9,下位,0,241,403
239,239,0,504,474,0,2,479,441,2208,1802,9,下位,0,238,427
51,51,0,592,296,1,0,0,0,0,1,0,下位,0,0,0
266,266,0,479,533,0,0,0,51,522,443,3,下位,0,0,0
395,395,0,1312,1440,0,0,0,266,759,785,1,下位,0,0,0
844,844,0,294,225,1,0,0,0,0,1,0,下位,0,0,0
1142,1142,0,292,217,1,1,844,0,0,1,0,下位,0,844,451
525,525,0,1629,1881,1,2,1986,0,0,1,0,下位,0,1142,443
737,737,0,602,616,1,0,0,0,0,1,0,下位,0,0,0
266,266,0,278,177,0,0,0,737,842,-312,2,下位,0,0,0
435,435,0,716,1010,0,1,266,737,842,-312,2,下位,0,266,403
841,841,0,435,580,0,0,0,701,1236,228,3,下位,0,0,0
939,939,0,1469,1481,0,0,0,841,806,-284,1,下位,0,0,0
851,851,0,747,877,1,0,0,0,0,1,0,下位,0,0,0
261,261,0,275,166,0,0,0,851,1103,-230,3,下位,0,0,0
242,242,0,423,610,0,1,261,851,1103,-230,3,下位,0,261,392
269,269,0,283,190,1,0,0,0,0,1,0,下位,0,0,0
465,465,0,277,174,1,1,269,0,0,1,0,下位,0,269,416
448,448,0,283,190,1,2,734,0,0,1,0,下位,0,465,400
759,759,0,1623,1741,1,3,1182,0,0,1,0,下位,0,448,416
811,811,0,2249,2456,1,0,0,0,0,1,0,下位,0,0,0
635,635,0,621,986,1,0,0,0,0,1,0,下位,0,0,0
112,112,0,280,183,1,0,0,0,0,1,0,下位,0,0,0
247,247,0,278,177,1,1,112,0,0,1,0,下位,0,112,409
247,247,0,286,201,1,2,359,0,0,1,0,下位,0,247,403
273,273,0,286,201,1,3,606,0,0,1,0,下位,0,247,427
249,249,0,284,193,1,4,879,0,0,1,0,下位,0,273,427
254,254,0,289,209,1,5,1128,0,0,1,0,下位,0,249,419
850,850,0,284,193,1,6,1382,0,0,1,0,下位,0,254,435
434,434,0,2861,3259,1,7,2232,0,0,1,0,下位,0,850,419
354,354,0,278,177,0,0,0,2666,3485,2247,19,下位,0,0,0
228,228,0,284,193,0,1,354,2666,3485,2247,19,下位,0,354,403
444,444,0,536,436,0,2,582,2666,3485,2247,19,下位,0,228,419
720,720,0,644,514,1,0,0,0,0,1,0,下位,0,0,0
229,229,0,734,976,0,0,0,720,740,-388,2,下位,0,0,0
231,231,0,284,193,0,0,0,229,1202,455,3,下位,0,0,0
657,657,0,878,912,0,1,231,229,1202,455,3,下位,0,231,419
260,260,0,286,201,0,0,0,888,1138,620,4,下位,0,0,0
954,954,0,661,625,0,1,260,888,1138,620,4,下位,0,260,427
575,575,0,688,844,1,0,0,0,0,1,0,下位,0,0,0
652,652,0,286,201,1,0,0,0,0,1,0,下位,0,0,0
160,160,0,3939,4938,1,1,652,0,0,1,0,下位,0,652,427
1236,1236,0,537,435,0,0,0,812,5164,254,28,下位,0,0,0
162,162,0,841,1079,1,0,0,0,0,1,0,下位,0,0,0
240,240,0,286,201,0,0,0,162,1305,1052,4,下位,0,0,0
233,233,0,1924,2581,0,1,240,162,1305,1052,4,下位,0,240,427
330,330,0,628,476,1,0,0,0,0,1,0,下位,0,0,0
288,288,0,281,185,1,0,0,0,0,1,0,下位,0,0,0
1219,1219,0,294,225,1,1,288,0,0,1,0,下位,0,288,411
1220,1220,0,571,549,1,2,1507,0,0,1,0,下位,0,1219,451
460,460,0,645,676,0,0,0,2727,775,-2636,2,下位,0,0,0
332,332,0,1722,2286,1,0,0,0,0,1,0,下位,0,0,0
635,635,0,285,198,1,0,0,0,0,1,0,下位,0,0,0
854,854,0,452,555,1,1,635,0,0,1,0,下位,0,635,424
237,237,0,289,209,1,0,0,0,0,1,0,下位,0,0,0
242,242,0,289,209,1,1,237,0,0,1,0,下位,0,237,435
269,269,0,281,185,1,2,479,0,0,1,0,下位,0,242,435
221,221,0,286,201,1,3,748,0,0,1,0,下位,0,269,411
625,625,0,281,185,1,4,969,0,0,1,0,下位,0,221,427
630,630,0,292,217,1,5,1594,0,0,1,0,下位,0,625,411
458,458,0,430,626,1,6,2224,0,0,1,0,下位,0,630,443
337,337,0,292,217,1,0,0,0,0,1,0,下位,0,0,0
729,729,0,281,185,1,1,337,0,0,1,0,下位,0,337,443
447,447,0,281,185,1,2,1066,0,0,1,0,下位,0,729,411
397,397,0,286,201,1,3,1513,0,0,1,0,下位,0,447,411
451,451,0,278,177,1,4,1910,0,0,1,0,下位,0,397,427
252,252,0,869,1233,1,5,2361,0,0,1,0,下位,0,451,403
532,532,0,491,555,0,0,0,2613,1459,-541,3,下位,0,0,0
255,255,0,801,806,1,0,0,0,0,1,0,下位,0,0,0
259,259,0,289,209,0,0,0,255,1032,633,5,下位,0,0,0
851,851,0,284,193,0,1,259,255,1032,633,5,下位,0,259,435
237,237,0,646,901,0,2,1110,255,1032,633,5,下位,0,851,419
660,660,0,289,209,0,0,0,1347,1127,503,2,下位,0,0,0
865,865,0,284,193,0,1,660,1347,1127,503,2,下位,0,660,435
172,172,0,286,201,0,2,1525,1347,1127,503,2,下位,0,865,419
246,246,0,473,535,0,3,1697,1347,1127,503,2,下位,0,172,427
230,230,0,665,944,1,0,0,0,0,1,0,下位,0,0,0
137,137,0,281,185,1,0,0,0,0,1,0,下位,0,0,0
626,626,0,766,723,1,1,137,0,0,1,0,下位,0,137,411
65,65,0,2628,4145,1,0,0,0,0,1,0,下位,0,0,0
632,632,0,286,201,0,0,0,65,4371,2240,18,下位,0,0,0
369,369,0,284,193,0,1,632,65,4371,2240,18,下位,0,632,427
364,364,0,286,201,0,2,1001,65,4371,2240,18,下位,0,369,419
557,557,0,842,806,0,3,1365,65,4371,2240,18,下位,0,364,427
246,246,0,284,193,1,0,0,0,0,1,0,下位,0,0,0
673,673,0,292,217,1,1,246,0,0,1,0,下位,0,246,419
513,513,0,289,209,1,2,919,0,0,1,0,下位,0,673,443
377,377,0,286,201,1,3,1432,0,0,1,0,下位,0,513,435
939,939,0,651,442,1,4,1809,0,0,1,0,下位,0,377,427
285,285,0,286,201,1,0,0,0,0,1,0,下位,0,0,0
292,292,0,1447,1559,1,1,285,0,0,1,0,下位,0,285,427
495,495,0,479,513,1,0,0,0,0,1,0,下位,0,0,0
248,248,0,288,207,1,0,0,0,0,1,0,下位,0,0,0
643,643,0,544,609,1,1,248,0,0,1,0,下位,0,248,433
215,215,0,475,530,0,0,0,891,835,-128,2,下位,0,0,0
264,264,0,284,193,0,0,0,215,756,291,1,下位,0,0,0
191,191,0,284,193,0,1,264,215,756,291,1,下位,0,264,419
425,425,0,284,193,0,2,455,215,756,291,1,下位,0,191,419
507,507,0,292,217,0,3,880,215,756,291,1,下位,0,425,419
750,750,0,289,209,0,4,1387,215,756,291,1,下位,0,507,443
368,368,0,1102,971,0,5,2137,215,756,291,1,下位,0,750,435
865,865,0,289,209,1,0,0,0,0,1,0,下位,0,0,0
278,278,0,286,201,1,1,865,0,0,1,0,下位,0,865,435
465,465,0,284,193,1,2,1143,0,0,1,0,下位,0,278,427
237,237,0,972,1073,1,3,1608,0,0,1,0,下位,0,465,419
466,466,0,498,531,0,0,0,1845,1299,-311,5,下位,0,0,0
440,440,0,289,209,0,0,0,466,757,-284,1,下位,0,0,0
1098,1098,0,292,217,0,1,440,466,757,-284,1,下位,0,440,435
249,249,0,286,201,0,2,1538,466,757,-284,1,下位,0,1098,443
458,458,0,289,209,0,3,1787,466,757,-284,1,下位,0,249,427
439,439,0,1001,1192,0,4,2245,466,757,-284,1,下位,0,458,435
195,195,0,284,193,1,0,0,0,0,1,0,下位,0,0,0
245,245,0,286,201,1,1,195,0,0,1,0,下位,0,195,419
677,677,0,286,201,1,2,440,0,0,1,0,下位,0,245,427
1047,1047,0,1170,1464,1,3,1117,0,0,1,0,下位,0,677,427
240,240,0,284,193,0,0,0,2164,1690,-428,7,下位,0,0,0
1028,1028,0,281,185,0,1,240,2164,1690,-428,7,下位,0,240,419
645,645,0,281,185,0,2,1268,2164,1690,-428,7,下位,0,1028,411
331,331,0,467,525,0,3,1913,2164,1690,-428,7,下位,0,645,411
64,64,0,462,562,1,0,0,0,0,1,0,下位,0,0,0
250,250,0,286,201,0,0,0,64,788,689,1,下位,0,0,0
838,838,0,575,574,0,1,250,64,788,689,1,下位,0,250,427
251,251,0,484,554,1,0,0,0,0,1,0,下位,0,0,0
262,262,0,289,209,0,0,0,251,780,388,1,下位,0,0,0
501,501,0,284,193,0,1,262,251,780,388,1,下位,0,262,435
572,572,0,456,633,0,2,763,251,780,388,1,下位,0,501,419
444,444,0,294,225,0,0,0,1335,859,8,1,下位,0,0,0
230,230,0,286,201,0,1,444,1335,859,8,1,下位,0,444,451
174,174,0,286,201,0,2,674,1335,859,8,1,下位,0,230,427
651,651,0,281,185,0,3,848,1335,859,8,1,下位,0,174,427
1031,1031,0,740,787,0,4,1499,1335,859,8,1,下位,0,651,411
854,854,0,286,201,1,0,0,0,0,1,0,下位,0,0,0
252,252,0,278,177,1,1,854,0,0,1,0,下位,0,854,427
631,631,0,284,193,1,2,1106,0,0,1,0,下位,0,252,403
218,218,0,1240,1241,1,3,1737,0,0,1,0,下位,0,631,419
640,640,0,422,602,0,0,0,1955,1467,-348,6,下位,0,0,0
762,762,0,610,908,0,0,0,640,828,-523,1,下位,0,0,0
117,117,0,485,540,1,0,0,0,0,1,0,下位,0,0,0
855,855,0,284,193,0,0,0,117,766,584,1,下位,0,0,0
447,447,0,963,738,0,1,855,117,766,584,1,下位,0,855,419
268,268,0,1350,1541,0,0,0,1302,964,-74,6,下位,0,0,0
998,998,0,652,677,0,0,0,268,1767,1273,6,下位,0,0,0
217,217,0,284,193,0,0,0,998,903,612,3,下位,0,0,0
435,435,0,284,193,0,1,217,998,903,612,3,下位,0,217,419
457,457,0,944,1057,0,2,652,998,903,612,3,下位,0,435,419
840,840,0,637,677,1,0,0,0,0,1,0,下位,0,0,0
246,246,0,515,444,0,0,0,840,903,-413,3,下位,0,0,0
831,831,0,546,818,1,0,0,0,0,1,0,下位,0,0,0
232,232,0,278,177,0,0,0,831,1044,-258,3,下位,0,0,0
723,723,0,294,223,0,1,232,831,1044,-258,3,下位,0,232,403
531,531,0,950,810,0,2,955,831,1044,-258,3,下位,0,723,449
827,827,0,1421,1798,1,0,0,0,0,1,0,下位,0,0,0
224,224,0,1641,1652,0,0,0,827,2024,729,8,下位,0,0,0
276,276,0,563,442,0,0,0,224,1878,2256,9,下位,0,0,0
820,820,0,286,201,1,0,0,0,0,1,0,下位,0,0,0
443,443,0,286,201,1,1,820,0,0,1,0,下位,0,820,427
478,478,0,757,876,1,2,1263,0,0,1,0,下位,0,443,427
246,246,0,284,193,1,0,0,0,0,1,0,下位,0,0,0
205,205,0,281,185,1,1,246,0,0,1,0,下位,0,246,419
340,340,0,470,489,1,2,451,0,0,1,0,下位,0,205,411
454,454,0,289,209,0,0,0,791,715,306,1,下位,0,0,0
1229,1229,0,1748,1745,0,1,454,791,715,306,1,下位,0,454,435
454,454,0,1191,1068,1,0,0,0,0,1,0,下位,0,0,0
453,453,0,803,737,1,0,0,0,0,1,0,下位,0,0,0
700,700,0,475,569,0,0,0,453,963,254,2,下位,0,0,0
234,234,0,975,1049,0,0,0,700,795,-48,1,下位,0,0,0
211,211,0,289,209,1,0,0,0,0,1,0,下位,0,0,0
243,243,0,292,217,1,1,211,0,0,1,0,下位,0,211,435
1065,1065,0,2281,3244,1,2,454,0,0,1,0,下位,0,243,443
633,633,0,467,519,0,0,0,1519,3470,1968,16,下位,0,0,0
370,370,0,634,681,1,0,0,0,0,1,0,下位,0,0,0
253,253,0,291,214,0,0,0,370,907,328,3,下位,0,0,0
349,349,0,596,566,0,1,253,370,907,328,3,下位,0,253,440
454,454,0,546,631,0,0,0,602,792,616,2,下位,0,0,0
612,612,0,462,600,0,0,0,454,857,761,2,下位,0,0,0
853,853,0,286,201,1,0,0,0,0,1,0,下位,0,0,0
1244,1244,0,280,183,1,1,853,0,0,1,0,下位,0,853,427
385,385,0,285,197,1,2,2097,0,0,1,0,下位,0,1244,409
349,349,0,286,201,1,3,2482,0,0,1,0,下位,0,385,423
315,315,0,284,193,1,4,2831,0,0,1,0,下位,0,349,427
281,281,0,286,201,1,5,3146,0,0,1,0,下位,0,315,419
214,214,0,747,500,1,6,3427,0,0,1,0,下位,0,281,427
285,285,0,3741,4446,1,0,0,0,0,1,0,下位,0,0,0
1059,1059,0,675,889,0,0,0,285,4672,1998,24,下位,0,0,0
836,836,0,563,592,1,0,0,0,0,1,0,下位,0,0,0
274,274,0,281,185,0,0,0,836,818,-491,2,下位,0,0,0
251,251,0,284,193,0,1,274,836,818,-491,2,下位,0,274,411
1016,1016,0,547,441,0,2,525,836,818,-491,2,下位,0,251,419
719,719,0,533,416,1,0,0,0,0,1,0,下位,0,0,0
425,425,0,289,209,0,0,0,719,642,-484,1,下位,0,0,0
1231,1231,0,281,185,0,1,425,719,642,-484,1,下位,0,425,435
241,241,0,281,185,0,2,1656,719,642,-484,1,下位,0,1231,411
469,469,0,427,623,0,3,1897,719,642,-484,1,下位,0,241,411
228,228,0,289,209,0,0,0,2366,849,-2086,1,下位,0,0,0
460,460,0,554,467,0,1,228,2366,849,-2086,1,下位,0,228,435
447,447,0,284,193,1,0,0,0,0,1,0,下位,0,0,0
149,149,0,292,217,1,1,447,0,0,1,0,下位,0,447,419
244,244,0,500,493,1,2,596,0,0,1,0,下位,0,149,443
230,230,0,283,191,0,0,0,840,719,265,1,下位,0,0,0
769,769,0,732,803,0,1,230,840,719,265,1,下位,0,230,417
340,340,0,294,225,1,0,0,0,0,1,0,下位,0,0,0
330,330,0,284,193,1,1,340,0,0,1,0,下位,0,340,451
239,239,0,286,201,1,2,670,0,0,1,0,下位,0,330,419
1080,1080,0,2476,3526,1,3,909,0,0,1,0,下位,0,239,427
242,242,0,286,201,1,0,0,0,0,1,0,下位,0,0,0
329,329,0,281,185,1,1,242,0,0,1,0,下位,0,242,427
247,247,0,289,209,1,2,571,0,0,1,0,下位,0,329,411
247,247,0,281,185,1,3,818,0,0,1,0,下位,0,247,435
244,244,0,281,185,1,4,1065,0,0,1,0,下位,0,247,411
1082,1082,0,1088,1007,1,5,1309,0,0,1,0,下位,0,244,411
159,159,0,284,193,0,0,0,2391,1233,-418,6,下位,0,0,0
816,816,0,294,225,0,1,159,2391,1233,-418,6,下位,0,159,419
938,938,0,300,241,0,2,975,2391,1233,-418,6,下位,0,816,451
235,235,0,1318,905,0,3,1913,2391,1233,-418,6,下位,0,938,467
254,254,0,599,749,1,0,0,0,0,1,0,下位,0,0,0
230,230,0,284,193,0,0,0,254,975,578,3,下位,0,0,0
242,242,0,481,570,0,1,230,254,975,578,3,下位,0,230,419
251,251,0,284,193,0,0,0,472,796,1053,1,下位,0,0,0
548,548,0,485,504,0,1,251,472,796,1053,1,下位,0,251,419
249,249,0,286,201,0,0,0,799,730,950,1,下位,0,0,0
252,252,0,284,193,0,1,249,799,730,950,1,下位,0,249,427
455,455,0,576,1071,0,2,501,799,730,950,1,下位,0,252,419
636,636,0,499,531,0,0,0,956,1297,1595,2,下位,0,0,0
379,379,0,292,217,1,0,0,0,0,1,0,下位,0,0,0
474,474,0,1167,1293,1,1,379,0,0,1,0,下位,0,379,443
465,465,0,821,1010,0,0,0,853,1519,626,8,下位,0,0,0
97,97,0,2308,3005,1,0,0,0,0,1,0,下位,0,0,0
560,560,0,469,531,1,0,0,0,0,1,0,下位,0,0,0
204,204,0,283,190,0,0,0,560,757,-120,1,下位,0,0,0
247,247,0,285,196,0,1,204,560,757,-120,1,下位,0,204,416
851,851,0,284,193,0,2,451,560,757,-120,1,下位,0,247,422
977,977,0,290,212,0,3,1302,560,757,-120,1,下位,0,851,419
503,503,0,288,206,0,4,2279,560,757,-120,1,下位,0,977,438
230,230,0,288,206,0,5,2782,560,757,-120,1,下位,0,503,432
240,240,0,283,190,0,6,3012,560,757,-120,1,下位,0,230,432
443,443,0,582,542,0,7,3252,560,757,-120,1,下位,0,240,416
539,539,0,277,174,1,0,0,0,0,1,0,下位,0,0,0
255,255,0,277,174,1,1,539,0,0,1,0,下位,0,539,400
233,233,0,285,198,1,2,794,0,0,1,0,下位,0,255,400
465,465,0,277,174,1,3,1027,0,0,1,0,下位,0,233,424
261,261,0,283,190,1,4,1492,0,0,1,0,下位,0,465,400
257,257,0,288,206,1,5,1753,0,0,1,0,下位,0,261,416
1050,1050,0,1133,1324,1,6,2010,0,0,1,0,下位,0,257,432
449,449,0,482,545,1,0,0,0,0,1,0,下位,0,0,0
231,231,0,485,528,1,0,0,0,0,1,0,下位,0,0,0
785,785,0,284,193,1,0,0,0,0,1,0,下位,0,0,0
375,375,0,1340,1750,1,1,785,0,0,1,0,下位,0,785,419
141,141,0,292,217,1,0,0,0,0,1,0,下位,0,0,0
919,919,0,425,617,1,1,141,0,0,1,0,下位,0,141,443
558,558,0,1481,1625,0,0,0,1060,843,-374,1,下位,0,0,0
825,825,0,473,522,1,0,0,0,0,1,0,下位,0,0,0
633,633,0,281,185,1,0,0,0,0,1,0,下位,0,0,0
236,236,0,487,512,1,1,633,0,0,1,0,下位,0,633,411
251,251,0,1546,2322,1,0,0,0,0,1,0,下位,0,0,0
315,315,0,2648,3754,1,0,0,0,0,1,0,下位,0,0,0
249,249,0,286,201,0,0,0,315,3980,980,18,下位,0,0,0
750,750,0,1661,1981,0,1,249,315,3980,980,18,下位,0,249,427
80,80,0,278,177,1,0,0,0,0,1,0,下位,0,0,0
169,169,0,284,193,1,1,80,0,0,1,0,下位,0,80,403
1025,1025,0,677,639,1,2,249,0,0,1,0,下位,0,169,419
258,258,0,292,217,0,0,0,1274,865,-309,3,下位,0,0,0
350,350,0,281,185,0,1,258,1274,865,-309,3,下位,0,258,443
325,325,0,281,185,0,2,608,1274,865,-309,3,下位,0,350,411
280,280,0,529,634,0,3,933,1274,865,-309,3,下位,0,325,411
254,254,0,289,209,1,0,0,0,0,1,0,下位,0,0,0
476,476,0,630,994,1,1,254,0,0,1,0,下位,0,254,435
250,250,0,3924,4586,0,0,0,730,1220,512,2,下位,0,0,0
239,239,0,476,554,0,0,0,250,4812,531,23,下位,0,0,0
238,238,0,877,1201,0,0,0,239,780,936,1,下位,0,0,0
504,504,0,284,193,1,0,0,0,0,1,0,下位,0,0,0
310,310,0,284,193,1,1,504,0,0,1,0,下位,0,504,419
438,438,0,502,526,1,2,814,0,0,1,0,下位,0,310,419
328,328,0,281,185,1,0,0,0,0,1,0,下位,0,0,0
178,178,0,284,193,1,1,328,0,0,1,0,下位,0,328,411
345,345,0,827,1000,1,2,506,0,0,1,0,下位,0,178,419
659,659,0,292,217,1,0,0,0,0,1,0,下位,0,0,0
279,279,0,289,209,1,1,659,0,0,1,0,下位,0,659,443
341,341,0,292,217,1,2,938,0,0,1,0,下位,0,279,435
540,540,0,484,516,1,3,1279,0,0,1,0,下位,0,341,443
376,376,0,294,225,1,0,0,0,0,1,0,下位,0,0,0
1121,1121,0,1552,1368,1,1,376,0,0,1,0,下位,0,376,451
826,826,0,292,217,0,0,0,1497,1594,-300,7,下位,0,0,0
663,663,0,1352,1843,0,1,826,1497,1594,-300,7,下位,0,826,443
187,187,0,774,774,1,0,0,0,0,1,0,下位,0,0,0
758,758,0,289,209,1,0,0,0,0,1,0,下位,0,0,0
237,237,0,284,193,1,1,758,0,0,1,0,下位,0,758,435
1048,1048,0,281,185,1,2,995,0,0,1,0,下位,0,237,419
445,445,0,666,504,1,3,2043,0,0,1,0,下位,0,1048,411
326,326,0,281,185,1,0,0,0,0,1,0,下位,0,0,0
238,238,0,286,201,1,1,326,0,0,1,0,下位,0,326,411
433,433,0,281,185,1,2,564,0,0,1,0,下位,0,238,427
443,443,0,541,476,1,3,997,0,0,1,0,下位,0,433,411
102,102,0,293,222,1,0,0,0,0,1,0,下位,0,0,0
230,230,0,452,568,1,1,102,0,0,1,0,下位,0,102,448
226,226,0,1486,1831,0,0,0,332,794,722,1,下位,0,0,0
249,249,0,289,209,1,0,0,0,0,1,0,下位,0,0,0
491,491,0,297,233,1,1,249,0,0,1,0,下位,0,249,435
251,251,0,281,185,1,2,740,0,0,1,0,下位,0,491,459
531,531,0,284,193,1,3,991,0,0,1,0,下位,0,251,411
409,409,0,289,209,1,4,1522,0,0,1,0,下位,0,531,419
191,191,0,286,201,1,5,1931,0,0,1,0,下位,0,409,435
425,425,0,289,209,1,6,2122,0,0,1,0,下位,0,191,427
235,235,0,572,603,1,7,2547,0,0,1,0,下位,0,425,435
62,62,0,2010,2572,1,0,0,0,0,1,0,下位,0,0,0
1014,1014,0,286,201,0,0,0,62,2798,622,10,下位,0,0,0
768,768,0,541,440,0,1,1014,62,2798,622,10,下位,0,1014,427
860,860,0,1123,1184,1,0,0,0,0,1,0,下位,0,0,0
232,232,0,655,1035,1,0,0,0,0,1,0,下位,0,0,0
29,29,0,281,185,1,0,0,0,0,1,0,下位,0,0,0
1139,1139,0,289,209,1,1,29,0,0,1,0,下位,0,29,411
203,203,0,1035,764,1,2,1168,0,0,1,0,下位,0,1139,435
258,258,0,1247,1120,1,0,0,0,0,1,0,下位,0,0,0
449,449,0,4465,6159,1,0,0,0,0,1,0,下位,0,0,0
881,881,0,786,894,0,0,0,449,6385,1272,29,下位,0,0,0
861,861,0,2195,2774,1,0,0,0,0,1,0,下位,0,0,0
752,752,0,996,1000,1,0,0,0,0,1,0,下位,0,0,0
219,219,0,286,201,1,0,0,0,0,1,0,下位,0,0,0
1044,1044,0,624,485,1,1,219,0,0,1,0,下位,0,219,427
832,832,0,284,193,1,0,0,0,0,1,0,下位,0,0,0
250,250,0,289,209,1,1,832,0,0,1,0,下位,0,832,419
250,250,0,284,193,1,2,1082,0,0,1,0,下位,0,250,435
832,832,0,784,700,1,3,1332,0,0,1,0,下位,0,250,419
244,244,0,278,177,1,0,0,0,0,1,0,下位,0,0,0
252,252,0,470,514,1,1,244,0,0,1,0,下位,0,244,403
1259,1259,0,1342,1569,0,0,0,496,740,367,1,下位,0,0,0
853,853,0,646,508,0,0,0,1259,1795,189,6,下位,0,0,0
69,69,0,3474,4175,1,0,0,0,0,1,0,下位,0,0,0
344,344,0,277,173,0,0,0,69,4401,2282,18,下位,0,0,0
605,605,0,1633,1676,0,1,344,69,4401,2282,18,下位,0,344,399
439,439,0,286,201,0,0,0,949,1902,927,9,下位,0,0,0
263,263,0,286,201,0,1,439,949,1902,927,9,下位,0,439,427
268,268,0,1040,1369,0,2,702,949,1902,927,9,下位,0,263,427
91,91,0,284,193,1,0,0,0,0,1,0,下位,0,0,0
840,840,0,289,209,1,1,91,0,0,1,0,下位,0,91,419
573,573,0,281,185,1,2,931,0,0,1,0,下位,0,840,435
240,240,0,722,754,1,3,1504,0,0,1,0,下位,0,573,411
196,196,0,473,522,1,0,0,0,0,1,0,下位,0,0,0
161,161,0,278,177,0,0,0,196,748,442,1,下位,0,0,0
254,254,0,288,206,0,1,161,196,748,442,1,下位,0,161,403
244,244,0,280,183,0,2,415,196,748,442,1,下位,0,254,432
557,557,0,278,177,0,3,659,196,748,442,1,下位,0,244,409
253,253,0,673,420,0,4,1216,196,748,442,1,下位,0,557,403
849,849,0,1016,995,1,0,0,0,0,1,0,下位,0,0,0
367,367,0,1766,2309,1,0,0,0,0,1,0,下位,0,0,0
864,864,0,284,193,1,0,0,0,0,1,0,下位,0,0,0
234,234,0,286,201,1,1,864,0,0,1,0,下位,0,864,419
252,252,0,289,209,1,2,1098,0,0,1,0,下位,0,234,427
1031,1031,0,294,225,1,3,1350,0,0,1,0,下位,0,252,435
227,227,0,289,209,1,4,2381,0,0,1,0,下位,0,1031,451
278,278,0,1091,764,1,5,2608,0,0,1,0,下位,0,227,435
260,260,0,776,1059,0,0,0,2886,990,-1366,7,下位,0,0,0
566,566,0,294,225,1,0,0,0,0,1,0,下位,0,0,0
650,650,0,284,193,1,1,566,0,0,1,0,下位,0,566,451
247,247,0,286,201,1,2,1216,0,0,1,0,下位,0,650,419
823,823,0,284,193,1,3,1463,0,0,1,0,下位,0,247,427
237,237,0,294,225,1,4,2286,0,0,1,0,下位,0,823,419
507,507,0,278,177,1,5,2523,0,0,1,0,下位,0,237,451
370,370,0,474,508,1,6,3030,0,0,1,0,下位,0,507,403
62,62,0,289,209,1,0,0,0,0,1,0,下位,0,0,0
251,251,0,484,578,1,1,62,0,0,1,0,下位,0,62,435
644,644,0,286,199,1,0,0,0,0,1,0,下位,0,0,0
904,904,0,1158,935,1,1,644,0,0,1,0,下位,0,644,425
402,402,0,286,199,1,0,0,0,0,1,0,下位,0,0,0
905,905,0,294,225,1,1,402,0,0,1,0,下位,0,402,425
253,253,0,286,201,1,2,1307,0,0,1,0,下位,0,905,451
169,169,0,289,209,1,3,1560,0,0,1,0,下位,0,253,427
1108,1108,0,482,558,1,4,1729,0,0,1,0,下位,0,169,435
256,256,0,284,193,1,0,0,0,0,1,0,下位,0,0,0
669,669,0,281,185,1,1,256,0,0,1,0,下位,0,256,419
631,631,0,294,225,1,2,925,0,0,1,0,下位,0,669,411
244,244,0,286,201,1,3,1556,0,0,1,0,下位,0,631,451
450,450,0,551,449,1,4,1800,0,0,1,0,下位,0,244,427
56,56,0,281,185,1,0,0,0,0,1,0,下位,0,0,0
407,407,0,284,193,1,1,56,0,0,1,0,下位,0,56,411
1062,1062,0,284,193,1,2,463,0,0,1,0,下位,0,407,419
1024,1024,0,294,225,1,3,1525,0,0,1,0,下位,0,1062,419
841,841,0,3692,5799,1,4,2549,0,0,1,0,下位,0,1024,451
552,552,0,283,191,1,0,0,0,0,1,0,下位,0,0,0
248,248,0,284,193,1,1,552,0,0,1,0,下位,0,552,417
639,639,0,284,193,1,2,800,0,0,1,0,下位,0,248,419
226,226,0,557,439,1,3,1439,0,0,1,0,下位,0,639,419
529,529,0,2363,3379,1,0,0,0,0,1,0,下位,0,0,0
269,269,0,289,209,0,0,0,529,3605,659,14,下位,0,0,0
487,487,0,280,183,0,1,269,529,3605,659,14,下位,0,269,435
248,248,0,485,540,0,2,756,529,3605,659,14,下位,0,487,409
250,250,0,950,1222,0,0,0,1004,766,695,1,下位,0,0,0
843,843,0,286,201,1,0,0,0,0,1,0,下位,0,0,0
547,547,0,284,193,1,1,843,0,0,1,0,下位,0,843,427
661,661,0,281,185,1,2,1390,0,0,1,0,下位,0,547,419
259,259,0,477,527,1,3,2051,0,0,1,0,下位,0,661,411
727,727,0,772,975,1,0,0,0,0,1,0,下位,0,0,0
348,348,0,757,890,0,0,0,727,1201,63,3,下位,0,0,0
757,757,0,1296,1467,1,0,0,0,0,1,0,下位,0,0,0
374,374,0,292,217,1,0,0,0,0,1,0,下位,0,0,0
212,212,0,292,217,1,1,374,0,0,1,0,下位,0,374,443
247,247,0,544,417,1,2,586,0,0,1,0,下位,0,212,443
449,449,0,287,203,0,0,0,833,643,225,1,下位,0,0,0
349,349,0,1983,2860,0,1,449,833,643,225,1,下位,0,449,429
260,260,0,2553,2610,1,0,0,0,0,1,0,下位,0,0,0
448,448,0,472,537,1,0,0,0,0,1,0,下位,0,0,0
286,286,0,526,637,1,0,0,0,0,1,0,下位,0,0,0
454,454,0,281,185,1,0,0,0,0,1,0,下位,0,0,0
522,522,0,868,927,1,1,454,0,0,1,0,下位,0,454,411
204,204,0,286,201,1,0,0,0,0,1,0,下位,0,0,0
492,492,0,278,177,1,1,204,0,0,1,0,下位,0,204,427
259,259,0,1451,1187,1,2,696,0,0,1,0,下位,0,492,403
816,816,0,4085,6206,0,0,0,955,1413,747,8,下位,0,0,0
565,565,0,281,185,1,0,0,0,0,1,0,下位,0,0,0
389,389,0,284,193,1,1,565,0,0,1,0,下位,0,565,411
375,375,0,624,970,1,2,954,0,0,1,0,下位,0,389,419
319,319,0,754,686,1,0,0,0,0,1,0,下位,0,0,0
149,149,0,2748,3637,1,0,0,0,0,1,0,下位,0,0,0
242,242,0,821,1286,0,0,0,149,3863,1522,17,下位,0,0,0
833,833,0,905,906,1,0,0,0,0,1,0,下位,0,0,0
248,248,0,292,217,0,0,0,833,1132,-173,4,下位,0,0,0
240,240,0,281,185,0,1,248,833,1132,-173,4,下位,0,248,443
259,259,0,280,182,0,2,488,833,1132,-173,4,下位,0,240,411
354,354,0,284,193,0,3,747,833,1132,-173,4,下位,0,259,408
244,244,0,286,201,0,4,1101,833,1132,-173,4,下位,0,354,419
451,451,0,281,185,0,5,1345,833,1132,-173,4,下位,0,244,427
474,474,0,549,464,0,6,1796,833,1132,-173,4,下位,0,451,411
631,631,0,281,185,0,0,0,2270,690,-522,1,下位,0,0,0
232,232,0,278,177,0,1,631,2270,690,-522,1,下位,0,631,411
243,243,0,286,201,0,2,863,2270,690,-522,1,下位,0,232,403
230,230,0,281,185,0,3,1106,2270,690,-522,1,下位,0,243,427
232,232,0,764,716,0,4,1336,2270,690,-522,1,下位,0,230,411
465,465,0,281,185,1,0,0,0,0,1,0,下位,0,0,0
405,405,0,281,185,1,1,465,0,0,1,0,下位,0,465,411
837,837,0,294,225,1,2,870,0,0,1,0,下位,0,405,411
824,824,0,2463,4336,1,3,1707,0,0,1,0,下位,0,837,451
254,254,0,292,217,0,0,0,2531,4562,1868,16,下位,0,0,0
405,405,0,292,217,0,1,254,2531,4562,1868,16,下位,0,254,443
1098,1098,0,480,561,0,2,659,2531,4562,1868,16,下位,0,405,443
829,829,0,469,516,1,0,0,0,0,1,0,下位,0,0,0
631,631,0,286,201,0,0,0,829,742,-556,1,下位,0,0,0
194,194,0,431,633,0,1,631,829,742,-556,1,下位,0,631,427
453,453,0,1694,1640,0,0,0,825,859,-563,1,下位,0,0,0
844,844,0,479,537,1,0,0,0,0,1,0,下位,0,0,0
554,554,0,4336,5737,0,0,0,844,763,-559,1,下位,0,0,0
841,841,0,285,197,1,0,0,0,0,1,0,下位,0,0,0
575,575,0,527,625,1,1,841,0,0,1,0,下位,0,841,423
724,724,0,1315,1676,1,0,0,0,0,1,0,下位,0,0,0
228,228,0,284,193,0,0,0,724,1902,768,9,下位,0,0,0
658,658,0,527,449,0,1,228,724,1902,768,9,下位,0,228,419
240,240,0,2084,2792,1,0,0,0,0,1,0,下位,0,0,0
664,664,0,286,201,0,0,0,240,3018,329,12,下位,0,0,0
654,654,0,281,185,0,1,664,240,3018,329,12,下位,0,664,427
626,626,0,284,193,0,2,1318,240,3018,329,12,下位,0,654,411
439,439,0,289,209,0,3,1944,240,3018,329,12,下位,0,626,419
456,456,0,281,185,0,4,2383,240,3018,329,12,下位,0,439,435
603,603,0,1128,1206,0,5,2839,240,3018,329,12,下位,0,456,411
407,407,0,294,225,1,0,0,0,0,1,0,下位,0,0,0
165,165,0,284,193,1,1,407,0,0,1,0,下位,0,407,451
241,241,0,278,177,1,2,572,0,0,1,0,下位,0,165,419
439,439,0,281,185,1,3,813,0,0,1,0,下位,0,241,403
239,239,0,280,183,1,4,1252,0,0,1,0,下位,0,439,411
261,261,0,284,193,1,5,1491,0,0,1,0,下位,0,239,409
444,444,0,522,517,1,6,1752,0,0,1,0,下位,0,261,419
479,479,0,281,185,0,0,0,2196,743,-187,1,下位,0,0,0
869,869,0,428,625,0,1,479,2196,743,-187,1,下位,0,479,411
514,514,0,284,193,0,0,0,1348,851,-1038,1,下位,0,0,0
276,276,0,289,209,0,1,514,1348,851,-1038,1,下位,0,514,419
255,255,0,1023,957,0,2,790,1348,851,-1038,1,下位,0,276,435
632,632,0,533,452,0,0,0,1045,1183,-640,5,下位,0,0,0
833,833,0,1803,1842,1,0,0,0,0,1,0,下位,0,0,0
765,765,0,286,201,0,0,0,833,2068,763,13,下位,0,0,0
204,204,0,286,201,0,1,765,833,2068,763,13,下位,0,765,427
254,254,0,294,225,0,2,969,833,2068,763,13,下位,0,204,427
644,644,0,294,225,0,3,1223,833,2068,763,13,下位,0,254,451
231,231,0,286,201,0,4,1867,833,2068,763,13,下位,0,644,451
254,254,0,286,201,0,5,2098,833,2068,763,13,下位,0,231,427
477,477,0,289,209,0,6,2352,833,2068,763,13,下位,0,254,427
1079,1079,0,545,483,0,7,2829,833,2068,763,13,下位,0,477,435
1034,1034,0,477,549,0,0,0,3908,709,-1608,1,下位,0,0,0
546,546,0,6249,7434,1,0,0,0,0,1,0,下位,0,0,0
602,602,0,1442,1525,0,0,0,546,7660,2300,45,下位,0,0,0
258,258,0,529,447,1,0,0,0,0,1,0,下位,0,0,0
665,665,0,292,217,0,0,0,258,673,270,1,下位,0,0,0
241,241,0,286,201,0,1,665,258,673,270,1,下位,0,665,443
259,259,0,506,445,0,2,906,258,673,270,1,下位,0,241,427
238,238,0,2196,2549,0,0,0,1165,671,-15,1,下位,0,0,0
362,362,0,1483,1209,1,0,0,0,0,1,0,下位,0,0,0
263,263,0,2266,2218,1,0,0,0,0,1,0,下位,0,0,0
442,442,0,289,209,0,0,0,263,2444,2034,12,下位,0,0,0
249,249,0,1304,1339,0,1,442,263,2444,2034,12,下位,0,442,435
855,855,0,1544,2407,1,0,0,0,0,1,0,下位,0,0,0
865,865,0,292,217,1,0,0,0,0,1,0,下位,0,0,0
337,337,0,284,193,1,1,865,0,0,1,0,下位,0,865,443
638,638,0,285,198,1,2,1202,0,0,1,0,下位,0,337,419
238,238,0,280,181,1,3,1840,0,0,1,0,下位,0,638,424
835,835,0,537,437,1,4,2078,0,0,1,0,下位,0,238,407
21,21,0,4690,6679,1,0,0,0,0,1,0,下位,0,0,0
252,252,0,278,177,0,0,0,21,6905,2261,38,下位,0,0,0
442,442,0,280,183,0,1,252,21,6905,2261,38,下位,0,252,403
252,252,0,846,848,0,2,694,21,6905,2261,38,下位,0,442,409
402,402,0,286,201,1,0,0,0,0,1,0,下位,0,0,0
1031,1031,0,484,529,1,1,402,0,0,1,0,下位,0,402,427
450,450,0,2827,3292,0,0,0,1433,755,-1063,1,下位,0,0,0
153,153,0,284,193,1,0,0,0,0,1,0,下位,0,0,0
633,633,0,2039,3224,1,1,153,0,0,1,0,下位,0,153,419
252,252,0,2799,3933,0,0,0,786,3450,452,11,下位,0,0,0
833,833,0,727,762,0,0,0,252,4159,1662,23,下位,0,0,0
114,114,0,278,177,1,0,0,0,0,1,0,下位,0,0,0
246,246,0,284,193,1,1,114,0,0,1,0,下位,0,114,403
473,473,0,283,191,1,2,360,0,0,1,0,下位,0,246,419
645,645,0,284,193,1,3,833,0,0,1,0,下位,0,473,417
200,200,0,286,201,1,4,1478,0,0,1,0,下位,0,645,419
555,555,0,625,951,1,5,1678,0,0,1,0,下位,0,200,427
643,643,0,449,606,1,0,0,0,0,1,0,下位,0,0,0
285,285,0,1041,1118,0,0,0,643,832,-175,1,下位,0,0,0
449,449,0,986,964,1,0,0,0,0,1,0,下位,0,0,0
92,92,0,279,179,1,0,0,0,0,1,0,下位,0,0,0
567,567,0,286,199,1,1,92,0,0,1,0,下位,0,92,405
423,423,0,270,151,1,2,659,0,0,1,0,下位,0,567,425
498,498,0,286,201,1,3,1082,0,0,1,0,下位,0,423,377
1134,1134,0,576,596,1,4,1580,0,0,1,0,下位,0,498,427
314,314,0,286,201,1,0,0,0,0,1,0,下位,0,0,0
386,386,0,289,209,1,1,314,0,0,1,0,下位,0,314,427
262,262,0,3081,4226,1,2,700,0,0,1,0,下位,0,386,435
945,945,0,810,891,0,0,0,962,4452,1795,24,下位,0,0,0
263,263,0,2559,3113,0,0,0,945,1117,1431,3,下位,0,0,0
270,270,0,286,201,1,0,0,0,0,1,0,下位,0,0,0
243,243,0,284,193,1,1,270,0,0,1,0,下位,0,270,427
238,238,0,555,442,1,2,513,0,0,1,0,下位,0,243,419
277,277,0,281,185,0,0,0,751,668,338,1,下位,0,0,0
433,433,0,288,206,0,1,277,751,668,338,1,下位,0,277,411
184,184,0,290,211,0,2,710,751,668,338,1,下位,0,433,432
677,677,0,274,165,0,3,894,751,668,338,1,下位,0,184,437
1233,1233,0,425,617,0,4,1571,751,668,338,1,下位,0,677,391
263,263,0,2214,2957,0,0,0,2804,843,-1543,1,下位,0,0,0
248,248,0,289,209,0,0,0,263,3183,1228,18,下位,0,0,0
270,270,0,428,546,0,1,248,263,3183,1228,18,下位,0,248,435
838,838,0,1244,1262,1,0,0,0,0,1,0,下位,0,0,0
838,838,0,288,206,1,0,0,0,0,1,0,下位,0,0,0
261,261,0,284,193,1,1,838,0,0,1,0,下位,0,838,432
398,398,0,289,209,1,2,1099,0,0,1,0,下位,0,261,419
391,391,0,3294,4147,1,3,1497,0,0,1,0,下位,0,398,435
832,832,0,896,625,1,0,0,0,0,1,0,下位,0,0,0
727,727,0,766,686,0,0,0,832,851,-452,5,下位,0,0,0
234,234,0,431,633,0,0,0,727,912,-679,2,下位,0,0,0
633,633,0,286,201,0,0,0,234,859,-187,1,下位,0,0,0
456,456,0,508,528,0,1,633,234,859,-187,1,下位,0,633,427
266,266,0,3395,4287,0,0,0,1089,754,-713,1,下位,0,0,0
253,253,0,585,532,1,0,0,0,0,1,0,下位,0,0,0
436,436,0,284,193,0,0,0,253,758,362,2,下位,0,0,0
457,457,0,278,177,0,1,436,253,758,362,2,下位,0,436,419
714,714,0,286,201,0,2,893,253,758,362,2,下位,0,457,403
259,259,0,284,193,0,3,1607,253,758,362,2,下位,0,714,427
225,225,0,284,193,0,4,1866,253,758,362,2,下位,0,259,419
256,256,0,490,569,0,5,2091,253,758,362,2,下位,0,225,419
614,614,0,7307,11408,1,0,0,0,0,1,0,下位,0,0,0
211,211,0,286,201,0,0,0,614,11634,1589,61,下位,0,0,0
263,263,0,663,822,0,1,211,614,11634,1589,61,下位,0,211,427
281,281,0,985,980,1,0,0,0,0,1,0,下位,0,0,0
239,239,0,2039,2929,0,0,0,281,1206,767,5,下位,0,0,0
264,264,0,286,201,0,0,0,239,3155,1221,12,下位,0,0,0
240,240,0,809,865,0,1,264,239,3155,1221,12,下位,0,264,427
274,274,0,292,217,0,0,0,504,1091,1949,5,下位,0,0,0
921,921,0,633,730,0,1,274,504,1091,1949,5,下位,0,274,443
442,442,0,973,989,1,0,0,0,0,1,0,下位,0,0,0
266,266,0,284,193,0,0,0,442,1215,523,5,下位,0,0,0
439,439,0,289,209,0,1,266,442,1215,523,5,下位,0,266,419
242,242,0,541,427,0,2,705,442,1215,523,5,下位,0,439,435
859,859,0,281,185,1,0,0,0,0,1,0,下位,0,0,0
239,239,0,289,209,1,1,859,0,0,1,0,下位,0,859,411
657,657,0,284,193,1,2,1098,0,0,1,0,下位,0,239,435
453,453,0,3817,4494,1,3,1755,0,0,1,0,下位,0,657,419
462,462,0,542,625,1,0,0,0,0,1,0,下位,0,0,0
559,559,0,723,800,0,0,0,462,851,128,2,下位,0,0,0
849,849,0,284,193,0,0,0,559,1026,278,4,下位,0,0,0
472,472,0,790,953,0,1,849,559,1026,278,4,下位,0,849,419
832,832,0,543,649,1,0,0,0,0,1,0,下位,0,0,0
652,652,0,1160,1324,0,0,0,832,875,-428,2,下位,0,0,0
892,892,0,2256,2255,1,0,0,0,0,1,0,下位,0,0,0
446,446,0,281,185,0,0,0,892,2481,1084,17,下位,0,0,0
243,243,0,278,177,0,1,446,892,2481,1084,17,下位,0,446,411
246,246,0,297,233,0,2,689,892,2481,1084,17,下位,0,243,403
245,245,0,515,457,0,3,935,892,2481,1084,17,下位,0,246,459
826,826,0,284,193,1,0,0,0,0,1,0,下位,0,0,0
252,252,0,615,674,1,1,826,0,0,1,0,下位,0,826,419
581,581,0,286,201,1,0,0,0,0,1,0,下位,0,0,0
263,263,0,302,249,1,1,581,0,0,1,0,下位,0,581,427
659,659,0,287,202,1,2,844,0,0,1,0,下位,0,263,475
249,249,0,289,209,1,3,1503,0,0,1,0,下位,0,659,428
278,278,0,284,193,1,4,1752,0,0,1,0,下位,0,249,435
845,845,0,583,585,1,5,2030,0,0,1,0,下位,0,278,419
846,846,0,1694,2174,1,0,0,0,0,1,0,下位,0,0,0
309,309,0,738,942,0,0,0,846,2400,1075,10,下位,0,0,0
263,263,0,286,201,0,0,0,309,1168,1759,3,下位,0,0,0
239,239,0,286,201,0,1,263,309,1168,1759,3,下位,0,263,427
1040,1040,0,1069,1370,0,2,502,309,1168,1759,3,下位,0,239,427
237,237,0,508,468,0,0,0,1542,1596,1792,5,下位,0,0,0
53,53,0,375,249,1,0,0,0,0,1,0,下位,0,0,0
255,255,0,515,468,0,0,0,53,475,393,1,下位,0,0,0
1061,1061,0,1898,2370,0,0,0,255,694,687,1,下位,0,0,0
547,547,0,294,225,1,0,0,0,0,1,0,下位,0,0,0
673,673,0,1023,1181,1,1,547,0,0,1,0,下位,0,547,451
1124,1124,0,578,617,0,0,0,1220,1407,-53,6,下位,0,0,0
230,230,0,470,524,1,0,0,0,0,1,0,下位,0,0,0
1048,1048,0,281,185,0,0,0,230,750,390,1,下位,0,0,0
828,828,0,277,174,0,1,1048,230,750,390,1,下位,0,1048,411
258,258,0,435,404,0,2,1876,230,750,390,1,下位,0,828,400
836,836,0,284,193,1,0,0,0,0,1,0,下位,0,0,0
266,266,0,289,209,1,1,836,0,0,1,0,下位,0,836,419
252,252,0,289,209,1,2,1102,0,0,1,0,下位,0,266,435
654,654,0,278,177,1,3,1354,0,0,1,0,下位,0,252,435
835,835,0,292,217,1,4,2008,0,0,1,0,下位,0,654,403
439,439,0,427,625,1,5,2843,0,0,1,0,下位,0,835,443
261,261,0,286,201,1,0,0,0,0,1,0,下位,0,0,0
246,246,0,292,217,1,1,261,0,0,1,0,下位,0,261,427
150,150,0,281,185,1,2,507,0,0,1,0,下位,0,246,443
836,836,0,417,593,1,3,657,0,0,1,0,下位,0,150,411
844,844,0,691,856,1,0,0,0,0,1,0,下位,0,0,0
744,744,0,781,901,1,0,0,0,0,1,0,下位,0,0,0
433,433,0,289,209,0,0,0,744,1127,-38,3,下位,0,0,0
171,171,0,292,217,0,1,433,744,1127,-38,3,下位,0,433,435
1221,1221,0,643,480,0,2,604,744,1127,-38,3,下位,0,171,443
275,275,0,1795,3622,0,0,0,1825,706,-1315,2,下位,0,0,0
200,200,0,1177,1299,1,0,0,0,0,1,0,下位,0,0,0
838,838,0,2582,2883,1,0,0,0,0,1,0,下位,0,0,0
846,846,0,736,771,1,0,0,0,0,1,0,下位,0,0,0
182,182,0,281,185,1,0,0,0,0,1,0,下位,0,0,0
244,244,0,297,233,1,1,182,0,0,1,0,下位,0,182,411
418,418,0,286,201,1,2,426,0,0,1,0,下位,0,244,459
270,270,0,286,201,1,3,844,0,0,1,0,下位,0,418,427
1211,1211,0,1046,2234,1,4,1114,0,0,1,0,下位,0,270,427
822,822,0,281,185,1,0,0,0,0,1,0,下位,0,0,0
251,251,0,286,201,1,1,822,0,0,1,0,下位,0,822,411
592,592,0,289,209,1,2,1073,0,0,1,0,下位,0,251,427
1038,1038,0,284,193,1,3,1665,0,0,1,0,下位,0,592,435
262,262,0,576,609,1,4,2703,0,0,1,0,下位,0,1038,419
255,255,0,289,209,1,0,0,0,0,1,0,下位,0,0,0
244,244,0,286,201,1,1,255,0,0,1,0,下位,0,255,435
254,254,0,284,193,1,2,499,0,0,1,0,下位,0,244,427
243,243,0,755,763,1,3,753,0,0,1,0,下位,0,254,419
505,505,0,688,848,1,0,0,0,0,1,0,下位,0,0,0
515,515,0,717,803,0,0,0,505,1074,283,2,下位,0,0,0
440,440,0,284,193,0,0,0,515,1029,505,2,下位,0,0,0
353,353,0,1303,1678,0,1,440,515,1029,505,2,下位,0,440,419
248,248,0,488,486,1,0,0,0,0,1,0,下位,0,0,0
