REGゲーム数,当該REGゲーム数,REG枚数,ATゲーム数,AT枚数,朝イチ,スルー回数,AT間ゲーム数,前回AT当選ゲーム数,前回AT獲得枚数,前回差枚数,前回連荘数,前回種別,機種別条件,前回REG当選ゲーム数,前回REG獲得枚数
500,500,0,2324,5617,1,0,0,0,0,1,0,下位,0,0,0
510,510,0,523,888,0,0,0,500,5678,263,29,下位,0,0,0
234,234,0,112,156,1,0,0,0,0,1,0,下位,0,0,0
200,200,0,726,1306,1,1,234,0,0,1,0,下位,0,234,217
106,106,0,68,24,1,0,0,0,0,1,0,下位,0,0,0
267,267,0,270,490,1,1,106,0,0,1,0,下位,0,106,85
325,325,0,68,23,0,0,0,373,551,71,3,下位,0,0,0
363,363,0,70,29,0,1,325,373,551,71,3,下位,0,325,84
370,370,0,113,159,0,2,688,373,551,71,3,下位,0,363,90
228,228,0,112,156,0,3,1058,373,551,71,3,下位,0,370,220
100,100,0,114,162,0,4,1286,373,551,71,3,下位,0,228,217
185,185,0,490,1010,0,5,1386,373,551,71,3,下位,0,100,223
191,191,0,251,402,0,0,0,1571,1071,-404,5,下位,0,0,0
33,33,0,112,156,1,0,0,0,0,1,0,下位,0,0,0
624,624,0,68,22,1,1,33,0,0,1,0,下位,0,33,217
69,69,0,113,159,1,2,657,0,0,1,0,下位,0,624,83
808,808,0,111,152,1,3,726,0,0,1,0,下位,0,69,220
535,535,0,68,23,1,4,1534,0,0,1,0,下位,0,808,213
215,215,0,476,958,1,5,2069,0,0,1,0,下位,0,535,84
49,49,0,112,156,1,0,0,0,0,1,0,下位,0,0,0
760,760,0,113,157,1,1,49,0,0,1,0,下位,0,49,217
118,118,0,112,155,1,2,809,0,0,1,0,下位,0,760,218
115,115,0,70,29,1,3,927,0,0,1,0,下位,0,118,216
64,64,0,112,154,1,4,1042,0,0,1,0,下位,0,115,90
70,70,0,112,154,1,5,1106,0,0,1,0,下位,0,64,215
99,99,0,192,353,1,6,1176,0,0,1,0,下位,0,70,215
70,70,0,268,509,1,0,0,0,0,1,0,下位,0,0,0
356,356,0,113,159,0,0,0,70,570,465,3,下位,0,0,0
107,107,0,432,903,0,1,356,70,570,465,3,下位,0,356,220
95,95,0,187,364,1,0,0,0,0,1,0,下位,0,0,0
67,67,0,181,176,0,0,0,95,425,282,1,下位,0,0,0
69,69,0,838,1876,1,0,0,0,0,1,0,下位,0,0,0
25,25,0,69,26,1,0,0,0,0,1,0,下位,0,0,0
231,231,0,109,145,1,1,25,0,0,1,0,下位,0,25,87
192,192,0,716,1494,1,2,256,0,0,1,0,下位,0,231,206
445,445,0,224,436,0,0,0,448,1555,1170,10,下位,0,0,0
153,153,0,111,151,0,0,0,445,497,993,2,下位,0,0,0
291,291,0,68,24,0,1,153,445,497,993,2,下位,0,153,212
89,89,0,68,24,0,2,444,445,497,993,2,下位,0,291,85
187,187,0,68,24,0,3,533,445,497,993,2,下位,0,89,85
303,303,0,68,24,0,4,720,445,497,993,2,下位,0,187,85
209,209,0,111,152,0,5,1023,445,497,993,2,下位,0,303,85
664,664,0,111,152,0,6,1232,445,497,993,2,下位,0,209,213
416,416,0,145,229,0,7,1896,445,497,993,2,下位,0,664,213
29,29,0,305,608,1,0,0,0,0,1,0,下位,0,0,0
63,63,0,68,24,0,0,0,29,669,626,3,下位,0,0,0
149,149,0,69,26,0,1,63,29,669,626,3,下位,0,63,85
92,92,0,553,1120,0,2,212,29,669,626,3,下位,0,149,87
363,363,0,69,27,0,0,0,304,1181,1519,7,下位,0,0,0
81,81,0,112,155,0,1,363,304,1181,1519,7,下位,0,363,88
511,511,0,304,574,0,2,444,304,1181,1519,7,下位,0,81,216
124,124,0,112,156,1,0,0,0,0,1,0,下位,0,0,0
575,575,0,424,781,1,1,124,0,0,1,0,下位,0,124,217
362,362,0,111,152,0,0,0,699,842,1,4,下位,0,0,0
737,737,0,111,152,0,1,362,699,842,1,4,下位,0,362,213
64,64,0,355,691,0,2,1099,699,842,1,4,下位,0,737,213
501,501,0,112,155,1,0,0,0,0,1,0,下位,0,0,0
70,70,0,1835,3858,1,1,501,0,0,1,0,下位,0,501,216
172,172,0,68,24,0,0,0,571,3919,952,23,下位,0,0,0
159,159,0,112,154,0,1,172,571,3919,952,23,下位,0,172,85
413,413,0,112,155,0,2,331,571,3919,952,23,下位,0,159,215
381,381,0,68,22,0,3,744,571,3919,952,23,下位,0,413,216
390,390,0,68,24,0,4,1125,571,3919,952,23,下位,0,381,83
410,410,0,114,160,0,5,1515,571,3919,952,23,下位,0,390,85
279,279,0,69,26,0,6,1925,571,3919,952,23,下位,0,410,221
106,106,0,303,450,0,7,2204,571,3919,952,23,下位,0,279,87
36,36,0,111,153,1,0,0,0,0,1,0,下位,0,0,0
44,44,0,111,152,1,1,36,0,0,1,0,下位,0,36,214
57,57,0,112,154,1,2,80,0,0,1,0,下位,0,44,213
495,495,0,111,153,1,3,137,0,0,1,0,下位,0,57,215
90,90,0,486,880,1,4,632,0,0,1,0,下位,0,495,214
423,423,0,70,30,0,0,0,722,941,704,7,下位,0,0,0
84,84,0,1828,4172,0,1,423,722,941,704,7,下位,0,423,91
509,509,0,68,22,0,0,0,507,4233,1881,24,下位,0,0,0
322,322,0,657,1285,0,1,509,507,4233,1881,24,下位,0,509,83
240,240,0,69,25,1,0,0,0,0,1,0,下位,0,0,0
248,248,0,112,155,1,1,240,0,0,1,0,下位,0,240,86
679,679,0,69,26,1,2,488,0,0,1,0,下位,0,248,216
537,537,0,363,683,1,3,1167,0,0,1,0,下位,0,679,87
47,47,0,111,152,1,0,0,0,0,1,0,下位,0,0,0
287,287,0,113,157,1,1,47,0,0,1,0,下位,0,47,213
430,430,0,114,160,1,2,334,0,0,1,0,下位,0,287,218
488,488,0,630,1182,1,3,764,0,0,1,0,下位,0,430,221
258,258,0,958,1997,0,0,0,1252,1243,-1,8,下位,0,0,0
500,500,0,110,149,1,0,0,0,0,1,0,下位,0,0,0
391,391,0,109,145,1,1,500,0,0,1,0,下位,0,500,210
348,348,0,68,23,1,2,891,0,0,1,0,下位,0,391,206
141,141,0,110,149,1,3,1239,0,0,1,0,下位,0,348,84
83,83,0,108,144,1,4,1380,0,0,1,0,下位,0,141,210
202,202,0,113,157,1,5,1463,0,0,1,0,下位,0,83,205
118,118,0,1241,2659,1,6,1665,0,0,1,0,下位,0,202,218
142,142,0,70,30,0,0,0,1783,2720,1152,17,下位,0,0,0
80,80,0,443,845,0,1,142,1783,2720,1152,17,下位,0,142,91
65,65,0,110,149,0,0,0,222,906,1813,5,下位,0,0,0
194,194,0,811,1739,0,1,65,222,906,1813,5,下位,0,65,210
286,286,0,111,151,0,0,0,259,1800,1220,9,下位,0,0,0
513,513,0,109,147,0,1,286,259,1800,1220,9,下位,0,286,212
308,308,0,68,22,0,2,799,259,1800,1220,9,下位,0,513,208
595,595,0,107,140,0,3,1107,259,1800,1220,9,下位,0,308,83
474,474,0,68,23,0,4,1702,259,1800,1220,9,下位,0,595,201
67,67,0,514,1237,0,5,2176,259,1800,1220,9,下位,0,474,84
377,377,0,111,152,1,0,0,0,0,1,0,下位,0,0,0
274,274,0,108,142,1,1,377,0,0,1,0,下位,0,377,213
454,454,0,111,152,1,2,651,0,0,1,0,下位,0,274,203
403,403,0,107,139,1,3,1105,0,0,1,0,下位,0,454,213
139,139,0,109,146,1,4,1508,0,0,1,0,下位,0,403,200
45,45,0,429,845,1,5,1647,0,0,1,0,下位,0,139,207
133,133,0,68,23,0,0,0,1692,906,-621,5,下位,0,0,0
397,397,0,107,140,0,1,133,1692,906,-621,5,下位,0,133,84
67,67,0,107,141,0,2,530,1692,906,-621,5,下位,0,397,201
139,139,0,143,221,0,3,597,1692,906,-621,5,下位,0,67,202
179,179,0,108,144,1,0,0,0,0,1,0,下位,0,0,0
768,768,0,70,28,1,1,179,0,0,1,0,下位,0,179,205
51,51,0,812,1660,1,2,947,0,0,1,0,下位,0,768,89
207,207,0,68,22,0,0,0,998,1721,504,13,下位,0,0,0
810,810,0,108,142,0,1,207,998,1721,504,13,下位,0,207,83
511,511,0,68,24,0,2,1017,998,1721,504,13,下位,0,810,203
140,140,0,420,755,0,3,1528,998,1721,504,13,下位,0,511,85
460,460,0,68,23,1,0,0,0,0,1,0,下位,0,0,0
120,120,0,112,155,1,1,460,0,0,1,0,下位,0,460,84
809,809,0,114,160,1,2,580,0,0,1,0,下位,0,120,216
378,378,0,66,18,1,3,1389,0,0,1,0,下位,0,809,221
319,319,0,113,157,1,4,1767,0,0,1,0,下位,0,378,79
178,178,0,112,156,1,5,2086,0,0,1,0,下位,0,319,218
700,700,0,114,160,1,6,2264,0,0,1,0,下位,0,178,217
98,98,0,65,14,1,7,2964,0,0,1,0,下位,0,700,221
568,568,0,369,658,1,8,3062,0,0,1,0,下位,0,98,75
143,143,0,455,871,0,0,0,3630,719,-3450,4,下位,0,0,0
272,272,0,918,1733,0,0,0,143,932,-2735,5,下位,0,0,0
135,135,0,111,153,1,0,0,0,0,1,0,下位,0,0,0
114,114,0,68,23,1,1,135,0,0,1,0,下位,0,135,214
630,630,0,111,152,1,2,249,0,0,1,0,下位,0,114,84
66,66,0,68,22,1,3,879,0,0,1,0,下位,0,630,213
299,299,0,459,866,1,4,945,0,0,1,0,下位,0,66,83
511,511,0,660,1399,0,0,0,1244,927,-364,5,下位,0,0,0
500,500,0,111,152,1,0,0,0,0,1,0,下位,0,0,0
358,358,0,111,152,1,1,500,0,0,1,0,下位,0,500,213
136,136,0,112,156,1,2,858,0,0,1,0,下位,0,358,213
754,754,0,112,156,1,3,994,0,0,1,0,下位,0,136,217
209,209,0,555,1156,1,4,1748,0,0,1,0,下位,0,754,217
500,500,0,70,29,1,0,0,0,0,1,0,下位,0,0,0
405,405,0,111,152,1,1,500,0,0,1,0,下位,0,500,90
265,265,0,68,23,1,2,905,0,0,1,0,下位,0,405,213
355,355,0,112,155,1,3,1170,0,0,1,0,下位,0,265,84
64,64,0,67,19,1,4,1525,0,0,1,0,下位,0,355,216
807,807,0,68,22,1,5,1589,0,0,1,0,下位,0,64,80
87,87,0,68,22,1,6,2396,0,0,1,0,下位,0,807,83
233,233,0,111,152,1,7,2483,0,0,1,0,下位,0,87,83
59,59,0,551,1240,1,8,2716,0,0,1,0,下位,0,233,213
509,509,0,112,156,0,0,0,2775,1301,-1842,6,下位,0,0,0
624,624,0,68,24,0,1,509,2775,1301,-1842,6,下位,0,509,217
180,180,0,111,152,0,2,1133,2775,1301,-1842,6,下位,0,624,85
209,209,0,441,953,0,3,1313,2775,1301,-1842,6,下位,0,180,213
30,30,0,1703,3867,1,0,0,0,0,1,0,下位,0,0,0
237,237,0,1174,2588,0,0,0,30,3928,1674,22,下位,0,0,0
494,494,0,114,160,0,0,0,237,2649,1635,13,下位,0,0,0
198,198,0,111,152,0,1,494,237,2649,1635,13,下位,0,494,221
91,91,0,111,152,0,2,692,237,2649,1635,13,下位,0,198,213
138,138,0,113,159,0,3,783,237,2649,1635,13,下位,0,91,213
247,247,0,68,24,0,4,921,237,2649,1635,13,下位,0,138,220
190,190,0,560,1125,0,5,1168,237,2649,1635,13,下位,0,247,85
76,76,0,241,473,1,0,0,0,0,1,0,下位,0,0,0
508,508,0,5752,14182,0,0,0,76,534,420,3,下位,0,0,0
266,266,0,334,605,1,0,0,0,0,1,0,下位,0,0,0
509,509,0,114,160,0,0,0,266,666,264,3,下位,0,0,0
107,107,0,274,560,0,1,509,266,666,264,3,下位,0,509,221
416,416,0,113,157,0,0,0,616,621,173,2,下位,0,0,0
55,55,0,68,23,0,1,416,616,621,173,2,下位,0,416,218
44,44,0,159,207,0,2,471,616,621,173,2,下位,0,55,84
506,506,0,69,25,0,0,0,515,268,-37,1,下位,0,0,0
201,201,0,105,135,0,1,506,515,268,-37,1,下位,0,506,86
162,162,0,107,141,0,2,707,515,268,-37,1,下位,0,201,196
179,179,0,112,155,0,3,869,515,268,-37,1,下位,0,162,202
239,239,0,112,156,0,4,1048,515,268,-37,1,下位,0,179,216
627,627,0,112,154,0,5,1287,515,268,-37,1,下位,0,239,217
377,377,0,68,23,0,6,1914,515,268,-37,1,下位,0,627,215
100,100,0,112,156,0,7,2291,515,268,-37,1,下位,0,377,84
690,690,0,70,28,0,8,2391,515,268,-37,1,下位,0,100,217
91,91,0,283,552,0,9,3081,515,268,-37,1,下位,0,690,89
306,306,0,67,20,1,0,0,0,0,1,0,下位,0,0,0
120,120,0,112,155,1,1,306,0,0,1,0,下位,0,306,81
193,193,0,112,154,1,2,426,0,0,1,0,下位,0,120,216
318,318,0,69,25,1,3,619,0,0,1,0,下位,0,193,215
162,162,0,68,22,1,4,937,0,0,1,0,下位,0,318,86
431,431,0,68,23,1,5,1099,0,0,1,0,下位,0,162,83
404,404,0,68,24,1,6,1530,0,0,1,0,下位,0,431,84
82,82,0,67,20,1,7,1934,0,0,1,0,下位,0,404,85
189,189,0,112,156,1,8,2016,0,0,1,0,下位,0,82,81
113,113,0,724,1432,1,9,2205,0,0,1,0,下位,0,189,217
143,143,0,112,156,1,0,0,0,0,1,0,下位,0,0,0
414,414,0,112,155,1,1,143,0,0,1,0,下位,0,143,217
210,210,0,70,29,1,2,557,0,0,1,0,下位,0,414,216
362,362,0,111,151,1,3,767,0,0,1,0,下位,0,210,90
557,557,0,111,152,1,4,1129,0,0,1,0,下位,0,362,212
288,288,0,439,893,1,5,1686,0,0,1,0,下位,0,557,213
159,159,0,112,156,0,0,0,1974,954,-1087,5,下位,0,0,0
401,401,0,172,186,0,1,159,1974,954,-1087,5,下位,0,159,217
96,96,0,110,149,1,0,0,0,0,1,0,下位,0,0,0
81,81,0,112,154,1,1,96,0,0,1,0,下位,0,96,210
162,162,0,69,26,1,2,177,0,0,1,0,下位,0,81,215
204,204,0,112,156,1,3,339,0,0,1,0,下位,0,162,87
705,705,0,445,746,1,4,543,0,0,1,0,下位,0,204,217
509,509,0,69,26,0,0,0,1248,807,-352,4,下位,0,0,0
243,243,0,68,24,0,1,509,1248,807,-352,4,下位,0,509,87
379,379,0,112,154,0,2,752,1248,807,-352,4,下位,0,243,85
452,452,0,110,150,0,3,1131,1248,807,-352,4,下位,0,379,215
808,808,0,66,16,0,4,1583,1248,807,-352,4,下位,0,452,211
129,129,0,751,1591,0,5,2391,1248,807,-352,4,下位,0,808,77
501,501,0,69,27,1,0,0,0,0,1,0,下位,0,0,0
638,638,0,112,154,1,1,501,0,0,1,0,下位,0,501,88
138,138,0,112,155,1,2,1139,0,0,1,0,下位,0,638,215
370,370,0,68,24,1,3,1277,0,0,1,0,下位,0,138,216
53,53,0,195,363,1,4,1647,0,0,1,0,下位,0,370,85
335,335,0,112,156,0,0,0,1700,424,-1547,1,下位,0,0,0
96,96,0,68,22,0,1,335,1700,424,-1547,1,下位,0,335,217
209,209,0,339,718,0,2,431,1700,424,-1547,1,下位,0,96,83
83,83,0,450,1009,0,0,0,640,779,-1438,4,下位,0,0,0
293,293,0,69,26,0,0,0,83,1070,-494,6,下位,0,0,0
160,160,0,624,1391,0,1,293,83,1070,-494,6,下位,0,293,87
289,289,0,111,153,1,0,0,0,0,1,0,下位,0,0,0
276,276,0,68,22,1,1,289,0,0,1,0,下位,0,289,214
232,232,0,70,29,1,2,565,0,0,1,0,下位,0,276,83
80,80,0,68,22,1,3,797,0,0,1,0,下位,0,232,90
100,100,0,111,152,1,4,877,0,0,1,0,下位,0,80,83
571,571,0,384,831,1,5,977,0,0,1,0,下位,0,100,213
288,288,0,111,152,1,0,0,0,0,1,0,下位,0,0,0
97,97,0,552,1233,1,1,288,0,0,1,0,下位,0,288,213
184,184,0,111,153,0,0,0,385,1294,925,6,下位,0,0,0
694,694,0,698,1670,0,1,184,385,1294,925,6,下位,0,184,214
221,221,0,68,22,0,0,0,878,1731,1539,8,下位,0,0,0
550,550,0,112,154,0,1,221,878,1731,1539,8,下位,0,221,83
57,57,0,1976,4409,0,2,771,878,1731,1539,8,下位,0,550,215
200,200,0,113,158,1,0,0,0,0,1,0,下位,0,0,0
808,808,0,70,28,1,1,200,0,0,1,0,下位,0,200,219
516,516,0,667,1173,1,2,1008,0,0,1,0,下位,0,808,89
47,47,0,71,31,0,0,0,1524,1234,-766,7,下位,0,0,0
209,209,0,110,149,0,1,47,1524,1234,-766,7,下位,0,47,92
62,62,0,70,30,0,2,256,1524,1234,-766,7,下位,0,209,210
56,56,0,109,146,0,3,318,1524,1234,-766,7,下位,0,62,91
526,526,0,112,154,0,4,374,1524,1234,-766,7,下位,0,56,207
393,393,0,185,302,0,5,900,1524,1234,-766,7,下位,0,526,215
500,500,0,112,155,1,0,0,0,0,1,0,下位,0,0,0
95,95,0,463,978,1,1,500,0,0,1,0,下位,0,500,216
159,159,0,244,399,0,0,0,595,1039,354,6,下位,0,0,0
292,292,0,219,321,0,0,0,159,460,573,2,下位,0,0,0
183,183,0,68,23,0,0,0,292,382,513,1,下位,0,0,0
516,516,0,519,952,0,1,183,292,382,513,1,下位,0,183,84
134,134,0,111,152,1,0,0,0,0,1,0,下位,0,0,0
606,606,0,111,153,1,1,134,0,0,1,0,下位,0,134,213
746,746,0,912,2051,1,2,740,0,0,1,0,下位,0,606,214
25,25,0,68,24,1,0,0,0,0,1,0,下位,0,0,0
69,69,0,112,155,1,1,25,0,0,1,0,下位,0,25,85
266,266,0,233,418,1,2,94,0,0,1,0,下位,0,69,216
145,145,0,67,19,0,0,0,360,479,235,2,下位,0,0,0
307,307,0,114,161,0,1,145,360,479,235,2,下位,0,145,80
57,57,0,111,152,0,2,452,360,479,235,2,下位,0,307,222
528,528,0,68,23,0,3,509,360,479,235,2,下位,0,57,213
209,209,0,855,1995,0,4,1037,360,479,235,2,下位,0,528,84
509,509,0,113,159,0,0,0,1246,2056,1002,11,下位,0,0,0
452,452,0,70,28,0,1,509,1246,2056,1002,11,下位,0,509,220
103,103,0,920,2060,0,2,961,1246,2056,1002,11,下位,0,452,89
153,153,0,113,158,0,0,0,1064,2121,1820,12,下位,0,0,0
808,808,0,112,155,0,1,153,1064,2121,1820,12,下位,0,153,219
114,114,0,69,27,0,2,961,1064,2121,1820,12,下位,0,808,216
129,129,0,70,29,0,3,1075,1064,2121,1820,12,下位,0,114,88
337,337,0,69,25,0,4,1204,1064,2121,1820,12,下位,0,129,90
156,156,0,70,30,0,5,1541,1064,2121,1820,12,下位,0,337,86
139,139,0,112,155,0,6,1697,1064,2121,1820,12,下位,0,156,91
265,265,0,509,1046,0,7,1836,1064,2121,1820,12,下位,0,139,216
277,277,0,69,26,0,0,0,2101,1107,749,7,下位,0,0,0
105,105,0,928,1823,0,1,277,2101,1107,749,7,下位,0,277,87
240,240,0,112,155,1,0,0,0,0,1,0,下位,0,0,0
127,127,0,665,1475,1,1,240,0,0,1,0,下位,0,240,216
231,231,0,320,483,1,0,0,0,0,1,0,下位,0,0,0
428,428,0,68,24,0,0,0,231,544,195,2,下位,0,0,0
250,250,0,112,155,0,1,428,231,544,195,2,下位,0,428,85
346,346,0,109,146,0,2,678,231,544,195,2,下位,0,250,216
260,260,0,68,24,0,3,1024,231,544,195,2,下位,0,346,207
137,137,0,114,162,0,4,1284,231,544,195,2,下位,0,260,85
735,735,0,68,22,0,5,1421,231,544,195,2,下位,0,137,223
610,610,0,68,24,0,6,2156,231,544,195,2,下位,0,735,83
71,71,0,1085,2562,0,7,2766,231,544,195,2,下位,0,610,85
39,39,0,112,154,1,0,0,0,0,1,0,下位,0,0,0
329,329,0,112,154,1,1,39,0,0,1,0,下位,0,39,215
250,250,0,69,26,1,2,368,0,0,1,0,下位,0,329,215
128,128,0,113,158,1,3,618,0,0,1,0,下位,0,250,87
229,229,0,112,156,1,4,746,0,0,1,0,下位,0,128,219
141,141,0,112,154,1,5,975,0,0,1,0,下位,0,229,217
591,591,0,111,152,1,6,1116,0,0,1,0,下位,0,141,215
252,252,0,113,157,1,7,1707,0,0,1,0,下位,0,591,213
46,46,0,1370,3006,1,8,1959,0,0,1,0,下位,0,252,218
89,89,0,68,23,0,0,0,2005,3067,1629,17,下位,0,0,0
77,77,0,839,1736,0,1,89,2005,3067,1629,17,下位,0,89,84
510,510,0,112,155,0,0,0,166,1797,906,10,下位,0,0,0
96,96,0,68,24,0,1,510,166,1797,906,10,下位,0,510,216
161,161,0,318,616,0,2,606,166,1797,906,10,下位,0,96,85
149,149,0,451,962,1,0,0,0,0,1,0,下位,0,0,0
381,381,0,69,25,0,0,0,149,1023,798,4,下位,0,0,0
159,159,0,111,152,0,1,381,149,1023,798,4,下位,0,381,86
774,774,0,112,156,0,2,540,149,1023,798,4,下位,0,159,213
488,488,0,551,1087,0,3,1314,149,1023,798,4,下位,0,774,217
120,120,0,112,155,0,0,0,1802,1148,-268,5,下位,0,0,0
326,326,0,109,146,0,1,120,1802,1148,-268,5,下位,0,120,216
84,84,0,152,220,0,2,446,1802,1148,-268,5,下位,0,326,207
112,112,0,621,1467,0,0,0,530,281,-367,1,下位,0,0,0
58,58,0,111,153,0,0,0,112,1528,991,7,下位,0,0,0
739,739,0,111,152,0,1,58,112,1528,991,7,下位,0,58,214
275,275,0,664,1523,0,2,797,112,1528,991,7,下位,0,739,213
501,501,0,510,1069,1,0,0,0,0,1,0,下位,0,0,0
313,313,0,114,160,0,0,0,501,1130,372,6,下位,0,0,0
143,143,0,111,153,0,1,313,501,1130,372,6,下位,0,313,221
164,164,0,112,156,0,2,456,501,1130,372,6,下位,0,143,214
618,618,0,261,388,0,3,620,501,1130,372,6,下位,0,164,217
175,175,0,113,157,0,0,0,1238,449,-402,2,下位,0,0,0
348,348,0,111,153,0,1,175,1238,449,-402,2,下位,0,175,218
402,402,0,112,154,0,2,523,1238,449,-402,2,下位,0,348,214
111,111,0,426,795,0,3,925,1238,449,-402,2,下位,0,402,215
318,318,0,114,161,0,0,0,1036,856,-468,4,下位,0,0,0
91,91,0,718,1575,0,1,318,1036,856,-468,4,下位,0,318,222
137,137,0,767,1433,0,0,0,409,1636,770,9,下位,0,0,0
223,223,0,108,144,0,0,0,137,1494,2056,10,下位,0,0,0
451,451,0,2381,5775,0,1,223,137,1494,2056,10,下位,0,223,205
245,245,0,655,1341,1,0,0,0,0,1,0,下位,0,0,0
509,509,0,68,23,0,0,0,245,1402,1032,8,下位,0,0,0
102,102,0,111,152,0,1,509,245,1402,1032,8,下位,0,509,84
75,75,0,69,27,0,2,611,245,1402,1032,8,下位,0,102,213
371,371,0,112,154,0,3,686,245,1402,1032,8,下位,0,75,88
60,60,0,112,154,0,4,1057,245,1402,1032,8,下位,0,371,215
208,208,0,70,29,0,5,1117,245,1402,1032,8,下位,0,60,215
275,275,0,111,152,0,6,1325,245,1402,1032,8,下位,0,208,90
232,232,0,423,715,0,7,1600,245,1402,1032,8,下位,0,275,213
184,184,0,436,829,1,0,0,0,0,1,0,下位,0,0,0
509,509,0,68,22,0,0,0,184,890,612,6,下位,0,0,0
501,501,0,68,24,0,1,509,184,890,612,6,下位,0,509,83
629,629,0,896,2007,0,2,1010,184,890,612,6,下位,0,501,85
209,209,0,69,25,0,0,0,1639,2068,365,10,下位,0,0,0
239,239,0,302,563,0,1,209,1639,2068,365,10,下位,0,209,86
265,265,0,393,624,1,0,0,0,0,1,0,下位,0,0,0
72,72,0,112,156,1,0,0,0,0,1,0,下位,0,0,0
518,518,0,112,155,1,1,72,0,0,1,0,下位,0,72,217
683,683,0,111,153,1,2,590,0,0,1,0,下位,0,518,216
808,808,0,69,25,1,3,1273,0,0,1,0,下位,0,683,214
67,67,0,111,153,1,4,2081,0,0,1,0,下位,0,808,86
446,446,0,68,24,1,5,2148,0,0,1,0,下位,0,67,214
809,809,0,112,154,1,6,2594,0,0,1,0,下位,0,446,85
132,132,0,339,704,1,7,3403,0,0,1,0,下位,0,809,215
34,34,0,70,30,1,0,0,0,0,1,0,下位,0,0,0
598,598,0,68,23,1,1,34,0,0,1,0,下位,0,34,91
119,119,0,109,146,1,2,632,0,0,1,0,下位,0,598,84
96,96,0,415,769,1,3,751,0,0,1,0,下位,0,119,207
483,483,0,114,162,0,0,0,847,830,-70,4,下位,0,0,0
706,706,0,113,157,0,1,483,847,830,-70,4,下位,0,483,223
456,456,0,68,23,0,2,1189,847,830,-70,4,下位,0,706,218
45,45,0,112,156,0,3,1645,847,830,-70,4,下位,0,456,84
59,59,0,111,153,0,4,1690,847,830,-70,4,下位,0,45,217
178,178,0,279,406,0,5,1749,847,830,-70,4,下位,0,59,214
88,88,0,68,23,0,0,0,1927,467,-1567,4,下位,0,0,0
120,120,0,519,968,0,1,88,1927,467,-1567,4,下位,0,88,84
113,113,0,273,483,1,0,0,0,0,1,0,下位,0,0,0
153,153,0,182,347,0,0,0,113,544,374,3,下位,0,0,0
208,208,0,68,23,1,0,0,0,0,1,0,下位,0,0,0
434,434,0,610,1205,1,1,208,0,0,1,0,下位,0,208,84
209,209,0,69,25,0,0,0,642,1266,378,8,下位,0,0,0
267,267,0,114,162,0,1,209,642,1266,378,8,下位,0,209,86
162,162,0,348,566,0,2,476,642,1266,378,8,下位,0,267,223
185,185,0,112,155,0,0,0,638,627,347,3,下位,0,0,0
88,88,0,397,628,0,1,185,638,627,347,3,下位,0,185,216
92,92,0,461,984,0,0,0,273,689,839,4,下位,0,0,0
156,156,0,68,24,0,0,0,92,1045,1745,6,下位,0,0,0
496,496,0,68,22,0,1,156,92,1045,1745,6,下位,0,156,85
209,209,0,109,145,0,2,652,92,1045,1745,6,下位,0,496,83
798,798,0,114,160,0,3,861,92,1045,1745,6,下位,0,209,206
408,408,0,313,429,0,4,1659,92,1045,1745,6,下位,0,798,221
22,22,0,111,153,1,0,0,0,0,1,0,下位,0,0,0
85,85,0,108,143,1,1,22,0,0,1,0,下位,0,22,214
103,103,0,113,159,1,2,107,0,0,1,0,下位,0,85,204
319,319,0,108,143,1,3,210,0,0,1,0,下位,0,103,220
808,808,0,191,348,1,4,529,0,0,1,0,下位,0,319,204
332,332,0,111,153,0,0,0,1337,409,-773,1,下位,0,0,0
374,374,0,68,24,0,1,332,1337,409,-773,1,下位,0,332,214
393,393,0,68,23,0,2,706,1337,409,-773,1,下位,0,374,85
210,210,0,69,26,0,3,1099,1337,409,-773,1,下位,0,393,84
734,734,0,69,25,0,4,1309,1337,409,-773,1,下位,0,210,87
252,252,0,489,1000,0,5,2043,1337,409,-773,1,下位,0,734,86
276,276,0,111,153,1,0,0,0,0,1,0,下位,0,0,0
302,302,0,110,148,1,1,276,0,0,1,0,下位,0,276,214
460,460,0,111,153,1,2,578,0,0,1,0,下位,0,302,209
340,340,0,112,154,1,3,1038,0,0,1,0,下位,0,460,214
337,337,0,111,152,1,4,1378,0,0,1,0,下位,0,340,215
157,157,0,283,527,1,5,1715,0,0,1,0,下位,0,337,213
53,53,0,112,154,0,0,0,1872,588,-1183,2,下位,0,0,0
207,207,0,1266,2859,0,1,53,1872,588,-1183,2,下位,0,53,215
500,500,0,113,158,1,0,0,0,0,1,0,下位,0,0,0
673,673,0,68,23,1,1,500,0,0,1,0,下位,0,500,219
493,493,0,111,152,1,2,1173,0,0,1,0,下位,0,673,84
331,331,0,112,155,1,3,1666,0,0,1,0,下位,0,493,213
107,107,0,69,25,1,4,1997,0,0,1,0,下位,0,331,216
92,92,0,112,156,1,5,2104,0,0,1,0,下位,0,107,86
464,464,0,112,155,1,6,2196,0,0,1,0,下位,0,92,217
76,76,0,325,542,1,7,2660,0,0,1,0,下位,0,464,216
509,509,0,68,24,0,0,0,2736,603,-2291,4,下位,0,0,0
616,616,0,69,25,0,1,509,2736,603,-2291,4,下位,0,509,85
88,88,0,544,1053,0,2,1125,2736,603,-2291,4,下位,0,616,86
500,500,0,69,26,1,0,0,0,0,1,0,下位,0,0,0
59,59,0,2459,5626,1,1,500,0,0,1,0,下位,0,500,87
378,378,0,68,22,0,0,0,559,5687,415,32,下位,0,0,0
115,115,0,264,570,0,1,378,559,5687,415,32,下位,0,378,83
509,509,0,111,152,0,0,0,493,631,382,2,下位,0,0,0
211,211,0,68,22,0,1,509,493,631,382,2,下位,0,509,213
175,175,0,112,154,0,2,720,493,631,382,2,下位,0,211,83
289,289,0,112,155,0,3,895,493,631,382,2,下位,0,175,215
125,125,0,111,153,0,4,1184,493,631,382,2,下位,0,289,216
395,395,0,113,158,0,5,1309,493,631,382,2,下位,0,125,214
254,254,0,427,963,0,6,1704,493,631,382,2,下位,0,395,219
409,409,0,757,1517,0,0,0,1958,1024,-400,4,下位,0,0,0
201,201,0,111,152,0,0,0,409,1578,558,9,下位,0,0,0
189,189,0,112,154,0,1,201,409,1578,558,9,下位,0,201,213
659,659,0,114,160,0,2,390,409,1578,558,9,下位,0,189,215
407,407,0,113,159,0,3,1049,409,1578,558,9,下位,0,659,221
155,155,0,113,158,0,4,1456,409,1578,558,9,下位,0,407,220
404,404,0,110,148,0,5,1611,409,1578,558,9,下位,0,155,219
119,119,0,678,1158,0,6,2015,409,1578,558,9,下位,0,404,209
76,76,0,569,1204,1,0,0,0,0,1,0,下位,0,0,0
509,509,0,111,153,0,0,0,76,1265,1151,6,下位,0,0,0
120,120,0,68,22,0,1,509,76,1265,1151,6,下位,0,509,214
492,492,0,112,156,0,2,629,76,1265,1151,6,下位,0,120,83
159,159,0,1523,3115,0,3,1121,76,1265,1151,6,下位,0,492,217
216,216,0,68,23,0,0,0,1280,3176,601,18,下位,0,0,0
433,433,0,112,154,0,1,216,1280,3176,601,18,下位,0,216,84
63,63,0,111,152,0,2,649,1280,3176,601,18,下位,0,433,215
209,209,0,339,720,0,3,712,1280,3176,601,18,下位,0,63,213
187,187,0,3303,7496,1,0,0,0,0,1,0,下位,0,0,0
500,500,0,70,29,1,0,0,0,0,1,0,下位,0,0,0
233,233,0,112,154,1,1,500,0,0,1,0,下位,0,500,90
216,216,0,1120,2121,1,2,733,0,0,1,0,下位,0,233,215
108,108,0,68,24,0,0,0,949,2182,1050,18,下位,0,0,0
114,114,0,112,154,0,1,108,949,2182,1050,18,下位,0,108,85
303,303,0,68,23,0,2,222,949,2182,1050,18,下位,0,114,215
138,138,0,1290,2952,0,3,525,949,2182,1050,18,下位,0,303,84
383,383,0,111,151,0,0,0,663,3013,1225,16,下位,0,0,0
145,145,0,283,493,0,1,383,663,3013,1225,16,下位,0,383,212
217,217,0,113,157,0,0,0,528,554,1191,3,下位,0,0,0
809,809,0,112,155,0,1,217,528,554,1191,3,下位,0,217,218
116,116,0,613,1246,0,2,1026,528,554,1191,3,下位,0,809,216
509,509,0,111,152,0,0,0,1142,1307,1201,7,下位,0,0,0
143,143,0,111,153,0,1,509,1142,1307,1201,7,下位,0,509,213
123,123,0,69,25,0,2,652,1142,1307,1201,7,下位,0,143,214
148,148,0,112,155,0,3,775,1142,1307,1201,7,下位,0,123,86
61,61,0,114,160,0,4,923,1142,1307,1201,7,下位,0,148,216
121,121,0,457,786,0,5,984,1142,1307,1201,7,下位,0,61,221
501,501,0,112,154,1,0,0,0,0,1,0,下位,0,0,0
809,809,0,111,153,1,1,501,0,0,1,0,下位,0,501,215
569,569,0,112,155,1,2,1310,0,0,1,0,下位,0,809,214
465,465,0,111,152,1,3,1879,0,0,1,0,下位,0,569,216
132,132,0,111,152,1,4,2344,0,0,1,0,下位,0,465,213
153,153,0,111,153,1,5,2476,0,0,1,0,下位,0,132,213
122,122,0,111,153,1,6,2629,0,0,1,0,下位,0,153,214
226,226,0,733,1613,1,7,2751,0,0,1,0,下位,0,122,214
284,284,0,68,23,0,0,0,2977,1674,-1337,8,下位,0,0,0
76,76,0,465,1041,0,1,284,2977,1674,-1337,8,下位,0,284,84
68,68,0,112,156,0,0,0,360,1102,-696,5,下位,0,0,0
382,382,0,70,29,0,1,68,360,1102,-696,5,下位,0,68,217
339,339,0,150,225,0,2,450,360,1102,-696,5,下位,0,382,90
328,328,0,471,1030,1,0,0,0,0,1,0,下位,0,0,0
450,450,0,70,30,0,0,0,328,1091,595,5,下位,0,0,0
265,265,0,68,24,0,1,450,328,1091,595,5,下位,0,450,91
329,329,0,68,24,0,2,715,328,1091,595,5,下位,0,265,85
125,125,0,110,148,0,3,1044,328,1091,595,5,下位,0,329,85
808,808,0,113,157,0,4,1169,328,1091,595,5,下位,0,125,209
59,59,0,112,155,0,5,1977,328,1091,595,5,下位,0,808,218
198,198,0,111,152,0,6,2036,328,1091,595,5,下位,0,59,216
90,90,0,582,1151,0,7,2234,328,1091,595,5,下位,0,198,213
133,133,0,226,434,1,0,0,0,0,1,0,下位,0,0,0
135,135,0,111,152,0,0,0,133,495,294,2,下位,0,0,0
90,90,0,71,32,0,1,135,133,495,294,2,下位,0,135,213
276,276,0,2471,5912,0,2,225,133,495,294,2,下位,0,90,93
73,73,0,68,22,0,0,0,501,5973,1026,30,下位,0,0,0
357,357,0,799,1456,0,1,73,501,5973,1026,30,下位,0,73,83
136,136,0,111,153,0,0,0,430,1517,1974,9,下位,0,0,0
584,584,0,957,2072,0,1,136,430,1517,1974,9,下位,0,136,214
107,107,0,68,24,0,0,0,720,2133,1021,11,下位,0,0,0
808,808,0,112,154,0,1,107,720,2133,1021,11,下位,0,107,85
497,497,0,112,155,0,2,915,720,2133,1021,11,下位,0,808,215
54,54,0,574,1009,0,3,1412,720,2133,1021,11,下位,0,497,216
232,232,0,109,147,1,0,0,0,0,1,0,下位,0,0,0
808,808,0,112,156,1,1,232,0,0,1,0,下位,0,232,208
136,136,0,2005,4402,1,2,1040,0,0,1,0,下位,0,808,217
167,167,0,111,153,0,0,0,1176,4463,881,26,下位,0,0,0
265,265,0,112,156,0,1,167,1176,4463,881,26,下位,0,167,214
138,138,0,450,921,0,2,432,1176,4463,881,26,下位,0,265,217
62,62,0,112,155,1,0,0,0,0,1,0,下位,0,0,0
314,314,0,112,155,1,1,62,0,0,1,0,下位,0,62,216
453,453,0,112,156,1,2,376,0,0,1,0,下位,0,314,216
80,80,0,632,1453,1,3,829,0,0,1,0,下位,0,453,217
476,476,0,113,159,0,0,0,909,1514,787,7,下位,0,0,0
55,55,0,111,153,0,1,476,909,1514,787,7,下位,0,476,220
48,48,0,68,23,0,2,531,909,1514,787,7,下位,0,55,214
54,54,0,112,156,0,3,579,909,1514,787,7,下位,0,48,84
155,155,0,71,31,0,4,633,909,1514,787,7,下位,0,54,217
736,736,0,399,826,0,5,788,909,1514,787,7,下位,0,155,92
184,184,0,148,229,1,0,0,0,0,1,0,下位,0,0,0
126,126,0,111,153,0,0,0,184,290,12,1,下位,0,0,0
246,246,0,112,154,0,1,126,184,290,12,1,下位,0,126,214
109,109,0,68,22,0,2,372,184,290,12,1,下位,0,246,215
69,69,0,110,150,0,3,481,184,290,12,1,下位,0,109,83
305,305,0,111,151,0,4,550,184,290,12,1,下位,0,69,211
731,731,0,68,22,0,5,855,184,290,12,1,下位,0,305,212
435,435,0,112,154,0,6,1586,184,290,12,1,下位,0,731,83
177,177,0,111,153,0,7,2021,184,290,12,1,下位,0,435,215
54,54,0,235,411,0,8,2198,184,290,12,1,下位,0,177,214
295,295,0,743,1672,0,0,0,2252,472,-1482,2,下位,0,0,0
431,431,0,114,160,0,0,0,295,1733,-196,10,下位,0,0,0
207,207,0,112,155,0,1,431,295,1733,-196,10,下位,0,431,221
236,236,0,68,24,0,2,638,295,1733,-196,10,下位,0,207,216
170,170,0,68,24,0,3,874,295,1733,-196,10,下位,0,236,85
89,89,0,113,157,0,4,1044,295,1733,-196,10,下位,0,170,85
435,435,0,69,27,0,5,1133,295,1733,-196,10,下位,0,89,218
406,406,0,111,153,0,6,1568,295,1733,-196,10,下位,0,435,88
258,258,0,111,152,0,7,1974,295,1733,-196,10,下位,0,406,214
401,401,0,68,23,0,8,2232,295,1733,-196,10,下位,0,258,213
309,309,0,70,29,0,9,2633,295,1733,-196,10,下位,0,401,84
445,445,0,68,22,0,10,2942,295,1733,-196,10,下位,0,309,90
414,414,0,112,156,0,11,3387,295,1733,-196,10,下位,0,445,83
808,808,0,112,156,0,12,3801,295,1733,-196,10,下位,0,414,217
295,295,0,68,23,0,13,4609,295,1733,-196,10,下位,0,808,217
117,117,0,114,161,0,14,4904,295,1733,-196,10,下位,0,295,84
153,153,0,825,1743,0,15,5021,295,1733,-196,10,下位,0,117,222
193,193,0,560,1156,1,0,0,0,0,1,0,下位,0,0,0
509,509,0,112,154,0,0,0,193,1217,926,7,下位,0,0,0
113,113,0,68,24,0,1,509,193,1217,926,7,下位,0,509,215
272,272,0,68,22,0,2,622,193,1217,926,7,下位,0,113,85
211,211,0,688,1449,0,3,894,193,1217,926,7,下位,0,272,83
136,136,0,110,150,0,0,0,1105,1510,1145,8,下位,0,0,0
196,196,0,68,24,0,1,136,1105,1510,1145,8,下位,0,136,211
209,209,0,386,648,0,2,332,1105,1510,1145,8,下位,0,196,85
367,367,0,112,154,0,0,0,541,709,1330,4,下位,0,0,0
278,278,0,196,348,0,1,367,541,709,1330,4,下位,0,367,215
500,500,0,111,152,1,0,0,0,0,1,0,下位,0,0,0
410,410,0,109,145,1,1,500,0,0,1,0,下位,0,500,213
71,71,0,562,1023,1,2,910,0,0,1,0,下位,0,410,206
172,172,0,68,23,0,0,0,981,1084,17,6,下位,0,0,0
808,808,0,114,160,0,1,172,981,1084,17,6,下位,0,172,84
209,209,0,1084,2481,0,2,980,981,1084,17,6,下位,0,808,221
209,209,0,293,462,0,0,0,1189,2542,1062,13,下位,0,0,0
93,93,0,68,24,0,0,0,209,523,1268,3,下位,0,0,0
158,158,0,1083,2365,0,1,93,209,523,1268,3,下位,0,93,85
286,286,0,68,24,1,0,0,0,0,1,0,下位,0,0,0
136,136,0,512,944,1,1,286,0,0,1,0,下位,0,286,85
209,209,0,322,613,0,0,0,422,1005,452,5,下位,0,0,0
209,209,0,110,149,0,0,0,209,674,809,3,下位,0,0,0
360,360,0,69,27,0,1,209,209,674,809,3,下位,0,209,210
264,264,0,602,1275,0,2,569,209,674,809,3,下位,0,360,88
430,430,0,112,154,0,0,0,833,1336,1181,7,下位,0,0,0
499,499,0,112,154,0,1,430,833,1336,1181,7,下位,0,430,215
283,283,0,112,156,0,2,929,833,1336,1181,7,下位,0,499,215
809,809,0,70,28,0,3,1212,833,1336,1181,7,下位,0,283,217
258,258,0,113,157,0,4,2021,833,1336,1181,7,下位,0,809,89
178,178,0,69,26,0,5,2279,833,1336,1181,7,下位,0,258,218
456,456,0,111,152,0,6,2457,833,1336,1181,7,下位,0,178,87
143,143,0,525,896,0,7,2913,833,1336,1181,7,下位,0,456,213
437,437,0,68,24,1,0,0,0,0,1,0,下位,0,0,0
561,561,0,112,154,1,1,437,0,0,1,0,下位,0,437,85
425,425,0,69,25,1,2,998,0,0,1,0,下位,0,561,215
148,148,0,111,153,1,3,1423,0,0,1,0,下位,0,425,86
165,165,0,1194,2686,1,4,1571,0,0,1,0,下位,0,148,214
163,163,0,1072,2321,0,0,0,1736,2747,718,14,下位,0,0,0
490,490,0,69,25,0,0,0,163,2382,614,13,下位,0,0,0
809,809,0,68,24,0,1,490,163,2382,614,13,下位,0,490,86
808,808,0,107,141,0,2,1299,163,2382,614,13,下位,0,809,85
177,177,0,112,156,0,3,2107,163,2382,614,13,下位,0,808,202
209,209,0,112,154,0,4,2284,163,2382,614,13,下位,0,177,217
453,453,0,111,152,0,5,2493,163,2382,614,13,下位,0,209,215
82,82,0,68,23,0,6,2946,163,2382,614,13,下位,0,453,213
125,125,0,402,742,0,7,3028,163,2382,614,13,下位,0,82,84
308,308,0,68,22,1,0,0,0,0,1,0,下位,0,0,0
502,502,0,112,156,1,1,308,0,0,1,0,下位,0,308,83
435,435,0,452,796,1,2,810,0,0,1,0,下位,0,502,217
510,510,0,1433,3232,0,0,0,1245,857,-729,6,下位,0,0,0
195,195,0,112,155,0,0,0,510,3293,1791,21,下位,0,0,0
808,808,0,112,156,0,1,195,510,3293,1791,21,下位,0,195,216
396,396,0,114,160,0,2,1003,510,3293,1791,21,下位,0,808,217
799,799,0,68,23,0,3,1399,510,3293,1791,21,下位,0,396,221
192,192,0,111,153,0,4,2198,510,3293,1791,21,下位,0,799,84
185,185,0,484,958,0,5,2390,510,3293,1791,21,下位,0,192,214
184,184,0,951,2204,0,0,0,2575,1019,-139,6,下位,0,0,0
348,348,0,111,153,1,0,0,0,0,1,0,下位,0,0,0
741,741,0,114,160,1,1,348,0,0,1,0,下位,0,348,214
51,51,0,69,26,1,2,1089,0,0,1,0,下位,0,741,221
314,314,0,112,155,1,3,1140,0,0,1,0,下位,0,51,87
177,177,0,68,22,1,4,1454,0,0,1,0,下位,0,314,216
149,149,0,110,149,1,5,1631,0,0,1,0,下位,0,177,83
122,122,0,68,23,1,6,1780,0,0,1,0,下位,0,149,210
288,288,0,112,155,1,7,1902,0,0,1,0,下位,0,122,84
808,808,0,313,622,1,8,2190,0,0,1,0,下位,0,288,216
312,312,0,69,26,0,0,0,2998,683,-2527,3,下位,0,0,0
383,383,0,112,155,0,1,312,2998,683,-2527,3,下位,0,312,87
137,137,0,145,232,0,2,695,2998,683,-2527,3,下位,0,383,216
175,175,0,112,155,0,0,0,832,293,-3192,1,下位,0,0,0
153,153,0,68,23,0,1,175,832,293,-3192,1,下位,0,175,216
136,136,0,68,22,0,2,328,832,293,-3192,1,下位,0,153,84
93,93,0,112,155,0,3,464,832,293,-3192,1,下位,0,136,83
188,188,0,110,149,0,4,557,832,293,-3192,1,下位,0,93,216
187,187,0,488,896,0,5,745,832,293,-3192,1,下位,0,188,210
258,258,0,561,1223,0,0,0,932,957,-2838,7,下位,0,0,0
500,500,0,113,157,1,0,0,0,0,1,0,下位,0,0,0
566,566,0,69,25,1,1,500,0,0,1,0,下位,0,500,218
240,240,0,68,24,1,2,1066,0,0,1,0,下位,0,566,86
488,488,0,111,153,1,3,1306,0,0,1,0,下位,0,240,85
813,813,0,69,26,1,4,1794,0,0,1,0,下位,0,488,214
614,614,0,112,154,1,5,2607,0,0,1,0,下位,0,813,87
96,96,0,66,17,1,6,3221,0,0,1,0,下位,0,614,215
418,418,0,70,28,1,7,3317,0,0,1,0,下位,0,96,78
224,224,0,69,25,1,8,3735,0,0,1,0,下位,0,418,89
175,175,0,111,153,1,9,3959,0,0,1,0,下位,0,224,86
56,56,0,269,305,1,10,4134,0,0,1,0,下位,0,175,214
275,275,0,975,2080,1,0,0,0,0,1,0,下位,0,0,0
267,267,0,68,23,1,0,0,0,0,1,0,下位,0,0,0
132,132,0,421,779,1,1,267,0,0,1,0,下位,0,267,84
509,509,0,113,159,0,0,0,399,840,320,4,下位,0,0,0
381,381,0,69,27,0,1,509,399,840,320,4,下位,0,509,220
92,92,0,68,23,0,2,890,399,840,320,4,下位,0,381,88
808,808,0,113,157,0,3,982,399,840,320,4,下位,0,92,84
189,189,0,285,547,0,4,1790,399,840,320,4,下位,0,808,218
49,49,0,68,24,0,0,0,1979,608,-1459,2,下位,0,0,0
287,287,0,112,156,0,1,49,1979,608,-1459,2,下位,0,49,85
808,808,0,112,154,0,2,336,1979,608,-1459,2,下位,0,287,217
44,44,0,68,23,0,3,1144,1979,608,-1459,2,下位,0,808,215
420,420,0,114,160,0,4,1188,1979,608,-1459,2,下位,0,44,84
320,320,0,111,153,0,5,1608,1979,608,-1459,2,下位,0,420,221
808,808,0,594,1320,0,6,1928,1979,608,-1459,2,下位,0,320,214
205,205,0,68,24,1,0,0,0,0,1,0,下位,0,0,0
147,147,0,676,1446,1,1,205,0,0,1,0,下位,0,205,85
509,509,0,111,152,0,0,0,352,1507,1059,9,下位,0,0,0
435,435,0,112,155,0,1,509,352,1507,1059,9,下位,0,509,213
72,72,0,781,1784,0,2,944,352,1507,1059,9,下位,0,435,216
56,56,0,612,1268,0,0,0,1016,1845,1794,10,下位,0,0,0
211,211,0,2028,4962,0,0,0,56,1329,760,7,下位,0,0,0
60,60,0,69,25,1,0,0,0,0,1,0,下位,0,0,0
177,177,0,112,155,1,1,60,0,0,1,0,下位,0,60,86
236,236,0,113,157,1,2,237,0,0,1,0,下位,0,177,216
86,86,0,912,1885,1,3,473,0,0,1,0,下位,0,236,218
511,511,0,445,872,0,0,0,559,1946,1620,11,下位,0,0,0
110,110,0,110,148,1,0,0,0,0,1,0,下位,0,0,0
293,293,0,111,152,1,1,110,0,0,1,0,下位,0,110,209
328,328,0,112,155,1,2,403,0,0,1,0,下位,0,293,213
263,263,0,113,157,1,3,731,0,0,1,0,下位,0,328,216
54,54,0,513,1101,1,4,994,0,0,1,0,下位,0,263,218
359,359,0,69,25,0,0,0,1048,1162,431,6,下位,0,0,0
372,372,0,113,158,0,1,359,1048,1162,431,6,下位,0,359,86
528,528,0,70,29,0,2,731,1048,1162,431,6,下位,0,372,219
75,75,0,68,23,0,3,1259,1048,1162,431,6,下位,0,528,90
337,337,0,113,158,0,4,1334,1048,1162,431,6,下位,0,75,84
220,220,0,262,506,0,5,1671,1048,1162,431,6,下位,0,337,219
432,432,0,71,32,1,0,0,0,0,1,0,下位,0,0,0
488,488,0,111,153,1,1,432,0,0,1,0,下位,0,432,93
808,808,0,113,158,1,2,920,0,0,1,0,下位,0,488,214
221,221,0,112,154,1,3,1728,0,0,1,0,下位,0,808,219
139,139,0,498,1127,1,4,1949,0,0,1,0,下位,0,221,215
193,193,0,227,432,1,0,0,0,0,1,0,下位,0,0,0
284,284,0,112,154,0,0,0,193,493,202,2,下位,0,0,0
75,75,0,69,27,0,1,284,193,493,202,2,下位,0,284,215
181,181,0,68,23,0,2,359,193,493,202,2,下位,0,75,88
292,292,0,482,826,0,3,540,193,493,202,2,下位,0,181,84
193,193,0,112,155,1,0,0,0,0,1,0,下位,0,0,0
105,105,0,109,145,1,1,193,0,0,1,0,下位,0,193,216
118,118,0,111,153,1,2,298,0,0,1,0,下位,0,105,206
130,130,0,188,367,1,3,416,0,0,1,0,下位,0,118,214
87,87,0,193,366,0,0,0,546,428,238,1,下位,0,0,0
250,250,0,68,24,0,0,0,87,427,533,1,下位,0,0,0
424,424,0,112,154,0,1,250,87,427,533,1,下位,0,250,85
111,111,0,69,27,0,2,674,87,427,533,1,下位,0,424,215
585,585,0,113,158,0,3,785,87,427,533,1,下位,0,111,88
60,60,0,112,154,0,4,1370,87,427,533,1,下位,0,585,219
198,198,0,112,155,0,5,1430,87,427,533,1,下位,0,60,215
297,297,0,112,154,0,6,1628,87,427,533,1,下位,0,198,216
492,492,0,111,153,0,7,1925,87,427,533,1,下位,0,297,215
284,284,0,539,1068,0,8,2417,87,427,533,1,下位,0,492,214
509,509,0,113,157,0,0,0,2701,1129,-962,6,下位,0,0,0
310,310,0,112,156,0,1,509,2701,1129,-962,6,下位,0,509,218
454,454,0,114,162,0,2,819,2701,1129,-962,6,下位,0,310,217
739,739,0,112,155,0,3,1273,2701,1129,-962,6,下位,0,454,223
402,402,0,425,774,0,4,2012,2701,1129,-962,6,下位,0,739,216
130,130,0,113,157,0,0,0,2414,835,-2911,4,下位,0,0,0
435,435,0,112,156,0,1,130,2414,835,-2911,4,下位,0,130,218
583,583,0,68,22,0,2,565,2414,835,-2911,4,下位,0,435,217
98,98,0,767,1671,0,3,1148,2414,835,-2911,4,下位,0,583,83
180,180,0,70,30,1,0,0,0,0,1,0,下位,0,0,0
280,280,0,68,23,1,1,180,0,0,1,0,下位,0,180,91
62,62,0,68,23,1,2,460,0,0,1,0,下位,0,280,84
751,751,0,111,152,1,3,522,0,0,1,0,下位,0,62,84
330,330,0,68,22,1,4,1273,0,0,1,0,下位,0,751,213
123,123,0,112,155,1,5,1603,0,0,1,0,下位,0,330,83
182,182,0,111,152,1,6,1726,0,0,1,0,下位,0,123,216
474,474,0,69,25,1,7,1908,0,0,1,0,下位,0,182,213
487,487,0,66,17,1,8,2382,0,0,1,0,下位,0,474,86
139,139,0,365,647,1,9,2869,0,0,1,0,下位,0,487,78
336,336,0,112,155,0,0,0,3008,708,-2701,4,下位,0,0,0
119,119,0,68,24,0,1,336,3008,708,-2701,4,下位,0,336,216
684,684,0,69,27,0,2,455,3008,708,-2701,4,下位,0,119,85
710,710,0,111,153,0,3,1139,3008,708,-2701,4,下位,0,684,88
213,213,0,112,155,0,4,1849,3008,708,-2701,4,下位,0,710,214
183,183,0,68,22,0,5,2062,3008,708,-2701,4,下位,0,213,216
282,282,0,112,155,0,6,2245,3008,708,-2701,4,下位,0,183,83
228,228,0,660,1401,0,7,2527,3008,708,-2701,4,下位,0,282,216
303,303,0,112,156,1,0,0,0,0,1,0,下位,0,0,0
123,123,0,378,523,1,1,303,0,0,1,0,下位,0,303,217
509,509,0,69,26,0,0,0,426,584,157,3,下位,0,0,0
154,154,0,112,154,0,1,509,426,584,157,3,下位,0,509,87
370,370,0,111,153,0,2,663,426,584,157,3,下位,0,154,215
375,375,0,114,160,0,3,1033,426,584,157,3,下位,0,370,214
213,213,0,69,25,0,4,1408,426,584,157,3,下位,0,375,221
202,202,0,375,795,0,5,1621,426,584,157,3,下位,0,213,86
280,280,0,69,26,1,0,0,0,0,1,0,下位,0,0,0
411,411,0,68,22,1,1,280,0,0,1,0,下位,0,280,87
288,288,0,395,819,1,2,691,0,0,1,0,下位,0,411,83
246,246,0,110,150,0,0,0,979,880,-432,4,下位,0,0,0
585,585,0,68,22,0,1,246,979,880,-432,4,下位,0,246,211
80,80,0,386,837,0,2,831,979,880,-432,4,下位,0,585,83
509,509,0,69,26,0,0,0,911,898,-620,4,下位,0,0,0
189,189,0,146,229,0,1,509,911,898,-620,4,下位,0,509,87
357,357,0,114,160,0,0,0,698,290,-1300,1,下位,0,0,0
300,300,0,69,26,0,1,357,698,290,-1300,1,下位,0,357,221
186,186,0,68,23,0,2,657,698,290,-1300,1,下位,0,300,87
351,351,0,68,24,0,3,843,698,290,-1300,1,下位,0,186,84
808,808,0,111,153,0,4,1194,698,290,-1300,1,下位,0,351,85
539,539,0,111,152,0,5,2002,698,290,-1300,1,下位,0,808,214
47,47,0,720,1638,0,6,2541,698,290,-1300,1,下位,0,539,213
83,83,0,69,25,1,0,0,0,0,1,0,下位,0,0,0
563,563,0,382,647,1,1,83,0,0,1,0,下位,0,83,86
60,60,0,510,969,0,0,0,646,708,-184,4,下位,0,0,0
265,265,0,113,159,0,0,0,60,1030,755,5,下位,0,0,0
408,408,0,114,161,0,1,265,60,1030,755,5,下位,0,265,220
556,556,0,112,154,0,2,673,60,1030,755,5,下位,0,408,222
122,122,0,145,163,0,3,1229,60,1030,755,5,下位,0,556,215
147,147,0,114,161,0,0,0,1351,224,-411,2,下位,0,0,0
131,131,0,415,918,0,1,147,1351,224,-411,2,下位,0,147,222
94,94,0,104,131,0,0,0,278,979,369,5,下位,0,0,0
450,450,0,111,152,0,1,94,278,979,369,5,下位,0,94,192
209,209,0,389,855,0,2,544,278,979,369,5,下位,0,450,213
341,341,0,68,23,0,0,0,753,916,549,4,下位,0,0,0
52,52,0,385,841,0,1,341,753,916,549,4,下位,0,341,84
86,86,0,388,835,0,0,0,393,902,939,4,下位,0,0,0
184,184,0,68,22,1,0,0,0,0,1,0,下位,0,0,0
117,117,0,111,152,1,1,184,0,0,1,0,下位,0,184,83
561,561,0,70,28,1,2,301,0,0,1,0,下位,0,117,213
200,200,0,112,156,1,3,862,0,0,1,0,下位,0,561,89
172,172,0,112,155,1,4,1062,0,0,1,0,下位,0,200,217
100,100,0,559,1203,1,5,1234,0,0,1,0,下位,0,172,216
96,96,0,66,17,0,0,0,1334,1264,61,6,下位,0,0,0
290,290,0,69,26,0,1,96,1334,1264,61,6,下位,0,96,78
564,564,0,111,153,0,2,386,1334,1264,61,6,下位,0,290,87
200,200,0,71,32,0,3,950,1334,1264,61,6,下位,0,564,214
70,70,0,113,159,0,4,1150,1334,1264,61,6,下位,0,200,93
51,51,0,68,23,0,5,1220,1334,1264,61,6,下位,0,70,220
794,794,0,113,157,0,6,1271,1334,1264,61,6,下位,0,51,84
600,600,0,66,16,0,7,2065,1334,1264,61,6,下位,0,794,218
310,310,0,109,146,0,8,2665,1334,1264,61,6,下位,0,600,77
46,46,0,111,153,0,9,2975,1334,1264,61,6,下位,0,310,207
757,757,0,414,920,0,10,3021,1334,1264,61,6,下位,0,46,214
300,300,0,231,436,0,0,0,3778,981,-3190,5,下位,0,0,0
500,500,0,68,23,1,0,0,0,0,1,0,下位,0,0,0
108,108,0,1133,2483,1,1,500,0,0,1,0,下位,0,500,84
85,85,0,287,533,0,0,0,608,2544,1707,15,下位,0,0,0
203,203,0,1232,2763,0,0,0,85,594,2172,2,下位,0,0,0
142,142,0,113,158,0,0,0,203,2824,204,15,下位,0,0,0
259,259,0,68,22,0,1,142,203,2824,204,15,下位,0,142,219
269,269,0,70,30,0,2,401,203,2824,204,15,下位,0,259,83
549,549,0,112,154,0,3,670,203,2824,204,15,下位,0,269,91
158,158,0,468,1035,0,4,1219,203,2824,204,15,下位,0,549,215
102,102,0,112,154,0,0,0,1377,1096,-178,5,下位,0,0,0
721,721,0,480,754,0,1,102,1377,1096,-178,5,下位,0,102,215
509,509,0,112,154,0,0,0,823,815,-395,6,下位,0,0,0
83,83,0,383,710,0,1,509,823,815,-395,6,下位,0,509,215
119,119,0,275,484,0,0,0,592,771,-306,3,下位,0,0,0
143,143,0,111,152,0,0,0,119,545,59,3,下位,0,0,0
193,193,0,68,23,0,1,143,119,545,59,3,下位,0,143,213
611,611,0,114,162,0,2,336,119,545,59,3,下位,0,193,84
57,57,0,1028,2284,0,3,947,119,545,59,3,下位,0,611,223
501,501,0,68,24,1,0,0,0,0,1,0,下位,0,0,0
213,213,0,111,152,1,1,501,0,0,1,0,下位,0,501,85
295,295,0,68,24,1,2,714,0,0,1,0,下位,0,213,213
808,808,0,68,22,1,3,1009,0,0,1,0,下位,0,295,85
808,808,0,68,24,1,4,1817,0,0,1,0,下位,0,808,83
810,810,0,109,146,1,5,2625,0,0,1,0,下位,0,808,85
45,45,0,113,158,1,6,3435,0,0,1,0,下位,0,810,207
140,140,0,426,985,1,7,3480,0,0,1,0,下位,0,45,219
500,500,0,111,152,1,0,0,0,0,1,0,下位,0,0,0
393,393,0,69,27,1,1,500,0,0,1,0,下位,0,500,213
340,340,0,68,24,1,2,893,0,0,1,0,下位,0,393,88
474,474,0,65,14,1,3,1233,0,0,1,0,下位,0,340,85
327,327,0,111,153,1,4,1707,0,0,1,0,下位,0,474,75
184,184,0,68,24,1,5,2034,0,0,1,0,下位,0,327,214
232,232,0,111,152,1,6,2218,0,0,1,0,下位,0,184,85
247,247,0,114,161,1,7,2450,0,0,1,0,下位,0,232,213
94,94,0,111,152,1,8,2697,0,0,1,0,下位,0,247,222
60,60,0,1442,3228,1,9,2791,0,0,1,0,下位,0,94,213
418,418,0,112,156,0,0,0,2851,3289,379,18,下位,0,0,0
242,242,0,111,153,0,1,418,2851,3289,379,18,下位,0,418,217
102,102,0,853,2004,0,2,660,2851,3289,379,18,下位,0,242,214
28,28,0,539,1187,1,0,0,0,0,1,0,下位,0,0,0
509,509,0,112,155,0,0,0,28,1248,1207,7,下位,0,0,0
808,808,0,111,153,0,1,509,28,1248,1207,7,下位,0,509,216
508,508,0,114,160,0,2,1317,28,1248,1207,7,下位,0,808,214
686,686,0,1416,3323,0,3,1825,28,1248,1207,7,下位,0,508,221
104,104,0,1095,2705,0,0,0,2511,3384,1438,17,下位,0,0,0
414,414,0,68,23,0,0,0,104,2766,1721,13,下位,0,0,0
247,247,0,112,156,0,1,414,104,2766,1721,13,下位,0,414,84
754,754,0,112,154,0,2,661,104,2766,1721,13,下位,0,247,217
219,219,0,114,160,0,3,1415,104,2766,1721,13,下位,0,754,215
76,76,0,69,25,0,4,1634,104,2766,1721,13,下位,0,219,221
263,263,0,68,22,0,5,1710,104,2766,1721,13,下位,0,76,86
209,209,0,174,192,0,6,1973,104,2766,1721,13,下位,0,263,83
500,500,0,113,157,1,0,0,0,0,1,0,下位,0,0,0
58,58,0,359,573,1,1,500,0,0,1,0,下位,0,500,218
509,509,0,69,25,0,0,0,558,634,7,3,下位,0,0,0
689,689,0,111,153,0,1,509,558,634,7,3,下位,0,509,86
169,169,0,270,365,0,2,1198,558,634,7,3,下位,0,689,214
113,113,0,112,155,0,0,0,1367,426,-1338,2,下位,0,0,0
61,61,0,821,1727,0,1,113,1367,426,-1338,2,下位,0,113,216
120,120,0,112,155,0,0,0,174,1788,403,12,下位,0,0,0
579,579,0,111,153,0,1,120,174,1788,403,12,下位,0,120,216
187,187,0,112,154,0,2,699,174,1788,403,12,下位,0,579,214
343,343,0,111,152,0,3,886,174,1788,403,12,下位,0,187,215
332,332,0,111,153,0,4,1229,174,1788,403,12,下位,0,343,213
77,77,0,260,512,0,5,1561,174,1788,403,12,下位,0,332,214
26,26,0,71,31,1,0,0,0,0,1,0,下位,0,0,0
71,71,0,112,155,1,1,26,0,0,1,0,下位,0,26,92
165,165,0,111,152,1,2,97,0,0,1,0,下位,0,71,216
614,614,0,112,156,1,3,262,0,0,1,0,下位,0,165,213
133,133,0,114,160,1,4,876,0,0,1,0,下位,0,614,217
169,169,0,608,1292,1,5,1009,0,0,1,0,下位,0,133,221
509,509,0,366,745,0,0,0,1178,1353,528,10,下位,0,0,0
110,110,0,68,24,1,0,0,0,0,1,0,下位,0,0,0
248,248,0,68,23,1,1,110,0,0,1,0,下位,0,110,85
361,361,0,111,153,1,2,358,0,0,1,0,下位,0,248,84
284,284,0,68,24,1,3,719,0,0,1,0,下位,0,361,214
808,808,0,68,23,1,4,1003,0,0,1,0,下位,0,284,85
46,46,0,114,160,1,5,1811,0,0,1,0,下位,0,808,84
132,132,0,175,294,1,6,1857,0,0,1,0,下位,0,46,221
112,112,0,463,863,0,0,0,1989,355,-1885,2,下位,0,0,0
164,164,0,111,153,0,0,0,112,924,-1131,5,下位,0,0,0
240,240,0,111,153,0,1,164,112,924,-1131,5,下位,0,164,214
302,302,0,71,31,0,2,404,112,924,-1131,5,下位,0,240,214
448,448,0,111,153,0,3,706,112,924,-1131,5,下位,0,302,92
105,105,0,473,896,0,4,1154,112,924,-1131,5,下位,0,448,214
209,209,0,70,29,0,0,0,1259,957,-1348,4,下位,0,0,0
350,350,0,112,156,0,1,209,1259,957,-1348,4,下位,0,209,90
209,209,0,1240,2474,0,2,559,1259,957,-1348,4,下位,0,350,217
44,44,0,68,24,1,0,0,0,0,1,0,下位,0,0,0
159,159,0,318,627,1,1,44,0,0,1,0,下位,0,44,85
110,110,0,112,155,0,0,0,203,688,466,3,下位,0,0,0
154,154,0,69,25,0,1,110,203,688,466,3,下位,0,110,216
501,501,0,113,159,0,2,264,203,688,466,3,下位,0,154,86
174,174,0,112,155,0,3,765,203,688,466,3,下位,0,501,220
337,337,0,112,154,0,4,939,203,688,466,3,下位,0,174,216
269,269,0,112,154,0,5,1276,203,688,466,3,下位,0,337,215
131,131,0,378,674,0,6,1545,203,688,466,3,下位,0,269,215
139,139,0,111,153,1,0,0,0,0,1,0,下位,0,0,0
110,110,0,69,27,1,1,139,0,0,1,0,下位,0,139,214
65,65,0,362,689,1,2,249,0,0,1,0,下位,0,110,88
509,509,0,114,160,0,0,0,314,750,577,4,下位,0,0,0
68,68,0,111,152,0,1,509,314,750,577,4,下位,0,509,221
329,329,0,68,24,0,2,577,314,750,577,4,下位,0,68,213
453,453,0,68,22,0,3,906,314,750,577,4,下位,0,329,85
125,125,0,113,157,0,4,1359,314,750,577,4,下位,0,453,83
171,171,0,2092,4627,0,5,1484,314,750,577,4,下位,0,125,218
335,335,0,68,22,0,0,0,1655,4688,1298,29,下位,0,0,0
299,299,0,109,145,0,1,335,1655,4688,1298,29,下位,0,335,83
139,139,0,423,702,0,2,634,1655,4688,1298,29,下位,0,299,206
147,147,0,111,153,1,0,0,0,0,1,0,下位,0,0,0
468,468,0,69,27,1,1,147,0,0,1,0,下位,0,147,214
43,43,0,112,155,1,2,615,0,0,1,0,下位,0,468,88
808,808,0,560,1245,1,3,658,0,0,1,0,下位,0,43,216
509,509,0,291,556,0,0,0,1466,1306,-396,6,下位,0,0,0
411,411,0,68,22,0,0,0,509,617,-550,2,下位,0,0,0
541,541,0,113,158,0,1,411,509,617,-550,2,下位,0,411,83
288,288,0,111,152,0,2,952,509,617,-550,2,下位,0,541,219
537,537,0,112,156,0,3,1240,509,617,-550,2,下位,0,288,213
412,412,0,68,24,0,4,1777,509,617,-550,2,下位,0,537,217
177,177,0,68,22,0,5,2189,509,617,-550,2,下位,0,412,85
135,135,0,111,152,0,6,2366,509,617,-550,2,下位,0,177,83
448,448,0,110,149,0,7,2501,509,617,-550,2,下位,0,135,213
192,192,0,576,1321,0,8,2949,509,617,-550,2,下位,0,448,210
214,214,0,717,1414,1,0,0,0,0,1,0,下位,0,0,0
385,385,0,69,26,0,0,0,214,1475,1152,9,下位,0,0,0
202,202,0,68,23,0,1,385,214,1475,1152,9,下位,0,385,87
272,272,0,68,23,0,2,587,214,1475,1152,9,下位,0,202,84
148,148,0,111,152,0,3,859,214,1475,1152,9,下位,0,272,84
367,367,0,112,154,0,4,1007,214,1475,1152,9,下位,0,148,213
76,76,0,480,948,0,5,1374,214,1475,1152,9,下位,0,367,215
243,243,0,379,714,0,0,0,1450,1009,648,6,下位,0,0,0
125,125,0,4916,12018,0,0,0,243,775,1055,3,下位,0,0,0
500,500,0,114,160,1,0,0,0,0,1,0,下位,0,0,0
119,119,0,111,152,1,1,500,0,0,1,0,下位,0,500,221
420,420,0,111,153,1,2,619,0,0,1,0,下位,0,119,213
387,387,0,341,718,1,3,1039,0,0,1,0,下位,0,420,214
509,509,0,193,348,0,0,0,1426,779,-732,4,下位,0,0,0
452,452,0,262,564,0,0,0,509,409,-1094,1,下位,0,0,0
329,329,0,112,156,1,0,0,0,0,1,0,下位,0,0,0
148,148,0,112,154,1,1,329,0,0,1,0,下位,0,329,217
133,133,0,71,31,1,2,477,0,0,1,0,下位,0,148,215
256,256,0,106,137,1,3,610,0,0,1,0,下位,0,133,92
81,81,0,112,154,1,4,866,0,0,1,0,下位,0,256,198
808,808,0,68,24,1,5,947,0,0,1,0,下位,0,81,215
429,429,0,1362,3177,1,6,1755,0,0,1,0,下位,0,808,85
92,92,0,70,28,0,0,0,2184,3238,952,20,下位,0,0,0
192,192,0,795,1662,0,1,92,2184,3238,952,20,下位,0,92,89
509,509,0,69,26,0,0,0,284,1723,67,9,下位,0,0,0
480,480,0,68,23,0,1,509,284,1723,67,9,下位,0,509,87
323,323,0,112,156,0,2,989,284,1723,67,9,下位,0,480,84
701,701,0,111,153,0,3,1312,284,1723,67,9,下位,0,323,217
159,159,0,111,152,0,4,2013,284,1723,67,9,下位,0,701,214
343,343,0,68,24,0,5,2172,284,1723,67,9,下位,0,159,213
53,53,0,69,25,0,6,2515,284,1723,67,9,下位,0,343,85
318,318,0,68,24,0,7,2568,284,1723,67,9,下位,0,53,86
57,57,0,910,2070,0,8,2886,284,1723,67,9,下位,0,318,85
340,340,0,68,24,1,0,0,0,0,1,0,下位,0,0,0
167,167,0,257,515,1,1,340,0,0,1,0,下位,0,340,85
252,252,0,68,22,0,0,0,507,576,-106,3,下位,0,0,0
60,60,0,111,152,0,1,252,507,576,-106,3,下位,0,252,83
182,182,0,1233,2551,0,2,312,507,576,-106,3,下位,0,60,213
210,210,0,112,155,0,0,0,494,2612,2053,18,下位,0,0,0
458,458,0,110,150,0,1,210,494,2612,2053,18,下位,0,210,216
192,192,0,974,1896,0,2,668,494,2612,2053,18,下位,0,458,211
481,481,0,69,27,1,0,0,0,0,1,0,下位,0,0,0
319,319,0,111,152,1,1,481,0,0,1,0,下位,0,481,88
354,354,0,69,27,1,2,800,0,0,1,0,下位,0,319,213
152,152,0,112,155,1,3,1154,0,0,1,0,下位,0,354,88
452,452,0,69,25,1,4,1306,0,0,1,0,下位,0,152,216
233,233,0,69,25,1,5,1758,0,0,1,0,下位,0,452,86
103,103,0,306,640,1,6,1991,0,0,1,0,下位,0,233,86
484,484,0,110,149,0,0,0,2094,701,-1693,3,下位,0,0,0
808,808,0,705,1522,0,1,484,2094,701,-1693,3,下位,0,484,210
133,133,0,346,742,0,0,0,1292,1583,-1857,10,下位,0,0,0
201,201,0,812,1434,1,0,0,0,0,1,0,下位,0,0,0
49,49,0,112,155,0,0,0,201,1495,1191,9,下位,0,0,0
297,297,0,112,155,0,1,49,201,1495,1191,9,下位,0,49,216
384,384,0,112,155,0,2,346,201,1495,1191,9,下位,0,297,216
195,195,0,1394,3032,0,3,730,201,1495,1191,9,下位,0,384,216
211,211,0,68,22,0,0,0,925,3093,1316,19,下位,0,0,0
234,234,0,112,155,0,1,211,925,3093,1316,19,下位,0,211,83
108,108,0,112,156,0,2,445,925,3093,1316,19,下位,0,234,216
59,59,0,112,154,0,3,553,925,3093,1316,19,下位,0,108,217
561,561,0,112,154,0,4,612,925,3093,1316,19,下位,0,59,215
52,52,0,112,154,0,5,1173,925,3093,1316,19,下位,0,561,215
398,398,0,297,580,0,6,1225,925,3093,1316,19,下位,0,52,215
52,52,0,151,227,1,0,0,0,0,1,0,下位,0,0,0
429,429,0,70,30,1,0,0,0,0,1,0,下位,0,0,0
66,66,0,410,663,1,1,429,0,0,1,0,下位,0,429,91
509,509,0,68,24,0,0,0,495,724,66,6,下位,0,0,0
128,128,0,69,27,0,1,509,495,724,66,6,下位,0,509,85
295,295,0,68,22,0,2,637,495,724,66,6,下位,0,128,88
322,322,0,69,25,0,3,932,495,724,66,6,下位,0,295,83
327,327,0,112,154,0,4,1254,495,724,66,6,下位,0,322,86
122,122,0,68,24,0,5,1581,495,724,66,6,下位,0,327,215
477,477,0,111,153,0,6,1703,495,724,66,6,下位,0,122,85
126,126,0,381,773,0,7,2180,495,724,66,6,下位,0,477,214
114,114,0,447,933,1,0,0,0,0,1,0,下位,0,0,0
293,293,0,70,28,0,0,0,114,994,822,4,下位,0,0,0
805,805,0,68,22,0,1,293,114,994,822,4,下位,0,293,89
142,142,0,69,26,0,2,1098,114,994,822,4,下位,0,805,83
439,439,0,111,152,0,3,1240,114,994,822,4,下位,0,142,87
144,144,0,257,518,0,4,1679,114,994,822,4,下位,0,439,213
509,509,0,111,153,0,0,0,1823,579,-889,3,下位,0,0,0
337,337,0,114,160,0,1,509,1823,579,-889,3,下位,0,509,214
397,397,0,114,160,0,2,846,1823,579,-889,3,下位,0,337,221
230,230,0,65,15,0,3,1243,1823,579,-889,3,下位,0,397,221
84,84,0,108,144,0,4,1473,1823,579,-889,3,下位,0,230,76
507,507,0,113,159,0,5,1557,1823,579,-889,3,下位,0,84,205
67,67,0,497,738,0,6,2064,1823,579,-889,3,下位,0,507,220
194,194,0,273,565,1,0,0,0,0,1,0,下位,0,0,0
104,104,0,1371,3163,0,0,0,194,626,333,2,下位,0,0,0
82,82,0,71,32,0,0,0,104,3224,1022,17,下位,0,0,0
349,349,0,114,160,0,1,82,104,3224,1022,17,下位,0,82,93
338,338,0,270,575,0,2,431,104,3224,1022,17,下位,0,349,221
57,57,0,2317,5083,0,0,0,769,636,807,2,下位,0,0,0
372,372,0,111,153,0,0,0,57,5144,1236,29,下位,0,0,0
209,209,0,330,530,0,1,372,57,5144,1236,29,下位,0,372,214
231,231,0,112,154,0,0,0,581,591,1160,4,下位,0,0,0
490,490,0,471,1039,0,1,231,581,591,1160,4,下位,0,231,215
509,509,0,112,154,0,0,0,721,1100,1383,5,下位,0,0,0
660,660,0,341,569,0,1,509,721,1100,1383,5,下位,0,509,215
417,417,0,516,1083,1,0,0,0,0,1,0,下位,0,0,0
352,352,0,69,26,0,0,0,417,1144,513,6,下位,0,0,0
660,660,0,70,29,0,1,352,417,1144,513,6,下位,0,352,87
352,352,0,68,22,0,2,1012,417,1144,513,6,下位,0,660,90
161,161,0,112,154,0,3,1364,417,1144,513,6,下位,0,352,83
808,808,0,150,224,0,4,1525,417,1144,513,6,下位,0,161,215
174,174,0,68,22,1,0,0,0,0,1,0,下位,0,0,0
810,810,0,112,156,1,1,174,0,0,1,0,下位,0,174,83
121,121,0,311,632,1,2,984,0,0,1,0,下位,0,810,217
237,237,0,373,737,0,0,0,1105,693,-680,3,下位,0,0,0
510,510,0,68,24,0,0,0,237,798,-241,3,下位,0,0,0
346,346,0,68,23,0,1,510,237,798,-241,3,下位,0,510,85
453,453,0,112,155,0,2,856,237,798,-241,3,下位,0,346,84
658,658,0,112,155,0,3,1309,237,798,-241,3,下位,0,453,216
132,132,0,114,160,0,4,1967,237,798,-241,3,下位,0,658,216
808,808,0,69,25,0,5,2099,237,798,-241,3,下位,0,132,221
155,155,0,68,23,0,6,2907,237,798,-241,3,下位,0,808,86
80,80,0,112,156,0,7,3062,237,798,-241,3,下位,0,155,84
85,85,0,450,733,0,8,3142,237,798,-241,3,下位,0,80,217
135,135,0,496,1001,0,0,0,3227,794,-3127,4,下位,0,0,0
264,264,0,111,153,1,0,0,0,0,1,0,下位,0,0,0
94,94,0,69,27,1,1,264,0,0,1,0,下位,0,264,214
695,695,0,109,147,1,2,358,0,0,1,0,下位,0,94,88
319,319,0,69,25,1,3,1053,0,0,1,0,下位,0,695,208
134,134,0,109,145,1,4,1372,0,0,1,0,下位,0,319,86
45,45,0,353,524,1,5,1506,0,0,1,0,下位,0,134,206
252,252,0,112,154,0,0,0,1551,585,-961,3,下位,0,0,0
81,81,0,105,134,0,1,252,1551,585,-961,3,下位,0,252,215
753,753,0,1017,2217,0,2,333,1551,585,-961,3,下位,0,81,195
500,500,0,111,152,1,0,0,0,0,1,0,下位,0,0,0
95,95,0,111,153,1,1,500,0,0,1,0,下位,0,500,213
650,650,0,68,23,1,2,595,0,0,1,0,下位,0,95,214
687,687,0,113,159,1,3,1245,0,0,1,0,下位,0,650,84
220,220,0,111,153,1,4,1932,0,0,1,0,下位,0,687,220
453,453,0,112,156,1,5,2152,0,0,1,0,下位,0,220,214
87,87,0,68,24,1,6,2605,0,0,1,0,下位,0,453,217
149,149,0,112,155,1,7,2692,0,0,1,0,下位,0,87,85
435,435,0,70,30,1,8,2841,0,0,1,0,下位,0,149,216
209,209,0,428,715,1,9,3276,0,0,1,0,下位,0,435,91
24,24,0,112,155,1,0,0,0,0,1,0,下位,0,0,0
194,194,0,113,159,1,1,24,0,0,1,0,下位,0,24,216
666,666,0,112,155,1,2,218,0,0,1,0,下位,0,194,220
547,547,0,112,155,1,3,884,0,0,1,0,下位,0,666,216
124,124,0,111,153,1,4,1431,0,0,1,0,下位,0,547,216
61,61,0,112,154,1,5,1555,0,0,1,0,下位,0,124,214
50,50,0,886,1904,1,6,1616,0,0,1,0,下位,0,61,215
66,66,0,68,23,0,0,0,1666,1965,739,12,下位,0,0,0
304,304,0,106,138,0,1,66,1666,1965,739,12,下位,0,66,84
584,584,0,111,152,0,2,370,1666,1965,739,12,下位,0,304,199
620,620,0,113,158,0,3,954,1666,1965,739,12,下位,0,584,213
75,75,0,68,24,0,4,1574,1666,1965,739,12,下位,0,620,219
87,87,0,112,155,0,5,1649,1666,1965,739,12,下位,0,75,85
540,540,0,112,155,0,6,1736,1666,1965,739,12,下位,0,87,216
133,133,0,911,2076,0,7,2276,1666,1965,739,12,下位,0,540,216
65,65,0,1506,3245,1,0,0,0,0,1,0,下位,0,0,0
106,106,0,1800,4218,0,0,0,65,3306,863,19,下位,0,0,0
110,110,0,111,153,0,0,0,106,4279,262,22,下位,0,0,0
596,596,0,106,137,0,1,110,106,4279,262,22,下位,0,110,214
54,54,0,577,1167,0,2,706,106,4279,262,22,下位,0,596,198
148,148,0,108,144,0,0,0,760,1228,750,8,下位,0,0,0
134,134,0,97,111,0,1,148,760,1228,750,8,下位,0,148,205
332,332,0,103,128,0,2,282,760,1228,750,8,下位,0,134,172
173,173,0,68,23,0,3,614,760,1228,750,8,下位,0,332,189
47,47,0,111,152,0,4,787,760,1228,750,8,下位,0,173,84
59,59,0,69,27,0,5,834,760,1228,750,8,下位,0,47,213
808,808,0,111,153,0,6,893,760,1228,750,8,下位,0,59,88
185,185,0,112,155,0,7,1701,760,1228,750,8,下位,0,808,214
167,167,0,558,1176,0,8,1886,760,1228,750,8,下位,0,185,216
233,233,0,111,153,1,0,0,0,0,1,0,下位,0,0,0
109,109,0,463,856,1,1,233,0,0,1,0,下位,0,233,214
143,143,0,112,156,0,0,0,342,917,614,5,下位,0,0,0
633,633,0,70,30,0,1,143,342,917,614,5,下位,0,143,217
62,62,0,190,362,0,2,776,342,917,614,5,下位,0,633,91
509,509,0,112,156,0,0,0,838,423,75,1,下位,0,0,0
45,45,0,68,24,0,1,509,838,423,75,1,下位,0,509,217
490,490,0,111,153,0,2,554,838,423,75,1,下位,0,45,85
110,110,0,68,22,0,3,1044,838,423,75,1,下位,0,490,214
122,122,0,154,219,0,4,1154,838,423,75,1,下位,0,110,83
204,204,0,111,153,1,0,0,0,0,1,0,下位,0,0,0
417,417,0,472,843,1,1,204,0,0,1,0,下位,0,204,214
509,509,0,113,158,0,0,0,621,904,178,5,下位,0,0,0
301,301,0,111,152,0,1,509,621,904,178,5,下位,0,509,219
220,220,0,111,153,0,2,810,621,904,178,5,下位,0,301,213
610,610,0,111,152,0,3,1030,621,904,178,5,下位,0,220,214
207,207,0,112,156,0,4,1640,621,904,178,5,下位,0,610,213
181,181,0,111,153,0,5,1847,621,904,178,5,下位,0,207,217
731,731,0,113,158,0,6,2028,621,904,178,5,下位,0,181,214
72,72,0,225,432,0,7,2759,621,904,178,5,下位,0,731,219
510,510,0,1415,3103,0,0,0,2831,493,-2109,2,下位,0,0,0
170,170,0,71,31,0,0,0,510,3164,282,17,下位,0,0,0
101,101,0,68,23,0,1,170,510,3164,282,17,下位,0,170,92
44,44,0,71,31,0,2,271,510,3164,282,17,下位,0,101,84
125,125,0,278,481,0,3,315,510,3164,282,17,下位,0,44,92
89,89,0,111,151,0,0,0,440,542,425,3,下位,0,0,0
152,152,0,664,1344,0,1,89,440,542,425,3,下位,0,89,212
117,117,0,69,26,0,0,0,241,1405,1677,8,下位,0,0,0
115,115,0,111,153,0,1,117,241,1405,1677,8,下位,0,117,87
80,80,0,68,24,0,2,232,241,1405,1677,8,下位,0,115,214
153,153,0,577,1323,0,3,312,241,1405,1677,8,下位,0,80,85
445,445,0,68,22,1,0,0,0,0,1,0,下位,0,0,0
498,498,0,112,154,1,1,445,0,0,1,0,下位,0,445,83
248,248,0,112,155,1,2,943,0,0,1,0,下位,0,498,215
262,262,0,112,155,1,3,1191,0,0,1,0,下位,0,248,216
72,72,0,111,153,1,4,1453,0,0,1,0,下位,0,262,216
660,660,0,376,833,1,5,1525,0,0,1,0,下位,0,72,214
500,500,0,1098,2553,1,0,0,0,0,1,0,下位,0,0,0
236,236,0,68,22,0,0,0,500,2614,1857,12,下位,0,0,0
394,394,0,68,23,0,1,236,500,2614,1857,12,下位,0,236,83
55,55,0,70,29,0,2,630,500,2614,1857,12,下位,0,394,84
186,186,0,111,153,0,3,685,500,2614,1857,12,下位,0,55,90
174,174,0,111,152,0,4,871,500,2614,1857,12,下位,0,186,214
311,311,0,533,1198,0,5,1045,500,2614,1857,12,下位,0,174,213
102,102,0,112,156,1,0,0,0,0,1,0,下位,0,0,0
135,135,0,1998,4646,1,1,102,0,0,1,0,下位,0,102,217
160,160,0,114,161,0,0,0,237,4707,2230,25,下位,0,0,0
282,282,0,68,23,0,1,160,237,4707,2230,25,下位,0,160,222
595,595,0,287,607,0,2,442,237,4707,2230,25,下位,0,282,84
399,399,0,113,159,0,0,0,1037,668,1633,4,下位,0,0,0
114,114,0,111,152,0,1,399,1037,668,1633,4,下位,0,399,220
357,357,0,1998,4603,0,2,513,1037,668,1633,4,下位,0,114,213
309,309,0,111,153,0,0,0,870,4664,887,26,下位,0,0,0
89,89,0,69,26,0,1,309,870,4664,887,26,下位,0,309,214
122,122,0,112,156,0,2,398,870,4664,887,26,下位,0,89,87
159,159,0,114,160,0,3,520,870,4664,887,26,下位,0,122,217
269,269,0,112,155,0,4,679,870,4664,887,26,下位,0,159,221
145,145,0,111,152,0,5,948,870,4664,887,26,下位,0,269,216
124,124,0,70,29,0,6,1093,870,4664,887,26,下位,0,145,213
300,300,0,114,160,0,7,1217,870,4664,887,26,下位,0,124,90
412,412,0,111,152,0,8,1517,870,4664,887,26,下位,0,300,221
128,128,0,348,779,0,9,1929,870,4664,887,26,下位,0,412,213
139,139,0,385,840,0,0,0,2057,840,301,3,下位,0,0,0
274,274,0,69,26,1,0,0,0,0,1,0,下位,0,0,0
350,350,0,69,26,1,1,274,0,0,1,0,下位,0,274,87
86,86,0,576,1198,1,2,624,0,0,1,0,下位,0,350,87
257,257,0,112,154,0,0,0,710,1259,359,9,下位,0,0,0
507,507,0,113,157,0,1,257,710,1259,359,9,下位,0,257,215
107,107,0,387,819,0,2,764,710,1259,359,9,下位,0,507,218
114,114,0,111,153,0,0,0,871,880,353,4,下位,0,0,0
809,809,0,63,9,0,1,114,871,880,353,4,下位,0,114,214
595,595,0,68,24,0,2,923,871,880,353,4,下位,0,809,70
167,167,0,112,154,0,3,1518,871,880,353,4,下位,0,595,85
740,740,0,63,9,0,4,1685,871,880,353,4,下位,0,167,215
170,170,0,114,160,0,5,2425,871,880,353,4,下位,0,740,70
156,156,0,398,838,0,6,2595,871,880,353,4,下位,0,170,221
412,412,0,198,335,1,0,0,0,0,1,0,下位,0,0,0
78,78,0,191,332,0,0,0,412,396,-227,1,下位,0,0,0
106,106,0,113,157,0,0,0,78,393,48,1,下位,0,0,0
704,704,0,112,155,0,1,106,78,393,48,1,下位,0,106,218
180,180,0,111,152,0,2,810,78,393,48,1,下位,0,704,216
809,809,0,111,153,0,3,990,78,393,48,1,下位,0,180,213
77,77,0,68,23,0,4,1799,78,393,48,1,下位,0,809,214
414,414,0,112,154,0,5,1876,78,393,48,1,下位,0,77,84
178,178,0,413,739,0,6,2290,78,393,48,1,下位,0,414,215
34,34,0,68,24,1,0,0,0,0,1,0,下位,0,0,0
275,275,0,68,23,1,1,34,0,0,1,0,下位,0,34,85
304,304,0,112,154,1,2,309,0,0,1,0,下位,0,275,84
96,96,0,68,24,1,3,613,0,0,1,0,下位,0,304,215
666,666,0,111,153,1,4,709,0,0,1,0,下位,0,96,85
560,560,0,1266,2567,1,5,1375,0,0,1,0,下位,0,666,214
188,188,0,114,161,0,0,0,1935,2628,380,17,下位,0,0,0
53,53,0,436,943,0,1,188,1935,2628,380,17,下位,0,188,222
323,323,0,113,158,0,0,0,241,1004,1241,4,下位,0,0,0
325,325,0,111,152,0,1,323,241,1004,1241,4,下位,0,323,219
126,126,0,111,153,0,2,648,241,1004,1241,4,下位,0,325,213
207,207,0,366,745,0,3,774,241,1004,1241,4,下位,0,126,214
39,39,0,112,154,1,0,0,0,0,1,0,下位,0,0,0
231,231,0,111,153,1,1,39,0,0,1,0,下位,0,39,215
136,136,0,1847,4258,1,2,270,0,0,1,0,下位,0,231,214
110,110,0,65,15,0,0,0,406,4319,1814,26,下位,0,0,0
388,388,0,112,154,0,1,110,406,4319,1814,26,下位,0,110,76
689,689,0,112,155,0,2,498,406,4319,1814,26,下位,0,388,215
152,152,0,180,174,0,3,1187,406,4319,1814,26,下位,0,689,216
154,154,0,111,151,0,0,0,1339,235,527,1,下位,0,0,0
808,808,0,111,152,0,1,154,1339,235,527,1,下位,0,154,212
323,323,0,112,156,0,2,962,1339,235,527,1,下位,0,808,213
527,527,0,68,24,0,3,1285,1339,235,527,1,下位,0,323,217
59,59,0,112,155,0,4,1812,1339,235,527,1,下位,0,527,85
567,567,0,68,23,0,5,1871,1339,235,527,1,下位,0,59,216
49,49,0,1402,3452,0,6,2438,1339,235,527,1,下位,0,567,84
136,136,0,1395,3315,1,0,0,0,0,1,0,下位,0,0,0
406,406,0,107,139,0,0,0,136,3376,831,17,下位,0,0,0
138,138,0,453,977,0,1,406,136,3376,831,17,下位,0,406,200
480,480,0,1326,2826,0,0,0,544,1038,1245,6,下位,0,0,0
510,510,0,113,157,0,0,0,480,2887,1039,16,下位,0,0,0
577,577,0,104,132,0,1,510,480,2887,1039,16,下位,0,510,218
121,121,0,307,637,0,2,1087,480,2887,1039,16,下位,0,577,193
60,60,0,112,156,0,0,0,1208,698,318,3,下位,0,0,0
85,85,0,392,766,0,1,60,1208,698,318,3,下位,0,60,217
266,266,0,353,580,0,0,0,145,827,1142,5,下位,0,0,0
151,151,0,1316,3033,0,0,0,266,641,1380,3,下位,0,0,0
41,41,0,68,22,1,0,0,0,0,1,0,下位,0,0,0
340,340,0,191,349,1,1,41,0,0,1,0,下位,0,41,83
463,463,0,69,26,0,0,0,381,410,-83,1,下位,0,0,0
808,808,0,112,155,0,1,463,381,410,-83,1,下位,0,463,87
795,795,0,68,22,0,2,1271,381,410,-83,1,下位,0,808,216
209,209,0,70,28,0,3,2066,381,410,-83,1,下位,0,795,83
225,225,0,197,351,0,4,2275,381,410,-83,1,下位,0,209,89
211,211,0,112,154,0,0,0,2500,412,-2985,1,下位,0,0,0
199,199,0,111,152,0,1,211,2500,412,-2985,1,下位,0,211,215
73,73,0,452,779,0,2,410,2500,412,-2985,1,下位,0,199,213
271,271,0,70,30,0,0,0,483,840,-2450,6,下位,0,0,0
171,171,0,68,23,0,1,271,483,840,-2450,6,下位,0,271,91
200,200,0,520,1152,0,2,442,483,840,-2450,6,下位,0,171,84
136,136,0,253,391,0,0,0,642,1213,-2035,5,下位,0,0,0
221,221,0,114,160,1,0,0,0,0,1,0,下位,0,0,0
397,397,0,473,1030,1,1,221,0,0,1,0,下位,0,221,221
396,396,0,112,156,0,0,0,618,1091,376,5,下位,0,0,0
214,214,0,69,25,0,1,396,618,1091,376,5,下位,0,396,217
808,808,0,112,155,0,2,610,618,1091,376,5,下位,0,214,86
161,161,0,112,156,0,3,1418,618,1091,376,5,下位,0,808,216
163,163,0,112,155,0,4,1579,618,1091,376,5,下位,0,161,217
88,88,0,1135,2356,0,5,1742,618,1091,376,5,下位,0,163,216
459,459,0,112,154,1,0,0,0,0,1,0,下位,0,0,0
202,202,0,111,152,1,1,459,0,0,1,0,下位,0,459,215
47,47,0,385,844,1,2,661,0,0,1,0,下位,0,202,213
509,509,0,111,152,0,0,0,708,905,262,4,下位,0,0,0
808,808,0,107,141,0,1,509,708,905,262,4,下位,0,509,213
214,214,0,66,17,0,2,1317,708,905,262,4,下位,0,808,202
123,123,0,110,149,0,3,1531,708,905,262,4,下位,0,214,78
808,808,0,108,144,0,4,1654,708,905,262,4,下位,0,123,210
150,150,0,837,1691,0,5,2462,708,905,262,4,下位,0,808,205
201,201,0,111,153,1,0,0,0,0,1,0,下位,0,0,0
189,189,0,68,24,1,1,201,0,0,1,0,下位,0,201,214
416,416,0,107,140,1,2,390,0,0,1,0,下位,0,189,85
213,213,0,111,153,1,3,806,0,0,1,0,下位,0,416,201
91,91,0,662,1404,1,4,1019,0,0,1,0,下位,0,213,214
306,306,0,148,235,0,0,0,1110,1465,498,7,下位,0,0,0
126,126,0,114,162,0,0,0,306,296,330,1,下位,0,0,0
310,310,0,69,25,0,1,126,306,296,330,1,下位,0,126,223
541,541,0,112,155,0,2,436,306,296,330,1,下位,0,310,86
467,467,0,68,24,0,3,977,306,296,330,1,下位,0,541,216
61,61,0,69,26,0,4,1444,306,296,330,1,下位,0,467,85
321,321,0,113,159,0,5,1505,306,296,330,1,下位,0,61,87
108,108,0,542,1201,0,6,1826,306,296,330,1,下位,0,321,220
330,330,0,112,154,0,0,0,1934,1262,-422,7,下位,0,0,0
118,118,0,272,573,0,1,330,1934,1262,-422,7,下位,0,330,215
399,399,0,111,153,1,0,0,0,0,1,0,下位,0,0,0
51,51,0,68,24,1,1,399,0,0,1,0,下位,0,399,214
428,428,0,113,159,1,2,450,0,0,1,0,下位,0,51,85
354,354,0,111,152,1,3,878,0,0,1,0,下位,0,428,220
127,127,0,68,23,1,4,1232,0,0,1,0,下位,0,354,213
620,620,0,69,27,1,5,1359,0,0,1,0,下位,0,127,84
89,89,0,835,1923,1,6,1979,0,0,1,0,下位,0,620,88
178,178,0,68,22,1,0,0,0,0,1,0,下位,0,0,0
424,424,0,108,142,1,1,178,0,0,1,0,下位,0,178,83
181,181,0,112,156,1,2,602,0,0,1,0,下位,0,424,203
751,751,0,112,154,1,3,783,0,0,1,0,下位,0,181,217
155,155,0,351,575,1,4,1534,0,0,1,0,下位,0,751,215
278,278,0,69,27,0,0,0,1689,636,-1204,3,下位,0,0,0
234,234,0,112,156,0,1,278,1689,636,-1204,3,下位,0,278,88
149,149,0,557,1097,0,2,512,1689,636,-1204,3,下位,0,234,217
185,185,0,106,138,1,0,0,0,0,1,0,下位,0,0,0
62,62,0,113,159,1,1,185,0,0,1,0,下位,0,185,199
435,435,0,107,140,1,2,247,0,0,1,0,下位,0,62,220
71,71,0,111,152,1,3,682,0,0,1,0,下位,0,435,201
797,797,0,111,153,1,4,753,0,0,1,0,下位,0,71,213
205,205,0,634,1417,1,5,1550,0,0,1,0,下位,0,797,214
133,133,0,203,281,0,0,0,1755,1478,-134,7,下位,0,0,0
419,419,0,68,22,0,0,0,133,342,6,2,下位,0,0,0
670,670,0,112,154,0,1,419,133,342,6,2,下位,0,419,83
200,200,0,114,160,0,2,1089,133,342,6,2,下位,0,670,215
430,430,0,596,1142,0,3,1289,133,342,6,2,下位,0,200,221
200,200,0,362,569,1,0,0,0,0,1,0,下位,0,0,0
491,491,0,69,25,0,0,0,200,630,328,3,下位,0,0,0
370,370,0,69,27,0,1,491,200,630,328,3,下位,0,491,86
61,61,0,70,29,0,2,861,200,630,328,3,下位,0,370,88
277,277,0,68,23,0,3,922,200,630,328,3,下位,0,61,90
123,123,0,1925,4381,0,4,1199,200,630,328,3,下位,0,277,84
193,193,0,112,154,0,0,0,1322,4442,769,25,下位,0,0,0
83,83,0,505,988,0,1,193,1322,4442,769,25,下位,0,193,215
444,444,0,112,154,0,0,0,276,1049,1615,5,下位,0,0,0
166,166,0,348,695,0,1,444,276,1049,1615,5,下位,0,444,215
500,500,0,221,298,1,0,0,0,0,1,0,下位,0,0,0
142,142,0,69,25,0,0,0,500,359,-398,1,下位,0,0,0
640,640,0,68,23,0,1,142,500,359,-398,1,下位,0,142,86
262,262,0,112,156,0,2,782,500,359,-398,1,下位,0,640,84
360,360,0,68,24,0,3,1044,500,359,-398,1,下位,0,262,217
280,280,0,112,154,0,4,1404,500,359,-398,1,下位,0,360,85
247,247,0,111,153,0,5,1684,500,359,-398,1,下位,0,280,215
71,71,0,68,24,0,6,1931,500,359,-398,1,下位,0,247,214
196,196,0,670,1505,0,7,2002,500,359,-398,1,下位,0,71,85
61,61,0,111,152,1,0,0,0,0,1,0,下位,0,0,0
244,244,0,112,156,1,1,61,0,0,1,0,下位,0,61,213
57,57,0,71,31,1,2,305,0,0,1,0,下位,0,244,217
117,117,0,110,150,1,3,362,0,0,1,0,下位,0,57,92
66,66,0,113,159,1,4,479,0,0,1,0,下位,0,117,211
411,411,0,104,132,1,5,545,0,0,1,0,下位,0,66,220
333,333,0,476,1034,1,6,956,0,0,1,0,下位,0,411,193
109,109,0,111,152,0,0,0,1289,1095,289,5,下位,0,0,0
516,516,0,70,29,0,1,109,1289,1095,289,5,下位,0,109,213
179,179,0,69,26,0,2,625,1289,1095,289,5,下位,0,516,90
734,734,0,112,154,0,3,804,1289,1095,289,5,下位,0,179,87
384,384,0,111,153,0,4,1538,1289,1095,289,5,下位,0,734,215
129,129,0,112,155,0,5,1922,1289,1095,289,5,下位,0,384,214
106,106,0,112,154,0,6,2051,1289,1095,289,5,下位,0,129,216
479,479,0,112,156,0,7,2157,1289,1095,289,5,下位,0,106,215
342,342,0,68,22,0,8,2636,1289,1095,289,5,下位,0,479,217
99,99,0,525,1082,0,9,2978,1289,1095,289,5,下位,0,342,83
509,509,0,112,154,0,0,0,3077,1143,-1680,6,下位,0,0,0
359,359,0,112,156,0,1,509,3077,1143,-1680,6,下位,0,509,215
428,428,0,69,25,0,2,868,3077,1143,-1680,6,下位,0,359,217
112,112,0,111,153,0,3,1296,3077,1143,-1680,6,下位,0,428,86
300,300,0,112,154,0,4,1408,3077,1143,-1680,6,下位,0,112,214
697,697,0,113,158,0,5,1708,3077,1143,-1680,6,下位,0,300,215
137,137,0,65,15,0,6,2405,3077,1143,-1680,6,下位,0,697,219
76,76,0,113,157,0,7,2542,3077,1143,-1680,6,下位,0,137,76
123,123,0,556,1098,0,8,2618,3077,1143,-1680,6,下位,0,76,218
443,443,0,68,24,1,0,0,0,0,1,0,下位,0,0,0
187,187,0,553,1058,1,1,443,0,0,1,0,下位,0,443,85
50,50,0,462,915,0,0,0,630,1119,251,6,下位,0,0,0
511,511,0,112,154,0,0,0,50,976,1151,4,下位,0,0,0
399,399,0,114,160,0,1,511,50,976,1151,4,下位,0,511,215
547,547,0,112,154,0,2,910,50,976,1151,4,下位,0,399,221
61,61,0,150,223,0,3,1457,50,976,1151,4,下位,0,547,215
62,62,0,421,798,0,0,0,1518,284,-214,1,下位,0,0,0
512,512,0,113,159,0,0,0,62,859,551,4,下位,0,0,0
144,144,0,113,158,0,1,512,62,859,551,4,下位,0,512,220
512,512,0,114,162,0,2,656,62,859,551,4,下位,0,144,219
810,810,0,112,155,0,3,1168,62,859,551,4,下位,0,512,223
90,90,0,111,153,0,4,1978,62,859,551,4,下位,0,810,216
560,560,0,114,162,0,5,2068,62,859,551,4,下位,0,90,214
52,52,0,324,608,0,6,2628,62,859,551,4,下位,0,560,223
509,509,0,69,26,0,0,0,2680,669,-1525,3,下位,0,0,0
209,209,0,112,156,0,1,509,2680,669,-1525,3,下位,0,509,87
161,161,0,69,26,0,2,718,2680,669,-1525,3,下位,0,209,217
89,89,0,112,156,0,3,879,2680,669,-1525,3,下位,0,161,87
195,195,0,335,695,0,4,968,2680,669,-1525,3,下位,0,89,217
473,473,0,109,146,1,0,0,0,0,1,0,下位,0,0,0
57,57,0,68,22,1,1,473,0,0,1,0,下位,0,473,207
69,69,0,112,155,1,2,530,0,0,1,0,下位,0,57,83
280,280,0,114,161,1,3,599,0,0,1,0,下位,0,69,216
78,78,0,114,161,1,4,879,0,0,1,0,下位,0,280,222
808,808,0,111,153,1,5,957,0,0,1,0,下位,0,78,222
349,349,0,68,22,1,6,1765,0,0,1,0,下位,0,808,214
50,50,0,549,1236,1,7,2114,0,0,1,0,下位,0,349,83
180,180,0,229,429,0,0,0,2164,1297,-734,6,下位,0,0,0
105,105,0,621,1442,0,0,0,180,490,-517,2,下位,0,0,0
165,165,0,113,157,1,0,0,0,0,1,0,下位,0,0,0
297,297,0,68,24,1,1,165,0,0,1,0,下位,0,165,218
141,141,0,111,153,1,2,462,0,0,1,0,下位,0,297,85
209,209,0,427,986,1,3,603,0,0,1,0,下位,0,141,214
212,212,0,114,162,0,0,0,812,1047,334,4,下位,0,0,0
209,209,0,111,152,0,1,212,812,1047,334,4,下位,0,212,223
80,80,0,785,1595,0,2,421,812,1047,334,4,下位,0,209,213
350,350,0,111,152,0,0,0,501,1656,1667,10,下位,0,0,0
60,60,0,112,156,0,1,350,501,1656,1667,10,下位,0,350,213
49,49,0,112,156,0,2,410,501,1656,1667,10,下位,0,60,217
384,384,0,950,2094,0,3,459,501,1656,1667,10,下位,0,49,217
154,154,0,2088,5105,0,0,0,843,2155,791,11,下位,0,0,0
270,270,0,360,688,1,0,0,0,0,1,0,下位,0,0,0
204,204,0,112,154,0,0,0,270,749,341,4,下位,0,0,0
364,364,0,114,162,0,1,204,270,749,341,4,下位,0,204,215
74,74,0,483,870,0,2,568,270,749,341,4,下位,0,364,223
510,510,0,70,30,0,0,0,642,931,737,7,下位,0,0,0
308,308,0,112,155,0,1,510,642,931,737,7,下位,0,510,91
809,809,0,68,24,0,2,818,642,931,737,7,下位,0,308,216
115,115,0,70,30,0,3,1627,642,931,737,7,下位,0,809,85
204,204,0,65,15,0,4,1742,642,931,737,7,下位,0,115,91
307,307,0,68,22,0,5,1946,642,931,737,7,下位,0,204,76
147,147,0,180,187,0,6,2253,642,931,737,7,下位,0,307,83
509,509,0,112,155,0,0,0,2400,248,-2010,1,下位,0,0,0
248,248,0,68,24,0,1,509,2400,248,-2010,1,下位,0,509,216
311,311,0,69,26,0,2,757,2400,248,-2010,1,下位,0,248,85
60,60,0,68,22,0,3,1068,2400,248,-2010,1,下位,0,311,87
176,176,0,113,158,0,4,1128,2400,248,-2010,1,下位,0,60,83
53,53,0,635,1106,0,5,1304,2400,248,-2010,1,下位,0,176,219
310,310,0,371,783,1,0,0,0,0,1,0,下位,0,0,0
136,136,0,112,155,0,0,0,310,844,375,5,下位,0,0,0
433,433,0,70,28,0,1,136,310,844,375,5,下位,0,136,216
381,381,0,113,157,0,2,569,310,844,375,5,下位,0,433,89
99,99,0,111,153,0,3,950,310,844,375,5,下位,0,381,218
58,58,0,68,22,0,4,1049,310,844,375,5,下位,0,99,214
191,191,0,192,351,0,5,1107,310,844,375,5,下位,0,58,83
88,88,0,68,24,0,0,0,1298,412,-359,1,下位,0,0,0
66,66,0,70,30,0,1,88,1298,412,-359,1,下位,0,88,85
209,209,0,350,689,0,2,154,1298,412,-359,1,下位,0,66,91
189,189,0,111,152,1,0,0,0,0,1,0,下位,0,0,0
620,620,0,69,26,1,1,189,0,0,1,0,下位,0,189,213
209,209,0,877,1873,1,2,809,0,0,1,0,下位,0,620,87
210,210,0,68,24,0,0,0,1018,1934,693,12,下位,0,0,0
103,103,0,111,153,0,1,210,1018,1934,693,12,下位,0,210,85
666,666,0,111,153,0,2,313,1018,1934,693,12,下位,0,103,214
57,57,0,114,160,0,3,979,1018,1934,693,12,下位,0,666,214
520,520,0,458,927,0,4,1036,1018,1934,693,12,下位,0,57,221
339,339,0,112,156,0,0,0,1556,988,58,4,下位,0,0,0
324,324,0,917,1927,0,1,339,1556,988,58,4,下位,0,339,217
48,48,0,112,156,1,0,0,0,0,1,0,下位,0,0,0
354,354,0,111,152,1,1,48,0,0,1,0,下位,0,48,217
513,513,0,112,154,1,2,402,0,0,1,0,下位,0,354,213
317,317,0,114,160,1,3,915,0,0,1,0,下位,0,513,215
375,375,0,69,25,1,4,1232,0,0,1,0,下位,0,317,221
270,270,0,113,157,1,5,1607,0,0,1,0,下位,0,375,86
209,209,0,932,2217,1,6,1877,0,0,1,0,下位,0,270,218
510,510,0,110,150,0,0,0,2086,2278,289,12,下位,0,0,0
191,191,0,328,542,0,1,510,2086,2278,289,12,下位,0,510,211
101,101,0,418,725,0,0,0,701,603,41,4,下位,0,0,0
92,92,0,111,152,1,0,0,0,0,1,0,下位,0,0,0
189,189,0,68,24,1,1,92,0,0,1,0,下位,0,92,213
71,71,0,379,665,1,2,281,0,0,1,0,下位,0,189,85
75,75,0,68,24,0,0,0,352,726,492,4,下位,0,0,0
112,112,0,111,153,0,1,75,352,726,492,4,下位,0,75,85
65,65,0,430,902,0,2,187,352,726,492,4,下位,0,112,214
62,62,0,114,162,0,0,0,252,963,1372,5,下位,0,0,0
308,308,0,114,161,0,1,62,252,963,1372,5,下位,0,62,223
402,402,0,111,153,0,2,370,252,963,1372,5,下位,0,308,222
55,55,0,424,969,0,3,772,252,963,1372,5,下位,0,402,214
493,493,0,267,501,0,0,0,827,1030,1808,4,下位,0,0,0
242,242,0,112,155,1,0,0,0,0,1,0,下位,0,0,0
80,80,0,112,156,1,1,242,0,0,1,0,下位,0,242,216
443,443,0,68,23,1,2,322,0,0,1,0,下位,0,80,217
178,178,0,69,27,1,3,765,0,0,1,0,下位,0,443,84
431,431,0,112,155,1,4,943,0,0,1,0,下位,0,178,88
205,205,0,68,24,1,5,1374,0,0,1,0,下位,0,431,216
235,235,0,111,152,1,6,1579,0,0,1,0,下位,0,205,85
171,171,0,69,25,1,7,1814,0,0,1,0,下位,0,235,213
78,78,0,427,791,1,8,1985,0,0,1,0,下位,0,171,86
248,248,0,919,2100,0,0,0,2063,852,-1068,4,下位,0,0,0
92,92,0,307,451,0,0,0,248,2161,717,11,下位,0,0,0
430,430,0,107,141,0,0,0,92,512,1090,3,下位,0,0,0
129,129,0,68,22,0,1,430,92,512,1090,3,下位,0,430,202
811,811,0,652,1274,0,2,559,92,512,1090,3,下位,0,129,83
500,500,0,216,383,1,0,0,0,0,1,0,下位,0,0,0
311,311,0,111,152,0,0,0,500,444,-313,3,下位,0,0,0
131,131,0,68,23,0,1,311,500,444,-313,3,下位,0,311,213
238,238,0,564,1143,0,2,442,500,444,-313,3,下位,0,131,84
292,292,0,68,24,1,0,0,0,0,1,0,下位,0,0,0
152,152,0,68,24,1,1,292,0,0,1,0,下位,0,292,85
397,397,0,113,158,1,2,444,0,0,1,0,下位,0,152,85
96,96,0,686,1500,1,3,841,0,0,1,0,下位,0,397,219
162,162,0,71,31,1,0,0,0,0,1,0,下位,0,0,0
787,787,0,302,449,1,1,162,0,0,1,0,下位,0,162,92
100,100,0,558,1078,0,0,0,949,510,-834,3,下位,0,0,0
130,130,0,68,22,0,0,0,100,1139,153,8,下位,0,0,0
144,144,0,437,894,0,1,130,100,1139,153,8,下位,0,130,83
216,216,0,111,153,0,0,0,274,955,776,5,下位,0,0,0
272,272,0,107,141,0,1,216,274,955,776,5,下位,0,216,214
138,138,0,687,1453,0,2,488,274,955,776,5,下位,0,272,202
427,427,0,69,26,1,0,0,0,0,1,0,下位,0,0,0
204,204,0,70,28,1,1,427,0,0,1,0,下位,0,427,87
182,182,0,112,156,1,2,631,0,0,1,0,下位,0,204,89
603,603,0,111,152,1,3,813,0,0,1,0,下位,0,182,217
109,109,0,111,153,1,4,1416,0,0,1,0,下位,0,603,213
184,184,0,112,155,1,5,1525,0,0,1,0,下位,0,109,214
308,308,0,110,148,1,6,1709,0,0,1,0,下位,0,184,216
319,319,0,525,1086,1,7,2017,0,0,1,0,下位,0,308,209
26,26,0,111,153,1,0,0,0,0,1,0,下位,0,0,0
420,420,0,107,140,1,1,26,0,0,1,0,下位,0,26,214
139,139,0,221,425,1,2,446,0,0,1,0,下位,0,420,201
264,264,0,111,153,1,0,0,0,0,1,0,下位,0,0,0
497,497,0,112,156,1,1,264,0,0,1,0,下位,0,264,214
62,62,0,760,1690,1,2,761,0,0,1,0,下位,0,497,217
247,247,0,68,23,0,0,0,823,1751,936,9,下位,0,0,0
574,574,0,113,158,0,1,247,823,1751,936,9,下位,0,247,84
377,377,0,111,152,0,2,821,823,1751,936,9,下位,0,574,219
109,109,0,111,152,0,3,1198,823,1751,936,9,下位,0,377,213
167,167,0,112,156,0,4,1307,823,1751,936,9,下位,0,109,213
371,371,0,111,152,0,5,1474,823,1751,936,9,下位,0,167,217
127,127,0,350,697,0,6,1845,823,1751,936,9,下位,0,371,213
63,63,0,1366,3211,0,0,0,1972,758,-134,4,下位,0,0,0
48,48,0,112,154,0,0,0,63,3272,809,17,下位,0,0,0
679,679,0,66,16,0,1,48,63,3272,809,17,下位,0,48,215
177,177,0,68,22,0,2,727,63,3272,809,17,下位,0,679,77
110,110,0,457,924,0,3,904,63,3272,809,17,下位,0,177,83
384,384,0,109,145,1,0,0,0,0,1,0,下位,0,0,0
604,604,0,108,142,1,1,384,0,0,1,0,下位,0,384,206
56,56,0,69,25,1,2,988,0,0,1,0,下位,0,604,203
100,100,0,112,155,1,3,1044,0,0,1,0,下位,0,56,86
142,142,0,69,25,1,4,1144,0,0,1,0,下位,0,100,216
96,96,0,111,152,1,5,1286,0,0,1,0,下位,0,142,86
135,135,0,68,24,1,6,1382,0,0,1,0,下位,0,96,213
430,430,0,111,152,1,7,1517,0,0,1,0,下位,0,135,85
292,292,0,503,1011,1,8,1947,0,0,1,0,下位,0,430,213
509,509,0,453,924,0,0,0,2239,1072,-1012,7,下位,0,0,0
140,140,0,68,22,0,0,0,509,985,-798,4,下位,0,0,0
443,443,0,111,153,0,1,140,509,985,-798,4,下位,0,140,83
411,411,0,111,153,0,2,583,509,985,-798,4,下位,0,443,214
52,52,0,428,791,0,3,994,509,985,-798,4,下位,0,411,214
428,428,0,70,28,1,0,0,0,0,1,0,下位,0,0,0
240,240,0,113,159,1,1,428,0,0,1,0,下位,0,428,89
463,463,0,68,23,1,2,668,0,0,1,0,下位,0,240,220
497,497,0,69,26,1,3,1131,0,0,1,0,下位,0,463,84
550,550,0,112,154,1,4,1628,0,0,1,0,下位,0,497,87
55,55,0,112,155,1,5,2178,0,0,1,0,下位,0,550,215
161,161,0,111,153,1,6,2233,0,0,1,0,下位,0,55,216
165,165,0,532,1061,1,7,2394,0,0,1,0,下位,0,161,214
405,405,0,105,134,1,0,0,0,0,1,0,下位,0,0,0
474,474,0,111,152,1,1,405,0,0,1,0,下位,0,405,195
392,392,0,64,12,1,2,879,0,0,1,0,下位,0,474,213
115,115,0,334,684,1,3,1271,0,0,1,0,下位,0,392,73
58,58,0,69,25,1,0,0,0,0,1,0,下位,0,0,0
57,57,0,1577,3621,1,1,58,0,0,1,0,下位,0,58,86
168,168,0,66,18,1,0,0,0,0,1,0,下位,0,0,0
379,379,0,110,150,1,1,168,0,0,1,0,下位,0,168,79
69,69,0,69,27,1,2,547,0,0,1,0,下位,0,379,211
177,177,0,113,157,1,3,616,0,0,1,0,下位,0,69,88
50,50,0,350,752,1,4,793,0,0,1,0,下位,0,177,218
510,510,0,113,157,0,0,0,843,813,132,3,下位,0,0,0
537,537,0,112,156,0,1,510,843,813,132,3,下位,0,510,218
318,318,0,68,24,0,2,1047,843,813,132,3,下位,0,537,217
63,63,0,649,1156,0,3,1365,843,813,132,3,下位,0,318,85
237,237,0,273,467,1,0,0,0,0,1,0,下位,0,0,0
163,163,0,111,153,0,0,0,237,528,170,3,下位,0,0,0
730,730,0,112,156,0,1,163,237,528,170,3,下位,0,163,214
347,347,0,64,10,0,2,893,237,528,170,3,下位,0,730,217
146,146,0,112,155,0,3,1240,237,528,170,3,下位,0,347,71
210,210,0,113,157,0,4,1386,237,528,170,3,下位,0,146,216
98,98,0,109,147,0,5,1596,237,528,170,3,下位,0,210,218
167,167,0,69,25,0,6,1694,237,528,170,3,下位,0,98,208
47,47,0,111,153,0,7,1861,237,528,170,3,下位,0,167,86
518,518,0,69,27,0,8,1908,237,528,170,3,下位,0,47,214
183,183,0,1147,2287,0,9,2426,237,528,170,3,下位,0,518,88
126,126,0,425,691,0,0,0,2609,2348,98,15,下位,0,0,0
57,57,0,111,153,0,0,0,126,752,659,5,下位,0,0,0
808,808,0,68,22,0,1,57,126,752,659,5,下位,0,57,214
208,208,0,112,156,0,2,865,126,752,659,5,下位,0,808,83
629,629,0,69,25,0,3,1073,126,752,659,5,下位,0,208,217
132,132,0,112,154,0,4,1702,126,752,659,5,下位,0,629,86
413,413,0,112,156,0,5,1834,126,752,659,5,下位,0,132,215
209,209,0,634,1395,0,6,2247,126,752,659,5,下位,0,413,217
56,56,0,112,155,1,0,0,0,0,1,0,下位,0,0,0
142,142,0,69,26,1,1,56,0,0,1,0,下位,0,56,216
548,548,0,113,158,1,2,198,0,0,1,0,下位,0,142,87
447,447,0,1103,2367,1,3,746,0,0,1,0,下位,0,548,219
95,95,0,113,158,0,0,0,1193,2428,1144,12,下位,0,0,0
55,55,0,111,152,0,1,95,1193,2428,1144,12,下位,0,95,219
145,145,0,2510,5838,0,2,150,1193,2428,1144,12,下位,0,55,213
125,125,0,521,1056,1,0,0,0,0,1,0,下位,0,0,0
375,375,0,112,154,0,0,0,125,1117,929,6,下位,0,0,0
65,65,0,656,1404,0,1,375,125,1117,929,6,下位,0,375,215
260,260,0,71,31,0,0,0,440,1465,1943,7,下位,0,0,0
55,55,0,113,158,0,1,260,440,1465,1943,7,下位,0,260,92
469,469,0,112,156,0,2,315,440,1465,1943,7,下位,0,55,219
644,644,0,68,23,0,3,784,440,1465,1943,7,下位,0,469,217
87,87,0,571,1329,0,4,1428,440,1465,1943,7,下位,0,644,84
204,204,0,113,158,0,0,0,1515,1390,1649,7,下位,0,0,0
331,331,0,114,161,0,1,204,1515,1390,1649,7,下位,0,204,219
202,202,0,114,160,0,2,535,1515,1390,1649,7,下位,0,331,222
229,229,0,111,153,0,3,737,1515,1390,1649,7,下位,0,202,221
215,215,0,68,24,0,4,966,1515,1390,1649,7,下位,0,229,214
413,413,0,112,154,0,5,1181,1515,1390,1649,7,下位,0,215,85
808,808,0,395,692,0,6,1594,1515,1390,1649,7,下位,0,413,215
289,289,0,68,24,1,0,0,0,0,1,0,下位,0,0,0
107,107,0,482,1123,1,1,289,0,0,1,0,下位,0,289,85
180,180,0,193,354,1,0,0,0,0,1,0,下位,0,0,0
500,500,0,111,153,1,0,0,0,0,1,0,下位,0,0,0
146,146,0,949,2142,1,1,500,0,0,1,0,下位,0,500,214
300,300,0,69,25,0,0,0,646,2203,1439,13,下位,0,0,0
271,271,0,111,152,0,1,300,646,2203,1439,13,下位,0,300,86
704,704,0,68,22,0,2,571,646,2203,1439,13,下位,0,271,213
644,644,0,69,25,0,3,1275,646,2203,1439,13,下位,0,704,83
575,575,0,68,24,0,4,1919,646,2203,1439,13,下位,0,644,86
131,131,0,70,30,0,5,2494,646,2203,1439,13,下位,0,575,85
97,97,0,69,25,0,6,2625,646,2203,1439,13,下位,0,131,91
142,142,0,114,160,0,7,2722,646,2203,1439,13,下位,0,97,86
408,408,0,69,25,0,8,2864,646,2203,1439,13,下位,0,142,221
67,67,0,782,1602,0,9,3272,646,2203,1439,13,下位,0,408,86
49,49,0,109,145,1,0,0,0,0,1,0,下位,0,0,0
607,607,0,105,133,1,1,49,0,0,1,0,下位,0,49,206
301,301,0,113,158,1,2,656,0,0,1,0,下位,0,607,194
722,722,0,112,156,1,3,957,0,0,1,0,下位,0,301,219
683,683,0,112,155,1,4,1679,0,0,1,0,下位,0,722,217
90,90,0,112,154,1,5,2362,0,0,1,0,下位,0,683,216
159,159,0,455,1037,1,6,2452,0,0,1,0,下位,0,90,215
119,119,0,112,154,0,0,0,2611,1098,-1590,5,下位,0,0,0
155,155,0,605,1363,0,1,119,2611,1098,-1590,5,下位,0,119,215
85,85,0,112,154,0,0,0,274,1424,-366,9,下位,0,0,0
357,357,0,111,153,0,1,85,274,1424,-366,9,下位,0,85,215
722,722,0,111,153,0,2,442,274,1424,-366,9,下位,0,357,214
57,57,0,111,153,0,3,1164,274,1424,-366,9,下位,0,722,214
808,808,0,69,26,0,4,1221,274,1424,-366,9,下位,0,57,214
97,97,0,68,22,0,5,2029,274,1424,-366,9,下位,0,808,87
701,701,0,377,864,0,6,2126,274,1424,-366,9,下位,0,97,83
395,395,0,296,582,1,0,0,0,0,1,0,下位,0,0,0
61,61,0,112,154,0,0,0,395,643,46,4,下位,0,0,0
411,411,0,68,23,0,1,61,395,643,46,4,下位,0,61,215
283,283,0,68,23,0,2,472,395,643,46,4,下位,0,411,84
377,377,0,67,21,0,3,755,395,643,46,4,下位,0,283,84
111,111,0,68,24,0,4,1132,395,643,46,4,下位,0,377,82
184,184,0,360,740,0,5,1243,395,643,46,4,下位,0,111,85
55,55,0,112,155,0,0,0,1427,801,-765,3,下位,0,0,0
299,299,0,67,20,0,1,55,1427,801,-765,3,下位,0,55,216
322,322,0,111,152,0,2,354,1427,801,-765,3,下位,0,299,81
422,422,0,67,19,0,3,676,1427,801,-765,3,下位,0,322,213
99,99,0,111,152,0,4,1098,1427,801,-765,3,下位,0,422,80
515,515,0,386,842,0,5,1197,1427,801,-765,3,下位,0,99,213
500,500,0,113,157,1,0,0,0,0,1,0,下位,0,0,0
224,224,0,113,158,1,1,500,0,0,1,0,下位,0,500,218
135,135,0,563,1133,1,2,724,0,0,1,0,下位,0,224,219
509,509,0,111,153,0,0,0,859,1194,330,7,下位,0,0,0
428,428,0,297,597,0,1,509,859,1194,330,7,下位,0,509,214
324,324,0,112,155,1,0,0,0,0,1,0,下位,0,0,0
595,595,0,69,26,1,1,324,0,0,1,0,下位,0,324,216
79,79,0,111,153,1,2,919,0,0,1,0,下位,0,595,87
497,497,0,114,160,1,3,998,0,0,1,0,下位,0,79,214
73,73,0,111,152,1,4,1495,0,0,1,0,下位,0,497,221
214,214,0,68,24,1,5,1568,0,0,1,0,下位,0,73,213
174,174,0,1592,3400,1,6,1782,0,0,1,0,下位,0,214,85
58,58,0,112,156,0,0,0,1956,3461,1533,18,下位,0,0,0
381,381,0,112,155,0,1,58,1956,3461,1533,18,下位,0,58,217
376,376,0,113,158,0,2,439,1956,3461,1533,18,下位,0,381,216
195,195,0,69,26,0,3,815,1956,3461,1533,18,下位,0,376,219
102,102,0,520,1014,0,4,1010,1956,3461,1533,18,下位,0,195,87
43,43,0,755,1798,0,0,0,1112,1075,1662,7,下位,0,0,0
200,200,0,68,22,1,0,0,0,0,1,0,下位,0,0,0
170,170,0,109,147,1,1,200,0,0,1,0,下位,0,200,83
260,260,0,113,159,1,2,370,0,0,1,0,下位,0,170,208
46,46,0,109,146,1,3,630,0,0,1,0,下位,0,260,220
125,125,0,260,387,1,4,676,0,0,1,0,下位,0,46,207
500,500,0,495,1100,1,0,0,0,0,1,0,下位,0,0,0
8,8,0,473,852,1,0,0,0,0,1,0,下位,0,0,0
510,510,0,380,735,0,0,0,8,913,902,5,下位,0,0,0
456,456,0,242,433,0,0,0,510,796,925,3,下位,0,0,0
146,146,0,112,154,1,0,0,0,0,1,0,下位,0,0,0
118,118,0,110,150,1,1,146,0,0,1,0,下位,0,146,215
391,391,0,112,155,1,2,264,0,0,1,0,下位,0,118,211
209,209,0,414,917,1,3,655,0,0,1,0,下位,0,391,216
162,162,0,113,158,0,0,0,864,978,312,5,下位,0,0,0
179,179,0,571,1203,0,1,162,864,978,312,5,下位,0,162,219
99,99,0,68,24,1,0,0,0,0,1,0,下位,0,0,0
62,62,0,113,158,1,1,99,0,0,1,0,下位,0,99,85
131,131,0,305,634,1,2,161,0,0,1,0,下位,0,62,219
207,207,0,68,22,0,0,0,292,695,558,3,下位,0,0,0
166,166,0,423,861,0,1,207,292,695,558,3,下位,0,207,83
61,61,0,111,153,0,0,0,373,922,997,6,下位,0,0,0
183,183,0,113,157,0,1,61,373,922,997,6,下位,0,61,214
151,151,0,108,144,0,2,244,373,922,997,6,下位,0,183,218
206,206,0,112,154,0,3,395,373,922,997,6,下位,0,151,205
137,137,0,68,24,0,4,601,373,922,997,6,下位,0,206,215
105,105,0,112,156,0,5,738,373,922,997,6,下位,0,137,85
168,168,0,1276,2698,0,6,843,373,922,997,6,下位,0,105,217
434,434,0,68,24,0,0,0,1011,2759,1007,15,下位,0,0,0
253,253,0,112,154,0,1,434,1011,2759,1007,15,下位,0,434,85
95,95,0,112,156,0,2,687,1011,2759,1007,15,下位,0,253,215
163,163,0,691,1479,0,3,782,1011,2759,1007,15,下位,0,95,217
80,80,0,70,30,1,0,0,0,0,1,0,下位,0,0,0
176,176,0,112,155,1,1,80,0,0,1,0,下位,0,80,91
53,53,0,111,152,1,2,256,0,0,1,0,下位,0,176,216
48,48,0,787,1585,1,3,309,0,0,1,0,下位,0,53,213
509,509,0,1873,4393,0,0,0,357,1646,1626,10,下位,0,0,0
393,393,0,68,23,0,0,0,509,4454,637,23,下位,0,0,0
135,135,0,303,306,0,1,393,509,4454,637,23,下位,0,393,84
186,186,0,191,279,0,0,0,528,367,288,5,下位,0,0,0
200,200,0,162,217,1,0,0,0,0,1,0,下位,0,0,0
450,450,0,69,26,0,0,0,200,278,-24,1,下位,0,0,0
808,808,0,68,22,0,1,450,200,278,-24,1,下位,0,450,87
103,103,0,111,152,0,2,1258,200,278,-24,1,下位,0,808,83
105,105,0,310,638,0,3,1361,200,278,-24,1,下位,0,103,213
82,82,0,106,137,0,0,0,1466,699,-1163,3,下位,0,0,0
176,176,0,309,655,0,1,82,1466,699,-1163,3,下位,0,82,198
66,66,0,271,509,0,0,0,258,716,-640,3,下位,0,0,0
510,510,0,154,219,0,0,0,66,570,-170,3,下位,0,0,0
489,489,0,111,152,0,0,0,510,280,-663,1,下位,0,0,0
729,729,0,111,152,0,1,489,510,280,-663,1,下位,0,489,213
213,213,0,386,694,0,2,1218,510,280,-663,1,下位,0,729,213
56,56,0,109,146,1,0,0,0,0,1,0,下位,0,0,0
207,207,0,68,22,1,1,56,0,0,1,0,下位,0,56,207
209,209,0,220,296,1,2,263,0,0,1,0,下位,0,207,83
210,210,0,275,560,0,0,0,472,357,-68,1,下位,0,0,0
509,509,0,69,25,0,0,0,210,621,235,2,下位,0,0,0
435,435,0,68,23,0,1,509,210,621,235,2,下位,0,509,86
179,179,0,425,913,0,2,944,210,621,235,2,下位,0,435,84
157,157,0,112,154,0,0,0,1123,974,-322,5,下位,0,0,0
808,808,0,111,153,0,1,157,1123,974,-322,5,下位,0,157,215
198,198,0,69,26,0,2,965,1123,974,-322,5,下位,0,808,214
171,171,0,113,157,0,3,1163,1123,974,-322,5,下位,0,198,87
646,646,0,68,22,0,4,1334,1123,974,-322,5,下位,0,171,218
141,141,0,1777,4387,0,5,1980,1123,974,-322,5,下位,0,646,83
107,107,0,70,30,1,0,0,0,0,1,0,下位,0,0,0
186,186,0,68,24,1,1,107,0,0,1,0,下位,0,107,91
492,492,0,111,153,1,2,293,0,0,1,0,下位,0,186,85
426,426,0,462,915,1,3,785,0,0,1,0,下位,0,492,214
238,238,0,113,157,0,0,0,1211,976,-467,4,下位,0,0,0
808,808,0,111,153,0,1,238,1211,976,-467,4,下位,0,238,218
196,196,0,71,31,0,2,1046,1211,976,-467,4,下位,0,808,214
146,146,0,111,152,0,3,1242,1211,976,-467,4,下位,0,196,92
270,270,0,1120,2386,0,4,1388,1211,976,-467,4,下位,0,146,213
509,509,0,68,22,0,0,0,1658,2447,205,14,下位,0,0,0
739,739,0,715,1645,0,1,509,1658,2447,205,14,下位,0,509,83
90,90,0,112,156,1,0,0,0,0,1,0,下位,0,0,0
747,747,0,436,786,1,1,90,0,0,1,0,下位,0,90,217
114,114,0,112,155,0,0,0,837,847,-203,4,下位,0,0,0
126,126,0,112,156,0,1,114,837,847,-203,4,下位,0,114,216
186,186,0,106,94,0,2,240,837,847,-203,4,下位,0,126,217
60,60,0,69,25,0,0,0,426,155,-261,1,下位,0,0,0
521,521,0,1132,2469,0,1,60,426,155,-261,1,下位,0,60,86
92,92,0,112,155,0,0,0,581,2530,1475,16,下位,0,0,0
64,64,0,71,31,0,1,92,581,2530,1475,16,下位,0,92,216
737,737,0,112,156,0,2,156,581,2530,1475,16,下位,0,64,92
312,312,0,112,154,0,3,893,581,2530,1475,16,下位,0,737,217
276,276,0,68,24,0,4,1205,581,2530,1475,16,下位,0,312,215
75,75,0,488,875,0,5,1481,581,2530,1475,16,下位,0,276,85
101,101,0,68,23,1,0,0,0,0,1,0,下位,0,0,0
365,365,0,69,27,1,1,101,0,0,1,0,下位,0,101,84
234,234,0,113,158,1,2,466,0,0,1,0,下位,0,365,88
149,149,0,68,23,1,3,700,0,0,1,0,下位,0,234,219
414,414,0,69,25,1,4,849,0,0,1,0,下位,0,149,84
69,69,0,515,1084,1,5,1263,0,0,1,0,下位,0,414,86
45,45,0,112,156,1,0,0,0,0,1,0,下位,0,0,0
499,499,0,714,1646,1,1,45,0,0,1,0,下位,0,45,217
500,500,0,276,497,1,0,0,0,0,1,0,下位,0,0,0
285,285,0,70,29,0,0,0,500,558,-199,3,下位,0,0,0
70,70,0,69,25,0,1,285,500,558,-199,3,下位,0,285,90
632,632,0,69,27,0,2,355,500,558,-199,3,下位,0,70,86
176,176,0,111,152,0,3,987,500,558,-199,3,下位,0,632,88
175,175,0,68,22,0,4,1163,500,558,-199,3,下位,0,176,213
442,442,0,113,159,0,5,1338,500,558,-199,3,下位,0,175,83
183,183,0,512,1110,0,6,1780,500,558,-199,3,下位,0,442,220
138,138,0,113,159,1,0,0,0,0,1,0,下位,0,0,0
623,623,0,111,152,1,1,138,0,0,1,0,下位,0,138,220
63,63,0,497,1010,1,2,761,0,0,1,0,下位,0,623,213
72,72,0,69,25,0,0,0,824,1071,257,5,下位,0,0,0
192,192,0,69,26,0,1,72,824,1071,257,5,下位,0,72,86
132,132,0,832,1530,0,2,264,824,1071,257,5,下位,0,192,87
186,186,0,203,328,0,0,0,396,1591,1421,10,下位,0,0,0
213,213,0,111,152,0,0,0,186,389,1528,1,下位,0,0,0
808,808,0,113,158,0,1,213,186,389,1528,1,下位,0,213,213
376,376,0,462,1055,0,2,1021,186,389,1528,1,下位,0,808,219
125,125,0,113,158,0,0,0,1397,1116,959,5,下位,0,0,0
195,195,0,68,22,0,1,125,1397,1116,959,5,下位,0,125,219
124,124,0,112,154,0,2,320,1397,1116,959,5,下位,0,195,83
190,190,0,1132,2490,0,3,444,1397,1116,959,5,下位,0,124,215
196,196,0,1184,2810,0,0,0,634,2551,741,15,下位,0,0,0
283,283,0,423,967,1,0,0,0,0,1,0,下位,0,0,0
85,85,0,69,26,0,0,0,283,1028,600,4,下位,0,0,0
159,159,0,112,155,0,1,85,283,1028,600,4,下位,0,85,87
154,154,0,69,26,0,2,244,283,1028,600,4,下位,0,159,216
56,56,0,455,878,0,3,398,283,1028,600,4,下位,0,154,87
245,245,0,112,156,0,0,0,454,939,1241,5,下位,0,0,0
92,92,0,2186,5085,0,1,245,454,939,1241,5,下位,0,245,217
509,509,0,111,153,0,0,0,337,5146,1493,26,下位,0,0,0
494,494,0,107,139,0,1,509,337,5146,1493,26,下位,0,509,214
808,808,0,111,152,0,2,1003,337,5146,1493,26,下位,0,494,200
187,187,0,111,152,0,3,1811,337,5146,1493,26,下位,0,808,213
88,88,0,111,153,0,4,1998,337,5146,1493,26,下位,0,187,213
296,296,0,70,28,0,5,2086,337,5146,1493,26,下位,0,88,214
297,297,0,113,159,0,6,2382,337,5146,1493,26,下位,0,296,89
91,91,0,410,732,0,7,2679,337,5146,1493,26,下位,0,297,220
43,43,0,112,154,1,0,0,0,0,1,0,下位,0,0,0
144,144,0,111,153,1,1,43,0,0,1,0,下位,0,43,215
383,383,0,111,153,1,2,187,0,0,1,0,下位,0,144,214
81,81,0,68,22,1,3,570,0,0,1,0,下位,0,383,214
574,574,0,1845,4203,1,4,651,0,0,1,0,下位,0,81,83
123,123,0,113,159,1,0,0,0,0,1,0,下位,0,0,0
154,154,0,114,162,1,1,123,0,0,1,0,下位,0,123,220
692,692,0,68,24,1,2,277,0,0,1,0,下位,0,154,223
547,547,0,111,153,1,3,969,0,0,1,0,下位,0,692,85
404,404,0,69,25,1,4,1516,0,0,1,0,下位,0,547,214
57,57,0,68,24,1,5,1920,0,0,1,0,下位,0,404,86
205,205,0,790,1663,1,6,1977,0,0,1,0,下位,0,57,85
34,34,0,112,156,1,0,0,0,0,1,0,下位,0,0,0
178,178,0,68,22,1,1,34,0,0,1,0,下位,0,34,217
135,135,0,114,160,1,2,212,0,0,1,0,下位,0,178,83
50,50,0,68,22,1,3,347,0,0,1,0,下位,0,135,221
53,53,0,454,748,1,4,397,0,0,1,0,下位,0,50,83
184,184,0,110,150,0,0,0,450,809,731,4,下位,0,0,0
150,150,0,112,154,0,1,184,450,809,731,4,下位,0,184,211
98,98,0,71,31,0,2,334,450,809,731,4,下位,0,150,215
505,505,0,68,22,0,3,432,450,809,731,4,下位,0,98,92
148,148,0,113,158,0,4,937,450,809,731,4,下位,0,505,83
812,812,0,69,25,0,5,1085,450,809,731,4,下位,0,148,219
127,127,0,1496,3275,0,6,1897,450,809,731,4,下位,0,812,86
444,444,0,110,148,0,0,0,2024,3336,1908,20,下位,0,0,0
52,52,0,261,498,0,1,444,2024,3336,1908,20,下位,0,444,209
121,121,0,114,160,1,0,0,0,0,1,0,下位,0,0,0
494,494,0,650,1424,1,1,121,0,0,1,0,下位,0,121,221
227,227,0,111,152,0,0,0,615,1485,776,7,下位,0,0,0
339,339,0,181,180,0,1,227,615,1485,776,7,下位,0,227,213
212,212,0,247,410,1,0,0,0,0,1,0,下位,0,0,0
143,143,0,60,-1,0,0,0,212,471,151,2,下位,0,0,0
421,421,0,244,412,0,1,143,212,471,151,2,下位,0,143,60
22,22,0,70,28,1,0,0,0,0,1,0,下位,0,0,0
466,466,0,70,30,1,1,22,0,0,1,0,下位,0,22,89
300,300,0,113,158,1,2,488,0,0,1,0,下位,0,466,91
120,120,0,445,934,1,3,788,0,0,1,0,下位,0,300,219
126,126,0,639,1246,0,0,0,908,995,19,4,下位,0,0,0
326,326,0,112,155,1,0,0,0,0,1,0,下位,0,0,0
132,132,0,68,22,1,1,326,0,0,1,0,下位,0,326,216
321,321,0,111,153,1,2,458,0,0,1,0,下位,0,132,83
119,119,0,68,23,1,3,779,0,0,1,0,下位,0,321,214
134,134,0,68,22,1,4,898,0,0,1,0,下位,0,119,84
351,351,0,112,154,1,5,1032,0,0,1,0,下位,0,134,83
91,91,0,112,154,1,6,1383,0,0,1,0,下位,0,351,215
91,91,0,479,1021,1,7,1474,0,0,1,0,下位,0,91,215
200,200,0,621,1254,1,0,0,0,0,1,0,下位,0,0,0
104,104,0,666,1464,1,0,0,0,0,1,0,下位,0,0,0
91,91,0,2920,6921,0,0,0,104,1525,1368,9,下位,0,0,0
109,109,0,111,153,0,0,0,91,6982,1295,38,下位,0,0,0
343,343,0,112,156,0,1,109,91,6982,1295,38,下位,0,109,214
290,290,0,111,153,0,2,452,91,6982,1295,38,下位,0,343,217
55,55,0,69,26,0,3,742,91,6982,1295,38,下位,0,290,214
471,471,0,113,157,0,4,797,91,6982,1295,38,下位,0,55,87
527,527,0,110,148,0,5,1268,91,6982,1295,38,下位,0,471,218
199,199,0,811,1581,0,6,1795,91,6982,1295,38,下位,0,527,209
127,127,0,69,26,1,0,0,0,0,1,0,下位,0,0,0
613,613,0,68,23,1,1,127,0,0,1,0,下位,0,127,87
131,131,0,664,1385,1,2,740,0,0,1,0,下位,0,613,84
36,36,0,69,25,1,0,0,0,0,1,0,下位,0,0,0
252,252,0,731,1605,1,1,36,0,0,1,0,下位,0,36,86
249,249,0,223,443,0,0,0,288,1666,1316,8,下位,0,0,0
322,322,0,111,152,1,0,0,0,0,1,0,下位,0,0,0
248,248,0,111,153,1,1,322,0,0,1,0,下位,0,322,213
153,153,0,112,154,1,2,570,0,0,1,0,下位,0,248,214
418,418,0,68,24,1,3,723,0,0,1,0,下位,0,153,215
163,163,0,111,153,1,4,1141,0,0,1,0,下位,0,418,85
352,352,0,68,24,1,5,1304,0,0,1,0,下位,0,163,214
435,435,0,70,28,1,6,1656,0,0,1,0,下位,0,352,85
65,65,0,111,152,1,7,2091,0,0,1,0,下位,0,435,89
458,458,0,114,160,1,8,2156,0,0,1,0,下位,0,65,213
210,210,0,527,1089,1,9,2614,0,0,1,0,下位,0,458,221
501,501,0,69,25,1,0,0,0,0,1,0,下位,0,0,0
77,77,0,66,17,1,1,501,0,0,1,0,下位,0,501,86
141,141,0,69,26,1,2,578,0,0,1,0,下位,0,77,78
309,309,0,112,156,1,3,719,0,0,1,0,下位,0,141,87
184,184,0,113,157,1,4,1028,0,0,1,0,下位,0,309,217
465,465,0,68,22,1,5,1212,0,0,1,0,下位,0,184,218
655,655,0,113,158,1,6,1677,0,0,1,0,下位,0,465,83
133,133,0,191,347,1,7,2332,0,0,1,0,下位,0,655,219
94,94,0,106,136,0,0,0,2465,408,-2339,1,下位,0,0,0
198,198,0,877,1852,0,1,94,2465,408,-2339,1,下位,0,94,197
230,230,0,111,153,1,0,0,0,0,1,0,下位,0,0,0
68,68,0,308,635,1,1,230,0,0,1,0,下位,0,230,214
96,96,0,112,154,0,0,0,298,696,460,3,下位,0,0,0
476,476,0,68,24,0,1,96,298,696,460,3,下位,0,96,215
144,144,0,111,153,0,2,572,298,696,460,3,下位,0,476,85
77,77,0,647,1356,0,3,716,298,696,460,3,下位,0,144,214
500,500,0,111,153,1,0,0,0,0,1,0,下位,0,0,0
435,435,0,68,23,1,1,500,0,0,1,0,下位,0,500,214
110,110,0,190,358,1,2,935,0,0,1,0,下位,0,435,84
140,140,0,71,31,0,0,0,1045,419,-866,1,下位,0,0,0
180,180,0,108,143,0,1,140,1045,419,-866,1,下位,0,140,92
78,78,0,382,566,0,2,320,1045,419,-866,1,下位,0,180,204
60,60,0,1008,2223,0,0,0,398,627,-546,5,下位,0,0,0
491,491,0,1352,2893,0,0,0,60,2284,1647,13,下位,0,0,0
409,409,0,112,154,0,0,0,491,2954,1565,16,下位,0,0,0
441,441,0,67,19,0,1,409,491,2954,1565,16,下位,0,409,215
384,384,0,112,154,0,2,850,491,2954,1565,16,下位,0,441,80
159,159,0,69,27,0,3,1234,491,2954,1565,16,下位,0,384,215
373,373,0,459,917,0,4,1393,491,2954,1565,16,下位,0,159,88
500,500,0,110,150,1,0,0,0,0,1,0,下位,0,0,0
165,165,0,69,25,1,1,500,0,0,1,0,下位,0,500,211
66,66,0,697,1615,1,2,665,0,0,1,0,下位,0,165,86
155,155,0,587,1317,0,0,0,731,1676,866,9,下位,0,0,0
156,156,0,1893,4261,0,0,0,155,1378,2009,7,下位,0,0,0
54,54,0,112,154,0,0,0,156,4322,1645,22,下位,0,0,0
164,164,0,69,26,0,1,54,156,4322,1645,22,下位,0,54,215
85,85,0,69,25,0,2,218,156,4322,1645,22,下位,0,164,87
187,187,0,394,706,0,3,303,156,4322,1645,22,下位,0,85,86
331,331,0,111,152,0,0,0,490,767,2058,3,下位,0,0,0
176,176,0,112,155,0,1,331,490,767,2058,3,下位,0,331,213
808,808,0,68,23,0,2,507,490,767,2058,3,下位,0,176,216
549,549,0,69,26,0,3,1315,490,767,2058,3,下位,0,808,84
166,166,0,113,158,0,4,1864,490,767,2058,3,下位,0,549,87
106,106,0,112,154,0,5,2030,490,767,2058,3,下位,0,166,219
152,152,0,68,24,0,6,2136,490,767,2058,3,下位,0,106,215
679,679,0,112,156,0,7,2288,490,767,2058,3,下位,0,152,85
167,167,0,624,1372,0,8,2967,490,767,2058,3,下位,0,679,217
58,58,0,111,153,1,0,0,0,0,1,0,下位,0,0,0
458,458,0,112,156,1,1,58,0,0,1,0,下位,0,58,214
119,119,0,361,673,1,2,516,0,0,1,0,下位,0,458,217
98,98,0,824,1938,0,0,0,635,734,204,4,下位,0,0,0
311,311,0,69,27,0,0,0,98,1999,2055,10,下位,0,0,0
751,751,0,69,27,0,1,311,98,1999,2055,10,下位,0,311,88
808,808,0,112,155,0,2,1062,98,1999,2055,10,下位,0,751,88
209,209,0,352,779,0,3,1870,98,1999,2055,10,下位,0,808,216
448,448,0,112,156,0,0,0,2079,840,137,3,下位,0,0,0
124,124,0,275,556,0,1,448,2079,840,137,3,下位,0,448,217
264,264,0,68,23,0,0,0,572,617,104,2,下位,0,0,0
92,92,0,447,869,0,1,264,572,617,104,2,下位,0,264,84
318,318,0,112,156,1,0,0,0,0,1,0,下位,0,0,0
319,319,0,342,717,1,1,318,0,0,1,0,下位,0,318,217
354,354,0,111,152,0,0,0,637,778,31,4,下位,0,0,0
377,377,0,111,152,0,1,354,637,778,31,4,下位,0,354,213
119,119,0,112,154,0,2,731,637,778,31,4,下位,0,377,213
345,345,0,112,156,0,3,850,637,778,31,4,下位,0,119,215
228,228,0,111,153,0,4,1195,637,778,31,4,下位,0,345,217
274,274,0,69,25,0,5,1423,637,778,31,4,下位,0,228,214
297,297,0,68,23,0,6,1697,637,778,31,4,下位,0,274,86
117,117,0,289,547,0,7,1994,637,778,31,4,下位,0,297,84
494,494,0,333,520,1,0,0,0,0,1,0,下位,0,0,0
510,510,0,114,160,0,0,0,494,581,-166,4,下位,0,0,0
360,360,0,70,28,0,1,510,494,581,-166,4,下位,0,510,221
401,401,0,111,151,0,2,870,494,581,-166,4,下位,0,360,89
688,688,0,68,24,0,3,1271,494,581,-166,4,下位,0,401,212
126,126,0,68,22,0,4,1959,494,581,-166,4,下位,0,688,85
423,423,0,1443,2990,0,5,2085,494,581,-166,4,下位,0,126,83
99,99,0,112,155,0,0,0,2508,3051,-225,21,下位,0,0,0
613,613,0,69,27,0,1,99,2508,3051,-225,21,下位,0,99,216
187,187,0,362,680,0,2,712,2508,3051,-225,21,下位,0,613,88
185,185,0,69,25,0,0,0,899,741,-542,4,下位,0,0,0
90,90,0,382,855,0,1,185,899,741,-542,4,下位,0,185,86
319,319,0,547,1199,1,0,0,0,0,1,0,下位,0,0,0
509,509,0,70,30,0,0,0,319,1260,778,7,下位,0,0,0
55,55,0,70,30,0,1,509,319,1260,778,7,下位,0,509,91
799,799,0,112,156,0,2,564,319,1260,778,7,下位,0,55,91
219,219,0,69,26,0,3,1363,319,1260,778,7,下位,0,799,217
350,350,0,113,158,0,4,1582,319,1260,778,7,下位,0,219,87
52,52,0,69,26,0,5,1932,319,1260,778,7,下位,0,350,219
260,260,0,111,153,0,6,1984,319,1260,778,7,下位,0,52,87
73,73,0,1381,3328,0,7,2244,319,1260,778,7,下位,0,260,214
135,135,0,68,22,0,0,0,2317,3389,1662,20,下位,0,0,0
284,284,0,105,133,0,1,135,2317,3389,1662,20,下位,0,135,83
85,85,0,102,126,0,2,419,2317,3389,1662,20,下位,0,284,194
206,206,0,306,565,0,3,504,2317,3389,1662,20,下位,0,85,187
307,307,0,111,152,0,0,0,710,626,1676,4,下位,0,0,0
187,187,0,111,152,0,1,307,710,626,1676,4,下位,0,307,213
150,150,0,1194,2604,0,2,494,710,626,1676,4,下位,0,187,213
207,207,0,68,22,1,0,0,0,0,1,0,下位,0,0,0
56,56,0,2290,5260,1,1,207,0,0,1,0,下位,0,207,83
164,164,0,1797,4191,0,0,0,263,5321,411,27,下位,0,0,0
231,231,0,113,159,1,0,0,0,0,1,0,下位,0,0,0
201,201,0,111,153,1,1,231,0,0,1,0,下位,0,231,220
61,61,0,111,152,1,2,432,0,0,1,0,下位,0,201,214
57,57,0,111,153,1,3,493,0,0,1,0,下位,0,61,213
234,234,0,111,152,1,4,550,0,0,1,0,下位,0,57,214
147,147,0,69,26,1,5,784,0,0,1,0,下位,0,234,213
357,357,0,112,156,1,6,931,0,0,1,0,下位,0,147,87
211,211,0,764,1548,1,7,1288,0,0,1,0,下位,0,357,217
105,105,0,112,155,0,0,0,1499,1609,716,11,下位,0,0,0
61,61,0,304,510,0,1,105,1499,1609,716,11,下位,0,105,216
47,47,0,69,26,1,0,0,0,0,1,0,下位,0,0,0
810,810,0,68,23,1,1,47,0,0,1,0,下位,0,47,87
520,520,0,110,149,1,2,857,0,0,1,0,下位,0,810,84
508,508,0,111,152,1,3,1377,0,0,1,0,下位,0,520,210
213,213,0,112,155,1,4,1885,0,0,1,0,下位,0,508,213
808,808,0,153,220,1,5,2098,0,0,1,0,下位,0,213,216
179,179,0,112,154,1,0,0,0,0,1,0,下位,0,0,0
724,724,0,359,658,1,1,179,0,0,1,0,下位,0,179,215
501,501,0,236,418,1,0,0,0,0,1,0,下位,0,0,0
192,192,0,111,153,0,0,0,501,479,-279,2,下位,0,0,0
61,61,0,70,29,0,1,192,501,479,-279,2,下位,0,192,214
58,58,0,114,160,0,2,253,501,479,-279,2,下位,0,61,90
349,349,0,109,146,0,3,311,501,479,-279,2,下位,0,58,221
266,266,0,110,150,0,4,660,501,479,-279,2,下位,0,349,207
181,181,0,1971,4428,0,5,926,501,479,-279,2,下位,0,266,211
83,83,0,785,1870,0,0,0,1107,4489,1218,26,下位,0,0,0
80,80,0,70,28,1,0,0,0,0,1,0,下位,0,0,0
322,322,0,70,29,1,1,80,0,0,1,0,下位,0,80,89
394,394,0,112,154,1,2,402,0,0,1,0,下位,0,322,90
808,808,0,69,26,1,3,796,0,0,1,0,下位,0,394,215
164,164,0,582,1321,1,4,1604,0,0,1,0,下位,0,808,87
250,250,0,111,152,0,0,0,1768,1382,-814,7,下位,0,0,0
201,201,0,112,156,0,1,250,1768,1382,-814,7,下位,0,250,213
385,385,0,591,1312,0,2,451,1768,1382,-814,7,下位,0,201,217
160,160,0,111,153,1,0,0,0,0,1,0,下位,0,0,0
811,811,0,113,157,1,1,160,0,0,1,0,下位,0,160,214
398,398,0,111,152,1,2,971,0,0,1,0,下位,0,811,218
534,534,0,109,147,1,3,1369,0,0,1,0,下位,0,398,213
85,85,0,111,152,1,4,1903,0,0,1,0,下位,0,534,208
810,810,0,113,158,1,5,1988,0,0,1,0,下位,0,85,213
98,98,0,1891,4087,1,6,2798,0,0,1,0,下位,0,810,219
163,163,0,68,24,1,0,0,0,0,1,0,下位,0,0,0
513,513,0,113,158,1,1,163,0,0,1,0,下位,0,163,85
301,301,0,70,29,1,2,676,0,0,1,0,下位,0,513,219
810,810,0,68,22,1,3,977,0,0,1,0,下位,0,301,90
81,81,0,546,1070,1,4,1787,0,0,1,0,下位,0,810,83
235,235,0,233,429,1,0,0,0,0,1,0,下位,0,0,0
105,105,0,111,152,1,0,0,0,0,1,0,下位,0,0,0
174,174,0,68,22,1,1,105,0,0,1,0,下位,0,105,213
45,45,0,111,153,1,2,279,0,0,1,0,下位,0,174,83
132,132,0,359,691,1,3,324,0,0,1,0,下位,0,45,214
510,510,0,111,152,0,0,0,456,752,572,4,下位,0,0,0
273,273,0,68,22,0,1,510,456,752,572,4,下位,0,510,213
290,290,0,68,22,0,2,783,456,752,572,4,下位,0,273,83
586,586,0,109,147,0,3,1073,456,752,572,4,下位,0,290,83
126,126,0,68,23,0,4,1659,456,752,572,4,下位,0,586,208
806,806,0,112,155,0,5,1785,456,752,572,4,下位,0,126,84
309,309,0,112,154,0,6,2591,456,752,572,4,下位,0,806,216
198,198,0,213,316,0,7,2900,456,752,572,4,下位,0,309,215
429,429,0,68,23,0,0,0,3098,377,-2643,1,下位,0,0,0
292,292,0,68,22,0,1,429,3098,377,-2643,1,下位,0,429,84
253,253,0,112,154,0,2,721,3098,377,-2643,1,下位,0,292,83
105,105,0,471,1044,0,3,974,3098,377,-2643,1,下位,0,253,215
96,96,0,371,686,0,0,0,1079,1105,-2790,5,下位,0,0,0
510,510,0,415,803,0,0,0,96,747,-2188,4,下位,0,0,0
484,484,0,112,156,1,0,0,0,0,1,0,下位,0,0,0
154,154,0,226,440,1,1,484,0,0,1,0,下位,0,484,217
431,431,0,181,178,0,0,0,638,501,-247,2,下位,0,0,0
201,201,0,111,152,0,0,0,431,239,-661,1,下位,0,0,0
630,630,0,1302,2630,0,1,201,431,239,-661,1,下位,0,201,213
336,336,0,111,152,0,0,0,831,2691,983,18,下位,0,0,0
404,404,0,112,156,0,1,336,831,2691,983,18,下位,0,336,213
266,266,0,306,654,0,2,740,831,2691,983,18,下位,0,404,217
477,477,0,113,157,0,0,0,1006,715,604,3,下位,0,0,0
154,154,0,472,920,0,1,477,1006,715,604,3,下位,0,477,218
509,509,0,1259,2900,0,0,0,631,981,847,4,下位,0,0,0
500,500,0,68,23,1,0,0,0,0,1,0,下位,0,0,0
171,171,0,113,159,1,1,500,0,0,1,0,下位,0,500,84
408,408,0,69,25,1,2,671,0,0,1,0,下位,0,171,220
259,259,0,114,161,1,3,1079,0,0,1,0,下位,0,408,86
332,332,0,111,152,1,4,1338,0,0,1,0,下位,0,259,222
808,808,0,111,152,1,5,1670,0,0,1,0,下位,0,332,213
102,102,0,111,153,1,6,2478,0,0,1,0,下位,0,808,213
121,121,0,112,156,1,7,2580,0,0,1,0,下位,0,102,214
325,325,0,113,158,1,8,2701,0,0,1,0,下位,0,121,217
52,52,0,460,931,1,9,3026,0,0,1,0,下位,0,325,219
51,51,0,112,155,0,0,0,3078,992,-1982,4,下位,0,0,0
535,535,0,68,22,0,1,51,3078,992,-1982,4,下位,0,51,216
248,248,0,112,155,0,2,586,3078,992,-1982,4,下位,0,535,83
808,808,0,68,24,0,3,834,3078,992,-1982,4,下位,0,248,216
64,64,0,68,24,0,4,1642,3078,992,-1982,4,下位,0,808,85
62,62,0,112,154,0,5,1706,3078,992,-1982,4,下位,0,64,85
566,566,0,247,408,0,6,1768,3078,992,-1982,4,下位,0,62,215
500,500,0,112,155,1,0,0,0,0,1,0,下位,0,0,0
552,552,0,112,154,1,1,500,0,0,1,0,下位,0,500,216
89,89,0,112,154,1,2,1052,0,0,1,0,下位,0,552,215
472,472,0,69,26,1,3,1141,0,0,1,0,下位,0,89,215
105,105,0,64,11,1,4,1613,0,0,1,0,下位,0,472,87
146,146,0,68,24,1,5,1718,0,0,1,0,下位,0,105,72
609,609,0,272,526,1,6,1864,0,0,1,0,下位,0,146,85
509,509,0,112,156,0,0,0,2473,587,-2269,2,下位,0,0,0
153,153,0,111,153,0,1,509,2473,587,-2269,2,下位,0,509,217
127,127,0,113,158,0,2,662,2473,587,-2269,2,下位,0,153,214
62,62,0,68,24,0,3,789,2473,587,-2269,2,下位,0,127,219
55,55,0,701,1537,0,4,851,2473,587,-2269,2,下位,0,62,85
161,161,0,1424,3377,0,0,0,906,1598,-1308,10,下位,0,0,0
500,500,0,112,154,1,0,0,0,0,1,0,下位,0,0,0
348,348,0,113,157,1,1,500,0,0,1,0,下位,0,500,215
808,808,0,111,153,1,2,848,0,0,1,0,下位,0,348,218
138,138,0,68,22,1,3,1656,0,0,1,0,下位,0,808,214
758,758,0,111,152,1,4,1794,0,0,1,0,下位,0,138,83
786,786,0,228,426,1,5,2552,0,0,1,0,下位,0,758,213
321,321,0,112,156,0,0,0,3338,487,-3626,2,下位,0,0,0
808,808,0,1579,3275,0,1,321,3338,487,-3626,2,下位,0,321,217
209,209,0,701,1661,0,0,0,1129,3336,-1783,20,下位,0,0,0
138,138,0,1754,4317,0,0,0,209,1722,-378,8,下位,0,0,0
470,470,0,267,572,1,0,0,0,0,1,0,下位,0,0,0
289,289,0,474,860,0,0,0,470,633,-78,2,下位,0,0,0
414,414,0,68,22,0,0,0,289,921,405,5,下位,0,0,0
252,252,0,114,160,0,1,414,289,921,405,5,下位,0,414,83
107,107,0,112,156,0,2,666,289,921,405,5,下位,0,252,221
158,158,0,373,683,0,3,773,289,921,405,5,下位,0,107,217
186,186,0,112,155,0,0,0,931,744,260,4,下位,0,0,0
371,371,0,70,30,0,1,186,931,744,260,4,下位,0,186,216
350,350,0,113,159,0,2,557,931,744,260,4,下位,0,371,91
808,808,0,111,153,0,3,907,931,744,260,4,下位,0,350,220
168,168,0,113,157,0,4,1715,931,744,260,4,下位,0,808,214
339,339,0,111,152,0,5,1883,931,744,260,4,下位,0,168,218
184,184,0,113,158,0,6,2222,931,744,260,4,下位,0,339,213
58,58,0,388,858,0,7,2406,931,744,260,4,下位,0,184,219
427,427,0,111,153,1,0,0,0,0,1,0,下位,0,0,0
536,536,0,107,139,1,1,427,0,0,1,0,下位,0,427,214
813,813,0,112,154,1,2,963,0,0,1,0,下位,0,536,200
536,536,0,68,24,1,3,1776,0,0,1,0,下位,0,813,215
350,350,0,113,157,1,4,2312,0,0,1,0,下位,0,536,85
48,48,0,69,25,1,5,2662,0,0,1,0,下位,0,350,218
812,812,0,68,22,1,6,2710,0,0,1,0,下位,0,48,86
191,191,0,112,154,1,7,3522,0,0,1,0,下位,0,812,83
209,209,0,2568,5807,1,8,3713,0,0,1,0,下位,0,191,215
204,204,0,112,154,0,0,0,3922,5868,1243,33,下位,0,0,0
167,167,0,111,152,0,1,204,3922,5868,1243,33,下位,0,204,215
809,809,0,112,154,0,2,371,3922,5868,1243,33,下位,0,167,213
150,150,0,68,22,0,3,1180,3922,5868,1243,33,下位,0,809,215
411,411,0,112,156,0,4,1330,3922,5868,1243,33,下位,0,150,83
169,169,0,427,964,0,5,1741,3922,5868,1243,33,下位,0,411,217
34,34,0,112,156,1,0,0,0,0,1,0,下位,0,0,0
808,808,0,68,23,1,1,34,0,0,1,0,下位,0,34,217
539,539,0,759,1424,1,2,842,0,0,1,0,下位,0,808,84
85,85,0,68,23,0,0,0,1381,1485,-306,10,下位,0,0,0
417,417,0,109,145,0,1,85,1381,1485,-306,10,下位,0,85,84
660,660,0,109,146,0,2,502,1381,1485,-306,10,下位,0,417,206
128,128,0,113,159,0,3,1162,1381,1485,-306,10,下位,0,660,207
81,81,0,732,1552,0,4,1290,1381,1485,-306,10,下位,0,128,220
112,112,0,154,221,0,0,0,1371,1613,-54,9,下位,0,0,0
209,209,0,112,155,0,0,0,112,282,58,1,下位,0,0,0
330,330,0,206,326,0,1,209,112,282,58,1,下位,0,209,216
418,418,0,111,153,0,0,0,539,387,-156,1,下位,0,0,0
54,54,0,2175,5048,0,1,418,539,387,-156,1,下位,0,418,214
500,500,0,114,161,1,0,0,0,0,1,0,下位,0,0,0
314,314,0,113,159,1,1,500,0,0,1,0,下位,0,500,222
169,169,0,68,24,1,2,814,0,0,1,0,下位,0,314,220
132,132,0,494,1022,1,3,983,0,0,1,0,下位,0,169,85
510,510,0,112,156,0,0,0,1115,1083,-79,5,下位,0,0,0
233,233,0,112,155,0,1,510,1115,1083,-79,5,下位,0,510,217
581,581,0,404,615,0,2,743,1115,1083,-79,5,下位,0,233,216
209,209,0,111,153,0,0,0,1324,676,-976,4,下位,0,0,0
284,284,0,850,1822,0,1,209,1324,676,-976,4,下位,0,209,214
94,94,0,69,27,0,0,0,493,1883,374,11,下位,0,0,0
216,216,0,112,154,0,1,94,493,1883,374,11,下位,0,94,88
808,808,0,1913,4241,0,2,310,493,1883,374,11,下位,0,216,215
107,107,0,1138,2641,0,0,0,1118,4302,999,25,下位,0,0,0
500,500,0,69,26,1,0,0,0,0,1,0,下位,0,0,0
716,716,0,274,559,1,1,500,0,0,1,0,下位,0,500,87
194,194,0,111,152,0,0,0,1216,620,-1135,2,下位,0,0,0
101,101,0,111,152,0,1,194,1216,620,-1135,2,下位,0,194,213
146,146,0,69,26,0,2,295,1216,620,-1135,2,下位,0,101,213
400,400,0,114,160,0,3,441,1216,620,-1135,2,下位,0,146,87
251,251,0,112,154,0,4,841,1216,620,-1135,2,下位,0,400,221
245,245,0,114,160,0,5,1092,1216,620,-1135,2,下位,0,251,215
209,209,0,1232,2756,0,6,1337,1216,620,-1135,2,下位,0,245,221
509,509,0,114,161,0,0,0,1546,2817,510,15,下位,0,0,0
165,165,0,1280,2858,0,1,509,1546,2817,510,15,下位,0,509,222
354,354,0,112,154,1,0,0,0,0,1,0,下位,0,0,0
808,808,0,113,158,1,1,354,0,0,1,0,下位,0,354,215
220,220,0,68,24,1,2,1162,0,0,1,0,下位,0,808,219
188,188,0,114,160,1,3,1382,0,0,1,0,下位,0,220,85
120,120,0,68,24,1,4,1570,0,0,1,0,下位,0,188,221
190,190,0,69,26,1,5,1690,0,0,1,0,下位,0,120,85
206,206,0,70,28,1,6,1880,0,0,1,0,下位,0,190,87
133,133,0,510,1075,1,7,2086,0,0,1,0,下位,0,206,89
500,500,0,68,24,1,0,0,0,0,1,0,下位,0,0,0
101,101,0,186,363,1,1,500,0,0,1,0,下位,0,500,85
509,509,0,112,156,0,0,0,601,424,-401,1,下位,0,0,0
156,156,0,112,154,0,1,509,601,424,-401,1,下位,0,509,217
627,627,0,68,23,0,2,665,601,424,-401,1,下位,0,156,215
595,595,0,70,29,0,3,1292,601,424,-401,1,下位,0,627,84
338,338,0,273,536,0,4,1887,601,424,-401,1,下位,0,595,90
236,236,0,112,155,1,0,0,0,0,1,0,下位,0,0,0
239,239,0,69,26,1,1,236,0,0,1,0,下位,0,236,216
809,809,0,112,155,1,2,475,0,0,1,0,下位,0,239,87
209,209,0,112,154,1,3,1284,0,0,1,0,下位,0,809,216
627,627,0,112,155,1,4,1493,0,0,1,0,下位,0,209,215
728,728,0,109,146,1,5,2120,0,0,1,0,下位,0,627,216
416,416,0,533,1241,1,6,2848,0,0,1,0,下位,0,728,207
107,107,0,113,157,0,0,0,3264,1302,-2486,6,下位,0,0,0
584,584,0,114,160,0,1,107,3264,1302,-2486,6,下位,0,107,218
134,134,0,112,155,0,2,691,3264,1302,-2486,6,下位,0,584,221
157,157,0,69,25,0,3,825,3264,1302,-2486,6,下位,0,134,216
322,322,0,69,25,0,4,982,3264,1302,-2486,6,下位,0,157,86
192,192,0,112,154,0,5,1304,3264,1302,-2486,6,下位,0,322,86
184,184,0,1045,2063,0,6,1496,3264,1302,-2486,6,下位,0,192,215
464,464,0,68,24,1,0,0,0,0,1,0,下位,0,0,0
158,158,0,111,153,1,1,464,0,0,1,0,下位,0,464,85
809,809,0,65,15,1,2,622,0,0,1,0,下位,0,158,214
478,478,0,1039,2258,1,3,1431,0,0,1,0,下位,0,809,76
509,509,0,1436,3220,0,0,0,1909,2319,-197,12,下位,0,0,0
209,209,0,66,18,0,0,0,509,3281,2313,18,下位,0,0,0
111,111,0,69,25,0,1,209,509,3281,2313,18,下位,0,209,79
126,126,0,68,22,0,2,320,509,3281,2313,18,下位,0,111,86
196,196,0,68,22,0,3,446,509,3281,2313,18,下位,0,126,83
501,501,0,408,773,0,4,642,509,3281,2313,18,下位,0,196,83
509,509,0,69,26,0,0,0,1143,834,1746,4,下位,0,0,0
72,72,0,111,153,0,1,509,1143,834,1746,4,下位,0,509,87
158,158,0,111,153,0,2,581,1143,834,1746,4,下位,0,72,214
173,173,0,68,24,0,3,739,1143,834,1746,4,下位,0,158,214
118,118,0,113,159,0,4,912,1143,834,1746,4,下位,0,173,85
455,455,0,68,24,0,5,1030,1143,834,1746,4,下位,0,118,220
198,198,0,70,29,0,6,1485,1143,834,1746,4,下位,0,455,85
302,302,0,112,156,0,7,1683,1143,834,1746,4,下位,0,198,90
149,149,0,966,1835,0,8,1985,1143,834,1746,4,下位,0,302,217
114,114,0,68,22,1,0,0,0,0,1,0,下位,0,0,0
466,466,0,68,22,1,1,114,0,0,1,0,下位,0,114,83
354,354,0,111,153,1,2,580,0,0,1,0,下位,0,466,83
697,697,0,112,155,1,3,934,0,0,1,0,下位,0,354,214
91,91,0,112,156,1,4,1631,0,0,1,0,下位,0,697,216
486,486,0,112,155,1,5,1722,0,0,1,0,下位,0,91,217
519,519,0,537,1098,1,6,2208,0,0,1,0,下位,0,486,216
500,500,0,112,154,1,0,0,0,0,1,0,下位,0,0,0
73,73,0,114,160,1,1,500,0,0,1,0,下位,0,500,215
352,352,0,112,156,1,2,573,0,0,1,0,下位,0,73,221
809,809,0,68,24,1,3,925,0,0,1,0,下位,0,352,217
136,136,0,111,152,1,4,1734,0,0,1,0,下位,0,809,85
67,67,0,113,158,1,5,1870,0,0,1,0,下位,0,136,213
375,375,0,68,23,1,6,1937,0,0,1,0,下位,0,67,219
552,552,0,105,135,1,7,2312,0,0,1,0,下位,0,375,84
810,810,0,111,152,1,8,2864,0,0,1,0,下位,0,552,196
73,73,0,652,1421,1,9,3674,0,0,1,0,下位,0,810,213
200,200,0,112,156,1,0,0,0,0,1,0,下位,0,0,0
261,261,0,113,159,1,1,200,0,0,1,0,下位,0,200,217
808,808,0,68,22,1,2,461,0,0,1,0,下位,0,261,220
124,124,0,322,625,1,3,1269,0,0,1,0,下位,0,808,83
500,500,0,70,28,1,0,0,0,0,1,0,下位,0,0,0
289,289,0,113,158,1,1,500,0,0,1,0,下位,0,500,89
155,155,0,111,153,1,2,789,0,0,1,0,下位,0,289,219
52,52,0,68,23,1,3,944,0,0,1,0,下位,0,155,214
201,201,0,113,158,1,4,996,0,0,1,0,下位,0,52,84
212,212,0,111,152,1,5,1197,0,0,1,0,下位,0,201,219
161,161,0,1234,2994,1,6,1409,0,0,1,0,下位,0,212,213
183,183,0,743,1837,0,0,0,1570,3055,1714,17,下位,0,0,0
114,114,0,68,24,0,0,0,183,1898,1051,8,下位,0,0,0
558,558,0,580,1021,0,1,114,183,1898,1051,8,下位,0,114,85
510,510,0,68,24,0,0,0,672,1082,1200,8,下位,0,0,0
281,281,0,114,160,0,1,510,672,1082,1200,8,下位,0,510,85
809,809,0,112,154,0,2,791,672,1082,1200,8,下位,0,281,221
89,89,0,507,923,0,3,1600,672,1082,1200,8,下位,0,809,215
289,289,0,145,237,1,0,0,0,0,1,0,下位,0,0,0
110,110,0,112,154,0,0,0,289,298,-139,1,下位,0,0,0
395,395,0,68,23,0,1,110,289,298,-139,1,下位,0,110,215
107,107,0,291,337,0,2,505,289,298,-139,1,下位,0,395,84
509,509,0,69,26,0,0,0,612,398,-369,2,下位,0,0,0
177,177,0,69,27,0,1,509,612,398,-369,2,下位,0,509,87
353,353,0,112,154,0,2,686,612,398,-369,2,下位,0,177,88
136,136,0,69,26,0,3,1039,612,398,-369,2,下位,0,353,215
56,56,0,111,153,0,4,1175,612,398,-369,2,下位,0,136,87
196,196,0,69,25,0,5,1231,612,398,-369,2,下位,0,56,214
60,60,0,112,156,0,6,1427,612,398,-369,2,下位,0,196,86
256,256,0,113,158,0,7,1487,612,398,-369,2,下位,0,60,217
314,314,0,827,1644,0,8,1743,612,398,-369,2,下位,0,256,219
123,123,0,111,152,0,0,0,2057,1705,-568,11,下位,0,0,0
809,809,0,112,155,0,1,123,2057,1705,-568,11,下位,0,123,213
82,82,0,457,987,0,2,932,2057,1705,-568,11,下位,0,809,216
500,500,0,68,23,1,0,0,0,0,1,0,下位,0,0,0
355,355,0,113,159,1,1,500,0,0,1,0,下位,0,500,84
460,460,0,357,754,1,2,855,0,0,1,0,下位,0,355,220
325,325,0,68,23,1,0,0,0,0,1,0,下位,0,0,0
179,179,0,949,2158,1,1,325,0,0,1,0,下位,0,325,84
264,264,0,68,22,0,0,0,504,2219,1541,12,下位,0,0,0
197,197,0,114,160,0,1,264,504,2219,1541,12,下位,0,264,83
107,107,0,112,155,0,2,461,504,2219,1541,12,下位,0,197,221
56,56,0,70,28,0,3,568,504,2219,1541,12,下位,0,107,216
813,813,0,68,24,0,4,624,504,2219,1541,12,下位,0,56,89
135,135,0,69,25,0,5,1437,504,2219,1541,12,下位,0,813,85
812,812,0,68,22,0,6,1572,504,2219,1541,12,下位,0,135,86
809,809,0,111,153,0,7,2384,504,2219,1541,12,下位,0,812,83
569,569,0,113,157,0,8,3193,504,2219,1541,12,下位,0,809,214
499,499,0,71,31,0,9,3762,504,2219,1541,12,下位,0,569,218
121,121,0,753,1770,0,10,4261,504,2219,1541,12,下位,0,499,92
65,65,0,112,154,1,0,0,0,0,1,0,下位,0,0,0
51,51,0,1246,2784,1,1,65,0,0,1,0,下位,0,65,215
503,503,0,112,156,0,0,0,116,2845,616,17,下位,0,0,0
87,87,0,112,156,0,1,503,116,2845,616,17,下位,0,503,217
267,267,0,646,1364,0,2,590,116,2845,616,17,下位,0,87,217
190,190,0,112,154,0,0,0,857,1425,1176,8,下位,0,0,0
370,370,0,113,157,0,1,190,857,1425,1176,8,下位,0,190,215
157,157,0,511,1115,0,2,560,857,1425,1176,8,下位,0,370,218
509,509,0,112,154,0,0,0,717,1176,1698,6,下位,0,0,0
644,644,0,111,152,0,1,509,717,1176,1698,6,下位,0,509,215
586,586,0,68,22,0,2,1153,717,1176,1698,6,下位,0,644,213
84,84,0,353,625,0,3,1739,717,1176,1698,6,下位,0,586,83
184,184,0,69,27,0,0,0,1823,686,133,5,下位,0,0,0
413,413,0,634,1451,0,1,184,1823,686,133,5,下位,0,184,88
285,285,0,111,152,1,0,0,0,0,1,0,下位,0,0,0
149,149,0,68,23,1,1,285,0,0,1,0,下位,0,285,213
123,123,0,807,1713,1,2,434,0,0,1,0,下位,0,149,84
327,327,0,111,153,0,0,0,557,1774,1228,11,下位,0,0,0
267,267,0,112,155,0,1,327,557,1774,1228,11,下位,0,327,214
808,808,0,114,160,0,2,594,557,1774,1228,11,下位,0,267,216
170,170,0,113,158,0,3,1402,557,1774,1228,11,下位,0,808,221
148,148,0,68,24,0,4,1572,557,1774,1228,11,下位,0,170,219
245,245,0,113,158,0,5,1720,557,1774,1228,11,下位,0,148,85
231,231,0,111,153,0,6,1965,557,1774,1228,11,下位,0,245,219
161,161,0,68,24,0,7,2196,557,1774,1228,11,下位,0,231,214
107,107,0,1343,2631,0,8,2357,557,1774,1228,11,下位,0,161,85
85,85,0,313,567,1,0,0,0,0,1,0,下位,0,0,0
99,99,0,68,22,0,0,0,85,628,500,4,下位,0,0,0
334,334,0,106,138,0,1,99,85,628,500,4,下位,0,99,83
79,79,0,555,1174,0,2,433,85,628,500,4,下位,0,334,199
293,293,0,69,25,0,0,0,512,1235,1241,7,下位,0,0,0
101,101,0,114,160,0,1,293,512,1235,1241,7,下位,0,293,86
234,234,0,112,156,0,2,394,512,1235,1241,7,下位,0,101,221
198,198,0,112,155,0,3,628,512,1235,1241,7,下位,0,234,217
94,94,0,69,25,0,4,826,512,1235,1241,7,下位,0,198,216
245,245,0,112,154,0,5,920,512,1235,1241,7,下位,0,94,86
592,592,0,68,24,0,6,1165,512,1235,1241,7,下位,0,245,215
47,47,0,334,502,0,7,1757,512,1235,1241,7,下位,0,592,85
509,509,0,114,160,0,0,0,1804,563,197,4,下位,0,0,0
324,324,0,274,510,0,1,509,1804,563,197,4,下位,0,509,221
483,483,0,114,161,1,0,0,0,0,1,0,下位,0,0,0
120,120,0,915,2137,1,1,483,0,0,1,0,下位,0,483,222
209,209,0,68,23,0,0,0,603,2198,1507,11,下位,0,0,0
275,275,0,240,410,0,1,209,603,2198,1507,11,下位,0,209,84
326,326,0,267,554,0,0,0,484,471,1328,2,下位,0,0,0
55,55,0,112,155,0,0,0,326,615,1449,2,下位,0,0,0
642,642,0,112,156,0,1,55,326,615,1449,2,下位,0,55,216
737,737,0,309,545,0,2,697,326,615,1449,2,下位,0,642,217
509,509,0,111,152,0,0,0,1434,606,315,4,下位,0,0,0
107,107,0,113,159,0,1,509,1434,606,315,4,下位,0,509,213
111,111,0,68,23,0,2,616,1434,606,315,4,下位,0,107,220
81,81,0,881,1741,0,3,727,1434,606,315,4,下位,0,111,84
500,500,0,109,145,1,0,0,0,0,1,0,下位,0,0,0
142,142,0,112,156,1,1,500,0,0,1,0,下位,0,500,206
808,808,0,69,25,1,2,642,0,0,1,0,下位,0,142,217
524,524,0,111,152,1,3,1450,0,0,1,0,下位,0,808,86
347,347,0,69,27,1,4,1974,0,0,1,0,下位,0,524,213
209,209,0,353,555,1,5,2321,0,0,1,0,下位,0,347,88
353,353,0,432,774,0,0,0,2530,616,-2407,3,下位,0,0,0
168,168,0,228,445,0,0,0,353,835,-2107,4,下位,0,0,0
101,101,0,68,23,0,0,0,168,506,-1856,2,下位,0,0,0
167,167,0,111,153,0,1,101,168,506,-1856,2,下位,0,101,84
256,256,0,248,405,0,2,268,168,506,-1856,2,下位,0,167,214
444,444,0,112,155,0,0,0,524,466,-1886,2,下位,0,0,0
396,396,0,111,152,0,1,444,524,466,-1886,2,下位,0,444,216
45,45,0,724,1192,0,2,840,524,466,-1886,2,下位,0,396,213
382,382,0,68,24,1,0,0,0,0,1,0,下位,0,0,0
383,383,0,68,23,1,1,382,0,0,1,0,下位,0,382,85
59,59,0,109,145,1,2,765,0,0,1,0,下位,0,383,84
810,810,0,69,25,1,3,824,0,0,1,0,下位,0,59,206
804,804,0,69,25,1,4,1634,0,0,1,0,下位,0,810,86
100,100,0,68,23,1,5,2438,0,0,1,0,下位,0,804,86
184,184,0,69,25,1,6,2538,0,0,1,0,下位,0,100,84
809,809,0,432,956,1,7,2722,0,0,1,0,下位,0,184,86
509,509,0,109,146,0,0,0,3531,1017,-3615,4,下位,0,0,0
203,203,0,70,28,0,1,509,3531,1017,-3615,4,下位,0,509,207
387,387,0,69,26,0,2,712,3531,1017,-3615,4,下位,0,203,89
72,72,0,113,157,0,3,1099,3531,1017,-3615,4,下位,0,387,87
769,769,0,110,150,0,4,1171,3531,1017,-3615,4,下位,0,72,218
502,502,0,346,684,0,5,1940,3531,1017,-3615,4,下位,0,769,211
217,217,0,111,152,1,0,0,0,0,1,0,下位,0,0,0
96,96,0,68,24,1,1,217,0,0,1,0,下位,0,217,213
437,437,0,71,32,1,2,313,0,0,1,0,下位,0,96,85
150,150,0,882,1920,1,3,750,0,0,1,0,下位,0,437,93
74,74,0,112,154,0,0,0,900,1981,1010,12,下位,0,0,0
61,61,0,68,23,0,1,74,900,1981,1010,12,下位,0,74,215
135,135,0,460,743,0,2,135,900,1981,1010,12,下位,0,61,84
98,98,0,70,29,0,0,0,270,804,1704,4,下位,0,0,0
190,190,0,68,22,0,1,98,270,804,1704,4,下位,0,98,90
83,83,0,871,1891,0,2,288,270,804,1704,4,下位,0,190,83
115,115,0,71,32,0,0,0,371,1952,904,10,下位,0,0,0
469,469,0,69,25,0,1,115,371,1952,904,10,下位,0,115,93
351,351,0,112,156,0,2,584,371,1952,904,10,下位,0,469,86
654,654,0,106,138,0,3,935,371,1952,904,10,下位,0,351,217
808,808,0,112,156,0,4,1589,371,1952,904,10,下位,0,654,199
161,161,0,367,669,0,5,2397,371,1952,904,10,下位,0,808,217
20,20,0,69,25,1,0,0,0,0,1,0,下位,0,0,0
47,47,0,111,152,1,1,20,0,0,1,0,下位,0,20,86
808,808,0,113,158,1,2,67,0,0,1,0,下位,0,47,213
646,646,0,68,22,1,3,875,0,0,1,0,下位,0,808,219
746,746,0,111,152,1,4,1521,0,0,1,0,下位,0,646,83
808,808,0,68,22,1,5,2267,0,0,1,0,下位,0,746,213
46,46,0,232,427,1,6,3075,0,0,1,0,下位,0,808,83
75,75,0,68,24,1,0,0,0,0,1,0,下位,0,0,0
381,381,0,112,154,1,1,75,0,0,1,0,下位,0,75,85
279,279,0,69,26,1,2,456,0,0,1,0,下位,0,381,215
138,138,0,509,1084,1,3,735,0,0,1,0,下位,0,279,87
509,509,0,68,23,0,0,0,873,1145,210,6,下位,0,0,0
199,199,0,70,30,0,1,509,873,1145,210,6,下位,0,509,84
521,521,0,112,155,0,2,708,873,1145,210,6,下位,0,199,91
66,66,0,111,152,0,3,1229,873,1145,210,6,下位,0,521,216
461,461,0,747,1457,0,4,1295,873,1145,210,6,下位,0,66,213
117,117,0,366,684,1,0,0,0,0,1,0,下位,0,0,0
396,396,0,69,25,0,0,0,117,745,569,4,下位,0,0,0
713,713,0,112,155,0,1,396,117,745,569,4,下位,0,396,86
283,283,0,68,22,0,2,1109,117,745,569,4,下位,0,713,216
210,210,0,68,22,0,3,1392,117,745,569,4,下位,0,283,83
138,138,0,66,16,0,4,1602,117,745,569,4,下位,0,210,83
114,114,0,113,158,0,5,1740,117,745,569,4,下位,0,138,77
65,65,0,68,22,0,6,1854,117,745,569,4,下位,0,114,219
808,808,0,2120,4675,0,7,1919,117,745,569,4,下位,0,65,83
173,173,0,388,824,1,0,0,0,0,1,0,下位,0,0,0
315,315,0,112,156,0,0,0,173,885,624,4,下位,0,0,0
139,139,0,628,1311,0,1,315,173,885,624,4,下位,0,315,217
509,509,0,107,140,0,0,0,454,1372,1525,6,下位,0,0,0
149,149,0,113,158,0,1,509,454,1372,1525,6,下位,0,509,201
582,582,0,113,157,0,2,658,454,1372,1525,6,下位,0,149,219
232,232,0,63,8,0,3,1240,454,1372,1525,6,下位,0,582,218
50,50,0,112,154,0,4,1472,454,1372,1525,6,下位,0,232,69
146,146,0,578,1274,0,5,1522,454,1372,1525,6,下位,0,50,215
123,123,0,68,23,0,0,0,1668,1335,1254,7,下位,0,0,0
80,80,0,1797,4055,0,1,123,1668,1335,1254,7,下位,0,123,84
406,406,0,112,155,1,0,0,0,0,1,0,下位,0,0,0
150,150,0,111,152,1,1,406,0,0,1,0,下位,0,406,216
204,204,0,142,207,1,2,556,0,0,1,0,下位,0,150,213
508,508,0,381,643,0,0,0,760,268,-453,1,下位,0,0,0
509,509,0,148,229,0,0,0,508,704,-519,4,下位,0,0,0
508,508,0,111,152,0,0,0,509,290,-1000,1,下位,0,0,0
184,184,0,112,154,0,1,508,509,290,-1000,1,下位,0,508,213
126,126,0,69,25,0,2,692,509,290,-1000,1,下位,0,184,215
476,476,0,70,29,0,3,818,509,290,-1000,1,下位,0,126,86
209,209,0,559,1241,0,4,1294,509,290,-1000,1,下位,0,476,90
204,204,0,70,28,0,0,0,1503,1302,-1372,6,下位,0,0,0
461,461,0,114,161,0,1,204,1503,1302,-1372,6,下位,0,204,89
439,439,0,68,22,0,2,665,1503,1302,-1372,6,下位,0,461,222
212,212,0,112,154,0,3,1104,1503,1302,-1372,6,下位,0,439,83
103,103,0,68,22,0,4,1316,1503,1302,-1372,6,下位,0,212,215
127,127,0,70,28,0,5,1419,1503,1302,-1372,6,下位,0,103,83
405,405,0,519,1170,0,6,1546,1503,1302,-1372,6,下位,0,127,89
500,500,0,112,154,1,0,0,0,0,1,0,下位,0,0,0
372,372,0,111,153,1,1,500,0,0,1,0,下位,0,500,215
58,58,0,486,821,1,2,872,0,0,1,0,下位,0,372,214
298,298,0,68,23,0,0,0,930,882,-98,5,下位,0,0,0
62,62,0,69,26,0,1,298,930,882,-98,5,下位,0,298,84
335,335,0,68,22,0,2,360,930,882,-98,5,下位,0,62,87
61,61,0,111,152,0,3,695,930,882,-98,5,下位,0,335,83
152,152,0,112,155,0,4,756,930,882,-98,5,下位,0,61,213
83,83,0,68,22,0,5,908,930,882,-98,5,下位,0,152,216
808,808,0,233,420,0,6,991,930,882,-98,5,下位,0,83,83
189,189,0,112,156,0,0,0,1799,481,-1577,2,下位,0,0,0
546,546,0,69,25,0,1,189,1799,481,-1577,2,下位,0,189,217
81,81,0,111,152,0,2,735,1799,481,-1577,2,下位,0,546,86
307,307,0,504,1108,0,3,816,1799,481,-1577,2,下位,0,81,213
136,136,0,111,153,0,0,0,1123,1169,-1593,6,下位,0,0,0
154,154,0,111,153,0,1,136,1123,1169,-1593,6,下位,0,136,214
287,287,0,112,154,0,2,290,1123,1169,-1593,6,下位,0,154,214
139,139,0,69,26,0,3,577,1123,1169,-1593,6,下位,0,287,215
48,48,0,1045,2382,0,4,716,1123,1169,-1593,6,下位,0,139,87
275,275,0,66,16,1,0,0,0,0,1,0,下位,0,0,0
210,210,0,68,22,1,1,275,0,0,1,0,下位,0,275,77
639,639,0,68,23,1,2,485,0,0,1,0,下位,0,210,83
267,267,0,112,154,1,3,1124,0,0,1,0,下位,0,639,84
228,228,0,112,154,1,4,1391,0,0,1,0,下位,0,267,215
422,422,0,111,152,1,5,1619,0,0,1,0,下位,0,228,215
94,94,0,112,155,1,6,2041,0,0,1,0,下位,0,422,213
148,148,0,112,155,1,7,2135,0,0,1,0,下位,0,94,216
413,413,0,382,783,1,8,2283,0,0,1,0,下位,0,148,216
467,467,0,112,155,1,0,0,0,0,1,0,下位,0,0,0
341,341,0,111,152,1,1,467,0,0,1,0,下位,0,467,216
612,612,0,113,157,1,2,808,0,0,1,0,下位,0,341,213
468,468,0,113,159,1,3,1420,0,0,1,0,下位,0,612,218
636,636,0,68,24,1,4,1888,0,0,1,0,下位,0,468,220
524,524,0,111,153,1,5,2524,0,0,1,0,下位,0,636,85
287,287,0,111,152,1,6,3048,0,0,1,0,下位,0,524,214
162,162,0,68,23,1,7,3335,0,0,1,0,下位,0,287,213
82,82,0,68,24,1,8,3497,0,0,1,0,下位,0,162,84
204,204,0,71,31,1,9,3579,0,0,1,0,下位,0,82,85
429,429,0,337,724,1,10,3783,0,0,1,0,下位,0,204,92
416,416,0,111,153,0,0,0,4212,785,-3956,4,下位,0,0,0
220,220,0,68,22,0,1,416,4212,785,-3956,4,下位,0,416,214
221,221,0,68,24,0,2,636,4212,785,-3956,4,下位,0,220,83
249,249,0,112,154,0,3,857,4212,785,-3956,4,下位,0,221,85
93,93,0,112,155,0,4,1106,4212,785,-3956,4,下位,0,249,215
542,542,0,985,2211,0,5,1199,4212,785,-3956,4,下位,0,93,216
306,306,0,112,156,1,0,0,0,0,1,0,下位,0,0,0
370,370,0,1100,2487,1,1,306,0,0,1,0,下位,0,306,217
310,310,0,70,29,0,0,0,676,2548,1741,13,下位,0,0,0
173,173,0,259,508,0,1,310,676,2548,1741,13,下位,0,310,90
71,71,0,109,146,1,0,0,0,0,1,0,下位,0,0,0
136,136,0,111,153,1,1,71,0,0,1,0,下位,0,71,207
280,280,0,288,496,1,2,207,0,0,1,0,下位,0,136,214
222,222,0,69,26,0,0,0,487,557,241,2,下位,0,0,0
315,315,0,112,154,0,1,222,487,557,241,2,下位,0,222,87
345,345,0,108,142,0,2,537,487,557,241,2,下位,0,315,215
161,161,0,107,140,0,3,882,487,557,241,2,下位,0,345,203
133,133,0,106,138,0,4,1043,487,557,241,2,下位,0,161,201
635,635,0,107,140,0,5,1176,487,557,241,2,下位,0,133,199
144,144,0,921,1894,0,6,1811,487,557,241,2,下位,0,635,201
375,375,0,68,24,1,0,0,0,0,1,0,下位,0,0,0
88,88,0,104,131,1,1,375,0,0,1,0,下位,0,375,85
132,132,0,189,341,1,2,463,0,0,1,0,下位,0,88,192
120,120,0,69,25,0,0,0,595,402,-221,1,下位,0,0,0
145,145,0,144,233,0,1,120,595,402,-221,1,下位,0,120,86
172,172,0,301,452,1,0,0,0,0,1,0,下位,0,0,0
291,291,0,111,153,0,0,0,172,513,253,3,下位,0,0,0
183,183,0,111,153,0,1,291,172,513,253,3,下位,0,291,214
315,315,0,112,154,0,2,474,172,513,253,3,下位,0,183,214
139,139,0,113,157,0,3,789,172,513,253,3,下位,0,315,215
630,630,0,109,147,0,4,928,172,513,253,3,下位,0,139,218
209,209,0,2177,4712,0,5,1558,172,513,253,3,下位,0,630,208
350,350,0,1539,3678,0,0,0,1767,4773,1126,29,下位,0,0,0
140,140,0,997,1988,0,0,0,350,3739,2018,18,下位,0,0,0
163,163,0,65,15,0,0,0,140,2049,1513,11,下位,0,0,0
246,246,0,113,158,0,1,163,140,2049,1513,11,下位,0,163,76
376,376,0,112,156,0,2,409,140,2049,1513,11,下位,0,246,219
348,348,0,359,754,0,3,785,140,2049,1513,11,下位,0,376,217
427,427,0,103,127,1,0,0,0,0,1,0,下位,0,0,0
808,808,0,111,153,1,1,427,0,0,1,0,下位,0,427,188
453,453,0,113,157,1,2,1235,0,0,1,0,下位,0,808,214
542,542,0,111,152,1,3,1688,0,0,1,0,下位,0,453,218
278,278,0,554,1047,1,4,2230,0,0,1,0,下位,0,542,213
118,118,0,111,152,0,0,0,2508,1108,-1857,6,下位,0,0,0
567,567,0,112,156,0,1,118,2508,1108,-1857,6,下位,0,118,213
243,243,0,66,18,0,2,685,2508,1108,-1857,6,下位,0,567,217
152,152,0,113,158,0,3,928,2508,1108,-1857,6,下位,0,243,79
114,114,0,289,539,0,4,1080,2508,1108,-1857,6,下位,0,152,219
149,149,0,463,1048,1,0,0,0,0,1,0,下位,0,0,0
170,170,0,111,153,0,0,0,149,1109,884,5,下位,0,0,0
116,116,0,68,22,0,1,170,149,1109,884,5,下位,0,170,214
683,683,0,112,156,0,2,286,149,1109,884,5,下位,0,116,83
649,649,0,261,512,0,3,969,149,1109,884,5,下位,0,683,217
162,162,0,112,156,1,0,0,0,0,1,0,下位,0,0,0
329,329,0,111,153,1,1,162,0,0,1,0,下位,0,162,217
154,154,0,397,820,1,2,491,0,0,1,0,下位,0,329,214
509,509,0,68,23,0,0,0,645,881,337,4,下位,0,0,0
808,808,0,111,152,0,1,509,645,881,337,4,下位,0,509,84
251,251,0,69,25,0,2,1317,645,881,337,4,下位,0,808,213
424,424,0,107,140,0,3,1568,645,881,337,4,下位,0,251,86
68,68,0,65,15,0,4,1992,645,881,337,4,下位,0,424,201
809,809,0,70,30,0,5,2060,645,881,337,4,下位,0,68,76
136,136,0,315,630,0,6,2869,645,881,337,4,下位,0,809,91
154,154,0,69,26,0,0,0,3005,691,-2773,3,下位,0,0,0
424,424,0,113,159,0,1,154,3005,691,-2773,3,下位,0,154,87
122,122,0,111,152,0,2,578,3005,691,-2773,3,下位,0,424,220
89,89,0,111,152,0,3,700,3005,691,-2773,3,下位,0,122,213
174,174,0,111,153,0,4,789,3005,691,-2773,3,下位,0,89,213
106,106,0,108,143,0,5,963,3005,691,-2773,3,下位,0,174,214
95,95,0,411,723,0,6,1069,3005,691,-2773,3,下位,0,106,204
94,94,0,113,158,1,0,0,0,0,1,0,下位,0,0,0
128,128,0,68,23,1,1,94,0,0,1,0,下位,0,94,219
451,451,0,69,26,1,2,222,0,0,1,0,下位,0,128,84
475,475,0,1070,2205,1,3,673,0,0,1,0,下位,0,451,87
188,188,0,69,25,0,0,0,1148,2266,918,15,下位,0,0,0
52,52,0,112,156,0,1,188,1148,2266,918,15,下位,0,188,86
521,521,0,68,22,0,2,240,1148,2266,918,15,下位,0,52,217
75,75,0,69,25,0,3,761,1148,2266,918,15,下位,0,521,83
247,247,0,461,1065,0,4,836,1148,2266,918,15,下位,0,75,86
393,393,0,113,159,0,0,0,1083,1126,875,5,下位,0,0,0
504,504,0,2384,5349,0,1,393,1083,1126,875,5,下位,0,393,220
181,181,0,112,154,0,0,0,897,5410,481,29,下位,0,0,0
433,433,0,68,24,0,1,181,897,5410,481,29,下位,0,181,215
441,441,0,68,22,0,2,614,897,5410,481,29,下位,0,433,85
673,673,0,160,216,0,3,1055,897,5410,481,29,下位,0,441,83
500,500,0,231,425,1,0,0,0,0,1,0,下位,0,0,0
79,79,0,98,112,0,0,0,500,486,-271,2,下位,0,0,0
808,808,0,111,153,0,1,79,500,486,-271,2,下位,0,79,173
298,298,0,1475,3460,0,2,887,500,486,-271,2,下位,0,808,214
287,287,0,68,24,0,0,0,1185,3521,1841,17,下位,0,0,0
179,179,0,970,2057,0,1,287,1185,3521,1841,17,下位,0,287,85
96,96,0,415,729,0,0,0,466,2118,977,11,下位,0,0,0
134,134,0,69,26,1,0,0,0,0,1,0,下位,0,0,0
81,81,0,1028,2018,1,1,134,0,0,1,0,下位,0,134,87
145,145,0,70,28,0,0,0,215,2079,1841,13,下位,0,0,0
456,456,0,112,154,0,1,145,215,2079,1841,13,下位,0,145,89
182,182,0,563,1019,0,2,601,215,2079,1841,13,下位,0,456,215
322,322,0,68,22,0,0,0,783,1080,2038,6,下位,0,0,0
73,73,0,712,1391,0,1,322,783,1080,2038,6,下位,0,322,83
167,167,0,112,155,0,0,0,395,1452,772,9,下位,0,0,0
141,141,0,582,1364,0,1,167,395,1452,772,9,下位,0,167,216
364,364,0,112,154,0,0,0,308,1425,1946,6,下位,0,0,0
808,808,0,111,152,0,1,364,308,1425,1946,6,下位,0,364,215
220,220,0,112,154,0,2,1172,308,1425,1946,6,下位,0,808,213
136,136,0,112,155,0,3,1392,308,1425,1946,6,下位,0,220,215
168,168,0,365,672,0,4,1528,308,1425,1946,6,下位,0,136,216
152,152,0,111,153,0,0,0,1696,733,968,4,下位,0,0,0
134,134,0,69,25,0,1,152,1696,733,968,4,下位,0,152,214
63,63,0,377,805,0,2,286,1696,733,968,4,下位,0,134,86
70,70,0,69,25,0,0,0,349,866,1606,5,下位,0,0,0
515,515,0,112,156,0,1,70,349,866,1606,5,下位,0,70,86
96,96,0,474,1029,0,2,585,349,866,1606,5,下位,0,515,217
136,136,0,341,716,1,0,0,0,0,1,0,下位,0,0,0
301,301,0,112,154,0,0,0,136,777,572,4,下位,0,0,0
312,312,0,68,23,0,1,301,136,777,572,4,下位,0,301,215
406,406,0,68,24,0,2,613,136,777,572,4,下位,0,312,84
108,108,0,557,1201,0,3,1019,136,777,572,4,下位,0,406,85
219,219,0,68,22,0,0,0,1127,1262,510,6,下位,0,0,0
270,270,0,111,152,0,1,219,1127,1262,510,6,下位,0,219,83
339,339,0,112,156,0,2,489,1127,1262,510,6,下位,0,270,213
808,808,0,111,152,0,3,828,1127,1262,510,6,下位,0,339,217
58,58,0,112,154,0,4,1636,1127,1262,510,6,下位,0,808,213
105,105,0,546,991,0,5,1694,1127,1262,510,6,下位,0,58,215
230,230,0,70,28,0,0,0,1799,1052,-223,7,下位,0,0,0
185,185,0,68,24,0,1,230,1799,1052,-223,7,下位,0,230,89
704,704,0,114,160,0,2,415,1799,1052,-223,7,下位,0,185,85
161,161,0,113,158,0,3,1119,1799,1052,-223,7,下位,0,704,221
107,107,0,68,23,0,4,1280,1799,1052,-223,7,下位,0,161,219
61,61,0,386,842,0,5,1387,1799,1052,-223,7,下位,0,107,84
233,233,0,69,25,0,0,0,1448,903,-815,4,下位,0,0,0
151,151,0,68,24,0,1,233,1448,903,-815,4,下位,0,233,86
119,119,0,68,24,0,2,384,1448,903,-815,4,下位,0,151,85
594,594,0,375,850,0,3,503,1448,903,-815,4,下位,0,119,85
500,500,0,107,139,1,0,0,0,0,1,0,下位,0,0,0
491,491,0,112,155,1,1,500,0,0,1,0,下位,0,500,200
65,65,0,111,153,1,2,991,0,0,1,0,下位,0,491,216
224,224,0,68,23,1,3,1056,0,0,1,0,下位,0,65,214
539,539,0,70,30,1,4,1280,0,0,1,0,下位,0,224,84
67,67,0,111,152,1,5,1819,0,0,1,0,下位,0,539,91
511,511,0,107,140,1,6,1886,0,0,1,0,下位,0,67,213
110,110,0,664,1491,1,7,2397,0,0,1,0,下位,0,511,201
273,273,0,108,142,0,0,0,2507,1552,-1027,8,下位,0,0,0
398,398,0,68,22,0,1,273,2507,1552,-1027,8,下位,0,273,203
813,813,0,112,155,0,2,671,2507,1552,-1027,8,下位,0,398,83
59,59,0,111,152,0,3,1484,2507,1552,-1027,8,下位,0,813,216
296,296,0,694,1134,0,4,1543,2507,1552,-1027,8,下位,0,59,213
145,145,0,71,31,1,0,0,0,0,1,0,下位,0,0,0
114,114,0,121,50,1,1,145,0,0,1,0,下位,0,145,92
137,137,0,71,32,0,0,0,259,111,-189,1,下位,0,0,0
121,121,0,109,147,0,1,137,259,111,-189,1,下位,0,137,93
388,388,0,66,17,0,2,258,259,111,-189,1,下位,0,121,208
106,106,0,111,153,0,3,646,259,111,-189,1,下位,0,388,78
367,367,0,68,23,0,4,752,259,111,-189,1,下位,0,106,214
52,52,0,114,162,0,5,1119,259,111,-189,1,下位,0,367,84
164,164,0,112,156,0,6,1171,259,111,-189,1,下位,0,52,223
366,366,0,112,155,0,7,1335,259,111,-189,1,下位,0,164,217
609,609,0,1598,3394,0,8,1701,259,111,-189,1,下位,0,366,216
380,380,0,68,23,1,0,0,0,0,1,0,下位,0,0,0
245,245,0,352,706,1,1,380,0,0,1,0,下位,0,380,84
439,439,0,597,1171,1,0,0,0,0,1,0,下位,0,0,0
79,79,0,113,159,0,0,0,439,1232,568,6,下位,0,0,0
794,794,0,70,30,0,1,79,439,1232,568,6,下位,0,79,220
537,537,0,111,153,0,2,873,439,1232,568,6,下位,0,794,91
100,100,0,70,28,0,3,1410,439,1232,568,6,下位,0,537,214
78,78,0,70,29,0,4,1510,439,1232,568,6,下位,0,100,89
209,209,0,305,634,0,5,1588,439,1232,568,6,下位,0,78,90
71,71,0,192,292,0,0,0,1797,695,-757,3,下位,0,0,0
500,500,0,189,355,1,0,0,0,0,1,0,下位,0,0,0
179,179,0,111,153,1,0,0,0,0,1,0,下位,0,0,0
808,808,0,112,154,1,1,179,0,0,1,0,下位,0,179,214
125,125,0,68,22,1,2,987,0,0,1,0,下位,0,808,215
542,542,0,68,22,1,3,1112,0,0,1,0,下位,0,125,83
588,588,0,111,153,1,4,1654,0,0,1,0,下位,0,542,83
412,412,0,69,26,1,5,2242,0,0,1,0,下位,0,588,214
80,80,0,69,27,1,6,2654,0,0,1,0,下位,0,412,87
725,725,0,68,24,1,7,2734,0,0,1,0,下位,0,80,88
129,129,0,1345,3322,1,8,3459,0,0,1,0,下位,0,725,85
91,91,0,1372,3422,0,0,0,3588,3383,-981,16,下位,0,0,0
251,251,0,70,29,0,0,0,91,3483,83,17,下位,0,0,0
132,132,0,597,1306,0,1,251,91,3483,83,17,下位,0,251,90
113,113,0,809,1524,1,0,0,0,0,1,0,下位,0,0,0
509,509,0,259,384,0,0,0,113,1585,1415,10,下位,0,0,0
509,509,0,112,155,0,0,0,509,445,1089,2,下位,0,0,0
265,265,0,109,145,0,1,509,509,445,1089,2,下位,0,509,216
134,134,0,376,829,0,2,774,509,445,1089,2,下位,0,265,206
509,509,0,69,26,0,0,0,908,890,1025,4,下位,0,0,0
375,375,0,112,156,0,1,509,908,890,1025,4,下位,0,509,87
195,195,0,345,672,0,2,884,908,890,1025,4,下位,0,375,217
451,451,0,113,158,1,0,0,0,0,1,0,下位,0,0,0
182,182,0,112,155,1,1,451,0,0,1,0,下位,0,451,219
435,435,0,113,157,1,2,633,0,0,1,0,下位,0,182,216
417,417,0,108,142,1,3,1068,0,0,1,0,下位,0,435,218
749,749,0,69,25,1,4,1485,0,0,1,0,下位,0,417,203
209,209,0,741,1560,1,5,2234,0,0,1,0,下位,0,749,86
168,168,0,157,209,0,0,0,2443,1621,-1138,8,下位,0,0,0
143,143,0,113,157,1,0,0,0,0,1,0,下位,0,0,0
425,425,0,68,22,1,1,143,0,0,1,0,下位,0,143,218
175,175,0,111,152,1,2,568,0,0,1,0,下位,0,425,83
360,360,0,217,433,1,3,743,0,0,1,0,下位,0,175,213
244,244,0,68,22,0,0,0,1103,494,-662,2,下位,0,0,0
90,90,0,113,159,0,1,244,1103,494,-662,2,下位,0,244,83
112,112,0,68,23,0,2,334,1103,494,-662,2,下位,0,90,220
291,291,0,111,151,0,3,446,1103,494,-662,2,下位,0,112,84
120,120,0,109,146,0,4,737,1103,494,-662,2,下位,0,291,212
293,293,0,112,154,0,5,857,1103,494,-662,2,下位,0,120,207
326,326,0,574,1215,0,6,1150,1103,494,-662,2,下位,0,293,215
509,509,0,112,156,0,0,0,1476,1276,-602,6,下位,0,0,0
76,76,0,480,834,0,1,509,1476,1276,-602,6,下位,0,509,217
309,309,0,68,22,1,0,0,0,0,1,0,下位,0,0,0
152,152,0,795,1789,1,1,309,0,0,1,0,下位,0,309,83
368,368,0,69,27,0,0,0,461,1850,1236,10,下位,0,0,0
808,808,0,112,154,0,1,368,461,1850,1236,10,下位,0,368,88
58,58,0,548,1229,0,2,1176,461,1850,1236,10,下位,0,808,215
108,108,0,70,30,1,0,0,0,0,1,0,下位,0,0,0
85,85,0,68,24,1,1,108,0,0,1,0,下位,0,108,91
77,77,0,410,863,1,2,193,0,0,1,0,下位,0,85,85
355,355,0,142,232,0,0,0,270,924,691,6,下位,0,0,0
509,509,0,68,23,0,0,0,355,293,446,1,下位,0,0,0
653,653,0,153,219,0,1,509,355,293,446,1,下位,0,509,84
210,210,0,339,707,1,0,0,0,0,1,0,下位,0,0,0
164,164,0,112,154,0,0,0,210,768,451,4,下位,0,0,0
154,154,0,113,157,0,1,164,210,768,451,4,下位,0,164,215
808,808,0,112,156,0,2,318,210,768,451,4,下位,0,154,218
180,180,0,113,157,0,3,1126,210,768,451,4,下位,0,808,217
284,284,0,112,154,0,4,1306,210,768,451,4,下位,0,180,218
170,170,0,112,154,0,5,1590,210,768,451,4,下位,0,284,215
62,62,0,68,23,0,6,1760,210,768,451,4,下位,0,170,215
370,370,0,69,25,0,7,1822,210,768,451,4,下位,0,62,84
85,85,0,417,595,0,8,2192,210,768,451,4,下位,0,370,86
413,413,0,111,153,1,0,0,0,0,1,0,下位,0,0,0
178,178,0,113,157,1,1,413,0,0,1,0,下位,0,413,214
102,102,0,415,746,1,2,591,0,0,1,0,下位,0,178,218
98,98,0,113,159,1,0,0,0,0,1,0,下位,0,0,0
87,87,0,629,1264,1,1,98,0,0,1,0,下位,0,98,220
106,106,0,69,27,0,0,0,185,1325,1266,7,下位,0,0,0
399,399,0,112,156,0,1,106,185,1325,1266,7,下位,0,106,88
432,432,0,111,153,0,2,505,185,1325,1266,7,下位,0,399,217
683,683,0,67,19,0,3,937,185,1325,1266,7,下位,0,432,214
204,204,0,112,154,0,4,1620,185,1325,1266,7,下位,0,683,80
808,808,0,112,154,0,5,1824,185,1325,1266,7,下位,0,204,215
293,293,0,113,159,0,6,2632,185,1325,1266,7,下位,0,808,215
474,474,0,70,28,0,7,2925,185,1325,1266,7,下位,0,293,220
209,209,0,602,1371,0,8,3399,185,1325,1266,7,下位,0,474,89
509,509,0,1039,2138,0,0,0,3608,1432,-1432,6,下位,0,0,0
354,354,0,106,138,1,0,0,0,0,1,0,下位,0,0,0
152,152,0,296,615,1,1,354,0,0,1,0,下位,0,354,199
509,509,0,69,26,0,0,0,506,676,110,3,下位,0,0,0
88,88,0,112,154,0,1,509,506,676,110,3,下位,0,509,87
476,476,0,148,227,0,2,597,506,676,110,3,下位,0,88,215
153,153,0,112,155,0,0,0,1073,288,-925,1,下位,0,0,0
92,92,0,114,160,0,1,153,1073,288,-925,1,下位,0,153,216
314,314,0,70,30,0,2,245,1073,288,-925,1,下位,0,92,221
134,134,0,384,781,0,3,559,1073,288,-925,1,下位,0,314,91
200,200,0,200,351,1,0,0,0,0,1,0,下位,0,0,0
87,87,0,111,152,0,0,0,200,412,110,1,下位,0,0,0
552,552,0,113,158,0,1,87,200,412,110,1,下位,0,87,213
759,759,0,112,155,0,2,639,200,412,110,1,下位,0,552,219
122,122,0,111,152,0,3,1398,200,412,110,1,下位,0,759,216
83,83,0,110,149,0,4,1520,200,412,110,1,下位,0,122,213
540,540,0,1017,2220,0,5,1603,200,412,110,1,下位,0,83,210
378,378,0,68,23,0,0,0,2143,2281,215,13,下位,0,0,0
498,498,0,111,153,0,1,378,2143,2281,215,13,下位,0,378,84
461,461,0,64,10,0,2,876,2143,2281,215,13,下位,0,498,214
194,194,0,111,152,0,3,1337,2143,2281,215,13,下位,0,461,71
62,62,0,109,145,0,4,1531,2143,2281,215,13,下位,0,194,213
808,808,0,111,152,0,5,1593,2143,2281,215,13,下位,0,62,206
157,157,0,451,736,0,6,2401,2143,2281,215,13,下位,0,808,213
110,110,0,112,154,1,0,0,0,0,1,0,下位,0,0,0
112,112,0,71,32,1,1,110,0,0,1,0,下位,0,110,215
148,148,0,70,30,1,2,222,0,0,1,0,下位,0,112,93
315,315,0,68,24,1,3,370,0,0,1,0,下位,0,148,91
103,103,0,69,27,1,4,685,0,0,1,0,下位,0,315,85
99,99,0,421,924,1,5,788,0,0,1,0,下位,0,103,88
235,235,0,68,24,0,0,0,887,985,214,5,下位,0,0,0
366,366,0,111,152,0,1,235,887,985,214,5,下位,0,235,85
646,646,0,301,513,0,2,601,887,985,214,5,下位,0,366,213
500,500,0,111,152,1,0,0,0,0,1,0,下位,0,0,0
510,510,0,69,25,1,1,500,0,0,1,0,下位,0,500,213
47,47,0,111,152,1,2,1010,0,0,1,0,下位,0,510,86
198,198,0,111,153,1,3,1057,0,0,1,0,下位,0,47,213
68,68,0,301,580,1,4,1255,0,0,1,0,下位,0,198,214
225,225,0,707,1579,1,0,0,0,0,1,0,下位,0,0,0
244,244,0,68,24,0,0,0,225,1640,1300,9,下位,0,0,0
305,305,0,111,152,0,1,244,225,1640,1300,9,下位,0,244,85
489,489,0,113,157,0,2,549,225,1640,1300,9,下位,0,305,213
132,132,0,114,162,0,3,1038,225,1640,1300,9,下位,0,489,218
199,199,0,301,574,0,4,1170,225,1640,1300,9,下位,0,132,223
510,510,0,943,1990,0,0,0,1369,635,599,4,下位,0,0,0
98,98,0,112,156,0,0,0,510,2051,1877,12,下位,0,0,0
350,350,0,113,158,0,1,98,510,2051,1877,12,下位,0,98,217
539,539,0,112,156,0,2,448,510,2051,1877,12,下位,0,350,219
191,191,0,68,22,0,3,987,510,2051,1877,12,下位,0,539,217
87,87,0,110,150,0,4,1178,510,2051,1877,12,下位,0,191,83
105,105,0,112,156,0,5,1265,510,2051,1877,12,下位,0,87,211
226,226,0,69,26,0,6,1370,510,2051,1877,12,下位,0,105,217
158,158,0,1167,2445,0,7,1596,510,2051,1877,12,下位,0,226,87
162,162,0,69,26,0,0,0,1754,2506,574,15,下位,0,0,0
89,89,0,624,1257,0,1,162,1754,2506,574,15,下位,0,162,87
129,129,0,68,24,1,0,0,0,0,1,0,下位,0,0,0
296,296,0,675,1569,1,1,129,0,0,1,0,下位,0,129,85
115,115,0,441,910,0,0,0,425,1630,1073,10,下位,0,0,0
77,77,0,111,152,0,0,0,115,971,1870,5,下位,0,0,0
51,51,0,68,24,0,1,77,115,971,1870,5,下位,0,77,213
201,201,0,111,152,0,2,128,115,971,1870,5,下位,0,51,85
502,502,0,111,152,0,3,329,115,971,1870,5,下位,0,201,213
73,73,0,112,156,0,4,831,115,971,1870,5,下位,0,502,213
247,247,0,68,23,0,5,904,115,971,1870,5,下位,0,73,217
155,155,0,68,23,0,6,1151,115,971,1870,5,下位,0,247,84
133,133,0,495,1126,0,7,1306,115,971,1870,5,下位,0,155,84
500,500,0,1102,2596,1,0,0,0,0,1,0,下位,0,0,0
82,82,0,112,156,0,0,0,500,2657,1900,12,下位,0,0,0
85,85,0,1380,3281,0,1,82,500,2657,1900,12,下位,0,82,217
78,78,0,112,156,1,0,0,0,0,1,0,下位,0,0,0
407,407,0,69,25,1,1,78,0,0,1,0,下位,0,78,217
233,233,0,112,154,1,2,485,0,0,1,0,下位,0,407,86
157,157,0,110,150,1,3,718,0,0,1,0,下位,0,233,215
810,810,0,68,23,1,4,875,0,0,1,0,下位,0,157,211
167,167,0,68,22,1,5,1685,0,0,1,0,下位,0,810,84
729,729,0,69,25,1,6,1852,0,0,1,0,下位,0,167,83
60,60,0,576,1131,1,7,2581,0,0,1,0,下位,0,729,86
41,41,0,61,3,1,0,0,0,0,1,0,下位,0,0,0
245,245,0,113,158,1,1,41,0,0,1,0,下位,0,41,64
247,247,0,68,22,1,2,286,0,0,1,0,下位,0,245,219
307,307,0,111,152,1,3,533,0,0,1,0,下位,0,247,83
809,809,0,472,1029,1,4,840,0,0,1,0,下位,0,307,213
169,169,0,112,154,0,0,0,1649,1090,-828,5,下位,0,0,0
364,364,0,68,22,0,1,169,1649,1090,-828,5,下位,0,169,215
349,349,0,69,25,0,2,533,1649,1090,-828,5,下位,0,364,83
211,211,0,111,152,0,3,882,1649,1090,-828,5,下位,0,349,86
323,323,0,112,154,0,4,1093,1649,1090,-828,5,下位,0,211,213
91,91,0,534,1059,0,5,1416,1649,1090,-828,5,下位,0,323,215
258,258,0,68,22,0,0,0,1507,1120,-1180,6,下位,0,0,0
611,611,0,113,158,0,1,258,1507,1120,-1180,6,下位,0,258,83
247,247,0,68,22,0,2,869,1507,1120,-1180,6,下位,0,611,219
209,209,0,68,23,0,3,1116,1507,1120,-1180,6,下位,0,247,83
742,742,0,393,561,0,4,1325,1507,1120,-1180,6,下位,0,209,84
137,137,0,69,25,1,0,0,0,0,1,0,下位,0,0,0
323,323,0,110,148,1,1,137,0,0,1,0,下位,0,137,86
114,114,0,68,24,1,2,460,0,0,1,0,下位,0,323,209
59,59,0,112,154,1,3,574,0,0,1,0,下位,0,114,85
54,54,0,343,595,1,4,633,0,0,1,0,下位,0,59,215
509,509,0,112,154,0,0,0,687,656,211,4,下位,0,0,0
330,330,0,111,152,0,1,509,687,656,211,4,下位,0,509,215
283,283,0,112,156,0,2,839,687,656,211,4,下位,0,330,213
393,393,0,70,28,0,3,1122,687,656,211,4,下位,0,283,217
249,249,0,68,23,0,4,1515,687,656,211,4,下位,0,393,89
209,209,0,109,147,0,5,1764,687,656,211,4,下位,0,249,84
79,79,0,111,153,0,6,1973,687,656,211,4,下位,0,209,208
64,64,0,393,845,0,7,2052,687,656,211,4,下位,0,79,214
500,500,0,414,768,1,0,0,0,0,1,0,下位,0,0,0
109,109,0,68,22,0,0,0,500,829,72,4,下位,0,0,0
232,232,0,249,411,0,1,109,500,829,72,4,下位,0,109,83
176,176,0,112,154,0,0,0,341,472,110,2,下位,0,0,0
94,94,0,531,1010,0,1,176,341,472,110,2,下位,0,176,215
189,189,0,147,225,0,0,0,270,1071,987,7,下位,0,0,0
212,212,0,154,220,0,0,0,189,286,987,1,下位,0,0,0
392,392,0,66,16,0,0,0,212,281,947,1,下位,0,0,0
350,350,0,112,156,0,1,392,212,281,947,1,下位,0,392,77
147,147,0,112,156,0,2,742,212,281,947,1,下位,0,350,217
54,54,0,365,683,0,3,889,212,281,947,1,下位,0,147,217
50,50,0,112,156,1,0,0,0,0,1,0,下位,0,0,0
144,144,0,1327,2866,1,1,50,0,0,1,0,下位,0,50,217
288,288,0,69,26,0,0,0,194,2927,523,17,下位,0,0,0
59,59,0,150,225,0,1,288,194,2927,523,17,下位,0,288,87
188,188,0,68,24,0,0,0,347,286,371,1,下位,0,0,0
583,583,0,114,160,0,1,188,347,286,371,1,下位,0,188,85
51,51,0,111,152,0,2,771,347,286,371,1,下位,0,583,221
45,45,0,387,845,0,3,822,347,286,371,1,下位,0,51,213
381,381,0,69,25,1,0,0,0,0,1,0,下位,0,0,0
128,128,0,812,1625,1,1,381,0,0,1,0,下位,0,381,86
509,509,0,612,1265,0,0,0,509,1686,1002,9,下位,0,0,0
232,232,0,186,300,0,0,0,509,1326,1557,7,下位,0,0,0
509,509,0,269,569,0,0,0,232,361,1566,2,下位,0,0,0
510,510,0,68,23,0,0,0,509,630,1425,2,下位,0,0,0
532,532,0,111,152,0,1,510,509,630,1425,2,下位,0,510,84
111,111,0,446,876,0,2,1042,509,630,1425,2,下位,0,532,213
140,140,0,111,153,0,0,0,1153,937,912,5,下位,0,0,0
78,78,0,68,24,0,1,140,1153,937,912,5,下位,0,140,214
299,299,0,112,155,0,2,218,1153,937,912,5,下位,0,78,85
344,344,0,112,156,0,3,517,1153,937,912,5,下位,0,299,216
89,89,0,68,22,0,4,861,1153,937,912,5,下位,0,344,217
277,277,0,112,154,0,5,950,1153,937,912,5,下位,0,89,83
171,171,0,114,162,0,6,1227,1153,937,912,5,下位,0,277,215
106,106,0,112,155,0,7,1398,1153,937,912,5,下位,0,171,223
215,215,0,71,31,0,8,1504,1153,937,912,5,下位,0,106,216
808,808,0,109,146,0,9,1719,1153,937,912,5,下位,0,215,92
193,193,0,109,145,0,10,2527,1153,937,912,5,下位,0,808,207
192,192,0,111,153,0,11,2720,1153,937,912,5,下位,0,193,206
601,601,0,69,27,0,12,2912,1153,937,912,5,下位,0,192,214
145,145,0,349,561,0,13,3513,1153,937,912,5,下位,0,601,88
500,500,0,110,150,1,0,0,0,0,1,0,下位,0,0,0
67,67,0,111,152,1,1,500,0,0,1,0,下位,0,500,211
754,754,0,111,152,1,2,567,0,0,1,0,下位,0,67,213
97,97,0,269,502,1,3,1321,0,0,1,0,下位,0,754,213
402,402,0,623,1165,0,0,0,1418,563,-948,3,下位,0,0,0
125,125,0,68,23,1,0,0,0,0,1,0,下位,0,0,0
808,808,0,113,158,1,1,125,0,0,1,0,下位,0,125,84
195,195,0,111,152,1,2,933,0,0,1,0,下位,0,808,219
270,270,0,419,891,1,3,1128,0,0,1,0,下位,0,195,213
29,29,0,112,155,1,0,0,0,0,1,0,下位,0,0,0
715,715,0,112,154,1,1,29,0,0,1,0,下位,0,29,216
190,190,0,262,555,1,2,744,0,0,1,0,下位,0,715,215
437,437,0,638,1419,0,0,0,934,616,-367,2,下位,0,0,0
162,162,0,68,23,0,0,0,437,1480,451,7,下位,0,0,0
113,113,0,234,427,0,1,162,437,1480,451,7,下位,0,162,84
57,57,0,65,14,1,0,0,0,0,1,0,下位,0,0,0
436,436,0,68,23,1,1,57,0,0,1,0,下位,0,57,75
77,77,0,611,1052,1,2,493,0,0,1,0,下位,0,436,84
134,134,0,112,154,0,0,0,570,1113,409,8,下位,0,0,0
162,162,0,111,153,0,1,134,570,1113,409,8,下位,0,134,215
419,419,0,625,1184,0,2,296,570,1113,409,8,下位,0,162,214
190,190,0,68,24,0,0,0,715,1245,1000,8,下位,0,0,0
209,209,0,187,296,0,1,190,715,1245,1000,8,下位,0,190,85
316,316,0,494,1129,0,0,0,399,357,837,2,下位,0,0,0
350,350,0,111,153,0,0,0,316,1190,1548,6,下位,0,0,0
209,209,0,225,242,0,1,350,316,1190,1548,6,下位,0,350,214
355,355,0,111,152,0,0,0,559,303,1218,2,下位,0,0,0
162,162,0,1510,3269,0,1,355,559,303,1218,2,下位,0,355,213
292,292,0,69,25,0,0,0,517,3330,1624,19,下位,0,0,0
259,259,0,68,22,0,1,292,517,3330,1624,19,下位,0,292,86
278,278,0,819,1733,0,2,551,517,3330,1624,19,下位,0,259,83
346,346,0,265,491,0,0,0,829,1794,69,10,下位,0,0,0
366,366,0,112,154,1,0,0,0,0,1,0,下位,0,0,0
422,422,0,268,572,1,1,366,0,0,1,0,下位,0,366,215
308,308,0,69,25,0,0,0,788,633,-345,2,下位,0,0,0
156,156,0,113,157,0,1,308,788,633,-345,2,下位,0,308,86
226,226,0,69,26,0,2,464,788,633,-345,2,下位,0,156,218
531,531,0,111,152,0,3,690,788,633,-345,2,下位,0,226,87
385,385,0,112,154,0,4,1221,788,633,-345,2,下位,0,531,213
289,289,0,113,159,0,5,1606,788,633,-345,2,下位,0,385,215
342,342,0,68,23,0,6,1895,788,633,-345,2,下位,0,289,220
254,254,0,629,1436,0,7,2237,788,633,-345,2,下位,0,342,84
500,500,0,191,366,1,0,0,0,0,1,0,下位,0,0,0
200,200,0,274,532,0,0,0,500,427,-330,1,下位,0,0,0
509,509,0,69,26,0,0,0,200,593,-40,2,下位,0,0,0
209,209,0,2388,5417,0,1,509,200,593,-40,2,下位,0,509,87
500,500,0,70,28,1,0,0,0,0,1,0,下位,0,0,0
589,589,0,68,23,1,1,500,0,0,1,0,下位,0,500,89
180,180,0,113,157,1,2,1089,0,0,1,0,下位,0,589,84
284,284,0,220,437,1,3,1269,0,0,1,0,下位,0,180,218
500,500,0,876,1824,1,0,0,0,0,1,0,下位,0,0,0
509,509,0,1203,2488,0,0,0,500,1885,1128,13,下位,0,0,0
245,245,0,112,155,0,0,0,509,2549,534,14,下位,0,0,0
540,540,0,110,150,0,1,245,509,2549,534,14,下位,0,245,216
109,109,0,111,152,0,2,785,509,2549,534,14,下位,0,540,211
244,244,0,111,153,0,3,894,509,2549,534,14,下位,0,109,213
424,424,0,110,149,0,4,1138,509,2549,534,14,下位,0,244,214
192,192,0,111,153,0,5,1562,509,2549,534,14,下位,0,424,210
269,269,0,112,155,0,6,1754,509,2549,534,14,下位,0,192,214
271,271,0,112,155,0,7,2023,509,2549,534,14,下位,0,269,216
227,227,0,373,790,0,8,2294,509,2549,534,14,下位,0,271,216
105,105,0,111,153,1,0,0,0,0,1,0,下位,0,0,0
346,346,0,114,162,1,1,105,0,0,1,0,下位,0,105,214
159,159,0,112,156,1,2,451,0,0,1,0,下位,0,346,223
107,107,0,396,812,1,3,610,0,0,1,0,下位,0,159,217
152,152,0,69,25,0,0,0,717,873,442,4,下位,0,0,0
332,332,0,70,30,0,1,152,717,873,442,4,下位,0,152,86
66,66,0,113,157,0,2,484,717,873,442,4,下位,0,332,91
342,342,0,66,18,0,3,550,717,873,442,4,下位,0,66,218
603,603,0,112,155,0,4,892,717,873,442,4,下位,0,342,79
172,172,0,68,23,0,5,1495,717,873,442,4,下位,0,603,216
399,399,0,2599,6116,0,6,1667,717,873,442,4,下位,0,172,84
156,156,0,539,1117,0,0,0,2066,6177,2023,32,下位,0,0,0
129,129,0,69,27,0,0,0,156,1178,582,5,下位,0,0,0
45,45,0,833,1804,0,1,129,156,1178,582,5,下位,0,129,88
212,212,0,69,26,1,0,0,0,0,1,0,下位,0,0,0
64,64,0,68,23,1,1,212,0,0,1,0,下位,0,212,87
83,83,0,70,30,1,2,276,0,0,1,0,下位,0,64,84
334,334,0,69,26,1,3,359,0,0,1,0,下位,0,83,91
97,97,0,111,152,1,4,693,0,0,1,0,下位,0,334,87
242,242,0,486,982,1,5,790,0,0,1,0,下位,0,97,213
218,218,0,350,776,0,0,0,1032,1043,42,5,下位,0,0,0
175,175,0,68,23,0,0,0,218,837,549,3,下位,0,0,0
133,133,0,111,152,0,1,175,218,837,549,3,下位,0,175,84
380,380,0,112,156,0,2,308,218,837,549,3,下位,0,133,213
318,318,0,112,155,0,3,688,218,837,549,3,下位,0,380,217
398,398,0,112,155,0,4,1006,218,837,549,3,下位,0,318,216
78,78,0,482,1019,0,5,1404,218,837,549,3,下位,0,398,216
86,86,0,108,142,0,0,0,1482,1080,329,5,下位,0,0,0
147,147,0,281,506,0,1,86,1482,1080,329,5,下位,0,86,203
76,76,0,325,619,0,0,0,233,567,746,2,下位,0,0,0
209,209,0,152,211,0,0,0,76,680,1311,3,下位,0,0,0
177,177,0,1165,2658,0,0,0,209,272,1266,1,下位,0,0,0
340,340,0,373,547,1,0,0,0,0,1,0,下位,0,0,0
510,510,0,112,154,0,0,0,340,608,94,3,下位,0,0,0
375,375,0,68,23,0,1,510,340,608,94,3,下位,0,510,215
380,380,0,70,30,0,2,885,340,608,94,3,下位,0,375,84
144,144,0,68,24,0,3,1265,340,608,94,3,下位,0,380,91
440,440,0,681,1493,0,4,1409,340,608,94,3,下位,0,144,85
510,510,0,923,1948,0,0,0,1849,1554,-679,8,下位,0,0,0
141,141,0,1377,2986,0,0,0,510,2009,557,11,下位,0,0,0
62,62,0,69,26,1,0,0,0,0,1,0,下位,0,0,0
809,809,0,68,22,1,1,62,0,0,1,0,下位,0,62,87
176,176,0,516,1163,1,2,871,0,0,1,0,下位,0,809,83
445,445,0,111,153,0,0,0,1047,1224,-192,5,下位,0,0,0
209,209,0,1189,2485,0,1,445,1047,1224,-192,5,下位,0,445,214
116,116,0,68,24,0,0,0,654,2546,1577,14,下位,0,0,0
796,796,0,68,23,0,1,116,654,2546,1577,14,下位,0,116,85
492,492,0,406,775,0,2,912,654,2546,1577,14,下位,0,796,84
380,380,0,69,27,1,0,0,0,0,1,0,下位,0,0,0
107,107,0,464,1046,1,1,380,0,0,1,0,下位,0,380,88
157,157,0,145,242,0,0,0,487,1107,458,5,下位,0,0,0
311,311,0,112,154,0,0,0,157,303,523,1,下位,0,0,0
808,808,0,108,143,0,1,311,157,303,523,1,下位,0,311,215
89,89,0,68,24,0,2,1119,157,303,523,1,下位,0,808,204
399,399,0,112,154,0,3,1208,157,303,523,1,下位,0,89,85
434,434,0,68,23,0,4,1607,157,303,523,1,下位,0,399,215
122,122,0,107,140,0,5,2041,157,303,523,1,下位,0,434,84
169,169,0,68,22,0,6,2163,157,303,523,1,下位,0,122,201
808,808,0,69,27,0,7,2332,157,303,523,1,下位,0,169,83
80,80,0,269,561,0,8,3140,157,303,523,1,下位,0,808,88
238,238,0,69,26,1,0,0,0,0,1,0,下位,0,0,0
88,88,0,69,26,1,1,238,0,0,1,0,下位,0,238,87
262,262,0,114,160,1,2,326,0,0,1,0,下位,0,88,87
102,102,0,69,26,1,3,588,0,0,1,0,下位,0,262,221
249,249,0,68,23,1,4,690,0,0,1,0,下位,0,102,87
97,97,0,113,158,1,5,939,0,0,1,0,下位,0,249,84
249,249,0,111,152,1,6,1036,0,0,1,0,下位,0,97,219
524,524,0,68,22,1,7,1285,0,0,1,0,下位,0,249,213
191,191,0,388,587,1,8,1809,0,0,1,0,下位,0,524,83
509,509,0,112,156,0,0,0,2000,648,-1300,5,下位,0,0,0
152,152,0,69,25,0,1,509,2000,648,-1300,5,下位,0,509,217
382,382,0,108,143,0,2,661,2000,648,-1300,5,下位,0,152,86
71,71,0,112,155,0,3,1043,2000,648,-1300,5,下位,0,382,204
774,774,0,111,152,0,4,1114,2000,648,-1300,5,下位,0,71,216
191,191,0,69,25,0,5,1888,2000,648,-1300,5,下位,0,774,213
209,209,0,806,1563,0,6,2079,2000,648,-1300,5,下位,0,191,86
500,500,0,111,152,1,0,0,0,0,1,0,下位,0,0,0
66,66,0,69,27,1,1,500,0,0,1,0,下位,0,500,213
509,509,0,69,25,1,2,566,0,0,1,0,下位,0,66,88
127,127,0,746,1724,1,3,1075,0,0,1,0,下位,0,509,86
139,139,0,1329,3222,0,0,0,1202,1785,352,9,下位,0,0,0
57,57,0,111,153,1,0,0,0,0,1,0,下位,0,0,0
163,163,0,112,155,1,1,57,0,0,1,0,下位,0,57,214
770,770,0,1951,4387,1,2,220,0,0,1,0,下位,0,163,216
370,370,0,66,16,1,0,0,0,0,1,0,下位,0,0,0
292,292,0,382,621,1,1,370,0,0,1,0,下位,0,370,77
319,319,0,69,25,0,0,0,662,682,-243,4,下位,0,0,0
265,265,0,1057,2395,0,1,319,662,682,-243,4,下位,0,319,86
509,509,0,112,154,0,0,0,584,2456,1414,12,下位,0,0,0
406,406,0,386,799,0,1,509,584,2456,1414,12,下位,0,509,215
54,54,0,303,461,0,0,0,915,860,1103,4,下位,0,0,0
352,352,0,1391,3164,0,0,0,54,522,1543,3,下位,0,0,0
169,169,0,724,1601,1,0,0,0,0,1,0,下位,0,0,0
509,509,0,112,156,0,0,0,169,1662,1407,8,下位,0,0,0
275,275,0,68,24,0,1,509,169,1662,1407,8,下位,0,509,217
357,357,0,506,1192,0,2,784,169,1662,1407,8,下位,0,275,85
509,509,0,265,500,0,0,0,1141,1253,1233,5,下位,0,0,0
67,67,0,114,160,1,0,0,0,0,1,0,下位,0,0,0
86,86,0,112,154,1,1,67,0,0,1,0,下位,0,67,221
205,205,0,111,153,1,2,153,0,0,1,0,下位,0,86,215
283,283,0,112,155,1,3,358,0,0,1,0,下位,0,205,214
458,458,0,68,23,1,4,641,0,0,1,0,下位,0,283,216
759,759,0,111,153,1,5,1099,0,0,1,0,下位,0,458,84
122,122,0,112,154,1,6,1858,0,0,1,0,下位,0,759,214
360,360,0,109,145,1,7,1980,0,0,1,0,下位,0,122,215
118,118,0,3868,9248,1,8,2340,0,0,1,0,下位,0,360,206
73,73,0,113,158,0,0,0,2458,9309,206,50,下位,0,0,0
601,601,0,70,30,0,1,73,2458,9309,206,50,下位,0,73,219
147,147,0,206,336,0,2,674,2458,9309,206,50,下位,0,601,91
239,239,0,719,1383,1,0,0,0,0,1,0,下位,0,0,0
157,157,0,111,153,0,0,0,239,1444,1083,9,下位,0,0,0
262,262,0,111,152,0,1,157,239,1444,1083,9,下位,0,157,214
115,115,0,68,24,0,2,419,239,1444,1083,9,下位,0,262,213
208,208,0,69,25,0,3,534,239,1444,1083,9,下位,0,115,85
187,187,0,112,156,0,4,742,239,1444,1083,9,下位,0,208,86
553,553,0,108,143,0,5,929,239,1444,1083,9,下位,0,187,217
508,508,0,68,22,0,6,1482,239,1444,1083,9,下位,0,553,204
176,176,0,678,1513,0,7,1990,239,1444,1083,9,下位,0,508,83
223,223,0,272,552,0,0,0,2166,1574,477,8,下位,0,0,0
134,134,0,147,233,0,0,0,223,613,752,2,下位,0,0,0
20,20,0,120,178,1,0,0,0,0,1,0,下位,0,0,0
132,132,0,120,178,1,1,20,0,0,1,0,下位,0,20,239
286,286,0,139,64,1,2,152,0,0,1,0,下位,0,132,239
211,211,0,72,35,0,0,0,438,125,-59,1,下位,0,0,0
73,73,0,120,178,0,1,211,438,125,-59,1,下位,0,211,96
53,53,0,120,178,0,2,284,438,125,-59,1,下位,0,73,239
199,199,0,120,178,0,3,337,438,125,-59,1,下位,0,53,239
75,75,0,71,32,0,4,536,438,125,-59,1,下位,0,199,239
475,475,0,71,32,0,5,611,438,125,-59,1,下位,0,75,93
176,176,0,72,35,0,6,1086,438,125,-59,1,下位,0,475,93
273,273,0,120,178,0,7,1262,438,125,-59,1,下位,0,176,96
162,162,0,120,178,0,8,1535,438,125,-59,1,下位,0,273,239
122,122,0,120,178,0,9,1697,438,125,-59,1,下位,0,162,239
255,255,0,71,32,0,10,1819,438,125,-59,1,下位,0,122,239
117,117,0,120,178,0,11,2074,438,125,-59,1,下位,0,255,93
105,105,0,71,32,0,12,2191,438,125,-59,1,下位,0,117,239
110,110,0,158,265,0,13,2296,438,125,-59,1,下位,0,105,93
313,313,0,68,24,1,0,0,0,0,1,0,下位,0,0,0
117,117,0,112,155,1,1,313,0,0,1,0,下位,0,313,85
151,151,0,69,26,1,2,430,0,0,1,0,下位,0,117,216
808,808,0,68,23,1,3,581,0,0,1,0,下位,0,151,87
93,93,0,68,24,1,4,1389,0,0,1,0,下位,0,808,84
102,102,0,111,152,1,5,1482,0,0,1,0,下位,0,93,85
392,392,0,68,22,1,6,1584,0,0,1,0,下位,0,102,213
68,68,0,1958,4763,1,7,1976,0,0,1,0,下位,0,392,83
12,12,0,114,162,1,0,0,0,0,1,0,下位,0,0,0
437,437,0,499,1001,1,1,12,0,0,1,0,下位,0,12,223
209,209,0,3184,7610,0,0,0,449,1062,606,5,下位,0,0,0
509,509,0,68,24,0,0,0,209,7671,862,42,下位,0,0,0
477,477,0,69,26,0,1,509,209,7671,862,42,下位,0,509,85
101,101,0,111,152,0,2,986,209,7671,862,42,下位,0,477,87
159,159,0,68,24,0,3,1087,209,7671,862,42,下位,0,101,213
94,94,0,112,155,0,4,1246,209,7671,862,42,下位,0,159,85
198,198,0,647,1346,0,5,1340,209,7671,862,42,下位,0,94,216
509,509,0,69,25,0,0,0,1538,1407,625,8,下位,0,0,0
692,692,0,112,156,0,1,509,1538,1407,625,8,下位,0,509,86
142,142,0,545,1244,0,2,1201,1538,1407,625,8,下位,0,692,217
237,237,0,69,25,1,0,0,0,0,1,0,下位,0,0,0
529,529,0,71,31,1,1,237,0,0,1,0,下位,0,237,86
312,312,0,63,9,1,2,766,0,0,1,0,下位,0,529,92
517,517,0,2336,5390,1,3,1078,0,0,1,0,下位,0,312,70
419,419,0,69,25,1,0,0,0,0,1,0,下位,0,0,0
108,108,0,1024,2475,1,1,419,0,0,1,0,下位,0,419,86
339,339,0,111,153,0,0,0,527,2536,1824,12,下位,0,0,0
245,245,0,112,155,0,1,339,527,2536,1824,12,下位,0,339,214
159,159,0,112,155,0,2,584,527,2536,1824,12,下位,0,245,216
80,80,0,112,156,0,3,743,527,2536,1824,12,下位,0,159,216
144,144,0,68,24,0,4,823,527,2536,1824,12,下位,0,80,217
134,134,0,1090,2500,0,5,967,527,2536,1824,12,下位,0,144,85
221,221,0,110,148,0,0,0,1101,2561,1443,13,下位,0,0,0
294,294,0,111,152,0,1,221,1101,2561,1443,13,下位,0,221,209
365,365,0,112,156,0,2,515,1101,2561,1443,13,下位,0,294,213
395,395,0,112,156,0,3,880,1101,2561,1443,13,下位,0,365,217
57,57,0,772,1663,0,4,1275,1101,2561,1443,13,下位,0,395,217
117,117,0,113,157,0,0,0,1332,1724,2006,9,下位,0,0,0
89,89,0,619,1265,0,1,117,1332,1724,2006,9,下位,0,117,218
142,142,0,111,153,0,0,0,206,1326,962,7,下位,0,0,0
206,206,0,111,152,0,1,142,206,1326,962,7,下位,0,142,214
229,229,0,774,1471,0,2,348,206,1326,962,7,下位,0,206,213
265,265,0,147,198,0,0,0,577,1532,2047,9,下位,0,0,0
353,353,0,67,20,1,0,0,0,0,1,0,下位,0,0,0
445,445,0,110,149,1,1,353,0,0,1,0,下位,0,353,81
266,266,0,114,160,1,2,798,0,0,1,0,下位,0,445,210
168,168,0,68,23,1,3,1064,0,0,1,0,下位,0,266,221
526,526,0,683,1311,1,4,1232,0,0,1,0,下位,0,168,84
78,78,0,111,152,1,0,0,0,0,1,0,下位,0,0,0
149,149,0,111,153,1,1,78,0,0,1,0,下位,0,78,213
174,174,0,68,24,1,2,227,0,0,1,0,下位,0,149,214
809,809,0,109,145,1,3,401,0,0,1,0,下位,0,174,85
142,142,0,111,151,1,4,1210,0,0,1,0,下位,0,809,206
116,116,0,112,154,1,5,1352,0,0,1,0,下位,0,142,212
138,138,0,548,1172,1,6,1468,0,0,1,0,下位,0,116,215
74,74,0,112,154,0,0,0,1606,1233,-55,7,下位,0,0,0
294,294,0,112,155,0,1,74,1606,1233,-55,7,下位,0,74,215
462,462,0,68,22,0,2,368,1606,1233,-55,7,下位,0,294,216
569,569,0,69,25,0,3,830,1606,1233,-55,7,下位,0,462,83
446,446,0,67,21,0,4,1399,1606,1233,-55,7,下位,0,569,86
139,139,0,111,152,0,5,1845,1606,1233,-55,7,下位,0,446,82
278,278,0,68,24,0,6,1984,1606,1233,-55,7,下位,0,139,213
231,231,0,570,1131,0,7,2262,1606,1233,-55,7,下位,0,278,85
124,124,0,69,26,1,0,0,0,0,1,0,下位,0,0,0
428,428,0,69,27,1,1,124,0,0,1,0,下位,0,124,87
553,553,0,200,330,1,2,552,0,0,1,0,下位,0,428,88
218,218,0,113,158,0,0,0,1105,391,-1107,1,下位,0,0,0
184,184,0,183,291,0,1,218,1105,391,-1107,1,下位,0,218,219
122,122,0,393,839,1,0,0,0,0,1,0,下位,0,0,0
262,262,0,111,152,0,0,0,122,900,716,4,下位,0,0,0
517,517,0,70,28,0,1,262,122,900,716,4,下位,0,262,213
400,400,0,112,155,0,2,779,122,900,716,4,下位,0,517,89
693,693,0,69,25,0,3,1179,122,900,716,4,下位,0,400,216
182,182,0,112,156,0,4,1872,122,900,716,4,下位,0,693,86
65,65,0,114,160,0,5,2054,122,900,716,4,下位,0,182,217
349,349,0,1022,2266,0,6,2119,122,900,716,4,下位,0,65,221
173,173,0,111,153,0,0,0,2468,2327,346,13,下位,0,0,0
405,405,0,68,24,0,1,173,2468,2327,346,13,下位,0,173,214
275,275,0,114,162,0,2,578,2468,2327,346,13,下位,0,405,85
209,209,0,738,1616,0,3,853,2468,2327,346,13,下位,0,275,223
330,330,0,204,341,1,0,0,0,0,1,0,下位,0,0,0
248,248,0,113,157,0,0,0,330,402,-97,1,下位,0,0,0
361,361,0,111,153,0,1,248,330,402,-97,1,下位,0,248,218
51,51,0,113,159,0,2,609,330,402,-97,1,下位,0,361,214
94,94,0,181,176,0,3,660,330,402,-97,1,下位,0,51,220
509,509,0,670,1381,0,0,0,754,237,-350,1,下位,0,0,0
500,500,0,111,152,1,0,0,0,0,1,0,下位,0,0,0
151,151,0,113,158,1,1,500,0,0,1,0,下位,0,500,213
210,210,0,305,606,1,2,651,0,0,1,0,下位,0,151,219
175,175,0,68,23,0,0,0,861,667,-205,3,下位,0,0,0
225,225,0,67,20,0,1,175,861,667,-205,3,下位,0,175,84
185,185,0,383,845,0,2,400,861,667,-205,3,下位,0,225,81
405,405,0,66,16,0,0,0,585,906,-20,4,下位,0,0,0
78,78,0,111,152,0,1,405,585,906,-20,4,下位,0,405,77
811,811,0,103,127,0,2,483,585,906,-20,4,下位,0,78,213
403,403,0,68,22,0,3,1294,585,906,-20,4,下位,0,811,188
136,136,0,68,22,0,4,1697,585,906,-20,4,下位,0,403,83
63,63,0,348,704,0,5,1833,585,906,-20,4,下位,0,136,83
480,480,0,68,24,0,0,0,1896,765,-1484,4,下位,0,0,0
544,544,0,114,160,0,1,480,1896,765,-1484,4,下位,0,480,85
810,810,0,68,23,0,2,1024,1896,765,-1484,4,下位,0,544,221
107,107,0,112,156,0,3,1834,1896,765,-1484,4,下位,0,810,84
134,134,0,68,24,0,4,1941,1896,765,-1484,4,下位,0,107,217
248,248,0,71,31,0,5,2075,1896,765,-1484,4,下位,0,134,85
188,188,0,150,224,0,6,2323,1896,765,-1484,4,下位,0,248,92
214,214,0,631,1242,1,0,0,0,0,1,0,下位,0,0,0
104,104,0,111,153,0,0,0,214,1303,980,7,下位,0,0,0
153,153,0,111,153,0,1,104,214,1303,980,7,下位,0,104,214
46,46,0,68,23,0,2,257,214,1303,980,7,下位,0,153,214
566,566,0,68,23,0,3,303,214,1303,980,7,下位,0,46,84
312,312,0,111,153,0,4,869,214,1303,980,7,下位,0,566,84
648,648,0,111,152,0,5,1181,214,1303,980,7,下位,0,312,214
808,808,0,723,1650,0,6,1829,214,1303,980,7,下位,0,648,213
500,500,0,558,812,1,0,0,0,0,1,0,下位,0,0,0
446,446,0,71,32,0,0,0,500,873,116,6,下位,0,0,0
585,585,0,68,23,0,1,446,500,873,116,6,下位,0,446,93
144,144,0,1175,2577,0,2,1031,500,873,116,6,下位,0,585,84
19,19,0,69,26,1,0,0,0,0,1,0,下位,0,0,0
157,157,0,112,155,1,1,19,0,0,1,0,下位,0,19,87
490,490,0,111,152,1,2,176,0,0,1,0,下位,0,157,216
612,612,0,68,24,1,3,666,0,0,1,0,下位,0,490,213
202,202,0,903,2086,1,4,1278,0,0,1,0,下位,0,612,85
105,105,0,68,23,0,0,0,1480,2147,507,12,下位,0,0,0
595,595,0,112,156,0,1,105,1480,2147,507,12,下位,0,105,84
49,49,0,249,389,0,2,700,1480,2147,507,12,下位,0,595,217
387,387,0,112,155,1,0,0,0,0,1,0,下位,0,0,0
383,383,0,1073,2137,1,1,387,0,0,1,0,下位,0,387,216
245,245,0,111,152,0,0,0,770,2198,1249,13,下位,0,0,0
142,142,0,114,160,0,1,245,770,2198,1249,13,下位,0,245,213
291,291,0,112,154,0,2,387,770,2198,1249,13,下位,0,142,221
446,446,0,68,24,0,3,678,770,2198,1249,13,下位,0,291,215
137,137,0,861,1690,0,4,1124,770,2198,1249,13,下位,0,446,85
232,232,0,360,766,1,0,0,0,0,1,0,下位,0,0,0
284,284,0,112,154,0,0,0,232,827,476,3,下位,0,0,0
178,178,0,112,156,0,1,284,232,827,476,3,下位,0,284,215
133,133,0,68,23,0,2,462,232,827,476,3,下位,0,178,217
132,132,0,68,23,0,3,595,232,827,476,3,下位,0,133,84
185,185,0,506,773,0,4,727,232,827,476,3,下位,0,132,84
324,324,0,111,152,1,0,0,0,0,1,0,下位,0,0,0
82,82,0,112,156,1,1,324,0,0,1,0,下位,0,324,213
132,132,0,226,430,1,2,406,0,0,1,0,下位,0,82,217
121,121,0,69,25,0,0,0,538,491,107,2,下位,0,0,0
237,237,0,69,26,0,1,121,538,491,107,2,下位,0,121,86
543,543,0,376,862,0,2,358,538,491,107,2,下位,0,237,87
435,435,0,112,156,0,0,0,901,923,-162,4,下位,0,0,0
174,174,0,359,683,0,1,435,901,923,-162,4,下位,0,435,217
297,297,0,68,24,1,0,0,0,0,1,0,下位,0,0,0
706,706,0,416,798,1,1,297,0,0,1,0,下位,0,297,85
116,116,0,313,630,0,0,0,1003,859,-575,4,下位,0,0,0
281,281,0,68,23,1,0,0,0,0,1,0,下位,0,0,0
95,95,0,69,26,1,1,281,0,0,1,0,下位,0,281,84
620,620,0,68,24,1,2,376,0,0,1,0,下位,0,95,87
244,244,0,112,155,1,3,996,0,0,1,0,下位,0,620,85
88,88,0,68,24,1,4,1240,0,0,1,0,下位,0,244,216
66,66,0,374,674,1,5,1328,0,0,1,0,下位,0,88,85
268,268,0,112,154,0,0,0,1394,735,-819,4,下位,0,0,0
808,808,0,69,26,0,1,268,1394,735,-819,4,下位,0,268,215
370,370,0,69,26,0,2,1076,1394,735,-819,4,下位,0,808,87
129,129,0,111,152,0,3,1446,1394,735,-819,4,下位,0,370,87
136,136,0,111,152,0,4,1575,1394,735,-819,4,下位,0,129,213
93,93,0,640,1029,0,5,1711,1394,735,-819,4,下位,0,136,213
108,108,0,108,144,1,0,0,0,0,1,0,下位,0,0,0
209,209,0,581,1054,1,1,108,0,0,1,0,下位,0,108,205
248,248,0,114,162,0,0,0,317,1115,840,8,下位,0,0,0
589,589,0,67,19,0,1,248,317,1115,840,8,下位,0,248,223
210,210,0,112,154,0,2,837,317,1115,840,8,下位,0,589,80
132,132,0,107,141,0,3,1047,317,1115,840,8,下位,0,210,215
285,285,0,111,152,0,4,1179,317,1115,840,8,下位,0,132,202
100,100,0,735,1560,0,5,1464,317,1115,840,8,下位,0,285,213
465,465,0,112,154,1,0,0,0,0,1,0,下位,0,0,0
209,209,0,782,1426,1,1,465,0,0,1,0,下位,0,465,215
348,348,0,112,155,0,0,0,674,1487,681,10,下位,0,0,0
281,281,0,114,161,0,1,348,674,1487,681,10,下位,0,348,216
580,580,0,111,153,0,2,629,674,1487,681,10,下位,0,281,222
140,140,0,68,22,0,3,1209,674,1487,681,10,下位,0,580,214
145,145,0,111,152,0,4,1349,674,1487,681,10,下位,0,140,83
540,540,0,749,1586,0,5,1494,674,1487,681,10,下位,0,145,213
77,77,0,70,30,0,0,0,2034,1647,194,8,下位,0,0,0
595,595,0,68,23,0,1,77,2034,1647,194,8,下位,0,77,91
113,113,0,933,1920,0,2,672,2034,1647,194,8,下位,0,595,84
424,424,0,111,153,1,0,0,0,0,1,0,下位,0,0,0
326,326,0,62,5,1,1,424,0,0,1,0,下位,0,424,214
189,189,0,769,1591,1,2,750,0,0,1,0,下位,0,326,66
326,326,0,68,24,0,0,0,939,1652,511,9,下位,0,0,0
514,514,0,69,25,0,1,326,939,1652,511,9,下位,0,326,85
732,732,0,68,23,0,2,840,939,1652,511,9,下位,0,514,86
99,99,0,68,22,0,3,1572,939,1652,511,9,下位,0,732,84
159,159,0,68,22,0,4,1671,939,1652,511,9,下位,0,99,83
808,808,0,113,158,0,5,1830,939,1652,511,9,下位,0,159,83
169,169,0,256,389,0,6,2638,939,1652,511,9,下位,0,808,219
13,13,0,111,153,1,0,0,0,0,1,0,下位,0,0,0
808,808,0,112,156,1,1,13,0,0,1,0,下位,0,13,214
73,73,0,394,804,1,2,821,0,0,1,0,下位,0,808,217
509,509,0,230,428,0,0,0,894,865,-58,4,下位,0,0,0
48,48,0,113,159,0,0,0,509,489,-340,2,下位,0,0,0
403,403,0,113,159,0,1,48,509,489,-340,2,下位,0,48,220
238,238,0,68,24,0,2,451,509,489,-340,2,下位,0,403,220
227,227,0,206,269,0,3,689,509,489,-340,2,下位,0,238,85
88,88,0,69,25,0,0,0,916,330,-874,2,下位,0,0,0
622,622,0,70,29,0,1,88,916,330,-874,2,下位,0,88,86
544,544,0,113,158,0,2,710,916,330,-874,2,下位,0,622,90
808,808,0,113,157,0,3,1254,916,330,-874,2,下位,0,544,219
52,52,0,112,154,0,4,2062,916,330,-874,2,下位,0,808,218
140,140,0,111,153,0,5,2114,916,330,-874,2,下位,0,52,215
72,72,0,857,1886,0,6,2254,916,330,-874,2,下位,0,140,214
32,32,0,69,25,1,0,0,0,0,1,0,下位,0,0,0
162,162,0,114,161,1,1,32,0,0,1,0,下位,0,32,86
201,201,0,234,424,1,2,194,0,0,1,0,下位,0,162,222
102,102,0,111,152,0,0,0,395,485,196,2,下位,0,0,0
211,211,0,69,26,0,1,102,395,485,196,2,下位,0,102,213
397,397,0,112,154,0,2,313,395,485,196,2,下位,0,211,87
226,226,0,112,156,0,3,710,395,485,196,2,下位,0,397,215
169,169,0,113,158,0,4,936,395,485,196,2,下位,0,226,217
82,82,0,112,156,0,5,1105,395,485,196,2,下位,0,169,219
796,796,0,242,414,0,6,1187,395,485,196,2,下位,0,82,217
275,275,0,113,158,0,0,0,1983,475,-1166,2,下位,0,0,0
307,307,0,109,146,0,1,275,1983,475,-1166,2,下位,0,275,219
512,512,0,63,8,0,2,582,1983,475,-1166,2,下位,0,307,207
328,328,0,68,24,0,3,1094,1983,475,-1166,2,下位,0,512,69
199,199,0,112,155,0,4,1422,1983,475,-1166,2,下位,0,328,85
522,522,0,67,20,0,5,1621,1983,475,-1166,2,下位,0,199,216
214,214,0,69,27,0,6,2143,1983,475,-1166,2,下位,0,522,81
809,809,0,112,154,0,7,2357,1983,475,-1166,2,下位,0,214,88
391,391,0,458,987,0,8,3166,1983,475,-1166,2,下位,0,809,215
56,56,0,68,24,1,0,0,0,0,1,0,下位,0,0,0
203,203,0,896,1831,1,1,56,0,0,1,0,下位,0,56,85
241,241,0,110,149,0,0,0,259,1892,1585,10,下位,0,0,0
131,131,0,342,712,0,1,241,259,1892,1585,10,下位,0,241,210
509,509,0,69,26,0,0,0,372,773,2005,4,下位,0,0,0
58,58,0,112,155,0,1,509,372,773,2005,4,下位,0,509,87
62,62,0,112,154,0,2,567,372,773,2005,4,下位,0,58,216
808,808,0,485,964,0,3,629,372,773,2005,4,下位,0,62,215
509,509,0,112,154,0,0,0,1437,1025,1371,6,下位,0,0,0
96,96,0,592,1235,0,1,509,1437,1025,1371,6,下位,0,509,215
166,166,0,366,742,1,0,0,0,0,1,0,下位,0,0,0
53,53,0,68,23,0,0,0,166,803,552,3,下位,0,0,0
713,713,0,110,150,0,1,53,166,803,552,3,下位,0,53,84
506,506,0,70,30,0,2,766,166,803,552,3,下位,0,713,211
602,602,0,111,153,0,3,1272,166,803,552,3,下位,0,506,91
151,151,0,316,623,0,4,1874,166,803,552,3,下位,0,602,214
272,272,0,111,153,1,0,0,0,0,1,0,下位,0,0,0
278,278,0,111,152,1,1,272,0,0,1,0,下位,0,272,214
294,294,0,112,154,1,2,550,0,0,1,0,下位,0,278,213
85,85,0,111,152,1,3,844,0,0,1,0,下位,0,294,215
122,122,0,629,1244,1,4,929,0,0,1,0,下位,0,85,213
362,362,0,68,23,0,0,0,1051,1305,569,7,下位,0,0,0
249,249,0,229,429,0,1,362,1051,1305,569,7,下位,0,362,84
277,277,0,112,154,0,0,0,611,490,218,2,下位,0,0,0
334,334,0,111,152,0,1,277,611,490,218,2,下位,0,277,215
337,337,0,112,154,0,2,611,611,490,218,2,下位,0,334,213
257,257,0,194,357,0,3,948,611,490,218,2,下位,0,337,215
278,278,0,301,640,0,0,0,1205,418,-547,1,下位,0,0,0
299,299,0,68,23,0,0,0,278,701,-267,3,下位,0,0,0
582,582,0,111,152,0,1,299,278,701,-267,3,下位,0,299,84
94,94,0,69,25,0,2,881,278,701,-267,3,下位,0,582,213
159,159,0,624,1205,0,3,975,278,701,-267,3,下位,0,94,86
158,158,0,383,758,1,0,0,0,0,1,0,下位,0,0,0
114,114,0,70,29,0,0,0,158,819,581,5,下位,0,0,0
108,108,0,112,156,0,1,114,158,819,581,5,下位,0,114,90
651,651,0,335,723,0,2,222,158,819,581,5,下位,0,108,217
458,458,0,113,158,0,0,0,873,784,349,4,下位,0,0,0
76,76,0,586,1295,0,1,458,873,784,349,4,下位,0,458,219
261,261,0,112,155,0,0,0,534,1356,1115,7,下位,0,0,0
104,104,0,1494,3281,0,1,261,534,1356,1115,7,下位,0,261,216
335,335,0,67,21,0,0,0,365,3342,1822,16,下位,0,0,0
363,363,0,111,153,0,1,335,365,3342,1822,16,下位,0,335,82
498,498,0,1418,3282,0,2,698,365,3342,1822,16,下位,0,363,214
168,168,0,114,162,0,0,0,1196,3343,1375,17,下位,0,0,0
127,127,0,68,24,0,1,168,1196,3343,1375,17,下位,0,168,223
350,350,0,222,301,0,2,295,1196,3343,1375,17,下位,0,127,85
346,346,0,69,27,1,0,0,0,0,1,0,下位,0,0,0
368,368,0,590,1323,1,1,346,0,0,1,0,下位,0,346,88
383,383,0,111,153,0,0,0,714,1384,391,7,下位,0,0,0
117,117,0,397,831,0,1,383,714,1384,391,7,下位,0,383,214
509,509,0,111,152,0,0,0,500,892,740,4,下位,0,0,0
808,808,0,68,24,0,1,509,500,892,740,4,下位,0,509,213
93,93,0,69,26,0,2,1317,500,892,740,4,下位,0,808,85
265,265,0,68,22,0,3,1410,500,892,740,4,下位,0,93,87
100,100,0,71,31,0,4,1675,500,892,740,4,下位,0,265,83
788,788,0,757,1665,0,5,1775,500,892,740,4,下位,0,100,92
501,501,0,350,700,1,0,0,0,0,1,0,下位,0,0,0
509,509,0,68,23,0,0,0,501,761,3,4,下位,0,0,0
553,553,0,113,157,0,1,509,501,761,3,4,下位,0,509,84
292,292,0,114,160,0,2,1062,501,761,3,4,下位,0,553,218
213,213,0,68,22,0,3,1354,501,761,3,4,下位,0,292,221
580,580,0,111,153,0,4,1567,501,761,3,4,下位,0,213,83
725,725,0,111,152,0,5,2147,501,761,3,4,下位,0,580,214
604,604,0,111,153,0,6,2872,501,761,3,4,下位,0,725,213
345,345,0,111,153,0,7,3476,501,761,3,4,下位,0,604,214
121,121,0,478,952,0,8,3821,501,761,3,4,下位,0,345,214
331,331,0,70,29,1,0,0,0,0,1,0,下位,0,0,0
53,53,0,473,1031,1,1,331,0,0,1,0,下位,0,331,90
509,509,0,113,158,0,0,0,384,1092,601,5,下位,0,0,0
364,364,0,112,155,0,1,509,384,1092,601,5,下位,0,509,219
73,73,0,112,155,0,2,873,384,1092,601,5,下位,0,364,216
79,79,0,358,690,0,3,946,384,1092,601,5,下位,0,73,216
423,423,0,113,157,0,0,0,1025,751,449,4,下位,0,0,0
154,154,0,68,24,0,1,423,1025,751,449,4,下位,0,423,218
102,102,0,931,2019,0,2,577,1025,751,449,4,下位,0,154,85
48,48,0,584,1076,0,0,0,679,2080,1803,12,下位,0,0,0
234,234,0,68,23,0,0,0,48,1137,563,5,下位,0,0,0
398,398,0,113,157,0,1,234,48,1137,563,5,下位,0,234,84
321,321,0,69,26,0,2,632,48,1137,563,5,下位,0,398,218
187,187,0,111,152,0,3,953,48,1137,563,5,下位,0,321,87
65,65,0,69,27,0,4,1140,48,1137,563,5,下位,0,187,213
253,253,0,112,155,0,5,1205,48,1137,563,5,下位,0,65,88
173,173,0,112,156,0,6,1458,48,1137,563,5,下位,0,253,216
137,137,0,549,1093,0,7,1631,48,1137,563,5,下位,0,173,217
31,31,0,415,926,1,0,0,0,0,1,0,下位,0,0,0
256,256,0,70,29,0,0,0,31,987,941,5,下位,0,0,0
237,237,0,69,26,0,1,256,31,987,941,5,下位,0,256,90
190,190,0,68,24,0,2,493,31,987,941,5,下位,0,237,87
244,244,0,113,157,0,3,683,31,987,941,5,下位,0,190,85
226,226,0,69,26,0,4,927,31,987,941,5,下位,0,244,218
137,137,0,68,24,0,5,1153,31,987,941,5,下位,0,226,87
809,809,0,68,22,0,6,1290,31,987,941,5,下位,0,137,85
169,169,0,114,160,0,7,2099,31,987,941,5,下位,0,809,83
64,64,0,231,427,0,8,2268,31,987,941,5,下位,0,169,221
284,284,0,230,435,0,0,0,2332,488,-1149,2,下位,0,0,0
296,296,0,111,152,0,0,0,284,496,-1083,2,下位,0,0,0
97,97,0,104,99,0,1,296,284,496,-1083,2,下位,0,296,213
509,509,0,112,155,0,0,0,393,160,-1305,1,下位,0,0,0
145,145,0,418,779,0,1,509,393,160,-1305,1,下位,0,509,216
379,379,0,111,153,0,0,0,654,840,-1240,4,下位,0,0,0
808,808,0,194,348,0,1,379,654,840,-1240,4,下位,0,379,214
354,354,0,508,1117,1,0,0,0,0,1,0,下位,0,0,0
79,79,0,111,153,0,0,0,354,1178,643,6,下位,0,0,0
224,224,0,111,153,0,1,79,354,1178,643,6,下位,0,79,214
349,349,0,112,155,0,2,303,354,1178,643,6,下位,0,224,214
178,178,0,150,229,0,3,652,354,1178,643,6,下位,0,349,216
108,108,0,112,156,0,0,0,830,290,319,1,下位,0,0,0
269,269,0,69,25,0,1,108,830,290,319,1,下位,0,108,217
283,283,0,112,155,0,2,377,830,290,319,1,下位,0,269,86
347,347,0,69,25,0,3,660,830,290,319,1,下位,0,283,216
442,442,0,111,152,0,4,1007,830,290,319,1,下位,0,347,86
457,457,0,111,153,0,5,1449,830,290,319,1,下位,0,442,213
465,465,0,69,26,0,6,1906,830,290,319,1,下位,0,457,214
262,262,0,188,358,0,7,2371,830,290,319,1,下位,0,465,87
509,509,0,566,1031,0,0,0,2633,419,-2134,1,下位,0,0,0
314,314,0,306,634,1,0,0,0,0,1,0,下位,0,0,0
509,509,0,68,22,0,0,0,314,695,220,3,下位,0,0,0
433,433,0,111,152,0,1,509,314,695,220,3,下位,0,509,83
119,119,0,112,154,0,2,942,314,695,220,3,下位,0,433,213
321,321,0,113,159,0,3,1061,314,695,220,3,下位,0,119,215
538,538,0,112,156,0,4,1382,314,695,220,3,下位,0,321,220
810,810,0,69,25,0,5,1920,314,695,220,3,下位,0,538,217
87,87,0,112,154,0,6,2730,314,695,220,3,下位,0,810,86
183,183,0,68,22,0,7,2817,314,695,220,3,下位,0,87,215
76,76,0,225,309,0,8,3000,314,695,220,3,下位,0,183,83
410,410,0,65,15,0,0,0,3076,370,-2737,1,下位,0,0,0
105,105,0,113,159,0,1,410,3076,370,-2737,1,下位,0,410,76
87,87,0,114,160,0,2,515,3076,370,-2737,1,下位,0,105,220
772,772,0,113,158,0,3,602,3076,370,-2737,1,下位,0,87,221
263,263,0,112,154,0,4,1374,3076,370,-2737,1,下位,0,772,219
379,379,0,68,24,0,5,1637,3076,370,-2737,1,下位,0,263,215
129,129,0,110,148,0,6,2016,3076,370,-2737,1,下位,0,379,85
358,358,0,69,26,0,7,2145,3076,370,-2737,1,下位,0,129,209
325,325,0,331,605,0,8,2503,3076,370,-2737,1,下位,0,358,87
315,315,0,531,882,0,0,0,2828,666,-5022,3,下位,0,0,0
249,249,0,598,1229,1,0,0,0,0,1,0,下位,0,0,0
477,477,0,112,155,0,0,0,249,1290,914,8,下位,0,0,0
201,201,0,109,146,0,1,477,249,1290,914,8,下位,0,477,216
275,275,0,112,154,0,2,678,249,1290,914,8,下位,0,201,207
259,259,0,112,155,0,3,953,249,1290,914,8,下位,0,275,215
363,363,0,111,153,0,4,1212,249,1290,914,8,下位,0,259,216
579,579,0,112,156,0,5,1575,249,1290,914,8,下位,0,363,214
128,128,0,68,24,0,6,2154,249,1290,914,8,下位,0,579,217
124,124,0,107,140,0,7,2282,249,1290,914,8,下位,0,128,85
119,119,0,111,152,0,8,2406,249,1290,914,8,下位,0,124,201
161,161,0,286,422,0,9,2525,249,1290,914,8,下位,0,119,213
67,67,0,68,24,0,0,0,2686,483,-889,4,下位,0,0,0
342,342,0,111,153,0,1,67,2686,483,-889,4,下位,0,67,85
109,109,0,114,160,0,2,409,2686,483,-889,4,下位,0,342,214
334,334,0,112,155,0,3,518,2686,483,-889,4,下位,0,109,221
675,675,0,300,641,0,4,852,2686,483,-889,4,下位,0,334,216
126,126,0,218,424,1,0,0,0,0,1,0,下位,0,0,0
376,376,0,113,159,0,0,0,126,485,295,2,下位,0,0,0
51,51,0,111,153,0,1,376,126,485,295,2,下位,0,376,220
98,98,0,835,1835,0,2,427,126,485,295,2,下位,0,51,214
509,509,0,68,23,0,0,0,525,1896,1830,11,下位,0,0,0
165,165,0,497,996,0,1,509,525,1896,1830,11,下位,0,509,84
399,399,0,109,147,0,0,0,674,1057,1950,5,下位,0,0,0
808,808,0,113,157,0,1,399,674,1057,1950,5,下位,0,399,208
405,405,0,110,149,0,2,1207,674,1057,1950,5,下位,0,808,218
373,373,0,112,155,0,3,1612,674,1057,1950,5,下位,0,405,210
47,47,0,63,9,0,4,1985,674,1057,1950,5,下位,0,373,216
811,811,0,105,134,0,5,2032,674,1057,1950,5,下位,0,47,70
462,462,0,111,153,0,6,2843,674,1057,1950,5,下位,0,811,195
765,765,0,111,152,0,7,3305,674,1057,1950,5,下位,0,462,214
391,391,0,68,22,0,8,4070,674,1057,1950,5,下位,0,765,213
425,425,0,68,23,0,9,4461,674,1057,1950,5,下位,0,391,83
67,67,0,542,1053,0,10,4886,674,1057,1950,5,下位,0,425,84
403,403,0,110,148,1,0,0,0,0,1,0,下位,0,0,0
125,125,0,308,615,1,1,403,0,0,1,0,下位,0,403,209
71,71,0,111,152,0,0,0,528,676,86,3,下位,0,0,0
56,56,0,68,24,0,1,71,528,676,86,3,下位,0,71,213
289,289,0,68,24,0,2,127,528,676,86,3,下位,0,56,85
273,273,0,68,22,0,3,416,528,676,86,3,下位,0,289,85
319,319,0,68,23,0,4,689,528,676,86,3,下位,0,273,83
135,135,0,68,22,0,5,1008,528,676,86,3,下位,0,319,84
140,140,0,69,26,0,6,1143,528,676,86,3,下位,0,135,83
432,432,0,107,141,0,7,1283,528,676,86,3,下位,0,140,87
92,92,0,855,1998,0,8,1715,528,676,86,3,下位,0,432,202
81,81,0,114,161,0,0,0,1807,2059,328,11,下位,0,0,0
152,152,0,101,123,0,1,81,1807,2059,328,11,下位,0,81,222
313,313,0,114,161,0,2,233,1807,2059,328,11,下位,0,152,184
318,318,0,113,157,0,3,546,1807,2059,328,11,下位,0,313,222
73,73,0,114,161,0,4,864,1807,2059,328,11,下位,0,318,218
223,223,0,426,776,0,5,937,1807,2059,328,11,下位,0,73,222
149,149,0,181,178,0,0,0,1160,837,475,4,下位,0,0,0
32,32,0,69,26,1,0,0,0,0,1,0,下位,0,0,0
206,206,0,69,26,1,1,32,0,0,1,0,下位,0,32,87
615,615,0,69,25,1,2,238,0,0,1,0,下位,0,206,87
298,298,0,112,155,1,3,853,0,0,1,0,下位,0,615,86
209,209,0,338,708,1,4,1151,0,0,1,0,下位,0,298,216
509,509,0,69,27,0,0,0,1360,769,-815,4,下位,0,0,0
485,485,0,506,1104,0,1,509,1360,769,-815,4,下位,0,509,88
101,101,0,112,154,0,0,0,994,1165,-1068,6,下位,0,0,0
480,480,0,68,22,0,1,101,994,1165,-1068,6,下位,0,101,215
134,134,0,69,26,0,2,581,994,1165,-1068,6,下位,0,480,83
59,59,0,68,22,0,3,715,994,1165,-1068,6,下位,0,134,87
143,143,0,111,153,0,4,774,994,1165,-1068,6,下位,0,59,83
57,57,0,112,154,0,5,917,994,1165,-1068,6,下位,0,143,214
200,200,0,874,1654,0,6,974,994,1165,-1068,6,下位,0,57,215
509,509,0,63,9,0,0,0,1174,1715,-234,10,下位,0,0,0
112,112,0,111,153,0,1,509,1174,1715,-234,10,下位,0,509,70
113,113,0,114,160,0,2,621,1174,1715,-234,10,下位,0,112,214
50,50,0,189,296,0,3,734,1174,1715,-234,10,下位,0,113,221
500,500,0,112,155,1,0,0,0,0,1,0,下位,0,0,0
59,59,0,406,753,1,1,500,0,0,1,0,下位,0,500,216
398,398,0,68,22,0,0,0,559,814,185,5,下位,0,0,0
206,206,0,68,22,0,1,398,559,814,185,5,下位,0,398,83
163,163,0,111,152,0,2,604,559,814,185,5,下位,0,206,83
67,67,0,71,32,0,3,767,559,814,185,5,下位,0,163,213
502,502,0,112,156,0,4,834,559,814,185,5,下位,0,67,93
105,105,0,387,836,0,5,1336,559,814,185,5,下位,0,502,217
364,364,0,69,26,0,0,0,1441,897,-413,4,下位,0,0,0
235,235,0,68,23,0,1,364,1441,897,-413,4,下位,0,364,87
814,814,0,111,153,0,2,599,1441,897,-413,4,下位,0,235,84
129,129,0,112,155,0,3,1413,1441,897,-413,4,下位,0,814,214
134,134,0,108,142,0,4,1542,1441,897,-413,4,下位,0,129,216
338,338,0,112,154,0,5,1676,1441,897,-413,4,下位,0,134,203
51,51,0,370,657,0,6,2014,1441,897,-413,4,下位,0,338,215
162,162,0,308,567,1,0,0,0,0,1,0,下位,0,0,0
331,331,0,112,154,0,0,0,162,628,384,4,下位,0,0,0
101,101,0,1586,3719,0,1,331,162,628,384,4,下位,0,331,215
209,209,0,111,152,0,0,0,432,3780,1416,19,下位,0,0,0
353,353,0,1579,3757,0,1,209,432,3780,1416,19,下位,0,209,213
131,131,0,2134,4661,1,0,0,0,0,1,0,下位,0,0,0
272,272,0,112,156,0,0,0,131,4722,2216,27,下位,0,0,0
501,501,0,109,147,0,1,272,131,4722,2216,27,下位,0,272,217
385,385,0,997,2304,0,2,773,131,4722,2216,27,下位,0,501,208
160,160,0,113,157,0,0,0,1158,2365,869,12,下位,0,0,0
368,368,0,926,1998,0,1,160,1158,2365,869,12,下位,0,160,218
168,168,0,112,154,0,0,0,528,2059,75,10,下位,0,0,0
87,87,0,1356,3035,0,1,168,528,2059,75,10,下位,0,168,215
501,501,0,113,158,1,0,0,0,0,1,0,下位,0,0,0
167,167,0,111,153,1,1,501,0,0,1,0,下位,0,501,219
155,155,0,112,156,1,2,668,0,0,1,0,下位,0,167,214
444,444,0,68,22,1,3,823,0,0,1,0,下位,0,155,217
397,397,0,111,152,1,4,1267,0,0,1,0,下位,0,444,83
808,808,0,113,157,1,5,1664,0,0,1,0,下位,0,397,213
109,109,0,112,156,1,6,2472,0,0,1,0,下位,0,808,218
460,460,0,69,25,1,7,2581,0,0,1,0,下位,0,109,217
203,203,0,431,905,1,8,3041,0,0,1,0,下位,0,460,86
143,143,0,951,1808,1,0,0,0,0,1,0,下位,0,0,0
209,209,0,271,558,0,0,0,143,1869,1654,12,下位,0,0,0
483,483,0,69,26,0,0,0,209,619,1956,2,下位,0,0,0
330,330,0,68,24,0,1,483,209,619,1956,2,下位,0,483,87
308,308,0,736,1588,0,2,813,209,619,1956,2,下位,0,330,85
179,179,0,112,156,0,0,0,1121,1649,2078,8,下位,0,0,0
674,674,0,112,154,0,1,179,1121,1649,2078,8,下位,0,179,217
71,71,0,1302,3116,0,2,853,1121,1649,2078,8,下位,0,674,215
227,227,0,111,152,0,0,0,924,3177,2080,17,下位,0,0,0
126,126,0,518,918,0,1,227,924,3177,2080,17,下位,0,227,213
509,509,0,69,25,0,0,0,353,979,482,6,下位,0,0,0
44,44,0,70,28,0,1,509,353,979,482,6,下位,0,509,86
350,350,0,112,155,0,2,553,353,979,482,6,下位,0,44,89
168,168,0,107,141,0,3,903,353,979,482,6,下位,0,350,216
125,125,0,509,1185,0,4,1071,353,979,482,6,下位,0,168,202
509,509,0,376,607,0,0,0,1196,1246,509,5,下位,0,0,0
115,115,0,475,1029,1,0,0,0,0,1,0,下位,0,0,0
206,206,0,1619,3794,0,0,0,115,1090,917,5,下位,0,0,0
509,509,0,112,156,0,0,0,206,3855,2204,20,下位,0,0,0
76,76,0,663,1401,0,1,509,206,3855,2204,20,下位,0,509,217
509,509,0,69,25,0,0,0,585,1462,639,7,下位,0,0,0
572,572,0,112,155,0,1,509,585,1462,639,7,下位,0,509,86
247,247,0,68,23,0,2,1081,585,1462,639,7,下位,0,572,216
445,445,0,113,159,0,3,1328,585,1462,639,7,下位,0,247,84
137,137,0,113,159,0,4,1773,585,1462,639,7,下位,0,445,220
206,206,0,111,152,0,5,1910,585,1462,639,7,下位,0,137,220
438,438,0,112,155,0,6,2116,585,1462,639,7,下位,0,206,213
219,219,0,110,150,0,7,2554,585,1462,639,7,下位,0,438,216
161,161,0,346,707,0,8,2773,585,1462,639,7,下位,0,219,211
510,510,0,707,1510,0,0,0,2934,768,-1573,4,下位,0,0,0
266,266,0,67,20,0,0,0,510,1571,-775,7,下位,0,0,0
46,46,0,617,1251,0,1,266,510,1571,-775,7,下位,0,266,81
174,174,0,65,15,1,0,0,0,0,1,0,下位,0,0,0
443,443,0,524,1092,1,1,174,0,0,1,0,下位,0,174,76
211,211,0,112,156,0,0,0,617,1153,295,6,下位,0,0,0
156,156,0,114,160,0,1,211,617,1153,295,6,下位,0,211,217
461,461,0,521,1109,0,2,367,617,1153,295,6,下位,0,156,221
117,117,0,111,153,0,0,0,828,1170,649,6,下位,0,0,0
69,69,0,287,484,0,1,117,828,1170,649,6,下位,0,117,214
121,121,0,420,980,0,0,0,186,545,1126,2,下位,0,0,0
172,172,0,679,1575,0,0,0,121,1041,1984,4,下位,0,0,0
350,350,0,104,131,1,0,0,0,0,1,0,下位,0,0,0
116,116,0,68,22,1,1,350,0,0,1,0,下位,0,350,192
650,650,0,112,155,1,2,466,0,0,1,0,下位,0,116,83
91,91,0,109,146,1,3,1116,0,0,1,0,下位,0,650,216
169,169,0,822,1734,1,4,1207,0,0,1,0,下位,0,91,207
500,500,0,68,23,1,0,0,0,0,1,0,下位,0,0,0
101,101,0,404,730,1,1,500,0,0,1,0,下位,0,500,84
509,509,0,111,153,0,0,0,601,791,-35,5,下位,0,0,0
142,142,0,558,1085,0,1,509,601,791,-35,5,下位,0,509,214
51,51,0,111,152,0,0,0,651,1146,339,8,下位,0,0,0
320,320,0,69,26,0,1,51,651,1146,339,8,下位,0,51,213
407,407,0,1163,2548,0,2,371,651,1146,339,8,下位,0,320,87
94,94,0,112,156,1,0,0,0,0,1,0,下位,0,0,0
164,164,0,1542,3206,1,1,94,0,0,1,0,下位,0,94,217
210,210,0,1816,4388,0,0,0,258,3267,812,16,下位,0,0,0
148,148,0,749,1793,0,0,0,210,4449,270,22,下位,0,0,0
214,214,0,2574,6062,0,0,0,148,1854,1900,8,下位,0,0,0
227,227,0,324,608,1,0,0,0,0,1,0,下位,0,0,0
49,49,0,572,1294,0,0,0,227,669,326,3,下位,0,0,0
209,209,0,144,216,0,0,0,49,1355,1607,8,下位,0,0,0
447,447,0,68,23,0,0,0,209,277,1567,1,下位,0,0,0
506,506,0,68,22,0,1,447,209,277,1567,1,下位,0,447,84
46,46,0,407,725,0,2,953,209,277,1567,1,下位,0,506,83
209,209,0,2050,4829,0,0,0,999,786,1006,5,下位,0,0,0
208,208,0,382,835,1,0,0,0,0,1,0,下位,0,0,0
193,193,0,68,24,0,0,0,208,896,582,4,下位,0,0,0
558,558,0,67,21,0,1,193,208,896,582,4,下位,0,193,85
255,255,0,112,154,0,2,751,208,896,582,4,下位,0,558,82
808,808,0,111,153,0,3,1006,208,896,582,4,下位,0,255,215
145,145,0,111,153,0,4,1814,208,896,582,4,下位,0,808,214
177,177,0,308,638,0,5,1959,208,896,582,4,下位,0,145,214
191,191,0,113,158,0,0,0,2136,699,-1144,3,下位,0,0,0
164,164,0,112,156,0,1,191,2136,699,-1144,3,下位,0,191,219
384,384,0,112,155,0,2,355,2136,699,-1144,3,下位,0,164,217
133,133,0,111,152,0,3,739,2136,699,-1144,3,下位,0,384,216
137,137,0,114,160,0,4,872,2136,699,-1144,3,下位,0,133,213
242,242,0,69,26,0,5,1009,2136,699,-1144,3,下位,0,137,221
157,157,0,608,1227,0,6,1251,2136,699,-1144,3,下位,0,242,87
198,198,0,112,156,1,0,0,0,0,1,0,下位,0,0,0
464,464,0,69,25,1,1,198,0,0,1,0,下位,0,198,217
524,524,0,111,152,1,2,662,0,0,1,0,下位,0,464,86
424,424,0,110,148,1,3,1186,0,0,1,0,下位,0,524,213
270,270,0,68,22,1,4,1610,0,0,1,0,下位,0,424,209
60,60,0,113,158,1,5,1880,0,0,1,0,下位,0,270,83
689,689,0,71,32,1,6,1940,0,0,1,0,下位,0,60,219
200,200,0,634,1343,1,7,2629,0,0,1,0,下位,0,689,93
509,509,0,682,1478,0,0,0,2829,1404,-1761,8,下位,0,0,0
160,160,0,1642,3609,0,0,0,509,1539,-993,11,下位,0,0,0
413,413,0,112,156,1,0,0,0,0,1,0,下位,0,0,0
469,469,0,68,23,1,1,413,0,0,1,0,下位,0,413,217
536,536,0,64,12,1,2,882,0,0,1,0,下位,0,469,84
546,546,0,111,153,1,3,1418,0,0,1,0,下位,0,536,73
166,166,0,69,25,1,4,1964,0,0,1,0,下位,0,546,214
107,107,0,1178,2674,1,5,2130,0,0,1,0,下位,0,166,86
500,500,0,70,29,1,0,0,0,0,1,0,下位,0,0,0
62,62,0,591,1299,1,1,500,0,0,1,0,下位,0,500,90
500,500,0,111,152,1,0,0,0,0,1,0,下位,0,0,0
139,139,0,1649,3754,1,1,500,0,0,1,0,下位,0,500,213
312,312,0,114,162,1,0,0,0,0,1,0,下位,0,0,0
637,637,0,69,26,1,1,312,0,0,1,0,下位,0,312,223
303,303,0,114,160,1,2,949,0,0,1,0,下位,0,637,87
789,789,0,68,22,1,3,1252,0,0,1,0,下位,0,303,221
209,209,0,70,28,1,4,2041,0,0,1,0,下位,0,789,83
304,304,0,111,152,1,5,2250,0,0,1,0,下位,0,209,89
129,129,0,586,1129,1,6,2554,0,0,1,0,下位,0,304,213
500,500,0,69,25,1,0,0,0,0,1,0,下位,0,0,0
220,220,0,113,158,1,1,500,0,0,1,0,下位,0,500,86
136,136,0,350,770,1,2,720,0,0,1,0,下位,0,220,219
47,47,0,114,160,1,0,0,0,0,1,0,下位,0,0,0
115,115,0,387,807,1,1,47,0,0,1,0,下位,0,47,221
246,246,0,111,152,0,0,0,162,868,845,4,下位,0,0,0
649,649,0,69,26,0,1,246,162,868,845,4,下位,0,246,213
247,247,0,114,160,0,2,895,162,868,845,4,下位,0,649,87
154,154,0,460,725,0,3,1142,162,868,845,4,下位,0,247,221
102,102,0,149,226,0,0,0,1296,786,189,4,下位,0,0,0
137,137,0,113,158,1,0,0,0,0,1,0,下位,0,0,0
209,209,0,68,23,1,1,137,0,0,1,0,下位,0,137,219
201,201,0,111,152,1,2,346,0,0,1,0,下位,0,209,84
99,99,0,466,903,1,3,547,0,0,1,0,下位,0,201,213
423,423,0,1482,3018,0,0,0,646,964,501,7,下位,0,0,0
134,134,0,492,1068,1,0,0,0,0,1,0,下位,0,0,0
108,108,0,266,394,0,0,0,134,1129,927,7,下位,0,0,0
47,47,0,68,22,0,0,0,108,455,1218,2,下位,0,0,0
319,319,0,68,22,0,1,47,108,455,1218,2,下位,0,47,83
808,808,0,112,154,0,2,366,108,455,1218,2,下位,0,319,83
158,158,0,112,154,0,3,1174,108,455,1218,2,下位,0,808,215
65,65,0,456,953,0,4,1332,108,455,1218,2,下位,0,158,215
125,125,0,111,153,1,0,0,0,0,1,0,下位,0,0,0
56,56,0,68,22,1,1,125,0,0,1,0,下位,0,125,214
154,154,0,113,157,1,2,181,0,0,1,0,下位,0,56,83
127,127,0,532,1211,1,3,335,0,0,1,0,下位,0,154,218
500,500,0,112,155,1,0,0,0,0,1,0,下位,0,0,0
153,153,0,112,156,1,1,500,0,0,1,0,下位,0,500,216
664,664,0,69,26,1,2,653,0,0,1,0,下位,0,153,217
127,127,0,349,567,1,3,1317,0,0,1,0,下位,0,664,87
366,366,0,112,154,1,0,0,0,0,1,0,下位,0,0,0
78,78,0,460,997,1,1,366,0,0,1,0,下位,0,366,215
118,118,0,71,31,0,0,0,444,1058,601,6,下位,0,0,0
189,189,0,113,158,0,1,118,444,1058,601,6,下位,0,118,92
83,83,0,68,23,0,2,307,444,1058,601,6,下位,0,189,219
545,545,0,113,158,0,3,390,444,1058,601,6,下位,0,83,84
160,160,0,113,159,0,4,935,444,1058,601,6,下位,0,545,219
205,205,0,68,23,0,5,1095,444,1058,601,6,下位,0,160,220
78,78,0,872,1865,0,6,1300,444,1058,601,6,下位,0,205,84
117,117,0,731,1521,0,0,0,1378,1926,1357,10,下位,0,0,0
9,9,0,68,23,1,0,0,0,0,1,0,下位,0,0,0
433,433,0,68,22,1,1,9,0,0,1,0,下位,0,9,84
59,59,0,440,948,1,2,442,0,0,1,0,下位,0,433,83
148,148,0,107,140,0,0,0,501,1009,418,4,下位,0,0,0
213,213,0,71,32,0,1,148,501,1009,418,4,下位,0,148,201
204,204,0,68,22,0,2,361,501,1009,418,4,下位,0,213,93
132,132,0,68,22,0,3,565,501,1009,418,4,下位,0,204,83
68,68,0,361,682,0,4,697,501,1009,418,4,下位,0,132,83
28,28,0,1366,3140,1,0,0,0,0,1,0,下位,0,0,0
216,216,0,70,30,0,0,0,28,3201,823,15,下位,0,0,0
366,366,0,70,29,0,1,216,28,3201,823,15,下位,0,216,91
681,681,0,114,160,0,2,582,28,3201,823,15,下位,0,366,90
470,470,0,112,154,0,3,1263,28,3201,823,15,下位,0,681,221
409,409,0,109,146,0,4,1733,28,3201,823,15,下位,0,470,215
57,57,0,113,157,0,5,2142,28,3201,823,15,下位,0,409,207
486,486,0,112,156,0,6,2199,28,3201,823,15,下位,0,57,218
361,361,0,918,2202,0,7,2685,28,3201,823,15,下位,0,486,217
254,254,0,113,158,1,0,0,0,0,1,0,下位,0,0,0
198,198,0,112,154,1,1,254,0,0,1,0,下位,0,254,219
68,68,0,112,155,1,2,452,0,0,1,0,下位,0,198,215
354,354,0,112,155,1,3,520,0,0,1,0,下位,0,68,216
58,58,0,112,155,1,4,874,0,0,1,0,下位,0,354,216
808,808,0,68,23,1,5,932,0,0,1,0,下位,0,58,216
154,154,0,111,153,1,6,1740,0,0,1,0,下位,0,808,84
187,187,0,68,23,1,7,1894,0,0,1,0,下位,0,154,214
799,799,0,111,153,1,8,2081,0,0,1,0,下位,0,187,84
534,534,0,68,22,1,9,2880,0,0,1,0,下位,0,799,214
209,209,0,314,607,1,10,3414,0,0,1,0,下位,0,534,83
132,132,0,152,230,0,0,0,3623,668,-3059,6,下位,0,0,0
237,237,0,112,154,1,0,0,0,0,1,0,下位,0,0,0
196,196,0,110,148,1,1,237,0,0,1,0,下位,0,237,215
809,809,0,245,403,1,2,433,0,0,1,0,下位,0,196,209
275,275,0,111,153,1,0,0,0,0,1,0,下位,0,0,0
220,220,0,71,31,1,1,275,0,0,1,0,下位,0,275,214
325,325,0,112,154,1,2,495,0,0,1,0,下位,0,220,92
535,535,0,621,1226,1,3,820,0,0,1,0,下位,0,325,215
46,46,0,68,22,1,0,0,0,0,1,0,下位,0,0,0
156,156,0,114,162,1,1,46,0,0,1,0,下位,0,46,83
129,129,0,720,1498,1,2,202,0,0,1,0,下位,0,156,223
309,309,0,111,153,0,0,0,331,1559,1365,10,下位,0,0,0
216,216,0,69,26,0,1,309,331,1559,1365,10,下位,0,309,214
176,176,0,1552,3581,0,2,525,331,1559,1365,10,下位,0,216,87
209,209,0,68,24,0,0,0,701,3642,2005,19,下位,0,0,0
211,211,0,111,152,0,1,209,701,3642,2005,19,下位,0,209,85
234,234,0,70,29,0,2,420,701,3642,2005,19,下位,0,211,213
220,220,0,69,25,0,3,654,701,3642,2005,19,下位,0,234,90
89,89,0,154,213,0,4,874,701,3642,2005,19,下位,0,220,86
500,500,0,68,22,1,0,0,0,0,1,0,下位,0,0,0
686,686,0,111,152,1,1,500,0,0,1,0,下位,0,500,83
204,204,0,69,25,1,2,1186,0,0,1,0,下位,0,686,213
325,325,0,111,153,1,3,1390,0,0,1,0,下位,0,204,86
416,416,0,68,24,1,4,1715,0,0,1,0,下位,0,325,214
644,644,0,632,1405,1,5,2131,0,0,1,0,下位,0,416,85
167,167,0,111,153,0,0,0,2775,1466,-2056,8,下位,0,0,0
808,808,0,69,25,0,1,167,2775,1466,-2056,8,下位,0,167,214
79,79,0,111,153,0,2,975,2775,1466,-2056,8,下位,0,808,86
363,363,0,113,158,0,3,1054,2775,1466,-2056,8,下位,0,79,214
111,111,0,107,140,0,4,1417,2775,1466,-2056,8,下位,0,363,219
194,194,0,68,23,0,5,1528,2775,1466,-2056,8,下位,0,111,201
156,156,0,734,1613,0,6,1722,2775,1466,-2056,8,下位,0,194,84
411,411,0,111,153,1,0,0,0,0,1,0,下位,0,0,0
559,559,0,109,147,1,1,411,0,0,1,0,下位,0,411,214
251,251,0,114,161,1,2,970,0,0,1,0,下位,0,559,208
362,362,0,66,17,1,3,1221,0,0,1,0,下位,0,251,222
87,87,0,112,156,1,4,1583,0,0,1,0,下位,0,362,78
303,303,0,64,10,1,5,1670,0,0,1,0,下位,0,87,217
206,206,0,68,22,1,6,1973,0,0,1,0,下位,0,303,71
291,291,0,406,630,1,7,2179,0,0,1,0,下位,0,206,83
243,243,0,69,27,1,0,0,0,0,1,0,下位,0,0,0
284,284,0,113,158,1,1,243,0,0,1,0,下位,0,243,88
184,184,0,351,764,1,2,527,0,0,1,0,下位,0,284,219
156,156,0,112,155,1,0,0,0,0,1,0,下位,0,0,0
91,91,0,320,628,1,1,156,0,0,1,0,下位,0,156,216
209,209,0,111,153,0,0,0,247,689,532,3,下位,0,0,0
132,132,0,112,154,0,1,209,247,689,532,3,下位,0,209,214
604,604,0,114,161,0,2,341,247,689,532,3,下位,0,132,215
496,496,0,112,156,0,3,945,247,689,532,3,下位,0,604,222
98,98,0,216,322,0,4,1441,247,689,532,3,下位,0,496,217
509,509,0,150,224,0,0,0,1539,383,-549,1,下位,0,0,0
482,482,0,112,154,0,0,0,509,285,-1035,1,下位,0,0,0
54,54,0,112,154,0,1,482,509,285,-1035,1,下位,0,482,215
641,641,0,111,152,0,2,536,509,285,-1035,1,下位,0,54,215
115,115,0,111,153,0,3,1177,509,285,-1035,1,下位,0,641,213
209,209,0,111,152,0,4,1292,509,285,-1035,1,下位,0,115,214
491,491,0,286,552,0,5,1501,509,285,-1035,1,下位,0,209,213
483,483,0,112,155,1,0,0,0,0,1,0,下位,0,0,0
510,510,0,111,152,1,1,483,0,0,1,0,下位,0,483,216
220,220,0,111,153,1,2,993,0,0,1,0,下位,0,510,213
59,59,0,111,152,1,3,1213,0,0,1,0,下位,0,220,214
145,145,0,309,621,1,4,1272,0,0,1,0,下位,0,59,213
114,114,0,69,26,0,0,0,1417,682,-608,3,下位,0,0,0
54,54,0,679,1255,0,1,114,1417,682,-608,3,下位,0,114,87
124,124,0,366,683,1,0,0,0,0,1,0,下位,0,0,0
509,509,0,902,1951,0,0,0,124,744,557,4,下位,0,0,0
247,247,0,112,156,0,0,0,509,2012,1799,11,下位,0,0,0
106,106,0,789,1655,0,1,247,509,2012,1799,11,下位,0,247,217
339,339,0,112,154,0,0,0,353,1716,887,9,下位,0,0,0
130,130,0,68,22,0,1,339,353,1716,887,9,下位,0,339,215
808,808,0,112,155,0,2,469,353,1716,887,9,下位,0,130,83
166,166,0,114,162,0,3,1277,353,1716,887,9,下位,0,808,216
579,579,0,68,24,0,4,1443,353,1716,887,9,下位,0,166,223
358,358,0,112,154,0,5,2022,353,1716,887,9,下位,0,579,85
336,336,0,70,29,0,6,2380,353,1716,887,9,下位,0,358,215
279,279,0,112,155,0,7,2716,353,1716,887,9,下位,0,336,90
264,264,0,111,153,0,8,2995,353,1716,887,9,下位,0,279,216
141,141,0,406,804,0,9,3259,353,1716,887,9,下位,0,264,214
140,140,0,114,160,0,0,0,3400,865,-1843,4,下位,0,0,0
160,160,0,111,152,0,1,140,3400,865,-1843,4,下位,0,140,221
692,692,0,112,156,0,2,300,3400,865,-1843,4,下位,0,160,213
122,122,0,235,420,0,3,992,3400,865,-1843,4,下位,0,692,217
117,117,0,434,972,1,0,0,0,0,1,0,下位,0,0,0
98,98,0,71,31,0,0,0,117,1033,857,4,下位,0,0,0
607,607,0,71,31,0,1,98,117,1033,857,4,下位,0,98,92
155,155,0,111,152,0,2,705,117,1033,857,4,下位,0,607,92
91,91,0,111,153,0,3,860,117,1033,857,4,下位,0,155,213
534,534,0,107,139,0,4,951,117,1033,857,4,下位,0,91,214
210,210,0,666,1310,0,5,1485,117,1033,857,4,下位,0,534,200
317,317,0,646,1225,0,0,0,1695,1371,471,8,下位,0,0,0
280,280,0,112,155,0,0,0,317,1286,1277,7,下位,0,0,0
591,591,0,113,159,0,1,280,317,1286,1277,7,下位,0,280,216
217,217,0,344,494,0,2,871,317,1286,1277,7,下位,0,591,220
70,70,0,110,148,1,0,0,0,0,1,0,下位,0,0,0
159,159,0,112,156,1,1,70,0,0,1,0,下位,0,70,209
222,222,0,111,153,1,2,229,0,0,1,0,下位,0,159,217
209,209,0,557,1216,1,3,451,0,0,1,0,下位,0,222,214
65,65,0,70,28,0,0,0,660,1277,918,6,下位,0,0,0
356,356,0,69,26,0,1,65,660,1277,918,6,下位,0,65,89
275,275,0,69,25,0,2,421,660,1277,918,6,下位,0,356,87
93,93,0,71,31,0,3,696,660,1277,918,6,下位,0,275,86
365,365,0,112,155,0,4,789,660,1277,918,6,下位,0,93,92
371,371,0,111,152,0,5,1154,660,1277,918,6,下位,0,365,216
333,333,0,68,22,0,6,1525,660,1277,918,6,下位,0,371,213
137,137,0,553,1107,0,7,1858,660,1277,918,6,下位,0,333,83
146,146,0,268,561,0,0,0,1995,1168,-71,5,下位,0,0,0
112,112,0,114,160,0,0,0,146,622,330,2,下位,0,0,0
192,192,0,109,145,0,1,112,146,622,330,2,下位,0,112,221
102,102,0,69,25,0,2,304,146,622,330,2,下位,0,192,206
509,509,0,999,2193,0,3,406,146,622,330,2,下位,0,102,86
89,89,0,1035,2504,0,0,0,915,2254,1710,14,下位,0,0,0
48,48,0,1928,4810,0,0,0,89,2565,1930,12,下位,0,0,0
500,500,0,385,782,1,0,0,0,0,1,0,下位,0,0,0
509,509,0,1140,2243,0,0,0,500,843,86,5,下位,0,0,0
152,152,0,1034,2403,0,0,0,509,2304,1619,13,下位,0,0,0
500,500,0,68,23,1,0,0,0,0,1,0,下位,0,0,0
80,80,0,1937,4363,1,1,500,0,0,1,0,下位,0,500,84
208,208,0,112,154,0,0,0,580,4424,1305,25,下位,0,0,0
204,204,0,112,156,0,1,208,580,4424,1305,25,下位,0,208,215
194,194,0,1661,3872,0,2,412,580,4424,1305,25,下位,0,204,217
287,287,0,68,24,0,0,0,606,3933,139,21,下位,0,0,0
216,216,0,271,557,0,1,287,606,3933,139,21,下位,0,287,85
435,435,0,201,271,0,0,0,503,618,80,2,下位,0,0,0
103,103,0,112,154,1,0,0,0,0,1,0,下位,0,0,0
344,344,0,65,15,1,1,103,0,0,1,0,下位,0,103,215
106,106,0,469,780,1,2,447,0,0,1,0,下位,0,344,76
365,365,0,352,686,1,0,0,0,0,1,0,下位,0,0,0
510,510,0,112,156,0,0,0,365,747,195,4,下位,0,0,0
149,149,0,69,26,0,1,510,365,747,195,4,下位,0,510,217
358,358,0,68,23,0,2,659,365,747,195,4,下位,0,149,87
434,434,0,112,154,0,3,1017,365,747,195,4,下位,0,358,84
158,158,0,112,154,0,4,1451,365,747,195,4,下位,0,434,215
60,60,0,581,1227,0,5,1609,365,747,195,4,下位,0,158,215
175,175,0,112,156,0,0,0,1669,1288,-228,8,下位,0,0,0
91,91,0,69,26,0,1,175,1669,1288,-228,8,下位,0,175,217
808,808,0,65,15,0,2,266,1669,1288,-228,8,下位,0,91,87
177,177,0,68,23,0,3,1074,1669,1288,-228,8,下位,0,808,76
216,216,0,112,155,0,4,1251,1669,1288,-228,8,下位,0,177,84
808,808,0,111,152,0,5,1467,1669,1288,-228,8,下位,0,216,216
192,192,0,155,211,0,6,2275,1669,1288,-228,8,下位,0,808,213
70,70,0,68,22,1,0,0,0,0,1,0,下位,0,0,0
96,96,0,111,153,1,1,70,0,0,1,0,下位,0,70,83
407,407,0,68,23,1,2,166,0,0,1,0,下位,0,96,214
301,301,0,111,153,1,3,573,0,0,1,0,下位,0,407,84
123,123,0,745,1535,1,4,874,0,0,1,0,下位,0,301,214
362,362,0,112,154,0,0,0,997,1596,682,9,下位,0,0,0
698,698,0,496,1124,0,1,362,997,1596,682,9,下位,0,362,215
277,277,0,69,27,0,0,0,1060,1185,476,6,下位,0,0,0
395,395,0,112,154,0,1,277,1060,1185,476,6,下位,0,277,88
540,540,0,69,25,0,2,672,1060,1185,476,6,下位,0,395,215
82,82,0,111,152,0,3,1212,1060,1185,476,6,下位,0,540,86
209,209,0,111,153,0,4,1294,1060,1185,476,6,下位,0,82,213
808,808,0,111,153,0,5,1503,1060,1185,476,6,下位,0,209,214
209,209,0,659,1134,0,6,2311,1060,1185,476,6,下位,0,808,214
501,501,0,68,24,1,0,0,0,0,1,0,下位,0,0,0
179,179,0,826,1754,1,1,501,0,0,1,0,下位,0,501,85
103,103,0,68,23,0,0,0,680,1815,871,12,下位,0,0,0
43,43,0,109,145,0,1,103,680,1815,871,12,下位,0,103,84
275,275,0,112,154,0,2,146,680,1815,871,12,下位,0,43,206
189,189,0,68,22,0,3,421,680,1815,871,12,下位,0,275,215
408,408,0,68,23,0,4,610,680,1815,871,12,下位,0,189,83
442,442,0,70,29,0,5,1018,680,1815,871,12,下位,0,408,84
76,76,0,324,603,0,6,1460,680,1815,871,12,下位,0,442,90
48,48,0,112,155,1,0,0,0,0,1,0,下位,0,0,0
268,268,0,68,22,1,1,48,0,0,1,0,下位,0,48,216
583,583,0,70,29,1,2,316,0,0,1,0,下位,0,268,83
354,354,0,70,28,1,3,899,0,0,1,0,下位,0,583,90
145,145,0,113,158,1,4,1253,0,0,1,0,下位,0,354,89
48,48,0,112,156,1,5,1398,0,0,1,0,下位,0,145,219
403,403,0,111,152,1,6,1446,0,0,1,0,下位,0,48,217
116,116,0,999,2120,1,7,1849,0,0,1,0,下位,0,403,213
404,404,0,111,153,0,0,0,1965,2181,331,12,下位,0,0,0
178,178,0,68,23,0,1,404,1965,2181,331,12,下位,0,404,214
209,209,0,975,2068,0,2,582,1965,2181,331,12,下位,0,178,84
178,178,0,2171,4957,1,0,0,0,0,1,0,下位,0,0,0
511,511,0,69,27,0,0,0,178,5018,171,26,下位,0,0,0
241,241,0,70,29,0,1,511,178,5018,171,26,下位,0,511,88
227,227,0,69,26,0,2,752,178,5018,171,26,下位,0,241,90
283,283,0,158,226,0,3,979,178,5018,171,26,下位,0,227,87
509,509,0,69,25,0,0,0,1262,287,-1189,1,下位,0,0,0
594,594,0,112,155,0,1,509,1262,287,-1189,1,下位,0,509,86
88,88,0,113,157,0,2,1103,1262,287,-1189,1,下位,0,594,216
268,268,0,491,992,0,3,1191,1262,287,-1189,1,下位,0,88,218
277,277,0,111,152,0,0,0,1459,1053,-1826,5,下位,0,0,0
154,154,0,112,155,0,1,277,1459,1053,-1826,5,下位,0,277,213
126,126,0,1605,3693,0,2,431,1459,1053,-1826,5,下位,0,154,216
19,19,0,112,156,1,0,0,0,0,1,0,下位,0,0,0
544,544,0,68,23,1,1,19,0,0,1,0,下位,0,19,217
232,232,0,739,1543,1,2,563,0,0,1,0,下位,0,544,84
509,509,0,112,155,0,0,0,795,1604,701,9,下位,0,0,0
109,109,0,112,155,0,1,509,795,1604,701,9,下位,0,509,216
281,281,0,112,154,0,2,618,795,1604,701,9,下位,0,109,216
579,579,0,111,152,0,3,899,795,1604,701,9,下位,0,281,215
171,171,0,1187,2867,0,4,1478,795,1604,701,9,下位,0,579,213
260,260,0,1243,2523,0,0,0,1649,2928,1991,17,下位,0,0,0
423,423,0,70,29,1,0,0,0,0,1,0,下位,0,0,0
147,147,0,70,30,1,1,423,0,0,1,0,下位,0,423,90
244,244,0,68,23,1,2,570,0,0,1,0,下位,0,147,91
61,61,0,1827,4171,1,3,814,0,0,1,0,下位,0,244,84
415,415,0,112,155,0,0,0,875,4232,913,25,下位,0,0,0
490,490,0,112,156,0,1,415,875,4232,913,25,下位,0,415,216
214,214,0,111,152,0,2,905,875,4232,913,25,下位,0,490,217
136,136,0,68,24,0,3,1119,875,4232,913,25,下位,0,214,213
809,809,0,71,31,0,4,1255,875,4232,913,25,下位,0,136,85
74,74,0,999,2039,0,5,2064,875,4232,913,25,下位,0,809,92
249,249,0,111,152,1,0,0,0,0,1,0,下位,0,0,0
605,605,0,67,19,1,1,249,0,0,1,0,下位,0,249,213
540,540,0,111,152,1,2,854,0,0,1,0,下位,0,605,80
199,199,0,68,24,1,3,1394,0,0,1,0,下位,0,540,213
197,197,0,114,160,1,4,1593,0,0,1,0,下位,0,199,85
720,720,0,69,25,1,5,1790,0,0,1,0,下位,0,197,221
384,384,0,112,155,1,6,2510,0,0,1,0,下位,0,720,86
369,369,0,112,155,1,7,2894,0,0,1,0,下位,0,384,216
110,110,0,113,157,1,8,3263,0,0,1,0,下位,0,369,216
209,209,0,867,1910,1,9,3373,0,0,1,0,下位,0,110,218
88,88,0,424,980,0,0,0,3582,1971,-1908,12,下位,0,0,0
509,509,0,68,22,0,0,0,88,1041,-1000,4,下位,0,0,0
127,127,0,220,257,0,1,509,88,1041,-1000,4,下位,0,509,83
89,89,0,1479,3239,1,0,0,0,0,1,0,下位,0,0,0
510,510,0,70,30,0,0,0,89,3300,898,20,下位,0,0,0
500,500,0,70,30,0,1,510,89,3300,898,20,下位,0,510,91
322,322,0,469,781,0,2,1010,89,3300,898,20,下位,0,500,91
75,75,0,112,156,1,0,0,0,0,1,0,下位,0,0,0
808,808,0,113,158,1,1,75,0,0,1,0,下位,0,75,217
271,271,0,68,24,1,2,883,0,0,1,0,下位,0,808,219
377,377,0,68,22,1,3,1154,0,0,1,0,下位,0,271,85
110,110,0,113,157,1,4,1531,0,0,1,0,下位,0,377,83
136,136,0,114,162,1,5,1641,0,0,1,0,下位,0,110,218
101,101,0,68,23,1,6,1777,0,0,1,0,下位,0,136,223
62,62,0,111,152,1,7,1878,0,0,1,0,下位,0,101,84
132,132,0,399,681,1,8,1940,0,0,1,0,下位,0,62,213
95,95,0,112,156,1,0,0,0,0,1,0,下位,0,0,0
150,150,0,374,665,1,1,95,0,0,1,0,下位,0,95,217
511,511,0,112,154,0,0,0,245,726,573,4,下位,0,0,0
248,248,0,111,152,0,1,511,245,726,573,4,下位,0,511,215
334,334,0,111,153,0,2,759,245,726,573,4,下位,0,248,213
53,53,0,68,24,0,3,1093,245,726,573,4,下位,0,334,214
692,692,0,111,153,0,4,1146,245,726,573,4,下位,0,53,85
809,809,0,68,23,0,5,1838,245,726,573,4,下位,0,692,214
54,54,0,600,1234,0,6,2647,245,726,573,4,下位,0,809,84
512,512,0,110,149,0,0,0,2701,1295,-1199,8,下位,0,0,0
257,257,0,68,24,0,1,512,2701,1295,-1199,8,下位,0,512,210
403,403,0,112,156,0,2,769,2701,1295,-1199,8,下位,0,257,85
222,222,0,69,26,0,3,1172,2701,1295,-1199,8,下位,0,403,217
49,49,0,112,155,0,4,1394,2701,1295,-1199,8,下位,0,222,87
232,232,0,218,320,0,5,1443,2701,1295,-1199,8,下位,0,49,216
309,309,0,68,23,1,0,0,0,0,1,0,下位,0,0,0
482,482,0,111,152,1,1,309,0,0,1,0,下位,0,309,84
197,197,0,70,28,1,2,791,0,0,1,0,下位,0,482,213
809,809,0,68,22,1,3,988,0,0,1,0,下位,0,197,89
218,218,0,68,23,1,4,1797,0,0,1,0,下位,0,809,83
209,209,0,69,27,1,5,2015,0,0,1,0,下位,0,218,84
113,113,0,413,743,1,6,2224,0,0,1,0,下位,0,209,88
444,444,0,542,1187,0,0,0,2337,804,-2094,5,下位,0,0,0
198,198,0,443,883,0,0,0,444,1248,-1519,7,下位,0,0,0
510,510,0,113,157,0,0,0,198,944,-875,5,下位,0,0,0
234,234,0,112,155,0,1,510,198,944,-875,5,下位,0,510,218
204,204,0,70,28,0,2,744,198,944,-875,5,下位,0,234,216
397,397,0,70,30,0,3,948,198,944,-875,5,下位,0,204,89
417,417,0,878,1698,0,4,1345,198,944,-875,5,下位,0,397,91
500,500,0,68,23,1,0,0,0,0,1,0,下位,0,0,0
143,143,0,105,134,1,1,500,0,0,1,0,下位,0,500,84
118,118,0,68,24,1,2,643,0,0,1,0,下位,0,143,195
216,216,0,68,24,1,3,761,0,0,1,0,下位,0,118,85
347,347,0,112,154,1,4,977,0,0,1,0,下位,0,216,85
388,388,0,68,23,1,5,1324,0,0,1,0,下位,0,347,215
146,146,0,107,141,1,6,1712,0,0,1,0,下位,0,388,84
433,433,0,68,23,1,7,1858,0,0,1,0,下位,0,146,202
794,794,0,70,28,1,8,2291,0,0,1,0,下位,0,433,84
152,152,0,374,611,1,9,3085,0,0,1,0,下位,0,794,89
26,26,0,69,25,1,0,0,0,0,1,0,下位,0,0,0
209,209,0,68,22,1,1,26,0,0,1,0,下位,0,26,86
447,447,0,110,150,1,2,235,0,0,1,0,下位,0,209,83
48,48,0,111,152,1,3,682,0,0,1,0,下位,0,447,211
212,212,0,113,157,1,4,730,0,0,1,0,下位,0,48,213
277,277,0,113,158,1,5,942,0,0,1,0,下位,0,212,218
576,576,0,626,1448,1,6,1219,0,0,1,0,下位,0,277,219
90,90,0,111,153,0,0,0,1795,1509,-180,7,下位,0,0,0
641,641,0,112,154,0,1,90,1795,1509,-180,7,下位,0,90,214
675,675,0,67,19,0,2,731,1795,1509,-180,7,下位,0,641,215
194,194,0,69,26,0,3,1406,1795,1509,-180,7,下位,0,675,80
808,808,0,111,153,0,4,1600,1795,1509,-180,7,下位,0,194,87
141,141,0,112,154,0,5,2408,1795,1509,-180,7,下位,0,808,214
554,554,0,111,152,0,6,2549,1795,1509,-180,7,下位,0,141,215
50,50,0,689,1342,0,7,3103,1795,1509,-180,7,下位,0,554,213
336,336,0,70,28,0,0,0,3153,1403,-2316,7,下位,0,0,0
429,429,0,111,153,0,1,336,3153,1403,-2316,7,下位,0,336,89
435,435,0,112,155,0,2,765,3153,1403,-2316,7,下位,0,429,214
219,219,0,68,22,0,3,1200,3153,1403,-2316,7,下位,0,435,216
54,54,0,356,693,0,4,1419,3153,1403,-2316,7,下位,0,219,83
500,500,0,111,153,1,0,0,0,0,1,0,下位,0,0,0
108,108,0,539,1165,1,1,500,0,0,1,0,下位,0,500,214
509,509,0,435,838,0,0,0,608,1226,519,7,下位,0,0,0
509,509,0,69,25,0,0,0,509,899,647,6,下位,0,0,0
85,85,0,316,488,0,1,509,509,899,647,6,下位,0,509,86
358,358,0,111,153,1,0,0,0,0,1,0,下位,0,0,0
808,808,0,66,17,1,1,358,0,0,1,0,下位,0,358,214
361,361,0,105,135,1,2,1166,0,0,1,0,下位,0,808,78
210,210,0,113,158,1,3,1527,0,0,1,0,下位,0,361,196
809,809,0,70,30,1,4,1737,0,0,1,0,下位,0,210,219
563,563,0,113,157,1,5,2546,0,0,1,0,下位,0,809,91
442,442,0,68,23,1,6,3109,0,0,1,0,下位,0,563,218
83,83,0,718,1466,1,7,3551,0,0,1,0,下位,0,442,84
500,500,0,107,141,1,0,0,0,0,1,0,下位,0,0,0
191,191,0,146,242,1,1,500,0,0,1,0,下位,0,500,202
144,144,0,624,1386,0,0,0,691,303,-541,1,下位,0,0,0
509,509,0,655,1512,0,0,0,144,1447,688,8,下位,0,0,0
209,209,0,997,2404,0,0,0,509,1573,1490,8,下位,0,0,0
456,456,0,68,24,0,0,0,209,2465,1419,11,下位,0,0,0
76,76,0,932,2034,0,1,456,209,2465,1419,11,下位,0,456,85
201,201,0,109,145,1,0,0,0,0,1,0,下位,0,0,0
249,249,0,112,154,1,1,201,0,0,1,0,下位,0,201,206
744,744,0,498,823,1,2,450,0,0,1,0,下位,0,249,215
51,51,0,631,1241,1,0,0,0,0,1,0,下位,0,0,0
509,509,0,111,153,0,0,0,51,1302,1226,7,下位,0,0,0
808,808,0,111,153,0,1,509,51,1302,1226,7,下位,0,509,214
468,468,0,69,25,0,2,1317,51,1302,1226,7,下位,0,808,214
258,258,0,68,24,0,3,1785,51,1302,1226,7,下位,0,468,86
482,482,0,112,156,0,4,2043,51,1302,1226,7,下位,0,258,85
114,114,0,966,1987,0,5,2525,51,1302,1226,7,下位,0,482,217
112,112,0,106,137,1,0,0,0,0,1,0,下位,0,0,0
769,769,0,68,24,1,1,112,0,0,1,0,下位,0,112,198
365,365,0,68,23,1,2,881,0,0,1,0,下位,0,769,85
117,117,0,149,231,1,3,1246,0,0,1,0,下位,0,365,84
129,129,0,284,444,0,0,0,1363,292,-1405,1,下位,0,0,0
349,349,0,175,167,0,0,0,129,505,-1095,3,下位,0,0,0
57,57,0,271,490,1,0,0,0,0,1,0,下位,0,0,0
199,199,0,764,1506,0,0,0,57,551,467,3,下位,0,0,0
128,128,0,928,1976,0,0,0,199,1567,1732,9,下位,0,0,0
93,93,0,69,25,0,0,0,128,2037,1191,10,下位,0,0,0
418,418,0,112,155,0,1,93,128,2037,1191,10,下位,0,93,86
456,456,0,68,23,0,2,511,128,2037,1191,10,下位,0,418,216
582,582,0,70,30,0,3,967,128,2037,1191,10,下位,0,456,84
448,448,0,112,156,0,4,1549,128,2037,1191,10,下位,0,582,91
470,470,0,70,29,0,5,1997,128,2037,1191,10,下位,0,448,217
782,782,0,539,1172,0,6,2467,128,2037,1191,10,下位,0,470,90
381,381,0,68,23,0,0,0,3249,1233,-1715,7,下位,0,0,0
265,265,0,183,307,0,1,381,3249,1233,-1715,7,下位,0,381,84
126,126,0,412,789,1,0,0,0,0,1,0,下位,0,0,0
510,510,0,68,22,0,0,0,126,850,660,4,下位,0,0,0
115,115,0,112,154,0,1,510,126,850,660,4,下位,0,510,83
421,421,0,112,155,0,2,625,126,850,660,4,下位,0,115,215
209,209,0,68,24,0,3,1046,126,850,660,4,下位,0,421,216
489,489,0,392,826,0,4,1255,126,850,660,4,下位,0,209,85
282,282,0,379,590,0,0,0,1744,887,-497,4,下位,0,0,0
77,77,0,111,153,0,0,0,282,651,-273,5,下位,0,0,0
55,55,0,69,27,0,1,77,282,651,-273,5,下位,0,77,214
210,210,0,69,27,0,2,132,282,651,-273,5,下位,0,55,88
134,134,0,112,155,0,3,342,282,651,-273,5,下位,0,210,88
205,205,0,71,32,0,4,476,282,651,-273,5,下位,0,134,216
119,119,0,768,1632,0,5,681,282,651,-273,5,下位,0,205,93
83,83,0,69,26,1,0,0,0,0,1,0,下位,0,0,0
128,128,0,674,1468,1,1,83,0,0,1,0,下位,0,83,87
263,263,0,69,25,0,0,0,211,1529,1297,8,下位,0,0,0
46,46,0,68,23,0,1,263,211,1529,1297,8,下位,0,263,86
524,524,0,113,157,0,2,309,211,1529,1297,8,下位,0,46,84
723,723,0,445,854,0,3,833,211,1529,1297,8,下位,0,524,218
13,13,0,583,1272,1,0,0,0,0,1,0,下位,0,0,0
211,211,0,112,155,0,0,0,13,1333,1314,8,下位,0,0,0
132,132,0,505,815,0,1,211,13,1333,1314,8,下位,0,211,216
369,369,0,68,22,0,0,0,343,876,1886,5,下位,0,0,0
557,557,0,68,24,0,1,369,343,876,1886,5,下位,0,369,83
51,51,0,293,448,0,2,926,343,876,1886,5,下位,0,557,85
412,412,0,112,156,0,0,0,977,509,1083,3,下位,0,0,0
160,160,0,112,155,0,1,412,977,509,1083,3,下位,0,412,217
64,64,0,109,147,0,2,572,977,509,1083,3,下位,0,160,216
354,354,0,68,24,0,3,636,977,509,1083,3,下位,0,64,208
223,223,0,111,152,0,4,990,977,509,1083,3,下位,0,354,85
421,421,0,468,1030,0,5,1213,977,509,1083,3,下位,0,223,213
256,256,0,603,1327,0,0,0,1634,1091,638,5,下位,0,0,0
39,39,0,328,602,1,0,0,0,0,1,0,下位,0,0,0
250,250,0,112,156,0,0,0,39,663,605,3,下位,0,0,0
126,126,0,112,156,0,1,250,39,663,605,3,下位,0,250,217
385,385,0,113,159,0,2,376,39,663,605,3,下位,0,126,217
97,97,0,108,142,0,3,761,39,663,605,3,下位,0,385,220
453,453,0,68,24,0,4,858,39,663,605,3,下位,0,97,203
146,146,0,68,24,0,5,1311,39,663,605,3,下位,0,453,85
188,188,0,68,24,0,6,1457,39,663,605,3,下位,0,146,85
110,110,0,68,24,0,7,1645,39,663,605,3,下位,0,188,85
61,61,0,68,22,0,8,1755,39,663,605,3,下位,0,110,85
209,209,0,1320,2940,0,9,1816,39,663,605,3,下位,0,61,83
501,501,0,276,488,1,0,0,0,0,1,0,下位,0,0,0
193,193,0,111,152,0,0,0,501,549,-209,3,下位,0,0,0
114,114,0,68,24,0,1,193,501,549,-209,3,下位,0,193,213
316,316,0,1731,4293,0,2,307,501,549,-209,3,下位,0,114,85
448,448,0,111,152,0,0,0,623,4354,1264,22,下位,0,0,0
372,372,0,69,25,0,1,448,623,4354,1264,22,下位,0,448,213
63,63,0,69,26,0,2,820,623,4354,1264,22,下位,0,372,86
380,380,0,112,156,0,3,883,623,4354,1264,22,下位,0,63,87
90,90,0,111,152,0,4,1263,623,4354,1264,22,下位,0,380,217
484,484,0,68,22,0,5,1353,623,4354,1264,22,下位,0,90,213
209,209,0,410,810,0,6,1837,623,4354,1264,22,下位,0,484,83
123,123,0,68,24,0,0,0,2046,871,-66,4,下位,0,0,0
199,199,0,69,27,0,1,123,2046,871,-66,4,下位,0,123,85
388,388,0,71,31,0,2,322,2046,871,-66,4,下位,0,199,88
101,101,0,69,25,0,3,710,2046,871,-66,4,下位,0,388,92
106,106,0,68,24,0,4,811,2046,871,-66,4,下位,0,101,86
139,139,0,385,838,0,5,917,2046,871,-66,4,下位,0,106,85
16,16,0,63,9,1,0,0,0,0,1,0,下位,0,0,0
212,212,0,112,155,1,1,16,0,0,1,0,下位,0,16,70
307,307,0,68,23,1,2,228,0,0,1,0,下位,0,212,216
560,560,0,145,217,1,3,535,0,0,1,0,下位,0,307,84
353,353,0,69,25,0,0,0,1095,278,-1009,1,下位,0,0,0
321,321,0,108,142,0,1,353,1095,278,-1009,1,下位,0,353,86
614,614,0,69,25,0,2,674,1095,278,-1009,1,下位,0,321,203
94,94,0,112,155,0,3,1288,1095,278,-1009,1,下位,0,614,86
54,54,0,71,31,0,4,1382,1095,278,-1009,1,下位,0,94,216
91,91,0,299,559,0,5,1436,1095,278,-1009,1,下位,0,54,92
500,500,0,110,148,1,0,0,0,0,1,0,下位,0,0,0
192,192,0,929,1621,1,1,500,0,0,1,0,下位,0,500,209
76,76,0,109,147,0,0,0,692,1682,843,10,下位,0,0,0
52,52,0,64,10,0,1,76,692,1682,843,10,下位,0,76,208
147,147,0,68,23,0,2,128,692,1682,843,10,下位,0,52,71
573,573,0,69,27,0,3,275,692,1682,843,10,下位,0,147,84
236,236,0,107,139,0,4,848,692,1682,843,10,下位,0,573,88
143,143,0,68,24,0,5,1084,692,1682,843,10,下位,0,236,200
214,214,0,694,1308,0,6,1227,692,1682,843,10,下位,0,143,85
45,45,0,107,140,0,0,0,1441,1369,764,8,下位,0,0,0
201,201,0,111,153,0,1,45,1441,1369,764,8,下位,0,45,201
369,369,0,536,1204,0,2,246,1441,1369,764,8,下位,0,201,214
354,354,0,99,116,1,0,0,0,0,1,0,下位,0,0,0
358,358,0,114,161,1,1,354,0,0,1,0,下位,0,354,177
62,62,0,69,26,1,2,712,0,0,1,0,下位,0,358,222
450,450,0,69,26,1,3,774,0,0,1,0,下位,0,62,87
132,132,0,139,215,1,4,1224,0,0,1,0,下位,0,450,87
95,95,0,70,30,0,0,0,1356,276,-1204,1,下位,0,0,0
740,740,0,196,338,0,1,95,1356,276,-1204,1,下位,0,95,91
108,108,0,143,217,0,0,0,835,399,-1979,1,下位,0,0,0
264,264,0,68,23,0,0,0,108,278,-1865,1,下位,0,0,0
154,154,0,109,145,0,1,264,108,278,-1865,1,下位,0,264,84
152,152,0,528,959,0,2,418,108,278,-1865,1,下位,0,154,206
433,433,0,109,147,0,0,0,570,1020,-1418,7,下位,0,0,0
51,51,0,113,159,0,1,433,570,1020,-1418,7,下位,0,433,208
46,46,0,109,146,0,2,484,570,1020,-1418,7,下位,0,51,220
123,123,0,437,910,0,3,530,570,1020,-1418,7,下位,0,46,207
212,212,0,107,140,0,0,0,653,971,-801,7,下位,0,0,0
89,89,0,112,155,0,1,212,653,971,-801,7,下位,0,212,201
569,569,0,67,19,0,2,301,653,971,-801,7,下位,0,89,216
279,279,0,110,149,0,3,870,653,971,-801,7,下位,0,569,80
89,89,0,388,739,0,4,1149,653,971,-801,7,下位,0,279,210
115,115,0,108,142,1,0,0,0,0,1,0,下位,0,0,0
808,808,0,109,146,1,1,115,0,0,1,0,下位,0,115,203
301,301,0,68,22,1,2,923,0,0,1,0,下位,0,808,207
67,67,0,191,347,1,3,1224,0,0,1,0,下位,0,301,83
364,364,0,548,1174,0,0,0,1291,408,-1054,1,下位,0,0,0
371,371,0,1036,2321,0,0,0,364,1235,-371,6,下位,0,0,0
409,409,0,110,149,0,0,0,371,2382,1449,12,下位,0,0,0
175,175,0,110,149,0,1,409,371,2382,1449,12,下位,0,409,210
790,790,0,111,153,0,2,584,371,2382,1449,12,下位,0,175,210
435,435,0,112,156,0,3,1374,371,2382,1449,12,下位,0,790,214
142,142,0,110,150,0,4,1809,371,2382,1449,12,下位,0,435,217
82,82,0,70,29,0,5,1951,371,2382,1449,12,下位,0,142,211
209,209,0,161,180,0,6,2033,371,2382,1449,12,下位,0,82,90
509,509,0,108,143,0,0,0,2242,241,-555,1,下位,0,0,0
263,263,0,475,993,0,1,509,2242,241,-555,1,下位,0,509,204
454,454,0,107,140,1,0,0,0,0,1,0,下位,0,0,0
135,135,0,111,151,1,1,454,0,0,1,0,下位,0,454,201
250,250,0,106,138,1,2,589,0,0,1,0,下位,0,135,212
809,809,0,107,140,1,3,839,0,0,1,0,下位,0,250,199
810,810,0,107,141,1,4,1648,0,0,1,0,下位,0,809,201
65,65,0,108,144,1,5,2458,0,0,1,0,下位,0,810,202
80,80,0,106,136,1,6,2523,0,0,1,0,下位,0,65,205
99,99,0,608,1401,1,7,2603,0,0,1,0,下位,0,80,197
95,95,0,252,533,0,0,0,2702,1462,-1214,7,下位,0,0,0
432,432,0,913,1975,0,0,0,95,594,-764,2,下位,0,0,0
509,509,0,916,1669,0,0,0,432,2036,617,11,下位,0,0,0
509,509,0,756,1637,0,0,0,509,1730,1576,10,下位,0,0,0
145,145,0,109,147,1,0,0,0,0,1,0,下位,0,0,0
441,441,0,112,154,1,1,145,0,0,1,0,下位,0,145,208
251,251,0,68,22,1,2,586,0,0,1,0,下位,0,441,215
423,423,0,70,30,1,3,837,0,0,1,0,下位,0,251,83
785,785,0,169,187,1,4,1260,0,0,1,0,下位,0,423,91
204,204,0,343,712,0,0,0,2045,248,-2252,1,下位,0,0,0
383,383,0,109,146,0,0,0,204,773,-1788,4,下位,0,0,0
122,122,0,110,150,0,1,383,204,773,-1788,4,下位,0,383,207
136,136,0,110,150,0,2,505,204,773,-1788,4,下位,0,122,211
207,207,0,1271,3039,0,3,641,204,773,-1788,4,下位,0,136,211
50,50,0,112,154,0,0,0,848,3100,656,16,下位,0,0,0
101,101,0,70,30,0,1,50,848,3100,656,16,下位,0,50,215
510,510,0,909,1846,0,2,151,848,3100,656,16,下位,0,101,91
114,114,0,109,147,1,0,0,0,0,1,0,下位,0,0,0
471,471,0,69,25,1,1,114,0,0,1,0,下位,0,114,208
94,94,0,108,144,1,2,585,0,0,1,0,下位,0,471,86
174,174,0,1588,3741,1,3,679,0,0,1,0,下位,0,94,205
500,500,0,420,901,1,0,0,0,0,1,0,下位,0,0,0
142,142,0,112,154,0,0,0,500,962,205,5,下位,0,0,0
671,671,0,66,16,0,1,142,500,962,205,5,下位,0,142,215
350,350,0,110,149,0,2,813,500,962,205,5,下位,0,671,77
132,132,0,109,145,0,3,1163,500,962,205,5,下位,0,350,210
585,585,0,111,152,0,4,1295,500,962,205,5,下位,0,132,206
170,170,0,109,147,0,5,1880,500,962,205,5,下位,0,585,213
455,455,0,68,24,0,6,2050,500,962,205,5,下位,0,170,208
55,55,0,254,356,0,7,2505,500,962,205,5,下位,0,455,85
169,169,0,567,1145,0,0,0,2560,417,-2042,2,下位,0,0,0
114,114,0,107,141,0,0,0,169,1206,-1092,6,下位,0,0,0
98,98,0,332,687,0,1,114,169,1206,-1092,6,下位,0,114,202
140,140,0,71,32,0,0,0,212,748,-463,4,下位,0,0,0
154,154,0,111,152,0,1,140,212,748,-463,4,下位,0,140,93
137,137,0,110,149,0,2,294,212,748,-463,4,下位,0,154,213
340,340,0,193,336,0,3,431,212,748,-463,4,下位,0,137,210
80,80,0,109,147,1,0,0,0,0,1,0,下位,0,0,0
718,718,0,108,142,1,1,80,0,0,1,0,下位,0,80,208
166,166,0,108,144,1,2,798,0,0,1,0,下位,0,718,203
418,418,0,112,156,1,3,964,0,0,1,0,下位,0,166,205
123,123,0,303,536,1,4,1382,0,0,1,0,下位,0,418,217
123,123,0,107,139,0,0,0,1505,597,-849,4,下位,0,0,0
553,553,0,110,150,0,1,123,1505,597,-849,4,下位,0,123,200
806,806,0,68,22,0,2,676,1505,597,-849,4,下位,0,553,211
102,102,0,111,153,0,3,1482,1505,597,-849,4,下位,0,806,83
75,75,0,109,146,0,4,1584,1505,597,-849,4,下位,0,102,214
139,139,0,380,662,0,5,1659,1505,597,-849,4,下位,0,75,207
408,408,0,110,150,0,0,0,1798,723,-1936,3,下位,0,0,0
515,515,0,68,22,0,1,408,1798,723,-1936,3,下位,0,408,211
125,125,0,110,150,0,2,923,1798,723,-1936,3,下位,0,515,83
70,70,0,113,157,0,3,1048,1798,723,-1936,3,下位,0,125,211
346,346,0,67,20,0,4,1118,1798,723,-1936,3,下位,0,70,218
249,249,0,106,138,0,5,1464,1798,723,-1936,3,下位,0,346,81
209,209,0,109,145,0,6,1713,1798,723,-1936,3,下位,0,249,199
489,489,0,68,22,0,7,1922,1798,723,-1936,3,下位,0,209,206
330,330,0,110,150,0,8,2411,1798,723,-1936,3,下位,0,489,83
209,209,0,297,556,0,9,2741,1798,723,-1936,3,下位,0,330,211
380,380,0,70,29,1,0,0,0,0,1,0,下位,0,0,0
808,808,0,112,155,1,1,380,0,0,1,0,下位,0,380,90
96,96,0,113,157,1,2,1188,0,0,1,0,下位,0,808,216
78,78,0,372,577,1,3,1284,0,0,1,0,下位,0,96,218
102,102,0,254,542,0,0,0,1362,638,-900,5,下位,0,0,0
203,203,0,107,140,0,0,0,102,603,-452,2,下位,0,0,0
57,57,0,300,590,0,1,203,102,603,-452,2,下位,0,203,201
60,60,0,1428,3080,0,0,0,260,651,6,3,下位,0,0,0
131,131,0,218,415,0,0,0,60,3141,813,17,下位,0,0,0
509,509,0,108,142,0,0,0,131,476,1091,2,下位,0,0,0
353,353,0,109,145,0,1,509,131,476,1091,2,下位,0,509,203
125,125,0,110,150,0,2,862,131,476,1091,2,下位,0,353,206
151,151,0,68,23,0,3,987,131,476,1091,2,下位,0,125,211
132,132,0,394,780,0,4,1138,131,476,1091,2,下位,0,151,84
328,328,0,69,25,0,0,0,1270,841,712,4,下位,0,0,0
54,54,0,269,407,0,1,328,1270,841,712,4,下位,0,328,86
509,509,0,375,777,0,0,0,382,468,687,4,下位,0,0,0
481,481,0,259,459,0,0,0,509,838,754,5,下位,0,0,0
135,135,0,112,156,1,0,0,0,0,1,0,下位,0,0,0
492,492,0,68,23,1,1,135,0,0,1,0,下位,0,135,217
603,603,0,69,26,1,2,627,0,0,1,0,下位,0,492,84
132,132,0,108,142,1,3,1230,0,0,1,0,下位,0,603,87
319,319,0,108,142,1,4,1362,0,0,1,0,下位,0,132,203
118,118,0,300,489,1,5,1681,0,0,1,0,下位,0,319,203
205,205,0,68,24,0,0,0,1799,550,-1381,2,下位,0,0,0
338,338,0,69,26,0,1,205,1799,550,-1381,2,下位,0,205,85
96,96,0,65,15,0,2,543,1799,550,-1381,2,下位,0,338,87
526,526,0,111,152,0,3,639,1799,550,-1381,2,下位,0,96,76
114,114,0,110,148,0,4,1165,1799,550,-1381,2,下位,0,526,213
130,130,0,112,156,0,5,1279,1799,550,-1381,2,下位,0,114,209
126,126,0,483,1025,0,6,1409,1799,550,-1381,2,下位,0,130,217
194,194,0,69,25,0,0,0,1535,1086,-1734,7,下位,0,0,0
91,91,0,292,610,0,1,194,1535,1086,-1734,7,下位,0,194,86
136,136,0,844,1908,0,0,0,285,671,-1409,3,下位,0,0,0
210,210,0,1301,3067,0,0,0,136,1969,354,11,下位,0,0,0
509,509,0,1530,3383,0,0,0,210,3128,943,15,下位,0,0,0
64,64,0,69,25,1,0,0,0,0,1,0,下位,0,0,0
388,388,0,110,148,1,1,64,0,0,1,0,下位,0,64,86
810,810,0,105,135,1,2,452,0,0,1,0,下位,0,388,209
103,103,0,430,793,1,3,1262,0,0,1,0,下位,0,810,196
410,410,0,537,1013,0,0,0,1365,854,-722,6,下位,0,0,0
205,205,0,108,143,0,0,0,410,1074,-269,6,下位,0,0,0
403,403,0,68,24,0,1,205,410,1074,-269,6,下位,0,205,204
82,82,0,108,144,0,2,608,410,1074,-269,6,下位,0,403,85
414,414,0,71,32,0,3,690,410,1074,-269,6,下位,0,82,205
163,163,0,69,26,0,4,1104,410,1074,-269,6,下位,0,414,93
73,73,0,935,2038,0,5,1267,410,1074,-269,6,下位,0,163,87
383,383,0,108,142,0,0,0,1340,2099,473,13,下位,0,0,0
188,188,0,69,27,0,1,383,1340,2099,473,13,下位,0,383,203
136,136,0,463,1001,0,2,571,1340,2099,473,13,下位,0,188,88
500,500,0,107,140,1,0,0,0,0,1,0,下位,0,0,0
157,157,0,108,144,1,1,500,0,0,1,0,下位,0,500,201
199,199,0,107,141,1,2,657,0,0,1,0,下位,0,157,205
612,612,0,328,689,1,3,856,0,0,1,0,下位,0,199,202
52,52,0,448,1000,0,0,0,1468,750,-866,4,下位,0,0,0
69,69,0,111,151,0,0,0,52,1061,116,5,下位,0,0,0
364,364,0,68,24,0,1,69,52,1061,116,5,下位,0,69,212
207,207,0,109,147,0,2,433,52,1061,116,5,下位,0,364,85
353,353,0,496,1051,0,3,640,52,1061,116,5,下位,0,207,208
156,156,0,420,893,0,0,0,993,1112,227,6,下位,0,0,0
41,41,0,110,150,1,0,0,0,0,1,0,下位,0,0,0
425,425,0,68,23,1,1,41,0,0,1,0,下位,0,41,211
386,386,0,109,145,1,2,466,0,0,1,0,下位,0,425,84
191,191,0,109,145,1,3,852,0,0,1,0,下位,0,386,206
242,242,0,107,139,1,4,1043,0,0,1,0,下位,0,191,206
136,136,0,202,389,1,5,1285,0,0,1,0,下位,0,242,200
108,108,0,68,23,0,0,0,1421,450,-795,2,下位,0,0,0
164,164,0,496,1049,0,1,108,1421,450,-795,2,下位,0,108,84
186,186,0,68,23,0,0,0,272,1110,-13,6,下位,0,0,0
98,98,0,110,150,0,1,186,272,1110,-13,6,下位,0,186,84
520,520,0,107,139,0,2,284,272,1110,-13,6,下位,0,98,211
120,120,0,107,140,0,3,804,272,1110,-13,6,下位,0,520,200
223,223,0,64,10,0,4,924,272,1110,-13,6,下位,0,120,201
605,605,0,108,144,0,5,1147,272,1110,-13,6,下位,0,223,71
126,126,0,535,1116,0,6,1752,272,1110,-13,6,下位,0,605,205
295,295,0,528,1194,1,0,0,0,0,1,0,下位,0,0,0
217,217,0,69,25,0,0,0,295,1255,809,6,下位,0,0,0
190,190,0,70,29,0,1,217,295,1255,809,6,下位,0,217,86
132,132,0,112,156,0,2,407,295,1255,809,6,下位,0,190,90
75,75,0,107,141,0,3,539,295,1255,809,6,下位,0,132,217
808,808,0,102,125,0,4,614,295,1255,809,6,下位,0,75,202
84,84,0,108,144,0,5,1422,295,1255,809,6,下位,0,808,186
272,272,0,109,146,0,6,1506,295,1255,809,6,下位,0,84,205
313,313,0,111,151,0,7,1778,295,1255,809,6,下位,0,272,207
276,276,0,111,153,0,8,2091,295,1255,809,6,下位,0,313,212
43,43,0,493,916,0,9,2367,295,1255,809,6,下位,0,276,214
231,231,0,105,133,0,0,0,2410,977,-246,5,下位,0,0,0
268,268,0,680,1405,0,1,231,2410,977,-246,5,下位,0,231,194
500,500,0,110,150,1,0,0,0,0,1,0,下位,0,0,0
94,94,0,341,696,1,1,500,0,0,1,0,下位,0,500,211
74,74,0,70,29,0,0,0,594,757,69,4,下位,0,0,0
133,133,0,788,1756,0,1,74,594,757,69,4,下位,0,74,90
183,183,0,892,1857,0,0,0,207,1817,1662,9,下位,0,0,0
105,105,0,109,146,0,0,0,183,1918,1072,11,下位,0,0,0
431,431,0,69,26,0,1,105,183,1918,1072,11,下位,0,105,207
144,144,0,366,659,0,2,536,183,1918,1072,11,下位,0,431,87
52,52,0,263,529,0,0,0,680,720,1056,4,下位,0,0,0
362,362,0,156,199,0,0,0,52,590,1567,2,下位,0,0,0
126,126,0,1442,3197,0,0,0,362,260,1279,1,下位,0,0,0
99,99,0,607,1395,0,0,0,126,3258,2070,18,下位,0,0,0
122,122,0,107,140,0,0,0,99,1456,1059,7,下位,0,0,0
122,122,0,273,518,0,1,122,99,1456,1059,7,下位,0,122,201
509,509,0,68,24,0,0,0,244,579,1469,2,下位,0,0,0
182,182,0,70,29,0,1,509,244,579,1469,2,下位,0,509,85
450,450,0,68,23,0,2,691,244,579,1469,2,下位,0,182,90
171,171,0,351,659,0,3,1141,244,579,1469,2,下位,0,450,84
102,102,0,113,157,1,0,0,0,0,1,0,下位,0,0,0
555,555,0,113,158,1,1,102,0,0,1,0,下位,0,102,218
808,808,0,109,146,1,2,657,0,0,1,0,下位,0,555,219
424,424,0,65,13,1,3,1465,0,0,1,0,下位,0,808,207
163,163,0,64,12,1,4,1889,0,0,1,0,下位,0,424,74
93,93,0,1188,2762,1,5,2052,0,0,1,0,下位,0,163,73
291,291,0,359,694,1,0,0,0,0,1,0,下位,0,0,0
509,509,0,68,22,0,0,0,291,755,315,4,下位,0,0,0
131,131,0,111,153,0,1,509,291,755,315,4,下位,0,509,83
104,104,0,488,1019,0,2,640,291,755,315,4,下位,0,131,214
272,272,0,68,23,0,0,0,744,1080,565,5,下位,0,0,0
90,90,0,111,153,0,1,272,744,1080,565,5,下位,0,272,84
392,392,0,69,26,0,2,362,744,1080,565,5,下位,0,90,214
546,546,0,114,161,0,3,754,744,1080,565,5,下位,0,392,87
138,138,0,111,153,0,4,1300,744,1080,565,5,下位,0,546,222
52,52,0,113,157,0,5,1438,744,1080,565,5,下位,0,138,214
808,808,0,112,154,0,6,1490,744,1080,565,5,下位,0,52,218
135,135,0,514,985,0,7,2298,744,1080,565,5,下位,0,808,215
474,474,0,112,156,1,0,0,0,0,1,0,下位,0,0,0
124,124,0,112,155,1,1,474,0,0,1,0,下位,0,474,217
71,71,0,113,157,1,2,598,0,0,1,0,下位,0,124,216
312,312,0,113,157,1,3,669,0,0,1,0,下位,0,71,218
137,137,0,575,1161,1,4,981,0,0,1,0,下位,0,312,218
164,164,0,337,587,1,0,0,0,0,1,0,下位,0,0,0
510,510,0,199,346,0,0,0,164,648,401,3,下位,0,0,0
134,134,0,69,25,0,0,0,510,407,35,1,下位,0,0,0
490,490,0,199,343,0,1,134,510,407,35,1,下位,0,134,86
278,278,0,111,153,1,0,0,0,0,1,0,下位,0,0,0
60,60,0,451,809,1,1,278,0,0,1,0,下位,0,278,214
503,503,0,68,23,1,0,0,0,0,1,0,下位,0,0,0
400,400,0,108,143,1,1,503,0,0,1,0,下位,0,503,84
342,342,0,69,25,1,2,903,0,0,1,0,下位,0,400,204
144,144,0,2291,5062,1,3,1245,0,0,1,0,下位,0,342,86
75,75,0,858,1953,0,0,0,1389,5123,1107,29,下位,0,0,0
218,218,0,111,152,1,0,0,0,0,1,0,下位,0,0,0
240,240,0,112,155,1,1,218,0,0,1,0,下位,0,218,213
137,137,0,460,1052,1,2,458,0,0,1,0,下位,0,240,216
141,141,0,70,29,1,0,0,0,0,1,0,下位,0,0,0
650,650,0,258,443,1,1,141,0,0,1,0,下位,0,141,90
247,247,0,68,22,1,0,0,0,0,1,0,下位,0,0,0
126,126,0,379,774,1,1,247,0,0,1,0,下位,0,247,83
180,180,0,113,159,0,0,0,373,835,354,5,下位,0,0,0
211,211,0,111,152,0,1,180,373,835,354,5,下位,0,180,220
169,169,0,215,381,0,2,391,373,835,354,5,下位,0,211,213
509,509,0,70,29,0,0,0,560,442,380,3,下位,0,0,0
485,485,0,111,152,0,1,509,560,442,380,3,下位,0,509,90
346,346,0,111,152,0,2,994,560,442,380,3,下位,0,485,213
113,113,0,68,22,0,3,1340,560,442,380,3,下位,0,346,213
167,167,0,112,154,0,4,1453,560,442,380,3,下位,0,113,83
354,354,0,69,25,0,5,1620,560,442,380,3,下位,0,167,215
305,305,0,384,770,0,6,1974,560,442,380,3,下位,0,354,86
154,154,0,113,159,1,0,0,0,0,1,0,下位,0,0,0
210,210,0,114,160,1,1,154,0,0,1,0,下位,0,154,220
761,761,0,113,158,1,2,364,0,0,1,0,下位,0,210,221
136,136,0,113,158,1,3,1125,0,0,1,0,下位,0,761,219
808,808,0,111,151,1,4,1261,0,0,1,0,下位,0,136,219
423,423,0,564,1037,1,5,2069,0,0,1,0,下位,0,808,212
235,235,0,382,702,1,0,0,0,0,1,0,下位,0,0,0
500,500,0,111,153,1,0,0,0,0,1,0,下位,0,0,0
54,54,0,482,954,1,1,500,0,0,1,0,下位,0,500,214
138,138,0,111,153,0,0,0,554,1015,390,6,下位,0,0,0
47,47,0,712,1627,0,1,138,554,1015,390,6,下位,0,138,214
272,272,0,68,22,0,0,0,185,1688,2012,8,下位,0,0,0
501,501,0,111,152,0,1,272,185,1688,2012,8,下位,0,272,83
351,351,0,69,25,0,2,773,185,1688,2012,8,下位,0,501,213
58,58,0,112,156,0,3,1124,185,1688,2012,8,下位,0,351,86
253,253,0,389,798,0,4,1182,185,1688,2012,8,下位,0,58,217
19,19,0,677,1437,1,0,0,0,0,1,0,下位,0,0,0
72,72,0,111,153,0,0,0,19,1498,1470,9,下位,0,0,0
707,707,0,69,25,0,1,72,19,1498,1470,9,下位,0,72,214
809,809,0,69,25,0,2,779,19,1498,1470,9,下位,0,707,86
209,209,0,1086,2490,0,3,1588,19,1498,1470,9,下位,0,809,86
234,234,0,68,22,1,0,0,0,0,1,0,下位,0,0,0
450,450,0,112,156,1,1,234,0,0,1,0,下位,0,234,83
361,361,0,68,24,1,2,684,0,0,1,0,下位,0,450,217
339,339,0,69,26,1,3,1045,0,0,1,0,下位,0,361,85
99,99,0,112,155,1,4,1384,0,0,1,0,下位,0,339,87
64,64,0,111,153,1,5,1483,0,0,1,0,下位,0,99,216
627,627,0,111,153,1,6,1547,0,0,1,0,下位,0,64,214
128,128,0,1137,2321,1,7,2174,0,0,1,0,下位,0,627,214
216,216,0,266,514,0,0,0,2302,2382,10,15,下位,0,0,0
98,98,0,223,425,1,0,0,0,0,1,0,下位,0,0,0
509,509,0,69,25,0,0,0,98,486,339,2,下位,0,0,0
810,810,0,111,152,0,1,509,98,486,339,2,下位,0,509,86
745,745,0,112,154,0,2,1319,98,486,339,2,下位,0,810,213
181,181,0,68,22,0,3,2064,98,486,339,2,下位,0,745,215
90,90,0,903,1854,0,4,2245,98,486,339,2,下位,0,181,83
509,509,0,68,23,0,0,0,2335,1915,-686,12,下位,0,0,0
809,809,0,112,154,0,1,509,2335,1915,-686,12,下位,0,509,84
541,541,0,511,895,0,2,1318,2335,1915,-686,12,下位,0,809,215
260,260,0,70,28,1,0,0,0,0,1,0,下位,0,0,0
596,596,0,68,23,1,1,260,0,0,1,0,下位,0,260,89
313,313,0,68,24,1,2,856,0,0,1,0,下位,0,596,84
152,152,0,114,160,1,3,1169,0,0,1,0,下位,0,313,85
540,540,0,114,160,1,4,1321,0,0,1,0,下位,0,152,221
808,808,0,113,159,1,5,1861,0,0,1,0,下位,0,540,221
182,182,0,113,159,1,6,2669,0,0,1,0,下位,0,808,220
794,794,0,69,25,1,7,2851,0,0,1,0,下位,0,182,220
224,224,0,114,160,1,8,3645,0,0,1,0,下位,0,794,86
749,749,0,68,23,1,9,3869,0,0,1,0,下位,0,224,221
221,221,0,112,154,1,10,4618,0,0,1,0,下位,0,749,84
226,226,0,1378,3196,1,11,4839,0,0,1,0,下位,0,221,215
425,425,0,111,153,1,0,0,0,0,1,0,下位,0,0,0
448,448,0,112,154,1,1,425,0,0,1,0,下位,0,425,214
784,784,0,112,154,1,2,873,0,0,1,0,下位,0,448,215
122,122,0,472,966,1,3,1657,0,0,1,0,下位,0,784,215
278,278,0,112,154,0,0,0,1779,1027,-1024,6,下位,0,0,0
131,131,0,112,155,0,1,278,1779,1027,-1024,6,下位,0,278,215
658,658,0,412,611,0,2,409,1779,1027,-1024,6,下位,0,131,216
403,403,0,539,1131,0,0,0,1067,672,-1537,4,下位,0,0,0
510,510,0,112,154,0,0,0,403,1192,-956,5,下位,0,0,0
106,106,0,68,24,0,1,510,403,1192,-956,5,下位,0,510,215
445,445,0,370,468,0,2,616,403,1192,-956,5,下位,0,106,85
116,116,0,69,25,0,0,0,1061,529,-1735,4,下位,0,0,0
191,191,0,335,714,0,1,116,1061,529,-1735,4,下位,0,116,86
200,200,0,700,1412,1,0,0,0,0,1,0,下位,0,0,0
375,375,0,69,26,0,0,0,200,1473,1171,9,下位,0,0,0
102,102,0,69,25,0,1,375,200,1473,1171,9,下位,0,375,87
398,398,0,70,29,0,2,477,200,1473,1171,9,下位,0,102,86
481,481,0,111,153,0,3,875,200,1473,1171,9,下位,0,398,90
262,262,0,68,23,0,4,1356,200,1473,1171,9,下位,0,481,214
588,588,0,1405,3067,0,5,1618,200,1473,1171,9,下位,0,262,84
77,77,0,112,156,1,0,0,0,0,1,0,下位,0,0,0
228,228,0,68,24,1,1,77,0,0,1,0,下位,0,77,217
519,519,0,111,153,1,2,305,0,0,1,0,下位,0,228,85
74,74,0,68,22,1,3,824,0,0,1,0,下位,0,519,214
539,539,0,110,149,1,4,898,0,0,1,0,下位,0,74,83
207,207,0,550,1152,1,5,1437,0,0,1,0,下位,0,539,210
509,509,0,256,464,0,0,0,1644,1213,-468,7,下位,0,0,0
126,126,0,112,154,0,0,0,509,525,-714,4,下位,0,0,0
730,730,0,457,926,0,1,126,509,525,-714,4,下位,0,126,215
109,109,0,114,162,0,0,0,856,987,-809,4,下位,0,0,0
288,288,0,108,144,0,1,109,856,987,-809,4,下位,0,109,223
437,437,0,111,152,0,2,397,856,987,-809,4,下位,0,288,205
127,127,0,111,152,0,3,834,856,987,-809,4,下位,0,437,213
84,84,0,111,153,0,4,961,856,987,-809,4,下位,0,127,213
808,808,0,111,153,0,5,1045,856,987,-809,4,下位,0,84,214
142,142,0,112,154,0,6,1853,856,987,-809,4,下位,0,808,214
74,74,0,391,837,0,7,1995,856,987,-809,4,下位,0,142,215
500,500,0,112,154,1,0,0,0,0,1,0,下位,0,0,0
808,808,0,112,154,1,1,500,0,0,1,0,下位,0,500,215
344,344,0,69,26,1,2,1308,0,0,1,0,下位,0,808,215
636,636,0,68,24,1,3,1652,0,0,1,0,下位,0,344,87
357,357,0,111,152,1,4,2288,0,0,1,0,下位,0,636,85
176,176,0,113,159,1,5,2645,0,0,1,0,下位,0,357,213
209,209,0,111,153,1,6,2821,0,0,1,0,下位,0,176,220
203,203,0,109,147,1,7,3030,0,0,1,0,下位,0,209,214
139,139,0,1030,2170,1,8,3233,0,0,1,0,下位,0,203,208
206,206,0,228,430,1,0,0,0,0,1,0,下位,0,0,0
16,16,0,194,357,1,0,0,0,0,1,0,下位,0,0,0
209,209,0,112,155,0,0,0,16,418,395,1,下位,0,0,0
183,183,0,114,160,0,1,209,16,418,395,1,下位,0,209,216
237,237,0,111,152,0,2,392,16,418,395,1,下位,0,183,221
371,371,0,111,152,0,3,629,16,418,395,1,下位,0,237,213
133,133,0,161,209,0,4,1000,16,418,395,1,下位,0,371,213
59,59,0,352,720,0,0,0,1133,270,-189,1,下位,0,0,0
509,509,0,112,156,0,0,0,59,781,503,3,下位,0,0,0
543,543,0,111,152,0,1,509,59,781,503,3,下位,0,509,217
209,209,0,372,730,0,2,1052,59,781,503,3,下位,0,543,213
510,510,0,472,964,0,0,0,1261,791,-187,3,下位,0,0,0
341,341,0,111,152,0,0,0,510,1025,65,6,下位,0,0,0
198,198,0,1623,3334,0,1,341,510,1025,65,6,下位,0,341,213
412,412,0,111,152,0,0,0,539,3395,465,21,下位,0,0,0
224,224,0,68,22,0,1,412,539,3395,465,21,下位,0,412,213
58,58,0,68,24,0,2,636,539,3395,465,21,下位,0,224,83
724,724,0,68,23,0,3,694,539,3395,465,21,下位,0,58,85
199,199,0,113,158,0,4,1418,539,3395,465,21,下位,0,724,84
808,808,0,410,861,0,5,1617,539,3395,465,21,下位,0,199,219
223,223,0,111,152,1,0,0,0,0,1,0,下位,0,0,0
176,176,0,1025,2206,1,1,223,0,0,1,0,下位,0,223,213
203,203,0,1271,2944,0,0,0,399,2267,1876,16,下位,0,0,0
26,26,0,112,154,1,0,0,0,0,1,0,下位,0,0,0
137,137,0,68,23,1,1,26,0,0,1,0,下位,0,26,215
158,158,0,111,153,1,2,163,0,0,1,0,下位,0,137,84
196,196,0,112,155,1,3,321,0,0,1,0,下位,0,158,214
393,393,0,111,152,1,4,517,0,0,1,0,下位,0,196,216
185,185,0,112,154,1,5,910,0,0,1,0,下位,0,393,213
192,192,0,112,154,1,6,1095,0,0,1,0,下位,0,185,215
305,305,0,324,544,1,7,1287,0,0,1,0,下位,0,192,215
317,317,0,112,155,0,0,0,1592,605,-433,4,下位,0,0,0
331,331,0,111,152,0,1,317,1592,605,-433,4,下位,0,317,216
106,106,0,112,154,0,2,648,1592,605,-433,4,下位,0,331,213
329,329,0,69,26,0,3,754,1592,605,-433,4,下位,0,106,215
454,454,0,69,26,0,4,1083,1592,605,-433,4,下位,0,329,87
497,497,0,111,152,0,5,1537,1592,605,-433,4,下位,0,454,87
239,239,0,415,806,0,6,2034,1592,605,-433,4,下位,0,497,213
76,76,0,111,153,0,0,0,2273,867,-1979,4,下位,0,0,0
134,134,0,111,152,0,1,76,2273,867,-1979,4,下位,0,76,214
312,312,0,112,154,0,2,210,2273,867,-1979,4,下位,0,134,213
280,280,0,109,145,0,3,522,2273,867,-1979,4,下位,0,312,215
157,157,0,69,25,0,4,802,2273,867,-1979,4,下位,0,280,206
209,209,0,556,1192,0,5,959,2273,867,-1979,4,下位,0,157,86
510,510,0,189,362,0,0,0,1168,1253,-1562,6,下位,0,0,0
43,43,0,112,155,1,0,0,0,0,1,0,下位,0,0,0
343,343,0,112,154,1,1,43,0,0,1,0,下位,0,43,216
59,59,0,112,156,1,2,386,0,0,1,0,下位,0,343,215
204,204,0,111,153,1,3,445,0,0,1,0,下位,0,59,217
110,110,0,111,152,1,4,649,0,0,1,0,下位,0,204,214
150,150,0,111,152,1,5,759,0,0,1,0,下位,0,110,213
161,161,0,469,1032,1,6,909,0,0,1,0,下位,0,150,213
308,308,0,111,153,1,0,0,0,0,1,0,下位,0,0,0
120,120,0,112,154,1,1,308,0,0,1,0,下位,0,308,214
148,148,0,111,153,1,2,428,0,0,1,0,下位,0,120,215
157,157,0,70,29,1,3,576,0,0,1,0,下位,0,148,214
808,808,0,68,22,1,4,733,0,0,1,0,下位,0,157,90
139,139,0,70,30,1,5,1541,0,0,1,0,下位,0,808,83
55,55,0,112,156,1,6,1680,0,0,1,0,下位,0,139,91
60,60,0,114,161,1,7,1735,0,0,1,0,下位,0,55,217
153,153,0,932,2101,1,8,1795,0,0,1,0,下位,0,60,222
110,110,0,111,153,0,0,0,1948,2162,557,11,下位,0,0,0
418,418,0,977,2158,0,1,110,1948,2162,557,11,下位,0,110,214
49,49,0,911,2160,0,0,0,528,2219,2190,12,下位,0,0,0
106,106,0,113,157,0,0,0,49,2221,2007,11,下位,0,0,0
71,71,0,1221,2656,0,1,106,49,2221,2007,11,下位,0,106,218
438,438,0,67,21,0,0,0,177,2717,2299,14,下位,0,0,0
809,809,0,111,153,0,1,438,177,2717,2299,14,下位,0,438,82
789,789,0,111,153,0,2,1247,177,2717,2299,14,下位,0,809,214
106,106,0,112,155,0,3,2036,177,2717,2299,14,下位,0,789,214
350,350,0,304,648,0,4,2142,177,2717,2299,14,下位,0,106,216
163,163,0,114,162,1,0,0,0,0,1,0,下位,0,0,0
322,322,0,111,152,1,1,163,0,0,1,0,下位,0,163,223
446,446,0,149,222,1,2,485,0,0,1,0,下位,0,322,213
223,223,0,68,23,1,0,0,0,0,1,0,下位,0,0,0
562,562,0,108,143,1,1,223,0,0,1,0,下位,0,223,84
809,809,0,68,24,1,2,785,0,0,1,0,下位,0,562,204
54,54,0,111,152,1,3,1594,0,0,1,0,下位,0,809,85
56,56,0,68,24,1,4,1648,0,0,1,0,下位,0,54,213
126,126,0,344,690,1,5,1704,0,0,1,0,下位,0,56,85
207,207,0,110,150,0,0,0,1830,751,-1351,4,下位,0,0,0
264,264,0,702,1192,0,1,207,1830,751,-1351,4,下位,0,207,211
510,510,0,112,155,0,0,0,471,1253,-601,12,下位,0,0,0
373,373,0,111,153,0,1,510,471,1253,-601,12,下位,0,510,216
570,570,0,68,22,0,2,883,471,1253,-601,12,下位,0,373,214
140,140,0,110,148,0,3,1453,471,1253,-601,12,下位,0,570,83
469,469,0,68,23,0,4,1593,471,1253,-601,12,下位,0,140,209
244,244,0,110,148,0,5,2062,471,1253,-601,12,下位,0,469,84
529,529,0,107,140,0,6,2306,471,1253,-601,12,下位,0,244,209
211,211,0,1054,2456,0,7,2835,471,1253,-601,12,下位,0,529,201
488,488,0,1419,2988,0,0,0,3046,2517,-1485,12,下位,0,0,0
322,322,0,113,157,1,0,0,0,0,1,0,下位,0,0,0
267,267,0,71,32,1,1,322,0,0,1,0,下位,0,322,218
111,111,0,111,153,1,2,589,0,0,1,0,下位,0,267,93
183,183,0,68,23,1,3,700,0,0,1,0,下位,0,111,214
779,779,0,70,29,1,4,883,0,0,1,0,下位,0,183,84
186,186,0,111,153,1,5,1662,0,0,1,0,下位,0,779,90
357,357,0,69,26,1,6,1848,0,0,1,0,下位,0,186,214
82,82,0,492,927,1,7,2205,0,0,1,0,下位,0,357,87
194,194,0,273,484,1,0,0,0,0,1,0,下位,0,0,0
202,202,0,65,15,1,0,0,0,0,1,0,下位,0,0,0
125,125,0,97,110,1,1,202,0,0,1,0,下位,0,202,76
348,348,0,111,153,1,2,327,0,0,1,0,下位,0,125,171
116,116,0,325,591,1,3,675,0,0,1,0,下位,0,348,214
171,171,0,589,1122,0,0,0,791,652,-84,3,下位,0,0,0
186,186,0,112,156,0,0,0,171,1183,840,7,下位,0,0,0
675,675,0,2154,4891,0,1,186,171,1183,840,7,下位,0,186,217
346,346,0,112,154,1,0,0,0,0,1,0,下位,0,0,0
808,808,0,111,152,1,1,346,0,0,1,0,下位,0,346,215
265,265,0,111,153,1,2,1154,0,0,1,0,下位,0,808,213
207,207,0,111,153,1,3,1419,0,0,1,0,下位,0,265,214
80,80,0,308,620,1,4,1626,0,0,1,0,下位,0,207,214
500,500,0,971,1959,1,0,0,0,0,1,0,下位,0,0,0
169,169,0,113,159,0,0,0,500,2020,1263,12,下位,0,0,0
56,56,0,68,23,0,1,169,500,2020,1263,12,下位,0,169,220
129,129,0,112,155,0,2,225,500,2020,1263,12,下位,0,56,84
84,84,0,69,25,0,3,354,500,2020,1263,12,下位,0,129,216
367,367,0,68,22,0,4,438,500,2020,1263,12,下位,0,84,86
796,796,0,112,155,0,5,805,500,2020,1263,12,下位,0,367,83
154,154,0,831,1871,0,6,1601,500,2020,1263,12,下位,0,796,216
509,509,0,114,160,0,0,0,1755,1932,1442,11,下位,0,0,0
195,195,0,110,150,0,1,509,1755,1932,1442,11,下位,0,509,221
248,248,0,68,24,0,2,704,1755,1932,1442,11,下位,0,195,211
197,197,0,112,156,0,3,952,1755,1932,1442,11,下位,0,248,85
261,261,0,111,152,0,4,1149,1755,1932,1442,11,下位,0,197,217
152,152,0,679,1513,0,5,1410,1755,1932,1442,11,下位,0,261,213
56,56,0,349,501,1,0,0,0,0,1,0,下位,0,0,0
394,394,0,113,158,0,0,0,56,562,478,4,下位,0,0,0
149,149,0,1154,2756,0,1,394,56,562,478,4,下位,0,394,219
179,179,0,112,154,1,0,0,0,0,1,0,下位,0,0,0
808,808,0,328,598,1,1,179,0,0,1,0,下位,0,179,215
322,322,0,210,332,1,0,0,0,0,1,0,下位,0,0,0
466,466,0,68,23,1,0,0,0,0,1,0,下位,0,0,0
327,327,0,68,22,1,1,466,0,0,1,0,下位,0,466,84
414,414,0,68,23,1,2,793,0,0,1,0,下位,0,327,83
808,808,0,112,154,1,3,1207,0,0,1,0,下位,0,414,84
258,258,0,111,152,1,4,2015,0,0,1,0,下位,0,808,215
75,75,0,69,25,1,5,2273,0,0,1,0,下位,0,258,213
808,808,0,410,802,1,6,2348,0,0,1,0,下位,0,75,86
238,238,0,68,23,1,0,0,0,0,1,0,下位,0,0,0
315,315,0,68,24,1,1,238,0,0,1,0,下位,0,238,84
261,261,0,69,25,1,2,553,0,0,1,0,下位,0,315,85
218,218,0,111,152,1,3,814,0,0,1,0,下位,0,261,86
808,808,0,68,24,1,4,1032,0,0,1,0,下位,0,218,213
121,121,0,393,840,1,5,1840,0,0,1,0,下位,0,808,85
501,501,0,112,156,1,0,0,0,0,1,0,下位,0,0,0
189,189,0,152,231,1,1,501,0,0,1,0,下位,0,501,217
233,233,0,112,154,1,0,0,0,0,1,0,下位,0,0,0
529,529,0,109,147,1,1,233,0,0,1,0,下位,0,233,215
333,333,0,114,161,1,2,762,0,0,1,0,下位,0,529,208
491,491,0,68,24,1,3,1095,0,0,1,0,下位,0,333,222
353,353,0,111,153,1,4,1586,0,0,1,0,下位,0,491,85
209,209,0,69,26,1,5,1939,0,0,1,0,下位,0,353,214
274,274,0,113,157,1,6,2148,0,0,1,0,下位,0,209,87
147,147,0,112,155,1,7,2422,0,0,1,0,下位,0,274,218
101,101,0,264,572,1,8,2569,0,0,1,0,下位,0,147,216
129,129,0,112,154,0,0,0,2670,633,-1948,2,下位,0,0,0
292,292,0,633,1425,0,1,129,2670,633,-1948,2,下位,0,129,215
511,511,0,2033,4474,0,0,0,421,1486,-884,7,下位,0,0,0
147,147,0,110,150,1,0,0,0,0,1,0,下位,0,0,0
56,56,0,180,176,1,1,147,0,0,1,0,下位,0,147,211
205,205,0,68,24,0,0,0,203,237,141,1,下位,0,0,0
617,617,0,109,147,0,1,205,203,237,141,1,下位,0,205,85
146,146,0,111,153,0,2,822,203,237,141,1,下位,0,617,208
602,602,0,112,154,0,3,968,203,237,141,1,下位,0,146,214
172,172,0,146,226,0,4,1570,203,237,141,1,下位,0,602,215
509,509,0,112,156,0,0,0,1742,287,-1490,1,下位,0,0,0
310,310,0,68,22,0,1,509,1742,287,-1490,1,下位,0,509,217
226,226,0,69,25,0,2,819,1742,287,-1490,1,下位,0,310,83
745,745,0,881,1535,0,3,1045,1742,287,-1490,1,下位,0,226,86
288,288,0,551,1222,0,0,0,1790,1596,-2220,12,下位,0,0,0
81,81,0,70,30,1,0,0,0,0,1,0,下位,0,0,0
295,295,0,68,23,1,1,81,0,0,1,0,下位,0,81,91
146,146,0,113,159,1,2,376,0,0,1,0,下位,0,295,84
593,593,0,1167,2285,1,3,522,0,0,1,0,下位,0,146,220
246,246,0,114,160,0,0,0,1115,2346,1053,15,下位,0,0,0
63,63,0,112,156,0,1,246,1115,2346,1053,15,下位,0,246,221
53,53,0,295,334,0,2,309,1115,2346,1053,15,下位,0,63,217
147,147,0,112,154,0,0,0,362,395,1338,2,下位,0,0,0
66,66,0,836,1792,0,1,147,362,395,1338,2,下位,0,147,215
323,323,0,112,154,0,0,0,213,1853,677,9,下位,0,0,0
128,128,0,3965,9567,0,1,323,213,1853,677,9,下位,0,323,215
382,382,0,112,156,1,0,0,0,0,1,0,下位,0,0,0
104,104,0,928,1906,1,1,382,0,0,1,0,下位,0,382,217
509,509,0,111,152,0,0,0,486,1967,1448,11,下位,0,0,0
130,130,0,112,155,0,1,509,486,1967,1448,11,下位,0,509,213
101,101,0,112,156,0,2,639,486,1967,1448,11,下位,0,130,216
182,182,0,112,154,0,3,740,486,1967,1448,11,下位,0,101,217
516,516,0,113,159,0,4,922,486,1967,1448,11,下位,0,182,215
144,144,0,69,26,0,5,1438,486,1967,1448,11,下位,0,516,220
610,610,0,69,26,0,6,1582,486,1967,1448,11,下位,0,144,87
136,136,0,541,1215,0,7,2192,486,1967,1448,11,下位,0,610,87
74,74,0,684,1445,1,0,0,0,0,1,0,下位,0,0,0
484,484,0,69,26,0,0,0,74,1506,1395,8,下位,0,0,0
494,494,0,68,23,0,1,484,74,1506,1395,8,下位,0,484,87
121,121,0,109,147,0,2,978,74,1506,1395,8,下位,0,494,84
194,194,0,111,152,0,3,1099,74,1506,1395,8,下位,0,121,208
257,257,0,68,23,0,4,1293,74,1506,1395,8,下位,0,194,213
434,434,0,108,142,0,5,1550,74,1506,1395,8,下位,0,257,84
192,192,0,331,635,0,6,1984,74,1506,1395,8,下位,0,434,203
209,209,0,111,152,0,0,0,2176,696,-326,5,下位,0,0,0
340,340,0,68,23,0,1,209,2176,696,-326,5,下位,0,209,213
317,317,0,104,132,0,2,549,2176,696,-326,5,下位,0,340,84
222,222,0,347,693,0,3,866,2176,696,-326,5,下位,0,317,193
281,281,0,112,154,0,0,0,1088,754,-730,4,下位,0,0,0
122,122,0,601,1352,0,1,281,1088,754,-730,4,下位,0,281,215
200,200,0,668,1459,1,0,0,0,0,1,0,下位,0,0,0
158,158,0,68,24,0,0,0,200,1520,1218,9,下位,0,0,0
148,148,0,112,156,0,1,158,200,1520,1218,9,下位,0,158,85
266,266,0,68,24,0,2,306,200,1520,1218,9,下位,0,148,217
79,79,0,111,152,0,3,572,200,1520,1218,9,下位,0,266,85
245,245,0,69,25,0,4,651,200,1520,1218,9,下位,0,79,213
610,610,0,69,25,0,5,896,200,1520,1218,9,下位,0,245,86
209,209,0,111,153,0,6,1506,200,1520,1218,9,下位,0,610,86
171,171,0,113,157,0,7,1715,200,1520,1218,9,下位,0,209,214
61,61,0,113,159,0,8,1886,200,1520,1218,9,下位,0,171,218
131,131,0,243,410,0,9,1947,200,1520,1218,9,下位,0,61,220
255,255,0,69,25,0,0,0,2078,471,-34,2,下位,0,0,0
49,49,0,69,25,0,1,255,2078,471,-34,2,下位,0,255,86
415,415,0,68,22,0,2,304,2078,471,-34,2,下位,0,49,86
182,182,0,235,432,0,3,719,2078,471,-34,2,下位,0,415,83
288,288,0,110,149,1,0,0,0,0,1,0,下位,0,0,0
92,92,0,112,154,1,1,288,0,0,1,0,下位,0,288,210
435,435,0,110,148,1,2,380,0,0,1,0,下位,0,92,215
723,723,0,111,152,1,3,815,0,0,1,0,下位,0,435,209
65,65,0,111,152,1,4,1538,0,0,1,0,下位,0,723,213
281,281,0,572,1266,1,5,1603,0,0,1,0,下位,0,65,213
26,26,0,111,152,1,0,0,0,0,1,0,下位,0,0,0
382,382,0,145,232,1,1,26,0,0,1,0,下位,0,26,213
509,509,0,112,156,0,0,0,408,293,-111,1,下位,0,0,0
464,464,0,68,23,0,1,509,408,293,-111,1,下位,0,509,217
120,120,0,111,152,0,2,973,408,293,-111,1,下位,0,464,84
72,72,0,113,159,0,3,1093,408,293,-111,1,下位,0,120,213
356,356,0,112,156,0,4,1165,408,293,-111,1,下位,0,72,220
180,180,0,68,24,0,5,1521,408,293,-111,1,下位,0,356,217
182,182,0,112,154,0,6,1701,408,293,-111,1,下位,0,180,85
209,209,0,856,1566,0,7,1883,408,293,-111,1,下位,0,182,215
91,91,0,112,154,0,0,0,2092,1627,-403,12,下位,0,0,0
513,513,0,64,12,0,1,91,2092,1627,-403,12,下位,0,91,215
647,647,0,114,161,0,2,604,2092,1627,-403,12,下位,0,513,73
568,568,0,71,32,0,3,1251,2092,1627,-403,12,下位,0,647,222
522,522,0,538,1131,0,4,1819,2092,1627,-403,12,下位,0,568,93
423,423,0,425,834,0,0,0,2341,1192,-2155,5,下位,0,0,0
81,81,0,68,22,1,0,0,0,0,1,0,下位,0,0,0
553,553,0,110,149,1,1,81,0,0,1,0,下位,0,81,83
285,285,0,69,26,1,2,634,0,0,1,0,下位,0,553,210
352,352,0,111,152,1,3,919,0,0,1,0,下位,0,285,87
78,78,0,114,161,1,4,1271,0,0,1,0,下位,0,352,213
101,101,0,1083,2361,1,5,1349,0,0,1,0,下位,0,78,222
211,211,0,70,30,0,0,0,1450,2422,1041,15,下位,0,0,0
166,166,0,107,141,0,1,211,1450,2422,1041,15,下位,0,211,91
209,209,0,113,157,0,2,377,1450,2422,1041,15,下位,0,166,202
203,203,0,112,155,0,3,586,1450,2422,1041,15,下位,0,209,218
182,182,0,112,156,0,4,789,1450,2422,1041,15,下位,0,203,216
72,72,0,1036,2357,0,5,971,1450,2422,1041,15,下位,0,182,217
171,171,0,112,154,1,0,0,0,0,1,0,下位,0,0,0
87,87,0,1028,2089,1,1,171,0,0,1,0,下位,0,171,215
43,43,0,1320,3188,0,0,0,258,2150,1975,14,下位,0,0,0
500,500,0,837,1713,1,0,0,0,0,1,0,下位,0,0,0
510,510,0,112,154,0,0,0,500,1774,1017,10,下位,0,0,0
93,93,0,69,25,0,1,510,500,1774,1017,10,下位,0,510,215
140,140,0,199,348,0,2,603,500,1774,1017,10,下位,0,93,86
425,425,0,112,154,0,0,0,743,409,601,1,下位,0,0,0
86,86,0,462,969,0,1,425,743,409,601,1,下位,0,425,215
95,95,0,68,23,0,0,0,511,1030,1072,6,下位,0,0,0
205,205,0,112,154,0,1,95,511,1030,1072,6,下位,0,95,84
152,152,0,269,497,0,2,300,511,1030,1072,6,下位,0,205,215
110,110,0,112,156,0,0,0,452,558,1244,3,下位,0,0,0
147,147,0,68,22,0,1,110,452,558,1244,3,下位,0,110,217
53,53,0,360,695,0,2,257,452,558,1244,3,下位,0,147,83
509,509,0,112,155,0,0,0,310,756,1830,4,下位,0,0,0
80,80,0,111,153,0,1,509,310,756,1830,4,下位,0,509,216
209,209,0,66,16,0,2,589,310,756,1830,4,下位,0,80,214
229,229,0,110,150,0,3,798,310,756,1830,4,下位,0,209,77
294,294,0,348,760,0,4,1027,310,756,1830,4,下位,0,229,211
57,57,0,113,159,0,0,0,1321,821,1368,3,下位,0,0,0
504,504,0,110,148,0,1,57,1321,821,1368,3,下位,0,57,220
115,115,0,567,1212,0,2,561,1321,821,1368,3,下位,0,504,209
270,270,0,262,575,1,0,0,0,0,1,0,下位,0,0,0
222,222,0,112,156,1,0,0,0,0,1,0,下位,0,0,0
178,178,0,68,22,1,1,222,0,0,1,0,下位,0,222,217
653,653,0,109,145,1,2,400,0,0,1,0,下位,0,178,83
250,250,0,66,18,1,3,1053,0,0,1,0,下位,0,653,206
373,373,0,68,22,1,4,1303,0,0,1,0,下位,0,250,79
156,156,0,68,24,1,5,1676,0,0,1,0,下位,0,373,83
808,808,0,69,26,1,6,1832,0,0,1,0,下位,0,156,85
88,88,0,113,157,1,7,2640,0,0,1,0,下位,0,808,87
481,481,0,781,1784,1,8,2728,0,0,1,0,下位,0,88,218
256,256,0,68,24,0,0,0,3209,1845,-1957,10,下位,0,0,0
808,808,0,68,22,0,1,256,3209,1845,-1957,10,下位,0,256,85
304,304,0,390,833,0,2,1064,3209,1845,-1957,10,下位,0,808,83
500,500,0,111,152,1,0,0,0,0,1,0,下位,0,0,0
403,403,0,113,157,1,1,500,0,0,1,0,下位,0,500,213
182,182,0,518,1042,1,2,903,0,0,1,0,下位,0,403,218
501,501,0,113,157,1,0,0,0,0,1,0,下位,0,0,0
49,49,0,111,152,1,1,501,0,0,1,0,下位,0,501,218
809,809,0,111,153,1,2,550,0,0,1,0,下位,0,49,213
151,151,0,421,929,1,3,1359,0,0,1,0,下位,0,809,214
509,509,0,111,153,0,0,0,1510,990,-652,5,下位,0,0,0
437,437,0,68,23,0,1,509,1510,990,-652,5,下位,0,509,214
109,109,0,569,1198,0,2,946,1510,990,-652,5,下位,0,437,84
279,279,0,68,22,1,0,0,0,0,1,0,下位,0,0,0
194,194,0,370,630,1,1,279,0,0,1,0,下位,0,279,83
264,264,0,181,178,0,0,0,473,691,58,5,下位,0,0,0
509,509,0,70,30,0,0,0,264,239,-103,1,下位,0,0,0
210,210,0,69,26,0,1,509,264,239,-103,1,下位,0,509,91
184,184,0,112,156,0,2,719,264,239,-103,1,下位,0,210,87
90,90,0,68,24,0,3,903,264,239,-103,1,下位,0,184,217
813,813,0,69,25,0,4,993,264,239,-103,1,下位,0,90,85
338,338,0,353,776,0,5,1806,264,239,-103,1,下位,0,813,86
179,179,0,69,26,0,0,0,2144,837,-1948,3,下位,0,0,0
383,383,0,113,157,0,1,179,2144,837,-1948,3,下位,0,179,87
49,49,0,112,156,0,2,562,2144,837,-1948,3,下位,0,383,218
142,142,0,112,155,0,3,611,2144,837,-1948,3,下位,0,49,217
76,76,0,111,152,0,4,753,2144,837,-1948,3,下位,0,142,216
111,111,0,69,26,0,5,829,2144,837,-1948,3,下位,0,76,213
447,447,0,145,231,0,6,940,2144,837,-1948,3,下位,0,111,87
247,247,0,111,153,1,0,0,0,0,1,0,下位,0,0,0
169,169,0,70,28,1,1,247,0,0,1,0,下位,0,247,214
231,231,0,109,145,1,2,416,0,0,1,0,下位,0,169,89
521,521,0,70,29,1,3,647,0,0,1,0,下位,0,231,206
100,100,0,551,1177,1,4,1168,0,0,1,0,下位,0,521,90
124,124,0,111,152,0,0,0,1268,1238,-83,7,下位,0,0,0
173,173,0,111,152,0,1,124,1268,1238,-83,7,下位,0,124,213
131,131,0,69,25,0,2,297,1268,1238,-83,7,下位,0,173,213
47,47,0,68,24,0,3,428,1268,1238,-83,7,下位,0,131,86
64,64,0,69,25,0,4,475,1268,1238,-83,7,下位,0,47,85
389,389,0,112,154,0,5,539,1268,1238,-83,7,下位,0,64,86
119,119,0,705,1593,0,6,928,1268,1238,-83,7,下位,0,389,215
509,509,0,68,22,0,0,0,1047,1654,884,9,下位,0,0,0
127,127,0,112,155,0,1,509,1047,1654,884,9,下位,0,509,83
159,159,0,70,28,0,2,636,1047,1654,884,9,下位,0,127,216
281,281,0,112,156,0,3,795,1047,1654,884,9,下位,0,159,89
193,193,0,111,153,0,4,1076,1047,1654,884,9,下位,0,281,217
322,322,0,71,31,0,5,1269,1047,1654,884,9,下位,0,193,214
627,627,0,112,154,0,6,1591,1047,1654,884,9,下位,0,322,92
118,118,0,114,162,0,7,2218,1047,1654,884,9,下位,0,627,215
113,113,0,114,160,0,8,2336,1047,1654,884,9,下位,0,118,223
209,209,0,266,559,0,9,2449,1047,1654,884,9,下位,0,113,221
351,351,0,112,155,1,0,0,0,0,1,0,下位,0,0,0
419,419,0,268,564,1,1,351,0,0,1,0,下位,0,351,216
146,146,0,113,159,0,0,0,770,625,-325,2,下位,0,0,0
396,396,0,165,206,0,1,146,770,625,-325,2,下位,0,146,220
67,67,0,710,1510,0,0,0,542,267,-659,1,下位,0,0,0
150,150,0,69,25,0,0,0,67,1571,810,7,下位,0,0,0
226,226,0,69,26,0,1,150,67,1571,810,7,下位,0,150,86
811,811,0,69,27,0,2,376,67,1571,810,7,下位,0,226,87
359,359,0,114,160,0,3,1187,67,1571,810,7,下位,0,811,88
418,418,0,112,154,0,4,1546,67,1571,810,7,下位,0,359,221
79,79,0,66,17,0,5,1964,67,1571,810,7,下位,0,418,215
74,74,0,68,22,0,6,2043,67,1571,810,7,下位,0,79,78
383,383,0,111,152,0,7,2117,67,1571,810,7,下位,0,74,83
405,405,0,629,1385,0,8,2500,67,1571,810,7,下位,0,383,213
167,167,0,112,156,1,0,0,0,0,1,0,下位,0,0,0
112,112,0,576,1302,1,1,167,0,0,1,0,下位,0,167,217
150,150,0,68,23,0,0,0,279,1363,1158,7,下位,0,0,0
438,438,0,109,145,0,1,150,279,1363,1158,7,下位,0,150,84
690,690,0,599,1101,0,2,588,279,1363,1158,7,下位,0,438,206
92,92,0,1842,4073,1,0,0,0,0,1,0,下位,0,0,0
63,63,0,1523,3654,0,0,0,92,4134,1636,22,下位,0,0,0
418,418,0,69,25,0,0,0,63,3715,619,19,下位,0,0,0
285,285,0,111,153,0,1,418,63,3715,619,19,下位,0,418,86
452,452,0,109,147,0,2,703,63,3715,619,19,下位,0,285,214
682,682,0,106,138,0,3,1155,63,3715,619,19,下位,0,452,208
261,261,0,68,24,0,4,1837,63,3715,619,19,下位,0,682,199
55,55,0,832,1788,0,5,2098,63,3715,619,19,下位,0,261,85
55,55,0,112,155,0,0,0,2153,1849,-1,9,下位,0,0,0
524,524,0,172,182,0,1,55,2153,1849,-1,9,下位,0,55,216
98,98,0,110,149,0,0,0,579,243,-419,1,下位,0,0,0
183,183,0,111,153,0,1,98,579,243,-419,1,下位,0,98,210
542,542,0,69,26,0,2,281,579,243,-419,1,下位,0,183,214
147,147,0,70,29,0,3,823,579,243,-419,1,下位,0,542,87
152,152,0,109,147,0,4,970,579,243,-419,1,下位,0,147,90
135,135,0,1038,2374,0,5,1122,579,243,-419,1,下位,0,152,208
390,390,0,103,129,1,0,0,0,0,1,0,下位,0,0,0
450,450,0,68,23,1,1,390,0,0,1,0,下位,0,390,190
229,229,0,112,154,1,2,840,0,0,1,0,下位,0,450,84
61,61,0,680,1393,1,3,1069,0,0,1,0,下位,0,229,215
125,125,0,111,152,0,0,0,1130,1454,232,9,下位,0,0,0
283,283,0,68,23,0,1,125,1130,1454,232,9,下位,0,125,213
126,126,0,68,22,0,2,408,1130,1454,232,9,下位,0,283,84
60,60,0,71,31,0,3,534,1130,1454,232,9,下位,0,126,83
209,209,0,583,1181,0,4,594,1130,1454,232,9,下位,0,60,92
62,62,0,107,140,1,0,0,0,0,1,0,下位,0,0,0
620,620,0,112,155,1,1,62,0,0,1,0,下位,0,62,201
231,231,0,111,153,1,2,682,0,0,1,0,下位,0,620,216
630,630,0,352,774,1,3,913,0,0,1,0,下位,0,231,214
205,205,0,107,141,0,0,0,1543,835,-871,3,下位,0,0,0
424,424,0,66,17,0,1,205,1543,835,-871,3,下位,0,205,202
808,808,0,112,155,0,2,629,1543,835,-871,3,下位,0,424,78
326,326,0,534,1060,0,3,1437,1543,835,-871,3,下位,0,808,216
143,143,0,111,153,0,0,0,1763,1121,-1925,6,下位,0,0,0
511,511,0,113,159,0,1,143,1763,1121,-1925,6,下位,0,143,214
165,165,0,436,979,0,2,654,1763,1121,-1925,6,下位,0,511,220
97,97,0,111,152,0,0,0,819,1040,-1692,4,下位,0,0,0
234,234,0,421,929,0,1,97,819,1040,-1692,4,下位,0,97,213
196,196,0,113,157,1,0,0,0,0,1,0,下位,0,0,0
136,136,0,111,152,1,1,196,0,0,1,0,下位,0,196,218
127,127,0,311,532,1,2,332,0,0,1,0,下位,0,136,213
509,509,0,69,25,0,0,0,459,593,330,4,下位,0,0,0
105,105,0,113,158,0,1,509,459,593,330,4,下位,0,509,86
262,262,0,68,23,0,2,614,459,593,330,4,下位,0,105,219
491,491,0,70,30,0,3,876,459,593,330,4,下位,0,262,84
166,166,0,71,32,0,4,1367,459,593,330,4,下位,0,491,91
538,538,0,113,159,0,5,1533,459,593,330,4,下位,0,166,93
695,695,0,111,153,0,6,2071,459,593,330,4,下位,0,538,220
195,195,0,405,812,0,7,2766,459,593,330,4,下位,0,695,214
302,302,0,112,156,0,0,0,2961,873,-2276,4,下位,0,0,0
407,407,0,113,159,0,1,302,2961,873,-2276,4,下位,0,302,217
354,354,0,544,1241,0,2,709,2961,873,-2276,4,下位,0,407,220
14,14,0,753,1596,1,0,0,0,0,1,0,下位,0,0,0
233,233,0,68,23,0,0,0,14,1657,1637,8,下位,0,0,0
478,478,0,113,158,0,1,233,14,1657,1637,8,下位,0,233,84
103,103,0,475,993,0,2,711,14,1657,1637,8,下位,0,478,219
209,209,0,1490,3531,0,0,0,814,1054,1761,6,下位,0,0,0
356,356,0,113,159,0,0,0,209,3592,485,18,下位,0,0,0
196,196,0,69,26,0,1,356,209,3592,485,18,下位,0,356,220
152,152,0,112,155,0,2,552,209,3592,485,18,下位,0,196,87
267,267,0,112,154,0,3,704,209,3592,485,18,下位,0,152,216
478,478,0,160,227,0,4,971,209,3592,485,18,下位,0,267,215
156,156,0,70,28,0,0,0,1449,288,-684,1,下位,0,0,0
266,266,0,68,22,0,1,156,1449,288,-684,1,下位,0,156,89
94,94,0,2397,5659,0,2,422,1449,288,-684,1,下位,0,266,83
201,201,0,109,145,1,0,0,0,0,1,0,下位,0,0,0
601,601,0,109,147,1,1,201,0,0,1,0,下位,0,201,206
60,60,0,114,160,1,2,802,0,0,1,0,下位,0,601,208
259,259,0,109,145,1,3,862,0,0,1,0,下位,0,60,221
266,266,0,111,152,1,4,1121,0,0,1,0,下位,0,259,206
84,84,0,435,910,1,5,1387,0,0,1,0,下位,0,266,213
509,509,0,110,149,0,0,0,1471,971,-203,5,下位,0,0,0
808,808,0,70,30,0,1,509,1471,971,-203,5,下位,0,509,210
809,809,0,109,145,0,2,1317,1471,971,-203,5,下位,0,808,91
230,230,0,70,28,0,3,2126,1471,971,-203,5,下位,0,809,206
542,542,0,110,148,0,4,2356,1471,971,-203,5,下位,0,230,89
74,74,0,113,158,0,5,2898,1471,971,-203,5,下位,0,542,209
595,595,0,69,25,0,6,2972,1471,971,-203,5,下位,0,74,219
378,378,0,114,162,0,7,3567,1471,971,-203,5,下位,0,595,86
132,132,0,305,472,0,8,3945,1471,971,-203,5,下位,0,378,223
349,349,0,111,153,1,0,0,0,0,1,0,下位,0,0,0
231,231,0,111,152,1,1,349,0,0,1,0,下位,0,349,214
489,489,0,111,152,1,2,580,0,0,1,0,下位,0,231,213
152,152,0,69,25,1,3,1069,0,0,1,0,下位,0,489,213
639,639,0,112,154,1,4,1221,0,0,1,0,下位,0,152,86
122,122,0,112,154,1,5,1860,0,0,1,0,下位,0,639,215
212,212,0,68,23,1,6,1982,0,0,1,0,下位,0,122,215
346,346,0,625,1263,1,7,2194,0,0,1,0,下位,0,212,84
176,176,0,111,153,0,0,0,2540,1324,-1283,7,下位,0,0,0
422,422,0,111,153,0,1,176,2540,1324,-1283,7,下位,0,176,214
168,168,0,594,1301,0,2,598,2540,1324,-1283,7,下位,0,422,214
122,122,0,151,219,0,0,0,766,1362,-654,7,下位,0,0,0
275,275,0,111,152,1,0,0,0,0,1,0,下位,0,0,0
81,81,0,68,23,1,1,275,0,0,1,0,下位,0,275,213
250,250,0,69,25,1,2,356,0,0,1,0,下位,0,81,84
218,218,0,333,593,1,3,606,0,0,1,0,下位,0,250,86
509,509,0,65,15,0,0,0,824,654,-211,3,下位,0,0,0
286,286,0,68,23,0,1,509,824,654,-211,3,下位,0,509,76
808,808,0,68,23,0,2,795,824,654,-211,3,下位,0,286,84
81,81,0,395,804,0,3,1603,824,654,-211,3,下位,0,808,84
349,349,0,68,24,0,0,0,1684,865,-1653,4,下位,0,0,0
71,71,0,309,566,0,1,349,1684,865,-1653,4,下位,0,349,85
36,36,0,59,-4,1,0,0,0,0,1,0,下位,0,0,0
705,705,0,68,24,1,1,36,0,0,1,0,下位,0,36,57
148,148,0,825,1779,1,2,741,0,0,1,0,下位,0,705,85
109,109,0,69,27,0,0,0,889,1840,636,12,下位,0,0,0
131,131,0,70,30,0,1,109,889,1840,636,12,下位,0,109,88
111,111,0,551,1237,0,2,240,889,1840,636,12,下位,0,131,91
121,121,0,68,22,0,0,0,351,1298,1582,6,下位,0,0,0
116,116,0,103,128,0,1,121,351,1298,1582,6,下位,0,121,83
536,536,0,64,10,0,2,237,351,1298,1582,6,下位,0,116,189
254,254,0,269,501,0,3,773,351,1298,1582,6,下位,0,536,71
509,509,0,69,25,0,0,0,1027,562,931,3,下位,0,0,0
529,529,0,112,156,0,1,509,1027,562,931,3,下位,0,509,86
338,338,0,68,22,0,2,1038,1027,562,931,3,下位,0,529,217
135,135,0,69,26,0,3,1376,1027,562,931,3,下位,0,338,83
194,194,0,374,659,0,4,1511,1027,562,931,3,下位,0,135,87
500,500,0,112,154,1,0,0,0,0,1,0,下位,0,0,0
200,200,0,111,153,1,1,500,0,0,1,0,下位,0,500,215
531,531,0,70,29,1,2,700,0,0,1,0,下位,0,200,214
202,202,0,108,142,1,3,1231,0,0,1,0,下位,0,531,90
420,420,0,563,1149,1,4,1433,0,0,1,0,下位,0,202,203
371,371,0,69,25,0,0,0,1853,1210,-875,7,下位,0,0,0
232,232,0,338,596,0,1,371,1853,1210,-875,7,下位,0,371,86
132,132,0,70,28,0,0,0,603,657,-1046,3,下位,0,0,0
159,159,0,227,438,0,1,132,603,657,-1046,3,下位,0,132,89
276,276,0,111,152,0,0,0,291,499,-899,2,下位,0,0,0
343,343,0,188,360,0,1,276,291,499,-899,2,下位,0,276,213
461,461,0,112,154,0,0,0,619,421,-1203,1,下位,0,0,0
797,797,0,111,152,0,1,461,619,421,-1203,1,下位,0,461,215
203,203,0,423,899,0,2,1258,619,421,-1203,1,下位,0,797,213
491,491,0,111,153,1,0,0,0,0,1,0,下位,0,0,0
333,333,0,68,24,1,1,491,0,0,1,0,下位,0,491,214
161,161,0,111,152,1,2,824,0,0,1,0,下位,0,333,85
397,397,0,111,153,1,3,985,0,0,1,0,下位,0,161,213
257,257,0,112,154,1,4,1382,0,0,1,0,下位,0,397,214
65,65,0,111,152,1,5,1639,0,0,1,0,下位,0,257,215
63,63,0,69,25,1,6,1704,0,0,1,0,下位,0,65,213
159,159,0,699,1467,1,7,1767,0,0,1,0,下位,0,63,86
66,66,0,68,22,0,0,0,1926,1528,-149,8,下位,0,0,0
810,810,0,112,155,0,1,66,1926,1528,-149,8,下位,0,66,83
152,152,0,112,156,0,2,876,1926,1528,-149,8,下位,0,810,216
122,122,0,156,228,0,3,1028,1926,1528,-149,8,下位,0,152,217
501,501,0,69,26,1,0,0,0,0,1,0,下位,0,0,0
43,43,0,64,10,1,1,501,0,0,1,0,下位,0,501,87
446,446,0,66,16,1,2,544,0,0,1,0,下位,0,43,71
285,285,0,109,146,1,3,990,0,0,1,0,下位,0,446,77
115,115,0,68,23,1,4,1275,0,0,1,0,下位,0,285,207
53,53,0,68,24,1,5,1390,0,0,1,0,下位,0,115,84
343,343,0,68,22,1,6,1443,0,0,1,0,下位,0,53,85
63,63,0,110,150,1,7,1786,0,0,1,0,下位,0,343,83
151,151,0,106,136,1,8,1849,0,0,1,0,下位,0,63,211
137,137,0,986,2207,1,9,2000,0,0,1,0,下位,0,151,197
19,19,0,111,153,1,0,0,0,0,1,0,下位,0,0,0
311,311,0,68,23,1,1,19,0,0,1,0,下位,0,19,214
233,233,0,111,152,1,2,330,0,0,1,0,下位,0,311,84
209,209,0,111,152,1,3,563,0,0,1,0,下位,0,233,213
146,146,0,110,149,1,4,772,0,0,1,0,下位,0,209,213
333,333,0,70,29,1,5,918,0,0,1,0,下位,0,146,210
703,703,0,479,1001,1,6,1251,0,0,1,0,下位,0,333,90
150,150,0,70,30,0,0,0,1954,1062,-874,5,下位,0,0,0
84,84,0,467,1047,0,1,150,1954,1062,-874,5,下位,0,150,91
510,510,0,539,1073,0,0,0,234,1108,-29,5,下位,0,0,0
160,160,0,112,156,0,0,0,510,1134,332,6,下位,0,0,0
402,402,0,1043,2582,0,1,160,510,1134,332,6,下位,0,160,217
200,200,0,68,24,1,0,0,0,0,1,0,下位,0,0,0
137,137,0,2401,5369,1,1,200,0,0,1,0,下位,0,200,85
509,509,0,71,31,0,0,0,337,5430,554,29,下位,0,0,0
140,140,0,68,22,0,1,509,337,5430,554,29,下位,0,509,92
238,238,0,70,29,0,2,649,337,5430,554,29,下位,0,140,83
255,255,0,68,24,0,3,887,337,5430,554,29,下位,0,238,90
168,168,0,68,22,0,4,1142,337,5430,554,29,下位,0,255,85
282,282,0,112,156,0,5,1310,337,5430,554,29,下位,0,168,83
74,74,0,112,154,0,6,1592,337,5430,554,29,下位,0,282,217
54,54,0,3004,6513,0,7,1666,337,5430,554,29,下位,0,74,215
500,500,0,481,895,1,0,0,0,0,1,0,下位,0,0,0
509,509,0,112,156,0,0,0,500,956,199,7,下位,0,0,0
364,364,0,112,154,0,1,509,500,956,199,7,下位,0,509,217
660,660,0,2144,4706,0,2,873,500,956,199,7,下位,0,364,215
148,148,0,112,154,0,0,0,1533,4767,865,27,下位,0,0,0
699,699,0,112,156,0,1,148,1533,4767,865,27,下位,0,148,215
209,209,0,451,880,0,2,847,1533,4767,865,27,下位,0,699,217
209,209,0,608,1351,0,0,0,1056,941,638,5,下位,0,0,0
50,50,0,1167,2930,0,0,0,209,1412,1733,6,下位,0,0,0
191,191,0,531,1061,0,0,0,50,2991,2350,14,下位,0,0,0
225,225,0,1229,2588,0,0,0,191,1122,910,6,下位,0,0,0
402,402,0,224,307,1,0,0,0,0,1,0,下位,0,0,0
52,52,0,112,156,1,0,0,0,0,1,0,下位,0,0,0
286,286,0,112,154,1,1,52,0,0,1,0,下位,0,52,217
186,186,0,445,1005,1,2,338,0,0,1,0,下位,0,286,215
168,168,0,69,27,0,0,0,524,1066,705,6,下位,0,0,0
93,93,0,418,908,0,1,168,524,1066,705,6,下位,0,168,88
474,474,0,107,140,0,0,0,261,969,1366,5,下位,0,0,0
553,553,0,650,1233,0,1,474,261,969,1366,5,下位,0,474,201
453,453,0,225,437,1,0,0,0,0,1,0,下位,0,0,0
196,196,0,594,1112,0,0,0,453,498,-187,2,下位,0,0,0
14,14,0,345,519,1,0,0,0,0,1,0,下位,0,0,0
136,136,0,1154,2409,0,0,0,14,580,560,4,下位,0,0,0
509,509,0,68,23,0,0,0,136,2470,426,13,下位,0,0,0
321,321,0,113,159,0,1,509,136,2470,426,13,下位,0,509,84
736,736,0,112,156,0,2,830,136,2470,426,13,下位,0,321,220
310,310,0,1409,3181,0,3,1566,136,2470,426,13,下位,0,736,217
211,211,0,111,153,0,0,0,1876,3242,1347,16,下位,0,0,0
55,55,0,789,1615,0,1,211,1876,3242,1347,16,下位,0,211,214
194,194,0,68,23,0,0,0,266,1676,434,10,下位,0,0,0
72,72,0,404,817,0,1,194,266,1676,434,10,下位,0,194,84
299,299,0,431,888,1,0,0,0,0,1,0,下位,0,0,0
208,208,0,642,1436,0,0,0,299,949,497,5,下位,0,0,0
202,202,0,112,156,0,0,0,208,1497,1679,7,下位,0,0,0
164,164,0,111,153,0,1,202,208,1497,1679,7,下位,0,202,217
495,495,0,112,156,0,2,366,208,1497,1679,7,下位,0,164,214
554,554,0,114,161,0,3,861,208,1497,1679,7,下位,0,495,217
76,76,0,206,272,0,4,1415,208,1497,1679,7,下位,0,554,222
49,49,0,71,32,1,0,0,0,0,1,0,下位,0,0,0
98,98,0,68,24,1,1,49,0,0,1,0,下位,0,49,93
405,405,0,69,27,1,2,147,0,0,1,0,下位,0,98,85
225,225,0,69,25,1,3,552,0,0,1,0,下位,0,405,88
113,113,0,111,153,1,4,777,0,0,1,0,下位,0,225,86
392,392,0,70,29,1,5,890,0,0,1,0,下位,0,113,214
48,48,0,1294,2980,1,6,1282,0,0,1,0,下位,0,392,90
378,378,0,415,804,0,0,0,1330,3041,1683,16,下位,0,0,0
137,137,0,111,152,1,0,0,0,0,1,0,下位,0,0,0
76,76,0,111,152,1,1,137,0,0,1,0,下位,0,137,213
209,209,0,665,1512,1,2,213,0,0,1,0,下位,0,76,213
509,509,0,69,25,0,0,0,422,1573,1360,8,下位,0,0,0
264,264,0,111,153,0,1,509,422,1573,1360,8,下位,0,509,86
809,809,0,111,152,0,2,773,422,1573,1360,8,下位,0,264,214
314,314,0,69,25,0,3,1582,422,1573,1360,8,下位,0,809,213
167,167,0,68,24,0,4,1896,422,1573,1360,8,下位,0,314,86
487,487,0,378,664,0,5,2063,422,1573,1360,8,下位,0,167,85
26,26,0,189,360,1,0,0,0,0,1,0,下位,0,0,0
135,135,0,113,159,0,0,0,26,421,383,1,下位,0,0,0
273,273,0,112,154,0,1,135,26,421,383,1,下位,0,135,220
559,559,0,68,24,0,2,408,26,421,383,1,下位,0,273,215
433,433,0,68,23,0,3,967,26,421,383,1,下位,0,559,85
175,175,0,112,155,0,4,1400,26,421,383,1,下位,0,433,84
88,88,0,1018,2111,0,5,1575,26,421,383,1,下位,0,175,216
369,369,0,113,158,1,0,0,0,0,1,0,下位,0,0,0
108,108,0,69,25,1,1,369,0,0,1,0,下位,0,369,219
808,808,0,112,155,1,2,477,0,0,1,0,下位,0,108,86
594,594,0,112,155,1,3,1285,0,0,1,0,下位,0,808,216
396,396,0,70,29,1,4,1879,0,0,1,0,下位,0,594,216
134,134,0,112,156,1,5,2275,0,0,1,0,下位,0,396,90
664,664,0,69,27,1,6,2409,0,0,1,0,下位,0,134,217
809,809,0,111,153,1,7,3073,0,0,1,0,下位,0,664,88
112,112,0,233,421,1,8,3882,0,0,1,0,下位,0,809,214
118,118,0,112,156,0,0,0,3994,482,-4223,2,下位,0,0,0
149,149,0,381,850,0,1,118,3994,482,-4223,2,下位,0,118,217
287,287,0,114,162,1,0,0,0,0,1,0,下位,0,0,0
401,401,0,111,153,1,1,287,0,0,1,0,下位,0,287,223
342,342,0,114,160,1,2,688,0,0,1,0,下位,0,401,214
73,73,0,112,156,1,3,1030,0,0,1,0,下位,0,342,221
58,58,0,240,348,1,4,1103,0,0,1,0,下位,0,73,217
179,179,0,114,160,0,0,0,1161,409,-475,3,下位,0,0,0
115,115,0,112,156,0,1,179,1161,409,-475,3,下位,0,179,221
261,261,0,70,30,0,2,294,1161,409,-475,3,下位,0,115,217
600,600,0,112,156,0,3,555,1161,409,-475,3,下位,0,261,91
211,211,0,190,356,0,4,1155,1161,409,-475,3,下位,0,600,217
63,63,0,112,154,0,0,0,1366,417,-1381,1,下位,0,0,0
416,416,0,518,1086,0,1,63,1366,417,-1381,1,下位,0,63,215
80,80,0,229,431,0,0,0,479,1147,-744,6,下位,0,0,0
509,509,0,704,1280,0,0,0,80,492,-373,2,下位,0,0,0
188,188,0,69,26,0,0,0,509,1341,197,8,下位,0,0,0
716,716,0,112,154,0,1,188,509,1341,197,8,下位,0,188,87
135,135,0,112,156,0,2,904,509,1341,197,8,下位,0,716,215
133,133,0,112,156,0,3,1039,509,1341,197,8,下位,0,135,217
67,67,0,111,153,0,4,1172,509,1341,197,8,下位,0,133,217
80,80,0,186,363,0,5,1239,509,1341,197,8,下位,0,67,214
276,276,0,306,441,1,0,0,0,0,1,0,下位,0,0,0
223,223,0,109,146,0,0,0,276,502,85,3,下位,0,0,0
486,486,0,113,157,0,1,223,276,502,85,3,下位,0,223,207
248,248,0,68,22,0,2,709,276,502,85,3,下位,0,486,218
130,130,0,68,22,0,3,957,276,502,85,3,下位,0,248,83
132,132,0,68,22,0,4,1087,276,502,85,3,下位,0,130,83
305,305,0,113,158,0,5,1219,276,502,85,3,下位,0,132,83
809,809,0,459,920,0,6,1524,276,502,85,3,下位,0,305,219
500,500,0,111,152,1,0,0,0,0,1,0,下位,0,0,0
808,808,0,70,30,1,1,500,0,0,1,0,下位,0,500,213
191,191,0,997,2132,1,2,1308,0,0,1,0,下位,0,808,91
392,392,0,111,152,0,0,0,1499,2193,227,12,下位,0,0,0
677,677,0,308,562,0,1,392,1499,2193,227,12,下位,0,392,213
102,102,0,112,156,1,0,0,0,0,1,0,下位,0,0,0
405,405,0,111,153,1,1,102,0,0,1,0,下位,0,102,217
128,128,0,469,852,1,2,507,0,0,1,0,下位,0,405,214
209,209,0,332,413,0,0,0,635,913,382,5,下位,0,0,0
509,509,0,112,155,0,0,0,209,474,539,3,下位,0,0,0
92,92,0,69,26,0,1,509,209,474,539,3,下位,0,509,216
96,96,0,68,23,0,2,601,209,474,539,3,下位,0,92,87
110,110,0,111,152,0,3,697,209,474,539,3,下位,0,96,84
125,125,0,113,157,0,4,807,209,474,539,3,下位,0,110,213
330,330,0,110,148,0,5,932,209,474,539,3,下位,0,125,218
87,87,0,111,152,0,6,1262,209,474,539,3,下位,0,330,209
70,70,0,523,990,0,7,1349,209,474,539,3,下位,0,87,213
209,209,0,68,24,0,0,0,1419,1051,681,5,下位,0,0,0
808,808,0,112,154,0,1,209,1419,1051,681,5,下位,0,209,85
240,240,0,69,25,0,2,1017,1419,1051,681,5,下位,0,808,215
190,190,0,112,156,0,3,1257,1419,1051,681,5,下位,0,240,86
206,206,0,1374,3093,0,4,1447,1419,1051,681,5,下位,0,190,217
75,75,0,112,154,0,0,0,1653,3154,1933,15,下位,0,0,0
496,496,0,69,25,0,1,75,1653,3154,1933,15,下位,0,75,215
195,195,0,2686,6633,0,2,571,1653,3154,1933,15,下位,0,496,86
78,78,0,312,630,1,0,0,0,0,1,0,下位,0,0,0
184,184,0,67,19,0,0,0,78,691,574,3,下位,0,0,0
141,141,0,68,24,0,1,184,78,691,574,3,下位,0,184,80
170,170,0,109,147,0,2,325,78,691,574,3,下位,0,141,85
256,256,0,113,159,0,3,495,78,691,574,3,下位,0,170,208
127,127,0,114,162,0,4,751,78,691,574,3,下位,0,256,220
131,131,0,111,152,0,5,878,78,691,574,3,下位,0,127,223
113,113,0,69,27,0,6,1009,78,691,574,3,下位,0,131,213
339,339,0,112,156,0,7,1122,78,691,574,3,下位,0,113,88
291,291,0,70,29,0,8,1461,78,691,574,3,下位,0,339,217
123,123,0,784,1786,0,9,1752,78,691,574,3,下位,0,291,90
168,168,0,68,22,1,0,0,0,0,1,0,下位,0,0,0
209,209,0,147,235,1,1,168,0,0,1,0,下位,0,168,83
509,509,0,69,26,0,0,0,377,296,-192,1,下位,0,0,0
69,69,0,112,156,0,1,509,377,296,-192,1,下位,0,509,87
620,620,0,112,154,0,2,578,377,296,-192,1,下位,0,69,217
677,677,0,108,144,0,3,1198,377,296,-192,1,下位,0,620,215
75,75,0,110,149,0,4,1875,377,296,-192,1,下位,0,677,205
543,543,0,111,153,0,5,1950,377,296,-192,1,下位,0,75,210
684,684,0,68,23,0,6,2493,377,296,-192,1,下位,0,543,214
240,240,0,111,153,0,7,3177,377,296,-192,1,下位,0,684,84
75,75,0,583,1177,0,8,3417,377,296,-192,1,下位,0,240,214
209,209,0,111,152,1,0,0,0,0,1,0,下位,0,0,0
532,532,0,112,154,1,1,209,0,0,1,0,下位,0,209,213
209,209,0,112,156,1,2,741,0,0,1,0,下位,0,532,215
120,120,0,113,157,1,3,950,0,0,1,0,下位,0,209,217
657,657,0,113,157,1,4,1070,0,0,1,0,下位,0,120,218
179,179,0,1135,2704,1,5,1727,0,0,1,0,下位,0,657,218
124,124,0,112,156,0,0,0,1906,2765,959,15,下位,0,0,0
162,162,0,112,156,0,1,124,1906,2765,959,15,下位,0,124,217
181,181,0,425,919,0,2,286,1906,2765,959,15,下位,0,162,217
245,245,0,70,30,0,0,0,467,980,1666,5,下位,0,0,0
138,138,0,154,218,0,1,245,467,980,1666,5,下位,0,245,91
137,137,0,112,154,0,0,0,383,279,1456,1,下位,0,0,0
300,300,0,70,30,0,1,137,383,279,1456,1,下位,0,137,215
353,353,0,112,154,0,2,437,383,279,1456,1,下位,0,300,91
466,466,0,112,156,0,3,790,383,279,1456,1,下位,0,353,215
116,116,0,112,155,0,4,1256,383,279,1456,1,下位,0,466,217
690,690,0,111,153,0,5,1372,383,279,1456,1,下位,0,116,216
141,141,0,308,637,0,6,2062,383,279,1456,1,下位,0,690,214
91,91,0,189,306,1,0,0,0,0,1,0,下位,0,0,0
398,398,0,483,955,0,0,0,91,367,230,2,下位,0,0,0
510,510,0,638,1298,0,0,0,398,1016,643,6,下位,0,0,0
201,201,0,110,149,0,0,0,510,1359,1229,6,下位,0,0,0
365,365,0,111,153,0,1,201,510,1359,1229,6,下位,0,201,210
125,125,0,110,150,0,2,566,510,1359,1229,6,下位,0,365,214
442,442,0,297,454,0,3,691,510,1359,1229,6,下位,0,125,211
364,364,0,720,1574,1,0,0,0,0,1,0,下位,0,0,0
108,108,0,110,150,0,0,0,364,1635,1084,9,下位,0,0,0
537,537,0,68,24,0,1,108,364,1635,1084,9,下位,0,108,211
808,808,0,112,156,0,2,645,364,1635,1084,9,下位,0,537,85
66,66,0,68,23,0,3,1453,364,1635,1084,9,下位,0,808,217
565,565,0,70,28,0,4,1519,364,1635,1084,9,下位,0,66,84
303,303,0,111,152,0,5,2084,364,1635,1084,9,下位,0,565,89
101,101,0,111,152,0,6,2387,364,1635,1084,9,下位,0,303,213
440,440,0,676,1175,0,7,2488,364,1635,1084,9,下位,0,101,213
277,277,0,112,154,1,0,0,0,0,1,0,下位,0,0,0
104,104,0,68,22,1,1,277,0,0,1,0,下位,0,277,215
166,166,0,67,21,1,2,381,0,0,1,0,下位,0,104,83
434,434,0,68,23,1,3,547,0,0,1,0,下位,0,166,82
99,99,0,111,152,1,4,981,0,0,1,0,下位,0,434,84
82,82,0,578,995,1,5,1080,0,0,1,0,下位,0,99,213
456,456,0,111,152,0,0,0,1162,1056,-28,6,下位,0,0,0
687,687,0,68,23,0,1,456,1162,1056,-28,6,下位,0,456,213
809,809,0,69,26,0,2,1143,1162,1056,-28,6,下位,0,687,84
247,247,0,437,954,0,3,1952,1162,1056,-28,6,下位,0,809,87
58,58,0,1198,2442,0,0,0,2199,1015,-1961,4,下位,0,0,0
509,509,0,68,22,0,0,0,58,2503,454,16,下位,0,0,0
359,359,0,112,154,0,1,509,58,2503,454,16,下位,0,509,83
505,505,0,68,24,0,2,868,58,2503,454,16,下位,0,359,215
728,728,0,111,153,0,3,1373,58,2503,454,16,下位,0,505,85
487,487,0,113,159,0,4,2101,58,2503,454,16,下位,0,728,214
51,51,0,112,156,0,5,2588,58,2503,454,16,下位,0,487,220
211,211,0,68,23,0,6,2639,58,2503,454,16,下位,0,51,217
77,77,0,443,962,0,7,2850,58,2503,454,16,下位,0,211,84
500,500,0,111,152,1,0,0,0,0,1,0,下位,0,0,0
229,229,0,1747,3995,1,1,500,0,0,1,0,下位,0,500,213
510,510,0,113,157,0,0,0,729,4056,799,23,下位,0,0,0
414,414,0,107,141,0,1,510,729,4056,799,23,下位,0,510,218
166,166,0,68,22,0,2,924,729,4056,799,23,下位,0,414,202
289,289,0,113,158,0,3,1090,729,4056,799,23,下位,0,166,83
505,505,0,111,152,0,4,1379,729,4056,799,23,下位,0,289,219
108,108,0,112,154,0,5,1884,729,4056,799,23,下位,0,505,213
209,209,0,109,146,0,6,1992,729,4056,799,23,下位,0,108,215
272,272,0,68,23,0,7,2201,729,4056,799,23,下位,0,209,207
81,81,0,792,1571,0,8,2473,729,4056,799,23,下位,0,272,84
28,28,0,599,1292,1,0,0,0,0,1,0,下位,0,0,0
139,139,0,951,2136,1,0,0,0,0,1,0,下位,0,0,0
375,375,0,112,154,0,0,0,139,2197,1987,13,下位,0,0,0
528,528,0,113,158,0,1,375,139,2197,1987,13,下位,0,375,215
264,264,0,112,154,0,2,903,139,2197,1987,13,下位,0,528,219
287,287,0,112,155,0,3,1167,139,2197,1987,13,下位,0,264,215
126,126,0,112,155,0,4,1454,139,2197,1987,13,下位,0,287,216
73,73,0,68,23,0,5,1580,139,2197,1987,13,下位,0,126,216
131,131,0,112,156,0,6,1653,139,2197,1987,13,下位,0,73,84
61,61,0,1480,3290,0,7,1784,139,2197,1987,13,下位,0,131,217
275,275,0,68,22,0,0,0,1845,3351,1666,19,下位,0,0,0
262,262,0,112,156,0,1,275,1845,3351,1666,19,下位,0,275,83
809,809,0,71,32,0,2,537,1845,3351,1666,19,下位,0,262,217
190,190,0,112,156,0,3,1346,1845,3351,1666,19,下位,0,809,93
149,149,0,114,160,0,4,1536,1845,3351,1666,19,下位,0,190,217
247,247,0,69,25,0,5,1685,1845,3351,1666,19,下位,0,149,221
85,85,0,1421,3428,0,6,1932,1845,3351,1666,19,下位,0,247,86
225,225,0,112,156,1,0,0,0,0,1,0,下位,0,0,0
63,63,0,111,153,1,1,225,0,0,1,0,下位,0,225,217
419,419,0,255,513,1,2,288,0,0,1,0,下位,0,63,214
226,226,0,68,24,1,0,0,0,0,1,0,下位,0,0,0
466,466,0,68,24,1,1,226,0,0,1,0,下位,0,226,85
551,551,0,112,154,1,2,692,0,0,1,0,下位,0,466,85
527,527,0,112,154,1,3,1243,0,0,1,0,下位,0,551,215
78,78,0,950,2123,1,4,1770,0,0,1,0,下位,0,527,215
500,500,0,198,355,1,0,0,0,0,1,0,下位,0,0,0
509,509,0,112,156,0,0,0,500,416,-341,1,下位,0,0,0
209,209,0,152,235,0,1,509,500,416,-341,1,下位,0,509,217
64,64,0,112,154,0,0,0,718,296,-916,1,下位,0,0,0
700,700,0,112,155,0,1,64,718,296,-916,1,下位,0,64,215
185,185,0,69,25,0,2,764,718,296,-916,1,下位,0,700,216
53,53,0,146,235,0,3,949,718,296,-916,1,下位,0,185,86
223,223,0,111,153,0,0,0,1002,296,-1621,1,下位,0,0,0
809,809,0,111,153,0,1,223,1002,296,-1621,1,下位,0,223,214
209,209,0,66,18,0,2,1032,1002,296,-1621,1,下位,0,809,214
123,123,0,68,23,0,3,1241,1002,296,-1621,1,下位,0,209,79
482,482,0,111,151,0,4,1364,1002,296,-1621,1,下位,0,123,84
61,61,0,112,155,0,5,1846,1002,296,-1621,1,下位,0,482,212
202,202,0,111,153,0,6,1907,1002,296,-1621,1,下位,0,61,216
764,764,0,112,154,0,7,2109,1002,296,-1621,1,下位,0,202,214
387,387,0,365,680,0,8,2873,1002,296,-1621,1,下位,0,764,215
170,170,0,68,24,0,0,0,3260,741,-4371,4,下位,0,0,0
306,306,0,112,154,0,1,170,3260,741,-4371,4,下位,0,170,85
127,127,0,66,16,0,2,476,3260,741,-4371,4,下位,0,306,215
132,132,0,111,153,0,3,603,3260,741,-4371,4,下位,0,127,77
108,108,0,727,1681,0,4,735,3260,741,-4371,4,下位,0,132,214
47,47,0,112,155,1,0,0,0,0,1,0,下位,0,0,0
265,265,0,112,154,1,1,47,0,0,1,0,下位,0,47,216
134,134,0,111,152,1,2,312,0,0,1,0,下位,0,265,215
316,316,0,416,927,1,3,446,0,0,1,0,下位,0,134,213
509,509,0,113,157,0,0,0,762,988,478,5,下位,0,0,0
48,48,0,564,1014,0,1,509,762,988,478,5,下位,0,509,218
319,319,0,114,160,0,0,0,557,1075,927,6,下位,0,0,0
133,133,0,111,152,0,1,319,557,1075,927,6,下位,0,319,221
683,683,0,111,152,0,2,452,557,1075,927,6,下位,0,133,213
416,416,0,69,25,0,3,1135,557,1075,927,6,下位,0,683,213
809,809,0,108,144,0,4,1551,557,1075,927,6,下位,0,416,86
138,138,0,489,789,0,5,2360,557,1075,927,6,下位,0,809,205
509,509,0,194,290,0,0,0,2498,850,-1070,8,下位,0,0,0
189,189,0,111,152,0,0,0,509,351,-1490,2,下位,0,0,0
519,519,0,113,158,0,1,189,509,351,-1490,2,下位,0,189,213
93,93,0,111,153,0,2,708,509,351,-1490,2,下位,0,519,219
577,577,0,1356,3288,0,3,801,509,351,-1490,2,下位,0,93,214
88,88,0,535,867,1,0,0,0,0,1,0,下位,0,0,0
206,206,0,145,232,0,0,0,88,928,796,6,下位,0,0,0
302,302,0,112,154,0,0,0,206,293,777,1,下位,0,0,0
808,808,0,68,23,0,1,302,206,293,777,1,下位,0,302,215
250,250,0,112,154,0,2,1110,206,293,777,1,下位,0,808,84
147,147,0,110,149,0,3,1360,206,293,777,1,下位,0,250,215
808,808,0,112,154,0,4,1507,206,293,777,1,下位,0,147,210
51,51,0,113,159,0,5,2315,206,293,777,1,下位,0,808,215
808,808,0,1107,2394,0,6,2366,206,293,777,1,下位,0,51,220
45,45,0,69,26,1,0,0,0,0,1,0,下位,0,0,0
576,576,0,766,1513,1,1,45,0,0,1,0,下位,0,45,87
306,306,0,71,32,0,0,0,621,1574,721,9,下位,0,0,0
295,295,0,68,23,0,1,306,621,1574,721,9,下位,0,306,93
275,275,0,112,154,0,2,601,621,1574,721,9,下位,0,295,84
565,565,0,111,152,0,3,876,621,1574,721,9,下位,0,275,215
447,447,0,204,265,0,4,1441,621,1574,721,9,下位,0,565,213
227,227,0,111,152,0,0,0,1888,326,-1209,2,下位,0,0,0
122,122,0,111,152,0,1,227,1888,326,-1209,2,下位,0,227,213
222,222,0,68,23,0,2,349,1888,326,-1209,2,下位,0,122,213
317,317,0,111,152,0,3,571,1888,326,-1209,2,下位,0,222,84
133,133,0,68,22,0,4,888,1888,326,-1209,2,下位,0,317,213
407,407,0,68,22,0,5,1021,1888,326,-1209,2,下位,0,133,83
697,697,0,68,23,0,6,1428,1888,326,-1209,2,下位,0,407,83
66,66,0,68,22,0,7,2125,1888,326,-1209,2,下位,0,697,84
158,158,0,649,1200,0,8,2191,1888,326,-1209,2,下位,0,66,83
509,509,0,111,153,0,0,0,2349,1261,-2451,10,下位,0,0,0
183,183,0,376,787,0,1,509,2349,1261,-2451,10,下位,0,509,214
500,500,0,613,1143,1,0,0,0,0,1,0,下位,0,0,0
209,209,0,111,152,0,0,0,500,1204,447,6,下位,0,0,0
623,623,0,109,146,0,1,209,500,1204,447,6,下位,0,209,213
211,211,0,360,492,0,2,832,500,1204,447,6,下位,0,623,207
73,73,0,111,153,0,0,0,1043,553,-161,4,下位,0,0,0
471,471,0,109,146,0,1,73,1043,553,-161,4,下位,0,73,214
210,210,0,452,746,0,2,544,1043,553,-161,4,下位,0,471,207
293,293,0,111,153,1,0,0,0,0,1,0,下位,0,0,0
121,121,0,905,2057,1,1,293,0,0,1,0,下位,0,293,214
321,321,0,70,28,0,0,0,414,2118,1706,12,下位,0,0,0
82,82,0,112,156,0,1,321,414,2118,1706,12,下位,0,321,89
542,542,0,112,154,0,2,403,414,2118,1706,12,下位,0,82,217
275,275,0,114,160,0,3,945,414,2118,1706,12,下位,0,542,215
322,322,0,111,153,0,4,1220,414,2118,1706,12,下位,0,275,221
84,84,0,114,161,0,5,1542,414,2118,1706,12,下位,0,322,214
79,79,0,111,153,0,6,1626,414,2118,1706,12,下位,0,84,222
199,199,0,111,153,0,7,1705,414,2118,1706,12,下位,0,79,214
381,381,0,112,155,0,8,1904,414,2118,1706,12,下位,0,199,214
305,305,0,70,29,0,9,2285,414,2118,1706,12,下位,0,381,216
129,129,0,653,1551,0,10,2590,414,2118,1706,12,下位,0,305,90
124,124,0,111,153,1,0,0,0,0,1,0,下位,0,0,0
76,76,0,111,153,1,1,124,0,0,1,0,下位,0,124,214
808,808,0,111,153,1,2,200,0,0,1,0,下位,0,76,214
48,48,0,111,152,1,3,1008,0,0,1,0,下位,0,808,214
95,95,0,303,637,1,4,1056,0,0,1,0,下位,0,48,213
490,490,0,113,158,0,0,0,1151,698,-190,3,下位,0,0,0
89,89,0,112,154,0,1,490,1151,698,-190,3,下位,0,490,219
169,169,0,68,22,0,2,579,1151,698,-190,3,下位,0,89,215
156,156,0,68,23,0,3,748,1151,698,-190,3,下位,0,169,83
808,808,0,112,156,0,4,904,1151,698,-190,3,下位,0,156,84
153,153,0,385,659,0,5,1712,1151,698,-190,3,下位,0,808,217
123,123,0,111,152,1,0,0,0,0,1,0,下位,0,0,0
218,218,0,113,157,1,1,123,0,0,1,0,下位,0,123,213
332,332,0,114,161,1,2,341,0,0,1,0,下位,0,218,218
141,141,0,1810,3879,1,3,673,0,0,1,0,下位,0,332,222
109,109,0,68,24,0,0,0,814,3940,983,23,下位,0,0,0
331,331,0,111,152,0,1,109,814,3940,983,23,下位,0,109,85
209,209,0,518,1164,0,2,440,814,3940,983,23,下位,0,331,213
509,509,0,70,29,0,0,0,649,1225,1522,5,下位,0,0,0
142,142,0,68,22,0,1,509,649,1225,1522,5,下位,0,509,90
43,43,0,112,156,0,2,651,649,1225,1522,5,下位,0,142,83
808,808,0,113,157,0,3,694,649,1225,1522,5,下位,0,43,217
209,209,0,111,152,0,4,1502,649,1225,1522,5,下位,0,808,218
229,229,0,616,1274,0,5,1711,649,1225,1522,5,下位,0,209,213
53,53,0,333,603,0,0,0,1940,1335,739,7,下位,0,0,0
509,509,0,111,153,0,0,0,53,664,1323,3,下位,0,0,0
333,333,0,113,159,0,1,509,53,664,1323,3,下位,0,509,214
97,97,0,367,677,0,2,842,53,664,1323,3,下位,0,333,220
197,197,0,68,22,1,0,0,0,0,1,0,下位,0,0,0
222,222,0,110,148,1,1,197,0,0,1,0,下位,0,197,83
183,183,0,112,156,1,2,419,0,0,1,0,下位,0,222,209
74,74,0,223,429,1,3,602,0,0,1,0,下位,0,183,217
510,510,0,112,155,0,0,0,676,490,-23,2,下位,0,0,0
296,296,0,114,160,0,1,510,676,490,-23,2,下位,0,510,216
524,524,0,68,22,0,2,806,676,490,-23,2,下位,0,296,221
148,148,0,461,1047,0,3,1330,676,490,-23,2,下位,0,524,83
258,258,0,112,154,0,0,0,1478,1108,-634,5,下位,0,0,0
527,527,0,69,25,0,1,258,1478,1108,-634,5,下位,0,258,215
367,367,0,69,25,0,2,785,1478,1108,-634,5,下位,0,527,86
416,416,0,112,155,0,3,1152,1478,1108,-634,5,下位,0,367,86
83,83,0,113,157,0,4,1568,1478,1108,-634,5,下位,0,416,216
91,91,0,69,25,0,5,1651,1478,1108,-634,5,下位,0,83,218
205,205,0,112,154,0,6,1742,1478,1108,-634,5,下位,0,91,86
209,209,0,725,1564,0,7,1947,1478,1108,-634,5,下位,0,205,215
500,500,0,112,155,1,0,0,0,0,1,0,下位,0,0,0
523,523,0,623,1316,1,1,500,0,0,1,0,下位,0,500,216
511,511,0,110,149,0,0,0,1023,1377,44,6,下位,0,0,0
82,82,0,370,731,0,1,511,1023,1377,44,6,下位,0,511,210
185,185,0,114,160,1,0,0,0,0,1,0,下位,0,0,0
179,179,0,68,24,1,1,185,0,0,1,0,下位,0,185,221
368,368,0,111,153,1,2,364,0,0,1,0,下位,0,179,85
166,166,0,112,156,1,3,732,0,0,1,0,下位,0,368,214
101,101,0,196,360,1,4,898,0,0,1,0,下位,0,166,217
72,72,0,1192,2410,0,0,0,999,421,-355,1,下位,0,0,0
49,49,0,111,153,0,0,0,72,2471,2007,18,下位,0,0,0
270,270,0,112,154,0,1,49,72,2471,2007,18,下位,0,49,214
723,723,0,112,156,0,2,319,72,2471,2007,18,下位,0,270,215
809,809,0,114,161,0,3,1042,72,2471,2007,18,下位,0,723,217
511,511,0,423,790,0,4,1851,72,2471,2007,18,下位,0,809,222
178,178,0,1530,3230,0,0,0,2362,851,148,4,下位,0,0,0
446,446,0,68,24,0,0,0,178,3291,875,18,下位,0,0,0
297,297,0,112,155,0,1,446,178,3291,875,18,下位,0,446,85
253,253,0,69,26,0,2,743,178,3291,875,18,下位,0,297,216
109,109,0,614,1139,0,3,996,178,3291,875,18,下位,0,253,87
373,373,0,112,155,1,0,0,0,0,1,0,下位,0,0,0
62,62,0,144,235,1,1,373,0,0,1,0,下位,0,373,216
509,509,0,70,28,0,0,0,435,296,-146,1,下位,0,0,0
274,274,0,69,25,0,1,509,435,296,-146,1,下位,0,509,89
719,719,0,112,156,0,2,783,435,296,-146,1,下位,0,274,86
203,203,0,112,154,0,3,1502,435,296,-146,1,下位,0,719,217
415,415,0,1196,2539,0,4,1705,435,296,-146,1,下位,0,203,215
509,509,0,112,154,0,0,0,2120,2600,-151,16,下位,0,0,0
229,229,0,111,153,0,1,509,2120,2600,-151,16,下位,0,509,215
325,325,0,69,26,0,2,738,2120,2600,-151,16,下位,0,229,214
182,182,0,111,153,0,3,1063,2120,2600,-151,16,下位,0,325,87
667,667,0,70,30,0,4,1245,2120,2600,-151,16,下位,0,182,214
174,174,0,785,1789,0,5,1912,2120,2600,-151,16,下位,0,667,91
42,42,0,107,141,1,0,0,0,0,1,0,下位,0,0,0
166,166,0,113,159,1,1,42,0,0,1,0,下位,0,42,202
479,479,0,112,155,1,2,208,0,0,1,0,下位,0,166,220
346,346,0,111,153,1,3,687,0,0,1,0,下位,0,479,216
214,214,0,68,22,1,4,1033,0,0,1,0,下位,0,346,214
124,124,0,69,27,1,5,1247,0,0,1,0,下位,0,214,83
71,71,0,68,23,1,6,1371,0,0,1,0,下位,0,124,88
196,196,0,111,153,1,7,1442,0,0,1,0,下位,0,71,84
113,113,0,368,733,1,8,1638,0,0,1,0,下位,0,196,214
177,177,0,112,156,1,0,0,0,0,1,0,下位,0,0,0
433,433,0,112,154,1,1,177,0,0,1,0,下位,0,177,217
381,381,0,68,22,1,2,610,0,0,1,0,下位,0,433,215
371,371,0,69,25,1,3,991,0,0,1,0,下位,0,381,83
808,808,0,112,154,1,4,1362,0,0,1,0,下位,0,371,86
67,67,0,68,24,1,5,2170,0,0,1,0,下位,0,808,215
496,496,0,112,154,1,6,2237,0,0,1,0,下位,0,67,85
364,364,0,352,765,1,7,2733,0,0,1,0,下位,0,496,215
230,230,0,111,153,0,0,0,3097,826,-2750,3,下位,0,0,0
431,431,0,112,154,0,1,230,3097,826,-2750,3,下位,0,230,214
383,383,0,68,23,0,2,661,3097,826,-2750,3,下位,0,431,215
809,809,0,68,24,0,3,1044,3097,826,-2750,3,下位,0,383,84
51,51,0,953,2266,0,4,1853,3097,826,-2750,3,下位,0,809,85
301,301,0,111,152,0,0,0,1904,2327,-2709,11,下位,0,0,0
713,713,0,68,23,0,1,301,1904,2327,-2709,11,下位,0,301,213
797,797,0,68,23,0,2,1014,1904,2327,-2709,11,下位,0,713,84
152,152,0,411,865,0,3,1811,1904,2327,-2709,11,下位,0,797,84
119,119,0,389,815,1,0,0,0,0,1,0,下位,0,0,0
509,509,0,325,543,0,0,0,119,876,697,4,下位,0,0,0
177,177,0,111,152,0,0,0,509,604,530,4,下位,0,0,0
292,292,0,69,25,0,1,177,509,604,530,4,下位,0,177,213
396,396,0,111,153,0,2,469,509,604,530,4,下位,0,292,86
446,446,0,110,149,0,3,865,509,604,530,4,下位,0,396,214
148,148,0,70,30,0,4,1311,509,604,530,4,下位,0,446,210
55,55,0,110,149,0,5,1459,509,604,530,4,下位,0,148,91
78,78,0,965,2295,0,6,1514,509,604,530,4,下位,0,55,210
345,345,0,111,153,0,0,0,1592,2356,1499,13,下位,0,0,0
66,66,0,386,833,0,1,345,1592,2356,1499,13,下位,0,345,214
276,276,0,69,25,0,0,0,411,894,1984,4,下位,0,0,0
56,56,0,111,153,0,1,276,411,894,1984,4,下位,0,276,86
128,128,0,112,156,0,2,332,411,894,1984,4,下位,0,56,214
488,488,0,69,25,0,3,460,411,894,1984,4,下位,0,128,217
206,206,0,111,153,0,4,948,411,894,1984,4,下位,0,488,86
110,110,0,69,25,0,5,1154,411,894,1984,4,下位,0,206,214
175,175,0,112,154,0,6,1264,411,894,1984,4,下位,0,110,86
114,114,0,380,638,0,7,1439,411,894,1984,4,下位,0,175,215
209,209,0,63,9,0,0,0,1553,699,1448,4,下位,0,0,0
226,226,0,112,154,0,1,209,1553,699,1448,4,下位,0,209,70
141,141,0,1633,3819,0,2,435,1553,699,1448,4,下位,0,226,215
200,200,0,68,22,1,0,0,0,0,1,0,下位,0,0,0
198,198,0,112,154,1,1,200,0,0,1,0,下位,0,200,83
213,213,0,1078,2388,1,2,398,0,0,1,0,下位,0,198,215
337,337,0,68,24,0,0,0,611,2449,1822,15,下位,0,0,0
115,115,0,69,25,0,1,337,611,2449,1822,15,下位,0,337,85
208,208,0,912,1938,0,2,452,611,2449,1822,15,下位,0,115,86
282,282,0,112,154,1,0,0,0,0,1,0,下位,0,0,0
70,70,0,112,155,1,1,282,0,0,1,0,下位,0,282,215
808,808,0,68,23,1,2,352,0,0,1,0,下位,0,70,216
441,441,0,111,153,1,3,1160,0,0,1,0,下位,0,808,84
141,141,0,112,155,1,4,1601,0,0,1,0,下位,0,441,214
808,808,0,111,153,1,5,1742,0,0,1,0,下位,0,141,216
49,49,0,423,924,1,6,2550,0,0,1,0,下位,0,808,214
172,172,0,305,504,0,0,0,2599,985,-1792,5,下位,0,0,0
99,99,0,113,157,0,0,0,172,565,-1488,2,下位,0,0,0
137,137,0,112,155,0,1,99,172,565,-1488,2,下位,0,99,218
90,90,0,69,25,0,2,236,172,565,-1488,2,下位,0,137,216
577,577,0,113,158,0,3,326,172,565,-1488,2,下位,0,90,86
138,138,0,1065,2135,0,4,903,172,565,-1488,2,下位,0,577,219
207,207,0,70,29,0,0,0,1041,2196,-130,13,下位,0,0,0
99,99,0,68,23,0,1,207,1041,2196,-130,13,下位,0,207,90
617,617,0,113,159,0,2,306,1041,2196,-130,13,下位,0,99,84
190,190,0,479,1045,0,3,923,1041,2196,-130,13,下位,0,617,220
145,145,0,415,727,1,0,0,0,0,1,0,下位,0,0,0
185,185,0,111,153,0,0,0,145,788,569,5,下位,0,0,0
729,729,0,485,930,0,1,185,145,788,569,5,下位,0,185,214
177,177,0,68,23,0,0,0,914,991,389,6,下位,0,0,0
336,336,0,68,23,0,1,177,914,991,389,6,下位,0,177,84
746,746,0,111,153,0,2,513,914,991,389,6,下位,0,336,84
121,121,0,111,153,0,3,1259,914,991,389,6,下位,0,746,214
182,182,0,109,147,0,4,1380,914,991,389,6,下位,0,121,214
495,495,0,112,155,0,5,1562,914,991,389,6,下位,0,182,208
808,808,0,480,1028,0,6,2057,914,991,389,6,下位,0,495,216
109,109,0,69,27,0,0,0,2865,1089,-1842,5,下位,0,0,0
200,200,0,112,155,0,1,109,2865,1089,-1842,5,下位,0,109,88
101,101,0,112,154,0,2,309,2865,1089,-1842,5,下位,0,200,216
69,69,0,112,156,0,3,410,2865,1089,-1842,5,下位,0,101,215
192,192,0,68,22,0,4,479,2865,1089,-1842,5,下位,0,69,217
346,346,0,68,24,0,5,671,2865,1089,-1842,5,下位,0,192,83
487,487,0,109,147,0,6,1017,2865,1089,-1842,5,下位,0,346,85
246,246,0,71,32,0,7,1504,2865,1089,-1842,5,下位,0,487,208
516,516,0,620,1257,0,8,1750,2865,1089,-1842,5,下位,0,246,93
200,200,0,112,155,1,0,0,0,0,1,0,下位,0,0,0
808,808,0,148,233,1,1,200,0,0,1,0,下位,0,200,216
116,116,0,112,155,1,0,0,0,0,1,0,下位,0,0,0
224,224,0,114,162,1,1,116,0,0,1,0,下位,0,116,216
533,533,0,111,153,1,2,340,0,0,1,0,下位,0,224,223
441,441,0,111,152,1,3,873,0,0,1,0,下位,0,533,214
128,128,0,70,29,1,4,1314,0,0,1,0,下位,0,441,213
206,206,0,112,154,1,5,1442,0,0,1,0,下位,0,128,90
332,332,0,112,156,1,6,1648,0,0,1,0,下位,0,206,215
210,210,0,576,1191,1,7,1980,0,0,1,0,下位,0,332,217
343,343,0,69,25,0,0,0,2190,1252,-677,6,下位,0,0,0
210,210,0,534,1070,0,1,343,2190,1252,-677,6,下位,0,343,86
51,51,0,69,26,0,0,0,553,1131,-298,6,下位,0,0,0
226,226,0,68,22,0,1,51,553,1131,-298,6,下位,0,51,87
103,103,0,112,156,0,2,277,553,1131,-298,6,下位,0,226,83
612,612,0,112,156,0,3,380,553,1131,-298,6,下位,0,103,217
149,149,0,111,152,0,4,992,553,1131,-298,6,下位,0,612,217
808,808,0,68,24,0,5,1141,553,1131,-298,6,下位,0,149,213
369,369,0,111,152,0,6,1949,553,1131,-298,6,下位,0,808,85
92,92,0,113,159,0,7,2318,553,1131,-298,6,下位,0,369,213
272,272,0,68,23,0,8,2410,553,1131,-298,6,下位,0,92,220
809,809,0,68,24,0,9,2682,553,1131,-298,6,下位,0,272,84
210,210,0,397,757,0,10,3491,553,1131,-298,6,下位,0,809,85
61,61,0,114,160,1,0,0,0,0,1,0,下位,0,0,0
127,127,0,429,775,1,1,61,0,0,1,0,下位,0,61,221
65,65,0,1906,4366,0,0,0,188,836,774,4,下位,0,0,0
116,116,0,114,162,0,0,0,65,4427,520,26,下位,0,0,0
279,279,0,113,157,0,1,116,65,4427,520,26,下位,0,116,223
148,148,0,465,1029,0,2,395,65,4427,520,26,下位,0,279,218
192,192,0,112,154,0,0,0,543,1090,1228,5,下位,0,0,0
155,155,0,111,153,0,1,192,543,1090,1228,5,下位,0,192,215
181,181,0,68,23,0,2,347,543,1090,1228,5,下位,0,155,214
808,808,0,68,23,0,3,528,543,1090,1228,5,下位,0,181,84
102,102,0,114,161,0,4,1336,543,1090,1228,5,下位,0,808,84
292,292,0,584,1197,0,5,1438,543,1090,1228,5,下位,0,102,222
400,400,0,114,162,1,0,0,0,0,1,0,下位,0,0,0
276,276,0,70,29,1,1,400,0,0,1,0,下位,0,400,223
650,650,0,111,153,1,2,676,0,0,1,0,下位,0,276,90
809,809,0,68,22,1,3,1326,0,0,1,0,下位,0,650,214
105,105,0,113,157,1,4,2135,0,0,1,0,下位,0,809,83
181,181,0,717,1562,1,5,2240,0,0,1,0,下位,0,105,218
509,509,0,112,154,0,0,0,2421,1623,-1216,9,下位,0,0,0
221,221,0,112,155,0,1,509,2421,1623,-1216,9,下位,0,509,215
437,437,0,69,26,0,2,730,2421,1623,-1216,9,下位,0,221,216
808,808,0,112,156,0,3,1167,2421,1623,-1216,9,下位,0,437,87
87,87,0,113,158,0,4,1975,2421,1623,-1216,9,下位,0,808,217
264,264,0,475,906,0,5,2062,2421,1623,-1216,9,下位,0,87,219
175,175,0,342,589,0,0,0,2326,967,-2819,7,下位,0,0,0
123,123,0,69,26,1,0,0,0,0,1,0,下位,0,0,0
314,314,0,68,23,1,1,123,0,0,1,0,下位,0,123,87
478,478,0,276,557,1,2,437,0,0,1,0,下位,0,314,84
500,500,0,113,158,1,0,0,0,0,1,0,下位,0,0,0
384,384,0,69,25,1,1,500,0,0,1,0,下位,0,500,219
70,70,0,68,22,1,2,884,0,0,1,0,下位,0,384,86
226,226,0,111,152,1,3,954,0,0,1,0,下位,0,70,83
73,73,0,422,782,1,4,1180,0,0,1,0,下位,0,226,213
57,57,0,69,26,0,0,0,1253,843,-454,4,下位,0,0,0
117,117,0,2574,5690,0,1,57,1253,843,-454,4,下位,0,57,87
509,509,0,68,22,0,0,0,174,5751,408,32,下位,0,0,0
51,51,0,112,154,0,1,509,174,5751,408,32,下位,0,509,83
157,157,0,113,159,0,2,560,174,5751,408,32,下位,0,51,215
132,132,0,112,155,0,3,717,174,5751,408,32,下位,0,157,220
337,337,0,112,154,0,4,849,174,5751,408,32,下位,0,132,216
808,808,0,302,574,0,5,1186,174,5751,408,32,下位,0,337,215
131,131,0,535,1072,0,0,0,1994,635,-1029,4,下位,0,0,0
192,192,0,69,27,0,0,0,131,1133,-94,6,下位,0,0,0
236,236,0,112,156,0,1,192,131,1133,-94,6,下位,0,192,88
149,149,0,556,1280,0,2,428,131,1133,-94,6,下位,0,236,217
113,113,0,112,156,1,0,0,0,0,1,0,下位,0,0,0
657,657,0,68,22,1,1,113,0,0,1,0,下位,0,113,217
151,151,0,228,432,1,2,770,0,0,1,0,下位,0,657,83
152,152,0,112,156,1,0,0,0,0,1,0,下位,0,0,0
641,641,0,107,141,1,1,152,0,0,1,0,下位,0,152,217
307,307,0,68,23,1,2,793,0,0,1,0,下位,0,641,202
754,754,0,114,160,1,3,1100,0,0,1,0,下位,0,307,84
176,176,0,113,159,1,4,1854,0,0,1,0,下位,0,754,221
518,518,0,111,152,1,5,2030,0,0,1,0,下位,0,176,220
192,192,0,69,25,1,6,2548,0,0,1,0,下位,0,518,213
202,202,0,592,1234,1,7,2740,0,0,1,0,下位,0,192,86
54,54,0,112,156,1,0,0,0,0,1,0,下位,0,0,0
67,67,0,421,785,1,1,54,0,0,1,0,下位,0,54,217
509,509,0,111,152,0,0,0,121,846,880,4,下位,0,0,0
661,661,0,114,162,0,1,509,121,846,880,4,下位,0,509,213
209,209,0,320,608,0,2,1170,121,846,880,4,下位,0,661,223
486,486,0,530,1084,1,0,0,0,0,1,0,下位,0,0,0
65,65,0,111,153,0,0,0,486,1145,410,6,下位,0,0,0
185,185,0,70,29,0,1,65,486,1145,410,6,下位,0,65,214
167,167,0,113,157,0,2,250,486,1145,410,6,下位,0,185,90
550,550,0,112,154,0,3,417,486,1145,410,6,下位,0,167,218
809,809,0,69,26,0,4,967,486,1145,410,6,下位,0,550,215
811,811,0,632,1373,0,5,1776,486,1145,410,6,下位,0,809,87
509,509,0,111,152,0,0,0,2587,1434,-1251,8,下位,0,0,0
59,59,0,68,23,0,1,509,2587,1434,-1251,8,下位,0,509,213
72,72,0,68,22,0,2,568,2587,1434,-1251,8,下位,0,59,84
598,598,0,70,29,0,3,640,2587,1434,-1251,8,下位,0,72,83
111,111,0,282,560,0,4,1238,2587,1434,-1251,8,下位,0,598,90
308,308,0,234,435,1,0,0,0,0,1,0,下位,0,0,0
61,61,0,112,154,0,0,0,308,496,30,2,下位,0,0,0
264,264,0,69,26,0,1,61,308,496,30,2,下位,0,61,215
178,178,0,111,153,0,2,325,308,496,30,2,下位,0,264,87
517,517,0,113,159,0,3,503,308,496,30,2,下位,0,178,214
459,459,0,111,152,0,4,1020,308,496,30,2,下位,0,517,220
209,209,0,657,1516,0,5,1479,308,496,30,2,下位,0,459,213
88,88,0,401,826,0,0,0,1688,1577,-1,8,下位,0,0,0
88,88,0,111,152,1,0,0,0,0,1,0,下位,0,0,0
808,808,0,112,154,1,1,88,0,0,1,0,下位,0,88,213
438,438,0,112,156,1,2,896,0,0,1,0,下位,0,808,215
295,295,0,1287,2967,1,3,1334,0,0,1,0,下位,0,438,217
291,291,0,112,156,0,0,0,1629,3028,1206,16,下位,0,0,0
811,811,0,70,29,0,1,291,1629,3028,1206,16,下位,0,291,217
71,71,0,70,30,0,2,1102,1629,3028,1206,16,下位,0,811,90
226,226,0,65,15,0,3,1173,1629,3028,1206,16,下位,0,71,91
102,102,0,189,300,0,4,1399,1629,3028,1206,16,下位,0,226,76
44,44,0,71,31,0,0,0,1501,361,-234,2,下位,0,0,0
497,497,0,68,22,0,1,44,1501,361,-234,2,下位,0,44,92
192,192,0,351,691,0,2,541,1501,361,-234,2,下位,0,497,83
306,306,0,114,160,1,0,0,0,0,1,0,下位,0,0,0
99,99,0,667,1116,1,1,306,0,0,1,0,下位,0,306,221
509,509,0,1991,4127,0,0,0,405,1177,785,8,下位,0,0,0
240,240,0,111,152,1,0,0,0,0,1,0,下位,0,0,0
474,474,0,68,24,1,1,240,0,0,1,0,下位,0,240,213
314,314,0,68,24,1,2,714,0,0,1,0,下位,0,474,85
172,172,0,796,1595,1,3,1028,0,0,1,0,下位,0,314,85
59,59,0,68,22,0,0,0,1200,1656,221,9,下位,0,0,0
248,248,0,111,152,0,1,59,1200,1656,221,9,下位,0,59,83
163,163,0,718,1443,0,2,307,1200,1656,221,9,下位,0,248,213
509,509,0,1490,3535,0,0,0,470,1504,1309,8,下位,0,0,0
501,501,0,66,18,1,0,0,0,0,1,0,下位,0,0,0
296,296,0,112,154,1,1,501,0,0,1,0,下位,0,501,79
157,157,0,111,152,1,2,797,0,0,1,0,下位,0,296,215
305,305,0,113,159,1,3,954,0,0,1,0,下位,0,157,213
684,684,0,111,153,1,4,1259,0,0,1,0,下位,0,305,220
208,208,0,112,156,1,5,1943,0,0,1,0,下位,0,684,214
110,110,0,69,26,1,6,2151,0,0,1,0,下位,0,208,217
178,178,0,69,26,1,7,2261,0,0,1,0,下位,0,110,87
61,61,0,70,30,1,8,2439,0,0,1,0,下位,0,178,87
93,93,0,111,153,1,9,2500,0,0,1,0,下位,0,61,91
207,207,0,68,24,1,10,2593,0,0,1,0,下位,0,93,214
59,59,0,496,796,1,11,2800,0,0,1,0,下位,0,207,85
135,135,0,502,1108,0,0,0,2859,857,-1751,5,下位,0,0,0
227,227,0,111,153,0,0,0,135,1169,-787,6,下位,0,0,0
265,265,0,112,154,0,1,227,135,1169,-787,6,下位,0,227,214
718,718,0,114,162,0,2,492,135,1169,-787,6,下位,0,265,215
546,546,0,111,153,0,3,1210,135,1169,-787,6,下位,0,718,223
162,162,0,220,266,0,4,1756,135,1169,-787,6,下位,0,546,214
76,76,0,391,829,1,0,0,0,0,1,0,下位,0,0,0
47,47,0,69,26,0,0,0,76,890,776,4,下位,0,0,0
161,161,0,71,32,0,1,47,76,890,776,4,下位,0,47,87
336,336,0,111,153,0,2,208,76,890,776,4,下位,0,161,93
256,256,0,68,23,0,3,544,76,890,776,4,下位,0,336,214
808,808,0,68,23,0,4,800,76,890,776,4,下位,0,256,84
535,535,0,113,157,0,5,1608,76,890,776,4,下位,0,808,84
480,480,0,69,25,0,6,2143,76,890,776,4,下位,0,535,218
189,189,0,111,152,0,7,2623,76,890,776,4,下位,0,480,86
79,79,0,374,726,0,8,2812,76,890,776,4,下位,0,189,213
223,223,0,68,24,1,0,0,0,0,1,0,下位,0,0,0
179,179,0,63,9,1,1,223,0,0,1,0,下位,0,223,85
173,173,0,313,643,1,2,402,0,0,1,0,下位,0,179,70
509,509,0,68,22,0,0,0,575,704,-11,3,下位,0,0,0
765,765,0,68,22,0,1,509,575,704,-11,3,下位,0,509,83
120,120,0,111,152,0,2,1274,575,704,-11,3,下位,0,765,83
111,111,0,69,26,0,3,1394,575,704,-11,3,下位,0,120,213
663,663,0,112,154,0,4,1505,575,704,-11,3,下位,0,111,87
266,266,0,114,160,0,5,2168,575,704,-11,3,下位,0,663,215
53,53,0,111,152,0,6,2434,575,704,-11,3,下位,0,266,221
43,43,0,114,161,0,7,2487,575,704,-11,3,下位,0,53,213
200,200,0,69,26,0,8,2530,575,704,-11,3,下位,0,43,222
577,577,0,111,153,0,9,2730,575,704,-11,3,下位,0,200,87
230,230,0,523,895,0,10,3307,575,704,-11,3,下位,0,577,214
211,211,0,517,1019,0,0,0,3537,956,-2775,6,下位,0,0,0
53,53,0,68,24,1,0,0,0,0,1,0,下位,0,0,0
150,150,0,748,1628,1,1,53,0,0,1,0,下位,0,53,85
205,205,0,68,24,0,0,0,203,1689,1468,10,下位,0,0,0
74,74,0,448,859,0,1,205,203,1689,1468,10,下位,0,205,85
69,69,0,111,152,0,0,0,279,920,2050,5,下位,0,0,0
236,236,0,70,28,0,1,69,279,920,2050,5,下位,0,69,213
254,254,0,112,156,0,2,305,279,920,2050,5,下位,0,236,89
209,209,0,886,1839,0,3,559,279,920,2050,5,下位,0,254,217
211,211,0,817,2041,0,0,0,768,1900,906,10,下位,0,0,0
190,190,0,69,25,0,0,0,211,2102,414,9,下位,0,0,0
601,601,0,69,25,0,1,190,211,2102,414,9,下位,0,190,86
120,120,0,275,555,0,2,791,211,2102,414,9,下位,0,601,86
386,386,0,68,23,0,0,0,911,616,-179,2,下位,0,0,0
541,541,0,112,154,0,1,386,911,616,-179,2,下位,0,386,84
45,45,0,112,154,0,2,927,911,616,-179,2,下位,0,541,215
60,60,0,189,303,0,3,972,911,616,-179,2,下位,0,45,215
44,44,0,68,23,0,0,0,1032,364,-865,2,下位,0,0,0
167,167,0,111,152,0,1,44,1032,364,-865,2,下位,0,44,84
705,705,0,366,673,0,2,211,1032,364,-865,2,下位,0,167,213
112,112,0,113,159,1,0,0,0,0,1,0,下位,0,0,0
81,81,0,69,25,1,1,112,0,0,1,0,下位,0,112,220
761,761,0,68,24,1,2,193,0,0,1,0,下位,0,81,86
190,190,0,68,24,1,3,954,0,0,1,0,下位,0,761,85
162,162,0,68,24,1,4,1144,0,0,1,0,下位,0,190,85
378,378,0,68,24,1,5,1306,0,0,1,0,下位,0,162,85
241,241,0,767,1796,1,6,1684,0,0,1,0,下位,0,378,85
509,509,0,69,26,0,0,0,1925,1857,-413,8,下位,0,0,0
438,438,0,937,2043,0,1,509,1925,1857,-413,8,下位,0,509,87
364,364,0,111,152,0,0,0,947,2104,343,11,下位,0,0,0
149,149,0,112,154,0,1,364,947,2104,343,11,下位,0,364,213
374,374,0,69,27,0,2,513,947,2104,343,11,下位,0,149,215
90,90,0,287,547,0,3,887,947,2104,343,11,下位,0,374,88
358,358,0,112,155,1,0,0,0,0,1,0,下位,0,0,0
454,454,0,309,635,1,1,358,0,0,1,0,下位,0,358,216
176,176,0,69,26,1,0,0,0,0,1,0,下位,0,0,0
105,105,0,384,842,1,1,176,0,0,1,0,下位,0,176,87
150,150,0,114,160,0,0,0,281,903,565,4,下位,0,0,0
243,243,0,263,535,0,1,150,281,903,565,4,下位,0,150,221
140,140,0,69,26,0,0,0,393,596,787,2,下位,0,0,0
255,255,0,112,155,0,1,140,393,596,787,2,下位,0,140,87
194,194,0,112,154,0,2,395,393,596,787,2,下位,0,255,216
113,113,0,69,26,0,3,589,393,596,787,2,下位,0,194,215
481,481,0,111,153,0,4,702,393,596,787,2,下位,0,113,87
99,99,0,982,2142,0,5,1183,393,596,787,2,下位,0,481,214
44,44,0,68,24,0,0,0,1282,2203,1867,12,下位,0,0,0
62,62,0,69,27,0,1,44,1282,2203,1867,12,下位,0,44,85
435,435,0,69,25,0,2,106,1282,2203,1867,12,下位,0,62,88
541,541,0,111,152,0,3,541,1282,2203,1867,12,下位,0,435,86
148,148,0,463,862,0,4,1082,1282,2203,1867,12,下位,0,541,213
11,11,0,112,154,1,0,0,0,0,1,0,下位,0,0,0
164,164,0,111,153,1,1,11,0,0,1,0,下位,0,11,215
132,132,0,433,899,1,2,175,0,0,1,0,下位,0,164,214
142,142,0,385,806,0,0,0,307,960,925,5,下位,0,0,0
296,296,0,112,154,0,0,0,142,867,1577,5,下位,0,0,0
490,490,0,111,152,0,1,296,142,867,1577,5,下位,0,296,215
197,197,0,111,153,0,2,786,142,867,1577,5,下位,0,490,213
557,557,0,220,314,0,3,983,142,867,1577,5,下位,0,197,214
275,275,0,113,158,0,0,0,1540,375,262,1,下位,0,0,0
569,569,0,112,155,0,1,275,1540,375,262,1,下位,0,275,219
209,209,0,440,894,0,2,844,1540,375,262,1,下位,0,569,216
119,119,0,428,909,0,0,0,1053,955,56,5,下位,0,0,0
35,35,0,111,153,1,0,0,0,0,1,0,下位,0,0,0
138,138,0,70,28,1,1,35,0,0,1,0,下位,0,35,214
93,93,0,112,154,1,2,173,0,0,1,0,下位,0,138,89
277,277,0,111,153,1,3,266,0,0,1,0,下位,0,93,215
125,125,0,112,155,1,4,543,0,0,1,0,下位,0,277,214
571,571,0,517,1170,1,5,668,0,0,1,0,下位,0,125,216
121,121,0,112,156,0,0,0,1239,1231,303,5,下位,0,0,0
166,166,0,784,1545,0,1,121,1239,1231,303,5,下位,0,121,217
199,199,0,112,155,0,0,0,287,1606,1691,11,下位,0,0,0
209,209,0,407,811,0,1,199,287,1606,1691,11,下位,0,199,216
77,77,0,108,142,0,0,0,408,872,2160,4,下位,0,0,0
673,673,0,69,26,0,1,77,408,872,2160,4,下位,0,77,203
808,808,0,111,153,0,2,750,408,872,2160,4,下位,0,673,87
192,192,0,794,1779,0,3,1558,408,872,2160,4,下位,0,808,214
452,452,0,68,23,1,0,0,0,0,1,0,下位,0,0,0
808,808,0,112,156,1,1,452,0,0,1,0,下位,0,452,84
72,72,0,200,283,1,2,1260,0,0,1,0,下位,0,808,217
132,132,0,112,154,0,0,0,1332,344,-1372,2,下位,0,0,0
209,209,0,292,603,0,1,132,1332,344,-1372,2,下位,0,132,215
196,196,0,103,127,0,0,0,341,664,-1010,4,下位,0,0,0
270,270,0,68,24,0,1,196,341,664,-1010,4,下位,0,196,188
63,63,0,111,153,0,2,466,341,664,-1010,4,下位,0,270,85
407,407,0,112,154,0,3,529,341,664,-1010,4,下位,0,63,214
73,73,0,380,777,0,4,936,341,664,-1010,4,下位,0,407,215
90,90,0,68,24,0,0,0,1009,838,-999,5,下位,0,0,0
150,150,0,69,26,0,1,90,1009,838,-999,5,下位,0,90,85
332,332,0,65,14,0,2,240,1009,838,-999,5,下位,0,150,87
124,124,0,68,23,0,3,572,1009,838,-999,5,下位,0,332,75
808,808,0,111,152,0,4,696,1009,838,-999,5,下位,0,124,84
399,399,0,557,1092,0,5,1504,1009,838,-999,5,下位,0,808,213
223,223,0,68,22,1,0,0,0,0,1,0,下位,0,0,0
68,68,0,343,708,1,1,223,0,0,1,0,下位,0,223,83
420,420,0,395,730,0,0,0,291,769,412,4,下位,0,0,0
489,489,0,69,25,0,0,0,420,791,567,5,下位,0,0,0
297,297,0,360,683,0,1,489,420,791,567,5,下位,0,489,86
509,509,0,66,18,0,0,0,786,744,206,4,下位,0,0,0
85,85,0,68,22,0,1,509,786,744,206,4,下位,0,509,79
243,243,0,66,18,0,2,594,786,744,206,4,下位,0,85,83
733,733,0,111,152,0,3,837,786,744,206,4,下位,0,243,79
763,763,0,112,156,0,4,1570,786,744,206,4,下位,0,733,213
117,117,0,538,1006,0,5,2333,786,744,206,4,下位,0,763,217
449,449,0,68,22,1,0,0,0,0,1,0,下位,0,0,0
271,271,0,112,154,1,1,449,0,0,1,0,下位,0,449,83
209,209,0,339,716,1,2,720,0,0,1,0,下位,0,271,215
509,509,0,112,154,0,0,0,929,777,-332,4,下位,0,0,0
200,200,0,68,23,0,1,509,929,777,-332,4,下位,0,509,215
92,92,0,112,156,0,2,709,929,777,-332,4,下位,0,200,84
136,136,0,758,1781,0,3,801,929,777,-332,4,下位,0,92,217
145,145,0,112,156,0,0,0,937,1842,607,8,下位,0,0,0
75,75,0,68,24,0,1,145,937,1842,607,8,下位,0,145,217
306,306,0,111,153,0,2,220,937,1842,607,8,下位,0,75,85
114,114,0,112,154,0,3,526,937,1842,607,8,下位,0,306,214
809,809,0,68,22,0,4,640,937,1842,607,8,下位,0,114,215
351,351,0,1750,4125,0,5,1449,937,1842,607,8,下位,0,809,83
217,217,0,113,159,0,0,0,1800,4186,543,26,下位,0,0,0
810,810,0,114,160,0,1,217,1800,4186,543,26,下位,0,217,220
169,169,0,549,1239,0,2,1027,1800,4186,543,26,下位,0,810,221
87,87,0,548,1057,1,0,0,0,0,1,0,下位,0,0,0
509,509,0,5095,12472,0,0,0,87,1118,987,6,下位,0,0,0
430,430,0,111,153,0,0,0,509,12533,1203,66,下位,0,0,0
160,160,0,112,154,0,1,430,509,12533,1203,66,下位,0,430,214
153,153,0,1077,2347,0,2,590,509,12533,1203,66,下位,0,160,215
171,171,0,112,155,0,0,0,743,2408,702,13,下位,0,0,0
121,121,0,178,177,0,1,171,743,2408,702,13,下位,0,171,216
509,509,0,264,510,0,0,0,292,238,714,1,下位,0,0,0
288,288,0,71,32,1,0,0,0,0,1,0,下位,0,0,0
534,534,0,113,159,1,1,288,0,0,1,0,下位,0,288,93
349,349,0,521,1014,1,2,822,0,0,1,0,下位,0,534,220
358,358,0,112,155,0,0,0,1171,1075,-385,7,下位,0,0,0
135,135,0,379,850,0,1,358,1171,1075,-385,7,下位,0,358,216
509,509,0,69,25,0,0,0,493,911,-5,4,下位,0,0,0
303,303,0,111,153,0,1,509,493,911,-5,4,下位,0,509,86
209,209,0,473,902,0,2,812,493,911,-5,4,下位,0,303,214
293,293,0,113,159,0,0,0,1021,963,-289,4,下位,0,0,0
194,194,0,231,449,0,1,293,1021,963,-289,4,下位,0,293,220
356,356,0,68,22,1,0,0,0,0,1,0,下位,0,0,0
305,305,0,111,153,1,1,356,0,0,1,0,下位,0,356,83
58,58,0,110,149,1,2,661,0,0,1,0,下位,0,305,214
808,808,0,111,152,1,3,719,0,0,1,0,下位,0,58,210
299,299,0,69,27,1,4,1527,0,0,1,0,下位,0,808,213
112,112,0,369,658,1,5,1826,0,0,1,0,下位,0,299,88
51,51,0,108,143,0,0,0,1938,719,-1408,4,下位,0,0,0
442,442,0,113,159,0,1,51,1938,719,-1408,4,下位,0,51,204
809,809,0,105,134,0,2,493,1938,719,-1408,4,下位,0,442,220
68,68,0,453,934,0,3,1302,1938,719,-1408,4,下位,0,809,195
359,359,0,111,153,0,0,0,1370,995,-1870,4,下位,0,0,0
179,179,0,113,159,0,1,359,1370,995,-1870,4,下位,0,359,214
329,329,0,71,32,0,2,538,1370,995,-1870,4,下位,0,179,220
267,267,0,70,28,0,3,867,1370,995,-1870,4,下位,0,329,93
209,209,0,111,153,0,4,1134,1370,995,-1870,4,下位,0,267,89
81,81,0,111,153,0,5,1343,1370,995,-1870,4,下位,0,209,214
373,373,0,71,31,0,6,1424,1370,995,-1870,4,下位,0,81,214
485,485,0,112,154,0,7,1797,1370,995,-1870,4,下位,0,373,92
712,712,0,1087,2602,0,8,2282,1370,995,-1870,4,下位,0,485,215
117,117,0,110,150,1,0,0,0,0,1,0,下位,0,0,0
115,115,0,112,156,1,1,117,0,0,1,0,下位,0,117,211
742,742,0,460,873,1,2,232,0,0,1,0,下位,0,115,217
509,509,0,490,1010,0,0,0,974,934,-112,5,下位,0,0,0
50,50,0,562,1153,0,0,0,509,1071,188,5,下位,0,0,0
204,204,0,112,155,0,0,0,50,1214,1326,7,下位,0,0,0
793,793,0,112,156,0,1,204,50,1214,1326,7,下位,0,204,216
507,507,0,111,153,0,2,997,50,1214,1326,7,下位,0,793,217
416,416,0,113,159,0,3,1504,50,1214,1326,7,下位,0,507,214
209,209,0,69,26,0,4,1920,50,1214,1326,7,下位,0,416,220
45,45,0,112,155,0,5,2129,50,1214,1326,7,下位,0,209,87
113,113,0,112,154,0,6,2174,50,1214,1326,7,下位,0,45,216
76,76,0,439,899,0,7,2287,50,1214,1326,7,下位,0,113,215
209,209,0,147,232,0,0,0,2363,960,91,5,下位,0,0,0
402,402,0,68,24,0,0,0,209,293,67,1,下位,0,0,0
199,199,0,113,158,0,1,402,209,293,67,1,下位,0,402,85
95,95,0,112,156,0,2,601,209,293,67,1,下位,0,199,219
209,209,0,463,1048,0,3,696,209,293,67,1,下位,0,95,217
52,52,0,145,239,1,0,0,0,0,1,0,下位,0,0,0
215,215,0,110,150,0,0,0,52,300,222,1,下位,0,0,0
393,393,0,70,29,0,1,215,52,300,222,1,下位,0,215,211
702,702,0,439,893,0,2,608,52,300,222,1,下位,0,393,90
262,262,0,111,153,0,0,0,1310,954,-508,5,下位,0,0,0
209,209,0,112,155,0,1,262,1310,954,-508,5,下位,0,262,214
513,513,0,68,24,0,2,471,1310,954,-508,5,下位,0,209,216
72,72,0,112,156,0,3,984,1310,954,-508,5,下位,0,513,85
209,209,0,244,317,0,4,1056,1310,954,-508,5,下位,0,72,217
241,241,0,68,22,0,0,0,1265,378,-1315,3,下位,0,0,0
355,355,0,111,152,0,1,241,1265,378,-1315,3,下位,0,241,83
122,122,0,110,149,0,2,596,1265,378,-1315,3,下位,0,355,213
712,712,0,111,152,0,3,718,1265,378,-1315,3,下位,0,122,210
352,352,0,319,550,0,4,1430,1265,378,-1315,3,下位,0,712,213
333,333,0,68,24,1,0,0,0,0,1,0,下位,0,0,0
477,477,0,65,15,1,1,333,0,0,1,0,下位,0,333,85
597,597,0,113,159,1,2,810,0,0,1,0,下位,0,477,76
95,95,0,114,161,1,3,1407,0,0,1,0,下位,0,597,220
808,808,0,113,158,1,4,1502,0,0,1,0,下位,0,95,222
428,428,0,1042,2427,1,5,2310,0,0,1,0,下位,0,808,219
459,459,0,269,552,0,0,0,2738,2488,-838,14,下位,0,0,0
509,509,0,338,719,0,0,0,459,613,-920,2,下位,0,0,0
509,509,0,111,152,0,0,0,509,780,-911,4,下位,0,0,0
272,272,0,68,23,0,1,509,509,780,-911,4,下位,0,509,213
548,548,0,111,152,0,2,781,509,780,-911,4,下位,0,272,84
168,168,0,113,157,0,3,1329,509,780,-911,4,下位,0,548,213
393,393,0,112,155,0,4,1497,509,780,-911,4,下位,0,168,218
69,69,0,812,1827,0,5,1890,509,780,-911,4,下位,0,393,216
333,333,0,373,667,1,0,0,0,0,1,0,下位,0,0,0
229,229,0,381,629,0,0,0,333,728,224,4,下位,0,0,0
324,324,0,111,153,0,0,0,229,690,567,4,下位,0,0,0
53,53,0,68,24,0,1,324,229,690,567,4,下位,0,324,214
149,149,0,110,149,0,2,377,229,690,567,4,下位,0,53,85
209,209,0,107,141,0,3,526,229,690,567,4,下位,0,149,210
242,242,0,542,1155,0,4,735,229,690,567,4,下位,0,209,202
383,383,0,111,152,0,0,0,977,1216,1013,7,下位,0,0,0
727,727,0,112,156,0,1,383,977,1216,1013,7,下位,0,383,213
119,119,0,69,26,0,2,1110,977,1216,1013,7,下位,0,727,217
208,208,0,590,1318,0,3,1229,977,1216,1013,7,下位,0,119,87
324,324,0,191,370,0,0,0,1437,1379,732,7,下位,0,0,0
144,144,0,69,25,0,0,0,324,431,672,1,下位,0,0,0
56,56,0,150,224,0,1,144,324,431,672,1,下位,0,144,86
152,152,0,68,22,1,0,0,0,0,1,0,下位,0,0,0
156,156,0,111,152,1,1,152,0,0,1,0,下位,0,152,83
710,710,0,191,291,1,2,308,0,0,1,0,下位,0,156,213
509,509,0,114,160,0,0,0,1018,352,-893,2,下位,0,0,0
332,332,0,111,152,0,1,509,1018,352,-893,2,下位,0,509,221
90,90,0,68,23,0,2,841,1018,352,-893,2,下位,0,332,213
104,104,0,68,24,0,3,931,1018,352,-893,2,下位,0,90,84
371,371,0,69,25,0,4,1035,1018,352,-893,2,下位,0,104,85
530,530,0,113,159,0,5,1406,1018,352,-893,2,下位,0,371,86
372,372,0,111,153,0,6,1936,1018,352,-893,2,下位,0,530,220
126,126,0,267,446,0,7,2308,1018,352,-893,2,下位,0,372,214
51,51,0,112,155,0,0,0,2434,507,-2951,4,下位,0,0,0
116,116,0,71,31,0,1,51,2434,507,-2951,4,下位,0,51,216
242,242,0,70,30,0,2,167,2434,507,-2951,4,下位,0,116,92
187,187,0,112,156,0,3,409,2434,507,-2951,4,下位,0,242,91
79,79,0,453,792,0,4,596,2434,507,-2951,4,下位,0,187,217
92,92,0,253,395,1,0,0,0,0,1,0,下位,0,0,0
99,99,0,111,153,0,0,0,92,456,318,2,下位,0,0,0
418,418,0,113,157,0,1,99,92,456,318,2,下位,0,99,214
259,259,0,112,154,0,2,517,92,456,318,2,下位,0,418,218
112,112,0,111,153,0,3,776,92,456,318,2,下位,0,259,215
153,153,0,111,153,0,4,888,92,456,318,2,下位,0,112,214
96,96,0,668,1522,0,5,1041,92,456,318,2,下位,0,153,214
105,105,0,111,153,0,0,0,1137,1583,1254,8,下位,0,0,0
251,251,0,68,23,0,1,105,1137,1583,1254,8,下位,0,105,214
330,330,0,68,22,0,2,356,1137,1583,1254,8,下位,0,251,84
222,222,0,112,156,0,3,686,1137,1583,1254,8,下位,0,330,83
82,82,0,66,16,0,4,908,1137,1583,1254,8,下位,0,222,217
560,560,0,68,22,0,5,990,1137,1583,1254,8,下位,0,82,77
377,377,0,111,152,0,6,1550,1137,1583,1254,8,下位,0,560,83
451,451,0,66,17,0,7,1927,1137,1583,1254,8,下位,0,377,213
316,316,0,484,1014,0,8,2378,1137,1583,1254,8,下位,0,451,78
135,135,0,68,23,0,0,0,2694,1075,-702,5,下位,0,0,0
471,471,0,274,505,0,1,135,2694,1075,-702,5,下位,0,135,84
341,341,0,751,1575,0,0,0,606,566,-971,3,下位,0,0,0
306,306,0,114,162,1,0,0,0,0,1,0,下位,0,0,0
49,49,0,418,763,1,1,306,0,0,1,0,下位,0,306,223
510,510,0,112,154,0,0,0,355,824,510,4,下位,0,0,0
98,98,0,68,23,0,1,510,355,824,510,4,下位,0,510,215
84,84,0,68,24,0,2,608,355,824,510,4,下位,0,98,84
79,79,0,113,159,0,3,692,355,824,510,4,下位,0,84,85
312,312,0,110,150,0,4,771,355,824,510,4,下位,0,79,220
105,105,0,765,1506,0,5,1083,355,824,510,4,下位,0,312,211
105,105,0,353,633,0,0,0,1188,1567,1092,9,下位,0,0,0
333,333,0,112,154,0,0,0,105,694,1627,5,下位,0,0,0
87,87,0,69,26,0,1,333,105,694,1627,5,下位,0,333,215
72,72,0,111,152,0,2,420,105,694,1627,5,下位,0,87,87
535,535,0,113,157,0,3,492,105,694,1627,5,下位,0,72,213
92,92,0,114,162,0,4,1027,105,694,1627,5,下位,0,535,218
232,232,0,68,23,0,5,1119,105,694,1627,5,下位,0,92,223
135,135,0,111,152,0,6,1351,105,694,1627,5,下位,0,232,84
87,87,0,3617,8784,0,7,1486,105,694,1627,5,下位,0,135,213
402,402,0,112,156,0,0,0,1573,8845,209,46,下位,0,0,0
214,214,0,68,24,0,1,402,1573,8845,209,46,下位,0,402,217
637,637,0,112,155,0,2,616,1573,8845,209,46,下位,0,214,85
301,301,0,112,154,0,3,1253,1573,8845,209,46,下位,0,637,216
174,174,0,283,472,0,4,1554,1573,8845,209,46,下位,0,301,215
500,500,0,108,144,1,0,0,0,0,1,0,下位,0,0,0
103,103,0,113,157,1,1,500,0,0,1,0,下位,0,500,205
331,331,0,112,154,1,2,603,0,0,1,0,下位,0,103,218
175,175,0,69,26,1,3,934,0,0,1,0,下位,0,331,215
493,493,0,112,155,1,4,1109,0,0,1,0,下位,0,175,87
209,209,0,112,154,1,5,1602,0,0,1,0,下位,0,493,216
436,436,0,69,25,1,6,1811,0,0,1,0,下位,0,209,215
324,324,0,112,154,1,7,2247,0,0,1,0,下位,0,436,86
159,159,0,112,154,1,8,2571,0,0,1,0,下位,0,324,215
317,317,0,1210,2373,1,9,2730,0,0,1,0,下位,0,159,215
298,298,0,179,303,0,0,0,3047,2434,-511,15,下位,0,0,0
500,500,0,111,152,1,0,0,0,0,1,0,下位,0,0,0
330,330,0,767,1761,1,1,500,0,0,1,0,下位,0,500,213
509,509,0,113,159,0,0,0,830,1822,778,11,下位,0,0,0
190,190,0,112,155,0,1,509,830,1822,778,11,下位,0,509,220
754,754,0,191,352,0,2,699,830,1822,778,11,下位,0,190,216
279,279,0,68,22,0,0,0,1453,413,-574,1,下位,0,0,0
103,103,0,111,153,0,1,279,1453,413,-574,1,下位,0,279,83
809,809,0,70,30,0,2,382,1453,413,-574,1,下位,0,103,214
125,125,0,114,160,0,3,1191,1453,413,-574,1,下位,0,809,91
424,424,0,603,1301,0,4,1316,1453,413,-574,1,下位,0,125,221
17,17,0,536,1056,1,0,0,0,0,1,0,下位,0,0,0
219,219,0,112,155,0,0,0,17,1117,1092,6,下位,0,0,0
88,88,0,68,23,0,1,219,17,1117,1092,6,下位,0,219,216
623,623,0,112,154,0,2,307,17,1117,1092,6,下位,0,88,84
132,132,0,68,23,0,3,930,17,1117,1092,6,下位,0,623,215
672,672,0,113,159,0,4,1062,17,1117,1092,6,下位,0,132,84
133,133,0,112,156,0,5,1734,17,1117,1092,6,下位,0,672,220
89,89,0,231,424,0,6,1867,17,1117,1092,6,下位,0,133,217
509,509,0,112,154,0,0,0,1956,485,-351,2,下位,0,0,0
145,145,0,111,153,0,1,509,1956,485,-351,2,下位,0,509,215
136,136,0,68,22,0,2,654,1956,485,-351,2,下位,0,145,214
85,85,0,68,22,0,3,790,1956,485,-351,2,下位,0,136,83
145,145,0,112,155,0,4,875,1956,485,-351,2,下位,0,85,83
169,169,0,112,156,0,5,1020,1956,485,-351,2,下位,0,145,216
372,372,0,68,23,0,6,1189,1956,485,-351,2,下位,0,169,217
286,286,0,68,22,0,7,1561,1956,485,-351,2,下位,0,372,84
140,140,0,1260,2834,0,8,1847,1956,485,-351,2,下位,0,286,83
170,170,0,105,135,1,0,0,0,0,1,0,下位,0,0,0
401,401,0,112,155,1,1,170,0,0,1,0,下位,0,170,196
704,704,0,112,155,1,2,571,0,0,1,0,下位,0,401,216
327,327,0,113,158,1,3,1275,0,0,1,0,下位,0,704,216
165,165,0,113,159,1,4,1602,0,0,1,0,下位,0,327,219
67,67,0,112,154,1,5,1767,0,0,1,0,下位,0,165,220
259,259,0,111,153,1,6,1834,0,0,1,0,下位,0,67,215
136,136,0,759,1653,1,7,2093,0,0,1,0,下位,0,259,214
162,162,0,71,32,0,0,0,2229,1714,-167,10,下位,0,0,0
334,334,0,68,24,0,1,162,2229,1714,-167,10,下位,0,162,93
275,275,0,111,153,0,2,496,2229,1714,-167,10,下位,0,334,85
254,254,0,1080,2282,0,3,771,2229,1714,-167,10,下位,0,275,214
37,37,0,233,430,1,0,0,0,0,1,0,下位,0,0,0
90,90,0,112,155,0,0,0,37,491,436,2,下位,0,0,0
128,128,0,111,152,0,1,90,37,491,436,2,下位,0,90,216
443,443,0,112,155,0,2,218,37,491,436,2,下位,0,128,213
438,438,0,111,153,0,3,661,37,491,436,2,下位,0,443,216
552,552,0,68,22,0,4,1099,37,491,436,2,下位,0,438,214
152,152,0,643,1236,0,5,1651,37,491,436,2,下位,0,552,83
175,175,0,113,159,0,0,0,1803,1297,-56,7,下位,0,0,0
233,233,0,68,22,0,1,175,1803,1297,-56,7,下位,0,175,220
294,294,0,69,25,0,2,408,1803,1297,-56,7,下位,0,233,83
121,121,0,69,27,0,3,702,1803,1297,-56,7,下位,0,294,86
465,465,0,111,153,0,4,823,1803,1297,-56,7,下位,0,121,88
96,96,0,1044,2299,0,5,1288,1803,1297,-56,7,下位,0,465,214
52,52,0,114,161,0,0,0,1384,2360,899,14,下位,0,0,0
176,176,0,112,154,0,1,52,1384,2360,899,14,下位,0,52,222
147,147,0,340,717,0,2,228,1384,2360,899,14,下位,0,176,215
509,509,0,112,155,0,0,0,375,778,1545,4,下位,0,0,0
197,197,0,665,1344,0,1,509,375,778,1545,4,下位,0,509,216
168,168,0,151,234,0,0,0,706,1405,2097,8,下位,0,0,0
134,134,0,69,25,0,0,0,168,295,2137,1,下位,0,0,0
771,771,0,109,145,0,1,134,168,295,2137,1,下位,0,134,86
534,534,0,112,154,0,2,905,168,295,2137,1,下位,0,771,206
63,63,0,591,1184,0,3,1439,168,295,2137,1,下位,0,534,215
504,504,0,112,155,1,0,0,0,0,1,0,下位,0,0,0
182,182,0,677,1508,1,1,504,0,0,1,0,下位,0,504,216
301,301,0,111,152,0,0,0,686,1569,746,8,下位,0,0,0
666,666,0,112,154,0,1,301,686,1569,746,8,下位,0,301,213
250,250,0,68,23,0,2,967,686,1569,746,8,下位,0,666,215
171,171,0,112,154,0,3,1217,686,1569,746,8,下位,0,250,84
303,303,0,431,987,0,4,1388,686,1569,746,8,下位,0,171,215
153,153,0,2606,5884,1,0,0,0,0,1,0,下位,0,0,0
79,79,0,69,25,0,0,0,153,5945,1097,34,下位,0,0,0
106,106,0,111,153,0,1,79,153,5945,1097,34,下位,0,79,86
99,99,0,481,1025,0,2,185,153,5945,1097,34,下位,0,106,214
76,76,0,112,155,0,0,0,284,1086,2052,5,下位,0,0,0
808,808,0,561,1045,0,1,76,284,1086,2052,5,下位,0,76,216
313,313,0,111,152,0,0,0,884,1106,2035,6,下位,0,0,0
350,350,0,112,156,0,1,313,884,1106,2035,6,下位,0,313,213
105,105,0,113,157,0,2,663,884,1106,2035,6,下位,0,350,217
808,808,0,70,29,0,3,768,884,1106,2035,6,下位,0,105,218
310,310,0,875,2010,0,4,1576,884,1106,2035,6,下位,0,808,90
500,500,0,108,142,1,0,0,0,0,1,0,下位,0,0,0
197,197,0,283,554,1,1,500,0,0,1,0,下位,0,500,203
93,93,0,114,160,0,0,0,697,615,-237,2,下位,0,0,0
210,210,0,68,23,0,1,93,697,615,-237,2,下位,0,93,221
488,488,0,112,154,0,2,303,697,615,-237,2,下位,0,210,84
122,122,0,111,152,0,3,791,697,615,-237,2,下位,0,488,215
105,105,0,69,25,0,4,913,697,615,-237,2,下位,0,122,213
412,412,0,112,155,0,5,1018,697,615,-237,2,下位,0,105,86
227,227,0,581,1186,0,6,1430,697,615,-237,2,下位,0,412,216
509,509,0,68,22,0,0,0,1657,1247,-465,6,下位,0,0,0
218,218,0,112,156,0,1,509,1657,1247,-465,6,下位,0,509,83
167,167,0,111,152,0,2,727,1657,1247,-465,6,下位,0,218,217
131,131,0,401,815,0,3,894,1657,1247,-465,6,下位,0,167,213
134,134,0,112,155,0,0,0,1025,876,-628,4,下位,0,0,0
101,101,0,71,31,0,1,134,1025,876,-628,4,下位,0,134,216
565,565,0,112,155,0,2,235,1025,876,-628,4,下位,0,101,92
175,175,0,68,22,0,3,800,1025,876,-628,4,下位,0,565,216
131,131,0,2780,6241,0,4,975,1025,876,-628,4,下位,0,175,83
77,77,0,68,23,0,0,0,1106,6302,2291,37,下位,0,0,0
415,415,0,69,26,0,1,77,1106,6302,2291,37,下位,0,77,84
802,802,0,68,23,0,2,492,1106,6302,2291,37,下位,0,415,87
63,63,0,71,31,0,3,1294,1106,6302,2291,37,下位,0,802,84
209,209,0,928,2112,0,4,1357,1106,6302,2291,37,下位,0,63,92
102,102,0,112,156,1,0,0,0,0,1,0,下位,0,0,0
118,118,0,113,157,1,1,102,0,0,1,0,下位,0,102,217
169,169,0,69,26,1,2,220,0,0,1,0,下位,0,118,218
131,131,0,69,26,1,3,389,0,0,1,0,下位,0,169,87
112,112,0,1021,2119,1,4,520,0,0,1,0,下位,0,131,87
196,196,0,69,26,0,0,0,632,2180,1832,14,下位,0,0,0
217,217,0,69,27,0,1,196,632,2180,1832,14,下位,0,196,87
551,551,0,112,156,0,2,413,632,2180,1832,14,下位,0,217,88
253,253,0,68,24,0,3,964,632,2180,1832,14,下位,0,551,217
45,45,0,396,828,0,4,1217,632,2180,1832,14,下位,0,253,85
460,460,0,613,1277,0,0,0,1262,889,1286,4,下位,0,0,0
99,99,0,501,1188,0,0,0,460,1338,1927,7,下位,0,0,0
90,90,0,112,156,1,0,0,0,0,1,0,下位,0,0,0
82,82,0,150,224,1,1,90,0,0,1,0,下位,0,90,217
108,108,0,502,1077,0,0,0,172,285,243,1,下位,0,0,0
82,82,0,231,435,0,0,0,108,1138,1217,6,下位,0,0,0
179,179,0,111,153,0,0,0,82,496,1589,2,下位,0,0,0
70,70,0,112,155,0,1,179,82,496,1589,2,下位,0,179,214
626,626,0,112,154,0,2,249,82,496,1589,2,下位,0,70,216
138,138,0,475,763,0,3,875,82,496,1589,2,下位,0,626,215
154,154,0,69,26,0,0,0,1013,824,1524,6,下位,0,0,0
216,216,0,112,154,0,1,154,1013,824,1524,6,下位,0,154,87
424,424,0,68,22,0,2,370,1013,824,1524,6,下位,0,216,215
245,245,0,112,156,0,3,794,1013,824,1524,6,下位,0,424,83
201,201,0,114,160,0,4,1039,1013,824,1524,6,下位,0,245,217
151,151,0,112,154,0,5,1240,1013,824,1524,6,下位,0,201,221
82,82,0,111,152,0,6,1391,1013,824,1524,6,下位,0,151,215
561,561,0,112,154,0,7,1473,1013,824,1524,6,下位,0,82,213
156,156,0,443,748,0,8,2034,1013,824,1524,6,下位,0,561,215
207,207,0,112,154,1,0,0,0,0,1,0,下位,0,0,0
105,105,0,111,153,1,1,207,0,0,1,0,下位,0,207,215
762,762,0,68,22,1,2,312,0,0,1,0,下位,0,105,214
141,141,0,113,157,1,3,1074,0,0,1,0,下位,0,762,83
245,245,0,112,156,1,4,1215,0,0,1,0,下位,0,141,218
722,722,0,111,152,1,5,1460,0,0,1,0,下位,0,245,217
132,132,0,906,1734,1,6,2182,0,0,1,0,下位,0,722,213
149,149,0,323,619,0,0,0,2314,1795,-551,11,下位,0,0,0
509,509,0,111,153,0,0,0,149,680,-97,3,下位,0,0,0
87,87,0,112,155,0,1,509,149,680,-97,3,下位,0,509,214
545,545,0,875,1808,0,2,596,149,680,-97,3,下位,0,87,216
382,382,0,112,156,0,0,0,1141,1869,473,11,下位,0,0,0
721,721,0,111,152,0,1,382,1141,1869,473,11,下位,0,382,217
210,210,0,546,1119,0,2,1103,1141,1869,473,11,下位,0,721,213
145,145,0,111,152,0,0,0,1313,1180,94,5,下位,0,0,0
299,299,0,111,153,0,1,145,1313,1180,94,5,下位,0,145,213
276,276,0,550,1059,0,2,444,1313,1180,94,5,下位,0,299,214
49,49,0,655,1339,1,0,0,0,0,1,0,下位,0,0,0
81,81,0,151,220,0,0,0,49,1400,1327,8,下位,0,0,0
209,209,0,114,162,0,0,0,81,281,1485,1,下位,0,0,0
432,432,0,113,158,0,1,209,81,281,1485,1,下位,0,209,223
224,224,0,112,154,0,2,641,81,281,1485,1,下位,0,432,219
800,800,0,420,850,0,3,865,81,281,1485,1,下位,0,224,215
376,376,0,113,158,0,0,0,1665,911,530,6,下位,0,0,0
251,251,0,111,153,0,1,376,1665,911,530,6,下位,0,376,219
808,808,0,68,24,0,2,627,1665,911,530,6,下位,0,251,214
134,134,0,112,154,0,3,1435,1665,911,530,6,下位,0,808,85
104,104,0,68,24,0,4,1569,1665,911,530,6,下位,0,134,215
139,139,0,315,570,0,5,1673,1665,911,530,6,下位,0,104,85
227,227,0,111,152,1,0,0,0,0,1,0,下位,0,0,0
178,178,0,452,872,1,1,227,0,0,1,0,下位,0,227,213
282,282,0,68,22,0,0,0,405,933,533,5,下位,0,0,0
752,752,0,112,155,0,1,282,405,933,533,5,下位,0,282,83
84,84,0,112,154,0,2,1034,405,933,533,5,下位,0,752,216
79,79,0,67,19,0,3,1118,405,933,533,5,下位,0,84,215
125,125,0,69,26,0,4,1197,405,933,533,5,下位,0,79,80
55,55,0,112,154,0,5,1322,405,933,533,5,下位,0,125,87
198,198,0,68,24,0,6,1377,405,933,533,5,下位,0,55,215
81,81,0,386,801,0,7,1575,405,933,533,5,下位,0,198,85
513,513,0,620,1150,0,0,0,1656,862,-132,4,下位,0,0,0
260,260,0,311,506,1,0,0,0,0,1,0,下位,0,0,0
509,509,0,68,23,0,0,0,260,567,174,5,下位,0,0,0
133,133,0,68,22,0,1,509,260,567,174,5,下位,0,509,84
444,444,0,68,23,0,2,642,260,567,174,5,下位,0,133,83
449,449,0,327,551,0,3,1086,260,567,174,5,下位,0,444,84
252,252,0,112,156,0,0,0,1535,612,-1289,4,下位,0,0,0
452,452,0,112,154,0,1,252,1535,612,-1289,4,下位,0,252,217
283,283,0,112,154,0,2,704,1535,612,-1289,4,下位,0,452,215
808,808,0,1447,3378,0,3,987,1535,612,-1289,4,下位,0,283,215
509,509,0,68,22,0,0,0,1795,3439,77,16,下位,0,0,0
699,699,0,70,28,0,1,509,1795,3439,77,16,下位,0,509,83
472,472,0,112,154,0,2,1208,1795,3439,77,16,下位,0,699,89
295,295,0,66,16,0,3,1680,1795,3439,77,16,下位,0,472,215
249,249,0,344,692,0,4,1975,1795,3439,77,16,下位,0,295,77
127,127,0,323,616,1,0,0,0,0,1,0,下位,0,0,0
97,97,0,112,154,0,0,0,127,677,486,3,下位,0,0,0
229,229,0,112,154,0,1,97,127,677,486,3,下位,0,97,215
232,232,0,68,23,0,2,326,127,677,486,3,下位,0,229,215
445,445,0,112,156,0,3,558,127,677,486,3,下位,0,232,84
417,417,0,114,160,0,4,1003,127,677,486,3,下位,0,445,217
135,135,0,112,155,0,5,1420,127,677,486,3,下位,0,417,221
65,65,0,382,838,0,6,1555,127,677,486,3,下位,0,135,216
221,221,0,111,153,1,0,0,0,0,1,0,下位,0,0,0
579,579,0,69,25,1,1,221,0,0,1,0,下位,0,221,214
560,560,0,659,1538,1,2,800,0,0,1,0,下位,0,579,86
37,37,0,68,23,1,0,0,0,0,1,0,下位,0,0,0
269,269,0,113,159,1,1,37,0,0,1,0,下位,0,37,84
162,162,0,177,164,1,2,306,0,0,1,0,下位,0,269,220
490,490,0,69,25,0,0,0,468,225,-179,1,下位,0,0,0
232,232,0,114,162,0,1,490,468,225,-179,1,下位,0,490,86
100,100,0,114,161,0,2,722,468,225,-179,1,下位,0,232,223
302,302,0,69,25,0,3,822,468,225,-179,1,下位,0,100,222
221,221,0,107,141,0,4,1124,468,225,-179,1,下位,0,302,86
622,622,0,70,28,0,5,1345,468,225,-179,1,下位,0,221,202
356,356,0,112,155,0,6,1967,468,225,-179,1,下位,0,622,89
193,193,0,111,152,0,7,2323,468,225,-179,1,下位,0,356,216
147,147,0,542,1183,0,8,2516,468,225,-179,1,下位,0,193,213
363,363,0,69,26,0,0,0,2663,1244,-1633,7,下位,0,0,0
154,154,0,113,158,0,1,363,2663,1244,-1633,7,下位,0,363,87
205,205,0,1275,2972,0,2,517,2663,1244,-1633,7,下位,0,154,219
74,74,0,263,441,1,0,0,0,0,1,0,下位,0,0,0
509,509,0,114,161,0,0,0,74,502,391,4,下位,0,0,0
294,294,0,111,152,0,1,509,74,502,391,4,下位,0,509,222
67,67,0,70,30,0,2,803,74,502,391,4,下位,0,294,213
125,125,0,68,23,0,3,870,74,502,391,4,下位,0,67,91
597,597,0,68,23,0,4,995,74,502,391,4,下位,0,125,84
291,291,0,69,25,0,5,1592,74,502,391,4,下位,0,597,84
615,615,0,69,26,0,6,1883,74,502,391,4,下位,0,291,86
209,209,0,270,498,0,7,2498,74,502,391,4,下位,0,615,87
510,510,0,727,1557,0,0,0,2707,559,-2285,3,下位,0,0,0
397,397,0,112,155,0,0,0,510,1618,-1440,9,下位,0,0,0
809,809,0,69,26,0,1,397,510,1618,-1440,9,下位,0,397,216
243,243,0,113,157,0,2,1206,510,1618,-1440,9,下位,0,809,87
245,245,0,114,160,0,3,1449,510,1618,-1440,9,下位,0,243,218
165,165,0,68,23,0,4,1694,510,1618,-1440,9,下位,0,245,221
67,67,0,114,162,0,5,1859,510,1618,-1440,9,下位,0,165,84
252,252,0,112,154,0,6,1926,510,1618,-1440,9,下位,0,67,223
141,141,0,411,731,0,7,2178,510,1618,-1440,9,下位,0,252,215
465,465,0,111,153,1,0,0,0,0,1,0,下位,0,0,0
424,424,0,69,26,1,1,465,0,0,1,0,下位,0,465,214
127,127,0,111,152,1,2,889,0,0,1,0,下位,0,424,87
162,162,0,69,25,1,3,1016,0,0,1,0,下位,0,127,213
290,290,0,68,24,1,4,1178,0,0,1,0,下位,0,162,86
419,419,0,112,156,1,5,1468,0,0,1,0,下位,0,290,85
642,642,0,112,155,1,6,1887,0,0,1,0,下位,0,419,217
346,346,0,112,156,1,7,2529,0,0,1,0,下位,0,642,216
398,398,0,176,313,1,8,2875,0,0,1,0,下位,0,346,217
106,106,0,114,161,0,0,0,3273,374,-3248,2,下位,0,0,0
259,259,0,309,444,0,1,106,3273,374,-3248,2,下位,0,106,222
220,220,0,112,155,1,0,0,0,0,1,0,下位,0,0,0
539,539,0,70,30,1,1,220,0,0,1,0,下位,0,220,216
809,809,0,68,23,1,2,759,0,0,1,0,下位,0,539,91
574,574,0,111,153,1,3,1568,0,0,1,0,下位,0,809,84
327,327,0,605,1299,1,4,2142,0,0,1,0,下位,0,574,214
224,224,0,112,154,0,0,0,2469,1360,-1775,7,下位,0,0,0
198,198,0,2540,5811,0,1,224,2469,1360,-1775,7,下位,0,224,215
243,243,0,68,24,0,0,0,422,5872,1366,34,下位,0,0,0
498,498,0,68,22,0,1,243,422,5872,1366,34,下位,0,243,85
103,103,0,68,24,0,2,741,422,5872,1366,34,下位,0,498,83
471,471,0,69,26,0,3,844,422,5872,1366,34,下位,0,103,85
281,281,0,111,152,0,4,1315,422,5872,1366,34,下位,0,471,87
141,141,0,408,758,0,5,1596,422,5872,1366,34,下位,0,281,213
276,276,0,1814,3624,1,0,0,0,0,1,0,下位,0,0,0
510,510,0,113,158,0,0,0,276,3685,865,21,下位,0,0,0
71,71,0,111,151,0,1,510,276,3685,865,21,下位,0,510,219
47,47,0,618,1382,0,2,581,276,3685,865,21,下位,0,71,212
248,248,0,193,358,1,0,0,0,0,1,0,下位,0,0,0
356,356,0,112,154,1,0,0,0,0,1,0,下位,0,0,0
587,587,0,112,154,1,1,356,0,0,1,0,下位,0,356,215
81,81,0,68,23,1,2,943,0,0,1,0,下位,0,587,215
352,352,0,498,987,1,3,1024,0,0,1,0,下位,0,81,84
509,509,0,516,1101,0,0,0,1376,1048,-521,5,下位,0,0,0
219,219,0,68,24,0,0,0,509,1162,-130,6,下位,0,0,0
544,544,0,111,153,0,1,219,509,1162,-130,6,下位,0,219,85
293,293,0,68,23,0,2,763,509,1162,-130,6,下位,0,544,214
147,147,0,69,25,0,3,1056,509,1162,-130,6,下位,0,293,84
705,705,0,113,157,0,4,1203,509,1162,-130,6,下位,0,147,86
103,103,0,665,1352,0,5,1908,509,1162,-130,6,下位,0,705,218
499,499,0,113,158,0,0,0,2011,1413,-1077,7,下位,0,0,0
110,110,0,111,152,0,1,499,2011,1413,-1077,7,下位,0,499,219
181,181,0,113,157,0,2,609,2011,1413,-1077,7,下位,0,110,213
171,171,0,111,153,0,3,790,2011,1413,-1077,7,下位,0,181,218
102,102,0,112,156,0,4,961,2011,1413,-1077,7,下位,0,171,214
147,147,0,113,159,0,5,1063,2011,1413,-1077,7,下位,0,102,217
808,808,0,113,159,0,6,1210,2011,1413,-1077,7,下位,0,147,220
115,115,0,145,228,0,7,2018,2011,1413,-1077,7,下位,0,808,220
500,500,0,69,26,1,0,0,0,0,1,0,下位,0,0,0
808,808,0,202,329,1,1,500,0,0,1,0,下位,0,500,87
286,286,0,267,495,0,0,0,1308,390,-1504,1,下位,0,0,0
212,212,0,231,418,1,0,0,0,0,1,0,下位,0,0,0
59,59,0,66,16,0,0,0,212,479,159,2,下位,0,0,0
630,630,0,664,1313,0,1,59,212,479,159,2,下位,0,59,77
509,509,0,111,153,0,0,0,689,1374,566,8,下位,0,0,0
258,258,0,359,669,0,1,509,689,1374,566,8,下位,0,509,214
225,225,0,112,154,0,0,0,767,730,348,4,下位,0,0,0
83,83,0,111,152,0,1,225,767,730,348,4,下位,0,225,215
507,507,0,110,148,0,2,308,767,730,348,4,下位,0,83,213
196,196,0,114,162,0,3,815,767,730,348,4,下位,0,507,209
101,101,0,287,577,0,4,1011,767,730,348,4,下位,0,196,223
160,160,0,114,160,0,0,0,1112,638,161,4,下位,0,0,0
191,191,0,111,152,0,1,160,1112,638,161,4,下位,0,160,221
377,377,0,111,152,0,2,351,1112,638,161,4,下位,0,191,213
253,253,0,114,161,0,3,728,1112,638,161,4,下位,0,377,213
144,144,0,70,28,0,4,981,1112,638,161,4,下位,0,253,222
255,255,0,1592,3632,0,5,1125,1112,638,161,4,下位,0,144,89
98,98,0,591,1122,1,0,0,0,0,1,0,下位,0,0,0
204,204,0,68,22,0,0,0,98,1183,1036,7,下位,0,0,0
62,62,0,110,148,0,1,204,98,1183,1036,7,下位,0,204,83
239,239,0,111,153,0,2,266,98,1183,1036,7,下位,0,62,209
102,102,0,594,1324,0,3,505,98,1183,1036,7,下位,0,239,214
323,323,0,69,27,0,0,0,607,1385,2007,7,下位,0,0,0
257,257,0,447,746,0,1,323,607,1385,2007,7,下位,0,323,88
353,353,0,70,29,0,0,0,580,807,2024,4,下位,0,0,0
146,146,0,111,153,0,1,353,580,807,2024,4,下位,0,353,90
262,262,0,112,155,0,2,499,580,807,2024,4,下位,0,146,214
135,135,0,113,158,0,3,761,580,807,2024,4,下位,0,262,216
209,209,0,1063,2384,0,4,896,580,807,2024,4,下位,0,135,219
135,135,0,112,156,0,0,0,1105,2445,1230,13,下位,0,0,0
799,799,0,68,24,0,1,135,1105,2445,1230,13,下位,0,135,217
48,48,0,112,155,0,2,934,1105,2445,1230,13,下位,0,799,85
122,122,0,111,153,0,3,982,1105,2445,1230,13,下位,0,48,216
155,155,0,111,152,0,4,1104,1105,2445,1230,13,下位,0,122,214
185,185,0,355,770,0,5,1259,1105,2445,1230,13,下位,0,155,213
189,189,0,68,22,0,0,0,1444,831,817,3,下位,0,0,0
108,108,0,206,340,0,1,189,1444,831,817,3,下位,0,189,83
509,509,0,70,28,0,0,0,297,401,851,1,下位,0,0,0
331,331,0,355,763,0,1,509,297,401,851,1,下位,0,509,89
159,159,0,111,153,1,0,0,0,0,1,0,下位,0,0,0
110,110,0,113,158,1,1,159,0,0,1,0,下位,0,159,214
412,412,0,114,160,1,2,269,0,0,1,0,下位,0,110,219
115,115,0,112,154,1,3,681,0,0,1,0,下位,0,412,221
314,314,0,111,152,1,4,796,0,0,1,0,下位,0,115,215
123,123,0,527,1071,1,5,1110,0,0,1,0,下位,0,314,213
290,290,0,69,26,1,0,0,0,0,1,0,下位,0,0,0
415,415,0,68,22,1,1,290,0,0,1,0,下位,0,290,87
211,211,0,66,18,1,2,705,0,0,1,0,下位,0,415,83
808,808,0,111,152,1,3,916,0,0,1,0,下位,0,211,79
102,102,0,68,22,1,4,1724,0,0,1,0,下位,0,808,213
333,333,0,68,23,1,5,1826,0,0,1,0,下位,0,102,83
170,170,0,111,152,1,6,2159,0,0,1,0,下位,0,333,84
119,119,0,70,29,1,7,2329,0,0,1,0,下位,0,170,213
99,99,0,543,1077,1,8,2448,0,0,1,0,下位,0,119,90
152,152,0,114,160,0,0,0,2547,1138,-1789,6,下位,0,0,0
578,578,0,113,158,0,1,152,2547,1138,-1789,6,下位,0,152,221
110,110,0,113,158,0,2,730,2547,1138,-1789,6,下位,0,578,219
577,577,0,553,994,0,3,840,2547,1138,-1789,6,下位,0,110,219
509,509,0,114,161,0,0,0,1417,1055,-2222,6,下位,0,0,0
236,236,0,68,24,0,1,509,1417,1055,-2222,6,下位,0,509,222
226,226,0,112,154,0,2,745,1417,1055,-2222,6,下位,0,236,85
121,121,0,897,2141,0,3,971,1417,1055,-2222,6,下位,0,226,215
14,14,0,68,22,1,0,0,0,0,1,0,下位,0,0,0
554,554,0,112,154,1,1,14,0,0,1,0,下位,0,14,83
147,147,0,68,23,1,2,568,0,0,1,0,下位,0,554,215
809,809,0,109,145,1,3,715,0,0,1,0,下位,0,147,84
456,456,0,111,152,1,4,1524,0,0,1,0,下位,0,809,206
169,169,0,68,23,1,5,1980,0,0,1,0,下位,0,456,213
684,684,0,112,156,1,6,2149,0,0,1,0,下位,0,169,84
486,486,0,350,710,1,7,2833,0,0,1,0,下位,0,684,217
509,509,0,111,152,0,0,0,3319,771,-3154,4,下位,0,0,0
274,274,0,379,850,0,1,509,3319,771,-3154,4,下位,0,509,213
123,123,0,68,23,0,0,0,783,911,-3216,4,下位,0,0,0
46,46,0,251,386,0,1,123,783,911,-3216,4,下位,0,123,84
501,501,0,112,156,1,0,0,0,0,1,0,下位,0,0,0
702,702,0,556,853,1,1,501,0,0,1,0,下位,0,501,217
509,509,0,112,155,0,0,0,1203,914,-691,6,下位,0,0,0
191,191,0,1203,2598,0,1,509,1203,914,-691,6,下位,0,509,216
275,275,0,268,506,0,0,0,700,2659,1124,15,下位,0,0,0
228,228,0,67,21,0,0,0,275,567,1274,3,下位,0,0,0
364,364,0,68,24,0,1,228,275,567,1274,3,下位,0,228,82
142,142,0,112,154,0,2,592,275,567,1274,3,下位,0,364,85
124,124,0,112,156,0,3,734,275,567,1274,3,下位,0,142,215
213,213,0,378,769,0,4,858,275,567,1274,3,下位,0,124,217
421,421,0,417,789,1,0,0,0,0,1,0,下位,0,0,0
87,87,0,68,23,0,0,0,421,850,213,4,下位,0,0,0
113,113,0,1390,3009,0,1,87,421,850,213,4,下位,0,87,84
61,61,0,68,24,0,0,0,200,3070,817,16,下位,0,0,0
135,135,0,68,23,0,1,61,200,3070,817,16,下位,0,61,85
240,240,0,112,155,0,2,196,200,3070,817,16,下位,0,135,84
397,397,0,1675,3924,0,3,436,200,3070,817,16,下位,0,240,216
510,510,0,112,154,0,0,0,833,3985,1647,20,下位,0,0,0
130,130,0,987,2133,0,1,510,833,3985,1647,20,下位,0,510,215
500,500,0,112,154,1,0,0,0,0,1,0,下位,0,0,0
51,51,0,70,28,1,1,500,0,0,1,0,下位,0,500,215
385,385,0,112,155,1,2,551,0,0,1,0,下位,0,51,89
261,261,0,68,24,1,3,936,0,0,1,0,下位,0,385,216
314,314,0,112,154,1,4,1197,0,0,1,0,下位,0,261,85
362,362,0,111,153,1,5,1511,0,0,1,0,下位,0,314,215
82,82,0,68,24,1,6,1873,0,0,1,0,下位,0,362,214
70,70,0,431,893,1,7,1955,0,0,1,0,下位,0,82,85
509,509,0,111,153,0,0,0,2025,954,-993,5,下位,0,0,0
215,215,0,68,23,0,1,509,2025,954,-993,5,下位,0,509,214
127,127,0,376,648,0,2,724,2025,954,-993,5,下位,0,215,84
98,98,0,183,303,0,0,0,851,709,-1275,4,下位,0,0,0
351,351,0,111,153,1,0,0,0,0,1,0,下位,0,0,0
186,186,0,111,153,1,1,351,0,0,1,0,下位,0,351,214
251,251,0,69,26,1,2,537,0,0,1,0,下位,0,186,214
227,227,0,111,152,1,3,788,0,0,1,0,下位,0,251,87
155,155,0,112,154,1,4,1015,0,0,1,0,下位,0,227,213
182,182,0,825,1799,1,5,1170,0,0,1,0,下位,0,155,215
483,483,0,112,155,0,0,0,1352,1860,755,12,下位,0,0,0
326,326,0,112,154,0,1,483,1352,1860,755,12,下位,0,483,216
213,213,0,820,1616,0,2,809,1352,1860,755,12,下位,0,326,215
104,104,0,111,153,0,0,0,1022,1677,1314,12,下位,0,0,0
135,135,0,113,157,0,1,104,1022,1677,1314,12,下位,0,104,214
187,187,0,437,750,0,2,239,1022,1677,1314,12,下位,0,135,218
189,189,0,112,156,0,0,0,426,811,1911,4,下位,0,0,0
293,293,0,109,147,0,1,189,426,811,1911,4,下位,0,189,217
290,290,0,112,154,0,2,482,426,811,1911,4,下位,0,293,208
176,176,0,113,159,0,3,772,426,811,1911,4,下位,0,290,215
90,90,0,112,154,0,4,948,426,811,1911,4,下位,0,176,220
165,165,0,114,160,0,5,1038,426,811,1911,4,下位,0,90,215
209,209,0,112,155,0,6,1203,426,811,1911,4,下位,0,165,221
209,209,0,455,875,0,7,1412,426,811,1911,4,下位,0,209,216
141,141,0,111,152,0,0,0,1621,936,1903,5,下位,0,0,0
154,154,0,542,1145,0,1,141,1621,936,1903,5,下位,0,141,213
70,70,0,1277,3116,0,0,0,295,1206,629,5,下位,0,0,0
501,501,0,109,146,1,0,0,0,0,1,0,下位,0,0,0
82,82,0,819,1872,1,1,501,0,0,1,0,下位,0,501,207
247,247,0,114,161,0,0,0,583,1933,1258,11,下位,0,0,0
141,141,0,68,23,0,1,247,583,1933,1258,11,下位,0,247,222
63,63,0,1621,3672,0,2,388,583,1933,1258,11,下位,0,141,84
338,338,0,112,156,0,0,0,451,3733,2308,19,下位,0,0,0
649,649,0,113,158,0,1,338,451,3733,2308,19,下位,0,338,217
176,176,0,111,152,0,2,987,451,3733,2308,19,下位,0,649,219
69,69,0,69,25,0,3,1163,451,3733,2308,19,下位,0,176,213
153,153,0,112,155,0,4,1232,451,3733,2308,19,下位,0,69,86
809,809,0,111,153,0,5,1385,451,3733,2308,19,下位,0,153,216
172,172,0,183,307,0,6,2194,451,3733,2308,19,下位,0,809,214
266,266,0,297,465,0,0,0,2366,368,255,2,下位,0,0,0
127,127,0,111,153,0,0,0,266,526,378,3,下位,0,0,0
82,82,0,425,781,0,1,127,266,526,378,3,下位,0,127,214
168,168,0,112,155,1,0,0,0,0,1,0,下位,0,0,0
629,629,0,543,867,1,1,168,0,0,1,0,下位,0,168,216
112,112,0,112,155,0,0,0,797,928,-63,5,下位,0,0,0
92,92,0,431,861,0,1,112,797,928,-63,5,下位,0,112,216
209,209,0,68,23,0,0,0,204,922,766,6,下位,0,0,0
179,179,0,71,31,0,1,209,204,922,766,6,下位,0,209,84
202,202,0,306,579,0,2,388,204,922,766,6,下位,0,179,92
509,509,0,112,155,0,0,0,590,640,688,4,下位,0,0,0
155,155,0,386,710,0,1,509,590,640,688,4,下位,0,509,216
509,509,0,113,158,0,0,0,664,771,669,3,下位,0,0,0
96,96,0,444,871,0,1,509,664,771,669,3,下位,0,509,219
59,59,0,198,351,1,0,0,0,0,1,0,下位,0,0,0
60,60,0,186,365,0,0,0,59,412,324,1,下位,0,0,0
483,483,0,277,467,0,0,0,60,426,659,1,下位,0,0,0
144,144,0,184,349,0,0,0,483,528,455,3,下位,0,0,0
509,509,0,106,138,0,0,0,144,410,647,1,下位,0,0,0
75,75,0,789,1851,0,1,509,144,410,647,1,下位,0,509,199
43,43,0,601,1326,0,0,0,584,1912,1873,9,下位,0,0,0
112,112,0,111,152,0,0,0,43,1387,977,6,下位,0,0,0
722,722,0,113,158,0,1,112,43,1387,977,6,下位,0,112,213
209,209,0,232,428,0,2,834,43,1387,977,6,下位,0,722,219
500,500,0,112,156,1,0,0,0,0,1,0,下位,0,0,0
102,102,0,520,899,1,1,500,0,0,1,0,下位,0,500,217
65,65,0,182,180,0,0,0,602,960,265,6,下位,0,0,0
509,509,0,112,156,0,0,0,65,241,408,1,下位,0,0,0
155,155,0,70,28,0,1,509,65,241,408,1,下位,0,509,217
55,55,0,342,578,0,2,664,65,241,408,1,下位,0,155,89
122,122,0,217,442,0,0,0,719,639,264,3,下位,0,0,0
408,408,0,68,23,1,0,0,0,0,1,0,下位,0,0,0
426,426,0,111,152,1,1,408,0,0,1,0,下位,0,408,84
99,99,0,68,24,1,2,834,0,0,1,0,下位,0,426,213
107,107,0,68,22,1,3,933,0,0,1,0,下位,0,99,85
565,565,0,68,24,1,4,1040,0,0,1,0,下位,0,107,83
88,88,0,69,25,1,5,1605,0,0,1,0,下位,0,565,85
131,131,0,111,152,1,6,1693,0,0,1,0,下位,0,88,86
808,808,0,114,160,1,7,1824,0,0,1,0,下位,0,131,213
55,55,0,111,153,1,8,2632,0,0,1,0,下位,0,808,221
56,56,0,375,662,1,9,2687,0,0,1,0,下位,0,55,214
500,500,0,113,157,1,0,0,0,0,1,0,下位,0,0,0
191,191,0,113,159,1,1,500,0,0,1,0,下位,0,500,218
112,112,0,113,157,1,2,691,0,0,1,0,下位,0,191,220
70,70,0,642,1540,1,3,803,0,0,1,0,下位,0,112,218
76,76,0,109,146,0,0,0,873,1601,935,8,下位,0,0,0
126,126,0,112,156,0,1,76,873,1601,935,8,下位,0,76,207
493,493,0,112,154,0,2,202,873,1601,935,8,下位,0,126,217
180,180,0,530,1171,0,3,695,873,1601,935,8,下位,0,493,215
408,408,0,111,152,0,0,0,875,1232,1480,5,下位,0,0,0
52,52,0,441,807,0,1,408,875,1232,1480,5,下位,0,408,213
133,133,0,114,160,0,0,0,460,868,1864,6,下位,0,0,0
332,332,0,209,262,0,1,133,460,868,1864,6,下位,0,133,221
332,332,0,70,28,0,0,0,465,323,1703,2,下位,0,0,0
688,688,0,1303,2987,0,1,332,465,323,1703,2,下位,0,332,89
182,182,0,69,26,1,0,0,0,0,1,0,下位,0,0,0
619,619,0,69,26,1,1,182,0,0,1,0,下位,0,182,87
193,193,0,111,152,1,2,801,0,0,1,0,下位,0,619,87
587,587,0,109,147,1,3,994,0,0,1,0,下位,0,193,213
177,177,0,112,155,1,4,1581,0,0,1,0,下位,0,587,208
690,690,0,68,24,1,5,1758,0,0,1,0,下位,0,177,216
288,288,0,1805,3430,1,6,2448,0,0,1,0,下位,0,690,85
180,180,0,652,1355,0,0,0,2736,3491,244,21,下位,0,0,0
509,509,0,113,159,0,0,0,180,1416,1387,8,下位,0,0,0
266,266,0,68,22,0,1,509,180,1416,1387,8,下位,0,509,220
193,193,0,69,26,0,2,775,180,1416,1387,8,下位,0,266,83
205,205,0,112,154,0,3,968,180,1416,1387,8,下位,0,193,87
111,111,0,384,777,0,4,1173,180,1416,1387,8,下位,0,205,215
230,230,0,71,31,1,0,0,0,0,1,0,下位,0,0,0
61,61,0,312,640,1,1,230,0,0,1,0,下位,0,230,92
509,509,0,113,158,0,0,0,291,701,354,3,下位,0,0,0
165,165,0,68,24,0,1,509,291,701,354,3,下位,0,509,219
54,54,0,112,154,0,2,674,291,701,354,3,下位,0,165,85
808,808,0,111,153,0,3,728,291,701,354,3,下位,0,54,215
337,337,0,70,28,0,4,1536,291,701,354,3,下位,0,808,214
808,808,0,111,153,0,5,1873,291,701,354,3,下位,0,337,89
227,227,0,111,153,0,6,2681,291,701,354,3,下位,0,808,214
138,138,0,408,733,0,7,2908,291,701,354,3,下位,0,227,214
275,275,0,111,153,1,0,0,0,0,1,0,下位,0,0,0
113,113,0,111,153,1,1,275,0,0,1,0,下位,0,275,214
405,405,0,114,162,1,2,388,0,0,1,0,下位,0,113,214
137,137,0,113,159,1,3,793,0,0,1,0,下位,0,405,223
79,79,0,345,704,1,4,930,0,0,1,0,下位,0,137,220
85,85,0,68,23,1,0,0,0,0,1,0,下位,0,0,0
70,70,0,111,153,1,1,85,0,0,1,0,下位,0,85,84
258,258,0,114,162,1,2,155,0,0,1,0,下位,0,70,214
100,100,0,439,884,1,3,413,0,0,1,0,下位,0,258,223
398,398,0,108,143,0,0,0,513,945,689,5,下位,0,0,0
527,527,0,68,22,0,1,398,513,945,689,5,下位,0,398,204
410,410,0,111,152,0,2,925,513,945,689,5,下位,0,527,83
60,60,0,103,128,0,3,1335,513,945,689,5,下位,0,410,213
137,137,0,112,154,0,4,1395,513,945,689,5,下位,0,60,189
211,211,0,113,157,0,5,1532,513,945,689,5,下位,0,137,215
152,152,0,111,153,0,6,1743,513,945,689,5,下位,0,211,218
766,766,0,1208,2838,0,7,1895,513,945,689,5,下位,0,152,214
145,145,0,112,156,1,0,0,0,0,1,0,下位,0,0,0
362,362,0,112,154,1,1,145,0,0,1,0,下位,0,145,217
53,53,0,112,155,1,2,507,0,0,1,0,下位,0,362,215
434,434,0,68,23,1,3,560,0,0,1,0,下位,0,53,216
782,782,0,355,691,1,4,994,0,0,1,0,下位,0,434,84
65,65,0,147,228,0,0,0,1776,752,-1206,4,下位,0,0,0
509,509,0,112,156,0,0,0,65,289,-1015,1,下位,0,0,0
389,389,0,112,155,0,1,509,65,289,-1015,1,下位,0,509,217
354,354,0,112,154,0,2,898,65,289,-1015,1,下位,0,389,216
171,171,0,71,31,0,3,1252,65,289,-1015,1,下位,0,354,215
260,260,0,68,23,0,4,1423,65,289,-1015,1,下位,0,171,92
89,89,0,69,25,0,5,1683,65,289,-1015,1,下位,0,260,84
142,142,0,1405,3319,0,6,1772,65,289,-1015,1,下位,0,89,86
153,153,0,113,157,1,0,0,0,0,1,0,下位,0,0,0
473,473,0,113,157,1,1,153,0,0,1,0,下位,0,153,218
263,263,0,68,23,1,2,626,0,0,1,0,下位,0,473,218
133,133,0,111,152,1,3,889,0,0,1,0,下位,0,263,84
322,322,0,112,156,1,4,1022,0,0,1,0,下位,0,133,213
61,61,0,552,1231,1,5,1344,0,0,1,0,下位,0,322,217
509,509,0,70,29,0,0,0,1405,1292,114,6,下位,0,0,0
208,208,0,111,152,0,1,509,1405,1292,114,6,下位,0,509,90
103,103,0,366,484,0,2,717,1405,1292,114,6,下位,0,208,213
308,308,0,70,30,0,0,0,820,545,-280,4,下位,0,0,0
55,55,0,902,2128,0,1,308,820,545,-280,4,下位,0,308,91
125,125,0,113,157,1,0,0,0,0,1,0,下位,0,0,0
488,488,0,112,155,1,1,125,0,0,1,0,下位,0,125,218
478,478,0,112,155,1,2,613,0,0,1,0,下位,0,488,216
159,159,0,1047,2449,1,3,1091,0,0,1,0,下位,0,478,216
144,144,0,69,25,0,0,0,1250,2510,1268,15,下位,0,0,0
321,321,0,112,155,0,1,144,1250,2510,1268,15,下位,0,144,86
48,48,0,112,154,0,2,465,1250,2510,1268,15,下位,0,321,216
141,141,0,693,1279,0,3,513,1250,2510,1268,15,下位,0,48,215
206,206,0,925,2167,0,0,0,654,1340,2134,8,下位,0,0,0
211,211,0,739,1825,0,0,0,206,2228,1652,10,下位,0,0,0
464,464,0,112,154,0,0,0,211,1886,834,8,下位,0,0,0
123,123,0,329,617,0,1,464,211,1886,834,8,下位,0,464,215
267,267,0,111,152,1,0,0,0,0,1,0,下位,0,0,0
764,764,0,113,159,1,1,267,0,0,1,0,下位,0,267,213
142,142,0,68,22,1,2,1031,0,0,1,0,下位,0,764,220
206,206,0,112,155,1,3,1173,0,0,1,0,下位,0,142,83
86,86,0,723,1636,1,4,1379,0,0,1,0,下位,0,206,216
176,176,0,111,153,0,0,0,1465,1697,210,8,下位,0,0,0
124,124,0,69,25,0,1,176,1465,1697,210,8,下位,0,176,214
195,195,0,111,153,0,2,300,1465,1697,210,8,下位,0,124,86
369,369,0,68,22,0,3,495,1465,1697,210,8,下位,0,195,214
133,133,0,702,1454,0,4,864,1465,1697,210,8,下位,0,369,83
81,81,0,497,1125,1,0,0,0,0,1,0,下位,0,0,0
509,509,0,195,282,0,0,0,81,1186,1064,6,下位,0,0,0
96,96,0,61,1,0,0,0,509,343,636,2,下位,0,0,0
122,122,0,69,26,0,1,96,509,343,636,2,下位,0,96,62
71,71,0,68,22,0,2,218,509,343,636,2,下位,0,122,87
808,808,0,148,165,0,3,289,509,343,636,2,下位,0,71,83
270,270,0,70,28,0,0,0,1097,226,-568,2,下位,0,0,0
165,165,0,68,22,0,1,270,1097,226,-568,2,下位,0,270,89
59,59,0,781,1552,0,2,435,1097,226,-568,2,下位,0,165,83
137,137,0,112,154,1,0,0,0,0,1,0,下位,0,0,0
114,114,0,113,157,1,1,137,0,0,1,0,下位,0,137,215
666,666,0,70,30,1,2,251,0,0,1,0,下位,0,114,218
467,467,0,69,26,1,3,917,0,0,1,0,下位,0,666,91
172,172,0,69,25,1,4,1384,0,0,1,0,下位,0,467,87
101,101,0,70,30,1,5,1556,0,0,1,0,下位,0,172,86
609,609,0,68,23,1,6,1657,0,0,1,0,下位,0,101,91
559,559,0,114,160,1,7,2266,0,0,1,0,下位,0,609,84
409,409,0,70,29,1,8,2825,0,0,1,0,下位,0,559,221
750,750,0,70,30,1,9,3234,0,0,1,0,下位,0,409,90
811,811,0,64,11,1,10,3984,0,0,1,0,下位,0,750,91
527,527,0,69,25,1,11,4795,0,0,1,0,下位,0,811,72
110,110,0,629,1298,1,12,5322,0,0,1,0,下位,0,527,86
500,500,0,67,19,1,0,0,0,0,1,0,下位,0,0,0
398,398,0,111,153,1,1,500,0,0,1,0,下位,0,500,80
216,216,0,114,160,1,2,898,0,0,1,0,下位,0,398,214
87,87,0,843,1967,1,3,1114,0,0,1,0,下位,0,216,221
509,509,0,111,153,0,0,0,1201,2028,724,9,下位,0,0,0
322,322,0,112,155,0,1,509,1201,2028,724,9,下位,0,509,214
185,185,0,111,152,0,2,831,1201,2028,724,9,下位,0,322,216
105,105,0,112,154,0,3,1016,1201,2028,724,9,下位,0,185,213
808,808,0,108,144,0,4,1121,1201,2028,724,9,下位,0,105,215
295,295,0,69,25,0,5,1929,1201,2028,724,9,下位,0,808,205
196,196,0,626,1131,0,6,2224,1201,2028,724,9,下位,0,295,86
489,489,0,1718,4152,1,0,0,0,0,1,0,下位,0,0,0
256,256,0,68,23,0,0,0,489,4213,1196,21,下位,0,0,0
214,214,0,111,153,0,1,256,489,4213,1196,21,下位,0,256,84
54,54,0,68,24,0,2,470,489,4213,1196,21,下位,0,214,214
283,283,0,112,154,0,3,524,489,4213,1196,21,下位,0,54,85
114,114,0,425,905,0,4,807,489,4213,1196,21,下位,0,283,215
380,380,0,68,24,1,0,0,0,0,1,0,下位,0,0,0
396,396,0,113,158,1,1,380,0,0,1,0,下位,0,380,85
202,202,0,826,1565,1,2,776,0,0,1,0,下位,0,396,219
191,191,0,69,26,0,0,0,978,1626,449,10,下位,0,0,0
232,232,0,111,152,0,1,191,978,1626,449,10,下位,0,191,87
600,600,0,148,227,0,2,423,978,1626,449,10,下位,0,232,213
120,120,0,68,23,0,0,0,1023,288,-513,1,下位,0,0,0
346,346,0,109,146,0,1,120,1023,288,-513,1,下位,0,120,84
209,209,0,261,490,0,2,466,1023,288,-513,1,下位,0,346,207
46,46,0,252,394,0,0,0,675,551,-694,3,下位,0,0,0
102,102,0,111,152,1,0,0,0,0,1,0,下位,0,0,0
168,168,0,626,1065,1,1,102,0,0,1,0,下位,0,102,213
141,141,0,69,26,0,0,0,270,1126,930,7,下位,0,0,0
470,470,0,112,155,0,1,141,270,1126,930,7,下位,0,141,87
330,330,0,112,154,0,2,611,270,1126,930,7,下位,0,470,216
152,152,0,112,156,0,3,941,270,1126,930,7,下位,0,330,215
808,808,0,112,155,0,4,1093,270,1126,930,7,下位,0,152,217
95,95,0,68,22,0,5,1901,270,1126,930,7,下位,0,808,216
134,134,0,761,1652,0,6,1996,270,1126,930,7,下位,0,95,83
130,130,0,255,374,0,0,0,2130,1713,450,10,下位,0,0,0
187,187,0,69,26,0,0,0,130,435,688,2,下位,0,0,0
275,275,0,111,152,0,1,187,130,435,688,2,下位,0,187,87
680,680,0,112,154,0,2,462,130,435,688,2,下位,0,275,213
591,591,0,112,155,0,3,1142,130,435,688,2,下位,0,680,215
76,76,0,112,156,0,4,1733,130,435,688,2,下位,0,591,216
174,174,0,67,21,0,5,1809,130,435,688,2,下位,0,76,217
199,199,0,324,539,0,6,1983,130,435,688,2,下位,0,174,82
8,8,0,452,806,1,0,0,0,0,1,0,下位,0,0,0
103,103,0,3059,7246,0,0,0,8,867,856,6,下位,0,0,0
509,509,0,110,149,0,0,0,103,7307,1086,38,下位,0,0,0
281,281,0,112,155,0,1,509,103,7307,1086,38,下位,0,509,210
117,117,0,112,154,0,2,790,103,7307,1086,38,下位,0,281,216
113,113,0,68,24,0,3,907,103,7307,1086,38,下位,0,117,215
808,808,0,69,27,0,4,1020,103,7307,1086,38,下位,0,113,85
486,486,0,68,22,0,5,1828,103,7307,1086,38,下位,0,808,88
282,282,0,113,158,0,6,2314,103,7307,1086,38,下位,0,486,83
55,55,0,710,1369,0,7,2596,103,7307,1086,38,下位,0,282,219
151,151,0,107,140,1,0,0,0,0,1,0,下位,0,0,0
800,800,0,68,23,1,1,151,0,0,1,0,下位,0,151,201
207,207,0,68,22,1,2,951,0,0,1,0,下位,0,800,84
142,142,0,307,640,1,3,1158,0,0,1,0,下位,0,207,83
509,509,0,600,1276,0,0,0,1300,701,-900,3,下位,0,0,0
276,276,0,69,26,1,0,0,0,0,1,0,下位,0,0,0
809,809,0,69,25,1,1,276,0,0,1,0,下位,0,276,87
89,89,0,430,906,1,2,1085,0,0,1,0,下位,0,809,86
361,361,0,694,1505,0,0,0,1174,967,-638,5,下位,0,0,0
509,509,0,70,28,0,0,0,361,1566,381,8,下位,0,0,0
349,349,0,108,143,0,1,509,361,1566,381,8,下位,0,509,89
84,84,0,338,583,0,2,858,361,1566,381,8,下位,0,349,204
299,299,0,68,23,1,0,0,0,0,1,0,下位,0,0,0
339,339,0,112,155,1,1,299,0,0,1,0,下位,0,299,84
66,66,0,112,155,1,2,638,0,0,1,0,下位,0,339,216
361,361,0,111,152,1,3,704,0,0,1,0,下位,0,66,216
310,310,0,111,152,1,4,1065,0,0,1,0,下位,0,361,213
209,209,0,750,1721,1,5,1375,0,0,1,0,下位,0,310,213
413,413,0,112,154,1,0,0,0,0,1,0,下位,0,0,0
72,72,0,69,25,1,1,413,0,0,1,0,下位,0,413,215
614,614,0,112,156,1,2,485,0,0,1,0,下位,0,72,86
148,148,0,69,25,1,3,1099,0,0,1,0,下位,0,614,217
454,454,0,400,813,1,4,1247,0,0,1,0,下位,0,148,86
509,509,0,68,22,0,0,0,1701,874,-1098,4,下位,0,0,0
151,151,0,273,575,0,1,509,1701,874,-1098,4,下位,0,509,83
67,67,0,112,156,0,0,0,660,636,-1379,2,下位,0,0,0
261,261,0,1217,2984,0,1,67,660,636,-1379,2,下位,0,67,217
500,500,0,271,549,1,0,0,0,0,1,0,下位,0,0,0
149,149,0,68,22,1,0,0,0,0,1,0,下位,0,0,0
377,377,0,69,26,1,1,149,0,0,1,0,下位,0,149,83
808,808,0,69,26,1,2,526,0,0,1,0,下位,0,377,87
722,722,0,70,28,1,3,1334,0,0,1,0,下位,0,808,87
380,380,0,69,26,1,4,2056,0,0,1,0,下位,0,722,89
44,44,0,68,24,1,5,2436,0,0,1,0,下位,0,380,87
192,192,0,388,818,1,6,2480,0,0,1,0,下位,0,44,85
68,68,0,112,154,1,0,0,0,0,1,0,下位,0,0,0
47,47,0,1424,3346,1,1,68,0,0,1,0,下位,0,68,215
509,509,0,111,153,0,0,0,115,3407,1106,19,下位,0,0,0
405,405,0,111,152,0,1,509,115,3407,1106,19,下位,0,509,214
678,678,0,455,992,0,2,914,115,3407,1106,19,下位,0,405,213
237,237,0,112,154,0,0,0,1592,1053,174,6,下位,0,0,0
279,279,0,111,152,0,1,237,1592,1053,174,6,下位,0,237,215
571,571,0,112,154,0,2,516,1592,1053,174,6,下位,0,279,213
139,139,0,112,154,0,3,1087,1592,1053,174,6,下位,0,571,215
627,627,0,112,155,0,4,1226,1592,1053,174,6,下位,0,139,215
457,457,0,1368,2994,0,5,1853,1592,1053,174,6,下位,0,627,216
500,500,0,490,877,1,0,0,0,0,1,0,下位,0,0,0
70,70,0,68,22,0,0,0,500,938,181,4,下位,0,0,0
167,167,0,68,24,0,1,70,500,938,181,4,下位,0,70,83
75,75,0,850,1922,0,2,237,500,938,181,4,下位,0,167,85
85,85,0,1187,2909,0,0,0,312,1983,1859,10,下位,0,0,0
122,122,0,112,154,1,0,0,0,0,1,0,下位,0,0,0
328,328,0,68,22,1,1,122,0,0,1,0,下位,0,122,215
525,525,0,376,773,1,2,450,0,0,1,0,下位,0,328,83
55,55,0,534,1085,0,0,0,975,834,-344,5,下位,0,0,0
497,497,0,2249,5511,0,0,0,55,1146,719,6,下位,0,0,0
500,500,0,68,23,1,0,0,0,0,1,0,下位,0,0,0
295,295,0,66,18,1,1,500,0,0,1,0,下位,0,500,84
230,230,0,112,155,1,2,795,0,0,1,0,下位,0,295,79
51,51,0,111,152,1,3,1025,0,0,1,0,下位,0,230,216
605,605,0,111,152,1,4,1076,0,0,1,0,下位,0,51,213
359,359,0,112,156,1,5,1681,0,0,1,0,下位,0,605,213
156,156,0,678,1489,1,6,2040,0,0,1,0,下位,0,359,217
209,209,0,277,493,0,0,0,2196,1550,-754,8,下位,0,0,0
124,124,0,113,158,1,0,0,0,0,1,0,下位,0,0,0
58,58,0,497,1040,1,1,124,0,0,1,0,下位,0,124,219
314,314,0,68,23,0,0,0,182,1101,1045,7,下位,0,0,0
442,442,0,67,19,0,1,314,182,1101,1045,7,下位,0,314,84
110,110,0,111,153,0,2,756,182,1101,1045,7,下位,0,442,80
260,260,0,68,22,0,3,866,182,1101,1045,7,下位,0,110,214
426,426,0,111,153,0,4,1126,182,1101,1045,7,下位,0,260,83
808,808,0,112,154,0,5,1552,182,1101,1045,7,下位,0,426,214
101,101,0,400,815,0,6,2360,182,1101,1045,7,下位,0,808,215
432,432,0,194,355,0,0,0,2461,876,-918,4,下位,0,0,0
502,502,0,894,2068,0,0,0,432,416,-1157,1,下位,0,0,0
509,509,0,382,841,0,0,0,502,2129,211,12,下位,0,0,0
410,410,0,112,155,1,0,0,0,0,1,0,下位,0,0,0
55,55,0,1567,3510,1,1,410,0,0,1,0,下位,0,410,216
510,510,0,111,152,0,0,0,465,3571,765,20,下位,0,0,0
434,434,0,113,159,0,1,510,465,3571,765,20,下位,0,510,213
292,292,0,111,152,0,2,944,465,3571,765,20,下位,0,434,220
203,203,0,112,155,0,3,1236,465,3571,765,20,下位,0,292,213
487,487,0,66,17,0,4,1439,465,3571,765,20,下位,0,203,216
158,158,0,111,152,0,5,1926,465,3571,765,20,下位,0,487,78
610,610,0,112,156,0,6,2084,465,3571,765,20,下位,0,158,213
808,808,0,112,156,0,7,2694,465,3571,765,20,下位,0,610,217
209,209,0,438,927,0,8,3502,465,3571,765,20,下位,0,808,217
286,286,0,112,155,1,0,0,0,0,1,0,下位,0,0,0
200,200,0,69,25,1,1,286,0,0,1,0,下位,0,286,216
638,638,0,112,156,1,2,486,0,0,1,0,下位,0,200,86
107,107,0,111,152,1,3,1124,0,0,1,0,下位,0,638,217
195,195,0,2401,5152,1,4,1231,0,0,1,0,下位,0,107,213
166,166,0,248,401,1,0,0,0,0,1,0,下位,0,0,0
173,173,0,68,24,1,0,0,0,0,1,0,下位,0,0,0
79,79,0,112,154,1,1,173,0,0,1,0,下位,0,173,85
116,116,0,327,575,1,2,252,0,0,1,0,下位,0,79,215
61,61,0,112,154,0,0,0,368,636,379,3,下位,0,0,0
462,462,0,68,24,0,1,61,368,636,379,3,下位,0,61,215
83,83,0,351,620,0,2,523,368,636,379,3,下位,0,462,85
511,511,0,114,160,0,0,0,606,681,442,5,下位,0,0,0
576,576,0,112,154,0,1,511,606,681,442,5,下位,0,511,221
808,808,0,112,156,0,2,1087,606,681,442,5,下位,0,576,215
328,328,0,110,148,0,3,1895,606,681,442,5,下位,0,808,217
89,89,0,525,1009,0,4,2223,606,681,442,5,下位,0,328,209
43,43,0,69,26,1,0,0,0,0,1,0,下位,0,0,0
121,121,0,111,153,1,1,43,0,0,1,0,下位,0,43,87
216,216,0,113,158,1,2,164,0,0,1,0,下位,0,121,214
155,155,0,460,1061,1,3,380,0,0,1,0,下位,0,216,219
293,293,0,68,22,0,0,0,535,1122,833,5,下位,0,0,0
795,795,0,111,153,0,1,293,535,1122,833,5,下位,0,293,83
212,212,0,114,160,0,2,1088,535,1122,833,5,下位,0,795,214
631,631,0,107,141,0,3,1300,535,1122,833,5,下位,0,212,221
581,581,0,111,152,0,4,1931,535,1122,833,5,下位,0,631,202
66,66,0,68,23,0,5,2512,535,1122,833,5,下位,0,581,213
367,367,0,111,153,0,6,2578,535,1122,833,5,下位,0,66,84
95,95,0,68,22,0,7,2945,535,1122,833,5,下位,0,367,214
91,91,0,496,1112,0,8,3040,535,1122,833,5,下位,0,95,83
87,87,0,111,153,1,0,0,0,0,1,0,下位,0,0,0
99,99,0,69,27,1,1,87,0,0,1,0,下位,0,87,214
121,121,0,68,24,1,2,186,0,0,1,0,下位,0,99,88
235,235,0,68,22,1,3,307,0,0,1,0,下位,0,121,85
52,52,0,111,153,1,4,542,0,0,1,0,下位,0,235,83
477,477,0,68,23,1,5,594,0,0,1,0,下位,0,52,214
242,242,0,544,1238,1,6,1071,0,0,1,0,下位,0,477,84
231,231,0,66,16,0,0,0,1313,1299,78,6,下位,0,0,0
451,451,0,68,22,0,1,231,1313,1299,78,6,下位,0,231,77
420,420,0,70,29,0,2,682,1313,1299,78,6,下位,0,451,83
92,92,0,961,2172,0,3,1102,1313,1299,78,6,下位,0,420,90
209,209,0,70,28,1,0,0,0,0,1,0,下位,0,0,0
59,59,0,113,158,1,1,209,0,0,1,0,下位,0,209,89
151,151,0,111,152,1,2,268,0,0,1,0,下位,0,59,219
459,459,0,111,153,1,3,419,0,0,1,0,下位,0,151,213
186,186,0,111,153,1,4,878,0,0,1,0,下位,0,459,214
209,209,0,111,151,1,5,1064,0,0,1,0,下位,0,186,214
207,207,0,112,154,1,6,1273,0,0,1,0,下位,0,209,212
210,210,0,111,152,1,7,1480,0,0,1,0,下位,0,207,215
808,808,0,107,139,1,8,1690,0,0,1,0,下位,0,210,213
235,235,0,505,906,1,9,2498,0,0,1,0,下位,0,808,200
122,122,0,434,970,0,0,0,2733,967,-1384,6,下位,0,0,0
323,323,0,112,156,0,0,0,122,1031,-538,4,下位,0,0,0
108,108,0,113,159,0,1,323,122,1031,-538,4,下位,0,323,217
142,142,0,111,152,0,2,431,122,1031,-538,4,下位,0,108,220
82,82,0,319,607,0,3,573,122,1031,-538,4,下位,0,142,213
197,197,0,69,26,0,0,0,655,668,-212,3,下位,0,0,0
64,64,0,114,160,0,1,197,655,668,-212,3,下位,0,197,87
255,255,0,466,789,0,2,261,655,668,-212,3,下位,0,64,221
163,163,0,110,150,1,0,0,0,0,1,0,下位,0,0,0
101,101,0,112,155,1,1,163,0,0,1,0,下位,0,163,211
98,98,0,112,156,1,2,264,0,0,1,0,下位,0,101,216
127,127,0,111,152,1,3,362,0,0,1,0,下位,0,98,217
274,274,0,68,23,1,4,489,0,0,1,0,下位,0,127,213
178,178,0,111,153,1,5,763,0,0,1,0,下位,0,274,84
357,357,0,113,158,1,6,941,0,0,1,0,下位,0,178,214
274,274,0,542,1054,1,7,1298,0,0,1,0,下位,0,357,219
201,201,0,69,26,0,0,0,1572,1115,109,6,下位,0,0,0
137,137,0,270,561,0,1,201,1572,1115,109,6,下位,0,201,87
82,82,0,238,412,0,0,0,338,622,305,2,下位,0,0,0
292,292,0,112,154,0,0,0,82,473,654,2,下位,0,0,0
378,378,0,68,23,0,1,292,82,473,654,2,下位,0,292,215
179,179,0,343,693,0,2,670,82,473,654,2,下位,0,378,84
59,59,0,111,153,1,0,0,0,0,1,0,下位,0,0,0
808,808,0,110,150,1,1,59,0,0,1,0,下位,0,59,214
154,154,0,111,153,1,2,867,0,0,1,0,下位,0,808,211
548,548,0,111,153,1,3,1021,0,0,1,0,下位,0,154,214
55,55,0,111,153,1,4,1569,0,0,1,0,下位,0,548,214
124,124,0,570,1230,1,5,1624,0,0,1,0,下位,0,55,214
265,265,0,114,162,0,0,0,1748,1291,-288,6,下位,0,0,0
171,171,0,112,154,0,1,265,1748,1291,-288,6,下位,0,265,223
224,224,0,111,152,0,2,436,1748,1291,-288,6,下位,0,171,215
143,143,0,112,156,0,3,660,1748,1291,-288,6,下位,0,224,213
286,286,0,112,156,0,4,803,1748,1291,-288,6,下位,0,143,217
51,51,0,111,153,0,5,1089,1748,1291,-288,6,下位,0,286,217
119,119,0,566,898,0,6,1140,1748,1291,-288,6,下位,0,51,214
445,445,0,112,155,0,0,0,1259,959,63,8,下位,0,0,0
132,132,0,68,23,0,1,445,1259,959,63,8,下位,0,445,216
155,155,0,111,153,0,2,577,1259,959,63,8,下位,0,132,84
157,157,0,114,161,0,3,732,1259,959,63,8,下位,0,155,214
185,185,0,68,24,0,4,889,1259,959,63,8,下位,0,157,222
256,256,0,111,152,0,5,1074,1259,959,63,8,下位,0,185,85
186,186,0,399,803,0,6,1330,1259,959,63,8,下位,0,256,213
415,415,0,114,160,1,0,0,0,0,1,0,下位,0,0,0
370,370,0,66,17,1,1,415,0,0,1,0,下位,0,415,221
70,70,0,113,158,1,2,785,0,0,1,0,下位,0,370,78
403,403,0,197,358,1,3,855,0,0,1,0,下位,0,70,219
448,448,0,111,153,0,0,0,1258,419,-969,1,下位,0,0,0
478,478,0,68,23,0,1,448,1258,419,-969,1,下位,0,448,214
382,382,0,68,23,0,2,926,1258,419,-969,1,下位,0,478,84
580,580,0,2162,5070,0,3,1308,1258,419,-969,1,下位,0,382,84
227,227,0,112,154,0,0,0,1888,5131,1683,27,下位,0,0,0
742,742,0,392,837,0,1,227,1888,5131,1683,27,下位,0,227,215
436,436,0,71,32,0,0,0,969,898,1328,4,下位,0,0,0
292,292,0,104,132,0,1,436,969,898,1328,4,下位,0,436,93
281,281,0,388,755,0,2,728,969,898,1328,4,下位,0,292,193
15,15,0,112,155,1,0,0,0,0,1,0,下位,0,0,0
68,68,0,464,1046,1,1,15,0,0,1,0,下位,0,15,216
395,395,0,68,24,0,0,0,83,1107,1198,5,下位,0,0,0
271,271,0,111,152,0,1,395,83,1107,1198,5,下位,0,395,85
250,250,0,109,145,0,2,666,83,1107,1198,5,下位,0,271,213
245,245,0,357,663,0,3,916,83,1107,1198,5,下位,0,250,206
121,121,0,111,153,0,0,0,1161,724,667,4,下位,0,0,0
808,808,0,111,153,0,1,121,1161,724,667,4,下位,0,121,214
177,177,0,64,12,0,2,929,1161,724,667,4,下位,0,808,214
86,86,0,848,1683,0,3,1106,1161,724,667,4,下位,0,177,73
418,418,0,113,157,0,0,0,1192,1744,1107,10,下位,0,0,0
89,89,0,381,778,0,1,418,1192,1744,1107,10,下位,0,418,218
426,426,0,111,153,1,0,0,0,0,1,0,下位,0,0,0
763,763,0,68,22,1,1,426,0,0,1,0,下位,0,426,214
316,316,0,112,155,1,2,1189,0,0,1,0,下位,0,763,83
432,432,0,113,157,1,3,1505,0,0,1,0,下位,0,316,216
713,713,0,69,25,1,4,1937,0,0,1,0,下位,0,432,218
509,509,0,112,154,1,5,2650,0,0,1,0,下位,0,713,86
95,95,0,68,23,1,6,3159,0,0,1,0,下位,0,509,215
411,411,0,69,25,1,7,3254,0,0,1,0,下位,0,95,84
357,357,0,69,25,1,8,3665,0,0,1,0,下位,0,411,86
431,431,0,111,153,1,9,4022,0,0,1,0,下位,0,357,86
384,384,0,112,154,1,10,4453,0,0,1,0,下位,0,431,214
116,116,0,593,1170,1,11,4837,0,0,1,0,下位,0,384,215
509,509,0,112,154,0,0,0,4953,1231,-4556,6,下位,0,0,0
808,808,0,356,738,0,1,509,4953,1231,-4556,6,下位,0,509,215
126,126,0,68,22,1,0,0,0,0,1,0,下位,0,0,0
189,189,0,112,154,1,1,126,0,0,1,0,下位,0,126,83
135,135,0,430,961,1,2,315,0,0,1,0,下位,0,189,215
324,324,0,111,152,0,0,0,450,1022,639,4,下位,0,0,0
811,811,0,112,156,0,1,324,450,1022,639,4,下位,0,324,213
99,99,0,1427,3371,0,2,1135,450,1022,639,4,下位,0,811,217
263,263,0,114,162,0,0,0,1234,3432,400,16,下位,0,0,0
176,176,0,68,22,0,1,263,1234,3432,400,16,下位,0,263,223
54,54,0,70,29,0,2,439,1234,3432,400,16,下位,0,176,83
147,147,0,1556,3576,0,3,493,1234,3432,400,16,下位,0,54,90
181,181,0,112,154,0,0,0,640,3637,1079,19,下位,0,0,0
399,399,0,68,24,0,1,181,640,3637,1079,19,下位,0,181,215
43,43,0,826,1944,0,2,580,640,3637,1079,19,下位,0,399,85
432,432,0,112,154,1,0,0,0,0,1,0,下位,0,0,0
84,84,0,70,30,1,1,432,0,0,1,0,下位,0,432,215
407,407,0,69,26,1,2,516,0,0,1,0,下位,0,84,91
98,98,0,109,145,1,3,923,0,0,1,0,下位,0,407,87
278,278,0,114,161,1,4,1021,0,0,1,0,下位,0,98,206
709,709,0,69,25,1,5,1299,0,0,1,0,下位,0,278,222
117,117,0,68,23,1,6,2008,0,0,1,0,下位,0,709,86
85,85,0,1358,3083,1,7,2125,0,0,1,0,下位,0,117,84
141,141,0,111,152,0,0,0,2210,3144,788,19,下位,0,0,0
628,628,0,109,145,0,1,141,2210,3144,788,19,下位,0,141,213
398,398,0,112,154,0,2,769,2210,3144,788,19,下位,0,628,206
148,148,0,1507,3290,0,3,1167,2210,3144,788,19,下位,0,398,215
223,223,0,71,31,0,0,0,1315,3351,402,18,下位,0,0,0
323,323,0,112,156,0,1,223,1315,3351,402,18,下位,0,223,92
486,486,0,113,158,0,2,546,1315,3351,402,18,下位,0,323,217
91,91,0,111,153,0,3,1032,1315,3351,402,18,下位,0,486,219
61,61,0,68,24,0,4,1123,1315,3351,402,18,下位,0,91,214
128,128,0,437,972,0,5,1184,1315,3351,402,18,下位,0,61,85
388,388,0,112,156,1,0,0,0,0,1,0,下位,0,0,0
120,120,0,112,155,1,1,388,0,0,1,0,下位,0,388,217
167,167,0,236,431,1,2,508,0,0,1,0,下位,0,120,216
128,128,0,68,24,0,0,0,675,492,-97,2,下位,0,0,0
71,71,0,113,159,0,1,128,675,492,-97,2,下位,0,128,85
117,117,0,69,25,0,2,199,675,492,-97,2,下位,0,71,220
139,139,0,106,137,0,3,316,675,492,-97,2,下位,0,117,86
373,373,0,111,153,0,4,455,675,492,-97,2,下位,0,139,198
595,595,0,69,26,0,5,828,675,492,-97,2,下位,0,373,214
359,359,0,64,10,0,6,1423,675,492,-97,2,下位,0,595,87
282,282,0,113,158,0,7,1782,675,492,-97,2,下位,0,359,71
70,70,0,615,1275,0,8,2064,675,492,-97,2,下位,0,282,219
326,326,0,68,22,1,0,0,0,0,1,0,下位,0,0,0
131,131,0,466,846,1,1,326,0,0,1,0,下位,0,326,83
438,438,0,112,156,0,0,0,457,907,299,5,下位,0,0,0
595,595,0,111,153,0,1,438,457,907,299,5,下位,0,438,217
124,124,0,111,152,0,2,1033,457,907,299,5,下位,0,595,214
64,64,0,69,25,0,3,1157,457,907,299,5,下位,0,124,213
259,259,0,68,23,0,4,1221,457,907,299,5,下位,0,64,86
52,52,0,112,154,0,5,1480,457,907,299,5,下位,0,259,84
152,152,0,344,717,0,6,1532,457,907,299,5,下位,0,52,215
241,241,0,68,24,0,0,0,1684,778,-446,4,下位,0,0,0
440,440,0,68,24,0,1,241,1684,778,-446,4,下位,0,241,85
306,306,0,111,153,0,2,681,1684,778,-446,4,下位,0,440,85
118,118,0,69,26,0,3,987,1684,778,-446,4,下位,0,306,214
148,148,0,565,1035,0,4,1105,1684,778,-446,4,下位,0,118,87
345,345,0,114,160,0,0,0,1253,1096,-778,6,下位,0,0,0
156,156,0,111,152,0,1,345,1253,1096,-778,6,下位,0,345,221
235,235,0,111,153,0,2,501,1253,1096,-778,6,下位,0,156,213
49,49,0,68,23,0,3,736,1253,1096,-778,6,下位,0,235,214
122,122,0,560,1159,0,4,785,1253,1096,-778,6,下位,0,49,84
164,164,0,111,152,1,0,0,0,0,1,0,下位,0,0,0
91,91,0,376,656,1,1,164,0,0,1,0,下位,0,164,213
246,246,0,70,29,0,0,0,255,717,545,4,下位,0,0,0
244,244,0,112,156,0,1,246,255,717,545,4,下位,0,246,90
261,261,0,111,153,0,2,490,255,717,545,4,下位,0,244,217
124,124,0,68,24,0,3,751,255,717,545,4,下位,0,261,214
449,449,0,446,985,0,4,875,255,717,545,4,下位,0,124,85
400,400,0,111,152,0,0,0,1324,1046,191,6,下位,0,0,0
432,432,0,112,156,0,1,400,1324,1046,191,6,下位,0,400,213
302,302,0,112,156,0,2,832,1324,1046,191,6,下位,0,432,217
132,132,0,114,162,0,3,1134,1324,1046,191,6,下位,0,302,217
775,775,0,71,31,0,4,1266,1324,1046,191,6,下位,0,132,223
130,130,0,112,156,0,5,2041,1324,1046,191,6,下位,0,775,92
146,146,0,112,155,0,6,2171,1324,1046,191,6,下位,0,130,217
48,48,0,274,553,0,7,2317,1324,1046,191,6,下位,0,146,216
182,182,0,69,25,1,0,0,0,0,1,0,下位,0,0,0
250,250,0,112,155,1,1,182,0,0,1,0,下位,0,182,86
332,332,0,69,25,1,2,432,0,0,1,0,下位,0,250,216
276,276,0,70,29,1,3,764,0,0,1,0,下位,0,332,86
552,552,0,69,25,1,4,1040,0,0,1,0,下位,0,276,90
62,62,0,71,32,1,5,1592,0,0,1,0,下位,0,552,86
810,810,0,69,26,1,6,1654,0,0,1,0,下位,0,62,93
115,115,0,483,886,1,7,2464,0,0,1,0,下位,0,810,87
256,256,0,69,26,1,0,0,0,0,1,0,下位,0,0,0
170,170,0,415,861,1,1,256,0,0,1,0,下位,0,256,87
460,460,0,68,22,0,0,0,426,922,364,6,下位,0,0,0
207,207,0,192,357,0,1,460,426,922,364,6,下位,0,460,83
500,500,0,70,30,1,0,0,0,0,1,0,下位,0,0,0
88,88,0,109,145,1,1,500,0,0,1,0,下位,0,500,91
713,713,0,108,144,1,2,588,0,0,1,0,下位,0,88,206
87,87,0,680,1283,1,3,1301,0,0,1,0,下位,0,713,205
202,202,0,437,896,1,0,0,0,0,1,0,下位,0,0,0
147,147,0,112,156,0,0,0,202,957,652,5,下位,0,0,0
380,380,0,68,24,0,1,147,202,957,652,5,下位,0,147,217
306,306,0,70,29,0,2,527,202,957,652,5,下位,0,380,85
691,691,0,69,25,0,3,833,202,957,652,5,下位,0,306,90
91,91,0,69,25,0,4,1524,202,957,652,5,下位,0,691,86
497,497,0,69,26,0,5,1615,202,957,652,5,下位,0,91,86
135,135,0,69,25,0,6,2112,202,957,652,5,下位,0,497,87
146,146,0,193,354,0,7,2247,202,957,652,5,下位,0,135,86
106,106,0,69,26,0,0,0,2393,415,-1823,1,下位,0,0,0
159,159,0,111,153,0,1,106,2393,415,-1823,1,下位,0,106,87
102,102,0,226,435,0,2,265,2393,415,-1823,1,下位,0,159,214
372,372,0,111,153,0,0,0,367,496,-1583,2,下位,0,0,0
72,72,0,68,22,0,1,372,367,496,-1583,2,下位,0,372,214
91,91,0,69,26,0,2,444,367,496,-1583,2,下位,0,72,83
559,559,0,69,25,0,3,535,367,496,-1583,2,下位,0,91,87
770,770,0,113,158,0,4,1094,367,496,-1583,2,下位,0,559,86
79,79,0,343,712,0,5,1864,367,496,-1583,2,下位,0,770,219
156,156,0,219,246,1,0,0,0,0,1,0,下位,0,0,0
167,167,0,112,154,0,0,0,156,307,72,2,下位,0,0,0
430,430,0,501,925,0,1,167,156,307,72,2,下位,0,167,215
96,96,0,111,153,0,0,0,597,986,368,6,下位,0,0,0
374,374,0,111,152,0,1,96,597,986,368,6,下位,0,96,214
448,448,0,393,812,0,2,470,597,986,368,6,下位,0,374,213
236,236,0,108,143,1,0,0,0,0,1,0,下位,0,0,0
202,202,0,111,152,1,1,236,0,0,1,0,下位,0,236,204
442,442,0,71,32,1,2,438,0,0,1,0,下位,0,202,213
207,207,0,146,239,1,3,880,0,0,1,0,下位,0,442,93
168,168,0,112,156,0,0,0,1087,300,-837,1,下位,0,0,0
329,329,0,111,152,0,1,168,1087,300,-837,1,下位,0,168,217
52,52,0,860,1878,0,2,497,1087,300,-837,1,下位,0,329,213
20,20,0,69,25,1,0,0,0,0,1,0,下位,0,0,0
657,657,0,1189,2352,1,1,20,0,0,1,0,下位,0,20,86
69,69,0,733,1556,0,0,0,677,2413,1475,13,下位,0,0,0
130,130,0,111,153,0,0,0,69,1617,656,9,下位,0,0,0
116,116,0,68,23,0,1,130,69,1617,656,9,下位,0,130,214
95,95,0,619,1268,0,2,246,69,1617,656,9,下位,0,116,84
144,144,0,110,149,1,0,0,0,0,1,0,下位,0,0,0
45,45,0,68,22,1,1,144,0,0,1,0,下位,0,144,210
666,666,0,405,610,1,2,189,0,0,1,0,下位,0,45,83
509,509,0,607,1072,0,0,0,855,671,-330,4,下位,0,0,0
278,278,0,112,156,0,0,0,509,1133,32,7,下位,0,0,0
409,409,0,350,760,0,1,278,509,1133,32,7,下位,0,278,217
131,131,0,111,153,0,0,0,687,821,29,3,下位,0,0,0
164,164,0,398,834,0,1,131,687,821,29,3,下位,0,131,214
20,20,0,1285,2673,1,0,0,0,0,1,0,下位,0,0,0
123,123,0,112,156,0,0,0,20,2734,359,15,下位,0,0,0
353,353,0,69,27,0,1,123,20,2734,359,15,下位,0,123,217
195,195,0,69,26,0,2,476,20,2734,359,15,下位,0,353,88
142,142,0,110,149,0,3,671,20,2734,359,15,下位,0,195,87
373,373,0,112,156,0,4,813,20,2734,359,15,下位,0,142,210
121,121,0,1066,2405,0,5,1186,20,2734,359,15,下位,0,373,217
209,209,0,1110,2674,0,0,0,1307,2466,1665,12,下位,0,0,0
9,9,0,68,24,1,0,0,0,0,1,0,下位,0,0,0
164,164,0,68,22,1,1,9,0,0,1,0,下位,0,9,85
472,472,0,68,23,1,2,173,0,0,1,0,下位,0,164,83
187,187,0,111,153,1,3,645,0,0,1,0,下位,0,472,84
808,808,0,68,24,1,4,832,0,0,1,0,下位,0,187,214
339,339,0,68,22,1,5,1640,0,0,1,0,下位,0,808,85
168,168,0,70,30,1,6,1979,0,0,1,0,下位,0,339,83
78,78,0,811,1818,1,7,2147,0,0,1,0,下位,0,168,91
87,87,0,111,153,0,0,0,2225,1879,-766,9,下位,0,0,0
75,75,0,111,152,0,1,87,2225,1879,-766,9,下位,0,87,214
297,297,0,472,857,0,2,162,2225,1879,-766,9,下位,0,75,213
509,509,0,256,521,0,0,0,459,918,-117,5,下位,0,0,0
119,119,0,375,649,0,0,0,509,582,-306,3,下位,0,0,0
172,172,0,112,155,1,0,0,0,0,1,0,下位,0,0,0
353,353,0,113,158,1,1,172,0,0,1,0,下位,0,172,216
356,356,0,897,2016,1,2,525,0,0,1,0,下位,0,353,219
412,412,0,1077,2387,0,0,0,881,2077,1178,10,下位,0,0,0
222,222,0,111,152,1,0,0,0,0,1,0,下位,0,0,0
809,809,0,370,643,1,1,222,0,0,1,0,下位,0,222,213
492,492,0,68,23,1,0,0,0,0,1,0,下位,0,0,0
621,621,0,367,677,1,1,492,0,0,1,0,下位,0,492,84
209,209,0,176,162,0,0,0,1113,738,-863,4,下位,0,0,0
150,150,0,275,420,0,0,0,209,223,-957,1,下位,0,0,0
180,180,0,112,156,1,0,0,0,0,1,0,下位,0,0,0
134,134,0,529,1095,1,1,180,0,0,1,0,下位,0,180,217
509,509,0,113,158,0,0,0,314,1156,898,6,下位,0,0,0
364,364,0,112,156,0,1,509,314,1156,898,6,下位,0,509,219
153,153,0,402,834,0,2,873,314,1156,898,6,下位,0,364,217
197,197,0,113,157,1,0,0,0,0,1,0,下位,0,0,0
682,682,0,68,24,1,1,197,0,0,1,0,下位,0,197,218
808,808,0,111,153,1,2,879,0,0,1,0,下位,0,682,85
490,490,0,156,214,1,3,1687,0,0,1,0,下位,0,808,214
235,235,0,112,155,1,0,0,0,0,1,0,下位,0,0,0
448,448,0,111,152,1,1,235,0,0,1,0,下位,0,235,216
124,124,0,70,29,1,2,683,0,0,1,0,下位,0,448,213
318,318,0,112,156,1,3,807,0,0,1,0,下位,0,124,90
472,472,0,112,155,1,4,1125,0,0,1,0,下位,0,318,217
422,422,0,64,12,1,5,1597,0,0,1,0,下位,0,472,216
263,263,0,440,899,1,6,2019,0,0,1,0,下位,0,422,73
64,64,0,111,152,0,0,0,2282,960,-1471,5,下位,0,0,0
198,198,0,759,1569,0,1,64,2282,960,-1471,5,下位,0,64,213
366,366,0,150,223,1,0,0,0,0,1,0,下位,0,0,0
472,472,0,257,553,0,0,0,366,284,-270,1,下位,0,0,0
466,466,0,69,26,0,0,0,472,614,-371,2,下位,0,0,0
260,260,0,1050,2180,0,1,466,472,614,-371,2,下位,0,466,87
94,94,0,111,152,0,0,0,726,2241,857,12,下位,0,0,0
117,117,0,1351,2909,0,1,94,726,2241,857,12,下位,0,94,213
75,75,0,616,1208,1,0,0,0,0,1,0,下位,0,0,0
509,509,0,111,152,0,0,0,75,1269,1156,8,下位,0,0,0
600,600,0,68,24,0,1,509,75,1269,1156,8,下位,0,509,213
98,98,0,68,23,0,2,1109,75,1269,1156,8,下位,0,600,85
509,509,0,111,152,0,3,1207,75,1269,1156,8,下位,0,98,84
196,196,0,68,22,0,4,1716,75,1269,1156,8,下位,0,509,213
139,139,0,112,154,0,5,1912,75,1269,1156,8,下位,0,196,83
181,181,0,621,1113,0,6,2051,75,1269,1156,8,下位,0,139,215
420,420,0,113,157,0,0,0,2232,1174,-158,6,下位,0,0,0
300,300,0,68,22,0,1,420,2232,1174,-158,6,下位,0,420,218
149,149,0,408,783,0,2,720,2232,1174,-158,6,下位,0,300,83
96,96,0,113,159,1,0,0,0,0,1,0,下位,0,0,0
809,809,0,111,153,1,1,96,0,0,1,0,下位,0,96,220
83,83,0,505,931,1,2,905,0,0,1,0,下位,0,809,214
209,209,0,655,1473,0,0,0,988,992,-70,6,下位,0,0,0
498,498,0,596,1173,0,0,0,209,1534,1147,9,下位,0,0,0
509,509,0,112,154,0,0,0,498,1234,1626,9,下位,0,0,0
686,686,0,111,153,0,1,509,498,1234,1626,9,下位,0,509,215
268,268,0,70,28,0,2,1195,498,1234,1626,9,下位,0,686,214
172,172,0,368,613,0,3,1463,498,1234,1626,9,下位,0,268,89
200,200,0,66,18,1,0,0,0,0,1,0,下位,0,0,0
254,254,0,68,22,1,1,200,0,0,1,0,下位,0,200,79
368,368,0,69,27,1,2,454,0,0,1,0,下位,0,254,83
58,58,0,315,545,1,3,822,0,0,1,0,下位,0,368,88
337,337,0,322,536,0,0,0,880,606,-477,4,下位,0,0,0
16,16,0,69,26,1,0,0,0,0,1,0,下位,0,0,0
472,472,0,107,140,1,1,16,0,0,1,0,下位,0,16,87
46,46,0,112,155,1,2,488,0,0,1,0,下位,0,472,201
155,155,0,408,734,1,3,534,0,0,1,0,下位,0,46,216
352,352,0,70,28,0,0,0,689,795,256,5,下位,0,0,0
135,135,0,114,162,0,1,352,689,795,256,5,下位,0,352,89
266,266,0,69,26,0,2,487,689,795,256,5,下位,0,135,223
589,589,0,70,29,0,3,753,689,795,256,5,下位,0,266,87
600,600,0,68,22,0,4,1342,689,795,256,5,下位,0,589,90
142,142,0,69,27,0,5,1942,689,795,256,5,下位,0,600,83
154,154,0,112,156,0,6,2084,689,795,256,5,下位,0,142,88
177,177,0,349,580,0,7,2238,689,795,256,5,下位,0,154,217
509,509,0,111,153,0,0,0,2415,641,-1884,3,下位,0,0,0
60,60,0,109,145,0,1,509,2415,641,-1884,3,下位,0,509,214
199,199,0,112,155,0,2,569,2415,641,-1884,3,下位,0,60,206
329,329,0,112,154,0,3,768,2415,641,-1884,3,下位,0,199,216
83,83,0,111,152,0,4,1097,2415,641,-1884,3,下位,0,329,215
313,313,0,112,154,0,5,1180,2415,641,-1884,3,下位,0,83,213
810,810,0,113,158,0,6,1493,2415,641,-1884,3,下位,0,313,215
501,501,0,112,156,0,7,2303,2415,641,-1884,3,下位,0,810,219
322,322,0,390,825,0,8,2804,2415,641,-1884,3,下位,0,501,217
215,215,0,111,153,1,0,0,0,0,1,0,下位,0,0,0
139,139,0,626,1137,1,1,215,0,0,1,0,下位,0,215,214
509,509,0,1226,2977,0,0,0,354,1198,876,6,下位,0,0,0
257,257,0,112,156,0,0,0,509,3038,887,15,下位,0,0,0
97,97,0,1544,3320,0,1,257,509,3038,887,15,下位,0,257,217
295,295,0,108,143,0,0,0,354,3381,1560,17,下位,0,0,0
327,327,0,107,141,0,1,295,354,3381,1560,17,下位,0,295,204
243,243,0,70,28,0,2,622,354,3381,1560,17,下位,0,327,202
134,134,0,152,226,0,3,865,354,3381,1560,17,下位,0,243,89
467,467,0,71,31,0,0,0,999,287,829,1,下位,0,0,0
322,322,0,69,27,0,1,467,999,287,829,1,下位,0,467,92
202,202,0,112,154,0,2,789,999,287,829,1,下位,0,322,88
737,737,0,113,159,0,3,991,999,287,829,1,下位,0,202,215
103,103,0,350,632,0,4,1728,999,287,829,1,下位,0,737,220
337,337,0,68,23,0,0,0,1831,693,-638,5,下位,0,0,0
808,808,0,189,302,0,1,337,1831,693,-638,5,下位,0,337,84
273,273,0,1658,3549,1,0,0,0,0,1,0,下位,0,0,0
161,161,0,894,2044,0,0,0,273,3610,987,20,下位,0,0,0
107,107,0,112,154,0,0,0,161,2105,590,10,下位,0,0,0
209,209,0,337,727,0,1,107,161,2105,590,10,下位,0,107,215
56,56,0,112,156,0,0,0,316,788,1114,4,下位,0,0,0
105,105,0,111,153,0,1,56,316,788,1114,4,下位,0,56,217
529,529,0,112,156,0,2,161,316,788,1114,4,下位,0,105,214
409,409,0,69,25,0,3,690,316,788,1114,4,下位,0,529,217
59,59,0,112,155,0,4,1099,316,788,1114,4,下位,0,409,86
87,87,0,442,678,0,5,1158,316,788,1114,4,下位,0,59,216
186,186,0,840,1802,0,0,0,1245,739,916,5,下位,0,0,0
502,502,0,112,155,1,0,0,0,0,1,0,下位,0,0,0
209,209,0,224,442,1,1,502,0,0,1,0,下位,0,502,216
71,71,0,107,140,0,0,0,711,503,-358,2,下位,0,0,0
542,542,0,111,152,0,1,71,711,503,-358,2,下位,0,71,201
427,427,0,68,22,0,2,613,711,503,-358,2,下位,0,542,213
199,199,0,702,1242,0,3,1040,711,503,-358,2,下位,0,427,83
507,507,0,109,147,0,0,0,1239,1303,-436,8,下位,0,0,0
233,233,0,68,23,0,1,507,1239,1303,-436,8,下位,0,507,208
66,66,0,109,145,0,2,740,1239,1303,-436,8,下位,0,233,84
104,104,0,109,146,0,3,806,1239,1303,-436,8,下位,0,66,206
106,106,0,68,23,0,4,910,1239,1303,-436,8,下位,0,104,207
154,154,0,69,25,0,5,1016,1239,1303,-436,8,下位,0,106,84
151,151,0,3643,8540,0,6,1170,1239,1303,-436,8,下位,0,154,86
22,22,0,70,28,1,0,0,0,0,1,0,下位,0,0,0
159,159,0,112,154,1,1,22,0,0,1,0,下位,0,22,89
102,102,0,373,733,1,2,181,0,0,1,0,下位,0,159,215
495,495,0,68,23,0,0,0,283,794,670,3,下位,0,0,0
73,73,0,109,145,0,1,495,283,794,670,3,下位,0,495,84
500,500,0,596,1305,0,2,568,283,794,670,3,下位,0,73,206
370,370,0,112,155,0,0,0,1068,1366,707,7,下位,0,0,0
478,478,0,111,153,0,1,370,1068,1366,707,7,下位,0,370,216
181,181,0,70,30,0,2,848,1068,1366,707,7,下位,0,478,214
774,774,0,111,152,0,3,1029,1068,1366,707,7,下位,0,181,91
145,145,0,910,1894,0,4,1803,1068,1366,707,7,下位,0,774,213
500,500,0,112,154,1,0,0,0,0,1,0,下位,0,0,0
641,641,0,111,153,1,1,500,0,0,1,0,下位,0,500,215
407,407,0,111,153,1,2,1141,0,0,1,0,下位,0,641,214
443,443,0,112,154,1,3,1548,0,0,1,0,下位,0,407,214
460,460,0,69,27,1,4,1991,0,0,1,0,下位,0,443,215
121,121,0,112,155,1,5,2451,0,0,1,0,下位,0,460,88
657,657,0,69,25,1,6,2572,0,0,1,0,下位,0,121,216
234,234,0,458,855,1,7,3229,0,0,1,0,下位,0,657,86
297,297,0,419,781,0,0,0,3463,916,-3082,5,下位,0,0,0
334,334,0,1461,3121,1,0,0,0,0,1,0,下位,0,0,0
105,105,0,111,153,0,0,0,334,3182,283,19,下位,0,0,0
195,195,0,111,152,0,1,105,334,3182,283,19,下位,0,105,214
88,88,0,69,27,0,2,300,334,3182,283,19,下位,0,195,213
78,78,0,111,152,0,3,388,334,3182,283,19,下位,0,88,88
109,109,0,112,156,0,4,466,334,3182,283,19,下位,0,78,213
528,528,0,420,930,0,5,575,334,3182,283,19,下位,0,109,217
145,145,0,111,152,0,0,0,1103,991,549,5,下位,0,0,0
636,636,0,112,154,0,1,145,1103,991,549,5,下位,0,145,213
251,251,0,112,155,0,2,781,1103,991,549,5,下位,0,636,215
256,256,0,113,157,0,3,1032,1103,991,549,5,下位,0,251,216
760,760,0,112,156,0,4,1288,1103,991,549,5,下位,0,256,218
808,808,0,69,27,0,5,2048,1103,991,549,5,下位,0,760,217
107,107,0,69,27,0,6,2856,1103,991,549,5,下位,0,808,88
119,119,0,112,154,0,7,2963,1103,991,549,5,下位,0,107,88
147,147,0,739,1534,0,8,3082,1103,991,549,5,下位,0,119,215
209,209,0,877,1848,0,0,0,3229,1595,-1279,9,下位,0,0,0
500,500,0,456,937,1,0,0,0,0,1,0,下位,0,0,0
179,179,0,112,155,0,0,0,500,998,241,7,下位,0,0,0
808,808,0,387,836,0,1,179,500,998,241,7,下位,0,179,216
129,129,0,112,156,0,0,0,987,897,-141,4,下位,0,0,0
808,808,0,66,17,0,1,129,987,897,-141,4,下位,0,129,217
255,255,0,422,773,0,2,937,987,897,-141,4,下位,0,808,78
160,160,0,68,24,0,0,0,1192,834,-817,4,下位,0,0,0
209,209,0,670,1372,0,1,160,1192,834,-817,4,下位,0,160,85
7,7,0,68,23,1,0,0,0,0,1,0,下位,0,0,0
70,70,0,1073,1947,1,1,7,0,0,1,0,下位,0,7,84
151,151,0,2550,6075,0,0,0,77,2008,1976,13,下位,0,0,0
52,52,0,114,161,0,0,0,151,6136,997,30,下位,0,0,0
523,523,0,112,156,0,1,52,151,6136,997,30,下位,0,52,222
387,387,0,69,25,0,2,575,151,6136,997,30,下位,0,523,217
230,230,0,111,153,0,3,962,151,6136,997,30,下位,0,387,86
61,61,0,2185,4891,0,4,1192,151,6136,997,30,下位,0,230,214
288,288,0,363,700,0,0,0,1253,4952,204,28,下位,0,0,0
378,378,0,152,231,0,0,0,288,761,529,4,下位,0,0,0
227,227,0,114,160,1,0,0,0,0,1,0,下位,0,0,0
54,54,0,114,161,1,1,227,0,0,1,0,下位,0,227,221
112,112,0,110,150,1,2,281,0,0,1,0,下位,0,54,222
584,584,0,69,25,1,3,393,0,0,1,0,下位,0,112,211
56,56,0,236,422,1,4,977,0,0,1,0,下位,0,584,86
163,163,0,111,153,0,0,0,1033,483,-342,2,下位,0,0,0
88,88,0,60,0,0,1,163,1033,483,-342,2,下位,0,163,214
110,110,0,67,19,0,2,251,1033,483,-342,2,下位,0,88,61
49,49,0,68,24,0,3,361,1033,483,-342,2,下位,0,110,80
104,104,0,196,273,0,4,410,1033,483,-342,2,下位,0,49,85
466,466,0,68,24,0,0,0,514,334,-347,2,下位,0,0,0
283,283,0,2168,4387,0,1,466,514,334,-347,2,下位,0,466,85
209,209,0,1091,2586,0,0,0,749,4448,666,27,下位,0,0,0
99,99,0,570,1277,1,0,0,0,0,1,0,下位,0,0,0
65,65,0,66,17,0,0,0,99,1338,1189,8,下位,0,0,0
387,387,0,68,23,0,1,65,99,1338,1189,8,下位,0,65,78
73,73,0,549,1089,0,2,452,99,1338,1189,8,下位,0,387,84
509,509,0,112,154,0,0,0,525,1150,1706,8,下位,0,0,0
47,47,0,69,25,0,1,509,525,1150,1706,8,下位,0,509,215
406,406,0,497,917,0,2,556,525,1150,1706,8,下位,0,47,86
394,394,0,112,155,1,0,0,0,0,1,0,下位,0,0,0
148,148,0,981,1896,1,1,394,0,0,1,0,下位,0,394,216
174,174,0,112,155,0,0,0,542,1957,1353,15,下位,0,0,0
638,638,0,431,955,0,1,174,542,1957,1353,15,下位,0,174,216
500,500,0,112,156,1,0,0,0,0,1,0,下位,0,0,0
808,808,0,111,152,1,1,500,0,0,1,0,下位,0,500,217
58,58,0,933,2082,1,2,1308,0,0,1,0,下位,0,808,213
489,489,0,70,30,1,0,0,0,0,1,0,下位,0,0,0
465,465,0,69,25,1,1,489,0,0,1,0,下位,0,489,91
178,178,0,325,598,1,2,954,0,0,1,0,下位,0,465,86
268,268,0,111,153,0,0,0,1132,659,-879,3,下位,0,0,0
254,254,0,112,154,0,1,268,1132,659,-879,3,下位,0,268,214
458,458,0,107,139,0,2,522,1132,659,-879,3,下位,0,254,215
81,81,0,111,152,0,3,980,1132,659,-879,3,下位,0,458,200
258,258,0,113,157,0,4,1061,1132,659,-879,3,下位,0,81,213
84,84,0,113,157,0,5,1319,1132,659,-879,3,下位,0,258,218
551,551,0,111,153,0,6,1403,1132,659,-879,3,下位,0,84,218
808,808,0,112,154,0,7,1954,1132,659,-879,3,下位,0,551,214
809,809,0,71,32,0,8,2762,1132,659,-879,3,下位,0,808,215
764,764,0,106,138,0,9,3571,1132,659,-879,3,下位,0,809,93
317,317,0,114,161,0,10,4335,1132,659,-879,3,下位,0,764,199
570,570,0,69,26,0,11,4652,1132,659,-879,3,下位,0,317,222
158,158,0,398,621,0,12,5222,1132,659,-879,3,下位,0,570,87
274,274,0,70,29,1,0,0,0,0,1,0,下位,0,0,0
218,218,0,112,154,1,1,274,0,0,1,0,下位,0,274,90
470,470,0,111,153,1,2,492,0,0,1,0,下位,0,218,215
286,286,0,111,152,1,3,962,0,0,1,0,下位,0,470,214
209,209,0,380,848,1,4,1248,0,0,1,0,下位,0,286,213
76,76,0,112,154,0,0,0,1457,909,-565,4,下位,0,0,0
460,460,0,741,1612,0,1,76,1457,909,-565,4,下位,0,76,215
208,208,0,68,22,0,0,0,536,1673,511,8,下位,0,0,0
405,405,0,112,155,0,1,208,536,1673,511,8,下位,0,208,83
524,524,0,286,475,0,2,613,536,1673,511,8,下位,0,405,216
500,500,0,69,26,1,0,0,0,0,1,0,下位,0,0,0
68,68,0,361,678,1,1,500,0,0,1,0,下位,0,500,87
187,187,0,361,617,0,0,0,568,739,-34,4,下位,0,0,0
510,510,0,111,153,0,0,0,187,678,361,5,下位,0,0,0
214,214,0,111,152,0,1,510,187,678,361,5,下位,0,510,214
179,179,0,112,154,0,2,724,187,678,361,5,下位,0,214,213
242,242,0,69,26,0,3,903,187,678,361,5,下位,0,179,215
132,132,0,111,152,0,4,1145,187,678,361,5,下位,0,242,87
218,218,0,112,156,0,5,1277,187,678,361,5,下位,0,132,213
68,68,0,69,25,0,6,1495,187,678,361,5,下位,0,218,217
808,808,0,107,139,0,7,1563,187,678,361,5,下位,0,68,86
128,128,0,388,829,0,8,2371,187,678,361,5,下位,0,808,200
261,261,0,113,159,1,0,0,0,0,1,0,下位,0,0,0
146,146,0,114,160,1,1,261,0,0,1,0,下位,0,261,220
580,580,0,69,25,1,2,407,0,0,1,0,下位,0,146,221
619,619,0,111,152,1,3,987,0,0,1,0,下位,0,580,86
54,54,0,111,152,1,4,1606,0,0,1,0,下位,0,619,213
92,92,0,1044,2142,1,5,1660,0,0,1,0,下位,0,54,213
136,136,0,68,23,1,0,0,0,0,1,0,下位,0,0,0
99,99,0,113,157,1,1,136,0,0,1,0,下位,0,136,84
71,71,0,268,561,1,2,235,0,0,1,0,下位,0,99,218
142,142,0,111,153,0,0,0,306,622,461,2,下位,0,0,0
162,162,0,111,153,0,1,142,306,622,461,2,下位,0,142,214
456,456,0,114,160,0,2,304,306,622,461,2,下位,0,162,214
134,134,0,388,838,0,3,760,306,622,461,2,下位,0,456,221
131,131,0,68,23,0,0,0,894,899,655,4,下位,0,0,0
518,518,0,466,978,0,1,131,894,899,655,4,下位,0,131,84
509,509,0,112,156,0,0,0,649,1039,795,6,下位,0,0,0
584,584,0,114,162,0,1,509,649,1039,795,6,下位,0,509,217
164,164,0,113,159,0,2,1093,649,1039,795,6,下位,0,584,223
275,275,0,114,160,0,3,1257,649,1039,795,6,下位,0,164,220
545,545,0,112,155,0,4,1532,649,1039,795,6,下位,0,275,221
147,147,0,112,155,0,5,2077,649,1039,795,6,下位,0,545,216
110,110,0,503,1119,0,6,2224,649,1039,795,6,下位,0,147,216
113,113,0,112,155,1,0,0,0,0,1,0,下位,0,0,0
661,661,0,310,635,1,1,113,0,0,1,0,下位,0,113,216
116,116,0,68,24,0,0,0,774,696,-260,3,下位,0,0,0
709,709,0,378,633,0,1,116,774,696,-260,3,下位,0,116,85
308,308,0,112,154,0,0,0,825,694,-731,4,下位,0,0,0
472,472,0,520,1112,0,1,308,825,694,-731,4,下位,0,308,215
376,376,0,114,160,1,0,0,0,0,1,0,下位,0,0,0
217,217,0,112,155,1,1,376,0,0,1,0,下位,0,376,221
205,205,0,112,154,1,2,593,0,0,1,0,下位,0,217,216
252,252,0,70,30,1,3,798,0,0,1,0,下位,0,205,215
808,808,0,68,22,1,4,1050,0,0,1,0,下位,0,252,91
275,275,0,70,29,1,5,1858,0,0,1,0,下位,0,808,83
79,79,0,111,152,1,6,2133,0,0,1,0,下位,0,275,90
339,339,0,69,26,1,7,2212,0,0,1,0,下位,0,79,213
45,45,0,111,152,1,8,2551,0,0,1,0,下位,0,339,87
145,145,0,262,430,1,9,2596,0,0,1,0,下位,0,45,213
171,171,0,70,29,0,0,0,2741,491,-2234,4,下位,0,0,0
113,113,0,111,152,0,1,171,2741,491,-2234,4,下位,0,171,90
66,66,0,531,892,0,2,284,2741,491,-2234,4,下位,0,113,213
306,306,0,273,550,0,0,0,350,953,-1508,6,下位,0,0,0
223,223,0,68,22,0,0,0,306,611,-1361,2,下位,0,0,0
748,748,0,114,162,0,1,223,306,611,-1361,2,下位,0,223,83
411,411,0,111,152,0,2,971,306,611,-1361,2,下位,0,748,223
399,399,0,427,712,0,3,1382,306,611,-1361,2,下位,0,411,213
273,273,0,69,25,1,0,0,0,0,1,0,下位,0,0,0
261,261,0,69,26,1,1,273,0,0,1,0,下位,0,273,86
563,563,0,107,139,1,2,534,0,0,1,0,下位,0,261,87
257,257,0,112,156,1,3,1097,0,0,1,0,下位,0,563,200
301,301,0,111,152,1,4,1354,0,0,1,0,下位,0,257,217
343,343,0,68,23,1,5,1655,0,0,1,0,下位,0,301,213
296,296,0,69,27,1,6,1998,0,0,1,0,下位,0,343,84
102,102,0,64,12,1,7,2294,0,0,1,0,下位,0,296,88
80,80,0,186,295,1,8,2396,0,0,1,0,下位,0,102,73
436,436,0,111,152,0,0,0,2476,356,-2346,2,下位,0,0,0
264,264,0,114,162,0,1,436,2476,356,-2346,2,下位,0,436,213
126,126,0,353,757,0,2,700,2476,356,-2346,2,下位,0,264,223
161,161,0,111,153,0,0,0,826,818,-2344,3,下位,0,0,0
148,148,0,111,152,0,1,161,826,818,-2344,3,下位,0,161,214
334,334,0,112,155,0,2,309,826,818,-2344,3,下位,0,148,213
242,242,0,68,22,0,3,643,826,818,-2344,3,下位,0,334,216
79,79,0,71,31,0,4,885,826,818,-2344,3,下位,0,242,83
180,180,0,305,638,0,5,964,826,818,-2344,3,下位,0,79,92
130,130,0,112,156,1,0,0,0,0,1,0,下位,0,0,0
144,144,0,68,22,1,1,130,0,0,1,0,下位,0,130,217
505,505,0,105,135,1,2,274,0,0,1,0,下位,0,144,83
314,314,0,112,154,1,3,779,0,0,1,0,下位,0,505,196
814,814,0,104,132,1,4,1093,0,0,1,0,下位,0,314,215
232,232,0,111,152,1,5,1907,0,0,1,0,下位,0,814,193
75,75,0,107,141,1,6,2139,0,0,1,0,下位,0,232,213
318,318,0,683,1482,1,7,2214,0,0,1,0,下位,0,75,202
88,88,0,113,157,0,0,0,2532,1543,-974,8,下位,0,0,0
278,278,0,68,24,0,1,88,2532,1543,-974,8,下位,0,88,218
68,68,0,589,1174,0,2,366,2532,1543,-974,8,下位,0,278,85
303,303,0,108,143,1,0,0,0,0,1,0,下位,0,0,0
395,395,0,460,926,1,1,303,0,0,1,0,下位,0,303,204
303,303,0,112,155,0,0,0,698,987,135,4,下位,0,0,0
451,451,0,114,160,0,1,303,698,987,135,4,下位,0,303,216
113,113,0,999,1844,0,2,754,698,987,135,4,下位,0,451,221
209,209,0,216,398,0,0,0,867,1905,1164,13,下位,0,0,0
509,509,0,69,26,0,0,0,209,459,1306,3,下位,0,0,0
92,92,0,348,710,0,1,509,209,459,1306,3,下位,0,509,87
505,505,0,275,558,0,0,0,601,771,1254,4,下位,0,0,0
150,150,0,497,1101,0,0,0,505,619,1108,2,下位,0,0,0
500,500,0,70,30,1,0,0,0,0,1,0,下位,0,0,0
147,147,0,1303,2748,1,1,500,0,0,1,0,下位,0,500,91
103,103,0,68,22,0,0,0,647,2809,1920,16,下位,0,0,0
556,556,0,112,154,0,1,103,647,2809,1920,16,下位,0,103,83
122,122,0,300,632,0,2,659,647,2809,1920,16,下位,0,556,215
106,106,0,271,367,1,0,0,0,0,1,0,下位,0,0,0
84,84,0,111,153,0,0,0,106,428,268,2,下位,0,0,0
307,307,0,111,152,0,1,84,106,428,268,2,下位,0,84,214
410,410,0,388,840,0,2,391,106,428,268,2,下位,0,307,213
472,472,0,112,154,1,0,0,0,0,1,0,下位,0,0,0
128,128,0,316,595,1,1,472,0,0,1,0,下位,0,472,215
159,159,0,110,148,0,0,0,600,656,-37,3,下位,0,0,0
405,405,0,69,26,0,1,159,600,656,-37,3,下位,0,159,209
259,259,0,68,23,0,2,564,600,656,-37,3,下位,0,405,87
104,104,0,111,152,0,3,823,600,656,-37,3,下位,0,259,84
382,382,0,110,148,0,4,927,600,656,-37,3,下位,0,104,213
209,209,0,577,1154,0,5,1309,600,656,-37,3,下位,0,382,209
509,509,0,112,155,0,0,0,1518,1215,-321,6,下位,0,0,0
605,605,0,111,153,0,1,509,1518,1215,-321,6,下位,0,509,216
76,76,0,69,26,0,2,1114,1518,1215,-321,6,下位,0,605,214
255,255,0,68,22,0,3,1190,1518,1215,-321,6,下位,0,76,87
140,140,0,68,22,0,4,1445,1518,1215,-321,6,下位,0,255,83
237,237,0,112,156,0,5,1585,1518,1215,-321,6,下位,0,140,83
654,654,0,113,158,0,6,1822,1518,1215,-321,6,下位,0,237,217
58,58,0,112,155,0,7,2476,1518,1215,-321,6,下位,0,654,219
325,325,0,70,28,0,8,2534,1518,1215,-321,6,下位,0,58,216
72,72,0,112,156,0,9,2859,1518,1215,-321,6,下位,0,325,89
673,673,0,596,1303,0,10,2931,1518,1215,-321,6,下位,0,72,217
500,500,0,111,152,1,0,0,0,0,1,0,下位,0,0,0
808,808,0,111,152,1,1,500,0,0,1,0,下位,0,500,213
178,178,0,68,22,1,2,1308,0,0,1,0,下位,0,808,213
333,333,0,111,153,1,3,1486,0,0,1,0,下位,0,178,83
204,204,0,70,30,1,4,1819,0,0,1,0,下位,0,333,214
378,378,0,70,28,1,5,2023,0,0,1,0,下位,0,204,91
93,93,0,112,156,1,6,2401,0,0,1,0,下位,0,378,89
62,62,0,482,903,1,7,2494,0,0,1,0,下位,0,93,217
65,65,0,633,1221,0,0,0,2556,964,-1789,4,下位,0,0,0
56,56,0,425,908,0,0,0,65,1282,-605,7,下位,0,0,0
65,65,0,111,153,0,0,0,56,969,279,5,下位,0,0,0
548,548,0,111,152,0,1,65,56,969,279,5,下位,0,65,214
111,111,0,341,710,0,2,613,56,969,279,5,下位,0,548,213
509,509,0,112,155,0,0,0,724,771,381,4,下位,0,0,0
148,148,0,112,154,0,1,509,724,771,381,4,下位,0,509,216
46,46,0,485,971,0,2,657,724,771,381,4,下位,0,148,215
43,43,0,612,1145,0,0,0,703,1032,779,6,下位,0,0,0
361,361,0,502,980,1,0,0,0,0,1,0,下位,0,0,0
333,333,0,111,152,0,0,0,361,1041,495,5,下位,0,0,0
301,301,0,111,152,0,1,333,361,1041,495,5,下位,0,333,213
287,287,0,68,24,0,2,634,361,1041,495,5,下位,0,301,213
54,54,0,112,155,0,3,921,361,1041,495,5,下位,0,287,85
503,503,0,68,24,0,4,975,361,1041,495,5,下位,0,54,216
162,162,0,687,1481,0,5,1478,361,1041,495,5,下位,0,503,85
493,493,0,68,24,0,0,0,1640,1542,364,8,下位,0,0,0
267,267,0,112,154,0,1,493,1640,1542,364,8,下位,0,493,85
100,100,0,114,162,0,2,760,1640,1542,364,8,下位,0,267,215
241,241,0,112,156,0,3,860,1640,1542,364,8,下位,0,100,223
94,94,0,764,1638,0,4,1101,1640,1542,364,8,下位,0,241,217
509,509,0,112,155,0,0,0,1195,1699,992,10,下位,0,0,0
224,224,0,111,153,0,1,509,1195,1699,992,10,下位,0,509,216
244,244,0,111,153,0,2,733,1195,1699,992,10,下位,0,224,214
808,808,0,111,153,0,3,977,1195,1699,992,10,下位,0,244,214
140,140,0,113,159,0,4,1785,1195,1699,992,10,下位,0,808,214
279,279,0,112,156,0,5,1925,1195,1699,992,10,下位,0,140,220
101,101,0,153,228,0,6,2204,1195,1699,992,10,下位,0,279,217
500,500,0,109,147,1,0,0,0,0,1,0,下位,0,0,0
137,137,0,150,229,1,1,500,0,0,1,0,下位,0,500,208
510,510,0,108,144,0,0,0,637,290,-467,1,下位,0,0,0
566,566,0,110,150,0,1,510,637,290,-467,1,下位,0,510,205
121,121,0,70,29,0,2,1076,637,290,-467,1,下位,0,566,211
70,70,0,189,267,0,3,1197,637,290,-467,1,下位,0,121,90
209,209,0,143,233,0,0,0,1267,328,-1553,2,下位,0,0,0
330,330,0,69,25,1,0,0,0,0,1,0,下位,0,0,0
166,166,0,68,24,1,1,330,0,0,1,0,下位,0,330,86
748,748,0,114,160,1,2,496,0,0,1,0,下位,0,166,85
214,214,0,69,26,1,3,1244,0,0,1,0,下位,0,748,221
208,208,0,111,152,1,4,1458,0,0,1,0,下位,0,214,87
764,764,0,111,153,1,5,1666,0,0,1,0,下位,0,208,213
209,209,0,69,26,1,6,2430,0,0,1,0,下位,0,764,214
249,249,0,395,845,1,7,2639,0,0,1,0,下位,0,209,87
84,84,0,112,154,1,0,0,0,0,1,0,下位,0,0,0
457,457,0,68,24,1,1,84,0,0,1,0,下位,0,84,215
129,129,0,68,22,1,2,541,0,0,1,0,下位,0,457,85
603,603,0,112,155,1,3,670,0,0,1,0,下位,0,129,83
290,290,0,859,2006,1,4,1273,0,0,1,0,下位,0,603,216
201,201,0,562,1170,0,0,0,1563,2067,300,11,下位,0,0,0
94,94,0,386,827,0,0,0,201,1231,1226,7,下位,0,0,0
386,386,0,693,1484,0,0,0,94,888,1972,4,下位,0,0,0
60,60,0,68,24,0,0,0,386,1545,698,8,下位,0,0,0
130,130,0,69,26,0,1,60,386,1545,698,8,下位,0,60,85
180,180,0,68,24,0,2,190,386,1545,698,8,下位,0,130,87
141,141,0,68,22,0,3,370,386,1545,698,8,下位,0,180,85
85,85,0,68,23,0,4,511,386,1545,698,8,下位,0,141,83
58,58,0,68,24,0,5,596,386,1545,698,8,下位,0,85,84
456,456,0,107,139,0,6,654,386,1545,698,8,下位,0,58,85
180,180,0,114,162,0,7,1110,386,1545,698,8,下位,0,456,200
235,235,0,346,781,0,8,1290,386,1545,698,8,下位,0,180,223
509,509,0,154,230,0,0,0,1525,842,160,3,下位,0,0,0
173,173,0,69,27,0,0,0,509,291,-320,1,下位,0,0,0
151,151,0,70,30,0,1,173,509,291,-320,1,下位,0,173,88
362,362,0,379,788,0,2,324,509,291,-320,1,下位,0,151,91
501,501,0,485,876,1,0,0,0,0,1,0,下位,0,0,0
294,294,0,112,155,0,0,0,501,937,179,7,下位,0,0,0
191,191,0,113,159,0,1,294,501,937,179,7,下位,0,294,216
70,70,0,69,26,0,2,485,501,937,179,7,下位,0,191,220
237,237,0,112,156,0,3,555,501,937,179,7,下位,0,70,87
104,104,0,71,32,0,4,792,501,937,179,7,下位,0,237,217
62,62,0,114,161,0,5,896,501,937,179,7,下位,0,104,93
675,675,0,112,154,0,6,958,501,937,179,7,下位,0,62,222
628,628,0,346,663,0,7,1633,501,937,179,7,下位,0,675,215
303,303,0,68,22,0,0,0,2261,724,-1253,4,下位,0,0,0
377,377,0,68,23,0,1,303,2261,724,-1253,4,下位,0,303,83
176,176,0,108,142,0,2,680,2261,724,-1253,4,下位,0,377,84
136,136,0,110,148,0,3,856,2261,724,-1253,4,下位,0,176,203
102,102,0,71,32,0,4,992,2261,724,-1253,4,下位,0,136,209
73,73,0,111,152,0,5,1094,2261,724,-1253,4,下位,0,102,93
143,143,0,111,153,0,6,1167,2261,724,-1253,4,下位,0,73,213
411,411,0,112,155,0,7,1310,2261,724,-1253,4,下位,0,143,214
70,70,0,69,25,0,8,1721,2261,724,-1253,4,下位,0,411,216
190,190,0,69,27,0,9,1791,2261,724,-1253,4,下位,0,70,86
116,116,0,622,1153,0,10,1981,2261,724,-1253,4,下位,0,190,88
69,69,0,111,153,1,0,0,0,0,1,0,下位,0,0,0
238,238,0,68,23,1,1,69,0,0,1,0,下位,0,69,214
352,352,0,70,28,1,2,307,0,0,1,0,下位,0,238,84
63,63,0,653,1217,1,3,659,0,0,1,0,下位,0,352,89
177,177,0,149,230,0,0,0,722,1278,572,7,下位,0,0,0
196,196,0,112,154,0,0,0,177,291,595,1,下位,0,0,0
464,464,0,112,156,0,1,196,177,291,595,1,下位,0,196,215
503,503,0,114,161,0,2,660,177,291,595,1,下位,0,464,217
189,189,0,109,146,0,3,1163,177,291,595,1,下位,0,503,222
131,131,0,112,156,0,4,1352,177,291,595,1,下位,0,189,207
107,107,0,527,1032,0,5,1483,177,291,595,1,下位,0,131,217
0,0,0,71,32,1,0,0,0,0,1,0,下位,0,0,0
67,67,0,246,400,0,0,0,0,93,94,1,下位,0,0,0
137,137,0,111,152,0,0,0,67,461,453,2,下位,0,0,0
638,638,0,431,959,0,1,137,67,461,453,2,下位,0,137,213
105,105,0,1055,2659,0,0,0,775,1020,511,2,下位,0,0,0
134,134,0,182,366,0,0,0,105,2720,824,8,下位,0,0,0
134,134,0,93,97,0,1,134,105,2720,824,8,下位,0,134,427
658,658,0,95,104,0,2,268,105,2720,824,8,下位,0,134,158
275,275,0,93,99,0,3,926,105,2720,824,8,下位,0,658,165
86,86,0,194,400,0,4,1201,105,2720,824,8,下位,0,275,160
197,197,0,71,31,0,5,1287,105,2720,824,8,下位,0,86,461
64,64,0,1366,3238,0,6,1484,105,2720,824,8,下位,0,197,92
137,137,0,111,152,0,0,0,1548,3299,948,17,下位,0,0,0
47,47,0,70,30,0,1,137,1548,3299,948,17,下位,0,137,213
134,134,0,4708,11557,0,2,184,1548,3299,948,17,下位,0,47,91
78,78,0,111,152,1,0,0,0,0,1,0,下位,0,0,0
696,696,0,69,25,1,1,78,0,0,1,0,下位,0,78,213
214,214,0,69,26,1,2,774,0,0,1,0,下位,0,696,86
77,77,0,802,1700,1,3,988,0,0,1,0,下位,0,214,87
70,70,0,113,158,0,0,0,1065,1761,534,11,下位,0,0,0
313,313,0,68,23,0,1,70,1065,1761,534,11,下位,0,70,219
489,489,0,384,855,0,2,383,1065,1761,534,11,下位,0,313,84
73,73,0,111,152,0,0,0,872,916,432,4,下位,0,0,0
125,125,0,437,756,0,1,73,872,916,432,4,下位,0,73,213
58,58,0,68,23,0,0,0,198,817,1162,4,下位,0,0,0
188,188,0,186,305,0,1,58,198,817,1162,4,下位,0,58,84
144,144,0,308,503,0,0,0,246,366,1239,2,下位,0,0,0
197,197,0,68,24,0,0,0,144,564,1585,2,下位,0,0,0
120,120,0,113,159,0,1,197,144,564,1585,2,下位,0,197,85
50,50,0,112,156,0,2,317,144,564,1585,2,下位,0,120,220
302,302,0,112,155,0,3,367,144,564,1585,2,下位,0,50,217
808,808,0,111,152,0,4,669,144,564,1585,2,下位,0,302,216
145,145,0,111,152,0,5,1477,144,564,1585,2,下位,0,808,213
67,67,0,68,23,0,6,1622,144,564,1585,2,下位,0,145,213
209,209,0,751,1581,0,7,1689,144,564,1585,2,下位,0,67,84
500,500,0,111,152,1,0,0,0,0,1,0,下位,0,0,0
315,315,0,112,155,1,1,500,0,0,1,0,下位,0,500,213
173,173,0,68,23,1,2,815,0,0,1,0,下位,0,315,216
458,458,0,111,152,1,3,988,0,0,1,0,下位,0,173,84
209,209,0,111,153,1,4,1446,0,0,1,0,下位,0,458,213
64,64,0,510,1168,1,5,1655,0,0,1,0,下位,0,209,214
105,105,0,538,1069,0,0,0,1719,1229,-435,5,下位,0,0,0
337,337,0,618,1269,0,0,0,105,1130,536,6,下位,0,0,0
509,509,0,327,467,0,0,0,337,1330,1355,7,下位,0,0,0
281,281,0,111,152,1,0,0,0,0,1,0,下位,0,0,0
270,270,0,69,25,1,1,281,0,0,1,0,下位,0,281,213
162,162,0,672,1515,1,2,551,0,0,1,0,下位,0,270,86
229,229,0,144,228,1,0,0,0,0,1,0,下位,0,0,0
400,400,0,111,152,0,0,0,229,289,-57,1,下位,0,0,0
298,298,0,354,503,0,1,400,229,289,-57,1,下位,0,400,213
130,130,0,69,25,0,0,0,698,564,-338,4,下位,0,0,0
192,192,0,68,22,0,1,130,698,564,-338,4,下位,0,130,86
436,436,0,113,159,0,2,322,698,564,-338,4,下位,0,192,83
183,183,0,113,157,0,3,758,698,564,-338,4,下位,0,436,220
809,809,0,111,152,0,4,941,698,564,-338,4,下位,0,183,218
140,140,0,112,154,0,5,1750,698,564,-338,4,下位,0,809,213
577,577,0,114,160,0,6,1890,698,564,-338,4,下位,0,140,215
131,131,0,112,154,0,7,2467,698,564,-338,4,下位,0,577,221
494,494,0,111,152,0,8,2598,698,564,-338,4,下位,0,131,215
165,165,0,822,1665,0,9,3092,698,564,-338,4,下位,0,494,213
7,7,0,112,154,1,0,0,0,0,1,0,下位,0,0,0
514,514,0,113,159,1,1,7,0,0,1,0,下位,0,7,215
142,142,0,112,154,1,2,521,0,0,1,0,下位,0,514,220
126,126,0,478,892,1,3,663,0,0,1,0,下位,0,142,215
236,236,0,71,31,0,0,0,789,953,408,4,下位,0,0,0
200,200,0,69,26,0,1,236,789,953,408,4,下位,0,236,92
808,808,0,109,145,0,2,436,789,953,408,4,下位,0,200,87
209,209,0,112,154,0,3,1244,789,953,408,4,下位,0,808,206
226,226,0,1000,2124,0,4,1453,789,953,408,4,下位,0,209,215
187,187,0,225,307,1,0,0,0,0,1,0,下位,0,0,0
196,196,0,68,24,0,0,0,187,368,86,1,下位,0,0,0
284,284,0,68,24,0,1,196,187,368,86,1,下位,0,196,85
368,368,0,112,154,0,2,480,187,368,86,1,下位,0,284,85
524,524,0,111,151,0,3,848,187,368,86,1,下位,0,368,215
745,745,0,1179,2298,0,4,1372,187,368,86,1,下位,0,524,212
169,169,0,113,158,0,0,0,2117,2359,-166,14,下位,0,0,0
403,403,0,109,146,0,1,169,2117,2359,-166,14,下位,0,169,219
467,467,0,69,26,0,2,572,2117,2359,-166,14,下位,0,403,207
109,109,0,112,154,0,3,1039,2117,2359,-166,14,下位,0,467,87
71,71,0,354,727,0,4,1148,2117,2359,-166,14,下位,0,109,215
117,117,0,111,152,1,0,0,0,0,1,0,下位,0,0,0
602,602,0,296,583,1,1,117,0,0,1,0,下位,0,117,213
182,182,0,639,1238,0,0,0,719,644,-231,4,下位,0,0,0
509,509,0,111,153,0,0,0,182,1299,792,7,下位,0,0,0
624,624,0,103,128,0,1,509,182,1299,792,7,下位,0,509,214
523,523,0,68,24,0,2,1133,182,1299,792,7,下位,0,624,189
127,127,0,68,22,0,3,1656,182,1299,792,7,下位,0,523,85
284,284,0,69,25,0,4,1783,182,1299,792,7,下位,0,127,83
89,89,0,69,25,0,5,2067,182,1299,792,7,下位,0,284,86
203,203,0,69,27,0,6,2156,182,1299,792,7,下位,0,89,86
595,595,0,68,23,0,7,2359,182,1299,792,7,下位,0,203,88
268,268,0,112,156,0,8,2954,182,1299,792,7,下位,0,595,84
118,118,0,459,924,0,9,3222,182,1299,792,7,下位,0,268,217
258,258,0,287,543,0,0,0,3340,985,-2151,4,下位,0,0,0
500,500,0,111,153,1,0,0,0,0,1,0,下位,0,0,0
194,194,0,660,1074,1,1,500,0,0,1,0,下位,0,500,214
509,509,0,71,31,0,0,0,694,1135,298,6,下位,0,0,0
407,407,0,754,1729,0,1,509,694,1135,298,6,下位,0,509,92
127,127,0,68,24,1,0,0,0,0,1,0,下位,0,0,0
522,522,0,71,31,1,1,127,0,0,1,0,下位,0,127,85
661,661,0,650,1473,1,2,649,0,0,1,0,下位,0,522,92
424,424,0,148,227,0,0,0,1310,1534,-273,9,下位,0,0,0
510,510,0,318,634,0,0,0,424,288,-627,1,下位,0,0,0
84,84,0,111,153,0,0,0,510,695,-705,3,下位,0,0,0
360,360,0,114,160,0,1,84,510,695,-705,3,下位,0,84,214
133,133,0,429,783,0,2,444,510,695,-705,3,下位,0,360,221
273,273,0,113,157,0,0,0,577,844,-300,4,下位,0,0,0
62,62,0,113,158,0,1,273,577,844,-300,4,下位,0,273,218
440,440,0,945,2116,0,2,335,577,844,-300,4,下位,0,62,219
158,158,0,111,152,0,0,0,775,2177,1139,13,下位,0,0,0
343,343,0,112,154,0,1,158,775,2177,1139,13,下位,0,158,213
50,50,0,312,624,0,2,501,775,2177,1139,13,下位,0,343,215
500,500,0,112,156,1,0,0,0,0,1,0,下位,0,0,0
238,238,0,68,24,1,1,500,0,0,1,0,下位,0,500,217
734,734,0,68,24,1,2,738,0,0,1,0,下位,0,238,85
453,453,0,109,145,1,3,1472,0,0,1,0,下位,0,734,85
296,296,0,69,25,1,4,1925,0,0,1,0,下位,0,453,206
241,241,0,112,156,1,5,2221,0,0,1,0,下位,0,296,86
107,107,0,323,537,1,6,2462,0,0,1,0,下位,0,241,217
509,509,0,112,155,0,0,0,2569,598,-2397,4,下位,0,0,0
405,405,0,388,755,0,1,509,2569,598,-2397,4,下位,0,509,216
86,86,0,293,598,1,0,0,0,0,1,0,下位,0,0,0
399,399,0,69,26,0,0,0,86,659,530,4,下位,0,0,0
251,251,0,68,22,0,1,399,86,659,530,4,下位,0,399,87
356,356,0,68,23,0,2,650,86,659,530,4,下位,0,251,83
173,173,0,68,22,0,3,1006,86,659,530,4,下位,0,356,84
243,243,0,69,25,0,4,1179,86,659,530,4,下位,0,173,83
74,74,0,111,151,0,5,1422,86,659,530,4,下位,0,243,86
297,297,0,111,153,0,6,1496,86,659,530,4,下位,0,74,212
458,458,0,68,23,0,7,1793,86,659,530,4,下位,0,297,214
226,226,0,68,24,0,8,2251,86,659,530,4,下位,0,458,84
651,651,0,68,24,0,9,2477,86,659,530,4,下位,0,226,85
576,576,0,112,155,0,10,3128,86,659,530,4,下位,0,651,85
809,809,0,566,1209,0,11,3704,86,659,530,4,下位,0,576,216
192,192,0,323,633,1,0,0,0,0,1,0,下位,0,0,0
315,315,0,114,161,0,0,0,192,694,404,3,下位,0,0,0
179,179,0,111,152,0,1,315,192,694,404,3,下位,0,315,222
205,205,0,112,155,0,2,494,192,694,404,3,下位,0,179,213
110,110,0,112,154,0,3,699,192,694,404,3,下位,0,205,216
127,127,0,357,565,0,4,809,192,694,404,3,下位,0,110,215
67,67,0,152,224,0,0,0,936,626,478,3,下位,0,0,0
509,509,0,272,366,0,0,0,67,285,661,1,下位,0,0,0
371,371,0,366,682,0,0,0,509,427,317,2,下位,0,0,0
266,266,0,111,153,0,0,0,371,743,498,4,下位,0,0,0
382,382,0,114,162,0,1,266,371,743,498,4,下位,0,266,214
390,390,0,70,28,0,2,648,371,743,498,4,下位,0,382,223
346,346,0,112,154,0,3,1038,371,743,498,4,下位,0,390,89
285,285,0,111,152,0,4,1384,371,743,498,4,下位,0,346,215
133,133,0,68,23,0,5,1669,371,743,498,4,下位,0,285,213
359,359,0,109,146,0,6,1802,371,743,498,4,下位,0,133,84
58,58,0,276,564,0,7,2161,371,743,498,4,下位,0,359,207
444,444,0,484,821,0,0,0,2219,625,-995,2,下位,0,0,0
500,500,0,111,152,1,0,0,0,0,1,0,下位,0,0,0
698,698,0,256,527,1,1,500,0,0,1,0,下位,0,500,213
122,122,0,68,24,0,0,0,1198,588,-1014,3,下位,0,0,0
111,111,0,112,156,0,1,122,1198,588,-1014,3,下位,0,122,85
809,809,0,114,161,0,2,233,1198,588,-1014,3,下位,0,111,217
597,597,0,111,152,0,3,1042,1198,588,-1014,3,下位,0,809,222
725,725,0,281,574,0,4,1639,1198,588,-1014,3,下位,0,597,213
49,49,0,155,216,1,0,0,0,0,1,0,下位,0,0,0
510,510,0,196,286,0,0,0,49,277,204,1,下位,0,0,0
509,509,0,610,1128,0,0,0,510,347,-222,2,下位,0,0,0
91,91,0,68,24,0,0,0,509,1189,196,6,下位,0,0,0
191,191,0,111,152,0,1,91,509,1189,196,6,下位,0,91,85
348,348,0,68,24,0,2,282,509,1189,196,6,下位,0,191,213
512,512,0,66,17,0,3,630,509,1189,196,6,下位,0,348,85
808,808,0,112,156,0,4,1142,509,1189,196,6,下位,0,512,78
59,59,0,111,152,0,5,1950,509,1189,196,6,下位,0,808,217
98,98,0,112,154,0,6,2009,509,1189,196,6,下位,0,59,213
132,132,0,68,24,0,7,2107,509,1189,196,6,下位,0,98,215
533,533,0,385,848,0,8,2239,509,1189,196,6,下位,0,132,85
205,205,0,112,156,1,0,0,0,0,1,0,下位,0,0,0
710,710,0,410,819,1,1,205,0,0,1,0,下位,0,205,217
408,408,0,113,158,0,0,0,915,880,-289,4,下位,0,0,0
808,808,0,113,158,0,1,408,915,880,-289,4,下位,0,408,219
526,526,0,112,154,0,2,1216,915,880,-289,4,下位,0,808,219
76,76,0,112,154,0,3,1742,915,880,-289,4,下位,0,526,215
237,237,0,68,22,0,4,1818,915,880,-289,4,下位,0,76,215
65,65,0,741,1556,0,5,2055,915,880,-289,4,下位,0,237,83
131,131,0,69,26,0,0,0,2120,1617,-932,9,下位,0,0,0
306,306,0,111,153,0,1,131,2120,1617,-932,9,下位,0,131,87
106,106,0,416,790,0,2,437,2120,1617,-932,9,下位,0,306,214
68,68,0,110,149,0,0,0,543,851,-603,4,下位,0,0,0
124,124,0,113,158,0,1,68,543,851,-603,4,下位,0,68,210
234,234,0,69,27,0,2,192,543,851,-603,4,下位,0,124,219
809,809,0,112,156,0,3,426,543,851,-603,4,下位,0,234,88
140,140,0,112,155,0,4,1235,543,851,-603,4,下位,0,809,217
66,66,0,344,683,0,5,1375,543,851,-603,4,下位,0,140,216
405,405,0,539,1221,0,0,0,1441,744,-1093,4,下位,0,0,0
120,120,0,113,159,1,0,0,0,0,1,0,下位,0,0,0
169,169,0,70,28,1,1,120,0,0,1,0,下位,0,120,220
85,85,0,112,155,1,2,289,0,0,1,0,下位,0,169,89
439,439,0,111,152,1,3,374,0,0,1,0,下位,0,85,216
296,296,0,284,550,1,4,813,0,0,1,0,下位,0,439,213
264,264,0,112,155,0,0,0,1109,611,-330,2,下位,0,0,0
625,625,0,68,22,0,1,264,1109,611,-330,2,下位,0,264,216
808,808,0,69,26,0,2,889,1109,611,-330,2,下位,0,625,83
356,356,0,112,155,0,3,1697,1109,611,-330,2,下位,0,808,87
344,344,0,113,157,0,4,2053,1109,611,-330,2,下位,0,356,216
80,80,0,111,153,0,5,2397,1109,611,-330,2,下位,0,344,218
114,114,0,113,157,0,6,2477,1109,611,-330,2,下位,0,80,214
290,290,0,111,152,0,7,2591,1109,611,-330,2,下位,0,114,218
101,101,0,379,659,0,8,2881,1109,611,-330,2,下位,0,290,213
195,195,0,69,26,0,0,0,2982,720,-2662,4,下位,0,0,0
490,490,0,111,152,0,1,195,2982,720,-2662,4,下位,0,195,87
145,145,0,112,155,0,2,685,2982,720,-2662,4,下位,0,490,213
810,810,0,112,155,0,3,830,2982,720,-2662,4,下位,0,145,216
155,155,0,112,156,0,4,1640,2982,720,-2662,4,下位,0,810,216
153,153,0,68,22,0,5,1795,2982,720,-2662,4,下位,0,155,217
48,48,0,112,154,0,6,1948,2982,720,-2662,4,下位,0,153,83
52,52,0,437,966,0,7,1996,2982,720,-2662,4,下位,0,48,215
284,284,0,771,1812,1,0,0,0,0,1,0,下位,0,0,0
186,186,0,113,158,0,0,0,284,1873,1444,10,下位,0,0,0
51,51,0,69,26,0,1,186,284,1873,1444,10,下位,0,186,219
262,262,0,111,152,0,2,237,284,1873,1444,10,下位,0,51,87
231,231,0,68,23,0,3,499,284,1873,1444,10,下位,0,262,213
123,123,0,68,23,0,4,730,284,1873,1444,10,下位,0,231,84
180,180,0,1418,3067,0,5,853,284,1873,1444,10,下位,0,123,84
509,509,0,111,153,0,0,0,1033,3128,1399,18,下位,0,0,0
359,359,0,66,18,0,1,509,1033,3128,1399,18,下位,0,509,214
266,266,0,1506,3055,0,2,868,1033,3128,1399,18,下位,0,359,79
405,405,0,111,153,0,0,0,1134,3116,692,19,下位,0,0,0
114,114,0,111,153,0,1,405,1134,3116,692,19,下位,0,405,214
428,428,0,68,24,0,2,519,1134,3116,692,19,下位,0,114,214
192,192,0,112,154,0,3,947,1134,3116,692,19,下位,0,428,85
702,702,0,68,24,0,4,1139,1134,3116,692,19,下位,0,192,215
58,58,0,113,159,0,5,1841,1134,3116,692,19,下位,0,702,85
440,440,0,420,795,0,6,1899,1134,3116,692,19,下位,0,58,220
56,56,0,114,160,1,0,0,0,0,1,0,下位,0,0,0
493,493,0,668,1506,1,1,56,0,0,1,0,下位,0,56,221
509,509,0,112,155,0,0,0,549,1567,957,8,下位,0,0,0
510,510,0,69,25,0,1,509,549,1567,957,8,下位,0,509,216
142,142,0,451,956,0,2,1019,549,1567,957,8,下位,0,510,86
509,509,0,3442,7903,0,0,0,1161,1017,517,4,下位,0,0,0
188,188,0,112,156,0,0,0,509,7964,800,44,下位,0,0,0
178,178,0,110,148,0,1,188,509,7964,800,44,下位,0,188,217
113,113,0,111,153,0,2,366,509,7964,800,44,下位,0,178,209
440,440,0,114,160,0,3,479,509,7964,800,44,下位,0,113,214
50,50,0,68,22,0,4,919,509,7964,800,44,下位,0,440,221
148,148,0,70,29,0,5,969,509,7964,800,44,下位,0,50,83
258,258,0,69,26,0,6,1117,509,7964,800,44,下位,0,148,90
124,124,0,227,360,0,7,1375,509,7964,800,44,下位,0,258,87
26,26,0,112,154,1,0,0,0,0,1,0,下位,0,0,0
194,194,0,111,152,1,1,26,0,0,1,0,下位,0,26,215
379,379,0,70,28,1,2,220,0,0,1,0,下位,0,194,213
124,124,0,654,1352,1,3,599,0,0,1,0,下位,0,379,89
334,334,0,112,154,0,0,0,723,1413,836,8,下位,0,0,0
90,90,0,109,146,0,1,334,723,1413,836,8,下位,0,334,215
59,59,0,111,153,0,2,424,723,1413,836,8,下位,0,90,207
182,182,0,113,158,0,3,483,723,1413,836,8,下位,0,59,214
553,553,0,440,886,0,4,665,723,1413,836,8,下位,0,182,219
286,286,0,111,152,0,0,0,1218,947,793,5,下位,0,0,0
134,134,0,446,749,0,1,286,1218,947,793,5,下位,0,286,213
345,345,0,1590,3704,0,0,0,420,810,1180,4,下位,0,0,0
141,141,0,108,143,0,0,0,345,3765,2119,19,下位,0,0,0
630,630,0,112,155,0,1,141,345,3765,2119,19,下位,0,141,204
127,127,0,68,24,0,2,771,345,3765,2119,19,下位,0,630,216
441,441,0,112,156,0,3,898,345,3765,2119,19,下位,0,127,85
491,491,0,523,1081,0,4,1339,345,3765,2119,19,下位,0,441,217
113,113,0,111,152,1,0,0,0,0,1,0,下位,0,0,0
95,95,0,111,152,1,1,113,0,0,1,0,下位,0,113,213
89,89,0,354,680,1,2,208,0,0,1,0,下位,0,95,213
236,236,0,112,155,0,0,0,297,741,718,4,下位,0,0,0
258,258,0,112,156,0,1,236,297,741,718,4,下位,0,236,216
718,718,0,70,29,0,2,494,297,741,718,4,下位,0,258,217
130,130,0,112,154,0,3,1212,297,741,718,4,下位,0,718,90
159,159,0,113,157,0,4,1342,297,741,718,4,下位,0,130,215
247,247,0,465,852,0,5,1501,297,741,718,4,下位,0,159,218
78,78,0,111,153,0,0,0,1748,913,-62,5,下位,0,0,0
153,153,0,68,24,0,1,78,1748,913,-62,5,下位,0,78,214
254,254,0,113,158,0,2,231,1748,913,-62,5,下位,0,153,85
112,112,0,68,22,0,3,485,1748,913,-62,5,下位,0,254,219
808,808,0,111,152,0,4,597,1748,913,-62,5,下位,0,112,83
791,791,0,113,158,0,5,1405,1748,913,-62,5,下位,0,808,213
129,129,0,1342,3040,0,6,2196,1748,913,-62,5,下位,0,791,219
335,335,0,69,25,1,0,0,0,0,1,0,下位,0,0,0
234,234,0,114,160,1,1,335,0,0,1,0,下位,0,335,86
238,238,0,412,783,1,2,569,0,0,1,0,下位,0,234,221
332,332,0,111,153,0,0,0,807,844,-72,4,下位,0,0,0
96,96,0,2861,6682,0,1,332,807,844,-72,4,下位,0,332,214
136,136,0,69,25,1,0,0,0,0,1,0,下位,0,0,0
499,499,0,68,23,1,1,136,0,0,1,0,下位,0,136,86
808,808,0,112,155,1,2,635,0,0,1,0,下位,0,499,84
483,483,0,66,17,1,3,1443,0,0,1,0,下位,0,808,216
152,152,0,819,1751,1,4,1926,0,0,1,0,下位,0,483,78
429,429,0,111,152,1,0,0,0,0,1,0,下位,0,0,0
178,178,0,70,30,1,1,429,0,0,1,0,下位,0,429,213
224,224,0,71,31,1,2,607,0,0,1,0,下位,0,178,91
190,190,0,341,703,1,3,831,0,0,1,0,下位,0,224,92
65,65,0,112,155,0,0,0,1021,764,-386,4,下位,0,0,0
248,248,0,68,23,0,1,65,1021,764,-386,4,下位,0,65,216
808,808,0,104,130,0,2,313,1021,764,-386,4,下位,0,248,84
209,209,0,111,152,0,3,1121,1021,764,-386,4,下位,0,808,191
104,104,0,112,154,0,4,1330,1021,764,-386,4,下位,0,209,213
143,143,0,519,970,0,5,1434,1021,764,-386,4,下位,0,104,215
170,170,0,458,979,0,0,0,1577,1031,-826,5,下位,0,0,0
213,213,0,825,1862,0,0,0,170,1040,-44,6,下位,0,0,0
113,113,0,112,156,0,0,0,213,1923,1556,11,下位,0,0,0
138,138,0,112,154,0,1,113,213,1923,1556,11,下位,0,113,217
608,608,0,111,153,0,2,251,213,1923,1556,11,下位,0,138,215
48,48,0,2235,5430,0,3,859,213,1923,1556,11,下位,0,608,214
500,500,0,112,155,1,0,0,0,0,1,0,下位,0,0,0
142,142,0,112,156,1,1,500,0,0,1,0,下位,0,500,216
531,531,0,112,156,1,2,642,0,0,1,0,下位,0,142,217
656,656,0,112,154,1,3,1173,0,0,1,0,下位,0,531,217
77,77,0,112,156,1,4,1829,0,0,1,0,下位,0,656,215
808,808,0,114,160,1,5,1906,0,0,1,0,下位,0,77,217
149,149,0,1404,2761,1,6,2714,0,0,1,0,下位,0,808,221
139,139,0,1618,3805,0,0,0,2863,2822,-213,17,下位,0,0,0
315,315,0,114,160,0,0,0,139,3866,1102,20,下位,0,0,0
102,102,0,114,160,0,1,315,139,3866,1102,20,下位,0,315,221
103,103,0,203,337,0,2,417,139,3866,1102,20,下位,0,102,221
509,509,0,69,25,0,0,0,520,398,1154,1,下位,0,0,0
468,468,0,111,153,0,1,509,520,398,1154,1,下位,0,509,86
104,104,0,382,794,0,2,977,520,398,1154,1,下位,0,468,214
319,319,0,68,23,1,0,0,0,0,1,0,下位,0,0,0
125,125,0,70,29,1,1,319,0,0,1,0,下位,0,319,84
316,316,0,111,153,1,2,444,0,0,1,0,下位,0,125,90
355,355,0,69,26,1,3,760,0,0,1,0,下位,0,316,214
81,81,0,111,152,1,4,1115,0,0,1,0,下位,0,355,87
614,614,0,112,155,1,5,1196,0,0,1,0,下位,0,81,213
144,144,0,112,156,1,6,1810,0,0,1,0,下位,0,614,216
774,774,0,112,156,1,7,1954,0,0,1,0,下位,0,144,217
171,171,0,68,22,1,8,2728,0,0,1,0,下位,0,774,217
205,205,0,370,687,1,9,2899,0,0,1,0,下位,0,171,83
134,134,0,220,321,0,0,0,3104,748,-2533,4,下位,0,0,0
347,347,0,112,155,0,0,0,134,382,-2354,1,下位,0,0,0
357,357,0,111,152,0,1,347,134,382,-2354,1,下位,0,347,216
318,318,0,112,155,0,2,704,134,382,-2354,1,下位,0,357,213
549,549,0,70,29,0,3,1022,134,382,-2354,1,下位,0,318,216
177,177,0,112,154,0,4,1571,134,382,-2354,1,下位,0,549,90
95,95,0,229,433,0,5,1748,134,382,-2354,1,下位,0,177,215
122,122,0,112,154,0,0,0,1843,494,-3703,2,下位,0,0,0
291,291,0,69,26,0,1,122,1843,494,-3703,2,下位,0,122,215
809,809,0,111,153,0,2,413,1843,494,-3703,2,下位,0,291,87
147,147,0,994,2156,0,3,1222,1843,494,-3703,2,下位,0,809,214
500,500,0,69,26,1,0,0,0,0,1,0,下位,0,0,0
497,497,0,111,153,1,1,500,0,0,1,0,下位,0,500,87
261,261,0,68,23,1,2,997,0,0,1,0,下位,0,497,214
350,350,0,112,156,1,3,1258,0,0,1,0,下位,0,261,84
658,658,0,109,145,1,4,1608,0,0,1,0,下位,0,350,217
114,114,0,68,24,1,5,2266,0,0,1,0,下位,0,658,206
72,72,0,619,1388,1,6,2380,0,0,1,0,下位,0,114,85
84,84,0,2093,4855,0,0,0,2452,1449,-1372,8,下位,0,0,0
121,121,0,111,153,0,0,0,84,4916,1015,26,下位,0,0,0
97,97,0,882,1998,0,1,121,84,4916,1015,26,下位,0,121,214
270,270,0,114,161,0,0,0,218,2059,634,11,下位,0,0,0
125,125,0,1266,3102,0,1,270,218,2059,634,11,下位,0,270,222
115,115,0,68,23,1,0,0,0,0,1,0,下位,0,0,0
538,538,0,112,156,1,1,115,0,0,1,0,下位,0,115,84
144,144,0,69,25,1,2,653,0,0,1,0,下位,0,538,217
637,637,0,68,23,1,3,797,0,0,1,0,下位,0,144,86
343,343,0,70,30,1,4,1434,0,0,1,0,下位,0,637,84
299,299,0,112,154,1,5,1777,0,0,1,0,下位,0,343,91
642,642,0,1031,2196,1,6,2076,0,0,1,0,下位,0,299,215
424,424,0,112,154,0,0,0,2718,2257,-1083,13,下位,0,0,0
75,75,0,68,24,0,1,424,2718,2257,-1083,13,下位,0,424,215
160,160,0,308,636,0,2,499,2718,2257,-1083,13,下位,0,75,85
51,51,0,68,23,0,0,0,659,697,-1084,3,下位,0,0,0
427,427,0,112,154,0,1,51,659,697,-1084,3,下位,0,51,84
254,254,0,107,139,0,2,478,659,697,-1084,3,下位,0,427,215
353,353,0,66,18,0,3,732,659,697,-1084,3,下位,0,254,200
174,174,0,69,25,0,4,1085,659,697,-1084,3,下位,0,353,79
413,413,0,112,154,0,5,1259,659,697,-1084,3,下位,0,174,86
110,110,0,317,622,0,6,1672,659,697,-1084,3,下位,0,413,215
64,64,0,906,2067,0,0,0,1782,683,-2223,3,下位,0,0,0
63,63,0,642,1453,0,0,0,64,2128,-192,12,下位,0,0,0
208,208,0,109,147,1,0,0,0,0,1,0,下位,0,0,0
622,622,0,113,157,1,1,208,0,0,1,0,下位,0,208,208
563,563,0,68,22,1,2,830,0,0,1,0,下位,0,622,218
379,379,0,114,162,1,3,1393,0,0,1,0,下位,0,563,83
283,283,0,107,140,1,4,1772,0,0,1,0,下位,0,379,223
443,443,0,112,156,1,5,2055,0,0,1,0,下位,0,283,201
137,137,0,68,22,1,6,2498,0,0,1,0,下位,0,443,217
754,754,0,70,30,1,7,2635,0,0,1,0,下位,0,137,83
136,136,0,467,922,1,8,3389,0,0,1,0,下位,0,754,91
381,381,0,68,22,0,0,0,3525,983,-3032,7,下位,0,0,0
187,187,0,112,154,0,1,381,3525,983,-3032,7,下位,0,381,83
436,436,0,68,23,0,2,568,3525,983,-3032,7,下位,0,187,215
56,56,0,113,159,0,3,1004,3525,983,-3032,7,下位,0,436,84
524,524,0,111,153,0,4,1060,3525,983,-3032,7,下位,0,56,220
45,45,0,357,676,0,5,1584,3525,983,-3032,7,下位,0,524,214
300,300,0,154,229,1,0,0,0,0,1,0,下位,0,0,0
509,509,0,110,148,0,0,0,300,290,-164,1,下位,0,0,0
178,178,0,1045,2209,0,1,509,300,290,-164,1,下位,0,509,209
186,186,0,111,152,0,0,0,687,2270,1274,13,下位,0,0,0
597,597,0,111,153,0,1,186,687,2270,1274,13,下位,0,186,213
251,251,0,113,157,0,2,783,687,2270,1274,13,下位,0,597,214
114,114,0,111,152,0,3,1034,687,2270,1274,13,下位,0,251,218
83,83,0,112,154,0,4,1148,687,2270,1274,13,下位,0,114,213
454,454,0,112,154,0,5,1231,687,2270,1274,13,下位,0,83,215
321,321,0,111,152,0,6,1685,687,2270,1274,13,下位,0,454,215
186,186,0,565,1223,0,7,2006,687,2270,1274,13,下位,0,321,213
509,509,0,69,26,0,0,0,2192,1284,737,6,下位,0,0,0
119,119,0,113,157,0,1,509,2192,1284,737,6,下位,0,509,87
338,338,0,1135,2240,0,2,628,2192,1284,737,6,下位,0,119,218
238,238,0,111,153,1,0,0,0,0,1,0,下位,0,0,0
209,209,0,708,1393,1,1,238,0,0,1,0,下位,0,238,214
61,61,0,68,23,0,0,0,447,1454,991,9,下位,0,0,0
786,786,0,113,158,0,1,61,447,1454,991,9,下位,0,61,84
194,194,0,300,399,0,2,847,447,1454,991,9,下位,0,786,219
175,175,0,111,153,0,0,0,1041,460,177,4,下位,0,0,0
476,476,0,113,158,0,1,175,1041,460,177,4,下位,0,175,214
689,689,0,68,22,0,2,651,1041,460,177,4,下位,0,476,219
85,85,0,69,26,0,3,1340,1041,460,177,4,下位,0,689,83
549,549,0,112,156,0,4,1425,1041,460,177,4,下位,0,85,87
165,165,0,1051,2422,0,5,1974,1041,460,177,4,下位,0,549,217
194,194,0,111,153,0,0,0,2139,2483,239,12,下位,0,0,0
97,97,0,68,24,0,1,194,2139,2483,239,12,下位,0,194,214
137,137,0,112,154,0,2,291,2139,2483,239,12,下位,0,97,85
86,86,0,112,156,0,3,428,2139,2483,239,12,下位,0,137,215
534,534,0,673,1372,0,4,514,2139,2483,239,12,下位,0,86,217
234,234,0,111,153,1,0,0,0,0,1,0,下位,0,0,0
241,241,0,68,23,1,1,234,0,0,1,0,下位,0,234,214
144,144,0,68,22,1,2,475,0,0,1,0,下位,0,241,84
75,75,0,113,157,1,3,619,0,0,1,0,下位,0,144,83
790,790,0,111,153,1,4,694,0,0,1,0,下位,0,75,218
131,131,0,379,847,1,5,1484,0,0,1,0,下位,0,790,214
184,184,0,68,24,0,0,0,1615,908,-725,4,下位,0,0,0
279,279,0,69,25,0,1,184,1615,908,-725,4,下位,0,184,85
131,131,0,68,23,0,2,463,1615,908,-725,4,下位,0,279,86
725,725,0,1170,2637,0,3,594,1615,908,-725,4,下位,0,131,84
56,56,0,1032,2266,0,0,0,1319,2698,230,15,下位,0,0,0
509,509,0,109,145,0,0,0,56,2327,207,12,下位,0,0,0
428,428,0,113,159,0,1,509,56,2327,207,12,下位,0,509,206
120,120,0,377,844,0,2,937,56,2327,207,12,下位,0,428,220
239,239,0,69,26,0,0,0,1057,905,-63,4,下位,0,0,0
289,289,0,69,26,0,1,239,1057,905,-63,4,下位,0,239,87
96,96,0,111,153,0,2,528,1057,905,-63,4,下位,0,289,87
154,154,0,112,154,0,3,624,1057,905,-63,4,下位,0,96,214
209,209,0,109,147,0,4,778,1057,905,-63,4,下位,0,154,215
115,115,0,625,1254,0,5,987,1057,905,-63,4,下位,0,209,208
229,229,0,112,154,1,0,0,0,0,1,0,下位,0,0,0
100,100,0,384,833,1,1,229,0,0,1,0,下位,0,229,215
510,510,0,111,152,0,0,0,329,894,611,4,下位,0,0,0
808,808,0,114,160,0,1,510,329,894,611,4,下位,0,510,213
423,423,0,110,149,0,2,1318,329,894,611,4,下位,0,808,221
409,409,0,69,25,0,3,1741,329,894,611,4,下位,0,423,210
268,268,0,112,156,0,4,2150,329,894,611,4,下位,0,409,86
80,80,0,112,156,0,5,2418,329,894,611,4,下位,0,268,217
187,187,0,70,28,0,6,2498,329,894,611,4,下位,0,80,217
192,192,0,523,1077,0,7,2685,329,894,611,4,下位,0,187,89
439,439,0,113,159,0,0,0,2877,1138,-1357,6,下位,0,0,0
189,189,0,111,153,0,1,439,2877,1138,-1357,6,下位,0,439,220
402,402,0,108,143,0,2,628,2877,1138,-1357,6,下位,0,189,214
43,43,0,68,24,0,3,1030,2877,1138,-1357,6,下位,0,402,204
45,45,0,69,26,0,4,1073,2877,1138,-1357,6,下位,0,43,85
262,262,0,112,156,0,5,1118,2877,1138,-1357,6,下位,0,45,87
73,73,0,252,504,0,6,1380,2877,1138,-1357,6,下位,0,262,217
402,402,0,70,29,1,0,0,0,0,1,0,下位,0,0,0
300,300,0,109,147,1,1,402,0,0,1,0,下位,0,402,90
481,481,0,68,22,1,2,702,0,0,1,0,下位,0,300,208
156,156,0,68,22,1,3,1183,0,0,1,0,下位,0,481,83
86,86,0,111,152,1,4,1339,0,0,1,0,下位,0,156,83
285,285,0,68,22,1,5,1425,0,0,1,0,下位,0,86,213
104,104,0,111,152,1,6,1710,0,0,1,0,下位,0,285,83
132,132,0,927,1917,1,7,1814,0,0,1,0,下位,0,104,213
75,75,0,112,155,0,0,0,1946,1978,3,11,下位,0,0,0
808,808,0,112,155,0,1,75,1946,1978,3,11,下位,0,75,216
282,282,0,70,29,0,2,883,1946,1978,3,11,下位,0,808,216
112,112,0,68,23,0,3,1165,1946,1978,3,11,下位,0,282,90
143,143,0,68,23,0,4,1277,1946,1978,3,11,下位,0,112,84
103,103,0,399,826,0,5,1420,1946,1978,3,11,下位,0,143,84
509,509,0,68,22,0,0,0,1523,887,-728,4,下位,0,0,0
96,96,0,112,154,0,1,509,1523,887,-728,4,下位,0,509,83
397,397,0,69,26,0,2,605,1523,887,-728,4,下位,0,96,215
328,328,0,111,153,0,3,1002,1523,887,-728,4,下位,0,397,87
114,114,0,69,26,0,4,1330,1523,887,-728,4,下位,0,328,214
443,443,0,70,29,0,5,1444,1523,887,-728,4,下位,0,114,87
133,133,0,527,1193,0,6,1887,1523,887,-728,4,下位,0,443,90
252,252,0,70,30,1,0,0,0,0,1,0,下位,0,0,0
98,98,0,105,134,1,1,252,0,0,1,0,下位,0,252,91
140,140,0,68,24,1,2,350,0,0,1,0,下位,0,98,195
330,330,0,112,156,1,3,490,0,0,1,0,下位,0,140,85
758,758,0,68,23,1,4,820,0,0,1,0,下位,0,330,217
609,609,0,114,160,1,5,1578,0,0,1,0,下位,0,758,84
116,116,0,69,26,1,6,2187,0,0,1,0,下位,0,609,221
120,120,0,111,153,1,7,2303,0,0,1,0,下位,0,116,87
745,745,0,112,155,1,8,2423,0,0,1,0,下位,0,120,214
710,710,0,69,25,1,9,3168,0,0,1,0,下位,0,745,216
138,138,0,616,1196,1,10,3878,0,0,1,0,下位,0,710,86
509,509,0,552,1238,0,0,0,4016,1257,-3331,8,下位,0,0,0
96,96,0,932,2034,0,0,0,509,1299,-2803,6,下位,0,0,0
332,332,0,112,154,1,0,0,0,0,1,0,下位,0,0,0
686,686,0,109,146,1,1,332,0,0,1,0,下位,0,332,215
62,62,0,112,156,1,2,1018,0,0,1,0,下位,0,686,207
358,358,0,329,535,1,3,1080,0,0,1,0,下位,0,62,217
141,141,0,68,23,0,0,0,1438,596,-942,4,下位,0,0,0
455,455,0,68,24,0,1,141,1438,596,-942,4,下位,0,141,84
62,62,0,112,154,0,2,596,1438,596,-942,4,下位,0,455,85
800,800,0,114,161,0,3,658,1438,596,-942,4,下位,0,62,215
98,98,0,69,26,0,4,1458,1438,596,-942,4,下位,0,800,222
79,79,0,68,24,0,5,1556,1438,596,-942,4,下位,0,98,87
416,416,0,507,1005,0,6,1635,1438,596,-942,4,下位,0,79,85
134,134,0,377,651,0,0,0,2051,1066,-2205,5,下位,0,0,0
217,217,0,69,27,0,0,0,134,712,-1696,4,下位,0,0,0
280,280,0,314,437,0,1,217,134,712,-1696,4,下位,0,217,88
146,146,0,114,161,0,0,0,497,498,-1863,3,下位,0,0,0
330,330,0,70,29,0,1,146,497,498,-1863,3,下位,0,146,222
285,285,0,752,1581,0,2,476,497,498,-1863,3,下位,0,330,90
343,343,0,674,1312,0,0,0,761,1642,-1062,8,下位,0,0,0
60,60,0,112,154,1,0,0,0,0,1,0,下位,0,0,0
153,153,0,69,25,1,1,60,0,0,1,0,下位,0,60,215
341,341,0,69,25,1,2,213,0,0,1,0,下位,0,153,86
808,808,0,816,1639,1,3,554,0,0,1,0,下位,0,341,86
320,320,0,68,24,0,0,0,1362,1700,24,9,下位,0,0,0
199,199,0,552,1181,0,1,320,1362,1700,24,9,下位,0,320,85
393,393,0,111,152,0,0,0,519,1242,564,7,下位,0,0,0
629,629,0,114,162,0,1,393,519,1242,564,7,下位,0,393,213
165,165,0,216,255,0,2,1022,519,1242,564,7,下位,0,629,223
38,38,0,454,867,1,0,0,0,0,1,0,下位,0,0,0
141,141,0,112,154,0,0,0,38,928,871,5,下位,0,0,0
534,534,0,111,153,0,1,141,38,928,871,5,下位,0,141,215
186,186,0,113,158,0,2,675,38,928,871,5,下位,0,534,214
269,269,0,575,1339,0,3,861,38,928,871,5,下位,0,186,219
162,162,0,112,154,0,0,0,1130,1400,1206,7,下位,0,0,0
809,809,0,741,1659,0,1,162,1130,1400,1206,7,下位,0,162,215
100,100,0,68,22,0,0,0,971,1720,1670,10,下位,0,0,0
658,658,0,70,29,0,1,100,971,1720,1670,10,下位,0,100,83
367,367,0,69,26,0,2,758,971,1720,1670,10,下位,0,658,90
339,339,0,108,143,0,3,1125,971,1720,1670,10,下位,0,367,87
361,361,0,112,156,0,4,1464,971,1720,1670,10,下位,0,339,204
185,185,0,111,152,0,5,1825,971,1720,1670,10,下位,0,361,217
313,313,0,113,158,0,6,2010,971,1720,1670,10,下位,0,185,213
185,185,0,314,619,0,7,2323,971,1720,1670,10,下位,0,313,219
178,178,0,111,153,1,0,0,0,0,1,0,下位,0,0,0
477,477,0,68,22,1,1,178,0,0,1,0,下位,0,178,214
88,88,0,167,197,1,2,655,0,0,1,0,下位,0,477,83
150,150,0,67,20,0,0,0,743,258,-570,1,下位,0,0,0
424,424,0,112,155,0,1,150,743,258,-570,1,下位,0,150,81
177,177,0,112,154,0,2,574,743,258,-570,1,下位,0,424,216
442,442,0,110,150,0,3,751,743,258,-570,1,下位,0,177,215
83,83,0,111,153,0,4,1193,743,258,-570,1,下位,0,442,211
223,223,0,69,27,0,5,1276,743,258,-570,1,下位,0,83,214
67,67,0,207,337,0,6,1499,743,258,-570,1,下位,0,223,88
371,371,0,107,139,0,0,0,1566,398,-1520,1,下位,0,0,0
147,147,0,291,393,0,1,371,1566,398,-1520,1,下位,0,371,200
71,71,0,278,482,0,0,0,518,454,-1651,4,下位,0,0,0
227,227,0,108,144,0,0,0,71,543,-1216,3,下位,0,0,0
71,71,0,198,334,0,1,227,71,543,-1216,3,下位,0,227,205
200,200,0,269,563,1,0,0,0,0,1,0,下位,0,0,0
333,333,0,69,25,0,0,0,200,624,322,2,下位,0,0,0
389,389,0,111,153,0,1,333,200,624,322,2,下位,0,333,86
792,792,0,68,22,0,2,722,200,624,322,2,下位,0,389,214
58,58,0,194,300,0,3,1514,200,624,322,2,下位,0,792,83
511,511,0,111,153,0,0,0,1572,361,-1316,2,下位,0,0,0
714,714,0,111,153,0,1,511,1572,361,-1316,2,下位,0,511,214
619,619,0,410,810,0,2,1225,1572,361,-1316,2,下位,0,714,214
98,98,0,111,152,1,0,0,0,0,1,0,下位,0,0,0
96,96,0,68,24,1,1,98,0,0,1,0,下位,0,98,213
250,250,0,112,156,1,2,194,0,0,1,0,下位,0,96,85
132,132,0,887,1666,1,3,444,0,0,1,0,下位,0,250,217
85,85,0,774,1708,0,0,0,576,1727,1371,10,下位,0,0,0
52,52,0,114,160,0,0,0,85,1769,624,9,下位,0,0,0
324,324,0,114,160,0,1,52,85,1769,624,9,下位,0,52,221
56,56,0,193,355,0,2,376,85,1769,624,9,下位,0,324,221
361,361,0,68,23,0,0,0,432,416,827,1,下位,0,0,0
566,566,0,68,23,0,1,361,432,416,827,1,下位,0,361,84
186,186,0,112,154,0,2,927,432,416,827,1,下位,0,566,84
203,203,0,114,160,0,3,1113,432,416,827,1,下位,0,186,215
154,154,0,600,1094,0,4,1316,432,416,827,1,下位,0,203,221
180,180,0,111,153,0,0,0,1470,1155,358,7,下位,0,0,0
244,244,0,111,152,0,1,180,1470,1155,358,7,下位,0,180,214
277,277,0,386,769,0,2,424,1470,1155,358,7,下位,0,244,213
12,12,0,111,151,1,0,0,0,0,1,0,下位,0,0,0
304,304,0,69,26,1,1,12,0,0,1,0,下位,0,12,212
118,118,0,111,153,1,2,316,0,0,1,0,下位,0,304,87
347,347,0,70,29,1,3,434,0,0,1,0,下位,0,118,214
197,197,0,112,154,1,4,781,0,0,1,0,下位,0,347,90
109,109,0,386,652,1,5,978,0,0,1,0,下位,0,197,215
510,510,0,312,648,0,0,0,1087,713,-115,4,下位,0,0,0
218,218,0,65,14,0,0,0,510,709,-179,3,下位,0,0,0
125,125,0,1159,2519,0,1,218,510,709,-179,3,下位,0,218,75
75,75,0,111,153,0,0,0,343,2580,1957,14,下位,0,0,0
234,234,0,69,26,0,1,75,343,2580,1957,14,下位,0,75,214
708,708,0,68,23,0,2,309,343,2580,1957,14,下位,0,234,87
249,249,0,226,451,0,3,1017,343,2580,1957,14,下位,0,708,84
430,430,0,69,26,0,0,0,1266,512,935,2,下位,0,0,0
500,500,0,70,29,0,1,430,1266,512,935,2,下位,0,430,87
335,335,0,69,26,0,2,930,1266,512,935,2,下位,0,500,90
202,202,0,69,27,0,3,1265,1266,512,935,2,下位,0,335,87
93,93,0,479,1020,0,4,1467,1266,512,935,2,下位,0,202,88
105,105,0,194,294,1,0,0,0,0,1,0,下位,0,0,0
251,251,0,112,156,0,0,0,105,355,197,2,下位,0,0,0
513,513,0,113,158,0,1,251,105,355,197,2,下位,0,251,217
476,476,0,644,1421,0,2,764,105,355,197,2,下位,0,513,219
282,282,0,588,1177,0,0,0,1240,1482,237,7,下位,0,0,0
55,55,0,971,2140,0,0,0,282,1238,1048,6,下位,0,0,0
484,484,0,111,153,0,0,0,55,2201,808,10,下位,0,0,0
167,167,0,447,999,0,1,484,55,2201,808,10,下位,0,484,214
442,442,0,311,626,0,0,0,651,1060,1096,6,下位,0,0,0
125,125,0,112,155,0,0,0,442,687,1113,3,下位,0,0,0
653,653,0,69,26,0,1,125,442,687,1113,3,下位,0,125,216
580,580,0,69,25,0,2,778,442,687,1113,3,下位,0,653,87
64,64,0,208,267,0,3,1358,442,687,1113,3,下位,0,580,86
31,31,0,1516,3138,1,0,0,0,0,1,0,下位,0,0,0
162,162,0,68,22,0,0,0,31,3199,909,18,下位,0,0,0
229,229,0,110,149,0,1,162,31,3199,909,18,下位,0,162,83
775,775,0,863,1794,0,2,391,31,3199,909,18,下位,0,229,210
509,509,0,70,28,0,0,0,1166,1855,1291,11,下位,0,0,0
216,216,0,68,24,0,1,509,1166,1855,1291,11,下位,0,509,89
185,185,0,112,155,0,2,725,1166,1855,1291,11,下位,0,216,85
139,139,0,67,21,0,3,910,1166,1855,1291,11,下位,0,185,216
361,361,0,111,153,0,4,1049,1166,1855,1291,11,下位,0,139,82
118,118,0,962,2187,0,5,1410,1166,1855,1291,11,下位,0,361,214
378,378,0,112,155,1,0,0,0,0,1,0,下位,0,0,0
369,369,0,111,152,1,1,378,0,0,1,0,下位,0,378,216
366,366,0,68,24,1,2,747,0,0,1,0,下位,0,369,213
142,142,0,69,26,1,3,1113,0,0,1,0,下位,0,366,85
236,236,0,69,26,1,4,1255,0,0,1,0,下位,0,142,87
174,174,0,68,23,1,5,1491,0,0,1,0,下位,0,236,87
221,221,0,602,1291,1,6,1665,0,0,1,0,下位,0,174,84
306,306,0,68,22,0,0,0,1886,1352,-734,7,下位,0,0,0
87,87,0,229,427,0,1,306,1886,1352,-734,7,下位,0,306,83
369,369,0,70,29,0,0,0,393,488,-759,2,下位,0,0,0
537,537,0,114,160,0,1,369,393,488,-759,2,下位,0,369,90
808,808,0,112,154,0,2,906,393,488,-759,2,下位,0,537,221
809,809,0,69,27,0,3,1714,393,488,-759,2,下位,0,808,215
100,100,0,68,23,0,4,2523,393,488,-759,2,下位,0,809,88
282,282,0,2414,5350,0,5,2623,393,488,-759,2,下位,0,100,84
500,500,0,111,152,1,0,0,0,0,1,0,下位,0,0,0
51,51,0,998,1879,1,1,500,0,0,1,0,下位,0,500,213
509,509,0,111,152,0,0,0,551,1940,1319,15,下位,0,0,0
179,179,0,112,154,0,1,509,551,1940,1319,15,下位,0,509,213
338,338,0,68,24,0,2,688,551,1940,1319,15,下位,0,179,215
591,591,0,68,23,0,3,1026,551,1940,1319,15,下位,0,338,85
674,674,0,2493,5954,0,4,1617,551,1940,1319,15,下位,0,591,84
156,156,0,112,155,0,0,0,2291,6015,2246,32,下位,0,0,0
120,120,0,70,28,0,1,156,2291,6015,2246,32,下位,0,156,216
227,227,0,112,154,0,2,276,2291,6015,2246,32,下位,0,120,89
209,209,0,312,631,0,3,503,2291,6015,2246,32,下位,0,227,215
91,91,0,112,154,1,0,0,0,0,1,0,下位,0,0,0
392,392,0,68,22,1,1,91,0,0,1,0,下位,0,91,215
94,94,0,114,162,1,2,483,0,0,1,0,下位,0,392,83
327,327,0,68,22,1,3,577,0,0,1,0,下位,0,94,223
65,65,0,110,148,1,4,904,0,0,1,0,下位,0,327,83
285,285,0,111,153,1,5,969,0,0,1,0,下位,0,65,209
339,339,0,111,153,1,6,1254,0,0,1,0,下位,0,285,214
142,142,0,474,1064,1,7,1593,0,0,1,0,下位,0,339,214
122,122,0,109,145,0,0,0,1735,1125,-261,6,下位,0,0,0
467,467,0,699,1334,0,1,122,1735,1125,-261,6,下位,0,122,206
64,64,0,109,145,1,0,0,0,0,1,0,下位,0,0,0
190,190,0,111,153,1,1,64,0,0,1,0,下位,0,64,206
536,536,0,498,1118,1,2,254,0,0,1,0,下位,0,190,214
513,513,0,64,10,0,0,0,790,1179,403,6,下位,0,0,0
349,349,0,353,765,0,1,513,790,1179,403,6,下位,0,513,71
222,222,0,109,147,0,0,0,862,826,-6,3,下位,0,0,0
598,598,0,111,152,0,1,222,862,826,-6,3,下位,0,222,208
56,56,0,108,142,0,2,820,862,826,-6,3,下位,0,598,213
767,767,0,535,1160,0,3,876,862,826,-6,3,下位,0,56,203
82,82,0,68,24,0,0,0,1643,1221,-650,7,下位,0,0,0
147,147,0,68,22,0,1,82,1643,1221,-650,7,下位,0,82,85
460,460,0,111,152,0,2,229,1643,1221,-650,7,下位,0,147,83
210,210,0,248,212,0,3,689,1643,1221,-650,7,下位,0,460,213
388,388,0,110,150,1,0,0,0,0,1,0,下位,0,0,0
436,436,0,68,23,1,1,388,0,0,1,0,下位,0,388,211
209,209,0,268,501,1,2,824,0,0,1,0,下位,0,436,84
186,186,0,112,154,0,0,0,1033,562,-708,3,下位,0,0,0
419,419,0,110,149,0,1,186,1033,562,-708,3,下位,0,186,215
809,809,0,113,157,0,2,605,1033,562,-708,3,下位,0,419,210
499,499,0,112,154,0,3,1414,1033,562,-708,3,下位,0,809,218
732,732,0,71,31,0,4,1913,1033,562,-708,3,下位,0,499,215
100,100,0,112,154,0,5,2645,1033,562,-708,3,下位,0,732,92
64,64,0,604,1281,0,6,2745,1033,562,-708,3,下位,0,100,215
128,128,0,68,22,0,0,0,2809,1342,-2458,7,下位,0,0,0
74,74,0,68,22,0,1,128,2809,1342,-2458,7,下位,0,128,83
193,193,0,113,158,0,2,202,2809,1342,-2458,7,下位,0,74,83
84,84,0,112,156,0,3,395,2809,1342,-2458,7,下位,0,193,219
731,731,0,111,153,0,4,479,2809,1342,-2458,7,下位,0,84,217
67,67,0,68,23,0,5,1210,2809,1342,-2458,7,下位,0,731,214
200,200,0,552,1235,0,6,1277,2809,1342,-2458,7,下位,0,67,84
38,38,0,111,152,1,0,0,0,0,1,0,下位,0,0,0
192,192,0,112,155,1,1,38,0,0,1,0,下位,0,38,213
723,723,0,113,159,1,2,230,0,0,1,0,下位,0,192,216
176,176,0,111,152,1,3,953,0,0,1,0,下位,0,723,220
68,68,0,462,935,1,4,1129,0,0,1,0,下位,0,176,213
509,509,0,112,154,0,0,0,1197,996,45,4,下位,0,0,0
808,808,0,68,23,0,1,509,1197,996,45,4,下位,0,509,215
73,73,0,68,22,0,2,1317,1197,996,45,4,下位,0,808,84
640,640,0,111,153,0,3,1390,1197,996,45,4,下位,0,73,83
146,146,0,112,156,0,4,2030,1197,996,45,4,下位,0,640,214
625,625,0,109,146,0,5,2176,1197,996,45,4,下位,0,146,217
131,131,0,69,26,0,6,2801,1197,996,45,4,下位,0,625,207
398,398,0,184,293,0,7,2932,1197,996,45,4,下位,0,131,87
209,209,0,112,156,0,0,0,3330,354,-3539,2,下位,0,0,0
156,156,0,111,152,0,1,209,3330,354,-3539,2,下位,0,209,217
209,209,0,714,1378,0,2,365,3330,354,-3539,2,下位,0,156,213
127,127,0,638,1313,1,0,0,0,0,1,0,下位,0,0,0
360,360,0,69,26,0,0,0,127,1374,1183,8,下位,0,0,0
129,129,0,583,1384,0,1,360,127,1374,1183,8,下位,0,360,87
150,150,0,111,152,0,0,0,489,1445,1975,6,下位,0,0,0
330,330,0,108,143,0,1,150,489,1445,1975,6,下位,0,150,213
106,106,0,1550,3620,0,2,480,489,1445,1975,6,下位,0,330,204
131,131,0,112,155,0,0,0,586,3681,667,18,下位,0,0,0
68,68,0,112,154,0,1,131,586,3681,667,18,下位,0,131,216
434,434,0,108,144,0,2,199,586,3681,667,18,下位,0,68,215
144,144,0,109,145,0,3,633,586,3681,667,18,下位,0,434,205
187,187,0,111,153,0,4,777,586,3681,667,18,下位,0,144,206
192,192,0,111,152,0,5,964,586,3681,667,18,下位,0,187,214
83,83,0,112,155,0,6,1156,586,3681,667,18,下位,0,192,213
158,158,0,1629,3597,0,7,1239,586,3681,667,18,下位,0,83,216
500,500,0,110,149,1,0,0,0,0,1,0,下位,0,0,0
670,670,0,111,152,1,1,500,0,0,1,0,下位,0,500,210
453,453,0,114,160,1,2,1170,0,0,1,0,下位,0,670,213
210,210,0,719,1375,1,3,1623,0,0,1,0,下位,0,453,221
198,198,0,69,25,0,0,0,1833,1436,-696,9,下位,0,0,0
61,61,0,111,152,0,1,198,1833,1436,-696,9,下位,0,198,86
204,204,0,515,1177,0,2,259,1833,1436,-696,9,下位,0,61,213
83,83,0,1360,3250,0,0,0,463,1238,140,5,下位,0,0,0
156,156,0,68,23,0,0,0,83,3311,927,17,下位,0,0,0
582,582,0,69,26,0,1,156,83,3311,927,17,下位,0,156,84
209,209,0,111,153,0,2,738,83,3311,927,17,下位,0,582,87
506,506,0,112,155,0,3,947,83,3311,927,17,下位,0,209,214
397,397,0,69,25,0,4,1453,83,3311,927,17,下位,0,506,216
76,76,0,298,475,0,5,1850,83,3311,927,17,下位,0,397,86
373,373,0,114,162,0,0,0,1926,536,-769,3,下位,0,0,0
138,138,0,840,1706,0,1,373,1926,536,-769,3,下位,0,373,223
160,160,0,153,223,1,0,0,0,0,1,0,下位,0,0,0
49,49,0,68,23,0,0,0,160,284,43,1,下位,0,0,0
73,73,0,68,23,0,1,49,160,284,43,1,下位,0,49,84
173,173,0,150,224,0,2,122,160,284,43,1,下位,0,73,84
513,513,0,65,15,0,0,0,295,285,49,1,下位,0,0,0
70,70,0,112,154,0,1,513,295,285,49,1,下位,0,513,76
59,59,0,756,1703,0,2,583,295,285,49,1,下位,0,70,215
131,131,0,68,22,0,0,0,642,1764,1132,9,下位,0,0,0
51,51,0,69,26,0,1,131,642,1764,1132,9,下位,0,131,83
468,468,0,2018,4693,0,2,182,642,1764,1132,9,下位,0,51,87
102,102,0,111,153,0,0,0,650,4754,589,24,下位,0,0,0
119,119,0,111,153,0,1,102,650,4754,589,24,下位,0,102,214
132,132,0,109,146,0,2,221,650,4754,589,24,下位,0,119,214
564,564,0,109,146,0,3,353,650,4754,589,24,下位,0,132,207
618,618,0,111,153,0,4,917,650,4754,589,24,下位,0,564,207
721,721,0,111,152,0,5,1535,650,4754,589,24,下位,0,618,214
90,90,0,110,149,0,6,2256,650,4754,589,24,下位,0,721,213
333,333,0,65,15,0,7,2346,650,4754,589,24,下位,0,90,210
810,810,0,112,155,0,8,2679,650,4754,589,24,下位,0,333,76
175,175,0,352,687,0,9,3489,650,4754,589,24,下位,0,810,216
90,90,0,111,153,1,0,0,0,0,1,0,下位,0,0,0
305,305,0,454,729,1,1,90,0,0,1,0,下位,0,90,214
357,357,0,68,24,0,0,0,395,790,407,7,下位,0,0,0
108,108,0,112,154,0,1,357,395,790,407,7,下位,0,357,85
599,599,0,111,152,0,2,465,395,790,407,7,下位,0,108,215
331,331,0,113,158,0,3,1064,395,790,407,7,下位,0,599,213
288,288,0,112,155,0,4,1395,395,790,407,7,下位,0,331,219
192,192,0,111,153,0,5,1683,395,790,407,7,下位,0,288,216
126,126,0,375,672,0,6,1875,395,790,407,7,下位,0,192,214
451,451,0,386,698,1,0,0,0,0,1,0,下位,0,0,0
90,90,0,112,154,0,0,0,451,759,77,3,下位,0,0,0
71,71,0,111,152,0,1,90,451,759,77,3,下位,0,90,215
413,413,0,107,140,0,2,161,451,759,77,3,下位,0,71,213
398,398,0,109,145,0,3,574,451,759,77,3,下位,0,413,201
514,514,0,112,154,0,4,972,451,759,77,3,下位,0,398,206
452,452,0,68,23,0,5,1486,451,759,77,3,下位,0,514,215
162,162,0,68,24,0,6,1938,451,759,77,3,下位,0,452,84
51,51,0,113,158,0,7,2100,451,759,77,3,下位,0,162,85
440,440,0,413,862,0,8,2151,451,759,77,3,下位,0,51,219
509,509,0,112,154,0,0,0,2591,923,-1488,6,下位,0,0,0
808,808,0,111,153,0,1,509,2591,923,-1488,6,下位,0,509,215
198,198,0,71,31,0,2,1317,2591,923,-1488,6,下位,0,808,214
95,95,0,452,936,0,3,1515,2591,923,-1488,6,下位,0,198,92
218,218,0,269,502,1,0,0,0,0,1,0,下位,0,0,0
86,86,0,70,28,0,0,0,218,563,234,3,下位,0,0,0
125,125,0,112,154,0,1,86,218,563,234,3,下位,0,86,89
307,307,0,69,25,0,2,211,218,563,234,3,下位,0,125,215
358,358,0,110,148,0,3,518,218,563,234,3,下位,0,307,86
437,437,0,112,154,0,4,876,218,563,234,3,下位,0,358,209
786,786,0,68,23,0,5,1313,218,563,234,3,下位,0,437,215
125,125,0,114,161,0,6,2099,218,563,234,3,下位,0,786,84
431,431,0,68,24,0,7,2224,218,563,234,3,下位,0,125,222
160,160,0,563,1220,0,8,2655,218,563,234,3,下位,0,431,85
185,185,0,111,152,1,0,0,0,0,1,0,下位,0,0,0
236,236,0,276,552,1,1,185,0,0,1,0,下位,0,185,213
379,379,0,114,160,0,0,0,421,613,189,2,下位,0,0,0
480,480,0,70,29,0,1,379,421,613,189,2,下位,0,379,221
215,215,0,113,157,0,2,859,421,613,189,2,下位,0,480,90
432,432,0,111,153,0,3,1074,421,613,189,2,下位,0,215,218
125,125,0,111,152,0,4,1506,421,613,189,2,下位,0,432,214
225,225,0,69,25,0,5,1631,421,613,189,2,下位,0,125,213
179,179,0,67,19,0,6,1856,421,613,189,2,下位,0,225,86
204,204,0,823,1631,0,7,2035,421,613,189,2,下位,0,179,80
405,405,0,114,160,1,0,0,0,0,1,0,下位,0,0,0
103,103,0,112,155,1,1,405,0,0,1,0,下位,0,405,221
274,274,0,69,25,1,2,508,0,0,1,0,下位,0,103,216
292,292,0,110,150,1,3,782,0,0,1,0,下位,0,274,86
157,157,0,68,24,1,4,1074,0,0,1,0,下位,0,292,211
457,457,0,68,22,1,5,1231,0,0,1,0,下位,0,157,85
288,288,0,227,241,1,6,1688,0,0,1,0,下位,0,457,83
400,400,0,418,919,0,0,0,1976,302,-1788,2,下位,0,0,0
500,500,0,111,153,1,0,0,0,0,1,0,下位,0,0,0
128,128,0,410,804,1,1,500,0,0,1,0,下位,0,500,214
54,54,0,113,157,0,0,0,628,865,128,4,下位,0,0,0
808,808,0,70,29,0,1,54,628,865,128,4,下位,0,54,218
46,46,0,69,27,0,2,862,628,865,128,4,下位,0,808,90
137,137,0,69,25,0,3,908,628,865,128,4,下位,0,46,88
808,808,0,112,156,0,4,1045,628,865,128,4,下位,0,137,86
322,322,0,112,156,0,5,1853,628,865,128,4,下位,0,808,217
220,220,0,111,152,0,6,2175,628,865,128,4,下位,0,322,217
90,90,0,69,26,0,7,2395,628,865,128,4,下位,0,220,213
304,304,0,68,23,0,8,2485,628,865,128,4,下位,0,90,87
104,104,0,869,1863,0,9,2789,628,865,128,4,下位,0,304,84
162,162,0,516,1100,0,0,0,2893,1924,-1032,13,下位,0,0,0
113,113,0,68,23,0,0,0,162,1161,-116,6,下位,0,0,0
485,485,0,113,157,0,1,113,162,1161,-116,6,下位,0,113,84
121,121,0,725,1637,0,2,598,162,1161,-116,6,下位,0,485,218
411,411,0,103,127,1,0,0,0,0,1,0,下位,0,0,0
77,77,0,271,557,1,1,411,0,0,1,0,下位,0,411,188
195,195,0,68,23,0,0,0,488,618,67,2,下位,0,0,0
124,124,0,112,154,0,1,195,488,618,67,2,下位,0,195,84
117,117,0,112,155,0,2,319,488,618,67,2,下位,0,124,215
321,321,0,112,155,0,3,436,488,618,67,2,下位,0,117,216
202,202,0,69,25,0,4,757,488,618,67,2,下位,0,321,216
163,163,0,68,24,0,5,959,488,618,67,2,下位,0,202,86
146,146,0,112,154,0,6,1122,488,618,67,2,下位,0,163,85
808,808,0,114,160,0,7,1268,488,618,67,2,下位,0,146,215
808,808,0,326,619,0,8,2076,488,618,67,2,下位,0,808,221
190,190,0,593,1235,0,0,0,2884,680,-2283,3,下位,0,0,0
479,479,0,112,156,1,0,0,0,0,1,0,下位,0,0,0
808,808,0,341,584,1,1,479,0,0,1,0,下位,0,479,217
298,298,0,111,153,0,0,0,1287,645,-1087,3,下位,0,0,0
808,808,0,111,152,0,1,298,1287,645,-1087,3,下位,0,298,214
790,790,0,113,158,0,2,1106,1287,645,-1087,3,下位,0,808,213
78,78,0,68,22,0,3,1896,1287,645,-1087,3,下位,0,790,219
379,379,0,112,154,0,4,1974,1287,645,-1087,3,下位,0,78,83
368,368,0,68,22,0,5,2353,1287,645,-1087,3,下位,0,379,215
316,316,0,68,23,0,6,2721,1287,645,-1087,3,下位,0,368,83
648,648,0,1229,2785,0,7,3037,1287,645,-1087,3,下位,0,316,84
95,95,0,813,2016,0,0,0,3685,2846,-2714,15,下位,0,0,0
383,383,0,253,374,1,0,0,0,0,1,0,下位,0,0,0
260,260,0,111,152,0,0,0,383,435,-144,2,下位,0,0,0
534,534,0,111,153,0,1,260,383,435,-144,2,下位,0,260,213
487,487,0,113,158,0,2,794,383,435,-144,2,下位,0,534,214
53,53,0,113,159,0,3,1281,383,435,-144,2,下位,0,487,219
733,733,0,113,157,0,4,1334,383,435,-144,2,下位,0,53,220
418,418,0,68,22,0,5,2067,383,435,-144,2,下位,0,733,218
126,126,0,68,22,0,6,2485,383,435,-144,2,下位,0,418,83
377,377,0,69,25,0,7,2611,383,435,-144,2,下位,0,126,83
426,426,0,113,158,0,8,2988,383,435,-144,2,下位,0,377,86
763,763,0,112,155,0,9,3414,383,435,-144,2,下位,0,426,219
51,51,0,384,845,0,10,4177,383,435,-144,2,下位,0,763,216
500,500,0,111,153,1,0,0,0,0,1,0,下位,0,0,0
165,165,0,113,158,1,1,500,0,0,1,0,下位,0,500,214
256,256,0,111,152,1,2,665,0,0,1,0,下位,0,165,219
171,171,0,68,24,1,3,921,0,0,1,0,下位,0,256,213
320,320,0,68,23,1,4,1092,0,0,1,0,下位,0,171,85
742,742,0,110,149,1,5,1412,0,0,1,0,下位,0,320,84
171,171,0,70,28,1,6,2154,0,0,1,0,下位,0,742,210
261,261,0,112,154,1,7,2325,0,0,1,0,下位,0,171,89
626,626,0,112,154,1,8,2586,0,0,1,0,下位,0,261,215
143,143,0,68,24,1,9,3212,0,0,1,0,下位,0,626,215
158,158,0,109,145,1,10,3355,0,0,1,0,下位,0,143,85
773,773,0,107,140,1,11,3513,0,0,1,0,下位,0,158,206
646,646,0,68,24,1,12,4286,0,0,1,0,下位,0,773,201
117,117,0,703,1500,1,13,4932,0,0,1,0,下位,0,646,85
260,260,0,388,845,1,0,0,0,0,1,0,下位,0,0,0
162,162,0,69,26,0,0,0,260,906,513,4,下位,0,0,0
105,105,0,112,155,0,1,162,260,906,513,4,下位,0,162,87
469,469,0,564,1155,0,2,267,260,906,513,4,下位,0,105,216
274,274,0,69,27,0,0,0,736,1216,917,7,下位,0,0,0
97,97,0,114,160,0,1,274,736,1216,917,7,下位,0,274,88
294,294,0,69,26,0,2,371,736,1216,917,7,下位,0,97,221
375,375,0,113,157,0,3,665,736,1216,917,7,下位,0,294,87
162,162,0,69,26,0,4,1040,736,1216,917,7,下位,0,375,218
340,340,0,112,154,0,5,1202,736,1216,917,7,下位,0,162,87
49,49,0,112,154,0,6,1542,736,1216,917,7,下位,0,340,215
142,142,0,954,2050,0,7,1591,736,1216,917,7,下位,0,49,215
290,290,0,112,154,0,0,0,1733,2111,1535,11,下位,0,0,0
175,175,0,112,156,0,1,290,1733,2111,1535,11,下位,0,290,215
70,70,0,111,152,0,2,465,1733,2111,1535,11,下位,0,175,217
508,508,0,69,26,0,3,535,1733,2111,1535,11,下位,0,70,213
84,84,0,113,158,0,4,1043,1733,2111,1535,11,下位,0,508,87
602,602,0,70,29,0,5,1127,1733,2111,1535,11,下位,0,84,219
99,99,0,302,512,0,6,1729,1733,2111,1535,11,下位,0,602,90
431,431,0,68,23,0,0,0,1828,573,380,2,下位,0,0,0
127,127,0,112,155,0,1,431,1828,573,380,2,下位,0,431,84
759,759,0,112,155,0,2,558,1828,573,380,2,下位,0,127,216
191,191,0,109,146,0,3,1317,1828,573,380,2,下位,0,759,216
118,118,0,69,25,0,4,1508,1828,573,380,2,下位,0,191,207
209,209,0,482,944,0,5,1626,1828,573,380,2,下位,0,118,86
122,122,0,287,572,1,0,0,0,0,1,0,下位,0,0,0
100,100,0,64,11,0,0,0,122,633,449,5,下位,0,0,0
448,448,0,116,166,0,1,100,122,633,449,5,下位,0,100,72
168,168,0,115,165,0,2,548,122,633,449,5,下位,0,448,227
49,49,0,382,933,0,3,716,122,633,449,5,下位,0,168,226
202,202,0,114,161,1,0,0,0,0,1,0,下位,0,0,0
78,78,0,114,160,1,1,202,0,0,1,0,下位,0,202,222
238,238,0,322,765,1,2,280,0,0,1,0,下位,0,78,221
420,420,0,115,165,0,0,0,518,826,485,4,下位,0,0,0
507,507,0,489,1255,0,1,420,518,826,485,4,下位,0,420,226
382,382,0,494,997,1,0,0,0,0,1,0,下位,0,0,0
291,291,0,112,155,0,0,0,382,1058,480,5,下位,0,0,0
808,808,0,111,153,0,1,291,382,1058,480,5,下位,0,291,216
490,490,0,69,26,0,2,1099,382,1058,480,5,下位,0,808,214
701,701,0,70,28,0,3,1589,382,1058,480,5,下位,0,490,87
222,222,0,113,157,0,4,2290,382,1058,480,5,下位,0,701,89
64,64,0,363,695,0,5,2512,382,1058,480,5,下位,0,222,218
68,68,0,69,26,0,0,0,2576,756,-1842,4,下位,0,0,0
717,717,0,113,157,0,1,68,2576,756,-1842,4,下位,0,68,87
209,209,0,70,30,0,2,785,2576,756,-1842,4,下位,0,717,218
106,106,0,69,25,0,3,994,2576,756,-1842,4,下位,0,209,91
215,215,0,112,154,0,4,1100,2576,756,-1842,4,下位,0,106,86
143,143,0,624,1185,0,5,1315,2576,756,-1842,4,下位,0,215,215
122,122,0,68,22,1,0,0,0,0,1,0,下位,0,0,0
242,242,0,110,150,1,1,122,0,0,1,0,下位,0,122,83
225,225,0,107,139,1,2,364,0,0,1,0,下位,0,242,211
808,808,0,68,22,1,3,589,0,0,1,0,下位,0,225,200
335,335,0,1351,3095,1,4,1397,0,0,1,0,下位,0,808,83
318,318,0,111,152,0,0,0,1732,3156,1109,16,下位,0,0,0
449,449,0,113,158,0,1,318,1732,3156,1109,16,下位,0,318,213
808,808,0,69,26,0,2,767,1732,3156,1109,16,下位,0,449,219
68,68,0,70,29,0,3,1575,1732,3156,1109,16,下位,0,808,87
808,808,0,111,152,0,4,1643,1732,3156,1109,16,下位,0,68,90
50,50,0,69,25,0,5,2451,1732,3156,1109,16,下位,0,808,213
55,55,0,68,23,0,6,2501,1732,3156,1109,16,下位,0,50,86
68,68,0,182,185,0,7,2556,1732,3156,1109,16,下位,0,55,84
453,453,0,69,27,1,0,0,0,0,1,0,下位,0,0,0
291,291,0,68,23,1,1,453,0,0,1,0,下位,0,453,88
89,89,0,1235,2733,1,2,744,0,0,1,0,下位,0,291,84
510,510,0,112,156,0,0,0,833,2794,1705,15,下位,0,0,0
605,605,0,112,154,0,1,510,833,2794,1705,15,下位,0,510,217
288,288,0,111,152,0,2,1115,833,2794,1705,15,下位,0,605,215
136,136,0,294,464,0,3,1403,833,2794,1705,15,下位,0,288,213
509,509,0,111,153,0,0,0,1539,525,543,3,下位,0,0,0
238,238,0,68,22,0,1,509,1539,525,543,3,下位,0,509,214
191,191,0,111,152,0,2,747,1539,525,543,3,下位,0,238,83
192,192,0,69,25,0,3,938,1539,525,543,3,下位,0,191,213
363,363,0,680,1432,0,4,1130,1539,525,543,3,下位,0,192,86
168,168,0,425,777,0,0,0,1493,1493,370,9,下位,0,0,0
115,115,0,111,152,0,0,0,168,838,953,4,下位,0,0,0
136,136,0,69,26,0,1,115,168,838,953,4,下位,0,115,213
209,209,0,645,1346,0,2,251,168,838,953,4,下位,0,136,87
19,19,0,109,146,1,0,0,0,0,1,0,下位,0,0,0
279,279,0,70,30,1,1,19,0,0,1,0,下位,0,19,207
210,210,0,664,1368,1,2,298,0,0,1,0,下位,0,279,91
187,187,0,111,151,0,0,0,508,1429,958,7,下位,0,0,0
314,314,0,111,153,0,1,187,508,1429,958,7,下位,0,187,212
107,107,0,421,993,0,2,501,508,1429,958,7,下位,0,314,214
94,94,0,69,26,0,0,0,608,1054,1517,4,下位,0,0,0
79,79,0,879,1988,0,1,94,608,1054,1517,4,下位,0,94,87
509,509,0,113,157,0,0,0,173,2049,1013,11,下位,0,0,0
421,421,0,114,160,0,1,509,173,2049,1013,11,下位,0,509,218
635,635,0,69,26,0,2,930,173,2049,1013,11,下位,0,421,221
80,80,0,69,25,0,3,1565,173,2049,1013,11,下位,0,635,87
300,300,0,112,156,0,4,1645,173,2049,1013,11,下位,0,80,86
809,809,0,581,1250,0,5,1945,173,2049,1013,11,下位,0,300,217
211,211,0,809,1684,1,0,0,0,0,1,0,下位,0,0,0
242,242,0,351,686,0,0,0,211,1745,1426,11,下位,0,0,0
63,63,0,1859,4358,0,0,0,242,747,1806,4,下位,0,0,0
509,509,0,68,24,0,0,0,63,4419,1629,21,下位,0,0,0
174,174,0,69,25,0,1,509,63,4419,1629,21,下位,0,509,85
248,248,0,113,157,0,2,683,63,4419,1629,21,下位,0,174,86
291,291,0,114,160,0,3,931,63,4419,1629,21,下位,0,248,218
210,210,0,69,26,0,4,1222,63,4419,1629,21,下位,0,291,221
811,811,0,70,29,0,5,1432,63,4419,1629,21,下位,0,210,87
48,48,0,430,979,0,6,2243,63,4419,1629,21,下位,0,811,90
101,101,0,111,153,1,0,0,0,0,1,0,下位,0,0,0
243,243,0,68,24,1,1,101,0,0,1,0,下位,0,101,214
188,188,0,429,922,1,2,344,0,0,1,0,下位,0,243,85
509,509,0,111,152,0,0,0,532,983,477,5,下位,0,0,0
756,756,0,422,988,0,1,509,532,983,477,5,下位,0,509,213
55,55,0,113,157,0,0,0,1265,1049,-177,4,下位,0,0,0
236,236,0,112,154,0,1,55,1265,1049,-177,4,下位,0,55,218
810,810,0,114,160,0,2,291,1265,1049,-177,4,下位,0,236,215
193,193,0,68,24,0,3,1101,1265,1049,-177,4,下位,0,810,221
50,50,0,113,157,0,4,1294,1265,1049,-177,4,下位,0,193,85
120,120,0,638,1449,0,5,1344,1265,1049,-177,4,下位,0,50,218
84,84,0,68,22,1,0,0,0,0,1,0,下位,0,0,0
79,79,0,264,508,1,1,84,0,0,1,0,下位,0,84,83
234,234,0,107,141,0,0,0,163,569,406,3,下位,0,0,0
92,92,0,111,153,0,1,234,163,569,406,3,下位,0,234,202
576,576,0,107,141,0,2,326,163,569,406,3,下位,0,92,214
559,559,0,64,11,0,3,902,163,569,406,3,下位,0,576,202
247,247,0,70,30,0,4,1461,163,569,406,3,下位,0,559,72
144,144,0,68,22,0,5,1708,163,569,406,3,下位,0,247,91
779,779,0,71,31,0,6,1852,163,569,406,3,下位,0,144,83
44,44,0,433,766,0,7,2631,163,569,406,3,下位,0,779,92
500,500,0,69,27,1,0,0,0,0,1,0,下位,0,0,0
254,254,0,112,156,1,1,500,0,0,1,0,下位,0,500,88
161,161,0,353,687,1,2,754,0,0,1,0,下位,0,254,217
293,293,0,553,1209,0,0,0,915,748,-333,4,下位,0,0,0
99,99,0,112,156,0,0,0,293,1270,493,6,下位,0,0,0
809,809,0,648,1555,0,1,99,293,1270,493,6,下位,0,99,217
500,500,0,69,27,1,0,0,0,0,1,0,下位,0,0,0
96,96,0,112,154,1,1,500,0,0,1,0,下位,0,500,88
60,60,0,112,155,1,2,596,0,0,1,0,下位,0,96,215
124,124,0,69,27,1,3,656,0,0,1,0,下位,0,60,216
124,124,0,118,86,1,4,780,0,0,1,0,下位,0,124,88
57,57,0,61,2,1,0,0,0,0,1,0,下位,0,0,0
92,92,0,693,1425,1,1,57,0,0,1,0,下位,0,57,63
509,509,0,227,428,0,0,0,149,1486,1325,9,下位,0,0,0
500,500,0,1070,2119,1,0,0,0,0,1,0,下位,0,0,0
211,211,0,112,154,0,0,0,500,2180,1423,13,下位,0,0,0
671,671,0,69,25,0,1,211,500,2180,1423,13,下位,0,211,215
220,220,0,112,155,0,2,882,500,2180,1423,13,下位,0,671,86
61,61,0,2528,5858,0,3,1102,500,2180,1423,13,下位,0,220,216
125,125,0,317,608,1,0,0,0,0,1,0,下位,0,0,0
355,355,0,111,153,0,0,0,125,669,481,3,下位,0,0,0
263,263,0,69,25,0,1,355,125,669,481,3,下位,0,355,214
133,133,0,69,25,0,2,618,125,669,481,3,下位,0,263,86
145,145,0,112,154,0,3,751,125,669,481,3,下位,0,133,86
209,209,0,1611,3674,0,4,896,125,669,481,3,下位,0,145,215
187,187,0,68,23,0,0,0,1105,3735,894,21,下位,0,0,0
206,206,0,308,511,0,1,187,1105,3735,894,21,下位,0,187,84
244,244,0,111,153,0,0,0,393,572,955,2,下位,0,0,0
235,235,0,112,154,0,1,244,393,572,955,2,下位,0,244,214
158,158,0,407,814,0,2,479,393,572,955,2,下位,0,235,215
246,246,0,318,578,0,0,0,637,875,1294,4,下位,0,0,0
153,153,0,338,711,0,0,0,246,639,1560,3,下位,0,0,0
125,125,0,112,154,0,0,0,153,772,2100,4,下位,0,0,0
212,212,0,665,1405,0,1,125,153,772,2100,4,下位,0,125,215
40,40,0,69,25,1,0,0,0,0,1,0,下位,0,0,0
43,43,0,111,152,1,1,40,0,0,1,0,下位,0,40,86
64,64,0,113,158,1,2,83,0,0,1,0,下位,0,43,213
92,92,0,112,154,1,3,147,0,0,1,0,下位,0,64,219
96,96,0,112,156,1,4,239,0,0,1,0,下位,0,92,215
253,253,0,112,156,1,5,335,0,0,1,0,下位,0,96,217
383,383,0,111,152,1,6,588,0,0,1,0,下位,0,253,217
72,72,0,111,152,1,7,971,0,0,1,0,下位,0,383,213
86,86,0,389,763,1,8,1043,0,0,1,0,下位,0,72,213
509,509,0,113,157,0,0,0,1129,824,709,5,下位,0,0,0
136,136,0,113,157,0,1,509,1129,824,709,5,下位,0,509,218
142,142,0,492,936,0,2,645,1129,824,709,5,下位,0,136,218
137,137,0,211,267,0,0,0,787,997,950,6,下位,0,0,0
383,383,0,112,156,1,0,0,0,0,1,0,下位,0,0,0
78,78,0,109,145,1,1,383,0,0,1,0,下位,0,383,217
126,126,0,226,443,1,2,461,0,0,1,0,下位,0,78,206
69,69,0,68,23,1,0,0,0,0,1,0,下位,0,0,0
219,219,0,111,152,1,1,69,0,0,1,0,下位,0,69,84
438,438,0,69,25,1,2,288,0,0,1,0,下位,0,219,213
808,808,0,70,30,1,3,726,0,0,1,0,下位,0,438,86
392,392,0,69,27,1,4,1534,0,0,1,0,下位,0,808,91
209,209,0,219,428,1,5,1926,0,0,1,0,下位,0,392,88
426,426,0,345,712,0,0,0,2135,489,-2184,2,下位,0,0,0
95,95,0,111,152,1,0,0,0,0,1,0,下位,0,0,0
103,103,0,2287,4973,1,1,95,0,0,1,0,下位,0,95,213
84,84,0,191,348,0,0,0,198,5034,381,27,下位,0,0,0
186,186,0,187,294,0,0,0,84,409,663,1,下位,0,0,0
391,391,0,68,22,0,0,0,186,355,736,2,下位,0,0,0
661,661,0,459,877,0,1,391,186,355,736,2,下位,0,391,83
137,137,0,111,152,0,0,0,1052,938,163,5,下位,0,0,0
117,117,0,327,598,0,1,137,1052,938,163,5,下位,0,137,213
509,509,0,705,1440,0,0,0,254,659,650,3,下位,0,0,0
41,41,0,700,1687,1,0,0,0,0,1,0,下位,0,0,0
181,181,0,1011,2296,0,0,0,41,1748,1687,8,下位,0,0,0
235,235,0,69,26,0,0,0,181,2357,1507,12,下位,0,0,0
163,163,0,994,2133,0,1,235,181,2357,1507,12,下位,0,235,87
14,14,0,112,156,1,0,0,0,0,1,0,下位,0,0,0
713,713,0,576,1076,1,1,14,0,0,1,0,下位,0,14,217
248,248,0,112,154,0,0,0,727,1137,254,5,下位,0,0,0
614,614,0,442,1039,0,1,248,727,1137,254,5,下位,0,248,215
190,190,0,112,154,0,0,0,862,1100,263,5,下位,0,0,0
436,436,0,70,30,0,1,190,862,1100,263,5,下位,0,190,215
219,219,0,69,25,0,2,626,862,1100,263,5,下位,0,436,91
217,217,0,112,154,0,3,845,862,1100,263,5,下位,0,219,86
472,472,0,112,155,0,4,1062,862,1100,263,5,下位,0,217,215
345,345,0,111,153,0,5,1534,862,1100,263,5,下位,0,472,216
132,132,0,111,153,0,6,1879,862,1100,263,5,下位,0,345,214
64,64,0,113,157,0,7,2011,862,1100,263,5,下位,0,132,214
87,87,0,1082,1930,0,8,2075,862,1100,263,5,下位,0,64,218
501,501,0,111,153,1,0,0,0,0,1,0,下位,0,0,0
158,158,0,112,154,1,1,501,0,0,1,0,下位,0,501,214
105,105,0,111,153,1,2,659,0,0,1,0,下位,0,158,215
419,419,0,68,22,1,3,764,0,0,1,0,下位,0,105,214
217,217,0,113,158,1,4,1183,0,0,1,0,下位,0,419,83
242,242,0,502,984,1,5,1400,0,0,1,0,下位,0,217,219
509,509,0,573,1129,0,0,0,1642,1045,-497,5,下位,0,0,0
30,30,0,379,654,1,0,0,0,0,1,0,下位,0,0,0
369,369,0,70,30,0,0,0,30,715,671,4,下位,0,0,0
209,209,0,197,275,0,1,369,30,715,671,4,下位,0,369,91
509,509,0,112,156,0,0,0,578,336,222,2,下位,0,0,0
306,306,0,64,10,0,1,509,578,336,222,2,下位,0,509,217
131,131,0,112,156,0,2,815,578,336,222,2,下位,0,306,71
143,143,0,112,154,0,3,946,578,336,222,2,下位,0,131,217
295,295,0,426,912,0,4,1089,578,336,222,2,下位,0,143,215
131,131,0,973,2218,0,0,0,1384,973,-182,5,下位,0,0,0
175,175,0,108,144,0,0,0,131,2279,1899,11,下位,0,0,0
212,212,0,111,152,0,1,175,131,2279,1899,11,下位,0,175,205
202,202,0,824,1489,0,2,387,131,2279,1899,11,下位,0,212,213
319,319,0,68,22,0,0,0,589,1550,774,10,下位,0,0,0
159,159,0,913,1753,0,1,319,589,1550,774,10,下位,0,319,83
103,103,0,829,1912,0,0,0,478,1814,1947,13,下位,0,0,0
499,499,0,111,152,1,0,0,0,0,1,0,下位,0,0,0
155,155,0,261,380,1,1,499,0,0,1,0,下位,0,499,213
511,511,0,68,22,0,0,0,654,441,-336,2,下位,0,0,0
137,137,0,64,12,0,1,511,654,441,-336,2,下位,0,511,83
332,332,0,68,22,0,2,648,654,441,-336,2,下位,0,137,73
140,140,0,112,155,0,3,980,654,441,-336,2,下位,0,332,83
171,171,0,651,1424,0,4,1120,654,441,-336,2,下位,0,140,216
98,98,0,69,25,1,0,0,0,0,1,0,下位,0,0,0
108,108,0,686,1476,1,1,98,0,0,1,0,下位,0,98,86
509,509,0,1132,2474,0,0,0,206,1537,1312,8,下位,0,0,0
42,42,0,111,152,1,0,0,0,0,1,0,下位,0,0,0
784,784,0,109,146,1,1,42,0,0,1,0,下位,0,42,213
187,187,0,112,155,1,2,826,0,0,1,0,下位,0,784,207
209,209,0,112,154,1,3,1013,0,0,1,0,下位,0,187,216
163,163,0,68,23,1,4,1222,0,0,1,0,下位,0,209,215
276,276,0,68,23,1,5,1385,0,0,1,0,下位,0,163,84
126,126,0,112,156,1,6,1661,0,0,1,0,下位,0,276,84
620,620,0,66,16,1,7,1787,0,0,1,0,下位,0,126,217
165,165,0,519,1098,1,8,2407,0,0,1,0,下位,0,620,77
47,47,0,341,716,1,0,0,0,0,1,0,下位,0,0,0
428,428,0,259,381,0,0,0,47,777,707,5,下位,0,0,0
405,405,0,271,565,0,0,0,428,442,501,2,下位,0,0,0
339,339,0,69,26,0,0,0,405,626,513,2,下位,0,0,0
265,265,0,112,155,0,1,339,405,626,513,2,下位,0,339,87
91,91,0,112,154,0,2,604,405,626,513,2,下位,0,265,216
51,51,0,68,24,0,3,695,405,626,513,2,下位,0,91,215
737,737,0,112,154,0,4,746,405,626,513,2,下位,0,51,85
388,388,0,114,160,0,5,1483,405,626,513,2,下位,0,737,215
147,147,0,113,159,0,6,1871,405,626,513,2,下位,0,388,221
232,232,0,112,156,0,7,2018,405,626,513,2,下位,0,147,220
801,801,0,111,152,0,8,2250,405,626,513,2,下位,0,232,217
690,690,0,198,273,0,9,3051,405,626,513,2,下位,0,801,213
500,500,0,259,510,1,0,0,0,0,1,0,下位,0,0,0
209,209,0,112,156,0,0,0,500,571,-186,3,下位,0,0,0
393,393,0,111,153,0,1,209,500,571,-186,3,下位,0,209,217
808,808,0,69,27,0,2,602,500,571,-186,3,下位,0,393,214
87,87,0,216,318,0,3,1410,500,571,-186,3,下位,0,808,88
41,41,0,113,157,1,0,0,0,0,1,0,下位,0,0,0
125,125,0,559,1213,1,1,41,0,0,1,0,下位,0,41,218
196,196,0,109,146,0,0,0,166,1274,1242,6,下位,0,0,0
81,81,0,3429,8235,0,1,196,166,1274,1242,6,下位,0,196,207
509,509,0,111,152,0,0,0,277,8296,211,42,下位,0,0,0
370,370,0,113,157,0,1,509,277,8296,211,42,下位,0,509,213
661,661,0,113,159,0,2,879,277,8296,211,42,下位,0,370,218
743,743,0,70,29,0,3,1540,277,8296,211,42,下位,0,661,220
534,534,0,422,782,0,4,2283,277,8296,211,42,下位,0,743,90
75,75,0,111,153,1,0,0,0,0,1,0,下位,0,0,0
347,347,0,68,23,1,1,75,0,0,1,0,下位,0,75,214
82,82,0,111,152,1,2,422,0,0,1,0,下位,0,347,84
311,311,0,111,152,1,3,504,0,0,1,0,下位,0,82,213
54,54,0,876,2009,1,4,815,0,0,1,0,下位,0,311,213
334,334,0,111,152,0,0,0,869,2070,1478,11,下位,0,0,0
203,203,0,69,26,0,1,334,869,2070,1478,11,下位,0,334,213
493,493,0,111,153,0,2,537,869,2070,1478,11,下位,0,203,87
599,599,0,112,154,0,3,1030,869,2070,1478,11,下位,0,493,214
364,364,0,112,156,0,4,1629,869,2070,1478,11,下位,0,599,215
320,320,0,111,152,0,5,1993,869,2070,1478,11,下位,0,364,217
53,53,0,69,26,0,6,2313,869,2070,1478,11,下位,0,320,213
528,528,0,111,152,0,7,2366,869,2070,1478,11,下位,0,53,87
452,452,0,68,24,0,8,2894,869,2070,1478,11,下位,0,528,213
90,90,0,69,25,0,9,3346,869,2070,1478,11,下位,0,452,85
168,168,0,112,156,0,10,3436,869,2070,1478,11,下位,0,90,86
144,144,0,295,528,0,11,3604,869,2070,1478,11,下位,0,168,217
51,51,0,711,1371,0,0,0,3748,589,-1766,2,下位,0,0,0
114,114,0,700,1415,0,0,0,51,1432,-411,9,下位,0,0,0
432,432,0,68,22,1,0,0,0,0,1,0,下位,0,0,0
262,262,0,108,142,1,1,432,0,0,1,0,下位,0,432,83
196,196,0,114,160,1,2,694,0,0,1,0,下位,0,262,203
79,79,0,110,149,1,3,890,0,0,1,0,下位,0,196,221
808,808,0,947,2089,1,4,969,0,0,1,0,下位,0,79,210
346,346,0,71,32,0,0,0,1777,2150,175,12,下位,0,0,0
106,106,0,149,221,0,1,346,1777,2150,175,12,下位,0,346,93
466,466,0,68,22,0,0,0,452,282,-135,1,下位,0,0,0
196,196,0,68,23,0,1,466,452,282,-135,1,下位,0,466,83
137,137,0,107,139,0,2,662,452,282,-135,1,下位,0,196,84
130,130,0,68,24,0,3,799,452,282,-135,1,下位,0,137,200
808,808,0,111,151,0,4,929,452,282,-135,1,下位,0,130,85
466,466,0,68,22,0,5,1737,452,282,-135,1,下位,0,808,212
96,96,0,111,151,0,6,2203,452,282,-135,1,下位,0,466,83
289,289,0,68,24,0,7,2299,452,282,-135,1,下位,0,96,212
60,60,0,977,2018,0,8,2588,452,282,-135,1,下位,0,289,85
134,134,0,69,25,0,0,0,2648,2079,-1024,13,下位,0,0,0
48,48,0,425,824,0,1,134,2648,2079,-1024,13,下位,0,134,86
51,51,0,111,152,1,0,0,0,0,1,0,下位,0,0,0
636,636,0,112,155,1,1,51,0,0,1,0,下位,0,51,213
68,68,0,293,533,1,2,687,0,0,1,0,下位,0,636,216
59,59,0,113,157,0,0,0,755,594,-120,2,下位,0,0,0
260,260,0,68,22,0,1,59,755,594,-120,2,下位,0,59,218
357,357,0,113,157,0,2,319,755,594,-120,2,下位,0,260,83
809,809,0,112,155,0,3,676,755,594,-120,2,下位,0,357,218
53,53,0,68,24,0,4,1485,755,594,-120,2,下位,0,809,216
209,209,0,1710,4204,0,5,1538,755,594,-120,2,下位,0,53,85
81,81,0,110,149,1,0,0,0,0,1,0,下位,0,0,0
121,121,0,905,1766,1,1,81,0,0,1,0,下位,0,81,210
242,242,0,68,23,0,0,0,202,1827,1732,10,下位,0,0,0
648,648,0,68,24,0,1,242,202,1827,1732,10,下位,0,242,84
486,486,0,112,156,0,2,890,202,1827,1732,10,下位,0,648,85
209,209,0,69,26,0,3,1376,202,1827,1732,10,下位,0,486,217
322,322,0,111,152,0,4,1585,202,1827,1732,10,下位,0,209,87
465,465,0,112,155,0,5,1907,202,1827,1732,10,下位,0,322,213
609,609,0,111,151,0,6,2372,202,1827,1732,10,下位,0,465,216
209,209,0,605,1160,0,7,2981,202,1827,1732,10,下位,0,609,212
500,500,0,111,152,1,0,0,0,0,1,0,下位,0,0,0
185,185,0,69,25,1,1,500,0,0,1,0,下位,0,500,213
811,811,0,110,149,1,2,685,0,0,1,0,下位,0,185,86
175,175,0,113,158,1,3,1496,0,0,1,0,下位,0,811,210
117,117,0,71,32,1,4,1671,0,0,1,0,下位,0,175,219
149,149,0,112,156,1,5,1788,0,0,1,0,下位,0,117,93
599,599,0,68,23,1,6,1937,0,0,1,0,下位,0,149,217
231,231,0,111,152,1,7,2536,0,0,1,0,下位,0,599,84
146,146,0,68,24,1,8,2767,0,0,1,0,下位,0,231,213
192,192,0,225,368,1,9,2913,0,0,1,0,下位,0,146,85
287,287,0,68,22,0,0,0,3105,429,-2855,3,下位,0,0,0
276,276,0,1092,2374,0,1,287,3105,429,-2855,3,下位,0,287,83
500,500,0,486,950,1,0,0,0,0,1,0,下位,0,0,0
276,276,0,70,28,0,0,0,500,1011,254,6,下位,0,0,0
113,113,0,110,148,0,1,276,500,1011,254,6,下位,0,276,89
634,634,0,113,159,0,2,389,500,1011,254,6,下位,0,113,209
113,113,0,69,26,0,3,1023,500,1011,254,6,下位,0,634,220
187,187,0,112,154,0,4,1136,500,1011,254,6,下位,0,113,87
392,392,0,111,151,0,5,1323,500,1011,254,6,下位,0,187,215
747,747,0,1675,4055,0,6,1715,500,1011,254,6,下位,0,392,212
149,149,0,70,29,1,0,0,0,0,1,0,下位,0,0,0
157,157,0,705,1468,1,1,149,0,0,1,0,下位,0,149,90
90,90,0,111,152,0,0,0,306,1529,1156,8,下位,0,0,0
250,250,0,111,152,0,1,90,306,1529,1156,8,下位,0,90,213
404,404,0,112,155,0,2,340,306,1529,1156,8,下位,0,250,213
240,240,0,112,154,0,3,744,306,1529,1156,8,下位,0,404,216
207,207,0,522,888,0,4,984,306,1529,1156,8,下位,0,240,215
209,209,0,1298,2786,0,0,0,1191,949,1157,6,下位,0,0,0
28,28,0,112,154,1,0,0,0,0,1,0,下位,0,0,0
53,53,0,114,162,1,1,28,0,0,1,0,下位,0,28,215
131,131,0,1654,3711,1,2,81,0,0,1,0,下位,0,53,223
408,408,0,112,154,0,0,0,212,3772,1520,21,下位,0,0,0
195,195,0,112,156,0,1,408,212,3772,1520,21,下位,0,408,215
301,301,0,111,152,0,2,603,212,3772,1520,21,下位,0,195,217
472,472,0,389,450,0,3,904,212,3772,1520,21,下位,0,301,213
109,109,0,114,160,0,0,0,1376,511,592,4,下位,0,0,0
202,202,0,112,154,0,1,109,1376,511,592,4,下位,0,109,221
351,351,0,69,26,0,2,311,1376,511,592,4,下位,0,202,215
109,109,0,112,155,0,3,662,1376,511,592,4,下位,0,351,87
510,510,0,70,28,0,4,771,1376,511,592,4,下位,0,109,216
152,152,0,112,156,0,5,1281,1376,511,592,4,下位,0,510,89
173,173,0,492,1001,0,6,1433,1376,511,592,4,下位,0,152,217
112,112,0,68,23,1,0,0,0,0,1,0,下位,0,0,0
199,199,0,69,25,1,1,112,0,0,1,0,下位,0,112,84
98,98,0,112,154,1,2,311,0,0,1,0,下位,0,199,86
328,328,0,112,154,1,3,409,0,0,1,0,下位,0,98,215
99,99,0,68,22,1,4,737,0,0,1,0,下位,0,328,215
128,128,0,112,155,1,5,836,0,0,1,0,下位,0,99,83
479,479,0,111,152,1,6,964,0,0,1,0,下位,0,128,216
209,209,0,600,1281,1,7,1443,0,0,1,0,下位,0,479,213
345,345,0,69,26,0,0,0,1652,1342,-49,7,下位,0,0,0
103,103,0,111,152,0,1,345,1652,1342,-49,7,下位,0,345,87
76,76,0,68,22,0,2,448,1652,1342,-49,7,下位,0,103,213
57,57,0,112,155,0,3,524,1652,1342,-49,7,下位,0,76,83
61,61,0,68,23,0,4,581,1652,1342,-49,7,下位,0,57,216
138,138,0,70,30,0,5,642,1652,1342,-49,7,下位,0,61,84
423,423,0,546,1039,0,6,780,1652,1342,-49,7,下位,0,138,91
376,376,0,112,156,0,0,0,1203,1100,3,6,下位,0,0,0
328,328,0,1209,2510,0,1,376,1203,1100,3,6,下位,0,376,217
167,167,0,111,152,0,0,0,704,2571,1724,16,下位,0,0,0
83,83,0,112,155,0,1,167,704,2571,1724,16,下位,0,167,213
485,485,0,114,160,0,2,250,704,2571,1724,16,下位,0,83,216
285,285,0,69,27,0,3,735,704,2571,1724,16,下位,0,485,221
134,134,0,384,837,0,4,1020,704,2571,1724,16,下位,0,285,88
500,500,0,113,157,1,0,0,0,0,1,0,下位,0,0,0
401,401,0,69,25,1,1,500,0,0,1,0,下位,0,500,218
135,135,0,68,22,1,2,901,0,0,1,0,下位,0,401,86
319,319,0,112,156,1,3,1036,0,0,1,0,下位,0,135,83
168,168,0,607,1080,1,4,1355,0,0,1,0,下位,0,319,217
326,326,0,113,159,0,0,0,1523,1141,-563,7,下位,0,0,0
337,337,0,111,151,0,1,326,1523,1141,-563,7,下位,0,326,220
757,757,0,65,15,0,2,663,1523,1141,-563,7,下位,0,337,212
292,292,0,112,155,0,3,1420,1523,1141,-563,7,下位,0,757,76
209,209,0,111,153,0,4,1712,1523,1141,-563,7,下位,0,292,216
460,460,0,163,200,0,5,1921,1523,1141,-563,7,下位,0,209,214
143,143,0,111,152,0,0,0,2381,261,-2972,1,下位,0,0,0
174,174,0,68,23,0,1,143,2381,261,-2972,1,下位,0,143,213
274,274,0,114,160,0,2,317,2381,261,-2972,1,下位,0,174,84
177,177,0,111,153,0,3,591,2381,261,-2972,1,下位,0,274,221
123,123,0,351,497,0,4,768,2381,261,-2972,1,下位,0,177,214
200,200,0,113,157,1,0,0,0,0,1,0,下位,0,0,0
435,435,0,112,154,1,1,200,0,0,1,0,下位,0,200,218
114,114,0,1019,2218,1,2,635,0,0,1,0,下位,0,435,215
47,47,0,111,152,0,0,0,749,2279,1578,13,下位,0,0,0
732,732,0,112,156,0,1,47,749,2279,1578,13,下位,0,47,213
88,88,0,409,799,0,2,779,749,2279,1578,13,下位,0,732,217
509,509,0,316,552,0,0,0,867,860,1555,4,下位,0,0,0
509,509,0,112,154,0,0,0,509,613,1397,4,下位,0,0,0
55,55,0,64,12,0,1,509,509,613,1397,4,下位,0,509,215
388,388,0,68,23,0,2,564,509,613,1397,4,下位,0,55,73
134,134,0,371,669,0,3,952,509,613,1397,4,下位,0,388,84
509,509,0,113,158,0,0,0,1086,730,854,4,下位,0,0,0
84,84,0,374,534,0,1,509,1086,730,854,4,下位,0,509,219
242,242,0,113,159,0,0,0,593,595,770,3,下位,0,0,0
431,431,0,111,153,0,1,242,593,595,770,3,下位,0,242,220
206,206,0,68,22,0,2,673,593,595,770,3,下位,0,431,214
759,759,0,68,22,0,3,879,593,595,770,3,下位,0,206,83
402,402,0,111,152,0,4,1638,593,595,770,3,下位,0,759,83
303,303,0,532,1071,0,5,2040,593,595,770,3,下位,0,402,213
89,89,0,105,135,1,0,0,0,0,1,0,下位,0,0,0
166,166,0,69,27,1,1,89,0,0,1,0,下位,0,89,196
209,209,0,423,897,1,2,255,0,0,1,0,下位,0,166,88
268,268,0,113,157,0,0,0,464,958,539,5,下位,0,0,0
350,350,0,112,154,0,1,268,464,958,539,5,下位,0,268,218
232,232,0,111,152,0,2,618,464,958,539,5,下位,0,350,215
785,785,0,69,25,0,3,850,464,958,539,5,下位,0,232,213
221,221,0,111,152,0,4,1635,464,958,539,5,下位,0,785,86
262,262,0,112,155,0,5,1856,464,958,539,5,下位,0,221,213
227,227,0,357,683,0,6,2118,464,958,539,5,下位,0,262,216
336,336,0,111,152,0,0,0,2345,744,-1109,4,下位,0,0,0
209,209,0,742,1739,0,1,336,2345,744,-1109,4,下位,0,336,213
434,434,0,111,153,0,0,0,545,1800,78,9,下位,0,0,0
242,242,0,112,155,0,1,434,545,1800,78,9,下位,0,434,214
808,808,0,109,147,0,2,676,545,1800,78,9,下位,0,242,216
192,192,0,415,899,0,3,1484,545,1800,78,9,下位,0,808,208
94,94,0,112,154,1,0,0,0,0,1,0,下位,0,0,0
83,83,0,112,155,1,1,94,0,0,1,0,下位,0,94,215
305,305,0,112,154,1,2,177,0,0,1,0,下位,0,83,216
530,530,0,68,24,1,3,482,0,0,1,0,下位,0,305,215
206,206,0,114,160,1,4,1012,0,0,1,0,下位,0,530,85
808,808,0,111,153,1,5,1218,0,0,1,0,下位,0,206,221
430,430,0,112,155,1,6,2026,0,0,1,0,下位,0,808,214
98,98,0,559,1017,1,7,2456,0,0,1,0,下位,0,430,216
148,148,0,112,156,0,0,0,2554,1078,-1408,6,下位,0,0,0
304,304,0,111,152,0,1,148,2554,1078,-1408,6,下位,0,148,217
196,196,0,435,959,0,2,452,2554,1078,-1408,6,下位,0,304,213
125,125,0,302,552,0,0,0,648,1020,-940,4,下位,0,0,0
144,144,0,110,148,0,0,0,125,613,-516,4,下位,0,0,0
57,57,0,398,818,0,1,144,125,613,-516,4,下位,0,144,209
386,386,0,66,16,0,0,0,201,879,268,4,下位,0,0,0
196,196,0,107,140,0,1,386,201,879,268,4,下位,0,386,77
136,136,0,107,140,0,2,582,201,879,268,4,下位,0,196,201
379,379,0,112,155,0,3,718,201,879,268,4,下位,0,136,201
177,177,0,108,143,0,4,1097,201,879,268,4,下位,0,379,216
812,812,0,111,152,0,5,1274,201,879,268,4,下位,0,177,204
69,69,0,485,1026,0,6,2086,201,879,268,4,下位,0,812,213
93,93,0,111,152,1,0,0,0,0,1,0,下位,0,0,0
105,105,0,113,159,1,1,93,0,0,1,0,下位,0,93,213
483,483,0,112,154,1,2,198,0,0,1,0,下位,0,105,220
358,358,0,111,152,1,3,681,0,0,1,0,下位,0,483,215
137,137,0,108,144,1,4,1039,0,0,1,0,下位,0,358,213
311,311,0,70,29,1,5,1176,0,0,1,0,下位,0,137,205
54,54,0,107,140,1,6,1487,0,0,1,0,下位,0,311,90
812,812,0,106,138,1,7,1541,0,0,1,0,下位,0,54,201
209,209,0,1316,2509,1,8,2353,0,0,1,0,下位,0,812,199
227,227,0,112,154,0,0,0,2562,2570,245,16,下位,0,0,0
546,546,0,112,154,0,1,227,2562,2570,245,16,下位,0,227,215
172,172,0,111,153,0,2,773,2562,2570,245,16,下位,0,546,215
150,150,0,69,26,0,3,945,2562,2570,245,16,下位,0,172,214
189,189,0,112,155,0,4,1095,2562,2570,245,16,下位,0,150,87
140,140,0,112,155,0,5,1284,2562,2570,245,16,下位,0,189,216
194,194,0,528,1298,0,6,1424,2562,2570,245,16,下位,0,140,216
484,484,0,112,155,1,0,0,0,0,1,0,下位,0,0,0
264,264,0,67,19,1,1,484,0,0,1,0,下位,0,484,216
516,516,0,443,926,1,2,748,0,0,1,0,下位,0,264,80
280,280,0,113,158,0,0,0,1264,987,-631,4,下位,0,0,0
87,87,0,70,29,0,1,280,1264,987,-631,4,下位,0,280,219
321,321,0,112,154,0,2,367,1264,987,-631,4,下位,0,87,90
115,115,0,113,157,0,3,688,1264,987,-631,4,下位,0,321,215
239,239,0,492,983,0,4,803,1264,987,-631,4,下位,0,115,218
69,69,0,668,1305,0,0,0,1042,1044,-423,5,下位,0,0,0
280,280,0,69,26,0,0,0,69,1366,838,11,下位,0,0,0
125,125,0,68,24,0,1,280,69,1366,838,11,下位,0,280,87
236,236,0,111,152,0,2,405,69,1366,838,11,下位,0,125,85
505,505,0,112,154,0,3,641,69,1366,838,11,下位,0,236,213
375,375,0,69,26,0,4,1146,69,1366,838,11,下位,0,505,215
183,183,0,234,431,0,5,1521,69,1366,838,11,下位,0,375,87
105,105,0,68,22,0,0,0,1704,492,-564,2,下位,0,0,0
539,539,0,112,154,0,1,105,1704,492,-564,2,下位,0,105,83
156,156,0,107,139,0,2,644,1704,492,-564,2,下位,0,539,215
117,117,0,114,160,0,3,800,1704,492,-564,2,下位,0,156,200
85,85,0,331,579,0,4,917,1704,492,-564,2,下位,0,117,221
205,205,0,274,503,1,0,0,0,0,1,0,下位,0,0,0
509,509,0,111,153,0,0,0,205,564,254,3,下位,0,0,0
191,191,0,69,26,0,1,509,205,564,254,3,下位,0,509,214
208,208,0,68,24,0,2,700,205,564,254,3,下位,0,191,87
444,444,0,112,154,0,3,908,205,564,254,3,下位,0,208,85
92,92,0,68,23,0,4,1352,205,564,254,3,下位,0,444,215
170,170,0,111,152,0,5,1444,205,564,254,3,下位,0,92,84
809,809,0,68,22,0,6,1614,205,564,254,3,下位,0,170,213
665,665,0,112,156,0,7,2423,205,564,254,3,下位,0,809,83
724,724,0,528,1119,0,8,3088,205,564,254,3,下位,0,665,217
37,37,0,68,24,1,0,0,0,0,1,0,下位,0,0,0
80,80,0,111,153,1,1,37,0,0,1,0,下位,0,37,85
386,386,0,112,154,1,2,117,0,0,1,0,下位,0,80,214
209,209,0,112,154,1,3,503,0,0,1,0,下位,0,386,215
448,448,0,68,24,1,4,712,0,0,1,0,下位,0,209,215
279,279,0,69,25,1,5,1160,0,0,1,0,下位,0,448,85
218,218,0,115,163,1,6,1439,0,0,1,0,下位,0,279,86
159,159,0,524,1151,1,7,1657,0,0,1,0,下位,0,218,224
87,87,0,495,941,0,0,0,1816,1212,-415,5,下位,0,0,0
351,351,0,111,153,0,0,0,87,1002,455,6,下位,0,0,0
69,69,0,71,31,0,1,351,87,1002,455,6,下位,0,351,214
54,54,0,70,30,0,2,420,87,1002,455,6,下位,0,69,92
48,48,0,69,26,0,3,474,87,1002,455,6,下位,0,54,91
71,71,0,111,153,0,4,522,87,1002,455,6,下位,0,48,87
686,686,0,111,153,0,5,593,87,1002,455,6,下位,0,71,214
209,209,0,823,1716,0,6,1279,87,1002,455,6,下位,0,686,214
94,94,0,282,540,0,0,0,1488,1777,888,10,下位,0,0,0
219,219,0,68,24,0,0,0,94,601,1347,2,下位,0,0,0
134,134,0,112,156,0,1,219,94,601,1347,2,下位,0,219,85
264,264,0,112,154,0,2,353,94,601,1347,2,下位,0,134,217
146,146,0,114,160,0,3,617,94,601,1347,2,下位,0,264,215
137,137,0,352,771,0,4,763,94,601,1347,2,下位,0,146,221
133,133,0,260,374,0,0,0,900,832,1553,3,下位,0,0,0
148,148,0,111,152,1,0,0,0,0,1,0,下位,0,0,0
128,128,0,68,23,1,1,148,0,0,1,0,下位,0,148,213
808,808,0,68,23,1,2,276,0,0,1,0,下位,0,128,84
69,69,0,112,155,1,3,1084,0,0,1,0,下位,0,808,84
90,90,0,114,160,1,4,1153,0,0,1,0,下位,0,69,216
186,186,0,533,1136,1,5,1243,0,0,1,0,下位,0,90,221
335,335,0,112,156,0,0,0,1429,1197,-149,8,下位,0,0,0
170,170,0,68,22,0,1,335,1429,1197,-149,8,下位,0,335,217
363,363,0,114,162,0,2,505,1429,1197,-149,8,下位,0,170,83
809,809,0,546,1171,0,3,868,1429,1197,-149,8,下位,0,363,223
509,509,0,68,24,0,0,0,1677,1232,-936,7,下位,0,0,0
808,808,0,111,153,0,1,509,1677,1232,-936,7,下位,0,509,85
270,270,0,113,159,0,2,1317,1677,1232,-936,7,下位,0,808,214
647,647,0,112,154,0,3,1587,1677,1232,-936,7,下位,0,270,220
54,54,0,111,152,0,4,2234,1677,1232,-936,7,下位,0,647,215
209,209,0,112,154,0,5,2288,1677,1232,-936,7,下位,0,54,213
151,151,0,112,156,0,6,2497,1677,1232,-936,7,下位,0,209,215
155,155,0,882,2147,0,7,2648,1677,1232,-936,7,下位,0,151,217
190,190,0,68,23,1,0,0,0,0,1,0,下位,0,0,0
562,562,0,68,23,1,1,190,0,0,1,0,下位,0,190,84
803,803,0,685,1509,1,2,752,0,0,1,0,下位,0,562,84
135,135,0,69,25,0,0,0,1555,1570,-618,8,下位,0,0,0
433,433,0,112,154,0,1,135,1555,1570,-618,8,下位,0,135,86
372,372,0,110,149,0,2,568,1555,1570,-618,8,下位,0,433,215
547,547,0,69,26,0,3,940,1555,1570,-618,8,下位,0,372,210
389,389,0,68,23,0,4,1487,1555,1570,-618,8,下位,0,547,87
122,122,0,112,156,0,5,1876,1555,1570,-618,8,下位,0,389,84
640,640,0,112,155,0,6,1998,1555,1570,-618,8,下位,0,122,217
155,155,0,669,1320,0,7,2638,1555,1570,-618,8,下位,0,640,216
118,118,0,114,160,0,0,0,2793,1381,-2355,8,下位,0,0,0
132,132,0,1026,2162,0,1,118,2793,1381,-2355,8,下位,0,118,221
129,129,0,113,158,0,0,0,250,2223,-290,11,下位,0,0,0
160,160,0,112,155,0,1,129,250,2223,-290,11,下位,0,129,219
141,141,0,111,152,0,2,289,250,2223,-290,11,下位,0,160,216
68,68,0,983,2126,0,3,430,250,2223,-290,11,下位,0,141,213
143,143,0,112,155,1,0,0,0,0,1,0,下位,0,0,0
746,746,0,307,636,1,1,143,0,0,1,0,下位,0,143,216
509,509,0,462,981,0,0,0,889,697,-432,3,下位,0,0,0
242,242,0,111,153,0,0,0,509,1042,-161,6,下位,0,0,0
303,303,0,112,156,0,1,242,509,1042,-161,6,下位,0,242,214
100,100,0,1167,2476,0,2,545,509,1042,-161,6,下位,0,303,217
162,162,0,610,1297,0,0,0,645,2537,1829,15,下位,0,0,0
509,509,0,68,24,0,0,0,162,1358,630,7,下位,0,0,0
209,209,0,421,786,0,1,509,162,1358,630,7,下位,0,509,85
198,198,0,1496,3405,0,0,0,718,847,475,4,下位,0,0,0
482,482,0,69,26,0,0,0,198,3466,1308,19,下位,0,0,0
53,53,0,1481,3428,0,1,482,198,3466,1308,19,下位,0,482,87
499,499,0,68,23,1,0,0,0,0,1,0,下位,0,0,0
112,112,0,112,156,1,1,499,0,0,1,0,下位,0,499,84
159,159,0,2485,5996,1,2,611,0,0,1,0,下位,0,112,217
444,444,0,113,159,0,0,0,770,6057,405,32,下位,0,0,0
804,804,0,231,427,0,1,444,770,6057,405,32,下位,0,444,220
181,181,0,114,160,0,0,0,1248,488,-778,2,下位,0,0,0
799,799,0,111,153,0,1,181,1248,488,-778,2,下位,0,181,221
245,245,0,112,154,0,2,980,1248,488,-778,2,下位,0,799,214
139,139,0,113,159,0,3,1225,1248,488,-778,2,下位,0,245,215
207,207,0,560,1153,0,4,1364,1248,488,-778,2,下位,0,139,220
116,116,0,189,300,0,0,0,1571,1214,-1075,7,下位,0,0,0
117,117,0,147,235,0,0,0,116,361,-890,2,下位,0,0,0
4,4,0,236,406,1,0,0,0,0,1,0,下位,0,0,0
61,61,0,112,156,0,0,0,4,467,462,2,下位,0,0,0
808,808,0,111,152,0,1,61,4,467,462,2,下位,0,61,217
591,591,0,68,23,0,2,869,4,467,462,2,下位,0,808,213
765,765,0,696,1377,0,3,1460,4,467,462,2,下位,0,591,84
273,273,0,111,153,0,0,0,2225,1438,-956,9,下位,0,0,0
349,349,0,111,153,0,1,273,2225,1438,-956,9,下位,0,273,214
512,512,0,113,158,0,2,622,2225,1438,-956,9,下位,0,349,214
195,195,0,111,152,0,3,1134,2225,1438,-956,9,下位,0,512,219
224,224,0,112,154,0,4,1329,2225,1438,-956,9,下位,0,195,213
105,105,0,111,153,0,5,1553,2225,1438,-956,9,下位,0,224,215
123,123,0,708,1543,0,6,1658,2225,1438,-956,9,下位,0,105,214
112,112,0,69,25,1,0,0,0,0,1,0,下位,0,0,0
375,375,0,107,139,1,1,112,0,0,1,0,下位,0,112,86
558,558,0,69,26,1,2,487,0,0,1,0,下位,0,375,200
263,263,0,114,161,1,3,1045,0,0,1,0,下位,0,558,87
809,809,0,69,25,1,4,1308,0,0,1,0,下位,0,263,222
536,536,0,111,153,1,5,2117,0,0,1,0,下位,0,809,86
84,84,0,739,1451,1,6,2653,0,0,1,0,下位,0,536,214
479,479,0,220,250,0,0,0,2737,1512,-1738,10,下位,0,0,0
205,205,0,112,156,1,0,0,0,0,1,0,下位,0,0,0
76,76,0,409,799,1,1,205,0,0,1,0,下位,0,205,217
167,167,0,69,27,0,0,0,281,860,652,4,下位,0,0,0
493,493,0,68,23,0,1,167,281,860,652,4,下位,0,167,88
315,315,0,111,153,0,2,660,281,860,652,4,下位,0,493,84
808,808,0,627,1377,0,3,975,281,860,652,4,下位,0,315,214
272,272,0,70,28,0,0,0,1783,1438,-225,8,下位,0,0,0
118,118,0,357,693,0,1,272,1783,1438,-225,8,下位,0,272,89
72,72,0,596,1097,1,0,0,0,0,1,0,下位,0,0,0
147,147,0,112,154,0,0,0,72,1158,1050,7,下位,0,0,0
128,128,0,68,23,0,1,147,72,1158,1050,7,下位,0,147,215
247,247,0,68,24,0,2,275,72,1158,1050,7,下位,0,128,84
73,73,0,112,154,0,3,522,72,1158,1050,7,下位,0,247,85
192,192,0,1242,2600,0,4,595,72,1158,1050,7,下位,0,73,215
209,209,0,69,26,0,0,0,787,2661,766,14,下位,0,0,0
333,333,0,112,154,0,1,209,787,2661,766,14,下位,0,209,87
240,240,0,600,1147,0,2,542,787,2661,766,14,下位,0,333,215
79,79,0,112,154,0,0,0,782,1208,1090,6,下位,0,0,0
82,82,0,69,26,0,1,79,782,1208,1090,6,下位,0,79,215
808,808,0,110,148,0,2,161,782,1208,1090,6,下位,0,82,87
76,76,0,475,1032,0,3,969,782,1208,1090,6,下位,0,808,209
71,71,0,69,25,0,0,0,1045,1093,1111,5,下位,0,0,0
600,600,0,111,152,0,1,71,1045,1093,1111,5,下位,0,71,86
106,106,0,409,825,0,2,671,1045,1093,1111,5,下位,0,600,213
132,132,0,107,139,0,0,0,777,886,1118,4,下位,0,0,0
539,539,0,68,24,0,1,132,777,886,1118,4,下位,0,132,200
99,99,0,385,779,0,2,671,777,886,1118,4,下位,0,539,85
174,174,0,110,149,1,0,0,0,0,1,0,下位,0,0,0
449,449,0,112,155,1,1,174,0,0,1,0,下位,0,174,210
282,282,0,70,29,1,2,623,0,0,1,0,下位,0,449,216
164,164,0,70,28,1,3,905,0,0,1,0,下位,0,282,90
105,105,0,912,1824,1,4,1069,0,0,1,0,下位,0,164,89
509,509,0,113,158,0,0,0,1174,1885,713,10,下位,0,0,0
124,124,0,114,161,0,1,509,1174,1885,713,10,下位,0,509,219
200,200,0,111,153,0,2,633,1174,1885,713,10,下位,0,124,222
808,808,0,632,1290,0,3,833,1174,1885,713,10,下位,0,200,214
163,163,0,242,414,0,0,0,1641,1351,233,9,下位,0,0,0
69,69,0,538,992,0,0,0,163,475,461,2,下位,0,0,0
209,209,0,148,236,0,0,0,69,1053,1409,7,下位,0,0,0
145,145,0,112,155,1,0,0,0,0,1,0,下位,0,0,0
228,228,0,112,154,1,1,145,0,0,1,0,下位,0,145,216
554,554,0,190,364,1,2,373,0,0,1,0,下位,0,228,215
367,367,0,111,152,0,0,0,927,425,-547,1,下位,0,0,0
193,193,0,68,23,0,1,367,927,425,-547,1,下位,0,367,213
163,163,0,329,604,0,2,560,927,425,-547,1,下位,0,193,84
509,509,0,111,152,0,0,0,723,665,-680,3,下位,0,0,0
277,277,0,111,153,0,1,509,723,665,-680,3,下位,0,509,213
179,179,0,509,987,0,2,786,723,665,-680,3,下位,0,277,214
55,55,0,230,434,0,0,0,965,1048,-667,5,下位,0,0,0
150,150,0,852,1673,0,0,0,55,495,-255,2,下位,0,0,0
70,70,0,111,153,1,0,0,0,0,1,0,下位,0,0,0
67,67,0,112,156,1,1,70,0,0,1,0,下位,0,70,214
264,264,0,111,152,1,2,137,0,0,1,0,下位,0,67,217
131,131,0,112,155,1,3,401,0,0,1,0,下位,0,264,213
254,254,0,70,28,1,4,532,0,0,1,0,下位,0,131,216
63,63,0,460,1057,1,5,786,0,0,1,0,下位,0,254,89
224,224,0,111,152,0,0,0,849,1118,782,5,下位,0,0,0
95,95,0,250,397,0,1,224,849,1118,782,5,下位,0,224,213
299,299,0,112,154,0,0,0,319,458,970,2,下位,0,0,0
194,194,0,437,885,0,1,299,319,458,970,2,下位,0,299,215
87,87,0,106,138,0,0,0,493,946,1384,5,下位,0,0,0
188,188,0,69,26,0,1,87,493,946,1384,5,下位,0,87,199
303,303,0,112,155,0,2,275,493,946,1384,5,下位,0,188,87
204,204,0,69,26,0,3,578,493,946,1384,5,下位,0,303,216
79,79,0,111,152,0,4,782,493,946,1384,5,下位,0,204,87
187,187,0,552,1238,0,5,861,493,946,1384,5,下位,0,79,213
509,509,0,68,23,0,0,0,1048,1299,1897,6,下位,0,0,0
152,152,0,112,155,0,1,509,1048,1299,1897,6,下位,0,509,84
612,612,0,68,22,0,2,661,1048,1299,1897,6,下位,0,152,216
212,212,0,291,521,0,3,1273,1048,1299,1897,6,下位,0,612,83
150,150,0,70,29,1,0,0,0,0,1,0,下位,0,0,0
686,686,0,108,142,1,1,150,0,0,1,0,下位,0,150,90
251,251,0,378,610,1,2,836,0,0,1,0,下位,0,686,203
134,134,0,68,22,0,0,0,1087,671,-681,5,下位,0,0,0
289,289,0,68,23,0,1,134,1087,671,-681,5,下位,0,134,83
199,199,0,635,1242,0,2,423,1087,671,-681,5,下位,0,289,84
145,145,0,68,23,0,0,0,622,1303,-154,10,下位,0,0,0
389,389,0,111,153,0,1,145,622,1303,-154,10,下位,0,145,84
98,98,0,111,153,0,2,534,622,1303,-154,10,下位,0,389,214
662,662,0,68,24,0,3,632,622,1303,-154,10,下位,0,98,214
86,86,0,320,604,0,4,1294,622,1303,-154,10,下位,0,662,85
124,124,0,68,23,1,0,0,0,0,1,0,下位,0,0,0
240,240,0,363,682,1,1,124,0,0,1,0,下位,0,124,84
509,509,0,295,510,0,0,0,364,743,276,4,下位,0,0,0
316,316,0,111,152,0,0,0,509,571,76,2,下位,0,0,0
71,71,0,377,648,0,1,316,509,571,76,2,下位,0,316,213
249,249,0,63,9,0,0,0,387,709,411,4,下位,0,0,0
782,782,0,112,154,0,1,249,387,709,411,4,下位,0,249,70
132,132,0,112,155,0,2,1031,387,709,411,4,下位,0,782,215
216,216,0,111,152,0,3,1163,387,709,411,4,下位,0,132,216
179,179,0,112,155,0,4,1379,387,709,411,4,下位,0,216,213
87,87,0,749,1645,0,5,1558,387,709,411,4,下位,0,179,216
500,500,0,113,157,1,0,0,0,0,1,0,下位,0,0,0
177,177,0,68,23,1,1,500,0,0,1,0,下位,0,500,218
510,510,0,68,23,1,2,677,0,0,1,0,下位,0,177,84
112,112,0,69,25,1,3,1187,0,0,1,0,下位,0,510,84
152,152,0,387,827,1,4,1299,0,0,1,0,下位,0,112,86
370,370,0,111,152,0,0,0,1451,888,-838,4,下位,0,0,0
72,72,0,189,296,0,1,370,1451,888,-838,4,下位,0,370,213
138,138,0,334,725,0,0,0,442,357,-938,2,下位,0,0,0
63,63,0,816,1652,0,0,0,138,786,-361,4,下位,0,0,0
237,237,0,70,28,0,0,0,63,1713,1257,9,下位,0,0,0
141,141,0,69,25,0,1,237,63,1713,1257,9,下位,0,237,89
279,279,0,111,152,0,2,378,63,1713,1257,9,下位,0,141,86
321,321,0,112,155,0,3,657,63,1713,1257,9,下位,0,279,213
808,808,0,230,429,0,4,978,63,1713,1257,9,下位,0,321,216
161,161,0,68,23,0,0,0,1786,490,-355,2,下位,0,0,0
78,78,0,112,155,0,1,161,1786,490,-355,2,下位,0,161,84
209,209,0,559,1181,0,2,239,1786,490,-355,2,下位,0,78,216
174,174,0,111,153,0,0,0,448,1242,508,7,下位,0,0,0
189,189,0,113,159,0,1,174,448,1242,508,7,下位,0,174,214
51,51,0,185,297,0,2,363,448,1242,508,7,下位,0,189,220
17,17,0,68,22,1,0,0,0,0,1,0,下位,0,0,0
635,635,0,461,1078,1,1,17,0,0,1,0,下位,0,17,83
122,122,0,358,578,0,0,0,652,1139,235,5,下位,0,0,0
509,509,0,112,155,0,0,0,122,639,689,3,下位,0,0,0
209,209,0,276,482,0,1,509,122,639,689,3,下位,0,509,216
96,96,0,111,153,0,0,0,718,543,360,3,下位,0,0,0
102,102,0,296,454,0,1,96,718,543,360,3,下位,0,96,214
509,509,0,112,155,0,0,0,198,515,789,3,下位,0,0,0
808,808,0,112,154,0,1,509,198,515,789,3,下位,0,509,216
343,343,0,113,157,0,2,1317,198,515,789,3,下位,0,808,215
167,167,0,331,541,0,3,1660,198,515,789,3,下位,0,343,218
134,134,0,396,765,0,0,0,1827,602,-728,4,下位,0,0,0
189,189,0,486,1034,0,0,0,134,826,-105,5,下位,0,0,0
245,245,0,402,811,0,0,0,189,1095,704,5,下位,0,0,0
324,324,0,68,23,0,0,0,245,872,1205,4,下位,0,0,0
190,190,0,763,1445,0,1,324,245,872,1205,4,下位,0,324,84
61,61,0,112,156,1,0,0,0,0,1,0,下位,0,0,0
808,808,0,112,154,1,1,61,0,0,1,0,下位,0,61,217
298,298,0,737,1593,1,2,869,0,0,1,0,下位,0,808,215
509,509,0,146,201,0,0,0,1167,1654,319,8,下位,0,0,0
209,209,0,111,153,0,0,0,509,262,-190,1,下位,0,0,0
361,361,0,112,154,0,1,209,509,262,-190,1,下位,0,209,214
163,163,0,431,927,0,2,570,509,262,-190,1,下位,0,361,215
509,509,0,996,2171,0,0,0,733,988,116,4,下位,0,0,0
437,437,0,111,153,1,0,0,0,0,1,0,下位,0,0,0
137,137,0,982,2207,1,1,437,0,0,1,0,下位,0,437,214
282,282,0,68,24,0,0,0,574,2268,1613,14,下位,0,0,0
209,209,0,112,155,0,1,282,574,2268,1613,14,下位,0,282,85
696,696,0,70,28,0,2,491,574,2268,1613,14,下位,0,209,216
49,49,0,433,965,0,3,1187,574,2268,1613,14,下位,0,696,89
313,313,0,112,155,0,0,0,1236,1026,1156,4,下位,0,0,0
808,808,0,112,156,0,1,313,1236,1026,1156,4,下位,0,313,216
180,180,0,68,22,0,2,1121,1236,1026,1156,4,下位,0,808,217
117,117,0,450,828,0,3,1301,1236,1026,1156,4,下位,0,180,83
241,241,0,68,23,0,0,0,1418,889,413,6,下位,0,0,0
100,100,0,540,1071,0,1,241,1418,889,413,6,下位,0,241,84
385,385,0,111,152,0,0,0,341,1132,1112,6,下位,0,0,0
170,170,0,68,23,0,1,385,341,1132,1112,6,下位,0,385,213
506,506,0,112,156,0,2,555,341,1132,1112,6,下位,0,170,84
209,209,0,68,22,0,3,1061,341,1132,1112,6,下位,0,506,217
504,504,0,642,1276,0,4,1270,341,1132,1112,6,下位,0,209,83
110,110,0,111,153,1,0,0,0,0,1,0,下位,0,0,0
72,72,0,68,22,1,1,110,0,0,1,0,下位,0,110,214
176,176,0,574,1162,1,2,182,0,0,1,0,下位,0,72,83
467,467,0,113,158,0,0,0,358,1223,978,7,下位,0,0,0
208,208,0,70,30,0,1,467,358,1223,978,7,下位,0,467,219
808,808,0,70,29,0,2,675,358,1223,978,7,下位,0,208,91
135,135,0,111,152,0,3,1483,358,1223,978,7,下位,0,808,90
67,67,0,68,23,0,4,1618,358,1223,978,7,下位,0,135,213
359,359,0,68,24,0,5,1685,358,1223,978,7,下位,0,67,84
80,80,0,425,849,0,6,2044,358,1223,978,7,下位,0,359,85
124,124,0,113,158,0,0,0,2124,910,-549,6,下位,0,0,0
92,92,0,112,154,0,1,124,2124,910,-549,6,下位,0,124,219
304,304,0,113,157,0,2,216,2124,910,-549,6,下位,0,92,215
272,272,0,68,23,0,3,520,2124,910,-549,6,下位,0,304,218
195,195,0,68,23,0,4,792,2124,910,-549,6,下位,0,272,84
808,808,0,68,23,0,5,987,2124,910,-549,6,下位,0,195,84
422,422,0,514,1085,0,6,1795,2124,910,-549,6,下位,0,808,84
197,197,0,111,152,1,0,0,0,0,1,0,下位,0,0,0
808,808,0,109,146,1,1,197,0,0,1,0,下位,0,197,213
808,808,0,114,160,1,2,1005,0,0,1,0,下位,0,808,207
326,326,0,112,155,1,3,1813,0,0,1,0,下位,0,808,221
276,276,0,320,584,1,4,2139,0,0,1,0,下位,0,326,216
511,511,0,109,147,0,0,0,2415,645,-2155,3,下位,0,0,0
490,490,0,111,152,0,1,511,2415,645,-2155,3,下位,0,511,208
68,68,0,112,154,0,2,1001,2415,645,-2155,3,下位,0,490,213
107,107,0,355,702,0,3,1069,2415,645,-2155,3,下位,0,68,215
113,113,0,66,17,1,0,0,0,0,1,0,下位,0,0,0
170,170,0,107,140,1,1,113,0,0,1,0,下位,0,113,78
338,338,0,309,565,1,2,283,0,0,1,0,下位,0,170,201
510,510,0,111,153,0,0,0,621,626,-35,4,下位,0,0,0
97,97,0,69,27,0,1,510,621,626,-35,4,下位,0,510,214
329,329,0,110,150,0,2,607,621,626,-35,4,下位,0,97,88
209,209,0,112,156,0,3,936,621,626,-35,4,下位,0,329,211
174,174,0,70,28,0,4,1145,621,626,-35,4,下位,0,209,217
374,374,0,827,1704,0,5,1319,621,626,-35,4,下位,0,174,89
509,509,0,113,159,0,0,0,1693,1765,-17,10,下位,0,0,0
95,95,0,961,1926,0,1,509,1693,1765,-17,10,下位,0,509,220
248,248,0,375,799,1,0,0,0,0,1,0,下位,0,0,0
393,393,0,111,153,0,0,0,248,860,485,5,下位,0,0,0
209,209,0,331,596,0,1,393,248,860,485,5,下位,0,393,214
51,51,0,309,575,0,0,0,602,657,444,3,下位,0,0,0
270,270,0,113,157,0,0,0,51,636,1003,4,下位,0,0,0
700,700,0,112,154,0,1,270,51,636,1003,4,下位,0,270,218
105,105,0,111,153,0,2,970,51,636,1003,4,下位,0,700,215
402,402,0,375,663,0,3,1075,51,636,1003,4,下位,0,105,214
178,178,0,113,157,0,0,0,1477,724,136,4,下位,0,0,0
116,116,0,228,436,0,1,178,1477,724,136,4,下位,0,178,218
77,77,0,69,26,0,0,0,294,497,405,2,下位,0,0,0
354,354,0,68,23,0,1,77,294,497,405,2,下位,0,77,87
292,292,0,112,155,0,2,431,294,497,405,2,下位,0,354,84
270,270,0,112,155,0,3,723,294,497,405,2,下位,0,292,216
351,351,0,107,141,0,4,993,294,497,405,2,下位,0,270,216
142,142,0,111,152,0,5,1344,294,497,405,2,下位,0,351,202
186,186,0,844,1896,0,6,1486,294,497,405,2,下位,0,142,213
80,80,0,111,152,1,0,0,0,0,1,0,下位,0,0,0
565,565,0,112,154,1,1,80,0,0,1,0,下位,0,80,213
126,126,0,111,153,1,2,645,0,0,1,0,下位,0,565,215
658,658,0,112,156,1,3,771,0,0,1,0,下位,0,126,214
206,206,0,71,31,1,4,1429,0,0,1,0,下位,0,658,217
382,382,0,588,1308,1,5,1635,0,0,1,0,下位,0,206,92
123,123,0,111,152,0,0,0,2017,1369,-735,7,下位,0,0,0
171,171,0,113,159,0,1,123,2017,1369,-735,7,下位,0,123,213
282,282,0,68,23,0,2,294,2017,1369,-735,7,下位,0,171,220
806,806,0,112,154,0,3,576,2017,1369,-735,7,下位,0,282,84
571,571,0,111,153,0,4,1382,2017,1369,-735,7,下位,0,806,215
429,429,0,111,152,0,5,1953,2017,1369,-735,7,下位,0,571,214
209,209,0,420,724,0,6,2382,2017,1369,-735,7,下位,0,429,213
177,177,0,112,156,1,0,0,0,0,1,0,下位,0,0,0
62,62,0,68,22,1,1,177,0,0,1,0,下位,0,177,217
251,251,0,112,156,1,2,239,0,0,1,0,下位,0,62,83
209,209,0,112,155,1,3,490,0,0,1,0,下位,0,251,217
372,372,0,549,1242,1,4,699,0,0,1,0,下位,0,209,216
510,510,0,111,153,0,0,0,1071,1303,414,6,下位,0,0,0
68,68,0,70,28,0,1,510,1071,1303,414,6,下位,0,510,214
429,429,0,68,22,0,2,578,1071,1303,414,6,下位,0,68,89
121,121,0,69,25,0,3,1007,1071,1303,414,6,下位,0,429,83
146,146,0,113,159,0,4,1128,1071,1303,414,6,下位,0,121,86
103,103,0,110,149,0,5,1274,1071,1303,414,6,下位,0,146,220
447,447,0,111,152,0,6,1377,1071,1303,414,6,下位,0,103,210
73,73,0,344,693,0,7,1824,1071,1303,414,6,下位,0,447,213
510,510,0,677,1334,0,0,0,1897,754,-591,4,下位,0,0,0
425,425,0,389,837,0,0,0,510,1395,31,8,下位,0,0,0
189,189,0,228,444,0,0,0,425,898,285,4,下位,0,0,0
210,210,0,763,1713,0,0,0,189,505,504,2,下位,0,0,0
20,20,0,107,141,1,0,0,0,0,1,0,下位,0,0,0
160,160,0,313,613,1,1,20,0,0,1,0,下位,0,20,202
143,143,0,165,203,0,0,0,180,674,605,3,下位,0,0,0
137,137,0,68,22,0,0,0,143,264,652,1,下位,0,0,0
97,97,0,500,1124,0,1,137,143,264,652,1,下位,0,137,83
127,127,0,69,26,0,0,0,234,1185,1565,6,下位,0,0,0
809,809,0,419,913,0,1,127,234,1185,1565,6,下位,0,127,87
511,511,0,107,140,0,0,0,936,974,1208,5,下位,0,0,0
128,128,0,112,154,0,1,511,936,974,1208,5,下位,0,511,201
168,168,0,1312,3042,0,2,639,936,974,1208,5,下位,0,128,215
512,512,0,109,146,0,0,0,807,3103,1154,16,下位,0,0,0
136,136,0,112,155,0,1,512,807,3103,1154,16,下位,0,512,207
242,242,0,69,26,0,2,648,807,3103,1154,16,下位,0,136,216
69,69,0,68,23,0,3,890,807,3103,1154,16,下位,0,242,87
121,121,0,113,158,0,4,959,807,3103,1154,16,下位,0,69,84
692,692,0,111,153,0,5,1080,807,3103,1154,16,下位,0,121,219
137,137,0,864,1877,0,6,1772,807,3103,1154,16,下位,0,692,214
391,391,0,769,1680,1,0,0,0,0,1,0,下位,0,0,0
217,217,0,112,156,0,0,0,391,1741,1150,9,下位,0,0,0
97,97,0,425,982,0,1,217,391,1741,1150,9,下位,0,217,217
105,105,0,778,1690,0,0,0,314,1043,1934,4,下位,0,0,0
347,347,0,268,570,0,0,0,105,1751,1309,9,下位,0,0,0
510,510,0,112,155,0,0,0,347,631,1414,2,下位,0,0,0
155,155,0,110,148,0,1,510,347,631,1414,2,下位,0,510,216
300,300,0,628,1445,0,2,665,347,631,1414,2,下位,0,155,209
509,509,0,68,23,0,0,0,965,1506,1882,7,下位,0,0,0
504,504,0,111,152,0,1,509,965,1506,1882,7,下位,0,509,84
134,134,0,654,1199,0,2,1013,965,1506,1882,7,下位,0,504,213
190,190,0,112,156,1,0,0,0,0,1,0,下位,0,0,0
314,314,0,108,142,1,1,190,0,0,1,0,下位,0,190,217
385,385,0,110,148,1,2,504,0,0,1,0,下位,0,314,203
88,88,0,485,987,1,3,889,0,0,1,0,下位,0,385,209
209,209,0,136,200,0,0,0,977,1048,198,5,下位,0,0,0
172,172,0,64,10,0,0,0,209,261,142,1,下位,0,0,0
122,122,0,415,759,0,1,172,209,261,142,1,下位,0,172,71
109,109,0,68,23,0,0,0,294,820,587,4,下位,0,0,0
208,208,0,65,14,0,1,109,294,820,587,4,下位,0,109,84
603,603,0,107,141,0,2,317,294,820,587,4,下位,0,208,75
174,174,0,111,153,0,3,920,294,820,587,4,下位,0,603,202
102,102,0,298,556,0,4,1094,294,820,587,4,下位,0,174,214
128,128,0,108,143,0,0,0,1196,617,-34,4,下位,0,0,0
351,351,0,111,152,0,1,128,1196,617,-34,4,下位,0,128,204
189,189,0,70,29,0,2,479,1196,617,-34,4,下位,0,351,213
178,178,0,476,895,0,3,668,1196,617,-34,4,下位,0,189,90
329,329,0,69,27,1,0,0,0,0,1,0,下位,0,0,0
54,54,0,597,1307,1,1,329,0,0,1,0,下位,0,329,88
223,223,0,113,158,0,0,0,383,1368,877,7,下位,0,0,0
271,271,0,68,23,0,1,223,383,1368,877,7,下位,0,223,219
183,183,0,113,158,0,2,494,383,1368,877,7,下位,0,271,84
331,331,0,111,153,0,3,677,383,1368,877,7,下位,0,183,219
143,143,0,68,22,0,4,1008,383,1368,877,7,下位,0,331,214
280,280,0,69,25,0,5,1151,383,1368,877,7,下位,0,143,83
618,618,0,70,29,0,6,1431,383,1368,877,7,下位,0,280,86
808,808,0,112,154,0,7,2049,383,1368,877,7,下位,0,618,90
245,245,0,112,155,0,8,2857,383,1368,877,7,下位,0,808,215
90,90,0,1193,2414,0,9,3102,383,1368,877,7,下位,0,245,216
209,209,0,953,2234,0,0,0,3192,2475,-58,15,下位,0,0,0
133,133,0,935,2073,0,0,0,209,2295,1920,11,下位,0,0,0
110,110,0,111,153,1,0,0,0,0,1,0,下位,0,0,0
197,197,0,109,145,1,1,110,0,0,1,0,下位,0,110,214
197,197,0,656,1355,1,2,307,0,0,1,0,下位,0,197,206
231,231,0,114,160,0,0,0,504,1416,1074,8,下位,0,0,0
808,808,0,111,153,0,1,231,504,1416,1074,8,下位,0,231,221
226,226,0,68,22,0,2,1039,504,1416,1074,8,下位,0,808,214
809,809,0,108,143,0,3,1265,504,1416,1074,8,下位,0,226,83
73,73,0,111,152,0,4,2074,504,1416,1074,8,下位,0,809,204
187,187,0,69,25,0,5,2147,504,1416,1074,8,下位,0,73,213
191,191,0,238,416,0,6,2334,504,1416,1074,8,下位,0,187,86
503,503,0,69,27,1,0,0,0,0,1,0,下位,0,0,0
814,814,0,111,152,1,1,503,0,0,1,0,下位,0,503,88
192,192,0,481,1033,1,2,1317,0,0,1,0,下位,0,814,213
450,450,0,111,153,0,0,0,1509,1094,-890,5,下位,0,0,0
52,52,0,112,154,0,1,450,1509,1094,-890,5,下位,0,450,214
808,808,0,68,22,0,2,502,1509,1094,-890,5,下位,0,52,215
439,439,0,111,152,0,3,1310,1509,1094,-890,5,下位,0,808,83
285,285,0,114,162,0,4,1749,1509,1094,-890,5,下位,0,439,213
49,49,0,292,461,0,5,2034,1509,1094,-890,5,下位,0,285,223
408,408,0,68,24,0,0,0,2083,522,-2576,3,下位,0,0,0
456,456,0,153,227,0,1,408,2083,522,-2576,3,下位,0,408,85
363,363,0,386,853,0,0,0,864,288,-3512,1,下位,0,0,0
310,310,0,623,1361,1,0,0,0,0,1,0,下位,0,0,0
209,209,0,113,159,0,0,0,310,1422,953,8,下位,0,0,0
63,63,0,547,1115,0,1,209,310,1422,953,8,下位,0,209,220
510,510,0,69,25,0,0,0,272,1176,1937,5,下位,0,0,0
296,296,0,69,25,0,1,510,272,1176,1937,5,下位,0,510,86
487,487,0,112,154,0,2,806,272,1176,1937,5,下位,0,296,86
201,201,0,68,24,0,3,1293,272,1176,1937,5,下位,0,487,215
685,685,0,111,153,0,4,1494,272,1176,1937,5,下位,0,201,85
45,45,0,68,22,0,5,2179,272,1176,1937,5,下位,0,685,214
136,136,0,69,25,0,6,2224,272,1176,1937,5,下位,0,45,83
669,669,0,69,25,0,7,2360,272,1176,1937,5,下位,0,136,86
177,177,0,377,835,0,8,3029,272,1176,1937,5,下位,0,669,86
500,500,0,114,160,1,0,0,0,0,1,0,下位,0,0,0
64,64,0,112,154,1,1,500,0,0,1,0,下位,0,500,221
323,323,0,111,152,1,2,564,0,0,1,0,下位,0,64,215
420,420,0,113,158,1,3,887,0,0,1,0,下位,0,323,213
112,112,0,70,28,1,4,1307,0,0,1,0,下位,0,420,219
122,122,0,112,154,1,5,1419,0,0,1,0,下位,0,112,89
100,100,0,1259,2631,1,6,1541,0,0,1,0,下位,0,122,215
285,285,0,113,159,0,0,0,1641,2692,1378,16,下位,0,0,0
461,461,0,355,657,0,1,285,1641,2692,1378,16,下位,0,285,220
103,103,0,69,25,0,0,0,746,718,1186,4,下位,0,0,0
369,369,0,111,152,0,1,103,746,718,1186,4,下位,0,103,86
58,58,0,113,159,0,2,472,746,718,1186,4,下位,0,369,213
201,201,0,112,154,0,3,530,746,718,1186,4,下位,0,58,220
355,355,0,113,157,0,4,731,746,718,1186,4,下位,0,201,215
132,132,0,104,131,0,5,1086,746,718,1186,4,下位,0,355,218
712,712,0,69,26,0,6,1218,746,718,1186,4,下位,0,132,192
250,250,0,111,152,0,7,1930,746,718,1186,4,下位,0,712,87
68,68,0,1160,2174,0,8,2180,746,718,1186,4,下位,0,250,213
190,190,0,178,185,1,0,0,0,0,1,0,下位,0,0,0
381,381,0,112,156,0,0,0,190,246,-41,1,下位,0,0,0
394,394,0,68,23,0,1,381,190,246,-41,1,下位,0,381,217
191,191,0,114,160,0,2,775,190,246,-41,1,下位,0,394,84
111,111,0,112,154,0,3,966,190,246,-41,1,下位,0,191,221
448,448,0,111,152,0,4,1077,190,246,-41,1,下位,0,111,215
125,125,0,112,154,0,5,1525,190,246,-41,1,下位,0,448,213
469,469,0,68,23,0,6,1650,190,246,-41,1,下位,0,125,215
341,341,0,112,154,0,7,2119,190,246,-41,1,下位,0,469,84
233,233,0,109,147,0,8,2460,190,246,-41,1,下位,0,341,215
228,228,0,68,23,0,9,2693,190,246,-41,1,下位,0,233,208
138,138,0,223,438,0,10,2921,190,246,-41,1,下位,0,228,84
509,509,0,268,500,0,0,0,3059,499,-2420,2,下位,0,0,0
247,247,0,111,153,1,0,0,0,0,1,0,下位,0,0,0
670,670,0,114,160,1,1,247,0,0,1,0,下位,0,247,214
238,238,0,69,25,1,2,917,0,0,1,0,下位,0,670,221
106,106,0,112,155,1,3,1155,0,0,1,0,下位,0,238,86
552,552,0,113,158,1,4,1261,0,0,1,0,下位,0,106,216
424,424,0,68,23,1,5,1813,0,0,1,0,下位,0,552,219
808,808,0,111,153,1,6,2237,0,0,1,0,下位,0,424,84
695,695,0,286,468,1,7,3045,0,0,1,0,下位,0,808,214
509,509,0,112,156,0,0,0,3740,529,-3882,3,下位,0,0,0
579,579,0,71,32,0,1,509,3740,529,-3882,3,下位,0,509,217
478,478,0,68,22,0,2,1088,3740,529,-3882,3,下位,0,579,93
148,148,0,114,162,0,3,1566,3740,529,-3882,3,下位,0,478,83
154,154,0,778,1750,0,4,1714,3740,529,-3882,3,下位,0,148,223
307,307,0,112,154,1,0,0,0,0,1,0,下位,0,0,0
123,123,0,537,868,1,1,307,0,0,1,0,下位,0,307,215
70,70,0,114,162,0,0,0,430,929,494,6,下位,0,0,0
513,513,0,68,22,0,1,70,430,929,494,6,下位,0,70,223
45,45,0,68,24,0,2,583,430,929,494,6,下位,0,513,83
185,185,0,465,1041,0,3,628,430,929,494,6,下位,0,45,85
509,509,0,111,152,0,0,0,813,1102,756,5,下位,0,0,0
209,209,0,378,650,0,1,509,813,1102,756,5,下位,0,509,213
209,209,0,68,22,0,0,0,718,711,592,4,下位,0,0,0
295,295,0,419,930,0,1,209,718,711,592,4,下位,0,209,83
106,106,0,114,160,0,0,0,504,991,902,5,下位,0,0,0
210,210,0,69,27,0,1,106,504,991,902,5,下位,0,106,221
56,56,0,402,735,0,2,316,504,991,902,5,下位,0,210,88
254,254,0,68,23,1,0,0,0,0,1,0,下位,0,0,0
256,256,0,68,22,1,1,254,0,0,1,0,下位,0,254,84
281,281,0,68,22,1,2,510,0,0,1,0,下位,0,256,83
340,340,0,112,156,1,3,791,0,0,1,0,下位,0,281,83
212,212,0,114,160,1,4,1131,0,0,1,0,下位,0,340,217
54,54,0,68,23,1,5,1343,0,0,1,0,下位,0,212,221
153,153,0,112,156,1,6,1397,0,0,1,0,下位,0,54,84
296,296,0,493,949,1,7,1550,0,0,1,0,下位,0,153,217
509,509,0,68,24,0,0,0,1846,1010,-797,6,下位,0,0,0
408,408,0,111,153,0,1,509,1846,1010,-797,6,下位,0,509,85
120,120,0,757,1651,0,2,917,1846,1010,-797,6,下位,0,408,214
509,509,0,113,157,0,0,0,1037,1712,-357,10,下位,0,0,0
265,265,0,112,154,0,1,509,1037,1712,-357,10,下位,0,509,218
107,107,0,339,523,0,2,774,1037,1712,-357,10,下位,0,265,215
127,127,0,351,768,0,0,0,881,584,-675,4,下位,0,0,0
179,179,0,466,904,0,0,0,127,829,-38,3,下位,0,0,0
49,49,0,111,152,1,0,0,0,0,1,0,下位,0,0,0
143,143,0,111,153,1,1,49,0,0,1,0,下位,0,49,213
82,82,0,112,154,1,2,192,0,0,1,0,下位,0,143,214
209,209,0,383,846,1,3,274,0,0,1,0,下位,0,82,215
248,248,0,114,161,0,0,0,483,907,818,4,下位,0,0,0
592,592,0,112,154,0,1,248,483,907,818,4,下位,0,248,222
110,110,0,112,154,0,2,840,483,907,818,4,下位,0,592,215
71,71,0,114,161,0,3,950,483,907,818,4,下位,0,110,215
282,282,0,113,157,0,4,1021,483,907,818,4,下位,0,71,222
58,58,0,778,1670,0,5,1303,483,907,818,4,下位,0,282,218
509,509,0,112,156,0,0,0,1361,1731,1578,9,下位,0,0,0
244,244,0,112,154,0,1,509,1361,1731,1578,9,下位,0,509,217
258,258,0,68,22,0,2,753,1361,1731,1578,9,下位,0,244,215
393,393,0,112,155,0,3,1011,1361,1731,1578,9,下位,0,258,83
118,118,0,112,154,0,4,1404,1361,1731,1578,9,下位,0,393,216
808,808,0,112,154,0,5,1522,1361,1731,1578,9,下位,0,118,215
437,437,0,68,22,0,6,2330,1361,1731,1578,9,下位,0,808,215
198,198,0,311,628,0,7,2767,1361,1731,1578,9,下位,0,437,83
509,509,0,883,1934,0,0,0,2965,689,-981,3,下位,0,0,0
258,258,0,114,162,1,0,0,0,0,1,0,下位,0,0,0
147,147,0,111,152,1,1,258,0,0,1,0,下位,0,258,223
162,162,0,110,150,1,2,405,0,0,1,0,下位,0,147,213
271,271,0,71,31,1,3,567,0,0,1,0,下位,0,162,211
558,558,0,112,154,1,4,838,0,0,1,0,下位,0,271,92
138,138,0,492,1004,1,5,1396,0,0,1,0,下位,0,558,215
102,102,0,112,154,0,0,0,1534,1065,-304,5,下位,0,0,0
808,808,0,114,160,0,1,102,1534,1065,-304,5,下位,0,102,215
49,49,0,69,25,0,2,910,1534,1065,-304,5,下位,0,808,221
172,172,0,112,156,0,3,959,1534,1065,-304,5,下位,0,49,86
65,65,0,308,636,0,4,1131,1534,1065,-304,5,下位,0,172,217
277,277,0,68,22,0,0,0,1196,697,-680,3,下位,0,0,0
487,487,0,113,159,0,1,277,1196,697,-680,3,下位,0,277,83
306,306,0,111,152,0,2,764,1196,697,-680,3,下位,0,487,220
287,287,0,112,154,0,3,1070,1196,697,-680,3,下位,0,306,213
159,159,0,113,159,0,4,1357,1196,697,-680,3,下位,0,287,215
133,133,0,112,155,0,5,1516,1196,697,-680,3,下位,0,159,220
217,217,0,111,152,0,6,1649,1196,697,-680,3,下位,0,133,216
46,46,0,624,1269,0,7,1866,1196,697,-680,3,下位,0,217,213
58,58,0,71,31,0,0,0,1912,1330,-869,7,下位,0,0,0
193,193,0,112,155,0,1,58,1912,1330,-869,7,下位,0,58,92
140,140,0,112,154,0,2,251,1912,1330,-869,7,下位,0,193,216
119,119,0,68,22,0,3,391,1912,1330,-869,7,下位,0,140,215
99,99,0,625,1274,0,4,510,1912,1330,-869,7,下位,0,119,83
64,64,0,113,157,1,0,0,0,0,1,0,下位,0,0,0
485,485,0,68,23,1,1,64,0,0,1,0,下位,0,64,218
380,380,0,482,951,1,2,549,0,0,1,0,下位,0,485,84
165,165,0,68,24,0,0,0,929,1012,-93,6,下位,0,0,0
108,108,0,592,1169,0,1,165,929,1012,-93,6,下位,0,165,85
64,64,0,69,25,0,0,0,273,1230,808,6,下位,0,0,0
379,379,0,655,1424,0,1,64,273,1230,808,6,下位,0,64,86
500,500,0,455,990,1,0,0,0,0,1,0,下位,0,0,0
509,509,0,69,27,0,0,0,500,1051,294,5,下位,0,0,0
481,481,0,68,24,0,1,509,500,1051,294,5,下位,0,509,88
47,47,0,366,592,0,2,990,500,1051,294,5,下位,0,481,85
234,234,0,110,148,1,0,0,0,0,1,0,下位,0,0,0
92,92,0,192,349,1,1,234,0,0,1,0,下位,0,234,209
323,323,0,68,22,0,0,0,326,410,126,1,下位,0,0,0
123,123,0,69,25,0,1,323,326,410,126,1,下位,0,323,83
98,98,0,109,146,0,2,446,326,410,126,1,下位,0,123,86
728,728,0,107,139,0,3,544,326,410,126,1,下位,0,98,207
411,411,0,69,25,0,4,1272,326,410,126,1,下位,0,728,200
254,254,0,69,26,0,5,1683,326,410,126,1,下位,0,411,86
245,245,0,113,159,0,6,1937,326,410,126,1,下位,0,254,87
83,83,0,275,526,0,7,2182,326,410,126,1,下位,0,245,220
114,114,0,109,146,0,0,0,2265,587,-1749,2,下位,0,0,0
582,582,0,69,26,0,1,114,2265,587,-1749,2,下位,0,114,207
323,323,0,107,140,0,2,696,2265,587,-1749,2,下位,0,582,87
483,483,0,112,155,0,3,1019,2265,587,-1749,2,下位,0,323,201
156,156,0,699,1367,0,4,1502,2265,587,-1749,2,下位,0,483,216
73,73,0,2181,4981,0,0,0,1658,1428,-2122,9,下位,0,0,0
160,160,0,945,1955,1,0,0,0,0,1,0,下位,0,0,0
163,163,0,200,337,0,0,0,160,2016,1775,11,下位,0,0,0
92,92,0,652,1330,0,0,0,163,398,1926,1,下位,0,0,0
364,364,0,107,140,0,0,0,92,1391,845,7,下位,0,0,0
88,88,0,323,589,0,1,364,92,1391,845,7,下位,0,364,201
509,509,0,240,380,0,0,0,452,650,1011,3,下位,0,0,0
509,509,0,416,702,0,0,0,509,441,681,2,下位,0,0,0
25,25,0,68,22,1,0,0,0,0,1,0,下位,0,0,0
493,493,0,166,197,1,1,25,0,0,1,0,下位,0,25,83
509,509,0,69,27,0,0,0,518,258,-443,1,下位,0,0,0
108,108,0,109,146,0,1,509,518,258,-443,1,下位,0,509,88
328,328,0,200,316,0,2,617,518,258,-443,1,下位,0,108,207
509,509,0,253,551,0,0,0,945,377,-1203,1,下位,0,0,0
115,115,0,229,416,0,0,0,509,612,-1362,2,下位,0,0,0
201,201,0,106,138,0,0,0,115,477,-1059,2,下位,0,0,0
554,554,0,109,146,0,1,201,115,477,-1059,2,下位,0,201,199
56,56,0,110,149,0,2,755,115,477,-1059,2,下位,0,554,207
174,174,0,104,131,0,3,811,115,477,-1059,2,下位,0,56,210
340,340,0,111,153,0,4,985,115,477,-1059,2,下位,0,174,192
421,421,0,109,146,0,5,1325,115,477,-1059,2,下位,0,340,214
596,596,0,68,24,0,6,1746,115,477,-1059,2,下位,0,421,207
202,202,0,111,151,0,7,2342,115,477,-1059,2,下位,0,596,85
94,94,0,370,641,0,8,2544,115,477,-1059,2,下位,0,202,212
199,199,0,109,146,0,0,0,2638,702,-2828,4,下位,0,0,0
185,185,0,697,1473,0,1,199,2638,702,-2828,4,下位,0,199,207
500,500,0,110,149,1,0,0,0,0,1,0,下位,0,0,0
213,213,0,110,150,1,1,500,0,0,1,0,下位,0,500,210
210,210,0,362,757,1,2,713,0,0,1,0,下位,0,213,211
407,407,0,69,25,0,0,0,923,818,-159,5,下位,0,0,0
57,57,0,68,23,0,1,407,923,818,-159,5,下位,0,407,86
219,219,0,69,26,0,2,464,923,818,-159,5,下位,0,57,84
808,808,0,97,109,0,3,683,923,818,-159,5,下位,0,219,87
89,89,0,420,843,0,4,1491,923,818,-159,5,下位,0,808,170
132,132,0,806,1658,0,0,0,1580,904,-1222,5,下位,0,0,0
509,509,0,68,22,0,0,0,132,1719,297,13,下位,0,0,0
158,158,0,107,139,0,1,509,132,1719,297,13,下位,0,509,83
116,116,0,107,141,0,2,667,132,1719,297,13,下位,0,158,200
275,275,0,68,22,0,3,783,132,1719,297,13,下位,0,116,202
480,480,0,69,26,0,4,1058,132,1719,297,13,下位,0,275,83
146,146,0,352,652,0,5,1538,132,1719,297,13,下位,0,480,87
15,15,0,112,155,1,0,0,0,0,1,0,下位,0,0,0
167,167,0,112,156,1,1,15,0,0,1,0,下位,0,15,216
642,642,0,113,159,1,2,182,0,0,1,0,下位,0,167,217
243,243,0,110,148,1,3,824,0,0,1,0,下位,0,642,220
249,249,0,113,157,1,4,1067,0,0,1,0,下位,0,243,209
46,46,0,112,155,1,5,1316,0,0,1,0,下位,0,249,218
606,606,0,828,1780,1,6,1362,0,0,1,0,下位,0,46,216
81,81,0,111,152,0,0,0,1968,1841,156,9,下位,0,0,0
253,253,0,68,24,0,1,81,1968,1841,156,9,下位,0,81,213
808,808,0,112,156,0,2,334,1968,1841,156,9,下位,0,253,85
70,70,0,68,23,0,3,1142,1968,1841,156,9,下位,0,808,217
375,375,0,111,153,0,4,1212,1968,1841,156,9,下位,0,70,84
95,95,0,112,155,0,5,1587,1968,1841,156,9,下位,0,375,214
667,667,0,113,157,0,6,1682,1968,1841,156,9,下位,0,95,216
101,101,0,501,1115,0,7,2349,1968,1841,156,9,下位,0,667,218
149,149,0,536,1005,0,0,0,2450,1176,-1133,6,下位,0,0,0
106,106,0,111,152,1,0,0,0,0,1,0,下位,0,0,0
83,83,0,68,24,1,1,106,0,0,1,0,下位,0,106,213
773,773,0,112,155,1,2,189,0,0,1,0,下位,0,83,85
808,808,0,161,205,1,3,962,0,0,1,0,下位,0,773,216
509,509,0,114,162,0,0,0,1770,266,-1901,1,下位,0,0,0
479,479,0,69,26,0,1,509,1770,266,-1901,1,下位,0,509,223
240,240,0,110,149,0,2,988,1770,266,-1901,1,下位,0,479,87
550,550,0,68,24,0,3,1228,1770,266,-1901,1,下位,0,240,210
206,206,0,112,155,0,4,1778,1770,266,-1901,1,下位,0,550,85
168,168,0,109,146,0,5,1984,1770,266,-1901,1,下位,0,206,216
808,808,0,70,28,0,6,2152,1770,266,-1901,1,下位,0,168,207
372,372,0,530,1117,0,7,2960,1770,266,-1901,1,下位,0,808,89
185,185,0,63,9,1,0,0,0,0,1,0,下位,0,0,0
131,131,0,375,673,1,1,185,0,0,1,0,下位,0,185,70
51,51,0,70,28,0,0,0,316,734,327,4,下位,0,0,0
809,809,0,112,155,0,1,51,316,734,327,4,下位,0,51,89
103,103,0,887,1737,0,2,860,316,734,327,4,下位,0,809,216
215,215,0,112,154,0,0,0,963,1798,971,12,下位,0,0,0
111,111,0,70,29,0,1,215,963,1798,971,12,下位,0,215,215
189,189,0,112,154,0,2,326,963,1798,971,12,下位,0,111,90
330,330,0,431,782,0,3,515,963,1798,971,12,下位,0,189,215
496,496,0,112,154,0,0,0,845,843,1054,4,下位,0,0,0
138,138,0,723,1435,0,1,496,845,843,1054,4,下位,0,496,215
145,145,0,1113,2361,0,0,0,634,1496,1804,8,下位,0,0,0
405,405,0,108,142,0,0,0,145,2422,1613,12,下位,0,0,0
668,668,0,68,23,0,1,405,145,2422,1613,12,下位,0,405,203
124,124,0,111,153,0,2,1073,145,2422,1613,12,下位,0,668,84
170,170,0,69,25,0,3,1197,145,2422,1613,12,下位,0,124,214
170,170,0,335,600,0,4,1367,145,2422,1613,12,下位,0,170,86
247,247,0,112,154,0,0,0,1537,661,531,3,下位,0,0,0
163,163,0,187,362,0,1,247,1537,661,531,3,下位,0,247,215
77,77,0,68,24,1,0,0,0,0,1,0,下位,0,0,0
810,810,0,69,25,1,1,77,0,0,1,0,下位,0,77,85
106,106,0,542,1057,1,2,887,0,0,1,0,下位,0,810,86
81,81,0,69,25,0,0,0,993,1118,-215,6,下位,0,0,0
62,62,0,65,15,0,1,81,993,1118,-215,6,下位,0,81,86
207,207,0,68,22,0,2,143,993,1118,-215,6,下位,0,62,76
137,137,0,111,152,0,3,350,993,1118,-215,6,下位,0,207,83
387,387,0,307,627,0,4,487,993,1118,-215,6,下位,0,137,213
128,128,0,111,152,0,0,0,874,688,-394,3,下位,0,0,0
52,52,0,69,27,0,1,128,874,688,-394,3,下位,0,128,213
206,206,0,67,19,0,2,180,874,688,-394,3,下位,0,52,88
609,609,0,112,156,0,3,386,874,688,-394,3,下位,0,206,80
320,320,0,68,23,0,4,995,874,688,-394,3,下位,0,609,217
326,326,0,70,28,0,5,1315,874,688,-394,3,下位,0,320,84
106,106,0,111,152,0,6,1641,874,688,-394,3,下位,0,326,89
132,132,0,604,1221,0,7,1747,874,688,-394,3,下位,0,106,213
163,163,0,68,23,0,0,0,1879,1282,-976,8,下位,0,0,0
120,120,0,1587,3516,0,1,163,1879,1282,-976,8,下位,0,163,84
183,183,0,113,158,0,0,0,283,3577,2256,19,下位,0,0,0
96,96,0,110,149,0,1,183,283,3577,2256,19,下位,0,183,219
144,144,0,62,6,0,2,279,283,3577,2256,19,下位,0,96,210
48,48,0,1159,2457,0,3,423,283,3577,2256,19,下位,0,144,67
375,375,0,114,160,1,0,0,0,0,1,0,下位,0,0,0
436,436,0,68,24,1,1,375,0,0,1,0,下位,0,375,221
479,479,0,985,2089,1,2,811,0,0,1,0,下位,0,436,85
161,161,0,287,596,0,0,0,1290,2150,502,13,下位,0,0,0
128,128,0,518,1100,0,0,0,161,657,915,4,下位,0,0,0
275,275,0,111,152,1,0,0,0,0,1,0,下位,0,0,0
154,154,0,1647,3597,1,1,275,0,0,1,0,下位,0,275,213
269,269,0,114,160,0,0,0,429,3658,899,22,下位,0,0,0
387,387,0,111,152,0,1,269,429,3658,899,22,下位,0,269,221
808,808,0,68,22,0,2,656,429,3658,899,22,下位,0,387,213
149,149,0,70,29,0,3,1464,429,3658,899,22,下位,0,808,83
596,596,0,111,153,0,4,1613,429,3658,899,22,下位,0,149,90
58,58,0,473,842,0,5,2209,429,3658,899,22,下位,0,596,214
389,389,0,69,26,0,0,0,2267,903,-812,5,下位,0,0,0
512,512,0,111,152,0,1,389,2267,903,-812,5,下位,0,389,87
327,327,0,111,152,0,2,901,2267,903,-812,5,下位,0,512,213
489,489,0,113,159,0,3,1228,2267,903,-812,5,下位,0,327,213
563,563,0,67,19,0,4,1717,2267,903,-812,5,下位,0,489,220
348,348,0,444,867,0,5,2280,2267,903,-812,5,下位,0,563,80
500,500,0,535,1134,1,0,0,0,0,1,0,下位,0,0,0
90,90,0,68,23,0,0,0,500,1195,438,5,下位,0,0,0
72,72,0,298,575,0,1,90,500,1195,438,5,下位,0,90,84
365,365,0,185,293,0,0,0,162,636,913,4,下位,0,0,0
157,157,0,68,24,0,0,0,365,354,714,2,下位,0,0,0
124,124,0,673,1232,0,1,157,365,354,714,2,下位,0,157,85
124,124,0,69,26,0,0,0,281,1293,1666,9,下位,0,0,0
147,147,0,112,154,0,1,124,281,1293,1666,9,下位,0,124,87
561,561,0,112,154,0,2,271,281,1293,1666,9,下位,0,147,215
456,456,0,366,674,0,3,832,281,1293,1666,9,下位,0,561,215
104,104,0,112,156,0,0,0,1288,735,966,4,下位,0,0,0
423,423,0,212,257,0,1,104,1288,735,966,4,下位,0,104,217
233,233,0,310,637,0,0,0,527,318,702,2,下位,0,0,0
503,503,0,112,155,1,0,0,0,0,1,0,下位,0,0,0
565,565,0,68,24,1,1,503,0,0,1,0,下位,0,503,216
454,454,0,112,154,1,2,1068,0,0,1,0,下位,0,565,85
446,446,0,111,152,1,3,1522,0,0,1,0,下位,0,454,215
48,48,0,68,24,1,4,1968,0,0,1,0,下位,0,446,213
365,365,0,341,513,1,5,2016,0,0,1,0,下位,0,48,85
509,509,0,1913,4627,0,0,0,2381,574,-2219,4,下位,0,0,0
150,150,0,112,154,0,0,0,509,4688,1698,25,下位,0,0,0
50,50,0,2404,5788,0,1,150,509,4688,1698,25,下位,0,150,215
139,139,0,111,153,1,0,0,0,0,1,0,下位,0,0,0
569,569,0,112,156,1,1,139,0,0,1,0,下位,0,139,214
214,214,0,112,154,1,2,708,0,0,1,0,下位,0,569,217
808,808,0,70,28,1,3,922,0,0,1,0,下位,0,214,215
715,715,0,1090,2499,1,4,1730,0,0,1,0,下位,0,808,89
363,363,0,69,26,1,0,0,0,0,1,0,下位,0,0,0
571,571,0,69,27,1,1,363,0,0,1,0,下位,0,363,87
219,219,0,112,155,1,2,934,0,0,1,0,下位,0,571,88
690,690,0,113,157,1,3,1153,0,0,1,0,下位,0,219,216
471,471,0,111,153,1,4,1843,0,0,1,0,下位,0,690,218
400,400,0,112,156,1,5,2314,0,0,1,0,下位,0,471,214
157,157,0,68,24,1,6,2714,0,0,1,0,下位,0,400,217
225,225,0,949,2074,1,7,2871,0,0,1,0,下位,0,157,85
198,198,0,180,174,0,0,0,3096,2135,-1430,11,下位,0,0,0
242,242,0,68,24,0,0,0,198,235,-1495,1,下位,0,0,0
243,243,0,112,154,0,1,242,198,235,-1495,1,下位,0,242,85
54,54,0,110,148,0,2,485,198,235,-1495,1,下位,0,243,215
345,345,0,599,1274,0,3,539,198,235,-1495,1,下位,0,54,209
27,27,0,693,1459,1,0,0,0,0,1,0,下位,0,0,0
509,509,0,112,154,0,0,0,27,1520,1480,8,下位,0,0,0
368,368,0,70,29,0,1,509,27,1520,1480,8,下位,0,509,215
552,552,0,111,153,0,2,877,27,1520,1480,8,下位,0,368,90
56,56,0,1697,3794,0,3,1429,27,1520,1480,8,下位,0,552,214
104,104,0,1067,2453,0,0,0,1485,3855,1209,21,下位,0,0,0
509,509,0,232,425,0,0,0,104,2514,1249,12,下位,0,0,0
