REGゲーム数,当該REGゲーム数,REG枚数,ATゲーム数,AT枚数,朝イチ,スルー回数,AT間ゲーム数,前回AT当選ゲーム数,前回AT獲得枚数,前回差枚数,前回連荘数,前回種別,機種別条件,前回REG当選ゲーム数,前回REG獲得枚数
94,94,0,36,108,1,0,0,0,0,1,0,下位,0,0,0
96,96,0,194,492,0,0,0,94,108,-30,1,下位,0,0,0
94,94,0,81,197,0,0,0,96,492,320,3,下位,0,0,0
877,877,0,250,663,0,0,0,94,197,378,2,下位,0,0,0
96,96,0,106,319,0,0,0,877,663,-260,3,下位,0,0,0
111,111,0,44,132,0,0,0,96,319,-83,1,下位,0,0,0
85,85,0,515,1323,0,0,0,111,132,-116,1,下位,0,0,0
109,109,0,137,322,0,0,0,85,1323,1081,6,下位,0,0,0
392,392,0,342,893,0,0,0,109,322,1241,3,下位,0,0,0
269,269,0,404,1032,0,0,0,392,893,1552,4,下位,0,0,0
727,727,0,298,759,0,0,0,269,1032,2185,5,下位,0,0,0
533,533,0,56,168,0,0,0,727,759,1865,4,下位,0,0,0
308,308,0,197,502,0,0,0,533,168,1242,1,下位,0,0,0
101,101,0,106,319,0,0,0,308,502,1287,3,下位,0,0,0
344,344,0,38,115,1,0,0,0,0,1,0,下位,0,0,0
141,141,0,480,1352,0,0,0,344,115,-394,1,下位,0,0,0
457,457,0,212,501,0,0,0,141,1352,749,3,下位,0,0,0
187,187,0,753,1973,0,0,0,457,501,572,4,下位,0,0,0
96,96,0,188,520,0,0,0,187,1973,438,7,上位,0,0,0
675,675,0,132,349,0,0,0,96,520,816,2,下位,0,0,0
423,423,0,100,257,0,0,0,675,349,164,2,下位,0,0,0
221,221,0,88,218,0,0,0,423,257,-207,2,下位,0,0,0
449,449,0,103,264,0,0,0,221,218,-317,2,下位,0,0,0
672,672,0,320,827,0,0,0,449,264,-719,2,下位,0,0,0
168,168,0,37,110,0,0,0,672,827,-889,4,下位,0,0,0
336,336,0,34,103,1,0,0,0,0,1,0,下位,0,0,0
54,54,0,74,222,0,0,0,336,103,-395,1,下位,0,0,0
441,441,0,89,222,0,0,0,54,222,-253,1,下位,0,0,0
366,366,0,130,344,0,0,0,441,222,-685,2,下位,0,0,0
130,130,0,76,182,0,0,0,366,344,-884,2,下位,0,0,0
58,58,0,41,123,0,0,0,130,182,-895,2,下位,0,0,0
521,521,0,40,120,0,0,0,58,123,-858,1,下位,0,0,0
113,113,0,1293,3375,0,0,0,521,120,-1511,1,下位,0,0,0
139,139,0,45,135,0,0,0,113,3375,379,11,上位,0,0,0
134,134,0,96,243,0,0,0,139,135,308,1,下位,0,0,0
401,401,0,36,108,0,0,0,134,243,352,2,下位,0,0,0
541,541,0,183,460,0,0,0,401,108,-135,1,下位,0,0,0
468,468,0,108,281,0,0,0,541,460,-478,3,下位,0,0,0
743,743,0,592,1443,0,0,0,468,281,-891,2,下位,0,0,0
61,61,0,40,121,1,0,0,0,0,1,0,下位,0,0,0
134,134,0,91,228,0,0,0,61,121,31,1,下位,0,0,0
591,591,0,35,106,0,0,0,134,228,60,2,下位,0,0,0
230,230,0,34,102,0,0,0,591,106,-711,1,下位,0,0,0
553,553,0,40,121,0,0,0,230,102,-950,1,下位,0,0,0
203,203,0,511,1308,0,0,0,553,121,-1649,1,下位,0,0,0
165,165,0,46,139,0,0,0,203,1308,-642,6,下位,0,0,0
33,33,0,170,418,0,0,0,165,139,-748,1,下位,0,0,0
316,316,0,199,507,0,0,0,33,418,-379,3,下位,0,0,0
350,350,0,208,490,0,0,0,316,507,-341,3,下位,0,0,0
320,320,0,42,126,0,0,0,350,490,-370,4,下位,0,0,0
161,161,0,263,653,0,0,0,320,126,-719,1,下位,0,0,0
398,398,0,170,420,0,0,0,161,653,-305,4,下位,0,0,0
117,117,0,460,1202,0,0,0,398,420,-476,3,下位,0,0,0
86,86,0,114,296,0,0,0,117,1202,552,5,下位,0,0,0
153,153,0,83,204,1,0,0,0,0,1,0,下位,0,0,0
946,946,0,38,113,0,0,0,153,204,-22,2,下位,0,0,0
519,519,0,222,667,0,0,0,946,113,-1313,1,下位,0,0,0
642,642,0,243,592,0,0,0,519,667,-1416,1,下位,0,0,0
384,384,0,142,383,0,0,0,642,592,-1777,4,下位,0,0,0
739,739,0,165,451,0,0,0,384,383,-1964,2,下位,0,0,0
111,111,0,245,690,0,0,0,739,451,-2609,2,下位,0,0,0
345,345,0,285,718,0,0,0,111,690,-2084,2,下位,0,0,0
28,28,0,91,227,1,0,0,0,0,1,0,下位,0,0,0
787,787,0,71,214,0,0,0,28,227,186,2,下位,0,0,0
329,329,0,53,158,0,0,0,787,214,-768,1,下位,0,0,0
238,238,0,128,339,0,0,0,329,158,-1098,1,下位,0,0,0
216,216,0,31,93,0,0,0,238,339,-1112,2,下位,0,0,0
530,530,0,355,885,0,0,0,216,93,-1339,1,下位,0,0,0
311,311,0,296,845,0,0,0,530,885,-1240,5,下位,0,0,0
339,339,0,37,112,0,0,0,311,845,-856,2,下位,0,0,0
860,860,0,176,439,0,0,0,339,112,-1247,1,下位,0,0,0
561,561,0,376,904,0,0,0,860,439,-2084,3,下位,0,0,0
64,64,0,42,125,0,0,0,561,904,-2012,6,下位,0,0,0
99,99,0,173,472,0,0,0,64,125,-1982,1,下位,0,0,0
462,462,0,94,238,0,0,0,99,472,-1657,2,下位,0,0,0
188,188,0,121,320,0,0,0,462,238,-2104,2,下位,0,0,0
162,162,0,91,228,0,0,0,188,320,-2063,2,下位,0,0,0
92,92,0,61,184,0,0,0,162,228,-2075,2,下位,0,0,0
813,813,0,122,320,0,0,0,92,184,-2027,1,下位,0,0,0
414,414,0,222,531,1,0,0,0,0,1,0,下位,0,0,0
786,786,0,599,1569,0,0,0,414,531,-82,4,下位,0,0,0
195,195,0,306,778,0,0,0,786,1569,321,6,下位,0,0,0
190,190,0,37,112,0,0,0,195,778,810,4,下位,0,0,0
815,815,0,696,2088,0,0,0,190,112,640,1,下位,0,0,0
182,182,0,53,160,0,0,0,815,2088,1519,1,下位,0,0,0
522,522,0,41,123,0,0,0,182,160,1409,1,下位,0,0,0
420,420,0,34,101,0,0,0,522,123,758,1,下位,0,0,0
103,103,0,102,260,0,0,0,420,101,236,1,下位,0,0,0
689,689,0,119,312,0,0,0,103,260,343,2,下位,0,0,0
87,87,0,101,259,1,0,0,0,0,1,0,下位,0,0,0
88,88,0,139,373,0,0,0,87,259,131,2,下位,0,0,0
218,218,0,192,484,0,0,0,88,373,374,2,下位,0,0,0
839,839,0,83,205,0,0,0,218,484,535,3,下位,0,0,0
421,421,0,125,330,0,0,0,839,205,-505,2,下位,0,0,0
177,177,0,157,424,0,0,0,421,330,-800,2,下位,0,0,0
1012,1012,0,68,203,0,0,0,177,424,-639,2,下位,0,0,0
292,292,0,222,575,0,0,0,1012,203,-1937,1,下位,0,0,0
414,414,0,37,111,0,0,0,292,575,-1795,3,下位,0,0,0
85,85,0,38,112,1,0,0,0,0,1,0,下位,0,0,0
347,347,0,35,104,0,0,0,85,112,-13,1,下位,0,0,0
261,261,0,70,209,0,0,0,347,104,-424,1,下位,0,0,0
428,428,0,57,172,0,0,0,261,209,-602,1,下位,0,0,0
492,492,0,180,496,1,0,0,0,0,1,0,下位,0,0,0
259,259,0,46,139,0,0,0,492,496,-233,2,下位,0,0,0
364,364,0,195,539,0,0,0,259,139,-478,1,下位,0,0,0
250,250,0,37,112,0,0,0,364,539,-479,2,下位,0,0,0
596,596,0,491,1194,0,0,0,250,112,-738,1,下位,0,0,0
142,142,0,54,161,0,0,0,596,1194,-428,7,上位,0,0,0
91,91,0,98,247,0,0,0,142,161,-478,1,下位,0,0,0
142,142,0,39,118,0,0,0,91,247,-366,2,下位,0,0,0
174,174,0,181,453,0,0,0,142,118,-459,1,下位,0,0,0
23,23,0,88,219,1,0,0,0,0,1,0,下位,0,0,0
498,498,0,48,144,0,0,0,23,219,186,2,下位,0,0,0
625,625,0,36,109,1,0,0,0,0,1,0,下位,0,0,0
966,966,0,264,610,0,0,0,625,109,-817,1,下位,0,0,0
634,634,0,621,1729,0,0,0,966,610,-1640,5,下位,0,0,0
556,556,0,230,644,0,0,0,634,1729,-852,4,下位,0,0,0
205,205,0,264,703,0,0,0,556,644,-1033,2,下位,0,0,0
198,198,0,169,416,0,0,0,205,703,-634,3,下位,0,0,0
139,139,0,86,213,1,0,0,0,0,1,0,下位,0,0,0
765,765,0,99,253,0,0,0,139,213,8,2,下位,0,0,0
354,354,0,704,1889,0,0,0,765,253,-874,2,下位,0,0,0
141,141,0,200,466,0,0,0,354,1889,490,6,下位,0,0,0
147,147,0,158,432,0,0,0,141,466,747,4,下位,0,0,0
518,518,0,334,955,0,0,0,147,432,961,2,下位,0,0,0
416,416,0,95,285,1,0,0,0,0,1,0,下位,0,0,0
664,664,0,120,315,0,0,0,416,285,-331,1,下位,0,0,0
180,180,0,60,180,0,0,0,664,315,-1001,2,下位,0,0,0
116,116,0,282,666,0,0,0,180,180,-1088,1,下位,0,0,0
194,194,0,58,175,0,0,0,116,666,-594,5,下位,0,0,0
1016,1016,0,233,654,0,0,0,194,175,-707,1,下位,0,0,0
151,151,0,101,255,0,0,0,1016,654,-1560,2,下位,0,0,0
39,39,0,182,456,0,0,0,151,255,-1529,2,下位,0,0,0
327,327,0,263,699,0,0,0,39,456,-1131,3,下位,0,0,0
120,120,0,208,531,0,0,0,327,699,-917,3,下位,0,0,0
207,207,0,207,485,0,0,0,120,531,-564,3,下位,0,0,0
98,98,0,152,367,0,0,0,207,485,-386,4,下位,0,0,0
334,334,0,36,108,0,0,0,98,367,-164,3,下位,0,0,0
146,146,0,35,105,0,0,0,334,108,-552,1,下位,0,0,0
209,209,0,50,150,0,0,0,146,105,-664,1,下位,0,0,0
617,617,0,197,500,1,0,0,0,0,1,0,下位,0,0,0
730,730,0,130,343,0,0,0,617,500,-414,3,下位,0,0,0
130,130,0,36,108,0,0,0,730,343,-1154,2,下位,0,0,0
489,489,0,805,2189,0,0,0,130,108,-1239,1,下位,0,0,0
147,147,0,296,663,0,0,0,489,2189,224,6,下位,0,0,0
188,188,0,41,124,0,0,0,147,663,669,6,下位,0,0,0
689,689,0,95,240,0,0,0,188,124,514,1,下位,0,0,0
273,273,0,41,121,0,0,0,689,240,-268,2,下位,0,0,0
426,426,0,391,1036,0,0,0,273,121,-552,1,下位,0,0,0
1005,1005,0,87,215,0,0,0,426,1036,-148,4,下位,0,0,0
600,600,0,126,335,0,0,0,1005,215,-1424,2,下位,0,0,0
470,470,0,136,409,0,0,0,600,335,-1979,2,下位,0,0,0
53,53,0,116,302,0,0,0,470,409,-2267,1,下位,0,0,0
509,509,0,34,103,1,0,0,0,0,1,0,下位,0,0,0
172,172,0,54,161,0,0,0,509,103,-651,1,下位,0,0,0
102,102,0,101,259,0,0,0,172,161,-745,1,下位,0,0,0
739,739,0,106,274,0,0,0,102,259,-637,2,下位,0,0,0
176,176,0,186,514,0,0,0,739,274,-1459,2,下位,0,0,0
150,150,0,236,618,0,0,0,176,514,-1206,2,下位,0,0,0
145,145,0,48,144,0,0,0,150,618,-811,3,下位,0,0,0
154,154,0,41,124,0,0,0,145,144,-882,1,下位,0,0,0
590,590,0,76,228,0,0,0,154,124,-986,1,下位,0,0,0
167,167,0,135,404,1,0,0,0,0,1,0,下位,0,0,0
675,675,0,83,250,0,0,0,167,404,157,1,下位,0,0,0
440,440,0,214,506,0,0,0,675,250,-594,1,下位,0,0,0
18,18,0,126,334,0,0,0,440,506,-741,4,下位,0,0,0
496,496,0,86,215,0,0,0,18,334,-434,2,下位,0,0,0
108,108,0,277,653,0,0,0,496,215,-955,2,下位,0,0,0
593,593,0,94,283,0,0,0,108,653,-462,5,下位,0,0,0
672,672,0,151,408,0,0,0,593,283,-1059,1,下位,0,0,0
496,496,0,53,161,1,0,0,0,0,1,0,下位,0,0,0
445,445,0,236,619,0,0,0,496,161,-574,1,下位,0,0,0
982,982,0,91,230,0,0,0,445,619,-615,3,下位,0,0,0
1010,1010,0,127,382,0,0,0,982,230,-1842,2,下位,0,0,0
368,368,0,97,248,0,0,0,1010,382,-2959,1,下位,0,0,0
219,219,0,308,790,0,0,0,368,248,-3257,2,下位,0,0,0
458,458,0,66,197,0,0,0,219,790,-2792,4,下位,0,0,0
129,129,0,39,117,0,0,0,458,197,-3275,1,下位,0,0,0
395,395,0,361,905,0,0,0,129,117,-3349,1,下位,0,0,0
269,269,0,42,126,0,0,0,395,905,-3030,5,下位,0,0,0
232,232,0,41,123,1,0,0,0,0,1,0,下位,0,0,0
519,519,0,477,1253,0,0,0,232,123,-220,1,下位,0,0,0
131,131,0,37,111,0,0,0,519,1253,263,5,下位,0,0,0
560,560,0,257,595,0,0,0,131,111,180,1,下位,0,0,0
515,515,0,170,420,0,0,0,560,595,-56,5,下位,0,0,0
517,517,0,57,172,0,0,0,515,420,-400,3,下位,0,0,0
482,482,0,37,111,0,0,0,517,172,-995,1,下位,0,0,0
72,72,0,45,136,0,0,0,482,111,-1599,1,下位,0,0,0
110,110,0,124,326,0,0,0,72,136,-1570,1,下位,0,0,0
764,764,0,87,261,0,0,0,110,326,-1407,2,下位,0,0,0
448,448,0,206,617,1,0,0,0,0,1,0,下位,0,0,0
1013,1013,0,34,101,0,0,0,448,617,-47,1,下位,0,0,0
127,127,0,39,118,0,0,0,1013,101,-1449,1,下位,0,0,0
459,459,0,263,656,0,0,0,127,118,-1519,1,下位,0,0,0
258,258,0,102,306,0,0,0,459,656,-1544,4,下位,0,0,0
171,171,0,178,445,0,0,0,258,306,-1621,1,下位,0,0,0
447,447,0,93,233,0,0,0,171,445,-1430,3,下位,0,0,0
936,936,0,1958,5272,0,0,0,447,233,-1860,2,下位,0,0,0
107,107,0,37,110,0,0,0,936,5272,424,13,上位,0,0,0
145,145,0,42,126,1,0,0,0,0,1,0,下位,0,0,0
228,228,0,76,227,0,0,0,145,126,-88,1,下位,0,0,0
165,165,0,154,416,0,0,0,228,227,-199,1,下位,0,0,0
927,927,0,42,125,0,0,0,165,416,-28,2,下位,0,0,0
782,782,0,193,489,0,0,0,927,125,-1278,1,下位,0,0,0
555,555,0,42,126,0,0,0,782,489,-1949,3,下位,0,0,0
329,329,0,182,502,0,0,0,555,126,-2646,1,下位,0,0,0
105,105,0,52,155,0,0,0,329,502,-2632,2,下位,0,0,0
151,151,0,140,375,0,0,0,105,155,-2633,1,下位,0,0,0
1012,1012,0,157,425,0,0,0,151,375,-2482,2,下位,0,0,0
160,160,0,80,241,0,0,0,1012,425,-3558,2,下位,0,0,0
22,22,0,78,235,0,0,0,160,241,-3554,1,下位,0,0,0
410,410,0,46,138,0,0,0,22,235,-3352,1,下位,0,0,0
191,191,0,81,197,0,0,0,410,138,-3822,1,下位,0,0,0
304,304,0,137,368,1,0,0,0,0,1,0,下位,0,0,0
979,979,0,1479,4205,0,0,0,304,368,-82,2,下位,0,0,0
111,111,0,131,347,0,0,0,979,4205,355,6,下位,0,0,0
278,278,0,37,110,0,0,0,111,347,537,2,下位,0,0,0
162,162,0,39,116,0,0,0,278,110,235,1,下位,0,0,0
1008,1008,0,216,559,0,0,0,162,116,111,1,下位,0,0,0
169,169,0,40,119,0,0,0,1008,559,-826,3,下位,0,0,0
212,212,0,104,266,0,0,0,169,119,-958,1,下位,0,0,0
369,369,0,120,315,0,0,0,212,266,-1007,2,下位,0,0,0
201,201,0,35,105,0,0,0,369,315,-1239,2,下位,0,0,0
241,241,0,34,103,0,0,0,201,105,-1432,1,下位,0,0,0
80,80,0,110,285,0,0,0,241,103,-1687,1,下位,0,0,0
552,552,0,172,423,0,0,0,80,285,-1521,2,下位,0,0,0
793,793,0,54,161,0,0,0,552,423,-1917,3,下位,0,0,0
517,517,0,93,233,1,0,0,0,0,1,0,下位,0,0,0
422,422,0,245,600,0,0,0,517,233,-533,2,下位,0,0,0
704,704,0,78,189,0,0,0,422,600,-559,4,下位,0,0,0
175,175,0,119,312,0,0,0,704,189,-1415,2,下位,0,0,0
179,179,0,35,105,0,0,0,175,312,-1363,2,下位,0,0,0
342,342,0,425,1051,0,0,0,179,105,-1524,1,下位,0,0,0
110,110,0,45,136,0,0,0,342,1051,-980,6,下位,0,0,0
468,468,0,222,575,0,0,0,110,136,-1007,1,下位,0,0,0
939,939,0,282,801,0,0,0,468,575,-1126,3,下位,0,0,0
837,837,0,153,367,0,0,0,939,801,-1718,2,下位,0,0,0
217,217,0,168,459,0,0,0,837,367,-2593,3,下位,0,0,0
84,84,0,91,229,1,0,0,0,0,1,0,下位,0,0,0
191,191,0,39,118,0,0,0,84,229,105,2,下位,0,0,0
236,236,0,196,498,0,0,0,191,118,-60,1,下位,0,0,0
106,106,0,44,133,0,0,0,236,498,88,3,下位,0,0,0
455,455,0,145,391,0,0,0,106,133,64,1,下位,0,0,0
1012,1012,0,119,313,0,0,0,455,391,-220,2,下位,0,0,0
596,596,0,91,229,0,0,0,1012,313,-1408,2,下位,0,0,0
443,443,0,86,211,0,0,0,596,229,-2063,2,下位,0,0,0
132,132,0,152,366,0,0,0,443,211,-2509,2,下位,0,0,0
111,111,0,179,491,0,0,0,132,366,-2339,3,下位,0,0,0
391,391,0,88,265,0,0,0,111,491,-2013,2,下位,0,0,0
204,204,0,519,1466,0,0,0,391,265,-2328,1,下位,0,0,0
157,157,0,152,367,0,0,0,204,1466,-1165,3,下位,0,0,0
162,162,0,101,258,1,0,0,0,0,1,0,下位,0,0,0
52,52,0,37,111,0,0,0,162,258,19,2,下位,0,0,0
610,610,0,95,284,0,0,0,52,111,53,1,下位,0,0,0
401,401,0,450,1124,0,0,0,610,284,-568,1,下位,0,0,0
220,220,0,51,154,0,0,0,401,1124,-39,6,下位,0,0,0
670,670,0,33,100,0,0,0,220,154,-211,1,下位,0,0,0
127,127,0,41,123,0,0,0,670,100,-1105,1,下位,0,0,0
132,132,0,372,893,0,0,0,127,123,-1170,1,下位,0,0,0
132,132,0,86,214,0,0,0,132,893,-473,6,下位,0,0,0
447,447,0,82,201,0,0,0,132,214,-455,2,下位,0,0,0
404,404,0,120,316,0,0,0,447,201,-917,2,下位,0,0,0
164,164,0,34,101,0,0,0,404,316,-1200,2,下位,0,0,0
278,278,0,177,441,0,0,0,164,101,-1342,1,下位,0,0,0
418,418,0,50,149,0,0,0,278,441,-1313,3,下位,0,0,0
263,263,0,109,284,1,0,0,0,0,1,0,下位,0,0,0
150,150,0,451,1126,0,0,0,263,284,-105,2,下位,0,0,0
173,173,0,84,204,0,0,0,150,1126,798,6,下位,0,0,0
454,454,0,114,296,0,0,0,173,204,745,2,下位,0,0,0
632,632,0,212,544,0,0,0,454,296,367,2,下位,0,0,0
559,559,0,170,464,0,0,0,632,544,-27,3,下位,0,0,0
143,143,0,104,312,0,0,0,559,464,-392,2,下位,0,0,0
200,200,0,152,412,0,0,0,143,312,-292,1,下位,0,0,0
117,117,0,34,103,0,0,0,200,412,-177,2,下位,0,0,0
637,637,0,359,986,0,0,0,117,103,-248,1,下位,0,0,0
581,581,0,45,135,0,0,0,637,986,-207,3,下位,0,0,0
219,219,0,64,192,0,0,0,581,135,-934,1,下位,0,0,0
852,852,0,223,533,0,0,0,219,192,-1067,1,下位,0,0,0
101,101,0,38,114,0,0,0,852,533,-1798,4,下位,0,0,0
408,408,0,58,172,0,0,0,101,114,-1834,1,下位,0,0,0
538,538,0,46,139,0,0,0,408,172,-2267,1,下位,0,0,0
431,431,0,157,381,1,0,0,0,0,1,0,下位,0,0,0
117,117,0,299,718,0,0,0,431,381,-257,3,下位,0,0,0
340,340,0,140,420,0,0,0,117,718,287,5,下位,0,0,0
481,481,0,128,338,0,0,0,340,420,203,1,下位,0,0,0
888,888,0,34,103,0,0,0,481,338,-173,2,下位,0,0,0
586,586,0,100,256,0,0,0,888,103,-1388,1,下位,0,0,0
755,755,0,58,174,0,0,0,586,256,-2001,2,下位,0,0,0
453,453,0,124,328,0,0,0,755,174,-2947,1,下位,0,0,0
586,586,0,45,133,0,0,0,453,328,-3291,2,下位,0,0,0
500,500,0,505,1425,0,0,0,586,133,-4027,1,下位,0,0,0
136,136,0,248,612,0,0,0,500,1425,-3344,3,下位,0,0,0
140,140,0,158,381,0,0,0,136,612,-2934,4,下位,0,0,0
159,159,0,432,1019,0,0,0,140,381,-2761,3,下位,0,0,0
120,120,0,35,104,0,0,0,159,1019,-1978,7,上位,0,0,0
320,320,0,106,273,0,0,0,120,104,-2052,1,下位,0,0,0
156,156,0,61,184,1,0,0,0,0,1,0,下位,0,0,0
803,803,0,165,496,0,0,0,156,184,-46,1,下位,0,0,0
288,288,0,84,254,0,0,0,803,496,-741,1,下位,0,0,0
795,795,0,46,138,0,0,0,288,254,-914,1,下位,0,0,0
105,105,0,43,128,0,0,0,795,138,-1956,1,下位,0,0,0
892,892,0,40,120,0,0,0,105,128,-1984,1,下位,0,0,0
234,234,0,39,116,0,0,0,892,120,-3187,1,下位,0,0,0
37,37,0,42,126,0,0,0,234,116,-3418,1,下位,0,0,0
650,650,0,36,107,0,0,0,37,126,-3347,1,下位,0,0,0
551,551,0,278,699,0,0,0,650,107,-4204,1,下位,0,0,0
100,100,0,97,290,1,0,0,0,0,1,0,下位,0,0,0
184,184,0,870,2518,0,0,0,100,290,143,1,下位,0,0,0
144,144,0,41,122,0,0,0,184,2518,2388,3,下位,0,0,0
199,199,0,257,632,0,0,0,144,122,2296,1,下位,0,0,0
59,59,0,67,200,0,0,0,199,632,295,4,下位,0,0,0
741,741,0,634,1814,0,0,0,59,200,407,1,下位,0,0,0
272,272,0,168,460,0,0,0,741,1814,1122,3,下位,0,0,0
510,510,0,205,478,0,0,0,272,460,1178,2,下位,0,0,0
131,131,0,167,411,0,0,0,510,478,899,4,下位,0,0,0
44,44,0,180,452,0,0,0,131,411,1116,3,下位,0,0,0
404,404,0,39,117,0,0,0,44,452,1503,3,下位,0,0,0
236,236,0,110,331,0,0,0,404,117,1021,1,下位,0,0,0
226,226,0,37,110,0,0,0,236,331,1002,1,下位,0,0,0
156,156,0,35,105,0,0,0,226,110,777,1,下位,0,0,0
540,540,0,412,1102,1,0,0,0,0,1,0,下位,0,0,0
709,709,0,193,532,0,0,0,540,1102,302,4,下位,0,0,0
488,488,0,39,116,0,0,0,709,532,-218,2,下位,0,0,0
183,183,0,36,107,0,0,0,488,116,-826,1,下位,0,0,0
152,152,0,36,108,0,0,0,183,107,-991,1,下位,0,0,0
264,264,0,189,477,0,0,0,152,108,-1109,1,下位,0,0,0
159,159,0,43,128,0,0,0,264,477,-1024,3,下位,0,0,0
46,46,0,94,283,0,0,0,159,128,-1132,1,下位,0,0,0
70,70,0,104,268,0,0,0,46,283,-917,1,下位,0,0,0
343,343,0,62,185,0,0,0,70,268,-753,2,下位,0,0,0
310,310,0,888,2619,0,0,0,343,185,-1077,1,下位,0,0,0
119,119,0,47,141,0,0,0,310,2619,1082,2,下位,0,0,0
793,793,0,731,1859,0,0,0,119,141,1046,1,下位,0,0,0
266,266,0,38,115,1,0,0,0,0,1,0,下位,0,0,0
233,233,0,42,127,0,0,0,266,115,-279,1,下位,0,0,0
954,954,0,436,1221,0,0,0,233,127,-498,1,下位,0,0,0
140,140,0,224,579,0,0,0,954,1221,-692,3,下位,0,0,0
378,378,0,209,538,0,0,0,140,579,-321,3,下位,0,0,0
420,420,0,292,782,0,0,0,378,538,-344,3,下位,0,0,0
504,504,0,292,831,0,0,0,420,782,-185,3,下位,0,0,0
314,314,0,156,377,1,0,0,0,0,1,0,下位,0,0,0
200,200,0,41,123,0,0,0,314,377,-88,3,下位,0,0,0
427,427,0,335,914,0,0,0,200,123,-262,1,下位,0,0,0
373,373,0,325,840,0,0,0,427,914,18,3,下位,0,0,0
202,202,0,408,1178,0,0,0,373,840,305,4,下位,0,0,0
716,716,0,368,968,0,0,0,202,1178,1183,2,下位,0,0,0
112,112,0,85,210,0,0,0,716,968,1089,4,下位,0,0,0
578,578,0,320,825,0,0,0,112,210,1133,2,下位,0,0,0
983,983,0,73,218,0,0,0,578,825,1100,4,下位,0,0,0
502,502,0,224,494,0,0,0,983,218,-140,1,下位,0,0,0
155,155,0,108,277,0,0,0,502,494,-391,5,下位,0,0,0
397,397,0,35,106,0,0,0,155,277,-344,2,下位,0,0,0
71,71,0,56,169,0,0,0,397,106,-827,1,下位,0,0,0
80,80,0,48,145,1,0,0,0,0,1,0,下位,0,0,0
90,90,0,147,396,0,0,0,80,145,27,1,下位,0,0,0
88,88,0,152,365,0,0,0,90,396,289,2,下位,0,0,0
286,286,0,53,160,0,0,0,88,365,523,3,下位,0,0,0
528,528,0,357,848,0,0,0,286,160,259,1,下位,0,0,0
112,112,0,37,112,0,0,0,528,848,324,6,下位,0,0,0
324,324,0,36,108,0,0,0,112,112,270,1,下位,0,0,0
132,132,0,63,189,0,0,0,324,108,-103,1,下位,0,0,0
120,120,0,46,139,0,0,0,132,189,-110,1,下位,0,0,0
264,264,0,96,243,0,0,0,120,139,-149,1,下位,0,0,0
630,630,0,202,561,0,0,0,264,243,-298,2,下位,0,0,0
791,791,0,52,157,0,0,0,630,561,-672,2,下位,0,0,0
136,136,0,305,780,0,0,0,791,157,-1689,1,下位,0,0,0
402,402,0,44,132,0,0,0,136,780,-1111,4,下位,0,0,0
297,297,0,182,456,0,0,0,402,132,-1575,1,下位,0,0,0
132,132,0,37,110,1,0,0,0,0,1,0,下位,0,0,0
311,311,0,36,108,0,0,0,132,110,-85,1,下位,0,0,0
487,487,0,345,990,0,0,0,311,108,-438,1,下位,0,0,0
494,494,0,66,197,0,0,0,487,990,-171,2,下位,0,0,0
134,134,0,35,105,0,0,0,494,197,-707,1,下位,0,0,0
247,247,0,34,102,0,0,0,134,105,-801,1,下位,0,0,0
203,203,0,566,1565,0,0,0,247,102,-1065,1,下位,0,0,0
287,287,0,196,451,0,0,0,203,1565,199,4,下位,0,0,0
209,209,0,337,877,0,0,0,287,451,224,4,下位,0,0,0
537,537,0,112,290,0,0,0,209,877,791,4,下位,0,0,0
409,409,0,39,116,0,0,0,537,290,284,2,下位,0,0,0
104,104,0,1770,4869,0,0,0,409,116,-207,1,下位,0,0,0
208,208,0,85,210,0,0,0,104,4869,847,10,上位,0,0,0
91,91,0,48,144,0,0,0,208,210,748,2,下位,0,0,0
149,149,0,83,206,1,0,0,0,0,1,0,下位,0,0,0
195,195,0,938,2478,0,0,0,149,206,-14,2,下位,0,0,0
210,210,0,175,479,0,0,0,195,2478,391,8,上位,0,0,0
276,276,0,113,296,0,0,0,210,479,558,2,下位,0,0,0
161,161,0,206,571,0,0,0,276,296,445,2,下位,0,0,0
209,209,0,76,227,0,0,0,161,571,777,2,下位,0,0,0
846,846,0,38,114,0,0,0,209,227,694,1,下位,0,0,0
173,173,0,52,155,0,0,0,846,114,-447,1,下位,0,0,0
209,209,0,34,101,0,0,0,173,155,-549,1,下位,0,0,0
115,115,0,112,291,0,0,0,209,101,-758,1,下位,0,0,0
164,164,0,126,288,0,0,0,115,291,-638,2,下位,0,0,0
538,538,0,282,846,0,0,0,164,288,-593,3,下位,0,0,0
429,429,0,80,239,0,0,0,538,846,-545,1,下位,0,0,0
141,141,0,52,157,0,0,0,429,239,-942,1,下位,0,0,0
489,489,0,43,130,0,0,0,141,157,-994,1,下位,0,0,0
191,191,0,37,110,0,0,0,489,130,-1590,1,下位,0,0,0
85,85,0,57,171,0,0,0,191,110,-1763,1,下位,0,0,0
341,341,0,139,417,0,0,0,85,171,-1718,1,下位,0,0,0
177,177,0,178,535,0,0,0,341,417,-1807,1,下位,0,0,0
325,325,0,84,207,0,0,0,177,535,-1535,1,下位,0,0,0
226,226,0,37,112,0,0,0,325,207,-1810,2,下位,0,0,0
291,291,0,67,200,1,0,0,0,0,1,0,下位,0,0,0
778,778,0,232,562,0,0,0,291,200,-231,1,下位,0,0,0
823,823,0,476,1208,0,0,0,778,562,-823,4,下位,0,0,0
30,30,0,180,448,0,0,0,823,1208,-836,6,下位,0,0,0
238,238,0,147,351,0,0,0,30,448,-433,3,下位,0,0,0
337,337,0,210,586,0,0,0,238,351,-435,3,下位,0,0,0
408,408,0,45,134,0,0,0,337,586,-349,2,下位,0,0,0
133,133,0,72,216,0,0,0,408,134,-820,1,下位,0,0,0
397,397,0,63,189,1,0,0,0,0,1,0,下位,0,0,0
807,807,0,835,2227,0,0,0,397,189,-399,1,下位,0,0,0
183,183,0,307,787,0,0,0,807,2227,631,7,上位,0,0,0
423,423,0,50,150,0,0,0,183,787,1146,4,下位,0,0,0
461,461,0,186,469,0,0,0,423,150,668,1,下位,0,0,0
128,128,0,35,105,0,0,0,461,469,453,3,下位,0,0,0
183,183,0,240,721,0,0,0,128,105,368,1,下位,0,0,0
474,474,0,51,154,0,0,0,183,721,817,1,下位,0,0,0
562,562,0,269,718,0,0,0,474,154,268,1,下位,0,0,0
89,89,0,174,478,0,0,0,562,718,152,3,下位,0,0,0
556,556,0,70,209,1,0,0,0,0,1,0,下位,0,0,0
126,126,0,393,1000,0,0,0,556,209,-615,1,下位,0,0,0
222,222,0,336,919,0,0,0,126,1000,198,5,下位,0,0,0
746,746,0,348,867,0,0,0,222,919,788,3,下位,0,0,0
1008,1008,0,103,310,0,0,0,746,867,548,5,下位,0,0,0
346,346,0,125,330,0,0,0,1008,310,-638,1,下位,0,0,0
37,37,0,34,103,0,0,0,346,330,-821,2,下位,0,0,0
675,675,0,132,353,0,0,0,37,103,-773,1,下位,0,0,0
357,357,0,39,118,1,0,0,0,0,1,0,下位,0,0,0
396,396,0,118,310,0,0,0,357,118,-411,1,下位,0,0,0
272,272,0,520,1382,0,0,0,396,310,-689,2,下位,0,0,0
485,485,0,242,636,0,0,0,272,1382,289,5,下位,0,0,0
199,199,0,191,483,0,0,0,485,636,205,3,下位,0,0,0
131,131,0,253,715,0,0,0,199,483,393,3,下位,0,0,0
114,114,0,38,113,0,0,0,131,715,914,2,下位,0,0,0
545,545,0,296,843,0,0,0,114,113,858,1,下位,0,0,0
299,299,0,34,103,0,0,0,545,843,892,2,下位,0,0,0
420,420,0,38,114,0,0,0,299,103,551,1,下位,0,0,0
348,348,0,71,212,0,0,0,420,114,42,1,下位,0,0,0
106,106,0,126,378,0,0,0,348,212,-262,1,下位,0,0,0
862,862,0,250,615,0,0,0,106,378,-41,1,下位,0,0,0
309,309,0,106,271,0,0,0,862,615,-705,4,下位,0,0,0
385,385,0,130,345,0,0,0,309,271,-892,2,下位,0,0,0
148,148,0,89,223,0,0,0,385,345,-1118,2,下位,0,0,0
494,494,0,129,342,1,0,0,0,0,1,0,下位,0,0,0
350,350,0,353,922,0,0,0,494,342,-390,2,下位,0,0,0
329,329,0,150,407,0,0,0,350,922,13,4,下位,0,0,0
901,901,0,37,112,0,0,0,329,407,-68,2,下位,0,0,0
188,188,0,39,117,0,0,0,901,112,-1293,1,下位,0,0,0
814,814,0,212,545,0,0,0,188,117,-1455,1,下位,0,0,0
839,839,0,34,103,0,0,0,814,545,-2118,3,下位,0,0,0
358,358,0,167,455,1,0,0,0,0,1,0,下位,0,0,0
580,580,0,35,105,0,0,0,358,455,-75,2,下位,0,0,0
98,98,0,58,173,0,0,0,580,105,-831,1,下位,0,0,0
919,919,0,358,937,0,0,0,98,173,-803,1,下位,0,0,0
217,217,0,37,112,0,0,0,919,937,-1230,4,下位,0,0,0
140,140,0,37,111,0,0,0,217,112,-1440,1,下位,0,0,0
183,183,0,38,115,0,0,0,140,111,-1537,1,下位,0,0,0
295,295,0,35,105,0,0,0,183,115,-1694,1,下位,0,0,0
610,610,0,41,123,0,0,0,295,105,-2027,1,下位,0,0,0
622,622,0,49,148,0,0,0,610,123,-2809,1,下位,0,0,0
211,211,0,378,908,0,0,0,622,148,-3584,1,下位,0,0,0
88,88,0,116,305,0,0,0,211,908,-2989,6,下位,0,0,0
192,192,0,105,272,0,0,0,88,305,-2815,2,下位,0,0,0
390,390,0,46,137,0,0,0,192,272,-2828,2,下位,0,0,0
173,173,0,144,387,1,0,0,0,0,1,0,下位,0,0,0
479,479,0,34,103,0,0,0,173,387,131,2,下位,0,0,0
74,74,0,211,590,0,0,0,479,103,-477,1,下位,0,0,0
111,111,0,156,424,0,0,0,74,590,3,2,下位,0,0,0
71,71,0,250,659,0,0,0,111,424,262,2,下位,0,0,0
813,813,0,886,2383,0,0,0,71,659,816,3,下位,0,0,0
218,218,0,47,140,0,0,0,813,2383,583,7,上位,0,0,0
676,676,0,66,199,0,0,0,218,140,400,1,下位,0,0,0
167,167,0,113,295,0,0,0,676,199,-404,1,下位,0,0,0
86,86,0,35,105,0,0,0,167,295,-357,2,下位,0,0,0
168,168,0,94,238,0,0,0,86,105,-380,1,下位,0,0,0
259,259,0,39,117,0,0,0,168,238,-391,2,下位,0,0,0
752,752,0,239,583,0,0,0,259,117,-658,1,下位,0,0,0
112,112,0,34,102,0,0,0,752,583,-1191,4,下位,0,0,0
354,354,0,668,1779,0,0,0,112,102,-1255,1,下位,0,0,0
153,153,0,181,454,0,0,0,354,1779,-1,6,下位,0,0,0
118,118,0,109,282,0,0,0,153,454,226,3,下位,0,0,0
140,140,0,135,361,1,0,0,0,0,1,0,下位,0,0,0
346,346,0,34,102,0,0,0,140,361,154,2,下位,0,0,0
443,443,0,45,136,0,0,0,346,102,-257,1,下位,0,0,0
561,561,0,67,201,0,0,0,443,136,-778,1,下位,0,0,0
567,567,0,88,220,0,0,0,561,201,-1409,1,下位,0,0,0
270,270,0,322,830,0,0,0,567,220,-2030,2,下位,0,0,0
402,402,0,300,765,0,0,0,270,830,-1601,4,下位,0,0,0
323,323,0,48,144,0,0,0,402,765,-1432,4,下位,0,0,0
1010,1010,0,35,105,0,0,0,323,144,-1767,1,下位,0,0,0
91,91,0,261,645,0,0,0,1010,105,-3161,1,下位,0,0,0
98,98,0,61,184,0,0,0,91,645,-2651,4,下位,0,0,0
294,294,0,398,974,1,0,0,0,0,1,0,下位,0,0,0
130,130,0,43,128,0,0,0,294,974,539,6,下位,0,0,0
230,230,0,82,198,0,0,0,130,128,474,1,下位,0,0,0
195,195,0,110,284,0,0,0,230,198,331,2,下位,0,0,0
151,151,0,41,123,0,0,0,195,284,326,2,下位,0,0,0
597,597,0,46,138,0,0,0,151,123,225,1,下位,0,0,0
236,236,0,416,1111,0,0,0,597,138,-523,1,下位,0,0,0
906,906,0,35,105,0,0,0,236,1111,238,4,下位,0,0,0
261,261,0,102,262,0,0,0,906,105,-1001,1,下位,0,0,0
182,182,0,115,299,0,0,0,261,262,-1126,2,下位,0,0,0
231,231,0,179,494,0,0,0,182,299,-1097,2,下位,0,0,0
36,36,0,370,1066,0,0,0,231,494,-946,2,下位,0,0,0
361,361,0,217,563,0,0,0,36,1066,67,2,下位,0,0,0
215,215,0,357,890,0,0,0,361,563,94,3,下位,0,0,0
132,132,0,37,112,0,0,0,215,890,665,5,下位,0,0,0
453,453,0,78,236,0,0,0,132,112,581,1,下位,0,0,0
462,462,0,809,2151,1,0,0,0,0,1,0,下位,0,0,0
129,129,0,95,239,0,0,0,462,2151,586,7,上位,0,0,0
991,991,0,533,1555,0,0,0,129,239,634,2,下位,0,0,0
365,365,0,210,495,0,0,0,991,1555,719,2,下位,0,0,0
196,196,0,178,446,0,0,0,365,495,672,4,下位,0,0,0
140,140,0,168,415,0,0,0,196,446,827,3,下位,0,0,0
324,324,0,379,955,0,0,0,140,415,1034,3,下位,0,0,0
1009,1009,0,175,481,0,0,0,324,955,1508,5,下位,0,0,0
291,291,0,48,145,1,0,0,0,0,1,0,下位,0,0,0
67,67,0,466,1344,0,0,0,291,145,-286,1,下位,0,0,0
145,145,0,45,134,0,0,0,67,1344,959,2,下位,0,0,0
347,347,0,185,556,0,0,0,145,134,878,1,下位,0,0,0
142,142,0,38,115,0,0,0,347,556,919,1,下位,0,0,0
947,947,0,151,406,0,0,0,142,115,823,1,下位,0,0,0
245,245,0,110,283,0,0,0,947,406,-176,2,下位,0,0,0
177,177,0,37,110,0,0,0,245,283,-257,2,下位,0,0,0
188,188,0,80,195,1,0,0,0,0,1,0,下位,0,0,0
422,422,0,50,150,0,0,0,188,195,-83,2,下位,0,0,0
314,314,0,45,135,0,0,0,422,150,-559,1,下位,0,0,0
132,132,0,119,312,0,0,0,314,135,-890,1,下位,0,0,0
178,178,0,112,290,0,0,0,132,312,-774,2,下位,0,0,0
168,168,0,155,419,0,0,0,178,290,-748,2,下位,0,0,0
198,198,0,35,106,0,0,0,168,419,-578,2,下位,0,0,0
37,37,0,420,1036,0,0,0,198,106,-766,1,下位,0,0,0
97,97,0,186,468,0,0,0,37,1036,215,6,下位,0,0,0
245,245,0,1601,4642,0,0,0,97,468,539,3,下位,0,0,0
112,112,0,34,103,0,0,0,245,4642,2473,4,下位,0,0,0
160,160,0,70,209,0,0,0,112,103,92,1,下位,0,0,0
355,355,0,46,137,0,0,0,160,209,64,1,下位,0,0,0
37,37,0,44,131,0,0,0,355,137,-326,1,下位,0,0,0
210,210,0,226,542,0,0,0,37,131,-250,1,下位,0,0,0
428,428,0,93,234,0,0,0,210,542,-20,4,下位,0,0,0
959,959,0,202,518,0,0,0,428,234,-421,2,下位,0,0,0
309,309,0,141,379,1,0,0,0,0,1,0,下位,0,0,0
255,255,0,340,927,0,0,0,309,379,-78,2,下位,0,0,0
648,648,0,143,385,0,0,0,255,927,471,3,下位,0,0,0
586,586,0,140,329,0,0,0,648,385,-105,2,下位,0,0,0
749,749,0,208,579,0,0,0,586,329,-645,3,下位,0,0,0
982,982,0,315,721,0,0,0,749,579,-1177,2,下位,0,0,0
198,198,0,106,272,0,0,0,982,721,-1913,6,下位,0,0,0
374,374,0,53,158,1,0,0,0,0,1,0,下位,0,0,0
486,486,0,245,598,0,0,0,374,158,-396,1,下位,0,0,0
500,500,0,174,476,0,0,0,486,598,-519,4,下位,0,0,0
544,544,0,79,192,0,0,0,500,476,-785,2,下位,0,0,0
259,259,0,380,1139,0,0,0,544,192,-1400,2,下位,0,0,0
295,295,0,82,201,0,0,0,259,1139,-645,1,下位,0,0,0
633,633,0,67,200,0,0,0,295,201,-882,2,下位,0,0,0
445,445,0,665,1718,0,0,0,633,200,-1621,1,下位,0,0,0
136,136,0,413,1149,0,0,0,445,1718,-563,7,上位,0,0,0
601,601,0,111,288,1,0,0,0,0,1,0,下位,0,0,0
755,755,0,50,151,0,0,0,601,288,-603,2,下位,0,0,0
429,429,0,194,494,0,0,0,755,151,-1572,1,下位,0,0,0
844,844,0,185,554,0,0,0,429,494,-1714,3,下位,0,0,0
186,186,0,191,528,0,0,0,844,554,-2412,1,下位,0,0,0
100,100,0,284,719,0,0,0,186,528,-2160,2,下位,0,0,0
166,166,0,239,624,0,0,0,100,719,-1589,4,下位,0,0,0
443,443,0,186,466,0,0,0,166,624,-1211,3,下位,0,0,0
270,270,0,161,392,0,0,0,443,466,-1402,3,下位,0,0,0
318,318,0,146,437,0,0,0,270,392,-1411,3,下位,0,0,0
94,94,0,47,142,0,0,0,318,437,-1446,1,下位,0,0,0
90,90,0,320,779,1,0,0,0,0,1,0,下位,0,0,0
882,882,0,43,128,0,0,0,90,779,646,5,下位,0,0,0
1015,1015,0,87,260,0,0,0,882,128,-535,1,下位,0,0,0
117,117,0,235,659,0,0,0,1015,260,-1781,1,下位,0,0,0
873,873,0,102,259,0,0,0,117,659,-1296,2,下位,0,0,0
146,146,0,153,414,0,0,0,873,259,-2332,2,下位,0,0,0
228,228,0,49,148,1,0,0,0,0,1,0,下位,0,0,0
527,527,0,64,192,0,0,0,228,148,-189,1,下位,0,0,0
860,860,0,255,671,0,0,0,527,192,-779,1,下位,0,0,0
740,740,0,348,908,0,0,0,860,671,-1384,3,下位,0,0,0
448,448,0,430,1201,0,0,0,740,908,-1574,4,下位,0,0,0
331,331,0,215,555,0,0,0,448,1201,-1038,3,下位,0,0,0
477,477,0,136,365,0,0,0,331,555,-974,3,下位,0,0,0
122,122,0,232,606,0,0,0,477,365,-1317,2,下位,0,0,0
37,37,0,84,208,1,0,0,0,0,1,0,下位,0,0,0
916,916,0,292,696,0,0,0,37,208,154,2,下位,0,0,0
285,285,0,52,157,0,0,0,916,696,-509,5,下位,0,0,0
528,528,0,162,397,0,0,0,285,157,-775,1,下位,0,0,0
155,155,0,129,299,0,0,0,528,397,-1161,3,下位,0,0,0
252,252,0,36,107,0,0,0,155,299,-1092,3,下位,0,0,0
260,260,0,40,121,0,0,0,252,107,-1359,1,下位,0,0,0
949,949,0,238,625,0,0,0,260,121,-1624,1,下位,0,0,0
548,548,0,125,329,0,0,0,949,625,-2407,3,下位,0,0,0
387,387,0,39,118,1,0,0,0,0,1,0,下位,0,0,0
84,84,0,52,157,0,0,0,387,118,-455,1,下位,0,0,0
693,693,0,592,1775,0,0,0,84,157,-423,1,下位,0,0,0
220,220,0,520,1469,0,0,0,693,1775,324,1,下位,0,0,0
462,462,0,150,450,0,0,0,220,1469,1467,3,下位,0,0,0
492,492,0,105,271,0,0,0,462,450,1232,1,下位,0,0,0
376,376,0,59,177,1,0,0,0,0,1,0,下位,0,0,0
273,273,0,34,101,0,0,0,376,177,-380,1,下位,0,0,0
598,598,0,120,317,0,0,0,273,101,-684,1,下位,0,0,0
152,152,0,345,948,0,0,0,598,317,-1254,2,下位,0,0,0
280,280,0,49,148,0,0,0,152,948,-532,3,下位,0,0,0
288,288,0,456,1188,0,0,0,280,148,-799,1,下位,0,0,0
153,153,0,221,572,0,0,0,288,1188,-38,5,下位,0,0,0
81,81,0,193,444,0,0,0,153,572,307,3,下位,0,0,0
143,143,0,36,107,0,0,0,81,444,631,4,下位,0,0,0
987,987,0,532,1460,0,0,0,143,107,526,1,下位,0,0,0
111,111,0,135,361,1,0,0,0,0,1,0,下位,0,0,0
667,667,0,168,460,0,0,0,111,361,197,2,下位,0,0,0
233,233,0,760,2057,0,0,0,667,460,-333,2,下位,0,0,0
97,97,0,53,160,0,0,0,233,2057,1378,6,下位,0,0,0
509,509,0,41,123,0,0,0,97,160,1394,1,下位,0,0,0
460,460,0,37,111,0,0,0,509,123,762,1,下位,0,0,0
196,196,0,176,441,0,0,0,460,111,191,1,下位,0,0,0
730,730,0,472,1235,0,0,0,196,441,341,3,下位,0,0,0
121,121,0,107,276,0,0,0,730,1235,493,5,下位,0,0,0
237,237,0,198,548,0,0,0,121,276,589,2,下位,0,0,0
114,114,0,460,1192,0,0,0,237,548,785,2,下位,0,0,0
160,160,0,116,304,0,0,0,114,1192,1808,5,下位,0,0,0
454,454,0,85,210,0,0,0,160,304,1875,2,下位,0,0,0
315,315,0,42,126,1,0,0,0,0,1,0,下位,0,0,0
786,786,0,135,317,0,0,0,315,126,-340,1,下位,0,0,0
130,130,0,275,737,0,0,0,786,317,-1189,3,下位,0,0,0
272,272,0,62,185,0,0,0,130,737,-645,3,下位,0,0,0
346,346,0,53,158,0,0,0,272,185,-864,1,下位,0,0,0
29,29,0,175,478,0,0,0,346,158,-1219,1,下位,0,0,0
966,966,0,115,299,0,0,0,29,478,-784,2,下位,0,0,0
1011,1011,0,57,171,0,0,0,966,299,-1918,2,下位,0,0,0
426,426,0,91,228,0,0,0,1011,171,-3247,1,下位,0,0,0
87,87,0,36,108,0,0,0,426,228,-3651,2,下位,0,0,0
239,239,0,49,147,0,0,0,87,108,-3672,1,下位,0,0,0
313,313,0,61,182,0,0,0,239,147,-3880,1,下位,0,0,0
45,45,0,193,535,0,0,0,313,182,-4162,1,下位,0,0,0
825,825,0,254,672,0,0,0,45,535,-3694,2,下位,0,0,0
543,543,0,223,669,1,0,0,0,0,1,0,下位,0,0,0
821,821,0,157,380,0,0,0,543,669,-136,1,下位,0,0,0
163,163,0,188,477,0,0,0,821,380,-974,3,下位,0,0,0
1015,1015,0,52,155,0,0,0,163,477,-739,3,下位,0,0,0
678,678,0,722,2077,0,0,0,1015,155,-2090,1,下位,0,0,0
179,179,0,39,116,0,0,0,678,2077,-1019,3,下位,0,0,0
446,446,0,38,114,0,0,0,179,116,-1169,1,下位,0,0,0
153,153,0,78,188,0,0,0,446,114,-1717,1,下位,0,0,0
801,801,0,236,662,0,0,0,153,188,-1756,2,下位,0,0,0
490,490,0,191,483,1,0,0,0,0,1,0,下位,0,0,0
149,149,0,72,216,0,0,0,490,483,-243,3,下位,0,0,0
419,419,0,111,289,0,0,0,149,216,-248,1,下位,0,0,0
126,126,0,83,204,0,0,0,419,289,-581,2,下位,0,0,0
875,875,0,52,157,0,0,0,126,204,-564,2,下位,0,0,0
136,136,0,242,595,0,0,0,875,157,-1705,1,下位,0,0,0
649,649,0,607,1729,0,0,0,136,595,-1312,4,下位,0,0,0
483,483,0,40,119,0,0,0,649,1729,-546,3,下位,0,0,0
972,972,0,83,249,0,0,0,483,119,-1144,1,下位,0,0,0
351,351,0,109,282,0,0,0,972,249,-2337,1,下位,0,0,0
152,152,0,173,473,0,0,0,351,282,-2576,2,下位,0,0,0
702,702,0,120,315,0,0,0,152,473,-2329,2,下位,0,0,0
27,27,0,81,199,0,0,0,702,315,-3056,2,下位,0,0,0
430,430,0,51,154,0,0,0,27,199,-2897,2,下位,0,0,0
260,260,0,268,669,1,0,0,0,0,1,0,下位,0,0,0
243,243,0,313,806,0,0,0,260,669,284,4,下位,0,0,0
339,339,0,213,504,0,0,0,243,806,729,4,下位,0,0,0
453,453,0,99,253,0,0,0,339,504,730,4,下位,0,0,0
696,696,0,44,130,0,0,0,453,253,311,2,下位,0,0,0
487,487,0,35,104,0,0,0,696,130,-592,1,下位,0,0,0
440,440,0,103,264,0,0,0,487,104,-1211,1,下位,0,0,0
383,383,0,247,651,0,0,0,440,264,-1600,2,下位,0,0,0
357,357,0,99,252,0,0,0,383,651,-1517,3,下位,0,0,0
486,486,0,148,442,0,0,0,357,252,-1795,2,下位,0,0,0
986,986,0,305,782,0,0,0,486,442,-2074,1,下位,0,0,0
411,411,0,59,177,0,0,0,986,782,-2755,4,下位,0,0,0
195,195,0,37,109,0,0,0,411,177,-3188,1,下位,0,0,0
294,294,0,79,192,1,0,0,0,0,1,0,下位,0,0,0
340,340,0,38,115,0,0,0,294,192,-243,2,下位,0,0,0
438,438,0,46,137,0,0,0,340,115,-632,1,下位,0,0,0
219,219,0,215,557,0,0,0,438,137,-1145,1,下位,0,0,0
672,672,0,103,310,0,0,0,219,557,-913,3,下位,0,0,0
31,31,0,125,331,0,0,0,672,310,-1600,1,下位,0,0,0
561,561,0,122,322,0,0,0,31,331,-1315,2,下位,0,0,0
73,73,0,266,663,0,0,0,561,322,-1825,2,下位,0,0,0
972,972,0,121,319,0,0,0,73,663,-1270,4,下位,0,0,0
870,870,0,44,132,0,0,0,972,319,-2393,2,下位,0,0,0
232,232,0,92,232,0,0,0,870,132,-3552,1,下位,0,0,0
232,232,0,37,112,0,0,0,232,232,-3664,2,下位,0,0,0
564,564,0,329,942,0,0,0,232,112,-3896,1,下位,0,0,0
143,143,0,84,252,0,0,0,564,942,-3791,2,下位,0,0,0
551,551,0,72,215,1,0,0,0,0,1,0,下位,0,0,0
888,888,0,471,1186,0,0,0,551,215,-602,1,下位,0,0,0
147,147,0,51,154,0,0,0,888,1186,-734,6,下位,0,0,0
336,336,0,148,443,0,0,0,147,154,-798,1,下位,0,0,0
159,159,0,270,767,0,0,0,336,443,-854,1,下位,0,0,0
163,163,0,241,678,0,0,0,159,767,-323,2,下位,0,0,0
327,327,0,36,108,0,0,0,163,678,113,2,下位,0,0,0
141,141,0,52,156,0,0,0,327,108,-264,1,下位,0,0,0
660,660,0,118,310,0,0,0,141,156,-317,1,下位,0,0,0
94,94,0,180,450,0,0,0,660,310,-986,2,下位,0,0,0
495,495,0,245,645,0,0,0,94,450,-675,3,下位,0,0,0
636,636,0,133,355,0,0,0,495,645,-764,3,下位,0,0,0
114,114,0,58,173,0,0,0,636,355,-1353,2,下位,0,0,0
568,568,0,75,226,0,0,0,114,173,-1349,1,下位,0,0,0
339,339,0,93,278,0,0,0,568,226,-1966,1,下位,0,0,0
154,154,0,76,228,0,0,0,339,278,-2191,1,下位,0,0,0
267,267,0,36,109,0,0,0,154,228,-2191,1,下位,0,0,0
528,528,0,57,171,1,0,0,0,0,1,0,下位,0,0,0
1014,1014,0,312,846,0,0,0,528,171,-611,1,下位,0,0,0
134,134,0,961,2499,0,0,0,1014,846,-1269,3,下位,0,0,0
191,191,0,468,1180,0,0,0,134,2499,787,9,上位,0,0,0
156,156,0,191,483,0,0,0,191,1180,1684,6,下位,0,0,0
709,709,0,175,480,0,0,0,156,483,1936,3,下位,0,0,0
933,933,0,139,418,0,0,0,709,480,1364,2,下位,0,0,0
620,620,0,57,170,0,0,0,933,418,398,1,下位,0,0,0
366,366,0,38,115,0,0,0,620,170,-352,1,下位,0,0,0
268,268,0,488,1237,0,0,0,366,115,-780,1,下位,0,0,0
110,110,0,103,263,0,0,0,268,1237,59,6,下位,0,0,0
46,46,0,40,119,1,0,0,0,0,1,0,下位,0,0,0
352,352,0,50,150,0,0,0,46,119,52,1,下位,0,0,0
577,577,0,88,218,0,0,0,352,150,-320,1,下位,0,0,0
313,313,0,243,638,0,0,0,577,218,-958,2,下位,0,0,0
677,677,0,270,720,0,0,0,313,638,-784,3,下位,0,0,0
188,188,0,662,1852,0,0,0,677,720,-1068,3,下位,0,0,0
367,367,0,121,362,0,0,0,188,1852,505,4,下位,0,0,0
346,346,0,78,189,0,0,0,367,362,322,1,下位,0,0,0
188,188,0,96,245,0,0,0,346,189,-2,2,下位,0,0,0
497,497,0,54,162,0,0,0,188,245,-36,2,下位,0,0,0
703,703,0,386,1068,0,0,0,497,162,-611,1,下位,0,0,0
530,530,0,42,128,0,0,0,703,1068,-586,3,下位,0,0,0
676,676,0,40,120,0,0,0,530,128,-1244,1,下位,0,0,0
501,501,0,56,168,1,0,0,0,0,1,0,下位,0,0,0
715,715,0,264,791,0,0,0,501,168,-574,1,下位,0,0,0
156,156,0,38,114,0,0,0,715,791,-844,1,下位,0,0,0
327,327,0,28,85,0,0,0,156,114,-961,1,下位,0,0,0
228,228,0,131,348,0,0,0,327,85,-1361,1,下位,0,0,0
174,174,0,112,336,0,0,0,228,348,-1351,2,下位,0,0,0
102,102,0,385,1066,0,0,0,174,336,-1273,1,下位,0,0,0
894,894,0,150,405,0,0,0,102,1066,-358,3,下位,0,0,0
114,114,0,283,759,1,0,0,0,0,1,0,下位,0,0,0
585,585,0,39,116,0,0,0,114,759,591,3,下位,0,0,0
247,247,0,147,348,0,0,0,585,116,-161,1,下位,0,0,0
192,192,0,112,291,0,0,0,247,348,-179,3,下位,0,0,0
213,213,0,173,430,0,0,0,192,291,-173,2,下位,0,0,0
864,864,0,112,292,0,0,0,213,430,-59,3,下位,0,0,0
311,311,0,441,1236,1,0,0,0,0,1,0,下位,0,0,0
155,155,0,70,209,0,0,0,311,1236,776,3,下位,0,0,0
124,124,0,39,115,0,0,0,155,209,755,1,下位,0,0,0
241,241,0,51,152,0,0,0,124,115,686,1,下位,0,0,0
652,652,0,230,645,0,0,0,241,152,480,1,下位,0,0,0
102,102,0,495,1303,0,0,0,652,645,158,2,下位,0,0,0
675,675,0,387,1023,0,0,0,102,1303,1310,5,下位,0,0,0
922,922,0,348,954,0,0,0,675,1023,1332,4,下位,0,0,0
131,131,0,42,126,1,0,0,0,0,1,0,下位,0,0,0
228,228,0,314,759,0,0,0,131,126,-67,1,下位,0,0,0
143,143,0,46,139,0,0,0,228,759,354,5,下位,0,0,0
635,635,0,82,245,0,0,0,143,139,281,1,下位,0,0,0
464,464,0,104,312,0,0,0,635,245,-416,1,下位,0,0,0
835,835,0,35,105,0,0,0,464,312,-792,1,下位,0,0,0
344,344,0,102,264,0,0,0,835,105,-1926,1,下位,0,0,0
151,151,0,37,112,0,0,0,344,264,-2172,2,下位,0,0,0
110,110,0,41,124,1,0,0,0,0,1,0,下位,0,0,0
109,109,0,67,201,0,0,0,110,124,-38,1,下位,0,0,0
239,239,0,88,219,0,0,0,109,201,1,1,下位,0,0,0
246,246,0,390,1036,0,0,0,239,219,-135,2,下位,0,0,0
363,363,0,40,121,0,0,0,246,1036,536,4,下位,0,0,0
177,177,0,37,112,0,0,0,363,121,118,1,下位,0,0,0
506,506,0,72,216,0,0,0,177,112,-33,1,下位,0,0,0
266,266,0,267,670,0,0,0,506,216,-568,1,下位,0,0,0
606,606,0,433,1119,0,0,0,266,670,-293,4,下位,0,0,0
695,695,0,91,273,0,0,0,606,1119,-73,5,下位,0,0,0
110,110,0,118,307,0,0,0,695,273,-831,1,下位,0,0,0
189,189,0,49,148,0,0,0,110,307,-687,2,下位,0,0,0
505,505,0,117,306,0,0,0,189,148,-819,1,下位,0,0,0
711,711,0,54,160,0,0,0,505,306,-1262,2,下位,0,0,0
151,151,0,36,107,0,0,0,711,160,-2157,1,下位,0,0,0
354,354,0,286,814,0,0,0,151,107,-2274,1,下位,0,0,0
154,154,0,189,477,0,0,0,354,814,-1985,2,下位,0,0,0
196,196,0,111,291,0,0,0,154,477,-1736,3,下位,0,0,0
171,171,0,39,118,0,0,0,196,291,-1736,2,下位,0,0,0
446,446,0,100,254,1,0,0,0,0,1,0,下位,0,0,0
155,155,0,147,353,0,0,0,446,254,-407,2,下位,0,0,0
263,263,0,42,127,0,0,0,155,353,-284,3,下位,0,0,0
159,159,0,69,207,0,0,0,263,127,-547,1,下位,0,0,0
817,817,0,203,518,0,0,0,159,207,-576,1,下位,0,0,0
467,467,0,328,850,0,0,0,817,518,-1270,3,下位,0,0,0
147,147,0,58,173,0,0,0,467,850,-1113,4,下位,0,0,0
287,287,0,74,223,0,0,0,147,173,-1158,1,下位,0,0,0
440,440,0,56,169,0,0,0,287,223,-1361,1,下位,0,0,0
159,159,0,70,210,0,0,0,440,169,-1845,1,下位,0,0,0
138,138,0,42,127,0,0,0,159,210,-1871,1,下位,0,0,0
535,535,0,156,469,0,0,0,138,127,-1949,1,下位,0,0,0
685,685,0,91,226,0,0,0,535,469,-2274,1,下位,0,0,0
404,404,0,139,328,0,0,0,685,226,-3064,2,下位,0,0,0
588,588,0,561,1593,0,0,0,404,328,-3335,3,下位,0,0,0
210,210,0,240,627,0,0,0,588,1593,-2614,3,下位,0,0,0
500,500,0,125,330,1,0,0,0,0,1,0,下位,0,0,0
90,90,0,177,439,0,0,0,500,330,-411,2,下位,0,0,0
619,619,0,140,331,0,0,0,90,439,-106,3,下位,0,0,0
397,397,0,52,156,0,0,0,619,331,-693,3,下位,0,0,0
332,332,0,66,197,0,0,0,397,156,-1126,1,下位,0,0,0
417,417,0,135,405,0,0,0,332,197,-1422,1,下位,0,0,0
112,112,0,122,321,0,0,0,417,405,-1636,1,下位,0,0,0
57,57,0,107,277,0,0,0,112,321,-1481,2,下位,0,0,0
123,123,0,166,455,0,0,0,57,277,-1289,2,下位,0,0,0
166,166,0,248,611,0,0,0,123,455,-1016,2,下位,0,0,0
120,120,0,305,781,0,0,0,166,611,-651,4,下位,0,0,0
145,145,0,437,1133,0,0,0,120,781,-48,4,下位,0,0,0
348,348,0,85,254,0,0,0,145,1133,870,5,下位,0,0,0
525,525,0,86,214,0,0,0,348,254,608,1,下位,0,0,0
340,340,0,96,245,0,0,0,525,214,43,2,下位,0,0,0
241,241,0,90,226,0,0,0,340,245,-216,2,下位,0,0,0
447,447,0,59,176,0,0,0,241,226,-348,2,下位,0,0,0
399,399,0,588,1539,0,0,0,447,176,-835,1,下位,0,0,0
447,447,0,56,170,1,0,0,0,0,1,0,下位,0,0,0
200,200,0,152,411,0,0,0,447,170,-492,1,下位,0,0,0
53,53,0,788,2083,0,0,0,200,411,-378,2,下位,0,0,0
131,131,0,109,284,0,0,0,53,2083,1263,7,上位,0,0,0
44,44,0,53,159,0,0,0,131,284,1353,2,下位,0,0,0
805,805,0,308,833,0,0,0,44,159,1447,1,下位,0,0,0
33,33,0,151,453,0,0,0,805,833,1086,3,下位,0,0,0
202,202,0,273,728,0,0,0,33,453,1490,1,下位,0,0,0
183,183,0,145,345,0,0,0,202,728,1918,3,下位,0,0,0
344,344,0,184,465,0,0,0,183,345,1991,3,下位,0,0,0
136,136,0,191,530,0,0,0,344,465,1946,3,下位,0,0,0
937,937,0,56,168,0,0,0,136,530,2274,2,下位,0,0,0
112,112,0,93,279,0,0,0,937,168,1052,1,下位,0,0,0
566,566,0,263,699,0,0,0,112,279,1165,1,下位,0,0,0
550,550,0,88,265,0,0,0,566,699,1024,3,下位,0,0,0
164,164,0,35,105,0,0,0,550,265,473,1,下位,0,0,0
93,93,0,64,193,0,0,0,164,105,335,1,下位,0,0,0
101,101,0,43,130,1,0,0,0,0,1,0,下位,0,0,0
121,121,0,380,919,0,0,0,101,130,-19,1,下位,0,0,0
132,132,0,200,469,0,0,0,121,919,720,6,下位,0,0,0
308,308,0,40,120,0,0,0,132,469,993,4,下位,0,0,0
473,473,0,46,138,0,0,0,308,120,656,1,下位,0,0,0
243,243,0,562,1509,0,0,0,473,138,92,1,下位,0,0,0
86,86,0,56,168,0,0,0,243,1509,1240,5,下位,0,0,0
764,764,0,73,220,0,0,0,86,168,1280,1,下位,0,0,0
520,520,0,98,251,0,0,0,764,220,366,1,下位,0,0,0
276,276,0,171,423,0,0,0,520,251,-155,2,下位,0,0,0
930,930,0,60,179,0,0,0,276,423,-141,3,下位,0,0,0
177,177,0,48,143,0,0,0,930,179,-1342,1,下位,0,0,0
115,115,0,286,813,0,0,0,177,143,-1462,1,下位,0,0,0
374,374,0,109,282,0,0,0,115,813,-820,2,下位,0,0,0
455,455,0,271,678,1,0,0,0,0,1,0,下位,0,0,0
126,126,0,50,151,0,0,0,455,678,4,4,下位,0,0,0
114,114,0,632,1674,0,0,0,126,151,-32,1,下位,0,0,0
180,180,0,143,385,0,0,0,114,1674,1473,6,下位,0,0,0
461,461,0,53,160,0,0,0,180,385,1591,2,下位,0,0,0
149,149,0,41,122,0,0,0,461,160,1067,1,下位,0,0,0
458,458,0,202,559,0,0,0,149,122,968,1,下位,0,0,0
271,271,0,108,280,0,0,0,458,559,847,2,下位,0,0,0
28,28,0,101,258,0,0,0,271,280,725,2,下位,0,0,0
563,563,0,76,228,0,0,0,28,258,941,2,下位,0,0,0
577,577,0,135,359,0,0,0,563,228,334,1,下位,0,0,0
157,157,0,209,581,0,0,0,577,359,-163,2,下位,0,0,0
387,387,0,38,115,0,0,0,157,581,185,2,下位,0,0,0
320,320,0,44,133,0,0,0,387,115,-274,1,下位,0,0,0
256,256,0,48,145,0,0,0,320,133,-616,1,下位,0,0,0
234,234,0,108,279,0,0,0,256,145,-851,1,下位,0,0,0
134,134,0,96,244,0,0,0,234,279,-919,2,下位,0,0,0
550,550,0,355,886,1,0,0,0,0,1,0,下位,0,0,0
710,710,0,424,1139,0,0,0,550,886,71,5,下位,0,0,0
354,354,0,33,100,0,0,0,710,1139,157,4,下位,0,0,0
172,172,0,37,112,0,0,0,354,100,-268,1,下位,0,0,0
214,214,0,133,398,0,0,0,172,112,-411,1,下位,0,0,0
195,195,0,161,437,0,0,0,214,398,-331,1,下位,0,0,0
734,734,0,570,1530,0,0,0,195,437,-183,2,下位,0,0,0
476,476,0,240,676,0,0,0,734,1530,258,5,下位,0,0,0
542,542,0,303,682,0,0,0,476,676,228,2,下位,0,0,0
74,74,0,35,106,0,0,0,542,682,106,6,下位,0,0,0
158,158,0,427,1149,0,0,0,74,106,102,1,下位,0,0,0
34,34,0,106,317,0,0,0,158,1149,1017,4,下位,0,0,0
264,264,0,161,483,0,0,0,34,317,1284,1,下位,0,0,0
188,188,0,42,126,1,0,0,0,0,1,0,下位,0,0,0
245,245,0,187,470,0,0,0,188,126,-152,1,下位,0,0,0
804,804,0,40,120,0,0,0,245,470,-46,3,下位,0,0,0
378,378,0,130,344,0,0,0,804,120,-1119,1,下位,0,0,0
569,569,0,96,288,0,0,0,378,344,-1336,2,下位,0,0,0
126,126,0,379,961,0,0,0,569,288,-1892,1,下位,0,0,0
133,133,0,51,154,0,0,0,126,961,-1118,5,下位,0,0,0
306,306,0,777,2241,0,0,0,133,154,-1161,1,下位,0,0,0
1009,1009,0,170,421,0,0,0,306,2241,626,3,下位,0,0,0
432,432,0,176,482,0,0,0,1009,421,-450,3,下位,0,0,0
119,119,0,134,357,0,0,0,432,482,-609,2,下位,0,0,0
1008,1008,0,125,329,0,0,0,119,357,-429,2,下位,0,0,0
465,465,0,54,163,1,0,0,0,0,1,0,下位,0,0,0
350,350,0,248,655,0,0,0,465,163,-526,1,下位,0,0,0
150,150,0,46,139,0,0,0,350,655,-390,3,下位,0,0,0
270,270,0,572,1489,0,0,0,150,139,-474,1,下位,0,0,0
172,172,0,193,489,0,0,0,270,1489,614,6,下位,0,0,0
142,142,0,192,487,0,0,0,172,489,848,3,下位,0,0,0
157,157,0,216,510,0,0,0,142,487,1124,3,下位,0,0,0
378,378,0,161,436,0,0,0,157,510,1401,4,下位,0,0,0
305,305,0,197,501,0,0,0,378,436,1276,2,下位,0,0,0
713,713,0,726,2044,0,0,0,305,501,1324,3,下位,0,0,0
519,519,0,204,521,1,0,0,0,0,1,0,下位,0,0,0
507,507,0,1333,3720,0,0,0,519,521,-248,3,下位,0,0,0
97,97,0,247,609,0,0,0,507,3720,595,7,上位,0,0,0
965,965,0,163,446,0,0,0,97,609,1060,4,下位,0,0,0
1011,1011,0,136,362,0,0,0,965,446,74,2,下位,0,0,0
333,333,0,50,150,0,0,0,1011,362,-1064,2,下位,0,0,0
634,634,0,348,909,0,0,0,333,150,-1408,1,下位,0,0,0
723,723,0,82,247,0,0,0,634,909,-1440,4,下位,0,0,0
130,130,0,563,1601,1,0,0,0,0,1,0,下位,0,0,0
469,469,0,2029,5648,0,0,0,130,1601,1409,3,下位,0,0,0
59,59,0,88,220,0,0,0,469,5648,607,10,上位,0,0,0
486,486,0,394,961,0,0,0,59,220,739,2,下位,0,0,0
110,110,0,101,260,0,0,0,486,961,979,6,下位,0,0,0
382,382,0,357,1029,0,0,0,110,260,1076,2,下位,0,0,0
648,648,0,62,185,0,0,0,382,1029,1538,2,下位,0,0,0
444,444,0,396,1098,0,0,0,648,185,762,1,下位,0,0,0
168,168,0,104,268,0,0,0,444,1098,1201,3,下位,0,0,0
101,101,0,243,639,0,0,0,168,268,1220,2,下位,0,0,0
288,288,0,67,203,1,0,0,0,0,1,0,下位,0,0,0
760,760,0,296,707,0,0,0,288,203,-223,1,下位,0,0,0
649,649,0,38,114,0,0,0,760,707,-644,5,下位,0,0,0
777,777,0,100,254,0,0,0,649,114,-1493,1,下位,0,0,0
511,511,0,46,139,0,0,0,777,254,-2392,2,下位,0,0,0
927,927,0,126,334,0,0,0,511,139,-3011,1,下位,0,0,0
177,177,0,55,163,0,0,0,927,334,-4052,2,下位,0,0,0
390,390,0,354,835,0,0,0,177,163,-4152,1,下位,0,0,0
98,98,0,173,429,0,0,0,390,835,-3896,6,下位,0,0,0
834,834,0,320,826,0,0,0,98,429,-3612,3,下位,0,0,0
415,415,0,237,621,0,0,0,834,826,-4023,4,下位,0,0,0
439,439,0,139,371,1,0,0,0,0,1,0,下位,0,0,0
139,139,0,334,869,0,0,0,439,371,-279,2,下位,0,0,0
619,619,0,52,156,0,0,0,139,869,384,4,下位,0,0,0
662,662,0,226,587,0,0,0,619,156,-378,1,下位,0,0,0
487,487,0,35,106,0,0,0,662,587,-773,3,下位,0,0,0
420,420,0,168,459,0,0,0,487,106,-1390,1,下位,0,0,0
933,933,0,105,314,0,0,0,420,459,-1554,2,下位,0,0,0
210,210,0,42,125,0,0,0,933,314,-2624,1,下位,0,0,0
290,290,0,34,103,0,0,0,210,125,-2811,1,下位,0,0,0
360,360,0,51,153,0,0,0,290,103,-3138,1,下位,0,0,0
473,473,0,111,289,1,0,0,0,0,1,0,下位,0,0,0
195,195,0,276,692,0,0,0,473,289,-412,2,下位,0,0,0
292,292,0,348,914,0,0,0,195,692,-9,4,下位,0,0,0
105,105,0,42,125,0,0,0,292,914,472,4,下位,0,0,0
146,146,0,37,111,0,0,0,105,125,441,1,下位,0,0,0
404,404,0,1062,2795,0,0,0,146,111,335,1,下位,0,0,0
140,140,0,192,439,0,0,0,404,2795,679,9,上位,0,0,0
626,626,0,94,282,0,0,0,140,439,910,4,下位,0,0,0
141,141,0,86,212,0,0,0,626,282,263,1,下位,0,0,0
648,648,0,114,343,0,0,0,141,212,266,2,下位,0,0,0
30,30,0,100,255,0,0,0,648,343,-352,1,下位,0,0,0
240,240,0,182,458,0,0,0,30,255,-142,2,下位,0,0,0
1008,1008,0,100,299,0,0,0,240,458,-40,3,下位,0,0,0
189,189,0,52,155,1,0,0,0,0,1,0,下位,0,0,0
344,344,0,44,132,0,0,0,189,155,-124,1,下位,0,0,0
221,221,0,227,587,0,0,0,344,132,-502,1,下位,0,0,0
601,601,0,203,472,0,0,0,221,587,-243,3,下位,0,0,0
1008,1008,0,80,195,0,0,0,601,472,-663,4,下位,0,0,0
401,401,0,38,114,0,0,0,1008,195,-1964,2,下位,0,0,0
519,519,0,264,703,0,0,0,401,114,-2445,1,下位,0,0,0
338,338,0,449,1215,1,0,0,0,0,1,0,下位,0,0,0
143,143,0,208,532,0,0,0,338,1215,715,4,下位,0,0,0
194,194,0,257,726,0,0,0,143,532,1035,3,下位,0,0,0
435,435,0,60,179,0,0,0,194,726,1473,2,下位,0,0,0
164,164,0,170,419,0,0,0,435,179,1007,1,下位,0,0,0
288,288,0,88,265,0,0,0,164,419,1183,3,下位,0,0,0
240,240,0,68,203,0,0,0,288,265,1021,1,下位,0,0,0
990,990,0,52,158,0,0,0,240,203,868,1,下位,0,0,0
78,78,0,63,190,0,0,0,990,158,-443,1,下位,0,0,0
129,129,0,50,151,0,0,0,78,190,-369,1,下位,0,0,0
402,402,0,197,547,0,0,0,129,151,-409,1,下位,0,0,0
792,792,0,340,840,0,0,0,402,547,-458,2,下位,0,0,0
488,488,0,53,159,0,0,0,792,840,-793,5,下位,0,0,0
356,356,0,82,200,0,0,0,488,159,-1358,1,下位,0,0,0
140,140,0,65,194,1,0,0,0,0,1,0,下位,0,0,0
106,106,0,39,116,0,0,0,140,194,-13,1,下位,0,0,0
356,356,0,400,1064,0,0,0,106,116,-54,1,下位,0,0,0
127,127,0,92,231,0,0,0,356,1064,482,4,下位,0,0,0
514,514,0,318,775,0,0,0,127,231,525,2,下位,0,0,0
756,756,0,33,100,0,0,0,514,775,537,5,下位,0,0,0
25,25,0,38,114,0,0,0,756,100,-485,1,下位,0,0,0
224,224,0,425,1141,0,0,0,25,114,-408,1,下位,0,0,0
227,227,0,52,157,0,0,0,224,1141,401,4,下位,0,0,0
922,922,0,38,115,0,0,0,227,157,221,1,下位,0,0,0
659,659,0,46,139,0,0,0,922,115,-1032,1,下位,0,0,0
683,683,0,53,158,0,0,0,659,139,-1871,1,下位,0,0,0
378,378,0,61,182,0,0,0,683,158,-2726,1,下位,0,0,0
420,420,0,38,114,0,0,0,378,182,-3105,1,下位,0,0,0
484,484,0,1192,3341,1,0,0,0,0,1,0,下位,0,0,0
135,135,0,154,418,0,0,0,484,3341,283,6,下位,0,0,0
193,193,0,35,105,0,0,0,135,418,501,2,下位,0,0,0
171,171,0,109,326,0,0,0,193,105,320,1,下位,0,0,0
402,402,0,295,794,0,0,0,171,326,392,1,下位,0,0,0
35,35,0,628,1661,0,0,0,402,794,590,3,下位,0,0,0
123,123,0,138,415,0,0,0,35,1661,2199,6,下位,0,0,0
468,468,0,174,478,0,0,0,123,415,2432,1,下位,0,0,0
804,804,0,124,329,0,0,0,468,478,2216,2,下位,0,0,0
187,187,0,87,260,0,0,0,804,329,1352,2,下位,0,0,0
23,23,0,34,101,0,0,0,187,260,1335,1,下位,0,0,0
597,597,0,35,105,0,0,0,23,101,1402,1,下位,0,0,0
141,141,0,146,393,0,0,0,597,105,621,1,下位,0,0,0
159,159,0,92,232,0,0,0,141,393,805,2,下位,0,0,0
441,441,0,151,407,0,0,0,159,232,801,2,下位,0,0,0
532,532,0,33,100,1,0,0,0,0,1,0,下位,0,0,0
25,25,0,43,130,0,0,0,532,100,-688,1,下位,0,0,0
114,114,0,86,211,0,0,0,25,130,-595,1,下位,0,0,0
557,557,0,147,395,0,0,0,114,211,-553,2,下位,0,0,0
388,388,0,42,127,0,0,0,557,395,-984,2,下位,0,0,0
995,995,0,408,1090,0,0,0,388,127,-1433,1,下位,0,0,0
192,192,0,101,258,0,0,0,995,1090,-1819,4,下位,0,0,0
995,995,0,132,352,0,0,0,192,258,-1846,2,下位,0,0,0
264,264,0,708,1898,0,0,0,995,352,-2970,2,下位,0,0,0
75,75,0,166,408,0,0,0,264,1898,-1464,6,下位,0,0,0
261,261,0,101,258,0,0,0,75,408,-1167,3,下位,0,0,0
628,628,0,444,1332,0,0,0,261,258,-1296,2,下位,0,0,0
164,164,0,358,938,0,0,0,628,1332,-896,1,下位,0,0,0
112,112,0,37,111,0,0,0,164,938,-201,4,下位,0,0,0
577,577,0,466,1351,1,0,0,0,0,1,0,下位,0,0,0
212,212,0,256,679,0,0,0,577,1351,496,2,下位,0,0,0
392,392,0,297,844,0,0,0,212,679,860,3,下位,0,0,0
900,900,0,251,663,0,0,0,392,844,1122,2,下位,0,0,0
128,128,0,78,189,0,0,0,900,663,450,3,下位,0,0,0
76,76,0,471,1324,0,0,0,128,189,449,2,下位,0,0,0
726,726,0,704,1831,0,0,0,76,1324,1660,3,下位,0,0,0
158,158,0,109,284,0,0,0,726,1831,737,7,上位,0,0,0
173,173,0,39,118,0,0,0,158,284,787,2,下位,0,0,0
159,159,0,43,128,0,0,0,173,118,648,1,下位,0,0,0
165,165,0,36,109,0,0,0,159,128,540,1,下位,0,0,0
480,480,0,40,118,0,0,0,165,109,404,1,下位,0,0,0
110,110,0,34,102,1,0,0,0,0,1,0,下位,0,0,0
439,439,0,40,120,0,0,0,110,102,-60,1,下位,0,0,0
538,538,0,1549,4313,0,0,0,439,120,-591,1,下位,0,0,0
111,111,0,294,838,0,0,0,538,4313,1087,8,上位,0,0,0
129,129,0,1097,3186,0,0,0,111,838,1760,2,下位,0,0,0
85,85,0,56,168,0,0,0,129,3186,1293,3,下位,0,0,0
326,326,0,158,475,0,0,0,85,168,1335,1,下位,0,0,0
314,314,0,258,729,0,0,0,326,475,1326,1,下位,0,0,0
384,384,0,71,214,0,0,0,314,729,1589,2,下位,0,0,0
619,619,0,89,221,0,0,0,384,214,1233,1,下位,0,0,0
592,592,0,98,250,0,0,0,619,221,536,2,下位,0,0,0
688,688,0,38,115,0,0,0,592,250,-92,2,下位,0,0,0
588,588,0,195,496,0,0,0,688,115,-998,1,下位,0,0,0
496,496,0,77,230,1,0,0,0,0,1,0,下位,0,0,0
387,387,0,146,438,0,0,0,496,230,-505,1,下位,0,0,0
138,138,0,40,121,0,0,0,387,438,-641,1,下位,0,0,0
505,505,0,500,1321,0,0,0,138,121,-725,1,下位,0,0,0
135,135,0,262,650,0,0,0,505,1321,-153,5,下位,0,0,0
180,180,0,373,1029,0,0,0,135,650,297,4,下位,0,0,0
78,78,0,37,112,0,0,0,180,1029,1059,3,下位,0,0,0
204,204,0,261,606,0,0,0,78,112,1055,1,下位,0,0,0
331,331,0,202,514,0,0,0,204,606,1358,5,下位,0,0,0
419,419,0,45,136,0,0,0,331,514,1381,3,下位,0,0,0
357,357,0,1087,2869,0,0,0,419,136,895,1,下位,0,0,0
28,28,0,34,103,0,0,0,357,2869,582,9,上位,0,0,0
557,557,0,402,1028,0,0,0,28,103,643,1,下位,0,0,0
977,977,0,217,560,0,0,0,557,1028,845,5,下位,0,0,0
240,240,0,97,248,0,0,0,977,560,-45,3,下位,0,0,0
152,152,0,121,318,0,0,0,240,248,-153,2,下位,0,0,0
85,85,0,38,114,0,0,0,152,318,-61,2,下位,0,0,0
336,336,0,208,534,0,0,0,85,114,-73,1,下位,0,0,0
420,420,0,159,430,1,0,0,0,0,1,0,下位,0,0,0
92,92,0,231,514,0,0,0,420,430,-192,2,下位,0,0,0
1010,1010,0,35,105,0,0,0,92,514,186,5,下位,0,0,0
218,218,0,411,1144,0,0,0,1010,105,-1208,1,下位,0,0,0
980,980,0,563,1600,0,0,0,218,1144,-387,3,下位,0,0,0
125,125,0,244,596,0,0,0,980,1600,-241,3,下位,0,0,0
198,198,0,44,132,0,0,0,125,596,170,4,下位,0,0,0
820,820,0,330,809,0,0,0,198,132,8,1,下位,0,0,0
444,444,0,252,667,0,0,0,820,809,-400,5,下位,0,0,0
231,231,0,105,271,0,0,0,444,667,-392,3,下位,0,0,0
398,398,0,179,490,0,0,0,231,271,-464,2,下位,0,0,0
298,298,0,51,154,1,0,0,0,0,1,0,下位,0,0,0
465,465,0,35,106,0,0,0,298,154,-287,1,下位,0,0,0
357,357,0,51,154,0,0,0,465,106,-871,1,下位,0,0,0
495,495,0,37,111,0,0,0,357,154,-1247,1,下位,0,0,0
283,283,0,47,141,0,0,0,495,111,-1870,1,下位,0,0,0
177,177,0,226,543,0,0,0,283,141,-2149,1,下位,0,0,0
225,225,0,37,111,0,0,0,177,543,-1869,4,下位,0,0,0
39,39,0,35,105,0,0,0,225,111,-2092,1,下位,0,0,0
527,527,0,226,542,0,0,0,39,105,-2045,1,下位,0,0,0
137,137,0,238,574,0,0,0,527,542,-2285,4,下位,0,0,0
219,219,0,358,892,0,0,0,137,574,-1914,4,下位,0,0,0
158,158,0,175,393,0,0,0,219,892,-1347,5,下位,0,0,0
379,379,0,201,559,0,0,0,158,393,-1188,4,下位,0,0,0
557,557,0,44,132,0,0,0,379,559,-1191,2,下位,0,0,0
47,47,0,36,107,0,0,0,557,132,-1885,1,下位,0,0,0
555,555,0,265,661,0,0,0,47,107,-1848,1,下位,0,0,0
151,151,0,196,447,0,0,0,555,661,-2010,4,下位,0,0,0
404,404,0,34,103,1,0,0,0,0,1,0,下位,0,0,0
684,684,0,99,252,0,0,0,404,103,-495,1,下位,0,0,0
400,400,0,34,102,0,0,0,684,252,-1258,2,下位,0,0,0
32,32,0,33,100,0,0,0,400,102,-1749,1,下位,0,0,0
496,496,0,91,272,0,0,0,32,100,-1696,1,下位,0,0,0
991,991,0,49,148,0,0,0,496,272,-2160,1,下位,0,0,0
129,129,0,106,273,0,0,0,991,148,-3482,1,下位,0,0,0
831,831,0,224,537,0,0,0,129,273,-3400,2,下位,0,0,0
129,129,0,163,444,0,0,0,831,537,-4096,4,下位,0,0,0
647,647,0,153,414,0,0,0,129,444,-3843,2,下位,0,0,0
156,156,0,35,105,0,0,0,647,414,-4389,2,下位,0,0,0
311,311,0,406,1083,0,0,0,156,105,-4515,1,下位,0,0,0
484,484,0,473,1329,0,0,0,311,1083,-3893,4,下位,0,0,0
205,205,0,359,899,1,0,0,0,0,1,0,下位,0,0,0
66,66,0,288,728,0,0,0,205,899,596,5,下位,0,0,0
852,852,0,251,708,0,0,0,66,728,1226,4,下位,0,0,0
184,184,0,755,1985,0,0,0,852,708,670,2,下位,0,0,0
99,99,0,38,114,0,0,0,184,1985,1231,7,上位,0,0,0
307,307,0,61,182,0,0,0,99,114,1198,1,下位,0,0,0
311,311,0,257,727,0,0,0,307,182,925,1,下位,0,0,0
235,235,0,34,103,0,0,0,311,727,1191,2,下位,0,0,0
833,833,0,61,182,0,0,0,235,103,945,1,下位,0,0,0
517,517,0,274,686,0,0,0,833,182,-109,1,下位,0,0,0
436,436,0,132,351,0,0,0,517,686,-190,4,下位,0,0,0
299,299,0,47,142,0,0,0,436,351,-486,2,下位,0,0,0
254,254,0,123,323,0,0,0,299,142,-788,1,下位,0,0,0
258,258,0,443,1284,0,0,0,254,323,-842,2,下位,0,0,0
83,83,0,96,287,0,0,0,258,1284,59,2,下位,0,0,0
68,68,0,184,463,1,0,0,0,0,1,0,下位,0,0,0
184,184,0,373,938,0,0,0,68,463,363,3,下位,0,0,0
627,627,0,177,441,0,0,0,184,938,1028,5,下位,0,0,0
808,808,0,166,497,0,0,0,627,441,539,3,下位,0,0,0
365,365,0,92,231,0,0,0,808,497,-163,1,下位,0,0,0
236,236,0,128,340,0,0,0,365,231,-474,2,下位,0,0,0
713,713,0,102,262,0,0,0,236,340,-484,2,下位,0,0,0
752,752,0,261,647,0,0,0,713,262,-1280,2,下位,0,0,0
169,169,0,87,216,0,0,0,752,647,-1749,4,下位,0,0,0
56,56,0,176,481,0,0,0,169,216,-1784,2,下位,0,0,0
118,118,0,31,93,0,0,0,56,481,-1386,2,下位,0,0,0
277,277,0,129,343,0,0,0,118,93,-1468,1,下位,0,0,0
242,242,0,186,557,0,0,0,277,343,-1536,2,下位,0,0,0
1012,1012,0,179,491,0,0,0,242,557,-1338,1,下位,0,0,0
130,130,0,103,264,1,0,0,0,0,1,0,下位,0,0,0
706,706,0,35,105,0,0,0,130,264,72,2,下位,0,0,0
154,154,0,179,490,0,0,0,706,105,-870,1,下位,0,0,0
210,210,0,203,562,0,0,0,154,490,-608,2,下位,0,0,0
502,502,0,93,234,0,0,0,210,562,-358,2,下位,0,0,0
347,347,0,34,101,0,0,0,502,234,-869,2,下位,0,0,0
529,529,0,123,325,0,0,0,347,101,-1283,1,下位,0,0,0
29,29,0,258,594,0,0,0,529,325,-1743,2,下位,0,0,0
174,174,0,98,250,0,0,0,29,594,-1192,5,下位,0,0,0
203,203,0,88,219,0,0,0,174,250,-1200,2,下位,0,0,0
57,57,0,882,2467,0,0,0,203,219,-1282,2,下位,0,0,0
163,163,0,42,127,0,0,0,57,2467,1100,5,下位,0,0,0
551,551,0,109,281,0,0,0,163,127,985,1,下位,0,0,0
114,114,0,33,100,0,0,0,551,281,448,2,下位,0,0,0
189,189,0,40,120,0,0,0,114,100,379,1,下位,0,0,0
256,256,0,40,121,0,0,0,189,120,219,1,下位,0,0,0
445,445,0,80,195,0,0,0,256,121,-40,1,下位,0,0,0
399,399,0,49,148,0,0,0,445,195,-505,2,下位,0,0,0
156,156,0,81,197,0,0,0,399,148,-949,1,下位,0,0,0
281,281,0,46,139,0,0,0,156,197,-983,2,下位,0,0,0
384,384,0,228,593,1,0,0,0,0,1,0,下位,0,0,0
569,569,0,321,785,0,0,0,384,593,24,3,下位,0,0,0
764,764,0,380,1007,0,0,0,569,785,-35,5,下位,0,0,0
191,191,0,101,259,0,0,0,764,1007,-162,4,下位,0,0,0
924,924,0,96,289,0,0,0,191,259,-186,2,下位,0,0,0
125,125,0,94,236,0,0,0,924,289,-1268,1,下位,0,0,0
80,80,0,43,128,0,0,0,125,236,-1217,2,下位,0,0,0
130,130,0,187,471,0,0,0,80,128,-1208,1,下位,0,0,0
522,522,0,67,202,0,0,0,130,471,-930,3,下位,0,0,0
1017,1017,0,45,136,0,0,0,522,202,-1502,1,下位,0,0,0
830,830,0,62,185,0,0,0,1017,136,-2875,1,下位,0,0,0
488,488,0,160,391,0,0,0,830,185,-3921,1,下位,0,0,0
91,91,0,163,445,1,0,0,0,0,1,0,下位,0,0,0
620,620,0,1224,3394,0,0,0,91,445,311,2,下位,0,0,0
166,166,0,447,1202,0,0,0,620,3394,931,7,上位,0,0,0
69,69,0,327,890,0,0,0,166,1202,1887,4,下位,0,0,0
331,331,0,99,296,0,0,0,69,890,2675,3,下位,0,0,0
548,548,0,262,691,0,0,0,331,296,2480,1,下位,0,0,0
72,72,0,47,141,0,0,0,548,691,2358,3,下位,0,0,0
814,814,0,86,213,0,0,0,72,141,142,1,下位,0,0,0
773,773,0,105,270,0,0,0,814,213,-853,2,下位,0,0,0
226,226,0,87,217,0,0,0,773,270,-1730,2,下位,0,0,0
164,164,0,114,297,0,0,0,226,217,-1848,2,下位,0,0,0
141,141,0,191,483,0,0,0,164,297,-1794,2,下位,0,0,0
190,190,0,124,325,0,0,0,141,483,-1520,3,下位,0,0,0
167,167,0,88,218,0,0,0,190,325,-1477,2,下位,0,0,0
495,495,0,42,126,1,0,0,0,0,1,0,下位,0,0,0
557,557,0,89,223,0,0,0,495,126,-607,1,下位,0,0,0
616,616,0,215,647,0,0,0,557,223,-1210,2,下位,0,0,0
367,367,0,133,355,0,0,0,616,647,-1477,1,下位,0,0,0
271,271,0,40,121,0,0,0,367,355,-1667,2,下位,0,0,0
178,178,0,83,205,0,0,0,271,121,-1948,1,下位,0,0,0
417,417,0,33,100,0,0,0,178,205,-2007,2,下位,0,0,0
1009,1009,0,188,519,0,0,0,417,100,-2526,1,下位,0,0,0
175,175,0,37,111,0,0,0,1009,519,-3504,2,下位,0,0,0
333,333,0,84,253,0,0,0,175,111,-3653,1,下位,0,0,0
774,774,0,54,163,0,0,0,333,253,-3894,1,下位,0,0,0
217,217,0,46,140,1,0,0,0,0,1,0,下位,0,0,0
141,141,0,43,129,0,0,0,217,140,-181,1,下位,0,0,0
479,479,0,154,462,0,0,0,141,129,-261,1,下位,0,0,0
33,33,0,161,395,0,0,0,479,462,-510,1,下位,0,0,0
228,228,0,69,206,0,0,0,33,395,-164,3,下位,0,0,0
558,558,0,273,730,0,0,0,228,206,-296,1,下位,0,0,0
346,346,0,44,131,0,0,0,558,730,-394,3,下位,0,0,0
277,277,0,69,206,0,0,0,346,131,-776,1,下位,0,0,0
86,86,0,38,114,0,0,0,277,206,-981,1,下位,0,0,0
42,42,0,38,113,0,0,0,86,114,-995,1,下位,0,0,0
854,854,0,97,245,0,0,0,42,113,-944,1,下位,0,0,0
872,872,0,286,722,0,0,0,854,245,-1966,2,下位,0,0,0
321,321,0,464,1164,0,0,0,872,722,-2538,4,下位,0,0,0
224,224,0,38,116,1,0,0,0,0,1,0,下位,0,0,0
162,162,0,38,114,0,0,0,224,116,-215,1,下位,0,0,0
416,416,0,39,117,0,0,0,162,114,-341,1,下位,0,0,0
266,266,0,187,516,0,0,0,416,117,-841,1,下位,0,0,0
260,260,0,48,144,0,0,0,266,516,-720,2,下位,0,0,0
93,93,0,1083,2868,0,0,0,260,144,-962,1,下位,0,0,0
175,175,0,40,120,0,0,0,93,2868,761,9,上位,0,0,0
135,135,0,40,120,0,0,0,175,120,621,1,下位,0,0,0
187,187,0,85,254,0,0,0,135,120,541,1,下位,0,0,0
183,183,0,577,1551,0,0,0,187,254,518,1,下位,0,0,0
300,300,0,1037,2947,0,0,0,183,1551,1797,5,下位,0,0,0
114,114,0,49,147,0,0,0,300,2947,1970,4,下位,0,0,0
198,198,0,37,110,0,0,0,114,147,1948,1,下位,0,0,0
299,299,0,113,295,0,0,0,198,110,1764,1,下位,0,0,0
62,62,0,40,122,0,0,0,299,295,1615,2,下位,0,0,0
451,451,0,33,101,0,0,0,62,122,1645,1,下位,0,0,0
325,325,0,91,228,1,0,0,0,0,1,0,下位,0,0,0
687,687,0,114,297,0,0,0,325,228,-253,2,下位,0,0,0
441,441,0,34,103,0,0,0,687,297,-975,2,下位,0,0,0
444,444,0,488,1240,0,0,0,441,103,-1526,1,下位,0,0,0
102,102,0,45,135,0,0,0,444,1240,-945,6,下位,0,0,0
146,146,0,359,1030,0,0,0,102,135,-961,1,下位,0,0,0
131,131,0,38,113,0,0,0,146,1030,-148,2,下位,0,0,0
225,225,0,509,1438,0,0,0,131,113,-229,1,下位,0,0,0
529,529,0,1237,3521,0,0,0,225,1438,875,3,下位,0,0,0
151,151,0,103,309,0,0,0,529,3521,1297,5,下位,0,0,0
143,143,0,198,593,0,0,0,151,309,1382,1,下位,0,0,0
167,167,0,42,126,0,0,0,143,593,1763,1,下位,0,0,0
110,110,0,39,118,0,0,0,167,126,1641,1,下位,0,0,0
899,899,0,366,871,0,0,0,110,118,1596,1,下位,0,0,0
463,463,0,39,118,1,0,0,0,0,1,0,下位,0,0,0
592,592,0,174,523,0,0,0,463,118,-568,1,下位,0,0,0
34,34,0,215,553,0,0,0,592,523,-923,1,下位,0,0,0
215,215,0,38,114,0,0,0,34,553,-420,3,下位,0,0,0
1008,1008,0,527,1491,0,0,0,215,114,-625,1,下位,0,0,0
826,826,0,44,131,0,0,0,1008,1491,-630,3,下位,0,0,0
233,233,0,166,409,0,0,0,826,131,-1725,1,下位,0,0,0
368,368,0,108,279,0,0,0,233,409,-1662,3,下位,0,0,0
451,451,0,418,1029,1,0,0,0,0,1,0,下位,0,0,0
196,196,0,121,320,0,0,0,451,1029,361,6,下位,0,0,0
259,259,0,70,211,0,0,0,196,320,390,2,下位,0,0,0
228,228,0,100,254,0,0,0,259,211,217,1,下位,0,0,0
216,216,0,234,570,0,0,0,228,254,133,2,下位,0,0,0
174,174,0,34,101,0,0,0,216,570,383,4,下位,0,0,0
122,122,0,35,104,0,0,0,174,101,226,1,下位,0,0,0
149,149,0,37,111,0,0,0,122,104,149,1,下位,0,0,0
109,109,0,35,105,0,0,0,149,111,39,1,下位,0,0,0
217,217,0,122,277,0,0,0,109,105,-18,1,下位,0,0,0
154,154,0,126,334,1,0,0,0,0,1,0,下位,0,0,0
51,51,0,39,118,0,0,0,154,334,107,2,下位,0,0,0
619,619,0,249,611,0,0,0,51,118,149,1,下位,0,0,0
615,615,0,340,800,0,0,0,619,611,-158,4,下位,0,0,0
115,115,0,166,452,0,0,0,615,800,-270,6,下位,0,0,0
171,171,0,147,398,0,0,0,115,452,11,2,下位,0,0,0
67,67,0,804,2322,0,0,0,171,398,155,2,下位,0,0,0
178,178,0,40,122,0,0,0,67,2322,2378,3,下位,0,0,0
215,215,0,450,1174,0,0,0,178,122,2236,1,下位,0,0,0
237,237,0,356,1021,0,0,0,215,1174,429,5,下位,0,0,0
700,700,0,888,2386,0,0,0,237,1021,1098,2,下位,0,0,0
95,95,0,223,577,0,0,0,700,2386,1421,7,上位,0,0,0
1015,1015,0,36,107,0,0,0,95,577,1857,3,下位,0,0,0
239,239,0,60,179,1,0,0,0,0,1,0,下位,0,0,0
406,406,0,60,179,0,0,0,239,179,-175,1,下位,0,0,0
200,200,0,42,125,0,0,0,406,179,-598,1,下位,0,0,0
251,251,0,36,108,0,0,0,200,125,-770,1,下位,0,0,0
592,592,0,188,520,0,0,0,251,108,-1034,1,下位,0,0,0
608,608,0,75,223,0,0,0,592,520,-1392,2,下位,0,0,0
869,869,0,833,2165,0,0,0,608,223,-2071,1,下位,0,0,0
183,183,0,219,614,0,0,0,869,2165,-1195,8,上位,0,0,0
34,34,0,310,929,0,0,0,183,614,-853,2,下位,0,0,0
347,347,0,71,212,1,0,0,0,0,1,0,下位,0,0,0
443,443,0,100,254,0,0,0,347,212,-302,1,下位,0,0,0
261,261,0,290,733,0,0,0,443,254,-705,2,下位,0,0,0
135,135,0,323,789,0,0,0,261,733,-359,4,下位,0,0,0
348,348,0,252,668,0,0,0,135,789,230,5,下位,0,0,0
394,394,0,277,697,0,0,0,348,668,382,3,下位,0,0,0
173,173,0,160,389,0,0,0,394,697,494,4,下位,0,0,0
362,362,0,164,446,0,0,0,173,389,626,3,下位,0,0,0
105,105,0,559,1541,0,0,0,362,446,535,2,下位,0,0,0
264,264,0,180,452,0,0,0,105,1541,1920,4,下位,0,0,0
383,383,0,130,345,0,0,0,264,452,1980,3,下位,0,0,0
157,157,0,177,485,0,0,0,383,345,1757,2,下位,0,0,0
629,629,0,40,118,0,0,0,157,485,2009,2,下位,0,0,0
154,154,0,45,134,0,0,0,629,118,1194,1,下位,0,0,0
348,348,0,309,883,1,0,0,0,0,1,0,下位,0,0,0
107,107,0,51,154,0,0,0,348,883,368,2,下位,0,0,0
851,851,0,42,126,0,0,0,107,154,363,1,下位,0,0,0
420,420,0,51,154,0,0,0,851,126,-774,1,下位,0,0,0
807,807,0,100,298,0,0,0,420,154,-1243,1,下位,0,0,0
876,876,0,203,563,0,0,0,807,298,-2142,1,下位,0,0,0
481,481,0,42,125,0,0,0,876,563,-2879,2,下位,0,0,0
154,154,0,100,255,0,0,0,481,125,-3468,1,下位,0,0,0
758,758,0,158,386,1,0,0,0,0,1,0,下位,0,0,0
828,828,0,328,805,0,0,0,758,386,-738,3,下位,0,0,0
1008,1008,0,87,216,0,0,0,828,805,-1161,5,下位,0,0,0
413,413,0,146,392,0,0,0,1008,216,-2441,2,下位,0,0,0
794,794,0,258,685,0,0,0,413,392,-2662,2,下位,0,0,0
144,144,0,72,217,0,0,0,794,685,-3155,3,下位,0,0,0
412,412,0,45,136,1,0,0,0,0,1,0,下位,0,0,0
455,455,0,130,344,0,0,0,412,136,-474,1,下位,0,0,0
1000,1000,0,133,353,0,0,0,455,344,-805,2,下位,0,0,0
31,31,0,352,965,0,0,0,1000,353,-1936,2,下位,0,0,0
202,202,0,36,107,0,0,0,31,965,-1017,3,下位,0,0,0
701,701,0,68,205,0,0,0,202,107,-1210,1,下位,0,0,0
418,418,0,178,446,0,0,0,701,205,-2045,1,下位,0,0,0
167,167,0,199,511,0,0,0,418,446,-2219,3,下位,0,0,0
736,736,0,514,1313,0,0,0,167,511,-1956,3,下位,0,0,0
92,92,0,253,669,0,0,0,736,1313,-1735,6,下位,0,0,0
128,128,0,174,388,0,0,0,92,669,-1202,3,下位,0,0,0
156,156,0,162,440,0,0,0,128,388,-1004,4,下位,0,0,0
508,508,0,45,135,1,0,0,0,0,1,0,下位,0,0,0
268,268,0,589,1677,0,0,0,508,135,-618,1,下位,0,0,0
142,142,0,236,571,0,0,0,268,1677,661,3,下位,0,0,0
553,553,0,114,343,0,0,0,142,571,1021,4,下位,0,0,0
143,143,0,198,550,0,0,0,553,343,544,1,下位,0,0,0
272,272,0,535,1318,0,0,0,143,550,882,2,下位,0,0,0
160,160,0,36,109,0,0,0,272,1318,712,7,上位,0,0,0
283,283,0,54,162,0,0,0,160,109,584,1,下位,0,0,0
444,444,0,38,114,0,0,0,283,162,326,1,下位,0,0,0
388,388,0,85,209,0,0,0,444,114,-219,1,下位,0,0,0
557,557,0,135,358,0,0,0,388,209,-586,2,下位,0,0,0
211,211,0,115,301,0,0,0,557,358,-1054,2,下位,0,0,0
798,798,0,175,525,0,0,0,211,301,-1066,2,下位,0,0,0
173,173,0,88,220,1,0,0,0,0,1,0,下位,0,0,0
303,303,0,41,124,0,0,0,173,220,-36,2,下位,0,0,0
156,156,0,37,111,0,0,0,303,124,-362,1,下位,0,0,0
485,485,0,217,516,0,0,0,156,111,-482,1,下位,0,0,0
449,449,0,86,215,0,0,0,485,516,-686,4,下位,0,0,0
884,884,0,146,393,0,0,0,449,215,-1137,2,下位,0,0,0
1010,1010,0,99,251,0,0,0,884,393,-2056,2,下位,0,0,0
454,454,0,132,350,0,0,0,1010,251,-3304,2,下位,0,0,0
142,142,0,47,142,0,0,0,454,350,-3628,2,下位,0,0,0
814,814,0,54,161,0,0,0,142,142,-3697,1,下位,0,0,0
106,106,0,286,770,0,0,0,814,161,-4744,1,下位,0,0,0
463,463,0,41,122,1,0,0,0,0,1,0,下位,0,0,0
104,104,0,51,154,0,0,0,463,122,-564,1,下位,0,0,0
524,524,0,46,138,0,0,0,104,154,-564,1,下位,0,0,0
70,70,0,262,655,0,0,0,524,138,-1203,1,下位,0,0,0
151,151,0,84,207,0,0,0,70,655,-652,4,下位,0,0,0
396,396,0,62,186,0,0,0,151,207,-669,2,下位,0,0,0
204,204,0,109,281,0,0,0,396,186,-1071,1,下位,0,0,0
619,619,0,910,2451,0,0,0,204,281,-1093,2,下位,0,0,0
123,123,0,39,116,0,0,0,619,2451,440,7,上位,0,0,0
88,88,0,631,1713,0,0,0,123,116,374,1,下位,0,0,0
416,416,0,65,194,0,0,0,88,1713,1956,5,下位,0,0,0
100,100,0,39,118,0,0,0,416,194,1533,1,下位,0,0,0
130,130,0,297,845,0,0,0,100,118,1503,1,下位,0,0,0
172,172,0,281,735,0,0,0,130,845,2155,2,下位,0,0,0
91,91,0,172,472,0,0,0,172,735,430,3,下位,0,0,0
358,358,0,506,1341,0,0,0,91,472,767,2,下位,0,0,0
449,449,0,568,1483,0,0,0,358,1341,1577,5,下位,0,0,0
223,223,0,59,177,1,0,0,0,0,1,0,下位,0,0,0
98,98,0,228,595,0,0,0,223,177,-153,1,下位,0,0,0
90,90,0,37,112,0,0,0,98,595,297,3,下位,0,0,0
467,467,0,34,103,0,0,0,90,112,275,1,下位,0,0,0
455,455,0,41,124,0,0,0,467,103,-315,1,下位,0,0,0
467,467,0,223,624,0,0,0,455,124,-866,1,下位,0,0,0
560,560,0,41,123,0,0,0,467,624,-935,2,下位,0,0,0
470,470,0,49,147,0,0,0,560,123,-1643,1,下位,0,0,0
254,254,0,34,103,0,0,0,470,147,-2193,1,下位,0,0,0
330,330,0,103,310,0,0,0,254,103,-2467,1,下位,0,0,0
779,779,0,111,288,0,0,0,330,310,-2647,1,下位,0,0,0
393,393,0,125,331,0,0,0,779,288,-3515,2,下位,0,0,0
77,77,0,45,136,0,0,0,393,331,-3767,2,下位,0,0,0
46,46,0,343,853,1,0,0,0,0,1,0,下位,0,0,0
327,327,0,36,108,0,0,0,46,853,786,5,下位,0,0,0
402,402,0,93,233,0,0,0,327,108,409,1,下位,0,0,0
157,157,0,151,409,0,0,0,402,233,46,2,下位,0,0,0
315,315,0,145,392,0,0,0,157,409,222,2,下位,0,0,0
171,171,0,296,704,0,0,0,315,392,147,2,下位,0,0,0
118,118,0,35,105,0,0,0,171,704,597,5,下位,0,0,0
129,129,0,608,1548,0,0,0,118,105,527,1,下位,0,0,0
119,119,0,41,123,0,0,0,129,1548,703,7,上位,0,0,0
239,239,0,59,177,0,0,0,119,123,649,1,下位,0,0,0
1014,1014,0,157,427,0,0,0,239,177,471,1,下位,0,0,0
293,293,0,323,835,0,0,0,1014,427,-606,2,下位,0,0,0
371,371,0,35,105,0,0,0,293,835,-206,4,下位,0,0,0
1014,1014,0,53,159,0,0,0,371,105,-651,1,下位,0,0,0
242,242,0,39,116,0,0,0,1014,159,-1996,1,下位,0,0,0
236,236,0,83,249,1,0,0,0,0,1,0,下位,0,0,0
948,948,0,113,296,0,0,0,236,249,-100,1,下位,0,0,0
212,212,0,161,437,0,0,0,948,296,-1211,2,下位,0,0,0
188,188,0,239,584,0,0,0,212,437,-1089,2,下位,0,0,0
207,207,0,36,109,0,0,0,188,584,-784,4,下位,0,0,0
443,443,0,36,109,0,0,0,207,109,-982,1,下位,0,0,0
777,777,0,62,186,0,0,0,443,109,-1530,1,下位,0,0,0
404,404,0,230,603,0,0,0,777,186,-2497,1,下位,0,0,0
943,943,0,93,236,0,0,0,404,603,-2493,3,下位,0,0,0
178,178,0,41,124,1,0,0,0,0,1,0,下位,0,0,0
380,380,0,52,156,0,0,0,178,124,-139,1,下位,0,0,0
124,124,0,107,274,0,0,0,380,156,-547,1,下位,0,0,0
66,66,0,118,266,0,0,0,124,274,-457,2,下位,0,0,0
494,494,0,36,109,0,0,0,66,266,-289,3,下位,0,0,0
619,619,0,66,197,0,0,0,494,109,-913,1,下位,0,0,0
143,143,0,228,549,0,0,0,619,197,-1634,1,下位,0,0,0
67,67,0,28,85,0,0,0,143,549,-1297,4,下位,0,0,0
394,394,0,218,564,0,0,0,67,85,-1311,1,下位,0,0,0
532,532,0,188,521,0,0,0,394,564,-1332,3,下位,0,0,0
916,916,0,54,161,0,0,0,532,521,-1600,2,下位,0,0,0
406,406,0,34,103,0,0,0,916,161,-2798,1,下位,0,0,0
475,475,0,41,122,0,0,0,406,103,-3297,1,下位,0,0,0
191,191,0,89,268,1,0,0,0,0,1,0,下位,0,0,0
447,447,0,84,205,0,0,0,191,268,-14,1,下位,0,0,0
564,564,0,323,742,0,0,0,447,205,-472,2,下位,0,0,0
110,110,0,40,119,0,0,0,564,742,-567,6,下位,0,0,0
325,325,0,111,286,0,0,0,110,119,-611,1,下位,0,0,0
331,331,0,141,334,0,0,0,325,286,-807,2,下位,0,0,0
721,721,0,53,159,0,0,0,331,334,-964,3,下位,0,0,0
770,770,0,134,359,0,0,0,721,159,-1875,1,下位,0,0,0
125,125,0,58,173,0,0,0,770,359,-2658,2,下位,0,0,0
570,570,0,75,226,0,0,0,125,173,-2670,1,下位,0,0,0
490,490,0,41,124,0,0,0,570,226,-3290,1,下位,0,0,0
164,164,0,84,207,0,0,0,490,124,-3893,1,下位,0,0,0
126,126,0,100,299,0,0,0,164,207,-3929,2,下位,0,0,0
279,279,0,101,260,1,0,0,0,0,1,0,下位,0,0,0
298,298,0,97,246,0,0,0,279,260,-153,2,下位,0,0,0
256,256,0,126,333,0,0,0,298,246,-349,2,下位,0,0,0
210,210,0,120,315,0,0,0,256,333,-396,2,下位,0,0,0
725,725,0,35,106,0,0,0,210,315,-393,2,下位,0,0,0
215,215,0,355,976,0,0,0,725,106,-1363,1,下位,0,0,0
149,149,0,51,153,0,0,0,215,976,-706,3,下位,0,0,0
705,705,0,84,207,0,0,0,149,153,-774,1,下位,0,0,0
1014,1014,0,45,136,0,0,0,705,207,-1613,2,下位,0,0,0
140,140,0,39,116,1,0,0,0,0,1,0,下位,0,0,0
45,45,0,43,129,0,0,0,140,116,-91,1,下位,0,0,0
336,336,0,39,115,0,0,0,45,129,-29,1,下位,0,0,0
437,437,0,50,151,0,0,0,336,115,-413,1,下位,0,0,0
871,871,0,80,194,0,0,0,437,151,-910,1,下位,0,0,0
367,367,0,40,119,0,0,0,871,194,-2008,2,下位,0,0,0
175,175,0,524,1351,0,0,0,367,119,-2434,1,下位,0,0,0
409,409,0,38,113,1,0,0,0,0,1,0,下位,0,0,0
480,480,0,80,197,0,0,0,409,113,-493,1,下位,0,0,0
681,681,0,54,162,0,0,0,480,197,-1008,2,下位,0,0,0
1007,1007,0,44,132,0,0,0,681,162,-1856,1,下位,0,0,0
76,76,0,193,492,0,0,0,1007,132,-3218,1,下位,0,0,0
985,985,0,43,127,0,0,0,76,492,-2839,3,下位,0,0,0
56,56,0,130,297,0,0,0,985,127,-4173,1,下位,0,0,0
923,923,0,440,1099,0,0,0,56,297,-3959,3,下位,0,0,0
146,146,0,36,109,1,0,0,0,0,1,0,下位,0,0,0
97,97,0,289,778,0,0,0,146,109,-107,1,下位,0,0,0
155,155,0,233,608,0,0,0,97,778,527,3,下位,0,0,0
274,274,0,91,229,0,0,0,155,608,905,3,下位,0,0,0
356,356,0,56,168,0,0,0,274,229,727,2,下位,0,0,0
304,304,0,37,111,0,0,0,356,168,367,1,下位,0,0,0
244,244,0,99,253,0,0,0,304,111,27,1,下位,0,0,0
51,51,0,98,249,0,0,0,244,253,-82,2,下位,0,0,0
712,712,0,143,431,0,0,0,51,249,91,2,下位,0,0,0
348,348,0,159,432,0,0,0,712,431,-534,1,下位,0,0,0
184,184,0,40,120,0,0,0,348,432,-618,2,下位,0,0,0
403,403,0,94,238,0,0,0,184,120,-771,1,下位,0,0,0
300,300,0,297,800,0,0,0,403,238,-1131,2,下位,0,0,0
230,230,0,55,165,0,0,0,300,800,-776,3,下位,0,0,0
350,350,0,52,156,0,0,0,230,165,-952,1,下位,0,0,0
299,299,0,161,437,1,0,0,0,0,1,0,下位,0,0,0
246,246,0,72,218,0,0,0,299,437,-6,2,下位,0,0,0
486,486,0,187,469,0,0,0,246,218,-153,1,下位,0,0,0
143,143,0,35,104,0,0,0,486,469,-405,3,下位,0,0,0
442,442,0,61,182,0,0,0,143,104,-513,1,下位,0,0,0
456,456,0,33,99,0,0,0,442,182,-987,1,下位,0,0,0
231,231,0,44,132,0,0,0,456,99,-1565,1,下位,0,0,0
271,271,0,153,414,0,0,0,231,132,-1776,1,下位,0,0,0
116,116,0,737,1989,1,0,0,0,0,1,0,下位,0,0,0
166,166,0,37,110,0,0,0,116,1989,1818,6,下位,0,0,0
891,891,0,150,403,0,0,0,166,110,1682,1,下位,0,0,0
862,862,0,239,627,0,0,0,891,403,763,2,下位,0,0,0
407,407,0,199,466,0,0,0,862,627,111,3,下位,0,0,0
338,338,0,32,96,0,0,0,407,466,-27,4,下位,0,0,0
106,106,0,135,361,0,0,0,338,96,-432,1,下位,0,0,0
77,77,0,2179,6041,0,0,0,106,361,-228,2,下位,0,0,0
185,185,0,34,103,1,0,0,0,0,1,0,下位,0,0,0
760,760,0,182,501,0,0,0,185,103,-170,1,下位,0,0,0
476,476,0,38,113,0,0,0,760,501,-797,2,下位,0,0,0
127,127,0,34,101,0,0,0,476,113,-1390,1,下位,0,0,0
33,33,0,37,110,0,0,0,127,101,-1477,1,下位,0,0,0
147,147,0,697,1867,0,0,0,33,110,-1416,1,下位,0,0,0
110,110,0,298,849,0,0,0,147,1867,233,6,下位,0,0,0
783,783,0,191,483,0,0,0,110,849,919,2,下位,0,0,0
361,361,0,1377,3849,0,0,0,783,483,240,3,下位,0,0,0
137,137,0,889,2385,0,0,0,361,3849,2382,7,上位,0,0,0
130,130,0,150,405,1,0,0,0,0,1,0,下位,0,0,0
91,91,0,144,387,0,0,0,130,405,213,2,下位,0,0,0
241,241,0,62,187,0,0,0,91,387,465,2,下位,0,0,0
458,458,0,45,135,0,0,0,241,187,294,1,下位,0,0,0
488,488,0,37,111,0,0,0,458,135,-251,1,下位,0,0,0
138,138,0,35,106,0,0,0,488,111,-864,1,下位,0,0,0
262,262,0,109,326,0,0,0,138,106,-963,1,下位,0,0,0
125,125,0,154,416,0,0,0,262,326,-1026,1,下位,0,0,0
155,155,0,331,994,0,0,0,125,416,-795,2,下位,0,0,0
115,115,0,158,384,0,0,0,155,994,-31,1,下位,0,0,0
122,122,0,150,405,0,0,0,115,384,182,3,下位,0,0,0
134,134,0,214,597,0,0,0,122,405,406,2,下位,0,0,0
131,131,0,144,386,0,0,0,134,597,804,2,下位,0,0,0
828,828,0,205,526,0,0,0,131,386,996,2,下位,0,0,0
521,521,0,49,147,0,0,0,828,526,294,3,下位,0,0,0
162,162,0,34,103,0,0,0,521,147,-332,1,下位,0,0,0
266,266,0,99,250,0,0,0,162,103,-469,1,下位,0,0,0
427,427,0,197,545,0,0,0,266,250,-614,2,下位,0,0,0
602,602,0,192,486,0,0,0,427,545,-703,2,下位,0,0,0
393,393,0,33,100,1,0,0,0,0,1,0,下位,0,0,0
242,242,0,274,730,0,0,0,393,100,-482,1,下位,0,0,0
334,334,0,86,212,0,0,0,242,730,-111,3,下位,0,0,0
166,166,0,778,2153,0,0,0,334,212,-395,2,下位,0,0,0
387,387,0,74,221,0,0,0,166,2153,1512,5,下位,0,0,0
777,777,0,47,141,0,0,0,387,221,1159,1,下位,0,0,0
44,44,0,141,334,0,0,0,777,141,147,1,下位,0,0,0
236,236,0,110,283,0,0,0,44,334,416,3,下位,0,0,0
636,636,0,41,124,0,0,0,236,283,349,2,下位,0,0,0
910,910,0,100,256,0,0,0,636,124,-471,1,下位,0,0,0
262,262,0,40,121,0,0,0,910,256,-1565,2,下位,0,0,0
152,152,0,42,127,1,0,0,0,0,1,0,下位,0,0,0
161,161,0,35,106,0,0,0,152,127,-98,1,下位,0,0,0
518,518,0,206,531,0,0,0,161,106,-231,1,下位,0,0,0
453,453,0,1048,3012,0,0,0,518,531,-469,3,下位,0,0,0
56,56,0,72,215,0,0,0,453,3012,1871,4,下位,0,0,0
85,85,0,61,182,0,0,0,56,215,2003,1,下位,0,0,0
524,524,0,130,390,0,0,0,85,182,2059,1,下位,0,0,0
160,160,0,40,120,0,0,0,524,390,1672,1,下位,0,0,0
427,427,0,67,202,0,0,0,160,120,1555,1,下位,0,0,0
888,888,0,262,741,0,0,0,427,202,1123,1,下位,0,0,0
138,138,0,44,132,0,0,0,888,741,546,2,下位,0,0,0
520,520,0,126,334,1,0,0,0,0,1,0,下位,0,0,0
455,455,0,35,106,0,0,0,520,334,-437,2,下位,0,0,0
491,491,0,41,122,0,0,0,455,106,-1006,1,下位,0,0,0
131,131,0,236,573,0,0,0,491,122,-1612,1,下位,0,0,0
579,579,0,96,287,0,0,0,131,573,-1233,4,下位,0,0,0
897,897,0,58,174,0,0,0,579,287,-1805,1,下位,0,0,0
399,399,0,35,104,0,0,0,897,174,-2962,1,下位,0,0,0
141,141,0,38,115,0,0,0,399,104,-3450,1,下位,0,0,0
58,58,0,37,110,0,0,0,141,115,-3544,1,下位,0,0,0
501,501,0,486,1181,1,0,0,0,0,1,0,下位,0,0,0
227,227,0,139,373,0,0,0,501,1181,367,7,上位,0,0,0
150,150,0,154,371,0,0,0,227,373,403,2,下位,0,0,0
184,184,0,420,1081,0,0,0,150,371,551,3,下位,0,0,0
295,295,0,242,638,0,0,0,184,1081,1359,5,下位,0,0,0
107,107,0,39,118,0,0,0,295,638,1559,3,下位,0,0,0
332,332,0,199,463,0,0,0,107,118,1518,1,下位,0,0,0
86,86,0,226,546,0,0,0,332,463,1488,4,下位,0,0,0
252,252,0,65,195,0,0,0,86,546,1906,4,下位,0,0,0
249,249,0,158,383,0,0,0,252,195,1727,1,下位,0,0,0
299,299,0,263,609,0,0,0,249,383,1741,3,下位,0,0,0
179,179,0,86,213,0,0,0,299,609,1906,5,下位,0,0,0
69,69,0,56,167,0,0,0,179,213,1853,2,下位,0,0,0
699,699,0,44,131,0,0,0,69,167,1918,1,下位,0,0,0
520,520,0,63,189,0,0,0,699,131,1012,1,下位,0,0,0
665,665,0,35,105,0,0,0,520,189,429,1,下位,0,0,0
100,100,0,155,420,0,0,0,665,105,-453,1,下位,0,0,0
229,229,0,88,219,0,0,0,100,420,-181,2,下位,0,0,0
522,522,0,128,336,1,0,0,0,0,1,0,下位,0,0,0
155,155,0,282,714,0,0,0,522,336,-437,2,下位,0,0,0
472,472,0,181,452,0,0,0,155,714,47,4,下位,0,0,0
689,689,0,242,592,0,0,0,472,452,-201,3,下位,0,0,0
191,191,0,39,116,0,0,0,689,592,-631,4,下位,0,0,0
74,74,0,43,130,0,0,0,191,116,-798,1,下位,0,0,0
149,149,0,40,122,0,0,0,74,130,-778,1,下位,0,0,0
513,513,0,47,141,0,0,0,149,122,-877,1,下位,0,0,0
147,147,0,145,393,0,0,0,513,141,-1497,1,下位,0,0,0
121,121,0,56,168,0,0,0,147,393,-1322,2,下位,0,0,0
328,328,0,322,877,0,0,0,121,168,-1334,1,下位,0,0,0
677,677,0,96,244,0,0,0,328,877,-944,3,下位,0,0,0
129,129,0,36,107,0,0,0,677,244,-1704,2,下位,0,0,0
112,112,0,40,120,1,0,0,0,0,1,0,下位,0,0,0
790,790,0,88,220,0,0,0,112,120,-45,1,下位,0,0,0
344,344,0,361,946,0,0,0,790,220,-997,2,下位,0,0,0
198,198,0,151,407,0,0,0,344,946,-561,4,下位,0,0,0
624,624,0,165,404,1,0,0,0,0,1,0,下位,0,0,0
151,151,0,36,109,1,0,0,0,0,1,0,下位,0,0,0
1016,1016,0,93,237,0,0,0,151,109,-114,1,下位,0,0,0
319,319,0,588,1485,0,0,0,1016,237,-1384,2,下位,0,0,0
116,116,0,43,130,0,0,0,319,1485,-372,7,上位,0,0,0
565,565,0,217,561,0,0,0,116,130,-414,1,下位,0,0,0
305,305,0,124,325,1,0,0,0,0,1,0,下位,0,0,0
414,414,0,280,705,0,0,0,305,325,-127,2,下位,0,0,0
471,471,0,44,133,0,0,0,414,705,-36,4,下位,0,0,0
442,442,0,244,687,0,0,0,471,133,-602,1,下位,0,0,0
117,117,0,104,266,0,0,0,442,687,-571,2,下位,0,0,0
217,217,0,86,213,0,0,0,117,266,-479,2,下位,0,0,0
456,456,0,241,679,0,0,0,217,213,-588,2,下位,0,0,0
1008,1008,0,131,348,0,0,0,456,679,-586,2,下位,0,0,0
152,152,0,170,464,0,0,0,1008,348,-1734,2,下位,0,0,0
102,102,0,174,477,0,0,0,152,464,-1496,2,下位,0,0,0
277,277,0,47,142,0,0,0,102,477,-1170,2,下位,0,0,0
338,338,0,64,193,0,0,0,277,142,-1439,1,下位,0,0,0
384,384,0,46,139,0,0,0,338,193,-1747,1,下位,0,0,0
140,140,0,114,298,1,0,0,0,0,1,0,下位,0,0,0
464,464,0,444,1245,0,0,0,140,298,91,2,下位,0,0,0
176,176,0,309,749,0,0,0,464,1245,648,3,下位,0,0,0
155,155,0,74,222,0,0,0,176,749,1136,5,下位,0,0,0
170,170,0,155,373,0,0,0,155,222,1128,1,下位,0,0,0
428,428,0,174,475,0,0,0,170,373,1249,3,下位,0,0,0
82,82,0,178,444,0,0,0,428,475,1089,2,下位,0,0,0
258,258,0,269,762,0,0,0,82,444,1411,3,下位,0,0,0
60,60,0,224,626,0,0,0,258,762,1790,2,下位,0,0,0
158,158,0,95,241,0,0,0,60,626,2327,2,下位,0,0,0
311,311,0,45,135,0,0,0,158,241,97,2,下位,0,0,0
508,508,0,93,280,0,0,0,311,135,-229,1,下位,0,0,0
524,524,0,105,271,0,0,0,508,280,-703,1,下位,0,0,0
867,867,0,58,173,0,0,0,524,271,-1209,2,下位,0,0,0
537,537,0,40,119,0,0,0,867,173,-2322,1,下位,0,0,0
26,26,0,82,245,0,0,0,537,119,-3000,1,下位,0,0,0
36,36,0,79,237,1,0,0,0,0,1,0,下位,0,0,0
630,630,0,91,227,0,0,0,36,237,185,1,下位,0,0,0
289,289,0,62,186,0,0,0,630,227,-523,2,下位,0,0,0
1003,1003,0,175,436,0,0,0,289,186,-766,1,下位,0,0,0
132,132,0,37,112,1,0,0,0,0,1,0,下位,0,0,0
483,483,0,880,2412,0,0,0,132,112,-83,1,下位,0,0,0
149,149,0,561,1460,0,0,0,483,2412,1612,6,下位,0,0,0
247,247,0,232,649,0,0,0,149,1460,501,6,下位,0,0,0
208,208,0,51,154,0,0,0,247,649,784,2,下位,0,0,0
636,636,0,76,184,0,0,0,208,154,629,1,下位,0,0,0
610,610,0,122,320,0,0,0,636,184,-131,2,下位,0,0,0
147,147,0,103,264,0,0,0,610,320,-716,2,下位,0,0,0
417,417,0,36,108,0,0,0,147,264,-670,2,下位,0,0,0
182,182,0,147,397,0,0,0,417,108,-1181,1,下位,0,0,0
439,439,0,40,120,0,0,0,182,397,-1054,2,下位,0,0,0
299,299,0,35,106,0,0,0,439,120,-1585,1,下位,0,0,0
40,40,0,38,114,0,0,0,299,106,-1923,1,下位,0,0,0
178,178,0,86,211,0,0,0,40,114,-1868,1,下位,0,0,0
436,436,0,219,565,0,0,0,178,211,-1921,2,下位,0,0,0
38,38,0,41,123,0,0,0,436,565,-2003,3,下位,0,0,0
107,107,0,198,461,0,0,0,38,123,-1936,1,下位,0,0,0
576,576,0,64,191,1,0,0,0,0,1,0,下位,0,0,0
352,352,0,59,178,0,0,0,576,191,-663,1,下位,0,0,0
470,470,0,35,105,0,0,0,352,178,-1007,1,下位,0,0,0
32,32,0,136,361,0,0,0,470,105,-1599,1,下位,0,0,0
644,644,0,260,690,0,0,0,32,361,-1285,2,下位,0,0,0
427,427,0,169,464,0,0,0,644,690,-1550,3,下位,0,0,0
187,187,0,55,166,0,0,0,427,464,-1720,2,下位,0,0,0
587,587,0,296,753,0,0,0,187,166,-1831,1,下位,0,0,0
649,649,0,129,341,0,0,0,587,753,-1949,4,下位,0,0,0
371,371,0,39,118,0,0,0,649,341,-2571,2,下位,0,0,0
72,72,0,176,483,0,0,0,371,118,-3003,1,下位,0,0,0
419,419,0,81,243,1,0,0,0,0,1,0,下位,0,0,0
1011,1011,0,292,784,0,0,0,419,243,-378,1,下位,0,0,0
333,333,0,90,271,0,0,0,1011,784,-1094,3,下位,0,0,0
686,686,0,309,795,0,0,0,333,271,-1317,1,下位,0,0,0
516,516,0,101,259,0,0,0,686,795,-1540,4,下位,0,0,0
900,900,0,42,127,0,0,0,516,259,-2047,2,下位,0,0,0
498,498,0,565,1472,1,0,0,0,0,1,0,下位,0,0,0
120,120,0,166,407,0,0,0,498,1472,734,6,下位,0,0,0
135,135,0,204,521,0,0,0,120,407,963,3,下位,0,0,0
838,838,0,124,327,0,0,0,135,521,1284,3,下位,0,0,0
84,84,0,38,114,0,0,0,838,327,368,2,下位,0,0,0
188,188,0,52,156,0,0,0,84,114,357,1,下位,0,0,0
441,441,0,160,390,0,0,0,188,156,234,1,下位,0,0,0
206,206,0,154,374,0,0,0,441,390,-30,3,下位,0,0,0
820,820,0,43,130,0,0,0,206,374,38,3,下位,0,0,0
301,301,0,59,176,0,0,0,820,130,-1049,1,下位,0,0,0
34,34,0,1348,3710,0,0,0,301,176,-1320,1,下位,0,0,0
97,97,0,37,111,0,0,0,34,3710,2103,8,上位,0,0,0
226,226,0,33,100,0,0,0,97,111,2070,1,下位,0,0,0
112,112,0,38,113,0,0,0,226,100,1835,1,下位,0,0,0
477,477,0,35,104,1,0,0,0,0,1,0,下位,0,0,0
384,384,0,166,497,0,0,0,477,104,-603,1,下位,0,0,0
704,704,0,112,292,0,0,0,384,497,-676,1,下位,0,0,0
172,172,0,35,104,0,0,0,704,292,-1429,2,下位,0,0,0
133,133,0,40,121,0,0,0,172,104,-1580,1,下位,0,0,0
40,40,0,85,254,0,0,0,133,121,-1656,1,下位,0,0,0
409,409,0,35,105,0,0,0,40,254,-1461,1,下位,0,0,0
258,258,0,94,237,0,0,0,409,105,-1963,1,下位,0,0,0
259,259,0,75,181,0,0,0,258,237,-2109,2,下位,0,0,0
304,304,0,85,212,0,0,0,259,181,-2312,2,下位,0,0,0
163,163,0,126,333,0,0,0,304,212,-2551,2,下位,0,0,0
119,119,0,184,461,1,0,0,0,0,1,0,下位,0,0,0
200,200,0,115,299,0,0,0,119,461,285,3,下位,0,0,0
94,94,0,367,921,0,0,0,200,299,287,2,下位,0,0,0
126,126,0,73,220,0,0,0,94,921,1069,5,下位,0,0,0
446,446,0,224,496,0,0,0,126,220,1102,1,下位,0,0,0
665,665,0,82,201,0,0,0,446,496,936,5,下位,0,0,0
262,262,0,41,123,0,0,0,665,201,150,2,下位,0,0,0
145,145,0,362,1039,0,0,0,262,123,-116,1,下位,0,0,0
150,150,0,43,130,0,0,0,145,1039,708,2,下位,0,0,0
216,216,0,159,385,0,0,0,150,130,615,1,下位,0,0,0
226,226,0,38,115,0,0,0,216,385,680,3,下位,0,0,0
459,459,0,91,272,0,0,0,226,115,460,1,下位,0,0,0
177,177,0,37,112,0,0,0,459,272,51,1,下位,0,0,0
129,129,0,38,113,0,0,0,177,112,-100,1,下位,0,0,0
229,229,0,158,384,0,0,0,129,113,-178,1,下位,0,0,0
88,88,0,79,192,0,0,0,229,384,-134,3,下位,0,0,0
329,329,0,182,502,0,0,0,88,192,-73,2,下位,0,0,0
298,298,0,139,372,0,0,0,329,502,-59,2,下位,0,0,0
301,301,0,124,329,1,0,0,0,0,1,0,下位,0,0,0
95,95,0,36,109,0,0,0,301,329,-117,2,下位,0,0,0
526,526,0,192,530,0,0,0,95,109,-149,1,下位,0,0,0
516,516,0,431,1202,0,0,0,526,530,-399,2,下位,0,0,0
236,236,0,175,479,0,0,0,516,1202,37,3,下位,0,0,0
79,79,0,325,886,0,0,0,236,479,166,2,下位,0,0,0
310,310,0,43,130,0,0,0,79,886,935,3,下位,0,0,0
174,174,0,125,376,0,0,0,310,130,605,1,下位,0,0,0
534,534,0,99,252,0,0,0,174,376,723,1,下位,0,0,0
131,131,0,81,197,0,0,0,534,252,183,2,下位,0,0,0
94,94,0,35,104,0,0,0,131,197,186,2,下位,0,0,0
578,578,0,229,599,0,0,0,94,104,151,1,下位,0,0,0
361,361,0,81,243,0,0,0,578,599,-108,3,下位,0,0,0
444,444,0,261,782,0,0,0,361,243,-401,1,下位,0,0,0
379,379,0,88,219,0,0,0,444,782,-278,1,下位,0,0,0
232,232,0,79,238,0,0,0,379,219,-621,2,下位,0,0,0
59,59,0,36,107,0,0,0,232,238,-727,1,下位,0,0,0
373,373,0,94,237,1,0,0,0,0,1,0,下位,0,0,0
159,159,0,41,122,0,0,0,373,237,-315,2,下位,0,0,0
161,161,0,33,100,0,0,0,159,122,-429,1,下位,0,0,0
480,480,0,101,258,0,0,0,161,100,-568,1,下位,0,0,0
333,333,0,83,202,0,0,0,480,258,-1022,2,下位,0,0,0
145,145,0,279,654,0,0,0,333,202,-1314,2,下位,0,0,0
425,425,0,107,320,0,0,0,145,654,-875,5,下位,0,0,0
146,146,0,549,1423,0,0,0,425,320,-1186,1,下位,0,0,0
180,180,0,41,124,0,0,0,146,1423,20,6,下位,0,0,0
203,203,0,209,493,0,0,0,180,124,-123,1,下位,0,0,0
188,188,0,435,1080,0,0,0,203,493,69,4,下位,0,0,0
129,129,0,38,115,0,0,0,188,1080,870,6,下位,0,0,0
89,89,0,33,100,0,0,0,129,115,794,1,下位,0,0,0
546,546,0,1146,3350,0,0,0,89,100,762,1,下位,0,0,0
108,108,0,43,128,0,0,0,546,3350,3302,3,下位,0,0,0
293,293,0,388,983,1,0,0,0,0,1,0,下位,0,0,0
388,388,0,227,590,0,0,0,293,983,549,5,下位,0,0,0
275,275,0,81,197,0,0,0,388,590,563,3,下位,0,0,0
197,197,0,78,234,0,0,0,275,197,352,2,下位,0,0,0
66,66,0,100,254,0,0,0,197,234,294,1,下位,0,0,0
300,300,0,117,305,0,0,0,66,254,450,2,下位,0,0,0
479,479,0,113,293,0,0,0,300,305,310,2,下位,0,0,0
563,563,0,127,337,0,0,0,479,293,-108,2,下位,0,0,0
928,928,0,185,464,0,0,0,563,337,-606,2,下位,0,0,0
259,259,0,49,148,0,0,0,928,464,-1519,3,下位,0,0,0
468,468,0,751,1974,0,0,0,259,148,-1755,1,下位,0,0,0
112,112,0,250,616,0,0,0,468,1974,-475,7,上位,0,0,0
418,418,0,70,210,1,0,0,0,0,1,0,下位,0,0,0
546,546,0,34,103,0,0,0,418,210,-409,1,下位,0,0,0
182,182,0,240,583,0,0,0,546,103,-1116,1,下位,0,0,0
178,178,0,402,983,0,0,0,182,583,-803,4,下位,0,0,0
108,108,0,330,855,0,0,0,178,983,-84,6,下位,0,0,0
110,110,0,772,2034,0,0,0,108,855,611,4,下位,0,0,0
146,146,0,909,2336,0,0,0,110,2034,282,7,上位,0,0,0
136,136,0,34,103,0,0,0,146,2336,379,9,上位,0,0,0
693,693,0,168,416,0,0,0,136,103,280,1,下位,0,0,0
145,145,0,123,324,0,0,0,693,416,-332,3,下位,0,0,0
786,786,0,117,307,0,0,0,145,324,-223,2,下位,0,0,0
161,161,0,86,213,1,0,0,0,0,1,0,下位,0,0,0
850,850,0,49,146,0,0,0,161,213,-25,2,下位,0,0,0
741,741,0,101,260,0,0,0,850,146,-1140,1,下位,0,0,0
347,347,0,200,511,0,0,0,741,260,-1979,2,下位,0,0,0
410,410,0,428,1106,0,0,0,347,511,-1983,3,下位,0,0,0
96,96,0,35,105,0,0,0,410,1106,-1485,5,下位,0,0,0
667,667,0,52,155,0,0,0,96,105,-1522,1,下位,0,0,0
810,810,0,279,790,0,0,0,667,155,-2357,1,下位,0,0,0
94,94,0,36,108,1,0,0,0,0,1,0,下位,0,0,0
96,96,0,194,492,0,0,0,94,108,-30,1,下位,0,0,0
94,94,0,81,197,0,0,0,96,492,320,3,下位,0,0,0
877,877,0,250,663,0,0,0,94,197,378,2,下位,0,0,0
96,96,0,106,319,0,0,0,877,663,-260,3,下位,0,0,0
111,111,0,44,132,0,0,0,96,319,-83,1,下位,0,0,0
85,85,0,515,1323,0,0,0,111,132,-116,1,下位,0,0,0
109,109,0,137,322,0,0,0,85,1323,1081,6,下位,0,0,0
392,392,0,342,893,0,0,0,109,322,1241,3,下位,0,0,0
269,269,0,404,1032,0,0,0,392,893,1552,4,下位,0,0,0
727,727,0,298,759,0,0,0,269,1032,2185,5,下位,0,0,0
533,533,0,56,168,0,0,0,727,759,1865,4,下位,0,0,0
308,308,0,197,502,0,0,0,533,168,1242,1,下位,0,0,0
101,101,0,106,319,0,0,0,308,502,1287,3,下位,0,0,0
344,344,0,38,115,1,0,0,0,0,1,0,下位,0,0,0
141,141,0,480,1352,0,0,0,344,115,-394,1,下位,0,0,0
457,457,0,212,501,0,0,0,141,1352,749,3,下位,0,0,0
187,187,0,753,1973,0,0,0,457,501,572,4,下位,0,0,0
96,96,0,188,520,0,0,0,187,1973,438,7,上位,0,0,0
675,675,0,132,349,0,0,0,96,520,816,2,下位,0,0,0
423,423,0,100,257,0,0,0,675,349,164,2,下位,0,0,0
221,221,0,88,218,0,0,0,423,257,-207,2,下位,0,0,0
449,449,0,103,264,0,0,0,221,218,-317,2,下位,0,0,0
672,672,0,320,827,0,0,0,449,264,-719,2,下位,0,0,0
168,168,0,37,110,0,0,0,672,827,-889,4,下位,0,0,0
336,336,0,34,103,1,0,0,0,0,1,0,下位,0,0,0
54,54,0,74,222,0,0,0,336,103,-395,1,下位,0,0,0
441,441,0,89,222,0,0,0,54,222,-253,1,下位,0,0,0
366,366,0,130,344,0,0,0,441,222,-685,2,下位,0,0,0
130,130,0,76,182,0,0,0,366,344,-884,2,下位,0,0,0
58,58,0,41,123,0,0,0,130,182,-895,2,下位,0,0,0
521,521,0,40,120,0,0,0,58,123,-858,1,下位,0,0,0
113,113,0,1293,3375,0,0,0,521,120,-1511,1,下位,0,0,0
139,139,0,45,135,0,0,0,113,3375,379,11,上位,0,0,0
134,134,0,96,243,0,0,0,139,135,308,1,下位,0,0,0
401,401,0,36,108,0,0,0,134,243,352,2,下位,0,0,0
541,541,0,183,460,0,0,0,401,108,-135,1,下位,0,0,0
468,468,0,108,281,0,0,0,541,460,-478,3,下位,0,0,0
743,743,0,592,1443,0,0,0,468,281,-891,2,下位,0,0,0
61,61,0,40,121,1,0,0,0,0,1,0,下位,0,0,0
134,134,0,91,228,0,0,0,61,121,31,1,下位,0,0,0
591,591,0,35,106,0,0,0,134,228,60,2,下位,0,0,0
230,230,0,34,102,0,0,0,591,106,-711,1,下位,0,0,0
553,553,0,40,121,0,0,0,230,102,-950,1,下位,0,0,0
203,203,0,511,1308,0,0,0,553,121,-1649,1,下位,0,0,0
165,165,0,46,139,0,0,0,203,1308,-642,6,下位,0,0,0
33,33,0,170,418,0,0,0,165,139,-748,1,下位,0,0,0
316,316,0,199,507,0,0,0,33,418,-379,3,下位,0,0,0
350,350,0,208,490,0,0,0,316,507,-341,3,下位,0,0,0
320,320,0,42,126,0,0,0,350,490,-370,4,下位,0,0,0
161,161,0,263,653,0,0,0,320,126,-719,1,下位,0,0,0
398,398,0,170,420,0,0,0,161,653,-305,4,下位,0,0,0
117,117,0,460,1202,0,0,0,398,420,-476,3,下位,0,0,0
86,86,0,114,296,0,0,0,117,1202,552,5,下位,0,0,0
153,153,0,83,204,1,0,0,0,0,1,0,下位,0,0,0
946,946,0,38,113,0,0,0,153,204,-22,2,下位,0,0,0
519,519,0,222,667,0,0,0,946,113,-1313,1,下位,0,0,0
642,642,0,243,592,0,0,0,519,667,-1416,1,下位,0,0,0
384,384,0,142,383,0,0,0,642,592,-1777,4,下位,0,0,0
739,739,0,165,451,0,0,0,384,383,-1964,2,下位,0,0,0
111,111,0,245,690,0,0,0,739,451,-2609,2,下位,0,0,0
345,345,0,285,718,0,0,0,111,690,-2084,2,下位,0,0,0
28,28,0,91,227,1,0,0,0,0,1,0,下位,0,0,0
787,787,0,71,214,0,0,0,28,227,186,2,下位,0,0,0
329,329,0,53,158,0,0,0,787,214,-768,1,下位,0,0,0
238,238,0,128,339,0,0,0,329,158,-1098,1,下位,0,0,0
216,216,0,31,93,0,0,0,238,339,-1112,2,下位,0,0,0
530,530,0,355,885,0,0,0,216,93,-1339,1,下位,0,0,0
311,311,0,296,845,0,0,0,530,885,-1240,5,下位,0,0,0
339,339,0,37,112,0,0,0,311,845,-856,2,下位,0,0,0
860,860,0,176,439,0,0,0,339,112,-1247,1,下位,0,0,0
561,561,0,376,904,0,0,0,860,439,-2084,3,下位,0,0,0
64,64,0,42,125,0,0,0,561,904,-2012,6,下位,0,0,0
99,99,0,173,472,0,0,0,64,125,-1982,1,下位,0,0,0
462,462,0,94,238,0,0,0,99,472,-1657,2,下位,0,0,0
188,188,0,121,320,0,0,0,462,238,-2104,2,下位,0,0,0
162,162,0,91,228,0,0,0,188,320,-2063,2,下位,0,0,0
92,92,0,61,184,0,0,0,162,228,-2075,2,下位,0,0,0
813,813,0,122,320,0,0,0,92,184,-2027,1,下位,0,0,0
414,414,0,222,531,1,0,0,0,0,1,0,下位,0,0,0
786,786,0,599,1569,0,0,0,414,531,-82,4,下位,0,0,0
195,195,0,306,778,0,0,0,786,1569,321,6,下位,0,0,0
190,190,0,37,112,0,0,0,195,778,810,4,下位,0,0,0
815,815,0,696,2088,0,0,0,190,112,640,1,下位,0,0,0
182,182,0,53,160,0,0,0,815,2088,1519,1,下位,0,0,0
522,522,0,41,123,0,0,0,182,160,1409,1,下位,0,0,0
420,420,0,34,101,0,0,0,522,123,758,1,下位,0,0,0
103,103,0,102,260,0,0,0,420,101,236,1,下位,0,0,0
689,689,0,119,312,0,0,0,103,260,343,2,下位,0,0,0
87,87,0,101,259,1,0,0,0,0,1,0,下位,0,0,0
88,88,0,139,373,0,0,0,87,259,131,2,下位,0,0,0
218,218,0,192,484,0,0,0,88,373,374,2,下位,0,0,0
839,839,0,83,205,0,0,0,218,484,535,3,下位,0,0,0
421,421,0,125,330,0,0,0,839,205,-505,2,下位,0,0,0
177,177,0,157,424,0,0,0,421,330,-800,2,下位,0,0,0
1012,1012,0,68,203,0,0,0,177,424,-639,2,下位,0,0,0
292,292,0,222,575,0,0,0,1012,203,-1937,1,下位,0,0,0
414,414,0,37,111,0,0,0,292,575,-1795,3,下位,0,0,0
117,117,0,149,357,1,0,0,0,0,1,0,下位,0,0,0
155,155,0,281,622,0,0,0,117,357,184,3,下位,0,0,0
181,181,0,93,236,0,0,0,155,622,576,6,下位,0,0,0
145,145,0,44,133,0,0,0,181,236,543,2,下位,0,0,0
490,490,0,45,136,0,0,0,145,133,461,1,下位,0,0,0
506,506,0,44,131,0,0,0,490,136,-130,1,下位,0,0,0
215,215,0,41,122,0,0,0,506,131,-750,1,下位,0,0,0
200,200,0,37,112,0,0,0,215,122,-947,1,下位,0,0,0
152,152,0,35,105,0,0,0,200,112,-1132,1,下位,0,0,0
103,103,0,43,130,0,0,0,152,105,-1253,1,下位,0,0,0
96,96,0,54,162,0,0,0,103,130,-1276,1,下位,0,0,0
154,154,0,42,125,0,0,0,96,162,-1256,1,下位,0,0,0
582,582,0,51,154,0,0,0,154,125,-1359,1,下位,0,0,0
125,125,0,319,821,0,0,0,582,154,-2069,1,下位,0,0,0
260,260,0,89,267,0,0,0,125,821,-1433,4,下位,0,0,0
603,603,0,87,261,0,0,0,260,267,-1552,1,下位,0,0,0
252,252,0,56,167,0,0,0,603,261,-2186,1,下位,0,0,0
145,145,0,40,120,0,0,0,252,167,-2393,1,下位,0,0,0
323,323,0,37,112,0,0,0,145,120,-2488,1,下位,0,0,0
258,258,0,58,175,0,0,0,323,112,-2855,1,下位,0,0,0
431,431,0,82,201,0,0,0,258,175,-3063,1,下位,0,0,0
301,301,0,38,114,0,0,0,431,201,-3501,2,下位,0,0,0
286,286,0,792,2096,0,0,0,301,114,-3834,1,下位,0,0,0
157,157,0,105,272,0,0,0,286,2096,-2162,7,上位,0,0,0
117,117,0,92,233,0,0,0,157,272,-2123,2,下位,0,0,0
219,219,0,167,501,1,0,0,0,0,1,0,下位,0,0,0
434,434,0,281,709,0,0,0,219,501,177,1,下位,0,0,0
295,295,0,387,1028,0,0,0,434,709,242,4,下位,0,0,0
220,220,0,110,284,0,0,0,295,1028,832,4,下位,0,0,0
86,86,0,77,187,0,0,0,220,284,790,2,下位,0,0,0
79,79,0,38,115,0,0,0,86,187,849,2,下位,0,0,0
132,132,0,154,415,0,0,0,79,115,847,1,下位,0,0,0
77,77,0,268,716,0,0,0,132,415,1066,2,下位,0,0,0
163,163,0,47,141,0,0,0,77,716,1668,3,下位,0,0,0
251,251,0,113,295,0,0,0,163,141,1567,1,下位,0,0,0
231,231,0,35,105,0,0,0,251,295,1490,2,下位,0,0,0
68,68,0,141,422,0,0,0,231,105,1252,1,下位,0,0,0
272,272,0,72,215,0,0,0,68,422,1573,1,下位,0,0,0
586,586,0,65,196,0,0,0,272,215,1384,1,下位,0,0,0
286,286,0,61,184,0,0,0,586,196,711,1,下位,0,0,0
133,133,0,50,151,0,0,0,286,184,471,1,下位,0,0,0
361,361,0,208,492,0,0,0,133,151,425,1,下位,0,0,0
107,107,0,118,308,0,0,0,361,492,381,4,下位,0,0,0
361,361,0,184,460,0,0,0,107,308,530,2,下位,0,0,0
184,184,0,141,376,0,0,0,361,460,454,3,下位,0,0,0
542,542,0,82,246,0,0,0,184,376,557,2,下位,0,0,0
521,521,0,173,475,0,0,0,542,246,-1,1,下位,0,0,0
133,133,0,79,192,0,0,0,521,475,-299,2,下位,0,0,0
164,164,0,197,500,0,0,0,133,192,-304,2,下位,0,0,0
392,392,0,198,502,1,0,0,0,0,1,0,下位,0,0,0
556,556,0,74,221,0,0,0,392,502,-79,3,下位,0,0,0
235,235,0,87,216,0,0,0,556,221,-683,1,下位,0,0,0
679,679,0,245,691,0,0,0,235,216,-816,2,下位,0,0,0
941,941,0,105,269,0,0,0,679,691,-1132,2,下位,0,0,0
650,650,0,51,154,0,0,0,941,269,-2259,2,下位,0,0,0
281,281,0,38,115,0,0,0,650,154,-3069,1,下位,0,0,0
395,395,0,312,756,0,0,0,281,115,-3371,1,下位,0,0,0
211,211,0,72,216,0,0,0,395,756,-3201,5,下位,0,0,0
590,590,0,155,420,0,0,0,211,216,-3298,1,下位,0,0,0
610,610,0,80,241,0,0,0,590,420,-3753,2,下位,0,0,0
195,195,0,651,1729,0,0,0,610,241,-4417,1,下位,0,0,0
599,599,0,101,303,1,0,0,0,0,1,0,下位,0,0,0
800,800,0,263,653,0,0,0,599,303,-585,1,下位,0,0,0
153,153,0,132,349,0,0,0,800,653,-1119,4,下位,0,0,0
362,362,0,75,180,0,0,0,153,349,-997,2,下位,0,0,0
259,259,0,39,118,0,0,0,362,180,-1354,2,下位,0,0,0
658,658,0,182,456,0,0,0,259,118,-1620,1,下位,0,0,0
470,470,0,30,90,0,0,0,658,456,-2140,3,下位,0,0,0
598,598,0,49,146,0,0,0,470,90,-2747,1,下位,0,0,0
217,217,0,52,155,0,0,0,598,146,-3488,1,下位,0,0,0
482,482,0,108,279,0,0,0,217,155,-3655,1,下位,0,0,0
464,464,0,88,265,0,0,0,482,279,-4091,2,下位,0,0,0
190,190,0,79,190,0,0,0,464,265,-4514,1,下位,0,0,0
533,533,0,472,1371,0,0,0,190,190,-4606,2,下位,0,0,0
454,454,0,201,557,1,0,0,0,0,1,0,下位,0,0,0
314,314,0,96,242,0,0,0,454,557,-116,2,下位,0,0,0
102,102,0,243,639,0,0,0,314,242,-340,2,下位,0,0,0
133,133,0,269,717,0,0,0,102,639,148,3,下位,0,0,0
455,455,0,75,225,0,0,0,133,717,668,3,下位,0,0,0
748,748,0,391,993,0,0,0,455,225,218,1,下位,0,0,0
939,939,0,221,528,0,0,0,748,993,101,5,下位,0,0,0
84,84,0,565,1357,0,0,0,939,528,-764,4,下位,0,0,0
104,104,0,284,717,0,0,0,84,1357,282,8,上位,0,0,0
476,476,0,36,108,0,0,0,104,717,845,4,下位,0,0,0
384,384,0,49,148,0,0,0,476,108,247,1,下位,0,0,0
608,608,0,76,228,0,0,0,384,148,-175,1,下位,0,0,0
429,429,0,373,939,0,0,0,608,228,-849,1,下位,0,0,0
162,162,0,158,386,0,0,0,429,939,-546,5,下位,0,0,0
116,116,0,94,282,0,0,0,162,386,-400,3,下位,0,0,0
198,198,0,194,491,0,0,0,116,282,-290,1,下位,0,0,0
513,513,0,57,170,1,0,0,0,0,1,0,下位,0,0,0
141,141,0,73,219,0,0,0,513,170,-590,1,下位,0,0,0
894,894,0,84,209,0,0,0,141,219,-580,1,下位,0,0,0
813,813,0,62,187,0,0,0,894,209,-1697,2,下位,0,0,0
336,336,0,104,267,0,0,0,813,187,-2716,1,下位,0,0,0
887,887,0,36,107,0,0,0,336,267,-2948,2,下位,0,0,0
812,812,0,656,1689,0,0,0,887,107,-4157,1,下位,0,0,0
126,126,0,267,712,0,0,0,812,1689,-3673,7,上位,0,0,0
125,125,0,35,105,0,0,0,126,712,-3148,3,下位,0,0,0
452,452,0,139,373,0,0,0,125,105,-3228,1,下位,0,0,0
100,100,0,145,390,0,0,0,452,373,-3526,2,下位,0,0,0
717,717,0,36,107,0,0,0,100,390,-3284,2,下位,0,0,0
132,132,0,52,157,0,0,0,717,107,-4241,1,下位,0,0,0
377,377,0,266,751,1,0,0,0,0,1,0,下位,0,0,0
161,161,0,160,389,0,0,0,377,751,193,2,下位,0,0,0
831,831,0,470,1278,0,0,0,161,389,343,3,下位,0,0,0
214,214,0,460,1247,0,0,0,831,1278,388,4,下位,0,0,0
146,146,0,178,490,0,0,0,214,1247,1317,4,下位,0,0,0
149,149,0,85,210,0,0,0,146,490,1590,2,下位,0,0,0
142,142,0,37,111,0,0,0,149,210,1579,2,下位,0,0,0
29,29,0,176,439,0,0,0,142,111,1479,1,下位,0,0,0
201,201,0,41,124,0,0,0,29,439,1875,3,下位,0,0,0
618,618,0,291,783,0,0,0,201,124,1701,1,下位,0,0,0
467,467,0,56,168,0,0,0,618,783,1567,3,下位,0,0,0
555,555,0,133,353,0,0,0,467,168,1042,1,下位,0,0,0
772,772,0,137,411,0,0,0,555,353,572,2,下位,0,0,0
85,85,0,38,112,1,0,0,0,0,1,0,下位,0,0,0
347,347,0,35,104,0,0,0,85,112,-13,1,下位,0,0,0
261,261,0,70,209,0,0,0,347,104,-424,1,下位,0,0,0
428,428,0,57,172,0,0,0,261,209,-602,1,下位,0,0,0
492,492,0,180,496,1,0,0,0,0,1,0,下位,0,0,0
259,259,0,46,139,0,0,0,492,496,-233,2,下位,0,0,0
364,364,0,195,539,0,0,0,259,139,-478,1,下位,0,0,0
250,250,0,37,112,0,0,0,364,539,-479,2,下位,0,0,0
596,596,0,491,1194,0,0,0,250,112,-738,1,下位,0,0,0
142,142,0,54,161,0,0,0,596,1194,-428,7,上位,0,0,0
91,91,0,98,247,0,0,0,142,161,-478,1,下位,0,0,0
142,142,0,39,118,0,0,0,91,247,-366,2,下位,0,0,0
174,174,0,181,453,0,0,0,142,118,-459,1,下位,0,0,0
23,23,0,88,219,1,0,0,0,0,1,0,下位,0,0,0
498,498,0,48,144,0,0,0,23,219,186,2,下位,0,0,0
625,625,0,36,109,1,0,0,0,0,1,0,下位,0,0,0
966,966,0,264,610,0,0,0,625,109,-817,1,下位,0,0,0
634,634,0,621,1729,0,0,0,966,610,-1640,5,下位,0,0,0
556,556,0,230,644,0,0,0,634,1729,-852,4,下位,0,0,0
205,205,0,264,703,0,0,0,556,644,-1033,2,下位,0,0,0
198,198,0,169,416,0,0,0,205,703,-634,3,下位,0,0,0
71,71,0,92,275,1,0,0,0,0,1,0,下位,0,0,0
79,79,0,261,648,0,0,0,71,275,171,1,下位,0,0,0
273,273,0,37,110,0,0,0,79,648,702,4,下位,0,0,0
946,946,0,44,132,0,0,0,273,110,407,1,下位,0,0,0
213,213,0,39,116,0,0,0,946,132,-865,1,下位,0,0,0
74,74,0,630,1757,0,0,0,213,116,-1065,1,下位,0,0,0
305,305,0,35,104,0,0,0,74,1757,582,4,下位,0,0,0
249,249,0,201,514,0,0,0,305,104,233,1,下位,0,0,0
158,158,0,221,526,0,0,0,249,514,378,3,下位,0,0,0
154,154,0,185,463,0,0,0,158,526,670,4,下位,0,0,0
82,82,0,41,123,0,0,0,154,463,905,3,下位,0,0,0
532,532,0,231,603,0,0,0,82,123,906,1,下位,0,0,0
582,582,0,365,1051,0,0,0,532,603,720,3,下位,0,0,0
207,207,0,38,115,0,0,0,582,1051,907,2,下位,0,0,0
186,186,0,89,222,0,0,0,207,115,715,1,下位,0,0,0
639,639,0,139,374,0,0,0,186,222,661,2,下位,0,0,0
119,119,0,40,121,0,0,0,639,374,87,2,下位,0,0,0
238,238,0,276,736,1,0,0,0,0,1,0,下位,0,0,0
702,702,0,299,763,0,0,0,238,736,384,3,下位,0,0,0
234,234,0,324,838,0,0,0,702,763,105,4,下位,0,0,0
311,311,0,308,878,0,0,0,234,838,596,4,下位,0,0,0
116,116,0,245,601,0,0,0,311,878,1013,2,下位,0,0,0
582,582,0,137,366,0,0,0,116,601,1442,4,下位,0,0,0
219,219,0,480,1395,0,0,0,582,366,944,2,下位,0,0,0
931,931,0,577,1686,0,0,0,219,1395,2014,2,下位,0,0,0
150,150,0,36,107,0,0,0,931,1686,106,2,下位,0,0,0
565,565,0,36,109,0,0,0,150,107,-10,1,下位,0,0,0
135,135,0,45,135,0,0,0,565,109,-739,1,下位,0,0,0
458,458,0,104,266,1,0,0,0,0,1,0,下位,0,0,0
370,370,0,358,1030,0,0,0,458,266,-413,2,下位,0,0,0
155,155,0,36,108,0,0,0,370,1030,68,2,下位,0,0,0
191,191,0,261,739,0,0,0,155,108,-54,1,下位,0,0,0
145,145,0,280,703,0,0,0,191,739,402,2,下位,0,0,0
425,425,0,203,520,0,0,0,145,703,890,4,下位,0,0,0
171,171,0,257,726,0,0,0,425,520,779,3,下位,0,0,0
528,528,0,107,277,0,0,0,171,726,1251,2,下位,0,0,0
895,895,0,2479,6832,0,0,0,528,277,745,2,下位,0,0,0
111,111,0,213,504,0,0,0,895,6832,570,13,上位,0,0,0
84,84,0,119,358,0,0,0,111,504,909,4,下位,0,0,0
378,378,0,67,202,0,0,0,84,358,1142,1,下位,0,0,0
379,379,0,151,363,0,0,0,378,202,783,1,下位,0,0,0
823,823,0,127,335,0,0,0,379,363,584,3,下位,0,0,0
682,682,0,36,108,0,0,0,823,335,-302,2,下位,0,0,0
112,112,0,49,148,1,0,0,0,0,1,0,下位,0,0,0
322,322,0,35,105,0,0,0,112,148,-17,1,下位,0,0,0
842,842,0,206,619,0,0,0,322,105,-390,1,下位,0,0,0
575,575,0,223,578,0,0,0,842,619,-1020,1,下位,0,0,0
423,423,0,158,383,0,0,0,575,578,-1295,3,下位,0,0,0
108,108,0,148,401,0,0,0,423,383,-1540,3,下位,0,0,0
612,612,0,122,320,0,0,0,108,401,-1299,2,下位,0,0,0
501,501,0,50,149,0,0,0,612,320,-1887,2,下位,0,0,0
123,123,0,46,137,0,0,0,501,149,-2481,1,下位,0,0,0
198,198,0,122,320,0,0,0,123,137,-2526,1,下位,0,0,0
1009,1009,0,48,144,0,0,0,198,320,-2500,2,下位,0,0,0
78,78,0,75,225,1,0,0,0,0,1,0,下位,0,0,0
486,486,0,923,2488,0,0,0,78,225,110,1,下位,0,0,0
175,175,0,44,131,0,0,0,486,2488,329,7,上位,0,0,0
673,673,0,172,426,0,0,0,175,131,200,1,下位,0,0,0
482,482,0,107,320,0,0,0,673,426,-373,3,下位,0,0,0
757,757,0,43,130,0,0,0,482,320,-768,1,下位,0,0,0
838,838,0,65,197,0,0,0,757,130,-1761,1,下位,0,0,0
221,221,0,38,114,0,0,0,838,197,-2807,1,下位,0,0,0
131,131,0,59,176,0,0,0,221,114,-3021,1,下位,0,0,0
487,487,0,91,226,0,0,0,131,176,-3039,1,下位,0,0,0
434,434,0,40,120,0,0,0,487,226,-3536,2,下位,0,0,0
477,477,0,376,1039,1,0,0,0,0,1,0,下位,0,0,0
576,576,0,53,159,0,0,0,477,1039,332,3,下位,0,0,0
267,267,0,95,241,0,0,0,576,159,-364,1,下位,0,0,0
125,125,0,366,871,0,0,0,267,241,-519,2,下位,0,0,0
116,116,0,38,113,0,0,0,125,871,167,6,下位,0,0,0
109,109,0,184,508,0,0,0,116,113,108,1,下位,0,0,0
563,563,0,57,171,0,0,0,109,508,454,2,下位,0,0,0
368,368,0,215,602,0,0,0,563,171,-210,1,下位,0,0,0
126,126,0,668,1728,0,0,0,368,602,-154,2,下位,0,0,0
110,110,0,178,443,0,0,0,126,1728,881,7,上位,0,0,0
276,276,0,271,679,0,0,0,110,443,1161,3,下位,0,0,0
81,81,0,441,1144,0,0,0,276,679,1431,4,下位,0,0,0
311,311,0,112,292,0,0,0,81,1144,166,5,下位,0,0,0
189,189,0,118,309,0,0,0,311,292,-3,2,下位,0,0,0
465,465,0,131,349,0,0,0,189,309,26,2,下位,0,0,0
252,252,0,36,109,1,0,0,0,0,1,0,下位,0,0,0
209,209,0,436,1127,0,0,0,252,109,-264,1,下位,0,0,0
432,432,0,112,291,0,0,0,209,1127,553,5,下位,0,0,0
208,208,0,339,880,0,0,0,432,291,203,2,下位,0,0,0
83,83,0,164,404,0,0,0,208,880,774,4,下位,0,0,0
387,387,0,239,581,0,0,0,83,404,1055,3,下位,0,0,0
484,484,0,1614,4457,0,0,0,387,581,1062,4,下位,0,0,0
121,121,0,44,133,0,0,0,484,4457,1603,9,上位,0,0,0
735,735,0,60,181,0,0,0,121,133,1556,1,下位,0,0,0
184,184,0,236,617,0,0,0,735,181,646,1,下位,0,0,0
306,306,0,372,892,1,0,0,0,0,1,0,下位,0,0,0
108,108,0,206,574,0,0,0,306,892,439,6,下位,0,0,0
121,121,0,255,631,0,0,0,108,574,853,2,下位,0,0,0
127,127,0,231,605,0,0,0,121,631,1304,4,下位,0,0,0
707,707,0,34,102,0,0,0,127,605,1721,3,下位,0,0,0
104,104,0,35,105,0,0,0,707,102,774,1,下位,0,0,0
332,332,0,82,203,0,0,0,104,105,725,1,下位,0,0,0
743,743,0,161,485,0,0,0,332,203,435,2,下位,0,0,0
522,522,0,282,665,0,0,0,743,485,-182,1,下位,0,0,0
468,468,0,202,514,0,0,0,522,665,-291,5,下位,0,0,0
107,107,0,45,134,0,0,0,468,514,-471,3,下位,0,0,0
278,278,0,37,111,0,0,0,107,134,-496,1,下位,0,0,0
239,239,0,153,415,0,0,0,278,111,-797,1,下位,0,0,0
282,282,0,52,157,0,0,0,239,415,-737,2,下位,0,0,0
322,322,0,308,881,1,0,0,0,0,1,0,下位,0,0,0
602,602,0,35,106,0,0,0,322,881,404,2,下位,0,0,0
464,464,0,73,176,0,0,0,602,106,-383,1,下位,0,0,0
428,428,0,41,124,0,0,0,464,176,-895,2,下位,0,0,0
705,705,0,70,210,0,0,0,428,124,-1406,1,下位,0,0,0
312,312,0,370,929,0,0,0,705,210,-2242,1,下位,0,0,0
873,873,0,140,373,0,0,0,312,929,-1776,5,下位,0,0,0
708,708,0,225,586,0,0,0,873,373,-2698,2,下位,0,0,0
474,474,0,122,366,1,0,0,0,0,1,0,下位,0,0,0
726,726,0,42,125,0,0,0,474,366,-336,1,下位,0,0,0
96,96,0,39,117,0,0,0,726,125,-1288,1,下位,0,0,0
879,879,0,442,1281,0,0,0,96,117,-1313,1,下位,0,0,0
375,375,0,174,477,0,0,0,879,1281,-1336,2,下位,0,0,0
444,444,0,352,963,0,0,0,375,477,-1415,2,下位,0,0,0
85,85,0,263,698,0,0,0,444,963,-1111,3,下位,0,0,0
895,895,0,117,306,0,0,0,85,698,-539,3,下位,0,0,0
102,102,0,236,574,0,0,0,895,306,-1561,2,下位,0,0,0
244,244,0,56,168,0,0,0,102,574,-1138,4,下位,0,0,0
158,158,0,36,107,0,0,0,244,168,-1332,1,下位,0,0,0
277,277,0,35,104,0,0,0,158,107,-1459,1,下位,0,0,0
207,207,0,101,303,0,0,0,277,104,-1766,1,下位,0,0,0
382,382,0,104,313,1,0,0,0,0,1,0,下位,0,0,0
241,241,0,105,271,0,0,0,382,313,-253,1,下位,0,0,0
928,928,0,69,207,0,0,0,241,271,-340,2,下位,0,0,0
406,406,0,238,715,0,0,0,928,207,-1510,1,下位,0,0,0
709,709,0,331,813,0,0,0,406,715,-1397,1,下位,0,0,0
280,280,0,248,608,0,0,0,709,813,-1636,5,下位,0,0,0
830,830,0,49,148,0,0,0,280,608,-1443,4,下位,0,0,0
150,150,0,40,121,0,0,0,830,148,-2526,1,下位,0,0,0
507,507,0,42,126,0,0,0,150,121,-2628,1,下位,0,0,0
727,727,0,157,427,0,0,0,507,126,-3254,1,下位,0,0,0
248,248,0,127,334,0,0,0,727,427,-3906,2,下位,0,0,0
431,431,0,70,209,0,0,0,248,334,-3940,2,下位,0,0,0
545,545,0,102,306,0,0,0,431,209,-4370,1,下位,0,0,0
172,172,0,72,215,0,0,0,545,306,-4873,1,下位,0,0,0
151,151,0,43,130,0,0,0,172,215,-4913,1,下位,0,0,0
199,199,0,48,143,1,0,0,0,0,1,0,下位,0,0,0
355,355,0,72,215,0,0,0,199,143,-151,1,下位,0,0,0
140,140,0,191,483,0,0,0,355,215,-463,1,下位,0,0,0
493,493,0,82,245,0,0,0,140,483,-188,3,下位,0,0,0
569,569,0,40,121,0,0,0,493,245,-674,1,下位,0,0,0
97,97,0,37,110,0,0,0,569,121,-1397,1,下位,0,0,0
627,627,0,59,177,0,0,0,97,110,-1431,1,下位,0,0,0
699,699,0,1772,4877,0,0,0,627,177,-2184,1,下位,0,0,0
122,122,0,65,194,0,0,0,699,4877,1579,10,上位,0,0,0
431,431,0,179,537,0,0,0,122,194,1592,1,下位,0,0,0
297,297,0,125,331,0,0,0,431,537,1490,1,下位,0,0,0
152,152,0,38,114,0,0,0,297,331,1380,2,下位,0,0,0
16,16,0,68,204,0,0,0,152,114,1268,1,下位,0,0,0
133,133,0,34,103,0,0,0,16,204,1448,1,下位,0,0,0
464,464,0,270,632,0,0,0,133,103,1354,1,下位,0,0,0
175,175,0,97,246,1,0,0,0,0,1,0,下位,0,0,0
850,850,0,191,483,0,0,0,175,246,-13,2,下位,0,0,0
611,611,0,41,123,0,0,0,850,483,-791,3,下位,0,0,0
741,741,0,150,403,0,0,0,611,123,-1575,1,下位,0,0,0
47,47,0,135,317,0,0,0,741,403,-2271,2,下位,0,0,0
919,919,0,1057,3081,0,0,0,47,317,-2024,3,下位,0,0,0
849,849,0,37,111,0,0,0,919,3081,-307,3,下位,0,0,0
103,103,0,100,254,0,0,0,849,111,-1456,1,下位,0,0,0
339,339,0,167,452,0,0,0,103,254,-1355,2,下位,0,0,0
570,570,0,46,139,0,0,0,339,452,-1406,2,下位,0,0,0
373,373,0,164,401,1,0,0,0,0,1,0,下位,0,0,0
512,512,0,128,338,0,0,0,373,401,-151,3,下位,0,0,0
98,98,0,44,133,0,0,0,512,338,-573,2,下位,0,0,0
1008,1008,0,34,102,0,0,0,98,133,-585,1,下位,0,0,0
173,173,0,269,717,0,0,0,1008,102,-1979,1,下位,0,0,0
227,227,0,39,118,0,0,0,173,717,-1519,3,下位,0,0,0
158,158,0,34,101,0,0,0,227,118,-1738,1,下位,0,0,0
352,352,0,567,1475,0,0,0,158,101,-1871,1,下位,0,0,0
26,26,0,103,266,0,0,0,352,1475,-918,6,下位,0,0,0
109,109,0,218,565,0,0,0,26,266,-691,2,下位,0,0,0
129,129,0,36,107,0,0,0,109,565,-288,3,下位,0,0,0
632,632,0,86,211,0,0,0,129,107,-372,1,下位,0,0,0
167,167,0,212,545,0,0,0,632,211,-1099,2,下位,0,0,0
405,405,0,269,715,0,0,0,167,545,-802,3,下位,0,0,0
534,534,0,41,122,0,0,0,405,715,-688,3,下位,0,0,0
464,464,0,40,121,0,0,0,534,122,-1358,1,下位,0,0,0
246,246,0,36,106,0,0,0,464,121,-1925,1,下位,0,0,0
294,294,0,112,335,1,0,0,0,0,1,0,下位,0,0,0
714,714,0,80,194,0,0,0,294,335,-100,1,下位,0,0,0
619,619,0,93,233,0,0,0,714,194,-965,2,下位,0,0,0
672,672,0,99,253,0,0,0,619,233,-1650,2,下位,0,0,0
1008,1008,0,54,162,0,0,0,672,253,-2394,2,下位,0,0,0
136,136,0,364,957,0,0,0,1008,162,-3728,1,下位,0,0,0
243,243,0,217,516,0,0,0,136,957,-2973,4,下位,0,0,0
138,138,0,243,597,0,0,0,243,516,-2818,4,下位,0,0,0
545,545,0,54,163,0,0,0,138,597,-2426,4,下位,0,0,0
823,823,0,136,364,0,0,0,545,163,-3072,1,下位,0,0,0
497,497,0,198,459,1,0,0,0,0,1,0,下位,0,0,0
284,284,0,35,106,0,0,0,497,459,-277,4,下位,0,0,0
288,288,0,37,111,0,0,0,284,106,-592,1,下位,0,0,0
463,463,0,296,845,0,0,0,288,111,-908,1,下位,0,0,0
191,191,0,251,660,0,0,0,463,845,-750,2,下位,0,0,0
571,571,0,52,154,0,0,0,191,660,-373,3,下位,0,0,0
129,129,0,289,821,0,0,0,571,154,-1066,1,下位,0,0,0
455,455,0,251,662,0,0,0,129,821,-436,2,下位,0,0,0
135,135,0,131,350,0,0,0,455,662,-449,3,下位,0,0,0
628,628,0,188,468,0,0,0,135,350,-299,2,下位,0,0,0
390,390,0,84,209,0,0,0,628,468,-763,3,下位,0,0,0
991,991,0,39,117,0,0,0,390,209,-1133,2,下位,0,0,0
138,138,0,394,1003,0,0,0,991,117,-2486,1,下位,0,0,0
555,555,0,331,948,0,0,0,138,1003,-1688,5,下位,0,0,0
441,441,0,270,675,1,0,0,0,0,1,0,下位,0,0,0
182,182,0,435,1030,0,0,0,441,675,22,4,下位,0,0,0
158,158,0,287,680,0,0,0,182,1030,377,7,上位,0,0,0
385,385,0,297,802,0,0,0,158,680,823,5,下位,0,0,0
930,930,0,210,583,0,0,0,385,802,1054,3,下位,0,0,0
450,450,0,272,726,0,0,0,930,583,257,2,下位,0,0,0
733,733,0,127,337,0,0,0,450,726,315,3,下位,0,0,0
93,93,0,43,130,0,0,0,733,337,-436,2,下位,0,0,0
407,407,0,296,797,0,0,0,93,130,-444,1,下位,0,0,0
162,162,0,40,121,0,0,0,407,797,-251,3,下位,0,0,0
710,710,0,522,1431,0,0,0,162,121,-370,1,下位,0,0,0
150,150,0,231,557,0,0,0,710,1431,8,4,下位,0,0,0
27,27,0,212,498,0,0,0,150,557,342,4,下位,0,0,0
437,437,0,294,699,0,0,0,27,498,800,4,下位,0,0,0
275,275,0,62,188,1,0,0,0,0,1,0,下位,0,0,0
910,910,0,40,121,0,0,0,275,188,-219,1,下位,0,0,0
450,450,0,139,326,0,0,0,910,121,-1448,1,下位,0,0,0
260,260,0,382,1099,0,0,0,450,326,-1790,3,下位,0,0,0
320,320,0,37,110,0,0,0,260,1099,-1077,2,下位,0,0,0
85,85,0,150,450,0,0,0,320,110,-1442,1,下位,0,0,0
174,174,0,111,288,0,0,0,85,450,-1118,1,下位,0,0,0
537,537,0,81,242,0,0,0,174,288,-1088,2,下位,0,0,0
185,185,0,64,192,0,0,0,537,242,-1643,1,下位,0,0,0
386,386,0,181,498,0,0,0,185,192,-1725,1,下位,0,0,0
624,624,0,97,245,0,0,0,386,498,-1800,2,下位,0,0,0
168,168,0,171,467,0,0,0,624,245,-2481,2,下位,0,0,0
426,426,0,76,228,0,0,0,168,467,-2263,2,下位,0,0,0
565,565,0,100,256,0,0,0,426,228,-2667,1,下位,0,0,0
152,152,0,148,445,0,0,0,565,256,-3249,2,下位,0,0,0
168,168,0,286,723,1,0,0,0,0,1,0,下位,0,0,0
131,131,0,140,419,0,0,0,168,723,475,4,下位,0,0,0
358,358,0,277,785,0,0,0,131,419,700,1,下位,0,0,0
465,465,0,324,883,0,0,0,358,785,954,2,下位,0,0,0
551,551,0,122,365,0,0,0,465,883,1147,3,下位,0,0,0
151,151,0,40,118,0,0,0,551,365,694,1,下位,0,0,0
219,219,0,293,699,0,0,0,151,118,588,1,下位,0,0,0
961,961,0,131,347,0,0,0,219,699,962,5,下位,0,0,0
754,754,0,214,644,0,0,0,961,347,-117,2,下位,0,0,0
102,102,0,160,480,0,0,0,754,644,-592,1,下位,0,0,0
231,231,0,38,116,0,0,0,102,480,-263,1,下位,0,0,0
137,137,0,1033,2771,0,0,0,231,116,-490,1,下位,0,0,0
351,351,0,1113,3063,1,0,0,0,0,1,0,下位,0,0,0
105,105,0,34,103,0,0,0,351,3063,389,7,上位,0,0,0
416,416,0,64,192,0,0,0,105,103,336,1,下位,0,0,0
889,889,0,40,121,0,0,0,416,192,-89,1,下位,0,0,0
913,913,0,384,1016,0,0,0,889,121,-1287,1,下位,0,0,0
475,475,0,548,1510,0,0,0,913,1016,-1626,4,下位,0,0,0
214,214,0,167,412,0,0,0,475,1510,-821,4,下位,0,0,0
394,394,0,455,1232,0,0,0,214,412,-727,3,下位,0,0,0
37,37,0,65,195,0,0,0,394,1232,-80,4,下位,0,0,0
142,142,0,40,122,0,0,0,37,195,60,1,下位,0,0,0
774,774,0,127,382,0,0,0,142,122,-29,1,下位,0,0,0
390,390,0,112,293,1,0,0,0,0,1,0,下位,0,0,0
752,752,0,51,153,0,0,0,390,293,-285,2,下位,0,0,0
178,178,0,66,200,0,0,0,752,153,-1248,1,下位,0,0,0
375,375,0,273,639,0,0,0,178,200,-1312,1,下位,0,0,0
715,715,0,133,400,0,0,0,375,639,-1229,5,下位,0,0,0
281,281,0,35,106,0,0,0,715,400,-1890,1,下位,0,0,0
613,613,0,145,390,0,0,0,281,106,-2201,1,下位,0,0,0
494,494,0,33,100,0,0,0,613,390,-2720,2,下位,0,0,0
667,667,0,396,1052,0,0,0,494,100,-3353,1,下位,0,0,0
199,199,0,34,102,0,0,0,667,1052,-3291,4,下位,0,0,0
404,404,0,118,308,0,0,0,199,102,-3484,1,下位,0,0,0
580,580,0,111,290,0,0,0,404,308,-3775,2,下位,0,0,0
134,134,0,247,696,0,0,0,580,290,-4346,2,下位,0,0,0
513,513,0,37,113,0,0,0,134,696,-3849,2,下位,0,0,0
39,39,0,114,297,0,0,0,513,113,-4497,1,下位,0,0,0
184,184,0,82,201,1,0,0,0,0,1,0,下位,0,0,0
126,126,0,489,1288,0,0,0,184,201,-71,2,下位,0,0,0
243,243,0,53,157,0,0,0,126,1288,1030,5,下位,0,0,0
644,644,0,50,150,0,0,0,243,157,826,1,下位,0,0,0
78,78,0,172,428,0,0,0,644,150,21,1,下位,0,0,0
166,166,0,207,486,0,0,0,78,428,333,3,下位,0,0,0
559,559,0,37,110,0,0,0,166,486,573,4,下位,0,0,0
152,152,0,296,709,0,0,0,559,110,-146,1,下位,0,0,0
477,477,0,108,279,0,0,0,152,709,337,5,下位,0,0,0
850,850,0,161,438,0,0,0,477,279,-92,2,下位,0,0,0
364,364,0,47,141,0,0,0,850,438,-915,2,下位,0,0,0
964,964,0,140,375,0,0,0,364,141,-1314,1,下位,0,0,0
222,222,0,65,194,0,0,0,964,375,-2369,2,下位,0,0,0
185,185,0,89,221,1,0,0,0,0,1,0,下位,0,0,0
152,152,0,153,369,0,0,0,185,221,-52,2,下位,0,0,0
955,955,0,191,528,0,0,0,152,369,91,3,下位,0,0,0
789,789,0,72,215,0,0,0,955,528,-798,2,下位,0,0,0
75,75,0,26,78,0,0,0,789,215,-1754,1,下位,0,0,0
427,427,0,172,426,0,0,0,75,78,-1787,1,下位,0,0,0
295,295,0,56,168,0,0,0,427,426,-1995,3,下位,0,0,0
616,616,0,299,720,0,0,0,295,168,-2265,1,下位,0,0,0
517,517,0,200,600,0,0,0,616,720,-2459,5,下位,0,0,0
129,129,0,119,312,0,0,0,517,600,-2626,1,下位,0,0,0
766,766,0,35,105,0,0,0,129,312,-2505,2,下位,0,0,0
385,385,0,147,395,0,0,0,766,105,-3536,1,下位,0,0,0
764,764,0,40,121,0,0,0,385,395,-3712,2,下位,0,0,0
121,121,0,255,675,1,0,0,0,0,1,0,下位,0,0,0
142,142,0,37,112,0,0,0,121,675,496,3,下位,0,0,0
832,832,0,516,1457,0,0,0,142,112,397,1,下位,0,0,0
197,197,0,254,629,0,0,0,832,1457,620,3,下位,0,0,0
448,448,0,183,458,0,0,0,197,629,957,4,下位,0,0,0
274,274,0,184,506,0,0,0,448,458,750,3,下位,0,0,0
368,368,0,150,360,0,0,0,274,506,849,2,下位,0,0,0
279,279,0,193,487,0,0,0,368,360,663,3,下位,0,0,0
542,542,0,317,862,0,0,0,279,487,736,3,下位,0,0,0
74,74,0,395,1007,0,0,0,542,862,794,3,下位,0,0,0
260,260,0,238,624,0,0,0,74,1007,1691,5,下位,0,0,0
557,557,0,1521,4390,0,0,0,260,624,1929,3,下位,0,0,0
305,305,0,84,251,1,0,0,0,0,1,0,下位,0,0,0
545,545,0,147,396,0,0,0,305,251,-201,1,下位,0,0,0
656,656,0,141,376,0,0,0,545,396,-614,2,下位,0,0,0
448,448,0,414,1063,0,0,0,656,376,-1211,2,下位,0,0,0
127,127,0,43,130,0,0,0,448,1063,-813,5,下位,0,0,0
151,151,0,82,200,0,0,0,127,130,-871,1,下位,0,0,0
131,131,0,125,330,0,0,0,151,200,-895,2,下位,0,0,0
793,793,0,57,170,0,0,0,131,330,-759,2,下位,0,0,0
529,529,0,320,825,0,0,0,793,170,-1766,1,下位,0,0,0
570,570,0,110,287,0,0,0,529,825,-1726,4,下位,0,0,0
59,59,0,98,250,1,0,0,0,0,1,0,下位,0,0,0
86,86,0,130,343,0,0,0,59,250,163,2,下位,0,0,0
848,848,0,142,382,0,0,0,86,343,378,2,下位,0,0,0
256,256,0,250,658,0,0,0,848,382,-498,2,下位,0,0,0
446,446,0,57,171,0,0,0,256,658,-220,3,下位,0,0,0
381,381,0,518,1329,0,0,0,446,171,-711,1,下位,0,0,0
138,138,0,1057,2982,0,0,0,381,1329,53,6,下位,0,0,0
164,164,0,389,988,0,0,0,138,2982,2830,5,下位,0,0,0
1010,1010,0,154,417,0,0,0,164,988,989,5,下位,0,0,0
111,111,0,247,606,0,0,0,1010,417,-93,2,下位,0,0,0
191,191,0,42,125,0,0,0,111,606,348,4,下位,0,0,0
755,755,0,141,378,0,0,0,191,125,190,1,下位,0,0,0
392,392,0,278,653,0,0,0,755,378,-552,2,下位,0,0,0
212,212,0,104,266,0,0,0,392,653,-481,5,下位,0,0,0
190,190,0,44,133,1,0,0,0,0,1,0,下位,0,0,0
98,98,0,38,116,0,0,0,190,133,-148,1,下位,0,0,0
534,534,0,81,200,0,0,0,98,116,-177,1,下位,0,0,0
317,317,0,170,422,0,0,0,534,200,-769,2,下位,0,0,0
432,432,0,328,983,0,0,0,317,422,-817,3,下位,0,0,0
116,116,0,593,1555,0,0,0,432,983,-475,1,下位,0,0,0
160,160,0,99,250,0,0,0,116,1555,908,6,下位,0,0,0
122,122,0,35,106,0,0,0,160,250,921,2,下位,0,0,0
685,685,0,60,179,0,0,0,122,106,846,1,下位,0,0,0
260,260,0,151,409,0,0,0,685,179,9,1,下位,0,0,0
45,45,0,126,328,0,0,0,260,409,32,2,下位,0,0,0
934,934,0,49,146,0,0,0,45,328,293,2,下位,0,0,0
100,100,0,435,1214,0,0,0,934,146,-947,1,下位,0,0,0
145,145,0,104,267,0,0,0,100,1214,119,3,下位,0,0,0
125,125,0,96,245,0,0,0,145,267,171,2,下位,0,0,0
177,177,0,543,1539,0,0,0,125,245,231,2,下位,0,0,0
193,193,0,50,150,0,0,0,177,1539,1507,3,下位,0,0,0
432,432,0,41,124,1,0,0,0,0,1,0,下位,0,0,0
561,561,0,138,415,0,0,0,432,124,-516,1,下位,0,0,0
136,136,0,47,142,0,0,0,561,415,-933,1,下位,0,0,0
287,287,0,147,398,0,0,0,136,142,-993,1,下位,0,0,0
110,110,0,97,245,0,0,0,287,398,-1021,2,下位,0,0,0
196,196,0,94,237,0,0,0,110,245,-939,2,下位,0,0,0
65,65,0,37,111,0,0,0,196,237,-993,2,下位,0,0,0
133,133,0,46,138,0,0,0,65,111,-978,1,下位,0,0,0
229,229,0,80,197,0,0,0,133,138,-1037,1,下位,0,0,0
125,125,0,152,457,0,0,0,229,197,-1180,2,下位,0,0,0
438,438,0,135,361,0,0,0,125,457,-908,1,下位,0,0,0
509,509,0,50,149,0,0,0,438,361,-1197,2,下位,0,0,0
186,186,0,99,253,0,0,0,509,149,-1803,1,下位,0,0,0
102,102,0,34,103,0,0,0,186,253,-1826,2,下位,0,0,0
238,238,0,67,202,0,0,0,102,103,-1874,1,下位,0,0,0
408,408,0,48,142,0,0,0,238,202,-2025,1,下位,0,0,0
43,43,0,221,618,0,0,0,408,142,-2488,1,下位,0,0,0
193,193,0,82,200,0,0,0,43,618,-1934,2,下位,0,0,0
140,140,0,36,108,0,0,0,193,200,-2020,2,下位,0,0,0
538,538,0,772,2178,0,0,0,140,108,-2120,1,下位,0,0,0
348,348,0,37,112,1,0,0,0,0,1,0,下位,0,0,0
99,99,0,34,102,0,0,0,348,112,-403,1,下位,0,0,0
472,472,0,141,422,0,0,0,99,102,-448,1,下位,0,0,0
52,52,0,512,1358,0,0,0,472,422,-726,1,下位,0,0,0
118,118,0,294,706,0,0,0,52,1358,555,5,下位,0,0,0
420,420,0,51,154,0,0,0,118,706,1086,5,下位,0,0,0
86,86,0,58,174,0,0,0,420,154,617,1,下位,0,0,0
436,436,0,373,940,0,0,0,86,174,663,1,下位,0,0,0
1016,1016,0,39,117,0,0,0,436,940,956,5,下位,0,0,0
429,429,0,173,472,0,0,0,1016,117,-434,1,下位,0,0,0
539,539,0,70,211,0,0,0,429,472,-598,2,下位,0,0,0
857,857,0,100,302,0,0,0,539,211,-1187,1,下位,0,0,0
63,63,0,165,448,0,0,0,857,302,-2157,1,下位,0,0,0
572,572,0,43,129,0,0,0,63,448,-1802,2,下位,0,0,0
323,323,0,142,378,1,0,0,0,0,1,0,下位,0,0,0
135,135,0,636,1573,0,0,0,323,378,-100,2,下位,0,0,0
172,172,0,37,111,0,0,0,135,1573,304,8,上位,0,0,0
29,29,0,37,111,0,0,0,172,111,160,1,下位,0,0,0
355,355,0,38,112,0,0,0,29,111,228,1,下位,0,0,0
558,558,0,404,1080,0,0,0,355,112,-187,1,下位,0,0,0
279,279,0,115,301,0,0,0,558,1080,65,4,下位,0,0,0
805,805,0,224,625,0,0,0,279,301,-48,2,下位,0,0,0
152,152,0,112,294,0,0,0,805,625,-617,2,下位,0,0,0
357,357,0,296,752,0,0,0,152,294,-549,2,下位,0,0,0
400,400,0,201,603,0,0,0,357,752,-327,4,下位,0,0,0
291,291,0,1085,2976,0,0,0,400,603,-317,1,下位,0,0,0
155,155,0,242,724,0,0,0,291,2976,1901,7,上位,0,0,0
370,370,0,42,128,0,0,0,155,724,2395,1,下位,0,0,0
122,122,0,54,163,0,0,0,370,128,1974,1,下位,0,0,0
540,540,0,37,111,0,0,0,122,163,1956,1,下位,0,0,0
148,148,0,207,532,1,0,0,0,0,1,0,下位,0,0,0
486,486,0,255,628,0,0,0,148,532,313,3,下位,0,0,0
693,693,0,157,471,0,0,0,486,628,220,4,下位,0,0,0
120,120,0,83,205,0,0,0,693,471,-337,1,下位,0,0,0
209,209,0,254,628,0,0,0,120,205,-310,2,下位,0,0,0
204,204,0,566,1417,0,0,0,209,628,8,4,下位,0,0,0
88,88,0,674,1690,0,0,0,204,1417,523,7,上位,0,0,0
179,179,0,114,341,0,0,0,88,1690,427,8,上位,0,0,0
523,523,0,43,129,0,0,0,179,341,502,1,下位,0,0,0
350,350,0,79,192,0,0,0,523,129,-145,1,下位,0,0,0
77,77,0,174,477,0,0,0,350,192,-472,2,下位,0,0,0
383,383,0,46,137,0,0,0,77,477,-109,2,下位,0,0,0
423,423,0,147,396,0,0,0,383,137,-540,1,下位,0,0,0
57,57,0,143,429,0,0,0,423,396,-772,2,下位,0,0,0
630,630,0,57,172,0,0,0,57,429,-428,1,下位,0,0,0
417,417,0,36,108,1,0,0,0,0,1,0,下位,0,0,0
61,61,0,152,364,0,0,0,417,108,-510,1,下位,0,0,0
657,657,0,336,784,0,0,0,61,364,-237,3,下位,0,0,0
105,105,0,204,567,0,0,0,657,784,-428,6,下位,0,0,0
388,388,0,41,123,0,0,0,105,567,-17,2,下位,0,0,0
650,650,0,86,215,0,0,0,388,123,-470,1,下位,0,0,0
692,692,0,125,330,0,0,0,650,215,-1219,2,下位,0,0,0
487,487,0,46,137,0,0,0,692,330,-1916,2,下位,0,0,0
739,739,0,50,149,0,0,0,487,137,-2502,1,下位,0,0,0
123,123,0,175,480,0,0,0,739,149,-3449,1,下位,0,0,0
36,36,0,169,464,0,0,0,123,480,-3151,2,下位,0,0,0
101,101,0,88,218,0,0,0,36,464,-2740,2,下位,0,0,0
283,283,0,38,115,0,0,0,101,218,-2672,2,下位,0,0,0
203,203,0,43,129,0,0,0,283,115,-2977,1,下位,0,0,0
305,305,0,62,187,0,0,0,203,129,-3149,1,下位,0,0,0
123,123,0,67,200,0,0,0,305,187,-3415,1,下位,0,0,0
82,82,0,278,609,0,0,0,123,200,-3397,1,下位,0,0,0
234,234,0,96,242,0,0,0,82,609,-2910,6,下位,0,0,0
66,66,0,134,358,1,0,0,0,0,1,0,下位,0,0,0
127,127,0,126,378,0,0,0,66,358,261,2,下位,0,0,0
435,435,0,138,369,0,0,0,127,378,451,1,下位,0,0,0
315,315,0,416,1025,0,0,0,435,369,175,2,下位,0,0,0
95,95,0,84,207,0,0,0,315,1025,733,6,下位,0,0,0
297,297,0,136,407,0,0,0,95,207,799,2,下位,0,0,0
421,421,0,84,208,0,0,0,297,407,765,1,下位,0,0,0
460,460,0,210,585,0,0,0,421,208,348,2,下位,0,0,0
45,45,0,715,1867,0,0,0,460,585,251,2,下位,0,0,0
149,149,0,167,458,0,0,0,45,1867,883,7,上位,0,0,0
865,865,0,120,267,0,0,0,149,458,1120,2,下位,0,0,0
190,190,0,43,128,0,0,0,865,267,104,3,下位,0,0,0
766,766,0,71,213,0,0,0,190,128,-50,1,下位,0,0,0
158,158,0,98,251,0,0,0,766,213,-973,1,下位,0,0,0
112,112,0,47,140,0,0,0,158,251,-956,2,下位,0,0,0
451,451,0,214,551,0,0,0,112,140,-982,1,下位,0,0,0
181,181,0,42,126,0,0,0,451,551,-1100,3,下位,0,0,0
519,519,0,345,811,0,0,0,181,126,-1243,1,下位,0,0,0
138,138,0,208,577,0,0,0,519,811,-1202,6,下位,0,0,0
553,553,0,431,1161,1,0,0,0,0,1,0,下位,0,0,0
651,651,0,140,375,0,0,0,553,1161,342,4,下位,0,0,0
701,701,0,298,894,0,0,0,651,375,-249,2,下位,0,0,0
452,452,0,51,153,0,0,0,701,894,-395,1,下位,0,0,0
267,267,0,38,114,0,0,0,452,153,-913,1,下位,0,0,0
129,129,0,35,104,0,0,0,267,114,-1195,1,下位,0,0,0
216,216,0,37,110,0,0,0,129,104,-1282,1,下位,0,0,0
44,44,0,105,269,0,0,0,216,110,-1492,1,下位,0,0,0
767,767,0,93,235,0,0,0,44,269,-1288,2,下位,0,0,0
49,49,0,36,109,0,0,0,767,235,-2191,2,下位,0,0,0
434,434,0,157,381,0,0,0,49,109,-2155,1,下位,0,0,0
164,164,0,36,109,0,0,0,434,381,-2418,3,下位,0,0,0
120,120,0,98,250,0,0,0,164,109,-2552,1,下位,0,0,0
310,310,0,159,432,0,0,0,120,250,-2480,2,下位,0,0,0
754,754,0,103,262,0,0,0,310,432,-2508,2,下位,0,0,0
19,19,0,482,1218,0,0,0,754,262,-3365,2,下位,0,0,0
97,97,0,249,612,0,0,0,19,1218,-2175,6,下位,0,0,0
265,265,0,34,103,1,0,0,0,0,1,0,下位,0,0,0
196,196,0,81,198,0,0,0,265,103,-289,1,下位,0,0,0
233,233,0,336,873,0,0,0,196,198,-382,2,下位,0,0,0
254,254,0,393,1042,0,0,0,233,873,145,4,下位,0,0,0
206,206,0,73,218,0,0,0,254,1042,810,4,下位,0,0,0
135,135,0,44,131,0,0,0,206,218,722,1,下位,0,0,0
213,213,0,46,137,0,0,0,135,131,653,1,下位,0,0,0
483,483,0,38,115,0,0,0,213,137,474,1,下位,0,0,0
425,425,0,54,162,0,0,0,483,115,-128,1,下位,0,0,0
99,99,0,423,1179,0,0,0,425,162,-597,1,下位,0,0,0
126,126,0,87,216,0,0,0,99,1179,435,3,下位,0,0,0
115,115,0,543,1405,0,0,0,126,216,464,2,下位,0,0,0
201,201,0,116,304,0,0,0,115,1405,1698,6,下位,0,0,0
225,225,0,39,116,0,0,0,201,304,1704,2,下位,0,0,0
466,466,0,112,335,0,0,0,225,116,1486,1,下位,0,0,0
208,208,0,104,267,0,0,0,466,335,1130,1,下位,0,0,0
464,464,0,77,186,0,0,0,208,267,1088,2,下位,0,0,0
676,676,0,80,196,0,0,0,464,186,586,2,下位,0,0,0
333,333,0,397,1012,1,0,0,0,0,1,0,下位,0,0,0
449,449,0,108,279,0,0,0,333,1012,519,5,下位,0,0,0
587,587,0,101,257,0,0,0,449,279,132,2,下位,0,0,0
49,49,0,378,1045,0,0,0,587,257,-482,2,下位,0,0,0
144,144,0,265,659,0,0,0,49,1045,490,3,下位,0,0,0
152,152,0,164,405,0,0,0,144,659,935,4,下位,0,0,0
131,131,0,173,386,0,0,0,152,405,1114,3,下位,0,0,0
350,350,0,63,188,0,0,0,131,386,1306,4,下位,0,0,0
160,160,0,48,143,0,0,0,350,188,975,1,下位,0,0,0
213,213,0,96,242,0,0,0,160,143,881,1,下位,0,0,0
186,186,0,77,231,0,0,0,213,242,807,2,下位,0,0,0
170,170,0,88,219,0,0,0,186,231,762,1,下位,0,0,0
1009,1009,0,40,121,0,0,0,170,219,729,2,下位,0,0,0
637,637,0,40,119,0,0,0,1009,121,-647,1,下位,0,0,0
1010,1010,0,54,162,0,0,0,637,119,-1473,1,下位,0,0,0
258,258,0,37,110,1,0,0,0,0,1,0,下位,0,0,0
96,96,0,51,153,0,0,0,258,110,-272,1,下位,0,0,0
403,403,0,39,118,0,0,0,96,153,-261,1,下位,0,0,0
1010,1010,0,103,309,0,0,0,403,118,-741,1,下位,0,0,0
1014,1014,0,148,397,0,0,0,1010,309,-1931,1,下位,0,0,0
353,353,0,71,214,0,0,0,1014,397,-3038,2,下位,0,0,0
173,173,0,45,135,0,0,0,353,214,-3348,1,下位,0,0,0
359,359,0,39,117,0,0,0,173,135,-3470,1,下位,0,0,0
1011,1011,0,634,1675,0,0,0,359,117,-3886,1,下位,0,0,0
176,176,0,40,119,0,0,0,1011,1675,-3711,6,下位,0,0,0
469,469,0,97,292,0,0,0,176,119,-3853,1,下位,0,0,0
333,333,0,109,281,0,0,0,469,292,-4257,1,下位,0,0,0
158,158,0,68,205,1,0,0,0,0,1,0,下位,0,0,0
455,455,0,447,1115,0,0,0,158,205,-28,1,下位,0,0,0
125,125,0,48,143,0,0,0,455,1115,412,6,下位,0,0,0
153,153,0,45,136,0,0,0,125,143,370,1,下位,0,0,0
124,124,0,452,1079,0,0,0,153,136,279,1,下位,0,0,0
78,78,0,331,902,0,0,0,124,1079,310,7,上位,0,0,0
152,152,0,96,245,0,0,0,78,902,1096,3,下位,0,0,0
409,409,0,75,225,0,0,0,152,245,1115,2,下位,0,0,0
831,831,0,72,217,0,0,0,409,225,733,1,下位,0,0,0
544,544,0,35,106,0,0,0,831,217,-283,1,下位,0,0,0
202,202,0,326,844,0,0,0,544,106,-984,1,下位,0,0,0
40,40,0,31,92,0,0,0,202,844,-440,4,下位,0,0,0
376,376,0,81,196,0,0,0,40,92,-407,1,下位,0,0,0
109,109,0,38,115,0,0,0,376,196,-769,2,下位,0,0,0
188,188,0,203,562,0,0,0,109,115,-816,1,下位,0,0,0
244,244,0,112,292,0,0,0,188,562,-533,2,下位,0,0,0
498,498,0,89,220,0,0,0,244,292,-603,2,下位,0,0,0
240,240,0,41,123,1,0,0,0,0,1,0,下位,0,0,0
948,948,0,81,197,0,0,0,240,123,-232,1,下位,0,0,0
162,162,0,37,110,0,0,0,948,197,-1442,2,下位,0,0,0
258,258,0,79,238,0,0,0,162,110,-1572,1,下位,0,0,0
331,331,0,79,236,0,0,0,258,238,-1717,1,下位,0,0,0
1011,1011,0,325,930,0,0,0,331,236,-1972,1,下位,0,0,0
197,197,0,136,362,0,0,0,1011,930,-2542,2,下位,0,0,0
704,704,0,427,1145,0,0,0,197,362,-2472,2,下位,0,0,0
575,575,0,48,143,0,0,0,704,1145,-2372,4,下位,0,0,0
174,174,0,43,128,0,0,0,575,143,-3082,1,下位,0,0,0
298,298,0,122,319,0,0,0,174,128,-3212,1,下位,0,0,0
328,328,0,105,271,0,0,0,298,319,-3335,2,下位,0,0,0
166,166,0,184,552,0,0,0,328,271,-3551,2,下位,0,0,0
414,414,0,118,354,0,0,0,166,552,-3245,1,下位,0,0,0
141,141,0,110,286,0,0,0,414,354,-3505,1,下位,0,0,0
599,599,0,43,130,0,0,0,141,286,-3428,2,下位,0,0,0
257,257,0,52,157,1,0,0,0,0,1,0,下位,0,0,0
128,128,0,40,121,0,0,0,257,157,-223,1,下位,0,0,0
504,504,0,199,508,0,0,0,128,121,-292,1,下位,0,0,0
503,503,0,371,979,0,0,0,504,508,-532,3,下位,0,0,0
128,128,0,54,160,0,0,0,503,979,-299,4,下位,0,0,0
809,809,0,266,617,0,0,0,128,160,-329,1,下位,0,0,0
244,244,0,201,602,0,0,0,809,617,-912,5,下位,0,0,0
220,220,0,139,370,0,0,0,244,602,-672,1,下位,0,0,0
136,136,0,547,1459,0,0,0,220,370,-628,2,下位,0,0,0
289,289,0,175,479,0,0,0,136,1459,629,5,下位,0,0,0
141,141,0,70,210,0,0,0,289,479,679,2,下位,0,0,0
197,197,0,44,132,0,0,0,141,210,680,1,下位,0,0,0
135,135,0,54,162,0,0,0,197,132,520,1,下位,0,0,0
73,73,0,86,214,0,0,0,135,162,482,1,下位,0,0,0
622,622,0,467,1178,0,0,0,73,214,588,2,下位,0,0,0
126,126,0,48,143,0,0,0,622,1178,843,6,下位,0,0,0
597,597,0,168,458,0,0,0,126,143,799,1,下位,0,0,0
145,145,0,49,147,0,0,0,597,458,371,2,下位,0,0,0
401,401,0,157,426,1,0,0,0,0,1,0,下位,0,0,0
168,168,0,157,383,0,0,0,401,426,-168,2,下位,0,0,0
161,161,0,40,121,0,0,0,168,383,-34,3,下位,0,0,0
500,500,0,323,878,0,0,0,161,121,-152,1,下位,0,0,0
71,71,0,733,2144,0,0,0,500,878,-16,3,下位,0,0,0
177,177,0,55,166,0,0,0,71,2144,2023,2,下位,0,0,0
341,341,0,42,125,0,0,0,177,166,1926,1,下位,0,0,0
604,604,0,74,223,0,0,0,341,125,1545,1,下位,0,0,0
334,334,0,98,251,0,0,0,604,223,872,1,下位,0,0,0
326,326,0,609,1740,0,0,0,334,251,627,2,下位,0,0,0
225,225,0,452,1267,0,0,0,326,1740,1883,3,下位,0,0,0
574,574,0,47,140,0,0,0,225,1267,94,3,下位,0,0,0
483,483,0,100,256,0,0,0,574,140,-618,1,下位,0,0,0
779,779,0,42,126,0,0,0,483,256,-1079,2,下位,0,0,0
219,219,0,403,984,0,0,0,779,126,-2109,1,下位,0,0,0
372,372,0,219,612,1,0,0,0,0,1,0,下位,0,0,0
74,74,0,317,775,0,0,0,372,612,61,2,下位,0,0,0
479,479,0,173,473,0,0,0,74,775,726,5,下位,0,0,0
227,227,0,187,471,0,0,0,479,473,488,2,下位,0,0,0
296,296,0,150,359,0,0,0,227,471,622,3,下位,0,0,0
175,175,0,176,438,0,0,0,296,359,542,3,下位,0,0,0
130,130,0,197,456,0,0,0,175,438,720,3,下位,0,0,0
112,112,0,177,442,0,0,0,130,456,983,4,下位,0,0,0
252,252,0,236,620,0,0,0,112,442,1259,3,下位,0,0,0
110,110,0,76,228,0,0,0,252,620,1505,3,下位,0,0,0
122,122,0,38,115,0,0,0,110,228,1570,1,下位,0,0,0
310,310,0,388,938,0,0,0,122,115,1504,1,下位,0,0,0
222,222,0,106,272,0,0,0,310,938,1982,6,下位,0,0,0
59,59,0,35,104,0,0,0,222,272,1925,2,下位,0,0,0
360,360,0,38,115,0,0,0,59,104,1941,1,下位,0,0,0
703,703,0,233,565,0,0,0,360,115,1522,1,下位,0,0,0
359,359,0,408,1224,0,0,0,703,565,1044,4,下位,0,0,0
187,187,0,267,665,0,0,0,359,1224,1735,1,下位,0,0,0
145,145,0,262,695,0,0,0,187,665,2123,4,下位,0,0,0
42,42,0,85,255,0,0,0,145,695,162,3,下位,0,0,0
481,481,0,40,120,1,0,0,0,0,1,0,下位,0,0,0
181,181,0,83,205,0,0,0,481,120,-593,1,下位,0,0,0
99,99,0,97,247,0,0,0,181,205,-657,2,下位,0,0,0
721,721,0,39,118,0,0,0,99,247,-557,2,下位,0,0,0
326,326,0,172,471,0,0,0,721,118,-1509,1,下位,0,0,0
325,325,0,60,181,0,0,0,326,471,-1522,2,下位,0,0,0
422,422,0,148,356,0,0,0,325,181,-1823,1,下位,0,0,0
142,142,0,265,661,0,0,0,422,356,-2093,3,下位,0,0,0
271,271,0,136,365,0,0,0,142,661,-1643,4,下位,0,0,0
228,228,0,87,218,0,0,0,271,365,-1680,2,下位,0,0,0
306,306,0,408,1044,0,0,0,228,218,-1800,2,下位,0,0,0
456,456,0,274,689,0,0,0,306,1044,-1210,5,下位,0,0,0
395,395,0,517,1460,0,0,0,456,689,-1198,4,下位,0,0,0
460,460,0,37,111,0,0,0,395,1460,-324,3,下位,0,0,0
468,468,0,124,371,0,0,0,460,111,-895,1,下位,0,0,0
802,802,0,147,439,0,0,0,468,371,-1218,1,下位,0,0,0
409,409,0,70,211,1,0,0,0,0,1,0,下位,0,0,0
413,413,0,99,250,0,0,0,409,211,-395,1,下位,0,0,0
161,161,0,472,1194,0,0,0,413,250,-758,2,下位,0,0,0
100,100,0,57,170,0,0,0,161,1194,197,6,下位,0,0,0
161,161,0,114,343,0,0,0,100,170,219,1,下位,0,0,0
142,142,0,240,586,0,0,0,161,343,323,1,下位,0,0,0
175,175,0,180,496,0,0,0,142,586,698,4,下位,0,0,0
330,330,0,325,839,0,0,0,175,496,934,2,下位,0,0,0
780,780,0,48,143,0,0,0,330,839,1283,4,下位,0,0,0
375,375,0,134,355,0,0,0,780,143,269,1,下位,0,0,0
558,558,0,37,110,0,0,0,375,355,68,2,下位,0,0,0
107,107,0,38,114,0,0,0,558,110,-650,1,下位,0,0,0
786,786,0,251,708,0,0,0,107,114,-695,1,下位,0,0,0
393,393,0,132,306,0,0,0,786,708,-1153,2,下位,0,0,0
589,589,0,141,378,0,0,0,393,306,-1430,3,下位,0,0,0
769,769,0,75,225,0,0,0,589,378,-1926,2,下位,0,0,0
33,33,0,39,117,1,0,0,0,0,1,0,下位,0,0,0
170,170,0,302,773,0,0,0,33,117,69,1,下位,0,0,0
683,683,0,173,430,0,0,0,170,773,590,4,下位,0,0,0
103,103,0,80,197,0,0,0,683,430,7,3,下位,0,0,0
326,326,0,55,164,0,0,0,103,197,51,2,下位,0,0,0
775,775,0,47,141,0,0,0,326,164,-269,1,下位,0,0,0
918,918,0,329,988,0,0,0,775,141,-1278,1,下位,0,0,0
492,492,0,287,728,0,0,0,918,988,-1652,1,下位,0,0,0
825,825,0,125,329,0,0,0,492,728,-1654,4,下位,0,0,0
88,88,0,63,190,0,0,0,825,329,-2549,2,下位,0,0,0
978,978,0,84,251,0,0,0,88,190,-2490,1,下位,0,0,0
474,474,0,44,133,0,0,0,978,251,-3690,1,下位,0,0,0
106,106,0,30,90,1,0,0,0,0,1,0,下位,0,0,0
476,476,0,125,332,0,0,0,106,90,-66,1,下位,0,0,0
334,334,0,259,641,0,0,0,476,332,-440,2,下位,0,0,0
778,778,0,124,329,0,0,0,334,641,-295,4,下位,0,0,0
115,115,0,167,456,0,0,0,778,329,-1120,2,下位,0,0,0
1009,1009,0,40,119,0,0,0,115,456,-835,2,下位,0,0,0
616,616,0,124,327,0,0,0,1009,119,-2213,1,下位,0,0,0
421,421,0,89,221,0,0,0,616,327,-2800,2,下位,0,0,0
76,76,0,132,352,0,0,0,421,221,-3204,2,下位,0,0,0
144,144,0,111,286,0,0,0,76,352,-2965,2,下位,0,0,0
298,298,0,93,236,0,0,0,144,286,-2893,2,下位,0,0,0
1008,1008,0,445,1110,0,0,0,298,236,-3099,2,下位,0,0,0
109,109,0,103,265,0,0,0,1008,1110,-3485,6,下位,0,0,0
251,251,0,425,1096,1,0,0,0,0,1,0,下位,0,0,0
227,227,0,77,231,0,0,0,251,1096,725,5,下位,0,0,0
415,415,0,460,1288,0,0,0,227,231,619,1,下位,0,0,0
674,674,0,55,164,0,0,0,415,1288,1291,3,下位,0,0,0
174,174,0,170,511,0,0,0,674,164,455,1,下位,0,0,0
348,348,0,36,107,0,0,0,174,511,708,1,下位,0,0,0
426,426,0,220,615,0,0,0,348,107,299,1,下位,0,0,0
720,720,0,119,312,0,0,0,426,615,282,2,下位,0,0,0
144,144,0,93,279,0,0,0,720,312,-474,2,下位,0,0,0
1009,1009,0,167,455,0,0,0,144,279,-409,1,下位,0,0,0
525,525,0,103,265,0,0,0,1009,455,-1451,2,下位,0,0,0
202,202,0,325,883,0,0,0,525,265,-1965,2,下位,0,0,0
709,709,0,440,1140,0,0,0,202,883,-1382,3,下位,0,0,0
135,135,0,157,381,1,0,0,0,0,1,0,下位,0,0,0
95,95,0,167,457,0,0,0,135,381,182,3,下位,0,0,0
392,392,0,217,606,0,0,0,95,457,498,2,下位,0,0,0
171,171,0,36,108,0,0,0,392,606,522,2,下位,0,0,0
296,296,0,131,303,0,0,0,171,108,376,1,下位,0,0,0
363,363,0,40,119,0,0,0,296,303,240,3,下位,0,0,0
104,104,0,287,771,0,0,0,363,119,-180,1,下位,0,0,0
118,118,0,41,124,0,0,0,104,771,437,3,下位,0,0,0
173,173,0,112,289,0,0,0,118,124,386,1,下位,0,0,0
40,40,0,42,125,0,0,0,173,289,418,2,下位,0,0,0
447,447,0,84,252,0,0,0,40,125,484,1,下位,0,0,0
255,255,0,125,330,0,0,0,447,252,73,1,下位,0,0,0
966,966,0,285,765,0,0,0,255,330,25,2,下位,0,0,0
1012,1012,0,133,355,0,0,0,966,765,-643,3,下位,0,0,0
140,140,0,204,521,0,0,0,1012,355,-1789,2,下位,0,0,0
74,74,0,261,649,0,0,0,140,521,-1476,3,下位,0,0,0
291,291,0,44,132,1,0,0,0,0,1,0,下位,0,0,0
426,426,0,299,717,0,0,0,291,132,-299,1,下位,0,0,0
218,218,0,44,133,0,0,0,426,717,-214,5,下位,0,0,0
56,56,0,103,309,0,0,0,218,133,-404,1,下位,0,0,0
939,939,0,48,143,0,0,0,56,309,-178,1,下位,0,0,0
125,125,0,64,191,0,0,0,939,143,-1428,1,下位,0,0,0
130,130,0,270,809,0,0,0,125,191,-1422,1,下位,0,0,0
875,875,0,59,178,0,0,0,130,809,-806,1,下位,0,0,0
432,432,0,222,622,0,0,0,875,178,-1926,1,下位,0,0,0
770,770,0,261,644,0,0,0,432,622,-1945,2,下位,0,0,0
782,782,0,71,213,0,0,0,770,644,-2443,4,下位,0,0,0
389,389,0,46,137,0,0,0,782,213,-3390,1,下位,0,0,0
139,139,0,46,138,0,0,0,389,137,-3830,1,下位,0,0,0
118,118,0,35,105,0,0,0,139,138,-3898,1,下位,0,0,0
125,125,0,35,106,0,0,0,118,105,-3968,1,下位,0,0,0
60,60,0,267,622,1,0,0,0,0,1,0,下位,0,0,0
200,200,0,234,566,0,0,0,60,622,534,5,下位,0,0,0
648,648,0,65,196,0,0,0,200,566,803,4,下位,0,0,0
689,689,0,40,121,0,0,0,648,196,38,1,下位,0,0,0
176,176,0,118,354,0,0,0,689,121,-863,1,下位,0,0,0
492,492,0,69,208,0,0,0,176,354,-770,1,下位,0,0,0
1008,1008,0,254,580,0,0,0,492,208,-1292,1,下位,0,0,0
119,119,0,242,591,0,0,0,1008,580,-2208,5,下位,0,0,0
102,102,0,35,104,0,0,0,119,591,-1794,4,下位,0,0,0
267,267,0,46,139,0,0,0,102,104,-1841,1,下位,0,0,0
237,237,0,147,397,0,0,0,267,139,-2098,1,下位,0,0,0
1011,1011,0,224,584,0,0,0,237,397,-2053,2,下位,0,0,0
264,264,0,165,494,0,0,0,1011,584,-2969,3,下位,0,0,0
656,656,0,47,140,0,0,0,264,494,-2867,1,下位,0,0,0
146,146,0,822,2134,0,0,0,656,140,-3700,1,下位,0,0,0
535,535,0,432,1118,1,0,0,0,0,1,0,下位,0,0,0
170,170,0,576,1502,0,0,0,535,1118,325,5,下位,0,0,0
80,80,0,82,245,0,0,0,170,1502,1575,6,下位,0,0,0
233,233,0,126,334,0,0,0,80,245,1701,1,下位,0,0,0
35,35,0,89,222,0,0,0,233,334,1689,2,下位,0,0,0
192,192,0,138,371,0,0,0,35,222,1859,2,下位,0,0,0
458,458,0,148,352,0,0,0,192,371,1945,2,下位,0,0,0
151,151,0,154,420,0,0,0,458,352,1617,3,下位,0,0,0
192,192,0,48,143,0,0,0,151,420,1813,2,下位,0,0,0
723,723,0,61,182,0,0,0,192,143,1671,1,下位,0,0,0
753,753,0,150,450,0,0,0,723,182,780,1,下位,0,0,0
132,132,0,86,213,0,0,0,753,450,113,1,下位,0,0,0
861,861,0,211,633,0,0,0,132,213,130,2,下位,0,0,0
213,213,0,45,136,0,0,0,861,633,-514,1,下位,0,0,0
120,120,0,487,1239,0,0,0,213,136,-694,1,下位,0,0,0
56,56,0,35,106,1,0,0,0,0,1,0,下位,0,0,0
558,558,0,146,393,0,0,0,56,106,24,1,下位,0,0,0
481,481,0,254,718,0,0,0,558,393,-411,2,下位,0,0,0
648,648,0,46,138,0,0,0,481,718,-407,2,下位,0,0,0
875,875,0,75,226,0,0,0,648,138,-1230,1,下位,0,0,0
447,447,0,43,128,0,0,0,875,226,-2302,1,下位,0,0,0
134,134,0,323,835,0,0,0,447,128,-2837,1,下位,0,0,0
572,572,0,116,304,0,0,0,134,835,-2201,4,下位,0,0,0
222,222,0,234,611,0,0,0,572,304,-2746,2,下位,0,0,0
212,212,0,52,156,0,0,0,222,611,-2464,3,下位,0,0,0
224,224,0,40,120,0,0,0,212,156,-2623,1,下位,0,0,0
118,118,0,202,517,0,0,0,224,120,-2835,1,下位,0,0,0
458,458,0,884,2373,0,0,0,118,517,-2493,3,下位,0,0,0
156,156,0,127,338,0,0,0,458,2373,-800,7,上位,0,0,0
353,353,0,89,222,1,0,0,0,0,1,0,下位,0,0,0
334,334,0,245,602,0,0,0,353,222,-301,2,下位,0,0,0
67,67,0,49,146,0,0,0,334,602,-195,4,下位,0,0,0
360,360,0,79,236,0,0,0,67,146,-148,1,下位,0,0,0
413,413,0,47,139,0,0,0,360,236,-446,1,下位,0,0,0
170,170,0,105,314,0,0,0,413,139,-920,1,下位,0,0,0
588,588,0,199,465,0,0,0,170,314,-858,1,下位,0,0,0
1021,1021,0,170,466,0,0,0,588,465,-1265,4,下位,0,0,0
159,159,0,40,120,0,0,0,1021,466,-2314,2,下位,0,0,0
103,103,0,35,105,0,0,0,159,120,-2430,1,下位,0,0,0
200,200,0,194,535,0,0,0,103,105,-2478,1,下位,0,0,0
113,113,0,107,276,0,0,0,200,535,-2240,2,下位,0,0,0
152,152,0,83,203,0,0,0,113,276,-2132,2,下位,0,0,0
113,113,0,40,120,0,0,0,152,203,-2155,2,下位,0,0,0
167,167,0,38,114,0,0,0,113,120,-2203,1,下位,0,0,0
582,582,0,89,223,0,0,0,167,114,-2337,1,下位,0,0,0
155,155,0,38,114,0,0,0,582,223,-2978,2,下位,0,0,0
154,154,0,39,118,0,0,0,155,114,-3094,1,下位,0,0,0
255,255,0,240,585,1,0,0,0,0,1,0,下位,0,0,0
175,175,0,175,388,0,0,0,255,585,208,4,下位,0,0,0
191,191,0,78,191,0,0,0,175,388,336,4,下位,0,0,0
505,505,0,81,243,0,0,0,191,191,244,2,下位,0,0,0
395,395,0,350,914,0,0,0,505,243,-262,1,下位,0,0,0
411,411,0,205,482,0,0,0,395,914,66,4,下位,0,0,0
402,402,0,455,1323,0,0,0,411,482,-62,4,下位,0,0,0
546,546,0,48,144,0,0,0,402,1323,665,2,下位,0,0,0
503,503,0,122,322,0,0,0,546,144,-1,1,下位,0,0,0
215,215,0,45,135,0,0,0,503,322,-425,2,下位,0,0,0
784,784,0,83,250,0,0,0,215,135,-609,1,下位,0,0,0
579,579,0,94,282,0,0,0,784,250,-1522,1,下位,0,0,0
519,519,0,55,165,1,0,0,0,0,1,0,下位,0,0,0
208,208,0,130,390,0,0,0,519,165,-604,1,下位,0,0,0
131,131,0,36,108,0,0,0,208,390,-523,1,下位,0,0,0
144,144,0,90,225,0,0,0,131,108,-609,1,下位,0,0,0
397,397,0,262,692,0,0,0,144,225,-598,2,下位,0,0,0
246,246,0,50,151,0,0,0,397,692,-495,3,下位,0,0,0
987,987,0,41,125,0,0,0,246,151,-709,1,下位,0,0,0
527,527,0,301,766,0,0,0,987,125,-2048,1,下位,0,0,0
756,756,0,158,429,0,0,0,527,766,-2064,4,下位,0,0,0
563,563,0,88,220,0,0,0,756,429,-2757,2,下位,0,0,0
97,97,0,180,448,0,0,0,563,220,-3372,2,下位,0,0,0
618,618,0,122,366,0,0,0,97,448,-3068,3,下位,0,0,0
200,200,0,33,100,1,0,0,0,0,1,0,下位,0,0,0
163,163,0,40,121,0,0,0,200,100,-196,1,下位,0,0,0
119,119,0,51,153,0,0,0,163,121,-317,1,下位,0,0,0
48,48,0,1325,3637,0,0,0,119,153,-341,1,下位,0,0,0
140,140,0,36,108,0,0,0,48,3637,990,8,上位,0,0,0
450,450,0,82,203,0,0,0,140,108,890,1,下位,0,0,0
816,816,0,61,184,0,0,0,450,203,425,2,下位,0,0,0
302,302,0,246,601,0,0,0,816,184,-602,1,下位,0,0,0
706,706,0,47,139,0,0,0,302,601,-449,4,下位,0,0,0
801,801,0,157,427,0,0,0,706,139,-1357,1,下位,0,0,0
464,464,0,63,189,0,0,0,801,427,-2118,2,下位,0,0,0
244,244,0,37,110,0,0,0,464,189,-2617,1,下位,0,0,0
214,214,0,37,113,1,0,0,0,0,1,0,下位,0,0,0
74,74,0,143,383,0,0,0,214,113,-204,1,下位,0,0,0
1010,1010,0,256,633,0,0,0,74,383,69,2,下位,0,0,0
275,275,0,37,110,0,0,0,1010,633,-797,4,下位,0,0,0
140,140,0,294,748,0,0,0,275,110,-1095,1,下位,0,0,0
543,543,0,34,103,0,0,0,140,748,-555,4,下位,0,0,0
260,260,0,275,782,0,0,0,543,103,-1258,1,下位,0,0,0
1008,1008,0,379,959,0,0,0,260,782,-862,2,下位,0,0,0
160,160,0,109,282,0,0,0,1008,959,-1399,5,下位,0,0,0
482,482,0,45,135,0,0,0,160,282,-1354,2,下位,0,0,0
791,791,0,266,661,0,0,0,482,135,-1934,1,下位,0,0,0
407,407,0,219,567,0,0,0,791,661,-2447,4,下位,0,0,0
310,310,0,103,263,0,0,0,407,567,-2484,3,下位,0,0,0
287,287,0,50,150,1,0,0,0,0,1,0,下位,0,0,0
133,133,0,396,1056,0,0,0,287,150,-275,1,下位,0,0,0
477,477,0,821,2185,0,0,0,133,1056,584,4,下位,0,0,0
171,171,0,324,788,0,0,0,477,2185,571,7,上位,0,0,0
160,160,0,37,110,0,0,0,171,788,1105,5,下位,0,0,0
206,206,0,170,465,0,0,0,160,110,978,1,下位,0,0,0
275,275,0,101,257,0,0,0,206,465,1137,2,下位,0,0,0
295,295,0,180,448,0,0,0,275,257,986,2,下位,0,0,0
143,143,0,423,1046,0,0,0,295,448,996,3,下位,0,0,0
94,94,0,93,280,0,0,0,143,1046,1830,6,下位,0,0,0
435,435,0,40,120,0,0,0,94,280,1971,1,下位,0,0,0
554,554,0,44,133,0,0,0,435,120,1446,1,下位,0,0,0
689,689,0,1314,3666,0,0,0,554,133,757,1,下位,0,0,0
133,133,0,290,689,0,0,0,689,3666,523,7,上位,0,0,0
160,160,0,51,153,0,0,0,133,689,1015,5,下位,0,0,0
41,41,0,70,210,1,0,0,0,0,1,0,下位,0,0,0
800,800,0,134,356,0,0,0,41,210,150,1,下位,0,0,0
499,499,0,737,2122,0,0,0,800,356,-681,2,下位,0,0,0
443,443,0,288,687,0,0,0,499,2122,701,3,下位,0,0,0
133,133,0,37,111,0,0,0,443,687,731,5,下位,0,0,0
297,297,0,2339,6608,0,0,0,133,111,645,1,下位,0,0,0
160,160,0,35,106,0,0,0,297,6608,1012,9,上位,0,0,0
394,394,0,41,122,0,0,0,160,106,881,1,下位,0,0,0
613,613,0,110,287,0,0,0,394,122,418,1,下位,0,0,0
195,195,0,478,1158,0,0,0,613,287,-204,2,下位,0,0,0
171,171,0,89,223,0,0,0,195,1158,461,7,上位,0,0,0
276,276,0,117,306,0,0,0,171,223,430,2,下位,0,0,0
80,80,0,117,305,0,0,0,276,306,327,2,下位,0,0,0
606,606,0,756,2089,0,0,0,80,305,513,2,下位,0,0,0
284,284,0,86,258,1,0,0,0,0,1,0,下位,0,0,0
936,936,0,284,762,0,0,0,284,258,-162,1,下位,0,0,0
286,286,0,1515,4382,0,0,0,936,762,-789,3,下位,0,0,0
172,172,0,288,818,0,0,0,286,4382,607,4,下位,0,0,0
557,557,0,172,471,0,0,0,172,818,1170,2,下位,0,0,0
577,577,0,588,1482,0,0,0,557,471,815,2,下位,0,0,0
211,211,0,165,404,0,0,0,577,1482,363,7,上位,0,0,0
508,508,0,149,400,0,0,0,211,404,454,3,下位,0,0,0
417,417,0,42,127,0,0,0,508,400,100,2,下位,0,0,0
56,56,0,36,108,0,0,0,417,127,-392,1,下位,0,0,0
623,623,0,128,339,0,0,0,56,108,-367,1,下位,0,0,0
107,107,0,462,1158,0,0,0,623,339,-952,2,下位,0,0,0
120,120,0,213,503,0,0,0,107,1158,47,6,下位,0,0,0
143,143,0,220,572,0,0,0,120,503,372,4,下位,0,0,0
232,232,0,240,676,1,0,0,0,0,1,0,下位,0,0,0
848,848,0,1203,3273,0,0,0,232,676,333,2,下位,0,0,0
136,136,0,38,114,0,0,0,848,3273,1039,8,上位,0,0,0
474,474,0,106,272,0,0,0,136,114,951,1,下位,0,0,0
159,159,0,75,224,0,0,0,474,272,520,2,下位,0,0,0
163,163,0,116,303,0,0,0,159,224,508,1,下位,0,0,0
133,133,0,36,109,0,0,0,163,303,569,2,下位,0,0,0
580,580,0,97,291,0,0,0,133,109,481,1,下位,0,0,0
31,31,0,140,377,0,0,0,580,291,-89,1,下位,0,0,0
591,591,0,41,124,0,0,0,31,377,242,2,下位,0,0,0
81,81,0,96,245,0,0,0,591,124,-511,1,下位,0,0,0
161,161,0,176,392,0,0,0,81,245,-386,2,下位,0,0,0
851,851,0,83,248,0,0,0,161,392,-233,4,下位,0,0,0
452,452,0,214,595,0,0,0,851,248,-1248,1,下位,0,0,0
441,441,0,178,488,1,0,0,0,0,1,0,下位,0,0,0
167,167,0,56,167,0,0,0,441,488,-165,2,下位,0,0,0
576,576,0,45,135,0,0,0,167,167,-246,1,下位,0,0,0
959,959,0,179,492,0,0,0,576,135,-966,1,下位,0,0,0
693,693,0,58,175,0,0,0,959,492,-1897,2,下位,0,0,0
756,756,0,103,310,0,0,0,693,175,-2750,1,下位,0,0,0
549,549,0,34,103,0,0,0,756,310,-3562,1,下位,0,0,0
149,149,0,59,176,0,0,0,549,103,-4274,1,下位,0,0,0
88,88,0,35,106,0,0,0,149,176,-4319,1,下位,0,0,0
155,155,0,53,159,0,0,0,88,106,-4344,1,下位,0,0,0
722,722,0,61,183,0,0,0,155,159,-4415,1,下位,0,0,0
153,153,0,99,252,1,0,0,0,0,1,0,下位,0,0,0
549,549,0,142,380,0,0,0,153,252,26,2,下位,0,0,0
358,358,0,75,225,0,0,0,549,380,-409,2,下位,0,0,0
225,225,0,112,291,0,0,0,358,225,-715,1,下位,0,0,0
672,672,0,105,269,0,0,0,225,291,-758,2,下位,0,0,0
180,180,0,49,147,0,0,0,672,269,-1486,2,下位,0,0,0
723,723,0,98,293,0,0,0,180,147,-1606,1,下位,0,0,0
340,340,0,98,295,0,0,0,723,293,-2386,1,下位,0,0,0
100,100,0,118,311,0,0,0,340,295,-2595,1,下位,0,0,0
133,133,0,490,1469,0,0,0,100,311,-2432,2,下位,0,0,0
402,402,0,295,750,0,0,0,133,1469,-1160,1,下位,0,0,0
544,544,0,220,570,0,0,0,402,750,-1006,4,下位,0,0,0
168,168,0,165,403,0,0,0,544,570,-1243,3,下位,0,0,0
337,337,0,157,381,0,0,0,168,403,-1089,3,下位,0,0,0
218,218,0,199,505,0,0,0,337,381,-1208,3,下位,0,0,0
491,491,0,118,309,0,0,0,218,505,-1026,3,下位,0,0,0
523,523,0,43,130,1,0,0,0,0,1,0,下位,0,0,0
562,562,0,38,115,0,0,0,523,130,-645,1,下位,0,0,0
217,217,0,40,119,0,0,0,562,115,-1364,1,下位,0,0,0
369,369,0,226,677,0,0,0,217,119,-1567,1,下位,0,0,0
1010,1010,0,82,245,0,0,0,369,677,-1437,1,下位,0,0,0
22,22,0,89,223,0,0,0,1010,245,-2691,1,下位,0,0,0
1009,1009,0,62,187,0,0,0,22,223,-2501,2,下位,0,0,0
91,91,0,60,179,0,0,0,1009,187,-3811,1,下位,0,0,0
285,285,0,2531,7256,0,0,0,91,179,-3767,1,下位,0,0,0
251,251,0,76,183,1,0,0,0,0,1,0,下位,0,0,0
752,752,0,510,1349,0,0,0,251,183,-188,2,下位,0,0,0
367,367,0,303,775,0,0,0,752,1349,45,5,下位,0,0,0
98,98,0,238,624,0,0,0,367,775,275,4,下位,0,0,0
266,266,0,541,1443,0,0,0,98,624,754,3,下位,0,0,0
917,917,0,211,586,0,0,0,266,1443,1802,5,下位,0,0,0
1001,1001,0,294,661,0,0,0,917,586,1027,2,下位,0,0,0
146,146,0,75,225,0,0,0,1001,661,203,6,下位,0,0,0
66,66,0,78,188,0,0,0,146,225,211,1,下位,0,0,0
180,180,0,39,118,0,0,0,66,188,301,2,下位,0,0,0
401,401,0,337,966,1,0,0,0,0,1,0,下位,0,0,0
327,327,0,254,716,0,0,0,401,966,372,2,下位,0,0,0
720,720,0,134,358,0,0,0,327,716,603,2,下位,0,0,0
711,711,0,1492,4034,0,0,0,720,358,-107,2,下位,0,0,0
103,103,0,113,293,0,0,0,711,4034,331,10,上位,0,0,0
722,722,0,43,128,0,0,0,103,293,471,2,下位,0,0,0
179,179,0,60,179,0,0,0,722,128,-472,1,下位,0,0,0
302,302,0,118,310,0,0,0,179,179,-559,1,下位,0,0,0
370,370,0,51,154,0,0,0,302,310,-697,2,下位,0,0,0
351,351,0,45,135,0,0,0,370,154,-1092,1,下位,0,0,0
428,428,0,35,104,0,0,0,351,135,-1478,1,下位,0,0,0
274,274,0,40,120,0,0,0,428,104,-2009,1,下位,0,0,0
439,439,0,67,201,0,0,0,274,120,-2296,1,下位,0,0,0
482,482,0,41,122,1,0,0,0,0,1,0,下位,0,0,0
177,177,0,38,113,0,0,0,482,122,-592,1,下位,0,0,0
684,684,0,206,617,0,0,0,177,113,-742,1,下位,0,0,0
80,80,0,237,578,0,0,0,684,617,-1140,1,下位,0,0,0
684,684,0,49,147,0,0,0,80,578,-681,4,下位,0,0,0
528,528,0,162,397,0,0,0,684,147,-1549,1,下位,0,0,0
1012,1012,0,305,778,0,0,0,528,397,-1935,3,下位,0,0,0
323,323,0,498,1268,0,0,0,1012,778,-2658,4,下位,0,0,0
54,54,0,224,537,0,0,0,323,1268,-1869,6,下位,0,0,0
192,192,0,36,107,0,0,0,54,537,-1412,4,下位,0,0,0
142,142,0,61,184,0,0,0,192,107,-1590,1,下位,0,0,0
343,343,0,75,181,0,0,0,142,184,-1617,1,下位,0,0,0
978,978,0,37,111,0,0,0,343,181,-1945,2,下位,0,0,0
439,439,0,168,458,1,0,0,0,0,1,0,下位,0,0,0
184,184,0,74,222,0,0,0,439,458,-192,2,下位,0,0,0
652,652,0,46,137,0,0,0,184,222,-243,1,下位,0,0,0
181,181,0,38,115,0,0,0,652,137,-1073,1,下位,0,0,0
129,129,0,43,129,0,0,0,181,115,-1227,1,下位,0,0,0
89,89,0,214,554,0,0,0,129,129,-1289,1,下位,0,0,0
646,646,0,133,353,0,0,0,89,554,-867,3,下位,0,0,0
151,151,0,304,777,0,0,0,646,353,-1472,2,下位,0,0,0
718,718,0,177,439,0,0,0,151,777,-919,4,下位,0,0,0
177,177,0,35,106,0,0,0,718,439,-1545,3,下位,0,0,0
161,161,0,1087,2978,0,0,0,177,106,-1702,1,下位,0,0,0
155,155,0,148,401,0,0,0,161,2978,378,7,上位,0,0,0
507,507,0,136,319,0,0,0,155,401,549,2,下位,0,0,0
541,541,0,37,112,0,0,0,507,319,116,3,下位,0,0,0
301,301,0,45,134,1,0,0,0,0,1,0,下位,0,0,0
251,251,0,93,235,0,0,0,301,134,-312,1,下位,0,0,0
162,162,0,141,377,0,0,0,251,235,-449,2,下位,0,0,0
157,157,0,151,406,0,0,0,162,377,-312,2,下位,0,0,0
183,183,0,38,114,0,0,0,157,406,-139,2,下位,0,0,0
289,289,0,980,2610,0,0,0,183,114,-297,1,下位,0,0,0
156,156,0,36,109,0,0,0,289,2610,427,8,上位,0,0,0
702,702,0,35,105,0,0,0,156,109,305,1,下位,0,0,0
104,104,0,155,419,0,0,0,702,105,-632,1,下位,0,0,0
350,350,0,49,147,0,0,0,104,419,-367,2,下位,0,0,0
197,197,0,291,785,0,0,0,350,147,-739,1,下位,0,0,0
544,544,0,94,236,0,0,0,197,785,-246,3,下位,0,0,0
139,139,0,39,117,0,0,0,544,236,-817,2,下位,0,0,0
149,149,0,91,227,0,0,0,139,117,-906,1,下位,0,0,0
93,93,0,118,311,0,0,0,149,227,-900,2,下位,0,0,0
84,84,0,39,117,0,0,0,93,311,-727,2,下位,0,0,0
98,98,0,36,106,0,0,0,84,117,-735,1,下位,0,0,0
780,780,0,56,168,0,0,0,98,106,-774,1,下位,0,0,0
766,766,0,177,489,0,0,0,780,168,-1763,1,下位,0,0,0
25,25,0,33,100,0,0,0,766,489,-2410,2,下位,0,0,0
18,18,0,75,226,1,0,0,0,0,1,0,下位,0,0,0
355,355,0,186,511,0,0,0,18,226,200,1,下位,0,0,0
56,56,0,38,114,0,0,0,355,511,184,2,下位,0,0,0
229,229,0,251,617,0,0,0,56,114,215,1,下位,0,0,0
160,160,0,34,102,0,0,0,229,617,492,4,下位,0,0,0
35,35,0,44,131,0,0,0,160,102,357,1,下位,0,0,0
153,153,0,35,106,0,0,0,35,131,436,1,下位,0,0,0
143,143,0,302,724,0,0,0,153,106,315,1,下位,0,0,0
348,348,0,35,106,0,0,0,143,724,827,5,下位,0,0,0
137,137,0,34,103,0,0,0,348,106,417,1,下位,0,0,0
197,197,0,160,389,0,0,0,137,103,317,1,下位,0,0,0
430,430,0,44,131,0,0,0,197,389,414,3,下位,0,0,0
256,256,0,40,119,0,0,0,430,131,-93,1,下位,0,0,0
161,161,0,319,820,0,0,0,256,119,-354,1,下位,0,0,0
108,108,0,116,305,0,0,0,161,820,227,4,下位,0,0,0
170,170,0,204,522,0,0,0,108,305,372,2,下位,0,0,0
96,96,0,190,436,0,0,0,170,522,642,3,下位,0,0,0
148,148,0,190,480,0,0,0,96,436,936,4,下位,0,0,0
504,504,0,154,373,0,0,0,148,480,1196,3,下位,0,0,0
472,472,0,318,864,0,0,0,504,373,821,3,下位,0,0,0
273,273,0,351,1006,0,0,0,472,864,985,3,下位,0,0,0
176,176,0,45,137,0,0,0,273,1006,1586,2,下位,0,0,0
385,385,0,476,1427,1,0,0,0,0,1,0,下位,0,0,0
129,129,0,117,351,0,0,0,385,1427,857,1,下位,0,0,0
332,332,0,185,508,0,0,0,129,351,1017,1,下位,0,0,0
495,495,0,179,400,0,0,0,332,508,1032,2,下位,0,0,0
464,464,0,221,572,0,0,0,495,400,698,4,下位,0,0,0
160,160,0,219,568,0,0,0,464,572,582,3,下位,0,0,0
129,129,0,199,507,0,0,0,160,568,913,3,下位,0,0,0
152,152,0,196,498,0,0,0,129,507,1229,3,下位,0,0,0
654,654,0,49,148,0,0,0,152,498,1501,3,下位,0,0,0
377,377,0,159,386,0,0,0,654,148,679,1,下位,0,0,0
81,81,0,388,1026,0,0,0,377,386,506,3,下位,0,0,0
149,149,0,984,2675,0,0,0,81,1026,1412,4,下位,0,0,0
200,200,0,212,590,0,0,0,149,2675,1301,7,上位,0,0,0
145,145,0,399,1108,0,0,0,200,590,1594,2,下位,0,0,0
472,472,0,37,112,1,0,0,0,0,1,0,下位,0,0,0
312,312,0,37,112,0,0,0,472,112,-587,1,下位,0,0,0
286,286,0,54,164,0,0,0,312,112,-938,1,下位,0,0,0
164,164,0,38,113,0,0,0,286,164,-1198,1,下位,0,0,0
230,230,0,50,149,0,0,0,164,113,-1328,1,下位,0,0,0
706,706,0,2003,5555,0,0,0,230,149,-1520,1,下位,0,0,0
127,127,0,40,119,0,0,0,706,5555,625,10,上位,0,0,0
509,509,0,83,202,0,0,0,127,119,556,1,下位,0,0,0
533,533,0,157,382,0,0,0,509,202,3,2,下位,0,0,0
261,261,0,300,855,0,0,0,533,382,-406,3,下位,0,0,0
479,479,0,81,243,0,0,0,261,855,62,2,下位,0,0,0
217,217,0,109,283,0,0,0,479,243,-406,1,下位,0,0,0
365,365,0,104,265,0,0,0,217,283,-445,2,下位,0,0,0
284,284,0,55,164,1,0,0,0,0,1,0,下位,0,0,0
133,133,0,260,644,0,0,0,284,164,-256,1,下位,0,0,0
452,452,0,198,547,0,0,0,133,644,191,4,下位,0,0,0
845,845,0,52,155,0,0,0,452,547,67,2,下位,0,0,0
587,587,0,138,368,0,0,0,845,155,-1032,1,下位,0,0,0
476,476,0,297,753,0,0,0,587,368,-1535,2,下位,0,0,0
793,793,0,271,724,0,0,0,476,753,-1488,4,下位,0,0,0
1012,1012,0,57,171,0,0,0,793,724,-1941,3,下位,0,0,0
214,214,0,241,631,0,0,0,1012,171,-3271,1,下位,0,0,0
843,843,0,215,510,0,0,0,214,631,-2958,3,下位,0,0,0
132,132,0,36,109,0,0,0,843,510,-3699,4,下位,0,0,0
106,106,0,37,112,0,0,0,132,109,-3786,1,下位,0,0,0
205,205,0,35,104,1,0,0,0,0,1,0,下位,0,0,0
623,623,0,159,430,0,0,0,205,104,-199,1,下位,0,0,0
283,283,0,37,111,0,0,0,623,430,-693,2,下位,0,0,0
147,147,0,105,271,0,0,0,283,111,-1002,1,下位,0,0,0
486,486,0,490,1246,0,0,0,147,271,-949,2,下位,0,0,0
198,198,0,113,294,0,0,0,486,1246,-424,6,下位,0,0,0
751,751,0,250,617,0,0,0,198,294,-424,2,下位,0,0,0
820,820,0,54,162,0,0,0,751,617,-921,4,下位,0,0,0
155,155,0,230,602,0,0,0,820,162,-1976,1,下位,0,0,0
210,210,0,314,852,0,0,0,155,602,-1604,3,下位,0,0,0
970,970,0,56,169,0,0,0,210,852,-1064,3,下位,0,0,0
97,97,0,265,706,0,0,0,970,169,-2334,1,下位,0,0,0
117,117,0,37,111,0,0,0,97,706,-1772,3,下位,0,0,0
280,280,0,231,602,0,0,0,117,111,-1835,1,下位,0,0,0
351,351,0,286,632,1,0,0,0,0,1,0,下位,0,0,0
135,135,0,108,281,0,0,0,351,632,112,6,下位,0,0,0
329,329,0,36,108,0,0,0,135,281,193,2,下位,0,0,0
171,171,0,893,2346,0,0,0,329,108,-187,1,下位,0,0,0
100,100,0,38,113,0,0,0,171,2346,427,8,上位,0,0,0
141,141,0,107,276,0,0,0,100,113,392,1,下位,0,0,0
878,878,0,35,106,0,0,0,141,276,459,2,下位,0,0,0
558,558,0,129,342,0,0,0,878,106,-738,1,下位,0,0,0
169,169,0,462,1253,0,0,0,558,342,-1224,2,下位,0,0,0
415,415,0,445,1245,0,0,0,169,1253,-222,4,下位,0,0,0
441,441,0,272,726,0,0,0,415,1245,407,3,下位,0,0,0
113,113,0,292,832,0,0,0,441,726,479,3,下位,0,0,0
419,419,0,41,124,0,0,0,113,832,1143,2,下位,0,0,0
268,268,0,35,104,0,0,0,419,124,645,1,下位,0,0,0
156,156,0,45,136,0,0,0,268,104,351,1,下位,0,0,0
417,417,0,1945,5577,1,0,0,0,0,1,0,下位,0,0,0
155,155,0,45,136,0,0,0,417,5577,2553,6,下位,0,0,0
113,113,0,37,111,0,0,0,155,136,137,1,下位,0,0,0
129,129,0,432,1074,0,0,0,113,111,80,1,下位,0,0,0
174,174,0,78,233,0,0,0,129,1074,963,6,下位,0,0,0
535,535,0,151,408,0,0,0,174,233,938,1,下位,0,0,0
433,433,0,196,545,0,0,0,535,408,552,2,下位,0,0,0
86,86,0,35,105,0,0,0,433,545,455,2,下位,0,0,0
165,165,0,161,439,0,0,0,86,105,432,1,下位,0,0,0
235,235,0,33,100,0,0,0,165,439,626,2,下位,0,0,0
229,229,0,92,277,0,0,0,235,100,377,1,下位,0,0,0
186,186,0,331,811,0,0,0,229,277,314,1,下位,0,0,0
745,745,0,151,408,0,0,0,186,811,849,5,下位,0,0,0
919,919,0,573,1493,0,0,0,745,408,152,2,下位,0,0,0
373,373,0,598,1514,1,0,0,0,0,1,0,下位,0,0,0
133,133,0,461,1101,0,0,0,373,1514,415,7,上位,0,0,0
126,126,0,150,359,0,0,0,133,1101,271,7,上位,0,0,0
285,285,0,263,696,0,0,0,126,359,443,3,下位,0,0,0
647,647,0,148,400,0,0,0,285,696,716,3,下位,0,0,0
629,629,0,322,788,0,0,0,647,400,156,2,下位,0,0,0
396,396,0,106,272,0,0,0,629,788,11,5,下位,0,0,0
277,277,0,547,1551,0,0,0,396,272,-305,2,下位,0,0,0
529,529,0,458,1282,0,0,0,277,1551,835,3,下位,0,0,0
385,385,0,526,1296,0,0,0,529,1282,1332,3,下位,0,0,0
57,57,0,43,128,0,0,0,385,1296,270,7,上位,0,0,0
112,112,0,37,112,0,0,0,57,128,313,1,下位,0,0,0
178,178,0,157,426,0,0,0,112,112,259,1,下位,0,0,0
398,398,0,104,313,0,0,0,178,426,421,2,下位,0,0,0
38,38,0,447,1116,0,0,0,398,313,143,1,下位,0,0,0
145,145,0,119,311,0,0,0,38,1116,1203,6,下位,0,0,0
406,406,0,48,143,1,0,0,0,0,1,0,下位,0,0,0
129,129,0,318,771,0,0,0,406,143,-458,1,下位,0,0,0
457,457,0,36,109,0,0,0,129,771,122,5,下位,0,0,0
1011,1011,0,162,443,0,0,0,457,109,-447,1,下位,0,0,0
318,318,0,96,244,0,0,0,1011,443,-1504,2,下位,0,0,0
34,34,0,36,108,0,0,0,318,244,-1732,2,下位,0,0,0
227,227,0,134,358,0,0,0,34,108,-1674,1,下位,0,0,0
411,411,0,67,200,0,0,0,227,358,-1653,2,下位,0,0,0
504,504,0,35,106,0,0,0,411,200,-2063,1,下位,0,0,0
186,186,0,213,549,0,0,0,504,106,-2705,1,下位,0,0,0
179,179,0,99,252,0,0,0,186,549,-2432,3,下位,0,0,0
482,482,0,248,607,0,0,0,179,252,-2446,2,下位,0,0,0
734,734,0,225,586,0,0,0,482,607,-2554,4,下位,0,0,0
125,125,0,57,171,0,0,0,734,586,-3057,3,下位,0,0,0
482,482,0,55,164,0,0,0,125,171,-3071,1,下位,0,0,0
883,883,0,77,231,0,0,0,482,164,-3622,1,下位,0,0,0
185,185,0,123,324,1,0,0,0,0,1,0,下位,0,0,0
90,90,0,133,354,0,0,0,185,324,51,2,下位,0,0,0
761,761,0,248,652,0,0,0,90,354,271,2,下位,0,0,0
1008,1008,0,81,199,0,0,0,761,652,-206,3,下位,0,0,0
145,145,0,80,195,0,0,0,1008,199,-1503,2,下位,0,0,0
773,773,0,1719,4774,0,0,0,145,195,-1523,2,下位,0,0,0
113,113,0,44,131,0,0,0,773,4774,1528,9,上位,0,0,0
345,345,0,149,400,0,0,0,113,131,1491,1,下位,0,0,0
179,179,0,42,126,0,0,0,345,400,1379,2,下位,0,0,0
206,206,0,52,156,0,0,0,179,126,1239,1,下位,0,0,0
399,399,0,243,640,0,0,0,206,156,1089,1,下位,0,0,0
358,358,0,51,152,0,0,0,399,640,1137,3,下位,0,0,0
165,165,0,87,217,0,0,0,358,152,758,1,下位,0,0,0
134,134,0,39,116,0,0,0,165,217,730,2,下位,0,0,0
395,395,0,906,2718,0,0,0,134,116,647,1,下位,0,0,0
342,342,0,41,122,1,0,0,0,0,1,0,下位,0,0,0
335,335,0,296,710,0,0,0,342,122,-384,1,下位,0,0,0
245,245,0,39,116,0,0,0,335,710,-171,5,下位,0,0,0
479,479,0,47,142,0,0,0,245,116,-419,1,下位,0,0,0
647,647,0,34,103,0,0,0,479,142,-988,1,下位,0,0,0
407,407,0,36,107,0,0,0,647,103,-1845,1,下位,0,0,0
909,909,0,2046,5752,0,0,0,407,107,-2342,1,下位,0,0,0
105,105,0,39,117,0,0,0,909,5752,391,9,上位,0,0,0
354,354,0,325,929,0,0,0,105,117,352,1,下位,0,0,0
658,658,0,259,689,0,0,0,354,929,756,2,下位,0,0,0
604,604,0,103,310,0,0,0,658,689,469,3,下位,0,0,0
406,406,0,160,390,1,0,0,0,0,1,0,下位,0,0,0
454,454,0,68,203,0,0,0,406,390,-211,3,下位,0,0,0
106,106,0,43,129,0,0,0,454,203,-682,1,下位,0,0,0
548,548,0,86,212,0,0,0,106,129,-710,1,下位,0,0,0
593,593,0,391,1126,0,0,0,548,212,-1311,2,下位,0,0,0
166,166,0,74,177,0,0,0,593,1126,-1065,2,下位,0,0,0
392,392,0,53,158,0,0,0,166,177,-1134,2,下位,0,0,0
151,151,0,49,148,0,0,0,392,158,-1558,1,下位,0,0,0
400,400,0,78,235,0,0,0,151,148,-1634,1,下位,0,0,0
459,459,0,98,247,0,0,0,400,235,-1992,1,下位,0,0,0
136,136,0,40,120,0,0,0,459,247,-2426,2,下位,0,0,0
415,415,0,177,486,0,0,0,136,120,-2508,1,下位,0,0,0
1017,1017,0,43,129,0,0,0,415,486,-2638,2,下位,0,0,0
678,678,0,190,525,1,0,0,0,0,1,0,下位,0,0,0
27,27,0,84,207,0,0,0,678,525,-480,2,下位,0,0,0
144,144,0,36,108,0,0,0,27,207,-313,2,下位,0,0,0
242,242,0,314,805,0,0,0,144,108,-419,1,下位,0,0,0
287,287,0,99,298,0,0,0,242,805,27,4,下位,0,0,0
213,213,0,1016,2713,0,0,0,287,298,-101,1,下位,0,0,0
38,38,0,644,1797,0,0,0,213,2713,1156,8,上位,0,0,0
41,41,0,717,1810,0,0,0,38,1797,2897,4,下位,0,0,0
188,188,0,38,114,0,0,0,41,1810,271,8,上位,0,0,0
43,43,0,176,392,0,0,0,188,114,106,1,下位,0,0,0
992,992,0,103,309,0,0,0,43,392,434,4,下位,0,0,0
186,186,0,51,154,0,0,0,992,309,-729,1,下位,0,0,0
57,57,0,263,698,0,0,0,186,154,-851,1,下位,0,0,0
163,163,0,77,232,0,0,0,57,698,-238,3,下位,0,0,0
121,121,0,38,114,0,0,0,163,232,-248,1,下位,0,0,0
416,416,0,115,300,0,0,0,121,114,-314,1,下位,0,0,0
651,651,0,35,105,0,0,0,416,300,-631,2,下位,0,0,0
132,132,0,80,195,0,0,0,651,105,-1492,1,下位,0,0,0
480,480,0,44,133,0,0,0,132,195,-1493,2,下位,0,0,0
598,598,0,422,1089,1,0,0,0,0,1,0,下位,0,0,0
635,635,0,1002,2961,0,0,0,598,1089,203,5,下位,0,0,0
554,554,0,199,507,0,0,0,635,2961,2222,2,下位,0,0,0
619,619,0,251,664,0,0,0,554,507,1907,3,下位,0,0,0
1013,1013,0,41,123,0,0,0,619,664,1653,3,下位,0,0,0
920,920,0,89,222,0,0,0,1013,123,273,1,下位,0,0,0
100,100,0,85,209,0,0,0,920,222,-870,2,下位,0,0,0
365,365,0,1448,4015,0,0,0,100,209,-809,2,下位,0,0,0
112,112,0,176,483,1,0,0,0,0,1,0,下位,0,0,0
56,56,0,36,108,0,0,0,112,483,318,2,下位,0,0,0
559,559,0,59,177,0,0,0,56,108,343,1,下位,0,0,0
473,473,0,131,393,0,0,0,559,177,-309,1,下位,0,0,0
643,643,0,138,369,0,0,0,473,393,-618,1,下位,0,0,0
468,468,0,250,705,0,0,0,643,369,-1203,2,下位,0,0,0
449,449,0,54,163,0,0,0,468,705,-1192,2,下位,0,0,0
717,717,0,285,767,0,0,0,449,163,-1695,1,下位,0,0,0
782,782,0,46,139,0,0,0,717,767,-1992,3,下位,0,0,0
75,75,0,119,269,0,0,0,782,139,-3013,1,下位,0,0,0
538,538,0,64,193,0,0,0,75,269,-2855,3,下位,0,0,0
516,516,0,71,213,0,0,0,538,193,-3460,1,下位,0,0,0
536,536,0,50,149,0,0,0,516,213,-4013,1,下位,0,0,0
541,541,0,48,143,1,0,0,0,0,1,0,下位,0,0,0
900,900,0,296,754,0,0,0,541,143,-659,1,下位,0,0,0
722,722,0,53,160,0,0,0,900,754,-1240,4,下位,0,0,0
175,175,0,258,684,0,0,0,722,160,-2151,1,下位,0,0,0
226,226,0,1315,3607,0,0,0,175,684,-1727,3,下位,0,0,0
179,179,0,82,201,0,0,0,226,3607,1434,8,上位,0,0,0
86,86,0,250,613,0,0,0,179,201,1369,2,下位,0,0,0
511,511,0,118,308,0,0,0,86,613,1854,4,下位,0,0,0
922,922,0,121,316,0,0,0,511,308,1404,2,下位,0,0,0
553,553,0,124,329,0,0,0,922,316,352,2,下位,0,0,0
329,329,0,81,198,0,0,0,553,329,-139,2,下位,0,0,0
83,83,0,47,141,1,0,0,0,0,1,0,下位,0,0,0
192,192,0,441,1142,0,0,0,83,141,19,1,下位,0,0,0
158,158,0,40,119,0,0,0,192,1142,876,5,下位,0,0,0
121,121,0,66,197,0,0,0,158,119,761,1,下位,0,0,0
541,541,0,1076,2894,0,0,0,121,197,778,1,下位,0,0,0
136,136,0,561,1504,0,0,0,541,2894,535,8,上位,0,0,0
418,418,0,96,287,0,0,0,136,1504,1837,5,下位,0,0,0
491,491,0,141,336,0,0,0,418,287,1504,1,下位,0,0,0
629,629,0,395,1048,0,0,0,491,336,1112,3,下位,0,0,0
740,740,0,73,218,0,0,0,629,1048,1227,4,下位,0,0,0
685,685,0,47,142,0,0,0,740,218,347,1,下位,0,0,0
500,500,0,288,728,1,0,0,0,0,1,0,下位,0,0,0
181,181,0,258,638,0,0,0,500,728,-13,4,下位,0,0,0
821,821,0,42,127,0,0,0,181,638,356,4,下位,0,0,0
113,113,0,34,103,0,0,0,821,127,-735,1,下位,0,0,0
92,92,0,45,135,0,0,0,113,103,-800,1,下位,0,0,0
483,483,0,365,872,0,0,0,92,135,-801,1,下位,0,0,0
212,212,0,33,100,0,0,0,483,872,-646,6,下位,0,0,0
267,267,0,281,708,0,0,0,212,100,-861,1,下位,0,0,0
171,171,0,157,427,0,0,0,267,708,-549,4,下位,0,0,0
886,886,0,138,369,0,0,0,171,427,-376,2,下位,0,0,0
380,380,0,307,739,0,0,0,886,369,-1322,2,下位,0,0,0
379,379,0,48,145,0,0,0,380,739,-1147,5,下位,0,0,0
125,125,0,137,324,0,0,0,379,145,-1564,1,下位,0,0,0
309,309,0,98,251,1,0,0,0,0,1,0,下位,0,0,0
966,966,0,101,256,0,0,0,309,251,-206,2,下位,0,0,0
506,506,0,415,1065,0,0,0,966,256,-1383,2,下位,0,0,0
381,381,0,52,156,0,0,0,506,1065,-1069,5,下位,0,0,0
418,418,0,109,327,0,0,0,381,156,-1478,1,下位,0,0,0
375,375,0,685,1768,0,0,0,418,327,-1771,1,下位,0,0,0
71,71,0,404,988,0,0,0,375,1768,-559,7,上位,0,0,0
124,124,0,127,336,0,0,0,71,988,324,6,下位,0,0,0
152,152,0,131,348,0,0,0,124,336,476,2,下位,0,0,0
608,608,0,1167,3170,0,0,0,152,348,598,2,下位,0,0,0
323,323,0,94,238,1,0,0,0,0,1,0,下位,0,0,0
535,535,0,164,403,0,0,0,323,238,-240,2,下位,0,0,0
430,430,0,195,542,0,0,0,535,403,-631,3,下位,0,0,0
138,138,0,406,992,0,0,0,430,542,-727,2,下位,0,0,0
138,138,0,212,500,0,0,0,138,992,60,6,下位,0,0,0
312,312,0,261,690,0,0,0,138,500,355,4,下位,0,0,0
99,99,0,206,527,0,0,0,312,690,582,3,下位,0,0,0
606,606,0,38,115,0,0,0,99,527,962,3,下位,0,0,0
926,926,0,108,280,0,0,0,606,115,178,1,下位,0,0,0
133,133,0,35,105,0,0,0,926,280,-916,2,下位,0,0,0
156,156,0,167,410,0,0,0,133,105,-1008,1,下位,0,0,0
445,445,0,688,1927,0,0,0,156,410,-829,3,下位,0,0,0
133,133,0,1046,2806,1,0,0,0,0,1,0,下位,0,0,0
149,149,0,302,728,0,0,0,133,2806,281,8,上位,0,0,0
31,31,0,98,251,0,0,0,149,728,788,5,下位,0,0,0
183,183,0,528,1407,0,0,0,31,251,993,2,下位,0,0,0
226,226,0,664,1793,0,0,0,183,1407,2128,5,下位,0,0,0
223,223,0,980,2608,0,0,0,226,1793,1356,5,下位,0,0,0
63,63,0,174,477,0,0,0,223,2608,787,8,上位,0,0,0
129,129,0,36,107,0,0,0,63,477,1171,2,下位,0,0,0
588,588,0,38,115,0,0,0,129,107,1087,1,下位,0,0,0
133,133,0,140,331,0,0,0,588,115,330,1,下位,0,0,0
97,97,0,51,154,0,0,0,133,331,464,3,下位,0,0,0
548,548,0,143,384,1,0,0,0,0,1,0,下位,0,0,0
598,598,0,50,151,0,0,0,548,384,-428,2,下位,0,0,0
105,105,0,87,215,0,0,0,598,151,-1164,1,下位,0,0,0
494,494,0,423,1134,0,0,0,105,215,-1105,2,下位,0,0,0
303,303,0,42,126,0,0,0,494,1134,-704,4,下位,0,0,0
102,102,0,149,359,0,0,0,303,126,-1028,1,下位,0,0,0
590,590,0,210,584,0,0,0,102,359,-820,3,下位,0,0,0
678,678,0,45,137,0,0,0,590,584,-1111,2,下位,0,0,0
957,957,0,219,524,0,0,0,678,137,-1980,1,下位,0,0,0
361,361,0,36,108,0,0,0,957,524,-2876,4,下位,0,0,0
175,175,0,272,681,1,0,0,0,0,1,0,下位,0,0,0
672,672,0,35,106,0,0,0,175,681,422,4,下位,0,0,0
37,37,0,54,161,0,0,0,672,106,-469,1,下位,0,0,0
356,356,0,314,853,0,0,0,37,161,-363,1,下位,0,0,0
771,771,0,50,151,0,0,0,356,853,-38,3,下位,0,0,0
639,639,0,106,273,0,0,0,771,151,-1031,1,下位,0,0,0
87,87,0,400,1020,0,0,0,639,273,-1706,2,下位,0,0,0
597,597,0,41,123,0,0,0,87,1020,-815,5,下位,0,0,0
524,524,0,51,153,0,0,0,597,123,-1578,1,下位,0,0,0
217,217,0,89,222,0,0,0,524,153,-2202,1,下位,0,0,0
226,226,0,166,454,0,0,0,217,222,-2302,2,下位,0,0,0
266,266,0,188,519,1,0,0,0,0,1,0,下位,0,0,0
196,196,0,101,259,0,0,0,266,519,125,2,下位,0,0,0
648,648,0,376,950,0,0,0,196,259,93,2,下位,0,0,0
123,123,0,38,113,0,0,0,648,950,82,5,下位,0,0,0
30,30,0,143,385,0,0,0,123,113,13,1,下位,0,0,0
122,122,0,81,197,0,0,0,30,385,353,2,下位,0,0,0
99,99,0,37,110,0,0,0,122,197,369,2,下位,0,0,0
234,234,0,260,645,0,0,0,99,110,332,1,下位,0,0,0
195,195,0,375,945,0,0,0,234,645,630,4,下位,0,0,0
826,826,0,132,395,0,0,0,195,945,1286,5,下位,0,0,0
124,124,0,90,226,0,0,0,826,395,455,1,下位,0,0,0
426,426,0,193,535,0,0,0,124,226,497,2,下位,0,0,0
87,87,0,37,112,0,0,0,426,535,400,2,下位,0,0,0
460,460,0,926,2554,0,0,0,87,112,383,1,下位,0,0,0
137,137,0,80,196,0,0,0,460,2554,2255,6,下位,0,0,0
138,138,0,38,114,0,0,0,137,196,2248,2,下位,0,0,0
65,65,0,137,322,0,0,0,138,114,2157,1,下位,0,0,0
103,103,0,195,495,0,0,0,65,322,172,3,下位,0,0,0
391,391,0,186,471,1,0,0,0,0,1,0,下位,0,0,0
134,134,0,50,150,0,0,0,391,471,-108,3,下位,0,0,0
821,821,0,49,147,0,0,0,134,150,-157,1,下位,0,0,0
160,160,0,148,399,0,0,0,821,147,-1228,1,下位,0,0,0
980,980,0,102,307,0,0,0,160,399,-1066,2,下位,0,0,0
926,926,0,144,386,0,0,0,980,307,-2213,1,下位,0,0,0
120,120,0,293,834,0,0,0,926,386,-3201,2,下位,0,0,0
749,749,0,77,187,0,0,0,120,834,-2545,2,下位,0,0,0
94,94,0,250,614,0,0,0,749,187,-3469,2,下位,0,0,0
425,425,0,403,1118,0,0,0,94,614,-2994,4,下位,0,0,0
548,548,0,311,800,0,0,0,425,1118,-2507,3,下位,0,0,0
142,142,0,159,430,1,0,0,0,0,1,0,下位,0,0,0
501,501,0,890,2390,0,0,0,142,430,220,2,下位,0,0,0
160,160,0,38,114,0,0,0,501,2390,1039,7,上位,0,0,0
830,830,0,157,425,0,0,0,160,114,916,1,下位,0,0,0
853,853,0,212,546,0,0,0,830,425,110,2,下位,0,0,0
522,522,0,39,117,0,0,0,853,546,-610,3,下位,0,0,0
404,404,0,94,282,0,0,0,522,117,-1267,1,下位,0,0,0
274,274,0,119,312,0,0,0,404,282,-1584,1,下位,0,0,0
620,620,0,47,140,0,0,0,274,312,-1679,2,下位,0,0,0
845,845,0,359,945,0,0,0,620,140,-2459,1,下位,0,0,0
128,128,0,227,549,0,0,0,845,945,-2768,4,下位,0,0,0
405,405,0,159,388,1,0,0,0,0,1,0,下位,0,0,0
154,154,0,38,115,0,0,0,405,388,-212,3,下位,0,0,0
122,122,0,186,513,0,0,0,154,115,-325,1,下位,0,0,0
384,384,0,53,160,0,0,0,122,513,7,2,下位,0,0,0
166,166,0,168,457,0,0,0,384,160,-403,1,下位,0,0,0
157,157,0,84,207,0,0,0,166,457,-192,2,下位,0,0,0
151,151,0,95,241,0,0,0,157,207,-218,2,下位,0,0,0
528,528,0,39,116,0,0,0,151,241,-201,2,下位,0,0,0
314,314,0,67,200,0,0,0,528,116,-868,1,下位,0,0,0
376,376,0,331,858,0,0,0,314,200,-1134,1,下位,0,0,0
150,150,0,234,610,0,0,0,376,858,-834,4,下位,0,0,0
584,584,0,271,721,0,0,0,150,610,-447,3,下位,0,0,0
120,120,0,45,134,0,0,0,584,721,-592,3,下位,0,0,0
909,909,0,47,141,0,0,0,120,134,-636,1,下位,0,0,0
45,45,0,276,741,0,0,0,909,141,-1844,1,下位,0,0,0
295,295,0,67,202,0,0,0,45,741,-1170,3,下位,0,0,0
840,840,0,98,247,0,0,0,295,202,-1406,1,下位,0,0,0
134,134,0,110,286,1,0,0,0,0,1,0,下位,0,0,0
332,332,0,182,502,0,0,0,134,286,88,2,下位,0,0,0
649,649,0,121,316,0,0,0,332,502,97,2,下位,0,0,0
142,142,0,261,649,0,0,0,649,316,-550,2,下位,0,0,0
597,597,0,41,122,0,0,0,142,649,-112,4,下位,0,0,0
377,377,0,40,121,0,0,0,597,122,-876,1,下位,0,0,0
100,100,0,86,212,0,0,0,377,121,-1314,1,下位,0,0,0
322,322,0,105,316,0,0,0,100,212,-1250,2,下位,0,0,0
432,432,0,115,299,0,0,0,322,316,-1412,1,下位,0,0,0
140,140,0,35,105,0,0,0,432,299,-1754,2,下位,0,0,0
164,164,0,38,115,0,0,0,140,105,-1857,1,下位,0,0,0
147,147,0,237,666,0,0,0,164,115,-1985,1,下位,0,0,0
28,28,0,54,163,0,0,0,147,666,-1537,2,下位,0,0,0
667,667,0,84,251,0,0,0,28,163,-1416,1,下位,0,0,0
777,777,0,234,568,0,0,0,667,251,-2155,1,下位,0,0,0
786,786,0,39,118,0,0,0,777,568,-2740,4,下位,0,0,0
113,113,0,856,2228,1,0,0,0,0,1,0,下位,0,0,0
185,185,0,245,600,0,0,0,113,2228,389,8,上位,0,0,0
336,336,0,48,143,0,0,0,185,600,715,4,下位,0,0,0
444,444,0,125,374,0,0,0,336,143,359,1,下位,0,0,0
436,436,0,44,133,0,0,0,444,374,74,1,下位,0,0,0
175,175,0,135,316,0,0,0,436,133,-440,1,下位,0,0,0
422,422,0,382,1058,0,0,0,175,316,-384,3,下位,0,0,0
146,146,0,570,1431,0,0,0,422,1058,48,3,下位,0,0,0
100,100,0,38,114,0,0,0,146,1431,329,7,上位,0,0,0
802,802,0,258,640,0,0,0,100,114,295,1,下位,0,0,0
834,834,0,45,134,0,0,0,802,640,-255,4,下位,0,0,0
92,92,0,35,106,1,0,0,0,0,1,0,下位,0,0,0
551,551,0,48,144,0,0,0,92,106,-29,1,下位,0,0,0
247,247,0,415,1024,0,0,0,551,144,-703,1,下位,0,0,0
64,64,0,79,192,0,0,0,247,1024,-45,6,下位,0,0,0
217,217,0,146,393,0,0,0,64,192,52,2,下位,0,0,0
424,424,0,37,111,0,0,0,217,393,123,2,下位,0,0,0
240,240,0,108,279,0,0,0,424,111,-395,1,下位,0,0,0
762,762,0,510,1352,0,0,0,240,279,-472,2,下位,0,0,0
111,111,0,106,275,0,0,0,762,1352,-251,5,下位,0,0,0
118,118,0,195,541,0,0,0,111,275,-141,2,下位,0,0,0
259,259,0,200,467,0,0,0,118,541,225,2,下位,0,0,0
664,664,0,303,815,0,0,0,259,467,308,4,下位,0,0,0
133,133,0,419,1165,0,0,0,664,815,138,3,下位,0,0,0
123,123,0,38,115,0,0,0,133,1165,1106,3,下位,0,0,0
1026,1026,0,46,140,0,0,0,123,115,1039,1,下位,0,0,0
351,351,0,42,126,0,0,0,1026,140,-343,1,下位,0,0,0
25,25,0,209,492,0,0,0,351,126,-738,1,下位,0,0,0
123,123,0,34,103,0,0,0,25,492,-283,4,下位,0,0,0
90,90,0,229,641,1,0,0,0,0,1,0,下位,0,0,0
453,453,0,141,421,0,0,0,90,641,508,2,下位,0,0,0
304,304,0,90,271,0,0,0,453,421,257,1,下位,0,0,0
365,365,0,190,526,0,0,0,304,271,77,1,下位,0,0,0
110,110,0,34,102,0,0,0,365,526,61,2,下位,0,0,0
281,281,0,145,346,0,0,0,110,102,1,1,下位,0,0,0
429,429,0,43,128,0,0,0,281,346,-70,3,下位,0,0,0
108,108,0,38,113,0,0,0,429,128,-578,1,下位,0,0,0
251,251,0,36,109,0,0,0,108,113,-625,1,下位,0,0,0
349,349,0,149,449,0,0,0,251,109,-888,1,下位,0,0,0
405,405,0,54,162,0,0,0,349,449,-957,1,下位,0,0,0
262,262,0,372,889,0,0,0,405,162,-1396,1,下位,0,0,0
226,226,0,171,421,0,0,0,262,889,-896,6,下位,0,0,0
290,290,0,46,138,0,0,0,226,421,-810,3,下位,0,0,0
442,442,0,157,424,1,0,0,0,0,1,0,下位,0,0,0
75,75,0,58,175,0,0,0,442,424,-231,2,下位,0,0,0
136,136,0,41,123,0,0,0,75,175,-167,1,下位,0,0,0
977,977,0,67,201,0,0,0,136,123,-246,1,下位,0,0,0
356,356,0,168,411,0,0,0,977,201,-1495,1,下位,0,0,0
852,852,0,47,143,0,0,0,356,411,-1612,3,下位,0,0,0
312,312,0,242,681,0,0,0,852,143,-2733,1,下位,0,0,0
696,696,0,149,400,0,0,0,312,681,-2515,2,下位,0,0,0
341,341,0,58,174,0,0,0,696,400,-3148,2,下位,0,0,0
571,571,0,149,357,0,0,0,341,174,-3480,1,下位,0,0,0
400,400,0,189,436,0,0,0,571,357,-3970,3,下位,0,0,0
587,587,0,431,1204,0,0,0,400,436,-4127,4,下位,0,0,0
534,534,0,34,103,1,0,0,0,0,1,0,下位,0,0,0
251,251,0,40,120,0,0,0,534,103,-688,1,下位,0,0,0
721,721,0,72,215,0,0,0,251,120,-940,1,下位,0,0,0
124,124,0,54,163,0,0,0,721,215,-1795,1,下位,0,0,0
577,577,0,133,352,0,0,0,124,163,-1816,1,下位,0,0,0
550,550,0,332,907,0,0,0,577,352,-2320,2,下位,0,0,0
230,230,0,44,131,0,0,0,550,907,-2229,3,下位,0,0,0
81,81,0,106,275,0,0,0,230,131,-2439,1,下位,0,0,0
700,700,0,315,808,0,0,0,81,275,-2284,2,下位,0,0,0
698,698,0,552,1657,0,0,0,700,808,-2515,4,下位,0,0,0
265,265,0,439,1183,0,0,0,698,1657,-1894,1,下位,0,0,0
275,275,0,118,307,1,0,0,0,0,1,0,下位,0,0,0
45,45,0,136,317,0,0,0,275,307,-100,2,下位,0,0,0
421,421,0,85,254,0,0,0,45,317,150,3,下位,0,0,0
768,768,0,393,1042,0,0,0,421,254,-221,1,下位,0,0,0
987,987,0,117,308,0,0,0,768,1042,-318,4,下位,0,0,0
303,303,0,507,1294,0,0,0,987,308,-1474,2,下位,0,0,0
135,135,0,157,426,0,0,0,303,1294,-630,6,下位,0,0,0
169,169,0,163,444,0,0,0,135,426,-404,2,下位,0,0,0
535,535,0,252,711,0,0,0,169,444,-211,2,下位,0,0,0
164,164,0,186,467,0,0,0,535,711,-294,2,下位,0,0,0
310,310,0,287,772,0,0,0,164,467,-70,3,下位,0,0,0
187,187,0,37,111,1,0,0,0,0,1,0,下位,0,0,0
111,111,0,305,692,0,0,0,187,111,-165,1,下位,0,0,0
199,199,0,138,325,0,0,0,111,692,362,6,下位,0,0,0
377,377,0,227,638,0,0,0,199,325,392,3,下位,0,0,0
684,684,0,145,343,0,0,0,377,638,471,2,下位,0,0,0
464,464,0,44,132,0,0,0,684,343,-201,3,下位,0,0,0
122,122,0,36,107,0,0,0,464,132,-757,1,下位,0,0,0
587,587,0,192,439,0,0,0,122,107,-831,1,下位,0,0,0
802,802,0,41,124,0,0,0,587,439,-1263,4,下位,0,0,0
150,150,0,415,1022,0,0,0,802,124,-2329,1,下位,0,0,0
146,146,0,35,104,0,0,0,150,1022,-1530,6,下位,0,0,0
660,660,0,80,194,0,0,0,146,104,-1643,1,下位,0,0,0
98,98,0,42,126,0,0,0,660,194,-2428,2,下位,0,0,0
957,957,0,672,1738,0,0,0,98,126,-2447,1,下位,0,0,0
87,87,0,35,104,0,0,0,957,1738,-2129,7,上位,0,0,0
132,132,0,148,398,0,0,0,87,104,-2154,1,下位,0,0,0
115,115,0,205,481,0,0,0,132,398,-1952,2,下位,0,0,0
410,410,0,200,553,1,0,0,0,0,1,0,下位,0,0,0
408,408,0,88,218,0,0,0,410,553,-54,2,下位,0,0,0
222,222,0,143,428,0,0,0,408,218,-441,2,下位,0,0,0
810,810,0,526,1535,0,0,0,222,428,-342,1,下位,0,0,0
447,447,0,367,968,0,0,0,810,1535,-9,2,下位,0,0,0
162,162,0,265,704,0,0,0,447,968,296,4,下位,0,0,0
154,154,0,36,109,0,0,0,162,704,760,3,下位,0,0,0
121,121,0,206,528,0,0,0,154,109,641,1,下位,0,0,0
956,956,0,158,429,0,0,0,121,528,989,3,下位,0,0,0
241,241,0,373,1073,0,0,0,956,429,1,2,下位,0,0,0
502,502,0,37,112,1,0,0,0,0,1,0,下位,0,0,0
264,264,0,115,299,0,0,0,502,112,-632,2,下位,0,0,0
67,67,0,63,190,0,0,0,264,299,-725,3,下位,0,0,0
183,183,0,350,1007,0,0,0,67,190,-634,1,下位,0,0,0
134,134,0,34,102,0,0,0,183,1007,101,2,下位,0,0,0
459,459,0,260,599,0,0,0,134,102,4,1,下位,0,0,0
153,153,0,943,2443,0,0,0,459,599,-78,5,下位,0,0,0
127,127,0,35,104,0,0,0,153,2443,430,9,上位,0,0,0
285,285,0,48,143,0,0,0,127,104,346,1,下位,0,0,0
200,200,0,227,545,0,0,0,285,143,66,1,下位,0,0,0
160,160,0,45,134,0,0,0,200,545,314,4,下位,0,0,0
139,139,0,90,225,0,0,0,160,134,211,1,下位,0,0,0
594,594,0,595,1559,0,0,0,139,225,230,2,下位,0,0,0
192,192,0,42,125,0,0,0,594,1559,908,6,下位,0,0,0
38,38,0,2000,5611,0,0,0,192,125,748,1,下位,0,0,0
266,266,0,363,1000,1,0,0,0,0,1,0,下位,0,0,0
89,89,0,41,122,0,0,0,266,1000,606,3,下位,0,0,0
178,178,0,95,286,0,0,0,89,122,596,1,下位,0,0,0
545,545,0,413,1014,0,0,0,178,286,618,1,下位,0,0,0
103,103,0,157,428,0,0,0,545,1014,823,6,下位,0,0,0
159,159,0,475,1199,0,0,0,103,428,1098,2,下位,0,0,0
116,116,0,132,351,0,0,0,159,1199,2061,6,下位,0,0,0
172,172,0,79,192,0,0,0,116,351,2240,2,下位,0,0,0
925,925,0,440,1187,0,0,0,172,192,2177,2,下位,0,0,0
700,700,0,43,128,0,0,0,925,1187,1992,4,下位,0,0,0
366,366,0,126,290,0,0,0,700,128,1081,1,下位,0,0,0
919,919,0,102,260,0,0,0,366,290,828,3,下位,0,0,0
186,186,0,65,196,0,0,0,919,260,-276,2,下位,0,0,0
691,691,0,106,274,0,0,0,186,196,-356,1,下位,0,0,0
325,325,0,135,358,1,0,0,0,0,1,0,下位,0,0,0
136,136,0,195,498,0,0,0,325,358,-123,2,下位,0,0,0
148,148,0,333,910,0,0,0,136,498,173,3,下位,0,0,0
547,547,0,50,150,0,0,0,148,910,863,3,下位,0,0,0
595,595,0,299,805,0,0,0,547,150,201,1,下位,0,0,0
436,436,0,143,428,0,0,0,595,805,123,3,下位,0,0,0
922,922,0,111,290,0,0,0,436,428,-96,1,下位,0,0,0
149,149,0,730,2101,0,0,0,922,290,-1174,2,下位,0,0,0
336,336,0,35,104,0,0,0,149,2101,706,3,下位,0,0,0
339,339,0,40,119,1,0,0,0,0,1,0,下位,0,0,0
308,308,0,580,1514,0,0,0,339,119,-383,1,下位,0,0,0
208,208,0,198,504,0,0,0,308,1514,674,6,下位,0,0,0
299,299,0,209,491,0,0,0,208,504,869,3,下位,0,0,0
200,200,0,267,666,0,0,0,299,491,916,4,下位,0,0,0
211,211,0,42,126,0,0,0,200,666,1285,4,下位,0,0,0
276,276,0,53,159,0,0,0,211,126,1098,1,下位,0,0,0
712,712,0,37,111,0,0,0,276,159,848,1,下位,0,0,0
191,191,0,91,273,0,0,0,712,111,-97,1,下位,0,0,0
397,397,0,40,121,0,0,0,191,273,-107,1,下位,0,0,0
157,157,0,39,119,0,0,0,397,121,-575,1,下位,0,0,0
273,273,0,176,481,0,0,0,157,119,-689,1,下位,0,0,0
412,412,0,488,1237,0,0,0,273,481,-613,2,下位,0,0,0
83,83,0,790,2190,0,0,0,412,1237,13,6,下位,0,0,0
210,210,0,950,2752,0,0,0,83,2190,2080,5,下位,0,0,0
145,145,0,149,404,0,0,0,210,2752,2266,3,下位,0,0,0
175,175,0,1410,3896,1,0,0,0,0,1,0,下位,0,0,0
198,198,0,47,140,0,0,0,175,3896,598,8,上位,0,0,0
623,623,0,132,395,0,0,0,198,140,444,1,下位,0,0,0
174,174,0,102,263,0,0,0,623,395,-85,1,下位,0,0,0
65,65,0,54,162,0,0,0,174,263,-80,2,下位,0,0,0
993,993,0,384,1106,0,0,0,65,162,-14,1,下位,0,0,0
198,198,0,304,821,0,0,0,993,1106,-381,2,下位,0,0,0
162,162,0,269,718,0,0,0,198,821,146,3,下位,0,0,0
535,535,0,92,232,0,0,0,162,718,624,3,下位,0,0,0
418,418,0,165,406,0,0,0,535,232,62,2,下位,0,0,0
776,776,0,168,416,0,0,0,418,406,-152,3,下位,0,0,0
300,300,0,349,912,1,0,0,0,0,1,0,下位,0,0,0
532,532,0,282,713,0,0,0,300,912,468,4,下位,0,0,0
463,463,0,369,1062,0,0,0,532,713,392,4,下位,0,0,0
128,128,0,83,250,0,0,0,463,1062,767,2,下位,0,0,0
781,781,0,37,110,0,0,0,128,250,827,1,下位,0,0,0
154,154,0,158,428,0,0,0,781,110,-222,1,下位,0,0,0
168,168,0,29,87,0,0,0,154,428,-22,2,下位,0,0,0
133,133,0,40,119,0,0,0,168,87,-184,1,下位,0,0,0
322,322,0,64,191,0,0,0,133,119,-262,1,下位,0,0,0
85,85,0,38,115,0,0,0,322,191,-549,1,下位,0,0,0
107,107,0,196,497,0,0,0,85,115,-560,1,下位,0,0,0
313,313,0,209,582,0,0,0,107,497,-222,3,下位,0,0,0
262,262,0,437,1176,0,0,0,313,582,-104,2,下位,0,0,0
152,152,0,283,805,0,0,0,262,1176,683,4,下位,0,0,0
266,266,0,186,467,0,0,0,152,805,1262,2,下位,0,0,0
174,174,0,45,136,0,0,0,266,467,1334,3,下位,0,0,0
53,53,0,42,125,0,0,0,174,136,1212,1,下位,0,0,0
396,396,0,120,317,1,0,0,0,0,1,0,下位,0,0,0
668,668,0,109,283,0,0,0,396,317,-270,2,下位,0,0,0
592,592,0,179,492,0,0,0,668,283,-978,2,下位,0,0,0
1009,1009,0,152,411,0,0,0,592,492,-1364,2,下位,0,0,0
215,215,0,107,276,0,0,0,1009,411,-2450,2,下位,0,0,0
368,368,0,343,804,0,0,0,215,276,-2493,2,下位,0,0,0
139,139,0,34,100,0,0,0,368,804,-2235,6,下位,0,0,0
242,242,0,164,402,0,0,0,139,100,-2341,1,下位,0,0,0
649,649,0,188,520,0,0,0,242,402,-2298,3,下位,0,0,0
138,138,0,38,113,0,0,0,649,520,-2741,2,下位,0,0,0
195,195,0,55,164,0,0,0,138,113,-2833,1,下位,0,0,0
197,197,0,167,503,0,0,0,195,164,-2958,1,下位,0,0,0
82,82,0,133,355,0,0,0,197,503,-2747,1,下位,0,0,0
561,561,0,37,112,0,0,0,82,355,-2514,2,下位,0,0,0
92,92,0,37,110,1,0,0,0,0,1,0,下位,0,0,0
160,160,0,283,715,0,0,0,92,110,-25,1,下位,0,0,0
493,493,0,436,1170,0,0,0,160,715,453,4,下位,0,0,0
168,168,0,76,228,0,0,0,493,1170,892,4,下位,0,0,0
147,147,0,34,102,0,0,0,168,228,871,1,下位,0,0,0
308,308,0,733,1975,0,0,0,147,102,755,1,下位,0,0,0
94,94,0,160,434,0,0,0,308,1975,2273,6,下位,0,0,0
643,643,0,230,553,0,0,0,94,434,88,2,下位,0,0,0
210,210,0,152,413,0,0,0,643,553,-313,4,下位,0,0,0
443,443,0,35,105,0,0,0,210,413,-212,2,下位,0,0,0
227,227,0,157,426,0,0,0,443,105,-764,1,下位,0,0,0
675,675,0,118,309,0,0,0,227,426,-675,2,下位,0,0,0
139,139,0,74,221,0,0,0,675,309,-1367,2,下位,0,0,0
458,458,0,218,518,1,0,0,0,0,1,0,下位,0,0,0
114,114,0,328,805,0,0,0,458,518,-161,4,下位,0,0,0
118,118,0,216,557,0,0,0,114,805,475,5,下位,0,0,0
169,169,0,301,766,0,0,0,118,557,857,3,下位,0,0,0
237,237,0,41,123,0,0,0,169,766,1372,4,下位,0,0,0
534,534,0,335,915,0,0,0,237,123,1143,1,下位,0,0,0
308,308,0,110,285,0,0,0,534,915,1266,3,下位,0,0,0
451,451,0,109,283,0,0,0,308,285,1094,2,下位,0,0,0
333,333,0,186,469,0,0,0,451,283,708,2,下位,0,0,0
637,637,0,296,797,0,0,0,333,469,683,3,下位,0,0,0
115,115,0,95,285,1,0,0,0,0,1,0,下位,0,0,0
171,171,0,667,1911,0,0,0,115,285,115,1,下位,0,0,0
387,387,0,51,153,0,0,0,171,1911,1772,3,下位,0,0,0
104,104,0,395,1183,0,0,0,387,153,1351,1,下位,0,0,0
141,141,0,48,145,0,0,0,104,1183,2380,1,下位,0,0,0
139,139,0,96,242,0,0,0,141,145,2316,1,下位,0,0,0
317,317,0,115,299,0,0,0,139,242,135,2,下位,0,0,0
210,210,0,138,368,0,0,0,317,299,-36,2,下位,0,0,0
35,35,0,33,100,0,0,0,210,368,20,2,下位,0,0,0
864,864,0,192,485,0,0,0,35,100,68,1,下位,0,0,0
981,981,0,104,312,0,0,0,864,485,-729,3,下位,0,0,0
136,136,0,177,489,0,0,0,981,312,-1872,1,下位,0,0,0
931,931,0,36,108,0,0,0,136,489,-1585,2,下位,0,0,0
117,117,0,200,511,0,0,0,931,108,-2858,1,下位,0,0,0
301,301,0,132,353,1,0,0,0,0,1,0,下位,0,0,0
1012,1012,0,90,272,0,0,0,301,353,-93,2,下位,0,0,0
420,420,0,184,506,0,0,0,1012,272,-1322,1,下位,0,0,0
502,502,0,61,182,0,0,0,420,506,-1439,2,下位,0,0,0
462,462,0,156,422,0,0,0,502,182,-2002,1,下位,0,0,0
93,93,0,37,111,0,0,0,462,422,-2265,2,下位,0,0,0
105,105,0,71,213,0,0,0,93,111,-2292,1,下位,0,0,0
207,207,0,105,314,0,0,0,105,213,-2235,1,下位,0,0,0
392,392,0,314,851,0,0,0,207,314,-2228,1,下位,0,0,0
336,336,0,56,168,0,0,0,392,851,-1959,3,下位,0,0,0
111,111,0,47,140,0,0,0,336,168,-2290,1,下位,0,0,0
146,146,0,84,208,0,0,0,111,140,-2315,1,下位,0,0,0
283,283,0,83,206,0,0,0,146,208,-2324,2,下位,0,0,0
425,425,0,79,236,0,0,0,283,206,-2538,2,下位,0,0,0
350,350,0,60,180,0,0,0,425,236,-2933,1,下位,0,0,0
771,771,0,59,178,0,0,0,350,180,-3272,1,下位,0,0,0
421,421,0,114,296,1,0,0,0,0,1,0,下位,0,0,0
557,557,0,117,305,0,0,0,421,296,-328,2,下位,0,0,0
191,191,0,107,277,0,0,0,557,305,-849,2,下位,0,0,0
104,104,0,661,1706,0,0,0,191,277,-855,2,下位,0,0,0
107,107,0,43,130,0,0,0,104,1706,697,7,上位,0,0,0
130,130,0,209,535,0,0,0,107,130,668,1,下位,0,0,0
349,349,0,34,102,0,0,0,130,535,1010,3,下位,0,0,0
206,206,0,89,222,0,0,0,349,102,594,1,下位,0,0,0
143,143,0,79,191,0,0,0,206,222,510,2,下位,0,0,0
205,205,0,40,121,0,0,0,143,191,489,2,下位,0,0,0
338,338,0,42,125,0,0,0,205,121,306,1,下位,0,0,0
739,739,0,425,1138,0,0,0,338,125,-70,1,下位,0,0,0
188,188,0,116,303,0,0,0,739,1138,-28,4,下位,0,0,0
78,78,0,630,1802,0,0,0,188,303,-4,2,下位,0,0,0
579,579,0,191,530,0,0,0,78,1802,1682,3,下位,0,0,0
332,332,0,122,323,1,0,0,0,0,1,0,下位,0,0,0
362,362,0,41,121,0,0,0,332,323,-169,2,下位,0,0,0
403,403,0,113,339,0,0,0,362,121,-585,1,下位,0,0,0
142,142,0,264,612,0,0,0,403,339,-844,1,下位,0,0,0
165,165,0,34,104,0,0,0,142,612,-443,5,下位,0,0,0
646,646,0,220,616,0,0,0,165,104,-584,1,下位,0,0,0
111,111,0,35,104,0,0,0,646,616,-926,2,下位,0,0,0
58,58,0,89,222,0,0,0,111,104,-987,1,下位,0,0,0
104,104,0,64,192,0,0,0,58,222,-851,2,下位,0,0,0
96,96,0,249,654,0,0,0,104,192,-813,1,下位,0,0,0
189,189,0,176,438,0,0,0,96,654,-301,3,下位,0,0,0
362,362,0,147,352,0,0,0,189,438,-143,3,下位,0,0,0
154,154,0,517,1415,0,0,0,362,352,-328,3,下位,0,0,0
349,349,0,209,582,0,0,0,154,1415,859,4,下位,0,0,0
748,748,0,345,810,0,0,0,349,582,923,2,下位,0,0,0
91,91,0,55,165,0,0,0,748,810,623,6,下位,0,0,0
326,326,0,57,172,1,0,0,0,0,1,0,下位,0,0,0
149,149,0,1151,3174,0,0,0,326,172,-311,1,下位,0,0,0
109,109,0,50,149,0,0,0,149,3174,1123,7,上位,0,0,0
380,380,0,235,615,0,0,0,109,149,1110,1,下位,0,0,0
568,568,0,36,109,0,0,0,380,615,1161,3,下位,0,0,0
241,241,0,133,355,0,0,0,568,109,427,1,下位,0,0,0
128,128,0,209,537,0,0,0,241,355,424,2,下位,0,0,0
713,713,0,476,1293,0,0,0,128,537,771,3,下位,0,0,0
146,146,0,232,606,0,0,0,713,1293,1006,4,下位,0,0,0
178,178,0,172,425,0,0,0,146,606,1395,3,下位,0,0,0
162,162,0,244,601,0,0,0,178,425,1556,3,下位,0,0,0
526,526,0,50,150,0,0,0,162,601,1917,4,下位,0,0,0
544,544,0,40,119,1,0,0,0,0,1,0,下位,0,0,0
619,619,0,44,131,0,0,0,544,119,-687,1,下位,0,0,0
371,371,0,392,996,0,0,0,619,131,-1474,1,下位,0,0,0
503,503,0,61,183,0,0,0,371,996,-1028,5,下位,0,0,0
96,96,0,73,220,0,0,0,503,183,-1591,1,下位,0,0,0
153,153,0,351,920,0,0,0,96,220,-1513,1,下位,0,0,0
191,191,0,38,115,0,0,0,153,920,-820,4,下位,0,0,0
157,157,0,102,263,0,0,0,191,115,-988,1,下位,0,0,0
125,125,0,43,128,0,0,0,157,263,-958,2,下位,0,0,0
190,190,0,41,122,0,0,0,125,128,-1015,1,下位,0,0,0
542,542,0,184,463,0,0,0,190,122,-1175,1,下位,0,0,0
336,336,0,360,1035,0,0,0,542,463,-1516,3,下位,0,0,0
825,825,0,133,354,0,0,0,336,1035,-980,2,下位,0,0,0
193,193,0,88,219,0,0,0,825,354,-1850,2,下位,0,0,0
125,125,0,45,135,0,0,0,193,219,-1917,2,下位,0,0,0
308,308,0,51,152,0,0,0,125,135,-1967,1,下位,0,0,0
153,153,0,43,130,0,0,0,308,152,-2272,1,下位,0,0,0
127,127,0,43,130,0,0,0,153,130,-2369,1,下位,0,0,0
594,594,0,853,2515,1,0,0,0,0,1,0,下位,0,0,0
426,426,0,146,391,0,0,0,594,2515,1635,2,下位,0,0,0
78,78,0,176,440,0,0,0,426,391,1394,2,下位,0,0,0
101,101,0,38,112,0,0,0,78,440,1718,3,下位,0,0,0
118,118,0,142,426,0,0,0,101,112,1680,1,下位,0,0,0
645,645,0,180,450,0,0,0,118,426,1931,1,下位,0,0,0
167,167,0,174,479,0,0,0,645,450,1424,3,下位,0,0,0
704,704,0,319,865,0,0,0,167,479,1655,2,下位,0,0,0
517,517,0,39,118,0,0,0,704,865,1475,3,下位,0,0,0
122,122,0,36,107,0,0,0,517,118,826,1,下位,0,0,0
143,143,0,321,871,0,0,0,122,107,752,1,下位,0,0,0
445,445,0,89,220,0,0,0,143,871,1411,3,下位,0,0,0
131,131,0,46,139,0,0,0,445,220,971,2,下位,0,0,0
458,458,0,259,777,0,0,0,131,139,916,1,下位,0,0,0
246,246,0,440,1231,0,0,0,458,777,1013,1,下位,0,0,0
65,65,0,36,108,1,0,0,0,0,1,0,下位,0,0,0
270,270,0,403,987,0,0,0,65,108,13,1,下位,0,0,0
88,88,0,73,218,0,0,0,270,987,599,6,下位,0,0,0
448,448,0,52,157,0,0,0,88,218,686,1,下位,0,0,0
407,407,0,327,798,0,0,0,448,157,178,1,下位,0,0,0
156,156,0,138,369,0,0,0,407,798,372,5,下位,0,0,0
122,122,0,48,146,0,0,0,156,369,510,2,下位,0,0,0
327,327,0,62,187,0,0,0,122,146,475,1,下位,0,0,0
105,105,0,50,150,0,0,0,327,187,178,1,下位,0,0,0
191,191,0,169,506,0,0,0,105,150,172,1,下位,0,0,0
140,140,0,113,340,0,0,0,191,506,395,1,下位,0,0,0
147,147,0,41,123,0,0,0,140,340,527,1,下位,0,0,0
473,473,0,73,221,0,0,0,147,123,432,1,下位,0,0,0
523,523,0,96,243,0,0,0,473,221,-49,1,下位,0,0,0
677,677,0,87,260,0,0,0,523,243,-582,2,下位,0,0,0
169,169,0,741,2047,1,0,0,0,0,1,0,下位,0,0,0
277,277,0,733,2099,0,0,0,169,2047,1797,5,下位,0,0,0
115,115,0,42,126,0,0,0,277,2099,1202,3,下位,0,0,0
142,142,0,213,552,0,0,0,115,126,1157,1,下位,0,0,0
88,88,0,269,719,0,0,0,142,552,1498,3,下位,0,0,0
121,121,0,37,112,0,0,0,88,719,2086,3,下位,0,0,0
107,107,0,140,374,0,0,0,121,112,2018,1,下位,0,0,0
223,223,0,37,111,0,0,0,107,374,2233,2,下位,0,0,0
151,151,0,137,364,0,0,0,223,111,2013,1,下位,0,0,0
141,141,0,46,140,0,0,0,151,364,2153,2,下位,0,0,0
131,131,0,37,111,0,0,0,141,140,2084,1,下位,0,0,0
213,213,0,856,2511,0,0,0,131,111,2001,1,下位,0,0,0
125,125,0,384,1106,0,0,0,213,2511,400,2,下位,0,0,0
162,162,0,114,343,0,0,0,125,1106,1321,2,下位,0,0,0
821,821,0,542,1581,0,0,0,162,343,1424,1,下位,0,0,0
109,109,0,78,234,0,0,0,821,1581,1787,2,下位,0,0,0
135,135,0,134,358,0,0,0,109,234,1859,1,下位,0,0,0
171,171,0,126,331,0,0,0,135,358,2017,2,下位,0,0,0
631,631,0,48,146,0,0,0,171,331,2094,2,下位,0,0,0
163,163,0,119,313,0,0,0,631,146,1304,1,下位,0,0,0
492,492,0,415,1021,1,0,0,0,0,1,0,下位,0,0,0
82,82,0,613,1509,0,0,0,492,1021,292,6,下位,0,0,0
148,148,0,44,134,0,0,0,82,1509,292,8,上位,0,0,0
183,183,0,220,617,0,0,0,148,134,206,1,下位,0,0,0
320,320,0,496,1261,0,0,0,183,617,551,2,下位,0,0,0
88,88,0,60,180,0,0,0,320,1261,1337,6,下位,0,0,0
428,428,0,840,2295,0,0,0,88,180,1386,1,下位,0,0,0
134,134,0,112,292,0,0,0,428,2295,440,6,下位,0,0,0
456,456,0,53,158,0,0,0,134,292,533,2,下位,0,0,0
576,576,0,38,114,0,0,0,456,158,14,1,下位,0,0,0
579,579,0,106,272,0,0,0,576,114,-727,1,下位,0,0,0
458,458,0,76,227,0,0,0,579,272,-1314,2,下位,0,0,0
188,188,0,88,218,0,0,0,458,227,-1767,1,下位,0,0,0
34,34,0,105,270,0,0,0,188,218,-1828,2,下位,0,0,0
355,355,0,93,279,1,0,0,0,0,1,0,下位,0,0,0
381,381,0,440,1186,0,0,0,355,279,-247,1,下位,0,0,0
312,312,0,34,103,0,0,0,381,1186,374,4,下位,0,0,0
389,389,0,2701,7767,0,0,0,312,103,14,1,下位,0,0,0
138,138,0,91,230,0,0,0,389,7767,2402,8,上位,0,0,0
646,646,0,67,201,0,0,0,138,230,89,2,下位,0,0,0
627,627,0,97,291,0,0,0,646,201,-668,1,下位,0,0,0
711,711,0,122,321,0,0,0,627,291,-1307,1,下位,0,0,0
1009,1009,0,50,149,0,0,0,711,321,-2041,2,下位,0,0,0
63,63,0,156,424,0,0,0,1009,149,-3389,1,下位,0,0,0
272,272,0,473,1196,1,0,0,0,0,1,0,下位,0,0,0
145,145,0,86,214,0,0,0,272,1196,793,6,下位,0,0,0
146,146,0,38,115,0,0,0,145,214,792,2,下位,0,0,0
710,710,0,195,492,0,0,0,146,115,690,1,下位,0,0,0
847,847,0,197,544,0,0,0,710,492,129,3,下位,0,0,0
328,328,0,62,187,0,0,0,847,544,-584,2,下位,0,0,0
42,42,0,53,161,0,0,0,328,187,-884,1,下位,0,0,0
544,544,0,123,325,0,0,0,42,161,-785,1,下位,0,0,0
143,143,0,167,457,0,0,0,544,325,-1267,2,下位,0,0,0
156,156,0,929,2458,0,0,0,143,457,-1022,2,下位,0,0,0
91,91,0,46,138,0,0,0,156,2458,293,8,上位,0,0,0
357,357,0,174,429,0,0,0,91,138,296,1,下位,0,0,0
478,478,0,100,254,0,0,0,357,429,195,3,下位,0,0,0
96,96,0,100,254,0,0,0,478,254,-260,2,下位,0,0,0
474,474,0,71,213,0,0,0,96,254,-148,2,下位,0,0,0
192,192,0,548,1419,0,0,0,474,213,-638,1,下位,0,0,0
449,449,0,35,105,1,0,0,0,0,1,0,下位,0,0,0
510,510,0,53,160,0,0,0,449,105,-560,1,下位,0,0,0
944,944,0,41,123,0,0,0,510,160,-1157,1,下位,0,0,0
204,204,0,52,157,0,0,0,944,123,-2435,1,下位,0,0,0
385,385,0,145,390,0,0,0,204,157,-2581,1,下位,0,0,0
122,122,0,34,100,0,0,0,385,390,-2762,2,下位,0,0,0
148,148,0,40,120,0,0,0,122,100,-2843,1,下位,0,0,0
763,763,0,348,911,0,0,0,148,120,-2943,1,下位,0,0,0
532,532,0,65,195,0,0,0,763,911,-3164,4,下位,0,0,0
253,253,0,137,368,0,0,0,532,195,-3758,1,下位,0,0,0
159,159,0,37,112,0,0,0,253,368,-3765,2,下位,0,0,0
443,443,0,643,1747,0,0,0,159,112,-3889,1,下位,0,0,0
108,108,0,35,106,1,0,0,0,0,1,0,下位,0,0,0
705,705,0,50,151,0,0,0,108,106,-53,1,下位,0,0,0
541,541,0,127,338,0,0,0,705,151,-948,1,下位,0,0,0
128,128,0,44,131,0,0,0,541,338,-1413,2,下位,0,0,0
120,120,0,272,682,0,0,0,128,131,-1472,1,下位,0,0,0
269,269,0,38,114,0,0,0,120,682,-968,4,下位,0,0,0
528,528,0,35,106,0,0,0,269,114,-1253,1,下位,0,0,0
298,298,0,113,294,0,0,0,528,106,-1930,1,下位,0,0,0
969,969,0,35,103,0,0,0,298,294,-2078,2,下位,0,0,0
149,149,0,183,459,0,0,0,969,103,-3413,1,下位,0,0,0
183,183,0,36,110,0,0,0,149,459,-3175,3,下位,0,0,0
237,237,0,235,658,0,0,0,183,110,-3337,1,下位,0,0,0
883,883,0,68,203,0,0,0,237,658,-3031,2,下位,0,0,0
549,549,0,142,425,0,0,0,883,203,-4138,1,下位,0,0,0
610,610,0,154,417,0,0,0,549,425,-4528,1,下位,0,0,0
349,349,0,65,195,1,0,0,0,0,1,0,下位,0,0,0
515,515,0,35,104,0,0,0,349,195,-322,1,下位,0,0,0
295,295,0,535,1421,0,0,0,515,104,-982,1,下位,0,0,0
120,120,0,99,253,0,0,0,295,1421,1,5,下位,0,0,0
491,491,0,47,140,0,0,0,120,253,76,2,下位,0,0,0
133,133,0,46,137,0,0,0,491,140,-512,1,下位,0,0,0
551,551,0,440,1276,0,0,0,133,137,-572,1,下位,0,0,0
140,140,0,239,581,0,0,0,551,1276,-114,2,下位,0,0,0
331,331,0,199,507,0,0,0,140,581,259,4,下位,0,0,0
143,143,0,201,472,0,0,0,331,507,275,3,下位,0,0,0
367,367,0,169,417,0,0,0,143,472,535,4,下位,0,0,0
165,165,0,265,751,0,0,0,367,417,407,3,下位,0,0,0
217,217,0,247,696,0,0,0,165,751,913,2,下位,0,0,0
398,398,0,38,114,0,0,0,217,696,1287,2,下位,0,0,0
329,329,0,97,247,0,0,0,398,114,810,1,下位,0,0,0
181,181,0,101,256,0,0,0,329,247,569,2,下位,0,0,0
89,89,0,158,430,0,0,0,181,256,556,2,下位,0,0,0
118,118,0,44,131,0,0,0,89,430,854,2,下位,0,0,0
142,142,0,35,106,1,0,0,0,0,1,0,下位,0,0,0
725,725,0,318,773,0,0,0,142,106,-104,1,下位,0,0,0
86,86,0,44,131,0,0,0,725,773,-407,5,下位,0,0,0
143,143,0,375,989,0,0,0,86,131,-404,1,下位,0,0,0
419,419,0,62,185,0,0,0,143,989,373,4,下位,0,0,0
504,504,0,73,219,0,0,0,419,185,-64,1,下位,0,0,0
562,562,0,204,522,0,0,0,504,219,-593,1,下位,0,0,0
331,331,0,198,549,0,0,0,562,522,-905,3,下位,0,0,0
571,571,0,156,424,0,0,0,331,549,-847,2,下位,0,0,0
186,186,0,461,1295,0,0,0,571,424,-1270,2,下位,0,0,0
210,210,0,153,369,0,0,0,186,1295,-251,3,下位,0,0,0
130,130,0,38,116,1,0,0,0,0,1,0,下位,0,0,0
200,200,0,59,178,0,0,0,130,116,-76,1,下位,0,0,0
339,339,0,161,438,0,0,0,200,178,-195,1,下位,0,0,0
1009,1009,0,307,830,0,0,0,339,438,-260,2,下位,0,0,0
191,191,0,172,515,0,0,0,1009,830,-927,3,下位,0,0,0
94,94,0,74,223,0,0,0,191,515,-695,1,下位,0,0,0
870,870,0,98,294,0,0,0,94,223,-611,1,下位,0,0,0
243,243,0,75,224,0,0,0,870,294,-1608,1,下位,0,0,0
458,458,0,68,204,0,0,0,243,224,-1745,1,下位,0,0,0
195,195,0,261,651,0,0,0,458,204,-2221,1,下位,0,0,0
199,199,0,34,103,0,0,0,195,651,-1859,4,下位,0,0,0
315,315,0,136,408,0,0,0,199,103,-2051,1,下位,0,0,0
373,373,0,111,288,0,0,0,315,408,-2110,1,下位,0,0,0
378,378,0,270,677,0,0,0,373,288,-2375,2,下位,0,0,0
128,128,0,176,438,0,0,0,378,677,-2259,4,下位,0,0,0
190,190,0,155,421,0,0,0,128,438,-2011,3,下位,0,0,0
343,343,0,59,177,1,0,0,0,0,1,0,下位,0,0,0
458,458,0,51,153,0,0,0,343,177,-331,1,下位,0,0,0
154,154,0,114,298,0,0,0,458,153,-858,1,下位,0,0,0
528,528,0,38,115,0,0,0,154,298,-788,2,下位,0,0,0
551,551,0,100,255,0,0,0,528,115,-1456,1,下位,0,0,0
621,621,0,52,155,0,0,0,551,255,-2019,2,下位,0,0,0
170,170,0,245,647,0,0,0,621,155,-2785,1,下位,0,0,0
95,95,0,89,266,0,0,0,170,647,-2390,3,下位,0,0,0
422,422,0,420,1260,0,0,0,95,266,-2265,1,下位,0,0,0
145,145,0,245,603,0,0,0,422,1260,-1631,1,下位,0,0,0
211,211,0,330,900,0,0,0,145,603,-1243,4,下位,0,0,0
137,137,0,41,123,0,0,0,211,900,-656,3,下位,0,0,0
181,181,0,190,524,0,0,0,137,123,-736,1,下位,0,0,0
307,307,0,179,494,0,0,0,181,524,-481,2,下位,0,0,0
602,602,0,47,142,0,0,0,307,494,-442,2,下位,0,0,0
581,581,0,41,124,0,0,0,602,142,-1193,1,下位,0,0,0
200,200,0,566,1475,0,0,0,581,124,-1931,1,下位,0,0,0
25,25,0,176,483,1,0,0,0,0,1,0,下位,0,0,0
491,491,0,99,252,0,0,0,25,483,447,2,下位,0,0,0
326,326,0,146,393,0,0,0,491,252,-29,2,下位,0,0,0
188,188,0,50,150,0,0,0,326,393,-120,2,下位,0,0,0
199,199,0,129,387,0,0,0,188,150,-249,1,下位,0,0,0
233,233,0,113,294,0,0,0,199,387,-157,1,下位,0,0,0
45,45,0,305,739,0,0,0,233,294,-209,2,下位,0,0,0
182,182,0,420,1127,0,0,0,45,739,463,5,下位,0,0,0
122,122,0,195,449,0,0,0,182,1127,1320,4,下位,0,0,0
308,308,0,80,194,0,0,0,122,449,1588,4,下位,0,0,0
204,204,0,53,159,0,0,0,308,194,1325,2,下位,0,0,0
67,67,0,118,311,0,0,0,204,159,1181,1,下位,0,0,0
1011,1011,0,97,291,0,0,0,67,311,1393,2,下位,0,0,0
448,448,0,68,203,0,0,0,1011,291,184,1,下位,0,0,0
94,94,0,259,686,1,0,0,0,0,1,0,下位,0,0,0
190,190,0,776,2101,0,0,0,94,686,548,3,下位,0,0,0
187,187,0,89,266,0,0,0,190,2101,94,6,下位,0,0,0
114,114,0,541,1492,0,0,0,187,266,83,1,下位,0,0,0
489,489,0,90,227,0,0,0,114,1492,1406,4,下位,0,0,0
459,459,0,237,622,0,0,0,489,227,907,2,下位,0,0,0
564,564,0,217,517,0,0,0,459,622,848,3,下位,0,0,0
337,337,0,42,127,0,0,0,564,517,528,4,下位,0,0,0
808,808,0,247,697,0,0,0,337,127,155,1,下位,0,0,0
281,281,0,316,769,0,0,0,808,697,-347,2,下位,0,0,0
182,182,0,34,103,0,0,0,281,769,5,5,下位,0,0,0
433,433,0,63,189,0,0,0,182,103,-162,1,下位,0,0,0
196,196,0,37,112,0,0,0,433,189,-615,1,下位,0,0,0
474,474,0,41,122,1,0,0,0,0,1,0,下位,0,0,0
214,214,0,267,667,0,0,0,474,122,-580,1,下位,0,0,0
202,202,0,36,108,0,0,0,214,667,-231,4,下位,0,0,0
75,75,0,207,620,0,0,0,202,108,-423,1,下位,0,0,0
41,41,0,494,1255,0,0,0,75,620,86,1,下位,0,0,0
166,166,0,36,108,0,0,0,41,1255,1280,6,下位,0,0,0
632,632,0,50,149,0,0,0,166,108,1142,1,下位,0,0,0
603,603,0,104,265,0,0,0,632,149,353,1,下位,0,0,0
675,675,0,264,703,0,0,0,603,265,-277,2,下位,0,0,0
508,508,0,545,1590,0,0,0,675,703,-575,3,下位,0,0,0
215,215,0,190,527,0,0,0,508,1590,261,2,下位,0,0,0
508,508,0,147,396,0,0,0,215,527,469,2,下位,0,0,0
251,251,0,126,335,1,0,0,0,0,1,0,下位,0,0,0
319,319,0,152,413,0,0,0,251,335,-36,2,下位,0,0,0
539,539,0,36,107,0,0,0,319,413,-96,2,下位,0,0,0
187,187,0,32,97,0,0,0,539,107,-789,1,下位,0,0,0
537,537,0,41,122,0,0,0,187,97,-969,1,下位,0,0,0
417,417,0,43,128,0,0,0,537,122,-1644,1,下位,0,0,0
566,566,0,66,198,0,0,0,417,128,-2135,1,下位,0,0,0
175,175,0,162,442,0,0,0,566,198,-2777,1,下位,0,0,0
159,159,0,35,106,0,0,0,175,442,-2595,2,下位,0,0,0
138,138,0,47,142,0,0,0,159,106,-2725,1,下位,0,0,0
58,58,0,75,224,0,0,0,138,142,-2788,1,下位,0,0,0
538,538,0,636,1909,0,0,0,58,224,-2650,1,下位,0,0,0
625,625,0,34,102,0,0,0,538,1909,-1539,1,下位,0,0,0
156,156,0,111,287,0,0,0,625,102,-2364,1,下位,0,0,0
139,139,0,143,385,0,0,0,156,287,-2308,2,下位,0,0,0
759,759,0,194,492,0,0,0,139,385,-2129,2,下位,0,0,0
201,201,0,40,120,0,0,0,759,492,-2763,3,下位,0,0,0
40,40,0,207,531,0,0,0,201,120,-2941,1,下位,0,0,0
482,482,0,136,363,1,0,0,0,0,1,0,下位,0,0,0
101,101,0,38,114,0,0,0,482,363,-351,2,下位,0,0,0
616,616,0,356,887,0,0,0,101,114,-387,1,下位,0,0,0
344,344,0,82,202,0,0,0,616,887,-414,5,下位,0,0,0
532,532,0,49,147,0,0,0,344,202,-722,2,下位,0,0,0
61,61,0,34,102,0,0,0,532,147,-1364,1,下位,0,0,0
316,316,0,34,102,0,0,0,61,102,-1353,1,下位,0,0,0
240,240,0,42,127,0,0,0,316,102,-1720,1,下位,0,0,0
1015,1015,0,363,911,0,0,0,240,127,-1949,1,下位,0,0,0
74,74,0,520,1284,0,0,0,1015,911,-2544,5,下位,0,0,0
183,183,0,33,100,0,0,0,74,1284,-1370,7,上位,0,0,0
90,90,0,122,367,0,0,0,183,100,-1542,1,下位,0,0,0
726,726,0,106,319,0,0,0,90,367,-1309,1,下位,0,0,0
814,814,0,79,238,0,0,0,726,319,-2067,1,下位,0,0,0
490,490,0,44,132,0,0,0,814,238,-3037,1,下位,0,0,0
513,513,0,35,104,1,0,0,0,0,1,0,下位,0,0,0
501,501,0,109,284,0,0,0,513,104,-656,1,下位,0,0,0
99,99,0,40,120,0,0,0,501,284,-1115,2,下位,0,0,0
261,261,0,96,243,0,0,0,99,120,-1142,1,下位,0,0,0
1012,1012,0,71,213,0,0,0,261,243,-1286,2,下位,0,0,0
349,349,0,93,234,0,0,0,1012,213,-2574,1,下位,0,0,0
91,91,0,101,260,0,0,0,349,234,-2858,2,下位,0,0,0
379,379,0,64,193,0,0,0,91,260,-2733,2,下位,0,0,0
112,112,0,290,692,0,0,0,379,193,-3102,1,下位,0,0,0
527,527,0,63,190,0,0,0,112,692,-2576,5,下位,0,0,0
167,167,0,124,326,0,0,0,527,190,-3168,1,下位,0,0,0
229,229,0,448,1122,0,0,0,167,326,-3090,2,下位,0,0,0
83,83,0,1641,4646,0,0,0,229,1122,-2308,6,下位,0,0,0
85,85,0,177,438,0,0,0,83,4646,2215,7,上位,0,0,0
113,113,0,180,497,1,0,0,0,0,1,0,下位,0,0,0
429,429,0,109,284,0,0,0,113,497,330,2,下位,0,0,0
729,729,0,680,1995,0,0,0,429,284,-22,2,下位,0,0,0
510,510,0,41,122,0,0,0,729,1995,891,2,下位,0,0,0
290,290,0,163,396,0,0,0,510,122,256,1,下位,0,0,0
162,162,0,105,315,0,0,0,290,396,222,3,下位,0,0,0
157,157,0,215,511,0,0,0,162,315,297,1,下位,0,0,0
341,341,0,58,173,0,0,0,157,511,575,4,下位,0,0,0
236,236,0,180,449,0,0,0,341,173,242,1,下位,0,0,0
141,141,0,192,487,0,0,0,236,449,341,3,下位,0,0,0
107,107,0,267,758,0,0,0,141,487,619,3,下位,0,0,0
161,161,0,1855,5259,0,0,0,107,758,1218,2,下位,0,0,0
156,156,0,102,258,0,0,0,161,5259,388,7,上位,0,0,0
174,174,0,35,103,1,0,0,0,0,1,0,下位,0,0,0
559,559,0,748,2065,0,0,0,174,103,-154,1,下位,0,0,0
218,218,0,34,102,0,0,0,559,2065,1082,5,下位,0,0,0
435,435,0,206,527,0,0,0,218,102,861,1,下位,0,0,0
316,316,0,39,118,0,0,0,435,527,743,3,下位,0,0,0
297,297,0,68,206,0,0,0,316,118,392,1,下位,0,0,0
680,680,0,263,744,0,0,0,297,206,157,1,下位,0,0,0
301,301,0,44,133,0,0,0,680,744,-108,2,下位,0,0,0
610,610,0,2367,6603,0,0,0,301,133,-422,1,下位,0,0,0
99,99,0,545,1352,0,0,0,610,6603,880,11,上位,0,0,0
185,185,0,92,275,0,0,0,99,1352,282,7,上位,0,0,0
81,81,0,115,299,0,0,0,185,275,283,1,下位,0,0,0
195,195,0,38,116,1,0,0,0,0,1,0,下位,0,0,0
863,863,0,64,193,0,0,0,195,116,-172,1,下位,0,0,0
165,165,0,63,189,0,0,0,863,193,-1259,1,下位,0,0,0
676,676,0,37,111,0,0,0,165,189,-1315,1,下位,0,0,0
699,699,0,432,1207,0,0,0,676,111,-2207,1,下位,0,0,0
135,135,0,676,1848,0,0,0,699,1207,-2037,3,下位,0,0,0
346,346,0,229,596,0,0,0,135,1848,-389,5,下位,0,0,0
722,722,0,43,131,0,0,0,346,596,-306,3,下位,0,0,0
494,494,0,52,155,0,0,0,722,131,-1246,1,下位,0,0,0
448,448,0,39,118,1,0,0,0,0,1,0,下位,0,0,0
145,145,0,37,110,0,0,0,448,118,-546,1,下位,0,0,0
112,112,0,37,113,0,0,0,145,110,-651,1,下位,0,0,0
154,154,0,141,379,0,0,0,112,113,-704,1,下位,0,0,0
200,200,0,68,203,0,0,0,154,379,-553,2,下位,0,0,0
986,986,0,257,725,0,0,0,200,203,-647,1,下位,0,0,0
269,269,0,82,201,0,0,0,986,725,-1385,2,下位,0,0,0
132,132,0,182,456,0,0,0,269,201,-1583,2,下位,0,0,0
166,166,0,142,382,0,0,0,132,456,-1323,3,下位,0,0,0
798,798,0,215,555,0,0,0,166,382,-1187,2,下位,0,0,0
63,63,0,463,1163,0,0,0,798,555,-1816,3,下位,0,0,0
86,86,0,170,419,0,0,0,63,1163,-746,6,下位,0,0,0
72,72,0,260,643,0,0,0,86,419,-455,3,下位,0,0,0
192,192,0,37,111,0,0,0,72,643,81,4,下位,0,0,0
629,629,0,48,144,0,0,0,192,111,-93,1,下位,0,0,0
577,577,0,323,834,0,0,0,629,144,-882,1,下位,0,0,0
246,246,0,81,200,1,0,0,0,0,1,0,下位,0,0,0
504,504,0,485,1323,0,0,0,246,200,-164,2,下位,0,0,0
191,191,0,188,430,0,0,0,504,1323,411,4,下位,0,0,0
596,596,0,134,402,0,0,0,191,430,558,4,下位,0,0,0
57,57,0,151,361,0,0,0,596,402,76,1,下位,0,0,0
236,236,0,313,758,0,0,0,57,361,352,3,下位,0,0,0
164,164,0,165,404,0,0,0,236,758,760,5,下位,0,0,0
67,67,0,187,470,0,0,0,164,404,921,3,下位,0,0,0
470,470,0,36,109,0,0,0,67,470,1292,3,下位,0,0,0
112,112,0,84,252,0,0,0,470,109,704,1,下位,0,0,0
160,160,0,46,137,0,0,0,112,252,790,1,下位,0,0,0
48,48,0,70,210,0,0,0,160,137,690,1,下位,0,0,0
391,391,0,113,292,0,0,0,48,210,829,1,下位,0,0,0
312,312,0,182,502,0,0,0,391,292,541,2,下位,0,0,0
290,290,0,337,876,0,0,0,312,502,580,2,下位,0,0,0
156,156,0,128,339,0,0,0,290,876,1026,4,下位,0,0,0
420,420,0,63,190,0,0,0,156,339,1134,2,下位,0,0,0
208,208,0,97,245,0,0,0,420,190,701,1,下位,0,0,0
144,144,0,45,136,0,0,0,208,245,637,2,下位,0,0,0
193,193,0,43,128,0,0,0,144,136,559,1,下位,0,0,0
388,388,0,285,853,1,0,0,0,0,1,0,下位,0,0,0
859,859,0,80,241,0,0,0,388,853,278,1,下位,0,0,0
1008,1008,0,276,695,0,0,0,859,241,-755,1,下位,0,0,0
234,234,0,601,1523,0,0,0,1008,695,-1556,4,下位,0,0,0
122,122,0,145,347,0,0,0,234,1523,-380,7,上位,0,0,0
851,851,0,149,404,0,0,0,122,347,-214,3,下位,0,0,0
880,880,0,78,235,0,0,0,851,404,-1073,2,下位,0,0,0
212,212,0,35,106,0,0,0,880,235,-2144,1,下位,0,0,0
243,243,0,176,484,0,0,0,212,106,-2353,1,下位,0,0,0
155,155,0,81,242,0,0,0,243,484,-2230,2,下位,0,0,0
634,634,0,46,137,0,0,0,155,242,-2218,1,下位,0,0,0
108,108,0,204,569,1,0,0,0,0,1,0,下位,0,0,0
289,289,0,242,590,0,0,0,108,569,410,2,下位,0,0,0
171,171,0,176,483,0,0,0,289,590,571,4,下位,0,0,0
825,825,0,37,112,0,0,0,171,483,800,2,下位,0,0,0
808,808,0,184,507,0,0,0,825,112,-312,1,下位,0,0,0
117,117,0,295,750,0,0,0,808,507,-1004,2,下位,0,0,0
613,613,0,39,116,0,0,0,117,750,-428,4,下位,0,0,0
78,78,0,83,202,0,0,0,613,116,-1221,1,下位,0,0,0
172,172,0,100,257,0,0,0,78,202,-1135,2,下位,0,0,0
485,485,0,86,214,0,0,0,172,257,-1133,2,下位,0,0,0
41,41,0,93,233,0,0,0,485,214,-1639,2,下位,0,0,0
96,96,0,34,101,0,0,0,41,233,-1467,2,下位,0,0,0
36,36,0,45,136,0,0,0,96,101,-1508,1,下位,0,0,0
369,369,0,269,673,1,0,0,0,0,1,0,下位,0,0,0
840,840,0,196,498,0,0,0,369,673,127,4,下位,0,0,0
904,904,0,48,143,0,0,0,840,498,-621,3,下位,0,0,0
260,260,0,49,148,0,0,0,904,143,-1819,1,下位,0,0,0
71,71,0,242,593,0,0,0,260,148,-2057,1,下位,0,0,0
305,305,0,155,419,0,0,0,71,593,-1569,4,下位,0,0,0
205,205,0,161,394,0,0,0,305,419,-1603,2,下位,0,0,0
299,299,0,45,136,0,0,0,205,394,-1513,3,下位,0,0,0
473,473,0,155,421,0,0,0,299,136,-1821,1,下位,0,0,0
979,979,0,577,1451,0,0,0,473,421,-2102,2,下位,0,0,0
197,197,0,330,901,0,0,0,979,1451,-2104,7,上位,0,0,0
332,332,0,38,114,0,0,0,197,901,-1495,3,下位,0,0,0
1010,1010,0,42,126,0,0,0,332,114,-1874,1,下位,0,0,0
344,344,0,92,276,1,0,0,0,0,1,0,下位,0,0,0
235,235,0,151,409,0,0,0,344,276,-233,1,下位,0,0,0
445,445,0,38,114,0,0,0,235,409,-173,2,下位,0,0,0
328,328,0,40,120,0,0,0,445,114,-719,1,下位,0,0,0
826,826,0,116,304,0,0,0,328,120,-1086,1,下位,0,0,0
20,20,0,143,382,0,0,0,826,304,-2008,2,下位,0,0,0
882,882,0,290,870,0,0,0,20,382,-1656,2,下位,0,0,0
383,383,0,116,304,0,0,0,882,870,-2095,1,下位,0,0,0
487,487,0,35,105,0,0,0,383,304,-2359,2,下位,0,0,0
607,607,0,356,844,0,0,0,487,105,-2977,1,下位,0,0,0
175,175,0,83,206,0,0,0,607,844,-3034,6,下位,0,0,0
190,190,0,55,166,0,0,0,175,206,-3088,2,下位,0,0,0
189,189,0,786,2134,1,0,0,0,0,1,0,下位,0,0,0
182,182,0,37,111,0,0,0,189,2134,1855,6,下位,0,0,0
637,637,0,56,169,0,0,0,182,111,1696,1,下位,0,0,0
207,207,0,34,103,0,0,0,637,169,920,1,下位,0,0,0
228,228,0,36,108,0,0,0,207,103,716,1,下位,0,0,0
333,333,0,99,297,0,0,0,228,108,486,1,下位,0,0,0
704,704,0,81,197,0,0,0,333,297,289,1,下位,0,0,0
182,182,0,34,102,0,0,0,704,197,-559,2,下位,0,0,0
285,285,0,494,1393,0,0,0,182,102,-727,1,下位,0,0,0
205,205,0,356,888,0,0,0,285,1393,243,3,下位,0,0,0
517,517,0,249,611,0,0,0,205,888,827,5,下位,0,0,0
138,138,0,215,558,0,0,0,517,611,671,4,下位,0,0,0
138,138,0,39,117,0,0,0,138,558,1024,3,下位,0,0,0
184,184,0,237,668,0,0,0,138,117,936,1,下位,0,0,0
215,215,0,320,739,0,0,0,184,668,1331,2,下位,0,0,0
197,197,0,36,107,0,0,0,215,739,1751,6,下位,0,0,0
420,420,0,43,128,0,0,0,197,107,1566,1,下位,0,0,0
671,671,0,109,283,0,0,0,420,128,1071,1,下位,0,0,0
170,170,0,129,342,1,0,0,0,0,1,0,下位,0,0,0
829,829,0,134,358,0,0,0,170,342,91,2,下位,0,0,0
486,486,0,43,130,0,0,0,829,358,-781,2,下位,0,0,0
101,101,0,45,135,0,0,0,486,130,-1372,1,下位,0,0,0
433,433,0,48,145,0,0,0,101,135,-1387,1,下位,0,0,0
184,184,0,57,172,0,0,0,433,145,-1884,1,下位,0,0,0
132,132,0,37,111,0,0,0,184,172,-1985,1,下位,0,0,0
37,37,0,168,461,0,0,0,132,111,-2070,1,下位,0,0,0
566,566,0,273,686,0,0,0,37,461,-1664,2,下位,0,0,0
116,116,0,39,117,0,0,0,566,686,-1818,4,下位,0,0,0
404,404,0,34,102,0,0,0,116,117,-1873,1,下位,0,0,0
242,242,0,238,578,0,0,0,404,102,-2370,1,下位,0,0,0
773,773,0,41,123,0,0,0,242,578,-2151,4,下位,0,0,0
601,601,0,231,604,0,0,0,773,123,-3175,1,下位,0,0,0
55,55,0,114,296,0,0,0,601,604,-3463,3,下位,0,0,0
228,228,0,345,943,0,0,0,55,296,-3249,2,下位,0,0,0
411,411,0,298,670,1,0,0,0,0,1,0,下位,0,0,0
132,132,0,37,112,0,0,0,411,670,61,6,下位,0,0,0
363,363,0,54,162,0,0,0,132,112,-23,1,下位,0,0,0
103,103,0,40,119,0,0,0,363,162,-400,1,下位,0,0,0
360,360,0,87,216,0,0,0,103,119,-434,1,下位,0,0,0
179,179,0,308,833,0,0,0,360,216,-752,2,下位,0,0,0
244,244,0,112,292,0,0,0,179,833,-185,3,下位,0,0,0
356,356,0,248,607,0,0,0,244,292,-255,2,下位,0,0,0
266,266,0,42,127,0,0,0,356,607,-176,4,下位,0,0,0
253,253,0,88,217,0,0,0,266,127,-444,1,下位,0,0,0
202,202,0,38,114,0,0,0,253,217,-602,2,下位,0,0,0
172,172,0,123,323,0,0,0,202,114,-788,1,下位,0,0,0
245,245,0,46,138,0,0,0,172,323,-720,2,下位,0,0,0
254,254,0,260,644,0,0,0,245,138,-946,1,下位,0,0,0
230,230,0,105,270,0,0,0,254,644,-679,4,下位,0,0,0
133,133,0,167,412,0,0,0,230,270,-750,2,下位,0,0,0
237,237,0,237,620,0,0,0,133,412,-535,3,下位,0,0,0
112,112,0,571,1430,0,0,0,237,620,-267,3,下位,0,0,0
190,190,0,35,105,0,0,0,112,1430,282,7,上位,0,0,0
66,66,0,104,267,0,0,0,190,105,106,1,下位,0,0,0
342,342,0,99,297,0,0,0,66,267,275,2,下位,0,0,0
162,162,0,38,114,0,0,0,342,297,65,1,下位,0,0,0
818,818,0,39,117,0,0,0,162,114,-61,1,下位,0,0,0
258,258,0,140,377,0,0,0,818,117,-1158,1,下位,0,0,0
533,533,0,42,125,1,0,0,0,0,1,0,下位,0,0,0
217,217,0,253,759,0,0,0,533,125,-665,1,下位,0,0,0
278,278,0,36,108,0,0,0,217,759,-228,1,下位,0,0,0
294,294,0,89,267,0,0,0,278,108,-532,1,下位,0,0,0
721,721,0,61,182,0,0,0,294,267,-701,1,下位,0,0,0
25,25,0,34,102,0,0,0,721,182,-1589,1,下位,0,0,0
148,148,0,843,2251,0,0,0,25,102,-1524,1,下位,0,0,0
148,148,0,36,108,0,0,0,148,2251,439,7,上位,0,0,0
172,172,0,48,143,0,0,0,148,108,327,1,下位,0,0,0
468,468,0,572,1578,0,0,0,172,143,215,1,下位,0,0,0
304,304,0,207,486,0,0,0,468,1578,1099,4,下位,0,0,0
104,104,0,333,866,0,0,0,304,486,1134,4,下位,0,0,0
195,195,0,282,711,0,0,0,104,866,1846,4,下位,0,0,0
347,347,0,99,296,1,0,0,0,0,1,0,下位,0,0,0
565,565,0,34,102,0,0,0,347,296,-218,1,下位,0,0,0
239,239,0,90,271,0,0,0,565,102,-954,1,下位,0,0,0
509,509,0,40,120,0,0,0,239,271,-1038,1,下位,0,0,0
76,76,0,53,160,0,0,0,509,120,-1673,1,下位,0,0,0
757,757,0,706,2071,0,0,0,76,160,-1626,1,下位,0,0,0
173,173,0,357,978,0,0,0,757,2071,-678,2,下位,0,0,0
242,242,0,39,117,0,0,0,173,978,43,3,下位,0,0,0
54,54,0,138,370,0,0,0,242,117,-199,1,下位,0,0,0
439,439,0,1194,3306,0,0,0,54,370,91,2,下位,0,0,0
74,74,0,315,809,0,0,0,439,3306,775,7,上位,0,0,0
94,94,0,388,984,0,0,0,74,809,1474,4,下位,0,0,0
91,91,0,122,322,0,0,0,94,984,2319,5,下位,0,0,0
350,350,0,99,253,1,0,0,0,0,1,0,下位,0,0,0
55,55,0,80,196,0,0,0,350,253,-265,2,下位,0,0,0
349,349,0,53,159,0,0,0,55,196,-151,2,下位,0,0,0
375,375,0,110,283,0,0,0,349,159,-510,1,下位,0,0,0
1010,1010,0,166,452,0,0,0,375,283,-783,2,下位,0,0,0
63,63,0,148,444,0,0,0,1010,452,-1830,2,下位,0,0,0
459,459,0,92,232,0,0,0,63,444,-1479,1,下位,0,0,0
403,403,0,115,344,0,0,0,459,232,-1928,2,下位,0,0,0
406,406,0,36,108,0,0,0,403,344,-2182,1,下位,0,0,0
723,723,0,457,1145,0,0,0,406,108,-2676,1,下位,0,0,0
124,124,0,33,100,0,0,0,723,1145,-2604,6,下位,0,0,0
721,721,0,855,2232,0,0,0,124,100,-2688,1,下位,0,0,0
112,112,0,46,137,0,0,0,721,2232,-1526,8,上位,0,0,0
465,465,0,37,110,1,0,0,0,0,1,0,下位,0,0,0
420,420,0,127,334,0,0,0,465,110,-579,1,下位,0,0,0
200,200,0,99,251,0,0,0,420,334,-868,2,下位,0,0,0
845,845,0,35,106,0,0,0,200,251,-914,2,下位,0,0,0
262,262,0,85,210,0,0,0,845,106,-2062,1,下位,0,0,0
464,464,0,93,234,0,0,0,262,210,-2241,2,下位,0,0,0
116,116,0,229,642,0,0,0,464,234,-2695,2,下位,0,0,0
950,950,0,97,248,0,0,0,116,642,-2225,2,下位,0,0,0
297,297,0,285,678,0,0,0,950,248,-3386,2,下位,0,0,0
93,93,0,34,101,0,0,0,297,678,-3149,5,下位,0,0,0
112,112,0,693,1944,0,0,0,93,101,-3186,1,下位,0,0,0
273,273,0,39,116,0,0,0,112,1944,-1408,4,下位,0,0,0
176,176,0,302,819,0,0,0,273,116,-1697,1,下位,0,0,0
77,77,0,38,113,0,0,0,176,819,-1139,3,下位,0,0,0
154,154,0,116,304,0,0,0,77,113,-1140,1,下位,0,0,0
245,245,0,70,211,0,0,0,154,304,-1064,2,下位,0,0,0
289,289,0,379,959,1,0,0,0,0,1,0,下位,0,0,0
186,186,0,40,121,0,0,0,289,959,531,5,下位,0,0,0
750,750,0,924,2439,0,0,0,186,121,376,1,下位,0,0,0
128,128,0,240,630,0,0,0,750,2439,523,8,上位,0,0,0
353,353,0,44,131,0,0,0,128,630,963,3,下位,0,0,0
450,450,0,130,345,0,0,0,353,131,570,1,下位,0,0,0
764,764,0,100,257,0,0,0,450,345,247,2,下位,0,0,0
165,165,0,37,111,0,0,0,764,257,-630,2,下位,0,0,0
309,309,0,121,318,0,0,0,165,111,-764,1,下位,0,0,0
901,901,0,139,373,0,0,0,309,318,-904,2,下位,0,0,0
639,639,0,57,171,0,0,0,901,373,-1868,2,下位,0,0,0
218,218,0,96,245,0,0,0,639,171,-2645,1,下位,0,0,0
428,428,0,35,105,1,0,0,0,0,1,0,下位,0,0,0
1001,1001,0,230,600,0,0,0,428,105,-529,1,下位,0,0,0
740,740,0,99,253,0,0,0,1001,600,-1414,3,下位,0,0,0
402,402,0,79,236,0,0,0,740,253,-2259,2,下位,0,0,0
185,185,0,84,252,0,0,0,402,236,-2619,1,下位,0,0,0
23,23,0,38,114,0,0,0,185,252,-2641,1,下位,0,0,0
199,199,0,190,525,0,0,0,23,114,-2561,1,下位,0,0,0
75,75,0,110,283,0,0,0,199,525,-2331,2,下位,0,0,0
123,123,0,68,205,0,0,0,75,283,-2159,2,下位,0,0,0
689,689,0,348,1000,0,0,0,123,205,-2136,1,下位,0,0,0
413,413,0,67,201,0,0,0,689,1000,-2158,2,下位,0,0,0
882,882,0,51,153,0,0,0,413,201,-2570,1,下位,0,0,0
155,155,0,52,155,0,0,0,882,153,-3726,1,下位,0,0,0
511,511,0,189,476,0,0,0,155,155,-3801,1,下位,0,0,0
995,995,0,452,1312,0,0,0,511,476,-4083,3,下位,0,0,0
414,414,0,415,1063,1,0,0,0,0,1,0,下位,0,0,0
760,760,0,144,387,0,0,0,414,1063,450,5,下位,0,0,0
457,457,0,74,222,0,0,0,760,387,-291,2,下位,0,0,0
301,301,0,42,126,0,0,0,457,222,-747,1,下位,0,0,0
397,397,0,43,128,0,0,0,301,126,-1068,1,下位,0,0,0
539,539,0,219,567,0,0,0,397,128,-1529,1,下位,0,0,0
514,514,0,62,186,0,0,0,539,567,-1762,3,下位,0,0,0
140,140,0,43,130,0,0,0,514,186,-2339,1,下位,0,0,0
366,366,0,69,207,0,0,0,140,130,-2417,1,下位,0,0,0
384,384,0,1652,4571,0,0,0,366,207,-2753,1,下位,0,0,0
121,121,0,1070,3153,0,0,0,384,4571,439,9,上位,0,0,0
143,143,0,229,552,0,0,0,121,3153,1038,2,下位,0,0,0
142,142,0,66,199,1,0,0,0,0,1,0,下位,0,0,0
369,369,0,40,120,0,0,0,142,199,-11,1,下位,0,0,0
281,281,0,100,255,0,0,0,369,120,-438,1,下位,0,0,0
692,692,0,113,294,0,0,0,281,255,-600,2,下位,0,0,0
256,256,0,176,438,0,0,0,692,294,-1333,2,下位,0,0,0
331,331,0,144,387,0,0,0,256,438,-1275,3,下位,0,0,0
981,981,0,36,109,0,0,0,331,387,-1379,2,下位,0,0,0
422,422,0,366,881,0,0,0,981,109,-2725,1,下位,0,0,0
206,206,0,99,251,0,0,0,422,881,-2470,6,下位,0,0,0
433,433,0,439,1226,0,0,0,206,251,-2525,2,下位,0,0,0
144,144,0,215,511,0,0,0,433,1226,-1941,3,下位,0,0,0
558,558,0,162,396,0,0,0,144,511,-1644,4,下位,0,0,0
112,112,0,315,767,0,0,0,558,396,-2076,3,下位,0,0,0
118,118,0,147,441,0,0,0,112,767,-1475,5,下位,0,0,0
182,182,0,214,554,1,0,0,0,0,1,0,下位,0,0,0
119,119,0,330,811,0,0,0,182,554,285,3,下位,0,0,0
63,63,0,50,149,0,0,0,119,811,919,5,下位,0,0,0
715,715,0,194,493,0,0,0,63,149,975,1,下位,0,0,0
137,137,0,291,737,0,0,0,715,493,407,3,下位,0,0,0
701,701,0,35,106,0,0,0,137,737,941,4,下位,0,0,0
518,518,0,109,327,0,0,0,701,106,7,1,下位,0,0,0
433,433,0,45,134,0,0,0,518,327,-435,1,下位,0,0,0
93,93,0,94,236,0,0,0,433,134,-943,1,下位,0,0,0
175,175,0,80,193,0,0,0,93,236,-845,2,下位,0,0,0
554,554,0,179,446,0,0,0,175,193,-912,2,下位,0,0,0
694,694,0,106,272,0,0,0,554,446,-1288,3,下位,0,0,0
146,146,0,49,146,0,0,0,694,272,-2046,2,下位,0,0,0
722,722,0,198,502,0,0,0,146,146,-2117,1,下位,0,0,0
358,358,0,142,335,0,0,0,722,502,-2686,3,下位,0,0,0
669,669,0,107,277,0,0,0,358,335,-2882,3,下位,0,0,0
267,267,0,152,367,1,0,0,0,0,1,0,下位,0,0,0
927,927,0,56,169,0,0,0,267,367,-28,3,下位,0,0,0
37,37,0,193,532,0,0,0,927,169,-1234,1,下位,0,0,0
166,166,0,39,117,0,0,0,37,532,-757,2,下位,0,0,0
28,28,0,32,97,0,0,0,166,117,-886,1,下位,0,0,0
153,153,0,126,286,0,0,0,28,97,-831,1,下位,0,0,0
299,299,0,66,197,0,0,0,153,286,-772,3,下位,0,0,0
738,738,0,95,239,0,0,0,299,197,-1019,1,下位,0,0,0
188,188,0,237,576,0,0,0,738,239,-1875,2,下位,0,0,0
250,250,0,542,1538,0,0,0,188,576,-1578,4,下位,0,0,0
736,736,0,231,556,0,0,0,250,1538,-411,3,下位,0,0,0
563,563,0,2698,7434,0,0,0,736,556,-947,4,下位,0,0,0
59,59,0,220,568,0,0,0,563,7434,317,14,上位,0,0,0
196,196,0,42,125,0,0,0,59,568,797,3,下位,0,0,0
179,179,0,180,452,0,0,0,196,125,631,1,下位,0,0,0
543,543,0,35,104,0,0,0,179,452,817,3,下位,0,0,0
189,189,0,1489,4021,1,0,0,0,0,1,0,下位,0,0,0
160,160,0,38,114,0,0,0,189,4021,484,10,上位,0,0,0
893,893,0,95,238,0,0,0,160,114,361,1,下位,0,0,0
714,714,0,57,170,0,0,0,893,238,-726,2,下位,0,0,0
630,630,0,175,436,0,0,0,714,170,-1615,1,下位,0,0,0
952,952,0,118,353,0,0,0,630,436,-2114,3,下位,0,0,0
330,330,0,37,110,0,0,0,952,353,-3173,1,下位,0,0,0
155,155,0,36,109,0,0,0,330,110,-3553,1,下位,0,0,0
47,47,0,66,199,0,0,0,155,109,-3674,1,下位,0,0,0
1009,1009,0,55,166,0,0,0,47,199,-3545,1,下位,0,0,0
698,698,0,81,242,0,0,0,1009,166,-4876,1,下位,0,0,0
269,269,0,1273,3487,0,0,0,698,242,-5670,1,下位,0,0,0
87,87,0,38,113,1,0,0,0,0,1,0,下位,0,0,0
402,402,0,420,1036,0,0,0,87,113,-15,1,下位,0,0,0
211,211,0,42,126,0,0,0,402,1036,425,6,下位,0,0,0
355,355,0,569,1662,0,0,0,211,126,238,1,下位,0,0,0
77,77,0,50,151,0,0,0,355,1662,1373,2,下位,0,0,0
127,127,0,88,221,0,0,0,77,151,1410,1,下位,0,0,0
310,310,0,47,142,0,0,0,127,221,1443,2,下位,0,0,0
305,305,0,925,2532,0,0,0,310,142,1125,1,下位,0,0,0
170,170,0,116,303,0,0,0,305,2532,829,6,下位,0,0,0
215,215,0,50,149,0,0,0,170,303,880,2,下位,0,0,0
365,365,0,92,277,0,0,0,215,149,710,1,下位,0,0,0
31,31,0,284,622,0,0,0,365,277,445,1,下位,0,0,0
144,144,0,45,134,0,0,0,31,622,1021,6,下位,0,0,0
445,445,0,156,421,0,0,0,144,134,941,1,下位,0,0,0
771,771,0,200,463,0,0,0,445,421,702,2,下位,0,0,0
133,133,0,141,378,0,0,0,771,463,21,4,下位,0,0,0
160,160,0,43,128,0,0,0,133,378,202,2,下位,0,0,0
324,324,0,34,102,0,0,0,160,128,93,1,下位,0,0,0
33,33,0,80,193,0,0,0,324,102,-286,1,下位,0,0,0
233,233,0,38,114,1,0,0,0,0,1,0,下位,0,0,0
67,67,0,40,119,0,0,0,233,114,-231,1,下位,0,0,0
93,93,0,167,456,0,0,0,67,119,-211,1,下位,0,0,0
138,138,0,44,133,0,0,0,93,456,107,2,下位,0,0,0
361,361,0,40,120,0,0,0,138,133,35,1,下位,0,0,0
72,72,0,298,805,0,0,0,361,120,-381,1,下位,0,0,0
109,109,0,44,130,0,0,0,72,805,317,3,下位,0,0,0
621,621,0,296,710,0,0,0,109,130,285,1,下位,0,0,0
557,557,0,43,131,0,0,0,621,710,74,5,下位,0,0,0
370,370,0,38,115,0,0,0,557,131,-621,1,下位,0,0,0
135,135,0,90,225,0,0,0,370,115,-1055,1,下位,0,0,0
862,862,0,257,639,0,0,0,135,225,-1030,2,下位,0,0,0
281,281,0,114,298,0,0,0,862,639,-1670,4,下位,0,0,0
960,960,0,40,120,0,0,0,281,298,-1789,2,下位,0,0,0
428,428,0,43,130,0,0,0,960,120,-3093,1,下位,0,0,0
975,975,0,38,114,0,0,0,428,130,-3598,1,下位,0,0,0
114,114,0,142,382,1,0,0,0,0,1,0,下位,0,0,0
189,189,0,222,666,0,0,0,114,382,214,2,下位,0,0,0
174,174,0,143,386,0,0,0,189,666,600,1,下位,0,0,0
473,473,0,38,114,0,0,0,174,386,728,2,下位,0,0,0
842,842,0,50,151,0,0,0,473,114,140,1,下位,0,0,0
859,859,0,265,613,0,0,0,842,151,-958,1,下位,0,0,0
112,112,0,66,199,0,0,0,859,613,-1619,5,下位,0,0,0
33,33,0,38,116,0,0,0,112,199,-1586,1,下位,0,0,0
100,100,0,293,740,0,0,0,33,116,-1519,1,下位,0,0,0
107,107,0,288,773,0,0,0,100,740,-927,4,下位,0,0,0
164,164,0,225,583,0,0,0,107,773,-313,3,下位,0,0,0
311,311,0,109,329,0,0,0,164,583,27,3,下位,0,0,0
417,417,0,186,468,0,0,0,311,329,-105,1,下位,0,0,0
300,300,0,60,179,0,0,0,417,468,-256,3,下位,0,0,0
694,694,0,1653,4576,0,0,0,300,179,-522,1,下位,0,0,0
434,434,0,264,655,1,0,0,0,0,1,0,下位,0,0,0
449,449,0,177,441,0,0,0,434,655,12,4,下位,0,0,0
74,74,0,200,554,0,0,0,449,441,-213,3,下位,0,0,0
532,532,0,118,309,0,0,0,74,554,231,2,下位,0,0,0
301,301,0,39,119,0,0,0,532,309,-249,2,下位,0,0,0
35,35,0,183,459,0,0,0,301,119,-577,1,下位,0,0,0
589,589,0,71,212,0,0,0,35,459,-170,3,下位,0,0,0
79,79,0,36,110,0,0,0,589,212,-832,1,下位,0,0,0
153,153,0,106,317,0,0,0,79,110,-839,1,下位,0,0,0
45,45,0,106,274,0,0,0,153,317,-749,1,下位,0,0,0
272,272,0,40,120,0,0,0,45,274,-542,2,下位,0,0,0
206,206,0,36,107,0,0,0,272,120,-826,1,下位,0,0,0
353,353,0,134,357,0,0,0,206,107,-1025,1,下位,0,0,0
485,485,0,49,149,0,0,0,353,357,-1192,2,下位,0,0,0
435,435,0,683,1717,1,0,0,0,0,1,0,下位,0,0,0
140,140,0,45,136,0,0,0,435,1717,305,8,上位,0,0,0
235,235,0,186,466,0,0,0,140,136,233,1,下位,0,0,0
521,521,0,36,107,0,0,0,235,466,350,3,下位,0,0,0
101,101,0,45,135,0,0,0,521,107,-316,1,下位,0,0,0
60,60,0,132,354,0,0,0,101,135,-331,1,下位,0,0,0
150,150,0,42,126,0,0,0,60,354,-66,2,下位,0,0,0
122,122,0,161,438,0,0,0,150,126,-163,1,下位,0,0,0
154,154,0,45,136,0,0,0,122,438,94,2,下位,0,0,0
212,212,0,40,119,0,0,0,154,136,2,1,下位,0,0,0
482,482,0,211,632,0,0,0,212,119,-194,1,下位,0,0,0
747,747,0,82,200,0,0,0,482,632,-277,1,下位,0,0,0
190,190,0,340,1020,0,0,0,747,200,-1185,2,下位,0,0,0
143,143,0,635,1575,0,0,0,190,1020,-447,1,下位,0,0,0
149,149,0,97,247,0,0,0,143,1575,317,8,上位,0,0,0
501,501,0,1053,2878,1,0,0,0,0,1,0,下位,0,0,0
117,117,0,128,384,0,0,0,501,2878,1267,7,上位,0,0,0
260,260,0,50,150,0,0,0,117,384,1477,1,下位,0,0,0
462,462,0,188,520,0,0,0,260,150,1241,1,下位,0,0,0
985,985,0,48,143,0,0,0,462,520,1076,2,下位,0,0,0
687,687,0,53,160,0,0,0,985,143,-242,1,下位,0,0,0
403,403,0,93,278,0,0,0,687,160,-1101,1,下位,0,0,0
320,320,0,244,643,0,0,0,403,278,-1421,1,下位,0,0,0
438,438,0,82,247,0,0,0,320,643,-1253,3,下位,0,0,0
528,528,0,623,1536,0,0,0,438,247,-1656,1,下位,0,0,0
190,190,0,156,379,0,0,0,528,1536,-903,8,上位,0,0,0
227,227,0,246,602,0,0,0,190,379,-806,3,下位,0,0,0
219,219,0,44,133,0,0,0,227,602,-541,4,下位,0,0,0
350,350,0,169,416,0,0,0,219,133,-733,1,下位,0,0,0
553,553,0,57,170,1,0,0,0,0,1,0,下位,0,0,0
986,986,0,47,140,0,0,0,553,170,-649,1,下位,0,0,0
925,925,0,56,168,0,0,0,986,140,-1972,1,下位,0,0,0
229,229,0,102,261,0,0,0,925,168,-3176,1,下位,0,0,0
476,476,0,135,361,0,0,0,229,261,-3255,2,下位,0,0,0
680,680,0,68,203,0,0,0,476,361,-3600,2,下位,0,0,0
99,99,0,36,107,0,0,0,680,203,-4406,1,下位,0,0,0
419,419,0,57,171,0,0,0,99,107,-4446,1,下位,0,0,0
144,144,0,302,771,1,0,0,0,0,1,0,下位,0,0,0
755,755,0,37,111,0,0,0,144,771,558,4,下位,0,0,0
363,363,0,97,246,0,0,0,755,111,-451,1,下位,0,0,0
156,156,0,111,289,0,0,0,363,246,-744,2,下位,0,0,0
33,33,0,249,703,0,0,0,156,289,-686,2,下位,0,0,0
358,358,0,71,214,0,0,0,33,703,-32,2,下位,0,0,0
130,130,0,111,287,0,0,0,358,214,-349,1,下位,0,0,0
145,145,0,52,156,0,0,0,130,287,-255,2,下位,0,0,0
699,699,0,309,703,0,0,0,145,156,-314,1,下位,0,0,0
97,97,0,42,125,0,0,0,699,703,-648,6,下位,0,0,0
464,464,0,80,240,0,0,0,97,125,-667,1,下位,0,0,0
785,785,0,138,367,0,0,0,464,240,-1115,1,下位,0,0,0
215,215,0,120,314,0,0,0,785,367,-1913,2,下位,0,0,0
846,846,0,156,379,0,0,0,215,314,-1918,2,下位,0,0,0
552,552,0,47,140,0,0,0,846,379,-2794,3,下位,0,0,0
219,219,0,145,389,0,0,0,552,140,-3473,1,下位,0,0,0
16,16,0,93,278,0,0,0,219,389,-3409,2,下位,0,0,0
425,425,0,35,105,1,0,0,0,0,1,0,下位,0,0,0
29,29,0,388,940,0,0,0,425,105,-525,1,下位,0,0,0
127,127,0,802,2119,0,0,0,29,940,372,6,下位,0,0,0
128,128,0,71,214,0,0,0,127,2119,1230,7,上位,0,0,0
74,74,0,93,234,0,0,0,128,214,1254,1,下位,0,0,0
175,175,0,70,209,0,0,0,74,234,1378,2,下位,0,0,0
398,398,0,66,199,0,0,0,175,209,1327,1,下位,0,0,0
129,129,0,804,2028,0,0,0,398,199,935,1,下位,0,0,0
139,139,0,51,154,0,0,0,129,2028,343,9,上位,0,0,0
775,775,0,70,210,0,0,0,139,154,291,1,下位,0,0,0
59,59,0,45,134,0,0,0,775,210,-649,1,下位,0,0,0
362,362,0,132,352,0,0,0,59,134,-603,1,下位,0,0,0
357,357,0,34,103,0,0,0,362,352,-788,2,下位,0,0,0
130,130,0,469,1225,0,0,0,357,103,-1215,1,下位,0,0,0
278,278,0,122,366,0,0,0,130,1225,-183,5,下位,0,0,0
162,162,0,169,417,0,0,0,278,366,-229,1,下位,0,0,0
639,639,0,213,506,0,0,0,162,417,-52,3,下位,0,0,0
180,180,0,98,249,1,0,0,0,0,1,0,下位,0,0,0
104,104,0,41,124,0,0,0,180,249,-17,2,下位,0,0,0
1008,1008,0,269,673,0,0,0,104,124,-47,1,下位,0,0,0
1008,1008,0,41,124,0,0,0,1008,673,-870,4,下位,0,0,0
126,126,0,78,235,0,0,0,1008,124,-2242,1,下位,0,0,0
639,639,0,41,121,0,0,0,126,235,-2194,1,下位,0,0,0
723,723,0,121,320,0,0,0,639,121,-3021,1,下位,0,0,0
297,297,0,106,273,0,0,0,723,320,-3774,2,下位,0,0,0
220,220,0,102,263,0,0,0,297,273,-3942,2,下位,0,0,0
606,606,0,62,187,0,0,0,220,263,-4005,2,下位,0,0,0
428,428,0,46,136,1,0,0,0,0,1,0,下位,0,0,0
941,941,0,122,318,0,0,0,428,136,-498,1,下位,0,0,0
773,773,0,261,740,0,0,0,941,318,-1576,2,下位,0,0,0
605,605,0,60,180,0,0,0,773,740,-1983,2,下位,0,0,0
118,118,0,316,902,0,0,0,605,180,-2701,1,下位,0,0,0
1012,1012,0,35,105,0,0,0,118,902,-1974,2,下位,0,0,0
481,481,0,169,462,0,0,0,1012,105,-3370,1,下位,0,0,0
523,523,0,34,103,0,0,0,481,462,-3622,2,下位,0,0,0
393,393,0,92,275,1,0,0,0,0,1,0,下位,0,0,0
1011,1011,0,254,716,0,0,0,393,275,-307,1,下位,0,0,0
462,462,0,40,118,0,0,0,1011,716,-1091,2,下位,0,0,0
558,558,0,44,130,0,0,0,462,118,-1658,1,下位,0,0,0
112,112,0,35,105,0,0,0,558,130,-2356,1,下位,0,0,0
967,967,0,252,666,0,0,0,112,105,-2417,1,下位,0,0,0
577,577,0,36,108,0,0,0,967,666,-3186,3,下位,0,0,0
193,193,0,84,205,1,0,0,0,0,1,0,下位,0,0,0
315,315,0,34,103,0,0,0,193,205,-80,2,下位,0,0,0
448,448,0,297,799,0,0,0,315,103,-444,1,下位,0,0,0
398,398,0,422,1039,0,0,0,448,799,-310,3,下位,0,0,0
30,30,0,182,412,0,0,0,398,1039,138,6,下位,0,0,0
112,112,0,191,482,0,0,0,30,412,505,4,下位,0,0,0
132,132,0,153,371,0,0,0,112,482,821,3,下位,0,0,0
160,160,0,106,273,0,0,0,132,371,996,3,下位,0,0,0
206,206,0,109,328,0,0,0,160,273,1032,2,下位,0,0,0
341,341,0,42,127,0,0,0,206,328,1054,1,下位,0,0,0
349,349,0,35,105,0,0,0,341,127,675,1,下位,0,0,0
525,525,0,43,128,0,0,0,349,105,262,1,下位,0,0,0
149,149,0,136,408,0,0,0,525,128,-389,1,下位,0,0,0
420,420,0,45,134,0,0,0,149,408,-202,1,下位,0,0,0
372,372,0,86,257,0,0,0,420,134,-691,1,下位,0,0,0
64,64,0,142,380,0,0,0,372,257,-986,1,下位,0,0,0
161,161,0,38,113,0,0,0,64,380,-701,2,下位,0,0,0
157,157,0,124,328,0,0,0,161,113,-827,1,下位,0,0,0
223,223,0,485,1364,0,0,0,157,328,-732,2,下位,0,0,0
172,172,0,342,936,1,0,0,0,0,1,0,下位,0,0,0
784,784,0,118,310,0,0,0,172,936,682,3,下位,0,0,0
411,411,0,90,271,0,0,0,784,310,-171,2,下位,0,0,0
524,524,0,214,596,0,0,0,411,271,-510,1,下位,0,0,0
774,774,0,243,684,0,0,0,524,596,-691,2,下位,0,0,0
349,349,0,89,222,0,0,0,774,684,-1155,2,下位,0,0,0
118,118,0,86,213,0,0,0,349,222,-1451,2,下位,0,0,0
133,133,0,51,154,0,0,0,118,213,-1413,2,下位,0,0,0
636,636,0,35,105,0,0,0,133,154,-1456,1,下位,0,0,0
737,737,0,406,1174,0,0,0,636,105,-2295,1,下位,0,0,0
1008,1008,0,228,638,0,0,0,737,1174,-2214,2,下位,0,0,0
463,463,0,54,162,1,0,0,0,0,1,0,下位,0,0,0
414,414,0,42,125,0,0,0,463,162,-524,1,下位,0,0,0
498,498,0,769,2026,0,0,0,414,125,-1013,1,下位,0,0,0
102,102,0,361,859,0,0,0,498,2026,274,7,上位,0,0,0
108,108,0,38,113,0,0,0,102,859,982,6,下位,0,0,0
115,115,0,112,337,0,0,0,108,113,935,1,下位,0,0,0
369,369,0,86,212,0,0,0,115,337,1101,1,下位,0,0,0
572,572,0,39,116,0,0,0,369,212,766,2,下位,0,0,0
440,440,0,37,110,0,0,0,572,116,33,1,下位,0,0,0
243,243,0,160,388,0,0,0,440,110,-510,1,下位,0,0,0
365,365,0,37,112,0,0,0,243,388,-483,3,下位,0,0,0
702,702,0,168,414,0,0,0,365,112,-913,1,下位,0,0,0
104,104,0,94,239,0,0,0,702,414,-1541,3,下位,0,0,0
807,807,0,48,145,0,0,0,104,239,-1456,2,下位,0,0,0
181,181,0,96,243,1,0,0,0,0,1,0,下位,0,0,0
793,793,0,54,163,0,0,0,181,243,-25,2,下位,0,0,0
580,580,0,41,124,0,0,0,793,163,-1039,1,下位,0,0,0
772,772,0,221,574,0,0,0,580,124,-1776,1,下位,0,0,0
429,429,0,92,274,0,0,0,772,574,-2347,3,下位,0,0,0
341,341,0,77,186,0,0,0,429,274,-2709,1,下位,0,0,0
412,412,0,72,218,0,0,0,341,186,-3029,2,下位,0,0,0
737,737,0,210,497,0,0,0,412,218,-3422,1,下位,0,0,0
439,439,0,84,206,0,0,0,737,497,-4018,4,下位,0,0,0
535,535,0,147,397,0,0,0,439,206,-4463,2,下位,0,0,0
98,98,0,70,209,0,0,0,535,397,-4860,2,下位,0,0,0
389,389,0,105,271,0,0,0,98,209,-4796,1,下位,0,0,0
744,744,0,422,1132,0,0,0,389,271,-5102,2,下位,0,0,0
367,367,0,555,1391,0,0,0,744,1132,-5074,4,下位,0,0,0
240,240,0,43,130,1,0,0,0,0,1,0,下位,0,0,0
186,186,0,163,400,0,0,0,240,130,-225,1,下位,0,0,0
270,270,0,184,510,0,0,0,186,400,-101,3,下位,0,0,0
111,111,0,38,114,0,0,0,270,510,8,2,下位,0,0,0
390,390,0,38,115,0,0,0,111,114,-43,1,下位,0,0,0
133,133,0,325,747,0,0,0,390,115,-507,1,下位,0,0,0
191,191,0,153,414,0,0,0,133,747,43,6,下位,0,0,0
639,639,0,84,209,0,0,0,191,414,174,2,下位,0,0,0
152,152,0,134,313,0,0,0,639,209,-565,2,下位,0,0,0
299,299,0,1068,2982,0,0,0,152,313,-478,3,下位,0,0,0
192,192,0,39,117,0,0,0,299,2982,2060,6,下位,0,0,0
286,286,0,120,360,0,0,0,192,117,1892,1,下位,0,0,0
474,474,0,84,205,1,0,0,0,0,1,0,下位,0,0,0
844,844,0,105,270,0,0,0,474,205,-497,2,下位,0,0,0
88,88,0,45,136,0,0,0,844,270,-1479,2,下位,0,0,0
1013,1013,0,307,832,0,0,0,88,136,-1474,1,下位,0,0,0
780,780,0,262,694,0,0,0,1013,832,-2145,3,下位,0,0,0
285,285,0,51,152,0,0,0,780,694,-2608,3,下位,0,0,0
407,407,0,185,463,0,0,0,285,152,-2879,1,下位,0,0,0
213,213,0,39,117,0,0,0,407,463,-3020,3,下位,0,0,0
224,224,0,183,453,0,0,0,213,117,-3219,1,下位,0,0,0
439,439,0,136,363,1,0,0,0,0,1,0,下位,0,0,0
945,945,0,36,108,0,0,0,439,363,-287,2,下位,0,0,0
872,872,0,719,2067,0,0,0,945,108,-1581,1,下位,0,0,0
134,134,0,559,1400,0,0,0,872,2067,-808,3,下位,0,0,0
113,113,0,153,368,0,0,0,134,1400,393,7,上位,0,0,0
224,224,0,197,458,0,0,0,113,368,593,3,下位,0,0,0
130,130,0,188,473,0,0,0,224,458,719,4,下位,0,0,0
280,280,0,508,1389,0,0,0,130,473,999,3,下位,0,0,0
97,97,0,290,818,0,0,0,280,1389,1973,4,下位,0,0,0
142,142,0,36,109,0,0,0,97,818,2647,2,下位,0,0,0
119,119,0,87,261,0,0,0,142,109,110,1,下位,0,0,0
399,399,0,740,1997,0,0,0,119,261,194,1,下位,0,0,0
198,198,0,159,388,0,0,0,399,1997,1599,6,下位,0,0,0
380,380,0,311,844,1,0,0,0,0,1,0,下位,0,0,0
660,660,0,61,182,0,0,0,380,844,281,3,下位,0,0,0
74,74,0,50,150,0,0,0,660,182,-516,1,下位,0,0,0
128,128,0,105,269,0,0,0,74,150,-476,1,下位,0,0,0
211,211,0,37,111,0,0,0,128,269,-397,2,下位,0,0,0
128,128,0,711,1856,0,0,0,211,111,-599,1,下位,0,0,0
163,163,0,112,289,0,0,0,128,1856,394,7,上位,0,0,0
474,474,0,102,262,0,0,0,163,289,441,2,下位,0,0,0
99,99,0,315,722,0,0,0,474,262,1,2,下位,0,0,0
112,112,0,466,1308,0,0,0,99,722,576,6,下位,0,0,0
438,438,0,220,615,0,0,0,112,1308,1718,3,下位,0,0,0
114,114,0,216,516,0,0,0,438,615,1683,2,下位,0,0,0
1012,1012,0,405,1036,0,0,0,114,516,2030,4,下位,0,0,0
513,513,0,171,467,0,0,0,1012,1036,1565,5,下位,0,0,0
530,530,0,492,1432,0,0,0,513,467,1271,2,下位,0,0,0
452,452,0,211,588,1,0,0,0,0,1,0,下位,0,0,0
219,219,0,536,1472,0,0,0,452,588,-82,2,下位,0,0,0
152,152,0,170,420,0,0,0,219,1472,1065,4,下位,0,0,0
60,60,0,165,494,0,0,0,152,420,1259,3,下位,0,0,0
641,641,0,53,159,0,0,0,60,494,1664,1,下位,0,0,0
872,872,0,57,171,0,0,0,641,159,872,1,下位,0,0,0
102,102,0,59,176,0,0,0,872,171,-251,1,下位,0,0,0
655,655,0,227,591,0,0,0,102,176,-226,1,下位,0,0,0
372,372,0,953,2530,0,0,0,655,591,-607,3,下位,0,0,0
90,90,0,103,265,0,0,0,372,2530,286,8,上位,0,0,0
914,914,0,83,248,0,0,0,90,265,417,2,下位,0,0,0
151,151,0,51,152,0,0,0,914,248,-691,1,下位,0,0,0
158,158,0,35,106,0,0,0,151,152,-763,1,下位,0,0,0
500,500,0,358,894,1,0,0,0,0,1,0,下位,0,0,0
443,443,0,49,147,0,0,0,500,894,153,5,下位,0,0,0
219,219,0,189,524,0,0,0,443,147,-357,1,下位,0,0,0
196,196,0,173,428,0,0,0,219,524,-158,2,下位,0,0,0
219,219,0,175,481,0,0,0,196,428,-21,3,下位,0,0,0
331,331,0,1274,3424,0,0,0,219,481,135,2,下位,0,0,0
107,107,0,89,222,0,0,0,331,3424,430,9,上位,0,0,0
961,961,0,107,278,0,0,0,107,222,493,2,下位,0,0,0
161,161,0,272,680,0,0,0,961,278,-655,2,下位,0,0,0
671,671,0,121,317,0,0,0,161,680,-214,4,下位,0,0,0
321,321,0,35,105,1,0,0,0,0,1,0,下位,0,0,0
628,628,0,89,224,0,0,0,321,105,-370,1,下位,0,0,0
111,111,0,189,477,0,0,0,628,224,-1078,2,下位,0,0,0
237,237,0,467,1177,0,0,0,111,477,-766,3,下位,0,0,0
145,145,0,155,377,0,0,0,237,1177,59,6,下位,0,0,0
158,158,0,225,586,0,0,0,145,377,221,3,下位,0,0,0
141,141,0,196,455,0,0,0,158,586,573,3,下位,0,0,0
339,339,0,184,464,0,0,0,141,455,819,4,下位,0,0,0
792,792,0,117,352,0,0,0,339,464,780,3,下位,0,0,0
323,323,0,60,180,0,0,0,792,352,-43,1,下位,0,0,0
593,593,0,56,169,0,0,0,323,180,-342,1,下位,0,0,0
246,246,0,159,433,0,0,0,593,169,-1053,1,下位,0,0,0
419,419,0,591,1550,0,0,0,246,433,-985,2,下位,0,0,0
413,413,0,34,103,1,0,0,0,0,1,0,下位,0,0,0
154,154,0,211,499,0,0,0,413,103,-509,1,下位,0,0,0
572,572,0,160,436,0,0,0,154,499,-238,4,下位,0,0,0
865,865,0,85,256,0,0,0,572,436,-651,2,下位,0,0,0
203,203,0,189,480,0,0,0,865,256,-1678,1,下位,0,0,0
437,437,0,36,108,0,0,0,203,480,-1499,3,下位,0,0,0
103,103,0,36,110,0,0,0,437,108,-2039,1,下位,0,0,0
160,160,0,205,570,1,0,0,0,0,1,0,下位,0,0,0
327,327,0,1148,3109,0,0,0,160,570,334,2,下位,0,0,0
239,239,0,413,1013,0,0,0,327,3109,442,8,上位,0,0,0
102,102,0,226,591,0,0,0,239,1013,1100,6,下位,0,0,0
448,448,0,61,183,0,0,0,102,591,1540,3,下位,0,0,0
380,380,0,454,1183,0,0,0,448,183,1058,1,下位,0,0,0
1010,1010,0,146,392,0,0,0,380,1183,1677,5,下位,0,0,0
135,135,0,60,181,1,0,0,0,0,1,0,下位,0,0,0
822,822,0,48,143,0,0,0,135,181,-18,1,下位,0,0,0
1008,1008,0,351,830,0,0,0,822,143,-1095,1,下位,0,0,0
186,186,0,832,2271,0,0,0,1008,830,-1761,6,下位,0,0,0
102,102,0,160,391,0,0,0,186,2271,234,6,下位,0,0,0
247,247,0,468,1182,0,0,0,102,391,474,3,下位,0,0,0
102,102,0,275,735,0,0,0,247,1182,1290,6,下位,0,0,0
731,731,0,130,343,0,0,0,102,735,1874,3,下位,0,0,0
149,149,0,41,122,0,0,0,731,343,1132,2,下位,0,0,0
76,76,0,110,330,0,0,0,149,122,1033,1,下位,0,0,0
449,449,0,143,381,0,0,0,76,330,1250,1,下位,0,0,0
351,351,0,264,657,1,0,0,0,0,1,0,下位,0,0,0
873,873,0,154,418,0,0,0,351,657,137,4,下位,0,0,0
447,447,0,180,450,0,0,0,873,418,-740,2,下位,0,0,0
150,150,0,559,1456,0,0,0,447,450,-953,3,下位,0,0,0
145,145,0,197,457,0,0,0,150,1456,280,6,下位,0,0,0
283,283,0,411,1095,0,0,0,145,457,522,4,下位,0,0,0
760,760,0,73,218,0,0,0,283,1095,1197,4,下位,0,0,0
446,446,0,99,254,0,0,0,760,218,287,1,下位,0,0,0
103,103,0,99,296,0,0,0,446,254,-121,2,下位,0,0,0
570,570,0,53,159,0,0,0,103,296,22,1,下位,0,0,0
208,208,0,44,133,0,0,0,570,159,-665,1,下位,0,0,0
67,67,0,540,1341,0,0,0,208,133,-841,1,下位,0,0,0
132,132,0,319,867,0,0,0,67,1341,286,7,上位,0,0,0
121,121,0,67,202,0,0,0,132,867,957,3,下位,0,0,0
166,166,0,102,261,1,0,0,0,0,1,0,下位,0,0,0
128,128,0,308,699,0,0,0,166,261,16,2,下位,0,0,0
150,150,0,3188,9017,0,0,0,128,699,525,6,下位,0,0,0
59,59,0,102,262,0,0,0,150,9017,394,12,上位,0,0,0
131,131,0,118,310,0,0,0,59,262,568,2,下位,0,0,0
222,222,0,41,124,0,0,0,131,310,684,2,下位,0,0,0
186,186,0,195,495,0,0,0,222,124,479,1,下位,0,0,0
111,111,0,132,307,0,0,0,186,495,698,3,下位,0,0,0
163,163,0,41,124,0,0,0,111,307,840,3,下位,0,0,0
144,144,0,234,566,0,0,0,163,124,722,1,下位,0,0,0
510,510,0,114,297,0,0,0,144,566,1074,4,下位,0,0,0
156,156,0,106,273,0,0,0,510,297,614,2,下位,0,0,0
368,368,0,82,199,0,0,0,156,273,656,2,下位,0,0,0
308,308,0,98,249,0,0,0,368,199,309,2,下位,0,0,0
310,310,0,46,137,0,0,0,308,249,101,2,下位,0,0,0
118,118,0,236,572,0,0,0,310,137,-222,1,下位,0,0,0
805,805,0,37,110,0,0,0,118,572,175,4,下位,0,0,0
95,95,0,62,186,0,0,0,805,110,-909,1,下位,0,0,0
342,342,0,37,111,1,0,0,0,0,1,0,下位,0,0,0
235,235,0,440,1097,0,0,0,342,111,-395,1,下位,0,0,0
214,214,0,90,269,0,0,0,235,1097,353,6,下位,0,0,0
611,611,0,213,548,0,0,0,214,269,304,1,下位,0,0,0
975,975,0,164,403,0,0,0,611,548,-55,3,下位,0,0,0
53,53,0,37,112,0,0,0,975,403,-1099,3,下位,0,0,0
89,89,0,123,325,0,0,0,53,112,-1066,1,下位,0,0,0
643,643,0,75,225,0,0,0,89,325,-873,2,下位,0,0,0
747,747,0,43,128,0,0,0,643,225,-1602,1,下位,0,0,0
59,59,0,45,135,0,0,0,747,128,-2582,1,下位,0,0,0
380,380,0,73,218,0,0,0,59,135,-2535,1,下位,0,0,0
819,819,0,69,207,0,0,0,380,218,-2881,1,下位,0,0,0
207,207,0,35,105,0,0,0,819,207,-3889,1,下位,0,0,0
178,178,0,84,208,0,0,0,207,105,-4091,1,下位,0,0,0
294,294,0,46,138,1,0,0,0,0,1,0,下位,0,0,0
920,920,0,135,317,0,0,0,294,138,-297,1,下位,0,0,0
392,392,0,35,106,0,0,0,920,317,-1345,3,下位,0,0,0
326,326,0,714,1919,0,0,0,392,106,-1821,1,下位,0,0,0
174,174,0,35,105,0,0,0,326,1919,-386,6,下位,0,0,0
291,291,0,258,641,0,0,0,174,105,-539,1,下位,0,0,0
299,299,0,895,2550,0,0,0,291,641,-330,4,下位,0,0,0
40,40,0,105,271,0,0,0,299,2550,1776,4,下位,0,0,0
472,472,0,48,144,0,0,0,40,271,1988,2,下位,0,0,0
184,184,0,129,342,0,0,0,472,144,1432,1,下位,0,0,0
24,24,0,469,1308,0,0,0,184,342,1501,2,下位,0,0,0
155,155,0,231,605,0,0,0,24,1308,394,3,下位,0,0,0
112,112,0,262,740,0,0,0,155,605,769,3,下位,0,0,0
400,400,0,94,281,0,0,0,112,740,1343,2,下位,0,0,0
195,195,0,56,169,1,0,0,0,0,1,0,下位,0,0,0
203,203,0,232,605,0,0,0,195,169,-119,1,下位,0,0,0
260,260,0,124,326,0,0,0,203,605,185,3,下位,0,0,0
511,511,0,92,231,0,0,0,260,326,125,2,下位,0,0,0
1012,1012,0,98,254,0,0,0,511,231,-402,2,下位,0,0,0
121,121,0,829,2397,0,0,0,1012,254,-1649,2,下位,0,0,0
242,242,0,134,356,0,0,0,121,2397,568,3,下位,0,0,0
112,112,0,35,106,0,0,0,242,356,565,2,下位,0,0,0
291,291,0,95,240,0,0,0,112,106,505,1,下位,0,0,0
562,562,0,107,276,0,0,0,291,240,313,2,下位,0,0,0
106,106,0,153,414,0,0,0,562,276,-245,2,下位,0,0,0
80,80,0,203,518,0,0,0,106,414,12,2,下位,0,0,0
285,285,0,154,373,0,0,0,80,518,411,3,下位,0,0,0
153,153,0,35,106,0,0,0,285,373,361,3,下位,0,0,0
241,241,0,168,504,0,0,0,153,106,240,1,下位,0,0,0
91,91,0,106,274,0,0,0,241,504,386,1,下位,0,0,0
273,273,0,228,595,0,0,0,91,274,525,2,下位,0,0,0
419,419,0,186,511,1,0,0,0,0,1,0,下位,0,0,0
200,200,0,172,472,0,0,0,419,511,-110,2,下位,0,0,0
244,244,0,38,114,0,0,0,200,472,65,2,下位,0,0,0
144,144,0,61,182,0,0,0,244,114,-183,1,下位,0,0,0
473,473,0,1364,3592,0,0,0,144,182,-215,1,下位,0,0,0
146,146,0,130,346,0,0,0,473,3592,286,11,上位,0,0,0
730,730,0,131,350,0,0,0,146,346,415,2,下位,0,0,0
635,635,0,73,218,0,0,0,730,350,-318,2,下位,0,0,0
218,218,0,38,115,0,0,0,635,218,-1042,1,下位,0,0,0
707,707,0,179,493,0,0,0,218,115,-1250,1,下位,0,0,0
952,952,0,128,383,0,0,0,707,493,-1806,2,下位,0,0,0
424,424,0,237,579,0,0,0,952,383,-2835,1,下位,0,0,0
134,134,0,601,1577,1,0,0,0,0,1,0,下位,0,0,0
82,82,0,36,107,0,0,0,134,1577,1379,6,下位,0,0,0
140,140,0,81,196,0,0,0,82,107,1364,1,下位,0,0,0
219,219,0,42,125,0,0,0,140,196,1352,2,下位,0,0,0
155,155,0,104,312,0,0,0,219,125,1152,1,下位,0,0,0
468,468,0,115,299,0,0,0,155,312,1234,1,下位,0,0,0
170,170,0,84,208,0,0,0,468,299,839,2,下位,0,0,0
481,481,0,43,129,0,0,0,170,208,795,2,下位,0,0,0
420,420,0,49,148,0,0,0,481,129,210,1,下位,0,0,0
710,710,0,97,247,0,0,0,420,148,-265,1,下位,0,0,0
520,520,0,421,1127,0,0,0,710,247,-1071,2,下位,0,0,0
135,135,0,246,695,0,0,0,520,1127,-716,4,下位,0,0,0
344,344,0,46,139,0,0,0,135,695,-221,2,下位,0,0,0
133,133,0,202,471,0,0,0,344,139,-592,1,下位,0,0,0
65,65,0,155,417,0,0,0,133,471,-318,4,下位,0,0,0
176,176,0,196,496,0,0,0,65,417,3,2,下位,0,0,0
211,211,0,49,147,1,0,0,0,0,1,0,下位,0,0,0
701,701,0,252,667,0,0,0,211,147,-165,1,下位,0,0,0
474,474,0,40,121,0,0,0,701,667,-538,3,下位,0,0,0
714,714,0,215,510,0,0,0,474,121,-1120,1,下位,0,0,0
1011,1011,0,49,147,0,0,0,714,510,-1669,4,下位,0,0,0
655,655,0,302,773,0,0,0,1011,147,-3022,1,下位,0,0,0
579,579,0,37,111,0,0,0,655,773,-3221,4,下位,0,0,0
102,102,0,39,117,0,0,0,579,111,-3969,1,下位,0,0,0
464,464,0,210,539,0,0,0,102,117,-4003,1,下位,0,0,0
144,144,0,36,107,0,0,0,464,539,-4152,3,下位,0,0,0
730,730,0,328,851,0,0,0,144,107,-4259,1,下位,0,0,0
239,239,0,31,93,1,0,0,0,0,1,0,下位,0,0,0
162,162,0,98,250,0,0,0,239,93,-261,1,下位,0,0,0
366,366,0,139,373,0,0,0,162,250,-251,2,下位,0,0,0
125,125,0,54,161,0,0,0,366,373,-421,2,下位,0,0,0
976,976,0,92,275,0,0,0,125,161,-445,1,下位,0,0,0
470,470,0,269,673,0,0,0,976,275,-1618,1,下位,0,0,0
913,913,0,394,1049,0,0,0,470,673,-1642,4,下位,0,0,0
139,139,0,134,358,0,0,0,913,1049,-1948,4,下位,0,0,0
410,410,0,187,516,0,0,0,139,358,-1796,2,下位,0,0,0
154,154,0,148,356,0,0,0,410,516,-1888,2,下位,0,0,0
443,443,0,135,358,0,0,0,154,356,-1760,3,下位,0,0,0
621,621,0,222,575,0,0,0,443,358,-2059,2,下位,0,0,0
75,75,0,273,686,0,0,0,621,575,-2405,3,下位,0,0,0
556,556,0,228,548,1,0,0,0,0,1,0,下位,0,0,0
687,687,0,58,173,0,0,0,556,548,-276,4,下位,0,0,0
925,925,0,96,287,0,0,0,687,173,-1122,1,下位,0,0,0
520,520,0,142,381,0,0,0,925,287,-2207,1,下位,0,0,0
234,234,0,34,101,0,0,0,520,381,-2598,2,下位,0,0,0
201,201,0,44,133,0,0,0,234,101,-2844,1,下位,0,0,0
557,557,0,52,155,0,0,0,201,133,-3009,1,下位,0,0,0
752,752,0,35,105,0,0,0,557,155,-3680,1,下位,0,0,0
753,753,0,141,380,0,0,0,752,105,-4691,1,下位,0,0,0
342,342,0,62,187,0,0,0,753,380,-5428,2,下位,0,0,0
422,422,0,1348,3709,1,0,0,0,0,1,0,下位,0,0,0
157,157,0,34,103,0,0,0,422,3709,1135,8,上位,0,0,0
424,424,0,104,313,0,0,0,157,103,1005,1,下位,0,0,0
292,292,0,709,1990,0,0,0,424,313,689,1,下位,0,0,0
738,738,0,82,247,0,0,0,292,1990,2246,4,下位,0,0,0
100,100,0,317,771,0,0,0,738,247,1398,1,下位,0,0,0
89,89,0,86,214,0,0,0,100,771,2021,5,下位,0,0,0
685,685,0,255,674,0,0,0,89,214,2103,2,下位,0,0,0
379,379,0,34,103,0,0,0,685,674,1761,3,下位,0,0,0
141,141,0,169,415,0,0,0,379,103,1302,1,下位,0,0,0
650,650,0,69,206,0,0,0,141,415,1508,3,下位,0,0,0
720,720,0,91,229,0,0,0,650,206,750,1,下位,0,0,0
92,92,0,130,344,1,0,0,0,0,1,0,下位,0,0,0
177,177,0,53,159,0,0,0,92,344,209,2,下位,0,0,0
354,354,0,106,273,0,0,0,177,159,105,1,下位,0,0,0
333,333,0,401,1023,0,0,0,354,273,-147,2,下位,0,0,0
267,267,0,808,2379,0,0,0,333,1023,382,5,下位,0,0,0
78,78,0,123,277,0,0,0,267,2379,2365,2,下位,0,0,0
170,170,0,100,256,0,0,0,78,277,278,3,下位,0,0,0
152,152,0,36,108,0,0,0,170,256,282,2,下位,0,0,0
158,158,0,81,198,0,0,0,152,108,164,1,下位,0,0,0
583,583,0,34,101,0,0,0,158,198,128,2,下位,0,0,0
342,342,0,95,240,0,0,0,583,101,-636,1,下位,0,0,0
70,70,0,38,113,0,0,0,342,240,-903,2,下位,0,0,0
248,248,0,36,107,0,0,0,70,113,-894,1,下位,0,0,0
269,269,0,82,201,0,0,0,248,107,-1155,1,下位,0,0,0
261,261,0,179,446,0,0,0,269,201,-1353,2,下位,0,0,0
252,252,0,115,301,0,0,0,261,446,-1294,3,下位,0,0,0
527,527,0,82,202,0,0,0,252,301,-1367,2,下位,0,0,0
454,454,0,55,166,0,0,0,527,202,-1947,2,下位,0,0,0
265,265,0,40,120,1,0,0,0,0,1,0,下位,0,0,0
119,119,0,63,188,0,0,0,265,120,-272,1,下位,0,0,0
131,131,0,111,288,0,0,0,119,188,-261,1,下位,0,0,0
313,313,0,88,264,0,0,0,131,288,-167,2,下位,0,0,0
518,518,0,146,393,0,0,0,313,264,-367,1,下位,0,0,0
956,956,0,295,752,0,0,0,518,393,-743,2,下位,0,0,0
168,168,0,103,265,0,0,0,956,752,-1409,4,下位,0,0,0
38,38,0,76,227,0,0,0,168,265,-1393,2,下位,0,0,0
784,784,0,207,575,0,0,0,38,227,-1222,1,下位,0,0,0
208,208,0,151,453,0,0,0,784,575,-1810,2,下位,0,0,0
500,500,0,39,116,0,0,0,208,453,-1666,1,下位,0,0,0
168,168,0,38,114,0,0,0,500,116,-2292,1,下位,0,0,0
318,318,0,60,181,0,0,0,168,114,-2427,1,下位,0,0,0
212,212,0,35,106,0,0,0,318,181,-2718,1,下位,0,0,0
176,176,0,149,400,0,0,0,212,106,-2927,1,下位,0,0,0
373,373,0,38,114,0,0,0,176,400,-2788,2,下位,0,0,0
87,87,0,140,419,0,0,0,373,114,-3227,1,下位,0,0,0
273,273,0,38,115,0,0,0,87,419,-2937,1,下位,0,0,0
217,217,0,38,114,0,0,0,273,115,-3227,1,下位,0,0,0
387,387,0,341,887,1,0,0,0,0,1,0,下位,0,0,0
150,150,0,165,450,0,0,0,387,887,314,4,下位,0,0,0
141,141,0,38,113,0,0,0,150,450,541,2,下位,0,0,0
628,628,0,126,332,0,0,0,141,113,445,1,下位,0,0,0
323,323,0,126,334,0,0,0,628,332,-155,2,下位,0,0,0
349,349,0,182,457,0,0,0,323,334,-300,2,下位,0,0,0
57,57,0,36,107,0,0,0,349,457,-361,3,下位,0,0,0
917,917,0,270,632,0,0,0,57,107,-339,1,下位,0,0,0
266,266,0,107,277,0,0,0,917,632,-1068,5,下位,0,0,0
174,174,0,34,101,0,0,0,266,277,-1186,2,下位,0,0,0
430,430,0,90,224,0,0,0,174,101,-1343,1,下位,0,0,0
458,458,0,45,136,0,0,0,430,224,-1757,2,下位,0,0,0
282,282,0,86,214,0,0,0,458,136,-2301,1,下位,0,0,0
290,290,0,54,162,0,0,0,282,214,-2505,2,下位,0,0,0
129,129,0,67,201,0,0,0,290,162,-2773,1,下位,0,0,0
563,563,0,74,222,1,0,0,0,0,1,0,下位,0,0,0
137,137,0,85,254,0,0,0,563,222,-612,1,下位,0,0,0
235,235,0,95,241,0,0,0,137,254,-561,1,下位,0,0,0
722,722,0,268,757,0,0,0,235,241,-669,2,下位,0,0,0
719,719,0,211,587,0,0,0,722,757,-983,2,下位,0,0,0
418,418,0,1461,4053,0,0,0,719,587,-1463,2,下位,0,0,0
112,112,0,236,575,0,0,0,418,4053,319,8,上位,0,0,0
228,228,0,47,140,0,0,0,112,575,728,4,下位,0,0,0
137,137,0,240,673,0,0,0,228,140,530,1,下位,0,0,0
259,259,0,34,103,0,0,0,137,673,1000,2,下位,0,0,0
421,421,0,819,2369,0,0,0,259,103,719,1,下位,0,0,0
31,31,0,158,428,0,0,0,421,2369,89,3,下位,0,0,0
145,145,0,526,1356,0,0,0,31,428,471,2,下位,0,0,0
173,173,0,143,428,0,0,0,145,1356,1612,6,下位,0,0,0
140,140,0,107,277,0,0,0,173,428,1783,1,下位,0,0,0
326,326,0,146,437,1,0,0,0,0,1,0,下位,0,0,0
428,428,0,83,248,0,0,0,326,437,-46,1,下位,0,0,0
231,231,0,36,109,0,0,0,428,248,-433,1,下位,0,0,0
242,242,0,247,651,0,0,0,231,109,-667,1,下位,0,0,0
101,101,0,36,109,0,0,0,242,651,-375,3,下位,0,0,0
477,477,0,145,391,0,0,0,101,109,-416,1,下位,0,0,0
754,754,0,101,259,0,0,0,477,391,-733,2,下位,0,0,0
171,171,0,287,683,0,0,0,754,259,-1593,2,下位,0,0,0
407,407,0,36,107,0,0,0,171,683,-1164,5,下位,0,0,0
129,129,0,56,168,0,0,0,407,107,-1661,1,下位,0,0,0
155,155,0,147,396,0,0,0,129,168,-1684,1,下位,0,0,0
80,80,0,36,109,0,0,0,155,396,-1518,2,下位,0,0,0
127,127,0,44,132,0,0,0,80,109,-1528,1,下位,0,0,0
662,662,0,38,115,0,0,0,127,132,-1584,1,下位,0,0,0
571,571,0,35,105,0,0,0,662,115,-2451,1,下位,0,0,0
350,350,0,256,680,0,0,0,571,105,-3193,1,下位,0,0,0
104,104,0,60,180,0,0,0,350,680,-3032,3,下位,0,0,0
163,163,0,184,464,0,0,0,104,180,-3006,1,下位,0,0,0
67,67,0,164,402,1,0,0,0,0,1,0,下位,0,0,0
396,396,0,88,265,0,0,0,67,402,304,3,下位,0,0,0
576,576,0,133,354,0,0,0,396,265,-19,1,下位,0,0,0
205,205,0,1185,3219,0,0,0,576,354,-520,2,下位,0,0,0
98,98,0,169,461,0,0,0,205,3219,379,8,上位,0,0,0
193,193,0,38,114,0,0,0,98,461,695,2,下位,0,0,0
322,322,0,80,196,0,0,0,193,114,523,1,下位,0,0,0
412,412,0,56,168,0,0,0,322,196,241,2,下位,0,0,0
472,472,0,49,147,0,0,0,412,168,-202,1,下位,0,0,0
389,389,0,147,351,0,0,0,472,147,-755,1,下位,0,0,0
982,982,0,138,368,0,0,0,389,351,-981,3,下位,0,0,0
519,519,0,169,506,0,0,0,982,368,-2070,2,下位,0,0,0
550,550,0,215,644,1,0,0,0,0,1,0,下位,0,0,0
115,115,0,117,352,0,0,0,550,644,-171,1,下位,0,0,0
183,183,0,184,506,0,0,0,115,352,10,1,下位,0,0,0
108,108,0,362,1041,0,0,0,183,506,244,2,下位,0,0,0
243,243,0,259,645,0,0,0,108,1041,1125,2,下位,0,0,0
569,569,0,177,443,0,0,0,243,645,1409,4,下位,0,0,0
90,90,0,70,211,0,0,0,569,443,1008,3,下位,0,0,0
201,201,0,177,486,0,0,0,90,211,1085,1,下位,0,0,0
531,531,0,84,253,0,0,0,201,486,1273,2,下位,0,0,0
168,168,0,340,795,0,0,0,531,253,738,1,下位,0,0,0
142,142,0,62,185,0,0,0,168,795,1284,6,下位,0,0,0
69,69,0,37,110,0,0,0,142,185,1258,1,下位,0,0,0
459,459,0,83,248,0,0,0,69,110,1266,1,下位,0,0,0
997,997,0,380,1050,0,0,0,459,248,833,1,下位,0,0,0
448,448,0,128,340,1,0,0,0,0,1,0,下位,0,0,0
824,824,0,58,175,0,0,0,448,340,-324,2,下位,0,0,0
142,142,0,335,825,0,0,0,824,175,-1372,1,下位,0,0,0
147,147,0,447,1064,0,0,0,142,825,-758,5,下位,0,0,0
144,144,0,143,338,0,0,0,147,1064,88,7,上位,0,0,0
329,329,0,188,476,0,0,0,144,338,212,3,下位,0,0,0
369,369,0,164,357,0,0,0,329,476,200,3,下位,0,0,0
270,270,0,144,343,0,0,0,369,357,10,4,下位,0,0,0
144,144,0,332,953,0,0,0,270,343,-48,3,下位,0,0,0
85,85,0,88,219,0,0,0,144,953,691,2,下位,0,0,0
279,279,0,164,449,0,0,0,85,219,784,2,下位,0,0,0
676,676,0,228,638,0,0,0,279,449,819,2,下位,0,0,0
535,535,0,1339,3774,0,0,0,676,638,454,2,下位,0,0,0
111,111,0,110,287,0,0,0,535,3774,1105,6,下位,0,0,0
199,199,0,235,527,0,0,0,111,287,1227,2,下位,0,0,0
378,378,0,101,258,1,0,0,0,0,1,0,下位,0,0,0
171,171,0,50,150,0,0,0,378,258,-302,2,下位,0,0,0
454,454,0,42,126,0,0,0,171,150,-406,1,下位,0,0,0
65,65,0,195,450,0,0,0,454,126,-954,1,下位,0,0,0
842,842,0,53,158,0,0,0,65,450,-600,4,下位,0,0,0
142,142,0,150,360,0,0,0,842,158,-1691,1,下位,0,0,0
161,161,0,39,117,0,0,0,142,360,-1542,3,下位,0,0,0
94,94,0,173,429,0,0,0,161,117,-1664,1,下位,0,0,0
1011,1011,0,614,1561,0,0,0,94,429,-1374,3,下位,0,0,0
55,55,0,204,524,0,0,0,1011,1561,-1313,7,上位,0,0,0
222,222,0,399,977,0,0,0,55,524,-871,3,下位,0,0,0
81,81,0,33,100,0,0,0,222,977,-223,6,下位,0,0,0
544,544,0,45,135,0,0,0,81,100,-243,1,下位,0,0,0
156,156,0,306,873,0,0,0,544,135,-915,1,下位,0,0,0
198,198,0,104,268,1,0,0,0,0,1,0,下位,0,0,0
280,280,0,137,366,0,0,0,198,268,-25,2,下位,0,0,0
161,161,0,45,136,0,0,0,280,366,-74,2,下位,0,0,0
114,114,0,131,348,0,0,0,161,136,-177,1,下位,0,0,0
185,185,0,197,592,0,0,0,114,348,2,2,下位,0,0,0
632,632,0,37,111,0,0,0,185,592,320,1,下位,0,0,0
490,490,0,263,744,0,0,0,632,111,-507,1,下位,0,0,0
300,300,0,677,1984,0,0,0,490,744,-490,2,下位,0,0,0
480,480,0,137,364,0,0,0,300,1984,1049,2,下位,0,0,0
401,401,0,75,225,0,0,0,480,364,701,2,下位,0,0,0
101,101,0,34,103,0,0,0,401,225,331,1,下位,0,0,0
584,584,0,91,228,0,0,0,101,103,284,1,下位,0,0,0
142,142,0,134,403,1,0,0,0,0,1,0,下位,0,0,0
257,257,0,310,703,0,0,0,142,403,193,1,下位,0,0,0
127,127,0,101,259,0,0,0,257,703,515,6,下位,0,0,0
98,98,0,105,269,0,0,0,127,259,586,2,下位,0,0,0
414,414,0,36,109,0,0,0,98,269,710,2,下位,0,0,0
560,560,0,110,284,0,0,0,414,109,205,1,下位,0,0,0
917,917,0,247,740,0,0,0,560,284,-342,2,下位,0,0,0
372,372,0,47,140,0,0,0,917,740,-963,1,下位,0,0,0
793,793,0,37,111,0,0,0,372,140,-1375,1,下位,0,0,0
87,87,0,222,621,0,0,0,793,111,-2441,1,下位,0,0,0
858,858,0,41,123,0,0,0,87,621,-1949,2,下位,0,0,0
127,127,0,99,253,0,0,0,858,123,-3099,1,下位,0,0,0
130,130,0,310,885,1,0,0,0,0,1,0,下位,0,0,0
704,704,0,403,1030,0,0,0,130,885,693,2,下位,0,0,0
135,135,0,119,311,0,0,0,704,1030,678,5,下位,0,0,0
268,268,0,33,100,0,0,0,135,311,789,2,下位,0,0,0
347,347,0,243,638,0,0,0,268,100,491,1,下位,0,0,0
939,939,0,365,1005,0,0,0,347,638,614,3,下位,0,0,0
416,416,0,40,121,0,0,0,939,1005,226,3,下位,0,0,0
258,258,0,952,2856,0,0,0,416,121,-270,1,下位,0,0,0
128,128,0,96,243,0,0,0,258,2856,2203,1,下位,0,0,0
813,813,0,95,286,0,0,0,128,243,2256,2,下位,0,0,0
354,354,0,208,578,0,0,0,813,286,1336,1,下位,0,0,0
555,555,0,40,119,0,0,0,354,578,1389,2,下位,0,0,0
369,369,0,75,180,0,0,0,555,119,685,1,下位,0,0,0
62,62,0,173,473,1,0,0,0,0,1,0,下位,0,0,0
253,253,0,314,851,0,0,0,62,473,382,2,下位,0,0,0
97,97,0,234,612,0,0,0,253,851,858,3,下位,0,0,0
191,191,0,238,579,0,0,0,97,612,1326,3,下位,0,0,0
429,429,0,45,136,0,0,0,191,579,1622,4,下位,0,0,0
180,180,0,78,189,0,0,0,429,136,1122,1,下位,0,0,0
321,321,0,80,239,0,0,0,180,189,1044,2,下位,0,0,0
777,777,0,352,921,0,0,0,321,239,807,1,下位,0,0,0
181,181,0,39,118,0,0,0,777,921,575,4,下位,0,0,0
117,117,0,91,226,0,0,0,181,118,424,1,下位,0,0,0
126,126,0,31,92,0,0,0,117,226,476,2,下位,0,0,0
486,486,0,95,284,0,0,0,126,92,381,1,下位,0,0,0
134,134,0,546,1415,0,0,0,486,284,-56,1,下位,0,0,0
160,160,0,87,216,0,0,0,134,1415,1160,6,下位,0,0,0
498,498,0,72,217,0,0,0,160,216,1139,2,下位,0,0,0
285,285,0,46,138,0,0,0,498,217,617,1,下位,0,0,0
296,296,0,166,454,0,0,0,285,138,332,1,下位,0,0,0
187,187,0,118,309,0,0,0,296,454,347,2,下位,0,0,0
132,132,0,36,108,0,0,0,187,309,379,2,下位,0,0,0
98,98,0,480,1306,0,0,0,132,108,291,1,下位,0,0,0
208,208,0,102,261,1,0,0,0,0,1,0,下位,0,0,0
939,939,0,124,371,0,0,0,208,261,-47,2,下位,0,0,0
383,383,0,367,1056,0,0,0,939,371,-1069,1,下位,0,0,0
234,234,0,255,632,0,0,0,383,1056,-581,2,下位,0,0,0
169,169,0,136,364,0,0,0,234,632,-296,4,下位,0,0,0
408,408,0,930,2508,0,0,0,169,364,-183,2,下位,0,0,0
115,115,0,34,103,0,0,0,408,2508,378,7,上位,0,0,0
83,83,0,40,121,0,0,0,115,103,310,1,下位,0,0,0
624,624,0,36,108,0,0,0,83,121,308,1,下位,0,0,0
151,151,0,109,283,0,0,0,624,108,-510,1,下位,0,0,0
291,291,0,644,1798,0,0,0,151,283,-451,2,下位,0,0,0
230,230,0,79,193,1,0,0,0,0,1,0,下位,0,0,0
138,138,0,35,104,0,0,0,230,193,-147,2,下位,0,0,0
459,459,0,45,134,0,0,0,138,104,-248,1,下位,0,0,0
446,446,0,93,235,0,0,0,459,134,-795,1,下位,0,0,0
408,408,0,689,1785,0,0,0,446,235,-1222,2,下位,0,0,0
94,94,0,117,308,0,0,0,408,1785,-42,7,上位,0,0,0
151,151,0,47,142,0,0,0,94,308,127,2,下位,0,0,0
818,818,0,541,1440,0,0,0,151,142,45,1,下位,0,0,0
615,615,0,208,580,0,0,0,818,1440,271,5,下位,0,0,0
206,206,0,333,863,0,0,0,615,580,-61,2,下位,0,0,0
517,517,0,133,310,0,0,0,206,863,496,4,下位,0,0,0
364,364,0,221,527,0,0,0,517,310,39,3,下位,0,0,0
81,81,0,144,388,0,0,0,364,527,26,4,下位,0,0,0
179,179,0,347,951,0,0,0,81,388,294,2,下位,0,0,0
132,132,0,88,265,1,0,0,0,0,1,0,下位,0,0,0
414,414,0,51,152,0,0,0,132,265,70,1,下位,0,0,0
1011,1011,0,97,246,0,0,0,414,152,-392,1,下位,0,0,0
842,842,0,130,345,0,0,0,1011,246,-1646,2,下位,0,0,0
377,377,0,42,125,0,0,0,842,345,-2550,2,下位,0,0,0
480,480,0,343,895,0,0,0,377,125,-2984,1,下位,0,0,0
94,94,0,35,105,0,0,0,480,895,-2801,4,下位,0,0,0
143,143,0,62,187,0,0,0,94,105,-2835,1,下位,0,0,0
646,646,0,290,688,0,0,0,143,187,-2860,1,下位,0,0,0
693,693,0,108,277,0,0,0,646,688,-3130,5,下位,0,0,0
674,674,0,136,362,0,0,0,693,277,-3881,2,下位,0,0,0
620,620,0,110,284,1,0,0,0,0,1,0,下位,0,0,0
588,588,0,49,148,0,0,0,620,284,-635,2,下位,0,0,0
143,143,0,34,103,0,0,0,588,148,-1359,1,下位,0,0,0
91,91,0,227,546,0,0,0,143,103,-1468,1,下位,0,0,0
143,143,0,206,529,0,0,0,91,546,-1057,4,下位,0,0,0
910,910,0,133,308,0,0,0,143,529,-740,3,下位,0,0,0
125,125,0,241,588,0,0,0,910,308,-1782,3,下位,0,0,0
72,72,0,39,117,0,0,0,125,588,-1379,4,下位,0,0,0
187,187,0,36,107,0,0,0,72,117,-1369,1,下位,0,0,0
696,696,0,53,158,0,0,0,187,107,-1539,1,下位,0,0,0
899,899,0,136,409,0,0,0,696,158,-2414,1,下位,0,0,0
249,249,0,331,767,0,0,0,899,409,-3339,1,下位,0,0,0
141,141,0,205,526,0,0,0,249,767,-2941,6,下位,0,0,0
471,471,0,124,328,1,0,0,0,0,1,0,下位,0,0,0
88,88,0,40,120,0,0,0,471,328,-370,2,下位,0,0,0
545,545,0,220,568,0,0,0,88,120,-381,1,下位,0,0,0
805,805,0,252,576,0,0,0,545,568,-622,3,下位,0,0,0
168,168,0,107,277,0,0,0,805,576,-1240,5,下位,0,0,0
167,167,0,400,1200,0,0,0,168,277,-1212,2,下位,0,0,0
174,174,0,194,449,0,0,0,167,1200,-260,1,下位,0,0,0
516,516,0,52,157,0,0,0,174,449,-69,4,下位,0,0,0
106,106,0,231,559,0,0,0,516,157,-678,1,下位,0,0,0
127,127,0,132,306,0,0,0,106,559,-276,4,下位,0,0,0
411,411,0,240,630,0,0,0,127,306,-158,3,下位,0,0,0
392,392,0,304,823,0,0,0,411,630,-138,3,下位,0,0,0
181,181,0,178,489,1,0,0,0,0,1,0,下位,0,0,0
97,97,0,34,102,0,0,0,181,489,221,2,下位,0,0,0
311,311,0,507,1383,0,0,0,97,102,179,1,下位,0,0,0
333,333,0,3902,11097,0,0,0,311,1383,1101,4,下位,0,0,0
114,114,0,41,124,0,0,0,333,11097,895,13,上位,0,0,0
89,89,0,89,222,0,0,0,114,124,850,1,下位,0,0,0
511,511,0,88,218,0,0,0,89,222,940,2,下位,0,0,0
116,116,0,241,724,0,0,0,511,218,400,2,下位,0,0,0
89,89,0,34,103,0,0,0,116,724,952,1,下位,0,0,0
580,580,0,76,229,0,0,0,89,103,923,1,下位,0,0,0
165,165,0,35,105,1,0,0,0,0,1,0,下位,0,0,0
65,65,0,41,123,0,0,0,165,105,-139,1,下位,0,0,0
35,35,0,87,215,0,0,0,65,123,-112,1,下位,0,0,0
261,261,0,295,750,0,0,0,35,215,51,2,下位,0,0,0
377,377,0,86,214,0,0,0,261,750,414,4,下位,0,0,0
112,112,0,226,540,0,0,0,377,214,69,2,下位,0,0,0
321,321,0,45,135,0,0,0,112,540,443,4,下位,0,0,0
133,133,0,46,138,0,0,0,321,135,102,1,下位,0,0,0
359,359,0,33,100,0,0,0,133,138,43,1,下位,0,0,0
219,219,0,65,195,0,0,0,359,100,-390,1,下位,0,0,0
112,112,0,98,250,0,0,0,219,195,-520,1,下位,0,0,0
735,735,0,83,250,0,0,0,112,250,-436,2,下位,0,0,0
399,399,0,174,430,0,0,0,735,250,-1277,1,下位,0,0,0
188,188,0,37,111,0,0,0,399,430,-1439,3,下位,0,0,0
186,186,0,33,99,0,0,0,188,111,-1607,1,下位,0,0,0
372,372,0,55,164,1,0,0,0,0,1,0,下位,0,0,0
115,115,0,185,462,0,0,0,372,164,-387,1,下位,0,0,0
154,154,0,37,111,0,0,0,115,462,-96,3,下位,0,0,0
128,128,0,275,735,0,0,0,154,111,-213,1,下位,0,0,0
246,246,0,47,140,0,0,0,128,735,332,3,下位,0,0,0
28,28,0,83,206,0,0,0,246,140,107,1,下位,0,0,0
303,303,0,193,533,0,0,0,28,206,271,2,下位,0,0,0
195,195,0,87,217,0,0,0,303,533,354,2,下位,0,0,0
104,104,0,77,188,0,0,0,195,217,282,2,下位,0,0,0
38,38,0,2992,8427,0,0,0,104,188,316,2,下位,0,0,0
32,32,0,41,122,0,0,0,38,8427,1279,12,上位,0,0,0
591,591,0,935,2714,0,0,0,32,122,1354,1,下位,0,0,0
558,558,0,118,309,1,0,0,0,0,1,0,下位,0,0,0
452,452,0,247,607,0,0,0,558,309,-518,2,下位,0,0,0
149,149,0,1371,3834,0,0,0,452,607,-582,4,下位,0,0,0
158,158,0,133,399,0,0,0,149,3834,1229,7,上位,0,0,0
31,31,0,95,239,0,0,0,158,399,1394,1,下位,0,0,0
323,323,0,130,343,0,0,0,31,239,1587,2,下位,0,0,0
840,840,0,37,110,0,0,0,323,343,1451,2,下位,0,0,0
188,188,0,137,364,0,0,0,840,110,315,1,下位,0,0,0
321,321,0,36,109,0,0,0,188,364,400,2,下位,0,0,0
44,44,0,38,115,0,0,0,321,109,33,1,下位,0,0,0
182,182,0,105,267,1,0,0,0,0,1,0,下位,0,0,0
197,197,0,272,720,0,0,0,182,267,-2,2,下位,0,0,0
139,139,0,268,668,0,0,0,197,720,426,3,下位,0,0,0
232,232,0,183,549,0,0,0,139,668,888,4,下位,0,0,0
166,166,0,50,149,0,0,0,232,549,1093,1,下位,0,0,0
143,143,0,34,102,0,0,0,166,149,996,1,下位,0,0,0
123,123,0,113,339,0,0,0,143,102,886,1,下位,0,0,0
236,236,0,337,832,0,0,0,123,339,1043,1,下位,0,0,0
567,567,0,54,161,0,0,0,236,832,1525,5,下位,0,0,0
789,789,0,177,485,0,0,0,567,161,845,1,下位,0,0,0
494,494,0,84,209,0,0,0,789,485,159,2,下位,0,0,0
105,105,0,169,461,0,0,0,494,209,-365,2,下位,0,0,0
207,207,0,44,131,0,0,0,105,461,-60,2,下位,0,0,0
1008,1008,0,182,502,0,0,0,207,131,-236,1,下位,0,0,0
185,185,0,44,133,1,0,0,0,0,1,0,下位,0,0,0
322,322,0,197,454,0,0,0,185,133,-140,1,下位,0,0,0
72,72,0,168,410,0,0,0,322,454,-164,4,下位,0,0,0
156,156,0,950,2573,0,0,0,72,410,139,3,下位,0,0,0
236,236,0,288,682,0,0,0,156,2573,1585,7,上位,0,0,0
86,86,0,69,207,0,0,0,236,682,1917,5,下位,0,0,0
101,101,0,74,223,0,0,0,86,207,1996,1,下位,0,0,0
143,143,0,171,424,0,0,0,101,223,2069,1,下位,0,0,0
409,409,0,223,622,0,0,0,143,424,2281,3,下位,0,0,0
286,286,0,89,267,0,0,0,409,622,2296,2,下位,0,0,0
138,138,0,912,2457,0,0,0,286,267,2139,1,下位,0,0,0
174,174,0,35,106,0,0,0,138,2457,859,7,上位,0,0,0
614,614,0,39,117,0,0,0,174,106,707,1,下位,0,0,0
747,747,0,266,753,0,0,0,614,117,-87,1,下位,0,0,0
510,510,0,35,103,0,0,0,747,753,-442,2,下位,0,0,0
171,171,0,213,595,0,0,0,510,103,-1096,1,下位,0,0,0
479,479,0,136,362,1,0,0,0,0,1,0,下位,0,0,0
867,867,0,300,764,0,0,0,479,362,-348,2,下位,0,0,0
137,137,0,163,443,0,0,0,867,764,-870,4,下位,0,0,0
924,924,0,289,867,0,0,0,137,443,-630,2,下位,0,0,0
156,156,0,39,117,0,0,0,924,867,-1134,1,下位,0,0,0
290,290,0,224,539,0,0,0,156,117,-1248,1,下位,0,0,0
128,128,0,336,915,0,0,0,290,539,-1139,4,下位,0,0,0
159,159,0,481,1353,0,0,0,128,915,-414,3,下位,0,0,0
228,228,0,36,107,0,0,0,159,1353,703,3,下位,0,0,0
437,437,0,41,122,0,0,0,228,107,472,1,下位,0,0,0
633,633,0,48,145,0,0,0,437,122,-54,1,下位,0,0,0
832,832,0,95,284,0,0,0,633,145,-848,1,下位,0,0,0
313,313,0,154,419,0,0,0,832,284,-1798,1,下位,0,0,0
88,88,0,41,124,0,0,0,313,419,-1843,2,下位,0,0,0
143,143,0,141,332,1,0,0,0,0,1,0,下位,0,0,0
461,461,0,142,379,0,0,0,143,332,121,3,下位,0,0,0
569,569,0,102,306,0,0,0,461,379,-184,2,下位,0,0,0
569,569,0,530,1409,0,0,0,569,306,-722,1,下位,0,0,0
121,121,0,151,364,0,0,0,569,1409,-157,5,下位,0,0,0
138,138,0,163,400,0,0,0,121,364,27,3,下位,0,0,0
127,127,0,197,500,0,0,0,138,400,222,3,下位,0,0,0
205,205,0,149,402,0,0,0,127,500,534,3,下位,0,0,0
769,769,0,53,159,0,0,0,205,402,632,2,下位,0,0,0
135,135,0,516,1366,0,0,0,769,159,-350,1,下位,0,0,0
162,162,0,37,112,0,0,0,135,1366,816,5,下位,0,0,0
369,369,0,354,1017,0,0,0,162,112,688,1,下位,0,0,0
323,323,0,68,203,0,0,0,369,1017,1158,2,下位,0,0,0
142,142,0,34,103,0,0,0,323,203,882,1,下位,0,0,0
169,169,0,101,258,0,0,0,142,103,774,1,下位,0,0,0
949,949,0,117,307,0,0,0,169,258,781,2,下位,0,0,0
86,86,0,64,191,1,0,0,0,0,1,0,下位,0,0,0
399,399,0,81,244,0,0,0,86,191,64,1,下位,0,0,0
204,204,0,79,237,0,0,0,399,244,-284,1,下位,0,0,0
719,719,0,53,159,0,0,0,204,237,-350,1,下位,0,0,0
400,400,0,46,138,0,0,0,719,159,-1258,1,下位,0,0,0
573,573,0,100,256,0,0,0,400,138,-1713,1,下位,0,0,0
555,555,0,535,1379,0,0,0,573,256,-2307,2,下位,0,0,0
167,167,0,152,366,0,0,0,555,1379,-1751,6,下位,0,0,0
305,305,0,57,173,1,0,0,0,0,1,0,下位,0,0,0
781,781,0,658,1840,0,0,0,305,173,-279,1,下位,0,0,0
393,393,0,182,458,0,0,0,781,1840,402,4,下位,0,0,0
475,475,0,794,2201,0,0,0,393,458,277,3,下位,0,0,0
994,994,0,62,185,0,0,0,475,2201,1773,5,下位,0,0,0
119,119,0,35,105,0,0,0,994,185,483,1,下位,0,0,0
370,370,0,38,114,0,0,0,119,105,411,1,下位,0,0,0
830,830,0,87,262,0,0,0,370,114,-24,1,下位,0,0,0
114,114,0,40,119,0,0,0,830,262,-993,1,下位,0,0,0
603,603,0,150,406,1,0,0,0,0,1,0,下位,0,0,0
158,158,0,406,1174,0,0,0,603,406,-488,2,下位,0,0,0
154,154,0,169,507,0,0,0,158,1174,452,2,下位,0,0,0
143,143,0,188,428,0,0,0,154,507,731,1,下位,0,0,0
115,115,0,282,710,0,0,0,143,428,947,4,下位,0,0,0
240,240,0,1315,3837,0,0,0,115,710,1486,4,下位,0,0,0
68,68,0,72,215,0,0,0,240,3837,2653,3,下位,0,0,0
355,355,0,39,117,0,0,0,68,215,216,1,下位,0,0,0
545,545,0,287,685,0,0,0,355,117,-194,1,下位,0,0,0
79,79,0,128,336,0,0,0,545,685,-318,5,下位,0,0,0
279,279,0,89,222,0,0,0,79,336,-99,2,下位,0,0,0
501,501,0,37,111,0,0,0,279,222,-291,2,下位,0,0,0
295,295,0,35,105,0,0,0,501,111,-923,1,下位,0,0,0
173,173,0,36,105,0,0,0,295,105,-1256,1,下位,0,0,0
163,163,0,37,112,0,0,0,173,105,-1408,1,下位,0,0,0
705,705,0,209,535,0,0,0,163,112,-1538,1,下位,0,0,0
632,632,0,115,302,1,0,0,0,0,1,0,下位,0,0,0
853,853,0,130,345,0,0,0,632,302,-635,2,下位,0,0,0
424,424,0,316,858,0,0,0,853,345,-1556,2,下位,0,0,0
383,383,0,119,311,0,0,0,424,858,-1327,3,下位,0,0,0
68,68,0,47,142,0,0,0,383,311,-1584,2,下位,0,0,0
438,438,0,246,604,0,0,0,68,142,-1543,1,下位,0,0,0
148,148,0,48,145,0,0,0,438,604,-1589,4,下位,0,0,0
401,401,0,110,285,0,0,0,148,145,-1664,1,下位,0,0,0
424,424,0,440,1097,0,0,0,401,285,-1974,2,下位,0,0,0
417,417,0,83,248,1,0,0,0,0,1,0,下位,0,0,0
362,362,0,249,659,0,0,0,417,248,-370,1,下位,0,0,0
222,222,0,548,1364,0,0,0,362,659,-248,3,下位,0,0,0
197,197,0,228,595,0,0,0,222,1364,379,7,上位,0,0,0
313,313,0,459,1245,0,0,0,197,595,682,3,下位,0,0,0
138,138,0,457,1148,0,0,0,313,1245,1463,4,下位,0,0,0
152,152,0,42,126,0,0,0,138,1148,95,6,下位,0,0,0
597,597,0,728,2139,0,0,0,152,126,-5,1,下位,0,0,0
417,417,0,36,109,0,0,0,597,2139,1248,2,下位,0,0,0
247,247,0,106,276,0,0,0,417,109,738,1,下位,0,0,0
187,187,0,308,879,0,0,0,247,276,648,2,下位,0,0,0
547,547,0,60,180,0,0,0,187,879,1250,2,下位,0,0,0
321,321,0,164,403,0,0,0,547,180,618,1,下位,0,0,0
556,556,0,138,368,1,0,0,0,0,1,0,下位,0,0,0
779,779,0,104,312,0,0,0,556,368,-456,2,下位,0,0,0
297,297,0,38,114,0,0,0,779,312,-1300,1,下位,0,0,0
373,373,0,78,235,0,0,0,297,114,-1627,1,下位,0,0,0
322,322,0,466,1263,0,0,0,373,235,-1945,1,下位,0,0,0
537,537,0,776,2147,0,0,0,322,1263,-1160,4,下位,0,0,0
153,153,0,125,376,0,0,0,537,2147,190,5,下位,0,0,0
484,484,0,196,543,1,0,0,0,0,1,0,下位,0,0,0
127,127,0,983,2618,0,0,0,484,543,-174,2,下位,0,0,0
91,91,0,111,287,0,0,0,127,2618,1303,8,上位,0,0,0
575,575,0,219,614,0,0,0,91,287,1455,2,下位,0,0,0
388,388,0,52,155,0,0,0,575,614,1216,2,下位,0,0,0
90,90,0,80,196,0,0,0,388,155,795,1,下位,0,0,0
217,217,0,188,521,0,0,0,90,196,857,2,下位,0,0,0
462,462,0,412,1060,0,0,0,217,521,1056,2,下位,0,0,0
162,162,0,277,648,1,0,0,0,0,1,0,下位,0,0,0
183,183,0,41,124,0,0,0,162,648,409,5,下位,0,0,0
373,373,0,118,309,0,0,0,183,124,261,1,下位,0,0,0
129,129,0,38,114,0,0,0,373,309,17,2,下位,0,0,0
465,465,0,246,605,0,0,0,129,114,-60,1,下位,0,0,0
267,267,0,62,186,0,0,0,465,605,-145,4,下位,0,0,0
432,432,0,58,175,0,0,0,267,186,-355,1,下位,0,0,0
281,281,0,283,670,0,0,0,432,175,-821,1,下位,0,0,0
799,799,0,111,289,0,0,0,281,670,-568,5,下位,0,0,0
324,324,0,204,521,1,0,0,0,0,1,0,下位,0,0,0
95,95,0,37,112,0,0,0,324,521,41,3,下位,0,0,0
427,427,0,36,109,0,0,0,95,112,12,1,下位,0,0,0
390,390,0,54,163,0,0,0,427,109,-513,1,下位,0,0,0
30,30,0,55,166,0,0,0,390,163,-929,1,下位,0,0,0
268,268,0,450,1259,0,0,0,30,166,-808,1,下位,0,0,0
178,178,0,35,106,0,0,0,268,1259,53,3,下位,0,0,0
131,131,0,1217,3370,0,0,0,178,106,-105,1,下位,0,0,0
162,162,0,146,392,0,0,0,131,3370,1519,7,上位,0,0,0
118,118,0,48,144,1,0,0,0,0,1,0,下位,0,0,0
107,107,0,209,580,0,0,0,118,144,-30,1,下位,0,0,0
313,313,0,87,218,0,0,0,107,580,391,2,下位,0,0,0
82,82,0,125,330,0,0,0,313,218,145,2,下位,0,0,0
439,439,0,1115,3291,0,0,0,82,330,353,2,下位,0,0,0
47,47,0,107,275,0,0,0,439,3291,619,2,下位,0,0,0
148,148,0,428,1194,0,0,0,47,275,824,2,下位,0,0,0
684,684,0,35,106,0,0,0,148,1194,1798,3,下位,0,0,0
284,284,0,88,265,0,0,0,684,106,889,1,下位,0,0,0
462,462,0,46,139,0,0,0,284,265,733,1,下位,0,0,0
68,68,0,55,165,0,0,0,462,139,187,1,下位,0,0,0
400,400,0,476,1247,1,0,0,0,0,1,0,下位,0,0,0
14,14,0,157,379,0,0,0,400,1247,655,5,下位,0,0,0
152,152,0,213,548,0,0,0,14,379,1013,3,下位,0,0,0
105,105,0,203,520,0,0,0,152,548,1335,3,下位,0,0,0
411,411,0,81,197,0,0,0,105,520,1699,3,下位,0,0,0
120,120,0,39,116,0,0,0,411,197,1286,2,下位,0,0,0
217,217,0,93,279,0,0,0,120,116,1224,1,下位,0,0,0
127,127,0,102,261,0,0,0,217,279,1181,1,下位,0,0,0
210,210,0,97,291,0,0,0,127,261,1254,2,下位,0,0,0
138,138,0,113,293,0,0,0,210,291,1233,1,下位,0,0,0
275,275,0,87,217,1,0,0,0,0,1,0,下位,0,0,0
353,353,0,171,514,0,0,0,275,217,-190,2,下位,0,0,0
457,457,0,162,487,0,0,0,353,514,-200,1,下位,0,0,0
50,50,0,36,109,0,0,0,457,487,-391,1,下位,0,0,0
130,130,0,96,242,0,0,0,50,109,-356,1,下位,0,0,0
468,468,0,266,753,0,0,0,130,242,-307,2,下位,0,0,0
124,124,0,91,229,0,0,0,468,753,-248,2,下位,0,0,0
83,83,0,44,133,0,0,0,124,229,-203,2,下位,0,0,0
145,145,0,275,686,0,0,0,83,133,-193,1,下位,0,0,0
113,113,0,43,130,0,0,0,145,686,278,4,下位,0,0,0
754,754,0,67,201,0,0,0,113,130,240,1,下位,0,0,0
298,298,0,310,841,0,0,0,754,201,-678,1,下位,0,0,0
623,623,0,116,301,0,0,0,298,841,-279,3,下位,0,0,0
150,150,0,40,118,0,0,0,623,301,-902,2,下位,0,0,0
209,209,0,349,958,0,0,0,150,118,-1007,1,下位,0,0,0
727,727,0,121,364,0,0,0,209,958,-359,3,下位,0,0,0
249,249,0,34,103,0,0,0,727,364,-1074,1,下位,0,0,0
474,474,0,96,241,0,0,0,249,103,-1340,1,下位,0,0,0
363,363,0,156,423,0,0,0,474,241,-1802,2,下位,0,0,0
197,197,0,115,301,0,0,0,363,423,-1918,2,下位,0,0,0
313,313,0,36,108,1,0,0,0,0,1,0,下位,0,0,0
220,220,0,37,110,0,0,0,313,108,-355,1,下位,0,0,0
777,777,0,59,177,0,0,0,220,110,-571,1,下位,0,0,0
913,913,0,94,280,0,0,0,777,177,-1547,1,下位,0,0,0
189,189,0,49,147,0,0,0,913,280,-2622,1,下位,0,0,0
1013,1013,0,214,597,0,0,0,189,147,-2755,1,下位,0,0,0
715,715,0,35,104,0,0,0,1013,597,-3661,2,下位,0,0,0
40,40,0,82,204,0,0,0,715,104,-4618,1,下位,0,0,0
238,238,0,86,258,0,0,0,40,204,-4473,2,下位,0,0,0
768,768,0,228,592,0,0,0,238,258,-4568,1,下位,0,0,0
192,192,0,40,121,0,0,0,768,592,-5115,3,下位,0,0,0
182,182,0,159,389,0,0,0,192,121,-5279,1,下位,0,0,0
206,206,0,136,365,0,0,0,182,389,-5160,3,下位,0,0,0
283,283,0,34,103,1,0,0,0,0,1,0,下位,0,0,0
109,109,0,139,372,0,0,0,283,103,-316,1,下位,0,0,0
81,81,0,42,126,0,0,0,109,372,-106,2,下位,0,0,0
158,158,0,120,316,0,0,0,81,126,-100,1,下位,0,0,0
144,144,0,133,398,0,0,0,158,316,-18,2,下位,0,0,0
332,332,0,196,498,0,0,0,144,398,166,1,下位,0,0,0
401,401,0,51,153,0,0,0,332,498,171,3,下位,0,0,0
164,164,0,215,557,0,0,0,401,153,-271,1,下位,0,0,0
184,184,0,107,274,0,0,0,164,557,43,3,下位,0,0,0
437,437,0,78,235,0,0,0,184,274,44,2,下位,0,0,0
91,91,0,266,618,0,0,0,437,235,-369,1,下位,0,0,0
627,627,0,150,405,0,0,0,91,618,114,5,下位,0,0,0
201,201,0,84,207,0,0,0,627,405,-411,2,下位,0,0,0
171,171,0,46,139,0,0,0,201,207,-502,2,下位,0,0,0
68,68,0,680,1861,0,0,0,171,139,-617,1,下位,0,0,0
361,361,0,204,520,0,0,0,68,1861,1143,5,下位,0,0,0
173,173,0,231,556,0,0,0,361,520,1127,3,下位,0,0,0
543,543,0,93,280,0,0,0,173,556,1426,4,下位,0,0,0
46,46,0,68,204,0,0,0,543,280,900,1,下位,0,0,0
104,104,0,85,213,1,0,0,0,0,1,0,下位,0,0,0
1009,1009,0,225,539,0,0,0,104,213,60,2,下位,0,0,0
125,125,0,129,340,0,0,0,1009,539,-898,4,下位,0,0,0
826,826,0,50,150,0,0,0,125,340,-743,2,下位,0,0,0
1010,1010,0,133,401,0,0,0,826,150,-1819,1,下位,0,0,0
246,246,0,41,123,0,0,0,1010,401,-2917,1,下位,0,0,0
558,558,0,40,119,0,0,0,246,123,-3159,1,下位,0,0,0
158,158,0,84,208,0,0,0,558,119,-3868,1,下位,0,0,0
424,424,0,83,205,0,0,0,158,208,-3894,2,下位,0,0,0
502,502,0,173,428,0,0,0,424,205,-4318,2,下位,0,0,0
210,210,0,98,248,0,0,0,502,428,-4635,3,下位,0,0,0
460,460,0,52,157,0,0,0,210,248,-4699,2,下位,0,0,0
525,525,0,168,503,0,0,0,460,157,-5224,1,下位,0,0,0
182,182,0,64,193,0,0,0,525,503,-5500,1,下位,0,0,0
308,308,0,43,128,0,0,0,182,193,-5577,1,下位,0,0,0
91,91,0,119,314,0,0,0,308,128,-5906,1,下位,0,0,0
618,618,0,37,112,0,0,0,91,314,-5727,2,下位,0,0,0
528,528,0,135,406,1,0,0,0,0,1,0,下位,0,0,0
696,696,0,74,222,0,0,0,528,406,-376,1,下位,0,0,0
152,152,0,184,507,0,0,0,696,222,-1187,1,下位,0,0,0
827,827,0,52,157,0,0,0,152,507,-906,2,下位,0,0,0
138,138,0,183,504,0,0,0,827,157,-1976,1,下位,0,0,0
441,441,0,81,199,0,0,0,138,504,-1677,2,下位,0,0,0
117,117,0,39,118,0,0,0,441,199,-2132,2,下位,0,0,0
102,102,0,78,234,0,0,0,117,118,-2188,1,下位,0,0,0
1011,1011,0,116,304,0,0,0,102,234,-2105,1,下位,0,0,0
153,153,0,42,126,0,0,0,1011,304,-3301,2,下位,0,0,0
426,426,0,37,110,0,0,0,153,126,-3402,1,下位,0,0,0
272,272,0,78,189,0,0,0,426,110,-3924,1,下位,0,0,0
163,163,0,39,118,0,0,0,272,189,-4139,2,下位,0,0,0
31,31,0,35,106,0,0,0,163,118,-4263,1,下位,0,0,0
69,69,0,58,173,0,0,0,31,106,-4203,1,下位,0,0,0
244,244,0,74,221,0,0,0,69,173,-4132,1,下位,0,0,0
575,575,0,37,111,0,0,0,244,221,-4273,1,下位,0,0,0
124,124,0,51,153,1,0,0,0,0,1,0,下位,0,0,0
339,339,0,227,680,0,0,0,124,153,-30,1,下位,0,0,0
30,30,0,91,229,0,0,0,339,680,147,1,下位,0,0,0
724,724,0,103,310,0,0,0,30,229,331,2,下位,0,0,0
782,782,0,115,301,0,0,0,724,310,-433,1,下位,0,0,0
341,341,0,228,594,0,0,0,782,301,-1292,2,下位,0,0,0
94,94,0,103,264,0,0,0,341,594,-1204,3,下位,0,0,0
922,922,0,60,181,0,0,0,94,264,-1079,2,下位,0,0,0
676,676,0,42,126,0,0,0,922,181,-2266,1,下位,0,0,0
503,503,0,66,198,0,0,0,676,126,-3143,1,下位,0,0,0
436,436,0,89,223,0,0,0,503,198,-3691,1,下位,0,0,0
98,98,0,274,645,0,0,0,436,223,-4115,2,下位,0,0,0
521,521,0,71,214,0,0,0,98,645,-3615,5,下位,0,0,0
203,203,0,77,230,1,0,0,0,0,1,0,下位,0,0,0
310,310,0,54,161,0,0,0,203,230,-70,1,下位,0,0,0
129,129,0,99,250,0,0,0,310,161,-369,1,下位,0,0,0
449,449,0,125,331,0,0,0,129,250,-310,2,下位,0,0,0
144,144,0,231,559,0,0,0,449,331,-645,2,下位,0,0,0
157,157,0,47,142,0,0,0,144,559,-300,4,下位,0,0,0
460,460,0,90,225,0,0,0,157,142,-391,1,下位,0,0,0
307,307,0,169,418,0,0,0,460,225,-848,2,下位,0,0,0
217,217,0,51,152,0,0,0,307,418,-885,3,下位,0,0,0
207,207,0,346,857,0,0,0,217,152,-1055,1,下位,0,0,0
142,142,0,35,104,0,0,0,207,857,-505,5,下位,0,0,0
71,71,0,306,738,0,0,0,142,104,-612,1,下位,0,0,0
356,356,0,86,214,0,0,0,71,738,21,5,下位,0,0,0
876,876,0,44,131,0,0,0,356,214,-293,2,下位,0,0,0
136,136,0,165,450,0,0,0,876,131,-1462,1,下位,0,0,0
166,166,0,36,107,0,0,0,136,450,-1214,2,下位,0,0,0
264,264,0,47,142,0,0,0,166,107,-1353,1,下位,0,0,0
414,414,0,115,299,0,0,0,264,142,-1603,1,下位,0,0,0
148,148,0,405,1215,0,0,0,414,299,-1918,2,下位,0,0,0
448,448,0,63,189,1,0,0,0,0,1,0,下位,0,0,0
130,130,0,132,307,0,0,0,448,189,-475,1,下位,0,0,0
484,484,0,122,323,0,0,0,130,307,-361,3,下位,0,0,0
145,145,0,49,147,0,0,0,484,323,-756,2,下位,0,0,0
777,777,0,36,108,0,0,0,145,147,-824,1,下位,0,0,0
207,207,0,71,212,0,0,0,777,108,-1869,1,下位,0,0,0
153,153,0,89,222,0,0,0,207,212,-1964,1,下位,0,0,0
1010,1010,0,36,107,0,0,0,153,222,-1969,2,下位,0,0,0
27,27,0,40,120,0,0,0,1010,107,-3361,1,下位,0,0,0
414,414,0,336,875,0,0,0,27,120,-3281,1,下位,0,0,0
364,364,0,68,203,0,0,0,414,875,-3020,4,下位,0,0,0
578,578,0,73,219,0,0,0,364,203,-3357,1,下位,0,0,0
203,203,0,845,2254,0,0,0,578,219,-3996,1,下位,0,0,0
123,123,0,39,118,0,0,0,203,2254,-2043,7,上位,0,0,0
164,164,0,35,104,1,0,0,0,0,1,0,下位,0,0,0
417,417,0,69,208,0,0,0,164,104,-138,1,下位,0,0,0
659,659,0,179,493,0,0,0,417,208,-549,1,下位,0,0,0
419,419,0,1412,4058,0,0,0,659,493,-1034,2,下位,0,0,0
152,152,0,244,597,0,0,0,419,4058,188,5,下位,0,0,0
231,231,0,46,138,0,0,0,152,597,559,4,下位,0,0,0
395,395,0,38,114,0,0,0,231,138,354,1,下位,0,0,0
968,968,0,180,541,0,0,0,395,114,-118,1,下位,0,0,0
584,584,0,541,1400,0,0,0,968,541,-1013,1,下位,0,0,0
234,234,0,43,130,1,0,0,0,0,1,0,下位,0,0,0
612,612,0,242,682,0,0,0,234,130,-216,1,下位,0,0,0
382,382,0,166,497,0,0,0,612,682,-442,2,下位,0,0,0
558,558,0,120,317,0,0,0,382,497,-512,1,下位,0,0,0
741,741,0,157,427,0,0,0,558,317,-1023,2,下位,0,0,0
347,347,0,191,481,0,0,0,741,427,-1695,2,下位,0,0,0
1007,1007,0,308,835,0,0,0,347,481,-1729,3,下位,0,0,0
90,90,0,39,118,0,0,0,1007,835,-2388,3,下位,0,0,0
117,117,0,351,873,0,0,0,90,118,-2404,1,下位,0,0,0
163,163,0,57,170,0,0,0,117,873,-1705,5,下位,0,0,0
86,86,0,180,450,0,0,0,163,170,-1777,1,下位,0,0,0
440,440,0,37,110,1,0,0,0,0,1,0,下位,0,0,0
306,306,0,76,227,0,0,0,440,110,-542,1,下位,0,0,0
142,142,0,142,383,0,0,0,306,227,-769,1,下位,0,0,0
381,381,0,110,286,0,0,0,142,383,-597,2,下位,0,0,0
261,261,0,269,761,0,0,0,381,286,-876,2,下位,0,0,0
314,314,0,362,907,0,0,0,261,761,-502,2,下位,0,0,0
423,423,0,427,1100,0,0,0,314,907,-61,5,下位,0,0,0
610,610,0,363,958,0,0,0,423,1100,411,5,下位,0,0,0
382,382,0,173,428,0,0,0,610,958,464,4,下位,0,0,0
257,257,0,706,1894,0,0,0,382,428,325,3,下位,0,0,0
162,162,0,42,127,0,0,0,257,1894,1838,6,下位,0,0,0
845,845,0,518,1326,0,0,0,162,127,1725,1,下位,0,0,0
25,25,0,35,106,1,0,0,0,0,1,0,下位,0,0,0
538,538,0,33,100,0,0,0,25,106,70,1,下位,0,0,0
179,179,0,35,104,0,0,0,538,100,-628,1,下位,0,0,0
373,373,0,547,1366,0,0,0,179,104,-790,1,下位,0,0,0
131,131,0,477,1207,0,0,0,373,1366,23,7,上位,0,0,0
150,150,0,52,157,0,0,0,131,1207,1036,6,下位,0,0,0
90,90,0,258,729,0,0,0,150,157,970,1,下位,0,0,0
218,218,0,38,115,0,0,0,90,729,1565,2,下位,0,0,0
123,123,0,514,1453,0,0,0,218,115,1357,1,下位,0,0,0
124,124,0,197,547,0,0,0,123,1453,180,3,下位,0,0,0
577,577,0,448,1211,1,0,0,0,0,1,0,下位,0,0,0
393,393,0,335,871,0,0,0,577,1211,356,4,下位,0,0,0
503,503,0,238,581,0,0,0,393,871,644,4,下位,0,0,0
313,313,0,219,525,0,0,0,503,581,479,4,下位,0,0,0
124,124,0,495,1394,0,0,0,313,525,540,4,下位,0,0,0
148,148,0,102,263,0,0,0,124,1394,1750,3,下位,0,0,0
103,103,0,281,705,0,0,0,148,263,1793,2,下位,0,0,0
161,161,0,199,508,0,0,0,103,705,2345,4,下位,0,0,0
116,116,0,37,112,0,0,0,161,508,388,3,下位,0,0,0
118,118,0,41,123,0,0,0,116,112,328,1,下位,0,0,0
333,333,0,96,243,1,0,0,0,0,1,0,下位,0,0,0
313,313,0,42,127,0,0,0,333,243,-250,2,下位,0,0,0
521,521,0,69,206,0,0,0,313,127,-587,1,下位,0,0,0
183,183,0,163,399,0,0,0,521,206,-1154,1,下位,0,0,0
109,109,0,79,238,0,0,0,183,399,-1027,3,下位,0,0,0
741,741,0,180,450,0,0,0,109,238,-951,1,下位,0,0,0
287,287,0,115,345,0,0,0,741,450,-1600,3,下位,0,0,0
103,103,0,411,1097,1,0,0,0,0,1,0,下位,0,0,0
58,58,0,85,210,0,0,0,103,1097,945,4,下位,0,0,0
230,230,0,142,426,0,0,0,58,210,1069,2,下位,0,0,0
231,231,0,89,267,0,0,0,230,426,1154,1,下位,0,0,0
1008,1008,0,242,682,0,0,0,231,267,1078,1,下位,0,0,0
501,501,0,1170,3070,0,0,0,1008,682,264,2,下位,0,0,0
139,139,0,41,122,0,0,0,501,3070,475,10,上位,0,0,0
333,333,0,201,560,1,0,0,0,0,1,0,下位,0,0,0
185,185,0,279,656,0,0,0,333,560,67,2,下位,0,0,0
466,466,0,230,600,0,0,0,185,656,449,5,下位,0,0,0
281,281,0,119,313,0,0,0,466,600,358,3,下位,0,0,0
142,142,0,43,128,0,0,0,281,313,254,2,下位,0,0,0
141,141,0,492,1255,0,0,0,142,128,171,1,下位,0,0,0
223,223,0,263,699,0,0,0,141,1255,1217,6,下位,0,0,0
226,226,0,38,114,0,0,0,223,699,1585,3,下位,0,0,0
274,274,0,218,518,0,0,0,226,114,1364,1,下位,0,0,0
541,541,0,39,117,0,0,0,274,518,1475,4,下位,0,0,0
301,301,0,52,157,0,0,0,541,117,789,1,下位,0,0,0
353,353,0,49,147,0,0,0,301,157,499,1,下位,0,0,0
430,430,0,321,829,0,0,0,353,147,122,1,下位,0,0,0
91,91,0,73,218,1,0,0,0,0,1,0,下位,0,0,0
857,857,0,202,518,0,0,0,91,218,84,1,下位,0,0,0
638,638,0,75,224,0,0,0,857,518,-670,3,下位,0,0,0
661,661,0,81,243,0,0,0,638,224,-1393,1,下位,0,0,0
795,795,0,736,1930,0,0,0,661,243,-2131,1,下位,0,0,0
97,97,0,205,526,0,0,0,795,1930,-1381,7,上位,0,0,0
258,258,0,106,271,1,0,0,0,0,1,0,下位,0,0,0
57,57,0,102,262,0,0,0,258,271,-111,2,下位,0,0,0
296,296,0,121,318,0,0,0,57,262,66,2,下位,0,0,0
247,247,0,62,185,0,0,0,296,318,-55,2,下位,0,0,0
687,687,0,157,428,0,0,0,247,185,-236,1,下位,0,0,0
317,317,0,46,139,0,0,0,687,428,-827,2,下位,0,0,0
142,142,0,77,186,0,0,0,317,139,-1158,1,下位,0,0,0
90,90,0,140,376,0,0,0,142,186,-1183,2,下位,0,0,0
323,323,0,226,633,0,0,0,90,376,-941,2,下位,0,0,0
436,436,0,57,171,0,0,0,323,633,-787,2,下位,0,0,0
240,240,0,176,481,0,0,0,436,171,-1263,1,下位,0,0,0
357,357,0,429,1197,0,0,0,240,481,-1138,2,下位,0,0,0
787,787,0,410,1007,0,0,0,357,1197,-471,3,下位,0,0,0
360,360,0,462,1160,1,0,0,0,0,1,0,下位,0,0,0
146,146,0,43,129,0,0,0,360,1160,627,6,下位,0,0,0
430,430,0,272,679,0,0,0,146,129,539,1,下位,0,0,0
276,276,0,571,1715,0,0,0,430,679,580,4,下位,0,0,0
485,485,0,38,113,0,0,0,276,1715,1886,1,下位,0,0,0
300,300,0,193,490,0,0,0,485,113,1279,1,下位,0,0,0
129,129,0,117,306,0,0,0,300,490,1324,3,下位,0,0,0
447,447,0,43,129,0,0,0,129,306,1439,2,下位,0,0,0
201,201,0,178,488,0,0,0,447,129,905,1,下位,0,0,0
81,81,0,404,1075,0,0,0,201,488,1095,2,下位,0,0,0
387,387,0,65,196,0,0,0,81,1075,2050,4,下位,0,0,0
556,556,0,41,125,0,0,0,387,196,1672,1,下位,0,0,0
152,152,0,228,550,0,0,0,556,125,972,1,下位,0,0,0
173,173,0,140,375,0,0,0,152,550,1296,4,下位,0,0,0
114,114,0,1217,3364,0,0,0,173,375,1414,2,下位,0,0,0
19,19,0,53,160,1,0,0,0,0,1,0,下位,0,0,0
205,205,0,397,968,0,0,0,19,160,133,1,下位,0,0,0
70,70,0,140,332,0,0,0,205,968,797,6,下位,0,0,0
301,301,0,326,843,0,0,0,70,332,1025,3,下位,0,0,0
508,508,0,81,199,0,0,0,301,843,1421,4,下位,0,0,0
127,127,0,37,111,0,0,0,508,199,866,2,下位,0,0,0
162,162,0,36,107,0,0,0,127,111,789,1,下位,0,0,0
173,173,0,38,116,0,0,0,162,107,656,1,下位,0,0,0
433,433,0,189,477,0,0,0,173,116,515,1,下位,0,0,0
407,407,0,215,600,0,0,0,433,477,350,3,下位,0,0,0
525,525,0,571,1489,0,0,0,407,600,346,2,下位,0,0,0
138,138,0,216,515,0,0,0,525,1489,1056,6,下位,0,0,0
719,719,0,36,110,0,0,0,138,515,1366,4,下位,0,0,0
306,306,0,90,226,0,0,0,719,110,409,1,下位,0,0,0
638,638,0,198,505,0,0,0,306,226,181,2,下位,0,0,0
153,153,0,120,316,1,0,0,0,0,1,0,下位,0,0,0
187,187,0,40,120,0,0,0,153,316,90,2,下位,0,0,0
648,648,0,37,112,0,0,0,187,120,-67,1,下位,0,0,0
632,632,0,447,1251,0,0,0,648,112,-916,1,下位,0,0,0
263,263,0,1319,3463,0,0,0,632,1251,-603,3,下位,0,0,0
112,112,0,174,479,0,0,0,263,3463,368,11,上位,0,0,0
93,93,0,51,152,0,0,0,112,479,681,2,下位,0,0,0
452,452,0,129,297,0,0,0,93,152,695,1,下位,0,0,0
617,617,0,44,131,0,0,0,452,297,321,3,下位,0,0,0
335,335,0,46,139,0,0,0,617,131,-463,1,下位,0,0,0
145,145,0,189,522,0,0,0,335,139,-821,1,下位,0,0,0
228,228,0,119,312,0,0,0,145,522,-514,2,下位,0,0,0
198,198,0,326,796,0,0,0,228,312,-540,2,下位,0,0,0
282,282,0,41,122,1,0,0,0,0,1,0,下位,0,0,0
147,147,0,117,307,0,0,0,282,122,-295,1,下位,0,0,0
161,161,0,347,816,0,0,0,147,307,-206,2,下位,0,0,0
123,123,0,598,1662,0,0,0,161,816,371,6,下位,0,0,0
246,246,0,85,254,0,0,0,123,1662,1851,4,下位,0,0,0
264,264,0,198,506,0,0,0,246,254,1740,1,下位,0,0,0
693,693,0,566,1477,0,0,0,264,506,1854,3,下位,0,0,0
166,166,0,428,1240,0,0,0,693,1477,2303,6,下位,0,0,0
219,219,0,115,346,0,0,0,166,1240,328,2,下位,0,0,0
515,515,0,158,429,0,0,0,219,346,349,1,下位,0,0,0
173,173,0,123,278,0,0,0,515,429,14,2,下位,0,0,0
434,434,0,87,262,1,0,0,0,0,1,0,下位,0,0,0
174,174,0,56,168,0,0,0,434,262,-381,1,下位,0,0,0
1011,1011,0,76,184,0,0,0,174,168,-471,1,下位,0,0,0
671,671,0,184,507,0,0,0,1011,184,-1787,2,下位,0,0,0
458,458,0,1162,3355,0,0,0,671,507,-2276,2,下位,0,0,0
724,724,0,41,122,0,0,0,458,3355,399,4,下位,0,0,0
84,84,0,98,249,1,0,0,0,0,1,0,下位,0,0,0
482,482,0,349,821,0,0,0,84,249,125,2,下位,0,0,0
135,135,0,96,243,0,0,0,482,821,231,6,下位,0,0,0
506,506,0,37,110,0,0,0,135,243,274,2,下位,0,0,0
320,320,0,54,163,0,0,0,506,110,-367,1,下位,0,0,0
727,727,0,58,174,0,0,0,320,163,-679,1,下位,0,0,0
939,939,0,404,986,0,0,0,727,174,-1584,1,下位,0,0,0
218,218,0,39,118,0,0,0,939,986,-1991,6,下位,0,0,0
484,484,0,35,106,0,0,0,218,118,-2196,1,下位,0,0,0
168,168,0,226,544,0,0,0,484,106,-2808,1,下位,0,0,0
331,331,0,34,102,0,0,0,168,544,-2513,4,下位,0,0,0
187,187,0,41,124,0,0,0,331,102,-2902,1,下位,0,0,0
267,267,0,42,126,1,0,0,0,0,1,0,下位,0,0,0
42,42,0,346,860,0,0,0,267,126,-269,1,下位,0,0,0
665,665,0,39,118,0,0,0,42,860,529,5,下位,0,0,0
49,49,0,71,212,0,0,0,665,118,-340,1,下位,0,0,0
514,514,0,34,101,0,0,0,49,212,-201,1,下位,0,0,0
450,450,0,398,1058,0,0,0,514,101,-863,1,下位,0,0,0
163,163,0,93,235,0,0,0,450,1058,-473,4,下位,0,0,0
138,138,0,59,177,0,0,0,163,235,-480,2,下位,0,0,0
165,165,0,122,321,0,0,0,138,177,-508,1,下位,0,0,0
253,253,0,131,349,0,0,0,165,321,-432,2,下位,0,0,0
274,274,0,64,192,0,0,0,253,349,-458,2,下位,0,0,0
224,224,0,37,110,0,0,0,274,192,-673,1,下位,0,0,0
632,632,0,114,343,0,0,0,224,110,-895,1,下位,0,0,0
872,872,0,40,119,0,0,0,632,343,-1490,1,下位,0,0,0
879,879,0,194,537,0,0,0,872,119,-2665,1,下位,0,0,0
308,308,0,157,382,1,0,0,0,0,1,0,下位,0,0,0
90,90,0,41,123,0,0,0,308,382,-74,3,下位,0,0,0
201,201,0,106,273,0,0,0,90,123,-85,1,下位,0,0,0
938,938,0,284,715,0,0,0,201,273,-110,2,下位,0,0,0
95,95,0,167,502,0,0,0,938,715,-787,4,下位,0,0,0
300,300,0,39,117,0,0,0,95,502,-426,1,下位,0,0,0
194,194,0,182,500,0,0,0,300,117,-754,1,下位,0,0,0
436,436,0,49,148,0,0,0,194,500,-542,2,下位,0,0,0
159,159,0,105,315,0,0,0,436,148,-1041,1,下位,0,0,0
50,50,0,530,1545,0,0,0,159,315,-962,1,下位,0,0,0
427,427,0,198,548,0,0,0,50,1545,509,2,下位,0,0,0
189,189,0,269,670,0,0,0,427,548,423,2,下位,0,0,0
509,509,0,43,130,0,0,0,189,670,813,4,下位,0,0,0
104,104,0,43,129,1,0,0,0,0,1,0,下位,0,0,0
87,87,0,89,222,0,0,0,104,129,-24,1,下位,0,0,0
1009,1009,0,191,484,0,0,0,87,222,69,2,下位,0,0,0
137,137,0,295,749,0,0,0,1009,484,-944,3,下位,0,0,0
150,150,0,304,777,0,0,0,137,749,-398,4,下位,0,0,0
357,357,0,46,138,0,0,0,150,777,156,4,下位,0,0,0
170,170,0,224,581,0,0,0,357,138,-236,1,下位,0,0,0
120,120,0,332,863,0,0,0,170,581,93,3,下位,0,0,0
190,190,0,42,126,0,0,0,120,863,778,4,下位,0,0,0
824,824,0,49,148,0,0,0,190,126,622,1,下位,0,0,0
217,217,0,152,410,0,0,0,824,148,-453,1,下位,0,0,0
376,376,0,102,263,0,0,0,217,410,-365,2,下位,0,0,0
73,73,0,376,1128,0,0,0,376,263,-660,2,下位,0,0,0
133,133,0,116,305,0,0,0,73,1128,360,1,下位,0,0,0
34,34,0,55,164,0,0,0,133,305,468,2,下位,0,0,0
104,104,0,365,1005,0,0,0,34,164,582,1,下位,0,0,0
120,120,0,174,477,0,0,0,104,1005,1433,3,下位,0,0,0
234,234,0,102,261,0,0,0,120,477,1732,2,下位,0,0,0
156,156,0,41,124,0,0,0,234,261,1646,2,下位,0,0,0
192,192,0,92,232,1,0,0,0,0,1,0,下位,0,0,0
129,129,0,55,164,0,0,0,192,232,-52,2,下位,0,0,0
221,221,0,140,376,0,0,0,129,164,-79,1,下位,0,0,0
229,229,0,45,136,0,0,0,221,376,-31,2,下位,0,0,0
129,129,0,92,277,0,0,0,229,136,-235,1,下位,0,0,0
86,86,0,329,806,0,0,0,129,277,-149,1,下位,0,0,0
84,84,0,65,196,0,0,0,86,806,529,5,下位,0,0,0
411,411,0,80,241,0,0,0,84,196,600,1,下位,0,0,0
258,258,0,153,367,0,0,0,411,241,231,1,下位,0,0,0
225,225,0,310,797,0,0,0,258,367,215,3,下位,0,0,0
118,118,0,39,117,0,0,0,225,797,678,4,下位,0,0,0
317,317,0,96,287,0,0,0,118,117,620,1,下位,0,0,0
204,204,0,129,342,0,0,0,317,287,437,1,下位,0,0,0
192,192,0,44,132,0,0,0,204,342,476,2,下位,0,0,0
66,66,0,38,115,0,0,0,192,132,323,1,下位,0,0,0
410,410,0,135,405,0,0,0,66,115,340,1,下位,0,0,0
451,451,0,107,322,0,0,0,410,405,137,1,下位,0,0,0
361,361,0,169,508,0,0,0,451,322,-210,1,下位,0,0,0
378,378,0,85,210,0,0,0,361,508,-238,1,下位,0,0,0
351,351,0,39,118,0,0,0,378,210,-589,2,下位,0,0,0
210,210,0,82,202,0,0,0,351,118,-992,1,下位,0,0,0
346,346,0,113,293,0,0,0,210,202,-1102,2,下位,0,0,0
45,45,0,41,122,0,0,0,346,293,-1322,2,下位,0,0,0
41,41,0,34,103,0,0,0,45,122,-1267,1,下位,0,0,0
401,401,0,47,141,0,0,0,41,103,-1225,1,下位,0,0,0
385,385,0,41,122,0,0,0,401,141,-1679,1,下位,0,0,0
171,171,0,104,265,0,0,0,385,122,-2128,1,下位,0,0,0
138,138,0,39,118,1,0,0,0,0,1,0,下位,0,0,0
370,370,0,465,1171,0,0,0,138,118,-86,1,下位,0,0,0
117,117,0,84,208,0,0,0,370,1171,536,6,下位,0,0,0
172,172,0,148,353,0,0,0,117,208,570,2,下位,0,0,0
136,136,0,220,525,0,0,0,172,353,668,3,下位,0,0,0
492,492,0,41,123,0,0,0,136,525,991,4,下位,0,0,0
51,51,0,35,104,0,0,0,492,123,384,1,下位,0,0,0
76,76,0,80,240,0,0,0,51,104,412,1,下位,0,0,0
34,34,0,198,460,0,0,0,76,240,539,1,下位,0,0,0
148,148,0,59,177,0,0,0,34,460,949,4,下位,0,0,0
958,958,0,152,455,0,0,0,148,177,906,1,下位,0,0,0
880,880,0,103,265,0,0,0,958,455,-60,1,下位,0,0,0
502,502,0,53,159,0,0,0,880,265,-1101,2,下位,0,0,0
211,211,0,148,399,1,0,0,0,0,1,0,下位,0,0,0
597,597,0,55,165,0,0,0,211,399,87,2,下位,0,0,0
930,930,0,43,129,0,0,0,597,165,-634,1,下位,0,0,0
102,102,0,309,748,0,0,0,930,129,-1885,1,下位,0,0,0
170,170,0,35,104,0,0,0,102,748,-1288,5,下位,0,0,0
207,207,0,184,414,0,0,0,170,104,-1436,1,下位,0,0,0
828,828,0,66,199,0,0,0,207,414,-1329,4,下位,0,0,0
147,147,0,241,590,0,0,0,828,199,-2358,1,下位,0,0,0
477,477,0,40,121,0,0,0,147,590,-1986,4,下位,0,0,0
1012,1012,0,278,787,0,0,0,477,121,-2573,1,下位,0,0,0
585,585,0,129,386,0,0,0,1012,787,-3287,2,下位,0,0,0
512,512,0,50,151,1,0,0,0,0,1,0,下位,0,0,0
504,504,0,64,193,0,0,0,512,151,-608,1,下位,0,0,0
302,302,0,80,241,0,0,0,504,193,-1163,1,下位,0,0,0
698,698,0,186,512,0,0,0,302,241,-1370,1,下位,0,0,0
804,804,0,39,116,0,0,0,698,512,-1894,2,下位,0,0,0
1008,1008,0,34,103,0,0,0,804,116,-2971,1,下位,0,0,0
44,44,0,208,578,0,0,0,1008,103,-4364,1,下位,0,0,0
148,148,0,40,121,0,0,0,44,578,-3851,2,下位,0,0,0
397,397,0,431,1067,0,0,0,148,121,-3950,1,下位,0,0,0
155,155,0,174,478,0,0,0,397,1067,-3472,6,下位,0,0,0
111,111,0,155,377,0,0,0,155,478,-3224,2,下位,0,0,0
408,408,0,208,536,0,0,0,111,377,-3012,3,下位,0,0,0
445,445,0,170,418,0,0,0,408,536,-3081,3,下位,0,0,0
378,378,0,83,203,1,0,0,0,0,1,0,下位,0,0,0
1012,1012,0,561,1399,0,0,0,378,203,-357,2,下位,0,0,0
138,138,0,29,87,0,0,0,1012,1399,-459,7,上位,0,0,0
133,133,0,166,408,0,0,0,138,87,-577,1,下位,0,0,0
535,535,0,322,879,0,0,0,133,408,-366,3,下位,0,0,0
265,265,0,286,724,0,0,0,535,879,-281,3,下位,0,0,0
146,146,0,235,662,0,0,0,265,724,50,4,下位,0,0,0
189,189,0,160,434,0,0,0,146,662,495,2,下位,0,0,0
323,323,0,67,201,0,0,0,189,434,649,2,下位,0,0,0
86,86,0,288,818,0,0,0,323,201,371,1,下位,0,0,0
96,96,0,134,358,0,0,0,86,818,1061,2,下位,0,0,0
441,441,0,232,600,0,0,0,96,358,1277,2,下位,0,0,0
85,85,0,2117,5862,0,0,0,441,600,1223,3,下位,0,0,0
592,592,0,153,413,1,0,0,0,0,1,0,下位,0,0,0
201,201,0,382,921,0,0,0,592,413,-464,2,下位,0,0,0
117,117,0,144,386,0,0,0,201,921,159,6,下位,0,0,0
309,309,0,210,496,0,0,0,117,386,371,2,下位,0,0,0
209,209,0,277,698,0,0,0,309,496,409,4,下位,0,0,0
242,242,0,249,611,0,0,0,209,698,797,4,下位,0,0,0
109,109,0,48,144,0,0,0,242,611,1049,4,下位,0,0,0
97,97,0,34,102,0,0,0,109,144,1031,1,下位,0,0,0
499,499,0,106,274,0,0,0,97,102,989,1,下位,0,0,0
524,524,0,47,140,0,0,0,499,274,523,2,下位,0,0,0
342,342,0,65,196,0,0,0,524,140,-114,1,下位,0,0,0
797,797,0,66,197,0,0,0,342,196,-425,1,下位,0,0,0
320,320,0,47,141,0,0,0,797,197,-1410,1,下位,0,0,0
141,141,0,51,154,0,0,0,320,141,-1744,1,下位,0,0,0
124,124,0,40,122,0,0,0,141,154,-1799,1,下位,0,0,0
90,90,0,43,130,0,0,0,124,122,-1861,1,下位,0,0,0
396,396,0,56,167,0,0,0,90,130,-1865,1,下位,0,0,0
171,171,0,40,119,1,0,0,0,0,1,0,下位,0,0,0
249,249,0,48,144,0,0,0,171,119,-134,1,下位,0,0,0
160,160,0,45,137,0,0,0,249,144,-359,1,下位,0,0,0
566,566,0,143,385,0,0,0,160,137,-459,1,下位,0,0,0
430,430,0,37,111,0,0,0,566,385,-914,2,下位,0,0,0
95,95,0,38,115,0,0,0,430,111,-1441,1,下位,0,0,0
143,143,0,42,126,0,0,0,95,115,-1467,1,下位,0,0,0
236,236,0,339,974,0,0,0,143,126,-1553,1,下位,0,0,0
25,25,0,92,277,0,0,0,236,974,-929,2,下位,0,0,0
600,600,0,489,1244,0,0,0,25,277,-689,1,下位,0,0,0
152,152,0,195,541,0,0,0,600,1244,-335,6,下位,0,0,0
29,29,0,200,511,0,0,0,152,541,-20,2,下位,0,0,0
685,685,0,132,395,0,0,0,29,511,448,3,下位,0,0,0
679,679,0,304,736,0,0,0,685,395,-173,1,下位,0,0,0
153,153,0,133,398,0,0,0,679,736,-444,5,下位,0,0,0
443,443,0,93,278,0,0,0,153,398,-273,1,下位,0,0,0
837,837,0,65,194,0,0,0,443,278,-652,1,下位,0,0,0
196,196,0,135,407,1,0,0,0,0,1,0,下位,0,0,0
848,848,0,61,184,0,0,0,196,407,117,1,下位,0,0,0
121,121,0,53,160,0,0,0,848,184,-957,1,下位,0,0,0
858,858,0,35,104,0,0,0,121,160,-977,1,下位,0,0,0
153,153,0,79,193,0,0,0,858,104,-2146,1,下位,0,0,0
556,556,0,281,709,0,0,0,153,193,-2180,2,下位,0,0,0
758,758,0,771,2177,0,0,0,556,709,-2296,4,下位,0,0,0
837,837,0,260,600,0,0,0,758,2177,-1244,4,下位,0,0,0
175,175,0,114,299,0,0,0,837,600,-1886,5,下位,0,0,0
25,25,0,151,451,0,0,0,175,299,-1847,2,下位,0,0,0
164,164,0,222,578,0,0,0,25,451,-1433,1,下位,0,0,0
138,138,0,90,223,0,0,0,164,578,-1098,3,下位,0,0,0
372,372,0,290,731,0,0,0,138,223,-1080,2,下位,0,0,0
132,132,0,156,380,0,0,0,372,731,-901,4,下位,0,0,0
183,183,0,164,402,0,0,0,132,380,-717,3,下位,0,0,0
269,269,0,1010,2986,0,0,0,183,402,-587,3,下位,0,0,0
415,415,0,68,205,1,0,0,0,0,1,0,下位,0,0,0
211,211,0,83,204,0,0,0,415,205,-410,1,下位,0,0,0
315,315,0,171,471,0,0,0,211,204,-519,2,下位,0,0,0
429,429,0,114,342,0,0,0,315,471,-515,2,下位,0,0,0
179,179,0,228,550,0,0,0,429,342,-809,1,下位,0,0,0
107,107,0,933,2417,0,0,0,179,550,-525,4,下位,0,0,0
155,155,0,40,119,0,0,0,107,2417,281,9,上位,0,0,0
142,142,0,41,123,0,0,0,155,119,170,1,下位,0,0,0
201,201,0,42,125,0,0,0,142,123,82,1,下位,0,0,0
292,292,0,55,165,0,0,0,201,125,-91,1,下位,0,0,0
642,642,0,40,122,0,0,0,292,165,-359,1,下位,0,0,0
514,514,0,38,114,0,0,0,642,122,-1190,1,下位,0,0,0
173,173,0,97,248,0,0,0,514,114,-1839,1,下位,0,0,0
431,431,0,40,121,0,0,0,173,248,-1848,2,下位,0,0,0
187,187,0,377,906,0,0,0,431,121,-2366,1,下位,0,0,0
66,66,0,82,200,0,0,0,187,906,-1737,6,下位,0,0,0
483,483,0,36,108,0,0,0,66,200,-1635,2,下位,0,0,0
153,153,0,39,118,0,0,0,483,108,-2244,1,下位,0,0,0
93,93,0,57,170,0,0,0,153,118,-2353,1,下位,0,0,0
472,472,0,290,779,0,0,0,93,170,-2321,1,下位,0,0,0
222,222,0,38,115,0,0,0,472,779,-2242,3,下位,0,0,0
206,206,0,78,191,0,0,0,222,115,-2456,1,下位,0,0,0
18,18,0,58,175,1,0,0,0,0,1,0,下位,0,0,0
114,114,0,37,111,0,0,0,18,175,149,1,下位,0,0,0
456,456,0,36,110,0,0,0,114,111,91,1,下位,0,0,0
808,808,0,55,167,0,0,0,456,110,-476,1,下位,0,0,0
735,735,0,46,137,0,0,0,808,167,-1508,1,下位,0,0,0
613,613,0,371,982,0,0,0,735,137,-2462,1,下位,0,0,0
585,585,0,67,200,0,0,0,613,982,-2389,4,下位,0,0,0
382,382,0,250,706,0,0,0,585,200,-3057,1,下位,0,0,0
739,739,0,38,115,0,0,0,382,706,-2918,2,下位,0,0,0
144,144,0,196,546,0,0,0,739,115,-3899,1,下位,0,0,0
450,450,0,258,729,0,0,0,144,546,-3567,2,下位,0,0,0
459,459,0,263,698,0,0,0,450,729,-3506,2,下位,0,0,0
189,189,0,145,391,1,0,0,0,0,1,0,下位,0,0,0
157,157,0,71,215,0,0,0,189,391,112,2,下位,0,0,0
849,849,0,168,459,0,0,0,157,215,94,1,下位,0,0,0
362,362,0,100,300,0,0,0,849,459,-707,2,下位,0,0,0
422,422,0,687,1783,0,0,0,362,300,-944,1,下位,0,0,0
163,163,0,167,413,0,0,0,422,1783,213,7,上位,0,0,0
137,137,0,636,1727,0,0,0,163,413,384,3,下位,0,0,0
138,138,0,89,223,0,0,0,137,1727,1908,5,下位,0,0,0
838,838,0,192,486,0,0,0,138,223,1926,2,下位,0,0,0
517,517,0,157,424,0,0,0,838,486,1169,3,下位,0,0,0
570,570,0,45,134,0,0,0,517,424,826,2,下位,0,0,0
179,179,0,46,140,0,0,0,570,134,114,1,下位,0,0,0
69,69,0,45,136,0,0,0,179,140,-12,1,下位,0,0,0
155,155,0,35,106,0,0,0,69,136,22,1,下位,0,0,0
157,157,0,250,661,0,0,0,155,106,-102,1,下位,0,0,0
537,537,0,187,472,0,0,0,157,661,326,3,下位,0,0,0
326,326,0,525,1575,1,0,0,0,0,1,0,下位,0,0,0
47,47,0,237,578,0,0,0,326,1575,1092,1,下位,0,0,0
410,410,0,123,324,0,0,0,47,578,1600,4,下位,0,0,0
854,854,0,245,603,0,0,0,410,324,1316,2,下位,0,0,0
679,679,0,350,959,0,0,0,854,603,652,4,下位,0,0,0
697,697,0,41,123,0,0,0,679,959,604,3,下位,0,0,0
607,607,0,175,480,0,0,0,697,123,-307,1,下位,0,0,0
206,206,0,36,108,0,0,0,607,480,-728,2,下位,0,0,0
191,191,0,185,422,0,0,0,206,108,-926,1,下位,0,0,0
436,436,0,154,418,0,0,0,191,422,-787,4,下位,0,0,0
31,31,0,99,298,0,0,0,436,418,-1016,2,下位,0,0,0
834,834,0,71,214,0,0,0,31,298,-764,1,下位,0,0,0
383,383,0,550,1424,1,0,0,0,0,1,0,下位,0,0,0
104,104,0,236,619,0,0,0,383,1424,857,6,下位,0,0,0
470,470,0,175,436,0,0,0,104,619,1322,3,下位,0,0,0
145,145,0,567,1565,0,0,0,470,436,1061,3,下位,0,0,0
217,217,0,85,210,0,0,0,145,1565,2411,4,下位,0,0,0
127,127,0,48,142,0,0,0,217,210,91,2,下位,0,0,0
238,238,0,367,875,0,0,0,127,142,45,1,下位,0,0,0
137,137,0,81,199,0,0,0,238,875,567,6,下位,0,0,0
85,85,0,188,520,0,0,0,137,199,563,2,下位,0,0,0
555,555,0,147,352,0,0,0,85,520,957,2,下位,0,0,0
241,241,0,201,512,0,0,0,555,352,486,3,下位,0,0,0
582,582,0,159,432,0,0,0,241,512,640,3,下位,0,0,0
283,283,0,205,483,0,0,0,582,432,208,2,下位,0,0,0
89,89,0,188,475,0,0,0,283,483,271,4,下位,0,0,0
91,91,0,245,647,0,0,0,89,475,614,3,下位,0,0,0
59,59,0,227,547,0,0,0,91,647,1126,3,下位,0,0,0
113,113,0,265,660,0,0,0,59,547,1585,4,下位,0,0,0
657,657,0,39,118,0,0,0,113,660,2077,4,下位,0,0,0
435,435,0,469,1363,1,0,0,0,0,1,0,下位,0,0,0
683,683,0,44,133,0,0,0,435,1363,719,2,下位,0,0,0
199,199,0,38,115,0,0,0,683,133,-161,1,下位,0,0,0
200,200,0,424,1045,0,0,0,199,115,-341,1,下位,0,0,0
124,124,0,205,523,0,0,0,200,1045,407,6,下位,0,0,0
552,552,0,148,398,0,0,0,124,523,746,3,下位,0,0,0
438,438,0,41,123,0,0,0,552,398,325,2,下位,0,0,0
349,349,0,211,543,0,0,0,438,123,-202,1,下位,0,0,0
943,943,0,48,143,0,0,0,349,543,-177,3,下位,0,0,0
143,143,0,33,100,0,0,0,943,143,-1433,1,下位,0,0,0
453,453,0,34,102,1,0,0,0,0,1,0,下位,0,0,0
330,330,0,99,252,0,0,0,453,102,-569,1,下位,0,0,0
174,174,0,39,118,0,0,0,330,252,-807,2,下位,0,0,0
917,917,0,313,848,0,0,0,174,118,-947,1,下位,0,0,0
25,25,0,159,431,0,0,0,917,848,-1460,3,下位,0,0,0
330,330,0,150,361,0,0,0,25,431,-1066,2,下位,0,0,0
133,133,0,239,625,0,0,0,330,361,-1195,3,下位,0,0,0
283,283,0,187,471,0,0,0,133,625,-767,3,下位,0,0,0
124,124,0,148,356,0,0,0,283,471,-716,3,下位,0,0,0
164,164,0,194,494,0,0,0,124,356,-544,3,下位,0,0,0
161,161,0,33,99,0,0,0,164,494,-293,3,下位,0,0,0
987,987,0,309,746,0,0,0,161,99,-433,1,下位,0,0,0
165,165,0,206,574,1,0,0,0,0,1,0,下位,0,0,0
370,370,0,344,808,0,0,0,165,574,330,2,下位,0,0,0
162,162,0,151,362,0,0,0,370,808,589,6,下位,0,0,0
944,944,0,441,1234,0,0,0,162,362,711,3,下位,0,0,0
116,116,0,190,437,0,0,0,944,1234,544,3,下位,0,0,0
288,288,0,247,604,0,0,0,116,437,809,4,下位,0,0,0
126,126,0,286,770,0,0,0,288,604,986,4,下位,0,0,0
154,154,0,176,396,0,0,0,126,770,1569,3,下位,0,0,0
247,247,0,34,101,0,0,0,154,396,1737,4,下位,0,0,0
162,162,0,37,112,0,0,0,247,101,1472,1,下位,0,0,0
536,536,0,434,1166,0,0,0,162,112,1344,1,下位,0,0,0
445,445,0,43,131,0,0,0,536,1166,1715,4,下位,0,0,0
329,329,0,218,564,0,0,0,445,131,1186,1,下位,0,0,0
396,396,0,111,287,0,0,0,329,564,1262,3,下位,0,0,0
436,436,0,104,267,1,0,0,0,0,1,0,下位,0,0,0
284,284,0,400,975,0,0,0,436,267,-379,2,下位,0,0,0
166,166,0,115,301,0,0,0,284,975,175,6,下位,0,0,0
100,100,0,108,325,0,0,0,166,301,230,2,下位,0,0,0
637,637,0,485,1365,0,0,0,100,325,407,1,下位,0,0,0
274,274,0,241,636,0,0,0,637,1365,827,3,下位,0,0,0
36,36,0,79,235,0,0,0,274,636,1056,3,下位,0,0,0
72,72,0,185,509,0,0,0,36,235,1238,1,下位,0,0,0
185,185,0,213,550,0,0,0,72,509,1640,2,下位,0,0,0
727,727,0,53,160,0,0,0,185,550,1916,3,下位,0,0,0
883,883,0,64,191,0,0,0,727,160,997,1,下位,0,0,0
153,153,0,98,249,0,0,0,883,191,-122,1,下位,0,0,0
219,219,0,502,1226,0,0,0,153,249,-100,2,下位,0,0,0
79,79,0,145,343,0,0,0,219,1226,283,7,上位,0,0,0
141,141,0,216,515,0,0,0,79,343,509,3,下位,0,0,0
197,197,0,223,626,0,0,0,141,515,815,4,下位,0,0,0
485,485,0,49,147,1,0,0,0,0,1,0,下位,0,0,0
561,561,0,35,106,0,0,0,485,147,-572,1,下位,0,0,0
179,179,0,57,172,0,0,0,561,106,-1298,1,下位,0,0,0
630,630,0,127,337,0,0,0,179,172,-1392,1,下位,0,0,0
116,116,0,276,693,0,0,0,630,337,-1990,2,下位,0,0,0
1015,1015,0,54,162,0,0,0,116,693,-1469,4,下位,0,0,0
99,99,0,113,296,0,0,0,1015,162,-2813,1,下位,0,0,0
393,393,0,42,126,0,0,0,99,296,-2664,2,下位,0,0,0
523,523,0,42,127,0,0,0,393,126,-3121,1,下位,0,0,0
198,198,0,82,245,0,0,0,523,127,-3770,1,下位,0,0,0
204,204,0,648,1944,0,0,0,198,245,-3819,1,下位,0,0,0
86,86,0,1079,2907,0,0,0,204,1944,-2178,1,下位,0,0,0
511,511,0,76,226,1,0,0,0,0,1,0,下位,0,0,0
194,194,0,47,142,0,0,0,511,226,-531,1,下位,0,0,0
306,306,0,70,211,0,0,0,194,142,-677,1,下位,0,0,0
222,222,0,1381,3863,0,0,0,306,211,-920,1,下位,0,0,0
211,211,0,156,379,0,0,0,222,3863,1167,7,上位,0,0,0
409,409,0,191,483,0,0,0,211,379,1233,3,下位,0,0,0
117,117,0,409,1042,0,0,0,409,483,1109,3,下位,0,0,0
864,864,0,226,587,0,0,0,117,1042,1977,5,下位,0,0,0
537,537,0,99,297,0,0,0,864,587,1282,3,下位,0,0,0
822,822,0,1277,3550,0,0,0,537,297,782,1,下位,0,0,0
109,109,0,86,214,0,0,0,822,3550,880,7,上位,0,0,0
47,47,0,102,260,1,0,0,0,0,1,0,下位,0,0,0
536,536,0,52,156,0,0,0,47,260,191,2,下位,0,0,0
942,942,0,148,399,0,0,0,536,156,-448,1,下位,0,0,0
236,236,0,461,1294,0,0,0,942,399,-1447,2,下位,0,0,0
334,334,0,214,507,0,0,0,236,1294,-503,3,下位,0,0,0
467,467,0,414,1018,0,0,0,334,507,-492,4,下位,0,0,0
201,201,0,157,383,0,0,0,467,1018,-167,6,下位,0,0,0
361,361,0,706,1939,0,0,0,201,383,-82,3,下位,0,0,0
378,378,0,40,118,0,0,0,361,1939,1321,5,下位,0,0,0
81,81,0,270,672,0,0,0,378,118,878,1,下位,0,0,0
164,164,0,52,155,0,0,0,81,672,1430,4,下位,0,0,0
233,233,0,108,278,0,0,0,164,155,1342,1,下位,0,0,0
132,132,0,41,123,0,0,0,233,278,1274,2,下位,0,0,0
241,241,0,37,110,0,0,0,132,123,1201,1,下位,0,0,0
841,841,0,201,559,0,0,0,241,110,953,1,下位,0,0,0
542,542,0,253,666,1,0,0,0,0,1,0,下位,0,0,0
672,672,0,767,1971,0,0,0,542,666,-137,3,下位,0,0,0
165,165,0,91,230,0,0,0,672,1971,295,8,上位,0,0,0
449,449,0,101,257,0,0,0,165,230,280,2,下位,0,0,0
254,254,0,223,578,0,0,0,449,257,-129,2,下位,0,0,0
695,695,0,43,130,0,0,0,254,578,72,3,下位,0,0,0
514,514,0,107,276,0,0,0,695,130,-829,1,下位,0,0,0
185,185,0,487,1239,0,0,0,514,276,-1316,2,下位,0,0,0
116,116,0,441,1187,0,0,0,185,1239,-351,6,下位,0,0,0
128,128,0,38,115,1,0,0,0,0,1,0,下位,0,0,0
313,313,0,96,245,0,0,0,128,115,-74,1,下位,0,0,0
123,123,0,83,250,0,0,0,313,245,-293,2,下位,0,0,0
59,59,0,99,297,0,0,0,123,250,-225,1,下位,0,0,0
246,246,0,216,512,0,0,0,59,297,-16,1,下位,0,0,0
137,137,0,290,646,0,0,0,246,512,131,4,下位,0,0,0
115,115,0,283,805,0,0,0,137,646,574,6,下位,0,0,0
174,174,0,619,1749,0,0,0,115,805,1208,2,下位,0,0,0
100,100,0,130,345,0,0,0,174,1749,376,3,下位,0,0,0
202,202,0,63,189,0,0,0,100,345,573,2,下位,0,0,0
213,213,0,79,236,0,0,0,202,189,462,1,下位,0,0,0
189,189,0,38,115,0,0,0,213,236,382,1,下位,0,0,0
189,189,0,128,337,0,0,0,189,115,217,1,下位,0,0,0
139,139,0,86,215,0,0,0,189,337,274,2,下位,0,0,0
326,326,0,42,127,0,0,0,139,215,283,2,下位,0,0,0
152,152,0,618,1674,0,0,0,326,127,-74,1,下位,0,0,0
88,88,0,39,116,0,0,0,152,1674,1374,5,下位,0,0,0
192,192,0,42,127,0,0,0,88,116,1359,1,下位,0,0,0
649,649,0,53,158,0,0,0,192,127,1201,1,下位,0,0,0
272,272,0,59,177,0,0,0,649,158,396,1,下位,0,0,0
425,425,0,108,277,0,0,0,272,177,169,1,下位,0,0,0
363,363,0,65,196,0,0,0,425,277,-185,2,下位,0,0,0
170,170,0,34,102,0,0,0,363,196,-528,1,下位,0,0,0
137,137,0,376,903,1,0,0,0,0,1,0,下位,0,0,0
129,129,0,348,911,0,0,0,137,903,701,6,下位,0,0,0
387,387,0,148,400,0,0,0,129,911,1421,4,下位,0,0,0
122,122,0,122,323,0,0,0,387,400,1247,2,下位,0,0,0
111,111,0,100,255,0,0,0,122,323,1389,2,下位,0,0,0
312,312,0,147,394,0,0,0,111,255,1479,2,下位,0,0,0
731,731,0,98,249,0,0,0,312,394,1410,2,下位,0,0,0
711,711,0,87,261,0,0,0,731,249,574,2,下位,0,0,0
742,742,0,261,696,0,0,0,711,261,-220,1,下位,0,0,0
796,796,0,49,148,0,0,0,742,696,-625,3,下位,0,0,0
215,215,0,146,349,0,0,0,796,148,-1658,1,下位,0,0,0
606,606,0,48,143,0,0,0,215,349,-1628,3,下位,0,0,0
172,172,0,358,896,0,0,0,606,143,-2384,1,下位,0,0,0
303,303,0,37,112,1,0,0,0,0,1,0,下位,0,0,0
134,134,0,86,213,0,0,0,303,112,-337,1,下位,0,0,0
379,379,0,132,306,0,0,0,134,213,-323,2,下位,0,0,0
632,632,0,837,2231,0,0,0,379,306,-579,3,下位,0,0,0
174,174,0,273,818,0,0,0,632,2231,607,7,上位,0,0,0
41,41,0,248,608,0,0,0,174,818,1167,1,下位,0,0,0
72,72,0,193,536,0,0,0,41,608,1714,4,下位,0,0,0
76,76,0,698,1901,0,0,0,72,536,2143,2,下位,0,0,0
125,125,0,93,233,0,0,0,76,1901,1496,5,下位,0,0,0
583,583,0,262,697,0,0,0,125,233,1544,2,下位,0,0,0
570,570,0,35,105,0,0,0,583,697,1376,3,下位,0,0,0
218,218,0,35,105,0,0,0,570,105,635,1,下位,0,0,0
834,834,0,201,512,0,0,0,218,105,417,1,下位,0,0,0
236,236,0,51,154,0,0,0,834,512,-308,3,下位,0,0,0
405,405,0,486,1237,0,0,0,236,154,-504,1,下位,0,0,0
153,153,0,132,395,1,0,0,0,0,1,0,下位,0,0,0
208,208,0,302,770,0,0,0,153,395,169,1,下位,0,0,0
623,623,0,64,194,0,0,0,208,770,630,4,下位,0,0,0
563,563,0,205,525,0,0,0,623,194,-100,1,下位,0,0,0
761,761,0,158,473,0,0,0,563,525,-410,3,下位,0,0,0
98,98,0,43,130,0,0,0,761,473,-1066,1,下位,0,0,0
446,446,0,43,128,0,0,0,98,130,-1081,1,下位,0,0,0
451,451,0,167,503,0,0,0,446,128,-1615,1,下位,0,0,0
825,825,0,37,110,0,0,0,451,503,-1781,1,下位,0,0,0
387,387,0,174,433,0,0,0,825,110,-2895,1,下位,0,0,0
779,779,0,62,186,0,0,0,387,433,-3036,3,下位,0,0,0
589,589,0,41,122,0,0,0,779,186,-4006,1,下位,0,0,0
497,497,0,42,125,1,0,0,0,0,1,0,下位,0,0,0
109,109,0,46,137,0,0,0,497,125,-611,1,下位,0,0,0
432,432,0,164,402,0,0,0,109,137,-636,1,下位,0,0,0
79,79,0,295,795,0,0,0,432,402,-875,3,下位,0,0,0
345,345,0,200,554,0,0,0,79,795,-197,3,下位,0,0,0
117,117,0,39,118,0,0,0,345,554,-155,2,下位,0,0,0
739,739,0,140,375,0,0,0,117,118,-211,1,下位,0,0,0
100,100,0,43,128,0,0,0,739,375,-932,2,下位,0,0,0
280,280,0,38,114,0,0,0,100,128,-952,1,下位,0,0,0
554,554,0,57,171,0,0,0,280,114,-1253,1,下位,0,0,0
867,867,0,132,352,0,0,0,554,171,-1904,1,下位,0,0,0
436,436,0,98,294,0,0,0,867,352,-2838,2,下位,0,0,0
438,438,0,280,704,0,0,0,436,294,-3191,1,下位,0,0,0
412,412,0,157,428,1,0,0,0,0,1,0,下位,0,0,0
543,543,0,92,231,0,0,0,412,428,-182,2,下位,0,0,0
57,57,0,84,207,0,0,0,543,231,-757,2,下位,0,0,0
568,568,0,47,141,0,0,0,57,207,-635,2,下位,0,0,0
90,90,0,79,237,0,0,0,568,141,-1337,1,下位,0,0,0
196,196,0,149,403,0,0,0,90,237,-1234,1,下位,0,0,0
782,782,0,156,423,0,0,0,196,403,-1122,2,下位,0,0,0
330,330,0,60,181,0,0,0,782,423,-1859,2,下位,0,0,0
280,280,0,102,260,0,0,0,330,181,-2168,1,下位,0,0,0
89,89,0,92,278,0,0,0,280,260,-2323,2,下位,0,0,0
473,473,0,35,104,0,0,0,89,278,-2177,1,下位,0,0,0
696,696,0,231,556,0,0,0,473,104,-2775,1,下位,0,0,0
123,123,0,623,1688,0,0,0,696,556,-3252,4,下位,0,0,0
549,549,0,141,379,1,0,0,0,0,1,0,下位,0,0,0
1008,1008,0,43,127,0,0,0,549,379,-435,2,下位,0,0,0
537,537,0,158,428,0,0,0,1008,127,-1804,1,下位,0,0,0
833,833,0,175,435,0,0,0,537,428,-2173,2,下位,0,0,0
110,110,0,82,202,0,0,0,833,435,-2974,3,下位,0,0,0
226,226,0,162,398,0,0,0,110,202,-2935,2,下位,0,0,0
1017,1017,0,149,448,0,0,0,226,398,-2872,3,下位,0,0,0
530,530,0,416,1026,0,0,0,1017,448,-3933,1,下位,0,0,0
145,145,0,90,227,0,0,0,530,1026,-3693,6,下位,0,0,0
344,344,0,1040,2935,1,0,0,0,0,1,0,下位,0,0,0
189,189,0,83,204,0,0,0,344,2935,219,5,下位,0,0,0
573,573,0,297,802,0,0,0,189,204,143,2,下位,0,0,0
100,100,0,466,1222,0,0,0,573,802,95,3,下位,0,0,0
202,202,0,221,569,0,0,0,100,1222,1169,5,下位,0,0,0
940,940,0,67,202,0,0,0,202,569,1438,3,下位,0,0,0
188,188,0,80,241,0,0,0,940,202,245,1,下位,0,0,0
137,137,0,89,221,0,0,0,188,241,207,1,下位,0,0,0
161,161,0,100,257,0,0,0,137,221,225,2,下位,0,0,0
505,505,0,88,217,0,0,0,161,257,243,2,下位,0,0,0
316,316,0,43,130,0,0,0,505,217,-289,2,下位,0,0,0
288,288,0,40,122,0,0,0,316,130,-628,1,下位,0,0,0
273,273,0,58,175,0,0,0,288,122,-933,1,下位,0,0,0
424,424,0,37,111,1,0,0,0,0,1,0,下位,0,0,0
212,212,0,34,102,0,0,0,424,111,-517,1,下位,0,0,0
419,419,0,39,116,0,0,0,212,102,-730,1,下位,0,0,0
304,304,0,344,899,0,0,0,419,116,-1236,1,下位,0,0,0
467,467,0,148,400,0,0,0,304,899,-788,4,下位,0,0,0
455,455,0,53,158,0,0,0,467,400,-1081,2,下位,0,0,0
205,205,0,101,260,0,0,0,455,158,-1598,1,下位,0,0,0
259,259,0,116,303,0,0,0,205,260,-1642,2,下位,0,0,0
184,184,0,40,121,0,0,0,259,303,-1723,2,下位,0,0,0
363,363,0,394,1139,0,0,0,184,121,-1875,1,下位,0,0,0
157,157,0,144,388,0,0,0,363,1139,-1275,2,下位,0,0,0
153,153,0,458,1241,0,0,0,157,388,-1120,2,下位,0,0,0
564,564,0,180,496,0,0,0,153,1241,-106,4,下位,0,0,0
164,164,0,39,116,0,0,0,564,496,-447,2,下位,0,0,0
510,510,0,63,189,1,0,0,0,0,1,0,下位,0,0,0
190,190,0,388,938,0,0,0,510,189,-567,1,下位,0,0,0
51,51,0,29,87,0,0,0,190,938,89,6,下位,0,0,0
392,392,0,82,247,0,0,0,51,87,100,1,下位,0,0,0
346,346,0,57,171,0,0,0,392,247,-235,1,下位,0,0,0
472,472,0,142,336,0,0,0,346,171,-577,1,下位,0,0,0
355,355,0,204,523,0,0,0,472,336,-941,3,下位,0,0,0
725,725,0,399,971,0,0,0,355,523,-945,3,下位,0,0,0
157,157,0,476,1382,0,0,0,725,971,-1050,6,下位,0,0,0
724,724,0,446,1112,0,0,0,157,1382,99,2,下位,0,0,0
177,177,0,36,110,0,0,0,724,1112,137,6,下位,0,0,0
225,225,0,49,148,1,0,0,0,0,1,0,下位,0,0,0
334,334,0,164,402,0,0,0,225,148,-185,1,下位,0,0,0
950,950,0,303,818,0,0,0,334,402,-279,3,下位,0,0,0
368,368,0,505,1336,0,0,0,950,818,-870,3,下位,0,0,0
103,103,0,348,819,0,0,0,368,1336,-80,5,下位,0,0,0
142,142,0,59,177,0,0,0,103,819,586,6,下位,0,0,0
338,338,0,56,169,0,0,0,142,177,552,1,下位,0,0,0
754,754,0,385,975,0,0,0,338,169,220,1,下位,0,0,0
342,342,0,38,113,0,0,0,754,975,76,5,下位,0,0,0
348,348,0,96,290,0,0,0,342,113,-318,1,下位,0,0,0
191,191,0,42,127,0,0,0,348,290,-544,1,下位,0,0,0
652,652,0,147,395,0,0,0,191,127,-700,1,下位,0,0,0
42,42,0,313,807,1,0,0,0,0,1,0,下位,0,0,0
94,94,0,141,332,0,0,0,42,807,746,4,下位,0,0,0
420,420,0,113,294,0,0,0,94,332,939,3,下位,0,0,0
879,879,0,49,148,0,0,0,420,294,610,2,下位,0,0,0
723,723,0,220,522,0,0,0,879,148,-546,1,下位,0,0,0
77,77,0,48,145,0,0,0,723,522,-1097,4,下位,0,0,0
323,323,0,46,140,0,0,0,77,145,-1066,1,下位,0,0,0
154,154,0,105,272,0,0,0,323,140,-1405,1,下位,0,0,0
166,166,0,45,136,0,0,0,154,272,-1361,2,下位,0,0,0
704,704,0,310,749,0,0,0,166,136,-1471,1,下位,0,0,0
474,474,0,248,610,1,0,0,0,0,1,0,下位,0,0,0
142,142,0,331,904,0,0,0,474,610,-92,4,下位,0,0,0
251,251,0,133,354,0,0,0,142,904,601,3,下位,0,0,0
158,158,0,212,547,0,0,0,251,354,583,2,下位,0,0,0
200,200,0,184,463,0,0,0,158,547,896,3,下位,0,0,0
159,159,0,371,1068,0,0,0,200,463,1062,3,下位,0,0,0
35,35,0,92,233,0,0,0,159,1068,1894,2,下位,0,0,0
850,850,0,58,175,0,0,0,35,233,2075,2,下位,0,0,0
707,707,0,434,1074,0,0,0,850,175,989,1,下位,0,0,0
148,148,0,135,360,0,0,0,707,1074,1014,6,下位,0,0,0
430,430,0,180,452,0,0,0,148,360,1154,2,下位,0,0,0
319,319,0,38,115,0,0,0,430,452,968,3,下位,0,0,0
159,159,0,220,571,0,0,0,319,115,610,1,下位,0,0,0
800,800,0,35,105,0,0,0,159,571,945,3,下位,0,0,0
590,590,0,104,267,0,0,0,800,105,-137,1,下位,0,0,0
344,344,0,38,114,0,0,0,590,267,-745,2,下位,0,0,0
331,331,0,102,262,1,0,0,0,0,1,0,下位,0,0,0
171,171,0,265,660,0,0,0,331,262,-228,2,下位,0,0,0
760,760,0,77,231,0,0,0,171,660,178,4,下位,0,0,0
539,539,0,49,147,0,0,0,760,231,-719,1,下位,0,0,0
150,150,0,45,134,0,0,0,539,147,-1372,1,下位,0,0,0
302,302,0,266,708,0,0,0,150,134,-1461,1,下位,0,0,0
408,408,0,115,301,0,0,0,302,708,-1201,3,下位,0,0,0
157,157,0,36,107,0,0,0,408,301,-1505,2,下位,0,0,0
572,572,0,63,190,0,0,0,157,107,-1631,1,下位,0,0,0
147,147,0,109,282,0,0,0,572,190,-2290,1,下位,0,0,0
582,582,0,177,486,0,0,0,147,282,-2226,2,下位,0,0,0
494,494,0,262,699,0,0,0,582,486,-2604,2,下位,0,0,0
544,544,0,234,612,1,0,0,0,0,1,0,下位,0,0,0
566,566,0,636,1772,0,0,0,544,612,-194,3,下位,0,0,0
167,167,0,174,432,0,0,0,566,1772,738,4,下位,0,0,0
87,87,0,159,388,0,0,0,167,432,922,3,下位,0,0,0
776,776,0,98,249,0,0,0,87,388,1181,3,下位,0,0,0
128,128,0,88,218,0,0,0,776,249,279,2,下位,0,0,0
619,619,0,92,229,0,0,0,128,218,307,2,下位,0,0,0
211,211,0,104,266,0,0,0,619,229,-382,2,下位,0,0,0
375,375,0,114,297,0,0,0,211,266,-429,2,下位,0,0,0
537,537,0,164,448,0,0,0,375,297,-688,2,下位,0,0,0
570,570,0,316,901,0,0,0,537,448,-1037,2,下位,0,0,0
124,124,0,130,343,0,0,0,570,901,-982,2,下位,0,0,0
341,341,0,216,603,0,0,0,124,343,-823,2,下位,0,0,0
202,202,0,79,237,1,0,0,0,0,1,0,下位,0,0,0
308,308,0,46,138,0,0,0,202,237,-62,1,下位,0,0,0
54,54,0,317,815,0,0,0,308,138,-381,1,下位,0,0,0
209,209,0,309,747,0,0,0,54,815,354,4,下位,0,0,0
738,738,0,88,220,0,0,0,209,747,791,5,下位,0,0,0
529,529,0,34,103,0,0,0,738,220,-84,2,下位,0,0,0
175,175,0,134,314,0,0,0,529,103,-766,1,下位,0,0,0
535,535,0,35,104,0,0,0,175,314,-712,3,下位,0,0,0
618,618,0,84,251,0,0,0,535,104,-1402,1,下位,0,0,0
115,115,0,202,514,0,0,0,618,251,-2068,1,下位,0,0,0
383,383,0,53,160,0,0,0,115,514,-1725,3,下位,0,0,0
250,250,0,65,196,0,0,0,383,160,-2133,1,下位,0,0,0
780,780,0,260,647,0,0,0,250,196,-2308,1,下位,0,0,0
402,402,0,260,642,0,0,0,780,647,-2818,4,下位,0,0,0
276,276,0,47,140,1,0,0,0,0,1,0,下位,0,0,0
309,309,0,84,251,0,0,0,276,140,-268,1,下位,0,0,0
435,435,0,157,424,0,0,0,309,251,-475,1,下位,0,0,0
285,285,0,122,320,0,0,0,435,424,-696,2,下位,0,0,0
26,26,0,35,104,0,0,0,285,320,-799,2,下位,0,0,0
131,131,0,194,537,0,0,0,26,104,-734,1,下位,0,0,0
43,43,0,920,2531,0,0,0,131,537,-391,2,下位,0,0,0
137,137,0,45,136,0,0,0,43,2531,2076,6,下位,0,0,0
994,994,0,153,414,0,0,0,137,136,2009,1,下位,0,0,0
176,176,0,152,411,0,0,0,994,414,948,2,下位,0,0,0
949,949,0,95,239,0,0,0,176,411,1098,2,下位,0,0,0
69,69,0,145,391,0,0,0,949,239,-71,2,下位,0,0,0
165,165,0,78,235,0,0,0,69,391,218,2,下位,0,0,0
759,759,0,35,106,0,0,0,165,235,208,1,下位,0,0,0
63,63,0,73,218,0,0,0,759,106,-812,1,下位,0,0,0
177,177,0,83,250,0,0,0,63,218,-687,1,下位,0,0,0
537,537,0,536,1331,0,0,0,177,250,-700,1,下位,0,0,0
337,337,0,57,170,1,0,0,0,0,1,0,下位,0,0,0
70,70,0,204,569,0,0,0,337,170,-329,1,下位,0,0,0
189,189,0,155,421,0,0,0,70,569,136,2,下位,0,0,0
231,231,0,42,125,0,0,0,189,421,277,2,下位,0,0,0
90,90,0,37,111,0,0,0,231,125,59,1,下位,0,0,0
246,246,0,722,1888,0,0,0,90,111,36,1,下位,0,0,0
137,137,0,42,126,0,0,0,246,1888,436,7,上位,0,0,0
296,296,0,43,130,0,0,0,137,126,359,1,下位,0,0,0
332,332,0,192,486,0,0,0,296,130,50,1,下位,0,0,0
446,446,0,88,218,0,0,0,332,486,43,3,下位,0,0,0
236,236,0,40,121,0,0,0,446,218,-401,2,下位,0,0,0
325,325,0,52,155,0,0,0,236,121,-630,1,下位,0,0,0
230,230,0,169,418,0,0,0,325,155,-957,1,下位,0,0,0
280,280,0,35,106,0,0,0,230,418,-880,3,下位,0,0,0
1008,1008,0,86,215,0,0,0,280,106,-1189,1,下位,0,0,0
255,255,0,95,285,0,0,0,1008,215,-2470,2,下位,0,0,0
113,113,0,68,204,0,0,0,255,285,-2563,1,下位,0,0,0
402,402,0,33,100,0,0,0,113,204,-2527,1,下位,0,0,0
499,499,0,35,105,0,0,0,402,100,-3023,1,下位,0,0,0
288,288,0,74,223,0,0,0,499,105,-3658,1,下位,0,0,0
208,208,0,35,105,0,0,0,288,223,-3862,1,下位,0,0,0
251,251,0,162,441,1,0,0,0,0,1,0,下位,0,0,0
754,754,0,92,231,0,0,0,251,441,70,2,下位,0,0,0
843,843,0,57,171,0,0,0,754,231,-818,2,下位,0,0,0
366,366,0,96,287,0,0,0,843,171,-1898,1,下位,0,0,0
121,121,0,162,442,0,0,0,366,287,-2154,1,下位,0,0,0
768,768,0,344,942,0,0,0,121,442,-1892,2,下位,0,0,0
223,223,0,305,868,0,0,0,768,942,-2089,3,下位,0,0,0
410,410,0,173,386,0,0,0,223,868,-1552,2,下位,0,0,0
154,154,0,218,562,0,0,0,410,386,-1774,4,下位,0,0,0
419,419,0,1418,3870,0,0,0,154,562,-1440,3,下位,0,0,0
87,87,0,187,470,0,0,0,419,3870,811,9,上位,0,0,0
443,443,0,137,364,0,0,0,87,470,1152,3,下位,0,0,0
820,820,0,78,233,0,0,0,443,364,859,2,下位,0,0,0
92,92,0,449,1121,1,0,0,0,0,1,0,下位,0,0,0
195,195,0,76,184,0,0,0,92,1121,986,6,下位,0,0,0
472,472,0,315,901,0,0,0,195,184,881,2,下位,0,0,0
652,652,0,261,737,0,0,0,472,901,1082,2,下位,0,0,0
295,295,0,98,294,0,0,0,652,737,852,2,下位,0,0,0
417,417,0,39,116,0,0,0,295,294,708,1,下位,0,0,0
163,163,0,88,263,0,0,0,417,116,205,1,下位,0,0,0
191,191,0,37,111,0,0,0,163,263,226,1,下位,0,0,0
425,425,0,37,112,0,0,0,191,111,54,1,下位,0,0,0
102,102,0,104,265,0,0,0,425,112,-465,1,下位,0,0,0
624,624,0,209,492,0,0,0,102,265,-351,2,下位,0,0,0
124,124,0,42,126,0,0,0,624,492,-785,4,下位,0,0,0
131,131,0,40,119,0,0,0,124,126,-843,1,下位,0,0,0
81,81,0,35,104,0,0,0,131,119,-918,1,下位,0,0,0
390,390,0,71,212,0,0,0,81,104,-934,1,下位,0,0,0
151,151,0,316,903,0,0,0,390,212,-1301,1,下位,0,0,0
664,664,0,166,408,0,0,0,151,903,-622,2,下位,0,0,0
190,190,0,44,132,1,0,0,0,0,1,0,下位,0,0,0
772,772,0,582,1525,0,0,0,190,132,-149,1,下位,0,0,0
120,120,0,169,418,0,0,0,772,1525,231,6,下位,0,0,0
559,559,0,150,361,0,0,0,120,418,471,3,下位,0,0,0
198,198,0,262,697,0,0,0,559,361,3,3,下位,0,0,0
252,252,0,34,102,0,0,0,198,697,406,3,下位,0,0,0
98,98,0,369,928,0,0,0,252,102,134,1,下位,0,0,0
507,507,0,80,194,0,0,0,98,928,917,5,下位,0,0,0
24,24,0,331,858,0,0,0,507,194,359,2,下位,0,0,0
152,152,0,61,183,0,0,0,24,858,1181,4,下位,0,0,0
236,236,0,78,235,0,0,0,152,183,1138,1,下位,0,0,0
197,197,0,475,1426,0,0,0,236,235,1023,1,下位,0,0,0
91,91,0,36,108,0,0,0,197,1426,2157,1,下位,0,0,0
130,130,0,1251,3421,0,0,0,91,108,2130,1,下位,0,0,0
142,142,0,67,201,0,0,0,130,3421,499,8,上位,0,0,0
210,210,0,90,225,1,0,0,0,0,1,0,下位,0,0,0
530,530,0,178,490,0,0,0,210,225,-86,2,下位,0,0,0
371,371,0,44,132,0,0,0,530,490,-382,2,下位,0,0,0
371,371,0,90,269,0,0,0,371,132,-800,1,下位,0,0,0
28,28,0,37,111,0,0,0,371,269,-1081,1,下位,0,0,0
895,895,0,127,336,0,0,0,28,111,-1012,1,下位,0,0,0
455,455,0,55,165,0,0,0,895,336,-2004,2,下位,0,0,0
482,482,0,37,112,0,0,0,455,165,-2514,1,下位,0,0,0
368,368,0,83,205,0,0,0,482,112,-3117,1,下位,0,0,0
268,268,0,608,1545,0,0,0,368,205,-3458,2,下位,0,0,0
161,161,0,175,392,0,0,0,268,1545,-2311,7,上位,0,0,0
145,145,0,178,489,0,0,0,161,392,-2158,4,下位,0,0,0
78,78,0,299,808,0,0,0,145,489,-1884,2,下位,0,0,0
318,318,0,75,224,0,0,0,78,808,-1192,3,下位,0,0,0
92,92,0,74,223,0,0,0,318,224,-1440,1,下位,0,0,0
245,245,0,36,108,0,0,0,92,223,-1353,1,下位,0,0,0
178,178,0,87,261,0,0,0,245,108,-1609,1,下位,0,0,0
769,769,0,56,168,0,0,0,178,261,-1612,1,下位,0,0,0
187,187,0,200,555,1,0,0,0,0,1,0,下位,0,0,0
331,331,0,38,113,0,0,0,187,555,279,2,下位,0,0,0
161,161,0,99,254,0,0,0,331,113,-99,1,下位,0,0,0
596,596,0,48,145,0,0,0,161,254,-84,2,下位,0,0,0
381,381,0,232,653,0,0,0,596,145,-823,1,下位,0,0,0
24,24,0,35,106,0,0,0,381,653,-735,2,下位,0,0,0
188,188,0,81,198,0,0,0,24,106,-665,1,下位,0,0,0
79,79,0,35,106,0,0,0,188,198,-746,2,下位,0,0,0
48,48,0,58,174,0,0,0,79,106,-757,1,下位,0,0,0
611,611,0,57,172,0,0,0,48,174,-654,1,下位,0,0,0
296,296,0,82,245,0,0,0,611,172,-1389,1,下位,0,0,0
239,239,0,123,326,0,0,0,296,245,-1583,1,下位,0,0,0
141,141,0,368,876,0,0,0,239,326,-1612,2,下位,0,0,0
91,91,0,131,347,0,0,0,141,876,-945,6,下位,0,0,0
542,542,0,170,511,0,0,0,91,347,-733,2,下位,0,0,0
471,471,0,58,173,0,0,0,542,511,-1026,1,下位,0,0,0
160,160,0,37,111,0,0,0,471,173,-1552,1,下位,0,0,0
189,189,0,497,1265,0,0,0,160,111,-1678,1,下位,0,0,0
95,95,0,202,513,0,0,0,189,1265,-693,6,下位,0,0,0
280,280,0,201,513,0,0,0,95,513,-321,3,下位,0,0,0
236,236,0,171,424,0,0,0,280,513,-223,3,下位,0,0,0
167,167,0,328,757,0,0,0,236,424,-149,3,下位,0,0,0
568,568,0,43,128,1,0,0,0,0,1,0,下位,0,0,0
342,342,0,36,108,0,0,0,568,128,-714,1,下位,0,0,0
225,225,0,158,430,0,0,0,342,108,-1113,1,下位,0,0,0
129,129,0,1277,3556,0,0,0,225,430,-1017,2,下位,0,0,0
176,176,0,174,475,0,0,0,129,3556,2348,7,上位,0,0,0
100,100,0,37,109,0,0,0,176,475,156,2,下位,0,0,0
134,134,0,190,522,0,0,0,100,109,117,1,下位,0,0,0
359,359,0,331,858,0,0,0,134,522,440,2,下位,0,0,0
675,675,0,101,305,0,0,0,359,858,765,4,下位,0,0,0
173,173,0,107,273,0,0,0,675,305,69,1,下位,0,0,0
480,480,0,40,119,0,0,0,173,273,85,2,下位,0,0,0
68,68,0,271,768,0,0,0,480,119,-508,1,下位,0,0,0
132,132,0,46,139,0,0,0,68,768,159,2,下位,0,0,0
370,370,0,161,483,0,0,0,132,139,102,1,下位,0,0,0
396,396,0,314,755,0,0,0,370,483,36,1,下位,0,0,0
247,247,0,151,364,0,0,0,396,755,203,5,下位,0,0,0
227,227,0,132,352,0,0,0,247,364,201,3,下位,0,0,0
546,546,0,338,922,1,0,0,0,0,1,0,下位,0,0,0
265,265,0,570,1620,0,0,0,546,922,113,3,下位,0,0,0
32,32,0,253,670,0,0,0,265,1620,1340,3,下位,0,0,0
930,930,0,100,300,0,0,0,32,670,1963,3,下位,0,0,0
737,737,0,194,536,0,0,0,930,300,883,1,下位,0,0,0
351,351,0,323,787,0,0,0,737,536,326,2,下位,0,0,0
635,635,0,137,411,0,0,0,351,787,592,5,下位,0,0,0
803,803,0,44,132,0,0,0,635,411,61,1,下位,0,0,0
128,128,0,200,601,0,0,0,803,132,-998,1,下位,0,0,0
113,113,0,39,118,0,0,0,128,601,-587,1,下位,0,0,0
121,121,0,40,121,0,0,0,113,118,-637,1,下位,0,0,0
128,128,0,301,768,0,0,0,121,121,-696,1,下位,0,0,0
118,118,0,637,1634,0,0,0,128,768,-118,4,下位,0,0,0
318,318,0,111,289,1,0,0,0,0,1,0,下位,0,0,0
393,393,0,89,224,0,0,0,318,289,-182,2,下位,0,0,0
653,653,0,99,253,0,0,0,393,224,-541,2,下位,0,0,0
436,436,0,40,122,0,0,0,653,253,-1257,2,下位,0,0,0
153,153,0,33,100,0,0,0,436,122,-1782,1,下位,0,0,0
433,433,0,74,222,0,0,0,153,100,-1909,1,下位,0,0,0
126,126,0,329,854,0,0,0,433,222,-2329,1,下位,0,0,0
27,27,0,37,112,0,0,0,126,854,-1662,4,下位,0,0,0
355,355,0,218,565,0,0,0,27,112,-1590,1,下位,0,0,0
350,350,0,54,161,0,0,0,355,565,-1552,3,下位,0,0,0
139,139,0,48,143,0,0,0,350,161,-1910,1,下位,0,0,0
326,326,0,43,128,0,0,0,139,143,-1973,1,下位,0,0,0
27,27,0,36,107,0,0,0,326,128,-2329,1,下位,0,0,0
196,196,0,45,133,0,0,0,27,107,-2262,1,下位,0,0,0
201,201,0,50,150,0,0,0,196,133,-2420,1,下位,0,0,0
170,170,0,38,114,0,0,0,201,150,-2568,1,下位,0,0,0
150,150,0,367,924,0,0,0,170,114,-2706,1,下位,0,0,0
400,400,0,154,417,0,0,0,150,924,-2005,5,下位,0,0,0
367,367,0,260,644,0,0,0,400,417,-2181,2,下位,0,0,0
269,269,0,115,301,0,0,0,367,644,-2082,4,下位,0,0,0
108,108,0,80,197,0,0,0,269,301,-2180,2,下位,0,0,0
152,152,0,82,199,0,0,0,108,197,-2143,2,下位,0,0,0
258,258,0,139,373,0,0,0,152,199,-2170,2,下位,0,0,0
375,375,0,45,135,0,0,0,258,373,-2180,2,下位,0,0,0
144,144,0,58,173,1,0,0,0,0,1,0,下位,0,0,0
89,89,0,112,336,0,0,0,144,173,-40,1,下位,0,0,0
118,118,0,938,2536,0,0,0,89,336,164,1,下位,0,0,0
122,122,0,255,722,0,0,0,118,2536,1442,7,上位,0,0,0
819,819,0,194,493,0,0,0,122,722,1983,2,下位,0,0,0
651,651,0,43,128,0,0,0,819,493,1261,3,下位,0,0,0
267,267,0,48,146,0,0,0,651,128,423,1,下位,0,0,0
225,225,0,34,102,0,0,0,267,146,173,1,下位,0,0,0
453,453,0,39,118,0,0,0,225,102,-59,1,下位,0,0,0
762,762,0,360,991,0,0,0,453,118,-613,1,下位,0,0,0
687,687,0,538,1479,0,0,0,762,991,-753,3,下位,0,0,0
565,565,0,99,253,1,0,0,0,0,1,0,下位,0,0,0
406,406,0,41,124,0,0,0,565,253,-584,2,下位,0,0,0
838,838,0,40,121,0,0,0,406,124,-1062,1,下位,0,0,0
88,88,0,159,432,0,0,0,838,121,-2184,1,下位,0,0,0
124,124,0,40,120,0,0,0,88,432,-1883,2,下位,0,0,0
512,512,0,269,672,0,0,0,124,120,-1947,1,下位,0,0,0
452,452,0,402,1161,0,0,0,512,672,-2035,4,下位,0,0,0
620,620,0,141,377,0,0,0,452,1161,-1545,2,下位,0,0,0
195,195,0,300,765,0,0,0,620,377,-2088,2,下位,0,0,0
464,464,0,340,840,0,0,0,195,765,-1612,4,下位,0,0,0
400,400,0,99,252,0,0,0,464,840,-1460,5,下位,0,0,0
150,150,0,422,1083,0,0,0,400,252,-1801,2,下位,0,0,0
29,29,0,165,452,0,0,0,150,1083,-941,5,下位,0,0,0
476,476,0,1080,2965,1,0,0,0,0,1,0,下位,0,0,0
77,77,0,45,136,0,0,0,476,2965,1022,7,上位,0,0,0
146,146,0,91,228,0,0,0,77,136,1044,1,下位,0,0,0
241,241,0,38,113,0,0,0,146,228,1055,2,下位,0,0,0
396,396,0,40,118,0,0,0,241,113,810,1,下位,0,0,0
453,453,0,205,569,0,0,0,396,118,340,1,下位,0,0,0
591,591,0,111,287,0,0,0,453,569,237,2,下位,0,0,0
170,170,0,39,118,0,0,0,591,287,-353,2,下位,0,0,0
841,841,0,243,684,0,0,0,170,118,-487,1,下位,0,0,0
462,462,0,128,339,0,0,0,841,684,-1051,2,下位,0,0,0
714,714,0,39,117,0,0,0,462,339,-1397,2,下位,0,0,0
397,397,0,78,189,0,0,0,714,117,-2339,1,下位,0,0,0
76,76,0,244,732,1,0,0,0,0,1,0,下位,0,0,0
125,125,0,37,112,0,0,0,76,732,620,1,下位,0,0,0
215,215,0,247,607,0,0,0,125,112,547,1,下位,0,0,0
194,194,0,912,2345,0,0,0,215,607,835,4,下位,0,0,0
159,159,0,57,170,0,0,0,194,2345,352,9,上位,0,0,0
413,413,0,201,514,0,0,0,159,170,286,1,下位,0,0,0
388,388,0,34,103,0,0,0,413,514,187,3,下位,0,0,0
135,135,0,77,186,0,0,0,388,103,-286,1,下位,0,0,0
910,910,0,86,212,0,0,0,135,186,-300,2,下位,0,0,0
863,863,0,76,228,0,0,0,910,212,-1438,2,下位,0,0,0
426,426,0,43,128,0,0,0,863,228,-2490,1,下位,0,0,0
145,145,0,591,1496,1,0,0,0,0,1,0,下位,0,0,0
146,146,0,54,161,0,0,0,145,1496,677,7,上位,0,0,0
697,697,0,34,103,0,0,0,146,161,621,1,下位,0,0,0
387,387,0,72,215,0,0,0,697,103,-310,1,下位,0,0,0
158,158,0,116,303,0,0,0,387,215,-669,1,下位,0,0,0
404,404,0,113,296,0,0,0,158,303,-600,2,下位,0,0,0
108,108,0,34,104,0,0,0,404,296,-903,2,下位,0,0,0
764,764,0,105,315,0,0,0,108,104,-959,1,下位,0,0,0
100,100,0,157,382,0,0,0,764,315,-1778,1,下位,0,0,0
320,320,0,45,135,0,0,0,100,382,-1544,3,下位,0,0,0
513,513,0,147,349,0,0,0,320,135,-1884,1,下位,0,0,0
378,378,0,134,311,0,0,0,513,349,-2296,3,下位,0,0,0
491,491,0,36,109,0,0,0,378,311,-2546,3,下位,0,0,0
837,837,0,408,1178,0,0,0,491,109,-3165,1,下位,0,0,0
417,417,0,173,474,1,0,0,0,0,1,0,下位,0,0,0
1010,1010,0,518,1335,0,0,0,417,474,-144,2,下位,0,0,0
206,206,0,196,453,0,0,0,1010,1335,-308,6,下位,0,0,0
150,150,0,207,485,0,0,0,206,453,-161,4,下位,0,0,0
111,111,0,647,1764,0,0,0,150,485,101,4,下位,0,0,0
799,799,0,48,144,0,0,0,111,1764,1700,5,下位,0,0,0
146,146,0,37,112,0,0,0,799,144,659,1,下位,0,0,0
151,151,0,120,316,0,0,0,146,112,554,1,下位,0,0,0
574,574,0,82,202,0,0,0,151,316,646,2,下位,0,0,0
140,140,0,144,386,0,0,0,574,202,-4,2,下位,0,0,0
73,73,0,46,138,0,0,0,140,386,174,2,下位,0,0,0
898,898,0,98,294,0,0,0,73,138,204,1,下位,0,0,0
573,573,0,97,290,1,0,0,0,0,1,0,下位,0,0,0
162,162,0,94,237,0,0,0,573,290,-559,1,下位,0,0,0
624,624,0,164,491,0,0,0,162,237,-562,2,下位,0,0,0
450,450,0,62,186,0,0,0,624,491,-997,1,下位,0,0,0
805,805,0,54,161,0,0,0,450,186,-1479,1,下位,0,0,0
972,972,0,467,1178,0,0,0,805,161,-2512,1,下位,0,0,0
216,216,0,90,223,0,0,0,972,1178,-2776,6,下位,0,0,0
1010,1010,0,62,186,0,0,0,216,223,-2873,2,下位,0,0,0
533,533,0,156,469,0,0,0,1010,186,-4186,1,下位,0,0,0
148,148,0,189,523,1,0,0,0,0,1,0,下位,0,0,0
811,811,0,44,131,0,0,0,148,523,304,2,下位,0,0,0
659,659,0,94,237,0,0,0,811,131,-768,1,下位,0,0,0
930,930,0,42,125,0,0,0,659,237,-1509,2,下位,0,0,0
515,515,0,816,2404,0,0,0,930,125,-2764,1,下位,0,0,0
427,427,0,37,113,0,0,0,515,2404,-1124,2,下位,0,0,0
140,140,0,63,188,0,0,0,427,113,-1645,1,下位,0,0,0
157,157,0,98,249,0,0,0,140,188,-1665,1,下位,0,0,0
319,319,0,176,481,0,0,0,157,249,-1649,2,下位,0,0,0
287,287,0,43,129,0,0,0,319,481,-1641,2,下位,0,0,0
241,241,0,76,228,0,0,0,287,129,-1938,1,下位,0,0,0
90,90,0,364,865,0,0,0,241,228,-2068,1,下位,0,0,0
126,126,0,383,1013,1,0,0,0,0,1,0,下位,0,0,0
635,635,0,237,665,0,0,0,126,1013,827,4,下位,0,0,0
123,123,0,430,1065,0,0,0,635,665,550,2,下位,0,0,0
152,152,0,400,1111,0,0,0,123,1065,1433,6,下位,0,0,0
139,139,0,34,102,0,0,0,152,1111,2318,3,下位,0,0,0
675,675,0,1429,4013,0,0,0,139,102,2214,1,下位,0,0,0
145,145,0,93,279,0,0,0,675,4013,282,6,下位,0,0,0
112,112,0,215,602,0,0,0,145,279,346,1,下位,0,0,0
783,783,0,46,138,0,0,0,112,602,782,2,下位,0,0,0
608,608,0,331,900,0,0,0,783,138,-242,1,下位,0,0,0
47,47,0,35,105,0,0,0,608,900,-244,3,下位,0,0,0
234,234,0,1336,3674,0,0,0,47,105,-209,1,下位,0,0,0
360,360,0,38,115,1,0,0,0,0,1,0,下位,0,0,0
171,171,0,243,637,0,0,0,360,115,-418,1,下位,0,0,0
195,195,0,130,345,0,0,0,171,637,-35,3,下位,0,0,0
870,870,0,441,1188,0,0,0,195,345,21,2,下位,0,0,0
108,108,0,87,218,0,0,0,870,1188,-82,4,下位,0,0,0
277,277,0,734,1868,0,0,0,108,218,-24,2,下位,0,0,0
120,120,0,42,126,0,0,0,277,1868,367,8,上位,0,0,0
91,91,0,42,126,0,0,0,120,126,315,1,下位,0,0,0
401,401,0,70,209,0,0,0,91,126,306,1,下位,0,0,0
530,530,0,159,431,0,0,0,401,209,-80,1,下位,0,0,0
184,184,0,60,179,0,0,0,530,431,-435,2,下位,0,0,0
229,229,0,126,333,0,0,0,184,179,-529,1,下位,0,0,0
272,272,0,115,300,0,0,0,229,333,-536,2,下位,0,0,0
677,677,0,53,159,0,0,0,272,300,-640,2,下位,0,0,0
247,247,0,211,545,0,0,0,677,159,-1485,1,下位,0,0,0
477,477,0,98,250,1,0,0,0,0,1,0,下位,0,0,0
456,456,0,57,170,0,0,0,477,250,-457,2,下位,0,0,0
607,607,0,95,239,0,0,0,456,170,-964,1,下位,0,0,0
157,157,0,42,126,0,0,0,607,239,-1626,2,下位,0,0,0
746,746,0,145,434,0,0,0,157,126,-1733,1,下位,0,0,0
132,132,0,44,131,0,0,0,746,434,-2406,1,下位,0,0,0
39,39,0,33,100,0,0,0,132,131,-2471,1,下位,0,0,0
361,361,0,35,106,0,0,0,39,100,-2429,1,下位,0,0,0
226,226,0,265,659,0,0,0,361,106,-2859,1,下位,0,0,0
403,403,0,208,534,0,0,0,226,659,-2535,4,下位,0,0,0
275,275,0,122,323,0,0,0,403,534,-2599,3,下位,0,0,0
833,833,0,71,214,0,0,0,275,323,-2684,2,下位,0,0,0
755,755,0,1351,3720,0,0,0,833,214,-3706,1,下位,0,0,0
158,158,0,36,109,0,0,0,755,3720,-1106,8,上位,0,0,0
146,146,0,107,322,0,0,0,158,109,-1231,1,下位,0,0,0
126,126,0,104,313,1,0,0,0,0,1,0,下位,0,0,0
365,365,0,102,260,0,0,0,126,313,127,1,下位,0,0,0
204,204,0,120,316,0,0,0,365,260,-155,2,下位,0,0,0
837,837,0,261,643,0,0,0,204,316,-142,2,下位,0,0,0
179,179,0,108,279,0,0,0,837,643,-741,4,下位,0,0,0
167,167,0,212,591,0,0,0,179,279,-728,2,下位,0,0,0
235,235,0,142,381,0,0,0,167,591,-385,2,下位,0,0,0
414,414,0,130,391,0,0,0,235,381,-353,2,下位,0,0,0
819,819,0,303,731,0,0,0,414,391,-576,1,下位,0,0,0
131,131,0,112,292,0,0,0,819,731,-1060,5,下位,0,0,0
130,130,0,36,108,0,0,0,131,292,-962,2,下位,0,0,0
370,370,0,267,666,0,0,0,130,108,-1047,1,下位,0,0,0
190,190,0,100,256,0,0,0,370,666,-930,4,下位,0,0,0
334,334,0,137,368,1,0,0,0,0,1,0,下位,0,0,0
772,772,0,98,293,0,0,0,334,368,-127,2,下位,0,0,0
96,96,0,35,106,0,0,0,772,293,-979,1,下位,0,0,0
208,208,0,37,110,0,0,0,96,106,-1015,1,下位,0,0,0
247,247,0,235,571,0,0,0,208,110,-1214,1,下位,0,0,0
790,790,0,339,837,0,0,0,247,571,-1009,4,下位,0,0,0
205,205,0,103,265,0,0,0,790,837,-1344,5,下位,0,0,0
64,64,0,36,107,0,0,0,205,265,-1383,2,下位,0,0,0
139,139,0,81,198,0,0,0,64,107,-1371,1,下位,0,0,0
815,815,0,341,977,0,0,0,139,198,-1379,2,下位,0,0,0
189,189,0,66,199,0,0,0,815,977,-1611,2,下位,0,0,0
656,656,0,146,394,0,0,0,189,199,-1692,1,下位,0,0,0
243,243,0,81,199,0,0,0,656,394,-2271,2,下位,0,0,0
138,138,0,46,139,0,0,0,243,199,-2433,2,下位,0,0,0
130,130,0,138,369,0,0,0,138,139,-2499,1,下位,0,0,0
89,89,0,39,116,0,0,0,130,369,-2323,2,下位,0,0,0
433,433,0,191,485,1,0,0,0,0,1,0,下位,0,0,0
331,331,0,357,845,0,0,0,433,485,-156,3,下位,0,0,0
60,60,0,242,592,0,0,0,331,845,198,6,下位,0,0,0
403,403,0,317,907,0,0,0,60,592,701,4,下位,0,0,0
485,485,0,162,396,0,0,0,403,907,1010,2,下位,0,0,0
137,137,0,182,410,0,0,0,485,396,686,3,下位,0,0,0
159,159,0,194,449,0,0,0,137,410,893,4,下位,0,0,0
611,611,0,100,299,0,0,0,159,449,1106,4,下位,0,0,0
204,204,0,421,1128,0,0,0,611,299,498,1,下位,0,0,0
212,212,0,107,278,0,0,0,204,1128,1323,4,下位,0,0,0
532,532,0,124,327,0,0,0,212,278,1286,2,下位,0,0,0
860,860,0,52,157,0,0,0,532,327,824,2,下位,0,0,0
145,145,0,50,151,0,0,0,860,157,-295,1,下位,0,0,0
301,301,0,102,260,1,0,0,0,0,1,0,下位,0,0,0
333,333,0,269,717,0,0,0,301,260,-186,2,下位,0,0,0
96,96,0,759,1997,0,0,0,333,717,37,3,下位,0,0,0
128,128,0,132,397,0,0,0,96,1997,943,7,上位,0,0,0
306,306,0,118,309,0,0,0,128,397,1150,1,下位,0,0,0
1012,1012,0,108,325,0,0,0,306,309,1005,2,下位,0,0,0
759,759,0,179,493,0,0,0,1012,325,-171,1,下位,0,0,0
635,635,0,103,310,0,0,0,759,493,-804,2,下位,0,0,0
115,115,0,66,198,0,0,0,635,310,-1436,1,下位,0,0,0
879,879,0,45,135,0,0,0,115,198,-1409,1,下位,0,0,0
930,930,0,51,152,0,0,0,879,135,-2578,1,下位,0,0,0
97,97,0,228,593,0,0,0,930,152,-3806,1,下位,0,0,0
151,151,0,49,147,1,0,0,0,0,1,0,下位,0,0,0
546,546,0,472,1191,0,0,0,151,147,-76,1,下位,0,0,0
123,123,0,157,471,0,0,0,546,1191,305,6,下位,0,0,0
121,121,0,228,590,0,0,0,123,471,594,1,下位,0,0,0
93,93,0,155,421,0,0,0,121,590,1004,3,下位,0,0,0
374,374,0,295,703,0,0,0,93,421,1287,2,下位,0,0,0
24,24,0,246,603,0,0,0,374,703,1435,5,下位,0,0,0
141,141,0,676,1935,0,0,0,24,603,2002,4,下位,0,0,0
120,120,0,117,304,0,0,0,141,1935,3728,3,下位,0,0,0
462,462,0,115,298,0,0,0,120,304,293,2,下位,0,0,0
61,61,0,203,474,0,0,0,462,298,-94,2,下位,0,0,0
28,28,0,103,310,0,0,0,61,474,289,4,下位,0,0,0
479,479,0,57,170,0,0,0,28,310,557,1,下位,0,0,0
484,484,0,91,274,0,0,0,479,170,16,1,下位,0,0,0
167,167,0,38,114,0,0,0,484,274,-428,1,下位,0,0,0
319,319,0,41,123,0,0,0,167,114,-562,1,下位,0,0,0
171,171,0,53,159,0,0,0,319,123,-912,1,下位,0,0,0
732,732,0,75,224,0,0,0,171,159,-1007,1,下位,0,0,0
133,133,0,92,232,1,0,0,0,0,1,0,下位,0,0,0
145,145,0,158,384,0,0,0,133,232,36,2,下位,0,0,0
108,108,0,348,820,0,0,0,145,384,205,3,下位,0,0,0
150,150,0,367,923,0,0,0,108,820,865,6,下位,0,0,0
340,340,0,134,359,0,0,0,150,923,1565,5,下位,0,0,0
136,136,0,139,372,0,0,0,340,359,1420,2,下位,0,0,0
458,458,0,233,610,0,0,0,136,372,1590,2,下位,0,0,0
323,323,0,36,110,0,0,0,458,610,1520,3,下位,0,0,0
674,674,0,140,375,0,0,0,323,110,1151,1,下位,0,0,0
408,408,0,58,174,1,0,0,0,0,1,0,下位,0,0,0
286,286,0,1027,3034,0,0,0,408,174,-430,1,下位,0,0,0
132,132,0,35,105,0,0,0,286,3034,2180,2,下位,0,0,0
230,230,0,790,2173,0,0,0,132,105,2089,1,下位,0,0,0
122,122,0,46,139,0,0,0,230,2173,1612,5,下位,0,0,0
186,186,0,105,314,0,0,0,122,139,1570,1,下位,0,0,0
78,78,0,39,116,0,0,0,186,314,1608,1,下位,0,0,0
31,31,0,96,243,0,0,0,78,116,1608,1,下位,0,0,0
168,168,0,820,2178,0,0,0,31,243,1805,2,下位,0,0,0
162,162,0,426,1233,0,0,0,168,2178,1065,7,上位,0,0,0
136,136,0,226,585,0,0,0,162,1233,2058,2,下位,0,0,0
152,152,0,325,930,0,0,0,136,585,126,3,下位,0,0,0
218,218,0,50,150,0,0,0,152,930,830,2,下位,0,0,0
121,121,0,1558,4450,0,0,0,218,150,657,1,下位,0,0,0
106,106,0,191,483,0,0,0,121,4450,286,5,下位,0,0,0
141,141,0,42,127,0,0,0,106,483,612,3,下位,0,0,0
177,177,0,36,107,0,0,0,141,127,530,1,下位,0,0,0
79,79,0,36,110,0,0,0,177,107,374,1,下位,0,0,0
128,128,0,283,711,0,0,0,79,110,367,1,下位,0,0,0
618,618,0,62,186,1,0,0,0,0,1,0,下位,0,0,0
433,433,0,239,671,0,0,0,618,186,-730,1,下位,0,0,0
205,205,0,734,1925,0,0,0,433,671,-701,2,下位,0,0,0
21,21,0,120,315,0,0,0,205,1925,418,7,上位,0,0,0
171,171,0,41,124,0,0,0,21,315,702,2,下位,0,0,0
167,167,0,36,108,0,0,0,171,124,572,1,下位,0,0,0
277,277,0,724,1892,0,0,0,167,108,432,1,下位,0,0,0
109,109,0,34,102,0,0,0,277,1892,814,7,上位,0,0,0
200,200,0,97,244,0,0,0,109,102,754,1,下位,0,0,0
224,224,0,115,301,0,0,0,200,244,701,2,下位,0,0,0
218,218,0,89,221,0,0,0,224,301,670,2,下位,0,0,0
328,328,0,181,497,0,0,0,218,221,568,2,下位,0,0,0
122,122,0,37,112,0,0,0,328,497,578,2,下位,0,0,0
135,135,0,85,209,0,0,0,122,112,509,1,下位,0,0,0
126,126,0,243,639,0,0,0,135,209,518,2,下位,0,0,0
619,619,0,346,947,1,0,0,0,0,1,0,下位,0,0,0
143,143,0,42,125,0,0,0,619,947,30,3,下位,0,0,0
465,465,0,62,186,0,0,0,143,125,-57,1,下位,0,0,0
557,557,0,147,349,0,0,0,465,186,-561,1,下位,0,0,0
291,291,0,41,124,0,0,0,557,349,-1038,3,下位,0,0,0
133,133,0,40,119,0,0,0,291,124,-1346,1,下位,0,0,0
204,204,0,37,110,0,0,0,133,119,-1424,1,下位,0,0,0
82,82,0,348,907,0,0,0,204,110,-1617,1,下位,0,0,0
670,670,0,140,375,0,0,0,82,907,-832,4,下位,0,0,0
408,408,0,122,367,1,0,0,0,0,1,0,下位,0,0,0
234,234,0,60,180,0,0,0,408,367,-237,1,下位,0,0,0
205,205,0,36,107,0,0,0,234,180,-404,1,下位,0,0,0
163,163,0,338,926,0,0,0,205,107,-601,1,下位,0,0,0
173,173,0,83,206,0,0,0,163,926,83,3,下位,0,0,0
507,507,0,696,2045,0,0,0,173,206,32,2,下位,0,0,0
32,32,0,37,110,0,0,0,507,2045,1325,2,下位,0,0,0
270,270,0,366,961,0,0,0,32,110,1388,1,下位,0,0,0
289,289,0,1433,4137,0,0,0,270,961,1948,4,下位,0,0,0
154,154,0,107,276,0,0,0,289,4137,526,4,下位,0,0,0
87,87,0,114,342,0,0,0,154,276,574,2,下位,0,0,0
180,180,0,128,341,0,0,0,87,342,787,1,下位,0,0,0
349,349,0,309,792,0,0,0,180,341,861,2,下位,0,0,0
337,337,0,68,205,1,0,0,0,0,1,0,下位,0,0,0
384,384,0,140,378,0,0,0,337,205,-294,1,下位,0,0,0
620,620,0,251,617,0,0,0,384,378,-486,2,下位,0,0,0
194,194,0,164,447,0,0,0,620,617,-789,4,下位,0,0,0
771,771,0,88,216,0,0,0,194,447,-630,2,下位,0,0,0
61,61,0,58,174,0,0,0,771,216,-1558,2,下位,0,0,0
611,611,0,41,123,0,0,0,61,174,-1475,1,下位,0,0,0
93,93,0,48,145,0,0,0,611,123,-2259,1,下位,0,0,0
149,149,0,67,201,0,0,0,93,145,-2252,1,下位,0,0,0
565,565,0,160,436,0,0,0,149,201,-2272,1,下位,0,0,0
650,650,0,110,286,0,0,0,565,436,-2674,2,下位,0,0,0
608,608,0,319,777,0,0,0,650,286,-3352,2,下位,0,0,0
187,187,0,138,368,0,0,0,608,777,-3477,5,下位,0,0,0
554,554,0,41,124,1,0,0,0,0,1,0,下位,0,0,0
735,735,0,337,784,0,0,0,554,124,-697,1,下位,0,0,0
171,171,0,35,105,0,0,0,735,784,-1004,6,下位,0,0,0
189,189,0,55,166,0,0,0,171,105,-1153,1,下位,0,0,0
460,460,0,77,231,0,0,0,189,166,-1267,1,下位,0,0,0
642,642,0,35,105,0,0,0,460,231,-1718,1,下位,0,0,0
164,164,0,139,372,0,0,0,642,105,-2566,1,下位,0,0,0
208,208,0,180,496,0,0,0,164,372,-2437,2,下位,0,0,0
222,222,0,88,221,0,0,0,208,496,-2250,2,下位,0,0,0
985,985,0,108,324,0,0,0,222,221,-2358,2,下位,0,0,0
179,179,0,52,156,0,0,0,985,324,-3495,1,下位,0,0,0
300,300,0,60,181,0,0,0,179,156,-3605,1,下位,0,0,0
161,161,0,110,286,0,0,0,300,181,-3869,1,下位,0,0,0
304,304,0,398,971,0,0,0,161,286,-3822,2,下位,0,0,0
79,79,0,48,144,1,0,0,0,0,1,0,下位,0,0,0
93,93,0,75,226,0,0,0,79,144,28,1,下位,0,0,0
605,605,0,63,189,0,0,0,93,226,116,1,下位,0,0,0
362,362,0,281,755,0,0,0,605,189,-593,1,下位,0,0,0
244,244,0,36,107,0,0,0,362,755,-375,3,下位,0,0,0
141,141,0,33,100,0,0,0,244,107,-630,1,下位,0,0,0
568,568,0,79,236,0,0,0,141,100,-739,1,下位,0,0,0
912,912,0,457,1235,0,0,0,568,236,-1346,1,下位,0,0,0
350,350,0,100,254,0,0,0,912,1235,-1464,4,下位,0,0,0
646,646,0,292,743,0,0,0,350,254,-1729,2,下位,0,0,0
488,488,0,309,837,0,0,0,646,743,-1944,4,下位,0,0,0
128,128,0,83,203,1,0,0,0,0,1,0,下位,0,0,0
289,289,0,303,768,0,0,0,128,203,14,2,下位,0,0,0
177,177,0,108,280,0,0,0,289,768,353,4,下位,0,0,0
58,58,0,59,177,0,0,0,177,280,370,2,下位,0,0,0
337,337,0,138,369,0,0,0,58,177,461,1,下位,0,0,0
163,163,0,209,583,0,0,0,337,369,330,2,下位,0,0,0
27,27,0,35,106,0,0,0,163,583,671,2,下位,0,0,0
275,275,0,104,267,0,0,0,27,106,737,1,下位,0,0,0
118,118,0,42,125,0,0,0,275,267,596,2,下位,0,0,0
101,101,0,182,547,0,0,0,118,125,546,1,下位,0,0,0
92,92,0,202,473,0,0,0,101,547,943,1,下位,0,0,0
268,268,0,203,518,0,0,0,92,473,1280,4,下位,0,0,0
427,427,0,42,127,0,0,0,268,518,1400,3,下位,0,0,0
92,92,0,172,383,0,0,0,427,127,893,1,下位,0,0,0
213,213,0,70,210,0,0,0,92,383,1140,4,下位,0,0,0
124,124,0,40,121,0,0,0,213,210,1034,1,下位,0,0,0
116,116,0,53,160,0,0,0,124,121,971,1,下位,0,0,0
195,195,0,95,240,0,0,0,116,160,959,1,下位,0,0,0
428,428,0,39,116,0,0,0,195,240,910,2,下位,0,0,0
443,443,0,401,1158,0,0,0,428,116,391,1,下位,0,0,0
687,687,0,107,276,0,0,0,443,1158,892,2,下位,0,0,0
159,159,0,86,257,0,0,0,687,276,149,2,下位,0,0,0
303,303,0,129,341,0,0,0,159,257,170,1,下位,0,0,0
173,173,0,219,567,0,0,0,303,341,61,2,下位,0,0,0
221,221,0,41,124,1,0,0,0,0,1,0,下位,0,0,0
794,794,0,50,149,0,0,0,221,124,-203,1,下位,0,0,0
475,475,0,216,605,0,0,0,794,149,-1232,1,下位,0,0,0
318,318,0,133,308,0,0,0,475,605,-1332,2,下位,0,0,0
217,217,0,162,398,0,0,0,318,308,-1496,3,下位,0,0,0
219,219,0,34,103,0,0,0,217,398,-1420,3,下位,0,0,0
345,345,0,103,309,0,0,0,219,103,-1642,1,下位,0,0,0
570,570,0,49,146,0,0,0,345,309,-1845,1,下位,0,0,0
799,799,0,330,811,0,0,0,570,146,-2545,1,下位,0,0,0
188,188,0,104,311,0,0,0,799,811,-2919,5,下位,0,0,0
109,109,0,39,117,0,0,0,188,311,-2887,1,下位,0,0,0
246,246,0,84,252,0,0,0,109,117,-2932,1,下位,0,0,0
347,347,0,101,258,0,0,0,246,252,-3045,1,下位,0,0,0
188,188,0,86,257,0,0,0,347,258,-3302,2,下位,0,0,0
368,368,0,35,106,0,0,0,188,257,-3324,1,下位,0,0,0
163,163,0,35,106,0,0,0,368,106,-3764,1,下位,0,0,0
134,134,0,42,126,1,0,0,0,0,1,0,下位,0,0,0
91,91,0,568,1568,0,0,0,134,126,-72,1,下位,0,0,0
421,421,0,563,1646,0,0,0,91,1568,1361,4,下位,0,0,0
100,100,0,657,1926,0,0,0,421,1646,2382,2,下位,0,0,0
78,78,0,94,237,0,0,0,100,1926,1927,2,下位,0,0,0
20,20,0,34,102,0,0,0,78,237,2048,2,下位,0,0,0
190,190,0,42,127,0,0,0,20,102,2120,1,下位,0,0,0
487,487,0,99,254,0,0,0,190,127,1965,1,下位,0,0,0
579,579,0,141,379,0,0,0,487,254,1496,2,下位,0,0,0
732,732,0,39,117,0,0,0,579,379,1016,2,下位,0,0,0
557,557,0,214,598,0,0,0,732,117,47,1,下位,0,0,0
167,167,0,52,156,1,0,0,0,0,1,0,下位,0,0,0
254,254,0,405,1082,0,0,0,167,156,-91,1,下位,0,0,0
405,405,0,40,120,0,0,0,254,1082,614,4,下位,0,0,0
106,106,0,154,419,0,0,0,405,120,133,1,下位,0,0,0
315,315,0,114,295,0,0,0,106,419,395,2,下位,0,0,0
133,133,0,793,2290,0,0,0,315,295,223,2,下位,0,0,0
157,157,0,103,309,0,0,0,133,2290,2316,3,下位,0,0,0
127,127,0,142,336,0,0,0,157,309,2392,1,下位,0,0,0
269,269,0,213,503,0,0,0,127,336,325,3,下位,0,0,0
705,705,0,48,144,0,0,0,269,503,429,4,下位,0,0,0
268,268,0,104,266,0,0,0,705,144,-473,1,下位,0,0,0
866,866,0,59,178,0,0,0,268,266,-605,2,下位,0,0,0
199,199,0,356,1068,0,0,0,866,178,-1712,1,下位,0,0,0
111,111,0,120,315,0,0,0,199,1068,-939,1,下位,0,0,0
429,429,0,40,121,0,0,0,111,315,-789,2,下位,0,0,0
215,215,0,41,124,0,0,0,429,121,-1304,1,下位,0,0,0
693,693,0,194,583,0,0,0,215,124,-1499,1,下位,0,0,0
359,359,0,46,137,1,0,0,0,0,1,0,下位,0,0,0
197,197,0,311,798,0,0,0,359,137,-395,1,下位,0,0,0
256,256,0,103,263,0,0,0,197,798,111,4,下位,0,0,0
908,908,0,375,1031,0,0,0,256,263,-6,2,下位,0,0,0
546,546,0,83,203,0,0,0,908,1031,-322,3,下位,0,0,0
476,476,0,40,120,0,0,0,546,203,-929,2,下位,0,0,0
265,265,0,34,103,0,0,0,476,120,-1515,1,下位,0,0,0
894,894,0,191,441,0,0,0,265,103,-1805,1,下位,0,0,0
152,152,0,327,801,0,0,0,894,441,-2690,4,下位,0,0,0
236,236,0,234,567,1,0,0,0,0,1,0,下位,0,0,0
138,138,0,286,859,0,0,0,236,567,218,4,下位,0,0,0
550,550,0,37,112,0,0,0,138,859,872,1,下位,0,0,0
591,591,0,88,263,0,0,0,550,112,168,1,下位,0,0,0
686,686,0,89,223,0,0,0,591,263,-446,1,下位,0,0,0
130,130,0,47,142,1,0,0,0,0,1,0,下位,0,0,0
130,130,0,300,854,0,0,0,130,142,-50,1,下位,0,0,0
562,562,0,105,270,0,0,0,130,854,611,2,下位,0,0,0
118,118,0,112,292,0,0,0,562,270,47,2,下位,0,0,0
463,463,0,111,289,0,0,0,118,292,164,2,下位,0,0,0
923,923,0,264,703,0,0,0,463,289,-234,2,下位,0,0,0
1009,1009,0,83,207,0,0,0,923,703,-900,3,下位,0,0,0
148,148,0,53,159,0,0,0,1009,207,-2190,2,下位,0,0,0
222,222,0,299,897,0,0,0,148,159,-2251,1,下位,0,0,0
247,247,0,44,132,0,0,0,222,897,-1683,1,下位,0,0,0
337,337,0,54,162,1,0,0,0,0,1,0,下位,0,0,0
468,468,0,38,116,0,0,0,337,162,-337,1,下位,0,0,0
579,579,0,128,339,0,0,0,468,116,-915,1,下位,0,0,0
293,293,0,227,547,0,0,0,579,339,-1435,2,下位,0,0,0
355,355,0,183,414,1,0,0,0,0,1,0,下位,0,0,0
1013,1013,0,103,266,0,0,0,355,414,-112,4,下位,0,0,0
160,160,0,258,639,0,0,0,1013,266,-1349,2,下位,0,0,0
428,428,0,41,123,0,0,0,160,639,-947,4,下位,0,0,0
181,181,0,125,332,0,0,0,428,123,-1459,1,下位,0,0,0
554,554,0,276,695,0,0,0,181,332,-1396,2,下位,0,0,0
743,743,0,372,895,0,0,0,554,695,-1523,4,下位,0,0,0
164,164,0,38,115,0,0,0,743,895,-1730,6,下位,0,0,0
456,456,0,58,174,0,0,0,164,115,-1858,1,下位,0,0,0
388,388,0,45,136,0,0,0,456,174,-2361,1,下位,0,0,0
983,983,0,312,756,0,0,0,388,136,-2801,1,下位,0,0,0
70,70,0,37,112,0,0,0,983,756,-3503,5,下位,0,0,0
172,172,0,106,273,0,0,0,70,112,-3495,1,下位,0,0,0
278,278,0,38,114,1,0,0,0,0,1,0,下位,0,0,0
120,120,0,60,179,0,0,0,278,114,-297,1,下位,0,0,0
317,317,0,50,149,0,0,0,120,179,-296,1,下位,0,0,0
580,580,0,73,220,0,0,0,317,149,-617,1,下位,0,0,0
328,328,0,55,166,0,0,0,580,220,-1258,1,下位,0,0,0
465,465,0,144,387,0,0,0,328,166,-1579,1,下位,0,0,0
238,238,0,81,242,0,0,0,465,387,-1882,2,下位,0,0,0
413,413,0,36,108,0,0,0,238,242,-1993,1,下位,0,0,0
123,123,0,70,211,0,0,0,413,108,-2498,1,下位,0,0,0
720,720,0,36,109,0,0,0,123,211,-2469,1,下位,0,0,0
112,112,0,151,408,0,0,0,720,109,-3428,1,下位,0,0,0
790,790,0,312,801,0,0,0,112,408,-3186,2,下位,0,0,0
515,515,0,293,879,0,0,0,790,801,-3557,4,下位,0,0,0
116,116,0,289,777,0,0,0,515,879,-3442,1,下位,0,0,0
303,303,0,272,679,0,0,0,116,777,-2837,3,下位,0,0,0
134,134,0,222,619,0,0,0,303,679,-2608,4,下位,0,0,0
375,375,0,109,281,1,0,0,0,0,1,0,下位,0,0,0
479,479,0,62,185,0,0,0,375,281,-274,2,下位,0,0,0
170,170,0,118,308,0,0,0,479,185,-800,1,下位,0,0,0
352,352,0,332,907,0,0,0,170,308,-744,2,下位,0,0,0
870,870,0,44,131,0,0,0,352,907,-359,3,下位,0,0,0
181,181,0,156,378,0,0,0,870,131,-1519,1,下位,0,0,0
227,227,0,78,190,0,0,0,181,378,-1410,3,下位,0,0,0
44,44,0,34,102,0,0,0,227,190,-1557,2,下位,0,0,0
924,924,0,105,270,0,0,0,44,102,-1520,1,下位,0,0,0
542,542,0,71,214,0,0,0,924,270,-2621,2,下位,0,0,0
150,150,0,38,113,0,0,0,542,214,-3211,1,下位,0,0,0
102,102,0,195,449,0,0,0,150,113,-3321,1,下位,0,0,0
664,664,0,36,107,0,0,0,102,449,-3023,4,下位,0,0,0
170,170,0,79,191,0,0,0,664,107,-3901,1,下位,0,0,0
535,535,0,36,109,1,0,0,0,0,1,0,下位,0,0,0
226,226,0,60,180,0,0,0,535,109,-684,1,下位,0,0,0
665,665,0,41,124,0,0,0,226,180,-839,1,下位,0,0,0
924,924,0,425,1048,0,0,0,665,124,-1702,1,下位,0,0,0
144,144,0,84,208,0,0,0,924,1048,-2025,6,下位,0,0,0
769,769,0,39,117,0,0,0,144,208,-2031,2,下位,0,0,0
216,216,0,178,444,0,0,0,769,117,-3055,1,下位,0,0,0
382,382,0,124,284,0,0,0,216,444,-2931,3,下位,0,0,0
783,783,0,47,141,0,0,0,382,284,-3214,3,下位,0,0,0
998,998,0,362,863,0,0,0,783,141,-4235,1,下位,0,0,0
201,201,0,117,307,0,0,0,998,863,-4853,6,下位,0,0,0
256,256,0,172,429,1,0,0,0,0,1,0,下位,0,0,0
77,77,0,162,443,0,0,0,256,429,50,3,下位,0,0,0
536,536,0,112,291,0,0,0,77,443,379,2,下位,0,0,0
264,264,0,177,439,0,0,0,536,291,-125,2,下位,0,0,0
112,112,0,492,1192,0,0,0,264,439,-78,3,下位,0,0,0
220,220,0,48,143,0,0,0,112,1192,271,7,上位,0,0,0
109,109,0,36,109,0,0,0,220,143,88,1,下位,0,0,0
414,414,0,223,580,0,0,0,109,109,35,1,下位,0,0,0
167,167,0,138,325,0,0,0,414,580,1,3,下位,0,0,0
209,209,0,92,231,0,0,0,167,325,78,3,下位,0,0,0
794,794,0,270,721,0,0,0,209,231,-1,2,下位,0,0,0
268,268,0,113,338,0,0,0,794,721,-458,3,下位,0,0,0
181,181,0,53,160,0,0,0,268,338,-518,1,下位,0,0,0
751,751,0,36,108,0,0,0,181,160,-627,1,下位,0,0,0
183,183,0,623,1640,0,0,0,751,108,-1633,1,下位,0,0,0
106,106,0,244,640,0,0,0,183,1640,-265,6,下位,0,0,0
260,260,0,136,364,0,0,0,106,640,218,3,下位,0,0,0
276,276,0,38,115,0,0,0,260,364,196,2,下位,0,0,0
48,48,0,115,299,0,0,0,276,115,-98,1,下位,0,0,0
106,106,0,34,101,0,0,0,48,299,130,2,下位,0,0,0
187,187,0,79,192,0,0,0,106,101,74,1,下位,0,0,0
198,198,0,61,182,0,0,0,187,192,-11,2,下位,0,0,0
545,545,0,118,353,1,0,0,0,0,1,0,下位,0,0,0
505,505,0,50,151,0,0,0,545,353,-455,1,下位,0,0,0
801,801,0,353,970,0,0,0,505,151,-1053,1,下位,0,0,0
986,986,0,35,104,0,0,0,801,970,-1271,3,下位,0,0,0
277,277,0,161,440,0,0,0,986,104,-2630,1,下位,0,0,0
193,193,0,38,114,0,0,0,277,440,-2601,2,下位,0,0,0
117,117,0,246,645,0,0,0,193,114,-2773,1,下位,0,0,0
182,182,0,468,1404,0,0,0,117,645,-2302,3,下位,0,0,0
167,167,0,158,386,0,0,0,182,1404,-1168,1,下位,0,0,0
398,398,0,332,860,0,0,0,167,386,-1030,3,下位,0,0,0
540,540,0,48,143,0,0,0,398,860,-761,4,下位,0,0,0
206,206,0,135,361,0,0,0,540,143,-1419,1,下位,0,0,0
200,200,0,43,129,0,0,0,206,361,-1364,2,下位,0,0,0
236,236,0,35,104,0,0,0,200,129,-1532,1,下位,0,0,0
354,354,0,37,110,1,0,0,0,0,1,0,下位,0,0,0
666,666,0,291,695,0,0,0,354,110,-414,1,下位,0,0,0
372,372,0,121,316,0,0,0,666,695,-707,5,下位,0,0,0
261,261,0,213,639,0,0,0,372,316,-943,2,下位,0,0,0
1016,1016,0,94,237,0,0,0,261,639,-691,1,下位,0,0,0
488,488,0,93,235,0,0,0,1016,237,-1961,2,下位,0,0,0
461,461,0,314,808,0,0,0,488,235,-2450,2,下位,0,0,0
328,328,0,157,424,0,0,0,461,808,-2326,4,下位,0,0,0
675,675,0,41,124,0,0,0,328,424,-2389,2,下位,0,0,0
165,165,0,286,767,0,0,0,675,124,-3266,1,下位,0,0,0
221,221,0,53,158,0,0,0,165,767,-2744,3,下位,0,0,0
928,928,0,46,137,0,0,0,221,158,-2914,1,下位,0,0,0
134,134,0,41,124,0,0,0,928,137,-4154,1,下位,0,0,0
569,569,0,94,238,1,0,0,0,0,1,0,下位,0,0,0
510,510,0,272,725,0,0,0,569,238,-605,2,下位,0,0,0
38,38,0,68,203,0,0,0,510,725,-637,3,下位,0,0,0
553,553,0,43,130,0,0,0,38,203,-490,1,下位,0,0,0
487,487,0,54,163,0,0,0,553,130,-1180,1,下位,0,0,0
160,160,0,134,403,0,0,0,487,163,-1740,1,下位,0,0,0
144,144,0,35,105,0,0,0,160,403,-1574,1,下位,0,0,0
437,437,0,890,2442,0,0,0,144,105,-1683,1,下位,0,0,0
113,113,0,259,640,0,0,0,437,2442,111,6,下位,0,0,0
335,335,0,620,1580,0,0,0,113,640,583,4,下位,0,0,0
160,160,0,373,1074,0,0,0,335,1580,294,7,上位,0,0,0
737,737,0,38,114,0,0,0,160,1074,1131,2,下位,0,0,0
87,87,0,225,586,1,0,0,0,0,1,0,下位,0,0,0
105,105,0,37,110,0,0,0,87,586,458,3,下位,0,0,0
444,444,0,147,396,0,0,0,105,110,412,1,下位,0,0,0
644,644,0,62,186,0,0,0,444,396,149,2,下位,0,0,0
375,375,0,88,220,0,0,0,644,186,-620,1,下位,0,0,0
92,92,0,150,405,0,0,0,375,220,-956,2,下位,0,0,0
342,342,0,161,439,0,0,0,92,405,-687,2,下位,0,0,0
826,826,0,75,181,0,0,0,342,439,-755,2,下位,0,0,0
144,144,0,476,1205,0,0,0,826,181,-1800,2,下位,0,0,0
142,142,0,144,341,0,0,0,144,1205,-809,6,下位,0,0,0
134,134,0,183,458,0,0,0,142,341,-679,3,下位,0,0,0
146,146,0,209,540,0,0,0,134,458,-420,3,下位,0,0,0
745,745,0,83,249,0,0,0,146,540,-97,3,下位,0,0,0
411,411,0,33,100,0,0,0,745,249,-953,1,下位,0,0,0
94,94,0,38,113,0,0,0,411,100,-1463,1,下位,0,0,0
87,87,0,147,350,0,0,0,94,113,-1489,1,下位,0,0,0
249,249,0,52,156,0,0,0,87,350,-1268,3,下位,0,0,0
502,502,0,390,991,1,0,0,0,0,1,0,下位,0,0,0
1010,1010,0,103,264,0,0,0,502,991,247,5,下位,0,0,0
158,158,0,44,133,0,0,0,1010,264,-988,2,下位,0,0,0
203,203,0,327,844,0,0,0,158,133,-1089,1,下位,0,0,0
122,122,0,210,540,0,0,0,203,844,-546,4,下位,0,0,0
310,310,0,38,114,0,0,0,122,540,-187,3,下位,0,0,0
33,33,0,35,105,0,0,0,310,114,-533,1,下位,0,0,0
769,769,0,308,700,0,0,0,33,105,-477,1,下位,0,0,0
162,162,0,107,275,0,0,0,769,700,-918,6,下位,0,0,0
399,399,0,249,614,0,0,0,162,275,-883,2,下位,0,0,0
37,37,0,34,103,0,0,0,399,614,-861,4,下位,0,0,0
124,124,0,58,173,0,0,0,37,103,-813,1,下位,0,0,0
266,266,0,37,110,0,0,0,124,173,-824,1,下位,0,0,0
236,236,0,710,1997,0,0,0,266,110,-1109,1,下位,0,0,0
25,25,0,58,174,1,0,0,0,0,1,0,下位,0,0,0
367,367,0,95,238,0,0,0,25,174,138,1,下位,0,0,0
949,949,0,138,413,0,0,0,367,238,-169,2,下位,0,0,0
166,166,0,244,596,0,0,0,949,413,-1164,1,下位,0,0,0
879,879,0,130,346,0,0,0,166,596,-814,4,下位,0,0,0
738,738,0,111,288,0,0,0,879,346,-1772,2,下位,0,0,0
342,342,0,57,170,0,0,0,738,288,-2579,2,下位,0,0,0
340,340,0,183,459,0,0,0,342,170,-2916,1,下位,0,0,0
406,406,0,52,155,0,0,0,340,459,-2961,3,下位,0,0,0
742,742,0,71,212,0,0,0,406,155,-3408,1,下位,0,0,0
274,274,0,82,201,0,0,0,742,212,-4297,1,下位,0,0,0
437,437,0,280,704,0,0,0,274,201,-4503,2,下位,0,0,0
428,428,0,37,110,0,0,0,437,704,-4447,4,下位,0,0,0
196,196,0,149,403,1,0,0,0,0,1,0,下位,0,0,0
453,453,0,261,604,0,0,0,196,403,113,2,下位,0,0,0
210,210,0,233,564,0,0,0,453,604,45,5,下位,0,0,0
59,59,0,153,414,0,0,0,210,564,297,4,下位,0,0,0
26,26,0,242,547,0,0,0,59,414,623,2,下位,0,0,0
346,346,0,191,438,0,0,0,26,547,1131,5,下位,0,0,0
417,417,0,194,447,0,0,0,346,438,1056,4,下位,0,0,0
140,140,0,199,551,0,0,0,417,447,884,4,下位,0,0,0
144,144,0,302,722,0,0,0,140,551,1227,2,下位,0,0,0
266,266,0,43,128,0,0,0,144,722,1735,5,下位,0,0,0
244,244,0,155,421,0,0,0,266,128,1468,1,下位,0,0,0
114,114,0,175,432,0,0,0,244,421,1527,2,下位,0,0,0
27,27,0,40,121,0,0,0,114,432,1790,3,下位,0,0,0
338,338,0,233,654,0,0,0,27,121,1871,1,下位,0,0,0
111,111,0,79,190,0,0,0,338,654,2024,2,下位,0,0,0
767,767,0,132,352,0,0,0,111,190,2049,2,下位,0,0,0
153,153,0,242,681,0,0,0,767,352,1263,2,下位,0,0,0
491,491,0,91,228,1,0,0,0,0,1,0,下位,0,0,0
741,741,0,136,363,0,0,0,491,228,-499,2,下位,0,0,0
61,61,0,34,103,0,0,0,741,363,-1235,2,下位,0,0,0
932,932,0,477,1296,0,0,0,61,103,-1223,1,下位,0,0,0
125,125,0,201,468,0,0,0,932,1296,-1310,4,下位,0,0,0
429,429,0,197,499,0,0,0,125,468,-1027,4,下位,0,0,0
132,132,0,236,573,0,0,0,429,499,-1164,3,下位,0,0,0
134,134,0,185,463,0,0,0,132,573,-787,4,下位,0,0,0
227,227,0,43,128,0,0,0,134,463,-523,3,下位,0,0,0
573,573,0,590,1725,0,0,0,227,128,-732,1,下位,0,0,0
114,114,0,259,686,1,0,0,0,0,1,0,下位,0,0,0
617,617,0,50,149,0,0,0,114,686,518,3,下位,0,0,0
324,324,0,38,115,0,0,0,617,149,-248,1,下位,0,0,0
575,575,0,174,432,0,0,0,324,115,-614,1,下位,0,0,0
156,156,0,39,116,0,0,0,575,432,-1035,3,下位,0,0,0
197,197,0,63,188,0,0,0,156,116,-1150,1,下位,0,0,0
198,198,0,36,109,0,0,0,197,188,-1254,1,下位,0,0,0
103,103,0,333,818,0,0,0,198,109,-1439,1,下位,0,0,0
226,226,0,108,281,0,0,0,103,818,-774,5,下位,0,0,0
92,92,0,144,388,1,0,0,0,0,1,0,下位,0,0,0
1012,1012,0,112,291,0,0,0,92,388,253,2,下位,0,0,0
25,25,0,114,297,0,0,0,1012,291,-957,2,下位,0,0,0
169,169,0,44,131,0,0,0,25,297,-697,2,下位,0,0,0
194,194,0,37,111,0,0,0,169,131,-817,1,下位,0,0,0
625,625,0,39,118,0,0,0,194,111,-994,1,下位,0,0,0
215,215,0,163,445,0,0,0,625,118,-1803,1,下位,0,0,0
931,931,0,38,115,0,0,0,215,445,-1677,2,下位,0,0,0
77,77,0,91,273,0,0,0,931,115,-2943,1,下位,0,0,0
384,384,0,143,340,0,0,0,77,273,-2784,1,下位,0,0,0
135,135,0,36,109,0,0,0,384,340,-3014,3,下位,0,0,0
365,365,0,121,318,0,0,0,135,109,-3105,1,下位,0,0,0
770,770,0,40,120,0,0,0,365,318,-3329,2,下位,0,0,0
337,337,0,217,517,0,0,0,770,120,-4351,1,下位,0,0,0
107,107,0,82,200,1,0,0,0,0,1,0,下位,0,0,0
902,902,0,174,479,0,0,0,107,200,42,2,下位,0,0,0
609,609,0,238,623,0,0,0,902,479,-817,2,下位,0,0,0
129,129,0,199,507,0,0,0,609,623,-1098,3,下位,0,0,0
14,14,0,68,203,0,0,0,129,507,-782,3,下位,0,0,0
245,245,0,471,1278,0,0,0,14,203,-600,1,下位,0,0,0
50,50,0,313,851,0,0,0,245,1278,314,4,下位,0,0,0
581,581,0,84,251,0,0,0,50,851,1091,3,下位,0,0,0
134,134,0,115,298,0,0,0,581,251,480,1,下位,0,0,0
703,703,0,84,208,0,0,0,134,298,579,2,下位,0,0,0
174,174,0,602,1672,0,0,0,703,208,-256,2,下位,0,0,0
124,124,0,143,382,0,0,0,174,1672,1158,4,下位,0,0,0
564,564,0,142,383,0,0,0,124,382,1356,2,下位,0,0,0
543,543,0,291,828,1,0,0,0,0,1,0,下位,0,0,0
166,166,0,64,192,0,0,0,543,828,23,2,下位,0,0,0
157,157,0,41,124,0,0,0,166,192,-31,1,下位,0,0,0
69,69,0,308,791,0,0,0,157,124,-140,1,下位,0,0,0
151,151,0,189,434,0,0,0,69,791,549,4,下位,0,0,0
170,170,0,33,100,0,0,0,151,434,759,4,下位,0,0,0
526,526,0,252,664,0,0,0,170,100,607,1,下位,0,0,0
476,476,0,166,409,0,0,0,526,664,491,3,下位,0,0,0
159,159,0,369,1018,0,0,0,476,409,194,3,下位,0,0,0
217,217,0,63,190,0,0,0,159,1018,976,3,下位,0,0,0
122,122,0,324,927,0,0,0,217,190,844,1,下位,0,0,0
404,404,0,184,421,0,0,0,122,927,1590,2,下位,0,0,0
1013,1013,0,42,127,0,0,0,404,421,1412,4,下位,0,0,0
413,413,0,44,133,0,0,0,1013,127,36,1,下位,0,0,0
518,518,0,155,465,0,0,0,413,133,-444,1,下位,0,0,0
155,155,0,145,435,1,0,0,0,0,1,0,下位,0,0,0
644,644,0,29,88,0,0,0,155,435,206,1,下位,0,0,0
410,410,0,49,146,0,0,0,644,88,-661,1,下位,0,0,0
233,233,0,87,217,0,0,0,410,146,-1123,1,下位,0,0,0
425,425,0,86,258,0,0,0,233,217,-1252,2,下位,0,0,0
157,157,0,150,405,0,0,0,425,258,-1625,1,下位,0,0,0
158,158,0,95,241,0,0,0,157,405,-1453,2,下位,0,0,0
717,717,0,150,406,0,0,0,158,241,-1446,2,下位,0,0,0
385,385,0,138,367,0,0,0,717,406,-2104,2,下位,0,0,0
17,17,0,68,203,0,0,0,385,367,-2308,2,下位,0,0,0
604,604,0,93,279,0,0,0,17,203,-2130,1,下位,0,0,0
252,252,0,50,150,0,0,0,604,279,-2747,1,下位,0,0,0
240,240,0,36,108,0,0,0,252,150,-2971,1,下位,0,0,0
328,328,0,273,683,0,0,0,240,108,-3219,1,下位,0,0,0
242,242,0,83,205,0,0,0,328,683,-3023,4,下位,0,0,0
710,710,0,60,181,0,0,0,242,205,-3177,2,下位,0,0,0
201,201,0,98,249,1,0,0,0,0,1,0,下位,0,0,0
565,565,0,67,201,0,0,0,201,249,-48,2,下位,0,0,0
47,47,0,34,103,0,0,0,565,201,-685,1,下位,0,0,0
631,631,0,98,248,0,0,0,47,103,-652,1,下位,0,0,0
190,190,0,1223,3624,0,0,0,631,248,-1340,2,下位,0,0,0
86,86,0,57,172,0,0,0,190,3624,2002,2,下位,0,0,0
790,790,0,90,224,0,0,0,86,172,2046,1,下位,0,0,0
160,160,0,644,1651,0,0,0,790,224,1098,2,下位,0,0,0
98,98,0,33,100,0,0,0,160,1651,462,7,上位,0,0,0
153,153,0,140,376,1,0,0,0,0,1,0,下位,0,0,0
25,25,0,42,126,0,0,0,153,376,150,2,下位,0,0,0
163,163,0,124,328,0,0,0,25,126,239,1,下位,0,0,0
351,351,0,80,197,0,0,0,163,328,325,2,下位,0,0,0
433,433,0,390,944,0,0,0,351,197,1,2,下位,0,0,0
136,136,0,154,418,0,0,0,433,944,303,6,下位,0,0,0
560,560,0,35,104,0,0,0,136,418,519,2,下位,0,0,0
36,36,0,33,100,0,0,0,560,104,-208,1,下位,0,0,0
88,88,0,298,805,0,0,0,36,100,-161,1,下位,0,0,0
348,348,0,88,265,0,0,0,88,805,513,3,下位,0,0,0
819,819,0,83,248,0,0,0,348,265,262,1,下位,0,0,0
383,383,0,257,591,0,0,0,819,248,-705,1,下位,0,0,0
59,59,0,36,107,0,0,0,383,591,-682,5,下位,0,0,0
293,293,0,222,530,0,0,0,59,107,-663,1,下位,0,0,0
264,264,0,37,111,1,0,0,0,0,1,0,下位,0,0,0
335,335,0,35,105,0,0,0,264,111,-280,1,下位,0,0,0
230,230,0,104,268,0,0,0,335,105,-672,1,下位,0,0,0
168,168,0,149,356,0,0,0,230,268,-745,2,下位,0,0,0
845,845,0,138,369,0,0,0,168,356,-638,3,下位,0,0,0
985,985,0,68,205,0,0,0,845,369,-1523,2,下位,0,0,0
553,553,0,48,144,0,0,0,985,205,-2779,1,下位,0,0,0
447,447,0,575,1681,0,0,0,553,144,-3455,1,下位,0,0,0
443,443,0,175,437,0,0,0,447,1681,-2437,2,下位,0,0,0
184,184,0,415,1156,0,0,0,443,437,-2657,3,下位,0,0,0
989,989,0,113,292,0,0,0,184,1156,-1774,3,下位,0,0,0
231,231,0,39,118,0,0,0,989,292,-2949,2,下位,0,0,0
267,267,0,119,312,0,0,0,231,118,-3174,1,下位,0,0,0
106,106,0,150,406,1,0,0,0,0,1,0,下位,0,0,0
1009,1009,0,579,1461,0,0,0,106,406,250,2,下位,0,0,0
151,151,0,143,385,0,0,0,1009,1461,214,7,上位,0,0,0
538,538,0,339,791,0,0,0,151,385,375,2,下位,0,0,0
113,113,0,167,410,0,0,0,538,791,368,6,下位,0,0,0
137,137,0,262,697,0,0,0,113,410,610,3,下位,0,0,0
378,378,0,133,354,0,0,0,137,697,1104,3,下位,0,0,0
47,47,0,38,114,0,0,0,378,354,897,2,下位,0,0,0
107,107,0,92,275,0,0,0,47,114,941,1,下位,0,0,0
846,846,0,52,156,0,0,0,107,275,1057,1,下位,0,0,0
679,679,0,537,1386,0,0,0,846,156,-42,1,下位,0,0,0
541,541,0,41,124,1,0,0,0,0,1,0,下位,0,0,0
658,658,0,43,130,0,0,0,541,124,-678,1,下位,0,0,0
805,805,0,44,132,0,0,0,658,130,-1524,1,下位,0,0,0
196,196,0,294,791,0,0,0,805,132,-2586,1,下位,0,0,0
170,170,0,493,1255,0,0,0,196,791,-2086,3,下位,0,0,0
130,130,0,41,124,0,0,0,170,1255,-1083,6,下位,0,0,0
500,500,0,298,715,0,0,0,130,124,-1152,1,下位,0,0,0
729,729,0,142,380,0,0,0,500,715,-1179,5,下位,0,0,0
161,161,0,48,143,0,0,0,729,380,-1881,2,下位,0,0,0
217,217,0,101,259,0,0,0,161,143,-1977,1,下位,0,0,0
806,806,0,196,543,0,0,0,217,259,-2040,2,下位,0,0,0
266,266,0,35,105,0,0,0,806,543,-2693,2,下位,0,0,0
222,222,0,36,108,0,0,0,266,105,-2983,1,下位,0,0,0
373,373,0,46,138,0,0,0,222,108,-3204,1,下位,0,0,0
173,173,0,124,327,0,0,0,373,138,-3619,1,下位,0,0,0
348,348,0,41,123,0,0,0,173,327,-3549,2,下位,0,0,0
154,154,0,39,117,1,0,0,0,0,1,0,下位,0,0,0
19,19,0,141,379,0,0,0,154,117,-110,1,下位,0,0,0
428,428,0,306,829,0,0,0,19,379,241,2,下位,0,0,0
241,241,0,80,195,0,0,0,428,829,435,3,下位,0,0,0
130,130,0,208,579,0,0,0,241,195,272,2,下位,0,0,0
71,71,0,36,107,0,0,0,130,579,658,2,下位,0,0,0
434,434,0,95,241,0,0,0,71,107,660,1,下位,0,0,0
120,120,0,78,189,0,0,0,434,241,257,2,下位,0,0,0
345,345,0,99,296,0,0,0,120,189,268,2,下位,0,0,0
857,857,0,54,162,0,0,0,345,296,52,1,下位,0,0,0
355,355,0,183,459,0,0,0,857,162,-1058,1,下位,0,0,0
239,239,0,236,665,0,0,0,355,459,-1126,3,下位,0,0,0
220,220,0,116,261,0,0,0,239,665,-816,2,下位,0,0,0
202,202,0,41,124,0,0,0,220,261,-881,3,下位,0,0,0
551,551,0,294,700,0,0,0,202,124,-1057,1,下位,0,0,0
100,100,0,37,110,0,0,0,551,700,-1175,5,下位,0,0,0
573,573,0,33,100,0,0,0,100,110,-1213,1,下位,0,0,0
163,163,0,39,118,0,0,0,573,100,-1963,1,下位,0,0,0
172,172,0,58,174,0,0,0,163,118,-2087,1,下位,0,0,0
72,72,0,34,102,1,0,0,0,0,1,0,下位,0,0,0
438,438,0,124,328,0,0,0,72,102,-4,1,下位,0,0,0
566,566,0,128,340,0,0,0,438,328,-326,2,下位,0,0,0
192,192,0,279,657,0,0,0,566,340,-826,2,下位,0,0,0
431,431,0,37,111,0,0,0,192,657,-454,5,下位,0,0,0
348,348,0,262,696,0,0,0,431,111,-982,1,下位,0,0,0
574,574,0,90,225,0,0,0,348,696,-802,3,下位,0,0,0
573,573,0,880,2416,0,0,0,574,225,-1429,2,下位,0,0,0
143,143,0,67,202,0,0,0,573,2416,137,6,下位,0,0,0
121,121,0,52,157,0,0,0,143,202,127,1,下位,0,0,0
124,124,0,83,204,0,0,0,121,157,104,1,下位,0,0,0
252,252,0,205,615,0,0,0,124,204,124,2,下位,0,0,0
179,179,0,35,105,0,0,0,252,615,365,1,下位,0,0,0
101,101,0,378,1134,0,0,0,179,105,204,1,下位,0,0,0
109,109,0,73,173,0,0,0,101,1134,1188,1,下位,0,0,0
199,199,0,122,322,0,0,0,109,173,1199,2,下位,0,0,0
298,298,0,36,107,0,0,0,199,322,1226,2,下位,0,0,0
221,221,0,145,391,1,0,0,0,0,1,0,下位,0,0,0
537,537,0,48,143,0,0,0,221,391,64,2,下位,0,0,0
665,665,0,190,482,0,0,0,537,143,-590,1,下位,0,0,0
402,402,0,155,377,0,0,0,665,482,-1095,3,下位,0,0,0
596,596,0,342,890,0,0,0,402,377,-1314,3,下位,0,0,0
218,218,0,162,441,0,0,0,596,890,-1308,4,下位,0,0,0
176,176,0,154,374,0,0,0,218,441,-1190,2,下位,0,0,0
690,690,0,384,1107,0,0,0,176,374,-1077,3,下位,0,0,0
694,694,0,65,196,0,0,0,690,1107,-994,2,下位,0,0,0
378,378,0,465,1261,0,0,0,694,196,-1828,1,下位,0,0,0
108,108,0,122,322,1,0,0,0,0,1,0,下位,0,0,0
107,107,0,170,467,0,0,0,108,322,163,2,下位,0,0,0
218,218,0,40,120,0,0,0,107,467,471,2,下位,0,0,0
119,119,0,75,226,0,0,0,218,120,268,1,下位,0,0,0
595,595,0,71,212,0,0,0,119,226,317,1,下位,0,0,0
41,41,0,36,107,0,0,0,595,212,-354,1,下位,0,0,0
360,360,0,59,176,0,0,0,41,107,-308,1,下位,0,0,0
177,177,0,42,125,0,0,0,360,176,-666,1,下位,0,0,0
27,27,0,203,566,0,0,0,177,125,-804,1,下位,0,0,0
158,158,0,48,143,0,0,0,27,566,-278,2,下位,0,0,0
62,62,0,39,118,0,0,0,158,143,-369,1,下位,0,0,0
86,86,0,98,249,0,0,0,62,118,-343,1,下位,0,0,0
175,175,0,118,354,0,0,0,86,249,-222,2,下位,0,0,0
593,593,0,87,212,0,0,0,175,354,-128,1,下位,0,0,0
366,366,0,33,100,0,0,0,593,212,-796,2,下位,0,0,0
141,141,0,38,113,0,0,0,366,100,-1239,1,下位,0,0,0
172,172,0,208,487,0,0,0,141,113,-1335,1,下位,0,0,0
369,369,0,338,831,0,0,0,172,487,-1103,4,下位,0,0,0
87,87,0,139,418,0,0,0,369,831,-819,5,下位,0,0,0
317,317,0,171,419,0,0,0,87,418,-530,1,下位,0,0,0
249,249,0,237,666,0,0,0,317,419,-581,3,下位,0,0,0
132,132,0,322,922,0,0,0,249,666,-284,2,下位,0,0,0
555,555,0,40,120,0,0,0,132,922,442,2,下位,0,0,0
198,198,0,136,318,1,0,0,0,0,1,0,下位,0,0,0
129,129,0,71,214,0,0,0,198,318,25,3,下位,0,0,0
380,380,0,37,111,0,0,0,129,214,48,1,下位,0,0,0
336,336,0,36,108,0,0,0,380,111,-405,1,下位,0,0,0
85,85,0,35,106,0,0,0,336,108,-796,1,下位,0,0,0
425,425,0,301,725,0,0,0,85,106,-816,1,下位,0,0,0
276,276,0,196,455,0,0,0,425,725,-722,5,下位,0,0,0
542,542,0,107,277,0,0,0,276,455,-676,4,下位,0,0,0
403,403,0,415,1201,0,0,0,542,277,-1203,2,下位,0,0,0
699,699,0,367,1012,0,0,0,403,1201,-600,2,下位,0,0,0
442,442,0,385,1154,0,0,0,699,1012,-625,3,下位,0,0,0
98,98,0,143,384,0,0,0,442,1154,-127,1,下位,0,0,0
170,170,0,166,408,0,0,0,98,384,112,2,下位,0,0,0
138,138,0,246,606,0,0,0,170,408,268,3,下位,0,0,0
115,115,0,76,181,0,0,0,138,606,669,4,下位,0,0,0
276,276,0,795,2251,1,0,0,0,0,1,0,下位,0,0,0
1009,1009,0,35,104,0,0,0,276,2251,1843,4,下位,0,0,0
238,238,0,75,224,0,0,0,1009,104,450,1,下位,0,0,0
104,104,0,50,150,0,0,0,238,224,321,1,下位,0,0,0
218,218,0,86,259,0,0,0,104,150,317,1,下位,0,0,0
536,536,0,37,112,0,0,0,218,259,253,1,下位,0,0,0
947,947,0,129,342,0,0,0,536,112,-430,1,下位,0,0,0
285,285,0,38,114,0,0,0,947,342,-1493,2,下位,0,0,0
484,484,0,45,136,0,0,0,285,114,-1802,1,下位,0,0,0
142,142,0,112,293,0,0,0,484,136,-2384,1,下位,0,0,0
354,354,0,180,495,0,0,0,142,293,-2302,2,下位,0,0,0
292,292,0,348,957,0,0,0,354,495,-2332,2,下位,0,0,0
341,341,0,68,206,1,0,0,0,0,1,0,下位,0,0,0
1008,1008,0,88,220,0,0,0,341,206,-299,1,下位,0,0,0
284,284,0,533,1323,0,0,0,1008,220,-1575,2,下位,0,0,0
85,85,0,171,422,0,0,0,284,1323,-673,7,上位,0,0,0
179,179,0,548,1509,0,0,0,85,422,-377,3,下位,0,0,0
144,144,0,769,2030,0,0,0,179,1509,866,4,下位,0,0,0
78,78,0,73,219,0,0,0,144,2030,317,7,上位,0,0,0
123,123,0,887,2570,1,0,0,0,0,1,0,下位,0,0,0
162,162,0,40,120,0,0,0,123,2570,2389,3,下位,0,0,0
424,424,0,112,290,0,0,0,162,120,2269,1,下位,0,0,0
361,361,0,43,129,0,0,0,424,290,1930,2,下位,0,0,0
142,142,0,39,118,1,0,0,0,0,1,0,下位,0,0,0
450,450,0,47,142,0,0,0,142,118,-92,1,下位,0,0,0
530,530,0,73,218,0,0,0,450,142,-618,1,下位,0,0,0
333,333,0,246,603,1,0,0,0,0,1,0,下位,0,0,0
204,204,0,151,408,0,0,0,333,603,110,4,下位,0,0,0
241,241,0,1437,4125,0,0,0,204,408,215,2,下位,0,0,0
136,136,0,39,116,0,0,0,241,4125,1528,5,下位,0,0,0
152,152,0,68,203,0,0,0,136,116,1442,1,下位,0,0,0
43,43,0,34,103,0,0,0,152,203,1419,1,下位,0,0,0
148,148,0,448,1164,0,0,0,43,103,1458,1,下位,0,0,0
157,157,0,71,213,0,0,0,148,1164,160,5,下位,0,0,0
554,554,0,34,103,1,0,0,0,0,1,0,下位,0,0,0
28,28,0,156,380,0,0,0,554,103,-718,1,下位,0,0,0
176,176,0,312,846,0,0,0,28,380,-380,3,下位,0,0,0
300,300,0,38,114,0,0,0,176,846,205,3,下位,0,0,0
459,459,0,47,140,0,0,0,300,114,-126,1,下位,0,0,0
189,189,0,39,117,0,0,0,459,140,-667,1,下位,0,0,0
266,266,0,285,810,0,0,0,189,117,-830,1,下位,0,0,0
785,785,0,273,727,0,0,0,266,810,-415,2,下位,0,0,0
472,472,0,603,1475,0,0,0,785,727,-853,3,下位,0,0,0
191,191,0,287,726,0,0,0,472,1475,-78,8,上位,0,0,0
272,272,0,37,110,0,0,0,191,726,365,4,下位,0,0,0
676,676,0,141,379,0,0,0,272,110,71,1,下位,0,0,0
339,339,0,143,337,0,0,0,676,379,-553,2,下位,0,0,0
79,79,0,129,386,1,0,0,0,0,1,0,下位,0,0,0
57,57,0,87,218,0,0,0,79,386,270,1,下位,0,0,0
405,405,0,176,394,0,0,0,57,218,403,2,下位,0,0,0
161,161,0,34,103,0,0,0,405,394,196,4,下位,0,0,0
100,100,0,35,104,0,0,0,161,103,60,1,下位,0,0,0
332,332,0,276,646,0,0,0,100,104,16,1,下位,0,0,0
214,214,0,179,492,0,0,0,332,646,169,5,下位,0,0,0
447,447,0,68,205,0,0,0,214,492,343,2,下位,0,0,0
480,480,0,40,120,0,0,0,447,205,-115,1,下位,0,0,0
156,156,0,44,132,0,0,0,480,120,-707,1,下位,0,0,0
95,95,0,44,131,0,0,0,156,132,-806,1,下位,0,0,0
327,327,0,85,255,0,0,0,95,131,-816,1,下位,0,0,0
192,192,0,267,667,0,0,0,327,255,-1046,1,下位,0,0,0
119,119,0,226,632,0,0,0,192,667,-664,4,下位,0,0,0
541,541,0,110,286,0,0,0,119,632,-209,2,下位,0,0,0
187,187,0,34,102,0,0,0,541,286,-726,2,下位,0,0,0
202,202,0,265,613,0,0,0,187,102,-901,1,下位,0,0,0
200,200,0,39,118,0,0,0,202,613,-588,5,下位,0,0,0
586,586,0,91,228,0,0,0,200,118,-767,1,下位,0,0,0
27,27,0,39,117,0,0,0,586,228,-1408,2,下位,0,0,0
189,189,0,337,787,0,0,0,27,117,-1331,1,下位,0,0,0
108,108,0,35,104,0,0,0,189,787,-824,6,下位,0,0,0
112,112,0,36,108,0,0,0,108,104,-880,1,下位,0,0,0
280,280,0,81,244,1,0,0,0,0,1,0,下位,0,0,0
923,923,0,82,247,0,0,0,280,244,-170,1,下位,0,0,0
43,43,0,118,309,0,0,0,923,247,-1292,1,下位,0,0,0
105,105,0,122,320,0,0,0,43,309,-1047,2,下位,0,0,0
375,375,0,174,434,0,0,0,105,320,-883,2,下位,0,0,0
411,411,0,106,319,0,0,0,375,434,-1005,3,下位,0,0,0
573,573,0,163,397,0,0,0,411,319,-1296,1,下位,0,0,0
113,113,0,90,225,0,0,0,573,397,-1749,3,下位,0,0,0
683,683,0,58,174,0,0,0,113,225,-1692,2,下位,0,0,0
584,584,0,54,161,0,0,0,683,174,-2531,1,下位,0,0,0
321,321,0,154,416,0,0,0,584,161,-3236,1,下位,0,0,0
382,382,0,283,671,0,0,0,321,416,-3296,2,下位,0,0,0
97,97,0,43,129,0,0,0,382,671,-3192,5,下位,0,0,0
202,202,0,149,401,0,0,0,97,129,-3207,1,下位,0,0,0
292,292,0,91,228,0,0,0,202,401,-3106,2,下位,0,0,0
158,158,0,41,124,0,0,0,292,228,-3311,2,下位,0,0,0
102,102,0,256,723,1,0,0,0,0,1,0,下位,0,0,0
438,438,0,33,100,0,0,0,102,723,573,2,下位,0,0,0
144,144,0,53,160,0,0,0,438,100,23,1,下位,0,0,0
670,670,0,184,509,0,0,0,144,160,-31,1,下位,0,0,0
163,163,0,1015,3045,0,0,0,670,509,-516,2,下位,0,0,0
78,78,0,231,603,0,0,0,163,3045,2287,1,下位,0,0,0
312,312,0,129,387,0,0,0,78,603,301,3,下位,0,0,0
529,529,0,88,217,0,0,0,312,387,225,1,下位,0,0,0
665,665,0,227,636,0,0,0,529,217,-343,2,下位,0,0,0
95,95,0,1748,5034,0,0,0,665,636,-694,2,下位,0,0,0
145,145,0,241,680,0,0,0,95,5034,1501,5,下位,0,0,0
173,173,0,153,414,0,0,0,145,680,1966,2,下位,0,0,0
447,447,0,351,829,1,0,0,0,0,1,0,下位,0,0,0
172,172,0,80,196,0,0,0,447,829,167,6,下位,0,0,0
206,206,0,335,1004,0,0,0,172,196,108,2,下位,0,0,0
220,220,0,169,418,0,0,0,206,1004,806,1,下位,0,0,0
272,272,0,43,128,0,0,0,220,418,898,3,下位,0,0,0
336,336,0,68,203,0,0,0,272,128,622,1,下位,0,0,0
236,236,0,159,386,0,0,0,336,203,326,1,下位,0,0,0
480,480,0,230,554,0,0,0,236,386,362,3,下位,0,0,0
417,417,0,288,729,0,0,0,480,554,204,4,下位,0,0,0
566,566,0,279,746,0,0,0,417,729,314,4,下位,0,0,0
312,312,0,186,467,0,0,0,566,746,220,3,下位,0,0,0
258,258,0,184,417,0,0,0,312,467,224,3,下位,0,0,0
85,85,0,232,607,0,0,0,258,417,258,4,下位,0,0,0
505,505,0,160,435,0,0,0,85,607,739,3,下位,0,0,0
198,198,0,188,473,0,0,0,505,435,425,2,下位,0,0,0
154,154,0,267,667,0,0,0,198,473,604,3,下位,0,0,0
144,144,0,143,383,1,0,0,0,0,1,0,下位,0,0,0
141,141,0,277,696,0,0,0,144,383,170,2,下位,0,0,0
621,621,0,222,574,0,0,0,141,696,657,4,下位,0,0,0
106,106,0,233,564,0,0,0,621,574,310,3,下位,0,0,0
289,289,0,161,436,0,0,0,106,564,717,4,下位,0,0,0
210,210,0,131,391,0,0,0,289,436,724,2,下位,0,0,0
92,92,0,432,1208,0,0,0,210,391,803,1,下位,0,0,0
284,284,0,210,540,0,0,0,92,1208,1875,3,下位,0,0,0
555,555,0,845,2392,0,0,0,284,540,1994,3,下位,0,0,0
116,116,0,33,100,0,0,0,555,2392,1195,4,下位,0,0,0
630,630,0,515,1502,0,0,0,116,100,1123,1,下位,0,0,0
114,114,0,210,630,0,0,0,630,1502,1690,2,下位,0,0,0
347,347,0,399,1107,0,0,0,114,630,2151,1,下位,0,0,0
17,17,0,39,117,1,0,0,0,0,1,0,下位,0,0,0
978,978,0,205,478,0,0,0,17,117,93,1,下位,0,0,0
654,654,0,141,376,0,0,0,978,478,-880,4,下位,0,0,0
142,142,0,540,1529,0,0,0,654,376,-1474,2,下位,0,0,0
234,234,0,206,526,0,0,0,142,1529,-156,3,下位,0,0,0
162,162,0,321,826,0,0,0,234,526,23,3,下位,0,0,0
176,176,0,85,210,0,0,0,162,826,609,4,下位,0,0,0
1015,1015,0,153,412,0,0,0,176,210,558,2,下位,0,0,0
448,448,0,156,424,0,0,0,1015,412,-536,2,下位,0,0,0
217,217,0,126,332,0,0,0,448,424,-777,2,下位,0,0,0
97,97,0,96,242,0,0,0,217,332,-767,2,下位,0,0,0
626,626,0,66,199,0,0,0,97,242,-669,2,下位,0,0,0
322,322,0,164,404,0,0,0,626,199,-1399,1,下位,0,0,0
80,80,0,41,122,0,0,0,322,404,-1473,3,下位,0,0,0
397,397,0,177,486,0,0,0,80,122,-1470,1,下位,0,0,0
433,433,0,496,1354,1,0,0,0,0,1,0,下位,0,0,0
242,242,0,273,684,0,0,0,433,1354,714,4,下位,0,0,0
382,382,0,197,504,0,0,0,242,684,1039,4,下位,0,0,0
175,175,0,203,475,0,0,0,382,504,976,3,下位,0,0,0
457,457,0,237,620,0,0,0,175,475,1191,4,下位,0,0,0
403,403,0,189,479,0,0,0,457,620,1133,3,下位,0,0,0
180,180,0,292,740,0,0,0,403,479,1014,3,下位,0,0,0
1011,1011,0,194,492,0,0,0,180,740,1487,4,下位,0,0,0
409,409,0,65,195,0,0,0,1011,492,479,3,下位,0,0,0
143,143,0,84,208,0,0,0,409,195,67,1,下位,0,0,0
87,87,0,37,109,0,0,0,143,208,63,2,下位,0,0,0
612,612,0,214,510,0,0,0,87,109,43,1,下位,0,0,0
113,113,0,38,114,0,0,0,612,510,-355,4,下位,0,0,0
101,101,0,51,152,0,0,0,113,114,-409,1,下位,0,0,0
344,344,0,57,171,0,0,0,101,152,-407,1,下位,0,0,0
678,678,0,36,107,0,0,0,344,171,-746,1,下位,0,0,0
384,384,0,106,317,1,0,0,0,0,1,0,下位,0,0,0
451,451,0,102,306,0,0,0,384,317,-252,1,下位,0,0,0
134,134,0,331,768,0,0,0,451,306,-615,1,下位,0,0,0
139,139,0,167,456,0,0,0,134,768,-46,6,下位,0,0,0
240,240,0,479,1347,0,0,0,139,456,204,2,下位,0,0,0
449,449,0,85,210,0,0,0,240,1347,1195,3,下位,0,0,0
279,279,0,69,206,0,0,0,449,210,739,2,下位,0,0,0
577,577,0,151,360,0,0,0,279,206,531,1,下位,0,0,0
815,815,0,42,125,0,0,0,577,360,35,3,下位,0,0,0
1015,1015,0,38,115,0,0,0,815,125,-1049,1,下位,0,0,0
139,139,0,183,459,0,0,0,1015,115,-2440,1,下位,0,0,0
60,60,0,95,241,0,0,0,139,459,-2187,3,下位,0,0,0
668,668,0,50,150,0,0,0,60,241,-2035,2,下位,0,0,0
163,163,0,153,414,0,0,0,668,150,-2876,1,下位,0,0,0
186,186,0,66,198,0,0,0,163,414,-2704,2,下位,0,0,0
81,81,0,35,104,1,0,0,0,0,1,0,下位,0,0,0
70,70,0,40,121,0,0,0,81,104,-15,1,下位,0,0,0
497,497,0,42,125,0,0,0,70,121,2,1,下位,0,0,0
939,939,0,59,176,0,0,0,497,125,-610,1,下位,0,0,0
291,291,0,2491,7140,0,0,0,939,176,-1827,1,下位,0,0,0
108,108,0,38,114,0,0,0,291,7140,1952,8,上位,0,0,0
495,495,0,84,251,0,0,0,108,114,1906,1,下位,0,0,0
478,478,0,98,294,0,0,0,495,251,1423,1,下位,0,0,0
436,436,0,150,404,0,0,0,478,294,1008,1,下位,0,0,0
517,517,0,40,120,0,0,0,436,404,765,2,下位,0,0,0
541,541,0,151,362,0,0,0,517,120,118,1,下位,0,0,0
468,468,0,39,118,0,0,0,541,362,-323,3,下位,0,0,0
443,443,0,35,106,1,0,0,0,0,1,0,下位,0,0,0
43,43,0,86,212,0,0,0,443,106,-550,1,下位,0,0,0
111,111,0,119,314,0,0,0,43,212,-402,2,下位,0,0,0
211,211,0,92,275,0,0,0,111,314,-253,2,下位,0,0,0
332,332,0,84,205,0,0,0,211,275,-291,1,下位,0,0,0
419,419,0,403,1032,0,0,0,332,205,-579,2,下位,0,0,0
490,490,0,168,459,0,0,0,419,1032,-169,5,下位,0,0,0
738,738,0,177,441,0,0,0,490,459,-437,2,下位,0,0,0
862,862,0,220,615,0,0,0,738,441,-1091,3,下位,0,0,0
342,342,0,74,223,0,0,0,862,615,-1755,2,下位,0,0,0
126,126,0,245,603,0,0,0,342,223,-2039,1,下位,0,0,0
119,119,0,35,104,0,0,0,126,603,-1623,4,下位,0,0,0
71,71,0,293,743,0,0,0,119,104,-1696,1,下位,0,0,0
179,179,0,181,454,0,0,0,71,743,-1058,4,下位,0,0,0
181,181,0,62,185,1,0,0,0,0,1,0,下位,0,0,0
160,160,0,264,703,0,0,0,181,185,-83,1,下位,0,0,0
160,160,0,87,261,0,0,0,160,703,383,3,下位,0,0,0
306,306,0,35,105,0,0,0,160,261,407,1,下位,0,0,0
99,99,0,40,120,0,0,0,306,105,58,1,下位,0,0,0
627,627,0,211,541,0,0,0,99,120,31,1,下位,0,0,0
190,190,0,95,240,0,0,0,627,541,-358,3,下位,0,0,0
515,515,0,426,1102,0,0,0,190,240,-400,2,下位,0,0,0
147,147,0,65,194,0,0,0,515,1102,-62,5,下位,0,0,0
622,622,0,227,592,0,0,0,147,194,-86,1,下位,0,0,0
625,625,0,73,219,0,0,0,622,592,-417,3,下位,0,0,0
526,526,0,285,719,0,0,0,625,219,-1125,1,下位,0,0,0
195,195,0,379,1047,0,0,0,526,719,-1186,4,下位,0,0,0
430,430,0,46,139,1,0,0,0,0,1,0,下位,0,0,0
207,207,0,50,149,0,0,0,430,139,-498,1,下位,0,0,0
445,445,0,45,134,0,0,0,207,149,-656,1,下位,0,0,0
179,179,0,1126,3245,0,0,0,445,134,-1182,1,下位,0,0,0
154,154,0,195,540,0,0,0,179,3245,1797,4,下位,0,0,0
215,215,0,137,410,0,0,0,154,540,2109,2,下位,0,0,0
31,31,0,38,113,0,0,0,215,410,2200,1,下位,0,0,0
110,110,0,45,135,0,0,0,31,113,2267,1,下位,0,0,0
311,311,0,34,102,0,0,0,110,135,2239,1,下位,0,0,0
446,446,0,34,104,0,0,0,311,102,1880,1,下位,0,0,0
83,83,0,461,1249,0,0,0,446,104,1322,1,下位,0,0,0
128,128,0,101,303,0,0,0,83,1249,229,4,下位,0,0,0
380,380,0,85,212,0,0,0,128,303,342,1,下位,0,0,0
521,521,0,105,272,0,0,0,380,212,-10,2,下位,0,0,0
277,277,0,47,141,0,0,0,521,272,-511,2,下位,0,0,0
428,428,0,39,116,0,0,0,277,141,-781,1,下位,0,0,0
74,74,0,114,297,0,0,0,428,116,-1300,1,下位,0,0,0
612,612,0,42,127,0,0,0,74,297,-1113,2,下位,0,0,0
208,208,0,38,115,1,0,0,0,0,1,0,下位,0,0,0
169,169,0,156,380,0,0,0,208,115,-193,1,下位,0,0,0
514,514,0,130,389,0,0,0,169,380,-64,3,下位,0,0,0
103,103,0,124,371,0,0,0,514,389,-438,1,下位,0,0,0
897,897,0,279,792,0,0,0,103,371,-220,1,下位,0,0,0
522,522,0,282,713,0,0,0,897,792,-759,2,下位,0,0,0
183,183,0,100,254,0,0,0,522,713,-820,4,下位,0,0,0
298,298,0,55,165,0,0,0,183,254,-838,2,下位,0,0,0
727,727,0,35,106,0,0,0,298,165,-1115,1,下位,0,0,0
230,230,0,45,134,0,0,0,727,106,-2088,1,下位,0,0,0
168,168,0,299,898,0,0,0,230,134,-2295,1,下位,0,0,0
446,446,0,165,402,0,0,0,168,898,-1646,1,下位,0,0,0
707,707,0,167,454,0,0,0,446,402,-1906,3,下位,0,0,0
400,400,0,35,106,1,0,0,0,0,1,0,下位,0,0,0
151,151,0,142,335,0,0,0,400,106,-486,1,下位,0,0,0
401,401,0,410,1186,0,0,0,151,335,-375,3,下位,0,0,0
651,651,0,157,428,0,0,0,401,1186,216,2,下位,0,0,0
212,212,0,324,927,0,0,0,651,428,-322,2,下位,0,0,0
361,361,0,124,373,0,0,0,212,927,290,2,下位,0,0,0
788,788,0,293,702,0,0,0,361,373,127,1,下位,0,0,0
680,680,0,328,804,0,0,0,788,702,-340,5,下位,0,0,0
665,665,0,72,217,0,0,0,680,804,-545,5,下位,0,0,0
544,544,0,35,105,0,0,0,665,217,-1315,1,下位,0,0,0
198,198,0,247,741,0,0,0,544,105,-2017,1,下位,0,0,0
87,87,0,78,189,0,0,0,198,741,-1570,1,下位,0,0,0
334,334,0,162,396,1,0,0,0,0,1,0,下位,0,0,0
379,379,0,182,457,0,0,0,334,396,-99,3,下位,0,0,0
179,179,0,98,247,0,0,0,379,457,-204,3,下位,0,0,0
484,484,0,201,560,0,0,0,179,247,-223,2,下位,0,0,0
380,380,0,37,112,0,0,0,484,560,-381,2,下位,0,0,0
218,218,0,394,900,0,0,0,380,112,-833,1,下位,0,0,0
104,104,0,149,402,0,0,0,218,900,-256,7,上位,0,0,0
1012,1012,0,39,118,0,0,0,104,402,-8,2,下位,0,0,0
175,175,0,258,639,0,0,0,1012,118,-1391,1,下位,0,0,0
733,733,0,35,104,0,0,0,175,639,-1012,4,下位,0,0,0
206,206,0,51,154,0,0,0,733,104,-1996,1,下位,0,0,0
70,70,0,33,100,0,0,0,206,154,-2148,1,下位,0,0,0
887,887,0,179,538,0,0,0,70,100,-2152,1,下位,0,0,0
982,982,0,117,305,0,0,0,887,538,-2930,1,下位,0,0,0
452,452,0,49,147,0,0,0,982,305,-4082,2,下位,0,0,0
360,360,0,67,202,1,0,0,0,0,1,0,下位,0,0,0
590,590,0,658,1883,0,0,0,360,202,-331,1,下位,0,0,0
187,187,0,220,571,0,0,0,590,1883,677,3,下位,0,0,0
121,121,0,298,708,0,0,0,187,571,971,3,下位,0,0,0
625,625,0,246,646,0,0,0,121,708,1499,5,下位,0,0,0
88,88,0,34,101,0,0,0,625,646,1218,3,下位,0,0,0
359,359,0,100,254,0,0,0,88,101,1188,1,下位,0,0,0
162,162,0,1219,3326,0,0,0,359,254,909,2,下位,0,0,0
62,62,0,150,405,0,0,0,162,3326,2071,8,上位,0,0,0
347,347,0,1540,4182,0,0,0,62,405,145,2,下位,0,0,0
111,111,0,54,163,0,0,0,347,4182,355,10,上位,0,0,0
192,192,0,73,219,0,0,0,111,163,353,1,下位,0,0,0
198,198,0,181,454,0,0,0,192,219,287,1,下位,0,0,0
453,453,0,232,603,0,0,0,198,454,447,3,下位,0,0,0
572,572,0,59,177,1,0,0,0,0,1,0,下位,0,0,0
564,564,0,55,166,0,0,0,572,177,-671,1,下位,0,0,0
143,143,0,42,125,0,0,0,564,166,-1342,1,下位,0,0,0
373,373,0,130,345,0,0,0,143,125,-1429,1,下位,0,0,0
702,702,0,356,889,0,0,0,373,345,-1637,2,下位,0,0,0
114,114,0,276,737,0,0,0,702,889,-1790,5,下位,0,0,0
184,184,0,173,432,0,0,0,114,737,-1222,3,下位,0,0,0
482,482,0,182,456,0,0,0,184,432,-1063,3,下位,0,0,0
103,103,0,211,500,0,0,0,482,456,-1322,3,下位,0,0,0
249,249,0,221,528,0,0,0,103,500,-975,4,下位,0,0,0
642,642,0,41,124,0,0,0,249,528,-816,4,下位,0,0,0
234,234,0,61,184,0,0,0,642,124,-1645,1,下位,0,0,0
700,700,0,190,525,0,0,0,234,184,-1808,1,下位,0,0,0
460,460,0,94,281,0,0,0,700,525,-2322,2,下位,0,0,0
323,323,0,132,395,1,0,0,0,0,1,0,下位,0,0,0
69,69,0,1795,4996,0,0,0,323,395,-83,1,下位,0,0,0
149,149,0,142,426,0,0,0,69,4996,415,9,上位,0,0,0
318,318,0,229,597,0,0,0,149,426,620,1,下位,0,0,0
99,99,0,104,266,0,0,0,318,597,745,3,下位,0,0,0
114,114,0,75,181,0,0,0,99,266,864,2,下位,0,0,0
132,132,0,36,108,0,0,0,114,181,876,2,下位,0,0,0
642,642,0,35,104,0,0,0,132,108,788,1,下位,0,0,0
774,774,0,219,564,0,0,0,642,104,-61,1,下位,0,0,0
120,120,0,40,119,0,0,0,774,564,-645,3,下位,0,0,0
298,298,0,51,153,0,0,0,120,119,-704,1,下位,0,0,0
194,194,0,184,461,0,0,0,298,153,-993,1,下位,0,0,0
946,946,0,586,1534,0,0,0,194,461,-820,3,下位,0,0,0
131,131,0,608,1825,0,0,0,946,1534,-690,6,下位,0,0,0
188,188,0,202,515,1,0,0,0,0,1,0,下位,0,0,0
72,72,0,46,139,0,0,0,188,515,237,3,下位,0,0,0
571,571,0,377,995,0,0,0,72,139,269,1,下位,0,0,0
516,516,0,331,899,0,0,0,571,995,417,4,下位,0,0,0
118,118,0,54,163,0,0,0,516,899,550,3,下位,0,0,0
434,434,0,196,499,0,0,0,118,163,538,1,下位,0,0,0
147,147,0,154,373,0,0,0,434,499,393,3,下位,0,0,0
528,528,0,532,1504,0,0,0,147,373,548,3,下位,0,0,0
47,47,0,127,336,0,0,0,528,1504,1269,3,下位,0,0,0
924,924,0,267,757,0,0,0,47,336,1535,2,下位,0,0,0
183,183,0,586,1579,0,0,0,924,757,921,2,下位,0,0,0
572,572,0,117,352,1,0,0,0,0,1,0,下位,0,0,0
728,728,0,47,141,0,0,0,572,352,-496,1,下位,0,0,0
400,400,0,140,377,0,0,0,728,141,-1435,1,下位,0,0,0
167,167,0,36,107,0,0,0,400,377,-1651,2,下位,0,0,0
203,203,0,1243,3449,0,0,0,167,107,-1792,1,下位,0,0,0
170,170,0,384,1019,0,0,0,203,3449,1243,7,上位,0,0,0
228,228,0,111,288,0,0,0,170,1019,2010,4,下位,0,0,0
199,199,0,84,206,0,0,0,228,288,1960,2,下位,0,0,0
785,785,0,312,754,0,0,0,199,206,1871,2,下位,0,0,0
394,394,0,40,120,0,0,0,785,754,1460,5,下位,0,0,0
320,320,0,38,114,0,0,0,394,120,995,1,下位,0,0,0
366,366,0,49,146,1,0,0,0,0,1,0,下位,0,0,0
505,505,0,128,339,0,0,0,366,146,-396,1,下位,0,0,0
194,194,0,35,106,0,0,0,505,339,-806,2,下位,0,0,0
225,225,0,72,217,0,0,0,194,106,-988,1,下位,0,0,0
1011,1011,0,247,650,0,0,0,225,217,-1105,1,下位,0,0,0
240,240,0,168,414,0,0,0,1011,650,-1955,3,下位,0,0,0
111,111,0,185,465,0,0,0,240,414,-1897,3,下位,0,0,0
784,784,0,411,1188,0,0,0,111,465,-1597,3,下位,0,0,0
350,350,0,57,172,0,0,0,784,1188,-1572,2,下位,0,0,0
197,197,0,143,338,1,0,0,0,0,1,0,下位,0,0,0
65,65,0,35,106,0,0,0,197,338,47,3,下位,0,0,0
646,646,0,74,221,0,0,0,65,106,57,1,下位,0,0,0
335,335,0,373,896,0,0,0,646,221,-680,1,下位,0,0,0
144,144,0,87,262,0,0,0,335,896,-281,6,下位,0,0,0
160,160,0,57,171,0,0,0,144,262,-233,1,下位,0,0,0
116,116,0,358,847,0,0,0,160,171,-299,1,下位,0,0,0
172,172,0,169,417,0,0,0,116,847,376,6,下位,0,0,0
616,616,0,313,849,0,0,0,172,417,538,3,下位,0,0,0
440,440,0,268,759,0,0,0,616,849,473,3,下位,0,0,0
386,386,0,140,329,0,0,0,440,759,579,2,下位,0,0,0
141,141,0,58,175,1,0,0,0,0,1,0,下位,0,0,0
214,214,0,105,270,0,0,0,141,175,-33,1,下位,0,0,0
449,449,0,191,484,0,0,0,214,270,-81,2,下位,0,0,0
326,326,0,59,178,0,0,0,449,484,-263,3,下位,0,0,0
510,510,0,53,160,0,0,0,326,178,-569,1,下位,0,0,0
377,377,0,186,467,0,0,0,510,160,-1166,1,下位,0,0,0
154,154,0,37,111,0,0,0,377,467,-1258,3,下位,0,0,0
159,159,0,110,286,0,0,0,154,111,-1375,1,下位,0,0,0
705,705,0,708,1898,0,0,0,159,286,-1325,2,下位,0,0,0
126,126,0,158,385,0,0,0,705,1898,-473,6,下位,0,0,0
249,249,0,304,823,0,0,0,126,385,-275,3,下位,0,0,0
171,171,0,116,304,0,0,0,249,823,179,3,下位,0,0,0
837,837,0,67,201,0,0,0,171,304,229,2,下位,0,0,0
717,717,0,80,239,0,0,0,837,201,-812,1,下位,0,0,0
336,336,0,176,482,1,0,0,0,0,1,0,下位,0,0,0
123,123,0,60,181,0,0,0,336,482,-16,2,下位,0,0,0
391,391,0,164,403,0,0,0,123,181,-17,1,下位,0,0,0
543,543,0,73,220,0,0,0,391,403,-194,3,下位,0,0,0
116,116,0,398,1059,0,0,0,543,220,-780,1,下位,0,0,0
733,733,0,247,563,0,0,0,116,1059,107,4,下位,0,0,0
439,439,0,138,370,0,0,0,733,563,-418,5,下位,0,0,0
274,274,0,530,1311,0,0,0,439,370,-699,2,下位,0,0,0
103,103,0,193,490,0,0,0,274,1311,205,7,上位,0,0,0
291,291,0,350,826,0,0,0,103,490,542,3,下位,0,0,0
162,162,0,211,497,0,0,0,291,826,936,6,下位,0,0,0
399,399,0,331,773,0,0,0,162,497,1193,4,下位,0,0,0
108,108,0,65,196,0,0,0,399,773,1374,6,下位,0,0,0
572,572,0,337,875,1,0,0,0,0,1,0,下位,0,0,0
136,136,0,56,167,0,0,0,572,875,27,4,下位,0,0,0
124,124,0,83,205,0,0,0,136,167,-8,1,下位,0,0,0
656,656,0,56,169,0,0,0,124,205,13,2,下位,0,0,0
1011,1011,0,124,329,0,0,0,656,169,-791,1,下位,0,0,0
121,121,0,38,114,0,0,0,1011,329,-1962,2,下位,0,0,0
342,342,0,266,660,0,0,0,121,114,-2028,1,下位,0,0,0
110,110,0,147,396,0,0,0,342,660,-1875,4,下位,0,0,0
130,130,0,186,469,0,0,0,110,396,-1642,2,下位,0,0,0
191,191,0,121,318,1,0,0,0,0,1,0,下位,0,0,0
258,258,0,189,477,0,0,0,191,318,36,2,下位,0,0,0
57,57,0,35,104,0,0,0,258,477,130,3,下位,0,0,0
165,165,0,134,355,0,0,0,57,104,149,1,下位,0,0,0
513,513,0,50,151,0,0,0,165,355,259,2,下位,0,0,0
139,139,0,35,104,0,0,0,513,151,-351,1,下位,0,0,0
324,324,0,43,128,0,0,0,139,104,-453,1,下位,0,0,0
149,149,0,41,124,0,0,0,324,128,-806,1,下位,0,0,0
610,610,0,85,254,0,0,0,149,124,-903,1,下位,0,0,0
203,203,0,148,400,0,0,0,610,254,-1554,1,下位,0,0,0
292,292,0,82,200,0,0,0,203,400,-1455,2,下位,0,0,0
45,45,0,395,1096,0,0,0,292,200,-1688,2,下位,0,0,0
134,134,0,55,165,0,0,0,45,1096,-659,3,下位,0,0,0
268,268,0,207,533,0,0,0,134,165,-693,1,下位,0,0,0
317,317,0,239,583,0,0,0,268,533,-558,3,下位,0,0,0
226,226,0,95,238,0,0,0,317,583,-445,4,下位,0,0,0
94,94,0,225,630,0,0,0,226,238,-542,2,下位,0,0,0
266,266,0,219,567,0,0,0,94,630,-51,2,下位,0,0,0
120,120,0,41,124,0,0,0,266,567,121,3,下位,0,0,0
281,281,0,231,603,1,0,0,0,0,1,0,下位,0,0,0
942,942,0,76,182,0,0,0,281,603,187,3,下位,0,0,0
215,215,0,98,249,0,0,0,942,182,-1029,2,下位,0,0,0
310,310,0,283,667,0,0,0,215,249,-1099,2,下位,0,0,0
949,949,0,81,243,0,0,0,310,667,-892,5,下位,0,0,0
551,551,0,119,356,0,0,0,949,243,-2057,1,下位,0,0,0
243,243,0,235,706,0,0,0,551,356,-2519,1,下位,0,0,0
358,358,0,94,238,0,0,0,243,706,-2174,1,下位,0,0,0
399,399,0,393,1090,0,0,0,358,238,-2467,2,下位,0,0,0
265,265,0,269,717,0,0,0,399,1090,-1969,3,下位,0,0,0
150,150,0,160,392,0,0,0,265,717,-1645,3,下位,0,0,0
114,114,0,103,265,1,0,0,0,0,1,0,下位,0,0,0
160,160,0,112,293,0,0,0,114,265,97,2,下位,0,0,0
204,204,0,38,115,0,0,0,160,293,153,2,下位,0,0,0
219,219,0,80,196,0,0,0,204,115,-35,1,下位,0,0,0
354,354,0,93,279,0,0,0,219,196,-164,2,下位,0,0,0
152,152,0,81,199,0,0,0,354,279,-410,1,下位,0,0,0
261,261,0,2223,6229,0,0,0,152,199,-437,2,下位,0,0,0
128,128,0,38,114,0,0,0,261,6229,295,10,上位,0,0,0
52,52,0,142,381,0,0,0,128,114,219,1,下位,0,0,0
98,98,0,37,111,0,0,0,52,381,523,2,下位,0,0,0
106,106,0,34,103,0,0,0,98,111,489,1,下位,0,0,0
97,97,0,36,108,0,0,0,106,103,435,1,下位,0,0,0
131,131,0,60,179,0,0,0,97,108,399,1,下位,0,0,0
323,323,0,34,103,0,0,0,131,179,384,1,下位,0,0,0
411,411,0,126,333,0,0,0,323,103,8,1,下位,0,0,0
302,302,0,34,103,0,0,0,411,333,-269,2,下位,0,0,0
281,281,0,70,210,0,0,0,302,103,-614,1,下位,0,0,0
235,235,0,95,239,0,0,0,281,210,-821,1,下位,0,0,0
477,477,0,68,205,0,0,0,235,239,-931,2,下位,0,0,0
156,156,0,446,1115,0,0,0,477,205,-1434,1,下位,0,0,0
91,91,0,91,230,0,0,0,156,1115,-550,6,下位,0,0,0
131,131,0,169,417,0,0,0,91,230,-455,2,下位,0,0,0
104,104,0,169,419,0,0,0,131,417,-232,3,下位,0,0,0
103,103,0,247,605,0,0,0,104,419,33,3,下位,0,0,0
478,478,0,261,783,1,0,0,0,0,1,0,下位,0,0,0
102,102,0,111,286,0,0,0,478,783,75,1,下位,0,0,0
545,545,0,301,725,0,0,0,102,286,210,2,下位,0,0,0
82,82,0,363,865,0,0,0,545,725,126,5,下位,0,0,0
35,35,0,271,766,0,0,0,82,865,869,6,下位,0,0,0
269,269,0,34,102,0,0,0,35,766,1583,2,下位,0,0,0
361,361,0,29,88,0,0,0,269,102,1286,1,下位,0,0,0
527,527,0,83,205,0,0,0,361,88,838,1,下位,0,0,0
135,135,0,287,678,0,0,0,527,205,261,2,下位,0,0,0
142,142,0,197,501,0,0,0,135,678,739,5,下位,0,0,0
125,125,0,55,166,0,0,0,142,501,1029,3,下位,0,0,0
125,125,0,76,180,0,0,0,125,166,1010,1,下位,0,0,0
384,384,0,53,158,0,0,0,125,180,1005,2,下位,0,0,0
494,494,0,89,223,0,0,0,384,158,593,1,下位,0,0,0
89,89,0,33,100,0,0,0,494,223,83,2,下位,0,0,0
496,496,0,75,224,0,0,0,89,100,51,1,下位,0,0,0
456,456,0,41,122,1,0,0,0,0,1,0,下位,0,0,0
480,480,0,69,208,0,0,0,456,122,-554,1,下位,0,0,0
102,102,0,55,166,0,0,0,480,208,-1058,1,下位,0,0,0
813,813,0,36,108,0,0,0,102,166,-1043,1,下位,0,0,0
544,544,0,35,105,0,0,0,813,108,-2141,1,下位,0,0,0
409,409,0,34,103,0,0,0,544,105,-2843,1,下位,0,0,0
172,172,0,392,995,0,0,0,409,103,-3347,1,下位,0,0,0
776,776,0,40,121,0,0,0,172,995,-2607,5,下位,0,0,0
242,242,0,86,257,0,0,0,776,121,-3637,1,下位,0,0,0
421,421,0,87,261,0,0,0,242,257,-3739,1,下位,0,0,0
452,452,0,42,125,0,0,0,421,261,-4103,1,下位,0,0,0
117,117,0,182,457,0,0,0,452,125,-4649,1,下位,0,0,0
73,73,0,76,184,0,0,0,117,457,-4366,3,下位,0,0,0
362,362,0,105,270,1,0,0,0,0,1,0,下位,0,0,0
395,395,0,103,265,0,0,0,362,270,-266,2,下位,0,0,0
75,75,0,117,305,0,0,0,395,265,-587,2,下位,0,0,0
118,118,0,239,584,0,0,0,75,305,-393,2,下位,0,0,0
518,518,0,231,561,0,0,0,118,584,16,4,下位,0,0,0
1009,1009,0,306,831,0,0,0,518,561,-192,4,下位,0,0,0
437,437,0,231,557,0,0,0,1009,831,-858,3,下位,0,0,0
363,363,0,92,231,0,0,0,437,557,-949,4,下位,0,0,0
361,361,0,513,1314,0,0,0,363,231,-1257,2,下位,0,0,0
135,135,0,34,103,0,0,0,361,1314,-479,6,下位,0,0,0
184,184,0,171,378,0,0,0,135,103,-576,1,下位,0,0,0
71,71,0,245,557,0,0,0,184,378,-471,4,下位,0,0,0
121,121,0,200,549,0,0,0,71,557,-19,5,下位,0,0,0
205,205,0,91,229,0,0,0,121,549,350,2,下位,0,0,0
190,190,0,79,194,0,0,0,205,229,275,2,下位,0,0,0
639,639,0,58,175,0,0,0,190,194,187,2,下位,0,0,0
857,857,0,136,361,0,0,0,639,175,-586,1,下位,0,0,0
33,33,0,143,430,1,0,0,0,0,1,0,下位,0,0,0
252,252,0,110,286,0,0,0,33,430,382,1,下位,0,0,0
366,366,0,144,341,0,0,0,252,286,294,2,下位,0,0,0
206,206,0,37,111,0,0,0,366,341,92,3,下位,0,0,0
180,180,0,99,254,0,0,0,206,111,-103,1,下位,0,0,0
144,144,0,140,331,0,0,0,180,254,-116,2,下位,0,0,0
194,194,0,102,262,0,0,0,144,331,1,3,下位,0,0,0
253,253,0,770,2133,0,0,0,194,262,-25,2,下位,0,0,0
92,92,0,35,104,0,0,0,253,2133,1733,5,下位,0,0,0
29,29,0,814,2334,0,0,0,92,104,1701,1,下位,0,0,0
109,109,0,107,278,0,0,0,29,2334,286,3,下位,0,0,0
25,25,0,40,121,0,0,0,109,278,402,2,下位,0,0,0
492,492,0,156,423,0,0,0,25,121,486,1,下位,0,0,0
348,348,0,366,873,0,0,0,492,423,179,2,下位,0,0,0
173,173,0,150,406,0,0,0,348,873,536,6,下位,0,0,0
543,543,0,37,110,0,0,0,173,406,685,2,下位,0,0,0
325,325,0,179,492,0,0,0,543,110,-11,1,下位,0,0,0
839,839,0,502,1230,0,0,0,325,492,-1,2,下位,0,0,0
127,127,0,76,229,1,0,0,0,0,1,0,下位,0,0,0
448,448,0,170,510,0,0,0,127,229,42,1,下位,0,0,0
735,735,0,243,637,0,0,0,448,510,-113,1,下位,0,0,0
1009,1009,0,54,162,0,0,0,735,637,-567,3,下位,0,0,0
116,116,0,57,172,0,0,0,1009,162,-1902,1,下位,0,0,0
151,151,0,70,210,0,0,0,116,172,-1902,1,下位,0,0,0
827,827,0,151,362,0,0,0,151,210,-1916,1,下位,0,0,0
461,461,0,99,297,0,0,0,827,362,-2781,3,下位,0,0,0
352,352,0,289,735,0,0,0,461,297,-3168,1,下位,0,0,0
210,210,0,94,239,1,0,0,0,0,1,0,下位,0,0,0
287,287,0,52,157,0,0,0,210,239,-72,2,下位,0,0,0
854,854,0,119,315,0,0,0,287,157,-341,1,下位,0,0,0
35,35,0,49,148,0,0,0,854,315,-1293,2,下位,0,0,0
33,33,0,257,681,0,0,0,35,148,-1197,1,下位,0,0,0
24,24,0,429,1153,0,0,0,33,681,-565,3,下位,0,0,0
213,213,0,37,111,0,0,0,24,1153,552,4,下位,0,0,0
52,52,0,143,384,0,0,0,213,111,347,1,下位,0,0,0
357,357,0,864,2317,0,0,0,52,384,654,2,下位,0,0,0
133,133,0,285,722,0,0,0,357,2317,416,7,上位,0,0,0
243,243,0,581,1565,0,0,0,133,722,941,4,下位,0,0,0
122,122,0,80,194,0,0,0,243,1565,2145,5,下位,0,0,0
644,644,0,112,291,0,0,0,122,194,2158,2,下位,0,0,0
164,164,0,145,392,1,0,0,0,0,1,0,下位,0,0,0
492,492,0,99,296,0,0,0,164,392,150,2,下位,0,0,0
752,752,0,60,180,0,0,0,492,296,-284,1,下位,0,0,0
317,317,0,355,931,0,0,0,752,180,-1220,1,下位,0,0,0
687,687,0,45,135,0,0,0,317,931,-759,4,下位,0,0,0
688,688,0,223,535,0,0,0,687,135,-1643,1,下位,0,0,0
519,519,0,64,191,0,0,0,688,535,-2129,4,下位,0,0,0
110,110,0,158,430,0,0,0,519,191,-2708,1,下位,0,0,0
130,130,0,381,1008,0,0,0,110,430,-2441,2,下位,0,0,0
462,462,0,157,425,0,0,0,130,1008,-1626,4,下位,0,0,0
599,599,0,52,157,0,0,0,462,425,-1886,2,下位,0,0,0
225,225,0,254,674,0,0,0,599,157,-2618,1,下位,0,0,0
620,620,0,165,405,1,0,0,0,0,1,0,下位,0,0,0
33,33,0,35,106,0,0,0,620,405,-514,3,下位,0,0,0
235,235,0,202,560,0,0,0,33,106,-457,1,下位,0,0,0
191,191,0,37,110,0,0,0,235,560,-246,2,下位,0,0,0
964,964,0,153,370,0,0,0,191,110,-419,1,下位,0,0,0
124,124,0,36,109,0,0,0,964,370,-1479,3,下位,0,0,0
102,102,0,169,417,0,0,0,124,109,-1554,1,下位,0,0,0
207,207,0,237,665,0,0,0,102,417,-1288,3,下位,0,0,0
240,240,0,417,1070,0,0,0,207,665,-930,2,下位,0,0,0
359,359,0,573,1499,0,0,0,240,1070,-216,5,下位,0,0,0
93,93,0,70,211,0,0,0,359,1499,750,6,下位,0,0,0
612,612,0,298,761,0,0,0,93,211,823,1,下位,0,0,0
804,804,0,35,105,0,0,0,612,761,676,4,下位,0,0,0
260,260,0,62,187,0,0,0,804,105,-412,1,下位,0,0,0
902,902,0,234,702,0,0,0,260,187,-611,1,下位,0,0,0
227,227,0,33,100,1,0,0,0,0,1,0,下位,0,0,0
157,157,0,35,106,0,0,0,227,100,-236,1,下位,0,0,0
211,211,0,34,103,0,0,0,157,106,-363,1,下位,0,0,0
809,809,0,816,2224,0,0,0,211,103,-573,1,下位,0,0,0
77,77,0,38,115,0,0,0,809,2224,451,6,下位,0,0,0
157,157,0,73,220,0,0,0,77,115,452,1,下位,0,0,0
488,488,0,134,359,0,0,0,157,220,439,1,下位,0,0,0
704,704,0,163,488,0,0,0,488,359,74,2,下位,0,0,0
630,630,0,124,329,0,0,0,704,488,-483,1,下位,0,0,0
338,338,0,34,103,0,0,0,630,329,-1089,2,下位,0,0,0
223,223,0,49,148,0,0,0,338,103,-1487,1,下位,0,0,0
998,998,0,219,613,0,0,0,223,148,-1670,1,下位,0,0,0
458,458,0,37,112,1,0,0,0,0,1,0,下位,0,0,0
930,930,0,271,721,0,0,0,458,112,-567,1,下位,0,0,0
459,459,0,103,262,0,0,0,930,721,-1226,3,下位,0,0,0
729,729,0,80,241,0,0,0,459,262,-1645,2,下位,0,0,0
82,82,0,250,662,0,0,0,729,241,-2486,1,下位,0,0,0
185,185,0,376,950,0,0,0,82,662,-1946,3,下位,0,0,0
115,115,0,273,684,0,0,0,185,950,-1270,5,下位,0,0,0
141,141,0,718,1871,0,0,0,115,684,-757,4,下位,0,0,0
115,115,0,35,106,0,0,0,141,1871,823,7,上位,0,0,0
199,199,0,37,112,0,0,0,115,106,758,1,下位,0,0,0
510,510,0,82,247,0,0,0,199,112,575,1,下位,0,0,0
667,667,0,293,654,0,0,0,510,247,65,1,下位,0,0,0
109,109,0,41,123,0,0,0,667,654,-271,6,下位,0,0,0
561,561,0,42,125,0,0,0,109,123,-310,1,下位,0,0,0
88,88,0,50,151,0,0,0,561,125,-1017,1,下位,0,0,0
327,327,0,624,1592,1,0,0,0,0,1,0,下位,0,0,0
213,213,0,42,126,0,0,0,327,1592,319,7,上位,0,0,0
71,71,0,195,494,0,0,0,213,126,129,1,下位,0,0,0
505,505,0,279,836,0,0,0,71,494,518,3,下位,0,0,0
547,547,0,118,308,0,0,0,505,836,605,1,下位,0,0,0
27,27,0,441,1045,0,0,0,547,308,101,2,下位,0,0,0
80,80,0,79,193,0,0,0,27,1045,331,7,上位,0,0,0
410,410,0,84,206,0,0,0,80,193,405,2,下位,0,0,0
454,454,0,35,105,0,0,0,410,206,3,2,下位,0,0,0
63,63,0,44,133,0,0,0,454,105,-566,1,下位,0,0,0
699,699,0,43,128,0,0,0,63,133,-526,1,下位,0,0,0
210,210,0,85,209,0,0,0,699,128,-1435,1,下位,0,0,0
345,345,0,50,151,0,0,0,210,209,-1538,2,下位,0,0,0
386,386,0,45,136,0,0,0,345,151,-1899,1,下位,0,0,0
692,692,0,53,160,0,0,0,386,136,-2336,1,下位,0,0,0
523,523,0,308,835,0,0,0,692,160,-3203,1,下位,0,0,0
95,95,0,38,116,1,0,0,0,0,1,0,下位,0,0,0
859,859,0,88,264,0,0,0,95,116,-24,1,下位,0,0,0
1008,1008,0,39,115,0,0,0,859,264,-1034,1,下位,0,0,0
383,383,0,343,939,0,0,0,1008,115,-2415,1,下位,0,0,0
1012,1012,0,222,665,0,0,0,383,939,-2044,3,下位,0,0,0
654,654,0,185,468,0,0,0,1012,665,-2880,1,下位,0,0,0
661,661,0,55,166,0,0,0,654,468,-3382,3,下位,0,0,0
906,906,0,48,145,0,0,0,661,166,-4197,1,下位,0,0,0
44,44,0,287,723,0,0,0,906,145,-5396,1,下位,0,0,0
67,67,0,214,554,1,0,0,0,0,1,0,下位,0,0,0
323,323,0,288,683,0,0,0,67,554,456,3,下位,0,0,0
260,260,0,37,110,0,0,0,323,683,660,5,下位,0,0,0
322,322,0,88,264,0,0,0,260,110,384,1,下位,0,0,0
703,703,0,229,641,0,0,0,322,264,170,1,下位,0,0,0
679,679,0,88,219,0,0,0,703,641,-232,2,下位,0,0,0
628,628,0,39,118,0,0,0,679,219,-1020,2,下位,0,0,0
651,651,0,60,181,0,0,0,628,118,-1834,1,下位,0,0,0
92,92,0,78,189,0,0,0,651,181,-2619,1,下位,0,0,0
205,205,0,187,469,0,0,0,92,189,-2566,2,下位,0,0,0
444,444,0,172,470,0,0,0,205,469,-2401,3,下位,0,0,0
89,89,0,295,795,0,0,0,444,470,-2590,2,下位,0,0,0
354,354,0,45,136,1,0,0,0,0,1,0,下位,0,0,0
685,685,0,149,446,0,0,0,354,136,-388,1,下位,0,0,0
102,102,0,39,115,0,0,0,685,446,-958,1,下位,0,0,0
190,190,0,140,374,0,0,0,102,115,-994,1,下位,0,0,0
154,154,0,630,1754,0,0,0,190,374,-902,2,下位,0,0,0
201,201,0,37,112,0,0,0,154,1754,624,4,下位,0,0,0
364,364,0,131,350,0,0,0,201,112,438,1,下位,0,0,0
270,270,0,505,1336,0,0,0,364,350,248,2,下位,0,0,0
127,127,0,525,1298,0,0,0,270,1336,1183,5,下位,0,0,0
148,148,0,140,377,0,0,0,127,1298,497,7,上位,0,0,0
447,447,0,42,126,0,0,0,148,377,654,2,下位,0,0,0
137,137,0,45,137,0,0,0,447,126,117,1,下位,0,0,0
23,23,0,41,124,1,0,0,0,0,1,0,下位,0,0,0
701,701,0,1107,3320,0,0,0,23,124,91,1,下位,0,0,0
90,90,0,147,349,0,0,0,701,3320,2371,1,下位,0,0,0
368,368,0,38,114,0,0,0,90,349,348,3,下位,0,0,0
565,565,0,1203,3334,0,0,0,368,114,-84,1,下位,0,0,0
36,36,0,479,1394,0,0,0,565,3334,1397,7,上位,0,0,0
656,656,0,347,817,0,0,0,36,1394,449,2,下位,0,0,0
203,203,0,54,163,0,0,0,656,817,293,6,下位,0,0,0
471,471,0,160,434,0,0,0,203,163,155,1,下位,0,0,0
425,425,0,35,104,1,0,0,0,0,1,0,下位,0,0,0
875,875,0,385,1022,0,0,0,425,104,-526,1,下位,0,0,0
533,533,0,133,353,0,0,0,875,1022,-802,4,下位,0,0,0
638,638,0,320,915,0,0,0,533,353,-1240,2,下位,0,0,0
170,170,0,51,153,0,0,0,638,915,-1272,2,下位,0,0,0
258,258,0,37,111,0,0,0,170,153,-1371,1,下位,0,0,0
81,81,0,230,554,0,0,0,258,111,-1643,1,下位,0,0,0
899,899,0,295,748,0,0,0,81,554,-1209,4,下位,0,0,0
723,723,0,85,211,0,0,0,899,748,-1795,4,下位,0,0,0
44,44,0,63,189,0,0,0,723,211,-2657,2,下位,0,0,0
143,143,0,257,635,0,0,0,44,189,-2533,1,下位,0,0,0
399,399,0,50,151,1,0,0,0,0,1,0,下位,0,0,0
475,475,0,34,103,0,0,0,399,151,-440,1,下位,0,0,0
36,36,0,330,766,0,0,0,475,103,-1042,1,下位,0,0,0
218,218,0,35,105,0,0,0,36,766,-329,6,下位,0,0,0
40,40,0,94,237,0,0,0,218,105,-547,1,下位,0,0,0
139,139,0,34,101,0,0,0,40,237,-369,2,下位,0,0,0
306,306,0,75,225,0,0,0,139,101,-474,1,下位,0,0,0
142,142,0,526,1299,0,0,0,306,225,-703,1,下位,0,0,0
155,155,0,152,364,0,0,0,142,1299,385,7,上位,0,0,0
349,349,0,274,735,0,0,0,155,364,519,3,下位,0,0,0
232,232,0,364,1003,0,0,0,349,735,736,3,下位,0,0,0
122,122,0,105,313,0,0,0,232,1003,1395,3,下位,0,0,0
865,865,0,434,1077,0,0,0,122,313,1527,1,下位,0,0,0
142,142,0,34,102,0,0,0,865,1077,1321,6,下位,0,0,0
81,81,0,60,180,0,0,0,142,102,1212,1,下位,0,0,0
560,560,0,44,131,0,0,0,81,180,1272,1,下位,0,0,0
375,375,0,82,201,0,0,0,560,131,572,1,下位,0,0,0
541,541,0,67,201,1,0,0,0,0,1,0,下位,0,0,0
166,166,0,1065,2970,0,0,0,541,201,-601,1,下位,0,0,0
184,184,0,253,623,0,0,0,166,2970,2123,6,下位,0,0,0
932,932,0,52,155,0,0,0,184,623,179,4,下位,0,0,0
989,989,0,227,635,0,0,0,932,155,-1049,1,下位,0,0,0
408,408,0,39,119,0,0,0,989,635,-1881,2,下位,0,0,0
180,180,0,37,110,0,0,0,408,119,-2367,1,下位,0,0,0
86,86,0,42,127,0,0,0,180,110,-2524,1,下位,0,0,0
112,112,0,78,234,0,0,0,86,127,-2525,1,下位,0,0,0
352,352,0,151,406,0,0,0,112,234,-2457,1,下位,0,0,0
617,617,0,417,1024,0,0,0,352,406,-2573,2,下位,0,0,0
87,87,0,151,406,0,0,0,617,1024,-2464,6,下位,0,0,0
181,181,0,304,733,1,0,0,0,0,1,0,下位,0,0,0
268,268,0,463,1162,0,0,0,181,733,465,5,下位,0,0,0
102,102,0,107,274,0,0,0,268,1162,1229,6,下位,0,0,0
278,278,0,113,296,0,0,0,102,274,1352,2,下位,0,0,0
141,141,0,174,433,0,0,0,278,296,1236,2,下位,0,0,0
495,495,0,67,201,0,0,0,141,433,1460,3,下位,0,0,0
82,82,0,580,1560,0,0,0,495,201,927,1,下位,0,0,0
494,494,0,132,352,0,0,0,82,1560,150,5,下位,0,0,0
515,515,0,41,125,0,0,0,494,352,-231,2,下位,0,0,0
562,562,0,128,338,0,0,0,515,125,-870,1,下位,0,0,0
122,122,0,230,557,0,0,0,562,338,-1366,2,下位,0,0,0
1008,1008,0,344,988,0,0,0,122,557,-990,4,下位,0,0,0
132,132,0,39,118,0,0,0,1008,988,-1498,2,下位,0,0,0
92,92,0,1244,3349,1,0,0,0,0,1,0,下位,0,0,0
164,164,0,34,103,0,0,0,92,3349,533,9,上位,0,0,0
240,240,0,138,368,0,0,0,164,103,393,1,下位,0,0,0
341,341,0,56,168,0,0,0,240,368,405,2,下位,0,0,0
80,80,0,210,586,0,0,0,341,168,67,1,下位,0,0,0
1010,1010,0,40,119,0,0,0,80,586,534,2,下位,0,0,0
1009,1009,0,235,662,0,0,0,1010,119,-846,1,下位,0,0,0
256,256,0,100,301,0,0,0,1009,662,-1681,2,下位,0,0,0
160,160,0,88,220,0,0,0,256,301,-1760,1,下位,0,0,0
283,283,0,134,358,0,0,0,160,220,-1777,2,下位,0,0,0
699,699,0,169,419,0,0,0,283,358,-1839,2,下位,0,0,0
591,591,0,144,343,0,0,0,699,419,-2457,3,下位,0,0,0
299,299,0,43,130,0,0,0,591,343,-2991,3,下位,0,0,0
300,300,0,335,826,0,0,0,299,130,-3305,1,下位,0,0,0
249,249,0,112,292,0,0,0,300,826,-2924,5,下位,0,0,0
104,104,0,39,116,1,0,0,0,0,1,0,下位,0,0,0
106,106,0,33,100,0,0,0,104,116,-37,1,下位,0,0,0
200,200,0,35,104,0,0,0,106,100,-94,1,下位,0,0,0
163,163,0,442,1103,0,0,0,200,104,-287,1,下位,0,0,0
182,182,0,387,984,0,0,0,163,1103,574,6,下位,0,0,0
146,146,0,280,749,0,0,0,182,984,1288,5,下位,0,0,0
69,69,0,119,313,0,0,0,146,749,1820,3,下位,0,0,0
66,66,0,188,475,0,0,0,69,313,2031,2,下位,0,0,0
168,168,0,339,883,0,0,0,66,475,2408,3,下位,0,0,0
727,727,0,210,538,0,0,0,168,883,529,4,下位,0,0,0
398,398,0,113,294,0,0,0,727,538,-12,3,下位,0,0,0
748,748,0,380,959,0,0,0,398,294,-309,2,下位,0,0,0
669,669,0,56,169,0,0,0,748,959,-460,5,下位,0,0,0
489,489,0,102,305,0,0,0,669,169,-1284,1,下位,0,0,0
73,73,0,48,145,0,0,0,489,305,-1705,1,下位,0,0,0
51,51,0,36,108,0,0,0,73,145,-1668,1,下位,0,0,0
86,86,0,41,124,0,0,0,51,108,-1636,1,下位,0,0,0
129,129,0,291,783,0,0,0,86,124,-1640,1,下位,0,0,0
433,433,0,121,317,1,0,0,0,0,1,0,下位,0,0,0
636,636,0,46,138,0,0,0,433,317,-324,2,下位,0,0,0
346,346,0,41,124,0,0,0,636,138,-1130,1,下位,0,0,0
453,453,0,312,754,0,0,0,346,124,-1519,1,下位,0,0,0
657,657,0,178,442,0,0,0,453,754,-1437,5,下位,0,0,0
298,298,0,132,395,0,0,0,657,442,-1970,3,下位,0,0,0
715,715,0,44,132,0,0,0,298,395,-2017,1,下位,0,0,0
176,176,0,186,513,0,0,0,715,132,-2946,1,下位,0,0,0
150,150,0,292,742,0,0,0,176,513,-2694,2,下位,0,0,0
307,307,0,162,396,0,0,0,150,742,-2175,4,下位,0,0,0
319,319,0,39,117,0,0,0,307,396,-2234,3,下位,0,0,0
320,320,0,76,183,0,0,0,319,117,-2590,1,下位,0,0,0
499,499,0,280,749,0,0,0,320,183,-2882,2,下位,0,0,0
96,96,0,148,355,1,0,0,0,0,1,0,下位,0,0,0
102,102,0,93,233,0,0,0,96,355,214,3,下位,0,0,0
58,58,0,33,100,0,0,0,102,233,296,2,下位,0,0,0
166,166,0,160,436,0,0,0,58,100,310,1,下位,0,0,0
162,162,0,84,253,0,0,0,166,436,500,2,下位,0,0,0
80,80,0,139,370,0,0,0,162,253,513,1,下位,0,0,0
492,492,0,168,460,0,0,0,80,370,764,2,下位,0,0,0
524,524,0,402,978,0,0,0,492,460,494,2,下位,0,0,0
124,124,0,39,116,0,0,0,524,978,695,6,下位,0,0,0
377,377,0,641,1924,0,0,0,124,116,627,1,下位,0,0,0
757,757,0,918,2422,0,0,0,377,1924,1992,1,下位,0,0,0
226,226,0,173,473,0,0,0,757,2422,352,8,上位,0,0,0
254,254,0,128,384,0,0,0,226,473,490,2,下位,0,0,0
832,832,0,116,348,0,0,0,254,384,497,1,下位,0,0,0
78,78,0,38,114,0,0,0,832,348,-389,1,下位,0,0,0
536,536,0,49,148,0,0,0,78,114,-391,1,下位,0,0,0
460,460,0,35,106,1,0,0,0,0,1,0,下位,0,0,0
125,125,0,167,413,0,0,0,460,106,-575,1,下位,0,0,0
184,184,0,35,105,0,0,0,125,413,-347,3,下位,0,0,0
102,102,0,397,1008,0,0,0,184,105,-515,1,下位,0,0,0
106,106,0,245,598,0,0,0,102,1008,342,5,下位,0,0,0
429,429,0,311,845,0,0,0,106,598,783,4,下位,0,0,0
389,389,0,194,492,0,0,0,429,845,992,3,下位,0,0,0
55,55,0,251,664,0,0,0,389,492,907,3,下位,0,0,0
231,231,0,365,960,0,0,0,55,664,1489,3,下位,0,0,0
182,182,0,146,394,0,0,0,231,960,2106,4,下位,0,0,0
495,495,0,165,406,0,0,0,182,394,2230,2,下位,0,0,0
577,577,0,213,505,0,0,0,495,406,1902,3,下位,0,0,0
32,32,0,34,103,0,0,0,577,505,1551,4,下位,0,0,0
151,151,0,150,405,0,0,0,32,103,1607,1,下位,0,0,0
183,183,0,229,555,0,0,0,151,405,1788,2,下位,0,0,0
586,586,0,418,1074,0,0,0,183,555,2071,4,下位,0,0,0
724,724,0,106,274,0,0,0,586,1074,2276,5,下位,0,0,0
393,393,0,35,103,1,0,0,0,0,1,0,下位,0,0,0
438,438,0,114,296,0,0,0,393,103,-479,1,下位,0,0,0
31,31,0,37,113,0,0,0,438,296,-833,2,下位,0,0,0
191,191,0,375,1035,0,0,0,31,113,-766,1,下位,0,0,0
1016,1016,0,365,1053,0,0,0,191,1035,-14,3,下位,0,0,0
143,143,0,93,234,0,0,0,1016,1053,-468,2,下位,0,0,0
154,154,0,39,117,0,0,0,143,234,-446,2,下位,0,0,0
280,280,0,370,974,0,0,0,154,117,-557,1,下位,0,0,0
778,778,0,173,518,0,0,0,280,974,2,4,下位,0,0,0
110,110,0,79,193,1,0,0,0,0,1,0,下位,0,0,0
628,628,0,294,745,0,0,0,110,193,31,2,下位,0,0,0
235,235,0,60,181,0,0,0,628,745,-156,4,下位,0,0,0
900,900,0,75,226,0,0,0,235,181,-324,1,下位,0,0,0
363,363,0,68,203,0,0,0,900,226,-1433,1,下位,0,0,0
761,761,0,1317,3672,0,0,0,363,203,-1769,1,下位,0,0,0
433,433,0,184,463,1,0,0,0,0,1,0,下位,0,0,0
162,162,0,76,185,0,0,0,433,463,-178,3,下位,0,0,0
463,463,0,67,202,0,0,0,162,185,-233,2,下位,0,0,0
790,790,0,1526,4191,0,0,0,463,202,-718,1,下位,0,0,0
174,174,0,336,827,0,0,0,790,4191,1277,9,上位,0,0,0
327,327,0,103,264,0,0,0,174,827,1846,5,下位,0,0,0
77,77,0,317,726,0,0,0,327,264,1625,2,下位,0,0,0
122,122,0,37,112,0,0,0,77,726,2237,6,下位,0,0,0
122,122,0,36,110,1,0,0,0,0,1,0,下位,0,0,0
608,608,0,41,125,0,0,0,122,110,-70,1,下位,0,0,0
280,280,0,178,442,0,0,0,608,125,-847,1,下位,0,0,0
454,454,0,441,1101,0,0,0,280,442,-820,3,下位,0,0,0
120,120,0,100,257,1,0,0,0,0,1,0,下位,0,0,0
867,867,0,137,368,0,0,0,120,257,80,2,下位,0,0,0
588,588,0,78,234,0,0,0,867,368,-838,2,下位,0,0,0
219,219,0,37,112,0,0,0,588,234,-1476,1,下位,0,0,0
30,30,0,91,229,0,0,0,219,112,-1689,1,下位,0,0,0
1014,1014,0,157,425,0,0,0,30,229,-1505,2,下位,0,0,0
219,219,0,43,130,0,0,0,1014,425,-2584,2,下位,0,0,0
89,89,0,45,136,0,0,0,219,130,-2779,1,下位,0,0,0
711,711,0,44,132,0,0,0,89,136,-2775,1,下位,0,0,0
118,118,0,66,198,0,0,0,711,132,-3698,1,下位,0,0,0
420,420,0,768,2028,0,0,0,118,198,-3675,1,下位,0,0,0
128,128,0,36,108,0,0,0,420,2028,-2270,7,上位,0,0,0
130,130,0,192,530,0,0,0,128,108,-2352,1,下位,0,0,0
183,183,0,43,128,0,0,0,130,530,-2015,2,下位,0,0,0
618,618,0,292,830,0,0,0,183,128,-2159,1,下位,0,0,0
181,181,0,107,278,0,0,0,618,830,-2246,2,下位,0,0,0
222,222,0,87,217,1,0,0,0,0,1,0,下位,0,0,0
115,115,0,82,245,0,0,0,222,217,-111,2,下位,0,0,0
882,882,0,239,669,0,0,0,115,245,-37,1,下位,0,0,0
508,508,0,337,966,0,0,0,882,669,-677,2,下位,0,0,0
53,53,0,277,696,0,0,0,508,966,-465,2,下位,0,0,0
65,65,0,233,655,0,0,0,53,696,152,4,下位,0,0,0
431,431,0,163,399,0,0,0,65,655,711,2,下位,0,0,0
369,369,0,118,354,0,0,0,431,399,471,3,下位,0,0,0
581,581,0,239,670,0,0,0,369,354,278,1,下位,0,0,0
497,497,0,105,272,0,0,0,581,670,86,2,下位,0,0,0
910,910,0,211,500,0,0,0,497,272,-379,2,下位,0,0,0
124,124,0,37,111,0,0,0,910,500,-1229,4,下位,0,0,0
472,472,0,224,627,1,0,0,0,0,1,0,下位,0,0,0
373,373,0,191,441,0,0,0,472,627,-72,2,下位,0,0,0
275,275,0,54,161,0,0,0,373,441,-184,4,下位,0,0,0
52,52,0,215,555,0,0,0,275,161,-431,1,下位,0,0,0
430,430,0,41,123,0,0,0,52,555,47,3,下位,0,0,0
627,627,0,65,194,0,0,0,430,123,-468,1,下位,0,0,0
481,481,0,101,303,0,0,0,627,194,-1204,1,下位,0,0,0
917,917,0,158,383,0,0,0,481,303,-1615,1,下位,0,0,0
52,52,0,37,112,0,0,0,917,383,-2593,3,下位,0,0,0
139,139,0,38,115,0,0,0,52,112,-2558,1,下位,0,0,0
334,334,0,98,247,0,0,0,139,115,-2649,1,下位,0,0,0
654,654,0,107,277,0,0,0,334,247,-2898,2,下位,0,0,0
116,116,0,812,2103,0,0,0,654,277,-3591,2,下位,0,0,0
90,90,0,74,221,0,0,0,116,2103,-1660,8,上位,0,0,0
165,165,0,1233,3367,0,0,0,90,221,-1573,1,下位,0,0,0
209,209,0,157,380,1,0,0,0,0,1,0,下位,0,0,0
662,662,0,918,2475,0,0,0,209,380,71,3,下位,0,0,0
127,127,0,51,152,0,0,0,662,2475,1467,7,上位,0,0,0
476,476,0,443,1104,0,0,0,127,152,1431,1,下位,0,0,0
101,101,0,111,332,0,0,0,476,1104,1829,6,下位,0,0,0
391,391,0,157,382,0,0,0,101,332,2011,1,下位,0,0,0
378,378,0,171,425,0,0,0,391,382,1813,3,下位,0,0,0
449,449,0,171,425,0,0,0,378,425,1677,3,下位,0,0,0
106,106,0,190,432,0,0,0,449,425,1436,3,下位,0,0,0
384,384,0,160,392,0,0,0,106,432,1711,4,下位,0,0,0
496,496,0,352,877,0,0,0,384,392,1533,3,下位,0,0,0
555,555,0,169,417,0,0,0,496,877,1674,5,下位,0,0,0
457,457,0,903,2485,0,0,0,555,417,1268,3,下位,0,0,0
413,413,0,181,498,1,0,0,0,0,1,0,下位,0,0,0
562,562,0,224,538,0,0,0,413,498,-114,2,下位,0,0,0
102,102,0,156,424,0,0,0,562,538,-410,4,下位,0,0,0
125,125,0,34,103,0,0,0,102,424,-137,2,下位,0,0,0
65,65,0,187,516,0,0,0,125,103,-219,1,下位,0,0,0
967,967,0,330,947,0,0,0,65,516,201,2,下位,0,0,0
156,156,0,171,467,0,0,0,967,947,-287,2,下位,0,0,0
335,335,0,38,114,0,0,0,156,467,-51,2,下位,0,0,0
218,218,0,79,193,0,0,0,335,114,-434,1,下位,0,0,0
156,156,0,38,116,0,0,0,218,193,-564,2,下位,0,0,0
95,95,0,35,105,0,0,0,156,116,-679,1,下位,0,0,0
428,428,0,34,100,0,0,0,95,105,-715,1,下位,0,0,0
629,629,0,924,2591,0,0,0,428,100,-1250,1,下位,0,0,0
75,75,0,440,1275,0,0,0,629,2591,408,5,下位,0,0,0
377,377,0,196,498,1,0,0,0,0,1,0,下位,0,0,0
327,327,0,77,231,0,0,0,377,498,-60,3,下位,0,0,0
119,119,0,185,464,0,0,0,327,231,-314,1,下位,0,0,0
334,334,0,241,632,0,0,0,119,464,-27,3,下位,0,0,0
205,205,0,246,692,0,0,0,334,632,109,3,下位,0,0,0
513,513,0,37,111,0,0,0,205,692,497,2,下位,0,0,0
265,265,0,131,348,0,0,0,513,111,-153,1,下位,0,0,0
103,103,0,108,279,0,0,0,265,348,-198,2,下位,0,0,0
546,546,0,70,212,0,0,0,103,279,-72,2,下位,0,0,0
391,391,0,109,281,0,0,0,546,212,-670,1,下位,0,0,0
402,402,0,79,238,0,0,0,391,281,-969,2,下位,0,0,0
247,247,0,106,271,0,0,0,402,238,-1327,1,下位,0,0,0
588,588,0,366,964,0,0,0,247,271,-1422,2,下位,0,0,0
268,268,0,61,182,0,0,0,588,964,-1330,4,下位,0,0,0
156,156,0,245,646,0,0,0,268,182,-1546,1,下位,0,0,0
986,986,0,147,395,0,0,0,156,646,-1131,3,下位,0,0,0
47,47,0,446,1201,1,0,0,0,0,1,0,下位,0,0,0
135,135,0,441,1144,0,0,0,47,1201,1132,4,下位,0,0,0
497,497,0,209,490,0,0,0,135,1144,2076,5,下位,0,0,0
52,52,0,1718,5002,0,0,0,497,490,1829,4,下位,0,0,0
136,136,0,51,152,0,0,0,52,5002,4507,4,下位,0,0,0
275,275,0,38,113,0,0,0,136,152,153,1,下位,0,0,0
147,147,0,258,639,0,0,0,275,113,-142,1,下位,0,0,0
420,420,0,116,303,0,0,0,147,639,279,4,下位,0,0,0
271,271,0,139,329,0,0,0,420,303,-41,2,下位,0,0,0
858,858,0,78,187,0,0,0,271,329,-114,3,下位,0,0,0
151,151,0,480,1216,0,0,0,858,187,-1200,2,下位,0,0,0
362,362,0,95,284,1,0,0,0,0,1,0,下位,0,0,0
588,588,0,39,116,0,0,0,362,284,-252,1,下位,0,0,0
376,376,0,53,159,0,0,0,588,116,-1008,1,下位,0,0,0
334,334,0,173,430,0,0,0,376,159,-1407,1,下位,0,0,0
457,457,0,297,801,0,0,0,334,430,-1473,3,下位,0,0,0
449,449,0,119,356,0,0,0,457,801,-1350,3,下位,0,0,0
165,165,0,58,175,0,0,0,449,356,-1660,1,下位,0,0,0
324,324,0,280,749,0,0,0,165,175,-1730,1,下位,0,0,0
173,173,0,34,103,0,0,0,324,749,-1462,3,下位,0,0,0
452,452,0,90,270,0,0,0,173,103,-1616,1,下位,0,0,0
97,97,0,160,434,0,0,0,452,270,-2017,1,下位,0,0,0
851,851,0,74,222,0,0,0,97,434,-1727,2,下位,0,0,0
837,837,0,57,172,0,0,0,851,222,-2768,1,下位,0,0,0
311,311,0,154,418,0,0,0,837,172,-3838,1,下位,0,0,0
820,820,0,173,429,0,0,0,311,418,-3881,2,下位,0,0,0
244,244,0,166,454,1,0,0,0,0,1,0,下位,0,0,0
1006,1006,0,126,289,0,0,0,244,454,93,2,下位,0,0,0
634,634,0,47,140,0,0,0,1006,289,-1111,3,下位,0,0,0
787,787,0,66,197,0,0,0,634,140,-1912,1,下位,0,0,0
263,263,0,95,242,0,0,0,787,197,-2883,1,下位,0,0,0
163,163,0,308,745,0,0,0,263,242,-3031,2,下位,0,0,0
209,209,0,231,606,0,0,0,163,745,-2528,5,下位,0,0,0
128,128,0,47,141,0,0,0,209,606,-2232,3,下位,0,0,0
158,158,0,123,323,0,0,0,128,141,-2281,1,下位,0,0,0
197,197,0,385,930,0,0,0,158,323,-2192,2,下位,0,0,0
147,147,0,196,497,0,0,0,197,930,-1554,6,下位,0,0,0
257,257,0,70,211,0,0,0,147,497,-1275,3,下位,0,0,0
169,169,0,111,289,0,0,0,257,211,-1445,1,下位,0,0,0
138,138,0,100,256,0,0,0,169,289,-1407,2,下位,0,0,0
127,127,0,43,128,0,0,0,138,256,-1356,2,下位,0,0,0
66,66,0,43,128,0,0,0,127,128,-1416,1,下位,0,0,0
303,303,0,44,133,0,0,0,66,128,-1386,1,下位,0,0,0
157,157,0,37,111,1,0,0,0,0,1,0,下位,0,0,0
214,214,0,141,378,0,0,0,157,111,-121,1,下位,0,0,0
134,134,0,554,1384,0,0,0,214,378,-61,2,下位,0,0,0
85,85,0,257,680,0,0,0,134,1384,283,7,上位,0,0,0
553,553,0,51,154,0,0,0,85,680,837,3,下位,0,0,0
592,592,0,102,260,0,0,0,553,154,171,1,下位,0,0,0
102,102,0,123,323,0,0,0,592,260,-447,2,下位,0,0,0
632,632,0,87,215,0,0,0,102,323,-275,2,下位,0,0,0
203,203,0,89,268,0,0,0,632,215,-998,2,下位,0,0,0
1010,1010,0,61,184,0,0,0,203,268,-1031,1,下位,0,0,0
56,56,0,1091,3184,0,0,0,1010,184,-2346,1,下位,0,0,0
256,256,0,145,390,0,0,0,56,3184,755,3,下位,0,0,0
255,255,0,37,111,0,0,0,256,390,765,2,下位,0,0,0
36,36,0,97,248,0,0,0,255,111,498,1,下位,0,0,0
491,491,0,125,331,0,0,0,36,248,693,2,下位,0,0,0
586,586,0,39,117,0,0,0,491,331,296,2,下位,0,0,0
205,205,0,102,259,1,0,0,0,0,1,0,下位,0,0,0
588,588,0,171,470,0,0,0,205,259,-44,2,下位,0,0,0
98,98,0,82,245,0,0,0,588,470,-446,2,下位,0,0,0
459,459,0,134,358,0,0,0,98,245,-346,1,下位,0,0,0
470,470,0,93,235,0,0,0,459,358,-669,2,下位,0,0,0
771,771,0,194,581,0,0,0,470,235,-1131,2,下位,0,0,0
758,758,0,133,353,0,0,0,771,581,-1694,1,下位,0,0,0
848,848,0,70,209,0,0,0,758,353,-2466,2,下位,0,0,0
284,284,0,270,629,0,0,0,848,209,-3515,1,下位,0,0,0
760,760,0,190,570,0,0,0,284,629,-3307,5,下位,0,0,0
703,703,0,61,183,0,0,0,760,570,-3865,1,下位,0,0,0
162,162,0,97,245,0,0,0,703,183,-4725,1,下位,0,0,0
75,75,0,115,299,0,0,0,162,245,-4720,2,下位,0,0,0
398,398,0,60,181,1,0,0,0,0,1,0,下位,0,0,0
311,311,0,476,1294,0,0,0,398,181,-409,1,下位,0,0,0
182,182,0,288,733,0,0,0,311,1294,424,4,下位,0,0,0
521,521,0,260,688,0,0,0,182,733,887,4,下位,0,0,0
247,247,0,371,934,0,0,0,521,688,802,3,下位,0,0,0
462,462,0,44,132,0,0,0,247,934,1370,5,下位,0,0,0
868,868,0,119,356,0,0,0,462,132,817,1,下位,0,0,0
260,260,0,62,185,0,0,0,868,356,-115,1,下位,0,0,0
589,589,0,62,185,0,0,0,260,185,-316,1,下位,0,0,0
119,119,0,41,124,1,0,0,0,0,1,0,下位,0,0,0
64,64,0,36,107,0,0,0,119,124,-52,1,下位,0,0,0
243,243,0,407,1041,0,0,0,64,107,-40,1,下位,0,0,0
326,326,0,386,935,0,0,0,243,1041,640,5,下位,0,0,0
110,110,0,150,403,0,0,0,326,935,1091,6,下位,0,0,0
453,453,0,159,476,0,0,0,110,403,1331,2,下位,0,0,0
755,755,0,220,569,0,0,0,453,476,1135,1,下位,0,0,0
222,222,0,41,124,0,0,0,755,569,584,3,下位,0,0,0
31,31,0,86,214,0,0,0,222,124,379,1,下位,0,0,0
146,146,0,1644,4546,0,0,0,31,214,547,2,下位,0,0,0
121,121,0,36,109,0,0,0,146,4546,1555,9,上位,0,0,0
248,248,0,37,111,0,0,0,121,109,1484,1,下位,0,0,0
358,358,0,139,371,0,0,0,248,111,1227,1,下位,0,0,0
302,302,0,101,256,0,0,0,358,371,1067,2,下位,0,0,0
424,424,0,146,394,0,0,0,302,256,875,2,下位,0,0,0
403,403,0,35,105,0,0,0,424,394,640,2,下位,0,0,0
471,471,0,348,912,0,0,0,403,105,147,1,下位,0,0,0
274,274,0,151,409,0,0,0,471,912,360,4,下位,0,0,0
348,348,0,85,210,0,0,0,274,409,362,2,下位,0,0,0
439,439,0,332,862,1,0,0,0,0,1,0,下位,0,0,0
530,530,0,454,1182,0,0,0,439,862,212,4,下位,0,0,0
829,829,0,84,208,0,0,0,530,1182,608,5,下位,0,0,0
442,442,0,1446,3992,0,0,0,829,208,-414,2,下位,0,0,0
130,130,0,38,114,0,0,0,442,3992,847,8,上位,0,0,0
839,839,0,164,446,0,0,0,130,114,768,1,下位,0,0,0
270,270,0,69,208,0,0,0,839,446,-31,2,下位,0,0,0
367,367,0,65,194,0,0,0,270,208,-224,1,下位,0,0,0
117,117,0,44,132,0,0,0,367,194,-575,1,下位,0,0,0
552,552,0,189,524,0,0,0,117,132,-617,1,下位,0,0,0
854,854,0,52,157,0,0,0,552,524,-912,2,下位,0,0,0
247,247,0,38,114,1,0,0,0,0,1,0,下位,0,0,0
154,154,0,144,386,0,0,0,247,114,-251,1,下位,0,0,0
145,145,0,79,190,0,0,0,154,386,-93,2,下位,0,0,0
535,535,0,267,668,0,0,0,145,190,-118,2,下位,0,0,0
696,696,0,62,187,0,0,0,535,668,-244,4,下位,0,0,0
70,70,0,45,135,0,0,0,696,187,-1090,1,下位,0,0,0
22,22,0,178,444,0,0,0,70,135,-1059,1,下位,0,0,0
141,141,0,257,637,0,0,0,22,444,-648,3,下位,0,0,0
64,64,0,363,908,0,0,0,141,637,-220,4,下位,0,0,0
685,685,0,45,136,0,0,0,64,908,593,5,下位,0,0,0
409,409,0,40,121,0,0,0,685,136,-287,1,下位,0,0,0
524,524,0,108,278,0,0,0,409,121,-773,1,下位,0,0,0
797,797,0,90,227,0,0,0,524,278,-1272,2,下位,0,0,0
726,726,0,135,362,0,0,0,797,227,-2227,2,下位,0,0,0
409,409,0,39,117,0,0,0,726,362,-2942,2,下位,0,0,0
180,180,0,122,321,1,0,0,0,0,1,0,下位,0,0,0
450,450,0,229,510,0,0,0,180,321,55,2,下位,0,0,0
834,834,0,535,1471,0,0,0,450,510,-103,5,下位,0,0,0
476,476,0,47,142,0,0,0,834,1471,131,4,下位,0,0,0
144,144,0,38,115,0,0,0,476,142,-433,1,下位,0,0,0
389,389,0,219,566,0,0,0,144,115,-532,1,下位,0,0,0
1001,1001,0,111,288,0,0,0,389,566,-543,3,下位,0,0,0
955,955,0,366,920,0,0,0,1001,288,-1740,2,下位,0,0,0
260,260,0,314,758,0,0,0,955,920,-2237,5,下位,0,0,0
309,309,0,213,547,0,0,0,260,758,-1865,5,下位,0,0,0
391,391,0,80,239,0,0,0,309,547,-1776,3,下位,0,0,0
125,125,0,199,464,0,0,0,391,239,-2117,1,下位,0,0,0
474,474,0,142,379,1,0,0,0,0,1,0,下位,0,0,0
1010,1010,0,679,1945,0,0,0,474,379,-323,2,下位,0,0,0
200,200,0,57,171,0,0,0,1010,1945,123,3,下位,0,0,0
266,266,0,626,1653,0,0,0,200,171,-3,1,下位,0,0,0
206,206,0,34,103,0,0,0,266,1653,1255,6,下位,0,0,0
120,120,0,112,292,0,0,0,206,103,1052,1,下位,0,0,0
174,174,0,52,155,0,0,0,120,292,1166,2,下位,0,0,0
446,446,0,32,96,0,0,0,174,155,1063,1,下位,0,0,0
207,207,0,415,1064,0,0,0,446,96,497,1,下位,0,0,0
655,655,0,65,194,0,0,0,207,1064,1254,5,下位,0,0,0
381,381,0,499,1317,0,0,0,655,194,476,1,下位,0,0,0
169,169,0,337,877,0,0,0,381,1317,1228,5,下位,0,0,0
447,447,0,87,216,1,0,0,0,0,1,0,下位,0,0,0
339,339,0,729,1903,0,0,0,447,216,-446,2,下位,0,0,0
201,201,0,1780,4886,0,0,0,339,1903,787,7,上位,0,0,0
104,104,0,120,315,0,0,0,201,4886,511,10,上位,0,0,0
148,148,0,41,124,0,0,0,104,315,672,2,下位,0,0,0
470,470,0,345,808,0,0,0,148,124,576,1,下位,0,0,0
176,176,0,47,139,0,0,0,470,808,687,6,下位,0,0,0
230,230,0,55,164,0,0,0,176,139,565,1,下位,0,0,0
733,733,0,39,118,0,0,0,230,164,388,1,下位,0,0,0
454,454,0,105,271,0,0,0,733,118,-582,1,下位,0,0,0
161,161,0,385,931,0,0,0,454,271,-985,2,下位,0,0,0
114,114,0,48,144,0,0,0,161,931,-293,6,下位,0,0,0
496,496,0,80,242,0,0,0,114,144,-318,1,下位,0,0,0
457,457,0,38,114,0,0,0,496,242,-812,1,下位,0,0,0
588,588,0,59,177,0,0,0,457,114,-1376,1,下位,0,0,0
177,177,0,148,400,0,0,0,588,177,-2071,1,下位,0,0,0
210,210,0,33,100,0,0,0,177,400,-1934,2,下位,0,0,0
303,303,0,83,249,1,0,0,0,0,1,0,下位,0,0,0
323,323,0,41,122,0,0,0,303,249,-200,1,下位,0,0,0
646,646,0,241,681,0,0,0,323,122,-557,1,下位,0,0,0
497,497,0,44,131,0,0,0,646,681,-834,2,下位,0,0,0
138,138,0,121,318,0,0,0,497,131,-1440,1,下位,0,0,0
464,464,0,319,730,0,0,0,138,318,-1327,2,下位,0,0,0
144,144,0,211,546,0,0,0,464,730,-1285,6,下位,0,0,0
204,204,0,41,121,0,0,0,144,546,-953,3,下位,0,0,0
137,137,0,49,148,0,0,0,204,121,-1135,1,下位,0,0,0
724,724,0,143,386,0,0,0,137,148,-1190,1,下位,0,0,0
223,223,0,275,731,0,0,0,724,386,-1878,2,下位,0,0,0
149,149,0,40,121,0,0,0,223,731,-1478,3,下位,0,0,0
422,422,0,1954,5572,0,0,0,149,121,-1578,1,下位,0,0,0
175,175,0,41,124,1,0,0,0,0,1,0,下位,0,0,0
917,917,0,92,230,0,0,0,175,124,-135,1,下位,0,0,0
340,340,0,141,334,0,0,0,917,230,-1266,2,下位,0,0,0
675,675,0,502,1278,0,0,0,340,334,-1436,3,下位,0,0,0
166,166,0,281,668,0,0,0,675,1278,-1159,6,下位,0,0,0
140,140,0,198,506,0,0,0,166,668,-737,5,下位,0,0,0
266,266,0,54,163,0,0,0,140,506,-439,3,下位,0,0,0
37,37,0,680,1986,0,0,0,266,163,-671,1,下位,0,0,0
217,217,0,89,222,0,0,0,37,1986,1260,2,下位,0,0,0
1008,1008,0,458,1329,0,0,0,217,222,1160,2,下位,0,0,0
121,121,0,189,481,0,0,0,1008,1329,993,2,下位,0,0,0
531,531,0,193,535,0,0,0,121,481,1294,3,下位,0,0,0
922,922,0,155,374,0,0,0,531,535,1041,2,下位,0,0,0
384,384,0,107,276,1,0,0,0,0,1,0,下位,0,0,0
705,705,0,223,623,0,0,0,384,276,-293,4,下位,0,0,0
273,273,0,117,307,0,0,0,705,623,-716,2,下位,0,0,0
602,602,0,66,199,0,0,0,273,307,-814,2,下位,0,0,0
194,194,0,34,101,0,0,0,602,199,-1508,1,下位,0,0,0
82,82,0,371,978,0,0,0,194,101,-1695,1,下位,0,0,0
135,135,0,652,1731,0,0,0,82,978,-839,4,下位,0,0,0
75,75,0,43,128,0,0,0,135,1731,692,6,下位,0,0,0
202,202,0,44,134,0,0,0,75,128,709,1,下位,0,0,0
143,143,0,36,108,0,0,0,202,134,543,1,下位,0,0,0
127,127,0,37,111,0,0,0,143,108,439,1,下位,0,0,0
139,139,0,40,121,0,0,0,127,111,362,1,下位,0,0,0
29,29,0,92,233,0,0,0,139,121,277,1,下位,0,0,0
667,667,0,464,1166,0,0,0,29,233,467,2,下位,0,0,0
181,181,0,88,219,0,0,0,667,1166,643,6,下位,0,0,0
622,622,0,132,351,0,0,0,181,219,593,2,下位,0,0,0
142,142,0,47,141,1,0,0,0,0,1,0,下位,0,0,0
449,449,0,393,1043,0,0,0,142,141,-69,1,下位,0,0,0
378,378,0,34,103,0,0,0,449,1043,308,4,下位,0,0,0
526,526,0,458,1191,0,0,0,378,103,-150,1,下位,0,0,0
333,333,0,53,160,0,0,0,526,1191,261,5,下位,0,0,0
243,243,0,111,288,0,0,0,333,160,-73,1,下位,0,0,0
577,577,0,230,601,0,0,0,243,288,-146,2,下位,0,0,0
503,503,0,53,159,0,0,0,577,601,-401,3,下位,0,0,0
154,154,0,449,1072,0,0,0,503,159,-988,1,下位,0,0,0
185,185,0,91,228,0,0,0,154,1072,-144,7,上位,0,0,0
184,184,0,90,225,0,0,0,185,228,-190,2,下位,0,0,0
247,247,0,147,350,0,0,0,184,225,-238,2,下位,0,0,0
380,380,0,131,346,0,0,0,247,350,-254,3,下位,0,0,0
432,432,0,41,123,0,0,0,380,346,-472,2,下位,0,0,0
1009,1009,0,917,2466,0,0,0,432,123,-990,1,下位,0,0,0
126,126,0,35,105,0,0,0,1009,2466,-21,7,上位,0,0,0
532,532,0,42,127,1,0,0,0,0,1,0,下位,0,0,0
667,667,0,33,100,0,0,0,532,127,-661,1,下位,0,0,0
104,104,0,404,1121,0,0,0,667,100,-1551,1,下位,0,0,0
85,85,0,41,124,0,0,0,104,1121,-584,3,下位,0,0,0
276,276,0,56,167,0,0,0,85,124,-586,1,下位,0,0,0
319,319,0,123,369,0,0,0,276,167,-828,1,下位,0,0,0
917,917,0,134,402,0,0,0,319,369,-932,1,下位,0,0,0
174,174,0,41,124,0,0,0,917,402,-1891,1,下位,0,0,0
96,96,0,34,103,0,0,0,174,124,-2025,1,下位,0,0,0
527,527,0,35,106,0,0,0,96,103,-2064,1,下位,0,0,0
659,659,0,121,320,0,0,0,527,106,-2740,1,下位,0,0,0
321,321,0,104,311,0,0,0,659,320,-3398,2,下位,0,0,0
449,449,0,40,119,0,0,0,321,311,-3563,1,下位,0,0,0
300,300,0,137,367,0,0,0,449,119,-4110,1,下位,0,0,0
447,447,0,168,412,1,0,0,0,0,1,0,下位,0,0,0
781,781,0,610,1551,0,0,0,447,412,-250,3,下位,0,0,0
112,112,0,119,314,0,0,0,781,1551,142,7,上位,0,0,0
35,35,0,40,120,0,0,0,112,314,290,2,下位,0,0,0
171,171,0,416,1202,0,0,0,35,120,358,1,下位,0,0,0
468,468,0,206,529,0,0,0,171,1202,1306,2,下位,0,0,0
383,383,0,142,381,0,0,0,468,529,1141,3,下位,0,0,0
454,454,0,451,1174,0,0,0,383,381,954,2,下位,0,0,0
36,36,0,299,674,0,0,0,454,1174,1454,5,下位,0,0,0
142,142,0,125,331,0,0,0,36,674,2075,6,下位,0,0,0
137,137,0,286,769,0,0,0,142,331,2195,2,下位,0,0,0
456,456,0,185,422,0,0,0,137,769,526,3,下位,0,0,0
384,384,0,50,150,0,0,0,456,422,271,4,下位,0,0,0
430,430,0,66,197,0,0,0,384,150,-149,1,下位,0,0,0
475,475,0,175,480,0,0,0,430,197,-590,1,下位,0,0,0
528,528,0,56,167,1,0,0,0,0,1,0,下位,0,0,0
844,844,0,48,144,0,0,0,528,167,-615,1,下位,0,0,0
775,775,0,142,336,0,0,0,844,144,-1723,1,下位,0,0,0
604,604,0,92,231,0,0,0,775,336,-2537,3,下位,0,0,0
31,31,0,84,205,0,0,0,604,231,-3202,2,下位,0,0,0
125,125,0,86,215,0,0,0,31,205,-3043,2,下位,0,0,0
408,408,0,85,210,0,0,0,125,215,-3013,2,下位,0,0,0
855,855,0,89,266,0,0,0,408,210,-3408,2,下位,0,0,0
396,396,0,248,653,0,0,0,855,266,-4411,1,下位,0,0,0
171,171,0,36,107,0,0,0,396,653,-4346,3,下位,0,0,0
81,81,0,124,328,0,0,0,171,107,-4493,1,下位,0,0,0
76,76,0,261,648,0,0,0,81,328,-4285,2,下位,0,0,0
151,151,0,472,1371,0,0,0,76,648,-3750,4,下位,0,0,0
327,327,0,35,106,0,0,0,151,1371,-2603,2,下位,0,0,0
667,667,0,125,330,1,0,0,0,0,1,0,下位,0,0,0
159,159,0,861,2242,0,0,0,667,330,-659,2,下位,0,0,0
58,58,0,423,1046,0,0,0,159,2242,304,8,上位,0,0,0
82,82,0,47,142,0,0,0,58,1046,1264,6,下位,0,0,0
216,216,0,111,288,0,0,0,82,142,1284,1,下位,0,0,0
100,100,0,52,155,0,0,0,216,288,1252,2,下位,0,0,0
749,749,0,131,348,0,0,0,100,155,1259,1,下位,0,0,0
117,117,0,175,479,0,0,0,749,348,496,2,下位,0,0,0
369,369,0,60,180,0,0,0,117,479,801,2,下位,0,0,0
397,397,0,318,865,0,0,0,369,180,434,1,下位,0,0,0
56,56,0,38,114,0,0,0,397,865,710,3,下位,0,0,0
184,184,0,181,453,0,0,0,56,114,741,1,下位,0,0,0
583,583,0,39,118,0,0,0,184,453,921,3,下位,0,0,0
328,328,0,122,322,0,0,0,583,118,174,1,下位,0,0,0
987,987,0,163,399,0,0,0,328,322,9,2,下位,0,0,0
55,55,0,46,138,0,0,0,987,399,-1056,3,下位,0,0,0
321,321,0,901,2425,0,0,0,55,138,-1000,1,下位,0,0,0
94,94,0,223,535,1,0,0,0,0,1,0,下位,0,0,0
283,283,0,35,105,0,0,0,94,535,397,4,下位,0,0,0
371,371,0,138,370,0,0,0,283,105,82,1,下位,0,0,0
134,134,0,182,453,0,0,0,371,370,-98,2,下位,0,0,0
1009,1009,0,713,1916,0,0,0,134,453,156,3,下位,0,0,0
165,165,0,172,470,0,0,0,1009,1916,575,6,下位,0,0,0
182,182,0,283,717,0,0,0,165,470,800,2,下位,0,0,0
241,241,0,36,108,0,0,0,182,717,1247,4,下位,0,0,0
108,108,0,141,379,0,0,0,241,108,997,1,下位,0,0,0
831,831,0,273,729,0,0,0,108,379,1216,2,下位,0,0,0
452,452,0,539,1573,0,0,0,831,729,712,3,下位,0,0,0
167,167,0,38,113,0,0,0,452,1573,1614,2,下位,0,0,0
203,203,0,34,102,0,0,0,167,113,1479,1,下位,0,0,0
157,157,0,81,196,0,0,0,203,102,1280,1,下位,0,0,0
602,602,0,42,125,0,0,0,157,196,1243,2,下位,0,0,0
104,104,0,35,104,0,0,0,602,125,475,1,下位,0,0,0
69,69,0,37,111,1,0,0,0,0,1,0,下位,0,0,0
36,36,0,234,568,0,0,0,69,111,10,1,下位,0,0,0
1009,1009,0,299,762,0,0,0,36,568,525,4,下位,0,0,0
111,111,0,93,234,0,0,0,1009,762,-210,4,下位,0,0,0
62,62,0,36,108,0,0,0,111,234,-141,2,下位,0,0,0
441,441,0,262,697,0,0,0,62,108,-125,1,下位,0,0,0
132,132,0,39,117,0,0,0,441,697,-82,3,下位,0,0,0
126,126,0,86,214,0,0,0,132,117,-161,1,下位,0,0,0
159,159,0,183,461,0,0,0,126,214,-134,2,下位,0,0,0
760,760,0,47,142,0,0,0,159,461,91,3,下位,0,0,0
428,428,0,148,398,0,0,0,760,142,-895,1,下位,0,0,0
162,162,0,35,105,0,0,0,428,398,-1132,2,下位,0,0,0
470,470,0,331,901,0,0,0,162,105,-1267,1,下位,0,0,0
167,167,0,55,165,0,0,0,470,901,-1063,3,下位,0,0,0
345,345,0,37,111,0,0,0,167,165,-1146,1,下位,0,0,0
341,341,0,76,185,1,0,0,0,0,1,0,下位,0,0,0
164,164,0,88,219,0,0,0,341,185,-320,2,下位,0,0,0
621,621,0,89,222,0,0,0,164,219,-344,2,下位,0,0,0
308,308,0,39,116,0,0,0,621,222,-1043,2,下位,0,0,0
107,107,0,93,233,0,0,0,308,116,-1384,1,下位,0,0,0
181,181,0,306,740,0,0,0,107,233,-1310,2,下位,0,0,0
138,138,0,190,436,0,0,0,181,740,-839,5,下位,0,0,0
315,315,0,910,2730,0,0,0,138,436,-608,4,下位,0,0,0
589,589,0,565,1417,0,0,0,315,2730,1655,1,下位,0,0,0
83,83,0,42,127,0,0,0,589,1417,523,7,上位,0,0,0
180,180,0,36,108,0,0,0,83,127,527,1,下位,0,0,0
506,506,0,57,171,0,0,0,180,108,368,1,下位,0,0,0
395,395,0,49,148,0,0,0,506,171,-212,1,下位,0,0,0
84,84,0,34,101,0,0,0,395,148,-650,1,下位,0,0,0
650,650,0,43,128,0,0,0,84,101,-674,1,下位,0,0,0
142,142,0,35,106,0,0,0,650,128,-1510,1,下位,0,0,0
863,863,0,162,396,0,0,0,142,106,-1615,1,下位,0,0,0
163,163,0,114,298,0,0,0,863,396,-2499,3,下位,0,0,0
145,145,0,489,1419,1,0,0,0,0,1,0,下位,0,0,0
838,838,0,340,881,0,0,0,145,1419,1205,2,下位,0,0,0
182,182,0,42,126,0,0,0,838,881,843,4,下位,0,0,0
438,438,0,1068,2872,0,0,0,182,126,699,1,下位,0,0,0
82,82,0,218,565,0,0,0,438,2872,502,8,上位,0,0,0
188,188,0,55,166,0,0,0,82,565,945,3,下位,0,0,0
164,164,0,43,130,0,0,0,188,166,832,1,下位,0,0,0
91,91,0,40,119,0,0,0,164,130,719,1,下位,0,0,0
194,194,0,66,199,0,0,0,91,119,703,1,下位,0,0,0
814,814,0,136,408,0,0,0,194,199,614,1,下位,0,0,0
967,967,0,52,155,0,0,0,814,408,-186,1,下位,0,0,0
420,420,0,104,266,0,0,0,967,155,-1466,1,下位,0,0,0
201,201,0,1699,5044,0,0,0,420,266,-1823,2,下位,0,0,0
243,243,0,126,379,1,0,0,0,0,1,0,下位,0,0,0
255,255,0,35,106,0,0,0,243,379,19,1,下位,0,0,0
236,236,0,174,475,0,0,0,255,106,-253,1,下位,0,0,0
152,152,0,260,692,0,0,0,236,475,-128,2,下位,0,0,0
412,412,0,84,209,0,0,0,152,692,338,3,下位,0,0,0
144,144,0,134,357,0,0,0,412,209,-64,2,下位,0,0,0
637,637,0,31,94,0,0,0,144,357,79,2,下位,0,0,0
115,115,0,349,957,0,0,0,637,94,-772,1,下位,0,0,0
716,716,0,253,667,0,0,0,115,957,14,3,下位,0,0,0
81,81,0,37,111,1,0,0,0,0,1,0,下位,0,0,0
103,103,0,313,805,0,0,0,81,111,-8,1,下位,0,0,0
540,540,0,278,788,0,0,0,103,805,644,4,下位,0,0,0
93,93,0,109,281,0,0,0,540,788,631,2,下位,0,0,0
131,131,0,197,591,0,0,0,93,281,774,2,下位,0,0,0
113,113,0,307,787,0,0,0,131,591,1171,1,下位,0,0,0
153,153,0,149,401,0,0,0,113,787,1790,4,下位,0,0,0
243,243,0,68,205,0,0,0,153,401,1964,2,下位,0,0,0
681,681,0,174,479,0,0,0,243,205,1808,1,下位,0,0,0
127,127,0,52,155,0,0,0,681,479,1277,2,下位,0,0,0
933,933,0,167,412,0,0,0,127,155,1244,1,下位,0,0,0
343,343,0,56,170,0,0,0,933,412,272,3,下位,0,0,0
1001,1001,0,102,262,0,0,0,343,170,-67,1,下位,0,0,0
428,428,0,234,612,0,0,0,1001,262,-1290,2,下位,0,0,0
132,132,0,102,262,0,0,0,428,612,-1313,3,下位,0,0,0
371,371,0,123,325,1,0,0,0,0,1,0,下位,0,0,0
1011,1011,0,42,126,0,0,0,371,325,-224,2,下位,0,0,0
820,820,0,494,1481,0,0,0,1011,126,-1598,1,下位,0,0,0
130,130,0,115,299,0,0,0,820,1481,-1334,1,下位,0,0,0
380,380,0,222,577,0,0,0,130,299,-1228,2,下位,0,0,0
141,141,0,253,666,0,0,0,380,577,-1215,3,下位,0,0,0
293,293,0,84,207,0,0,0,141,666,-758,3,下位,0,0,0
1011,1011,0,45,136,0,0,0,293,207,-986,2,下位,0,0,0
106,106,0,53,158,0,0,0,1011,136,-2350,1,下位,0,0,0
958,958,0,36,108,0,0,0,106,158,-2349,1,下位,0,0,0
40,40,0,188,474,0,0,0,958,108,-3662,1,下位,0,0,0
77,77,0,296,749,0,0,0,40,474,-3247,3,下位,0,0,0
85,85,0,283,716,0,0,0,77,749,-2612,4,下位,0,0,0
110,110,0,213,547,0,0,0,85,716,-2022,4,下位,0,0,0
35,35,0,179,449,1,0,0,0,0,1,0,下位,0,0,0
173,173,0,43,130,0,0,0,35,449,398,3,下位,0,0,0
296,296,0,488,1373,0,0,0,173,130,271,1,下位,0,0,0
435,435,0,63,190,0,0,0,296,1373,1205,3,下位,0,0,0
80,80,0,257,684,0,0,0,435,190,750,1,下位,0,0,0
902,902,0,270,765,0,0,0,80,684,1315,3,下位,0,0,0
347,347,0,139,370,0,0,0,902,765,742,2,下位,0,0,0
345,345,0,406,1090,0,0,0,347,370,597,2,下位,0,0,0
212,212,0,189,476,0,0,0,345,1090,1175,4,下位,0,0,0
626,626,0,132,350,0,0,0,212,476,1336,3,下位,0,0,0
282,282,0,219,613,1,0,0,0,0,1,0,下位,0,0,0
349,349,0,367,965,0,0,0,282,613,196,2,下位,0,0,0
460,460,0,192,487,0,0,0,349,965,643,4,下位,0,0,0
501,501,0,43,128,0,0,0,460,487,448,3,下位,0,0,0
703,703,0,205,482,0,0,0,501,128,-167,1,下位,0,0,0
360,360,0,68,205,0,0,0,703,482,-728,4,下位,0,0,0
299,299,0,333,774,0,0,0,360,205,-1057,1,下位,0,0,0
27,27,0,34,102,0,0,0,299,774,-727,6,下位,0,0,0
304,304,0,47,142,0,0,0,27,102,-665,1,下位,0,0,0
819,819,0,391,945,0,0,0,304,142,-974,1,下位,0,0,0
145,145,0,38,113,0,0,0,819,945,-1244,6,下位,0,0,0
32,32,0,37,112,0,0,0,145,113,-1346,1,下位,0,0,0
680,680,0,65,194,0,0,0,32,112,-1281,1,下位,0,0,0
728,728,0,224,582,0,0,0,680,194,-2096,1,下位,0,0,0
237,237,0,128,339,1,0,0,0,0,1,0,下位,0,0,0
783,783,0,148,356,0,0,0,237,339,-12,2,下位,0,0,0
454,454,0,54,163,0,0,0,783,356,-818,3,下位,0,0,0
165,165,0,618,1628,0,0,0,454,163,-1329,1,下位,0,0,0
174,174,0,61,182,0,0,0,165,1628,54,6,下位,0,0,0
414,414,0,263,701,0,0,0,174,182,-22,1,下位,0,0,0
141,141,0,520,1471,0,0,0,414,701,65,3,下位,0,0,0
308,308,0,159,432,0,0,0,141,1471,1327,3,下位,0,0,0
351,351,0,162,443,0,0,0,308,432,1302,2,下位,0,0,0
649,649,0,131,348,0,0,0,351,443,1224,2,下位,0,0,0
1015,1015,0,93,278,0,0,0,649,348,609,2,下位,0,0,0
372,372,0,342,891,1,0,0,0,0,1,0,下位,0,0,0
89,89,0,108,280,0,0,0,372,891,340,4,下位,0,0,0
925,925,0,107,275,0,0,0,89,280,488,2,下位,0,0,0
162,162,0,39,118,0,0,0,925,275,-609,2,下位,0,0,0
247,247,0,298,713,0,0,0,162,118,-731,1,下位,0,0,0
376,376,0,604,1590,0,0,0,247,713,-384,5,下位,0,0,0
88,88,0,265,613,0,0,0,376,1590,648,6,下位,0,0,0
322,322,0,34,103,0,0,0,88,613,1130,5,下位,0,0,0
122,122,0,144,386,0,0,0,322,103,755,1,下位,0,0,0
794,794,0,90,271,0,0,0,122,386,960,2,下位,0,0,0
670,670,0,79,237,0,0,0,794,271,53,1,下位,0,0,0
138,138,0,35,105,1,0,0,0,0,1,0,下位,0,0,0
47,47,0,189,431,0,0,0,138,105,-99,1,下位,0,0,0
209,209,0,330,767,0,0,0,47,431,262,4,下位,0,0,0
142,142,0,190,480,0,0,0,209,767,719,6,下位,0,0,0
722,722,0,111,332,0,0,0,142,480,988,3,下位,0,0,0
150,150,0,84,253,0,0,0,722,332,249,1,下位,0,0,0
828,828,0,268,666,0,0,0,150,253,279,1,下位,0,0,0
321,321,0,34,101,0,0,0,828,666,-283,4,下位,0,0,0
100,100,0,35,105,0,0,0,321,101,-658,1,下位,0,0,0
302,302,0,38,113,0,0,0,100,105,-701,1,下位,0,0,0
471,471,0,85,210,0,0,0,302,113,-1036,1,下位,0,0,0
426,426,0,56,167,0,0,0,471,210,-1525,2,下位,0,0,0
575,575,0,472,1138,0,0,0,426,167,-1990,1,下位,0,0,0
173,173,0,34,102,0,0,0,575,1138,-1705,7,上位,0,0,0
140,140,0,104,266,0,0,0,173,102,-1860,1,下位,0,0,0
379,379,0,99,297,0,0,0,140,266,-1802,2,下位,0,0,0
249,249,0,37,111,0,0,0,379,297,-2067,1,下位,0,0,0
384,384,0,44,132,0,0,0,249,111,-2325,1,下位,0,0,0
163,163,0,145,436,1,0,0,0,0,1,0,下位,0,0,0
649,649,0,86,212,0,0,0,163,436,195,1,下位,0,0,0
89,89,0,97,290,0,0,0,649,212,-556,2,下位,0,0,0
410,410,0,90,226,0,0,0,89,290,-398,1,下位,0,0,0
657,657,0,130,344,0,0,0,410,226,-780,2,下位,0,0,0
294,294,0,302,727,0,0,0,657,344,-1411,2,下位,0,0,0
522,522,0,1787,5219,0,0,0,294,727,-1120,5,下位,0,0,0
117,117,0,563,1602,0,0,0,522,5219,1025,4,下位,0,0,0
438,438,0,61,184,0,0,0,117,1602,2453,3,下位,0,0,0
419,419,0,150,363,0,0,0,438,184,1987,1,下位,0,0,0
92,92,0,36,109,0,0,0,419,363,1728,3,下位,0,0,0
75,75,0,135,315,0,0,0,92,109,1701,1,下位,0,0,0
235,235,0,240,586,0,0,0,75,315,1905,3,下位,0,0,0
925,925,0,80,239,0,0,0,235,586,2142,4,下位,0,0,0
451,451,0,35,106,1,0,0,0,0,1,0,下位,0,0,0
191,191,0,151,410,0,0,0,451,106,-562,1,下位,0,0,0
113,113,0,132,351,0,0,0,191,410,-435,2,下位,0,0,0
95,95,0,459,1197,0,0,0,113,351,-252,2,下位,0,0,0
148,148,0,38,114,0,0,0,95,1197,804,5,下位,0,0,0
231,231,0,167,414,0,0,0,148,114,698,1,下位,0,0,0
426,426,0,411,1097,0,0,0,231,414,769,3,下位,0,0,0
679,679,0,172,470,0,0,0,426,1097,1234,4,下位,0,0,0
73,73,0,42,126,0,0,0,679,470,697,2,下位,0,0,0
444,444,0,82,200,0,0,0,73,126,715,1,下位,0,0,0
116,116,0,43,128,0,0,0,444,200,256,2,下位,0,0,0
232,232,0,36,109,0,0,0,116,128,212,1,下位,0,0,0
434,434,0,428,1063,0,0,0,232,109,-23,1,下位,0,0,0
116,116,0,220,569,0,0,0,434,1063,396,6,下位,0,0,0
172,172,0,158,429,0,0,0,116,569,793,3,下位,0,0,0
663,663,0,40,120,0,0,0,172,429,967,2,下位,0,0,0
413,413,0,39,118,0,0,0,663,120,103,1,下位,0,0,0
89,89,0,44,133,1,0,0,0,0,1,0,下位,0,0,0
166,166,0,319,868,0,0,0,89,133,2,1,下位,0,0,0
502,502,0,58,174,0,0,0,166,868,624,3,下位,0,0,0
499,499,0,45,135,0,0,0,502,174,53,1,下位,0,0,0
744,744,0,383,968,0,0,0,499,135,-552,1,下位,0,0,0
80,80,0,44,131,0,0,0,744,968,-688,5,下位,0,0,0
231,231,0,504,1379,0,0,0,80,131,-676,1,下位,0,0,0
87,87,0,34,101,0,0,0,231,1379,360,4,下位,0,0,0
442,442,0,181,499,0,0,0,87,101,332,1,下位,0,0,0
87,87,0,34,102,0,0,0,442,499,175,2,下位,0,0,0
368,368,0,45,134,0,0,0,87,102,148,1,下位,0,0,0
857,857,0,371,1025,0,0,0,368,134,-264,1,下位,0,0,0
312,312,0,57,170,1,0,0,0,0,1,0,下位,0,0,0
123,123,0,156,377,0,0,0,312,170,-292,1,下位,0,0,0
477,477,0,72,217,0,0,0,123,377,-97,3,下位,0,0,0
479,479,0,481,1262,0,0,0,477,217,-588,1,下位,0,0,0
134,134,0,179,403,0,0,0,479,1262,-37,5,下位,0,0,0
457,457,0,335,870,0,0,0,134,403,167,4,下位,0,0,0
325,325,0,215,556,0,0,0,457,870,359,4,下位,0,0,0
396,396,0,817,2117,0,0,0,325,556,433,3,下位,0,0,0
182,182,0,36,108,0,0,0,396,2117,653,8,上位,0,0,0
183,183,0,188,471,0,0,0,182,108,491,1,下位,0,0,0
910,910,0,78,235,0,0,0,183,471,690,3,下位,0,0,0
1016,1016,0,41,122,0,0,0,910,235,-425,1,下位,0,0,0
143,143,0,49,148,0,0,0,1016,122,-1810,1,下位,0,0,0
139,139,0,42,126,0,0,0,143,148,-1874,1,下位,0,0,0
84,84,0,39,119,0,0,0,139,126,-1954,1,下位,0,0,0
181,181,0,55,165,0,0,0,84,119,-1960,1,下位,0,0,0
61,61,0,60,179,1,0,0,0,0,1,0,下位,0,0,0
436,436,0,1063,2802,0,0,0,61,179,89,1,下位,0,0,0
172,172,0,159,431,0,0,0,436,2802,281,9,上位,0,0,0
667,667,0,120,361,0,0,0,172,431,457,2,下位,0,0,0
49,49,0,47,140,0,0,0,667,361,-172,1,下位,0,0,0
465,465,0,180,450,0,0,0,49,140,-105,1,下位,0,0,0
249,249,0,81,197,0,0,0,465,450,-345,3,下位,0,0,0
422,422,0,38,113,0,0,0,249,197,-517,2,下位,0,0,0
253,253,0,58,173,0,0,0,422,113,-1030,1,下位,0,0,0
163,163,0,85,211,0,0,0,253,173,-1232,1,下位,0,0,0
307,307,0,144,342,0,0,0,163,211,-1263,2,下位,0,0,0
333,333,0,171,468,0,0,0,307,342,-1376,3,下位,0,0,0
148,148,0,208,492,0,0,0,333,468,-1402,2,下位,0,0,0
52,52,0,72,215,0,0,0,148,492,-1130,4,下位,0,0,0
979,979,0,130,344,0,0,0,52,215,-992,1,下位,0,0,0
725,725,0,102,306,0,0,0,979,344,-2101,2,下位,0,0,0
129,129,0,302,680,1,0,0,0,0,1,0,下位,0,0,0
208,208,0,97,249,0,0,0,129,680,490,6,下位,0,0,0
262,262,0,104,268,0,0,0,208,249,430,2,下位,0,0,0
768,768,0,101,305,0,0,0,262,268,309,2,下位,0,0,0
313,313,0,187,473,0,0,0,768,305,-525,1,下位,0,0,0
317,317,0,351,875,0,0,0,313,473,-516,3,下位,0,0,0
131,131,0,487,1284,0,0,0,317,875,-111,5,下位,0,0,0
790,790,0,95,241,0,0,0,131,1284,979,5,下位,0,0,0
832,832,0,34,103,0,0,0,790,241,48,2,下位,0,0,0
367,367,0,125,375,0,0,0,832,103,-1083,1,下位,0,0,0
937,937,0,179,446,0,0,0,367,375,-1253,1,下位,0,0,0
177,177,0,153,414,0,0,0,937,446,-2197,3,下位,0,0,0
177,177,0,52,158,0,0,0,177,414,-2046,2,下位,0,0,0
140,140,0,33,100,1,0,0,0,0,1,0,下位,0,0,0
225,225,0,93,234,0,0,0,140,100,-107,1,下位,0,0,0
123,123,0,36,107,0,0,0,225,234,-207,2,下位,0,0,0
550,550,0,142,381,0,0,0,123,107,-282,1,下位,0,0,0
163,163,0,35,105,0,0,0,550,381,-717,2,下位,0,0,0
260,260,0,478,1208,0,0,0,163,105,-854,1,下位,0,0,0
193,193,0,35,106,0,0,0,260,1208,-32,6,下位,0,0,0
271,271,0,248,609,0,0,0,193,106,-212,1,下位,0,0,0
441,441,0,296,751,0,0,0,271,609,-5,4,下位,0,0,0
446,446,0,279,700,0,0,0,441,751,92,4,下位,0,0,0
160,160,0,285,721,0,0,0,446,700,130,4,下位,0,0,0
436,436,0,345,852,0,0,0,160,721,614,4,下位,0,0,0
490,490,0,58,175,0,0,0,436,852,819,5,下位,0,0,0
637,637,0,209,536,0,0,0,490,175,267,1,下位,0,0,0
636,636,0,50,149,0,0,0,637,536,-142,3,下位,0,0,0
64,64,0,162,399,0,0,0,636,149,-937,1,下位,0,0,0
150,150,0,129,387,1,0,0,0,0,1,0,下位,0,0,0
489,489,0,286,724,0,0,0,150,387,165,1,下位,0,0,0
745,745,0,40,120,0,0,0,489,724,163,4,下位,0,0,0
931,931,0,168,459,0,0,0,745,120,-822,1,下位,0,0,0
339,339,0,105,269,0,0,0,931,459,-1744,2,下位,0,0,0
168,168,0,235,662,0,0,0,339,269,-1978,2,下位,0,0,0
378,378,0,186,468,0,0,0,168,662,-1565,2,下位,0,0,0
414,414,0,138,414,0,0,0,378,468,-1658,3,下位,0,0,0
719,719,0,89,266,0,0,0,414,414,-1858,1,下位,0,0,0
45,45,0,43,128,0,0,0,719,266,-2659,1,下位,0,0,0
58,58,0,37,111,0,0,0,45,128,-2598,1,下位,0,0,0
145,145,0,295,705,0,0,0,58,111,-2573,1,下位,0,0,0
341,341,0,282,756,0,0,0,145,705,-2083,5,下位,0,0,0
334,334,0,231,649,0,0,0,341,756,-1833,3,下位,0,0,0
267,267,0,111,288,1,0,0,0,0,1,0,下位,0,0,0
461,461,0,882,2512,0,0,0,267,288,-107,2,下位,0,0,0
407,407,0,104,266,0,0,0,461,2512,1721,4,下位,0,0,0
255,255,0,210,538,0,0,0,407,266,1383,2,下位,0,0,0
285,285,0,144,386,0,0,0,255,538,1543,3,下位,0,0,0
312,312,0,46,138,0,0,0,285,386,1506,2,下位,0,0,0
328,328,0,80,239,0,0,0,312,138,1181,1,下位,0,0,0
378,378,0,308,791,0,0,0,328,239,933,1,下位,0,0,0
328,328,0,94,237,0,0,0,378,791,1163,4,下位,0,0,0
235,235,0,570,1709,0,0,0,328,237,913,2,下位,0,0,0
152,152,0,242,727,0,0,0,235,1709,2273,1,下位,0,0,0
145,145,0,64,193,0,0,0,152,727,2774,1,下位,0,0,0
355,355,0,84,207,0,0,0,145,193,182,1,下位,0,0,0
305,305,0,232,652,0,0,0,355,207,-138,2,下位,0,0,0
293,293,0,146,439,1,0,0,0,0,1,0,下位,0,0,0
384,384,0,241,679,0,0,0,293,439,5,1,下位,0,0,0
630,630,0,492,1431,0,0,0,384,679,114,2,下位,0,0,0
275,275,0,961,2551,0,0,0,630,1431,610,2,下位,0,0,0
92,92,0,43,130,0,0,0,275,2551,307,8,上位,0,0,0
50,50,0,97,247,0,0,0,92,130,301,1,下位,0,0,0
158,158,0,343,985,0,0,0,50,247,474,2,下位,0,0,0
49,49,0,41,123,0,0,0,158,985,1225,2,下位,0,0,0
601,601,0,544,1454,0,0,0,49,123,1275,1,下位,0,0,0
220,220,0,43,129,0,0,0,601,1454,1837,5,下位,0,0,0
929,929,0,133,353,0,0,0,220,129,1640,1,下位,0,0,0
558,558,0,48,143,0,0,0,929,353,615,2,下位,0,0,0
110,110,0,290,692,0,0,0,558,143,-70,1,下位,0,0,0
397,397,0,77,186,0,0,0,110,692,459,5,下位,0,0,0
471,471,0,37,110,0,0,0,397,186,56,2,下位,0,0,0
332,332,0,89,224,1,0,0,0,0,1,0,下位,0,0,0
892,892,0,494,1304,0,0,0,332,224,-268,2,下位,0,0,0
272,272,0,300,806,0,0,0,892,1304,-287,5,下位,0,0,0
616,616,0,184,418,0,0,0,272,806,115,3,下位,0,0,0
440,440,0,161,393,0,0,0,616,418,-381,4,下位,0,0,0
141,141,0,283,715,0,0,0,440,393,-641,3,下位,0,0,0
89,89,0,163,398,0,0,0,141,715,-135,4,下位,0,0,0
90,90,0,178,489,0,0,0,89,398,131,3,下位,0,0,0
826,826,0,463,1164,0,0,0,90,489,486,2,下位,0,0,0
143,143,0,177,441,0,0,0,826,1164,424,6,下位,0,0,0
52,52,0,84,206,0,0,0,143,441,653,3,下位,0,0,0
514,514,0,713,1957,0,0,0,52,206,782,2,下位,0,0,0
151,151,0,39,118,0,0,0,514,1957,1976,5,下位,0,0,0
225,225,0,175,480,1,0,0,0,0,1,0,下位,0,0,0
402,402,0,83,204,0,0,0,225,480,147,2,下位,0,0,0
292,292,0,52,155,0,0,0,402,204,-245,2,下位,0,0,0
75,75,0,38,114,0,0,0,292,155,-523,1,下位,0,0,0
179,179,0,321,784,0,0,0,75,114,-520,1,下位,0,0,0
84,84,0,371,936,0,0,0,179,784,-2,5,下位,0,0,0
450,450,0,205,479,0,0,0,84,936,809,5,下位,0,0,0
561,561,0,209,536,0,0,0,450,479,620,4,下位,0,0,0
164,164,0,156,377,0,0,0,561,536,324,3,下位,0,0,0
493,493,0,186,467,0,0,0,164,377,458,3,下位,0,0,0
91,91,0,206,528,0,0,0,493,467,194,3,下位,0,0,0
139,139,0,228,550,0,0,0,91,528,587,3,下位,0,0,0
556,556,0,133,353,0,0,0,139,550,931,4,下位,0,0,0
246,246,0,130,346,0,0,0,556,353,459,2,下位,0,0,0
415,415,0,616,1669,0,0,0,246,346,440,2,下位,0,0,0
136,136,0,37,110,0,0,0,415,1669,1493,5,下位,0,0,0
167,167,0,38,114,0,0,0,136,110,1401,1,下位,0,0,0
58,58,0,35,106,0,0,0,167,114,1267,1,下位,0,0,0
320,320,0,136,365,0,0,0,58,106,1287,1,下位,0,0,0
20,20,0,132,350,1,0,0,0,0,1,0,下位,0,0,0
459,459,0,125,332,0,0,0,20,350,321,2,下位,0,0,0
249,249,0,400,1064,0,0,0,459,332,-28,2,下位,0,0,0
32,32,0,76,183,0,0,0,249,1064,667,4,下位,0,0,0
152,152,0,36,109,0,0,0,32,183,803,2,下位,0,0,0
144,144,0,384,1061,0,0,0,152,109,686,1,下位,0,0,0
244,244,0,196,545,0,0,0,144,1061,1533,3,下位,0,0,0
473,473,0,1459,4089,0,0,0,244,545,1716,2,下位,0,0,0
128,128,0,40,121,0,0,0,473,4089,1399,7,上位,0,0,0
316,316,0,50,151,0,0,0,128,121,1330,1,下位,0,0,0
464,464,0,61,182,0,0,0,316,151,1012,1,下位,0,0,0
277,277,0,2792,7811,0,0,0,464,182,506,1,下位,0,0,0
102,102,0,79,238,0,0,0,277,7811,1131,12,上位,0,0,0
129,129,0,68,205,0,0,0,102,238,1218,1,下位,0,0,0
239,239,0,48,145,1,0,0,0,0,1,0,下位,0,0,0
952,952,0,1098,2844,0,0,0,239,145,-209,1,下位,0,0,0
144,144,0,555,1486,0,0,0,952,2844,352,10,上位,0,0,0
238,238,0,127,337,0,0,0,144,1486,1624,5,下位,0,0,0
735,735,0,96,245,0,0,0,238,337,1608,2,下位,0,0,0
684,684,0,128,339,0,0,0,735,245,762,2,下位,0,0,0
81,81,0,163,398,0,0,0,684,339,86,2,下位,0,0,0
720,720,0,34,101,0,0,0,81,398,364,3,下位,0,0,0
151,151,0,56,169,0,0,0,720,101,-603,1,下位,0,0,0
648,648,0,312,847,0,0,0,151,169,-658,1,下位,0,0,0
98,98,0,42,126,1,0,0,0,0,1,0,下位,0,0,0
726,726,0,59,176,0,0,0,98,126,-18,1,下位,0,0,0
775,775,0,81,242,0,0,0,726,176,-919,1,下位,0,0,0
399,399,0,205,569,0,0,0,775,242,-1827,1,下位,0,0,0
701,701,0,806,2285,0,0,0,399,569,-1850,2,下位,0,0,0
287,287,0,58,174,0,0,0,701,2285,-605,4,下位,0,0,0
986,986,0,508,1244,0,0,0,287,174,-857,1,下位,0,0,0
172,172,0,487,1279,0,0,0,986,1244,-1076,7,上位,0,0,0
112,112,0,94,281,0,0,0,172,1279,-52,5,下位,0,0,0
1008,1008,0,300,674,0,0,0,112,281,63,1,下位,0,0,0
109,109,0,186,468,0,0,0,1008,674,-759,6,下位,0,0,0
312,312,0,557,1391,1,0,0,0,0,1,0,下位,0,0,0
97,97,0,334,822,0,0,0,312,1391,463,7,上位,0,0,0
163,163,0,34,103,0,0,0,97,822,1141,5,下位,0,0,0
128,128,0,263,699,0,0,0,163,103,1002,1,下位,0,0,0
850,850,0,47,140,0,0,0,128,699,1511,3,下位,0,0,0
98,98,0,101,258,0,0,0,850,140,390,1,下位,0,0,0
741,741,0,150,407,0,0,0,98,258,503,2,下位,0,0,0
487,487,0,56,168,0,0,0,741,407,-189,2,下位,0,0,0
144,144,0,46,138,0,0,0,487,168,-744,1,下位,0,0,0
492,492,0,668,1866,0,0,0,144,138,-820,1,下位,0,0,0
454,454,0,643,1875,0,0,0,492,1866,316,4,下位,0,0,0
176,176,0,252,711,0,0,0,454,1875,1517,2,下位,0,0,0
465,465,0,569,1427,0,0,0,176,711,1967,2,下位,0,0,0
153,153,0,44,132,1,0,0,0,0,1,0,下位,0,0,0
343,343,0,48,145,0,0,0,153,132,-94,1,下位,0,0,0
202,202,0,55,164,0,0,0,343,145,-458,1,下位,0,0,0
621,621,0,161,438,0,0,0,202,164,-594,1,下位,0,0,0
874,874,0,147,398,0,0,0,621,438,-1077,2,下位,0,0,0
358,358,0,236,662,0,0,0,874,398,-1976,2,下位,0,0,0
73,73,0,142,382,0,0,0,358,662,-1845,2,下位,0,0,0
1013,1013,0,40,119,0,0,0,73,382,-1571,2,下位,0,0,0
212,212,0,45,135,0,0,0,1013,119,-2955,1,下位,0,0,0
160,160,0,34,102,0,0,0,212,135,-3135,1,下位,0,0,0
738,738,0,42,126,0,0,0,160,102,-3270,1,下位,0,0,0
511,511,0,346,861,0,0,0,738,126,-4239,1,下位,0,0,0
181,181,0,42,126,0,0,0,511,861,-4136,5,下位,0,0,0
368,368,0,111,288,0,0,0,181,126,-4279,1,下位,0,0,0
294,294,0,137,365,1,0,0,0,0,1,0,下位,0,0,0
282,282,0,116,304,0,0,0,294,365,-70,2,下位,0,0,0
325,325,0,293,834,0,0,0,282,304,-184,2,下位,0,0,0
107,107,0,235,528,0,0,0,325,834,168,2,下位,0,0,0
212,212,0,543,1491,0,0,0,107,528,537,5,下位,0,0,0
1010,1010,0,405,938,0,0,0,212,1491,1713,4,下位,0,0,0
134,134,0,336,964,0,0,0,1010,938,283,7,上位,0,0,0
816,816,0,52,157,0,0,0,134,964,1048,2,下位,0,0,0
30,30,0,182,500,0,0,0,816,157,-6,1,下位,0,0,0
339,339,0,433,1074,0,0,0,30,500,449,2,下位,0,0,0
125,125,0,38,114,0,0,0,339,1074,1020,6,下位,0,0,0
108,108,0,102,260,0,0,0,125,114,949,1,下位,0,0,0
406,406,0,282,710,0,0,0,108,260,1049,2,下位,0,0,0
151,151,0,100,256,1,0,0,0,0,1,0,下位,0,0,0
333,333,0,35,105,0,0,0,151,256,33,2,下位,0,0,0
831,831,0,289,641,0,0,0,333,105,-356,1,下位,0,0,0
117,117,0,43,128,0,0,0,831,641,-948,6,下位,0,0,0
395,395,0,310,707,0,0,0,117,128,-994,1,下位,0,0,0
118,118,0,39,116,0,0,0,395,707,-873,6,下位,0,0,0
134,134,0,1152,3278,0,0,0,118,116,-932,1,下位,0,0,0
115,115,0,124,329,0,0,0,134,3278,2147,5,下位,0,0,0
217,217,0,132,308,0,0,0,115,329,92,2,下位,0,0,0
164,164,0,74,178,0,0,0,217,308,78,3,下位,0,0,0
133,133,0,36,109,0,0,0,164,178,13,2,下位,0,0,0
245,245,0,55,164,0,0,0,133,109,-75,1,下位,0,0,0
540,540,0,186,467,0,0,0,245,164,-275,1,下位,0,0,0
109,109,0,81,200,0,0,0,540,467,-609,3,下位,0,0,0
455,455,0,157,425,1,0,0,0,0,1,0,下位,0,0,0
93,93,0,37,111,0,0,0,455,425,-249,2,下位,0,0,0
591,591,0,761,2004,0,0,0,93,111,-276,1,下位,0,0,0
175,175,0,51,153,0,0,0,591,2004,475,7,上位,0,0,0
724,724,0,40,119,0,0,0,175,153,368,1,下位,0,0,0
243,243,0,37,112,0,0,0,724,119,-587,1,下位,0,0,0
499,499,0,36,109,0,0,0,243,112,-836,1,下位,0,0,0
585,585,0,388,1121,0,0,0,499,109,-1467,1,下位,0,0,0
674,674,0,440,1096,0,0,0,585,1121,-1214,2,下位,0,0,0
165,165,0,81,198,0,0,0,674,1096,-1118,6,下位,0,0,0
449,449,0,42,126,0,0,0,165,198,-1165,2,下位,0,0,0
856,856,0,48,144,0,0,0,449,126,-1705,1,下位,0,0,0
198,198,0,197,547,0,0,0,856,144,-2831,1,下位,0,0,0
266,266,0,37,111,0,0,0,198,547,-2578,2,下位,0,0,0
138,138,0,100,254,1,0,0,0,0,1,0,下位,0,0,0
621,621,0,42,127,0,0,0,138,254,50,2,下位,0,0,0
982,982,0,61,183,0,0,0,621,127,-744,1,下位,0,0,0
303,303,0,61,182,0,0,0,982,183,-2018,1,下位,0,0,0
170,170,0,77,188,0,0,0,303,182,-2286,1,下位,0,0,0
531,531,0,40,120,0,0,0,170,188,-2350,2,下位,0,0,0
340,340,0,407,996,0,0,0,531,120,-3018,1,下位,0,0,0
95,95,0,38,113,0,0,0,340,996,-2526,6,下位,0,0,0
433,433,0,44,131,0,0,0,95,113,-2554,1,下位,0,0,0
277,277,0,876,2492,0,0,0,433,131,-3065,1,下位,0,0,0
772,772,0,203,520,0,0,0,277,2492,-984,4,下位,0,0,0
102,102,0,80,195,0,0,0,772,520,-1609,3,下位,0,0,0
317,317,0,131,348,1,0,0,0,0,1,0,下位,0,0,0
894,894,0,77,232,0,0,0,317,348,-121,2,下位,0,0,0
175,175,0,59,178,0,0,0,894,232,-1215,1,下位,0,0,0
222,222,0,88,220,0,0,0,175,178,-1297,1,下位,0,0,0
777,777,0,55,166,0,0,0,222,220,-1406,2,下位,0,0,0
86,86,0,632,1842,0,0,0,777,166,-2393,1,下位,0,0,0
83,83,0,65,195,0,0,0,86,1842,-679,2,下位,0,0,0
166,166,0,149,358,0,0,0,83,195,-607,1,下位,0,0,0
201,201,0,744,2051,0,0,0,166,358,-495,3,下位,0,0,0
171,171,0,148,400,0,0,0,201,2051,1258,5,下位,0,0,0
605,605,0,147,398,0,0,0,171,400,1404,2,下位,0,0,0
63,63,0,1221,3327,0,0,0,605,398,904,2,下位,0,0,0
167,167,0,161,440,0,0,0,63,3327,1267,8,上位,0,0,0
271,271,0,77,232,1,0,0,0,0,1,0,下位,0,0,0
307,307,0,41,122,0,0,0,271,232,-169,1,下位,0,0,0
586,586,0,49,146,0,0,0,307,122,-502,1,下位,0,0,0
833,833,0,447,1115,0,0,0,586,146,-1225,1,下位,0,0,0
182,182,0,34,101,0,0,0,833,1115,-1346,6,下位,0,0,0
209,209,0,66,199,0,0,0,182,101,-1515,1,下位,0,0,0
628,628,0,416,1112,0,0,0,209,199,-1626,1,下位,0,0,0
664,664,0,1944,5777,0,0,0,628,1112,-1446,4,下位,0,0,0
152,152,0,83,249,0,0,0,664,5777,883,2,下位,0,0,0
785,785,0,81,243,0,0,0,152,249,906,1,下位,0,0,0
87,87,0,126,332,0,0,0,785,243,-16,1,下位,0,0,0
152,152,0,122,321,0,0,0,87,332,187,2,下位,0,0,0
122,122,0,100,254,1,0,0,0,0,1,0,下位,0,0,0
171,171,0,46,137,0,0,0,122,254,74,2,下位,0,0,0
868,868,0,49,147,0,0,0,171,137,-43,1,下位,0,0,0
87,87,0,122,323,0,0,0,868,147,-1184,1,下位,0,0,0
236,236,0,108,278,0,0,0,87,323,-990,2,下位,0,0,0
425,425,0,95,242,0,0,0,236,278,-1062,2,下位,0,0,0
882,882,0,154,418,0,0,0,425,242,-1451,2,下位,0,0,0
1015,1015,0,269,673,0,0,0,882,418,-2342,2,下位,0,0,0
135,135,0,41,123,0,0,0,1015,673,-3175,4,下位,0,0,0
75,75,0,37,110,0,0,0,135,123,-3252,1,下位,0,0,0
899,899,0,158,475,0,0,0,75,110,-3253,1,下位,0,0,0
165,165,0,281,710,0,0,0,899,475,-4112,1,下位,0,0,0
148,148,0,34,102,0,0,0,165,710,-3647,4,下位,0,0,0
151,151,0,45,135,1,0,0,0,0,1,0,下位,0,0,0
204,204,0,37,111,0,0,0,151,135,-88,1,下位,0,0,0
86,86,0,34,102,0,0,0,204,111,-280,1,下位,0,0,0
589,589,0,233,700,0,0,0,86,102,-306,1,下位,0,0,0
551,551,0,133,354,0,0,0,589,700,-480,1,下位,0,0,0
212,212,0,69,206,0,0,0,551,354,-944,2,下位,0,0,0
273,273,0,263,698,0,0,0,212,206,-1053,1,下位,0,0,0
93,93,0,441,1278,0,0,0,273,698,-760,3,下位,0,0,0
121,121,0,42,126,0,0,0,93,1278,380,2,下位,0,0,0
113,113,0,202,515,0,0,0,121,126,326,1,下位,0,0,0
480,480,0,87,216,0,0,0,113,515,673,3,下位,0,0,0
137,137,0,58,173,0,0,0,480,216,177,2,下位,0,0,0
1010,1010,0,37,111,0,0,0,137,173,147,1,下位,0,0,0
680,680,0,64,191,0,0,0,1010,111,-1241,1,下位,0,0,0
596,596,0,39,117,0,0,0,680,191,-2059,1,下位,0,0,0
482,482,0,76,229,1,0,0,0,0,1,0,下位,0,0,0
717,717,0,420,1125,0,0,0,482,229,-485,1,下位,0,0,0
598,598,0,38,114,0,0,0,717,1125,-424,4,下位,0,0,0
376,376,0,33,100,0,0,0,598,114,-1197,1,下位,0,0,0
495,495,0,46,139,0,0,0,376,100,-1655,1,下位,0,0,0
148,148,0,126,332,0,0,0,495,139,-2250,1,下位,0,0,0
190,190,0,291,829,0,0,0,148,332,-2138,2,下位,0,0,0
694,694,0,334,819,0,0,0,190,829,-1591,2,下位,0,0,0
119,119,0,47,140,0,0,0,694,819,-1802,5,下位,0,0,0
816,816,0,126,378,0,0,0,119,140,-1839,1,下位,0,0,0
959,959,0,118,307,0,0,0,816,378,-2672,1,下位,0,0,0
200,200,0,262,741,0,0,0,959,307,-3788,2,下位,0,0,0
214,214,0,310,753,0,0,0,200,741,-3344,2,下位,0,0,0
165,165,0,163,445,0,0,0,214,753,-2909,5,下位,0,0,0
554,554,0,135,361,1,0,0,0,0,1,0,下位,0,0,0
951,951,0,161,439,0,0,0,554,361,-460,2,下位,0,0,0
902,902,0,41,124,0,0,0,951,439,-1432,2,下位,0,0,0
198,198,0,473,1284,0,0,0,902,124,-2646,1,下位,0,0,0
337,337,0,201,559,0,0,0,198,1284,-1656,4,下位,0,0,0
855,855,0,218,609,0,0,0,337,559,-1597,2,下位,0,0,0
468,468,0,52,156,0,0,0,855,609,-2257,2,下位,0,0,0
532,532,0,125,329,0,0,0,468,156,-2795,1,下位,0,0,0
157,157,0,35,106,0,0,0,532,329,-3255,2,下位,0,0,0
162,162,0,49,147,0,0,0,157,106,-3382,1,下位,0,0,0
54,54,0,220,526,1,0,0,0,0,1,0,下位,0,0,0
242,242,0,453,1314,0,0,0,54,526,447,4,下位,0,0,0
250,250,0,126,333,0,0,0,242,1314,1402,2,下位,0,0,0
47,47,0,1344,3735,0,0,0,250,333,1364,2,下位,0,0,0
141,141,0,41,123,0,0,0,47,3735,379,7,上位,0,0,0
291,291,0,93,234,0,0,0,141,123,293,1,下位,0,0,0
555,555,0,81,243,0,0,0,291,234,95,2,下位,0,0,0
563,563,0,159,431,0,0,0,555,243,-485,1,下位,0,0,0
245,245,0,405,1169,0,0,0,563,431,-889,2,下位,0,0,0
150,150,0,300,765,0,0,0,245,1169,-84,2,下位,0,0,0
121,121,0,279,658,0,0,0,150,765,458,4,下位,0,0,0
414,414,0,61,184,0,0,0,121,658,936,5,下位,0,0,0
228,228,0,415,1109,0,0,0,414,184,506,1,下位,0,0,0
109,109,0,278,742,0,0,0,228,1109,1277,4,下位,0,0,0
624,624,0,43,128,0,0,0,109,742,1857,3,下位,0,0,0
269,269,0,52,155,0,0,0,624,128,1059,1,下位,0,0,0
162,162,0,137,368,0,0,0,269,155,815,1,下位,0,0,0
118,118,0,35,105,0,0,0,162,368,943,2,下位,0,0,0
565,565,0,935,2475,1,0,0,0,0,1,0,下位,0,0,0
120,120,0,117,351,0,0,0,565,2475,787,8,上位,0,0,0
736,736,0,47,142,0,0,0,120,351,960,1,下位,0,0,0
215,215,0,43,129,0,0,0,736,142,10,1,下位,0,0,0
792,792,0,1134,3070,0,0,0,215,129,-180,1,下位,0,0,0
199,199,0,107,278,0,0,0,792,3070,1207,8,上位,0,0,0
974,974,0,162,442,0,0,0,199,278,1190,2,下位,0,0,0
509,509,0,39,116,0,0,0,974,442,187,2,下位,0,0,0
444,444,0,176,483,0,0,0,509,116,-452,1,下位,0,0,0
434,434,0,234,613,1,0,0,0,0,1,0,下位,0,0,0
516,516,0,91,273,0,0,0,434,613,-30,3,下位,0,0,0
673,673,0,544,1352,0,0,0,516,273,-523,1,下位,0,0,0
134,134,0,423,1043,0,0,0,673,1352,-170,7,上位,0,0,0
120,120,0,40,120,0,0,0,134,1043,674,6,下位,0,0,0
565,565,0,37,111,0,0,0,120,120,616,1,下位,0,0,0
705,705,0,295,840,0,0,0,565,111,-111,1,下位,0,0,0
482,482,0,203,608,0,0,0,705,840,-317,2,下位,0,0,0
488,488,0,38,115,1,0,0,0,0,1,0,下位,0,0,0
502,502,0,100,256,0,0,0,488,115,-608,1,下位,0,0,0
475,475,0,41,122,0,0,0,502,256,-1097,2,下位,0,0,0
135,135,0,108,281,0,0,0,475,122,-1680,1,下位,0,0,0
825,825,0,63,190,0,0,0,135,281,-1599,2,下位,0,0,0
516,516,0,125,284,0,0,0,825,190,-2633,1,下位,0,0,0
84,84,0,45,136,0,0,0,516,284,-3115,3,下位,0,0,0
484,484,0,34,103,0,0,0,84,136,-3104,1,下位,0,0,0
402,402,0,35,105,0,0,0,484,103,-3719,1,下位,0,0,0
545,545,0,89,222,0,0,0,402,105,-4210,1,下位,0,0,0
214,214,0,39,116,0,0,0,545,222,-4797,2,下位,0,0,0
117,117,0,36,109,0,0,0,214,116,-4999,1,下位,0,0,0
437,437,0,120,361,0,0,0,117,109,-5064,1,下位,0,0,0
189,189,0,37,112,1,0,0,0,0,1,0,下位,0,0,0
204,204,0,35,105,0,0,0,189,112,-167,1,下位,0,0,0
86,86,0,102,260,0,0,0,204,105,-365,1,下位,0,0,0
457,457,0,742,1944,0,0,0,86,260,-233,2,下位,0,0,0
91,91,0,189,523,0,0,0,457,1944,580,7,上位,0,0,0
128,128,0,84,207,0,0,0,91,523,968,2,下位,0,0,0
322,322,0,125,330,0,0,0,128,207,985,2,下位,0,0,0
547,547,0,33,100,0,0,0,322,330,837,2,下位,0,0,0
59,59,0,174,478,0,0,0,547,100,125,1,下位,0,0,0
355,355,0,244,553,0,0,0,59,478,515,2,下位,0,0,0
197,197,0,104,269,0,0,0,355,553,541,5,下位,0,0,0
171,171,0,43,130,0,0,0,197,269,518,2,下位,0,0,0
234,234,0,207,530,0,0,0,171,130,394,1,下位,0,0,0
365,365,0,144,387,0,0,0,234,530,577,3,下位,0,0,0
36,36,0,179,491,0,0,0,365,387,422,2,下位,0,0,0
127,127,0,300,901,0,0,0,36,491,860,2,下位,0,0,0
278,278,0,221,573,1,0,0,0,0,1,0,下位,0,0,0
206,206,0,418,1118,0,0,0,278,573,162,3,下位,0,0,0
188,188,0,40,121,0,0,0,206,1118,974,4,下位,0,0,0
770,770,0,262,653,0,0,0,188,121,816,1,下位,0,0,0
115,115,0,176,484,0,0,0,770,653,327,4,下位,0,0,0
1015,1015,0,273,683,0,0,0,115,484,640,2,下位,0,0,0
80,80,0,34,103,0,0,0,1015,683,-183,4,下位,0,0,0
99,99,0,80,240,0,0,0,80,103,-199,1,下位,0,0,0
72,72,0,38,114,0,0,0,99,240,-106,1,下位,0,0,0
272,272,0,77,187,0,0,0,72,114,-99,1,下位,0,0,0
195,195,0,54,163,0,0,0,272,187,-316,2,下位,0,0,0
236,236,0,668,1780,0,0,0,195,163,-442,1,下位,0,0,0
181,181,0,54,162,0,0,0,236,1780,988,6,下位,0,0,0
162,162,0,381,964,1,0,0,0,0,1,0,下位,0,0,0
237,237,0,215,512,0,0,0,162,964,725,5,下位,0,0,0
109,109,0,44,132,0,0,0,237,512,885,4,下位,0,0,0
1014,1014,0,94,283,0,0,0,109,132,855,1,下位,0,0,0
406,406,0,37,112,0,0,0,1014,283,-366,1,下位,0,0,0
476,476,0,117,306,0,0,0,406,112,-856,1,下位,0,0,0
960,960,0,40,121,0,0,0,476,306,-1256,2,下位,0,0,0
592,592,0,62,185,0,0,0,960,121,-2559,1,下位,0,0,0
248,248,0,37,111,0,0,0,592,185,-3252,1,下位,0,0,0
437,437,0,105,270,0,0,0,248,111,-3509,1,下位,0,0,0
91,91,0,122,322,0,0,0,437,270,-3887,2,下位,0,0,0
96,96,0,39,117,1,0,0,0,0,1,0,下位,0,0,0
152,152,0,87,217,0,0,0,96,117,-24,1,下位,0,0,0
209,209,0,42,125,0,0,0,152,217,-33,2,下位,0,0,0
167,167,0,346,903,0,0,0,209,125,-218,1,下位,0,0,0
160,160,0,65,196,0,0,0,167,903,437,4,下位,0,0,0
340,340,0,111,289,0,0,0,160,196,396,1,下位,0,0,0
449,449,0,71,214,0,0,0,340,289,181,2,下位,0,0,0
70,70,0,243,640,0,0,0,449,214,-271,1,下位,0,0,0
137,137,0,86,211,0,0,0,70,640,266,3,下位,0,0,0
57,57,0,88,218,0,0,0,137,211,274,2,下位,0,0,0
181,181,0,261,649,0,0,0,57,218,407,2,下位,0,0,0
221,221,0,295,797,0,0,0,181,649,787,4,下位,0,0,0
129,129,0,158,385,0,0,0,221,797,1256,3,下位,0,0,0
443,443,0,1179,3428,0,0,0,129,385,1450,3,下位,0,0,0
190,190,0,40,121,0,0,0,443,3428,1837,3,下位,0,0,0
210,210,0,43,130,0,0,0,190,121,1676,1,下位,0,0,0
87,87,0,81,198,0,0,0,210,130,1494,1,下位,0,0,0
744,744,0,293,787,0,0,0,87,198,1563,2,下位,0,0,0
58,58,0,135,362,0,0,0,744,787,1246,3,下位,0,0,0
392,392,0,168,414,1,0,0,0,0,1,0,下位,0,0,0
222,222,0,114,295,0,0,0,392,414,-167,3,下位,0,0,0
178,178,0,34,102,0,0,0,222,295,-201,2,下位,0,0,0
393,393,0,56,167,0,0,0,178,102,-363,1,下位,0,0,0
122,122,0,40,120,0,0,0,393,167,-779,1,下位,0,0,0
34,34,0,103,265,0,0,0,122,120,-840,1,下位,0,0,0
290,290,0,70,210,0,0,0,34,265,-625,2,下位,0,0,0
404,404,0,1336,3626,0,0,0,290,210,-845,1,下位,0,0,0
209,209,0,35,104,0,0,0,404,3626,595,9,上位,0,0,0
51,51,0,134,359,0,0,0,209,104,389,1,下位,0,0,0
127,127,0,258,641,0,0,0,51,359,672,2,下位,0,0,0
472,472,0,129,298,0,0,0,127,641,1125,4,下位,0,0,0
394,394,0,126,333,0,0,0,472,298,723,3,下位,0,0,0
35,35,0,76,184,0,0,0,394,333,471,2,下位,0,0,0
127,127,0,79,236,0,0,0,35,184,603,2,下位,0,0,0
313,313,0,50,151,0,0,0,127,236,651,1,下位,0,0,0
1011,1011,0,352,875,0,0,0,313,151,338,1,下位,0,0,0
37,37,0,214,549,1,0,0,0,0,1,0,下位,0,0,0
717,717,0,89,268,0,0,0,37,549,495,3,下位,0,0,0
34,34,0,207,488,0,0,0,717,268,-301,1,下位,0,0,0
352,352,0,170,419,0,0,0,34,488,137,4,下位,0,0,0
598,598,0,221,616,0,0,0,352,419,34,3,下位,0,0,0
1008,1008,0,464,1167,0,0,0,598,616,-237,2,下位,0,0,0
123,123,0,96,242,0,0,0,1008,1167,-566,6,下位,0,0,0
114,114,0,52,156,0,0,0,123,242,-506,2,下位,0,0,0
183,183,0,147,396,0,0,0,114,156,-519,1,下位,0,0,0
345,345,0,127,335,0,0,0,183,396,-395,2,下位,0,0,0
304,304,0,116,302,0,0,0,345,335,-572,2,下位,0,0,0
313,313,0,234,610,0,0,0,304,302,-721,2,下位,0,0,0
34,34,0,40,121,0,0,0,313,610,-575,3,下位,0,0,0
37,37,0,46,137,1,0,0,0,0,1,0,下位,0,0,0
587,587,0,86,213,0,0,0,37,137,83,1,下位,0,0,0
156,156,0,260,691,0,0,0,587,213,-575,2,下位,0,0,0
179,179,0,296,752,0,0,0,156,691,-115,3,下位,0,0,0
365,365,0,35,106,0,0,0,179,752,371,4,下位,0,0,0
569,569,0,307,876,0,0,0,365,106,-65,1,下位,0,0,0
925,925,0,192,531,0,0,0,569,876,-33,2,下位,0,0,0
219,219,0,98,249,0,0,0,925,531,-874,2,下位,0,0,0
132,132,0,55,166,0,0,0,219,249,-950,2,下位,0,0,0
890,890,0,126,379,0,0,0,132,166,-980,1,下位,0,0,0
449,449,0,169,508,0,0,0,890,379,-1921,1,下位,0,0,0
130,130,0,115,302,0,0,0,449,508,-2079,1,下位,0,0,0
367,367,0,37,112,0,0,0,130,302,-1970,2,下位,0,0,0
138,138,0,191,483,1,0,0,0,0,1,0,下位,0,0,0
357,357,0,110,330,0,0,0,138,483,279,3,下位,0,0,0
154,154,0,91,230,0,0,0,357,330,79,1,下位,0,0,0
575,575,0,571,1433,0,0,0,154,230,81,2,下位,0,0,0
144,144,0,245,645,0,0,0,575,1433,415,7,上位,0,0,0
393,393,0,196,497,0,0,0,144,645,846,3,下位,0,0,0
52,52,0,291,738,0,0,0,393,497,760,3,下位,0,0,0
204,204,0,168,459,0,0,0,52,738,1421,4,下位,0,0,0
906,906,0,65,194,0,0,0,204,459,1577,2,下位,0,0,0
151,151,0,43,131,0,0,0,906,194,427,1,下位,0,0,0
220,220,0,38,113,0,0,0,151,131,334,1,下位,0,0,0
378,378,0,39,117,0,0,0,220,113,121,1,下位,0,0,0
147,147,0,50,150,0,0,0,378,117,-323,1,下位,0,0,0
910,910,0,37,110,0,0,0,147,150,-391,1,下位,0,0,0
264,264,0,76,226,0,0,0,910,110,-1631,1,下位,0,0,0
205,205,0,49,147,0,0,0,264,226,-1797,1,下位,0,0,0
757,757,0,356,981,0,0,0,205,147,-1954,1,下位,0,0,0
187,187,0,76,227,0,0,0,757,981,-2096,3,下位,0,0,0
350,350,0,178,488,1,0,0,0,0,1,0,下位,0,0,0
167,167,0,121,319,0,0,0,350,488,-30,2,下位,0,0,0
591,591,0,61,184,0,0,0,167,319,41,2,下位,0,0,0
470,470,0,293,745,0,0,0,591,184,-652,1,下位,0,0,0
261,261,0,38,113,0,0,0,470,745,-604,4,下位,0,0,0
190,190,0,35,106,0,0,0,261,113,-878,1,下位,0,0,0
646,646,0,38,114,0,0,0,190,106,-1054,1,下位,0,0,0
149,149,0,39,118,0,0,0,646,114,-1898,1,下位,0,0,0
328,328,0,135,403,0,0,0,149,118,-2001,1,下位,0,0,0
84,84,0,37,111,0,0,0,328,403,-2085,1,下位,0,0,0
145,145,0,163,444,0,0,0,84,111,-2099,1,下位,0,0,0
94,94,0,34,102,0,0,0,145,444,-1870,2,下位,0,0,0
489,489,0,164,402,1,0,0,0,0,1,0,下位,0,0,0
717,717,0,314,807,0,0,0,489,402,-323,3,下位,0,0,0
438,438,0,70,209,0,0,0,717,807,-580,4,下位,0,0,0
836,836,0,134,402,0,0,0,438,209,-1021,1,下位,0,0,0
153,153,0,93,233,0,0,0,836,402,-1859,1,下位,0,0,0
546,546,0,219,610,0,0,0,153,233,-1853,2,下位,0,0,0
43,43,0,95,285,0,0,0,546,610,-2053,2,下位,0,0,0
148,148,0,134,358,0,0,0,43,285,-1832,1,下位,0,0,0
249,249,0,423,1226,0,0,0,148,358,-1694,2,下位,0,0,0
456,456,0,193,534,0,0,0,249,1226,-837,2,下位,0,0,0
165,165,0,383,1059,0,0,0,456,534,-980,2,下位,0,0,0
263,263,0,49,147,1,0,0,0,0,1,0,下位,0,0,0
732,732,0,37,112,0,0,0,263,147,-242,1,下位,0,0,0
329,329,0,127,334,0,0,0,732,112,-1216,1,下位,0,0,0
442,442,0,142,383,0,0,0,329,334,-1370,2,下位,0,0,0
618,618,0,367,969,0,0,0,442,383,-1643,2,下位,0,0,0
818,818,0,442,1145,0,0,0,618,969,-1591,4,下位,0,0,0
600,600,0,60,179,0,0,0,818,1145,-1660,5,下位,0,0,0
482,482,0,42,126,0,0,0,600,179,-2371,1,下位,0,0,0
98,98,0,201,512,0,0,0,482,126,-2960,1,下位,0,0,0
782,782,0,36,107,0,0,0,98,512,-2593,3,下位,0,0,0
338,338,0,44,133,0,0,0,782,107,-3646,1,下位,0,0,0
276,276,0,135,359,0,0,0,338,133,-4014,1,下位,0,0,0
103,103,0,73,219,0,0,0,276,359,-4064,2,下位,0,0,0
182,182,0,86,213,0,0,0,103,219,-3998,1,下位,0,0,0
506,506,0,105,316,1,0,0,0,0,1,0,下位,0,0,0
171,171,0,200,466,0,0,0,506,316,-434,1,下位,0,0,0
1003,1003,0,355,887,0,0,0,171,466,-222,4,下位,0,0,0
164,164,0,215,511,0,0,0,1003,887,-823,5,下位,0,0,0
176,176,0,293,789,0,0,0,164,511,-555,4,下位,0,0,0
156,156,0,152,367,0,0,0,176,789,-27,3,下位,0,0,0
80,80,0,197,503,0,0,0,156,367,109,3,下位,0,0,0
96,96,0,98,250,0,0,0,80,503,493,3,下位,0,0,0
223,223,0,113,339,0,0,0,96,250,601,2,下位,0,0,0
994,994,0,277,699,0,0,0,223,339,609,1,下位,0,0,0
641,641,0,222,575,0,0,0,994,699,-167,4,下位,0,0,0
864,864,0,48,144,0,0,0,641,575,-543,3,下位,0,0,0
439,439,0,386,936,0,0,0,864,144,-1681,1,下位,0,0,0
307,307,0,36,109,1,0,0,0,0,1,0,下位,0,0,0
484,484,0,41,122,0,0,0,307,109,-345,1,下位,0,0,0
219,219,0,227,593,0,0,0,484,122,-941,1,下位,0,0,0
174,174,0,819,2322,0,0,0,219,593,-673,3,下位,0,0,0
131,131,0,144,433,0,0,0,174,2322,1391,4,下位,0,0,0
209,209,0,395,1005,0,0,0,131,433,1630,1,下位,0,0,0
154,154,0,77,231,0,0,0,209,1005,2325,5,下位,0,0,0
549,549,0,489,1287,0,0,0,154,231,2328,1,下位,0,0,0
334,334,0,42,126,0,0,0,549,1287,434,5,下位,0,0,0
174,174,0,176,442,0,0,0,334,126,64,1,下位,0,0,0
230,230,0,140,376,0,0,0,174,442,248,3,下位,0,0,0
897,897,0,35,106,0,0,0,230,376,283,2,下位,0,0,0
245,245,0,45,134,0,0,0,897,106,-942,1,下位,0,0,0
74,74,0,185,556,0,0,0,245,134,-1172,1,下位,0,0,0
70,70,0,36,109,1,0,0,0,0,1,0,下位,0,0,0
77,77,0,64,193,0,0,0,70,109,6,1,下位,0,0,0
174,174,0,350,825,0,0,0,77,193,85,1,下位,0,0,0
177,177,0,40,121,0,0,0,174,825,652,6,下位,0,0,0
44,44,0,34,101,0,0,0,177,121,510,1,下位,0,0,0
155,155,0,312,803,0,0,0,44,101,546,1,下位,0,0,0
407,407,0,36,110,0,0,0,155,803,1119,4,下位,0,0,0
139,139,0,85,211,0,0,0,407,110,625,1,下位,0,0,0
416,416,0,144,388,0,0,0,139,211,630,2,下位,0,0,0
198,198,0,99,253,0,0,0,416,388,401,2,下位,0,0,0
380,380,0,94,283,0,0,0,198,253,360,2,下位,0,0,0
102,102,0,134,357,0,0,0,380,283,79,1,下位,0,0,0
575,575,0,110,285,0,0,0,102,357,285,2,下位,0,0,0
701,701,0,35,106,0,0,0,575,285,-283,2,下位,0,0,0
110,110,0,34,101,0,0,0,701,106,-1217,1,下位,0,0,0
292,292,0,40,120,0,0,0,110,101,-1279,1,下位,0,0,0
458,458,0,1274,3490,0,0,0,292,120,-1592,1,下位,0,0,0
153,153,0,40,121,0,0,0,458,3490,379,8,上位,0,0,0
478,478,0,43,130,1,0,0,0,0,1,0,下位,0,0,0
792,792,0,112,291,0,0,0,478,130,-578,1,下位,0,0,0
294,294,0,34,103,0,0,0,792,291,-1462,2,下位,0,0,0
179,179,0,222,620,0,0,0,294,103,-1795,1,下位,0,0,0
101,101,0,37,110,0,0,0,179,620,-1441,2,下位,0,0,0
301,301,0,463,1255,0,0,0,101,110,-1481,1,下位,0,0,0
439,439,0,145,346,0,0,0,301,1255,-673,4,下位,0,0,0
167,167,0,1994,5436,0,0,0,439,346,-978,3,下位,0,0,0
223,223,0,45,135,0,0,0,167,5436,389,12,上位,0,0,0
114,114,0,219,568,0,0,0,223,135,193,1,下位,0,0,0
488,488,0,55,165,0,0,0,114,568,592,3,下位,0,0,0
90,90,0,53,158,0,0,0,488,165,33,1,下位,0,0,0
421,421,0,97,246,0,0,0,90,158,57,1,下位,0,0,0
170,170,0,40,120,0,0,0,421,246,-322,2,下位,0,0,0
159,159,0,83,206,0,0,0,170,120,-454,1,下位,0,0,0
128,128,0,36,108,1,0,0,0,0,1,0,下位,0,0,0
467,467,0,212,503,0,0,0,128,108,-81,1,下位,0,0,0
484,484,0,302,683,0,0,0,467,503,-271,4,下位,0,0,0
113,113,0,562,1406,0,0,0,484,683,-306,6,下位,0,0,0
140,140,0,38,114,0,0,0,113,1406,535,7,上位,0,0,0
499,499,0,99,252,0,0,0,140,114,441,1,下位,0,0,0
643,643,0,72,215,0,0,0,499,252,-47,2,下位,0,0,0
588,588,0,51,154,0,0,0,643,215,-786,1,下位,0,0,0
289,289,0,698,1811,0,0,0,588,154,-1504,1,下位,0,0,0
142,142,0,150,363,0,0,0,289,1811,-122,7,上位,0,0,0
155,155,0,40,121,0,0,0,142,363,30,3,下位,0,0,0
143,143,0,384,1152,0,0,0,155,121,-79,1,下位,0,0,0
140,140,0,70,209,0,0,0,143,1152,861,1,下位,0,0,0
1011,1011,0,57,171,0,0,0,140,209,862,1,下位,0,0,0
264,264,0,43,128,0,0,0,1011,171,-467,1,下位,0,0,0
146,146,0,42,125,0,0,0,264,128,-731,1,下位,0,0,0
466,466,0,34,103,1,0,0,0,0,1,0,下位,0,0,0
153,153,0,35,106,0,0,0,466,103,-587,1,下位,0,0,0
280,280,0,226,635,0,0,0,153,106,-708,1,下位,0,0,0
149,149,0,593,1554,0,0,0,280,635,-488,2,下位,0,0,0
137,137,0,44,133,0,0,0,149,1554,845,6,下位,0,0,0
77,77,0,246,602,0,0,0,137,133,775,1,下位,0,0,0
600,600,0,38,114,0,0,0,77,602,1263,4,下位,0,0,0
834,834,0,86,214,0,0,0,600,114,487,1,下位,0,0,0
75,75,0,41,125,0,0,0,834,214,-536,2,下位,0,0,0
634,634,0,81,196,0,0,0,75,125,-522,1,下位,0,0,0
228,228,0,41,123,0,0,0,634,196,-1267,2,下位,0,0,0
471,471,0,155,420,0,0,0,228,123,-1482,1,下位,0,0,0
381,381,0,192,487,1,0,0,0,0,1,0,下位,0,0,0
428,428,0,149,402,0,0,0,381,487,-77,3,下位,0,0,0
105,105,0,74,221,0,0,0,428,402,-310,2,下位,0,0,0
181,181,0,235,616,0,0,0,105,221,-245,1,下位,0,0,0
124,124,0,156,423,0,0,0,181,616,102,3,下位,0,0,0
141,141,0,51,152,0,0,0,124,423,341,2,下位,0,0,0
465,465,0,220,615,0,0,0,141,152,284,1,下位,0,0,0
504,504,0,58,175,0,0,0,465,615,209,2,下位,0,0,0
1009,1009,0,141,378,0,0,0,504,175,-364,1,下位,0,0,0
183,183,0,35,104,0,0,0,1009,378,-1483,2,下位,0,0,0
571,571,0,35,105,0,0,0,183,104,-1651,1,下位,0,0,0
129,129,0,150,361,0,0,0,571,105,-2393,1,下位,0,0,0
101,101,0,146,394,0,0,0,129,361,-2223,3,下位,0,0,0
138,138,0,75,182,0,0,0,101,394,-1979,2,下位,0,0,0
472,472,0,74,221,0,0,0,138,182,-2002,2,下位,0,0,0
721,721,0,344,898,0,0,0,472,221,-2481,1,下位,0,0,0
417,417,0,205,615,1,0,0,0,0,1,0,下位,0,0,0
233,233,0,110,286,0,0,0,417,615,-3,1,下位,0,0,0
747,747,0,209,626,0,0,0,233,286,-63,2,下位,0,0,0
779,779,0,592,1499,0,0,0,747,626,-545,1,下位,0,0,0
105,105,0,119,314,0,0,0,779,1499,-202,7,上位,0,0,0
197,197,0,56,168,0,0,0,105,314,-44,2,下位,0,0,0
106,106,0,734,2112,0,0,0,197,168,-168,1,下位,0,0,0
334,334,0,233,565,0,0,0,106,2112,1787,3,下位,0,0,0
538,538,0,738,1880,0,0,0,334,565,1856,4,下位,0,0,0
113,113,0,91,228,0,0,0,538,1880,439,8,上位,0,0,0
763,763,0,277,743,0,0,0,113,228,499,2,下位,0,0,0
472,472,0,226,632,0,0,0,763,743,110,3,下位,0,0,0
523,523,0,109,281,1,0,0,0,0,1,0,下位,0,0,0
94,94,0,160,390,0,0,0,523,281,-494,2,下位,0,0,0
535,535,0,81,198,0,0,0,94,390,-243,3,下位,0,0,0
1012,1012,0,108,277,0,0,0,535,198,-839,2,下位,0,0,0
374,374,0,89,267,0,0,0,1012,277,-2063,2,下位,0,0,0
373,373,0,337,876,0,0,0,374,267,-2351,1,下位,0,0,0
436,436,0,64,192,0,0,0,373,876,-2028,4,下位,0,0,0
656,656,0,46,139,0,0,0,436,192,-2483,1,下位,0,0,0
379,379,0,257,771,0,0,0,656,139,-3317,1,下位,0,0,0
764,764,0,46,139,0,0,0,379,771,-3108,1,下位,0,0,0
759,759,0,219,611,0,0,0,764,139,-4103,1,下位,0,0,0
473,473,0,136,362,1,0,0,0,0,1,0,下位,0,0,0
815,815,0,150,406,0,0,0,473,362,-339,2,下位,0,0,0
885,885,0,666,1668,0,0,0,815,406,-1142,2,下位,0,0,0
91,91,0,251,662,0,0,0,885,1668,-787,8,上位,0,0,0
771,771,0,374,944,0,0,0,91,662,-260,3,下位,0,0,0
341,341,0,99,251,0,0,0,771,944,-460,5,下位,0,0,0
686,686,0,156,378,0,0,0,341,251,-715,2,下位,0,0,0
942,942,0,214,553,0,0,0,686,378,-1355,3,下位,0,0,0
145,145,0,127,291,0,0,0,942,553,-2200,3,下位,0,0,0
432,432,0,57,171,1,0,0,0,0,1,0,下位,0,0,0
609,609,0,289,690,0,0,0,432,171,-469,1,下位,0,0,0
326,326,0,212,590,0,0,0,609,690,-683,5,下位,0,0,0
100,100,0,176,483,0,0,0,326,590,-577,2,下位,0,0,0
866,866,0,203,519,0,0,0,100,483,-242,2,下位,0,0,0
103,103,0,456,1368,0,0,0,866,519,-1008,3,下位,0,0,0
170,170,0,159,431,0,0,0,103,1368,207,1,下位,0,0,0
562,562,0,247,696,0,0,0,170,431,386,2,下位,0,0,0
131,131,0,197,455,0,0,0,562,696,248,2,下位,0,0,0
749,749,0,113,339,0,0,0,131,455,509,4,下位,0,0,0
168,168,0,35,104,0,0,0,749,339,-263,1,下位,0,0,0
337,337,0,35,106,0,0,0,168,104,-408,1,下位,0,0,0
678,678,0,37,111,0,0,0,337,106,-802,1,下位,0,0,0
90,90,0,265,749,0,0,0,678,111,-1697,1,下位,0,0,0
267,267,0,35,104,0,0,0,90,749,-1082,2,下位,0,0,0
55,55,0,57,172,1,0,0,0,0,1,0,下位,0,0,0
519,519,0,634,1814,0,0,0,55,172,91,1,下位,0,0,0
579,579,0,141,335,0,0,0,519,1814,1135,3,下位,0,0,0
92,92,0,316,812,0,0,0,579,335,611,3,下位,0,0,0
831,831,0,300,899,0,0,0,92,812,1287,4,下位,0,0,0
519,519,0,250,706,0,0,0,831,899,953,1,下位,0,0,0
730,730,0,180,450,0,0,0,519,706,889,2,下位,0,0,0
356,356,0,38,114,0,0,0,730,450,256,3,下位,0,0,0
124,124,0,37,112,0,0,0,356,114,-158,1,下位,0,0,0
262,262,0,39,116,0,0,0,124,112,-230,1,下位,0,0,0
366,366,0,234,568,0,0,0,262,116,-503,1,下位,0,0,0
441,441,0,132,396,0,0,0,366,568,-478,4,下位,0,0,0
184,184,0,52,157,0,0,0,441,396,-736,1,下位,0,0,0
110,110,0,51,152,0,0,0,184,157,-852,1,下位,0,0,0
534,534,0,144,434,0,0,0,110,152,-863,1,下位,0,0,0
446,446,0,166,453,1,0,0,0,0,1,0,下位,0,0,0
113,113,0,319,775,0,0,0,446,453,-208,2,下位,0,0,0
286,286,0,108,325,0,0,0,113,775,399,5,下位,0,0,0
979,979,0,47,142,0,0,0,286,325,300,1,下位,0,0,0
417,417,0,44,133,0,0,0,979,142,-1011,1,下位,0,0,0
31,31,0,261,784,0,0,0,417,133,-1497,1,下位,0,0,0
310,310,0,239,717,0,0,0,31,784,-759,1,下位,0,0,0
527,527,0,147,353,0,0,0,310,717,-502,1,下位,0,0,0
921,921,0,100,255,0,0,0,527,353,-931,3,下位,0,0,0
109,109,0,79,192,0,0,0,921,255,-2042,2,下位,0,0,0
78,78,0,39,118,0,0,0,109,192,-2012,2,下位,0,0,0
1012,1012,0,177,485,0,0,0,78,118,-2010,1,下位,0,0,0
518,518,0,70,210,0,0,0,1012,485,-3026,2,下位,0,0,0
116,116,0,76,227,0,0,0,518,210,-3585,1,下位,0,0,0
569,569,0,139,372,0,0,0,116,227,-3530,1,下位,0,0,0
459,459,0,52,155,1,0,0,0,0,1,0,下位,0,0,0
180,180,0,59,177,0,0,0,459,155,-525,1,下位,0,0,0
922,922,0,2738,7723,0,0,0,180,177,-615,1,下位,0,0,0
135,135,0,84,210,0,0,0,922,7723,353,11,上位,0,0,0
510,510,0,81,199,0,0,0,135,210,363,2,下位,0,0,0
105,105,0,37,111,0,0,0,510,199,-195,2,下位,0,0,0
338,338,0,34,103,0,0,0,105,111,-240,1,下位,0,0,0
440,440,0,41,124,0,0,0,338,103,-638,1,下位,0,0,0
788,788,0,43,128,0,0,0,440,124,-1167,1,下位,0,0,0
301,301,0,64,193,0,0,0,788,128,-2208,1,下位,0,0,0
262,262,0,153,459,0,0,0,301,193,-2462,1,下位,0,0,0
146,146,0,54,162,0,0,0,262,459,-2392,1,下位,0,0,0
153,153,0,151,364,1,0,0,0,0,1,0,下位,0,0,0
672,672,0,52,156,0,0,0,153,364,138,3,下位,0,0,0
102,102,0,68,204,0,0,0,672,156,-703,1,下位,0,0,0
132,132,0,95,238,0,0,0,102,204,-650,1,下位,0,0,0
136,136,0,42,125,0,0,0,132,238,-608,2,下位,0,0,0
156,156,0,75,224,0,0,0,136,125,-685,1,下位,0,0,0
1012,1012,0,181,498,0,0,0,156,224,-692,1,下位,0,0,0
1009,1009,0,61,184,0,0,0,1012,498,-1695,2,下位,0,0,0
65,65,0,204,568,0,0,0,1009,184,-3008,1,下位,0,0,0
1011,1011,0,97,289,0,0,0,65,568,-2536,2,下位,0,0,0
610,610,0,81,199,0,0,0,1011,289,-3747,1,下位,0,0,0
259,259,0,301,724,0,0,0,610,199,-4453,2,下位,0,0,0
672,672,0,564,1471,0,0,0,259,724,-4113,5,下位,0,0,0
127,127,0,154,418,1,0,0,0,0,1,0,下位,0,0,0
246,246,0,47,141,0,0,0,127,418,231,2,下位,0,0,0
448,448,0,64,191,0,0,0,246,141,7,1,下位,0,0,0
137,137,0,126,288,0,0,0,448,191,-467,1,下位,0,0,0
194,194,0,124,326,0,0,0,137,288,-382,3,下位,0,0,0
324,324,0,57,173,0,0,0,194,326,-344,2,下位,0,0,0
423,423,0,93,235,0,0,0,324,173,-652,1,下位,0,0,0
124,124,0,36,109,0,0,0,423,235,-1045,2,下位,0,0,0
372,372,0,54,161,0,0,0,124,109,-1120,1,下位,0,0,0
439,439,0,130,389,0,0,0,372,161,-1511,1,下位,0,0,0
559,559,0,486,1233,0,0,0,439,389,-1773,1,下位,0,0,0
157,157,0,167,456,0,0,0,559,1233,-1369,6,下位,0,0,0
69,69,0,335,915,0,0,0,157,456,-1146,2,下位,0,0,0
531,531,0,91,274,0,0,0,69,915,-333,3,下位,0,0,0
278,278,0,64,192,0,0,0,531,274,-847,1,下位,0,0,0
388,388,0,41,123,0,0,0,278,192,-1067,1,下位,0,0,0
138,138,0,38,112,0,0,0,388,123,-1520,1,下位,0,0,0
330,330,0,41,123,0,0,0,138,112,-1613,1,下位,0,0,0
85,85,0,37,112,0,0,0,330,123,-1980,1,下位,0,0,0
154,154,0,550,1517,1,0,0,0,0,1,0,下位,0,0,0
716,716,0,170,465,0,0,0,154,1517,1290,4,下位,0,0,0
292,292,0,39,117,0,0,0,716,465,693,2,下位,0,0,0
835,835,0,437,1087,0,0,0,292,117,377,1,下位,0,0,0
93,93,0,53,159,0,0,0,835,1087,225,6,下位,0,0,0
1011,1011,0,295,796,0,0,0,93,159,246,1,下位,0,0,0
627,627,0,136,362,0,0,0,1011,796,-458,3,下位,0,0,0
184,184,0,127,293,0,0,0,627,362,-1026,2,下位,0,0,0
56,56,0,37,112,0,0,0,184,293,-1006,3,下位,0,0,0
113,113,0,96,245,0,0,0,56,112,-977,1,下位,0,0,0
106,106,0,209,538,1,0,0,0,0,1,0,下位,0,0,0
525,525,0,239,581,0,0,0,106,538,382,3,下位,0,0,0
494,494,0,73,219,0,0,0,525,581,184,4,下位,0,0,0
468,468,0,604,1591,0,0,0,494,219,-330,1,下位,0,0,0
140,140,0,228,550,0,0,0,468,1591,567,6,下位,0,0,0
153,153,0,238,622,0,0,0,140,550,909,4,下位,0,0,0
169,169,0,37,110,0,0,0,153,622,1304,3,下位,0,0,0
284,284,0,57,171,0,0,0,169,110,1163,1,下位,0,0,0
639,639,0,115,346,0,0,0,284,171,913,1,下位,0,0,0
309,309,0,41,123,0,0,0,639,346,311,1,下位,0,0,0
557,557,0,42,127,0,0,0,309,123,-24,1,下位,0,0,0
487,487,0,142,335,0,0,0,557,127,-723,1,下位,0,0,0
437,437,0,82,247,0,0,0,487,335,-1111,3,下位,0,0,0
124,124,0,41,125,0,0,0,437,247,-1512,1,下位,0,0,0
121,121,0,133,355,0,0,0,124,125,-1571,1,下位,0,0,0
250,250,0,108,279,0,0,0,121,355,-1396,2,下位,0,0,0
276,276,0,245,600,1,0,0,0,0,1,0,下位,0,0,0
270,270,0,1311,3548,0,0,0,276,600,192,4,下位,0,0,0
101,101,0,252,669,0,0,0,270,3548,1363,9,上位,0,0,0
162,162,0,111,288,0,0,0,101,669,1882,3,下位,0,0,0
108,108,0,136,362,0,0,0,162,288,1930,2,下位,0,0,0
1008,1008,0,74,221,0,0,0,108,362,2132,2,下位,0,0,0
999,999,0,587,1481,0,0,0,1008,221,857,1,下位,0,0,0
139,139,0,214,553,0,0,0,999,1481,727,7,上位,0,0,0
570,570,0,187,470,0,0,0,139,553,1074,3,下位,0,0,0
201,201,0,217,514,0,0,0,570,470,698,3,下位,0,0,0
457,457,0,154,371,0,0,0,201,514,914,4,下位,0,0,0
88,88,0,192,484,0,0,0,457,371,607,3,下位,0,0,0
504,504,0,43,131,1,0,0,0,0,1,0,下位,0,0,0
542,542,0,44,133,0,0,0,504,131,-616,1,下位,0,0,0
278,278,0,44,132,0,0,0,542,133,-1287,1,下位,0,0,0
323,323,0,39,115,0,0,0,278,132,-1567,1,下位,0,0,0
303,303,0,199,507,0,0,0,323,115,-1931,1,下位,0,0,0
87,87,0,34,103,0,0,0,303,507,-1874,3,下位,0,0,0
526,526,0,38,115,0,0,0,87,103,-1900,1,下位,0,0,0
29,29,0,164,492,0,0,0,526,115,-2565,1,下位,0,0,0
120,120,0,117,307,0,0,0,29,492,-2116,1,下位,0,0,0
491,491,0,269,673,0,0,0,120,307,-1987,2,下位,0,0,0
136,136,0,41,122,0,0,0,491,673,-2042,4,下位,0,0,0
1012,1012,0,57,172,0,0,0,136,122,-2122,1,下位,0,0,0
654,654,0,113,292,0,0,0,1012,172,-3451,1,下位,0,0,0
237,237,0,155,421,0,0,0,654,292,-4129,2,下位,0,0,0
487,487,0,211,499,0,0,0,237,421,-4060,2,下位,0,0,0
1012,1012,0,82,245,0,0,0,487,499,-4284,4,下位,0,0,0
116,116,0,49,148,1,0,0,0,0,1,0,下位,0,0,0
709,709,0,44,133,0,0,0,116,148,-23,1,下位,0,0,0
840,840,0,127,337,0,0,0,709,133,-942,1,下位,0,0,0
273,273,0,369,883,0,0,0,840,337,-1851,2,下位,0,0,0
177,177,0,35,105,0,0,0,273,883,-1373,6,下位,0,0,0
590,590,0,37,110,0,0,0,177,105,-1531,1,下位,0,0,0
191,191,0,103,308,0,0,0,590,110,-2296,1,下位,0,0,0
133,133,0,75,224,0,0,0,191,308,-2271,1,下位,0,0,0
415,415,0,47,141,0,0,0,133,224,-2244,1,下位,0,0,0
566,566,0,85,211,0,0,0,415,141,-2719,1,下位,0,0,0
302,302,0,60,180,0,0,0,566,211,-3348,2,下位,0,0,0
1010,1010,0,570,1432,0,0,0,302,180,-3616,1,下位,0,0,0
139,139,0,45,135,0,0,0,1010,1432,-3683,7,上位,0,0,0
614,614,0,107,320,0,0,0,139,135,-3754,1,下位,0,0,0
636,636,0,108,323,0,0,0,614,320,-4345,1,下位,0,0,0
245,245,0,437,1220,0,0,0,636,323,-4966,1,下位,0,0,0
351,351,0,116,347,1,0,0,0,0,1,0,下位,0,0,0
208,208,0,342,980,0,0,0,351,347,-173,1,下位,0,0,0
194,194,0,51,154,0,0,0,208,980,498,2,下位,0,0,0
235,235,0,88,220,0,0,0,194,154,364,1,下位,0,0,0
251,251,0,315,856,0,0,0,235,220,235,2,下位,0,0,0
83,83,0,202,470,0,0,0,251,856,719,3,下位,0,0,0
181,181,0,212,547,0,0,0,83,470,1066,4,下位,0,0,0
440,440,0,367,965,0,0,0,181,547,1344,3,下位,0,0,0
310,310,0,47,141,0,0,0,440,965,1656,4,下位,0,0,0
815,815,0,86,215,0,0,0,310,141,1337,1,下位,0,0,0
186,186,0,55,166,0,0,0,815,215,343,2,下位,0,0,0
679,679,0,62,187,0,0,0,186,166,233,1,下位,0,0,0
1009,1009,0,111,286,0,0,0,679,187,-587,1,下位,0,0,0
1017,1017,0,55,165,0,0,0,1009,286,-1798,2,下位,0,0,0
190,190,0,98,249,1,0,0,0,0,1,0,下位,0,0,0
442,442,0,83,250,0,0,0,190,249,-32,2,下位,0,0,0
813,813,0,278,701,0,0,0,442,250,-438,1,下位,0,0,0
134,134,0,89,268,0,0,0,813,701,-943,4,下位,0,0,0
563,563,0,129,344,0,0,0,134,268,-874,1,下位,0,0,0
465,465,0,68,205,0,0,0,563,344,-1365,2,下位,0,0,0
389,389,0,39,118,0,0,0,465,205,-1850,1,下位,0,0,0
180,180,0,203,563,0,0,0,389,118,-2309,1,下位,0,0,0
245,245,0,34,102,0,0,0,180,563,-2013,2,下位,0,0,0
606,606,0,55,165,0,0,0,245,102,-2275,1,下位,0,0,0
940,940,0,266,708,0,0,0,606,165,-3009,1,下位,0,0,0
595,595,0,101,303,0,0,0,940,708,-3696,3,下位,0,0,0
108,108,0,319,913,1,0,0,0,0,1,0,下位,0,0,0
68,68,0,34,103,0,0,0,108,913,754,2,下位,0,0,0
810,810,0,45,135,0,0,0,68,103,756,1,下位,0,0,0
160,160,0,64,193,0,0,0,810,135,-311,1,下位,0,0,0
789,789,0,135,406,0,0,0,160,193,-355,1,下位,0,0,0
142,142,0,102,262,0,0,0,789,406,-1120,1,下位,0,0,0
690,690,0,1145,3344,0,0,0,142,262,-1069,2,下位,0,0,0
761,761,0,376,948,0,0,0,690,3344,1251,3,下位,0,0,0
500,500,0,53,159,0,0,0,761,948,1070,5,下位,0,0,0
525,525,0,158,429,0,0,0,500,159,487,1,下位,0,0,0
43,43,0,37,111,0,0,0,525,429,137,2,下位,0,0,0
410,410,0,46,137,1,0,0,0,0,1,0,下位,0,0,0
692,692,0,164,400,0,0,0,410,137,-470,1,下位,0,0,0
98,98,0,142,382,0,0,0,692,400,-1097,3,下位,0,0,0
394,394,0,50,149,0,0,0,98,382,-860,2,下位,0,0,0
793,793,0,384,1152,0,0,0,394,149,-1296,1,下位,0,0,0
345,345,0,318,865,0,0,0,793,1152,-1321,1,下位,0,0,0
107,107,0,496,1400,0,0,0,345,865,-968,3,下位,0,0,0
662,662,0,130,347,0,0,0,107,1400,273,3,下位,0,0,0
512,512,0,168,459,0,0,0,662,347,-362,2,下位,0,0,0
634,634,0,172,425,0,0,0,512,459,-663,2,下位,0,0,0
422,422,0,54,161,0,0,0,634,425,-1179,3,下位,0,0,0
476,476,0,355,1019,1,0,0,0,0,1,0,下位,0,0,0
134,134,0,319,865,0,0,0,476,1019,314,2,下位,0,0,0
114,114,0,224,538,0,0,0,134,865,980,3,下位,0,0,0
811,811,0,163,442,0,0,0,114,538,1349,4,下位,0,0,0
258,258,0,90,225,0,0,0,811,442,588,2,下位,0,0,0
125,125,0,129,343,0,0,0,258,225,430,2,下位,0,0,0
311,311,0,302,816,0,0,0,125,343,588,2,下位,0,0,0
811,811,0,266,662,0,0,0,311,816,943,3,下位,0,0,0
336,336,0,34,100,0,0,0,811,662,402,4,下位,0,0,0
344,344,0,184,509,0,0,0,336,100,3,1,下位,0,0,0
24,24,0,91,230,0,0,0,344,509,2,2,下位,0,0,0
114,114,0,67,200,0,0,0,24,230,196,2,下位,0,0,0
984,984,0,62,185,0,0,0,114,200,227,1,下位,0,0,0
139,139,0,112,338,1,0,0,0,0,1,0,下位,0,0,0
103,103,0,60,179,0,0,0,139,338,133,1,下位,0,0,0
152,152,0,43,130,0,0,0,103,179,159,1,下位,0,0,0
165,165,0,389,987,0,0,0,152,130,63,1,下位,0,0,0
270,270,0,154,418,0,0,0,165,987,805,5,下位,0,0,0
892,892,0,396,1011,0,0,0,270,418,822,2,下位,0,0,0
279,279,0,121,318,0,0,0,892,1011,510,5,下位,0,0,0
152,152,0,95,285,0,0,0,279,318,414,2,下位,0,0,0
234,234,0,490,1245,0,0,0,152,285,473,1,下位,0,0,0
163,163,0,130,348,0,0,0,234,1245,1371,6,下位,0,0,0
412,412,0,147,441,0,0,0,163,348,1477,2,下位,0,0,0
433,433,0,85,211,0,0,0,412,441,1307,1,下位,0,0,0
104,104,0,596,1698,0,0,0,433,211,876,2,下位,0,0,0
245,245,0,38,113,0,0,0,104,1698,164,3,下位,0,0,0
320,320,0,234,569,0,0,0,245,113,-87,1,下位,0,0,0
475,475,0,184,464,0,0,0,320,569,7,4,下位,0,0,0
257,257,0,462,1159,1,0,0,0,0,1,0,下位,0,0,0
166,166,0,62,185,0,0,0,257,1159,779,6,下位,0,0,0
120,120,0,1559,4332,0,0,0,166,185,718,1,下位,0,0,0
135,135,0,96,288,0,0,0,120,4332,1989,8,上位,0,0,0
402,402,0,207,531,0,0,0,135,288,2077,1,下位,0,0,0
128,128,0,48,146,0,0,0,402,531,2012,3,下位,0,0,0
88,88,0,103,265,0,0,0,128,146,1968,1,下位,0,0,0
572,572,0,229,552,0,0,0,88,265,2102,2,下位,0,0,0
446,446,0,150,405,0,0,0,572,552,1805,4,下位,0,0,0
400,400,0,107,275,0,0,0,446,405,1548,2,下位,0,0,0
98,98,0,211,543,0,0,0,400,275,1230,2,下位,0,0,0
618,618,0,555,1438,0,0,0,98,543,1628,3,下位,0,0,0
159,159,0,40,120,0,0,0,618,1438,2149,6,下位,0,0,0
131,131,0,218,611,1,0,0,0,0,1,0,下位,0,0,0
467,467,0,108,323,0,0,0,131,611,418,2,下位,0,0,0
624,624,0,63,188,0,0,0,467,323,48,1,下位,0,0,0
207,207,0,183,506,0,0,0,624,188,-690,1,下位,0,0,0
207,207,0,73,218,0,0,0,207,506,-491,2,下位,0,0,0
173,173,0,36,108,0,0,0,207,218,-580,1,下位,0,0,0
435,435,0,80,196,0,0,0,173,108,-729,1,下位,0,0,0
219,219,0,246,602,0,0,0,435,196,-1178,2,下位,0,0,0
704,704,0,121,317,0,0,0,219,602,-901,4,下位,0,0,0
271,271,0,131,392,0,0,0,704,317,-1629,2,下位,0,0,0
127,127,0,153,415,0,0,0,271,392,-1639,1,下位,0,0,0
153,153,0,1242,3394,0,0,0,127,415,-1412,2,下位,0,0,0
179,179,0,255,766,0,0,0,153,3394,907,8,上位,0,0,0
117,117,0,128,339,0,0,0,179,766,1407,1,下位,0,0,0
134,134,0,135,404,0,0,0,117,339,1572,2,下位,0,0,0
287,287,0,424,1135,1,0,0,0,0,1,0,下位,0,0,0
181,181,0,220,524,0,0,0,287,1135,710,4,下位,0,0,0
219,219,0,172,426,0,0,0,181,524,965,4,下位,0,0,0
374,374,0,162,441,0,0,0,219,426,1066,3,下位,0,0,0
165,165,0,308,792,0,0,0,374,441,952,2,下位,0,0,0
301,301,0,79,192,0,0,0,165,792,1499,4,下位,0,0,0
621,621,0,36,109,0,0,0,301,192,1244,2,下位,0,0,0
29,29,0,491,1336,0,0,0,621,109,432,1,下位,0,0,0
203,203,0,128,295,0,0,0,29,1336,1725,4,下位,0,0,0
608,608,0,57,171,0,0,0,203,295,1719,3,下位,0,0,0
169,169,0,278,654,0,0,0,608,171,988,1,下位,0,0,0
483,483,0,818,2171,0,0,0,169,654,1391,5,下位,0,0,0
116,116,0,270,721,0,0,0,483,2171,484,7,上位,0,0,0
958,958,0,133,353,0,0,0,116,721,1033,3,下位,0,0,0
381,381,0,129,342,1,0,0,0,0,1,0,下位,0,0,0
501,501,0,45,136,0,0,0,381,342,-222,2,下位,0,0,0
1019,1019,0,544,1408,0,0,0,501,136,-829,1,下位,0,0,0
122,122,0,527,1535,0,0,0,1019,1408,-933,6,下位,0,0,0
306,306,0,41,124,0,0,0,122,1535,421,2,下位,0,0,0
66,66,0,137,367,0,0,0,306,124,91,1,下位,0,0,0
254,254,0,63,189,0,0,0,66,367,360,2,下位,0,0,0
787,787,0,293,745,0,0,0,254,189,172,1,下位,0,0,0
957,957,0,313,713,0,0,0,787,745,-251,4,下位,0,0,0
125,125,0,117,350,1,0,0,0,0,1,0,下位,0,0,0
574,574,0,76,228,0,0,0,125,350,166,1,下位,0,0,0
570,570,0,45,134,0,0,0,574,228,-458,1,下位,0,0,0
162,162,0,117,306,0,0,0,570,134,-1170,1,下位,0,0,0
186,186,0,34,103,0,0,0,162,306,-1104,2,下位,0,0,0
112,112,0,343,983,0,0,0,186,103,-1277,1,下位,0,0,0
34,34,0,58,175,0,0,0,112,983,-460,2,下位,0,0,0
122,122,0,588,1585,0,0,0,34,175,-335,1,下位,0,0,0
40,40,0,343,985,0,0,0,122,1585,1069,5,下位,0,0,0
918,918,0,41,124,0,0,0,40,985,1995,2,下位,0,0,0
109,109,0,120,317,0,0,0,918,124,757,1,下位,0,0,0
144,144,0,121,316,0,0,0,109,317,912,2,下位,0,0,0
823,823,0,179,446,0,0,0,144,316,1014,2,下位,0,0,0
654,654,0,56,169,0,0,0,823,446,239,3,下位,0,0,0
1017,1017,0,253,623,0,0,0,654,169,-562,1,下位,0,0,0
466,466,0,75,180,1,0,0,0,0,1,0,下位,0,0,0
854,854,0,38,115,0,0,0,466,180,-510,2,下位,0,0,0
172,172,0,145,389,0,0,0,854,115,-1662,1,下位,0,0,0
423,423,0,128,341,0,0,0,172,389,-1528,2,下位,0,0,0
47,47,0,34,102,0,0,0,423,341,-1815,2,下位,0,0,0
215,215,0,50,149,0,0,0,47,102,-1783,1,下位,0,0,0
439,439,0,369,1016,0,0,0,215,149,-1953,1,下位,0,0,0
165,165,0,120,272,0,0,0,439,1016,-1588,3,下位,0,0,0
375,375,0,42,126,0,0,0,165,272,-1561,3,下位,0,0,0
849,849,0,182,458,0,0,0,375,126,-1991,1,下位,0,0,0
572,572,0,71,212,0,0,0,849,458,-2793,3,下位,0,0,0
42,42,0,252,623,1,0,0,0,0,1,0,下位,0,0,0
34,34,0,886,2376,0,0,0,42,623,562,4,下位,0,0,0
126,126,0,231,602,0,0,0,34,2376,546,7,上位,0,0,0
377,377,0,121,317,0,0,0,126,602,961,3,下位,0,0,0
158,158,0,242,591,0,0,0,377,317,719,2,下位,0,0,0
153,153,0,40,121,0,0,0,158,591,1076,4,下位,0,0,0
160,160,0,99,251,0,0,0,153,121,970,1,下位,0,0,0
92,92,0,35,106,0,0,0,160,251,984,2,下位,0,0,0
159,159,0,44,133,0,0,0,92,106,954,1,下位,0,0,0
529,529,0,54,163,0,0,0,159,133,851,1,下位,0,0,0
193,193,0,160,435,0,0,0,529,163,229,1,下位,0,0,0
756,756,0,1068,2924,0,0,0,193,435,378,2,下位,0,0,0
168,168,0,33,100,0,0,0,756,2924,475,7,上位,0,0,0
345,345,0,100,256,0,0,0,168,100,326,1,下位,0,0,0
274,274,0,362,952,0,0,0,345,256,70,2,下位,0,0,0
556,556,0,68,204,0,0,0,274,952,615,4,下位,0,0,0
256,256,0,277,785,1,0,0,0,0,1,0,下位,0,0,0
354,354,0,48,144,0,0,0,256,785,406,2,下位,0,0,0
720,720,0,40,121,0,0,0,354,144,25,1,下位,0,0,0
632,632,0,66,198,0,0,0,720,121,-922,1,下位,0,0,0
193,193,0,299,808,0,0,0,632,198,-1662,1,下位,0,0,0
459,459,0,155,420,0,0,0,193,808,-1140,3,下位,0,0,0
126,126,0,117,349,0,0,0,459,420,-1401,2,下位,0,0,0
537,537,0,121,318,0,0,0,126,349,-1239,1,下位,0,0,0
283,283,0,40,118,0,0,0,537,318,-1718,2,下位,0,0,0
816,816,0,722,1885,0,0,0,283,118,-2020,1,下位,0,0,0
142,142,0,189,434,0,0,0,816,1885,-1346,7,上位,0,0,0
504,504,0,46,136,0,0,0,142,434,-1123,4,下位,0,0,0
239,239,0,51,154,0,0,0,504,136,-1735,1,下位,0,0,0
121,121,0,40,119,1,0,0,0,0,1,0,下位,0,0,0
115,115,0,165,449,0,0,0,121,119,-60,1,下位,0,0,0
943,943,0,449,1123,0,0,0,115,449,218,2,下位,0,0,0
171,171,0,287,726,0,0,0,943,1123,-58,6,下位,0,0,0
262,262,0,61,182,0,0,0,171,726,414,4,下位,0,0,0
106,106,0,381,1051,0,0,0,262,182,207,1,下位,0,0,0
308,308,0,56,167,0,0,0,106,1051,1101,3,下位,0,0,0
464,464,0,54,163,0,0,0,308,167,811,1,下位,0,0,0
891,891,0,39,116,0,0,0,464,163,286,1,下位,0,0,0
303,303,0,39,117,0,0,0,891,116,-920,1,下位,0,0,0
764,764,0,46,139,0,0,0,303,117,-1253,1,下位,0,0,0
194,194,0,163,444,0,0,0,764,139,-2248,1,下位,0,0,0
412,412,0,161,438,0,0,0,194,444,-2092,2,下位,0,0,0
229,229,0,172,428,1,0,0,0,0,1,0,下位,0,0,0
670,670,0,143,384,0,0,0,229,428,89,3,下位,0,0,0
723,723,0,101,260,0,0,0,670,384,-521,2,下位,0,0,0
169,169,0,34,103,0,0,0,723,260,-1334,2,下位,0,0,0
334,334,0,56,169,0,0,0,169,103,-1482,1,下位,0,0,0
982,982,0,1816,5115,0,0,0,334,169,-1809,1,下位,0,0,0
201,201,0,184,462,0,0,0,982,5115,1234,8,上位,0,0,0
849,849,0,102,305,0,0,0,201,462,1398,3,下位,0,0,0
154,154,0,207,576,0,0,0,849,305,443,1,下位,0,0,0
942,942,0,136,362,0,0,0,154,576,791,2,下位,0,0,0
124,124,0,105,270,0,0,0,942,362,-245,2,下位,0,0,0
372,372,0,99,252,1,0,0,0,0,1,0,下位,0,0,0
157,157,0,47,140,0,0,0,372,252,-299,2,下位,0,0,0
154,154,0,250,618,0,0,0,157,140,-392,1,下位,0,0,0
114,114,0,51,153,0,0,0,154,618,-2,4,下位,0,0,0
77,77,0,78,189,0,0,0,114,153,-18,1,下位,0,0,0
93,93,0,445,1110,0,0,0,77,189,57,2,下位,0,0,0
146,146,0,39,116,0,0,0,93,1110,1029,6,下位,0,0,0
164,164,0,173,471,0,0,0,146,116,928,1,下位,0,0,0
332,332,0,188,517,0,0,0,164,471,1156,2,下位,0,0,0
854,854,0,701,1967,0,0,0,332,517,1180,2,下位,0,0,0
445,445,0,198,461,0,0,0,854,1967,1880,4,下位,0,0,0
192,192,0,318,865,0,0,0,445,461,1681,4,下位,0,0,0
639,639,0,64,192,0,0,0,192,865,2261,3,下位,0,0,0
31,31,0,182,499,1,0,0,0,0,1,0,下位,0,0,0
543,543,0,86,215,0,0,0,31,499,454,2,下位,0,0,0
487,487,0,334,824,0,0,0,543,215,-137,2,下位,0,0,0
373,373,0,114,298,0,0,0,487,824,-36,5,下位,0,0,0
157,157,0,116,301,0,0,0,373,298,-291,2,下位,0,0,0
422,422,0,447,1162,0,0,0,157,301,-223,2,下位,0,0,0
162,162,0,177,397,0,0,0,422,1162,313,5,下位,0,0,0
605,605,0,565,1560,0,0,0,162,397,470,4,下位,0,0,0
522,522,0,40,120,0,0,0,605,1560,1132,4,下位,0,0,0
760,760,0,629,1606,0,0,0,522,120,478,1,下位,0,0,0
74,74,0,86,212,1,0,0,0,0,1,0,下位,0,0,0
869,869,0,65,195,0,0,0,74,212,103,2,下位,0,0,0
223,223,0,39,117,0,0,0,869,195,-991,1,下位,0,0,0
604,604,0,175,478,0,0,0,223,117,-1205,1,下位,0,0,0
608,608,0,404,1124,0,0,0,604,478,-1623,2,下位,0,0,0
723,723,0,188,519,0,0,0,608,1124,-1401,3,下位,0,0,0
407,407,0,58,173,0,0,0,723,519,-1955,2,下位,0,0,0
91,91,0,97,246,0,0,0,407,173,-2386,1,下位,0,0,0
176,176,0,103,265,0,0,0,91,246,-2275,2,下位,0,0,0
95,95,0,35,106,0,0,0,176,265,-2271,2,下位,0,0,0
456,456,0,121,319,0,0,0,95,106,-2306,1,下位,0,0,0
192,192,0,839,2241,0,0,0,456,319,-2664,2,下位,0,0,0
150,150,0,120,315,0,0,0,192,2241,-708,7,上位,0,0,0
465,465,0,329,851,0,0,0,150,315,-616,2,下位,0,0,0
86,86,0,36,109,0,0,0,465,851,-455,4,下位,0,0,0
385,385,0,45,134,0,0,0,86,109,-474,1,下位,0,0,0
384,384,0,47,139,1,0,0,0,0,1,0,下位,0,0,0
717,717,0,72,215,0,0,0,384,139,-430,1,下位,0,0,0
425,425,0,51,154,0,0,0,717,215,-1279,1,下位,0,0,0
143,143,0,102,306,0,0,0,425,154,-1756,1,下位,0,0,0
933,933,0,67,202,0,0,0,143,306,-1662,1,下位,0,0,0
136,136,0,36,108,0,0,0,933,202,-2844,1,下位,0,0,0
201,201,0,125,375,0,0,0,136,108,-2938,1,下位,0,0,0
354,354,0,38,113,0,0,0,201,375,-2861,1,下位,0,0,0
916,916,0,167,456,0,0,0,354,113,-3273,1,下位,0,0,0
363,363,0,100,301,0,0,0,916,456,-4176,2,下位,0,0,0
444,444,0,32,97,0,0,0,363,301,-4414,1,下位,0,0,0
143,143,0,382,1013,0,0,0,444,97,-4976,1,下位,0,0,0
576,576,0,231,605,0,0,0,143,1013,-4175,4,下位,0,0,0
665,665,0,86,256,0,0,0,576,605,-4425,3,下位,0,0,0
388,388,0,50,150,1,0,0,0,0,1,0,下位,0,0,0
738,738,0,38,115,0,0,0,388,150,-425,1,下位,0,0,0
911,911,0,76,228,0,0,0,738,115,-1405,1,下位,0,0,0
174,174,0,1152,3066,0,0,0,911,228,-2529,1,下位,0,0,0
83,83,0,97,246,0,0,0,174,3066,279,9,上位,0,0,0
764,764,0,111,290,0,0,0,83,246,402,2,下位,0,0,0
742,742,0,250,706,0,0,0,764,290,-442,2,下位,0,0,0
164,164,0,88,220,0,0,0,742,706,-837,2,下位,0,0,0
740,740,0,103,310,0,0,0,164,220,-860,2,下位,0,0,0
702,702,0,261,645,0,0,0,740,310,-1648,1,下位,0,0,0
148,148,0,42,127,0,0,0,702,645,-2045,4,下位,0,0,0
128,128,0,49,147,0,0,0,148,127,-2138,1,下位,0,0,0
146,146,0,1611,4499,0,0,0,128,147,-2181,1,下位,0,0,0
318,318,0,131,349,1,0,0,0,0,1,0,下位,0,0,0
451,451,0,174,478,0,0,0,318,349,-122,2,下位,0,0,0
1009,1009,0,55,166,0,0,0,451,478,-313,2,下位,0,0,0
984,984,0,158,384,0,0,0,1009,166,-1644,1,下位,0,0,0
76,76,0,85,210,0,0,0,984,384,-2720,3,下位,0,0,0
92,92,0,92,231,0,0,0,76,210,-2623,2,下位,0,0,0
1010,1010,0,134,356,0,0,0,92,231,-2528,2,下位,0,0,0
710,710,0,416,1071,0,0,0,1010,356,-3671,2,下位,0,0,0
479,479,0,179,448,0,0,0,710,1071,-3653,5,下位,0,0,0
147,147,0,41,124,0,0,0,479,448,-3916,3,下位,0,0,0
71,71,0,90,225,0,0,0,147,124,-4010,1,下位,0,0,0
171,171,0,120,315,0,0,0,71,225,-3890,2,下位,0,0,0
193,193,0,716,2094,0,0,0,171,315,-3829,2,下位,0,0,0
194,194,0,44,133,1,0,0,0,0,1,0,下位,0,0,0
339,339,0,37,111,0,0,0,194,133,-154,1,下位,0,0,0
220,220,0,95,241,0,0,0,339,111,-546,1,下位,0,0,0
900,900,0,138,414,0,0,0,220,241,-631,2,下位,0,0,0
307,307,0,452,1177,0,0,0,900,414,-1552,1,下位,0,0,0
789,789,0,171,422,0,0,0,307,1177,-830,5,下位,0,0,0
184,184,0,95,239,0,0,0,789,422,-1579,3,下位,0,0,0
307,307,0,84,251,0,0,0,184,239,-1613,2,下位,0,0,0
841,841,0,343,894,0,0,0,307,251,-1817,1,下位,0,0,0
743,743,0,597,1567,0,0,0,841,894,-2171,4,下位,0,0,0
491,491,0,132,350,1,0,0,0,0,1,0,下位,0,0,0
571,571,0,63,189,0,0,0,491,350,-377,2,下位,0,0,0
220,220,0,36,109,0,0,0,571,189,-1035,1,下位,0,0,0
1003,1003,0,60,181,0,0,0,220,109,-1252,1,下位,0,0,0
717,717,0,144,388,0,0,0,1003,181,-2559,1,下位,0,0,0
146,146,0,315,808,0,0,0,717,388,-3235,2,下位,0,0,0
782,782,0,172,426,0,0,0,146,808,-2644,4,下位,0,0,0
518,518,0,275,779,0,0,0,782,426,-3378,3,下位,0,0,0
420,420,0,115,345,0,0,0,518,779,-3368,2,下位,0,0,0
781,781,0,50,151,0,0,0,420,345,-3646,1,下位,0,0,0
171,171,0,45,135,0,0,0,781,151,-4654,1,下位,0,0,0
890,890,0,251,662,0,0,0,171,135,-4773,1,下位,0,0,0
217,217,0,70,211,0,0,0,890,662,-5431,3,下位,0,0,0
320,320,0,34,102,1,0,0,0,0,1,0,下位,0,0,0
192,192,0,35,105,0,0,0,320,102,-372,1,下位,0,0,0
801,801,0,196,497,0,0,0,192,105,-552,1,下位,0,0,0
834,834,0,192,531,0,0,0,801,497,-1243,3,下位,0,0,0
758,758,0,128,383,0,0,0,834,531,-1949,2,下位,0,0,0
65,65,0,222,530,0,0,0,758,383,-2691,1,下位,0,0,0
116,116,0,34,103,0,0,0,65,530,-2257,4,下位,0,0,0
146,146,0,300,854,0,0,0,116,103,-2326,1,下位,0,0,0
226,226,0,34,101,0,0,0,146,854,-1689,2,下位,0,0,0
417,417,0,101,257,1,0,0,0,0,1,0,下位,0,0,0
157,157,0,470,1133,0,0,0,417,257,-361,2,下位,0,0,0
208,208,0,50,151,0,0,0,157,1133,271,7,上位,0,0,0
247,247,0,142,379,0,0,0,208,151,113,1,下位,0,0,0
205,205,0,179,493,0,0,0,247,379,126,2,下位,0,0,0
190,190,0,274,687,0,0,0,205,493,315,2,下位,0,0,0
317,317,0,193,446,0,0,0,190,687,720,4,下位,0,0,0
310,310,0,197,455,0,0,0,317,446,696,4,下位,0,0,0
140,140,0,138,323,0,0,0,310,455,691,4,下位,0,0,0
138,138,0,182,409,0,0,0,140,323,806,3,下位,0,0,0
475,475,0,50,149,0,0,0,138,409,1010,4,下位,0,0,0
474,474,0,91,230,0,0,0,475,149,454,1,下位,0,0,0
509,509,0,37,110,0,0,0,474,230,-19,2,下位,0,0,0
128,128,0,536,1331,0,0,0,509,110,-664,1,下位,0,0,0
194,194,0,40,121,0,0,0,128,1331,477,7,上位,0,0,0
426,426,0,241,634,1,0,0,0,0,1,0,下位,0,0,0
337,337,0,508,1246,0,0,0,426,634,3,3,下位,0,0,0
140,140,0,40,121,0,0,0,337,1246,535,7,上位,0,0,0
194,194,0,151,410,0,0,0,140,121,448,1,下位,0,0,0
857,857,0,281,709,0,0,0,194,410,570,2,下位,0,0,0
602,602,0,56,168,0,0,0,857,709,7,4,下位,0,0,0
260,260,0,448,1300,0,0,0,602,168,-718,1,下位,0,0,0
932,932,0,75,226,0,0,0,260,1300,196,2,下位,0,0,0
201,201,0,107,322,0,0,0,932,226,-961,1,下位,0,0,0
775,775,0,148,354,0,0,0,201,322,-937,1,下位,0,0,0
100,100,0,37,111,0,0,0,775,354,-1733,3,下位,0,0,0
1013,1013,0,383,1015,0,0,0,100,111,-1770,1,下位,0,0,0
298,298,0,140,331,1,0,0,0,0,1,0,下位,0,0,0
122,122,0,337,828,0,0,0,298,331,-110,3,下位,0,0,0
507,507,0,101,258,0,0,0,122,828,537,5,下位,0,0,0
98,98,0,119,314,0,0,0,507,258,43,2,下位,0,0,0
432,432,0,38,114,0,0,0,98,314,212,2,下位,0,0,0
124,124,0,162,441,0,0,0,432,114,-315,1,下位,0,0,0
138,138,0,214,551,0,0,0,124,441,-58,2,下位,0,0,0
501,501,0,187,562,0,0,0,138,551,288,3,下位,0,0,0
797,797,0,47,140,0,0,0,501,562,107,1,下位,0,0,0
161,161,0,206,527,0,0,0,797,140,-935,1,下位,0,0,0
241,241,0,233,567,0,0,0,161,527,-647,3,下位,0,0,0
75,75,0,352,920,0,0,0,241,567,-438,4,下位,0,0,0
305,305,0,379,911,0,0,0,75,920,371,4,下位,0,0,0
111,111,0,53,159,0,0,0,305,911,829,6,下位,0,0,0
467,467,0,82,246,0,0,0,111,159,823,1,下位,0,0,0
290,290,0,165,403,0,0,0,467,246,376,1,下位,0,0,0
348,348,0,44,131,1,0,0,0,0,1,0,下位,0,0,0
828,828,0,165,450,0,0,0,348,131,-384,1,下位,0,0,0
346,346,0,406,1084,0,0,0,828,450,-1162,2,下位,0,0,0
207,207,0,677,1984,0,0,0,346,1084,-591,4,下位,0,0,0
670,670,0,470,1277,0,0,0,207,1984,1086,2,下位,0,0,0
392,392,0,93,235,0,0,0,670,1277,1369,4,下位,0,0,0
124,124,0,36,108,0,0,0,392,235,1022,2,下位,0,0,0
276,276,0,40,120,0,0,0,124,108,946,1,下位,0,0,0
565,565,0,316,769,0,0,0,276,120,657,1,下位,0,0,0
524,524,0,191,484,0,0,0,565,769,588,5,下位,0,0,0
36,36,0,47,142,0,0,0,524,484,295,3,下位,0,0,0
384,384,0,63,189,1,0,0,0,0,1,0,下位,0,0,0
113,113,0,504,1422,0,0,0,384,189,-380,1,下位,0,0,0
344,344,0,198,504,0,0,0,113,1422,874,3,下位,0,0,0
167,167,0,314,852,0,0,0,344,504,868,3,下位,0,0,0
14,14,0,321,828,0,0,0,167,852,1472,3,下位,0,0,0
124,124,0,192,532,0,0,0,14,828,2279,4,下位,0,0,0
125,125,0,104,269,0,0,0,124,532,367,2,下位,0,0,0
86,86,0,678,1901,0,0,0,125,269,451,2,下位,0,0,0
112,112,0,871,2458,0,0,0,86,1901,2224,4,下位,0,0,0
134,134,0,69,207,0,0,0,112,2458,2238,4,下位,0,0,0
624,624,0,193,535,0,0,0,134,207,2246,1,下位,0,0,0
770,770,0,331,947,0,0,0,624,535,1855,2,下位,0,0,0
106,106,0,386,932,0,0,0,770,947,1660,2,下位,0,0,0
131,131,0,201,556,0,0,0,106,932,92,6,下位,0,0,0
91,91,0,33,100,0,0,0,131,556,454,2,下位,0,0,0
340,340,0,92,277,0,0,0,91,100,419,1,下位,0,0,0
387,387,0,288,773,0,0,0,340,277,192,1,下位,0,0,0
455,455,0,34,103,0,0,0,387,773,391,3,下位,0,0,0
193,193,0,246,557,0,0,0,455,103,-181,1,下位,0,0,0
328,328,0,116,348,1,0,0,0,0,1,0,下位,0,0,0
149,149,0,37,111,0,0,0,328,348,-138,1,下位,0,0,0
41,41,0,38,114,0,0,0,149,111,-248,1,下位,0,0,0
1008,1008,0,116,304,0,0,0,41,114,-195,1,下位,0,0,0
91,91,0,123,368,0,0,0,1008,304,-1387,2,下位,0,0,0
387,387,0,296,706,0,0,0,91,368,-1154,1,下位,0,0,0
367,367,0,41,124,0,0,0,387,706,-1022,5,下位,0,0,0
496,496,0,54,163,0,0,0,367,124,-1443,1,下位,0,0,0
661,661,0,184,508,0,0,0,496,163,-2016,1,下位,0,0,0
279,279,0,116,302,0,0,0,661,508,-2489,2,下位,0,0,0
21,21,0,36,108,0,0,0,279,302,-2601,2,下位,0,0,0
224,224,0,37,112,0,0,0,21,108,-2524,1,下位,0,0,0
421,421,0,51,152,0,0,0,224,112,-2744,1,下位,0,0,0
563,563,0,111,334,0,0,0,421,152,-3217,1,下位,0,0,0
491,491,0,209,538,1,0,0,0,0,1,0,下位,0,0,0
20,20,0,33,100,0,0,0,491,538,-189,3,下位,0,0,0
384,384,0,250,615,0,0,0,20,100,-119,1,下位,0,0,0
188,188,0,83,202,0,0,0,384,615,-74,4,下位,0,0,0
100,100,0,37,112,0,0,0,188,202,-151,2,下位,0,0,0
233,233,0,39,116,0,0,0,100,112,-187,1,下位,0,0,0
318,318,0,36,108,0,0,0,233,116,-417,1,下位,0,0,0
400,400,0,170,466,0,0,0,318,108,-781,1,下位,0,0,0
709,709,0,34,103,0,0,0,400,466,-908,2,下位,0,0,0
467,467,0,73,218,0,0,0,709,103,-1857,1,下位,0,0,0
95,95,0,661,1702,0,0,0,467,218,-2332,1,下位,0,0,0
198,198,0,224,536,0,0,0,95,1702,-771,7,上位,0,0,0
186,186,0,39,116,1,0,0,0,0,1,0,下位,0,0,0
220,220,0,88,265,0,0,0,186,116,-159,1,下位,0,0,0
404,404,0,275,826,0,0,0,220,265,-220,1,下位,0,0,0
974,974,0,68,205,0,0,0,404,826,7,1,下位,0,0,0
332,332,0,145,345,0,0,0,974,205,-1233,1,下位,0,0,0
315,315,0,472,1192,0,0,0,332,345,-1381,3,下位,0,0,0
187,187,0,116,347,0,0,0,315,1192,-656,6,下位,0,0,0
351,351,0,790,2037,0,0,0,187,347,-586,1,下位,0,0,0
159,159,0,101,257,0,0,0,351,2037,473,8,上位,0,0,0
426,426,0,75,224,0,0,0,159,257,494,2,下位,0,0,0
220,220,0,98,249,0,0,0,426,224,86,1,下位,0,0,0
459,459,0,113,292,0,0,0,220,249,9,2,下位,0,0,0
166,166,0,263,699,0,0,0,459,292,-380,2,下位,0,0,0
342,342,0,50,151,0,0,0,166,699,73,3,下位,0,0,0
78,78,0,143,383,0,0,0,342,151,-283,1,下位,0,0,0
424,424,0,63,189,0,0,0,78,383,-16,2,下位,0,0,0
153,153,0,75,180,0,0,0,424,189,-456,1,下位,0,0,0
795,795,0,104,313,0,0,0,153,180,-503,2,下位,0,0,0
176,176,0,36,109,1,0,0,0,0,1,0,下位,0,0,0
1009,1009,0,190,480,0,0,0,176,109,-151,1,下位,0,0,0
826,826,0,111,290,0,0,0,1009,480,-1168,3,下位,0,0,0
381,381,0,321,830,0,0,0,826,290,-2104,2,下位,0,0,0
312,312,0,150,361,0,0,0,381,830,-1839,4,下位,0,0,0
492,492,0,43,130,0,0,0,312,361,-1941,3,下位,0,0,0
364,364,0,34,102,0,0,0,492,130,-2541,1,下位,0,0,0
86,86,0,199,506,0,0,0,364,102,-2979,1,下位,0,0,0
825,825,0,100,253,0,0,0,86,506,-2601,3,下位,0,0,0
411,411,0,126,335,0,0,0,825,253,-3572,2,下位,0,0,0
106,106,0,185,465,0,0,0,411,335,-3847,2,下位,0,0,0
132,132,0,38,114,0,0,0,106,465,-3539,3,下位,0,0,0
437,437,0,81,198,1,0,0,0,0,1,0,下位,0,0,0
187,187,0,312,845,0,0,0,437,198,-449,2,下位,0,0,0
770,770,0,56,169,0,0,0,187,845,119,3,下位,0,0,0
794,794,0,66,199,0,0,0,770,169,-854,1,下位,0,0,0
212,212,0,52,155,0,0,0,794,199,-1833,1,下位,0,0,0
171,171,0,68,204,0,0,0,212,155,-1993,1,下位,0,0,0
244,244,0,373,893,0,0,0,171,204,-2043,1,下位,0,0,0
161,161,0,37,111,0,0,0,244,893,-1512,6,下位,0,0,0
185,185,0,63,189,0,0,0,161,111,-1640,1,下位,0,0,0
156,156,0,383,1010,0,0,0,185,189,-1725,1,下位,0,0,0
568,568,0,694,1946,0,0,0,156,1010,-946,4,下位,0,0,0
206,206,0,36,108,0,0,0,568,1946,157,4,下位,0,0,0
150,150,0,177,440,1,0,0,0,0,1,0,下位,0,0,0
670,670,0,347,906,0,0,0,150,440,218,3,下位,0,0,0
708,708,0,45,136,0,0,0,670,906,130,4,下位,0,0,0
558,558,0,35,105,0,0,0,708,136,-784,1,下位,0,0,0
358,358,0,661,1891,0,0,0,558,105,-1507,1,下位,0,0,0
237,237,0,194,493,0,0,0,358,1891,-147,3,下位,0,0,0
123,123,0,113,296,0,0,0,237,493,-6,3,下位,0,0,0
753,753,0,552,1477,0,0,0,123,296,108,2,下位,0,0,0
175,175,0,223,533,0,0,0,753,1477,468,5,下位,0,0,0
111,111,0,466,1262,0,0,0,175,533,741,4,下位,0,0,0
261,261,0,97,246,0,0,0,111,1262,1838,4,下位,0,0,0
101,101,0,28,85,0,0,0,261,246,1697,2,下位,0,0,0
283,283,0,38,115,0,0,0,101,85,1632,1,下位,0,0,0
274,274,0,145,390,0,0,0,283,115,1327,1,下位,0,0,0
196,196,0,88,220,0,0,0,274,390,1310,2,下位,0,0,0
327,327,0,63,188,1,0,0,0,0,1,0,下位,0,0,0
142,142,0,163,443,0,0,0,327,188,-296,1,下位,0,0,0
983,983,0,311,754,0,0,0,142,443,-64,2,下位,0,0,0
180,180,0,265,660,0,0,0,983,754,-768,5,下位,0,0,0
298,298,0,40,121,0,0,0,180,660,-375,4,下位,0,0,0
154,154,0,47,142,0,0,0,298,121,-696,1,下位,0,0,0
224,224,0,60,180,0,0,0,154,142,-782,1,下位,0,0,0
707,707,0,144,387,0,0,0,224,180,-934,1,下位,0,0,0
402,402,0,170,465,0,0,0,707,387,-1596,2,下位,0,0,0
200,200,0,242,638,0,0,0,402,465,-1727,2,下位,0,0,0
235,235,0,202,516,0,0,0,200,638,-1386,3,下位,0,0,0
326,326,0,655,1877,0,0,0,235,516,-1219,3,下位,0,0,0
147,147,0,82,200,0,0,0,326,1877,174,3,下位,0,0,0
79,79,0,36,108,1,0,0,0,0,1,0,下位,0,0,0
141,141,0,36,107,0,0,0,79,108,-8,1,下位,0,0,0
44,44,0,94,237,0,0,0,141,107,-110,1,下位,0,0,0
418,418,0,47,140,0,0,0,44,237,62,2,下位,0,0,0
511,511,0,203,608,0,0,0,418,140,-418,1,下位,0,0,0
499,499,0,52,157,0,0,0,511,608,-568,1,下位,0,0,0
185,185,0,94,238,0,0,0,499,157,-1151,1,下位,0,0,0
42,42,0,233,608,0,0,0,185,238,-1187,2,下位,0,0,0
581,581,0,44,131,0,0,0,42,608,-641,3,下位,0,0,0
173,173,0,38,115,0,0,0,581,131,-1372,1,下位,0,0,0
745,745,0,109,328,0,0,0,173,115,-1514,1,下位,0,0,0
162,162,0,34,103,0,0,0,745,328,-2291,1,下位,0,0,0
179,179,0,47,141,0,0,0,162,103,-2428,1,下位,0,0,0
584,584,0,101,260,0,0,0,179,141,-2553,1,下位,0,0,0
274,274,0,152,413,0,0,0,584,260,-3159,2,下位,0,0,0
333,333,0,45,136,0,0,0,274,413,-3153,2,下位,0,0,0
209,209,0,39,118,0,0,0,333,136,-3511,1,下位,0,0,0
300,300,0,81,198,1,0,0,0,0,1,0,下位,0,0,0
93,93,0,420,1260,0,0,0,300,198,-246,2,下位,0,0,0
110,110,0,1906,5335,0,0,0,93,1260,876,1,下位,0,0,0
135,135,0,136,363,0,0,0,110,5335,1111,9,上位,0,0,0
358,358,0,55,166,0,0,0,135,363,1274,2,下位,0,0,0
161,161,0,134,359,0,0,0,358,166,909,1,下位,0,0,0
267,267,0,40,121,0,0,0,161,359,1029,2,下位,0,0,0
539,539,0,106,271,0,0,0,267,121,754,1,下位,0,0,0
342,342,0,38,114,0,0,0,539,271,225,2,下位,0,0,0
667,667,0,87,260,0,0,0,342,114,-168,1,下位,0,0,0
98,98,0,40,121,0,0,0,667,260,-898,1,下位,0,0,0
88,88,0,349,821,0,0,0,98,121,-922,1,下位,0,0,0
108,108,0,1263,3460,0,0,0,88,821,-232,6,下位,0,0,0
435,435,0,238,578,1,0,0,0,0,1,0,下位,0,0,0
154,154,0,106,275,0,0,0,435,578,-66,4,下位,0,0,0
378,378,0,557,1389,0,0,0,154,275,-19,2,下位,0,0,0
120,120,0,247,653,0,0,0,378,1389,290,7,上位,0,0,0
517,517,0,184,507,0,0,0,120,653,765,3,下位,0,0,0
229,229,0,208,490,0,0,0,517,507,505,2,下位,0,0,0
556,556,0,141,334,0,0,0,229,490,655,4,下位,0,0,0
77,77,0,151,363,0,0,0,556,334,164,3,下位,0,0,0
387,387,0,230,554,0,0,0,77,363,413,3,下位,0,0,0
134,134,0,191,485,0,0,0,387,554,393,4,下位,0,0,0
534,534,0,974,2642,0,0,0,134,485,679,3,下位,0,0,0
130,130,0,40,121,0,0,0,534,2642,1203,7,上位,0,0,0
74,74,0,359,894,1,0,0,0,0,1,0,下位,0,0,0
169,169,0,36,108,0,0,0,74,894,785,5,下位,0,0,0
133,133,0,45,134,0,0,0,169,108,642,1,下位,0,0,0
903,903,0,54,163,0,0,0,133,134,579,1,下位,0,0,0
556,556,0,451,1310,0,0,0,903,163,-598,1,下位,0,0,0
340,340,0,34,104,0,0,0,556,1310,-113,2,下位,0,0,0
120,120,0,60,180,0,0,0,340,104,-513,1,下位,0,0,0
93,93,0,37,111,0,0,0,120,180,-511,1,下位,0,0,0
61,61,0,35,104,0,0,0,93,111,-538,1,下位,0,0,0
49,49,0,124,327,0,0,0,61,104,-525,1,下位,0,0,0
524,524,0,48,142,0,0,0,49,327,-271,2,下位,0,0,0
507,507,0,33,99,0,0,0,524,142,-906,1,下位,0,0,0
522,522,0,273,636,0,0,0,507,99,-1559,1,下位,0,0,0
493,493,0,254,628,0,0,0,522,636,-1697,5,下位,0,0,0
1008,1008,0,36,109,0,0,0,493,628,-1800,4,下位,0,0,0
102,102,0,125,331,1,0,0,0,0,1,0,下位,0,0,0
182,182,0,192,485,0,0,0,102,331,181,2,下位,0,0,0
838,838,0,148,444,0,0,0,182,485,396,3,下位,0,0,0
143,143,0,1742,4837,0,0,0,838,444,-403,1,下位,0,0,0
165,165,0,401,980,0,0,0,143,4837,1096,9,上位,0,0,0
124,124,0,250,663,0,0,0,165,980,1831,6,下位,0,0,0
234,234,0,656,1685,0,0,0,124,663,2310,3,下位,0,0,0
156,156,0,992,2638,0,0,0,234,1685,388,7,上位,0,0,0
231,231,0,56,168,0,0,0,156,2638,857,8,上位,0,0,0
501,501,0,50,149,0,0,0,231,168,682,1,下位,0,0,0
312,312,0,122,320,0,0,0,501,149,88,1,下位,0,0,0
136,136,0,218,562,0,0,0,312,320,-55,2,下位,0,0,0
495,495,0,85,212,0,0,0,136,562,305,3,下位,0,0,0
210,210,0,140,329,0,0,0,495,212,-217,2,下位,0,0,0
253,253,0,125,329,1,0,0,0,0,1,0,下位,0,0,0
107,107,0,103,309,0,0,0,253,329,-45,2,下位,0,0,0
168,168,0,46,139,0,0,0,107,309,105,1,下位,0,0,0
492,492,0,511,1255,0,0,0,168,139,-5,1,下位,0,0,0
182,182,0,138,323,0,0,0,492,1255,331,7,上位,0,0,0
64,64,0,251,618,0,0,0,182,323,384,3,下位,0,0,0
151,151,0,292,787,0,0,0,64,618,907,4,下位,0,0,0
618,618,0,888,2378,0,0,0,151,787,1470,3,下位,0,0,0
185,185,0,123,323,0,0,0,618,2378,1432,7,上位,0,0,0
368,368,0,45,134,0,0,0,185,323,1481,2,下位,0,0,0
961,961,0,87,216,0,0,0,368,134,1069,1,下位,0,0,0
163,163,0,356,889,0,0,0,961,216,-141,2,下位,0,0,0
445,445,0,58,175,1,0,0,0,0,1,0,下位,0,0,0
136,136,0,122,319,0,0,0,445,175,-484,1,下位,0,0,0
246,246,0,40,121,0,0,0,136,319,-367,2,下位,0,0,0
758,758,0,43,130,0,0,0,246,121,-611,1,下位,0,0,0
462,462,0,429,1153,0,0,0,758,130,-1606,1,下位,0,0,0
226,226,0,397,1059,0,0,0,462,1153,-1138,4,下位,0,0,0
123,123,0,257,634,0,0,0,226,1059,-414,4,下位,0,0,0
543,543,0,348,999,0,0,0,123,634,38,4,下位,0,0,0
249,249,0,232,651,0,0,0,543,999,231,2,下位,0,0,0
157,157,0,39,116,0,0,0,249,651,513,2,下位,0,0,0
306,306,0,199,507,0,0,0,157,116,396,1,下位,0,0,0
154,154,0,148,353,0,0,0,306,507,449,3,下位,0,0,0
114,114,0,68,204,1,0,0,0,0,1,0,下位,0,0,0
198,198,0,43,128,0,0,0,114,204,36,1,下位,0,0,0
756,756,0,101,258,0,0,0,198,128,-130,1,下位,0,0,0
175,175,0,35,104,0,0,0,756,258,-994,2,下位,0,0,0
144,144,0,42,127,0,0,0,175,104,-1150,1,下位,0,0,0
601,601,0,359,898,0,0,0,144,127,-1237,1,下位,0,0,0
149,149,0,50,150,0,0,0,601,898,-1231,5,下位,0,0,0
159,159,0,34,103,0,0,0,149,150,-1302,1,下位,0,0,0
381,381,0,212,546,0,0,0,159,103,-1435,1,下位,0,0,0
1009,1009,0,255,719,0,0,0,381,546,-1454,3,下位,0,0,0
180,180,0,131,303,0,0,0,1009,719,-2232,2,下位,0,0,0
565,565,0,391,994,0,0,0,180,303,-2196,3,下位,0,0,0
513,513,0,50,150,0,0,0,565,994,-2040,5,下位,0,0,0
165,165,0,510,1395,0,0,0,513,150,-2651,1,下位,0,0,0
220,220,0,424,1096,0,0,0,165,1395,-1501,4,下位,0,0,0
622,622,0,359,985,1,0,0,0,0,1,0,下位,0,0,0
260,260,0,98,250,0,0,0,622,985,63,3,下位,0,0,0
408,408,0,104,265,0,0,0,260,250,-73,2,下位,0,0,0
204,204,0,114,298,0,0,0,408,265,-413,2,下位,0,0,0
586,586,0,78,188,0,0,0,204,298,-418,2,下位,0,0,0
31,31,0,36,107,0,0,0,586,188,-1099,2,下位,0,0,0
206,206,0,54,162,0,0,0,31,107,-1038,1,下位,0,0,0
121,121,0,622,1590,0,0,0,206,162,-1182,1,下位,0,0,0
164,164,0,217,517,0,0,0,121,1590,228,7,上位,0,0,0
177,177,0,331,857,0,0,0,164,517,502,4,下位,0,0,0
33,33,0,635,1626,0,0,0,177,857,1096,4,下位,0,0,0
96,96,0,278,791,0,0,0,33,1626,715,7,上位,0,0,0
479,479,0,92,233,0,0,0,96,791,1364,2,下位,0,0,0
273,273,0,36,108,0,0,0,479,233,886,2,下位,0,0,0
953,953,0,130,343,0,0,0,273,108,589,1,下位,0,0,0
192,192,0,38,113,1,0,0,0,0,1,0,下位,0,0,0
487,487,0,161,394,0,0,0,192,113,-171,1,下位,0,0,0
850,850,0,128,385,0,0,0,487,394,-500,3,下位,0,0,0
127,127,0,265,704,0,0,0,850,385,-1376,1,下位,0,0,0
923,923,0,50,151,0,0,0,127,704,-860,3,下位,0,0,0
864,864,0,156,468,0,0,0,923,151,-2078,1,下位,0,0,0
279,279,0,37,111,0,0,0,864,468,-2892,1,下位,0,0,0
116,116,0,95,241,0,0,0,279,111,-3195,1,下位,0,0,0
63,63,0,1194,3539,0,0,0,116,241,-3126,2,下位,0,0,0
258,258,0,74,179,0,0,0,63,3539,320,2,下位,0,0,0
332,332,0,106,317,0,0,0,258,179,116,2,下位,0,0,0
530,530,0,48,145,1,0,0,0,0,1,0,下位,0,0,0
940,940,0,74,221,0,0,0,530,145,-640,1,下位,0,0,0
803,803,0,77,231,0,0,0,940,221,-1814,1,下位,0,0,0
438,438,0,130,345,0,0,0,803,231,-2774,1,下位,0,0,0
318,318,0,114,298,0,0,0,438,345,-3079,2,下位,0,0,0
487,487,0,388,1031,0,0,0,318,298,-3253,2,下位,0,0,0
140,140,0,178,441,0,0,0,487,1031,-2945,4,下位,0,0,0
141,141,0,222,532,0,0,0,140,441,-2712,3,下位,0,0,0
96,96,0,464,1212,0,0,0,141,532,-2389,4,下位,0,0,0
67,67,0,93,234,1,0,0,0,0,1,0,下位,0,0,0
689,689,0,41,123,0,0,0,67,234,136,2,下位,0,0,0
200,200,0,34,102,0,0,0,689,123,-763,1,下位,0,0,0
564,564,0,38,113,0,0,0,200,102,-958,1,下位,0,0,0
210,210,0,64,192,0,0,0,564,113,-1682,1,下位,0,0,0
68,68,0,447,1117,0,0,0,210,192,-1802,1,下位,0,0,0
80,80,0,101,257,0,0,0,68,1117,-786,6,下位,0,0,0
140,140,0,157,382,0,0,0,80,257,-648,2,下位,0,0,0
153,153,0,1215,3370,0,0,0,140,382,-474,3,下位,0,0,0
169,169,0,35,106,0,0,0,153,3370,314,7,上位,0,0,0
454,454,0,379,1003,0,0,0,169,106,169,1,下位,0,0,0
126,126,0,106,273,0,0,0,454,1003,498,4,下位,0,0,0
121,121,0,121,317,0,0,0,126,273,584,2,下位,0,0,0
374,374,0,37,110,0,0,0,121,317,721,2,下位,0,0,0
444,444,0,106,317,0,0,0,374,110,276,1,下位,0,0,0
39,39,0,167,457,0,0,0,444,317,-66,1,下位,0,0,0
246,246,0,74,221,0,0,0,39,457,333,2,下位,0,0,0
451,451,0,141,380,1,0,0,0,0,1,0,下位,0,0,0
999,999,0,103,263,0,0,0,451,380,-288,2,下位,0,0,0
578,578,0,62,187,0,0,0,999,263,-1507,2,下位,0,0,0
143,143,0,273,643,0,0,0,578,187,-2178,1,下位,0,0,0
207,207,0,35,106,0,0,0,143,643,-1747,5,下位,0,0,0
279,279,0,38,113,0,0,0,207,106,-1948,1,下位,0,0,0
196,196,0,70,211,0,0,0,279,113,-2249,1,下位,0,0,0
648,648,0,186,470,0,0,0,196,211,-2329,1,下位,0,0,0
328,328,0,265,658,0,0,0,648,470,-2820,3,下位,0,0,0
134,134,0,303,775,0,0,0,328,658,-2649,4,下位,0,0,0
142,142,0,40,121,1,0,0,0,0,1,0,下位,0,0,0
771,771,0,48,143,0,0,0,142,121,-89,1,下位,0,0,0
156,156,0,41,122,0,0,0,771,143,-1090,1,下位,0,0,0
450,450,0,61,183,0,0,0,156,122,-1199,1,下位,0,0,0
60,60,0,35,106,0,0,0,450,183,-1684,1,下位,0,0,0
272,272,0,35,104,0,0,0,60,106,-1667,1,下位,0,0,0
99,99,0,62,185,0,0,0,272,104,-1967,1,下位,0,0,0
344,344,0,67,201,0,0,0,99,185,-1929,1,下位,0,0,0
136,136,0,581,1517,0,0,0,344,201,-2238,1,下位,0,0,0
173,173,0,438,1270,0,0,0,136,1517,-923,6,下位,0,0,0
550,550,0,313,760,0,0,0,173,1270,90,2,下位,0,0,0
777,777,0,54,163,0,0,0,550,760,34,5,下位,0,0,0
919,919,0,127,335,0,0,0,777,163,-956,1,下位,0,0,0
76,76,0,160,435,1,0,0,0,0,1,0,下位,0,0,0
762,762,0,273,727,0,0,0,76,435,323,2,下位,0,0,0
143,143,0,38,115,0,0,0,762,727,-81,3,下位,0,0,0
544,544,0,136,361,0,0,0,143,115,-178,1,下位,0,0,0
288,288,0,2286,6473,0,0,0,544,361,-624,2,下位,0,0,0
114,114,0,37,111,0,0,0,288,6473,1159,9,上位,0,0,0
949,949,0,75,225,0,0,0,114,111,1101,1,下位,0,0,0
906,906,0,421,1219,0,0,0,949,225,-82,1,下位,0,0,0
153,153,0,265,657,1,0,0,0,0,1,0,下位,0,0,0
839,839,0,120,359,0,0,0,153,657,431,4,下位,0,0,0
388,388,0,40,119,0,0,0,839,359,-455,1,下位,0,0,0
530,530,0,230,601,0,0,0,388,119,-912,1,下位,0,0,0
158,158,0,47,140,0,0,0,530,601,-1097,3,下位,0,0,0
155,155,0,240,674,0,0,0,158,140,-1191,1,下位,0,0,0
176,176,0,229,510,0,0,0,155,674,-747,2,下位,0,0,0
196,196,0,160,434,0,0,0,176,510,-498,5,下位,0,0,0
312,312,0,224,533,0,0,0,196,434,-355,2,下位,0,0,0
392,392,0,193,444,0,0,0,312,533,-285,4,下位,0,0,0
519,519,0,254,673,0,0,0,392,444,-423,4,下位,0,0,0
126,126,0,146,347,0,0,0,519,673,-520,3,下位,0,0,0
207,207,0,280,744,0,0,0,126,347,-360,3,下位,0,0,0
416,416,0,64,193,1,0,0,0,0,1,0,下位,0,0,0
532,532,0,450,1170,0,0,0,416,193,-423,1,下位,0,0,0
187,187,0,52,155,0,0,0,532,1170,-42,5,下位,0,0,0
685,685,0,70,210,0,0,0,187,155,-164,1,下位,0,0,0
70,70,0,72,216,0,0,0,685,210,-970,1,下位,0,0,0
639,639,0,400,976,0,0,0,70,216,-858,1,下位,0,0,0
143,143,0,316,725,0,0,0,639,976,-830,6,下位,0,0,0
109,109,0,79,193,0,0,0,143,725,-317,6,下位,0,0,0
704,704,0,245,646,0,0,0,109,193,-286,2,下位,0,0,0
99,99,0,67,202,0,0,0,704,646,-685,3,下位,0,0,0
163,163,0,40,120,0,0,0,99,202,-630,1,下位,0,0,0
227,227,0,167,456,1,0,0,0,0,1,0,下位,0,0,0
684,684,0,45,134,0,0,0,227,456,120,2,下位,0,0,0
371,371,0,69,206,0,0,0,684,134,-761,1,下位,0,0,0
259,259,0,49,146,0,0,0,371,206,-1105,1,下位,0,0,0
473,473,0,596,1654,0,0,0,259,146,-1343,1,下位,0,0,0
493,493,0,363,956,0,0,0,473,1654,-391,4,下位,0,0,0
597,597,0,276,693,0,0,0,493,956,-166,4,下位,0,0,0
277,277,0,177,393,0,0,0,597,693,-359,4,下位,0,0,0
158,158,0,297,848,0,0,0,277,393,-377,4,下位,0,0,0
1010,1010,0,45,134,0,0,0,158,848,237,2,下位,0,0,0
163,163,0,1021,2670,0,0,0,1010,134,-1128,1,下位,0,0,0
201,201,0,95,239,0,0,0,163,2670,486,9,上位,0,0,0
296,296,0,236,618,1,0,0,0,0,1,0,下位,0,0,0
555,555,0,592,1547,0,0,0,296,618,180,3,下位,0,0,0
129,129,0,41,124,0,0,0,555,1547,904,6,下位,0,0,0
366,366,0,36,108,0,0,0,129,124,837,1,下位,0,0,0
192,192,0,162,443,0,0,0,366,108,402,1,下位,0,0,0
168,168,0,80,240,0,0,0,192,443,560,2,下位,0,0,0
134,134,0,42,127,0,0,0,168,240,551,1,下位,0,0,0
631,631,0,126,377,0,0,0,134,127,479,1,下位,0,0,0
711,711,0,110,329,0,0,0,631,377,-80,1,下位,0,0,0
174,174,0,236,617,0,0,0,711,329,-806,1,下位,0,0,0
155,155,0,88,220,1,0,0,0,0,1,0,下位,0,0,0
465,465,0,154,416,0,0,0,155,220,-9,2,下位,0,0,0
863,863,0,341,935,0,0,0,465,416,-283,2,下位,0,0,0
335,335,0,121,319,0,0,0,863,935,-628,3,下位,0,0,0
588,588,0,223,579,0,0,0,335,319,-806,2,下位,0,0,0
128,128,0,263,612,0,0,0,588,579,-1099,3,下位,0,0,0
214,214,0,787,2029,0,0,0,128,612,-677,5,下位,0,0,0
102,102,0,49,148,0,0,0,214,2029,271,8,上位,0,0,0
158,158,0,46,139,0,0,0,102,148,268,1,下位,0,0,0
370,370,0,135,362,0,0,0,158,139,173,1,下位,0,0,0
508,508,0,36,107,1,0,0,0,0,1,0,下位,0,0,0
271,271,0,650,1729,0,0,0,508,107,-646,1,下位,0,0,0
139,139,0,184,420,0,0,0,271,1729,681,6,下位,0,0,0
142,142,0,290,689,0,0,0,139,420,895,4,下位,0,0,0
144,144,0,226,542,0,0,0,142,689,1373,5,下位,0,0,0
401,401,0,33,100,0,0,0,144,542,1701,4,下位,0,0,0
559,559,0,37,112,0,0,0,401,100,1206,1,下位,0,0,0
546,546,0,263,697,0,0,0,559,112,489,1,下位,0,0,0
189,189,0,221,575,0,0,0,546,697,376,3,下位,0,0,0
365,365,0,146,437,0,0,0,189,575,671,3,下位,0,0,0
131,131,0,72,170,0,0,0,365,437,566,1,下位,0,0,0
125,125,0,334,959,0,0,0,131,170,542,2,下位,0,0,0
449,449,0,87,214,1,0,0,0,0,1,0,下位,0,0,0
234,234,0,41,124,0,0,0,449,214,-451,2,下位,0,0,0
93,93,0,89,223,0,0,0,234,124,-674,1,下位,0,0,0
272,272,0,66,198,0,0,0,93,223,-589,2,下位,0,0,0
168,168,0,317,907,0,0,0,272,198,-795,1,下位,0,0,0
201,201,0,39,118,0,0,0,168,907,-137,2,下位,0,0,0
208,208,0,259,687,0,0,0,201,118,-317,1,下位,0,0,0
91,91,0,85,256,0,0,0,208,687,61,3,下位,0,0,0
422,422,0,149,403,0,0,0,91,256,182,1,下位,0,0,0
279,279,0,2133,6192,0,0,0,422,403,-41,2,下位,0,0,0
173,173,0,38,114,0,0,0,279,6192,3247,5,下位,0,0,0
163,163,0,122,322,0,0,0,173,114,115,1,下位,0,0,0
918,918,0,42,125,0,0,0,163,322,195,2,下位,0,0,0
157,157,0,291,691,0,0,0,918,125,-1042,1,下位,0,0,0
273,273,0,79,237,0,0,0,157,691,-584,5,下位,0,0,0
383,383,0,502,1507,1,0,0,0,0,1,0,下位,0,0,0
704,704,0,358,895,0,0,0,383,1507,940,1,下位,0,0,0
792,792,0,92,232,0,0,0,704,895,790,5,下位,0,0,0
125,125,0,389,944,0,0,0,792,232,-153,2,下位,0,0,0
127,127,0,533,1327,0,0,0,125,944,606,6,下位,0,0,0
78,78,0,41,123,0,0,0,127,1327,295,7,上位,0,0,0
505,505,0,153,366,0,0,0,78,123,302,1,下位,0,0,0
634,634,0,35,104,0,0,0,505,366,-81,3,下位,0,0,0
279,279,0,36,108,0,0,0,634,104,-918,1,下位,0,0,0
353,353,0,46,139,0,0,0,279,108,-1224,1,下位,0,0,0
54,54,0,43,129,0,0,0,353,139,-1609,1,下位,0,0,0
144,144,0,94,237,0,0,0,54,129,-1560,1,下位,0,0,0
648,648,0,175,481,0,0,0,144,237,-1537,2,下位,0,0,0
683,683,0,755,2265,0,0,0,648,481,-2017,2,下位,0,0,0
621,621,0,252,669,1,0,0,0,0,1,0,下位,0,0,0
130,130,0,57,170,0,0,0,621,669,-251,3,下位,0,0,0
583,583,0,527,1401,0,0,0,130,170,-274,1,下位,0,0,0
376,376,0,171,423,0,0,0,583,1401,262,5,下位,0,0,0
127,127,0,163,397,0,0,0,376,423,127,3,下位,0,0,0
98,98,0,299,765,0,0,0,127,397,336,3,下位,0,0,0
121,121,0,86,214,0,0,0,98,765,956,4,下位,0,0,0
1010,1010,0,495,1393,0,0,0,121,214,990,2,下位,0,0,0
33,33,0,35,104,0,0,0,1010,1393,884,3,下位,0,0,0
393,393,0,217,516,0,0,0,33,104,939,1,下位,0,0,0
424,424,0,208,534,0,0,0,393,516,872,4,下位,0,0,0
133,133,0,38,113,1,0,0,0,0,1,0,下位,0,0,0
148,148,0,35,104,0,0,0,133,113,-83,1,下位,0,0,0
799,799,0,57,170,0,0,0,148,104,-199,1,下位,0,0,0
473,473,0,36,108,0,0,0,799,170,-1214,1,下位,0,0,0
232,232,0,39,116,0,0,0,473,108,-1808,1,下位,0,0,0
970,970,0,379,1048,0,0,0,232,116,-2036,1,下位,0,0,0
213,213,0,146,393,0,0,0,970,1048,-2427,3,下位,0,0,0
395,395,0,35,104,0,0,0,213,393,-2350,2,下位,0,0,0
137,137,0,119,314,0,0,0,395,104,-2832,1,下位,0,0,0
642,642,0,165,406,0,0,0,137,314,-2721,2,下位,0,0,0
196,196,0,58,174,0,0,0,642,406,-3268,3,下位,0,0,0
215,215,0,121,317,0,0,0,196,174,-3385,1,下位,0,0,0
169,169,0,328,851,0,0,0,215,317,-3387,2,下位,0,0,0
91,91,0,179,444,0,0,0,169,851,-2787,4,下位,0,0,0
570,570,0,232,606,0,0,0,91,444,-2478,3,下位,0,0,0
194,194,0,38,114,1,0,0,0,0,1,0,下位,0,0,0
530,530,0,241,585,0,0,0,194,114,-173,1,下位,0,0,0
762,762,0,177,439,0,0,0,530,585,-374,4,下位,0,0,0
420,420,0,35,104,0,0,0,762,439,-1066,3,下位,0,0,0
415,415,0,53,158,0,0,0,420,104,-1585,1,下位,0,0,0
170,170,0,38,113,0,0,0,415,158,-2043,1,下位,0,0,0
431,431,0,39,117,0,0,0,170,113,-2182,1,下位,0,0,0
198,198,0,87,263,0,0,0,431,117,-2704,1,下位,0,0,0
152,152,0,132,352,0,0,0,198,263,-2735,1,下位,0,0,0
298,298,0,707,1841,0,0,0,152,352,-2609,2,下位,0,0,0
144,144,0,87,216,0,0,0,298,1841,-1210,7,上位,0,0,0
200,200,0,386,1023,0,0,0,144,216,-1208,2,下位,0,0,0
621,621,0,505,1284,0,0,0,200,1023,-482,4,下位,0,0,0
113,113,0,133,354,0,0,0,621,1284,-119,6,下位,0,0,0
493,493,0,43,129,1,0,0,0,0,1,0,下位,0,0,0
94,94,0,277,655,0,0,0,493,129,-601,1,下位,0,0,0
416,416,0,215,556,0,0,0,94,655,-85,5,下位,0,0,0
181,181,0,189,521,0,0,0,416,556,-146,3,下位,0,0,0
361,361,0,91,230,0,0,0,181,521,106,2,下位,0,0,0
745,745,0,65,194,0,0,0,361,230,-200,2,下位,0,0,0
743,743,0,109,282,0,0,0,745,194,-1111,1,下位,0,0,0
494,494,0,113,292,0,0,0,743,282,-1931,2,下位,0,0,0
208,208,0,110,286,0,0,0,494,292,-2372,2,下位,0,0,0
165,165,0,136,365,0,0,0,208,286,-2395,2,下位,0,0,0
429,429,0,105,270,0,0,0,165,365,-2275,2,下位,0,0,0
271,271,0,153,416,0,0,0,429,270,-2641,2,下位,0,0,0
126,126,0,99,254,1,0,0,0,0,1,0,下位,0,0,0
425,425,0,345,946,0,0,0,126,254,68,2,下位,0,0,0
298,298,0,133,397,0,0,0,425,946,383,3,下位,0,0,0
1010,1010,0,34,102,0,0,0,298,397,338,1,下位,0,0,0
510,510,0,428,1060,0,0,0,1010,102,-1059,1,下位,0,0,0
140,140,0,41,122,0,0,0,510,1060,-756,6,下位,0,0,0
253,253,0,51,153,0,0,0,140,122,-842,1,下位,0,0,0
606,606,0,56,168,0,0,0,253,153,-1064,1,下位,0,0,0
217,217,0,278,697,0,0,0,606,168,-1795,1,下位,0,0,0
271,271,0,267,759,0,0,0,217,697,-1420,4,下位,0,0,0
599,599,0,124,325,0,0,0,271,759,-1063,2,下位,0,0,0
472,472,0,87,216,0,0,0,599,325,-1627,2,下位,0,0,0
959,959,0,98,248,0,0,0,472,216,-2111,2,下位,0,0,0
36,36,0,70,208,0,0,0,959,248,-3286,2,下位,0,0,0
332,332,0,71,213,1,0,0,0,0,1,0,下位,0,0,0
165,165,0,192,442,0,0,0,332,213,-279,1,下位,0,0,0
137,137,0,141,334,0,0,0,165,442,-82,4,下位,0,0,0
438,438,0,286,723,0,0,0,137,334,49,3,下位,0,0,0
284,284,0,258,639,0,0,0,438,723,122,4,下位,0,0,0
746,746,0,116,303,0,0,0,284,639,340,4,下位,0,0,0
103,103,0,313,848,0,0,0,746,303,-464,2,下位,0,0,0
223,223,0,123,323,0,0,0,103,848,231,3,下位,0,0,0
452,452,0,124,324,0,0,0,223,323,223,2,下位,0,0,0
127,127,0,39,116,0,0,0,452,324,-124,2,下位,0,0,0
752,752,0,57,170,0,0,0,127,116,-196,1,下位,0,0,0
510,510,0,79,236,0,0,0,752,170,-1142,1,下位,0,0,0
40,40,0,191,529,0,0,0,510,236,-1663,1,下位,0,0,0
486,486,0,163,400,0,0,0,40,529,-1193,2,下位,0,0,0
500,500,0,142,380,0,0,0,486,400,-1514,3,下位,0,0,0
657,657,0,104,267,0,0,0,500,380,-1876,2,下位,0,0,0
105,105,0,179,493,1,0,0,0,0,1,0,下位,0,0,0
1015,1015,0,47,142,0,0,0,105,493,338,2,下位,0,0,0
857,857,0,107,275,0,0,0,1015,142,-1026,1,下位,0,0,0
15,15,0,247,605,0,0,0,857,275,-2023,2,下位,0,0,0
847,847,0,102,261,0,0,0,15,605,-1440,4,下位,0,0,0
817,817,0,266,709,0,0,0,847,261,-2436,2,下位,0,0,0
445,445,0,230,601,0,0,0,817,709,-2939,3,下位,0,0,0
144,144,0,161,437,0,0,0,445,601,-2998,3,下位,0,0,0
155,155,0,86,214,0,0,0,144,437,-2775,2,下位,0,0,0
199,199,0,52,155,0,0,0,155,214,-2791,2,下位,0,0,0
127,127,0,97,293,0,0,0,199,155,-2931,1,下位,0,0,0
361,361,0,46,139,1,0,0,0,0,1,0,下位,0,0,0
698,698,0,93,234,0,0,0,361,139,-396,1,下位,0,0,0
219,219,0,163,446,0,0,0,698,234,-1198,2,下位,0,0,0
905,905,0,217,608,0,0,0,219,446,-1077,2,下位,0,0,0
1007,1007,0,36,109,0,0,0,905,608,-1812,2,下位,0,0,0
249,249,0,480,1214,0,0,0,1007,109,-3197,1,下位,0,0,0
143,143,0,35,105,0,0,0,249,1214,-2352,6,下位,0,0,0
329,329,0,132,308,0,0,0,143,105,-2459,1,下位,0,0,0
503,503,0,283,803,0,0,0,329,308,-2639,3,下位,0,0,0
797,797,0,245,690,0,0,0,503,803,-2582,2,下位,0,0,0
133,133,0,56,167,0,0,0,797,690,-3074,2,下位,0,0,0
481,481,0,209,583,1,0,0,0,0,1,0,下位,0,0,0
637,637,0,37,110,0,0,0,481,583,-130,2,下位,0,0,0
201,201,0,111,290,0,0,0,637,110,-965,1,下位,0,0,0
113,113,0,315,901,0,0,0,201,290,-973,2,下位,0,0,0
273,273,0,151,365,0,0,0,113,901,-240,2,下位,0,0,0
23,23,0,98,251,0,0,0,273,365,-280,3,下位,0,0,0
463,463,0,512,1258,0,0,0,23,251,-63,2,下位,0,0,0
103,103,0,190,433,0,0,0,463,1258,508,7,上位,0,0,0
605,605,0,211,497,0,0,0,103,433,788,4,下位,0,0,0
668,668,0,42,127,0,0,0,605,497,387,4,下位,0,0,0
292,292,0,49,147,0,0,0,668,127,-477,1,下位,0,0,0
787,787,0,51,153,0,0,0,292,147,-763,1,下位,0,0,0
342,342,0,158,429,1,0,0,0,0,1,0,下位,0,0,0
80,80,0,250,619,0,0,0,342,429,-77,2,下位,0,0,0
485,485,0,69,206,0,0,0,80,619,423,4,下位,0,0,0
662,662,0,1956,5418,0,0,0,485,206,-91,1,下位,0,0,0
32,32,0,215,554,0,0,0,662,5418,1147,10,上位,0,0,0
70,70,0,37,111,0,0,0,32,554,1654,3,下位,0,0,0
55,55,0,170,466,0,0,0,70,111,1661,1,下位,0,0,0
155,155,0,158,474,0,0,0,55,466,2045,2,下位,0,0,0
101,101,0,102,305,0,0,0,155,474,2289,1,下位,0,0,0
693,693,0,99,297,0,0,0,101,305,2444,1,下位,0,0,0
140,140,0,35,105,0,0,0,693,297,1713,1,下位,0,0,0
309,309,0,55,166,1,0,0,0,0,1,0,下位,0,0,0
797,797,0,36,107,0,0,0,309,166,-291,1,下位,0,0,0
468,468,0,933,2571,0,0,0,797,107,-1366,1,下位,0,0,0
86,86,0,177,485,0,0,0,468,2571,511,6,下位,0,0,0
83,83,0,35,105,0,0,0,86,485,868,2,下位,0,0,0
53,53,0,212,546,0,0,0,83,105,850,1,下位,0,0,0
893,893,0,54,163,0,0,0,53,546,1317,3,下位,0,0,0
170,170,0,141,380,0,0,0,893,163,155,1,下位,0,0,0
162,162,0,39,117,0,0,0,170,380,283,2,下位,0,0,0
691,691,0,44,133,0,0,0,162,117,160,1,下位,0,0,0
143,143,0,304,779,0,0,0,691,133,-732,1,下位,0,0,0
363,363,0,163,396,0,0,0,143,779,-165,4,下位,0,0,0
385,385,0,276,828,0,0,0,363,396,-308,3,下位,0,0,0
229,229,0,173,430,1,0,0,0,0,1,0,下位,0,0,0
742,742,0,111,288,0,0,0,229,430,91,4,下位,0,0,0
492,492,0,86,211,0,0,0,742,288,-722,2,下位,0,0,0
364,364,0,66,197,0,0,0,492,211,-1241,2,下位,0,0,0
455,455,0,163,399,0,0,0,364,197,-1584,1,下位,0,0,0
709,709,0,69,208,0,0,0,455,399,-1860,3,下位,0,0,0
492,492,0,271,679,0,0,0,709,208,-2704,1,下位,0,0,0
310,310,0,131,347,1,0,0,0,0,1,0,下位,0,0,0
105,105,0,110,287,0,0,0,310,347,-112,2,下位,0,0,0
816,816,0,225,586,0,0,0,105,287,19,2,下位,0,0,0
200,200,0,68,205,0,0,0,816,586,-606,3,下位,0,0,0
976,976,0,167,456,0,0,0,200,205,-698,1,下位,0,0,0
559,559,0,88,263,0,0,0,976,456,-1690,2,下位,0,0,0
1018,1018,0,91,274,0,0,0,559,263,-2256,1,下位,0,0,0
333,333,0,386,933,0,0,0,1018,274,-3492,1,下位,0,0,0
115,115,0,229,555,0,0,0,333,933,-3053,6,下位,0,0,0
289,289,0,192,441,0,0,0,115,555,-2669,4,下位,0,0,0
135,135,0,208,536,0,0,0,289,441,-2657,4,下位,0,0,0
104,104,0,208,532,0,0,0,135,536,-2321,3,下位,0,0,0
152,152,0,324,792,1,0,0,0,0,1,0,下位,0,0,0
912,912,0,273,639,0,0,0,152,792,567,5,下位,0,0,0
692,692,0,110,287,0,0,0,912,639,-147,5,下位,0,0,0
197,197,0,134,357,0,0,0,692,287,-887,2,下位,0,0,0
200,200,0,40,121,0,0,0,197,357,-822,2,下位,0,0,0
85,85,0,71,214,0,0,0,200,121,-998,1,下位,0,0,0
224,224,0,38,114,0,0,0,85,214,-910,1,下位,0,0,0
224,224,0,211,496,0,0,0,224,114,-1128,1,下位,0,0,0
311,311,0,35,105,0,0,0,224,496,-964,4,下位,0,0,0
224,224,0,39,118,0,0,0,311,105,-1320,1,下位,0,0,0
151,151,0,272,727,0,0,0,224,118,-1534,1,下位,0,0,0
157,157,0,392,1129,0,0,0,151,727,-1031,3,下位,0,0,0
113,113,0,176,485,0,0,0,157,1129,-135,2,下位,0,0,0
453,453,0,275,736,0,0,0,113,485,182,2,下位,0,0,0
279,279,0,228,547,0,0,0,453,736,246,3,下位,0,0,0
978,978,0,143,428,0,0,0,279,547,379,4,下位,0,0,0
461,461,0,83,248,0,0,0,978,428,-644,1,下位,0,0,0
203,203,0,420,1172,1,0,0,0,0,1,0,下位,0,0,0
352,352,0,42,127,0,0,0,203,1172,872,3,下位,0,0,0
792,792,0,126,378,0,0,0,352,127,477,1,下位,0,0,0
513,513,0,90,225,0,0,0,792,378,-320,1,下位,0,0,0
263,263,0,38,114,0,0,0,513,225,-856,2,下位,0,0,0
76,76,0,121,318,0,0,0,263,114,-1132,1,下位,0,0,0
66,66,0,204,476,0,0,0,76,318,-927,2,下位,0,0,0
302,302,0,756,2048,0,0,0,66,476,-549,4,下位,0,0,0
104,104,0,241,635,0,0,0,302,2048,1051,6,下位,0,0,0
429,429,0,37,110,0,0,0,104,635,1532,3,下位,0,0,0
160,160,0,43,130,0,0,0,429,110,1006,1,下位,0,0,0
414,414,0,232,603,0,0,0,160,130,899,1,下位,0,0,0
159,159,0,116,303,0,0,0,414,603,888,3,下位,0,0,0
405,405,0,197,546,0,0,0,159,303,955,2,下位,0,0,0
606,606,0,132,353,0,0,0,405,546,900,2,下位,0,0,0
324,324,0,264,701,1,0,0,0,0,1,0,下位,0,0,0
142,142,0,181,496,0,0,0,324,701,221,3,下位,0,0,0
146,146,0,43,129,0,0,0,142,496,506,2,下位,0,0,0
742,742,0,120,314,0,0,0,146,129,418,1,下位,0,0,0
320,320,0,241,634,0,0,0,742,314,-369,2,下位,0,0,0
892,892,0,39,118,0,0,0,320,634,-210,3,下位,0,0,0
831,831,0,190,480,0,0,0,892,118,-1415,1,下位,0,0,0
69,69,0,37,111,0,0,0,831,480,-2168,3,下位,0,0,0
231,231,0,174,478,0,0,0,69,111,-2159,1,下位,0,0,0
694,694,0,638,1867,0,0,0,231,478,-2024,2,下位,0,0,0
471,471,0,179,447,0,0,0,694,1867,-1187,2,下位,0,0,0
152,152,0,210,498,0,0,0,471,447,-1439,3,下位,0,0,0
408,408,0,262,696,0,0,0,152,498,-1167,4,下位,0,0,0
205,205,0,139,373,1,0,0,0,0,1,0,下位,0,0,0
163,163,0,110,287,0,0,0,205,373,70,2,下位,0,0,0
254,254,0,38,115,0,0,0,163,287,115,2,下位,0,0,0
153,153,0,482,1357,0,0,0,254,115,-147,1,下位,0,0,0
409,409,0,348,863,0,0,0,153,1357,983,3,下位,0,0,0
713,713,0,92,276,0,0,0,409,863,1239,5,下位,0,0,0
32,32,0,178,444,0,0,0,713,276,457,1,下位,0,0,0
260,260,0,68,205,0,0,0,32,444,854,3,下位,0,0,0
183,183,0,167,411,0,0,0,260,205,673,1,下位,0,0,0
986,986,0,127,338,0,0,0,183,411,812,3,下位,0,0,0
717,717,0,41,124,0,0,0,986,338,-313,2,下位,0,0,0
56,56,0,113,293,0,0,0,717,124,-1253,1,下位,0,0,0
272,272,0,42,126,0,0,0,56,293,-1043,2,下位,0,0,0
310,310,0,261,693,0,0,0,272,126,-1321,1,下位,0,0,0
567,567,0,250,659,0,0,0,310,693,-1088,3,下位,0,0,0
447,447,0,57,172,1,0,0,0,0,1,0,下位,0,0,0
328,328,0,35,103,0,0,0,447,172,-490,1,下位,0,0,0
26,26,0,406,1037,0,0,0,328,103,-874,1,下位,0,0,0
647,647,0,467,1223,0,0,0,26,1037,124,5,下位,0,0,0
55,55,0,380,1049,0,0,0,647,1223,387,5,下位,0,0,0
150,150,0,191,526,0,0,0,55,1049,1354,3,下位,0,0,0
698,698,0,625,1817,0,0,0,150,526,1657,2,下位,0,0,0
140,140,0,36,108,0,0,0,698,1817,2438,2,下位,0,0,0
126,126,0,101,302,0,0,0,140,108,109,1,下位,0,0,0
999,999,0,137,367,0,0,0,126,302,224,1,下位,0,0,0
973,973,0,351,963,0,0,0,999,367,-891,2,下位,0,0,0
272,272,0,558,1395,0,0,0,973,963,-1372,3,下位,0,0,0
191,191,0,99,253,0,0,0,272,1395,-381,7,上位,0,0,0
455,455,0,587,1537,1,0,0,0,0,1,0,下位,0,0,0
104,104,0,139,419,0,0,0,455,1537,863,6,下位,0,0,0
121,121,0,235,612,0,0,0,104,419,1128,1,下位,0,0,0
632,632,0,50,149,0,0,0,121,612,1560,3,下位,0,0,0
63,63,0,321,830,0,0,0,632,149,771,1,下位,0,0,0
421,421,0,125,331,0,0,0,63,830,1508,4,下位,0,0,0
125,125,0,1229,3492,0,0,0,421,331,1214,2,下位,0,0,0
116,116,0,41,124,0,0,0,125,3492,2214,5,下位,0,0,0
851,851,0,40,121,0,0,0,116,124,2166,1,下位,0,0,0
148,148,0,46,138,0,0,0,851,121,1024,1,下位,0,0,0
492,492,0,177,532,0,0,0,148,138,942,1,下位,0,0,0
561,561,0,455,1185,0,0,0,492,532,744,1,下位,0,0,0
440,440,0,77,230,0,0,0,561,1185,1097,5,下位,0,0,0
86,86,0,304,778,0,0,0,440,230,674,1,下位,0,0,0
357,357,0,118,309,1,0,0,0,0,1,0,下位,0,0,0
506,506,0,377,998,0,0,0,357,309,-220,2,下位,0,0,0
638,638,0,52,157,0,0,0,506,998,27,4,下位,0,0,0
94,94,0,86,258,0,0,0,638,157,-763,1,下位,0,0,0
116,116,0,40,120,0,0,0,94,258,-644,1,下位,0,0,0
1009,1009,0,60,180,0,0,0,116,120,-696,1,下位,0,0,0
738,738,0,40,120,0,0,0,1009,180,-2013,1,下位,0,0,0
416,416,0,161,438,0,0,0,738,120,-2988,1,下位,0,0,0
1008,1008,0,121,319,0,0,0,416,438,-3167,2,下位,0,0,0
108,108,0,71,169,0,0,0,1008,319,-4344,2,下位,0,0,0
75,75,0,44,131,0,0,0,108,169,-4335,2,下位,0,0,0
105,105,0,93,234,0,0,0,75,131,-4315,1,下位,0,0,0
200,200,0,233,608,0,0,0,105,234,-4237,2,下位,0,0,0
185,185,0,155,420,1,0,0,0,0,1,0,下位,0,0,0
449,449,0,38,115,0,0,0,185,420,147,2,下位,0,0,0
493,493,0,143,382,0,0,0,449,115,-404,1,下位,0,0,0
145,145,0,63,190,0,0,0,493,382,-753,2,下位,0,0,0
166,166,0,45,136,0,0,0,145,190,-778,1,下位,0,0,0
537,537,0,136,362,0,0,0,166,136,-888,1,下位,0,0,0
196,196,0,400,1157,0,0,0,537,362,-1323,2,下位,0,0,0
198,198,0,102,307,0,0,0,196,1157,-457,2,下位,0,0,0
22,22,0,41,124,0,0,0,198,307,-444,1,下位,0,0,0
135,135,0,200,508,0,0,0,22,124,-353,1,下位,0,0,0
351,351,0,177,442,0,0,0,135,508,-45,3,下位,0,0,0
128,128,0,209,496,0,0,0,351,442,-124,3,下位,0,0,0
202,202,0,5107,14287,0,0,0,128,496,182,4,下位,0,0,0
140,140,0,429,1062,0,0,0,202,14287,485,21,上位,0,0,0
443,443,0,292,697,1,0,0,0,0,1,0,下位,0,0,0
219,219,0,214,551,0,0,0,443,697,41,5,下位,0,0,0
297,297,0,143,386,0,0,0,219,551,267,3,下位,0,0,0
703,703,0,121,315,0,0,0,297,386,212,2,下位,0,0,0
180,180,0,72,217,0,0,0,703,315,-516,2,下位,0,0,0
618,618,0,40,119,0,0,0,180,217,-566,1,下位,0,0,0
380,380,0,36,107,0,0,0,618,119,-1364,1,下位,0,0,0
251,251,0,39,118,0,0,0,380,107,-1821,1,下位,0,0,0
428,428,0,318,819,0,0,0,251,118,-2075,1,下位,0,0,0
132,132,0,87,215,0,0,0,428,819,-1891,4,下位,0,0,0
713,713,0,113,295,0,0,0,132,215,-1872,2,下位,0,0,0
280,280,0,46,137,1,0,0,0,0,1,0,下位,0,0,0
33,33,0,118,311,0,0,0,280,137,-277,1,下位,0,0,0
502,502,0,115,301,0,0,0,33,311,-15,2,下位,0,0,0
1008,1008,0,89,267,0,0,0,502,301,-459,2,下位,0,0,0
652,652,0,709,1848,0,0,0,1008,267,-1688,1,下位,0,0,0
147,147,0,304,731,0,0,0,652,1848,-807,7,上位,0,0,0
88,88,0,37,111,0,0,0,147,731,-294,5,下位,0,0,0
454,454,0,34,102,0,0,0,88,111,-314,1,下位,0,0,0
47,47,0,528,1447,0,0,0,454,102,-886,1,下位,0,0,0
139,139,0,199,464,0,0,0,47,1447,491,4,下位,0,0,0
147,147,0,151,364,0,0,0,139,464,749,4,下位,0,0,0
88,88,0,136,365,0,0,0,147,364,895,3,下位,0,0,0
403,403,0,77,187,0,0,0,88,365,1129,2,下位,0,0,0
415,415,0,35,104,1,0,0,0,0,1,0,下位,0,0,0
159,159,0,255,630,0,0,0,415,104,-511,1,下位,0,0,0
971,971,0,44,131,0,0,0,159,630,-117,4,下位,0,0,0
517,517,0,295,751,0,0,0,971,131,-1427,1,下位,0,0,0
346,346,0,346,904,0,0,0,517,751,-1443,4,下位,0,0,0
257,257,0,51,152,0,0,0,346,904,-1052,4,下位,0,0,0
596,596,0,396,1053,0,0,0,257,152,-1281,1,下位,0,0,0
755,755,0,51,152,0,0,0,596,1053,-1112,4,下位,0,0,0
512,512,0,69,206,0,0,0,755,152,-2080,1,下位,0,0,0
881,881,0,61,183,0,0,0,512,206,-2634,1,下位,0,0,0
146,146,0,38,115,1,0,0,0,0,1,0,下位,0,0,0
441,441,0,184,420,0,0,0,146,115,-101,1,下位,0,0,0
852,852,0,510,1439,0,0,0,441,420,-335,4,下位,0,0,0
128,128,0,129,340,0,0,0,852,1439,-160,3,下位,0,0,0
191,191,0,35,105,0,0,0,128,340,-10,2,下位,0,0,0
323,323,0,284,807,0,0,0,191,105,-188,1,下位,0,0,0
205,205,0,423,1135,0,0,0,323,807,140,2,下位,0,0,0
178,178,0,341,980,0,0,0,205,1135,971,4,下位,0,0,0
931,931,0,937,2480,0,0,0,178,980,1687,2,下位,0,0,0
133,133,0,80,240,0,0,0,931,2480,307,8,上位,0,0,0
1011,1011,0,290,735,0,0,0,133,240,350,1,下位,0,0,0
417,417,0,53,160,1,0,0,0,0,1,0,下位,0,0,0
149,149,0,107,278,0,0,0,417,160,-458,1,下位,0,0,0
454,454,0,39,117,0,0,0,149,278,-401,2,下位,0,0,0
362,362,0,617,1677,0,0,0,454,117,-958,1,下位,0,0,0
181,181,0,197,504,0,0,0,362,1677,182,5,下位,0,0,0
185,185,0,1043,2745,0,0,0,181,504,417,3,下位,0,0,0
149,149,0,38,114,0,0,0,185,2745,365,9,上位,0,0,0
74,74,0,215,507,0,0,0,149,114,258,1,下位,0,0,0
903,903,0,250,662,0,0,0,74,507,655,4,下位,0,0,0
183,183,0,110,286,0,0,0,903,662,-23,3,下位,0,0,0
264,264,0,175,436,0,0,0,183,286,-9,2,下位,0,0,0
469,469,0,2703,7892,0,0,0,264,436,35,3,下位,0,0,0
174,174,0,41,124,0,0,0,469,7892,401,5,下位,0,0,0
540,540,0,126,332,1,0,0,0,0,1,0,下位,0,0,0
571,571,0,155,467,0,0,0,540,332,-468,2,下位,0,0,0
491,491,0,74,222,0,0,0,571,467,-848,1,下位,0,0,0
33,33,0,1104,3034,0,0,0,491,222,-1354,1,下位,0,0,0
129,129,0,86,210,0,0,0,33,3034,619,7,上位,0,0,0
149,149,0,87,217,0,0,0,129,210,638,2,下位,0,0,0
439,439,0,209,536,0,0,0,149,217,634,2,下位,0,0,0
189,189,0,193,533,0,0,0,439,536,519,3,下位,0,0,0
170,170,0,124,328,0,0,0,189,533,772,2,下位,0,0,0
113,113,0,281,709,0,0,0,170,328,848,2,下位,0,0,0
254,254,0,492,1345,0,0,0,113,709,1389,4,下位,0,0,0
110,110,0,393,1091,0,0,0,254,1345,142,4,下位,0,0,0
385,385,0,119,312,0,0,0,110,1091,1070,3,下位,0,0,0
498,498,0,37,112,0,0,0,385,312,811,2,下位,0,0,0
360,360,0,70,209,1,0,0,0,0,1,0,下位,0,0,0
1012,1012,0,166,452,0,0,0,360,209,-324,1,下位,0,0,0
621,621,0,224,536,0,0,0,1012,452,-1373,2,下位,0,0,0
190,190,0,37,111,0,0,0,621,536,-1758,4,下位,0,0,0
65,65,0,369,886,0,0,0,190,111,-1929,1,下位,0,0,0
215,215,0,2337,6463,0,0,0,65,886,-1139,6,下位,0,0,0
200,200,0,177,484,0,0,0,215,6463,1903,12,上位,0,0,0
840,840,0,76,230,0,0,0,200,484,2090,2,下位,0,0,0
628,628,0,216,557,0,0,0,840,230,1074,1,下位,0,0,0
286,286,0,293,837,1,0,0,0,0,1,0,下位,0,0,0
640,640,0,285,718,0,0,0,286,837,414,2,下位,0,0,0
300,300,0,139,370,0,0,0,640,718,182,4,下位,0,0,0
324,324,0,79,191,0,0,0,300,370,107,2,下位,0,0,0
227,227,0,41,122,0,0,0,324,191,-183,2,下位,0,0,0
504,504,0,242,589,0,0,0,227,122,-398,1,下位,0,0,0
844,844,0,170,419,0,0,0,504,589,-557,4,下位,0,0,0
548,548,0,159,432,0,0,0,844,419,-1390,3,下位,0,0,0
598,598,0,81,197,0,0,0,548,432,-1771,2,下位,0,0,0
427,427,0,52,157,0,0,0,598,197,-2461,2,下位,0,0,0
722,722,0,83,204,0,0,0,427,157,-2938,1,下位,0,0,0
330,330,0,50,150,0,0,0,722,204,-3805,2,下位,0,0,0
435,435,0,40,120,0,0,0,330,150,-4145,1,下位,0,0,0
73,73,0,43,130,0,0,0,435,120,-4670,1,下位,0,0,0
604,604,0,38,113,0,0,0,73,130,-4648,1,下位,0,0,0
190,190,0,52,157,1,0,0,0,0,1,0,下位,0,0,0
656,656,0,34,102,0,0,0,190,157,-124,1,下位,0,0,0
516,516,0,97,243,0,0,0,656,102,-995,1,下位,0,0,0
928,928,0,85,212,0,0,0,516,243,-1518,2,下位,0,0,0
836,836,0,35,106,0,0,0,928,212,-2683,2,下位,0,0,0
279,279,0,102,262,0,0,0,836,106,-3817,1,下位,0,0,0
575,575,0,1110,3238,0,0,0,279,262,-3969,2,下位,0,0,0
561,561,0,35,104,0,0,0,575,3238,-1584,3,下位,0,0,0
442,442,0,96,241,0,0,0,561,104,-2312,1,下位,0,0,0
775,775,0,160,387,0,0,0,442,241,-2727,2,下位,0,0,0
517,517,0,87,215,1,0,0,0,0,1,0,下位,0,0,0
813,813,0,44,133,0,0,0,517,215,-551,2,下位,0,0,0
738,738,0,96,288,0,0,0,813,133,-1624,1,下位,0,0,0
514,514,0,255,676,0,0,0,738,288,-2431,1,下位,0,0,0
1006,1006,0,43,128,0,0,0,514,676,-2518,3,下位,0,0,0
209,209,0,36,107,0,0,0,1006,128,-3883,1,下位,0,0,0
474,474,0,122,323,0,0,0,209,107,-4086,1,下位,0,0,0
768,768,0,204,567,0,0,0,474,323,-4466,2,下位,0,0,0
551,551,0,43,130,0,0,0,768,567,-5038,2,下位,0,0,0
517,517,0,105,271,0,0,0,551,130,-5726,1,下位,0,0,0
870,870,0,47,140,0,0,0,517,271,-6222,2,下位,0,0,0
165,165,0,52,155,1,0,0,0,0,1,0,下位,0,0,0
322,322,0,77,230,0,0,0,165,155,-89,1,下位,0,0,0
471,471,0,590,1590,0,0,0,322,230,-337,1,下位,0,0,0
790,790,0,449,1257,0,0,0,471,1590,554,5,下位,0,0,0
161,161,0,235,615,0,0,0,790,1257,639,3,下位,0,0,0
399,399,0,361,949,0,0,0,161,615,1015,3,下位,0,0,0
211,211,0,79,237,0,0,0,399,949,1372,4,下位,0,0,0
451,451,0,99,298,0,0,0,211,237,1296,1,下位,0,0,0
801,801,0,612,1745,0,0,0,451,298,925,1,下位,0,0,0
238,238,0,127,335,1,0,0,0,0,1,0,下位,0,0,0
178,178,0,83,203,0,0,0,238,335,-17,2,下位,0,0,0
629,629,0,47,143,0,0,0,178,203,-78,2,下位,0,0,0
666,666,0,58,174,0,0,0,629,143,-868,1,下位,0,0,0
420,420,0,143,340,0,0,0,666,174,-1682,1,下位,0,0,0
288,288,0,35,106,0,0,0,420,340,-1965,3,下位,0,0,0
265,265,0,37,111,0,0,0,288,106,-2286,1,下位,0,0,0
205,205,0,76,227,0,0,0,265,111,-2568,1,下位,0,0,0
235,235,0,101,259,0,0,0,205,227,-2645,1,下位,0,0,0
153,153,0,327,800,0,0,0,235,259,-2735,2,下位,0,0,0
413,413,0,272,637,0,0,0,153,800,-2162,5,下位,0,0,0
57,57,0,249,613,0,0,0,413,637,-2138,5,下位,0,0,0
280,280,0,223,534,0,0,0,57,613,-1610,4,下位,0,0,0
265,265,0,156,379,0,0,0,280,534,-1491,4,下位,0,0,0
161,161,0,40,118,0,0,0,265,379,-1505,3,下位,0,0,0
323,323,0,205,527,0,0,0,161,118,-1626,1,下位,0,0,0
296,296,0,693,1798,0,0,0,323,527,-1578,3,下位,0,0,0
206,206,0,51,152,1,0,0,0,0,1,0,下位,0,0,0
194,194,0,95,285,0,0,0,206,152,-153,1,下位,0,0,0
871,871,0,71,215,0,0,0,194,285,-156,1,下位,0,0,0
499,499,0,179,446,0,0,0,871,215,-1233,1,下位,0,0,0
864,864,0,38,115,0,0,0,499,446,-1527,3,下位,0,0,0
731,731,0,372,936,0,0,0,864,115,-2694,1,下位,0,0,0
146,146,0,98,248,0,0,0,731,936,-2843,5,下位,0,0,0
496,496,0,37,111,0,0,0,146,248,-2812,2,下位,0,0,0
400,400,0,61,183,0,0,0,496,111,-3437,1,下位,0,0,0
161,161,0,36,108,0,0,0,400,183,-3847,1,下位,0,0,0
156,156,0,1259,3723,0,0,0,161,108,-3978,1,下位,0,0,0
136,136,0,187,472,0,0,0,156,3723,-486,2,下位,0,0,0
482,482,0,108,276,0,0,0,136,472,-216,3,下位,0,0,0
279,279,0,99,252,0,0,0,482,276,-655,2,下位,0,0,0
95,95,0,44,131,0,0,0,279,252,-817,2,下位,0,0,0
518,518,0,443,1236,0,0,0,95,131,-827,1,下位,0,0,0
121,121,0,112,288,1,0,0,0,0,1,0,下位,0,0,0
245,245,0,1326,3646,0,0,0,121,288,109,2,下位,0,0,0
186,186,0,250,616,0,0,0,245,3646,1865,8,上位,0,0,0
919,919,0,226,633,0,0,0,186,616,2205,4,下位,0,0,0
168,168,0,123,368,0,0,0,919,633,1474,2,下位,0,0,0
519,519,0,42,127,0,0,0,168,368,1593,1,下位,0,0,0
586,586,0,43,129,0,0,0,519,127,950,1,下位,0,0,0
897,897,0,115,303,0,0,0,586,129,210,1,下位,0,0,0
953,953,0,113,339,0,0,0,897,303,-818,2,下位,0,0,0
411,411,0,275,779,0,0,0,953,339,-1893,1,下位,0,0,0
517,517,0,67,200,1,0,0,0,0,1,0,下位,0,0,0
162,162,0,37,111,0,0,0,517,200,-566,1,下位,0,0,0
425,425,0,434,1126,0,0,0,162,111,-695,1,下位,0,0,0
904,904,0,478,1388,0,0,0,425,1126,-200,5,下位,0,0,0
246,246,0,194,448,0,0,0,904,1388,-153,2,下位,0,0,0
408,408,0,167,367,0,0,0,246,448,-70,4,下位,0,0,0
236,236,0,232,608,0,0,0,408,367,-308,4,下位,0,0,0
171,171,0,254,671,0,0,0,236,608,-50,3,下位,0,0,0
367,367,0,185,465,0,0,0,171,671,367,3,下位,0,0,0
159,159,0,291,650,0,0,0,367,465,287,3,下位,0,0,0
120,120,0,331,903,0,0,0,159,650,701,6,下位,0,0,0
48,48,0,136,363,0,0,0,120,903,1426,3,下位,0,0,0
164,164,0,580,1696,1,0,0,0,0,1,0,下位,0,0,0
430,430,0,43,129,0,0,0,164,1696,1454,2,下位,0,0,0
114,114,0,150,405,0,0,0,430,129,945,1,下位,0,0,0
401,401,0,168,414,0,0,0,114,405,1181,2,下位,0,0,0
315,315,0,44,131,0,0,0,401,414,1000,3,下位,0,0,0
440,440,0,550,1471,0,0,0,315,131,664,1,下位,0,0,0
326,326,0,486,1323,0,0,0,440,1471,1482,5,下位,0,0,0
956,956,0,313,895,0,0,0,326,1323,2321,4,下位,0,0,0
156,156,0,339,886,0,0,0,956,895,1798,2,下位,0,0,0
153,153,0,97,245,0,0,0,156,886,214,4,下位,0,0,0
170,170,0,86,212,1,0,0,0,0,1,0,下位,0,0,0
601,601,0,111,288,0,0,0,170,212,-39,2,下位,0,0,0
295,295,0,52,156,0,0,0,601,288,-643,2,下位,0,0,0
166,166,0,1691,4731,0,0,0,295,156,-925,1,下位,0,0,0
91,91,0,42,126,0,0,0,166,4731,329,8,上位,0,0,0
162,162,0,60,180,0,0,0,91,126,320,1,下位,0,0,0
568,568,0,142,381,0,0,0,162,180,260,1,下位,0,0,0
649,649,0,60,180,0,0,0,568,381,-202,2,下位,0,0,0
183,183,0,57,170,0,0,0,649,180,-985,1,下位,0,0,0
318,318,0,379,913,0,0,0,183,170,-1087,1,下位,0,0,0
110,110,0,72,216,0,0,0,318,913,-646,6,下位,0,0,0
160,160,0,105,271,0,0,0,110,216,-593,1,下位,0,0,0
529,529,0,42,127,0,0,0,160,271,-559,2,下位,0,0,0
158,158,0,37,109,1,0,0,0,0,1,0,下位,0,0,0
500,500,0,79,238,0,0,0,158,109,-124,1,下位,0,0,0
150,150,0,44,134,0,0,0,500,238,-628,1,下位,0,0,0
397,397,0,94,236,0,0,0,150,134,-717,1,下位,0,0,0
224,224,0,36,109,0,0,0,397,236,-1070,2,下位,0,0,0
948,948,0,529,1408,0,0,0,224,109,-1293,1,下位,0,0,0
139,139,0,236,576,0,0,0,948,1408,-1292,5,下位,0,0,0
127,127,0,145,347,0,0,0,139,576,-922,4,下位,0,0,0
140,140,0,487,1238,0,0,0,127,347,-763,3,下位,0,0,0
172,172,0,143,337,0,0,0,140,1238,267,6,下位,0,0,0
160,160,0,138,372,0,0,0,172,337,349,3,下位,0,0,0
338,338,0,59,177,0,0,0,160,372,484,2,下位,0,0,0
572,572,0,40,119,0,0,0,338,177,160,1,下位,0,0,0
720,720,0,54,162,0,0,0,572,119,-570,1,下位,0,0,0
144,144,0,44,133,0,0,0,720,162,-1476,1,下位,0,0,0
474,474,0,42,126,0,0,0,144,133,-1557,1,下位,0,0,0
189,189,0,367,921,1,0,0,0,0,1,0,下位,0,0,0
208,208,0,609,1543,0,0,0,189,921,642,5,下位,0,0,0
131,131,0,145,391,0,0,0,208,1543,318,7,上位,0,0,0
180,180,0,35,106,0,0,0,131,391,515,2,下位,0,0,0
408,408,0,86,213,0,0,0,180,106,354,1,下位,0,0,0
74,74,0,279,655,0,0,0,408,213,-38,2,下位,0,0,0
822,822,0,45,135,0,0,0,74,655,507,5,下位,0,0,0
579,579,0,40,120,0,0,0,822,135,-578,1,下位,0,0,0
374,374,0,37,111,0,0,0,579,120,-1317,1,下位,0,0,0
161,161,0,415,1020,0,0,0,374,111,-1761,1,下位,0,0,0
196,196,0,38,114,0,0,0,161,1020,-980,6,下位,0,0,0
314,314,0,270,718,0,0,0,196,114,-1157,1,下位,0,0,0
214,214,0,36,108,0,0,0,314,718,-905,3,下位,0,0,0
362,362,0,168,414,0,0,0,214,108,-1115,1,下位,0,0,0
457,457,0,236,663,0,0,0,362,414,-1238,3,下位,0,0,0
112,112,0,159,432,0,0,0,457,663,-1253,2,下位,0,0,0
295,295,0,58,174,1,0,0,0,0,1,0,下位,0,0,0
486,486,0,300,677,0,0,0,295,174,-263,1,下位,0,0,0
187,187,0,80,239,0,0,0,486,677,-307,6,下位,0,0,0
744,744,0,93,279,0,0,0,187,239,-345,1,下位,0,0,0
746,746,0,214,506,0,0,0,744,279,-1170,1,下位,0,0,0
297,297,0,107,320,0,0,0,746,506,-1771,4,下位,0,0,0
154,154,0,152,455,0,0,0,297,320,-1892,1,下位,0,0,0
253,253,0,39,116,0,0,0,154,455,-1665,1,下位,0,0,0
323,323,0,44,132,0,0,0,253,116,-1924,1,下位,0,0,0
615,615,0,311,888,0,0,0,323,132,-2271,1,下位,0,0,0
102,102,0,67,201,0,0,0,615,888,-2295,2,下位,0,0,0
505,505,0,38,115,0,0,0,102,201,-2245,1,下位,0,0,0
452,452,0,33,100,0,0,0,505,115,-2879,1,下位,0,0,0
374,374,0,155,375,0,0,0,452,100,-3450,1,下位,0,0,0
87,87,0,34,102,0,0,0,374,375,-3630,3,下位,0,0,0
376,376,0,412,1012,0,0,0,87,102,-3657,1,下位,0,0,0
393,393,0,39,118,1,0,0,0,0,1,0,下位,0,0,0
859,859,0,127,337,0,0,0,393,118,-464,1,下位,0,0,0
710,710,0,219,612,0,0,0,859,337,-1401,2,下位,0,0,0
304,304,0,310,792,0,0,0,710,612,-1842,2,下位,0,0,0
151,151,0,35,106,0,0,0,304,792,-1501,4,下位,0,0,0
272,272,0,149,356,0,0,0,151,106,-1619,1,下位,0,0,0
874,874,0,43,128,0,0,0,272,356,-1667,3,下位,0,0,0
440,440,0,36,109,0,0,0,874,128,-2836,1,下位,0,0,0
124,124,0,486,1234,0,0,0,440,109,-3380,1,下位,0,0,0
144,144,0,227,549,0,0,0,124,1234,-2330,6,下位,0,0,0
214,214,0,140,375,0,0,0,144,549,-1995,4,下位,0,0,0
194,194,0,220,570,0,0,0,214,375,-1938,2,下位,0,0,0
417,417,0,161,436,0,0,0,194,570,-1656,3,下位,0,0,0
46,46,0,128,339,0,0,0,417,436,-1839,2,下位,0,0,0
216,216,0,214,595,0,0,0,46,339,-1568,2,下位,0,0,0
409,409,0,137,367,0,0,0,216,595,-1293,2,下位,0,0,0
499,499,0,113,293,1,0,0,0,0,1,0,下位,0,0,0
83,83,0,279,659,0,0,0,499,293,-446,2,下位,0,0,0
923,923,0,190,525,0,0,0,83,659,90,5,下位,0,0,0
215,215,0,148,352,0,0,0,923,525,-754,2,下位,0,0,0
39,39,0,44,131,0,0,0,215,352,-721,3,下位,0,0,0
550,550,0,115,300,0,0,0,39,131,-648,1,下位,0,0,0
1004,1004,0,155,376,0,0,0,550,300,-1164,2,下位,0,0,0
1008,1008,0,467,1401,0,0,0,1004,376,-2278,3,下位,0,0,0
195,195,0,39,117,0,0,0,1008,1401,-2373,1,下位,0,0,0
841,841,0,217,607,0,0,0,195,117,-2545,1,下位,0,0,0
357,357,0,36,108,0,0,0,841,607,-3186,2,下位,0,0,0
133,133,0,219,614,1,0,0,0,0,1,0,下位,0,0,0
1011,1011,0,429,1105,0,0,0,133,614,418,2,下位,0,0,0
213,213,0,214,552,0,0,0,1011,1105,23,5,下位,0,0,0
64,64,0,177,442,0,0,0,213,552,259,3,下位,0,0,0
176,176,0,177,442,0,0,0,64,442,606,3,下位,0,0,0
149,149,0,274,688,0,0,0,176,442,787,3,下位,0,0,0
791,791,0,55,164,0,0,0,149,688,1254,4,下位,0,0,0
618,618,0,188,476,0,0,0,791,164,244,1,下位,0,0,0
443,443,0,130,301,0,0,0,618,476,-197,3,下位,0,0,0
323,323,0,119,267,0,0,0,443,301,-553,3,下位,0,0,0
41,41,0,94,239,0,0,0,323,267,-765,3,下位,0,0,0
636,636,0,252,620,0,0,0,41,239,-587,2,下位,0,0,0
355,355,0,176,483,1,0,0,0,0,1,0,下位,0,0,0
681,681,0,85,256,0,0,0,355,483,-43,2,下位,0,0,0
380,380,0,114,298,0,0,0,681,256,-797,1,下位,0,0,0
117,117,0,90,269,0,0,0,380,298,-1063,2,下位,0,0,0
410,410,0,143,337,0,0,0,117,269,-968,1,下位,0,0,0
386,386,0,333,819,0,0,0,410,337,-1239,3,下位,0,0,0
803,803,0,173,475,0,0,0,386,819,-993,5,下位,0,0,0
682,682,0,43,128,0,0,0,803,475,-1709,2,下位,0,0,0
375,375,0,46,140,0,0,0,682,128,-2593,1,下位,0,0,0
69,69,0,53,159,0,0,0,375,140,-3009,1,下位,0,0,0
660,660,0,131,349,1,0,0,0,0,1,0,下位,0,0,0
146,146,0,93,235,0,0,0,660,349,-629,2,下位,0,0,0
417,417,0,85,209,0,0,0,146,235,-611,2,下位,0,0,0
755,755,0,155,421,0,0,0,417,209,-1021,2,下位,0,0,0
558,558,0,1276,3442,0,0,0,755,421,-1720,2,下位,0,0,0
89,89,0,39,116,0,0,0,558,3442,535,9,上位,0,0,0
351,351,0,168,459,0,0,0,89,116,519,1,下位,0,0,0
590,590,0,215,600,0,0,0,351,459,457,2,下位,0,0,0
811,811,0,128,385,0,0,0,590,600,182,2,下位,0,0,0
148,148,0,68,203,0,0,0,811,385,-636,1,下位,0,0,0
77,77,0,260,644,0,0,0,148,203,-653,1,下位,0,0,0
273,273,0,50,149,0,0,0,77,644,-123,4,下位,0,0,0
78,78,0,105,270,0,0,0,273,149,-379,1,下位,0,0,0
302,302,0,294,703,1,0,0,0,0,1,0,下位,0,0,0
880,880,0,47,142,0,0,0,302,703,256,5,下位,0,0,0
94,94,0,157,427,0,0,0,880,142,-908,1,下位,0,0,0
126,126,0,472,1234,0,0,0,94,427,-620,2,下位,0,0,0
290,290,0,337,877,0,0,0,126,1234,427,5,下位,0,0,0
176,176,0,37,110,0,0,0,290,877,874,4,下位,0,0,0
897,897,0,102,258,0,0,0,176,110,723,1,下位,0,0,0
196,196,0,115,299,0,0,0,897,258,-350,2,下位,0,0,0
202,202,0,243,640,0,0,0,196,299,-342,2,下位,0,0,0
167,167,0,44,131,0,0,0,202,640,-2,3,下位,0,0,0
812,812,0,38,114,0,0,0,167,131,-119,1,下位,0,0,0
678,678,0,77,232,0,0,0,812,114,-1210,1,下位,0,0,0
258,258,0,40,121,0,0,0,678,232,-1984,1,下位,0,0,0
141,141,0,41,122,0,0,0,258,121,-2246,1,下位,0,0,0
212,212,0,111,289,0,0,0,141,122,-2333,1,下位,0,0,0
518,518,0,66,198,0,0,0,212,289,-2359,2,下位,0,0,0
41,41,0,94,237,1,0,0,0,0,1,0,下位,0,0,0
466,466,0,37,112,0,0,0,41,237,177,2,下位,0,0,0
140,140,0,36,109,0,0,0,466,112,-402,1,下位,0,0,0
125,125,0,58,173,0,0,0,140,109,-501,1,下位,0,0,0
827,827,0,99,297,0,0,0,125,173,-513,1,下位,0,0,0
592,592,0,80,241,0,0,0,827,297,-1443,1,下位,0,0,0
380,380,0,485,1413,0,0,0,592,241,-2080,1,下位,0,0,0
138,138,0,259,686,0,0,0,380,1413,-1231,2,下位,0,0,0
158,158,0,233,609,0,0,0,138,686,-750,3,下位,0,0,0
357,357,0,44,132,0,0,0,158,609,-375,3,下位,0,0,0
573,573,0,41,122,0,0,0,357,132,-773,1,下位,0,0,0
538,538,0,93,234,0,0,0,573,122,-1501,1,下位,0,0,0
106,106,0,205,569,0,0,0,538,234,-2065,2,下位,0,0,0
183,183,0,234,614,0,0,0,106,569,-1653,2,下位,0,0,0
133,133,0,123,322,0,0,0,183,614,-1311,3,下位,0,0,0
852,852,0,100,258,0,0,0,133,322,-1186,2,下位,0,0,0
269,269,0,52,156,1,0,0,0,0,1,0,下位,0,0,0
819,819,0,269,669,0,0,0,269,156,-242,1,下位,0,0,0
278,278,0,49,146,0,0,0,819,669,-788,4,下位,0,0,0
846,846,0,56,167,0,0,0,278,146,-1054,1,下位,0,0,0
471,471,0,70,210,0,0,0,846,167,-2142,1,下位,0,0,0
144,144,0,35,105,0,0,0,471,210,-2631,1,下位,0,0,0
135,135,0,512,1307,0,0,0,144,105,-2740,1,下位,0,0,0
168,168,0,1751,4972,0,0,0,135,1307,-1633,6,下位,0,0,0
183,183,0,105,268,0,0,0,168,4972,766,7,上位,0,0,0
366,366,0,124,371,0,0,0,183,268,762,2,下位,0,0,0
168,168,0,202,606,0,0,0,366,371,590,1,下位,0,0,0
1014,1014,0,72,217,0,0,0,168,606,947,1,下位,0,0,0
502,502,0,122,322,0,0,0,1014,217,-340,1,下位,0,0,0
135,135,0,90,223,1,0,0,0,0,1,0,下位,0,0,0
252,252,0,80,196,0,0,0,135,223,24,2,下位,0,0,0
685,685,0,76,226,0,0,0,252,196,-154,2,下位,0,0,0
95,95,0,342,981,0,0,0,685,226,-944,1,下位,0,0,0
95,95,0,127,336,0,0,0,95,981,-104,2,下位,0,0,0
79,79,0,210,540,0,0,0,95,336,91,2,下位,0,0,0
491,491,0,282,757,0,0,0,79,540,514,3,下位,0,0,0
388,388,0,344,854,0,0,0,491,757,543,3,下位,0,0,0
170,170,0,40,120,0,0,0,388,854,821,5,下位,0,0,0
854,854,0,91,226,0,0,0,170,120,689,1,下位,0,0,0
860,860,0,1106,2984,0,0,0,854,226,-352,2,下位,0,0,0
50,50,0,70,211,0,0,0,860,2984,538,8,上位,0,0,0
107,107,0,50,149,0,0,0,50,211,675,1,下位,0,0,0
39,39,0,179,491,0,0,0,107,149,665,1,下位,0,0,0
248,248,0,209,583,1,0,0,0,0,1,0,下位,0,0,0
697,697,0,404,987,0,0,0,248,583,216,2,下位,0,0,0
132,132,0,203,520,0,0,0,697,987,169,6,下位,0,0,0
189,189,0,214,550,0,0,0,132,520,493,3,下位,0,0,0
478,478,0,159,389,0,0,0,189,550,763,3,下位,0,0,0
296,296,0,797,2256,0,0,0,478,389,443,3,下位,0,0,0
143,143,0,112,291,0,0,0,296,2256,2260,4,下位,0,0,0
289,289,0,42,125,0,0,0,143,291,2339,2,下位,0,0,0
392,392,0,127,337,0,0,0,289,125,2035,1,下位,0,0,0
158,158,0,455,1141,0,0,0,392,337,1790,2,下位,0,0,0
174,174,0,214,506,0,0,0,158,1141,372,6,下位,0,0,0
121,121,0,350,915,0,0,0,174,506,620,4,下位,0,0,0
769,769,0,85,210,0,0,0,121,915,1355,4,下位,0,0,0
465,465,0,37,111,1,0,0,0,0,1,0,下位,0,0,0
118,118,0,37,110,0,0,0,465,111,-578,1,下位,0,0,0
149,149,0,39,117,0,0,0,118,110,-643,1,下位,0,0,0
35,35,0,60,180,0,0,0,149,117,-747,1,下位,0,0,0
242,242,0,36,107,0,0,0,35,180,-619,1,下位,0,0,0
626,626,0,50,150,0,0,0,242,107,-871,1,下位,0,0,0
125,125,0,494,1303,0,0,0,626,150,-1650,1,下位,0,0,0
421,421,0,192,487,0,0,0,125,1303,-532,5,下位,0,0,0
291,291,0,154,373,0,0,0,421,487,-670,3,下位,0,0,0
120,120,0,159,388,0,0,0,291,373,-729,3,下位,0,0,0
200,200,0,246,603,0,0,0,120,388,-519,3,下位,0,0,0
107,107,0,542,1346,0,0,0,200,603,-213,4,下位,0,0,0
108,108,0,174,431,0,0,0,107,1346,334,7,上位,0,0,0
68,68,0,35,105,0,0,0,108,431,605,3,下位,0,0,0
84,84,0,309,793,0,0,0,68,105,609,1,下位,0,0,0
196,196,0,91,228,0,0,0,84,793,1277,4,下位,0,0,0
428,428,0,188,476,0,0,0,196,228,1214,2,下位,0,0,0
295,295,0,35,105,0,0,0,428,476,1055,3,下位,0,0,0
477,477,0,187,518,1,0,0,0,0,1,0,下位,0,0,0
810,810,0,69,208,0,0,0,477,518,-189,2,下位,0,0,0
201,201,0,116,347,0,0,0,810,208,-1183,1,下位,0,0,0
955,955,0,1324,3581,0,0,0,201,347,-1134,1,下位,0,0,0
159,159,0,51,152,0,0,0,955,3581,357,9,上位,0,0,0
468,468,0,53,159,0,0,0,159,152,273,1,下位,0,0,0
873,873,0,229,595,0,0,0,468,159,-262,1,下位,0,0,0
1012,1012,0,131,347,0,0,0,873,595,-962,3,下位,0,0,0
53,53,0,98,249,1,0,0,0,0,1,0,下位,0,0,0
609,609,0,145,391,0,0,0,53,249,171,2,下位,0,0,0
877,877,0,161,484,0,0,0,609,391,-342,2,下位,0,0,0
455,455,0,136,363,0,0,0,877,484,-1159,1,下位,0,0,0
412,412,0,119,311,0,0,0,455,363,-1471,2,下位,0,0,0
127,127,0,145,389,0,0,0,412,311,-1771,2,下位,0,0,0
380,380,0,55,165,0,0,0,127,389,-1570,2,下位,0,0,0
78,78,0,58,173,0,0,0,380,165,-1969,1,下位,0,0,0
508,508,0,159,386,1,0,0,0,0,1,0,下位,0,0,0
787,787,0,443,1284,0,0,0,508,386,-367,3,下位,0,0,0
395,395,0,162,395,0,0,0,787,1284,-251,2,下位,0,0,0
162,162,0,263,610,0,0,0,395,395,-442,3,下位,0,0,0
163,163,0,236,574,0,0,0,162,610,-72,5,下位,0,0,0
182,182,0,162,394,0,0,0,163,574,260,4,下位,0,0,0
578,578,0,253,714,0,0,0,182,394,384,3,下位,0,0,0
98,98,0,186,467,0,0,0,578,714,240,2,下位,0,0,0
477,477,0,120,317,0,0,0,98,467,562,3,下位,0,0,0
179,179,0,38,114,0,0,0,477,317,171,2,下位,0,0,0
292,292,0,102,260,0,0,0,179,114,19,1,下位,0,0,0
125,125,0,152,367,0,0,0,292,260,-154,2,下位,0,0,0
468,468,0,117,307,1,0,0,0,0,1,0,下位,0,0,0
208,208,0,84,252,0,0,0,468,307,-386,2,下位,0,0,0
50,50,0,127,334,0,0,0,208,252,-443,1,下位,0,0,0
427,427,0,153,414,0,0,0,50,334,-183,2,下位,0,0,0
340,340,0,64,193,0,0,0,427,414,-403,2,下位,0,0,0
289,289,0,248,655,0,0,0,340,193,-714,1,下位,0,0,0
304,304,0,202,469,0,0,0,289,655,-488,3,下位,0,0,0
983,983,0,311,752,0,0,0,304,469,-470,4,下位,0,0,0
372,372,0,34,103,0,0,0,983,752,-1176,5,下位,0,0,0
138,138,0,191,481,0,0,0,372,103,-1625,1,下位,0,0,0
728,728,0,87,260,0,0,0,138,481,-1349,3,下位,0,0,0
411,411,0,149,354,0,0,0,728,260,-2169,1,下位,0,0,0
376,376,0,47,142,0,0,0,411,354,-2425,3,下位,0,0,0
620,620,0,272,635,1,0,0,0,0,1,0,下位,0,0,0
158,158,0,80,196,0,0,0,620,635,-284,5,下位,0,0,0
81,81,0,80,195,0,0,0,158,196,-322,2,下位,0,0,0
1021,1021,0,114,341,0,0,0,81,195,-247,2,下位,0,0,0
1008,1008,0,399,1061,0,0,0,1021,341,-1421,1,下位,0,0,0
63,63,0,193,533,0,0,0,1008,1061,-1856,4,下位,0,0,0
124,124,0,215,600,0,0,0,63,533,-1416,2,下位,0,0,0
121,121,0,157,426,0,0,0,124,600,-1000,2,下位,0,0,0
1002,1002,0,51,154,0,0,0,121,426,-754,2,下位,0,0,0
878,878,0,135,359,0,0,0,1002,154,-2087,1,下位,0,0,0
403,403,0,111,288,1,0,0,0,0,1,0,下位,0,0,0
184,184,0,83,205,0,0,0,403,288,-309,2,下位,0,0,0
206,206,0,80,195,0,0,0,184,205,-377,2,下位,0,0,0
674,674,0,37,112,0,0,0,206,195,-488,2,下位,0,0,0
130,130,0,179,448,0,0,0,674,112,-1376,1,下位,0,0,0
125,125,0,39,116,0,0,0,130,448,-1121,3,下位,0,0,0
97,97,0,112,290,0,0,0,125,116,-1190,1,下位,0,0,0
612,612,0,132,351,0,0,0,97,290,-1044,2,下位,0,0,0
82,82,0,83,203,0,0,0,612,351,-1601,2,下位,0,0,0
85,85,0,129,342,0,0,0,82,203,-1520,2,下位,0,0,0
867,867,0,154,415,0,0,0,85,342,-1304,2,下位,0,0,0
181,181,0,171,378,0,0,0,867,415,-2175,2,下位,0,0,0
836,836,0,173,519,0,0,0,181,378,-2066,4,下位,0,0,0
291,291,0,141,379,0,0,0,836,519,-2787,1,下位,0,0,0
385,385,0,95,284,0,0,0,291,379,-2840,2,下位,0,0,0
158,158,0,42,125,0,0,0,385,284,-3127,1,下位,0,0,0
381,381,0,158,475,0,0,0,158,125,-3236,1,下位,0,0,0
201,201,0,242,639,1,0,0,0,0,1,0,下位,0,0,0
97,97,0,590,1485,0,0,0,201,639,342,3,下位,0,0,0
139,139,0,36,109,0,0,0,97,1485,522,7,上位,0,0,0
171,171,0,34,103,0,0,0,139,109,425,1,下位,0,0,0
677,677,0,63,189,0,0,0,171,103,274,1,下位,0,0,0
432,432,0,538,1569,0,0,0,677,189,-541,1,下位,0,0,0
863,863,0,410,1052,0,0,0,432,1569,387,2,下位,0,0,0
67,67,0,49,148,0,0,0,863,1052,159,5,下位,0,0,0
794,794,0,84,207,0,0,0,67,148,208,1,下位,0,0,0
768,768,0,101,303,0,0,0,794,207,-763,2,下位,0,0,0
192,192,0,233,654,0,0,0,768,303,-1599,1,下位,0,0,0
272,272,0,35,105,0,0,0,192,654,-1230,2,下位,0,0,0
341,341,0,35,106,0,0,0,272,105,-1529,1,下位,0,0,0
77,77,0,33,100,0,0,0,341,106,-1929,1,下位,0,0,0
110,110,0,34,102,0,0,0,77,100,-1943,1,下位,0,0,0
411,411,0,51,152,1,0,0,0,0,1,0,下位,0,0,0
523,523,0,89,220,0,0,0,411,152,-457,1,下位,0,0,0
1020,1020,0,102,262,0,0,0,523,220,-1013,2,下位,0,0,0
946,946,0,657,1880,0,0,0,1020,262,-2264,2,下位,0,0,0
288,288,0,367,970,0,0,0,946,1880,-1788,3,下位,0,0,0
944,944,0,248,700,0,0,0,288,970,-1245,4,下位,0,0,0
535,535,0,370,929,0,0,0,944,700,-1946,2,下位,0,0,0
101,101,0,33,100,0,0,0,535,929,-1811,5,下位,0,0,0
477,477,0,120,316,0,0,0,101,100,-1861,1,下位,0,0,0
133,133,0,255,632,0,0,0,477,316,-2253,2,下位,0,0,0
521,521,0,37,112,1,0,0,0,0,1,0,下位,0,0,0
408,408,0,757,2093,0,0,0,521,112,-660,1,下位,0,0,0
117,117,0,170,374,0,0,0,408,2093,828,5,下位,0,0,0
102,102,0,531,1458,0,0,0,117,374,1028,4,下位,0,0,0
145,145,0,156,421,0,0,0,102,1458,2335,4,下位,0,0,0
86,86,0,545,1353,0,0,0,145,421,318,2,下位,0,0,0
72,72,0,65,194,0,0,0,86,1353,448,7,上位,0,0,0
507,507,0,236,577,0,0,0,72,194,535,1,下位,0,0,0
232,232,0,35,105,0,0,0,507,577,360,4,下位,0,0,0
786,786,0,601,1620,0,0,0,232,105,121,1,下位,0,0,0
259,259,0,177,397,0,0,0,786,1620,575,5,下位,0,0,0
313,313,0,191,527,0,0,0,259,397,588,4,下位,0,0,0
216,216,0,420,1172,0,0,0,313,527,651,2,下位,0,0,0
239,239,0,43,130,0,0,0,216,1172,1503,3,下位,0,0,0
179,179,0,192,532,0,0,0,239,130,1278,1,下位,0,0,0
541,541,0,35,106,1,0,0,0,0,1,0,下位,0,0,0
114,114,0,36,107,0,0,0,541,106,-696,1,下位,0,0,0
65,65,0,114,343,0,0,0,114,107,-758,1,下位,0,0,0
298,298,0,544,1578,0,0,0,65,343,-511,1,下位,0,0,0
35,35,0,495,1440,0,0,0,298,1578,625,2,下位,0,0,0
1010,1010,0,97,246,0,0,0,35,1440,2013,2,下位,0,0,0
172,172,0,244,687,0,0,0,1010,246,760,2,下位,0,0,0
962,962,0,135,359,0,0,0,172,687,1192,2,下位,0,0,0
196,196,0,328,805,0,0,0,962,359,124,2,下位,0,0,0
626,626,0,150,406,0,0,0,196,805,638,5,下位,0,0,0
64,64,0,49,146,0,0,0,626,406,115,2,下位,0,0,0
195,195,0,157,470,0,0,0,64,146,166,1,下位,0,0,0
172,172,0,89,266,0,0,0,195,470,347,1,下位,0,0,0
897,897,0,85,255,0,0,0,172,266,358,1,下位,0,0,0
19,19,0,304,867,1,0,0,0,0,1,0,下位,0,0,0
172,172,0,152,411,0,0,0,19,867,840,2,下位,0,0,0
154,154,0,410,1096,0,0,0,172,411,996,2,下位,0,0,0
192,192,0,41,124,0,0,0,154,1096,1864,4,下位,0,0,0
127,127,0,819,2358,0,0,0,192,124,1703,1,下位,0,0,0
119,119,0,629,1662,0,0,0,127,2358,1435,3,下位,0,0,0
126,126,0,107,277,0,0,0,119,1662,668,6,下位,0,0,0
125,125,0,309,746,0,0,0,126,277,758,2,下位,0,0,0
588,588,0,126,333,0,0,0,125,746,1319,5,下位,0,0,0
202,202,0,462,1162,0,0,0,588,333,780,2,下位,0,0,0
144,144,0,87,218,0,0,0,202,1162,1642,6,下位,0,0,0
213,213,0,342,935,0,0,0,144,218,1646,2,下位,0,0,0
259,259,0,66,198,0,0,0,213,935,2265,3,下位,0,0,0
96,96,0,262,561,1,0,0,0,0,1,0,下位,0,0,0
130,130,0,75,226,0,0,0,96,561,420,6,下位,0,0,0
1000,1000,0,177,441,0,0,0,130,226,453,1,下位,0,0,0
657,657,0,76,227,0,0,0,1000,441,-590,3,下位,0,0,0
380,380,0,267,711,0,0,0,657,227,-1338,1,下位,0,0,0
102,102,0,46,138,0,0,0,380,711,-1191,3,下位,0,0,0
519,519,0,95,285,0,0,0,102,138,-1204,1,下位,0,0,0
751,751,0,60,181,0,0,0,519,285,-1689,1,下位,0,0,0
280,280,0,268,713,0,0,0,751,181,-2622,1,下位,0,0,0
992,992,0,43,129,0,0,0,280,713,-2324,3,下位,0,0,0
920,920,0,36,107,0,0,0,992,129,-3667,1,下位,0,0,0
257,257,0,166,454,0,0,0,920,107,-4925,1,下位,0,0,0
493,493,0,65,195,1,0,0,0,0,1,0,下位,0,0,0
469,469,0,90,226,0,0,0,493,195,-535,1,下位,0,0,0
688,688,0,143,339,0,0,0,469,226,-1005,2,下位,0,0,0
314,314,0,36,109,0,0,0,688,339,-1687,3,下位,0,0,0
581,581,0,303,862,0,0,0,314,109,-2044,1,下位,0,0,0
843,843,0,104,266,0,0,0,581,862,-2044,2,下位,0,0,0
858,858,0,157,428,0,0,0,843,266,-3029,2,下位,0,0,0
77,77,0,302,817,0,0,0,858,428,-3874,2,下位,0,0,0
70,70,0,198,593,0,0,0,77,817,-3171,3,下位,0,0,0
205,205,0,143,342,0,0,0,70,593,-2682,1,下位,0,0,0
309,309,0,239,581,0,0,0,205,342,-2644,3,下位,0,0,0
342,342,0,267,664,0,0,0,309,581,-2521,4,下位,0,0,0
429,429,0,93,279,0,0,0,342,664,-2364,4,下位,0,0,0
384,384,0,65,195,1,0,0,0,0,1,0,下位,0,0,0
284,284,0,208,534,0,0,0,384,195,-374,1,下位,0,0,0
580,580,0,235,570,0,0,0,284,534,-261,3,下位,0,0,0
273,273,0,267,669,0,0,0,580,570,-552,4,下位,0,0,0
446,446,0,145,436,0,0,0,273,669,-288,4,下位,0,0,0
566,566,0,135,362,0,0,0,446,436,-514,1,下位,0,0,0
109,109,0,84,207,0,0,0,566,362,-992,2,下位,0,0,0
292,292,0,318,867,0,0,0,109,207,-947,2,下位,0,0,0
137,137,0,1016,2710,0,0,0,292,867,-513,3,下位,0,0,0
164,164,0,37,110,0,0,0,137,2710,330,8,上位,0,0,0
266,266,0,134,401,0,0,0,164,110,197,1,下位,0,0,0
446,446,0,52,155,0,0,0,266,401,203,1,下位,0,0,0
383,383,0,106,273,0,0,0,446,155,-304,1,下位,0,0,0
880,880,0,57,172,0,0,0,383,273,-599,2,下位,0,0,0
476,476,0,145,389,0,0,0,880,172,-1733,1,下位,0,0,0
194,194,0,153,412,1,0,0,0,0,1,0,下位,0,0,0
443,443,0,98,249,0,0,0,194,412,125,2,下位,0,0,0
1005,1005,0,71,214,0,0,0,443,249,-283,2,下位,0,0,0
137,137,0,35,106,0,0,0,1005,214,-1560,1,下位,0,0,0
873,873,0,316,857,0,0,0,137,106,-1657,1,下位,0,0,0
210,210,0,1761,4779,0,0,0,873,857,-2095,3,下位,0,0,0
224,224,0,169,463,0,0,0,210,4779,389,11,上位,0,0,0
273,273,0,90,223,0,0,0,224,463,520,2,下位,0,0,0
33,33,0,68,203,0,0,0,273,223,338,2,下位,0,0,0
107,107,0,35,104,0,0,0,33,203,492,1,下位,0,0,0
118,118,0,250,571,0,0,0,107,104,437,1,下位,0,0,0
727,727,0,77,186,0,0,0,118,571,833,5,下位,0,0,0
77,77,0,119,357,0,0,0,727,186,-60,2,下位,0,0,0
161,161,0,72,216,0,0,0,77,357,183,1,下位,0,0,0
390,390,0,350,1004,1,0,0,0,0,1,0,下位,0,0,0
163,163,0,44,131,0,0,0,390,1004,426,2,下位,0,0,0
375,375,0,457,1148,0,0,0,163,131,315,1,下位,0,0,0
210,210,0,534,1512,0,0,0,375,1148,907,6,下位,0,0,0
133,133,0,39,118,0,0,0,210,1512,2107,3,下位,0,0,0
672,672,0,68,204,0,0,0,133,118,2028,1,下位,0,0,0
359,359,0,115,300,0,0,0,672,204,1235,1,下位,0,0,0
459,459,0,578,1508,0,0,0,359,300,1002,2,下位,0,0,0
205,205,0,187,425,0,0,0,459,1508,1829,6,下位,0,0,0
487,487,0,143,381,0,0,0,205,425,1950,4,下位,0,0,0
165,165,0,180,453,0,0,0,487,381,1608,2,下位,0,0,0
161,161,0,204,481,0,0,0,165,453,1816,3,下位,0,0,0
129,129,0,177,395,0,0,0,161,481,2058,4,下位,0,0,0
317,317,0,115,346,0,0,0,129,395,2262,4,下位,0,0,0
623,623,0,79,194,0,0,0,317,346,2138,1,下位,0,0,0
54,54,0,42,126,0,0,0,623,194,1408,2,下位,0,0,0
319,319,0,46,137,1,0,0,0,0,1,0,下位,0,0,0
257,257,0,111,334,0,0,0,319,137,-335,1,下位,0,0,0
400,400,0,347,862,0,0,0,257,334,-382,1,下位,0,0,0
631,631,0,38,114,0,0,0,400,862,-113,5,下位,0,0,0
155,155,0,35,105,0,0,0,631,114,-935,1,下位,0,0,0
447,447,0,1094,2843,0,0,0,155,105,-1060,1,下位,0,0,0
76,76,0,165,403,0,0,0,447,2843,739,10,上位,0,0,0
348,348,0,841,2241,0,0,0,76,403,1029,3,下位,0,0,0
154,154,0,45,134,0,0,0,348,2241,1468,7,上位,0,0,0
584,584,0,264,657,0,0,0,154,134,1374,1,下位,0,0,0
51,51,0,40,121,0,0,0,584,657,1165,4,下位,0,0,0
354,354,0,44,133,0,0,0,51,121,1210,1,下位,0,0,0
159,159,0,922,2542,0,0,0,354,133,818,1,下位,0,0,0
114,114,0,100,256,0,0,0,159,2542,322,6,下位,0,0,0
272,272,0,313,803,1,0,0,0,0,1,0,下位,0,0,0
160,160,0,1075,2890,0,0,0,272,803,400,4,下位,0,0,0
114,114,0,36,108,0,0,0,160,2890,304,8,上位,0,0,0
221,221,0,37,110,0,0,0,114,108,243,1,下位,0,0,0
84,84,0,120,315,0,0,0,221,110,25,1,下位,0,0,0
505,505,0,231,604,0,0,0,84,315,215,2,下位,0,0,0
360,360,0,790,1983,0,0,0,505,604,70,3,下位,0,0,0
104,104,0,38,114,0,0,0,360,1983,545,9,上位,0,0,0
639,639,0,132,397,0,0,0,104,114,505,1,下位,0,0,0
65,65,0,36,108,0,0,0,639,397,-46,1,下位,0,0,0
840,840,0,92,231,0,0,0,65,108,-34,1,下位,0,0,0
157,157,0,93,234,0,0,0,840,231,-1049,2,下位,0,0,0
636,636,0,704,1780,0,0,0,157,234,-1048,2,下位,0,0,0
106,106,0,150,359,0,0,0,636,1780,-212,8,上位,0,0,0
160,160,0,38,114,0,0,0,106,359,-10,3,下位,0,0,0
126,126,0,84,252,1,0,0,0,0,1,0,下位,0,0,0
125,125,0,175,435,0,0,0,126,252,66,1,下位,0,0,0
190,190,0,868,2324,0,0,0,125,435,316,3,下位,0,0,0
171,171,0,63,188,0,0,0,190,2324,1445,7,上位,0,0,0
180,180,0,42,126,0,0,0,171,188,1379,1,下位,0,0,0
569,569,0,103,265,0,0,0,180,126,1238,1,下位,0,0,0
108,108,0,138,367,0,0,0,569,265,659,2,下位,0,0,0
633,633,0,128,386,0,0,0,108,367,866,2,下位,0,0,0
558,558,0,112,291,0,0,0,633,386,313,1,下位,0,0,0
738,738,0,202,562,0,0,0,558,291,-224,2,下位,0,0,0
611,611,0,86,213,0,0,0,738,562,-757,2,下位,0,0,0
385,385,0,112,293,0,0,0,611,213,-1451,2,下位,0,0,0
436,436,0,63,191,1,0,0,0,0,1,0,下位,0,0,0
643,643,0,264,703,0,0,0,436,191,-455,1,下位,0,0,0
738,738,0,38,113,0,0,0,643,703,-706,3,下位,0,0,0
374,374,0,249,610,0,0,0,738,113,-1688,1,下位,0,0,0
964,964,0,40,121,0,0,0,374,610,-1633,4,下位,0,0,0
505,505,0,287,681,0,0,0,964,121,-2942,1,下位,0,0,0
126,126,0,251,618,0,0,0,505,681,-3010,5,下位,0,0,0
288,288,0,70,212,0,0,0,126,618,-2579,4,下位,0,0,0
711,711,0,43,130,0,0,0,288,212,-2794,1,下位,0,0,0
135,135,0,42,127,0,0,0,711,130,-3719,1,下位,0,0,0
374,374,0,96,245,1,0,0,0,0,1,0,下位,0,0,0
155,155,0,862,2252,0,0,0,374,245,-309,2,下位,0,0,0
97,97,0,34,102,0,0,0,155,2252,667,8,上位,0,0,0
179,179,0,234,567,0,0,0,97,102,625,1,下位,0,0,0
284,284,0,118,310,0,0,0,179,567,926,4,下位,0,0,0
1011,1011,0,43,130,0,0,0,284,310,815,2,下位,0,0,0
89,89,0,121,318,0,0,0,1011,130,-555,1,下位,0,0,0
545,545,0,68,203,0,0,0,89,318,-369,2,下位,0,0,0
197,197,0,49,148,0,0,0,545,203,-975,1,下位,0,0,0
302,302,0,1160,3090,0,0,0,197,148,-1119,1,下位,0,0,0
84,84,0,143,384,0,0,0,302,3090,738,9,上位,0,0,0
607,607,0,35,105,0,0,0,84,384,997,2,下位,0,0,0
496,496,0,106,274,0,0,0,607,105,201,1,下位,0,0,0
536,536,0,108,279,0,0,0,496,274,-261,2,下位,0,0,0
238,238,0,313,850,1,0,0,0,0,1,0,下位,0,0,0
141,141,0,43,129,0,0,0,238,850,498,3,下位,0,0,0
121,121,0,80,196,0,0,0,141,129,418,1,下位,0,0,0
975,975,0,258,685,0,0,0,121,196,434,2,下位,0,0,0
102,102,0,39,118,0,0,0,975,685,-328,3,下位,0,0,0
70,70,0,69,206,0,0,0,102,118,-361,1,下位,0,0,0
371,371,0,128,338,0,0,0,70,206,-259,1,下位,0,0,0
313,313,0,64,192,0,0,0,371,338,-471,2,下位,0,0,0
106,106,0,134,356,0,0,0,313,192,-743,1,下位,0,0,0
481,481,0,347,906,0,0,0,106,356,-544,2,下位,0,0,0
138,138,0,1060,2845,0,0,0,481,906,-352,4,下位,0,0,0
180,180,0,1578,4178,1,0,0,0,0,1,0,下位,0,0,0
142,142,0,42,126,0,0,0,180,4178,271,12,上位,0,0,0
442,442,0,1173,3241,0,0,0,142,126,186,1,下位,0,0,0
152,152,0,102,262,0,0,0,442,3241,943,7,上位,0,0,0
609,609,0,137,410,0,0,0,152,262,979,2,下位,0,0,0
462,462,0,57,170,0,0,0,609,410,485,1,下位,0,0,0
632,632,0,82,201,0,0,0,462,170,-30,1,下位,0,0,0
96,96,0,52,156,0,0,0,632,201,-767,2,下位,0,0,0
382,382,0,329,898,0,0,0,96,156,-753,1,下位,0,0,0
571,571,0,70,211,0,0,0,382,898,-422,3,下位,0,0,0
114,114,0,362,862,0,0,0,571,211,-1058,1,下位,0,0,0
111,111,0,305,780,0,0,0,114,862,-365,6,下位,0,0,0
348,348,0,74,222,1,0,0,0,0,1,0,下位,0,0,0
237,237,0,57,171,0,0,0,348,222,-293,1,下位,0,0,0
702,702,0,127,335,0,0,0,237,171,-474,1,下位,0,0,0
643,643,0,44,132,0,0,0,702,335,-1181,2,下位,0,0,0
39,39,0,422,1222,0,0,0,643,132,-2003,1,下位,0,0,0
143,143,0,366,964,0,0,0,39,1222,-839,2,下位,0,0,0
803,803,0,255,676,0,0,0,143,964,-87,4,下位,0,0,0
256,256,0,1453,3917,0,0,0,803,676,-602,3,下位,0,0,0
190,190,0,193,488,0,0,0,256,3917,763,10,上位,0,0,0
178,178,0,49,148,0,0,0,190,488,969,3,下位,0,0,0
682,682,0,84,209,0,0,0,178,148,853,1,下位,0,0,0
137,137,0,150,407,0,0,0,682,209,50,2,下位,0,0,0
17,17,0,41,125,1,0,0,0,0,1,0,下位,0,0,0
104,104,0,100,256,0,0,0,17,125,101,1,下位,0,0,0
742,742,0,71,212,0,0,0,104,256,203,2,下位,0,0,0
209,209,0,324,881,0,0,0,742,212,-686,1,下位,0,0,0
128,128,0,272,728,0,0,0,209,881,-115,3,下位,0,0,0
105,105,0,173,475,0,0,0,128,728,423,3,下位,0,0,0
339,339,0,206,573,0,0,0,105,475,742,2,下位,0,0,0
244,244,0,239,582,0,0,0,339,573,812,2,下位,0,0,0
150,150,0,155,420,0,0,0,244,582,1032,4,下位,0,0,0
424,424,0,58,173,0,0,0,150,420,1229,2,下位,0,0,0
40,40,0,39,116,0,0,0,424,173,773,1,下位,0,0,0
217,217,0,33,99,0,0,0,40,116,830,1,下位,0,0,0
645,645,0,169,459,0,0,0,217,99,607,1,下位,0,0,0
672,672,0,61,182,0,0,0,645,459,109,2,下位,0,0,0
254,254,0,105,270,0,0,0,672,182,-706,1,下位,0,0,0
86,86,0,185,464,0,0,0,254,270,-813,2,下位,0,0,0
860,860,0,151,408,0,0,0,86,464,-477,3,下位,0,0,0
173,173,0,41,121,0,0,0,860,408,-1345,2,下位,0,0,0
463,463,0,60,181,1,0,0,0,0,1,0,下位,0,0,0
283,283,0,65,196,0,0,0,463,181,-505,1,下位,0,0,0
148,148,0,85,254,0,0,0,283,196,-729,1,下位,0,0,0
99,99,0,156,379,0,0,0,148,254,-695,1,下位,0,0,0
775,775,0,184,463,0,0,0,99,379,-463,3,下位,0,0,0
277,277,0,965,2668,0,0,0,775,463,-1150,3,下位,0,0,0
142,142,0,36,108,0,0,0,277,2668,1107,6,下位,0,0,0
278,278,0,616,1570,0,0,0,142,108,1004,1,下位,0,0,0
94,94,0,138,324,0,0,0,278,1570,286,7,上位,0,0,0
124,124,0,380,1050,0,0,0,94,324,471,3,下位,0,0,0
139,139,0,214,554,0,0,0,124,1050,1337,3,下位,0,0,0
422,422,0,227,638,0,0,0,139,554,1685,3,下位,0,0,0
534,534,0,38,112,1,0,0,0,0,1,0,下位,0,0,0
252,252,0,270,675,0,0,0,534,112,-679,1,下位,0,0,0
561,561,0,43,127,0,0,0,252,675,-378,4,下位,0,0,0
703,703,0,63,189,0,0,0,561,127,-1083,1,下位,0,0,0
116,116,0,88,218,0,0,0,703,189,-1937,1,下位,0,0,0
537,537,0,90,269,0,0,0,116,218,-1891,2,下位,0,0,0
125,125,0,231,693,0,0,0,537,269,-2419,1,下位,0,0,0
642,642,0,43,128,0,0,0,125,693,-1911,1,下位,0,0,0
161,161,0,113,294,0,0,0,642,128,-2736,1,下位,0,0,0
302,302,0,35,106,0,0,0,161,294,-2681,2,下位,0,0,0
145,145,0,172,378,0,0,0,302,106,-3023,1,下位,0,0,0
147,147,0,46,139,0,0,0,145,378,-2860,4,下位,0,0,0
123,123,0,123,370,0,0,0,147,139,-2939,1,下位,0,0,0
449,449,0,118,309,0,0,0,123,370,-2751,1,下位,0,0,0
430,430,0,372,937,0,0,0,449,309,-3108,2,下位,0,0,0
166,166,0,55,166,0,0,0,430,937,-2809,5,下位,0,0,0
51,51,0,65,194,1,0,0,0,0,1,0,下位,0,0,0
279,279,0,174,431,0,0,0,51,194,119,1,下位,0,0,0
217,217,0,109,327,0,0,0,279,431,136,3,下位,0,0,0
791,791,0,209,626,0,0,0,217,327,141,1,下位,0,0,0
354,354,0,71,212,0,0,0,791,626,-407,1,下位,0,0,0
798,798,0,479,1258,0,0,0,354,212,-720,1,下位,0,0,0
118,118,0,55,164,0,0,0,798,1258,-646,5,下位,0,0,0
768,768,0,80,241,0,0,0,118,164,-657,1,下位,0,0,0
825,825,0,358,1028,0,0,0,768,241,-1555,1,下位,0,0,0
460,460,0,36,106,0,0,0,825,1028,-1751,2,下位,0,0,0
132,132,0,139,372,1,0,0,0,0,1,0,下位,0,0,0
393,393,0,1881,5534,0,0,0,132,372,177,2,下位,0,0,0
210,210,0,101,304,0,0,0,393,5534,367,3,下位,0,0,0
583,583,0,124,373,0,0,0,210,304,359,1,下位,0,0,0
121,121,0,102,261,0,0,0,583,373,-133,1,下位,0,0,0
744,744,0,436,1310,0,0,0,121,261,-52,2,下位,0,0,0
122,122,0,168,415,0,0,0,744,1310,154,1,下位,0,0,0
387,387,0,265,659,0,0,0,122,415,388,3,下位,0,0,0
394,394,0,179,449,0,0,0,387,659,473,4,下位,0,0,0
148,148,0,199,506,0,0,0,394,449,337,3,下位,0,0,0
105,105,0,149,357,0,0,0,148,506,623,3,下位,0,0,0
365,365,0,534,1328,1,0,0,0,0,1,0,下位,0,0,0
95,95,0,78,191,0,0,0,365,1328,283,7,上位,0,0,0
174,174,0,187,424,0,0,0,95,191,333,2,下位,0,0,0
222,222,0,181,452,0,0,0,174,424,499,4,下位,0,0,0
231,231,0,134,360,0,0,0,222,452,622,3,下位,0,0,0
123,123,0,333,906,0,0,0,231,360,639,2,下位,0,0,0
723,723,0,1737,4871,0,0,0,123,906,1363,3,下位,0,0,0
66,66,0,208,489,0,0,0,723,4871,1253,8,上位,0,0,0
236,236,0,109,326,0,0,0,66,489,1644,4,下位,0,0,0
937,937,0,167,457,0,0,0,236,326,1620,1,下位,0,0,0
490,490,0,125,284,0,0,0,937,457,687,2,下位,0,0,0
307,307,0,33,99,1,0,0,0,0,1,0,下位,0,0,0
693,693,0,45,136,0,0,0,307,99,-355,1,下位,0,0,0
587,587,0,2135,5965,0,0,0,693,136,-1247,1,下位,0,0,0
96,96,0,131,392,0,0,0,587,5965,838,10,上位,0,0,0
191,191,0,42,127,0,0,0,96,392,1088,1,下位,0,0,0
831,831,0,138,413,0,0,0,191,127,932,1,下位,0,0,0
466,466,0,129,388,0,0,0,831,413,112,1,下位,0,0,0
176,176,0,194,582,0,0,0,466,388,-191,1,下位,0,0,0
302,302,0,45,136,0,0,0,176,582,130,1,下位,0,0,0
95,95,0,495,1441,0,0,0,302,136,-182,1,下位,0,0,0
320,320,0,280,753,0,0,0,95,1441,1118,2,下位,0,0,0
172,172,0,429,1197,0,0,0,320,753,1396,3,下位,0,0,0
41,41,0,166,454,0,0,0,172,1197,2338,3,下位,0,0,0
115,115,0,581,1521,0,0,0,41,454,442,2,下位,0,0,0
342,342,0,47,141,1,0,0,0,0,1,0,下位,0,0,0
171,171,0,34,103,0,0,0,342,141,-365,1,下位,0,0,0
209,209,0,39,116,0,0,0,171,103,-516,1,下位,0,0,0
302,302,0,875,2535,0,0,0,209,116,-710,1,下位,0,0,0
173,173,0,809,2148,0,0,0,302,2535,1377,3,下位,0,0,0
188,188,0,58,175,0,0,0,173,2148,1138,7,上位,0,0,0
501,501,0,89,222,0,0,0,188,175,1034,1,下位,0,0,0
739,739,0,37,112,0,0,0,501,222,513,2,下位,0,0,0
488,488,0,364,864,0,0,0,739,112,-471,1,下位,0,0,0
165,165,0,40,121,0,0,0,488,864,-331,6,下位,0,0,0
61,61,0,35,105,0,0,0,165,121,-455,1,下位,0,0,0
181,181,0,98,249,0,0,0,61,105,-441,1,下位,0,0,0
702,702,0,120,315,0,0,0,181,249,-461,2,下位,0,0,0
653,653,0,41,123,0,0,0,702,315,-1188,2,下位,0,0,0
297,297,0,41,124,1,0,0,0,0,1,0,下位,0,0,0
163,163,0,35,106,0,0,0,297,124,-316,1,下位,0,0,0
415,415,0,39,117,0,0,0,163,106,-452,1,下位,0,0,0
713,713,0,473,1237,0,0,0,415,117,-951,1,下位,0,0,0
175,175,0,330,899,0,0,0,713,1237,-772,5,下位,0,0,0
171,171,0,371,1024,0,0,0,175,899,-133,3,下位,0,0,0
147,147,0,304,780,0,0,0,171,1024,637,3,下位,0,0,0
179,179,0,81,199,0,0,0,147,780,1199,4,下位,0,0,0
807,807,0,235,615,0,0,0,179,199,1132,2,下位,0,0,0
696,696,0,65,195,0,0,0,807,615,550,3,下位,0,0,0
138,138,0,350,827,0,0,0,696,195,-288,1,下位,0,0,0
207,207,0,780,2058,0,0,0,138,827,334,6,下位,0,0,0
104,104,0,191,482,0,0,0,207,2058,766,7,上位,0,0,0
601,601,0,89,222,0,0,0,104,482,1094,3,下位,0,0,0
164,164,0,54,162,0,0,0,601,222,424,2,下位,0,0,0
454,454,0,257,681,1,0,0,0,0,1,0,下位,0,0,0
886,886,0,362,906,0,0,0,454,681,8,3,下位,0,0,0
1011,1011,0,85,255,0,0,0,886,906,-401,5,下位,0,0,0
127,127,0,79,236,0,0,0,1011,255,-1646,1,下位,0,0,0
152,152,0,47,141,0,0,0,127,236,-1598,1,下位,0,0,0
135,135,0,42,126,0,0,0,152,141,-1683,1,下位,0,0,0
345,345,0,106,275,0,0,0,135,126,-1757,1,下位,0,0,0
336,336,0,95,242,0,0,0,345,275,-1994,2,下位,0,0,0
224,224,0,203,566,0,0,0,336,242,-2251,2,下位,0,0,0
272,272,0,435,1260,0,0,0,224,566,-2017,2,下位,0,0,0
336,336,0,61,184,0,0,0,272,1260,-1161,2,下位,0,0,0
327,327,0,81,198,0,0,0,336,184,-1476,1,下位,0,0,0
562,562,0,99,296,0,0,0,327,198,-1763,2,下位,0,0,0
282,282,0,38,114,1,0,0,0,0,1,0,下位,0,0,0
262,262,0,49,146,0,0,0,282,114,-303,1,下位,0,0,0
361,361,0,274,731,0,0,0,262,146,-546,1,下位,0,0,0
223,223,0,464,1166,0,0,0,361,731,-351,3,下位,0,0,0
127,127,0,189,479,0,0,0,223,1166,484,6,下位,0,0,0
257,257,0,48,145,0,0,0,127,479,775,3,下位,0,0,0
331,331,0,572,1627,0,0,0,257,145,539,1,下位,0,0,0
399,399,0,914,2644,0,0,0,331,1627,1675,3,下位,0,0,0
61,61,0,118,310,0,0,0,399,2644,1378,3,下位,0,0,0
544,544,0,429,1108,0,0,0,61,310,1597,2,下位,0,0,0
687,687,0,1410,3731,1,0,0,0,0,1,0,下位,0,0,0
32,32,0,114,298,0,0,0,687,3731,293,11,上位,0,0,0
75,75,0,37,110,0,0,0,32,298,544,2,下位,0,0,0
598,598,0,165,406,0,0,0,75,110,543,1,下位,0,0,0
343,343,0,52,156,0,0,0,598,406,62,3,下位,0,0,0
95,95,0,39,119,0,0,0,343,156,-291,1,下位,0,0,0
769,769,0,176,527,0,0,0,95,119,-313,1,下位,0,0,0
164,164,0,39,118,0,0,0,769,527,-927,1,下位,0,0,0
336,336,0,38,116,0,0,0,164,118,-1052,1,下位,0,0,0
348,348,0,40,119,1,0,0,0,0,1,0,下位,0,0,0
72,72,0,94,282,0,0,0,348,119,-396,1,下位,0,0,0
140,140,0,297,799,0,0,0,72,282,-221,1,下位,0,0,0
152,152,0,1153,3185,0,0,0,140,799,370,3,下位,0,0,0
113,113,0,37,112,0,0,0,152,3185,874,7,上位,0,0,0
293,293,0,34,103,0,0,0,113,112,818,1,下位,0,0,0
697,697,0,41,123,0,0,0,293,103,486,1,下位,0,0,0
751,751,0,237,710,0,0,0,697,123,-425,1,下位,0,0,0
203,203,0,209,540,0,0,0,751,710,-829,1,下位,0,0,0
124,124,0,204,566,0,0,0,203,540,-590,3,下位,0,0,0
399,399,0,69,209,0,0,0,124,566,-208,2,下位,0,0,0
371,371,0,180,496,1,0,0,0,0,1,0,下位,0,0,0
95,95,0,34,102,0,0,0,371,496,-53,2,下位,0,0,0
244,244,0,243,640,0,0,0,95,102,-92,1,下位,0,0,0
77,77,0,262,696,0,0,0,244,640,186,3,下位,0,0,0
419,419,0,207,532,0,0,0,77,696,768,3,下位,0,0,0
514,514,0,205,478,0,0,0,419,532,678,3,下位,0,0,0
344,344,0,256,633,0,0,0,514,478,393,4,下位,0,0,0
216,216,0,186,468,0,0,0,344,633,516,4,下位,0,0,0
182,182,0,346,859,0,0,0,216,468,664,3,下位,0,0,0
622,622,0,324,880,0,0,0,182,859,1253,5,下位,0,0,0
97,97,0,194,493,0,0,0,622,880,1210,3,下位,0,0,0
142,142,0,36,110,0,0,0,97,493,1559,3,下位,0,0,0
311,311,0,175,479,0,0,0,142,110,1458,1,下位,0,0,0
76,76,0,52,156,1,0,0,0,0,1,0,下位,0,0,0
158,158,0,321,783,0,0,0,76,156,44,1,下位,0,0,0
344,344,0,47,140,0,0,0,158,783,593,5,下位,0,0,0
1011,1011,0,396,1050,0,0,0,344,140,223,1,下位,0,0,0
227,227,0,35,106,0,0,0,1011,1050,-227,4,下位,0,0,0
127,127,0,233,652,0,0,0,227,106,-458,1,下位,0,0,0
123,123,0,193,445,0,0,0,127,652,6,2,下位,0,0,0
126,126,0,237,622,0,0,0,123,445,269,4,下位,0,0,0
220,220,0,167,411,0,0,0,126,622,704,3,下位,0,0,0
570,570,0,53,160,0,0,0,220,411,789,3,下位,0,0,0
122,122,0,187,426,0,0,0,570,160,103,1,下位,0,0,0
172,172,0,132,351,0,0,0,122,426,348,4,下位,0,0,0
491,491,0,143,384,0,0,0,172,351,444,2,下位,0,0,0
518,518,0,45,136,0,0,0,491,384,100,2,下位,0,0,0
548,548,0,103,264,0,0,0,518,136,-533,1,下位,0,0,0
660,660,0,157,470,0,0,0,548,264,-1082,2,下位,0,0,0
194,194,0,536,1609,1,0,0,0,0,1,0,下位,0,0,0
392,392,0,237,573,0,0,0,194,1609,1322,1,下位,0,0,0
1008,1008,0,36,108,0,0,0,392,573,1313,4,下位,0,0,0
374,374,0,84,253,0,0,0,1008,108,-75,1,下位,0,0,0
119,119,0,92,230,0,0,0,374,253,-377,1,下位,0,0,0
688,688,0,113,293,0,0,0,119,230,-324,2,下位,0,0,0
119,119,0,102,262,0,0,0,688,293,-1052,2,下位,0,0,0
134,134,0,192,486,0,0,0,119,262,-967,2,下位,0,0,0
575,575,0,174,433,0,0,0,134,486,-680,3,下位,0,0,0
303,303,0,377,996,1,0,0,0,0,1,0,下位,0,0,0
1009,1009,0,131,346,0,0,0,303,996,547,4,下位,0,0,0
644,644,0,367,1055,0,0,0,1009,346,-604,2,下位,0,0,0
354,354,0,275,689,0,0,0,644,1055,-504,2,下位,0,0,0
507,507,0,492,1389,0,0,0,354,689,-340,4,下位,0,0,0
155,155,0,212,547,0,0,0,507,1389,297,3,下位,0,0,0
400,400,0,179,401,0,0,0,155,547,614,3,下位,0,0,0
414,414,0,205,481,0,0,0,400,401,422,4,下位,0,0,0
605,605,0,44,133,1,0,0,0,0,1,0,下位,0,0,0
215,215,0,123,324,0,0,0,605,133,-764,1,下位,0,0,0
32,32,0,33,100,0,0,0,215,324,-759,2,下位,0,0,0
90,90,0,389,987,0,0,0,32,100,-706,1,下位,0,0,0
220,220,0,180,497,0,0,0,90,987,147,5,下位,0,0,0
597,597,0,39,115,0,0,0,220,497,318,2,下位,0,0,0
316,316,0,179,448,0,0,0,597,115,-453,1,下位,0,0,0
294,294,0,36,108,0,0,0,316,448,-474,3,下位,0,0,0
548,548,0,36,108,0,0,0,294,108,-802,1,下位,0,0,0
269,269,0,41,123,0,0,0,548,108,-1507,1,下位,0,0,0
86,86,0,450,1128,0,0,0,269,123,-1783,1,下位,0,0,0
105,105,0,488,1329,0,0,0,86,1128,-783,6,下位,0,0,0
675,675,0,426,1141,0,0,0,105,1329,390,4,下位,0,0,0
576,576,0,905,2388,1,0,0,0,0,1,0,下位,0,0,0
114,114,0,115,299,0,0,0,576,2388,406,8,上位,0,0,0
806,806,0,93,280,0,0,0,114,299,536,2,下位,0,0,0
435,435,0,201,514,0,0,0,806,280,-380,1,下位,0,0,0
185,185,0,86,215,0,0,0,435,514,-511,3,下位,0,0,0
499,499,0,45,135,0,0,0,185,215,-570,2,下位,0,0,0
258,258,0,35,105,0,0,0,499,135,-1175,1,下位,0,0,0
91,91,0,38,115,0,0,0,258,105,-1453,1,下位,0,0,0
65,65,0,173,474,1,0,0,0,0,1,0,下位,0,0,0
56,56,0,118,308,0,0,0,65,474,379,2,下位,0,0,0
148,148,0,99,251,0,0,0,56,308,604,2,下位,0,0,0
164,164,0,47,142,0,0,0,148,251,635,2,下位,0,0,0
193,193,0,39,118,0,0,0,164,142,534,1,下位,0,0,0
262,262,0,34,103,0,0,0,193,118,366,1,下位,0,0,0
252,252,0,232,606,0,0,0,262,103,80,1,下位,0,0,0
817,817,0,88,218,0,0,0,252,606,312,3,下位,0,0,0
58,58,0,224,628,0,0,0,817,218,-682,2,下位,0,0,0
820,820,0,138,369,0,0,0,58,628,-140,2,下位,0,0,0
298,298,0,218,609,0,0,0,820,369,-988,2,下位,0,0,0
673,673,0,685,1832,0,0,0,298,609,-821,2,下位,0,0,0
142,142,0,98,293,1,0,0,0,0,1,0,下位,0,0,0
104,104,0,75,224,0,0,0,142,293,83,1,下位,0,0,0
658,658,0,372,894,0,0,0,104,224,153,1,下位,0,0,0
99,99,0,38,114,0,0,0,658,894,71,6,下位,0,0,0
426,426,0,122,366,0,0,0,99,114,38,1,下位,0,0,0
166,166,0,41,121,0,0,0,426,366,-228,1,下位,0,0,0
105,105,0,37,110,0,0,0,166,121,-353,1,下位,0,0,0
410,410,0,196,499,0,0,0,105,110,-399,1,下位,0,0,0
668,668,0,93,233,0,0,0,410,499,-508,3,下位,0,0,0
348,348,0,100,255,0,0,0,668,233,-1266,2,下位,0,0,0
167,167,0,282,667,0,0,0,348,255,-1527,2,下位,0,0,0
356,356,0,204,566,1,0,0,0,0,1,0,下位,0,0,0
930,930,0,140,419,0,0,0,356,566,39,2,下位,0,0,0
143,143,0,103,266,0,0,0,930,419,-922,1,下位,0,0,0
154,154,0,172,424,0,0,0,143,266,-868,2,下位,0,0,0
26,26,0,37,111,0,0,0,154,424,-672,3,下位,0,0,0
88,88,0,46,138,0,0,0,26,111,-600,1,下位,0,0,0
250,250,0,149,403,0,0,0,88,138,-593,1,下位,0,0,0
974,974,0,246,650,0,0,0,250,403,-561,2,下位,0,0,0
194,194,0,316,948,0,0,0,974,650,-1356,3,下位,0,0,0
190,190,0,754,2219,0,0,0,194,948,-696,1,下位,0,0,0
132,132,0,634,1804,0,0,0,190,2219,1241,2,下位,0,0,0
96,96,0,121,319,0,0,0,132,1804,2849,3,下位,0,0,0
564,564,0,76,181,1,0,0,0,0,1,0,下位,0,0,0
307,307,0,337,789,0,0,0,564,181,-655,2,下位,0,0,0
144,144,0,39,116,0,0,0,307,789,-321,6,下位,0,0,0
170,170,0,109,284,0,0,0,144,116,-419,1,下位,0,0,0
436,436,0,175,434,0,0,0,170,284,-387,2,下位,0,0,0
380,380,0,226,633,0,0,0,436,434,-600,3,下位,0,0,0
173,173,0,89,224,0,0,0,380,633,-531,2,下位,0,0,0
229,229,0,199,551,0,0,0,173,224,-564,2,下位,0,0,0
151,151,0,39,118,0,0,0,229,551,-353,2,下位,0,0,0
46,46,0,92,276,0,0,0,151,118,-459,1,下位,0,0,0
146,146,0,58,173,0,0,0,46,276,-251,1,下位,0,0,0
571,571,0,75,226,0,0,0,146,173,-295,1,下位,0,0,0
741,741,0,190,436,0,0,0,571,226,-916,1,下位,0,0,0
385,385,0,42,126,0,0,0,741,436,-1579,4,下位,0,0,0
224,224,0,785,2221,0,0,0,385,126,-2024,1,下位,0,0,0
651,651,0,36,107,0,0,0,224,2221,-135,4,下位,0,0,0
152,152,0,66,197,1,0,0,0,0,1,0,下位,0,0,0
691,691,0,36,109,0,0,0,152,197,-28,1,下位,0,0,0
232,232,0,67,200,0,0,0,691,109,-944,1,下位,0,0,0
390,390,0,209,581,0,0,0,232,200,-1088,1,下位,0,0,0
83,83,0,125,330,0,0,0,390,581,-1086,2,下位,0,0,0
357,357,0,36,107,0,0,0,83,330,-879,2,下位,0,0,0
44,44,0,76,185,0,0,0,357,107,-1302,1,下位,0,0,0
464,464,0,406,994,0,0,0,44,185,-1182,2,下位,0,0,0
89,89,0,1909,5670,0,0,0,464,994,-876,6,下位,0,0,0
115,115,0,233,611,0,0,0,89,5670,2238,2,下位,0,0,0
399,399,0,283,671,0,0,0,115,611,149,3,下位,0,0,0
135,135,0,99,252,0,0,0,399,671,228,5,下位,0,0,0
198,198,0,206,528,0,0,0,135,252,280,2,下位,0,0,0
12,12,0,787,2307,1,0,0,0,0,1,0,下位,0,0,0
122,122,0,151,363,0,0,0,12,2307,2290,2,下位,0,0,0
907,907,0,437,1089,0,0,0,122,363,163,3,下位,0,0,0
94,94,0,709,1850,0,0,0,907,1089,-94,6,下位,0,0,0
166,166,0,36,108,0,0,0,94,1850,1075,7,上位,0,0,0
639,639,0,40,120,0,0,0,166,108,937,1,下位,0,0,0
325,325,0,36,107,0,0,0,639,120,109,1,下位,0,0,0
1009,1009,0,136,320,0,0,0,325,107,-266,1,下位,0,0,0
719,719,0,125,330,0,0,0,1009,320,-1443,3,下位,0,0,0
157,157,0,94,282,0,0,0,719,330,-2180,2,下位,0,0,0
163,163,0,105,269,0,0,0,157,282,-2131,1,下位,0,0,0
257,257,0,314,852,0,0,0,163,269,-2104,2,下位,0,0,0
96,96,0,225,587,0,0,0,257,852,-1633,3,下位,0,0,0
510,510,0,220,569,0,0,0,96,587,-1188,3,下位,0,0,0
205,205,0,34,101,1,0,0,0,0,1,0,下位,0,0,0
191,191,0,67,201,0,0,0,205,101,-202,1,下位,0,0,0
380,380,0,259,776,0,0,0,191,201,-284,1,下位,0,0,0
969,969,0,34,103,0,0,0,380,776,-72,1,下位,0,0,0
66,66,0,202,475,0,0,0,969,103,-1407,1,下位,0,0,0
606,606,0,54,163,0,0,0,66,475,-1030,4,下位,0,0,0
412,412,0,106,275,0,0,0,606,163,-1766,1,下位,0,0,0
83,83,0,969,2519,0,0,0,412,275,-2102,2,下位,0,0,0
112,112,0,86,213,0,0,0,83,2519,294,9,上位,0,0,0
849,849,0,372,1023,0,0,0,112,213,341,2,下位,0,0,0
603,603,0,454,1317,0,0,0,849,1023,104,3,下位,0,0,0
195,195,0,88,221,0,0,0,603,1317,526,2,下位,0,0,0
501,501,0,186,423,1,0,0,0,0,1,0,下位,0,0,0
313,313,0,265,660,0,0,0,501,423,-319,4,下位,0,0,0
521,521,0,446,1160,0,0,0,313,660,-123,4,下位,0,0,0
252,252,0,485,1410,0,0,0,521,1160,264,5,下位,0,0,0
692,692,0,294,747,0,0,0,252,1410,1300,2,下位,0,0,0
331,331,0,41,124,0,0,0,692,747,1020,4,下位,0,0,0
231,231,0,280,752,0,0,0,331,124,653,1,下位,0,0,0
809,809,0,379,908,0,0,0,231,752,1062,3,下位,0,0,0
141,141,0,859,2240,0,0,0,809,908,770,6,下位,0,0,0
100,100,0,42,126,0,0,0,141,2240,283,8,上位,0,0,0
153,153,0,232,513,1,0,0,0,0,1,0,下位,0,0,0
148,148,0,163,444,0,0,0,153,513,287,5,下位,0,0,0
968,968,0,121,362,0,0,0,148,444,511,2,下位,0,0,0
354,354,0,294,837,0,0,0,968,362,-563,1,下位,0,0,0
705,705,0,197,546,0,0,0,354,837,-251,2,下位,0,0,0
94,94,0,56,168,0,0,0,705,546,-751,2,下位,0,0,0
330,330,0,233,611,0,0,0,94,168,-722,1,下位,0,0,0
309,309,0,267,666,0,0,0,330,611,-601,3,下位,0,0,0
765,765,0,543,1452,0,0,0,309,666,-393,4,下位,0,0,0
123,123,0,133,355,0,0,0,765,1452,-76,5,下位,0,0,0
166,166,0,34,103,0,0,0,123,355,97,2,下位,0,0,0
125,125,0,236,574,0,0,0,166,103,-46,1,下位,0,0,0
459,459,0,171,378,0,0,0,125,574,343,4,下位,0,0,0
412,412,0,114,297,1,0,0,0,0,1,0,下位,0,0,0
287,287,0,46,139,0,0,0,412,297,-313,2,下位,0,0,0
280,280,0,225,540,0,0,0,287,139,-600,1,下位,0,0,0
194,194,0,90,271,0,0,0,280,540,-475,4,下位,0,0,0
638,638,0,46,137,0,0,0,194,271,-492,1,下位,0,0,0
226,226,0,534,1464,0,0,0,638,137,-1302,1,下位,0,0,0
523,523,0,322,876,0,0,0,226,1464,-173,4,下位,0,0,0
154,154,0,171,424,0,0,0,523,876,-73,3,下位,0,0,0
132,132,0,72,216,0,0,0,154,424,123,3,下位,0,0,0
268,268,0,218,608,0,0,0,132,216,143,1,下位,0,0,0
662,662,0,104,268,0,0,0,268,608,353,2,下位,0,0,0
371,371,0,35,105,0,0,0,662,268,-361,2,下位,0,0,0
382,382,0,50,150,0,0,0,371,105,-806,1,下位,0,0,0
303,303,0,686,1879,0,0,0,382,150,-1223,1,下位,0,0,0
467,467,0,182,503,1,0,0,0,0,1,0,下位,0,0,0
291,291,0,57,170,0,0,0,467,503,-189,2,下位,0,0,0
79,79,0,39,118,0,0,0,291,170,-451,1,下位,0,0,0
387,387,0,169,460,0,0,0,79,118,-450,1,下位,0,0,0
500,500,0,43,128,0,0,0,387,460,-564,2,下位,0,0,0
678,678,0,142,382,0,0,0,500,128,-1178,1,下位,0,0,0
870,870,0,283,849,0,0,0,678,382,-1802,2,下位,0,0,0
558,558,0,61,183,0,0,0,870,849,-2244,1,下位,0,0,0
259,259,0,137,321,0,0,0,558,183,-2889,1,下位,0,0,0
65,65,0,226,587,0,0,0,259,321,-2952,3,下位,0,0,0
1011,1011,0,381,920,0,0,0,65,587,-2461,3,下位,0,0,0
82,82,0,118,354,0,0,0,1011,920,-3041,6,下位,0,0,0
220,220,0,216,512,0,0,0,82,354,-2809,1,下位,0,0,0
307,307,0,35,105,1,0,0,0,0,1,0,下位,0,0,0
74,74,0,36,109,0,0,0,307,105,-349,1,下位,0,0,0
202,202,0,627,1701,0,0,0,74,109,-350,1,下位,0,0,0
99,99,0,296,755,0,0,0,202,1701,1051,5,下位,0,0,0
203,203,0,327,755,0,0,0,99,755,1659,4,下位,0,0,0
148,148,0,38,113,0,0,0,203,755,2113,6,下位,0,0,0
91,91,0,46,137,0,0,0,148,113,2006,1,下位,0,0,0
173,173,0,127,291,0,0,0,91,137,2008,1,下位,0,0,0
170,170,0,228,549,0,0,0,173,291,2042,3,下位,0,0,0
924,924,0,70,209,0,0,0,170,549,2339,4,下位,0,0,0
630,630,0,46,138,0,0,0,924,209,1177,1,下位,0,0,0
619,619,0,85,210,0,0,0,630,138,380,1,下位,0,0,0
716,716,0,120,314,0,0,0,619,210,-328,2,下位,0,0,0
141,141,0,301,857,0,0,0,716,314,-1076,2,下位,0,0,0
634,634,0,197,503,0,0,0,141,857,-428,2,下位,0,0,0
464,464,0,76,229,1,0,0,0,0,1,0,下位,0,0,0
185,185,0,145,434,0,0,0,464,229,-458,1,下位,0,0,0
465,465,0,35,105,0,0,0,185,434,-298,1,下位,0,0,0
547,547,0,483,1172,0,0,0,465,105,-883,1,下位,0,0,0
138,138,0,81,197,0,0,0,547,1172,-523,7,上位,0,0,0
141,141,0,37,111,0,0,0,138,197,-531,2,下位,0,0,0
446,446,0,37,110,0,0,0,141,111,-629,1,下位,0,0,0
244,244,0,335,783,0,0,0,446,110,-1181,1,下位,0,0,0
165,165,0,107,321,0,0,0,244,783,-760,6,下位,0,0,0
742,742,0,196,499,0,0,0,165,321,-684,1,下位,0,0,0
153,153,0,581,1468,1,0,0,0,0,1,0,下位,0,0,0
131,131,0,201,560,0,0,0,153,1468,271,7,上位,0,0,0
71,71,0,35,104,0,0,0,131,560,637,2,下位,0,0,0
692,692,0,41,122,0,0,0,71,104,636,1,下位,0,0,0
485,485,0,207,576,0,0,0,692,122,-269,1,下位,0,0,0
313,313,0,93,236,0,0,0,485,576,-413,2,下位,0,0,0
163,163,0,182,502,0,0,0,313,236,-641,2,下位,0,0,0
389,389,0,163,398,0,0,0,163,502,-381,2,下位,0,0,0
932,932,0,286,679,0,0,0,389,398,-560,3,下位,0,0,0
214,214,0,48,143,0,0,0,932,679,-1264,5,下位,0,0,0
326,326,0,134,402,0,0,0,214,143,-1439,1,下位,0,0,0
103,103,0,97,245,0,0,0,326,402,-1521,1,下位,0,0,0
377,377,0,361,1038,1,0,0,0,0,1,0,下位,0,0,0
550,550,0,98,251,0,0,0,377,1038,480,2,下位,0,0,0
433,433,0,102,307,0,0,0,550,251,-85,2,下位,0,0,0
763,763,0,433,1070,0,0,0,433,307,-420,1,下位,0,0,0
35,35,0,257,636,0,0,0,763,1070,-482,6,下位,0,0,0
477,477,0,179,399,0,0,0,35,636,102,4,下位,0,0,0
147,147,0,40,121,0,0,0,477,399,-207,4,下位,0,0,0
157,157,0,242,637,0,0,0,147,121,-304,1,下位,0,0,0
62,62,0,153,413,1,0,0,0,0,1,0,下位,0,0,0
608,608,0,250,659,0,0,0,62,413,322,2,下位,0,0,0
407,407,0,1197,3312,0,0,0,608,659,79,3,下位,0,0,0
87,87,0,55,164,0,0,0,407,3312,643,7,上位,0,0,0
336,336,0,67,200,0,0,0,87,164,678,1,下位,0,0,0
521,521,0,36,108,0,0,0,336,200,379,1,下位,0,0,0
458,458,0,424,1093,0,0,0,521,108,-286,1,下位,0,0,0
412,412,0,117,350,0,0,0,458,1093,127,5,下位,0,0,0
181,181,0,63,189,0,0,0,412,350,-134,1,下位,0,0,0
152,152,0,33,100,0,0,0,181,189,-214,1,下位,0,0,0
420,420,0,38,113,0,0,0,152,100,-340,1,下位,0,0,0
314,314,0,37,111,1,0,0,0,0,1,0,下位,0,0,0
202,202,0,122,323,0,0,0,314,111,-354,1,下位,0,0,0
244,244,0,111,288,0,0,0,202,323,-331,2,下位,0,0,0
640,640,0,56,167,0,0,0,244,288,-405,2,下位,0,0,0
777,777,0,346,995,0,0,0,640,167,-1188,1,下位,0,0,0
39,39,0,43,129,0,0,0,777,995,-1346,2,下位,0,0,0
721,721,0,144,387,0,0,0,39,129,-1275,1,下位,0,0,0
444,444,0,232,697,0,0,0,721,387,-1958,2,下位,0,0,0
448,448,0,114,299,1,0,0,0,0,1,0,下位,0,0,0
127,127,0,125,285,0,0,0,448,299,-365,2,下位,0,0,0
523,523,0,49,147,0,0,0,127,285,-268,3,下位,0,0,0
139,139,0,111,287,0,0,0,523,147,-897,1,下位,0,0,0
155,155,0,201,558,0,0,0,139,287,-816,2,下位,0,0,0
113,113,0,84,251,0,0,0,155,558,-488,2,下位,0,0,0
729,729,0,125,284,0,0,0,113,251,-405,1,下位,0,0,0
690,690,0,148,397,0,0,0,729,284,-1203,3,下位,0,0,0
323,323,0,39,116,0,0,0,690,397,-1830,2,下位,0,0,0
286,286,0,155,421,0,0,0,323,116,-2193,1,下位,0,0,0
791,791,0,63,190,0,0,0,286,421,-2196,2,下位,0,0,0
143,143,0,125,330,0,0,0,791,190,-3180,1,下位,0,0,0
845,845,0,118,311,0,0,0,143,330,-3062,2,下位,0,0,0
290,290,0,241,586,1,0,0,0,0,1,0,下位,0,0,0
970,970,0,43,130,0,0,0,290,586,157,4,下位,0,0,0
155,155,0,161,393,0,0,0,970,130,-1152,1,下位,0,0,0
172,172,0,42,126,0,0,0,155,393,-989,3,下位,0,0,0
656,656,0,51,153,0,0,0,172,126,-1118,1,下位,0,0,0
1004,1004,0,126,335,0,0,0,656,153,-1938,1,下位,0,0,0
408,408,0,721,1835,0,0,0,1004,335,-3093,2,下位,0,0,0
129,129,0,178,445,0,0,0,408,1835,-1863,8,上位,0,0,0
21,21,0,159,430,0,0,0,129,445,-1609,3,下位,0,0,0
632,632,0,89,222,0,0,0,21,430,-1210,2,下位,0,0,0
145,145,0,93,233,1,0,0,0,0,1,0,下位,0,0,0
186,186,0,81,244,0,0,0,145,233,19,2,下位,0,0,0
302,302,0,256,634,0,0,0,186,244,-13,1,下位,0,0,0
295,295,0,549,1370,0,0,0,302,634,173,4,下位,0,0,0
158,158,0,34,103,0,0,0,295,1370,571,7,上位,0,0,0
176,176,0,70,211,0,0,0,158,103,440,1,下位,0,0,0
311,311,0,43,129,0,0,0,176,211,390,1,下位,0,0,0
130,130,0,72,215,0,0,0,311,129,58,1,下位,0,0,0
179,179,0,1249,3419,0,0,0,130,215,80,1,下位,0,0,0
186,186,0,225,540,0,0,0,179,3419,1204,8,上位,0,0,0
163,163,0,108,280,0,0,0,186,540,1468,4,下位,0,0,0
460,460,0,42,126,0,0,0,163,280,1506,2,下位,0,0,0
153,153,0,57,171,0,0,0,460,126,950,1,下位,0,0,0
604,604,0,218,609,0,0,0,153,171,894,1,下位,0,0,0
92,92,0,139,372,0,0,0,604,609,607,2,下位,0,0,0
509,509,0,371,978,0,0,0,92,372,843,2,下位,0,0,0
67,67,0,48,144,1,0,0,0,0,1,0,下位,0,0,0
1014,1014,0,508,1301,0,0,0,67,144,46,1,下位,0,0,0
134,134,0,285,723,0,0,0,1014,1301,-157,6,下位,0,0,0
76,76,0,246,605,0,0,0,134,723,367,4,下位,0,0,0
145,145,0,92,275,0,0,0,76,605,859,4,下位,0,0,0
105,105,0,44,133,0,0,0,145,275,919,1,下位,0,0,0
218,218,0,37,110,0,0,0,105,133,896,1,下位,0,0,0
952,952,0,97,246,0,0,0,218,110,683,1,下位,0,0,0
398,398,0,82,246,0,0,0,952,246,-483,2,下位,0,0,0
1009,1009,0,40,119,0,0,0,398,246,-828,1,下位,0,0,0
138,138,0,219,565,1,0,0,0,0,1,0,下位,0,0,0
152,152,0,129,295,0,0,0,138,565,361,3,下位,0,0,0
132,132,0,92,232,0,0,0,152,295,430,3,下位,0,0,0
450,450,0,39,116,0,0,0,132,232,466,2,下位,0,0,0
464,464,0,37,110,0,0,0,450,116,-86,1,下位,0,0,0
720,720,0,163,445,0,0,0,464,110,-664,1,下位,0,0,0
657,657,0,377,903,0,0,0,720,445,-1287,2,下位,0,0,0
155,155,0,196,543,0,0,0,657,903,-1359,6,下位,0,0,0
350,350,0,37,111,0,0,0,155,543,-1046,2,下位,0,0,0
611,611,0,147,398,0,0,0,350,111,-1454,1,下位,0,0,0
482,482,0,33,100,1,0,0,0,0,1,0,下位,0,0,0
605,605,0,39,116,0,0,0,482,100,-614,1,下位,0,0,0
146,146,0,47,140,0,0,0,605,116,-1396,1,下位,0,0,0
564,564,0,109,282,0,0,0,146,140,-1473,1,下位,0,0,0
145,145,0,36,108,0,0,0,564,282,-2028,2,下位,0,0,0
987,987,0,409,1090,0,0,0,145,108,-2135,1,下位,0,0,0
726,726,0,195,541,0,0,0,987,1090,-2509,4,下位,0,0,0
143,143,0,454,1271,0,0,0,726,541,-3045,2,下位,0,0,0
155,155,0,193,490,0,0,0,143,1271,-1986,3,下位,0,0,0
162,162,0,86,213,1,0,0,0,0,1,0,下位,0,0,0
932,932,0,346,813,0,0,0,162,213,-26,2,下位,0,0,0
113,113,0,39,116,0,0,0,932,813,-596,6,下位,0,0,0
158,158,0,34,103,0,0,0,113,116,-648,1,下位,0,0,0
173,173,0,75,181,0,0,0,158,103,-779,1,下位,0,0,0
376,376,0,127,335,0,0,0,173,181,-855,2,下位,0,0,0
118,118,0,225,541,0,0,0,376,335,-1078,2,下位,0,0,0
191,191,0,122,321,0,0,0,118,541,-712,4,下位,0,0,0
758,758,0,235,660,0,0,0,191,321,-674,2,下位,0,0,0
816,816,0,273,637,0,0,0,758,660,-1139,2,下位,0,0,0
181,181,0,92,231,0,0,0,816,637,-1713,5,下位,0,0,0
77,77,0,70,210,0,0,0,181,231,-1751,2,下位,0,0,0
52,52,0,34,103,0,0,0,77,210,-1655,1,下位,0,0,0
