REGゲーム数,当該REGゲーム数,REG枚数,ATゲーム数,AT枚数,朝イチ,スルー回数,AT間ゲーム数,前回AT当選ゲーム数,前回AT獲得枚数,前回差枚数,前回連荘数,前回種別,機種別条件,前回REG当選ゲーム数,前回REG獲得枚数
587,155,39,90,181,1,0,0,0,0,1,0,下位,0,0,0
432,432,0,90,181,1,1,155,0,0,1,0,下位,0,155,39
20,20,0,292,582,0,0,0,587,181,-726,1,下位,0,0,0
181,181,0,170,339,0,0,0,20,582,-176,3,下位,0,0,0
1015,1015,0,114,229,0,0,0,181,339,-129,1,下位,0,0,0
570,112,92,72,145,0,0,0,1015,229,-1537,2,下位,0,0,0
458,25,41,72,145,0,1,112,1015,229,-1537,2,下位,0,112,51
433,433,0,72,145,0,2,137,1015,229,-1537,2,下位,0,25,41
671,671,0,88,175,0,0,0,570,145,-2219,1,下位,0,0,0
141,141,0,242,483,0,0,0,671,175,-3126,3,下位,0,0,0
195,195,0,86,172,0,0,0,141,483,-2870,4,下位,0,0,0
109,109,0,70,139,0,0,0,195,172,-3013,1,下位,0,0,0
56,56,0,62,123,0,0,0,109,139,-3050,1,下位,0,0,0
227,227,0,824,1648,0,0,0,56,123,-3017,2,下位,0,0,0
537,102,19,44,89,0,0,0,227,1648,-1735,12,下位,0,0,0
435,435,0,44,89,0,1,102,227,1648,-1735,12,下位,0,102,19
44,44,0,786,1573,1,0,0,0,0,1,0,下位,0,0,0
401,401,0,52,105,0,0,0,44,1573,1503,8,下位,0,0,0
468,126,49,212,424,0,0,0,401,105,961,1,下位,0,0,0
342,342,0,212,424,0,1,126,401,105,961,1,下位,0,126,49
897,461,41,244,488,0,0,0,468,424,679,3,下位,0,0,0
436,436,0,244,488,0,1,461,468,424,679,3,下位,0,461,41
56,56,0,248,496,0,0,0,897,488,-239,4,下位,0,0,0
286,94,87,72,143,0,0,0,56,496,167,5,下位,0,0,0
192,58,30,72,143,0,1,94,56,496,167,5,下位,0,94,57
134,134,0,72,143,0,2,152,56,496,167,5,下位,0,58,30
197,197,0,156,313,0,0,0,286,143,-65,1,下位,0,0,0
230,230,0,212,425,0,0,0,197,313,-70,2,下位,0,0,0
82,82,0,668,1335,0,0,0,230,425,-16,4,下位,0,0,0
27,27,0,54,107,0,0,0,82,1335,1187,12,下位,0,0,0
582,146,41,276,551,1,0,0,0,0,1,0,下位,0,0,0
436,436,0,276,551,1,1,146,0,0,1,0,下位,0,146,41
501,71,37,88,175,0,0,0,582,551,-345,5,下位,0,0,0
430,430,0,88,175,0,1,71,582,551,-345,5,下位,0,71,37
154,154,0,880,1759,0,0,0,501,175,-942,1,下位,0,0,0
152,152,0,42,85,0,0,0,154,1759,569,12,下位,0,0,0
883,883,0,140,279,0,0,0,152,85,409,1,下位,0,0,0
147,147,0,996,1991,0,0,0,883,279,-736,3,下位,0,0,0
395,395,0,92,185,0,0,0,147,1991,1018,11,下位,0,0,0
922,57,106,120,241,0,0,0,395,185,566,1,下位,0,0,0
865,436,55,120,241,0,1,57,395,185,566,1,下位,0,57,51
429,429,0,120,241,0,2,493,395,185,566,1,下位,0,436,55
172,172,0,54,107,0,0,0,922,241,-574,1,下位,0,0,0
1014,1014,0,30,59,0,0,0,172,107,-744,2,下位,0,0,0
236,236,0,28,55,0,0,0,1014,59,-2320,1,下位,0,0,0
579,579,0,244,488,0,0,0,236,55,-2646,1,下位,0,0,0
103,103,0,150,301,0,0,0,579,488,-3092,3,下位,0,0,0
221,221,0,78,157,1,0,0,0,0,1,0,下位,0,0,0
129,129,0,664,1329,0,0,0,221,157,-198,1,下位,0,0,0
366,366,0,310,618,0,0,0,129,1329,923,11,下位,0,0,0
544,486,47,184,367,0,0,0,366,618,951,5,下位,0,0,0
58,58,0,184,367,0,1,486,366,618,951,5,下位,0,486,47
234,164,44,82,165,0,0,0,544,367,487,3,下位,0,0,0
70,70,0,82,165,0,1,164,544,367,487,3,下位,0,164,44
40,40,0,40,79,0,0,0,234,165,318,1,下位,0,0,0
156,156,0,252,504,0,0,0,40,79,332,1,下位,0,0,0
947,803,45,38,75,0,0,0,156,504,584,3,下位,0,0,0
144,144,0,38,75,0,1,803,156,504,584,3,下位,0,803,45
434,434,0,68,135,0,0,0,947,75,-823,1,下位,0,0,0
107,107,0,118,235,0,0,0,434,135,-1388,2,下位,0,0,0
1189,763,57,96,191,0,0,0,107,235,-1326,2,下位,0,0,0
426,426,0,96,191,0,1,763,107,235,-1326,2,下位,0,763,57
433,433,0,182,365,1,0,0,0,0,1,0,下位,0,0,0
137,137,0,68,135,0,0,0,433,365,-332,2,下位,0,0,0
777,777,0,352,703,0,0,0,137,135,-418,1,下位,0,0,0
459,296,41,350,698,0,0,0,777,703,-968,3,下位,0,0,0
163,163,0,350,698,0,1,296,777,703,-968,3,下位,0,296,41
51,51,0,414,828,0,0,0,459,698,-969,5,下位,0,0,0
635,635,0,266,529,0,0,0,51,828,-223,5,下位,0,0,0
215,215,0,106,211,0,0,0,635,529,-718,2,下位,0,0,0
694,694,0,78,156,0,0,0,215,211,-854,2,下位,0,0,0
1002,340,78,186,373,0,0,0,694,156,-1817,1,下位,0,0,0
662,350,43,186,373,0,1,340,694,156,-1817,1,下位,0,340,35
312,312,0,186,373,0,2,690,694,156,-1817,1,下位,0,350,43
56,56,0,76,151,0,0,0,1002,373,-2982,2,下位,0,0,0
293,145,47,140,281,0,0,0,56,151,-2921,1,下位,0,0,0
148,148,0,140,281,0,1,145,56,151,-2921,1,下位,0,145,47
88,88,0,1320,2641,0,0,0,293,281,-3066,2,下位,0,0,0
362,362,0,170,341,1,0,0,0,0,1,0,下位,0,0,0
142,142,0,1280,2558,0,0,0,362,341,-242,3,下位,0,0,0
1007,1007,0,598,1195,0,0,0,142,2558,2087,12,下位,0,0,0
204,35,51,146,291,0,0,0,1007,1195,1658,6,下位,0,0,0
169,169,0,146,291,0,1,35,1007,1195,1658,6,下位,0,35,51
885,885,0,1120,2181,0,0,0,204,291,1671,2,下位,0,0,0
176,176,0,88,175,0,0,0,885,2181,2425,14,下位,0,0,0
89,89,0,570,1142,0,0,0,176,175,2316,1,下位,0,0,0
714,577,31,128,257,0,0,0,89,1142,3314,5,下位,0,0,0
137,137,0,128,257,0,1,577,89,1142,3314,5,下位,0,577,31
175,175,0,140,279,0,0,0,714,257,2450,4,下位,0,0,0
809,432,57,120,239,1,0,0,0,0,1,0,下位,0,0,0
377,377,0,120,239,1,1,432,0,0,1,0,下位,0,432,57
236,236,0,529,1058,0,0,0,809,239,-1008,1,下位,0,0,0
411,411,0,130,258,0,0,0,236,1058,-331,7,下位,0,0,0
139,139,0,150,300,0,0,0,411,258,-736,1,下位,0,0,0
73,73,0,994,1990,0,0,0,139,300,-660,3,下位,0,0,0
640,37,62,174,347,0,0,0,73,1990,1212,13,下位,0,0,0
603,176,25,174,347,0,1,37,73,1990,1212,13,下位,0,37,37
427,427,0,174,347,0,2,213,73,1990,1212,13,下位,0,176,25
31,31,0,650,1302,0,0,0,640,347,588,2,下位,0,0,0
611,611,0,306,612,0,0,0,31,1302,1840,9,下位,0,0,0
109,109,0,428,855,0,0,0,611,612,1467,6,下位,0,0,0
378,378,0,108,214,1,0,0,0,0,1,0,下位,0,0,0
749,478,37,122,245,0,0,0,378,214,-395,1,下位,0,0,0
271,271,0,122,245,0,1,478,378,214,-395,1,下位,0,478,37
55,55,0,140,279,0,0,0,749,245,-1321,2,下位,0,0,0
923,923,0,94,187,0,0,0,55,279,-1131,1,下位,0,0,0
286,286,0,46,93,0,0,0,923,187,-2433,2,下位,0,0,0
1272,345,135,638,1276,0,0,0,286,93,-2801,1,下位,0,0,0
927,435,88,638,1276,0,1,345,286,93,-2801,1,下位,0,345,47
492,163,51,638,1276,0,2,780,286,93,-2801,1,下位,0,435,37
329,329,0,638,1276,0,3,943,286,93,-2801,1,下位,0,163,51
181,181,0,90,180,0,0,0,1272,1276,-3442,13,下位,0,0,0
1040,433,104,72,143,1,0,0,0,0,1,0,下位,0,0,0
607,435,53,72,143,1,1,433,0,0,1,0,下位,0,433,51
172,172,0,72,143,1,2,868,0,0,1,0,下位,0,435,53
321,321,0,88,177,0,0,0,1040,143,-1429,1,下位,0,0,0
911,911,0,674,1348,0,0,0,321,177,-1770,1,下位,0,0,0
966,828,31,216,433,0,0,0,911,1348,-1891,12,下位,0,0,0
138,138,0,216,433,0,1,828,911,1348,-1891,12,下位,0,828,31
250,250,0,96,193,0,0,0,966,433,-2985,3,下位,0,0,0
151,151,0,88,177,0,0,0,250,193,-3195,2,下位,0,0,0
240,240,0,1638,3215,0,0,0,151,177,-3262,1,下位,0,0,0
248,248,0,151,302,1,0,0,0,0,1,0,下位,0,0,0
706,112,82,80,159,0,0,0,248,302,-97,1,下位,0,0,0
594,162,37,80,159,0,1,112,248,302,-97,1,下位,0,112,45
432,432,0,80,159,0,2,274,248,302,-97,1,下位,0,162,37
75,75,0,182,363,1,0,0,0,0,1,0,下位,0,0,0
336,135,49,116,231,0,0,0,75,363,243,1,下位,0,0,0
201,201,0,116,231,0,1,135,75,363,243,1,下位,0,135,49
776,114,119,177,354,0,0,0,336,231,-19,2,下位,0,0,0
662,51,88,177,354,0,1,114,336,231,-19,2,下位,0,114,31
611,252,39,177,354,0,2,165,336,231,-19,2,下位,0,51,49
359,359,0,177,354,0,3,417,336,231,-19,2,下位,0,252,39
130,130,0,72,145,0,0,0,776,354,-797,1,下位,0,0,0
510,134,72,1377,2753,0,0,0,130,145,-862,1,下位,0,0,0
376,151,31,1377,2753,0,1,134,130,145,-862,1,下位,0,134,41
225,225,0,1377,2753,0,2,285,130,145,-862,1,下位,0,151,31
567,567,0,84,169,0,0,0,510,2753,1140,12,下位,0,0,0
445,445,0,132,263,0,0,0,567,169,394,1,下位,0,0,0
184,184,0,234,470,0,0,0,445,263,-61,2,下位,0,0,0
585,152,44,246,493,0,0,0,184,470,112,4,下位,0,0,0
433,433,0,246,493,0,1,152,184,470,112,4,下位,0,152,44
79,79,0,74,149,1,0,0,0,0,1,0,下位,0,0,0
296,296,0,76,153,0,0,0,79,149,23,1,下位,0,0,0
136,136,0,196,393,0,0,0,296,153,-301,1,下位,0,0,0
57,57,0,300,599,0,0,0,136,393,-127,3,下位,0,0,0
743,156,100,602,1206,0,0,0,57,599,380,6,下位,0,0,0
587,433,49,602,1206,0,1,156,57,599,380,6,下位,0,156,51
154,154,0,602,1206,0,2,589,57,599,380,6,下位,0,433,49
665,608,35,218,435,0,0,0,743,1206,488,8,下位,0,0,0
57,57,0,218,435,0,1,608,743,1206,488,8,下位,0,608,35
545,545,0,630,1260,0,0,0,665,435,-115,5,下位,0,0,0
164,164,0,314,628,0,0,0,545,1260,266,9,下位,0,0,0
413,413,0,274,548,0,0,0,164,628,629,3,下位,0,0,0
598,432,37,316,632,1,0,0,0,0,1,0,下位,0,0,0
166,166,0,316,632,1,1,432,0,0,1,0,下位,0,432,37
1115,70,154,486,970,0,0,0,598,632,-295,4,下位,0,0,0
1045,434,113,486,970,0,1,70,598,632,-295,4,下位,0,70,41
611,26,74,486,970,0,2,504,598,632,-295,4,下位,0,434,39
585,433,33,486,970,0,3,530,598,632,-295,4,下位,0,26,41
152,152,0,486,970,0,4,963,598,632,-295,4,下位,0,433,33
218,218,0,42,83,0,0,0,1115,970,-969,5,下位,0,0,0
113,113,0,2606,5153,0,0,0,218,83,-1238,1,下位,0,0,0
1018,1018,0,484,968,0,0,0,113,5153,3733,27,下位,0,0,0
104,104,0,300,600,1,0,0,0,0,1,0,下位,0,0,0
582,582,0,50,101,0,0,0,104,600,433,3,下位,0,0,0
70,70,0,318,634,1,0,0,0,0,1,0,下位,0,0,0
107,107,0,96,193,0,0,0,70,634,522,4,下位,0,0,0
415,307,44,198,397,0,0,0,107,193,542,1,下位,0,0,0
108,108,0,198,397,0,1,307,107,193,542,1,下位,0,307,44
55,55,0,1616,3169,0,0,0,415,397,314,3,下位,0,0,0
895,461,35,342,686,0,0,0,55,3169,3394,21,下位,0,0,0
434,434,0,342,686,0,1,461,55,3169,3394,21,下位,0,461,35
1203,921,25,58,117,0,0,0,895,686,2671,4,下位,0,0,0
282,138,8,58,117,0,1,921,895,686,2671,4,下位,0,921,17
144,144,0,58,117,0,2,1059,895,686,2671,4,下位,0,138,8
91,91,0,2866,5629,0,0,0,1203,117,873,1,下位,0,0,0
35,35,0,602,1203,0,0,0,91,5629,6355,26,下位,0,0,0
522,71,76,42,83,1,0,0,0,0,1,0,下位,0,0,0
451,138,21,42,83,1,1,71,0,0,1,0,下位,0,71,55
313,313,0,42,83,1,2,209,0,0,1,0,下位,0,138,21
805,805,0,72,145,0,0,0,522,83,-683,1,下位,0,0,0
467,139,255,1208,2417,0,0,0,805,145,-1836,1,下位,0,0,0
328,328,0,1208,2417,0,1,139,805,145,-1836,1,下位,0,139,255
140,140,0,74,149,0,0,0,467,2417,83,18,下位,0,0,0
495,62,45,32,63,0,0,0,140,149,6,1,下位,0,0,0
433,433,0,32,63,0,1,62,140,149,6,1,下位,0,62,45
73,73,0,83,165,0,0,0,495,63,-684,1,下位,0,0,0
823,533,72,144,289,0,0,0,73,165,-637,1,下位,0,0,0
290,125,25,144,289,0,1,533,73,165,-637,1,下位,0,533,47
165,165,0,144,289,0,2,658,73,165,-637,1,下位,0,125,25
50,50,0,184,369,0,0,0,823,289,-1604,2,下位,0,0,0
216,216,0,90,179,0,0,0,50,369,-1316,3,下位,0,0,0
686,255,78,54,107,0,0,0,216,179,-1485,2,下位,0,0,0
431,158,43,54,107,0,1,255,216,179,-1485,2,下位,0,255,35
273,273,0,54,107,0,2,413,216,179,-1485,2,下位,0,158,43
392,89,23,144,287,0,0,0,686,107,-2406,1,下位,0,0,0
303,303,0,144,287,0,1,89,686,107,-2406,1,下位,0,89,23
23,23,0,296,592,0,0,0,392,287,-2729,2,下位,0,0,0
221,125,101,176,351,0,0,0,23,592,-2174,6,下位,0,0,0
96,35,53,176,351,0,1,125,23,592,-2174,6,下位,0,125,48
61,61,0,176,351,0,2,160,23,592,-2174,6,下位,0,35,53
611,177,65,206,413,1,0,0,0,0,1,0,下位,0,0,0
434,434,0,206,413,1,1,177,0,0,1,0,下位,0,177,65
136,136,0,380,758,0,0,0,611,413,-506,4,下位,0,0,0
434,434,0,144,287,0,0,0,136,758,33,5,下位,0,0,0
206,206,0,500,1001,0,0,0,434,287,-380,1,下位,0,0,0
137,137,0,78,155,0,0,0,206,1001,289,6,下位,0,0,0
808,808,0,106,212,0,0,0,137,155,223,1,下位,0,0,0
81,81,0,384,769,1,0,0,0,0,1,0,下位,0,0,0
931,330,100,114,227,0,0,0,81,769,639,8,下位,0,0,0
601,434,51,114,227,0,1,330,81,769,639,8,下位,0,330,49
167,167,0,114,227,0,2,764,81,769,639,8,下位,0,434,51
201,140,15,304,607,0,0,0,931,227,-535,1,下位,0,0,0
61,61,0,304,607,0,1,140,931,227,-535,1,下位,0,140,15
604,604,0,460,921,0,0,0,201,607,-237,5,下位,0,0,0
129,129,0,118,237,0,0,0,604,921,-290,7,下位,0,0,0
135,135,0,342,683,0,0,0,129,237,-261,2,下位,0,0,0
94,94,0,92,185,0,0,0,135,683,204,1,下位,0,0,0
433,433,0,1172,2344,0,0,0,94,185,237,1,下位,0,0,0
914,49,84,310,621,0,0,0,433,2344,1883,12,下位,0,0,0
865,433,39,310,621,0,1,49,433,2344,1883,12,下位,0,49,45
432,432,0,310,621,0,2,482,433,2344,1883,12,下位,0,433,39
134,134,0,134,267,0,0,0,914,621,1114,4,下位,0,0,0
133,133,0,44,87,0,0,0,134,267,1165,3,下位,0,0,0
129,129,0,150,301,1,0,0,0,0,1,0,下位,0,0,0
856,424,51,260,521,0,0,0,129,301,94,2,下位,0,0,0
432,432,0,260,521,0,1,424,129,301,94,2,下位,0,424,51
580,580,0,46,92,0,0,0,856,521,-715,8,下位,0,0,0
154,154,0,114,227,0,0,0,580,92,-1558,1,下位,0,0,0
340,199,33,1180,2357,0,0,0,154,227,-1579,2,下位,0,0,0
141,141,0,1180,2357,0,1,199,154,227,-1579,2,下位,0,199,33
553,553,0,38,77,0,0,0,340,2357,263,14,下位,0,0,0
1306,154,105,498,995,0,0,0,553,77,-552,1,下位,0,0,0
1152,430,70,498,995,0,1,154,553,77,-552,1,下位,0,154,35
722,276,37,498,995,0,2,584,553,77,-552,1,下位,0,430,33
446,446,0,498,995,0,3,860,553,77,-552,1,下位,0,276,37
367,367,0,74,147,0,0,0,1306,995,-1558,6,下位,0,0,0
406,352,28,538,1076,0,0,0,367,147,-2003,2,下位,0,0,0
54,54,0,538,1076,0,1,352,367,147,-2003,2,下位,0,352,28
430,430,0,168,337,1,0,0,0,0,1,0,下位,0,0,0
448,432,23,32,66,0,0,0,430,337,-356,3,下位,0,0,0
16,16,0,32,66,0,1,432,430,337,-356,3,下位,0,432,23
200,200,0,128,256,0,0,0,448,66,-990,1,下位,0,0,0
164,164,0,558,1115,0,0,0,200,256,-1057,3,下位,0,0,0
381,381,0,58,115,0,0,0,164,1115,-207,9,下位,0,0,0
354,160,64,1362,2724,0,0,0,381,115,-707,2,下位,0,0,0
194,93,35,1362,2724,0,1,160,381,115,-707,2,下位,0,160,29
101,101,0,1362,2724,0,2,253,381,115,-707,2,下位,0,93,35
999,836,16,516,1031,0,0,0,354,2724,1510,15,下位,0,0,0
163,163,0,516,1031,0,1,836,354,2724,1510,15,下位,0,836,16
565,429,35,44,89,0,0,0,999,1031,946,4,下位,0,0,0
136,136,0,44,89,0,1,429,999,1031,946,4,下位,0,429,35
534,534,0,166,333,0,0,0,565,89,159,1,下位,0,0,0
553,553,0,140,280,0,0,0,534,333,-369,3,下位,0,0,0
458,48,78,386,771,0,0,0,553,280,-981,3,下位,0,0,0
410,288,35,386,771,0,1,48,553,280,-981,3,下位,0,48,43
122,122,0,386,771,0,2,336,553,280,-981,3,下位,0,288,35
499,300,37,254,508,1,0,0,0,0,1,0,下位,0,0,0
199,199,0,254,508,1,1,300,0,0,1,0,下位,0,300,37
166,166,0,34,67,0,0,0,499,508,-259,3,下位,0,0,0
282,282,0,342,686,0,0,0,166,67,-460,1,下位,0,0,0
115,115,0,218,435,0,0,0,282,686,-229,6,下位,0,0,0
747,39,86,154,308,0,0,0,115,435,21,3,下位,0,0,0
708,436,45,154,308,0,1,39,115,435,21,3,下位,0,39,41
272,272,0,154,308,0,2,475,115,435,21,3,下位,0,436,45
72,72,0,436,872,0,0,0,747,308,-790,3,下位,0,0,0
1880,1014,80,144,289,0,0,0,72,872,-34,6,下位,0,0,0
866,432,33,144,289,0,1,1014,72,872,-34,6,下位,0,1014,47
434,434,0,144,289,0,2,1446,72,872,-34,6,下位,0,432,33
12,12,0,422,843,0,0,0,1880,289,-2697,2,下位,0,0,0
178,178,0,96,191,1,0,0,0,0,1,0,下位,0,0,0
747,747,0,142,283,0,0,0,178,191,-95,2,下位,0,0,0
1053,547,112,426,852,0,0,0,747,283,-1017,2,下位,0,0,0
506,137,75,426,852,0,1,547,747,283,-1017,2,下位,0,547,37
369,276,35,426,852,0,2,684,747,283,-1017,2,下位,0,137,40
93,93,0,426,852,0,3,960,747,283,-1017,2,下位,0,276,35
60,60,0,60,121,0,0,0,1053,852,-1751,7,下位,0,0,0
713,48,162,78,157,0,0,0,60,121,-1727,1,下位,0,0,0
665,29,117,78,157,0,1,48,60,121,-1727,1,下位,0,48,45
636,95,74,78,157,0,2,77,60,121,-1727,1,下位,0,29,43
541,298,21,78,157,0,3,172,60,121,-1727,1,下位,0,95,53
243,243,0,78,157,0,4,470,60,121,-1727,1,下位,0,298,21
168,168,0,898,1795,0,0,0,713,157,-2558,2,下位,0,0,0
282,147,37,232,465,0,0,0,168,1795,-1034,14,下位,0,0,0
135,135,0,232,465,0,1,147,168,1795,-1034,14,下位,0,147,37
65,65,0,694,1389,0,0,0,282,465,-987,1,下位,0,0,0
868,433,33,30,61,1,0,0,0,0,1,0,下位,0,0,0
435,435,0,30,61,1,1,433,0,0,1,0,下位,0,433,33
531,379,43,776,1552,0,0,0,868,61,-1305,1,下位,0,0,0
152,152,0,776,1552,0,1,379,868,61,-1305,1,下位,0,379,43
506,201,55,80,159,0,0,0,531,1552,-566,8,下位,0,0,0
305,305,0,80,159,0,1,201,531,1552,-566,8,下位,0,201,55
163,163,0,76,153,0,0,0,506,159,-1168,1,下位,0,0,0
316,316,0,378,757,0,0,0,163,153,-1278,1,下位,0,0,0
390,390,0,598,1194,0,0,0,316,757,-1031,5,下位,0,0,0
56,56,0,30,59,0,0,0,390,1194,-466,8,下位,0,0,0
775,598,45,488,979,0,0,0,56,59,-497,1,下位,0,0,0
177,177,0,488,979,0,1,598,56,59,-497,1,下位,0,598,45
112,112,0,206,411,0,0,0,775,979,-723,8,下位,0,0,0
351,351,0,62,125,0,0,0,112,411,-493,3,下位,0,0,0
311,311,0,576,1151,0,0,0,351,125,-934,1,下位,0,0,0
1013,464,152,90,180,0,0,0,311,1151,-285,9,下位,0,0,0
549,149,111,90,180,0,1,464,311,1151,-285,9,下位,0,464,41
400,241,68,90,180,0,2,613,311,1151,-285,9,下位,0,149,43
159,159,0,90,180,0,3,854,311,1151,-285,9,下位,0,241,68
104,104,0,492,985,1,0,0,0,0,1,0,下位,0,0,0
114,41,52,80,160,0,0,0,104,985,818,8,下位,0,0,0
73,73,0,80,160,0,1,41,104,985,818,8,下位,0,41,52
134,134,0,346,692,0,0,0,114,160,846,1,下位,0,0,0
302,302,0,302,603,0,0,0,134,692,1322,6,下位,0,0,0
1290,1012,102,918,1834,0,0,0,302,603,1438,4,下位,0,0,0
278,31,57,918,1834,0,1,1012,302,603,1438,4,下位,0,1012,45
247,247,0,918,1834,0,2,1043,302,603,1438,4,下位,0,31,57
952,952,0,142,285,0,0,0,1290,1834,1294,15,下位,0,0,0
301,301,0,526,1055,0,0,0,952,285,44,2,下位,0,0,0
113,113,0,214,429,0,0,0,301,1055,614,7,下位,0,0,0
41,41,0,146,293,0,0,0,113,429,861,5,下位,0,0,0
534,104,45,520,1041,1,0,0,0,0,1,0,下位,0,0,0
430,430,0,520,1041,1,1,104,0,0,1,0,下位,0,104,45
329,169,33,623,1245,0,0,0,534,1041,225,5,下位,0,0,0
160,160,0,623,1245,0,1,169,534,1041,225,5,下位,0,169,33
663,93,149,170,340,0,0,0,329,1245,972,6,下位,0,0,0
570,37,92,170,340,0,1,93,329,1245,972,6,下位,0,93,57
533,433,49,170,340,0,2,130,329,1245,972,6,下位,0,37,43
100,100,0,170,340,0,3,563,329,1245,972,6,下位,0,433,49
438,119,71,68,138,0,0,0,663,340,392,2,下位,0,0,0
319,167,32,68,138,0,1,119,663,340,392,2,下位,0,119,39
152,152,0,68,138,0,2,286,663,340,392,2,下位,0,167,32
165,165,0,86,171,0,0,0,438,138,-105,1,下位,0,0,0
168,116,51,544,1087,0,0,0,165,171,-200,2,下位,0,0,0
52,52,0,544,1087,0,1,116,165,171,-200,2,下位,0,116,51
644,644,0,72,145,0,0,0,168,1087,667,3,下位,0,0,0
340,340,0,182,365,0,0,0,644,145,-227,1,下位,0,0,0
590,356,64,384,769,0,0,0,340,365,-410,4,下位,0,0,0
234,81,29,384,769,0,1,356,340,365,-410,4,下位,0,356,35
153,153,0,384,769,0,2,437,340,365,-410,4,下位,0,81,29
71,71,0,336,671,0,0,0,590,769,-529,4,下位,0,0,0
328,166,51,122,244,0,0,0,71,671,27,5,下位,0,0,0
162,162,0,122,244,0,1,166,71,671,27,5,下位,0,166,51
216,54,47,182,364,1,0,0,0,0,1,0,下位,0,0,0
162,162,0,182,364,1,1,54,0,0,1,0,下位,0,54,47
131,131,0,1548,3036,0,0,0,216,364,64,6,下位,0,0,0
135,135,0,1346,2633,0,0,0,131,3036,2889,20,下位,0,0,0
677,427,120,220,438,0,0,0,135,2633,5304,15,下位,0,0,0
250,51,71,220,438,0,1,427,135,2633,5304,15,下位,0,427,49
199,199,0,220,438,0,2,478,135,2633,5304,15,下位,0,51,71
163,163,0,546,1093,0,0,0,677,438,4770,3,下位,0,0,0
54,54,0,170,341,0,0,0,163,1093,5600,7,下位,0,0,0
70,28,170,358,717,0,0,0,54,341,5854,2,下位,0,0,0
42,42,0,358,717,0,1,28,54,341,5854,2,下位,0,28,170
337,185,55,78,157,0,0,0,70,717,6628,7,下位,0,0,0
152,152,0,78,157,0,1,185,70,717,6628,7,下位,0,185,55
308,308,0,38,75,0,0,0,337,157,6297,1,下位,0,0,0
59,59,0,566,1132,0,0,0,308,75,5875,1,下位,0,0,0
1112,373,60,86,171,0,0,0,59,1132,6912,8,下位,0,0,0
739,307,29,86,171,0,1,373,59,1132,6912,8,下位,0,373,31
432,432,0,86,171,0,2,680,59,1132,6912,8,下位,0,307,29
186,186,0,542,1081,1,0,0,0,0,1,0,下位,0,0,0
42,42,0,84,167,0,0,0,186,1081,782,6,下位,0,0,0
46,46,0,62,123,0,0,0,42,167,881,1,下位,0,0,0
472,153,39,58,115,0,0,0,46,123,930,2,下位,0,0,0
319,319,0,58,115,0,1,153,46,123,930,2,下位,0,153,39
281,54,86,296,592,0,0,0,472,115,322,1,下位,0,0,0
227,35,35,296,592,0,1,54,472,115,322,1,下位,0,54,51
192,192,0,296,592,0,2,89,472,115,322,1,下位,0,35,35
497,497,0,172,345,0,0,0,281,592,547,3,下位,0,0,0
372,372,0,68,135,0,0,0,497,345,90,3,下位,0,0,0
986,273,63,244,489,0,0,0,372,135,-375,1,下位,0,0,0
713,279,26,244,489,0,1,273,372,135,-375,1,下位,0,273,37
434,434,0,244,489,0,2,552,372,135,-375,1,下位,0,279,26
757,757,0,30,59,0,0,0,986,489,-1413,3,下位,0,0,0
62,62,0,278,557,0,0,0,757,59,-2575,1,下位,0,0,0
87,87,0,292,584,0,0,0,62,557,-2118,3,下位,0,0,0
311,311,0,277,554,0,0,0,87,584,-1674,4,下位,0,0,0
273,273,0,110,219,1,0,0,0,0,1,0,下位,0,0,0
121,121,0,86,173,0,0,0,273,219,-220,2,下位,0,0,0
429,429,0,138,274,0,0,0,121,173,-242,1,下位,0,0,0
346,346,0,78,157,0,0,0,429,274,-660,2,下位,0,0,0
42,42,0,528,1057,0,0,0,346,157,-1061,1,下位,0,0,0
364,364,0,138,277,0,0,0,42,1057,-72,7,下位,0,0,0
584,584,0,50,99,0,0,0,364,277,-382,2,下位,0,0,0
585,393,53,68,137,0,0,0,584,99,-1225,1,下位,0,0,0
192,192,0,68,137,0,1,393,584,99,-1225,1,下位,0,393,53
1220,783,29,328,654,0,0,0,585,137,-1979,1,下位,0,0,0
437,437,0,328,654,0,1,783,585,137,-1979,1,下位,0,783,29
154,154,0,82,163,1,0,0,0,0,1,0,下位,0,0,0
128,128,0,182,365,0,0,0,154,163,-84,1,下位,0,0,0
429,429,0,228,457,0,0,0,128,365,75,3,下位,0,0,0
211,211,0,692,1385,0,0,0,429,457,-160,4,下位,0,0,0
95,95,0,218,435,0,0,0,211,1385,885,8,下位,0,0,0
156,156,0,584,1166,0,0,0,95,435,1167,2,下位,0,0,0
709,280,53,114,227,0,0,0,156,1166,2081,6,下位,0,0,0
429,429,0,114,227,0,1,280,156,1166,2081,6,下位,0,280,53
63,63,0,350,699,0,0,0,709,227,1217,3,下位,0,0,0
1016,1016,0,870,1739,0,0,0,63,699,1814,5,下位,0,0,0
789,361,57,274,548,0,0,0,1016,1739,1914,12,下位,0,0,0
428,428,0,274,548,0,1,361,1016,1739,1914,12,下位,0,361,57
188,188,0,42,85,0,0,0,789,548,1247,4,下位,0,0,0
188,188,0,224,448,1,0,0,0,0,1,0,下位,0,0,0
810,810,0,34,70,0,0,0,188,448,146,2,下位,0,0,0
134,134,0,68,135,0,0,0,810,70,-1090,1,下位,0,0,0
572,572,0,156,313,0,0,0,134,135,-1171,3,下位,0,0,0
160,160,0,78,155,0,0,0,572,313,-1781,2,下位,0,0,0
606,557,36,158,317,0,0,0,160,155,-1884,1,下位,0,0,0
49,49,0,158,317,0,1,557,160,155,-1884,1,下位,0,557,36
358,228,37,34,67,0,0,0,606,317,-2508,1,下位,0,0,0
130,130,0,34,67,0,1,228,606,317,-2508,1,下位,0,228,37
373,373,0,108,218,0,0,0,358,67,-2982,1,下位,0,0,0
141,141,0,98,195,0,0,0,373,218,-3366,2,下位,0,0,0
432,432,0,660,1319,0,0,0,141,195,-3398,2,下位,0,0,0
77,77,0,140,282,0,0,0,432,1319,-2776,10,下位,0,0,0
46,46,0,111,222,1,0,0,0,0,1,0,下位,0,0,0
687,286,64,1384,2768,0,0,0,46,222,149,1,下位,0,0,0
401,323,39,1384,2768,0,1,286,46,222,149,1,下位,0,286,25
78,78,0,1384,2768,0,2,609,46,222,149,1,下位,0,323,39
41,41,0,106,211,0,0,0,687,2768,1873,1,下位,0,0,0
534,534,0,652,1242,0,0,0,41,211,2018,1,下位,0,0,0
421,421,0,163,326,0,0,0,534,1242,2399,2,下位,0,0,0
754,754,0,90,179,0,0,0,421,326,2046,1,下位,0,0,0
171,171,0,70,141,1,0,0,0,0,1,0,下位,0,0,0
610,610,0,164,329,0,0,0,171,141,-134,1,下位,0,0,0
31,31,0,650,1300,0,0,0,610,329,-789,1,下位,0,0,0
143,143,0,99,198,0,0,0,31,1300,461,1,下位,0,0,0
713,429,35,274,549,1,0,0,0,0,1,0,下位,0,0,0
284,284,0,274,549,1,1,429,0,0,1,0,下位,0,429,35
259,148,31,40,79,0,0,0,713,549,-565,1,下位,0,0,0
111,111,0,40,79,0,1,148,713,549,-565,1,下位,0,148,31
1312,438,108,52,103,1,0,0,0,0,1,0,下位,0,0,0
874,433,63,52,103,1,1,438,0,0,1,0,下位,0,438,45
441,441,0,52,103,1,2,871,0,0,1,0,下位,0,433,63
215,60,37,108,217,1,0,0,0,0,1,0,下位,0,0,0
155,155,0,108,217,1,1,60,0,0,1,0,下位,0,60,37
734,302,43,690,1381,0,0,0,215,217,-92,1,下位,0,0,0
432,432,0,690,1381,0,1,302,215,217,-92,1,下位,0,302,43
99,99,0,1008,2016,0,0,0,734,1381,148,1,下位,0,0,0
46,46,0,498,935,0,0,0,99,2016,2004,1,下位,0,0,0
402,402,0,176,352,1,0,0,0,0,1,0,下位,0,0,0
582,582,0,62,123,0,0,0,402,352,-295,1,下位,0,0,0
433,433,0,254,508,1,0,0,0,0,1,0,下位,0,0,0
593,159,8,333,666,0,0,0,433,508,-189,1,下位,0,0,0
434,434,0,333,666,0,1,159,433,508,-189,1,下位,0,159,8
485,485,0,205,410,0,0,0,593,666,-471,1,下位,0,0,0
40,40,0,471,942,0,0,0,485,410,-843,1,下位,0,0,0
589,156,29,44,89,0,0,0,40,942,34,1,下位,0,0,0
433,433,0,44,89,0,1,156,40,942,34,1,下位,0,156,29
493,398,41,162,323,0,0,0,589,89,-798,1,下位,0,0,0
95,95,0,162,323,0,1,398,589,89,-798,1,下位,0,398,41
984,262,100,68,135,1,0,0,0,0,1,0,下位,0,0,0
722,432,57,68,135,1,1,262,0,0,1,0,下位,0,262,43
290,290,0,68,135,1,2,694,0,0,1,0,下位,0,432,57
107,107,0,284,568,0,0,0,984,135,-1352,1,下位,0,0,0
332,225,49,517,1034,0,0,0,107,568,-957,1,下位,0,0,0
107,107,0,517,1034,0,1,225,107,568,-957,1,下位,0,225,49
476,476,0,58,115,0,0,0,332,1034,-410,1,下位,0,0,0
62,62,0,482,965,0,0,0,476,115,-1063,1,下位,0,0,0
668,239,45,776,1553,0,0,0,62,965,-198,1,下位,0,0,0
429,429,0,776,1553,0,1,239,62,965,-198,1,下位,0,239,45
437,437,0,316,633,1,0,0,0,0,1,0,下位,0,0,0
346,346,0,346,694,0,0,0,437,633,-71,6,下位,0,0,0
37,37,0,178,355,0,0,0,346,694,65,3,下位,0,0,0
774,344,39,124,248,0,0,0,37,355,360,2,下位,0,0,0
430,430,0,124,248,0,1,344,37,355,360,2,下位,0,344,39
193,193,0,380,759,0,0,0,774,248,-602,1,下位,0,0,0
141,141,0,78,157,0,0,0,193,759,-154,4,下位,0,0,0
199,199,0,751,1502,0,0,0,141,157,-224,1,下位,0,0,0
671,557,35,576,1152,0,0,0,199,1502,957,8,下位,0,0,0
114,114,0,576,1152,0,1,557,199,1502,957,8,下位,0,557,35
380,380,0,80,161,0,0,0,671,1152,1062,13,下位,0,0,0
532,532,0,262,523,0,0,0,380,161,610,1,下位,0,0,0
169,169,0,444,886,1,0,0,0,0,1,0,下位,0,0,0
525,157,86,44,89,0,0,0,169,886,614,7,下位,0,0,0
368,49,41,44,89,0,1,157,169,886,614,7,下位,0,157,45
319,319,0,44,89,0,2,206,169,886,614,7,下位,0,49,41
182,182,0,830,1660,0,0,0,525,89,-58,1,下位,0,0,0
427,427,0,566,1135,0,0,0,182,1660,1308,9,下位,0,0,0
142,142,0,3510,6839,0,0,0,427,1135,1754,7,下位,0,0,0
218,218,0,332,665,1,0,0,0,0,1,0,下位,0,0,0
153,153,0,74,149,0,0,0,218,665,314,5,下位,0,0,0
81,81,0,136,271,0,0,0,153,149,216,1,下位,0,0,0
815,815,0,146,292,0,0,0,81,271,356,2,下位,0,0,0
1016,1016,0,96,193,0,0,0,815,292,-667,2,下位,0,0,0
137,137,0,68,135,0,0,0,1016,193,-2113,2,下位,0,0,0
187,28,41,254,509,0,0,0,137,135,-2199,2,下位,0,0,0
159,159,0,254,509,0,1,28,137,135,-2199,2,下位,0,28,41
791,791,0,20,41,0,0,0,187,509,-1950,4,下位,0,0,0
27,27,0,2252,4446,0,0,0,791,41,-3185,1,下位,0,0,0
389,389,0,68,137,1,0,0,0,0,1,0,下位,0,0,0
504,433,51,90,181,0,0,0,389,137,-489,2,下位,0,0,0
71,71,0,90,181,0,1,433,389,137,-489,2,下位,0,433,51
1221,890,101,2517,4973,0,0,0,504,181,-1070,1,下位,0,0,0
331,169,66,2517,4973,0,1,890,504,181,-1070,1,下位,0,890,35
162,24,47,2517,4973,0,2,1059,504,181,-1070,1,下位,0,169,19
138,138,0,2517,4973,0,3,1083,504,181,-1070,1,下位,0,24,47
41,41,0,208,415,0,0,0,1221,4973,2034,30,下位,0,0,0
318,318,0,474,888,0,0,0,41,415,2383,4,下位,0,0,0
459,152,72,224,447,1,0,0,0,0,1,0,下位,0,0,0
307,229,35,224,447,1,1,152,0,0,1,0,下位,0,152,37
78,78,0,224,447,1,2,381,0,0,1,0,下位,0,229,35
200,200,0,386,773,0,0,0,459,447,-220,2,下位,0,0,0
1017,1017,0,38,77,0,0,0,200,773,230,6,下位,0,0,0
526,145,105,3050,5979,0,0,0,1017,77,-1333,1,下位,0,0,0
381,139,50,3050,5979,0,1,145,1017,77,-1333,1,下位,0,145,55
242,242,0,3050,5979,0,2,284,1017,77,-1333,1,下位,0,139,50
280,135,41,450,900,0,0,0,526,5979,3903,39,下位,0,0,0
145,145,0,450,900,0,1,135,526,5979,3903,39,下位,0,135,41
431,431,0,360,719,1,0,0,0,0,1,0,下位,0,0,0
536,219,53,282,564,0,0,0,431,719,25,6,下位,0,0,0
317,317,0,282,564,0,1,219,431,719,25,6,下位,0,219,53
206,172,23,88,178,0,0,0,536,564,-222,3,下位,0,0,0
34,34,0,88,178,0,1,172,536,564,-222,3,下位,0,172,23
659,590,38,142,285,0,0,0,206,178,-353,1,下位,0,0,0
69,69,0,142,285,0,1,590,206,178,-353,1,下位,0,590,38
182,182,0,138,277,0,0,0,659,285,-1093,2,下位,0,0,0
1022,1022,0,994,1987,0,0,0,182,277,-1110,2,下位,0,0,0
540,540,0,644,1285,0,0,0,1022,1987,-771,14,下位,0,0,0
584,154,45,166,332,0,0,0,540,1285,-357,10,下位,0,0,0
430,430,0,166,332,0,1,154,540,1285,-357,10,下位,0,154,45
160,160,0,160,319,1,0,0,0,0,1,0,下位,0,0,0
255,255,0,120,239,0,0,0,160,319,62,3,下位,0,0,0
356,356,0,48,97,0,0,0,255,239,-110,2,下位,0,0,0
220,220,0,444,887,0,0,0,356,97,-587,1,下位,0,0,0
890,685,112,470,940,0,0,0,220,887,-55,7,下位,0,0,0
205,47,67,470,940,0,1,685,220,887,-55,7,下位,0,685,45
158,158,0,470,940,0,2,732,220,887,-55,7,下位,0,47,67
130,130,0,130,261,0,0,0,890,940,-439,7,下位,0,0,0
74,74,0,178,355,0,0,0,130,261,-388,3,下位,0,0,0
949,949,0,348,695,0,0,0,74,355,-152,1,下位,0,0,0
69,69,0,90,179,0,0,0,949,695,-988,5,下位,0,0,0
216,216,0,92,185,0,0,0,69,179,-920,1,下位,0,0,0
236,236,0,38,75,1,0,0,0,0,1,0,下位,0,0,0
99,99,0,298,597,0,0,0,236,75,-305,1,下位,0,0,0
211,211,0,154,309,0,0,0,99,597,132,6,下位,0,0,0
818,818,0,328,655,0,0,0,211,309,101,4,下位,0,0,0
325,283,63,76,151,0,0,0,818,655,-563,5,下位,0,0,0
42,42,0,76,151,0,1,283,818,655,-563,5,下位,0,283,63
154,154,0,596,1190,0,0,0,325,151,-873,1,下位,0,0,0
72,72,0,522,1043,0,0,0,154,1190,69,11,下位,0,0,0
172,172,0,160,321,0,0,0,72,1043,996,8,下位,0,0,0
264,101,49,294,590,0,0,0,172,321,1040,3,下位,0,0,0
163,163,0,294,590,0,1,101,172,321,1040,3,下位,0,101,49
699,264,37,998,1997,0,0,0,264,590,1253,4,下位,0,0,0
435,435,0,998,1997,0,1,264,264,590,1253,4,下位,0,264,37
232,232,0,48,95,0,0,0,699,1997,2159,15,下位,0,0,0
1130,695,35,352,703,0,0,0,232,95,1880,1,下位,0,0,0
435,435,0,352,703,0,1,695,232,95,1880,1,下位,0,695,35
172,172,0,142,285,1,0,0,0,0,1,0,下位,0,0,0
90,90,0,234,467,0,0,0,172,285,9,3,下位,0,0,0
812,673,66,506,1011,0,0,0,90,467,331,3,下位,0,0,0
139,36,43,506,1011,0,1,673,90,467,331,3,下位,0,673,23
103,103,0,506,1011,0,2,709,90,467,331,3,下位,0,36,43
614,614,0,176,351,0,0,0,812,1011,99,6,下位,0,0,0
106,106,0,172,343,0,0,0,614,351,-540,3,下位,0,0,0
502,72,37,252,503,0,0,0,106,343,-368,3,下位,0,0,0
430,430,0,252,503,0,1,72,106,343,-368,3,下位,0,72,37
865,433,27,50,99,1,0,0,0,0,1,0,下位,0,0,0
432,432,0,50,99,1,1,433,0,0,1,0,下位,0,433,27
1215,667,73,1712,3365,0,0,0,865,99,-1268,1,下位,0,0,0
548,116,22,1712,3365,0,1,667,865,99,-1268,1,下位,0,667,51
432,432,0,1712,3365,0,2,783,865,99,-1268,1,下位,0,116,22
430,430,0,86,171,1,0,0,0,0,1,0,下位,0,0,0
598,166,47,320,640,0,0,0,430,171,-522,2,下位,0,0,0
432,432,0,320,640,0,1,166,430,171,-522,2,下位,0,166,47
135,135,0,82,165,1,0,0,0,0,1,0,下位,0,0,0
8,8,0,102,205,0,0,0,135,165,-52,2,下位,0,0,0
719,719,0,368,735,0,0,0,8,205,140,1,下位,0,0,0
938,151,192,140,278,0,0,0,719,735,-285,5,下位,0,0,0
787,321,173,140,278,0,1,151,719,735,-285,5,下位,0,151,19
466,83,130,140,278,0,2,472,719,735,-285,5,下位,0,321,43
383,383,0,140,278,0,3,555,719,735,-285,5,下位,0,83,130
434,434,0,124,247,1,0,0,0,0,1,0,下位,0,0,0
1783,1012,82,108,216,0,0,0,434,247,-452,2,下位,0,0,0
771,431,41,108,216,0,1,1012,434,247,-452,2,下位,0,1012,41
340,340,0,108,216,0,2,1443,434,247,-452,2,下位,0,431,41
103,103,0,1550,3039,1,0,0,0,0,1,0,下位,0,0,0
807,375,43,244,489,0,0,0,103,3039,2874,22,下位,0,0,0
432,432,0,244,489,0,1,375,103,3039,2874,22,下位,0,375,43
288,288,0,758,1515,0,0,0,807,489,2104,4,下位,0,0,0
417,313,33,184,367,1,0,0,0,0,1,0,下位,0,0,0
104,104,0,184,367,1,1,313,0,0,1,0,下位,0,313,33
631,631,0,96,191,0,0,0,417,367,-272,2,下位,0,0,0
567,567,0,148,295,0,0,0,631,191,-1099,1,下位,0,0,0
691,691,0,306,612,0,0,0,567,295,-1719,2,下位,0,0,0
41,41,0,572,1144,0,0,0,691,612,-2222,3,下位,0,0,0
958,78,96,428,856,0,0,0,41,1144,-1144,6,下位,0,0,0
880,432,55,428,856,0,1,78,41,1144,-1144,6,下位,0,78,41
448,448,0,428,856,0,2,510,41,1144,-1144,6,下位,0,432,55
824,824,0,244,487,0,0,0,958,856,-1738,6,下位,0,0,0
156,156,0,466,930,1,0,0,0,0,1,0,下位,0,0,0
375,375,0,48,94,0,0,0,156,930,679,5,下位,0,0,0
322,322,0,760,1523,0,0,0,375,94,168,1,下位,0,0,0
1186,299,276,135,270,0,0,0,322,1523,1172,11,下位,0,0,0
887,431,243,135,270,0,1,299,322,1523,1172,11,下位,0,299,33
456,245,29,135,270,0,2,730,322,1523,1172,11,下位,0,431,214
211,211,0,135,270,0,3,975,322,1523,1172,11,下位,0,245,29
447,109,57,70,141,0,0,0,1186,270,-194,2,下位,0,0,0
338,338,0,70,141,0,1,109,1186,270,-194,2,下位,0,109,57
140,140,0,80,159,1,0,0,0,0,1,0,下位,0,0,0
990,990,0,230,461,0,0,0,140,159,-66,1,下位,0,0,0
961,524,33,170,341,0,0,0,990,461,-1202,2,下位,0,0,0
437,437,0,170,341,0,1,524,990,461,-1202,2,下位,0,524,33
201,201,0,228,457,0,0,0,961,341,-2378,4,下位,0,0,0
61,61,0,86,173,0,0,0,201,457,-2245,1,下位,0,0,0
216,149,29,60,121,0,0,0,61,173,-2170,2,下位,0,0,0
67,67,0,60,121,0,1,149,61,173,-2170,2,下位,0,149,29
154,154,0,892,1784,0,0,0,216,121,-2368,1,下位,0,0,0
410,410,0,226,454,0,0,0,154,1784,-832,5,下位,0,0,0
58,58,0,86,173,1,0,0,0,0,1,0,下位,0,0,0
706,706,0,1396,2791,0,0,0,58,173,80,2,下位,0,0,0
1671,1015,131,620,1241,0,0,0,706,2791,1732,19,下位,0,0,0
656,77,84,620,1241,0,1,1015,706,2791,1732,19,下位,0,1015,47
579,430,43,620,1241,0,2,1092,706,2791,1732,19,下位,0,77,41
149,149,0,620,1241,0,3,1522,706,2791,1732,19,下位,0,430,43
1233,526,108,464,927,0,0,0,1671,1241,409,11,下位,0,0,0
707,271,49,464,927,0,1,526,1671,1241,409,11,下位,0,526,59
436,436,0,464,927,0,2,797,1671,1241,409,11,下位,0,271,49
747,747,0,170,338,0,0,0,1233,927,-544,8,下位,0,0,0
149,149,0,260,519,1,0,0,0,0,1,0,下位,0,0,0
427,162,195,128,257,0,0,0,149,519,280,4,下位,0,0,0
265,66,39,128,257,0,1,162,149,519,280,4,下位,0,162,156
199,199,0,128,257,0,2,228,149,519,280,4,下位,0,66,39
612,612,0,356,713,0,0,0,427,257,44,2,下位,0,0,0
139,139,0,548,1097,0,0,0,612,713,-230,5,下位,0,0,0
805,805,0,928,1853,0,0,0,139,1097,643,5,下位,0,0,0
480,480,0,982,1903,0,0,0,805,1853,1198,9,下位,0,0,0
125,37,45,456,910,0,0,0,480,1903,2327,7,下位,0,0,0
88,88,0,456,910,0,1,37,480,1903,2327,7,下位,0,37,45
121,121,0,396,793,1,0,0,0,0,1,0,下位,0,0,0
858,858,0,314,628,0,0,0,121,793,599,7,下位,0,0,0
229,229,0,261,522,0,0,0,858,628,-157,7,下位,0,0,0
35,35,0,108,217,0,0,0,229,522,-4,2,下位,0,0,0
598,598,0,592,1182,0,0,0,35,217,157,3,下位,0,0,0
1021,1021,0,152,303,0,0,0,598,1182,374,8,下位,0,0,0
1027,613,33,564,1127,0,0,0,1021,303,-970,3,下位,0,0,0
414,414,0,564,1127,0,1,613,1021,303,-970,3,下位,0,613,33
58,58,0,88,177,1,0,0,0,0,1,0,下位,0,0,0
57,57,0,270,541,0,0,0,58,177,84,1,下位,0,0,0
771,263,77,70,139,0,0,0,57,541,533,6,下位,0,0,0
508,73,37,70,139,0,1,263,57,541,533,6,下位,0,263,40
435,435,0,70,139,0,2,336,57,541,533,6,下位,0,73,37
1568,1009,80,215,431,0,0,0,771,139,-495,1,下位,0,0,0
559,274,45,215,431,0,1,1009,771,139,-495,1,下位,0,1009,35
285,285,0,215,431,0,2,1283,771,139,-495,1,下位,0,274,45
518,328,37,204,409,0,0,0,1568,431,-2513,2,下位,0,0,0
190,190,0,204,409,0,1,328,1568,431,-2513,2,下位,0,328,37
685,115,133,252,505,0,0,0,518,409,-2902,4,下位,0,0,0
570,163,78,252,505,0,1,115,518,409,-2902,4,下位,0,115,55
407,208,37,252,505,0,2,278,518,409,-2902,4,下位,0,163,41
199,199,0,252,505,0,3,486,518,409,-2902,4,下位,0,208,37
460,431,37,160,321,1,0,0,0,0,1,0,下位,0,0,0
29,29,0,160,321,1,1,431,0,0,1,0,下位,0,431,37
39,39,0,32,64,0,0,0,460,321,-383,2,下位,0,0,0
174,174,0,102,203,0,0,0,39,64,-382,1,下位,0,0,0
864,284,88,290,579,0,0,0,174,203,-460,1,下位,0,0,0
580,433,45,290,579,0,1,284,174,203,-460,1,下位,0,284,43
147,147,0,290,579,0,2,717,174,203,-460,1,下位,0,433,45
251,251,0,194,389,0,0,0,864,579,-1186,4,下位,0,0,0
763,433,37,192,384,1,0,0,0,0,1,0,下位,0,0,0
330,330,0,192,384,1,1,433,0,0,1,0,下位,0,433,37
75,75,0,526,1051,0,0,0,763,384,-808,2,下位,0,0,0
475,269,45,164,327,0,0,0,75,1051,122,6,下位,0,0,0
206,206,0,164,327,0,1,269,75,1051,122,6,下位,0,269,45
665,622,43,104,209,0,0,0,475,327,-272,3,下位,0,0,0
43,43,0,104,209,0,1,622,475,327,-272,3,下位,0,622,43
1186,775,35,2846,5570,0,0,0,665,209,-1092,2,下位,0,0,0
411,411,0,2846,5570,0,1,775,665,209,-1092,2,下位,0,775,35
280,144,134,242,485,0,0,0,1186,5570,2600,25,下位,0,0,0
136,136,0,242,485,0,1,144,1186,5570,2600,25,下位,0,144,134
54,54,0,376,752,0,0,0,280,485,2768,4,下位,0,0,0
211,211,0,28,55,1,0,0,0,0,1,0,下位,0,0,0
55,55,0,272,544,0,0,0,211,55,-284,1,下位,0,0,0
1020,1020,0,1058,2114,0,0,0,55,544,171,3,下位,0,0,0
1012,1012,0,390,779,0,0,0,1020,2114,640,16,下位,0,0,0
97,97,0,118,235,0,0,0,1012,779,-213,7,下位,0,0,0
924,462,94,216,432,0,0,0,97,235,-134,2,下位,0,0,0
462,431,47,216,432,0,1,462,97,235,-134,2,下位,0,462,47
31,31,0,216,432,0,2,893,97,235,-134,2,下位,0,431,47
151,151,0,506,1010,0,0,0,924,432,-1098,2,下位,0,0,0
96,96,0,80,160,0,0,0,151,1010,-332,9,下位,0,0,0
433,433,0,174,349,0,0,0,96,160,-327,1,下位,0,0,0
289,289,0,486,971,1,0,0,0,0,1,0,下位,0,0,0
368,267,41,82,165,0,0,0,289,971,506,8,下位,0,0,0
101,101,0,82,165,0,1,267,289,971,506,8,下位,0,267,41
314,314,0,342,683,0,0,0,368,165,118,2,下位,0,0,0
247,214,37,886,1774,0,0,0,314,683,295,5,下位,0,0,0
33,33,0,886,1774,0,1,214,314,683,295,5,下位,0,214,37
1354,466,100,384,768,0,0,0,247,1774,1708,15,下位,0,0,0
888,434,57,384,768,0,1,466,247,1774,1708,15,下位,0,466,43
454,172,24,384,768,0,2,900,247,1774,1708,15,下位,0,434,33
282,282,0,384,768,0,3,1072,247,1774,1708,15,下位,0,172,24
596,430,19,68,137,1,0,0,0,0,1,0,下位,0,0,0
166,166,0,68,137,1,1,430,0,0,1,0,下位,0,430,19
854,854,0,2428,4793,0,0,0,596,137,-805,1,下位,0,0,0
988,988,0,152,305,0,0,0,854,4793,2611,20,下位,0,0,0
162,162,0,34,69,0,0,0,988,305,1322,2,下位,0,0,0
115,115,0,744,1487,0,0,0,162,69,1130,1,下位,0,0,0
773,773,0,424,847,0,0,0,115,1487,2432,10,下位,0,0,0
619,435,59,226,451,1,0,0,0,0,1,0,下位,0,0,0
184,184,0,226,451,1,1,435,0,0,1,0,下位,0,435,59
34,34,0,1574,3085,0,0,0,619,451,-488,4,下位,0,0,0
465,34,35,826,1652,0,0,0,34,3085,2542,15,下位,0,0,0
431,431,0,826,1652,0,1,34,34,3085,2542,15,下位,0,34,35
641,150,65,326,653,1,0,0,0,0,1,0,下位,0,0,0
491,53,16,326,653,1,1,150,0,0,1,0,下位,0,150,49
438,438,0,326,653,1,2,203,0,0,1,0,下位,0,53,16
269,139,41,512,1023,0,0,0,641,653,-314,4,下位,0,0,0
130,130,0,512,1023,0,1,139,641,653,-314,4,下位,0,139,41
56,56,0,190,380,0,0,0,269,1023,316,9,下位,0,0,0
346,346,0,614,1229,0,0,0,56,380,606,2,下位,0,0,0
715,527,33,84,169,0,0,0,346,1229,1277,11,下位,0,0,0
188,188,0,84,169,0,1,527,346,1229,1277,11,下位,0,527,33
45,45,0,70,139,0,0,0,715,169,326,1,下位,0,0,0
589,429,35,132,263,1,0,0,0,0,1,0,下位,0,0,0
160,160,0,132,263,1,1,429,0,0,1,0,下位,0,429,35
1010,1010,0,170,341,0,0,0,589,263,-651,2,下位,0,0,0
462,462,0,82,163,0,0,0,1010,341,-1939,1,下位,0,0,0
261,220,17,108,215,0,0,0,462,163,-2521,1,下位,0,0,0
41,41,0,108,215,0,1,220,462,163,-2521,1,下位,0,220,17
154,154,0,118,237,1,0,0,0,0,1,0,下位,0,0,0
342,133,34,668,1337,0,0,0,154,237,-10,1,下位,0,0,0
209,45,34,668,1337,0,1,133,154,237,-10,1,下位,0,133,0
164,164,0,668,1337,0,2,178,154,237,-10,1,下位,0,45,34
1111,31,116,170,341,0,0,0,342,1337,808,9,下位,0,0,0
1080,139,101,170,341,0,1,31,342,1337,808,9,下位,0,31,15
941,432,70,170,341,0,2,170,342,1337,808,9,下位,0,139,31
509,70,43,170,341,0,3,602,342,1337,808,9,下位,0,432,27
439,439,0,170,341,0,4,672,342,1337,808,9,下位,0,70,43
123,123,0,386,774,0,0,0,1111,341,-527,3,下位,0,0,0
152,152,0,88,177,0,0,0,123,774,49,3,下位,0,0,0
272,157,19,96,193,0,0,0,152,177,-19,1,下位,0,0,0
115,115,0,96,193,0,1,157,152,177,-19,1,下位,0,157,19
578,578,0,402,802,0,0,0,272,193,-245,2,下位,0,0,0
433,433,0,174,348,1,0,0,0,0,1,0,下位,0,0,0
656,442,47,550,1100,0,0,0,433,348,-349,1,下位,0,0,0
214,214,0,550,1100,0,1,442,433,348,-349,1,下位,0,442,47
807,807,0,260,519,0,0,0,656,1100,-260,9,下位,0,0,0
623,623,0,364,728,0,0,0,807,519,-1043,2,下位,0,0,0
366,196,53,684,1369,1,0,0,0,0,1,0,下位,0,0,0
170,170,0,684,1369,1,1,196,0,0,1,0,下位,0,196,53
195,151,33,152,305,0,0,0,366,1369,833,11,下位,0,0,0
44,44,0,152,305,0,1,151,366,1369,833,11,下位,0,151,33
398,398,0,44,87,0,0,0,195,305,856,2,下位,0,0,0
1262,830,49,738,1478,0,0,0,398,87,301,1,下位,0,0,0
432,432,0,738,1478,0,1,830,398,87,301,1,下位,0,830,49
409,409,0,310,619,0,0,0,1262,1478,-208,11,下位,0,0,0
149,149,0,192,384,1,0,0,0,0,1,0,下位,0,0,0
1205,337,94,474,947,0,0,0,149,384,145,4,下位,0,0,0
868,434,55,474,947,0,1,337,149,384,145,4,下位,0,337,39
434,434,0,474,947,0,2,771,149,384,145,4,下位,0,434,55
773,172,86,250,502,0,0,0,1205,947,-758,5,下位,0,0,0
601,167,43,250,502,0,1,172,1205,947,-758,5,下位,0,172,43
434,434,0,250,502,0,2,339,1205,947,-758,5,下位,0,167,43
65,65,0,50,101,0,0,0,773,502,-1416,3,下位,0,0,0
1142,432,135,70,141,1,0,0,0,0,1,0,下位,0,0,0
710,184,86,70,141,1,1,432,0,0,1,0,下位,0,432,49
526,92,41,70,141,1,2,616,0,0,1,0,下位,0,184,45
434,434,0,70,141,1,3,708,0,0,1,0,下位,0,92,41
680,107,96,290,579,0,0,0,1142,141,-1565,1,下位,0,0,0
573,228,55,290,579,0,1,107,1142,141,-1565,1,下位,0,107,41
345,345,0,290,579,0,2,335,1142,141,-1565,1,下位,0,228,55
475,475,0,106,214,0,0,0,680,579,-1987,3,下位,0,0,0
221,221,0,132,266,0,0,0,475,214,-2539,1,下位,0,0,0
42,42,0,442,883,1,0,0,0,0,1,0,下位,0,0,0
190,60,57,122,245,0,0,0,42,883,816,5,下位,0,0,0
130,130,0,122,245,0,1,60,42,883,816,5,下位,0,60,57
192,192,0,222,445,0,0,0,190,245,811,3,下位,0,0,0
148,148,0,168,335,0,0,0,192,445,946,4,下位,0,0,0
194,194,0,216,431,0,0,0,148,335,1042,3,下位,0,0,0
568,338,39,310,620,0,0,0,194,431,1160,4,下位,0,0,0
230,230,0,310,620,0,1,338,194,431,1160,4,下位,0,338,39
351,135,41,74,147,0,0,0,568,620,903,4,下位,0,0,0
216,216,0,74,147,0,1,135,568,620,903,4,下位,0,135,41
194,194,0,530,1062,0,0,0,351,147,525,1,下位,0,0,0
64,64,0,440,882,0,0,0,194,1062,1274,8,下位,0,0,0
472,472,0,80,158,0,0,0,64,882,2053,6,下位,0,0,0
1790,57,139,388,775,0,0,0,472,158,1450,1,下位,0,0,0
1733,430,107,388,775,0,1,57,472,158,1450,1,下位,0,57,32
1303,430,78,388,775,0,2,487,472,158,1450,1,下位,0,430,29
873,437,49,388,775,0,3,917,472,158,1450,1,下位,0,430,29
436,436,0,388,775,0,4,1354,472,158,1450,1,下位,0,437,49
319,319,0,206,412,0,0,0,1790,775,-524,5,下位,0,0,0
345,345,0,136,274,0,0,0,319,412,-627,2,下位,0,0,0
592,436,39,284,567,1,0,0,0,0,1,0,下位,0,0,0
156,156,0,284,567,1,1,436,0,0,1,0,下位,0,436,39
140,140,0,792,1585,0,0,0,592,567,-348,4,下位,0,0,0
845,328,103,614,1228,0,0,0,140,1585,1011,10,下位,0,0,0
517,135,68,614,1228,0,1,328,140,1585,1011,10,下位,0,328,35
382,138,29,614,1228,0,2,463,140,1585,1011,10,下位,0,135,39
244,244,0,614,1228,0,3,601,140,1585,1011,10,下位,0,138,29
249,249,0,400,799,0,0,0,845,1228,978,9,下位,0,0,0
436,436,0,142,283,0,0,0,249,799,1375,8,下位,0,0,0
172,172,0,1128,2194,0,0,0,436,283,955,3,下位,0,0,0
583,429,55,122,243,1,0,0,0,0,1,0,下位,0,0,0
154,154,0,122,243,1,1,429,0,0,1,0,下位,0,429,55
66,66,0,168,338,0,0,0,583,243,-641,1,下位,0,0,0
806,806,0,102,204,0,0,0,66,338,-409,3,下位,0,0,0
1245,549,83,70,139,0,0,0,806,204,-1505,2,下位,0,0,0
696,265,44,70,139,0,1,549,806,204,-1505,2,下位,0,549,39
431,431,0,70,139,0,2,814,806,204,-1505,2,下位,0,265,44
557,132,100,2032,4001,0,0,0,1245,139,-3290,2,下位,0,0,0
425,38,63,2032,4001,0,1,132,1245,139,-3290,2,下位,0,132,37
387,278,45,2032,4001,0,2,170,1245,139,-3290,2,下位,0,38,18
109,109,0,2032,4001,0,3,448,1245,139,-3290,2,下位,0,278,45
470,94,94,129,259,0,0,0,557,4001,-87,27,下位,0,0,0
376,344,45,129,259,0,1,94,557,4001,-87,27,下位,0,94,49
32,32,0,129,259,0,2,438,557,4001,-87,27,下位,0,344,45
58,58,0,50,99,1,0,0,0,0,1,0,下位,0,0,0
777,777,0,954,1911,0,0,0,58,99,6,1,下位,0,0,0
55,55,0,308,616,0,0,0,777,1911,664,11,下位,0,0,0
247,156,51,432,863,0,0,0,55,616,1191,4,下位,0,0,0
91,91,0,432,863,0,1,156,55,616,1191,4,下位,0,156,51
115,115,0,858,1655,0,0,0,247,863,1706,8,下位,0,0,0
39,39,0,225,450,0,0,0,115,1655,3176,8,下位,0,0,0
46,46,0,170,340,0,0,0,39,450,3563,2,下位,0,0,0
135,135,0,108,215,0,0,0,46,340,3829,4,下位,0,0,0
485,485,0,280,559,0,0,0,135,215,3826,2,下位,0,0,0
138,138,0,38,77,0,0,0,485,559,3603,3,下位,0,0,0
293,293,0,186,371,1,0,0,0,0,1,0,下位,0,0,0
139,139,0,357,715,0,0,0,293,371,-101,3,下位,0,0,0
321,180,80,176,352,0,0,0,139,715,390,4,下位,0,0,0
141,52,35,176,352,0,1,180,139,715,390,4,下位,0,180,45
89,89,0,176,352,0,2,232,139,715,390,4,下位,0,52,35
302,302,0,344,690,0,0,0,321,352,304,2,下位,0,0,0
500,194,45,117,234,1,0,0,0,0,1,0,下位,0,0,0
306,306,0,117,234,1,1,194,0,0,1,0,下位,0,194,45
1014,1014,0,496,993,0,0,0,500,234,-527,2,下位,0,0,0
141,141,0,298,596,0,0,0,1014,993,-1169,9,下位,0,0,0
366,366,0,390,781,1,0,0,0,0,1,0,下位,0,0,0
605,535,47,86,173,0,0,0,366,781,192,5,下位,0,0,0
70,70,0,86,173,0,1,535,366,781,192,5,下位,0,535,47
1009,1009,0,490,981,0,0,0,605,173,-564,2,下位,0,0,0
484,297,37,488,977,0,0,0,1009,981,-1210,4,下位,0,0,0
187,187,0,488,977,0,1,297,1009,981,-1210,4,下位,0,297,37
508,167,108,42,83,0,0,0,484,977,-977,10,下位,0,0,0
341,341,0,42,83,0,1,167,484,977,-977,10,下位,0,167,108
324,324,0,260,519,0,0,0,508,83,-1605,1,下位,0,0,0
56,56,0,284,567,0,0,0,324,519,-1609,3,下位,0,0,0
158,158,0,1774,3490,1,0,0,0,0,1,0,下位,0,0,0
450,44,100,80,160,0,0,0,158,3490,3236,22,下位,0,0,0
406,372,55,80,160,0,1,44,158,3490,3236,22,下位,0,44,45
34,34,0,80,160,0,2,416,158,3490,3236,22,下位,0,372,55
663,663,0,316,632,0,0,0,450,160,2770,1,下位,0,0,0
47,47,0,172,343,0,0,0,663,632,2333,4,下位,0,0,0
355,355,0,288,576,0,0,0,47,343,2600,4,下位,0,0,0
562,130,57,1062,2128,0,0,0,355,576,2603,5,下位,0,0,0
432,432,0,1062,2128,0,1,130,355,576,2603,5,下位,0,130,57
473,120,43,90,181,1,0,0,0,0,1,0,下位,0,0,0
353,353,0,90,181,1,1,120,0,0,1,0,下位,0,120,43
255,255,0,152,303,0,0,0,473,181,-538,1,下位,0,0,0
523,523,0,86,171,0,0,0,255,303,-646,1,下位,0,0,0
1012,1012,0,284,567,0,0,0,523,171,-1319,1,下位,0,0,0
44,44,0,104,207,0,0,0,1012,567,-2384,2,下位,0,0,0
207,207,0,372,745,0,0,0,44,207,-2248,3,下位,0,0,0
771,341,41,284,568,0,0,0,207,745,-1837,6,下位,0,0,0
430,430,0,284,568,0,1,341,207,745,-1837,6,下位,0,341,41
126,126,0,78,155,0,0,0,771,568,-2472,3,下位,0,0,0
87,87,0,46,93,0,0,0,126,155,-2520,1,下位,0,0,0
433,433,0,286,573,1,0,0,0,0,1,0,下位,0,0,0
346,346,0,542,1082,0,0,0,433,573,-124,4,下位,0,0,0
809,809,0,142,284,0,0,0,346,1082,400,9,下位,0,0,0
1004,1004,0,128,258,0,0,0,809,284,-621,1,下位,0,0,0
687,687,0,234,467,0,0,0,1004,258,-1982,3,下位,0,0,0
42,42,0,200,398,0,0,0,687,467,-2623,3,下位,0,0,0
54,54,0,44,87,0,0,0,42,398,-2293,3,下位,0,0,0
135,135,0,534,1068,1,0,0,0,0,1,0,下位,0,0,0
21,21,0,466,932,0,0,0,135,1068,851,6,下位,0,0,0
370,370,0,326,651,0,0,0,21,932,1749,7,下位,0,0,0
78,78,0,1082,2049,0,0,0,370,651,1803,4,下位,0,0,0
1087,1014,47,104,208,0,0,0,78,2049,3726,13,下位,0,0,0
73,73,0,104,208,0,1,1014,78,2049,3726,13,下位,0,1014,47
322,322,0,250,499,0,0,0,1087,208,2228,2,下位,0,0,0
601,601,0,438,876,0,0,0,322,499,2208,6,下位,0,0,0
364,138,47,484,966,0,0,0,601,876,2115,3,下位,0,0,0
226,226,0,484,966,0,1,138,601,876,2115,3,下位,0,138,47
153,153,0,70,139,0,0,0,364,966,2540,5,下位,0,0,0
37,37,0,164,327,0,0,0,153,139,2432,1,下位,0,0,0
872,439,21,1108,2215,1,0,0,0,0,1,0,下位,0,0,0
433,433,0,1108,2215,1,1,439,0,0,1,0,下位,0,439,21
613,613,0,334,669,0,0,0,872,2215,831,12,下位,0,0,0
432,432,0,114,229,0,0,0,613,669,511,6,下位,0,0,0
54,54,0,632,1265,0,0,0,432,229,43,1,下位,0,0,0
138,138,0,134,267,0,0,0,54,1265,1221,10,下位,0,0,0
464,429,59,248,495,0,0,0,138,267,1265,2,下位,0,0,0
35,35,0,248,495,0,1,429,138,267,1265,2,下位,0,429,59
492,492,0,27,54,0,0,0,464,495,1071,4,下位,0,0,0
375,375,0,546,1091,1,0,0,0,0,1,0,下位,0,0,0
755,755,0,82,165,0,0,0,375,1091,487,6,下位,0,0,0
721,562,27,242,485,0,0,0,755,165,-566,1,下位,0,0,0
159,159,0,242,485,0,1,562,755,165,-566,1,下位,0,562,27
380,332,37,288,575,0,0,0,721,485,-1216,5,下位,0,0,0
48,48,0,288,575,0,1,332,721,485,-1216,5,下位,0,332,37
403,403,0,458,918,0,0,0,380,575,-1216,4,下位,0,0,0
960,70,131,242,485,0,0,0,403,918,-948,8,下位,0,0,0
890,220,80,242,485,0,1,70,403,918,-948,8,下位,0,70,51
670,434,47,242,485,0,2,290,403,918,-948,8,下位,0,220,33
236,236,0,242,485,0,3,724,403,918,-948,8,下位,0,434,47
208,208,0,146,291,1,0,0,0,0,1,0,下位,0,0,0
591,591,0,70,139,0,0,0,208,291,-43,3,下位,0,0,0
611,611,0,71,142,0,0,0,591,139,-857,2,下位,0,0,0
418,418,0,152,305,0,0,0,611,142,-1700,1,下位,0,0,0
320,189,28,44,86,0,0,0,418,305,-2069,1,下位,0,0,0
131,131,0,44,86,0,1,189,418,305,-2069,1,下位,0,189,28
161,161,0,62,125,0,0,0,320,86,-2471,1,下位,0,0,0
124,124,0,1706,3353,0,0,0,161,125,-2606,1,下位,0,0,0
877,438,31,72,143,0,0,0,124,3353,547,15,下位,0,0,0
439,439,0,72,143,0,1,438,124,3353,547,15,下位,0,438,31
894,894,0,352,704,0,0,0,877,143,-693,1,下位,0,0,0
447,447,0,468,937,1,0,0,0,0,1,0,下位,0,0,0
198,198,0,98,197,0,0,0,447,937,217,3,下位,0,0,0
276,276,0,60,119,0,0,0,198,197,95,1,下位,0,0,0
244,244,0,222,445,0,0,0,276,119,-231,2,下位,0,0,0
340,224,26,122,245,0,0,0,244,445,-180,4,下位,0,0,0
116,116,0,122,245,0,1,224,244,445,-180,4,下位,0,224,26
685,184,100,102,205,0,0,0,340,245,-457,2,下位,0,0,0
501,333,43,102,205,0,1,184,340,245,-457,2,下位,0,184,57
168,168,0,102,205,0,2,517,340,245,-457,2,下位,0,333,43
236,236,0,84,167,0,0,0,685,205,-1257,2,下位,0,0,0
420,174,27,426,853,0,0,0,236,167,-1471,1,下位,0,0,0
246,246,0,426,853,0,1,174,236,167,-1471,1,下位,0,174,27
142,142,0,74,147,0,0,0,420,853,-1269,8,下位,0,0,0
186,186,0,172,344,0,0,0,142,147,-1351,1,下位,0,0,0
563,563,0,268,537,0,0,0,186,344,-1307,1,下位,0,0,0
569,136,39,714,1427,1,0,0,0,0,1,0,下位,0,0,0
433,433,0,714,1427,1,1,136,0,0,1,0,下位,0,136,39
466,33,47,366,732,0,0,0,569,1427,550,8,下位,0,0,0
433,433,0,366,732,0,1,33,569,1427,550,8,下位,0,33,47
604,460,53,290,581,0,0,0,466,732,578,4,下位,0,0,0
144,144,0,290,581,0,1,460,466,732,578,4,下位,0,460,53
10,10,0,348,695,0,0,0,604,581,238,4,下位,0,0,0
299,216,313,88,177,0,0,0,10,695,917,7,下位,0,0,0
83,83,0,88,177,0,1,216,10,695,917,7,下位,0,216,313
161,161,0,182,363,0,0,0,299,177,925,1,下位,0,0,0
672,672,0,44,89,0,0,0,161,363,1028,3,下位,0,0,0
58,58,0,1262,2463,0,0,0,672,89,33,1,下位,0,0,0
140,140,0,104,207,1,0,0,0,0,1,0,下位,0,0,0
404,265,31,110,221,0,0,0,140,207,-18,2,下位,0,0,0
139,139,0,110,221,0,1,265,140,207,-18,2,下位,0,265,31
430,430,0,174,350,0,0,0,404,221,-417,2,下位,0,0,0
193,193,0,172,343,0,0,0,430,350,-761,3,下位,0,0,0
238,238,0,433,867,0,0,0,193,343,-729,1,下位,0,0,0
635,580,27,406,814,0,0,0,238,867,-246,4,下位,0,0,0
55,55,0,406,814,0,1,580,238,867,-246,4,下位,0,580,27
263,263,0,88,175,0,0,0,635,814,-429,4,下位,0,0,0
563,340,31,140,279,0,0,0,263,175,-678,1,下位,0,0,0
223,223,0,140,279,0,1,340,263,175,-678,1,下位,0,340,31
1018,1018,0,390,781,0,0,0,563,279,-1276,2,下位,0,0,0
709,709,0,656,1313,0,0,0,1018,781,-2137,8,下位,0,0,0
432,432,0,230,459,1,0,0,0,0,1,0,下位,0,0,0
413,198,41,46,91,0,0,0,432,459,-237,4,下位,0,0,0
215,215,0,46,91,0,1,198,432,459,-237,4,下位,0,198,41
222,222,0,140,279,0,0,0,413,91,-771,1,下位,0,0,0
757,757,0,1876,3694,0,0,0,222,279,-850,2,下位,0,0,0
50,50,0,126,252,0,0,0,757,3694,1623,26,下位,0,0,0
789,85,160,108,217,0,0,0,50,252,1794,3,下位,0,0,0
704,60,117,108,217,0,1,85,50,252,1794,3,下位,0,85,43
644,148,82,108,217,0,2,145,50,252,1794,3,下位,0,60,35
496,65,39,108,217,0,3,293,50,252,1794,3,下位,0,148,43
431,431,0,108,217,0,4,358,50,252,1794,3,下位,0,65,39
715,187,104,152,303,0,0,0,789,217,898,1,下位,0,0,0
528,142,51,152,303,0,1,187,789,217,898,1,下位,0,187,53
386,386,0,152,303,0,2,329,789,217,898,1,下位,0,142,51
433,433,0,426,850,1,0,0,0,0,1,0,下位,0,0,0
69,69,0,230,461,0,0,0,433,850,153,6,下位,0,0,0
644,199,84,68,136,0,0,0,69,461,503,5,下位,0,0,0
445,145,55,68,136,0,1,199,69,461,503,5,下位,0,199,29
300,300,0,68,136,0,2,344,69,461,503,5,下位,0,145,55
532,48,68,322,646,0,0,0,644,136,-316,1,下位,0,0,0
484,231,47,322,646,0,1,48,644,136,-316,1,下位,0,48,21
253,253,0,322,646,0,2,279,644,136,-316,1,下位,0,231,47
1010,1010,0,170,339,0,0,0,532,646,-460,6,下位,0,0,0
493,83,29,44,87,0,0,0,1010,339,-1750,2,下位,0,0,0
410,410,0,44,87,0,1,83,1010,339,-1750,2,下位,0,83,29
481,481,0,176,351,0,0,0,493,87,-2429,1,下位,0,0,0
110,110,0,422,843,0,0,0,481,351,-2854,3,下位,0,0,0
44,44,0,360,720,0,0,0,110,843,-2188,8,下位,0,0,0
142,142,0,382,763,0,0,0,44,720,-1539,6,下位,0,0,0
864,432,47,128,257,1,0,0,0,0,1,0,下位,0,0,0
432,432,0,128,257,1,1,432,0,0,1,0,下位,0,432,47
136,136,0,396,794,0,0,0,864,257,-1089,4,下位,0,0,0
122,43,47,60,120,0,0,0,136,794,-514,6,下位,0,0,0
79,79,0,60,120,0,1,43,136,794,-514,6,下位,0,43,47
376,101,41,248,497,0,0,0,122,120,-543,1,下位,0,0,0
275,275,0,248,497,0,1,101,122,120,-543,1,下位,0,101,41
379,92,59,114,227,0,0,0,376,497,-612,2,下位,0,0,0
287,287,0,114,227,0,1,92,376,497,-612,2,下位,0,92,59
508,508,0,68,135,0,0,0,379,227,-937,2,下位,0,0,0
1002,434,80,532,1065,1,0,0,0,0,1,0,下位,0,0,0
568,135,39,532,1065,1,1,434,0,0,1,0,下位,0,434,41
433,433,0,532,1065,1,2,569,0,0,1,0,下位,0,135,39
1011,1011,0,180,361,0,0,0,1002,1065,-470,3,下位,0,0,0
381,221,33,176,354,0,0,0,1011,361,-1740,4,下位,0,0,0
160,160,0,176,354,0,1,221,1011,361,-1740,4,下位,0,221,33
352,153,21,308,615,1,0,0,0,0,1,0,下位,0,0,0
199,199,0,308,615,1,1,153,0,0,1,0,下位,0,153,21
146,146,0,74,150,0,0,0,352,615,69,4,下位,0,0,0
700,199,44,318,637,0,0,0,146,150,-16,3,下位,0,0,0
501,52,25,318,637,0,1,199,146,150,-16,3,下位,0,199,19
449,449,0,318,637,0,2,251,146,150,-16,3,下位,0,52,25
780,780,0,188,377,0,0,0,700,637,-464,5,下位,0,0,0
472,42,37,450,901,0,0,0,780,377,-1345,4,下位,0,0,0
430,430,0,450,901,0,1,42,780,377,-1345,4,下位,0,42,37
429,429,0,294,587,1,0,0,0,0,1,0,下位,0,0,0
697,697,0,950,1900,0,0,0,429,587,-104,5,下位,0,0,0
55,55,0,220,441,0,0,0,697,1900,672,12,下位,0,0,0
508,31,82,72,143,0,0,0,55,441,1024,3,下位,0,0,0
477,429,45,72,143,0,1,31,55,441,1024,3,下位,0,31,37
48,48,0,72,143,0,2,460,55,441,1024,3,下位,0,429,45
235,235,0,1500,2936,0,0,0,508,143,430,1,下位,0,0,0
883,628,45,50,99,0,0,0,235,2936,2987,18,下位,0,0,0
255,255,0,50,99,0,1,628,235,2936,2987,18,下位,0,628,45
192,192,0,86,171,1,0,0,0,0,1,0,下位,0,0,0
316,316,0,418,836,1,0,0,0,0,1,0,下位,0,0,0
607,325,20,152,303,0,0,0,316,836,327,5,下位,0,0,0
282,282,0,152,303,0,1,325,316,836,327,5,下位,0,325,20
417,417,0,142,283,0,0,0,607,303,-329,2,下位,0,0,0
72,72,0,850,1701,0,0,0,417,283,-719,1,下位,0,0,0
433,433,0,192,384,1,0,0,0,0,1,0,下位,0,0,0
155,155,0,74,149,0,0,0,433,384,-313,1,下位,0,0,0
333,333,0,148,294,0,0,0,155,149,-414,1,下位,0,0,0
41,41,0,294,589,0,0,0,333,294,-657,2,下位,0,0,0
561,561,0,520,1039,0,0,0,41,589,-134,4,下位,0,0,0
260,36,51,444,887,0,0,0,561,1039,1,7,下位,0,0,0
224,224,0,444,887,0,1,36,561,1039,1,7,下位,0,36,51
1239,806,35,42,83,0,0,0,260,887,520,5,下位,0,0,0
433,433,0,42,83,0,1,806,260,887,520,5,下位,0,806,35
544,108,35,124,247,1,0,0,0,0,1,0,下位,0,0,0
436,436,0,124,247,1,1,108,0,0,1,0,下位,0,108,35
202,202,0,192,385,0,0,0,544,247,-594,3,下位,0,0,0
157,157,0,78,155,1,0,0,0,0,1,0,下位,0,0,0
354,354,0,230,459,1,0,0,0,0,1,0,下位,0,0,0
79,38,31,414,826,0,0,0,354,459,-111,5,下位,0,0,0
41,41,0,414,826,0,1,38,354,459,-111,5,下位,0,38,31
45,45,0,266,531,0,0,0,79,826,619,5,下位,0,0,0
1099,335,135,72,145,0,0,0,45,531,1077,4,下位,0,0,0
764,434,90,72,145,0,1,335,45,531,1077,4,下位,0,335,45
330,106,51,72,145,0,2,769,45,531,1077,4,下位,0,434,39
224,224,0,72,145,0,3,875,45,531,1077,4,下位,0,106,51
435,435,0,72,145,1,0,0,0,0,1,0,下位,0,0,0
139,139,0,84,167,0,0,0,435,145,-556,1,下位,0,0,0
501,62,45,522,1045,0,0,0,139,167,-613,1,下位,0,0,0
439,439,0,522,1045,0,1,62,139,167,-613,1,下位,0,62,45
393,393,0,122,243,0,0,0,501,1045,-331,9,下位,0,0,0
722,722,0,374,747,0,0,0,393,243,-722,1,下位,0,0,0
525,525,0,98,195,0,0,0,722,747,-1140,4,下位,0,0,0
595,245,45,1164,2329,0,0,0,525,195,-1792,2,下位,0,0,0
350,350,0,1164,2329,0,1,245,525,195,-1792,2,下位,0,245,45
41,41,0,74,149,0,0,0,595,2329,-378,13,下位,0,0,0
70,70,0,876,1754,1,0,0,0,0,1,0,下位,0,0,0
95,95,0,136,271,0,0,0,70,1754,1642,12,下位,0,0,0
581,581,0,80,161,0,0,0,95,271,1760,3,下位,0,0,0
1128,692,39,750,1500,0,0,0,581,161,984,1,下位,0,0,0
436,436,0,750,1500,0,1,692,581,161,984,1,下位,0,692,39
434,434,0,138,277,1,0,0,0,0,1,0,下位,0,0,0
444,351,27,582,1165,0,0,0,434,277,-422,3,下位,0,0,0
93,93,0,582,1165,0,1,351,434,277,-422,3,下位,0,351,27
43,43,0,922,1843,0,0,0,444,1165,54,8,下位,0,0,0
254,254,0,78,157,0,0,0,43,1843,1828,12,下位,0,0,0
270,270,0,82,163,0,0,0,254,157,1575,1,下位,0,0,0
704,704,0,493,986,0,0,0,270,163,1303,1,下位,0,0,0
86,86,0,134,269,0,0,0,704,986,1154,9,下位,0,0,0
386,179,41,276,554,1,0,0,0,0,1,0,下位,0,0,0
207,207,0,276,554,1,1,179,0,0,1,0,下位,0,179,41
227,185,31,40,79,0,0,0,386,554,-27,4,下位,0,0,0
42,42,0,40,79,0,1,185,386,554,-27,4,下位,0,185,31
563,118,135,88,177,0,0,0,227,79,-283,1,下位,0,0,0
445,171,102,88,177,0,1,118,227,79,-283,1,下位,0,118,33
274,109,53,88,177,0,2,289,227,79,-283,1,下位,0,171,49
165,165,0,88,177,0,3,398,227,79,-283,1,下位,0,109,53
752,49,100,30,61,0,0,0,563,177,-879,2,下位,0,0,0
703,428,49,30,61,0,1,49,563,177,-879,2,下位,0,49,51
275,275,0,30,61,0,2,477,563,177,-879,2,下位,0,428,49
1015,1015,0,392,786,0,0,0,752,61,-1931,1,下位,0,0,0
662,662,0,42,85,0,0,0,1015,786,-2782,4,下位,0,0,0
435,435,0,34,69,1,0,0,0,0,1,0,下位,0,0,0
1177,909,137,178,355,0,0,0,435,69,-632,1,下位,0,0,0
268,23,88,178,355,0,1,909,435,69,-632,1,下位,0,909,49
245,114,41,178,355,0,2,932,435,69,-632,1,下位,0,23,47
131,131,0,178,355,0,3,1046,435,69,-632,1,下位,0,114,41
342,213,29,66,133,1,0,0,0,0,1,0,下位,0,0,0
129,129,0,66,133,1,1,213,0,0,1,0,下位,0,213,29
145,145,0,212,423,0,0,0,342,133,-389,2,下位,0,0,0
410,41,44,246,491,0,0,0,145,423,-200,3,下位,0,0,0
369,369,0,246,491,0,1,41,145,423,-200,3,下位,0,41,44
994,334,86,168,335,0,0,0,410,491,-326,4,下位,0,0,0
660,227,39,168,335,0,1,334,410,491,-326,4,下位,0,334,47
433,433,0,168,335,0,2,561,410,491,-326,4,下位,0,227,39
257,257,0,320,641,0,0,0,994,335,-1508,3,下位,0,0,0
867,435,37,150,299,0,0,0,257,641,-1282,5,下位,0,0,0
432,432,0,150,299,0,1,435,257,641,-1282,5,下位,0,435,37
149,149,0,74,146,1,0,0,0,0,1,0,下位,0,0,0
440,275,45,112,223,0,0,0,149,146,-93,1,下位,0,0,0
165,165,0,112,223,0,1,275,149,146,-93,1,下位,0,275,45
125,125,0,320,640,0,0,0,440,223,-535,1,下位,0,0,0
403,403,0,226,451,0,0,0,125,640,-97,3,下位,0,0,0
378,378,0,52,103,1,0,0,0,0,1,0,下位,0,0,0
521,89,41,331,663,0,0,0,378,103,-506,1,下位,0,0,0
432,432,0,331,663,0,1,89,378,103,-506,1,下位,0,89,41
194,194,0,168,337,0,0,0,521,663,-643,6,下位,0,0,0
773,290,94,142,286,0,0,0,194,337,-619,2,下位,0,0,0
483,47,41,142,286,0,1,290,194,337,-619,2,下位,0,290,53
436,436,0,142,286,0,2,337,194,337,-619,2,下位,0,47,41
534,534,0,376,751,0,0,0,773,286,-1486,2,下位,0,0,0
543,543,0,118,238,0,0,0,534,751,-1596,6,下位,0,0,0
615,183,7,92,185,1,0,0,0,0,1,0,下位,0,0,0
432,432,0,92,185,1,1,183,0,0,1,0,下位,0,183,7
31,31,0,40,81,0,0,0,615,185,-799,1,下位,0,0,0
326,326,0,58,115,0,0,0,31,81,-768,1,下位,0,0,0
26,26,0,491,982,0,0,0,326,115,-1179,1,下位,0,0,0
856,856,0,150,299,0,0,0,26,982,-239,5,下位,0,0,0
1278,419,115,744,1489,0,0,0,856,299,-1321,3,下位,0,0,0
859,338,70,744,1489,0,1,419,856,299,-1321,3,下位,0,419,45
521,86,33,744,1489,0,2,757,856,299,-1321,3,下位,0,338,37
435,435,0,744,1489,0,3,843,856,299,-1321,3,下位,0,86,33
215,148,47,148,295,1,0,0,0,0,1,0,下位,0,0,0
67,67,0,148,295,1,1,148,0,0,1,0,下位,0,148,47
503,360,30,76,153,0,0,0,215,295,-4,1,下位,0,0,0
143,143,0,76,153,0,1,360,215,295,-4,1,下位,0,360,30
540,540,0,82,163,0,0,0,503,153,-633,1,下位,0,0,0
611,153,63,106,211,0,0,0,540,163,-1341,1,下位,0,0,0
458,434,43,106,211,0,1,153,540,163,-1341,1,下位,0,153,20
24,24,0,106,211,0,2,587,540,163,-1341,1,下位,0,434,43
226,226,0,226,451,1,0,0,0,0,1,0,下位,0,0,0
483,45,25,1060,2117,0,0,0,226,451,87,5,下位,0,0,0
438,438,0,1060,2117,0,1,45,226,451,87,5,下位,0,45,25
301,301,0,1094,2126,0,0,0,483,2117,1450,14,下位,0,0,0
220,220,0,106,211,0,0,0,301,2126,3091,21,下位,0,0,0
924,924,0,80,159,0,0,0,220,211,2947,2,下位,0,0,0
159,159,0,102,203,1,0,0,0,0,1,0,下位,0,0,0
1027,362,160,598,1197,0,0,0,159,203,-52,2,下位,0,0,0
665,71,119,598,1197,0,1,362,159,203,-52,2,下位,0,362,41
594,7,74,598,1197,0,2,433,159,203,-52,2,下位,0,71,45
587,338,33,598,1197,0,3,440,159,203,-52,2,下位,0,7,41
249,249,0,598,1197,0,4,778,159,203,-52,2,下位,0,338,33
684,252,35,196,393,0,0,0,1027,1197,-352,9,下位,0,0,0
432,432,0,196,393,0,1,252,1027,1197,-352,9,下位,0,252,35
155,155,0,434,868,0,0,0,684,393,-1027,3,下位,0,0,0
167,167,0,388,776,0,0,0,155,868,-409,6,下位,0,0,0
158,158,0,66,133,1,0,0,0,0,1,0,下位,0,0,0
306,306,0,84,167,0,0,0,158,133,-121,1,下位,0,0,0
313,313,0,652,1303,0,0,0,306,167,-448,1,下位,0,0,0
186,57,25,78,154,0,0,0,313,1303,350,9,下位,0,0,0
129,129,0,78,154,0,1,57,313,1303,350,9,下位,0,57,25
118,118,0,80,160,1,0,0,0,0,1,0,下位,0,0,0
102,102,0,40,81,0,0,0,118,160,-29,1,下位,0,0,0
1440,1008,53,72,145,0,0,0,102,81,-113,1,下位,0,0,0
432,432,0,72,145,0,1,1008,102,81,-113,1,下位,0,1008,53
66,22,45,306,613,0,0,0,1440,145,-2238,2,下位,0,0,0
44,44,0,306,613,0,1,22,1440,145,-2238,2,下位,0,22,45
655,655,0,136,271,0,0,0,66,613,-1686,3,下位,0,0,0
430,430,0,198,397,1,0,0,0,0,1,0,下位,0,0,0
127,127,0,968,1936,0,0,0,430,397,-296,2,下位,0,0,0
292,106,53,146,292,1,0,0,0,0,1,0,下位,0,0,0
186,186,0,146,292,1,1,106,0,0,1,0,下位,0,106,53
188,188,0,76,153,0,0,0,292,292,-125,2,下位,0,0,0
105,105,0,268,536,0,0,0,188,153,-275,1,下位,0,0,0
25,25,0,88,175,0,0,0,105,536,92,5,下位,0,0,0
390,390,0,330,660,0,0,0,25,175,227,1,下位,0,0,0
81,81,0,46,91,1,0,0,0,0,1,0,下位,0,0,0
497,148,28,106,213,0,0,0,81,91,-39,1,下位,0,0,0
349,131,27,106,213,0,1,148,81,91,-39,1,下位,0,148,1
218,218,0,106,213,0,2,279,81,91,-39,1,下位,0,131,27
56,56,0,34,67,0,0,0,497,213,-600,2,下位,0,0,0
510,78,55,1692,3321,0,0,0,56,67,-623,1,下位,0,0,0
432,432,0,1692,3321,0,1,78,56,67,-623,1,下位,0,78,55
441,441,0,211,422,0,0,0,510,3321,1930,20,下位,0,0,0
1117,251,80,80,159,0,0,0,441,422,1641,2,下位,0,0,0
866,432,31,80,159,0,1,251,441,422,1641,2,下位,0,251,49
434,434,0,80,159,0,2,683,441,422,1641,2,下位,0,432,31
317,317,0,206,413,1,0,0,0,0,1,0,下位,0,0,0
492,492,0,152,305,0,0,0,317,413,-97,3,下位,0,0,0
136,136,0,380,761,0,0,0,492,305,-586,2,下位,0,0,0
1389,958,23,224,447,0,0,0,136,761,-44,2,下位,0,0,0
431,431,0,224,447,0,1,958,136,761,-44,2,下位,0,958,23
438,438,0,250,499,1,0,0,0,0,1,0,下位,0,0,0
1008,1008,0,128,255,0,0,0,438,499,-206,5,下位,0,0,0
155,155,0,180,361,0,0,0,1008,255,-1577,2,下位,0,0,0
432,432,0,112,223,1,0,0,0,0,1,0,下位,0,0,0
160,160,0,76,151,0,0,0,432,223,-473,2,下位,0,0,0
742,135,112,88,177,0,0,0,160,151,-580,1,下位,0,0,0
607,319,61,88,177,0,1,135,160,151,-580,1,下位,0,135,51
288,288,0,88,177,0,2,454,160,151,-580,1,下位,0,319,61
507,126,45,74,147,0,0,0,742,177,-1489,1,下位,0,0,0
381,381,0,74,147,0,1,126,742,177,-1489,1,下位,0,126,45
154,154,0,260,519,0,0,0,507,147,-2115,1,下位,0,0,0
427,427,0,534,1067,0,0,0,154,519,-1844,3,下位,0,0,0
834,834,0,318,638,0,0,0,427,1067,-1466,5,下位,0,0,0
152,152,0,708,1416,1,0,0,0,0,1,0,下位,0,0,0
249,160,51,638,1276,0,0,0,152,1416,1172,8,下位,0,0,0
89,89,0,638,1276,0,1,160,152,1416,1172,8,下位,0,160,51
602,173,25,210,421,0,0,0,249,1276,2097,8,下位,0,0,0
429,429,0,210,421,0,1,173,249,1276,2097,8,下位,0,173,25
82,82,0,354,706,0,0,0,602,421,1572,3,下位,0,0,0
109,109,0,66,133,0,0,0,82,706,2146,6,下位,0,0,0
418,418,0,83,166,0,0,0,109,133,2103,1,下位,0,0,0
786,630,409,70,139,0,0,0,418,166,1595,1,下位,0,0,0
156,156,0,70,139,0,1,630,418,166,1595,1,下位,0,630,409
79,79,0,40,81,1,0,0,0,0,1,0,下位,0,0,0
203,44,47,78,157,0,0,0,79,81,-45,1,下位,0,0,0
159,159,0,78,157,0,1,44,79,81,-45,1,下位,0,44,47
677,677,0,636,1272,0,0,0,203,157,-168,1,下位,0,0,0
303,149,23,118,235,0,0,0,677,1272,12,7,下位,0,0,0
154,154,0,118,235,0,1,149,677,1272,12,7,下位,0,149,23
609,514,53,72,143,0,0,0,303,235,-218,1,下位,0,0,0
95,95,0,72,143,0,1,514,303,235,-218,1,下位,0,514,53
1447,1014,47,536,1073,0,0,0,609,143,-1004,1,下位,0,0,0
433,433,0,536,1073,0,1,1014,609,143,-1004,1,下位,0,1014,47
138,138,0,308,616,0,0,0,1447,1073,-2217,7,下位,0,0,0
460,460,0,256,511,0,0,0,138,616,-1824,5,下位,0,0,0
302,302,0,150,299,0,0,0,460,511,-2055,4,下位,0,0,0
701,701,0,74,150,0,0,0,302,299,-2243,2,下位,0,0,0
724,429,25,638,1277,1,0,0,0,0,1,0,下位,0,0,0
295,295,0,638,1277,1,1,429,0,0,1,0,下位,0,429,25
950,318,102,86,171,1,0,0,0,0,1,0,下位,0,0,0
632,134,63,86,171,1,1,318,0,0,1,0,下位,0,318,39
498,201,38,86,171,1,2,452,0,0,1,0,下位,0,134,25
297,297,0,86,171,1,3,653,0,0,1,0,下位,0,201,38
166,166,0,220,439,0,0,0,950,171,-1258,1,下位,0,0,0
432,432,0,78,155,0,0,0,166,439,-1087,3,下位,0,0,0
303,303,0,306,611,0,0,0,432,155,-1629,2,下位,0,0,0
33,33,0,38,77,0,0,0,303,611,-1507,3,下位,0,0,0
724,484,41,182,366,0,0,0,33,77,-1483,1,下位,0,0,0
240,240,0,182,366,0,1,484,33,77,-1483,1,下位,0,484,41
679,90,47,136,273,0,0,0,724,366,-2244,2,下位,0,0,0
589,155,47,136,273,0,1,90,724,366,-2244,2,下位,0,90,0
434,434,0,136,273,0,2,245,724,366,-2244,2,下位,0,155,47
563,563,0,112,223,0,0,0,679,273,-3019,3,下位,0,0,0
829,761,53,564,1126,0,0,0,563,223,-3704,3,下位,0,0,0
68,68,0,564,1126,0,1,761,563,223,-3704,3,下位,0,761,53
73,73,0,224,449,0,0,0,829,1126,-3862,3,下位,0,0,0
79,79,0,262,523,1,0,0,0,0,1,0,下位,0,0,0
1014,1014,0,142,285,0,0,0,79,523,397,5,下位,0,0,0
369,369,0,222,444,1,0,0,0,0,1,0,下位,0,0,0
819,607,26,288,577,0,0,0,369,444,-150,1,下位,0,0,0
212,212,0,288,577,0,1,607,369,444,-150,1,下位,0,607,26
687,687,0,1070,2141,0,0,0,819,577,-868,6,下位,0,0,0
137,137,0,118,235,0,0,0,687,2141,165,15,下位,0,0,0
1010,1010,0,44,89,0,0,0,137,235,179,1,下位,0,0,0
432,432,0,82,165,1,0,0,0,0,1,0,下位,0,0,0
184,184,0,216,431,0,0,0,432,165,-531,1,下位,0,0,0
637,637,0,500,999,0,0,0,184,431,-397,2,下位,0,0,0
206,206,0,82,165,0,0,0,637,999,-425,8,下位,0,0,0
69,69,0,98,197,0,0,0,206,165,-592,1,下位,0,0,0
1352,1016,37,340,678,0,0,0,69,197,-506,1,下位,0,0,0
336,336,0,340,678,0,1,1016,69,197,-506,1,下位,0,1016,37
117,117,0,88,177,1,0,0,0,0,1,0,下位,0,0,0
821,821,0,232,463,0,0,0,117,177,-11,1,下位,0,0,0
1028,1028,0,150,299,0,0,0,821,463,-872,1,下位,0,0,0
283,283,0,148,297,0,0,0,1028,299,-2231,2,下位,0,0,0
433,433,0,188,375,1,0,0,0,0,1,0,下位,0,0,0
391,49,45,70,139,0,0,0,433,375,-322,2,下位,0,0,0
342,342,0,70,139,0,1,49,433,375,-322,2,下位,0,49,45
52,52,0,116,232,0,0,0,391,139,-769,1,下位,0,0,0
171,171,0,488,977,0,0,0,52,232,-621,1,下位,0,0,0
595,595,0,1934,3803,0,0,0,171,977,80,4,下位,0,0,0
42,42,0,386,770,0,0,0,595,3803,2923,19,下位,0,0,0
290,177,51,302,605,0,0,0,42,770,3625,4,下位,0,0,0
113,113,0,302,605,0,1,177,42,770,3625,4,下位,0,177,51
598,598,0,84,169,0,0,0,290,605,3814,5,下位,0,0,0
547,201,29,673,1346,1,0,0,0,0,1,0,下位,0,0,0
346,346,0,673,1346,1,1,201,0,0,1,0,下位,0,201,29
113,113,0,312,624,0,0,0,547,1346,494,8,下位,0,0,0
95,95,0,438,875,0,0,0,113,624,936,3,下位,0,0,0
163,163,0,52,103,0,0,0,95,875,1658,5,下位,0,0,0
152,152,0,300,601,0,0,0,163,103,1498,1,下位,0,0,0
171,171,0,230,461,0,0,0,152,601,1854,4,下位,0,0,0
325,53,45,40,79,1,0,0,0,0,1,0,下位,0,0,0
272,272,0,40,79,1,1,53,0,0,1,0,下位,0,53,45
176,176,0,78,155,0,0,0,325,79,-399,1,下位,0,0,0
197,197,0,40,82,0,0,0,176,155,-528,1,下位,0,0,0
559,559,0,218,437,0,0,0,197,82,-764,1,下位,0,0,0
816,168,80,576,1153,0,0,0,559,437,-1229,5,下位,0,0,0
648,354,43,576,1153,0,1,168,559,437,-1229,5,下位,0,168,37
294,294,0,576,1153,0,2,522,559,437,-1229,5,下位,0,354,43
146,146,0,78,158,0,0,0,816,1153,-1312,7,下位,0,0,0
725,725,0,446,890,0,0,0,146,158,-1389,1,下位,0,0,0
57,57,0,80,159,0,0,0,725,890,-1668,6,下位,0,0,0
683,249,39,590,1181,0,0,0,57,159,-1601,1,下位,0,0,0
434,434,0,590,1181,0,1,249,57,159,-1601,1,下位,0,249,39
388,388,0,88,177,0,0,0,683,1181,-1483,11,下位,0,0,0
1422,432,125,208,417,1,0,0,0,0,1,0,下位,0,0,0
990,436,88,208,417,1,1,432,0,0,1,0,下位,0,432,37
554,121,37,208,417,1,2,868,0,0,1,0,下位,0,436,51
433,433,0,208,417,1,3,989,0,0,1,0,下位,0,121,37
1011,1011,0,186,373,0,0,0,1422,417,-1750,4,下位,0,0,0
775,775,0,162,323,0,0,0,1011,373,-3008,4,下位,0,0,0
739,306,43,578,1156,0,0,0,775,323,-3935,2,下位,0,0,0
433,433,0,578,1156,0,1,306,775,323,-3935,2,下位,0,306,43
966,83,150,60,119,1,0,0,0,0,1,0,下位,0,0,0
883,170,101,60,119,1,1,83,0,0,1,0,下位,0,83,49
713,159,80,60,119,1,2,253,0,0,1,0,下位,0,170,21
554,111,39,60,119,1,3,412,0,0,1,0,下位,0,159,41
443,443,0,60,119,1,4,523,0,0,1,0,下位,0,111,39
364,364,0,146,293,0,0,0,966,119,-1288,1,下位,0,0,0
1011,1011,0,34,67,0,0,0,364,293,-1582,2,下位,0,0,0
663,571,33,172,343,0,0,0,1011,67,-3146,1,下位,0,0,0
92,92,0,172,343,0,1,571,1011,67,-3146,1,下位,0,571,33
338,338,0,266,531,0,0,0,663,343,-3839,1,下位,0,0,0
47,47,0,320,639,0,0,0,338,531,-3853,5,下位,0,0,0
156,156,0,54,110,0,0,0,47,639,-3290,2,下位,0,0,0
106,106,0,184,368,0,0,0,156,110,-3432,2,下位,0,0,0
34,34,0,240,480,0,0,0,106,368,-3235,4,下位,0,0,0
310,310,0,378,757,0,0,0,34,480,-2810,6,下位,0,0,0
743,433,41,462,925,1,0,0,0,0,1,0,下位,0,0,0
310,310,0,462,925,1,1,433,0,0,1,0,下位,0,433,41
467,219,53,40,81,0,0,0,743,925,-231,4,下位,0,0,0
248,248,0,40,81,0,1,219,743,925,-231,4,下位,0,219,53
727,545,23,124,249,0,0,0,467,81,-850,1,下位,0,0,0
182,182,0,124,249,0,1,545,467,81,-850,1,下位,0,545,23
156,156,0,428,859,0,0,0,727,249,-1751,1,下位,0,0,0
1012,1012,0,82,163,0,0,0,156,859,-1144,8,下位,0,0,0
351,283,45,250,498,0,0,0,1012,163,-2613,1,下位,0,0,0
68,68,0,250,498,0,1,283,1012,163,-2613,1,下位,0,283,45
711,711,0,28,55,0,0,0,351,498,-2636,3,下位,0,0,0
206,206,0,52,103,1,0,0,0,0,1,0,下位,0,0,0
316,316,0,206,413,1,0,0,0,0,1,0,下位,0,0,0
297,297,0,682,1363,0,0,0,316,413,-96,3,下位,0,0,0
153,153,0,404,810,1,0,0,0,0,1,0,下位,0,0,0
36,36,0,56,111,0,0,0,153,810,564,4,下位,0,0,0
191,191,0,880,1760,0,0,0,36,111,617,1,下位,0,0,0
1100,722,55,286,574,0,0,0,191,1760,2069,8,下位,0,0,0
378,378,0,286,574,0,1,722,191,1760,2069,8,下位,0,722,55
173,173,0,178,356,0,0,0,1100,574,923,4,下位,0,0,0
266,266,0,70,141,0,0,0,173,356,1000,2,下位,0,0,0
322,322,0,362,724,0,0,0,266,141,712,1,下位,0,0,0
32,32,0,197,394,0,0,0,322,724,917,6,下位,0,0,0
447,447,0,42,83,0,0,0,32,394,1259,1,下位,0,0,0
495,495,0,90,181,0,0,0,447,83,621,1,下位,0,0,0
377,377,0,150,302,1,0,0,0,0,1,0,下位,0,0,0
531,385,31,122,243,0,0,0,377,302,-305,2,下位,0,0,0
146,146,0,122,243,0,1,385,377,302,-305,2,下位,0,385,31
1461,1029,55,174,349,0,0,0,531,243,-887,1,下位,0,0,0
432,432,0,174,349,0,1,1029,531,243,-887,1,下位,0,1029,55
287,287,0,37,74,0,0,0,1461,349,-2840,3,下位,0,0,0
74,74,0,131,262,0,0,0,287,74,-3229,1,下位,0,0,0
592,160,41,172,344,0,0,0,74,262,-3086,2,下位,0,0,0
432,432,0,172,344,0,1,160,74,262,-3086,2,下位,0,160,41
249,249,0,45,90,1,0,0,0,0,1,0,下位,0,0,0
948,297,108,366,733,0,0,0,249,90,-311,1,下位,0,0,0
651,429,57,366,733,0,1,297,249,90,-311,1,下位,0,297,51
222,222,0,366,733,0,2,726,249,90,-311,1,下位,0,429,57
457,230,31,314,630,0,0,0,948,733,-999,2,下位,0,0,0
227,227,0,314,630,0,1,230,948,733,-999,2,下位,0,230,31
130,130,0,190,382,0,0,0,457,630,-1075,5,下位,0,0,0
300,144,33,224,449,0,0,0,130,382,-903,2,下位,0,0,0
156,156,0,224,449,0,1,144,130,382,-903,2,下位,0,144,33
443,443,0,58,117,0,0,0,300,449,-905,5,下位,0,0,0
952,117,94,1290,2578,1,0,0,0,0,1,0,下位,0,0,0
835,404,37,1290,2578,1,1,117,0,0,1,0,下位,0,117,57
431,431,0,1290,2578,1,2,521,0,0,1,0,下位,0,404,37
741,741,0,522,1041,0,0,0,952,2578,1137,14,下位,0,0,0
258,258,0,70,139,0,0,0,741,1041,983,6,下位,0,0,0
190,190,0,376,752,0,0,0,258,139,706,1,下位,0,0,0
66,66,0,474,949,0,0,0,190,752,1152,5,下位,0,0,0
160,160,0,300,601,1,0,0,0,0,1,0,下位,0,0,0
119,119,0,238,476,0,0,0,160,601,344,4,下位,0,0,0
135,135,0,506,1014,0,0,0,119,476,628,4,下位,0,0,0
710,710,0,102,205,0,0,0,135,1014,1424,7,下位,0,0,0
27,27,0,374,750,0,0,0,710,205,484,2,下位,0,0,0
535,535,0,110,218,0,0,0,27,750,1190,5,下位,0,0,0
229,229,0,1322,2582,0,0,0,535,218,545,1,下位,0,0,0
515,289,43,286,574,0,0,0,229,2582,2758,19,下位,0,0,0
226,226,0,286,574,0,1,289,229,2582,2758,19,下位,0,289,43
491,491,0,168,337,0,0,0,515,574,2544,4,下位,0,0,0
142,142,0,132,263,0,0,0,491,337,2089,3,下位,0,0,0
437,437,0,68,136,1,0,0,0,0,1,0,下位,0,0,0
335,335,0,33,66,0,0,0,437,136,-568,1,下位,0,0,0
983,780,47,342,683,0,0,0,335,66,-1042,1,下位,0,0,0
203,203,0,342,683,0,1,780,335,66,-1042,1,下位,0,780,47
212,212,0,442,884,0,0,0,983,683,-1897,7,下位,0,0,0
41,41,0,867,1734,0,0,0,212,884,-1355,5,下位,0,0,0
813,430,33,977,1953,1,0,0,0,0,1,0,下位,0,0,0
383,383,0,977,1953,1,1,430,0,0,1,0,下位,0,430,33
393,393,0,537,1075,0,0,0,813,1953,675,15,下位,0,0,0
311,311,0,184,367,0,0,0,393,1075,1116,8,下位,0,0,0
59,59,0,1200,2338,0,0,0,311,367,981,3,下位,0,0,0
163,163,0,178,355,0,0,0,59,2338,3224,17,下位,0,0,0
542,542,0,98,194,0,0,0,163,355,3316,3,下位,0,0,0
434,434,0,553,1105,1,0,0,0,0,1,0,下位,0,0,0
265,265,0,1490,2920,1,0,0,0,0,1,0,下位,0,0,0
135,135,0,380,759,0,0,0,265,2920,2494,18,下位,0,0,0
431,83,59,112,225,0,0,0,135,759,3035,5,下位,0,0,0
348,348,0,112,225,0,1,83,135,759,3035,5,下位,0,83,59
575,575,0,54,109,0,0,0,431,225,2624,2,下位,0,0,0
530,530,0,80,159,0,0,0,575,109,1806,1,下位,0,0,0
434,434,0,54,107,1,0,0,0,0,1,0,下位,0,0,0
215,215,0,74,147,0,0,0,434,107,-592,1,下位,0,0,0
73,73,0,445,891,0,0,0,215,147,-792,1,下位,0,0,0
487,119,41,110,221,0,0,0,73,891,-19,6,下位,0,0,0
368,368,0,110,221,0,1,119,73,891,-19,6,下位,0,119,41
97,97,0,478,955,0,0,0,487,221,-543,2,下位,0,0,0
274,274,0,172,343,0,0,0,97,955,256,7,下位,0,0,0
153,153,0,228,458,0,0,0,274,343,157,2,下位,0,0,0
577,577,0,636,1272,0,0,0,153,458,368,5,下位,0,0,0
468,35,59,510,1020,0,0,0,577,1272,709,6,下位,0,0,0
433,433,0,510,1020,0,1,35,577,1272,709,6,下位,0,35,59
179,179,0,190,381,0,0,0,468,1020,1034,2,下位,0,0,0
1294,428,122,197,394,1,0,0,0,0,1,0,下位,0,0,0
866,433,63,197,394,1,1,428,0,0,1,0,下位,0,428,59
433,433,0,197,394,1,2,861,0,0,1,0,下位,0,433,63
440,96,51,60,121,0,0,0,1294,394,-1569,2,下位,0,0,0
344,344,0,60,121,0,1,96,1294,394,-1569,2,下位,0,96,51
474,165,33,84,170,0,0,0,440,121,-2107,1,下位,0,0,0
309,309,0,84,170,0,1,165,440,121,-2107,1,下位,0,165,33
960,960,0,334,667,0,0,0,474,170,-2668,1,下位,0,0,0
311,311,0,632,1263,0,0,0,960,667,-3549,3,下位,0,0,0
1217,293,119,236,471,0,0,0,311,1263,-2788,10,下位,0,0,0
924,54,74,236,471,0,1,293,311,1263,-2788,10,下位,0,293,45
870,438,35,236,471,0,2,347,311,1263,-2788,10,下位,0,54,39
432,432,0,236,471,0,3,785,311,1263,-2788,10,下位,0,438,35
824,824,0,84,167,0,0,0,1217,471,-4161,4,下位,0,0,0
71,71,0,1082,2171,1,0,0,0,0,1,0,下位,0,0,0
159,159,0,80,161,0,0,0,71,2171,2057,14,下位,0,0,0
173,173,0,44,87,0,0,0,159,161,1962,1,下位,0,0,0
162,162,0,696,1393,1,0,0,0,0,1,0,下位,0,0,0
350,350,0,114,229,0,0,0,162,1393,1133,14,下位,0,0,0
812,812,0,30,59,0,0,0,350,229,797,2,下位,0,0,0
176,176,0,176,351,1,0,0,0,0,1,0,下位,0,0,0
40,40,0,1838,3616,0,0,0,176,351,68,1,下位,0,0,0
173,173,0,246,494,0,0,0,40,3616,3619,19,下位,0,0,0
432,432,0,92,183,0,0,0,173,494,3834,4,下位,0,0,0
658,490,27,858,1718,0,0,0,432,183,3320,1,下位,0,0,0
168,168,0,858,1718,0,1,490,432,183,3320,1,下位,0,490,27
677,244,53,598,1196,0,0,0,658,1718,4004,11,下位,0,0,0
433,433,0,598,1196,0,1,244,658,1718,4004,11,下位,0,244,53
161,131,33,216,431,1,0,0,0,0,1,0,下位,0,0,0
30,30,0,216,431,1,1,131,0,0,1,0,下位,0,131,33
915,45,166,292,583,0,0,0,161,431,206,3,下位,0,0,0
870,125,123,292,583,0,1,45,161,431,206,3,下位,0,45,43
745,135,80,292,583,0,2,170,161,431,206,3,下位,0,125,43
610,432,31,292,583,0,3,305,161,431,206,3,下位,0,135,49
178,178,0,292,583,0,4,737,161,431,206,3,下位,0,432,31
576,576,0,702,1403,0,0,0,915,583,-522,7,下位,0,0,0
359,359,0,62,125,0,0,0,576,1403,-48,9,下位,0,0,0
587,426,31,188,375,1,0,0,0,0,1,0,下位,0,0,0
161,161,0,188,375,1,1,426,0,0,1,0,下位,0,426,31
868,541,53,1700,3339,0,0,0,587,375,-540,3,下位,0,0,0
327,327,0,1700,3339,0,1,541,587,375,-540,3,下位,0,541,53
1014,1014,0,184,369,0,0,0,868,3339,1452,22,下位,0,0,0
277,61,14,208,415,0,0,0,1014,369,186,2,下位,0,0,0
216,216,0,208,415,0,1,61,1014,369,186,2,下位,0,61,14
779,347,47,178,357,1,0,0,0,0,1,0,下位,0,0,0
432,432,0,178,357,1,1,347,0,0,1,0,下位,0,347,47
79,79,0,126,251,0,0,0,779,357,-852,4,下位,0,0,0
170,170,0,42,85,0,0,0,79,251,-728,1,下位,0,0,0
143,143,0,280,561,0,0,0,170,85,-917,1,下位,0,0,0
78,46,45,28,55,0,0,0,143,561,-587,6,下位,0,0,0
32,32,0,28,55,0,1,46,143,561,-587,6,下位,0,46,45
214,120,49,226,453,0,0,0,78,55,-613,1,下位,0,0,0
94,94,0,226,453,0,1,120,78,55,-613,1,下位,0,120,49
588,154,59,78,155,0,0,0,214,453,-457,2,下位,0,0,0
434,434,0,78,155,0,1,154,214,453,-457,2,下位,0,154,59
170,170,0,138,277,0,0,0,588,155,-1191,1,下位,0,0,0
23,23,0,288,577,0,0,0,170,277,-1188,3,下位,0,0,0
1072,773,76,490,981,0,0,0,23,577,-648,3,下位,0,0,0
299,117,41,490,981,0,1,773,23,577,-648,3,下位,0,773,35
182,182,0,490,981,0,2,890,23,577,-648,3,下位,0,117,41
377,377,0,100,199,0,0,0,1072,981,-1321,6,下位,0,0,0
843,73,67,88,175,0,0,0,377,199,-1730,1,下位,0,0,0
770,343,35,88,175,0,1,73,377,199,-1730,1,下位,0,73,32
427,427,0,88,175,0,2,416,377,199,-1730,1,下位,0,343,35
113,113,0,82,166,0,0,0,843,175,-2848,1,下位,0,0,0
429,429,0,48,95,1,0,0,0,0,1,0,下位,0,0,0
894,755,61,20,40,0,0,0,429,95,-596,1,下位,0,0,0
139,139,0,20,40,0,1,755,429,95,-596,1,下位,0,755,61
578,149,22,150,299,0,0,0,894,40,-1937,1,下位,0,0,0
429,429,0,150,299,0,1,149,894,40,-1937,1,下位,0,149,22
363,363,0,88,175,0,0,0,578,299,-2548,2,下位,0,0,0
24,24,0,400,799,0,0,0,363,175,-2958,1,下位,0,0,0
120,120,0,72,145,0,0,0,24,799,-2198,10,下位,0,0,0
432,432,0,118,237,1,0,0,0,0,1,0,下位,0,0,0
240,240,0,148,297,0,0,0,432,237,-459,2,下位,0,0,0
559,17,67,232,464,0,0,0,240,297,-549,2,下位,0,0,0
542,432,34,232,464,0,1,17,240,297,-549,2,下位,0,17,33
110,110,0,232,464,0,2,449,240,297,-549,2,下位,0,432,34
409,409,0,144,289,0,0,0,559,464,-919,3,下位,0,0,0
110,110,0,162,325,0,0,0,409,289,-1290,1,下位,0,0,0
1425,926,127,116,232,0,0,0,110,325,-1142,3,下位,0,0,0
499,150,92,116,232,0,1,926,110,325,-1142,3,下位,0,926,35
349,262,39,116,232,0,2,1076,110,325,-1142,3,下位,0,150,53
87,87,0,116,232,0,3,1338,110,325,-1142,3,下位,0,262,39
243,243,0,308,617,0,0,0,1425,232,-3082,2,下位,0,0,0
293,293,0,110,219,0,0,0,243,617,-2857,4,下位,0,0,0
476,476,0,108,215,0,0,0,293,219,-3111,2,下位,0,0,0
142,142,0,176,351,1,0,0,0,0,1,0,下位,0,0,0
220,220,0,766,1531,0,0,0,142,351,123,2,下位,0,0,0
1412,1018,60,184,370,0,0,0,220,1531,1299,12,下位,0,0,0
394,325,39,184,370,0,1,1018,220,1531,1299,12,下位,0,1018,21
69,69,0,184,370,0,2,1343,220,1531,1299,12,下位,0,325,39
48,48,0,76,153,0,0,0,1412,370,-548,2,下位,0,0,0
96,96,0,22,45,0,0,0,48,153,-472,1,下位,0,0,0
375,375,0,886,1773,0,0,0,96,45,-582,1,下位,0,0,0
438,227,49,896,1789,0,0,0,375,1773,586,15,下位,0,0,0
211,211,0,896,1789,0,1,227,375,1773,586,15,下位,0,227,49
168,168,0,30,59,1,0,0,0,0,1,0,下位,0,0,0
648,648,0,134,269,0,0,0,168,59,-211,1,下位,0,0,0
167,167,0,310,618,0,0,0,648,269,-987,2,下位,0,0,0
1154,1013,33,92,183,0,0,0,167,618,-638,4,下位,0,0,0
141,141,0,92,183,0,1,1013,167,618,-638,4,下位,0,1013,33
135,135,0,298,596,0,0,0,1154,183,-2283,1,下位,0,0,0
316,316,0,24,49,0,0,0,135,596,-1905,2,下位,0,0,0
251,131,45,52,103,0,0,0,316,49,-2366,1,下位,0,0,0
120,120,0,52,103,0,1,131,316,49,-2366,1,下位,0,131,45
486,380,100,544,1090,0,0,0,251,103,-2623,1,下位,0,0,0
106,24,51,544,1090,0,1,380,251,103,-2623,1,下位,0,380,49
82,82,0,544,1090,0,2,404,251,103,-2623,1,下位,0,24,51
849,849,0,46,91,0,0,0,486,1090,-2217,6,下位,0,0,0
434,434,0,438,876,1,0,0,0,0,1,0,下位,0,0,0
432,432,0,88,177,0,0,0,434,876,177,9,下位,0,0,0
2005,1012,122,1292,2583,0,0,0,432,177,-343,1,下位,0,0,0
993,408,83,1292,2583,0,1,1012,432,177,-343,1,下位,0,1012,39
585,434,53,1292,2583,0,2,1420,432,177,-343,1,下位,0,408,30
151,151,0,1292,2583,0,3,1854,432,177,-343,1,下位,0,434,53
71,71,0,240,481,0,0,0,2005,2583,-872,21,下位,0,0,0
277,277,0,1284,2570,1,0,0,0,0,1,0,下位,0,0,0
1012,1012,0,478,955,0,0,0,277,2570,2124,17,下位,0,0,0
229,229,0,64,127,0,0,0,1012,955,1447,6,下位,0,0,0
239,239,0,210,419,0,0,0,229,127,1205,2,下位,0,0,0
204,204,0,196,391,0,0,0,239,419,1239,2,下位,0,0,0
67,67,0,98,195,0,0,0,204,391,1301,4,下位,0,0,0
1052,955,39,102,203,0,0,0,67,195,1388,2,下位,0,0,0
97,97,0,102,203,0,1,955,67,195,1388,2,下位,0,955,39
161,161,0,114,229,0,0,0,1052,203,-66,1,下位,0,0,0
65,65,0,909,1817,1,0,0,0,0,1,0,下位,0,0,0
244,244,0,78,157,0,0,0,65,1817,1713,13,下位,0,0,0
219,219,0,123,246,0,0,0,244,157,1476,2,下位,0,0,0
535,188,43,152,305,0,0,0,219,246,1369,2,下位,0,0,0
347,347,0,152,305,0,1,188,219,246,1369,2,下位,0,188,43
57,57,0,104,208,0,0,0,535,305,854,3,下位,0,0,0
113,113,0,42,85,0,0,0,57,208,970,2,下位,0,0,0
160,160,0,136,271,0,0,0,113,85,873,1,下位,0,0,0
436,436,0,1120,2239,1,0,0,0,0,1,0,下位,0,0,0
802,480,53,278,555,0,0,0,436,2239,1537,17,下位,0,0,0
322,322,0,278,555,0,1,480,436,2239,1537,17,下位,0,480,53
373,41,62,330,660,0,0,0,802,555,852,2,下位,0,0,0
332,332,0,330,660,0,1,41,802,555,852,2,下位,0,41,62
487,152,98,148,297,0,0,0,373,660,973,5,下位,0,0,0
335,183,51,148,297,0,1,152,373,660,973,5,下位,0,152,47
152,152,0,148,297,0,2,335,373,660,973,5,下位,0,183,51
218,218,0,38,77,0,0,0,487,297,583,3,下位,0,0,0
587,437,23,136,273,0,0,0,218,77,308,1,下位,0,0,0
150,150,0,136,273,0,1,437,218,77,308,1,下位,0,437,23
53,53,0,66,131,0,0,0,587,273,-343,3,下位,0,0,0
812,433,55,262,522,1,0,0,0,0,1,0,下位,0,0,0
379,379,0,262,522,1,1,433,0,0,1,0,下位,0,433,55
347,347,0,102,204,0,0,0,812,522,-731,3,下位,0,0,0
1105,741,61,102,203,0,0,0,347,204,-1087,2,下位,0,0,0
364,364,0,102,203,0,1,741,347,204,-1087,2,下位,0,741,61
476,105,68,266,533,1,0,0,0,0,1,0,下位,0,0,0
371,316,27,266,533,1,1,105,0,0,1,0,下位,0,105,41
55,55,0,266,533,1,2,421,0,0,1,0,下位,0,316,27
415,415,0,140,281,0,0,0,476,533,-166,4,下位,0,0,0
341,7,42,44,87,0,0,0,415,281,-554,3,下位,0,0,0
334,334,0,44,87,0,1,7,415,281,-554,3,下位,0,7,42
53,53,0,124,247,0,0,0,341,87,-975,1,下位,0,0,0
608,176,67,782,1566,0,0,0,53,247,-813,3,下位,0,0,0
432,432,0,782,1566,0,1,176,53,247,-813,3,下位,0,176,67
527,429,15,324,649,1,0,0,0,0,1,0,下位,0,0,0
98,98,0,324,649,1,1,429,0,0,1,0,下位,0,429,15
143,143,0,98,195,0,0,0,527,649,-185,5,下位,0,0,0
558,264,59,100,201,0,0,0,143,195,-221,2,下位,0,0,0
294,294,0,100,201,0,1,264,143,195,-221,2,下位,0,264,59
212,212,0,48,96,0,0,0,558,201,-861,1,下位,0,0,0
156,156,0,1338,2676,0,0,0,212,96,-1107,1,下位,0,0,0
25,25,0,1320,2581,1,0,0,0,0,1,0,下位,0,0,0
1323,550,88,78,155,0,0,0,25,2581,2542,16,下位,0,0,0
773,430,35,78,155,0,1,550,25,2581,2542,16,下位,0,550,53
343,343,0,78,155,0,2,980,25,2581,2542,16,下位,0,430,35
335,335,0,272,544,0,0,0,1323,155,651,1,下位,0,0,0
136,136,0,212,423,0,0,0,335,544,655,3,下位,0,0,0
317,317,0,144,287,0,0,0,136,423,859,4,下位,0,0,0
432,432,0,192,383,1,0,0,0,0,1,0,下位,0,0,0
79,79,0,934,1869,0,0,0,432,383,-313,3,下位,0,0,0
336,336,0,1048,2033,0,0,0,79,1869,1429,13,下位,0,0,0
42,42,0,302,604,0,0,0,336,2033,2920,16,下位,0,0,0
433,433,0,616,1233,1,0,0,0,0,1,0,下位,0,0,0
907,907,0,38,75,0,0,0,433,1233,536,8,下位,0,0,0
811,811,0,52,103,0,0,0,907,75,-852,1,下位,0,0,0
47,47,0,256,513,0,0,0,811,103,-2057,1,下位,0,0,0
58,58,0,36,72,0,0,0,47,513,-1620,2,下位,0,0,0
483,52,27,334,668,0,0,0,58,72,-1642,1,下位,0,0,0
431,431,0,334,668,0,1,52,58,72,-1642,1,下位,0,52,27
416,416,0,136,271,0,0,0,483,668,-1726,4,下位,0,0,0
582,169,184,1108,2217,0,0,0,416,271,-2126,3,下位,0,0,0
413,413,0,1108,2217,0,1,169,416,271,-2126,3,下位,0,169,184
390,73,74,556,1113,1,0,0,0,0,1,0,下位,0,0,0
317,153,39,556,1113,1,1,73,0,0,1,0,下位,0,73,35
164,164,0,556,1113,1,2,226,0,0,1,0,下位,0,153,39
27,27,0,244,487,0,0,0,390,1113,558,5,下位,0,0,0
691,153,113,74,149,0,0,0,27,487,1001,3,下位,0,0,0
538,35,72,74,149,0,1,153,27,487,1001,3,下位,0,153,41
503,252,45,74,149,0,2,188,27,487,1001,3,下位,0,35,27
251,251,0,74,149,0,3,440,27,487,1001,3,下位,0,252,45
524,524,0,244,487,0,0,0,691,149,149,1,下位,0,0,0
147,147,0,184,367,0,0,0,524,487,-209,4,下位,0,0,0
145,91,45,202,402,0,0,0,147,367,-79,2,下位,0,0,0
54,54,0,202,402,0,1,91,147,367,-79,2,下位,0,91,45
40,40,0,48,97,1,0,0,0,0,1,0,下位,0,0,0
807,807,0,654,1311,0,0,0,40,97,33,1,下位,0,0,0
1014,1014,0,208,417,0,0,0,807,1311,42,6,下位,0,0,0
864,429,51,2461,4861,1,0,0,0,0,1,0,下位,0,0,0
435,435,0,2461,4861,1,1,429,0,0,1,0,下位,0,429,51
500,69,47,244,486,0,0,0,864,4861,3519,25,下位,0,0,0
431,431,0,244,486,0,1,69,864,4861,3519,25,下位,0,69,47
473,128,58,368,736,0,0,0,500,486,3246,4,下位,0,0,0
345,345,0,368,736,0,1,128,500,486,3246,4,下位,0,128,58
953,854,185,192,385,0,0,0,473,736,3278,6,下位,0,0,0
99,52,144,192,385,0,1,854,473,736,3278,6,下位,0,854,41
47,47,0,192,385,0,2,906,473,736,3278,6,下位,0,52,144
529,408,185,102,203,0,0,0,953,385,2311,2,下位,0,0,0
121,82,152,102,203,0,1,408,953,385,2311,2,下位,0,408,33
39,39,0,102,203,0,2,490,953,385,2311,2,下位,0,82,152
573,139,45,456,910,1,0,0,0,0,1,0,下位,0,0,0
434,434,0,456,910,1,1,139,0,0,1,0,下位,0,139,45
212,48,202,268,537,0,0,0,573,910,32,4,下位,0,0,0
164,164,0,268,537,0,1,48,573,910,32,4,下位,0,48,202
896,896,0,74,147,0,0,0,212,537,429,4,下位,0,0,0
307,307,0,92,183,1,0,0,0,0,1,0,下位,0,0,0
173,173,0,180,359,0,0,0,307,183,-311,1,下位,0,0,0
575,536,41,70,139,0,0,0,173,359,-231,2,下位,0,0,0
39,39,0,70,139,0,1,536,173,359,-231,2,下位,0,536,41
871,871,0,126,253,0,0,0,575,139,-979,1,下位,0,0,0
123,123,0,308,614,0,0,0,871,253,-2131,1,下位,0,0,0
201,201,0,118,235,1,0,0,0,0,1,0,下位,0,0,0
1504,169,299,488,977,1,0,0,0,0,1,0,下位,0,0,0
1335,444,250,488,977,1,1,169,0,0,1,0,下位,0,169,49
891,242,199,488,977,1,2,613,0,0,1,0,下位,0,444,51
649,241,43,488,977,1,3,855,0,0,1,0,下位,0,242,156
408,408,0,488,977,1,4,1096,0,0,1,0,下位,0,241,43
875,288,119,384,766,0,0,0,1504,977,-1149,7,下位,0,0,0
587,282,60,384,766,0,1,288,1504,977,-1149,7,下位,0,288,59
305,163,23,384,766,0,2,570,1504,977,-1149,7,下位,0,282,37
142,142,0,384,766,0,3,733,1504,977,-1149,7,下位,0,163,23
152,152,0,34,67,0,0,0,875,766,-1676,4,下位,0,0,0
271,271,0,46,93,0,0,0,152,67,-1854,1,下位,0,0,0
1010,1010,0,146,293,0,0,0,271,93,-2198,2,下位,0,0,0
76,76,0,176,353,1,0,0,0,0,1,0,下位,0,0,0
971,736,29,84,169,0,0,0,76,353,231,3,下位,0,0,0
235,235,0,84,169,0,1,736,76,353,231,3,下位,0,736,29
140,140,0,76,153,1,0,0,0,0,1,0,下位,0,0,0
457,160,57,112,225,0,0,0,140,153,-72,1,下位,0,0,0
297,297,0,112,225,0,1,160,140,153,-72,1,下位,0,160,57
565,123,143,339,678,0,0,0,457,225,-527,2,下位,0,0,0
442,343,88,339,678,0,1,123,457,225,-527,2,下位,0,123,55
99,61,43,339,678,0,2,466,457,225,-527,2,下位,0,343,45
38,38,0,339,678,0,3,527,457,225,-527,2,下位,0,61,43
599,599,0,32,66,0,0,0,565,678,-616,6,下位,0,0,0
432,432,0,130,259,1,0,0,0,0,1,0,下位,0,0,0
429,429,0,441,882,0,0,0,432,259,-437,3,下位,0,0,0
121,121,0,885,1769,0,0,0,429,882,-247,3,下位,0,0,0
162,162,0,116,233,0,0,0,121,1769,1327,14,下位,0,0,0
619,619,0,332,665,0,0,0,162,233,1299,1,下位,0,0,0
538,469,89,148,297,0,0,0,619,665,966,7,下位,0,0,0
69,69,0,148,297,0,1,469,619,665,966,7,下位,0,469,89
69,69,0,418,836,0,0,0,538,297,485,3,下位,0,0,0
598,433,98,228,456,1,0,0,0,0,1,0,下位,0,0,0
165,26,51,228,456,1,1,433,0,0,1,0,下位,0,433,47
139,139,0,228,456,1,2,459,0,0,1,0,下位,0,26,51
126,126,0,224,450,0,0,0,598,456,-409,3,下位,0,0,0
302,302,0,552,1104,0,0,0,126,450,-162,2,下位,0,0,0
793,362,53,98,195,0,0,0,302,1104,455,8,下位,0,0,0
431,431,0,98,195,0,1,362,302,1104,455,8,下位,0,362,53
112,65,47,74,149,0,0,0,793,195,-576,1,下位,0,0,0
47,47,0,74,149,0,1,65,793,195,-576,1,下位,0,65,47
195,195,0,416,830,0,0,0,112,149,-561,1,下位,0,0,0
233,233,0,102,203,0,0,0,195,830,-46,7,下位,0,0,0
165,165,0,104,209,0,0,0,233,203,-219,2,下位,0,0,0
180,180,0,76,153,1,0,0,0,0,1,0,下位,0,0,0
314,314,0,294,588,0,0,0,180,153,-136,2,下位,0,0,0
147,147,0,398,797,0,0,0,314,588,-54,4,下位,0,0,0
655,655,0,174,347,0,0,0,147,797,506,7,下位,0,0,0
554,207,33,76,153,0,0,0,655,347,-203,1,下位,0,0,0
347,347,0,76,153,0,1,207,655,347,-203,1,下位,0,207,33
468,67,41,448,896,0,0,0,554,153,-911,1,下位,0,0,0
401,401,0,448,896,0,1,67,554,153,-911,1,下位,0,67,41
79,79,0,132,265,0,0,0,468,896,-729,7,下位,0,0,0
73,73,0,116,233,0,0,0,79,265,-591,3,下位,0,0,0
314,314,0,60,119,1,0,0,0,0,1,0,下位,0,0,0
52,52,0,294,589,0,0,0,314,119,-386,1,下位,0,0,0
1008,1008,0,270,541,0,0,0,52,589,119,3,下位,0,0,0
320,320,0,518,1037,0,0,0,1008,541,-966,5,下位,0,0,0
146,146,0,700,1400,0,0,0,320,1037,-445,6,下位,0,0,0
430,430,0,472,945,1,0,0,0,0,1,0,下位,0,0,0
105,105,0,66,133,0,0,0,430,945,252,5,下位,0,0,0
994,732,72,34,69,0,0,0,105,133,216,2,下位,0,0,0
262,46,29,34,69,0,1,732,105,133,216,2,下位,0,732,43
216,216,0,34,69,0,2,778,105,133,216,2,下位,0,46,29
158,158,0,444,888,0,0,0,994,69,-1246,1,下位,0,0,0
438,438,0,86,173,1,0,0,0,0,1,0,下位,0,0,0
779,402,131,352,702,0,0,0,438,173,-532,1,下位,0,0,0
377,244,78,352,702,0,1,402,438,173,-532,1,下位,0,402,53
133,58,43,352,702,0,2,646,438,173,-532,1,下位,0,244,35
75,75,0,352,702,0,3,704,438,173,-532,1,下位,0,58,43
362,110,45,172,345,1,0,0,0,0,1,0,下位,0,0,0
252,252,0,172,345,1,1,110,0,0,1,0,下位,0,110,45
143,143,0,46,92,0,0,0,362,345,-192,3,下位,0,0,0
387,387,0,142,283,0,0,0,143,92,-331,1,下位,0,0,0
1018,1018,0,860,1719,0,0,0,387,283,-672,2,下位,0,0,0
433,433,0,502,1003,1,0,0,0,0,1,0,下位,0,0,0
598,168,39,30,61,0,0,0,433,1003,306,6,下位,0,0,0
430,430,0,30,61,0,1,168,433,1003,306,6,下位,0,168,39
1230,422,124,160,321,0,0,0,598,61,-559,1,下位,0,0,0
808,200,71,160,321,0,1,422,598,61,-559,1,下位,0,422,53
608,182,26,160,321,0,2,622,598,61,-559,1,下位,0,200,45
426,426,0,160,321,0,3,804,598,61,-559,1,下位,0,182,26
463,341,24,78,157,0,0,0,1230,321,-2099,4,下位,0,0,0
122,122,0,78,157,0,1,341,1230,321,-2099,4,下位,0,341,24
573,146,136,308,616,1,0,0,0,0,1,0,下位,0,0,0
427,427,0,308,616,1,1,146,0,0,1,0,下位,0,146,136
1024,1024,0,36,73,0,0,0,573,616,-171,5,下位,0,0,0
166,166,0,520,1039,0,0,0,1024,73,-1750,1,下位,0,0,0
432,432,0,198,394,1,0,0,0,0,1,0,下位,0,0,0
336,336,0,78,155,0,0,0,432,394,-302,3,下位,0,0,0
282,282,0,92,183,0,0,0,336,155,-689,1,下位,0,0,0
594,217,39,148,297,0,0,0,282,183,-961,1,下位,0,0,0
377,377,0,148,297,0,1,217,282,183,-961,1,下位,0,217,39
472,38,43,244,487,0,0,0,594,297,-1583,2,下位,0,0,0
434,434,0,244,487,0,1,38,594,297,-1583,2,下位,0,38,43
500,500,0,180,359,0,0,0,472,487,-1814,5,下位,0,0,0
158,158,0,2984,5847,1,0,0,0,0,1,0,下位,0,0,0
359,359,0,246,492,0,0,0,158,5847,5593,35,下位,0,0,0
629,130,147,432,865,0,0,0,359,492,5506,4,下位,0,0,0
499,245,108,432,865,0,1,130,359,492,5506,4,下位,0,130,39
254,106,53,432,865,0,2,375,359,492,5506,4,下位,0,245,55
148,148,0,432,865,0,3,481,359,492,5506,4,下位,0,106,53
41,41,0,40,81,0,0,0,629,865,5503,8,下位,0,0,0
145,145,0,162,324,0,0,0,41,81,5518,1,下位,0,0,0
307,307,0,378,755,0,0,0,145,324,5608,1,下位,0,0,0
59,59,0,346,690,0,0,0,307,755,5868,6,下位,0,0,0
316,168,51,668,1336,1,0,0,0,0,1,0,下位,0,0,0
148,148,0,668,1336,1,1,168,0,0,1,0,下位,0,168,51
758,758,0,1062,2124,0,0,0,316,1336,878,5,下位,0,0,0
191,191,0,100,199,1,0,0,0,0,1,0,下位,0,0,0
1412,546,90,96,191,0,0,0,191,199,-108,1,下位,0,0,0
866,433,45,96,191,0,1,546,191,199,-108,1,下位,0,546,45
433,433,0,96,191,0,2,979,191,199,-108,1,下位,0,433,45
605,244,31,82,163,0,0,0,1412,191,-2104,1,下位,0,0,0
361,361,0,82,163,0,1,244,1412,191,-2104,1,下位,0,244,31
257,173,55,42,85,1,0,0,0,0,1,0,下位,0,0,0
84,84,0,42,85,1,1,173,0,0,1,0,下位,0,173,55
32,32,0,550,1099,0,0,0,257,85,-273,1,下位,0,0,0
1276,218,310,86,173,0,0,0,32,1099,774,7,下位,0,0,0
1058,432,263,86,173,0,1,218,32,1099,774,7,下位,0,218,47
626,432,210,86,173,0,2,650,32,1099,774,7,下位,0,432,53
194,194,0,86,173,0,3,1082,32,1099,774,7,下位,0,432,210
364,40,29,184,370,0,0,0,1276,173,-802,1,下位,0,0,0
324,324,0,184,370,0,1,40,1276,173,-802,1,下位,0,40,29
122,122,0,100,201,0,0,0,364,370,-991,4,下位,0,0,0
427,119,51,36,73,0,0,0,122,201,-987,1,下位,0,0,0
308,308,0,36,73,0,1,119,122,201,-987,1,下位,0,119,51
583,583,0,202,403,0,0,0,427,73,-1552,1,下位,0,0,0
39,39,0,34,67,1,0,0,0,0,1,0,下位,0,0,0
759,546,47,110,219,0,0,0,39,67,5,1,下位,0,0,0
213,213,0,110,219,0,1,546,39,67,5,1,下位,0,546,47
65,36,43,414,828,0,0,0,759,219,-954,3,下位,0,0,0
29,29,0,414,828,0,1,36,759,219,-954,3,下位,0,36,43
1029,164,76,68,135,0,0,0,65,828,-188,5,下位,0,0,0
865,432,41,68,135,0,1,164,65,828,-188,5,下位,0,164,35
433,433,0,68,135,0,2,596,65,828,-188,5,下位,0,432,41
968,269,70,22,43,0,0,0,1029,135,-1637,1,下位,0,0,0
699,413,33,22,43,0,1,269,1029,135,-1637,1,下位,0,269,37
286,286,0,22,43,0,2,682,1029,135,-1637,1,下位,0,413,33
82,82,0,52,103,0,0,0,968,43,-3085,1,下位,0,0,0
169,169,0,1000,1999,0,0,0,82,103,-3114,1,下位,0,0,0
434,434,0,1114,2229,1,0,0,0,0,1,0,下位,0,0,0
702,702,0,720,1440,0,0,0,434,2229,1530,16,下位,0,0,0
316,157,49,178,355,1,0,0,0,0,1,0,下位,0,0,0
159,159,0,178,355,1,1,157,0,0,1,0,下位,0,157,49
258,258,0,260,521,0,0,0,316,355,-104,4,下位,0,0,0
205,205,0,182,365,0,0,0,258,521,1,6,下位,0,0,0
548,376,49,90,181,0,0,0,205,365,35,5,下位,0,0,0
172,172,0,90,181,0,1,376,205,365,35,5,下位,0,376,49
51,51,0,50,101,0,0,0,548,181,-618,2,下位,0,0,0
33,33,0,264,529,0,0,0,51,101,-599,1,下位,0,0,0
547,425,21,234,468,1,0,0,0,0,1,0,下位,0,0,0
122,122,0,234,468,1,1,425,0,0,1,0,下位,0,425,21
193,193,0,70,138,0,0,0,547,468,-392,3,下位,0,0,0
450,450,0,180,362,0,0,0,193,138,-565,1,下位,0,0,0
519,519,0,286,571,0,0,0,450,362,-929,1,下位,0,0,0
94,94,0,116,233,1,0,0,0,0,1,0,下位,0,0,0
36,36,0,142,286,0,0,0,94,233,82,2,下位,0,0,0
970,131,200,430,859,0,0,0,36,286,310,1,下位,0,0,0
839,163,161,430,859,0,1,131,36,286,310,1,下位,0,131,39
676,243,53,430,859,0,2,294,36,286,310,1,下位,0,163,108
433,433,0,430,859,0,3,537,36,286,310,1,下位,0,243,53
424,424,0,784,1567,0,0,0,970,859,-195,7,下位,0,0,0
574,140,28,340,681,1,0,0,0,0,1,0,下位,0,0,0
434,434,0,340,681,1,1,140,0,0,1,0,下位,0,140,28
182,182,0,584,1168,1,0,0,0,0,1,0,下位,0,0,0
597,195,41,62,124,0,0,0,182,1168,875,8,下位,0,0,0
402,402,0,62,124,0,1,195,182,1168,875,8,下位,0,195,41
755,140,129,42,83,0,0,0,597,124,77,1,下位,0,0,0
615,434,80,42,83,0,1,140,597,124,77,1,下位,0,140,49
181,148,37,42,83,0,2,574,597,124,77,1,下位,0,434,43
33,33,0,42,83,0,3,722,597,124,77,1,下位,0,148,37
92,92,0,250,501,0,0,0,755,83,-929,1,下位,0,0,0
168,168,0,138,275,1,0,0,0,0,1,0,下位,0,0,0
786,202,100,156,311,0,0,0,168,275,5,1,下位,0,0,0
584,153,47,156,311,0,1,202,168,275,5,1,下位,0,202,53
431,431,0,156,311,0,2,355,168,275,5,1,下位,0,153,47
191,55,49,46,91,0,0,0,786,311,-852,2,下位,0,0,0
136,136,0,46,91,0,1,55,786,311,-852,2,下位,0,55,49
1030,19,72,192,386,0,0,0,191,91,-1020,1,下位,0,0,0
1011,141,72,192,386,0,1,19,191,91,-1020,1,下位,0,19,0
870,438,35,192,386,0,2,160,191,91,-1020,1,下位,0,141,37
432,432,0,192,386,0,3,598,191,91,-1020,1,下位,0,438,35
551,551,0,130,258,0,0,0,1030,386,-2223,4,下位,0,0,0
441,441,0,634,1266,1,0,0,0,0,1,0,下位,0,0,0
167,167,0,270,542,1,0,0,0,0,1,0,下位,0,0,0
891,588,49,70,140,0,0,0,167,542,274,4,下位,0,0,0
303,303,0,70,140,0,1,588,167,542,274,4,下位,0,588,49
147,147,0,1008,2014,1,0,0,0,0,1,0,下位,0,0,0
339,27,53,331,662,0,0,0,147,2014,1778,17,下位,0,0,0
312,312,0,331,662,0,1,27,147,2014,1778,17,下位,0,27,53
895,37,89,92,185,0,0,0,339,662,1946,3,下位,0,0,0
858,337,50,92,185,0,1,37,339,662,1946,3,下位,0,37,39
521,89,25,92,185,0,2,374,339,662,1946,3,下位,0,337,25
432,432,0,92,185,0,3,463,339,662,1946,3,下位,0,89,25
231,164,37,260,522,0,0,0,895,185,775,2,下位,0,0,0
67,67,0,260,522,0,1,164,895,185,775,2,下位,0,164,37
289,174,35,72,146,0,0,0,231,522,961,1,下位,0,0,0
115,115,0,72,146,0,1,174,231,522,961,1,下位,0,174,35
585,59,84,90,179,0,0,0,289,146,676,1,下位,0,0,0
526,366,31,90,179,0,1,59,289,146,676,1,下位,0,59,53
160,160,0,90,179,0,2,425,289,146,676,1,下位,0,366,31
649,649,0,868,1735,0,0,0,585,179,-4,1,下位,0,0,0
76,76,0,172,343,0,0,0,649,1735,684,8,下位,0,0,0
632,250,57,56,113,0,0,0,76,343,904,3,下位,0,0,0
382,382,0,56,113,0,1,250,76,343,904,3,下位,0,250,57
92,92,0,954,1908,0,0,0,632,113,55,1,下位,0,0,0
139,139,0,60,121,1,0,0,0,0,1,0,下位,0,0,0
569,127,42,502,1005,0,0,0,139,121,-102,1,下位,0,0,0
442,442,0,502,1005,0,1,127,139,121,-102,1,下位,0,127,42
844,411,37,244,486,0,0,0,569,1005,27,8,下位,0,0,0
433,433,0,244,486,0,1,411,569,1005,27,8,下位,0,411,37
196,196,0,110,221,0,0,0,844,486,-811,3,下位,0,0,0
18,18,0,170,339,0,0,0,196,221,-906,2,下位,0,0,0
54,54,0,90,179,0,0,0,18,339,-596,3,下位,0,0,0
403,403,0,188,376,0,0,0,54,179,-504,1,下位,0,0,0
506,74,41,394,788,0,0,0,403,376,-778,2,下位,0,0,0
432,432,0,394,788,0,1,74,403,376,-778,2,下位,0,74,41
874,874,0,344,688,0,0,0,506,788,-765,4,下位,0,0,0
872,872,0,52,102,0,0,0,874,688,-1487,6,下位,0,0,0
138,91,43,84,168,1,0,0,0,0,1,0,下位,0,0,0
47,47,0,84,168,1,1,91,0,0,1,0,下位,0,91,43
719,39,106,210,422,0,0,0,138,168,-11,1,下位,0,0,0
680,248,53,210,422,0,1,39,138,168,-11,1,下位,0,39,53
432,432,0,210,422,0,2,287,138,168,-11,1,下位,0,248,53
1017,150,98,184,366,0,0,0,719,422,-643,3,下位,0,0,0
867,432,49,184,366,0,1,150,719,422,-643,3,下位,0,150,49
435,435,0,184,366,0,2,582,719,422,-643,3,下位,0,432,49
533,533,0,86,173,0,0,0,1017,366,-1820,6,下位,0,0,0
455,455,0,64,129,0,0,0,533,173,-2507,1,下位,0,0,0
1411,111,171,366,733,0,0,0,455,129,-3112,1,下位,0,0,0
1300,432,126,366,733,0,1,111,455,129,-3112,1,下位,0,111,45
868,178,77,366,733,0,2,543,455,129,-3112,1,下位,0,432,49
690,433,43,366,733,0,3,721,455,129,-3112,1,下位,0,178,34
257,257,0,366,733,0,4,1154,455,129,-3112,1,下位,0,433,43
228,228,0,1140,2277,1,0,0,0,0,1,0,下位,0,0,0
542,542,0,214,425,0,0,0,228,2277,1910,13,下位,0,0,0
76,76,0,968,1877,0,0,0,542,425,1461,3,下位,0,0,0
635,433,75,360,721,0,0,0,76,1877,3215,14,下位,0,0,0
202,44,32,360,721,0,1,433,76,1877,3215,14,下位,0,433,43
158,158,0,360,721,0,2,477,76,1877,3215,14,下位,0,44,32
548,115,51,34,69,0,0,0,635,721,2987,6,下位,0,0,0
433,433,0,34,69,0,1,115,635,721,2987,6,下位,0,115,51
47,47,0,179,358,0,0,0,548,69,2224,1,下位,0,0,0
401,401,0,372,745,0,0,0,47,358,2506,5,下位,0,0,0
477,283,41,56,113,1,0,0,0,0,1,0,下位,0,0,0
194,194,0,56,113,1,1,283,0,0,1,0,下位,0,283,41
730,151,147,302,606,1,0,0,0,0,1,0,下位,0,0,0
579,137,92,302,606,1,1,151,0,0,1,0,下位,0,151,55
442,89,37,302,606,1,2,288,0,0,1,0,下位,0,137,55
353,353,0,302,606,1,3,377,0,0,1,0,下位,0,89,37
829,308,185,230,461,0,0,0,730,606,-424,7,下位,0,0,0
521,387,142,230,461,0,1,308,730,606,-424,7,下位,0,308,43
134,134,0,230,461,0,2,695,730,606,-424,7,下位,0,387,142
753,753,0,334,667,0,0,0,829,461,-1115,4,下位,0,0,0
432,432,0,494,988,1,0,0,0,0,1,0,下位,0,0,0
882,451,25,1062,2126,0,0,0,432,988,292,7,下位,0,0,0
431,431,0,1062,2126,0,1,451,432,988,292,7,下位,0,451,25
435,435,0,1240,2480,1,0,0,0,0,1,0,下位,0,0,0
116,116,0,90,181,0,0,0,435,2480,1779,11,下位,0,0,0
922,148,113,100,199,0,0,0,116,181,1773,2,下位,0,0,0
774,434,76,100,199,0,1,148,116,181,1773,2,下位,0,148,37
340,171,39,100,199,0,2,582,116,181,1773,2,下位,0,434,37
169,169,0,100,199,0,3,753,116,181,1773,2,下位,0,171,39
584,155,39,36,71,0,0,0,922,199,597,1,下位,0,0,0
429,429,0,36,71,0,1,155,922,199,597,1,下位,0,155,39
147,147,0,72,145,0,0,0,584,71,-235,1,下位,0,0,0
768,538,41,74,149,0,0,0,147,145,-327,1,下位,0,0,0
230,230,0,74,149,0,1,538,147,145,-327,1,下位,0,538,41
430,430,0,84,169,1,0,0,0,0,1,0,下位,0,0,0
72,72,0,1067,2135,0,0,0,430,169,-524,1,下位,0,0,0
164,164,0,300,601,0,0,0,72,2135,1495,10,下位,0,0,0
295,295,0,110,219,0,0,0,164,601,1831,4,下位,0,0,0
324,55,86,88,178,0,0,0,295,219,1574,2,下位,0,0,0
269,175,45,88,178,0,1,55,295,219,1574,2,下位,0,55,41
94,94,0,88,178,0,2,230,295,219,1574,2,下位,0,175,45
152,152,0,90,181,0,0,0,324,178,1315,2,下位,0,0,0
462,30,53,174,349,0,0,0,152,181,1251,2,下位,0,0,0
432,432,0,174,349,0,1,30,152,181,1251,2,下位,0,30,53
711,280,43,107,214,0,0,0,462,349,908,3,下位,0,0,0
431,431,0,107,214,0,1,280,462,349,908,3,下位,0,280,43
1224,864,145,610,1219,0,0,0,711,214,18,1,下位,0,0,0
360,75,96,610,1219,0,1,864,711,214,18,1,下位,0,864,49
285,63,47,610,1219,0,2,939,711,214,18,1,下位,0,75,49
222,222,0,610,1219,0,3,1002,711,214,18,1,下位,0,63,47
150,150,0,84,169,1,0,0,0,0,1,0,下位,0,0,0
663,663,0,572,1145,0,0,0,150,169,-72,1,下位,0,0,0
240,68,69,92,183,0,0,0,663,1145,4,12,下位,0,0,0
172,84,35,92,183,0,1,68,663,1145,4,12,下位,0,68,34
88,88,0,92,183,0,2,152,663,1145,4,12,下位,0,84,35
1247,340,113,252,505,0,0,0,240,183,-131,2,下位,0,0,0
907,141,80,252,505,0,1,340,240,183,-131,2,下位,0,340,33
766,434,33,252,505,0,2,481,240,183,-131,2,下位,0,141,47
332,332,0,252,505,0,3,915,240,183,-131,2,下位,0,434,33
758,211,43,132,264,0,0,0,1247,505,-1523,3,下位,0,0,0
547,185,43,132,264,0,1,211,1247,505,-1523,3,下位,0,211,0
362,362,0,132,264,0,2,396,1247,505,-1523,3,下位,0,185,43
135,135,0,790,1579,1,0,0,0,0,1,0,下位,0,0,0
193,93,30,122,245,0,0,0,135,1579,1362,11,下位,0,0,0
100,100,0,122,245,0,1,93,135,1579,1362,11,下位,0,93,30
1015,1015,0,212,425,0,0,0,193,245,1326,1,下位,0,0,0
60,60,0,1016,2034,0,0,0,1015,425,114,5,下位,0,0,0
1446,1013,51,110,221,0,0,0,60,2034,2051,12,下位,0,0,0
433,433,0,110,221,0,1,1013,60,2034,2051,12,下位,0,1013,51
332,332,0,44,89,1,0,0,0,0,1,0,下位,0,0,0
286,286,0,142,283,1,0,0,0,0,1,0,下位,0,0,0
599,599,0,333,665,0,0,0,286,283,-177,2,下位,0,0,0
549,549,0,50,99,0,0,0,599,665,-478,6,下位,0,0,0
207,207,0,82,165,0,0,0,549,99,-1264,1,下位,0,0,0
411,411,0,268,535,1,0,0,0,0,1,0,下位,0,0,0
922,922,0,248,495,0,0,0,411,535,-127,4,下位,0,0,0
1302,1020,74,706,1414,0,0,0,922,495,-1119,2,下位,0,0,0
282,154,39,706,1414,0,1,1020,922,495,-1119,2,下位,0,1020,35
128,128,0,706,1414,0,2,1174,922,495,-1119,2,下位,0,154,39
167,167,0,184,368,1,0,0,0,0,1,0,下位,0,0,0
139,139,0,320,639,0,0,0,167,368,100,5,下位,0,0,0
169,169,0,144,289,0,0,0,139,639,515,5,下位,0,0,0
818,818,0,304,607,0,0,0,169,289,531,2,下位,0,0,0
835,835,0,46,91,0,0,0,818,607,-181,4,下位,0,0,0
106,106,0,96,193,0,0,0,835,91,-1437,1,下位,0,0,0
148,148,0,102,203,0,0,0,106,193,-1415,1,下位,0,0,0
176,176,0,49,98,0,0,0,148,203,-1451,2,下位,0,0,0
84,84,0,134,269,0,0,0,176,98,-1637,1,下位,0,0,0
50,50,0,812,1621,0,0,0,84,269,-1503,2,下位,0,0,0
279,198,37,309,617,1,0,0,0,0,1,0,下位,0,0,0
81,81,0,309,617,1,1,198,0,0,1,0,下位,0,198,37
170,170,0,452,904,0,0,0,279,617,205,6,下位,0,0,0
358,358,0,158,316,0,0,0,170,904,835,6,下位,0,0,0
396,396,0,44,87,0,0,0,358,316,574,2,下位,0,0,0
500,500,0,28,57,0,0,0,396,87,22,1,下位,0,0,0
158,93,39,42,85,0,0,0,500,57,-727,1,下位,0,0,0
65,65,0,42,85,0,1,93,500,57,-727,1,下位,0,93,39
316,316,0,128,257,0,0,0,158,85,-858,1,下位,0,0,0
205,153,37,56,113,0,0,0,316,257,-1111,2,下位,0,0,0
52,52,0,56,113,0,1,153,316,257,-1111,2,下位,0,153,37
289,289,0,864,1728,0,0,0,205,113,-1292,1,下位,0,0,0
201,201,0,113,226,0,0,0,289,1728,-30,9,下位,0,0,0
484,432,15,184,369,1,0,0,0,0,1,0,下位,0,0,0
52,52,0,184,369,1,1,432,0,0,1,0,下位,0,432,15
100,100,0,54,110,0,0,0,484,369,-396,3,下位,0,0,0
40,40,0,419,838,0,0,0,100,110,-447,1,下位,0,0,0
94,94,0,30,61,0,0,0,40,838,326,4,下位,0,0,0
353,244,29,1467,2871,0,0,0,94,61,235,1,下位,0,0,0
109,109,0,1467,2871,0,1,244,94,61,235,1,下位,0,244,29
441,441,0,80,159,0,0,0,353,2871,2565,15,下位,0,0,0
228,228,0,38,77,1,0,0,0,0,1,0,下位,0,0,0
338,338,0,1648,3235,0,0,0,228,77,-290,1,下位,0,0,0
135,135,0,748,1497,0,0,0,338,3235,2400,16,下位,0,0,0
234,97,37,257,514,0,0,0,135,1497,3679,13,下位,0,0,0
137,137,0,257,514,0,1,97,135,1497,3679,13,下位,0,97,37
378,378,0,216,433,0,0,0,234,514,3853,2,下位,0,0,0
862,430,45,210,420,1,0,0,0,0,1,0,下位,0,0,0
432,432,0,210,420,1,1,430,0,0,1,0,下位,0,430,45
687,24,84,406,811,0,0,0,862,420,-925,5,下位,0,0,0
663,231,37,406,811,0,1,24,862,420,-925,5,下位,0,24,47
432,432,0,406,811,0,2,255,862,420,-925,5,下位,0,231,37
483,483,0,46,91,0,0,0,687,811,-1139,7,下位,0,0,0
30,30,0,702,1404,1,0,0,0,0,1,0,下位,0,0,0
1087,590,94,410,821,0,0,0,30,1404,1357,8,下位,0,0,0
497,430,45,410,821,0,1,590,30,1404,1357,8,下位,0,590,49
67,67,0,410,821,0,2,1020,30,1404,1357,8,下位,0,430,45
329,142,43,1460,2859,0,0,0,1087,821,518,6,下位,0,0,0
187,187,0,1460,2859,0,1,142,1087,821,518,6,下位,0,142,43
209,209,0,350,699,0,0,0,329,2859,2889,12,下位,0,0,0
485,485,0,229,458,0,0,0,209,699,3251,6,下位,0,0,0
246,246,0,42,85,0,0,0,485,458,2927,1,下位,0,0,0
116,116,0,340,681,1,0,0,0,0,1,0,下位,0,0,0
517,517,0,189,378,0,0,0,116,681,495,6,下位,0,0,0
84,84,0,577,1154,0,0,0,517,378,39,2,下位,0,0,0
683,683,0,88,175,0,0,0,84,1154,1058,8,下位,0,0,0
329,329,0,460,921,0,0,0,683,175,131,1,下位,0,0,0
432,432,0,100,199,1,0,0,0,0,1,0,下位,0,0,0
792,792,0,112,225,0,0,0,432,199,-497,3,下位,0,0,0
457,283,45,536,1073,1,0,0,0,0,1,0,下位,0,0,0
174,174,0,536,1073,1,1,283,0,0,1,0,下位,0,283,45
1077,57,141,368,736,0,0,0,457,1073,382,7,下位,0,0,0
1020,429,100,368,736,0,1,57,457,1073,382,7,下位,0,57,41
591,434,59,368,736,0,2,486,457,1073,382,7,下位,0,429,41
157,157,0,368,736,0,3,920,457,1073,382,7,下位,0,434,59
156,156,0,2258,4444,0,0,0,1077,736,-478,5,下位,0,0,0
364,364,0,90,179,0,0,0,156,4444,3714,23,下位,0,0,0
134,134,0,108,215,0,0,0,364,179,3306,1,下位,0,0,0
135,135,0,550,1099,0,0,0,134,215,3305,2,下位,0,0,0
460,432,55,24,49,1,0,0,0,0,1,0,下位,0,0,0
28,28,0,24,49,1,1,432,0,0,1,0,下位,0,432,55
673,170,68,72,145,0,0,0,460,49,-637,1,下位,0,0,0
503,71,41,72,145,0,1,170,460,49,-637,1,下位,0,170,27
432,432,0,72,145,0,2,241,460,49,-637,1,下位,0,71,41
130,130,0,78,157,0,0,0,673,145,-1510,2,下位,0,0,0
101,101,0,936,1873,0,0,0,130,157,-1563,1,下位,0,0,0
1203,587,97,50,99,0,0,0,101,1873,147,11,下位,0,0,0
616,426,61,50,99,0,1,587,101,1873,147,11,下位,0,587,36
190,190,0,50,99,0,2,1013,101,1873,147,11,下位,0,426,61
151,151,0,662,1325,0,0,0,1203,99,-1597,1,下位,0,0,0
186,186,0,74,149,1,0,0,0,0,1,0,下位,0,0,0
163,163,0,80,161,0,0,0,186,149,-150,1,下位,0,0,0
316,316,0,36,73,0,0,0,163,161,-252,1,下位,0,0,0
480,47,35,294,586,0,0,0,316,73,-689,1,下位,0,0,0
433,433,0,294,586,0,1,47,316,73,-689,1,下位,0,47,35
611,611,0,187,373,0,0,0,480,586,-842,4,下位,0,0,0
659,659,0,356,711,0,0,0,611,373,-1454,2,下位,0,0,0
282,282,0,106,211,0,0,0,659,711,-1806,6,下位,0,0,0
123,34,49,230,461,0,0,0,282,211,-2050,3,下位,0,0,0
89,89,0,230,461,0,1,34,282,211,-2050,3,下位,0,34,49
154,154,0,286,572,0,0,0,123,461,-1739,2,下位,0,0,0
73,73,0,566,1132,0,0,0,154,572,-1415,5,下位,0,0,0
540,161,96,298,596,0,0,0,73,1132,-401,7,下位,0,0,0
379,40,43,298,596,0,1,161,73,1132,-401,7,下位,0,161,53
339,339,0,298,596,0,2,201,73,1132,-401,7,下位,0,40,43
228,228,0,307,614,1,0,0,0,0,1,0,下位,0,0,0
74,74,0,362,723,0,0,0,228,614,247,2,下位,0,0,0
728,728,0,88,177,0,0,0,74,723,851,6,下位,0,0,0
144,144,0,40,81,0,0,0,728,177,-146,1,下位,0,0,0
719,719,0,120,240,0,0,0,144,81,-297,1,下位,0,0,0
201,201,0,204,408,0,0,0,719,240,-1217,2,下位,0,0,0
95,95,0,526,1054,0,0,0,201,408,-1133,2,下位,0,0,0
378,378,0,340,682,0,0,0,95,1054,-232,8,下位,0,0,0
171,171,0,584,1169,0,0,0,378,682,-160,6,下位,0,0,0
172,172,0,168,337,0,0,0,171,1169,733,6,下位,0,0,0
906,272,96,72,145,1,0,0,0,0,1,0,下位,0,0,0
634,435,53,72,145,1,1,272,0,0,1,0,下位,0,272,43
199,199,0,72,145,1,2,707,0,0,1,0,下位,0,435,53
1298,312,135,86,172,0,0,0,906,145,-1220,1,下位,0,0,0
986,165,90,86,172,0,1,312,906,145,-1220,1,下位,0,312,45
821,392,39,86,172,0,2,477,906,145,-1220,1,下位,0,165,51
429,429,0,86,172,0,3,869,906,145,-1220,1,下位,0,392,39
825,430,82,478,957,0,0,0,1298,172,-3006,2,下位,0,0,0
395,364,37,478,957,0,1,430,1298,172,-3006,2,下位,0,430,45
31,31,0,478,957,0,2,794,1298,172,-3006,2,下位,0,364,37
46,46,0,140,279,1,0,0,0,0,1,0,下位,0,0,0
138,138,0,186,372,0,0,0,46,279,206,3,下位,0,0,0
37,37,0,188,375,0,0,0,138,372,355,1,下位,0,0,0
203,203,0,620,1240,0,0,0,37,375,670,3,下位,0,0,0
434,434,0,54,109,0,0,0,203,1240,1583,9,下位,0,0,0
720,416,17,83,166,1,0,0,0,0,1,0,下位,0,0,0
304,304,0,83,166,1,1,416,0,0,1,0,下位,0,416,17
560,358,39,86,173,1,0,0,0,0,1,0,下位,0,0,0
202,202,0,86,173,1,1,358,0,0,1,0,下位,0,358,39
910,479,49,460,918,0,0,0,560,173,-690,1,下位,0,0,0
431,431,0,460,918,0,1,479,560,173,-690,1,下位,0,479,49
405,405,0,24,47,0,0,0,910,918,-1191,8,下位,0,0,0
42,42,0,92,185,0,0,0,405,47,-1797,1,下位,0,0,0
636,485,5,1136,2274,0,0,0,42,185,-1680,2,下位,0,0,0
151,151,0,1136,2274,0,1,485,42,185,-1680,2,下位,0,485,5
437,437,0,724,1448,1,0,0,0,0,1,0,下位,0,0,0
650,650,0,136,273,0,0,0,437,1448,744,11,下位,0,0,0
855,406,127,48,96,0,0,0,650,273,-31,4,下位,0,0,0
449,135,74,48,96,0,1,406,650,273,-31,4,下位,0,406,53
314,282,41,48,96,0,2,541,650,273,-31,4,下位,0,135,33
32,32,0,48,96,0,3,823,650,273,-31,4,下位,0,282,41
125,125,0,1690,3320,0,0,0,855,96,-1188,1,下位,0,0,0
136,136,0,80,160,0,0,0,125,3320,1930,23,下位,0,0,0
66,66,0,158,316,0,0,0,136,160,1871,2,下位,0,0,0
570,433,43,136,273,1,0,0,0,0,1,0,下位,0,0,0
137,137,0,136,273,1,1,433,0,0,1,0,下位,0,433,43
208,76,29,118,237,0,0,0,570,273,-602,3,下位,0,0,0
132,132,0,118,237,0,1,76,570,273,-602,3,下位,0,76,29
830,830,0,48,95,0,0,0,208,237,-672,1,下位,0,0,0
855,827,47,1014,2028,0,0,0,830,95,-1916,1,下位,0,0,0
28,28,0,1014,2028,0,1,827,830,95,-1916,1,下位,0,827,47
266,266,0,1202,2405,0,0,0,855,2028,-1220,14,下位,0,0,0
1060,237,143,921,1841,1,0,0,0,0,1,0,下位,0,0,0
823,137,86,921,1841,1,1,237,0,0,1,0,下位,0,237,57
686,260,47,921,1841,1,2,374,0,0,1,0,下位,0,137,39
426,426,0,921,1841,1,3,634,0,0,1,0,下位,0,260,47
179,179,0,44,89,0,0,0,1060,1841,276,14,下位,0,0,0
658,223,41,316,630,0,0,0,179,89,76,1,下位,0,0,0
435,435,0,316,630,0,1,223,179,89,76,1,下位,0,223,41
463,463,0,298,598,0,0,0,658,630,-315,3,下位,0,0,0
646,44,76,86,172,0,0,0,463,598,-464,1,下位,0,0,0
602,165,31,86,172,0,1,44,463,598,-464,1,下位,0,44,45
437,437,0,86,172,0,2,209,463,598,-464,1,下位,0,165,31
461,304,43,1022,2042,0,0,0,646,172,-1258,1,下位,0,0,0
157,157,0,1022,2042,0,1,304,646,172,-1258,1,下位,0,304,43
307,148,38,656,1314,1,0,0,0,0,1,0,下位,0,0,0
159,159,0,656,1314,1,1,148,0,0,1,0,下位,0,148,38
262,262,0,386,771,0,0,0,307,1314,858,8,下位,0,0,0
181,181,0,1912,3756,0,0,0,262,771,1206,9,下位,0,0,0
124,124,0,158,318,0,0,0,181,3756,4670,14,下位,0,0,0
360,360,0,56,110,0,0,0,124,318,4788,1,下位,0,0,0
27,27,0,372,745,0,0,0,360,110,4317,2,下位,0,0,0
32,32,0,120,241,0,0,0,27,745,5018,4,下位,0,0,0
245,245,0,88,177,0,0,0,32,241,5207,2,下位,0,0,0
550,550,0,90,179,0,0,0,245,177,4989,2,下位,0,0,0
360,360,0,42,85,0,0,0,550,179,4281,2,下位,0,0,0
95,95,0,171,342,0,0,0,360,85,3785,1,下位,0,0,0
1011,1011,0,64,127,0,0,0,95,342,3974,3,下位,0,0,0
432,432,0,284,569,1,0,0,0,0,1,0,下位,0,0,0
559,559,0,82,165,0,0,0,432,569,-127,3,下位,0,0,0
333,333,0,81,162,0,0,0,559,165,-864,1,下位,0,0,0
33,33,0,324,650,0,0,0,333,162,-1239,2,下位,0,0,0
195,195,0,144,287,0,0,0,33,650,-642,6,下位,0,0,0
578,578,0,68,137,0,0,0,195,287,-670,2,下位,0,0,0
814,814,0,716,1432,0,0,0,578,137,-1465,1,下位,0,0,0
164,164,0,74,149,0,0,0,814,1432,-1346,7,下位,0,0,0
170,170,0,1424,2848,0,0,0,164,149,-1462,2,下位,0,0,0
359,359,0,74,148,0,0,0,170,2848,1112,18,下位,0,0,0
779,342,55,70,139,1,0,0,0,0,1,0,下位,0,0,0
437,437,0,70,139,1,1,342,0,0,1,0,下位,0,342,55
37,37,0,34,67,0,0,0,779,139,-1062,1,下位,0,0,0
616,616,0,189,378,0,0,0,37,67,-1055,1,下位,0,0,0
194,194,0,554,1108,0,0,0,616,378,-1671,1,下位,0,0,0
435,435,0,804,1606,1,0,0,0,0,1,0,下位,0,0,0
928,537,51,86,171,0,0,0,435,1606,905,12,下位,0,0,0
391,391,0,86,171,0,1,537,435,1606,905,12,下位,0,537,51
170,170,0,164,329,0,0,0,928,171,-370,1,下位,0,0,0
44,44,0,234,466,1,0,0,0,0,1,0,下位,0,0,0
656,512,22,2000,3941,0,0,0,44,466,396,3,下位,0,0,0
144,144,0,2000,3941,0,1,512,44,466,396,3,下位,0,512,22
181,181,0,326,653,0,0,0,656,3941,3301,21,下位,0,0,0
359,66,37,235,470,1,0,0,0,0,1,0,下位,0,0,0
293,293,0,235,470,1,1,66,0,0,1,0,下位,0,66,37
403,141,31,70,141,0,0,0,359,470,-71,4,下位,0,0,0
262,262,0,70,141,0,1,141,359,470,-71,4,下位,0,141,31
331,331,0,72,143,0,0,0,403,141,-549,2,下位,0,0,0
490,490,0,932,1863,0,0,0,331,143,-940,1,下位,0,0,0
161,161,0,136,273,1,0,0,0,0,1,0,下位,0,0,0
757,435,43,414,828,0,0,0,161,273,14,1,下位,0,0,0
322,322,0,414,828,0,1,435,161,273,14,1,下位,0,435,43
1014,1014,0,434,869,0,0,0,757,828,-336,6,下位,0,0,0
139,139,0,472,942,0,0,0,1014,869,-1102,3,下位,0,0,0
284,158,49,44,88,0,0,0,139,942,-384,5,下位,0,0,0
126,126,0,44,88,0,1,158,139,942,-384,5,下位,0,158,49
146,146,0,184,369,1,0,0,0,0,1,0,下位,0,0,0
360,69,47,88,177,0,0,0,146,369,135,5,下位,0,0,0
291,291,0,88,177,0,1,69,146,369,135,5,下位,0,69,47
149,149,0,56,111,0,0,0,360,177,-221,1,下位,0,0,0
1206,770,51,438,875,0,0,0,149,111,-350,1,下位,0,0,0
436,436,0,438,875,0,1,770,149,111,-350,1,下位,0,770,51
723,326,38,228,457,0,0,0,1206,875,-1369,7,下位,0,0,0
397,397,0,228,457,0,1,326,1206,875,-1369,7,下位,0,326,38
51,51,0,524,1050,0,0,0,723,457,-2040,2,下位,0,0,0
142,142,0,2774,5447,1,0,0,0,0,1,0,下位,0,0,0
28,28,0,354,708,0,0,0,142,5447,5219,25,下位,0,0,0
819,819,0,48,95,0,0,0,28,708,5882,4,下位,0,0,0
231,231,0,180,358,0,0,0,819,95,4656,1,下位,0,0,0
498,498,0,166,333,0,0,0,231,358,4641,2,下位,0,0,0
589,331,41,144,286,0,0,0,498,333,4171,4,下位,0,0,0
258,258,0,144,286,0,1,331,498,333,4171,4,下位,0,331,41
432,432,0,794,1585,1,0,0,0,0,1,0,下位,0,0,0
404,404,0,66,132,0,0,0,432,1585,889,10,下位,0,0,0
194,194,0,160,319,0,0,0,404,132,369,1,下位,0,0,0
331,331,0,80,159,0,0,0,194,319,375,1,下位,0,0,0
425,274,45,1278,2553,0,0,0,331,159,1,1,下位,0,0,0
151,151,0,1278,2553,0,1,274,331,159,1,1,下位,0,274,45
728,334,41,210,419,0,0,0,425,2553,1913,15,下位,0,0,0
394,394,0,210,419,0,1,334,425,2553,1913,15,下位,0,334,41
26,26,0,108,217,0,0,0,728,419,1199,2,下位,0,0,0
98,98,0,54,109,0,0,0,26,217,1374,1,下位,0,0,0
994,432,138,628,1255,1,0,0,0,0,1,0,下位,0,0,0
562,344,83,628,1255,1,1,432,0,0,1,0,下位,0,432,55
218,133,30,628,1255,1,2,776,0,0,1,0,下位,0,344,53
85,85,0,628,1255,1,3,909,0,0,1,0,下位,0,133,30
695,695,0,366,732,0,0,0,994,1255,-210,12,下位,0,0,0
153,153,0,84,167,0,0,0,695,732,-599,6,下位,0,0,0
845,845,0,132,265,0,0,0,153,167,-679,1,下位,0,0,0
169,169,0,404,807,0,0,0,845,265,-1777,1,下位,0,0,0
58,58,0,192,382,0,0,0,169,807,-1243,5,下位,0,0,0
240,46,41,173,346,0,0,0,58,382,-955,3,下位,0,0,0
194,194,0,173,346,0,1,46,58,382,-955,3,下位,0,46,41
246,246,0,1708,3351,0,0,0,240,346,-955,3,下位,0,0,0
145,145,0,276,551,1,0,0,0,0,1,0,下位,0,0,0
809,375,41,88,175,0,0,0,145,551,318,6,下位,0,0,0
434,434,0,88,175,0,1,375,145,551,318,6,下位,0,375,41
500,500,0,1418,2835,0,0,0,809,175,-771,1,下位,0,0,0
693,76,86,280,561,0,0,0,500,2835,1258,18,下位,0,0,0
617,429,45,280,561,0,1,76,500,2835,1258,18,下位,0,76,41
188,188,0,280,561,0,2,505,500,2835,1258,18,下位,0,429,45
878,878,0,68,136,0,0,0,693,561,787,5,下位,0,0,0
624,415,82,664,1327,0,0,0,878,136,-493,1,下位,0,0,0
209,49,33,664,1327,0,1,415,878,136,-493,1,下位,0,415,49
160,160,0,664,1327,0,2,464,878,136,-493,1,下位,0,49,33
515,143,37,144,287,1,0,0,0,0,1,0,下位,0,0,0
372,372,0,144,287,1,1,143,0,0,1,0,下位,0,143,37
1078,1017,43,52,103,0,0,0,515,287,-506,2,下位,0,0,0
61,61,0,52,103,0,1,1017,515,287,-506,2,下位,0,1017,43
464,406,43,188,374,0,0,0,1078,103,-2098,1,下位,0,0,0
58,58,0,188,374,0,1,406,1078,103,-2098,1,下位,0,406,43
464,28,21,124,247,0,0,0,464,374,-2430,4,下位,0,0,0
436,436,0,124,247,0,1,28,464,374,-2430,4,下位,0,28,21
452,452,0,40,81,0,0,0,464,247,-2910,4,下位,0,0,0
947,947,0,36,71,0,0,0,452,81,-3558,1,下位,0,0,0
752,752,0,144,287,0,0,0,947,71,-5014,1,下位,0,0,0
433,433,0,542,1084,1,0,0,0,0,1,0,下位,0,0,0
104,104,0,256,511,0,0,0,433,1084,387,6,下位,0,0,0
1007,1007,0,134,269,0,0,0,104,511,730,2,下位,0,0,0
159,159,0,328,656,0,0,0,1007,269,-625,2,下位,0,0,0
433,433,0,204,409,1,0,0,0,0,1,0,下位,0,0,0
118,118,0,166,331,1,0,0,0,0,1,0,下位,0,0,0
42,42,0,90,181,0,0,0,118,331,142,2,下位,0,0,0
652,219,37,196,392,0,0,0,42,181,255,3,下位,0,0,0
433,433,0,196,392,0,1,219,42,181,255,3,下位,0,219,37
724,724,0,84,167,0,0,0,652,392,-367,2,下位,0,0,0
235,63,48,128,257,0,0,0,724,167,-1368,1,下位,0,0,0
172,172,0,128,257,0,1,63,724,167,-1368,1,下位,0,63,48
761,329,27,40,79,0,0,0,235,257,-1442,2,下位,0,0,0
432,432,0,40,79,0,1,329,235,257,-1442,2,下位,0,329,27
1012,1012,0,1832,3600,0,0,0,761,79,-2564,1,下位,0,0,0
536,215,35,44,86,1,0,0,0,0,1,0,下位,0,0,0
321,321,0,44,86,1,1,215,0,0,1,0,下位,0,215,35
135,135,0,148,297,0,0,0,536,86,-743,1,下位,0,0,0
787,186,82,382,763,0,0,0,135,297,-664,2,下位,0,0,0
601,168,45,382,763,0,1,186,135,297,-664,2,下位,0,186,37
433,433,0,382,763,0,2,354,135,297,-664,2,下位,0,168,45
200,28,6,510,1022,0,0,0,787,763,-1088,4,下位,0,0,0
172,172,0,510,1022,0,1,28,787,763,-1088,4,下位,0,28,6
850,850,0,110,221,0,0,0,200,1022,-382,8,下位,0,0,0
941,941,0,440,880,0,0,0,850,221,-1532,2,下位,0,0,0
188,188,0,80,160,0,0,0,941,880,-2170,5,下位,0,0,0
132,132,0,92,183,1,0,0,0,0,1,0,下位,0,0,0
933,620,47,376,754,0,0,0,132,183,-29,1,下位,0,0,0
313,313,0,376,754,0,1,620,132,183,-29,1,下位,0,620,47
481,19,88,68,137,0,0,0,933,754,-733,2,下位,0,0,0
462,435,43,68,137,0,1,19,933,754,-733,2,下位,0,19,45
27,27,0,68,137,0,2,454,933,754,-733,2,下位,0,435,43
404,404,0,76,153,0,0,0,481,137,-1285,2,下位,0,0,0
97,97,0,44,87,1,0,0,0,0,1,0,下位,0,0,0
198,198,0,431,863,0,0,0,97,87,-68,1,下位,0,0,0
151,151,0,185,370,0,0,0,198,863,476,8,下位,0,0,0
632,95,135,1362,2665,0,0,0,151,370,602,2,下位,0,0,0
537,68,88,1362,2665,0,1,95,151,370,602,2,下位,0,95,47
469,432,49,1362,2665,0,2,163,151,370,602,2,下位,0,68,39
37,37,0,1362,2665,0,3,595,151,370,602,2,下位,0,432,49
530,142,33,48,97,0,0,0,632,2665,2382,18,下位,0,0,0
388,388,0,48,97,0,1,142,632,2665,2382,18,下位,0,142,33
94,94,0,846,1692,0,0,0,530,97,1657,1,下位,0,0,0
101,101,0,74,147,0,0,0,94,1692,3197,9,下位,0,0,0
1014,1014,0,184,369,0,0,0,101,147,3181,1,下位,0,0,0
25,25,0,50,101,1,0,0,0,0,1,0,下位,0,0,0
287,287,0,168,335,0,0,0,25,101,62,1,下位,0,0,0
806,151,92,164,327,0,0,0,287,335,-66,1,下位,0,0,0
655,227,43,164,327,0,1,151,287,335,-66,1,下位,0,151,49
428,428,0,164,327,0,2,378,287,335,-66,1,下位,0,227,43
1014,1014,0,52,103,0,0,0,806,327,-947,2,下位,0,0,0
40,40,0,34,70,0,0,0,1014,103,-2479,1,下位,0,0,0
181,181,0,914,1827,1,0,0,0,0,1,0,下位,0,0,0
602,602,0,276,553,0,0,0,181,1827,1536,18,下位,0,0,0
66,66,0,188,378,0,0,0,602,553,1118,5,下位,0,0,0
168,168,0,74,149,0,0,0,66,378,1390,3,下位,0,0,0
335,133,19,714,1428,0,0,0,168,149,1268,1,下位,0,0,0
202,202,0,714,1428,0,1,133,168,149,1268,1,下位,0,133,19
255,255,0,174,347,0,0,0,335,1428,2174,11,下位,0,0,0
519,472,45,284,567,0,0,0,255,347,2110,3,下位,0,0,0
47,47,0,284,567,0,1,472,255,347,2110,3,下位,0,472,45
366,366,0,133,266,0,0,0,519,567,1885,3,下位,0,0,0
710,487,43,30,61,0,0,0,366,266,1561,2,下位,0,0,0
223,223,0,30,61,0,1,487,366,266,1561,2,下位,0,487,43
726,726,0,274,548,0,0,0,710,61,520,1,下位,0,0,0
566,133,43,76,151,0,0,0,726,548,-103,3,下位,0,0,0
433,433,0,76,151,0,1,133,726,548,-103,3,下位,0,133,43
158,158,0,64,128,1,0,0,0,0,1,0,下位,0,0,0
80,80,0,470,941,0,0,0,158,128,-126,1,下位,0,0,0
111,111,0,162,322,0,0,0,80,941,686,7,下位,0,0,0
212,90,33,188,377,0,0,0,111,322,829,3,下位,0,0,0
122,122,0,188,377,0,1,90,111,322,829,3,下位,0,90,33
475,475,0,170,339,0,0,0,212,377,897,3,下位,0,0,0
54,54,0,266,533,0,0,0,475,339,470,3,下位,0,0,0
1015,1015,0,256,511,0,0,0,54,533,916,3,下位,0,0,0
170,170,0,146,291,0,0,0,1015,511,-210,3,下位,0,0,0
393,393,0,114,227,0,0,0,170,291,-193,1,下位,0,0,0
550,550,0,72,145,0,0,0,393,227,-600,2,下位,0,0,0
34,34,0,482,965,0,0,0,550,145,-1342,1,下位,0,0,0
435,435,0,204,409,1,0,0,0,0,1,0,下位,0,0,0
478,46,55,492,984,0,0,0,435,409,-292,4,下位,0,0,0
432,432,0,492,984,0,1,46,435,409,-292,4,下位,0,46,55
1013,1013,0,182,365,0,0,0,478,984,-24,6,下位,0,0,0
193,193,0,40,79,0,0,0,1013,365,-1293,4,下位,0,0,0
522,522,0,618,1235,0,0,0,193,79,-1525,1,下位,0,0,0
470,330,45,1330,2658,0,0,0,522,1235,-1132,9,下位,0,0,0
140,140,0,1330,2658,0,1,330,522,1235,-1132,9,下位,0,330,45
350,350,0,54,107,1,0,0,0,0,1,0,下位,0,0,0
576,144,23,52,105,1,0,0,0,0,1,0,下位,0,0,0
432,432,0,52,105,1,1,144,0,0,1,0,下位,0,144,23
53,53,0,70,139,0,0,0,576,105,-800,1,下位,0,0,0
600,168,35,216,433,1,0,0,0,0,1,0,下位,0,0,0
432,432,0,216,433,1,1,168,0,0,1,0,下位,0,168,35
370,64,23,92,183,1,0,0,0,0,1,0,下位,0,0,0
306,306,0,92,183,1,1,64,0,0,1,0,下位,0,64,23
550,121,53,666,1332,0,0,0,370,183,-390,2,下位,0,0,0
429,429,0,666,1332,0,1,121,370,183,-390,2,下位,0,121,53
204,151,43,102,206,1,0,0,0,0,1,0,下位,0,0,0
53,53,0,102,206,1,1,151,0,0,1,0,下位,0,151,43
101,101,0,188,377,1,0,0,0,0,1,0,下位,0,0,0
305,305,0,84,169,0,0,0,101,377,215,3,下位,0,0,0
83,83,0,252,504,0,0,0,305,169,-108,1,下位,0,0,0
736,736,0,124,249,0,0,0,83,504,262,3,下位,0,0,0
240,240,0,46,93,0,0,0,736,249,-676,1,下位,0,0,0
555,555,0,70,140,0,0,0,240,93,-970,1,下位,0,0,0
355,355,0,482,962,1,0,0,0,0,1,0,下位,0,0,0
556,556,0,326,654,0,0,0,355,962,390,7,下位,0,0,0
132,132,0,122,243,0,0,0,556,654,147,7,下位,0,0,0
500,236,51,962,1921,0,0,0,132,243,177,1,下位,0,0,0
264,264,0,962,1921,0,1,236,132,243,177,1,下位,0,236,51
429,429,0,84,169,1,0,0,0,0,1,0,下位,0,0,0
55,55,0,266,533,0,0,0,429,169,-522,1,下位,0,0,0
170,155,57,274,549,1,0,0,0,0,1,0,下位,0,0,0
15,15,0,274,549,1,1,155,0,0,1,0,下位,0,155,57
140,140,0,184,369,0,0,0,170,549,333,5,下位,0,0,0
318,318,0,110,219,0,0,0,140,369,476,2,下位,0,0,0
505,505,0,264,529,0,0,0,318,219,182,2,下位,0,0,0
64,64,0,470,939,0,0,0,505,529,-104,6,下位,0,0,0
1014,1014,0,352,706,0,0,0,64,939,732,5,下位,0,0,0
30,30,0,166,331,0,0,0,1014,706,-197,4,下位,0,0,0
137,137,0,112,223,0,0,0,30,331,86,3,下位,0,0,0
265,265,0,130,261,0,0,0,137,223,88,1,下位,0,0,0
110,110,0,204,407,0,0,0,265,261,-78,3,下位,0,0,0
273,273,0,916,1833,0,0,0,110,407,152,3,下位,0,0,0
164,164,0,94,189,0,0,0,273,1833,1545,13,下位,0,0,0
315,315,0,88,175,1,0,0,0,0,1,0,下位,0,0,0
172,35,57,72,145,0,0,0,315,175,-332,1,下位,0,0,0
137,137,0,72,145,0,1,35,315,175,-332,1,下位,0,35,57
926,732,88,106,212,0,0,0,172,145,-407,2,下位,0,0,0
194,133,45,106,212,0,1,732,172,145,-407,2,下位,0,732,43
61,61,0,106,212,0,2,865,172,145,-407,2,下位,0,133,45
190,190,0,106,212,0,0,0,926,212,-1601,1,下位,0,0,0
103,103,0,86,171,1,0,0,0,0,1,0,下位,0,0,0
334,334,0,112,225,0,0,0,103,171,6,1,下位,0,0,0
1009,1009,0,68,135,0,0,0,334,225,-308,4,下位,0,0,0
415,415,0,132,265,0,0,0,1009,135,-1800,1,下位,0,0,0
317,317,0,5538,10838,0,0,0,415,265,-2204,2,下位,0,0,0
429,429,0,1154,2306,1,0,0,0,0,1,0,下位,0,0,0
912,284,101,156,313,0,0,0,429,2306,1615,13,下位,0,0,0
628,195,46,156,313,0,1,284,429,2306,1615,13,下位,0,284,55
433,433,0,156,313,0,2,479,429,2306,1615,13,下位,0,195,46
150,150,0,78,155,0,0,0,912,313,558,2,下位,0,0,0
82,82,0,80,161,0,0,0,150,155,471,1,下位,0,0,0
432,432,0,416,833,1,0,0,0,0,1,0,下位,0,0,0
489,145,49,480,960,0,0,0,432,833,137,8,下位,0,0,0
344,344,0,480,960,0,1,145,432,833,137,8,下位,0,145,49
213,213,0,114,227,0,0,0,489,960,358,8,下位,0,0,0
53,53,0,60,119,0,0,0,213,227,241,2,下位,0,0,0
407,63,41,372,743,0,0,0,53,119,275,1,下位,0,0,0
344,344,0,372,743,0,1,63,53,119,275,1,下位,0,63,41
374,374,0,448,894,0,0,0,407,743,402,4,下位,0,0,0
680,450,78,86,171,0,0,0,374,894,693,7,下位,0,0,0
230,145,47,86,171,0,1,450,374,894,693,7,下位,0,450,31
85,85,0,86,171,0,2,595,374,894,693,7,下位,0,145,47
548,224,42,48,95,0,0,0,680,171,-155,1,下位,0,0,0
324,324,0,48,95,0,1,224,680,171,-155,1,下位,0,224,42
80,80,0,578,1156,1,0,0,0,0,1,0,下位,0,0,0
274,274,0,418,834,0,0,0,80,1156,1028,9,下位,0,0,0
130,130,0,272,544,0,0,0,274,834,1420,4,下位,0,0,0
28,28,0,156,311,0,0,0,130,544,1754,6,下位,0,0,0
1181,752,37,166,333,0,0,0,28,311,2020,2,下位,0,0,0
429,429,0,166,333,0,1,752,28,311,2020,2,下位,0,752,37
132,92,47,40,81,0,0,0,1181,333,485,2,下位,0,0,0
40,40,0,40,81,0,1,92,1181,333,485,2,下位,0,92,47
434,434,0,184,370,0,0,0,132,81,400,1,下位,0,0,0
1278,429,188,408,815,1,0,0,0,0,1,0,下位,0,0,0
849,430,133,408,815,1,1,429,0,0,1,0,下位,0,429,55
419,196,88,408,815,1,2,859,0,0,1,0,下位,0,430,45
223,162,41,408,815,1,3,1055,0,0,1,0,下位,0,196,47
61,61,0,408,815,1,4,1217,0,0,1,0,下位,0,162,41
437,437,0,206,413,0,0,0,1278,815,-1057,8,下位,0,0,0
1117,682,43,380,758,0,0,0,437,413,-1349,3,下位,0,0,0
435,435,0,380,758,0,1,682,437,413,-1349,3,下位,0,682,43
413,413,0,98,194,1,0,0,0,0,1,0,下位,0,0,0
163,163,0,40,81,0,0,0,413,194,-471,2,下位,0,0,0
154,154,0,1074,2145,0,0,0,163,81,-653,1,下位,0,0,0
166,166,0,46,93,0,0,0,154,2145,1244,14,下位,0,0,0
752,752,0,98,195,0,0,0,166,93,1069,1,下位,0,0,0
248,31,37,82,163,0,0,0,752,195,51,2,下位,0,0,0
217,217,0,82,163,0,1,31,752,195,51,2,下位,0,31,37
496,62,23,632,1264,0,0,0,248,163,-149,1,下位,0,0,0
434,434,0,632,1264,0,1,62,248,163,-149,1,下位,0,62,23
247,110,33,38,75,0,0,0,496,1264,338,8,下位,0,0,0
137,137,0,38,75,0,1,110,496,1264,338,8,下位,0,110,33
239,239,0,1886,3712,0,0,0,247,75,48,1,下位,0,0,0
866,434,49,70,139,1,0,0,0,0,1,0,下位,0,0,0
432,432,0,70,139,1,1,434,0,0,1,0,下位,0,434,49
1199,765,15,962,1924,0,0,0,866,139,-1208,1,下位,0,0,0
434,434,0,962,1924,0,1,765,866,139,-1208,1,下位,0,765,15
55,55,0,304,608,0,0,0,1199,1924,-1203,13,下位,0,0,0
77,77,0,44,89,0,0,0,55,608,-684,4,下位,0,0,0
620,620,0,606,1212,0,0,0,77,89,-719,1,下位,0,0,0
374,374,0,22,45,0,0,0,620,1212,-507,7,下位,0,0,0
426,426,0,83,166,1,0,0,0,0,1,0,下位,0,0,0
285,158,23,728,1456,0,0,0,426,166,-520,2,下位,0,0,0
127,127,0,728,1456,0,1,158,426,166,-520,2,下位,0,158,23
583,137,39,460,923,0,0,0,285,1456,499,10,下位,0,0,0
446,446,0,460,923,0,1,137,285,1456,499,10,下位,0,137,39
142,142,0,78,157,0,0,0,583,923,521,7,下位,0,0,0
156,156,0,1194,2326,0,0,0,142,157,449,1,下位,0,0,0
389,389,0,50,99,0,0,0,156,2326,2523,14,下位,0,0,0
429,429,0,922,1843,0,0,0,389,99,1995,1,下位,0,0,0
432,432,0,314,627,1,0,0,0,0,1,0,下位,0,0,0
522,312,47,346,692,0,0,0,432,627,-69,4,下位,0,0,0
210,210,0,346,692,0,1,312,432,627,-69,4,下位,0,312,47
574,177,70,1270,2541,0,0,0,522,692,-172,6,下位,0,0,0
397,60,31,1270,2541,0,1,177,522,692,-172,6,下位,0,177,39
337,337,0,1270,2541,0,2,237,522,692,-172,6,下位,0,60,31
492,492,0,390,779,0,0,0,574,2541,1513,15,下位,0,0,0
117,117,0,826,1590,0,0,0,492,779,1498,6,下位,0,0,0
545,413,37,380,761,0,0,0,117,1590,2899,15,下位,0,0,0
132,132,0,380,761,0,1,413,117,1590,2899,15,下位,0,413,37
600,167,41,164,327,0,0,0,545,761,2818,6,下位,0,0,0
433,433,0,164,327,0,1,167,545,761,2818,6,下位,0,167,41
529,88,23,708,1416,0,0,0,600,327,2219,2,下位,0,0,0
441,441,0,708,1416,0,1,88,600,327,2219,2,下位,0,88,23
618,413,37,364,729,1,0,0,0,0,1,0,下位,0,0,0
205,205,0,364,729,1,1,413,0,0,1,0,下位,0,413,37
633,200,53,120,239,0,0,0,618,729,-230,4,下位,0,0,0
433,433,0,120,239,0,1,200,618,729,-230,4,下位,0,200,53
158,158,0,210,421,0,0,0,633,239,-959,2,下位,0,0,0
90,90,0,98,195,0,0,0,158,421,-793,6,下位,0,0,0
150,150,0,124,247,0,0,0,90,195,-743,1,下位,0,0,0
202,202,0,60,119,0,0,0,150,247,-738,3,下位,0,0,0
146,146,0,48,95,0,0,0,202,119,-945,1,下位,0,0,0
154,154,0,142,283,0,0,0,146,95,-1085,1,下位,0,0,0
433,284,39,54,109,0,0,0,154,283,-1050,2,下位,0,0,0
149,149,0,54,109,0,1,284,154,283,-1050,2,下位,0,284,39
344,65,59,778,1558,0,0,0,433,109,-1600,1,下位,0,0,0
279,279,0,778,1558,0,1,65,433,109,-1600,1,下位,0,65,59
389,389,0,1848,3635,1,0,0,0,0,1,0,下位,0,0,0
295,133,48,74,149,0,0,0,389,3635,3009,23,下位,0,0,0
162,162,0,74,149,0,1,133,389,3635,3009,23,下位,0,133,48
925,413,94,154,309,0,0,0,295,149,2730,1,下位,0,0,0
512,437,51,154,309,0,1,413,295,149,2730,1,下位,0,413,43
75,75,0,154,309,0,2,850,295,149,2730,1,下位,0,437,51
602,602,0,40,79,0,0,0,925,309,1641,2,下位,0,0,0
195,144,39,66,131,0,0,0,602,79,749,1,下位,0,0,0
51,51,0,66,131,0,1,144,602,79,749,1,下位,0,144,39
396,396,0,78,155,0,0,0,195,131,605,1,下位,0,0,0
149,149,0,318,635,1,0,0,0,0,1,0,下位,0,0,0
384,16,32,116,231,0,0,0,149,635,396,4,下位,0,0,0
368,368,0,116,231,0,1,16,149,635,396,4,下位,0,16,32
375,245,42,124,247,0,0,0,384,231,39,2,下位,0,0,0
130,130,0,124,247,0,1,245,384,231,39,2,下位,0,245,42
327,164,35,138,276,0,0,0,375,247,-277,2,下位,0,0,0
163,163,0,138,276,0,1,164,375,247,-277,2,下位,0,164,35
30,30,0,134,268,0,0,0,327,276,-494,1,下位,0,0,0
277,277,0,286,571,0,0,0,30,268,-274,4,下位,0,0,0
237,237,0,230,460,0,0,0,277,571,-150,6,下位,0,0,0
132,132,0,610,1219,1,0,0,0,0,1,0,下位,0,0,0
311,41,25,836,1669,0,0,0,132,1219,1007,7,下位,0,0,0
270,270,0,836,1669,0,1,41,132,1219,1007,7,下位,0,41,25
350,350,0,514,967,0,0,0,311,1669,2200,14,下位,0,0,0
46,46,0,28,55,0,0,0,350,967,2602,6,下位,0,0,0
1346,368,147,1117,2235,0,0,0,46,55,2583,1,下位,0,0,0
978,385,100,1117,2235,0,1,368,46,55,2583,1,下位,0,368,47
593,434,45,1117,2235,0,2,753,46,55,2583,1,下位,0,385,55
159,159,0,1117,2235,0,3,1187,46,55,2583,1,下位,0,434,45
224,38,190,580,1160,0,0,0,1346,2235,2794,12,下位,0,0,0
186,186,0,580,1160,0,1,38,1346,2235,2794,12,下位,0,38,190
444,444,0,86,171,1,0,0,0,0,1,0,下位,0,0,0
431,174,51,44,86,0,0,0,444,171,-544,1,下位,0,0,0
257,257,0,44,86,0,1,174,444,171,-544,1,下位,0,174,51
81,81,0,110,219,0,0,0,431,86,-1103,1,下位,0,0,0
206,35,41,58,117,0,0,0,81,219,-1015,2,下位,0,0,0
171,171,0,58,117,0,1,35,81,219,-1015,2,下位,0,35,41
129,129,0,140,279,0,0,0,206,117,-1189,2,下位,0,0,0
323,323,0,164,327,0,0,0,129,279,-1118,4,下位,0,0,0
1540,633,133,528,1054,0,0,0,323,327,-1312,1,下位,0,0,0
907,432,102,528,1054,0,1,633,323,327,-1312,1,下位,0,633,31
475,71,61,528,1054,0,2,1065,323,327,-1312,1,下位,0,432,41
404,354,27,528,1054,0,3,1136,323,327,-1312,1,下位,0,71,34
50,50,0,528,1054,0,4,1490,323,327,-1312,1,下位,0,354,27
437,437,0,1280,2561,1,0,0,0,0,1,0,下位,0,0,0
458,24,51,122,243,0,0,0,437,2561,1857,21,下位,0,0,0
434,434,0,122,243,0,1,24,437,2561,1857,21,下位,0,24,51
41,41,0,364,728,0,0,0,458,243,1412,1,下位,0,0,0
59,59,0,253,506,1,0,0,0,0,1,0,下位,0,0,0
1016,1016,0,306,613,0,0,0,59,506,412,3,下位,0,0,0
560,560,0,548,1094,0,0,0,1016,613,-614,4,下位,0,0,0
396,157,92,404,810,0,0,0,560,1094,-423,6,下位,0,0,0
239,208,43,404,810,0,1,157,560,1094,-423,6,下位,0,157,49
31,31,0,404,810,0,2,365,560,1094,-423,6,下位,0,208,43
165,165,0,116,233,0,0,0,396,810,-159,6,下位,0,0,0
85,85,0,636,1276,1,0,0,0,0,1,0,下位,0,0,0
40,40,0,552,1104,0,0,0,85,1276,1140,5,下位,0,0,0
229,229,0,434,808,0,0,0,40,1104,2179,7,下位,0,0,0
250,250,0,26,51,0,0,0,229,808,2618,8,下位,0,0,0
966,201,76,167,334,0,0,0,250,51,2266,1,下位,0,0,0
765,433,55,167,334,0,1,201,250,51,2266,1,下位,0,201,21
332,332,0,167,334,0,2,634,250,51,2266,1,下位,0,433,55
1015,1015,0,172,343,0,0,0,966,334,1119,3,下位,0,0,0
349,349,0,358,717,0,0,0,1015,343,-175,3,下位,0,0,0
325,325,0,238,477,1,0,0,0,0,1,0,下位,0,0,0
429,429,0,88,177,0,0,0,325,477,-46,4,下位,0,0,0
152,152,0,134,270,0,0,0,429,177,-561,1,下位,0,0,0
181,18,57,44,87,0,0,0,152,270,-536,2,下位,0,0,0
163,112,35,44,87,0,1,18,152,270,-536,2,下位,0,18,22
51,51,0,44,87,0,2,130,152,270,-536,2,下位,0,112,35
58,58,0,160,321,0,0,0,181,87,-684,1,下位,0,0,0
53,53,0,124,249,0,0,0,58,321,-457,3,下位,0,0,0
153,153,0,92,184,0,0,0,53,249,-293,3,下位,0,0,0
653,653,0,84,169,0,0,0,153,184,-356,1,下位,0,0,0
147,147,0,72,143,0,0,0,653,169,-1240,2,下位,0,0,0
63,63,0,638,1275,0,0,0,147,143,-1334,1,下位,0,0,0
502,502,0,56,111,0,0,0,63,1275,-161,8,下位,0,0,0
429,429,0,144,289,1,0,0,0,0,1,0,下位,0,0,0
987,216,98,40,81,0,0,0,429,289,-402,1,下位,0,0,0
771,339,55,40,81,0,1,216,429,289,-402,1,下位,0,216,43
432,432,0,40,81,0,2,555,429,289,-402,1,下位,0,339,55
83,83,0,236,473,0,0,0,987,81,-1815,1,下位,0,0,0
861,432,27,1070,2141,0,0,0,83,473,-1476,4,下位,0,0,0
429,429,0,1070,2141,0,1,432,83,473,-1476,4,下位,0,432,27
896,896,0,428,855,0,0,0,861,2141,-697,12,下位,0,0,0
137,137,0,36,71,1,0,0,0,0,1,0,下位,0,0,0
219,219,0,676,1353,0,0,0,137,71,-149,1,下位,0,0,0
1412,830,81,270,542,0,0,0,219,1353,851,12,下位,0,0,0
582,432,45,270,542,0,1,830,219,1353,851,12,下位,0,830,36
150,150,0,270,542,0,2,1262,219,1353,851,12,下位,0,432,45
97,97,0,466,931,0,0,0,1412,542,-804,4,下位,0,0,0
221,221,0,218,435,0,0,0,97,931,-29,7,下位,0,0,0
403,403,0,254,507,0,0,0,221,435,50,3,下位,0,0,0
78,78,0,80,161,0,0,0,403,507,-93,5,下位,0,0,0
861,433,49,374,748,1,0,0,0,0,1,0,下位,0,0,0
428,428,0,374,748,1,1,433,0,0,1,0,下位,0,433,49
54,54,0,82,163,0,0,0,861,748,-590,4,下位,0,0,0
296,296,0,66,133,0,0,0,54,163,-514,1,下位,0,0,0
544,544,0,248,497,0,0,0,296,133,-858,1,下位,0,0,0
876,433,102,2712,5361,1,0,0,0,0,1,0,下位,0,0,0
443,159,63,2712,5361,1,1,433,0,0,1,0,下位,0,433,39
284,284,0,2712,5361,1,2,592,0,0,1,0,下位,0,159,63
199,199,0,519,977,0,0,0,876,5361,4052,36,下位,0,0,0
241,241,0,76,151,1,0,0,0,0,1,0,下位,0,0,0
95,95,0,572,1144,0,0,0,241,151,-237,1,下位,0,0,0
251,251,0,152,305,0,0,0,95,1144,754,9,下位,0,0,0
562,562,0,120,241,0,0,0,251,305,654,3,下位,0,0,0
674,674,0,48,97,0,0,0,562,241,-11,2,下位,0,0,0
49,49,0,128,256,0,0,0,674,97,-1001,1,下位,0,0,0
262,91,78,680,1359,1,0,0,0,0,1,0,下位,0,0,0
171,30,47,680,1359,1,1,91,0,0,1,0,下位,0,91,31
141,141,0,680,1359,1,2,121,0,0,1,0,下位,0,30,47
746,746,0,376,752,0,0,0,262,1359,1016,9,下位,0,0,0
372,372,0,542,1082,0,0,0,746,752,565,6,下位,0,0,0
543,543,0,214,429,0,0,0,372,1082,1047,6,下位,0,0,0
369,369,0,136,271,0,0,0,543,429,600,3,下位,0,0,0
457,457,0,1518,2974,0,0,0,369,271,276,3,下位,0,0,0
462,297,49,150,300,1,0,0,0,0,1,0,下位,0,0,0
165,165,0,150,300,1,1,297,0,0,1,0,下位,0,297,49
145,145,0,50,101,0,0,0,462,300,-395,1,下位,0,0,0
415,242,0,124,247,0,0,0,145,101,-528,1,下位,0,0,0
173,173,0,124,247,0,1,242,145,101,-528,1,下位,0,242,0
1603,790,74,74,149,0,0,0,415,247,-950,1,下位,0,0,0
813,379,41,74,149,0,1,790,415,247,-950,1,下位,0,790,33
434,434,0,74,149,0,2,1169,415,247,-950,1,下位,0,379,41
147,147,0,1417,2835,0,0,0,1603,149,-3312,1,下位,0,0,0
48,48,0,312,625,0,0,0,147,2835,-714,20,下位,0,0,0
36,36,0,1054,2107,1,0,0,0,0,1,0,下位,0,0,0
1221,430,70,96,191,0,0,0,36,2107,2050,13,下位,0,0,0
791,435,31,96,191,0,1,430,36,2107,2050,13,下位,0,430,39
356,356,0,96,191,0,2,865,36,2107,2050,13,下位,0,435,31
1119,684,29,246,494,0,0,0,1221,191,341,1,下位,0,0,0
435,435,0,246,494,0,1,684,1221,191,341,1,下位,0,684,29
652,215,51,104,208,0,0,0,1119,494,-941,4,下位,0,0,0
437,437,0,104,208,0,1,215,1119,494,-941,4,下位,0,215,51
53,53,0,1046,2093,1,0,0,0,0,1,0,下位,0,0,0
57,57,0,1732,3399,0,0,0,53,2093,2009,13,下位,0,0,0
432,432,0,300,601,0,0,0,57,3399,5316,11,下位,0,0,0
125,125,0,564,1126,0,0,0,432,601,5220,4,下位,0,0,0
336,336,0,156,311,0,0,0,125,1126,6144,6,下位,0,0,0
164,164,0,148,297,0,0,0,336,311,5913,4,下位,0,0,0
126,126,0,116,233,0,0,0,164,297,5945,2,下位,0,0,0
203,203,0,56,113,0,0,0,126,233,5975,2,下位,0,0,0
52,52,0,844,1626,0,0,0,203,113,5761,1,下位,0,0,0
326,326,0,298,597,0,0,0,52,1626,7303,10,下位,0,0,0
557,118,137,108,217,0,0,0,326,597,7374,5,下位,0,0,0
439,170,82,108,217,0,1,118,326,597,7374,5,下位,0,118,55
269,35,41,108,217,0,2,288,326,597,7374,5,下位,0,170,41
234,234,0,108,217,0,3,323,326,597,7374,5,下位,0,35,41
378,243,39,576,1151,0,0,0,557,217,6831,2,下位,0,0,0
135,135,0,576,1151,0,1,243,557,217,6831,2,下位,0,243,39
122,122,0,62,124,0,0,0,378,1151,7411,7,下位,0,0,0
135,135,0,202,405,0,0,0,122,124,7338,1,下位,0,0,0
38,38,0,52,105,0,0,0,135,405,7525,3,下位,0,0,0
57,57,0,192,383,1,0,0,0,0,1,0,下位,0,0,0
277,277,0,698,1397,0,0,0,57,383,292,3,下位,0,0,0
1014,1014,0,368,737,0,0,0,277,1397,1242,7,下位,0,0,0
72,72,0,370,740,0,0,0,1014,737,344,5,下位,0,0,0
1013,1013,0,34,69,0,0,0,72,740,968,4,下位,0,0,0
148,148,0,80,159,0,0,0,1013,69,-597,1,下位,0,0,0
400,16,70,356,713,0,0,0,148,159,-677,1,下位,0,0,0
384,154,21,356,713,0,1,16,148,159,-677,1,下位,0,16,49
230,230,0,356,713,0,2,170,148,159,-677,1,下位,0,154,21
1244,434,58,360,721,1,0,0,0,0,1,0,下位,0,0,0
810,373,13,360,721,1,1,434,0,0,1,0,下位,0,434,45
437,437,0,360,721,1,2,807,0,0,1,0,下位,0,373,13
380,380,0,402,803,0,0,0,1244,721,-1227,9,下位,0,0,0
31,31,0,430,861,1,0,0,0,0,1,0,下位,0,0,0
490,490,0,678,1356,0,0,0,31,861,812,6,下位,0,0,0
506,176,104,150,300,0,0,0,490,1356,1378,9,下位,0,0,0
330,136,51,150,300,0,1,176,490,1356,1378,9,下位,0,176,53
194,194,0,150,300,0,2,312,490,1356,1378,9,下位,0,136,51
387,387,0,272,544,0,0,0,506,300,966,2,下位,0,0,0
144,144,0,426,854,0,0,0,387,544,886,4,下位,0,0,0
199,199,0,330,660,0,0,0,144,854,1508,4,下位,0,0,0
101,101,0,234,469,0,0,0,199,660,1847,5,下位,0,0,0
643,487,45,96,193,0,0,0,101,469,2153,4,下位,0,0,0
156,156,0,96,193,0,1,487,101,469,2153,4,下位,0,487,45
818,613,13,388,777,0,0,0,643,193,1354,1,下位,0,0,0
205,205,0,388,777,0,1,613,643,193,1354,1,下位,0,613,13
200,200,0,166,333,0,0,0,818,777,824,5,下位,0,0,0
816,430,49,120,240,1,0,0,0,0,1,0,下位,0,0,0
386,386,0,120,240,1,1,430,0,0,1,0,下位,0,430,49
596,596,0,218,437,0,0,0,816,240,-1027,3,下位,0,0,0
482,49,38,154,309,0,0,0,596,437,-1551,3,下位,0,0,0
433,433,0,154,309,0,1,49,596,437,-1551,3,下位,0,49,38
495,495,0,235,470,0,0,0,482,309,-1981,2,下位,0,0,0
318,160,3,128,256,0,0,0,495,470,-2309,2,下位,0,0,0
158,158,0,128,256,0,1,160,495,470,-2309,2,下位,0,160,3
127,127,0,26,52,0,0,0,318,256,-2563,3,下位,0,0,0
1013,1013,0,620,1240,0,0,0,127,52,-2716,1,下位,0,0,0
818,818,0,218,438,0,0,0,1013,1240,-3110,8,下位,0,0,0
55,55,0,392,782,1,0,0,0,0,1,0,下位,0,0,0
1059,1013,51,100,201,0,0,0,55,782,694,7,下位,0,0,0
46,46,0,100,201,0,1,1013,55,782,694,7,下位,0,1013,51
1015,1015,0,168,337,0,0,0,1059,201,-762,3,下位,0,0,0
141,141,0,194,390,0,0,0,1015,337,-2062,2,下位,0,0,0
464,221,7,426,852,0,0,0,141,390,-1899,2,下位,0,0,0
243,243,0,426,852,0,1,221,141,390,-1899,2,下位,0,221,7
738,433,37,460,918,1,0,0,0,0,1,0,下位,0,0,0
305,305,0,460,918,1,1,433,0,0,1,0,下位,0,433,37
347,347,0,154,309,0,0,0,738,918,-234,5,下位,0,0,0
419,419,0,104,207,0,0,0,347,309,-485,3,下位,0,0,0
67,44,71,36,71,0,0,0,419,207,-954,3,下位,0,0,0
23,23,0,36,71,0,1,44,419,207,-954,3,下位,0,44,71
565,565,0,92,185,0,0,0,67,71,-920,1,下位,0,0,0
144,144,0,346,691,0,0,0,565,185,-1646,3,下位,0,0,0
522,522,0,264,528,0,0,0,144,691,-1187,6,下位,0,0,0
585,546,0,94,187,0,0,0,522,528,-1501,4,下位,0,0,0
39,39,0,94,187,0,1,546,522,528,-1501,4,下位,0,546,0
133,133,0,398,796,0,0,0,585,187,-2258,1,下位,0,0,0
432,432,0,40,81,1,0,0,0,0,1,0,下位,0,0,0
609,162,49,190,379,0,0,0,432,81,-615,1,下位,0,0,0
447,447,0,190,379,0,1,162,432,81,-615,1,下位,0,162,49
36,36,0,202,404,0,0,0,609,379,-1169,5,下位,0,0,0
416,416,0,56,113,1,0,0,0,0,1,0,下位,0,0,0
241,241,0,252,503,0,0,0,416,113,-557,1,下位,0,0,0
316,316,0,248,497,0,0,0,241,503,-443,4,下位,0,0,0
415,144,96,288,576,1,0,0,0,0,1,0,下位,0,0,0
271,241,49,288,576,1,1,144,0,0,1,0,下位,0,144,47
30,30,0,288,576,1,2,385,0,0,1,0,下位,0,241,49
433,433,0,476,954,0,0,0,415,576,4,3,下位,0,0,0
294,294,0,68,136,0,0,0,433,954,260,6,下位,0,0,0
774,341,41,74,149,0,0,0,294,136,-78,1,下位,0,0,0
433,433,0,74,149,0,1,341,294,136,-78,1,下位,0,341,41
159,159,0,68,134,1,0,0,0,0,1,0,下位,0,0,0
1011,749,34,326,651,0,0,0,159,134,-121,1,下位,0,0,0
262,262,0,326,651,0,1,749,159,134,-121,1,下位,0,749,34
968,968,0,92,183,0,0,0,1011,651,-1067,4,下位,0,0,0
201,149,49,124,249,0,0,0,968,183,-2445,2,下位,0,0,0
52,52,0,124,249,0,1,149,968,183,-2445,2,下位,0,149,49
201,201,0,216,433,0,0,0,201,249,-2471,2,下位,0,0,0
134,134,0,84,169,0,0,0,201,433,-2362,3,下位,0,0,0
344,344,0,126,253,1,0,0,0,0,1,0,下位,0,0,0
679,137,42,42,85,0,0,0,344,253,-301,1,下位,0,0,0
542,110,21,42,85,0,1,137,344,253,-301,1,下位,0,137,21
432,432,0,42,85,0,2,247,344,253,-301,1,下位,0,110,21
870,441,48,86,171,0,0,0,679,85,-1269,1,下位,0,0,0
429,429,0,86,171,0,1,441,679,85,-1269,1,下位,0,441,48
95,95,0,226,452,1,0,0,0,0,1,0,下位,0,0,0
291,158,45,234,467,0,0,0,95,452,300,1,下位,0,0,0
133,133,0,234,467,0,1,158,95,452,300,1,下位,0,158,45
167,167,0,82,163,0,0,0,291,467,342,4,下位,0,0,0
346,346,0,744,1487,0,0,0,167,163,236,1,下位,0,0,0
751,134,119,808,1619,0,0,0,346,1487,1165,11,下位,0,0,0
617,238,80,808,1619,0,1,134,346,1487,1165,11,下位,0,134,39
379,156,53,808,1619,0,2,372,346,1487,1165,11,下位,0,238,27
223,223,0,808,1619,0,3,528,346,1487,1165,11,下位,0,156,53
407,350,43,766,1533,1,0,0,0,0,1,0,下位,0,0,0
57,57,0,766,1533,1,1,350,0,0,1,0,下位,0,350,43
810,810,0,74,150,0,0,0,407,1533,920,13,下位,0,0,0
1169,1014,55,422,845,0,0,0,810,150,-236,1,下位,0,0,0
155,155,0,422,845,0,1,1014,810,150,-236,1,下位,0,1014,55
738,582,49,434,870,0,0,0,1169,845,-1221,7,下位,0,0,0
156,156,0,434,870,0,1,582,1169,845,-1221,7,下位,0,582,49
78,78,0,116,231,0,0,0,738,870,-1493,8,下位,0,0,0
206,206,0,82,165,0,0,0,78,231,-1388,2,下位,0,0,0
657,224,55,48,97,0,0,0,206,165,-1555,1,下位,0,0,0
433,433,0,48,97,0,1,224,206,165,-1555,1,下位,0,224,55
759,333,64,58,118,1,0,0,0,0,1,0,下位,0,0,0
426,292,35,58,118,1,1,333,0,0,1,0,下位,0,333,29
134,134,0,58,118,1,2,625,0,0,1,0,下位,0,292,35
947,369,55,634,1268,0,0,0,759,118,-1041,1,下位,0,0,0
578,145,27,634,1268,0,1,369,759,118,-1041,1,下位,0,369,28
433,433,0,634,1268,0,2,514,759,118,-1041,1,下位,0,145,27
532,98,55,253,506,0,0,0,947,1268,-1245,6,下位,0,0,0
434,434,0,253,506,0,1,98,947,1268,-1245,6,下位,0,98,55
795,139,74,448,894,0,0,0,532,506,-1542,4,下位,0,0,0
656,435,31,448,894,0,1,139,532,506,-1542,4,下位,0,139,43
221,221,0,448,894,0,2,574,532,506,-1542,4,下位,0,435,31
761,761,0,234,468,0,0,0,795,894,-1856,6,下位,0,0,0
863,431,49,368,738,1,0,0,0,0,1,0,下位,0,0,0
432,432,0,368,738,1,1,431,0,0,1,0,下位,0,431,49
813,42,86,88,177,0,0,0,863,738,-604,7,下位,0,0,0
771,333,29,88,177,0,1,42,863,738,-604,7,下位,0,42,57
438,438,0,88,177,0,2,375,863,738,-604,7,下位,0,333,29
834,834,0,502,1002,0,0,0,813,177,-1652,2,下位,0,0,0
778,440,55,254,508,0,0,0,834,1002,-1995,6,下位,0,0,0
338,338,0,254,508,0,1,440,834,1002,-1995,6,下位,0,440,55
432,432,0,416,833,1,0,0,0,0,1,0,下位,0,0,0
489,145,49,480,960,0,0,0,432,833,137,8,下位,0,0,0
344,344,0,480,960,0,1,145,432,833,137,8,下位,0,145,49
213,213,0,114,227,0,0,0,489,960,358,8,下位,0,0,0
53,53,0,60,119,0,0,0,213,227,241,2,下位,0,0,0
407,63,41,372,743,0,0,0,53,119,275,1,下位,0,0,0
344,344,0,372,743,0,1,63,53,119,275,1,下位,0,63,41
374,374,0,448,894,0,0,0,407,743,402,4,下位,0,0,0
680,450,78,86,171,0,0,0,374,894,693,7,下位,0,0,0
230,145,47,86,171,0,1,450,374,894,693,7,下位,0,450,31
85,85,0,86,171,0,2,595,374,894,693,7,下位,0,145,47
548,224,42,48,95,0,0,0,680,171,-155,1,下位,0,0,0
324,324,0,48,95,0,1,224,680,171,-155,1,下位,0,224,42
80,80,0,578,1156,1,0,0,0,0,1,0,下位,0,0,0
274,274,0,418,834,0,0,0,80,1156,1028,9,下位,0,0,0
130,130,0,272,544,0,0,0,274,834,1420,4,下位,0,0,0
28,28,0,156,311,0,0,0,130,544,1754,6,下位,0,0,0
1181,752,37,166,333,0,0,0,28,311,2020,2,下位,0,0,0
429,429,0,166,333,0,1,752,28,311,2020,2,下位,0,752,37
132,92,47,40,81,0,0,0,1181,333,485,2,下位,0,0,0
40,40,0,40,81,0,1,92,1181,333,485,2,下位,0,92,47
434,434,0,184,370,0,0,0,132,81,400,1,下位,0,0,0
134,134,0,494,990,1,0,0,0,0,1,0,下位,0,0,0
287,211,37,1104,2146,0,0,0,134,990,775,5,下位,0,0,0
76,76,0,1104,2146,0,1,211,134,990,775,5,下位,0,211,37
36,36,0,180,362,0,0,0,287,2146,2495,16,下位,0,0,0
620,41,76,94,187,0,0,0,36,362,2799,3,下位,0,0,0
579,312,35,94,187,0,1,41,36,362,2799,3,下位,0,41,41
267,267,0,94,187,0,2,353,36,362,2799,3,下位,0,312,35
234,234,0,516,1033,0,0,0,620,187,2062,3,下位,0,0,0
334,334,0,236,472,0,0,0,234,1033,2718,7,下位,0,0,0
612,612,0,258,517,0,0,0,334,472,2651,3,下位,0,0,0
674,60,74,116,233,0,0,0,612,517,2181,4,下位,0,0,0
614,322,37,116,233,0,1,60,612,517,2181,4,下位,0,60,37
292,292,0,116,233,0,2,382,612,517,2181,4,下位,0,322,37
239,136,68,136,272,1,0,0,0,0,1,0,下位,0,0,0
103,60,35,136,272,1,1,136,0,0,1,0,下位,0,136,33
43,43,0,136,272,1,2,196,0,0,1,0,下位,0,60,35
441,303,49,346,691,0,0,0,239,272,-44,2,下位,0,0,0
138,138,0,346,691,0,1,303,239,272,-44,2,下位,0,303,49
163,163,0,290,578,0,0,0,441,691,-16,3,下位,0,0,0
35,35,0,286,573,0,0,0,163,578,299,4,下位,0,0,0
697,264,55,310,619,0,0,0,35,573,816,4,下位,0,0,0
433,433,0,310,619,0,1,264,35,573,816,4,下位,0,264,55
469,36,30,214,429,0,0,0,697,619,366,3,下位,0,0,0
433,433,0,214,429,0,1,36,697,619,366,3,下位,0,36,30
429,429,0,106,213,0,0,0,469,429,69,4,下位,0,0,0
296,296,0,106,213,0,0,0,429,213,-410,2,下位,0,0,0
151,151,0,144,289,0,0,0,296,213,-674,2,下位,0,0,0
421,421,0,82,165,0,0,0,151,289,-629,2,下位,0,0,0
1109,433,80,208,415,1,0,0,0,0,1,0,下位,0,0,0
676,433,41,208,415,1,1,433,0,0,1,0,下位,0,433,39
243,243,0,208,415,1,2,866,0,0,1,0,下位,0,433,41
1619,578,109,488,977,0,0,0,1109,415,-1292,3,下位,0,0,0
1041,435,94,488,977,0,1,578,1109,415,-1292,3,下位,0,578,15
606,177,45,488,977,0,2,1013,1109,415,-1292,3,下位,0,435,49
429,429,0,488,977,0,3,1190,1109,415,-1292,3,下位,0,177,45
846,846,0,192,385,0,0,0,1619,977,-2817,6,下位,0,0,0
49,49,0,72,145,1,0,0,0,0,1,0,下位,0,0,0
387,387,0,124,249,0,0,0,49,145,67,1,下位,0,0,0
430,430,0,256,511,0,0,0,387,249,-308,2,下位,0,0,0
280,280,0,56,113,0,0,0,430,511,-491,4,下位,0,0,0
617,617,0,1066,2134,0,0,0,280,113,-830,1,下位,0,0,0
1016,1016,0,558,1115,0,0,0,617,2134,309,13,下位,0,0,0
1387,425,84,66,133,1,0,0,0,0,1,0,下位,0,0,0
962,433,69,66,133,1,1,425,0,0,1,0,下位,0,425,15
529,94,30,66,133,1,2,858,0,0,1,0,下位,0,433,39
435,435,0,66,133,1,3,952,0,0,1,0,下位,0,94,30
1046,141,119,114,227,0,0,0,1387,133,-2019,2,下位,0,0,0
905,429,92,114,227,0,1,141,1387,133,-2019,2,下位,0,141,27
476,430,47,114,227,0,2,570,1387,133,-2019,2,下位,0,429,45
46,46,0,114,227,0,3,1000,1387,133,-2019,2,下位,0,430,47
1125,353,113,110,219,0,0,0,1046,227,-3360,2,下位,0,0,0
772,289,64,110,219,0,1,353,1046,227,-3360,2,下位,0,353,49
483,47,29,110,219,0,2,642,1046,227,-3360,2,下位,0,289,35
436,436,0,110,219,0,3,689,1046,227,-3360,2,下位,0,47,29
151,151,0,136,272,1,0,0,0,0,1,0,下位,0,0,0
1393,531,86,87,174,0,0,0,151,272,29,2,下位,0,0,0
862,429,39,87,174,0,1,531,151,272,29,2,下位,0,531,47
433,433,0,87,174,0,2,960,151,272,29,2,下位,0,429,39
49,49,0,284,570,0,0,0,1393,174,-1957,1,下位,0,0,0
82,82,0,102,205,0,0,0,49,570,-1466,6,下位,0,0,0
49,49,0,334,669,0,0,0,82,205,-1393,2,下位,0,0,0
47,47,0,74,149,0,0,0,49,669,-803,6,下位,0,0,0
69,69,0,124,247,0,0,0,47,149,-730,1,下位,0,0,0
271,271,0,384,768,0,0,0,69,247,-594,2,下位,0,0,0
337,337,0,146,293,1,0,0,0,0,1,0,下位,0,0,0
547,547,0,268,535,0,0,0,337,293,-250,3,下位,0,0,0
1062,283,90,340,679,0,0,0,547,535,-597,6,下位,0,0,0
779,432,43,340,679,0,1,283,547,535,-597,6,下位,0,283,47
347,347,0,340,679,0,2,715,547,535,-597,6,下位,0,432,43
432,432,0,266,533,0,0,0,1062,679,-1541,4,下位,0,0,0
256,256,0,1726,3390,0,0,0,432,533,-1705,7,下位,0,0,0
51,51,0,102,205,0,0,0,256,3390,1272,18,下位,0,0,0
861,432,47,1132,2264,1,0,0,0,0,1,0,下位,0,0,0
429,429,0,1132,2264,1,1,432,0,0,1,0,下位,0,432,47
206,206,0,678,1358,0,0,0,861,2264,923,15,下位,0,0,0
29,29,0,2152,4180,0,0,0,206,1358,1949,11,下位,0,0,0
123,123,0,338,677,0,0,0,29,4180,6082,21,下位,0,0,0
71,71,0,24,49,1,0,0,0,0,1,0,下位,0,0,0
38,38,0,80,159,0,0,0,71,49,-65,1,下位,0,0,0
266,46,88,298,595,0,0,0,38,159,33,1,下位,0,0,0
220,152,45,298,595,0,1,46,38,159,33,1,下位,0,46,43
68,68,0,298,595,0,2,198,38,159,33,1,下位,0,152,45
1394,230,133,238,477,0,0,0,266,595,287,4,下位,0,0,0
1164,301,90,238,477,0,1,230,266,595,287,4,下位,0,230,43
863,432,37,238,477,0,2,531,266,595,287,4,下位,0,301,53
431,431,0,238,477,0,3,963,266,595,287,4,下位,0,432,37
468,39,29,106,211,0,0,0,1394,477,-1351,5,下位,0,0,0
429,429,0,106,211,0,1,39,1394,477,-1351,5,下位,0,39,29
362,109,115,442,885,1,0,0,0,0,1,0,下位,0,0,0
253,77,62,442,885,1,1,109,0,0,1,0,下位,0,109,53
176,37,45,442,885,1,2,186,0,0,1,0,下位,0,77,17
139,139,0,442,885,1,3,223,0,0,1,0,下位,0,37,45
327,175,98,358,714,0,0,0,362,885,417,4,下位,0,0,0
152,53,55,358,714,0,1,175,362,885,417,4,下位,0,175,43
99,99,0,358,714,0,2,228,362,885,417,4,下位,0,53,55
955,91,90,152,302,0,0,0,327,714,702,6,下位,0,0,0
864,432,45,152,302,0,1,91,327,714,702,6,下位,0,91,45
432,432,0,152,302,0,2,523,327,714,702,6,下位,0,432,45
260,168,37,50,101,0,0,0,955,302,-447,3,下位,0,0,0
92,92,0,50,101,0,1,168,955,302,-447,3,下位,0,168,37
258,175,39,96,191,0,0,0,260,101,-728,1,下位,0,0,0
83,83,0,96,191,0,1,175,260,101,-728,1,下位,0,175,39
103,103,0,1072,2144,0,0,0,258,191,-914,2,下位,0,0,0
736,163,92,156,313,0,0,0,103,2144,1064,15,下位,0,0,0
573,139,41,156,313,0,1,163,103,2144,1064,15,下位,0,163,51
434,434,0,156,313,0,2,302,103,2144,1064,15,下位,0,139,41
123,83,59,258,516,0,0,0,736,313,282,2,下位,0,0,0
40,40,0,258,516,0,1,83,736,313,282,2,下位,0,83,59
154,154,0,392,784,1,0,0,0,0,1,0,下位,0,0,0
457,457,0,112,223,0,0,0,154,784,537,4,下位,0,0,0
56,56,0,1316,2566,0,0,0,457,223,23,1,下位,0,0,0
248,248,0,58,117,0,0,0,56,2566,2499,19,下位,0,0,0
135,78,47,40,81,0,0,0,248,117,2216,1,下位,0,0,0
57,57,0,40,81,0,1,78,248,117,2216,1,下位,0,78,47
449,449,0,94,187,0,0,0,135,81,2126,1,下位,0,0,0
417,417,0,476,951,0,0,0,449,187,1589,1,下位,0,0,0
94,94,0,136,272,1,0,0,0,0,1,0,下位,0,0,0
430,430,0,1160,2318,0,0,0,94,272,121,2,下位,0,0,0
189,189,0,1076,2092,0,0,0,430,2318,1745,14,下位,0,0,0
505,177,53,76,151,0,0,0,189,2092,3532,12,下位,0,0,0
328,328,0,76,151,0,1,177,189,2092,3532,12,下位,0,177,53
174,174,0,388,775,0,0,0,505,151,2922,1,下位,0,0,0
414,414,0,552,1103,0,0,0,174,775,3416,7,下位,0,0,0
487,332,33,310,622,0,0,0,414,1103,3851,8,下位,0,0,0
155,155,0,310,622,0,1,332,414,1103,3851,8,下位,0,332,33
71,71,0,208,417,0,0,0,487,622,3721,5,下位,0,0,0
430,430,0,188,374,1,0,0,0,0,1,0,下位,0,0,0
135,135,0,198,397,0,0,0,430,374,-319,4,下位,0,0,0
337,170,47,176,353,0,0,0,135,397,-140,2,下位,0,0,0
167,167,0,176,353,0,1,170,135,397,-140,2,下位,0,170,47
99,99,0,74,147,0,0,0,337,353,-283,3,下位,0,0,0
22,22,0,148,295,0,0,0,99,147,-296,1,下位,0,0,0
1014,309,135,280,561,0,0,0,22,295,-36,2,下位,0,0,0
705,228,106,280,561,0,1,309,22,295,-36,2,下位,0,309,29
477,44,51,280,561,0,2,537,22,295,-36,2,下位,0,228,55
433,433,0,280,561,0,3,581,22,295,-36,2,下位,0,44,51
2412,1020,149,190,381,0,0,0,1014,561,-975,5,下位,0,0,0
1392,141,122,190,381,0,1,1020,1014,561,-975,5,下位,0,1020,27
1251,387,100,190,381,0,2,1161,1014,561,-975,5,下位,0,141,22
864,432,51,190,381,0,3,1548,1014,561,-975,5,下位,0,387,49
432,432,0,190,381,0,4,1980,1014,561,-975,5,下位,0,432,51
172,172,0,134,269,0,0,0,2412,381,-4335,5,下位,0,0,0
538,21,113,190,381,0,0,0,172,269,-4343,2,下位,0,0,0
517,27,88,190,381,0,1,21,172,269,-4343,2,下位,0,21,25
490,58,39,190,381,0,2,48,172,269,-4343,2,下位,0,27,49
432,432,0,190,381,0,3,106,172,269,-4343,2,下位,0,58,39
165,165,0,82,163,0,0,0,538,381,-4718,4,下位,0,0,0
50,50,0,78,157,1,0,0,0,0,1,0,下位,0,0,0
384,384,0,232,463,0,0,0,50,157,77,1,下位,0,0,0
149,149,0,224,447,0,0,0,384,463,-79,5,下位,0,0,0
553,258,77,640,1282,0,0,0,149,447,128,3,下位,0,0,0
295,236,49,640,1282,0,1,258,149,447,128,3,下位,0,258,28
59,59,0,640,1282,0,2,494,149,447,128,3,下位,0,236,49
323,323,0,86,173,0,0,0,553,1282,595,9,下位,0,0,0
960,960,0,880,1762,0,0,0,323,173,247,1,下位,0,0,0
282,282,0,868,1736,0,0,0,960,1762,461,12,下位,0,0,0
459,142,37,46,93,0,0,0,282,1736,1742,13,下位,0,0,0
317,317,0,46,93,0,1,142,282,1736,1742,13,下位,0,142,37
32,32,0,214,427,0,0,0,459,93,1132,1,下位,0,0,0
632,632,0,396,790,0,0,0,32,427,1507,3,下位,0,0,0
313,313,0,152,303,0,0,0,632,790,1278,5,下位,0,0,0
446,331,31,232,466,1,0,0,0,0,1,0,下位,0,0,0
115,115,0,232,466,1,1,331,0,0,1,0,下位,0,331,31
140,140,0,184,370,0,0,0,446,466,-221,3,下位,0,0,0
1064,167,108,766,1530,0,0,0,140,370,-77,3,下位,0,0,0
897,41,108,766,1530,0,1,167,140,370,-77,3,下位,0,167,0
856,427,51,766,1530,0,2,208,140,370,-77,3,下位,0,41,57
429,429,0,766,1530,0,3,635,140,370,-77,3,下位,0,427,51
142,142,0,299,597,0,0,0,1064,1530,-155,13,下位,0,0,0
496,168,100,148,297,0,0,0,142,597,213,5,下位,0,0,0
328,47,45,148,297,0,1,168,142,597,213,5,下位,0,168,55
281,281,0,148,297,0,2,215,142,597,213,5,下位,0,47,45
572,572,0,92,185,0,0,0,496,297,-190,2,下位,0,0,0
60,60,0,160,321,0,0,0,572,185,-928,1,下位,0,0,0
58,58,0,912,1826,0,0,0,60,321,-704,2,下位,0,0,0
53,53,0,134,269,0,0,0,58,1826,1028,9,下位,0,0,0
712,712,0,470,940,0,0,0,53,269,1212,2,下位,0,0,0
324,324,0,288,575,1,0,0,0,0,1,0,下位,0,0,0
356,356,0,70,141,0,0,0,324,575,53,6,下位,0,0,0
1069,189,92,120,239,0,0,0,356,141,-380,1,下位,0,0,0
880,450,43,120,239,0,1,189,356,141,-380,1,下位,0,189,49
430,430,0,120,239,0,2,639,356,141,-380,1,下位,0,450,43
811,811,0,140,279,0,0,0,1069,239,-1774,1,下位,0,0,0
132,132,0,46,91,1,0,0,0,0,1,0,下位,0,0,0
69,69,0,554,1107,0,0,0,132,91,-121,1,下位,0,0,0
365,365,0,66,131,0,0,0,69,1107,875,5,下位,0,0,0
237,237,0,862,1724,0,0,0,365,131,417,1,下位,0,0,0
140,140,0,76,151,0,0,0,237,1724,1759,9,下位,0,0,0
197,197,0,72,143,0,0,0,140,151,1684,1,下位,0,0,0
432,432,0,408,815,0,0,0,197,143,1509,1,下位,0,0,0
226,226,0,52,103,0,0,0,432,815,1627,4,下位,0,0,0
300,300,0,906,1751,0,0,0,226,103,1365,1,下位,0,0,0
1031,440,88,169,337,1,0,0,0,0,1,0,下位,0,0,0
591,158,43,169,337,1,1,440,0,0,1,0,下位,0,440,45
433,433,0,169,337,1,2,598,0,0,1,0,下位,0,158,43
352,352,0,81,162,0,0,0,1031,337,-1237,2,下位,0,0,0
1159,992,47,115,229,0,0,0,352,162,-1643,1,下位,0,0,0
167,167,0,115,229,0,1,992,352,162,-1643,1,下位,0,992,47
292,169,51,56,111,1,0,0,0,0,1,0,下位,0,0,0
123,123,0,56,111,1,1,169,0,0,1,0,下位,0,169,51
307,307,0,296,594,0,0,0,292,111,-308,1,下位,0,0,0
1068,417,128,68,137,0,0,0,307,594,-209,3,下位,0,0,0
651,157,79,68,137,0,1,417,307,594,-209,3,下位,0,417,49
494,62,30,68,137,0,2,574,307,594,-209,3,下位,0,157,49
432,432,0,68,137,0,3,636,307,594,-209,3,下位,0,62,30
304,304,0,96,191,0,0,0,1068,137,-1667,2,下位,0,0,0
331,331,0,420,840,0,0,0,304,191,-1966,2,下位,0,0,0
89,89,0,42,85,0,0,0,331,840,-1660,7,下位,0,0,0
1241,508,96,362,724,0,0,0,89,85,-1719,1,下位,0,0,0
733,434,43,362,724,0,1,508,89,85,-1719,1,下位,0,508,53
299,299,0,362,724,0,2,942,89,85,-1719,1,下位,0,434,43
431,431,0,166,333,0,0,0,1241,724,-2900,5,下位,0,0,0
56,56,0,134,269,1,0,0,0,0,1,0,下位,0,0,0
279,279,0,68,135,0,0,0,56,269,180,5,下位,0,0,0
461,166,45,80,161,0,0,0,279,135,-135,1,下位,0,0,0
295,295,0,80,161,0,1,166,279,135,-135,1,下位,0,166,45
429,429,0,125,250,0,0,0,461,161,-673,1,下位,0,0,0
199,199,0,236,470,0,0,0,429,250,-1115,3,下位,0,0,0
271,158,49,166,332,0,0,0,199,470,-966,3,下位,0,0,0
113,113,0,166,332,0,1,158,199,470,-966,3,下位,0,158,49
361,361,0,300,602,0,0,0,271,332,-1022,2,下位,0,0,0
1128,97,129,336,672,1,0,0,0,0,1,0,下位,0,0,0
1031,164,94,336,672,1,1,97,0,0,1,0,下位,0,97,35
867,435,47,336,672,1,2,261,0,0,1,0,下位,0,164,47
432,432,0,336,672,1,3,696,0,0,1,0,下位,0,435,47
429,429,0,670,1340,0,0,0,1128,672,-1018,7,下位,0,0,0
658,335,35,150,299,0,0,0,429,1340,-370,8,下位,0,0,0
323,323,0,150,299,0,1,335,429,1340,-370,8,下位,0,335,35
308,308,0,570,1141,0,0,0,658,299,-1097,2,下位,0,0,0
415,274,49,118,235,0,0,0,308,1141,-453,8,下位,0,0,0
141,141,0,118,235,0,1,274,308,1141,-453,8,下位,0,274,49
342,342,0,731,1462,0,0,0,415,235,-838,2,下位,0,0,0
140,140,0,78,155,0,0,0,342,1462,72,9,下位,0,0,0
343,343,0,24,48,1,0,0,0,0,1,0,下位,0,0,0
113,113,0,370,740,0,0,0,343,48,-504,1,下位,0,0,0
273,159,53,76,154,0,0,0,113,740,54,5,下位,0,0,0
114,114,0,76,154,0,1,159,113,740,54,5,下位,0,159,53
1007,1007,0,284,567,0,0,0,273,154,-179,1,下位,0,0,0
555,555,0,1234,2466,0,0,0,1007,567,-1236,3,下位,0,0,0
316,316,0,260,522,1,0,0,0,0,1,0,下位,0,0,0
645,645,0,82,165,0,0,0,316,522,13,3,下位,0,0,0
447,292,29,350,701,0,0,0,645,165,-862,1,下位,0,0,0
155,155,0,350,701,0,1,292,645,165,-862,1,下位,0,292,29
594,594,0,58,117,0,0,0,447,701,-853,6,下位,0,0,0
631,198,228,78,157,0,0,0,594,117,-1694,1,下位,0,0,0
433,433,0,78,157,0,1,198,594,117,-1694,1,下位,0,198,228
1063,649,108,178,357,0,0,0,631,157,-2326,1,下位,0,0,0
414,109,63,178,357,0,1,649,631,157,-2326,1,下位,0,649,45
305,305,0,178,357,0,2,758,631,157,-2326,1,下位,0,109,63
140,140,0,108,215,1,0,0,0,0,1,0,下位,0,0,0
901,734,31,286,573,0,0,0,140,215,-10,1,下位,0,0,0
167,167,0,286,573,0,1,734,140,215,-10,1,下位,0,734,31
838,838,0,160,320,0,0,0,901,573,-859,3,下位,0,0,0
305,89,41,540,1081,0,0,0,838,320,-1891,4,下位,0,0,0
216,216,0,540,1081,0,1,89,838,320,-1891,4,下位,0,89,41
172,172,0,518,1037,0,0,0,305,1081,-1261,9,下位,0,0,0
137,137,0,36,71,1,0,0,0,0,1,0,下位,0,0,0
219,219,0,676,1353,0,0,0,137,71,-149,1,下位,0,0,0
1412,830,81,270,542,0,0,0,219,1353,851,12,下位,0,0,0
582,432,45,270,542,0,1,830,219,1353,851,12,下位,0,830,36
150,150,0,270,542,0,2,1262,219,1353,851,12,下位,0,432,45
97,97,0,466,931,0,0,0,1412,542,-804,4,下位,0,0,0
221,221,0,218,435,0,0,0,97,931,-29,7,下位,0,0,0
403,403,0,254,507,0,0,0,221,435,50,3,下位,0,0,0
78,78,0,80,161,0,0,0,403,507,-93,5,下位,0,0,0
861,433,49,374,748,1,0,0,0,0,1,0,下位,0,0,0
428,428,0,374,748,1,1,433,0,0,1,0,下位,0,433,49
54,54,0,82,163,0,0,0,861,748,-590,4,下位,0,0,0
296,296,0,66,133,0,0,0,54,163,-514,1,下位,0,0,0
544,544,0,248,497,0,0,0,296,133,-858,1,下位,0,0,0
876,433,102,2712,5361,1,0,0,0,0,1,0,下位,0,0,0
443,159,63,2712,5361,1,1,433,0,0,1,0,下位,0,433,39
284,284,0,2712,5361,1,2,592,0,0,1,0,下位,0,159,63
199,199,0,519,977,0,0,0,876,5361,4052,36,下位,0,0,0
241,241,0,76,151,1,0,0,0,0,1,0,下位,0,0,0
95,95,0,572,1144,0,0,0,241,151,-237,1,下位,0,0,0
251,251,0,152,305,0,0,0,95,1144,754,9,下位,0,0,0
562,562,0,120,241,0,0,0,251,305,654,3,下位,0,0,0
674,674,0,48,97,0,0,0,562,241,-11,2,下位,0,0,0
49,49,0,128,256,0,0,0,674,97,-1001,1,下位,0,0,0
262,91,78,680,1359,1,0,0,0,0,1,0,下位,0,0,0
171,30,47,680,1359,1,1,91,0,0,1,0,下位,0,91,31
141,141,0,680,1359,1,2,121,0,0,1,0,下位,0,30,47
746,746,0,376,752,0,0,0,262,1359,1016,9,下位,0,0,0
372,372,0,542,1082,0,0,0,746,752,565,6,下位,0,0,0
543,543,0,214,429,0,0,0,372,1082,1047,6,下位,0,0,0
369,369,0,136,271,0,0,0,543,429,600,3,下位,0,0,0
457,457,0,1518,2974,0,0,0,369,271,276,3,下位,0,0,0
477,325,35,134,267,1,0,0,0,0,1,0,下位,0,0,0
152,152,0,134,267,1,1,325,0,0,1,0,下位,0,325,35
1173,1011,15,1038,2076,0,0,0,477,267,-466,3,下位,0,0,0
162,162,0,1038,2076,0,1,1011,477,267,-466,3,下位,0,1011,15
341,240,24,814,1630,0,0,0,1173,2076,-267,13,下位,0,0,0
101,101,0,814,1630,0,1,240,1173,2076,-267,13,下位,0,240,24
333,333,0,76,151,0,0,0,341,1630,837,8,下位,0,0,0
195,195,0,601,1203,0,0,0,333,151,451,1,下位,0,0,0
1015,1015,0,300,600,0,0,0,195,1203,1339,3,下位,0,0,0
380,380,0,362,724,1,0,0,0,0,1,0,下位,0,0,0
134,134,0,124,249,0,0,0,380,724,112,2,下位,0,0,0
301,301,0,660,1322,0,0,0,134,249,145,2,下位,0,0,0
161,161,0,148,295,0,0,0,301,1322,982,9,下位,0,0,0
1248,978,23,714,1426,0,0,0,161,295,1017,2,下位,0,0,0
270,270,0,714,1426,0,1,978,161,295,1017,2,下位,0,978,23
43,43,0,584,1167,0,0,0,1248,1426,454,8,下位,0,0,0
196,196,0,794,1527,0,0,0,43,1167,1552,8,下位,0,0,0
588,181,17,126,251,1,0,0,0,0,1,0,下位,0,0,0
407,407,0,126,251,1,1,181,0,0,1,0,下位,0,181,17
738,690,39,132,265,0,0,0,588,251,-679,3,下位,0,0,0
48,48,0,132,265,0,1,690,588,251,-679,3,下位,0,690,39
427,427,0,396,793,1,0,0,0,0,1,0,下位,0,0,0
142,142,0,120,242,0,0,0,427,793,105,6,下位,0,0,0
160,160,0,206,414,0,0,0,142,242,118,2,下位,0,0,0
28,28,0,237,474,0,0,0,160,414,274,3,下位,0,0,0
56,56,0,92,186,0,0,0,28,474,703,2,下位,0,0,0
245,245,0,74,149,0,0,0,56,186,799,3,下位,0,0,0
752,63,105,124,246,0,0,0,245,149,553,1,下位,0,0,0
689,48,80,124,246,0,1,63,245,149,553,1,下位,0,63,25
641,208,33,124,246,0,2,111,245,149,553,1,下位,0,48,47
433,433,0,124,246,0,3,319,245,149,553,1,下位,0,208,33
1020,1020,0,102,205,0,0,0,752,246,-308,1,下位,0,0,0
664,195,70,40,81,0,0,0,1020,205,-1748,2,下位,0,0,0
469,35,45,40,81,0,1,195,1020,205,-1748,2,下位,0,195,25
434,434,0,40,81,0,2,230,1020,205,-1748,2,下位,0,35,45
301,301,0,736,1473,1,0,0,0,0,1,0,下位,0,0,0
983,202,115,150,301,0,0,0,301,1473,989,6,下位,0,0,0
781,434,82,150,301,0,1,202,301,1473,989,6,下位,0,202,33
347,192,49,150,301,0,2,636,301,1473,989,6,下位,0,434,33
155,155,0,150,301,0,3,828,301,1473,989,6,下位,0,192,49
357,357,0,150,301,0,0,0,983,301,-181,3,下位,0,0,0
581,581,0,68,135,0,0,0,357,301,-456,2,下位,0,0,0
218,218,0,80,160,0,0,0,581,135,-1258,2,下位,0,0,0
271,271,0,478,956,1,0,0,0,0,1,0,下位,0,0,0
485,364,80,1392,2720,0,0,0,271,956,520,5,下位,0,0,0
121,75,35,1392,2720,0,1,364,271,956,520,5,下位,0,364,45
46,46,0,1392,2720,0,2,439,271,956,520,5,下位,0,75,35
352,50,117,66,133,0,0,0,485,2720,2538,15,下位,0,0,0
302,97,84,66,133,0,1,50,485,2720,2538,15,下位,0,50,33
205,38,37,66,133,0,2,147,485,2720,2538,15,下位,0,97,47
167,167,0,66,133,0,3,185,485,2720,2538,15,下位,0,38,37
149,149,0,186,373,0,0,0,352,133,2221,1,下位,0,0,0
60,60,0,100,201,0,0,0,149,373,2354,2,下位,0,0,0
75,75,0,712,1424,0,0,0,60,201,2458,3,下位,0,0,0
160,160,0,1026,1994,0,0,0,75,1424,3761,7,下位,0,0,0
439,98,43,782,1562,0,0,0,160,1994,5497,13,下位,0,0,0
341,341,0,782,1562,0,1,98,160,1994,5497,13,下位,0,98,43
159,159,0,76,152,1,0,0,0,0,1,0,下位,0,0,0
134,134,0,52,103,0,0,0,159,152,-103,1,下位,0,0,0
114,114,0,196,393,0,0,0,134,103,-216,1,下位,0,0,0
915,56,96,138,276,0,0,0,114,393,-7,2,下位,0,0,0
859,426,47,138,276,0,1,56,114,393,-7,2,下位,0,56,49
433,433,0,138,276,0,2,482,114,393,-7,2,下位,0,426,47
588,105,78,152,304,0,0,0,915,276,-1110,1,下位,0,0,0
483,51,37,152,304,0,1,105,915,276,-1110,1,下位,0,105,41
432,432,0,152,304,0,2,156,915,276,-1110,1,下位,0,51,37
89,89,0,80,161,0,0,0,588,304,-1676,2,下位,0,0,0
88,88,0,164,327,0,0,0,89,161,-1659,1,下位,0,0,0
221,156,45,38,75,0,0,0,88,327,-1474,3,下位,0,0,0
65,65,0,38,75,0,1,156,88,327,-1474,3,下位,0,156,45
614,614,0,274,548,0,0,0,221,75,-1711,1,下位,0,0,0
483,345,49,148,295,0,0,0,614,548,-2153,3,下位,0,0,0
138,138,0,148,295,0,1,345,614,548,-2153,3,下位,0,345,49
141,141,0,1662,3266,0,0,0,483,295,-2588,2,下位,0,0,0
867,432,17,278,556,1,0,0,0,0,1,0,下位,0,0,0
435,435,0,278,556,1,1,432,0,0,1,0,下位,0,432,17
571,571,0,242,484,0,0,0,867,556,-825,3,下位,0,0,0
138,138,0,44,89,0,0,0,571,484,-1262,6,下位,0,0,0
360,193,39,46,90,0,0,0,138,89,-1396,1,下位,0,0,0
167,167,0,46,90,0,1,193,138,89,-1396,1,下位,0,193,39
467,36,37,136,271,0,0,0,360,90,-1847,1,下位,0,0,0
431,431,0,136,271,0,1,36,360,90,-1847,1,下位,0,36,37
1452,1017,37,614,1227,0,0,0,467,271,-2292,4,下位,0,0,0
435,435,0,614,1227,0,1,1017,467,271,-2292,4,下位,0,1017,37
470,470,0,246,491,0,0,0,1452,1227,-3370,12,下位,0,0,0
49,49,0,88,175,0,0,0,470,491,-3637,2,下位,0,0,0
1348,429,145,46,92,1,0,0,0,0,1,0,下位,0,0,0
919,433,92,46,92,1,1,429,0,0,1,0,下位,0,429,53
486,310,59,46,92,1,2,862,0,0,1,0,下位,0,433,33
176,176,0,46,92,1,3,1172,0,0,1,0,下位,0,310,59
1013,1013,0,62,125,0,0,0,1348,92,-1936,1,下位,0,0,0
195,195,0,568,1136,0,0,0,1013,125,-3445,1,下位,0,0,0
435,435,0,107,214,1,0,0,0,0,1,0,下位,0,0,0
1193,917,49,138,276,0,0,0,435,214,-487,1,下位,0,0,0
276,136,6,138,276,0,1,917,435,214,-487,1,下位,0,917,43
140,140,0,138,276,0,2,1053,435,214,-487,1,下位,0,136,6
915,482,49,570,1139,0,0,0,1193,276,-2086,2,下位,0,0,0
433,433,0,570,1139,0,1,482,1193,276,-2086,2,下位,0,482,49
392,392,0,254,506,0,0,0,915,1139,-2373,7,下位,0,0,0
314,314,0,96,192,0,0,0,392,506,-2499,3,下位,0,0,0
432,432,0,228,456,1,0,0,0,0,1,0,下位,0,0,0
320,320,0,148,297,0,0,0,432,456,-240,2,下位,0,0,0
847,414,47,114,229,0,0,0,320,297,-459,2,下位,0,0,0
433,433,0,114,229,0,1,414,320,297,-459,2,下位,0,414,47
669,669,0,108,215,0,0,0,847,229,-1549,2,下位,0,0,0
1013,1013,0,42,83,0,0,0,669,215,-2413,2,下位,0,0,0
357,136,82,138,275,0,0,0,1013,83,-3964,1,下位,0,0,0
221,74,45,138,275,0,1,136,1013,83,-3964,1,下位,0,136,37
147,147,0,138,275,0,2,210,1013,83,-3964,1,下位,0,74,45
49,49,0,530,1058,0,0,0,357,275,-4182,2,下位,0,0,0
196,146,41,1216,2432,1,0,0,0,0,1,0,下位,0,0,0
50,50,0,1216,2432,1,1,146,0,0,1,0,下位,0,146,41
1695,1013,100,226,450,0,0,0,196,2432,2158,16,下位,0,0,0
682,292,45,226,450,0,1,1013,196,2432,2158,16,下位,0,1013,55
390,390,0,226,450,0,2,1305,196,2432,2158,16,下位,0,292,45
422,36,35,312,623,0,0,0,1695,450,-26,3,下位,0,0,0
386,386,0,312,623,0,1,36,1695,450,-26,3,下位,0,36,35
187,187,0,624,1246,0,0,0,422,623,-49,4,下位,0,0,0
126,126,0,356,714,1,0,0,0,0,1,0,下位,0,0,0
948,948,0,206,413,0,0,0,126,714,512,6,下位,0,0,0
588,47,119,1136,2270,0,0,0,948,413,-604,4,下位,0,0,0
541,79,84,1136,2270,0,1,47,948,413,-604,4,下位,0,47,35
462,433,41,1136,2270,0,2,126,948,413,-604,4,下位,0,79,43
29,29,0,1136,2270,0,3,559,948,413,-604,4,下位,0,433,41
890,29,72,348,696,0,0,0,588,2270,837,12,下位,0,0,0
861,429,31,348,696,0,1,29,588,2270,837,12,下位,0,29,41
432,432,0,348,696,0,2,458,588,2270,837,12,下位,0,429,31
430,430,0,490,980,0,0,0,890,696,169,5,下位,0,0,0
1061,416,96,292,585,1,0,0,0,0,1,0,下位,0,0,0
645,213,43,292,585,1,1,416,0,0,1,0,下位,0,416,53
432,432,0,292,585,1,2,629,0,0,1,0,下位,0,213,43
232,232,0,106,214,0,0,0,1061,585,-1030,5,下位,0,0,0
39,39,0,98,197,0,0,0,232,214,-1190,3,下位,0,0,0
35,35,0,470,942,0,0,0,39,197,-1056,1,下位,0,0,0
116,116,0,134,267,0,0,0,35,942,-170,4,下位,0,0,0
133,133,0,512,1025,0,0,0,116,267,-90,2,下位,0,0,0
631,631,0,102,203,0,0,0,133,1025,720,6,下位,0,0,0
160,160,0,36,71,0,0,0,631,203,-95,1,下位,0,0,0
973,433,35,452,903,1,0,0,0,0,1,0,下位,0,0,0
540,357,35,452,903,1,1,433,0,0,1,0,下位,0,433,0
183,183,0,452,903,1,2,790,0,0,1,0,下位,0,357,35
447,447,0,494,987,0,0,0,973,903,-630,6,下位,0,0,0
157,157,0,274,547,0,0,0,447,987,-364,8,下位,0,0,0
201,201,0,1028,2056,0,0,0,157,547,-70,6,下位,0,0,0
104,104,0,782,1563,1,0,0,0,0,1,0,下位,0,0,0
36,36,0,94,189,0,0,0,104,1563,1396,12,下位,0,0,0
952,171,66,86,173,0,0,0,36,189,1527,2,下位,0,0,0
781,344,41,86,173,0,1,171,36,189,1527,2,下位,0,171,25
437,437,0,86,173,0,2,515,36,189,1527,2,下位,0,344,41
157,157,0,628,1256,0,0,0,952,173,230,1,下位,0,0,0
219,219,0,1277,2492,0,0,0,157,1256,1233,10,下位,0,0,0
681,248,10,402,805,0,0,0,219,2492,3372,15,下位,0,0,0
433,433,0,402,805,0,1,248,219,2492,3372,15,下位,0,248,10
286,286,0,88,175,0,0,0,681,805,3089,4,下位,0,0,0
63,63,0,274,549,0,0,0,286,175,2803,1,下位,0,0,0
38,38,0,252,503,0,0,0,63,549,3250,4,下位,0,0,0
647,436,51,1682,3301,1,0,0,0,0,1,0,下位,0,0,0
211,211,0,1682,3301,1,1,436,0,0,1,0,下位,0,436,51
43,43,0,78,155,0,0,0,647,3301,2310,20,下位,0,0,0
104,104,0,196,393,0,0,0,43,155,2396,1,下位,0,0,0
740,740,0,154,309,0,0,0,104,393,2621,2,下位,0,0,0
160,160,0,190,379,0,0,0,740,309,1736,3,下位,0,0,0
1407,830,117,686,1373,0,0,0,160,379,1857,4,下位,0,0,0
577,60,92,686,1373,0,1,830,160,379,1857,4,下位,0,830,25
517,330,41,686,1373,0,2,890,160,379,1857,4,下位,0,60,51
187,187,0,686,1373,0,3,1220,160,379,1857,4,下位,0,330,41
85,85,0,172,344,1,0,0,0,0,1,0,下位,0,0,0
479,479,0,84,166,0,0,0,85,344,208,3,下位,0,0,0
594,249,82,706,1410,0,0,0,479,166,-399,3,下位,0,0,0
345,302,39,706,1410,0,1,249,479,166,-399,3,下位,0,249,43
43,43,0,706,1410,0,2,551,479,166,-399,3,下位,0,302,39
1021,1021,0,218,437,0,0,0,594,1410,135,9,下位,0,0,0
435,435,0,154,309,1,0,0,0,0,1,0,下位,0,0,0
185,185,0,114,227,0,0,0,435,309,-392,2,下位,0,0,0
639,437,174,58,118,0,0,0,185,227,-463,3,下位,0,0,0
202,202,0,58,118,0,1,437,185,227,-463,3,下位,0,437,174
561,398,37,84,167,0,0,0,639,118,-1202,1,下位,0,0,0
163,163,0,84,167,0,1,398,639,118,-1202,1,下位,0,398,37
1013,1013,0,1066,2133,0,0,0,561,167,-1903,1,下位,0,0,0
91,91,0,84,167,0,0,0,1013,2133,-1404,10,下位,0,0,0
410,410,0,248,495,0,0,0,91,167,-1384,2,下位,0,0,0
235,235,0,354,707,0,0,0,410,495,-1550,3,下位,0,0,0
53,53,0,170,340,1,0,0,0,0,1,0,下位,0,0,0
253,253,0,1066,2131,0,0,0,53,340,256,2,下位,0,0,0
274,274,0,146,293,0,0,0,253,2131,1979,11,下位,0,0,0
231,231,0,130,262,0,0,0,274,293,1830,1,下位,0,0,0
316,255,35,94,188,0,0,0,231,262,1719,3,下位,0,0,0
61,61,0,94,188,0,1,255,231,262,1719,3,下位,0,255,35
402,288,47,298,595,0,0,0,316,188,1433,2,下位,0,0,0
114,114,0,298,595,0,1,288,316,188,1433,2,下位,0,288,47
273,273,0,521,1043,0,0,0,402,595,1426,3,下位,0,0,0
369,369,0,870,1681,0,0,0,273,1043,2029,5,下位,0,0,0
766,766,0,84,166,0,0,0,369,1681,3115,9,下位,0,0,0
160,160,0,120,241,0,0,0,766,166,2046,2,下位,0,0,0
95,95,0,82,163,0,0,0,160,241,2029,1,下位,0,0,0
721,721,0,50,99,0,0,0,95,163,2039,1,下位,0,0,0
133,133,0,84,169,1,0,0,0,0,1,0,下位,0,0,0
473,473,0,82,165,0,0,0,133,169,-45,1,下位,0,0,0
158,158,0,40,81,0,0,0,473,165,-643,2,下位,0,0,0
561,134,98,56,113,0,0,0,158,81,-817,1,下位,0,0,0
427,146,43,56,113,0,1,134,158,81,-817,1,下位,0,134,55
281,281,0,56,113,0,2,280,158,81,-817,1,下位,0,146,43
201,201,0,90,178,0,0,0,561,113,-1510,1,下位,0,0,0
289,289,0,128,255,0,0,0,201,178,-1656,1,下位,0,0,0
1010,1010,0,202,402,0,0,0,289,255,-1867,2,下位,0,0,0
180,180,0,278,557,1,0,0,0,0,1,0,下位,0,0,0
92,92,0,48,97,0,0,0,180,557,268,3,下位,0,0,0
178,178,0,626,1251,0,0,0,92,97,217,1,下位,0,0,0
549,432,33,70,142,1,0,0,0,0,1,0,下位,0,0,0
117,117,0,70,142,1,1,432,0,0,1,0,下位,0,432,33
1323,90,155,418,837,0,0,0,549,142,-710,1,下位,0,0,0
1233,392,108,418,837,0,1,90,549,142,-710,1,下位,0,90,47
841,409,57,418,837,0,2,482,549,142,-710,1,下位,0,392,51
432,432,0,418,837,0,3,891,549,142,-710,1,下位,0,409,57
81,81,0,334,668,0,0,0,1323,837,-1852,4,下位,0,0,0
180,180,0,278,557,1,0,0,0,0,1,0,下位,0,0,0
92,92,0,48,97,0,0,0,180,557,268,3,下位,0,0,0
178,178,0,626,1251,0,0,0,92,97,217,1,下位,0,0,0
549,432,33,70,142,1,0,0,0,0,1,0,下位,0,0,0
117,117,0,70,142,1,1,432,0,0,1,0,下位,0,432,33
1323,90,155,418,837,0,0,0,549,142,-710,1,下位,0,0,0
1233,392,108,418,837,0,1,90,549,142,-710,1,下位,0,90,47
841,409,57,418,837,0,2,482,549,142,-710,1,下位,0,392,51
432,432,0,418,837,0,3,891,549,142,-710,1,下位,0,409,57
81,81,0,334,668,0,0,0,1323,837,-1852,4,下位,0,0,0
338,338,0,94,189,1,0,0,0,0,1,0,下位,0,0,0
213,213,0,248,498,0,0,0,338,189,-355,2,下位,0,0,0
786,398,77,28,57,0,0,0,213,498,-201,2,下位,0,0,0
388,152,47,28,57,0,1,398,213,498,-201,2,下位,0,398,30
236,236,0,28,57,0,2,550,213,498,-201,2,下位,0,152,47
119,119,0,44,87,0,0,0,786,57,-1335,1,下位,0,0,0
1010,1010,0,112,223,0,0,0,119,87,-1440,1,下位,0,0,0
1616,1007,76,532,1065,0,0,0,1010,223,-2846,4,下位,0,0,0
609,159,49,532,1065,0,1,1007,1010,223,-2846,4,下位,0,1007,27
450,450,0,532,1065,0,2,1166,1010,223,-2846,4,下位,0,159,49
534,102,25,44,87,1,0,0,0,0,1,0,下位,0,0,0
432,432,0,44,87,1,1,102,0,0,1,0,下位,0,102,25
990,297,94,184,367,0,0,0,534,87,-749,1,下位,0,0,0
693,41,57,184,367,0,1,297,534,87,-749,1,下位,0,297,37
652,432,21,184,367,0,2,338,534,87,-749,1,下位,0,41,36
220,220,0,184,367,0,3,770,534,87,-749,1,下位,0,432,21
63,63,0,102,204,0,0,0,990,367,-1885,4,下位,0,0,0
45,45,0,1225,2452,0,0,0,63,204,-1783,2,下位,0,0,0
136,136,0,256,513,0,0,0,45,2452,596,15,下位,0,0,0
952,952,0,256,512,0,0,0,136,513,890,4,下位,0,0,0
126,126,0,148,297,0,0,0,952,512,-133,3,下位,0,0,0
12,12,0,21,42,0,0,0,126,297,-39,2,下位,0,0,0
634,429,41,26,51,1,0,0,0,0,1,0,下位,0,0,0
205,205,0,26,51,1,1,429,0,0,1,0,下位,0,429,41
325,325,0,612,1223,0,0,0,634,51,-930,1,下位,0,0,0
1144,1010,27,870,1737,0,0,0,325,1223,-231,11,下位,0,0,0
134,134,0,870,1737,0,1,1010,325,1223,-231,11,下位,0,1010,27
35,35,0,1930,3796,0,0,0,1144,1737,-312,9,下位,0,0,0
442,442,0,448,898,0,0,0,35,3796,3428,25,下位,0,0,0
718,133,122,84,169,0,0,0,442,898,3613,6,下位,0,0,0
585,430,69,84,169,0,1,133,442,898,3613,6,下位,0,133,53
155,155,0,84,169,0,2,563,442,898,3613,6,下位,0,430,69
426,426,0,428,857,1,0,0,0,0,1,0,下位,0,0,0
367,367,0,44,87,0,0,0,426,857,171,4,下位,0,0,0
258,258,0,184,368,0,0,0,367,87,-334,1,下位,0,0,0
242,84,49,232,465,0,0,0,258,368,-382,2,下位,0,0,0
158,158,0,232,465,0,1,84,258,368,-382,2,下位,0,84,49
523,36,104,590,1179,0,0,0,242,465,-258,3,下位,0,0,0
487,435,47,590,1179,0,1,36,242,465,-258,3,下位,0,36,57
52,52,0,590,1179,0,2,471,242,465,-258,3,下位,0,435,47
898,898,0,988,1977,0,0,0,523,1179,181,9,下位,0,0,0
432,432,0,608,1213,1,0,0,0,0,1,0,下位,0,0,0
240,240,0,348,695,0,0,0,432,1213,517,6,下位,0,0,0
1010,1010,0,130,261,0,0,0,240,695,825,6,下位,0,0,0
167,167,0,274,549,0,0,0,1010,261,-543,3,下位,0,0,0
219,219,0,1208,2419,0,0,0,167,549,-263,3,下位,0,0,0
223,223,0,80,161,0,0,0,219,2419,1803,16,下位,0,0,0
429,429,0,108,217,1,0,0,0,0,1,0,下位,0,0,0
966,432,60,414,828,0,0,0,429,217,-474,2,下位,0,0,0
534,389,9,414,828,0,1,432,429,217,-474,2,下位,0,432,51
145,145,0,414,828,0,2,821,429,217,-474,2,下位,0,389,9
741,157,80,1710,3357,0,0,0,966,828,-1144,3,下位,0,0,0
584,432,45,1710,3357,0,1,157,966,828,-1144,3,下位,0,157,35
152,152,0,1710,3357,0,2,589,966,828,-1144,3,下位,0,432,45
419,419,0,304,610,0,0,0,741,3357,1098,21,下位,0,0,0
867,867,0,574,1149,0,0,0,419,610,1032,4,下位,0,0,0
75,31,51,70,139,0,0,0,867,1149,783,6,下位,0,0,0
44,44,0,70,139,0,1,31,867,1149,783,6,下位,0,31,51
659,165,78,270,541,1,0,0,0,0,1,0,下位,0,0,0
494,434,45,270,541,1,1,165,0,0,1,0,下位,0,165,33
60,60,0,270,541,1,2,599,0,0,1,0,下位,0,434,45
951,353,78,250,499,0,0,0,659,541,-443,2,下位,0,0,0
598,165,31,250,499,0,1,353,659,541,-443,2,下位,0,353,47
433,433,0,250,499,0,2,518,659,541,-443,2,下位,0,165,31
215,215,0,902,1804,1,0,0,0,0,1,0,下位,0,0,0
382,382,0,30,61,0,0,0,215,1804,1458,11,下位,0,0,0
239,239,0,80,159,0,0,0,382,61,903,1,下位,0,0,0
487,487,0,260,522,0,0,0,239,159,677,1,下位,0,0,0
287,161,59,438,876,0,0,0,487,522,414,3,下位,0,0,0
126,126,0,438,876,0,1,161,487,522,414,3,下位,0,161,59
187,187,0,366,735,0,0,0,287,876,886,3,下位,0,0,0
432,432,0,72,145,0,0,0,187,735,1319,6,下位,0,0,0
335,335,0,56,113,0,0,0,432,145,767,1,下位,0,0,0
514,514,0,400,799,0,0,0,335,113,340,1,下位,0,0,0
226,226,0,172,344,1,0,0,0,0,1,0,下位,0,0,0
146,146,0,282,565,0,0,0,226,344,-20,2,下位,0,0,0
914,914,0,476,952,0,0,0,146,565,310,6,下位,0,0,0
403,169,88,742,1483,0,0,0,914,952,-212,7,下位,0,0,0
234,152,51,742,1483,0,1,169,914,952,-212,7,下位,0,169,37
82,82,0,742,1483,0,2,321,914,952,-212,7,下位,0,152,51
211,211,0,244,487,0,0,0,403,1483,709,10,下位,0,0,0
879,879,0,88,175,0,0,0,211,487,856,3,下位,0,0,0
141,141,0,472,943,1,0,0,0,0,1,0,下位,0,0,0
875,875,0,342,683,0,0,0,141,943,717,8,下位,0,0,0
322,160,41,650,1299,0,0,0,875,683,-11,2,下位,0,0,0
162,162,0,650,1299,0,1,160,875,683,-11,2,下位,0,160,41
917,917,0,888,1776,0,0,0,322,1299,810,12,下位,0,0,0
91,91,0,710,1361,0,0,0,917,1776,1107,10,下位,0,0,0
190,190,0,1436,2811,0,0,0,91,1361,2321,8,下位,0,0,0
128,128,0,36,73,0,0,0,190,2811,4826,15,下位,0,0,0
882,286,74,414,827,1,0,0,0,0,1,0,下位,0,0,0
596,164,49,414,827,1,1,286,0,0,1,0,下位,0,286,25
432,432,0,414,827,1,2,450,0,0,1,0,下位,0,164,49
458,110,70,126,253,0,0,0,882,827,-521,7,下位,0,0,0
348,198,41,126,253,0,1,110,882,827,-521,7,下位,0,110,29
150,150,0,126,253,0,2,308,882,827,-521,7,下位,0,198,41
137,137,0,900,1802,0,0,0,458,253,-936,3,下位,0,0,0
149,86,39,786,1574,0,0,0,137,1802,645,12,下位,0,0,0
63,63,0,786,1574,0,1,86,137,1802,645,12,下位,0,86,39
1009,1009,0,98,197,0,0,0,149,1574,2017,12,下位,0,0,0
448,289,25,632,1262,0,0,0,1009,197,587,2,下位,0,0,0
159,159,0,632,1262,0,1,289,1009,197,587,2,下位,0,289,25
399,233,35,176,353,1,0,0,0,0,1,0,下位,0,0,0
166,166,0,176,353,1,1,233,0,0,1,0,下位,0,233,35
154,154,0,298,598,0,0,0,399,353,-255,4,下位,0,0,0
206,206,0,792,1584,0,0,0,154,598,95,5,下位,0,0,0
394,207,57,80,159,0,0,0,206,1584,1347,7,下位,0,0,0
187,187,0,80,159,0,1,207,206,1584,1347,7,下位,0,207,57
46,46,0,82,166,0,0,0,394,159,927,1,下位,0,0,0
2282,992,125,576,1154,0,0,0,46,166,1019,1,下位,0,0,0
1290,433,84,576,1154,0,1,992,46,166,1019,1,下位,0,992,41
857,429,45,576,1154,0,2,1425,46,166,1019,1,下位,0,433,39
428,428,0,576,1154,0,3,1854,46,166,1019,1,下位,0,429,45
1422,993,51,286,572,0,0,0,2282,1154,-1382,8,下位,0,0,0
429,429,0,286,572,0,1,993,2282,1154,-1382,8,下位,0,993,51
645,202,63,259,518,0,0,0,1422,572,-3053,5,下位,0,0,0
443,11,34,259,518,0,1,202,1422,572,-3053,5,下位,0,202,29
432,432,0,259,518,0,2,213,1422,572,-3053,5,下位,0,11,34
698,432,80,608,1216,1,0,0,0,0,1,0,下位,0,0,0
266,221,35,608,1216,1,1,432,0,0,1,0,下位,0,432,45
45,45,0,608,1216,1,2,653,0,0,1,0,下位,0,221,35
291,152,47,194,388,0,0,0,698,1216,171,6,下位,0,0,0
139,139,0,194,388,0,1,152,698,1216,171,6,下位,0,152,47
44,44,0,162,325,0,0,0,291,388,137,2,下位,0,0,0
434,434,0,84,169,1,0,0,0,0,1,0,下位,0,0,0
1112,251,72,870,1740,0,0,0,434,169,-530,2,下位,0,0,0
861,433,43,870,1740,0,1,251,434,169,-530,2,下位,0,251,29
428,428,0,870,1740,0,2,684,434,169,-530,2,下位,0,433,43
611,611,0,366,732,0,0,0,1112,1740,-511,11,下位,0,0,0
354,354,0,360,720,0,0,0,611,732,-764,5,下位,0,0,0
832,832,0,410,818,0,0,0,354,720,-615,4,下位,0,0,0
150,150,0,248,495,0,0,0,832,818,-1139,4,下位,0,0,0
653,653,0,66,131,0,0,0,150,495,-886,3,下位,0,0,0
743,239,104,202,403,1,0,0,0,0,1,0,下位,0,0,0
504,433,53,202,403,1,1,239,0,0,1,0,下位,0,239,51
71,71,0,202,403,1,2,672,0,0,1,0,下位,0,433,53
1972,558,174,5714,11229,0,0,0,743,403,-690,2,下位,0,0,0
1414,151,121,5714,11229,0,1,558,743,403,-690,2,下位,0,558,53
1263,434,80,5714,11229,0,2,709,743,403,-690,2,下位,0,151,41
829,403,39,5714,11229,0,3,1143,743,403,-690,2,下位,0,434,41
426,426,0,5714,11229,0,4,1546,743,403,-690,2,下位,0,403,39
745,745,0,154,309,0,0,0,1972,11229,7532,54,下位,0,0,0
191,191,0,62,122,0,0,0,745,309,6639,2,下位,0,0,0
721,325,39,228,457,1,0,0,0,0,1,0,下位,0,0,0
396,396,0,228,457,1,1,325,0,0,1,0,下位,0,325,39
684,74,192,230,459,0,0,0,721,457,-666,4,下位,0,0,0
610,325,141,230,459,0,1,74,721,457,-666,4,下位,0,74,51
285,62,100,230,459,0,2,399,721,457,-666,4,下位,0,325,41
223,142,51,230,459,0,3,461,721,457,-666,4,下位,0,62,49
81,81,0,230,459,0,4,603,721,457,-666,4,下位,0,142,51
626,41,331,242,485,0,0,0,684,459,-1118,4,下位,0,0,0
585,151,290,242,485,0,1,41,684,459,-1118,4,下位,0,41,41
434,434,0,242,485,0,2,192,684,459,-1118,4,下位,0,151,290
1340,823,131,272,545,0,0,0,626,485,-1312,3,下位,0,0,0
517,220,84,272,545,0,1,823,626,485,-1312,3,下位,0,823,47
297,129,37,272,545,0,2,1043,626,485,-1312,3,下位,0,220,47
168,168,0,272,545,0,3,1172,626,485,-1312,3,下位,0,129,37
593,433,51,232,465,1,0,0,0,0,1,0,下位,0,0,0
160,160,0,232,465,1,1,433,0,0,1,0,下位,0,433,51
103,103,0,104,207,0,0,0,593,465,-439,2,下位,0,0,0
726,726,0,1644,3228,0,0,0,103,207,-398,2,下位,0,0,0
610,610,0,82,163,0,0,0,726,3228,1659,21,下位,0,0,0
132,132,0,144,287,0,0,0,610,163,838,1,下位,0,0,0
274,274,0,150,299,0,0,0,132,287,912,2,下位,0,0,0
437,437,0,270,539,1,0,0,0,0,1,0,下位,0,0,0
1008,1008,0,86,173,0,0,0,437,539,-165,4,下位,0,0,0
44,44,0,46,93,0,0,0,1008,173,-1618,1,下位,0,0,0
436,436,0,136,271,1,0,0,0,0,1,0,下位,0,0,0
126,126,0,220,440,0,0,0,436,271,-431,2,下位,0,0,0
889,889,0,530,1060,0,0,0,126,440,-194,4,下位,0,0,0
115,115,0,314,627,0,0,0,889,1060,-568,9,下位,0,0,0
274,274,0,50,98,0,0,0,115,627,-126,5,下位,0,0,0
1596,997,108,318,635,0,0,0,274,98,-470,1,下位,0,0,0
599,165,57,318,635,0,1,997,274,98,-470,1,下位,0,997,51
434,434,0,318,635,0,2,1162,274,98,-470,1,下位,0,165,57
337,337,0,880,1759,1,0,0,0,0,1,0,下位,0,0,0
166,166,0,414,827,0,0,0,337,1759,1216,14,下位,0,0,0
31,31,0,90,181,0,0,0,166,827,1775,4,下位,0,0,0
992,992,0,124,249,0,0,0,31,181,1906,1,下位,0,0,0
172,172,0,148,297,0,0,0,992,249,555,2,下位,0,0,0
72,72,0,78,155,0,0,0,172,297,575,2,下位,0,0,0
722,141,90,46,91,0,0,0,72,155,614,1,下位,0,0,0
581,152,49,46,91,0,1,141,72,155,614,1,下位,0,141,41
429,429,0,46,91,0,2,293,72,155,614,1,下位,0,152,49
436,436,0,154,307,1,0,0,0,0,1,0,下位,0,0,0
506,317,66,36,71,0,0,0,436,307,-395,2,下位,0,0,0
189,144,17,36,71,0,1,317,436,307,-395,2,下位,0,317,49
45,45,0,36,71,0,2,461,436,307,-395,2,下位,0,144,17
1440,1007,43,110,219,0,0,0,506,71,-1074,1,下位,0,0,0
433,433,0,110,219,0,1,1007,506,71,-1074,1,下位,0,1007,43
528,146,102,60,121,0,0,0,1440,219,-3134,2,下位,0,0,0
382,111,53,60,121,0,1,146,1440,219,-3134,2,下位,0,146,49
271,271,0,60,121,0,2,257,1440,219,-3134,2,下位,0,111,53
43,43,0,84,167,0,0,0,528,121,-3762,1,下位,0,0,0
432,432,0,86,171,1,0,0,0,0,1,0,下位,0,0,0
1008,1008,0,256,513,0,0,0,432,171,-525,1,下位,0,0,0
57,57,0,1984,3909,0,0,0,1008,513,-1638,3,下位,0,0,0
533,533,0,118,235,0,0,0,57,3909,2179,26,下位,0,0,0
493,441,37,212,423,0,0,0,533,235,1554,3,下位,0,0,0
52,52,0,212,423,0,1,441,533,235,1554,3,下位,0,441,37
383,383,0,72,143,1,0,0,0,0,1,0,下位,0,0,0
591,246,26,70,139,0,0,0,383,143,-474,1,下位,0,0,0
345,345,0,70,139,0,1,246,383,143,-474,1,下位,0,246,26
755,132,161,544,1087,0,0,0,591,139,-1262,2,下位,0,0,0
623,135,104,544,1087,0,1,132,591,139,-1262,2,下位,0,132,57
488,59,55,544,1087,0,2,267,591,139,-1262,2,下位,0,135,49
429,429,0,544,1087,0,3,326,591,139,-1262,2,下位,0,59,55
148,148,0,66,133,1,0,0,0,0,1,0,下位,0,0,0
702,215,88,152,303,0,0,0,148,133,-105,1,下位,0,0,0
487,135,39,152,303,0,1,215,148,133,-105,1,下位,0,215,49
352,352,0,152,303,0,2,350,148,133,-105,1,下位,0,135,39
253,121,37,216,432,0,0,0,702,303,-847,2,下位,0,0,0
132,132,0,216,432,0,1,121,702,303,-847,2,下位,0,121,37
798,798,0,96,193,0,0,0,253,432,-786,3,下位,0,0,0
35,35,0,104,207,1,0,0,0,0,1,0,下位,0,0,0
611,189,96,122,245,0,0,0,35,207,152,2,下位,0,0,0
422,29,55,122,245,0,1,189,35,207,152,2,下位,0,189,41
393,393,0,122,245,0,2,218,35,207,152,2,下位,0,29,55
31,31,0,72,144,0,0,0,611,245,-493,2,下位,0,0,0
519,384,98,404,807,0,0,0,31,144,-399,2,下位,0,0,0
135,43,45,404,807,0,1,384,31,144,-399,2,下位,0,384,53
92,92,0,404,807,0,2,427,31,144,-399,2,下位,0,43,45
296,296,0,96,193,0,0,0,519,807,-330,5,下位,0,0,0
314,314,0,108,215,0,0,0,296,193,-614,2,下位,0,0,0
299,299,0,896,1793,0,0,0,314,215,-905,2,下位,0,0,0
510,430,37,76,153,1,0,0,0,0,1,0,下位,0,0,0
80,80,0,76,153,1,1,430,0,0,1,0,下位,0,430,37
176,176,0,110,220,0,0,0,510,153,-632,1,下位,0,0,0
335,335,0,196,392,0,0,0,176,220,-696,1,下位,0,0,0
979,117,98,72,144,0,0,0,335,392,-844,2,下位,0,0,0
862,433,43,72,144,0,1,117,335,392,-844,2,下位,0,117,55
429,429,0,72,144,0,2,550,335,392,-844,2,下位,0,433,43
211,211,0,52,105,1,0,0,0,0,1,0,下位,0,0,0
904,904,0,80,159,0,0,0,211,105,-234,2,下位,0,0,0
1016,1016,0,752,1503,0,0,0,904,159,-1533,1,下位,0,0,0
306,306,0,670,1340,0,0,0,1016,1503,-1669,7,下位,0,0,0
687,37,94,420,841,0,0,0,306,1340,-823,10,下位,0,0,0
650,218,43,420,841,0,1,37,306,1340,-823,10,下位,0,37,51
432,432,0,420,841,0,2,255,306,1340,-823,10,下位,0,218,43
93,93,0,98,195,0,0,0,687,841,-997,5,下位,0,0,0
431,431,0,1822,3582,1,0,0,0,0,1,0,下位,0,0,0
32,32,0,68,136,0,0,0,431,3582,2888,25,下位,0,0,0
435,435,0,108,215,0,0,0,32,136,2972,2,下位,0,0,0
181,38,35,226,453,0,0,0,435,215,2485,2,下位,0,0,0
143,143,0,226,453,0,1,38,435,215,2485,2,下位,0,38,35
405,29,36,1970,3877,0,0,0,181,453,2681,4,下位,0,0,0
376,376,0,1970,3877,0,1,29,181,453,2681,4,下位,0,29,36
91,91,0,146,290,0,0,0,405,3877,5941,28,下位,0,0,0
31,31,0,78,157,0,0,0,91,290,6084,3,下位,0,0,0
480,480,0,746,1493,0,0,0,31,157,6191,1,下位,0,0,0
358,358,0,74,149,1,0,0,0,0,1,0,下位,0,0,0
191,191,0,674,1348,0,0,0,358,149,-427,1,下位,0,0,0
966,966,0,201,402,0,0,0,191,1348,613,9,下位,0,0,0
499,499,0,306,613,0,0,0,966,402,-543,2,下位,0,0,0
178,178,0,90,180,0,0,0,499,613,-735,6,下位,0,0,0
396,231,32,108,215,1,0,0,0,0,1,0,下位,0,0,0
165,165,0,108,215,1,1,231,0,0,1,0,下位,0,231,32
653,220,39,1032,2066,1,0,0,0,0,1,0,下位,0,0,0
433,433,0,1032,2066,1,1,220,0,0,1,0,下位,0,220,39
1013,1013,0,46,93,0,0,0,653,2066,1053,14,下位,0,0,0
450,244,72,98,197,0,0,0,1013,93,-488,1,下位,0,0,0
206,68,29,98,197,0,1,244,1013,93,-488,1,下位,0,244,43
138,138,0,98,197,0,2,312,1013,93,-488,1,下位,0,68,29
333,137,49,116,233,1,0,0,0,0,1,0,下位,0,0,0
196,196,0,116,233,1,1,137,0,0,1,0,下位,0,137,49
551,327,41,420,843,0,0,0,333,233,-254,1,下位,0,0,0
224,224,0,420,843,0,1,327,333,233,-254,1,下位,0,327,41
602,98,98,48,97,0,0,0,551,843,-258,5,下位,0,0,0
504,430,49,48,97,0,1,98,551,843,-258,5,下位,0,98,49
74,74,0,48,97,0,2,528,551,843,-258,5,下位,0,430,49
213,213,0,354,710,0,0,0,602,97,-1034,1,下位,0,0,0
777,777,0,174,347,0,0,0,213,710,-668,4,下位,0,0,0
793,47,82,968,1934,0,0,0,777,347,-1574,2,下位,0,0,0
746,438,41,968,1934,0,1,47,777,347,-1574,2,下位,0,47,41
308,308,0,968,1934,0,2,485,777,347,-1574,2,下位,0,438,41
339,339,0,202,403,0,0,0,793,1934,-837,10,下位,0,0,0
435,435,0,304,609,1,0,0,0,0,1,0,下位,0,0,0
1136,1014,33,2222,4385,0,0,0,435,609,-92,1,下位,0,0,0
122,122,0,2222,4385,0,1,1014,435,609,-92,1,下位,0,1014,33
257,257,0,320,639,0,0,0,1136,4385,2494,29,下位,0,0,0
422,422,0,146,292,0,0,0,257,639,2718,5,下位,0,0,0
139,139,0,86,173,0,0,0,422,292,2329,2,下位,0,0,0
341,341,0,62,125,1,0,0,0,0,1,0,下位,0,0,0
327,273,6,90,179,0,0,0,341,125,-424,2,下位,0,0,0
54,54,0,90,179,0,1,273,341,125,-424,2,下位,0,273,6
299,154,53,92,183,0,0,0,327,179,-766,2,下位,0,0,0
145,145,0,92,183,0,1,154,327,179,-766,2,下位,0,154,53
1013,1013,0,156,313,0,0,0,299,183,-1012,2,下位,0,0,0
216,216,0,302,603,0,0,0,1013,313,-2333,3,下位,0,0,0
157,157,0,274,550,0,0,0,216,603,-2078,5,下位,0,0,0
313,166,13,546,1091,0,0,0,157,550,-1781,4,下位,0,0,0
147,147,0,546,1091,0,1,166,157,550,-1781,4,下位,0,166,13
562,562,0,664,1328,0,0,0,313,1091,-1182,4,下位,0,0,0
605,169,109,188,376,1,0,0,0,0,1,0,下位,0,0,0
436,243,74,188,376,1,1,169,0,0,1,0,下位,0,169,35
193,135,25,188,376,1,2,412,0,0,1,0,下位,0,243,49
58,58,0,188,376,1,3,547,0,0,1,0,下位,0,135,25
70,70,0,1566,3072,0,0,0,605,376,-491,3,下位,0,0,0
186,186,0,192,382,0,0,0,70,3072,2468,19,下位,0,0,0
147,147,0,32,64,0,0,0,186,382,2550,3,下位,0,0,0
317,317,0,54,109,0,0,0,147,64,2377,1,下位,0,0,0
348,152,33,312,626,0,0,0,317,109,1975,1,下位,0,0,0
196,196,0,312,626,0,1,152,317,109,1975,1,下位,0,152,33
363,142,35,130,260,0,0,0,348,626,2073,3,下位,0,0,0
221,221,0,130,260,0,1,142,348,626,2073,3,下位,0,142,35
141,141,0,268,536,0,0,0,363,260,1783,3,下位,0,0,0
59,59,0,134,268,0,0,0,141,536,2092,4,下位,0,0,0
196,196,0,136,271,0,0,0,59,268,2265,1,下位,0,0,0
591,158,25,42,85,0,0,0,196,271,2220,2,下位,0,0,0
433,433,0,42,85,0,1,158,196,271,2220,2,下位,0,158,25
36,36,0,206,413,0,0,0,591,85,1377,1,下位,0,0,0
432,432,0,2978,5833,1,0,0,0,0,1,0,下位,0,0,0
152,152,0,62,125,0,0,0,432,5833,5137,37,下位,0,0,0
145,145,0,76,153,0,0,0,152,125,5017,2,下位,0,0,0
365,365,0,46,93,1,0,0,0,0,1,0,下位,0,0,0
222,125,59,608,1220,0,0,0,365,93,-495,1,下位,0,0,0
97,97,0,608,1220,0,1,125,365,93,-495,1,下位,0,125,59
142,59,49,190,382,1,0,0,0,0,1,0,下位,0,0,0
83,83,0,190,382,1,1,59,0,0,1,0,下位,0,59,49
203,203,0,82,165,0,0,0,142,382,203,3,下位,0,0,0
790,790,0,460,921,0,0,0,203,165,41,1,下位,0,0,0
343,343,0,538,1078,1,0,0,0,0,1,0,下位,0,0,0
879,720,59,290,579,0,0,0,343,1078,526,8,下位,0,0,0
159,159,0,290,579,0,1,720,343,1078,526,8,下位,0,720,59
209,168,41,96,191,0,0,0,879,579,-253,6,下位,0,0,0
41,41,0,96,191,0,1,168,879,579,-253,6,下位,0,168,41
432,432,0,368,737,1,0,0,0,0,1,0,下位,0,0,0
1344,474,78,564,1129,0,0,0,432,737,41,5,下位,0,0,0
870,437,35,564,1129,0,1,474,432,737,41,5,下位,0,474,43
433,433,0,564,1129,0,2,911,432,737,41,5,下位,0,437,35
507,168,51,120,241,0,0,0,1344,1129,-920,9,下位,0,0,0
339,339,0,120,241,0,1,168,1344,1129,-920,9,下位,0,168,51
69,69,0,30,61,0,0,0,507,241,-1446,2,下位,0,0,0
24,24,0,204,406,1,0,0,0,0,1,0,下位,0,0,0
537,537,0,234,469,0,0,0,24,406,368,4,下位,0,0,0
310,47,45,126,253,0,0,0,537,469,-29,3,下位,0,0,0
263,263,0,126,253,0,1,47,537,469,-29,3,下位,0,47,45
530,530,0,178,356,0,0,0,310,253,-231,1,下位,0,0,0
165,165,0,714,1430,0,0,0,530,356,-730,2,下位,0,0,0
65,65,0,832,1665,0,0,0,165,1430,434,9,下位,0,0,0
572,572,0,168,337,0,0,0,65,1665,1994,9,下位,0,0,0
351,351,0,44,89,1,0,0,0,0,1,0,下位,0,0,0
121,121,0,264,528,0,0,0,351,89,-476,1,下位,0,0,0
32,32,0,544,1089,0,0,0,121,528,-143,6,下位,0,0,0
541,541,0,114,230,0,0,0,32,1089,894,3,下位,0,0,0
365,297,51,622,1242,0,0,0,541,230,251,3,下位,0,0,0
68,68,0,622,1242,0,1,297,541,230,251,3,下位,0,297,51
169,169,0,706,1411,0,0,0,365,1242,955,7,下位,0,0,0
353,353,0,678,1295,0,0,0,169,1411,2093,11,下位,0,0,0
305,305,0,200,398,0,0,0,353,1295,2819,6,下位,0,0,0
78,78,0,124,249,0,0,0,305,398,2725,2,下位,0,0,0
467,34,45,116,233,1,0,0,0,0,1,0,下位,0,0,0
433,433,0,116,233,1,1,34,0,0,1,0,下位,0,34,45
916,876,33,116,231,0,0,0,467,233,-474,2,下位,0,0,0
40,40,0,116,231,0,1,876,467,233,-474,2,下位,0,876,33
126,126,0,145,289,0,0,0,916,231,-1688,2,下位,0,0,0
38,38,0,112,223,0,0,0,126,289,-1602,1,下位,0,0,0
127,127,0,884,1767,0,0,0,38,223,-1440,2,下位,0,0,0
1010,1010,0,292,583,0,0,0,127,1767,122,16,下位,0,0,0
663,259,37,1182,2363,0,0,0,1010,583,-924,6,下位,0,0,0
404,404,0,1182,2363,0,1,259,1010,583,-924,6,下位,0,259,37
604,157,27,600,1200,1,0,0,0,0,1,0,下位,0,0,0
447,447,0,600,1200,1,1,157,0,0,1,0,下位,0,157,27
955,794,80,1152,2301,0,0,0,604,1200,254,7,下位,0,0,0
161,112,41,1152,2301,0,1,794,604,1200,254,7,下位,0,794,39
49,49,0,1152,2301,0,2,906,604,1200,254,7,下位,0,112,41
109,109,0,36,73,0,0,0,955,2301,1094,13,下位,0,0,0
1038,1014,35,502,1004,0,0,0,109,73,991,1,下位,0,0,0
24,24,0,502,1004,0,1,1014,109,73,991,1,下位,0,1014,35
186,46,47,138,277,0,0,0,1038,1004,356,8,下位,0,0,0
140,140,0,138,277,0,1,46,1038,1004,356,8,下位,0,46,47
678,617,32,390,782,0,0,0,186,277,380,4,下位,0,0,0
61,61,0,390,782,0,1,617,186,277,380,4,下位,0,617,32
434,434,0,606,1210,1,0,0,0,0,1,0,下位,0,0,0
112,112,0,104,207,0,0,0,434,1210,511,8,下位,0,0,0
655,132,58,604,1209,0,0,0,112,207,537,2,下位,0,0,0
523,213,35,604,1209,0,1,132,112,207,537,2,下位,0,132,23
310,310,0,604,1209,0,2,345,112,207,537,2,下位,0,213,35
200,200,0,664,1329,0,0,0,655,1209,747,4,下位,0,0,0
118,118,0,3192,6203,0,0,0,200,1329,1753,11,下位,0,0,0
1131,1012,128,204,409,0,0,0,118,6203,7766,25,下位,0,0,0
119,36,79,204,409,0,1,1012,118,6203,7766,25,下位,0,1012,49
83,27,44,204,409,0,2,1048,118,6203,7766,25,下位,0,36,35
56,56,0,204,409,0,3,1075,118,6203,7766,25,下位,0,27,44
240,240,0,74,147,0,0,0,1131,409,6479,3,下位,0,0,0
401,401,0,80,159,0,0,0,240,147,6239,1,下位,0,0,0
432,432,0,180,358,1,0,0,0,0,1,0,下位,0,0,0
323,168,45,44,87,0,0,0,432,358,-338,3,下位,0,0,0
155,155,0,44,87,0,1,168,432,358,-338,3,下位,0,168,45
7,7,0,166,333,0,0,0,323,87,-727,1,下位,0,0,0
346,346,0,46,93,0,0,0,7,333,-405,3,下位,0,0,0
141,141,0,253,506,0,0,0,346,93,-870,1,下位,0,0,0
626,455,37,358,714,0,0,0,141,506,-591,3,下位,0,0,0
171,171,0,358,714,0,1,455,141,506,-591,3,下位,0,455,37
556,399,41,368,735,0,0,0,626,714,-850,5,下位,0,0,0
157,157,0,368,735,0,1,399,626,714,-850,5,下位,0,399,41
314,314,0,423,845,0,0,0,556,735,-971,5,下位,0,0,0
883,451,49,76,151,0,0,0,314,845,-632,4,下位,0,0,0
432,432,0,76,151,0,1,451,314,845,-632,4,下位,0,451,49
254,254,0,150,301,1,0,0,0,0,1,0,下位,0,0,0
654,615,23,986,1972,0,0,0,254,301,-108,2,下位,0,0,0
39,39,0,986,1972,0,1,615,254,301,-108,2,下位,0,615,23
32,32,0,39,78,0,0,0,654,1972,832,13,下位,0,0,0
1401,968,49,54,109,0,0,0,32,78,858,1,下位,0,0,0
433,433,0,54,109,0,1,968,32,78,858,1,下位,0,968,49
274,274,0,74,148,0,0,0,1401,109,-1243,1,下位,0,0,0
941,200,84,288,577,0,0,0,274,148,-1537,1,下位,0,0,0
741,310,33,288,577,0,1,200,274,148,-1537,1,下位,0,200,51
431,431,0,288,577,0,2,510,274,148,-1537,1,下位,0,310,33
94,94,0,138,277,0,0,0,941,577,-2394,3,下位,0,0,0
32,32,0,34,69,0,0,0,94,277,-2269,2,下位,0,0,0
92,92,0,274,550,0,0,0,32,69,-2252,1,下位,0,0,0
327,327,0,332,664,0,0,0,92,550,-1850,5,下位,0,0,0
161,161,0,414,827,1,0,0,0,0,1,0,下位,0,0,0
895,895,0,530,1059,0,0,0,161,827,568,6,下位,0,0,0
981,981,0,80,161,0,0,0,895,1059,183,8,下位,0,0,0
102,102,0,38,75,0,0,0,981,161,-1238,2,下位,0,0,0
974,538,53,90,179,0,0,0,102,75,-1328,1,下位,0,0,0
436,436,0,90,179,0,1,538,102,75,-1328,1,下位,0,538,53
139,139,0,242,485,0,0,0,974,179,-2667,1,下位,0,0,0
316,273,33,364,726,1,0,0,0,0,1,0,下位,0,0,0
43,43,0,364,726,1,1,273,0,0,1,0,下位,0,273,33
316,61,88,1522,2985,0,0,0,316,726,251,5,下位,0,0,0
255,166,43,1522,2985,0,1,61,316,726,251,5,下位,0,61,45
89,89,0,1522,2985,0,2,227,316,726,251,5,下位,0,166,43
166,166,0,187,373,0,0,0,316,2985,2814,22,下位,0,0,0
395,395,0,1036,2073,0,0,0,166,373,2919,2,下位,0,0,0
228,228,0,496,932,0,0,0,395,2073,4355,11,下位,0,0,0
661,74,76,136,271,0,0,0,228,932,4919,10,下位,0,0,0
587,232,41,136,271,0,1,74,228,932,4919,10,下位,0,74,35
355,355,0,136,271,0,2,306,228,932,4919,10,下位,0,232,41
257,257,0,86,171,0,0,0,661,271,4200,2,下位,0,0,0
683,414,37,90,181,0,0,0,257,171,3956,1,下位,0,0,0
269,269,0,90,181,0,1,414,257,171,3956,1,下位,0,414,37
216,67,15,76,153,0,0,0,683,181,3072,2,下位,0,0,0
149,149,0,76,153,0,1,67,683,181,3072,2,下位,0,67,15
432,432,0,158,317,1,0,0,0,0,1,0,下位,0,0,0
133,133,0,92,185,0,0,0,432,317,-379,4,下位,0,0,0
474,474,0,492,982,0,0,0,133,185,-409,3,下位,0,0,0
494,49,39,272,543,0,0,0,474,982,-192,6,下位,0,0,0
445,445,0,272,543,0,1,49,474,982,-192,6,下位,0,49,39
719,129,96,260,519,0,0,0,494,543,-407,5,下位,0,0,0
590,16,61,260,519,0,1,129,494,543,-407,5,下位,0,129,35
574,345,39,260,519,0,2,145,494,543,-407,5,下位,0,16,22
229,229,0,260,519,0,3,490,494,543,-407,5,下位,0,345,39
753,591,51,662,1325,0,0,0,719,519,-951,3,下位,0,0,0
162,162,0,662,1325,0,1,591,719,519,-951,3,下位,0,591,51
341,341,0,312,626,1,0,0,0,0,1,0,下位,0,0,0
1010,1010,0,404,807,0,0,0,341,626,77,6,下位,0,0,0
424,424,0,168,336,0,0,0,1010,807,-745,9,下位,0,0,0
801,134,96,66,132,0,0,0,424,336,-1093,3,下位,0,0,0
667,238,55,66,132,0,1,134,424,336,-1093,3,下位,0,134,41
429,429,0,66,132,0,2,372,424,336,-1093,3,下位,0,238,55
166,166,0,174,348,0,0,0,801,132,-2157,1,下位,0,0,0
135,135,0,458,915,0,0,0,166,348,-2077,3,下位,0,0,0
77,77,0,280,559,1,0,0,0,0,1,0,下位,0,0,0
227,227,0,44,87,0,0,0,77,559,436,2,下位,0,0,0
233,233,0,4034,7883,0,0,0,227,87,157,1,下位,0,0,0
673,642,9,576,1151,0,0,0,233,7883,7664,57,下位,0,0,0
31,31,0,576,1151,0,1,642,233,7883,7664,57,下位,0,642,9
341,341,0,78,157,0,0,0,673,1151,7739,7,下位,0,0,0
147,147,0,46,94,0,0,0,341,157,7346,1,下位,0,0,0
499,68,41,242,483,1,0,0,0,0,1,0,下位,0,0,0
431,431,0,242,483,1,1,68,0,0,1,0,下位,0,68,41
780,780,0,270,539,0,0,0,499,483,-280,4,下位,0,0,0
745,745,0,102,205,0,0,0,780,539,-999,4,下位,0,0,0
423,423,0,56,111,0,0,0,745,205,-1996,2,下位,0,0,0
470,470,0,94,189,0,0,0,423,111,-2567,1,下位,0,0,0
271,135,61,222,443,0,0,0,470,189,-3136,1,下位,0,0,0
136,136,0,222,443,0,1,135,470,189,-3136,1,下位,0,135,61
310,310,0,180,360,0,0,0,271,443,-3069,5,下位,0,0,0
145,145,0,314,629,0,0,0,310,360,-3209,2,下位,0,0,0
575,144,47,110,221,0,0,0,145,629,-2814,6,下位,0,0,0
431,431,0,110,221,0,1,144,145,629,-2814,6,下位,0,144,47
216,216,0,216,430,0,0,0,575,221,-3473,2,下位,0,0,0
168,168,0,44,87,1,0,0,0,0,1,0,下位,0,0,0
163,163,0,1034,2067,0,0,0,168,87,-183,1,下位,0,0,0
359,359,0,279,557,0,0,0,163,2067,1621,15,下位,0,0,0
349,349,0,314,627,0,0,0,359,557,1599,3,下位,0,0,0
384,384,0,582,1164,0,0,0,349,627,1663,3,下位,0,0,0
383,383,0,3116,6087,0,0,0,384,1164,2208,7,下位,0,0,0
100,100,0,54,107,0,0,0,383,6087,7677,21,下位,0,0,0
530,530,0,554,1107,0,0,0,100,107,7623,1,下位,0,0,0
138,138,0,218,437,0,0,0,530,1107,7875,7,下位,0,0,0
461,340,43,528,1057,0,0,0,138,437,8089,3,下位,0,0,0
121,121,0,528,1057,0,1,340,138,437,8089,3,下位,0,340,43
341,22,61,364,730,0,0,0,461,1057,8446,8,下位,0,0,0
319,319,0,364,730,0,1,22,461,1057,8446,8,下位,0,22,61
455,455,0,98,195,1,0,0,0,0,1,0,下位,0,0,0
628,628,0,346,691,0,0,0,455,195,-538,1,下位,0,0,0
57,57,0,1444,2889,0,0,0,628,691,-860,5,下位,0,0,0
537,24,103,200,401,0,0,0,57,2889,1937,17,下位,0,0,0
513,250,49,200,401,0,1,24,57,2889,1937,17,下位,0,24,54
263,263,0,200,401,0,2,274,57,2889,1937,17,下位,0,250,49
244,65,23,300,599,0,0,0,537,401,1575,3,下位,0,0,0
179,179,0,300,599,0,1,65,537,401,1575,3,下位,0,65,23
887,48,94,1314,2569,0,0,0,244,599,1803,5,下位,0,0,0
839,433,47,1314,2569,0,1,48,244,599,1803,5,下位,0,48,47
406,406,0,1314,2569,0,2,481,244,599,1803,5,下位,0,433,47
921,790,30,48,95,0,0,0,887,2569,3036,12,下位,0,0,0
131,131,0,48,95,0,1,790,887,2569,3036,12,下位,0,790,30
749,426,0,110,220,1,0,0,0,0,1,0,下位,0,0,0
323,323,0,110,220,1,1,426,0,0,1,0,下位,0,426,0
2015,728,103,302,602,0,0,0,749,220,-987,1,下位,0,0,0
1287,433,64,302,602,0,1,728,749,220,-987,1,下位,0,728,39
854,425,35,302,602,0,2,1161,749,220,-987,1,下位,0,433,29
429,429,0,302,602,0,3,1586,749,220,-987,1,下位,0,425,35
49,49,0,324,647,0,0,0,2015,602,-3531,5,下位,0,0,0
609,609,0,224,448,0,0,0,49,647,-2963,5,下位,0,0,0
215,215,0,132,265,0,0,0,609,448,-3497,2,下位,0,0,0
341,341,0,312,626,1,0,0,0,0,1,0,下位,0,0,0
1010,1010,0,404,807,0,0,0,341,626,77,6,下位,0,0,0
424,424,0,168,336,0,0,0,1010,807,-745,9,下位,0,0,0
801,134,96,66,132,0,0,0,424,336,-1093,3,下位,0,0,0
667,238,55,66,132,0,1,134,424,336,-1093,3,下位,0,134,41
429,429,0,66,132,0,2,372,424,336,-1093,3,下位,0,238,55
166,166,0,174,348,0,0,0,801,132,-2157,1,下位,0,0,0
135,135,0,458,915,0,0,0,166,348,-2077,3,下位,0,0,0
77,77,0,280,559,1,0,0,0,0,1,0,下位,0,0,0
227,227,0,44,87,0,0,0,77,559,436,2,下位,0,0,0
233,233,0,4034,7883,0,0,0,227,87,157,1,下位,0,0,0
673,642,9,576,1151,0,0,0,233,7883,7664,57,下位,0,0,0
31,31,0,576,1151,0,1,642,233,7883,7664,57,下位,0,642,9
341,341,0,78,157,0,0,0,673,1151,7739,7,下位,0,0,0
147,147,0,46,94,0,0,0,341,157,7346,1,下位,0,0,0
499,68,41,242,483,1,0,0,0,0,1,0,下位,0,0,0
431,431,0,242,483,1,1,68,0,0,1,0,下位,0,68,41
780,780,0,270,539,0,0,0,499,483,-280,4,下位,0,0,0
745,745,0,102,205,0,0,0,780,539,-999,4,下位,0,0,0
423,423,0,56,111,0,0,0,745,205,-1996,2,下位,0,0,0
470,470,0,94,189,0,0,0,423,111,-2567,1,下位,0,0,0
271,135,61,222,443,0,0,0,470,189,-3136,1,下位,0,0,0
136,136,0,222,443,0,1,135,470,189,-3136,1,下位,0,135,61
310,310,0,180,360,0,0,0,271,443,-3069,5,下位,0,0,0
145,145,0,314,629,0,0,0,310,360,-3209,2,下位,0,0,0
575,144,47,110,221,0,0,0,145,629,-2814,6,下位,0,0,0
431,431,0,110,221,0,1,144,145,629,-2814,6,下位,0,144,47
216,216,0,216,430,0,0,0,575,221,-3473,2,下位,0,0,0
168,168,0,44,87,1,0,0,0,0,1,0,下位,0,0,0
163,163,0,1034,2067,0,0,0,168,87,-183,1,下位,0,0,0
359,359,0,279,557,0,0,0,163,2067,1621,15,下位,0,0,0
349,349,0,314,627,0,0,0,359,557,1599,3,下位,0,0,0
384,384,0,582,1164,0,0,0,349,627,1663,3,下位,0,0,0
383,383,0,3116,6087,0,0,0,384,1164,2208,7,下位,0,0,0
100,100,0,54,107,0,0,0,383,6087,7677,21,下位,0,0,0
530,530,0,554,1107,0,0,0,100,107,7623,1,下位,0,0,0
138,138,0,218,437,0,0,0,530,1107,7875,7,下位,0,0,0
461,340,43,528,1057,0,0,0,138,437,8089,3,下位,0,0,0
121,121,0,528,1057,0,1,340,138,437,8089,3,下位,0,340,43
341,22,61,364,730,0,0,0,461,1057,8446,8,下位,0,0,0
319,319,0,364,730,0,1,22,461,1057,8446,8,下位,0,22,61
455,455,0,98,195,1,0,0,0,0,1,0,下位,0,0,0
628,628,0,346,691,0,0,0,455,195,-538,1,下位,0,0,0
57,57,0,1444,2889,0,0,0,628,691,-860,5,下位,0,0,0
537,24,103,200,401,0,0,0,57,2889,1937,17,下位,0,0,0
513,250,49,200,401,0,1,24,57,2889,1937,17,下位,0,24,54
263,263,0,200,401,0,2,274,57,2889,1937,17,下位,0,250,49
244,65,23,300,599,0,0,0,537,401,1575,3,下位,0,0,0
179,179,0,300,599,0,1,65,537,401,1575,3,下位,0,65,23
887,48,94,1314,2569,0,0,0,244,599,1803,5,下位,0,0,0
839,433,47,1314,2569,0,1,48,244,599,1803,5,下位,0,48,47
406,406,0,1314,2569,0,2,481,244,599,1803,5,下位,0,433,47
921,790,30,48,95,0,0,0,887,2569,3036,12,下位,0,0,0
131,131,0,48,95,0,1,790,887,2569,3036,12,下位,0,790,30
749,426,0,110,220,1,0,0,0,0,1,0,下位,0,0,0
323,323,0,110,220,1,1,426,0,0,1,0,下位,0,426,0
2015,728,103,302,602,0,0,0,749,220,-987,1,下位,0,0,0
1287,433,64,302,602,0,1,728,749,220,-987,1,下位,0,728,39
854,425,35,302,602,0,2,1161,749,220,-987,1,下位,0,433,29
429,429,0,302,602,0,3,1586,749,220,-987,1,下位,0,425,35
49,49,0,324,647,0,0,0,2015,602,-3531,5,下位,0,0,0
609,609,0,224,448,0,0,0,49,647,-2963,5,下位,0,0,0
215,215,0,132,265,0,0,0,609,448,-3497,2,下位,0,0,0
162,162,0,1190,2380,1,0,0,0,0,1,0,下位,0,0,0
370,370,0,180,362,0,0,0,162,2380,2120,14,下位,0,0,0
295,148,43,236,473,0,0,0,370,362,1885,2,下位,0,0,0
147,147,0,236,473,0,1,148,370,362,1885,2,下位,0,148,43
402,402,0,142,283,0,0,0,295,473,1925,4,下位,0,0,0
74,74,0,1832,3541,0,0,0,402,283,1560,2,下位,0,0,0
658,509,55,646,1292,0,0,0,74,3541,4982,16,下位,0,0,0
149,149,0,646,1292,0,1,509,74,3541,4982,16,下位,0,509,55
779,779,0,36,71,0,0,0,658,1292,5268,6,下位,0,0,0
390,331,37,246,490,1,0,0,0,0,1,0,下位,0,0,0
59,59,0,246,490,1,1,331,0,0,1,0,下位,0,331,37
243,50,49,40,81,0,0,0,390,490,-101,3,下位,0,0,0
193,193,0,40,81,0,1,50,390,490,-101,3,下位,0,50,49
71,71,0,206,411,0,0,0,243,81,-363,1,下位,0,0,0
1074,723,51,322,643,0,0,0,71,411,-67,3,下位,0,0,0
351,351,0,322,643,0,1,723,71,411,-67,3,下位,0,723,51
862,429,55,198,396,1,0,0,0,0,1,0,下位,0,0,0
433,433,0,198,396,1,1,429,0,0,1,0,下位,0,429,55
290,157,55,138,277,1,0,0,0,0,1,0,下位,0,0,0
133,133,0,138,277,1,1,157,0,0,1,0,下位,0,157,55
369,369,0,584,1167,0,0,0,290,277,-135,1,下位,0,0,0
60,60,0,290,579,0,0,0,369,1167,437,5,下位,0,0,0
329,329,0,42,85,0,0,0,60,579,919,5,下位,0,0,0
451,99,39,24,50,0,0,0,329,85,473,1,下位,0,0,0
352,352,0,24,50,0,1,99,329,85,473,1,下位,0,99,39
632,632,0,1054,2109,0,0,0,451,50,-166,1,下位,0,0,0
145,145,0,210,419,0,0,0,632,2109,924,12,下位,0,0,0
146,146,0,218,437,0,0,0,145,419,1109,2,下位,0,0,0
1526,1009,88,84,169,0,0,0,146,437,1311,4,下位,0,0,0
517,85,39,84,169,0,1,1009,146,437,1311,4,下位,0,1009,49
432,432,0,84,169,0,2,1094,146,437,1311,4,下位,0,85,39
215,215,0,218,438,1,0,0,0,0,1,0,下位,0,0,0
538,385,41,44,89,0,0,0,215,438,92,3,下位,0,0,0
153,153,0,44,89,0,1,385,215,438,92,3,下位,0,385,41
50,50,0,249,498,0,0,0,538,89,-646,1,下位,0,0,0
269,137,51,306,614,0,0,0,50,498,-229,1,下位,0,0,0
132,132,0,306,614,0,1,137,50,498,-229,1,下位,0,137,51
107,107,0,96,190,0,0,0,269,614,2,6,下位,0,0,0
624,195,33,190,379,0,0,0,107,190,19,1,下位,0,0,0
429,429,0,190,379,0,1,195,107,190,19,1,下位,0,195,33
134,134,0,1010,2023,0,0,0,624,379,-576,4,下位,0,0,0
44,44,0,804,1548,0,0,0,134,2023,1231,15,下位,0,0,0
894,894,0,574,1149,0,0,0,44,1548,2708,10,下位,0,0,0
813,216,171,288,577,0,0,0,894,1149,2415,7,下位,0,0,0
597,325,130,288,577,0,1,216,894,1149,2415,7,下位,0,216,41
272,272,0,288,577,0,2,541,894,1149,2415,7,下位,0,325,130
435,435,0,90,180,1,0,0,0,0,1,0,下位,0,0,0
1219,237,102,346,691,0,0,0,435,180,-521,2,下位,0,0,0
982,429,55,346,691,0,1,237,435,180,-521,2,下位,0,237,47
553,212,16,346,691,0,2,666,435,180,-521,2,下位,0,429,39
341,341,0,346,691,0,3,878,435,180,-521,2,下位,0,212,16
597,20,70,277,554,0,0,0,1219,691,-1694,6,下位,0,0,0
577,438,57,277,554,0,1,20,1219,691,-1694,6,下位,0,20,13
139,139,0,277,554,0,2,458,1219,691,-1694,6,下位,0,438,57
68,68,0,158,318,0,0,0,597,554,-2032,3,下位,0,0,0
447,447,0,394,790,0,0,0,68,318,-1824,2,下位,0,0,0
367,229,38,48,95,0,0,0,447,790,-1755,6,下位,0,0,0
138,138,0,48,95,0,1,229,447,790,-1755,6,下位,0,229,38
578,554,37,132,265,0,0,0,367,95,-2214,1,下位,0,0,0
24,24,0,132,265,0,1,554,367,95,-2214,1,下位,0,554,37
796,635,53,398,797,0,0,0,578,265,-2845,3,下位,0,0,0
161,161,0,398,797,0,1,635,578,265,-2845,3,下位,0,635,53
358,358,0,74,149,1,0,0,0,0,1,0,下位,0,0,0
191,191,0,674,1348,0,0,0,358,149,-427,1,下位,0,0,0
966,966,0,201,402,0,0,0,191,1348,613,9,下位,0,0,0
499,499,0,306,613,0,0,0,966,402,-543,2,下位,0,0,0
178,178,0,90,180,0,0,0,499,613,-735,6,下位,0,0,0
396,231,32,108,215,1,0,0,0,0,1,0,下位,0,0,0
165,165,0,108,215,1,1,231,0,0,1,0,下位,0,231,32
227,146,57,468,937,1,0,0,0,0,1,0,下位,0,0,0
81,81,0,468,937,1,1,146,0,0,1,0,下位,0,146,57
742,742,0,32,65,0,0,0,227,937,629,9,下位,0,0,0
545,326,31,524,1047,0,0,0,742,65,-503,1,下位,0,0,0
219,219,0,524,1047,0,1,326,742,65,-503,1,下位,0,326,31
715,715,0,386,770,0,0,0,545,1047,-304,8,下位,0,0,0
981,432,120,1924,3788,1,0,0,0,0,1,0,下位,0,0,0
549,69,73,1924,3788,1,1,432,0,0,1,0,下位,0,432,47
480,48,37,1924,3788,1,2,501,0,0,1,0,下位,0,69,36
432,432,0,1924,3788,1,3,549,0,0,1,0,下位,0,48,37
871,871,0,128,255,0,0,0,981,3788,2327,29,下位,0,0,0
231,231,0,194,389,0,0,0,871,255,1177,2,下位,0,0,0
320,100,39,150,301,1,0,0,0,0,1,0,下位,0,0,0
220,220,0,150,301,1,1,100,0,0,1,0,下位,0,100,39
225,181,53,250,499,0,0,0,320,301,-175,2,下位,0,0,0
44,44,0,250,499,0,1,181,320,301,-175,2,下位,0,181,53
159,159,0,132,263,0,0,0,225,499,14,4,下位,0,0,0
635,635,0,126,251,0,0,0,159,263,21,2,下位,0,0,0
1476,1018,102,208,417,0,0,0,635,251,-752,1,下位,0,0,0
458,90,73,208,417,0,1,1018,635,251,-752,1,下位,0,1018,29
368,147,41,208,417,0,2,1108,635,251,-752,1,下位,0,90,32
221,221,0,208,417,0,3,1255,635,251,-752,1,下位,0,147,41
1114,1008,43,114,229,0,0,0,1476,417,-2613,2,下位,0,0,0
106,106,0,114,229,0,1,1008,1476,417,-2613,2,下位,0,1008,43
111,111,0,826,1652,1,0,0,0,0,1,0,下位,0,0,0
154,154,0,218,437,0,0,0,111,1652,1474,12,下位,0,0,0
119,119,0,82,165,0,0,0,154,437,1663,5,下位,0,0,0
48,48,0,860,1658,0,0,0,119,165,1636,1,下位,0,0,0
590,249,53,38,77,0,0,0,48,1658,3217,11,下位,0,0,0
341,341,0,38,77,0,1,249,48,1658,3217,11,下位,0,249,53
357,357,0,84,167,0,0,0,590,77,2395,1,下位,0,0,0
678,678,0,82,165,0,0,0,357,167,1986,1,下位,0,0,0
437,437,0,84,168,0,0,0,678,165,1057,1,下位,0,0,0
446,446,0,538,1077,0,0,0,437,168,520,2,下位,0,0,0
177,177,0,122,245,1,0,0,0,0,1,0,下位,0,0,0
93,93,0,348,697,0,0,0,177,245,-39,1,下位,0,0,0
675,616,46,104,207,0,0,0,93,697,508,5,下位,0,0,0
59,24,13,104,207,0,1,616,93,697,508,5,下位,0,616,33
35,35,0,104,207,0,2,640,93,697,508,5,下位,0,24,13
135,135,0,31,62,0,0,0,675,207,-328,1,下位,0,0,0
479,44,33,270,539,0,0,0,135,62,-484,1,下位,0,0,0
435,435,0,270,539,0,1,44,135,62,-484,1,下位,0,44,33
6,6,0,66,132,0,0,0,479,539,-685,1,下位,0,0,0
1325,915,27,434,870,0,0,0,6,132,-563,1,下位,0,0,0
410,410,0,434,870,0,1,915,6,132,-563,1,下位,0,915,27
148,148,0,230,459,0,0,0,1325,870,-1803,7,下位,0,0,0
432,432,0,192,385,1,0,0,0,0,1,0,下位,0,0,0
1105,807,74,58,114,0,0,0,432,385,-311,2,下位,0,0,0
298,126,39,58,114,0,1,807,432,385,-311,2,下位,0,807,35
172,172,0,58,114,0,2,933,432,385,-311,2,下位,0,126,39
67,67,0,80,160,0,0,0,1105,114,-1905,1,下位,0,0,0
327,153,45,450,900,0,0,0,67,160,-1853,2,下位,0,0,0
174,174,0,450,900,0,1,153,67,160,-1853,2,下位,0,153,45
35,35,0,671,1340,0,0,0,327,900,-1436,6,下位,0,0,0
155,155,0,1112,2225,0,0,0,35,1340,-152,9,下位,0,0,0
156,156,0,334,667,1,0,0,0,0,1,0,下位,0,0,0
391,38,49,404,808,0,0,0,156,667,416,4,下位,0,0,0
353,353,0,404,808,0,1,38,156,667,416,4,下位,0,38,49
1273,843,39,80,160,0,0,0,391,808,643,5,下位,0,0,0
430,430,0,80,160,0,1,843,391,808,643,5,下位,0,843,39
533,533,0,418,835,0,0,0,1273,160,-1212,3,下位,0,0,0
700,271,7,2025,3987,0,0,0,533,835,-1237,11,下位,0,0,0
429,429,0,2025,3987,0,1,271,533,835,-1237,11,下位,0,271,7
273,273,0,184,369,1,0,0,0,0,1,0,下位,0,0,0
29,29,0,338,675,0,0,0,273,369,-70,2,下位,0,0,0
67,67,0,64,127,0,0,0,29,675,558,2,下位,0,0,0
531,531,0,816,1633,0,0,0,67,127,577,2,下位,0,0,0
955,955,0,439,879,0,0,0,531,1633,1354,12,下位,0,0,0
165,165,0,357,714,0,0,0,955,879,693,4,下位,0,0,0
217,217,0,398,795,0,0,0,165,714,1141,4,下位,0,0,0
1355,924,41,46,91,0,0,0,217,795,1586,8,下位,0,0,0
431,431,0,46,91,0,1,924,217,795,1586,8,下位,0,924,41
674,238,31,1768,3478,1,0,0,0,0,1,0,下位,0,0,0
436,436,0,1768,3478,1,1,238,0,0,1,0,下位,0,238,31
265,265,0,180,360,0,0,0,674,3478,2423,20,下位,0,0,0
839,232,46,84,167,0,0,0,265,360,2356,5,下位,0,0,0
607,431,3,84,167,0,1,232,265,360,2356,5,下位,0,232,43
176,176,0,84,167,0,2,663,265,360,2356,5,下位,0,431,3
38,38,0,132,264,0,0,0,839,167,1216,1,下位,0,0,0
625,190,41,556,1111,0,0,0,38,264,1419,3,下位,0,0,0
435,435,0,556,1111,0,1,190,38,264,1419,3,下位,0,190,41
118,118,0,168,337,0,0,0,625,1111,1563,6,下位,0,0,0
437,437,0,44,88,0,0,0,118,337,1710,3,下位,0,0,0
529,426,55,154,308,1,0,0,0,0,1,0,下位,0,0,0
103,103,0,154,308,1,1,426,0,0,1,0,下位,0,426,55
342,342,0,340,680,0,0,0,529,308,-489,2,下位,0,0,0
217,127,31,292,583,0,0,0,342,680,-361,5,下位,0,0,0
90,90,0,292,583,0,1,127,342,680,-361,5,下位,0,127,31
760,760,0,346,692,0,0,0,217,583,-97,6,下位,0,0,0
89,89,0,110,219,0,0,0,760,692,-631,4,下位,0,0,0
881,136,207,136,272,0,0,0,89,219,-556,1,下位,0,0,0
745,309,152,136,272,0,1,136,89,219,-556,1,下位,0,136,55
436,436,0,136,272,0,2,445,89,219,-556,1,下位,0,309,152
557,161,90,534,1068,0,0,0,881,272,-1497,2,下位,0,0,0
396,135,51,534,1068,0,1,161,881,272,-1497,2,下位,0,161,39
261,261,0,534,1068,0,2,296,881,272,-1497,2,下位,0,135,51
722,433,39,44,88,1,0,0,0,0,1,0,下位,0,0,0
289,289,0,44,88,1,1,433,0,0,1,0,下位,0,433,39
471,38,47,358,714,0,0,0,722,88,-1036,1,下位,0,0,0
433,433,0,358,714,0,1,38,722,88,-1036,1,下位,0,38,47
144,144,0,144,287,0,0,0,471,714,-1034,6,下位,0,0,0
1010,1010,0,2376,4690,0,0,0,144,287,-979,4,下位,0,0,0
97,97,0,142,285,0,0,0,1010,4690,2082,25,下位,0,0,0
571,136,45,104,209,0,0,0,97,285,2211,2,下位,0,0,0
435,435,0,104,209,0,1,136,97,285,2211,2,下位,0,136,45
395,395,0,324,647,1,0,0,0,0,1,0,下位,0,0,0
1015,1015,0,36,73,0,0,0,395,647,11,5,下位,0,0,0
822,650,32,42,83,0,0,0,1015,73,-1553,1,下位,0,0,0
172,172,0,42,83,0,1,650,1015,73,-1553,1,下位,0,650,32
137,137,0,1554,3046,1,0,0,0,0,1,0,下位,0,0,0
714,714,0,36,73,0,0,0,137,3046,2826,18,下位,0,0,0
154,154,0,44,87,0,0,0,714,73,1747,1,下位,0,0,0
540,540,0,496,991,0,0,0,154,87,1586,1,下位,0,0,0
432,432,0,180,358,1,0,0,0,0,1,0,下位,0,0,0
323,168,45,44,87,0,0,0,432,358,-338,3,下位,0,0,0
155,155,0,44,87,0,1,168,432,358,-338,3,下位,0,168,45
7,7,0,166,333,0,0,0,323,87,-727,1,下位,0,0,0
346,346,0,46,93,0,0,0,7,333,-405,3,下位,0,0,0
141,141,0,253,506,0,0,0,346,93,-870,1,下位,0,0,0
626,455,37,358,714,0,0,0,141,506,-591,3,下位,0,0,0
171,171,0,358,714,0,1,455,141,506,-591,3,下位,0,455,37
556,399,41,368,735,0,0,0,626,714,-850,5,下位,0,0,0
157,157,0,368,735,0,1,399,626,714,-850,5,下位,0,399,41
314,314,0,423,845,0,0,0,556,735,-971,5,下位,0,0,0
883,451,49,76,151,0,0,0,314,845,-632,4,下位,0,0,0
432,432,0,76,151,0,1,451,314,845,-632,4,下位,0,451,49
254,254,0,150,301,1,0,0,0,0,1,0,下位,0,0,0
654,615,23,986,1972,0,0,0,254,301,-108,2,下位,0,0,0
39,39,0,986,1972,0,1,615,254,301,-108,2,下位,0,615,23
32,32,0,39,78,0,0,0,654,1972,832,13,下位,0,0,0
1401,968,49,54,109,0,0,0,32,78,858,1,下位,0,0,0
433,433,0,54,109,0,1,968,32,78,858,1,下位,0,968,49
274,274,0,74,148,0,0,0,1401,109,-1243,1,下位,0,0,0
941,200,84,288,577,0,0,0,274,148,-1537,1,下位,0,0,0
741,310,33,288,577,0,1,200,274,148,-1537,1,下位,0,200,51
431,431,0,288,577,0,2,510,274,148,-1537,1,下位,0,310,33
94,94,0,138,277,0,0,0,941,577,-2394,3,下位,0,0,0
32,32,0,34,69,0,0,0,94,277,-2269,2,下位,0,0,0
92,92,0,274,550,0,0,0,32,69,-2252,1,下位,0,0,0
327,327,0,332,664,0,0,0,92,550,-1850,5,下位,0,0,0
161,161,0,414,827,1,0,0,0,0,1,0,下位,0,0,0
895,895,0,530,1059,0,0,0,161,827,568,6,下位,0,0,0
981,981,0,80,161,0,0,0,895,1059,183,8,下位,0,0,0
102,102,0,38,75,0,0,0,981,161,-1238,2,下位,0,0,0
974,538,53,90,179,0,0,0,102,75,-1328,1,下位,0,0,0
436,436,0,90,179,0,1,538,102,75,-1328,1,下位,0,538,53
139,139,0,242,485,0,0,0,974,179,-2667,1,下位,0,0,0
316,273,33,364,726,1,0,0,0,0,1,0,下位,0,0,0
43,43,0,364,726,1,1,273,0,0,1,0,下位,0,273,33
316,61,88,1522,2985,0,0,0,316,726,251,5,下位,0,0,0
255,166,43,1522,2985,0,1,61,316,726,251,5,下位,0,61,45
89,89,0,1522,2985,0,2,227,316,726,251,5,下位,0,166,43
166,166,0,187,373,0,0,0,316,2985,2814,22,下位,0,0,0
395,395,0,1036,2073,0,0,0,166,373,2919,2,下位,0,0,0
228,228,0,496,932,0,0,0,395,2073,4355,11,下位,0,0,0
661,74,76,136,271,0,0,0,228,932,4919,10,下位,0,0,0
587,232,41,136,271,0,1,74,228,932,4919,10,下位,0,74,35
355,355,0,136,271,0,2,306,228,932,4919,10,下位,0,232,41
257,257,0,86,171,0,0,0,661,271,4200,2,下位,0,0,0
683,414,37,90,181,0,0,0,257,171,3956,1,下位,0,0,0
269,269,0,90,181,0,1,414,257,171,3956,1,下位,0,414,37
216,67,15,76,153,0,0,0,683,181,3072,2,下位,0,0,0
149,149,0,76,153,0,1,67,683,181,3072,2,下位,0,67,15
432,432,0,158,317,1,0,0,0,0,1,0,下位,0,0,0
133,133,0,92,185,0,0,0,432,317,-379,4,下位,0,0,0
474,474,0,492,982,0,0,0,133,185,-409,3,下位,0,0,0
494,49,39,272,543,0,0,0,474,982,-192,6,下位,0,0,0
445,445,0,272,543,0,1,49,474,982,-192,6,下位,0,49,39
719,129,96,260,519,0,0,0,494,543,-407,5,下位,0,0,0
590,16,61,260,519,0,1,129,494,543,-407,5,下位,0,129,35
574,345,39,260,519,0,2,145,494,543,-407,5,下位,0,16,22
229,229,0,260,519,0,3,490,494,543,-407,5,下位,0,345,39
753,591,51,662,1325,0,0,0,719,519,-951,3,下位,0,0,0
162,162,0,662,1325,0,1,591,719,519,-951,3,下位,0,591,51
127,127,0,139,278,1,0,0,0,0,1,0,下位,0,0,0
584,138,51,90,179,0,0,0,127,278,74,2,下位,0,0,0
446,446,0,90,179,0,1,138,127,278,74,2,下位,0,138,51
1015,1015,0,242,485,0,0,0,584,179,-638,1,下位,0,0,0
471,38,51,86,173,0,0,0,1015,485,-1790,4,下位,0,0,0
433,433,0,86,173,0,1,38,1015,485,-1790,4,下位,0,38,51
191,191,0,596,1193,0,0,0,471,173,-2325,1,下位,0,0,0
234,130,43,150,299,0,0,0,191,1193,-1440,9,下位,0,0,0
104,104,0,150,299,0,1,130,191,1193,-1440,9,下位,0,130,43
364,364,0,206,410,0,0,0,234,299,-1476,2,下位,0,0,0
45,45,0,176,352,0,0,0,364,410,-1653,5,下位,0,0,0
92,92,0,116,234,0,0,0,45,352,-1374,5,下位,0,0,0
852,852,0,335,671,0,0,0,92,234,-1288,3,下位,0,0,0
154,154,0,410,821,1,0,0,0,0,1,0,下位,0,0,0
439,117,25,74,147,0,0,0,154,821,574,6,下位,0,0,0
322,322,0,74,147,0,1,117,154,821,574,6,下位,0,117,25
230,230,0,84,169,0,0,0,439,147,38,2,下位,0,0,0
250,250,0,1538,3016,0,0,0,230,169,-164,1,下位,0,0,0
1174,1013,27,88,177,0,0,0,250,3016,2449,19,下位,0,0,0
161,161,0,88,177,0,1,1013,250,3016,2449,19,下位,0,1013,27
506,506,0,120,241,0,0,0,1174,177,759,1,下位,0,0,0
299,242,45,42,85,0,0,0,506,241,184,2,下位,0,0,0
57,57,0,42,85,0,1,242,506,241,184,2,下位,0,242,45
590,162,47,128,257,0,0,0,299,85,-168,1,下位,0,0,0
428,428,0,128,257,0,1,162,299,85,-168,1,下位,0,162,47
164,164,0,524,1048,0,0,0,590,257,-815,2,下位,0,0,0
436,436,0,64,129,1,0,0,0,0,1,0,下位,0,0,0
305,185,55,92,184,0,0,0,436,129,-573,2,下位,0,0,0
120,120,0,92,184,0,1,185,436,129,-573,2,下位,0,185,55
89,89,0,276,550,0,0,0,305,184,-826,1,下位,0,0,0
317,317,0,46,93,0,0,0,89,550,-420,2,下位,0,0,0
143,143,0,64,127,0,0,0,317,93,-838,1,下位,0,0,0
465,176,47,232,462,0,0,0,143,127,-942,2,下位,0,0,0
289,289,0,232,462,0,1,176,143,127,-942,2,下位,0,176,47
134,134,0,50,101,0,0,0,465,462,-1183,5,下位,0,0,0
434,303,43,374,747,0,0,0,134,101,-1298,1,下位,0,0,0
131,131,0,374,747,0,1,303,134,101,-1298,1,下位,0,303,43
301,301,0,168,335,0,0,0,434,747,-1208,4,下位,0,0,0
78,78,0,168,335,0,0,0,301,335,-1358,3,下位,0,0,0
112,112,0,813,1627,0,0,0,78,335,-1149,2,下位,0,0,0
345,345,0,388,775,0,0,0,112,1627,297,12,下位,0,0,0
595,38,215,34,66,0,0,0,345,775,516,6,下位,0,0,0
557,131,186,34,66,0,1,38,345,775,516,6,下位,0,38,29
426,426,0,34,66,0,2,169,345,775,516,6,下位,0,131,186
69,69,0,314,626,1,0,0,0,0,1,0,下位,0,0,0
395,328,44,176,353,0,0,0,69,626,516,5,下位,0,0,0
67,67,0,176,353,0,1,328,69,626,516,5,下位,0,328,44
1031,715,78,88,175,0,0,0,395,353,276,2,下位,0,0,0
316,274,45,88,175,0,1,715,395,353,276,2,下位,0,715,33
42,42,0,88,175,0,2,989,395,353,276,2,下位,0,274,45
101,101,0,89,178,0,0,0,1031,175,-1134,2,下位,0,0,0
639,639,0,60,119,0,0,0,101,178,-1119,1,下位,0,0,0
694,259,39,270,539,0,0,0,639,119,-2031,2,下位,0,0,0
435,435,0,270,539,0,1,259,639,119,-2031,2,下位,0,259,39
631,631,0,318,636,0,0,0,694,539,-2573,6,下位,0,0,0
430,430,0,158,317,1,0,0,0,0,1,0,下位,0,0,0
113,113,0,1354,2708,0,0,0,430,317,-376,3,下位,0,0,0
1241,807,53,240,481,0,0,0,113,2708,2150,20,下位,0,0,0
434,434,0,240,481,0,1,807,113,2708,2150,20,下位,0,807,53
207,207,0,1060,2056,0,0,0,1241,481,682,4,下位,0,0,0
76,76,0,304,609,0,0,0,207,2056,2404,13,下位,0,0,0
94,94,0,96,191,0,0,0,76,609,2890,4,下位,0,0,0
202,202,0,312,623,0,0,0,94,191,2929,1,下位,0,0,0
853,853,0,72,143,0,0,0,202,623,3226,3,下位,0,0,0
228,228,0,88,177,1,0,0,0,0,1,0,下位,0,0,0
192,192,0,1138,2274,0,0,0,228,177,-190,1,下位,0,0,0
60,60,0,25,50,0,0,0,192,2274,1774,12,下位,0,0,0
737,737,0,82,163,0,0,0,60,50,1727,1,下位,0,0,0
152,152,0,314,627,0,0,0,737,163,701,1,下位,0,0,0
574,143,20,216,434,0,0,0,152,627,1083,4,下位,0,0,0
431,296,5,216,434,0,1,143,152,627,1083,4,下位,0,143,15
135,135,0,216,434,0,2,439,152,627,1083,4,下位,0,296,5
306,306,0,176,354,0,0,0,574,434,611,5,下位,0,0,0
192,192,0,254,507,0,0,0,306,354,471,4,下位,0,0,0
37,37,0,116,231,0,0,0,192,507,668,4,下位,0,0,0
1016,1016,0,152,305,0,0,0,37,231,839,2,下位,0,0,0
462,462,0,42,85,0,0,0,1016,305,-495,1,下位,0,0,0
358,358,0,58,115,1,0,0,0,0,1,0,下位,0,0,0
153,153,0,40,80,0,0,0,358,115,-461,1,下位,0,0,0
466,169,47,116,233,0,0,0,153,80,-628,1,下位,0,0,0
297,297,0,116,233,0,1,169,153,80,-628,1,下位,0,169,47
152,152,0,110,219,0,0,0,466,233,-1100,2,下位,0,0,0
536,106,13,332,664,0,0,0,152,219,-1126,2,下位,0,0,0
430,430,0,332,664,0,1,106,152,219,-1126,2,下位,0,106,13
139,139,0,682,1366,0,0,0,536,664,-1314,5,下位,0,0,0
39,39,0,204,407,0,0,0,139,1366,-172,12,下位,0,0,0
713,713,0,86,171,0,0,0,39,407,172,4,下位,0,0,0
156,156,0,203,406,0,0,0,713,171,-807,1,下位,0,0,0
1174,204,121,48,95,0,0,0,156,406,-653,2,下位,0,0,0
970,433,68,48,95,0,1,204,156,406,-653,2,下位,0,204,53
537,432,39,48,95,0,2,637,156,406,-653,2,下位,0,433,29
105,105,0,48,95,0,3,1069,156,406,-653,2,下位,0,432,39
391,206,21,510,1023,0,0,0,1174,95,-2330,1,下位,0,0,0
185,185,0,510,1023,0,1,206,1174,95,-2330,1,下位,0,206,21
160,160,0,140,281,1,0,0,0,0,1,0,下位,0,0,0
1411,549,88,244,489,0,0,0,160,281,24,2,下位,0,0,0
862,430,49,244,489,0,1,549,160,281,24,2,下位,0,549,39
432,432,0,244,489,0,2,979,160,281,24,2,下位,0,430,49
307,283,45,270,539,0,0,0,1411,489,-1675,3,下位,0,0,0
24,24,0,270,539,0,1,283,1411,489,-1675,3,下位,0,283,45
449,136,92,123,246,0,0,0,307,539,-1586,5,下位,0,0,0
313,266,55,123,246,0,1,136,307,539,-1586,5,下位,0,136,37
47,47,0,123,246,0,2,402,307,539,-1586,5,下位,0,266,55
513,513,0,34,67,0,0,0,449,246,-1972,1,下位,0,0,0
1015,1015,0,44,89,0,0,0,513,67,-2732,1,下位,0,0,0
56,56,0,90,181,0,0,0,1015,89,-4280,1,下位,0,0,0
52,52,0,72,143,0,0,0,56,181,-4189,1,下位,0,0,0
432,432,0,500,998,1,0,0,0,0,1,0,下位,0,0,0
473,38,47,311,622,0,0,0,432,998,302,8,下位,0,0,0
435,435,0,311,622,0,1,38,432,998,302,8,下位,0,38,47
577,577,0,156,311,0,0,0,473,622,208,5,下位,0,0,0
148,140,37,162,323,0,0,0,577,311,-412,2,下位,0,0,0
8,8,0,162,323,0,1,140,577,311,-412,2,下位,0,140,37
201,18,35,1154,2306,1,0,0,0,0,1,0,下位,0,0,0
183,183,0,1154,2306,1,1,18,0,0,1,0,下位,0,18,35
601,101,68,112,223,0,0,0,201,2306,2018,13,下位,0,0,0
500,429,35,112,223,0,1,101,201,2306,2018,13,下位,0,101,33
71,71,0,112,223,0,2,530,201,2306,2018,13,下位,0,429,35
371,371,0,454,907,0,0,0,601,223,1339,1,下位,0,0,0
150,150,0,132,263,0,0,0,371,907,1648,8,下位,0,0,0
124,124,0,180,361,0,0,0,150,263,1669,2,下位,0,0,0
437,437,0,202,403,0,0,0,124,361,1830,4,下位,0,0,0
93,93,0,717,1376,0,0,0,437,403,1528,4,下位,0,0,0
1306,429,54,876,1753,1,0,0,0,0,1,0,下位,0,0,0
877,435,17,876,1753,1,1,429,0,0,1,0,下位,0,429,37
442,442,0,876,1753,1,2,864,0,0,1,0,下位,0,435,17
519,182,118,76,151,0,0,0,1306,1753,-299,8,下位,0,0,0
337,337,0,76,151,0,1,182,1306,1753,-299,8,下位,0,182,118
195,195,0,84,169,0,0,0,519,151,-868,1,下位,0,0,0
36,36,0,720,1439,0,0,0,195,169,-1014,1,下位,0,0,0
157,157,0,210,419,0,0,0,36,1439,367,8,下位,0,0,0
165,165,0,90,179,1,0,0,0,0,1,0,下位,0,0,0
150,150,0,586,1169,0,0,0,165,179,-86,2,下位,0,0,0
343,343,0,130,259,0,0,0,150,1169,841,7,下位,0,0,0
883,783,43,100,201,0,0,0,343,259,547,4,下位,0,0,0
100,100,0,100,201,0,1,783,343,259,547,4,下位,0,783,43
112,57,51,148,295,0,0,0,883,201,-633,2,下位,0,0,0
55,55,0,148,295,0,1,57,883,201,-633,2,下位,0,57,51
92,92,0,146,291,0,0,0,112,295,-468,2,下位,0,0,0
59,59,0,454,906,0,0,0,92,291,-325,1,下位,0,0,0
598,598,0,110,219,0,0,0,59,906,486,5,下位,0,0,0
317,317,0,570,1139,0,0,0,598,219,-260,1,下位,0,0,0
207,163,23,46,93,0,0,0,317,1139,368,5,下位,0,0,0
44,44,0,46,93,0,1,163,317,1139,368,5,下位,0,163,23
197,197,0,116,230,0,0,0,207,93,150,1,下位,0,0,0
184,99,35,706,1410,0,0,0,197,230,62,1,下位,0,0,0
85,85,0,706,1410,0,1,99,197,230,62,1,下位,0,99,35
336,336,0,40,80,0,0,0,184,1410,1210,9,下位,0,0,0
136,136,0,184,367,0,0,0,336,80,748,1,下位,0,0,0
195,195,0,526,1054,0,0,0,136,367,896,3,下位,0,0,0
317,175,45,2090,4118,1,0,0,0,0,1,0,下位,0,0,0
142,142,0,2090,4118,1,1,175,0,0,1,0,下位,0,175,45
271,271,0,304,610,0,0,0,317,4118,3653,23,下位,0,0,0
37,37,0,36,73,0,0,0,271,610,3826,6,下位,0,0,0
690,659,26,36,71,0,0,0,37,73,3839,2,下位,0,0,0
31,31,0,36,71,0,1,659,37,73,3839,2,下位,0,659,26
87,87,0,336,671,0,0,0,690,71,2823,1,下位,0,0,0
321,321,0,394,790,0,0,0,87,671,3354,2,下位,0,0,0
631,631,0,826,1651,0,0,0,321,790,3626,9,下位,0,0,0
154,154,0,58,115,0,0,0,631,1651,4259,18,下位,0,0,0
749,749,0,416,831,0,0,0,154,115,4126,1,下位,0,0,0
438,253,73,1264,2528,1,0,0,0,0,1,0,下位,0,0,0
185,185,0,1264,2528,1,1,253,0,0,1,0,下位,0,253,73
152,152,0,70,141,0,0,0,438,2528,1896,12,下位,0,0,0
643,502,32,214,426,0,0,0,152,141,1792,1,下位,0,0,0
141,141,0,214,426,0,1,502,152,141,1792,1,下位,0,502,32
591,591,0,460,921,0,0,0,643,426,1213,6,下位,0,0,0
178,178,0,172,343,0,0,0,591,921,1181,6,下位,0,0,0
103,103,0,168,335,0,0,0,178,343,1237,4,下位,0,0,0
63,63,0,66,133,0,0,0,103,335,1406,2,下位,0,0,0
433,433,0,54,107,0,0,0,63,133,1437,1,下位,0,0,0
431,431,0,302,605,0,0,0,433,107,846,1,下位,0,0,0
294,294,0,78,157,0,0,0,431,605,756,4,下位,0,0,0
419,419,0,382,765,0,0,0,294,157,439,1,下位,0,0,0
327,192,31,272,543,0,0,0,419,765,528,5,下位,0,0,0
135,135,0,272,543,0,1,192,419,765,528,5,下位,0,192,31
103,103,0,516,1033,0,0,0,327,543,574,4,下位,0,0,0
110,110,0,44,87,0,0,0,103,1033,1441,9,下位,0,0,0
156,156,0,98,195,1,0,0,0,0,1,0,下位,0,0,0
629,629,0,78,155,0,0,0,156,195,-56,3,下位,0,0,0
85,85,0,278,556,0,0,0,629,155,-916,1,下位,0,0,0
120,120,0,86,171,0,0,0,85,556,-497,3,下位,0,0,0
467,467,0,204,407,0,0,0,120,171,-520,1,下位,0,0,0
162,162,0,100,200,0,0,0,467,407,-866,4,下位,0,0,0
668,402,39,504,1008,0,0,0,162,200,-927,2,下位,0,0,0
266,266,0,504,1008,0,1,402,162,200,-927,2,下位,0,402,39
190,190,0,88,175,0,0,0,668,1008,-957,7,下位,0,0,0
380,380,0,478,958,0,0,0,190,175,-1088,1,下位,0,0,0
165,165,0,1108,2214,0,0,0,380,958,-743,6,下位,0,0,0
168,168,0,898,1738,0,0,0,165,2214,1205,11,下位,0,0,0
152,152,0,32,64,0,0,0,168,1738,2672,14,下位,0,0,0
430,430,0,48,95,1,0,0,0,0,1,0,下位,0,0,0
34,34,0,162,323,0,0,0,430,95,-598,1,下位,0,0,0
225,165,41,112,225,0,0,0,34,323,-330,3,下位,0,0,0
60,60,0,112,225,0,1,165,34,323,-330,3,下位,0,165,41
133,133,0,504,1009,0,0,0,225,225,-427,2,下位,0,0,0
564,564,0,1196,2395,0,0,0,133,1009,367,4,下位,0,0,0
33,33,0,160,319,0,0,0,564,2395,1852,14,下位,0,0,0
1015,1015,0,54,109,0,0,0,33,319,2118,2,下位,0,0,0
284,284,0,48,95,0,0,0,1015,109,590,1,下位,0,0,0
123,123,0,682,1363,0,0,0,284,95,227,1,下位,0,0,0
734,117,84,1228,2397,0,0,0,123,1363,1392,11,下位,0,0,0
617,432,47,1228,2397,0,1,117,123,1363,1392,11,下位,0,117,37
185,185,0,1228,2397,0,2,549,123,1363,1392,11,下位,0,432,47
171,171,0,116,231,0,0,0,734,2397,2689,18,下位,0,0,0
872,435,49,398,795,1,0,0,0,0,1,0,下位,0,0,0
437,437,0,398,795,1,1,435,0,0,1,0,下位,0,435,49
79,79,0,748,1496,0,0,0,872,795,-562,5,下位,0,0,0
131,131,0,86,171,0,0,0,79,1496,807,8,下位,0,0,0
32,32,0,607,1214,0,0,0,131,171,767,1,下位,0,0,0
440,50,98,160,319,1,0,0,0,0,1,0,下位,0,0,0
390,147,51,160,319,1,1,50,0,0,1,0,下位,0,50,47
243,243,0,160,319,1,2,197,0,0,1,0,下位,0,147,51
793,162,86,390,780,0,0,0,440,319,-292,3,下位,0,0,0
631,437,53,390,780,0,1,162,440,319,-292,3,下位,0,162,33
194,194,0,390,780,0,2,599,440,319,-292,3,下位,0,437,53
259,259,0,472,943,0,0,0,793,780,-705,5,下位,0,0,0
130,130,0,26,51,0,0,0,259,943,-180,4,下位,0,0,0
1010,1010,0,194,387,0,0,0,130,51,-339,1,下位,0,0,0
857,429,17,150,300,0,0,0,1010,387,-1581,3,下位,0,0,0
428,428,0,150,300,0,1,429,1010,387,-1581,3,下位,0,429,17
307,94,48,110,219,1,0,0,0,0,1,0,下位,0,0,0
213,146,31,110,219,1,1,94,0,0,1,0,下位,0,94,17
67,67,0,110,219,1,2,240,0,0,1,0,下位,0,146,31
400,400,0,194,389,0,0,0,307,219,-227,1,下位,0,0,0
679,250,53,348,697,1,0,0,0,0,1,0,下位,0,0,0
429,429,0,348,697,1,1,250,0,0,1,0,下位,0,250,53
365,30,51,1062,2127,0,0,0,679,697,-344,6,下位,0,0,0
335,335,0,1062,2127,0,1,30,679,697,-344,6,下位,0,30,51
432,432,0,582,1163,1,0,0,0,0,1,0,下位,0,0,0
155,155,0,52,105,0,0,0,432,1163,467,6,下位,0,0,0
624,194,51,32,65,0,0,0,155,105,322,1,下位,0,0,0
430,430,0,32,65,0,1,194,155,105,322,1,下位,0,194,51
135,135,0,394,786,0,0,0,624,65,-569,1,下位,0,0,0
118,118,0,116,233,0,0,0,135,786,-1,6,下位,0,0,0
207,207,0,86,173,0,0,0,118,233,42,2,下位,0,0,0
132,132,0,258,517,0,0,0,207,173,-119,1,下位,0,0,0
713,381,67,688,1378,0,0,0,132,517,185,3,下位,0,0,0
332,304,40,688,1378,0,1,381,132,517,185,3,下位,0,381,27
28,28,0,688,1378,0,2,685,132,517,185,3,下位,0,304,40
368,368,0,150,302,0,0,0,713,1378,480,12,下位,0,0,0
68,68,0,1348,2633,1,0,0,0,0,1,0,下位,0,0,0
16,16,0,50,101,0,0,0,68,2633,2524,11,下位,0,0,0
573,331,49,114,229,0,0,0,16,101,2599,2,下位,0,0,0
242,242,0,114,229,0,1,331,16,101,2599,2,下位,0,331,49
192,192,0,316,631,0,0,0,573,229,1953,2,下位,0,0,0
436,436,0,70,139,1,0,0,0,0,1,0,下位,0,0,0
1438,390,137,280,562,0,0,0,436,139,-563,2,下位,0,0,0
1048,433,92,280,562,0,1,390,436,139,-563,2,下位,0,390,45
615,266,51,280,562,0,2,823,436,139,-563,2,下位,0,433,41
349,349,0,280,562,0,3,1089,436,139,-563,2,下位,0,266,51
221,221,0,148,295,1,0,0,0,0,1,0,下位,0,0,0
1120,144,142,60,121,0,0,0,221,295,-60,3,下位,0,0,0
976,146,110,60,121,0,1,144,221,295,-60,3,下位,0,144,32
830,433,55,60,121,0,2,290,221,295,-60,3,下位,0,146,55
397,397,0,60,121,0,3,723,221,295,-60,3,下位,0,433,55
934,934,0,744,1489,0,0,0,1120,121,-1602,2,下位,0,0,0
362,362,0,90,179,0,0,0,934,1489,-1619,10,下位,0,0,0
222,222,0,102,203,0,0,0,362,179,-2024,2,下位,0,0,0
749,70,144,440,880,1,0,0,0,0,1,0,下位,0,0,0
679,84,119,440,880,1,1,70,0,0,1,0,下位,0,70,25
595,407,82,440,880,1,2,154,0,0,1,0,下位,0,84,37
188,32,49,440,880,1,3,561,0,0,1,0,下位,0,407,33
156,156,0,440,880,1,4,593,0,0,1,0,下位,0,32,49
644,306,17,98,195,0,0,0,749,880,-183,9,下位,0,0,0
338,338,0,98,195,0,1,306,749,880,-183,9,下位,0,306,17
837,404,55,326,653,0,0,0,644,195,-1010,1,下位,0,0,0
433,433,0,326,653,0,1,404,644,195,-1010,1,下位,0,404,55
326,326,0,170,340,0,0,0,837,653,-1652,7,下位,0,0,0
81,81,0,124,247,0,0,0,326,340,-1838,2,下位,0,0,0
120,120,0,460,921,0,0,0,81,247,-1722,1,下位,0,0,0
202,202,0,122,243,0,0,0,120,921,-995,7,下位,0,0,0
174,174,0,138,275,1,0,0,0,0,1,0,下位,0,0,0
599,440,49,776,1551,0,0,0,174,275,-5,2,下位,0,0,0
159,159,0,776,1551,0,1,440,174,275,-5,2,下位,0,440,49
291,56,35,252,505,0,0,0,599,1551,629,8,下位,0,0,0
235,235,0,252,505,0,1,56,599,1551,629,8,下位,0,56,35
894,27,76,34,69,0,0,0,291,505,700,5,下位,0,0,0
867,438,39,34,69,0,1,27,291,505,700,5,下位,0,27,37
429,429,0,34,69,0,2,465,291,505,700,5,下位,0,438,39
461,92,53,350,701,0,0,0,894,69,-597,1,下位,0,0,0
369,369,0,350,701,0,1,92,894,69,-597,1,下位,0,92,53
538,538,0,216,432,0,0,0,461,701,-586,6,下位,0,0,0
1091,658,53,474,951,0,0,0,538,432,-1022,2,下位,0,0,0
433,433,0,474,951,0,1,658,538,432,-1022,2,下位,0,658,53
448,434,33,46,93,1,0,0,0,0,1,0,下位,0,0,0
14,14,0,46,93,1,1,434,0,0,1,0,下位,0,434,33
705,705,0,442,885,0,0,0,448,93,-596,1,下位,0,0,0
990,477,102,38,75,0,0,0,705,885,-848,8,下位,0,0,0
513,80,47,38,75,0,1,477,705,885,-848,8,下位,0,477,55
433,433,0,38,75,0,2,557,705,885,-848,8,下位,0,80,47
117,117,0,190,379,0,0,0,990,75,-2267,1,下位,0,0,0
345,345,0,962,1924,0,0,0,117,379,-2077,3,下位,0,0,0
157,157,0,345,690,1,0,0,0,0,1,0,下位,0,0,0
42,42,0,146,293,0,0,0,157,690,438,4,下位,0,0,0
439,439,0,156,311,0,0,0,42,293,663,2,下位,0,0,0
160,160,0,456,910,0,0,0,439,311,266,1,下位,0,0,0
469,469,0,204,409,0,0,0,160,910,918,4,下位,0,0,0
169,169,0,494,987,0,0,0,469,409,571,5,下位,0,0,0
192,192,0,92,183,0,0,0,169,987,1285,6,下位,0,0,0
711,711,0,1022,2043,0,0,0,192,183,1158,1,下位,0,0,0
301,301,0,88,175,0,0,0,711,2043,2054,17,下位,0,0,0
199,107,104,644,1230,0,0,0,301,175,1744,2,下位,0,0,0
92,33,53,644,1230,0,1,107,301,175,1744,2,下位,0,107,51
59,59,0,644,1230,0,2,140,301,175,1744,2,下位,0,33,53
143,143,0,192,383,1,0,0,0,0,1,0,下位,0,0,0
234,157,76,96,191,0,0,0,143,383,153,4,下位,0,0,0
77,56,25,96,191,0,1,157,143,383,153,4,下位,0,157,51
21,21,0,96,191,0,2,213,143,383,153,4,下位,0,56,25
570,132,45,380,759,0,0,0,234,191,43,1,下位,0,0,0
438,438,0,380,759,0,1,132,234,191,43,1,下位,0,132,45
218,218,0,126,252,0,0,0,570,759,-72,5,下位,0,0,0
754,754,0,94,189,0,0,0,218,252,-172,1,下位,0,0,0
438,142,45,204,407,1,0,0,0,0,1,0,下位,0,0,0
296,296,0,204,407,1,1,142,0,0,1,0,下位,0,142,45
348,348,0,258,518,0,0,0,438,407,-253,6,下位,0,0,0
43,43,0,50,101,1,0,0,0,0,1,0,下位,0,0,0
2074,1011,126,414,831,0,0,0,43,101,33,1,下位,0,0,0
1063,430,81,414,831,0,1,1011,43,101,33,1,下位,0,1011,45
633,103,52,414,831,0,2,1441,43,101,33,1,下位,0,430,29
530,359,19,414,831,0,3,1544,43,101,33,1,下位,0,103,33
171,171,0,414,831,0,4,1903,43,101,33,1,下位,0,359,19
148,148,0,108,217,0,0,0,2074,831,-2356,7,下位,0,0,0
173,173,0,108,217,0,0,0,148,217,-2378,1,下位,0,0,0
276,276,0,568,1136,0,0,0,173,217,-2440,2,下位,0,0,0
612,179,120,536,1070,0,0,0,276,1136,-1749,9,下位,0,0,0
433,433,0,536,1070,0,1,179,276,1136,-1749,9,下位,0,179,120
716,353,29,88,175,1,0,0,0,0,1,0,下位,0,0,0
363,363,0,88,175,1,1,353,0,0,1,0,下位,0,353,29
278,278,0,62,123,0,0,0,716,175,-949,1,下位,0,0,0
583,151,89,950,1900,0,0,0,278,123,-1274,2,下位,0,0,0
432,230,54,950,1900,0,1,151,278,123,-1274,2,下位,0,151,35
202,202,0,950,1900,0,2,381,278,123,-1274,2,下位,0,230,54
1388,671,88,204,408,0,0,0,583,1900,-226,18,下位,0,0,0
717,434,45,204,408,0,1,671,583,1900,-226,18,下位,0,671,43
283,283,0,204,408,0,2,1105,583,1900,-226,18,下位,0,434,45
462,462,0,160,321,0,0,0,1388,408,-1968,4,下位,0,0,0
163,163,0,1702,3347,0,0,0,462,321,-2392,3,下位,0,0,0
430,430,0,244,489,1,0,0,0,0,1,0,下位,0,0,0
220,220,0,88,177,0,0,0,430,489,-204,4,下位,0,0,0
536,536,0,38,77,0,0,0,220,177,-382,1,下位,0,0,0
1015,670,45,282,566,0,0,0,536,77,-1170,1,下位,0,0,0
345,345,0,282,566,0,1,670,536,77,-1170,1,下位,0,670,45
1383,850,83,106,213,0,0,0,1015,566,-2196,3,下位,0,0,0
533,100,51,106,213,0,1,850,1015,566,-2196,3,下位,0,850,32
433,433,0,106,213,0,2,950,1015,566,-2196,3,下位,0,100,51
691,436,37,304,608,1,0,0,0,0,1,0,下位,0,0,0
255,255,0,304,608,1,1,436,0,0,1,0,下位,0,436,37
153,153,0,140,279,0,0,0,691,608,-468,6,下位,0,0,0
1194,1011,29,356,711,0,0,0,153,279,-436,3,下位,0,0,0
183,183,0,356,711,0,1,1011,153,279,-436,3,下位,0,1011,29
435,435,0,700,1398,1,0,0,0,0,1,0,下位,0,0,0
309,231,88,232,465,0,0,0,435,1398,697,7,下位,0,0,0
78,25,45,232,465,0,1,231,435,1398,697,7,下位,0,231,43
53,53,0,232,465,0,2,256,435,1398,697,7,下位,0,25,45
363,363,0,76,151,0,0,0,309,465,752,3,下位,0,0,0
681,444,33,822,1643,0,0,0,363,151,318,1,下位,0,0,0
237,237,0,822,1643,0,1,444,363,151,318,1,下位,0,444,33
393,393,0,816,1634,0,0,0,681,1643,896,12,下位,0,0,0
438,438,0,80,161,1,0,0,0,0,1,0,下位,0,0,0
359,211,43,498,998,0,0,0,438,161,-544,1,下位,0,0,0
148,148,0,498,998,0,1,211,438,161,-544,1,下位,0,211,43
394,310,37,418,837,0,0,0,359,998,-82,5,下位,0,0,0
84,84,0,418,837,0,1,310,359,998,-82,5,下位,0,310,37
503,173,33,2422,4782,0,0,0,394,837,157,5,下位,0,0,0
330,330,0,2422,4782,0,1,173,394,837,157,5,下位,0,173,33
218,218,0,40,81,0,0,0,503,4782,4161,31,下位,0,0,0
1007,1007,0,84,167,0,0,0,218,81,3890,1,下位,0,0,0
1116,311,159,856,1713,1,0,0,0,0,1,0,下位,0,0,0
805,430,104,856,1713,1,1,311,0,0,1,0,下位,0,311,55
375,180,51,856,1713,1,2,741,0,0,1,0,下位,0,430,53
195,195,0,856,1713,1,3,921,0,0,1,0,下位,0,180,51
232,150,41,36,71,0,0,0,1116,1713,72,11,下位,0,0,0
82,82,0,36,71,0,1,150,1116,1713,72,11,下位,0,150,41
432,432,0,183,366,1,0,0,0,0,1,0,下位,0,0,0
217,217,0,330,661,0,0,0,432,366,-330,1,下位,0,0,0
175,175,0,142,285,0,0,0,217,661,-19,5,下位,0,0,0
159,159,0,72,143,0,0,0,175,285,-16,2,下位,0,0,0
154,154,0,142,283,0,0,0,159,143,-129,1,下位,0,0,0
338,338,0,222,443,0,0,0,154,283,-94,2,下位,0,0,0
272,272,0,858,1716,0,0,0,338,443,-196,4,下位,0,0,0
556,556,0,316,631,0,0,0,272,1716,1081,12,下位,0,0,0
111,111,0,140,281,1,0,0,0,0,1,0,下位,0,0,0
750,155,102,117,234,0,0,0,111,281,103,2,下位,0,0,0
595,435,55,117,234,0,1,155,111,281,103,2,下位,0,155,47
160,160,0,117,234,0,2,590,111,281,103,2,下位,0,435,55
355,355,0,176,353,0,0,0,750,234,-771,1,下位,0,0,0
382,211,23,70,141,0,0,0,355,353,-991,2,下位,0,0,0
171,171,0,70,141,0,1,211,355,353,-991,2,下位,0,211,23
428,428,0,254,509,0,0,0,382,141,-1443,1,下位,0,0,0
145,145,0,80,161,0,0,0,428,509,-1624,3,下位,0,0,0
160,160,0,594,1189,1,0,0,0,0,1,0,下位,0,0,0
961,155,125,354,706,0,0,0,160,1189,932,12,下位,0,0,0
806,294,82,354,706,0,1,155,160,1189,932,12,下位,0,155,43
512,429,43,354,706,0,2,449,160,1189,932,12,下位,0,294,39
83,83,0,354,706,0,3,878,160,1189,932,12,下位,0,429,43
1015,1015,0,76,153,0,0,0,961,706,213,7,下位,0,0,0
47,47,0,1062,2124,0,0,0,1015,153,-1271,1,下位,0,0,0
360,360,0,62,123,0,0,0,47,2124,777,14,下位,0,0,0
651,221,45,264,527,1,0,0,0,0,1,0,下位,0,0,0
430,430,0,264,527,1,1,221,0,0,1,0,下位,0,221,45
484,55,41,332,663,0,0,0,651,527,-477,3,下位,0,0,0
429,429,0,332,663,0,1,55,651,527,-477,3,下位,0,55,41
127,42,47,54,107,0,0,0,484,663,-554,4,下位,0,0,0
85,85,0,54,107,0,1,42,484,663,-554,4,下位,0,42,47
30,30,0,64,128,0,0,0,127,107,-605,1,下位,0,0,0
570,136,41,698,1397,0,0,0,30,128,-525,2,下位,0,0,0
434,434,0,698,1397,0,1,136,30,128,-525,2,下位,0,136,41
257,163,51,88,177,0,0,0,570,1397,-6,11,下位,0,0,0
94,94,0,88,177,0,1,163,570,1397,-6,11,下位,0,163,51
235,87,54,192,384,0,0,0,257,177,-193,2,下位,0,0,0
148,148,0,192,384,0,1,87,257,177,-193,2,下位,0,87,54
301,301,0,650,1302,1,0,0,0,0,1,0,下位,0,0,0
222,222,0,142,283,0,0,0,301,1302,818,8,下位,0,0,0
872,872,0,46,93,0,0,0,222,283,743,3,下位,0,0,0
121,121,0,554,1110,0,0,0,872,93,-570,1,下位,0,0,0
157,157,0,52,103,1,0,0,0,0,1,0,下位,0,0,0
165,165,0,84,167,0,0,0,157,103,-149,1,下位,0,0,0
215,54,35,44,87,0,0,0,165,167,-248,1,下位,0,0,0
161,161,0,44,87,0,1,54,165,167,-248,1,下位,0,54,35
483,483,0,108,215,0,0,0,215,87,-473,1,下位,0,0,0
285,285,0,214,429,0,0,0,483,215,-1037,3,下位,0,0,0
135,135,0,633,1267,0,0,0,285,429,-1068,3,下位,0,0,0
429,429,0,822,1643,0,0,0,135,1267,-19,5,下位,0,0,0
706,706,0,194,389,0,0,0,429,1643,932,12,下位,0,0,0
275,275,0,366,730,0,0,0,706,389,182,2,下位,0,0,0
32,32,0,376,753,0,0,0,275,730,468,3,下位,0,0,0
178,178,0,490,981,0,0,0,32,753,1169,5,下位,0,0,0
433,433,0,122,245,1,0,0,0,0,1,0,下位,0,0,0
1347,30,208,204,409,0,0,0,433,245,-452,2,下位,0,0,0
1317,225,159,204,409,0,1,30,433,245,-452,2,下位,0,30,49
1092,347,110,204,409,0,2,255,433,245,-452,2,下位,0,225,49
745,429,53,204,409,0,3,602,433,245,-452,2,下位,0,347,57
316,316,0,204,409,0,4,1031,433,245,-452,2,下位,0,429,53
271,162,27,80,159,0,0,0,1347,409,-2008,7,下位,0,0,0
109,109,0,80,159,0,1,162,1347,409,-2008,7,下位,0,162,27
309,309,0,186,371,1,0,0,0,0,1,0,下位,0,0,0
302,302,0,154,309,0,0,0,309,371,-126,3,下位,0,0,0
237,237,0,384,768,0,0,0,302,309,-304,2,下位,0,0,0
64,64,0,90,179,0,0,0,237,768,82,5,下位,0,0,0
261,261,0,1246,2493,0,0,0,64,179,158,1,下位,0,0,0
709,709,0,56,110,0,0,0,261,2493,2230,19,下位,0,0,0
24,24,0,156,313,0,0,0,709,110,1196,1,下位,0,0,0
362,362,0,32,65,0,0,0,24,313,1470,2,下位,0,0,0
306,306,0,110,219,1,0,0,0,0,1,0,下位,0,0,0
347,347,0,1310,2621,0,0,0,306,219,-274,1,下位,0,0,0
264,264,0,350,700,0,0,0,347,2621,1787,14,下位,0,0,0
135,135,0,128,257,0,0,0,264,700,2061,4,下位,0,0,0
1488,1021,72,402,803,0,0,0,135,257,2100,3,下位,0,0,0
467,432,33,402,803,0,1,1021,135,257,2100,3,下位,0,1021,39
35,35,0,402,803,0,2,1453,135,257,2100,3,下位,0,432,33
274,274,0,90,179,1,0,0,0,0,1,0,下位,0,0,0
371,371,0,248,494,0,0,0,274,179,-262,1,下位,0,0,0
567,152,57,212,424,0,0,0,371,494,-366,3,下位,0,0,0
415,415,0,212,424,0,1,152,371,494,-366,3,下位,0,152,57
423,423,0,56,111,1,0,0,0,0,1,0,下位,0,0,0
230,189,43,304,608,0,0,0,423,111,-570,1,下位,0,0,0
41,41,0,304,608,0,1,189,423,111,-570,1,下位,0,189,43
740,254,88,1076,2151,0,0,0,230,608,-290,2,下位,0,0,0
486,52,53,1076,2151,0,1,254,230,608,-290,2,下位,0,254,35
434,434,0,1076,2151,0,2,306,230,608,-290,2,下位,0,52,53
569,435,33,90,181,0,0,0,740,2151,755,13,下位,0,0,0
134,134,0,90,181,0,1,435,740,2151,755,13,下位,0,435,33
141,141,0,24,49,0,0,0,569,181,51,1,下位,0,0,0
17,17,0,290,579,0,0,0,141,49,-127,2,下位,0,0,0
177,177,0,120,241,1,0,0,0,0,1,0,下位,0,0,0
328,328,0,441,881,0,0,0,177,241,-43,2,下位,0,0,0
726,292,43,146,292,0,0,0,328,881,309,5,下位,0,0,0
434,434,0,146,292,0,1,292,328,881,309,5,下位,0,292,43
439,439,0,52,103,0,0,0,726,292,-527,4,下位,0,0,0
169,169,0,82,165,1,0,0,0,0,1,0,下位,0,0,0
255,94,37,178,357,0,0,0,169,165,-107,1,下位,0,0,0
161,161,0,178,357,0,1,94,169,165,-107,1,下位,0,94,37
752,563,59,1180,2359,0,0,0,255,357,-125,3,下位,0,0,0
189,189,0,1180,2359,0,1,563,255,357,-125,3,下位,0,563,59
470,126,43,76,153,0,0,0,752,2359,1080,13,下位,0,0,0
344,344,0,76,153,0,1,126,752,2359,1080,13,下位,0,126,43
165,165,0,72,143,0,0,0,470,153,518,1,下位,0,0,0
904,37,82,256,511,1,0,0,0,0,1,0,下位,0,0,0
867,433,41,256,511,1,1,37,0,0,1,0,下位,0,37,41
434,434,0,256,511,1,2,470,0,0,1,0,下位,0,433,41
404,404,0,74,148,0,0,0,904,511,-864,4,下位,0,0,0
54,54,0,116,233,0,0,0,404,148,-1368,1,下位,0,0,0
66,66,0,146,292,0,0,0,54,233,-1222,2,下位,0,0,0
168,168,0,168,335,0,0,0,66,292,-1036,1,下位,0,0,0
57,57,0,140,281,0,0,0,168,335,-972,1,下位,0,0,0
849,440,89,34,69,1,0,0,0,0,1,0,下位,0,0,0
409,11,66,34,69,1,1,440,0,0,1,0,下位,0,440,23
398,198,39,34,69,1,2,451,0,0,1,0,下位,0,11,27
200,200,0,34,69,1,3,649,0,0,1,0,下位,0,198,39
261,156,41,84,169,0,0,0,849,69,-1211,1,下位,0,0,0
105,105,0,84,169,0,1,156,849,69,-1211,1,下位,0,156,41
1015,1015,0,464,929,0,0,0,261,169,-1422,1,下位,0,0,0
136,136,0,204,408,0,0,0,1015,929,-2130,5,下位,0,0,0
71,71,0,58,117,0,0,0,136,408,-1941,3,下位,0,0,0
40,40,0,216,432,0,0,0,71,117,-1939,1,下位,0,0,0
554,554,0,330,659,0,0,0,40,432,-1572,5,下位,0,0,0
184,184,0,84,167,1,0,0,0,0,1,0,下位,0,0,0
88,88,0,374,748,0,0,0,184,167,-129,1,下位,0,0,0
723,101,90,80,159,0,0,0,88,748,477,3,下位,0,0,0
622,188,49,80,159,0,1,101,88,748,477,3,下位,0,101,41
434,434,0,80,159,0,2,289,88,748,477,3,下位,0,188,49
325,164,45,302,605,0,0,0,723,159,-440,1,下位,0,0,0
161,161,0,302,605,0,1,164,723,159,-440,1,下位,0,164,45
1043,607,29,72,145,0,0,0,325,605,-315,4,下位,0,0,0
436,436,0,72,145,0,1,607,325,605,-315,4,下位,0,607,29
83,83,0,982,1965,1,0,0,0,0,1,0,下位,0,0,0
290,290,0,1946,3771,0,0,0,83,1965,1832,12,下位,0,0,0
208,208,0,112,223,0,0,0,290,3771,5135,26,下位,0,0,0
752,180,102,48,95,0,0,0,208,223,5023,2,下位,0,0,0
572,435,57,48,95,0,1,180,208,223,5023,2,下位,0,180,45
137,137,0,48,95,0,2,615,208,223,5023,2,下位,0,435,57
523,523,0,166,330,0,0,0,752,95,4007,1,下位,0,0,0
391,155,45,226,453,0,0,0,523,330,3493,1,下位,0,0,0
236,236,0,226,453,0,1,155,523,330,3493,1,下位,0,155,45
244,244,0,46,93,0,0,0,391,453,3360,2,下位,0,0,0
151,151,0,124,249,1,0,0,0,0,1,0,下位,0,0,0
151,151,0,108,217,0,0,0,151,249,6,2,下位,0,0,0
325,325,0,68,135,0,0,0,151,217,-21,3,下位,0,0,0
452,452,0,130,259,0,0,0,325,135,-410,1,下位,0,0,0
1573,1016,74,88,175,0,0,0,452,259,-880,2,下位,0,0,0
557,432,51,88,175,0,1,1016,452,259,-880,2,下位,0,1016,23
125,125,0,88,175,0,2,1448,452,259,-880,2,下位,0,432,51
467,300,30,144,287,1,0,0,0,0,1,0,下位,0,0,0
167,167,0,144,287,1,1,300,0,0,1,0,下位,0,300,30
296,296,0,398,795,0,0,0,467,287,-435,2,下位,0,0,0
287,73,41,450,898,0,0,0,296,795,-117,5,下位,0,0,0
214,214,0,450,898,0,1,73,296,795,-117,5,下位,0,73,41
263,263,0,54,109,0,0,0,287,898,359,8,下位,0,0,0
338,174,51,166,331,0,0,0,263,109,44,1,下位,0,0,0
164,164,0,166,331,0,1,174,263,109,44,1,下位,0,174,51
146,146,0,1012,2022,0,0,0,338,331,-120,3,下位,0,0,0
52,52,0,4144,8131,0,0,0,146,2022,1667,14,下位,0,0,0
1046,1014,43,70,141,0,0,0,52,8131,9714,21,下位,0,0,0
32,32,0,70,141,0,1,1014,52,8131,9714,21,下位,0,1014,43
432,432,0,240,479,1,0,0,0,0,1,0,下位,0,0,0
564,564,0,46,93,0,0,0,432,479,-217,4,下位,0,0,0
158,158,0,74,149,0,0,0,564,93,-1034,1,下位,0,0,0
696,696,0,186,373,0,0,0,158,149,-1140,2,下位,0,0,0
874,72,80,72,143,0,0,0,696,373,-1890,3,下位,0,0,0
802,443,39,72,143,0,1,72,696,373,-1890,3,下位,0,72,41
359,359,0,72,143,0,2,515,696,373,-1890,3,下位,0,443,39
486,46,59,184,367,0,0,0,874,143,-3077,1,下位,0,0,0
440,440,0,184,367,0,1,46,874,143,-3077,1,下位,0,46,59
163,163,0,546,1091,0,0,0,486,367,-3435,3,下位,0,0,0
696,696,0,210,422,0,0,0,163,1091,-2607,8,下位,0,0,0
360,360,0,304,608,1,0,0,0,0,1,0,下位,0,0,0
1014,1014,0,304,607,0,0,0,360,608,28,6,下位,0,0,0
637,35,84,78,157,0,0,0,1014,607,-1000,4,下位,0,0,0
602,429,35,78,157,0,1,35,1014,607,-1000,4,下位,0,35,49
173,173,0,78,157,0,2,464,1014,607,-1000,4,下位,0,429,35
333,333,0,128,257,0,0,0,637,157,-1786,1,下位,0,0,0
1038,282,68,54,109,0,0,0,333,257,-2066,3,下位,0,0,0
756,327,33,54,109,0,1,282,333,257,-2066,3,下位,0,282,35
429,429,0,54,109,0,2,609,333,257,-2066,3,下位,0,327,33
1094,225,149,272,543,1,0,0,0,0,1,0,下位,0,0,0
869,270,116,272,543,1,1,225,0,0,1,0,下位,0,225,33
599,169,47,272,543,1,2,495,0,0,1,0,下位,0,270,69
430,430,0,272,543,1,3,664,0,0,1,0,下位,0,169,47
706,706,0,114,227,0,0,0,1094,543,-1072,4,下位,0,0,0
498,67,47,48,95,0,0,0,706,227,-1984,3,下位,0,0,0
431,431,0,48,95,0,1,67,706,227,-1984,3,下位,0,67,47
1014,1014,0,200,401,0,0,0,498,95,-2645,1,下位,0,0,0
366,366,0,1140,2281,1,0,0,0,0,1,0,下位,0,0,0
357,357,0,706,1350,0,0,0,366,2281,1692,18,下位,0,0,0
1016,1016,0,332,663,0,0,0,357,1350,2466,9,下位,0,0,0
157,157,0,212,425,0,0,0,1016,663,1490,6,下位,0,0,0
146,146,0,108,217,1,0,0,0,0,1,0,下位,0,0,0
799,657,55,1684,3305,0,0,0,146,217,-17,3,下位,0,0,0
142,142,0,1684,3305,0,1,657,146,217,-17,3,下位,0,657,55
43,43,0,114,227,0,0,0,799,3305,2054,21,下位,0,0,0
140,140,0,50,98,0,0,0,43,227,2212,2,下位,0,0,0
616,616,0,86,173,0,0,0,140,98,2084,1,下位,0,0,0
383,383,0,170,341,0,0,0,616,173,1263,1,下位,0,0,0
861,429,43,210,419,1,0,0,0,0,1,0,下位,0,0,0
432,432,0,210,419,1,1,429,0,0,1,0,下位,0,429,43
747,747,0,829,1658,0,0,0,861,419,-926,1,下位,0,0,0
479,479,0,332,665,0,0,0,747,1658,-473,11,下位,0,0,0
24,24,0,66,131,0,0,0,479,665,-581,5,下位,0,0,0
126,126,0,128,256,1,0,0,0,0,1,0,下位,0,0,0
655,505,40,354,709,0,0,0,126,256,54,1,下位,0,0,0
150,150,0,354,709,0,1,505,126,256,54,1,下位,0,505,40
78,78,0,296,591,0,0,0,655,709,-254,4,下位,0,0,0
1014,1014,0,280,561,0,0,0,78,591,211,4,下位,0,0,0
77,77,0,698,1398,0,0,0,1014,561,-863,4,下位,0,0,0
223,223,0,76,151,0,0,0,77,1398,411,11,下位,0,0,0
411,411,0,188,375,0,0,0,223,151,202,2,下位,0,0,0
27,27,0,840,1679,0,0,0,411,375,-86,4,下位,0,0,0
148,148,0,2230,4340,0,0,0,27,1679,1549,7,下位,0,0,0
50,50,0,44,89,1,0,0,0,0,1,0,下位,0,0,0
26,26,0,155,310,0,0,0,50,89,9,1,下位,0,0,0
554,531,35,456,911,0,0,0,26,310,277,1,下位,0,0,0
23,23,0,456,911,0,1,531,26,310,277,1,下位,0,531,35
861,861,0,284,567,0,0,0,554,911,330,6,下位,0,0,0
317,317,0,452,904,1,0,0,0,0,1,0,下位,0,0,0
353,353,0,482,964,0,0,0,317,904,394,5,下位,0,0,0
335,335,0,344,687,0,0,0,353,964,789,7,下位,0,0,0
52,52,0,618,1237,0,0,0,335,687,936,5,下位,0,0,0
686,302,47,80,159,0,0,0,52,1237,2089,9,下位,0,0,0
384,384,0,80,159,0,1,302,52,1237,2089,9,下位,0,302,47
241,56,45,100,200,0,0,0,686,159,1189,1,下位,0,0,0
185,185,0,100,200,0,1,56,686,159,1189,1,下位,0,56,45
46,46,0,214,427,0,0,0,241,200,1046,2,下位,0,0,0
756,322,27,80,161,0,0,0,46,427,1399,3,下位,0,0,0
434,434,0,80,161,0,1,322,46,427,1399,3,下位,0,322,27
174,151,47,136,272,0,0,0,756,161,368,1,下位,0,0,0
23,23,0,136,272,0,1,151,756,161,368,1,下位,0,151,47
343,343,0,214,427,0,0,0,174,272,406,2,下位,0,0,0
51,51,0,762,1524,1,0,0,0,0,1,0,下位,0,0,0
1307,525,143,402,806,0,0,0,51,1524,1443,8,下位,0,0,0
782,185,106,402,806,0,1,525,51,1524,1443,8,下位,0,525,37
597,434,51,402,806,0,2,710,51,1524,1443,8,下位,0,185,55
163,163,0,402,806,0,3,1144,51,1524,1443,8,下位,0,434,51
1017,135,172,128,257,0,0,0,1307,806,284,10,下位,0,0,0
882,106,141,128,257,0,1,135,1307,806,284,10,下位,0,135,31
776,270,100,128,257,0,2,241,1307,806,284,10,下位,0,106,41
506,154,47,128,257,0,3,511,1307,806,284,10,下位,0,270,53
352,352,0,128,257,0,4,665,1307,806,284,10,下位,0,154,47
432,432,0,38,77,1,0,0,0,0,1,0,下位,0,0,0
41,41,0,38,75,0,0,0,432,77,-619,1,下位,0,0,0
139,139,0,100,199,0,0,0,41,75,-610,1,下位,0,0,0
141,141,0,72,144,0,0,0,139,199,-635,2,下位,0,0,0
1770,158,168,1332,2664,0,0,0,141,144,-718,1,下位,0,0,0
1612,312,121,1332,2664,0,1,158,141,144,-718,1,下位,0,158,47
1300,434,84,1332,2664,0,2,470,141,144,-718,1,下位,0,312,37
866,434,49,1332,2664,0,3,904,141,144,-718,1,下位,0,434,35
432,432,0,1332,2664,0,4,1338,141,144,-718,1,下位,0,434,49
37,37,0,142,283,0,0,0,1770,2664,-741,15,下位,0,0,0
157,157,0,50,101,0,0,0,37,283,-518,3,下位,0,0,0
197,197,0,280,562,0,0,0,157,101,-670,1,下位,0,0,0
441,97,48,64,129,0,0,0,197,562,-426,5,下位,0,0,0
344,344,0,64,129,0,1,97,197,562,-426,5,下位,0,97,48
95,95,0,68,137,1,0,0,0,0,1,0,下位,0,0,0
110,110,0,186,373,0,0,0,95,137,-15,1,下位,0,0,0
178,178,0,676,1353,0,0,0,110,373,181,2,下位,0,0,0
1008,1008,0,104,209,0,0,0,178,1353,1247,11,下位,0,0,0
869,869,0,84,169,0,0,0,1008,209,-170,2,下位,0,0,0
56,56,0,1944,3829,0,0,0,869,169,-1403,1,下位,0,0,0
53,53,0,350,701,0,0,0,56,3829,2336,22,下位,0,0,0
520,41,80,316,632,0,0,0,53,701,2952,6,下位,0,0,0
479,60,39,316,632,0,1,41,53,701,2952,6,下位,0,41,41
419,419,0,316,632,0,2,101,53,701,2952,6,下位,0,60,39
495,360,47,150,299,1,0,0,0,0,1,0,下位,0,0,0
135,135,0,150,299,1,1,360,0,0,1,0,下位,0,360,47
153,153,0,162,323,0,0,0,495,299,-452,1,下位,0,0,0
226,226,0,224,448,0,0,0,153,323,-376,2,下位,0,0,0
596,596,0,946,1892,0,0,0,226,448,-293,4,下位,0,0,0
167,167,0,725,1450,0,0,0,596,1892,638,11,下位,0,0,0
48,48,0,724,1386,0,0,0,167,1450,1819,6,下位,0,0,0
106,106,0,346,691,0,0,0,48,1386,3128,9,下位,0,0,0
113,88,35,768,1475,0,0,0,106,691,3648,5,下位,0,0,0
25,25,0,768,1475,0,1,88,106,691,3648,5,下位,0,88,35
107,107,0,84,169,1,0,0,0,0,1,0,下位,0,0,0
376,44,31,136,272,0,0,0,107,169,-3,1,下位,0,0,0
332,332,0,136,272,0,1,44,107,169,-3,1,下位,0,44,31
201,201,0,792,1583,0,0,0,376,272,-306,2,下位,0,0,0
366,159,51,56,113,0,0,0,201,1583,953,12,下位,0,0,0
207,207,0,56,113,0,1,159,201,1583,953,12,下位,0,159,51
138,138,0,146,293,0,0,0,366,113,527,1,下位,0,0,0
163,163,0,434,867,0,0,0,138,293,597,3,下位,0,0,0
554,554,0,1098,2138,0,0,0,163,867,1201,3,下位,0,0,0
360,360,0,896,1792,0,0,0,554,2138,2445,14,下位,0,0,0
215,26,25,40,79,0,0,0,360,1792,3656,11,下位,0,0,0
189,189,0,40,79,0,1,26,360,1792,3656,11,下位,0,26,25
635,143,58,96,194,1,0,0,0,0,1,0,下位,0,0,0
492,432,41,96,194,1,1,143,0,0,1,0,下位,0,143,17
60,60,0,96,194,1,2,575,0,0,1,0,下位,0,432,41
233,153,51,416,831,0,0,0,635,194,-772,2,下位,0,0,0
80,80,0,416,831,0,1,153,635,194,-772,2,下位,0,153,51
475,130,26,290,579,0,0,0,233,831,-266,7,下位,0,0,0
345,345,0,290,579,0,1,130,233,831,-266,7,下位,0,130,26
410,60,49,236,471,1,0,0,0,0,1,0,下位,0,0,0
350,350,0,236,471,1,1,60,0,0,1,0,下位,0,60,49
742,650,21,152,305,0,0,0,410,471,-141,2,下位,0,0,0
92,92,0,152,305,0,1,650,410,471,-141,2,下位,0,650,21
38,38,0,90,181,0,0,0,742,305,-1011,2,下位,0,0,0
431,92,68,368,735,0,0,0,38,181,-891,2,下位,0,0,0
339,49,37,368,735,0,1,92,38,181,-891,2,下位,0,92,31
290,290,0,368,735,0,2,141,38,181,-891,2,下位,0,49,37
595,429,49,108,217,1,0,0,0,0,1,0,下位,0,0,0
166,166,0,108,217,1,1,429,0,0,1,0,下位,0,429,49
65,65,0,158,315,0,0,0,595,217,-693,1,下位,0,0,0
362,362,0,464,930,0,0,0,65,315,-483,2,下位,0,0,0
888,758,39,1592,3121,0,0,0,362,930,-137,5,下位,0,0,0
130,130,0,1592,3121,0,1,758,362,930,-137,5,下位,0,758,39
150,150,0,982,1964,0,0,0,888,3121,1590,16,下位,0,0,0
203,203,0,438,874,0,0,0,150,1964,3312,11,下位,0,0,0
43,43,0,642,1223,0,0,0,203,874,3859,5,下位,0,0,0
312,266,37,82,165,1,0,0,0,0,1,0,下位,0,0,0
46,46,0,82,165,1,1,266,0,0,1,0,下位,0,266,37
264,32,26,350,700,0,0,0,312,165,-300,1,下位,0,0,0
232,232,0,350,700,0,1,32,312,165,-300,1,下位,0,32,26
437,437,0,208,415,0,0,0,264,700,1,5,下位,0,0,0
150,150,0,158,314,0,0,0,437,415,-289,2,下位,0,0,0
866,433,43,54,107,1,0,0,0,0,1,0,下位,0,0,0
433,433,0,54,107,1,1,433,0,0,1,0,下位,0,433,43
737,212,90,132,265,0,0,0,866,107,-1245,2,下位,0,0,0
525,434,45,132,265,0,1,212,866,107,-1245,2,下位,0,212,45
91,91,0,132,265,0,2,646,866,107,-1245,2,下位,0,434,45
504,70,39,186,371,0,0,0,737,265,-2079,3,下位,0,0,0
434,434,0,186,371,0,1,70,737,265,-2079,3,下位,0,70,39
967,214,170,334,669,1,0,0,0,0,1,0,下位,0,0,0
753,60,115,334,669,1,1,214,0,0,1,0,下位,0,214,55
693,433,94,334,669,1,2,274,0,0,1,0,下位,0,60,21
260,47,47,334,669,1,3,707,0,0,1,0,下位,0,433,47
213,213,0,334,669,1,4,754,0,0,1,0,下位,0,47,47
1033,1033,0,472,942,0,0,0,967,669,-720,8,下位,0,0,0
265,156,35,60,122,0,0,0,1033,942,-1444,6,下位,0,0,0
109,109,0,60,122,0,1,156,1033,942,-1444,6,下位,0,156,35
88,88,0,138,275,0,0,0,265,122,-1715,1,下位,0,0,0
289,152,55,185,370,0,0,0,88,275,-1582,2,下位,0,0,0
137,137,0,185,370,0,1,152,88,275,-1582,2,下位,0,152,55
866,433,63,92,185,1,0,0,0,0,1,0,下位,0,0,0
433,433,0,92,185,1,1,433,0,0,1,0,下位,0,433,63
29,29,0,114,229,0,0,0,866,185,-1147,1,下位,0,0,0
417,60,47,384,769,0,0,0,29,229,-965,2,下位,0,0,0
357,357,0,384,769,0,1,60,29,229,-965,2,下位,0,60,47
226,226,0,366,734,0,0,0,417,769,-822,5,下位,0,0,0
398,398,0,492,983,0,0,0,226,734,-453,7,下位,0,0,0
437,437,0,812,1624,1,0,0,0,0,1,0,下位,0,0,0
67,67,0,68,135,0,0,0,437,1624,920,9,下位,0,0,0
115,115,0,80,159,0,0,0,67,135,947,1,下位,0,0,0
548,116,43,126,251,0,0,0,115,159,921,1,下位,0,0,0
432,432,0,126,251,0,1,116,115,159,921,1,下位,0,116,43
255,116,37,196,392,0,0,0,548,251,331,3,下位,0,0,0
139,139,0,196,392,0,1,116,548,251,331,3,下位,0,116,37
245,201,49,36,71,0,0,0,255,392,349,2,下位,0,0,0
44,44,0,36,71,0,1,201,255,392,349,2,下位,0,201,49
136,68,45,52,103,1,0,0,0,0,1,0,下位,0,0,0
68,68,0,52,103,1,1,68,0,0,1,0,下位,0,68,45
1068,1019,53,197,394,0,0,0,136,103,-71,1,下位,0,0,0
49,49,0,197,394,0,1,1019,136,103,-71,1,下位,0,1019,53
306,306,0,46,90,0,0,0,1068,394,-1347,3,下位,0,0,0
304,88,45,78,155,0,0,0,306,90,-1751,1,下位,0,0,0
216,216,0,78,155,0,1,88,306,90,-1751,1,下位,0,88,45
110,52,33,90,180,1,0,0,0,0,1,0,下位,0,0,0
58,58,0,90,180,1,1,52,0,0,1,0,下位,0,52,33
535,106,63,42,85,0,0,0,110,180,36,2,下位,0,0,0
429,429,0,42,85,0,1,106,110,180,36,2,下位,0,106,63
1220,1016,76,102,203,0,0,0,535,85,-679,1,下位,0,0,0
204,37,49,102,203,0,1,1016,535,85,-679,1,下位,0,1016,27
167,167,0,102,203,0,2,1053,535,85,-679,1,下位,0,37,49
1016,1016,0,878,1753,0,0,0,1220,203,-2368,1,下位,0,0,0
129,129,0,134,267,0,0,0,1016,1753,-2254,11,下位,0,0,0
864,432,31,232,462,1,0,0,0,0,1,0,下位,0,0,0
432,432,0,232,462,1,1,432,0,0,1,0,下位,0,432,31
39,39,0,360,722,0,0,0,864,462,-900,1,下位,0,0,0
266,266,0,270,539,0,0,0,39,722,-241,7,下位,0,0,0
609,609,0,78,157,0,0,0,266,539,-131,2,下位,0,0,0
568,435,21,80,160,1,0,0,0,0,1,0,下位,0,0,0
133,133,0,80,160,1,1,435,0,0,1,0,下位,0,435,21
454,454,0,220,440,0,0,0,568,160,-735,1,下位,0,0,0
432,432,0,189,378,0,0,0,454,440,-1027,3,下位,0,0,0
1006,1006,0,326,650,0,0,0,432,378,-1346,3,下位,0,0,0
216,216,0,66,131,1,0,0,0,0,1,0,下位,0,0,0
40,40,0,198,398,0,0,0,216,131,-216,1,下位,0,0,0
257,257,0,84,167,0,0,0,40,398,117,2,下位,0,0,0
152,152,0,210,419,0,0,0,257,167,-131,1,下位,0,0,0
432,432,0,458,916,1,0,0,0,0,1,0,下位,0,0,0
170,170,0,334,667,0,0,0,432,916,220,6,下位,0,0,0
195,195,0,116,231,0,0,0,170,667,613,7,下位,0,0,0
693,334,41,308,617,0,0,0,195,231,529,2,下位,0,0,0
359,359,0,308,617,0,1,334,195,231,529,2,下位,0,334,41
308,149,43,390,778,1,0,0,0,0,1,0,下位,0,0,0
159,159,0,390,778,1,1,149,0,0,1,0,下位,0,149,43
40,40,0,68,136,1,0,0,0,0,1,0,下位,0,0,0
526,435,43,204,408,1,0,0,0,0,1,0,下位,0,0,0
91,91,0,204,408,1,1,435,0,0,1,0,下位,0,435,43
544,68,64,128,255,0,0,0,526,408,-397,5,下位,0,0,0
476,395,31,128,255,0,1,68,526,408,-397,5,下位,0,68,33
81,81,0,128,255,0,2,463,526,408,-397,5,下位,0,395,31
140,140,0,438,874,0,0,0,544,255,-956,1,下位,0,0,0
34,34,0,48,95,0,0,0,140,874,-308,7,下位,0,0,0
467,333,33,64,129,1,0,0,0,0,1,0,下位,0,0,0
134,134,0,64,129,1,1,333,0,0,1,0,下位,0,333,33
756,60,108,534,1067,0,0,0,467,129,-590,2,下位,0,0,0
696,261,61,534,1067,0,1,60,467,129,-590,2,下位,0,60,47
435,435,0,534,1067,0,2,321,467,129,-590,2,下位,0,261,61
642,642,0,360,719,0,0,0,756,1067,-635,7,下位,0,0,0
163,163,0,204,408,0,0,0,642,719,-951,4,下位,0,0,0
51,51,0,118,235,0,0,0,163,408,-806,3,下位,0,0,0
33,33,0,174,348,0,0,0,51,235,-653,2,下位,0,0,0
754,149,81,978,1958,1,0,0,0,0,1,0,下位,0,0,0
605,249,41,978,1958,1,1,149,0,0,1,0,下位,0,149,40
356,356,0,978,1958,1,2,398,0,0,1,0,下位,0,249,41
138,138,0,110,221,0,0,0,754,1958,824,13,下位,0,0,0
47,47,0,164,329,0,0,0,138,221,822,1,下位,0,0,0
147,147,0,320,640,0,0,0,47,329,1075,2,下位,0,0,0
393,393,0,102,202,1,0,0,0,0,1,0,下位,0,0,0
315,134,84,528,1056,0,0,0,393,202,-431,1,下位,0,0,0
181,71,35,528,1056,0,1,134,393,202,-431,1,下位,0,134,49
110,110,0,528,1056,0,2,205,393,202,-431,1,下位,0,71,35
510,510,0,254,509,0,0,0,315,1056,201,4,下位,0,0,0
702,702,0,958,1915,0,0,0,510,509,-113,5,下位,0,0,0
349,177,45,46,91,1,0,0,0,0,1,0,下位,0,0,0
172,172,0,46,91,1,1,177,0,0,1,0,下位,0,177,45
264,264,0,50,101,0,0,0,349,91,-425,1,下位,0,0,0
152,152,0,164,327,1,0,0,0,0,1,0,下位,0,0,0
667,618,49,140,281,0,0,0,152,327,83,4,下位,0,0,0
49,49,0,140,281,0,1,618,152,327,83,4,下位,0,618,49
437,437,0,444,886,1,0,0,0,0,1,0,下位,0,0,0
438,438,0,416,833,1,0,0,0,0,1,0,下位,0,0,0
62,62,0,86,171,0,0,0,438,833,128,4,下位,0,0,0
34,34,0,44,87,0,0,0,62,171,199,1,下位,0,0,0
1017,1017,0,103,206,0,0,0,34,87,231,1,下位,0,0,0
924,492,17,48,95,1,0,0,0,0,1,0,下位,0,0,0
432,432,0,48,95,1,1,492,0,0,1,0,下位,0,492,17
304,304,0,314,627,0,0,0,924,95,-1378,1,下位,0,0,0
463,463,0,72,145,0,0,0,304,627,-1241,3,下位,0,0,0
497,497,0,152,304,0,0,0,463,145,-1843,1,下位,0,0,0
183,127,60,856,1711,0,0,0,497,304,-2341,3,下位,0,0,0
56,38,35,856,1711,0,1,127,497,304,-2341,3,下位,0,127,25
18,18,0,856,1711,0,2,165,497,304,-2341,3,下位,0,38,35
613,184,88,136,271,1,0,0,0,0,1,0,下位,0,0,0
429,40,47,136,271,1,1,184,0,0,1,0,下位,0,184,41
389,389,0,136,271,1,2,224,0,0,1,0,下位,0,40,47
64,64,0,66,131,0,0,0,613,271,-629,2,下位,0,0,0
366,182,45,332,664,0,0,0,64,131,-601,2,下位,0,0,0
184,184,0,332,664,0,1,182,64,131,-601,2,下位,0,182,45
424,388,55,356,714,0,0,0,366,664,-483,5,下位,0,0,0
36,36,0,356,714,0,1,388,366,664,-483,5,下位,0,388,55
56,21,25,126,251,0,0,0,424,714,-398,5,下位,0,0,0
35,35,0,126,251,0,1,21,424,714,-398,5,下位,0,21,25
521,322,98,54,109,0,0,0,56,251,-212,3,下位,0,0,0
199,58,45,54,109,0,1,322,56,251,-212,3,下位,0,322,53
141,141,0,54,109,0,2,380,56,251,-212,3,下位,0,58,45
283,283,0,66,133,0,0,0,521,109,-845,1,下位,0,0,0
558,558,0,270,541,0,0,0,283,133,-1168,1,下位,0,0,0
919,267,54,82,163,1,0,0,0,0,1,0,下位,0,0,0
652,218,13,82,163,1,1,267,0,0,1,0,下位,0,267,41
434,434,0,82,163,1,2,485,0,0,1,0,下位,0,218,13
91,91,0,322,646,0,0,0,919,163,-1265,1,下位,0,0,0
118,118,0,334,669,0,0,0,91,646,-766,2,下位,0,0,0
178,178,0,76,151,0,0,0,118,669,-287,6,下位,0,0,0
341,341,0,224,449,0,0,0,178,151,-423,2,下位,0,0,0
1193,243,57,148,298,0,0,0,341,449,-524,5,下位,0,0,0
950,208,20,148,298,0,1,243,341,449,-524,5,下位,0,243,37
742,440,7,148,298,0,2,451,341,449,-524,5,下位,0,208,13
302,302,0,148,298,0,3,891,341,449,-524,5,下位,0,440,7
773,773,0,203,407,0,0,0,1193,298,-2093,3,下位,0,0,0
133,133,0,146,293,0,0,0,773,407,-2933,1,下位,0,0,0
389,161,19,68,135,1,0,0,0,0,1,0,下位,0,0,0
228,228,0,68,135,1,1,161,0,0,1,0,下位,0,161,19
383,383,0,246,492,0,0,0,389,135,-473,1,下位,0,0,0
682,682,0,946,1894,0,0,0,383,492,-599,4,下位,0,0,0
1322,1011,139,194,387,0,0,0,682,1894,195,13,下位,0,0,0
311,137,96,194,387,0,1,1011,682,1894,195,13,下位,0,1011,43
174,137,53,194,387,0,2,1148,682,1894,195,13,下位,0,137,43
37,37,0,194,387,0,3,1285,682,1894,195,13,下位,0,137,53
104,104,0,84,167,1,0,0,0,0,1,0,下位,0,0,0
249,88,0,96,193,0,0,0,104,167,1,2,下位,0,0,0
161,161,0,96,193,0,1,88,104,167,1,2,下位,0,88,0
541,541,0,266,533,0,0,0,249,193,-208,2,下位,0,0,0
876,739,39,628,1259,0,0,0,541,533,-548,2,下位,0,0,0
137,137,0,628,1259,0,1,739,541,533,-548,2,下位,0,739,39
341,341,0,86,171,0,0,0,876,1259,-663,11,下位,0,0,0
577,421,43,444,890,1,0,0,0,0,1,0,下位,0,0,0
156,156,0,444,890,1,1,421,0,0,1,0,下位,0,421,43
47,47,0,120,241,0,0,0,577,890,3,7,下位,0,0,0
384,378,39,74,146,0,0,0,47,241,168,1,下位,0,0,0
6,6,0,74,146,0,1,378,47,241,168,1,下位,0,378,39
1015,1015,0,486,971,0,0,0,384,146,-267,1,下位,0,0,0
194,194,0,832,1667,0,0,0,1015,971,-933,5,下位,0,0,0
754,754,0,680,1358,0,0,0,194,1667,421,7,下位,0,0,0
122,122,0,146,291,0,0,0,754,1358,563,8,下位,0,0,0
42,42,0,54,107,0,0,0,122,291,657,2,下位,0,0,0
198,198,0,356,713,0,0,0,42,107,696,1,下位,0,0,0
307,307,0,78,157,1,0,0,0,0,1,0,下位,0,0,0
141,30,51,90,179,0,0,0,307,157,-337,1,下位,0,0,0
111,111,0,90,179,0,1,30,307,157,-337,1,下位,0,30,51
10,10,0,69,138,0,0,0,141,179,-334,1,下位,0,0,0
558,483,49,174,349,0,0,0,10,138,-212,1,下位,0,0,0
75,75,0,174,349,0,1,483,10,138,-212,1,下位,0,483,49
680,254,49,132,263,0,0,0,558,349,-714,4,下位,0,0,0
426,426,0,132,263,0,1,254,558,349,-714,4,下位,0,254,49
534,47,80,224,446,0,0,0,680,263,-1499,2,下位,0,0,0
487,423,43,224,446,0,1,47,680,263,-1499,2,下位,0,47,37
64,64,0,224,446,0,2,470,680,263,-1499,2,下位,0,423,43
655,655,0,172,344,0,0,0,534,446,-1834,4,下位,0,0,0
34,34,0,246,491,0,0,0,655,344,-2546,3,下位,0,0,0
156,156,0,170,339,0,0,0,34,491,-2110,3,下位,0,0,0
443,201,43,776,1553,0,0,0,156,339,-2023,3,下位,0,0,0
242,242,0,776,1553,0,1,201,156,339,-2023,3,下位,0,201,43
696,434,52,1192,2387,1,0,0,0,0,1,0,下位,0,0,0
262,103,29,1192,2387,1,1,434,0,0,1,0,下位,0,434,23
159,159,0,1192,2387,1,2,537,0,0,1,0,下位,0,103,29
732,732,0,409,817,0,0,0,696,2387,1318,14,下位,0,0,0
87,87,0,42,84,0,0,0,732,817,954,3,下位,0,0,0
436,436,0,594,1188,0,0,0,87,84,898,1,下位,0,0,0
150,150,0,706,1349,0,0,0,436,1188,1383,9,下位,0,0,0
271,271,0,614,1232,0,0,0,150,1349,2490,11,下位,0,0,0
575,575,0,1248,2440,0,0,0,271,1232,3285,8,下位,0,0,0
108,108,0,402,805,1,0,0,0,0,1,0,下位,0,0,0
351,351,0,360,719,0,0,0,108,805,632,5,下位,0,0,0
711,129,113,616,1230,0,0,0,351,719,785,8,下位,0,0,0
582,61,80,616,1230,0,1,129,351,719,785,8,下位,0,129,33
521,267,39,616,1230,0,2,190,351,719,785,8,下位,0,61,41
254,254,0,616,1230,0,3,457,351,719,785,8,下位,0,267,39
209,209,0,380,757,0,0,0,711,1230,981,11,下位,0,0,0
432,432,0,374,746,0,0,0,209,757,1401,6,下位,0,0,0
1295,478,92,560,1118,0,0,0,432,746,1450,4,下位,0,0,0
817,433,47,560,1118,0,1,478,432,746,1450,4,下位,0,478,45
384,384,0,560,1118,0,2,911,432,746,1450,4,下位,0,433,47
38,38,0,1202,2342,0,0,0,1295,1118,572,6,下位,0,0,0
608,608,0,392,782,0,0,0,38,2342,2853,21,下位,0,0,0
763,129,78,100,199,0,0,0,608,782,2654,4,下位,0,0,0
634,188,35,100,199,0,1,129,608,782,2654,4,下位,0,129,43
446,446,0,100,199,0,2,317,608,782,2654,4,下位,0,188,35
236,236,0,360,719,1,0,0,0,0,1,0,下位,0,0,0
96,96,0,148,294,0,0,0,236,719,339,5,下位,0,0,0
153,153,0,63,126,0,0,0,96,294,478,4,下位,0,0,0
570,570,0,172,344,0,0,0,153,126,357,1,下位,0,0,0
422,422,0,202,405,0,0,0,570,344,-218,3,下位,0,0,0
1010,1010,0,332,666,0,0,0,422,405,-494,3,下位,0,0,0
613,283,41,278,554,0,0,0,1010,666,-1457,7,下位,0,0,0
330,330,0,278,554,0,1,283,1010,666,-1457,7,下位,0,283,41
314,314,0,164,327,0,0,0,613,554,-1850,5,下位,0,0,0
76,76,0,696,1391,0,0,0,314,327,-2029,4,下位,0,0,0
428,428,0,132,263,1,0,0,0,0,1,0,下位,0,0,0
780,780,0,564,1126,0,0,0,428,263,-426,1,下位,0,0,0
158,31,51,64,127,0,0,0,780,1126,-558,11,下位,0,0,0
127,127,0,64,127,0,1,31,780,1126,-558,11,下位,0,31,51
883,44,79,314,629,0,0,0,158,127,-635,2,下位,0,0,0
839,79,48,314,629,0,1,44,158,127,-635,2,下位,0,44,31
760,326,7,314,629,0,2,123,158,127,-635,2,下位,0,79,41
434,434,0,314,629,0,3,449,158,127,-635,2,下位,0,326,7
390,390,0,394,789,0,0,0,883,629,-1351,5,下位,0,0,0
96,96,0,262,525,0,0,0,390,789,-1191,7,下位,0,0,0
92,18,22,736,1472,0,0,0,96,525,-821,5,下位,0,0,0
74,74,0,736,1472,0,1,18,96,525,-821,5,下位,0,18,22
105,105,0,92,184,0,0,0,92,1472,525,14,下位,0,0,0
595,340,39,158,317,0,0,0,105,184,540,1,下位,0,0,0
255,255,0,158,317,0,1,340,105,184,540,1,下位,0,340,39
429,429,0,178,356,1,0,0,0,0,1,0,下位,0,0,0
130,130,0,196,392,0,0,0,429,356,-335,1,下位,0,0,0
42,42,0,992,1981,0,0,0,130,392,-153,2,下位,0,0,0
158,158,0,200,401,0,0,0,42,1981,1760,9,下位,0,0,0
819,819,0,256,513,0,0,0,158,401,1906,2,下位,0,0,0
143,143,0,366,733,0,0,0,819,513,1098,5,下位,0,0,0
663,333,112,102,204,0,0,0,143,733,1600,7,下位,0,0,0
330,330,0,102,204,0,1,333,143,733,1600,7,下位,0,333,112
40,40,0,74,147,0,0,0,663,204,847,1,下位,0,0,0
434,434,0,182,365,1,0,0,0,0,1,0,下位,0,0,0
184,184,0,90,181,0,0,0,434,365,-334,3,下位,0,0,0
237,237,0,38,77,0,0,0,184,181,-450,1,下位,0,0,0
339,339,0,230,460,0,0,0,237,77,-755,1,下位,0,0,0
183,104,35,178,357,0,0,0,339,460,-842,4,下位,0,0,0
79,79,0,178,357,0,1,104,339,460,-842,4,下位,0,104,35
150,150,0,144,288,1,0,0,0,0,1,0,下位,0,0,0
98,98,0,446,891,0,0,0,150,288,47,2,下位,0,0,0
602,602,0,112,223,0,0,0,98,891,780,8,下位,0,0,0
435,435,0,162,323,1,0,0,0,0,1,0,下位,0,0,0
140,140,0,278,553,0,0,0,435,323,-378,3,下位,0,0,0
108,108,0,154,307,0,0,0,140,553,-51,3,下位,0,0,0
95,95,0,586,1172,0,0,0,108,307,82,2,下位,0,0,0
1039,501,82,1520,2981,0,0,0,95,1172,1101,7,下位,0,0,0
538,103,41,1520,2981,0,1,501,95,1172,1101,7,下位,0,501,41
435,435,0,1520,2981,0,2,604,95,1172,1101,7,下位,0,103,41
368,236,45,144,287,1,0,0,0,0,1,0,下位,0,0,0
132,132,0,144,287,1,1,236,0,0,1,0,下位,0,236,45
431,431,0,242,485,0,0,0,368,287,-261,2,下位,0,0,0
120,120,0,42,83,0,0,0,431,485,-471,4,下位,0,0,0
189,189,0,540,1081,1,0,0,0,0,1,0,下位,0,0,0
789,354,39,271,543,0,0,0,189,1081,777,8,下位,0,0,0
435,435,0,271,543,0,1,354,189,1081,777,8,下位,0,354,39
609,609,0,58,117,0,0,0,789,543,86,4,下位,0,0,0
401,155,43,82,163,1,0,0,0,0,1,0,下位,0,0,0
246,246,0,82,163,1,1,155,0,0,1,0,下位,0,155,43
978,602,70,172,346,0,0,0,401,163,-440,1,下位,0,0,0
376,263,31,172,346,0,1,602,401,163,-440,1,下位,0,602,39
113,113,0,172,346,0,2,865,401,163,-440,1,下位,0,263,31
335,335,0,1060,2122,1,0,0,0,0,1,0,下位,0,0,0
38,38,0,478,897,0,0,0,335,2122,1583,9,下位,0,0,0
55,55,0,132,263,0,0,0,38,897,2419,7,下位,0,0,0
697,697,0,374,747,0,0,0,55,263,2593,2,下位,0,0,0
136,136,0,72,145,0,0,0,697,747,2216,5,下位,0,0,0
137,137,0,98,197,0,0,0,136,145,2142,2,下位,0,0,0
252,252,0,934,1868,0,0,0,137,197,2118,2,下位,0,0,0
130,130,0,126,253,1,0,0,0,0,1,0,下位,0,0,0
131,131,0,106,210,0,0,0,130,253,44,2,下位,0,0,0
575,575,0,42,83,0,0,0,131,210,43,2,下位,0,0,0
1396,433,129,842,1682,1,0,0,0,0,1,0,下位,0,0,0
963,93,74,842,1682,1,1,433,0,0,1,0,下位,0,433,55
870,437,47,842,1682,1,2,526,0,0,1,0,下位,0,93,27
433,433,0,842,1682,1,3,963,0,0,1,0,下位,0,437,47
98,98,0,38,75,1,0,0,0,0,1,0,下位,0,0,0
438,438,0,448,897,0,0,0,98,75,-82,1,下位,0,0,0
143,143,0,1008,2016,0,0,0,438,897,109,7,下位,0,0,0
854,142,93,60,119,0,0,0,143,2016,1894,14,下位,0,0,0
712,432,55,60,119,0,1,142,143,2016,1894,14,下位,0,142,38
280,280,0,60,119,0,2,574,143,2016,1894,14,下位,0,432,55
56,56,0,436,874,0,0,0,854,119,728,1,下位,0,0,0
307,307,0,813,1566,0,0,0,56,874,1512,9,下位,0,0,0
188,188,0,116,233,0,0,0,307,1566,2583,10,下位,0,0,0
525,525,0,166,333,0,0,0,188,233,2513,1,下位,0,0,0
521,317,94,392,785,1,0,0,0,0,1,0,下位,0,0,0
204,139,43,392,785,1,1,317,0,0,1,0,下位,0,317,51
65,65,0,392,785,1,2,456,0,0,1,0,下位,0,139,43
429,132,37,112,223,0,0,0,521,785,40,6,下位,0,0,0
297,297,0,112,223,0,1,132,521,785,40,6,下位,0,132,37
133,133,0,1516,2974,0,0,0,429,223,-392,2,下位,0,0,0
836,836,0,146,291,0,0,0,133,2974,2367,20,下位,0,0,0
41,41,0,232,465,0,0,0,836,291,1310,2,下位,0,0,0
154,154,0,122,243,0,0,0,41,465,1709,2,下位,0,0,0
109,109,0,140,280,0,0,0,154,243,1704,3,下位,0,0,0
190,137,35,194,387,0,0,0,109,280,1808,2,下位,0,0,0
53,53,0,194,387,0,1,137,109,280,1808,2,下位,0,137,35
349,349,0,224,450,0,0,0,190,387,1924,3,下位,0,0,0
144,144,0,104,209,0,0,0,349,450,1811,5,下位,0,0,0
168,168,0,198,395,0,0,0,144,209,1788,2,下位,0,0,0
343,343,0,2418,4774,1,0,0,0,0,1,0,下位,0,0,0
434,434,0,100,201,1,0,0,0,0,1,0,下位,0,0,0
895,463,33,854,1709,0,0,0,434,201,-498,1,下位,0,0,0
432,432,0,854,1709,0,1,463,434,201,-498,1,下位,0,463,33
1054,105,127,472,944,1,0,0,0,0,1,0,下位,0,0,0
949,433,80,472,944,1,1,105,0,0,1,0,下位,0,105,47
516,80,53,472,944,1,2,538,0,0,1,0,下位,0,433,27
436,436,0,472,944,1,3,618,0,0,1,0,下位,0,80,53
655,443,49,236,472,1,0,0,0,0,1,0,下位,0,0,0
212,212,0,236,472,1,1,443,0,0,1,0,下位,0,443,49
83,83,0,156,311,0,0,0,655,472,-535,3,下位,0,0,0
147,31,35,338,677,0,0,0,83,311,-358,3,下位,0,0,0
116,116,0,338,677,0,1,31,83,311,-358,3,下位,0,31,35
594,297,0,190,380,0,0,0,147,677,117,5,下位,0,0,0
297,297,0,190,380,0,1,297,147,677,117,5,下位,0,297,0
55,55,0,108,215,0,0,0,594,380,-461,4,下位,0,0,0
802,429,37,166,331,1,0,0,0,0,1,0,下位,0,0,0
373,373,0,166,331,1,1,429,0,0,1,0,下位,0,429,37
73,73,0,82,163,0,0,0,802,331,-925,2,下位,0,0,0
93,93,0,181,361,0,0,0,73,163,-880,2,下位,0,0,0
154,65,44,70,139,0,0,0,93,361,-669,2,下位,0,0,0
89,89,0,70,139,0,1,65,93,361,-669,2,下位,0,65,44
375,375,0,94,187,0,0,0,154,139,-735,1,下位,0,0,0
252,252,0,82,163,0,0,0,375,187,-1153,1,下位,0,0,0
1187,1021,55,182,363,0,0,0,252,163,-1396,1,下位,0,0,0
166,166,0,182,363,0,1,1021,252,163,-1396,1,下位,0,1021,55
432,432,0,208,416,1,0,0,0,0,1,0,下位,0,0,0
389,88,41,220,441,0,0,0,432,416,-280,1,下位,0,0,0
301,301,0,220,441,0,1,88,432,416,-280,1,下位,0,88,41
58,58,0,428,858,0,0,0,389,441,-425,3,下位,0,0,0
49,49,0,50,99,0,0,0,58,858,339,8,下位,0,0,0
144,144,0,120,239,0,0,0,49,99,359,1,下位,0,0,0
361,361,0,116,233,1,0,0,0,0,1,0,下位,0,0,0
43,43,0,580,1160,0,0,0,361,233,-348,2,下位,0,0,0
213,51,98,290,581,0,0,0,43,1160,743,12,下位,0,0,0
162,50,51,290,581,0,1,51,43,1160,743,12,下位,0,51,47
112,112,0,290,581,0,2,101,43,1160,743,12,下位,0,50,51
618,618,0,78,157,0,0,0,213,581,1078,4,下位,0,0,0
264,264,0,124,249,0,0,0,618,157,238,1,下位,0,0,0
1054,282,115,432,864,1,0,0,0,0,1,0,下位,0,0,0
772,52,94,432,864,1,1,282,0,0,1,0,下位,0,282,21
720,429,39,432,864,1,2,334,0,0,1,0,下位,0,52,55
291,291,0,432,864,1,3,763,0,0,1,0,下位,0,429,39
433,433,0,180,358,1,0,0,0,0,1,0,下位,0,0,0
143,143,0,516,1033,0,0,0,433,358,-339,2,下位,0,0,0
370,370,0,74,147,0,0,0,143,1033,463,8,下位,0,0,0
199,199,0,166,331,1,0,0,0,0,1,0,下位,0,0,0
144,144,0,86,170,0,0,0,199,331,11,2,下位,0,0,0
325,325,0,548,1095,0,0,0,144,170,-51,1,下位,0,0,0
648,648,0,160,319,0,0,0,325,1095,520,8,下位,0,0,0
786,786,0,184,367,0,0,0,648,319,-206,1,下位,0,0,0
741,625,37,304,609,0,0,0,786,367,-1107,2,下位,0,0,0
116,116,0,304,609,0,1,625,786,367,-1107,2,下位,0,625,37
652,433,29,76,153,1,0,0,0,0,1,0,下位,0,0,0
219,219,0,76,153,1,1,433,0,0,1,0,下位,0,433,29
365,365,0,87,174,0,0,0,652,153,-868,1,下位,0,0,0
379,63,34,60,121,0,0,0,365,174,-1283,1,下位,0,0,0
316,316,0,60,121,0,1,63,365,174,-1283,1,下位,0,63,34
258,218,39,184,368,0,0,0,379,121,-1740,1,下位,0,0,0
40,40,0,184,368,0,1,218,379,121,-1740,1,下位,0,218,39
50,50,0,352,703,0,0,0,258,368,-1750,3,下位,0,0,0
221,221,0,176,353,0,0,0,50,703,-1128,4,下位,0,0,0
345,345,0,908,1816,0,0,0,221,353,-1131,3,下位,0,0,0
95,95,0,132,266,1,0,0,0,0,1,0,下位,0,0,0
198,198,0,124,246,0,0,0,95,266,114,2,下位,0,0,0
258,258,0,154,309,0,0,0,198,246,41,1,下位,0,0,0
351,282,51,166,333,0,0,0,258,309,-66,2,下位,0,0,0
69,69,0,166,333,0,1,282,258,309,-66,2,下位,0,282,51
572,138,41,108,215,0,0,0,351,333,-248,3,下位,0,0,0
434,434,0,108,215,0,1,138,351,333,-248,3,下位,0,138,41
158,158,0,196,391,0,0,0,572,215,-915,1,下位,0,0,0
663,663,0,316,633,0,0,0,158,391,-779,4,下位,0,0,0
180,180,0,204,409,0,0,0,663,633,-1215,5,下位,0,0,0
391,391,0,330,660,0,0,0,180,409,-1096,4,下位,0,0,0
747,435,43,50,101,1,0,0,0,0,1,0,下位,0,0,0
312,312,0,50,101,1,1,435,0,0,1,0,下位,0,435,43
100,100,0,116,231,0,0,0,747,101,-1060,1,下位,0,0,0
746,746,0,76,153,0,0,0,100,231,-990,1,下位,0,0,0
131,131,0,84,166,1,0,0,0,0,1,0,下位,0,0,0
557,557,0,385,772,0,0,0,131,166,-44,2,下位,0,0,0
90,90,0,74,149,0,0,0,557,772,-170,3,下位,0,0,0
73,73,0,1668,3272,1,0,0,0,0,1,0,下位,0,0,0
63,63,0,110,219,0,0,0,73,3272,3155,19,下位,0,0,0
298,298,0,280,560,1,0,0,0,0,1,0,下位,0,0,0
185,149,43,120,239,0,0,0,298,560,80,4,下位,0,0,0
36,36,0,120,239,0,1,149,298,560,80,4,下位,0,149,43
1003,574,51,204,407,0,0,0,185,239,64,2,下位,0,0,0
429,429,0,204,407,0,1,574,185,239,64,2,下位,0,574,51
432,432,0,580,1159,1,0,0,0,0,1,0,下位,0,0,0
1014,1014,0,166,331,0,0,0,432,1159,463,6,下位,0,0,0
432,432,0,548,1096,1,0,0,0,0,1,0,下位,0,0,0
433,433,0,645,1291,0,0,0,432,1096,400,11,下位,0,0,0
338,338,0,110,221,1,0,0,0,0,1,0,下位,0,0,0
729,729,0,40,79,0,0,0,338,221,-323,2,下位,0,0,0
103,103,0,64,130,1,0,0,0,0,1,0,下位,0,0,0
208,44,51,340,679,0,0,0,103,130,-35,1,下位,0,0,0
164,164,0,340,679,0,1,44,103,130,-35,1,下位,0,44,51
55,55,0,394,789,0,0,0,208,679,359,5,下位,0,0,0
344,167,43,84,167,0,0,0,55,789,1059,7,下位,0,0,0
177,177,0,84,167,0,1,167,55,789,1059,7,下位,0,167,43
114,114,0,358,717,0,0,0,344,167,715,2,下位,0,0,0
554,554,0,180,361,0,0,0,114,717,1248,4,下位,0,0,0
630,630,0,140,279,0,0,0,554,361,715,3,下位,0,0,0
144,144,0,124,247,1,0,0,0,0,1,0,下位,0,0,0
699,699,0,303,605,0,0,0,144,247,16,1,下位,0,0,0
210,210,0,176,351,0,0,0,699,605,-506,5,下位,0,0,0
337,125,45,716,1431,0,0,0,210,351,-494,3,下位,0,0,0
212,212,0,716,1431,0,1,125,210,351,-494,3,下位,0,125,45
564,564,0,54,109,0,0,0,337,1431,438,8,下位,0,0,0
39,39,0,90,181,1,0,0,0,0,1,0,下位,0,0,0
612,76,62,92,186,0,0,0,39,181,119,1,下位,0,0,0
536,284,35,92,186,0,1,76,39,181,119,1,下位,0,76,27
252,252,0,92,186,0,2,360,39,181,119,1,下位,0,284,35
310,310,0,80,158,0,0,0,612,186,-620,1,下位,0,0,0
49,49,0,140,278,1,0,0,0,0,1,0,下位,0,0,0
607,143,100,206,412,0,0,0,49,278,200,1,下位,0,0,0
464,432,47,206,412,0,1,143,49,278,200,1,下位,0,143,53
32,32,0,206,412,0,2,575,49,278,200,1,下位,0,432,47
417,417,0,700,1400,1,0,0,0,0,1,0,下位,0,0,0
317,317,0,946,1889,0,0,0,417,1400,728,4,下位,0,0,0
415,415,0,172,343,1,0,0,0,0,1,0,下位,0,0,0
731,33,80,24,49,0,0,0,415,343,-325,3,下位,0,0,0
698,432,45,24,49,0,1,33,415,343,-325,3,下位,0,33,35
266,266,0,24,49,0,2,465,415,343,-325,3,下位,0,432,45
312,170,51,734,1469,0,0,0,731,49,-1375,1,下位,0,0,0
142,142,0,734,1469,0,1,170,731,49,-1375,1,下位,0,170,51
147,147,0,232,466,0,0,0,312,1469,-358,11,下位,0,0,0
655,434,43,644,1291,1,0,0,0,0,1,0,下位,0,0,0
221,221,0,644,1291,1,1,434,0,0,1,0,下位,0,434,43
197,197,0,900,1802,0,0,0,655,1291,279,6,下位,0,0,0
432,432,0,170,339,1,0,0,0,0,1,0,下位,0,0,0
105,105,0,84,169,0,0,0,432,339,-357,3,下位,0,0,0
247,124,45,124,249,0,0,0,105,169,-357,1,下位,0,0,0
123,123,0,124,249,0,1,124,105,169,-357,1,下位,0,124,45
166,130,49,302,605,0,0,0,247,249,-461,2,下位,0,0,0
36,36,0,302,605,0,1,130,247,249,-461,2,下位,0,130,49
154,154,0,404,810,0,0,0,166,605,-75,3,下位,0,0,0
365,365,0,174,348,0,0,0,154,810,487,5,下位,0,0,0
433,433,0,136,272,1,0,0,0,0,1,0,下位,0,0,0
477,477,0,152,303,0,0,0,433,272,-425,1,下位,0,0,0
603,603,0,242,483,0,0,0,477,303,-891,3,下位,0,0,0
40,40,0,154,309,0,0,0,603,483,-1381,4,下位,0,0,0
645,558,29,738,1476,0,0,0,40,309,-1137,3,下位,0,0,0
87,87,0,738,1476,0,1,558,40,309,-1137,3,下位,0,558,29
1050,430,96,234,467,1,0,0,0,0,1,0,下位,0,0,0
620,190,41,234,467,1,1,430,0,0,1,0,下位,0,430,55
430,430,0,234,467,1,2,620,0,0,1,0,下位,0,190,41
143,143,0,56,113,0,0,0,1050,467,-1130,4,下位,0,0,0
592,592,0,886,1772,0,0,0,143,113,-1248,2,下位,0,0,0
477,351,49,138,278,0,0,0,592,1772,-431,12,下位,0,0,0
126,126,0,138,278,0,1,351,592,1772,-431,12,下位,0,351,49
365,334,39,616,1230,1,0,0,0,0,1,0,下位,0,0,0
31,31,0,616,1230,1,1,334,0,0,1,0,下位,0,334,39
984,212,131,210,421,0,0,0,365,1230,681,5,下位,0,0,0
772,433,76,210,421,0,1,212,365,1230,681,5,下位,0,212,55
339,312,37,210,421,0,2,645,365,1230,681,5,下位,0,433,39
27,27,0,210,421,0,3,957,365,1230,681,5,下位,0,312,37
433,433,0,196,391,1,0,0,0,0,1,0,下位,0,0,0
38,38,0,46,93,0,0,0,433,391,-306,5,下位,0,0,0
621,40,72,180,360,0,0,0,38,93,-274,1,下位,0,0,0
581,294,33,180,360,0,1,40,38,93,-274,1,下位,0,40,39
287,287,0,180,360,0,2,334,38,93,-274,1,下位,0,294,33
471,471,0,628,1258,0,0,0,621,360,-844,1,下位,0,0,0
30,30,0,138,275,1,0,0,0,0,1,0,下位,0,0,0
464,351,86,132,263,0,0,0,30,275,228,1,下位,0,0,0
113,26,45,132,263,0,1,351,30,275,228,1,下位,0,351,41
87,87,0,132,263,0,2,377,30,275,228,1,下位,0,26,45
285,285,0,572,1144,0,0,0,464,263,-171,1,下位,0,0,0
279,279,0,1196,2333,0,0,0,285,1144,513,7,下位,0,0,0
167,167,0,190,380,0,0,0,279,2333,2396,19,下位,0,0,0
865,100,147,776,1553,1,0,0,0,0,1,0,下位,0,0,0
765,139,92,776,1553,1,1,100,0,0,1,0,下位,0,100,55
626,184,57,776,1553,1,2,239,0,0,1,0,下位,0,139,35
442,442,0,776,1553,1,3,423,0,0,1,0,下位,0,184,57
204,204,0,36,71,0,0,0,865,1553,306,8,下位,0,0,0
168,168,0,940,1878,0,0,0,204,71,48,1,下位,0,0,0
61,61,0,1978,3883,0,0,0,168,1878,1655,11,下位,0,0,0
457,290,33,38,75,0,0,0,61,3883,5440,20,下位,0,0,0
167,167,0,38,75,0,1,290,61,3883,5440,20,下位,0,290,33
408,129,17,128,255,1,0,0,0,0,1,0,下位,0,0,0
279,279,0,128,255,1,1,129,0,0,1,0,下位,0,129,17
642,642,0,204,409,0,0,0,408,255,-385,1,下位,0,0,0
298,298,0,62,125,0,0,0,642,409,-1011,2,下位,0,0,0
179,179,0,150,301,0,0,0,298,125,-1367,2,下位,0,0,0
144,144,0,258,515,0,0,0,179,301,-1355,2,下位,0,0,0
171,171,0,296,590,0,0,0,144,515,-1072,3,下位,0,0,0
142,142,0,54,109,0,0,0,171,590,-758,3,下位,0,0,0
39,39,0,340,680,0,0,0,142,109,-878,1,下位,0,0,0
91,91,0,122,243,1,0,0,0,0,1,0,下位,0,0,0
581,63,74,492,985,0,0,0,91,243,97,1,下位,0,0,0
518,436,51,492,985,0,1,63,91,243,97,1,下位,0,63,23
82,82,0,492,985,0,2,499,91,243,97,1,下位,0,436,51
649,486,41,80,159,0,0,0,581,985,219,8,下位,0,0,0
163,163,0,80,159,0,1,486,581,985,219,8,下位,0,486,41
932,496,37,1012,2023,0,0,0,649,159,-628,1,下位,0,0,0
436,436,0,1012,2023,0,1,496,649,159,-628,1,下位,0,496,37
434,434,0,78,155,1,0,0,0,0,1,0,下位,0,0,0
80,80,0,104,208,0,0,0,434,155,-544,1,下位,0,0,0
447,447,0,1716,3372,0,0,0,80,208,-465,1,下位,0,0,0
78,78,0,456,910,0,0,0,447,3372,2186,18,下位,0,0,0
873,104,86,260,519,0,0,0,78,910,2970,6,下位,0,0,0
769,430,31,260,519,0,1,104,78,910,2970,6,下位,0,104,55
339,339,0,260,519,0,2,534,78,910,2970,6,下位,0,430,31
436,436,0,60,119,1,0,0,0,0,1,0,下位,0,0,0
508,65,49,218,435,0,0,0,436,119,-583,1,下位,0,0,0
443,443,0,218,435,0,1,65,436,119,-583,1,下位,0,65,49
149,149,0,186,371,0,0,0,508,435,-919,2,下位,0,0,0
412,391,29,186,373,1,0,0,0,0,1,0,下位,0,0,0
21,21,0,186,373,1,1,391,0,0,1,0,下位,0,391,29
138,138,0,410,819,0,0,0,412,373,-262,3,下位,0,0,0
184,184,0,350,700,0,0,0,138,819,334,5,下位,0,0,0
536,536,0,252,504,0,0,0,184,700,737,5,下位,0,0,0
87,87,0,122,245,0,0,0,536,504,376,3,下位,0,0,0
59,52,47,520,1039,0,0,0,87,245,481,2,下位,0,0,0
7,7,0,520,1039,0,1,52,87,245,481,2,下位,0,52,47
403,186,49,76,153,0,0,0,59,1039,1472,6,下位,0,0,0
217,217,0,76,153,0,1,186,59,1039,1472,6,下位,0,186,49
10,10,0,336,674,0,0,0,403,153,1024,2,下位,0,0,0
498,245,70,76,153,0,0,0,10,674,1682,7,下位,0,0,0
253,211,33,76,153,0,1,245,10,674,1682,7,下位,0,245,37
42,42,0,76,153,0,2,456,10,674,1682,7,下位,0,211,33
533,533,0,96,193,0,0,0,498,153,1102,1,下位,0,0,0
106,106,0,272,543,0,0,0,533,193,435,2,下位,0,0,0
276,276,0,178,357,0,0,0,106,543,807,4,下位,0,0,0
204,204,0,234,469,0,0,0,276,357,719,4,下位,0,0,0
766,331,55,138,276,1,0,0,0,0,1,0,下位,0,0,0
435,435,0,138,276,1,1,331,0,0,1,0,下位,0,331,55
153,153,0,116,230,0,0,0,766,276,-904,2,下位,0,0,0
475,275,94,32,63,0,0,0,153,230,-921,1,下位,0,0,0
200,31,41,32,63,0,1,275,153,230,-921,1,下位,0,275,53
169,169,0,32,63,0,2,306,153,230,-921,1,下位,0,31,41
616,187,41,104,209,0,0,0,475,63,-1531,1,下位,0,0,0
429,429,0,104,209,0,1,187,475,63,-1531,1,下位,0,187,41
572,22,103,492,985,0,0,0,616,209,-2275,1,下位,0,0,0
550,326,72,492,985,0,1,22,616,209,-2275,1,下位,0,22,31
224,185,21,492,985,0,2,348,616,209,-2275,1,下位,0,326,51
39,39,0,492,985,0,3,533,616,209,-2275,1,下位,0,185,21
191,191,0,88,175,0,0,0,572,985,-2109,9,下位,0,0,0
60,60,0,1172,2345,0,0,0,191,175,-2242,1,下位,0,0,0
135,135,0,220,442,1,0,0,0,0,1,0,下位,0,0,0
1189,320,145,120,239,0,0,0,135,442,225,3,下位,0,0,0
869,266,94,120,239,0,1,320,135,442,225,3,下位,0,320,51
603,169,51,120,239,0,2,586,135,442,225,3,下位,0,266,43
434,434,0,120,239,0,3,755,135,442,225,3,下位,0,169,51
156,156,0,618,1238,0,0,0,1189,239,-1309,2,下位,0,0,0
1107,811,84,152,304,0,0,0,156,1238,-323,11,下位,0,0,0
296,177,35,152,304,0,1,811,156,1238,-323,11,下位,0,811,49
119,119,0,152,304,0,2,988,156,1238,-323,11,下位,0,177,35
1010,1010,0,76,153,0,0,0,1107,304,-1720,1,下位,0,0,0
211,211,0,136,271,0,0,0,1010,153,-3196,1,下位,0,0,0
58,58,0,38,75,1,0,0,0,0,1,0,下位,0,0,0
939,557,49,328,657,0,0,0,58,75,-18,1,下位,0,0,0
382,382,0,328,657,0,1,557,58,75,-18,1,下位,0,557,49
319,111,58,148,295,1,0,0,0,0,1,0,下位,0,0,0
208,74,31,148,295,1,1,111,0,0,1,0,下位,0,111,27
134,134,0,148,295,1,2,185,0,0,1,0,下位,0,74,31
56,56,0,168,335,0,0,0,319,295,-160,2,下位,0,0,0
396,396,0,42,85,0,0,0,56,335,85,3,下位,0,0,0
489,56,47,1258,2517,0,0,0,396,85,-469,1,下位,0,0,0
433,433,0,1258,2517,0,1,56,396,85,-469,1,下位,0,56,47
37,37,0,110,219,0,0,0,489,2517,1307,12,下位,0,0,0
786,430,23,44,89,1,0,0,0,0,1,0,下位,0,0,0
356,356,0,44,89,1,1,430,0,0,1,0,下位,0,430,23
276,276,0,204,407,0,0,0,786,89,-1155,1,下位,0,0,0
230,230,0,348,698,0,0,0,276,407,-1193,4,下位,0,0,0
611,432,41,46,93,1,0,0,0,0,1,0,下位,0,0,0
179,179,0,46,93,1,1,432,0,0,1,0,下位,0,432,41
813,84,155,454,909,0,0,0,611,93,-851,1,下位,0,0,0
729,30,104,454,909,0,1,84,611,93,-851,1,下位,0,84,51
699,433,49,454,909,0,2,114,611,93,-851,1,下位,0,30,55
266,266,0,454,909,0,3,547,611,93,-851,1,下位,0,433,49
119,119,0,38,78,1,0,0,0,0,1,0,下位,0,0,0
1061,906,49,524,1046,0,0,0,119,78,-113,1,下位,0,0,0
155,155,0,524,1046,0,1,906,119,78,-113,1,下位,0,906,49
433,433,0,1334,2666,1,0,0,0,0,1,0,下位,0,0,0
337,337,0,180,359,0,0,0,433,2666,1969,17,下位,0,0,0
199,199,0,260,520,0,0,0,337,359,1784,2,下位,0,0,0
315,142,30,152,303,0,0,0,199,520,1983,5,下位,0,0,0
173,173,0,152,303,0,1,142,199,520,1983,5,下位,0,142,30
31,31,0,74,147,0,0,0,315,303,1808,2,下位,0,0,0
149,149,0,106,213,0,0,0,31,147,1905,1,下位,0,0,0
53,53,0,88,177,0,0,0,149,213,1878,2,下位,0,0,0
165,165,0,82,163,1,0,0,0,0,1,0,下位,0,0,0
39,39,0,974,1949,0,0,0,165,163,-102,1,下位,0,0,0
512,512,0,440,880,0,0,0,39,1949,1784,7,下位,0,0,0
548,408,47,114,229,0,0,0,512,880,1838,7,下位,0,0,0
140,140,0,114,229,0,1,408,512,880,1838,7,下位,0,408,47
41,41,0,492,986,0,0,0,548,229,1230,2,下位,0,0,0
320,320,0,234,466,0,0,0,41,986,2150,4,下位,0,0,0
186,49,59,88,175,0,0,0,320,466,2100,2,下位,0,0,0
137,137,0,88,175,0,1,49,320,466,2100,2,下位,0,49,59
432,432,0,82,165,1,0,0,0,0,1,0,下位,0,0,0
344,344,0,466,932,0,0,0,432,165,-531,1,下位,0,0,0
195,195,0,156,311,0,0,0,344,932,-154,6,下位,0,0,0
393,393,0,288,577,0,0,0,195,311,-158,2,下位,0,0,0
702,702,0,42,83,0,0,0,393,577,-215,5,下位,0,0,0
242,242,0,250,499,0,0,0,702,83,-1264,1,下位,0,0,0
488,343,130,178,355,0,0,0,242,499,-1155,4,下位,0,0,0
145,44,81,178,355,0,1,343,242,499,-1155,4,下位,0,343,49
101,36,48,178,355,0,2,387,242,499,-1155,4,下位,0,44,33
65,65,0,178,355,0,3,423,242,499,-1155,4,下位,0,36,48
238,138,39,368,735,0,0,0,488,355,-1457,3,下位,0,0,0
100,100,0,368,735,0,1,138,488,355,-1457,3,下位,0,138,39
740,469,45,106,212,0,0,0,238,735,-1067,5,下位,0,0,0
271,271,0,106,212,0,1,469,238,735,-1067,5,下位,0,469,45
238,238,0,198,397,1,0,0,0,0,1,0,下位,0,0,0
135,135,0,2044,4028,0,0,0,238,397,14,3,下位,0,0,0
687,254,47,58,115,0,0,0,135,4028,3824,29,下位,0,0,0
433,433,0,58,115,0,1,254,135,4028,3824,29,下位,0,254,47
209,209,0,48,95,0,0,0,687,115,2878,1,下位,0,0,0
345,345,0,48,97,0,0,0,209,95,2636,1,下位,0,0,0
1018,1018,0,2612,5158,0,0,0,345,97,2177,1,下位,0,0,0
332,143,100,80,161,0,0,0,1018,5158,5693,33,下位,0,0,0
189,37,47,80,161,0,1,143,1018,5158,5693,33,下位,0,143,53
152,152,0,80,161,0,2,180,1018,5158,5693,33,下位,0,37,47
43,43,0,426,790,0,0,0,332,161,5418,1,下位,0,0,0
434,434,0,530,1062,1,0,0,0,0,1,0,下位,0,0,0
281,281,0,54,109,0,0,0,434,1062,363,7,下位,0,0,0
171,171,0,232,463,0,0,0,281,109,19,1,下位,0,0,0
11,11,0,130,259,0,0,0,171,463,206,3,下位,0,0,0
432,432,0,270,540,1,0,0,0,0,1,0,下位,0,0,0
578,145,47,92,185,0,0,0,432,540,-156,5,下位,0,0,0
433,433,0,92,185,0,1,145,432,540,-156,5,下位,0,145,47
150,150,0,158,315,0,0,0,578,185,-856,2,下位,0,0,0
40,40,0,80,161,0,0,0,150,315,-783,3,下位,0,0,0
581,146,206,562,1124,1,0,0,0,0,1,0,下位,0,0,0
435,435,0,562,1124,1,1,146,0,0,1,0,下位,0,146,206
297,282,25,714,1430,0,0,0,581,1124,394,11,下位,0,0,0
15,15,0,714,1430,0,1,282,581,1124,394,11,下位,0,282,25
432,432,0,386,771,1,0,0,0,0,1,0,下位,0,0,0
356,356,0,1094,2190,0,0,0,432,771,75,4,下位,0,0,0
24,24,0,508,958,0,0,0,356,2190,1691,14,下位,0,0,0
438,438,0,215,430,0,0,0,24,958,2610,6,下位,0,0,0
692,433,86,82,165,1,0,0,0,0,1,0,下位,0,0,0
259,151,47,82,165,1,1,433,0,0,1,0,下位,0,433,39
108,108,0,82,165,1,2,584,0,0,1,0,下位,0,151,47
360,360,0,242,485,1,0,0,0,0,1,0,下位,0,0,0
738,304,45,300,601,0,0,0,360,485,-95,4,下位,0,0,0
434,434,0,300,601,0,1,304,360,485,-95,4,下位,0,304,45
522,522,0,38,78,0,0,0,738,601,-639,6,下位,0,0,0
432,432,0,172,345,1,0,0,0,0,1,0,下位,0,0,0
370,54,43,410,818,0,0,0,432,345,-351,3,下位,0,0,0
316,316,0,410,818,0,1,54,432,345,-351,3,下位,0,54,43
430,430,0,386,774,1,0,0,0,0,1,0,下位,0,0,0
308,155,43,126,251,0,0,0,430,774,81,3,下位,0,0,0
153,153,0,126,251,0,1,155,430,774,81,3,下位,0,155,43
189,189,0,42,82,0,0,0,308,251,-122,1,下位,0,0,0
90,90,0,662,1327,0,0,0,189,82,-345,1,下位,0,0,0
384,384,0,560,1121,1,0,0,0,0,1,0,下位,0,0,0
195,195,0,82,165,0,0,0,384,1121,503,7,下位,0,0,0
190,190,0,158,315,0,0,0,195,165,353,2,下位,0,0,0
935,613,37,214,428,0,0,0,190,315,362,2,下位,0,0,0
322,322,0,214,428,0,1,613,190,315,362,2,下位,0,613,37
66,66,0,166,331,0,0,0,935,428,-681,3,下位,0,0,0
209,209,0,1174,2346,0,0,0,66,331,-456,1,下位,0,0,0
568,416,37,934,1809,0,0,0,209,2346,1553,16,下位,0,0,0
152,152,0,934,1809,0,1,416,209,2346,1553,16,下位,0,416,37
549,336,35,98,195,0,0,0,568,1809,2483,12,下位,0,0,0
213,213,0,98,195,0,1,336,568,1809,2483,12,下位,0,336,35
433,433,0,266,532,1,0,0,0,0,1,0,下位,0,0,0
198,198,0,74,149,0,0,0,433,532,-165,3,下位,0,0,0
26,26,0,136,271,0,0,0,198,149,-335,2,下位,0,0,0
1020,1020,0,144,288,0,0,0,26,271,-106,4,下位,0,0,0
24,24,0,126,253,0,0,0,1020,288,-1463,3,下位,0,0,0
156,156,0,330,661,0,0,0,24,253,-1249,3,下位,0,0,0
80,41,53,652,1304,0,0,0,156,661,-840,5,下位,0,0,0
39,39,0,652,1304,0,1,41,156,661,-840,5,下位,0,41,53
143,143,0,138,274,0,0,0,80,1304,388,11,下位,0,0,0
391,165,31,48,97,1,0,0,0,0,1,0,下位,0,0,0
226,226,0,48,97,1,1,165,0,0,1,0,下位,0,165,31
614,614,0,462,924,0,0,0,391,97,-502,1,下位,0,0,0
422,422,0,278,556,0,0,0,614,924,-568,6,下位,0,0,0
155,155,0,966,1933,0,0,0,422,556,-693,1,下位,0,0,0
1013,1013,0,78,157,0,0,0,155,1933,990,13,下位,0,0,0
332,332,0,142,284,0,0,0,1013,157,-487,1,下位,0,0,0
131,131,0,160,319,1,0,0,0,0,1,0,下位,0,0,0
169,169,0,338,676,0,0,0,131,319,109,2,下位,0,0,0
1134,734,80,2062,4063,0,0,0,169,676,512,4,下位,0,0,0
400,255,43,2062,4063,0,1,734,169,676,512,4,下位,0,734,37
145,145,0,2062,4063,0,2,989,169,676,512,4,下位,0,255,43
206,206,0,116,233,0,0,0,1134,4063,2826,25,下位,0,0,0
30,30,0,378,754,0,0,0,206,233,2727,1,下位,0,0,0
160,160,0,74,146,0,0,0,30,754,3433,5,下位,0,0,0
612,612,0,128,254,0,0,0,160,146,3321,1,下位,0,0,0
141,141,0,154,310,0,0,0,612,254,2588,3,下位,0,0,0
526,322,23,504,1010,0,0,0,141,310,2671,1,下位,0,0,0
204,204,0,504,1010,0,1,322,141,310,2671,1,下位,0,322,23
335,335,0,118,238,0,0,0,526,1010,2856,10,下位,0,0,0
432,432,0,94,189,1,0,0,0,0,1,0,下位,0,0,0
682,352,93,348,697,0,0,0,432,189,-507,2,下位,0,0,0
330,37,58,348,697,0,1,352,432,189,-507,2,下位,0,352,35
293,22,29,348,697,0,2,389,432,189,-507,2,下位,0,37,29
271,271,0,348,697,0,3,411,432,189,-507,2,下位,0,22,29
763,763,0,176,352,0,0,0,682,697,-817,5,下位,0,0,0
170,170,0,240,479,0,0,0,763,352,-1696,2,下位,0,0,0
545,21,88,120,241,0,0,0,170,479,-1491,2,下位,0,0,0
524,94,37,120,241,0,1,21,170,479,-1491,2,下位,0,21,51
430,430,0,120,241,0,2,115,170,479,-1491,2,下位,0,94,37
506,506,0,108,215,0,0,0,545,241,-2042,2,下位,0,0,0
147,147,0,58,116,0,0,0,506,215,-2643,1,下位,0,0,0
100,100,0,294,590,0,0,0,147,116,-2764,1,下位,0,0,0
554,554,0,162,323,0,0,0,100,590,-2335,3,下位,0,0,0
29,29,0,54,107,0,0,0,554,323,-2906,1,下位,0,0,0
1035,290,74,1172,2345,1,0,0,0,0,1,0,下位,0,0,0
745,313,41,1172,2345,1,1,290,0,0,1,0,下位,0,290,33
432,432,0,1172,2345,1,2,603,0,0,1,0,下位,0,313,41
853,853,0,529,1060,0,0,0,1035,2345,750,11,下位,0,0,0
330,330,0,270,539,0,0,0,853,1060,434,7,下位,0,0,0
1099,254,106,1248,2495,0,0,0,330,539,441,4,下位,0,0,0
845,433,53,1248,2495,0,1,254,330,539,441,4,下位,0,254,53
412,412,0,1248,2495,0,2,687,330,539,441,4,下位,0,433,53
160,160,0,134,268,1,0,0,0,0,1,0,下位,0,0,0
851,457,41,160,321,0,0,0,160,268,11,2,下位,0,0,0
394,394,0,160,321,0,1,457,160,268,11,2,下位,0,457,41
427,427,0,96,192,0,0,0,851,321,-999,3,下位,0,0,0
445,445,0,94,187,0,0,0,427,192,-1496,1,下位,0,0,0
91,91,0,472,946,0,0,0,445,187,-2027,1,下位,0,0,0
259,259,0,130,261,0,0,0,91,946,-1228,6,下位,0,0,0
949,949,0,40,79,0,0,0,259,261,-1385,2,下位,0,0,0
113,113,0,92,183,0,0,0,949,79,-2837,1,下位,0,0,0
140,140,0,452,906,0,0,0,113,183,-2836,1,下位,0,0,0
40,40,0,176,351,1,0,0,0,0,1,0,下位,0,0,0
55,55,0,698,1396,0,0,0,40,351,287,3,下位,0,0,0
86,86,0,130,258,0,0,0,55,1396,1594,9,下位,0,0,0
811,156,141,1048,2034,0,0,0,86,258,1713,3,下位,0,0,0
655,329,112,1048,2034,0,1,156,86,258,1713,3,下位,0,156,29
326,27,65,1048,2034,0,2,485,86,258,1713,3,下位,0,329,47
299,150,18,1048,2034,0,3,512,86,258,1713,3,下位,0,27,47
149,149,0,1048,2034,0,4,662,86,258,1713,3,下位,0,150,18
1087,224,68,564,1127,0,0,0,811,2034,2579,12,下位,0,0,0
863,431,31,564,1127,0,1,224,811,2034,2579,12,下位,0,224,37
432,432,0,564,1127,0,2,655,811,2034,2579,12,下位,0,431,31
249,249,0,272,545,0,0,0,1087,1127,2021,6,下位,0,0,0
550,410,51,88,177,0,0,0,249,545,2164,5,下位,0,0,0
140,140,0,88,177,0,1,410,249,545,2164,5,下位,0,410,51
284,284,0,376,751,0,0,0,550,177,1505,1,下位,0,0,0
310,310,0,78,155,0,0,0,284,751,1798,6,下位,0,0,0
150,150,0,68,135,1,0,0,0,0,1,0,下位,0,0,0
535,535,0,148,297,0,0,0,150,135,-106,1,下位,0,0,0
99,99,0,68,135,0,0,0,535,297,-672,2,下位,0,0,0
2152,966,119,264,530,0,0,0,99,135,-697,1,下位,0,0,0
1186,433,78,264,530,0,1,966,99,135,-697,1,下位,0,966,41
753,432,35,264,530,0,2,1399,99,135,-697,1,下位,0,433,43
321,321,0,264,530,0,3,1831,99,135,-697,1,下位,0,432,35
1235,1031,55,200,400,0,0,0,2152,530,-3519,5,下位,0,0,0
204,204,0,200,400,0,1,1031,2152,530,-3519,5,下位,0,1031,55
223,223,0,84,166,0,0,0,1235,400,-5056,3,下位,0,0,0
138,138,0,44,89,0,0,0,223,166,-5250,1,下位,0,0,0
166,166,0,38,77,0,0,0,138,89,-5384,1,下位,0,0,0
319,319,0,38,76,0,0,0,166,77,-5575,1,下位,0,0,0
481,48,41,680,1359,0,0,0,319,76,-6014,1,下位,0,0,0
433,433,0,680,1359,0,1,48,319,76,-6014,1,下位,0,48,41
155,155,0,256,512,1,0,0,0,0,1,0,下位,0,0,0
1117,1010,47,188,375,0,0,0,155,512,263,2,下位,0,0,0
107,107,0,188,375,0,1,1010,155,512,263,2,下位,0,1010,47
80,80,0,216,433,0,0,0,1117,375,-1117,1,下位,0,0,0
246,156,55,778,1558,0,0,0,80,433,-813,2,下位,0,0,0
90,90,0,778,1558,0,1,156,80,433,-813,2,下位,0,156,55
287,287,0,44,87,0,0,0,246,1558,403,8,下位,0,0,0
245,160,55,306,611,0,0,0,287,87,27,1,下位,0,0,0
85,85,0,306,611,0,1,160,287,87,27,1,下位,0,160,55
663,518,10,320,641,0,0,0,245,611,298,3,下位,0,0,0
145,145,0,320,641,0,1,518,245,611,298,3,下位,0,518,10
113,113,0,38,76,0,0,0,663,641,-120,4,下位,0,0,0
430,132,33,118,237,0,0,0,113,76,-226,1,下位,0,0,0
298,298,0,118,237,0,1,132,113,76,-226,1,下位,0,132,33
145,145,0,334,668,1,0,0,0,0,1,0,下位,0,0,0
393,393,0,236,471,0,0,0,145,668,435,4,下位,0,0,0
496,496,0,86,173,0,0,0,393,471,272,3,下位,0,0,0
974,545,9,266,531,0,0,0,496,173,-355,1,下位,0,0,0
429,429,0,266,531,0,1,545,496,173,-355,1,下位,0,545,9
703,703,0,280,560,0,0,0,974,531,-1386,4,下位,0,0,0
157,157,0,506,1012,1,0,0,0,0,1,0,下位,0,0,0
1500,1011,140,1312,2623,0,0,0,157,1012,760,4,下位,0,0,0
489,55,103,1312,2623,0,1,1011,157,1012,760,4,下位,0,1011,37
434,184,61,1312,2623,0,2,1066,157,1012,760,4,下位,0,55,42
250,250,0,1312,2623,0,3,1250,157,1012,760,4,下位,0,184,61
962,617,41,1213,2423,0,0,0,1500,2623,1103,16,下位,0,0,0
345,345,0,1213,2423,0,1,617,1500,2623,1103,16,下位,0,617,41
270,94,33,134,268,1,0,0,0,0,1,0,下位,0,0,0
176,176,0,134,268,1,1,94,0,0,1,0,下位,0,94,33
40,40,0,301,602,0,0,0,270,268,-134,2,下位,0,0,0
309,309,0,260,522,0,0,0,40,602,403,8,下位,0,0,0
565,565,0,280,559,0,0,0,309,522,427,4,下位,0,0,0
421,421,0,492,983,0,0,0,565,559,75,5,下位,0,0,0
690,690,0,112,224,0,0,0,421,983,379,5,下位,0,0,0
889,620,42,38,77,0,0,0,690,224,-510,2,下位,0,0,0
269,269,0,38,77,0,1,620,690,224,-510,2,下位,0,620,42
1043,1003,37,270,537,0,0,0,889,77,-1825,1,下位,0,0,0
40,40,0,270,537,0,1,1003,889,77,-1825,1,下位,0,1003,37
209,142,21,22,45,1,0,0,0,0,1,0,下位,0,0,0
67,67,0,22,45,1,1,142,0,0,1,0,下位,0,142,21
1015,1015,0,90,179,0,0,0,209,45,-270,1,下位,0,0,0
898,36,76,50,99,0,0,0,1015,179,-1728,1,下位,0,0,0
862,434,35,50,99,0,1,36,1015,179,-1728,1,下位,0,36,41
428,428,0,50,99,0,2,470,1015,179,-1728,1,下位,0,434,35
324,324,0,220,439,0,0,0,898,99,-3001,1,下位,0,0,0
727,291,31,156,313,0,0,0,324,439,-3085,2,下位,0,0,0
436,436,0,156,313,0,1,291,324,439,-3085,2,下位,0,291,31
1015,1015,0,90,181,0,0,0,727,313,-3913,2,下位,0,0,0
151,151,0,284,569,1,0,0,0,0,1,0,下位,0,0,0
647,201,19,554,1108,0,0,0,151,569,326,4,下位,0,0,0
446,446,0,554,1108,0,1,201,151,569,326,4,下位,0,201,19
230,230,0,356,713,0,0,0,647,1108,410,6,下位,0,0,0
1031,756,61,226,451,0,0,0,230,713,752,5,下位,0,0,0
275,275,0,226,451,0,1,756,230,713,752,5,下位,0,756,61
371,371,0,724,1449,0,0,0,1031,451,-399,2,下位,0,0,0
310,310,0,670,1342,0,0,0,371,1449,452,11,下位,0,0,0
247,96,53,106,212,1,0,0,0,0,1,0,下位,0,0,0
151,151,0,106,212,1,1,96,0,0,1,0,下位,0,96,53
541,541,0,62,125,0,0,0,247,212,-133,3,下位,0,0,0
96,96,0,48,95,0,0,0,541,125,-881,1,下位,0,0,0
7,7,0,388,777,0,0,0,96,95,-941,1,下位,0,0,0
1443,1010,31,280,558,0,0,0,7,777,-175,6,下位,0,0,0
433,433,0,280,558,0,1,1010,7,777,-175,6,下位,0,1010,31
973,973,0,100,200,0,0,0,1443,558,-1913,5,下位,0,0,0
996,727,45,174,349,0,0,0,973,200,-3282,1,下位,0,0,0
269,269,0,174,349,0,1,727,973,200,-3282,1,下位,0,727,45
145,145,0,40,80,0,0,0,996,349,-4495,3,下位,0,0,0
343,343,0,252,505,1,0,0,0,0,1,0,下位,0,0,0
153,153,0,144,287,0,0,0,343,505,-47,3,下位,0,0,0
476,476,0,86,171,0,0,0,153,287,-7,2,下位,0,0,0
71,71,0,142,283,0,0,0,476,171,-604,1,下位,0,0,0
806,806,0,100,199,0,0,0,71,283,-436,2,下位,0,0,0
291,291,0,228,457,0,0,0,806,199,-1537,1,下位,0,0,0
318,318,0,116,233,0,0,0,291,457,-1549,4,下位,0,0,0
1076,798,41,104,209,0,0,0,318,233,-1829,2,下位,0,0,0
278,278,0,104,209,0,1,798,318,233,-1829,2,下位,0,798,41
267,267,0,176,353,1,0,0,0,0,1,0,下位,0,0,0
673,673,0,158,315,0,0,0,267,353,-77,2,下位,0,0,0
146,146,0,186,373,0,0,0,673,315,-847,3,下位,0,0,0
27,27,0,322,645,0,0,0,146,373,-709,6,下位,0,0,0
727,727,0,82,163,0,0,0,27,645,-108,5,下位,0,0,0
363,363,0,720,1440,0,0,0,727,163,-1118,1,下位,0,0,0
63,63,0,56,111,0,0,0,363,1440,-263,6,下位,0,0,0
622,390,99,42,85,0,0,0,63,111,-254,1,下位,0,0,0
232,114,46,42,85,0,1,390,63,111,-254,1,下位,0,390,53
118,118,0,42,85,0,2,504,63,111,-254,1,下位,0,114,46
115,115,0,380,759,0,0,0,622,85,-1073,1,下位,0,0,0
552,135,49,262,523,0,0,0,115,759,-499,5,下位,0,0,0
417,417,0,262,523,0,1,135,115,759,-499,5,下位,0,135,49
388,388,0,106,211,0,0,0,552,523,-818,5,下位,0,0,0
103,103,0,120,239,0,0,0,388,211,-1233,2,下位,0,0,0
434,434,0,1474,2946,1,0,0,0,0,1,0,下位,0,0,0
144,144,0,672,1253,0,0,0,434,2946,2247,14,下位,0,0,0
212,212,0,88,175,0,0,0,144,1253,3268,5,下位,0,0,0
100,100,0,228,455,0,0,0,212,175,3101,1,下位,0,0,0
27,27,0,646,1293,0,0,0,100,455,3395,2,下位,0,0,0
546,546,0,18,34,0,0,0,27,1293,4644,8,下位,0,0,0
62,62,0,872,1745,0,0,0,546,34,3797,1,下位,0,0,0
512,512,0,46,93,0,0,0,62,1745,5442,13,下位,0,0,0
927,764,49,192,385,0,0,0,512,93,4709,1,下位,0,0,0
163,163,0,192,385,0,1,764,512,93,4709,1,下位,0,764,49
164,164,0,276,550,0,0,0,927,385,3648,2,下位,0,0,0
834,238,80,216,433,0,0,0,164,550,3933,2,下位,0,0,0
596,167,35,216,433,0,1,238,164,550,3933,2,下位,0,238,45
429,429,0,216,433,0,2,405,164,550,3933,2,下位,0,167,35
225,35,13,84,169,1,0,0,0,0,1,0,下位,0,0,0
190,190,0,84,169,1,1,35,0,0,1,0,下位,0,35,13
607,347,221,186,370,0,0,0,225,169,-179,1,下位,0,0,0
260,28,213,186,370,0,1,347,225,169,-179,1,下位,0,347,8
232,104,23,186,370,0,2,375,225,169,-179,1,下位,0,28,190
128,128,0,186,370,0,3,479,225,169,-179,1,下位,0,104,23
277,277,0,262,521,0,0,0,607,370,-567,3,下位,0,0,0
33,33,0,98,197,0,0,0,277,521,-493,3,下位,0,0,0
647,647,0,132,266,0,0,0,33,197,-349,2,下位,0,0,0
29,29,0,778,1554,0,0,0,647,266,-1127,3,下位,0,0,0
63,63,0,84,169,0,0,0,29,1554,380,13,下位,0,0,0
189,189,0,92,185,0,0,0,63,169,447,1,下位,0,0,0
136,136,0,108,214,1,0,0,0,0,1,0,下位,0,0,0
565,132,31,38,77,0,0,0,136,214,-4,2,下位,0,0,0
433,433,0,38,77,0,1,132,136,214,-4,2,下位,0,132,31
69,69,0,98,195,0,0,0,565,77,-807,1,下位,0,0,0
411,411,0,266,533,0,0,0,69,195,-723,1,下位,0,0,0
1410,497,250,1134,2269,0,0,0,411,533,-853,3,下位,0,0,0
913,372,199,1134,2269,0,1,497,411,533,-853,3,下位,0,497,51
541,144,143,1134,2269,0,2,869,411,533,-853,3,下位,0,372,56
397,397,0,1134,2269,0,3,1013,411,533,-853,3,下位,0,144,143
947,432,90,226,453,0,0,0,1410,2269,-608,14,下位,0,0,0
515,156,41,226,453,0,1,432,1410,2269,-608,14,下位,0,432,49
359,359,0,226,453,0,2,588,1410,2269,-608,14,下位,0,156,41
1093,661,99,90,181,0,0,0,947,453,-1593,3,下位,0,0,0
432,432,0,90,181,0,1,661,947,453,-1593,3,下位,0,661,99
237,102,22,1076,2153,1,0,0,0,0,1,0,下位,0,0,0
135,135,0,1076,2153,1,1,102,0,0,1,0,下位,0,102,22
11,11,0,555,1047,0,0,0,237,2153,1793,15,下位,0,0,0
346,346,0,206,413,0,0,0,11,1047,2822,4,下位,0,0,0
140,140,0,198,395,0,0,0,346,413,2677,4,下位,0,0,0
526,526,0,90,181,0,0,0,140,395,2846,1,下位,0,0,0
503,503,0,42,85,0,0,0,526,181,2179,2,下位,0,0,0
12,12,0,1176,2352,0,0,0,503,85,1453,1,下位,0,0,0
1127,693,13,110,221,0,0,0,12,2352,3786,14,下位,0,0,0
434,434,0,110,221,0,1,693,12,2352,3786,14,下位,0,693,13
429,429,0,266,531,1,0,0,0,0,1,0,下位,0,0,0
540,540,0,2058,4053,0,0,0,429,531,-160,4,下位,0,0,0
181,30,34,86,171,0,0,0,540,4053,3022,25,下位,0,0,0
151,151,0,86,171,0,1,30,540,4053,3022,25,下位,0,30,34
599,264,26,608,1219,0,0,0,181,171,2935,1,下位,0,0,0
335,335,0,608,1219,0,1,264,181,171,2935,1,下位,0,264,26
356,207,45,152,305,0,0,0,599,1219,3214,11,下位,0,0,0
149,149,0,152,305,0,1,207,599,1219,3214,11,下位,0,207,45
1012,1012,0,322,643,0,0,0,356,305,2990,2,下位,0,0,0
149,149,0,412,824,0,0,0,1012,643,2001,4,下位,0,0,0
520,157,76,200,399,1,0,0,0,0,1,0,下位,0,0,0
363,253,41,200,399,1,1,157,0,0,1,0,下位,0,157,35
110,110,0,200,399,1,2,410,0,0,1,0,下位,0,253,41
162,162,0,56,113,0,0,0,520,399,-362,5,下位,0,0,0
164,164,0,534,1070,0,0,0,162,113,-510,1,下位,0,0,0
1076,201,98,76,153,0,0,0,164,1070,295,9,下位,0,0,0
875,432,49,76,153,0,1,201,164,1070,295,9,下位,0,201,49
443,443,0,76,153,0,2,633,164,1070,295,9,下位,0,432,49
884,649,33,52,103,0,0,0,1076,153,-1190,1,下位,0,0,0
235,235,0,52,103,0,1,649,1076,153,-1190,1,下位,0,649,33
431,431,0,304,607,0,0,0,884,103,-2480,2,下位,0,0,0
701,701,0,138,277,0,0,0,431,607,-2568,6,下位,0,0,0
432,432,0,126,253,1,0,0,0,0,1,0,下位,0,0,0
123,123,0,47,94,0,0,0,432,253,-443,2,下位,0,0,0
159,159,0,132,263,0,0,0,123,94,-547,1,下位,0,0,0
130,130,0,472,943,0,0,0,159,263,-540,3,下位,0,0,0
467,467,0,98,197,0,0,0,130,943,193,6,下位,0,0,0
1274,488,63,130,259,0,0,0,467,197,-363,2,下位,0,0,0
786,146,30,130,259,0,1,488,467,197,-363,2,下位,0,488,33
640,426,15,130,259,0,2,634,467,197,-363,2,下位,0,146,15
214,214,0,130,259,0,3,1060,467,197,-363,2,下位,0,426,15
160,160,0,914,1826,0,0,0,1274,259,-2095,5,下位,0,0,0
43,43,0,214,428,0,0,0,160,1826,-527,15,下位,0,0,0
115,115,0,230,461,1,0,0,0,0,1,0,下位,0,0,0
602,176,80,44,89,0,0,0,115,461,277,3,下位,0,0,0
426,260,57,44,89,0,1,176,115,461,277,3,下位,0,176,23
166,166,0,44,89,0,2,436,115,461,277,3,下位,0,260,57
590,301,39,534,1066,0,0,0,602,89,-525,1,下位,0,0,0
289,289,0,534,1066,0,1,301,602,89,-525,1,下位,0,301,39
582,150,29,256,510,1,0,0,0,0,1,0,下位,0,0,0
432,432,0,256,510,1,1,150,0,0,1,0,下位,0,150,29
139,139,0,302,604,0,0,0,582,510,-399,5,下位,0,0,0
572,166,103,692,1383,0,0,0,139,604,-19,4,下位,0,0,0
406,50,66,692,1383,0,1,166,139,604,-19,4,下位,0,166,37
356,331,29,692,1383,0,2,216,139,604,-19,4,下位,0,50,37
25,25,0,692,1383,0,3,547,139,604,-19,4,下位,0,331,29
338,338,0,644,1288,0,0,0,572,1383,544,7,下位,0,0,0
585,148,41,223,446,1,0,0,0,0,1,0,下位,0,0,0
437,437,0,223,446,1,1,148,0,0,1,0,下位,0,148,41
220,220,0,198,395,0,0,0,585,446,-456,4,下位,0,0,0
276,276,0,262,523,0,0,0,220,395,-416,3,下位,0,0,0
191,191,0,180,361,0,0,0,276,523,-338,2,下位,0,0,0
328,328,0,446,894,0,0,0,191,361,-285,3,下位,0,0,0
658,658,0,518,1039,0,0,0,328,894,80,6,下位,0,0,0
296,296,0,380,762,0,0,0,658,1039,58,7,下位,0,0,0
469,148,70,192,384,1,0,0,0,0,1,0,下位,0,0,0
321,176,31,192,384,1,1,148,0,0,1,0,下位,0,148,39
145,145,0,192,384,1,2,324,0,0,1,0,下位,0,176,31
605,113,100,78,155,0,0,0,469,384,-302,1,下位,0,0,0
492,173,51,78,155,0,1,113,469,384,-302,1,下位,0,113,49
319,319,0,78,155,0,2,286,469,384,-302,1,下位,0,173,51
152,152,0,850,1701,0,0,0,605,155,-1023,1,下位,0,0,0
325,325,0,1358,2655,0,0,0,152,1701,433,13,下位,0,0,0
566,127,18,878,1754,0,0,0,325,2655,2564,15,下位,0,0,0
439,439,0,878,1754,0,1,127,325,2655,2564,15,下位,0,127,18
866,434,35,226,453,1,0,0,0,0,1,0,下位,0,0,0
432,432,0,226,453,1,1,434,0,0,1,0,下位,0,434,35
23,23,0,202,404,0,0,0,866,453,-908,4,下位,0,0,0
217,217,0,86,171,0,0,0,23,404,-541,3,下位,0,0,0
1011,1011,0,166,333,0,0,0,217,171,-720,1,下位,0,0,0
158,158,0,384,771,0,0,0,1011,333,-2018,3,下位,0,0,0
52,52,0,84,167,0,0,0,158,771,-1502,6,下位,0,0,0
293,293,0,140,279,0,0,0,52,167,-1419,2,下位,0,0,0
434,434,0,48,95,1,0,0,0,0,1,0,下位,0,0,0
207,98,53,1576,3089,0,0,0,434,95,-604,1,下位,0,0,0
109,109,0,1576,3089,0,1,98,434,95,-604,1,下位,0,98,53
1253,718,77,160,321,0,0,0,207,3089,2204,16,下位,0,0,0
535,100,23,160,321,0,1,718,207,3089,2204,16,下位,0,718,54
435,435,0,160,321,0,2,818,207,3089,2204,16,下位,0,100,23
619,440,41,930,1859,0,0,0,1253,321,581,3,下位,0,0,0
179,179,0,930,1859,0,1,440,1253,321,581,3,下位,0,440,41
279,279,0,562,1121,0,0,0,619,1859,1482,13,下位,0,0,0
70,70,0,520,1039,1,0,0,0,0,1,0,下位,0,0,0
498,65,59,52,105,0,0,0,70,1039,927,7,下位,0,0,0
433,433,0,52,105,0,1,65,70,1039,927,7,下位,0,65,59
1279,434,72,58,115,1,0,0,0,0,1,0,下位,0,0,0
845,413,23,58,115,1,1,434,0,0,1,0,下位,0,434,49
432,432,0,58,115,1,2,847,0,0,1,0,下位,0,413,23
38,38,0,78,155,0,0,0,1279,115,-1875,1,下位,0,0,0
203,203,0,208,416,0,0,0,38,155,-1781,2,下位,0,0,0
107,79,41,72,145,1,0,0,0,0,1,0,下位,0,0,0
28,28,0,72,145,1,1,79,0,0,1,0,下位,0,79,41
145,145,0,202,405,1,0,0,0,0,1,0,下位,0,0,0
271,116,49,250,499,0,0,0,145,405,172,3,下位,0,0,0
155,155,0,250,499,0,1,116,145,405,172,3,下位,0,116,49
820,612,75,34,67,0,0,0,271,499,283,4,下位,0,0,0
208,156,25,34,67,0,1,612,271,499,283,4,下位,0,612,50
52,52,0,34,67,0,2,768,271,499,283,4,下位,0,156,25
181,181,0,64,126,0,0,0,820,67,-898,1,下位,0,0,0
136,136,0,166,333,0,0,0,181,126,-1064,1,下位,0,0,0
73,73,0,148,295,0,0,0,136,333,-950,3,下位,0,0,0
810,775,41,1242,2482,0,0,0,73,295,-773,2,下位,0,0,0
35,35,0,1242,2482,0,1,775,73,295,-773,2,下位,0,775,41
287,287,0,244,487,0,0,0,810,2482,444,16,下位,0,0,0
150,150,0,78,156,0,0,0,287,487,468,4,下位,0,0,0
30,30,0,94,187,0,0,0,150,156,382,1,下位,0,0,0
24,24,0,92,185,0,0,0,30,187,521,1,下位,0,0,0
744,432,53,456,914,1,0,0,0,0,1,0,下位,0,0,0
312,312,0,456,914,1,1,432,0,0,1,0,下位,0,432,53
70,70,0,148,297,0,0,0,744,914,-232,7,下位,0,0,0
691,307,41,468,936,0,0,0,70,297,-48,2,下位,0,0,0
384,384,0,468,936,0,1,307,70,297,-48,2,下位,0,307,41
387,387,0,260,521,0,0,0,691,936,-185,8,下位,0,0,0
59,59,0,158,316,1,0,0,0,0,1,0,下位,0,0,0
140,140,0,174,347,0,0,0,59,316,222,1,下位,0,0,0
35,35,0,182,365,0,0,0,140,347,343,2,下位,0,0,0
249,249,0,232,464,0,0,0,35,365,652,1,下位,0,0,0
295,295,0,145,290,0,0,0,249,464,714,6,下位,0,0,0
67,67,0,30,60,0,0,0,295,290,528,1,下位,0,0,0
193,149,49,1652,3241,0,0,0,67,60,480,1,下位,0,0,0
44,44,0,1652,3241,0,1,149,67,60,480,1,下位,0,149,49
1086,414,136,112,225,0,0,0,193,3241,3459,19,下位,0,0,0
672,429,94,112,225,0,1,414,193,3241,3459,19,下位,0,414,42
243,76,61,112,225,0,2,843,193,3241,3459,19,下位,0,429,33
167,167,0,112,225,0,3,919,193,3241,3459,19,下位,0,76,61
30,30,0,812,1625,0,0,0,1086,225,2068,2,下位,0,0,0
86,86,0,378,756,0,0,0,30,1625,3645,7,下位,0,0,0
1200,122,190,142,283,0,0,0,86,756,4262,4,下位,0,0,0
1078,55,139,142,283,0,1,122,86,756,4262,4,下位,0,122,51
1023,434,92,142,283,0,2,177,86,756,4262,4,下位,0,55,47
589,429,43,142,283,0,3,611,86,756,4262,4,下位,0,434,49
160,160,0,142,283,0,4,1040,86,756,4262,4,下位,0,429,43
132,132,0,112,224,0,0,0,1200,283,2799,2,下位,0,0,0
84,84,0,80,161,1,0,0,0,0,1,0,下位,0,0,0
192,192,0,262,525,0,0,0,84,161,27,1,下位,0,0,0
637,637,0,72,145,0,0,0,192,525,242,3,下位,0,0,0
1078,837,71,1892,3724,0,0,0,637,145,-640,1,下位,0,0,0
241,158,22,1892,3724,0,1,837,637,145,-640,1,下位,0,837,49
83,83,0,1892,3724,0,2,995,637,145,-640,1,下位,0,158,22
143,143,0,712,1423,0,0,0,1078,3724,1416,23,下位,0,0,0
409,409,0,198,398,1,0,0,0,0,1,0,下位,0,0,0
423,104,45,56,111,0,0,0,409,398,-261,4,下位,0,0,0
319,319,0,56,111,0,1,104,409,398,-261,4,下位,0,104,45
106,106,0,104,210,0,0,0,423,111,-788,1,下位,0,0,0
127,127,0,98,197,0,0,0,106,210,-749,2,下位,0,0,0
468,34,25,104,209,0,0,0,127,197,-757,1,下位,0,0,0
434,434,0,104,209,0,1,34,127,197,-757,1,下位,0,34,25
823,310,181,456,911,0,0,0,468,209,-1278,2,下位,0,0,0
513,71,63,456,911,0,1,310,468,209,-1278,2,下位,0,310,118
442,442,0,456,911,0,2,381,468,209,-1278,2,下位,0,71,63
117,81,49,103,206,1,0,0,0,0,1,0,下位,0,0,0
36,36,0,103,206,1,1,81,0,0,1,0,下位,0,81,49
42,42,0,326,651,0,0,0,117,206,67,1,下位,0,0,0
483,483,0,606,1211,0,0,0,42,651,650,5,下位,0,0,0
673,630,0,116,231,0,0,0,483,1211,1082,9,下位,0,0,0
43,43,0,116,231,0,1,630,483,1211,1082,9,下位,0,630,0
168,168,0,234,469,0,0,0,673,231,228,1,下位,0,0,0
797,797,0,262,525,0,0,0,168,469,426,3,下位,0,0,0
85,85,0,92,185,0,0,0,797,525,-334,4,下位,0,0,0
34,34,0,62,125,0,0,0,85,185,-286,1,下位,0,0,0
207,207,0,1580,3099,1,0,0,0,0,1,0,下位,0,0,0
272,272,0,134,268,0,0,0,207,3099,2766,23,下位,0,0,0
93,93,0,182,363,0,0,0,272,268,2595,1,下位,0,0,0
857,455,47,180,359,0,0,0,93,363,2808,2,下位,0,0,0
402,402,0,180,359,0,1,455,93,363,2808,2,下位,0,455,47
230,230,0,188,376,0,0,0,857,359,1832,2,下位,0,0,0
1501,355,101,152,305,0,0,0,230,376,1837,2,下位,0,0,0
1146,312,66,152,305,0,1,355,230,376,1837,2,下位,0,355,35
834,401,35,152,305,0,2,667,230,376,1837,2,下位,0,312,31
433,433,0,152,305,0,3,1068,230,376,1837,2,下位,0,401,35
168,168,0,342,685,0,0,0,1501,305,-178,3,下位,0,0,0
156,156,0,236,472,0,0,0,168,685,236,4,下位,0,0,0
57,57,0,784,1567,0,0,0,156,472,456,2,下位,0,0,0
279,279,0,170,341,1,0,0,0,0,1,0,下位,0,0,0
354,48,43,30,60,0,0,0,279,341,-108,2,下位,0,0,0
306,306,0,30,60,0,1,48,279,341,-108,2,下位,0,48,43
348,348,0,552,1106,0,0,0,354,60,-576,1,下位,0,0,0
646,537,51,544,1087,0,0,0,348,1106,-31,8,下位,0,0,0
109,109,0,544,1087,0,1,537,348,1106,-31,8,下位,0,537,51
298,65,0,504,1008,0,0,0,646,1087,65,5,下位,0,0,0
233,233,0,504,1008,0,1,65,646,1087,65,5,下位,0,65,0
211,211,0,108,214,0,0,0,298,1008,592,9,下位,0,0,0
711,711,0,108,215,0,0,0,211,214,466,2,下位,0,0,0
430,366,166,38,75,0,0,0,711,215,-466,2,下位,0,0,0
64,64,0,38,75,0,1,366,711,215,-466,2,下位,0,366,166
590,434,41,344,687,1,0,0,0,0,1,0,下位,0,0,0
156,156,0,344,687,1,1,434,0,0,1,0,下位,0,434,41
292,130,51,60,121,0,0,0,590,687,-223,5,下位,0,0,0
162,162,0,60,121,0,1,130,590,687,-223,5,下位,0,130,51
203,203,0,528,1054,0,0,0,292,121,-522,1,下位,0,0,0
138,138,0,42,85,0,0,0,203,1054,205,6,下位,0,0,0
565,565,0,76,153,0,0,0,138,85,67,1,下位,0,0,0
786,150,68,44,87,0,0,0,565,153,-691,1,下位,0,0,0
636,329,27,44,87,0,1,150,565,153,-691,1,下位,0,150,41
307,307,0,44,87,0,2,479,565,153,-691,1,下位,0,329,27
293,293,0,980,1960,0,0,0,786,87,-1804,1,下位,0,0,0
256,256,0,1078,2156,0,0,0,293,1960,-317,16,下位,0,0,0
119,119,0,48,97,0,0,0,256,2156,1426,12,下位,0,0,0
38,38,0,374,749,0,0,0,119,97,1331,1,下位,0,0,0
89,89,0,163,326,0,0,0,38,749,2019,5,下位,0,0,0
432,432,0,786,1570,1,0,0,0,0,1,0,下位,0,0,0
710,665,43,576,1150,0,0,0,432,1570,874,8,下位,0,0,0
45,45,0,576,1150,0,1,665,432,1570,874,8,下位,0,665,43
216,216,0,42,85,0,0,0,710,1150,921,8,下位,0,0,0
475,34,28,86,173,0,0,0,216,85,658,1,下位,0,0,0
441,441,0,86,173,0,1,34,216,85,658,1,下位,0,34,28
125,125,0,1490,2918,0,0,0,475,173,93,2,下位,0,0,0
251,251,0,322,644,0,0,0,125,2918,2809,23,下位,0,0,0
391,391,0,608,1216,0,0,0,251,644,3048,5,下位,0,0,0
116,116,0,216,431,0,0,0,391,1216,3633,5,下位,0,0,0
30,30,0,192,383,0,0,0,116,431,3877,2,下位,0,0,0
626,270,45,756,1511,1,0,0,0,0,1,0,下位,0,0,0
356,356,0,756,1511,1,1,270,0,0,1,0,下位,0,270,45
226,161,33,150,301,0,0,0,626,1511,548,14,下位,0,0,0
65,65,0,150,301,0,1,161,626,1511,548,14,下位,0,161,33
628,289,37,32,65,0,0,0,226,301,517,2,下位,0,0,0
339,339,0,32,65,0,1,289,226,301,517,2,下位,0,289,37
181,181,0,58,118,0,0,0,628,65,-394,1,下位,0,0,0
156,156,0,152,302,0,0,0,181,118,-568,1,下位,0,0,0
207,207,0,234,467,0,0,0,156,302,-518,2,下位,0,0,0
155,155,0,106,214,0,0,0,207,467,-385,4,下位,0,0,0
185,27,45,50,101,0,0,0,155,214,-421,2,下位,0,0,0
158,158,0,50,101,0,1,27,155,214,-421,2,下位,0,27,45
303,303,0,222,444,0,0,0,185,101,-574,1,下位,0,0,0
676,244,39,86,173,0,0,0,303,444,-619,4,下位,0,0,0
432,432,0,86,173,0,1,244,303,444,-619,4,下位,0,244,39
400,400,0,66,134,0,0,0,676,173,-1498,1,下位,0,0,0
171,171,0,218,437,0,0,0,400,134,-2009,1,下位,0,0,0
167,167,0,394,790,0,0,0,171,437,-1848,3,下位,0,0,0
63,63,0,74,147,0,0,0,167,790,-1327,7,下位,0,0,0
1191,322,76,254,508,1,0,0,0,0,1,0,下位,0,0,0
869,432,27,254,508,1,1,322,0,0,1,0,下位,0,322,49
437,437,0,254,508,1,2,754,0,0,1,0,下位,0,432,27
73,73,0,78,157,0,0,0,1191,508,-1336,1,下位,0,0,0
580,580,0,954,1908,0,0,0,73,157,-1297,1,下位,0,0,0
156,156,0,196,393,0,0,0,580,1908,-324,10,下位,0,0,0
321,321,0,144,289,0,0,0,156,393,-183,3,下位,0,0,0
570,570,0,82,165,0,0,0,321,289,-412,2,下位,0,0,0
32,32,0,286,571,0,0,0,570,165,-1166,1,下位,0,0,0
148,148,0,76,153,0,0,0,32,571,-647,4,下位,0,0,0
471,471,0,578,1155,0,0,0,148,153,-733,1,下位,0,0,0
433,433,0,196,394,1,0,0,0,0,1,0,下位,0,0,0
192,166,41,1580,3101,0,0,0,433,394,-303,5,下位,0,0,0
26,26,0,1580,3101,0,1,166,433,394,-303,5,下位,0,166,41
47,47,0,44,89,0,0,0,192,3101,2529,23,下位,0,0,0
165,165,0,916,1830,0,0,0,47,89,2542,1,下位,0,0,0
95,95,0,120,240,0,0,0,165,1830,4106,14,下位,0,0,0
198,198,0,100,201,0,0,0,95,240,4193,1,下位,0,0,0
719,34,78,470,940,0,0,0,198,201,4075,1,下位,0,0,0
685,378,47,470,940,0,1,34,198,201,4075,1,下位,0,34,31
307,307,0,470,940,0,2,412,198,201,4075,1,下位,0,378,47
575,359,94,36,73,0,0,0,719,940,3933,6,下位,0,0,0
216,66,51,36,73,0,1,359,719,940,3933,6,下位,0,359,43
150,150,0,36,73,0,2,425,719,940,3933,6,下位,0,66,51
707,348,94,522,1045,0,0,0,575,73,3173,1,下位,0,0,0
359,29,49,522,1045,0,1,348,575,73,3173,1,下位,0,348,45
330,330,0,522,1045,0,2,377,575,73,3173,1,下位,0,29,49
41,41,0,396,791,1,0,0,0,0,1,0,下位,0,0,0
133,133,0,84,167,0,0,0,41,791,726,4,下位,0,0,0
13,13,0,100,198,0,0,0,133,167,678,1,下位,0,0,0
58,58,0,92,185,0,0,0,13,198,855,2,下位,0,0,0
1013,1013,0,273,546,0,0,0,58,185,946,3,下位,0,0,0
58,58,0,52,103,0,0,0,1013,546,-142,5,下位,0,0,0
37,37,0,84,167,0,0,0,58,103,-133,1,下位,0,0,0
44,44,0,714,1428,0,0,0,37,167,-26,2,下位,0,0,0
526,526,0,394,786,0,0,0,44,1428,1331,8,下位,0,0,0
86,86,0,146,293,1,0,0,0,0,1,0,下位,0,0,0
934,358,123,112,225,0,0,0,86,293,155,3,下位,0,0,0
576,349,66,112,225,0,1,358,86,293,155,3,下位,0,358,57
227,77,53,112,225,0,2,707,86,293,155,3,下位,0,349,13
150,150,0,112,225,0,3,784,86,293,155,3,下位,0,77,53
712,712,0,116,233,0,0,0,934,225,-1003,1,下位,0,0,0
500,500,0,662,1327,0,0,0,712,233,-1918,1,下位,0,0,0
70,70,0,126,253,0,0,0,500,1327,-1397,8,下位,0,0,0
79,79,0,112,223,0,0,0,70,253,-1257,3,下位,0,0,0
915,49,78,356,713,1,0,0,0,0,1,0,下位,0,0,0
866,432,37,356,713,1,1,49,0,0,1,0,下位,0,49,41
434,434,0,356,713,1,2,481,0,0,1,0,下位,0,432,37
152,152,0,82,163,0,0,0,915,713,-684,5,下位,0,0,0
1011,1011,0,668,1336,0,0,0,152,163,-766,2,下位,0,0,0
1461,164,107,360,719,0,0,0,1011,1336,-1061,8,下位,0,0,0
1297,432,64,360,719,0,1,164,1011,1336,-1061,8,下位,0,164,43
865,432,39,360,719,0,2,596,1011,1336,-1061,8,下位,0,432,25
433,433,0,360,719,0,3,1028,1011,1336,-1061,8,下位,0,432,39
522,119,27,82,165,0,0,0,1461,719,-2592,7,下位,0,0,0
403,403,0,82,165,0,1,119,1461,719,-2592,7,下位,0,119,27
588,432,55,31,62,1,0,0,0,0,1,0,下位,0,0,0
156,156,0,31,62,1,1,432,0,0,1,0,下位,0,432,55
40,40,0,268,537,0,0,0,588,62,-831,1,下位,0,0,0
531,531,0,44,87,0,0,0,40,537,-359,3,下位,0,0,0
25,25,0,424,849,0,0,0,531,87,-1128,1,下位,0,0,0
396,140,45,146,290,0,0,0,25,849,-319,5,下位,0,0,0
256,256,0,146,290,0,1,140,25,849,-319,5,下位,0,140,45
1068,636,49,198,397,0,0,0,396,290,-623,2,下位,0,0,0
432,432,0,198,397,0,1,636,396,290,-623,2,下位,0,636,49
200,200,0,318,636,0,0,0,1068,397,-1900,2,下位,0,0,0
495,60,45,738,1474,0,0,0,200,636,-1587,5,下位,0,0,0
435,435,0,738,1474,0,1,60,200,636,-1587,5,下位,0,60,45
38,38,0,568,1135,0,0,0,495,1474,-867,11,下位,0,0,0
153,153,0,30,59,1,0,0,0,0,1,0,下位,0,0,0
225,225,0,92,183,0,0,0,153,59,-187,1,下位,0,0,0
779,346,51,46,93,0,0,0,225,183,-367,1,下位,0,0,0
433,433,0,46,93,0,1,346,225,183,-367,1,下位,0,346,51
262,262,0,74,149,0,0,0,779,93,-1479,1,下位,0,0,0
618,573,43,156,311,0,0,0,262,149,-1753,1,下位,0,0,0
45,45,0,156,311,0,1,573,262,149,-1753,1,下位,0,573,43
137,137,0,120,241,0,0,0,618,311,-2396,4,下位,0,0,0
403,403,0,220,440,0,0,0,137,241,-2376,2,下位,0,0,0
408,408,0,272,545,0,0,0,403,440,-2586,3,下位,0,0,0
33,33,0,76,150,0,0,0,408,545,-2699,4,下位,0,0,0
866,433,35,102,203,0,0,0,33,150,-2602,1,下位,0,0,0
433,433,0,102,203,0,1,433,33,150,-2602,1,下位,0,433,35
550,120,55,78,156,1,0,0,0,0,1,0,下位,0,0,0
430,430,0,78,156,1,1,120,0,0,1,0,下位,0,120,55
155,155,0,42,83,0,0,0,550,156,-676,1,下位,0,0,0
142,142,0,258,514,0,0,0,155,83,-843,1,下位,0,0,0
96,96,0,80,160,0,0,0,142,514,-558,3,下位,0,0,0
50,50,0,76,153,0,0,0,96,160,-553,1,下位,0,0,0
192,192,0,414,830,0,0,0,50,153,-481,1,下位,0,0,0
161,161,0,342,684,0,0,0,192,830,39,6,下位,0,0,0
131,131,0,40,79,0,0,0,161,684,463,3,下位,0,0,0
133,133,0,310,622,0,0,0,131,79,331,1,下位,0,0,0
227,227,0,210,421,0,0,0,133,622,738,7,下位,0,0,0
103,103,0,82,165,0,0,0,227,421,793,3,下位,0,0,0
606,451,38,202,403,0,0,0,103,165,792,1,下位,0,0,0
155,155,0,202,403,0,1,451,103,165,792,1,下位,0,451,38
110,110,0,142,284,0,0,0,606,403,256,4,下位,0,0,0
139,139,0,34,68,0,0,0,110,284,363,1,下位,0,0,0
856,425,35,56,113,0,0,0,139,68,207,1,下位,0,0,0
431,431,0,56,113,0,1,425,139,68,207,1,下位,0,425,35
244,244,0,92,185,1,0,0,0,0,1,0,下位,0,0,0
1066,158,75,386,772,0,0,0,244,185,-208,1,下位,0,0,0
908,435,32,386,772,0,1,158,244,185,-208,1,下位,0,158,43
473,152,19,386,772,0,2,593,244,185,-208,1,下位,0,435,13
321,321,0,386,772,0,3,745,244,185,-208,1,下位,0,152,19
643,643,0,58,115,0,0,0,1066,772,-1081,9,下位,0,0,0
351,351,0,354,707,0,0,0,643,115,-2003,2,下位,0,0,0
252,252,0,130,261,0,0,0,351,707,-1862,6,下位,0,0,0
357,167,40,92,183,0,0,0,252,261,-2007,2,下位,0,0,0
190,190,0,92,183,0,1,167,252,261,-2007,2,下位,0,167,40
547,138,45,2914,5701,1,0,0,0,0,1,0,下位,0,0,0
409,409,0,2914,5701,1,1,138,0,0,1,0,下位,0,138,45
151,151,0,362,724,0,0,0,547,5701,4864,27,下位,0,0,0
280,117,51,1332,2603,0,0,0,151,724,5344,6,下位,0,0,0
163,163,0,1332,2603,0,1,117,151,724,5344,6,下位,0,117,51
198,198,0,566,1131,0,0,0,280,2603,7546,20,下位,0,0,0
244,244,0,162,325,0,0,0,198,1131,8358,9,下位,0,0,0
907,907,0,68,135,0,0,0,244,325,8289,2,下位,0,0,0
148,148,0,312,626,0,0,0,907,135,6961,1,下位,0,0,0
95,95,0,230,459,0,0,0,148,626,7348,3,下位,0,0,0
91,91,0,86,173,1,0,0,0,0,1,0,下位,0,0,0
238,238,0,224,448,0,0,0,91,173,27,1,下位,0,0,0
132,132,0,128,257,0,0,0,238,448,91,2,下位,0,0,0
35,35,0,1342,2620,0,0,0,132,257,135,2,下位,0,0,0
479,479,0,240,481,0,0,0,35,2620,2699,15,下位,0,0,0
1026,1026,0,154,309,0,0,0,479,481,2407,3,下位,0,0,0
40,40,0,132,265,0,0,0,1026,309,1061,2,下位,0,0,0
849,236,96,230,460,0,0,0,40,265,1261,3,下位,0,0,0
613,431,47,230,460,0,1,236,40,265,1261,3,下位,0,236,49
182,182,0,230,460,0,2,667,40,265,1261,3,下位,0,431,47
474,474,0,594,1189,0,0,0,849,460,447,3,下位,0,0,0
165,165,0,66,131,1,0,0,0,0,1,0,下位,0,0,0
1075,642,39,248,497,0,0,0,165,131,-134,1,下位,0,0,0
433,433,0,248,497,0,1,642,165,131,-134,1,下位,0,642,39
350,350,0,36,71,1,0,0,0,0,1,0,下位,0,0,0
348,348,0,172,343,0,0,0,350,71,-493,1,下位,0,0,0
167,167,0,84,167,0,0,0,348,343,-711,3,下位,0,0,0
341,341,0,44,87,0,0,0,167,167,-813,1,下位,0,0,0
259,259,0,94,187,0,0,0,341,87,-1276,1,下位,0,0,0
112,112,0,184,365,0,0,0,259,187,-1507,1,下位,0,0,0
152,152,0,152,303,0,0,0,112,365,-1323,2,下位,0,0,0
199,199,0,416,832,0,0,0,152,303,-1265,2,下位,0,0,0
384,245,142,1054,2109,1,0,0,0,0,1,0,下位,0,0,0
139,139,0,1054,2109,1,1,245,0,0,1,0,下位,0,245,142
188,188,0,594,1124,0,0,0,384,2109,1633,8,下位,0,0,0
104,104,0,882,1765,0,0,0,188,1124,2454,7,下位,0,0,0
154,154,0,412,823,0,0,0,104,1765,4051,9,下位,0,0,0
1045,180,84,40,79,0,0,0,154,823,4626,6,下位,0,0,0
865,435,51,40,79,0,1,180,154,823,4626,6,下位,0,180,33
430,430,0,40,79,0,2,615,154,823,4626,6,下位,0,435,51
62,62,0,1000,1942,0,0,0,1045,79,3103,1,下位,0,0,0
666,666,0,362,724,0,0,0,62,1942,4945,11,下位,0,0,0
44,44,0,76,151,0,0,0,666,724,4595,5,下位,0,0,0
396,84,86,114,228,1,0,0,0,0,1,0,下位,0,0,0
312,285,45,114,228,1,1,84,0,0,1,0,下位,0,84,41
27,27,0,114,228,1,2,369,0,0,1,0,下位,0,285,45
572,92,74,908,1816,0,0,0,396,228,-324,2,下位,0,0,0
480,350,47,908,1816,0,1,92,396,228,-324,2,下位,0,92,27
130,130,0,908,1816,0,2,442,396,228,-324,2,下位,0,350,47
189,189,0,226,453,0,0,0,572,1816,643,9,下位,0,0,0
7,7,0,48,95,0,0,0,189,453,791,3,下位,0,0,0
116,116,0,54,107,0,0,0,7,95,875,1,下位,0,0,0
1012,1012,0,280,559,0,0,0,116,107,795,1,下位,0,0,0
117,117,0,90,178,1,0,0,0,0,1,0,下位,0,0,0
738,599,34,216,431,0,0,0,117,178,-10,1,下位,0,0,0
139,139,0,216,431,0,1,599,117,178,-10,1,下位,0,599,34
487,487,0,954,1907,0,0,0,738,431,-735,3,下位,0,0,0
47,47,0,76,152,0,0,0,487,1907,387,16,下位,0,0,0
1415,925,82,36,73,0,0,0,47,152,463,1,下位,0,0,0
490,432,43,36,73,0,1,925,47,152,463,1,下位,0,925,39
58,58,0,36,73,0,2,1357,47,152,463,1,下位,0,432,43
254,140,55,48,97,1,0,0,0,0,1,0,下位,0,0,0
114,114,0,48,97,1,1,140,0,0,1,0,下位,0,140,55
32,32,0,496,993,0,0,0,254,97,-257,1,下位,0,0,0
167,29,47,366,731,0,0,0,32,993,684,8,下位,0,0,0
138,138,0,366,731,0,1,29,32,993,684,8,下位,0,29,47
356,199,55,176,352,0,0,0,167,731,1192,7,下位,0,0,0
157,157,0,176,352,0,1,199,167,731,1192,7,下位,0,199,55
79,79,0,57,114,0,0,0,356,352,1025,3,下位,0,0,0
269,269,0,73,146,0,0,0,79,114,1012,1,下位,0,0,0
525,525,0,302,605,0,0,0,269,146,724,1,下位,0,0,0
229,229,0,46,93,0,0,0,525,605,482,4,下位,0,0,0
522,522,0,452,904,0,0,0,229,93,206,1,下位,0,0,0
1006,1006,0,390,778,0,0,0,522,904,268,6,下位,0,0,0
901,208,114,132,263,1,0,0,0,0,1,0,下位,0,0,0
693,433,57,132,263,1,1,208,0,0,1,0,下位,0,208,57
260,260,0,132,263,1,2,641,0,0,1,0,下位,0,433,57
1328,1013,96,234,468,0,0,0,901,263,-1074,4,下位,0,0,0
315,275,53,234,468,0,1,1013,901,263,-1074,4,下位,0,1013,43
40,40,0,234,468,0,2,1288,901,263,-1074,4,下位,0,275,53
178,178,0,1176,2349,0,0,0,1328,468,-2653,6,下位,0,0,0
596,596,0,148,295,0,0,0,178,2349,-591,13,下位,0,0,0
66,66,0,48,95,1,0,0,0,0,1,0,下位,0,0,0
107,107,0,55,110,0,0,0,66,95,-10,1,下位,0,0,0
126,126,0,1002,2005,0,0,0,107,110,-73,2,下位,0,0,0
130,130,0,272,543,0,0,0,126,2005,1729,11,下位,0,0,0
126,126,0,46,92,0,0,0,130,543,2062,4,下位,0,0,0
158,158,0,84,167,0,0,0,126,92,1951,1,下位,0,0,0
659,432,49,104,207,0,0,0,158,167,1863,1,下位,0,0,0
227,227,0,104,207,0,1,432,158,167,1863,1,下位,0,432,49
151,151,0,108,216,0,0,0,659,207,1056,1,下位,0,0,0
313,313,0,296,593,0,0,0,151,216,1028,1,下位,0,0,0
1038,623,121,436,873,0,0,0,313,593,1116,4,下位,0,0,0
415,68,82,436,873,0,1,623,313,593,1116,4,下位,0,623,39
347,292,45,436,873,0,2,691,313,593,1116,4,下位,0,68,37
55,55,0,436,873,0,3,983,313,593,1116,4,下位,0,292,45
85,85,0,390,779,1,0,0,0,0,1,0,下位,0,0,0
644,141,84,46,93,0,0,0,85,779,643,8,下位,0,0,0
503,299,49,46,93,0,1,141,85,779,643,8,下位,0,141,35
204,204,0,46,93,0,2,440,85,779,643,8,下位,0,299,49
175,175,0,443,887,0,0,0,644,93,-218,1,下位,0,0,0
159,159,0,650,1299,0,0,0,175,887,387,8,下位,0,0,0
648,648,0,446,891,0,0,0,159,1299,1430,8,下位,0,0,0
923,565,47,2700,5326,0,0,0,648,891,1276,8,下位,0,0,0
358,358,0,2700,5326,0,1,565,648,891,1276,8,下位,0,565,47
711,282,20,358,716,1,0,0,0,0,1,0,下位,0,0,0
429,429,0,358,716,1,1,282,0,0,1,0,下位,0,282,20
154,154,0,86,171,0,0,0,711,716,-410,3,下位,0,0,0
151,151,0,212,422,0,0,0,154,171,-487,2,下位,0,0,0
783,584,75,572,1145,0,0,0,151,422,-309,3,下位,0,0,0
199,47,56,572,1145,0,1,584,151,422,-309,3,下位,0,584,19
152,152,0,572,1145,0,2,631,151,422,-309,3,下位,0,47,56
54,54,0,398,795,0,0,0,783,1145,-352,9,下位,0,0,0
361,361,0,68,137,0,0,0,54,795,356,4,下位,0,0,0
852,425,55,276,554,0,0,0,361,137,-89,1,下位,0,0,0
427,427,0,276,554,0,1,425,361,137,-89,1,下位,0,425,55
135,135,0,424,848,0,0,0,852,554,-854,5,下位,0,0,0
52,52,0,386,773,0,0,0,135,848,-224,6,下位,0,0,0
163,163,0,44,87,0,0,0,52,773,465,4,下位,0,0,0
301,141,14,400,799,1,0,0,0,0,1,0,下位,0,0,0
160,160,0,400,799,1,1,141,0,0,1,0,下位,0,141,14
175,175,0,390,782,0,0,0,301,799,329,5,下位,0,0,0
135,135,0,404,807,0,0,0,175,782,829,6,下位,0,0,0
561,131,49,640,1281,0,0,0,135,807,1418,7,下位,0,0,0
430,430,0,640,1281,0,1,131,135,807,1418,7,下位,0,131,49
1253,822,47,134,269,0,0,0,561,1281,1843,6,下位,0,0,0
431,431,0,134,269,0,1,822,561,1281,1843,6,下位,0,822,47
792,174,86,796,1592,0,0,0,1253,269,138,3,下位,0,0,0
618,183,43,796,1592,0,1,174,1253,269,138,3,下位,0,174,43
435,435,0,796,1592,0,2,357,1253,269,138,3,下位,0,183,43
46,46,0,206,413,0,0,0,792,1592,538,11,下位,0,0,0
534,50,88,148,296,0,0,0,46,413,877,3,下位,0,0,0
484,55,45,148,296,0,1,50,46,413,877,3,下位,0,50,43
429,429,0,148,296,0,2,105,46,413,877,3,下位,0,55,45
42,42,0,156,313,0,0,0,534,296,399,2,下位,0,0,0
251,147,39,456,911,0,0,0,42,313,644,1,下位,0,0,0
104,104,0,456,911,0,1,147,42,313,644,1,下位,0,147,39
206,129,47,80,159,1,0,0,0,0,1,0,下位,0,0,0
77,77,0,80,159,1,1,129,0,0,1,0,下位,0,129,47
534,534,0,162,323,0,0,0,206,159,-125,1,下位,0,0,0
371,371,0,152,306,0,0,0,534,323,-663,1,下位,0,0,0
164,164,0,66,133,0,0,0,371,306,-955,2,下位,0,0,0
597,597,0,87,174,0,0,0,164,133,-1087,2,下位,0,0,0
726,294,30,254,507,0,0,0,597,174,-1876,1,下位,0,0,0
432,432,0,254,507,0,1,294,597,174,-1876,1,下位,0,294,30
686,686,0,280,561,0,0,0,726,507,-2510,5,下位,0,0,0
25,25,0,360,719,0,0,0,686,561,-3055,5,下位,0,0,0
116,116,0,166,332,0,0,0,25,719,-2376,5,下位,0,0,0
627,627,0,64,130,0,0,0,116,332,-2231,5,下位,0,0,0
1161,280,123,90,181,1,0,0,0,0,1,0,下位,0,0,0
881,380,72,90,181,1,1,280,0,0,1,0,下位,0,280,51
501,434,35,90,181,1,2,660,0,0,1,0,下位,0,380,37
67,67,0,90,181,1,3,1094,0,0,1,0,下位,0,434,35
254,254,0,712,1360,0,0,0,1161,181,-1568,1,下位,0,0,0
568,568,0,98,195,0,0,0,254,1360,-618,4,下位,0,0,0
1020,154,94,84,169,0,0,0,568,195,-1339,2,下位,0,0,0
866,433,37,84,169,0,1,154,568,195,-1339,2,下位,0,154,57
433,433,0,84,169,0,2,587,568,195,-1339,2,下位,0,433,37
158,35,49,1288,2574,0,0,0,1020,169,-2720,1,下位,0,0,0
123,123,0,1288,2574,0,1,35,1020,169,-2720,1,下位,0,35,49
115,115,0,230,461,1,0,0,0,0,1,0,下位,0,0,0
602,176,80,44,89,0,0,0,115,461,277,3,下位,0,0,0
426,260,57,44,89,0,1,176,115,461,277,3,下位,0,176,23
166,166,0,44,89,0,2,436,115,461,277,3,下位,0,260,57
590,301,39,534,1066,0,0,0,602,89,-525,1,下位,0,0,0
289,289,0,534,1066,0,1,301,602,89,-525,1,下位,0,301,39
582,150,29,256,510,1,0,0,0,0,1,0,下位,0,0,0
432,432,0,256,510,1,1,150,0,0,1,0,下位,0,150,29
139,139,0,302,604,0,0,0,582,510,-399,5,下位,0,0,0
572,166,103,692,1383,0,0,0,139,604,-19,4,下位,0,0,0
406,50,66,692,1383,0,1,166,139,604,-19,4,下位,0,166,37
356,331,29,692,1383,0,2,216,139,604,-19,4,下位,0,50,37
25,25,0,692,1383,0,3,547,139,604,-19,4,下位,0,331,29
338,338,0,644,1288,0,0,0,572,1383,544,7,下位,0,0,0
438,438,0,258,517,1,0,0,0,0,1,0,下位,0,0,0
435,435,0,112,225,0,0,0,438,517,-188,4,下位,0,0,0
250,250,0,250,499,0,0,0,435,225,-665,1,下位,0,0,0
1018,1018,0,82,165,0,0,0,250,499,-569,4,下位,0,0,0
348,348,0,30,59,0,0,0,1018,165,-2046,1,下位,0,0,0
461,461,0,86,173,0,0,0,348,59,-2548,1,下位,0,0,0
243,243,0,60,119,0,0,0,461,173,-3119,1,下位,0,0,0
340,340,0,48,97,0,0,0,243,119,-3392,1,下位,0,0,0
1058,923,33,406,812,0,0,0,340,97,-3843,1,下位,0,0,0
135,135,0,406,812,0,1,923,340,97,-3843,1,下位,0,923,33
196,108,37,1236,2471,0,0,0,1058,812,-4705,4,下位,0,0,0
88,88,0,1236,2471,0,1,108,1058,812,-4705,4,下位,0,108,37
756,323,55,176,353,1,0,0,0,0,1,0,下位,0,0,0
433,433,0,176,353,1,1,323,0,0,1,0,下位,0,323,55
872,872,0,390,779,0,0,0,756,353,-810,3,下位,0,0,0
448,260,110,90,181,0,0,0,872,779,-1437,4,下位,0,0,0
188,41,53,90,181,0,1,260,872,779,-1437,4,下位,0,260,57
147,147,0,90,181,0,2,301,872,779,-1437,4,下位,0,41,53
287,287,0,328,655,0,0,0,448,181,-1868,1,下位,0,0,0
302,302,0,258,517,1,0,0,0,0,1,0,下位,0,0,0
92,92,0,160,315,0,0,0,302,517,31,2,下位,0,0,0
134,134,0,76,148,0,0,0,92,315,198,1,下位,0,0,0
283,283,0,302,604,1,0,0,0,0,1,0,下位,0,0,0
730,67,111,732,1466,1,0,0,0,0,1,0,下位,0,0,0
663,86,62,732,1466,1,1,67,0,0,1,0,下位,0,67,49
577,137,19,732,1466,1,2,153,0,0,1,0,下位,0,86,43
440,440,0,732,1466,1,3,290,0,0,1,0,下位,0,137,19
782,348,21,216,434,0,0,0,730,1466,400,11,下位,0,0,0
434,434,0,216,434,0,1,348,730,1466,400,11,下位,0,348,21
629,629,0,112,225,0,0,0,782,434,-406,3,下位,0,0,0
447,447,0,82,164,0,0,0,629,225,-1196,2,下位,0,0,0
612,178,33,44,89,0,0,0,447,164,-1753,2,下位,0,0,0
434,434,0,44,89,0,1,178,447,164,-1753,2,下位,0,178,33
35,35,0,256,514,0,0,0,612,89,-2618,1,下位,0,0,0
93,43,45,236,471,0,0,0,35,514,-2160,4,下位,0,0,0
50,50,0,236,471,0,1,43,35,514,-2160,4,下位,0,43,45
266,57,45,562,1123,0,0,0,93,471,-1794,5,下位,0,0,0
209,209,0,562,1123,0,1,57,93,471,-1794,5,下位,0,57,45
590,217,37,124,247,1,0,0,0,0,1,0,下位,0,0,0
373,373,0,124,247,1,1,217,0,0,1,0,下位,0,217,37
294,294,0,1662,3261,0,0,0,590,247,-667,3,下位,0,0,0
49,49,0,206,413,0,0,0,294,3261,2120,19,下位,0,0,0
1045,471,77,554,1110,0,0,0,49,413,2454,3,下位,0,0,0
574,433,37,554,1110,0,1,471,49,413,2454,3,下位,0,471,40
141,141,0,554,1110,0,2,904,49,413,2454,3,下位,0,433,37
151,151,0,96,193,0,0,0,1045,1110,1956,9,下位,0,0,0
137,130,6,178,355,0,0,0,151,193,1905,2,下位,0,0,0
7,7,0,178,355,0,1,130,151,193,1905,2,下位,0,130,6
161,161,0,186,371,0,0,0,137,355,2045,3,下位,0,0,0
294,173,37,1452,2845,0,0,0,161,371,2156,1,下位,0,0,0
121,121,0,1452,2845,0,1,173,161,371,2156,1,下位,0,173,37
219,159,41,448,897,0,0,0,294,2845,4564,21,下位,0,0,0
60,60,0,448,897,0,1,159,294,2845,4564,21,下位,0,159,41
94,94,0,110,220,0,0,0,219,897,5149,4,下位,0,0,0
62,62,0,199,398,0,0,0,94,220,5217,2,下位,0,0,0
1175,429,180,108,218,1,0,0,0,0,1,0,下位,0,0,0
746,130,135,108,218,1,1,429,0,0,1,0,下位,0,429,45
616,31,88,108,218,1,2,559,0,0,1,0,下位,0,130,47
585,156,43,108,218,1,3,590,0,0,1,0,下位,0,31,45
429,429,0,108,218,1,4,746,0,0,1,0,下位,0,156,43
142,142,0,654,1305,0,0,0,1175,218,-1497,3,下位,0,0,0
350,350,0,448,895,0,0,0,142,1305,-421,11,下位,0,0,0
669,235,24,378,757,0,0,0,350,895,-91,8,下位,0,0,0
434,434,0,378,757,0,1,235,350,895,-91,8,下位,0,235,24
599,599,0,108,217,0,0,0,669,757,-389,3,下位,0,0,0
458,458,0,512,1026,0,0,0,599,217,-1138,1,下位,0,0,0
96,68,35,112,223,0,0,0,458,1026,-851,8,下位,0,0,0
28,28,0,112,223,0,1,68,458,1026,-851,8,下位,0,68,35
142,142,0,52,105,0,0,0,96,223,-748,2,下位,0,0,0
267,267,0,2356,4652,1,0,0,0,0,1,0,下位,0,0,0
164,164,0,1692,3314,0,0,0,267,4652,4222,23,下位,0,0,0
46,46,0,110,218,0,0,0,164,3314,7271,8,下位,0,0,0
204,204,0,48,95,0,0,0,46,218,7415,3,下位,0,0,0
433,51,43,234,467,0,0,0,204,95,7181,1,下位,0,0,0
382,382,0,234,467,0,1,51,204,95,7181,1,下位,0,51,43
64,64,0,48,97,0,0,0,433,467,6993,3,下位,0,0,0
352,267,37,694,1389,0,0,0,64,97,6987,1,下位,0,0,0
85,85,0,694,1389,0,1,267,64,97,6987,1,下位,0,267,37
216,216,0,1160,2261,0,0,0,352,1389,7845,9,下位,0,0,0
32,32,0,38,75,0,0,0,216,2261,9758,10,下位,0,0,0
871,351,110,380,760,0,0,0,32,75,9781,1,下位,0,0,0
520,86,59,380,760,0,1,351,32,75,9781,1,下位,0,351,51
434,434,0,380,760,0,2,437,32,75,9781,1,下位,0,86,59
228,66,33,108,217,1,0,0,0,0,1,0,下位,0,0,0
162,162,0,108,217,1,1,66,0,0,1,0,下位,0,66,33
1011,1011,0,302,604,0,0,0,228,217,-116,1,下位,0,0,0
201,201,0,146,291,0,0,0,1011,604,-1143,4,下位,0,0,0
60,60,0,406,812,0,0,0,201,291,-1176,1,下位,0,0,0
126,126,0,396,793,0,0,0,60,812,-461,5,下位,0,0,0
448,448,0,355,711,0,0,0,126,793,129,3,下位,0,0,0
686,145,85,282,565,0,0,0,448,711,117,3,下位,0,0,0
541,114,40,282,565,0,1,145,448,711,117,3,下位,0,145,45
427,427,0,282,565,0,2,259,448,711,117,3,下位,0,114,40
94,94,0,183,366,0,0,0,686,565,-340,3,下位,0,0,0
663,76,76,46,91,0,0,0,94,366,-126,1,下位,0,0,0
587,436,37,46,91,0,1,76,94,366,-126,1,下位,0,76,39
151,151,0,46,91,0,2,512,94,366,-126,1,下位,0,436,37
390,256,45,590,1177,1,0,0,0,0,1,0,下位,0,0,0
134,134,0,590,1177,1,1,256,0,0,1,0,下位,0,256,45
1010,1010,0,230,460,0,0,0,390,1177,594,7,下位,0,0,0
162,162,0,726,1452,0,0,0,1010,460,-575,3,下位,0,0,0
199,199,0,62,122,0,0,0,162,1452,616,10,下位,0,0,0
55,27,25,498,999,1,0,0,0,0,1,0,下位,0,0,0
28,28,0,498,999,1,1,27,0,0,1,0,下位,0,27,25
652,173,86,1480,2899,0,0,0,55,999,936,11,下位,0,0,0
479,282,45,1480,2899,0,1,173,55,999,936,11,下位,0,173,41
197,197,0,1480,2899,0,2,455,55,999,936,11,下位,0,282,45
290,290,0,84,169,0,0,0,652,2899,2869,19,下位,0,0,0
892,242,118,86,171,0,0,0,290,169,2570,1,下位,0,0,0
650,218,67,86,171,0,1,242,290,169,2570,1,下位,0,242,51
432,432,0,86,171,0,2,460,290,169,2570,1,下位,0,218,67
472,38,39,517,1034,0,0,0,892,171,1420,1,下位,0,0,0
434,434,0,517,1034,0,1,38,892,171,1420,1,下位,0,38,39
364,364,0,40,79,0,0,0,472,1034,1732,3,下位,0,0,0
112,112,0,238,477,0,0,0,364,79,1224,1,下位,0,0,0
327,327,0,158,315,0,0,0,112,477,1520,3,下位,0,0,0
430,430,0,196,393,1,0,0,0,0,1,0,下位,0,0,0
89,89,0,578,1157,0,0,0,430,393,-300,4,下位,0,0,0
1019,1019,0,176,351,0,0,0,89,1157,713,6,下位,0,0,0
138,138,0,92,185,0,0,0,1019,351,-580,3,下位,0,0,0
308,121,53,266,533,0,0,0,138,185,-618,1,下位,0,0,0
187,187,0,266,533,0,1,121,138,185,-618,1,下位,0,121,53
1473,902,98,42,85,0,0,0,308,533,-529,4,下位,0,0,0
571,434,43,42,85,0,1,902,308,533,-529,4,下位,0,902,55
137,137,0,42,85,0,2,1336,308,533,-529,4,下位,0,434,43
573,141,47,1088,2176,0,0,0,1473,85,-2722,1,下位,0,0,0
432,432,0,1088,2176,0,1,141,1473,85,-2722,1,下位,0,141,47
472,472,0,260,521,0,0,0,573,2176,-1423,14,下位,0,0,0
64,64,0,64,127,0,0,0,472,521,-1663,4,下位,0,0,0
85,85,0,46,91,1,0,0,0,0,1,0,下位,0,0,0
129,129,0,226,453,0,0,0,85,91,-45,1,下位,0,0,0
563,192,35,176,352,0,0,0,129,453,200,4,下位,0,0,0
371,371,0,176,352,0,1,192,129,453,200,4,下位,0,192,35
345,335,36,406,810,0,0,0,563,352,-321,2,下位,0,0,0
10,10,0,406,810,0,1,335,563,352,-321,2,下位,0,335,36
773,341,57,38,75,0,0,0,345,810,-31,11,下位,0,0,0
432,432,0,38,75,0,1,341,345,810,-31,11,下位,0,341,57
74,74,0,346,691,0,0,0,773,75,-1146,1,下位,0,0,0
111,111,0,217,433,0,0,0,74,691,-574,4,下位,0,0,0
137,137,0,77,154,0,0,0,111,433,-320,2,下位,0,0,0
143,143,0,358,714,0,0,0,137,154,-387,1,下位,0,0,0
444,270,33,862,1722,1,0,0,0,0,1,0,下位,0,0,0
174,174,0,862,1722,1,1,270,0,0,1,0,下位,0,270,33
241,241,0,140,282,0,0,0,444,1722,1040,11,下位,0,0,0
476,41,55,76,151,0,0,0,241,282,933,2,下位,0,0,0
435,435,0,76,151,0,1,41,241,282,933,2,下位,0,41,55
85,85,0,76,151,0,0,0,476,151,371,1,下位,0,0,0
315,315,0,72,145,0,0,0,85,151,385,1,下位,0,0,0
747,747,0,40,79,0,0,0,315,145,22,2,下位,0,0,0
696,378,61,102,203,0,0,0,747,79,-1104,1,下位,0,0,0
318,318,0,102,203,0,1,378,747,79,-1104,1,下位,0,378,61
571,137,61,322,643,1,0,0,0,0,1,0,下位,0,0,0
434,434,0,322,643,1,1,137,0,0,1,0,下位,0,137,61
203,203,0,140,281,0,0,0,571,643,-216,4,下位,0,0,0
1018,1018,0,412,822,0,0,0,203,281,-262,2,下位,0,0,0
722,722,0,352,703,0,0,0,1018,822,-1082,4,下位,0,0,0
83,83,0,430,859,0,0,0,722,703,-1544,5,下位,0,0,0
400,75,49,50,99,0,0,0,83,859,-819,3,下位,0,0,0
325,325,0,50,99,0,1,75,83,859,-819,3,下位,0,75,49
298,298,0,140,281,1,0,0,0,0,1,0,下位,0,0,0
56,56,0,4438,8733,0,0,0,298,281,-199,2,下位,0,0,0
759,759,0,158,315,0,0,0,56,8733,8444,38,下位,0,0,0
321,321,0,202,405,0,0,0,759,315,7535,2,下位,0,0,0
443,443,0,82,163,0,0,0,321,405,7422,4,下位,0,0,0
191,191,0,176,352,0,0,0,443,163,6870,1,下位,0,0,0
626,354,24,194,389,1,0,0,0,0,1,0,下位,0,0,0
272,272,0,194,389,1,1,354,0,0,1,0,下位,0,354,24
570,163,37,140,279,0,0,0,626,389,-596,2,下位,0,0,0
407,407,0,140,279,0,1,163,626,389,-596,2,下位,0,163,37
43,43,0,454,907,0,0,0,570,279,-1199,2,下位,0,0,0
1010,1010,0,330,661,0,0,0,43,907,-361,5,下位,0,0,0
383,383,0,236,473,0,0,0,1010,661,-1329,3,下位,0,0,0
695,227,104,252,505,0,0,0,383,473,-1474,2,下位,0,0,0
468,38,51,252,505,0,1,227,383,473,-1474,2,下位,0,227,53
430,430,0,252,505,0,2,265,383,473,-1474,2,下位,0,38,51
160,160,0,148,296,0,0,0,695,505,-1986,3,下位,0,0,0
145,145,0,144,289,1,0,0,0,0,1,0,下位,0,0,0
134,134,0,266,534,0,0,0,145,289,56,2,下位,0,0,0
85,85,0,272,543,0,0,0,134,534,374,5,下位,0,0,0
495,62,35,222,445,0,0,0,85,543,780,4,下位,0,0,0
433,433,0,222,445,0,1,62,85,543,780,4,下位,0,62,35
80,80,0,18,35,0,0,0,495,445,462,4,下位,0,0,0
133,133,0,137,274,0,0,0,80,35,368,1,下位,0,0,0
435,435,0,90,179,0,0,0,133,274,427,1,下位,0,0,0
942,35,129,272,545,0,0,0,435,179,-96,3,下位,0,0,0
907,435,82,272,545,0,1,35,435,179,-96,3,下位,0,35,47
472,42,35,272,545,0,2,470,435,179,-96,3,下位,0,435,47
430,430,0,272,545,0,3,512,435,179,-96,3,下位,0,42,35
1158,725,43,1194,2388,0,0,0,942,545,-942,4,下位,0,0,0
433,433,0,1194,2388,0,1,725,942,545,-942,4,下位,0,725,43
797,368,45,208,415,1,0,0,0,0,1,0,下位,0,0,0
429,429,0,208,415,1,1,368,0,0,1,0,下位,0,368,45
172,172,0,207,414,0,0,0,797,415,-825,3,下位,0,0,0
835,352,83,222,445,0,0,0,172,414,-688,1,下位,0,0,0
483,51,47,222,445,0,1,352,172,414,-688,1,下位,0,352,36
432,432,0,222,445,0,2,403,172,414,-688,1,下位,0,51,47
280,163,11,62,123,0,0,0,835,445,-1507,3,下位,0,0,0
117,117,0,62,123,0,1,163,835,445,-1507,3,下位,0,163,11
536,149,129,628,1255,1,0,0,0,0,1,0,下位,0,0,0
387,157,88,628,1255,1,1,149,0,0,1,0,下位,0,149,41
230,98,43,628,1255,1,2,306,0,0,1,0,下位,0,157,45
132,132,0,628,1255,1,3,404,0,0,1,0,下位,0,98,43
342,137,5,208,417,0,0,0,536,1255,521,7,下位,0,0,0
205,205,0,208,417,0,1,137,536,1255,521,7,下位,0,137,5
28,28,0,68,135,0,0,0,342,417,391,3,下位,0,0,0
908,908,0,404,810,0,0,0,28,135,481,1,下位,0,0,0
859,859,0,500,999,0,0,0,908,810,-174,5,下位,0,0,0
49,49,0,386,775,0,0,0,859,999,-560,4,下位,0,0,0
164,164,0,156,310,0,0,0,49,775,136,7,下位,0,0,0
443,443,0,376,754,0,0,0,164,310,181,2,下位,0,0,0
167,167,0,332,664,0,0,0,443,754,220,6,下位,0,0,0
36,36,0,142,283,0,0,0,167,664,615,5,下位,0,0,0
431,431,0,40,81,1,0,0,0,0,1,0,下位,0,0,0
121,121,0,148,297,0,0,0,431,81,-613,1,下位,0,0,0
479,45,47,300,602,0,0,0,121,297,-511,2,下位,0,0,0
434,434,0,300,602,0,1,45,121,297,-511,2,下位,0,45,47
958,534,20,140,278,0,0,0,479,602,-635,6,下位,0,0,0
424,424,0,140,278,0,1,534,479,602,-635,6,下位,0,534,20
113,113,0,36,71,0,0,0,958,278,-1882,2,下位,0,0,0
242,84,37,516,1031,0,0,0,113,71,-1993,1,下位,0,0,0
158,158,0,516,1031,0,1,84,113,71,-1993,1,下位,0,84,37
365,365,0,332,665,0,0,0,242,1031,-1315,12,下位,0,0,0
62,62,0,330,661,0,0,0,365,665,-1239,4,下位,0,0,0
29,29,0,210,419,0,0,0,62,661,-678,2,下位,0,0,0
865,432,51,334,669,1,0,0,0,0,1,0,下位,0,0,0
433,433,0,334,669,1,1,432,0,0,1,0,下位,0,432,51
11,11,0,96,193,0,0,0,865,669,-674,3,下位,0,0,0
452,335,33,724,1446,0,0,0,11,193,-499,1,下位,0,0,0
117,117,0,724,1446,0,1,335,11,193,-499,1,下位,0,335,33
107,107,0,296,593,0,0,0,452,1446,251,8,下位,0,0,0
792,792,0,2982,5840,0,0,0,107,593,671,4,下位,0,0,0
774,301,84,40,79,0,0,0,792,5840,5234,27,下位,0,0,0
473,46,43,40,79,0,1,301,792,5840,5234,27,下位,0,301,41
427,427,0,40,79,0,2,347,792,5840,5234,27,下位,0,46,43
387,387,0,548,1097,0,0,0,774,79,4149,1,下位,0,0,0
326,326,0,654,1307,0,0,0,387,1097,4622,8,下位,0,0,0
439,439,0,898,1798,1,0,0,0,0,1,0,下位,0,0,0
138,138,0,46,91,0,0,0,439,1798,1091,14,下位,0,0,0
77,77,0,286,573,0,0,0,138,91,959,1,下位,0,0,0
169,124,39,820,1577,0,0,0,77,573,1408,5,下位,0,0,0
45,45,0,820,1577,0,1,124,77,573,1408,5,下位,0,124,39
159,159,0,190,380,0,0,0,169,1577,2751,11,下位,0,0,0
612,590,57,1180,2362,0,0,0,159,380,2875,2,下位,0,0,0
22,22,0,1180,2362,0,1,590,159,380,2875,2,下位,0,590,57
134,134,0,168,335,0,0,0,612,2362,4307,15,下位,0,0,0
471,471,0,758,1457,0,0,0,134,335,4426,3,下位,0,0,0
594,164,27,110,219,0,0,0,471,1457,5123,13,下位,0,0,0
430,430,0,110,219,0,1,164,471,1457,5123,13,下位,0,164,27
508,508,0,232,465,0,0,0,594,219,4410,2,下位,0,0,0
550,345,78,456,912,0,0,0,508,465,4056,4,下位,0,0,0
205,139,39,456,912,0,1,345,508,465,4056,4,下位,0,345,39
66,66,0,456,912,0,2,484,508,465,4056,4,下位,0,139,39
264,42,98,358,716,1,0,0,0,0,1,0,下位,0,0,0
222,35,49,358,716,1,1,42,0,0,1,0,下位,0,42,49
187,187,0,358,716,1,2,77,0,0,1,0,下位,0,35,49
1040,85,131,490,981,0,0,0,264,716,389,4,下位,0,0,0
955,434,82,490,981,0,1,85,264,716,389,4,下位,0,85,49
521,430,49,490,981,0,2,519,264,716,389,4,下位,0,434,33
91,91,0,490,981,0,3,949,264,716,389,4,下位,0,430,49
290,290,0,218,437,0,0,0,1040,981,-177,11,下位,0,0,0
556,556,0,342,685,0,0,0,290,437,-208,3,下位,0,0,0
249,249,0,136,271,0,0,0,556,685,-420,4,下位,0,0,0
353,353,0,196,392,0,0,0,249,271,-551,1,下位,0,0,0
542,110,49,46,91,0,0,0,353,392,-728,4,下位,0,0,0
432,432,0,46,91,0,1,110,353,392,-728,4,下位,0,110,49
115,115,0,84,169,0,0,0,542,91,-1462,1,下位,0,0,0
155,155,0,66,131,0,0,0,115,169,-1478,2,下位,0,0,0
115,115,0,160,321,0,0,0,155,131,-1597,1,下位,0,0,0
801,145,72,622,1244,0,0,0,115,321,-1461,2,下位,0,0,0
656,224,29,622,1244,0,1,145,115,321,-1461,2,下位,0,145,43
432,432,0,622,1244,0,2,369,115,321,-1461,2,下位,0,224,29
48,48,0,192,383,0,0,0,801,1244,-1437,7,下位,0,0,0
213,213,0,1896,3728,1,0,0,0,0,1,0,下位,0,0,0
560,560,0,110,221,0,0,0,213,3728,3385,23,下位,0,0,0
109,109,0,546,1091,0,0,0,560,221,2703,2,下位,0,0,0
388,388,0,58,115,0,0,0,109,1091,3618,7,下位,0,0,0
1013,1013,0,166,330,0,0,0,388,115,3107,1,下位,0,0,0
191,191,0,164,327,0,0,0,1013,330,1803,1,下位,0,0,0
1019,1019,0,342,685,0,0,0,191,327,1822,3,下位,0,0,0
147,92,28,44,89,0,0,0,1019,685,863,5,下位,0,0,0
55,55,0,44,89,0,1,92,1019,685,863,5,下位,0,92,28
1016,1016,0,136,271,0,0,0,147,89,743,1,下位,0,0,0
133,133,0,123,246,1,0,0,0,0,1,0,下位,0,0,0
136,136,0,202,403,0,0,0,133,246,32,1,下位,0,0,0
67,67,0,488,975,0,0,0,136,403,216,2,下位,0,0,0
587,305,51,126,252,0,0,0,67,975,1083,11,下位,0,0,0
282,282,0,126,252,0,1,305,67,975,1083,11,下位,0,305,51
150,150,0,228,457,0,0,0,587,252,439,3,下位,0,0,0
51,51,0,390,780,0,0,0,150,457,654,3,下位,0,0,0
68,68,0,118,237,0,0,0,51,780,1352,7,下位,0,0,0
262,262,0,710,1361,0,0,0,68,237,1479,2,下位,0,0,0
868,438,43,86,173,0,0,0,262,1361,2417,11,下位,0,0,0
430,430,0,86,173,0,1,438,262,1361,2417,11,下位,0,438,43
312,150,42,160,319,0,0,0,868,173,1233,1,下位,0,0,0
162,162,0,160,319,0,1,150,868,173,1233,1,下位,0,150,42
888,888,0,366,733,0,0,0,312,319,1091,2,下位,0,0,0
212,212,0,354,708,1,0,0,0,0,1,0,下位,0,0,0
953,526,39,52,103,0,0,0,212,708,367,7,下位,0,0,0
427,427,0,52,103,0,1,526,212,708,367,7,下位,0,526,39
509,509,0,104,207,0,0,0,953,103,-1028,1,下位,0,0,0
966,966,0,194,390,0,0,0,509,207,-1642,2,下位,0,0,0
254,254,0,44,89,1,0,0,0,0,1,0,下位,0,0,0
476,476,0,92,185,0,0,0,254,89,-320,1,下位,0,0,0
154,154,0,856,1709,0,0,0,476,185,-903,1,下位,0,0,0
1277,272,145,302,604,0,0,0,154,1709,558,13,下位,0,0,0
1005,427,96,302,604,0,1,272,154,1709,558,13,下位,0,272,49
578,434,55,302,604,0,2,699,154,1709,558,13,下位,0,427,41
144,144,0,302,604,0,3,1133,154,1709,558,13,下位,0,434,55
163,163,0,378,757,0,0,0,1277,604,-753,4,下位,0,0,0
263,62,27,180,358,0,0,0,163,757,-259,5,下位,0,0,0
201,201,0,180,358,0,1,62,163,757,-259,5,下位,0,62,27
344,264,41,286,573,0,0,0,263,358,-298,2,下位,0,0,0
80,80,0,286,573,0,1,264,263,358,-298,2,下位,0,264,41
188,188,0,190,381,0,0,0,344,573,-239,4,下位,0,0,0
101,101,0,136,273,0,0,0,188,381,-161,3,下位,0,0,0
960,127,71,790,1579,1,0,0,0,0,1,0,下位,0,0,0
833,404,39,790,1579,1,1,127,0,0,1,0,下位,0,127,32
429,429,0,790,1579,1,2,531,0,0,1,0,下位,0,404,39
555,121,29,104,209,0,0,0,960,1579,102,4,下位,0,0,0
434,434,0,104,209,0,1,121,960,1579,102,4,下位,0,121,29
437,144,53,54,109,1,0,0,0,0,1,0,下位,0,0,0
293,153,23,54,109,1,1,144,0,0,1,0,下位,0,144,30
140,140,0,54,109,1,2,297,0,0,1,0,下位,0,153,23
37,37,0,218,436,0,0,0,437,109,-542,1,下位,0,0,0
178,178,0,114,229,0,0,0,37,436,-166,2,下位,0,0,0
493,493,0,68,137,0,0,0,178,229,-224,2,下位,0,0,0
808,808,0,587,1173,0,0,0,493,137,-882,1,下位,0,0,0
156,119,43,88,177,0,0,0,808,1173,-1012,9,下位,0,0,0
37,37,0,88,177,0,1,119,808,1173,-1012,9,下位,0,119,43
221,85,17,78,155,0,0,0,156,177,-1044,1,下位,0,0,0
136,136,0,78,155,0,1,85,156,177,-1044,1,下位,0,85,17
137,137,0,242,485,0,0,0,221,155,-1228,1,下位,0,0,0
283,226,43,332,665,0,0,0,137,485,-964,5,下位,0,0,0
57,57,0,332,665,0,1,226,137,485,-964,5,下位,0,226,43
113,113,0,148,295,0,0,0,283,665,-713,5,下位,0,0,0
36,36,0,254,508,0,0,0,113,295,-600,1,下位,0,0,0
88,88,0,948,1898,0,0,0,36,508,-150,2,下位,0,0,0
376,376,0,172,344,0,0,0,88,1898,1606,12,下位,0,0,0
432,432,0,312,623,1,0,0,0,0,1,0,下位,0,0,0
522,522,0,106,213,0,0,0,432,623,-73,5,下位,0,0,0
959,959,0,60,119,0,0,0,522,213,-702,2,下位,0,0,0
441,441,0,86,173,0,0,0,959,119,-2130,1,下位,0,0,0
399,298,51,76,151,0,0,0,441,173,-2668,1,下位,0,0,0
101,101,0,76,151,0,1,298,441,173,-2668,1,下位,0,298,51
744,306,55,374,747,0,0,0,399,151,-3110,1,下位,0,0,0
438,438,0,374,747,0,1,306,399,151,-3110,1,下位,0,306,55
455,18,43,436,871,0,0,0,744,747,-3508,6,下位,0,0,0
437,437,0,436,871,0,1,18,744,747,-3508,6,下位,0,18,43
286,286,0,156,311,1,0,0,0,0,1,0,下位,0,0,0
200,74,86,36,71,0,0,0,286,311,-149,3,下位,0,0,0
126,19,49,36,71,0,1,74,286,311,-149,3,下位,0,74,37
107,107,0,36,71,0,2,93,286,311,-149,3,下位,0,19,49
632,539,55,296,591,0,0,0,200,71,-315,1,下位,0,0,0
93,93,0,296,591,0,1,539,200,71,-315,1,下位,0,539,55
2026,1007,113,110,221,0,0,0,632,591,-688,4,下位,0,0,0
1019,158,88,110,221,0,1,1007,632,591,-688,4,下位,0,1007,25
861,432,53,110,221,0,2,1165,632,591,-688,4,下位,0,158,35
429,429,0,110,221,0,3,1597,632,591,-688,4,下位,0,432,53
85,85,0,318,636,0,0,0,2026,221,-3622,2,下位,0,0,0
134,134,0,1094,2187,0,0,0,85,636,-3123,3,下位,0,0,0
432,432,0,878,1756,0,0,0,134,2187,-1152,11,下位,0,0,0
154,72,37,76,153,1,0,0,0,0,1,0,下位,0,0,0
82,82,0,76,153,1,1,72,0,0,1,0,下位,0,72,37
1063,778,60,40,79,0,0,0,154,153,-57,1,下位,0,0,0
285,64,21,40,79,0,1,778,154,153,-57,1,下位,0,778,39
221,221,0,40,79,0,2,842,154,153,-57,1,下位,0,64,21
1013,1013,0,108,215,0,0,0,1063,79,-1632,1,下位,0,0,0
679,244,43,52,103,0,0,0,1013,215,-3051,2,下位,0,0,0
435,435,0,52,103,0,1,244,1013,215,-3051,2,下位,0,244,43
1085,1013,25,48,97,0,0,0,679,103,-4001,1,下位,0,0,0
72,72,0,48,97,0,1,1013,679,103,-4001,1,下位,0,1013,25
353,183,86,112,223,1,0,0,0,0,1,0,下位,0,0,0
170,30,51,112,223,1,1,183,0,0,1,0,下位,0,183,35
140,140,0,112,223,1,2,213,0,0,1,0,下位,0,30,51
1015,1015,0,514,1029,0,0,0,353,223,-259,3,下位,0,0,0
288,288,0,1180,2359,0,0,0,1015,1029,-867,9,下位,0,0,0
162,162,0,56,111,0,0,0,288,2359,1027,16,下位,0,0,0
433,433,0,104,209,1,0,0,0,0,1,0,下位,0,0,0
883,419,74,676,1349,0,0,0,433,209,-488,1,下位,0,0,0
464,32,43,676,1349,0,1,419,433,209,-488,1,下位,0,419,31
432,432,0,676,1349,0,2,451,433,209,-488,1,下位,0,32,43
95,95,0,670,1342,0,0,0,883,1349,-490,6,下位,0,0,0
163,82,27,460,922,1,0,0,0,0,1,0,下位,0,0,0
81,81,0,460,922,1,1,82,0,0,1,0,下位,0,82,27
994,994,0,116,231,0,0,0,163,922,687,6,下位,0,0,0
369,136,41,1420,2841,0,0,0,994,231,-685,1,下位,0,0,0
233,233,0,1420,2841,0,1,136,994,231,-685,1,下位,0,136,41
168,168,0,390,781,0,0,0,369,2841,1602,14,下位,0,0,0
99,99,0,44,89,0,0,0,168,781,2112,7,下位,0,0,0
33,33,0,276,493,0,0,0,99,89,2041,1,下位,0,0,0
421,83,31,668,1335,0,0,0,33,493,2481,5,下位,0,0,0
338,338,0,668,1335,0,1,83,33,493,2481,5,下位,0,83,31
436,366,47,162,323,0,0,0,421,1335,3168,8,下位,0,0,0
70,70,0,162,323,0,1,366,421,1335,3168,8,下位,0,366,47
148,148,0,1206,2353,0,0,0,436,323,2835,2,下位,0,0,0
330,330,0,86,173,0,0,0,148,2353,4949,15,下位,0,0,0
45,45,0,344,686,0,0,0,330,173,4590,1,下位,0,0,0
169,169,0,158,315,1,0,0,0,0,1,0,下位,0,0,0
213,213,0,260,521,0,0,0,169,315,43,2,下位,0,0,0
560,131,39,470,941,0,0,0,213,521,220,4,下位,0,0,0
429,429,0,470,941,0,1,131,213,521,220,4,下位,0,131,39
142,142,0,318,635,0,0,0,560,941,297,6,下位,0,0,0
445,445,0,604,1207,0,0,0,142,635,703,6,下位,0,0,0
1012,1012,0,502,1005,0,0,0,445,1207,1192,6,下位,0,0,0
554,432,29,80,161,1,0,0,0,0,1,0,下位,0,0,0
122,122,0,80,161,1,1,432,0,0,1,0,下位,0,432,29
39,39,0,74,148,0,0,0,554,161,-703,1,下位,0,0,0
29,29,0,176,351,0,0,0,39,148,-618,1,下位,0,0,0
64,64,0,336,672,0,0,0,29,351,-314,4,下位,0,0,0
144,144,0,132,265,0,0,0,64,672,255,4,下位,0,0,0
517,517,0,32,64,0,0,0,144,265,288,1,下位,0,0,0
81,81,0,414,828,0,0,0,517,64,-482,1,下位,0,0,0
131,131,0,158,318,0,0,0,81,828,215,4,下位,0,0,0
473,434,15,210,421,0,0,0,131,318,322,1,下位,0,0,0
39,39,0,210,421,0,1,434,131,318,322,1,下位,0,434,15
371,205,49,100,199,0,0,0,473,421,-5,4,下位,0,0,0
166,166,0,100,199,0,1,205,473,421,-5,4,下位,0,205,49
480,434,31,154,310,1,0,0,0,0,1,0,下位,0,0,0
46,46,0,154,310,1,1,434,0,0,1,0,下位,0,434,31
666,269,20,226,451,0,0,0,480,310,-432,3,下位,0,0,0
397,397,0,226,451,0,1,269,480,310,-432,3,下位,0,269,20
435,435,0,990,1981,0,0,0,666,451,-1035,2,下位,0,0,0
134,134,0,312,624,0,0,0,435,1981,244,10,下位,0,0,0
552,552,0,254,507,0,0,0,134,624,652,5,下位,0,0,0
707,271,49,114,229,0,0,0,552,507,269,4,下位,0,0,0
436,436,0,114,229,0,1,271,552,507,269,4,下位,0,271,49
151,151,0,436,870,0,0,0,707,229,-593,2,下位,0,0,0
105,105,0,262,525,0,0,0,151,870,33,6,下位,0,0,0
471,471,0,1158,2315,0,0,0,105,525,389,5,下位,0,0,0
901,39,74,178,355,0,0,0,471,2315,1944,10,下位,0,0,0
862,430,33,178,355,0,1,39,471,2315,1944,10,下位,0,39,41
432,432,0,178,355,0,2,469,471,2315,1944,10,下位,0,430,33
121,121,0,98,196,1,0,0,0,0,1,0,下位,0,0,0
683,642,45,380,761,0,0,0,121,196,2,1,下位,0,0,0
41,41,0,380,761,0,1,642,121,196,2,1,下位,0,642,45
42,42,0,128,254,0,0,0,683,761,-293,7,下位,0,0,0
641,507,35,522,1045,0,0,0,42,254,-107,2,下位,0,0,0
134,134,0,522,1045,0,1,507,42,254,-107,2,下位,0,507,35
131,131,0,93,186,0,0,0,641,1045,-61,9,下位,0,0,0
80,80,0,272,546,0,0,0,131,186,-86,1,下位,0,0,0
1006,1006,0,260,521,0,0,0,80,546,331,2,下位,0,0,0
429,429,0,240,479,0,0,0,1006,521,-771,6,下位,0,0,0
146,146,0,228,457,0,0,0,429,479,-984,3,下位,0,0,0
64,64,0,74,147,0,0,0,146,457,-762,3,下位,0,0,0
430,57,47,432,864,0,0,0,64,147,-718,1,下位,0,0,0
373,373,0,432,864,0,1,57,64,147,-718,1,下位,0,57,47
848,414,49,92,183,1,0,0,0,0,1,0,下位,0,0,0
434,434,0,92,183,1,1,414,0,0,1,0,下位,0,414,49
690,565,35,76,152,0,0,0,848,183,-1135,2,下位,0,0,0
125,125,0,76,152,0,1,565,848,183,-1135,2,下位,0,565,35
830,830,0,136,271,0,0,0,690,152,-2061,1,下位,0,0,0
1013,1013,0,254,508,0,0,0,830,271,-3129,3,下位,0,0,0
189,58,49,384,771,0,0,0,1013,508,-4255,7,下位,0,0,0
131,131,0,384,771,0,1,58,1013,508,-4255,7,下位,0,58,49
186,134,27,171,342,1,0,0,0,0,1,0,下位,0,0,0
52,52,0,171,342,1,1,134,0,0,1,0,下位,0,134,27
633,198,45,118,235,0,0,0,186,342,70,1,下位,0,0,0
435,435,0,118,235,0,1,198,186,342,70,1,下位,0,198,45
1021,1021,0,214,428,0,0,0,633,235,-671,2,下位,0,0,0
166,166,0,726,1454,0,0,0,1021,428,-1890,1,下位,0,0,0
1190,1012,39,108,215,0,0,0,166,1454,-704,12,下位,0,0,0
178,178,0,108,215,0,1,1012,166,1454,-704,12,下位,0,1012,39
649,216,42,276,552,0,0,0,1190,215,-2369,2,下位,0,0,0
433,433,0,276,552,0,1,216,1190,215,-2369,2,下位,0,216,42
865,430,39,332,663,1,0,0,0,0,1,0,下位,0,0,0
435,435,0,332,663,1,1,430,0,0,1,0,下位,0,430,39
421,421,0,260,519,0,0,0,865,663,-693,2,下位,0,0,0
314,314,0,202,403,0,0,0,421,519,-853,5,下位,0,0,0
21,21,0,90,178,0,0,0,314,403,-956,3,下位,0,0,0
38,38,0,82,163,0,0,0,21,178,-812,2,下位,0,0,0
86,86,0,70,139,0,0,0,38,163,-710,2,下位,0,0,0
207,207,0,262,525,0,0,0,86,139,-710,1,下位,0,0,0
807,807,0,342,683,0,0,0,207,525,-519,6,下位,0,0,0
433,433,0,328,655,1,0,0,0,0,1,0,下位,0,0,0
141,141,0,789,1580,0,0,0,433,655,-42,4,下位,0,0,0
259,259,0,242,485,0,0,0,141,1580,1311,5,下位,0,0,0
710,710,0,839,1679,0,0,0,259,485,1378,4,下位,0,0,0
972,218,71,218,438,0,0,0,710,1679,1912,10,下位,0,0,0
754,432,37,218,438,0,1,218,710,1679,1912,10,下位,0,218,34
322,322,0,218,438,0,2,650,710,1679,1912,10,下位,0,432,37
1020,155,60,96,191,0,0,0,972,438,853,4,下位,0,0,0
865,433,41,96,191,0,1,155,972,438,853,4,下位,0,155,19
432,432,0,96,191,0,2,588,972,438,853,4,下位,0,433,41
80,80,0,114,229,0,0,0,1020,191,-541,2,下位,0,0,0
541,191,35,142,285,0,0,0,80,229,-441,2,下位,0,0,0
350,350,0,142,285,0,1,191,80,229,-441,2,下位,0,191,35
191,191,0,306,610,0,0,0,541,285,-994,2,下位,0,0,0
154,154,0,300,600,1,0,0,0,0,1,0,下位,0,0,0
72,72,0,1282,2502,0,0,0,154,600,353,5,下位,0,0,0
293,293,0,166,331,0,0,0,72,2502,2739,13,下位,0,0,0
299,84,27,80,159,0,0,0,293,331,2597,2,下位,0,0,0
215,215,0,80,159,0,1,84,293,331,2597,2,下位,0,84,27
256,25,53,414,827,0,0,0,299,159,2301,1,下位,0,0,0
231,231,0,414,827,0,1,25,299,159,2301,1,下位,0,25,53
632,632,0,462,924,0,0,0,256,827,2768,7,下位,0,0,0
621,621,0,66,131,0,0,0,632,924,2673,5,下位,0,0,0
188,188,0,416,829,0,0,0,621,131,1802,2,下位,0,0,0
840,840,0,854,1703,0,0,0,188,829,2328,5,下位,0,0,0
848,415,63,228,457,1,0,0,0,0,1,0,下位,0,0,0
433,433,0,228,457,1,1,415,0,0,1,0,下位,0,415,63
197,197,0,284,568,0,0,0,848,457,-846,3,下位,0,0,0
1016,1016,0,44,89,0,0,0,197,568,-596,3,下位,0,0,0
426,426,0,98,195,0,0,0,1016,89,-2146,1,下位,0,0,0
40,40,0,44,87,0,0,0,426,195,-2638,2,下位,0,0,0
129,129,0,102,204,0,0,0,40,87,-2616,1,下位,0,0,0
38,38,0,1110,2219,0,0,0,129,204,-2620,2,下位,0,0,0
458,139,39,230,460,0,0,0,38,2219,-462,17,下位,0,0,0
319,319,0,230,460,0,1,139,38,2219,-462,17,下位,0,139,39
42,42,0,82,165,0,0,0,458,460,-702,2,下位,0,0,0
265,265,0,214,428,0,0,0,42,165,-605,1,下位,0,0,0
136,136,0,232,463,1,0,0,0,0,1,0,下位,0,0,0
56,56,0,500,999,0,0,0,136,463,245,2,下位,0,0,0
1431,834,84,56,111,0,0,0,56,999,1154,6,下位,0,0,0
597,163,37,56,111,0,1,834,56,999,1154,6,下位,0,834,47
434,434,0,56,111,0,2,997,56,999,1154,6,下位,0,163,37
399,399,0,440,881,0,0,0,1431,111,-959,2,下位,0,0,0
102,102,0,280,558,0,0,0,399,881,-722,7,下位,0,0,0
1004,1004,0,52,104,0,0,0,102,558,-329,3,下位,0,0,0
371,181,37,1274,2546,0,0,0,1004,104,-1844,1,下位,0,0,0
190,190,0,1274,2546,0,1,181,1004,104,-1844,1,下位,0,181,37
1014,1014,0,190,379,0,0,0,371,2546,141,21,下位,0,0,0
470,38,33,36,71,1,0,0,0,0,1,0,下位,0,0,0
432,432,0,36,71,1,1,38,0,0,1,0,下位,0,38,33
1066,631,39,166,332,0,0,0,470,71,-653,1,下位,0,0,0
435,435,0,166,332,0,1,631,470,71,-653,1,下位,0,631,39
390,200,52,582,1164,0,0,0,1066,332,-2002,2,下位,0,0,0
190,190,0,582,1164,0,1,200,1066,332,-2002,2,下位,0,200,52
285,285,0,545,1089,0,0,0,390,1164,-1415,9,下位,0,0,0
873,435,41,372,743,1,0,0,0,0,1,0,下位,0,0,0
438,438,0,372,743,1,1,435,0,0,1,0,下位,0,435,41
341,341,0,522,1045,0,0,0,873,743,-623,6,下位,0,0,0
509,509,0,62,126,0,0,0,341,1045,-128,7,下位,0,0,0
1442,87,190,916,1832,1,0,0,0,0,1,0,下位,0,0,0
1355,434,151,916,1832,1,1,87,0,0,1,0,下位,0,87,39
921,432,100,916,1832,1,2,521,0,0,1,0,下位,0,434,51
489,375,47,916,1832,1,3,953,0,0,1,0,下位,0,432,53
114,114,0,916,1832,1,4,1328,0,0,1,0,下位,0,375,47
464,327,35,54,107,0,0,0,1442,1832,-303,13,下位,0,0,0
137,137,0,54,107,0,1,327,1442,1832,-303,13,下位,0,327,35
972,146,90,140,281,0,0,0,464,107,-909,1,下位,0,0,0
826,434,59,140,281,0,1,146,464,107,-909,1,下位,0,146,31
392,392,0,140,281,0,2,580,464,107,-909,1,下位,0,434,59
151,151,0,154,307,0,0,0,972,281,-2105,2,下位,0,0,0
429,429,0,168,336,1,0,0,0,0,1,0,下位,0,0,0
194,60,47,72,143,0,0,0,429,336,-355,2,下位,0,0,0
134,134,0,72,143,0,1,60,429,336,-355,2,下位,0,60,47
73,73,0,114,226,0,0,0,194,143,-478,1,下位,0,0,0
674,674,0,216,433,0,0,0,73,226,-370,3,下位,0,0,0
351,311,37,150,301,1,0,0,0,0,1,0,下位,0,0,0
40,40,0,150,301,1,1,311,0,0,1,0,下位,0,311,37
735,735,0,388,774,0,0,0,351,301,-228,3,下位,0,0,0
968,815,53,568,1135,0,0,0,735,774,-639,5,下位,0,0,0
153,153,0,568,1135,0,1,815,735,774,-639,5,下位,0,815,53
53,53,0,342,684,0,0,0,968,1135,-1013,9,下位,0,0,0
771,244,78,320,640,1,0,0,0,0,1,0,下位,0,0,0
527,433,33,320,640,1,1,244,0,0,1,0,下位,0,244,45
94,94,0,320,640,1,2,677,0,0,1,0,下位,0,433,33
881,881,0,150,300,0,0,0,771,640,-525,6,下位,0,0,0
254,254,0,94,189,0,0,0,881,300,-1646,3,下位,0,0,0
575,371,47,62,123,0,0,0,254,189,-1867,1,下位,0,0,0
204,204,0,62,123,0,1,371,254,189,-1867,1,下位,0,371,47
432,432,0,1003,2005,0,0,0,575,123,-2624,1,下位,0,0,0
91,91,0,83,166,0,0,0,432,2005,-1316,10,下位,0,0,0
136,136,0,50,101,0,0,0,91,166,-1297,1,下位,0,0,0
217,217,0,72,142,1,0,0,0,0,1,0,下位,0,0,0
741,741,0,114,229,0,0,0,217,142,-207,1,下位,0,0,0
1187,433,141,430,859,0,0,0,741,229,-1173,2,下位,0,0,0
754,60,94,430,859,0,1,433,741,229,-1173,2,下位,0,433,47
694,260,43,430,859,0,2,493,741,229,-1173,2,下位,0,60,51
434,434,0,430,859,0,3,753,741,229,-1173,2,下位,0,260,43
549,549,0,120,240,0,0,0,1187,859,-2087,6,下位,0,0,0
322,322,0,1080,2160,0,0,0,549,240,-2732,2,下位,0,0,0
166,166,0,132,263,1,0,0,0,0,1,0,下位,0,0,0
177,177,0,652,1304,0,0,0,166,263,-4,3,下位,0,0,0
810,377,57,170,341,0,0,0,177,1304,1015,8,下位,0,0,0
433,433,0,170,341,0,1,377,177,1304,1015,8,下位,0,377,57
1377,1015,29,26,53,0,0,0,810,341,107,2,下位,0,0,0
362,362,0,26,53,0,1,1015,810,341,107,2,下位,0,1015,29
140,140,0,126,253,0,0,0,1377,53,-2032,1,下位,0,0,0
873,873,0,72,142,0,0,0,140,253,-2005,3,下位,0,0,0
41,41,0,152,303,0,0,0,873,142,-3271,1,下位,0,0,0
472,53,35,180,359,0,0,0,41,303,-3034,3,下位,0,0,0
419,419,0,180,359,0,1,53,41,303,-3034,3,下位,0,53,35
565,565,0,1066,2136,0,0,0,472,359,-3401,4,下位,0,0,0
676,381,43,94,189,1,0,0,0,0,1,0,下位,0,0,0
295,295,0,94,189,1,1,381,0,0,1,0,下位,0,381,43
163,163,0,1294,2586,0,0,0,676,189,-858,1,下位,0,0,0
155,155,0,420,841,0,0,0,163,2586,1465,18,下位,0,0,0
201,201,0,844,1625,0,0,0,155,841,2056,4,下位,0,0,0
531,531,0,856,1710,0,0,0,201,1625,3357,6,下位,0,0,0
498,132,80,168,334,0,0,0,531,1710,4211,11,下位,0,0,0
366,49,39,168,334,0,1,132,531,1710,4211,11,下位,0,132,41
317,317,0,168,334,0,2,181,531,1710,4211,11,下位,0,49,39
284,284,0,554,1110,0,0,0,498,334,3822,1,下位,0,0,0
1015,1015,0,482,965,0,0,0,284,1110,4474,11,下位,0,0,0
110,110,0,612,1166,0,0,0,1015,965,3802,9,下位,0,0,0
324,324,0,746,1491,1,0,0,0,0,1,0,下位,0,0,0
623,403,49,2906,5692,0,0,0,324,1491,969,10,下位,0,0,0
220,220,0,2906,5692,0,1,403,324,1491,969,10,下位,0,403,49
134,134,0,68,135,0,0,0,623,5692,5705,35,下位,0,0,0
358,358,0,250,499,0,0,0,134,135,5624,1,下位,0,0,0
1013,1013,0,110,219,0,0,0,358,499,5546,3,下位,0,0,0
282,282,0,432,866,0,0,0,1013,219,4131,1,下位,0,0,0
389,389,0,128,255,1,0,0,0,0,1,0,下位,0,0,0
198,48,47,228,456,0,0,0,389,255,-371,1,下位,0,0,0
150,150,0,228,456,0,1,48,389,255,-371,1,下位,0,48,47
558,125,53,142,285,0,0,0,198,456,-187,3,下位,0,0,0
433,433,0,142,285,0,1,125,198,456,-187,3,下位,0,125,53
134,134,0,352,703,0,0,0,558,285,-749,3,下位,0,0,0
45,45,0,1046,2094,0,0,0,134,703,-262,5,下位,0,0,0
729,296,41,520,1039,0,0,0,45,2094,1759,14,下位,0,0,0
433,433,0,520,1039,0,1,296,45,2094,1759,14,下位,0,296,41
175,175,0,1144,2227,0,0,0,729,1039,1664,11,下位,0,0,0
768,768,0,80,161,0,0,0,175,2227,3609,12,下位,0,0,0
34,34,0,166,332,0,0,0,768,161,2531,1,下位,0,0,0
199,81,80,780,1560,0,0,0,34,332,2808,4,下位,0,0,0
118,41,25,780,1560,0,1,81,34,332,2808,4,下位,0,81,55
77,77,0,780,1560,0,2,122,34,332,2808,4,下位,0,41,25
555,180,41,874,1749,1,0,0,0,0,1,0,下位,0,0,0
375,375,0,874,1749,1,1,180,0,0,1,0,下位,0,180,41
683,683,0,514,1028,0,0,0,555,1749,896,16,下位,0,0,0
1521,588,105,394,787,0,0,0,683,1028,822,7,下位,0,0,0
933,301,68,394,787,0,1,588,683,1028,822,7,下位,0,588,37
632,440,31,394,787,0,2,889,683,1028,822,7,下位,0,301,37
192,192,0,394,787,0,3,1329,683,1028,822,7,下位,0,440,31
401,401,0,134,267,0,0,0,1521,787,-739,5,下位,0,0,0
1449,1020,51,202,406,0,0,0,401,267,-1119,3,下位,0,0,0
429,429,0,202,406,0,1,1020,401,267,-1119,3,下位,0,1020,51
31,31,0,102,206,0,0,0,1449,406,-2999,3,下位,0,0,0
395,96,53,748,1495,1,0,0,0,0,1,0,下位,0,0,0
299,299,0,748,1495,1,1,96,0,0,1,0,下位,0,96,53
249,249,0,460,919,0,0,0,395,1495,912,13,下位,0,0,0
445,445,0,320,641,0,0,0,249,919,1429,5,下位,0,0,0
31,31,0,60,119,0,0,0,445,641,1352,6,下位,0,0,0
1035,772,43,258,515,0,0,0,31,119,1421,2,下位,0,0,0
263,263,0,258,515,0,1,772,31,119,1421,2,下位,0,772,43
943,235,70,408,815,0,0,0,1035,515,310,6,下位,0,0,0
708,275,19,408,815,0,1,235,1035,515,310,6,下位,0,235,51
433,433,0,408,815,0,2,510,1035,515,310,6,下位,0,275,19
430,430,0,137,274,0,0,0,943,815,-326,6,下位,0,0,0
385,346,39,816,1629,0,0,0,430,274,-746,2,下位,0,0,0
39,39,0,816,1629,0,1,346,430,274,-746,2,下位,0,346,39
698,172,88,1842,3622,1,0,0,0,0,1,0,下位,0,0,0
526,378,45,1842,3622,1,1,172,0,0,1,0,下位,0,172,43
148,148,0,1842,3622,1,2,550,0,0,1,0,下位,0,378,45
351,351,0,224,449,0,0,0,698,3622,2585,27,下位,0,0,0
43,43,0,110,221,0,0,0,351,449,2468,1,下位,0,0,0
324,324,0,602,1202,0,0,0,43,221,2620,2,下位,0,0,0
356,136,37,356,711,0,0,0,324,1202,3299,7,下位,0,0,0
220,220,0,356,711,0,1,136,324,1202,3299,7,下位,0,136,37
786,421,31,102,206,0,0,0,356,711,3473,3,下位,0,0,0
365,365,0,102,206,0,1,421,356,711,3473,3,下位,0,421,31
140,140,0,490,981,0,0,0,786,206,2442,2,下位,0,0,0
137,137,0,166,331,0,0,0,140,981,3197,6,下位,0,0,0
241,241,0,64,127,0,0,0,137,331,3307,2,下位,0,0,0
606,569,35,234,467,0,0,0,241,127,3045,2,下位,0,0,0
37,37,0,234,467,0,1,569,241,127,3045,2,下位,0,569,35
428,428,0,44,87,1,0,0,0,0,1,0,下位,0,0,0
809,809,0,212,424,0,0,0,428,87,-602,1,下位,0,0,0
537,537,0,238,478,0,0,0,809,424,-1483,4,下位,0,0,0
318,96,0,78,155,0,0,0,537,478,-1871,2,下位,0,0,0
222,222,0,78,155,0,1,96,537,478,-1871,2,下位,0,96,0
240,240,0,294,589,0,0,0,318,155,-2229,1,下位,0,0,0
805,136,113,186,373,0,0,0,240,589,-2027,4,下位,0,0,0
669,168,66,186,373,0,1,136,240,589,-2027,4,下位,0,136,47
501,433,33,186,373,0,2,304,240,589,-2027,4,下位,0,168,33
68,68,0,186,373,0,3,737,240,589,-2027,4,下位,0,433,33
119,119,0,426,852,0,0,0,805,373,-2839,4,下位,0,0,0
405,229,31,206,413,0,0,0,119,852,-2179,5,下位,0,0,0
176,176,0,206,413,0,1,229,119,852,-2179,5,下位,0,229,31
248,248,0,52,105,1,0,0,0,0,1,0,下位,0,0,0
434,143,39,120,239,0,0,0,248,105,-294,2,下位,0,0,0
291,291,0,120,239,0,1,143,248,105,-294,2,下位,0,143,39
47,47,0,84,169,0,0,0,434,239,-716,2,下位,0,0,0
916,878,43,102,203,0,0,0,47,169,-623,1,下位,0,0,0
38,38,0,102,203,0,1,878,47,169,-623,1,下位,0,878,43
55,55,0,350,699,0,0,0,916,203,-1854,2,下位,0,0,0
1000,342,143,620,1239,0,0,0,55,699,-1244,3,下位,0,0,0
658,435,96,620,1239,0,1,342,55,699,-1244,3,下位,0,342,47
223,191,53,620,1239,0,2,777,55,699,-1244,3,下位,0,435,43
32,32,0,620,1239,0,3,968,55,699,-1244,3,下位,0,191,53
154,154,0,100,200,0,0,0,1000,1239,-1476,5,下位,0,0,0
303,135,39,442,885,0,0,0,154,200,-1524,2,下位,0,0,0
168,168,0,442,885,0,1,135,154,200,-1524,2,下位,0,135,39
27,27,0,90,179,0,0,0,303,885,-1089,11,下位,0,0,0
877,61,98,172,343,0,0,0,27,179,-954,1,下位,0,0,0
816,232,70,172,343,0,1,61,27,179,-954,1,下位,0,61,28
584,435,39,172,343,0,2,293,27,179,-954,1,下位,0,232,31
149,149,0,172,343,0,3,728,27,179,-954,1,下位,0,435,39
311,134,39,52,105,0,0,0,877,343,-1927,3,下位,0,0,0
177,177,0,52,105,0,1,134,877,343,-1927,3,下位,0,134,39
346,346,0,66,132,0,0,0,311,105,-2284,1,下位,0,0,0
246,246,0,120,239,1,0,0,0,0,1,0,下位,0,0,0
67,67,0,338,675,0,0,0,246,239,-157,2,下位,0,0,0
224,224,0,568,1138,0,0,0,67,675,410,4,下位,0,0,0
456,456,0,180,361,0,0,0,224,1138,1187,8,下位,0,0,0
84,84,0,88,175,0,0,0,456,361,813,2,下位,0,0,0
152,152,0,275,550,0,0,0,84,175,853,1,下位,0,0,0
405,405,0,256,512,0,0,0,152,550,1158,3,下位,0,0,0
248,248,0,112,225,0,0,0,405,512,1017,5,下位,0,0,0
676,676,0,86,173,0,0,0,248,225,842,2,下位,0,0,0
142,142,0,304,607,0,0,0,676,173,-75,1,下位,0,0,0
747,747,0,150,298,0,0,0,142,607,303,4,下位,0,0,0
274,274,0,656,1314,0,0,0,747,298,-604,1,下位,0,0,0
412,412,0,24,49,1,0,0,0,0,1,0,下位,0,0,0
153,153,0,106,211,0,0,0,412,49,-615,1,下位,0,0,0
375,375,0,44,89,0,0,0,153,211,-651,2,下位,0,0,0
550,114,28,42,83,0,0,0,375,89,-1167,1,下位,0,0,0
436,436,0,42,83,0,1,114,375,89,-1167,1,下位,0,114,28
312,179,35,44,87,0,0,0,550,83,-1943,2,下位,0,0,0
133,133,0,44,87,0,1,179,550,83,-1943,2,下位,0,179,35
316,316,0,326,652,1,0,0,0,0,1,0,下位,0,0,0
137,137,0,88,175,0,0,0,316,652,143,5,下位,0,0,0
129,129,0,572,1142,0,0,0,137,175,97,1,下位,0,0,0
673,673,0,146,291,0,0,0,129,1142,1031,9,下位,0,0,0
119,93,37,116,233,0,0,0,673,291,237,2,下位,0,0,0
26,26,0,116,233,0,1,93,673,291,237,2,下位,0,93,37
536,536,0,606,1211,0,0,0,119,233,315,3,下位,0,0,0
553,553,0,656,1313,0,0,0,536,1211,661,6,下位,0,0,0
924,154,131,238,477,0,0,0,553,1313,1082,7,下位,0,0,0
770,433,84,238,477,0,1,154,553,1313,1082,7,下位,0,154,47
337,27,51,238,477,0,2,587,553,1313,1082,7,下位,0,433,33
310,310,0,238,477,0,3,614,553,1313,1082,7,下位,0,27,51
244,244,0,128,255,1,0,0,0,0,1,0,下位,0,0,0
583,151,53,88,177,0,0,0,244,255,-138,3,下位,0,0,0
432,432,0,88,177,0,1,151,244,255,-138,3,下位,0,151,53
670,670,0,142,283,0,0,0,583,177,-849,1,下位,0,0,0
150,150,0,46,91,0,0,0,670,283,-1647,2,下位,0,0,0
217,217,0,2424,4789,0,0,0,150,91,-1798,1,下位,0,0,0
786,786,0,84,168,0,0,0,217,4789,2641,28,下位,0,0,0
61,61,0,264,530,0,0,0,786,168,1541,1,下位,0,0,0
485,485,0,168,337,0,0,0,61,530,1973,2,下位,0,0,0
175,175,0,386,771,0,0,0,485,337,1528,3,下位,0,0,0
121,121,0,286,573,0,0,0,175,771,2017,4,下位,0,0,0
150,150,0,134,267,0,0,0,121,573,2395,5,下位,0,0,0
471,471,0,112,223,0,0,0,150,267,2420,2,下位,0,0,0
311,311,0,264,530,0,0,0,471,223,1883,2,下位,0,0,0
397,397,0,362,724,1,0,0,0,0,1,0,下位,0,0,0
40,40,0,130,262,0,0,0,397,724,85,6,下位,0,0,0
410,410,0,184,366,0,0,0,40,262,282,3,下位,0,0,0
596,164,47,356,713,0,0,0,410,366,-13,2,下位,0,0,0
432,432,0,356,713,0,1,164,410,366,-13,2,下位,0,164,47
165,165,0,150,299,0,0,0,596,713,-215,5,下位,0,0,0
908,806,41,150,301,0,0,0,165,299,-182,2,下位,0,0,0
102,102,0,150,301,0,1,806,165,299,-182,2,下位,0,806,41
155,55,31,842,1682,0,0,0,908,301,-1305,2,下位,0,0,0
100,100,0,842,1682,0,1,55,908,301,-1305,2,下位,0,55,31
96,96,0,28,57,0,0,0,155,1682,158,13,下位,0,0,0
143,143,0,3564,6946,0,0,0,96,57,60,1,下位,0,0,0
136,136,0,47,94,0,0,0,143,6946,6775,22,下位,0,0,0
581,581,0,96,193,0,0,0,136,94,6650,1,下位,0,0,0
147,147,0,398,797,1,0,0,0,0,1,0,下位,0,0,0
1032,753,41,70,141,0,0,0,147,797,561,4,下位,0,0,0
279,279,0,70,141,0,1,753,147,797,561,4,下位,0,753,41
149,149,0,266,532,0,0,0,1032,141,-922,1,下位,0,0,0
62,62,0,156,311,0,0,0,149,532,-630,7,下位,0,0,0
257,87,23,316,633,0,0,0,62,311,-419,4,下位,0,0,0
170,170,0,316,633,0,1,87,62,311,-419,4,下位,0,87,23
198,198,0,302,603,0,0,0,257,633,-177,4,下位,0,0,0
659,659,0,140,281,0,0,0,198,603,107,5,下位,0,0,0
43,43,0,40,81,0,0,0,659,281,-675,2,下位,0,0,0
141,141,0,192,382,0,0,0,43,81,-663,1,下位,0,0,0
575,575,0,1318,2636,0,0,0,141,382,-508,4,下位,0,0,0
212,74,51,405,810,0,0,0,575,2636,1201,16,下位,0,0,0
138,138,0,405,810,0,1,74,575,2636,1201,16,下位,0,74,51
441,441,0,278,554,1,0,0,0,0,1,0,下位,0,0,0
48,48,0,430,860,0,0,0,441,554,-156,3,下位,0,0,0
388,388,0,144,289,0,0,0,48,860,627,3,下位,0,0,0
43,43,0,166,331,0,0,0,388,289,290,2,下位,0,0,0
353,353,0,1098,2196,0,0,0,43,331,552,2,下位,0,0,0
435,129,41,1374,2689,0,0,0,353,2196,2179,16,下位,0,0,0
306,306,0,1374,2689,0,1,129,353,2196,2179,16,下位,0,129,41
243,106,51,42,85,0,0,0,435,2689,4207,16,下位,0,0,0
137,137,0,42,85,0,1,106,435,2689,4207,16,下位,0,106,51
436,209,55,152,303,0,0,0,243,85,3951,1,下位,0,0,0
227,227,0,152,303,0,1,209,243,85,3951,1,下位,0,209,55
624,7,146,1212,2359,0,0,0,436,303,3606,2,下位,0,0,0
617,435,103,1212,2359,0,1,7,436,303,3606,2,下位,0,7,43
182,182,0,1212,2359,0,2,442,436,303,3606,2,下位,0,435,103
