REGゲーム数,当該REGゲーム数,REG枚数,ATゲーム数,AT枚数,朝イチ,スルー回数,AT間ゲーム数,前回AT当選ゲーム数,前回AT獲得枚数,前回差枚数,前回連荘数,前回種別,機種別条件,前回REG当選ゲーム数,前回REG獲得枚数
119,119,0,-6,-23,1,0,0,0,0,1,0,下位,0,0,0
176,176,0,-6,-23,1,1,119,0,0,1,0,下位,0,119,0
68,68,0,132,385,1,2,295,0,0,1,0,下位,0,176,0
189,189,0,54,186,0,0,0,363,385,-228,2,下位,0,0,0
223,223,0,-6,-23,0,0,0,189,186,-338,1,下位,0,0,0
274,274,0,62,216,0,1,223,189,186,-338,1,下位,0,223,0
206,206,0,50,186,0,0,0,497,216,-923,1,下位,0,0,0
272,272,0,-6,-23,0,0,0,206,186,-1059,1,下位,0,0,0
134,134,0,-6,-23,0,1,272,206,186,-1059,1,下位,0,272,0
97,97,0,35,123,0,2,406,206,186,-1059,1,下位,0,134,0
267,267,0,-6,-23,0,0,0,503,123,-1769,1,下位,0,0,0
265,265,0,111,324,0,1,267,503,123,-1769,1,下位,0,267,0
96,96,0,-6,-23,0,0,0,532,324,-2301,2,下位,0,0,0
50,50,0,127,370,0,1,96,532,324,-2301,2,下位,0,96,0
647,647,0,110,309,0,0,0,146,370,-2183,2,下位,0,0,0
249,249,0,-6,-23,1,0,0,0,0,1,0,下位,0,0,0
135,135,0,120,322,1,1,249,0,0,1,0,下位,0,249,0
298,298,0,-6,-23,0,0,0,384,322,-301,2,下位,0,0,0
509,509,0,104,283,0,1,298,384,322,-301,2,下位,0,298,0
196,196,0,48,177,0,0,0,807,283,-1303,2,下位,0,0,0
332,332,0,424,844,0,0,0,196,177,-1433,1,下位,0,0,0
348,348,0,-6,-23,0,0,0,332,844,-1108,6,下位,0,0,0
738,738,0,-6,-23,0,1,348,332,844,-1108,6,下位,0,348,0
423,423,0,-6,-23,0,2,1086,332,844,-1108,6,下位,0,738,0
255,255,0,22,72,0,3,1509,332,844,-1108,6,下位,0,423,0
300,300,0,181,370,0,0,0,1764,72,-3863,1,下位,0,0,0
83,83,0,75,272,0,0,0,300,370,-3962,3,下位,0,0,0
75,75,0,-6,-23,0,0,0,83,272,-3820,1,下位,0,0,0
144,144,0,132,403,0,1,75,83,272,-3820,1,下位,0,75,0
448,448,0,267,629,1,0,0,0,0,1,0,下位,0,0,0
699,699,0,-6,-23,0,0,0,448,629,-70,4,下位,0,0,0
275,275,0,-6,-23,0,1,699,448,629,-70,4,下位,0,699,0
380,380,0,208,553,0,2,974,448,629,-70,4,下位,0,275,0
240,240,0,35,86,0,0,0,1354,553,-1680,3,下位,0,0,0
180,180,0,226,550,1,0,0,0,0,1,0,下位,0,0,0
179,179,0,141,369,0,0,0,180,550,269,4,下位,0,0,0
354,354,0,-6,-23,0,0,0,179,369,358,2,下位,0,0,0
527,527,0,186,399,0,1,354,179,369,358,2,下位,0,354,0
451,451,0,-6,-23,1,0,0,0,0,1,0,下位,0,0,0
308,308,0,-6,-23,1,1,451,0,0,1,0,下位,0,451,0
137,137,0,-6,-23,1,2,759,0,0,1,0,下位,0,308,0
69,69,0,45,143,1,3,896,0,0,1,0,下位,0,137,0
85,85,0,391,834,0,0,0,965,143,-1435,1,下位,0,0,0
535,535,0,79,300,0,0,0,85,834,-734,5,下位,0,0,0
179,179,0,-6,-23,0,0,0,535,300,-1270,1,下位,0,0,0
170,170,0,-6,-23,0,1,179,535,300,-1270,1,下位,0,179,0
110,110,0,110,310,0,2,349,535,300,-1270,1,下位,0,170,0
373,373,0,42,145,0,0,0,459,310,-1724,2,下位,0,0,0
65,65,0,236,522,0,0,0,373,145,-2162,1,下位,0,0,0
61,61,0,38,123,0,0,0,65,522,-1742,4,下位,0,0,0
220,220,0,224,614,0,0,0,61,123,-1715,1,下位,0,0,0
374,374,0,55,198,0,0,0,220,614,-1444,3,下位,0,0,0
492,492,0,45,143,0,0,0,374,198,-1831,1,下位,0,0,0
317,317,0,-6,-23,0,0,0,492,143,-2457,1,下位,0,0,0
218,218,0,113,269,0,1,317,492,143,-2457,1,下位,0,317,0
541,541,0,369,838,0,0,0,535,269,-3048,2,下位,0,0,0
219,219,0,165,513,1,0,0,0,0,1,0,下位,0,0,0
87,87,0,36,121,0,0,0,219,513,171,2,下位,0,0,0
252,252,0,209,534,0,0,0,87,121,156,1,下位,0,0,0
294,294,0,60,220,0,0,0,252,534,296,3,下位,0,0,0
180,180,0,123,395,0,0,0,294,220,56,1,下位,0,0,0
598,598,0,-6,-23,0,0,0,180,395,169,2,下位,0,0,0
432,432,0,78,289,0,1,598,180,395,169,2,下位,0,598,0
189,189,0,-6,-23,0,0,0,1030,289,-1175,1,下位,0,0,0
380,380,0,62,229,0,1,189,1030,289,-1175,1,下位,0,189,0
259,259,0,102,285,0,0,0,569,229,-1859,1,下位,0,0,0
186,186,0,54,193,0,0,0,259,285,-1979,2,下位,0,0,0
323,323,0,-6,-23,0,0,0,186,193,-2077,1,下位,0,0,0
527,527,0,-6,-23,0,1,323,186,193,-2077,1,下位,0,323,0
302,302,0,38,129,0,2,850,186,193,-2077,1,下位,0,527,0
199,199,0,313,833,0,0,0,1152,129,-3795,1,下位,0,0,0
476,476,0,27,80,0,0,0,199,833,-3273,4,下位,0,0,0
459,459,0,76,283,1,0,0,0,0,1,0,下位,0,0,0
188,188,0,-6,-23,0,0,0,459,283,-434,1,下位,0,0,0
423,423,0,-6,-23,0,1,188,459,283,-434,1,下位,0,188,0
166,166,0,-6,-23,0,2,611,459,283,-434,1,下位,0,423,0
283,283,0,383,793,0,3,777,459,283,-434,1,下位,0,166,0
328,328,0,-6,-23,0,0,0,1060,793,-1367,5,下位,0,0,0
114,114,0,-6,-23,0,1,328,1060,793,-1367,5,下位,0,328,0
86,86,0,66,245,0,2,442,1060,793,-1367,5,下位,0,114,0
516,516,0,37,132,0,0,0,528,245,-1995,1,下位,0,0,0
297,297,0,743,1812,0,0,0,516,132,-2670,1,下位,0,0,0
200,200,0,-6,-23,1,0,0,0,0,1,0,下位,0,0,0
546,546,0,163,498,1,1,200,0,0,1,0,下位,0,200,0
236,236,0,-6,-23,1,0,0,0,0,1,0,下位,0,0,0
120,120,0,-6,-23,1,1,236,0,0,1,0,下位,0,236,0
405,405,0,37,127,1,2,356,0,0,1,0,下位,0,120,0
477,477,0,35,120,0,0,0,761,127,-1108,1,下位,0,0,0
141,141,0,-6,-23,0,0,0,477,120,-1734,1,下位,0,0,0
168,168,0,1278,3202,0,1,141,477,120,-1734,1,下位,0,141,0
81,81,0,40,141,0,0,0,309,3202,960,14,下位,0,0,0
64,64,0,-6,-23,0,0,0,81,141,974,1,下位,0,0,0
205,205,0,124,355,0,1,64,81,141,974,1,下位,0,64,0
258,258,0,1571,4264,0,0,0,269,355,885,2,下位,0,0,0
267,267,0,38,129,0,0,0,258,4264,-2,21,上位,0,0,0
360,360,0,-6,-23,1,0,0,0,0,1,0,下位,0,0,0
358,358,0,123,372,1,1,360,0,0,1,0,下位,0,360,0
451,451,0,-6,-23,0,0,0,718,372,-773,2,下位,0,0,0
439,439,0,-6,-23,0,1,451,718,372,-773,2,下位,0,451,0
94,94,0,212,536,0,2,890,718,372,-773,2,下位,0,439,0
291,291,0,57,212,0,0,0,984,536,-1821,3,下位,0,0,0
206,206,0,-6,-23,1,0,0,0,0,1,0,下位,0,0,0
55,55,0,318,929,1,1,206,0,0,1,0,下位,0,206,0
71,71,0,-6,-23,0,0,0,261,929,499,4,下位,0,0,0
113,113,0,374,736,0,1,71,261,929,499,4,下位,0,71,0
623,623,0,107,286,0,0,0,184,736,924,5,下位,0,0,0
169,169,0,41,132,0,0,0,623,286,236,2,下位,0,0,0
194,194,0,-6,-23,0,0,0,169,132,103,1,下位,0,0,0
125,125,0,-6,-23,0,1,194,169,132,103,1,下位,0,194,0
273,273,0,58,211,0,2,319,169,132,103,1,下位,0,125,0
211,211,0,90,338,0,0,0,592,211,-659,1,下位,0,0,0
64,64,0,54,189,0,0,0,211,338,-651,1,下位,0,0,0
126,126,0,489,1169,0,0,0,64,189,-562,1,下位,0,0,0
458,458,0,-6,-23,1,0,0,0,0,1,0,下位,0,0,0
98,98,0,142,375,1,1,458,0,0,1,0,下位,0,458,0
142,142,0,94,248,0,0,0,556,375,-517,2,下位,0,0,0
375,375,0,-6,-23,0,0,0,142,248,-491,2,下位,0,0,0
226,226,0,280,619,0,1,375,142,248,-491,2,下位,0,375,0
609,609,0,969,2382,1,0,0,0,0,1,0,下位,0,0,0
454,454,0,-6,-23,0,0,0,609,2382,1431,12,下位,0,0,0
115,115,0,3701,10982,0,1,454,609,2382,1431,12,下位,0,454,0
294,294,0,71,262,1,0,0,0,0,1,0,下位,0,0,0
241,241,0,118,300,0,0,0,294,262,-197,1,下位,0,0,0
409,409,0,34,116,0,0,0,241,300,-274,2,下位,0,0,0
333,333,0,-6,-23,0,0,0,409,116,-797,1,下位,0,0,0
180,180,0,-6,-23,0,1,333,409,116,-797,1,下位,0,333,0
179,179,0,135,403,0,2,513,409,116,-797,1,下位,0,180,0
240,240,0,-6,-23,1,0,0,0,0,1,0,下位,0,0,0
104,104,0,-6,-23,1,1,240,0,0,1,0,下位,0,240,0
357,357,0,179,427,1,2,344,0,0,1,0,下位,0,104,0
444,444,0,1215,2928,0,0,0,701,427,-714,3,下位,0,0,0
511,511,0,1440,3652,0,0,0,444,2928,1520,15,下位,0,0,0
171,171,0,-6,-23,0,0,0,511,3652,260,20,上位,0,0,0
152,152,0,-6,-23,0,1,171,511,3652,260,20,上位,0,171,0
62,62,0,26,83,0,2,323,511,3652,260,20,上位,0,152,0
119,119,0,106,293,1,0,0,0,0,1,0,下位,0,0,0
413,413,0,-6,-23,0,0,0,119,293,108,2,下位,0,0,0
532,532,0,258,710,0,1,413,119,293,108,2,下位,0,413,0
62,62,0,356,965,0,0,0,945,710,-683,4,下位,0,0,0
548,548,0,-6,-23,0,0,0,62,965,185,5,下位,0,0,0
233,233,0,68,243,0,1,548,62,965,185,5,下位,0,548,0
504,504,0,95,221,1,0,0,0,0,1,0,下位,0,0,0
192,192,0,104,285,0,0,0,504,221,-566,2,下位,0,0,0
66,66,0,-6,-23,0,0,0,192,285,-581,2,下位,0,0,0
130,130,0,-6,-23,0,1,66,192,285,-581,2,下位,0,66,0
661,661,0,344,885,0,2,196,192,285,-581,2,下位,0,130,0
192,192,0,-6,-23,0,0,0,857,885,-1083,4,下位,0,0,0
453,453,0,56,201,0,1,192,857,885,-1083,4,下位,0,192,0
341,341,0,36,114,0,0,0,645,201,-1913,1,下位,0,0,0
231,231,0,28,89,1,0,0,0,0,1,0,下位,0,0,0
437,437,0,-6,-23,0,0,0,231,89,-271,1,下位,0,0,0
372,372,0,-6,-23,0,1,437,231,89,-271,1,下位,0,437,0
176,176,0,434,839,0,2,809,231,89,-271,1,下位,0,372,0
405,405,0,70,201,0,0,0,985,839,-1018,6,下位,0,0,0
177,177,0,36,125,0,0,0,405,201,-1450,1,下位,0,0,0
303,303,0,456,1206,1,0,0,0,0,1,0,下位,0,0,0
107,107,0,299,723,0,0,0,303,1206,732,5,下位,0,0,0
259,259,0,111,317,0,0,0,107,723,1287,5,下位,0,0,0
372,372,0,-6,-23,0,0,0,259,317,1199,2,下位,0,0,0
569,569,0,-6,-23,0,1,372,259,317,1199,2,下位,0,372,0
660,660,0,356,857,0,2,941,259,317,1199,2,下位,0,569,0
114,114,0,218,512,0,0,0,1601,857,-493,5,下位,0,0,0
721,721,0,-6,-23,0,0,0,114,512,-160,4,下位,0,0,0
315,315,0,56,198,0,1,721,114,512,-160,4,下位,0,721,0
539,539,0,78,293,0,0,0,1036,198,-1605,1,下位,0,0,0
142,142,0,-6,-23,1,0,0,0,0,1,0,下位,0,0,0
203,203,0,-6,-23,1,1,142,0,0,1,0,下位,0,142,0
56,56,0,-6,-23,1,2,345,0,0,1,0,下位,0,203,0
179,179,0,95,348,1,3,401,0,0,1,0,下位,0,56,0
165,165,0,1175,2629,0,0,0,580,348,-628,1,下位,0,0,0
420,420,0,-6,-23,0,0,0,165,2629,1743,16,下位,0,0,0
174,174,0,-6,-23,0,1,420,165,2629,1743,16,下位,0,420,0
162,162,0,-6,-23,0,2,594,165,2629,1743,16,下位,0,174,0
173,173,0,2345,6109,0,3,756,165,2629,1743,16,下位,0,162,0
238,238,0,158,324,0,0,0,929,6109,182,31,上位,0,0,0
153,153,0,-6,-23,0,0,0,238,324,134,3,下位,0,0,0
580,580,0,41,144,0,1,153,238,324,134,3,下位,0,153,0
155,155,0,-6,-23,1,0,0,0,0,1,0,下位,0,0,0
66,66,0,-6,-23,1,1,155,0,0,1,0,下位,0,155,0
477,477,0,-6,-23,1,2,221,0,0,1,0,下位,0,66,0
373,373,0,109,298,1,3,698,0,0,1,0,下位,0,477,0
99,99,0,94,349,0,0,0,1071,298,-1446,2,下位,0,0,0
291,291,0,-6,-23,0,0,0,99,349,-1252,1,下位,0,0,0
442,442,0,-6,-23,0,1,291,99,349,-1252,1,下位,0,291,0
147,147,0,125,356,0,2,733,99,349,-1252,1,下位,0,442,0
328,328,0,-6,-23,0,0,0,880,356,-2318,2,下位,0,0,0
389,389,0,820,1780,0,1,328,880,356,-2318,2,下位,0,328,0
392,392,0,195,382,0,0,0,717,1780,-1682,12,下位,0,0,0
539,539,0,248,526,0,0,0,392,382,-1913,3,下位,0,0,0
168,168,0,678,1595,1,0,0,0,0,1,0,下位,0,0,0
246,246,0,-6,-23,0,0,0,168,1595,1333,9,下位,0,0,0
135,135,0,-6,-23,0,1,246,168,1595,1333,9,下位,0,246,0
538,538,0,52,187,0,2,381,168,1595,1333,9,下位,0,135,0
261,261,0,-6,-23,0,0,0,919,187,37,1,下位,0,0,0
182,182,0,-6,-23,0,1,261,919,187,37,1,下位,0,261,0
414,414,0,57,208,0,2,443,919,187,37,1,下位,0,182,0
346,346,0,-6,-23,0,0,0,857,208,-1141,1,下位,0,0,0
42,42,0,95,358,0,1,346,857,208,-1141,1,下位,0,346,0
369,369,0,77,287,0,0,0,388,358,-1413,1,下位,0,0,0
250,250,0,28,84,0,0,0,369,287,-1703,1,下位,0,0,0
290,290,0,41,143,0,0,0,250,84,-2010,1,下位,0,0,0
351,351,0,27,86,1,0,0,0,0,1,0,下位,0,0,0
279,279,0,-6,-23,0,0,0,351,86,-462,1,下位,0,0,0
669,669,0,-6,-23,0,1,279,351,86,-462,1,下位,0,279,0
344,344,0,2496,6976,0,2,948,351,86,-462,1,下位,0,669,0
590,590,0,42,149,0,0,0,1292,6976,209,28,上位,0,0,0
434,434,0,499,1062,1,0,0,0,0,1,0,下位,0,0,0
639,639,0,1830,5573,0,0,0,434,1062,384,6,下位,0,0,0
477,477,0,-6,-23,0,0,0,639,5573,298,19,上位,0,0,0
124,124,0,56,198,0,1,477,639,5573,298,19,上位,0,477,0
248,248,0,-6,-23,1,0,0,0,0,1,0,下位,0,0,0
369,369,0,-6,-23,1,1,248,0,0,1,0,下位,0,248,0
359,359,0,-6,-23,1,2,617,0,0,1,0,下位,0,369,0
327,327,0,29,85,1,3,976,0,0,1,0,下位,0,359,0
349,349,0,-6,-23,0,0,0,1303,85,-2020,1,下位,0,0,0
282,282,0,91,338,0,1,349,1303,85,-2020,1,下位,0,349,0
125,125,0,28,89,0,0,0,631,338,-2692,1,下位,0,0,0
590,590,0,842,1884,0,0,0,125,89,-2799,1,下位,0,0,0
304,304,0,-6,-23,1,0,0,0,0,1,0,下位,0,0,0
227,227,0,60,219,1,1,304,0,0,1,0,下位,0,304,0
92,92,0,-6,-23,0,0,0,531,219,-633,1,下位,0,0,0
244,244,0,-6,-23,0,1,92,531,219,-633,1,下位,0,92,0
166,166,0,-6,-23,0,2,336,531,219,-633,1,下位,0,244,0
92,92,0,542,1111,0,3,502,531,219,-633,1,下位,0,166,0
238,238,0,104,256,1,0,0,0,0,1,0,下位,0,0,0
147,147,0,288,718,0,0,0,238,256,-115,2,下位,0,0,0
578,578,0,577,1112,0,0,0,147,718,372,4,下位,0,0,0
503,503,0,149,431,0,0,0,578,1112,580,9,下位,0,0,0
115,115,0,-6,-23,0,0,0,503,431,225,2,下位,0,0,0
525,525,0,-6,-23,0,1,115,503,431,225,2,下位,0,115,0
124,124,0,2931,8770,0,2,640,503,431,225,2,下位,0,525,0
214,214,0,56,205,0,0,0,764,8770,298,31,上位,0,0,0
191,191,0,273,614,0,0,0,214,205,168,1,下位,0,0,0
357,357,0,188,434,0,0,0,191,614,483,4,下位,0,0,0
81,81,0,-6,-23,0,0,0,357,434,359,3,下位,0,0,0
458,458,0,-6,-23,0,1,81,357,434,359,3,下位,0,81,0
170,170,0,128,361,0,2,539,357,434,359,3,下位,0,458,0
417,417,0,115,322,0,0,0,709,361,-435,2,下位,0,0,0
235,235,0,68,238,0,0,0,417,322,-765,2,下位,0,0,0
210,210,0,162,497,0,0,0,235,238,-895,1,下位,0,0,0
510,510,0,183,425,1,0,0,0,0,1,0,下位,0,0,0
100,100,0,790,1723,0,0,0,510,425,-371,3,下位,0,0,0
168,168,0,-6,-23,0,0,0,100,1723,1195,11,下位,0,0,0
483,483,0,394,1128,0,1,168,100,1723,1195,11,下位,0,168,0
530,530,0,302,675,0,0,0,651,1128,1282,5,下位,0,0,0
106,106,0,74,262,0,0,0,530,675,1128,4,下位,0,0,0
406,406,0,190,441,0,0,0,106,262,1224,1,下位,0,0,0
124,124,0,-6,-23,0,0,0,406,441,1030,3,下位,0,0,0
415,415,0,1245,2896,0,1,124,406,441,1030,3,下位,0,124,0
330,330,0,27,88,0,0,0,539,2896,260,18,上位,0,0,0
69,69,0,109,281,0,0,0,330,88,-168,1,下位,0,0,0
182,182,0,-6,-23,1,0,0,0,0,1,0,下位,0,0,0
384,384,0,-6,-23,1,1,182,0,0,1,0,下位,0,182,0
356,356,0,874,1857,1,2,566,0,0,1,0,下位,0,384,0
448,448,0,143,249,0,0,0,922,1857,369,13,下位,0,0,0
442,442,0,118,350,0,0,0,448,249,-82,3,下位,0,0,0
491,491,0,37,126,0,0,0,442,350,-423,2,下位,0,0,0
162,162,0,40,139,0,0,0,491,126,-1065,1,下位,0,0,0
220,220,0,-6,-23,1,0,0,0,0,1,0,下位,0,0,0
90,90,0,-6,-23,1,1,220,0,0,1,0,下位,0,220,0
112,112,0,37,127,1,2,310,0,0,1,0,下位,0,90,0
351,351,0,-6,-23,0,0,0,422,127,-578,1,下位,0,0,0
175,175,0,-6,-23,0,1,351,422,127,-578,1,下位,0,351,0
461,461,0,56,201,0,2,526,422,127,-578,1,下位,0,175,0
221,221,0,372,953,0,0,0,987,201,-1967,1,下位,0,0,0
377,377,0,62,204,0,0,0,221,953,-1360,5,下位,0,0,0
105,105,0,-6,-23,0,0,0,377,204,-1746,1,下位,0,0,0
262,262,0,-6,-23,0,1,105,377,204,-1746,1,下位,0,105,0
91,91,0,-6,-23,0,2,367,377,204,-1746,1,下位,0,262,0
183,183,0,551,1220,0,3,458,377,204,-1746,1,下位,0,91,0
399,399,0,179,471,0,0,0,641,1220,-1599,8,下位,0,0,0
493,493,0,39,134,0,0,0,399,471,-1751,3,下位,0,0,0
190,190,0,-6,-23,0,0,0,493,134,-2388,1,下位,0,0,0
352,352,0,-6,-23,0,1,190,493,134,-2388,1,下位,0,190,0
48,48,0,489,1232,0,2,542,493,134,-2388,1,下位,0,352,0
91,91,0,-6,-23,0,0,0,590,1232,-2124,5,下位,0,0,0
612,612,0,41,144,0,1,91,590,1232,-2124,5,下位,0,91,0
656,656,0,221,394,1,0,0,0,0,1,0,下位,0,0,0
122,122,0,68,251,0,0,0,656,394,-630,3,下位,0,0,0
252,252,0,53,186,0,0,0,122,251,-570,1,下位,0,0,0
438,438,0,155,481,0,0,0,252,186,-778,1,下位,0,0,0
579,579,0,46,155,0,0,0,438,481,-982,2,下位,0,0,0
273,273,0,-6,-23,0,0,0,579,155,-1732,1,下位,0,0,0
482,482,0,-6,-23,0,1,273,579,155,-1732,1,下位,0,273,0
88,88,0,108,291,0,2,755,579,155,-1732,1,下位,0,482,0
273,273,0,199,471,0,0,0,843,291,-2806,2,下位,0,0,0
522,522,0,254,583,1,0,0,0,0,1,0,下位,0,0,0
230,230,0,-6,-23,0,0,0,522,583,-231,4,下位,0,0,0
405,405,0,220,582,0,1,230,522,583,-231,4,下位,0,230,0
173,173,0,-6,-23,0,0,0,635,582,-665,3,下位,0,0,0
468,468,0,-6,-23,0,1,173,635,582,-665,3,下位,0,173,0
220,220,0,880,2035,0,2,641,635,582,-665,3,下位,0,468,0
158,158,0,104,273,0,0,0,861,2035,-23,11,下位,0,0,0
443,443,0,-6,-23,0,0,0,158,273,3,2,下位,0,0,0
154,154,0,46,155,0,1,443,158,273,3,2,下位,0,443,0
191,191,0,199,532,0,0,0,597,155,-799,1,下位,0,0,0
192,192,0,224,647,0,0,0,191,532,-566,3,下位,0,0,0
455,455,0,42,140,0,0,0,192,647,-219,3,下位,0,0,0
176,176,0,-6,-23,0,0,0,455,140,-790,1,下位,0,0,0
286,286,0,327,736,0,1,176,455,140,-790,1,下位,0,176,0
339,339,0,63,232,1,0,0,0,0,1,0,下位,0,0,0
185,185,0,198,545,0,0,0,339,232,-297,1,下位,0,0,0
383,383,0,-6,-23,0,0,0,185,545,-42,3,下位,0,0,0
60,60,0,64,236,0,1,383,185,545,-42,3,下位,0,383,0
210,210,0,215,410,0,0,0,443,236,-522,1,下位,0,0,0
429,429,0,-6,-23,0,0,0,210,410,-441,3,下位,0,0,0
288,288,0,62,222,0,1,429,210,410,-441,3,下位,0,429,0
270,270,0,-6,-23,0,0,0,717,222,-1363,1,下位,0,0,0
152,152,0,585,1546,0,1,270,717,222,-1363,1,下位,0,270,0
489,489,0,144,404,1,0,0,0,0,1,0,下位,0,0,0
224,224,0,-6,-23,0,0,0,489,404,-359,2,下位,0,0,0
564,564,0,62,225,0,1,224,489,404,-359,2,下位,0,224,0
262,262,0,-6,-23,1,0,0,0,0,1,0,下位,0,0,0
206,206,0,368,695,1,1,262,0,0,1,0,下位,0,262,0
438,438,0,-6,-23,0,0,0,468,695,-59,5,下位,0,0,0
80,80,0,-6,-23,0,1,438,468,695,-59,5,下位,0,438,0
384,384,0,-6,-23,0,2,518,468,695,-59,5,下位,0,80,0
304,304,0,112,323,0,3,902,468,695,-59,5,下位,0,384,0
179,179,0,-6,-23,0,0,0,1206,323,-1690,2,下位,0,0,0
332,332,0,43,139,0,1,179,1206,323,-1690,2,下位,0,179,0
146,146,0,-6,-23,1,0,0,0,0,1,0,下位,0,0,0
605,605,0,-6,-23,1,1,146,0,0,1,0,下位,0,146,0
392,392,0,278,556,1,2,751,0,0,1,0,下位,0,605,0
249,249,0,-6,-23,1,0,0,0,0,1,0,下位,0,0,0
109,109,0,102,238,1,1,249,0,0,1,0,下位,0,249,0
433,433,0,-6,-23,0,0,0,358,238,-345,2,下位,0,0,0
70,70,0,1327,3579,0,1,433,358,238,-345,2,下位,0,433,0
282,282,0,66,244,0,0,0,503,3579,-2,15,上位,0,0,0
665,665,0,-6,-23,0,0,0,282,244,-199,1,下位,0,0,0
256,256,0,-6,-23,0,1,665,282,244,-199,1,下位,0,665,0
352,352,0,40,137,0,2,921,282,244,-199,1,下位,0,256,0
526,526,0,1362,3611,1,0,0,0,0,1,0,下位,0,0,0
161,161,0,-6,-23,0,0,0,526,3611,451,16,上位,0,0,0
87,87,0,56,204,0,1,161,526,3611,451,16,上位,0,161,0
399,399,0,54,191,0,0,0,248,204,244,1,下位,0,0,0
412,412,0,59,214,0,0,0,399,191,-189,1,下位,0,0,0
154,154,0,203,517,0,0,0,412,214,-619,1,下位,0,0,0
147,147,0,-6,-23,0,0,0,154,517,-343,2,下位,0,0,0
180,180,0,-6,-23,0,1,147,154,517,-343,2,下位,0,147,0
418,418,0,-6,-23,0,2,327,154,517,-343,2,下位,0,180,0
356,356,0,52,183,0,3,745,154,517,-343,2,下位,0,418,0
224,224,0,648,1387,0,0,0,1101,183,-1952,1,下位,0,0,0
134,134,0,-6,-23,1,0,0,0,0,1,0,下位,0,0,0
511,511,0,335,680,1,1,134,0,0,1,0,下位,0,134,0
592,592,0,99,374,0,0,0,645,680,-352,5,下位,0,0,0
268,268,0,706,1821,0,0,0,592,374,-903,1,下位,0,0,0
397,397,0,227,500,0,0,0,268,1821,499,8,下位,0,0,0
445,445,0,-6,-23,0,0,0,397,500,378,3,下位,0,0,0
591,591,0,75,272,0,1,445,397,500,378,3,下位,0,445,0
265,265,0,119,326,1,0,0,0,0,1,0,下位,0,0,0
177,177,0,328,753,0,0,0,265,326,-87,2,下位,0,0,0
249,249,0,195,419,0,0,0,177,753,389,4,下位,0,0,0
66,66,0,-6,-23,0,0,0,249,419,418,2,下位,0,0,0
243,243,0,219,552,0,1,66,249,419,418,2,下位,0,66,0
118,118,0,-6,-23,0,0,0,309,552,463,4,下位,0,0,0
211,211,0,93,205,0,1,118,309,552,463,4,下位,0,118,0
132,132,0,-6,-23,0,0,0,329,205,130,2,下位,0,0,0
209,209,0,-6,-23,0,1,132,329,205,130,2,下位,0,132,0
227,227,0,409,773,0,2,341,329,205,130,2,下位,0,209,0
135,135,0,101,354,0,0,0,568,773,-32,6,下位,0,0,0
192,192,0,52,189,0,0,0,135,354,111,1,下位,0,0,0
62,62,0,106,264,0,0,0,192,189,1,1,下位,0,0,0
106,106,0,514,1270,0,0,0,62,264,168,2,下位,0,0,0
184,184,0,854,1839,1,0,0,0,0,1,0,下位,0,0,0
328,328,0,931,2213,0,0,0,184,1839,1552,13,下位,0,0,0
313,313,0,-6,-23,1,0,0,0,0,1,0,下位,0,0,0
70,70,0,-6,-23,1,1,313,0,0,1,0,下位,0,313,0
732,732,0,53,192,1,2,383,0,0,1,0,下位,0,70,0
391,391,0,-6,-23,0,0,0,1115,192,-1597,1,下位,0,0,0
142,142,0,-6,-23,0,1,391,1115,192,-1597,1,下位,0,391,0
125,125,0,120,329,0,2,533,1115,192,-1597,1,下位,0,142,0
137,137,0,56,199,0,0,0,658,329,-2343,2,下位,0,0,0
309,309,0,-6,-23,0,0,0,137,199,-2358,1,下位,0,0,0
250,250,0,2500,7152,0,1,309,137,199,-2358,1,下位,0,309,0
121,121,0,386,817,1,0,0,0,0,1,0,下位,0,0,0
77,77,0,27,88,1,0,0,0,0,1,0,下位,0,0,0
78,78,0,-6,-23,0,0,0,77,88,-32,1,下位,0,0,0
68,68,0,38,129,0,1,78,77,88,-32,1,下位,0,78,0
119,119,0,46,164,0,0,0,146,129,-155,1,下位,0,0,0
309,309,0,-6,-23,0,0,0,119,164,-177,1,下位,0,0,0
633,633,0,-6,-23,0,1,309,119,164,-177,1,下位,0,309,0
525,525,0,64,236,0,2,942,119,164,-177,1,下位,0,633,0
239,239,0,-6,-23,0,0,0,1467,236,-2281,1,下位,0,0,0
192,192,0,-6,-23,0,1,239,1467,236,-2281,1,下位,0,239,0
554,554,0,148,509,0,2,431,1467,236,-2281,1,下位,0,192,0
291,291,0,-6,-23,0,0,0,985,509,-3358,2,下位,0,0,0
395,395,0,-6,-23,0,1,291,985,509,-3358,2,下位,0,291,0
70,70,0,38,132,0,2,686,985,509,-3358,2,下位,0,395,0
378,378,0,-6,-23,0,0,0,756,132,-4455,1,下位,0,0,0
232,232,0,-6,-23,0,1,378,756,132,-4455,1,下位,0,378,0
173,173,0,188,393,0,2,610,756,132,-4455,1,下位,0,232,0
384,384,0,-6,-23,0,0,0,783,393,-5333,4,下位,0,0,0
323,323,0,60,213,0,1,384,783,393,-5333,4,下位,0,384,0
155,155,0,466,1043,1,0,0,0,0,1,0,下位,0,0,0
84,84,0,-6,-23,0,0,0,155,1043,801,6,下位,0,0,0
341,341,0,230,475,0,1,84,155,1043,801,6,下位,0,84,0
547,547,0,54,197,1,0,0,0,0,1,0,下位,0,0,0
162,162,0,-6,-23,0,0,0,547,197,-657,1,下位,0,0,0
176,176,0,-6,-23,0,1,162,547,197,-657,1,下位,0,162,0
493,493,0,-6,-23,0,2,338,547,197,-657,1,下位,0,176,0
139,139,0,123,364,0,3,831,547,197,-657,1,下位,0,493,0
255,255,0,-6,-23,0,0,0,970,364,-1880,2,下位,0,0,0
125,125,0,-6,-23,0,1,255,970,364,-1880,2,下位,0,255,0
476,476,0,54,202,0,2,380,970,364,-1880,2,下位,0,125,0
365,365,0,-6,-23,0,0,0,856,202,-3063,1,下位,0,0,0
355,355,0,-6,-23,0,1,365,856,202,-3063,1,下位,0,365,0
474,474,0,60,225,0,2,720,856,202,-3063,1,下位,0,355,0
82,82,0,1654,4059,0,0,0,1194,225,-4751,1,下位,0,0,0
321,321,0,52,194,0,0,0,82,4059,-821,20,下位,0,0,0
484,484,0,-6,-23,1,0,0,0,0,1,0,下位,0,0,0
324,324,0,146,393,1,1,484,0,0,1,0,下位,0,484,0
435,435,0,64,220,0,0,0,808,393,-893,2,下位,0,0,0
505,505,0,-6,-23,0,0,0,435,220,-1353,1,下位,0,0,0
548,548,0,-6,-23,0,1,505,435,220,-1353,1,下位,0,505,0
320,320,0,-6,-23,0,2,1053,435,220,-1353,1,下位,0,548,0
408,408,0,173,420,0,3,1373,435,220,-1353,1,下位,0,320,0
350,350,0,-6,-23,0,0,0,1781,420,-3788,3,下位,0,0,0
168,168,0,-6,-23,0,1,350,1781,420,-3788,3,下位,0,350,0
306,306,0,150,437,0,2,518,1781,420,-3788,3,下位,0,168,0
203,203,0,-6,-23,1,0,0,0,0,1,0,下位,0,0,0
146,146,0,94,208,1,1,203,0,0,1,0,下位,0,203,0
134,134,0,132,326,0,0,0,349,208,-361,2,下位,0,0,0
235,235,0,-6,-23,0,0,0,134,326,-245,2,下位,0,0,0
340,340,0,43,150,0,1,235,134,326,-245,2,下位,0,235,0
335,335,0,194,522,0,0,0,575,150,-1018,1,下位,0,0,0
177,177,0,122,222,0,0,0,335,522,-1020,3,下位,0,0,0
378,378,0,106,268,0,0,0,177,222,-1075,2,下位,0,0,0
655,655,0,-6,-23,0,0,0,378,268,-1398,2,下位,0,0,0
46,46,0,-6,-23,0,1,655,378,268,-1398,2,下位,0,655,0
178,178,0,54,202,0,2,701,378,268,-1398,2,下位,0,46,0
111,111,0,-6,-23,0,0,0,879,202,-2617,1,下位,0,0,0
158,158,0,40,144,0,1,111,879,202,-2617,1,下位,0,111,0
282,282,0,73,265,0,0,0,269,144,-2917,1,下位,0,0,0
406,406,0,-6,-23,0,0,0,282,265,-3093,1,下位,0,0,0
355,355,0,465,1043,0,1,406,282,265,-3093,1,下位,0,406,0
494,494,0,291,779,0,0,0,761,1043,-3263,7,下位,0,0,0
211,211,0,-6,-23,0,0,0,494,779,-3257,4,下位,0,0,0
249,249,0,115,346,0,1,211,494,779,-3257,4,下位,0,211,0
90,90,0,61,224,0,0,0,460,346,-3653,2,下位,0,0,0
85,85,0,34,116,0,0,0,90,224,-3570,1,下位,0,0,0
200,200,0,39,135,1,0,0,0,0,1,0,下位,0,0,0
457,457,0,1193,3154,0,0,0,200,135,-177,1,下位,0,0,0
204,204,0,-6,-23,0,0,0,457,3154,-2,14,上位,0,0,0
277,277,0,327,630,0,1,204,457,3154,-2,14,上位,0,204,0
378,378,0,64,237,0,0,0,481,630,-147,5,下位,0,0,0
513,513,0,39,136,0,0,0,378,237,-501,1,下位,0,0,0
66,66,0,98,238,0,0,0,513,136,-1167,1,下位,0,0,0
300,300,0,-6,-23,1,0,0,0,0,1,0,下位,0,0,0
216,216,0,-6,-23,1,1,300,0,0,1,0,下位,0,300,0
528,528,0,37,126,1,2,516,0,0,1,0,下位,0,216,0
230,230,0,166,481,0,0,0,1044,126,-1551,1,下位,0,0,0
470,470,0,-6,-23,0,0,0,230,481,-1430,2,下位,0,0,0
361,361,0,42,146,0,1,470,230,481,-1430,2,下位,0,470,0
234,234,0,44,143,0,0,0,831,146,-2607,1,下位,0,0,0
116,116,0,-6,-23,1,0,0,0,0,1,0,下位,0,0,0
363,363,0,-6,-23,1,1,116,0,0,1,0,下位,0,116,0
515,515,0,53,190,1,2,479,0,0,1,0,下位,0,363,0
230,230,0,146,418,0,0,0,994,190,-1410,1,下位,0,0,0
521,521,0,1360,3330,0,0,0,230,418,-1352,2,下位,0,0,0
93,93,0,-6,-23,1,0,0,0,0,1,0,下位,0,0,0
263,263,0,-6,-23,1,1,93,0,0,1,0,下位,0,93,0
560,560,0,521,1169,1,2,356,0,0,1,0,下位,0,263,0
363,363,0,-6,-23,0,0,0,916,1169,-308,7,下位,0,0,0
543,543,0,-6,-23,0,1,363,916,1169,-308,7,下位,0,363,0
165,165,0,1186,2679,0,2,906,916,1169,-308,7,下位,0,543,0
344,344,0,56,197,0,0,0,1071,2679,650,16,下位,0,0,0
243,243,0,96,230,0,0,0,344,197,309,1,下位,0,0,0
265,265,0,-6,-23,1,0,0,0,0,1,0,下位,0,0,0
128,128,0,-6,-23,1,1,265,0,0,1,0,下位,0,265,0
95,95,0,46,142,1,2,393,0,0,1,0,下位,0,128,0
418,418,0,37,126,0,0,0,488,142,-666,1,下位,0,0,0
203,203,0,628,1371,0,0,0,418,126,-1194,1,下位,0,0,0
469,469,0,51,184,0,0,0,203,1371,-141,8,下位,0,0,0
141,141,0,78,187,0,0,0,469,184,-690,1,下位,0,0,0
320,320,0,242,604,0,0,0,141,187,-724,2,下位,0,0,0
151,151,0,-6,-23,0,0,0,320,604,-620,4,下位,0,0,0
84,84,0,102,238,0,1,151,320,604,-620,4,下位,0,151,0
347,347,0,193,500,1,0,0,0,0,1,0,下位,0,0,0
572,572,0,-6,-23,0,0,0,347,500,-42,3,下位,0,0,0
541,541,0,97,355,0,1,572,347,500,-42,3,下位,0,572,0
63,63,0,1402,3525,0,0,0,1113,355,-1450,1,下位,0,0,0
352,352,0,53,191,0,0,0,63,3525,1975,17,下位,0,0,0
283,283,0,39,124,0,0,0,352,191,1616,1,下位,0,0,0
99,99,0,-6,-23,0,0,0,283,124,1297,1,下位,0,0,0
567,567,0,-6,-23,0,1,99,283,124,1297,1,下位,0,99,0
192,192,0,-6,-23,0,2,666,283,124,1297,1,下位,0,567,0
137,137,0,596,1357,0,3,858,283,124,1297,1,下位,0,192,0
103,103,0,-6,-23,0,0,0,995,1357,1031,7,下位,0,0,0
49,49,0,181,455,0,1,103,995,1357,1031,7,下位,0,103,0
194,194,0,356,814,1,0,0,0,0,1,0,下位,0,0,0
475,475,0,-6,-23,0,0,0,194,814,511,6,下位,0,0,0
294,294,0,423,854,0,1,475,194,814,511,6,下位,0,475,0
304,304,0,37,126,0,0,0,769,854,138,6,下位,0,0,0
320,320,0,55,199,0,0,0,304,126,-211,1,下位,0,0,0
155,155,0,74,273,0,0,0,320,199,-512,1,下位,0,0,0
134,134,0,26,81,0,0,0,155,273,-482,1,下位,0,0,0
134,134,0,65,233,0,0,0,134,81,-611,1,下位,0,0,0
179,179,0,-6,-23,0,0,0,134,233,-588,1,下位,0,0,0
382,382,0,100,246,0,1,179,134,233,-588,1,下位,0,179,0
66,66,0,153,312,0,0,0,561,246,-1242,2,下位,0,0,0
130,130,0,-6,-23,0,0,0,66,312,-1034,3,下位,0,0,0
353,353,0,-6,-23,0,1,130,66,312,-1034,3,下位,0,130,0
303,303,0,279,736,0,2,483,66,312,-1034,3,下位,0,353,0
201,201,0,241,585,1,0,0,0,0,1,0,下位,0,0,0
64,64,0,39,157,0,0,0,201,585,272,3,下位,0,0,0
604,604,0,-6,-23,0,0,0,64,157,329,1,下位,0,0,0
168,168,0,53,192,0,1,604,64,157,329,1,下位,0,604,0
218,218,0,1809,4831,0,0,0,772,192,-709,1,下位,0,0,0
665,665,0,605,1436,0,0,0,218,4831,214,20,上位,0,0,0
250,250,0,-6,-23,0,0,0,665,1436,611,9,下位,0,0,0
40,40,0,44,139,0,1,250,665,1436,611,9,下位,0,250,0
283,283,0,35,119,1,0,0,0,0,1,0,下位,0,0,0
502,502,0,354,819,0,0,0,283,119,-323,1,下位,0,0,0
86,86,0,643,1831,0,0,0,502,819,-289,4,下位,0,0,0
441,441,0,-6,-23,0,0,0,86,1831,1407,6,下位,0,0,0
393,393,0,-6,-23,0,1,441,86,1831,1407,6,下位,0,441,0
180,180,0,-6,-23,0,2,834,86,1831,1407,6,下位,0,393,0
308,308,0,1163,3041,0,3,1014,86,1831,1407,6,下位,0,180,0
302,302,0,357,717,0,0,0,1322,3041,-2,14,上位,0,0,0
237,237,0,-6,-23,0,0,0,302,717,243,5,下位,0,0,0
130,130,0,48,167,0,1,237,302,717,243,5,下位,0,237,0
425,425,0,-6,-23,0,0,0,367,167,-188,1,下位,0,0,0
314,314,0,-6,-23,0,1,425,367,167,-188,1,下位,0,425,0
64,64,0,-6,-23,0,2,739,367,167,-188,1,下位,0,314,0
361,361,0,36,122,0,3,803,367,167,-188,1,下位,0,64,0
599,599,0,-6,-23,0,0,0,1164,122,-1955,1,下位,0,0,0
308,308,0,-6,-23,0,1,599,1164,122,-1955,1,下位,0,599,0
145,145,0,53,191,0,2,907,1164,122,-1955,1,下位,0,308,0
344,344,0,1140,3187,1,0,0,0,0,1,0,下位,0,0,0
156,156,0,185,476,0,0,0,344,3187,321,13,上位,0,0,0
362,362,0,54,193,0,0,0,156,476,553,3,下位,0,0,0
116,116,0,158,466,0,0,0,362,193,180,1,下位,0,0,0
311,311,0,-6,-23,0,0,0,116,466,464,2,下位,0,0,0
92,92,0,420,978,0,1,311,116,466,464,2,下位,0,311,0
62,62,0,189,489,0,0,0,403,978,790,6,下位,0,0,0
355,355,0,-6,-23,0,0,0,62,489,1182,3,下位,0,0,0
294,294,0,-6,-23,0,1,355,62,489,1182,3,下位,0,355,0
46,46,0,188,457,0,2,649,62,489,1182,3,下位,0,294,0
470,470,0,-6,-23,0,0,0,695,457,506,3,下位,0,0,0
423,423,0,-6,-23,0,1,470,695,457,506,3,下位,0,470,0
360,360,0,126,325,0,2,893,695,457,506,3,下位,0,423,0
457,457,0,-6,-23,0,0,0,1253,325,-1174,2,下位,0,0,0
398,398,0,-6,-23,0,1,457,1253,325,-1174,2,下位,0,457,0
94,94,0,424,892,0,2,855,1253,325,-1174,2,下位,0,398,0
287,287,0,42,141,1,0,0,0,0,1,0,下位,0,0,0
492,492,0,72,271,0,0,0,287,141,-307,1,下位,0,0,0
238,238,0,19,59,0,0,0,492,271,-805,1,下位,0,0,0
524,524,0,56,205,0,0,0,238,59,-1118,1,下位,0,0,0
62,62,0,241,424,0,0,0,524,205,-1732,1,下位,0,0,0
724,724,0,112,320,0,0,0,62,424,-1405,4,下位,0,0,0
178,178,0,-6,-23,0,0,0,724,320,-2217,2,下位,0,0,0
642,642,0,36,117,0,1,178,724,320,-2217,2,下位,0,178,0
377,377,0,-6,-23,0,0,0,820,117,-3406,1,下位,0,0,0
532,532,0,117,353,0,1,377,820,117,-3406,1,下位,0,377,0
323,323,0,78,290,0,0,0,909,353,-4497,2,下位,0,0,0
548,548,0,126,360,1,0,0,0,0,1,0,下位,0,0,0
495,495,0,-6,-23,0,0,0,548,360,-496,2,下位,0,0,0
320,320,0,38,134,0,1,495,548,360,-496,2,下位,0,495,0
332,332,0,-6,-23,0,0,0,815,134,-1659,1,下位,0,0,0
143,143,0,-6,-23,0,1,332,815,134,-1659,1,下位,0,332,0
283,283,0,59,221,0,2,475,815,134,-1659,1,下位,0,143,0
511,511,0,44,158,0,0,0,758,221,-2670,1,下位,0,0,0
278,278,0,279,680,1,0,0,0,0,1,0,下位,0,0,0
380,380,0,36,124,0,0,0,278,680,246,4,下位,0,0,0
296,296,0,-6,-23,0,0,0,380,124,-224,1,下位,0,0,0
110,110,0,-6,-23,0,1,296,380,124,-224,1,下位,0,296,0
282,282,0,-6,-23,0,2,406,380,124,-224,1,下位,0,110,0
222,222,0,366,846,0,3,688,380,124,-224,1,下位,0,282,0
686,686,0,1554,4173,0,0,0,910,846,-870,5,下位,0,0,0
371,371,0,240,688,0,0,0,686,4173,-2,18,上位,0,0,0
339,339,0,108,261,0,0,0,371,688,106,3,下位,0,0,0
280,280,0,59,197,0,0,0,339,261,-163,2,下位,0,0,0
245,245,0,468,960,1,0,0,0,0,1,0,下位,0,0,0
302,302,0,56,199,0,0,0,245,960,578,7,下位,0,0,0
455,455,0,-6,-23,0,0,0,302,199,305,1,下位,0,0,0
166,166,0,259,596,0,1,455,302,199,305,1,下位,0,455,0
150,150,0,40,146,0,0,0,621,596,-93,4,下位,0,0,0
143,143,0,-6,-23,0,0,0,150,146,-182,1,下位,0,0,0
44,44,0,29,85,0,1,143,150,146,-182,1,下位,0,143,0
68,68,0,-6,-23,0,0,0,187,85,-413,1,下位,0,0,0
436,436,0,51,187,0,1,68,187,85,-413,1,下位,0,68,0
530,530,0,-6,-23,0,0,0,504,187,-1038,1,下位,0,0,0
110,110,0,-6,-23,0,1,530,504,187,-1038,1,下位,0,530,0
103,103,0,64,233,0,2,640,504,187,-1038,1,下位,0,110,0
139,139,0,48,172,0,0,0,743,233,-2013,1,下位,0,0,0
289,289,0,-6,-23,0,0,0,139,172,-2059,1,下位,0,0,0
53,53,0,24,73,0,1,289,139,172,-2059,1,下位,0,289,0
450,450,0,60,225,1,0,0,0,0,1,0,下位,0,0,0
649,649,0,34,116,0,0,0,450,225,-478,1,下位,0,0,0
495,495,0,39,129,0,0,0,649,116,-1377,1,下位,0,0,0
361,361,0,138,400,0,0,0,495,129,-2022,1,下位,0,0,0
160,160,0,-6,-23,0,0,0,361,400,-2187,2,下位,0,0,0
192,192,0,697,1696,0,1,160,361,400,-2187,2,下位,0,160,0
486,486,0,-6,-23,0,0,0,352,1696,-1064,9,下位,0,0,0
122,122,0,188,458,0,1,486,352,1696,-1064,9,下位,0,486,0
166,166,0,52,191,1,0,0,0,0,1,0,下位,0,0,0
518,518,0,64,224,0,0,0,166,191,-68,1,下位,0,0,0
361,361,0,1084,2556,0,0,0,518,224,-654,1,下位,0,0,0
417,417,0,39,140,0,0,0,361,2556,1337,13,下位,0,0,0
211,211,0,262,501,0,0,0,417,140,825,1,下位,0,0,0
404,404,0,280,548,0,0,0,211,501,996,4,下位,0,0,0
450,450,0,-6,-23,0,0,0,404,548,912,4,下位,0,0,0
141,141,0,914,2059,0,1,450,404,548,912,4,下位,0,450,0
137,137,0,80,173,0,0,0,591,2059,2023,13,下位,0,0,0
231,231,0,-6,-23,0,0,0,137,173,1982,2,下位,0,0,0
625,625,0,437,1076,0,1,231,137,173,1982,2,下位,0,231,0
522,522,0,-6,-23,1,0,0,0,0,1,0,下位,0,0,0
84,84,0,-6,-23,1,1,522,0,0,1,0,下位,0,522,0
299,299,0,40,144,1,2,606,0,0,1,0,下位,0,84,0
426,426,0,-6,-23,0,0,0,905,144,-1317,1,下位,0,0,0
572,572,0,-6,-23,0,1,426,905,144,-1317,1,下位,0,426,0
295,295,0,-6,-23,0,2,998,905,144,-1317,1,下位,0,572,0
410,410,0,134,395,0,3,1293,905,144,-1317,1,下位,0,295,0
155,155,0,139,390,0,0,0,1703,395,-3653,2,下位,0,0,0
382,382,0,-6,-23,1,0,0,0,0,1,0,下位,0,0,0
453,453,0,196,512,1,1,382,0,0,1,0,下位,0,382,0
128,128,0,968,2436,0,0,0,835,512,-816,3,下位,0,0,0
207,207,0,-6,-23,0,0,0,128,2436,1420,11,下位,0,0,0
489,489,0,102,254,0,1,207,128,2436,1420,11,下位,0,207,0
128,128,0,-6,-23,0,0,0,696,254,562,2,下位,0,0,0
306,306,0,197,567,0,1,128,696,254,562,2,下位,0,128,0
75,75,0,754,1636,0,0,0,434,567,427,3,下位,0,0,0
471,471,0,-6,-23,1,0,0,0,0,1,0,下位,0,0,0
133,133,0,132,356,1,1,471,0,0,1,0,下位,0,471,0
531,531,0,73,275,0,0,0,604,356,-610,2,下位,0,0,0
195,195,0,57,201,0,0,0,531,275,-1165,1,下位,0,0,0
65,65,0,-6,-23,0,0,0,195,201,-1269,1,下位,0,0,0
219,219,0,76,288,0,1,65,195,201,-1269,1,下位,0,65,0
231,231,0,-6,-23,0,0,0,284,288,-1449,1,下位,0,0,0
228,228,0,-6,-23,0,1,231,284,288,-1449,1,下位,0,231,0
51,51,0,-6,-23,0,2,459,284,288,-1449,1,下位,0,228,0
68,68,0,61,216,0,3,510,284,288,-1449,1,下位,0,51,0
62,62,0,107,250,0,0,0,578,216,-2207,1,下位,0,0,0
497,497,0,-6,-23,0,0,0,62,250,-2054,2,下位,0,0,0
73,73,0,37,133,0,1,497,62,250,-2054,2,下位,0,497,0
263,263,0,-6,-23,0,0,0,570,133,-2836,1,下位,0,0,0
285,285,0,-6,-23,0,1,263,570,133,-2836,1,下位,0,263,0
299,299,0,37,127,0,2,548,570,133,-2836,1,下位,0,285,0
454,454,0,219,604,1,0,0,0,0,1,0,下位,0,0,0
147,147,0,-6,-23,0,0,0,454,604,-105,3,下位,0,0,0
52,52,0,-6,-23,0,1,147,454,604,-105,3,下位,0,147,0
229,229,0,203,580,0,2,199,454,604,-105,3,下位,0,52,0
62,62,0,263,663,0,0,0,428,580,-241,3,下位,0,0,0
242,242,0,56,208,0,0,0,62,663,325,4,下位,0,0,0
127,127,0,139,406,0,0,0,242,208,154,1,下位,0,0,0
356,356,0,-6,-23,0,0,0,127,406,360,2,下位,0,0,0
344,344,0,-6,-23,0,1,356,127,406,360,2,下位,0,356,0
234,234,0,-6,-23,0,2,700,127,406,360,2,下位,0,344,0
179,179,0,40,129,0,3,934,127,406,360,2,下位,0,234,0
150,150,0,361,956,0,0,0,1113,129,-1321,1,下位,0,0,0
125,125,0,140,402,0,0,0,150,956,-600,4,下位,0,0,0
464,464,0,-6,-23,1,0,0,0,0,1,0,下位,0,0,0
481,481,0,1667,4441,1,1,464,0,0,1,0,下位,0,464,0
135,135,0,73,168,0,0,0,945,4441,340,19,上位,0,0,0
67,67,0,-6,-23,0,0,0,135,168,296,2,下位,0,0,0
375,375,0,-6,-23,0,1,67,135,168,296,2,下位,0,67,0
159,159,0,37,131,0,2,442,135,168,296,2,下位,0,375,0
109,109,0,2467,6928,0,0,0,601,131,-559,1,下位,0,0,0
113,113,0,-6,-23,0,0,0,109,6928,318,29,上位,0,0,0
220,220,0,89,339,0,1,113,109,6928,318,29,上位,0,113,0
61,61,0,59,216,0,0,0,333,339,113,1,下位,0,0,0
171,171,0,60,212,0,0,0,61,216,233,1,下位,0,0,0
436,436,0,50,175,1,0,0,0,0,1,0,下位,0,0,0
218,218,0,-6,-23,0,0,0,436,175,-506,1,下位,0,0,0
79,79,0,1661,4392,0,1,218,436,175,-506,1,下位,0,218,0
295,295,0,36,119,0,0,0,297,4392,213,21,上位,0,0,0
609,609,0,-6,-23,0,0,0,295,119,-129,1,下位,0,0,0
99,99,0,165,322,0,1,609,295,119,-129,1,下位,0,609,0
545,545,0,-6,-23,0,0,0,708,322,-937,3,下位,0,0,0
297,297,0,-6,-23,0,1,545,708,322,-937,3,下位,0,545,0
781,781,0,-6,-23,0,2,842,708,322,-937,3,下位,0,297,0
318,318,0,238,574,0,3,1623,708,322,-937,3,下位,0,781,0
188,188,0,60,211,0,0,0,1941,574,-3467,4,下位,0,0,0
327,327,0,148,308,0,0,0,188,211,-3550,1,下位,0,0,0
319,319,0,300,701,0,0,0,327,308,-3753,2,下位,0,0,0
146,146,0,64,214,0,0,0,319,701,-3551,4,下位,0,0,0
95,95,0,139,238,0,0,0,146,214,-3566,1,下位,0,0,0
81,81,0,-6,-23,1,0,0,0,0,1,0,下位,0,0,0
404,404,0,-6,-23,1,1,81,0,0,1,0,下位,0,81,0
115,115,0,-6,-23,1,2,485,0,0,1,0,下位,0,404,0
321,321,0,62,226,1,3,600,0,0,1,0,下位,0,115,0
680,680,0,36,124,0,0,0,921,226,-1283,1,下位,0,0,0
133,133,0,305,691,0,0,0,680,124,-2222,1,下位,0,0,0
527,527,0,-6,-23,0,0,0,133,691,-1739,4,下位,0,0,0
104,104,0,-6,-23,0,1,527,133,691,-1739,4,下位,0,527,0
312,312,0,28,90,0,2,631,133,691,-1739,4,下位,0,104,0
145,145,0,-6,-23,0,0,0,943,90,-3170,1,下位,0,0,0
67,67,0,-6,-23,0,1,145,943,90,-3170,1,下位,0,145,0
270,270,0,60,218,0,2,212,943,90,-3170,1,下位,0,67,0
252,252,0,-6,-23,0,0,0,482,218,-3752,1,下位,0,0,0
46,46,0,58,192,0,1,252,482,218,-3752,1,下位,0,252,0
398,398,0,79,289,0,0,0,298,192,-4049,1,下位,0,0,0
99,99,0,-6,-23,1,0,0,0,0,1,0,下位,0,0,0
234,234,0,-6,-23,1,1,99,0,0,1,0,下位,0,99,0
624,624,0,55,199,1,2,333,0,0,1,0,下位,0,234,0
427,427,0,-6,-23,0,0,0,957,199,-1342,1,下位,0,0,0
501,501,0,812,1969,0,1,427,957,199,-1342,1,下位,0,427,0
97,97,0,146,402,0,0,0,928,1969,-847,10,下位,0,0,0
169,169,0,54,184,0,0,0,97,402,-597,3,下位,0,0,0
502,502,0,-6,-23,0,0,0,169,184,-677,1,下位,0,0,0
267,267,0,-6,-23,0,1,502,169,184,-677,1,下位,0,502,0
332,332,0,125,336,0,2,769,169,184,-677,1,下位,0,267,0
152,152,0,-6,-23,0,0,0,1101,336,-2110,2,下位,0,0,0
246,246,0,165,472,0,1,152,1101,336,-2110,2,下位,0,152,0
205,205,0,41,136,0,0,0,398,472,-2284,2,下位,0,0,0
387,387,0,220,548,0,0,0,205,136,-2469,1,下位,0,0,0
283,283,0,-6,-23,0,0,0,387,548,-2526,3,下位,0,0,0
61,61,0,53,192,0,1,283,387,548,-2526,3,下位,0,283,0
403,403,0,-6,-23,1,0,0,0,0,1,0,下位,0,0,0
219,219,0,91,344,1,1,403,0,0,1,0,下位,0,403,0
438,438,0,96,362,0,0,0,622,344,-651,1,下位,0,0,0
214,214,0,-6,-23,1,0,0,0,0,1,0,下位,0,0,0
197,197,0,151,287,1,1,214,0,0,1,0,下位,0,214,0
195,195,0,-6,-23,0,0,0,411,287,-378,2,下位,0,0,0
386,386,0,1580,4233,0,1,195,411,287,-378,2,下位,0,195,0
250,250,0,255,614,0,0,0,581,4233,583,18,上位,0,0,0
452,452,0,66,241,0,0,0,250,614,806,4,下位,0,0,0
537,537,0,-6,-23,0,0,0,452,241,340,1,下位,0,0,0
144,144,0,-6,-23,0,1,537,452,241,340,1,下位,0,537,0
680,680,0,64,214,0,2,681,452,241,340,1,下位,0,144,0
201,201,0,-6,-23,0,0,0,1361,214,-1620,1,下位,0,0,0
368,368,0,-6,-23,0,1,201,1361,214,-1620,1,下位,0,201,0
70,70,0,-6,-23,0,2,569,1361,214,-1620,1,下位,0,368,0
49,49,0,39,135,0,3,639,1361,214,-1620,1,下位,0,70,0
360,360,0,93,352,1,0,0,0,0,1,0,下位,0,0,0
88,88,0,-6,-23,0,0,0,360,352,-210,1,下位,0,0,0
340,340,0,-6,-23,0,1,88,360,352,-210,1,下位,0,88,0
248,248,0,214,591,0,2,428,360,352,-210,1,下位,0,340,0
356,356,0,-6,-23,0,0,0,676,591,-723,3,下位,0,0,0
159,159,0,52,187,0,1,356,676,591,-723,3,下位,0,356,0
63,63,0,132,431,0,0,0,515,187,-1365,1,下位,0,0,0
257,257,0,-6,-23,0,0,0,63,431,-1032,2,下位,0,0,0
468,468,0,247,602,0,1,257,63,431,-1032,2,下位,0,257,0
510,510,0,54,197,0,0,0,725,602,-1586,4,下位,0,0,0
146,146,0,-6,-23,1,0,0,0,0,1,0,下位,0,0,0
81,81,0,120,374,1,1,146,0,0,1,0,下位,0,146,0
346,346,0,38,116,0,0,0,227,374,-4,2,下位,0,0,0
182,182,0,-6,-23,0,0,0,346,116,-429,1,下位,0,0,0
94,94,0,-6,-23,0,1,182,346,116,-429,1,下位,0,182,0
80,80,0,435,1008,0,2,276,346,116,-429,1,下位,0,94,0
122,122,0,150,461,0,0,0,356,1008,-24,5,下位,0,0,0
197,197,0,62,215,0,0,0,122,461,246,2,下位,0,0,0
544,544,0,-6,-23,0,0,0,197,215,153,1,下位,0,0,0
171,171,0,62,192,0,1,544,197,215,153,1,下位,0,544,0
372,372,0,234,632,0,0,0,715,192,-796,1,下位,0,0,0
74,74,0,123,316,0,0,0,372,632,-746,3,下位,0,0,0
278,278,0,290,600,0,0,0,74,316,-546,2,下位,0,0,0
84,84,0,-6,-23,0,0,0,278,600,-381,4,下位,0,0,0
331,331,0,923,2084,0,1,84,278,600,-381,4,下位,0,84,0
253,253,0,69,256,0,0,0,415,2084,1030,13,下位,0,0,0
385,385,0,92,346,0,0,0,253,256,890,1,下位,0,0,0
186,186,0,-6,-23,0,0,0,385,346,634,1,下位,0,0,0
284,284,0,-6,-23,0,1,186,385,346,634,1,下位,0,186,0
39,39,0,142,388,0,2,470,385,346,634,1,下位,0,284,0
432,432,0,-6,-23,0,0,0,509,388,180,2,下位,0,0,0
167,167,0,-6,-23,0,1,432,509,388,180,2,下位,0,432,0
150,150,0,37,116,0,2,599,509,388,180,2,下位,0,167,0
129,129,0,-6,-23,1,0,0,0,0,1,0,下位,0,0,0
74,74,0,283,726,1,1,129,0,0,1,0,下位,0,129,0
357,357,0,38,133,0,0,0,203,726,386,4,下位,0,0,0
169,169,0,41,133,0,0,0,357,133,-39,1,下位,0,0,0
319,319,0,59,208,0,0,0,169,133,-170,1,下位,0,0,0
202,202,0,54,194,0,0,0,319,208,-461,1,下位,0,0,0
469,469,0,-6,-23,0,0,0,202,194,-583,1,下位,0,0,0
553,553,0,-6,-23,0,1,469,202,194,-583,1,下位,0,469,0
390,390,0,-6,-23,0,2,1022,202,194,-583,1,下位,0,553,0
233,233,0,87,173,0,3,1412,202,194,-583,1,下位,0,390,0
251,251,0,98,236,1,0,0,0,0,1,0,下位,0,0,0
426,426,0,-6,-23,0,0,0,251,236,-156,2,下位,0,0,0
126,126,0,38,129,0,1,426,251,236,-156,2,下位,0,426,0
221,221,0,40,133,0,0,0,552,129,-913,1,下位,0,0,0
141,141,0,131,333,0,0,0,221,133,-1126,1,下位,0,0,0
330,330,0,491,1247,0,0,0,141,333,-1014,2,下位,0,0,0
203,203,0,-6,-23,0,0,0,330,1247,-283,6,下位,0,0,0
519,519,0,25,74,0,1,203,330,1247,-283,6,下位,0,203,0
185,185,0,-6,-23,0,0,0,722,74,-1361,1,下位,0,0,0
84,84,0,-6,-23,0,1,185,722,74,-1361,1,下位,0,185,0
224,224,0,-6,-23,0,2,269,722,74,-1361,1,下位,0,84,0
391,391,0,66,243,0,3,493,722,74,-1361,1,下位,0,224,0
99,99,0,648,1512,0,0,0,884,243,-2570,1,下位,0,0,0
256,256,0,737,1780,0,0,0,99,1512,-1212,8,下位,0,0,0
128,128,0,38,130,1,0,0,0,0,1,0,下位,0,0,0
142,142,0,-6,-23,0,0,0,128,130,-69,1,下位,0,0,0
148,148,0,-6,-23,0,1,142,128,130,-69,1,下位,0,142,0
104,104,0,388,942,0,2,290,128,130,-69,1,下位,0,148,0
219,219,0,-6,-23,0,0,0,394,942,210,5,下位,0,0,0
470,470,0,38,133,0,1,219,394,942,210,5,下位,0,219,0
348,348,0,3191,9646,0,0,0,689,133,-758,1,下位,0,0,0
403,403,0,378,996,1,0,0,0,0,1,0,下位,0,0,0
169,169,0,-6,-23,0,0,0,403,996,368,5,下位,0,0,0
331,331,0,496,1060,0,1,169,403,996,368,5,下位,0,169,0
237,237,0,2968,8438,0,0,0,500,1060,622,7,下位,0,0,0
198,198,0,-6,-23,0,0,0,237,8438,220,35,上位,0,0,0
432,432,0,130,349,0,1,198,237,8438,220,35,上位,0,198,0
246,246,0,1334,3325,0,0,0,630,349,-439,2,下位,0,0,0
181,181,0,38,132,0,0,0,246,3325,287,17,上位,0,0,0
364,364,0,142,443,0,0,0,181,132,136,1,下位,0,0,0
247,247,0,-6,-23,0,0,0,364,443,10,2,下位,0,0,0
348,348,0,211,552,0,1,247,364,443,10,2,下位,0,247,0
264,264,0,903,1948,1,0,0,0,0,1,0,下位,0,0,0
146,146,0,43,144,0,0,0,264,1948,1536,13,下位,0,0,0
270,270,0,45,160,0,0,0,146,144,1451,1,下位,0,0,0
326,326,0,194,504,0,0,0,270,160,1189,1,下位,0,0,0
161,161,0,421,889,0,0,0,326,504,1183,3,下位,0,0,0
82,82,0,-6,-23,0,0,0,161,889,1819,5,下位,0,0,0
56,56,0,462,1026,0,1,82,161,889,1819,5,下位,0,82,0
337,337,0,185,350,0,0,0,138,1026,182,8,上位,0,0,0
141,141,0,-6,-23,1,0,0,0,0,1,0,下位,0,0,0
312,312,0,449,953,1,1,141,0,0,1,0,下位,0,141,0
617,617,0,-6,-23,0,0,0,453,953,222,6,下位,0,0,0
363,363,0,-6,-23,0,1,617,453,953,222,6,下位,0,617,0
81,81,0,240,570,0,2,980,453,953,222,6,下位,0,363,0
380,380,0,520,1234,0,0,0,1061,570,-914,4,下位,0,0,0
144,144,0,212,562,0,0,0,380,1234,-274,6,下位,0,0,0
160,160,0,67,197,0,0,0,144,562,64,3,下位,0,0,0
401,401,0,-6,-23,0,0,0,160,197,11,1,下位,0,0,0
207,207,0,-6,-23,0,1,401,160,197,11,1,下位,0,401,0
256,256,0,-6,-23,0,2,608,160,197,11,1,下位,0,207,0
43,43,0,124,342,0,3,864,160,197,11,1,下位,0,256,0
512,512,0,-6,-23,0,0,0,907,342,-1134,2,下位,0,0,0
533,533,0,62,216,0,1,512,907,342,-1134,2,下位,0,512,0
493,493,0,42,148,1,0,0,0,0,1,0,下位,0,0,0
265,265,0,75,279,1,0,0,0,0,1,0,下位,0,0,0
414,414,0,2273,6156,0,0,0,265,279,-134,1,下位,0,0,0
485,485,0,-6,-23,0,0,0,414,6156,285,27,上位,0,0,0
209,209,0,1072,2596,0,1,485,414,6156,285,27,上位,0,485,0
377,377,0,-6,-23,0,0,0,694,2596,1773,13,下位,0,0,0
198,198,0,-6,-23,0,1,377,694,2596,1773,13,下位,0,377,0
253,253,0,-6,-23,0,2,575,694,2596,1773,13,下位,0,198,0
317,317,0,146,430,0,3,828,694,2596,1773,13,下位,0,253,0
74,74,0,-6,-23,0,0,0,1145,430,342,2,下位,0,0,0
314,314,0,30,94,0,1,74,1145,430,342,2,下位,0,74,0
541,541,0,-6,-23,0,0,0,388,94,-194,1,下位,0,0,0
260,260,0,-6,-23,0,1,541,388,94,-194,1,下位,0,541,0
594,594,0,-6,-23,0,2,801,388,94,-194,1,下位,0,260,0
443,443,0,56,199,0,3,1395,388,94,-194,1,下位,0,594,0
301,301,0,-6,-23,1,0,0,0,0,1,0,下位,0,0,0
489,489,0,34,114,1,1,301,0,0,1,0,下位,0,301,0
378,378,0,-6,-23,1,0,0,0,0,1,0,下位,0,0,0
163,163,0,26,85,1,1,378,0,0,1,0,下位,0,378,0
556,556,0,100,238,0,0,0,541,85,-783,1,下位,0,0,0
272,272,0,-6,-23,0,0,0,556,238,-1414,2,下位,0,0,0
309,309,0,986,2336,0,1,272,556,238,-1414,2,下位,0,272,0
127,127,0,118,323,0,0,0,581,2336,-8,13,下位,0,0,0
397,397,0,670,1492,0,0,0,127,323,116,2,下位,0,0,0
344,344,0,470,990,0,0,0,397,1492,988,9,下位,0,0,0
456,456,0,-6,-23,0,0,0,344,990,1440,7,下位,0,0,0
284,284,0,-6,-23,0,1,456,344,990,1440,7,下位,0,456,0
392,392,0,444,855,0,2,740,344,990,1440,7,下位,0,284,0
106,106,0,163,360,0,0,0,1132,855,479,6,下位,0,0,0
82,82,0,-6,-23,0,0,0,106,360,673,3,下位,0,0,0
95,95,0,-6,-23,0,1,82,106,360,673,3,下位,0,82,0
74,74,0,48,171,0,2,177,106,360,673,3,下位,0,95,0
489,489,0,234,670,0,0,0,251,171,404,1,下位,0,0,0
374,374,0,-6,-23,1,0,0,0,0,1,0,下位,0,0,0
179,179,0,67,240,1,1,374,0,0,1,0,下位,0,374,0
85,85,0,35,102,0,0,0,553,240,-647,1,下位,0,0,0
208,208,0,-6,-23,0,0,0,85,102,-678,1,下位,0,0,0
193,193,0,-6,-23,0,1,208,85,102,-678,1,下位,0,208,0
40,40,0,1046,2445,0,2,401,85,102,-678,1,下位,0,193,0
543,543,0,73,270,1,0,0,0,0,1,0,下位,0,0,0
334,334,0,-6,-23,0,0,0,543,270,-578,1,下位,0,0,0
89,89,0,-6,-23,0,1,334,543,270,-578,1,下位,0,334,0
463,463,0,126,412,0,2,423,543,270,-578,1,下位,0,89,0
142,142,0,-6,-23,0,0,0,886,412,-1598,2,下位,0,0,0
403,403,0,-6,-23,0,1,142,886,412,-1598,2,下位,0,142,0
96,96,0,72,265,0,2,545,886,412,-1598,2,下位,0,403,0
374,374,0,37,121,0,0,0,641,265,-2381,1,下位,0,0,0
95,95,0,-6,-23,0,0,0,374,121,-2845,1,下位,0,0,0
181,181,0,-6,-23,0,1,95,374,121,-2845,1,下位,0,95,0
322,322,0,-6,-23,0,2,276,374,121,-2845,1,下位,0,181,0
455,455,0,165,388,0,3,598,374,121,-2845,1,下位,0,322,0
323,323,0,-6,-23,0,0,0,1053,388,-4173,3,下位,0,0,0
59,59,0,467,1024,0,1,323,1053,388,-4173,3,下位,0,323,0
483,483,0,59,209,1,0,0,0,0,1,0,下位,0,0,0
117,117,0,-6,-23,0,0,0,483,209,-545,1,下位,0,0,0
188,188,0,346,856,0,1,117,483,209,-545,1,下位,0,117,0
432,432,0,-6,-23,0,0,0,305,856,-189,5,下位,0,0,0
616,616,0,171,381,0,1,432,305,856,-189,5,下位,0,432,0
167,167,0,56,203,0,0,0,1048,381,-1469,3,下位,0,0,0
177,177,0,-6,-23,1,0,0,0,0,1,0,下位,0,0,0
429,429,0,171,435,1,1,177,0,0,1,0,下位,0,177,0
515,515,0,221,606,0,0,0,606,435,-535,3,下位,0,0,0
380,380,0,-6,-23,0,0,0,515,606,-734,3,下位,0,0,0
156,156,0,-6,-23,0,1,380,515,606,-734,3,下位,0,380,0
223,223,0,36,122,0,2,536,515,606,-734,3,下位,0,156,0
521,521,0,271,670,0,0,0,759,122,-1845,1,下位,0,0,0
446,446,0,94,206,0,0,0,521,670,-1989,4,下位,0,0,0
192,192,0,170,377,0,0,0,446,206,-2480,2,下位,0,0,0
292,292,0,234,484,1,0,0,0,0,1,0,下位,0,0,0
106,106,0,-6,-23,0,0,0,292,484,28,4,下位,0,0,0
327,327,0,-6,-23,0,1,106,292,484,28,4,下位,0,106,0
482,482,0,-6,-23,0,2,433,292,484,28,4,下位,0,327,0
487,487,0,136,414,0,3,915,292,484,28,4,下位,0,482,0
411,411,0,36,125,0,0,0,1402,414,-1819,2,下位,0,0,0
452,452,0,-6,-23,0,0,0,411,125,-2337,1,下位,0,0,0
432,432,0,141,440,0,1,452,411,125,-2337,1,下位,0,452,0
670,670,0,128,334,0,0,0,884,440,-3302,2,下位,0,0,0
219,219,0,-6,-23,0,0,0,670,334,-4015,2,下位,0,0,0
129,129,0,120,313,0,1,219,670,334,-4015,2,下位,0,219,0
161,161,0,57,208,1,0,0,0,0,1,0,下位,0,0,0
164,164,0,129,333,0,0,0,161,208,-43,1,下位,0,0,0
464,464,0,-6,-23,0,0,0,164,333,33,2,下位,0,0,0
41,41,0,-6,-23,0,1,464,164,333,33,2,下位,0,464,0
246,246,0,349,903,0,2,505,164,333,33,2,下位,0,41,0
340,340,0,51,176,0,0,0,751,903,-283,5,下位,0,0,0
130,130,0,250,505,0,0,0,340,176,-639,1,下位,0,0,0
154,154,0,-6,-23,0,0,0,130,505,-337,3,下位,0,0,0
207,207,0,95,354,0,1,154,130,505,-337,3,下位,0,154,0
345,345,0,228,398,0,0,0,361,354,-571,1,下位,0,0,0
334,334,0,472,1131,0,0,0,345,398,-712,3,下位,0,0,0
165,165,0,89,208,0,0,0,334,1131,-103,6,下位,0,0,0
341,341,0,-6,-23,0,0,0,165,208,-153,2,下位,0,0,0
406,406,0,84,306,0,1,341,165,208,-153,2,下位,0,341,0
243,243,0,-6,-23,0,0,0,747,306,-1038,1,下位,0,0,0
222,222,0,-6,-23,0,1,243,747,306,-1038,1,下位,0,243,0
320,320,0,307,727,0,2,465,747,306,-1038,1,下位,0,222,0
281,281,0,353,928,1,0,0,0,0,1,0,下位,0,0,0
262,262,0,53,185,1,0,0,0,0,1,0,下位,0,0,0
197,197,0,-6,-23,0,0,0,262,185,-224,1,下位,0,0,0
317,317,0,-6,-23,0,1,197,262,185,-224,1,下位,0,197,0
198,198,0,-6,-23,0,2,514,262,185,-224,1,下位,0,317,0
637,637,0,252,562,0,3,712,262,185,-224,1,下位,0,198,0
410,410,0,255,609,0,0,0,1349,562,-1840,4,下位,0,0,0
197,197,0,250,569,0,0,0,410,609,-1872,3,下位,0,0,0
493,493,0,125,350,0,0,0,197,569,-1611,3,下位,0,0,0
526,526,0,35,120,0,0,0,493,350,-2032,2,下位,0,0,0
206,206,0,1418,3562,0,0,0,526,120,-2734,1,下位,0,0,0
231,231,0,-6,-23,0,0,0,206,3562,506,16,下位,0,0,0
309,309,0,75,278,0,1,231,206,3562,506,16,下位,0,231,0
143,143,0,-6,-23,1,0,0,0,0,1,0,下位,0,0,0
194,194,0,152,532,1,1,143,0,0,1,0,下位,0,143,0
63,63,0,1810,4938,0,0,0,337,532,-18,2,下位,0,0,0
532,532,0,-6,-23,0,0,0,63,4938,-2,24,上位,0,0,0
239,239,0,94,353,0,1,532,63,4938,-2,24,上位,0,532,0
380,380,0,-6,-23,0,0,0,771,353,-878,1,下位,0,0,0
438,438,0,60,200,0,1,380,771,353,-878,1,下位,0,380,0
253,253,0,-6,-23,0,0,0,818,200,-1980,1,下位,0,0,0
117,117,0,230,439,0,1,253,818,200,-1980,1,下位,0,253,0
318,318,0,-6,-23,1,0,0,0,0,1,0,下位,0,0,0
113,113,0,-6,-23,1,1,318,0,0,1,0,下位,0,318,0
185,185,0,154,470,1,2,431,0,0,1,0,下位,0,113,0
90,90,0,330,786,0,0,0,616,470,-539,2,下位,0,0,0
161,161,0,33,88,0,0,0,90,786,106,5,下位,0,0,0
270,270,0,-6,-23,0,0,0,161,88,-58,1,下位,0,0,0
81,81,0,-6,-23,0,1,270,161,88,-58,1,下位,0,270,0
395,395,0,41,136,0,2,351,161,88,-58,1,下位,0,81,0
666,666,0,238,612,0,0,0,746,136,-1135,1,下位,0,0,0
558,558,0,-6,-23,0,0,0,666,612,-1564,4,下位,0,0,0
244,244,0,-6,-23,0,1,558,666,612,-1564,4,下位,0,558,0
190,190,0,85,301,0,2,802,666,612,-1564,4,下位,0,244,0
315,315,0,4533,12837,0,0,0,992,301,-2860,1,下位,0,0,0
440,440,0,53,191,1,0,0,0,0,1,0,下位,0,0,0
301,301,0,149,324,1,0,0,0,0,1,0,下位,0,0,0
320,320,0,423,1008,0,0,0,301,324,-146,3,下位,0,0,0
259,259,0,-6,-23,0,0,0,320,1008,362,6,下位,0,0,0
462,462,0,131,344,0,1,259,320,1008,362,6,下位,0,259,0
481,481,0,-6,-23,0,0,0,721,344,-444,2,下位,0,0,0
67,67,0,-6,-23,0,1,481,721,344,-444,2,下位,0,481,0
78,78,0,77,286,0,2,548,721,344,-444,2,下位,0,67,0
179,179,0,-6,-23,0,0,0,626,286,-1183,1,下位,0,0,0
145,145,0,-6,-23,0,1,179,626,286,-1183,1,下位,0,179,0
82,82,0,129,338,0,2,324,626,286,-1183,1,下位,0,145,0
317,317,0,-6,-23,0,0,0,406,338,-1527,2,下位,0,0,0
178,178,0,655,1470,0,1,317,406,338,-1527,2,下位,0,317,0
281,281,0,43,134,1,0,0,0,0,1,0,下位,0,0,0
454,454,0,98,243,0,0,0,281,134,-305,1,下位,0,0,0
155,155,0,222,494,0,0,0,454,243,-772,2,下位,0,0,0
371,371,0,37,128,1,0,0,0,0,1,0,下位,0,0,0
210,210,0,-6,-23,1,0,0,0,0,1,0,下位,0,0,0
190,190,0,-6,-23,1,1,210,0,0,1,0,下位,0,210,0
353,353,0,76,282,1,2,400,0,0,1,0,下位,0,190,0
358,358,0,119,308,1,0,0,0,0,1,0,下位,0,0,0
250,250,0,-6,-23,0,0,0,358,308,-251,2,下位,0,0,0
440,440,0,-6,-23,0,1,250,358,308,-251,2,下位,0,250,0
307,307,0,125,328,0,2,690,358,308,-251,2,下位,0,440,0
316,316,0,302,747,0,0,0,997,328,-1528,2,下位,0,0,0
408,408,0,44,156,1,0,0,0,0,1,0,下位,0,0,0
187,187,0,318,700,0,0,0,408,156,-481,1,下位,0,0,0
508,508,0,-6,-23,0,0,0,187,700,-74,5,下位,0,0,0
407,407,0,-6,-23,0,1,508,187,700,-74,5,下位,0,508,0
162,162,0,72,265,0,2,915,187,700,-74,5,下位,0,407,0
148,148,0,159,466,1,0,0,0,0,1,0,下位,0,0,0
136,136,0,-6,-23,0,0,0,148,466,235,2,下位,0,0,0
105,105,0,150,418,0,1,136,148,466,235,2,下位,0,136,0
97,97,0,378,831,0,0,0,241,418,253,2,下位,0,0,0
440,440,0,240,433,0,0,0,97,831,932,5,下位,0,0,0
237,237,0,-6,-23,0,0,0,440,433,677,4,下位,0,0,0
175,175,0,-6,-23,0,1,237,440,433,677,4,下位,0,237,0
112,112,0,1198,3121,0,2,412,440,433,677,4,下位,0,175,0
364,364,0,168,360,0,0,0,524,3121,380,15,上位,0,0,0
388,388,0,58,171,0,0,0,364,360,171,3,下位,0,0,0
473,473,0,38,130,0,0,0,388,171,-265,1,下位,0,0,0
278,278,0,433,988,0,0,0,473,130,-875,1,下位,0,0,0
371,371,0,-6,-23,0,0,0,278,988,-322,7,下位,0,0,0
210,210,0,3028,8811,0,1,371,278,988,-322,7,下位,0,371,0
285,285,0,366,973,1,0,0,0,0,1,0,下位,0,0,0
268,268,0,40,141,0,0,0,285,973,528,5,下位,0,0,0
85,85,0,-6,-23,0,0,0,268,141,250,1,下位,0,0,0
149,149,0,240,600,0,1,85,268,141,250,1,下位,0,85,0
484,484,0,-6,-23,0,0,0,234,600,460,3,下位,0,0,0
152,152,0,26,84,0,1,484,234,600,460,3,下位,0,484,0
183,183,0,-6,-23,1,0,0,0,0,1,0,下位,0,0,0
378,378,0,-6,-23,1,1,183,0,0,1,0,下位,0,183,0
429,429,0,-6,-23,1,2,561,0,0,1,0,下位,0,378,0
346,346,0,288,542,1,3,990,0,0,1,0,下位,0,429,0
147,147,0,-6,-23,0,0,0,1336,542,-1616,4,下位,0,0,0
584,584,0,-6,-23,0,1,147,1336,542,-1616,4,下位,0,147,0
350,350,0,52,182,0,2,731,1336,542,-1616,4,下位,0,584,0
404,404,0,60,217,0,0,0,1081,182,-3170,1,下位,0,0,0
205,205,0,1114,2459,0,0,0,404,217,-3585,1,下位,0,0,0
139,139,0,-6,-23,0,0,0,205,2459,-1447,16,下位,0,0,0
364,364,0,29,94,0,1,139,205,2459,-1447,16,下位,0,139,0
287,287,0,-6,-23,0,0,0,503,94,-2163,1,下位,0,0,0
429,429,0,54,197,0,1,287,503,94,-2163,1,下位,0,287,0
438,438,0,111,277,0,0,0,716,197,-3109,1,下位,0,0,0
171,171,0,162,524,0,0,0,438,277,-3517,2,下位,0,0,0
220,220,0,172,405,1,0,0,0,0,1,0,下位,0,0,0
245,245,0,-6,-23,0,0,0,220,405,63,3,下位,0,0,0
610,610,0,61,222,0,1,245,220,405,63,3,下位,0,245,0
185,185,0,738,1720,0,0,0,855,222,-1075,1,下位,0,0,0
66,66,0,-6,-23,0,0,0,185,1720,354,10,下位,0,0,0
78,78,0,61,222,0,1,66,185,1720,354,10,下位,0,66,0
497,497,0,325,766,0,0,0,144,222,327,1,下位,0,0,0
409,409,0,62,204,0,0,0,497,766,316,4,下位,0,0,0
97,97,0,91,338,0,0,0,409,204,-118,1,下位,0,0,0
98,98,0,138,396,0,0,0,97,338,68,1,下位,0,0,0
289,289,0,-6,-23,0,0,0,98,396,310,2,下位,0,0,0
273,273,0,104,391,0,1,289,98,396,310,2,下位,0,289,0
380,380,0,-6,-23,1,0,0,0,0,1,0,下位,0,0,0
157,157,0,-6,-23,1,1,380,0,0,1,0,下位,0,380,0
175,175,0,-6,-23,1,2,537,0,0,1,0,下位,0,157,0
192,192,0,242,459,1,3,712,0,0,1,0,下位,0,175,0
543,543,0,-6,-23,0,0,0,904,459,-1023,4,下位,0,0,0
278,278,0,217,484,0,1,543,904,459,-1023,4,下位,0,543,0
488,488,0,-6,-23,0,0,0,821,484,-1846,4,下位,0,0,0
440,440,0,-6,-23,0,1,488,821,484,-1846,4,下位,0,488,0
678,678,0,113,279,0,2,928,821,484,-1846,4,下位,0,440,0
512,512,0,-6,-23,0,0,0,1606,279,-4124,2,下位,0,0,0
155,155,0,-6,-23,0,1,512,1606,279,-4124,2,下位,0,512,0
545,545,0,-6,-23,0,2,667,1606,279,-4124,2,下位,0,155,0
149,149,0,76,281,0,3,1212,1606,279,-4124,2,下位,0,545,0
413,413,0,-6,-23,0,0,0,1361,281,-6040,1,下位,0,0,0
408,408,0,-6,-23,0,1,413,1361,281,-6040,1,下位,0,413,0
176,176,0,145,410,0,2,821,1361,281,-6040,1,下位,0,408,0
460,460,0,-6,-23,1,0,0,0,0,1,0,下位,0,0,0
178,178,0,423,1029,1,1,460,0,0,1,0,下位,0,460,0
396,396,0,99,253,0,0,0,638,1029,9,5,下位,0,0,0
400,400,0,34,116,0,0,0,396,253,-357,2,下位,0,0,0
392,392,0,274,679,1,0,0,0,0,1,0,下位,0,0,0
143,143,0,-6,-23,0,0,0,392,679,67,4,下位,0,0,0
225,225,0,-6,-23,0,1,143,392,679,67,4,下位,0,143,0
115,115,0,-6,-23,0,2,368,392,679,67,4,下位,0,225,0
405,405,0,96,218,0,3,483,392,679,67,4,下位,0,115,0
186,186,0,-6,-23,0,0,0,888,218,-1172,2,下位,0,0,0
39,39,0,-6,-23,0,1,186,888,218,-1172,2,下位,0,186,0
195,195,0,32,95,0,2,225,888,218,-1172,2,下位,0,39,0
209,209,0,53,184,0,0,0,420,95,-1780,1,下位,0,0,0
236,236,0,218,515,0,0,0,209,184,-1923,1,下位,0,0,0
305,305,0,572,1185,0,0,0,236,515,-1777,3,下位,0,0,0
159,159,0,39,134,0,0,0,305,1185,-1069,7,下位,0,0,0
185,185,0,64,233,0,0,0,159,134,-1184,1,下位,0,0,0
411,411,0,-6,-23,0,0,0,185,233,-1240,1,下位,0,0,0
330,330,0,-6,-23,0,1,411,185,233,-1240,1,下位,0,411,0
286,286,0,275,673,0,2,741,185,233,-1240,1,下位,0,330,0
515,515,0,-6,-23,0,0,0,1027,673,-2219,3,下位,0,0,0
287,287,0,248,556,0,1,515,1027,673,-2219,3,下位,0,515,0
199,199,0,312,726,1,0,0,0,0,1,0,下位,0,0,0
61,61,0,-6,-23,0,0,0,199,726,416,4,下位,0,0,0
440,440,0,332,824,0,1,61,199,726,416,4,下位,0,61,0
439,439,0,90,194,0,0,0,501,824,433,4,下位,0,0,0
366,366,0,-6,-23,0,0,0,439,194,-59,2,下位,0,0,0
459,459,0,73,264,0,1,366,439,194,-59,2,下位,0,366,0
205,205,0,321,762,0,0,0,825,264,-1108,1,下位,0,0,0
535,535,0,-6,-23,0,0,0,205,762,-666,4,下位,0,0,0
144,144,0,62,208,0,1,535,205,762,-666,4,下位,0,535,0
363,363,0,256,655,0,0,0,679,208,-1542,1,下位,0,0,0
117,117,0,-6,-23,0,0,0,363,655,-1455,4,下位,0,0,0
627,627,0,402,950,0,1,117,363,655,-1455,4,下位,0,117,0
335,335,0,56,197,1,0,0,0,0,1,0,下位,0,0,0
245,245,0,534,1268,0,0,0,335,197,-326,1,下位,0,0,0
289,289,0,59,208,0,0,0,245,1268,559,7,下位,0,0,0
350,350,0,52,189,0,0,0,289,208,315,1,下位,0,0,0
430,430,0,839,1909,0,0,0,350,189,-43,1,下位,0,0,0
354,354,0,-6,-23,0,0,0,430,1909,1193,11,下位,0,0,0
555,555,0,-6,-23,0,1,354,430,1909,1193,11,下位,0,354,0
597,597,0,452,977,0,2,909,430,1909,1193,11,下位,0,555,0
533,533,0,60,214,0,0,0,1506,977,-231,6,下位,0,0,0
188,188,0,52,183,0,0,0,533,214,-850,1,下位,0,0,0
173,173,0,63,226,0,0,0,188,183,-961,1,下位,0,0,0
281,281,0,1387,3081,0,0,0,173,226,-1006,1,下位,0,0,0
317,317,0,-6,-23,1,0,0,0,0,1,0,下位,0,0,0
262,262,0,-6,-23,1,1,317,0,0,1,0,下位,0,317,0
301,301,0,683,1569,1,2,579,0,0,1,0,下位,0,262,0
77,77,0,503,1122,0,0,0,880,1569,147,8,下位,0,0,0
417,417,0,-6,-23,0,0,0,77,1122,1148,6,下位,0,0,0
359,359,0,-6,-23,0,1,417,77,1122,1148,6,下位,0,417,0
90,90,0,-6,-23,0,2,776,77,1122,1148,6,下位,0,359,0
529,529,0,193,503,0,3,866,77,1122,1148,6,下位,0,90,0
176,176,0,-6,-23,0,0,0,1395,503,-599,3,下位,0,0,0
206,206,0,380,712,0,1,176,1395,503,-599,3,下位,0,176,0
200,200,0,637,1880,1,0,0,0,0,1,0,下位,0,0,0
633,633,0,-6,-23,0,0,0,200,1880,1568,7,下位,0,0,0
62,62,0,-6,-23,0,1,633,200,1880,1568,7,下位,0,633,0
336,336,0,39,128,0,2,695,200,1880,1568,7,下位,0,62,0
329,329,0,-6,-23,0,0,0,1031,128,39,1,下位,0,0,0
434,434,0,211,545,0,1,329,1031,128,39,1,下位,0,329,0
470,470,0,58,207,0,0,0,763,545,-632,3,下位,0,0,0
716,716,0,338,858,0,0,0,470,207,-1160,1,下位,0,0,0
302,302,0,-6,-23,1,0,0,0,0,1,0,下位,0,0,0
151,151,0,-6,-23,1,1,302,0,0,1,0,下位,0,302,0
168,168,0,263,693,1,2,453,0,0,1,0,下位,0,151,0
147,147,0,308,874,0,0,0,621,693,-323,4,下位,0,0,0
69,69,0,88,332,0,0,0,147,874,322,4,下位,0,0,0
180,180,0,41,138,0,0,0,69,332,546,1,下位,0,0,0
82,82,0,251,498,0,0,0,180,138,402,1,下位,0,0,0
650,650,0,65,211,0,0,0,82,498,770,4,下位,0,0,0
487,487,0,-6,-23,0,0,0,650,211,-35,1,下位,0,0,0
157,157,0,53,190,0,1,487,650,211,-35,1,下位,0,487,0
453,453,0,-6,-23,1,0,0,0,0,1,0,下位,0,0,0
534,534,0,-6,-23,1,1,453,0,0,1,0,下位,0,453,0
288,288,0,-6,-23,1,2,987,0,0,1,0,下位,0,534,0
88,88,0,36,124,1,3,1275,0,0,1,0,下位,0,288,0
484,484,0,184,512,0,0,0,1363,124,-2075,1,下位,0,0,0
177,177,0,60,194,0,0,0,484,512,-2320,3,下位,0,0,0
161,161,0,-6,-23,0,0,0,177,194,-2402,1,下位,0,0,0
293,293,0,888,1889,0,1,161,177,194,-2402,1,下位,0,161,0
350,350,0,-6,-23,0,0,0,454,1889,-1247,12,下位,0,0,0
335,335,0,56,204,0,1,350,454,1889,-1247,12,下位,0,350,0
317,317,0,104,245,1,0,0,0,0,1,0,下位,0,0,0
124,124,0,-6,-23,0,0,0,317,245,-250,2,下位,0,0,0
374,374,0,-6,-23,0,1,124,317,245,-250,2,下位,0,124,0
436,436,0,60,209,0,2,498,317,245,-250,2,下位,0,374,0
171,171,0,128,193,0,0,0,934,209,-1548,1,下位,0,0,0
339,339,0,-6,-23,0,0,0,171,193,-1623,2,下位,0,0,0
189,189,0,-6,-23,0,1,339,171,193,-1623,2,下位,0,339,0
329,329,0,90,198,0,2,528,171,193,-1623,2,下位,0,189,0
333,333,0,-6,-23,0,0,0,857,198,-2810,2,下位,0,0,0
347,347,0,323,747,0,1,333,857,198,-2810,2,下位,0,333,0
274,274,0,-6,-23,1,0,0,0,0,1,0,下位,0,0,0
449,449,0,-6,-23,1,1,274,0,0,1,0,下位,0,274,0
384,384,0,-6,-23,1,2,723,0,0,1,0,下位,0,449,0
366,366,0,759,1639,1,3,1107,0,0,1,0,下位,0,384,0
290,290,0,-6,-23,0,0,0,1473,1639,-731,11,下位,0,0,0
50,50,0,-6,-23,0,1,290,1473,1639,-731,11,下位,0,290,0
356,356,0,-6,-23,0,2,340,1473,1639,-731,11,下位,0,50,0
250,250,0,260,598,0,3,696,1473,1639,-731,11,下位,0,356,0
109,109,0,-6,-23,1,0,0,0,0,1,0,下位,0,0,0
208,208,0,-6,-23,1,1,109,0,0,1,0,下位,0,109,0
100,100,0,-6,-23,1,2,317,0,0,1,0,下位,0,208,0
40,40,0,44,157,1,3,417,0,0,1,0,下位,0,100,0
273,273,0,-6,-23,0,0,0,457,157,-627,1,下位,0,0,0
305,305,0,-6,-23,0,1,273,457,157,-627,1,下位,0,273,0
107,107,0,101,268,0,2,578,457,157,-627,1,下位,0,305,0
212,212,0,-6,-23,0,0,0,685,268,-1477,2,下位,0,0,0
217,217,0,57,208,0,1,212,685,268,-1477,2,下位,0,212,0
299,299,0,54,188,0,0,0,429,208,-1963,1,下位,0,0,0
209,209,0,162,494,0,0,0,299,188,-2243,1,下位,0,0,0
284,284,0,-6,-23,0,0,0,209,494,-2076,2,下位,0,0,0
174,174,0,-6,-23,0,1,284,209,494,-2076,2,下位,0,284,0
307,307,0,39,134,0,2,458,209,494,-2076,2,下位,0,174,0
477,477,0,-6,-23,1,0,0,0,0,1,0,下位,0,0,0
302,302,0,56,204,1,1,477,0,0,1,0,下位,0,477,0
284,284,0,-6,-23,1,0,0,0,0,1,0,下位,0,0,0
444,444,0,-6,-23,1,1,284,0,0,1,0,下位,0,284,0
352,352,0,-6,-23,1,2,728,0,0,1,0,下位,0,444,0
371,371,0,56,193,1,3,1080,0,0,1,0,下位,0,352,0
463,463,0,-6,-23,0,0,0,1451,193,-2143,1,下位,0,0,0
191,191,0,26,72,0,1,463,1451,193,-2143,1,下位,0,463,0
352,352,0,106,240,0,0,0,654,72,-3117,1,下位,0,0,0
86,86,0,434,891,1,0,0,0,0,1,0,下位,0,0,0
487,487,0,1959,5712,0,0,0,86,891,757,6,下位,0,0,0
98,98,0,-6,-23,0,0,0,487,5712,419,22,上位,0,0,0
90,90,0,-6,-23,0,1,98,487,5712,419,22,上位,0,98,0
358,358,0,-6,-23,0,2,188,487,5712,419,22,上位,0,90,0
494,494,0,93,351,0,3,546,487,5712,419,22,上位,0,358,0
593,593,0,47,139,1,0,0,0,0,1,0,下位,0,0,0
219,219,0,261,600,0,0,0,593,139,-787,1,下位,0,0,0
335,335,0,1040,2634,0,0,0,219,600,-530,4,下位,0,0,0
204,204,0,240,551,0,0,0,335,2634,1580,13,下位,0,0,0
393,393,0,-6,-23,1,0,0,0,0,1,0,下位,0,0,0
292,292,0,-6,-23,1,1,393,0,0,1,0,下位,0,393,0
221,221,0,119,318,1,2,685,0,0,1,0,下位,0,292,0
368,368,0,82,301,0,0,0,906,318,-1144,2,下位,0,0,0
321,321,0,590,1500,0,0,0,368,301,-1418,1,下位,0,0,0
426,426,0,-6,-23,0,0,0,321,1500,-420,6,下位,0,0,0
229,229,0,303,749,0,1,426,321,1500,-420,6,下位,0,426,0
163,163,0,54,188,0,0,0,655,749,-718,5,下位,0,0,0
376,376,0,-6,-23,0,0,0,163,188,-785,1,下位,0,0,0
370,370,0,58,209,0,1,376,163,188,-785,1,下位,0,376,0
530,530,0,-6,-23,1,0,0,0,0,1,0,下位,0,0,0
245,245,0,138,399,1,1,530,0,0,1,0,下位,0,530,0
500,500,0,-6,-23,0,0,0,775,399,-835,2,下位,0,0,0
592,592,0,154,356,0,1,500,775,399,-835,2,下位,0,500,0
432,432,0,-6,-23,0,0,0,1092,356,-2209,3,下位,0,0,0
323,323,0,-6,-23,0,1,432,1092,356,-2209,3,下位,0,432,0
114,114,0,2004,5342,0,2,755,1092,356,-2209,3,下位,0,323,0
112,112,0,-6,-23,1,0,0,0,0,1,0,下位,0,0,0
104,104,0,40,140,1,1,112,0,0,1,0,下位,0,112,0
351,351,0,140,402,0,0,0,216,140,-220,1,下位,0,0,0
256,256,0,45,138,0,0,0,351,402,-366,2,下位,0,0,0
367,367,0,330,789,0,0,0,256,138,-628,1,下位,0,0,0
290,290,0,57,207,0,0,0,367,789,-413,4,下位,0,0,0
183,183,0,27,82,0,0,0,290,207,-660,1,下位,0,0,0
91,91,0,218,546,0,0,0,183,82,-864,1,下位,0,0,0
558,558,0,-6,-23,0,0,0,91,546,-461,3,下位,0,0,0
534,534,0,55,194,0,1,558,91,546,-461,3,下位,0,558,0
509,509,0,83,294,0,0,0,1092,194,-1997,1,下位,0,0,0
428,428,0,-6,-23,1,0,0,0,0,1,0,下位,0,0,0
89,89,0,394,1057,1,1,428,0,0,1,0,下位,0,428,0
174,174,0,329,726,0,0,0,517,1057,226,5,下位,0,0,0
443,443,0,73,272,0,0,0,174,726,680,4,下位,0,0,0
216,216,0,-6,-23,0,0,0,443,272,259,1,下位,0,0,0
196,196,0,202,444,0,1,216,443,272,259,1,下位,0,216,0
66,66,0,-6,-23,0,0,0,412,444,36,2,下位,0,0,0
197,197,0,-6,-23,0,1,66,412,444,36,2,下位,0,66,0
148,148,0,-6,-23,0,2,263,412,444,36,2,下位,0,197,0
188,188,0,609,1305,0,3,411,412,444,36,2,下位,0,148,0
391,391,0,632,1391,0,0,0,599,1305,335,8,下位,0,0,0
436,436,0,347,802,0,0,0,391,1391,1115,8,下位,0,0,0
144,144,0,870,2397,0,0,0,436,802,1235,4,下位,0,0,0
280,280,0,312,692,0,0,0,144,2397,382,10,上位,0,0,0
137,137,0,340,570,0,0,0,280,692,636,5,下位,0,0,0
144,144,0,-6,-23,1,0,0,0,0,1,0,下位,0,0,0
492,492,0,425,929,1,1,144,0,0,1,0,下位,0,144,0
321,321,0,97,366,0,0,0,636,929,-87,7,下位,0,0,0
367,367,0,145,257,0,0,0,321,366,-223,1,下位,0,0,0
161,161,0,-6,-23,0,0,0,367,257,-540,2,下位,0,0,0
296,296,0,-6,-23,0,1,161,367,257,-540,2,下位,0,161,0
519,519,0,-6,-23,0,2,457,367,257,-540,2,下位,0,296,0
146,146,0,222,615,0,3,976,367,257,-540,2,下位,0,519,0
184,184,0,206,553,0,0,0,1122,615,-1749,3,下位,0,0,0
530,530,0,-6,-23,1,0,0,0,0,1,0,下位,0,0,0
293,293,0,-6,-23,1,1,530,0,0,1,0,下位,0,530,0
74,74,0,117,376,1,2,823,0,0,1,0,下位,0,293,0
155,155,0,-6,-23,0,0,0,897,376,-1072,2,下位,0,0,0
221,221,0,319,703,0,1,155,897,376,-1072,2,下位,0,155,0
77,77,0,-6,-23,1,0,0,0,0,1,0,下位,0,0,0
130,130,0,401,860,1,1,77,0,0,1,0,下位,0,77,0
109,109,0,37,127,0,0,0,207,860,513,6,下位,0,0,0
129,129,0,67,248,0,0,0,109,127,469,1,下位,0,0,0
243,243,0,128,352,0,0,0,129,248,515,1,下位,0,0,0
340,340,0,-6,-23,1,0,0,0,0,1,0,下位,0,0,0
219,219,0,-6,-23,1,1,340,0,0,1,0,下位,0,340,0
141,141,0,218,599,1,2,559,0,0,1,0,下位,0,219,0
430,430,0,636,1406,0,0,0,700,599,-542,3,下位,0,0,0
348,348,0,359,989,0,0,0,430,1406,192,9,下位,0,0,0
628,628,0,27,87,0,0,0,348,989,637,5,下位,0,0,0
317,317,0,731,1737,0,0,0,628,87,-258,1,下位,0,0,0
252,252,0,110,305,0,0,0,317,1737,983,9,下位,0,0,0
103,103,0,136,385,0,0,0,252,305,894,2,下位,0,0,0
166,166,0,218,730,1,0,0,0,0,1,0,下位,0,0,0
472,472,0,140,382,0,0,0,166,730,471,2,下位,0,0,0
243,243,0,36,118,0,0,0,472,382,115,2,下位,0,0,0
189,189,0,175,557,0,0,0,243,118,-147,1,下位,0,0,0
489,489,0,46,156,1,0,0,0,0,1,0,下位,0,0,0
161,161,0,-6,-23,0,0,0,489,156,-607,1,下位,0,0,0
590,590,0,-6,-23,0,1,161,489,156,-607,1,下位,0,161,0
540,540,0,164,500,0,2,751,489,156,-607,1,下位,0,590,0
87,87,0,-6,-23,0,0,0,1291,500,-2172,2,下位,0,0,0
379,379,0,101,235,0,1,87,1291,500,-2172,2,下位,0,87,0
459,459,0,-6,-23,1,0,0,0,0,1,0,下位,0,0,0
187,187,0,34,108,1,1,459,0,0,1,0,下位,0,459,0
131,131,0,-6,-23,0,0,0,646,108,-925,1,下位,0,0,0
204,204,0,83,294,0,1,131,646,108,-925,1,下位,0,131,0
253,253,0,38,130,0,0,0,335,294,-1178,1,下位,0,0,0
461,461,0,222,665,0,0,0,253,130,-1444,1,下位,0,0,0
159,159,0,35,119,0,0,0,461,665,-1500,3,下位,0,0,0
224,224,0,203,456,0,0,0,159,119,-1630,1,下位,0,0,0
152,152,0,-6,-23,1,0,0,0,0,1,0,下位,0,0,0
46,46,0,-6,-23,1,1,152,0,0,1,0,下位,0,152,0
169,169,0,-6,-23,1,2,198,0,0,1,0,下位,0,46,0
415,415,0,56,186,1,3,367,0,0,1,0,下位,0,169,0
87,87,0,316,818,0,0,0,782,186,-1105,1,下位,0,0,0
201,201,0,-6,-23,0,0,0,87,818,-423,4,下位,0,0,0
324,324,0,42,148,0,1,201,87,818,-423,4,下位,0,201,0
118,118,0,-6,-23,0,0,0,525,148,-1119,1,下位,0,0,0
199,199,0,-6,-23,0,1,118,525,148,-1119,1,下位,0,118,0
379,379,0,-6,-23,0,2,317,525,148,-1119,1,下位,0,199,0
204,204,0,32,109,0,3,696,525,148,-1119,1,下位,0,379,0
182,182,0,88,231,0,0,0,900,109,-2487,1,下位,0,0,0
563,563,0,106,294,0,0,0,182,231,-2541,2,下位,0,0,0
324,324,0,-6,-23,0,0,0,563,294,-3127,2,下位,0,0,0
202,202,0,36,122,0,1,324,563,294,-3127,2,下位,0,324,0
307,307,0,-6,-23,0,0,0,526,122,-3851,1,下位,0,0,0
221,221,0,168,471,0,1,307,526,122,-3851,1,下位,0,307,0
182,182,0,37,128,0,0,0,528,471,-4229,2,下位,0,0,0
405,405,0,-6,-23,0,0,0,182,128,-4386,1,下位,0,0,0
489,489,0,-6,-23,0,1,405,182,128,-4386,1,下位,0,405,0
488,488,0,418,932,0,2,894,182,128,-4386,1,下位,0,489,0
278,278,0,-6,-23,1,0,0,0,0,1,0,下位,0,0,0
84,84,0,56,202,1,1,278,0,0,1,0,下位,0,278,0
389,389,0,679,1426,0,0,0,362,202,-387,1,下位,0,0,0
452,452,0,54,197,0,0,0,389,1426,432,9,下位,0,0,0
517,517,0,85,214,0,0,0,452,197,-78,1,下位,0,0,0
135,135,0,-6,-23,1,0,0,0,0,1,0,下位,0,0,0
181,181,0,35,120,1,1,135,0,0,1,0,下位,0,135,0
494,494,0,141,408,0,0,0,316,120,-396,1,下位,0,0,0
239,239,0,104,299,0,0,0,494,408,-760,2,下位,0,0,0
169,169,0,460,997,0,0,0,239,299,-835,2,下位,0,0,0
446,446,0,56,202,0,0,0,169,997,-101,6,下位,0,0,0
53,53,0,-6,-23,0,0,0,446,202,-596,1,下位,0,0,0
138,138,0,282,717,0,1,53,446,202,-596,1,下位,0,53,0
560,560,0,233,482,0,0,0,191,717,-201,4,下位,0,0,0
206,206,0,-6,-23,1,0,0,0,0,1,0,下位,0,0,0
328,328,0,230,583,1,1,206,0,0,1,0,下位,0,206,0
281,281,0,-6,-23,0,0,0,534,583,-274,3,下位,0,0,0
549,549,0,-6,-23,0,1,281,534,583,-274,3,下位,0,281,0
381,381,0,58,209,0,2,830,534,583,-274,3,下位,0,549,0
433,433,0,-6,-23,1,0,0,0,0,1,0,下位,0,0,0
65,65,0,-6,-23,1,1,433,0,0,1,0,下位,0,433,0
281,281,0,122,337,1,2,498,0,0,1,0,下位,0,65,0
163,163,0,70,259,0,0,0,779,337,-926,2,下位,0,0,0
150,150,0,-6,-23,0,0,0,163,259,-922,1,下位,0,0,0
239,239,0,-6,-23,0,1,150,163,259,-922,1,下位,0,150,0
331,331,0,1060,2497,0,2,389,163,259,-922,1,下位,0,239,0
161,161,0,-6,-23,0,0,0,720,2497,402,13,下位,0,0,0
40,40,0,368,854,0,1,161,720,2497,402,13,下位,0,161,0
461,461,0,94,356,0,0,0,201,854,918,4,下位,0,0,0
175,175,0,189,507,0,0,0,461,356,553,1,下位,0,0,0
358,358,0,55,199,0,0,0,175,507,786,3,下位,0,0,0
238,238,0,28,93,0,0,0,358,199,425,1,下位,0,0,0
360,360,0,140,378,1,0,0,0,0,1,0,下位,0,0,0
232,232,0,-6,-23,0,0,0,360,378,-184,2,下位,0,0,0
423,423,0,204,595,0,1,232,360,378,-184,2,下位,0,232,0
219,219,0,95,354,0,0,0,655,595,-636,3,下位,0,0,0
139,139,0,190,445,0,0,0,219,354,-625,1,下位,0,0,0
467,467,0,58,204,0,0,0,139,445,-398,2,下位,0,0,0
502,502,0,-6,-23,0,0,0,467,204,-924,1,下位,0,0,0
222,222,0,-6,-23,0,1,502,467,204,-924,1,下位,0,502,0
253,253,0,115,338,0,2,724,467,204,-924,1,下位,0,222,0
191,191,0,1956,5312,0,0,0,977,338,-2160,2,下位,0,0,0
260,260,0,-6,-23,1,0,0,0,0,1,0,下位,0,0,0
57,57,0,366,913,1,1,260,0,0,1,0,下位,0,260,0
327,327,0,160,492,0,0,0,317,913,394,5,下位,0,0,0
347,347,0,-6,-23,0,0,0,327,492,375,2,下位,0,0,0
542,542,0,-6,-23,0,1,347,327,492,375,2,下位,0,347,0
198,198,0,38,124,0,2,889,327,492,375,2,下位,0,542,0
350,350,0,527,1149,1,0,0,0,0,1,0,下位,0,0,0
427,427,0,-6,-23,0,0,0,350,1149,603,7,下位,0,0,0
348,348,0,52,189,0,1,427,350,1149,603,7,下位,0,427,0
315,315,0,1157,2806,0,0,0,775,189,-443,1,下位,0,0,0
568,568,0,103,254,0,0,0,315,2806,1870,14,下位,0,0,0
471,471,0,-6,-23,0,0,0,568,254,1236,2,下位,0,0,0
640,640,0,-6,-23,0,1,471,568,254,1236,2,下位,0,471,0
455,455,0,720,1335,0,2,1111,568,254,1236,2,下位,0,640,0
259,259,0,71,263,1,0,0,0,0,1,0,下位,0,0,0
390,390,0,-6,-23,0,0,0,259,263,-141,1,下位,0,0,0
249,249,0,-6,-23,0,1,390,259,263,-141,1,下位,0,390,0
391,391,0,-6,-23,0,2,639,259,263,-141,1,下位,0,249,0
307,307,0,606,1283,0,3,1030,259,263,-141,1,下位,0,391,0
436,436,0,-6,-23,0,0,0,1337,1283,-1017,8,下位,0,0,0
46,46,0,54,186,0,1,436,1337,1283,-1017,8,下位,0,436,0
265,265,0,-6,-23,0,0,0,482,186,-1608,1,下位,0,0,0
455,455,0,-6,-23,0,1,265,482,186,-1608,1,下位,0,265,0
297,297,0,-6,-23,0,2,720,482,186,-1608,1,下位,0,455,0
322,322,0,145,419,0,3,1017,482,186,-1608,1,下位,0,297,0
303,303,0,-6,-23,0,0,0,1339,419,-3353,2,下位,0,0,0
63,63,0,45,143,0,1,303,1339,419,-3353,2,下位,0,303,0
249,249,0,621,1432,1,0,0,0,0,1,0,下位,0,0,0
93,93,0,272,582,0,0,0,249,1432,1042,8,下位,0,0,0
92,92,0,-6,-23,0,0,0,93,582,1478,4,下位,0,0,0
189,189,0,35,114,0,1,92,93,582,1478,4,下位,0,92,0
315,315,0,56,203,0,0,0,281,114,1129,1,下位,0,0,0
308,308,0,-6,-23,0,0,0,315,203,839,1,下位,0,0,0
355,355,0,110,284,0,1,308,315,203,839,1,下位,0,308,0
210,210,0,-6,-23,0,0,0,663,284,64,2,下位,0,0,0
233,233,0,116,343,0,1,210,663,284,64,2,下位,0,210,0
395,395,0,237,541,0,0,0,443,343,-310,2,下位,0,0,0
323,323,0,54,199,0,0,0,395,541,-387,3,下位,0,0,0
132,132,0,-6,-23,0,0,0,323,199,-693,1,下位,0,0,0
200,200,0,234,580,0,1,132,323,199,-693,1,下位,0,132,0
231,231,0,108,262,0,0,0,332,580,-656,4,下位,0,0,0
650,650,0,158,297,1,0,0,0,0,1,0,下位,0,0,0
215,215,0,522,1208,0,0,0,650,297,-718,2,下位,0,0,0
137,137,0,230,608,1,0,0,0,0,1,0,下位,0,0,0
495,495,0,129,390,0,0,0,137,608,395,3,下位,0,0,0
494,494,0,1472,4247,0,0,0,495,390,11,2,下位,0,0,0
523,523,0,864,1921,0,0,0,494,4247,719,16,上位,0,0,0
480,480,0,106,283,0,0,0,523,1921,-2,13,上位,0,0,0
54,54,0,124,353,1,0,0,0,0,1,0,下位,0,0,0
146,146,0,324,744,0,0,0,54,353,269,2,下位,0,0,0
79,79,0,-6,-23,0,0,0,146,744,784,4,下位,0,0,0
47,47,0,-6,-23,0,1,79,146,744,784,4,下位,0,79,0
304,304,0,140,438,0,2,126,146,744,784,4,下位,0,47,0
230,230,0,57,179,0,0,0,430,438,503,2,下位,0,0,0
437,437,0,60,215,0,0,0,230,179,322,1,下位,0,0,0
141,141,0,57,207,0,0,0,437,215,-146,1,下位,0,0,0
407,407,0,-6,-23,0,0,0,141,207,-160,1,下位,0,0,0
378,378,0,57,207,0,1,407,141,207,-160,1,下位,0,407,0
384,384,0,-6,-23,0,0,0,785,207,-1203,1,下位,0,0,0
338,338,0,58,210,0,1,384,785,207,-1203,1,下位,0,384,0
197,197,0,108,278,0,0,0,722,210,-2145,1,下位,0,0,0
93,93,0,-6,-23,0,0,0,197,278,-2174,2,下位,0,0,0
597,597,0,158,453,0,1,93,197,278,-2174,2,下位,0,93,0
155,155,0,46,158,0,0,0,690,453,-2823,2,下位,0,0,0
314,314,0,-6,-23,1,0,0,0,0,1,0,下位,0,0,0
62,62,0,220,631,1,1,314,0,0,1,0,下位,0,314,0
611,611,0,-6,-23,0,0,0,376,631,21,3,下位,0,0,0
657,657,0,-6,-23,0,1,611,376,631,21,3,下位,0,611,0
272,272,0,54,194,0,2,1268,376,631,21,3,下位,0,657,0
506,506,0,-6,-23,0,0,0,1540,194,-2238,1,下位,0,0,0
374,374,0,188,412,0,1,506,1540,194,-2238,1,下位,0,506,0
138,138,0,136,370,0,0,0,880,412,-3225,3,下位,0,0,0
119,119,0,60,219,0,0,0,138,370,-3071,2,下位,0,0,0
247,247,0,89,329,0,0,0,119,219,-3038,1,下位,0,0,0
333,333,0,-6,-23,0,0,0,247,329,-3095,1,下位,0,0,0
304,304,0,-6,-23,0,1,333,247,329,-3095,1,下位,0,333,0
364,364,0,26,85,0,2,637,247,329,-3095,1,下位,0,304,0
215,215,0,101,263,0,0,0,1001,85,-4621,1,下位,0,0,0
498,498,0,-6,-23,0,0,0,215,263,-4694,2,下位,0,0,0
436,436,0,-6,-23,0,1,498,215,263,-4694,2,下位,0,498,0
240,240,0,-6,-23,0,2,934,215,263,-4694,2,下位,0,436,0
162,162,0,374,763,0,3,1174,215,263,-4694,2,下位,0,240,0
309,309,0,72,267,1,0,0,0,0,1,0,下位,0,0,0
220,220,0,-6,-23,0,0,0,309,267,-215,1,下位,0,0,0
281,281,0,40,134,0,1,220,309,267,-215,1,下位,0,220,0
290,290,0,-6,-23,0,0,0,501,134,-887,1,下位,0,0,0
122,122,0,-6,-23,0,1,290,501,134,-887,1,下位,0,290,0
96,96,0,-6,-23,0,2,412,501,134,-887,1,下位,0,122,0
511,511,0,1060,2791,0,3,508,501,134,-887,1,下位,0,96,0
164,164,0,315,692,0,0,0,1019,2791,241,12,下位,0,0,0
662,662,0,587,1379,0,0,0,164,692,676,5,下位,0,0,0
331,331,0,-6,-23,0,0,0,662,1379,1020,7,下位,0,0,0
40,40,0,402,886,0,1,331,662,1379,1020,7,下位,0,331,0
305,305,0,-6,-23,0,0,0,371,886,1302,5,下位,0,0,0
412,412,0,-6,-23,0,1,305,371,886,1302,5,下位,0,305,0
118,118,0,-6,-23,0,2,717,371,886,1302,5,下位,0,412,0
239,239,0,40,126,0,3,835,371,886,1302,5,下位,0,118,0
105,105,0,58,207,0,0,0,1074,126,-321,1,下位,0,0,0
455,455,0,-6,-23,1,0,0,0,0,1,0,下位,0,0,0
212,212,0,274,533,1,1,455,0,0,1,0,下位,0,455,0
426,426,0,64,202,0,0,0,667,533,-532,4,下位,0,0,0
66,66,0,-6,-23,0,0,0,426,202,-996,1,下位,0,0,0
357,357,0,859,2043,0,1,66,426,202,-996,1,下位,0,66,0
629,629,0,44,119,0,0,0,423,2043,363,11,下位,0,0,0
447,447,0,139,438,0,0,0,629,119,-501,1,下位,0,0,0
183,183,0,73,270,0,0,0,447,438,-762,2,下位,0,0,0
209,209,0,-6,-23,1,0,0,0,0,1,0,下位,0,0,0
270,270,0,-6,-23,1,1,209,0,0,1,0,下位,0,209,0
344,344,0,-6,-23,1,2,479,0,0,1,0,下位,0,270,0
567,567,0,943,1862,1,3,823,0,0,1,0,下位,0,344,0
430,430,0,-6,-23,0,0,0,1390,1862,-379,15,下位,0,0,0
105,105,0,131,307,0,1,430,1390,1862,-379,15,下位,0,430,0
142,142,0,379,775,0,0,0,535,307,-932,3,下位,0,0,0
379,379,0,-6,-23,0,0,0,142,775,-379,5,下位,0,0,0
173,173,0,256,562,0,1,379,142,775,-379,5,下位,0,379,0
169,169,0,-6,-23,0,0,0,552,562,-704,4,下位,0,0,0
247,247,0,-6,-23,0,1,169,552,562,-704,4,下位,0,169,0
149,149,0,138,340,0,2,416,552,562,-704,4,下位,0,247,0
216,216,0,163,392,0,0,0,565,340,-1294,3,下位,0,0,0
158,158,0,60,206,0,0,0,216,392,-1240,3,下位,0,0,0
64,64,0,-6,-23,0,0,0,158,206,-1281,1,下位,0,0,0
227,227,0,394,892,0,1,64,158,206,-1281,1,下位,0,64,0
115,115,0,-6,-23,1,0,0,0,0,1,0,下位,0,0,0
94,94,0,-6,-23,1,1,115,0,0,1,0,下位,0,115,0
457,457,0,-6,-23,1,2,209,0,0,1,0,下位,0,94,0
143,143,0,45,159,1,3,666,0,0,1,0,下位,0,457,0
188,188,0,-6,-23,0,0,0,809,159,-1175,1,下位,0,0,0
300,300,0,-6,-23,0,1,188,809,159,-1175,1,下位,0,188,0
421,421,0,-6,-23,0,2,488,809,159,-1175,1,下位,0,300,0
197,197,0,207,370,0,3,909,809,159,-1175,1,下位,0,421,0
65,65,0,39,134,0,0,0,1106,370,-2603,3,下位,0,0,0
100,100,0,57,201,0,0,0,65,134,-2571,1,下位,0,0,0
227,227,0,40,135,0,0,0,100,201,-2527,1,下位,0,0,0
347,347,0,-6,-23,0,0,0,227,135,-2747,1,下位,0,0,0
69,69,0,144,430,0,1,347,227,135,-2747,1,下位,0,347,0
75,75,0,233,495,0,0,0,416,430,-2991,2,下位,0,0,0
172,172,0,-6,-23,0,0,0,75,495,-2613,3,下位,0,0,0
286,286,0,-6,-23,0,1,172,75,495,-2613,3,下位,0,172,0
97,97,0,-6,-23,0,2,458,75,495,-2613,3,下位,0,286,0
40,40,0,55,199,0,3,555,75,495,-2613,3,下位,0,97,0
398,398,0,41,142,0,0,0,595,199,-3414,1,下位,0,0,0
207,207,0,287,606,1,0,0,0,0,1,0,下位,0,0,0
172,172,0,125,346,0,0,0,207,606,283,4,下位,0,0,0
254,254,0,-6,-23,0,0,0,172,346,360,2,下位,0,0,0
113,113,0,38,133,0,1,254,172,346,360,2,下位,0,254,0
527,527,0,28,91,0,0,0,367,133,-104,1,下位,0,0,0
434,434,0,-6,-23,0,0,0,527,91,-837,1,下位,0,0,0
306,306,0,-6,-23,0,1,434,527,91,-837,1,下位,0,434,0
263,263,0,72,259,0,2,740,527,91,-837,1,下位,0,306,0
467,467,0,86,315,1,0,0,0,0,1,0,下位,0,0,0
193,193,0,126,290,0,0,0,467,315,-414,1,下位,0,0,0
357,357,0,273,587,0,0,0,193,290,-426,3,下位,0,0,0
325,325,0,205,418,0,0,0,357,587,-397,4,下位,0,0,0
121,121,0,-6,-23,0,0,0,325,418,-487,4,下位,0,0,0
521,521,0,38,135,0,1,121,325,418,-487,4,下位,0,121,0
594,594,0,-6,-23,0,0,0,642,135,-1380,1,下位,0,0,0
59,59,0,-6,-23,0,1,594,642,135,-1380,1,下位,0,594,0
148,148,0,2529,7087,0,2,653,642,135,-1380,1,下位,0,59,0
259,259,0,465,1006,1,0,0,0,0,1,0,下位,0,0,0
414,414,0,-6,-23,0,0,0,259,1006,602,6,下位,0,0,0
433,433,0,806,1822,0,1,414,259,1006,602,6,下位,0,414,0
441,441,0,35,120,0,0,0,847,1822,1076,11,下位,0,0,0
203,203,0,-6,-23,0,0,0,441,120,507,1,下位,0,0,0
58,58,0,-6,-23,0,1,203,441,120,507,1,下位,0,203,0
47,47,0,59,214,0,2,261,441,120,507,1,下位,0,58,0
409,409,0,65,240,0,0,0,308,214,192,1,下位,0,0,0
327,327,0,-6,-23,1,0,0,0,0,1,0,下位,0,0,0
71,71,0,-6,-23,1,1,327,0,0,1,0,下位,0,327,0
386,386,0,63,225,1,2,398,0,0,1,0,下位,0,71,0
343,343,0,-6,-23,0,0,0,784,225,-1046,1,下位,0,0,0
268,268,0,1862,4803,0,1,343,784,225,-1046,1,下位,0,343,0
242,242,0,920,2626,0,0,0,611,4803,232,23,上位,0,0,0
234,234,0,-6,-23,0,0,0,242,2626,307,10,上位,0,0,0
572,572,0,155,434,0,1,234,242,2626,307,10,上位,0,234,0
165,165,0,-6,-23,0,0,0,806,434,-542,2,下位,0,0,0
40,40,0,-6,-23,0,1,165,806,434,-542,2,下位,0,165,0
193,193,0,26,84,0,2,205,806,434,-542,2,下位,0,40,0
273,273,0,202,401,0,0,0,398,84,-1127,1,下位,0,0,0
125,125,0,-6,-23,0,0,0,273,401,-1153,3,下位,0,0,0
261,261,0,-6,-23,0,1,125,273,401,-1153,3,下位,0,125,0
103,103,0,662,1676,0,2,386,273,401,-1153,3,下位,0,261,0
299,299,0,-6,-23,1,0,0,0,0,1,0,下位,0,0,0
276,276,0,53,192,1,1,299,0,0,1,0,下位,0,299,0
568,568,0,-6,-23,0,0,0,575,192,-730,1,下位,0,0,0
105,105,0,712,1474,0,1,568,575,192,-730,1,下位,0,568,0
111,111,0,162,540,1,0,0,0,0,1,0,下位,0,0,0
370,370,0,101,233,0,0,0,111,540,367,2,下位,0,0,0
271,271,0,237,623,0,0,0,370,233,21,2,下位,0,0,0
462,462,0,-6,-23,0,0,0,271,623,220,3,下位,0,0,0
330,330,0,136,390,0,1,462,271,623,220,3,下位,0,462,0
123,123,0,-6,-23,0,0,0,792,390,-651,2,下位,0,0,0
511,511,0,-6,-23,0,1,123,792,390,-651,2,下位,0,123,0
269,269,0,122,322,0,2,634,792,390,-651,2,下位,0,511,0
422,422,0,-6,-23,0,0,0,903,322,-1788,2,下位,0,0,0
191,191,0,54,194,0,1,422,903,322,-1788,2,下位,0,422,0
120,120,0,92,335,1,0,0,0,0,1,0,下位,0,0,0
554,554,0,381,857,0,0,0,120,335,148,1,下位,0,0,0
201,201,0,138,441,0,0,0,554,857,139,5,下位,0,0,0
155,155,0,37,126,1,0,0,0,0,1,0,下位,0,0,0
413,413,0,289,712,0,0,0,155,126,-116,1,下位,0,0,0
222,222,0,-6,-23,0,0,0,413,712,-50,3,下位,0,0,0
215,215,0,46,133,0,1,222,413,712,-50,3,下位,0,222,0
111,111,0,662,1569,0,0,0,437,133,-623,1,下位,0,0,0
232,232,0,-6,-23,0,0,0,111,1569,772,8,下位,0,0,0
148,148,0,-6,-23,0,1,232,111,1569,772,8,下位,0,232,0
235,235,0,-6,-23,0,2,380,111,1569,772,8,下位,0,148,0
184,184,0,29,94,0,3,615,111,1569,772,8,下位,0,235,0
65,65,0,-6,-23,0,0,0,799,94,-454,1,下位,0,0,0
46,46,0,-6,-23,0,1,65,799,94,-454,1,下位,0,65,0
328,328,0,66,238,0,2,111,799,94,-454,1,下位,0,46,0
375,375,0,-6,-23,0,0,0,439,238,-949,1,下位,0,0,0
86,86,0,26,81,0,1,375,439,238,-949,1,下位,0,375,0
242,242,0,314,700,1,0,0,0,0,1,0,下位,0,0,0
392,392,0,-6,-23,0,0,0,242,700,322,4,下位,0,0,0
253,253,0,294,627,0,1,392,242,700,322,4,下位,0,392,0
369,369,0,-6,-23,0,0,0,645,627,-83,4,下位,0,0,0
85,85,0,123,311,0,1,369,645,627,-83,4,下位,0,369,0
357,357,0,-6,-23,0,0,0,454,311,-505,2,下位,0,0,0
319,319,0,57,208,0,1,357,454,311,-505,2,下位,0,357,0
416,416,0,171,513,0,0,0,676,208,-1377,1,下位,0,0,0
384,384,0,60,218,0,0,0,416,513,-1514,2,下位,0,0,0
430,430,0,770,1724,1,0,0,0,0,1,0,下位,0,0,0
445,445,0,-6,-23,0,0,0,430,1724,1054,10,下位,0,0,0
353,353,0,58,206,0,1,445,430,1724,1054,10,下位,0,445,0
73,73,0,36,115,0,0,0,798,206,-11,1,下位,0,0,0
274,274,0,-6,-23,0,0,0,73,115,-10,1,下位,0,0,0
351,351,0,101,217,0,1,274,73,115,-10,1,下位,0,274,0
227,227,0,-6,-23,0,0,0,625,217,-794,2,下位,0,0,0
490,490,0,-6,-23,0,1,227,625,217,-794,2,下位,0,227,0
172,172,0,69,216,0,2,717,625,217,-794,2,下位,0,490,0
153,153,0,27,86,0,0,0,889,216,-2014,1,下位,0,0,0
103,103,0,37,132,1,0,0,0,0,1,0,下位,0,0,0
462,462,0,-6,-23,0,0,0,103,132,-28,1,下位,0,0,0
314,314,0,190,422,0,1,462,103,132,-28,1,下位,0,462,0
543,543,0,299,602,1,0,0,0,0,1,0,下位,0,0,0
265,265,0,-6,-23,0,0,0,543,602,-246,4,下位,0,0,0
143,143,0,202,527,0,1,265,543,602,-246,4,下位,0,265,0
156,156,0,444,1034,0,0,0,408,527,-381,3,下位,0,0,0
557,557,0,-6,-23,0,0,0,156,1034,410,7,下位,0,0,0
334,334,0,40,141,0,1,557,156,1034,410,7,下位,0,557,0
296,296,0,1272,3287,0,0,0,891,141,-865,1,下位,0,0,0
335,335,0,147,278,0,0,0,296,3287,1959,15,下位,0,0,0
207,207,0,-6,-23,0,0,0,335,278,1713,3,下位,0,0,0
343,343,0,61,224,0,1,207,335,278,1713,3,下位,0,207,0
236,236,0,-6,-23,0,0,0,550,224,1054,1,下位,0,0,0
112,112,0,148,460,0,1,236,550,224,1054,1,下位,0,236,0
161,161,0,95,325,0,0,0,348,460,947,2,下位,0,0,0
159,159,0,331,707,0,0,0,161,325,1020,1,下位,0,0,0
161,161,0,34,110,0,0,0,159,707,1478,5,下位,0,0,0
175,175,0,-6,-23,0,0,0,161,110,1336,1,下位,0,0,0
111,111,0,58,209,0,1,175,161,110,1336,1,下位,0,175,0
386,386,0,-6,-23,1,0,0,0,0,1,0,下位,0,0,0
338,338,0,41,142,1,1,386,0,0,1,0,下位,0,386,0
189,189,0,-6,-23,0,0,0,724,142,-1013,1,下位,0,0,0
405,405,0,-6,-23,0,1,189,724,142,-1013,1,下位,0,189,0
191,191,0,-6,-23,0,2,594,724,142,-1013,1,下位,0,405,0
345,345,0,3149,9219,0,3,785,724,142,-1013,1,下位,0,191,0
453,453,0,298,768,0,0,0,1130,9219,221,32,上位,0,0,0
479,479,0,258,443,0,0,0,453,768,282,4,下位,0,0,0
440,440,0,101,263,1,0,0,0,0,1,0,下位,0,0,0
262,262,0,177,428,0,0,0,440,263,-424,2,下位,0,0,0
479,479,0,-6,-23,0,0,0,262,428,-406,3,下位,0,0,0
342,342,0,-6,-23,0,1,479,262,428,-406,3,下位,0,479,0
415,415,0,-6,-23,0,2,821,262,428,-406,3,下位,0,342,0
330,330,0,56,202,0,3,1236,262,428,-406,3,下位,0,415,0
358,358,0,47,155,0,0,0,1566,202,-2722,1,下位,0,0,0
484,484,0,79,277,0,0,0,358,155,-3127,1,下位,0,0,0
260,260,0,-6,-23,1,0,0,0,0,1,0,下位,0,0,0
424,424,0,28,86,1,1,260,0,0,1,0,下位,0,260,0
479,479,0,194,564,0,0,0,684,86,-1006,1,下位,0,0,0
372,372,0,96,230,0,0,0,479,564,-1191,3,下位,0,0,0
163,163,0,-6,-23,0,0,0,372,230,-1544,2,下位,0,0,0
474,474,0,-6,-23,0,1,163,372,230,-1544,2,下位,0,163,0
356,356,0,324,679,0,2,637,372,230,-1544,2,下位,0,474,0
316,316,0,125,333,1,0,0,0,0,1,0,下位,0,0,0
141,141,0,44,151,0,0,0,316,333,-160,2,下位,0,0,0
503,503,0,-6,-23,1,0,0,0,0,1,0,下位,0,0,0
519,519,0,589,1322,1,1,503,0,0,1,0,下位,0,503,0
199,199,0,-6,-23,1,0,0,0,0,1,0,下位,0,0,0
602,602,0,56,196,1,1,199,0,0,1,0,下位,0,199,0
353,353,0,26,81,0,0,0,801,196,-1078,1,下位,0,0,0
74,74,0,58,204,0,0,0,353,81,-1549,1,下位,0,0,0
176,176,0,-6,-23,0,0,0,74,204,-1461,1,下位,0,0,0
285,285,0,55,200,0,1,176,74,204,-1461,1,下位,0,176,0
119,119,0,-6,-23,0,0,0,461,200,-2005,1,下位,0,0,0
581,581,0,27,88,0,1,119,461,200,-2005,1,下位,0,119,0
155,155,0,141,384,0,0,0,700,88,-3034,1,下位,0,0,0
371,371,0,-6,-23,0,0,0,155,384,-2893,2,下位,0,0,0
115,115,0,47,167,0,1,371,155,384,-2893,2,下位,0,371,0
249,249,0,-6,-23,0,0,0,486,167,-3509,1,下位,0,0,0
145,145,0,46,153,0,1,249,486,167,-3509,1,下位,0,249,0
268,268,0,70,261,1,0,0,0,0,1,0,下位,0,0,0
537,537,0,2004,5648,0,0,0,268,261,-157,1,下位,0,0,0
1,1,0,705,2397,0,0,0,537,5648,910,22,上位,0,0,0
230,230,0,-6,-23,0,0,0,1,2397,-2,6,上位,0,0,0
266,266,0,158,478,0,1,230,1,2397,-2,6,上位,0,230,0
95,95,0,-6,-23,0,0,0,496,478,-323,2,下位,0,0,0
41,41,0,-6,-23,0,1,95,496,478,-323,2,下位,0,95,0
468,468,0,91,263,0,2,136,496,478,-323,2,下位,0,41,0
434,434,0,-6,-23,0,0,0,604,263,-1051,2,下位,0,0,0
72,72,0,-6,-23,0,1,434,604,263,-1051,2,下位,0,434,0
292,292,0,72,272,0,2,506,604,263,-1051,2,下位,0,72,0
411,411,0,-6,-23,1,0,0,0,0,1,0,下位,0,0,0
426,426,0,1400,3645,1,1,411,0,0,1,0,下位,0,411,0
1,1,0,-6,-23,0,0,0,837,3645,2314,17,下位,0,0,0
108,108,0,-6,-23,0,1,1,837,3645,2314,17,下位,0,1,0
347,347,0,136,398,0,2,109,837,3645,2314,17,下位,0,108,0
308,308,0,-6,-23,0,0,0,456,398,1952,2,下位,0,0,0
375,375,0,-6,-23,0,1,308,456,398,1952,2,下位,0,308,0
308,308,0,39,114,0,2,683,456,398,1952,2,下位,0,375,0
364,364,0,580,1379,0,0,0,991,114,470,1,下位,0,0,0
460,460,0,-6,-23,0,0,0,364,1379,1279,7,下位,0,0,0
149,149,0,-6,-23,0,1,460,364,1379,1279,7,下位,0,460,0
261,261,0,-6,-23,0,2,609,364,1379,1279,7,下位,0,149,0
224,224,0,72,271,0,3,870,364,1379,1279,7,下位,0,261,0
382,382,0,-6,-23,1,0,0,0,0,1,0,下位,0,0,0
313,313,0,-6,-23,1,1,382,0,0,1,0,下位,0,382,0
175,175,0,76,279,1,2,695,0,0,1,0,下位,0,313,0
86,86,0,855,1890,0,0,0,870,279,-1127,1,下位,0,0,0
597,597,0,-6,-23,0,0,0,86,1890,628,12,下位,0,0,0
474,474,0,167,370,0,1,597,86,1890,628,12,下位,0,597,0
189,189,0,41,142,0,0,0,1071,370,-699,3,下位,0,0,0
332,332,0,-6,-23,0,0,0,189,142,-853,1,下位,0,0,0
166,166,0,408,853,0,1,332,189,142,-853,1,下位,0,332,0
404,404,0,496,1174,0,0,0,498,853,-803,6,下位,0,0,0
352,352,0,58,218,1,0,0,0,0,1,0,下位,0,0,0
103,103,0,40,126,0,0,0,352,218,-331,1,下位,0,0,0
520,520,0,74,276,0,0,0,103,126,-366,1,下位,0,0,0
347,347,0,36,127,0,0,0,520,276,-903,1,下位,0,0,0
363,363,0,-6,-23,0,0,0,347,127,-1319,1,下位,0,0,0
207,207,0,-6,-23,0,1,363,347,127,-1319,1,下位,0,363,0
71,71,0,-6,-23,0,2,570,347,127,-1319,1,下位,0,207,0
754,754,0,46,158,0,3,641,347,127,-1319,1,下位,0,71,0
245,245,0,221,402,0,0,0,1395,158,-3412,1,下位,0,0,0
291,291,0,25,84,0,0,0,245,402,-3392,3,下位,0,0,0
82,82,0,-6,-23,0,0,0,291,84,-3763,1,下位,0,0,0
411,411,0,233,550,0,1,82,291,84,-3763,1,下位,0,82,0
123,123,0,-6,-23,1,0,0,0,0,1,0,下位,0,0,0
105,105,0,180,439,1,1,123,0,0,1,0,下位,0,123,0
535,535,0,187,433,0,0,0,228,439,60,3,下位,0,0,0
348,348,0,-6,-23,0,0,0,535,433,-343,3,下位,0,0,0
159,159,0,78,289,0,1,348,535,433,-343,3,下位,0,348,0
375,375,0,59,210,0,0,0,507,289,-870,1,下位,0,0,0
417,417,0,41,133,0,0,0,375,210,-1246,1,下位,0,0,0
264,264,0,652,1574,0,0,0,417,133,-1765,1,下位,0,0,0
415,415,0,-6,-23,0,0,0,264,1574,-604,8,下位,0,0,0
340,340,0,-6,-23,0,1,415,264,1574,-604,8,下位,0,415,0
451,451,0,164,470,0,2,755,264,1574,-604,8,下位,0,340,0
236,236,0,346,681,1,0,0,0,0,1,0,下位,0,0,0
406,406,0,-6,-23,0,0,0,236,681,313,5,下位,0,0,0
277,277,0,-6,-23,0,1,406,236,681,313,5,下位,0,406,0
359,359,0,100,366,0,2,683,236,681,313,5,下位,0,277,0
83,83,0,-6,-23,0,0,0,1042,366,-996,1,下位,0,0,0
440,440,0,60,198,0,1,83,1042,366,-996,1,下位,0,83,0
178,178,0,185,408,0,0,0,523,198,-1640,1,下位,0,0,0
265,265,0,40,121,0,0,0,178,408,-1511,3,下位,0,0,0
523,523,0,474,1130,0,0,0,265,121,-1804,1,下位,0,0,0
349,349,0,864,2112,1,0,0,0,0,1,0,下位,0,0,0
221,221,0,-6,-23,0,0,0,349,2112,1568,10,下位,0,0,0
64,64,0,-6,-23,0,1,221,349,2112,1568,10,下位,0,221,0
180,180,0,-6,-23,0,2,285,349,2112,1568,10,下位,0,64,0
74,74,0,1100,2929,0,3,465,349,2112,1568,10,下位,0,180,0
440,440,0,206,518,0,0,0,539,2929,264,13,上位,0,0,0
200,200,0,510,1108,0,0,0,440,518,94,3,下位,0,0,0
190,190,0,37,128,0,0,0,200,1108,889,7,下位,0,0,0
158,158,0,-6,-23,1,0,0,0,0,1,0,下位,0,0,0
304,304,0,-6,-23,1,1,158,0,0,1,0,下位,0,158,0
188,188,0,-6,-23,1,2,462,0,0,1,0,下位,0,304,0
71,71,0,28,91,1,3,650,0,0,1,0,下位,0,188,0
99,99,0,-6,-23,0,0,0,721,91,-1104,1,下位,0,0,0
486,486,0,260,831,0,1,99,721,91,-1104,1,下位,0,99,0
438,438,0,32,101,0,0,0,585,831,-1211,3,下位,0,0,0
358,358,0,57,207,1,0,0,0,0,1,0,下位,0,0,0
257,257,0,-6,-23,0,0,0,358,207,-352,1,下位,0,0,0
133,133,0,-6,-23,0,1,257,358,207,-352,1,下位,0,257,0
186,186,0,-6,-23,0,2,390,358,207,-352,1,下位,0,133,0
110,110,0,1535,3891,0,3,576,358,207,-352,1,下位,0,186,0
410,410,0,-6,-23,0,0,0,686,3891,-2,19,上位,0,0,0
175,175,0,96,361,0,1,410,686,3891,-2,19,上位,0,410,0
81,81,0,-6,-23,0,0,0,585,361,-579,1,下位,0,0,0
115,115,0,-6,-23,0,1,81,585,361,-579,1,下位,0,81,0
130,130,0,-6,-23,0,2,196,585,361,-579,1,下位,0,115,0
75,75,0,135,356,0,3,326,585,361,-579,1,下位,0,130,0
91,91,0,-6,-23,0,0,0,401,356,-921,2,下位,0,0,0
152,152,0,306,685,0,1,91,401,356,-921,2,下位,0,91,0
334,334,0,-6,-23,0,0,0,243,685,-640,5,下位,0,0,0
370,370,0,-6,-23,0,1,334,243,685,-640,5,下位,0,334,0
197,197,0,42,141,0,2,704,243,685,-640,5,下位,0,370,0
13,13,0,-6,-23,1,0,0,0,0,1,0,下位,0,0,0
188,188,0,-6,-23,1,1,13,0,0,1,0,下位,0,13,0
171,171,0,71,189,1,2,201,0,0,1,0,下位,0,188,0
337,337,0,60,239,0,0,0,372,189,-439,1,下位,0,0,0
66,66,0,50,202,1,0,0,0,0,1,0,下位,0,0,0
292,292,0,50,202,0,0,0,66,202,100,1,下位,0,0,0
131,131,0,50,202,0,0,0,292,202,-154,1,下位,0,0,0
126,126,0,-6,-23,0,0,0,131,202,-157,1,下位,0,0,0
214,214,0,-6,-23,0,1,126,131,202,-157,1,下位,0,126,0
220,220,0,100,93,0,2,340,131,202,-157,1,下位,0,214,0
6,6,0,52,166,0,0,0,560,93,-986,1,下位,0,0,0
99,99,0,118,343,0,0,0,6,166,-830,1,下位,0,0,0
143,143,0,-6,-23,0,0,0,99,343,-642,2,下位,0,0,0
40,40,0,-6,-23,0,1,143,99,343,-642,2,下位,0,143,0
318,318,0,50,202,0,2,183,99,343,-642,2,下位,0,40,0
29,29,0,-6,-23,0,0,0,501,202,-1270,1,下位,0,0,0
289,289,0,50,202,0,1,29,501,202,-1270,1,下位,0,29,0
239,239,0,50,202,0,0,0,318,202,-1589,1,下位,0,0,0
187,187,0,140,343,0,0,0,239,202,-1760,1,下位,0,0,0
117,117,0,50,202,0,0,0,187,343,-1709,2,下位,0,0,0
26,26,0,-6,-23,0,0,0,117,202,-1690,1,下位,0,0,0
81,81,0,116,379,0,1,26,117,202,-1690,1,下位,0,26,0
211,211,0,50,202,0,0,0,107,379,-1502,2,下位,0,0,0
686,686,0,50,202,0,0,0,211,202,-1630,1,下位,0,0,0
73,73,0,50,202,0,0,0,686,202,-2500,1,下位,0,0,0
109,109,0,50,202,0,0,0,73,202,-2412,1,下位,0,0,0
86,86,0,-6,-23,1,0,0,0,0,1,0,下位,0,0,0
100,100,0,43,171,1,1,86,0,0,1,0,下位,0,86,0
10,10,0,57,117,0,0,0,186,171,-142,1,下位,0,0,0
14,14,0,134,235,0,0,0,10,117,-41,1,下位,0,0,0
29,29,0,-6,-23,0,0,0,14,235,172,2,下位,0,0,0
12,12,0,-6,-23,0,1,29,14,235,172,2,下位,0,29,0
18,18,0,37,148,0,2,41,14,235,172,2,下位,0,12,0
19,19,0,48,195,0,0,0,59,148,180,1,下位,0,0,0
5,5,0,-6,-23,0,0,0,19,195,345,1,下位,0,0,0
96,96,0,9,35,0,1,5,19,195,345,1,下位,0,5,0
100,100,0,-6,-23,0,0,0,101,35,199,1,下位,0,0,0
13,13,0,-6,-23,0,1,100,101,35,199,1,下位,0,100,0
21,21,0,38,153,0,2,113,101,35,199,1,下位,0,13,0
19,19,0,3,13,0,0,0,134,153,95,1,下位,0,0,0
353,353,0,2119,6009,1,0,0,0,0,1,0,下位,0,0,0
415,415,0,-6,-23,0,0,0,353,6009,244,24,上位,0,0,0
162,162,0,179,417,0,1,415,353,6009,244,24,上位,0,415,0
267,267,0,550,1214,0,0,0,577,417,-265,3,下位,0,0,0
180,180,0,120,284,0,0,0,267,1214,531,7,下位,0,0,0
299,299,0,-6,-23,0,0,0,180,284,533,2,下位,0,0,0
257,257,0,76,282,0,1,299,180,284,533,2,下位,0,299,0
256,256,0,103,219,0,0,0,556,282,-78,1,下位,0,0,0
602,602,0,1309,3411,0,0,0,256,219,-259,2,下位,0,0,0
93,93,0,264,719,1,0,0,0,0,1,0,下位,0,0,0
461,461,0,-6,-23,0,0,0,93,719,574,3,下位,0,0,0
446,446,0,3188,8376,0,1,461,93,719,574,3,下位,0,461,0
516,516,0,245,557,1,0,0,0,0,1,0,下位,0,0,0
332,332,0,-6,-23,0,0,0,516,557,-249,3,下位,0,0,0
405,405,0,40,137,0,1,332,516,557,-249,3,下位,0,332,0
300,300,0,-6,-23,0,0,0,737,137,-1287,1,下位,0,0,0
313,313,0,-6,-23,0,1,300,737,137,-1287,1,下位,0,300,0
442,442,0,57,202,0,2,613,737,137,-1287,1,下位,0,313,0
213,213,0,46,131,0,0,0,1055,202,-2781,1,下位,0,0,0
108,108,0,-6,-23,0,0,0,213,131,-2983,1,下位,0,0,0
198,198,0,41,144,0,1,108,213,131,-2983,1,下位,0,108,0
568,568,0,-6,-23,0,0,0,306,144,-3341,1,下位,0,0,0
415,415,0,66,236,0,1,568,306,144,-3341,1,下位,0,568,0
327,327,0,324,720,1,0,0,0,0,1,0,下位,0,0,0
397,397,0,212,573,0,0,0,327,720,210,4,下位,0,0,0
521,521,0,-6,-23,0,0,0,397,573,162,3,下位,0,0,0
242,242,0,136,364,0,1,521,397,573,162,3,下位,0,521,0
611,611,0,-6,-23,0,0,0,763,364,-691,2,下位,0,0,0
169,169,0,-6,-23,0,1,611,763,364,-691,2,下位,0,611,0
328,328,0,326,730,0,2,780,763,364,-691,2,下位,0,169,0
204,204,0,92,348,1,0,0,0,0,1,0,下位,0,0,0
116,116,0,-6,-23,1,0,0,0,0,1,0,下位,0,0,0
277,277,0,39,135,1,1,116,0,0,1,0,下位,0,116,0
292,292,0,-6,-23,0,0,0,393,135,-502,1,下位,0,0,0
201,201,0,-6,-23,0,1,292,393,135,-502,1,下位,0,292,0
119,119,0,412,1020,0,2,493,393,135,-502,1,下位,0,201,0
318,318,0,56,202,0,0,0,612,1020,-486,6,下位,0,0,0
106,106,0,-6,-23,1,0,0,0,0,1,0,下位,0,0,0
300,300,0,260,613,1,1,106,0,0,1,0,下位,0,106,0
62,62,0,1061,3194,0,0,0,406,613,-44,4,下位,0,0,0
482,482,0,77,288,0,0,0,62,3194,382,12,上位,0,0,0
463,463,0,223,503,0,0,0,482,288,-84,1,下位,0,0,0
271,271,0,298,603,0,0,0,463,503,-305,3,下位,0,0,0
272,272,0,424,922,0,0,0,271,603,-127,4,下位,0,0,0
167,167,0,143,423,0,0,0,272,922,370,6,下位,0,0,0
440,440,0,232,494,0,0,0,167,423,532,2,下位,0,0,0
253,253,0,463,986,0,0,0,440,494,338,3,下位,0,0,0
101,101,0,81,215,0,0,0,253,986,928,7,下位,0,0,0
224,224,0,170,360,0,0,0,101,215,985,2,下位,0,0,0
357,357,0,-6,-23,1,0,0,0,0,1,0,下位,0,0,0
674,674,0,-6,-23,1,1,357,0,0,1,0,下位,0,357,0
425,425,0,83,299,1,2,1031,0,0,1,0,下位,0,674,0
270,270,0,-6,-23,0,0,0,1456,299,-2022,1,下位,0,0,0
144,144,0,-6,-23,0,1,270,1456,299,-2022,1,下位,0,270,0
83,83,0,57,208,0,2,414,1456,299,-2022,1,下位,0,144,0
472,472,0,-6,-23,1,0,0,0,0,1,0,下位,0,0,0
266,266,0,238,451,1,1,472,0,0,1,0,下位,0,472,0
528,528,0,352,785,0,0,0,738,451,-725,3,下位,0,0,0
232,232,0,60,212,0,0,0,528,785,-765,4,下位,0,0,0
288,288,0,-6,-23,0,0,0,232,212,-916,1,下位,0,0,0
124,124,0,-6,-23,0,1,288,232,212,-916,1,下位,0,288,0
453,453,0,268,694,0,2,412,232,212,-916,1,下位,0,124,0
504,504,0,-6,-23,0,0,0,865,694,-1620,3,下位,0,0,0
46,46,0,-6,-23,0,1,504,865,694,-1620,3,下位,0,504,0
302,302,0,-6,-23,0,2,550,865,694,-1620,3,下位,0,46,0
275,275,0,60,212,0,3,852,865,694,-1620,3,下位,0,302,0
170,170,0,56,199,0,0,0,1127,212,-3239,1,下位,0,0,0
131,131,0,1012,2268,0,0,0,170,199,-3306,1,下位,0,0,0
90,90,0,66,242,0,0,0,131,2268,-1243,14,下位,0,0,0
160,160,0,118,358,0,0,0,90,242,-1142,1,下位,0,0,0
85,85,0,66,243,0,0,0,160,358,-1034,2,下位,0,0,0
310,310,0,108,270,1,0,0,0,0,1,0,下位,0,0,0
387,387,0,-6,-23,0,0,0,310,270,-214,2,下位,0,0,0
116,116,0,102,258,0,1,387,310,270,-214,2,下位,0,387,0
108,108,0,575,1281,0,0,0,503,258,-766,2,下位,0,0,0
555,555,0,58,209,1,0,0,0,0,1,0,下位,0,0,0
125,125,0,376,967,0,0,0,555,209,-658,1,下位,0,0,0
739,739,0,58,211,0,0,0,125,967,113,4,下位,0,0,0
412,412,0,-6,-23,0,0,0,739,211,-831,1,下位,0,0,0
70,70,0,-6,-23,0,1,412,739,211,-831,1,下位,0,412,0
439,439,0,-6,-23,0,2,482,739,211,-831,1,下位,0,70,0
264,264,0,1322,3148,0,3,921,739,211,-831,1,下位,0,439,0
620,620,0,642,1448,0,0,0,1185,3148,396,16,下位,0,0,0
105,105,0,174,547,0,0,0,620,1448,875,9,下位,0,0,0
400,400,0,43,150,0,0,0,105,547,1258,2,下位,0,0,0
79,79,0,-6,-23,0,0,0,400,150,783,1,下位,0,0,0
51,51,0,-6,-23,0,1,79,400,150,783,1,下位,0,79,0
354,354,0,-6,-23,0,2,130,400,150,783,1,下位,0,51,0
43,43,0,124,314,0,3,484,400,150,783,1,下位,0,354,0
256,256,0,126,380,1,0,0,0,0,1,0,下位,0,0,0
210,210,0,414,999,0,0,0,256,380,-19,2,下位,0,0,0
458,458,0,-6,-23,0,0,0,210,999,651,6,下位,0,0,0
61,61,0,-6,-23,0,1,458,210,999,651,6,下位,0,458,0
447,447,0,45,153,0,2,519,210,999,651,6,下位,0,61,0
227,227,0,-6,-23,1,0,0,0,0,1,0,下位,0,0,0
352,352,0,60,196,1,1,227,0,0,1,0,下位,0,227,0
453,453,0,724,1709,0,0,0,579,196,-732,1,下位,0,0,0
552,552,0,113,280,0,0,0,453,1709,269,9,下位,0,0,0
305,305,0,-6,-23,0,0,0,552,280,-314,2,下位,0,0,0
335,335,0,116,303,0,1,305,552,280,-314,2,下位,0,305,0
500,500,0,79,272,0,0,0,640,303,-1035,2,下位,0,0,0
464,464,0,-6,-23,1,0,0,0,0,1,0,下位,0,0,0
586,586,0,-6,-23,1,1,464,0,0,1,0,下位,0,464,0
201,201,0,61,227,1,2,1050,0,0,1,0,下位,0,586,0
188,188,0,60,224,0,0,0,1251,227,-1774,1,下位,0,0,0
191,191,0,50,152,0,0,0,188,224,-1844,1,下位,0,0,0
437,437,0,-6,-23,0,0,0,191,152,-1991,1,下位,0,0,0
169,169,0,-6,-23,0,1,437,191,152,-1991,1,下位,0,437,0
199,199,0,890,2167,0,2,606,191,152,-1991,1,下位,0,169,0
473,473,0,70,254,0,0,0,805,2167,-1128,11,下位,0,0,0
160,160,0,575,1232,0,0,0,473,254,-1613,1,下位,0,0,0
301,301,0,-6,-23,0,0,0,160,1232,-631,9,下位,0,0,0
257,257,0,-6,-23,0,1,301,160,1232,-631,9,下位,0,301,0
69,69,0,44,157,0,2,558,160,1232,-631,9,下位,0,257,0
80,80,0,170,436,0,0,0,627,157,-1501,1,下位,0,0,0
537,537,0,213,557,1,0,0,0,0,1,0,下位,0,0,0
93,93,0,65,239,0,0,0,537,557,-282,3,下位,0,0,0
265,265,0,51,183,0,0,0,93,239,-189,1,下位,0,0,0
429,429,0,284,697,0,0,0,265,183,-420,1,下位,0,0,0
101,101,0,51,188,0,0,0,429,697,-393,4,下位,0,0,0
209,209,0,59,216,0,0,0,101,188,-363,1,下位,0,0,0
188,188,0,-6,-23,0,0,0,209,216,-474,1,下位,0,0,0
359,359,0,-6,-23,0,1,188,209,216,-474,1,下位,0,188,0
266,266,0,55,204,0,2,547,209,216,-474,1,下位,0,359,0
238,238,0,-6,-23,0,0,0,813,204,-1587,1,下位,0,0,0
454,454,0,-6,-23,0,1,238,813,204,-1587,1,下位,0,238,0
241,241,0,266,573,0,2,692,813,204,-1587,1,下位,0,454,0
463,463,0,193,473,1,0,0,0,0,1,0,下位,0,0,0
242,242,0,61,228,0,0,0,463,473,-250,3,下位,0,0,0
61,61,0,-6,-23,0,0,0,242,228,-401,1,下位,0,0,0
314,314,0,253,778,0,1,61,242,228,-401,1,下位,0,61,0
214,214,0,216,581,0,0,0,375,778,-234,3,下位,0,0,0
62,62,0,240,717,0,0,0,214,581,12,3,下位,0,0,0
341,341,0,-6,-23,0,0,0,62,717,632,3,下位,0,0,0
260,260,0,260,764,0,1,341,62,717,632,3,下位,0,341,0
336,336,0,-6,-23,0,0,0,601,764,433,3,下位,0,0,0
542,542,0,255,714,0,1,336,601,764,433,3,下位,0,336,0
156,156,0,206,392,0,0,0,878,714,-248,3,下位,0,0,0
153,153,0,-6,-23,0,0,0,156,392,-100,3,下位,0,0,0
87,87,0,-6,-23,0,1,153,156,392,-100,3,下位,0,153,0
237,237,0,35,124,0,2,240,156,392,-100,3,下位,0,87,0
269,269,0,-6,-23,0,0,0,477,124,-768,1,下位,0,0,0
443,443,0,-6,-23,0,1,269,477,124,-768,1,下位,0,269,0
109,109,0,189,434,0,2,712,477,124,-768,1,下位,0,443,0
267,267,0,-6,-23,0,0,0,821,434,-1665,2,下位,0,0,0
249,249,0,-6,-23,0,1,267,821,434,-1665,2,下位,0,267,0
239,239,0,52,186,0,2,516,821,434,-1665,2,下位,0,249,0
460,460,0,998,2220,1,0,0,0,0,1,0,下位,0,0,0
375,375,0,282,562,0,0,0,460,2220,1502,23,下位,0,0,0
291,291,0,88,225,0,0,0,375,562,1478,4,下位,0,0,0
554,554,0,-6,-23,0,0,0,291,225,1248,2,下位,0,0,0
491,491,0,-6,-23,0,1,554,291,225,1248,2,下位,0,554,0
220,220,0,74,279,0,2,1045,291,225,1248,2,下位,0,491,0
258,258,0,-6,-23,1,0,0,0,0,1,0,下位,0,0,0
165,165,0,-6,-23,1,1,258,0,0,1,0,下位,0,258,0
254,254,0,146,428,1,2,423,0,0,1,0,下位,0,165,0
165,165,0,-6,-23,0,0,0,677,428,-676,2,下位,0,0,0
211,211,0,-6,-23,0,1,165,677,428,-676,2,下位,0,165,0
254,254,0,-6,-23,0,2,376,677,428,-676,2,下位,0,211,0
98,98,0,505,1205,0,3,630,677,428,-676,2,下位,0,254,0
546,546,0,-6,-23,0,0,0,728,1205,-679,6,下位,0,0,0
541,541,0,-6,-23,0,1,546,728,1205,-679,6,下位,0,546,0
416,416,0,77,292,0,2,1087,728,1205,-679,6,下位,0,541,0
392,392,0,-6,-23,0,0,0,1503,292,-2783,1,下位,0,0,0
72,72,0,50,186,0,1,392,1503,292,-2783,1,下位,0,392,0
570,570,0,-6,-23,0,0,0,464,186,-3346,1,下位,0,0,0
100,100,0,-6,-23,0,1,570,464,186,-3346,1,下位,0,570,0
62,62,0,62,221,0,2,670,464,186,-3346,1,下位,0,100,0
362,362,0,892,2258,0,0,0,732,221,-4316,1,下位,0,0,0
283,283,0,174,433,0,0,0,362,2258,-2624,11,下位,0,0,0
66,66,0,180,487,0,0,0,283,433,-2634,2,下位,0,0,0
287,287,0,-6,-23,1,0,0,0,0,1,0,下位,0,0,0
318,318,0,40,141,1,1,287,0,0,1,0,下位,0,287,0
94,94,0,-6,-23,0,0,0,605,141,-827,1,下位,0,0,0
330,330,0,-6,-23,0,1,94,605,141,-827,1,下位,0,94,0
322,322,0,329,773,0,2,424,605,141,-827,1,下位,0,330,0
205,205,0,51,173,0,0,0,746,773,-1267,4,下位,0,0,0
368,368,0,43,146,0,0,0,205,173,-1415,1,下位,0,0,0
276,276,0,248,538,0,0,0,368,146,-1844,1,下位,0,0,0
150,150,0,81,292,0,0,0,276,538,-1738,4,下位,0,0,0
228,228,0,208,552,0,0,0,150,292,-1681,1,下位,0,0,0
467,467,0,61,212,0,0,0,228,552,-1486,3,下位,0,0,0
182,182,0,100,347,0,0,0,467,212,-2004,1,下位,0,0,0
110,110,0,-6,-23,0,0,0,182,347,-1942,1,下位,0,0,0
258,258,0,-6,-23,0,1,110,182,347,-1942,1,下位,0,110,0
296,296,0,-6,-23,0,2,368,182,347,-1942,1,下位,0,258,0
274,274,0,72,259,0,3,664,182,347,-1942,1,下位,0,296,0
445,445,0,38,124,1,0,0,0,0,1,0,下位,0,0,0
310,310,0,-6,-23,0,0,0,445,124,-571,1,下位,0,0,0
74,74,0,666,1453,0,1,310,445,124,-571,1,下位,0,310,0
142,142,0,121,341,0,0,0,384,1453,258,9,下位,0,0,0
369,369,0,-6,-23,0,0,0,142,341,377,2,下位,0,0,0
349,349,0,-6,-23,0,1,369,142,341,377,2,下位,0,369,0
174,174,0,42,149,0,2,718,142,341,377,2,下位,0,349,0
437,437,0,-6,-23,0,0,0,892,149,-915,1,下位,0,0,0
391,391,0,463,954,0,1,437,892,149,-915,1,下位,0,437,0
485,485,0,1662,3905,0,0,0,828,954,-1278,6,下位,0,0,0
245,245,0,-6,-23,1,0,0,0,0,1,0,下位,0,0,0
563,563,0,-6,-23,1,1,245,0,0,1,0,下位,0,245,0
237,237,0,-6,-23,1,2,808,0,0,1,0,下位,0,563,0
366,366,0,93,250,1,3,1045,0,0,1,0,下位,0,237,0
348,348,0,118,341,0,0,0,1411,250,-2024,2,下位,0,0,0
107,107,0,37,120,0,0,0,348,341,-2227,2,下位,0,0,0
256,256,0,351,860,0,0,0,107,120,-2275,1,下位,0,0,0
112,112,0,105,254,1,0,0,0,0,1,0,下位,0,0,0
64,64,0,58,203,0,0,0,112,254,80,2,下位,0,0,0
266,266,0,32,105,0,0,0,64,203,183,1,下位,0,0,0
84,84,0,-6,-23,0,0,0,266,105,-128,1,下位,0,0,0
372,372,0,-6,-23,0,1,84,266,105,-128,1,下位,0,84,0
290,290,0,373,877,0,2,456,266,105,-128,1,下位,0,372,0
370,370,0,293,685,0,0,0,746,877,-465,5,下位,0,0,0
82,82,0,-6,-23,0,0,0,370,685,-359,3,下位,0,0,0
173,173,0,55,200,0,1,82,370,685,-359,3,下位,0,82,0
168,168,0,57,207,0,0,0,255,200,-582,1,下位,0,0,0
127,127,0,207,536,0,0,0,168,207,-638,1,下位,0,0,0
175,175,0,27,88,0,0,0,127,536,-302,3,下位,0,0,0
211,211,0,115,319,0,0,0,175,88,-488,1,下位,0,0,0
539,539,0,57,184,0,0,0,211,319,-499,2,下位,0,0,0
208,208,0,63,230,1,0,0,0,0,1,0,下位,0,0,0
211,211,0,-6,-23,0,0,0,208,230,-94,1,下位,0,0,0
85,85,0,674,1625,0,1,211,208,230,-94,1,下位,0,211,0
73,73,0,75,272,0,0,0,296,1625,1045,8,下位,0,0,0
376,376,0,466,891,0,0,0,73,272,1203,1,下位,0,0,0
80,80,0,-6,-23,0,0,0,376,891,1505,7,下位,0,0,0
559,559,0,26,81,0,1,80,376,891,1505,7,下位,0,80,0
475,475,0,-6,-23,0,0,0,639,81,564,1,下位,0,0,0
465,465,0,1116,3101,0,1,475,639,81,564,1,下位,0,475,0
366,366,0,96,364,0,0,0,940,3101,-2,14,上位,0,0,0
116,116,0,-6,-23,0,0,0,366,364,-210,1,下位,0,0,0
64,64,0,-6,-23,0,1,116,366,364,-210,1,下位,0,116,0
157,157,0,120,315,0,2,180,366,364,-210,1,下位,0,64,0
261,261,0,514,1079,0,0,0,337,315,-469,2,下位,0,0,0
139,139,0,-6,-23,0,0,0,261,1079,202,7,下位,0,0,0
61,61,0,46,133,0,1,139,261,1079,202,7,下位,0,139,0
215,215,0,179,507,1,0,0,0,0,1,0,下位,0,0,0
259,259,0,60,217,0,0,0,215,507,173,2,下位,0,0,0
275,275,0,108,299,0,0,0,259,217,-15,1,下位,0,0,0
236,236,0,-6,-23,0,0,0,275,299,-146,2,下位,0,0,0
34,34,0,284,800,0,1,236,275,299,-146,2,下位,0,236,0
210,210,0,-6,-23,0,0,0,270,800,208,4,下位,0,0,0
565,565,0,138,373,0,1,210,270,800,208,4,下位,0,210,0
442,442,0,148,423,0,0,0,775,373,-654,2,下位,0,0,0
435,435,0,404,931,0,0,0,442,423,-922,2,下位,0,0,0
337,337,0,510,1226,0,0,0,435,931,-671,5,下位,0,0,0
310,310,0,1004,2668,0,0,0,337,1226,28,6,下位,0,0,0
302,302,0,-6,-23,1,0,0,0,0,1,0,下位,0,0,0
554,554,0,80,289,1,1,302,0,0,1,0,下位,0,302,0
505,505,0,384,837,0,0,0,856,289,-1071,1,下位,0,0,0
263,263,0,301,656,0,0,0,505,837,-1024,5,下位,0,0,0
181,181,0,100,257,0,0,0,263,656,-779,4,下位,0,0,0
212,212,0,-6,-23,0,0,0,181,257,-805,2,下位,0,0,0
379,379,0,47,144,0,1,212,181,257,-805,2,下位,0,212,0
337,337,0,89,335,0,0,0,591,144,-1610,1,下位,0,0,0
493,493,0,-6,-23,0,0,0,337,335,-1802,1,下位,0,0,0
45,45,0,41,144,0,1,493,337,335,-1802,1,下位,0,493,0
335,335,0,84,199,0,0,0,538,144,-2523,1,下位,0,0,0
147,147,0,-6,-23,0,0,0,335,199,-2848,2,下位,0,0,0
156,156,0,99,242,0,1,147,335,199,-2848,2,下位,0,147,0
96,96,0,211,614,0,0,0,303,242,-3102,2,下位,0,0,0
218,218,0,59,215,0,0,0,96,614,-2638,3,下位,0,0,0
95,95,0,-6,-23,0,0,0,218,215,-2764,1,下位,0,0,0
98,98,0,1796,5284,0,1,95,218,215,-2764,1,下位,0,95,0
118,118,0,46,161,1,0,0,0,0,1,0,下位,0,0,0
426,426,0,72,272,0,0,0,118,161,-23,1,下位,0,0,0
300,300,0,-6,-23,0,0,0,426,272,-417,1,下位,0,0,0
220,220,0,-6,-23,0,1,300,426,272,-417,1,下位,0,300,0
55,55,0,3654,10964,0,2,520,426,272,-417,1,下位,0,220,0
1,1,0,349,1006,0,0,0,575,10964,526,38,上位,0,0,0
451,451,0,-6,-23,0,0,0,1,1006,1530,4,下位,0,0,0
169,169,0,-6,-23,0,1,451,1,1006,1530,4,下位,0,451,0
173,173,0,371,927,0,2,620,1,1006,1530,4,下位,0,169,0
304,304,0,-6,-23,0,0,0,793,927,1170,5,下位,0,0,0
81,81,0,-6,-23,0,1,304,793,927,1170,5,下位,0,304,0
561,561,0,-6,-23,0,2,385,793,927,1170,5,下位,0,81,0
110,110,0,389,903,0,3,946,793,927,1170,5,下位,0,561,0
81,81,0,92,208,0,0,0,1056,903,353,5,下位,0,0,0
382,382,0,34,113,1,0,0,0,0,1,0,下位,0,0,0
289,289,0,458,961,0,0,0,382,113,-483,1,下位,0,0,0
171,171,0,486,1121,0,0,0,289,961,26,6,下位,0,0,0
650,650,0,-6,-23,0,0,0,171,1121,879,7,下位,0,0,0
377,377,0,420,942,0,1,650,171,1121,879,7,下位,0,650,0
92,92,0,-6,-23,0,0,0,1027,942,192,5,下位,0,0,0
360,360,0,-6,-23,0,1,92,1027,942,192,5,下位,0,92,0
335,335,0,42,145,0,2,452,1027,942,192,5,下位,0,360,0
525,525,0,40,121,0,0,0,787,145,-940,1,下位,0,0,0
118,118,0,-6,-23,0,0,0,525,121,-1640,1,下位,0,0,0
543,543,0,42,150,0,1,118,525,121,-1640,1,下位,0,118,0
517,517,0,865,1988,0,0,0,661,150,-2547,1,下位,0,0,0
347,347,0,76,285,1,0,0,0,0,1,0,下位,0,0,0
182,182,0,697,1539,0,0,0,347,285,-257,1,下位,0,0,0
400,400,0,-6,-23,0,0,0,182,1539,997,10,下位,0,0,0
90,90,0,424,848,0,1,400,182,1539,997,10,下位,0,400,0
409,409,0,-6,-23,0,0,0,490,848,1056,6,下位,0,0,0
40,40,0,-6,-23,0,1,409,490,848,1056,6,下位,0,409,0
399,399,0,-6,-23,0,2,449,490,848,1056,6,下位,0,40,0
57,57,0,82,306,0,3,848,490,848,1056,6,下位,0,399,0
263,263,0,-6,-23,0,0,0,905,306,-123,1,下位,0,0,0
46,46,0,-6,-23,0,1,263,905,306,-123,1,下位,0,263,0
101,101,0,73,271,0,2,309,905,306,-123,1,下位,0,46,0
221,221,0,-6,-23,0,0,0,410,271,-539,1,下位,0,0,0
319,319,0,26,81,0,1,221,410,271,-539,1,下位,0,221,0
248,248,0,36,122,0,0,0,540,81,-1326,1,下位,0,0,0
335,335,0,136,405,0,0,0,248,122,-1592,1,下位,0,0,0
355,355,0,-6,-23,0,0,0,335,405,-1711,2,下位,0,0,0
46,46,0,1395,3674,0,1,355,335,405,-1711,2,下位,0,355,0
123,123,0,496,1063,0,0,0,401,3674,1314,16,下位,0,0,0
1,1,0,800,2408,0,0,0,123,1063,2184,7,下位,0,0,0
159,159,0,-6,-23,1,0,0,0,0,1,0,下位,0,0,0
341,341,0,135,406,1,1,159,0,0,1,0,下位,0,159,0
559,559,0,-6,-23,0,0,0,500,406,-398,2,下位,0,0,0
237,237,0,-6,-23,0,1,559,500,406,-398,2,下位,0,559,0
232,232,0,309,782,0,2,796,500,406,-398,2,下位,0,237,0
327,327,0,1155,2619,0,0,0,1028,782,-1270,4,下位,0,0,0
177,177,0,336,740,0,0,0,327,2619,838,15,下位,0,0,0
183,183,0,30,86,0,0,0,177,740,1301,5,下位,0,0,0
355,355,0,280,601,1,0,0,0,0,1,0,下位,0,0,0
628,628,0,353,766,0,0,0,355,601,47,4,下位,0,0,0
438,438,0,56,186,0,0,0,628,766,-169,5,下位,0,0,0
292,292,0,185,551,0,0,0,438,186,-668,1,下位,0,0,0
429,429,0,-6,-23,0,0,0,292,551,-574,2,下位,0,0,0
295,295,0,96,364,0,1,429,292,551,-574,2,下位,0,429,0
491,491,0,61,223,0,0,0,724,364,-1365,1,下位,0,0,0
544,544,0,-6,-23,0,0,0,491,223,-1910,1,下位,0,0,0
276,276,0,243,581,0,1,544,491,223,-1910,1,下位,0,544,0
505,505,0,-6,-23,0,0,0,820,581,-2634,4,下位,0,0,0
320,320,0,115,340,0,1,505,820,581,-2634,4,下位,0,505,0
534,534,0,-6,-23,0,0,0,825,340,-3606,2,下位,0,0,0
107,107,0,389,875,0,1,534,825,340,-3606,2,下位,0,534,0
158,158,0,190,406,1,0,0,0,0,1,0,下位,0,0,0
159,159,0,252,660,0,0,0,158,406,160,3,下位,0,0,0
267,267,0,-6,-23,1,0,0,0,0,1,0,下位,0,0,0
366,366,0,257,569,1,1,267,0,0,1,0,下位,0,267,0
382,382,0,63,231,0,0,0,633,569,-443,4,下位,0,0,0
553,553,0,54,191,0,0,0,382,231,-809,1,下位,0,0,0
330,330,0,470,999,0,0,0,553,191,-1482,1,下位,0,0,0
189,189,0,-6,-23,0,0,0,330,999,-999,6,下位,0,0,0
36,36,0,315,653,0,1,189,330,999,-999,6,下位,0,189,0
476,476,0,40,140,0,0,0,225,653,-722,4,下位,0,0,0
72,72,0,52,181,0,0,0,476,140,-1326,1,下位,0,0,0
206,206,0,187,488,0,0,0,72,181,-1258,1,下位,0,0,0
221,221,0,-6,-23,0,0,0,206,488,-1092,3,下位,0,0,0
399,399,0,-6,-23,0,1,221,206,488,-1092,3,下位,0,221,0
114,114,0,137,378,0,2,620,206,488,-1092,3,下位,0,399,0
374,374,0,155,511,0,0,0,734,378,-1909,2,下位,0,0,0
228,228,0,-6,-23,0,0,0,374,511,-1983,2,下位,0,0,0
65,65,0,133,405,0,1,228,374,511,-1983,2,下位,0,228,0
183,183,0,-6,-23,0,0,0,293,405,-2060,2,下位,0,0,0
337,337,0,299,600,0,1,183,293,405,-2060,2,下位,0,183,0
171,171,0,38,130,1,0,0,0,0,1,0,下位,0,0,0
642,642,0,40,134,0,0,0,171,130,-137,1,下位,0,0,0
356,356,0,-6,-23,0,0,0,642,134,-1007,1,下位,0,0,0
359,359,0,382,954,0,1,356,642,134,-1007,1,下位,0,356,0
174,174,0,-6,-23,1,0,0,0,0,1,0,下位,0,0,0
237,237,0,-6,-23,1,1,174,0,0,1,0,下位,0,174,0
254,254,0,54,195,1,2,411,0,0,1,0,下位,0,237,0
233,233,0,98,211,0,0,0,665,195,-890,1,下位,0,0,0
228,228,0,58,209,0,0,0,233,211,-1044,2,下位,0,0,0
81,81,0,-6,-23,0,0,0,228,209,-1192,1,下位,0,0,0
335,335,0,-6,-23,0,1,81,228,209,-1192,1,下位,0,81,0
326,326,0,104,270,0,2,416,228,209,-1192,1,下位,0,335,0
166,166,0,-6,-23,0,0,0,742,270,-2129,2,下位,0,0,0
97,97,0,52,187,0,1,166,742,270,-2129,2,下位,0,166,0
569,569,0,-6,-23,0,0,0,263,187,-2377,1,下位,0,0,0
470,470,0,39,135,0,1,569,263,187,-2377,1,下位,0,569,0
62,62,0,528,1151,0,0,0,1039,135,-3890,1,下位,0,0,0
181,181,0,-6,-23,0,0,0,62,1151,-2836,7,下位,0,0,0
136,136,0,109,295,0,1,181,62,1151,-2836,7,下位,0,181,0
279,279,0,-6,-23,0,0,0,317,295,-3060,2,下位,0,0,0
151,151,0,-6,-23,0,1,279,317,295,-3060,2,下位,0,279,0
254,254,0,614,1359,0,2,430,317,295,-3060,2,下位,0,151,0
537,537,0,-6,-23,1,0,0,0,0,1,0,下位,0,0,0
271,271,0,24,77,1,1,537,0,0,1,0,下位,0,537,0
198,198,0,192,542,0,0,0,808,77,-1209,1,下位,0,0,0
88,88,0,-6,-23,0,0,0,198,542,-977,2,下位,0,0,0
158,158,0,112,267,0,1,88,198,542,-977,2,下位,0,88,0
97,97,0,74,277,1,0,0,0,0,1,0,下位,0,0,0
161,161,0,34,117,0,0,0,97,277,126,1,下位,0,0,0
83,83,0,635,1498,0,0,0,161,117,-9,1,下位,0,0,0
218,218,0,-6,-23,0,0,0,83,1498,1359,8,下位,0,0,0
465,465,0,162,382,0,1,218,83,1498,1359,8,下位,0,218,0
415,415,0,200,508,0,0,0,683,382,650,3,下位,0,0,0
500,500,0,574,1269,0,0,0,415,508,509,3,下位,0,0,0
117,117,0,56,205,0,0,0,500,1269,996,8,下位,0,0,0
532,532,0,114,289,0,0,0,117,205,1018,1,下位,0,0,0
151,151,0,88,244,0,0,0,532,289,475,2,下位,0,0,0
395,395,0,-6,-23,0,0,0,151,244,483,2,下位,0,0,0
248,248,0,168,507,0,1,395,151,244,483,2,下位,0,395,0
510,510,0,-6,-23,0,0,0,643,507,-39,2,下位,0,0,0
88,88,0,-6,-23,0,1,510,643,507,-39,2,下位,0,510,0
93,93,0,224,620,0,2,598,643,507,-39,2,下位,0,88,0
375,375,0,72,269,0,0,0,691,620,-546,3,下位,0,0,0
228,228,0,168,452,1,0,0,0,0,1,0,下位,0,0,0
304,304,0,146,453,0,0,0,228,452,96,3,下位,0,0,0
79,79,0,948,2370,0,0,0,304,453,74,2,下位,0,0,0
124,124,0,-6,-23,0,0,0,79,2370,-2,12,上位,0,0,0
510,510,0,75,274,0,1,124,79,2370,-2,12,上位,0,124,0
211,211,0,26,84,0,0,0,634,274,-742,1,下位,0,0,0
192,192,0,-6,-23,0,0,0,211,84,-988,1,下位,0,0,0
63,63,0,-6,-23,0,1,192,211,84,-988,1,下位,0,192,0
128,128,0,30,83,0,2,255,211,84,-988,1,下位,0,63,0
582,582,0,46,161,0,0,0,383,83,-1550,1,下位,0,0,0
414,414,0,1064,2614,0,0,0,582,161,-2299,1,下位,0,0,0
250,250,0,-6,-23,1,0,0,0,0,1,0,下位,0,0,0
85,85,0,-6,-23,1,1,250,0,0,1,0,下位,0,250,0
529,529,0,126,400,1,2,335,0,0,1,0,下位,0,85,0
512,512,0,-6,-23,0,0,0,864,400,-996,2,下位,0,0,0
232,232,0,36,118,0,1,512,864,400,-996,2,下位,0,512,0
290,290,0,1056,2345,1,0,0,0,0,1,0,下位,0,0,0
188,188,0,41,131,0,0,0,290,2345,1891,15,下位,0,0,0
161,161,0,948,2857,0,0,0,188,131,1728,1,下位,0,0,0
511,511,0,55,199,0,0,0,161,2857,662,11,上位,0,0,0
93,93,0,524,1786,0,0,0,511,199,62,1,下位,0,0,0
534,534,0,-6,-23,0,0,0,93,1786,357,6,上位,0,0,0
141,141,0,-6,-23,0,1,534,93,1786,357,6,上位,0,534,0
213,213,0,854,1947,0,2,675,93,1786,357,6,上位,0,141,0
350,350,0,59,208,1,0,0,0,0,1,0,下位,0,0,0
421,421,0,1208,2807,0,0,0,350,208,-338,1,下位,0,0,0
554,554,0,-6,-23,0,0,0,421,2807,1811,16,下位,0,0,0
514,514,0,147,410,0,1,554,421,2807,1811,16,下位,0,554,0
337,337,0,-6,-23,1,0,0,0,0,1,0,下位,0,0,0
450,450,0,-6,-23,1,1,337,0,0,1,0,下位,0,337,0
316,316,0,61,223,1,2,787,0,0,1,0,下位,0,450,0
390,390,0,904,2279,0,0,0,1103,223,-1547,1,下位,0,0,0
477,477,0,77,287,1,0,0,0,0,1,0,下位,0,0,0
353,353,0,-6,-23,1,0,0,0,0,1,0,下位,0,0,0
291,291,0,37,128,1,1,353,0,0,1,0,下位,0,353,0
174,174,0,-6,-23,0,0,0,644,128,-901,1,下位,0,0,0
229,229,0,2159,6276,0,1,174,644,128,-901,1,下位,0,174,0
370,370,0,39,134,0,0,0,403,6276,-2,23,上位,0,0,0
460,460,0,-6,-23,1,0,0,0,0,1,0,下位,0,0,0
91,91,0,296,783,1,1,460,0,0,1,0,下位,0,460,0
549,549,0,-6,-23,0,0,0,551,783,-101,4,下位,0,0,0
220,220,0,78,290,0,1,549,551,783,-101,4,下位,0,549,0
174,174,0,66,228,0,0,0,769,290,-1036,1,下位,0,0,0
136,136,0,-6,-23,1,0,0,0,0,1,0,下位,0,0,0
481,481,0,238,592,1,1,136,0,0,1,0,下位,0,136,0
348,348,0,87,188,0,0,0,617,592,-395,4,下位,0,0,0
258,258,0,-6,-23,1,0,0,0,0,1,0,下位,0,0,0
284,284,0,80,291,1,1,258,0,0,1,0,下位,0,258,0
111,111,0,-6,-23,1,0,0,0,0,1,0,下位,0,0,0
311,311,0,95,226,1,1,111,0,0,1,0,下位,0,111,0
134,134,0,60,207,0,0,0,422,226,-456,2,下位,0,0,0
147,147,0,-6,-23,0,0,0,134,207,-459,1,下位,0,0,0
628,628,0,138,384,0,1,147,134,207,-459,1,下位,0,147,0
558,558,0,-6,-23,0,0,0,775,384,-1310,2,下位,0,0,0
128,128,0,-6,-23,0,1,558,775,384,-1310,2,下位,0,558,0
121,121,0,642,1281,0,2,686,775,384,-1310,2,下位,0,128,0
444,444,0,97,245,0,0,0,807,1281,-1337,9,下位,0,0,0
153,153,0,-6,-23,1,0,0,0,0,1,0,下位,0,0,0
110,110,0,-6,-23,1,1,153,0,0,1,0,下位,0,153,0
329,329,0,36,124,1,2,263,0,0,1,0,下位,0,110,0
145,145,0,877,2576,1,0,0,0,0,1,0,下位,0,0,0
157,157,0,-6,-23,0,0,0,145,2576,-2,10,上位,0,0,0
648,648,0,58,211,0,1,157,145,2576,-2,10,上位,0,157,0
130,130,0,-6,-23,0,0,0,805,211,-1073,1,下位,0,0,0
587,587,0,44,156,0,1,130,805,211,-1073,1,下位,0,130,0
516,516,0,264,644,0,0,0,717,156,-2062,1,下位,0,0,0
281,281,0,-6,-23,0,0,0,516,644,-2225,4,下位,0,0,0
145,145,0,-6,-23,0,1,281,516,644,-2225,4,下位,0,281,0
181,181,0,40,140,0,2,426,516,644,-2225,4,下位,0,145,0
83,83,0,-6,-23,0,0,0,607,140,-3081,1,下位,0,0,0
550,550,0,451,1021,0,1,83,607,140,-3081,1,下位,0,83,0
193,193,0,-6,-23,0,0,0,633,1021,-3073,6,下位,0,0,0
78,78,0,-6,-23,0,1,193,633,1021,-3073,6,下位,0,193,0
403,403,0,34,107,0,2,271,633,1021,-3073,6,下位,0,78,0
334,334,0,-6,-23,1,0,0,0,0,1,0,下位,0,0,0
273,273,0,409,878,1,1,334,0,0,1,0,下位,0,334,0
180,180,0,58,212,1,0,0,0,0,1,0,下位,0,0,0
632,632,0,172,405,0,0,0,180,212,-69,1,下位,0,0,0
148,148,0,-6,-23,0,0,0,632,405,-653,3,下位,0,0,0
168,168,0,493,1192,0,1,148,632,405,-653,3,下位,0,148,0
461,461,0,-6,-23,0,0,0,316,1192,21,6,下位,0,0,0
161,161,0,404,1063,0,1,461,316,1192,21,6,下位,0,461,0
246,246,0,685,1452,0,0,0,622,1063,87,5,下位,0,0,0
208,208,0,344,828,1,0,0,0,0,1,0,下位,0,0,0
75,75,0,90,189,0,0,0,208,828,504,5,下位,0,0,0
385,385,0,422,1007,0,0,0,75,189,575,2,下位,0,0,0
220,220,0,-6,-23,1,0,0,0,0,1,0,下位,0,0,0
398,398,0,79,290,1,1,220,0,0,1,0,下位,0,220,0
373,373,0,-6,-23,0,0,0,618,290,-698,1,下位,0,0,0
79,79,0,176,410,0,1,373,618,290,-698,1,下位,0,373,0
183,183,0,-6,-23,0,0,0,452,410,-1018,2,下位,0,0,0
290,290,0,-6,-23,0,1,183,452,410,-1018,2,下位,0,183,0
77,77,0,-6,-23,0,2,473,452,410,-1018,2,下位,0,290,0
122,122,0,61,217,0,3,550,452,410,-1018,2,下位,0,77,0
298,298,0,-6,-23,0,0,0,672,217,-1922,1,下位,0,0,0
395,395,0,169,353,0,1,298,672,217,-1922,1,下位,0,298,0
591,591,0,-6,-23,1,0,0,0,0,1,0,下位,0,0,0
414,414,0,54,195,1,1,591,0,0,1,0,下位,0,591,0
484,484,0,244,412,1,0,0,0,0,1,0,下位,0,0,0
331,331,0,-6,-23,0,0,0,484,412,-344,4,下位,0,0,0
99,99,0,436,967,0,1,331,484,412,-344,4,下位,0,331,0
64,64,0,-6,-23,0,0,0,430,967,-73,6,下位,0,0,0
307,307,0,190,471,0,1,64,430,967,-73,6,下位,0,64,0
120,120,0,97,366,0,0,0,371,471,-205,3,下位,0,0,0
514,514,0,489,1017,0,0,0,120,366,-27,1,下位,0,0,0
454,454,0,118,339,1,0,0,0,0,1,0,下位,0,0,0
322,322,0,144,416,0,0,0,454,339,-370,2,下位,0,0,0
425,425,0,129,364,0,0,0,322,416,-458,2,下位,0,0,0
203,203,0,-6,-23,1,0,0,0,0,1,0,下位,0,0,0
361,361,0,248,579,1,1,203,0,0,1,0,下位,0,203,0
117,117,0,58,199,0,0,0,564,579,-326,4,下位,0,0,0
396,396,0,-6,-23,0,0,0,117,199,-310,1,下位,0,0,0
582,582,0,-6,-23,0,1,396,117,199,-310,1,下位,0,396,0
113,113,0,-6,-23,0,2,978,117,199,-310,1,下位,0,582,0
185,185,0,599,1396,0,3,1091,117,199,-310,1,下位,0,113,0
390,390,0,-6,-23,1,0,0,0,0,1,0,下位,0,0,0
81,81,0,-6,-23,1,1,390,0,0,1,0,下位,0,390,0
47,47,0,635,1547,1,2,471,0,0,1,0,下位,0,81,0
68,68,0,-6,-23,1,0,0,0,0,1,0,下位,0,0,0
586,586,0,658,1527,1,1,68,0,0,1,0,下位,0,68,0
516,516,0,201,586,0,0,0,654,1527,483,8,下位,0,0,0
277,277,0,-6,-23,0,0,0,516,586,262,2,下位,0,0,0
471,471,0,-6,-23,0,1,277,516,586,262,2,下位,0,277,0
180,180,0,167,367,0,2,748,516,586,262,2,下位,0,471,0
63,63,0,-6,-23,0,0,0,928,367,-868,3,下位,0,0,0
212,212,0,-6,-23,0,1,63,928,367,-868,3,下位,0,63,0
125,125,0,368,888,0,2,275,928,367,-868,3,下位,0,212,0
157,157,0,114,320,1,0,0,0,0,1,0,下位,0,0,0
76,76,0,180,415,0,0,0,157,320,75,2,下位,0,0,0
430,430,0,271,543,0,0,0,76,415,371,3,下位,0,0,0
322,322,0,352,838,0,0,0,430,543,242,4,下位,0,0,0
238,238,0,-6,-23,0,0,0,322,838,576,5,下位,0,0,0
185,185,0,-6,-23,0,1,238,322,838,576,5,下位,0,238,0
182,182,0,-6,-23,0,2,423,322,838,576,5,下位,0,185,0
274,274,0,67,248,0,3,605,322,838,576,5,下位,0,182,0
524,524,0,436,941,0,0,0,879,248,-621,1,下位,0,0,0
391,391,0,-6,-23,0,0,0,524,941,-499,6,下位,0,0,0
177,177,0,122,317,0,1,391,524,941,-499,6,下位,0,391,0
214,214,0,46,161,1,0,0,0,0,1,0,下位,0,0,0
102,102,0,59,192,0,0,0,214,161,-173,1,下位,0,0,0
371,371,0,-6,-23,0,0,0,102,192,-140,1,下位,0,0,0
339,339,0,-6,-23,0,1,371,102,192,-140,1,下位,0,371,0
202,202,0,41,133,0,2,710,102,192,-140,1,下位,0,339,0
367,367,0,-6,-23,0,0,0,912,133,-1479,1,下位,0,0,0
150,150,0,43,152,0,1,367,912,133,-1479,1,下位,0,367,0
386,386,0,-6,-23,0,0,0,517,152,-2159,1,下位,0,0,0
41,41,0,-6,-23,0,1,386,517,152,-2159,1,下位,0,386,0
494,494,0,57,208,0,2,427,517,152,-2159,1,下位,0,41,0
156,156,0,-6,-23,0,0,0,921,208,-3438,1,下位,0,0,0
128,128,0,-6,-23,0,1,156,921,208,-3438,1,下位,0,156,0
413,413,0,401,929,0,2,284,921,208,-3438,1,下位,0,128,0
99,99,0,-6,-23,0,0,0,697,929,-3645,5,下位,0,0,0
115,115,0,-6,-23,0,1,99,697,929,-3645,5,下位,0,99,0
251,251,0,-6,-23,0,2,214,697,929,-3645,5,下位,0,115,0
90,90,0,124,316,0,3,465,697,929,-3645,5,下位,0,251,0
290,290,0,-6,-23,0,0,0,555,316,-4267,2,下位,0,0,0
145,145,0,-6,-23,0,1,290,555,316,-4267,2,下位,0,290,0
112,112,0,453,1004,0,2,435,555,316,-4267,2,下位,0,145,0
238,238,0,-6,-23,0,0,0,547,1004,-4166,7,下位,0,0,0
578,578,0,57,207,0,1,238,547,1004,-4166,7,下位,0,238,0
118,118,0,206,561,1,0,0,0,0,1,0,下位,0,0,0
347,347,0,112,316,0,0,0,118,561,377,3,下位,0,0,0
468,468,0,57,202,0,0,0,347,316,150,2,下位,0,0,0
163,163,0,40,141,0,0,0,468,202,-380,1,下位,0,0,0
135,135,0,96,212,0,0,0,163,141,-494,1,下位,0,0,0
212,212,0,-6,-23,0,0,0,135,212,-493,2,下位,0,0,0
137,137,0,252,578,0,1,212,135,212,-493,2,下位,0,212,0
417,417,0,-6,-23,0,0,0,349,578,-485,3,下位,0,0,0
257,257,0,-6,-23,0,1,417,349,578,-485,3,下位,0,417,0
587,587,0,43,130,0,2,674,349,578,-485,3,下位,0,257,0
224,224,0,562,1177,0,0,0,1261,130,-2374,1,下位,0,0,0
160,160,0,140,379,1,0,0,0,0,1,0,下位,0,0,0
157,157,0,-6,-23,0,0,0,160,379,130,2,下位,0,0,0
236,236,0,144,412,0,1,157,160,379,130,2,下位,0,157,0
347,347,0,35,112,0,0,0,393,412,-96,2,下位,0,0,0
182,182,0,-6,-23,0,0,0,347,112,-527,1,下位,0,0,0
69,69,0,-6,-23,0,1,182,347,112,-527,1,下位,0,182,0
579,579,0,78,290,0,2,251,347,112,-527,1,下位,0,69,0
524,524,0,-6,-23,0,0,0,830,290,-1581,1,下位,0,0,0
375,375,0,-6,-23,0,1,524,830,290,-1581,1,下位,0,524,0
138,138,0,-6,-23,0,2,899,830,290,-1581,1,下位,0,375,0
467,467,0,38,125,0,3,1037,830,290,-1581,1,下位,0,138,0
169,169,0,-6,-23,0,0,0,1504,125,-3876,1,下位,0,0,0
503,503,0,145,436,0,1,169,1504,125,-3876,1,下位,0,169,0
186,186,0,28,85,1,0,0,0,0,1,0,下位,0,0,0
219,219,0,64,237,0,0,0,186,85,-205,1,下位,0,0,0
502,502,0,-6,-23,0,0,0,219,237,-311,1,下位,0,0,0
65,65,0,-6,-23,0,1,502,219,237,-311,1,下位,0,502,0
258,258,0,-6,-23,0,2,567,219,237,-311,1,下位,0,65,0
360,360,0,166,519,0,3,825,219,237,-311,1,下位,0,258,0
309,309,0,67,229,0,0,0,1185,519,-1715,2,下位,0,0,0
143,143,0,-6,-23,0,0,0,309,229,-1969,1,下位,0,0,0
141,141,0,82,261,0,1,143,309,229,-1969,1,下位,0,143,0
464,464,0,-6,-23,0,0,0,284,261,-2176,1,下位,0,0,0
481,481,0,-6,-23,0,1,464,284,261,-2176,1,下位,0,464,0
283,283,0,-6,-23,0,2,945,284,261,-2176,1,下位,0,481,0
259,259,0,179,427,0,3,1228,284,261,-2176,1,下位,0,283,0
67,67,0,-6,-23,1,0,0,0,0,1,0,下位,0,0,0
560,560,0,41,131,1,1,67,0,0,1,0,下位,0,67,0
385,385,0,1348,4116,0,0,0,627,131,-871,1,下位,0,0,0
445,445,0,1295,3444,0,0,0,385,4116,298,13,上位,0,0,0
351,351,0,249,626,0,0,0,445,3444,354,17,上位,0,0,0
140,140,0,56,202,0,0,0,351,626,431,4,下位,0,0,0
286,286,0,158,460,0,0,0,140,202,414,1,下位,0,0,0
171,171,0,324,937,0,0,0,286,460,427,2,下位,0,0,0
628,628,0,222,592,0,0,0,171,937,1096,4,下位,0,0,0
139,139,0,-6,-23,1,0,0,0,0,1,0,下位,0,0,0
123,123,0,58,205,1,1,139,0,0,1,0,下位,0,139,0
119,119,0,54,196,0,0,0,262,205,-228,1,下位,0,0,0
148,148,0,-6,-23,1,0,0,0,0,1,0,下位,0,0,0
361,361,0,-6,-23,1,1,148,0,0,1,0,下位,0,148,0
438,438,0,126,326,1,2,509,0,0,1,0,下位,0,361,0
248,248,0,-6,-23,0,0,0,947,326,-1201,2,下位,0,0,0
187,187,0,-6,-23,0,1,248,947,326,-1201,2,下位,0,248,0
112,112,0,95,348,0,2,435,947,326,-1201,2,下位,0,187,0
115,115,0,773,1764,0,0,0,547,348,-1755,1,下位,0,0,0
485,485,0,-6,-23,0,0,0,115,1764,-170,9,下位,0,0,0
330,330,0,74,270,0,1,485,115,1764,-170,9,下位,0,485,0
402,402,0,-6,-23,0,0,0,815,270,-1197,1,下位,0,0,0
172,172,0,260,636,0,1,402,815,270,-1197,1,下位,0,402,0
267,267,0,-6,-23,0,0,0,574,636,-1482,4,下位,0,0,0
243,243,0,43,141,0,1,267,574,636,-1482,4,下位,0,267,0
349,349,0,58,206,1,0,0,0,0,1,0,下位,0,0,0
64,64,0,-6,-23,0,0,0,349,206,-339,1,下位,0,0,0
168,168,0,301,750,0,1,64,349,206,-339,1,下位,0,64,0
142,142,0,74,273,0,0,0,232,750,25,4,下位,0,0,0
319,319,0,160,504,1,0,0,0,0,1,0,下位,0,0,0
132,132,0,-6,-23,0,0,0,319,504,6,2,下位,0,0,0
443,443,0,122,347,0,1,132,319,504,6,2,下位,0,132,0
296,296,0,63,219,0,0,0,575,347,-570,2,下位,0,0,0
144,144,0,37,126,0,0,0,296,219,-814,1,下位,0,0,0
70,70,0,48,142,0,0,0,144,126,-913,1,下位,0,0,0
383,383,0,64,233,0,0,0,70,142,-881,1,下位,0,0,0
441,441,0,-6,-23,0,0,0,383,233,-1247,1,下位,0,0,0
166,166,0,200,499,0,1,441,383,233,-1247,1,下位,0,441,0
172,172,0,48,173,0,0,0,607,499,-1721,3,下位,0,0,0
454,454,0,-6,-23,0,0,0,172,173,-1817,1,下位,0,0,0
173,173,0,-6,-23,0,1,454,172,173,-1817,1,下位,0,454,0
259,259,0,196,544,0,2,627,172,173,-1817,1,下位,0,173,0
371,371,0,-6,-23,0,0,0,886,544,-2705,3,下位,0,0,0
145,145,0,-6,-23,0,1,371,886,544,-2705,3,下位,0,371,0
498,498,0,96,350,0,2,516,886,544,-2705,3,下位,0,145,0
447,447,0,376,742,1,0,0,0,0,1,0,下位,0,0,0
87,87,0,342,718,0,0,0,447,742,44,6,下位,0,0,0
319,319,0,368,732,0,0,0,87,718,626,5,下位,0,0,0
464,464,0,-6,-23,0,0,0,319,732,859,5,下位,0,0,0
548,548,0,-6,-23,0,1,464,319,732,859,5,下位,0,464,0
398,398,0,545,1213,0,2,1012,319,732,859,5,下位,0,548,0
173,173,0,58,213,0,0,0,1410,1213,-179,8,下位,0,0,0
109,109,0,34,113,1,0,0,0,0,1,0,下位,0,0,0
263,263,0,149,423,0,0,0,109,113,-57,1,下位,0,0,0
214,214,0,206,524,0,0,0,263,423,-45,2,下位,0,0,0
551,551,0,-6,-23,0,0,0,214,524,144,3,下位,0,0,0
413,413,0,-6,-23,0,1,551,214,524,144,3,下位,0,551,0
111,111,0,46,164,0,2,964,214,524,144,3,下位,0,413,0
410,410,0,-6,-23,0,0,0,1075,164,-1419,1,下位,0,0,0
422,422,0,54,179,0,1,410,1075,164,-1419,1,下位,0,410,0
375,375,0,611,1222,0,0,0,832,179,-2564,1,下位,0,0,0
467,467,0,-6,-23,0,0,0,375,1222,-1928,9,下位,0,0,0
42,42,0,135,295,0,1,467,375,1222,-1928,9,下位,0,467,0
180,180,0,-6,-23,0,0,0,509,295,-2452,3,下位,0,0,0
123,123,0,-6,-23,0,1,180,509,295,-2452,3,下位,0,180,0
667,667,0,-6,-23,0,2,303,509,295,-2452,3,下位,0,123,0
250,250,0,56,205,0,3,970,509,295,-2452,3,下位,0,667,0
587,587,0,-6,-23,1,0,0,0,0,1,0,下位,0,0,0
446,446,0,102,265,1,1,587,0,0,1,0,下位,0,587,0
223,223,0,32,108,0,0,0,1033,265,-1372,2,下位,0,0,0
456,456,0,338,566,0,0,0,223,108,-1613,1,下位,0,0,0
195,195,0,155,372,1,0,0,0,0,1,0,下位,0,0,0
467,467,0,-6,-23,0,0,0,195,372,68,3,下位,0,0,0
389,389,0,517,1119,0,1,467,195,372,68,3,下位,0,467,0
77,77,0,-6,-23,0,0,0,856,1119,-174,7,下位,0,0,0
254,254,0,132,390,0,1,77,856,1119,-174,7,下位,0,77,0
296,296,0,-6,-23,0,0,0,331,390,-325,2,下位,0,0,0
483,483,0,1914,4989,0,1,296,331,390,-325,2,下位,0,296,0
182,182,0,-6,-23,1,0,0,0,0,1,0,下位,0,0,0
353,353,0,36,122,1,1,182,0,0,1,0,下位,0,182,0
242,242,0,-6,-23,0,0,0,535,122,-737,1,下位,0,0,0
88,88,0,340,929,0,1,242,535,122,-737,1,下位,0,242,0
63,63,0,53,190,0,0,0,330,929,-348,5,下位,0,0,0
299,299,0,29,95,0,0,0,63,190,-257,1,下位,0,0,0
213,213,0,500,1207,0,0,0,299,95,-630,1,下位,0,0,0
148,148,0,-6,-23,0,0,0,213,1207,244,6,下位,0,0,0
321,321,0,-6,-23,0,1,148,213,1207,244,6,下位,0,148,0
174,174,0,-6,-23,0,2,469,213,1207,244,6,下位,0,321,0
517,517,0,125,329,0,3,643,213,1207,244,6,下位,0,174,0
157,157,0,499,1234,0,0,0,1160,329,-1310,2,下位,0,0,0
402,402,0,538,1048,0,0,0,157,1234,-322,6,下位,0,0,0
323,323,0,-6,-23,1,0,0,0,0,1,0,下位,0,0,0
286,286,0,-6,-23,1,1,323,0,0,1,0,下位,0,323,0
179,179,0,230,485,1,2,609,0,0,1,0,下位,0,286,0
191,191,0,356,878,0,0,0,788,485,-792,4,下位,0,0,0
250,250,0,76,281,0,0,0,191,878,-213,4,下位,0,0,0
439,439,0,56,204,0,0,0,250,281,-323,1,下位,0,0,0
134,134,0,440,1108,0,0,0,439,204,-805,1,下位,0,0,0
64,64,0,306,848,0,0,0,134,1108,94,6,下位,0,0,0
342,342,0,288,680,0,0,0,64,848,842,4,下位,0,0,0
114,114,0,-6,-23,0,0,0,342,680,987,5,下位,0,0,0
57,57,0,-6,-23,0,1,114,342,680,987,5,下位,0,114,0
397,397,0,36,122,0,2,171,342,680,987,5,下位,0,57,0
471,471,0,-6,-23,0,0,0,568,122,173,1,下位,0,0,0
242,242,0,2248,6219,0,1,471,568,122,173,1,下位,0,471,0
484,484,0,-6,-23,1,0,0,0,0,1,0,下位,0,0,0
176,176,0,-6,-23,1,1,484,0,0,1,0,下位,0,484,0
46,46,0,-6,-23,1,2,660,0,0,1,0,下位,0,176,0
598,598,0,2562,6842,1,3,706,0,0,1,0,下位,0,46,0
157,157,0,100,371,0,0,0,1304,6842,-2,30,上位,0,0,0
278,278,0,-6,-23,0,0,0,157,371,123,1,下位,0,0,0
423,423,0,716,1613,0,1,278,157,371,123,1,下位,0,278,0
427,427,0,69,254,0,0,0,701,1613,617,9,下位,0,0,0
521,521,0,37,115,0,0,0,427,254,203,1,下位,0,0,0
284,284,0,-6,-23,1,0,0,0,0,1,0,下位,0,0,0
260,260,0,58,211,1,1,284,0,0,1,0,下位,0,284,0
236,236,0,344,780,0,0,0,544,211,-662,1,下位,0,0,0
463,463,0,-6,-23,0,0,0,236,780,-251,4,下位,0,0,0
256,256,0,-6,-23,0,1,463,236,780,-251,4,下位,0,463,0
460,460,0,-6,-23,0,2,719,236,780,-251,4,下位,0,256,0
234,234,0,146,395,0,3,1179,236,780,-251,4,下位,0,460,0
269,269,0,919,2018,0,0,0,1413,395,-2134,2,下位,0,0,0
189,189,0,-6,-23,0,0,0,269,2018,-538,13,下位,0,0,0
207,207,0,-6,-23,0,1,189,269,2018,-538,13,下位,0,189,0
521,521,0,104,393,0,2,396,269,2018,-538,13,下位,0,207,0
277,277,0,-6,-23,0,0,0,917,393,-1626,1,下位,0,0,0
380,380,0,460,906,0,1,277,917,393,-1626,1,下位,0,277,0
170,170,0,516,1139,1,0,0,0,0,1,0,下位,0,0,0
375,375,0,-6,-23,0,0,0,170,1139,874,7,下位,0,0,0
183,183,0,98,196,0,1,375,170,1139,874,7,下位,0,375,0
110,110,0,-6,-23,0,0,0,558,196,175,2,下位,0,0,0
40,40,0,387,959,0,1,110,558,196,175,2,下位,0,110,0
214,214,0,1391,3606,0,0,0,150,959,876,4,下位,0,0,0
307,307,0,-6,-23,0,0,0,214,3606,566,18,上位,0,0,0
78,78,0,-6,-23,0,1,307,214,3606,566,18,上位,0,307,0
154,154,0,-6,-23,0,2,385,214,3606,566,18,上位,0,78,0
244,244,0,122,341,0,3,539,214,3606,566,18,上位,0,154,0
549,549,0,-6,-23,0,0,0,783,341,-387,2,下位,0,0,0
208,208,0,218,559,0,1,549,783,341,-387,2,下位,0,549,0
63,63,0,-6,-23,0,0,0,757,559,-1034,3,下位,0,0,0
490,490,0,-6,-23,0,1,63,757,559,-1034,3,下位,0,63,0
484,484,0,223,412,0,2,553,757,559,-1034,3,下位,0,490,0
333,333,0,-6,-23,0,0,0,1037,412,-2290,3,下位,0,0,0
153,153,0,34,117,0,1,333,1037,412,-2290,3,下位,0,333,0
376,376,0,114,302,1,0,0,0,0,1,0,下位,0,0,0
163,163,0,-6,-23,0,0,0,376,302,-284,2,下位,0,0,0
158,158,0,-6,-23,0,1,163,376,302,-284,2,下位,0,163,0
575,575,0,64,229,0,2,321,376,302,-284,2,下位,0,158,0
371,371,0,-6,-23,0,0,0,896,229,-1502,1,下位,0,0,0
380,380,0,-6,-23,0,1,371,896,229,-1502,1,下位,0,371,0
335,335,0,-6,-23,0,2,751,896,229,-1502,1,下位,0,380,0
323,323,0,127,342,0,3,1086,896,229,-1502,1,下位,0,335,0
366,366,0,-6,-23,1,0,0,0,0,1,0,下位,0,0,0
329,329,0,56,205,1,1,366,0,0,1,0,下位,0,366,0
474,474,0,863,1828,0,0,0,695,205,-904,1,下位,0,0,0
220,220,0,201,383,0,0,0,474,1828,182,11,下位,0,0,0
183,183,0,29,88,0,0,0,220,383,221,3,下位,0,0,0
210,210,0,-6,-23,0,0,0,183,88,23,1,下位,0,0,0
407,407,0,56,185,0,1,210,183,88,23,1,下位,0,210,0
241,241,0,50,180,0,0,0,617,185,-780,1,下位,0,0,0
499,499,0,-6,-23,0,0,0,241,180,-977,1,下位,0,0,0
604,604,0,42,149,0,1,499,241,180,-977,1,下位,0,499,0
382,382,0,60,206,0,0,0,1103,149,-2575,1,下位,0,0,0
65,65,0,-6,-23,0,0,0,382,206,-2966,1,下位,0,0,0
442,442,0,-6,-23,0,1,65,382,206,-2966,1,下位,0,65,0
304,304,0,-6,-23,0,2,507,382,206,-2966,1,下位,0,442,0
315,315,0,292,634,0,3,811,382,206,-2966,1,下位,0,304,0
283,283,0,336,790,0,0,0,1126,634,-4162,4,下位,0,0,0
487,487,0,106,317,1,0,0,0,0,1,0,下位,0,0,0
183,183,0,72,265,0,0,0,487,317,-443,2,下位,0,0,0
136,136,0,40,137,0,0,0,183,265,-464,1,下位,0,0,0
201,201,0,64,226,0,0,0,136,137,-540,1,下位,0,0,0
333,333,0,-6,-23,0,0,0,201,226,-629,1,下位,0,0,0
350,350,0,238,545,0,1,333,201,226,-629,1,下位,0,333,0
349,349,0,-6,-23,0,0,0,683,545,-1175,3,下位,0,0,0
174,174,0,162,329,0,1,349,683,545,-1175,3,下位,0,349,0
157,157,0,215,602,1,0,0,0,0,1,0,下位,0,0,0
438,438,0,-6,-23,0,0,0,157,602,358,3,下位,0,0,0
215,215,0,-6,-23,0,1,438,157,602,358,3,下位,0,438,0
470,470,0,652,1470,0,2,653,157,602,358,3,下位,0,215,0
193,193,0,212,546,0,0,0,1123,1470,26,9,下位,0,0,0
543,543,0,61,223,0,0,0,193,546,270,3,下位,0,0,0
345,345,0,-6,-23,0,0,0,543,223,-356,1,下位,0,0,0
40,40,0,-6,-23,0,1,345,543,223,-356,1,下位,0,345,0
140,140,0,57,206,0,2,385,543,223,-356,1,下位,0,40,0
169,169,0,-6,-23,0,0,0,525,206,-1017,1,下位,0,0,0
357,357,0,259,651,0,1,169,525,206,-1017,1,下位,0,169,0
349,349,0,134,408,0,0,0,526,651,-1211,4,下位,0,0,0
68,68,0,1300,3114,0,0,0,349,408,-1349,2,下位,0,0,0
188,188,0,-6,-23,0,0,0,68,3114,1658,17,下位,0,0,0
93,93,0,-6,-23,0,1,188,68,3114,1658,17,下位,0,188,0
406,406,0,-6,-23,0,2,281,68,3114,1658,17,下位,0,93,0
368,368,0,48,161,0,3,687,68,3114,1658,17,下位,0,406,0
255,255,0,-6,-23,0,0,0,1055,161,100,1,下位,0,0,0
478,478,0,-6,-23,0,1,255,1055,161,100,1,下位,0,255,0
248,248,0,46,161,0,2,733,1055,161,100,1,下位,0,478,0
185,185,0,46,155,0,0,0,981,161,-1319,1,下位,0,0,0
491,491,0,-6,-23,1,0,0,0,0,1,0,下位,0,0,0
250,250,0,-6,-23,1,1,491,0,0,1,0,下位,0,491,0
358,358,0,39,135,1,2,741,0,0,1,0,下位,0,250,0
449,449,0,-6,-23,0,0,0,1099,135,-1629,1,下位,0,0,0
220,220,0,-6,-23,0,1,449,1099,135,-1629,1,下位,0,449,0
224,224,0,-6,-23,0,2,669,1099,135,-1629,1,下位,0,220,0
473,473,0,349,693,0,3,893,1099,135,-1629,1,下位,0,224,0
553,553,0,58,213,0,0,0,1366,693,-3140,5,下位,0,0,0
315,315,0,26,79,0,0,0,553,213,-3792,1,下位,0,0,0
409,409,0,-6,-23,0,0,0,315,79,-4206,1,下位,0,0,0
456,456,0,62,198,0,1,409,315,79,-4206,1,下位,0,409,0
116,116,0,-6,-23,0,0,0,865,198,-5383,1,下位,0,0,0
199,199,0,38,119,0,1,116,865,198,-5383,1,下位,0,116,0
269,269,0,87,321,1,0,0,0,0,1,0,下位,0,0,0
320,320,0,-6,-23,0,0,0,269,321,-99,1,下位,0,0,0
433,433,0,-6,-23,0,1,320,269,321,-99,1,下位,0,320,0
77,77,0,46,162,0,2,753,269,321,-99,1,下位,0,433,0
64,64,0,-6,-23,0,0,0,830,162,-1281,1,下位,0,0,0
61,61,0,-6,-23,0,1,64,830,162,-1281,1,下位,0,64,0
113,113,0,258,676,0,2,125,830,162,-1281,1,下位,0,61,0
34,34,0,1132,3463,0,0,0,238,676,-1024,3,下位,0,0,0
215,215,0,-6,-23,0,0,0,34,3463,-2,12,上位,0,0,0
180,180,0,-6,-23,0,1,215,34,3463,-2,12,上位,0,215,0
396,396,0,38,133,0,2,395,34,3463,-2,12,上位,0,180,0
61,61,0,127,314,0,0,0,791,133,-1152,1,下位,0,0,0
434,434,0,-6,-23,0,0,0,61,314,-934,2,下位,0,0,0
551,551,0,81,285,0,1,434,61,314,-934,2,下位,0,434,0
227,227,0,196,433,0,0,0,985,285,-2212,1,下位,0,0,0
99,99,0,-6,-23,1,0,0,0,0,1,0,下位,0,0,0
248,248,0,41,142,1,1,99,0,0,1,0,下位,0,99,0
397,397,0,-6,-23,0,0,0,347,142,-423,1,下位,0,0,0
401,401,0,43,151,0,1,397,347,142,-423,1,下位,0,397,0
431,431,0,42,138,0,0,0,798,151,-1543,1,下位,0,0,0
62,62,0,1803,5063,0,0,0,431,138,-2079,1,下位,0,0,0
531,531,0,47,166,0,0,0,62,5063,278,20,上位,0,0,0
455,455,0,57,208,0,0,0,531,166,-386,1,下位,0,0,0
380,380,0,-6,-23,0,0,0,455,208,-889,1,下位,0,0,0
334,334,0,-6,-23,0,1,380,455,208,-889,1,下位,0,380,0
256,256,0,110,261,0,2,714,455,208,-889,1,下位,0,334,0
97,97,0,135,393,0,0,0,970,261,-2190,2,下位,0,0,0
356,356,0,54,196,1,0,0,0,0,1,0,下位,0,0,0
453,453,0,-6,-23,0,0,0,356,196,-360,1,下位,0,0,0
190,190,0,356,890,0,1,453,356,196,-360,1,下位,0,453,0
363,363,0,249,584,0,0,0,643,890,-498,5,下位,0,0,0
326,326,0,-6,-23,0,0,0,363,584,-482,4,下位,0,0,0
554,554,0,-6,-23,0,1,326,363,584,-482,4,下位,0,326,0
306,306,0,-6,-23,0,2,880,363,584,-482,4,下位,0,554,0
101,101,0,352,872,0,3,1186,363,584,-482,4,下位,0,306,0
637,637,0,-6,-23,0,0,0,1287,872,-1692,5,下位,0,0,0
512,512,0,252,748,0,1,637,1287,872,-1692,5,下位,0,637,0
157,157,0,1397,3833,0,0,0,1149,748,-2763,3,下位,0,0,0
146,146,0,42,131,0,0,0,157,3833,824,14,下位,0,0,0
101,101,0,236,670,0,0,0,146,131,726,1,下位,0,0,0
190,190,0,55,198,1,0,0,0,0,1,0,下位,0,0,0
193,193,0,41,143,0,0,0,190,198,-98,1,下位,0,0,0
383,383,0,-6,-23,0,0,0,193,143,-257,1,下位,0,0,0
289,289,0,523,1285,0,1,383,193,143,-257,1,下位,0,383,0
228,228,0,172,389,0,0,0,672,1285,-46,6,下位,0,0,0
195,195,0,58,199,0,0,0,228,389,-14,3,下位,0,0,0
528,528,0,76,283,0,0,0,195,199,-120,1,下位,0,0,0
194,194,0,777,1741,0,0,0,528,283,-662,1,下位,0,0,0
190,190,0,146,369,1,0,0,0,0,1,0,下位,0,0,0
87,87,0,39,130,0,0,0,190,369,73,3,下位,0,0,0
182,182,0,-6,-23,0,0,0,87,130,67,1,下位,0,0,0
345,345,0,488,1156,0,1,182,87,130,67,1,下位,0,182,0
425,425,0,-6,-23,0,0,0,527,1156,374,6,下位,0,0,0
347,347,0,37,127,0,1,425,527,1156,374,6,下位,0,425,0
329,329,0,-6,-23,0,0,0,772,127,-730,1,下位,0,0,0
649,649,0,-6,-23,0,1,329,772,127,-730,1,下位,0,329,0
489,489,0,658,1299,0,2,978,772,127,-730,1,下位,0,649,0
592,592,0,-6,-23,0,0,0,1467,1299,-1772,9,下位,0,0,0
614,614,0,-6,-23,0,1,592,1467,1299,-1772,9,下位,0,592,0
363,363,0,-6,-23,0,2,1206,1467,1299,-1772,9,下位,0,614,0
366,366,0,505,1178,0,3,1569,1467,1299,-1772,9,下位,0,363,0
242,242,0,109,243,0,0,0,1935,1178,-3688,6,下位,0,0,0
67,67,0,163,485,0,0,0,242,243,-3823,2,下位,0,0,0
190,190,0,38,132,1,0,0,0,0,1,0,下位,0,0,0
396,396,0,460,1070,0,0,0,190,132,-164,1,下位,0,0,0
276,276,0,506,1096,0,0,0,396,1070,287,6,下位,0,0,0
66,66,0,249,558,0,0,0,276,1096,951,7,下位,0,0,0
344,344,0,566,1008,0,0,0,66,558,1406,4,下位,0,0,0
238,238,0,-6,-23,0,0,0,344,1008,1876,9,下位,0,0,0
81,81,0,312,635,0,1,238,344,1008,1876,9,下位,0,238,0
146,146,0,472,1356,0,0,0,319,635,1989,5,下位,0,0,0
555,555,0,-6,-23,0,0,0,146,1356,202,7,上位,0,0,0
158,158,0,230,508,0,1,555,146,1356,202,7,上位,0,555,0
223,223,0,130,383,0,0,0,713,508,-428,4,下位,0,0,0
228,228,0,605,1346,0,0,0,223,383,-394,2,下位,0,0,0
105,105,0,401,976,0,0,0,228,1346,596,7,下位,0,0,0
478,478,0,99,259,1,0,0,0,0,1,0,下位,0,0,0
394,394,0,69,255,0,0,0,478,259,-487,2,下位,0,0,0
373,373,0,40,126,0,0,0,394,255,-848,1,下位,0,0,0
129,129,0,-6,-23,0,0,0,373,126,-1305,1,下位,0,0,0
132,132,0,137,361,0,1,129,373,126,-1305,1,下位,0,129,0
384,384,0,-6,-23,0,0,0,261,361,-1376,2,下位,0,0,0
558,558,0,95,358,0,1,384,261,361,-1376,2,下位,0,384,0
255,255,0,123,345,0,0,0,942,358,-2513,1,下位,0,0,0
129,129,0,76,284,0,0,0,255,345,-2567,2,下位,0,0,0
522,522,0,-6,-23,0,0,0,129,284,-2485,1,下位,0,0,0
454,454,0,-6,-23,0,1,522,129,284,-2485,1,下位,0,522,0
116,116,0,-6,-23,0,2,976,129,284,-2485,1,下位,0,454,0
305,305,0,316,799,0,3,1092,129,284,-2485,1,下位,0,116,0
432,432,0,160,484,0,0,0,1397,799,-3940,4,下位,0,0,0
219,219,0,36,121,1,0,0,0,0,1,0,下位,0,0,0
74,74,0,61,222,0,0,0,219,121,-221,1,下位,0,0,0
67,67,0,56,205,0,0,0,74,222,-115,1,下位,0,0,0
368,368,0,508,970,0,0,0,67,205,-15,1,下位,0,0,0
157,157,0,-6,-23,0,0,0,368,970,380,8,下位,0,0,0
182,182,0,-6,-23,0,1,157,368,970,380,8,下位,0,157,0
103,103,0,-6,-23,0,2,339,368,970,380,8,下位,0,182,0
171,171,0,56,197,0,3,442,368,970,380,8,下位,0,103,0
625,625,0,57,208,0,0,0,613,197,-452,1,下位,0,0,0
253,253,0,-6,-23,0,0,0,625,208,-1221,1,下位,0,0,0
77,77,0,210,589,0,1,253,625,208,-1221,1,下位,0,253,0
230,230,0,-6,-23,0,0,0,330,589,-1172,3,下位,0,0,0
310,310,0,-6,-23,0,1,230,330,589,-1172,3,下位,0,230,0
108,108,0,375,896,0,2,540,330,589,-1172,3,下位,0,310,0
430,430,0,76,161,1,0,0,0,0,1,0,下位,0,0,0
279,279,0,1947,5190,0,0,0,430,161,-510,2,下位,0,0,0
422,422,0,-6,-23,0,0,0,279,5190,174,22,上位,0,0,0
175,175,0,112,283,0,1,422,279,5190,174,22,上位,0,422,0
175,175,0,40,137,0,0,0,597,283,-500,2,下位,0,0,0
325,325,0,435,898,0,0,0,175,137,-637,1,下位,0,0,0
664,664,0,356,747,0,0,0,325,898,-247,6,下位,0,0,0
335,335,0,31,98,0,0,0,664,747,-538,5,下位,0,0,0
171,171,0,28,90,0,0,0,335,98,-964,1,下位,0,0,0
322,322,0,-6,-23,0,0,0,171,90,-1142,1,下位,0,0,0
212,212,0,-6,-23,0,1,322,171,90,-1142,1,下位,0,322,0
37,37,0,-6,-23,0,2,534,171,90,-1142,1,下位,0,212,0
135,135,0,119,333,0,3,571,171,90,-1142,1,下位,0,37,0
333,333,0,29,77,1,0,0,0,0,1,0,下位,0,0,0
381,381,0,316,628,0,0,0,333,77,-443,1,下位,0,0,0
544,544,0,224,607,0,0,0,381,628,-411,4,下位,0,0,0
262,262,0,289,722,0,0,0,544,607,-654,3,下位,0,0,0
241,241,0,-6,-23,0,0,0,262,722,-342,4,下位,0,0,0
189,189,0,67,191,0,1,241,262,722,-342,4,下位,0,241,0
185,185,0,-6,-23,0,0,0,430,191,-847,1,下位,0,0,0
225,225,0,34,117,0,1,185,430,191,-847,1,下位,0,185,0
355,355,0,-6,-23,0,0,0,410,117,-1395,1,下位,0,0,0
354,354,0,-6,-23,0,1,355,410,117,-1395,1,下位,0,355,0
223,223,0,458,965,0,2,709,410,117,-1395,1,下位,0,354,0
165,165,0,53,180,0,0,0,932,965,-1934,7,下位,0,0,0
169,169,0,70,258,0,0,0,165,180,-2012,1,下位,0,0,0
473,473,0,77,288,1,0,0,0,0,1,0,下位,0,0,0
182,182,0,54,182,0,0,0,473,288,-451,1,下位,0,0,0
362,362,0,254,795,0,0,0,182,182,-554,1,下位,0,0,0
191,191,0,-6,-23,0,0,0,362,795,-325,3,下位,0,0,0
87,87,0,125,347,0,1,191,362,795,-325,3,下位,0,191,0
494,494,0,60,211,0,0,0,278,347,-436,2,下位,0,0,0
370,370,0,-6,-23,0,0,0,494,211,-997,1,下位,0,0,0
123,123,0,528,1179,0,1,370,494,211,-997,1,下位,0,370,0
399,399,0,164,346,0,0,0,493,1179,-613,7,下位,0,0,0
180,180,0,42,145,1,0,0,0,0,1,0,下位,0,0,0
200,200,0,56,201,0,0,0,180,145,-136,1,下位,0,0,0
240,240,0,1232,3373,0,0,0,200,201,-248,1,下位,0,0,0
679,679,0,306,659,0,0,0,240,3373,446,14,上位,0,0,0
480,480,0,208,570,0,0,0,679,659,44,4,下位,0,0,0
495,495,0,89,336,0,0,0,480,570,-136,3,下位,0,0,0
569,569,0,58,212,0,0,0,495,336,-574,1,下位,0,0,0
519,519,0,60,221,0,0,0,569,212,-1251,1,下位,0,0,0
573,573,0,-6,-23,0,0,0,519,221,-1841,1,下位,0,0,0
78,78,0,974,2067,0,1,573,519,221,-1841,1,下位,0,573,0
385,385,0,456,927,0,0,0,651,2067,-815,14,下位,0,0,0
291,291,0,-6,-23,0,0,0,385,927,-490,7,下位,0,0,0
249,249,0,25,80,0,1,291,385,927,-490,7,下位,0,291,0
153,153,0,181,248,0,0,0,540,80,-1277,1,下位,0,0,0
143,143,0,827,2026,1,0,0,0,0,1,0,下位,0,0,0
240,240,0,43,123,0,0,0,143,2026,1803,10,下位,0,0,0
143,143,0,-6,-23,0,0,0,240,123,1551,1,下位,0,0,0
361,361,0,-6,-23,0,1,143,240,123,1551,1,下位,0,143,0
521,521,0,425,868,0,2,504,240,123,1551,1,下位,0,361,0
394,394,0,181,465,0,0,0,1025,868,769,6,下位,0,0,0
66,66,0,-6,-23,0,0,0,394,465,618,3,下位,0,0,0
78,78,0,-6,-23,0,1,66,394,465,618,3,下位,0,66,0
646,646,0,94,217,0,2,144,394,465,618,3,下位,0,78,0
363,363,0,-6,-23,0,0,0,790,217,-447,2,下位,0,0,0
293,293,0,47,162,0,1,363,790,217,-447,2,下位,0,363,0
81,81,0,89,328,0,0,0,656,162,-1334,1,下位,0,0,0
129,129,0,163,415,0,0,0,81,328,-1133,1,下位,0,0,0
351,351,0,-6,-23,0,0,0,129,415,-920,3,下位,0,0,0
442,442,0,179,448,0,1,351,129,415,-920,3,下位,0,351,0
486,486,0,56,198,1,0,0,0,0,1,0,下位,0,0,0
257,257,0,-6,-23,0,0,0,486,198,-561,1,下位,0,0,0
94,94,0,135,394,0,1,257,486,198,-561,1,下位,0,257,0
349,349,0,-6,-23,0,0,0,351,394,-739,2,下位,0,0,0
369,369,0,-6,-23,0,1,349,351,394,-739,2,下位,0,349,0
174,174,0,450,1037,0,2,718,351,394,-739,2,下位,0,369,0
123,123,0,61,212,0,0,0,892,1037,-1143,6,下位,0,0,0
395,395,0,-6,-23,0,0,0,123,212,-1124,1,下位,0,0,0
204,204,0,764,1822,0,1,395,123,212,-1124,1,下位,0,395,0
155,155,0,-6,-23,0,0,0,599,1822,-262,10,下位,0,0,0
462,462,0,295,613,0,1,155,599,1822,-262,10,下位,0,155,0
321,321,0,124,310,0,0,0,617,613,-637,4,下位,0,0,0
535,535,0,58,198,1,0,0,0,0,1,0,下位,0,0,0
507,507,0,175,408,0,0,0,535,198,-637,1,下位,0,0,0
389,389,0,-6,-23,0,0,0,507,408,-1022,3,下位,0,0,0
58,58,0,-6,-23,0,1,389,507,408,-1022,3,下位,0,389,0
74,74,0,925,2294,0,2,447,507,408,-1022,3,下位,0,58,0
251,251,0,180,374,0,0,0,521,2294,411,12,下位,0,0,0
63,63,0,464,1173,0,0,0,251,374,392,3,下位,0,0,0
440,440,0,88,329,0,0,0,63,1173,1467,7,下位,0,0,0
215,215,0,76,169,0,0,0,440,329,1108,1,下位,0,0,0
151,151,0,576,1019,0,0,0,215,169,941,2,下位,0,0,0
87,87,0,177,436,0,0,0,151,1019,1723,9,下位,0,0,0
216,216,0,96,352,1,0,0,0,0,1,0,下位,0,0,0
202,202,0,-6,-23,0,0,0,216,352,15,1,下位,0,0,0
438,438,0,357,884,0,1,202,216,352,15,1,下位,0,202,0
368,368,0,34,70,0,0,0,640,884,-125,4,下位,0,0,0
517,517,0,374,835,0,0,0,368,70,-630,1,下位,0,0,0
159,159,0,29,88,0,0,0,517,835,-603,6,下位,0,0,0
306,306,0,76,285,0,0,0,159,88,-764,1,下位,0,0,0
212,212,0,194,521,0,0,0,306,285,-958,1,下位,0,0,0
259,259,0,-6,-23,0,0,0,212,521,-769,3,下位,0,0,0
333,333,0,-6,-23,0,1,259,212,521,-769,3,下位,0,259,0
289,289,0,394,935,0,2,592,212,521,-769,3,下位,0,333,0
279,279,0,-6,-23,0,0,0,881,935,-1258,5,下位,0,0,0
221,221,0,193,469,0,1,279,881,935,-1258,5,下位,0,279,0
475,475,0,561,1261,0,0,0,500,469,-1593,3,下位,0,0,0
159,159,0,27,87,0,0,0,475,1261,-1075,7,下位,0,0,0
141,141,0,72,260,0,0,0,159,87,-1237,1,下位,0,0,0
99,99,0,-6,-23,1,0,0,0,0,1,0,下位,0,0,0
59,59,0,62,211,1,1,99,0,0,1,0,下位,0,99,0
521,521,0,-6,-23,0,0,0,158,211,-59,1,下位,0,0,0
424,424,0,-6,-23,0,1,521,158,211,-59,1,下位,0,521,0
186,186,0,63,230,0,2,945,158,211,-59,1,下位,0,424,0
192,192,0,922,1990,0,0,0,1131,230,-1643,1,下位,0,0,0
272,272,0,33,112,0,0,0,192,1990,46,12,下位,0,0,0
344,344,0,-6,-23,0,0,0,272,112,-267,1,下位,0,0,0
242,242,0,-6,-23,0,1,344,272,112,-267,1,下位,0,344,0
347,347,0,278,514,0,2,586,272,112,-267,1,下位,0,242,0
402,402,0,-6,-23,0,0,0,933,514,-1258,4,下位,0,0,0
281,281,0,348,823,0,1,402,933,514,-1258,4,下位,0,402,0
273,273,0,-6,-23,1,0,0,0,0,1,0,下位,0,0,0
173,173,0,-6,-23,1,1,273,0,0,1,0,下位,0,273,0
165,165,0,-6,-23,1,2,446,0,0,1,0,下位,0,173,0
99,99,0,74,268,1,3,611,0,0,1,0,下位,0,165,0
459,459,0,126,341,0,0,0,710,268,-911,1,下位,0,0,0
419,419,0,-6,-23,0,0,0,459,341,-1288,2,下位,0,0,0
127,127,0,-6,-23,0,1,419,459,341,-1288,2,下位,0,419,0
529,529,0,116,334,0,2,546,459,341,-1288,2,下位,0,127,0
464,464,0,86,214,1,0,0,0,0,1,0,下位,0,0,0
264,264,0,55,200,1,0,0,0,0,1,0,下位,0,0,0
124,124,0,100,224,1,0,0,0,0,1,0,下位,0,0,0
364,364,0,-6,-23,0,0,0,124,224,31,2,下位,0,0,0
130,130,0,148,413,0,1,364,124,224,31,2,下位,0,364,0
441,441,0,275,641,0,0,0,494,413,-352,2,下位,0,0,0
497,497,0,118,275,0,0,0,441,641,-401,4,下位,0,0,0
89,89,0,679,1463,0,0,0,497,275,-903,2,下位,0,0,0
363,363,0,-6,-23,0,0,0,89,1463,421,9,下位,0,0,0
131,131,0,54,191,0,1,363,89,1463,421,9,下位,0,363,0
81,81,0,-6,-23,0,0,0,494,191,-184,1,下位,0,0,0
341,341,0,-6,-23,0,1,81,494,191,-184,1,下位,0,81,0
129,129,0,-6,-23,0,2,422,494,191,-184,1,下位,0,341,0
346,346,0,54,197,0,3,551,494,191,-184,1,下位,0,129,0
193,193,0,188,486,0,0,0,897,197,-1459,1,下位,0,0,0
172,172,0,-6,-23,0,0,0,193,486,-1276,3,下位,0,0,0
457,457,0,110,268,0,1,172,193,486,-1276,3,下位,0,172,0
137,137,0,-6,-23,1,0,0,0,0,1,0,下位,0,0,0
266,266,0,298,773,1,1,137,0,0,1,0,下位,0,137,0
69,69,0,337,930,0,0,0,403,773,121,4,下位,0,0,0
323,323,0,412,1028,0,0,0,69,930,942,4,下位,0,0,0
566,566,0,687,1425,0,0,0,323,1028,1465,6,下位,0,0,0
66,66,0,1206,3873,0,0,0,566,1425,2005,10,下位,0,0,0
497,497,0,166,393,0,0,0,66,3873,313,12,上位,0,0,0
364,364,0,-6,-23,0,0,0,497,393,-71,2,下位,0,0,0
216,216,0,141,439,0,1,364,497,393,-71,2,下位,0,364,0
564,564,0,177,434,0,0,0,580,439,-562,2,下位,0,0,0
216,216,0,461,954,0,0,0,564,434,-1010,3,下位,0,0,0
539,539,0,56,202,1,0,0,0,0,1,0,下位,0,0,0
142,142,0,366,796,0,0,0,539,202,-640,1,下位,0,0,0
374,374,0,268,523,1,0,0,0,0,1,0,下位,0,0,0
200,200,0,-6,-23,0,0,0,374,523,-61,4,下位,0,0,0
70,70,0,-6,-23,0,1,200,374,523,-61,4,下位,0,200,0
225,225,0,597,1215,0,2,270,374,523,-61,4,下位,0,70,0
200,200,0,218,605,1,0,0,0,0,1,0,下位,0,0,0
311,311,0,62,219,0,0,0,200,605,293,3,下位,0,0,0
352,352,0,55,200,0,0,0,311,219,26,1,下位,0,0,0
541,541,0,-6,-23,0,0,0,352,200,-324,1,下位,0,0,0
217,217,0,247,723,0,1,541,352,200,-324,1,下位,0,541,0
258,258,0,-6,-23,0,0,0,758,723,-810,3,下位,0,0,0
379,379,0,59,210,0,1,258,758,723,-810,3,下位,0,258,0
410,410,0,79,294,0,0,0,637,210,-1620,1,下位,0,0,0
716,716,0,37,120,0,0,0,410,294,-1967,1,下位,0,0,0
98,98,0,-6,-23,1,0,0,0,0,1,0,下位,0,0,0
554,554,0,-6,-23,1,1,98,0,0,1,0,下位,0,98,0
356,356,0,-6,-23,1,2,652,0,0,1,0,下位,0,554,0
435,435,0,40,137,1,3,1008,0,0,1,0,下位,0,356,0
163,163,0,-6,-23,0,0,0,1443,137,-2188,1,下位,0,0,0
156,156,0,-6,-23,0,1,163,1443,137,-2188,1,下位,0,163,0
64,64,0,556,1140,0,2,319,1443,137,-2188,1,下位,0,156,0
169,169,0,94,202,0,0,0,383,1140,-1693,7,下位,0,0,0
159,159,0,119,356,0,0,0,169,202,-1755,2,下位,0,0,0
90,90,0,342,784,1,0,0,0,0,1,0,下位,0,0,0
260,260,0,-6,-23,0,0,0,90,784,644,4,下位,0,0,0
287,287,0,122,328,0,1,260,90,784,644,4,下位,0,260,0
167,167,0,-6,-23,0,0,0,547,328,93,2,下位,0,0,0
515,515,0,-6,-23,0,1,167,547,328,93,2,下位,0,167,0
195,195,0,38,133,0,2,682,547,328,93,2,下位,0,515,0
512,512,0,250,557,0,0,0,877,133,-1191,1,下位,0,0,0
354,354,0,-6,-23,0,0,0,512,557,-1434,3,下位,0,0,0
119,119,0,-6,-23,0,1,354,512,557,-1434,3,下位,0,354,0
513,513,0,-6,-23,0,2,473,512,557,-1434,3,下位,0,119,0
322,322,0,58,207,0,3,986,512,557,-1434,3,下位,0,513,0
283,283,0,225,513,0,0,0,1308,207,-3342,1,下位,0,0,0
458,458,0,52,189,1,0,0,0,0,1,0,下位,0,0,0
137,137,0,361,762,0,0,0,458,189,-526,1,下位,0,0,0
476,476,0,59,215,0,0,0,137,762,21,5,下位,0,0,0
203,203,0,54,196,0,0,0,476,215,-508,1,下位,0,0,0
172,172,0,-6,-23,1,0,0,0,0,1,0,下位,0,0,0
72,72,0,-6,-23,1,1,172,0,0,1,0,下位,0,172,0
505,505,0,130,366,1,2,244,0,0,1,0,下位,0,72,0
376,376,0,657,1410,1,0,0,0,0,1,0,下位,0,0,0
328,328,0,131,387,0,0,0,376,1410,823,9,下位,0,0,0
190,190,0,104,307,0,0,0,328,387,697,2,下位,0,0,0
451,451,0,206,518,0,0,0,190,307,707,2,下位,0,0,0
411,411,0,362,769,0,0,0,451,518,520,3,下位,0,0,0
202,202,0,158,466,0,0,0,411,769,646,5,下位,0,0,0
61,61,0,256,764,0,0,0,202,466,796,2,下位,0,0,0
447,447,0,-6,-23,1,0,0,0,0,1,0,下位,0,0,0
522,522,0,38,131,1,1,447,0,0,1,0,下位,0,447,0
506,506,0,159,435,0,0,0,969,131,-1406,1,下位,0,0,0
213,213,0,-6,-23,1,0,0,0,0,1,0,下位,0,0,0
67,67,0,180,584,1,1,213,0,0,1,0,下位,0,213,0
347,347,0,240,696,0,0,0,280,584,124,2,下位,0,0,0
221,221,0,-6,-23,0,0,0,347,696,278,3,下位,0,0,0
152,152,0,-6,-23,0,1,221,347,696,278,3,下位,0,221,0
299,299,0,21,64,0,2,373,347,696,278,3,下位,0,152,0
432,432,0,-6,-23,0,0,0,672,64,-756,1,下位,0,0,0
92,92,0,216,402,0,1,432,672,64,-756,1,下位,0,432,0
118,118,0,-6,-23,0,0,0,524,402,-1196,4,下位,0,0,0
503,503,0,124,288,0,1,118,524,402,-1196,4,下位,0,118,0
304,304,0,41,144,1,0,0,0,0,1,0,下位,0,0,0
762,762,0,-6,-23,0,0,0,304,144,-330,1,下位,0,0,0
141,141,0,-6,-23,0,1,762,304,144,-330,1,下位,0,762,0
87,87,0,315,819,0,2,903,304,144,-330,1,下位,0,141,0
275,275,0,95,359,0,0,0,990,819,-1105,4,下位,0,0,0
464,464,0,-6,-23,0,0,0,275,359,-1176,1,下位,0,0,0
137,137,0,163,458,0,1,464,275,359,-1176,1,下位,0,464,0
340,340,0,-6,-23,0,0,0,601,458,-1681,2,下位,0,0,0
261,261,0,94,357,0,1,340,601,458,-1681,2,下位,0,340,0
94,94,0,43,144,0,0,0,601,357,-2287,1,下位,0,0,0
358,358,0,134,396,1,0,0,0,0,1,0,下位,0,0,0
554,554,0,376,816,0,0,0,358,396,-163,2,下位,0,0,0
453,453,0,-6,-23,0,0,0,554,816,-213,6,下位,0,0,0
357,357,0,94,222,0,1,453,554,816,-213,6,下位,0,453,0
126,126,0,77,270,0,0,0,810,222,-1280,2,下位,0,0,0
446,446,0,548,1145,0,0,0,126,270,-1207,1,下位,0,0,0
94,94,0,-6,-23,0,0,0,446,1145,-759,8,下位,0,0,0
129,129,0,-6,-23,0,1,94,446,1145,-759,8,下位,0,94,0
53,53,0,36,122,0,2,223,446,1145,-759,8,下位,0,129,0
369,369,0,90,219,0,0,0,276,122,-1115,1,下位,0,0,0
221,221,0,106,268,0,0,0,369,219,-1473,2,下位,0,0,0
66,66,0,-6,-23,0,0,0,221,268,-1550,2,下位,0,0,0
58,58,0,416,907,0,1,66,221,268,-1550,2,下位,0,66,0
262,262,0,-6,-23,0,0,0,124,907,-861,5,下位,0,0,0
42,42,0,-6,-23,0,1,262,124,907,-861,5,下位,0,262,0
474,474,0,262,642,0,2,304,124,907,-861,5,下位,0,42,0
433,433,0,210,564,1,0,0,0,0,1,0,下位,0,0,0
114,114,0,133,418,0,0,0,433,564,-112,3,下位,0,0,0
332,332,0,201,557,0,0,0,114,418,127,2,下位,0,0,0
112,112,0,-6,-23,0,0,0,332,557,165,3,下位,0,0,0
282,282,0,-6,-23,0,1,112,332,557,165,3,下位,0,112,0
90,90,0,-6,-23,0,2,394,332,557,165,3,下位,0,282,0
276,276,0,57,208,0,3,484,332,557,165,3,下位,0,90,0
139,139,0,236,535,0,0,0,760,208,-885,1,下位,0,0,0
64,64,0,382,829,0,0,0,139,535,-568,3,下位,0,0,0
193,193,0,567,1188,0,0,0,64,829,161,5,下位,0,0,0
219,219,0,208,565,0,0,0,193,1188,1047,8,下位,0,0,0
430,430,0,-6,-23,1,0,0,0,0,1,0,下位,0,0,0
378,378,0,-6,-23,1,1,430,0,0,1,0,下位,0,430,0
323,323,0,79,296,1,2,808,0,0,1,0,下位,0,378,0
372,372,0,345,745,0,0,0,1131,296,-1517,1,下位,0,0,0
249,249,0,-6,-23,0,0,0,372,745,-1354,5,下位,0,0,0
257,257,0,-6,-23,0,1,249,372,745,-1354,5,下位,0,249,0
100,100,0,-6,-23,0,2,506,372,745,-1354,5,下位,0,257,0
74,74,0,131,415,0,3,606,372,745,-1354,5,下位,0,100,0
69,69,0,59,205,0,0,0,680,415,-2072,2,下位,0,0,0
178,178,0,128,340,0,0,0,69,205,-1975,1,下位,0,0,0
612,612,0,-6,-23,0,0,0,178,340,-1914,2,下位,0,0,0
507,507,0,36,124,0,1,612,178,340,-1914,2,下位,0,612,0
388,388,0,-6,-23,1,0,0,0,0,1,0,下位,0,0,0
351,351,0,454,1096,1,1,388,0,0,1,0,下位,0,388,0
337,337,0,38,131,0,0,0,739,1096,-82,5,下位,0,0,0
391,391,0,-6,-23,0,0,0,337,131,-478,1,下位,0,0,0
156,156,0,-6,-23,0,1,391,337,131,-478,1,下位,0,391,0
91,91,0,64,227,0,2,547,337,131,-478,1,下位,0,156,0
291,291,0,100,379,0,0,0,638,227,-1295,1,下位,0,0,0
88,88,0,126,434,0,0,0,291,379,-1371,1,下位,0,0,0
180,180,0,230,538,0,0,0,88,434,-1075,2,下位,0,0,0
549,549,0,179,414,0,0,0,180,538,-818,4,下位,0,0,0
320,320,0,38,123,0,0,0,549,414,-1262,3,下位,0,0,0
212,212,0,-6,-23,0,0,0,320,123,-1639,1,下位,0,0,0
240,240,0,-6,-23,0,1,212,320,123,-1639,1,下位,0,212,0
303,303,0,312,721,0,2,452,320,123,-1639,1,下位,0,240,0
88,88,0,56,202,0,0,0,755,721,-2145,5,下位,0,0,0
285,285,0,59,215,1,0,0,0,0,1,0,下位,0,0,0
176,176,0,-6,-23,0,0,0,285,215,-230,1,下位,0,0,0
110,110,0,114,289,0,1,176,285,215,-230,1,下位,0,176,0
167,167,0,57,191,0,0,0,286,289,-411,2,下位,0,0,0
251,251,0,-6,-23,0,0,0,167,191,-481,1,下位,0,0,0
308,308,0,365,812,0,1,251,167,191,-481,1,下位,0,251,0
197,197,0,-6,-23,0,0,0,559,812,-567,5,下位,0,0,0
539,539,0,51,177,0,1,197,559,812,-567,5,下位,0,197,0
207,207,0,55,198,0,0,0,736,177,-1564,1,下位,0,0,0
353,353,0,-6,-23,0,0,0,207,198,-1690,1,下位,0,0,0
412,412,0,-6,-23,0,1,353,207,198,-1690,1,下位,0,353,0
339,339,0,277,629,0,2,765,207,198,-1690,1,下位,0,412,0
204,204,0,194,490,0,0,0,1104,629,-2833,4,下位,0,0,0
191,191,0,57,202,1,0,0,0,0,1,0,下位,0,0,0
216,216,0,42,124,0,0,0,191,202,-96,1,下位,0,0,0
213,213,0,-6,-23,0,0,0,216,124,-310,1,下位,0,0,0
40,40,0,-6,-23,0,1,213,216,124,-310,1,下位,0,213,0
438,438,0,29,85,0,2,253,216,124,-310,1,下位,0,40,0
229,229,0,-6,-23,0,0,0,691,85,-1352,1,下位,0,0,0
148,148,0,-6,-23,0,1,229,691,85,-1352,1,下位,0,229,0
119,119,0,138,428,0,2,377,691,85,-1352,1,下位,0,148,0
80,80,0,1141,3329,0,0,0,496,428,-1746,2,下位,0,0,0
179,179,0,35,119,0,0,0,80,3329,1457,12,下位,0,0,0
606,606,0,40,127,0,0,0,179,119,1296,1,下位,0,0,0
356,356,0,194,546,0,0,0,606,127,476,1,下位,0,0,0
201,201,0,-6,-23,1,0,0,0,0,1,0,下位,0,0,0
262,262,0,182,396,1,1,201,0,0,1,0,下位,0,201,0
407,407,0,83,306,0,0,0,463,396,-350,2,下位,0,0,0
199,199,0,-6,-23,0,0,0,407,306,-680,1,下位,0,0,0
46,46,0,48,163,0,1,199,407,306,-680,1,下位,0,199,0
387,387,0,39,128,0,0,0,245,163,-923,1,下位,0,0,0
215,215,0,-6,-23,0,0,0,387,128,-1400,1,下位,0,0,0
74,74,0,-6,-23,0,1,215,387,128,-1400,1,下位,0,215,0
217,217,0,-6,-23,0,2,289,387,128,-1400,1,下位,0,74,0
239,239,0,91,344,0,3,506,387,128,-1400,1,下位,0,217,0
146,146,0,-6,-23,1,0,0,0,0,1,0,下位,0,0,0
219,219,0,-6,-23,1,1,146,0,0,1,0,下位,0,146,0
65,65,0,104,282,1,2,365,0,0,1,0,下位,0,219,0
434,434,0,40,139,0,0,0,430,282,-437,2,下位,0,0,0
197,197,0,59,214,0,0,0,434,139,-977,1,下位,0,0,0
473,473,0,194,317,1,0,0,0,0,1,0,下位,0,0,0
326,326,0,-6,-23,0,0,0,473,317,-422,3,下位,0,0,0
541,541,0,-6,-23,0,1,326,473,317,-422,3,下位,0,326,0
277,277,0,349,842,0,2,867,473,317,-422,3,下位,0,541,0
235,235,0,-6,-23,0,0,0,1144,842,-1414,4,下位,0,0,0
157,157,0,302,612,0,1,235,1144,842,-1414,4,下位,0,235,0
102,102,0,55,199,0,0,0,392,612,-1439,4,下位,0,0,0
478,478,0,88,188,0,0,0,102,199,-1400,1,下位,0,0,0
317,317,0,-6,-23,0,0,0,478,188,-1959,2,下位,0,0,0
70,70,0,429,866,0,1,317,478,188,-1959,2,下位,0,317,0
451,451,0,101,382,0,0,0,387,866,-1722,6,下位,0,0,0
81,81,0,78,291,0,0,0,451,382,-2045,1,下位,0,0,0
90,90,0,336,732,0,0,0,81,291,-1881,1,下位,0,0,0
102,102,0,-6,-23,1,0,0,0,0,1,0,下位,0,0,0
47,47,0,132,395,1,1,102,0,0,1,0,下位,0,102,0
428,428,0,148,439,0,0,0,149,395,139,2,下位,0,0,0
125,125,0,1093,2500,1,0,0,0,0,1,0,下位,0,0,0
395,395,0,1017,2462,0,0,0,125,2500,-2,15,上位,0,0,0
418,418,0,-6,-23,0,0,0,395,2462,1842,12,下位,0,0,0
406,406,0,170,413,0,1,418,395,2462,1842,12,下位,0,418,0
142,142,0,148,420,1,0,0,0,0,1,0,下位,0,0,0
380,380,0,156,438,0,0,0,142,420,199,2,下位,0,0,0
328,328,0,139,376,0,0,0,380,438,43,2,下位,0,0,0
267,267,0,-6,-23,0,0,0,328,376,-94,2,下位,0,0,0
138,138,0,-6,-23,0,1,267,328,376,-94,2,下位,0,267,0
479,479,0,155,385,0,2,405,328,376,-94,2,下位,0,138,0
61,61,0,300,714,0,0,0,884,385,-1138,3,下位,0,0,0
67,67,0,63,203,0,0,0,61,714,-519,5,下位,0,0,0
555,555,0,142,401,0,0,0,67,203,-421,1,下位,0,0,0
584,584,0,-6,-23,0,0,0,555,401,-888,2,下位,0,0,0
345,345,0,41,132,0,1,584,555,401,-888,2,下位,0,584,0
274,274,0,-6,-23,1,0,0,0,0,1,0,下位,0,0,0
478,478,0,-6,-23,1,1,274,0,0,1,0,下位,0,274,0
124,124,0,1372,3982,1,2,752,0,0,1,0,下位,0,478,0
249,249,0,-6,-23,0,0,0,876,3982,304,15,上位,0,0,0
66,66,0,994,2176,0,1,249,876,3982,304,15,上位,0,249,0
171,171,0,-6,-23,0,0,0,315,2176,1964,13,下位,0,0,0
424,424,0,191,427,0,1,171,315,2176,1964,13,下位,0,171,0
307,307,0,445,928,1,0,0,0,0,1,0,下位,0,0,0
318,318,0,188,482,0,0,0,307,928,450,6,下位,0,0,0
292,292,0,432,880,0,0,0,318,482,435,3,下位,0,0,0
155,155,0,58,190,1,0,0,0,0,1,0,下位,0,0,0
461,461,0,38,129,0,0,0,155,190,-52,1,下位,0,0,0
222,222,0,-6,-23,0,0,0,461,129,-644,1,下位,0,0,0
392,392,0,-6,-23,0,1,222,461,129,-644,1,下位,0,222,0
150,150,0,168,455,0,2,614,461,129,-644,1,下位,0,392,0
79,79,0,80,234,0,0,0,764,455,-1430,3,下位,0,0,0
141,141,0,-6,-23,0,0,0,79,234,-1320,2,下位,0,0,0
61,61,0,99,242,0,1,141,79,234,-1320,2,下位,0,141,0
85,85,0,-6,-23,0,0,0,202,242,-1418,2,下位,0,0,0
231,231,0,-6,-23,0,1,85,202,242,-1418,2,下位,0,85,0
55,55,0,58,203,0,2,316,202,242,-1418,2,下位,0,231,0
95,95,0,75,280,1,0,0,0,0,1,0,下位,0,0,0
295,295,0,99,269,0,0,0,95,280,132,1,下位,0,0,0
170,170,0,-6,-23,0,0,0,295,269,-60,2,下位,0,0,0
475,475,0,165,377,0,1,170,295,269,-60,2,下位,0,170,0
310,310,0,226,527,1,0,0,0,0,1,0,下位,0,0,0
83,83,0,-6,-23,0,0,0,310,527,43,4,下位,0,0,0
529,529,0,500,979,0,1,83,310,527,43,4,下位,0,83,0
185,185,0,-6,-23,0,0,0,612,979,42,7,下位,0,0,0
131,131,0,-6,-23,0,1,185,612,979,42,7,下位,0,185,0
190,190,0,618,1335,0,2,316,612,979,42,7,下位,0,131,0
243,243,0,53,184,0,0,0,506,1335,540,8,下位,0,0,0
194,194,0,121,334,1,0,0,0,0,1,0,下位,0,0,0
225,225,0,-6,-23,0,0,0,194,334,31,2,下位,0,0,0
172,172,0,330,795,0,1,225,194,334,31,2,下位,0,225,0
392,392,0,-6,-23,0,0,0,397,795,182,5,下位,0,0,0
195,195,0,100,380,0,1,392,397,795,182,5,下位,0,392,0
227,227,0,732,1518,1,0,0,0,0,1,0,下位,0,0,0
465,465,0,-6,-23,1,0,0,0,0,1,0,下位,0,0,0
144,144,0,-6,-23,1,1,465,0,0,1,0,下位,0,465,0
64,64,0,173,538,1,2,609,0,0,1,0,下位,0,144,0
76,76,0,385,827,0,0,0,673,538,-560,2,下位,0,0,0
203,203,0,54,193,0,0,0,76,827,148,5,下位,0,0,0
282,282,0,-6,-23,1,0,0,0,0,1,0,下位,0,0,0
202,202,0,-6,-23,1,1,282,0,0,1,0,下位,0,282,0
61,61,0,628,1642,1,2,484,0,0,1,0,下位,0,202,0
195,195,0,122,330,1,0,0,0,0,1,0,下位,0,0,0
457,457,0,-6,-23,0,0,0,195,330,26,2,下位,0,0,0
454,454,0,-6,-23,0,1,457,195,330,26,2,下位,0,457,0
64,64,0,58,213,0,2,911,195,330,26,2,下位,0,454,0
433,433,0,76,282,0,0,0,975,213,-1332,1,下位,0,0,0
238,238,0,34,117,0,0,0,433,282,-1727,1,下位,0,0,0
549,549,0,-6,-23,1,0,0,0,0,1,0,下位,0,0,0
114,114,0,56,190,1,1,549,0,0,1,0,下位,0,549,0
65,65,0,98,252,0,0,0,663,190,-869,1,下位,0,0,0
547,547,0,137,298,0,0,0,65,252,-719,2,下位,0,0,0
242,242,0,-6,-23,0,0,0,547,298,-1276,3,下位,0,0,0
119,119,0,-6,-23,0,1,242,547,298,-1276,3,下位,0,242,0
234,234,0,118,268,0,2,361,547,298,-1276,3,下位,0,119,0
340,340,0,229,522,1,0,0,0,0,1,0,下位,0,0,0
247,247,0,-6,-23,0,0,0,340,522,-8,4,下位,0,0,0
381,381,0,-6,-23,0,1,247,340,522,-8,4,下位,0,247,0
259,259,0,1715,4652,0,2,628,340,522,-8,4,下位,0,381,0
488,488,0,748,1635,0,0,0,887,4652,220,19,上位,0,0,0
124,124,0,40,132,0,0,0,488,1635,1091,10,下位,0,0,0
101,101,0,222,425,0,0,0,124,132,1029,1,下位,0,0,0
241,241,0,646,1729,0,0,0,101,425,1296,3,下位,0,0,0
197,197,0,-6,-23,0,0,0,241,1729,257,8,上位,0,0,0
112,112,0,-6,-23,0,1,197,241,1729,257,8,上位,0,197,0
260,260,0,60,208,0,2,309,241,1729,257,8,上位,0,112,0
133,133,0,308,699,0,0,0,569,208,-471,1,下位,0,0,0
208,208,0,-6,-23,0,0,0,133,699,20,4,下位,0,0,0
686,686,0,82,278,0,1,208,133,699,20,4,下位,0,208,0
70,70,0,60,220,0,0,0,894,278,-1122,1,下位,0,0,0
645,645,0,-6,-23,1,0,0,0,0,1,0,下位,0,0,0
335,335,0,-6,-23,1,1,645,0,0,1,0,下位,0,645,0
205,205,0,-6,-23,1,2,980,0,0,1,0,下位,0,335,0
125,125,0,102,375,1,3,1185,0,0,1,0,下位,0,205,0
460,460,0,-6,-23,0,0,0,1310,375,-1742,1,下位,0,0,0
58,58,0,-6,-23,0,1,460,1310,375,-1742,1,下位,0,460,0
299,299,0,470,1161,0,2,518,1310,375,-1742,1,下位,0,58,0
355,355,0,72,269,0,0,0,817,1161,-1905,5,下位,0,0,0
99,99,0,109,324,1,0,0,0,0,1,0,下位,0,0,0
110,110,0,-6,-23,0,0,0,99,324,170,2,下位,0,0,0
148,148,0,314,661,0,1,110,99,324,170,2,下位,0,110,0
425,425,0,-6,-23,0,0,0,258,661,404,5,下位,0,0,0
353,353,0,-6,-23,0,1,425,258,661,404,5,下位,0,425,0
149,149,0,-6,-23,0,2,778,258,661,404,5,下位,0,353,0
168,168,0,51,176,0,3,927,258,661,404,5,下位,0,149,0
247,247,0,372,796,0,0,0,1095,176,-1202,1,下位,0,0,0
193,193,0,56,202,0,0,0,247,796,-792,5,下位,0,0,0
105,105,0,638,1207,0,0,0,193,202,-892,1,下位,0,0,0
214,214,0,533,1229,0,0,0,105,1207,149,10,下位,0,0,0
367,367,0,26,84,0,0,0,214,1229,1043,7,下位,0,0,0
447,447,0,-6,-23,0,0,0,367,84,553,1,下位,0,0,0
125,125,0,38,131,0,1,447,367,84,553,1,下位,0,447,0
374,374,0,-6,-23,0,0,0,572,131,-234,1,下位,0,0,0
350,350,0,120,319,0,1,374,572,131,-234,1,下位,0,374,0
366,366,0,-6,-23,0,0,0,724,319,-1070,2,下位,0,0,0
273,273,0,-6,-23,0,1,366,724,319,-1070,2,下位,0,366,0
139,139,0,-6,-23,0,2,639,724,319,-1070,2,下位,0,273,0
449,449,0,56,202,0,3,778,724,319,-1070,2,下位,0,139,0
375,375,0,238,544,1,0,0,0,0,1,0,下位,0,0,0
176,176,0,-6,-23,0,0,0,375,544,-40,4,下位,0,0,0
168,168,0,-6,-23,0,1,176,375,544,-40,4,下位,0,176,0
141,141,0,-6,-23,0,2,344,375,544,-40,4,下位,0,168,0
100,100,0,248,527,0,3,485,375,544,-40,4,下位,0,141,0
196,196,0,336,760,0,0,0,585,527,-498,3,下位,0,0,0
223,223,0,-6,-23,0,0,0,196,760,-44,5,下位,0,0,0
128,128,0,-6,-23,0,1,223,196,760,-44,5,下位,0,223,0
595,595,0,-6,-23,0,2,351,196,760,-44,5,下位,0,128,0
586,586,0,43,152,0,3,946,196,760,-44,5,下位,0,595,0
306,306,0,-6,-23,0,0,0,1532,152,-2356,1,下位,0,0,0
391,391,0,-6,-23,0,1,306,1532,152,-2356,1,下位,0,306,0
139,139,0,52,189,0,2,697,1532,152,-2356,1,下位,0,391,0
118,118,0,-6,-23,1,0,0,0,0,1,0,下位,0,0,0
408,408,0,94,342,1,1,118,0,0,1,0,下位,0,118,0
123,123,0,27,86,0,0,0,526,342,-503,1,下位,0,0,0
329,329,0,-6,-23,0,0,0,123,86,-610,1,下位,0,0,0
267,267,0,-6,-23,0,1,329,123,86,-610,1,下位,0,329,0
207,207,0,46,163,0,2,596,123,86,-610,1,下位,0,267,0
86,86,0,-6,-23,0,0,0,803,163,-1750,1,下位,0,0,0
92,92,0,-6,-23,0,1,86,803,163,-1750,1,下位,0,86,0
246,246,0,146,384,0,2,178,803,163,-1750,1,下位,0,92,0
192,192,0,190,566,0,0,0,424,384,-2076,2,下位,0,0,0
97,97,0,-6,-23,0,0,0,192,566,-1810,2,下位,0,0,0
224,224,0,314,837,0,1,97,192,566,-1810,2,下位,0,97,0
118,118,0,207,574,0,0,0,321,837,-1498,4,下位,0,0,0
303,303,0,-6,-23,0,0,0,118,574,-1109,3,下位,0,0,0
206,206,0,40,135,0,1,303,118,574,-1109,3,下位,0,303,0
71,71,0,45,159,0,0,0,509,135,-1793,1,下位,0,0,0
61,61,0,119,296,0,0,0,71,159,-1745,1,下位,0,0,0
357,357,0,296,808,0,0,0,61,296,-1545,2,下位,0,0,0
556,556,0,28,83,0,0,0,357,808,-1295,3,下位,0,0,0
478,478,0,-6,-23,0,0,0,556,83,-2081,1,下位,0,0,0
530,530,0,-6,-23,0,1,478,556,83,-2081,1,下位,0,478,0
188,188,0,48,172,0,2,1008,556,83,-2081,1,下位,0,530,0
63,63,0,-6,-23,0,0,0,1196,172,-3825,1,下位,0,0,0
245,245,0,-6,-23,0,1,63,1196,172,-3825,1,下位,0,63,0
362,362,0,486,1000,0,2,308,1196,172,-3825,1,下位,0,245,0
577,577,0,266,795,1,0,0,0,0,1,0,下位,0,0,0
82,82,0,-6,-23,0,0,0,577,795,-106,4,下位,0,0,0
93,93,0,-6,-23,0,1,82,577,795,-106,4,下位,0,82,0
170,170,0,136,377,0,2,175,577,795,-106,4,下位,0,93,0
381,381,0,151,473,0,0,0,345,377,-316,2,下位,0,0,0
141,141,0,-6,-23,0,0,0,381,473,-439,2,下位,0,0,0
343,343,0,195,483,0,1,141,381,473,-439,2,下位,0,141,0
183,183,0,-6,-23,0,0,0,484,483,-736,3,下位,0,0,0
105,105,0,-6,-23,0,1,183,484,483,-736,3,下位,0,183,0
308,308,0,601,1419,0,2,288,484,483,-736,3,下位,0,105,0
536,536,0,54,197,0,0,0,596,1419,-295,7,下位,0,0,0
171,171,0,-6,-23,0,0,0,536,197,-936,1,下位,0,0,0
240,240,0,-6,-23,0,1,171,536,197,-936,1,下位,0,171,0
160,160,0,-6,-23,0,2,411,536,197,-936,1,下位,0,240,0
516,516,0,159,463,0,3,571,536,197,-936,1,下位,0,160,0
190,190,0,-6,-23,1,0,0,0,0,1,0,下位,0,0,0
40,40,0,36,102,1,1,190,0,0,1,0,下位,0,190,0
543,543,0,-6,-23,0,0,0,230,102,-280,1,下位,0,0,0
360,360,0,-6,-23,0,1,543,230,102,-280,1,下位,0,543,0
578,578,0,161,505,0,2,903,230,102,-280,1,下位,0,360,0
456,456,0,-6,-23,0,0,0,1481,505,-2137,2,下位,0,0,0
234,234,0,-6,-23,0,1,456,1481,505,-2137,2,下位,0,456,0
229,229,0,132,353,0,2,690,1481,505,-2137,2,下位,0,234,0
272,272,0,48,172,1,0,0,0,0,1,0,下位,0,0,0
520,520,0,-6,-23,0,0,0,272,172,-252,1,下位,0,0,0
270,270,0,-6,-23,0,1,520,272,172,-252,1,下位,0,520,0
275,275,0,467,1081,0,2,790,272,172,-252,1,下位,0,270,0
109,109,0,-6,-23,0,0,0,1065,1081,-881,6,下位,0,0,0
163,163,0,-6,-23,0,1,109,1065,1081,-881,6,下位,0,109,0
58,58,0,44,155,0,2,272,1065,1081,-881,6,下位,0,163,0
273,273,0,263,654,0,0,0,330,155,-1289,1,下位,0,0,0
61,61,0,55,220,0,0,0,273,654,-1062,4,下位,0,0,0
178,178,0,54,188,0,0,0,61,220,-937,1,下位,0,0,0
423,423,0,-6,-23,0,0,0,178,188,-1028,1,下位,0,0,0
465,465,0,-6,-23,0,1,423,178,188,-1028,1,下位,0,423,0
174,174,0,40,127,0,2,888,178,188,-1028,1,下位,0,465,0
406,406,0,-6,-23,0,0,0,1062,127,-2607,1,下位,0,0,0
177,177,0,-6,-23,0,1,406,1062,127,-2607,1,下位,0,406,0
328,328,0,25,78,0,2,583,1062,127,-2607,1,下位,0,177,0
416,416,0,-6,-23,0,0,0,911,78,-4000,1,下位,0,0,0
68,68,0,-6,-23,0,1,416,911,78,-4000,1,下位,0,416,0
68,68,0,142,418,0,2,484,911,78,-4000,1,下位,0,68,0
225,225,0,58,205,0,0,0,552,418,-4492,2,下位,0,0,0
350,350,0,52,185,1,0,0,0,0,1,0,下位,0,0,0
122,122,0,112,287,0,0,0,350,185,-361,1,下位,0,0,0
95,95,0,-6,-23,0,0,0,122,287,-265,2,下位,0,0,0
584,584,0,-6,-23,0,1,95,122,287,-265,2,下位,0,95,0
465,465,0,114,286,0,2,679,122,287,-265,2,下位,0,584,0
359,359,0,104,233,0,0,0,1144,286,-1814,2,下位,0,0,0
342,342,0,46,156,0,0,0,359,233,-2142,2,下位,0,0,0
387,387,0,-6,-23,0,0,0,342,156,-2521,1,下位,0,0,0
212,212,0,-6,-23,0,1,387,342,156,-2521,1,下位,0,387,0
381,381,0,62,209,0,2,599,342,156,-2521,1,下位,0,212,0
295,295,0,250,754,0,0,0,980,209,-3891,1,下位,0,0,0
417,417,0,600,1468,0,0,0,295,754,-3598,3,下位,0,0,0
102,102,0,318,837,0,0,0,417,1468,-2782,7,下位,0,0,0
214,214,0,-6,-23,1,0,0,0,0,1,0,下位,0,0,0
520,520,0,-6,-23,1,1,214,0,0,1,0,下位,0,214,0
493,493,0,-6,-23,1,2,734,0,0,1,0,下位,0,520,0
405,405,0,98,264,1,3,1227,0,0,1,0,下位,0,493,0
334,334,0,-6,-23,0,0,0,1632,264,-2356,2,下位,0,0,0
113,113,0,38,130,0,1,334,1632,264,-2356,2,下位,0,334,0
160,160,0,-6,-23,0,0,0,447,130,-2948,1,下位,0,0,0
310,310,0,53,192,0,1,160,447,130,-2948,1,下位,0,160,0
183,183,0,84,245,1,0,0,0,0,1,0,下位,0,0,0
171,171,0,-6,-23,0,0,0,183,245,-40,2,下位,0,0,0
113,113,0,-6,-23,0,1,171,183,245,-40,2,下位,0,171,0
419,419,0,60,215,0,2,284,183,245,-40,2,下位,0,113,0
483,483,0,-6,-23,0,0,0,703,215,-971,1,下位,0,0,0
282,282,0,557,1091,0,1,483,703,215,-971,1,下位,0,483,0
174,174,0,-6,-23,0,0,0,765,1091,-1099,8,下位,0,0,0
368,368,0,-6,-23,0,1,174,765,1091,-1099,8,下位,0,174,0
108,108,0,648,1401,0,2,542,765,1091,-1099,8,下位,0,368,0
334,334,0,200,520,0,0,0,650,1401,-759,9,下位,0,0,0
377,377,0,-6,-23,0,0,0,334,520,-761,3,下位,0,0,0
158,158,0,-6,-23,0,1,377,334,520,-761,3,下位,0,377,0
269,269,0,30,100,0,2,535,334,520,-761,3,下位,0,158,0
183,183,0,129,379,1,0,0,0,0,1,0,下位,0,0,0
104,104,0,-6,-23,0,0,0,183,379,94,2,下位,0,0,0
403,403,0,324,808,0,1,104,183,379,94,2,下位,0,104,0
66,66,0,116,347,0,0,0,507,808,86,5,下位,0,0,0
527,527,0,1286,3094,0,0,0,66,347,329,2,下位,0,0,0
521,521,0,-6,-23,0,0,0,527,3094,236,17,上位,0,0,0
363,363,0,-6,-23,0,1,521,527,3094,236,17,上位,0,521,0
267,267,0,121,302,0,2,884,527,3094,236,17,上位,0,363,0
117,117,0,104,252,0,0,0,1151,302,-1309,2,下位,0,0,0
189,189,0,-6,-23,1,0,0,0,0,1,0,下位,0,0,0
245,245,0,87,316,1,1,189,0,0,1,0,下位,0,189,0
370,370,0,-6,-23,0,0,0,434,316,-385,1,下位,0,0,0
303,303,0,291,682,0,1,370,434,316,-385,1,下位,0,370,0
103,103,0,137,378,0,0,0,673,682,-779,4,下位,0,0,0
280,280,0,636,1465,0,0,0,103,378,-562,2,下位,0,0,0
195,195,0,203,580,0,0,0,280,1465,465,8,下位,0,0,0
328,328,0,-6,-23,0,0,0,195,580,740,3,下位,0,0,0
113,113,0,-6,-23,0,1,328,195,580,740,3,下位,0,328,0
442,442,0,164,386,0,2,441,195,580,740,3,下位,0,113,0
138,138,0,-6,-23,1,0,0,0,0,1,0,下位,0,0,0
164,164,0,144,221,1,1,138,0,0,1,0,下位,0,138,0
194,194,0,-6,-23,0,0,0,302,221,-274,2,下位,0,0,0
424,424,0,-6,-23,0,1,194,302,221,-274,2,下位,0,194,0
611,611,0,-6,-23,0,2,618,302,221,-274,2,下位,0,424,0
60,60,0,117,324,0,3,1229,302,221,-274,2,下位,0,611,0
367,367,0,-6,-23,0,0,0,1289,324,-2035,2,下位,0,0,0
43,43,0,54,186,0,1,367,1289,324,-2035,2,下位,0,367,0
50,50,0,-6,-23,0,0,0,410,186,-2514,1,下位,0,0,0
195,195,0,-6,-23,0,1,50,410,186,-2514,1,下位,0,50,0
377,377,0,-6,-23,0,2,245,410,186,-2514,1,下位,0,195,0
411,411,0,62,215,0,3,622,410,186,-2514,1,下位,0,377,0
71,71,0,251,626,0,0,0,1033,215,-3984,1,下位,0,0,0
430,430,0,-6,-23,0,0,0,71,626,-3469,4,下位,0,0,0
107,107,0,-6,-23,0,1,430,71,626,-3469,4,下位,0,430,0
61,61,0,-6,-23,0,2,537,71,626,-3469,4,下位,0,107,0
327,327,0,472,1129,0,3,598,71,626,-3469,4,下位,0,61,0
199,199,0,-6,-23,0,0,0,925,1129,-3856,6,下位,0,0,0
120,120,0,162,490,0,1,199,925,1129,-3856,6,下位,0,199,0
165,165,0,211,565,1,0,0,0,0,1,0,下位,0,0,0
648,648,0,53,186,0,0,0,165,565,308,3,下位,0,0,0
399,399,0,-6,-23,0,0,0,648,186,-519,1,下位,0,0,0
313,313,0,-6,-23,0,1,399,648,186,-519,1,下位,0,399,0
105,105,0,238,551,0,2,712,648,186,-519,1,下位,0,313,0
127,127,0,284,735,0,0,0,817,551,-1292,3,下位,0,0,0
584,584,0,-6,-23,0,0,0,127,735,-756,4,下位,0,0,0
160,160,0,-6,-23,0,1,584,127,735,-756,4,下位,0,584,0
393,393,0,157,355,0,2,744,127,735,-756,4,下位,0,160,0
135,135,0,44,155,1,0,0,0,0,1,0,下位,0,0,0
139,139,0,-6,-23,0,0,0,135,155,-55,1,下位,0,0,0
333,333,0,36,122,0,1,139,135,155,-55,1,下位,0,139,0
461,461,0,143,408,0,0,0,472,122,-695,1,下位,0,0,0
86,86,0,1210,3382,0,0,0,461,408,-1008,2,下位,0,0,0
475,475,0,83,194,0,0,0,86,3382,-2,15,上位,0,0,0
121,121,0,203,607,0,0,0,475,194,-551,2,下位,0,0,0
180,180,0,586,1158,1,0,0,0,0,1,0,下位,0,0,0
445,445,0,81,291,0,0,0,180,1158,877,9,下位,0,0,0
105,105,0,-6,-23,0,0,0,445,291,472,1,下位,0,0,0
61,61,0,70,254,0,1,105,445,291,472,1,下位,0,105,0
100,100,0,45,149,0,0,0,166,254,442,1,下位,0,0,0
145,145,0,-6,-23,0,0,0,100,149,434,1,下位,0,0,0
310,310,0,-6,-23,0,1,145,100,149,434,1,下位,0,145,0
268,268,0,289,645,0,2,455,100,149,434,1,下位,0,310,0
176,176,0,119,314,1,0,0,0,0,1,0,下位,0,0,0
126,126,0,-6,-23,0,0,0,176,314,40,2,下位,0,0,0
221,221,0,37,126,0,1,126,176,314,40,2,下位,0,126,0
326,326,0,294,654,0,0,0,347,126,-400,1,下位,0,0,0
166,166,0,46,159,0,0,0,326,654,-256,4,下位,0,0,0
86,86,0,39,129,0,0,0,166,159,-357,1,下位,0,0,0
167,167,0,40,139,0,0,0,86,129,-363,1,下位,0,0,0
226,226,0,184,366,0,0,0,167,139,-485,1,下位,0,0,0
286,286,0,-6,-23,0,0,0,226,366,-472,3,下位,0,0,0
416,416,0,92,349,0,1,286,226,366,-472,3,下位,0,286,0
350,350,0,125,217,0,0,0,702,349,-1243,1,下位,0,0,0
370,370,0,261,669,0,0,0,350,217,-1573,3,下位,0,0,0
269,269,0,206,548,1,0,0,0,0,1,0,下位,0,0,0
180,180,0,40,127,1,0,0,0,0,1,0,下位,0,0,0
261,261,0,-6,-23,0,0,0,180,127,-154,1,下位,0,0,0
57,57,0,138,415,0,1,261,180,127,-154,1,下位,0,261,0
462,462,0,-6,-23,0,0,0,318,415,-260,2,下位,0,0,0
240,240,0,-6,-23,0,1,462,318,415,-260,2,下位,0,462,0
396,396,0,162,347,0,2,702,318,415,-260,2,下位,0,240,0
72,72,0,126,343,0,0,0,1098,347,-1675,3,下位,0,0,0
364,364,0,248,559,0,0,0,72,343,-1445,2,下位,0,0,0
364,364,0,111,278,0,0,0,364,559,-1455,4,下位,0,0,0
159,159,0,-6,-23,1,0,0,0,0,1,0,下位,0,0,0
339,339,0,286,745,1,1,159,0,0,1,0,下位,0,159,0
359,359,0,-6,-23,0,0,0,498,745,-56,3,下位,0,0,0
62,62,0,361,690,0,1,359,498,745,-56,3,下位,0,359,0
137,137,0,60,217,1,0,0,0,0,1,0,下位,0,0,0
189,189,0,26,78,0,0,0,137,217,4,1,下位,0,0,0
69,69,0,56,197,0,0,0,189,78,-214,1,下位,0,0,0
171,171,0,-6,-23,0,0,0,69,197,-125,1,下位,0,0,0
492,492,0,-6,-23,0,1,171,69,197,-125,1,下位,0,171,0
116,116,0,65,211,0,2,663,69,197,-125,1,下位,0,492,0
285,285,0,40,131,0,0,0,779,211,-1179,1,下位,0,0,0
449,449,0,583,1226,0,0,0,285,131,-1494,1,下位,0,0,0
219,219,0,278,773,1,0,0,0,0,1,0,下位,0,0,0
490,490,0,42,139,0,0,0,219,773,431,4,下位,0,0,0
87,87,0,73,271,0,0,0,490,139,-196,1,下位,0,0,0
266,266,0,815,1773,0,0,0,87,271,-61,1,下位,0,0,0
171,171,0,38,130,0,0,0,266,1773,1297,11,下位,0,0,0
130,130,0,2088,6071,0,0,0,171,130,1159,1,下位,0,0,0
430,430,0,-6,-23,0,0,0,130,6071,-2,23,上位,0,0,0
123,123,0,259,739,0,1,430,130,6071,-2,23,上位,0,430,0
324,324,0,-6,-23,0,0,0,553,739,-151,3,下位,0,0,0
434,434,0,35,119,0,1,324,553,739,-151,3,下位,0,324,0
112,112,0,406,1034,1,0,0,0,0,1,0,下位,0,0,0
144,144,0,-6,-23,0,0,0,112,1034,860,5,下位,0,0,0
87,87,0,690,1447,0,1,144,112,1034,860,5,下位,0,144,0
324,324,0,126,360,0,0,0,231,1447,1923,10,下位,0,0,0
89,89,0,-6,-23,0,0,0,324,360,1776,2,下位,0,0,0
109,109,0,40,137,0,1,89,324,360,1776,2,下位,0,89,0
173,173,0,53,185,0,0,0,198,137,1580,1,下位,0,0,0
695,695,0,90,248,0,0,0,173,185,1494,1,下位,0,0,0
337,337,0,311,648,1,0,0,0,0,1,0,下位,0,0,0
290,290,0,-6,-23,0,0,0,337,648,122,4,下位,0,0,0
137,137,0,727,1648,0,1,290,337,648,122,4,下位,0,290,0
343,343,0,57,208,0,0,0,427,1648,1079,9,下位,0,0,0
601,601,0,-6,-23,0,0,0,343,208,751,1,下位,0,0,0
682,682,0,-6,-23,0,1,601,343,208,751,1,下位,0,601,0
337,337,0,186,457,0,2,1283,343,208,751,1,下位,0,682,0
61,61,0,361,864,0,0,0,1620,457,-1371,3,下位,0,0,0
365,365,0,104,249,0,0,0,61,864,-603,5,下位,0,0,0
135,135,0,42,149,1,0,0,0,0,1,0,下位,0,0,0
156,156,0,-6,-23,0,0,0,135,149,-61,1,下位,0,0,0
176,176,0,-6,-23,0,1,156,135,149,-61,1,下位,0,156,0
210,210,0,44,156,0,2,332,135,149,-61,1,下位,0,176,0
312,312,0,-6,-23,0,0,0,542,156,-799,1,下位,0,0,0
79,79,0,152,468,0,1,312,542,156,-799,1,下位,0,312,0
184,184,0,66,236,0,0,0,391,468,-966,2,下位,0,0,0
201,201,0,2647,7575,0,0,0,184,236,-1018,1,下位,0,0,0
237,237,0,176,472,0,0,0,201,7575,334,28,上位,0,0,0
139,139,0,294,611,0,0,0,237,472,435,3,下位,0,0,0
176,176,0,-6,-23,0,0,0,139,611,828,5,下位,0,0,0
577,577,0,196,446,0,1,176,139,611,828,5,下位,0,176,0
326,326,0,478,942,0,0,0,753,446,74,3,下位,0,0,0
176,176,0,101,265,1,0,0,0,0,1,0,下位,0,0,0
183,183,0,-6,-23,0,0,0,176,265,-9,2,下位,0,0,0
199,199,0,42,135,0,1,183,176,265,-9,2,下位,0,183,0
433,433,0,117,338,1,0,0,0,0,1,0,下位,0,0,0
190,190,0,79,277,0,0,0,433,338,-338,2,下位,0,0,0
472,472,0,24,71,0,0,0,190,277,-358,1,下位,0,0,0
447,447,0,144,405,0,0,0,472,71,-1025,1,下位,0,0,0
216,216,0,601,1383,0,0,0,447,405,-1319,2,下位,0,0,0
211,211,0,-6,-23,0,0,0,216,1383,-274,8,下位,0,0,0
129,129,0,712,1607,0,1,211,216,1383,-274,8,下位,0,211,0
376,376,0,42,145,0,0,0,340,1607,779,9,下位,0,0,0
262,262,0,-6,-23,1,0,0,0,0,1,0,下位,0,0,0
205,205,0,-6,-23,1,1,262,0,0,1,0,下位,0,262,0
94,94,0,564,1230,1,2,467,0,0,1,0,下位,0,205,0
182,182,0,44,155,0,0,0,561,1230,306,8,下位,0,0,0
103,103,0,-6,-23,0,0,0,182,155,176,1,下位,0,0,0
213,213,0,-6,-23,0,1,103,182,155,176,1,下位,0,103,0
110,110,0,47,144,0,2,316,182,155,176,1,下位,0,213,0
206,206,0,130,355,0,0,0,426,144,-392,1,下位,0,0,0
129,129,0,-6,-23,1,0,0,0,0,1,0,下位,0,0,0
194,194,0,1159,2519,1,1,129,0,0,1,0,下位,0,129,0
202,202,0,-6,-23,0,0,0,323,2519,1991,16,下位,0,0,0
147,147,0,-6,-23,0,1,202,323,2519,1991,16,下位,0,202,0
308,308,0,-6,-23,0,2,349,323,2519,1991,16,下位,0,147,0
102,102,0,277,691,0,3,657,323,2519,1991,16,下位,0,308,0
100,100,0,-6,-23,0,0,0,759,691,1425,4,下位,0,0,0
264,264,0,194,552,0,1,100,759,691,1425,4,下位,0,100,0
90,90,0,546,983,0,0,0,364,552,1384,3,下位,0,0,0
661,661,0,125,362,0,0,0,90,983,-2,10,上位,0,0,0
249,249,0,49,157,0,0,0,661,362,-673,2,下位,0,0,0
151,151,0,93,237,0,0,0,249,157,-906,1,下位,0,0,0
427,427,0,-6,-23,1,0,0,0,0,1,0,下位,0,0,0
649,649,0,-6,-23,1,1,427,0,0,1,0,下位,0,427,0
164,164,0,58,211,1,2,1076,0,0,1,0,下位,0,649,0
432,432,0,-6,-23,0,0,0,1240,211,-1774,1,下位,0,0,0
61,61,0,57,206,0,1,432,1240,211,-1774,1,下位,0,432,0
140,140,0,-6,-23,1,0,0,0,0,1,0,下位,0,0,0
234,234,0,-6,-23,1,1,140,0,0,1,0,下位,0,140,0
183,183,0,127,369,1,2,374,0,0,1,0,下位,0,234,0
495,495,0,-6,-23,0,0,0,557,369,-547,2,下位,0,0,0
203,203,0,95,226,0,1,495,557,369,-547,2,下位,0,495,0
69,69,0,-6,-23,0,0,0,698,226,-1436,2,下位,0,0,0
88,88,0,112,284,0,1,69,698,226,-1436,2,下位,0,69,0
308,308,0,-6,-23,0,0,0,157,284,-1420,2,下位,0,0,0
398,398,0,89,256,0,1,308,157,284,-1420,2,下位,0,308,0
297,297,0,-6,-23,0,0,0,706,256,-2291,2,下位,0,0,0
89,89,0,56,202,0,1,297,706,256,-2291,2,下位,0,297,0
401,401,0,-6,-23,0,0,0,386,202,-2715,1,下位,0,0,0
349,349,0,-6,-23,0,1,401,386,202,-2715,1,下位,0,401,0
359,359,0,-6,-23,0,2,750,386,202,-2715,1,下位,0,349,0
375,375,0,27,86,0,3,1109,386,202,-2715,1,下位,0,359,0
424,424,0,-6,-23,1,0,0,0,0,1,0,下位,0,0,0
370,370,0,-6,-23,1,1,424,0,0,1,0,下位,0,424,0
396,396,0,60,219,1,2,794,0,0,1,0,下位,0,370,0
555,555,0,-6,-23,0,0,0,1190,219,-1687,1,下位,0,0,0
469,469,0,-6,-23,0,1,555,1190,219,-1687,1,下位,0,555,0
106,106,0,-6,-23,0,2,1024,1190,219,-1687,1,下位,0,469,0
56,56,0,40,141,0,3,1130,1190,219,-1687,1,下位,0,106,0
442,442,0,-6,-23,0,0,0,1186,141,-3470,1,下位,0,0,0
326,326,0,36,116,0,1,442,1186,141,-3470,1,下位,0,442,0
223,223,0,48,158,0,0,0,768,116,-4578,1,下位,0,0,0
429,429,0,59,216,1,0,0,0,0,1,0,下位,0,0,0
64,64,0,36,111,0,0,0,429,216,-454,1,下位,0,0,0
453,453,0,66,225,0,0,0,64,111,-443,1,下位,0,0,0
422,422,0,-6,-23,0,0,0,453,225,-926,1,下位,0,0,0
196,196,0,78,281,0,1,422,453,225,-926,1,下位,0,422,0
248,248,0,98,372,0,0,0,618,281,-1635,1,下位,0,0,0
173,173,0,-6,-23,1,0,0,0,0,1,0,下位,0,0,0
618,618,0,75,279,1,1,173,0,0,1,0,下位,0,173,0
145,145,0,110,264,0,0,0,791,279,-980,1,下位,0,0,0
514,514,0,-6,-23,0,0,0,145,264,-943,2,下位,0,0,0
100,100,0,-6,-23,0,1,514,145,264,-943,2,下位,0,514,0
214,214,0,741,1739,0,2,614,145,264,-943,2,下位,0,100,0
167,167,0,347,714,1,0,0,0,0,1,0,下位,0,0,0
225,225,0,-6,-23,0,0,0,167,714,454,5,下位,0,0,0
662,662,0,149,432,0,1,225,167,714,454,5,下位,0,225,0
520,520,0,60,218,0,0,0,887,432,-524,2,下位,0,0,0
339,339,0,129,350,0,0,0,520,218,-1119,1,下位,0,0,0
501,501,0,-6,-23,1,0,0,0,0,1,0,下位,0,0,0
119,119,0,227,619,1,1,501,0,0,1,0,下位,0,501,0
466,466,0,-6,-23,0,0,0,620,619,-372,2,下位,0,0,0
322,322,0,-6,-23,0,1,466,620,619,-372,2,下位,0,466,0
429,429,0,-6,-23,0,2,788,620,619,-372,2,下位,0,322,0
183,183,0,38,129,0,3,1217,620,619,-372,2,下位,0,429,0
391,391,0,-6,-23,1,0,0,0,0,1,0,下位,0,0,0
210,210,0,-6,-23,1,1,391,0,0,1,0,下位,0,391,0
143,143,0,1459,3767,1,2,601,0,0,1,0,下位,0,210,0
444,444,0,-6,-23,0,0,0,744,3767,221,18,上位,0,0,0
147,147,0,368,935,0,1,444,744,3767,221,18,上位,0,444,0
387,387,0,-6,-23,0,0,0,591,935,209,5,下位,0,0,0
245,245,0,22,68,0,1,387,591,935,209,5,下位,0,387,0
574,574,0,-6,-23,1,0,0,0,0,1,0,下位,0,0,0
419,419,0,-6,-23,1,1,574,0,0,1,0,下位,0,574,0
334,334,0,-6,-23,1,2,993,0,0,1,0,下位,0,419,0
461,461,0,96,246,1,3,1327,0,0,1,0,下位,0,334,0
308,308,0,-6,-23,0,0,0,1788,246,-2617,2,下位,0,0,0
140,140,0,93,351,0,1,308,1788,246,-2617,2,下位,0,308,0
173,173,0,1718,4375,0,0,0,448,351,-2990,1,下位,0,0,0
116,116,0,-6,-23,0,0,0,173,4375,1114,20,下位,0,0,0
97,97,0,96,361,0,1,116,173,4375,1114,20,下位,0,116,0
466,466,0,60,218,0,0,0,213,361,1118,1,下位,0,0,0
184,184,0,203,573,1,0,0,0,0,1,0,下位,0,0,0
374,374,0,-6,-23,0,0,0,184,573,286,3,下位,0,0,0
252,252,0,38,131,0,1,374,184,573,286,3,下位,0,374,0
358,358,0,347,780,0,0,0,626,131,-585,1,下位,0,0,0
572,572,0,139,365,0,0,0,358,780,-364,5,下位,0,0,0
204,204,0,-6,-23,0,0,0,572,365,-893,2,下位,0,0,0
247,247,0,-6,-23,0,1,204,572,365,-893,2,下位,0,204,0
179,179,0,46,164,0,2,451,572,365,-893,2,下位,0,247,0
476,476,0,-6,-23,0,0,0,630,164,-1760,1,下位,0,0,0
54,54,0,2107,5799,0,1,476,630,164,-1760,1,下位,0,476,0
236,236,0,884,2039,0,0,0,530,5799,586,24,上位,0,0,0
142,142,0,100,372,0,0,0,236,2039,312,15,上位,0,0,0
583,583,0,-6,-23,1,0,0,0,0,1,0,下位,0,0,0
519,519,0,-6,-23,1,1,583,0,0,1,0,下位,0,583,0
131,131,0,-6,-23,1,2,1102,0,0,1,0,下位,0,519,0
79,79,0,292,717,1,3,1233,0,0,1,0,下位,0,131,0
259,259,0,63,226,0,0,0,1312,717,-1402,4,下位,0,0,0
508,508,0,-6,-23,1,0,0,0,0,1,0,下位,0,0,0
322,322,0,398,783,1,1,508,0,0,1,0,下位,0,508,0
129,129,0,58,212,0,0,0,830,783,-537,6,下位,0,0,0
111,111,0,-6,-23,0,0,0,129,212,-527,1,下位,0,0,0
280,280,0,58,209,0,1,111,129,212,-527,1,下位,0,111,0
255,255,0,-6,-23,1,0,0,0,0,1,0,下位,0,0,0
318,318,0,135,384,1,1,255,0,0,1,0,下位,0,255,0
379,379,0,1375,3524,0,0,0,573,384,-534,2,下位,0,0,0
497,497,0,-6,-23,0,0,0,379,3524,-2,16,上位,0,0,0
369,369,0,127,392,0,1,497,379,3524,-2,16,上位,0,497,0
158,158,0,126,398,1,0,0,0,0,1,0,下位,0,0,0
268,268,0,695,1586,0,0,0,158,398,152,2,下位,0,0,0
269,269,0,-6,-23,0,0,0,268,1586,1319,10,下位,0,0,0
509,509,0,-6,-23,0,1,269,268,1586,1319,10,下位,0,269,0
426,426,0,-6,-23,0,2,778,268,1586,1319,10,下位,0,509,0
136,136,0,474,1050,0,3,1204,268,1586,1319,10,下位,0,426,0
69,69,0,184,446,0,0,0,1340,1050,204,6,下位,0,0,0
180,180,0,298,831,1,0,0,0,0,1,0,下位,0,0,0
435,435,0,-6,-23,0,0,0,180,831,549,4,下位,0,0,0
544,544,0,-6,-23,0,1,435,180,831,549,4,下位,0,435,0
86,86,0,426,940,0,2,979,180,831,549,4,下位,0,544,0
212,212,0,-6,-23,0,0,0,1065,940,-222,6,下位,0,0,0
50,50,0,45,153,0,1,212,1065,940,-222,6,下位,0,212,0
345,345,0,367,985,0,0,0,262,153,-503,1,下位,0,0,0
61,61,0,760,1557,0,0,0,345,985,-58,5,下位,0,0,0
189,189,0,66,232,0,0,0,61,1557,1404,13,下位,0,0,0
154,154,0,294,688,0,0,0,189,232,1340,1,下位,0,0,0
182,182,0,220,640,1,0,0,0,0,1,0,下位,0,0,0
110,110,0,123,303,0,0,0,182,640,356,3,下位,0,0,0
196,196,0,53,192,0,0,0,110,303,487,2,下位,0,0,0
155,155,0,-6,-23,0,0,0,196,192,372,1,下位,0,0,0
148,148,0,-6,-23,0,1,155,196,192,372,1,下位,0,155,0
337,337,0,-6,-23,0,2,303,196,192,372,1,下位,0,148,0
288,288,0,57,200,0,3,640,196,192,372,1,下位,0,337,0
366,366,0,124,331,0,0,0,928,200,-949,1,下位,0,0,0
561,561,0,44,157,0,0,0,366,331,-1190,2,下位,0,0,0
127,127,0,55,198,1,0,0,0,0,1,0,下位,0,0,0
89,89,0,85,318,0,0,0,127,198,1,1,下位,0,0,0
91,91,0,-6,-23,0,0,0,89,318,179,1,下位,0,0,0
326,326,0,422,832,0,1,91,89,318,179,1,下位,0,91,0
380,380,0,-6,-23,0,0,0,417,832,336,6,下位,0,0,0
60,60,0,-6,-23,0,1,380,417,832,336,6,下位,0,380,0
593,593,0,337,813,0,2,440,417,832,336,6,下位,0,60,0
160,160,0,-6,-23,0,0,0,1033,813,-512,4,下位,0,0,0
581,581,0,-6,-23,0,1,160,1033,813,-512,4,下位,0,160,0
339,339,0,192,419,0,2,741,1033,813,-512,4,下位,0,581,0
199,199,0,140,384,0,0,0,1080,419,-1827,3,下位,0,0,0
220,220,0,-6,-23,0,0,0,199,384,-1754,2,下位,0,0,0
383,383,0,49,165,0,1,220,199,384,-1754,2,下位,0,220,0
252,252,0,142,422,1,0,0,0,0,1,0,下位,0,0,0
177,177,0,-6,-23,0,0,0,252,422,29,2,下位,0,0,0
533,533,0,36,125,0,1,177,252,422,29,2,下位,0,177,0
155,155,0,112,327,0,0,0,710,125,-979,1,下位,0,0,0
310,310,0,-6,-23,0,0,0,155,327,-895,2,下位,0,0,0
308,308,0,-6,-23,0,1,310,155,327,-895,2,下位,0,310,0
525,525,0,159,464,0,2,618,155,327,-895,2,下位,0,308,0
385,385,0,330,1006,0,0,0,1143,464,-2265,2,下位,0,0,0
460,460,0,-6,-23,0,0,0,385,1006,-1861,3,下位,0,0,0
603,603,0,70,258,0,1,460,385,1006,-1861,3,下位,0,460,0
215,215,0,827,1948,0,0,0,1063,258,-3288,1,下位,0,0,0
72,72,0,-6,-23,0,0,0,215,1948,-1676,12,下位,0,0,0
511,511,0,55,199,0,1,72,215,1948,-1676,12,下位,0,72,0
110,110,0,680,1422,1,0,0,0,0,1,0,下位,0,0,0
532,532,0,-6,-23,0,0,0,110,1422,1252,9,下位,0,0,0
578,578,0,228,450,0,1,532,110,1422,1252,9,下位,0,532,0
123,123,0,36,122,0,0,0,1110,450,-57,3,下位,0,0,0
104,104,0,-6,-23,0,0,0,123,122,-128,1,下位,0,0,0
186,186,0,265,754,0,1,104,123,122,-128,1,下位,0,104,0
95,95,0,-6,-23,0,0,0,290,754,149,3,下位,0,0,0
144,144,0,141,409,0,1,95,290,754,149,3,下位,0,95,0
495,495,0,-6,-23,0,0,0,239,409,161,2,下位,0,0,0
281,281,0,212,544,0,1,495,239,409,161,2,下位,0,495,0
382,382,0,38,133,0,0,0,776,544,-530,3,下位,0,0,0
321,321,0,-6,-23,0,0,0,382,133,-994,1,下位,0,0,0
265,265,0,398,876,0,1,321,382,133,-994,1,下位,0,321,0
120,120,0,57,200,0,0,0,586,876,-1057,5,下位,0,0,0
330,330,0,-6,-23,0,0,0,120,200,-1045,1,下位,0,0,0
284,284,0,-6,-23,0,1,330,120,200,-1045,1,下位,0,330,0
57,57,0,257,782,0,2,614,120,200,-1045,1,下位,0,284,0
557,557,0,37,127,1,0,0,0,0,1,0,下位,0,0,0
230,230,0,-6,-23,0,0,0,557,127,-743,1,下位,0,0,0
312,312,0,125,369,0,1,230,557,127,-743,1,下位,0,230,0
223,223,0,-6,-23,0,0,0,542,369,-1245,2,下位,0,0,0
211,211,0,25,73,0,1,223,542,369,-1245,2,下位,0,223,0
61,61,0,498,1126,0,0,0,434,73,-1874,1,下位,0,0,0
319,319,0,38,133,0,0,0,61,1126,-844,6,下位,0,0,0
414,414,0,171,382,0,0,0,319,133,-1210,1,下位,0,0,0
80,80,0,-6,-23,0,0,0,414,382,-1476,3,下位,0,0,0
390,390,0,40,131,0,1,80,414,382,-1476,3,下位,0,80,0
404,404,0,196,474,0,0,0,470,131,-2103,1,下位,0,0,0
423,423,0,38,124,0,0,0,404,474,-2261,3,下位,0,0,0
106,106,0,106,250,1,0,0,0,0,1,0,下位,0,0,0
539,539,0,-6,-23,0,0,0,106,250,85,2,下位,0,0,0
503,503,0,528,1226,0,1,539,106,250,85,2,下位,0,539,0
64,64,0,-6,-23,0,0,0,1042,1226,-341,7,下位,0,0,0
156,156,0,45,143,0,1,64,1042,1226,-341,7,下位,0,64,0
615,615,0,40,130,0,0,0,220,143,-565,1,下位,0,0,0
518,518,0,129,356,0,0,0,615,130,-1396,1,下位,0,0,0
431,431,0,49,170,1,0,0,0,0,1,0,下位,0,0,0
308,308,0,-6,-23,0,0,0,431,170,-503,1,下位,0,0,0
46,46,0,56,198,0,1,308,431,170,-503,1,下位,0,308,0
356,356,0,-6,-23,0,0,0,354,198,-882,1,下位,0,0,0
156,156,0,-6,-23,0,1,356,354,198,-882,1,下位,0,356,0
442,442,0,552,1148,0,2,512,354,198,-882,1,下位,0,156,0
82,82,0,1564,3988,0,0,0,954,1148,-1272,7,下位,0,0,0
149,149,0,-6,-23,0,0,0,82,3988,227,19,上位,0,0,0
324,324,0,76,277,0,1,149,82,3988,227,19,上位,0,149,0
338,338,0,173,398,0,0,0,473,277,-259,1,下位,0,0,0
534,534,0,58,212,0,0,0,338,398,-390,3,下位,0,0,0
378,378,0,-6,-23,1,0,0,0,0,1,0,下位,0,0,0
90,90,0,54,195,1,1,378,0,0,1,0,下位,0,378,0
370,370,0,45,159,0,0,0,468,195,-559,1,下位,0,0,0
445,445,0,38,121,0,0,0,370,159,-979,1,下位,0,0,0
283,283,0,218,586,0,0,0,445,121,-1554,1,下位,0,0,0
360,360,0,88,259,1,0,0,0,0,1,0,下位,0,0,0
274,274,0,-6,-23,1,0,0,0,0,1,0,下位,0,0,0
472,472,0,124,327,1,1,274,0,0,1,0,下位,0,274,0
321,321,0,44,154,1,0,0,0,0,1,0,下位,0,0,0
389,389,0,36,123,0,0,0,321,154,-347,1,下位,0,0,0
86,86,0,491,1162,0,0,0,389,123,-832,1,下位,0,0,0
69,69,0,40,126,0,0,0,86,1162,194,6,下位,0,0,0
276,276,0,190,552,0,0,0,69,126,212,1,下位,0,0,0
402,402,0,1611,3718,1,0,0,0,0,1,0,下位,0,0,0
164,164,0,-6,-23,1,0,0,0,0,1,0,下位,0,0,0
120,120,0,-6,-23,1,1,164,0,0,1,0,下位,0,164,0
249,249,0,-6,-23,1,2,284,0,0,1,0,下位,0,120,0
350,350,0,62,221,1,3,533,0,0,1,0,下位,0,249,0
227,227,0,281,666,0,0,0,883,221,-1228,1,下位,0,0,0
96,96,0,42,146,1,0,0,0,0,1,0,下位,0,0,0
629,629,0,60,217,0,0,0,96,146,-3,1,下位,0,0,0
161,161,0,37,127,1,0,0,0,0,1,0,下位,0,0,0
75,75,0,-6,-23,0,0,0,161,127,-124,1,下位,0,0,0
666,666,0,96,355,0,1,75,161,127,-124,1,下位,0,75,0
380,380,0,-6,-23,0,0,0,741,355,-951,1,下位,0,0,0
50,50,0,1054,2383,0,1,380,741,355,-951,1,下位,0,380,0
408,408,0,471,1216,1,0,0,0,0,1,0,下位,0,0,0
144,144,0,132,368,0,0,0,408,1216,578,6,下位,0,0,0
403,403,0,-6,-23,0,0,0,144,368,720,2,下位,0,0,0
469,469,0,56,195,0,1,403,144,368,720,2,下位,0,403,0
460,460,0,-6,-23,1,0,0,0,0,1,0,下位,0,0,0
175,175,0,60,225,1,1,460,0,0,1,0,下位,0,460,0
119,119,0,-6,-23,0,0,0,635,225,-790,1,下位,0,0,0
290,290,0,117,342,0,1,119,635,225,-790,1,下位,0,119,0
67,67,0,-6,-23,0,0,0,409,342,-1111,2,下位,0,0,0
405,405,0,-6,-23,0,1,67,409,342,-1111,2,下位,0,67,0
126,126,0,60,190,0,2,472,409,342,-1111,2,下位,0,405,0
93,93,0,-6,-23,0,0,0,598,190,-1902,1,下位,0,0,0
603,603,0,54,188,0,1,93,598,190,-1902,1,下位,0,93,0
527,527,0,113,281,0,0,0,696,188,-2826,1,下位,0,0,0
113,113,0,152,458,1,0,0,0,0,1,0,下位,0,0,0
318,318,0,34,120,0,0,0,113,458,282,2,下位,0,0,0
268,268,0,-6,-23,0,0,0,318,120,-95,1,下位,0,0,0
535,535,0,157,500,0,1,268,318,120,-95,1,下位,0,268,0
305,305,0,1390,3694,0,0,0,803,500,-873,2,下位,0,0,0
1,1,0,744,2395,0,0,0,305,3694,2344,16,下位,0,0,0
121,121,0,479,1134,1,0,0,0,0,1,0,下位,0,0,0
436,436,0,-6,-23,0,0,0,121,1134,945,6,下位,0,0,0
289,289,0,-6,-23,0,1,436,121,1134,945,6,下位,0,436,0
39,39,0,-6,-23,0,2,725,121,1134,945,6,下位,0,289,0
398,398,0,57,208,0,3,764,121,1134,945,6,下位,0,39,0
225,225,0,66,248,0,0,0,1162,208,-733,1,下位,0,0,0
190,190,0,-6,-23,1,0,0,0,0,1,0,下位,0,0,0
393,393,0,184,437,1,1,190,0,0,1,0,下位,0,190,0
236,236,0,-6,-23,0,0,0,583,437,-496,3,下位,0,0,0
212,212,0,495,1167,0,1,236,583,437,-496,3,下位,0,236,0
201,201,0,158,431,0,0,0,448,1167,-53,6,下位,0,0,0
404,404,0,-6,-23,0,0,0,201,431,64,2,下位,0,0,0
473,473,0,654,1656,0,1,404,201,431,64,2,下位,0,404,0
460,460,0,490,1088,0,0,0,877,1656,325,8,下位,0,0,0
378,378,0,-6,-23,0,0,0,460,1088,694,7,下位,0,0,0
474,474,0,-6,-23,0,1,378,460,1088,694,7,下位,0,378,0
317,317,0,112,321,0,2,852,460,1088,694,7,下位,0,474,0
453,453,0,-6,-23,1,0,0,0,0,1,0,下位,0,0,0
229,229,0,-6,-23,1,1,453,0,0,1,0,下位,0,453,0
397,397,0,378,803,1,2,682,0,0,1,0,下位,0,229,0
614,614,0,-6,-23,0,0,0,1079,803,-929,5,下位,0,0,0
195,195,0,-6,-23,0,1,614,1079,803,-929,5,下位,0,614,0
423,423,0,184,449,0,2,809,1079,803,-929,5,下位,0,195,0
342,342,0,-6,-23,0,0,0,1232,449,-2452,3,下位,0,0,0
92,92,0,130,384,0,1,342,1232,449,-2452,3,下位,0,342,0
186,186,0,514,1296,0,0,0,434,384,-2770,2,下位,0,0,0
63,63,0,51,189,0,0,0,186,1296,-1766,7,下位,0,0,0
98,98,0,200,471,0,0,0,63,189,-1676,1,下位,0,0,0
430,430,0,-6,-23,1,0,0,0,0,1,0,下位,0,0,0
490,490,0,-6,-23,1,1,430,0,0,1,0,下位,0,430,0
305,305,0,-6,-23,1,2,920,0,0,1,0,下位,0,490,0
542,542,0,265,590,1,3,1225,0,0,1,0,下位,0,305,0
69,69,0,42,119,0,0,0,1767,590,-2240,3,下位,0,0,0
141,141,0,-6,-23,0,0,0,69,119,-2229,1,下位,0,0,0
586,586,0,-6,-23,0,1,141,69,119,-2229,1,下位,0,141,0
277,277,0,184,455,0,2,727,69,119,-2229,1,下位,0,586,0
78,78,0,-6,-23,0,0,0,1004,455,-3390,3,下位,0,0,0
559,559,0,-6,-23,0,1,78,1004,455,-3390,3,下位,0,78,0
327,327,0,201,481,0,2,637,1004,455,-3390,3,下位,0,559,0
109,109,0,-6,-23,0,0,0,964,481,-4462,3,下位,0,0,0
97,97,0,-6,-23,0,1,109,964,481,-4462,3,下位,0,109,0
401,401,0,72,273,0,2,206,964,481,-4462,3,下位,0,97,0
418,418,0,-6,-23,0,0,0,607,273,-5185,1,下位,0,0,0
48,48,0,-6,-23,0,1,418,607,273,-5185,1,下位,0,418,0
75,75,0,-6,-23,0,2,466,607,273,-5185,1,下位,0,48,0
295,295,0,138,365,0,3,541,607,273,-5185,1,下位,0,75,0
496,496,0,-6,-23,1,0,0,0,0,1,0,下位,0,0,0
106,106,0,-6,-23,1,1,496,0,0,1,0,下位,0,496,0
339,339,0,1352,3792,1,2,602,0,0,1,0,下位,0,106,0
326,326,0,338,813,0,0,0,941,3792,-2,14,上位,0,0,0
127,127,0,-6,-23,0,0,0,326,813,301,5,下位,0,0,0
111,111,0,-6,-23,0,1,127,326,813,301,5,下位,0,127,0
187,187,0,223,546,0,2,238,326,813,301,5,下位,0,111,0
108,108,0,-6,-23,0,0,0,425,546,135,3,下位,0,0,0
154,154,0,-6,-23,0,1,108,425,546,135,3,下位,0,108,0
409,409,0,53,197,0,2,262,425,546,135,3,下位,0,154,0
135,135,0,81,285,0,0,0,671,197,-764,1,下位,0,0,0
430,430,0,231,508,0,0,0,135,285,-690,1,下位,0,0,0
265,265,0,-6,-23,0,0,0,430,508,-854,3,下位,0,0,0
94,94,0,-6,-23,0,1,265,430,508,-854,3,下位,0,265,0
97,97,0,163,495,0,2,359,430,508,-854,3,下位,0,94,0
148,148,0,1245,2681,0,0,0,456,495,-1119,2,下位,0,0,0
157,157,0,-6,-23,0,0,0,148,2681,1329,18,下位,0,0,0
194,194,0,-6,-23,0,1,157,148,2681,1329,18,下位,0,157,0
101,101,0,62,193,0,2,351,148,2681,1329,18,下位,0,194,0
120,120,0,57,207,0,0,0,452,193,768,1,下位,0,0,0
468,468,0,-6,-23,1,0,0,0,0,1,0,下位,0,0,0
197,197,0,-6,-23,1,1,468,0,0,1,0,下位,0,468,0
306,306,0,40,140,1,2,665,0,0,1,0,下位,0,197,0
81,81,0,-6,-23,0,0,0,971,140,-1424,1,下位,0,0,0
477,477,0,127,330,0,1,81,971,140,-1424,1,下位,0,81,0
412,412,0,-6,-23,0,0,0,558,330,-1990,2,下位,0,0,0
147,147,0,98,241,0,1,412,558,330,-1990,2,下位,0,412,0
454,454,0,-6,-23,0,0,0,559,241,-2645,2,下位,0,0,0
561,561,0,-6,-23,0,1,454,559,241,-2645,2,下位,0,454,0
420,420,0,61,223,0,2,1015,559,241,-2645,2,下位,0,561,0
110,110,0,-6,-23,0,0,0,1435,223,-4712,1,下位,0,0,0
318,318,0,58,209,0,1,110,1435,223,-4712,1,下位,0,110,0
181,181,0,77,286,0,0,0,428,209,-5195,1,下位,0,0,0
150,150,0,28,86,0,0,0,181,286,-5192,1,下位,0,0,0
486,486,0,33,82,1,0,0,0,0,1,0,下位,0,0,0
147,147,0,-6,-23,0,0,0,486,82,-677,1,下位,0,0,0
102,102,0,-6,-23,0,1,147,486,82,-677,1,下位,0,147,0
72,72,0,-6,-23,0,2,249,486,82,-677,1,下位,0,102,0
222,222,0,100,381,0,3,321,486,82,-677,1,下位,0,72,0
158,158,0,78,284,0,0,0,543,381,-1215,1,下位,0,0,0
106,106,0,1566,4248,0,0,0,158,284,-1178,1,下位,0,0,0
480,480,0,521,1206,0,0,0,106,4248,555,18,上位,0,0,0
501,501,0,246,595,1,0,0,0,0,1,0,下位,0,0,0
149,149,0,64,228,0,0,0,501,595,-187,4,下位,0,0,0
218,218,0,60,207,0,0,0,149,228,-192,1,下位,0,0,0
188,188,0,60,221,0,0,0,218,207,-326,1,下位,0,0,0
290,290,0,58,199,0,0,0,188,221,-399,1,下位,0,0,0
231,231,0,-6,-23,0,0,0,290,199,-654,1,下位,0,0,0
175,175,0,-6,-23,0,1,231,290,199,-654,1,下位,0,231,0
334,334,0,-6,-23,0,2,406,290,199,-654,1,下位,0,175,0
52,52,0,150,335,0,3,740,290,199,-654,1,下位,0,334,0
140,140,0,-6,-23,0,0,0,792,335,-1627,3,下位,0,0,0
40,40,0,578,1162,0,1,140,792,335,-1627,3,下位,0,140,0
448,448,0,58,200,1,0,0,0,0,1,0,下位,0,0,0
572,572,0,-6,-23,0,0,0,448,200,-499,1,下位,0,0,0
245,245,0,65,238,0,1,572,448,200,-499,1,下位,0,572,0
380,380,0,118,334,0,0,0,817,238,-1561,1,下位,0,0,0
582,582,0,40,133,0,0,0,380,334,-1821,2,下位,0,0,0
174,174,0,-6,-23,1,0,0,0,0,1,0,下位,0,0,0
437,437,0,67,212,1,1,174,0,0,1,0,下位,0,174,0
472,472,0,281,769,0,0,0,611,212,-765,1,下位,0,0,0
348,348,0,-6,-23,0,0,0,472,769,-733,4,下位,0,0,0
191,191,0,148,454,0,1,348,472,769,-733,4,下位,0,348,0
527,527,0,-6,-23,0,0,0,539,454,-1145,2,下位,0,0,0
192,192,0,60,214,0,1,527,539,454,-1145,2,下位,0,527,0
345,345,0,62,221,0,0,0,719,214,-2078,1,下位,0,0,0
437,437,0,46,158,1,0,0,0,0,1,0,下位,0,0,0
363,363,0,680,1497,1,0,0,0,0,1,0,下位,0,0,0
422,422,0,-6,-23,0,0,0,363,1497,929,10,下位,0,0,0
172,172,0,47,167,0,1,422,363,1497,929,10,下位,0,422,0
563,563,0,-6,-23,0,0,0,594,167,144,1,下位,0,0,0
597,597,0,42,138,0,1,563,594,167,144,1,下位,0,563,0
577,577,0,166,503,1,0,0,0,0,1,0,下位,0,0,0
435,435,0,-6,-23,0,0,0,577,503,-398,2,下位,0,0,0
151,151,0,37,126,0,1,435,577,503,-398,2,下位,0,435,0
173,173,0,38,133,0,0,0,586,126,-1211,1,下位,0,0,0
308,308,0,360,898,0,0,0,173,133,-1349,1,下位,0,0,0
323,323,0,-6,-23,0,0,0,308,898,-934,5,下位,0,0,0
108,108,0,30,94,0,1,323,308,898,-934,5,下位,0,323,0
459,459,0,186,446,0,0,0,431,94,-1537,1,下位,0,0,0
250,250,0,168,484,1,0,0,0,0,1,0,下位,0,0,0
358,358,0,-6,-23,0,0,0,250,484,94,2,下位,0,0,0
117,117,0,59,214,0,1,358,250,484,94,2,下位,0,358,0
364,364,0,-6,-23,0,0,0,475,214,-458,1,下位,0,0,0
116,116,0,-6,-23,0,1,364,475,214,-458,1,下位,0,364,0
124,124,0,-6,-23,0,2,480,475,214,-458,1,下位,0,116,0
44,44,0,62,225,0,3,604,475,214,-458,1,下位,0,124,0
421,421,0,114,286,0,0,0,648,225,-1316,1,下位,0,0,0
83,83,0,78,272,0,0,0,421,286,-1688,2,下位,0,0,0
432,432,0,-6,-23,0,0,0,83,272,-1546,1,下位,0,0,0
303,303,0,-6,-23,0,1,432,83,272,-1546,1,下位,0,432,0
117,117,0,163,523,0,2,735,83,272,-1546,1,下位,0,303,0
345,345,0,383,775,1,0,0,0,0,1,0,下位,0,0,0
282,282,0,551,1200,0,0,0,345,775,236,6,下位,0,0,0
360,360,0,-6,-23,0,0,0,282,1200,996,7,下位,0,0,0
105,105,0,55,194,0,1,360,282,1200,996,7,下位,0,360,0
269,269,0,-6,-23,0,0,0,465,194,439,1,下位,0,0,0
313,313,0,-6,-23,0,1,269,465,194,439,1,下位,0,269,0
492,492,0,94,199,0,2,582,465,194,439,1,下位,0,313,0
169,169,0,463,1135,0,0,0,1074,199,-1088,2,下位,0,0,0
96,96,0,61,216,0,0,0,169,1135,-218,7,下位,0,0,0
155,155,0,-6,-23,0,0,0,96,216,-152,1,下位,0,0,0
53,53,0,-6,-23,0,1,155,96,216,-152,1,下位,0,155,0
491,491,0,-6,-23,0,2,208,96,216,-152,1,下位,0,53,0
129,129,0,264,714,0,3,699,96,216,-152,1,下位,0,491,0
80,80,0,524,1217,1,0,0,0,0,1,0,下位,0,0,0
504,504,0,39,129,0,0,0,80,1217,1093,7,下位,0,0,0
205,205,0,-6,-23,0,0,0,504,129,434,1,下位,0,0,0
564,564,0,-6,-23,0,1,205,504,129,434,1,下位,0,205,0
407,407,0,38,131,0,2,769,504,129,434,1,下位,0,564,0
288,288,0,120,357,0,0,0,1176,131,-1320,1,下位,0,0,0
312,312,0,70,248,0,0,0,288,357,-1413,2,下位,0,0,0
317,317,0,-6,-23,0,0,0,312,248,-1653,1,下位,0,0,0
204,204,0,40,134,0,1,317,312,248,-1653,1,下位,0,317,0
100,100,0,-6,-23,0,0,0,521,134,-2357,1,下位,0,0,0
248,248,0,361,891,0,1,100,521,134,-2357,1,下位,0,100,0
162,162,0,-6,-23,0,0,0,348,891,-2034,5,下位,0,0,0
96,96,0,-6,-23,0,1,162,348,891,-2034,5,下位,0,162,0
301,301,0,243,706,0,2,258,348,891,-2034,5,下位,0,96,0
221,221,0,56,195,0,0,0,559,706,-2248,3,下位,0,0,0
380,380,0,-6,-23,1,0,0,0,0,1,0,下位,0,0,0
237,237,0,-6,-23,1,1,380,0,0,1,0,下位,0,380,0
292,292,0,-6,-23,1,2,617,0,0,1,0,下位,0,237,0
319,319,0,292,596,1,3,909,0,0,1,0,下位,0,292,0
148,148,0,38,125,0,0,0,1228,596,-1393,4,下位,0,0,0
338,338,0,-6,-23,0,0,0,148,125,-1500,1,下位,0,0,0
239,239,0,505,1250,0,1,338,148,125,-1500,1,下位,0,338,0
476,476,0,39,129,0,0,0,577,1250,-1176,6,下位,0,0,0
257,257,0,314,846,0,0,0,476,129,-1791,1,下位,0,0,0
321,321,0,51,183,0,0,0,257,846,-1347,4,下位,0,0,0
172,172,0,58,210,0,0,0,321,183,-1666,1,下位,0,0,0
400,400,0,39,136,0,0,0,172,210,-1725,1,下位,0,0,0
89,89,0,914,2276,0,0,0,400,136,-2214,1,下位,0,0,0
457,457,0,41,136,1,0,0,0,0,1,0,下位,0,0,0
455,455,0,193,490,0,0,0,457,136,-577,1,下位,0,0,0
264,264,0,692,1590,0,0,0,455,490,-798,3,下位,0,0,0
474,474,0,717,1726,0,0,0,264,1590,379,9,下位,0,0,0
609,609,0,337,742,0,0,0,474,1726,1364,10,下位,0,0,0
457,457,0,-6,-23,0,0,0,609,742,1154,4,下位,0,0,0
250,250,0,-6,-23,0,1,457,609,742,1154,4,下位,0,457,0
130,130,0,144,404,0,2,707,609,742,1154,4,下位,0,250,0
107,107,0,50,177,1,0,0,0,0,1,0,下位,0,0,0
332,332,0,-6,-23,0,0,0,107,177,10,1,下位,0,0,0
429,429,0,280,567,0,1,332,107,177,10,1,下位,0,332,0
144,144,0,-6,-23,0,0,0,761,567,-636,4,下位,0,0,0
466,466,0,162,470,0,1,144,761,567,-636,4,下位,0,144,0
184,184,0,-6,-23,0,0,0,610,470,-1143,2,下位,0,0,0
289,289,0,60,221,0,1,184,610,470,-1143,2,下位,0,184,0
89,89,0,-6,-23,0,0,0,473,221,-1685,1,下位,0,0,0
436,436,0,305,615,0,1,89,473,221,-1685,1,下位,0,89,0
410,410,0,-6,-23,0,0,0,525,615,-1915,4,下位,0,0,0
283,283,0,57,202,0,1,410,525,615,-1915,4,下位,0,410,0
236,236,0,-6,-23,0,0,0,693,202,-2820,1,下位,0,0,0
273,273,0,63,220,0,1,236,693,202,-2820,1,下位,0,236,0
288,288,0,61,223,0,0,0,509,220,-3419,1,下位,0,0,0
272,272,0,-6,-23,1,0,0,0,0,1,0,下位,0,0,0
94,94,0,-6,-23,1,1,272,0,0,1,0,下位,0,272,0
130,130,0,-6,-23,1,2,366,0,0,1,0,下位,0,94,0
346,346,0,137,464,1,3,496,0,0,1,0,下位,0,130,0
130,130,0,137,381,0,0,0,842,464,-921,2,下位,0,0,0
80,80,0,412,920,0,0,0,130,381,-744,2,下位,0,0,0
169,169,0,38,133,0,0,0,80,920,51,5,下位,0,0,0
465,465,0,-6,-23,0,0,0,169,133,-80,1,下位,0,0,0
450,450,0,-6,-23,0,1,465,169,133,-80,1,下位,0,465,0
249,249,0,186,474,0,2,915,169,133,-80,1,下位,0,450,0
200,200,0,63,210,0,0,0,1164,474,-1473,3,下位,0,0,0
405,405,0,194,471,0,0,0,200,210,-1576,1,下位,0,0,0
247,247,0,-6,-23,0,0,0,405,471,-1738,3,下位,0,0,0
295,295,0,52,182,0,1,247,405,471,-1738,3,下位,0,247,0
105,105,0,58,211,1,0,0,0,0,1,0,下位,0,0,0
346,346,0,-6,-23,0,0,0,105,211,48,1,下位,0,0,0
474,474,0,-6,-23,0,1,346,105,211,48,1,下位,0,346,0
543,543,0,46,122,0,2,820,105,211,48,1,下位,0,474,0
193,193,0,2034,6010,1,0,0,0,0,1,0,下位,0,0,0
488,488,0,183,463,0,0,0,193,6010,392,21,上位,0,0,0
286,286,0,-6,-23,0,0,0,488,463,92,3,下位,0,0,0
53,53,0,74,273,0,1,286,488,463,92,3,下位,0,286,0
305,305,0,-6,-23,0,0,0,339,273,-188,1,下位,0,0,0
533,533,0,-6,-23,0,1,305,339,273,-188,1,下位,0,305,0
61,61,0,160,482,0,2,838,339,273,-188,1,下位,0,533,0
327,327,0,-6,-23,0,0,0,899,482,-1158,2,下位,0,0,0
290,290,0,-6,-23,0,1,327,899,482,-1158,2,下位,0,327,0
436,436,0,126,328,0,2,617,899,482,-1158,2,下位,0,290,0
257,257,0,218,596,0,0,0,1053,328,-2523,2,下位,0,0,0
375,375,0,39,136,0,0,0,257,596,-2330,3,下位,0,0,0
231,231,0,122,367,0,0,0,375,136,-2780,1,下位,0,0,0
123,123,0,-6,-23,1,0,0,0,0,1,0,下位,0,0,0
395,395,0,-6,-23,1,1,123,0,0,1,0,下位,0,123,0
389,389,0,60,211,1,2,518,0,0,1,0,下位,0,395,0
393,393,0,-6,-23,0,0,0,907,211,-1253,1,下位,0,0,0
295,295,0,53,181,0,1,393,907,211,-1253,1,下位,0,393,0
346,346,0,43,130,0,0,0,688,181,-2170,1,下位,0,0,0
93,93,0,-6,-23,0,0,0,346,130,-2582,1,下位,0,0,0
423,423,0,-6,-23,0,1,93,346,130,-2582,1,下位,0,93,0
359,359,0,-6,-23,0,2,516,346,130,-2582,1,下位,0,423,0
381,381,0,136,384,0,3,875,346,130,-2582,1,下位,0,359,0
117,117,0,26,83,0,0,0,1256,384,-4231,2,下位,0,0,0
243,243,0,-6,-23,1,0,0,0,0,1,0,下位,0,0,0
109,109,0,781,1949,1,1,243,0,0,1,0,下位,0,243,0
209,209,0,-6,-23,0,0,0,352,1949,1376,10,下位,0,0,0
424,424,0,68,243,0,1,209,352,1949,1376,10,下位,0,209,0
139,139,0,-6,-23,1,0,0,0,0,1,0,下位,0,0,0
598,598,0,-6,-23,1,1,139,0,0,1,0,下位,0,139,0
193,193,0,276,822,1,2,737,0,0,1,0,下位,0,598,0
280,280,0,156,447,0,0,0,930,822,-678,3,下位,0,0,0
128,128,0,-6,-23,1,0,0,0,0,1,0,下位,0,0,0
424,424,0,1955,5638,1,1,128,0,0,1,0,下位,0,128,0
468,468,0,-6,-23,0,0,0,552,5638,-2,22,上位,0,0,0
529,529,0,1244,2937,0,1,468,552,5638,-2,22,上位,0,468,0
423,423,0,-6,-23,0,0,0,997,2937,1353,16,下位,0,0,0
138,138,0,146,308,0,1,423,997,2937,1353,16,下位,0,423,0
179,179,0,-6,-23,1,0,0,0,0,1,0,下位,0,0,0
385,385,0,56,203,1,1,179,0,0,1,0,下位,0,179,0
319,319,0,-6,-23,0,0,0,564,203,-701,1,下位,0,0,0
209,209,0,-6,-23,0,1,319,564,203,-701,1,下位,0,319,0
177,177,0,-6,-23,0,2,528,564,203,-701,1,下位,0,209,0
310,310,0,325,876,0,3,705,564,203,-701,1,下位,0,177,0
535,535,0,111,274,1,0,0,0,0,1,0,下位,0,0,0
152,152,0,112,288,0,0,0,535,274,-561,2,下位,0,0,0
94,94,0,-6,-23,0,0,0,152,288,-512,2,下位,0,0,0
463,463,0,-6,-23,0,1,94,152,288,-512,2,下位,0,94,0
251,251,0,228,547,0,2,557,152,288,-512,2,下位,0,463,0
106,106,0,50,172,0,0,0,808,547,-1275,4,下位,0,0,0
180,180,0,-6,-23,0,0,0,106,172,-1269,1,下位,0,0,0
56,56,0,102,256,0,1,180,106,172,-1269,1,下位,0,180,0
246,246,0,250,607,0,0,0,236,256,-1406,2,下位,0,0,0
593,593,0,36,115,1,0,0,0,0,1,0,下位,0,0,0
344,344,0,147,420,0,0,0,593,115,-811,1,下位,0,0,0
83,83,0,508,1242,0,0,0,344,420,-928,2,下位,0,0,0
118,118,0,208,531,0,0,0,83,1242,184,6,下位,0,0,0
167,167,0,-6,-23,1,0,0,0,0,1,0,下位,0,0,0
180,180,0,141,415,1,1,167,0,0,1,0,下位,0,167,0
195,195,0,-6,-23,0,0,0,347,415,-150,2,下位,0,0,0
222,222,0,123,343,0,1,195,347,415,-150,2,下位,0,195,0
561,561,0,-6,-23,0,0,0,417,343,-482,2,下位,0,0,0
142,142,0,44,156,0,1,561,417,343,-482,2,下位,0,561,0
138,138,0,-6,-23,1,0,0,0,0,1,0,下位,0,0,0
66,66,0,77,276,1,1,138,0,0,1,0,下位,0,138,0
379,379,0,58,213,0,0,0,204,276,-66,1,下位,0,0,0
256,256,0,-6,-23,1,0,0,0,0,1,0,下位,0,0,0
212,212,0,718,1573,1,1,256,0,0,1,0,下位,0,256,0
190,190,0,92,349,0,0,0,468,1573,819,9,下位,0,0,0
498,498,0,131,335,0,0,0,190,349,871,1,下位,0,0,0
442,442,0,-6,-23,0,0,0,498,335,427,2,下位,0,0,0
107,107,0,-6,-23,0,1,442,498,335,427,2,下位,0,442,0
67,67,0,-6,-23,0,2,549,498,335,427,2,下位,0,107,0
245,245,0,270,586,0,3,616,498,335,427,2,下位,0,67,0
177,177,0,95,331,0,0,0,861,586,-403,4,下位,0,0,0
506,506,0,-6,-23,0,0,0,177,331,-349,1,下位,0,0,0
105,105,0,-6,-23,0,1,506,177,331,-349,1,下位,0,506,0
62,62,0,198,583,0,2,611,177,331,-349,1,下位,0,105,0
452,452,0,212,599,0,0,0,673,583,-864,3,下位,0,0,0
180,180,0,-6,-23,0,0,0,452,599,-972,3,下位,0,0,0
74,74,0,-6,-23,0,1,180,452,599,-972,3,下位,0,180,0
413,413,0,120,321,0,2,254,452,599,-972,3,下位,0,74,0
318,318,0,34,108,0,0,0,667,321,-1741,2,下位,0,0,0
259,259,0,-6,-23,1,0,0,0,0,1,0,下位,0,0,0
301,301,0,-6,-23,1,1,259,0,0,1,0,下位,0,259,0
463,463,0,219,474,1,2,560,0,0,1,0,下位,0,301,0
61,61,0,441,1058,0,0,0,1023,474,-1171,4,下位,0,0,0
324,324,0,-6,-23,0,0,0,61,1058,-208,7,下位,0,0,0
222,222,0,-6,-23,0,1,324,61,1058,-208,7,下位,0,324,0
386,386,0,126,353,0,2,546,61,1058,-208,7,下位,0,222,0
203,203,0,181,525,1,0,0,0,0,1,0,下位,0,0,0
317,317,0,116,344,0,0,0,203,525,208,2,下位,0,0,0
415,415,0,278,683,0,0,0,317,344,56,2,下位,0,0,0
226,226,0,-6,-23,0,0,0,415,683,90,4,下位,0,0,0
193,193,0,41,120,0,1,226,415,683,90,4,下位,0,226,0
309,309,0,-6,-23,0,0,0,419,120,-470,1,下位,0,0,0
233,233,0,-6,-23,0,1,309,419,120,-470,1,下位,0,309,0
78,78,0,-6,-23,0,2,542,419,120,-470,1,下位,0,233,0
352,352,0,132,345,0,3,620,419,120,-470,1,下位,0,78,0
187,187,0,-6,-23,0,0,0,972,345,-1714,2,下位,0,0,0
465,465,0,-6,-23,0,1,187,972,345,-1714,2,下位,0,187,0
510,510,0,-6,-23,0,2,652,972,345,-1714,2,下位,0,465,0
323,323,0,212,504,0,3,1162,972,345,-1714,2,下位,0,510,0
111,111,0,-6,-23,0,0,0,1485,504,-3600,3,下位,0,0,0
302,302,0,-6,-23,0,1,111,1485,504,-3600,3,下位,0,111,0
226,226,0,-6,-23,0,2,413,1485,504,-3600,3,下位,0,302,0
140,140,0,58,206,0,3,639,1485,504,-3600,3,下位,0,226,0
205,205,0,-6,-23,1,0,0,0,0,1,0,下位,0,0,0
444,444,0,64,225,1,1,205,0,0,1,0,下位,0,205,0
163,163,0,-6,-23,1,0,0,0,0,1,0,下位,0,0,0
57,57,0,-6,-23,1,1,163,0,0,1,0,下位,0,163,0
98,98,0,2120,6099,1,2,220,0,0,1,0,下位,0,57,0
445,445,0,-6,-23,0,0,0,318,6099,774,24,上位,0,0,0
274,274,0,35,123,0,1,445,318,6099,774,24,上位,0,445,0
145,145,0,581,1295,0,0,0,719,123,-251,1,下位,0,0,0
405,405,0,-6,-23,0,0,0,145,1295,817,7,下位,0,0,0
262,262,0,233,497,0,1,405,145,1295,817,7,下位,0,405,0
196,196,0,129,374,0,0,0,667,497,248,3,下位,0,0,0
358,358,0,56,191,1,0,0,0,0,1,0,下位,0,0,0
287,287,0,149,424,0,0,0,358,191,-368,1,下位,0,0,0
589,589,0,166,448,0,0,0,287,424,-393,2,下位,0,0,0
179,179,0,118,331,0,0,0,589,448,-866,3,下位,0,0,0
343,343,0,-6,-23,0,0,0,179,331,-815,2,下位,0,0,0
305,305,0,-6,-23,0,1,343,179,331,-815,2,下位,0,343,0
348,348,0,-6,-23,0,2,648,179,331,-815,2,下位,0,305,0
168,168,0,3222,9291,0,3,996,179,331,-815,2,下位,0,348,0
563,563,0,-6,-23,1,0,0,0,0,1,0,下位,0,0,0
182,182,0,-6,-23,1,1,563,0,0,1,0,下位,0,563,0
95,95,0,160,355,1,2,745,0,0,1,0,下位,0,182,0
257,257,0,109,260,1,0,0,0,0,1,0,下位,0,0,0
506,506,0,423,990,0,0,0,257,260,-141,2,下位,0,0,0
276,276,0,198,544,0,0,0,506,990,58,5,下位,0,0,0
325,325,0,114,351,0,0,0,276,544,170,3,下位,0,0,0
262,262,0,-6,-23,0,0,0,325,351,13,2,下位,0,0,0
129,129,0,-6,-23,0,1,262,325,351,13,2,下位,0,262,0
111,111,0,46,152,0,2,391,325,351,13,2,下位,0,129,0
233,233,0,54,196,1,0,0,0,0,1,0,下位,0,0,0
205,205,0,-6,-23,0,0,0,233,196,-167,1,下位,0,0,0
150,150,0,630,1405,0,1,205,233,196,-167,1,下位,0,205,0
81,81,0,60,212,0,0,0,355,1405,659,8,下位,0,0,0
147,147,0,1228,3134,0,0,0,81,212,744,1,下位,0,0,0
261,261,0,482,908,0,0,0,147,3134,180,15,上位,0,0,0
393,393,0,33,111,0,0,0,261,908,680,8,下位,0,0,0
145,145,0,263,647,0,0,0,393,111,176,1,下位,0,0,0
198,198,0,-6,-23,0,0,0,145,647,597,4,下位,0,0,0
292,292,0,182,267,0,1,198,145,647,597,4,下位,0,198,0
103,103,0,94,346,0,0,0,490,267,74,3,下位,0,0,0
185,185,0,-6,-23,0,0,0,103,346,259,1,下位,0,0,0
92,92,0,-6,-23,0,1,185,103,346,259,1,下位,0,185,0
225,225,0,72,269,0,2,277,103,346,259,1,下位,0,92,0
187,187,0,-6,-23,0,0,0,502,269,-304,1,下位,0,0,0
45,45,0,60,218,0,1,187,502,269,-304,1,下位,0,187,0
427,427,0,-6,-23,0,0,0,232,218,-473,1,下位,0,0,0
409,409,0,441,1098,0,1,427,232,218,-473,1,下位,0,427,0
206,206,0,-6,-23,0,0,0,836,1098,-705,5,下位,0,0,0
162,162,0,-6,-23,0,1,206,836,1098,-705,5,下位,0,206,0
257,257,0,-6,-23,0,2,368,836,1098,-705,5,下位,0,162,0
266,266,0,65,232,0,3,625,836,1098,-705,5,下位,0,257,0
200,200,0,36,125,1,0,0,0,0,1,0,下位,0,0,0
533,533,0,1216,3369,0,0,0,200,125,-187,1,下位,0,0,0
234,234,0,116,353,0,0,0,533,3369,-2,14,上位,0,0,0
465,465,0,39,129,0,0,0,234,353,-15,2,下位,0,0,0
129,129,0,-6,-23,0,0,0,465,129,-613,1,下位,0,0,0
445,445,0,309,792,0,1,129,465,129,-613,1,下位,0,129,0
384,384,0,53,191,1,0,0,0,0,1,0,下位,0,0,0
462,462,0,-6,-23,0,0,0,384,191,-408,1,下位,0,0,0
402,402,0,533,1174,0,1,462,384,191,-408,1,下位,0,462,0
392,392,0,-6,-23,0,0,0,864,1174,-608,7,下位,0,0,0
554,554,0,-6,-23,0,1,392,864,1174,-608,7,下位,0,392,0
276,276,0,-6,-23,0,2,946,864,1174,-608,7,下位,0,554,0
53,53,0,333,942,0,3,1222,864,1174,-608,7,下位,0,276,0
184,184,0,-6,-23,0,0,0,1275,942,-1728,4,下位,0,0,0
307,307,0,-6,-23,0,1,184,1275,942,-1728,4,下位,0,184,0
130,130,0,784,1824,0,2,491,1275,942,-1728,4,下位,0,307,0
395,395,0,29,94,1,0,0,0,0,1,0,下位,0,0,0
86,86,0,174,465,0,0,0,395,94,-523,1,下位,0,0,0
340,340,0,61,212,0,0,0,86,465,-193,3,下位,0,0,0
355,355,0,-6,-23,0,0,0,340,212,-513,1,下位,0,0,0
40,40,0,78,286,0,1,355,340,212,-513,1,下位,0,355,0
462,462,0,-6,-23,0,0,0,395,286,-868,1,下位,0,0,0
259,259,0,53,185,0,1,462,395,286,-868,1,下位,0,462,0
621,621,0,-6,-23,1,0,0,0,0,1,0,下位,0,0,0
114,114,0,56,201,1,1,621,0,0,1,0,下位,0,621,0
224,224,0,-6,-23,0,0,0,735,201,-971,1,下位,0,0,0
493,493,0,306,630,0,1,224,735,201,-971,1,下位,0,224,0
215,215,0,-6,-23,0,0,0,717,630,-1485,4,下位,0,0,0
105,105,0,-6,-23,0,1,215,717,630,-1485,4,下位,0,215,0
307,307,0,104,260,0,2,320,717,630,-1485,4,下位,0,105,0
110,110,0,-6,-23,1,0,0,0,0,1,0,下位,0,0,0
253,253,0,198,510,1,1,110,0,0,1,0,下位,0,110,0
130,130,0,-6,-23,0,0,0,363,510,-80,3,下位,0,0,0
363,363,0,38,131,0,1,130,363,510,-80,3,下位,0,130,0
222,222,0,-6,-23,0,0,0,493,131,-744,1,下位,0,0,0
220,220,0,52,188,0,1,222,493,131,-744,1,下位,0,222,0
460,460,0,61,211,0,0,0,442,188,-1270,1,下位,0,0,0
393,393,0,48,171,0,0,0,460,211,-1778,1,下位,0,0,0
65,65,0,-6,-23,0,0,0,393,171,-2222,1,下位,0,0,0
138,138,0,228,639,0,1,65,393,171,-2222,1,下位,0,65,0
576,576,0,-6,-23,0,0,0,203,639,-1923,3,下位,0,0,0
356,356,0,179,399,0,1,576,203,639,-1923,3,下位,0,576,0
162,162,0,-6,-23,0,0,0,932,399,-3004,3,下位,0,0,0
315,315,0,-6,-23,0,1,162,932,399,-3004,3,下位,0,162,0
269,269,0,64,235,0,2,477,932,399,-3004,3,下位,0,315,0
483,483,0,48,170,1,0,0,0,0,1,0,下位,0,0,0
558,558,0,62,229,0,0,0,483,170,-584,1,下位,0,0,0
279,279,0,-6,-23,0,0,0,558,229,-1227,1,下位,0,0,0
175,175,0,-6,-23,0,1,279,558,229,-1227,1,下位,0,279,0
652,652,0,205,525,0,2,454,558,229,-1227,1,下位,0,175,0
386,386,0,-6,-23,0,0,0,1106,525,-2477,3,下位,0,0,0
139,139,0,-6,-23,0,1,386,1106,525,-2477,3,下位,0,386,0
202,202,0,116,344,0,2,525,1106,525,-2477,3,下位,0,139,0
400,400,0,-6,-23,0,0,0,727,344,-3317,2,下位,0,0,0
356,356,0,182,440,0,1,400,727,344,-3317,2,下位,0,400,0
127,127,0,267,660,0,0,0,756,440,-4082,3,下位,0,0,0
63,63,0,404,973,0,0,0,127,660,-3621,4,下位,0,0,0
436,436,0,-6,-23,0,0,0,63,973,-2746,6,下位,0,0,0
349,349,0,61,224,0,1,436,63,973,-2746,6,下位,0,436,0
483,483,0,40,126,0,0,0,785,224,-3773,1,下位,0,0,0
171,171,0,-6,-23,0,0,0,483,126,-4402,1,下位,0,0,0
341,341,0,-6,-23,0,1,171,483,126,-4402,1,下位,0,171,0
319,319,0,299,672,0,2,512,483,126,-4402,1,下位,0,341,0
247,247,0,63,214,0,0,0,831,672,-5076,4,下位,0,0,0
210,210,0,-6,-23,1,0,0,0,0,1,0,下位,0,0,0
409,409,0,236,616,1,1,210,0,0,1,0,下位,0,210,0
344,344,0,-6,-23,0,0,0,619,616,-375,3,下位,0,0,0
104,104,0,-6,-23,0,1,344,619,616,-375,3,下位,0,344,0
279,279,0,23,70,0,2,448,619,616,-375,3,下位,0,104,0
307,307,0,-6,-23,0,0,0,727,70,-1488,1,下位,0,0,0
529,529,0,44,147,0,1,307,727,70,-1488,1,下位,0,307,0
266,266,0,-6,-23,0,0,0,836,147,-2671,1,下位,0,0,0
131,131,0,39,134,0,1,266,836,147,-2671,1,下位,0,266,0
190,190,0,-6,-23,0,0,0,397,134,-3181,1,下位,0,0,0
197,197,0,-6,-23,0,1,190,397,134,-3181,1,下位,0,190,0
153,153,0,236,563,0,2,387,397,134,-3181,1,下位,0,197,0
129,129,0,1302,2959,0,0,0,540,563,-3508,3,下位,0,0,0
163,163,0,120,333,0,0,0,129,2959,-751,17,下位,0,0,0
104,104,0,-6,-23,0,0,0,163,333,-673,2,下位,0,0,0
216,216,0,432,981,0,1,104,163,333,-673,2,下位,0,104,0
387,387,0,97,362,0,0,0,320,981,-215,6,下位,0,0,0
438,438,0,130,322,1,0,0,0,0,1,0,下位,0,0,0
163,163,0,40,139,0,0,0,438,322,-362,2,下位,0,0,0
141,141,0,-6,-23,0,0,0,163,139,-478,1,下位,0,0,0
182,182,0,-6,-23,0,1,141,163,139,-478,1,下位,0,141,0
446,446,0,-6,-23,0,2,323,163,139,-478,1,下位,0,182,0
296,296,0,524,1229,0,3,769,163,139,-478,1,下位,0,446,0
306,306,0,128,351,0,0,0,1065,1229,-983,6,下位,0,0,0
582,582,0,100,290,0,0,0,306,351,-1111,2,下位,0,0,0
445,445,0,-6,-23,0,0,0,582,290,-1731,2,下位,0,0,0
195,195,0,214,609,0,1,445,582,290,-1731,2,下位,0,445,0
504,504,0,-6,-23,0,0,0,640,609,-2146,3,下位,0,0,0
568,568,0,132,357,0,1,504,640,609,-2146,3,下位,0,504,0
632,632,0,-6,-23,0,0,0,1072,357,-3488,2,下位,0,0,0
262,262,0,200,528,0,1,632,1072,357,-3488,2,下位,0,632,0
376,376,0,34,104,0,0,0,894,528,-4380,3,下位,0,0,0
148,148,0,289,721,0,0,0,376,104,-4864,1,下位,0,0,0
307,307,0,745,1784,0,0,0,148,721,-4375,4,下位,0,0,0
264,264,0,75,278,1,0,0,0,0,1,0,下位,0,0,0
178,178,0,-6,-23,0,0,0,264,278,-134,1,下位,0,0,0
168,168,0,25,79,0,1,178,264,278,-134,1,下位,0,178,0
493,493,0,137,389,0,0,0,346,79,-620,1,下位,0,0,0
441,441,0,202,572,0,0,0,493,389,-1002,2,下位,0,0,0
213,213,0,-6,-23,0,0,0,441,572,-1118,3,下位,0,0,0
239,239,0,-6,-23,0,1,213,441,572,-1118,3,下位,0,213,0
204,204,0,2112,5530,0,2,452,441,572,-1118,3,下位,0,239,0
489,489,0,58,212,0,0,0,656,5530,177,26,上位,0,0,0
326,326,0,-6,-23,0,0,0,489,212,-375,1,下位,0,0,0
289,289,0,-6,-23,0,1,326,489,212,-375,1,下位,0,326,0
179,179,0,53,186,0,2,615,489,212,-375,1,下位,0,289,0
201,201,0,38,133,0,0,0,794,186,-1477,1,下位,0,0,0
290,290,0,128,330,0,0,0,201,133,-1658,1,下位,0,0,0
467,467,0,205,472,1,0,0,0,0,1,0,下位,0,0,0
509,509,0,44,111,0,0,0,467,472,-258,4,下位,0,0,0
256,256,0,-6,-23,0,0,0,509,111,-943,1,下位,0,0,0
531,531,0,-6,-23,0,1,256,509,111,-943,1,下位,0,256,0
416,416,0,250,432,0,2,787,509,111,-943,1,下位,0,531,0
404,404,0,205,546,0,0,0,1203,432,-2436,4,下位,0,0,0
261,261,0,-6,-23,0,0,0,404,546,-2522,3,下位,0,0,0
400,400,0,-6,-23,0,1,261,404,546,-2522,3,下位,0,261,0
313,313,0,89,335,0,2,661,404,546,-2522,3,下位,0,400,0
90,90,0,-6,-23,1,0,0,0,0,1,0,下位,0,0,0
119,119,0,36,114,1,1,90,0,0,1,0,下位,0,90,0
213,213,0,-6,-23,0,0,0,209,114,-235,1,下位,0,0,0
440,440,0,-6,-23,0,1,213,209,114,-235,1,下位,0,213,0
383,383,0,125,348,0,2,653,209,114,-235,1,下位,0,440,0
62,62,0,113,322,0,0,0,1036,348,-1554,2,下位,0,0,0
390,390,0,62,221,0,0,0,62,322,-1329,2,下位,0,0,0
220,220,0,-6,-23,0,0,0,390,221,-1718,1,下位,0,0,0
536,536,0,-6,-23,0,1,220,390,221,-1718,1,下位,0,220,0
196,196,0,80,300,0,2,756,390,221,-1718,1,下位,0,536,0
399,399,0,-6,-23,0,0,0,952,300,-2953,1,下位,0,0,0
181,181,0,730,1497,0,1,399,952,300,-2953,1,下位,0,399,0
482,482,0,-6,-23,0,0,0,580,1497,-2387,11,下位,0,0,0
69,69,0,-6,-23,0,1,482,580,1497,-2387,11,下位,0,482,0
199,199,0,100,232,0,2,551,580,1497,-2387,11,下位,0,69,0
536,536,0,-6,-23,1,0,0,0,0,1,0,下位,0,0,0
191,191,0,472,1083,1,1,536,0,0,1,0,下位,0,536,0
422,422,0,56,203,0,0,0,727,1083,-76,6,下位,0,0,0
84,84,0,-6,-23,0,0,0,422,203,-533,1,下位,0,0,0
270,270,0,1319,3359,0,1,84,422,203,-533,1,下位,0,84,0
557,557,0,198,504,0,0,0,354,3359,-2,17,上位,0,0,0
164,164,0,-6,-23,0,0,0,557,504,-369,3,下位,0,0,0
206,206,0,-6,-23,0,1,164,557,504,-369,3,下位,0,164,0
369,369,0,335,819,0,2,370,557,504,-369,3,下位,0,206,0
302,302,0,141,398,0,0,0,739,819,-752,4,下位,0,0,0
454,454,0,-6,-23,0,0,0,302,398,-826,2,下位,0,0,0
180,180,0,-6,-23,0,1,454,302,398,-826,2,下位,0,454,0
176,176,0,674,1487,0,2,634,302,398,-826,2,下位,0,180,0
220,220,0,58,209,0,0,0,810,1487,-652,9,下位,0,0,0
584,584,0,-6,-23,1,0,0,0,0,1,0,下位,0,0,0
179,179,0,-6,-23,1,1,584,0,0,1,0,下位,0,584,0
354,354,0,-6,-23,1,2,763,0,0,1,0,下位,0,179,0
451,451,0,64,235,1,3,1117,0,0,1,0,下位,0,354,0
514,514,0,-6,-23,0,0,0,1568,235,-2285,1,下位,0,0,0
67,67,0,-6,-23,0,1,514,1568,235,-2285,1,下位,0,514,0
322,322,0,-6,-23,0,2,581,1568,235,-2285,1,下位,0,67,0
330,330,0,39,124,0,3,903,1568,235,-2285,1,下位,0,322,0
211,211,0,-6,-23,0,0,0,1233,124,-4159,1,下位,0,0,0
641,641,0,-6,-23,0,1,211,1233,124,-4159,1,下位,0,211,0
439,439,0,830,1608,0,2,852,1233,124,-4159,1,下位,0,641,0
444,444,0,146,415,1,0,0,0,0,1,0,下位,0,0,0
123,123,0,667,1602,0,0,0,444,415,-278,2,下位,0,0,0
451,451,0,282,616,0,0,0,123,1602,1131,8,下位,0,0,0
266,266,0,-6,-23,0,0,0,451,616,1042,4,下位,0,0,0
478,478,0,-6,-23,0,1,266,451,616,1042,4,下位,0,266,0
370,370,0,345,812,0,2,744,451,616,1042,4,下位,0,478,0
118,118,0,-6,-23,0,0,0,1114,812,66,5,下位,0,0,0
46,46,0,60,212,0,1,118,1114,812,66,5,下位,0,118,0
455,455,0,-6,-23,0,0,0,164,212,-2,1,下位,0,0,0
43,43,0,1702,4476,0,1,455,164,212,-2,1,下位,0,455,0
474,474,0,-6,-23,0,0,0,498,4476,262,20,上位,0,0,0
536,536,0,115,313,0,1,474,498,4476,262,20,上位,0,474,0
333,333,0,-6,-23,0,0,0,1010,313,-1027,2,下位,0,0,0
51,51,0,29,95,0,1,333,1010,313,-1027,2,下位,0,333,0
502,502,0,284,579,1,0,0,0,0,1,0,下位,0,0,0
518,518,0,500,997,0,0,0,502,579,-205,4,下位,0,0,0
255,255,0,-6,-23,0,0,0,518,997,-19,7,下位,0,0,0
381,381,0,-6,-23,0,1,255,518,997,-19,7,下位,0,255,0
372,372,0,218,493,0,2,636,518,997,-19,7,下位,0,381,0
599,599,0,80,299,0,0,0,1008,493,-1149,3,下位,0,0,0
491,491,0,308,804,0,0,0,599,299,-1786,1,下位,0,0,0
62,62,0,159,392,0,0,0,491,804,-1750,4,下位,0,0,0
285,285,0,-6,-23,0,0,0,62,392,-1455,3,下位,0,0,0
174,174,0,844,1992,0,1,285,62,392,-1455,3,下位,0,285,0
274,274,0,-6,-23,1,0,0,0,0,1,0,下位,0,0,0
280,280,0,168,399,1,1,274,0,0,1,0,下位,0,274,0
129,129,0,58,183,0,0,0,554,399,-490,3,下位,0,0,0
183,183,0,110,312,0,0,0,129,183,-509,1,下位,0,0,0
479,479,0,144,394,0,0,0,183,312,-483,2,下位,0,0,0
271,271,0,-6,-23,0,0,0,479,394,-838,2,下位,0,0,0
65,65,0,124,362,0,1,271,479,394,-838,2,下位,0,271,0
97,97,0,63,196,0,0,0,336,362,-1025,2,下位,0,0,0
229,229,0,-6,-23,0,0,0,97,196,-981,1,下位,0,0,0
179,179,0,29,94,0,1,229,97,196,-981,1,下位,0,229,0
530,530,0,122,329,0,0,0,408,94,-1548,1,下位,0,0,0
364,364,0,-6,-23,0,0,0,530,329,-2048,2,下位,0,0,0
49,49,0,90,202,0,1,364,530,329,-2048,2,下位,0,364,0
468,468,0,-6,-23,0,0,0,413,202,-2515,2,下位,0,0,0
433,433,0,-6,-23,0,1,468,413,202,-2515,2,下位,0,468,0
103,103,0,-6,-23,0,2,901,413,202,-2515,2,下位,0,433,0
52,52,0,62,218,0,3,1004,413,202,-2515,2,下位,0,103,0
386,386,0,278,577,0,0,0,1056,218,-4018,1,下位,0,0,0
292,292,0,-6,-23,0,0,0,386,577,-4045,4,下位,0,0,0
111,111,0,216,604,0,1,292,386,577,-4045,4,下位,0,292,0
126,126,0,-6,-23,0,0,0,403,604,-4095,3,下位,0,0,0
558,558,0,100,237,0,1,126,403,604,-4095,3,下位,0,126,0
224,224,0,-6,-23,1,0,0,0,0,1,0,下位,0,0,0
167,167,0,-6,-23,1,1,224,0,0,1,0,下位,0,224,0
45,45,0,375,792,1,2,391,0,0,1,0,下位,0,167,0
362,362,0,63,213,0,0,0,436,792,65,5,下位,0,0,0
298,298,0,59,198,0,0,0,362,213,-288,1,下位,0,0,0
115,115,0,-6,-23,0,0,0,298,198,-556,1,下位,0,0,0
560,560,0,61,222,0,1,115,298,198,-556,1,下位,0,115,0
300,300,0,167,405,0,0,0,675,222,-1412,1,下位,0,0,0
357,357,0,304,586,0,0,0,300,405,-1476,3,下位,0,0,0
674,674,0,-6,-23,0,0,0,357,586,-1448,4,下位,0,0,0
232,232,0,78,291,0,1,674,357,586,-1448,4,下位,0,674,0
489,489,0,-6,-23,0,0,0,906,291,-2597,1,下位,0,0,0
176,176,0,-6,-23,0,1,489,906,291,-2597,1,下位,0,489,0
145,145,0,-6,-23,0,2,665,906,291,-2597,1,下位,0,176,0
303,303,0,43,150,0,3,810,906,291,-2597,1,下位,0,145,0
381,381,0,-6,-23,0,0,0,1113,150,-4256,1,下位,0,0,0
64,64,0,-6,-23,0,1,381,1113,150,-4256,1,下位,0,381,0
58,58,0,653,1325,0,2,445,1113,150,-4256,1,下位,0,64,0
69,69,0,86,324,1,0,0,0,0,1,0,下位,0,0,0
299,299,0,165,423,0,0,0,69,324,217,1,下位,0,0,0
300,300,0,505,1124,0,0,0,299,423,172,3,下位,0,0,0
165,165,0,57,206,0,0,0,300,1124,828,7,下位,0,0,0
604,604,0,103,283,0,0,0,165,206,776,1,下位,0,0,0
248,248,0,48,169,0,0,0,604,283,115,2,下位,0,0,0
186,186,0,-6,-23,0,0,0,248,169,-104,1,下位,0,0,0
58,58,0,-6,-23,0,1,186,248,169,-104,1,下位,0,186,0
159,159,0,-6,-23,0,2,244,248,169,-104,1,下位,0,58,0
76,76,0,448,990,0,3,403,248,169,-104,1,下位,0,159,0
502,502,0,-6,-23,0,0,0,479,990,67,6,下位,0,0,0
537,537,0,-6,-23,0,1,502,479,990,67,6,下位,0,502,0
40,40,0,-6,-23,0,2,1039,479,990,67,6,下位,0,537,0
418,418,0,181,476,0,3,1079,479,990,67,6,下位,0,40,0
230,230,0,31,98,0,0,0,1497,476,-1868,3,下位,0,0,0
101,101,0,-6,-23,0,0,0,230,98,-2130,1,下位,0,0,0
115,115,0,138,374,0,1,101,230,98,-2130,1,下位,0,101,0
194,194,0,67,247,0,0,0,216,374,-2117,2,下位,0,0,0
159,159,0,119,301,0,0,0,194,247,-2174,1,下位,0,0,0
343,343,0,50,180,0,0,0,159,301,-2122,2,下位,0,0,0
134,134,0,410,856,0,0,0,343,180,-2478,1,下位,0,0,0
433,433,0,252,604,1,0,0,0,0,1,0,下位,0,0,0
105,105,0,-6,-23,0,0,0,433,604,-72,4,下位,0,0,0
169,169,0,119,354,0,1,105,433,604,-72,4,下位,0,105,0
156,156,0,406,901,0,0,0,274,354,-171,2,下位,0,0,0
138,138,0,-6,-23,0,0,0,156,901,486,5,下位,0,0,0
212,212,0,64,237,0,1,138,156,901,486,5,下位,0,138,0
89,89,0,-6,-23,0,0,0,350,237,152,1,下位,0,0,0
347,347,0,-6,-23,0,1,89,350,237,152,1,下位,0,89,0
70,70,0,45,159,0,2,436,350,237,152,1,下位,0,347,0
191,191,0,338,815,0,0,0,506,159,-527,1,下位,0,0,0
247,247,0,198,546,0,0,0,191,815,-11,4,下位,0,0,0
454,454,0,-6,-23,0,0,0,247,546,150,3,下位,0,0,0
254,254,0,-6,-23,0,1,454,247,546,150,3,下位,0,454,0
315,315,0,-6,-23,0,2,708,247,546,150,3,下位,0,254,0
256,256,0,41,132,0,3,1023,247,546,150,3,下位,0,315,0
74,74,0,127,364,0,0,0,1279,132,-1787,1,下位,0,0,0
279,279,0,39,140,0,0,0,74,364,-1539,2,下位,0,0,0
122,122,0,309,825,0,0,0,279,140,-1835,1,下位,0,0,0
549,549,0,38,113,1,0,0,0,0,1,0,下位,0,0,0
317,317,0,42,143,0,0,0,549,113,-744,1,下位,0,0,0
143,143,0,-6,-23,0,0,0,317,143,-1097,1,下位,0,0,0
317,317,0,-6,-23,0,1,143,317,143,-1097,1,下位,0,143,0
290,290,0,190,524,0,2,460,317,143,-1097,1,下位,0,317,0
168,168,0,40,137,0,0,0,750,524,-1793,3,下位,0,0,0
240,240,0,-6,-23,0,0,0,168,137,-1919,1,下位,0,0,0
252,252,0,148,418,0,1,240,168,137,-1919,1,下位,0,240,0
277,277,0,49,175,0,0,0,492,418,-2293,2,下位,0,0,0
395,395,0,-6,-23,0,0,0,277,175,-2551,1,下位,0,0,0
75,75,0,-6,-23,0,1,395,277,175,-2551,1,下位,0,395,0
398,398,0,-6,-23,0,2,470,277,175,-2551,1,下位,0,75,0
504,504,0,156,408,0,3,868,277,175,-2551,1,下位,0,398,0
131,131,0,40,113,0,0,0,1372,408,-4358,3,下位,0,0,0
486,486,0,-6,-23,1,0,0,0,0,1,0,下位,0,0,0
326,326,0,48,170,1,1,486,0,0,1,0,下位,0,486,0
496,496,0,-6,-23,0,0,0,812,170,-1122,1,下位,0,0,0
232,232,0,-6,-23,0,1,496,812,170,-1122,1,下位,0,496,0
67,67,0,63,226,0,2,728,812,170,-1122,1,下位,0,232,0
457,457,0,221,587,0,0,0,795,226,-2185,1,下位,0,0,0
251,251,0,160,463,0,0,0,457,587,-2312,3,下位,0,0,0
524,524,0,50,123,0,0,0,251,463,-2242,2,下位,0,0,0
453,453,0,63,230,0,0,0,524,123,-2938,1,下位,0,0,0
146,146,0,46,165,0,0,0,453,230,-3416,1,下位,0,0,0
135,135,0,-6,-23,0,0,0,146,165,-3480,1,下位,0,0,0
77,77,0,-6,-23,0,1,135,146,165,-3480,1,下位,0,135,0
431,431,0,155,401,0,2,212,146,165,-3480,1,下位,0,77,0
167,167,0,347,714,1,0,0,0,0,1,0,下位,0,0,0
225,225,0,-6,-23,0,0,0,167,714,454,5,下位,0,0,0
662,662,0,149,432,0,1,225,167,714,454,5,下位,0,225,0
520,520,0,60,218,0,0,0,887,432,-524,2,下位,0,0,0
339,339,0,129,350,0,0,0,520,218,-1119,1,下位,0,0,0
501,501,0,-6,-23,1,0,0,0,0,1,0,下位,0,0,0
119,119,0,227,619,1,1,501,0,0,1,0,下位,0,501,0
466,466,0,-6,-23,0,0,0,620,619,-372,2,下位,0,0,0
322,322,0,-6,-23,0,1,466,620,619,-372,2,下位,0,466,0
429,429,0,-6,-23,0,2,788,620,619,-372,2,下位,0,322,0
183,183,0,38,129,0,3,1217,620,619,-372,2,下位,0,429,0
391,391,0,-6,-23,1,0,0,0,0,1,0,下位,0,0,0
210,210,0,-6,-23,1,1,391,0,0,1,0,下位,0,391,0
143,143,0,1459,3767,1,2,601,0,0,1,0,下位,0,210,0
444,444,0,-6,-23,0,0,0,744,3767,221,18,上位,0,0,0
147,147,0,368,935,0,1,444,744,3767,221,18,上位,0,444,0
387,387,0,-6,-23,0,0,0,591,935,209,5,下位,0,0,0
245,245,0,22,68,0,1,387,591,935,209,5,下位,0,387,0
574,574,0,-6,-23,1,0,0,0,0,1,0,下位,0,0,0
419,419,0,-6,-23,1,1,574,0,0,1,0,下位,0,574,0
334,334,0,-6,-23,1,2,993,0,0,1,0,下位,0,419,0
461,461,0,96,246,1,3,1327,0,0,1,0,下位,0,334,0
308,308,0,-6,-23,0,0,0,1788,246,-2617,2,下位,0,0,0
140,140,0,93,351,0,1,308,1788,246,-2617,2,下位,0,308,0
173,173,0,1718,4375,0,0,0,448,351,-2990,1,下位,0,0,0
116,116,0,-6,-23,0,0,0,173,4375,1114,20,下位,0,0,0
97,97,0,96,361,0,1,116,173,4375,1114,20,下位,0,116,0
466,466,0,60,218,0,0,0,213,361,1118,1,下位,0,0,0
184,184,0,203,573,1,0,0,0,0,1,0,下位,0,0,0
374,374,0,-6,-23,0,0,0,184,573,286,3,下位,0,0,0
252,252,0,38,131,0,1,374,184,573,286,3,下位,0,374,0
358,358,0,347,780,0,0,0,626,131,-585,1,下位,0,0,0
572,572,0,139,365,0,0,0,358,780,-364,5,下位,0,0,0
204,204,0,-6,-23,0,0,0,572,365,-893,2,下位,0,0,0
247,247,0,-6,-23,0,1,204,572,365,-893,2,下位,0,204,0
179,179,0,46,164,0,2,451,572,365,-893,2,下位,0,247,0
476,476,0,-6,-23,0,0,0,630,164,-1760,1,下位,0,0,0
54,54,0,2107,5799,0,1,476,630,164,-1760,1,下位,0,476,0
236,236,0,884,2039,0,0,0,530,5799,586,24,上位,0,0,0
142,142,0,100,372,0,0,0,236,2039,312,15,上位,0,0,0
466,466,0,-6,-23,1,0,0,0,0,1,0,下位,0,0,0
288,288,0,206,441,1,1,466,0,0,1,0,下位,0,466,0
342,342,0,-6,-23,0,0,0,754,441,-760,3,下位,0,0,0
119,119,0,68,251,0,1,342,754,441,-760,3,下位,0,342,0
406,406,0,-6,-23,0,0,0,461,251,-1253,1,下位,0,0,0
169,169,0,-6,-23,0,1,406,461,251,-1253,1,下位,0,406,0
563,563,0,34,117,0,2,575,461,251,-1253,1,下位,0,169,0
165,165,0,-6,-23,0,0,0,1138,117,-2961,1,下位,0,0,0
277,277,0,-6,-23,0,1,165,1138,117,-2961,1,下位,0,165,0
306,306,0,102,300,0,2,442,1138,117,-2961,1,下位,0,277,0
321,321,0,-6,-23,1,0,0,0,0,1,0,下位,0,0,0
128,128,0,242,532,1,1,321,0,0,1,0,下位,0,321,0
551,551,0,43,140,0,0,0,449,532,-192,3,下位,0,0,0
255,255,0,-6,-23,0,0,0,551,140,-913,1,下位,0,0,0
109,109,0,-6,-23,0,1,255,551,140,-913,1,下位,0,255,0
384,384,0,353,692,0,2,364,551,140,-913,1,下位,0,109,0
140,140,0,44,154,0,0,0,748,692,-1437,5,下位,0,0,0
455,455,0,-6,-23,0,0,0,140,154,-1502,1,下位,0,0,0
485,485,0,436,961,0,1,455,140,154,-1502,1,下位,0,455,0
269,269,0,-6,-23,1,0,0,0,0,1,0,下位,0,0,0
256,256,0,-6,-23,1,1,269,0,0,1,0,下位,0,269,0
263,263,0,38,133,1,2,525,0,0,1,0,下位,0,256,0
305,305,0,-6,-23,0,0,0,788,133,-1144,1,下位,0,0,0
309,309,0,38,124,0,1,305,788,133,-1144,1,下位,0,305,0
84,84,0,-6,-23,0,0,0,614,124,-2003,1,下位,0,0,0
439,439,0,240,599,0,1,84,614,124,-2003,1,下位,0,84,0
243,243,0,1370,2956,0,0,0,523,599,-2245,3,下位,0,0,0
329,329,0,92,322,0,0,0,243,2956,332,19,下位,0,0,0
209,209,0,-6,-23,1,0,0,0,0,1,0,下位,0,0,0
319,319,0,407,902,1,1,209,0,0,1,0,下位,0,209,0
280,280,0,192,475,0,0,0,528,902,54,5,下位,0,0,0
541,541,0,-6,-23,0,0,0,280,475,91,3,下位,0,0,0
496,496,0,-6,-23,0,1,541,280,475,91,3,下位,0,541,0
433,433,0,45,142,0,2,1037,280,475,91,3,下位,0,496,0
330,330,0,110,290,0,0,0,1470,142,-2111,1,下位,0,0,0
529,529,0,59,204,0,0,0,330,290,-2337,2,下位,0,0,0
280,280,0,519,1225,0,0,0,529,204,-2960,1,下位,0,0,0
469,469,0,48,166,1,0,0,0,0,1,0,下位,0,0,0
191,191,0,120,336,0,0,0,469,166,-566,1,下位,0,0,0
393,393,0,-6,-23,0,0,0,191,336,-529,2,下位,0,0,0
467,467,0,-6,-23,0,1,393,191,336,-529,2,下位,0,393,0
411,411,0,-6,-23,0,2,860,191,336,-529,2,下位,0,467,0
94,94,0,130,379,0,3,1271,191,336,-529,2,下位,0,411,0
347,347,0,70,261,0,0,0,1365,379,-2353,2,下位,0,0,0
410,410,0,332,651,1,0,0,0,0,1,0,下位,0,0,0
98,98,0,-6,-23,0,0,0,410,651,11,6,下位,0,0,0
320,320,0,63,224,0,1,98,410,651,11,6,下位,0,98,0
219,219,0,-6,-23,0,0,0,418,224,-442,1,下位,0,0,0
89,89,0,-6,-23,0,1,219,418,224,-442,1,下位,0,219,0
258,258,0,46,163,0,2,308,418,224,-442,1,下位,0,89,0
342,342,0,343,704,1,0,0,0,0,1,0,下位,0,0,0
114,114,0,57,186,0,0,0,342,704,170,5,下位,0,0,0
84,84,0,-6,-23,0,0,0,114,186,176,1,下位,0,0,0
90,90,0,-6,-23,0,1,84,114,186,176,1,下位,0,84,0
30,30,0,60,214,0,2,174,114,186,176,1,下位,0,90,0
290,290,0,384,857,0,0,0,204,214,24,1,下位,0,0,0
225,225,0,-6,-23,0,0,0,290,857,427,5,下位,0,0,0
435,435,0,-6,-23,0,1,225,290,857,427,5,下位,0,225,0
57,57,0,1060,2407,0,2,660,290,857,427,5,下位,0,435,0
291,291,0,-6,-23,0,0,0,717,2407,1667,14,下位,0,0,0
570,570,0,41,138,0,1,291,717,2407,1667,14,下位,0,291,0
164,164,0,-6,-23,0,0,0,861,138,436,1,下位,0,0,0
599,599,0,-6,-23,0,1,164,861,138,436,1,下位,0,164,0
309,309,0,361,857,0,2,763,861,138,436,1,下位,0,599,0
72,72,0,43,140,0,0,0,1072,857,-429,4,下位,0,0,0
465,465,0,-6,-23,1,0,0,0,0,1,0,下位,0,0,0
349,349,0,77,288,1,1,465,0,0,1,0,下位,0,465,0
232,232,0,-6,-23,0,0,0,814,288,-1007,1,下位,0,0,0
228,228,0,122,323,0,1,232,814,288,-1007,1,下位,0,232,0
218,218,0,1243,2813,0,0,0,460,323,-1427,2,下位,0,0,0
119,119,0,-6,-23,0,0,0,218,2813,1045,17,下位,0,0,0
81,81,0,653,1315,0,1,119,218,2813,1045,17,下位,0,119,0
555,555,0,286,499,0,0,0,200,1315,2025,10,下位,0,0,0
83,83,0,-6,-23,1,0,0,0,0,1,0,下位,0,0,0
40,40,0,297,790,1,1,83,0,0,1,0,下位,0,83,0
262,262,0,64,231,0,0,0,123,790,575,4,下位,0,0,0
180,180,0,201,583,0,0,0,262,231,396,1,下位,0,0,0
64,64,0,226,654,0,0,0,180,583,697,3,下位,0,0,0
113,113,0,63,213,0,0,0,64,654,1251,3,下位,0,0,0
535,535,0,40,132,0,0,0,113,213,1287,1,下位,0,0,0
249,249,0,55,192,0,0,0,535,132,583,1,下位,0,0,0
410,410,0,-6,-23,0,0,0,249,192,385,1,下位,0,0,0
663,663,0,-6,-23,0,1,410,249,192,385,1,下位,0,410,0
53,53,0,283,605,0,2,1073,249,192,385,1,下位,0,663,0
176,176,0,-6,-23,1,0,0,0,0,1,0,下位,0,0,0
210,210,0,44,143,1,1,176,0,0,1,0,下位,0,176,0
430,430,0,38,131,0,0,0,386,143,-483,1,下位,0,0,0
258,258,0,35,120,0,0,0,430,131,-1024,1,下位,0,0,0
290,290,0,-6,-23,0,0,0,258,120,-1308,1,下位,0,0,0
365,365,0,144,430,0,1,290,258,120,-1308,1,下位,0,290,0
157,157,0,-6,-23,0,0,0,655,430,-1926,2,下位,0,0,0
40,40,0,60,217,0,1,157,655,430,-1926,2,下位,0,157,0
366,366,0,-6,-23,0,0,0,197,217,-2041,1,下位,0,0,0
253,253,0,94,357,0,1,366,197,217,-2041,1,下位,0,366,0
135,135,0,179,414,1,0,0,0,0,1,0,下位,0,0,0
186,186,0,-6,-23,0,0,0,135,414,204,3,下位,0,0,0
148,148,0,40,116,0,1,186,135,414,204,3,下位,0,186,0
195,195,0,-6,-23,0,0,0,334,116,-226,1,下位,0,0,0
231,231,0,45,147,0,1,195,334,116,-226,1,下位,0,195,0
586,586,0,-6,-23,0,0,0,426,147,-768,1,下位,0,0,0
66,66,0,73,265,0,1,586,426,147,-768,1,下位,0,586,0
545,545,0,148,404,0,0,0,652,265,-1546,1,下位,0,0,0
305,305,0,40,134,0,0,0,545,404,-1994,2,下位,0,0,0
187,187,0,48,170,0,0,0,305,134,-2337,1,下位,0,0,0
362,362,0,-6,-23,0,0,0,187,170,-2460,1,下位,0,0,0
647,647,0,243,701,0,1,362,187,170,-2460,1,下位,0,362,0
72,72,0,30,121,0,0,0,1009,701,-3359,3,下位,0,0,0
228,228,0,-6,-23,0,0,0,72,121,-3350,1,下位,0,0,0
95,95,0,41,126,0,1,228,72,121,-3350,1,下位,0,228,0
329,329,0,333,648,1,0,0,0,0,1,0,下位,0,0,0
102,102,0,-6,-23,0,0,0,329,648,135,5,下位,0,0,0
277,277,0,-6,-23,0,1,102,329,648,135,5,下位,0,102,0
201,201,0,-6,-23,0,2,379,329,648,135,5,下位,0,277,0
556,556,0,42,148,0,3,580,329,648,135,5,下位,0,201,0
140,140,0,-6,-23,0,0,0,1136,148,-1563,1,下位,0,0,0
260,260,0,-6,-23,0,1,140,1136,148,-1563,1,下位,0,140,0
105,105,0,330,796,0,2,400,1136,148,-1563,1,下位,0,260,0
351,351,0,-6,-23,0,0,0,505,796,-1604,4,下位,0,0,0
373,373,0,140,410,0,1,351,505,796,-1604,4,下位,0,351,0
615,615,0,74,274,0,0,0,724,410,-2349,2,下位,0,0,0
471,471,0,-6,-23,1,0,0,0,0,1,0,下位,0,0,0
448,448,0,-6,-23,1,1,471,0,0,1,0,下位,0,471,0
153,153,0,-6,-23,1,2,919,0,0,1,0,下位,0,448,0
88,88,0,79,289,1,3,1072,0,0,1,0,下位,0,153,0
397,397,0,214,554,0,0,0,1160,289,-1593,1,下位,0,0,0
334,334,0,-6,-23,0,0,0,397,554,-1660,3,下位,0,0,0
499,499,0,60,213,0,1,334,397,554,-1660,3,下位,0,334,0
393,393,0,-6,-23,0,0,0,833,213,-2772,1,下位,0,0,0
445,445,0,-6,-23,0,1,393,833,213,-2772,1,下位,0,393,0
284,284,0,313,729,0,2,838,833,213,-2772,1,下位,0,445,0
364,364,0,32,106,0,0,0,1122,729,-3844,4,下位,0,0,0
401,401,0,276,610,0,0,0,364,106,-4307,1,下位,0,0,0
431,431,0,311,680,1,0,0,0,0,1,0,下位,0,0,0
350,350,0,-6,-23,0,0,0,431,680,8,4,下位,0,0,0
265,265,0,-6,-23,0,1,350,431,680,8,4,下位,0,350,0
47,47,0,135,352,0,2,615,431,680,8,4,下位,0,265,0
413,413,0,-6,-23,0,0,0,662,352,-722,2,下位,0,0,0
550,550,0,56,203,0,1,413,662,352,-722,2,下位,0,413,0
525,525,0,-6,-23,0,0,0,963,203,-2048,1,下位,0,0,0
119,119,0,36,122,0,1,525,963,203,-2048,1,下位,0,525,0
488,488,0,58,206,0,0,0,644,122,-2956,1,下位,0,0,0
199,199,0,-6,-23,0,0,0,488,206,-3513,1,下位,0,0,0
65,65,0,-6,-23,0,1,199,488,206,-3513,1,下位,0,199,0
384,384,0,2176,6316,0,2,264,488,206,-3513,1,下位,0,65,0
71,71,0,122,296,0,0,0,648,6316,1744,20,下位,0,0,0
287,287,0,134,194,0,0,0,71,296,1929,2,下位,0,0,0
548,548,0,50,180,0,0,0,287,194,1674,2,下位,0,0,0
532,532,0,499,1187,1,0,0,0,0,1,0,下位,0,0,0
272,272,0,102,389,0,0,0,532,1187,355,7,下位,0,0,0
445,445,0,-6,-23,0,0,0,272,389,319,1,下位,0,0,0
327,327,0,848,2033,0,1,445,272,389,319,1,下位,0,445,0
444,444,0,-6,-23,0,0,0,772,2033,1122,11,下位,0,0,0
251,251,0,-6,-23,0,1,444,772,2033,1122,11,下位,0,444,0
80,80,0,30,91,0,2,695,772,2033,1122,11,下位,0,251,0
365,365,0,-6,-23,0,0,0,775,91,-45,1,下位,0,0,0
98,98,0,28,87,0,1,365,775,91,-45,1,下位,0,365,0
362,362,0,1316,2942,0,0,0,463,87,-706,1,下位,0,0,0
441,441,0,196,535,0,0,0,362,2942,1670,18,下位,0,0,0
304,304,0,59,214,0,0,0,441,535,1516,3,下位,0,0,0
174,174,0,-6,-23,1,0,0,0,0,1,0,下位,0,0,0
355,355,0,161,469,1,1,174,0,0,1,0,下位,0,174,0
508,508,0,57,208,0,0,0,529,469,-380,2,下位,0,0,0
358,358,0,-6,-23,0,0,0,508,208,-966,1,下位,0,0,0
40,40,0,-6,-23,0,1,358,508,208,-966,1,下位,0,358,0
142,142,0,-6,-23,0,2,398,508,208,-966,1,下位,0,40,0
306,306,0,729,1849,0,3,540,508,208,-966,1,下位,0,142,0
135,135,0,-6,-23,0,0,0,846,1849,-509,8,下位,0,0,0
509,509,0,217,592,0,1,135,846,1849,-509,8,下位,0,135,0
480,480,0,1722,4550,0,0,0,644,592,-947,3,下位,0,0,0
371,371,0,-6,-23,0,0,0,480,4550,270,22,上位,0,0,0
311,311,0,39,135,0,1,371,480,4550,270,22,上位,0,371,0
178,178,0,74,268,1,0,0,0,0,1,0,下位,0,0,0
135,135,0,-6,-23,0,0,0,178,268,-10,1,下位,0,0,0
176,176,0,-6,-23,0,1,135,178,268,-10,1,下位,0,135,0
245,245,0,134,348,0,2,311,178,268,-10,1,下位,0,176,0
608,608,0,90,202,0,0,0,556,348,-577,2,下位,0,0,0
443,443,0,-6,-23,0,0,0,608,202,-1326,2,下位,0,0,0
108,108,0,388,685,0,1,443,608,202,-1326,2,下位,0,443,0
206,206,0,-6,-23,0,0,0,551,685,-1525,7,下位,0,0,0
478,478,0,341,711,0,1,206,551,685,-1525,7,下位,0,206,0
112,112,0,-6,-23,0,0,0,684,711,-1906,6,下位,0,0,0
263,263,0,265,675,0,1,112,684,711,-1906,6,下位,0,112,0
301,301,0,59,215,0,0,0,375,675,-1840,4,下位,0,0,0
473,473,0,-6,-23,0,0,0,301,215,-2096,1,下位,0,0,0
156,156,0,-6,-23,0,1,473,301,215,-2096,1,下位,0,473,0
83,83,0,126,343,0,2,629,301,215,-2096,1,下位,0,156,0
296,296,0,408,963,0,0,0,712,343,-2912,2,下位,0,0,0
204,204,0,133,385,1,0,0,0,0,1,0,下位,0,0,0
352,352,0,-6,-23,0,0,0,204,385,67,2,下位,0,0,0
77,77,0,599,1202,0,1,352,204,385,67,2,下位,0,352,0
648,648,0,120,288,0,0,0,429,1202,574,9,下位,0,0,0
421,421,0,-6,-23,0,0,0,648,288,-152,2,下位,0,0,0
175,175,0,43,146,0,1,421,648,288,-152,2,下位,0,421,0
140,140,0,54,193,0,0,0,596,146,-961,1,下位,0,0,0
455,455,0,97,362,0,0,0,140,193,-987,1,下位,0,0,0
343,343,0,302,877,0,0,0,455,362,-1336,1,下位,0,0,0
684,684,0,-6,-23,0,0,0,343,877,-995,4,下位,0,0,0
573,573,0,216,579,0,1,684,343,877,-995,4,下位,0,684,0
226,226,0,56,202,1,0,0,0,0,1,0,下位,0,0,0
515,515,0,-6,-23,0,0,0,226,202,-151,1,下位,0,0,0
260,260,0,36,122,0,1,515,226,202,-151,1,下位,0,515,0
677,677,0,-6,-23,0,0,0,775,122,-1264,1,下位,0,0,0
315,315,0,68,253,0,1,677,775,122,-1264,1,下位,0,677,0
336,336,0,158,495,0,0,0,992,253,-2585,1,下位,0,0,0
350,350,0,462,1091,1,0,0,0,0,1,0,下位,0,0,0
194,194,0,-6,-23,0,0,0,350,1091,545,7,下位,0,0,0
333,333,0,272,588,0,1,194,350,1091,545,7,下位,0,194,0
380,380,0,358,914,0,0,0,527,588,285,4,下位,0,0,0
149,149,0,-6,-23,0,0,0,380,914,606,5,下位,0,0,0
61,61,0,72,268,0,1,149,380,914,606,5,下位,0,149,0
276,276,0,134,399,0,0,0,210,268,522,1,下位,0,0,0
301,301,0,105,255,0,0,0,276,399,489,2,下位,0,0,0
170,170,0,38,129,1,0,0,0,0,1,0,下位,0,0,0
389,389,0,100,371,0,0,0,170,129,-136,1,下位,0,0,0
180,180,0,-6,-23,0,0,0,389,371,-373,1,下位,0,0,0
625,625,0,-6,-23,0,1,180,389,371,-373,1,下位,0,180,0
60,60,0,-6,-23,0,2,805,389,371,-373,1,下位,0,625,0
339,339,0,530,1160,0,3,865,389,371,-373,1,下位,0,60,0
293,293,0,120,320,0,0,0,1204,1160,-1165,8,下位,0,0,0
586,586,0,-6,-23,1,0,0,0,0,1,0,下位,0,0,0
398,398,0,76,284,1,1,586,0,0,1,0,下位,0,586,0
313,313,0,-6,-23,0,0,0,984,284,-1276,1,下位,0,0,0
118,118,0,-6,-23,0,1,313,984,284,-1276,1,下位,0,313,0
217,217,0,-6,-23,0,2,431,984,284,-1276,1,下位,0,118,0
247,247,0,206,580,0,3,648,984,284,-1276,1,下位,0,217,0
66,66,0,160,312,0,0,0,895,580,-2164,3,下位,0,0,0
71,71,0,610,1242,0,0,0,66,312,-1956,2,下位,0,0,0
164,164,0,-6,-23,0,0,0,71,1242,-826,8,下位,0,0,0
125,125,0,48,166,0,1,164,71,1242,-826,8,下位,0,164,0
119,119,0,214,592,0,0,0,289,166,-1136,1,下位,0,0,0
439,439,0,-6,-23,0,0,0,119,592,-730,3,下位,0,0,0
153,153,0,-6,-23,0,1,439,119,592,-730,3,下位,0,439,0
114,114,0,40,132,0,2,592,119,592,-730,3,下位,0,153,0
372,372,0,551,1272,0,0,0,706,132,-1749,1,下位,0,0,0
320,320,0,36,116,1,0,0,0,0,1,0,下位,0,0,0
161,161,0,103,290,0,0,0,320,116,-383,1,下位,0,0,0
219,219,0,34,111,0,0,0,161,290,-345,2,下位,0,0,0
180,180,0,130,335,0,0,0,219,111,-577,1,下位,0,0,0
399,399,0,-6,-23,0,0,0,180,335,-524,2,下位,0,0,0
167,167,0,-6,-23,0,1,399,180,335,-524,2,下位,0,399,0
46,46,0,1008,2258,0,2,566,180,335,-524,2,下位,0,167,0
175,175,0,61,211,0,0,0,612,2258,731,14,下位,0,0,0
306,306,0,222,575,1,0,0,0,0,1,0,下位,0,0,0
124,124,0,56,202,0,0,0,306,575,97,3,下位,0,0,0
145,145,0,-6,-23,0,0,0,124,202,105,1,下位,0,0,0
136,136,0,60,219,0,1,145,124,202,105,1,下位,0,145,0
455,455,0,148,440,0,0,0,281,219,-139,1,下位,0,0,0
502,502,0,58,211,0,0,0,455,440,-410,2,下位,0,0,0
506,506,0,-6,-23,0,0,0,502,211,-984,1,下位,0,0,0
268,268,0,40,137,0,1,506,502,211,-984,1,下位,0,506,0
65,65,0,103,250,0,0,0,774,137,-2080,1,下位,0,0,0
489,489,0,51,184,0,0,0,65,250,-1932,2,下位,0,0,0
408,408,0,91,193,0,0,0,489,184,-2513,1,下位,0,0,0
372,372,0,-6,-23,0,0,0,408,193,-2958,2,下位,0,0,0
319,319,0,42,148,0,1,372,408,193,-2958,2,下位,0,372,0
373,373,0,56,197,0,0,0,691,148,-3914,1,下位,0,0,0
190,190,0,64,226,1,0,0,0,0,1,0,下位,0,0,0
233,233,0,249,551,0,0,0,190,226,-70,1,下位,0,0,0
329,329,0,59,215,0,0,0,233,551,116,4,下位,0,0,0
362,362,0,64,235,0,0,0,329,215,-184,1,下位,0,0,0
427,427,0,-6,-23,0,0,0,362,235,-515,1,下位,0,0,0
398,398,0,435,916,0,1,427,362,235,-515,1,下位,0,427,0
206,206,0,-6,-23,0,0,0,825,916,-912,6,下位,0,0,0
333,333,0,69,256,0,1,206,825,916,-912,6,下位,0,206,0
254,254,0,-6,-23,0,0,0,539,256,-1522,1,下位,0,0,0
32,32,0,-6,-23,0,1,254,539,256,-1522,1,下位,0,254,0
304,304,0,230,629,0,2,286,539,256,-1522,1,下位,0,32,0
392,392,0,-6,-23,1,0,0,0,0,1,0,下位,0,0,0
79,79,0,-6,-23,1,1,392,0,0,1,0,下位,0,392,0
175,175,0,37,127,1,2,471,0,0,1,0,下位,0,79,0
113,113,0,140,400,0,0,0,646,127,-929,1,下位,0,0,0
98,98,0,-6,-23,0,0,0,113,400,-706,2,下位,0,0,0
62,62,0,-6,-23,0,1,98,113,400,-706,2,下位,0,98,0
87,87,0,-6,-23,0,2,160,113,400,-706,2,下位,0,62,0
85,85,0,550,1303,0,3,247,113,400,-706,2,下位,0,87,0
314,314,0,159,485,0,0,0,332,1303,8,7,下位,0,0,0
189,189,0,814,1854,0,0,0,314,485,2,2,下位,0,0,0
292,292,0,108,280,0,0,0,189,1854,1560,11,下位,0,0,0
400,400,0,135,441,0,0,0,292,280,1383,2,下位,0,0,0
398,398,0,-6,-23,1,0,0,0,0,1,0,下位,0,0,0
231,231,0,-6,-23,1,1,398,0,0,1,0,下位,0,398,0
516,516,0,-6,-23,1,2,629,0,0,1,0,下位,0,231,0
468,468,0,120,318,1,3,1145,0,0,1,0,下位,0,516,0
270,270,0,152,482,0,0,0,1613,318,-2272,2,下位,0,0,0
681,681,0,133,365,0,0,0,270,482,-2212,2,下位,0,0,0
112,112,0,-6,-23,1,0,0,0,0,1,0,下位,0,0,0
190,190,0,-6,-23,1,1,112,0,0,1,0,下位,0,112,0
96,96,0,54,197,1,2,302,0,0,1,0,下位,0,190,0
355,355,0,532,1292,0,0,0,398,197,-470,1,下位,0,0,0
622,622,0,599,1389,0,0,0,355,1292,267,7,下位,0,0,0
248,248,0,-6,-23,0,0,0,622,1389,684,7,下位,0,0,0
160,160,0,-6,-23,0,1,248,622,1389,684,7,下位,0,248,0
133,133,0,227,469,0,2,408,622,1389,684,7,下位,0,160,0
277,277,0,-6,-23,0,0,0,541,469,262,4,下位,0,0,0
160,160,0,-6,-23,0,1,277,541,469,262,4,下位,0,277,0
253,253,0,306,699,0,2,437,541,469,262,4,下位,0,160,0
342,342,0,136,386,0,0,0,690,699,-164,4,下位,0,0,0
351,351,0,30,98,1,0,0,0,0,1,0,下位,0,0,0
564,564,0,-6,-23,0,0,0,351,98,-450,1,下位,0,0,0
93,93,0,-6,-23,0,1,564,351,98,-450,1,下位,0,564,0
489,489,0,53,190,0,2,657,351,98,-450,1,下位,0,93,0
265,265,0,-6,-23,0,0,0,1146,190,-2099,1,下位,0,0,0
237,237,0,58,206,0,1,265,1146,190,-2099,1,下位,0,265,0
438,438,0,40,139,0,0,0,502,206,-2701,1,下位,0,0,0
115,115,0,-6,-23,0,0,0,438,139,-3247,1,下位,0,0,0
418,418,0,117,340,0,1,115,438,139,-3247,1,下位,0,115,0
307,307,0,106,262,0,0,0,533,340,-3764,2,下位,0,0,0
142,142,0,581,1404,0,0,0,307,262,-3982,2,下位,0,0,0
377,377,0,121,336,1,0,0,0,0,1,0,下位,0,0,0
371,371,0,441,970,0,0,0,377,336,-253,2,下位,0,0,0
314,314,0,85,192,0,0,0,371,970,137,6,下位,0,0,0
302,302,0,37,126,0,0,0,314,192,-162,2,下位,0,0,0
100,100,0,246,517,0,0,0,302,126,-508,1,下位,0,0,0
151,151,0,-6,-23,0,0,0,100,517,-148,4,下位,0,0,0
200,200,0,-6,-23,0,1,151,100,517,-148,4,下位,0,151,0
290,290,0,234,481,0,2,351,100,517,-148,4,下位,0,200,0
511,511,0,-6,-23,0,0,0,641,481,-717,3,下位,0,0,0
373,373,0,248,558,0,1,511,641,481,-717,3,下位,0,511,0
251,251,0,124,327,1,0,0,0,0,1,0,下位,0,0,0
362,362,0,-6,-23,0,0,0,251,327,-65,2,下位,0,0,0
334,334,0,-6,-23,0,1,362,251,327,-65,2,下位,0,362,0
328,328,0,179,411,0,2,696,251,327,-65,2,下位,0,334,0
99,99,0,-6,-23,0,0,0,1024,411,-1301,3,下位,0,0,0
68,68,0,-6,-23,0,1,99,1024,411,-1301,3,下位,0,99,0
488,488,0,170,375,0,2,167,1024,411,-1301,3,下位,0,68,0
427,427,0,-6,-23,0,0,0,655,375,-1997,3,下位,0,0,0
61,61,0,110,301,0,1,427,655,375,-1997,3,下位,0,427,0
416,416,0,54,196,0,0,0,488,301,-2483,2,下位,0,0,0
240,240,0,1392,3459,0,0,0,416,196,-2937,1,下位,0,0,0
204,204,0,370,933,1,0,0,0,0,1,0,下位,0,0,0
309,309,0,-6,-23,0,0,0,204,933,615,5,下位,0,0,0
115,115,0,147,465,0,1,309,204,933,615,5,下位,0,309,0
477,477,0,582,1222,0,0,0,424,465,394,2,下位,0,0,0
487,487,0,1236,2643,0,0,0,477,1222,870,8,下位,0,0,0
351,351,0,242,624,0,0,0,487,2643,303,19,上位,0,0,0
136,136,0,138,377,0,0,0,351,624,378,4,下位,0,0,0
122,122,0,292,722,0,0,0,136,377,542,2,下位,0,0,0
608,608,0,-6,-23,0,0,0,122,722,1073,4,下位,0,0,0
61,61,0,290,775,0,1,608,122,722,1073,4,下位,0,608,0
182,182,0,-6,-23,0,0,0,669,775,779,4,下位,0,0,0
57,57,0,62,221,0,1,182,669,775,779,4,下位,0,182,0
410,410,0,83,288,0,0,0,239,221,602,1,下位,0,0,0
62,62,0,85,314,0,0,0,410,288,250,1,下位,0,0,0
330,330,0,507,954,1,0,0,0,0,1,0,下位,0,0,0
163,163,0,194,523,0,0,0,330,954,439,7,下位,0,0,0
68,68,0,-6,-23,0,0,0,163,523,707,3,下位,0,0,0
487,487,0,300,623,0,1,68,163,523,707,3,下位,0,68,0
223,223,0,-6,-23,0,0,0,555,623,439,4,下位,0,0,0
355,355,0,183,413,0,1,223,555,623,439,4,下位,0,223,0
533,533,0,108,254,0,0,0,578,413,-75,3,下位,0,0,0
243,243,0,-6,-23,0,0,0,533,254,-654,2,下位,0,0,0
88,88,0,55,200,0,1,243,533,254,-654,2,下位,0,243,0
431,431,0,187,469,0,0,0,331,200,-995,1,下位,0,0,0
505,505,0,74,269,0,0,0,431,469,-1200,3,下位,0,0,0
298,298,0,-6,-23,0,0,0,505,269,-1720,1,下位,0,0,0
201,201,0,42,148,0,1,298,505,269,-1720,1,下位,0,298,0
87,87,0,112,303,0,0,0,499,148,-2375,1,下位,0,0,0
489,489,0,-6,-23,0,0,0,87,303,-2208,2,下位,0,0,0
70,70,0,-6,-23,0,1,489,87,303,-2208,2,下位,0,489,0
117,117,0,220,614,0,2,559,87,303,-2208,2,下位,0,70,0
91,91,0,40,141,1,0,0,0,0,1,0,下位,0,0,0
376,376,0,36,123,0,0,0,91,141,-1,1,下位,0,0,0
331,331,0,-6,-23,0,0,0,376,123,-466,1,下位,0,0,0
285,285,0,-6,-23,0,1,331,376,123,-466,1,下位,0,331,0
420,420,0,317,709,0,2,616,376,123,-466,1,下位,0,285,0
151,151,0,1779,4804,0,0,0,1036,709,-1424,4,下位,0,0,0
317,317,0,-6,-23,0,0,0,151,4804,573,20,上位,0,0,0
185,185,0,206,516,0,1,317,151,4804,573,20,上位,0,317,0
170,170,0,268,621,0,0,0,502,516,281,3,下位,0,0,0
98,98,0,-6,-23,1,0,0,0,0,1,0,下位,0,0,0
430,430,0,-6,-23,1,1,98,0,0,1,0,下位,0,98,0
368,368,0,-6,-23,1,2,528,0,0,1,0,下位,0,430,0
486,486,0,52,189,1,3,896,0,0,1,0,下位,0,368,0
461,461,0,-6,-23,0,0,0,1382,189,-2040,1,下位,0,0,0
123,123,0,-6,-23,0,1,461,1382,189,-2040,1,下位,0,461,0
98,98,0,-6,-23,0,2,584,1382,189,-2040,1,下位,0,123,0
163,163,0,92,348,0,3,682,1382,189,-2040,1,下位,0,98,0
293,293,0,-6,-23,0,0,0,845,348,-3084,1,下位,0,0,0
99,99,0,158,495,0,1,293,845,348,-3084,1,下位,0,293,0
383,383,0,162,376,0,0,0,392,495,-3225,2,下位,0,0,0
79,79,0,349,835,0,0,0,383,376,-3448,3,下位,0,0,0
133,133,0,-6,-23,0,0,0,79,835,-2737,5,下位,0,0,0
72,72,0,284,576,0,1,133,79,835,-2737,5,下位,0,133,0
150,150,0,-6,-23,0,0,0,205,576,-2505,4,下位,0,0,0
90,90,0,210,416,0,1,150,205,576,-2505,4,下位,0,150,0
313,313,0,56,201,1,0,0,0,0,1,0,下位,0,0,0
559,559,0,286,528,0,0,0,313,201,-288,1,下位,0,0,0
177,177,0,329,904,0,0,0,559,528,-634,4,下位,0,0,0
160,160,0,122,365,0,0,0,177,904,-7,4,下位,0,0,0
230,230,0,-6,-23,0,0,0,160,365,108,2,下位,0,0,0
378,378,0,-6,-23,0,1,230,160,365,108,2,下位,0,230,0
184,184,0,131,337,0,2,608,160,365,108,2,下位,0,378,0
232,232,0,-6,-23,0,0,0,792,337,-840,2,下位,0,0,0
40,40,0,-6,-23,0,1,232,792,337,-840,2,下位,0,232,0
441,441,0,-6,-23,0,2,272,792,337,-840,2,下位,0,40,0
187,187,0,36,123,0,3,713,792,337,-840,2,下位,0,441,0
113,113,0,-6,-23,0,0,0,900,123,-2194,1,下位,0,0,0
220,220,0,-6,-23,0,1,113,900,123,-2194,1,下位,0,113,0
556,556,0,362,959,0,2,333,900,123,-2194,1,下位,0,220,0
124,124,0,-6,-23,0,0,0,889,959,-2671,5,下位,0,0,0
149,149,0,-6,-23,0,1,124,889,959,-2671,5,下位,0,124,0
94,94,0,-6,-23,0,2,273,889,959,-2671,5,下位,0,149,0
529,529,0,78,292,0,3,367,889,959,-2671,5,下位,0,94,0
249,249,0,-6,-23,0,0,0,896,292,-3849,1,下位,0,0,0
118,118,0,36,121,0,1,249,896,292,-3849,1,下位,0,249,0
360,360,0,-6,-23,0,0,0,367,121,-4326,1,下位,0,0,0
73,73,0,72,231,0,1,360,367,121,-4326,1,下位,0,360,0
326,326,0,881,2938,1,0,0,0,0,1,0,下位,0,0,0
169,169,0,872,1982,0,0,0,326,2938,-2,7,上位,0,0,0
406,406,0,-6,-23,0,0,0,169,1982,1714,13,下位,0,0,0
358,358,0,303,664,0,1,406,169,1982,1714,13,下位,0,406,0
485,485,0,-6,-23,0,0,0,764,664,1160,4,下位,0,0,0
210,210,0,-6,-23,0,1,485,764,664,1160,4,下位,0,485,0
274,274,0,-6,-23,0,2,695,764,664,1160,4,下位,0,210,0
146,146,0,69,256,0,3,969,764,664,1160,4,下位,0,274,0
85,85,0,380,939,0,0,0,1115,256,-398,1,下位,0,0,0
80,80,0,-6,-23,0,0,0,85,939,408,5,下位,0,0,0
71,71,0,-6,-23,0,1,80,85,939,408,5,下位,0,80,0
89,89,0,42,145,0,2,151,85,939,408,5,下位,0,71,0
149,149,0,-6,-23,0,0,0,240,145,132,1,下位,0,0,0
168,168,0,-6,-23,0,1,149,240,145,132,1,下位,0,149,0
273,273,0,60,220,0,2,317,240,145,132,1,下位,0,168,0
84,84,0,196,533,0,0,0,590,220,-617,1,下位,0,0,0
320,320,0,56,201,0,0,0,84,533,-216,3,下位,0,0,0
358,358,0,-6,-23,0,0,0,320,201,-515,1,下位,0,0,0
456,456,0,727,1707,0,1,358,320,201,-515,1,下位,0,358,0
316,316,0,130,354,1,0,0,0,0,1,0,下位,0,0,0
198,198,0,1558,4012,0,0,0,316,354,-139,2,下位,0,0,0
190,190,0,-6,-23,0,0,0,198,4012,205,21,上位,0,0,0
506,506,0,119,320,0,1,190,198,4012,205,21,上位,0,190,0
187,187,0,-6,-23,1,0,0,0,0,1,0,下位,0,0,0
46,46,0,223,621,1,1,187,0,0,1,0,下位,0,187,0
575,575,0,-6,-23,0,0,0,233,621,234,3,下位,0,0,0
301,301,0,53,191,0,1,575,233,621,234,3,下位,0,575,0
196,196,0,72,268,0,0,0,876,191,-968,1,下位,0,0,0
201,201,0,61,216,1,0,0,0,0,1,0,下位,0,0,0
528,528,0,144,457,0,0,0,201,216,-97,1,下位,0,0,0
252,252,0,50,178,0,0,0,528,457,-465,2,下位,0,0,0
62,62,0,33,112,0,0,0,252,178,-681,1,下位,0,0,0
486,486,0,74,275,0,0,0,62,112,-666,1,下位,0,0,0
421,421,0,509,1195,0,0,0,486,275,-1151,1,下位,0,0,0
66,66,0,236,675,0,0,0,421,1195,-614,6,下位,0,0,0
307,307,0,92,339,1,0,0,0,0,1,0,下位,0,0,0
99,99,0,146,409,0,0,0,307,339,-140,1,下位,0,0,0
243,243,0,62,226,0,0,0,99,409,114,2,下位,0,0,0
428,428,0,-6,-23,0,0,0,243,226,-40,1,下位,0,0,0
381,381,0,56,201,0,1,428,243,226,-40,1,下位,0,428,0
125,125,0,-6,-23,0,0,0,809,201,-1127,1,下位,0,0,0
377,377,0,-6,-23,0,1,125,809,201,-1127,1,下位,0,125,0
375,375,0,-6,-23,0,2,502,809,201,-1127,1,下位,0,377,0
465,465,0,244,584,0,3,877,809,201,-1127,1,下位,0,375,0
379,379,0,50,181,0,0,0,1342,584,-2710,4,下位,0,0,0
75,75,0,397,842,0,0,0,379,181,-3122,1,下位,0,0,0
85,85,0,-6,-23,0,0,0,75,842,-2398,6,下位,0,0,0
159,159,0,150,442,0,1,85,75,842,-2398,6,下位,0,85,0
583,583,0,-6,-23,1,0,0,0,0,1,0,下位,0,0,0
519,519,0,-6,-23,1,1,583,0,0,1,0,下位,0,583,0
131,131,0,-6,-23,1,2,1102,0,0,1,0,下位,0,519,0
79,79,0,292,717,1,3,1233,0,0,1,0,下位,0,131,0
259,259,0,63,226,0,0,0,1312,717,-1402,4,下位,0,0,0
508,508,0,-6,-23,1,0,0,0,0,1,0,下位,0,0,0
322,322,0,398,783,1,1,508,0,0,1,0,下位,0,508,0
129,129,0,58,212,0,0,0,830,783,-537,6,下位,0,0,0
111,111,0,-6,-23,0,0,0,129,212,-527,1,下位,0,0,0
280,280,0,58,209,0,1,111,129,212,-527,1,下位,0,111,0
255,255,0,-6,-23,1,0,0,0,0,1,0,下位,0,0,0
318,318,0,135,384,1,1,255,0,0,1,0,下位,0,255,0
379,379,0,1375,3524,0,0,0,573,384,-534,2,下位,0,0,0
497,497,0,-6,-23,0,0,0,379,3524,-2,16,上位,0,0,0
369,369,0,127,392,0,1,497,379,3524,-2,16,上位,0,497,0
174,174,0,-6,-23,1,0,0,0,0,1,0,下位,0,0,0
132,132,0,56,198,1,1,174,0,0,1,0,下位,0,174,0
318,318,0,89,334,0,0,0,306,198,-303,1,下位,0,0,0
62,62,0,124,320,0,0,0,318,334,-466,1,下位,0,0,0
75,75,0,-6,-23,0,0,0,62,320,-243,2,下位,0,0,0
265,265,0,344,863,0,1,75,62,320,-243,2,下位,0,75,0
148,148,0,38,124,0,0,0,340,863,64,4,下位,0,0,0
299,299,0,69,232,0,0,0,148,124,-44,1,下位,0,0,0
182,182,0,-6,-23,1,0,0,0,0,1,0,下位,0,0,0
74,74,0,38,130,1,1,182,0,0,1,0,下位,0,182,0
207,207,0,-6,-23,0,0,0,256,130,-293,1,下位,0,0,0
164,164,0,-6,-23,0,1,207,256,130,-293,1,下位,0,207,0
278,278,0,-6,-23,0,2,371,256,130,-293,1,下位,0,164,0
563,563,0,136,368,0,3,649,256,130,-293,1,下位,0,278,0
194,194,0,-6,-23,0,0,0,1212,368,-1890,2,下位,0,0,0
338,338,0,-6,-23,0,1,194,1212,368,-1890,2,下位,0,194,0
595,595,0,35,113,0,2,532,1212,368,-1890,2,下位,0,338,0
238,238,0,38,103,1,0,0,0,0,1,0,下位,0,0,0
543,543,0,-6,-23,0,0,0,238,103,-268,1,下位,0,0,0
335,335,0,-6,-23,0,1,543,238,103,-268,1,下位,0,543,0
452,452,0,57,207,0,2,878,238,103,-268,1,下位,0,335,0
351,351,0,38,133,0,0,0,1330,207,-2187,1,下位,0,0,0
77,77,0,-6,-23,0,0,0,351,133,-2603,1,下位,0,0,0
337,337,0,-6,-23,0,1,77,351,133,-2603,1,下位,0,77,0
329,329,0,58,213,0,2,414,351,133,-2603,1,下位,0,337,0
93,93,0,-6,-23,0,0,0,743,213,-3598,1,下位,0,0,0
96,96,0,462,1227,0,1,93,743,213,-3598,1,下位,0,93,0
345,345,0,-6,-23,0,0,0,189,1227,-2690,6,下位,0,0,0
111,111,0,41,125,0,1,345,189,1227,-2690,6,下位,0,345,0
198,198,0,260,575,0,0,0,456,125,-3301,1,下位,0,0,0
285,285,0,-6,-23,0,0,0,198,575,-3036,4,下位,0,0,0
551,551,0,-6,-23,0,1,285,198,575,-3036,4,下位,0,285,0
60,60,0,-6,-23,0,2,836,198,575,-3036,4,下位,0,551,0
166,166,0,53,190,0,3,896,198,575,-3036,4,下位,0,60,0
220,220,0,82,307,0,0,0,1062,190,-4576,1,下位,0,0,0
402,402,0,-6,-23,1,0,0,0,0,1,0,下位,0,0,0
262,262,0,-6,-23,1,1,402,0,0,1,0,下位,0,402,0
419,419,0,118,312,1,2,664,0,0,1,0,下位,0,262,0
266,266,0,-6,-23,0,0,0,1083,312,-1428,2,下位,0,0,0
298,298,0,-6,-23,0,1,266,1083,312,-1428,2,下位,0,266,0
140,140,0,72,269,0,2,564,1083,312,-1428,2,下位,0,298,0
187,187,0,159,464,1,0,0,0,0,1,0,下位,0,0,0
464,464,0,131,333,0,0,0,187,464,172,2,下位,0,0,0
121,121,0,46,155,0,0,0,464,333,-219,2,下位,0,0,0
188,188,0,42,141,0,0,0,121,155,-254,1,下位,0,0,0
338,338,0,-6,-23,0,0,0,188,141,-407,1,下位,0,0,0
344,344,0,-6,-23,0,1,338,188,141,-407,1,下位,0,338,0
251,251,0,132,357,0,2,682,188,141,-407,1,下位,0,344,0
215,215,0,-6,-23,0,0,0,933,357,-1556,2,下位,0,0,0
249,249,0,-6,-23,0,1,215,933,357,-1556,2,下位,0,215,0
173,173,0,619,1598,0,2,464,933,357,-1556,2,下位,0,249,0
237,237,0,51,184,0,0,0,637,1598,-1001,7,下位,0,0,0
389,389,0,-6,-23,0,0,0,237,184,-1188,1,下位,0,0,0
217,217,0,66,242,0,1,389,237,184,-1188,1,下位,0,389,0
526,526,0,521,1146,1,0,0,0,0,1,0,下位,0,0,0
110,110,0,-6,-23,0,0,0,526,1146,325,7,下位,0,0,0
482,482,0,-6,-23,0,1,110,526,1146,325,7,下位,0,110,0
200,200,0,216,644,0,2,592,526,1146,325,7,下位,0,482,0
201,201,0,-6,-23,1,0,0,0,0,1,0,下位,0,0,0
79,79,0,511,1131,1,1,201,0,0,1,0,下位,0,201,0
149,149,0,-6,-23,0,0,0,280,1131,671,6,下位,0,0,0
370,370,0,120,310,0,1,149,280,1131,671,6,下位,0,149,0
118,118,0,51,148,1,0,0,0,0,1,0,下位,0,0,0
209,209,0,39,129,0,0,0,118,148,-36,1,下位,0,0,0
484,484,0,-6,-23,0,0,0,209,129,-234,1,下位,0,0,0
291,291,0,100,244,0,1,484,209,129,-234,1,下位,0,484,0
146,146,0,204,510,0,0,0,775,244,-1224,2,下位,0,0,0
107,107,0,-6,-23,0,0,0,146,510,-944,3,下位,0,0,0
531,531,0,-6,-23,0,1,107,146,510,-944,3,下位,0,107,0
291,291,0,41,144,0,2,638,146,510,-944,3,下位,0,531,0
205,205,0,75,280,1,0,0,0,0,1,0,下位,0,0,0
183,183,0,76,272,0,0,0,205,280,-40,1,下位,0,0,0
273,273,0,37,127,0,0,0,183,272,-54,1,下位,0,0,0
305,305,0,78,285,0,0,0,273,127,-354,1,下位,0,0,0
205,205,0,48,172,0,0,0,305,285,-546,1,下位,0,0,0
406,406,0,304,649,0,0,0,205,172,-695,1,下位,0,0,0
488,488,0,38,131,0,0,0,406,649,-681,4,下位,0,0,0
115,115,0,-6,-23,0,0,0,488,131,-1313,1,下位,0,0,0
259,259,0,-6,-23,0,1,115,488,131,-1313,1,下位,0,115,0
504,504,0,-6,-23,0,2,374,488,131,-1313,1,下位,0,259,0
442,442,0,56,203,0,3,878,488,131,-1313,1,下位,0,504,0
264,264,0,-6,-23,0,0,0,1320,203,-3243,1,下位,0,0,0
112,112,0,516,1161,0,1,264,1320,203,-3243,1,下位,0,264,0
477,477,0,-6,-23,1,0,0,0,0,1,0,下位,0,0,0
326,326,0,-6,-23,1,1,477,0,0,1,0,下位,0,477,0
194,194,0,66,245,1,2,803,0,0,1,0,下位,0,326,0
471,471,0,431,943,0,0,0,997,245,-1360,1,下位,0,0,0
210,210,0,-6,-23,0,0,0,471,943,-1153,5,下位,0,0,0
153,153,0,-6,-23,0,1,210,471,943,-1153,5,下位,0,210,0
547,547,0,-6,-23,0,2,363,471,943,-1153,5,下位,0,153,0
410,410,0,60,215,0,3,910,471,943,-1153,5,下位,0,547,0
307,307,0,164,359,0,0,0,1320,215,-3072,1,下位,0,0,0
385,385,0,1453,3833,1,0,0,0,0,1,0,下位,0,0,0
241,241,0,56,196,0,0,0,385,3833,302,18,上位,0,0,0
311,311,0,36,121,0,0,0,241,196,121,1,下位,0,0,0
160,160,0,58,213,0,0,0,311,121,-244,1,下位,0,0,0
128,128,0,62,216,0,0,0,160,213,-281,1,下位,0,0,0
435,435,0,587,1253,0,0,0,128,216,-265,1,下位,0,0,0
563,563,0,-6,-23,0,0,0,435,1253,308,8,下位,0,0,0
279,279,0,-6,-23,0,1,563,435,1253,308,8,下位,0,563,0
421,421,0,42,148,0,2,842,435,1253,308,8,下位,0,279,0
85,85,0,937,2575,0,0,0,1263,148,-1564,1,下位,0,0,0
296,296,0,124,360,0,0,0,85,2575,878,10,下位,0,0,0
396,396,0,-6,-23,0,0,0,296,360,775,2,下位,0,0,0
393,393,0,243,561,0,1,396,296,360,775,2,下位,0,396,0
517,517,0,67,242,1,0,0,0,0,1,0,下位,0,0,0
455,455,0,-6,-23,0,0,0,517,242,-565,1,下位,0,0,0
322,322,0,604,1470,0,1,455,517,242,-565,1,下位,0,455,0
297,297,0,103,326,0,0,0,777,1470,-333,7,下位,0,0,0
214,214,0,-6,-23,0,0,0,297,326,-471,2,下位,0,0,0
223,223,0,-6,-23,0,1,214,297,326,-471,2,下位,0,214,0
385,385,0,35,119,0,2,437,297,326,-471,2,下位,0,223,0
81,81,0,301,649,0,0,0,822,119,-1684,1,下位,0,0,0
230,230,0,100,371,0,0,0,81,649,-1163,5,下位,0,0,0
159,159,0,328,786,0,0,0,230,371,-1152,1,下位,0,0,0
451,451,0,63,230,0,0,0,159,786,-615,4,下位,0,0,0
125,125,0,97,214,0,0,0,451,230,-1090,1,下位,0,0,0
223,223,0,-6,-23,0,0,0,125,214,-1072,2,下位,0,0,0
359,359,0,282,561,0,1,223,125,214,-1072,2,下位,0,223,0
482,482,0,47,167,0,0,0,582,561,-1444,4,下位,0,0,0
336,336,0,-6,-23,1,0,0,0,0,1,0,下位,0,0,0
521,521,0,37,120,1,1,336,0,0,1,0,下位,0,336,0
350,350,0,800,1622,0,0,0,857,120,-1241,1,下位,0,0,0
212,212,0,175,482,0,0,0,350,1622,-166,12,下位,0,0,0
548,548,0,-6,-23,0,0,0,212,482,-16,3,下位,0,0,0
450,450,0,-6,-23,0,1,548,212,482,-16,3,下位,0,548,0
297,297,0,990,2402,0,2,998,212,482,-16,3,下位,0,450,0
169,169,0,-6,-23,0,0,0,1295,2402,316,13,下位,0,0,0
78,78,0,-6,-23,0,1,169,1295,2402,316,13,下位,0,169,0
74,74,0,-6,-23,0,2,247,1295,2402,316,13,下位,0,78,0
353,353,0,45,159,0,3,321,1295,2402,316,13,下位,0,74,0
201,201,0,132,369,0,0,0,674,159,-649,1,下位,0,0,0
176,176,0,84,314,0,0,0,201,369,-594,2,下位,0,0,0
382,382,0,24,70,1,0,0,0,0,1,0,下位,0,0,0
369,369,0,118,318,0,0,0,382,70,-526,1,下位,0,0,0
340,340,0,28,85,0,0,0,369,318,-786,2,下位,0,0,0
186,186,0,-6,-23,0,0,0,340,85,-1233,1,下位,0,0,0
261,261,0,-6,-23,0,1,186,340,85,-1233,1,下位,0,186,0
252,252,0,44,157,0,2,447,340,85,-1233,1,下位,0,261,0
233,233,0,115,319,0,0,0,699,157,-2215,1,下位,0,0,0
108,108,0,41,144,0,0,0,233,319,-2260,2,下位,0,0,0
462,462,0,-6,-23,0,0,0,108,144,-2285,1,下位,0,0,0
261,261,0,-6,-23,0,1,462,108,144,-2285,1,下位,0,462,0
85,85,0,49,174,0,2,723,108,144,-2285,1,下位,0,261,0
233,233,0,-6,-23,0,0,0,808,174,-3420,1,下位,0,0,0
169,169,0,-6,-23,0,1,233,808,174,-3420,1,下位,0,233,0
132,132,0,-6,-23,0,2,402,808,174,-3420,1,下位,0,169,0
676,676,0,509,1120,0,3,534,808,174,-3420,1,下位,0,132,0
467,467,0,-6,-23,0,0,0,1210,1120,-4264,7,下位,0,0,0
433,433,0,36,122,0,1,467,1210,1120,-4264,7,下位,0,467,0
236,236,0,145,420,1,0,0,0,0,1,0,下位,0,0,0
248,248,0,-6,-23,0,0,0,236,420,52,2,下位,0,0,0
85,85,0,-6,-23,0,1,248,236,420,52,2,下位,0,248,0
56,56,0,75,280,0,2,333,236,420,52,2,下位,0,85,0
403,403,0,414,942,0,0,0,389,280,-323,1,下位,0,0,0
330,330,0,55,192,0,0,0,403,942,-11,6,下位,0,0,0
78,78,0,-6,-23,0,0,0,330,192,-335,1,下位,0,0,0
198,198,0,58,199,0,1,78,330,192,-335,1,下位,0,78,0
153,153,0,245,701,0,0,0,276,199,-591,1,下位,0,0,0
233,233,0,-6,-23,0,0,0,153,701,-130,3,下位,0,0,0
482,482,0,-6,-23,0,1,233,153,701,-130,3,下位,0,233,0
188,188,0,-6,-23,0,2,715,153,701,-130,3,下位,0,482,0
278,278,0,49,170,0,3,903,153,701,-130,3,下位,0,188,0
359,359,0,-6,-23,0,0,0,1181,170,-1877,1,下位,0,0,0
482,482,0,42,149,0,1,359,1181,170,-1877,1,下位,0,359,0
123,123,0,154,275,0,0,0,841,149,-3066,1,下位,0,0,0
652,652,0,63,225,0,0,0,123,275,-2984,3,下位,0,0,0
223,223,0,354,888,1,0,0,0,0,1,0,下位,0,0,0
279,279,0,42,128,0,0,0,223,888,540,5,下位,0,0,0
502,502,0,330,880,0,0,0,279,128,232,1,下位,0,0,0
238,238,0,43,144,1,0,0,0,0,1,0,下位,0,0,0
175,175,0,431,983,1,0,0,0,0,1,0,下位,0,0,0
511,511,0,-6,-23,1,0,0,0,0,1,0,下位,0,0,0
104,104,0,-6,-23,1,1,511,0,0,1,0,下位,0,511,0
116,116,0,81,302,1,2,615,0,0,1,0,下位,0,104,0
109,109,0,-6,-23,0,0,0,731,302,-887,1,下位,0,0,0
88,88,0,-6,-23,0,1,109,731,302,-887,1,下位,0,109,0
192,192,0,136,370,0,2,197,731,302,-887,1,下位,0,88,0
330,330,0,-6,-23,1,0,0,0,0,1,0,下位,0,0,0
264,264,0,-6,-23,1,1,330,0,0,1,0,下位,0,330,0
286,286,0,294,758,1,2,594,0,0,1,0,下位,0,264,0
439,439,0,40,140,0,0,0,880,758,-663,4,下位,0,0,0
84,84,0,421,914,0,0,0,439,140,-1209,1,下位,0,0,0
62,62,0,-6,-23,0,0,0,84,914,-427,6,下位,0,0,0
291,291,0,-6,-23,0,1,62,84,914,-427,6,下位,0,62,0
192,192,0,-6,-23,0,2,353,84,914,-427,6,下位,0,291,0
356,356,0,347,820,0,3,545,84,914,-427,6,下位,0,192,0
147,147,0,589,1318,0,0,0,901,820,-1084,5,下位,0,0,0
136,136,0,-6,-23,0,0,0,147,1318,4,7,下位,0,0,0
441,441,0,60,221,0,1,136,147,1318,4,7,下位,0,136,0
266,266,0,58,213,1,0,0,0,0,1,0,下位,0,0,0
127,127,0,-6,-23,0,0,0,266,213,-202,1,下位,0,0,0
402,402,0,359,800,0,1,127,266,213,-202,1,下位,0,127,0
115,115,0,-6,-23,0,0,0,529,800,-253,5,下位,0,0,0
496,496,0,62,217,0,1,115,529,800,-253,5,下位,0,115,0
338,338,0,379,754,0,0,0,611,217,-1014,1,下位,0,0,0
113,113,0,-6,-23,0,0,0,338,754,-788,5,下位,0,0,0
290,290,0,54,179,0,1,113,338,754,-788,5,下位,0,113,0
260,260,0,-6,-23,0,0,0,403,179,-1263,1,下位,0,0,0
278,278,0,-6,-23,0,1,260,403,179,-1263,1,下位,0,260,0
198,198,0,-6,-23,0,2,538,403,179,-1263,1,下位,0,278,0
117,117,0,61,213,0,3,736,403,179,-1263,1,下位,0,198,0
127,127,0,-6,-23,0,0,0,853,213,-2454,1,下位,0,0,0
131,131,0,-6,-23,0,1,127,853,213,-2454,1,下位,0,127,0
257,257,0,457,970,0,2,258,853,213,-2454,1,下位,0,131,0
414,414,0,134,387,0,0,0,515,970,-2336,7,下位,0,0,0
472,472,0,44,143,1,0,0,0,0,1,0,下位,0,0,0
112,112,0,226,428,0,0,0,472,143,-594,1,下位,0,0,0
138,138,0,-6,-23,0,0,0,112,428,-342,3,下位,0,0,0
307,307,0,-6,-23,0,1,138,112,428,-342,3,下位,0,138,0
491,491,0,-6,-23,0,2,445,112,428,-342,3,下位,0,307,0
48,48,0,57,201,0,3,936,112,428,-342,3,下位,0,491,0
313,313,0,36,114,0,0,0,984,201,-1749,1,下位,0,0,0
224,224,0,-6,-23,0,0,0,313,114,-2125,1,下位,0,0,0
180,180,0,98,254,0,1,224,313,114,-2125,1,下位,0,224,0
85,85,0,242,568,0,0,0,404,254,-2526,2,下位,0,0,0
348,348,0,-6,-23,0,0,0,85,568,-2091,4,下位,0,0,0
541,541,0,98,236,0,1,348,85,568,-2091,4,下位,0,348,0
255,255,0,-6,-23,0,0,0,889,236,-3268,2,下位,0,0,0
388,388,0,128,371,0,1,255,889,236,-3268,2,下位,0,255,0
324,324,0,81,302,0,0,0,643,371,-3926,2,下位,0,0,0
116,116,0,70,120,0,0,0,324,302,-4131,1,下位,0,0,0
399,399,0,38,118,0,0,0,116,120,-4193,2,下位,0,0,0
96,96,0,60,218,0,0,0,399,118,-4699,1,下位,0,0,0
154,154,0,-6,-23,1,0,0,0,0,1,0,下位,0,0,0
493,493,0,59,210,1,1,154,0,0,1,0,下位,0,154,0
121,121,0,-6,-23,0,0,0,647,210,-824,1,下位,0,0,0
63,63,0,309,649,0,1,121,647,210,-824,1,下位,0,121,0
464,464,0,2068,5925,0,0,0,184,649,-486,4,下位,0,0,0
520,520,0,-6,-23,0,0,0,464,5925,-2,22,上位,0,0,0
75,75,0,-6,-23,0,1,520,464,5925,-2,22,上位,0,520,0
423,423,0,57,197,0,2,595,464,5925,-2,22,上位,0,75,0
350,350,0,-6,-23,0,0,0,1018,197,-1443,1,下位,0,0,0
428,428,0,-6,-23,0,1,350,1018,197,-1443,1,下位,0,350,0
67,67,0,-6,-23,0,2,778,1018,197,-1443,1,下位,0,428,0
67,67,0,129,341,0,3,845,1018,197,-1443,1,下位,0,67,0
93,93,0,245,568,0,0,0,912,341,-2597,2,下位,0,0,0
78,78,0,-6,-23,0,0,0,93,568,-2176,4,下位,0,0,0
147,147,0,351,778,0,1,78,93,568,-2176,4,下位,0,78,0
275,275,0,-6,-23,0,0,0,225,778,-1773,6,下位,0,0,0
457,457,0,504,1258,0,1,275,225,778,-1773,6,下位,0,275,0
544,544,0,223,615,0,0,0,732,1258,-1683,6,下位,0,0,0
366,366,0,309,791,1,0,0,0,0,1,0,下位,0,0,0
212,212,0,-6,-23,0,0,0,366,791,219,4,下位,0,0,0
374,374,0,-6,-23,0,1,212,366,791,219,4,下位,0,212,0
72,72,0,206,487,0,2,586,366,791,219,4,下位,0,374,0
76,76,0,267,567,0,0,0,658,487,-370,4,下位,0,0,0
406,406,0,98,236,0,0,0,76,567,79,3,下位,0,0,0
193,193,0,-6,-23,0,0,0,406,236,-320,2,下位,0,0,0
205,205,0,-6,-23,0,1,193,406,236,-320,2,下位,0,193,0
191,191,0,-6,-23,0,2,398,406,236,-320,2,下位,0,205,0
357,357,0,107,267,0,3,589,406,236,-320,2,下位,0,191,0
604,604,0,133,379,0,0,0,946,267,-1602,2,下位,0,0,0
166,166,0,-6,-23,0,0,0,604,379,-2167,2,下位,0,0,0
111,111,0,224,474,0,1,166,604,379,-2167,2,下位,0,166,0
399,399,0,-6,-23,0,0,0,277,474,-2150,3,下位,0,0,0
278,278,0,34,116,0,1,399,277,474,-2150,3,下位,0,399,0
186,186,0,109,285,1,0,0,0,0,1,0,下位,0,0,0
104,104,0,-6,-23,0,0,0,186,285,-5,2,下位,0,0,0
180,180,0,-6,-23,0,1,104,186,285,-5,2,下位,0,104,0
283,283,0,-6,-23,0,2,284,186,285,-5,2,下位,0,180,0
277,277,0,500,1204,0,3,567,186,285,-5,2,下位,0,283,0
60,60,0,1839,4931,0,0,0,844,1204,-190,6,下位,0,0,0
121,121,0,860,1995,0,0,0,60,4931,-2,22,上位,0,0,0
149,149,0,-6,-23,0,0,0,121,1995,1804,11,下位,0,0,0
495,495,0,492,968,0,1,149,121,1995,1804,11,下位,0,149,0
486,486,0,-6,-23,0,0,0,644,968,1742,7,下位,0,0,0
153,153,0,34,104,0,1,486,644,968,1742,7,下位,0,486,0
604,604,0,-6,-23,0,0,0,639,104,823,1,下位,0,0,0
432,432,0,-6,-23,0,1,604,639,104,823,1,下位,0,604,0
55,55,0,-6,-23,0,2,1036,639,104,823,1,下位,0,432,0
263,263,0,59,214,0,3,1091,639,104,823,1,下位,0,55,0
169,169,0,-6,-23,1,0,0,0,0,1,0,下位,0,0,0
400,400,0,-6,-23,1,1,169,0,0,1,0,下位,0,169,0
545,545,0,60,210,1,2,569,0,0,1,0,下位,0,400,0
97,97,0,236,461,0,0,0,1114,210,-1576,1,下位,0,0,0
500,500,0,-6,-23,0,0,0,97,461,-1267,3,下位,0,0,0
104,104,0,497,1233,0,1,500,97,461,-1267,3,下位,0,500,0
174,174,0,-6,-23,0,0,0,604,1233,-1003,6,下位,0,0,0
312,312,0,-6,-23,0,1,174,604,1233,-1003,6,下位,0,174,0
395,395,0,53,191,0,2,486,604,1233,-1003,6,下位,0,312,0
237,237,0,276,771,1,0,0,0,0,1,0,下位,0,0,0
189,189,0,605,1428,0,0,0,237,771,401,4,下位,0,0,0
98,98,0,-6,-23,0,0,0,189,1428,1533,8,下位,0,0,0
172,172,0,898,2001,0,1,98,189,1428,1533,8,下位,0,98,0
507,507,0,-6,-23,0,0,0,270,2001,356,14,上位,0,0,0
398,398,0,354,824,0,1,507,270,2001,356,14,上位,0,507,0
293,293,0,-6,-23,0,0,0,905,824,-258,5,下位,0,0,0
163,163,0,-6,-23,0,1,293,905,824,-258,5,下位,0,293,0
302,302,0,263,676,0,2,456,905,824,-258,5,下位,0,163,0
686,686,0,-6,-23,0,0,0,758,676,-813,4,下位,0,0,0
199,199,0,253,599,0,1,686,758,676,-813,4,下位,0,686,0
165,165,0,114,336,0,0,0,885,599,-1620,3,下位,0,0,0
497,497,0,71,262,0,0,0,165,336,-1542,2,下位,0,0,0
419,419,0,140,389,0,0,0,497,262,-2057,1,下位,0,0,0
454,454,0,-6,-23,0,0,0,419,389,-2323,2,下位,0,0,0
431,431,0,240,574,0,1,454,419,389,-2323,2,下位,0,454,0
208,208,0,140,394,1,0,0,0,0,1,0,下位,0,0,0
152,152,0,-6,-23,0,0,0,208,394,70,2,下位,0,0,0
219,219,0,-6,-23,0,1,152,208,394,70,2,下位,0,152,0
435,435,0,4828,14730,0,2,371,208,394,70,2,下位,0,219,0
262,262,0,-6,-23,0,0,0,806,14730,204,47,上位,0,0,0
61,61,0,-6,-23,0,1,262,806,14730,204,47,上位,0,262,0
46,46,0,135,402,0,2,323,806,14730,204,47,上位,0,61,0
230,230,0,112,302,0,0,0,369,402,-18,2,下位,0,0,0
477,477,0,96,363,0,0,0,230,302,-76,2,下位,0,0,0
130,130,0,158,484,0,0,0,477,363,-459,1,下位,0,0,0
157,157,0,-6,-23,0,0,0,130,484,-179,2,下位,0,0,0
254,254,0,998,2161,0,1,157,130,484,-179,2,下位,0,157,0
473,473,0,52,187,0,0,0,411,2161,278,15,上位,0,0,0
499,499,0,-6,-23,1,0,0,0,0,1,0,下位,0,0,0
205,205,0,255,533,1,1,499,0,0,1,0,下位,0,499,0
471,471,0,34,106,0,0,0,704,533,-590,3,下位,0,0,0
266,266,0,34,75,0,0,0,471,106,-1220,1,下位,0,0,0
186,186,0,228,480,0,0,0,266,75,-1561,1,下位,0,0,0
130,130,0,-6,-23,0,0,0,186,480,-1372,3,下位,0,0,0
465,465,0,74,269,0,1,130,186,480,-1372,3,下位,0,130,0
214,214,0,506,1226,0,0,0,595,269,-2057,1,下位,0,0,0
79,79,0,244,617,0,0,0,214,1226,-1166,7,下位,0,0,0
439,439,0,-6,-23,0,0,0,79,617,-673,4,下位,0,0,0
489,489,0,58,204,0,1,439,79,617,-673,4,下位,0,439,0
76,76,0,241,553,0,0,0,928,204,-1943,1,下位,0,0,0
206,206,0,-6,-23,0,0,0,76,553,-1509,4,下位,0,0,0
288,288,0,-6,-23,0,1,206,76,553,-1509,4,下位,0,206,0
324,324,0,62,227,0,2,494,76,553,-1509,4,下位,0,288,0
64,64,0,-6,-23,0,0,0,818,227,-2607,1,下位,0,0,0
344,344,0,38,131,0,1,64,818,227,-2607,1,下位,0,64,0
68,68,0,99,281,0,0,0,408,131,-3137,1,下位,0,0,0
500,500,0,40,135,1,0,0,0,0,1,0,下位,0,0,0
273,273,0,602,1219,0,0,0,500,135,-646,1,下位,0,0,0
148,148,0,205,662,0,0,0,273,1219,146,8,下位,0,0,0
173,173,0,-6,-23,0,0,0,148,662,576,2,下位,0,0,0
186,186,0,-6,-23,0,1,173,148,662,576,2,下位,0,173,0
296,296,0,-6,-23,0,2,359,148,662,576,2,下位,0,186,0
211,211,0,216,573,0,3,655,148,662,576,2,下位,0,296,0
117,117,0,118,323,0,0,0,866,573,-275,3,下位,0,0,0
66,66,0,37,104,0,0,0,117,323,-135,2,下位,0,0,0
617,617,0,-6,-23,0,0,0,66,104,-136,1,下位,0,0,0
133,133,0,-6,-23,0,1,617,66,104,-136,1,下位,0,617,0
243,243,0,275,694,0,2,750,66,104,-136,1,下位,0,133,0
559,559,0,738,1548,0,0,0,993,694,-1041,3,下位,0,0,0
337,337,0,-6,-23,0,0,0,559,1548,-368,10,下位,0,0,0
337,337,0,-6,-23,0,1,337,559,1548,-368,10,下位,0,337,0
517,517,0,56,202,0,2,674,559,1548,-368,10,下位,0,337,0
195,195,0,-6,-23,0,0,0,1191,202,-2074,1,下位,0,0,0
540,540,0,137,366,0,1,195,1191,202,-2074,1,下位,0,195,0
433,433,0,29,95,0,0,0,735,366,-2880,2,下位,0,0,0
541,541,0,184,373,1,0,0,0,0,1,0,下位,0,0,0
167,167,0,93,345,0,0,0,541,373,-472,3,下位,0,0,0
220,220,0,-6,-23,0,0,0,167,345,-388,1,下位,0,0,0
722,722,0,28,84,0,1,220,167,345,-388,1,下位,0,220,0
350,350,0,123,309,0,0,0,942,84,-1800,1,下位,0,0,0
65,65,0,-6,-23,0,0,0,350,309,-2038,2,下位,0,0,0
548,548,0,221,561,0,1,65,350,309,-2038,2,下位,0,65,0
207,207,0,-6,-23,0,0,0,613,561,-2459,3,下位,0,0,0
499,499,0,-6,-23,0,1,207,613,561,-2459,3,下位,0,207,0
417,417,0,531,1218,0,2,706,613,561,-2459,3,下位,0,499,0
121,121,0,170,399,0,0,0,1123,1218,-3043,6,下位,0,0,0
274,274,0,-6,-23,0,0,0,121,399,-2834,3,下位,0,0,0
207,207,0,-6,-23,0,1,274,121,399,-2834,3,下位,0,274,0
63,63,0,38,123,0,2,481,121,399,-2834,3,下位,0,207,0
143,143,0,26,72,0,0,0,544,123,-3609,1,下位,0,0,0
198,198,0,74,273,0,0,0,143,72,-3761,1,下位,0,0,0
397,397,0,83,187,1,0,0,0,0,1,0,下位,0,0,0
337,337,0,174,471,0,0,0,397,187,-433,2,下位,0,0,0
329,329,0,964,2092,0,0,0,337,471,-489,3,下位,0,0,0
183,183,0,622,1429,0,0,0,329,2092,1090,13,下位,0,0,0
360,360,0,386,759,0,0,0,183,1429,-2,11,上位,0,0,0
254,254,0,-6,-23,0,0,0,360,759,193,5,下位,0,0,0
452,452,0,28,89,0,1,254,360,759,193,5,下位,0,254,0
351,351,0,56,203,0,0,0,706,89,-845,1,下位,0,0,0
444,444,0,-6,-23,0,0,0,351,203,-1191,1,下位,0,0,0
423,423,0,-6,-23,0,1,444,351,203,-1191,1,下位,0,444,0
376,376,0,181,422,0,2,867,351,203,-1191,1,下位,0,423,0
100,100,0,61,205,0,0,0,1243,422,-2758,3,下位,0,0,0
139,139,0,108,293,0,0,0,100,205,-2710,1,下位,0,0,0
62,62,0,-6,-23,0,0,0,139,293,-2635,2,下位,0,0,0
113,113,0,298,787,0,1,62,139,293,-2635,2,下位,0,62,0
403,403,0,77,280,0,0,0,175,787,-2145,4,下位,0,0,0
176,176,0,-6,-23,1,0,0,0,0,1,0,下位,0,0,0
108,108,0,-6,-23,1,1,176,0,0,1,0,下位,0,176,0
146,146,0,426,956,1,2,284,0,0,1,0,下位,0,108,0
487,487,0,-6,-23,0,0,0,430,956,238,6,下位,0,0,0
278,278,0,180,541,0,1,487,430,956,238,6,下位,0,487,0
604,604,0,198,494,0,0,0,765,541,-440,2,下位,0,0,0
441,441,0,492,1060,0,0,0,604,494,-890,3,下位,0,0,0
284,284,0,-6,-23,0,0,0,441,1060,-519,7,下位,0,0,0
95,95,0,-6,-23,0,1,284,441,1060,-519,7,下位,0,284,0
173,173,0,-6,-23,0,2,379,441,1060,-519,7,下位,0,95,0
381,381,0,2205,6025,0,3,552,441,1060,-519,7,下位,0,173,0
491,491,0,38,133,1,0,0,0,0,1,0,下位,0,0,0
518,518,0,358,1032,0,0,0,491,133,-634,1,下位,0,0,0
299,299,0,1034,2447,0,0,0,518,1032,-412,4,下位,0,0,0
176,176,0,26,77,0,0,0,299,2447,1567,12,下位,0,0,0
344,344,0,-6,-23,0,0,0,176,77,1369,1,下位,0,0,0
320,320,0,-6,-23,0,1,344,176,77,1369,1,下位,0,344,0
60,60,0,-6,-23,0,2,664,176,77,1369,1,下位,0,320,0
113,113,0,93,197,0,3,724,176,77,1369,1,下位,0,60,0
81,81,0,-6,-23,0,0,0,837,197,188,2,下位,0,0,0
99,99,0,465,1084,0,1,81,837,197,188,2,下位,0,81,0
257,257,0,39,136,0,0,0,180,1084,966,6,下位,0,0,0
457,457,0,41,136,1,0,0,0,0,1,0,下位,0,0,0
455,455,0,193,490,0,0,0,457,136,-577,1,下位,0,0,0
264,264,0,692,1590,0,0,0,455,490,-798,3,下位,0,0,0
474,474,0,717,1726,0,0,0,264,1590,379,9,下位,0,0,0
609,609,0,337,742,0,0,0,474,1726,1364,10,下位,0,0,0
457,457,0,-6,-23,0,0,0,609,742,1154,4,下位,0,0,0
250,250,0,-6,-23,0,1,457,609,742,1154,4,下位,0,457,0
130,130,0,144,404,0,2,707,609,742,1154,4,下位,0,250,0
107,107,0,50,177,1,0,0,0,0,1,0,下位,0,0,0
332,332,0,-6,-23,0,0,0,107,177,10,1,下位,0,0,0
429,429,0,280,567,0,1,332,107,177,10,1,下位,0,332,0
144,144,0,-6,-23,0,0,0,761,567,-636,4,下位,0,0,0
466,466,0,162,470,0,1,144,761,567,-636,4,下位,0,144,0
184,184,0,-6,-23,0,0,0,610,470,-1143,2,下位,0,0,0
289,289,0,60,221,0,1,184,610,470,-1143,2,下位,0,184,0
89,89,0,-6,-23,0,0,0,473,221,-1685,1,下位,0,0,0
436,436,0,305,615,0,1,89,473,221,-1685,1,下位,0,89,0
410,410,0,-6,-23,0,0,0,525,615,-1915,4,下位,0,0,0
283,283,0,57,202,0,1,410,525,615,-1915,4,下位,0,410,0
236,236,0,-6,-23,0,0,0,693,202,-2820,1,下位,0,0,0
273,273,0,63,220,0,1,236,693,202,-2820,1,下位,0,236,0
288,288,0,61,223,0,0,0,509,220,-3419,1,下位,0,0,0
272,272,0,-6,-23,1,0,0,0,0,1,0,下位,0,0,0
94,94,0,-6,-23,1,1,272,0,0,1,0,下位,0,272,0
130,130,0,-6,-23,1,2,366,0,0,1,0,下位,0,94,0
346,346,0,137,464,1,3,496,0,0,1,0,下位,0,130,0
130,130,0,137,381,0,0,0,842,464,-921,2,下位,0,0,0
80,80,0,412,920,0,0,0,130,381,-744,2,下位,0,0,0
169,169,0,38,133,0,0,0,80,920,51,5,下位,0,0,0
465,465,0,-6,-23,0,0,0,169,133,-80,1,下位,0,0,0
450,450,0,-6,-23,0,1,465,169,133,-80,1,下位,0,465,0
249,249,0,186,474,0,2,915,169,133,-80,1,下位,0,450,0
200,200,0,63,210,0,0,0,1164,474,-1473,3,下位,0,0,0
405,405,0,194,471,0,0,0,200,210,-1576,1,下位,0,0,0
247,247,0,-6,-23,0,0,0,405,471,-1738,3,下位,0,0,0
295,295,0,52,182,0,1,247,405,471,-1738,3,下位,0,247,0
105,105,0,58,211,1,0,0,0,0,1,0,下位,0,0,0
346,346,0,-6,-23,0,0,0,105,211,48,1,下位,0,0,0
474,474,0,-6,-23,0,1,346,105,211,48,1,下位,0,346,0
543,543,0,46,122,0,2,820,105,211,48,1,下位,0,474,0
193,193,0,2034,6010,1,0,0,0,0,1,0,下位,0,0,0
488,488,0,183,463,0,0,0,193,6010,392,21,上位,0,0,0
286,286,0,-6,-23,0,0,0,488,463,92,3,下位,0,0,0
53,53,0,74,273,0,1,286,488,463,92,3,下位,0,286,0
305,305,0,-6,-23,0,0,0,339,273,-188,1,下位,0,0,0
533,533,0,-6,-23,0,1,305,339,273,-188,1,下位,0,305,0
61,61,0,160,482,0,2,838,339,273,-188,1,下位,0,533,0
327,327,0,-6,-23,0,0,0,899,482,-1158,2,下位,0,0,0
290,290,0,-6,-23,0,1,327,899,482,-1158,2,下位,0,327,0
436,436,0,126,328,0,2,617,899,482,-1158,2,下位,0,290,0
257,257,0,218,596,0,0,0,1053,328,-2523,2,下位,0,0,0
375,375,0,39,136,0,0,0,257,596,-2330,3,下位,0,0,0
123,123,0,-6,-23,1,0,0,0,0,1,0,下位,0,0,0
395,395,0,-6,-23,1,1,123,0,0,1,0,下位,0,123,0
389,389,0,60,211,1,2,518,0,0,1,0,下位,0,395,0
393,393,0,-6,-23,0,0,0,907,211,-1253,1,下位,0,0,0
295,295,0,53,181,0,1,393,907,211,-1253,1,下位,0,393,0
346,346,0,43,130,0,0,0,688,181,-2170,1,下位,0,0,0
93,93,0,-6,-23,0,0,0,346,130,-2582,1,下位,0,0,0
423,423,0,-6,-23,0,1,93,346,130,-2582,1,下位,0,93,0
359,359,0,-6,-23,0,2,516,346,130,-2582,1,下位,0,423,0
381,381,0,136,384,0,3,875,346,130,-2582,1,下位,0,359,0
117,117,0,26,83,0,0,0,1256,384,-4231,2,下位,0,0,0
348,348,0,-6,-23,1,0,0,0,0,1,0,下位,0,0,0
279,279,0,623,1524,1,1,348,0,0,1,0,下位,0,348,0
242,242,0,76,283,0,0,0,627,1524,522,8,下位,0,0,0
624,624,0,304,936,0,0,0,242,283,426,1,下位,0,0,0
480,480,0,-6,-23,0,0,0,624,936,387,3,下位,0,0,0
259,259,0,57,195,0,1,480,624,936,387,3,下位,0,480,0
265,265,0,174,422,0,0,0,739,195,-596,1,下位,0,0,0
256,256,0,-6,-23,1,0,0,0,0,1,0,下位,0,0,0
721,721,0,72,227,1,1,256,0,0,1,0,下位,0,256,0
267,267,0,745,1546,0,0,0,977,227,-1322,1,下位,0,0,0
250,250,0,105,254,0,0,0,267,1546,-194,11,下位,0,0,0
332,332,0,-6,-23,0,0,0,250,254,-331,2,下位,0,0,0
570,570,0,53,191,0,1,332,250,254,-331,2,下位,0,332,0
211,211,0,59,208,1,0,0,0,0,1,0,下位,0,0,0
108,108,0,-6,-23,0,0,0,211,208,-121,1,下位,0,0,0
252,252,0,123,351,0,1,108,211,208,-121,1,下位,0,108,0
263,263,0,-6,-23,0,0,0,360,351,-356,2,下位,0,0,0
332,332,0,28,93,0,1,263,360,351,-356,2,下位,0,263,0
82,82,0,91,238,0,0,0,595,93,-1216,1,下位,0,0,0
221,221,0,126,338,0,0,0,82,238,-1107,2,下位,0,0,0
171,171,0,-6,-23,0,0,0,221,338,-1115,2,下位,0,0,0
344,344,0,-6,-23,0,1,171,221,338,-1115,2,下位,0,171,0
165,165,0,29,89,0,2,515,221,338,-1115,2,下位,0,344,0
254,254,0,562,1181,0,0,0,680,89,-2136,1,下位,0,0,0
428,428,0,45,160,0,0,0,254,1181,-1352,8,下位,0,0,0
278,278,0,-6,-23,0,0,0,428,160,-1861,1,下位,0,0,0
491,491,0,-6,-23,0,1,278,428,160,-1861,1,下位,0,278,0
429,429,0,138,386,0,2,769,428,160,-1861,1,下位,0,491,0
252,252,0,59,208,0,0,0,1198,386,-3395,2,下位,0,0,0
407,407,0,78,291,0,0,0,252,208,-3581,1,下位,0,0,0
508,508,0,52,180,1,0,0,0,0,1,0,下位,0,0,0
228,228,0,-6,-23,0,0,0,508,180,-613,1,下位,0,0,0
42,42,0,53,196,0,1,228,508,180,-613,1,下位,0,228,0
254,254,0,-6,-23,0,0,0,270,196,-863,1,下位,0,0,0
335,335,0,-6,-23,0,1,254,270,196,-863,1,下位,0,254,0
179,179,0,-6,-23,0,2,589,270,196,-863,1,下位,0,335,0
459,459,0,38,132,0,3,768,270,196,-863,1,下位,0,179,0
137,137,0,40,138,0,0,0,1227,132,-2719,1,下位,0,0,0
88,88,0,-6,-23,0,0,0,137,138,-2795,1,下位,0,0,0
43,43,0,49,174,0,1,88,137,138,-2795,1,下位,0,88,0
135,135,0,-6,-23,1,0,0,0,0,1,0,下位,0,0,0
136,136,0,601,1171,1,1,135,0,0,1,0,下位,0,135,0
124,124,0,-6,-23,0,0,0,271,1171,725,9,下位,0,0,0
268,268,0,56,201,0,1,124,271,1171,725,9,下位,0,124,0
69,69,0,38,124,0,0,0,392,201,290,1,下位,0,0,0
143,143,0,-6,-23,0,0,0,69,124,306,1,下位,0,0,0
296,296,0,-6,-23,0,1,143,69,124,306,1,下位,0,143,0
317,317,0,-6,-23,0,2,439,69,124,306,1,下位,0,296,0
131,131,0,89,335,0,3,756,69,124,306,1,下位,0,317,0
62,62,0,2204,6181,0,0,0,887,335,-816,1,下位,0,0,0
392,392,0,216,427,0,0,0,62,6181,296,27,上位,0,0,0
383,383,0,142,265,0,0,0,392,427,111,3,下位,0,0,0
138,138,0,-6,-23,1,0,0,0,0,1,0,下位,0,0,0
496,496,0,60,218,1,1,138,0,0,1,0,下位,0,138,0
170,170,0,126,324,0,0,0,634,218,-795,1,下位,0,0,0
168,168,0,-6,-23,0,0,0,170,324,-737,2,下位,0,0,0
325,325,0,-6,-23,0,1,168,170,324,-737,2,下位,0,168,0
448,448,0,674,1620,0,2,493,170,324,-737,2,下位,0,325,0
106,106,0,55,198,0,0,0,941,1620,-634,8,下位,0,0,0
147,147,0,-6,-23,0,0,0,106,198,-602,1,下位,0,0,0
121,121,0,-6,-23,0,1,147,106,198,-602,1,下位,0,147,0
98,98,0,414,982,0,2,268,106,198,-602,1,下位,0,121,0
63,63,0,40,137,0,0,0,366,982,-240,5,下位,0,0,0
254,254,0,-6,-23,1,0,0,0,0,1,0,下位,0,0,0
160,160,0,92,172,1,1,254,0,0,1,0,下位,0,254,0
418,418,0,118,342,0,0,0,414,172,-496,2,下位,0,0,0
594,594,0,388,767,0,0,0,418,342,-808,2,下位,0,0,0
277,277,0,55,200,0,0,0,594,767,-970,5,下位,0,0,0
155,155,0,57,206,0,0,0,277,200,-1203,1,下位,0,0,0
227,227,0,238,576,0,0,0,155,206,-1240,1,下位,0,0,0
584,584,0,1342,3450,0,0,0,227,576,-1019,4,下位,0,0,0
414,414,0,340,825,0,0,0,584,3450,1518,15,下位,0,0,0
458,458,0,-6,-23,1,0,0,0,0,1,0,下位,0,0,0
56,56,0,-6,-23,1,1,458,0,0,1,0,下位,0,458,0
366,366,0,48,161,1,2,514,0,0,1,0,下位,0,56,0
127,127,0,59,205,0,0,0,880,161,-1260,1,下位,0,0,0
336,336,0,-6,-23,0,0,0,127,205,-1254,1,下位,0,0,0
403,403,0,38,132,0,1,336,127,205,-1254,1,下位,0,336,0
178,178,0,43,122,1,0,0,0,0,1,0,下位,0,0,0
355,355,0,129,335,0,0,0,178,122,-156,1,下位,0,0,0
196,196,0,102,284,0,0,0,355,335,-376,2,下位,0,0,0
202,202,0,66,239,0,0,0,196,284,-399,2,下位,0,0,0
383,383,0,64,230,0,0,0,202,239,-476,1,下位,0,0,0
684,684,0,241,673,0,0,0,383,230,-845,1,下位,0,0,0
600,600,0,118,322,0,0,0,684,673,-1241,3,下位,0,0,0
338,338,0,-6,-23,0,0,0,600,322,-1857,2,下位,0,0,0
703,703,0,31,76,0,1,338,600,322,-1857,2,下位,0,338,0
192,192,0,394,840,0,0,0,1041,76,-3432,1,下位,0,0,0
421,421,0,108,272,0,0,0,192,840,-2892,5,下位,0,0,0
219,219,0,66,244,1,0,0,0,0,1,0,下位,0,0,0
72,72,0,141,437,0,0,0,219,244,-98,1,下位,0,0,0
560,560,0,76,281,0,0,0,72,437,226,2,下位,0,0,0
443,443,0,-6,-23,0,0,0,560,281,-368,1,下位,0,0,0
521,521,0,183,406,0,1,443,560,281,-368,1,下位,0,443,0
493,493,0,43,140,0,0,0,964,406,-1493,3,下位,0,0,0
166,166,0,60,219,0,0,0,493,140,-2124,1,下位,0,0,0
369,369,0,38,130,0,0,0,166,219,-2165,1,下位,0,0,0
436,436,0,-6,-23,1,0,0,0,0,1,0,下位,0,0,0
73,73,0,-6,-23,1,1,436,0,0,1,0,下位,0,436,0
254,254,0,-6,-23,1,2,509,0,0,1,0,下位,0,73,0
214,214,0,142,262,1,3,763,0,0,1,0,下位,0,254,0
70,70,0,-6,-23,0,0,0,977,262,-1335,2,下位,0,0,0
189,189,0,-6,-23,0,1,70,977,262,-1335,2,下位,0,70,0
148,148,0,-6,-23,0,2,259,977,262,-1335,2,下位,0,189,0
160,160,0,222,530,0,3,407,977,262,-1335,2,下位,0,148,0
300,300,0,-6,-23,0,0,0,567,530,-1762,4,下位,0,0,0
329,329,0,-6,-23,0,1,300,567,530,-1762,4,下位,0,300,0
453,453,0,696,1546,0,2,629,567,530,-1762,4,下位,0,329,0
353,353,0,201,445,0,0,0,1082,1546,-1954,10,下位,0,0,0
286,286,0,-6,-23,0,0,0,353,445,-2061,2,下位,0,0,0
460,460,0,-6,-23,0,1,286,353,445,-2061,2,下位,0,286,0
466,466,0,-6,-23,0,2,746,353,445,-2061,2,下位,0,460,0
526,526,0,210,517,0,3,1212,353,445,-2061,2,下位,0,466,0
331,331,0,-6,-23,0,0,0,1738,517,-4330,3,下位,0,0,0
163,163,0,-6,-23,0,1,331,1738,517,-4330,3,下位,0,331,0
76,76,0,221,570,0,2,494,1738,517,-4330,3,下位,0,163,0
223,223,0,348,873,1,0,0,0,0,1,0,下位,0,0,0
524,524,0,-6,-23,0,0,0,223,873,525,4,下位,0,0,0
95,95,0,-6,-23,0,1,524,223,873,525,4,下位,0,524,0
471,471,0,29,95,0,2,619,223,873,525,4,下位,0,95,0
354,354,0,-6,-23,0,0,0,1090,95,-1130,1,下位,0,0,0
350,350,0,58,207,0,1,354,1090,95,-1130,1,下位,0,354,0
189,189,0,46,159,0,0,0,704,207,-2047,1,下位,0,0,0
360,360,0,-6,-23,0,0,0,189,159,-2184,1,下位,0,0,0
59,59,0,-6,-23,0,1,360,189,159,-2184,1,下位,0,360,0
550,550,0,127,381,0,2,419,189,159,-2184,1,下位,0,59,0
257,257,0,-6,-23,0,0,0,969,381,-3365,2,下位,0,0,0
344,344,0,119,354,0,1,257,969,381,-3365,2,下位,0,257,0
133,133,0,302,621,0,0,0,601,354,-3974,2,下位,0,0,0
164,164,0,638,1388,0,0,0,133,621,-3561,4,下位,0,0,0
209,209,0,80,299,1,0,0,0,0,1,0,下位,0,0,0
314,314,0,634,1476,0,0,0,209,299,-27,1,下位,0,0,0
292,292,0,109,294,0,0,0,314,1476,958,8,下位,0,0,0
170,170,0,46,163,0,0,0,292,294,795,2,下位,0,0,0
316,316,0,250,520,0,0,0,170,163,692,1,下位,0,0,0
586,586,0,228,575,0,0,0,316,520,718,3,下位,0,0,0
63,63,0,949,2183,0,0,0,586,575,377,4,下位,0,0,0
201,201,0,672,1616,0,0,0,63,2183,298,15,上位,0,0,0
331,331,0,209,595,1,0,0,0,0,1,0,下位,0,0,0
409,409,0,92,349,0,0,0,331,595,78,3,下位,0,0,0
542,542,0,127,362,0,0,0,409,349,-212,1,下位,0,0,0
300,300,0,56,196,0,0,0,542,362,-697,2,下位,0,0,0
161,161,0,88,215,0,0,0,300,196,-970,1,下位,0,0,0
551,551,0,259,651,0,0,0,161,215,-1007,2,下位,0,0,0
352,352,0,1816,4891,0,0,0,551,651,-1217,4,下位,0,0,0
233,233,0,453,1168,0,0,0,352,4891,261,21,上位,0,0,0
123,123,0,-6,-23,0,0,0,233,1168,1066,6,下位,0,0,0
51,51,0,-6,-23,0,1,123,233,1168,1066,6,下位,0,123,0
341,341,0,73,272,0,2,174,233,1168,1066,6,下位,0,51,0
130,130,0,468,1038,1,0,0,0,0,1,0,下位,0,0,0
501,501,0,-6,-23,0,0,0,130,1038,835,6,下位,0,0,0
94,94,0,-6,-23,0,1,501,130,1038,835,6,下位,0,501,0
624,624,0,47,167,0,2,595,130,1038,835,6,下位,0,94,0
221,221,0,-6,-23,0,0,0,1219,167,-949,1,下位,0,0,0
338,338,0,-6,-23,0,1,221,1219,167,-949,1,下位,0,221,0
100,100,0,-6,-23,0,2,559,1219,167,-949,1,下位,0,338,0
507,507,0,59,214,0,3,659,1219,167,-949,1,下位,0,100,0
81,81,0,-6,-23,0,0,0,1166,214,-2629,1,下位,0,0,0
118,118,0,27,88,0,1,81,1166,214,-2629,1,下位,0,81,0
515,515,0,184,596,0,0,0,199,88,-2876,1,下位,0,0,0
135,135,0,42,124,0,0,0,515,596,-3085,2,下位,0,0,0
378,378,0,-6,-23,0,0,0,135,124,-3172,1,下位,0,0,0
117,117,0,45,159,0,1,378,135,124,-3172,1,下位,0,378,0
568,568,0,189,523,0,0,0,495,159,-3810,1,下位,0,0,0
623,623,0,52,185,1,0,0,0,0,1,0,下位,0,0,0
263,263,0,-6,-23,0,0,0,623,185,-788,1,下位,0,0,0
297,297,0,-6,-23,0,1,263,623,185,-788,1,下位,0,263,0
236,236,0,66,217,0,2,560,623,185,-788,1,下位,0,297,0
395,395,0,1241,2894,0,0,0,796,217,-1862,1,下位,0,0,0
403,403,0,732,1775,0,0,0,395,2894,414,15,下位,0,0,0
112,112,0,24,70,0,0,0,403,1775,1559,10,下位,0,0,0
541,541,0,40,130,0,0,0,112,70,1454,1,下位,0,0,0
298,298,0,278,582,0,0,0,541,130,738,1,下位,0,0,0
255,255,0,-6,-23,0,0,0,298,582,854,4,下位,0,0,0
125,125,0,62,221,0,1,255,298,582,854,4,下位,0,255,0
231,231,0,192,535,0,0,0,380,221,457,1,下位,0,0,0
435,435,0,259,725,0,0,0,231,535,631,3,下位,0,0,0
167,167,0,786,1901,1,0,0,0,0,1,0,下位,0,0,0
230,230,0,30,100,0,0,0,167,1901,1641,10,下位,0,0,0
555,555,0,659,1369,0,0,0,230,100,1381,1,下位,0,0,0
428,428,0,-6,-23,0,0,0,555,1369,1883,9,下位,0,0,0
201,201,0,-6,-23,0,1,428,555,1369,1883,9,下位,0,428,0
351,351,0,54,197,0,2,629,555,1369,1883,9,下位,0,201,0
344,344,0,110,309,0,0,0,980,197,502,1,下位,0,0,0
117,117,0,333,751,0,0,0,344,309,273,2,下位,0,0,0
276,276,0,240,644,0,0,0,117,751,841,5,下位,0,0,0
93,93,0,-6,-23,0,0,0,276,644,1053,3,下位,0,0,0
82,82,0,-6,-23,0,1,93,276,644,1053,3,下位,0,93,0
130,130,0,-6,-23,0,2,175,276,644,1053,3,下位,0,82,0
77,77,0,298,614,0,3,305,276,644,1053,3,下位,0,130,0
153,153,0,1644,4859,0,0,0,382,614,998,4,下位,0,0,0
200,200,0,182,578,0,0,0,153,4859,278,19,上位,0,0,0
367,367,0,1278,3538,1,0,0,0,0,1,0,下位,0,0,0
552,552,0,-6,-23,0,0,0,367,3538,266,15,上位,0,0,0
435,435,0,445,1039,0,1,552,367,3538,266,15,上位,0,552,0
373,373,0,79,295,1,0,0,0,0,1,0,下位,0,0,0
236,236,0,286,548,0,0,0,373,295,-287,1,下位,0,0,0
68,68,0,156,430,0,0,0,236,548,-108,4,下位,0,0,0
275,275,0,209,493,0,0,0,68,430,215,2,下位,0,0,0
596,596,0,124,345,0,0,0,275,493,278,3,下位,0,0,0
81,81,0,38,132,0,0,0,596,345,-309,2,下位,0,0,0
523,523,0,318,676,0,0,0,81,132,-304,1,下位,0,0,0
445,445,0,27,80,1,0,0,0,0,1,0,下位,0,0,0
567,567,0,79,284,0,0,0,445,80,-615,1,下位,0,0,0
187,187,0,-6,-23,0,0,0,567,284,-1217,1,下位,0,0,0
155,155,0,50,181,0,1,187,567,284,-1217,1,下位,0,187,0
499,499,0,56,203,0,0,0,342,181,-1595,1,下位,0,0,0
300,300,0,63,230,1,0,0,0,0,1,0,下位,0,0,0
112,112,0,240,383,0,0,0,300,230,-238,1,下位,0,0,0
123,123,0,103,247,0,0,0,112,383,-30,4,下位,0,0,0
140,140,0,-6,-23,0,0,0,123,247,24,2,下位,0,0,0
190,190,0,-6,-23,0,1,140,123,247,24,2,下位,0,140,0
406,406,0,815,2314,0,2,330,123,247,24,2,下位,0,190,0
501,501,0,74,273,0,0,0,736,2314,1141,7,下位,0,0,0
198,198,0,162,396,1,0,0,0,0,1,0,下位,0,0,0
110,110,0,-6,-23,0,0,0,198,396,87,3,下位,0,0,0
415,415,0,139,386,0,1,110,198,396,87,3,下位,0,110,0
270,270,0,65,194,0,0,0,525,386,-371,2,下位,0,0,0
285,285,0,159,469,0,0,0,270,194,-599,1,下位,0,0,0
483,483,0,410,910,1,0,0,0,0,1,0,下位,0,0,0
389,389,0,284,690,0,0,0,483,910,156,5,下位,0,0,0
95,95,0,40,134,0,0,0,389,690,238,4,下位,0,0,0
276,276,0,45,158,0,0,0,95,134,223,1,下位,0,0,0
185,185,0,286,600,0,0,0,276,158,-51,1,下位,0,0,0
612,612,0,36,125,0,0,0,185,600,259,4,下位,0,0,0
260,260,0,-6,-23,0,0,0,612,125,-573,1,下位,0,0,0
203,203,0,-6,-23,0,1,260,612,125,-573,1,下位,0,260,0
360,360,0,-6,-23,0,2,463,612,125,-573,1,下位,0,203,0
92,92,0,42,146,0,3,823,612,125,-573,1,下位,0,360,0
321,321,0,-6,-23,0,0,0,915,146,-1928,1,下位,0,0,0
171,171,0,300,616,0,1,321,915,146,-1928,1,下位,0,321,0
198,198,0,-6,-23,0,0,0,492,616,-2105,4,下位,0,0,0
382,382,0,224,532,0,1,198,492,616,-2105,4,下位,0,198,0
389,389,0,-6,-23,0,0,0,580,532,-2503,3,下位,0,0,0
417,417,0,-6,-23,0,1,389,580,532,-2503,3,下位,0,389,0
241,241,0,151,259,0,2,806,580,532,-2503,3,下位,0,417,0
382,382,0,-6,-23,1,0,0,0,0,1,0,下位,0,0,0
204,204,0,123,328,1,1,382,0,0,1,0,下位,0,382,0
414,414,0,111,325,0,0,0,586,328,-610,2,下位,0,0,0
403,403,0,120,347,1,0,0,0,0,1,0,下位,0,0,0
513,513,0,-6,-23,1,0,0,0,0,1,0,下位,0,0,0
324,324,0,99,376,1,1,513,0,0,1,0,下位,0,513,0
320,320,0,39,130,0,0,0,837,376,-955,1,下位,0,0,0
110,110,0,-6,-23,0,0,0,320,130,-1325,1,下位,0,0,0
336,336,0,204,535,0,1,110,320,130,-1325,1,下位,0,110,0
332,332,0,45,149,0,0,0,446,535,-1510,3,下位,0,0,0
115,115,0,326,888,0,0,0,332,149,-1880,1,下位,0,0,0
394,394,0,194,469,0,0,0,115,888,-1172,5,下位,0,0,0
430,430,0,521,1179,0,0,0,394,469,-1319,3,下位,0,0,0
355,355,0,59,192,0,0,0,430,1179,-812,7,下位,0,0,0
131,131,0,-6,-23,0,0,0,355,192,-1174,1,下位,0,0,0
111,111,0,-6,-23,0,1,131,355,192,-1174,1,下位,0,131,0
224,224,0,189,469,0,2,242,355,192,-1174,1,下位,0,111,0
207,207,0,59,203,1,0,0,0,0,1,0,下位,0,0,0
215,215,0,54,195,0,0,0,207,203,-120,1,下位,0,0,0
91,91,0,-6,-23,0,0,0,215,195,-261,1,下位,0,0,0
511,511,0,408,907,0,1,91,215,195,-261,1,下位,0,91,0
321,321,0,290,682,0,0,0,602,907,-319,5,下位,0,0,0
61,61,0,386,878,0,0,0,321,682,-139,4,下位,0,0,0
319,319,0,-6,-23,0,0,0,61,878,644,6,下位,0,0,0
180,180,0,-6,-23,0,1,319,61,878,644,6,下位,0,319,0
385,385,0,45,154,0,2,499,61,878,644,6,下位,0,180,0
145,145,0,-6,-23,0,0,0,884,154,-631,1,下位,0,0,0
47,47,0,69,216,0,1,145,884,154,-631,1,下位,0,145,0
288,288,0,58,211,0,0,0,192,216,-739,1,下位,0,0,0
192,192,0,68,253,1,0,0,0,0,1,0,下位,0,0,0
129,129,0,384,878,0,0,0,192,253,-46,1,下位,0,0,0
272,272,0,-6,-23,0,0,0,129,878,630,6,下位,0,0,0
52,52,0,60,198,0,1,272,129,878,630,6,下位,0,272,0
380,380,0,-6,-23,0,0,0,324,198,298,1,下位,0,0,0
167,167,0,415,983,0,1,380,324,198,298,1,下位,0,380,0
221,221,0,676,1530,0,0,0,547,983,403,5,下位,0,0,0
166,166,0,-6,-23,0,0,0,221,1530,1586,9,下位,0,0,0
292,292,0,451,811,0,1,166,221,1530,1586,9,下位,0,166,0
191,191,0,42,145,0,0,0,458,811,1657,7,下位,0,0,0
108,108,0,83,152,0,0,0,191,145,1503,1,下位,0,0,0
125,125,0,44,155,0,0,0,108,152,1486,2,下位,0,0,0
543,543,0,-6,-23,0,0,0,125,155,1445,1,下位,0,0,0
175,175,0,79,290,0,1,543,125,155,1445,1,下位,0,543,0
506,506,0,-6,-23,0,0,0,718,290,589,1,下位,0,0,0
98,98,0,810,1882,0,1,506,718,290,589,1,下位,0,506,0
199,199,0,70,236,1,0,0,0,0,1,0,下位,0,0,0
439,439,0,-6,-23,0,0,0,199,236,-74,1,下位,0,0,0
40,40,0,439,1094,0,1,439,199,236,-74,1,下位,0,439,0
277,277,0,121,330,0,0,0,479,1094,248,6,下位,0,0,0
180,180,0,-6,-23,0,0,0,277,330,144,2,下位,0,0,0
442,442,0,27,87,0,1,180,277,330,144,2,下位,0,180,0
426,426,0,103,364,0,0,0,622,87,-765,1,下位,0,0,0
143,143,0,-6,-23,0,0,0,426,364,-1067,1,下位,0,0,0
388,388,0,58,211,0,1,143,426,364,-1067,1,下位,0,143,0
161,161,0,-6,-23,0,0,0,531,211,-1710,1,下位,0,0,0
206,206,0,-6,-23,0,1,161,531,211,-1710,1,下位,0,161,0
228,228,0,-6,-23,0,2,367,531,211,-1710,1,下位,0,206,0
333,333,0,78,292,0,3,595,531,211,-1710,1,下位,0,228,0
152,152,0,72,263,1,0,0,0,0,1,0,下位,0,0,0
511,511,0,-6,-23,0,0,0,152,263,26,1,下位,0,0,0
559,559,0,57,201,0,1,511,152,263,26,1,下位,0,511,0
372,372,0,-6,-23,0,0,0,1070,201,-1469,1,下位,0,0,0
57,57,0,112,334,0,1,372,1070,201,-1469,1,下位,0,372,0
457,457,0,-6,-23,1,0,0,0,0,1,0,下位,0,0,0
44,44,0,122,349,1,1,457,0,0,1,0,下位,0,457,0
308,308,0,101,377,0,0,0,501,349,-456,2,下位,0,0,0
97,97,0,645,1470,0,0,0,308,377,-561,1,下位,0,0,0
340,340,0,132,335,0,0,0,97,1470,756,8,下位,0,0,0
323,323,0,-6,-23,0,0,0,340,335,559,2,下位,0,0,0
178,178,0,36,119,0,1,323,340,335,559,2,下位,0,323,0
300,300,0,-6,-23,0,0,0,501,119,-129,1,下位,0,0,0
308,308,0,224,444,0,1,300,501,119,-129,1,下位,0,300,0
161,161,0,168,488,0,0,0,608,444,-659,3,下位,0,0,0
485,485,0,-6,-23,0,0,0,161,488,-423,2,下位,0,0,0
301,301,0,-6,-23,0,1,485,161,488,-423,2,下位,0,485,0
105,105,0,-6,-23,0,2,786,161,488,-423,2,下位,0,301,0
121,121,0,674,1477,0,3,891,161,488,-423,2,下位,0,105,0
553,553,0,39,136,0,0,0,1012,1477,-597,10,下位,0,0,0
263,263,0,38,130,1,0,0,0,0,1,0,下位,0,0,0
271,271,0,176,430,1,0,0,0,0,1,0,下位,0,0,0
425,425,0,-6,-23,0,0,0,271,430,7,3,下位,0,0,0
46,46,0,89,330,0,1,425,271,430,7,3,下位,0,425,0
156,156,0,129,326,0,0,0,471,330,-422,1,下位,0,0,0
207,207,0,1426,3759,0,0,0,156,326,-340,2,下位,0,0,0
155,155,0,309,716,0,0,0,207,3759,277,18,上位,0,0,0
321,321,0,94,343,0,0,0,155,716,750,4,下位,0,0,0
484,484,0,-6,-23,1,0,0,0,0,1,0,下位,0,0,0
257,257,0,38,132,1,1,484,0,0,1,0,下位,0,484,0
382,382,0,-6,-23,1,0,0,0,0,1,0,下位,0,0,0
365,365,0,-6,-23,1,1,382,0,0,1,0,下位,0,382,0
568,568,0,482,1034,1,2,747,0,0,1,0,下位,0,365,0
433,433,0,-6,-23,0,0,0,1315,1034,-1066,6,下位,0,0,0
109,109,0,378,780,0,1,433,1315,1034,-1066,6,下位,0,433,0
382,382,0,-6,-23,0,0,0,542,780,-1157,5,下位,0,0,0
514,514,0,-6,-23,0,1,382,542,780,-1157,5,下位,0,382,0
43,43,0,420,1048,0,2,896,542,780,-1157,5,下位,0,514,0
130,130,0,314,562,1,0,0,0,0,1,0,下位,0,0,0
290,290,0,-6,-23,0,0,0,130,562,360,5,下位,0,0,0
131,131,0,657,1470,0,1,290,130,562,360,5,下位,0,290,0
141,141,0,246,597,0,0,0,421,1470,1148,8,下位,0,0,0
112,112,0,-6,-23,0,0,0,141,597,1525,4,下位,0,0,0
105,105,0,-6,-23,0,1,112,141,597,1525,4,下位,0,112,0
334,334,0,-6,-23,0,2,217,141,597,1525,4,下位,0,105,0
321,321,0,207,526,0,3,551,141,597,1525,4,下位,0,334,0
337,337,0,80,291,0,0,0,872,526,619,3,下位,0,0,0
298,298,0,582,1227,1,0,0,0,0,1,0,下位,0,0,0
228,228,0,-6,-23,0,0,0,298,1227,761,8,下位,0,0,0
40,40,0,-6,-23,0,1,228,298,1227,761,8,下位,0,228,0
458,458,0,488,1141,0,2,268,298,1227,761,8,下位,0,40,0
250,250,0,-6,-23,0,0,0,726,1141,720,7,下位,0,0,0
330,330,0,-6,-23,0,1,250,726,1141,720,7,下位,0,250,0
117,117,0,266,617,0,2,580,726,1141,720,7,下位,0,330,0
140,140,0,-6,-23,0,0,0,697,617,201,3,下位,0,0,0
312,312,0,275,585,0,1,140,697,617,201,3,下位,0,140,0
206,206,0,118,342,0,0,0,452,585,56,4,下位,0,0,0
210,210,0,751,1664,0,0,0,206,342,76,2,下位,0,0,0
109,109,0,28,90,0,0,0,210,1664,1410,10,下位,0,0,0
162,162,0,106,245,1,0,0,0,0,1,0,下位,0,0,0
382,382,0,-6,-23,0,0,0,162,245,-8,2,下位,0,0,0
232,232,0,38,126,0,1,382,162,245,-8,2,下位,0,382,0
137,137,0,-6,-23,0,0,0,614,126,-865,1,下位,0,0,0
55,55,0,-6,-23,0,1,137,614,126,-865,1,下位,0,137,0
208,208,0,16,43,0,2,192,614,126,-865,1,下位,0,55,0
104,104,0,50,180,1,0,0,0,0,1,0,下位,0,0,0
502,502,0,-6,-23,0,0,0,104,180,18,1,下位,0,0,0
371,371,0,42,129,0,1,502,104,180,18,1,下位,0,502,0
283,283,0,-6,-23,0,0,0,873,129,-1241,1,下位,0,0,0
499,499,0,-6,-23,0,1,283,873,129,-1241,1,下位,0,283,0
354,354,0,76,253,0,2,782,873,129,-1241,1,下位,0,499,0
125,125,0,24,75,0,0,0,1136,253,-2811,1,下位,0,0,0
286,286,0,39,134,0,0,0,125,75,-2932,1,下位,0,0,0
154,154,0,204,559,1,0,0,0,0,1,0,下位,0,0,0
247,247,0,283,723,0,0,0,154,559,319,3,下位,0,0,0
72,72,0,-6,-23,0,0,0,247,723,656,4,下位,0,0,0
133,133,0,-6,-23,0,1,72,247,723,656,4,下位,0,72,0
479,479,0,1050,2422,0,2,205,247,723,656,4,下位,0,133,0
104,104,0,74,126,0,0,0,684,2422,1962,14,下位,0,0,0
192,192,0,-6,-23,0,0,0,104,126,1926,2,下位,0,0,0
456,456,0,40,130,0,1,192,104,126,1926,2,下位,0,192,0
200,200,0,37,128,0,0,0,648,130,1020,1,下位,0,0,0
197,197,0,170,412,1,0,0,0,0,1,0,下位,0,0,0
528,528,0,74,271,0,0,0,197,412,105,3,下位,0,0,0
61,61,0,45,180,0,0,0,528,271,-449,1,下位,0,0,0
344,344,0,38,133,0,0,0,61,180,-364,1,下位,0,0,0
201,201,0,75,279,0,0,0,344,133,-769,1,下位,0,0,0
97,97,0,320,781,0,0,0,201,279,-804,1,下位,0,0,0
187,187,0,-6,-23,0,0,0,97,781,-175,5,下位,0,0,0
514,514,0,156,438,0,1,187,97,781,-175,5,下位,0,187,0
257,257,0,237,535,0,0,0,701,438,-857,2,下位,0,0,0
161,161,0,-6,-23,1,0,0,0,0,1,0,下位,0,0,0
254,254,0,119,293,1,1,161,0,0,1,0,下位,0,161,0
240,240,0,-6,-23,0,0,0,415,293,-378,2,下位,0,0,0
284,284,0,-6,-23,0,1,240,415,293,-378,2,下位,0,240,0
234,234,0,492,1035,0,2,524,415,293,-378,2,下位,0,284,0
99,99,0,-6,-23,0,0,0,758,1035,-574,7,下位,0,0,0
153,153,0,222,600,0,1,99,758,1035,-574,7,下位,0,99,0
341,341,0,740,1729,1,0,0,0,0,1,0,下位,0,0,0
305,305,0,-6,-23,0,0,0,341,1729,1197,10,下位,0,0,0
252,252,0,60,211,0,1,305,341,1729,1197,10,下位,0,305,0
566,566,0,476,1140,0,0,0,557,211,514,1,下位,0,0,0
328,328,0,63,226,0,0,0,566,1140,769,7,下位,0,0,0
137,137,0,218,530,0,0,0,328,226,482,1,下位,0,0,0
472,472,0,32,108,0,0,0,137,530,797,4,下位,0,0,0
186,186,0,141,390,0,0,0,472,108,167,1,下位,0,0,0
148,148,0,26,85,0,0,0,186,390,266,2,下位,0,0,0
517,517,0,62,228,0,0,0,148,85,119,1,下位,0,0,0
138,138,0,55,198,1,0,0,0,0,1,0,下位,0,0,0
236,236,0,-6,-23,0,0,0,138,198,-17,1,下位,0,0,0
689,689,0,1777,5083,0,1,236,138,198,-17,1,下位,0,236,0
498,498,0,48,173,0,0,0,925,5083,576,19,上位,0,0,0
211,211,0,-6,-23,0,0,0,498,173,-30,1,下位,0,0,0
416,416,0,337,838,0,1,211,498,173,-30,1,下位,0,211,0
177,177,0,324,728,0,0,0,627,838,-195,4,下位,0,0,0
144,144,0,92,349,1,0,0,0,0,1,0,下位,0,0,0
458,458,0,-6,-23,0,0,0,144,349,125,1,下位,0,0,0
390,390,0,323,902,0,1,458,144,349,125,1,下位,0,458,0
217,217,0,44,140,0,0,0,848,902,-322,4,下位,0,0,0
239,239,0,61,216,0,0,0,217,140,-521,1,下位,0,0,0
369,369,0,-6,-23,1,0,0,0,0,1,0,下位,0,0,0
378,378,0,44,154,1,1,369,0,0,1,0,下位,0,369,0
123,123,0,53,190,0,0,0,747,154,-1036,1,下位,0,0,0
288,288,0,568,1240,0,0,0,123,190,-1039,1,下位,0,0,0
135,135,0,-6,-23,0,0,0,288,1240,-249,7,下位,0,0,0
180,180,0,-6,-23,0,1,135,288,1240,-249,7,下位,0,135,0
159,159,0,-6,-23,0,2,315,288,1240,-249,7,下位,0,180,0
407,407,0,149,317,0,3,474,288,1240,-249,7,下位,0,159,0
445,445,0,-6,-23,0,0,0,881,317,-1379,3,下位,0,0,0
419,419,0,-6,-23,0,1,445,881,317,-1379,3,下位,0,445,0
81,81,0,476,1078,0,2,864,881,317,-1379,3,下位,0,419,0
298,298,0,42,148,0,0,0,945,1078,-1824,6,下位,0,0,0
450,450,0,-6,-23,0,0,0,298,148,-2142,1,下位,0,0,0
370,370,0,59,216,0,1,450,298,148,-2142,1,下位,0,450,0
320,320,0,96,254,1,0,0,0,0,1,0,下位,0,0,0
143,143,0,-6,-23,0,0,0,320,254,-245,2,下位,0,0,0
265,265,0,60,206,0,1,143,320,254,-245,2,下位,0,143,0
302,302,0,-6,-23,0,0,0,408,206,-701,1,下位,0,0,0
128,128,0,-6,-23,0,1,302,408,206,-701,1,下位,0,302,0
330,330,0,-6,-23,0,2,430,408,206,-701,1,下位,0,128,0
254,254,0,516,1111,0,3,760,408,206,-701,1,下位,0,330,0
207,207,0,-6,-23,0,0,0,1014,1111,-1245,7,下位,0,0,0
72,72,0,2091,5824,0,1,207,1014,1111,-1245,7,下位,0,207,0
300,300,0,42,141,0,0,0,279,5824,366,23,上位,0,0,0
380,380,0,96,237,0,0,0,300,141,38,1,下位,0,0,0
465,465,0,-6,-23,0,0,0,380,237,-319,2,下位,0,0,0
211,211,0,376,857,0,1,465,380,237,-319,2,下位,0,465,0
140,140,0,1522,4364,1,0,0,0,0,1,0,下位,0,0,0
420,420,0,173,366,0,0,0,140,4364,436,17,上位,0,0,0
228,228,0,204,423,0,0,0,420,366,144,3,下位,0,0,0
297,297,0,-6,-23,0,0,0,228,423,210,4,下位,0,0,0
157,157,0,-6,-23,0,1,297,228,423,210,4,下位,0,297,0
321,321,0,46,162,0,2,454,228,423,210,4,下位,0,157,0
134,134,0,56,205,0,0,0,775,162,-887,1,下位,0,0,0
536,536,0,-6,-23,0,0,0,134,205,-892,1,下位,0,0,0
392,392,0,-6,-23,0,1,536,134,205,-892,1,下位,0,536,0
485,485,0,122,323,0,2,928,134,205,-892,1,下位,0,392,0
331,331,0,154,478,0,0,0,1413,323,-2824,2,下位,0,0,0
296,296,0,1410,4096,1,0,0,0,0,1,0,下位,0,0,0
326,326,0,-6,-23,0,0,0,296,4096,265,15,上位,0,0,0
196,196,0,50,180,0,1,326,296,4096,265,15,上位,0,326,0
198,198,0,107,281,0,0,0,522,180,-395,1,下位,0,0,0
369,369,0,1740,4696,0,0,0,198,281,-424,2,下位,0,0,0
226,226,0,542,1307,0,0,0,369,4696,-2,21,上位,0,0,0
102,102,0,1158,2770,0,0,0,226,1307,951,7,下位,0,0,0
498,498,0,-6,-23,0,0,0,102,2770,231,16,上位,0,0,0
115,115,0,-6,-23,0,1,498,102,2770,231,16,上位,0,498,0
623,623,0,199,545,0,2,613,102,2770,231,16,上位,0,115,0
262,262,0,-6,-23,0,0,0,1236,545,-1203,3,下位,0,0,0
177,177,0,147,444,0,1,262,1236,545,-1203,3,下位,0,262,0
237,237,0,341,850,0,0,0,439,444,-1469,2,下位,0,0,0
293,293,0,136,386,1,0,0,0,0,1,0,下位,0,0,0
320,320,0,-6,-23,0,0,0,293,386,-70,2,下位,0,0,0
183,183,0,-6,-23,0,1,320,293,386,-70,2,下位,0,320,0
413,413,0,396,863,0,2,503,293,386,-70,2,下位,0,183,0
252,252,0,665,1379,0,0,0,916,863,-685,5,下位,0,0,0
311,311,0,-6,-23,0,0,0,252,1379,299,9,下位,0,0,0
138,138,0,920,2178,0,1,311,252,1379,299,9,下位,0,311,0
137,137,0,39,134,0,0,0,449,2178,1752,11,下位,0,0,0
62,62,0,141,323,0,0,0,137,134,1671,1,下位,0,0,0
149,149,0,594,1307,1,0,0,0,0,1,0,下位,0,0,0
444,444,0,130,278,0,0,0,149,1307,1075,8,下位,0,0,0
138,138,0,55,194,0,0,0,444,278,660,2,下位,0,0,0
148,148,0,61,218,0,0,0,138,194,638,1,下位,0,0,0
747,747,0,856,2071,0,0,0,148,218,624,1,下位,0,0,0
226,226,0,1198,3125,0,0,0,747,2071,1527,10,下位,0,0,0
426,426,0,-6,-23,1,0,0,0,0,1,0,下位,0,0,0
228,228,0,-6,-23,1,1,426,0,0,1,0,下位,0,426,0
65,65,0,928,2291,1,2,654,0,0,1,0,下位,0,228,0
90,90,0,-6,-23,0,0,0,719,2291,1121,11,下位,0,0,0
371,371,0,-6,-23,0,1,90,719,2291,1121,11,下位,0,90,0
645,645,0,85,312,0,2,461,719,2291,1121,11,下位,0,371,0
383,383,0,110,370,0,0,0,1106,312,-342,1,下位,0,0,0
214,214,0,-6,-23,1,0,0,0,0,1,0,下位,0,0,0
128,128,0,-6,-23,1,1,214,0,0,1,0,下位,0,214,0
213,213,0,123,342,1,2,342,0,0,1,0,下位,0,128,0
403,403,0,-6,-23,0,0,0,555,342,-571,2,下位,0,0,0
198,198,0,122,323,0,1,403,555,342,-571,2,下位,0,403,0
230,230,0,67,247,0,0,0,601,323,-1211,2,下位,0,0,0
165,165,0,515,1071,0,0,0,230,247,-1324,1,下位,0,0,0
143,143,0,30,92,0,0,0,165,1071,-511,7,下位,0,0,0
161,161,0,-6,-23,0,0,0,143,92,-643,1,下位,0,0,0
127,127,0,37,120,0,1,161,143,92,-643,1,下位,0,161,0
293,293,0,862,2114,0,0,0,288,120,-997,1,下位,0,0,0
278,278,0,60,221,0,0,0,293,2114,660,11,下位,0,0,0
315,315,0,-6,-23,0,0,0,278,221,446,1,下位,0,0,0
68,68,0,-6,-23,0,1,315,278,221,446,1,下位,0,315,0
111,111,0,-6,-23,0,2,383,278,221,446,1,下位,0,68,0
414,414,0,37,121,0,3,494,278,221,446,1,下位,0,111,0
128,128,0,-6,-23,1,0,0,0,0,1,0,下位,0,0,0
363,363,0,-6,-23,1,1,128,0,0,1,0,下位,0,128,0
189,189,0,-6,-23,1,2,491,0,0,1,0,下位,0,363,0
107,107,0,32,105,1,3,680,0,0,1,0,下位,0,189,0
193,193,0,-6,-23,0,0,0,787,105,-1195,1,下位,0,0,0
109,109,0,384,935,0,1,193,787,105,-1195,1,下位,0,193,0
387,387,0,61,196,0,0,0,302,935,-755,6,下位,0,0,0
120,120,0,686,1547,0,0,0,387,196,-1164,1,下位,0,0,0
531,531,0,26,83,0,0,0,120,1547,195,9,下位,0,0,0
214,214,0,-6,-23,1,0,0,0,0,1,0,下位,0,0,0
184,184,0,126,340,1,1,214,0,0,1,0,下位,0,214,0
384,384,0,-6,-23,0,0,0,398,340,-306,2,下位,0,0,0
300,300,0,-6,-23,0,1,384,398,340,-306,2,下位,0,384,0
481,481,0,47,166,0,2,684,398,340,-306,2,下位,0,300,0
502,502,0,142,377,0,0,0,1165,166,-2007,1,下位,0,0,0
190,190,0,789,1795,1,0,0,0,0,1,0,下位,0,0,0
441,441,0,-6,-23,0,0,0,190,1795,1499,10,下位,0,0,0
302,302,0,38,133,0,1,441,190,1795,1499,10,下位,0,441,0
83,83,0,216,504,0,0,0,743,133,447,1,下位,0,0,0
136,136,0,-6,-23,0,0,0,83,504,821,3,下位,0,0,0
264,264,0,-6,-23,0,1,136,83,504,821,3,下位,0,136,0
443,443,0,-6,-23,0,2,400,83,504,821,3,下位,0,264,0
132,132,0,43,150,0,3,843,83,504,821,3,下位,0,443,0
72,72,0,514,1160,0,0,0,975,150,-624,1,下位,0,0,0
360,360,0,-6,-23,0,0,0,72,1160,423,7,下位,0,0,0
284,284,0,464,1192,0,1,360,72,1160,423,7,下位,0,360,0
537,537,0,140,393,1,0,0,0,0,1,0,下位,0,0,0
204,204,0,-6,-23,0,0,0,537,393,-446,2,下位,0,0,0
157,157,0,-6,-23,0,1,204,537,393,-446,2,下位,0,204,0
44,44,0,304,678,0,2,361,537,393,-446,2,下位,0,157,0
152,152,0,163,496,0,0,0,405,678,-448,5,下位,0,0,0
151,151,0,54,195,0,0,0,152,496,-190,2,下位,0,0,0
227,227,0,-6,-23,0,0,0,151,195,-231,1,下位,0,0,0
406,406,0,221,623,0,1,227,151,195,-231,1,下位,0,227,0
399,399,0,1359,3138,0,0,0,633,623,-621,3,下位,0,0,0
545,545,0,221,588,1,0,0,0,0,1,0,下位,0,0,0
191,191,0,42,147,0,0,0,545,588,-263,3,下位,0,0,0
82,82,0,54,196,0,0,0,191,147,-415,1,下位,0,0,0
269,269,0,26,81,0,0,0,82,196,-348,1,下位,0,0,0
280,280,0,-6,-23,0,0,0,269,81,-688,1,下位,0,0,0
77,77,0,495,1314,0,1,280,269,81,-688,1,下位,0,280,0
431,431,0,-6,-23,0,0,0,357,1314,44,6,下位,0,0,0
371,371,0,-6,-23,0,1,431,357,1314,44,6,下位,0,431,0
46,46,0,43,123,0,2,802,357,1314,44,6,下位,0,371,0
388,388,0,1727,4731,0,0,0,848,123,-1205,1,下位,0,0,0
233,233,0,-6,-23,1,0,0,0,0,1,0,下位,0,0,0
249,249,0,-6,-23,1,1,233,0,0,1,0,下位,0,233,0
83,83,0,-6,-23,1,2,482,0,0,1,0,下位,0,249,0
262,262,0,340,782,1,3,565,0,0,1,0,下位,0,83,0
61,61,0,723,1864,0,0,0,827,782,-579,5,下位,0,0,0
143,143,0,978,2332,0,0,0,61,1864,1190,10,下位,0,0,0
438,438,0,56,203,0,0,0,143,2332,184,14,上位,0,0,0
170,170,0,-6,-23,1,0,0,0,0,1,0,下位,0,0,0
356,356,0,51,176,1,1,170,0,0,1,0,下位,0,170,0
84,84,0,-6,-23,0,0,0,526,176,-669,1,下位,0,0,0
51,51,0,181,436,0,1,84,526,176,-669,1,下位,0,84,0
85,85,0,-6,-23,0,0,0,135,436,-468,3,下位,0,0,0
223,223,0,244,592,0,1,85,135,436,-468,3,下位,0,85,0
97,97,0,160,419,0,0,0,308,592,-381,4,下位,0,0,0
94,94,0,114,307,0,0,0,97,419,-114,3,下位,0,0,0
218,218,0,47,167,0,0,0,94,307,46,2,下位,0,0,0
139,139,0,79,296,0,0,0,218,167,-128,1,下位,0,0,0
82,82,0,-6,-23,0,0,0,139,296,-50,1,下位,0,0,0
344,344,0,247,677,0,1,82,139,296,-50,1,下位,0,82,0
101,101,0,1105,2490,0,0,0,426,677,-63,3,下位,0,0,0
390,390,0,-6,-23,0,0,0,101,2490,-2,16,上位,0,0,0
432,432,0,-6,-23,0,1,390,101,2490,-2,16,上位,0,390,0
327,327,0,417,1024,0,2,822,101,2490,-2,16,上位,0,432,0
379,379,0,430,927,0,0,0,1149,1024,-820,5,下位,0,0,0
159,159,0,-6,-23,1,0,0,0,0,1,0,下位,0,0,0
368,368,0,240,701,1,1,159,0,0,1,0,下位,0,159,0
322,322,0,1700,4664,0,0,0,527,701,-145,3,下位,0,0,0
638,638,0,-6,-23,0,0,0,322,4664,183,20,上位,0,0,0
246,246,0,367,862,0,1,638,322,4664,183,20,上位,0,638,0
130,130,0,-6,-23,0,0,0,884,862,-360,5,下位,0,0,0
187,187,0,226,590,0,1,130,884,862,-360,5,下位,0,130,0
75,75,0,261,624,0,0,0,317,590,-290,3,下位,0,0,0
83,83,0,-6,-23,0,0,0,75,624,216,4,下位,0,0,0
558,558,0,217,619,0,1,83,75,624,216,4,下位,0,83,0
136,136,0,504,1026,0,0,0,641,619,-190,3,下位,0,0,0
270,270,0,94,241,0,0,0,136,1026,624,7,下位,0,0,0
192,192,0,-6,-23,1,0,0,0,0,1,0,下位,0,0,0
433,433,0,101,241,1,1,192,0,0,1,0,下位,0,192,0
177,177,0,28,86,0,0,0,625,241,-758,2,下位,0,0,0
514,514,0,-6,-23,0,0,0,177,86,-949,1,下位,0,0,0
227,227,0,368,911,0,1,514,177,86,-949,1,下位,0,514,0
511,511,0,94,208,0,0,0,741,911,-1221,5,下位,0,0,0
238,238,0,-6,-23,0,0,0,511,208,-1812,2,下位,0,0,0
78,78,0,-6,-23,0,1,238,511,208,-1812,2,下位,0,238,0
258,258,0,416,856,0,2,316,511,208,-1812,2,下位,0,78,0
194,194,0,182,471,0,0,0,574,856,-1900,6,下位,0,0,0
229,229,0,-6,-23,0,0,0,194,471,-1733,3,下位,0,0,0
174,174,0,35,113,0,1,229,194,471,-1733,3,下位,0,229,0
346,346,0,32,107,0,0,0,403,113,-2273,1,下位,0,0,0
269,269,0,89,216,0,0,0,346,107,-2707,1,下位,0,0,0
97,97,0,58,211,1,0,0,0,0,1,0,下位,0,0,0
396,396,0,-6,-23,0,0,0,97,211,60,1,下位,0,0,0
340,340,0,301,628,0,1,396,97,211,60,1,下位,0,396,0
395,395,0,-6,-23,0,0,0,736,628,-486,4,下位,0,0,0
456,456,0,-6,-23,0,1,395,736,628,-486,4,下位,0,395,0
302,302,0,56,202,0,2,851,736,628,-486,4,下位,0,456,0
439,439,0,128,380,0,0,0,1153,202,-2133,1,下位,0,0,0
64,64,0,747,1763,0,0,0,439,380,-2439,2,下位,0,0,0
171,171,0,-6,-23,0,0,0,64,1763,-776,11,下位,0,0,0
145,145,0,-6,-23,0,1,171,64,1763,-776,11,下位,0,171,0
378,378,0,-6,-23,0,2,316,64,1763,-776,11,下位,0,145,0
419,419,0,43,146,0,3,694,64,1763,-776,11,下位,0,378,0
247,247,0,-6,-23,0,0,0,1113,146,-2440,1,下位,0,0,0
60,60,0,150,451,0,1,247,1113,146,-2440,1,下位,0,247,0
168,168,0,438,880,0,0,0,307,451,-2492,2,下位,0,0,0
292,292,0,56,196,0,0,0,168,880,-1874,6,下位,0,0,0
198,198,0,292,806,0,0,0,292,196,-2135,1,下位,0,0,0
146,146,0,-6,-23,1,0,0,0,0,1,0,下位,0,0,0
381,381,0,229,583,1,1,146,0,0,1,0,下位,0,146,0
81,81,0,-6,-23,0,0,0,527,583,-264,4,下位,0,0,0
142,142,0,-6,-23,0,1,81,527,583,-264,4,下位,0,81,0
316,316,0,-6,-23,0,2,223,527,583,-264,4,下位,0,142,0
131,131,0,48,159,0,3,539,527,583,-264,4,下位,0,316,0
181,181,0,672,1494,0,0,0,670,159,-1222,1,下位,0,0,0
638,638,0,-6,-23,0,0,0,181,1494,-12,8,下位,0,0,0
335,335,0,-6,-23,0,1,638,181,1494,-12,8,下位,0,638,0
57,57,0,190,571,0,2,973,181,1494,-12,8,下位,0,335,0
421,421,0,79,288,1,0,0,0,0,1,0,下位,0,0,0
214,214,0,-6,-23,0,0,0,421,288,-369,1,下位,0,0,0
50,50,0,52,179,0,1,214,421,288,-369,1,下位,0,214,0
250,250,0,-6,-23,0,0,0,264,179,-627,1,下位,0,0,0
276,276,0,-6,-23,0,1,250,264,179,-627,1,下位,0,250,0
366,366,0,1672,4714,0,2,526,264,179,-627,1,下位,0,276,0
245,245,0,-6,-23,0,0,0,892,4714,287,19,上位,0,0,0
366,366,0,58,209,0,1,245,892,4714,287,19,上位,0,245,0
316,316,0,85,319,0,0,0,611,209,-482,1,下位,0,0,0
128,128,0,-6,-23,0,0,0,316,319,-657,1,下位,0,0,0
74,74,0,153,466,0,1,128,316,319,-657,1,下位,0,128,0
275,275,0,47,157,0,0,0,202,466,-530,2,下位,0,0,0
85,85,0,307,674,0,0,0,275,157,-803,1,下位,0,0,0
103,103,0,72,267,1,0,0,0,0,1,0,下位,0,0,0
320,320,0,124,346,0,0,0,103,267,107,1,下位,0,0,0
301,301,0,56,196,0,0,0,320,346,-47,2,下位,0,0,0
284,284,0,-6,-23,0,0,0,301,196,-322,1,下位,0,0,0
194,194,0,-6,-23,0,1,284,301,196,-322,1,下位,0,284,0
626,626,0,35,119,0,2,478,301,196,-322,1,下位,0,194,0
182,182,0,127,326,0,0,0,1104,119,-1976,1,下位,0,0,0
262,262,0,77,270,0,0,0,182,326,-1934,2,下位,0,0,0
307,307,0,145,409,0,0,0,262,270,-2074,1,下位,0,0,0
83,83,0,157,519,0,0,0,307,409,-2145,2,下位,0,0,0
213,213,0,625,1454,0,0,0,83,519,-1756,2,下位,0,0,0
175,175,0,-6,-23,1,0,0,0,0,1,0,下位,0,0,0
116,116,0,-6,-23,1,1,175,0,0,1,0,下位,0,175,0
73,73,0,336,846,1,2,291,0,0,1,0,下位,0,116,0
401,401,0,-6,-23,0,0,0,364,846,232,5,下位,0,0,0
304,304,0,-6,-23,0,1,401,364,846,232,5,下位,0,401,0
366,366,0,38,130,0,2,705,364,846,232,5,下位,0,304,0
263,263,0,230,547,0,0,0,1071,130,-1358,1,下位,0,0,0
63,63,0,175,500,0,0,0,263,547,-1222,4,下位,0,0,0
132,132,0,-6,-23,0,0,0,63,500,-820,3,下位,0,0,0
268,268,0,150,297,0,1,132,63,500,-820,3,下位,0,132,0
427,427,0,246,664,0,0,0,400,297,-1172,3,下位,0,0,0
518,518,0,421,924,0,0,0,427,664,-1176,3,下位,0,0,0
154,154,0,42,139,1,0,0,0,0,1,0,下位,0,0,0
186,186,0,105,266,0,0,0,154,139,-101,1,下位,0,0,0
193,193,0,-6,-23,0,0,0,186,266,-126,2,下位,0,0,0
458,458,0,-6,-23,0,1,193,186,266,-126,2,下位,0,193,0
387,387,0,-6,-23,0,2,651,186,266,-126,2,下位,0,458,0
234,234,0,57,207,0,3,1038,186,266,-126,2,下位,0,387,0
144,144,0,214,612,0,0,0,1272,207,-1977,1,下位,0,0,0
345,345,0,-6,-23,0,0,0,144,612,-1590,3,下位,0,0,0
250,250,0,-6,-23,0,1,345,144,612,-1590,3,下位,0,345,0
79,79,0,56,202,0,2,595,144,612,-1590,3,下位,0,250,0
187,187,0,204,495,0,0,0,674,202,-2488,1,下位,0,0,0
199,199,0,525,1324,0,0,0,187,495,-2287,3,下位,0,0,0
148,148,0,-6,-23,0,0,0,199,1324,-1274,7,下位,0,0,0
61,61,0,430,877,0,1,148,199,1324,-1274,7,下位,0,148,0
104,104,0,116,341,1,0,0,0,0,1,0,下位,0,0,0
112,112,0,-6,-23,0,0,0,104,341,179,2,下位,0,0,0
521,521,0,-6,-23,0,1,112,104,341,179,2,下位,0,112,0
395,395,0,41,136,0,2,633,104,341,179,2,下位,0,521,0
267,267,0,52,189,0,0,0,1028,136,-1338,1,下位,0,0,0
460,460,0,65,238,0,0,0,267,189,-1567,1,下位,0,0,0
567,567,0,59,214,0,0,0,460,238,-2048,1,下位,0,0,0
591,591,0,-6,-23,0,0,0,567,214,-2720,1,下位,0,0,0
407,407,0,56,196,0,1,591,567,214,-2720,1,下位,0,591,0
249,249,0,38,131,0,0,0,998,196,-4107,1,下位,0,0,0
345,345,0,42,139,1,0,0,0,0,1,0,下位,0,0,0
103,103,0,54,194,0,0,0,345,139,-400,1,下位,0,0,0
320,320,0,56,202,0,0,0,103,194,-367,1,下位,0,0,0
272,272,0,-6,-23,0,0,0,320,202,-665,1,下位,0,0,0
420,420,0,467,1086,0,1,272,320,202,-665,1,下位,0,272,0
172,172,0,177,471,0,0,0,692,1086,-684,7,下位,0,0,0
206,206,0,62,227,0,0,0,172,471,-482,3,下位,0,0,0
315,315,0,-6,-23,0,0,0,206,227,-577,1,下位,0,0,0
64,64,0,-6,-23,0,1,315,206,227,-577,1,下位,0,315,0
345,345,0,-6,-23,0,2,379,206,227,-577,1,下位,0,64,0
54,54,0,104,241,0,3,724,206,227,-577,1,下位,0,345,0
395,395,0,-6,-23,1,0,0,0,0,1,0,下位,0,0,0
163,163,0,251,548,1,1,395,0,0,1,0,下位,0,395,0
369,369,0,37,121,0,0,0,558,548,-347,4,下位,0,0,0
517,517,0,-6,-23,0,0,0,369,121,-803,1,下位,0,0,0
447,447,0,-6,-23,0,1,517,369,121,-803,1,下位,0,517,0
274,274,0,204,490,0,2,964,369,121,-803,1,下位,0,447,0
93,93,0,-6,-23,0,0,0,1238,490,-2294,3,下位,0,0,0
135,135,0,-6,-23,0,1,93,1238,490,-2294,3,下位,0,93,0
203,203,0,1185,2982,0,2,228,1238,490,-2294,3,下位,0,135,0
210,210,0,63,232,1,0,0,0,0,1,0,下位,0,0,0
241,241,0,-6,-23,0,0,0,210,232,-96,1,下位,0,0,0
72,72,0,329,794,0,1,241,210,232,-96,1,下位,0,241,0
272,272,0,-6,-23,0,0,0,313,794,186,5,下位,0,0,0
302,302,0,158,469,0,1,272,313,794,186,5,下位,0,272,0
347,347,0,-6,-23,0,0,0,574,469,-265,2,下位,0,0,0
173,173,0,142,408,0,1,347,574,469,-265,2,下位,0,347,0
405,405,0,123,330,0,0,0,520,408,-694,2,下位,0,0,0
62,62,0,464,998,0,0,0,405,330,-996,2,下位,0,0,0
294,294,0,304,801,0,0,0,62,998,-94,6,下位,0,0,0
532,532,0,45,143,0,0,0,294,801,247,4,下位,0,0,0
443,443,0,-6,-23,0,0,0,532,143,-442,1,下位,0,0,0
342,342,0,-6,-23,0,1,443,532,143,-442,1,下位,0,443,0
94,94,0,497,1191,0,2,785,532,143,-442,1,下位,0,342,0
228,228,0,463,1008,1,0,0,0,0,1,0,下位,0,0,0
61,61,0,480,1087,0,0,0,228,1008,652,7,下位,0,0,0
392,392,0,-6,-23,0,0,0,61,1087,1644,8,下位,0,0,0
588,588,0,119,334,0,1,392,61,1087,1644,8,下位,0,392,0
204,204,0,-6,-23,0,0,0,980,334,423,2,下位,0,0,0
171,171,0,120,357,0,1,204,980,334,423,2,下位,0,204,0
473,473,0,-6,-23,0,0,0,375,357,170,2,下位,0,0,0
799,799,0,-6,-23,0,1,473,375,357,170,2,下位,0,473,0
61,61,0,64,212,0,2,1272,375,357,170,2,下位,0,799,0
144,144,0,-6,-23,0,0,0,1333,212,-1748,1,下位,0,0,0
167,167,0,-6,-23,0,1,144,1333,212,-1748,1,下位,0,144,0
339,339,0,173,401,0,2,311,1333,212,-1748,1,下位,0,167,0
186,186,0,377,815,0,0,0,650,401,-2409,3,下位,0,0,0
297,297,0,-6,-23,0,0,0,186,815,-1885,5,下位,0,0,0
515,515,0,60,219,0,1,297,186,815,-1885,5,下位,0,297,0
524,524,0,-6,-23,1,0,0,0,0,1,0,下位,0,0,0
84,84,0,-6,-23,1,1,524,0,0,1,0,下位,0,524,0
535,535,0,718,1836,1,2,608,0,0,1,0,下位,0,84,0
278,278,0,395,816,0,0,0,1143,1836,4,9,下位,0,0,0
411,411,0,257,664,0,0,0,278,816,386,5,下位,0,0,0
446,446,0,-6,-23,0,0,0,411,664,408,4,下位,0,0,0
145,145,0,-6,-23,0,1,446,411,664,408,4,下位,0,446,0
40,40,0,-6,-23,0,2,591,411,664,408,4,下位,0,145,0
180,180,0,40,137,0,3,631,411,664,408,4,下位,0,40,0
368,368,0,54,187,0,0,0,811,137,-793,1,下位,0,0,0
200,200,0,-6,-23,0,0,0,368,187,-1181,1,下位,0,0,0
469,469,0,25,78,0,1,200,368,187,-1181,1,下位,0,200,0
82,82,0,-6,-23,0,0,0,669,78,-2172,1,下位,0,0,0
389,389,0,45,148,0,1,82,669,78,-2172,1,下位,0,82,0
503,503,0,34,107,1,0,0,0,0,1,0,下位,0,0,0
463,463,0,-6,-23,0,0,0,503,107,-678,1,下位,0,0,0
58,58,0,224,430,0,1,463,503,107,-678,1,下位,0,463,0
409,409,0,-6,-23,0,0,0,521,430,-1086,3,下位,0,0,0
223,223,0,696,1619,0,1,409,521,430,-1086,3,下位,0,409,0
183,183,0,94,355,0,0,0,632,1619,-478,9,下位,0,0,0
415,415,0,36,115,0,0,0,183,355,-409,1,下位,0,0,0
339,339,0,224,583,0,0,0,415,115,-943,1,下位,0,0,0
228,228,0,168,412,0,0,0,339,583,-890,3,下位,0,0,0
194,194,0,182,429,0,0,0,228,412,-836,3,下位,0,0,0
108,108,0,88,215,1,0,0,0,0,1,0,下位,0,0,0
573,573,0,1645,4299,0,0,0,108,215,47,2,下位,0,0,0
661,661,0,226,608,0,0,0,573,4299,285,19,上位,0,0,0
330,330,0,-6,-23,0,0,0,661,608,-140,3,下位,0,0,0
414,414,0,1713,4659,0,1,330,661,608,-140,3,下位,0,330,0
240,240,0,190,477,0,0,0,744,4659,363,20,上位,0,0,0
562,562,0,61,212,0,0,0,240,477,465,3,下位,0,0,0
260,260,0,513,1201,0,0,0,562,212,-202,1,下位,0,0,0
260,260,0,-6,-23,1,0,0,0,0,1,0,下位,0,0,0
485,485,0,-6,-23,1,1,260,0,0,1,0,下位,0,260,0
520,520,0,-6,-23,1,2,745,0,0,1,0,下位,0,485,0
290,290,0,214,416,1,3,1265,0,0,1,0,下位,0,520,0
123,123,0,124,362,0,0,0,1555,416,-2084,3,下位,0,0,0
154,154,0,36,123,0,0,0,123,362,-1915,2,下位,0,0,0
408,408,0,38,129,0,0,0,154,123,-2033,1,下位,0,0,0
155,155,0,508,1032,0,0,0,408,129,-2542,1,下位,0,0,0
268,268,0,207,484,0,0,0,155,1032,-1753,7,下位,0,0,0
350,350,0,82,169,0,0,0,268,484,-1688,3,下位,0,0,0
204,204,0,165,410,0,0,0,350,169,-2066,2,下位,0,0,0
96,96,0,-6,-23,1,0,0,0,0,1,0,下位,0,0,0
126,126,0,40,123,1,1,96,0,0,1,0,下位,0,96,0
183,183,0,122,308,0,0,0,222,123,-246,1,下位,0,0,0
315,315,0,56,196,0,0,0,183,308,-224,2,下位,0,0,0
129,129,0,-6,-23,0,0,0,315,196,-521,1,下位,0,0,0
99,99,0,-6,-23,0,1,129,315,196,-521,1,下位,0,129,0
387,387,0,112,327,0,2,228,315,196,-521,1,下位,0,99,0
271,271,0,57,208,0,0,0,615,327,-1202,2,下位,0,0,0
191,191,0,40,141,0,0,0,271,208,-1418,1,下位,0,0,0
276,276,0,-6,-23,0,0,0,191,141,-1576,1,下位,0,0,0
108,108,0,130,364,0,1,276,191,141,-1576,1,下位,0,276,0
309,309,0,-6,-23,0,0,0,384,364,-1836,2,下位,0,0,0
257,257,0,-6,-23,0,1,309,384,364,-1836,2,下位,0,309,0
188,188,0,40,140,0,2,566,384,364,-1836,2,下位,0,257,0
680,680,0,40,113,0,0,0,754,140,-2921,1,下位,0,0,0
400,400,0,57,207,0,0,0,680,113,-3871,1,下位,0,0,0
410,410,0,56,204,1,0,0,0,0,1,0,下位,0,0,0
149,149,0,-6,-23,0,0,0,410,204,-436,1,下位,0,0,0
49,49,0,-6,-23,0,1,149,410,204,-436,1,下位,0,149,0
102,102,0,-6,-23,0,2,198,410,204,-436,1,下位,0,49,0
553,553,0,38,108,0,3,300,410,204,-436,1,下位,0,102,0
349,349,0,106,264,0,0,0,853,108,-1732,1,下位,0,0,0
134,134,0,-6,-23,0,0,0,349,264,-2014,2,下位,0,0,0
335,335,0,-6,-23,0,1,134,349,264,-2014,2,下位,0,134,0
255,255,0,27,81,0,2,469,349,264,-2014,2,下位,0,335,0
362,362,0,176,409,0,0,0,724,81,-3112,1,下位,0,0,0
152,152,0,75,272,0,0,0,362,409,-3269,3,下位,0,0,0
156,156,0,1186,3058,1,0,0,0,0,1,0,下位,0,0,0
157,157,0,227,639,0,0,0,156,3058,270,15,上位,0,0,0
471,471,0,54,193,0,0,0,157,639,663,3,下位,0,0,0
468,468,0,-6,-23,0,0,0,471,193,120,1,下位,0,0,0
272,272,0,-6,-23,0,1,468,471,193,120,1,下位,0,468,0
314,314,0,189,423,0,2,740,471,193,120,1,下位,0,272,0
392,392,0,-6,-23,0,0,0,1054,423,-1151,3,下位,0,0,0
369,369,0,62,219,0,1,392,1054,423,-1151,3,下位,0,392,0
470,470,0,-6,-23,0,0,0,761,219,-2145,1,下位,0,0,0
174,174,0,48,167,0,1,470,761,219,-2145,1,下位,0,470,0
280,280,0,56,195,0,0,0,644,167,-3008,1,下位,0,0,0
322,322,0,52,182,0,0,0,280,195,-3251,1,下位,0,0,0
48,48,0,-6,-23,1,0,0,0,0,1,0,下位,0,0,0
156,156,0,109,301,1,1,48,0,0,1,0,下位,0,48,0
168,168,0,-6,-23,0,0,0,204,301,-40,2,下位,0,0,0
599,599,0,-6,-23,0,1,168,204,301,-40,2,下位,0,168,0
319,319,0,117,316,0,2,767,204,301,-40,2,下位,0,599,0
283,283,0,54,194,0,0,0,1086,316,-1468,2,下位,0,0,0
653,653,0,3906,11721,0,0,0,283,194,-1717,1,下位,0,0,0
291,291,0,56,201,0,0,0,653,11721,709,38,上位,0,0,0
352,352,0,127,390,0,0,0,291,201,455,1,下位,0,0,0
252,252,0,24,75,0,0,0,352,390,295,2,下位,0,0,0
124,124,0,161,512,1,0,0,0,0,1,0,下位,0,0,0
285,285,0,-6,-23,0,0,0,124,512,318,2,下位,0,0,0
101,101,0,504,1057,0,1,285,124,512,318,2,下位,0,285,0
394,394,0,218,480,0,0,0,386,1057,747,7,下位,0,0,0
224,224,0,247,646,0,0,0,394,480,610,3,下位,0,0,0
157,157,0,-6,-23,0,0,0,224,646,906,4,下位,0,0,0
69,69,0,84,316,0,1,157,224,646,906,4,下位,0,157,0
254,254,0,-6,-23,1,0,0,0,0,1,0,下位,0,0,0
264,264,0,-6,-23,1,1,254,0,0,1,0,下位,0,254,0
238,238,0,116,182,1,2,518,0,0,1,0,下位,0,264,0
160,160,0,-6,-23,0,0,0,756,182,-1045,2,下位,0,0,0
557,557,0,729,1684,0,1,160,756,182,-1045,2,下位,0,160,0
119,119,0,230,544,0,0,0,717,1684,-504,10,下位,0,0,0
206,206,0,165,490,0,0,0,119,544,-146,4,下位,0,0,0
102,102,0,-6,-23,0,0,0,206,490,22,2,下位,0,0,0
122,122,0,396,982,0,1,102,206,490,22,2,下位,0,102,0
463,463,0,36,125,0,0,0,224,982,630,4,下位,0,0,0
410,410,0,-6,-23,0,0,0,463,125,31,1,下位,0,0,0
72,72,0,-6,-23,0,1,410,463,125,31,1,下位,0,410,0
618,618,0,-6,-23,0,2,482,463,125,31,1,下位,0,72,0
64,64,0,62,228,0,3,1100,463,125,31,1,下位,0,618,0
281,281,0,258,646,0,0,0,1164,228,-1630,1,下位,0,0,0
448,448,0,136,399,1,0,0,0,0,1,0,下位,0,0,0
546,546,0,-6,-23,0,0,0,448,399,-300,2,下位,0,0,0
153,153,0,50,149,0,1,546,448,399,-300,2,下位,0,546,0
125,125,0,-6,-23,0,0,0,699,149,-1268,1,下位,0,0,0
63,63,0,-6,-23,0,1,125,699,149,-1268,1,下位,0,125,0
72,72,0,581,1392,0,2,188,699,149,-1268,1,下位,0,63,0
190,190,0,96,197,0,0,0,260,1392,-330,7,下位,0,0,0
73,73,0,36,117,0,0,0,190,197,-430,2,下位,0,0,0
304,304,0,158,463,1,0,0,0,0,1,0,下位,0,0,0
192,192,0,-6,-23,0,0,0,304,463,-11,2,下位,0,0,0
149,149,0,-6,-23,0,1,192,304,463,-11,2,下位,0,192,0
499,499,0,2366,6512,0,2,341,304,463,-11,2,下位,0,149,0
375,375,0,-6,-23,1,0,0,0,0,1,0,下位,0,0,0
145,145,0,195,519,1,1,375,0,0,1,0,下位,0,375,0
110,110,0,-6,-23,0,0,0,520,519,-316,3,下位,0,0,0
527,527,0,-6,-23,0,1,110,520,519,-316,3,下位,0,110,0
210,210,0,28,87,0,2,637,520,519,-316,3,下位,0,527,0
609,609,0,-6,-23,0,0,0,847,87,-1600,1,下位,0,0,0
356,356,0,678,1433,0,1,609,847,87,-1600,1,下位,0,609,0
375,375,0,127,369,1,0,0,0,0,1,0,下位,0,0,0
142,142,0,63,226,0,0,0,375,369,-216,2,下位,0,0,0
187,187,0,687,1460,0,0,0,142,226,-212,1,下位,0,0,0
457,457,0,-6,-23,0,0,0,187,1460,955,9,下位,0,0,0
66,66,0,135,397,0,1,457,187,1460,955,9,下位,0,457,0
530,530,0,401,849,0,0,0,523,397,511,2,下位,0,0,0
369,369,0,224,615,0,0,0,530,849,531,5,下位,0,0,0
409,409,0,124,342,0,0,0,369,615,569,3,下位,0,0,0
278,278,0,139,400,0,0,0,409,342,270,2,下位,0,0,0
313,313,0,28,89,0,0,0,278,400,235,2,下位,0,0,0
239,239,0,-6,-23,0,0,0,313,89,-166,1,下位,0,0,0
170,170,0,377,995,0,1,239,313,89,-166,1,下位,0,239,0
511,511,0,288,622,0,0,0,409,995,166,5,下位,0,0,0
245,245,0,-6,-23,0,0,0,511,622,-11,4,下位,0,0,0
84,84,0,68,245,0,1,245,511,622,-11,4,下位,0,245,0
197,197,0,108,258,0,0,0,329,245,-304,1,下位,0,0,0
318,318,0,-6,-23,0,0,0,197,258,-354,2,下位,0,0,0
394,394,0,270,564,0,1,318,197,258,-354,2,下位,0,318,0
267,267,0,-6,-23,1,0,0,0,0,1,0,下位,0,0,0
123,123,0,-6,-23,1,1,267,0,0,1,0,下位,0,267,0
428,428,0,806,1698,1,2,390,0,0,1,0,下位,0,123,0
196,196,0,186,460,0,0,0,818,1698,372,11,下位,0,0,0
245,245,0,36,119,0,0,0,196,460,525,2,下位,0,0,0
61,61,0,-6,-23,0,0,0,245,119,261,1,下位,0,0,0
591,591,0,95,354,0,1,61,245,119,261,1,下位,0,61,0
531,531,0,62,194,0,0,0,652,354,-428,1,下位,0,0,0
192,192,0,59,204,0,0,0,531,194,-1064,1,下位,0,0,0
336,336,0,104,228,0,0,0,192,204,-1160,1,下位,0,0,0
501,501,0,-6,-23,0,0,0,336,228,-1456,2,下位,0,0,0
232,232,0,-6,-23,0,1,501,336,228,-1456,2,下位,0,501,0
286,286,0,376,885,0,2,733,336,228,-1456,2,下位,0,232,0
471,471,0,-6,-23,1,0,0,0,0,1,0,下位,0,0,0
139,139,0,-6,-23,1,1,471,0,0,1,0,下位,0,471,0
435,435,0,-6,-23,1,2,610,0,0,1,0,下位,0,139,0
191,191,0,197,555,1,3,1045,0,0,1,0,下位,0,435,0
375,375,0,-6,-23,0,0,0,1236,555,-1446,3,下位,0,0,0
379,379,0,110,260,0,1,375,1236,555,-1446,3,下位,0,375,0
135,135,0,190,462,0,0,0,754,260,-2388,2,下位,0,0,0
351,351,0,-6,-23,1,0,0,0,0,1,0,下位,0,0,0
206,206,0,75,279,1,1,351,0,0,1,0,下位,0,351,0
360,360,0,335,856,0,0,0,557,279,-614,1,下位,0,0,0
120,120,0,56,202,0,0,0,360,856,-321,5,下位,0,0,0
541,541,0,42,130,0,0,0,120,202,-307,1,下位,0,0,0
277,277,0,-6,-23,0,0,0,541,130,-1023,1,下位,0,0,0
625,625,0,594,1161,0,1,277,541,130,-1023,1,下位,0,277,0
154,154,0,132,427,1,0,0,0,0,1,0,下位,0,0,0
353,353,0,63,221,0,0,0,154,427,187,2,下位,0,0,0
207,207,0,505,1238,0,0,0,353,221,-144,1,下位,0,0,0
128,128,0,257,568,0,0,0,207,1238,770,6,下位,0,0,0
306,306,0,129,329,0,0,0,128,568,1138,3,下位,0,0,0
566,566,0,-6,-23,0,0,0,306,329,988,2,下位,0,0,0
217,217,0,35,120,0,1,566,306,329,988,2,下位,0,566,0
143,143,0,-6,-23,0,0,0,783,120,-139,1,下位,0,0,0
374,374,0,1076,2462,0,1,143,783,120,-139,1,下位,0,143,0
125,125,0,-6,-23,0,0,0,517,2462,1491,14,下位,0,0,0
531,531,0,50,178,0,1,125,517,2462,1491,14,下位,0,125,0
124,124,0,588,1179,0,0,0,656,178,620,1,下位,0,0,0
209,209,0,92,202,0,0,0,124,1179,1605,9,下位,0,0,0
411,411,0,218,546,0,0,0,209,202,1480,2,下位,0,0,0
231,231,0,94,348,0,0,0,411,546,1383,3,下位,0,0,0
212,212,0,152,373,0,0,0,231,348,1370,1,下位,0,0,0
501,501,0,39,135,1,0,0,0,0,1,0,下位,0,0,0
97,97,0,48,172,0,0,0,501,135,-647,1,下位,0,0,0
600,600,0,-6,-23,0,0,0,97,172,-627,1,下位,0,0,0
141,141,0,-6,-23,0,1,600,97,172,-627,1,下位,0,600,0
91,91,0,-6,-23,0,2,741,97,172,-627,1,下位,0,141,0
310,310,0,233,561,0,3,832,97,172,-627,1,下位,0,91,0
229,229,0,240,508,0,0,0,1142,561,-1922,4,下位,0,0,0
138,138,0,-6,-23,0,0,0,229,508,-1772,3,下位,0,0,0
137,137,0,35,119,0,1,138,229,508,-1772,3,下位,0,138,0
292,292,0,141,420,0,0,0,275,119,-2106,1,下位,0,0,0
203,203,0,188,576,1,0,0,0,0,1,0,下位,0,0,0
440,440,0,-6,-23,0,0,0,203,576,259,2,下位,0,0,0
408,408,0,-6,-23,0,1,440,203,576,259,2,下位,0,440,0
304,304,0,-6,-23,0,2,848,203,576,259,2,下位,0,408,0
425,425,0,458,946,0,3,1152,203,576,259,2,下位,0,304,0
69,69,0,-6,-23,0,0,0,1577,946,-1329,6,下位,0,0,0
277,277,0,71,253,0,1,69,1577,946,-1329,6,下位,0,69,0
168,168,0,-6,-23,1,0,0,0,0,1,0,下位,0,0,0
122,122,0,-6,-23,1,1,168,0,0,1,0,下位,0,168,0
213,213,0,34,114,1,2,290,0,0,1,0,下位,0,122,0
652,652,0,444,1034,0,0,0,503,114,-718,1,下位,0,0,0
171,171,0,-6,-23,0,0,0,652,1034,-704,5,下位,0,0,0
119,119,0,-6,-23,0,1,171,652,1034,-704,5,下位,0,171,0
531,531,0,-6,-23,0,2,290,652,1034,-704,5,下位,0,119,0
68,68,0,39,136,0,3,821,652,1034,-704,5,下位,0,531,0
372,372,0,294,711,0,0,0,889,136,-2028,1,下位,0,0,0
301,301,0,-6,-23,0,0,0,372,711,-1899,4,下位,0,0,0
273,273,0,-6,-23,0,1,301,372,711,-1899,4,下位,0,301,0
201,201,0,122,334,0,2,574,372,711,-1899,4,下位,0,273,0
238,238,0,-6,-23,0,0,0,775,334,-2824,2,下位,0,0,0
230,230,0,27,86,0,1,238,775,334,-2824,2,下位,0,238,0
278,278,0,36,122,0,0,0,468,86,-3493,1,下位,0,0,0
606,606,0,-6,-23,1,0,0,0,0,1,0,下位,0,0,0
151,151,0,-6,-23,1,1,606,0,0,1,0,下位,0,606,0
40,40,0,36,121,1,2,757,0,0,1,0,下位,0,151,0
436,436,0,74,275,0,0,0,797,121,-1170,1,下位,0,0,0
336,336,0,207,575,0,0,0,436,275,-1577,1,下位,0,0,0
232,232,0,43,144,0,0,0,336,575,-1527,3,下位,0,0,0
506,506,0,132,425,0,0,0,232,144,-1746,1,下位,0,0,0
109,109,0,662,1511,1,0,0,0,0,1,0,下位,0,0,0
83,83,0,-6,-23,0,0,0,109,1511,1341,9,下位,0,0,0
298,298,0,238,504,0,1,83,109,1511,1341,9,下位,0,83,0
183,183,0,-6,-23,0,0,0,381,504,1226,3,下位,0,0,0
445,445,0,40,138,0,1,183,381,504,1226,3,下位,0,183,0
90,90,0,69,256,0,0,0,628,138,359,1,下位,0,0,0
259,259,0,52,155,0,0,0,90,256,474,1,下位,0,0,0
154,154,0,434,868,0,0,0,259,155,224,1,下位,0,0,0
115,115,0,40,131,0,0,0,154,868,851,6,下位,0,0,0
317,317,0,-6,-23,0,0,0,115,131,802,1,下位,0,0,0
58,58,0,341,775,0,1,317,115,131,802,1,下位,0,317,0
486,486,0,-6,-23,1,0,0,0,0,1,0,下位,0,0,0
180,180,0,-6,-23,1,1,486,0,0,1,0,下位,0,486,0
77,77,0,230,628,1,2,666,0,0,1,0,下位,0,180,0
240,240,0,1197,2748,0,0,0,743,628,-580,3,下位,0,0,0
181,181,0,46,124,0,0,0,240,2748,1793,17,下位,0,0,0
303,303,0,274,553,0,0,0,181,124,1634,1,下位,0,0,0
128,128,0,-6,-23,0,0,0,303,553,1713,5,下位,0,0,0
427,427,0,-6,-23,0,1,128,303,553,1713,5,下位,0,128,0
459,459,0,351,819,0,2,555,303,553,1713,5,下位,0,427,0
143,143,0,56,197,0,0,0,1014,819,900,4,下位,0,0,0
134,134,0,-6,-23,1,0,0,0,0,1,0,下位,0,0,0
225,225,0,91,327,1,1,134,0,0,1,0,下位,0,134,0
207,207,0,-6,-23,0,0,0,359,327,-257,1,下位,0,0,0
376,376,0,64,237,0,1,207,359,327,-257,1,下位,0,207,0
156,156,0,-6,-23,0,0,0,583,237,-955,1,下位,0,0,0
406,406,0,1066,2553,0,1,156,583,237,-955,1,下位,0,156,0
95,95,0,-6,-23,0,0,0,562,2553,696,13,下位,0,0,0
64,64,0,-6,-23,0,1,95,562,2553,696,13,下位,0,95,0
216,216,0,-6,-23,0,2,159,562,2553,696,13,下位,0,64,0
163,163,0,58,205,0,3,375,562,2553,696,13,下位,0,216,0
89,89,0,285,692,0,0,0,538,205,-10,1,下位,0,0,0
124,124,0,28,78,1,0,0,0,0,1,0,下位,0,0,0
153,153,0,245,635,0,0,0,124,78,-115,1,下位,0,0,0
135,135,0,-6,-23,0,0,0,153,635,280,4,下位,0,0,0
449,449,0,-6,-23,0,1,135,153,635,280,4,下位,0,135,0
268,268,0,38,129,0,2,584,153,635,280,4,下位,0,449,0
185,185,0,-6,-23,0,0,0,852,129,-969,1,下位,0,0,0
426,426,0,340,848,0,1,185,852,129,-969,1,下位,0,185,0
90,90,0,165,437,0,0,0,611,848,-1100,5,下位,0,0,0
242,242,0,105,278,0,0,0,90,437,-804,3,下位,0,0,0
603,603,0,146,428,0,0,0,242,278,-905,2,下位,0,0,0
182,182,0,101,291,1,0,0,0,0,1,0,下位,0,0,0
512,512,0,-6,-23,0,0,0,182,291,7,2,下位,0,0,0
226,226,0,49,175,0,1,512,182,291,7,2,下位,0,512,0
535,535,0,-6,-23,0,0,0,738,175,-995,1,下位,0,0,0
350,350,0,-6,-23,0,1,535,738,175,-995,1,下位,0,535,0
230,230,0,140,448,0,2,885,738,175,-995,1,下位,0,350,0
61,61,0,2569,7201,0,0,0,1115,448,-2336,2,下位,0,0,0
490,490,0,-6,-23,0,0,0,61,7201,-2,30,上位,0,0,0
469,469,0,117,286,0,1,490,61,7201,-2,30,上位,0,490,0
393,393,0,-6,-23,1,0,0,0,0,1,0,下位,0,0,0
138,138,0,208,549,1,1,393,0,0,1,0,下位,0,393,0
580,580,0,-6,-23,0,0,0,531,549,-303,3,下位,0,0,0
409,409,0,163,493,0,1,580,531,549,-303,3,下位,0,580,0
384,384,0,-6,-23,0,0,0,989,493,-1380,2,下位,0,0,0
456,456,0,-6,-23,0,1,384,989,493,-1380,2,下位,0,384,0
43,43,0,-6,-23,0,2,840,989,493,-1380,2,下位,0,456,0
287,287,0,40,132,0,3,883,989,493,-1380,2,下位,0,43,0
167,167,0,54,183,0,0,0,1170,132,-3147,1,下位,0,0,0
320,320,0,85,319,0,0,0,167,183,-3225,1,下位,0,0,0
210,210,0,104,291,0,0,0,320,319,-3406,1,下位,0,0,0
592,592,0,-6,-23,0,0,0,210,291,-3444,2,下位,0,0,0
420,420,0,612,1454,0,1,592,210,291,-3444,2,下位,0,592,0
584,584,0,-6,-23,1,0,0,0,0,1,0,下位,0,0,0
515,515,0,-6,-23,1,1,584,0,0,1,0,下位,0,584,0
71,71,0,860,2062,1,2,1099,0,0,1,0,下位,0,515,0
188,188,0,91,210,0,0,0,1170,2062,188,10,下位,0,0,0
156,156,0,303,813,0,0,0,188,210,104,2,下位,0,0,0
95,95,0,38,126,0,0,0,156,813,673,3,下位,0,0,0
115,115,0,146,395,0,0,0,95,126,650,1,下位,0,0,0
108,108,0,69,254,0,0,0,115,395,865,2,下位,0,0,0
505,505,0,-6,-23,0,0,0,108,254,950,1,下位,0,0,0
409,409,0,-6,-23,0,1,505,108,254,950,1,下位,0,505,0
389,389,0,44,148,0,2,914,108,254,950,1,下位,0,409,0
172,172,0,-6,-23,0,0,0,1303,148,-984,1,下位,0,0,0
452,452,0,-6,-23,0,1,172,1303,148,-984,1,下位,0,172,0
128,128,0,364,791,0,2,624,1303,148,-984,1,下位,0,452,0
638,638,0,402,963,0,0,0,752,791,-1415,6,下位,0,0,0
448,448,0,242,567,0,0,0,638,963,-1449,5,下位,0,0,0
546,546,0,-6,-23,1,0,0,0,0,1,0,下位,0,0,0
260,260,0,-6,-23,1,1,546,0,0,1,0,下位,0,546,0
45,45,0,1166,2769,1,2,806,0,0,1,0,下位,0,260,0
318,318,0,855,2014,0,0,0,851,2769,1393,14,下位,0,0,0
263,263,0,-6,-23,0,0,0,318,2014,261,13,上位,0,0,0
378,378,0,-6,-23,0,1,263,318,2014,261,13,上位,0,263,0
79,79,0,-6,-23,0,2,641,318,2014,261,13,上位,0,378,0
211,211,0,59,216,0,3,720,318,2014,261,13,上位,0,79,0
102,102,0,123,351,0,0,0,931,216,-1048,1,下位,0,0,0
229,229,0,-6,-23,0,0,0,102,351,-857,2,下位,0,0,0
157,157,0,-6,-23,0,1,229,102,351,-857,2,下位,0,229,0
40,40,0,262,667,0,2,386,102,351,-857,2,下位,0,157,0
428,428,0,-6,-23,0,0,0,426,667,-903,4,下位,0,0,0
319,319,0,1858,5141,0,1,428,426,667,-903,4,下位,0,428,0
407,407,0,-6,-23,1,0,0,0,0,1,0,下位,0,0,0
298,298,0,676,1404,1,1,407,0,0,1,0,下位,0,407,0
65,65,0,74,271,0,0,0,705,1404,280,9,下位,0,0,0
96,96,0,91,267,0,0,0,65,271,449,1,下位,0,0,0
335,335,0,186,512,0,0,0,96,267,566,2,下位,0,0,0
94,94,0,188,477,0,0,0,335,512,554,3,下位,0,0,0
148,148,0,-6,-23,0,0,0,94,477,884,3,下位,0,0,0
204,204,0,-6,-23,0,1,148,94,477,884,3,下位,0,148,0
252,252,0,571,1384,0,2,352,94,477,884,3,下位,0,204,0
365,365,0,-6,-23,0,0,0,604,1384,1276,7,下位,0,0,0
367,367,0,52,189,0,1,365,604,1384,1276,7,下位,0,365,0
322,322,0,304,770,0,0,0,732,189,297,1,下位,0,0,0
668,668,0,255,565,0,0,0,322,770,564,4,下位,0,0,0
431,431,0,63,226,0,0,0,668,565,85,3,下位,0,0,0
452,452,0,-6,-23,1,0,0,0,0,1,0,下位,0,0,0
92,92,0,-6,-23,1,1,452,0,0,1,0,下位,0,452,0
182,182,0,-6,-23,1,2,544,0,0,1,0,下位,0,92,0
134,134,0,116,308,1,3,726,0,0,1,0,下位,0,182,0
325,325,0,108,283,0,0,0,860,308,-1106,2,下位,0,0,0
338,338,0,-6,-23,0,0,0,325,283,-1331,2,下位,0,0,0
485,485,0,116,284,0,1,338,325,283,-1331,2,下位,0,338,0
542,542,0,107,261,0,0,0,823,284,-2357,2,下位,0,0,0
592,592,0,36,118,0,0,0,542,261,-2943,2,下位,0,0,0
589,589,0,40,135,1,0,0,0,0,1,0,下位,0,0,0
189,189,0,594,1419,0,0,0,589,135,-785,1,下位,0,0,0
499,499,0,181,551,0,0,0,189,1419,338,7,下位,0,0,0
401,401,0,-6,-23,0,0,0,499,551,109,2,下位,0,0,0
142,142,0,56,192,0,1,401,499,551,109,2,下位,0,401,0
399,399,0,177,482,0,0,0,543,192,-571,1,下位,0,0,0
598,598,0,-6,-23,0,0,0,399,482,-713,3,下位,0,0,0
109,109,0,-6,-23,0,1,598,399,482,-713,3,下位,0,598,0
376,376,0,114,294,0,2,707,399,482,-713,3,下位,0,109,0
335,335,0,-6,-23,0,0,0,1083,294,-2159,2,下位,0,0,0
181,181,0,140,400,0,1,335,1083,294,-2159,2,下位,0,335,0
154,154,0,56,205,0,0,0,516,400,-2590,2,下位,0,0,0
228,228,0,44,157,0,0,0,154,205,-2626,1,下位,0,0,0
456,456,0,-6,-23,1,0,0,0,0,1,0,下位,0,0,0
63,63,0,184,608,1,1,456,0,0,1,0,下位,0,456,0
261,261,0,57,207,0,0,0,519,608,-226,2,下位,0,0,0
412,412,0,192,563,0,0,0,261,207,-427,1,下位,0,0,0
91,91,0,-6,-23,0,0,0,412,563,-508,3,下位,0,0,0
419,419,0,77,286,0,1,91,412,563,-508,3,下位,0,91,0
62,62,0,-6,-23,0,0,0,510,286,-1043,1,下位,0,0,0
159,159,0,433,1026,0,1,62,510,286,-1043,1,下位,0,62,0
397,397,0,1516,3899,0,0,0,221,1026,-386,6,下位,0,0,0
317,317,0,-6,-23,0,0,0,397,3899,205,20,上位,0,0,0
344,344,0,40,129,0,1,317,397,3899,205,20,上位,0,317,0
308,308,0,58,209,0,0,0,661,129,-723,1,下位,0,0,0
112,112,0,62,228,0,0,0,308,209,-996,1,下位,0,0,0
577,577,0,313,685,0,0,0,112,228,-943,1,下位,0,0,0
459,459,0,-6,-23,0,0,0,577,685,-1160,4,下位,0,0,0
103,103,0,210,563,0,1,459,577,685,-1160,4,下位,0,459,0
526,526,0,56,195,0,0,0,562,563,-1499,3,下位,0,0,0
80,80,0,90,337,0,0,0,526,195,-2126,1,下位,0,0,0
146,146,0,-6,-23,0,0,0,80,337,-1914,1,下位,0,0,0
110,110,0,74,277,0,1,146,80,337,-1914,1,下位,0,146,0
430,430,0,-6,-23,1,0,0,0,0,1,0,下位,0,0,0
136,136,0,-6,-23,1,1,430,0,0,1,0,下位,0,430,0
101,101,0,-6,-23,1,2,566,0,0,1,0,下位,0,136,0
412,412,0,64,205,1,3,667,0,0,1,0,下位,0,101,0
88,88,0,-6,-23,0,0,0,1079,205,-1550,1,下位,0,0,0
233,233,0,-6,-23,0,1,88,1079,205,-1550,1,下位,0,88,0
161,161,0,336,872,0,2,321,1079,205,-1550,1,下位,0,233,0
224,224,0,-6,-23,0,0,0,482,872,-1478,4,下位,0,0,0
101,101,0,-6,-23,0,1,224,482,872,-1478,4,下位,0,224,0
203,203,0,85,312,0,2,325,482,872,-1478,4,下位,0,101,0
584,584,0,-6,-23,0,0,0,528,312,-2038,1,下位,0,0,0
287,287,0,314,667,0,1,584,528,312,-2038,1,下位,0,584,0
204,204,0,62,229,1,0,0,0,0,1,0,下位,0,0,0
457,457,0,-6,-23,0,0,0,204,229,-89,1,下位,0,0,0
58,58,0,58,186,0,1,457,204,229,-89,1,下位,0,457,0
524,524,0,-6,-23,0,0,0,515,186,-730,1,下位,0,0,0
237,237,0,206,573,0,1,524,515,186,-730,1,下位,0,524,0
127,127,0,442,968,0,0,0,761,573,-1370,3,下位,0,0,0
224,224,0,-6,-23,0,0,0,127,968,-602,6,下位,0,0,0
370,370,0,-6,-23,0,1,224,127,968,-602,6,下位,0,224,0
93,93,0,60,219,0,2,594,127,968,-602,6,下位,0,370,0
145,145,0,366,785,0,0,0,687,219,-1504,1,下位,0,0,0
131,131,0,90,228,0,0,0,145,785,-947,5,下位,0,0,0
648,648,0,103,225,0,0,0,131,228,-924,2,下位,0,0,0
609,609,0,572,1294,0,0,0,648,225,-1712,2,下位,0,0,0
215,215,0,130,390,0,0,0,609,1294,-1370,7,下位,0,0,0
439,439,0,-6,-23,0,0,0,215,390,-1316,2,下位,0,0,0
619,619,0,311,803,0,1,439,215,390,-1316,2,下位,0,439,0
291,291,0,-6,-23,1,0,0,0,0,1,0,下位,0,0,0
522,522,0,-6,-23,1,1,291,0,0,1,0,下位,0,291,0
99,99,0,65,232,1,2,813,0,0,1,0,下位,0,522,0
156,156,0,142,405,0,0,0,912,232,-1239,1,下位,0,0,0
532,532,0,39,129,0,0,0,156,405,-1078,2,下位,0,0,0
382,382,0,-6,-23,0,0,0,532,129,-1781,1,下位,0,0,0
619,619,0,-6,-23,0,1,382,532,129,-1781,1,下位,0,382,0
209,209,0,690,1577,0,2,1001,532,129,-1781,1,下位,0,619,0
182,182,0,-6,-23,0,0,0,1210,1577,-2142,9,下位,0,0,0
458,458,0,308,652,0,1,182,1210,1577,-2142,9,下位,0,182,0
405,405,0,54,195,0,0,0,640,652,-2514,4,下位,0,0,0
439,439,0,390,952,1,0,0,0,0,1,0,下位,0,0,0
188,188,0,99,244,0,0,0,439,952,267,5,下位,0,0,0
341,341,0,246,688,0,0,0,188,244,217,2,下位,0,0,0
195,195,0,824,1628,0,0,0,341,688,372,3,下位,0,0,0
82,82,0,-6,-23,0,0,0,195,1628,1695,12,下位,0,0,0
139,139,0,143,314,0,1,82,195,1628,1695,12,下位,0,82,0
231,231,0,140,256,0,0,0,221,314,1639,3,下位,0,0,0
95,95,0,-6,-23,0,0,0,231,256,1534,3,下位,0,0,0
295,295,0,46,161,0,1,95,231,256,1534,3,下位,0,95,0
379,379,0,53,192,0,0,0,390,161,1062,1,下位,0,0,0
429,429,0,-6,-23,0,0,0,379,192,661,1,下位,0,0,0
645,645,0,-6,-23,0,1,429,379,192,661,1,下位,0,429,0
433,433,0,544,1179,0,2,1074,379,192,661,1,下位,0,645,0
298,298,0,-6,-23,1,0,0,0,0,1,0,下位,0,0,0
162,162,0,256,553,1,1,298,0,0,1,0,下位,0,298,0
112,112,0,-6,-23,0,0,0,460,553,-189,4,下位,0,0,0
374,374,0,-6,-23,0,1,112,460,553,-189,4,下位,0,112,0
64,64,0,185,551,0,2,486,460,553,-189,4,下位,0,374,0
175,175,0,-6,-23,0,0,0,550,551,-544,2,下位,0,0,0
283,283,0,51,182,0,1,175,550,551,-544,2,下位,0,175,0
207,207,0,58,199,0,0,0,458,182,-1102,1,下位,0,0,0
130,130,0,266,710,1,0,0,0,0,1,0,下位,0,0,0
429,429,0,-6,-23,0,0,0,130,710,507,3,下位,0,0,0
440,440,0,54,190,0,1,429,130,710,507,3,下位,0,429,0
110,110,0,409,947,0,0,0,869,190,-685,1,下位,0,0,0
83,83,0,-6,-23,0,0,0,110,947,89,5,下位,0,0,0
327,327,0,68,250,0,1,83,110,947,89,5,下位,0,83,0
176,176,0,786,1960,0,0,0,410,250,-325,1,下位,0,0,0
167,167,0,-6,-23,0,0,0,176,1960,1360,9,下位,0,0,0
122,122,0,116,316,0,1,167,176,1960,1360,9,下位,0,167,0
325,325,0,-6,-23,0,0,0,289,316,1201,2,下位,0,0,0
299,299,0,193,442,0,1,325,289,316,1201,2,下位,0,325,0
498,498,0,1000,2048,0,0,0,624,442,644,3,下位,0,0,0
65,65,0,-6,-23,0,0,0,498,2048,1912,15,下位,0,0,0
401,401,0,-6,-23,0,1,65,498,2048,1912,15,下位,0,65,0
111,111,0,38,129,0,2,466,498,2048,1912,15,下位,0,401,0
68,68,0,46,152,0,0,0,577,129,1092,1,下位,0,0,0
190,190,0,-6,-23,1,0,0,0,0,1,0,下位,0,0,0
437,437,0,56,205,1,1,190,0,0,1,0,下位,0,190,0
229,229,0,-6,-23,0,0,0,627,205,-797,1,下位,0,0,0
203,203,0,-6,-23,0,1,229,627,205,-797,1,下位,0,229,0
71,71,0,380,903,0,2,432,627,205,-797,1,下位,0,203,0
143,143,0,396,979,0,0,0,503,903,-727,5,下位,0,0,0
485,485,0,56,203,1,0,0,0,0,1,0,下位,0,0,0
243,243,0,-6,-23,0,0,0,485,203,-554,1,下位,0,0,0
518,518,0,-6,-23,0,1,243,485,203,-554,1,下位,0,243,0
246,246,0,-6,-23,0,2,761,485,203,-554,1,下位,0,518,0
125,125,0,30,86,0,3,1007,485,203,-554,1,下位,0,246,0
533,533,0,36,125,0,0,0,1132,86,-2308,1,下位,0,0,0
114,114,0,-6,-23,0,0,0,533,125,-3016,1,下位,0,0,0
204,204,0,54,196,0,1,114,533,125,-3016,1,下位,0,114,0
300,300,0,-6,-23,1,0,0,0,0,1,0,下位,0,0,0
291,291,0,-6,-23,1,1,300,0,0,1,0,下位,0,300,0
50,50,0,-6,-23,1,2,591,0,0,1,0,下位,0,291,0
159,159,0,319,663,1,3,641,0,0,1,0,下位,0,50,0
467,467,0,66,242,0,0,0,800,663,-657,4,下位,0,0,0
467,467,0,97,224,0,0,0,467,242,-1145,1,下位,0,0,0
559,559,0,239,687,0,0,0,467,224,-1651,2,下位,0,0,0
520,520,0,-6,-23,0,0,0,559,687,-1838,3,下位,0,0,0
97,97,0,248,678,0,1,520,559,687,-1838,3,下位,0,520,0
540,540,0,-6,-23,1,0,0,0,0,1,0,下位,0,0,0
498,498,0,118,300,1,1,540,0,0,1,0,下位,0,540,0
559,559,0,634,1506,0,0,0,1038,300,-1345,2,下位,0,0,0
271,271,0,-6,-23,0,0,0,559,1506,-714,8,下位,0,0,0
266,266,0,380,876,0,1,271,559,1506,-714,8,下位,0,271,0
131,131,0,42,148,0,0,0,537,876,-701,5,下位,0,0,0
216,216,0,170,546,0,0,0,131,148,-758,1,下位,0,0,0
97,97,0,62,250,0,0,0,216,546,-550,2,下位,0,0,0
289,289,0,-6,-23,0,0,0,97,250,-452,1,下位,0,0,0
82,82,0,344,826,0,1,289,97,250,-452,1,下位,0,289,0
204,204,0,-6,-23,0,0,0,371,826,-230,5,下位,0,0,0
393,393,0,428,935,0,1,204,371,826,-230,5,下位,0,204,0
131,131,0,92,345,0,0,0,597,935,-252,6,下位,0,0,0
359,359,0,36,113,1,0,0,0,0,1,0,下位,0,0,0
117,117,0,-6,-23,0,0,0,359,113,-447,1,下位,0,0,0
358,358,0,138,375,0,1,117,359,113,-447,1,下位,0,117,0
467,467,0,324,718,0,0,0,475,375,-838,2,下位,0,0,0
475,475,0,306,671,0,0,0,467,718,-850,4,下位,0,0,0
146,146,0,114,328,0,0,0,475,671,-922,5,下位,0,0,0
480,480,0,-6,-23,0,0,0,146,328,-823,2,下位,0,0,0
187,187,0,582,1181,0,1,480,146,328,-823,2,下位,0,480,0
156,156,0,-6,-23,0,0,0,667,1181,-709,8,下位,0,0,0
136,136,0,68,243,0,1,156,667,1181,-709,8,下位,0,156,0
373,373,0,121,368,0,0,0,292,243,-946,1,下位,0,0,0
511,511,0,227,422,0,0,0,373,368,-1161,2,下位,0,0,0
203,203,0,-6,-23,1,0,0,0,0,1,0,下位,0,0,0
58,58,0,60,196,1,1,203,0,0,1,0,下位,0,203,0
491,491,0,-6,-23,0,0,0,261,196,-236,1,下位,0,0,0
154,154,0,51,183,0,1,491,261,196,-236,1,下位,0,491,0
222,222,0,180,483,0,0,0,645,183,-1085,1,下位,0,0,0
98,98,0,60,204,0,0,0,222,483,-949,3,下位,0,0,0
605,605,0,44,150,1,0,0,0,0,1,0,下位,0,0,0
373,373,0,270,728,1,0,0,0,0,1,0,下位,0,0,0
419,419,0,154,445,0,0,0,373,728,146,4,下位,0,0,0
149,149,0,-6,-23,0,0,0,419,445,-64,2,下位,0,0,0
362,362,0,338,745,0,1,149,419,445,-64,2,下位,0,149,0
422,422,0,142,359,0,0,0,511,745,-141,5,下位,0,0,0
298,298,0,546,1150,0,0,0,422,359,-442,2,下位,0,0,0
278,278,0,-6,-23,0,0,0,298,1150,242,7,下位,0,0,0
578,578,0,38,131,0,1,278,298,1150,242,7,下位,0,278,0
389,389,0,286,672,0,0,0,856,131,-989,1,下位,0,0,0
197,197,0,-6,-23,0,0,0,389,672,-926,3,下位,0,0,0
415,415,0,-6,-23,0,1,197,389,672,-926,3,下位,0,197,0
283,283,0,47,168,0,2,612,389,672,-926,3,下位,0,415,0
569,569,0,916,2349,0,0,0,895,168,-2204,1,下位,0,0,0
163,163,0,-6,-23,1,0,0,0,0,1,0,下位,0,0,0
372,372,0,-6,-23,1,1,163,0,0,1,0,下位,0,163,0
354,354,0,166,356,1,2,535,0,0,1,0,下位,0,372,0
385,385,0,328,824,0,0,0,889,356,-1080,3,下位,0,0,0
106,106,0,203,517,0,0,0,385,824,-858,5,下位,0,0,0
180,180,0,125,378,0,0,0,106,517,-507,3,下位,0,0,0
495,495,0,495,1006,0,0,0,180,378,-411,2,下位,0,0,0
118,118,0,-6,-23,0,0,0,495,1006,-180,7,下位,0,0,0
131,131,0,303,727,0,1,118,495,1006,-180,7,下位,0,118,0
376,376,0,323,600,0,0,0,249,727,134,5,下位,0,0,0
126,126,0,-6,-23,0,0,0,376,600,146,5,下位,0,0,0
109,109,0,-6,-23,0,1,126,376,600,146,5,下位,0,126,0
680,680,0,315,820,0,2,235,376,600,146,5,下位,0,109,0
634,634,0,79,288,0,0,0,915,820,-511,4,下位,0,0,0
416,416,0,145,415,0,0,0,634,288,-1214,1,下位,0,0,0
326,326,0,40,126,0,0,0,416,415,-1449,2,下位,0,0,0
336,336,0,-6,-23,0,0,0,326,126,-1833,1,下位,0,0,0
211,211,0,702,1577,0,1,336,326,126,-1833,1,下位,0,336,0
129,129,0,28,91,1,0,0,0,0,1,0,下位,0,0,0
89,89,0,292,752,0,0,0,129,91,-110,1,下位,0,0,0
114,114,0,-6,-23,0,0,0,89,752,503,4,下位,0,0,0
172,172,0,29,96,0,1,114,89,752,503,4,下位,0,114,0
149,149,0,-6,-23,0,0,0,286,96,128,1,下位,0,0,0
303,303,0,202,493,0,1,149,286,96,128,1,下位,0,149,0
207,207,0,129,428,0,0,0,452,493,-109,2,下位,0,0,0
131,131,0,60,212,0,0,0,207,428,-5,2,下位,0,0,0
374,374,0,-6,-23,0,0,0,131,212,2,1,下位,0,0,0
268,268,0,-6,-23,0,1,374,131,212,2,1,下位,0,374,0
134,134,0,129,344,0,2,642,131,212,2,1,下位,0,268,0
380,380,0,-6,-23,0,0,0,776,344,-914,2,下位,0,0,0
202,202,0,855,1714,0,1,380,776,344,-914,2,下位,0,380,0
406,406,0,288,626,0,0,0,582,1714,-133,12,下位,0,0,0
538,538,0,-6,-23,0,0,0,406,626,-142,4,下位,0,0,0
364,364,0,115,312,0,1,538,406,626,-142,4,下位,0,538,0
437,437,0,309,686,0,0,0,902,312,-1263,2,下位,0,0,0
155,155,0,202,552,0,0,0,437,686,-1260,4,下位,0,0,0
279,279,0,159,445,0,0,0,155,552,-951,3,下位,0,0,0
606,606,0,55,193,0,0,0,279,445,-941,2,下位,0,0,0
274,274,0,-6,-23,1,0,0,0,0,1,0,下位,0,0,0
435,435,0,46,159,1,1,274,0,0,1,0,下位,0,274,0
163,163,0,209,552,0,0,0,709,159,-972,1,下位,0,0,0
501,501,0,44,157,0,0,0,163,552,-675,3,下位,0,0,0
248,248,0,130,380,0,0,0,501,157,-1301,1,下位,0,0,0
190,190,0,-6,-23,0,0,0,248,380,-1309,2,下位,0,0,0
192,192,0,642,1400,0,1,190,248,380,-1309,2,下位,0,190,0
432,432,0,38,129,0,0,0,382,1400,-530,9,下位,0,0,0
370,370,0,-6,-23,0,0,0,432,129,-1076,1,下位,0,0,0
378,378,0,-6,-23,0,1,370,432,129,-1076,1,下位,0,370,0
154,154,0,-6,-23,0,2,748,432,129,-1076,1,下位,0,378,0
432,432,0,310,888,0,3,902,432,129,-1076,1,下位,0,154,0
323,323,0,-6,-23,0,0,0,1334,888,-2344,4,下位,0,0,0
186,186,0,116,304,0,1,323,1334,888,-2344,4,下位,0,323,0
618,618,0,42,147,0,0,0,509,304,-2860,2,下位,0,0,0
268,268,0,-6,-23,0,0,0,618,147,-3679,1,下位,0,0,0
220,220,0,28,93,0,1,268,618,147,-3679,1,下位,0,268,0
474,474,0,-6,-23,0,0,0,488,93,-4372,1,下位,0,0,0
74,74,0,199,494,0,1,474,488,93,-4372,1,下位,0,474,0
461,461,0,-6,-23,1,0,0,0,0,1,0,下位,0,0,0
443,443,0,36,117,1,1,461,0,0,1,0,下位,0,461,0
434,434,0,-6,-23,0,0,0,904,117,-1319,1,下位,0,0,0
66,66,0,-6,-23,0,1,434,904,117,-1319,1,下位,0,434,0
359,359,0,-6,-23,0,2,500,904,117,-1319,1,下位,0,66,0
130,130,0,180,557,0,3,859,904,117,-1319,1,下位,0,359,0
97,97,0,54,195,0,0,0,989,557,-2379,2,下位,0,0,0
175,175,0,-6,-23,0,0,0,97,195,-2336,1,下位,0,0,0
399,399,0,511,1129,0,1,175,97,195,-2336,1,下位,0,175,0
415,415,0,-6,-23,0,0,0,574,1129,-2129,7,下位,0,0,0
100,100,0,327,780,0,1,415,574,1129,-2129,7,下位,0,415,0
170,170,0,-6,-23,0,0,0,515,780,-2178,5,下位,0,0,0
46,46,0,-6,-23,0,1,170,515,780,-2178,5,下位,0,170,0
510,510,0,38,132,0,2,216,515,780,-2178,5,下位,0,46,0
334,334,0,-6,-23,0,0,0,726,132,-3227,1,下位,0,0,0
59,59,0,468,1062,0,1,334,726,132,-3227,1,下位,0,334,0
347,347,0,766,1633,0,0,0,393,1062,-2804,6,下位,0,0,0
388,388,0,42,140,0,0,0,347,1633,-1715,10,下位,0,0,0
445,445,0,-6,-23,1,0,0,0,0,1,0,下位,0,0,0
174,174,0,-6,-23,1,1,445,0,0,1,0,下位,0,445,0
180,180,0,743,1651,1,2,619,0,0,1,0,下位,0,174,0
290,290,0,38,131,0,0,0,799,1651,356,10,下位,0,0,0
69,69,0,221,610,0,0,0,290,131,33,1,下位,0,0,0
327,327,0,-6,-23,0,0,0,69,610,536,3,下位,0,0,0
533,533,0,607,1420,0,1,327,69,610,536,3,下位,0,327,0
360,360,0,449,1093,1,0,0,0,0,1,0,下位,0,0,0
97,97,0,165,392,0,0,0,360,1093,531,6,下位,0,0,0
97,97,0,32,108,0,0,0,97,392,770,3,下位,0,0,0
99,99,0,-6,-23,0,0,0,97,108,726,1,下位,0,0,0
130,130,0,520,1094,0,1,99,97,108,726,1,下位,0,99,0
190,190,0,-6,-23,0,0,0,229,1094,1438,7,下位,0,0,0
277,277,0,203,522,0,1,190,229,1094,1438,7,下位,0,190,0
283,283,0,-6,-23,0,0,0,467,522,1207,3,下位,0,0,0
219,219,0,-6,-23,0,1,283,467,522,1207,3,下位,0,283,0
149,149,0,51,183,0,2,502,467,522,1207,3,下位,0,219,0
522,522,0,-6,-23,0,0,0,651,183,325,1,下位,0,0,0
190,190,0,323,768,0,1,522,651,183,325,1,下位,0,522,0
393,393,0,382,1064,0,0,0,712,768,-44,5,下位,0,0,0
572,572,0,-6,-23,1,0,0,0,0,1,0,下位,0,0,0
143,143,0,-6,-23,1,1,572,0,0,1,0,下位,0,572,0
532,532,0,164,367,1,2,715,0,0,1,0,下位,0,143,0
393,393,0,-6,-23,0,0,0,1247,367,-1628,3,下位,0,0,0
173,173,0,354,903,0,1,393,1247,367,-1628,3,下位,0,393,0
251,251,0,74,274,0,0,0,566,903,-1634,5,下位,0,0,0
130,130,0,-6,-23,1,0,0,0,0,1,0,下位,0,0,0
489,489,0,61,189,1,1,130,0,0,1,0,下位,0,130,0
84,84,0,240,503,0,0,0,619,189,-802,1,下位,0,0,0
175,175,0,-6,-23,0,0,0,84,503,-431,3,下位,0,0,0
442,442,0,-6,-23,0,1,175,84,503,-431,3,下位,0,175,0
308,308,0,207,513,0,2,617,84,503,-431,3,下位,0,442,0
511,511,0,-6,-23,0,0,0,925,513,-1411,3,下位,0,0,0
109,109,0,-6,-23,0,1,511,925,513,-1411,3,下位,0,511,0
385,385,0,43,140,0,2,620,925,513,-1411,3,下位,0,109,0
149,149,0,-6,-23,0,0,0,1005,140,-2889,1,下位,0,0,0
71,71,0,-6,-23,0,1,149,1005,140,-2889,1,下位,0,149,0
66,66,0,1618,4568,0,2,220,1005,140,-2889,1,下位,0,71,0
160,160,0,145,407,1,0,0,0,0,1,0,下位,0,0,0
368,368,0,26,81,0,0,0,160,407,158,2,下位,0,0,0
352,352,0,-6,-23,0,0,0,368,81,-336,1,下位,0,0,0
155,155,0,59,214,0,1,352,368,81,-336,1,下位,0,352,0
215,215,0,-6,-23,0,0,0,507,214,-938,1,下位,0,0,0
117,117,0,57,202,0,1,215,507,214,-938,1,下位,0,215,0
85,85,0,40,137,0,0,0,332,202,-1278,1,下位,0,0,0
163,163,0,230,452,0,0,0,85,137,-1274,1,下位,0,0,0
413,413,0,62,214,0,0,0,163,452,-1078,3,下位,0,0,0
462,462,0,61,217,0,0,0,413,214,-1510,1,下位,0,0,0
317,317,0,-6,-23,0,0,0,462,217,-2015,1,下位,0,0,0
114,114,0,243,683,0,1,317,462,217,-2015,1,下位,0,317,0
367,367,0,-6,-23,0,0,0,431,683,-2030,4,下位,0,0,0
115,115,0,67,240,0,1,367,431,683,-2030,4,下位,0,367,0
157,157,0,-6,-23,0,0,0,482,240,-2567,1,下位,0,0,0
290,290,0,40,139,0,1,157,482,240,-2567,1,下位,0,157,0
147,147,0,-6,-23,0,0,0,447,139,-3151,1,下位,0,0,0
467,467,0,-6,-23,0,1,147,447,139,-3151,1,下位,0,147,0
497,497,0,84,315,0,2,614,447,139,-3151,1,下位,0,467,0
81,81,0,-6,-23,1,0,0,0,0,1,0,下位,0,0,0
121,121,0,1124,3004,1,1,81,0,0,1,0,下位,0,81,0
490,490,0,78,285,0,0,0,202,3004,315,14,上位,0,0,0
148,148,0,-6,-23,0,0,0,490,285,-166,1,下位,0,0,0
467,467,0,-6,-23,0,1,148,490,285,-166,1,下位,0,148,0
410,410,0,140,369,0,2,615,490,285,-166,1,下位,0,467,0
215,215,0,58,203,0,0,0,1025,369,-1446,2,下位,0,0,0
410,410,0,-6,-23,1,0,0,0,0,1,0,下位,0,0,0
276,276,0,-6,-23,1,1,410,0,0,1,0,下位,0,410,0
145,145,0,51,184,1,2,686,0,0,1,0,下位,0,276,0
209,209,0,441,1014,0,0,0,831,184,-1161,1,下位,0,0,0
180,180,0,120,310,0,0,0,209,1014,-474,6,下位,0,0,0
184,184,0,35,102,0,0,0,180,310,-446,2,下位,0,0,0
337,337,0,98,262,0,0,0,184,102,-632,1,下位,0,0,0
383,383,0,423,883,0,0,0,337,262,-897,2,下位,0,0,0
204,204,0,-6,-23,0,0,0,383,883,-613,6,下位,0,0,0
522,522,0,171,405,0,1,204,383,883,-613,6,下位,0,204,0
287,287,0,161,490,0,0,0,726,405,-1366,3,下位,0,0,0
204,204,0,125,362,0,0,0,287,490,-1326,2,下位,0,0,0
175,175,0,98,261,0,0,0,204,362,-1283,2,下位,0,0,0
530,530,0,450,1037,0,0,0,175,261,-1296,2,下位,0,0,0
67,67,0,178,448,0,0,0,530,1037,-1088,6,下位,0,0,0
369,369,0,-6,-23,0,0,0,67,448,-745,3,下位,0,0,0
233,233,0,-6,-23,0,1,369,67,448,-745,3,下位,0,369,0
88,88,0,38,123,0,2,602,67,448,-745,3,下位,0,233,0
354,354,0,1837,5216,1,0,0,0,0,1,0,下位,0,0,0
561,561,0,-6,-23,0,0,0,354,5216,-2,21,上位,0,0,0
391,391,0,-6,-23,0,1,561,354,5216,-2,21,上位,0,561,0
599,599,0,44,154,0,2,952,354,5216,-2,21,上位,0,391,0
83,83,0,-6,-23,0,0,0,1551,154,-2318,1,下位,0,0,0
57,57,0,-6,-23,0,1,83,1551,154,-2318,1,下位,0,83,0
105,105,0,63,192,0,2,140,1551,154,-2318,1,下位,0,57,0
76,76,0,-6,-23,0,0,0,245,192,-2557,1,下位,0,0,0
384,384,0,2536,6903,0,1,76,245,192,-2557,1,下位,0,76,0
302,302,0,-6,-23,0,0,0,460,6903,378,29,上位,0,0,0
461,461,0,54,195,0,1,302,460,6903,378,29,上位,0,302,0
130,130,0,40,140,1,0,0,0,0,1,0,下位,0,0,0
133,133,0,56,204,0,0,0,130,140,-63,1,下位,0,0,0
103,103,0,-6,-23,0,0,0,133,204,-67,1,下位,0,0,0
405,405,0,-6,-23,0,1,103,133,204,-67,1,下位,0,103,0
272,272,0,-6,-23,0,2,508,133,204,-67,1,下位,0,405,0
77,77,0,84,307,0,3,780,133,204,-67,1,下位,0,272,0
626,626,0,90,331,0,0,0,857,307,-1169,1,下位,0,0,0
493,493,0,164,512,0,0,0,626,331,-1817,1,下位,0,0,0
61,61,0,156,520,0,0,0,493,512,-2076,2,下位,0,0,0
242,242,0,-6,-23,0,0,0,61,520,-1651,2,下位,0,0,0
472,472,0,-6,-23,0,1,242,61,520,-1651,2,下位,0,242,0
310,310,0,-6,-23,0,2,714,61,520,-1651,2,下位,0,472,0
406,406,0,207,512,0,3,1024,61,520,-1651,2,下位,0,310,0
371,371,0,-6,-23,0,0,0,1430,512,-3444,3,下位,0,0,0
110,110,0,30,84,0,1,371,1430,512,-3444,3,下位,0,371,0
251,251,0,551,1156,0,0,0,481,84,-4135,1,下位,0,0,0
135,135,0,43,140,0,0,0,251,1156,-3372,8,下位,0,0,0
522,522,0,140,391,0,0,0,135,140,-3443,1,下位,0,0,0
461,461,0,200,580,1,0,0,0,0,1,0,下位,0,0,0
167,167,0,65,206,0,0,0,461,580,-140,3,下位,0,0,0
150,150,0,-6,-23,0,0,0,167,206,-195,1,下位,0,0,0
227,227,0,94,236,0,1,150,167,206,-195,1,下位,0,150,0
186,186,0,-6,-23,0,0,0,377,236,-572,2,下位,0,0,0
251,251,0,-6,-23,0,1,186,377,236,-572,2,下位,0,186,0
126,126,0,-6,-23,0,2,437,377,236,-572,2,下位,0,251,0
162,162,0,57,206,0,3,563,377,236,-572,2,下位,0,126,0
99,99,0,341,748,0,0,0,725,206,-1570,1,下位,0,0,0
401,401,0,-6,-23,0,0,0,99,748,-978,4,下位,0,0,0
90,90,0,62,219,0,1,401,99,748,-978,4,下位,0,401,0
295,295,0,104,300,0,0,0,491,219,-1550,1,下位,0,0,0
343,343,0,-6,-23,0,0,0,295,300,-1711,2,下位,0,0,0
122,122,0,-6,-23,0,1,343,295,300,-1711,2,下位,0,343,0
156,156,0,134,184,0,2,465,295,300,-1711,2,下位,0,122,0
335,335,0,117,336,0,0,0,621,184,-2544,2,下位,0,0,0
669,669,0,-6,-23,0,0,0,335,336,-2732,2,下位,0,0,0
234,234,0,148,440,0,1,669,335,336,-2732,2,下位,0,669,0
258,258,0,-6,-23,1,0,0,0,0,1,0,下位,0,0,0
133,133,0,114,296,1,1,258,0,0,1,0,下位,0,258,0
401,401,0,-6,-23,0,0,0,391,296,-338,2,下位,0,0,0
194,194,0,37,120,0,1,401,391,296,-338,2,下位,0,401,0
439,439,0,-6,-23,0,0,0,595,120,-1172,1,下位,0,0,0
82,82,0,-6,-23,0,1,439,595,120,-1172,1,下位,0,439,0
367,367,0,1142,2788,0,2,521,595,120,-1172,1,下位,0,82,0
370,370,0,1621,4385,0,0,0,888,2788,181,15,下位,0,0,0
517,517,0,229,583,0,0,0,370,4385,363,19,上位,0,0,0
173,173,0,282,708,1,0,0,0,0,1,0,下位,0,0,0
558,558,0,-6,-23,0,0,0,173,708,438,4,下位,0,0,0
195,195,0,410,942,0,1,558,173,708,438,4,下位,0,558,0
131,131,0,45,158,0,0,0,753,942,180,6,下位,0,0,0
117,117,0,-6,-23,0,0,0,131,158,133,1,下位,0,0,0
58,58,0,190,539,0,1,117,131,158,133,1,下位,0,117,0
271,271,0,37,128,0,0,0,175,539,375,3,下位,0,0,0
64,64,0,-6,-23,0,0,0,271,128,79,1,下位,0,0,0
187,187,0,-6,-23,0,1,64,271,128,79,1,下位,0,64,0
74,74,0,193,522,0,2,251,271,128,79,1,下位,0,187,0
421,421,0,-6,-23,0,0,0,325,522,46,3,下位,0,0,0
132,132,0,-6,-23,0,1,421,325,522,46,3,下位,0,421,0
60,60,0,-6,-23,0,2,553,325,522,46,3,下位,0,132,0
71,71,0,78,275,0,3,613,325,522,46,3,下位,0,60,0
447,447,0,-6,-23,0,0,0,684,275,-818,1,下位,0,0,0
529,529,0,105,225,0,1,447,684,275,-818,1,下位,0,447,0
154,154,0,-6,-23,0,0,0,976,225,-2142,2,下位,0,0,0
57,57,0,-6,-23,0,1,154,976,225,-2142,2,下位,0,154,0
192,192,0,517,922,0,2,211,976,225,-2142,2,下位,0,57,0
377,377,0,-6,-23,1,0,0,0,0,1,0,下位,0,0,0
529,529,0,-6,-23,1,1,377,0,0,1,0,下位,0,377,0
259,259,0,-6,-23,1,2,906,0,0,1,0,下位,0,529,0
286,286,0,682,1502,1,3,1165,0,0,1,0,下位,0,259,0
144,144,0,-6,-23,0,0,0,1451,1502,-836,10,下位,0,0,0
343,343,0,-6,-23,0,1,144,1451,1502,-836,10,下位,0,144,0
305,305,0,-6,-23,0,2,487,1451,1502,-836,10,下位,0,343,0
449,449,0,99,238,0,3,792,1451,1502,-836,10,下位,0,305,0
79,79,0,-6,-23,0,0,0,1241,238,-2607,2,下位,0,0,0
538,538,0,-6,-23,0,1,79,1241,238,-2607,2,下位,0,79,0
471,471,0,228,630,0,2,617,1241,238,-2607,2,下位,0,538,0
412,412,0,-6,-23,0,0,0,1088,630,-3724,3,下位,0,0,0
40,40,0,214,476,0,1,412,1088,630,-3724,3,下位,0,412,0
245,245,0,112,262,1,0,0,0,0,1,0,下位,0,0,0
310,310,0,48,153,0,0,0,245,262,-120,2,下位,0,0,0
243,243,0,248,580,0,0,0,310,153,-452,1,下位,0,0,0
309,309,0,-6,-23,0,0,0,243,580,-252,4,下位,0,0,0
165,165,0,162,441,0,1,309,243,580,-252,4,下位,0,309,0
299,299,0,115,278,0,0,0,474,441,-575,2,下位,0,0,0
395,395,0,-6,-23,0,0,0,299,278,-765,2,下位,0,0,0
156,156,0,21,64,0,1,395,299,278,-765,2,下位,0,395,0
308,308,0,61,217,0,0,0,551,64,-1586,1,下位,0,0,0
148,148,0,710,1530,1,0,0,0,0,1,0,下位,0,0,0
594,594,0,-6,-23,0,0,0,148,1530,1300,10,下位,0,0,0
386,386,0,199,483,0,1,594,148,1530,1300,10,下位,0,594,0
590,590,0,211,569,0,0,0,980,483,227,3,下位,0,0,0
387,387,0,58,212,0,0,0,590,569,-127,3,下位,0,0,0
224,224,0,74,273,0,0,0,387,212,-520,1,下位,0,0,0
388,388,0,-6,-23,0,0,0,224,273,-597,1,下位,0,0,0
336,336,0,38,131,0,1,388,224,273,-597,1,下位,0,388,0
606,606,0,505,990,0,0,0,724,131,-1621,1,下位,0,0,0
271,271,0,102,278,0,0,0,606,990,-1578,6,下位,0,0,0
522,522,0,366,926,1,0,0,0,0,1,0,下位,0,0,0
147,147,0,-6,-23,0,0,0,522,926,111,5,下位,0,0,0
312,312,0,-6,-23,0,1,147,522,926,111,5,下位,0,147,0
171,171,0,274,617,0,2,459,522,926,111,5,下位,0,312,0
62,62,0,51,182,0,0,0,630,617,-304,3,下位,0,0,0
346,346,0,248,557,0,0,0,62,182,-219,1,下位,0,0,0
154,154,0,112,361,0,0,0,346,557,-203,4,下位,0,0,0
318,318,0,925,2148,1,0,0,0,0,1,0,下位,0,0,0
288,288,0,-6,-23,0,0,0,318,2148,1652,12,下位,0,0,0
256,256,0,-6,-23,0,1,288,318,2148,1652,12,下位,0,288,0
43,43,0,-6,-23,0,2,544,318,2148,1652,12,下位,0,256,0
536,536,0,61,217,0,3,587,318,2148,1652,12,下位,0,43,0
257,257,0,-6,-23,0,0,0,1123,217,44,1,下位,0,0,0
517,517,0,52,194,0,1,257,1123,217,44,1,下位,0,257,0
441,441,0,-6,-23,1,0,0,0,0,1,0,下位,0,0,0
599,599,0,-6,-23,1,1,441,0,0,1,0,下位,0,441,0
71,71,0,1847,4750,1,2,1040,0,0,1,0,下位,0,599,0
463,463,0,-6,-23,1,0,0,0,0,1,0,下位,0,0,0
160,160,0,106,313,1,1,463,0,0,1,0,下位,0,463,0
381,381,0,-6,-23,0,0,0,623,313,-683,2,下位,0,0,0
465,465,0,30,104,0,1,381,623,313,-683,2,下位,0,381,0
415,415,0,199,495,1,0,0,0,0,1,0,下位,0,0,0
479,479,0,130,387,0,0,0,415,495,-153,3,下位,0,0,0
92,92,0,1282,2931,0,0,0,479,387,-515,2,下位,0,0,0
229,229,0,214,618,0,0,0,92,2931,-2,18,上位,0,0,0
561,561,0,-6,-23,1,0,0,0,0,1,0,下位,0,0,0
290,290,0,137,426,1,1,561,0,0,1,0,下位,0,561,0
446,446,0,520,1225,0,0,0,851,426,-927,2,下位,0,0,0
326,326,0,228,682,0,0,0,446,1225,-399,7,下位,0,0,0
598,598,0,410,790,0,0,0,326,682,-227,3,下位,0,0,0
483,483,0,186,422,0,0,0,598,790,-372,6,下位,0,0,0
188,188,0,-6,-23,0,0,0,483,422,-705,3,下位,0,0,0
200,200,0,204,398,0,1,188,483,422,-705,3,下位,0,188,0
121,121,0,41,137,0,0,0,388,398,-937,3,下位,0,0,0
388,388,0,-6,-23,1,0,0,0,0,1,0,下位,0,0,0
201,201,0,261,564,1,1,388,0,0,1,0,下位,0,388,0
380,380,0,58,202,0,0,0,589,564,-379,4,下位,0,0,0
374,374,0,56,197,0,0,0,380,202,-771,1,下位,0,0,0
202,202,0,44,149,0,0,0,374,197,-1159,1,下位,0,0,0
126,126,0,460,1000,0,0,0,202,149,-1326,1,下位,0,0,0
289,289,0,-6,-23,0,0,0,126,1000,-524,6,下位,0,0,0
175,175,0,44,143,0,1,289,126,1000,-524,6,下位,0,289,0
432,432,0,-6,-23,0,0,0,464,143,-1130,1,下位,0,0,0
66,66,0,62,219,0,1,432,464,143,-1130,1,下位,0,432,0
375,375,0,-6,-23,0,0,0,498,219,-1713,1,下位,0,0,0
151,151,0,-6,-23,0,1,375,498,219,-1713,1,下位,0,375,0
230,230,0,-6,-23,0,2,526,498,219,-1713,1,下位,0,151,0
136,136,0,55,200,0,3,756,498,219,-1713,1,下位,0,230,0
224,224,0,42,136,1,0,0,0,0,1,0,下位,0,0,0
711,711,0,-6,-23,0,0,0,224,136,-213,1,下位,0,0,0
48,48,0,-6,-23,0,1,711,224,136,-213,1,下位,0,711,0
115,115,0,220,558,0,2,759,224,136,-213,1,下位,0,48,0
89,89,0,173,426,0,0,0,874,558,-1068,3,下位,0,0,0
438,438,0,63,226,0,0,0,89,426,-781,3,下位,0,0,0
506,506,0,1708,4311,0,0,0,438,226,-1240,1,下位,0,0,0
524,524,0,-6,-23,0,0,0,506,4311,-2,21,上位,0,0,0
357,357,0,154,447,0,1,524,506,4311,-2,21,上位,0,524,0
183,183,0,-6,-23,0,0,0,881,447,-955,2,下位,0,0,0
56,56,0,214,542,0,1,183,881,447,-955,2,下位,0,183,0
140,140,0,400,988,1,0,0,0,0,1,0,下位,0,0,0
230,230,0,432,964,0,0,0,140,988,770,5,下位,0,0,0
640,640,0,53,186,0,0,0,230,964,1374,6,下位,0,0,0
300,300,0,245,449,0,0,0,640,186,560,1,下位,0,0,0
97,97,0,-6,-23,0,0,0,300,449,540,4,下位,0,0,0
464,464,0,78,291,0,1,97,300,449,540,4,下位,0,97,0
200,200,0,128,353,0,0,0,561,291,-69,1,下位,0,0,0
206,206,0,-6,-23,0,0,0,200,353,-29,2,下位,0,0,0
105,105,0,280,722,0,1,206,200,353,-29,2,下位,0,206,0
318,318,0,-6,-23,1,0,0,0,0,1,0,下位,0,0,0
219,219,0,-6,-23,1,1,318,0,0,1,0,下位,0,318,0
46,46,0,-6,-23,1,2,537,0,0,1,0,下位,0,219,0
56,56,0,764,1792,1,3,583,0,0,1,0,下位,0,46,0
434,434,0,-6,-23,0,0,0,639,1792,724,10,下位,0,0,0
237,237,0,289,702,0,1,434,639,1792,724,10,下位,0,434,0
231,231,0,-6,-23,0,0,0,671,702,353,3,下位,0,0,0
93,93,0,-6,-23,0,1,231,671,702,353,3,下位,0,231,0
414,414,0,195,476,0,2,324,671,702,353,3,下位,0,93,0
375,375,0,-6,-23,0,0,0,738,476,-371,3,下位,0,0,0
110,110,0,-6,-23,0,1,375,738,476,-371,3,下位,0,375,0
87,87,0,377,977,0,2,485,738,476,-371,3,下位,0,110,0
65,65,0,53,213,0,0,0,572,977,-334,6,下位,0,0,0
138,138,0,54,193,0,0,0,65,213,-223,1,下位,0,0,0
272,272,0,714,1612,0,0,0,138,193,-246,1,下位,0,0,0
350,350,0,-6,-23,1,0,0,0,0,1,0,下位,0,0,0
241,241,0,43,151,1,1,350,0,0,1,0,下位,0,350,0
377,377,0,-6,-23,0,0,0,591,151,-795,1,下位,0,0,0
157,157,0,51,183,0,1,377,591,151,-795,1,下位,0,377,0
124,124,0,-6,-23,1,0,0,0,0,1,0,下位,0,0,0
473,473,0,274,748,1,1,124,0,0,1,0,下位,0,124,0
448,448,0,-6,-23,0,0,0,597,748,-207,4,下位,0,0,0
481,481,0,358,670,0,1,448,597,748,-207,4,下位,0,448,0
73,73,0,254,582,0,0,0,929,670,-1012,5,下位,0,0,0
186,186,0,41,125,1,0,0,0,0,1,0,下位,0,0,0
134,134,0,-6,-23,0,0,0,186,125,-165,1,下位,0,0,0
220,220,0,-6,-23,0,1,134,186,125,-165,1,下位,0,134,0
124,124,0,61,213,0,2,354,186,125,-165,1,下位,0,220,0
284,284,0,-6,-23,1,0,0,0,0,1,0,下位,0,0,0
538,538,0,241,575,1,1,284,0,0,1,0,下位,0,284,0
447,447,0,114,320,0,0,0,822,575,-732,4,下位,0,0,0
220,220,0,-6,-23,0,0,0,447,320,-1111,2,下位,0,0,0
170,170,0,238,566,0,1,220,447,320,-1111,2,下位,0,220,0
305,305,0,-6,-23,0,0,0,390,566,-1178,4,下位,0,0,0
61,61,0,124,317,0,1,305,390,566,-1178,4,下位,0,305,0
390,390,0,401,981,1,0,0,0,0,1,0,下位,0,0,0
345,345,0,121,357,0,0,0,390,981,372,5,下位,0,0,0
245,245,0,-6,-23,0,0,0,345,357,190,2,下位,0,0,0
486,486,0,-6,-23,0,1,245,345,357,190,2,下位,0,245,0
186,186,0,-6,-23,0,2,731,345,357,190,2,下位,0,486,0
613,613,0,98,371,0,3,917,345,357,190,2,下位,0,186,0
114,114,0,180,460,1,0,0,0,0,1,0,下位,0,0,0
150,150,0,-6,-23,0,0,0,114,460,282,3,下位,0,0,0
454,454,0,-6,-23,0,1,150,114,460,282,3,下位,0,150,0
265,265,0,61,222,0,2,604,114,460,282,3,下位,0,454,0
113,113,0,33,112,0,0,0,869,222,-901,1,下位,0,0,0
175,175,0,-6,-23,0,0,0,113,112,-966,1,下位,0,0,0
425,425,0,-6,-23,0,1,175,113,112,-966,1,下位,0,175,0
136,136,0,250,669,0,2,600,113,112,-966,1,下位,0,425,0
349,349,0,178,338,0,0,0,736,669,-1495,4,下位,0,0,0
451,451,0,-6,-23,0,0,0,349,338,-1703,3,下位,0,0,0
283,283,0,52,189,0,1,451,349,338,-1703,3,下位,0,451,0
109,109,0,221,551,1,0,0,0,0,1,0,下位,0,0,0
114,114,0,-6,-23,0,0,0,109,551,381,4,下位,0,0,0
340,340,0,90,338,0,1,114,109,551,381,4,下位,0,114,0
232,232,0,-6,-23,0,0,0,454,338,-15,1,下位,0,0,0
254,254,0,-6,-23,0,1,232,454,338,-15,1,下位,0,232,0
314,314,0,108,303,0,2,486,454,338,-15,1,下位,0,254,0
351,351,0,-6,-23,0,0,0,800,303,-1009,2,下位,0,0,0
40,40,0,80,291,0,1,351,800,303,-1009,2,下位,0,351,0
241,241,0,53,191,1,0,0,0,0,1,0,下位,0,0,0
85,85,0,-6,-23,1,0,0,0,0,1,0,下位,0,0,0
209,209,0,-6,-23,1,1,85,0,0,1,0,下位,0,85,0
358,358,0,1096,2446,1,2,294,0,0,1,0,下位,0,209,0
258,258,0,43,151,0,0,0,652,2446,1381,15,下位,0,0,0
436,436,0,69,254,0,0,0,258,151,1128,1,下位,0,0,0
525,525,0,342,792,1,0,0,0,0,1,0,下位,0,0,0
335,335,0,-6,-23,0,0,0,525,792,-28,4,下位,0,0,0
324,324,0,-6,-23,0,1,335,525,792,-28,4,下位,0,335,0
368,368,0,468,1071,0,2,659,525,792,-28,4,下位,0,324,0
74,74,0,1706,4871,0,0,0,1027,1071,-609,6,下位,0,0,0
132,132,0,62,227,0,0,0,74,4871,364,17,上位,0,0,0
456,456,0,247,466,0,0,0,132,227,384,1,下位,0,0,0
99,99,0,-6,-23,1,0,0,0,0,1,0,下位,0,0,0
310,310,0,162,352,1,1,99,0,0,1,0,下位,0,99,0
297,297,0,-6,-23,0,0,0,409,352,-310,3,下位,0,0,0
76,76,0,146,415,0,1,297,409,352,-310,3,下位,0,297,0
83,83,0,102,241,0,0,0,373,415,-502,2,下位,0,0,0
443,443,0,138,403,0,0,0,83,241,-391,2,下位,0,0,0
354,354,0,36,115,1,0,0,0,0,1,0,下位,0,0,0
398,398,0,-6,-23,0,0,0,354,115,-438,1,下位,0,0,0
88,88,0,-6,-23,0,1,398,354,115,-438,1,下位,0,398,0
120,120,0,36,125,0,2,486,354,115,-438,1,下位,0,88,0
66,66,0,259,719,0,0,0,606,125,-1307,1,下位,0,0,0
466,466,0,41,143,0,0,0,66,719,-692,3,下位,0,0,0
311,311,0,-6,-23,0,0,0,466,143,-1278,1,下位,0,0,0
76,76,0,-6,-23,0,1,311,466,143,-1278,1,下位,0,311,0
142,142,0,227,550,0,2,387,466,143,-1278,1,下位,0,76,0
413,413,0,156,456,0,0,0,529,550,-1601,4,下位,0,0,0
431,431,0,494,1162,1,0,0,0,0,1,0,下位,0,0,0
273,273,0,56,204,0,0,0,431,1162,489,7,下位,0,0,0
344,344,0,-6,-23,0,0,0,273,204,266,1,下位,0,0,0
318,318,0,331,755,0,1,344,273,204,266,1,下位,0,344,0
334,334,0,-6,-23,0,0,0,662,755,-37,5,下位,0,0,0
206,206,0,74,274,0,1,334,662,755,-37,5,下位,0,334,0
240,240,0,123,343,0,0,0,540,274,-630,1,下位,0,0,0
64,64,0,-6,-23,0,0,0,240,343,-662,2,下位,0,0,0
212,212,0,746,1755,0,1,64,240,343,-662,2,下位,0,64,0
173,173,0,-6,-23,0,0,0,276,1755,639,10,下位,0,0,0
406,406,0,122,317,0,1,173,276,1755,639,10,下位,0,173,0
182,182,0,206,524,1,0,0,0,0,1,0,下位,0,0,0
159,159,0,2037,5214,0,0,0,182,524,240,3,下位,0,0,0
604,604,0,772,1675,0,0,0,159,5214,212,26,上位,0,0,0
70,70,0,501,1254,0,0,0,604,1675,943,11,下位,0,0,0
194,194,0,-6,-23,0,0,0,70,1254,-2,8,上位,0,0,0
536,536,0,210,584,0,1,194,70,1254,-2,8,上位,0,194,0
274,274,0,-6,-23,0,0,0,730,584,-583,3,下位,0,0,0
49,49,0,-6,-23,0,1,274,730,584,-583,3,下位,0,274,0
382,382,0,-6,-23,0,2,323,730,584,-583,3,下位,0,49,0
353,353,0,267,796,0,3,705,730,584,-583,3,下位,0,382,0
489,489,0,-6,-23,0,0,0,1058,796,-1512,3,下位,0,0,0
104,104,0,-6,-23,0,1,489,1058,796,-1512,3,下位,0,489,0
95,95,0,56,196,0,2,593,1058,796,-1512,3,下位,0,104,0
75,75,0,-6,-23,0,0,0,688,196,-2439,1,下位,0,0,0
178,178,0,-6,-23,0,1,75,688,196,-2439,1,下位,0,75,0
115,115,0,80,278,0,2,253,688,196,-2439,1,下位,0,178,0
329,329,0,134,405,0,0,0,368,278,-2784,1,下位,0,0,0
105,105,0,-6,-23,1,0,0,0,0,1,0,下位,0,0,0
402,402,0,-6,-23,1,1,105,0,0,1,0,下位,0,105,0
556,556,0,-6,-23,1,2,507,0,0,1,0,下位,0,402,0
605,605,0,32,106,1,3,1063,0,0,1,0,下位,0,556,0
301,301,0,119,317,0,0,0,1668,106,-2570,1,下位,0,0,0
198,198,0,-6,-23,0,0,0,301,317,-2724,2,下位,0,0,0
72,72,0,59,214,0,1,198,301,317,-2724,2,下位,0,198,0
339,339,0,62,225,0,0,0,270,214,-2956,1,下位,0,0,0
80,80,0,57,207,0,0,0,339,225,-3261,1,下位,0,0,0
438,438,0,79,296,1,0,0,0,0,1,0,下位,0,0,0
145,145,0,-6,-23,0,0,0,438,296,-388,1,下位,0,0,0
575,575,0,55,199,0,1,145,438,296,-388,1,下位,0,145,0
272,272,0,-6,-23,0,0,0,720,199,-1338,1,下位,0,0,0
102,102,0,171,443,0,1,272,720,199,-1338,1,下位,0,272,0
164,164,0,-6,-23,0,0,0,374,443,-1503,3,下位,0,0,0
435,435,0,2114,5559,0,1,164,374,443,-1503,3,下位,0,164,0
417,417,0,272,713,0,0,0,599,5559,358,24,上位,0,0,0
72,72,0,-6,-23,1,0,0,0,0,1,0,下位,0,0,0
328,328,0,-6,-23,1,1,72,0,0,1,0,下位,0,72,0
127,127,0,612,1468,1,2,400,0,0,1,0,下位,0,328,0
276,276,0,226,490,0,0,0,527,1468,598,7,下位,0,0,0
117,117,0,-6,-23,0,0,0,276,490,656,3,下位,0,0,0
442,442,0,818,1862,0,1,117,276,490,656,3,下位,0,117,0
350,350,0,-6,-23,0,0,0,559,1862,1621,11,下位,0,0,0
44,44,0,-6,-23,0,1,350,559,1862,1621,11,下位,0,350,0
107,107,0,56,198,0,2,394,559,1862,1621,11,下位,0,44,0
345,345,0,97,216,0,0,0,501,198,989,1,下位,0,0,0
220,220,0,-6,-23,0,0,0,345,216,665,2,下位,0,0,0
483,483,0,-6,-23,0,1,220,345,216,665,2,下位,0,220,0
316,316,0,183,388,0,2,703,345,216,665,2,下位,0,483,0
71,71,0,80,318,0,0,0,1019,388,-586,3,下位,0,0,0
361,361,0,65,233,0,0,0,71,318,-379,1,下位,0,0,0
101,101,0,163,474,0,0,0,361,233,-710,1,下位,0,0,0
248,248,0,-6,-23,0,0,0,101,474,-394,2,下位,0,0,0
241,241,0,366,918,0,1,248,101,474,-394,2,下位,0,248,0
384,384,0,333,553,1,0,0,0,0,1,0,下位,0,0,0
304,304,0,123,320,0,0,0,384,553,-45,5,下位,0,0,0
383,383,0,34,79,0,0,0,304,320,-200,2,下位,0,0,0
370,370,0,54,176,0,0,0,383,79,-720,1,下位,0,0,0
97,97,0,111,278,0,0,0,370,176,-1123,1,下位,0,0,0
498,498,0,150,444,0,0,0,97,278,-998,2,下位,0,0,0
151,151,0,-6,-23,0,0,0,498,444,-1334,2,下位,0,0,0
191,191,0,121,323,0,1,151,498,444,-1334,2,下位,0,151,0
446,446,0,43,139,0,0,0,342,323,-1569,2,下位,0,0,0
104,104,0,381,967,0,0,0,446,139,-2127,1,下位,0,0,0
202,202,0,-6,-23,0,0,0,104,967,-1323,5,下位,0,0,0
145,145,0,297,704,0,1,202,104,967,-1323,5,下位,0,202,0
320,320,0,28,84,0,0,0,347,704,-1185,4,下位,0,0,0
710,710,0,-6,-23,1,0,0,0,0,1,0,下位,0,0,0
130,130,0,-6,-23,1,1,710,0,0,1,0,下位,0,710,0
164,164,0,-6,-23,1,2,840,0,0,1,0,下位,0,130,0
152,152,0,178,447,1,3,1004,0,0,1,0,下位,0,164,0
480,480,0,219,574,0,0,0,1156,447,-1430,3,下位,0,0,0
358,358,0,-6,-23,0,0,0,480,574,-1606,3,下位,0,0,0
546,546,0,-6,-23,0,1,358,480,574,-1606,3,下位,0,358,0
478,478,0,381,947,0,2,904,480,574,-1606,3,下位,0,546,0
256,256,0,39,136,0,0,0,1382,947,-2866,5,下位,0,0,0
350,350,0,-6,-23,0,0,0,256,136,-3130,1,下位,0,0,0
106,106,0,74,277,0,1,350,256,136,-3130,1,下位,0,350,0
436,436,0,-6,-23,0,0,0,456,277,-3589,1,下位,0,0,0
299,299,0,-6,-23,0,1,436,456,277,-3589,1,下位,0,436,0
235,235,0,-6,-23,0,2,735,456,277,-3589,1,下位,0,299,0
62,62,0,36,125,0,3,970,456,277,-3589,1,下位,0,235,0
524,524,0,82,306,0,0,0,1032,125,-5148,1,下位,0,0,0
277,277,0,-6,-23,1,0,0,0,0,1,0,下位,0,0,0
366,366,0,213,466,1,1,277,0,0,1,0,下位,0,277,0
340,340,0,69,220,0,0,0,643,466,-561,3,下位,0,0,0
559,559,0,153,444,0,0,0,340,220,-873,1,下位,0,0,0
364,364,0,29,78,0,0,0,559,444,-1303,2,下位,0,0,0
68,68,0,-6,-23,0,0,0,364,78,-1794,1,下位,0,0,0
153,153,0,203,468,0,1,68,364,78,-1794,1,下位,0,68,0
302,302,0,-6,-23,0,0,0,221,468,-1695,3,下位,0,0,0
256,256,0,-6,-23,0,1,302,221,468,-1695,3,下位,0,302,0
74,74,0,152,477,0,2,558,221,468,-1695,3,下位,0,256,0
663,663,0,39,134,0,0,0,632,477,-2252,2,下位,0,0,0
164,164,0,484,1015,0,0,0,663,134,-3154,1,下位,0,0,0
171,171,0,45,158,0,0,0,164,1015,-2396,6,下位,0,0,0
470,470,0,-6,-23,0,0,0,171,158,-2506,1,下位,0,0,0
191,191,0,-6,-23,0,1,470,171,158,-2506,1,下位,0,470,0
81,81,0,-6,-23,0,2,661,171,158,-2506,1,下位,0,191,0
365,365,0,296,650,0,3,742,171,158,-2506,1,下位,0,81,0
70,70,0,60,207,0,0,0,1107,650,-3656,4,下位,0,0,0
465,465,0,36,115,1,0,0,0,0,1,0,下位,0,0,0
147,147,0,107,279,0,0,0,465,115,-611,1,下位,0,0,0
126,126,0,-6,-23,0,0,0,147,279,-562,2,下位,0,0,0
207,207,0,-6,-23,0,1,126,147,279,-562,2,下位,0,126,0
237,237,0,222,471,0,2,333,147,279,-562,2,下位,0,207,0
101,101,0,-6,-23,0,0,0,570,471,-1029,3,下位,0,0,0
165,165,0,-6,-23,0,1,101,570,471,-1029,3,下位,0,101,0
570,570,0,-6,-23,0,2,266,570,471,-1029,3,下位,0,165,0
445,445,0,745,1642,0,3,836,570,471,-1029,3,下位,0,570,0
495,495,0,75,278,1,0,0,0,0,1,0,下位,0,0,0
331,331,0,-6,-23,0,0,0,495,278,-495,1,下位,0,0,0
553,553,0,-6,-23,0,1,331,495,278,-495,1,下位,0,331,0
435,435,0,33,112,0,2,884,495,278,-495,1,下位,0,553,0
324,324,0,-6,-23,0,0,0,1319,112,-2492,1,下位,0,0,0
84,84,0,-6,-23,0,1,324,1319,112,-2492,1,下位,0,324,0
289,289,0,-6,-23,0,2,408,1319,112,-2492,1,下位,0,84,0
461,461,0,128,341,0,3,697,1319,112,-2492,1,下位,0,289,0
186,186,0,56,193,1,0,0,0,0,1,0,下位,0,0,0
422,422,0,296,800,0,0,0,186,193,-97,1,下位,0,0,0
85,85,0,-6,-23,0,0,0,422,800,44,4,下位,0,0,0
620,620,0,124,346,0,1,85,422,800,44,4,下位,0,85,0
131,131,0,-6,-23,0,0,0,705,346,-735,2,下位,0,0,0
91,91,0,1218,3128,0,1,131,705,346,-735,2,下位,0,131,0
502,502,0,2704,7911,0,0,0,222,3128,2022,13,下位,0,0,0
370,370,0,35,119,0,0,0,502,7911,287,31,上位,0,0,0
372,372,0,-6,-23,0,0,0,370,119,-173,1,下位,0,0,0
151,151,0,262,619,0,1,372,370,119,-173,1,下位,0,372,0
96,96,0,39,129,1,0,0,0,0,1,0,下位,0,0,0
468,468,0,-6,-23,0,0,0,96,129,-20,1,下位,0,0,0
139,139,0,781,1764,0,1,468,96,129,-20,1,下位,0,468,0
153,153,0,-6,-23,0,0,0,607,1764,772,11,下位,0,0,0
74,74,0,-6,-23,0,1,153,607,1764,772,11,下位,0,153,0
272,272,0,428,946,0,2,227,607,1764,772,11,下位,0,74,0
275,275,0,144,289,0,0,0,499,946,892,5,下位,0,0,0
211,211,0,969,1923,0,0,0,275,289,751,3,下位,0,0,0
1,1,0,558,1843,0,0,0,211,1923,2345,15,下位,0,0,0
279,279,0,52,183,1,0,0,0,0,1,0,下位,0,0,0
115,115,0,-6,-23,0,0,0,279,183,-252,1,下位,0,0,0
73,73,0,82,198,0,1,115,279,183,-252,1,下位,0,115,0
132,132,0,-6,-23,0,0,0,188,198,-371,2,下位,0,0,0
352,352,0,1250,2933,0,1,132,188,198,-371,2,下位,0,132,0
509,509,0,44,155,0,0,0,484,2933,1783,18,下位,0,0,0
89,89,0,256,687,0,0,0,509,155,1142,1,下位,0,0,0
275,275,0,248,496,0,0,0,89,687,1690,4,下位,0,0,0
69,69,0,97,225,0,0,0,275,496,1756,4,下位,0,0,0
172,172,0,96,236,1,0,0,0,0,1,0,下位,0,0,0
86,86,0,-6,-23,0,0,0,172,236,-32,2,下位,0,0,0
136,136,0,-6,-23,0,1,86,172,236,-32,2,下位,0,86,0
271,271,0,51,188,0,2,222,172,236,-32,2,下位,0,136,0
414,414,0,218,525,0,0,0,493,188,-662,1,下位,0,0,0
464,464,0,-6,-23,0,0,0,414,525,-784,4,下位,0,0,0
247,247,0,-6,-23,0,1,464,414,525,-784,4,下位,0,464,0
439,439,0,3047,9042,0,2,711,414,525,-784,4,下位,0,247,0
366,366,0,-6,-23,1,0,0,0,0,1,0,下位,0,0,0
46,46,0,38,129,1,1,366,0,0,1,0,下位,0,366,0
70,70,0,-6,-23,0,0,0,412,129,-537,1,下位,0,0,0
118,118,0,2114,5964,0,1,70,412,129,-537,1,下位,0,70,0
317,317,0,495,1181,0,0,0,188,5964,376,25,上位,0,0,0
373,373,0,-6,-23,1,0,0,0,0,1,0,下位,0,0,0
197,197,0,146,436,1,1,373,0,0,1,0,下位,0,373,0
345,345,0,-6,-23,0,0,0,570,436,-477,2,下位,0,0,0
387,387,0,-6,-23,0,1,345,570,436,-477,2,下位,0,345,0
297,297,0,-6,-23,0,2,732,570,436,-477,2,下位,0,387,0
314,314,0,56,205,0,3,1029,570,436,-477,2,下位,0,297,0
104,104,0,56,197,0,0,0,1343,205,-2442,1,下位,0,0,0
296,296,0,-6,-23,1,0,0,0,0,1,0,下位,0,0,0
360,360,0,121,328,1,1,296,0,0,1,0,下位,0,296,0
161,161,0,406,890,0,0,0,656,328,-720,2,下位,0,0,0
665,665,0,178,442,1,0,0,0,0,1,0,下位,0,0,0
433,433,0,640,1359,0,0,0,665,442,-597,3,下位,0,0,0
600,600,0,364,748,0,0,0,433,1359,85,9,下位,0,0,0
458,458,0,38,123,1,0,0,0,0,1,0,下位,0,0,0
421,421,0,24,71,0,0,0,458,123,-592,1,下位,0,0,0
330,330,0,257,734,0,0,0,421,71,-1179,1,下位,0,0,0
181,181,0,-6,-23,0,0,0,330,734,-962,3,下位,0,0,0
218,218,0,-6,-23,0,1,181,330,734,-962,3,下位,0,181,0
295,295,0,46,162,0,2,399,330,734,-962,3,下位,0,218,0
426,426,0,233,575,0,0,0,694,162,-1931,1,下位,0,0,0
216,216,0,166,472,0,0,0,426,575,-2021,3,下位,0,0,0
415,415,0,-6,-23,1,0,0,0,0,1,0,下位,0,0,0
154,154,0,38,125,1,1,415,0,0,1,0,下位,0,415,0
446,446,0,50,173,0,0,0,569,125,-787,1,下位,0,0,0
224,224,0,60,215,0,0,0,446,173,-1311,1,下位,0,0,0
66,66,0,154,464,1,0,0,0,0,1,0,下位,0,0,0
511,511,0,210,514,1,0,0,0,0,1,0,下位,0,0,0
121,121,0,-6,-23,0,0,0,511,514,-284,3,下位,0,0,0
273,273,0,202,546,0,1,121,511,514,-284,3,下位,0,121,0
394,394,0,416,864,0,0,0,394,546,-377,3,下位,0,0,0
115,115,0,37,128,0,0,0,394,864,-130,6,下位,0,0,0
415,415,0,925,2324,0,0,0,115,128,-182,1,下位,0,0,0
130,130,0,176,475,1,0,0,0,0,1,0,下位,0,0,0
230,230,0,-6,-23,0,0,0,130,475,272,3,下位,0,0,0
367,367,0,-6,-23,0,1,230,130,475,272,3,下位,0,230,0
325,325,0,42,148,0,2,597,130,475,272,3,下位,0,367,0
77,77,0,195,472,1,0,0,0,0,1,0,下位,0,0,0
313,313,0,-6,-23,0,0,0,77,472,352,3,下位,0,0,0
338,338,0,30,100,0,1,313,77,472,352,3,下位,0,313,0
120,120,0,61,224,0,0,0,651,100,-589,1,下位,0,0,0
277,277,0,40,124,1,0,0,0,0,1,0,下位,0,0,0
413,413,0,57,207,0,0,0,277,124,-308,1,下位,0,0,0
227,227,0,355,866,0,0,0,413,207,-747,1,下位,0,0,0
530,530,0,168,399,0,0,0,227,866,-236,5,下位,0,0,0
427,427,0,98,273,0,0,0,530,399,-666,2,下位,0,0,0
316,316,0,-6,-23,0,0,0,427,273,-1061,2,下位,0,0,0
295,295,0,324,757,0,1,316,427,273,-1061,2,下位,0,316,0
604,604,0,-6,-23,0,0,0,611,757,-1282,5,下位,0,0,0
64,64,0,-6,-23,0,1,604,611,757,-1282,5,下位,0,604,0
396,396,0,-6,-23,0,2,668,611,757,-1282,5,下位,0,64,0
181,181,0,572,1361,0,3,1064,611,757,-1282,5,下位,0,396,0
382,382,0,-6,-23,1,0,0,0,0,1,0,下位,0,0,0
431,431,0,-6,-23,1,1,382,0,0,1,0,下位,0,382,0
55,55,0,-6,-23,1,2,813,0,0,1,0,下位,0,431,0
250,250,0,57,206,1,3,868,0,0,1,0,下位,0,55,0
215,215,0,34,115,0,0,0,1118,206,-1610,1,下位,0,0,0
98,98,0,152,454,0,0,0,215,115,-1831,1,下位,0,0,0
325,325,0,-6,-23,0,0,0,98,454,-1530,2,下位,0,0,0
252,252,0,-6,-23,0,1,325,98,454,-1530,2,下位,0,325,0
285,285,0,-6,-23,0,2,577,98,454,-1530,2,下位,0,252,0
331,331,0,362,722,0,3,862,98,454,-1530,2,下位,0,285,0
394,394,0,-6,-23,1,0,0,0,0,1,0,下位,0,0,0
486,486,0,263,671,1,1,394,0,0,1,0,下位,0,394,0
117,117,0,-6,-23,0,0,0,880,671,-727,4,下位,0,0,0
207,207,0,-6,-23,0,1,117,880,671,-727,4,下位,0,117,0
344,344,0,-6,-23,0,2,324,880,671,-727,4,下位,0,207,0
196,196,0,55,188,0,3,668,880,671,-727,4,下位,0,344,0
468,468,0,-6,-23,0,0,0,864,188,-1960,1,下位,0,0,0
75,75,0,54,174,0,1,468,864,188,-1960,1,下位,0,468,0
381,381,0,-6,-23,0,0,0,543,174,-2660,1,下位,0,0,0
507,507,0,-6,-23,0,1,381,543,174,-2660,1,下位,0,381,0
270,270,0,296,812,0,2,888,543,174,-2660,1,下位,0,507,0
297,297,0,28,86,0,0,0,1158,812,-3705,4,下位,0,0,0
183,183,0,496,1084,0,0,0,297,86,-4083,1,下位,0,0,0
419,419,0,434,936,1,0,0,0,0,1,0,下位,0,0,0
131,131,0,-6,-23,0,0,0,419,936,282,5,下位,0,0,0
50,50,0,201,572,0,1,131,419,936,282,5,下位,0,131,0
398,398,0,38,129,0,0,0,181,572,547,3,下位,0,0,0
384,384,0,51,167,0,0,0,398,129,54,1,下位,0,0,0
522,522,0,-6,-23,0,0,0,384,167,-379,1,下位,0,0,0
560,560,0,19,55,0,1,522,384,167,-379,1,下位,0,522,0
265,265,0,253,533,0,0,0,1082,55,-2038,1,下位,0,0,0
327,327,0,-6,-23,0,0,0,265,533,-1920,4,下位,0,0,0
189,189,0,-6,-23,0,1,327,265,533,-1920,4,下位,0,327,0
567,567,0,126,333,0,2,516,265,533,-1920,4,下位,0,189,0
118,118,0,293,651,1,0,0,0,0,1,0,下位,0,0,0
62,62,0,1057,2553,0,0,0,118,651,467,5,下位,0,0,0
205,205,0,144,399,0,0,0,62,2553,412,15,上位,0,0,0
435,435,0,153,470,0,0,0,205,399,490,2,下位,0,0,0
178,178,0,-6,-23,0,0,0,435,470,280,2,下位,0,0,0
43,43,0,44,154,0,1,178,435,470,280,2,下位,0,178,0
172,172,0,60,217,0,0,0,221,154,64,1,下位,0,0,0
205,205,0,-6,-23,0,0,0,172,217,12,1,下位,0,0,0
203,203,0,156,321,0,1,205,172,217,12,1,下位,0,205,0
447,447,0,949,2138,0,0,0,408,321,-329,2,下位,0,0,0
227,227,0,-6,-23,0,0,0,447,2138,1110,12,下位,0,0,0
61,61,0,-6,-23,0,1,227,447,2138,1110,12,下位,0,227,0
43,43,0,-6,-23,0,2,288,447,2138,1110,12,下位,0,61,0
43,43,0,62,225,0,3,331,447,2138,1110,12,下位,0,43,0
428,428,0,895,1872,0,0,0,374,225,679,1,下位,0,0,0
435,435,0,358,920,0,0,0,428,1872,-2,14,上位,0,0,0
250,250,0,267,487,1,0,0,0,0,1,0,下位,0,0,0
65,65,0,-6,-23,0,0,0,250,487,97,4,下位,0,0,0
441,441,0,-6,-23,0,1,65,250,487,97,4,下位,0,65,0
462,462,0,342,903,0,2,506,250,487,97,4,下位,0,441,0
368,368,0,-6,-23,0,0,0,968,903,-559,5,下位,0,0,0
477,477,0,181,544,0,1,368,968,903,-559,5,下位,0,368,0
575,575,0,1084,2454,0,0,0,845,544,-1359,2,下位,0,0,0
244,244,0,250,583,1,0,0,0,0,1,0,下位,0,0,0
66,66,0,40,161,0,0,0,244,583,202,4,下位,0,0,0
532,532,0,-6,-23,0,0,0,66,161,260,1,下位,0,0,0
219,219,0,76,278,0,1,532,66,161,260,1,下位,0,532,0
576,576,0,-6,-23,0,0,0,751,278,-660,1,下位,0,0,0
79,79,0,56,204,0,1,576,751,278,-660,1,下位,0,576,0
162,162,0,58,210,0,0,0,655,204,-1503,1,下位,0,0,0
156,156,0,28,74,0,0,0,162,210,-1547,1,下位,0,0,0
416,416,0,117,331,0,0,0,156,74,-1717,1,下位,0,0,0
387,387,0,508,1239,0,0,0,416,331,-2036,2,下位,0,0,0
210,210,0,56,197,0,0,0,387,1239,-1402,6,下位,0,0,0
337,337,0,-6,-23,0,0,0,210,197,-1534,1,下位,0,0,0
370,370,0,-6,-23,0,1,337,210,197,-1534,1,下位,0,337,0
125,125,0,-6,-23,0,2,707,210,197,-1534,1,下位,0,370,0
99,99,0,58,210,0,3,832,210,197,-1534,1,下位,0,125,0
103,103,0,-6,-23,1,0,0,0,0,1,0,下位,0,0,0
617,617,0,-6,-23,1,1,103,0,0,1,0,下位,0,103,0
237,237,0,60,217,1,2,720,0,0,1,0,下位,0,617,0
102,102,0,27,87,0,0,0,957,217,-1324,1,下位,0,0,0
374,374,0,949,2250,0,0,0,102,87,-1397,1,下位,0,0,0
423,423,0,60,220,0,0,0,374,2250,268,12,下位,0,0,0
380,380,0,363,734,0,0,0,423,220,-173,1,下位,0,0,0
296,296,0,483,1256,0,0,0,380,734,-33,5,下位,0,0,0
398,398,0,-6,-23,1,0,0,0,0,1,0,下位,0,0,0
358,358,0,-6,-23,1,1,398,0,0,1,0,下位,0,398,0
236,236,0,100,258,1,2,756,0,0,1,0,下位,0,358,0
263,263,0,42,130,0,0,0,992,258,-1338,2,下位,0,0,0
669,669,0,-6,-23,0,0,0,263,130,-1619,1,下位,0,0,0
155,155,0,621,1250,0,1,669,263,130,-1619,1,下位,0,669,0
712,712,0,2485,6885,0,0,0,824,1250,-1682,9,下位,0,0,0
340,340,0,360,687,0,0,0,712,6885,211,28,上位,0,0,0
82,82,0,-6,-23,1,0,0,0,0,1,0,下位,0,0,0
207,207,0,53,184,1,1,82,0,0,1,0,下位,0,82,0
250,250,0,-6,-23,0,0,0,289,184,-291,1,下位,0,0,0
418,418,0,-6,-23,0,1,250,289,184,-291,1,下位,0,250,0
277,277,0,-6,-23,0,2,668,289,184,-291,1,下位,0,418,0
250,250,0,42,148,0,3,945,289,184,-291,1,下位,0,277,0
100,100,0,-6,-23,0,0,0,1195,148,-2081,1,下位,0,0,0
107,107,0,-6,-23,0,1,100,1195,148,-2081,1,下位,0,100,0
346,346,0,54,193,0,2,207,1195,148,-2081,1,下位,0,107,0
654,654,0,-6,-23,0,0,0,553,193,-2800,1,下位,0,0,0
104,104,0,-6,-23,0,1,654,553,193,-2800,1,下位,0,654,0
190,190,0,430,863,0,2,758,553,193,-2800,1,下位,0,104,0
76,76,0,632,1416,0,0,0,948,863,-3465,6,下位,0,0,0
228,228,0,36,124,1,0,0,0,0,1,0,下位,0,0,0
66,66,0,138,422,0,0,0,228,124,-232,1,下位,0,0,0
208,208,0,-6,-23,0,0,0,66,422,86,2,下位,0,0,0
355,355,0,-6,-23,0,1,208,66,422,86,2,下位,0,208,0
266,266,0,-6,-23,0,2,563,66,422,86,2,下位,0,355,0
101,101,0,78,293,0,3,829,66,422,86,2,下位,0,266,0
424,424,0,319,844,0,0,0,930,293,-1144,1,下位,0,0,0
284,284,0,-6,-23,0,0,0,424,844,-963,4,下位,0,0,0
298,298,0,-6,-23,0,1,284,424,844,-963,4,下位,0,284,0
57,57,0,632,1504,0,2,582,424,844,-963,4,下位,0,298,0
313,313,0,-6,-23,0,0,0,639,1504,-505,9,下位,0,0,0
236,236,0,-6,-23,0,1,313,639,1504,-505,9,下位,0,313,0
355,355,0,58,213,0,2,549,639,1504,-505,9,下位,0,236,0
460,460,0,-6,-23,1,0,0,0,0,1,0,下位,0,0,0
266,266,0,65,232,1,1,460,0,0,1,0,下位,0,460,0
520,520,0,-6,-23,0,0,0,726,232,-925,1,下位,0,0,0
209,209,0,90,342,0,1,520,726,232,-925,1,下位,0,520,0
474,474,0,66,224,0,0,0,729,342,-1746,1,下位,0,0,0
607,607,0,602,1406,0,0,0,474,224,-2263,1,下位,0,0,0
497,497,0,412,863,0,0,0,607,1406,-1806,8,下位,0,0,0
182,182,0,-6,-23,0,0,0,497,863,-1720,5,下位,0,0,0
486,486,0,-6,-23,0,1,182,497,863,-1720,5,下位,0,182,0
486,486,0,216,549,0,2,668,497,863,-1720,5,下位,0,486,0
406,406,0,-6,-23,0,0,0,1154,549,-3022,3,下位,0,0,0
249,249,0,265,654,0,1,406,1154,549,-3022,3,下位,0,406,0
191,191,0,-6,-23,1,0,0,0,0,1,0,下位,0,0,0
164,164,0,29,95,1,1,191,0,0,1,0,下位,0,191,0
218,218,0,46,166,0,0,0,355,95,-483,1,下位,0,0,0
446,446,0,26,77,0,0,0,218,166,-658,1,下位,0,0,0
261,261,0,34,119,0,0,0,446,77,-1278,1,下位,0,0,0
439,439,0,-6,-23,0,0,0,261,119,-1567,1,下位,0,0,0
345,345,0,299,786,0,1,439,261,119,-1567,1,下位,0,439,0
556,556,0,-6,-23,0,0,0,784,786,-2029,5,下位,0,0,0
136,136,0,176,414,0,1,556,784,786,-2029,5,下位,0,556,0
478,478,0,55,203,1,0,0,0,0,1,0,下位,0,0,0
479,479,0,-6,-23,0,0,0,478,203,-543,1,下位,0,0,0
182,182,0,-6,-23,0,1,479,478,203,-543,1,下位,0,479,0
259,259,0,-6,-23,0,2,661,478,203,-543,1,下位,0,182,0
439,439,0,426,1199,0,3,920,478,203,-543,1,下位,0,259,0
65,65,0,181,518,0,0,0,1359,1199,-1537,6,下位,0,0,0
378,378,0,74,271,0,0,0,65,518,-1121,3,下位,0,0,0
642,642,0,1391,3862,0,0,0,378,271,-1441,1,下位,0,0,0
115,115,0,141,428,0,0,0,642,3862,1416,14,下位,0,0,0
223,223,0,116,273,0,0,0,115,428,1664,2,下位,0,0,0
128,128,0,40,140,1,0,0,0,0,1,0,下位,0,0,0
447,447,0,-6,-23,0,0,0,128,140,-59,1,下位,0,0,0
421,421,0,-6,-23,0,1,447,128,140,-59,1,下位,0,447,0
345,345,0,449,1027,0,2,868,128,140,-59,1,下位,0,421,0
447,447,0,379,889,0,0,0,1213,1027,-974,5,下位,0,0,0
350,350,0,138,411,0,0,0,447,889,-784,6,下位,0,0,0
222,222,0,-6,-23,0,0,0,350,411,-920,2,下位,0,0,0
173,173,0,-6,-23,0,1,222,350,411,-920,2,下位,0,222,0
426,426,0,63,237,0,2,395,350,411,-920,2,下位,0,173,0
172,172,0,97,250,0,0,0,821,237,-2013,1,下位,0,0,0
165,165,0,124,324,0,0,0,172,250,-2032,2,下位,0,0,0
345,345,0,48,170,0,0,0,165,324,-1966,2,下位,0,0,0
533,533,0,-6,-23,1,0,0,0,0,1,0,下位,0,0,0
179,179,0,-6,-23,1,1,533,0,0,1,0,下位,0,533,0
166,166,0,86,208,1,2,712,0,0,1,0,下位,0,179,0
516,516,0,984,2267,0,0,0,878,208,-1210,2,下位,0,0,0
202,202,0,-6,-23,0,0,0,516,2267,251,13,下位,0,0,0
368,368,0,608,1341,0,1,202,516,2267,251,13,下位,0,202,0
63,63,0,-6,-23,0,0,0,570,1341,678,8,下位,0,0,0
282,282,0,56,202,0,1,63,570,1341,678,8,下位,0,63,0
108,108,0,2173,5939,0,0,0,345,202,317,1,下位,0,0,0
247,247,0,-6,-23,0,0,0,108,5939,360,24,上位,0,0,0
124,124,0,55,200,0,1,247,108,5939,360,24,上位,0,247,0
437,437,0,541,1274,0,0,0,371,200,-43,1,下位,0,0,0
82,82,0,-6,-23,1,0,0,0,0,1,0,下位,0,0,0
291,291,0,-6,-23,1,1,82,0,0,1,0,下位,0,82,0
129,129,0,40,135,1,2,373,0,0,1,0,下位,0,291,0
354,354,0,205,522,0,0,0,502,135,-696,1,下位,0,0,0
328,328,0,116,321,0,0,0,354,522,-728,3,下位,0,0,0
153,153,0,123,302,0,0,0,328,321,-920,2,下位,0,0,0
737,737,0,56,203,0,0,0,153,302,-857,2,下位,0,0,0
260,260,0,250,560,0,0,0,737,203,-1806,1,下位,0,0,0
244,244,0,255,711,0,0,0,260,560,-1653,3,下位,0,0,0
168,168,0,200,540,0,0,0,244,711,-1324,3,下位,0,0,0
321,321,0,112,291,0,0,0,168,540,-1046,3,下位,0,0,0
444,444,0,-6,-23,0,0,0,321,291,-1257,2,下位,0,0,0
46,46,0,-6,-23,0,1,444,321,291,-1257,2,下位,0,444,0
405,405,0,121,342,0,2,490,321,291,-1257,2,下位,0,46,0
565,565,0,319,689,0,0,0,895,342,-2360,2,下位,0,0,0
409,409,0,58,213,0,0,0,565,689,-2555,4,下位,0,0,0
160,160,0,-6,-23,0,0,0,409,213,-2982,1,下位,0,0,0
355,355,0,-6,-23,0,1,160,409,213,-2982,1,下位,0,160,0
113,113,0,-6,-23,0,2,515,409,213,-2982,1,下位,0,355,0
302,302,0,58,213,0,3,628,409,213,-2982,1,下位,0,113,0
91,91,0,-6,-23,1,0,0,0,0,1,0,下位,0,0,0
199,199,0,474,1207,1,1,91,0,0,1,0,下位,0,91,0
184,184,0,-6,-23,0,0,0,290,1207,731,5,下位,0,0,0
649,649,0,-6,-23,0,1,184,290,1207,731,5,下位,0,184,0
196,196,0,-6,-23,0,2,833,290,1207,731,5,下位,0,649,0
137,137,0,151,395,0,3,1029,290,1207,731,5,下位,0,196,0
572,572,0,43,152,0,0,0,1166,395,-768,3,下位,0,0,0
61,61,0,56,224,0,0,0,572,152,-1510,1,下位,0,0,0
672,672,0,-6,-23,0,0,0,61,224,-1381,1,下位,0,0,0
124,124,0,-6,-23,0,1,672,61,224,-1381,1,下位,0,672,0
50,50,0,37,126,0,2,796,61,224,-1381,1,下位,0,124,0
128,128,0,-6,-23,0,0,0,846,126,-2624,1,下位,0,0,0
435,435,0,-6,-23,0,1,128,846,126,-2624,1,下位,0,128,0
85,85,0,39,123,0,2,563,846,126,-2624,1,下位,0,435,0
219,219,0,41,142,0,0,0,648,123,-3560,1,下位,0,0,0
521,521,0,62,219,1,0,0,0,0,1,0,下位,0,0,0
170,170,0,-6,-23,0,0,0,521,219,-594,1,下位,0,0,0
139,139,0,-6,-23,0,1,170,521,219,-594,1,下位,0,170,0
84,84,0,-6,-23,0,2,309,521,219,-594,1,下位,0,139,0
43,43,0,36,123,0,3,393,521,219,-594,1,下位,0,84,0
134,134,0,-6,-23,0,0,0,436,123,-1224,1,下位,0,0,0
159,159,0,-6,-23,0,1,134,436,123,-1224,1,下位,0,134,0
91,91,0,992,2515,0,2,293,436,123,-1224,1,下位,0,159,0
521,521,0,-6,-23,0,0,0,384,2515,643,12,下位,0,0,0
337,337,0,-6,-23,0,1,521,384,2515,643,12,下位,0,521,0
140,140,0,176,427,0,2,858,384,2515,643,12,下位,0,337,0
532,532,0,-6,-23,0,0,0,998,427,-536,3,下位,0,0,0
578,578,0,-6,-23,0,1,532,998,427,-536,3,下位,0,532,0
241,241,0,61,223,0,2,1110,998,427,-536,3,下位,0,578,0
299,299,0,66,230,0,0,0,1351,223,-2472,1,下位,0,0,0
129,129,0,-6,-23,0,0,0,299,230,-2710,1,下位,0,0,0
303,303,0,168,479,0,1,129,299,230,-2710,1,下位,0,129,0
329,329,0,138,430,1,0,0,0,0,1,0,下位,0,0,0
121,121,0,308,758,0,0,0,329,430,-83,2,下位,0,0,0
212,212,0,54,191,0,0,0,121,758,485,3,下位,0,0,0
457,457,0,78,289,0,0,0,212,191,344,1,下位,0,0,0
637,637,0,-6,-23,0,0,0,457,289,-82,1,下位,0,0,0
486,486,0,196,494,0,1,637,457,289,-82,1,下位,0,637,0
116,116,0,413,844,0,0,0,1123,494,-1366,3,下位,0,0,0
80,80,0,3054,8380,0,0,0,116,844,-704,6,下位,0,0,0
295,295,0,-6,-23,0,0,0,80,8380,267,37,上位,0,0,0
120,120,0,130,383,0,1,295,80,8380,267,37,上位,0,295,0
328,328,0,-6,-23,0,0,0,415,383,-22,2,下位,0,0,0
208,208,0,-6,-23,0,1,328,415,383,-22,2,下位,0,328,0
103,103,0,-6,-23,0,2,536,415,383,-22,2,下位,0,208,0
171,171,0,64,234,0,3,639,415,383,-22,2,下位,0,103,0
220,220,0,295,570,0,0,0,810,234,-1124,1,下位,0,0,0
213,213,0,-6,-23,1,0,0,0,0,1,0,下位,0,0,0
209,209,0,326,724,1,1,213,0,0,1,0,下位,0,213,0
163,163,0,106,252,0,0,0,422,724,42,4,下位,0,0,0
191,191,0,208,570,0,0,0,163,252,38,2,下位,0,0,0
276,276,0,58,205,0,0,0,191,570,309,3,下位,0,0,0
562,562,0,-6,-23,0,0,0,276,205,82,1,下位,0,0,0
460,460,0,-6,-23,0,1,562,276,205,82,1,下位,0,562,0
60,60,0,-6,-23,0,2,1022,276,205,82,1,下位,0,460,0
433,433,0,54,184,0,3,1082,276,205,82,1,下位,0,60,0
75,75,0,-6,-23,0,0,0,1515,184,-2172,1,下位,0,0,0
138,138,0,270,557,0,1,75,1515,184,-2172,1,下位,0,75,0
117,117,0,130,351,0,0,0,213,557,-1972,4,下位,0,0,0
365,365,0,550,1266,0,0,0,117,351,-1804,2,下位,0,0,0
188,188,0,323,622,0,0,0,365,1266,-1109,7,下位,0,0,0
197,197,0,151,330,0,0,0,188,622,-781,5,下位,0,0,0
200,200,0,72,265,1,0,0,0,0,1,0,下位,0,0,0
61,61,0,345,1004,0,0,0,200,265,-47,1,下位,0,0,0
168,168,0,198,540,0,0,0,61,1004,862,4,下位,0,0,0
277,277,0,-6,-23,0,0,0,168,540,1139,3,下位,0,0,0
218,218,0,224,553,0,1,277,168,540,1139,3,下位,0,277,0
135,135,0,-6,-23,0,0,0,495,553,895,3,下位,0,0,0
364,364,0,-6,-23,0,1,135,495,553,895,3,下位,0,135,0
61,61,0,72,240,0,2,499,495,553,895,3,下位,0,364,0
383,383,0,58,198,0,0,0,560,240,213,1,下位,0,0,0
396,396,0,34,109,0,0,0,383,198,-188,1,下位,0,0,0
420,420,0,-6,-23,0,0,0,396,109,-698,1,下位,0,0,0
166,166,0,726,1515,0,1,420,396,109,-698,1,下位,0,420,0
265,265,0,37,121,0,0,0,586,1515,-123,10,下位,0,0,0
321,321,0,56,202,0,0,0,265,121,-416,1,下位,0,0,0
151,151,0,40,131,1,0,0,0,0,1,0,下位,0,0,0
85,85,0,-6,-23,0,0,0,151,131,-104,1,下位,0,0,0
43,43,0,-6,-23,0,1,85,151,131,-104,1,下位,0,85,0
389,389,0,723,1621,0,2,128,151,131,-104,1,下位,0,43,0
317,317,0,-6,-23,0,0,0,517,1621,662,10,下位,0,0,0
256,256,0,279,698,0,1,317,517,1621,662,10,下位,0,317,0
478,478,0,146,420,1,0,0,0,0,1,0,下位,0,0,0
386,386,0,-6,-23,0,0,0,478,420,-326,2,下位,0,0,0
189,189,0,604,1219,0,1,386,478,420,-326,2,下位,0,386,0
285,285,0,444,912,0,0,0,575,1219,-30,9,下位,0,0,0
145,145,0,-6,-23,0,0,0,285,912,436,7,下位,0,0,0
237,237,0,366,990,0,1,145,285,912,436,7,下位,0,145,0
469,469,0,-6,-23,0,0,0,382,990,805,4,下位,0,0,0
176,176,0,-6,-23,0,1,469,382,990,805,4,下位,0,469,0
314,314,0,60,206,0,2,645,382,990,805,4,下位,0,176,0
115,115,0,57,208,0,0,0,959,206,-534,1,下位,0,0,0
408,408,0,-6,-23,1,0,0,0,0,1,0,下位,0,0,0
467,467,0,-6,-23,1,1,408,0,0,1,0,下位,0,408,0
505,505,0,-6,-23,1,2,875,0,0,1,0,下位,0,467,0
234,234,0,46,158,1,3,1380,0,0,1,0,下位,0,505,0
199,199,0,52,168,0,0,0,1614,158,-2434,1,下位,0,0,0
187,187,0,-6,-23,0,0,0,199,168,-2577,1,下位,0,0,0
400,400,0,-6,-23,0,1,187,199,168,-2577,1,下位,0,187,0
510,510,0,-6,-23,0,2,587,199,168,-2577,1,下位,0,400,0
169,169,0,143,422,0,3,1097,199,168,-2577,1,下位,0,510,0
367,367,0,-6,-23,0,0,0,1266,422,-4203,2,下位,0,0,0
60,60,0,-6,-23,0,1,367,1266,422,-4203,2,下位,0,367,0
247,247,0,190,453,0,2,427,1266,422,-4203,2,下位,0,60,0
544,544,0,-6,-23,1,0,0,0,0,1,0,下位,0,0,0
404,404,0,-6,-23,1,1,544,0,0,1,0,下位,0,544,0
82,82,0,27,82,1,2,948,0,0,1,0,下位,0,404,0
179,179,0,224,590,0,0,0,1030,82,-1574,1,下位,0,0,0
211,211,0,24,76,0,0,0,179,590,-1264,3,下位,0,0,0
439,439,0,-6,-23,0,0,0,211,76,-1518,1,下位,0,0,0
63,63,0,148,313,0,1,439,211,76,-1518,1,下位,0,439,0
138,138,0,-6,-23,0,0,0,502,313,-2013,3,下位,0,0,0
399,399,0,204,546,0,1,138,502,313,-2013,3,下位,0,138,0
206,206,0,-6,-23,1,0,0,0,0,1,0,下位,0,0,0
161,161,0,-6,-23,1,1,206,0,0,1,0,下位,0,206,0
296,296,0,42,143,1,2,367,0,0,1,0,下位,0,161,0
430,430,0,195,530,0,0,0,663,143,-939,1,下位,0,0,0
85,85,0,42,142,0,0,0,430,530,-1081,3,下位,0,0,0
202,202,0,-6,-23,0,0,0,85,142,-1072,1,下位,0,0,0
151,151,0,781,1970,0,1,202,85,142,-1072,1,下位,0,202,0
174,174,0,903,2153,0,0,0,353,1970,323,10,下位,0,0,0
449,449,0,216,410,0,0,0,174,2153,-2,12,上位,0,0,0
212,212,0,60,221,0,0,0,449,410,-294,3,下位,0,0,0
280,280,0,-6,-23,1,0,0,0,0,1,0,下位,0,0,0
40,40,0,-6,-23,1,1,280,0,0,1,0,下位,0,280,0
395,395,0,92,348,1,2,320,0,0,1,0,下位,0,40,0
188,188,0,210,526,0,0,0,715,348,-816,1,下位,0,0,0
127,127,0,30,97,0,0,0,188,526,-584,3,下位,0,0,0
122,122,0,450,915,0,0,0,127,97,-686,1,下位,0,0,0
193,193,0,-6,-23,0,0,0,122,915,38,6,下位,0,0,0
421,421,0,-6,-23,0,1,193,122,915,38,6,下位,0,193,0
541,541,0,102,241,0,2,614,122,915,38,6,下位,0,421,0
134,134,0,-6,-23,0,0,0,1155,241,-1573,2,下位,0,0,0
174,174,0,-6,-23,0,1,134,1155,241,-1573,2,下位,0,134,0
481,481,0,39,134,0,2,308,1155,241,-1573,2,下位,0,174,0
375,375,0,120,315,1,0,0,0,0,1,0,下位,0,0,0
126,126,0,-6,-23,0,0,0,375,315,-270,2,下位,0,0,0
143,143,0,194,573,0,1,126,375,315,-270,2,下位,0,126,0
381,381,0,62,226,1,0,0,0,0,1,0,下位,0,0,0
580,580,0,-6,-23,0,0,0,381,226,-369,1,下位,0,0,0
485,485,0,68,206,0,1,580,381,226,-369,1,下位,0,580,0
351,351,0,78,293,1,0,0,0,0,1,0,下位,0,0,0
89,89,0,208,551,0,0,0,351,293,-255,1,下位,0,0,0
204,204,0,-6,-23,0,0,0,89,551,156,3,下位,0,0,0
312,312,0,266,592,0,1,204,89,551,156,3,下位,0,204,0
561,561,0,348,809,0,0,0,516,592,-82,4,下位,0,0,0
401,401,0,-6,-23,0,0,0,561,809,-149,4,下位,0,0,0
337,337,0,55,199,0,1,401,561,809,-149,4,下位,0,401,0
506,506,0,-6,-23,1,0,0,0,0,1,0,下位,0,0,0
242,242,0,-6,-23,1,1,506,0,0,1,0,下位,0,506,0
65,65,0,110,267,1,2,748,0,0,1,0,下位,0,242,0
137,137,0,-6,-23,0,0,0,813,267,-1050,2,下位,0,0,0
258,258,0,-6,-23,0,1,137,813,267,-1050,2,下位,0,137,0
366,366,0,-6,-23,0,2,395,813,267,-1050,2,下位,0,258,0
279,279,0,55,194,0,3,761,813,267,-1050,2,下位,0,366,0
388,388,0,-6,-23,0,0,0,1040,194,-2552,1,下位,0,0,0
537,537,0,-6,-23,0,1,388,1040,194,-2552,1,下位,0,388,0
88,88,0,104,283,0,2,925,1040,194,-2552,1,下位,0,537,0
216,216,0,170,548,0,0,0,1013,283,-3899,2,下位,0,0,0
616,616,0,56,204,0,0,0,216,548,-3689,2,下位,0,0,0
296,296,0,44,153,0,0,0,616,204,-4448,1,下位,0,0,0
340,340,0,-6,-23,0,0,0,296,153,-4758,1,下位,0,0,0
55,55,0,93,210,0,1,340,296,153,-4758,1,下位,0,340,0
222,222,0,46,162,0,0,0,395,210,-5188,2,下位,0,0,0
444,444,0,-6,-23,0,0,0,222,162,-5373,1,下位,0,0,0
291,291,0,550,1147,0,1,444,222,162,-5373,1,下位,0,444,0
364,364,0,49,175,0,0,0,735,1147,-5398,8,下位,0,0,0
187,187,0,-6,-23,1,0,0,0,0,1,0,下位,0,0,0
194,194,0,62,219,1,1,187,0,0,1,0,下位,0,187,0
605,605,0,269,643,0,0,0,381,219,-400,1,下位,0,0,0
176,176,0,36,125,0,0,0,605,643,-703,3,下位,0,0,0
299,299,0,-6,-23,0,0,0,176,125,-853,1,下位,0,0,0
90,90,0,31,102,0,1,299,176,125,-853,1,下位,0,299,0
82,82,0,65,238,0,0,0,389,102,-1383,1,下位,0,0,0
493,493,0,-6,-23,0,0,0,82,238,-1274,1,下位,0,0,0
331,331,0,95,253,0,1,493,82,238,-1274,1,下位,0,493,0
254,254,0,-6,-23,0,0,0,824,253,-2333,2,下位,0,0,0
53,53,0,28,73,0,1,254,824,253,-2333,2,下位,0,254,0
577,577,0,176,371,0,0,0,307,73,-2763,1,下位,0,0,0
233,233,0,-6,-23,0,0,0,577,371,-3295,3,下位,0,0,0
188,188,0,-6,-23,0,1,233,577,371,-3295,3,下位,0,233,0
559,559,0,155,343,0,2,421,577,371,-3295,3,下位,0,188,0
331,331,0,-6,-23,0,0,0,980,343,-4530,3,下位,0,0,0
123,123,0,43,151,0,1,331,980,343,-4530,3,下位,0,331,0
494,494,0,-6,-23,1,0,0,0,0,1,0,下位,0,0,0
158,158,0,-6,-23,1,1,494,0,0,1,0,下位,0,494,0
40,40,0,139,446,1,2,652,0,0,1,0,下位,0,158,0
219,219,0,858,1849,0,0,0,692,446,-681,2,下位,0,0,0
560,560,0,-6,-23,0,0,0,219,1849,825,11,下位,0,0,0
615,615,0,29,96,0,1,560,219,1849,825,11,下位,0,560,0
466,466,0,40,114,0,0,0,1175,96,-938,1,下位,0,0,0
354,354,0,48,152,0,0,0,466,114,-1552,1,下位,0,0,0
367,367,0,300,666,0,0,0,354,152,-1954,1,下位,0,0,0
112,112,0,-6,-23,0,0,0,367,666,-1862,5,下位,0,0,0
43,43,0,22,60,0,1,112,367,666,-1862,5,下位,0,112,0
99,99,0,-6,-23,0,0,0,155,60,-2068,1,下位,0,0,0
360,360,0,-6,-23,0,1,99,155,60,-2068,1,下位,0,99,0
240,240,0,39,136,0,2,459,155,60,-2068,1,下位,0,360,0
374,374,0,78,291,1,0,0,0,0,1,0,下位,0,0,0
122,122,0,107,281,0,0,0,374,291,-293,1,下位,0,0,0
439,439,0,-6,-23,0,0,0,122,281,-203,2,下位,0,0,0
273,273,0,28,92,0,1,439,122,281,-203,2,下位,0,439,0
418,418,0,152,492,0,0,0,712,92,-1247,1,下位,0,0,0
147,147,0,241,523,0,0,0,418,492,-1409,2,下位,0,0,0
537,537,0,59,209,0,0,0,147,523,-1116,3,下位,0,0,0
211,211,0,-6,-23,0,0,0,537,209,-1746,1,下位,0,0,0
193,193,0,66,243,0,1,211,537,209,-1746,1,下位,0,211,0
460,460,0,-6,-23,0,0,0,404,243,-2158,1,下位,0,0,0
389,389,0,-6,-23,0,1,460,404,243,-2158,1,下位,0,460,0
116,116,0,246,479,0,2,849,404,243,-2158,1,下位,0,389,0
448,448,0,36,123,1,0,0,0,0,1,0,下位,0,0,0
190,190,0,199,496,0,0,0,448,123,-576,1,下位,0,0,0
833,833,0,-6,-23,0,0,0,190,496,-377,3,下位,0,0,0
199,199,0,-6,-23,0,1,833,190,496,-377,3,下位,0,833,0
190,190,0,647,1458,0,2,1032,190,496,-377,3,下位,0,199,0
135,135,0,-6,-23,0,0,0,1222,1458,-874,8,下位,0,0,0
341,341,0,251,530,0,1,135,1222,1458,-874,8,下位,0,135,0
80,80,0,-6,-23,0,0,0,476,530,-1111,4,下位,0,0,0
293,293,0,-6,-23,0,1,80,476,530,-1111,4,下位,0,80,0
450,450,0,334,752,0,2,373,476,530,-1111,4,下位,0,293,0
457,457,0,89,312,0,0,0,823,752,-1692,4,下位,0,0,0
559,559,0,182,439,0,0,0,457,312,-2096,1,下位,0,0,0
489,489,0,-6,-23,0,0,0,559,439,-2531,3,下位,0,0,0
474,474,0,115,293,0,1,489,559,439,-2531,3,下位,0,489,0
197,197,0,130,333,1,0,0,0,0,1,0,下位,0,0,0
164,164,0,-6,-23,0,0,0,197,333,26,2,下位,0,0,0
418,418,0,322,763,0,1,164,197,333,26,2,下位,0,164,0
225,225,0,61,224,0,0,0,582,763,-145,4,下位,0,0,0
360,360,0,169,402,0,0,0,225,224,-273,1,下位,0,0,0
293,293,0,212,554,0,0,0,360,402,-434,3,下位,0,0,0
208,208,0,-6,-23,0,0,0,293,554,-338,3,下位,0,0,0
542,542,0,130,354,0,1,208,293,554,-338,3,下位,0,208,0
61,61,0,135,388,0,0,0,750,354,-1178,2,下位,0,0,0
365,365,0,825,1966,0,0,0,61,388,-885,2,下位,0,0,0
93,93,0,-6,-23,0,0,0,365,1966,510,11,下位,0,0,0
66,66,0,49,170,0,1,93,365,1966,510,11,下位,0,93,0
260,260,0,-6,-23,1,0,0,0,0,1,0,下位,0,0,0
565,565,0,91,344,1,1,260,0,0,1,0,下位,0,260,0
62,62,0,418,999,0,0,0,825,344,-968,1,下位,0,0,0
293,293,0,-6,-23,0,0,0,62,999,-66,6,下位,0,0,0
522,522,0,77,277,0,1,293,62,999,-66,6,下位,0,293,0
452,452,0,80,291,0,0,0,815,277,-1086,1,下位,0,0,0
241,241,0,946,2338,0,0,0,452,291,-1502,1,下位,0,0,0
387,387,0,40,102,0,0,0,241,2338,459,12,下位,0,0,0
440,440,0,450,1058,0,0,0,387,102,-44,1,下位,0,0,0
584,584,0,-6,-23,0,0,0,440,1058,326,5,下位,0,0,0
93,93,0,106,277,0,1,584,440,1058,326,5,下位,0,584,0
276,276,0,-6,-23,0,0,0,677,277,-479,2,下位,0,0,0
292,292,0,42,147,0,1,276,677,277,-479,2,下位,0,276,0
92,92,0,96,220,1,0,0,0,0,1,0,下位,0,0,0
283,283,0,51,155,0,0,0,92,220,77,2,下位,0,0,0
359,359,0,-6,-23,0,0,0,283,155,-211,1,下位,0,0,0
342,342,0,133,337,0,1,359,283,155,-211,1,下位,0,359,0
476,476,0,-6,-23,0,0,0,701,337,-993,2,下位,0,0,0
246,246,0,261,659,0,1,476,701,337,-993,2,下位,0,476,0
505,505,0,-6,-23,0,0,0,722,659,-1486,4,下位,0,0,0
175,175,0,-6,-23,0,1,505,722,659,-1486,4,下位,0,505,0
495,495,0,-6,-23,0,2,680,722,659,-1486,4,下位,0,175,0
478,478,0,120,284,0,3,1175,722,659,-1486,4,下位,0,495,0
542,542,0,-6,-23,0,0,0,1653,284,-3855,2,下位,0,0,0
377,377,0,415,1046,0,1,542,1653,284,-3855,2,下位,0,542,0
416,416,0,77,287,1,0,0,0,0,1,0,下位,0,0,0
661,661,0,-6,-23,0,0,0,416,287,-362,1,下位,0,0,0
532,532,0,-6,-23,0,1,661,416,287,-362,1,下位,0,661,0
539,539,0,536,1287,0,2,1193,416,287,-362,1,下位,0,532,0
140,140,0,442,990,0,0,0,1732,1287,-1829,7,下位,0,0,0
207,207,0,36,128,0,0,0,140,990,-1058,6,下位,0,0,0
176,176,0,52,183,0,0,0,207,128,-1254,1,下位,0,0,0
241,241,0,-6,-23,0,0,0,176,183,-1346,1,下位,0,0,0
518,518,0,122,370,0,1,241,176,183,-1346,1,下位,0,241,0
129,129,0,27,88,0,0,0,759,370,-2186,2,下位,0,0,0
220,220,0,26,71,0,0,0,129,88,-2300,1,下位,0,0,0
448,448,0,48,170,0,0,0,220,71,-2573,1,下位,0,0,0
149,149,0,224,509,1,0,0,0,0,1,0,下位,0,0,0
295,295,0,-6,-23,0,0,0,149,509,277,4,下位,0,0,0
345,345,0,-6,-23,0,1,295,149,509,277,4,下位,0,295,0
121,121,0,232,666,0,2,640,149,509,277,4,下位,0,345,0
312,312,0,150,410,0,0,0,761,666,-293,3,下位,0,0,0
360,360,0,-6,-23,1,0,0,0,0,1,0,下位,0,0,0
95,95,0,-6,-23,1,1,360,0,0,1,0,下位,0,360,0
369,369,0,-6,-23,1,2,455,0,0,1,0,下位,0,95,0
254,254,0,96,363,1,3,824,0,0,1,0,下位,0,369,0
387,387,0,56,195,0,0,0,1078,363,-1391,1,下位,0,0,0
66,66,0,41,163,0,0,0,387,195,-1801,1,下位,0,0,0
326,326,0,310,664,0,0,0,66,163,-1741,1,下位,0,0,0
107,107,0,390,975,0,0,0,326,664,-1588,4,下位,0,0,0
111,111,0,534,1210,1,0,0,0,0,1,0,下位,0,0,0
175,175,0,-6,-23,0,0,0,111,1210,1037,7,下位,0,0,0
113,113,0,-6,-23,0,1,175,111,1210,1037,7,下位,0,175,0
60,60,0,-6,-23,0,2,288,111,1210,1037,7,下位,0,113,0
71,71,0,707,1299,0,3,348,111,1210,1037,7,下位,0,60,0
104,104,0,46,154,0,0,0,419,1299,1611,11,下位,0,0,0
84,84,0,-6,-23,0,0,0,104,154,1602,1,下位,0,0,0
49,49,0,-6,-23,0,1,84,104,154,1602,1,下位,0,84,0
95,95,0,-6,-23,0,2,133,104,154,1602,1,下位,0,49,0
63,63,0,63,232,0,3,228,104,154,1602,1,下位,0,95,0
296,296,0,60,212,0,0,0,291,232,1308,1,下位,0,0,0
175,175,0,-6,-23,0,0,0,296,212,1057,1,下位,0,0,0
177,177,0,370,995,0,1,175,296,212,1057,1,下位,0,175,0
209,209,0,-6,-23,1,0,0,0,0,1,0,下位,0,0,0
433,433,0,-6,-23,1,1,209,0,0,1,0,下位,0,209,0
510,510,0,252,690,1,2,642,0,0,1,0,下位,0,433,0
450,450,0,59,210,0,0,0,1152,690,-1156,3,下位,0,0,0
73,73,0,-6,-23,0,0,0,450,210,-1650,1,下位,0,0,0
477,477,0,370,927,0,1,73,450,210,-1650,1,下位,0,73,0
70,70,0,32,128,0,0,0,550,927,-1607,5,下位,0,0,0
109,109,0,503,1127,0,0,0,70,128,-1588,1,下位,0,0,0
275,275,0,-6,-23,1,0,0,0,0,1,0,下位,0,0,0
396,396,0,115,329,1,1,275,0,0,1,0,下位,0,275,0
365,365,0,-6,-23,0,0,0,671,329,-742,2,下位,0,0,0
139,139,0,758,1792,0,1,365,671,329,-742,2,下位,0,365,0
93,93,0,-6,-23,0,0,0,504,1792,238,9,下位,0,0,0
378,378,0,120,309,0,1,93,504,1792,238,9,下位,0,93,0
456,456,0,-6,-23,0,0,0,471,309,-213,2,下位,0,0,0
348,348,0,140,426,0,1,456,471,309,-213,2,下位,0,456,0
157,157,0,56,196,1,0,0,0,0,1,0,下位,0,0,0
313,313,0,48,145,1,0,0,0,0,1,0,下位,0,0,0
67,67,0,-6,-23,0,0,0,313,145,-344,1,下位,0,0,0
321,321,0,99,242,0,1,67,313,145,-344,1,下位,0,67,0
253,253,0,-6,-23,0,0,0,388,242,-732,2,下位,0,0,0
160,160,0,624,1440,0,1,253,388,242,-732,2,下位,0,253,0
487,487,0,155,459,0,0,0,413,1440,39,8,下位,0,0,0
290,290,0,-6,-23,0,0,0,487,459,-263,2,下位,0,0,0
570,570,0,-6,-23,0,1,290,487,459,-263,2,下位,0,290,0
243,243,0,60,213,0,2,860,487,459,-263,2,下位,0,570,0
528,528,0,387,948,1,0,0,0,0,1,0,下位,0,0,0
145,145,0,243,652,0,0,0,528,948,124,4,下位,0,0,0
592,592,0,-6,-23,0,0,0,145,652,550,3,下位,0,0,0
255,255,0,-6,-23,0,1,592,145,652,550,3,下位,0,592,0
258,258,0,-6,-23,0,2,847,145,652,550,3,下位,0,255,0
284,284,0,1266,2938,0,3,1105,145,652,550,3,下位,0,258,0
370,370,0,-6,-23,0,0,0,1389,2938,1248,16,下位,0,0,0
354,354,0,274,761,0,1,370,1389,2938,1248,16,下位,0,370,0
399,399,0,-6,-23,0,0,0,724,761,853,4,下位,0,0,0
224,224,0,-6,-23,0,1,399,724,761,853,4,下位,0,399,0
388,388,0,-6,-23,0,2,623,724,761,853,4,下位,0,224,0
127,127,0,98,240,0,3,1011,724,761,853,4,下位,0,388,0
97,97,0,40,138,0,0,0,1138,240,-756,2,下位,0,0,0
91,91,0,297,787,1,0,0,0,0,1,0,下位,0,0,0
64,64,0,-6,-23,0,0,0,91,787,645,3,下位,0,0,0
59,59,0,660,1306,0,1,64,91,787,645,3,下位,0,64,0
230,230,0,857,2201,0,0,0,123,1306,1734,10,下位,0,0,0
163,163,0,57,207,0,0,0,230,2201,435,12,上位,0,0,0
524,524,0,-6,-23,0,0,0,163,207,387,1,下位,0,0,0
156,156,0,231,635,0,1,524,163,207,387,1,下位,0,524,0
256,256,0,514,1123,0,0,0,680,635,-64,3,下位,0,0,0
274,274,0,-6,-23,0,0,0,256,1123,659,7,下位,0,0,0
575,575,0,464,993,0,1,274,256,1123,659,7,下位,0,274,0
302,302,0,1754,4877,1,0,0,0,0,1,0,下位,0,0,0
427,427,0,46,155,0,0,0,302,4877,258,20,上位,0,0,0
549,549,0,54,189,0,0,0,427,155,-255,1,下位,0,0,0
390,390,0,48,172,0,0,0,549,189,-924,1,下位,0,0,0
317,317,0,-6,-23,0,0,0,390,172,-1362,1,下位,0,0,0
103,103,0,-6,-23,0,1,317,390,172,-1362,1,下位,0,317,0
53,53,0,350,894,0,2,420,390,172,-1362,1,下位,0,103,0
248,248,0,59,216,0,0,0,473,894,-1254,5,下位,0,0,0
150,150,0,-6,-23,0,0,0,248,216,-1426,1,下位,0,0,0
74,74,0,-6,-23,0,1,150,248,216,-1426,1,下位,0,150,0
72,72,0,-6,-23,0,2,224,248,216,-1426,1,下位,0,74,0
373,373,0,34,111,0,3,296,248,216,-1426,1,下位,0,72,0
129,129,0,27,88,0,0,0,669,111,-2431,1,下位,0,0,0
67,67,0,-6,-23,0,0,0,129,88,-2545,1,下位,0,0,0
496,496,0,134,399,0,1,67,129,88,-2545,1,下位,0,67,0
387,387,0,-6,-23,1,0,0,0,0,1,0,下位,0,0,0
78,78,0,116,363,1,1,387,0,0,1,0,下位,0,387,0
519,519,0,61,223,0,0,0,465,363,-386,2,下位,0,0,0
121,121,0,-6,-23,0,0,0,519,223,-974,1,下位,0,0,0
191,191,0,44,155,0,1,121,519,223,-974,1,下位,0,121,0
594,594,0,-6,-23,0,0,0,312,155,-1330,1,下位,0,0,0
356,356,0,95,219,0,1,594,312,155,-1330,1,下位,0,594,0
79,79,0,-6,-23,0,0,0,950,219,-2620,2,下位,0,0,0
90,90,0,-6,-23,0,1,79,950,219,-2620,2,下位,0,79,0
573,573,0,-6,-23,0,2,169,950,219,-2620,2,下位,0,90,0
279,279,0,248,574,0,3,742,950,219,-2620,2,下位,0,573,0
368,368,0,328,716,0,0,0,1021,574,-3712,4,下位,0,0,0
318,318,0,155,461,0,0,0,368,716,-3571,4,下位,0,0,0
433,433,0,-6,-23,1,0,0,0,0,1,0,下位,0,0,0
152,152,0,-6,-23,1,1,433,0,0,1,0,下位,0,433,0
729,729,0,40,140,1,2,585,0,0,1,0,下位,0,152,0
63,63,0,-6,-23,0,0,0,1314,140,-1959,1,下位,0,0,0
198,198,0,-6,-23,0,1,63,1314,140,-1959,1,下位,0,63,0
593,593,0,43,146,0,2,261,1314,140,-1959,1,下位,0,198,0
650,650,0,-6,-23,0,0,0,854,146,-3195,1,下位,0,0,0
122,122,0,135,418,0,1,650,854,146,-3195,1,下位,0,650,0
535,535,0,25,78,0,0,0,772,418,-4007,2,下位,0,0,0
167,167,0,77,280,0,0,0,535,78,-4765,1,下位,0,0,0
458,458,0,-6,-23,0,0,0,167,280,-4746,1,下位,0,0,0
583,583,0,46,156,0,1,458,167,280,-4746,1,下位,0,458,0
578,578,0,104,266,0,0,0,1041,156,-6240,1,下位,0,0,0
355,355,0,683,1484,0,0,0,578,266,-6878,2,下位,0,0,0
342,342,0,38,136,0,0,0,355,1484,-5949,10,下位,0,0,0
242,242,0,420,965,1,0,0,0,0,1,0,下位,0,0,0
189,189,0,-6,-23,0,0,0,242,965,587,6,下位,0,0,0
185,185,0,697,1507,0,1,189,242,965,587,6,下位,0,189,0
547,547,0,310,758,0,0,0,374,1507,1486,9,下位,0,0,0
512,512,0,62,225,0,0,0,547,758,1389,4,下位,0,0,0
595,595,0,331,640,0,0,0,512,225,814,1,下位,0,0,0
418,418,0,634,1421,0,0,0,595,640,524,5,下位,0,0,0
157,157,0,25,78,0,0,0,418,1421,1291,8,下位,0,0,0
95,95,0,-6,-23,1,0,0,0,0,1,0,下位,0,0,0
101,101,0,-6,-23,1,1,95,0,0,1,0,下位,0,95,0
558,558,0,172,363,1,2,196,0,0,1,0,下位,0,101,0
337,337,0,-6,-23,0,0,0,754,363,-861,3,下位,0,0,0
386,386,0,-6,-23,0,1,337,754,363,-861,3,下位,0,337,0
196,196,0,372,723,0,2,723,754,363,-861,3,下位,0,386,0
649,649,0,-6,-23,0,0,0,919,723,-1622,6,下位,0,0,0
351,351,0,-6,-23,0,1,649,919,723,-1622,6,下位,0,649,0
96,96,0,-6,-23,0,2,1000,919,723,-1622,6,下位,0,351,0
377,377,0,34,107,0,3,1096,919,723,-1622,6,下位,0,96,0
279,279,0,1145,2590,0,0,0,1473,107,-3888,1,下位,0,0,0
559,559,0,1397,3906,1,0,0,0,0,1,0,下位,0,0,0
588,588,0,-6,-23,0,0,0,559,3906,448,16,上位,0,0,0
156,156,0,-6,-23,0,1,588,559,3906,448,16,上位,0,588,0
241,241,0,148,430,0,2,744,559,3906,448,16,上位,0,156,0
168,168,0,-6,-23,0,0,0,985,430,-708,2,下位,0,0,0
184,184,0,302,769,0,1,168,985,430,-708,2,下位,0,168,0
234,234,0,139,393,0,0,0,352,769,-513,4,下位,0,0,0
285,285,0,254,625,0,0,0,234,393,-486,2,下位,0,0,0
219,219,0,853,1961,0,0,0,285,625,-307,3,下位,0,0,0
249,249,0,128,341,1,0,0,0,0,1,0,下位,0,0,0
254,254,0,-6,-23,0,0,0,249,341,-48,2,下位,0,0,0
238,238,0,-6,-23,0,1,254,249,341,-48,2,下位,0,254,0
177,177,0,-6,-23,0,2,492,249,341,-48,2,下位,0,238,0
354,354,0,426,1112,0,3,669,249,341,-48,2,下位,0,177,0
62,62,0,374,874,0,0,0,1023,1112,-604,5,下位,0,0,0
283,283,0,-6,-23,0,0,0,62,874,174,6,下位,0,0,0
146,146,0,-6,-23,0,1,283,62,874,174,6,下位,0,283,0
378,378,0,331,674,0,2,429,62,874,174,6,下位,0,146,0
263,263,0,38,119,0,0,0,807,674,-462,5,下位,0,0,0
323,323,0,204,535,0,0,0,263,119,-754,1,下位,0,0,0
361,361,0,-6,-23,0,0,0,323,535,-724,3,下位,0,0,0
407,407,0,528,1128,0,1,361,323,535,-724,3,下位,0,361,0
315,315,0,-6,-23,1,0,0,0,0,1,0,下位,0,0,0
136,136,0,-6,-23,1,1,315,0,0,1,0,下位,0,315,0
304,304,0,148,458,1,2,451,0,0,1,0,下位,0,136,0
449,449,0,302,821,0,0,0,755,458,-768,2,下位,0,0,0
498,498,0,199,527,0,0,0,449,821,-649,4,下位,0,0,0
307,307,0,515,1302,0,0,0,498,527,-901,3,下位,0,0,0
149,149,0,-6,-23,0,0,0,307,1302,-79,7,下位,0,0,0
553,553,0,346,880,0,1,149,307,1302,-79,7,下位,0,149,0
289,289,0,109,287,0,0,0,702,880,-319,5,下位,0,0,0
181,181,0,138,409,0,0,0,289,287,-484,2,下位,0,0,0
479,479,0,256,769,0,0,0,181,409,-358,2,下位,0,0,0
187,187,0,82,296,1,0,0,0,0,1,0,下位,0,0,0
82,82,0,84,314,0,0,0,187,296,4,1,下位,0,0,0
151,151,0,60,214,0,0,0,82,314,189,1,下位,0,0,0
162,162,0,-6,-23,0,0,0,151,214,167,1,下位,0,0,0
452,452,0,-6,-23,0,1,162,151,214,167,1,下位,0,162,0
269,269,0,64,233,0,2,614,151,214,167,1,下位,0,452,0
326,326,0,-6,-23,0,0,0,883,233,-1028,1,下位,0,0,0
107,107,0,540,1137,0,1,326,883,233,-1028,1,下位,0,326,0
198,198,0,654,1444,0,0,0,433,1137,-593,7,下位,0,0,0
143,143,0,-6,-23,0,0,0,198,1444,541,9,下位,0,0,0
156,156,0,-6,-23,0,1,143,198,1444,541,9,下位,0,143,0
120,120,0,-6,-23,0,2,299,198,1444,541,9,下位,0,156,0
445,445,0,551,1220,0,3,419,198,1444,541,9,下位,0,120,0
303,303,0,-6,-23,0,0,0,864,1220,340,8,下位,0,0,0
88,88,0,58,210,0,1,303,864,1220,340,8,下位,0,303,0
90,90,0,177,565,0,0,0,391,210,-85,1,下位,0,0,0
169,169,0,-6,-23,1,0,0,0,0,1,0,下位,0,0,0
474,474,0,-6,-23,1,1,169,0,0,1,0,下位,0,169,0
400,400,0,56,202,1,2,643,0,0,1,0,下位,0,474,0
388,388,0,-6,-23,0,0,0,1043,202,-1473,1,下位,0,0,0
336,336,0,164,464,0,1,388,1043,202,-1473,1,下位,0,388,0
96,96,0,619,1916,0,0,0,724,464,-2164,2,下位,0,0,0
552,552,0,137,405,0,0,0,96,1916,-398,6,下位,0,0,0
123,123,0,4100,12135,1,0,0,0,0,1,0,下位,0,0,0
351,351,0,-6,-23,0,0,0,123,12135,-2,42,上位,0,0,0
99,99,0,-6,-23,0,1,351,123,12135,-2,42,上位,0,351,0
478,478,0,623,1439,0,2,450,123,12135,-2,42,上位,0,99,0
344,344,0,-6,-23,1,0,0,0,0,1,0,下位,0,0,0
422,422,0,-6,-23,1,1,344,0,0,1,0,下位,0,344,0
547,547,0,145,470,1,2,766,0,0,1,0,下位,0,422,0
120,120,0,-6,-23,0,0,0,1313,470,-1628,2,下位,0,0,0
89,89,0,-6,-23,0,1,120,1313,470,-1628,2,下位,0,120,0
355,355,0,397,959,0,2,209,1313,470,-1628,2,下位,0,89,0
128,128,0,539,1202,0,0,0,564,959,-1598,6,下位,0,0,0
298,298,0,54,195,1,0,0,0,0,1,0,下位,0,0,0
250,250,0,-6,-23,0,0,0,298,195,-270,1,下位,0,0,0
623,623,0,-6,-23,0,1,250,298,195,-270,1,下位,0,250,0
436,436,0,170,364,0,2,873,298,195,-270,1,下位,0,623,0
339,339,0,-6,-23,0,0,0,1309,364,-1999,2,下位,0,0,0
244,244,0,63,230,0,1,339,1309,364,-1999,2,下位,0,339,0
525,525,0,388,926,0,0,0,583,230,-2704,1,下位,0,0,0
685,685,0,36,125,0,0,0,525,926,-2599,5,下位,0,0,0
276,276,0,-6,-23,1,0,0,0,0,1,0,下位,0,0,0
69,69,0,-6,-23,1,1,276,0,0,1,0,下位,0,276,0
196,196,0,38,130,1,2,345,0,0,1,0,下位,0,69,0
174,174,0,-6,-23,0,0,0,541,130,-762,1,下位,0,0,0
468,468,0,28,89,0,1,174,541,130,-762,1,下位,0,174,0
215,215,0,448,1143,0,0,0,642,89,-1700,1,下位,0,0,0
512,512,0,-6,-23,0,0,0,215,1143,-893,5,下位,0,0,0
43,43,0,58,211,0,1,512,215,1143,-893,5,下位,0,512,0
380,380,0,93,242,0,0,0,555,211,-1573,1,下位,0,0,0
255,255,0,1034,2295,0,0,0,380,242,-1925,2,下位,0,0,0
280,280,0,-6,-23,0,0,0,255,2295,-29,14,下位,0,0,0
102,102,0,1270,3237,0,1,280,255,2295,-29,14,下位,0,280,0
447,447,0,472,1051,1,0,0,0,0,1,0,下位,0,0,0
161,161,0,27,87,0,0,0,447,1051,353,6,下位,0,0,0
375,375,0,74,264,0,0,0,161,87,188,1,下位,0,0,0
308,308,0,72,260,0,0,0,375,264,-134,1,下位,0,0,0
234,234,0,-6,-23,0,0,0,308,260,-356,1,下位,0,0,0
62,62,0,-6,-23,0,1,234,308,260,-356,1,下位,0,234,0
541,541,0,-6,-23,0,2,296,308,260,-356,1,下位,0,62,0
220,220,0,59,216,0,3,837,308,260,-356,1,下位,0,541,0
202,202,0,58,209,0,0,0,1057,216,-1862,1,下位,0,0,0
136,136,0,-6,-23,0,0,0,202,209,-1969,1,下位,0,0,0
40,40,0,-6,-23,0,1,136,202,209,-1969,1,下位,0,136,0
451,451,0,3348,9452,0,2,176,202,209,-1969,1,下位,0,40,0
333,333,0,62,227,1,0,0,0,0,1,0,下位,0,0,0
626,626,0,-6,-23,0,0,0,333,227,-293,1,下位,0,0,0
171,171,0,64,235,0,1,626,333,227,-293,1,下位,0,626,0
236,236,0,186,599,0,0,0,797,235,-1328,1,下位,0,0,0
413,413,0,-6,-23,0,0,0,236,599,-1098,2,下位,0,0,0
67,67,0,-6,-23,0,1,413,236,599,-1098,2,下位,0,413,0
493,493,0,57,196,0,2,480,236,599,-1098,2,下位,0,67,0
567,567,0,572,1163,0,0,0,973,196,-2470,1,下位,0,0,0
552,552,0,-6,-23,0,0,0,567,1163,-2193,8,下位,0,0,0
156,156,0,1121,2940,0,1,552,567,1163,-2193,8,下位,0,552,0
340,340,0,504,1246,0,0,0,708,2940,-382,13,下位,0,0,0
214,214,0,78,285,1,0,0,0,0,1,0,下位,0,0,0
445,445,0,-6,-23,0,0,0,214,285,-49,1,下位,0,0,0
161,161,0,-6,-23,0,1,445,214,285,-49,1,下位,0,445,0
330,330,0,65,221,0,2,606,214,285,-49,1,下位,0,161,0
229,229,0,-6,-23,0,0,0,936,221,-1338,1,下位,0,0,0
207,207,0,-6,-23,0,1,229,936,221,-1338,1,下位,0,229,0
739,739,0,37,127,0,2,436,936,221,-1338,1,下位,0,207,0
317,317,0,54,196,0,0,0,1175,127,-3094,1,下位,0,0,0
102,102,0,-6,-23,0,0,0,317,196,-3394,1,下位,0,0,0
428,428,0,-6,-23,0,1,102,317,196,-3394,1,下位,0,102,0
84,84,0,120,389,0,2,530,317,196,-3394,1,下位,0,428,0
198,198,0,-6,-23,0,0,0,614,389,-4012,2,下位,0,0,0
147,147,0,176,367,0,1,198,614,389,-4012,2,下位,0,198,0
45,45,0,-6,-23,0,0,0,345,367,-4208,2,下位,0,0,0
331,331,0,-6,-23,0,1,45,345,367,-4208,2,下位,0,45,0
360,360,0,54,183,0,2,376,345,367,-4208,2,下位,0,331,0
217,217,0,217,553,1,0,0,0,0,1,0,下位,0,0,0
536,536,0,126,339,0,0,0,217,553,214,3,下位,0,0,0
546,546,0,-6,-23,0,0,0,536,339,-285,2,下位,0,0,0
247,247,0,-6,-23,0,1,546,536,339,-285,2,下位,0,546,0
622,622,0,28,84,0,2,793,536,339,-285,2,下位,0,247,0
190,190,0,-6,-23,0,0,0,1415,84,-2459,1,下位,0,0,0
333,333,0,-6,-23,0,1,190,1415,84,-2459,1,下位,0,190,0
71,71,0,158,478,0,2,523,1415,84,-2459,1,下位,0,333,0
95,95,0,-6,-23,0,0,0,594,478,-2956,2,下位,0,0,0
98,98,0,-6,-23,0,1,95,594,478,-2956,2,下位,0,95,0
293,293,0,59,204,0,2,193,594,478,-2956,2,下位,0,98,0
205,205,0,-6,-23,0,0,0,486,204,-3559,1,下位,0,0,0
214,214,0,300,832,0,1,205,486,204,-3559,1,下位,0,205,0
90,90,0,65,238,0,0,0,419,832,-3406,4,下位,0,0,0
179,179,0,-6,-23,1,0,0,0,0,1,0,下位,0,0,0
460,460,0,-6,-23,1,1,179,0,0,1,0,下位,0,179,0
363,363,0,40,139,1,2,639,0,0,1,0,下位,0,460,0
213,213,0,-6,-23,0,0,0,1002,139,-1473,1,下位,0,0,0
223,223,0,-6,-23,0,1,213,1002,139,-1473,1,下位,0,213,0
265,265,0,222,512,0,2,436,1002,139,-1473,1,下位,0,223,0
202,202,0,-6,-23,0,0,0,701,512,-2103,3,下位,0,0,0
262,262,0,-6,-23,0,1,202,701,512,-2103,3,下位,0,202,0
379,379,0,187,564,0,2,464,701,512,-2103,3,下位,0,262,0
580,580,0,-6,-23,0,0,0,843,564,-2904,2,下位,0,0,0
222,222,0,2311,6451,0,1,580,843,564,-2904,2,下位,0,580,0
97,97,0,-6,-23,0,0,0,802,6451,-2,23,上位,0,0,0
409,409,0,236,721,0,1,97,802,6451,-2,23,上位,0,97,0
418,418,0,-6,-23,1,0,0,0,0,1,0,下位,0,0,0
244,244,0,637,1602,1,1,418,0,0,1,0,下位,0,418,0
478,478,0,51,178,0,0,0,662,1602,544,8,下位,0,0,0
360,360,0,274,638,0,0,0,478,178,-25,1,下位,0,0,0
137,137,0,-6,-23,0,0,0,360,638,50,3,下位,0,0,0
84,84,0,120,338,0,1,137,360,638,50,3,下位,0,137,0
174,174,0,-6,-23,0,0,0,221,338,18,2,下位,0,0,0
326,326,0,-6,-23,0,1,174,221,338,18,2,下位,0,174,0
312,312,0,56,196,0,2,500,221,338,18,2,下位,0,326,0
183,183,0,-6,-23,0,0,0,812,196,-1102,1,下位,0,0,0
179,179,0,1446,3568,0,1,183,812,196,-1102,1,下位,0,183,0
372,372,0,110,275,0,0,0,362,3568,1876,17,下位,0,0,0
525,525,0,45,132,1,0,0,0,0,1,0,下位,0,0,0
108,108,0,130,376,0,0,0,525,132,-688,1,下位,0,0,0
62,62,0,191,521,0,0,0,108,376,-481,2,下位,0,0,0
191,191,0,139,436,0,0,0,62,521,-57,3,下位,0,0,0
390,390,0,-6,-23,0,0,0,191,436,80,2,下位,0,0,0
533,533,0,-6,-23,0,1,390,191,436,80,2,下位,0,390,0
370,370,0,-6,-23,0,2,923,191,436,80,2,下位,0,533,0
199,199,0,34,114,0,3,1293,191,436,80,2,下位,0,370,0
64,64,0,-6,-23,0,0,0,1492,114,-2208,1,下位,0,0,0
262,262,0,40,141,0,1,64,1492,114,-2208,1,下位,0,64,0
128,128,0,312,752,0,0,0,326,141,-2600,1,下位,0,0,0
349,349,0,-6,-23,0,0,0,128,752,-2048,5,下位,0,0,0
230,230,0,-6,-23,0,1,349,128,752,-2048,5,下位,0,349,0
663,663,0,-6,-23,0,2,579,128,752,-2048,5,下位,0,230,0
476,476,0,28,93,0,3,1242,128,752,-2048,5,下位,0,663,0
204,204,0,682,1751,1,0,0,0,0,1,0,下位,0,0,0
441,441,0,-6,-23,0,0,0,204,1751,1433,8,下位,0,0,0
76,76,0,383,892,0,1,441,204,1751,1433,8,下位,0,441,0
444,444,0,-6,-23,0,0,0,517,892,1493,6,下位,0,0,0
334,334,0,38,123,0,1,444,517,892,1493,6,下位,0,444,0
112,112,0,56,204,0,0,0,778,123,377,1,下位,0,0,0
160,160,0,-6,-23,0,0,0,112,204,406,1,下位,0,0,0
365,365,0,1135,3152,0,1,160,112,204,406,1,下位,0,160,0
157,157,0,502,1160,0,0,0,525,3152,434,13,上位,0,0,0
317,317,0,-6,-23,0,0,0,157,1160,1348,7,下位,0,0,0
150,150,0,2860,8355,0,1,317,157,1160,1348,7,下位,0,317,0
185,185,0,36,121,0,0,0,467,8355,323,31,上位,0,0,0
306,306,0,182,428,0,0,0,185,121,154,1,下位,0,0,0
247,247,0,-6,-23,1,0,0,0,0,1,0,下位,0,0,0
443,443,0,-6,-23,1,1,247,0,0,1,0,下位,0,247,0
95,95,0,54,187,1,2,690,0,0,1,0,下位,0,443,0
558,558,0,-6,-23,1,0,0,0,0,1,0,下位,0,0,0
317,317,0,44,149,1,1,558,0,0,1,0,下位,0,558,0
108,108,0,509,1147,0,0,0,875,149,-1241,1,下位,0,0,0
603,603,0,400,930,0,0,0,108,1147,-263,7,下位,0,0,0
331,331,0,-6,-23,1,0,0,0,0,1,0,下位,0,0,0
331,331,0,213,593,1,1,331,0,0,1,0,下位,0,331,0
138,138,0,391,820,0,0,0,662,593,-465,3,下位,0,0,0
430,430,0,-6,-23,0,0,0,138,820,139,5,下位,0,0,0
350,350,0,-6,-23,0,1,430,138,820,139,5,下位,0,430,0
43,43,0,-6,-23,0,2,780,138,820,139,5,下位,0,350,0
143,143,0,452,964,0,3,823,138,820,139,5,下位,0,43,0
67,67,0,455,952,0,0,0,966,964,-476,6,下位,0,0,0
67,67,0,207,528,1,0,0,0,0,1,0,下位,0,0,0
347,347,0,-6,-23,0,0,0,67,528,424,2,下位,0,0,0
116,116,0,-6,-23,0,1,347,67,528,424,2,下位,0,347,0
516,516,0,731,1330,0,2,463,67,528,424,2,下位,0,116,0
533,533,0,229,635,0,0,0,979,1330,176,11,下位,0,0,0
149,149,0,-6,-23,0,0,0,533,635,-22,3,下位,0,0,0
377,377,0,-6,-23,0,1,149,533,635,-22,3,下位,0,149,0
163,163,0,37,116,0,2,526,533,635,-22,3,下位,0,377,0
244,244,0,146,496,0,0,0,689,116,-1029,1,下位,0,0,0
214,214,0,-6,-23,0,0,0,244,496,-915,2,下位,0,0,0
224,224,0,1150,2708,0,1,214,244,496,-915,2,下位,0,214,0
79,79,0,119,308,0,0,0,438,2708,1085,15,下位,0,0,0
193,193,0,-6,-23,1,0,0,0,0,1,0,下位,0,0,0
67,67,0,-6,-23,1,1,193,0,0,1,0,下位,0,193,0
144,144,0,100,381,1,2,260,0,0,1,0,下位,0,67,0
475,475,0,-6,-23,0,0,0,404,381,-296,1,下位,0,0,0
126,126,0,287,571,0,1,475,404,381,-296,1,下位,0,475,0
203,203,0,112,321,0,0,0,601,571,-688,4,下位,0,0,0
370,370,0,45,148,0,0,0,203,321,-685,2,下位,0,0,0
517,517,0,258,607,0,0,0,370,148,-1116,1,下位,0,0,0
132,132,0,-6,-23,0,0,0,517,607,-1317,4,下位,0,0,0
80,80,0,101,259,0,1,132,517,607,-1317,4,下位,0,132,0
63,63,0,123,334,0,0,0,212,259,-1413,2,下位,0,0,0
362,362,0,578,1447,0,0,0,63,334,-1178,2,下位,0,0,0
600,600,0,953,2279,0,0,0,362,1447,-297,8,下位,0,0,0
317,317,0,57,207,1,0,0,0,0,1,0,下位,0,0,0
154,154,0,151,438,0,0,0,317,207,-288,1,下位,0,0,0
184,184,0,-6,-23,0,0,0,154,438,-91,2,下位,0,0,0
290,290,0,58,211,0,1,184,154,438,-91,2,下位,0,184,0
227,227,0,416,973,0,0,0,474,211,-645,1,下位,0,0,0
266,266,0,-6,-23,0,0,0,227,973,-27,5,下位,0,0,0
125,125,0,-6,-23,0,1,266,227,973,-27,5,下位,0,266,0
240,240,0,216,550,0,2,391,227,973,-27,5,下位,0,125,0
333,333,0,-6,-23,0,0,0,631,550,-510,3,下位,0,0,0
400,400,0,55,200,0,1,333,631,550,-510,3,下位,0,333,0
86,86,0,37,126,0,0,0,733,200,-1479,1,下位,0,0,0
553,553,0,311,777,0,0,0,86,126,-1488,1,下位,0,0,0
383,383,0,-6,-23,0,0,0,553,777,-1576,4,下位,0,0,0
357,357,0,80,300,0,1,383,553,777,-1576,4,下位,0,383,0
102,102,0,825,1806,0,0,0,740,300,-2456,1,下位,0,0,0
386,386,0,124,373,1,0,0,0,0,1,0,下位,0,0,0
175,175,0,117,307,0,0,0,386,373,-230,2,下位,0,0,0
242,242,0,202,722,0,0,0,175,307,-197,2,下位,0,0,0
279,279,0,-6,-23,0,0,0,242,722,146,2,下位,0,0,0
474,474,0,76,276,0,1,279,242,722,146,2,下位,0,279,0
117,117,0,-6,-23,1,0,0,0,0,1,0,下位,0,0,0
94,94,0,26,82,1,1,117,0,0,1,0,下位,0,117,0
186,186,0,53,192,0,0,0,211,82,-270,1,下位,0,0,0
159,159,0,361,800,0,0,0,186,192,-369,1,下位,0,0,0
124,124,0,-6,-23,0,0,0,159,800,182,5,下位,0,0,0
268,268,0,92,338,0,1,124,159,800,182,5,下位,0,124,0
306,306,0,54,196,0,0,0,392,338,-116,1,下位,0,0,0
268,268,0,35,119,0,0,0,306,196,-399,1,下位,0,0,0
159,159,0,-6,-23,0,0,0,268,119,-699,1,下位,0,0,0
481,481,0,1844,5227,0,1,159,268,119,-699,1,下位,0,159,0
182,182,0,-6,-23,0,0,0,640,5227,377,21,上位,0,0,0
249,249,0,109,257,0,1,182,640,5227,377,21,上位,0,182,0
117,117,0,-6,-23,1,0,0,0,0,1,0,下位,0,0,0
285,285,0,-6,-23,1,1,117,0,0,1,0,下位,0,117,0
276,276,0,147,379,1,2,402,0,0,1,0,下位,0,285,0
227,227,0,277,645,0,0,0,678,379,-727,2,下位,0,0,0
137,137,0,-6,-23,1,0,0,0,0,1,0,下位,0,0,0
524,524,0,725,1705,1,1,137,0,0,1,0,下位,0,137,0
474,474,0,-6,-23,0,0,0,661,1705,650,9,下位,0,0,0
97,97,0,116,284,0,1,474,661,1705,650,9,下位,0,474,0
109,109,0,372,837,0,0,0,571,284,18,2,下位,0,0,0
382,382,0,-6,-23,0,0,0,109,837,684,5,下位,0,0,0
119,119,0,-6,-23,0,1,382,109,837,684,5,下位,0,382,0
86,86,0,-6,-23,0,2,501,109,837,684,5,下位,0,119,0
388,388,0,148,414,0,3,587,109,837,684,5,下位,0,86,0
137,137,0,-6,-23,0,0,0,975,414,-496,2,下位,0,0,0
464,464,0,-6,-23,0,1,137,975,414,-496,2,下位,0,137,0
346,346,0,53,190,0,2,601,975,414,-496,2,下位,0,464,0
391,391,0,-6,-23,1,0,0,0,0,1,0,下位,0,0,0
369,369,0,-6,-23,1,1,391,0,0,1,0,下位,0,391,0
207,207,0,624,1421,1,2,760,0,0,1,0,下位,0,369,0
294,294,0,-6,-23,0,0,0,967,1421,-136,9,下位,0,0,0
425,425,0,-6,-23,0,1,294,967,1421,-136,9,下位,0,294,0
323,323,0,37,121,0,2,719,967,1421,-136,9,下位,0,425,0
457,457,0,-6,-23,1,0,0,0,0,1,0,下位,0,0,0
127,127,0,-6,-23,1,1,457,0,0,1,0,下位,0,457,0
85,85,0,132,351,1,2,584,0,0,1,0,下位,0,127,0
336,336,0,-6,-23,0,0,0,669,351,-740,2,下位,0,0,0
195,195,0,-6,-23,0,1,336,669,351,-740,2,下位,0,336,0
166,166,0,189,557,0,2,531,669,351,-740,2,下位,0,195,0
65,65,0,219,604,0,0,0,697,557,-1319,3,下位,0,0,0
245,245,0,199,506,0,0,0,65,604,-817,3,下位,0,0,0
757,757,0,118,298,0,0,0,245,506,-694,3,下位,0,0,0
80,80,0,58,213,0,0,0,757,298,-1579,2,下位,0,0,0
360,360,0,-6,-23,1,0,0,0,0,1,0,下位,0,0,0
200,200,0,-6,-23,1,1,360,0,0,1,0,下位,0,360,0
306,306,0,527,1120,1,2,560,0,0,1,0,下位,0,200,0
96,96,0,140,408,0,0,0,866,1120,-280,7,下位,0,0,0
406,406,0,-6,-23,0,0,0,96,408,-22,2,下位,0,0,0
282,282,0,79,218,0,1,406,96,408,-22,2,下位,0,406,0
106,106,0,57,202,0,0,0,688,218,-903,2,下位,0,0,0
216,216,0,264,656,0,0,0,106,202,-867,1,下位,0,0,0
578,578,0,-6,-23,0,0,0,216,656,-549,4,下位,0,0,0
142,142,0,-6,-23,0,1,578,216,656,-549,4,下位,0,578,0
396,396,0,177,412,0,2,720,216,656,-549,4,下位,0,142,0
196,196,0,30,88,0,0,0,1116,412,-1928,3,下位,0,0,0
475,475,0,61,211,1,0,0,0,0,1,0,下位,0,0,0
72,72,0,-6,-23,0,0,0,475,211,-531,1,下位,0,0,0
63,63,0,1669,5015,0,1,72,475,211,-531,1,下位,0,72,0
485,485,0,26,84,0,0,0,135,5015,300,16,上位,0,0,0
248,248,0,72,269,0,0,0,485,84,-374,1,下位,0,0,0
178,178,0,34,109,0,0,0,248,269,-493,1,下位,0,0,0
332,332,0,-6,-23,0,0,0,178,109,-663,1,下位,0,0,0
459,459,0,-6,-23,0,1,332,178,109,-663,1,下位,0,332,0
78,78,0,449,947,0,2,791,178,109,-663,1,下位,0,459,0
441,441,0,-6,-23,1,0,0,0,0,1,0,下位,0,0,0
79,79,0,-6,-23,1,1,441,0,0,1,0,下位,0,441,0
312,312,0,-6,-23,1,2,520,0,0,1,0,下位,0,79,0
438,438,0,96,357,1,3,832,0,0,1,0,下位,0,312,0
131,131,0,-6,-23,0,0,0,1270,357,-1698,1,下位,0,0,0
165,165,0,-6,-23,0,1,131,1270,357,-1698,1,下位,0,131,0
261,261,0,476,1009,0,2,296,1270,357,-1698,1,下位,0,165,0
173,173,0,206,363,0,0,0,557,1009,-1607,7,下位,0,0,0
265,265,0,-6,-23,0,0,0,173,363,-1515,3,下位,0,0,0
104,104,0,-6,-23,0,1,265,173,363,-1515,3,下位,0,265,0
274,274,0,446,914,0,2,369,173,363,-1515,3,下位,0,104,0
215,215,0,30,101,0,0,0,643,914,-1653,6,下位,0,0,0
200,200,0,79,296,1,0,0,0,0,1,0,下位,0,0,0
453,453,0,50,138,0,0,0,200,296,-16,1,下位,0,0,0
186,186,0,918,1966,1,0,0,0,0,1,0,下位,0,0,0
322,322,0,58,209,0,0,0,186,1966,1676,13,下位,0,0,0
127,127,0,104,313,0,0,0,322,209,1381,1,下位,0,0,0
230,230,0,-6,-23,0,0,0,127,313,1495,2,下位,0,0,0
154,154,0,161,501,0,1,230,127,313,1495,2,下位,0,230,0
378,378,0,419,862,0,0,0,384,501,1371,2,下位,0,0,0
119,119,0,435,1035,0,0,0,378,862,1642,6,下位,0,0,0
201,201,0,-6,-23,0,0,0,119,1035,292,7,上位,0,0,0
152,152,0,366,731,0,1,201,119,1035,292,7,上位,0,201,0
558,558,0,-6,-23,1,0,0,0,0,1,0,下位,0,0,0
452,452,0,382,827,1,1,558,0,0,1,0,下位,0,558,0
293,293,0,-6,-23,0,0,0,1010,827,-774,6,下位,0,0,0
60,60,0,-6,-23,0,1,293,1010,827,-774,6,下位,0,293,0
352,352,0,-6,-23,0,2,353,1010,827,-774,6,下位,0,60,0
312,312,0,213,505,0,3,705,1010,827,-774,6,下位,0,352,0
485,485,0,334,813,0,0,0,1017,505,-1928,3,下位,0,0,0
374,374,0,60,218,0,0,0,485,813,-1873,5,下位,0,0,0
169,169,0,331,771,0,0,0,374,218,-2240,1,下位,0,0,0
442,442,0,45,121,0,0,0,169,771,-1734,5,下位,0,0,0
99,99,0,38,129,0,0,0,442,121,-2304,1,下位,0,0,0
91,91,0,626,1348,0,0,0,99,129,-2330,1,下位,0,0,0
192,192,0,82,306,1,0,0,0,0,1,0,下位,0,0,0
313,313,0,542,1095,0,0,0,192,306,7,1,下位,0,0,0
439,439,0,118,332,0,0,0,313,1095,613,8,下位,0,0,0
283,283,0,-6,-23,0,0,0,439,332,259,2,下位,0,0,0
479,479,0,-6,-23,0,1,283,439,332,259,2,下位,0,283,0
552,552,0,-6,-23,0,2,762,439,332,259,2,下位,0,479,0
353,353,0,118,295,0,3,1314,439,332,259,2,下位,0,552,0
201,201,0,-6,-23,0,0,0,1667,295,-2122,2,下位,0,0,0
399,399,0,66,238,0,1,201,1667,295,-2122,2,下位,0,201,0
291,291,0,-6,-23,0,0,0,600,238,-2846,1,下位,0,0,0
192,192,0,120,361,0,1,291,600,238,-2846,1,下位,0,291,0
173,173,0,190,499,0,0,0,483,361,-3263,2,下位,0,0,0
308,308,0,47,162,1,0,0,0,0,1,0,下位,0,0,0
90,90,0,-6,-23,0,0,0,308,162,-319,1,下位,0,0,0
473,473,0,60,209,0,1,90,308,162,-319,1,下位,0,90,0
328,328,0,-6,-23,0,0,0,563,209,-1014,1,下位,0,0,0
483,483,0,-6,-23,0,1,328,563,209,-1014,1,下位,0,328,0
200,200,0,-6,-23,0,2,811,563,209,-1014,1,下位,0,483,0
64,64,0,248,535,0,3,1011,563,209,-1014,1,下位,0,200,0
446,446,0,27,86,1,0,0,0,0,1,0,下位,0,0,0
191,191,0,39,128,0,0,0,446,86,-610,1,下位,0,0,0
334,334,0,152,452,0,0,0,191,128,-781,1,下位,0,0,0
89,89,0,60,192,1,0,0,0,0,1,0,下位,0,0,0
447,447,0,-6,-23,0,0,0,89,192,53,1,下位,0,0,0
208,208,0,760,1675,0,1,447,89,192,53,1,下位,0,447,0
269,269,0,-6,-23,0,0,0,655,1675,681,10,下位,0,0,0
531,531,0,76,281,0,1,269,655,1675,681,10,下位,0,269,0
257,257,0,-6,-23,0,0,0,800,281,-312,1,下位,0,0,0
308,308,0,-6,-23,0,1,257,800,281,-312,1,下位,0,257,0
622,622,0,-6,-23,0,2,565,800,281,-312,1,下位,0,308,0
415,415,0,32,107,0,3,1187,800,281,-312,1,下位,0,622,0
328,328,0,-6,-23,0,0,0,1602,107,-2779,1,下位,0,0,0
405,405,0,218,607,0,1,328,1602,107,-2779,1,下位,0,328,0
139,139,0,124,410,1,0,0,0,0,1,0,下位,0,0,0
190,190,0,-6,-23,0,0,0,139,410,193,2,下位,0,0,0
168,168,0,267,480,0,1,190,139,410,193,2,下位,0,190,0
542,542,0,126,362,0,0,0,358,480,90,4,下位,0,0,0
155,155,0,41,142,1,0,0,0,0,1,0,下位,0,0,0
494,494,0,44,144,0,0,0,155,142,-100,1,下位,0,0,0
253,253,0,430,776,0,0,0,494,144,-728,1,下位,0,0,0
377,377,0,234,468,0,0,0,253,776,-348,6,下位,0,0,0
269,269,0,110,290,0,0,0,377,468,-469,3,下位,0,0,0
341,341,0,-6,-23,0,0,0,269,290,-600,2,下位,0,0,0
277,277,0,118,322,0,1,341,269,290,-600,2,下位,0,341,0
230,230,0,952,2506,0,0,0,618,322,-1267,2,下位,0,0,0
608,608,0,-6,-23,0,0,0,230,2506,878,11,下位,0,0,0
219,219,0,59,208,0,1,608,230,2506,878,11,下位,0,608,0
263,263,0,-6,-23,1,0,0,0,0,1,0,下位,0,0,0
374,374,0,55,188,1,1,263,0,0,1,0,下位,0,263,0
354,354,0,41,116,0,0,0,637,188,-830,1,下位,0,0,0
253,253,0,54,194,0,0,0,354,116,-1268,1,下位,0,0,0
483,483,0,-6,-23,0,0,0,253,194,-1470,1,下位,0,0,0
405,405,0,56,201,0,1,483,253,194,-1470,1,下位,0,483,0
294,294,0,317,665,0,0,0,888,201,-2680,1,下位,0,0,0
322,322,0,-6,-23,0,0,0,294,665,-2475,5,下位,0,0,0
352,352,0,57,206,0,1,322,294,665,-2475,5,下位,0,322,0
152,152,0,-6,-23,0,0,0,674,206,-3346,1,下位,0,0,0
43,43,0,52,180,0,1,152,674,206,-3346,1,下位,0,152,0
198,198,0,407,855,1,0,0,0,0,1,0,下位,0,0,0
260,260,0,71,264,0,0,0,198,855,546,6,下位,0,0,0
209,209,0,28,84,0,0,0,260,264,403,1,下位,0,0,0
568,568,0,-6,-23,0,0,0,209,84,160,1,下位,0,0,0
480,480,0,887,1983,0,1,568,209,84,160,1,下位,0,568,0
111,111,0,545,1324,0,0,0,1048,1983,481,12,下位,0,0,0
519,519,0,383,966,1,0,0,0,0,1,0,下位,0,0,0
406,406,0,98,200,0,0,0,519,966,156,4,下位,0,0,0
448,448,0,105,235,0,0,0,406,200,-279,2,下位,0,0,0
246,246,0,1570,4337,0,0,0,448,235,-744,2,下位,0,0,0
449,449,0,42,139,0,0,0,246,4337,257,20,上位,0,0,0
384,384,0,-6,-23,1,0,0,0,0,1,0,下位,0,0,0
86,86,0,-6,-23,1,1,384,0,0,1,0,下位,0,384,0
114,114,0,774,1775,1,2,470,0,0,1,0,下位,0,86,0
471,471,0,-6,-23,0,0,0,584,1775,817,11,下位,0,0,0
168,168,0,-6,-23,0,1,471,584,1775,817,11,下位,0,471,0
124,124,0,265,495,0,2,639,584,1775,817,11,下位,0,168,0
510,510,0,43,150,0,0,0,763,495,73,4,下位,0,0,0
454,454,0,64,233,0,0,0,510,150,-574,1,下位,0,0,0
533,533,0,-6,-23,0,0,0,454,233,-1051,1,下位,0,0,0
242,242,0,68,253,0,1,533,454,233,-1051,1,下位,0,533,0
565,565,0,-6,-23,1,0,0,0,0,1,0,下位,0,0,0
176,176,0,138,384,1,1,565,0,0,1,0,下位,0,565,0
206,206,0,316,802,0,0,0,741,384,-796,2,下位,0,0,0
236,236,0,472,1029,0,0,0,206,802,-316,5,下位,0,0,0
357,357,0,-6,-23,0,0,0,236,1029,344,7,下位,0,0,0
617,617,0,-6,-23,0,1,357,236,1029,344,7,下位,0,357,0
328,328,0,148,402,0,2,974,236,1029,344,7,下位,0,617,0
241,241,0,-6,-23,0,0,0,1302,402,-1335,2,下位,0,0,0
471,471,0,273,601,0,1,241,1302,402,-1335,2,下位,0,241,0
368,368,0,-6,-23,0,0,0,712,601,-1870,3,下位,0,0,0
345,345,0,-6,-23,0,1,368,712,601,-1870,3,下位,0,368,0
305,305,0,63,232,0,2,713,712,601,-1870,3,下位,0,345,0
96,96,0,-6,-23,0,0,0,1018,232,-3275,1,下位,0,0,0
399,399,0,150,433,0,1,96,1018,232,-3275,1,下位,0,96,0
209,209,0,330,754,1,0,0,0,0,1,0,下位,0,0,0
126,126,0,142,289,0,0,0,209,754,428,4,下位,0,0,0
117,117,0,-6,-23,0,0,0,126,289,520,2,下位,0,0,0
393,393,0,-6,-23,0,1,117,126,289,520,2,下位,0,117,0
299,299,0,558,1286,0,2,510,126,289,520,2,下位,0,393,0
481,481,0,63,224,0,0,0,809,1286,494,7,下位,0,0,0
228,228,0,-6,-23,0,0,0,481,224,-34,1,下位,0,0,0
40,40,0,58,201,0,1,228,481,224,-34,1,下位,0,228,0
234,234,0,-6,-23,0,0,0,268,201,-276,1,下位,0,0,0
217,217,0,53,191,0,1,234,268,201,-276,1,下位,0,234,0
280,280,0,39,134,0,0,0,451,191,-814,1,下位,0,0,0
379,379,0,67,241,0,0,0,280,134,-1118,1,下位,0,0,0
176,176,0,-6,-23,1,0,0,0,0,1,0,下位,0,0,0
286,286,0,-6,-23,1,1,176,0,0,1,0,下位,0,176,0
240,240,0,-6,-23,1,2,462,0,0,1,0,下位,0,286,0
80,80,0,49,152,1,3,702,0,0,1,0,下位,0,240,0
348,348,0,37,115,0,0,0,782,152,-1138,1,下位,0,0,0
314,314,0,432,1045,0,0,0,348,115,-1567,1,下位,0,0,0
217,217,0,406,892,0,0,0,314,1045,-1013,5,下位,0,0,0
292,292,0,-6,-23,0,0,0,217,892,-460,5,下位,0,0,0
167,167,0,626,1370,0,1,292,217,892,-460,5,下位,0,292,0
513,513,0,39,117,0,0,0,459,1370,169,8,下位,0,0,0
117,117,0,-6,-23,1,0,0,0,0,1,0,下位,0,0,0
248,248,0,-6,-23,1,1,117,0,0,1,0,下位,0,117,0
111,111,0,923,2091,1,2,365,0,0,1,0,下位,0,248,0
107,107,0,60,215,0,0,0,476,2091,1301,12,下位,0,0,0
243,243,0,112,288,0,0,0,107,215,1348,1,下位,0,0,0
323,323,0,-6,-23,0,0,0,243,288,1256,2,下位,0,0,0
270,270,0,55,199,0,1,323,243,288,1256,2,下位,0,323,0
353,353,0,-6,-23,0,0,0,593,199,505,1,下位,0,0,0
90,90,0,333,790,0,1,353,593,199,505,1,下位,0,353,0
61,61,0,322,935,0,0,0,443,790,580,5,下位,0,0,0
258,258,0,283,567,1,0,0,0,0,1,0,下位,0,0,0
216,216,0,47,166,0,0,0,258,567,163,4,下位,0,0,0
265,265,0,184,547,0,0,0,216,166,-9,1,下位,0,0,0
104,104,0,180,425,0,0,0,265,547,124,2,下位,0,0,0
325,325,0,989,2588,0,0,0,104,425,386,2,下位,0,0,0
233,233,0,1241,3434,0,0,0,325,2588,292,13,上位,0,0,0
357,357,0,-6,-23,0,0,0,233,3434,279,15,上位,0,0,0
74,74,0,-6,-23,0,1,357,233,3434,279,15,上位,0,357,0
43,43,0,58,206,0,2,431,233,3434,279,15,上位,0,74,0
729,729,0,207,477,0,0,0,474,206,-303,1,下位,0,0,0
370,370,0,202,568,0,0,0,729,477,-966,3,下位,0,0,0
61,61,0,270,679,0,0,0,370,568,-977,3,下位,0,0,0
168,168,0,42,128,0,0,0,61,679,-393,4,下位,0,0,0
94,94,0,74,276,0,0,0,168,128,-528,1,下位,0,0,0
142,142,0,-6,-23,0,0,0,94,276,-399,1,下位,0,0,0
504,504,0,64,237,0,1,142,94,276,-399,1,下位,0,142,0
226,226,0,40,141,0,0,0,646,237,-1195,1,下位,0,0,0
540,540,0,-6,-23,1,0,0,0,0,1,0,下位,0,0,0
183,183,0,29,94,1,1,540,0,0,1,0,下位,0,540,0
660,660,0,711,1649,0,0,0,723,94,-1058,1,下位,0,0,0
442,442,0,-6,-23,0,0,0,660,1649,-441,9,下位,0,0,0
56,56,0,-6,-23,0,1,442,660,1649,-441,9,下位,0,442,0
171,171,0,196,493,0,2,498,660,1649,-441,9,下位,0,56,0
404,404,0,80,299,0,0,0,669,493,-1041,4,下位,0,0,0
123,123,0,-6,-23,0,0,0,404,299,-1374,1,下位,0,0,0
23,23,0,144,398,0,1,123,404,299,-1374,1,下位,0,123,0
178,178,0,-6,-23,1,0,0,0,0,1,0,下位,0,0,0
554,554,0,54,196,1,1,178,0,0,1,0,下位,0,178,0
180,180,0,-6,-23,0,0,0,732,196,-971,1,下位,0,0,0
279,279,0,237,668,0,1,180,732,196,-971,1,下位,0,180,0
63,63,0,1685,4810,0,0,0,459,668,-1044,3,下位,0,0,0
423,423,0,163,341,0,0,0,63,4810,363,20,上位,0,0,0
329,329,0,199,474,1,0,0,0,0,1,0,下位,0,0,0
88,88,0,125,333,0,0,0,329,474,-38,3,下位,0,0,0
130,130,0,-6,-23,0,0,0,88,333,157,2,下位,0,0,0
113,113,0,-6,-23,0,1,130,88,333,157,2,下位,0,130,0
252,252,0,98,373,0,2,243,88,333,157,2,下位,0,113,0
360,360,0,28,87,0,0,0,495,373,-291,1,下位,0,0,0
403,403,0,-6,-23,0,0,0,360,87,-767,1,下位,0,0,0
290,290,0,96,234,0,1,403,360,87,-767,1,下位,0,403,0
248,248,0,-6,-23,0,0,0,693,234,-1640,2,下位,0,0,0
471,471,0,28,89,0,1,248,693,234,-1640,2,下位,0,248,0
412,412,0,62,226,0,0,0,719,89,-2698,1,下位,0,0,0
61,61,0,672,1646,0,0,0,412,226,-3116,1,下位,0,0,0
96,96,0,-6,-23,1,0,0,0,0,1,0,下位,0,0,0
138,138,0,147,424,1,1,96,0,0,1,0,下位,0,96,0
212,212,0,284,534,0,0,0,234,424,36,2,下位,0,0,0
372,372,0,-6,-23,0,0,0,212,534,238,4,下位,0,0,0
153,153,0,-6,-23,0,1,372,212,534,238,4,下位,0,372,0
115,115,0,1218,3595,0,2,525,212,534,238,4,下位,0,153,0
449,449,0,-6,-23,0,0,0,640,3595,430,12,上位,0,0,0
48,48,0,-6,-23,0,1,449,640,3595,430,12,上位,0,449,0
177,177,0,163,406,0,2,497,640,3595,430,12,上位,0,48,0
281,281,0,-6,-23,0,0,0,674,406,-264,3,下位,0,0,0
113,113,0,260,641,0,1,281,674,406,-264,3,下位,0,281,0
173,173,0,59,210,0,0,0,394,641,-262,4,下位,0,0,0
282,282,0,304,859,0,0,0,173,210,-323,1,下位,0,0,0
230,230,0,121,313,0,0,0,282,859,95,4,下位,0,0,0
487,487,0,533,1199,0,0,0,230,313,48,2,下位,0,0,0
452,452,0,47,167,0,0,0,487,1199,486,7,下位,0,0,0
247,247,0,-6,-23,0,0,0,452,167,-54,1,下位,0,0,0
340,340,0,57,201,0,1,247,452,167,-54,1,下位,0,247,0
149,149,0,290,719,0,0,0,587,201,-794,1,下位,0,0,0
355,355,0,178,438,0,0,0,149,719,-308,4,下位,0,0,0
387,387,0,-6,-23,1,0,0,0,0,1,0,下位,0,0,0
209,209,0,-6,-23,1,1,387,0,0,1,0,下位,0,387,0
483,483,0,-6,-23,1,2,596,0,0,1,0,下位,0,209,0
184,184,0,36,124,1,3,1079,0,0,1,0,下位,0,483,0
151,151,0,-6,-23,0,0,0,1263,124,-1919,1,下位,0,0,0
92,92,0,38,132,0,1,151,1263,124,-1919,1,下位,0,151,0
411,411,0,1291,2986,0,0,0,243,132,-2190,1,下位,0,0,0
265,265,0,-6,-23,0,0,0,411,2986,154,16,下位,0,0,0
217,217,0,108,273,0,1,265,411,2986,154,16,下位,0,265,0
387,387,0,-6,-23,0,0,0,482,273,-350,2,下位,0,0,0
76,76,0,-6,-23,0,1,387,482,273,-350,2,下位,0,387,0
248,248,0,575,1329,0,2,463,482,273,-350,2,下位,0,76,0
140,140,0,41,142,0,0,0,711,1329,-179,7,下位,0,0,0
192,192,0,74,263,0,0,0,140,142,-256,1,下位,0,0,0
329,329,0,56,202,0,0,0,192,263,-293,1,下位,0,0,0
116,116,0,117,285,0,0,0,329,202,-605,1,下位,0,0,0
251,251,0,63,231,0,0,0,116,285,-502,2,下位,0,0,0
189,189,0,308,748,1,0,0,0,0,1,0,下位,0,0,0
231,231,0,118,335,0,0,0,189,748,453,5,下位,0,0,0
95,95,0,747,2071,0,0,0,231,335,427,2,下位,0,0,0
151,151,0,-6,-23,0,0,0,95,2071,-2,8,上位,0,0,0
130,130,0,419,901,0,1,151,95,2071,-2,8,上位,0,151,0
415,415,0,280,662,0,0,0,281,901,436,6,下位,0,0,0
281,281,0,66,243,0,0,0,415,662,448,4,下位,0,0,0
370,370,0,1446,3572,0,0,0,281,243,252,1,下位,0,0,0
454,454,0,732,1814,0,0,0,370,3572,275,19,上位,0,0,0
219,219,0,77,152,0,0,0,454,1814,1379,10,下位,0,0,0
219,219,0,26,85,0,0,0,219,152,1188,2,下位,0,0,0
305,305,0,-6,-23,0,0,0,219,85,930,1,下位,0,0,0
78,78,0,409,776,0,1,305,219,85,930,1,下位,0,305,0
361,361,0,45,159,0,0,0,383,776,1084,7,下位,0,0,0
374,374,0,-6,-23,1,0,0,0,0,1,0,下位,0,0,0
75,75,0,-6,-23,1,1,374,0,0,1,0,下位,0,374,0
181,181,0,41,142,1,2,449,0,0,1,0,下位,0,75,0
275,275,0,-6,-23,0,0,0,630,142,-889,1,下位,0,0,0
185,185,0,96,355,0,1,275,630,142,-889,1,下位,0,275,0
433,433,0,-6,-23,0,0,0,460,355,-1276,1,下位,0,0,0
532,532,0,257,612,0,1,433,460,355,-1276,1,下位,0,433,0
458,458,0,185,468,0,0,0,965,612,-2196,4,下位,0,0,0
453,453,0,-6,-23,0,0,0,458,468,-2444,3,下位,0,0,0
117,117,0,97,253,0,1,453,458,468,-2444,3,下位,0,453,0
267,267,0,45,153,0,0,0,570,253,-3105,2,下位,0,0,0
114,114,0,58,213,0,0,0,267,153,-3370,1,下位,0,0,0
117,117,0,143,382,1,0,0,0,0,1,0,下位,0,0,0
145,145,0,1320,3167,0,0,0,117,382,200,2,下位,0,0,0
422,422,0,-6,-23,0,0,0,145,3167,273,19,上位,0,0,0
183,183,0,-6,-23,0,1,422,145,3167,273,19,上位,0,422,0
451,451,0,448,940,0,2,605,145,3167,273,19,上位,0,183,0
431,431,0,143,409,0,0,0,1056,940,-484,6,下位,0,0,0
96,96,0,-6,-23,0,0,0,431,409,-749,2,下位,0,0,0
106,106,0,108,254,0,1,96,431,409,-749,2,下位,0,96,0
299,299,0,36,125,0,0,0,202,254,-834,2,下位,0,0,0
191,191,0,595,1337,0,0,0,299,125,-1177,1,下位,0,0,0
446,446,0,426,816,1,0,0,0,0,1,0,下位,0,0,0
83,83,0,112,314,0,0,0,446,816,120,6,下位,0,0,0
155,155,0,-6,-23,0,0,0,83,314,304,2,下位,0,0,0
181,181,0,1186,2962,0,1,155,83,314,304,2,下位,0,155,0
140,140,0,60,220,0,0,0,336,2962,401,17,上位,0,0,0
351,351,0,-6,-23,0,0,0,140,220,402,1,下位,0,0,0
278,278,0,-6,-23,0,1,351,140,220,402,1,下位,0,351,0
314,314,0,167,513,0,2,629,140,220,402,1,下位,0,278,0
600,600,0,-6,-23,0,0,0,943,513,-606,2,下位,0,0,0
43,43,0,-6,-23,0,1,600,943,513,-606,2,下位,0,600,0
180,180,0,-6,-23,0,2,643,943,513,-606,2,下位,0,43,0
629,629,0,40,127,0,3,823,943,513,-606,2,下位,0,180,0
121,121,0,-6,-23,0,0,0,1452,127,-2819,1,下位,0,0,0
516,516,0,64,235,0,1,121,1452,127,-2819,1,下位,0,121,0
515,515,0,-6,-23,1,0,0,0,0,1,0,下位,0,0,0
146,146,0,-6,-23,1,1,515,0,0,1,0,下位,0,515,0
429,429,0,130,357,1,2,661,0,0,1,0,下位,0,146,0
158,158,0,-6,-23,0,0,0,1090,357,-1393,2,下位,0,0,0
354,354,0,-6,-23,0,1,158,1090,357,-1393,2,下位,0,158,0
412,412,0,554,1180,0,2,512,1090,357,-1393,2,下位,0,354,0
248,248,0,-6,-23,0,0,0,924,1180,-1704,7,下位,0,0,0
123,123,0,66,232,0,1,248,924,1180,-1704,7,下位,0,248,0
597,597,0,-6,-23,0,0,0,371,232,-2076,1,下位,0,0,0
444,444,0,-6,-23,0,1,597,371,232,-2076,1,下位,0,597,0
400,400,0,538,1228,0,2,1041,371,232,-2076,1,下位,0,444,0
178,178,0,-6,-23,1,0,0,0,0,1,0,下位,0,0,0
568,568,0,2516,6882,1,1,178,0,0,1,0,下位,0,178,0
282,282,0,51,183,0,0,0,746,6882,353,29,上位,0,0,0
133,133,0,-6,-23,0,0,0,282,183,95,1,下位,0,0,0
286,286,0,44,140,0,1,133,282,183,95,1,下位,0,133,0
483,483,0,132,360,0,0,0,419,140,-443,1,下位,0,0,0
466,466,0,41,133,0,0,0,483,360,-838,2,下位,0,0,0
368,368,0,66,236,0,0,0,466,133,-1434,1,下位,0,0,0
374,374,0,-6,-23,0,0,0,368,236,-1773,1,下位,0,0,0
112,112,0,-6,-23,0,1,374,368,236,-1773,1,下位,0,374,0
102,102,0,1112,2900,0,2,486,368,236,-1773,1,下位,0,112,0
173,173,0,61,216,1,0,0,0,0,1,0,下位,0,0,0
445,445,0,-6,-23,0,0,0,173,216,-54,1,下位,0,0,0
465,465,0,-6,-23,0,1,445,173,216,-54,1,下位,0,445,0
205,205,0,-6,-23,0,2,910,173,216,-54,1,下位,0,465,0
163,163,0,202,562,0,3,1115,173,216,-54,1,下位,0,205,0
659,659,0,125,300,0,0,0,1278,562,-1560,3,下位,0,0,0
191,191,0,-6,-23,0,0,0,659,300,-2290,2,下位,0,0,0
380,380,0,-6,-23,0,1,191,659,300,-2290,2,下位,0,191,0
453,453,0,391,833,0,2,571,659,300,-2290,2,下位,0,380,0
112,112,0,114,293,0,0,0,1024,833,-3104,5,下位,0,0,0
247,247,0,-6,-23,0,0,0,112,293,-2986,2,下位,0,0,0
440,440,0,-6,-23,0,1,247,112,293,-2986,2,下位,0,247,0
83,83,0,68,257,0,2,687,112,293,-2986,2,下位,0,440,0
514,514,0,-6,-23,0,0,0,770,257,-3979,1,下位,0,0,0
113,113,0,210,617,0,1,514,770,257,-3979,1,下位,0,514,0
294,294,0,465,959,0,0,0,627,617,-4366,3,下位,0,0,0
437,437,0,-6,-23,1,0,0,0,0,1,0,下位,0,0,0
328,328,0,186,445,1,1,437,0,0,1,0,下位,0,437,0
151,151,0,-6,-23,0,0,0,765,445,-773,3,下位,0,0,0
148,148,0,-6,-23,0,1,151,765,445,-773,3,下位,0,151,0
541,541,0,101,206,0,2,299,765,445,-773,3,下位,0,148,0
184,184,0,56,185,0,0,0,840,206,-1927,2,下位,0,0,0
194,194,0,-6,-23,0,0,0,184,185,-2030,1,下位,0,0,0
138,138,0,-6,-23,0,1,194,184,185,-2030,1,下位,0,194,0
132,132,0,60,218,0,2,332,184,185,-2030,1,下位,0,138,0
653,653,0,-6,-23,0,0,0,464,218,-2585,1,下位,0,0,0
181,181,0,93,352,0,1,653,464,218,-2585,1,下位,0,653,0
139,139,0,50,160,0,0,0,834,352,-3560,1,下位,0,0,0
613,613,0,-6,-23,0,0,0,139,160,-3618,1,下位,0,0,0
231,231,0,239,541,0,1,613,139,160,-3618,1,下位,0,613,0
175,175,0,134,344,0,0,0,844,541,-4419,3,下位,0,0,0
204,204,0,557,1202,1,0,0,0,0,1,0,下位,0,0,0
345,345,0,73,272,0,0,0,204,1202,884,8,下位,0,0,0
320,320,0,68,247,0,0,0,345,272,617,1,下位,0,0,0
354,354,0,660,1357,0,0,0,320,247,364,1,下位,0,0,0
112,112,0,418,919,0,0,0,354,1357,1167,9,下位,0,0,0
498,498,0,-6,-23,0,0,0,112,919,1911,6,下位,0,0,0
377,377,0,352,866,0,1,498,112,919,1911,6,下位,0,498,0
190,190,0,180,436,0,0,0,875,866,1385,5,下位,0,0,0
279,279,0,55,199,0,0,0,190,436,1524,3,下位,0,0,0
107,107,0,55,203,0,0,0,279,199,1287,1,下位,0,0,0
259,259,0,160,469,0,0,0,107,203,1322,1,下位,0,0,0
420,420,0,448,971,0,0,0,259,469,1386,2,下位,0,0,0
345,345,0,-6,-23,0,0,0,420,971,1700,6,下位,0,0,0
49,49,0,-6,-23,0,1,345,420,971,1700,6,下位,0,345,0
196,196,0,377,712,0,2,394,420,971,1700,6,下位,0,49,0
231,231,0,-6,-23,1,0,0,0,0,1,0,下位,0,0,0
226,226,0,-6,-23,1,1,231,0,0,1,0,下位,0,231,0
205,205,0,-6,-23,1,2,457,0,0,1,0,下位,0,226,0
203,203,0,138,405,1,3,662,0,0,1,0,下位,0,205,0
240,240,0,246,595,0,0,0,865,405,-1017,2,下位,0,0,0
386,386,0,278,720,0,0,0,240,595,-797,3,下位,0,0,0
608,608,0,-6,-23,0,0,0,386,720,-681,4,下位,0,0,0
363,363,0,-6,-23,0,1,608,386,720,-681,4,下位,0,608,0
122,122,0,110,271,0,2,971,386,720,-681,4,下位,0,363,0
236,236,0,-6,-23,0,0,0,1093,271,-2165,2,下位,0,0,0
49,49,0,148,335,0,1,236,1093,271,-2165,2,下位,0,236,0
150,150,0,64,234,0,0,0,285,335,-2299,3,下位,0,0,0
79,79,0,584,1192,0,0,0,150,234,-2300,1,下位,0,0,0
192,192,0,-6,-23,0,0,0,79,1192,-1232,9,下位,0,0,0
365,365,0,-6,-23,0,1,192,79,1192,-1232,9,下位,0,192,0
64,64,0,623,1317,0,2,557,79,1192,-1232,9,下位,0,365,0
407,407,0,218,591,0,0,0,621,1317,-932,9,下位,0,0,0
160,160,0,498,1256,1,0,0,0,0,1,0,下位,0,0,0
211,211,0,-6,-23,0,0,0,160,1256,1006,7,下位,0,0,0
120,120,0,220,563,0,1,211,160,1256,1006,7,下位,0,211,0
457,457,0,618,1393,0,0,0,331,563,1028,3,下位,0,0,0
368,368,0,-6,-23,0,0,0,457,1393,1706,9,下位,0,0,0
268,268,0,-6,-23,0,1,368,457,1393,1706,9,下位,0,368,0
257,257,0,128,356,0,2,636,457,1393,1706,9,下位,0,268,0
139,139,0,446,886,0,0,0,893,356,620,2,下位,0,0,0
623,623,0,442,1133,0,0,0,139,886,1288,6,下位,0,0,0
187,187,0,65,228,0,0,0,623,1133,1447,6,下位,0,0,0
571,571,0,59,205,0,0,0,187,228,1382,1,下位,0,0,0
178,178,0,78,286,1,0,0,0,0,1,0,下位,0,0,0
146,146,0,-6,-23,0,0,0,178,286,8,1,下位,0,0,0
90,90,0,72,267,0,1,146,178,286,8,1,下位,0,146,0
68,68,0,813,1732,0,0,0,236,267,-118,1,下位,0,0,0
231,231,0,-6,-23,0,0,0,68,1732,1508,11,下位,0,0,0
172,172,0,-6,-23,0,1,231,68,1732,1508,11,下位,0,231,0
368,368,0,532,1246,0,2,403,68,1732,1508,11,下位,0,172,0
440,440,0,-6,-23,0,0,0,771,1246,1502,8,下位,0,0,0
330,330,0,-6,-23,0,1,440,771,1246,1502,8,下位,0,440,0
355,355,0,-6,-23,0,2,770,771,1246,1502,8,下位,0,330,0
76,76,0,115,312,0,3,1125,771,1246,1502,8,下位,0,355,0
356,356,0,-6,-23,1,0,0,0,0,1,0,下位,0,0,0
183,183,0,346,894,1,1,356,0,0,1,0,下位,0,356,0
179,179,0,194,491,1,0,0,0,0,1,0,下位,0,0,0
151,151,0,-6,-23,0,0,0,179,491,211,3,下位,0,0,0
105,105,0,-6,-23,0,1,151,179,491,211,3,下位,0,151,0
294,294,0,218,563,0,2,256,179,491,211,3,下位,0,105,0
62,62,0,117,310,0,0,0,550,563,-133,3,下位,0,0,0
111,111,0,78,292,0,0,0,62,310,80,2,下位,0,0,0
255,255,0,40,120,0,0,0,111,292,198,1,下位,0,0,0
175,175,0,-6,-23,0,0,0,255,120,-81,1,下位,0,0,0
133,133,0,287,608,0,1,175,255,120,-81,1,下位,0,175,0
457,457,0,70,251,0,0,0,308,608,22,5,下位,0,0,0
232,232,0,56,202,0,0,0,457,251,-442,1,下位,0,0,0
757,757,0,44,147,0,0,0,232,202,-603,1,下位,0,0,0
396,396,0,162,453,0,0,0,757,147,-1639,1,下位,0,0,0
284,284,0,-6,-23,1,0,0,0,0,1,0,下位,0,0,0
93,93,0,292,642,1,1,284,0,0,1,0,下位,0,284,0
227,227,0,-6,-23,0,0,0,377,642,30,4,下位,0,0,0
206,206,0,42,148,0,1,227,377,642,30,4,下位,0,227,0
405,405,0,-6,-23,0,0,0,433,148,-522,1,下位,0,0,0
115,115,0,39,128,0,1,405,433,148,-522,1,下位,0,405,0
215,215,0,-6,-23,0,0,0,520,128,-1230,1,下位,0,0,0
285,285,0,-6,-23,0,1,215,520,128,-1230,1,下位,0,215,0
135,135,0,-6,-23,0,2,500,520,128,-1230,1,下位,0,285,0
137,137,0,55,192,0,3,635,520,128,-1230,1,下位,0,135,0
369,369,0,-6,-23,1,0,0,0,0,1,0,下位,0,0,0
122,122,0,-6,-23,1,1,369,0,0,1,0,下位,0,369,0
75,75,0,-6,-23,1,2,491,0,0,1,0,下位,0,122,0
421,421,0,74,276,1,3,566,0,0,1,0,下位,0,75,0
114,114,0,81,304,0,0,0,987,276,-1336,1,下位,0,0,0
129,129,0,-6,-23,0,0,0,114,304,-1211,1,下位,0,0,0
115,115,0,505,1100,0,1,129,114,304,-1211,1,下位,0,129,0
180,180,0,-6,-23,0,0,0,244,1100,-516,7,下位,0,0,0
101,101,0,79,305,0,1,180,244,1100,-516,7,下位,0,180,0
412,412,0,230,615,0,0,0,281,305,-674,1,下位,0,0,0
629,629,0,-6,-23,0,0,0,412,615,-703,3,下位,0,0,0
349,349,0,485,1256,0,1,629,412,615,-703,3,下位,0,629,0
105,105,0,1825,4922,0,0,0,978,1256,-999,6,下位,0,0,0
324,324,0,-6,-23,1,0,0,0,0,1,0,下位,0,0,0
484,484,0,1530,3926,1,1,324,0,0,1,0,下位,0,324,0
394,394,0,-6,-23,1,0,0,0,0,1,0,下位,0,0,0
539,539,0,-6,-23,1,1,394,0,0,1,0,下位,0,394,0
162,162,0,130,426,1,2,933,0,0,1,0,下位,0,539,0
171,171,0,36,123,1,0,0,0,0,1,0,下位,0,0,0
137,137,0,-6,-23,0,0,0,171,123,-144,1,下位,0,0,0
399,399,0,62,222,0,1,137,171,123,-144,1,下位,0,137,0
329,329,0,-6,-23,0,0,0,536,222,-784,1,下位,0,0,0
147,147,0,-6,-23,0,1,329,536,222,-784,1,下位,0,329,0
596,596,0,184,478,0,2,476,536,222,-784,1,下位,0,147,0
62,62,0,-6,-23,0,0,0,1072,478,-2030,3,下位,0,0,0
165,165,0,-6,-23,0,1,62,1072,478,-2030,3,下位,0,62,0
295,295,0,42,151,0,2,227,1072,478,-2030,3,下位,0,165,0
515,515,0,281,696,0,0,0,522,151,-2741,1,下位,0,0,0
181,181,0,-6,-23,1,0,0,0,0,1,0,下位,0,0,0
149,149,0,121,350,1,1,181,0,0,1,0,下位,0,181,0
377,377,0,-6,-23,0,0,0,330,350,-188,2,下位,0,0,0
357,357,0,-6,-23,0,1,377,330,350,-188,2,下位,0,377,0
612,612,0,-6,-23,0,2,734,330,350,-188,2,下位,0,357,0
414,414,0,576,1319,0,3,1346,330,350,-188,2,下位,0,612,0
81,81,0,58,204,0,0,0,1760,1319,-1689,7,下位,0,0,0
206,206,0,475,939,1,0,0,0,0,1,0,下位,0,0,0
443,443,0,-6,-23,0,0,0,206,939,618,7,下位,0,0,0
527,527,0,313,876,0,1,443,206,939,618,7,下位,0,443,0
61,61,0,47,187,0,0,0,970,876,-46,4,下位,0,0,0
297,297,0,30,100,0,0,0,61,187,46,1,下位,0,0,0
481,481,0,239,625,0,0,0,297,100,-319,1,下位,0,0,0
124,124,0,598,1406,0,0,0,481,625,-446,3,下位,0,0,0
199,199,0,129,328,1,0,0,0,0,1,0,下位,0,0,0
81,81,0,151,462,0,0,0,199,328,18,2,下位,0,0,0
376,376,0,83,306,0,0,0,81,462,353,2,下位,0,0,0
237,237,0,-6,-23,0,0,0,376,306,71,1,下位,0,0,0
351,351,0,237,554,0,1,237,376,306,71,1,下位,0,237,0
119,119,0,-6,-23,0,0,0,588,554,-318,4,下位,0,0,0
79,79,0,-6,-23,0,1,119,588,554,-318,4,下位,0,119,0
344,344,0,-6,-23,0,2,198,588,554,-318,4,下位,0,79,0
261,261,0,488,1183,0,3,542,588,554,-318,4,下位,0,344,0
569,569,0,131,358,1,0,0,0,0,1,0,下位,0,0,0
236,236,0,-6,-23,0,0,0,569,358,-531,2,下位,0,0,0
370,370,0,55,165,0,1,236,569,358,-531,2,下位,0,236,0
195,195,0,462,1062,0,0,0,606,165,-1337,1,下位,0,0,0
424,424,0,402,919,1,0,0,0,0,1,0,下位,0,0,0
134,134,0,-6,-23,0,0,0,424,919,257,6,下位,0,0,0
387,387,0,-6,-23,0,1,134,424,919,257,6,下位,0,134,0
291,291,0,-6,-23,0,2,521,424,919,257,6,下位,0,387,0
341,341,0,26,76,0,3,812,424,919,257,6,下位,0,291,0
461,461,0,57,196,1,0,0,0,0,1,0,下位,0,0,0
68,68,0,120,351,0,0,0,461,196,-524,1,下位,0,0,0
506,506,0,60,213,0,0,0,68,351,-280,2,下位,0,0,0
282,282,0,-6,-23,0,0,0,506,213,-858,1,下位,0,0,0
312,312,0,-6,-23,0,1,282,506,213,-858,1,下位,0,282,0
119,119,0,190,475,0,2,594,506,213,-858,1,下位,0,312,0
221,221,0,51,183,1,0,0,0,0,1,0,下位,0,0,0
252,252,0,64,216,0,0,0,221,183,-162,1,下位,0,0,0
360,360,0,-6,-23,0,0,0,252,216,-340,1,下位,0,0,0
519,519,0,193,602,0,1,360,252,216,-340,1,下位,0,360,0
549,549,0,594,1248,0,0,0,879,602,-1135,2,下位,0,0,0
491,491,0,99,223,0,0,0,549,1248,-745,8,下位,0,0,0
484,484,0,-6,-23,1,0,0,0,0,1,0,下位,0,0,0
73,73,0,-6,-23,1,1,484,0,0,1,0,下位,0,484,0
102,102,0,-6,-23,1,2,557,0,0,1,0,下位,0,73,0
277,277,0,1550,3829,1,3,659,0,0,1,0,下位,0,102,0
530,530,0,-6,-23,0,0,0,936,3829,-2,20,上位,0,0,0
280,280,0,126,317,0,1,530,936,3829,-2,20,上位,0,530,0
319,319,0,150,462,0,0,0,810,317,-975,2,下位,0,0,0
65,65,0,2705,8290,0,0,0,319,462,-1012,2,下位,0,0,0
275,275,0,344,780,0,0,0,65,8290,-2,28,上位,0,0,0
90,90,0,-6,-23,0,0,0,275,780,348,4,下位,0,0,0
441,441,0,150,396,0,1,90,275,780,348,4,下位,0,90,0
387,387,0,-6,-23,1,0,0,0,0,1,0,下位,0,0,0
352,352,0,-6,-23,1,1,387,0,0,1,0,下位,0,387,0
210,210,0,58,213,1,2,739,0,0,1,0,下位,0,352,0
137,137,0,209,561,0,0,0,949,213,-1316,1,下位,0,0,0
176,176,0,-6,-23,0,0,0,137,561,-970,3,下位,0,0,0
572,572,0,598,1489,0,1,176,137,561,-970,3,下位,0,176,0
518,518,0,566,1238,0,0,0,748,1489,-673,7,下位,0,0,0
203,203,0,60,219,0,0,0,518,1238,-245,7,下位,0,0,0
500,500,0,58,193,1,0,0,0,0,1,0,下位,0,0,0
381,381,0,385,814,0,0,0,500,193,-588,1,下位,0,0,0
83,83,0,183,525,0,0,0,381,814,-370,5,下位,0,0,0
739,739,0,249,599,0,0,0,83,525,25,2,下位,0,0,0
487,487,0,-6,-23,0,0,0,739,599,-531,4,下位,0,0,0
212,212,0,-6,-23,0,1,487,739,599,-531,4,下位,0,487,0
531,531,0,142,424,0,2,699,739,599,-531,4,下位,0,212,0
543,543,0,-6,-23,1,0,0,0,0,1,0,下位,0,0,0
435,435,0,41,144,1,1,543,0,0,1,0,下位,0,543,0
81,81,0,201,439,0,0,0,978,144,-1407,1,下位,0,0,0
84,84,0,-6,-23,0,0,0,81,439,-1095,3,下位,0,0,0
288,288,0,620,1380,0,1,84,81,439,-1095,3,下位,0,84,0
171,171,0,-6,-23,0,0,0,372,1380,-320,9,下位,0,0,0
102,102,0,-6,-23,0,1,171,372,1380,-320,9,下位,0,171,0
206,206,0,60,213,0,2,273,372,1380,-320,9,下位,0,102,0
136,136,0,-6,-23,0,0,0,479,213,-903,1,下位,0,0,0
287,287,0,118,290,0,1,136,479,213,-903,1,下位,0,136,0
278,278,0,-6,-23,0,0,0,423,290,-1298,2,下位,0,0,0
423,423,0,-6,-23,0,1,278,423,290,-1298,2,下位,0,278,0
406,406,0,826,1825,0,2,701,423,290,-1298,2,下位,0,423,0
143,143,0,40,137,1,0,0,0,0,1,0,下位,0,0,0
478,478,0,-6,-23,0,0,0,143,137,-86,1,下位,0,0,0
519,519,0,199,476,0,1,478,143,137,-86,1,下位,0,478,0
140,140,0,37,127,0,0,0,997,476,-1191,3,下位,0,0,0
307,307,0,461,996,0,0,0,140,127,-1283,1,下位,0,0,0
173,173,0,-6,-23,0,0,0,307,996,-767,7,下位,0,0,0
381,381,0,39,118,0,1,173,307,996,-767,7,下位,0,173,0
392,392,0,141,394,1,0,0,0,0,1,0,下位,0,0,0
360,360,0,41,126,0,0,0,392,394,-218,2,下位,0,0,0
220,220,0,-6,-23,0,0,0,360,126,-655,1,下位,0,0,0
488,488,0,329,757,0,1,220,360,126,-655,1,下位,0,220,0
294,294,0,-6,-23,0,0,0,708,757,-1028,4,下位,0,0,0
582,582,0,60,218,0,1,294,708,757,-1028,4,下位,0,294,0
473,473,0,133,397,0,0,0,876,218,-2203,1,下位,0,0,0
445,445,0,-6,-23,0,0,0,473,397,-2546,2,下位,0,0,0
246,246,0,305,646,0,1,445,473,397,-2546,2,下位,0,445,0
470,470,0,-6,-23,1,0,0,0,0,1,0,下位,0,0,0
205,205,0,-6,-23,1,1,470,0,0,1,0,下位,0,470,0
453,453,0,-6,-23,1,2,675,0,0,1,0,下位,0,205,0
470,470,0,106,266,1,3,1128,0,0,1,0,下位,0,453,0
148,148,0,-6,-23,0,0,0,1598,266,-2302,2,下位,0,0,0
66,66,0,515,1090,0,1,148,1598,266,-2302,2,下位,0,148,0
364,364,0,96,359,0,0,0,214,1090,-1571,7,下位,0,0,0
532,532,0,227,563,1,0,0,0,0,1,0,下位,0,0,0
286,286,0,36,119,0,0,0,532,563,-268,3,下位,0,0,0
294,294,0,182,379,0,0,0,286,119,-596,1,下位,0,0,0
237,237,0,163,487,0,0,0,294,379,-677,2,下位,0,0,0
609,609,0,-6,-23,0,0,0,237,487,-561,2,下位,0,0,0
211,211,0,181,458,0,1,609,237,487,-561,2,下位,0,609,0
121,121,0,-6,-23,0,0,0,820,458,-1408,3,下位,0,0,0
339,339,0,40,130,0,1,121,820,458,-1408,3,下位,0,121,0
126,126,0,43,151,0,0,0,460,130,-2020,1,下位,0,0,0
143,143,0,-6,-23,0,0,0,126,151,-2066,1,下位,0,0,0
433,433,0,-6,-23,0,1,143,126,151,-2066,1,下位,0,143,0
238,238,0,58,206,0,2,576,126,151,-2066,1,下位,0,433,0
512,512,0,-6,-23,0,0,0,814,206,-3179,1,下位,0,0,0
206,206,0,38,129,0,1,512,814,206,-3179,1,下位,0,512,0
594,594,0,564,1378,1,0,0,0,0,1,0,下位,0,0,0
185,185,0,177,416,0,0,0,594,1378,450,7,下位,0,0,0
266,266,0,-6,-23,0,0,0,185,416,578,3,下位,0,0,0
419,419,0,-6,-23,0,1,266,185,416,578,3,下位,0,266,0
370,370,0,-6,-23,0,2,685,185,416,578,3,下位,0,419,0
40,40,0,109,260,0,3,1055,185,416,578,3,下位,0,370,0
220,220,0,190,433,1,0,0,0,0,1,0,下位,0,0,0
184,184,0,391,800,0,0,0,220,433,90,3,下位,0,0,0
325,325,0,381,836,0,0,0,184,800,602,5,下位,0,0,0
424,424,0,415,916,0,0,0,325,836,930,6,下位,0,0,0
155,155,0,58,210,0,0,0,424,916,1184,5,下位,0,0,0
160,160,0,59,216,0,0,0,155,210,1151,1,下位,0,0,0
255,255,0,-6,-23,0,0,0,160,216,1117,1,下位,0,0,0
209,209,0,-6,-23,0,1,255,160,216,1117,1,下位,0,255,0
406,406,0,156,474,0,2,464,160,216,1117,1,下位,0,209,0
172,172,0,224,495,0,0,0,870,474,184,2,下位,0,0,0
226,226,0,-6,-23,0,0,0,172,495,411,4,下位,0,0,0
67,67,0,120,361,0,1,226,172,495,411,4,下位,0,226,0
317,317,0,782,1766,0,0,0,293,361,290,2,下位,0,0,0
471,471,0,-6,-23,0,0,0,317,1766,1560,10,下位,0,0,0
168,168,0,56,197,0,1,471,317,1766,1560,10,下位,0,471,0
70,70,0,314,860,0,0,0,639,197,735,1,下位,0,0,0
176,176,0,169,470,1,0,0,0,0,1,0,下位,0,0,0
115,115,0,-6,-23,0,0,0,176,470,196,3,下位,0,0,0
281,281,0,185,458,0,1,115,176,470,196,3,下位,0,115,0
534,534,0,-6,-23,0,0,0,396,458,11,3,下位,0,0,0
120,120,0,107,241,0,1,534,396,458,11,3,下位,0,534,0
252,252,0,652,1541,0,0,0,654,241,-794,2,下位,0,0,0
334,334,0,-6,-23,0,0,0,252,1541,353,8,下位,0,0,0
415,415,0,83,293,0,1,334,252,1541,353,8,下位,0,334,0
345,345,0,60,211,0,0,0,749,293,-548,1,下位,0,0,0
129,129,0,-6,-23,0,0,0,345,211,-876,1,下位,0,0,0
94,94,0,-6,-23,0,1,129,345,211,-876,1,下位,0,129,0
145,145,0,204,477,0,2,223,345,211,-876,1,下位,0,94,0
235,235,0,56,204,0,0,0,368,477,-1021,3,下位,0,0,0
115,115,0,120,316,0,0,0,235,204,-1185,1,下位,0,0,0
295,295,0,-6,-23,0,0,0,115,316,-1050,2,下位,0,0,0
403,403,0,763,1794,0,1,295,115,316,-1050,2,下位,0,295,0
122,122,0,109,268,1,0,0,0,0,1,0,下位,0,0,0
481,481,0,57,201,0,0,0,122,268,78,2,下位,0,0,0
364,364,0,517,1116,0,0,0,481,201,-473,1,下位,0,0,0
188,188,0,-6,-23,1,0,0,0,0,1,0,下位,0,0,0
359,359,0,-6,-23,1,1,188,0,0,1,0,下位,0,188,0
362,362,0,112,351,1,2,547,0,0,1,0,下位,0,359,0
63,63,0,-6,-23,0,0,0,909,351,-1115,2,下位,0,0,0
576,576,0,585,1281,0,1,63,909,351,-1115,2,下位,0,63,0
444,444,0,92,246,1,0,0,0,0,1,0,下位,0,0,0
141,141,0,191,461,0,0,0,444,246,-447,2,下位,0,0,0
653,653,0,-6,-23,0,0,0,141,461,-207,3,下位,0,0,0
381,381,0,53,191,0,1,653,141,461,-207,3,下位,0,653,0
139,139,0,59,199,0,0,0,1034,191,-1656,1,下位,0,0,0
430,430,0,160,357,0,0,0,139,199,-1675,1,下位,0,0,0
313,313,0,37,127,1,0,0,0,0,1,0,下位,0,0,0
390,390,0,-6,-23,0,0,0,313,127,-362,1,下位,0,0,0
374,374,0,64,237,0,1,390,313,127,-362,1,下位,0,390,0
137,137,0,-6,-23,0,0,0,764,237,-1343,1,下位,0,0,0
108,108,0,-6,-23,0,1,137,764,237,-1343,1,下位,0,137,0
194,194,0,1620,4405,0,2,245,764,237,-1343,1,下位,0,108,0
140,140,0,57,207,0,0,0,439,4405,-2,17,上位,0,0,0
289,289,0,-6,-23,0,0,0,140,207,-14,1,下位,0,0,0
376,376,0,-6,-23,0,1,289,140,207,-14,1,下位,0,289,0
228,228,0,45,158,0,2,665,140,207,-14,1,下位,0,376,0
290,290,0,56,193,0,0,0,893,158,-1299,1,下位,0,0,0
281,281,0,61,222,1,0,0,0,0,1,0,下位,0,0,0
111,111,0,56,203,0,0,0,281,222,-217,1,下位,0,0,0
62,62,0,58,201,0,0,0,111,203,-188,1,下位,0,0,0
473,473,0,39,135,0,0,0,62,201,-84,1,下位,0,0,0
109,109,0,122,316,0,0,0,473,135,-688,1,下位,0,0,0
440,440,0,1648,4252,0,0,0,109,316,-543,2,下位,0,0,0
196,196,0,-6,-23,0,0,0,440,4252,400,19,上位,0,0,0
111,111,0,180,397,0,1,196,440,4252,400,19,上位,0,196,0
325,325,0,-6,-23,0,0,0,307,397,293,3,下位,0,0,0
341,341,0,863,2040,0,1,325,307,397,293,3,下位,0,325,0
418,418,0,-6,-23,0,0,0,666,2040,1268,11,下位,0,0,0
463,463,0,57,202,0,1,418,666,2040,1268,11,下位,0,418,0
149,149,0,-6,-23,1,0,0,0,0,1,0,下位,0,0,0
203,203,0,-6,-23,1,1,149,0,0,1,0,下位,0,149,0
425,425,0,52,188,1,2,352,0,0,1,0,下位,0,203,0
126,126,0,194,560,0,0,0,777,188,-1073,1,下位,0,0,0
439,439,0,72,244,0,0,0,126,560,-710,3,下位,0,0,0
293,293,0,464,1044,0,0,0,439,244,-1152,1,下位,0,0,0
425,425,0,2046,5768,0,0,0,293,1044,-566,6,下位,0,0,0
531,531,0,33,110,1,0,0,0,0,1,0,下位,0,0,0
315,315,0,58,203,0,0,0,531,110,-719,1,下位,0,0,0
65,65,0,-6,-23,0,0,0,315,203,-1009,1,下位,0,0,0
291,291,0,-6,-23,0,1,65,315,203,-1009,1,下位,0,65,0
371,371,0,-6,-23,0,2,356,315,203,-1009,1,下位,0,291,0
167,167,0,53,191,0,3,727,315,203,-1009,1,下位,0,371,0
134,134,0,53,192,1,0,0,0,0,1,0,下位,0,0,0
326,326,0,-6,-23,1,0,0,0,0,1,0,下位,0,0,0
102,102,0,46,168,1,1,326,0,0,1,0,下位,0,326,0
623,623,0,316,816,0,0,0,428,168,-524,1,下位,0,0,0
61,61,0,1712,4755,0,0,0,623,816,-682,4,下位,0,0,0
392,392,0,203,548,0,0,0,61,4755,380,20,上位,0,0,0
218,218,0,-6,-23,0,0,0,392,548,315,3,下位,0,0,0
243,243,0,50,168,0,1,218,392,548,315,3,下位,0,218,0
264,264,0,32,98,1,0,0,0,0,1,0,下位,0,0,0
610,610,0,126,336,0,0,0,264,98,-314,1,下位,0,0,0
317,317,0,-6,-23,0,0,0,610,336,-932,2,下位,0,0,0
364,364,0,-6,-23,0,1,317,610,336,-932,2,下位,0,317,0
496,496,0,112,425,0,2,681,610,336,-932,2,下位,0,364,0
349,349,0,55,199,0,0,0,1177,425,-2393,1,下位,0,0,0
72,72,0,686,1567,0,0,0,349,199,-2740,1,下位,0,0,0
163,163,0,-6,-23,1,0,0,0,0,1,0,下位,0,0,0
256,256,0,786,1660,1,1,163,0,0,1,0,下位,0,163,0
76,76,0,-6,-23,0,0,0,419,1660,982,11,下位,0,0,0
597,597,0,-6,-23,0,1,76,419,1660,982,11,下位,0,76,0
520,520,0,-6,-23,0,2,673,419,1660,982,11,下位,0,597,0
305,305,0,201,529,0,3,1193,419,1660,982,11,下位,0,520,0
94,94,0,-6,-23,0,0,0,1498,529,-900,3,下位,0,0,0
218,218,0,-6,-23,0,1,94,1498,529,-900,3,下位,0,94,0
103,103,0,-6,-23,0,2,312,1498,529,-900,3,下位,0,218,0
399,399,0,64,237,0,3,415,1498,529,-900,3,下位,0,103,0
194,194,0,58,211,1,0,0,0,0,1,0,下位,0,0,0
411,411,0,125,353,0,0,0,194,211,-92,1,下位,0,0,0
402,402,0,-6,-23,0,0,0,411,353,-382,2,下位,0,0,0
36,36,0,167,460,0,1,402,411,353,-382,2,下位,0,402,0
426,426,0,160,499,0,0,0,438,460,-632,3,下位,0,0,0
423,423,0,-6,-23,0,0,0,426,499,-799,2,下位,0,0,0
146,146,0,217,452,0,1,423,426,499,-799,2,下位,0,423,0
149,149,0,148,447,0,0,0,569,452,-1260,4,下位,0,0,0
127,127,0,-6,-23,1,0,0,0,0,1,0,下位,0,0,0
53,53,0,-6,-23,1,1,127,0,0,1,0,下位,0,127,0
247,247,0,109,254,1,2,180,0,0,1,0,下位,0,53,0
458,458,0,56,198,0,0,0,427,254,-459,2,下位,0,0,0
84,84,0,62,225,0,0,0,458,198,-977,1,下位,0,0,0
272,272,0,-6,-23,0,0,0,84,225,-884,1,下位,0,0,0
313,313,0,432,956,0,1,272,84,225,-884,1,下位,0,272,0
102,102,0,684,1516,0,0,0,585,956,-865,6,下位,0,0,0
432,432,0,-6,-23,0,0,0,102,1516,490,9,下位,0,0,0
286,286,0,-6,-23,0,1,432,102,1516,490,9,下位,0,432,0
403,403,0,-6,-23,0,2,718,102,1516,490,9,下位,0,286,0
289,289,0,65,234,0,3,1121,102,1516,490,9,下位,0,403,0
262,262,0,1343,3504,1,0,0,0,0,1,0,下位,0,0,0
642,642,0,-6,-23,0,0,0,262,3504,202,16,上位,0,0,0
587,587,0,659,1570,0,1,642,262,3504,202,16,上位,0,642,0
338,338,0,-6,-23,0,0,0,1229,1570,-172,9,下位,0,0,0
128,128,0,61,206,0,1,338,1229,1570,-172,9,下位,0,338,0
346,346,0,538,1358,0,0,0,466,206,-718,1,下位,0,0,0
236,236,0,36,129,0,0,0,346,1358,100,6,下位,0,0,0
183,183,0,59,219,1,0,0,0,0,1,0,下位,0,0,0
69,69,0,36,121,0,0,0,183,219,-66,1,下位,0,0,0
317,317,0,-6,-23,0,0,0,69,121,-53,1,下位,0,0,0
82,82,0,192,475,0,1,317,69,121,-53,1,下位,0,317,0
579,579,0,57,197,1,0,0,0,0,1,0,下位,0,0,0
376,376,0,35,108,0,0,0,579,197,-707,1,下位,0,0,0
328,328,0,58,192,0,0,0,376,108,-1187,1,下位,0,0,0
268,268,0,-6,-23,0,0,0,328,192,-1508,1,下位,0,0,0
64,64,0,-6,-23,0,1,268,328,192,-1508,1,下位,0,268,0
221,221,0,54,190,0,2,332,328,192,-1508,1,下位,0,64,0
213,213,0,56,199,0,0,0,553,190,-2229,1,下位,0,0,0
403,403,0,272,694,0,0,0,213,199,-2363,1,下位,0,0,0
218,218,0,-6,-23,0,0,0,403,694,-2299,3,下位,0,0,0
336,336,0,380,938,0,1,218,403,694,-2299,3,下位,0,218,0
660,660,0,192,470,1,0,0,0,0,1,0,下位,0,0,0
273,273,0,26,90,0,0,0,660,470,-560,3,下位,0,0,0
149,149,0,148,412,0,0,0,273,90,-897,1,下位,0,0,0
66,66,0,90,260,0,0,0,149,412,-718,2,下位,0,0,0
217,217,0,-6,-23,0,0,0,66,260,-561,2,下位,0,0,0
194,194,0,174,410,0,1,217,66,260,-561,2,下位,0,217,0
190,190,0,-6,-23,0,0,0,411,410,-818,3,下位,0,0,0
134,134,0,-6,-23,0,1,190,411,410,-818,3,下位,0,190,0
39,39,0,158,474,0,2,324,411,410,-818,3,下位,0,134,0
318,318,0,-6,-23,0,0,0,363,474,-958,2,下位,0,0,0
627,627,0,413,892,0,1,318,363,474,-958,2,下位,0,318,0
692,692,0,-6,-23,0,0,0,945,892,-1566,6,下位,0,0,0
301,301,0,668,1400,0,1,692,945,892,-1566,6,下位,0,692,0
447,447,0,368,825,0,0,0,993,1400,-1742,10,下位,0,0,0
263,263,0,390,931,0,0,0,447,825,-1616,5,下位,0,0,0
522,522,0,127,326,0,0,0,263,931,-1097,6,下位,0,0,0
117,117,0,796,1804,1,0,0,0,0,1,0,下位,0,0,0
231,231,0,-6,-23,0,0,0,117,1804,1622,10,下位,0,0,0
136,136,0,99,369,0,1,231,117,1804,1622,10,下位,0,231,0
156,156,0,-6,-23,0,0,0,367,369,1394,1,下位,0,0,0
46,46,0,-6,-23,0,1,156,367,369,1394,1,下位,0,156,0
231,231,0,271,639,0,2,202,367,369,1394,1,下位,0,46,0
264,264,0,128,354,0,0,0,433,639,1309,4,下位,0,0,0
153,153,0,-6,-23,0,0,0,264,354,1250,2,下位,0,0,0
340,340,0,-6,-23,0,1,153,264,354,1250,2,下位,0,153,0
123,123,0,241,517,0,2,493,264,354,1250,2,下位,0,340,0
272,272,0,294,626,0,0,0,616,517,757,3,下位,0,0,0
127,127,0,749,1578,0,0,0,272,626,958,4,下位,0,0,0
171,171,0,-6,-23,0,0,0,127,1578,217,13,上位,0,0,0
583,583,0,-6,-23,0,1,171,127,1578,217,13,上位,0,171,0
435,435,0,112,361,0,2,754,127,1578,217,13,上位,0,583,0
362,362,0,-6,-23,0,0,0,1189,361,-1327,2,下位,0,0,0
601,601,0,-6,-23,0,1,362,1189,361,-1327,2,下位,0,362,0
305,305,0,-6,-23,0,2,963,1189,361,-1327,2,下位,0,601,0
141,141,0,175,502,0,3,1268,1189,361,-1327,2,下位,0,305,0
91,91,0,401,879,0,0,0,1409,502,-3097,3,下位,0,0,0
138,138,0,451,944,1,0,0,0,0,1,0,下位,0,0,0
228,228,0,-6,-23,0,0,0,138,944,730,6,下位,0,0,0
390,390,0,-6,-23,0,1,228,138,944,730,6,下位,0,228,0
103,103,0,737,1587,0,2,618,138,944,730,6,下位,0,390,0
361,361,0,-6,-23,0,0,0,721,1587,1143,11,下位,0,0,0
235,235,0,-6,-23,0,1,361,721,1587,1143,11,下位,0,361,0
189,189,0,-6,-23,0,2,596,721,1587,1143,11,下位,0,235,0
159,159,0,38,135,0,3,785,721,1587,1143,11,下位,0,189,0
493,493,0,-6,-23,0,0,0,944,135,-268,1,下位,0,0,0
50,50,0,414,875,0,1,493,944,135,-268,1,下位,0,493,0
279,279,0,2768,7541,0,0,0,543,875,-265,5,下位,0,0,0
87,87,0,27,88,0,0,0,279,7541,190,32,上位,0,0,0
167,167,0,-6,-23,1,0,0,0,0,1,0,下位,0,0,0
224,224,0,62,223,1,1,167,0,0,1,0,下位,0,167,0
58,58,0,-6,-23,0,0,0,391,223,-410,1,下位,0,0,0
95,95,0,-6,-23,0,1,58,391,223,-410,1,下位,0,58,0
185,185,0,-6,-23,0,2,153,391,223,-410,1,下位,0,95,0
144,144,0,430,1032,0,3,338,391,223,-410,1,下位,0,185,0
425,425,0,69,256,0,0,0,482,1032,-200,6,下位,0,0,0
410,410,0,109,246,0,0,0,425,256,-609,1,下位,0,0,0
464,464,0,236,540,0,0,0,410,246,-1004,2,下位,0,0,0
105,105,0,55,198,0,0,0,464,540,-1189,3,下位,0,0,0
433,433,0,-6,-23,0,0,0,105,198,-1155,1,下位,0,0,0
442,442,0,221,573,0,1,433,105,198,-1155,1,下位,0,433,0
159,159,0,26,82,0,0,0,875,573,-1973,3,下位,0,0,0
570,570,0,26,85,0,0,0,159,82,-2140,1,下位,0,0,0
574,574,0,124,357,0,0,0,570,85,-2946,1,下位,0,0,0
320,320,0,-6,-23,1,0,0,0,0,1,0,下位,0,0,0
287,287,0,-6,-23,1,1,320,0,0,1,0,下位,0,320,0
226,226,0,157,381,1,2,607,0,0,1,0,下位,0,287,0
353,353,0,170,539,0,0,0,833,381,-967,3,下位,0,0,0
487,487,0,-6,-23,0,0,0,353,539,-980,2,下位,0,0,0
448,448,0,54,200,0,1,487,353,539,-980,2,下位,0,487,0
498,498,0,42,149,0,0,0,935,200,-2264,1,下位,0,0,0
218,218,0,-6,-23,0,0,0,498,149,-2894,1,下位,0,0,0
171,171,0,222,571,0,1,218,498,149,-2894,1,下位,0,218,0
379,379,0,-6,-23,0,0,0,389,571,-2955,3,下位,0,0,0
184,184,0,-6,-23,0,1,379,389,571,-2955,3,下位,0,379,0
182,182,0,-6,-23,0,2,563,389,571,-2955,3,下位,0,184,0
52,52,0,136,386,0,3,745,389,571,-2955,3,下位,0,182,0
94,94,0,1682,5148,0,0,0,797,386,-3886,2,下位,0,0,0
390,390,0,-6,-23,0,0,0,94,5148,1115,16,下位,0,0,0
480,480,0,130,339,0,1,390,94,5148,1115,16,下位,0,390,0
101,101,0,54,191,0,0,0,870,339,71,2,下位,0,0,0
357,357,0,-6,-23,1,0,0,0,0,1,0,下位,0,0,0
482,482,0,-6,-23,1,1,357,0,0,1,0,下位,0,357,0
254,254,0,-6,-23,1,2,839,0,0,1,0,下位,0,482,0
483,483,0,417,886,1,3,1093,0,0,1,0,下位,0,254,0
499,499,0,257,551,0,0,0,1576,886,-1646,5,下位,0,0,0
121,121,0,243,559,0,0,0,499,551,-1875,4,下位,0,0,0
251,251,0,-6,-23,0,0,0,121,559,-1506,3,下位,0,0,0
241,241,0,-6,-23,0,1,251,121,559,-1506,3,下位,0,251,0
341,341,0,64,238,0,2,492,121,559,-1506,3,下位,0,241,0
408,408,0,210,498,0,0,0,833,238,-2617,1,下位,0,0,0
116,116,0,186,422,0,0,0,408,498,-2757,3,下位,0,0,0
69,69,0,-6,-23,0,0,0,116,422,-2517,3,下位,0,0,0
381,381,0,320,643,0,1,69,116,422,-2517,3,下位,0,69,0
352,352,0,186,464,0,0,0,450,643,-2601,4,下位,0,0,0
69,69,0,98,263,0,0,0,352,464,-2686,3,下位,0,0,0
134,134,0,-6,-23,1,0,0,0,0,1,0,下位,0,0,0
529,529,0,-6,-23,1,1,134,0,0,1,0,下位,0,134,0
265,265,0,26,84,1,2,663,0,0,1,0,下位,0,529,0
108,108,0,141,416,0,0,0,928,84,-1413,1,下位,0,0,0
316,316,0,-6,-23,0,0,0,108,416,-1166,2,下位,0,0,0
646,646,0,223,466,0,1,316,108,416,-1166,2,下位,0,316,0
201,201,0,-6,-23,0,0,0,962,466,-2227,4,下位,0,0,0
85,85,0,62,233,0,1,201,962,466,-2227,4,下位,0,201,0
242,242,0,-6,-23,0,0,0,286,233,-2464,1,下位,0,0,0
256,256,0,602,1511,0,1,242,286,233,-2464,1,下位,0,242,0
497,497,0,58,212,0,0,0,498,1511,-1755,8,下位,0,0,0
219,219,0,56,166,0,0,0,497,212,-2320,1,下位,0,0,0
478,478,0,-6,-23,0,0,0,219,166,-2497,1,下位,0,0,0
109,109,0,60,224,0,1,478,219,166,-2497,1,下位,0,478,0
154,154,0,-6,-23,0,0,0,587,224,-3214,1,下位,0,0,0
190,190,0,609,1361,0,1,154,587,224,-3214,1,下位,0,154,0
270,270,0,-6,-23,0,0,0,344,1361,-2415,8,下位,0,0,0
374,374,0,-6,-23,0,1,270,344,1361,-2415,8,下位,0,270,0
228,228,0,-6,-23,0,2,644,344,1361,-2415,8,下位,0,374,0
182,182,0,71,256,0,3,872,344,1361,-2415,8,下位,0,228,0
276,276,0,-6,-23,1,0,0,0,0,1,0,下位,0,0,0
518,518,0,-6,-23,1,1,276,0,0,1,0,下位,0,276,0
102,102,0,37,121,1,2,794,0,0,1,0,下位,0,518,0
343,343,0,287,703,0,0,0,896,121,-1326,1,下位,0,0,0
442,442,0,-6,-23,0,0,0,343,703,-1159,3,下位,0,0,0
518,518,0,-6,-23,0,1,442,343,703,-1159,3,下位,0,442,0
224,224,0,-6,-23,0,2,960,343,703,-1159,3,下位,0,518,0
175,175,0,1454,3980,0,3,1184,343,703,-1159,3,下位,0,224,0
355,355,0,-6,-23,0,0,0,1359,3980,627,15,下位,0,0,0
288,288,0,50,158,0,1,355,1359,3980,627,15,下位,0,355,0
396,396,0,631,1395,0,0,0,643,158,-244,1,下位,0,0,0
120,120,0,-6,-23,0,0,0,396,1395,533,9,下位,0,0,0
76,76,0,313,670,0,1,120,396,1395,533,9,下位,0,120,0
85,85,0,311,638,0,0,0,196,670,873,5,下位,0,0,0
134,134,0,-6,-23,0,0,0,85,638,1378,4,下位,0,0,0
153,153,0,38,135,0,1,134,85,638,1378,4,下位,0,134,0
135,135,0,45,158,1,0,0,0,0,1,0,下位,0,0,0
491,491,0,204,563,0,0,0,135,158,-52,1,下位,0,0,0
309,309,0,-6,-23,0,0,0,491,563,-257,3,下位,0,0,0
328,328,0,-6,-23,0,1,309,491,563,-257,3,下位,0,309,0
180,180,0,-6,-23,0,2,637,491,563,-257,3,下位,0,328,0
282,282,0,60,198,0,3,817,491,563,-257,3,下位,0,180,0
135,135,0,34,116,1,0,0,0,0,1,0,下位,0,0,0
505,505,0,-6,-23,0,0,0,135,116,-94,1,下位,0,0,0
239,239,0,-6,-23,0,1,505,135,116,-94,1,下位,0,505,0
111,111,0,-6,-23,0,2,744,135,116,-94,1,下位,0,239,0
623,623,0,260,751,0,3,855,135,116,-94,1,下位,0,111,0
383,383,0,96,358,0,0,0,1478,751,-1723,4,下位,0,0,0
42,42,0,166,537,0,0,0,383,358,-1964,1,下位,0,0,0
301,301,0,36,125,1,0,0,0,0,1,0,下位,0,0,0
115,115,0,-6,-23,0,0,0,301,125,-345,1,下位,0,0,0
46,46,0,137,236,0,1,115,301,125,-345,1,下位,0,115,0
307,307,0,-6,-23,0,0,0,161,236,-384,2,下位,0,0,0
358,358,0,66,237,0,1,307,161,236,-384,2,下位,0,307,0
359,359,0,-6,-23,0,0,0,665,237,-1210,1,下位,0,0,0
193,193,0,1722,4369,0,1,359,665,237,-1210,1,下位,0,359,0
233,233,0,714,1556,1,0,0,0,0,1,0,下位,0,0,0
454,454,0,142,425,0,0,0,233,1556,1193,10,下位,0,0,0
60,60,0,93,352,0,0,0,454,425,908,2,下位,0,0,0
104,104,0,-6,-23,0,0,0,60,352,1166,1,下位,0,0,0
516,516,0,-6,-23,0,1,104,60,352,1166,1,下位,0,104,0
404,404,0,360,839,0,2,620,60,352,1166,1,下位,0,516,0
118,118,0,58,209,0,0,0,1024,839,357,5,下位,0,0,0
204,204,0,-6,-23,1,0,0,0,0,1,0,下位,0,0,0
137,137,0,-6,-23,1,1,204,0,0,1,0,下位,0,204,0
66,66,0,56,205,1,2,341,0,0,1,0,下位,0,137,0
493,493,0,114,316,0,0,0,407,205,-477,1,下位,0,0,0
241,241,0,-6,-23,1,0,0,0,0,1,0,下位,0,0,0
333,333,0,1214,3325,1,1,241,0,0,1,0,下位,0,241,0
189,189,0,137,423,0,0,0,574,3325,-2,13,上位,0,0,0
155,155,0,309,686,0,0,0,189,423,125,2,下位,0,0,0
103,103,0,-6,-23,0,0,0,155,686,568,4,下位,0,0,0
523,523,0,178,583,0,1,103,155,686,568,4,下位,0,103,0
434,434,0,138,383,0,0,0,626,583,149,2,下位,0,0,0
250,250,0,419,762,0,0,0,434,383,-147,2,下位,0,0,0
199,199,0,-6,-23,1,0,0,0,0,1,0,下位,0,0,0
371,371,0,1783,5038,1,1,199,0,0,1,0,下位,0,199,0
458,458,0,-6,-23,0,0,0,570,5038,581,19,上位,0,0,0
285,285,0,269,651,0,1,458,570,5038,581,19,上位,0,458,0
390,390,0,66,243,0,0,0,743,651,47,4,下位,0,0,0
443,443,0,-6,-23,0,0,0,390,243,-320,1,下位,0,0,0
157,157,0,60,198,0,1,443,390,243,-320,1,下位,0,443,0
285,285,0,-6,-23,0,0,0,600,198,-1084,1,下位,0,0,0
76,76,0,40,137,0,1,285,600,198,-1084,1,下位,0,285,0
198,198,0,-6,-23,0,0,0,361,137,-1535,1,下位,0,0,0
251,251,0,66,231,0,1,198,361,137,-1535,1,下位,0,198,0
87,87,0,-6,-23,0,0,0,449,231,-2030,1,下位,0,0,0
422,422,0,35,120,0,1,87,449,231,-2030,1,下位,0,87,0
569,569,0,58,209,0,0,0,509,120,-2729,1,下位,0,0,0
141,141,0,48,167,1,0,0,0,0,1,0,下位,0,0,0
287,287,0,187,398,0,0,0,141,167,-53,1,下位,0,0,0
166,166,0,76,265,0,0,0,287,398,-104,3,下位,0,0,0
142,142,0,-6,-23,0,0,0,166,265,-99,1,下位,0,0,0
499,499,0,160,514,0,1,142,166,265,-99,1,下位,0,142,0
434,434,0,127,292,0,0,0,641,514,-610,2,下位,0,0,0
74,74,0,254,604,0,0,0,434,292,-997,2,下位,0,0,0
154,154,0,74,254,0,0,0,74,604,-509,4,下位,0,0,0
293,293,0,201,538,0,0,0,154,254,-496,1,下位,0,0,0
188,188,0,169,477,0,0,0,293,538,-416,3,下位,0,0,0
266,266,0,241,685,0,0,0,188,477,-233,2,下位,0,0,0
378,378,0,311,867,0,0,0,266,685,36,3,下位,0,0,0
89,89,0,293,849,0,0,0,378,867,312,4,下位,0,0,0
102,102,0,-6,-23,0,0,0,89,849,1022,4,下位,0,0,0
276,276,0,-6,-23,0,1,102,89,849,1022,4,下位,0,102,0
122,122,0,-6,-23,0,2,378,89,849,1022,4,下位,0,276,0
257,257,0,32,109,0,3,500,89,849,1022,4,下位,0,122,0
190,190,0,-6,-23,1,0,0,0,0,1,0,下位,0,0,0
166,166,0,-6,-23,1,1,190,0,0,1,0,下位,0,190,0
442,442,0,28,91,1,2,356,0,0,1,0,下位,0,166,0
463,463,0,-6,-23,0,0,0,798,91,-1202,1,下位,0,0,0
284,284,0,105,339,0,1,463,798,91,-1202,1,下位,0,463,0
69,69,0,65,239,0,0,0,747,339,-2054,2,下位,0,0,0
92,92,0,92,339,0,0,0,69,239,-1923,1,下位,0,0,0
524,524,0,63,232,0,0,0,92,339,-1728,1,下位,0,0,0
256,256,0,129,331,0,0,0,524,232,-2315,1,下位,0,0,0
438,438,0,-6,-23,0,0,0,256,331,-2384,2,下位,0,0,0
87,87,0,-6,-23,0,1,438,256,331,-2384,2,下位,0,438,0
275,275,0,-6,-23,0,2,525,256,331,-2384,2,下位,0,87,0
427,427,0,138,400,0,3,800,256,331,-2384,2,下位,0,275,0
91,91,0,224,562,0,0,0,1227,400,-3972,2,下位,0,0,0
425,425,0,-6,-23,0,0,0,91,562,-3553,3,下位,0,0,0
319,319,0,200,538,0,1,425,91,562,-3553,3,下位,0,425,0
118,118,0,59,215,0,0,0,744,538,-4202,3,下位,0,0,0
135,135,0,55,198,0,0,0,118,215,-4172,1,下位,0,0,0
574,574,0,-6,-23,1,0,0,0,0,1,0,下位,0,0,0
52,52,0,454,1089,1,1,574,0,0,1,0,下位,0,574,0
420,420,0,464,1136,0,0,0,626,1089,88,6,下位,0,0,0
269,269,0,148,439,0,0,0,420,1136,567,6,下位,0,0,0
206,206,0,-6,-23,1,0,0,0,0,1,0,下位,0,0,0
69,69,0,297,710,1,1,206,0,0,1,0,下位,0,206,0
188,188,0,-6,-23,0,0,0,275,710,258,3,下位,0,0,0
399,399,0,-6,-23,0,1,188,275,710,258,3,下位,0,188,0
76,76,0,-6,-23,0,2,587,275,710,258,3,下位,0,399,0
171,171,0,50,174,0,3,663,275,710,258,3,下位,0,76,0
684,684,0,-6,-23,0,0,0,834,174,-942,1,下位,0,0,0
381,381,0,-6,-23,0,1,684,834,174,-942,1,下位,0,684,0
122,122,0,243,691,0,2,1065,834,174,-942,1,下位,0,381,0
489,489,0,-6,-23,0,0,0,1187,691,-2153,3,下位,0,0,0
483,483,0,351,820,0,1,489,1187,691,-2153,3,下位,0,489,0
143,143,0,-6,-23,1,0,0,0,0,1,0,下位,0,0,0
254,254,0,-6,-23,1,1,143,0,0,1,0,下位,0,143,0
80,80,0,694,1540,1,2,397,0,0,1,0,下位,0,254,0
152,152,0,228,504,0,0,0,477,1540,750,9,下位,0,0,0
347,347,0,-6,-23,0,0,0,152,504,1016,3,下位,0,0,0
116,116,0,53,190,0,1,347,152,504,1016,3,下位,0,347,0
289,289,0,253,582,0,0,0,463,190,458,1,下位,0,0,0
111,111,0,95,359,0,0,0,289,582,588,3,下位,0,0,0
76,76,0,-6,-23,0,0,0,111,359,773,1,下位,0,0,0
205,205,0,-6,-23,0,1,76,111,359,773,1,下位,0,76,0
312,312,0,132,369,0,2,281,111,359,773,1,下位,0,205,0
461,461,0,-6,-23,0,0,0,593,369,168,2,下位,0,0,0
538,538,0,-6,-23,0,1,461,593,369,168,2,下位,0,461,0
57,57,0,285,705,0,2,999,593,369,168,2,下位,0,538,0
143,143,0,126,318,1,0,0,0,0,1,0,下位,0,0,0
130,130,0,45,152,0,0,0,143,318,96,2,下位,0,0,0
253,253,0,-6,-23,0,0,0,130,152,44,1,下位,0,0,0
458,458,0,452,980,0,1,253,130,152,44,1,下位,0,253,0
414,414,0,1074,2386,0,0,0,711,980,-112,6,下位,0,0,0
218,218,0,65,234,0,0,0,414,2386,1627,14,下位,0,0,0
350,350,0,-6,-23,0,0,0,218,234,1520,1,下位,0,0,0
193,193,0,-6,-23,0,1,350,218,234,1520,1,下位,0,350,0
55,55,0,143,445,0,2,543,218,234,1520,1,下位,0,193,0
188,188,0,-6,-23,0,0,0,598,445,984,2,下位,0,0,0
172,172,0,-6,-23,0,1,188,598,445,984,2,下位,0,188,0
237,237,0,42,145,0,2,360,598,445,984,2,下位,0,172,0
535,535,0,-6,-23,0,0,0,597,145,149,1,下位,0,0,0
178,178,0,110,297,0,1,535,597,145,149,1,下位,0,535,0
543,543,0,-6,-23,0,0,0,713,297,-692,2,下位,0,0,0
90,90,0,-6,-23,0,1,543,713,297,-692,2,下位,0,543,0
70,70,0,130,359,0,2,633,713,297,-692,2,下位,0,90,0
249,249,0,62,226,0,0,0,703,359,-1479,2,下位,0,0,0
200,200,0,-6,-23,1,0,0,0,0,1,0,下位,0,0,0
102,102,0,76,282,1,1,200,0,0,1,0,下位,0,200,0
403,403,0,44,153,0,0,0,302,282,-213,1,下位,0,0,0
61,61,0,423,816,0,0,0,403,153,-690,1,下位,0,0,0
143,143,0,213,540,0,0,0,61,816,30,6,下位,0,0,0
163,163,0,-6,-23,0,0,0,143,540,346,3,下位,0,0,0
425,425,0,126,350,0,1,163,143,540,346,3,下位,0,163,0
295,295,0,-6,-23,0,0,0,588,350,-247,2,下位,0,0,0
288,288,0,-6,-23,0,1,295,588,350,-247,2,下位,0,295,0
220,220,0,-6,-23,0,2,583,588,350,-247,2,下位,0,288,0
91,91,0,174,433,0,3,803,588,350,-247,2,下位,0,220,0
435,435,0,-6,-23,0,0,0,894,433,-1281,3,下位,0,0,0
179,179,0,-6,-23,0,1,435,894,433,-1281,3,下位,0,435,0
83,83,0,463,1131,0,2,614,894,433,-1281,3,下位,0,179,0
191,191,0,-6,-23,1,0,0,0,0,1,0,下位,0,0,0
130,130,0,-6,-23,1,1,191,0,0,1,0,下位,0,191,0
209,209,0,46,165,1,2,321,0,0,1,0,下位,0,130,0
617,617,0,206,524,0,0,0,530,165,-710,1,下位,0,0,0
217,217,0,-6,-23,0,0,0,617,524,-1151,3,下位,0,0,0
440,440,0,-6,-23,0,1,217,617,524,-1151,3,下位,0,217,0
122,122,0,388,915,0,2,657,617,524,-1151,3,下位,0,440,0
140,140,0,92,342,0,0,0,779,915,-1501,5,下位,0,0,0
659,659,0,-6,-23,0,0,0,140,342,-1378,1,下位,0,0,0
394,394,0,37,127,0,1,659,140,342,-1378,1,下位,0,659,0
100,100,0,-6,-23,0,0,0,1053,127,-2920,1,下位,0,0,0
189,189,0,-6,-23,0,1,100,1053,127,-2920,1,下位,0,100,0
506,506,0,-6,-23,0,2,289,1053,127,-2920,1,下位,0,189,0
189,189,0,122,353,0,3,795,1053,127,-2920,1,下位,0,506,0
332,332,0,172,443,1,0,0,0,0,1,0,下位,0,0,0
102,102,0,-6,-23,0,0,0,332,443,-75,3,下位,0,0,0
391,391,0,395,891,0,1,102,332,443,-75,3,下位,0,102,0
503,503,0,219,603,0,0,0,493,891,22,6,下位,0,0,0
411,411,0,354,867,0,0,0,503,603,-161,3,下位,0,0,0
155,155,0,-6,-23,0,0,0,411,867,63,4,下位,0,0,0
308,308,0,58,211,0,1,155,411,867,63,4,下位,0,155,0
423,423,0,-6,-23,0,0,0,463,211,-474,1,下位,0,0,0
477,477,0,-6,-23,0,1,423,463,211,-474,1,下位,0,423,0
370,370,0,42,146,0,2,900,463,211,-474,1,下位,0,477,0
175,175,0,203,405,0,0,0,1270,146,-2360,1,下位,0,0,0
510,510,0,-6,-23,0,0,0,175,405,-2229,3,下位,0,0,0
361,361,0,91,209,0,1,510,175,405,-2229,3,下位,0,510,0
329,329,0,122,343,0,0,0,871,209,-3404,2,下位,0,0,0
494,494,0,368,860,1,0,0,0,0,1,0,下位,0,0,0
174,174,0,-6,-23,0,0,0,494,860,89,4,下位,0,0,0
314,314,0,340,825,0,1,174,494,860,89,4,下位,0,174,0
425,425,0,29,72,0,0,0,488,825,128,4,下位,0,0,0
96,96,0,130,422,0,0,0,425,72,-466,1,下位,0,0,0
312,312,0,-6,-23,0,0,0,96,422,-194,2,下位,0,0,0
331,331,0,-6,-23,0,1,312,96,422,-194,2,下位,0,312,0
396,396,0,-6,-23,0,2,643,96,422,-194,2,下位,0,331,0
190,190,0,60,220,0,3,1039,96,422,-194,2,下位,0,396,0
273,273,0,430,841,0,0,0,1229,220,-1965,1,下位,0,0,0
324,324,0,-6,-23,0,0,0,273,841,-1551,6,下位,0,0,0
50,50,0,224,416,0,1,324,273,841,-1551,6,下位,0,324,0
370,370,0,-6,-23,0,0,0,374,416,-1744,3,下位,0,0,0
170,170,0,-6,-23,0,1,370,374,416,-1744,3,下位,0,370,0
400,400,0,1548,3865,0,2,540,374,416,-1744,3,下位,0,170,0
160,160,0,-6,-23,1,0,0,0,0,1,0,下位,0,0,0
172,172,0,35,118,1,1,160,0,0,1,0,下位,0,160,0
386,386,0,39,128,0,0,0,332,118,-423,1,下位,0,0,0
398,398,0,90,192,0,0,0,386,128,-899,1,下位,0,0,0
524,524,0,60,219,0,0,0,398,192,-1329,2,下位,0,0,0
201,201,0,-6,-23,0,0,0,524,219,-1929,1,下位,0,0,0
400,400,0,104,388,0,1,201,524,219,-1929,1,下位,0,201,0
68,68,0,89,200,1,0,0,0,0,1,0,下位,0,0,0
141,141,0,-6,-23,0,0,0,68,200,94,2,下位,0,0,0
307,307,0,203,488,0,1,141,68,200,94,2,下位,0,141,0
105,105,0,-6,-23,0,0,0,448,488,-142,3,下位,0,0,0
153,153,0,254,609,0,1,105,448,488,-142,3,下位,0,105,0
359,359,0,-6,-23,0,0,0,258,609,40,4,下位,0,0,0
426,426,0,3805,11105,0,1,359,258,609,40,4,下位,0,359,0
430,430,0,-6,-23,0,0,0,785,11105,291,42,上位,0,0,0
64,64,0,110,369,0,1,430,785,11105,291,42,上位,0,430,0
203,203,0,-6,-23,1,0,0,0,0,1,0,下位,0,0,0
685,685,0,-6,-23,1,1,203,0,0,1,0,下位,0,203,0
316,316,0,2230,6472,1,2,888,0,0,1,0,下位,0,685,0
403,403,0,-6,-23,0,0,0,1204,6472,188,23,上位,0,0,0
273,273,0,43,135,0,1,403,1204,6472,188,23,上位,0,403,0
170,170,0,988,2448,0,0,0,676,135,-757,1,下位,0,0,0
522,522,0,37,127,0,0,0,170,2448,591,13,上位,0,0,0
277,277,0,1115,2372,1,0,0,0,0,1,0,下位,0,0,0
251,251,0,-6,-23,0,0,0,277,2372,1940,18,下位,0,0,0
439,439,0,52,189,0,1,251,277,2372,1940,18,下位,0,251,0
672,672,0,86,205,0,0,0,690,189,1027,1,下位,0,0,0
362,362,0,55,198,0,0,0,672,205,182,2,下位,0,0,0
187,187,0,74,274,0,0,0,362,198,-186,1,下位,0,0,0
195,195,0,39,136,0,0,0,187,274,-205,1,下位,0,0,0
448,448,0,165,487,1,0,0,0,0,1,0,下位,0,0,0
90,90,0,72,266,0,0,0,448,487,-212,2,下位,0,0,0
370,370,0,-6,-23,0,0,0,90,266,-87,1,下位,0,0,0
532,532,0,1532,3878,0,1,370,90,266,-87,1,下位,0,370,0
489,489,0,64,216,0,0,0,902,3878,-2,18,上位,0,0,0
86,86,0,-6,-23,0,0,0,489,216,-551,1,下位,0,0,0
322,322,0,60,200,0,1,86,489,216,-551,1,下位,0,86,0
382,382,0,211,619,0,0,0,408,200,-1013,1,下位,0,0,0
163,163,0,-6,-23,1,0,0,0,0,1,0,下位,0,0,0
205,205,0,-6,-23,1,1,163,0,0,1,0,下位,0,163,0
119,119,0,-6,-23,1,2,368,0,0,1,0,下位,0,205,0
274,274,0,632,1383,1,3,487,0,0,1,0,下位,0,119,0
368,368,0,954,2326,0,0,0,761,1383,124,7,下位,0,0,0
156,156,0,-6,-23,0,0,0,368,2326,1876,11,下位,0,0,0
318,318,0,-6,-23,0,1,156,368,2326,1876,11,下位,0,156,0
313,313,0,57,208,0,2,474,368,2326,1876,11,下位,0,318,0
135,135,0,-6,-23,0,0,0,787,208,807,1,下位,0,0,0
169,169,0,-6,-23,0,1,135,787,208,807,1,下位,0,135,0
362,362,0,54,197,0,2,304,787,208,807,1,下位,0,169,0
327,327,0,47,167,0,0,0,666,197,-83,1,下位,0,0,0
261,261,0,245,689,0,0,0,327,167,-427,1,下位,0,0,0
257,257,0,154,489,0,0,0,261,689,-146,3,下位,0,0,0
148,148,0,106,289,0,0,0,257,489,-59,2,下位,0,0,0
383,383,0,-6,-23,0,0,0,148,289,-2,2,下位,0,0,0
427,427,0,308,846,0,1,383,148,289,-2,2,下位,0,383,0
349,349,0,140,452,0,0,0,810,846,-446,4,下位,0,0,0
259,259,0,68,252,0,0,0,349,452,-540,2,下位,0,0,0
158,158,0,-6,-23,1,0,0,0,0,1,0,下位,0,0,0
63,63,0,-6,-23,1,1,158,0,0,1,0,下位,0,158,0
259,259,0,634,1432,1,2,221,0,0,1,0,下位,0,63,0
476,476,0,-6,-23,0,0,0,480,1432,636,8,下位,0,0,0
407,407,0,966,2184,0,1,476,480,1432,636,8,下位,0,476,0
191,191,0,46,147,0,0,0,883,2184,1417,13,下位,0,0,0
401,401,0,182,640,0,0,0,191,147,1265,1,下位,0,0,0
493,493,0,100,237,0,0,0,401,640,1278,2,下位,0,0,0
86,86,0,28,92,0,0,0,493,237,743,2,下位,0,0,0
194,194,0,-6,-23,0,0,0,86,92,700,1,下位,0,0,0
388,388,0,-6,-23,0,1,194,86,92,700,1,下位,0,194,0
294,294,0,917,2224,0,2,582,86,92,700,1,下位,0,388,0
131,131,0,89,196,0,0,0,876,2224,1508,12,下位,0,0,0
436,436,0,-6,-23,1,0,0,0,0,1,0,下位,0,0,0
371,371,0,75,278,1,1,436,0,0,1,0,下位,0,436,0
113,113,0,39,134,0,0,0,807,278,-1006,1,下位,0,0,0
87,87,0,891,2077,0,0,0,113,134,-1049,1,下位,0,0,0
276,276,0,-6,-23,0,0,0,87,2077,891,12,下位,0,0,0
90,90,0,1946,5396,0,1,276,87,2077,891,12,下位,0,276,0
468,468,0,74,264,0,0,0,366,5396,292,25,上位,0,0,0
130,130,0,114,305,0,0,0,468,264,-176,1,下位,0,0,0
85,85,0,-6,-23,0,0,0,130,305,-75,2,下位,0,0,0
208,208,0,-6,-23,0,1,85,130,305,-75,2,下位,0,85,0
381,381,0,-6,-23,0,2,293,130,305,-75,2,下位,0,208,0
467,467,0,1134,2649,0,3,674,130,305,-75,2,下位,0,381,0
359,359,0,52,185,0,0,0,1141,2649,721,15,下位,0,0,0
373,373,0,-6,-23,0,0,0,359,185,345,1,下位,0,0,0
422,422,0,-6,-23,0,1,373,359,185,345,1,下位,0,373,0
69,69,0,253,622,0,2,795,359,185,345,1,下位,0,422,0
290,290,0,-6,-23,1,0,0,0,0,1,0,下位,0,0,0
278,278,0,-6,-23,1,1,290,0,0,1,0,下位,0,290,0
58,58,0,304,705,1,2,568,0,0,1,0,下位,0,278,0
158,158,0,238,546,0,0,0,626,705,-320,4,下位,0,0,0
166,166,0,-6,-23,0,0,0,158,546,-21,3,下位,0,0,0
71,71,0,-6,-23,0,1,166,158,546,-21,3,下位,0,166,0
101,101,0,56,198,0,2,237,158,546,-21,3,下位,0,71,0
84,84,0,60,207,0,0,0,338,198,-398,1,下位,0,0,0
274,274,0,-6,-23,0,0,0,84,207,-323,1,下位,0,0,0
87,87,0,-6,-23,0,1,274,84,207,-323,1,下位,0,274,0
415,415,0,107,253,0,2,361,84,207,-323,1,下位,0,87,0
512,512,0,714,1554,0,0,0,776,253,-1330,2,下位,0,0,0
258,258,0,-6,-23,0,0,0,512,1554,-576,9,下位,0,0,0
253,253,0,106,293,0,1,258,512,1554,-576,9,下位,0,258,0
283,283,0,56,195,0,0,0,511,293,-1106,2,下位,0,0,0
263,263,0,42,142,0,0,0,283,195,-1354,1,下位,0,0,0
72,72,0,-6,-23,0,0,0,263,142,-1623,1,下位,0,0,0
126,126,0,1383,2956,0,1,72,263,142,-1623,1,下位,0,72,0
164,164,0,-6,-23,0,0,0,198,2956,1000,19,下位,0,0,0
50,50,0,404,903,0,1,164,198,2956,1000,19,下位,0,164,0
242,242,0,134,222,0,0,0,214,903,1544,5,下位,0,0,0
208,208,0,-6,-23,1,0,0,0,0,1,0,下位,0,0,0
252,252,0,40,138,1,1,208,0,0,1,0,下位,0,208,0
220,220,0,176,357,0,0,0,460,138,-603,1,下位,0,0,0
108,108,0,-6,-23,0,0,0,220,357,-590,2,下位,0,0,0
176,176,0,336,771,0,1,108,220,357,-590,2,下位,0,108,0
433,433,0,-6,-23,0,0,0,284,771,-286,5,下位,0,0,0
84,84,0,266,635,0,1,433,284,771,-286,5,下位,0,433,0
216,216,0,-6,-23,0,0,0,517,635,-483,4,下位,0,0,0
336,336,0,-6,-23,0,1,216,517,635,-483,4,下位,0,216,0
182,182,0,1648,4551,0,2,552,517,635,-483,4,下位,0,336,0
353,353,0,-6,-23,0,0,0,734,4551,580,18,上位,0,0,0
321,321,0,164,488,0,1,353,734,4551,580,18,上位,0,353,0
207,207,0,-6,-23,1,0,0,0,0,1,0,下位,0,0,0
141,141,0,-6,-23,1,1,207,0,0,1,0,下位,0,207,0
116,116,0,-6,-23,1,2,348,0,0,1,0,下位,0,141,0
151,151,0,228,620,1,3,464,0,0,1,0,下位,0,116,0
125,125,0,1208,2872,0,0,0,615,620,-410,3,下位,0,0,0
569,569,0,38,124,0,0,0,125,2872,-2,17,上位,0,0,0
540,540,0,169,392,0,0,0,569,124,-767,1,下位,0,0,0
201,201,0,38,134,1,0,0,0,0,1,0,下位,0,0,0
283,283,0,1452,3944,0,0,0,201,134,-179,1,下位,0,0,0
496,496,0,-6,-23,0,0,0,283,3944,345,17,上位,0,0,0
292,292,0,-6,-23,0,1,496,283,3944,345,17,上位,0,496,0
230,230,0,48,154,0,2,788,283,3944,345,17,上位,0,292,0
391,391,0,-6,-23,0,0,0,1018,154,-1139,1,下位,0,0,0
412,412,0,-6,-23,0,1,391,1018,154,-1139,1,下位,0,391,0
282,282,0,198,494,0,2,803,1018,154,-1139,1,下位,0,412,0
130,130,0,58,218,1,0,0,0,0,1,0,下位,0,0,0
184,184,0,-6,-23,0,0,0,130,218,15,1,下位,0,0,0
549,549,0,-6,-23,0,1,184,130,218,15,1,下位,0,184,0
459,459,0,-6,-23,0,2,733,130,218,15,1,下位,0,549,0
118,118,0,40,130,0,3,1192,130,218,15,1,下位,0,459,0
363,363,0,-6,-23,0,0,0,1310,130,-1973,1,下位,0,0,0
143,143,0,231,683,0,1,363,1310,130,-1973,1,下位,0,363,0
63,63,0,1607,4514,0,0,0,506,683,-2105,3,下位,0,0,0
292,292,0,400,873,1,0,0,0,0,1,0,下位,0,0,0
345,345,0,-6,-23,0,0,0,292,873,417,5,下位,0,0,0
454,454,0,617,1382,0,1,345,292,873,417,5,下位,0,345,0
542,542,0,489,1146,0,0,0,799,1382,526,8,下位,0,0,0
140,140,0,-6,-23,0,0,0,542,1146,825,6,下位,0,0,0
174,174,0,127,333,0,1,140,542,1146,825,6,下位,0,140,0
479,479,0,-6,-23,0,0,0,314,333,644,2,下位,0,0,0
164,164,0,36,129,0,1,479,314,333,644,2,下位,0,479,0
183,183,0,-6,-23,0,0,0,643,129,-256,1,下位,0,0,0
57,57,0,-6,-23,0,1,183,643,129,-256,1,下位,0,183,0
544,544,0,-6,-23,0,2,240,643,129,-256,1,下位,0,57,0
184,184,0,62,227,0,3,784,643,129,-256,1,下位,0,544,0
238,238,0,-6,-23,1,0,0,0,0,1,0,下位,0,0,0
391,391,0,37,127,1,1,238,0,0,1,0,下位,0,238,0
93,93,0,-6,-23,0,0,0,629,127,-878,1,下位,0,0,0
69,69,0,-6,-23,0,1,93,629,127,-878,1,下位,0,93,0
228,228,0,96,368,0,2,162,629,127,-878,1,下位,0,69,0
78,78,0,-6,-23,0,0,0,390,368,-1167,1,下位,0,0,0
261,261,0,38,132,0,1,78,390,368,-1167,1,下位,0,78,0
196,196,0,51,182,0,0,0,339,132,-1588,1,下位,0,0,0
218,218,0,53,190,0,0,0,196,182,-1713,1,下位,0,0,0
533,533,0,-6,-23,0,0,0,218,190,-1864,1,下位,0,0,0
413,413,0,61,213,0,1,533,218,190,-1864,1,下位,0,533,0
363,363,0,-6,-23,0,0,0,946,213,-3153,1,下位,0,0,0
120,120,0,41,149,0,1,363,946,213,-3153,1,下位,0,363,0
458,458,0,341,937,0,0,0,483,149,-3783,1,下位,0,0,0
94,94,0,52,186,1,0,0,0,0,1,0,下位,0,0,0
194,194,0,-6,-23,0,0,0,94,186,40,1,下位,0,0,0
527,527,0,124,319,0,1,194,94,186,40,1,下位,0,194,0
97,97,0,-6,-23,0,0,0,721,319,-792,2,下位,0,0,0
133,133,0,131,380,0,1,97,721,319,-792,2,下位,0,97,0
481,481,0,40,137,0,0,0,230,380,-795,2,下位,0,0,0
142,142,0,306,641,0,0,0,481,137,-1410,1,下位,0,0,0
211,211,0,233,545,0,0,0,142,641,-991,4,下位,0,0,0
299,299,0,-6,-23,0,0,0,211,545,-776,4,下位,0,0,0
135,135,0,-6,-23,0,1,299,211,545,-776,4,下位,0,299,0
451,451,0,35,120,0,2,434,211,545,-776,4,下位,0,135,0
83,83,0,150,456,0,0,0,885,120,-2086,1,下位,0,0,0
173,173,0,53,191,1,0,0,0,0,1,0,下位,0,0,0
705,705,0,62,191,0,0,0,173,191,-79,1,下位,0,0,0
203,203,0,-6,-23,0,0,0,705,191,-990,1,下位,0,0,0
410,410,0,-6,-23,0,1,203,705,191,-990,1,下位,0,203,0
61,61,0,56,201,0,2,613,705,191,-990,1,下位,0,410,0
433,433,0,202,420,0,0,0,674,201,-1890,1,下位,0,0,0
211,211,0,329,621,0,0,0,433,420,-2147,3,下位,0,0,0
173,173,0,132,228,0,0,0,211,621,-1856,5,下位,0,0,0
371,371,0,572,1227,1,0,0,0,0,1,0,下位,0,0,0
114,114,0,-6,-23,0,0,0,371,1227,649,8,下位,0,0,0
100,100,0,796,1643,0,1,114,371,1227,649,8,下位,0,114,0
229,229,0,-6,-23,0,0,0,214,1643,1933,12,下位,0,0,0
271,271,0,452,773,0,1,229,214,1643,1933,12,下位,0,229,0
402,402,0,40,138,0,0,0,500,773,1901,7,下位,0,0,0
367,367,0,110,289,0,0,0,402,138,1410,1,下位,0,0,0
365,365,0,27,87,0,0,0,367,289,1125,2,下位,0,0,0
147,147,0,-6,-23,0,0,0,365,87,641,1,下位,0,0,0
335,335,0,288,758,0,1,147,365,87,641,1,下位,0,147,0
312,312,0,38,129,0,0,0,482,758,622,4,下位,0,0,0
157,157,0,419,889,0,0,0,312,129,263,1,下位,0,0,0
436,436,0,827,1698,0,0,0,157,889,905,6,下位,0,0,0
470,470,0,230,479,1,0,0,0,0,1,0,下位,0,0,0
694,694,0,-6,-23,0,0,0,470,479,-255,3,下位,0,0,0
297,297,0,-6,-23,0,1,694,470,479,-255,3,下位,0,694,0
389,389,0,562,1180,0,2,991,470,479,-255,3,下位,0,297,0
239,239,0,-6,-23,0,0,0,1380,1180,-1278,8,下位,0,0,0
470,470,0,-6,-23,0,1,239,1380,1180,-1278,8,下位,0,239,0
463,463,0,117,329,0,2,709,1380,1180,-1278,8,下位,0,470,0
308,308,0,152,442,1,0,0,0,0,1,0,下位,0,0,0
234,234,0,-6,-23,0,0,0,308,442,-38,2,下位,0,0,0
511,511,0,-6,-23,0,1,234,308,442,-38,2,下位,0,234,0
185,185,0,523,1221,0,2,745,308,442,-38,2,下位,0,511,0
487,487,0,210,560,0,0,0,930,1221,-317,7,下位,0,0,0
165,165,0,1105,2523,0,0,0,487,560,-518,3,下位,0,0,0
571,571,0,368,728,0,0,0,165,2523,1747,14,下位,0,0,0
318,318,0,524,1457,0,0,0,571,728,1582,6,下位,0,0,0
257,257,0,57,202,0,0,0,318,1457,384,8,上位,0,0,0
131,131,0,794,1885,1,0,0,0,0,1,0,下位,0,0,0
218,218,0,109,292,0,0,0,131,1885,1681,10,下位,0,0,0
392,392,0,-6,-23,0,0,0,218,292,1632,2,下位,0,0,0
322,322,0,77,276,0,1,392,218,292,1632,2,下位,0,392,0
447,447,0,-6,-23,0,0,0,714,276,768,1,下位,0,0,0
333,333,0,-6,-23,0,1,447,714,276,768,1,下位,0,447,0
174,174,0,-6,-23,0,2,780,714,276,768,1,下位,0,333,0
46,46,0,453,1113,0,3,954,714,276,768,1,下位,0,174,0
399,399,0,40,131,1,0,0,0,0,1,0,下位,0,0,0
89,89,0,-6,-23,0,0,0,399,131,-492,1,下位,0,0,0
190,190,0,187,480,0,1,89,399,131,-492,1,下位,0,89,0
421,421,0,-6,-23,0,0,0,279,480,-471,3,下位,0,0,0
560,560,0,410,872,0,1,421,279,480,-471,3,下位,0,421,0
341,341,0,-6,-23,0,0,0,981,872,-1155,5,下位,0,0,0
171,171,0,638,1352,0,1,341,981,872,-1155,5,下位,0,341,0
377,377,0,-6,-23,0,0,0,512,1352,-627,9,下位,0,0,0
470,470,0,200,350,0,1,377,512,1352,-627,9,下位,0,377,0
435,435,0,170,405,1,0,0,0,0,1,0,下位,0,0,0
369,369,0,422,906,0,0,0,435,405,-274,3,下位,0,0,0
685,685,0,332,728,0,0,0,369,906,55,5,下位,0,0,0
248,248,0,230,579,0,0,0,685,728,-288,4,下位,0,0,0
201,201,0,93,352,0,0,0,248,579,-97,3,下位,0,0,0
389,389,0,542,1247,0,0,0,201,352,-59,1,下位,0,0,0
306,306,0,132,422,0,0,0,389,1247,581,7,下位,0,0,0
343,343,0,-6,-23,0,0,0,306,422,524,2,下位,0,0,0
430,430,0,-6,-23,0,1,343,306,422,524,2,下位,0,343,0
496,496,0,39,130,0,2,773,306,422,524,2,下位,0,430,0
218,218,0,181,430,0,0,0,1269,130,-1375,1,下位,0,0,0
197,197,0,-6,-23,1,0,0,0,0,1,0,下位,0,0,0
70,70,0,-6,-23,1,1,197,0,0,1,0,下位,0,197,0
190,190,0,176,579,1,2,267,0,0,1,0,下位,0,70,0
129,129,0,-6,-23,1,0,0,0,0,1,0,下位,0,0,0
44,44,0,242,589,1,1,129,0,0,1,0,下位,0,129,0
440,440,0,56,201,0,0,0,173,589,296,4,下位,0,0,0
184,184,0,70,260,0,0,0,440,201,-191,1,下位,0,0,0
86,86,0,-6,-23,0,0,0,184,260,-219,1,下位,0,0,0
86,86,0,-6,-23,0,1,86,184,260,-219,1,下位,0,86,0
529,529,0,-6,-23,0,2,172,184,260,-219,1,下位,0,86,0
318,318,0,2139,5812,0,3,701,184,260,-219,1,下位,0,529,0
222,222,0,53,192,0,0,0,1019,5812,405,23,上位,0,0,0
604,604,0,372,752,1,0,0,0,0,1,0,下位,0,0,0
70,70,0,-6,-23,0,0,0,604,752,-191,5,下位,0,0,0
477,477,0,-6,-23,0,1,70,604,752,-191,5,下位,0,70,0
113,113,0,137,350,0,2,547,604,752,-191,5,下位,0,477,0
327,327,0,199,439,0,0,0,660,350,-920,2,下位,0,0,0
291,291,0,638,1435,0,0,0,327,439,-992,3,下位,0,0,0
606,606,0,120,341,0,0,0,291,1435,-12,9,下位,0,0,0
218,218,0,268,631,0,0,0,606,341,-618,2,下位,0,0,0
303,303,0,826,1719,1,0,0,0,0,1,0,下位,0,0,0
547,547,0,-6,-23,0,0,0,303,1719,1247,12,下位,0,0,0
491,491,0,192,492,0,1,547,303,1719,1247,12,下位,0,547,0
568,568,0,-6,-23,0,0,0,1038,492,93,3,下位,0,0,0
233,233,0,-6,-23,0,1,568,1038,492,93,3,下位,0,568,0
617,617,0,299,736,0,2,801,1038,492,93,3,下位,0,233,0
61,61,0,249,648,0,0,0,1418,736,-1436,4,下位,0,0,0
244,244,0,-6,-23,0,0,0,61,648,-883,4,下位,0,0,0
580,580,0,116,342,0,1,244,61,648,-883,4,下位,0,244,0
442,442,0,1353,3626,0,0,0,824,342,-1853,2,下位,0,0,0
394,394,0,233,649,1,0,0,0,0,1,0,下位,0,0,0
61,61,0,363,883,0,0,0,394,649,34,3,下位,0,0,0
157,157,0,-6,-23,0,0,0,61,883,822,5,下位,0,0,0
382,382,0,-6,-23,0,1,157,61,883,822,5,下位,0,157,0
208,208,0,39,136,0,2,539,61,883,822,5,下位,0,382,0
334,334,0,-6,-23,0,0,0,747,136,-256,1,下位,0,0,0
523,523,0,125,346,0,1,334,747,136,-256,1,下位,0,334,0
120,120,0,-6,-23,0,0,0,857,346,-1274,2,下位,0,0,0
315,315,0,62,227,0,1,120,857,346,-1274,2,下位,0,120,0
129,129,0,-6,-23,0,0,0,435,227,-1751,1,下位,0,0,0
102,102,0,42,148,0,1,129,435,227,-1751,1,下位,0,129,0
400,400,0,160,358,0,0,0,231,148,-1988,1,下位,0,0,0
322,322,0,3440,10121,1,0,0,0,0,1,0,下位,0,0,0
384,384,0,131,359,0,0,0,322,10121,-2,38,上位,0,0,0
218,218,0,-6,-23,0,0,0,384,359,-243,2,下位,0,0,0
591,591,0,1246,3054,0,1,218,384,359,-243,2,下位,0,218,0
184,184,0,41,144,1,0,0,0,0,1,0,下位,0,0,0
325,325,0,266,694,0,0,0,184,144,-143,1,下位,0,0,0
61,61,0,375,902,0,0,0,325,694,43,4,下位,0,0,0
195,195,0,66,238,0,0,0,61,902,850,6,下位,0,0,0
500,500,0,36,100,0,0,0,195,238,783,1,下位,0,0,0
137,137,0,757,1684,0,0,0,500,100,100,1,下位,0,0,0
314,314,0,198,556,0,0,0,137,1684,1568,10,下位,0,0,0
272,272,0,-6,-23,0,0,0,314,556,1633,3,下位,0,0,0
307,307,0,34,115,0,1,272,314,556,1633,3,下位,0,272,0
110,110,0,-6,-23,0,0,0,579,115,820,1,下位,0,0,0
399,399,0,134,365,0,1,110,579,115,820,1,下位,0,110,0
82,82,0,-6,-23,0,0,0,509,365,366,2,下位,0,0,0
66,66,0,109,270,0,1,82,509,365,366,2,下位,0,82,0
65,65,0,151,356,0,0,0,148,270,380,2,下位,0,0,0
121,121,0,337,685,0,0,0,65,356,634,3,下位,0,0,0
136,136,0,-6,-23,0,0,0,121,685,1130,5,下位,0,0,0
340,340,0,-6,-23,0,1,136,121,685,1130,5,下位,0,136,0
544,544,0,838,2070,0,2,476,121,685,1130,5,下位,0,340,0
159,159,0,172,427,0,0,0,1020,2070,1559,11,下位,0,0,0
250,250,0,568,1154,1,0,0,0,0,1,0,下位,0,0,0
161,161,0,42,139,0,0,0,250,1154,764,8,下位,0,0,0
191,191,0,178,413,0,0,0,161,139,651,1,下位,0,0,0
84,84,0,-6,-23,0,0,0,191,413,765,3,下位,0,0,0
324,324,0,-6,-23,0,1,84,191,413,765,3,下位,0,84,0
481,481,0,-6,-23,0,2,408,191,413,765,3,下位,0,324,0
468,468,0,165,419,0,3,889,191,413,765,3,下位,0,481,0
391,391,0,54,195,0,0,0,1357,419,-1008,3,下位,0,0,0
333,333,0,-6,-23,0,0,0,391,195,-1424,1,下位,0,0,0
44,44,0,77,287,0,1,333,391,195,-1424,1,下位,0,333,0
148,148,0,322,624,0,0,0,377,287,-1750,1,下位,0,0,0
225,225,0,-6,-23,0,0,0,148,624,-1358,5,下位,0,0,0
316,316,0,41,136,0,1,225,148,624,-1358,5,下位,0,225,0
577,577,0,171,501,0,0,0,541,136,-2091,1,下位,0,0,0
60,60,0,-6,-23,0,0,0,577,501,-2492,2,下位,0,0,0
385,385,0,62,228,0,1,60,577,501,-2492,2,下位,0,60,0
257,257,0,72,268,1,0,0,0,0,1,0,下位,0,0,0
101,101,0,176,573,0,0,0,257,268,-133,1,下位,0,0,0
561,561,0,47,157,0,0,0,101,573,282,2,下位,0,0,0
181,181,0,-6,-23,0,0,0,561,157,-438,1,下位,0,0,0
499,499,0,-6,-23,0,1,181,561,157,-438,1,下位,0,181,0
278,278,0,39,124,0,2,680,561,157,-438,1,下位,0,499,0
347,347,0,115,294,0,0,0,958,124,-1858,1,下位,0,0,0
170,170,0,284,600,0,0,0,347,294,-2106,2,下位,0,0,0
403,403,0,2320,6460,0,0,0,170,600,-1772,4,下位,0,0,0
308,308,0,-6,-23,0,0,0,403,6460,345,25,上位,0,0,0
113,113,0,-6,-23,0,1,308,403,6460,345,25,上位,0,308,0
238,238,0,93,225,0,2,421,403,6460,345,25,上位,0,113,0
63,63,0,268,403,0,0,0,659,225,-507,2,下位,0,0,0
331,331,0,75,280,0,0,0,63,403,-203,4,下位,0,0,0
611,611,0,252,710,1,0,0,0,0,1,0,下位,0,0,0
231,231,0,-6,-23,0,0,0,611,710,-244,3,下位,0,0,0
185,185,0,-6,-23,0,1,231,611,710,-244,3,下位,0,231,0
273,273,0,-6,-23,0,2,416,611,710,-244,3,下位,0,185,0
253,253,0,46,164,0,3,689,611,710,-244,3,下位,0,273,0
333,333,0,67,241,0,0,0,942,164,-1622,1,下位,0,0,0
212,212,0,-6,-23,0,0,0,333,241,-1902,1,下位,0,0,0
394,394,0,-6,-23,0,1,212,333,241,-1902,1,下位,0,212,0
390,390,0,375,764,0,2,606,333,241,-1902,1,下位,0,394,0
439,439,0,25,80,0,0,0,996,764,-2742,5,下位,0,0,0
517,517,0,-6,-23,1,0,0,0,0,1,0,下位,0,0,0
94,94,0,37,126,1,1,517,0,0,1,0,下位,0,517,0
582,582,0,125,331,0,0,0,611,126,-851,1,下位,0,0,0
426,426,0,-6,-23,0,0,0,582,331,-1430,2,下位,0,0,0
342,342,0,52,188,0,1,426,582,331,-1430,2,下位,0,426,0
216,216,0,108,412,0,0,0,768,188,-2466,1,下位,0,0,0
247,247,0,24,63,0,0,0,216,412,-2392,1,下位,0,0,0
664,664,0,-6,-23,1,0,0,0,0,1,0,下位,0,0,0
55,55,0,-6,-23,1,1,664,0,0,1,0,下位,0,664,0
400,400,0,397,839,1,2,719,0,0,1,0,下位,0,55,0
250,250,0,-6,-23,0,0,0,1119,839,-955,5,下位,0,0,0
563,563,0,-6,-23,0,1,250,1119,839,-955,5,下位,0,250,0
632,632,0,-6,-23,0,2,813,1119,839,-955,5,下位,0,563,0
160,160,0,142,410,0,3,1445,1119,839,-955,5,下位,0,632,0
171,171,0,-6,-23,1,0,0,0,0,1,0,下位,0,0,0
180,180,0,-6,-23,1,1,171,0,0,1,0,下位,0,171,0
208,208,0,56,201,1,2,351,0,0,1,0,下位,0,180,0
132,132,0,104,256,0,0,0,559,201,-719,1,下位,0,0,0
440,440,0,-6,-23,0,0,0,132,256,-670,2,下位,0,0,0
428,428,0,604,1303,0,1,440,132,256,-670,2,下位,0,440,0
240,240,0,243,685,0,0,0,868,1303,-747,9,下位,0,0,0
230,230,0,26,81,0,0,0,240,685,-437,3,下位,0,0,0
263,263,0,94,344,0,0,0,230,81,-716,1,下位,0,0,0
426,426,0,-6,-23,0,0,0,263,344,-783,1,下位,0,0,0
589,589,0,-6,-23,0,1,426,263,344,-783,1,下位,0,426,0
79,79,0,281,739,0,2,1015,263,344,-783,1,下位,0,589,0
260,260,0,567,1344,0,0,0,1094,739,-1801,4,下位,0,0,0
261,261,0,330,712,1,0,0,0,0,1,0,下位,0,0,0
593,593,0,-6,-23,0,0,0,261,712,306,4,下位,0,0,0
36,36,0,-6,-23,0,1,593,261,712,306,4,下位,0,593,0
40,40,0,131,375,0,2,629,261,712,306,4,下位,0,36,0
211,211,0,-6,-23,0,0,0,669,375,-412,2,下位,0,0,0
148,148,0,-6,-23,0,1,211,669,375,-412,2,下位,0,211,0
612,612,0,166,381,0,2,359,669,375,-412,2,下位,0,148,0
624,624,0,-6,-23,0,0,0,971,381,-1596,3,下位,0,0,0
195,195,0,-6,-23,0,1,624,971,381,-1596,3,下位,0,624,0
178,178,0,-6,-23,0,2,819,971,381,-1596,3,下位,0,195,0
294,294,0,40,139,0,3,997,971,381,-1596,3,下位,0,178,0
102,102,0,-6,-23,0,0,0,1291,139,-3545,1,下位,0,0,0
446,446,0,-6,-23,0,1,102,1291,139,-3545,1,下位,0,102,0
600,600,0,58,210,0,2,548,1291,139,-3545,1,下位,0,446,0
145,145,0,60,213,0,0,0,1148,210,-5176,1,下位,0,0,0
314,314,0,396,992,1,0,0,0,0,1,0,下位,0,0,0
140,140,0,-6,-23,0,0,0,314,992,502,5,下位,0,0,0
310,310,0,-6,-23,0,1,140,314,992,502,5,下位,0,140,0
230,230,0,199,503,0,2,450,314,992,502,5,下位,0,310,0
570,570,0,-6,-23,0,0,0,680,503,-105,3,下位,0,0,0
165,165,0,-6,-23,0,1,570,680,503,-105,3,下位,0,570,0
78,78,0,-6,-23,0,2,735,680,503,-105,3,下位,0,165,0
370,370,0,198,502,0,3,813,680,503,-105,3,下位,0,78,0
353,353,0,385,873,0,0,0,1183,502,-1522,3,下位,0,0,0
574,574,0,147,405,0,0,0,353,873,-1201,5,下位,0,0,0
424,424,0,53,185,1,0,0,0,0,1,0,下位,0,0,0
509,509,0,1556,4390,0,0,0,424,185,-477,1,下位,0,0,0
392,392,0,-6,-23,0,0,0,509,4390,286,18,上位,0,0,0
309,309,0,-6,-23,0,1,392,509,4390,286,18,上位,0,392,0
40,40,0,861,1752,0,2,701,509,4390,286,18,上位,0,309,0
324,324,0,987,2162,1,0,0,0,0,1,0,下位,0,0,0
78,78,0,132,291,0,0,0,324,2162,1656,14,下位,0,0,0
92,92,0,45,136,0,0,0,78,291,1825,3,下位,0,0,0
192,192,0,1143,3385,0,0,0,92,136,1818,1,下位,0,0,0
412,412,0,-6,-23,0,0,0,192,3385,253,14,上位,0,0,0
589,589,0,-6,-23,0,1,412,192,3385,253,14,上位,0,412,0
287,287,0,245,650,0,2,1001,192,3385,253,14,上位,0,589,0
198,198,0,-6,-23,0,0,0,1288,650,-1157,4,下位,0,0,0
116,116,0,-6,-23,0,1,198,1288,650,-1157,4,下位,0,198,0
136,136,0,-6,-23,0,2,314,1288,650,-1157,4,下位,0,116,0
81,81,0,43,152,0,3,450,1288,650,-1157,4,下位,0,136,0
67,67,0,-6,-23,0,0,0,531,152,-1906,1,下位,0,0,0
377,377,0,-6,-23,0,1,67,531,152,-1906,1,下位,0,67,0
589,589,0,463,1145,0,2,444,531,152,-1906,1,下位,0,377,0
87,87,0,-6,-23,1,0,0,0,0,1,0,下位,0,0,0
131,131,0,42,145,1,1,87,0,0,1,0,下位,0,87,0
367,367,0,122,319,0,0,0,218,145,-218,1,下位,0,0,0
574,574,0,-6,-23,0,0,0,367,319,-473,2,下位,0,0,0
72,72,0,-6,-23,0,1,574,367,319,-473,2,下位,0,574,0
324,324,0,206,347,0,2,646,367,319,-473,2,下位,0,72,0
370,370,0,43,152,0,0,0,970,347,-1689,3,下位,0,0,0
371,371,0,-6,-23,0,0,0,370,152,-2116,1,下位,0,0,0
478,478,0,1206,2635,0,1,371,370,152,-2116,1,下位,0,371,0
82,82,0,546,1397,0,0,0,849,2635,-831,16,下位,0,0,0
129,129,0,-6,-23,0,0,0,82,1397,437,7,下位,0,0,0
367,367,0,-6,-23,0,1,129,82,1397,437,7,下位,0,129,0
474,474,0,62,226,0,2,496,82,1397,437,7,下位,0,367,0
90,90,0,281,701,0,0,0,970,226,-900,1,下位,0,0,0
685,685,0,-6,-23,0,0,0,90,701,-340,4,下位,0,0,0
132,132,0,134,257,0,1,685,90,701,-340,4,下位,0,685,0
230,230,0,-6,-23,1,0,0,0,0,1,0,下位,0,0,0
58,58,0,-6,-23,1,1,230,0,0,1,0,下位,0,230,0
40,40,0,74,275,1,2,288,0,0,1,0,下位,0,58,0
62,62,0,58,201,0,0,0,328,275,-284,1,下位,0,0,0
215,215,0,-6,-23,0,0,0,62,201,-180,1,下位,0,0,0
159,159,0,-6,-23,0,1,215,62,201,-180,1,下位,0,215,0
43,43,0,-6,-23,0,2,374,62,201,-180,1,下位,0,159,0
618,618,0,114,286,0,3,417,62,201,-180,1,下位,0,43,0
447,447,0,-6,-23,0,0,0,1035,286,-1582,2,下位,0,0,0
350,350,0,-6,-23,0,1,447,1035,286,-1582,2,下位,0,447,0
605,605,0,-6,-23,0,2,797,1035,286,-1582,2,下位,0,350,0
124,124,0,185,489,0,3,1402,1035,286,-1582,2,下位,0,605,0
348,348,0,482,1225,0,0,0,1526,489,-3548,3,下位,0,0,0
297,297,0,-6,-23,0,0,0,348,1225,-2867,6,下位,0,0,0
640,640,0,-6,-23,0,1,297,348,1225,-2867,6,下位,0,297,0
241,241,0,59,215,0,2,937,348,1225,-2867,6,下位,0,640,0
211,211,0,126,319,0,0,0,1178,215,-4539,1,下位,0,0,0
470,470,0,-6,-23,1,0,0,0,0,1,0,下位,0,0,0
415,415,0,-6,-23,1,1,470,0,0,1,0,下位,0,470,0
114,114,0,102,334,1,2,885,0,0,1,0,下位,0,415,0
371,371,0,-6,-23,0,0,0,999,334,-1274,2,下位,0,0,0
503,503,0,-6,-23,0,1,371,999,334,-1274,2,下位,0,371,0
537,537,0,233,572,0,2,874,999,334,-1274,2,下位,0,503,0
280,280,0,-6,-23,0,0,0,1411,572,-2952,4,下位,0,0,0
77,77,0,-6,-23,0,1,280,1411,572,-2952,4,下位,0,280,0
483,483,0,-6,-23,0,2,357,1411,572,-2952,4,下位,0,77,0
98,98,0,275,808,0,3,840,1411,572,-2952,4,下位,0,483,0
141,141,0,360,762,0,0,0,938,808,-3681,3,下位,0,0,0
146,146,0,205,542,0,0,0,141,762,-3140,5,下位,0,0,0
125,125,0,128,323,0,0,0,146,542,-2826,3,下位,0,0,0
193,193,0,56,204,0,0,0,125,323,-2699,2,下位,0,0,0
330,330,0,134,365,0,0,0,193,204,-2797,1,下位,0,0,0
204,204,0,-6,-23,0,0,0,330,365,-2948,2,下位,0,0,0
270,270,0,117,333,0,1,204,330,365,-2948,2,下位,0,204,0
452,452,0,29,83,0,0,0,474,333,-3379,2,下位,0,0,0
433,433,0,317,892,0,0,0,452,83,-4003,1,下位,0,0,0
152,152,0,-6,-23,0,0,0,433,892,-3788,4,下位,0,0,0
305,305,0,162,494,0,1,152,433,892,-3788,4,下位,0,152,0
474,474,0,294,687,1,0,0,0,0,1,0,下位,0,0,0
540,540,0,450,967,0,0,0,474,687,-53,4,下位,0,0,0
408,408,0,334,805,0,0,0,540,967,69,6,下位,0,0,0
261,261,0,182,473,0,0,0,408,805,236,4,下位,0,0,0
622,622,0,-6,-23,0,0,0,261,473,301,3,下位,0,0,0
245,245,0,177,437,0,1,622,261,473,301,3,下位,0,622,0
212,212,0,46,165,0,0,0,867,437,-640,3,下位,0,0,0
484,484,0,39,123,0,0,0,212,165,-807,1,下位,0,0,0
458,458,0,150,433,0,0,0,484,123,-1441,1,下位,0,0,0
378,378,0,38,116,0,0,0,458,433,-1724,2,下位,0,0,0
370,370,0,-6,-23,0,0,0,378,116,-2199,1,下位,0,0,0
164,164,0,-6,-23,0,1,370,378,116,-2199,1,下位,0,370,0
235,235,0,58,209,0,2,534,378,116,-2199,1,下位,0,164,0
236,236,0,-6,-23,0,0,0,769,209,-3240,1,下位,0,0,0
63,63,0,40,139,0,1,236,769,209,-3240,1,下位,0,236,0
141,141,0,36,125,1,0,0,0,0,1,0,下位,0,0,0
545,545,0,-6,-23,0,0,0,141,125,-95,1,下位,0,0,0
310,310,0,62,228,0,1,545,141,125,-95,1,下位,0,545,0
91,91,0,1071,2491,0,0,0,855,228,-1227,1,下位,0,0,0
145,145,0,-6,-23,0,0,0,91,2491,1121,14,下位,0,0,0
493,493,0,112,238,0,1,145,91,2491,1121,14,下位,0,145,0
135,135,0,206,555,0,0,0,638,238,338,2,下位,0,0,0
556,556,0,-6,-23,0,0,0,135,555,682,3,下位,0,0,0
351,351,0,96,361,0,1,556,135,555,682,3,下位,0,556,0
427,427,0,-6,-23,0,0,0,907,361,-398,1,下位,0,0,0
99,99,0,-6,-23,0,1,427,907,361,-398,1,下位,0,427,0
83,83,0,-6,-23,0,2,526,907,361,-398,1,下位,0,99,0
80,80,0,38,133,0,3,609,907,361,-398,1,下位,0,83,0
171,171,0,-6,-23,0,0,0,689,133,-1412,1,下位,0,0,0
46,46,0,65,234,0,1,171,689,133,-1412,1,下位,0,171,0
556,556,0,42,143,0,0,0,217,234,-1541,1,下位,0,0,0
606,606,0,-6,-23,1,0,0,0,0,1,0,下位,0,0,0
151,151,0,-6,-23,1,1,606,0,0,1,0,下位,0,606,0
40,40,0,36,121,1,2,757,0,0,1,0,下位,0,151,0
436,436,0,74,275,0,0,0,797,121,-1170,1,下位,0,0,0
336,336,0,207,575,0,0,0,436,275,-1577,1,下位,0,0,0
232,232,0,43,144,0,0,0,336,575,-1527,3,下位,0,0,0
506,506,0,132,425,0,0,0,232,144,-1746,1,下位,0,0,0
109,109,0,662,1511,1,0,0,0,0,1,0,下位,0,0,0
83,83,0,-6,-23,0,0,0,109,1511,1341,9,下位,0,0,0
298,298,0,238,504,0,1,83,109,1511,1341,9,下位,0,83,0
183,183,0,-6,-23,0,0,0,381,504,1226,3,下位,0,0,0
445,445,0,40,138,0,1,183,381,504,1226,3,下位,0,183,0
90,90,0,69,256,0,0,0,628,138,359,1,下位,0,0,0
259,259,0,52,155,0,0,0,90,256,474,1,下位,0,0,0
154,154,0,434,868,0,0,0,259,155,224,1,下位,0,0,0
115,115,0,40,131,0,0,0,154,868,851,6,下位,0,0,0
317,317,0,-6,-23,0,0,0,115,131,802,1,下位,0,0,0
58,58,0,341,775,0,1,317,115,131,802,1,下位,0,317,0
486,486,0,-6,-23,1,0,0,0,0,1,0,下位,0,0,0
180,180,0,-6,-23,1,1,486,0,0,1,0,下位,0,486,0
77,77,0,230,628,1,2,666,0,0,1,0,下位,0,180,0
240,240,0,1197,2748,0,0,0,743,628,-580,3,下位,0,0,0
181,181,0,46,124,0,0,0,240,2748,1793,17,下位,0,0,0
303,303,0,274,553,0,0,0,181,124,1634,1,下位,0,0,0
128,128,0,-6,-23,0,0,0,303,553,1713,5,下位,0,0,0
427,427,0,-6,-23,0,1,128,303,553,1713,5,下位,0,128,0
459,459,0,351,819,0,2,555,303,553,1713,5,下位,0,427,0
143,143,0,56,197,0,0,0,1014,819,900,4,下位,0,0,0
134,134,0,-6,-23,1,0,0,0,0,1,0,下位,0,0,0
225,225,0,91,327,1,1,134,0,0,1,0,下位,0,134,0
207,207,0,-6,-23,0,0,0,359,327,-257,1,下位,0,0,0
376,376,0,64,237,0,1,207,359,327,-257,1,下位,0,207,0
156,156,0,-6,-23,0,0,0,583,237,-955,1,下位,0,0,0
406,406,0,1066,2553,0,1,156,583,237,-955,1,下位,0,156,0
95,95,0,-6,-23,0,0,0,562,2553,696,13,下位,0,0,0
64,64,0,-6,-23,0,1,95,562,2553,696,13,下位,0,95,0
216,216,0,-6,-23,0,2,159,562,2553,696,13,下位,0,64,0
163,163,0,58,205,0,3,375,562,2553,696,13,下位,0,216,0
89,89,0,285,692,0,0,0,538,205,-10,1,下位,0,0,0
145,145,0,-6,-23,1,0,0,0,0,1,0,下位,0,0,0
113,113,0,-6,-23,1,1,145,0,0,1,0,下位,0,145,0
270,270,0,108,249,1,2,258,0,0,1,0,下位,0,113,0
314,314,0,-6,-23,0,0,0,528,249,-622,2,下位,0,0,0
209,209,0,58,194,0,1,314,528,249,-622,2,下位,0,314,0
166,166,0,59,210,0,0,0,523,194,-1269,1,下位,0,0,0
88,88,0,169,362,0,0,0,166,210,-1319,1,下位,0,0,0
71,71,0,-6,-23,0,0,0,88,362,-1096,3,下位,0,0,0
280,280,0,-6,-23,0,1,71,88,362,-1096,3,下位,0,71,0
636,636,0,-6,-23,0,2,351,88,362,-1096,3,下位,0,280,0
287,287,0,566,1020,0,3,987,88,362,-1096,3,下位,0,636,0
392,392,0,-6,-23,0,0,0,1274,1020,-2138,9,下位,0,0,0
239,239,0,49,176,0,1,392,1274,1020,-2138,9,下位,0,392,0
89,89,0,62,214,0,0,0,631,176,-2972,1,下位,0,0,0
467,467,0,322,716,1,0,0,0,0,1,0,下位,0,0,0
373,373,0,-6,-23,0,0,0,467,716,-13,4,下位,0,0,0
268,268,0,41,142,0,1,373,467,716,-13,4,下位,0,373,0
87,87,0,242,580,0,0,0,641,142,-896,1,下位,0,0,0
147,147,0,-6,-23,0,0,0,87,580,-452,3,下位,0,0,0
365,365,0,278,611,0,1,147,87,580,-452,3,下位,0,147,0
350,350,0,-6,-23,0,0,0,512,611,-665,4,下位,0,0,0
748,748,0,182,469,0,1,350,512,611,-665,4,下位,0,350,0
99,99,0,38,120,0,0,0,1098,469,-1935,3,下位,0,0,0
309,309,0,274,758,0,0,0,99,120,-1970,1,下位,0,0,0
67,67,0,37,127,1,0,0,0,0,1,0,下位,0,0,0
236,236,0,42,148,0,0,0,67,127,23,1,下位,0,0,0
374,374,0,60,220,0,0,0,236,148,-198,1,下位,0,0,0
194,194,0,-6,-23,0,0,0,374,220,-563,1,下位,0,0,0
124,124,0,-6,-23,0,1,194,374,220,-563,1,下位,0,194,0
143,143,0,-6,-23,0,2,318,374,220,-563,1,下位,0,124,0
167,167,0,58,199,0,3,461,374,220,-563,1,下位,0,143,0
404,404,0,-6,-23,0,0,0,628,199,-1416,1,下位,0,0,0
106,106,0,38,129,0,1,404,628,199,-1416,1,下位,0,404,0
294,294,0,42,149,0,0,0,510,129,-2108,1,下位,0,0,0
412,412,0,-6,-23,0,0,0,294,149,-2419,1,下位,0,0,0
503,503,0,-6,-23,0,1,412,294,149,-2419,1,下位,0,412,0
168,168,0,-6,-23,0,2,915,294,149,-2419,1,下位,0,503,0
314,314,0,871,1888,0,3,1083,294,149,-2419,1,下位,0,168,0
394,394,0,-6,-23,1,0,0,0,0,1,0,下位,0,0,0
597,597,0,38,126,1,1,394,0,0,1,0,下位,0,394,0
72,72,0,66,222,0,0,0,991,126,-1445,1,下位,0,0,0
335,335,0,-6,-23,0,0,0,72,222,-1336,1,下位,0,0,0
381,381,0,-6,-23,0,1,335,72,222,-1336,1,下位,0,335,0
275,275,0,-6,-23,0,2,716,72,222,-1336,1,下位,0,381,0
122,122,0,94,343,0,3,991,72,222,-1336,1,下位,0,275,0
559,559,0,837,1909,0,0,0,1113,343,-2803,1,下位,0,0,0
174,174,0,-6,-23,0,0,0,559,1909,-1768,10,下位,0,0,0
189,189,0,45,148,0,1,174,559,1909,-1768,10,下位,0,174,0
690,690,0,-6,-23,1,0,0,0,0,1,0,下位,0,0,0
51,51,0,45,160,1,1,690,0,0,1,0,下位,0,690,0
103,103,0,-6,-23,0,0,0,741,160,-1021,1,下位,0,0,0
161,161,0,288,691,0,1,103,741,160,-1021,1,下位,0,103,0
179,179,0,-6,-23,0,0,0,264,691,-766,4,下位,0,0,0
307,307,0,190,514,0,1,179,264,691,-766,4,下位,0,179,0
478,478,0,173,563,0,0,0,486,514,-1035,3,下位,0,0,0
269,269,0,-6,-23,0,0,0,478,563,-1219,2,下位,0,0,0
290,290,0,541,1205,0,1,269,478,563,-1219,2,下位,0,269,0
412,412,0,44,146,0,0,0,559,1205,-912,7,下位,0,0,0
79,79,0,274,672,0,0,0,412,146,-1410,1,下位,0,0,0
206,206,0,212,439,0,0,0,79,672,-862,4,下位,0,0,0
143,143,0,444,910,1,0,0,0,0,1,0,下位,0,0,0
232,232,0,45,158,0,0,0,143,910,686,6,下位,0,0,0
97,97,0,-6,-23,0,0,0,232,158,481,1,下位,0,0,0
519,519,0,245,578,0,1,97,232,158,481,1,下位,0,97,0
332,332,0,54,195,0,0,0,616,578,73,3,下位,0,0,0
105,105,0,37,120,0,0,0,332,195,-251,1,下位,0,0,0
407,407,0,52,185,0,0,0,105,120,-295,1,下位,0,0,0
318,318,0,252,537,0,0,0,407,185,-746,1,下位,0,0,0
492,492,0,-6,-23,0,0,0,318,537,-705,3,下位,0,0,0
304,304,0,-6,-23,0,1,492,318,537,-705,3,下位,0,492,0
386,386,0,-6,-23,0,2,796,318,537,-705,3,下位,0,304,0
129,129,0,623,1194,0,3,1182,318,537,-705,3,下位,0,386,0
444,444,0,48,161,0,0,0,1311,1194,-1630,9,下位,0,0,0
373,373,0,226,621,1,0,0,0,0,1,0,下位,0,0,0
708,708,0,98,248,0,0,0,373,621,39,3,下位,0,0,0
689,689,0,-6,-23,0,0,0,708,248,-820,2,下位,0,0,0
475,475,0,411,827,0,1,689,708,248,-820,2,下位,0,689,0
220,220,0,750,1498,1,0,0,0,0,1,0,下位,0,0,0
107,107,0,-6,-23,0,0,0,220,1498,1156,11,下位,0,0,0
237,237,0,-6,-23,0,1,107,220,1498,1156,11,下位,0,107,0
408,408,0,-6,-23,0,2,344,220,1498,1156,11,下位,0,237,0
478,478,0,400,627,0,3,752,220,1498,1156,11,下位,0,408,0
154,154,0,53,192,0,0,0,1230,627,-210,6,下位,0,0,0
301,301,0,928,2143,0,0,0,154,192,-259,1,下位,0,0,0
138,138,0,851,1939,1,0,0,0,0,1,0,下位,0,0,0
169,169,0,118,296,0,0,0,138,1939,1724,11,下位,0,0,0
60,60,0,-6,-23,0,0,0,169,296,1755,2,下位,0,0,0
148,148,0,-6,-23,0,1,60,169,296,1755,2,下位,0,60,0
533,533,0,253,734,0,2,208,169,296,1755,2,下位,0,148,0
343,343,0,38,133,0,0,0,741,734,1284,3,下位,0,0,0
227,227,0,115,335,0,0,0,343,133,881,1,下位,0,0,0
489,489,0,288,722,0,0,0,227,335,861,2,下位,0,0,0
500,500,0,-6,-23,1,0,0,0,0,1,0,下位,0,0,0
153,153,0,685,1582,1,1,500,0,0,1,0,下位,0,500,0
336,336,0,-6,-23,0,0,0,653,1582,540,8,下位,0,0,0
339,339,0,-6,-23,0,1,336,653,1582,540,8,下位,0,336,0
150,150,0,258,662,0,2,675,653,1582,540,8,下位,0,339,0
145,145,0,50,172,0,0,0,825,662,-134,4,下位,0,0,0
185,185,0,-6,-23,1,0,0,0,0,1,0,下位,0,0,0
202,202,0,38,130,1,1,185,0,0,1,0,下位,0,185,0
428,428,0,-6,-23,0,0,0,387,130,-498,1,下位,0,0,0
334,334,0,70,244,0,1,428,387,130,-498,1,下位,0,428,0
357,357,0,30,88,0,0,0,762,244,-1468,1,下位,0,0,0
119,119,0,1445,3744,0,0,0,357,88,-1938,1,下位,0,0,0
220,220,0,-6,-23,1,0,0,0,0,1,0,下位,0,0,0
45,45,0,118,289,1,1,220,0,0,1,0,下位,0,220,0
139,139,0,177,460,0,0,0,265,289,-148,2,下位,0,0,0
249,249,0,-6,-23,0,0,0,139,460,94,3,下位,0,0,0
92,92,0,488,1125,0,1,249,139,460,94,3,下位,0,249,0
310,310,0,49,174,0,0,0,341,1125,663,6,下位,0,0,0
74,74,0,57,208,0,0,0,310,174,352,1,下位,0,0,0
342,342,0,-6,-23,0,0,0,74,208,444,1,下位,0,0,0
139,139,0,-6,-23,0,1,342,74,208,444,1,下位,0,342,0
251,251,0,94,265,0,2,481,74,208,444,1,下位,0,139,0
386,386,0,30,87,0,0,0,732,265,-483,2,下位,0,0,0
428,428,0,38,133,0,0,0,386,87,-1000,1,下位,0,0,0
304,304,0,34,79,0,0,0,428,133,-1536,1,下位,0,0,0
276,276,0,-6,-23,1,0,0,0,0,1,0,下位,0,0,0
329,329,0,-6,-23,1,1,276,0,0,1,0,下位,0,276,0
498,498,0,-6,-23,1,2,605,0,0,1,0,下位,0,329,0
62,62,0,131,403,1,3,1103,0,0,1,0,下位,0,498,0
605,605,0,-6,-23,0,0,0,1165,403,-1488,2,下位,0,0,0
389,389,0,-6,-23,0,1,605,1165,403,-1488,2,下位,0,605,0
121,121,0,-6,-23,0,2,994,1165,403,-1488,2,下位,0,389,0
253,253,0,60,214,0,3,1115,1165,403,-1488,2,下位,0,121,0
480,480,0,-6,-23,0,0,0,1368,214,-3482,1,下位,0,0,0
454,454,0,444,994,0,1,480,1368,214,-3482,1,下位,0,480,0
213,213,0,110,246,0,0,0,934,994,-3971,6,下位,0,0,0
538,538,0,122,365,1,0,0,0,0,1,0,下位,0,0,0
216,216,0,-6,-23,0,0,0,538,365,-475,2,下位,0,0,0
623,623,0,-6,-23,0,1,216,538,365,-475,2,下位,0,216,0
402,402,0,-6,-23,0,2,839,538,365,-475,2,下位,0,623,0
145,145,0,58,204,0,3,1241,538,365,-475,2,下位,0,402,0
323,323,0,-6,-23,0,0,0,1386,204,-2508,1,下位,0,0,0
486,486,0,-6,-23,0,1,323,1386,204,-2508,1,下位,0,323,0
146,146,0,235,667,0,2,809,1386,204,-2508,1,下位,0,486,0
255,255,0,-6,-23,0,0,0,955,667,-3381,3,下位,0,0,0
466,466,0,-6,-23,0,1,255,955,667,-3381,3,下位,0,255,0
316,316,0,58,204,0,2,721,955,667,-3381,3,下位,0,466,0
125,125,0,36,107,1,0,0,0,0,1,0,下位,0,0,0
298,298,0,52,180,0,0,0,125,107,-88,1,下位,0,0,0
542,542,0,-6,-23,0,0,0,298,180,-374,1,下位,0,0,0
273,273,0,-6,-23,0,1,542,298,180,-374,1,下位,0,542,0
151,151,0,-6,-23,0,2,815,298,180,-374,1,下位,0,273,0
74,74,0,1003,2121,0,3,966,298,180,-374,1,下位,0,151,0
399,399,0,199,548,0,0,0,1040,2121,51,14,下位,0,0,0
331,331,0,-6,-23,0,0,0,399,548,-25,3,下位,0,0,0
514,514,0,288,700,0,1,331,399,548,-25,3,下位,0,331,0
299,299,0,428,978,1,0,0,0,0,1,0,下位,0,0,0
419,419,0,-6,-23,0,0,0,299,978,511,6,下位,0,0,0
206,206,0,186,495,0,1,419,299,978,511,6,下位,0,419,0
103,103,0,-6,-23,0,0,0,625,495,6,3,下位,0,0,0
226,226,0,142,398,0,1,103,625,495,6,3,下位,0,103,0
207,207,0,-6,-23,0,0,0,329,398,-134,2,下位,0,0,0
546,546,0,-6,-23,0,1,207,329,398,-134,2,下位,0,207,0
504,504,0,202,546,0,2,753,329,398,-134,2,下位,0,546,0
263,263,0,-6,-23,0,0,0,1257,546,-1600,3,下位,0,0,0
191,191,0,-6,-23,0,1,263,1257,546,-1600,3,下位,0,263,0
122,122,0,53,191,0,2,454,1257,546,-1600,3,下位,0,191,0
149,149,0,505,1200,0,0,0,576,191,-2356,1,下位,0,0,0
78,78,0,56,197,0,0,0,149,1200,-1389,7,下位,0,0,0
191,191,0,402,922,0,0,0,78,197,-1314,1,下位,0,0,0
403,403,0,-6,-23,1,0,0,0,0,1,0,下位,0,0,0
113,113,0,190,463,1,1,403,0,0,1,0,下位,0,403,0
288,288,0,46,140,0,0,0,516,463,-366,2,下位,0,0,0
353,353,0,-6,-23,0,0,0,288,140,-676,1,下位,0,0,0
396,396,0,220,510,0,1,353,288,140,-676,1,下位,0,353,0
109,109,0,-6,-23,0,0,0,749,510,-1360,2,下位,0,0,0
60,60,0,-6,-23,0,1,109,749,510,-1360,2,下位,0,109,0
114,114,0,-6,-23,0,2,169,749,510,-1360,2,下位,0,60,0
163,163,0,400,940,0,3,283,749,510,-1360,2,下位,0,114,0
92,92,0,-6,-23,0,0,0,446,940,-1188,5,下位,0,0,0
395,395,0,82,305,0,1,92,446,940,-1188,5,下位,0,92,0
484,484,0,70,257,0,0,0,487,305,-1668,1,下位,0,0,0
433,433,0,191,536,1,0,0,0,0,1,0,下位,0,0,0
410,410,0,224,470,0,0,0,433,536,-140,3,下位,0,0,0
120,120,0,-6,-23,0,0,0,410,470,-311,4,下位,0,0,0
304,304,0,61,222,0,1,120,410,470,-311,4,下位,0,120,0
205,205,0,36,116,0,0,0,424,222,-775,1,下位,0,0,0
126,126,0,-6,-23,0,0,0,205,116,-980,1,下位,0,0,0
605,605,0,-6,-23,0,1,126,205,116,-980,1,下位,0,126,0
239,239,0,194,577,0,2,731,205,116,-980,1,下位,0,605,0
469,469,0,-6,-23,0,0,0,970,577,-1966,2,下位,0,0,0
286,286,0,-6,-23,0,1,469,970,577,-1966,2,下位,0,469,0
344,344,0,308,681,0,2,755,970,577,-1966,2,下位,0,286,0
355,355,0,56,205,0,0,0,1099,681,-3049,5,下位,0,0,0
87,87,0,567,1205,0,0,0,355,205,-3399,1,下位,0,0,0
286,286,0,335,728,0,0,0,87,1205,-2330,7,下位,0,0,0
412,412,0,-6,-23,1,0,0,0,0,1,0,下位,0,0,0
286,286,0,38,133,1,1,412,0,0,1,0,下位,0,412,0
64,64,0,34,117,0,0,0,698,133,-980,1,下位,0,0,0
89,89,0,-6,-23,0,0,0,64,117,-963,1,下位,0,0,0
188,188,0,96,262,0,1,89,64,117,-963,1,下位,0,89,0
385,385,0,355,913,0,0,0,277,262,-1158,2,下位,0,0,0
381,381,0,-6,-23,0,0,0,385,913,-847,5,下位,0,0,0
220,220,0,-6,-23,0,1,381,385,913,-847,5,下位,0,381,0
477,477,0,-6,-23,0,2,601,385,913,-847,5,下位,0,220,0
346,346,0,324,687,0,3,1078,385,913,-847,5,下位,0,477,0
120,120,0,53,190,0,0,0,1424,687,-2456,4,下位,0,0,0
149,149,0,56,202,0,0,0,120,190,-2454,1,下位,0,0,0
281,281,0,61,200,0,0,0,149,202,-2485,1,下位,0,0,0
151,151,0,-6,-23,0,0,0,281,200,-2724,1,下位,0,0,0
396,396,0,184,452,0,1,151,281,200,-2724,1,下位,0,151,0
131,131,0,-6,-23,0,0,0,547,452,-3150,3,下位,0,0,0
290,290,0,-6,-23,0,1,131,547,452,-3150,3,下位,0,131,0
231,231,0,-6,-23,0,2,421,547,452,-3150,3,下位,0,290,0
304,304,0,36,123,0,3,652,547,452,-3150,3,下位,0,231,0
527,527,0,-6,-23,1,0,0,0,0,1,0,下位,0,0,0
387,387,0,1136,2303,1,1,527,0,0,1,0,下位,0,527,0
137,137,0,238,516,0,0,0,914,2303,851,16,下位,0,0,0
229,229,0,39,125,0,0,0,137,516,1153,3,下位,0,0,0
205,205,0,-6,-23,0,0,0,229,125,920,1,下位,0,0,0
56,56,0,-6,-23,0,1,205,229,125,920,1,下位,0,205,0
494,494,0,189,456,0,2,261,229,125,920,1,下位,0,56,0
89,89,0,24,77,0,0,0,755,456,149,3,下位,0,0,0
546,546,0,37,127,0,0,0,89,77,86,1,下位,0,0,0
303,303,0,-6,-23,0,0,0,546,127,-641,1,下位,0,0,0
46,46,0,320,867,0,1,303,546,127,-641,1,下位,0,303,0
498,498,0,-6,-23,0,0,0,349,867,-343,4,下位,0,0,0
203,203,0,-6,-23,0,1,498,349,867,-343,4,下位,0,498,0
44,44,0,-6,-23,0,2,701,349,867,-343,4,下位,0,203,0
399,399,0,36,117,0,3,745,349,867,-343,4,下位,0,44,0
123,123,0,-6,-23,1,0,0,0,0,1,0,下位,0,0,0
172,172,0,-6,-23,1,1,123,0,0,1,0,下位,0,123,0
87,87,0,-6,-23,1,2,295,0,0,1,0,下位,0,172,0
125,125,0,57,206,1,3,382,0,0,1,0,下位,0,87,0
151,151,0,2901,8070,0,0,0,507,206,-656,1,下位,0,0,0
173,173,0,-6,-23,0,0,0,151,8070,-2,35,上位,0,0,0
330,330,0,964,2136,0,1,173,151,8070,-2,35,上位,0,173,0
255,255,0,-6,-23,0,0,0,503,2136,1324,13,下位,0,0,0
393,393,0,-6,-23,0,1,255,503,2136,1324,13,下位,0,255,0
87,87,0,-6,-23,0,2,648,503,2136,1324,13,下位,0,393,0
124,124,0,245,690,0,3,735,503,2136,1324,13,下位,0,87,0
524,524,0,-6,-23,0,0,0,859,690,601,3,下位,0,0,0
183,183,0,79,279,0,1,524,859,690,601,3,下位,0,524,0
578,578,0,-6,-23,0,0,0,707,279,-248,1,下位,0,0,0
131,131,0,120,331,0,1,578,707,279,-248,1,下位,0,578,0
298,298,0,-6,-23,1,0,0,0,0,1,0,下位,0,0,0
239,239,0,-6,-23,1,1,298,0,0,1,0,下位,0,298,0
97,97,0,602,1351,1,2,537,0,0,1,0,下位,0,239,0
360,360,0,122,317,0,0,0,634,1351,314,9,下位,0,0,0
79,79,0,-6,-23,0,0,0,360,317,68,2,下位,0,0,0
433,433,0,455,1089,0,1,79,360,317,68,2,下位,0,79,0
146,146,0,-6,-23,0,0,0,512,1089,333,6,下位,0,0,0
429,429,0,-6,-23,0,1,146,512,1089,333,6,下位,0,146,0
436,436,0,54,195,0,2,575,512,1089,333,6,下位,0,429,0
154,154,0,-6,-23,0,0,0,1011,195,-1100,1,下位,0,0,0
594,594,0,80,291,0,1,154,1011,195,-1100,1,下位,0,154,0
438,438,0,-6,-23,0,0,0,748,291,-2002,1,下位,0,0,0
488,488,0,158,480,0,1,438,748,291,-2002,1,下位,0,438,0
559,559,0,178,528,0,0,0,926,480,-2992,2,下位,0,0,0
172,172,0,-6,-23,0,0,0,559,528,-3338,2,下位,0,0,0
495,495,0,309,861,0,1,172,559,528,-3338,2,下位,0,172,0
118,118,0,215,522,1,0,0,0,0,1,0,下位,0,0,0
626,626,0,1572,4290,0,0,0,118,522,338,3,下位,0,0,0
593,593,0,53,192,0,0,0,626,4290,288,18,上位,0,0,0
95,95,0,-6,-23,0,0,0,593,192,-447,1,下位,0,0,0
265,265,0,-6,-23,0,1,95,593,192,-447,1,下位,0,95,0
275,275,0,125,397,0,2,360,593,192,-447,1,下位,0,265,0
83,83,0,-6,-23,0,0,0,635,397,-1089,2,下位,0,0,0
212,212,0,140,408,0,1,83,635,397,-1089,2,下位,0,83,0
520,520,0,186,436,0,0,0,295,408,-1166,2,下位,0,0,0
68,68,0,150,395,0,0,0,520,436,-1543,3,下位,0,0,0
440,440,0,366,723,0,0,0,68,395,-1255,3,下位,0,0,0
442,442,0,-6,-23,0,0,0,440,723,-1221,5,下位,0,0,0
199,199,0,41,131,0,1,442,440,723,-1221,5,下位,0,442,0
234,234,0,34,116,1,0,0,0,0,1,0,下位,0,0,0
398,398,0,58,212,0,0,0,234,116,-249,1,下位,0,0,0
235,235,0,47,162,0,0,0,398,212,-659,1,下位,0,0,0
274,274,0,244,590,0,0,0,235,162,-865,1,下位,0,0,0
92,92,0,-6,-23,0,0,0,274,590,-704,3,下位,0,0,0
440,440,0,58,210,0,1,92,274,590,-704,3,下位,0,92,0
275,275,0,-6,-23,0,0,0,532,210,-1349,1,下位,0,0,0
195,195,0,60,190,0,1,275,532,210,-1349,1,下位,0,275,0
327,327,0,-6,-23,0,0,0,470,190,-1917,1,下位,0,0,0
319,319,0,36,123,0,1,327,470,190,-1917,1,下位,0,327,0
221,221,0,-6,-23,0,0,0,646,123,-2827,1,下位,0,0,0
291,291,0,-6,-23,0,1,221,646,123,-2827,1,下位,0,221,0
80,80,0,319,884,0,2,512,646,123,-2827,1,下位,0,291,0
149,149,0,-6,-23,1,0,0,0,0,1,0,下位,0,0,0
239,239,0,552,1316,1,1,149,0,0,1,0,下位,0,149,0
536,536,0,211,506,0,0,0,388,1316,688,7,下位,0,0,0
538,538,0,-6,-23,0,0,0,536,506,356,3,下位,0,0,0
524,524,0,1702,4502,0,1,538,536,506,356,3,下位,0,538,0
528,528,0,58,209,0,0,0,1062,4502,574,20,上位,0,0,0
517,517,0,43,152,0,0,0,528,209,-42,1,下位,0,0,0
533,533,0,-6,-23,1,0,0,0,0,1,0,下位,0,0,0
179,179,0,-6,-23,1,1,533,0,0,1,0,下位,0,533,0
166,166,0,86,208,1,2,712,0,0,1,0,下位,0,179,0
516,516,0,984,2267,0,0,0,878,208,-1210,2,下位,0,0,0
202,202,0,-6,-23,0,0,0,516,2267,251,13,下位,0,0,0
368,368,0,608,1341,0,1,202,516,2267,251,13,下位,0,202,0
63,63,0,-6,-23,0,0,0,570,1341,678,8,下位,0,0,0
282,282,0,56,202,0,1,63,570,1341,678,8,下位,0,63,0
108,108,0,2173,5939,0,0,0,345,202,317,1,下位,0,0,0
247,247,0,-6,-23,0,0,0,108,5939,360,24,上位,0,0,0
124,124,0,55,200,0,1,247,108,5939,360,24,上位,0,247,0
437,437,0,541,1274,0,0,0,371,200,-43,1,下位,0,0,0
82,82,0,-6,-23,1,0,0,0,0,1,0,下位,0,0,0
291,291,0,-6,-23,1,1,82,0,0,1,0,下位,0,82,0
129,129,0,40,135,1,2,373,0,0,1,0,下位,0,291,0
354,354,0,205,522,0,0,0,502,135,-696,1,下位,0,0,0
328,328,0,116,321,0,0,0,354,522,-728,3,下位,0,0,0
153,153,0,123,302,0,0,0,328,321,-920,2,下位,0,0,0
737,737,0,56,203,0,0,0,153,302,-857,2,下位,0,0,0
260,260,0,250,560,0,0,0,737,203,-1806,1,下位,0,0,0
244,244,0,255,711,0,0,0,260,560,-1653,3,下位,0,0,0
168,168,0,200,540,0,0,0,244,711,-1324,3,下位,0,0,0
321,321,0,112,291,0,0,0,168,540,-1046,3,下位,0,0,0
444,444,0,-6,-23,0,0,0,321,291,-1257,2,下位,0,0,0
46,46,0,-6,-23,0,1,444,321,291,-1257,2,下位,0,444,0
405,405,0,121,342,0,2,490,321,291,-1257,2,下位,0,46,0
565,565,0,319,689,0,0,0,895,342,-2360,2,下位,0,0,0
409,409,0,58,213,0,0,0,565,689,-2555,4,下位,0,0,0
91,91,0,-6,-23,1,0,0,0,0,1,0,下位,0,0,0
199,199,0,474,1207,1,1,91,0,0,1,0,下位,0,91,0
184,184,0,-6,-23,0,0,0,290,1207,731,5,下位,0,0,0
649,649,0,-6,-23,0,1,184,290,1207,731,5,下位,0,184,0
196,196,0,-6,-23,0,2,833,290,1207,731,5,下位,0,649,0
137,137,0,151,395,0,3,1029,290,1207,731,5,下位,0,196,0
572,572,0,43,152,0,0,0,1166,395,-768,3,下位,0,0,0
61,61,0,56,224,0,0,0,572,152,-1510,1,下位,0,0,0
672,672,0,-6,-23,0,0,0,61,224,-1381,1,下位,0,0,0
124,124,0,-6,-23,0,1,672,61,224,-1381,1,下位,0,672,0
50,50,0,37,126,0,2,796,61,224,-1381,1,下位,0,124,0
128,128,0,-6,-23,0,0,0,846,126,-2624,1,下位,0,0,0
435,435,0,-6,-23,0,1,128,846,126,-2624,1,下位,0,128,0
85,85,0,39,123,0,2,563,846,126,-2624,1,下位,0,435,0
219,219,0,41,142,0,0,0,648,123,-3560,1,下位,0,0,0
521,521,0,62,219,1,0,0,0,0,1,0,下位,0,0,0
170,170,0,-6,-23,0,0,0,521,219,-594,1,下位,0,0,0
139,139,0,-6,-23,0,1,170,521,219,-594,1,下位,0,170,0
84,84,0,-6,-23,0,2,309,521,219,-594,1,下位,0,139,0
43,43,0,36,123,0,3,393,521,219,-594,1,下位,0,84,0
134,134,0,-6,-23,0,0,0,436,123,-1224,1,下位,0,0,0
159,159,0,-6,-23,0,1,134,436,123,-1224,1,下位,0,134,0
91,91,0,992,2515,0,2,293,436,123,-1224,1,下位,0,159,0
521,521,0,-6,-23,0,0,0,384,2515,643,12,下位,0,0,0
337,337,0,-6,-23,0,1,521,384,2515,643,12,下位,0,521,0
140,140,0,176,427,0,2,858,384,2515,643,12,下位,0,337,0
532,532,0,-6,-23,0,0,0,998,427,-536,3,下位,0,0,0
578,578,0,-6,-23,0,1,532,998,427,-536,3,下位,0,532,0
241,241,0,61,223,0,2,1110,998,427,-536,3,下位,0,578,0
299,299,0,66,230,0,0,0,1351,223,-2472,1,下位,0,0,0
129,129,0,-6,-23,0,0,0,299,230,-2710,1,下位,0,0,0
303,303,0,168,479,0,1,129,299,230,-2710,1,下位,0,129,0
329,329,0,138,430,1,0,0,0,0,1,0,下位,0,0,0
121,121,0,308,758,0,0,0,329,430,-83,2,下位,0,0,0
212,212,0,54,191,0,0,0,121,758,485,3,下位,0,0,0
457,457,0,78,289,0,0,0,212,191,344,1,下位,0,0,0
637,637,0,-6,-23,0,0,0,457,289,-82,1,下位,0,0,0
486,486,0,196,494,0,1,637,457,289,-82,1,下位,0,637,0
116,116,0,413,844,0,0,0,1123,494,-1366,3,下位,0,0,0
80,80,0,3054,8380,0,0,0,116,844,-704,6,下位,0,0,0
295,295,0,-6,-23,0,0,0,80,8380,267,37,上位,0,0,0
120,120,0,130,383,0,1,295,80,8380,267,37,上位,0,295,0
328,328,0,-6,-23,0,0,0,415,383,-22,2,下位,0,0,0
208,208,0,-6,-23,0,1,328,415,383,-22,2,下位,0,328,0
103,103,0,-6,-23,0,2,536,415,383,-22,2,下位,0,208,0
171,171,0,64,234,0,3,639,415,383,-22,2,下位,0,103,0
220,220,0,295,570,0,0,0,810,234,-1124,1,下位,0,0,0
213,213,0,-6,-23,1,0,0,0,0,1,0,下位,0,0,0
209,209,0,326,724,1,1,213,0,0,1,0,下位,0,213,0
163,163,0,106,252,0,0,0,422,724,42,4,下位,0,0,0
191,191,0,208,570,0,0,0,163,252,38,2,下位,0,0,0
276,276,0,58,205,0,0,0,191,570,309,3,下位,0,0,0
562,562,0,-6,-23,0,0,0,276,205,82,1,下位,0,0,0
460,460,0,-6,-23,0,1,562,276,205,82,1,下位,0,562,0
60,60,0,-6,-23,0,2,1022,276,205,82,1,下位,0,460,0
433,433,0,54,184,0,3,1082,276,205,82,1,下位,0,60,0
75,75,0,-6,-23,0,0,0,1515,184,-2172,1,下位,0,0,0
138,138,0,270,557,0,1,75,1515,184,-2172,1,下位,0,75,0
117,117,0,130,351,0,0,0,213,557,-1972,4,下位,0,0,0
365,365,0,550,1266,0,0,0,117,351,-1804,2,下位,0,0,0
188,188,0,323,622,0,0,0,365,1266,-1109,7,下位,0,0,0
197,197,0,151,330,0,0,0,188,622,-781,5,下位,0,0,0
134,134,0,306,832,1,0,0,0,0,1,0,下位,0,0,0
317,317,0,-6,-23,0,0,0,134,832,624,4,下位,0,0,0
179,179,0,-6,-23,0,1,317,134,832,624,4,下位,0,317,0
520,520,0,36,125,0,2,496,134,832,624,4,下位,0,179,0
122,122,0,-6,-23,0,0,0,1016,125,-886,1,下位,0,0,0
135,135,0,1187,2937,0,1,122,1016,125,-886,1,下位,0,122,0
62,62,0,-6,-23,0,0,0,257,2937,1626,15,下位,0,0,0
395,395,0,38,132,0,1,62,257,2937,1626,15,下位,0,62,0
90,90,0,501,1073,0,0,0,457,132,1020,1,下位,0,0,0
142,142,0,-6,-23,0,0,0,90,1073,1953,7,下位,0,0,0
334,334,0,-6,-23,0,1,142,90,1073,1953,7,下位,0,142,0
40,40,0,280,802,0,2,476,90,1073,1953,7,下位,0,334,0
405,405,0,-6,-23,1,0,0,0,0,1,0,下位,0,0,0
73,73,0,76,279,1,1,405,0,0,1,0,下位,0,405,0
62,62,0,40,160,0,0,0,478,279,-490,1,下位,0,0,0
455,455,0,-6,-23,0,0,0,62,160,-427,1,下位,0,0,0
505,505,0,-6,-23,0,1,455,62,160,-427,1,下位,0,455,0
246,246,0,-6,-23,0,2,960,62,160,-427,1,下位,0,505,0
389,389,0,184,435,0,3,1206,62,160,-427,1,下位,0,246,0
147,147,0,58,199,1,0,0,0,0,1,0,下位,0,0,0
142,142,0,-6,-23,0,0,0,147,199,-30,1,下位,0,0,0
138,138,0,406,906,0,1,142,147,199,-30,1,下位,0,142,0
580,580,0,102,385,0,0,0,280,906,415,5,下位,0,0,0
196,196,0,-6,-23,0,0,0,580,385,-107,1,下位,0,0,0
163,163,0,-6,-23,0,1,196,580,385,-107,1,下位,0,196,0
56,56,0,221,596,0,2,359,580,385,-107,1,下位,0,163,0
212,212,0,78,293,0,0,0,415,596,-207,3,下位,0,0,0
275,275,0,-6,-23,0,0,0,212,293,-246,1,下位,0,0,0
410,410,0,-6,-23,0,1,275,212,293,-246,1,下位,0,275,0
131,131,0,44,147,0,2,685,212,293,-246,1,下位,0,410,0
274,274,0,100,256,0,0,0,816,147,-1421,1,下位,0,0,0
484,484,0,-6,-23,0,0,0,274,256,-1594,2,下位,0,0,0
92,92,0,-6,-23,0,1,484,274,256,-1594,2,下位,0,484,0
340,340,0,37,120,0,2,576,274,256,-1594,2,下位,0,92,0
296,296,0,-6,-23,1,0,0,0,0,1,0,下位,0,0,0
88,88,0,-6,-23,1,1,296,0,0,1,0,下位,0,296,0
88,88,0,499,1202,1,2,384,0,0,1,0,下位,0,88,0
115,115,0,19,55,0,0,0,472,1202,418,6,下位,0,0,0
369,369,0,1075,2337,0,0,0,115,55,293,1,下位,0,0,0
408,408,0,-6,-23,0,0,0,369,2337,2053,16,下位,0,0,0
317,317,0,312,717,0,1,408,369,2337,2053,16,下位,0,408,0
405,405,0,65,233,0,0,0,725,717,1613,4,下位,0,0,0
468,468,0,35,119,1,0,0,0,0,1,0,下位,0,0,0
111,111,0,160,329,0,0,0,468,119,-612,1,下位,0,0,0
410,410,0,39,136,0,0,0,111,329,-457,3,下位,0,0,0
230,230,0,-6,-23,0,0,0,410,136,-962,1,下位,0,0,0
182,182,0,220,551,0,1,230,410,136,-962,1,下位,0,230,0
403,403,0,41,144,0,0,0,412,551,-1079,3,下位,0,0,0
269,269,0,54,197,0,0,0,403,144,-1565,1,下位,0,0,0
184,184,0,-6,-23,1,0,0,0,0,1,0,下位,0,0,0
40,40,0,177,425,1,1,184,0,0,1,0,下位,0,184,0
176,176,0,255,717,0,0,0,224,425,52,3,下位,0,0,0
451,451,0,38,130,0,0,0,176,717,494,3,下位,0,0,0
156,156,0,-6,-23,0,0,0,451,130,-81,1,下位,0,0,0
310,310,0,-6,-23,0,1,156,451,130,-81,1,下位,0,156,0
204,204,0,78,287,0,2,466,451,130,-81,1,下位,0,310,0
304,304,0,-6,-23,0,0,0,670,287,-888,1,下位,0,0,0
260,260,0,-6,-23,0,1,304,670,287,-888,1,下位,0,304,0
460,460,0,-6,-23,0,2,564,670,287,-888,1,下位,0,260,0
109,109,0,63,231,0,3,1024,670,287,-888,1,下位,0,460,0
362,362,0,129,310,1,0,0,0,0,1,0,下位,0,0,0
287,287,0,54,196,0,0,0,362,310,-255,2,下位,0,0,0
69,69,0,30,89,0,0,0,287,196,-508,1,下位,0,0,0
93,93,0,-6,-23,0,0,0,69,89,-527,1,下位,0,0,0
574,574,0,-6,-23,0,1,93,69,89,-527,1,下位,0,93,0
260,260,0,808,1653,0,2,667,69,89,-527,1,下位,0,574,0
380,380,0,-6,-23,0,0,0,927,1653,-370,12,下位,0,0,0
114,114,0,-6,-23,0,1,380,927,1653,-370,12,下位,0,380,0
96,96,0,26,67,0,2,494,927,1653,-370,12,下位,0,114,0
336,336,0,253,442,0,0,0,590,67,-1272,1,下位,0,0,0
242,242,0,52,189,0,0,0,336,442,-1354,4,下位,0,0,0
75,75,0,-6,-23,0,0,0,242,189,-1544,1,下位,0,0,0
122,122,0,330,790,0,1,75,242,189,-1544,1,下位,0,75,0
60,60,0,-6,-23,1,0,0,0,0,1,0,下位,0,0,0
414,414,0,725,1587,1,1,60,0,0,1,0,下位,0,60,0
170,170,0,457,947,0,0,0,474,1587,824,10,下位,0,0,0
486,486,0,116,304,0,0,0,170,947,1505,6,下位,0,0,0
263,263,0,-6,-23,0,0,0,486,304,1049,2,下位,0,0,0
369,369,0,309,678,0,1,263,486,304,1049,2,下位,0,263,0
357,357,0,232,550,0,0,0,632,678,716,5,下位,0,0,0
174,174,0,610,1344,1,0,0,0,0,1,0,下位,0,0,0
180,180,0,58,211,0,0,0,174,1344,1072,8,下位,0,0,0
232,232,0,-6,-23,0,0,0,180,211,1001,1,下位,0,0,0
124,124,0,-6,-23,0,1,232,180,211,1001,1,下位,0,232,0
84,84,0,-6,-23,0,2,356,180,211,1001,1,下位,0,124,0
512,512,0,49,152,0,3,440,180,211,1001,1,下位,0,84,0
125,125,0,-6,-23,0,0,0,952,152,-404,1,下位,0,0,0
396,396,0,136,422,0,1,125,952,152,-404,1,下位,0,125,0
376,376,0,66,235,0,0,0,521,422,-820,2,下位,0,0,0
328,328,0,167,404,1,0,0,0,0,1,0,下位,0,0,0
182,182,0,30,98,0,0,0,328,404,-108,3,下位,0,0,0
155,155,0,2667,7350,0,0,0,182,98,-295,1,下位,0,0,0
357,357,0,-6,-23,0,0,0,155,7350,257,30,上位,0,0,0
570,570,0,168,512,0,1,357,155,7350,257,30,上位,0,357,0
158,158,0,139,384,1,0,0,0,0,1,0,下位,0,0,0
493,493,0,-6,-23,0,0,0,158,384,138,2,下位,0,0,0
461,461,0,-6,-23,0,1,493,158,384,138,2,下位,0,493,0
96,96,0,167,412,0,2,954,158,384,138,2,下位,0,461,0
409,409,0,112,300,0,0,0,1050,412,-1138,3,下位,0,0,0
647,647,0,-6,-23,0,0,0,409,300,-1477,2,下位,0,0,0
106,106,0,-6,-23,0,1,647,409,300,-1477,2,下位,0,647,0
191,191,0,260,599,0,2,753,409,300,-1477,2,下位,0,106,0
454,454,0,532,1207,1,0,0,0,0,1,0,下位,0,0,0
284,284,0,-6,-23,0,0,0,454,1207,499,7,下位,0,0,0
397,397,0,47,127,0,1,284,454,1207,499,7,下位,0,284,0
379,379,0,41,144,0,0,0,681,127,-462,1,下位,0,0,0
148,148,0,47,166,0,0,0,379,144,-911,1,下位,0,0,0
539,539,0,195,496,0,0,0,148,166,-977,1,下位,0,0,0
355,355,0,-6,-23,1,0,0,0,0,1,0,下位,0,0,0
170,170,0,-6,-23,1,1,355,0,0,1,0,下位,0,355,0
276,276,0,48,173,1,2,525,0,0,1,0,下位,0,170,0
574,574,0,-6,-23,0,0,0,801,173,-1125,1,下位,0,0,0
174,174,0,396,884,0,1,574,801,173,-1125,1,下位,0,574,0
78,78,0,228,641,0,0,0,748,884,-1433,5,下位,0,0,0
200,200,0,56,202,1,0,0,0,0,1,0,下位,0,0,0
570,570,0,-6,-23,0,0,0,200,202,-110,1,下位,0,0,0
346,346,0,184,460,0,1,570,200,202,-110,1,下位,0,570,0
442,442,0,986,2289,0,0,0,916,460,-1105,3,下位,0,0,0
189,189,0,124,331,1,0,0,0,0,1,0,下位,0,0,0
171,171,0,-6,-23,0,0,0,189,331,36,2,下位,0,0,0
374,374,0,-6,-23,0,1,171,189,331,36,2,下位,0,171,0
374,374,0,42,117,0,2,545,189,331,36,2,下位,0,374,0
552,552,0,123,298,0,0,0,919,117,-1331,1,下位,0,0,0
372,372,0,148,434,0,0,0,552,298,-1896,2,下位,0,0,0
204,204,0,642,1342,1,0,0,0,0,1,0,下位,0,0,0
355,355,0,-6,-23,0,0,0,204,1342,1024,9,下位,0,0,0
163,163,0,-6,-23,0,1,355,204,1342,1024,9,下位,0,355,0
473,473,0,144,446,0,2,518,204,1342,1024,9,下位,0,163,0
361,361,0,-6,-23,0,0,0,991,446,-125,2,下位,0,0,0
516,516,0,26,85,0,1,361,991,446,-125,2,下位,0,361,0
480,480,0,87,170,0,0,0,877,85,-1434,1,下位,0,0,0
408,408,0,314,598,0,0,0,480,170,-2014,2,下位,0,0,0
87,87,0,-6,-23,0,0,0,408,598,-2054,4,下位,0,0,0
135,135,0,64,210,0,1,87,408,598,-2054,4,下位,0,87,0
240,240,0,602,1349,0,0,0,222,210,-2214,1,下位,0,0,0
83,83,0,-6,-23,0,0,0,240,1349,-1239,8,下位,0,0,0
517,517,0,-6,-23,0,1,83,240,1349,-1239,8,下位,0,83,0
266,266,0,801,1661,0,2,600,240,1349,-1239,8,下位,0,517,0
183,183,0,96,196,1,0,0,0,0,1,0,下位,0,0,0
514,514,0,-6,-23,0,0,0,183,196,-90,2,下位,0,0,0
392,392,0,78,290,0,1,514,183,196,-90,2,下位,0,514,0
114,114,0,40,135,0,0,0,906,290,-1240,1,下位,0,0,0
265,265,0,112,296,0,0,0,114,135,-1284,1,下位,0,0,0
420,420,0,-6,-23,0,0,0,265,296,-1404,2,下位,0,0,0
357,357,0,53,185,0,1,420,265,296,-1404,2,下位,0,420,0
204,204,0,41,109,0,0,0,777,185,-2457,1,下位,0,0,0
78,78,0,-6,-23,0,0,0,204,109,-2667,1,下位,0,0,0
109,109,0,-6,-23,0,1,78,204,109,-2667,1,下位,0,78,0
166,166,0,406,922,0,2,187,204,109,-2667,1,下位,0,109,0
409,409,0,-6,-23,0,0,0,353,922,-2344,6,下位,0,0,0
301,301,0,-6,-23,0,1,409,353,922,-2344,6,下位,0,409,0
387,387,0,272,704,0,2,710,353,922,-2344,6,下位,0,301,0
195,195,0,-6,-23,0,0,0,1097,704,-3401,4,下位,0,0,0
464,464,0,266,687,0,1,195,1097,704,-3401,4,下位,0,195,0
279,279,0,944,2080,0,0,0,659,687,-3767,4,下位,0,0,0
300,300,0,-6,-23,0,0,0,279,2080,-2122,12,下位,0,0,0
168,168,0,305,769,0,1,300,279,2080,-2122,12,下位,0,300,0
158,158,0,-6,-23,1,0,0,0,0,1,0,下位,0,0,0
286,286,0,36,121,1,1,158,0,0,1,0,下位,0,158,0
163,163,0,311,689,0,0,0,444,121,-595,1,下位,0,0,0
344,344,0,-6,-23,0,0,0,163,689,-161,4,下位,0,0,0
219,219,0,-6,-23,0,1,344,163,689,-161,4,下位,0,344,0
172,172,0,330,878,0,2,563,163,689,-161,4,下位,0,219,0
140,140,0,41,143,0,0,0,735,878,-479,4,下位,0,0,0
261,261,0,47,155,0,0,0,140,143,-555,1,下位,0,0,0
459,459,0,-6,-23,0,0,0,261,155,-808,1,下位,0,0,0
422,422,0,-6,-23,0,1,459,261,155,-808,1,下位,0,459,0
397,397,0,-6,-23,0,2,881,261,155,-808,1,下位,0,422,0
95,95,0,790,1768,0,3,1278,261,155,-808,1,下位,0,397,0
172,172,0,-6,-23,0,0,0,1373,1768,-1258,11,下位,0,0,0
66,66,0,740,1579,0,1,172,1373,1768,-1258,11,下位,0,172,0
134,134,0,52,186,0,0,0,238,1579,-75,10,下位,0,0,0
421,421,0,-6,-23,1,0,0,0,0,1,0,下位,0,0,0
82,82,0,-6,-23,1,1,421,0,0,1,0,下位,0,421,0
513,513,0,134,408,1,2,503,0,0,1,0,下位,0,82,0
179,179,0,36,119,0,0,0,1016,408,-1226,2,下位,0,0,0
364,364,0,-6,-23,0,0,0,179,119,-1387,1,下位,0,0,0
71,71,0,-6,-23,0,1,364,179,119,-1387,1,下位,0,364,0
108,108,0,172,508,0,2,435,179,119,-1387,1,下位,0,71,0
365,365,0,-6,-23,0,0,0,543,508,-1774,2,下位,0,0,0
109,109,0,-6,-23,0,1,365,543,508,-1774,2,下位,0,365,0
259,259,0,108,280,0,2,474,543,508,-1774,2,下位,0,109,0
267,267,0,-6,-23,0,0,0,733,280,-2687,2,下位,0,0,0
275,275,0,-6,-23,0,1,267,733,280,-2687,2,下位,0,267,0
352,352,0,62,208,0,2,542,733,280,-2687,2,下位,0,275,0
125,125,0,-6,-23,0,0,0,894,208,-3923,1,下位,0,0,0
324,324,0,139,385,0,1,125,894,208,-3923,1,下位,0,125,0
307,307,0,40,133,0,0,0,449,385,-4264,2,下位,0,0,0
83,83,0,-6,-23,0,0,0,307,133,-4611,1,下位,0,0,0
133,133,0,-6,-23,0,1,83,307,133,-4611,1,下位,0,83,0
649,649,0,-6,-23,0,2,216,307,133,-4611,1,下位,0,133,0
452,452,0,43,151,0,3,865,307,133,-4611,1,下位,0,649,0
217,217,0,-6,-23,0,0,0,1317,151,-6588,1,下位,0,0,0
128,128,0,270,744,0,1,217,1317,151,-6588,1,下位,0,217,0
313,313,0,118,316,1,0,0,0,0,1,0,下位,0,0,0
173,173,0,89,325,0,0,0,313,316,-173,2,下位,0,0,0
283,283,0,50,180,0,0,0,173,325,-119,1,下位,0,0,0
192,192,0,37,126,0,0,0,283,180,-382,1,下位,0,0,0
194,194,0,-6,-23,0,0,0,192,126,-556,1,下位,0,0,0
502,502,0,37,127,0,1,194,192,126,-556,1,下位,0,194,0
464,464,0,-6,-23,0,0,0,696,127,-1541,1,下位,0,0,0
74,74,0,-6,-23,0,1,464,696,127,-1541,1,下位,0,464,0
400,400,0,114,285,0,2,538,696,127,-1541,1,下位,0,74,0
353,353,0,-6,-23,0,0,0,938,285,-2768,2,下位,0,0,0
510,510,0,35,102,0,1,353,938,285,-2768,2,下位,0,353,0
396,396,0,-6,-23,0,0,0,863,102,-4038,1,下位,0,0,0
92,92,0,-6,-23,0,1,396,863,102,-4038,1,下位,0,396,0
85,85,0,-6,-23,0,2,488,863,102,-4038,1,下位,0,92,0
171,171,0,814,1869,0,3,573,863,102,-4038,1,下位,0,85,0
114,114,0,201,525,1,0,0,0,0,1,0,下位,0,0,0
386,386,0,-6,-23,0,0,0,114,525,347,2,下位,0,0,0
145,145,0,57,206,0,1,386,114,525,347,2,下位,0,386,0
234,234,0,-6,-23,0,0,0,531,206,-301,1,下位,0,0,0
154,154,0,37,126,0,1,234,531,206,-301,1,下位,0,234,0
211,211,0,3049,8163,0,0,0,388,126,-805,1,下位,0,0,0
561,561,0,27,88,0,0,0,211,8163,242,35,上位,0,0,0
224,224,0,189,528,0,0,0,561,88,-547,1,下位,0,0,0
66,66,0,117,309,0,0,0,224,528,-369,3,下位,0,0,0
491,491,0,-6,-23,0,0,0,66,309,-164,2,下位,0,0,0
389,389,0,-6,-23,0,1,491,66,309,-164,2,下位,0,491,0
352,352,0,73,272,0,2,880,66,309,-164,2,下位,0,389,0
233,233,0,38,122,1,0,0,0,0,1,0,下位,0,0,0
331,331,0,-6,-23,0,0,0,233,122,-241,1,下位,0,0,0
100,100,0,320,766,0,1,331,233,122,-241,1,下位,0,331,0
352,352,0,26,78,0,0,0,431,766,-173,4,下位,0,0,0
335,335,0,254,604,0,0,0,352,78,-645,1,下位,0,0,0
569,569,0,1548,4235,0,0,0,335,604,-564,3,下位,0,0,0
424,424,0,-6,-23,0,0,0,569,4235,596,18,上位,0,0,0
104,104,0,-6,-23,0,1,424,569,4235,596,18,上位,0,424,0
438,438,0,55,200,0,2,528,569,4235,596,18,上位,0,104,0
267,267,0,106,262,0,0,0,966,200,-761,1,下位,0,0,0
553,553,0,-6,-23,0,0,0,267,262,-917,2,下位,0,0,0
169,169,0,-6,-23,0,1,553,267,262,-917,2,下位,0,553,0
239,239,0,-6,-23,0,2,722,267,262,-917,2,下位,0,169,0
385,385,0,52,188,0,3,961,267,262,-917,2,下位,0,239,0
215,215,0,-6,-23,0,0,0,1346,188,-2903,1,下位,0,0,0
208,208,0,101,218,0,1,215,1346,188,-2903,1,下位,0,215,0
114,114,0,123,312,1,0,0,0,0,1,0,下位,0,0,0
234,234,0,-6,-23,0,0,0,114,312,134,2,下位,0,0,0
120,120,0,761,1749,0,1,234,114,312,134,2,下位,0,234,0
431,431,0,-6,-23,0,0,0,354,1749,1306,10,下位,0,0,0
296,296,0,608,1432,0,1,431,354,1749,1306,10,下位,0,431,0
247,247,0,185,484,0,0,0,727,1432,1578,8,下位,0,0,0
171,171,0,36,128,0,0,0,247,484,1676,3,下位,0,0,0
114,114,0,103,205,0,0,0,171,128,1536,1,下位,0,0,0
188,188,0,-6,-23,0,0,0,114,205,1562,2,下位,0,0,0
85,85,0,-6,-23,0,1,188,114,205,1562,2,下位,0,188,0
303,303,0,-6,-23,0,2,273,114,205,1562,2,下位,0,85,0
135,135,0,119,310,0,3,576,114,205,1562,2,下位,0,303,0
198,198,0,-6,-23,0,0,0,711,310,691,2,下位,0,0,0
116,116,0,-6,-23,0,1,198,711,310,691,2,下位,0,198,0
403,403,0,-6,-23,0,2,314,711,310,691,2,下位,0,116,0
210,210,0,54,194,0,3,717,711,310,691,2,下位,0,403,0
85,85,0,467,1026,0,0,0,927,194,-635,1,下位,0,0,0
325,325,0,-6,-23,0,0,0,85,1026,258,6,下位,0,0,0
135,135,0,56,206,0,1,325,85,1026,258,6,下位,0,325,0
407,407,0,722,1425,0,0,0,460,206,-278,1,下位,0,0,0
569,569,0,3189,10089,1,0,0,0,0,1,0,下位,0,0,0
311,311,0,564,1598,0,0,0,569,10089,286,29,上位,0,0,0
375,375,0,274,724,0,0,0,311,1598,340,8,上位,0,0,0
520,520,0,77,286,0,0,0,375,724,478,4,下位,0,0,0
126,126,0,38,133,0,0,0,520,286,-49,1,下位,0,0,0
104,104,0,34,116,0,0,0,126,133,-113,1,下位,0,0,0
79,79,0,-6,-23,0,0,0,104,116,-160,1,下位,0,0,0
279,279,0,126,338,0,1,79,104,116,-160,1,下位,0,79,0
231,231,0,-6,-23,0,0,0,358,338,-405,2,下位,0,0,0
189,189,0,63,231,0,1,231,358,338,-405,2,下位,0,231,0
526,526,0,60,215,0,0,0,420,231,-854,1,下位,0,0,0
80,80,0,59,209,0,0,0,526,215,-1461,1,下位,0,0,0
349,349,0,200,473,0,0,0,80,209,-1377,1,下位,0,0,0
282,282,0,-6,-23,0,0,0,349,473,-1450,3,下位,0,0,0
134,134,0,355,791,0,1,282,349,473,-1450,3,下位,0,282,0
193,193,0,-6,-23,1,0,0,0,0,1,0,下位,0,0,0
339,339,0,644,1372,1,1,193,0,0,1,0,下位,0,193,0
482,482,0,498,1053,0,0,0,532,1372,518,9,下位,0,0,0
299,299,0,549,1302,0,0,0,482,1053,817,7,下位,0,0,0
336,336,0,114,282,0,0,0,299,1302,1651,7,下位,0,0,0
693,693,0,-6,-23,0,0,0,336,282,1408,2,下位,0,0,0
91,91,0,-6,-23,0,1,693,336,282,1408,2,下位,0,693,0
103,103,0,158,480,0,2,784,336,282,1408,2,下位,0,91,0
139,139,0,457,836,0,0,0,887,480,454,2,下位,0,0,0
315,315,0,-6,-23,0,0,0,139,836,1072,7,下位,0,0,0
419,419,0,3463,10057,0,1,315,139,836,1072,7,下位,0,315,0
471,471,0,55,199,1,0,0,0,0,1,0,下位,0,0,0
119,119,0,475,1094,0,0,0,471,199,-536,1,下位,0,0,0
574,574,0,67,224,0,0,0,119,1094,372,6,下位,0,0,0
205,205,0,-6,-23,0,0,0,574,224,-302,1,下位,0,0,0
153,153,0,56,197,0,1,205,574,224,-302,1,下位,0,205,0
462,462,0,151,408,0,0,0,358,197,-688,1,下位,0,0,0
89,89,0,36,119,0,0,0,462,408,-1002,2,下位,0,0,0
170,170,0,-6,-23,0,0,0,89,119,-1022,1,下位,0,0,0
163,163,0,666,1470,0,1,170,89,119,-1022,1,下位,0,170,0
526,526,0,38,129,0,0,0,333,1470,-96,9,下位,0,0,0
220,220,0,917,2163,0,0,0,526,129,-789,1,下位,0,0,0
204,204,0,-6,-23,0,0,0,220,2163,1029,12,下位,0,0,0
177,177,0,108,288,0,1,204,220,2163,1029,12,下位,0,204,0
204,204,0,-6,-23,0,0,0,381,288,698,2,下位,0,0,0
525,525,0,78,292,0,1,204,381,288,698,2,下位,0,204,0
104,104,0,-6,-23,0,0,0,729,292,-173,1,下位,0,0,0
430,430,0,-6,-23,0,1,104,729,292,-173,1,下位,0,104,0
90,90,0,126,392,0,2,534,729,292,-173,1,下位,0,430,0
365,365,0,-6,-23,1,0,0,0,0,1,0,下位,0,0,0
389,389,0,-6,-23,1,1,365,0,0,1,0,下位,0,365,0
398,398,0,80,294,1,2,754,0,0,1,0,下位,0,389,0
99,99,0,1074,3361,0,0,0,1152,294,-1552,1,下位,0,0,0
412,412,0,240,445,0,0,0,99,3361,1653,9,下位,0,0,0
303,303,0,352,686,0,0,0,412,445,1454,3,下位,0,0,0
421,421,0,147,327,0,0,0,303,686,1666,5,下位,0,0,0
302,302,0,-6,-23,0,0,0,421,327,1335,3,下位,0,0,0
81,81,0,169,421,0,1,302,421,327,1335,3,下位,0,302,0
370,370,0,118,333,0,0,0,383,421,1133,3,下位,0,0,0
187,187,0,67,213,0,0,0,370,333,887,2,下位,0,0,0
551,551,0,381,807,0,0,0,187,213,807,1,下位,0,0,0
262,262,0,-6,-23,0,0,0,551,807,753,5,下位,0,0,0
326,326,0,200,502,0,1,262,551,807,753,5,下位,0,262,0
285,285,0,599,1214,0,0,0,588,502,312,3,下位,0,0,0
361,361,0,213,565,0,0,0,285,1214,1080,8,下位,0,0,0
170,170,0,256,564,1,0,0,0,0,1,0,下位,0,0,0
457,457,0,118,356,0,0,0,170,564,300,4,下位,0,0,0
361,361,0,144,400,0,0,0,457,356,-59,2,下位,0,0,0
389,389,0,-6,-23,0,0,0,361,400,-223,2,下位,0,0,0
432,432,0,-6,-23,0,1,389,361,400,-223,2,下位,0,389,0
40,40,0,-6,-23,0,2,821,361,400,-223,2,下位,0,432,0
351,351,0,166,502,0,3,861,361,400,-223,2,下位,0,40,0
192,192,0,-6,-23,0,0,0,1212,502,-1685,2,下位,0,0,0
418,418,0,390,846,0,1,192,1212,502,-1685,2,下位,0,192,0
169,169,0,-6,-23,0,0,0,610,846,-1816,6,下位,0,0,0
253,253,0,-6,-23,0,1,169,610,846,-1816,6,下位,0,169,0
319,319,0,123,333,0,2,422,610,846,-1816,6,下位,0,253,0
197,197,0,1370,3428,1,0,0,0,0,1,0,下位,0,0,0
527,527,0,144,410,0,0,0,197,3428,271,17,上位,0,0,0
597,597,0,-6,-23,0,0,0,527,410,-143,2,下位,0,0,0
209,209,0,40,139,0,1,597,527,410,-143,2,下位,0,597,0
299,299,0,1355,3812,0,0,0,806,139,-1287,1,下位,0,0,0
612,612,0,2553,7180,0,0,0,299,3812,286,15,上位,0,0,0
201,201,0,-6,-23,1,0,0,0,0,1,0,下位,0,0,0
116,116,0,499,1182,1,1,201,0,0,1,0,下位,0,201,0
308,308,0,-6,-23,0,0,0,317,1182,664,6,下位,0,0,0
409,409,0,-6,-23,0,1,308,317,1182,664,6,下位,0,308,0
295,295,0,-6,-23,0,2,717,317,1182,664,6,下位,0,409,0
353,353,0,65,240,0,3,1012,317,1182,664,6,下位,0,295,0
190,190,0,-6,-23,0,0,0,1365,240,-1300,1,下位,0,0,0
161,161,0,-6,-23,0,1,190,1365,240,-1300,1,下位,0,190,0
640,640,0,-6,-23,0,2,351,1365,240,-1300,1,下位,0,161,0
314,314,0,38,126,0,3,991,1365,240,-1300,1,下位,0,640,0
601,601,0,-6,-23,0,0,0,1305,126,-3283,1,下位,0,0,0
479,479,0,46,123,0,1,601,1305,126,-3283,1,下位,0,601,0
290,290,0,-6,-23,0,0,0,1080,123,-4872,1,下位,0,0,0
450,450,0,74,180,0,1,290,1080,123,-4872,1,下位,0,290,0
301,301,0,-6,-23,0,0,0,740,180,-5873,2,下位,0,0,0
395,395,0,37,128,0,1,301,740,180,-5873,2,下位,0,301,0
115,115,0,-6,-23,1,0,0,0,0,1,0,下位,0,0,0
365,365,0,230,592,1,1,115,0,0,1,0,下位,0,115,0
479,479,0,145,494,0,0,0,480,592,-181,3,下位,0,0,0
246,246,0,210,537,0,0,0,479,494,-436,2,下位,0,0,0
147,147,0,146,374,0,0,0,246,537,-284,3,下位,0,0,0
378,378,0,-6,-23,0,0,0,147,374,-140,2,下位,0,0,0
101,101,0,-6,-23,0,1,378,147,374,-140,2,下位,0,378,0
197,197,0,238,644,0,2,479,147,374,-140,2,下位,0,101,0
665,665,0,-6,-23,0,0,0,676,644,-599,3,下位,0,0,0
59,59,0,-6,-23,0,1,665,676,644,-599,3,下位,0,665,0
86,86,0,-6,-23,0,2,724,676,644,-599,3,下位,0,59,0
419,419,0,181,579,0,3,810,676,644,-599,3,下位,0,86,0
318,318,0,-6,-23,0,0,0,1229,579,-2012,2,下位,0,0,0
192,192,0,42,145,0,1,318,1229,579,-2012,2,下位,0,318,0
267,267,0,432,806,0,0,0,510,145,-2687,1,下位,0,0,0
361,361,0,133,349,0,0,0,267,806,-2298,7,下位,0,0,0
61,61,0,-6,-23,0,0,0,361,349,-2513,2,下位,0,0,0
370,370,0,-6,-23,0,1,61,361,349,-2513,2,下位,0,61,0
476,476,0,526,1130,0,2,431,361,349,-2513,2,下位,0,370,0
163,163,0,119,340,0,0,0,907,1130,-2848,8,下位,0,0,0
466,466,0,58,198,0,0,0,163,340,-2763,2,下位,0,0,0
549,549,0,-6,-23,1,0,0,0,0,1,0,下位,0,0,0
462,462,0,-6,-23,1,1,549,0,0,1,0,下位,0,549,0
295,295,0,45,141,1,2,1011,0,0,1,0,下位,0,462,0
507,507,0,172,388,0,0,0,1306,141,-1945,1,下位,0,0,0
220,220,0,193,521,0,0,0,507,388,-2350,3,下位,0,0,0
256,256,0,46,153,0,0,0,220,521,-2173,3,下位,0,0,0
82,82,0,346,807,0,0,0,256,153,-2420,1,下位,0,0,0
72,72,0,-6,-23,0,0,0,82,807,-1742,4,下位,0,0,0
276,276,0,242,631,0,1,72,82,807,-1742,4,下位,0,72,0
297,297,0,260,460,0,0,0,348,631,-1679,3,下位,0,0,0
153,153,0,57,189,0,0,0,297,460,-1682,4,下位,0,0,0
170,170,0,-6,-23,0,0,0,153,189,-1732,1,下位,0,0,0
612,612,0,488,1052,0,1,170,153,189,-1732,1,下位,0,170,0
475,475,0,-6,-23,0,0,0,782,1052,-1926,7,下位,0,0,0
204,204,0,62,221,0,1,475,782,1052,-1926,7,下位,0,475,0
399,399,0,449,1019,0,0,0,679,221,-2790,1,下位,0,0,0
352,352,0,232,710,0,0,0,399,1019,-2395,6,下位,0,0,0
222,222,0,-6,-23,0,0,0,352,710,-2235,3,下位,0,0,0
472,472,0,84,279,0,1,222,352,710,-2235,3,下位,0,222,0
301,301,0,50,178,1,0,0,0,0,1,0,下位,0,0,0
191,191,0,-6,-23,0,0,0,301,178,-292,1,下位,0,0,0
185,185,0,-6,-23,0,1,191,301,178,-292,1,下位,0,191,0
584,584,0,-6,-23,0,2,376,301,178,-292,1,下位,0,185,0
460,460,0,22,60,0,3,960,301,178,-292,1,下位,0,584,0
190,190,0,-6,-23,0,0,0,1420,60,-2521,1,下位,0,0,0
179,179,0,-6,-23,0,1,190,1420,60,-2521,1,下位,0,190,0
373,373,0,110,270,0,2,369,1420,60,-2521,1,下位,0,179,0
487,487,0,-6,-23,0,0,0,742,270,-3457,2,下位,0,0,0
214,214,0,-6,-23,0,1,487,742,270,-3457,2,下位,0,487,0
112,112,0,92,233,0,2,701,742,270,-3457,2,下位,0,214,0
499,499,0,-6,-23,0,0,0,813,233,-4541,2,下位,0,0,0
223,223,0,43,107,0,1,499,813,233,-4541,2,下位,0,499,0
470,470,0,-6,-23,1,0,0,0,0,1,0,下位,0,0,0
227,227,0,-6,-23,1,1,470,0,0,1,0,下位,0,470,0
251,251,0,106,267,1,2,697,0,0,1,0,下位,0,227,0
155,155,0,-6,-23,0,0,0,948,267,-1261,2,下位,0,0,0
242,242,0,-6,-23,0,1,155,948,267,-1261,2,下位,0,155,0
403,403,0,-6,-23,0,2,397,948,267,-1261,2,下位,0,242,0
161,161,0,262,647,0,3,800,948,267,-1261,2,下位,0,403,0
92,92,0,58,204,0,0,0,961,647,-2187,4,下位,0,0,0
236,236,0,59,216,0,0,0,92,204,-2127,1,下位,0,0,0
139,139,0,54,194,0,0,0,236,216,-2280,1,下位,0,0,0
127,127,0,150,427,0,0,0,139,194,-2304,1,下位,0,0,0
572,572,0,25,80,0,0,0,127,427,-2076,2,下位,0,0,0
417,417,0,54,194,0,0,0,572,80,-2890,1,下位,0,0,0
391,391,0,181,535,0,0,0,417,194,-3348,1,下位,0,0,0
135,135,0,115,290,0,0,0,391,535,-3424,3,下位,0,0,0
189,189,0,58,213,0,0,0,135,290,-3345,2,下位,0,0,0
349,349,0,-6,-23,0,0,0,189,213,-3428,1,下位,0,0,0
133,133,0,55,198,0,1,349,189,213,-3428,1,下位,0,349,0
267,267,0,28,78,0,0,0,482,198,-4007,1,下位,0,0,0
253,253,0,-6,-23,1,0,0,0,0,1,0,下位,0,0,0
335,335,0,-6,-23,1,1,253,0,0,1,0,下位,0,253,0
223,223,0,294,768,1,2,588,0,0,1,0,下位,0,335,0
238,238,0,64,236,0,0,0,811,768,-546,4,下位,0,0,0
145,145,0,58,210,0,0,0,238,236,-682,1,下位,0,0,0
202,202,0,52,188,0,0,0,145,210,-699,1,下位,0,0,0
541,541,0,-6,-23,0,0,0,202,188,-827,1,下位,0,0,0
278,278,0,211,530,0,1,541,202,188,-827,1,下位,0,541,0
504,504,0,86,323,0,0,0,819,530,-1601,3,下位,0,0,0
406,406,0,-6,-23,0,0,0,504,323,-2066,1,下位,0,0,0
68,68,0,1996,5190,0,1,406,504,323,-2066,1,下位,0,406,0
137,137,0,352,776,0,0,0,474,5190,-2,23,上位,0,0,0
349,349,0,-6,-23,0,0,0,137,776,559,5,下位,0,0,0
412,412,0,102,231,0,1,349,137,776,559,5,下位,0,349,0
395,395,0,457,1036,0,0,0,761,231,-423,2,下位,0,0,0
407,407,0,-6,-23,1,0,0,0,0,1,0,下位,0,0,0
368,368,0,-6,-23,1,1,407,0,0,1,0,下位,0,407,0
63,63,0,-6,-23,1,2,775,0,0,1,0,下位,0,368,0
501,501,0,347,713,1,3,838,0,0,1,0,下位,0,63,0
433,433,0,-6,-23,0,0,0,1339,713,-1448,5,下位,0,0,0
522,522,0,-6,-23,0,1,433,1339,713,-1448,5,下位,0,433,0
289,289,0,-6,-23,0,2,955,1339,713,-1448,5,下位,0,522,0
149,149,0,486,1114,0,3,1244,1339,713,-1448,5,下位,0,289,0
257,257,0,-6,-23,0,0,0,1393,1114,-2581,6,下位,0,0,0
467,467,0,144,431,0,1,257,1393,1114,-2581,6,下位,0,257,0
203,203,0,-6,-23,0,0,0,724,431,-3305,2,下位,0,0,0
288,288,0,833,2021,0,1,203,724,431,-3305,2,下位,0,203,0
199,199,0,42,147,0,0,0,491,2021,-2075,11,下位,0,0,0
413,413,0,-6,-23,1,0,0,0,0,1,0,下位,0,0,0
202,202,0,247,661,1,1,413,0,0,1,0,下位,0,413,0
500,500,0,-6,-23,0,0,0,615,661,-323,3,下位,0,0,0
112,112,0,565,1162,0,1,500,615,661,-323,3,下位,0,500,0
287,287,0,-6,-23,0,0,0,612,1162,-141,8,下位,0,0,0
359,359,0,-6,-23,0,1,287,612,1162,-141,8,下位,0,287,0
377,377,0,58,203,0,2,646,612,1162,-141,8,下位,0,359,0
463,463,0,-6,-23,0,0,0,1023,203,-1584,1,下位,0,0,0
86,86,0,451,984,0,1,463,1023,203,-1584,1,下位,0,463,0
340,340,0,-6,-23,0,0,0,549,984,-1482,6,下位,0,0,0
43,43,0,48,150,0,1,340,549,984,-1482,6,下位,0,340,0
211,211,0,-6,-23,1,0,0,0,0,1,0,下位,0,0,0
87,87,0,494,897,1,1,211,0,0,1,0,下位,0,211,0
112,112,0,35,119,0,0,0,298,897,409,7,下位,0,0,0
423,423,0,62,225,0,0,0,112,119,353,1,下位,0,0,0
139,139,0,-6,-23,0,0,0,423,225,-83,1,下位,0,0,0
82,82,0,-6,-23,0,1,139,423,225,-83,1,下位,0,139,0
327,327,0,263,635,0,2,221,423,225,-83,1,下位,0,82,0
306,306,0,83,293,0,0,0,548,635,-352,4,下位,0,0,0
142,142,0,117,329,0,0,0,306,293,-538,1,下位,0,0,0
491,491,0,-6,-23,0,0,0,142,329,-431,2,下位,0,0,0
230,230,0,94,354,0,1,491,142,329,-431,2,下位,0,491,0
149,149,0,-6,-23,0,0,0,721,354,-1228,1,下位,0,0,0
366,366,0,40,139,0,1,149,721,354,-1228,1,下位,0,149,0
394,394,0,-6,-23,0,0,0,515,139,-1917,1,下位,0,0,0
122,122,0,-6,-23,0,1,394,515,139,-1917,1,下位,0,394,0
463,463,0,-6,-23,0,2,516,515,139,-1917,1,下位,0,122,0
145,145,0,99,269,0,3,979,515,139,-1917,1,下位,0,463,0
67,67,0,291,749,0,0,0,1124,269,-3475,2,下位,0,0,0
202,202,0,474,1065,1,0,0,0,0,1,0,下位,0,0,0
221,221,0,487,1184,0,0,0,202,1065,750,8,下位,0,0,0
259,259,0,107,240,0,0,0,221,1184,1588,7,下位,0,0,0
305,305,0,-6,-23,0,0,0,259,240,1423,2,下位,0,0,0
66,66,0,440,898,0,1,305,259,240,1423,2,下位,0,305,0
184,184,0,27,86,0,0,0,371,898,1718,7,下位,0,0,0
112,112,0,-6,-23,0,0,0,184,86,1516,1,下位,0,0,0
195,195,0,82,307,0,1,112,184,86,1516,1,下位,0,112,0
200,200,0,196,466,0,0,0,307,307,1320,1,下位,0,0,0
350,350,0,900,2273,0,0,0,200,466,1474,3,下位,0,0,0
226,226,0,238,651,0,0,0,350,2273,382,13,上位,0,0,0
112,112,0,-6,-23,0,0,0,226,651,679,3,下位,0,0,0
483,483,0,102,280,0,1,112,226,651,679,3,下位,0,112,0
206,206,0,57,201,0,0,0,595,280,6,2,下位,0,0,0
170,170,0,40,137,0,0,0,206,201,-115,1,下位,0,0,0
565,565,0,-6,-23,0,0,0,170,137,-244,1,下位,0,0,0
396,396,0,64,231,0,1,565,170,137,-244,1,下位,0,565,0
99,99,0,-6,-23,1,0,0,0,0,1,0,下位,0,0,0
62,62,0,-6,-23,1,1,99,0,0,1,0,下位,0,99,0
263,263,0,113,309,1,2,161,0,0,1,0,下位,0,62,0
449,449,0,1402,3290,0,0,0,424,309,-399,2,下位,0,0,0
357,357,0,942,3235,0,0,0,449,3290,-2,18,上位,0,0,0
327,327,0,181,493,0,0,0,357,3235,216,7,上位,0,0,0
246,246,0,-6,-23,0,0,0,327,493,198,3,下位,0,0,0
80,80,0,55,200,0,1,246,327,493,198,3,下位,0,246,0
485,485,0,308,532,0,0,0,326,200,-135,1,下位,0,0,0
318,318,0,-6,-23,0,0,0,485,532,-361,5,下位,0,0,0
469,469,0,148,480,0,1,318,485,532,-361,5,下位,0,318,0
167,167,0,1321,3666,0,0,0,787,480,-1134,2,下位,0,0,0
229,229,0,27,81,0,0,0,167,3666,-2,14,上位,0,0,0
81,81,0,62,229,0,0,0,229,81,-279,1,下位,0,0,0
341,341,0,-6,-23,0,0,0,81,229,-177,1,下位,0,0,0
286,286,0,50,169,0,1,341,81,229,-177,1,下位,0,341,0
233,233,0,56,202,1,0,0,0,0,1,0,下位,0,0,0
432,432,0,251,764,0,0,0,233,202,-161,1,下位,0,0,0
61,61,0,57,228,0,0,0,432,764,-72,3,下位,0,0,0
401,401,0,140,412,0,0,0,61,228,61,1,下位,0,0,0
85,85,0,336,804,0,0,0,401,412,-154,2,下位,0,0,0
206,206,0,208,518,0,0,0,85,804,517,4,下位,0,0,0
366,366,0,40,137,0,0,0,206,518,713,2,下位,0,0,0
132,132,0,138,407,0,0,0,366,137,278,1,下位,0,0,0
321,321,0,60,219,0,0,0,132,407,478,2,下位,0,0,0
213,213,0,-6,-23,0,0,0,321,219,195,1,下位,0,0,0
231,231,0,175,454,0,1,213,321,219,195,1,下位,0,213,0
326,326,0,92,340,0,0,0,444,454,-68,3,下位,0,0,0
203,203,0,126,344,0,0,0,326,340,-238,1,下位,0,0,0
147,147,0,-6,-23,0,0,0,203,344,-212,2,下位,0,0,0
233,233,0,42,149,0,1,147,203,344,-212,2,下位,0,147,0
237,237,0,-6,-23,0,0,0,380,149,-680,1,下位,0,0,0
478,478,0,-6,-23,0,1,237,380,149,-680,1,下位,0,237,0
269,269,0,274,757,0,2,715,380,149,-680,1,下位,0,478,0
316,316,0,-6,-23,1,0,0,0,0,1,0,下位,0,0,0
197,197,0,-6,-23,1,1,316,0,0,1,0,下位,0,316,0
274,274,0,-6,-23,1,2,513,0,0,1,0,下位,0,197,0
157,157,0,226,664,1,3,787,0,0,1,0,下位,0,274,0
365,365,0,-6,-23,0,0,0,944,664,-881,3,下位,0,0,0
367,367,0,-6,-23,0,1,365,944,664,-881,3,下位,0,365,0
376,376,0,152,494,0,2,732,944,664,-881,3,下位,0,367,0
615,615,0,318,819,0,0,0,1108,494,-2166,2,下位,0,0,0
190,190,0,70,248,0,0,0,615,819,-2308,5,下位,0,0,0
138,138,0,160,432,0,0,0,190,248,-2357,1,下位,0,0,0
91,91,0,212,545,0,0,0,138,432,-2141,3,下位,0,0,0
217,217,0,-6,-23,0,0,0,91,545,-1739,3,下位,0,0,0
285,285,0,129,372,0,1,217,91,545,-1739,3,下位,0,217,0
638,638,0,318,840,0,0,0,502,372,-2176,2,下位,0,0,0
361,361,0,-6,-23,1,0,0,0,0,1,0,下位,0,0,0
162,162,0,-6,-23,1,1,361,0,0,1,0,下位,0,361,0
126,126,0,36,115,1,2,523,0,0,1,0,下位,0,162,0
361,361,0,-6,-23,0,0,0,649,115,-945,1,下位,0,0,0
170,170,0,-6,-23,0,1,361,649,115,-945,1,下位,0,361,0
146,146,0,56,201,0,2,531,649,115,-945,1,下位,0,170,0
551,551,0,-6,-23,0,0,0,677,201,-1849,1,下位,0,0,0
44,44,0,168,416,0,1,551,677,201,-1849,1,下位,0,551,0
173,173,0,42,143,0,0,0,595,416,-2386,3,下位,0,0,0
444,444,0,-6,-23,0,0,0,173,143,-2514,1,下位,0,0,0
441,441,0,-6,-23,0,1,444,173,143,-2514,1,下位,0,444,0
327,327,0,-6,-23,0,2,885,173,143,-2514,1,下位,0,441,0
52,52,0,135,374,0,3,1212,173,143,-2514,1,下位,0,327,0
500,500,0,58,210,0,0,0,1264,374,-4186,2,下位,0,0,0
516,516,0,389,694,0,0,0,500,210,-4758,1,下位,0,0,0
677,677,0,184,410,1,0,0,0,0,1,0,下位,0,0,0
447,447,0,422,921,0,0,0,677,410,-648,3,下位,0,0,0
385,385,0,56,202,0,0,0,447,921,-426,6,下位,0,0,0
549,549,0,-6,-23,0,0,0,385,202,-826,1,下位,0,0,0
418,418,0,-6,-23,0,1,549,385,202,-826,1,下位,0,549,0
197,197,0,-6,-23,0,2,967,385,202,-826,1,下位,0,418,0
379,379,0,37,126,0,3,1164,385,202,-826,1,下位,0,197,0
298,298,0,151,496,0,0,0,1543,126,-3182,1,下位,0,0,0
374,374,0,-6,-23,0,0,0,298,496,-3152,2,下位,0,0,0
352,352,0,724,1724,0,1,374,298,496,-3152,2,下位,0,374,0
253,253,0,-6,-23,1,0,0,0,0,1,0,下位,0,0,0
112,112,0,-6,-23,1,1,253,0,0,1,0,下位,0,253,0
538,538,0,132,385,1,2,365,0,0,1,0,下位,0,112,0
256,256,0,54,197,0,0,0,903,385,-1072,2,下位,0,0,0
506,506,0,-6,-23,0,0,0,256,197,-1275,1,下位,0,0,0
221,221,0,-6,-23,0,1,506,256,197,-1275,1,下位,0,506,0
84,84,0,420,970,0,2,727,256,197,-1275,1,下位,0,221,0
196,196,0,80,300,0,0,0,811,970,-1620,6,下位,0,0,0
530,530,0,-6,-23,0,0,0,196,300,-1627,1,下位,0,0,0
40,40,0,-6,-23,0,1,530,196,300,-1627,1,下位,0,530,0
398,398,0,40,130,0,2,570,196,300,-1627,1,下位,0,40,0
95,95,0,216,523,0,0,0,968,130,-3057,1,下位,0,0,0
521,521,0,75,273,0,0,0,95,523,-2683,4,下位,0,0,0
367,367,0,-6,-23,0,0,0,521,273,-3224,1,下位,0,0,0
583,583,0,-6,-23,0,1,367,521,273,-3224,1,下位,0,367,0
365,365,0,-6,-23,0,2,950,521,273,-3224,1,下位,0,583,0
437,437,0,416,919,0,3,1315,521,273,-3224,1,下位,0,365,0
291,291,0,-6,-23,1,0,0,0,0,1,0,下位,0,0,0
61,61,0,52,178,1,1,291,0,0,1,0,下位,0,291,0
48,48,0,-6,-23,0,0,0,352,178,-395,1,下位,0,0,0
310,310,0,-6,-23,0,1,48,352,178,-395,1,下位,0,48,0
537,537,0,899,2021,0,2,358,352,178,-395,1,下位,0,310,0
194,194,0,44,150,0,0,0,895,2021,179,12,下位,0,0,0
207,207,0,1650,4294,0,0,0,194,150,25,1,下位,0,0,0
557,557,0,-6,-23,0,0,0,207,4294,390,20,上位,0,0,0
535,535,0,-6,-23,0,1,557,207,4294,390,20,上位,0,557,0
413,413,0,56,199,0,2,1092,207,4294,390,20,上位,0,535,0
341,341,0,254,690,0,0,0,1505,199,-1810,1,下位,0,0,0
330,330,0,42,149,0,0,0,341,690,-1653,3,下位,0,0,0
385,385,0,-6,-23,1,0,0,0,0,1,0,下位,0,0,0
219,219,0,55,198,1,1,385,0,0,1,0,下位,0,385,0
318,318,0,802,1614,0,0,0,604,198,-769,1,下位,0,0,0
245,245,0,70,260,0,0,0,318,1614,348,12,下位,0,0,0
631,631,0,41,143,0,0,0,245,260,225,1,下位,0,0,0
690,690,0,-6,-23,0,0,0,631,143,-618,1,下位,0,0,0
558,558,0,338,793,0,1,690,631,143,-618,1,下位,0,690,0
569,569,0,65,239,1,0,0,0,0,1,0,下位,0,0,0
79,79,0,-6,-23,0,0,0,569,239,-650,1,下位,0,0,0
85,85,0,199,614,0,1,79,569,239,-650,1,下位,0,79,0
422,422,0,-6,-23,0,0,0,164,614,-316,2,下位,0,0,0
142,142,0,40,139,0,1,422,164,614,-316,2,下位,0,422,0
188,188,0,-6,-23,0,0,0,564,139,-1082,1,下位,0,0,0
91,91,0,53,191,0,1,188,564,139,-1082,1,下位,0,188,0
236,236,0,-6,-23,0,0,0,279,191,-1351,1,下位,0,0,0
219,219,0,-6,-23,0,1,236,279,191,-1351,1,下位,0,236,0
292,292,0,47,166,0,2,455,279,191,-1351,1,下位,0,219,0
160,160,0,718,1680,0,0,0,747,166,-2400,1,下位,0,0,0
621,621,0,122,338,0,0,0,160,1680,-970,9,下位,0,0,0
236,236,0,-6,-23,0,0,0,621,338,-1604,2,下位,0,0,0
103,103,0,-6,-23,0,1,236,621,338,-1604,2,下位,0,236,0
310,310,0,890,2030,0,2,339,621,338,-1604,2,下位,0,103,0
445,445,0,42,128,1,0,0,0,0,1,0,下位,0,0,0
483,483,0,95,354,0,0,0,445,128,-567,1,下位,0,0,0
341,341,0,-6,-23,0,0,0,483,354,-968,1,下位,0,0,0
281,281,0,-6,-23,0,1,341,483,354,-968,1,下位,0,341,0
449,449,0,165,365,0,2,622,483,354,-968,1,下位,0,281,0
305,305,0,-6,-23,0,0,0,1071,365,-2323,3,下位,0,0,0
374,374,0,-6,-23,0,1,305,1071,365,-2323,3,下位,0,305,0
470,470,0,-6,-23,0,2,679,1071,365,-2323,3,下位,0,374,0
114,114,0,335,765,0,3,1149,1071,365,-2323,3,下位,0,470,0
496,496,0,-6,-23,0,0,0,1263,765,-3603,5,下位,0,0,0
147,147,0,-6,-23,0,1,496,1263,765,-3603,5,下位,0,496,0
490,490,0,357,815,0,2,643,1263,765,-3603,5,下位,0,147,0
317,317,0,112,332,0,0,0,1133,815,-4605,4,下位,0,0,0
235,235,0,-6,-23,1,0,0,0,0,1,0,下位,0,0,0
111,111,0,26,85,1,1,235,0,0,1,0,下位,0,235,0
270,270,0,-6,-23,0,0,0,346,85,-479,1,下位,0,0,0
92,92,0,-6,-23,0,1,270,346,85,-479,1,下位,0,270,0
428,428,0,-6,-23,0,2,362,346,85,-479,1,下位,0,92,0
298,298,0,106,312,0,3,790,346,85,-479,1,下位,0,428,0
108,108,0,-6,-23,1,0,0,0,0,1,0,下位,0,0,0
565,565,0,-6,-23,1,1,108,0,0,1,0,下位,0,108,0
282,282,0,-6,-23,1,2,673,0,0,1,0,下位,0,565,0
262,262,0,118,372,1,3,955,0,0,1,0,下位,0,282,0
466,466,0,-6,-23,0,0,0,1217,372,-1599,2,下位,0,0,0
639,639,0,-6,-23,0,1,466,1217,372,-1599,2,下位,0,466,0
438,438,0,-6,-23,0,2,1105,1217,372,-1599,2,下位,0,639,0
498,498,0,33,112,0,3,1543,1217,372,-1599,2,下位,0,438,0
402,402,0,-6,-23,0,0,0,2041,112,-4748,1,下位,0,0,0
52,52,0,-6,-23,0,1,402,2041,112,-4748,1,下位,0,402,0
641,641,0,115,354,0,2,454,2041,112,-4748,1,下位,0,52,0
487,487,0,-6,-23,0,0,0,1095,354,-6153,2,下位,0,0,0
430,430,0,107,254,0,1,487,1095,354,-6153,2,下位,0,487,0
190,190,0,-6,-23,1,0,0,0,0,1,0,下位,0,0,0
301,301,0,36,124,1,1,190,0,0,1,0,下位,0,190,0
186,186,0,238,566,0,0,0,491,124,-666,1,下位,0,0,0
493,493,0,208,546,0,0,0,186,566,-392,4,下位,0,0,0
374,374,0,61,223,0,0,0,493,546,-616,3,下位,0,0,0
165,165,0,-6,-23,1,0,0,0,0,1,0,下位,0,0,0
203,203,0,54,180,1,1,165,0,0,1,0,下位,0,165,0
298,298,0,310,630,0,0,0,368,180,-418,1,下位,0,0,0
437,437,0,39,135,0,0,0,298,630,-254,4,下位,0,0,0
123,123,0,115,306,0,0,0,437,135,-802,1,下位,0,0,0
463,463,0,190,453,0,0,0,123,306,-690,2,下位,0,0,0
226,226,0,42,139,0,0,0,463,453,-961,2,下位,0,0,0
92,92,0,-6,-23,0,0,0,226,139,-1176,1,下位,0,0,0
46,46,0,-6,-23,0,1,92,226,139,-1176,1,下位,0,92,0
230,230,0,118,312,0,2,138,226,139,-1176,1,下位,0,46,0
217,217,0,2030,5620,0,0,0,368,312,-1486,2,下位,0,0,0
396,396,0,-6,-23,1,0,0,0,0,1,0,下位,0,0,0
550,550,0,58,205,1,1,396,0,0,1,0,下位,0,396,0
320,320,0,224,594,0,0,0,946,205,-1296,1,下位,0,0,0
169,169,0,313,726,0,0,0,320,594,-1202,3,下位,0,0,0
228,228,0,60,206,0,0,0,169,726,-740,4,下位,0,0,0
464,464,0,-6,-23,0,0,0,228,206,-891,1,下位,0,0,0
312,312,0,61,223,0,1,464,228,206,-891,1,下位,0,464,0
187,187,0,56,205,0,0,0,776,223,-1904,1,下位,0,0,0
167,167,0,65,222,1,0,0,0,0,1,0,下位,0,0,0
465,465,0,-6,-23,0,0,0,167,222,-38,1,下位,0,0,0
58,58,0,51,182,0,1,465,167,222,-38,1,下位,0,465,0
495,495,0,36,121,0,0,0,523,182,-697,1,下位,0,0,0
89,89,0,-6,-23,0,0,0,495,121,-1350,1,下位,0,0,0
48,48,0,657,1269,0,1,89,495,121,-1350,1,下位,0,89,0
256,256,0,-6,-23,0,0,0,137,1269,-319,9,下位,0,0,0
417,417,0,60,214,0,1,256,137,1269,-319,9,下位,0,256,0
441,441,0,-6,-23,0,0,0,673,214,-1180,1,下位,0,0,0
186,186,0,666,1534,0,1,441,673,214,-1180,1,下位,0,441,0
585,585,0,37,121,0,0,0,627,1534,-650,9,下位,0,0,0
152,152,0,154,410,0,0,0,585,121,-1444,1,下位,0,0,0
483,483,0,41,142,0,0,0,152,410,-1272,2,下位,0,0,0
466,466,0,205,529,0,0,0,483,142,-1885,1,下位,0,0,0
370,370,0,36,123,1,0,0,0,0,1,0,下位,0,0,0
253,253,0,-6,-23,0,0,0,370,123,-455,1,下位,0,0,0
282,282,0,486,1018,0,1,253,370,123,-455,1,下位,0,253,0
495,495,0,-6,-23,0,0,0,535,1018,-297,6,下位,0,0,0
64,64,0,371,726,0,1,495,535,1018,-297,6,下位,0,495,0
411,411,0,-6,-23,0,0,0,559,726,-468,5,下位,0,0,0
388,388,0,363,850,0,1,411,559,726,-468,5,下位,0,411,0
238,238,0,28,86,0,0,0,799,850,-891,5,下位,0,0,0
666,666,0,-6,-23,0,0,0,238,86,-1177,1,下位,0,0,0
182,182,0,-6,-23,0,1,666,238,86,-1177,1,下位,0,666,0
352,352,0,-6,-23,0,2,848,238,86,-1177,1,下位,0,182,0
138,138,0,36,115,0,3,1200,238,86,-1177,1,下位,0,352,0
553,553,0,-6,-23,0,0,0,1338,115,-3223,1,下位,0,0,0
482,482,0,294,596,0,1,553,1338,115,-3223,1,下位,0,553,0
209,209,0,-6,-23,0,0,0,1035,596,-4268,4,下位,0,0,0
62,62,0,-6,-23,0,1,209,1035,596,-4268,4,下位,0,209,0
192,192,0,-6,-23,0,2,271,1035,596,-4268,4,下位,0,62,0
435,435,0,93,203,0,3,463,1035,596,-4268,4,下位,0,192,0
376,376,0,-6,-23,1,0,0,0,0,1,0,下位,0,0,0
40,40,0,221,618,1,1,376,0,0,1,0,下位,0,376,0
317,317,0,222,552,0,0,0,416,618,-55,3,下位,0,0,0
174,174,0,-6,-23,0,0,0,317,552,1,3,下位,0,0,0
213,213,0,-6,-23,0,1,174,317,552,1,3,下位,0,174,0
215,215,0,-6,-23,0,2,387,317,552,1,3,下位,0,213,0
579,579,0,1652,4500,0,3,602,317,552,1,3,下位,0,215,0
383,383,0,34,120,0,0,0,1181,4500,380,18,上位,0,0,0
548,548,0,-6,-23,0,0,0,383,120,-99,1,下位,0,0,0
94,94,0,104,244,0,1,548,383,120,-99,1,下位,0,548,0
215,215,0,604,1255,0,0,0,642,244,-882,2,下位,0,0,0
262,262,0,46,137,0,0,0,215,1255,37,8,下位,0,0,0
5,5,0,52,188,0,0,0,262,137,-236,1,下位,0,0,0
374,374,0,-6,-23,1,0,0,0,0,1,0,下位,0,0,0
401,401,0,-6,-23,1,1,374,0,0,1,0,下位,0,374,0
223,223,0,294,633,1,2,775,0,0,1,0,下位,0,401,0
165,165,0,-6,-23,0,0,0,998,633,-973,4,下位,0,0,0
160,160,0,-6,-23,0,1,165,998,633,-973,4,下位,0,165,0
512,512,0,471,960,0,2,325,998,633,-973,4,下位,0,160,0
270,270,0,61,228,0,0,0,837,960,-1367,6,下位,0,0,0
505,505,0,-6,-23,0,0,0,270,228,-1561,1,下位,0,0,0
500,500,0,184,500,0,1,505,270,228,-1561,1,下位,0,505,0
562,562,0,63,219,0,0,0,1005,500,-2656,3,下位,0,0,0
307,307,0,-6,-23,0,0,0,562,219,-3316,1,下位,0,0,0
178,178,0,-6,-23,0,1,307,562,219,-3316,1,下位,0,307,0
65,65,0,-6,-23,0,2,485,562,219,-3316,1,下位,0,178,0
241,241,0,57,208,0,3,550,562,219,-3316,1,下位,0,65,0
270,270,0,640,1301,0,0,0,791,208,-4415,1,下位,0,0,0
324,324,0,-6,-23,1,0,0,0,0,1,0,下位,0,0,0
123,123,0,-6,-23,1,1,324,0,0,1,0,下位,0,324,0
251,251,0,77,288,1,2,447,0,0,1,0,下位,0,123,0
401,401,0,-6,-23,0,0,0,698,288,-850,1,下位,0,0,0
366,366,0,-6,-23,0,1,401,698,288,-850,1,下位,0,401,0
379,379,0,36,123,0,2,767,698,288,-850,1,下位,0,366,0
186,186,0,-6,-23,1,0,0,0,0,1,0,下位,0,0,0
83,83,0,61,218,1,1,186,0,0,1,0,下位,0,186,0
165,165,0,173,539,0,0,0,269,218,-225,1,下位,0,0,0
207,207,0,-6,-23,0,0,0,165,539,56,2,下位,0,0,0
518,518,0,-6,-23,0,1,207,165,539,56,2,下位,0,207,0
299,299,0,1982,4785,0,2,725,165,539,56,2,下位,0,518,0
370,370,0,-6,-23,1,0,0,0,0,1,0,下位,0,0,0
64,64,0,2248,6110,1,1,370,0,0,1,0,下位,0,370,0
537,537,0,70,260,0,0,0,434,6110,286,28,上位,0,0,0
559,559,0,181,412,0,0,0,537,260,-293,1,下位,0,0,0
223,223,0,-6,-23,1,0,0,0,0,1,0,下位,0,0,0
257,257,0,56,197,1,1,223,0,0,1,0,下位,0,223,0
259,259,0,1771,5232,0,0,0,480,197,-576,1,下位,0,0,0
221,221,0,-6,-23,0,0,0,259,5232,203,18,上位,0,0,0
565,565,0,365,827,0,1,221,259,5232,203,18,上位,0,221,0
170,170,0,-6,-23,0,0,0,786,827,-222,5,下位,0,0,0
743,743,0,38,126,0,1,170,786,827,-222,5,下位,0,170,0
446,446,0,127,354,1,0,0,0,0,1,0,下位,0,0,0
407,407,0,55,193,0,0,0,446,354,-342,2,下位,0,0,0
549,549,0,53,191,0,0,0,407,193,-785,1,下位,0,0,0
448,448,0,54,196,0,0,0,549,191,-1452,1,下位,0,0,0
515,515,0,56,202,0,0,0,448,196,-1956,1,下位,0,0,0
150,150,0,-6,-23,0,0,0,515,202,-2559,1,下位,0,0,0
350,350,0,-6,-23,0,1,150,515,202,-2559,1,下位,0,150,0
111,111,0,41,142,0,2,500,515,202,-2559,1,下位,0,350,0
83,83,0,78,276,0,0,0,611,142,-3419,1,下位,0,0,0
207,207,0,-6,-23,1,0,0,0,0,1,0,下位,0,0,0
81,81,0,702,1565,1,1,207,0,0,1,0,下位,0,207,0
337,337,0,-6,-23,0,0,0,288,1565,1091,9,下位,0,0,0
286,286,0,-6,-23,0,1,337,288,1565,1091,9,下位,0,337,0
293,293,0,40,127,0,2,623,288,1565,1091,9,下位,0,286,0
268,268,0,-6,-23,0,0,0,916,127,-260,1,下位,0,0,0
158,158,0,-6,-23,0,1,268,916,127,-260,1,下位,0,268,0
112,112,0,-6,-23,0,2,426,916,127,-260,1,下位,0,158,0
387,387,0,54,194,0,3,538,916,127,-260,1,下位,0,112,0
311,311,0,-6,-23,0,0,0,925,194,-1581,1,下位,0,0,0
126,126,0,-6,-23,0,1,311,925,194,-1581,1,下位,0,311,0
91,91,0,64,225,0,2,437,925,194,-1581,1,下位,0,126,0
140,140,0,90,182,0,0,0,528,225,-2228,1,下位,0,0,0
214,214,0,-6,-23,0,0,0,140,182,-2265,2,下位,0,0,0
482,482,0,-6,-23,0,1,214,140,182,-2265,2,下位,0,214,0
376,376,0,321,662,0,2,696,140,182,-2265,2,下位,0,482,0
260,260,0,113,285,0,0,0,1072,662,-3326,4,下位,0,0,0
539,539,0,-6,-23,0,0,0,260,285,-3448,2,下位,0,0,0
117,117,0,44,154,0,1,539,260,285,-3448,2,下位,0,539,0
259,259,0,-6,-23,1,0,0,0,0,1,0,下位,0,0,0
159,159,0,-6,-23,1,1,259,0,0,1,0,下位,0,259,0
210,210,0,-6,-23,1,2,418,0,0,1,0,下位,0,159,0
124,124,0,32,97,1,3,628,0,0,1,0,下位,0,210,0
304,304,0,341,694,0,0,0,752,97,-1148,1,下位,0,0,0
198,198,0,33,111,0,0,0,304,694,-928,5,下位,0,0,0
76,76,0,37,126,0,0,0,198,111,-1127,1,下位,0,0,0
525,525,0,-6,-23,0,0,0,76,126,-1120,1,下位,0,0,0
465,465,0,-6,-23,0,1,525,76,126,-1120,1,下位,0,525,0
295,295,0,49,158,0,2,990,76,126,-1120,1,下位,0,465,0
124,124,0,49,175,1,0,0,0,0,1,0,下位,0,0,0
517,517,0,112,277,0,0,0,124,175,-18,1,下位,0,0,0
361,361,0,-6,-23,0,0,0,517,277,-549,2,下位,0,0,0
284,284,0,39,136,0,1,361,517,277,-549,2,下位,0,361,0
183,183,0,38,132,0,0,0,645,136,-1444,1,下位,0,0,0
397,397,0,28,92,0,0,0,183,132,-1598,1,下位,0,0,0
193,193,0,-6,-23,0,0,0,397,92,-2127,1,下位,0,0,0
284,284,0,-6,-23,0,1,193,397,92,-2127,1,下位,0,193,0
241,241,0,-6,-23,0,2,477,397,92,-2127,1,下位,0,284,0
77,77,0,111,304,0,3,718,397,92,-2127,1,下位,0,241,0
88,88,0,-6,-23,0,0,0,795,304,-3136,2,下位,0,0,0
270,270,0,-6,-23,0,1,88,795,304,-3136,2,下位,0,88,0
195,195,0,-6,-23,0,2,358,795,304,-3136,2,下位,0,270,0
50,50,0,52,187,0,3,553,795,304,-3136,2,下位,0,195,0
334,334,0,-6,-23,1,0,0,0,0,1,0,下位,0,0,0
405,405,0,-6,-23,1,1,334,0,0,1,0,下位,0,334,0
326,326,0,56,201,1,2,739,0,0,1,0,下位,0,405,0
466,466,0,896,1985,0,0,0,1065,201,-1509,1,下位,0,0,0
217,217,0,-6,-23,0,0,0,466,1985,-253,12,下位,0,0,0
120,120,0,172,529,0,1,217,466,1985,-253,12,下位,0,217,0
94,94,0,305,730,0,0,0,337,529,-275,2,下位,0,0,0
110,110,0,115,291,0,0,0,94,730,308,5,下位,0,0,0
272,272,0,39,135,0,0,0,110,291,427,2,下位,0,0,0
298,298,0,-6,-23,0,0,0,272,135,137,1,下位,0,0,0
290,290,0,292,951,0,1,298,272,135,137,1,下位,0,298,0
176,176,0,-6,-23,1,0,0,0,0,1,0,下位,0,0,0
574,574,0,830,1966,1,1,176,0,0,1,0,下位,0,176,0
390,390,0,-6,-23,0,0,0,750,1966,772,9,下位,0,0,0
121,121,0,-6,-23,0,1,390,750,1966,772,9,下位,0,390,0
272,272,0,40,128,0,2,511,750,1966,772,9,下位,0,121,0
142,142,0,-6,-23,1,0,0,0,0,1,0,下位,0,0,0
44,44,0,-6,-23,1,1,142,0,0,1,0,下位,0,142,0
378,378,0,-6,-23,1,2,186,0,0,1,0,下位,0,44,0
445,445,0,306,681,1,3,564,0,0,1,0,下位,0,378,0
491,491,0,-6,-23,0,0,0,1009,681,-965,5,下位,0,0,0
375,375,0,-6,-23,0,1,491,1009,681,-965,5,下位,0,491,0
55,55,0,209,585,0,2,866,1009,681,-965,5,下位,0,375,0
375,375,0,187,511,0,0,0,921,585,-1865,3,下位,0,0,0
533,533,0,64,227,0,0,0,375,511,-1940,3,下位,0,0,0
421,421,0,84,316,0,0,0,533,227,-2546,1,下位,0,0,0
172,172,0,-6,-23,0,0,0,421,316,-2888,1,下位,0,0,0
257,257,0,34,117,0,1,172,421,316,-2888,1,下位,0,172,0
378,378,0,292,668,0,0,0,429,117,-3465,1,下位,0,0,0
359,359,0,-6,-23,1,0,0,0,0,1,0,下位,0,0,0
121,121,0,-6,-23,1,1,359,0,0,1,0,下位,0,359,0
47,47,0,285,595,1,2,480,0,0,1,0,下位,0,121,0
173,173,0,-6,-23,0,0,0,527,595,-275,5,下位,0,0,0
229,229,0,-6,-23,0,1,173,527,595,-275,5,下位,0,173,0
252,252,0,40,135,0,2,402,527,595,-275,5,下位,0,229,0
252,252,0,80,287,0,0,0,654,135,-1209,1,下位,0,0,0
68,68,0,35,79,0,0,0,252,287,-1316,1,下位,0,0,0
150,150,0,122,304,0,0,0,68,79,-1344,1,下位,0,0,0
122,122,0,-6,-23,0,0,0,150,304,-1275,2,下位,0,0,0
269,269,0,235,520,0,1,122,150,304,-1275,2,下位,0,122,0
159,159,0,-6,-23,0,0,0,391,520,-1390,4,下位,0,0,0
264,264,0,181,467,0,1,159,391,520,-1390,4,下位,0,159,0
381,381,0,710,1560,1,0,0,0,0,1,0,下位,0,0,0
403,403,0,56,205,0,0,0,381,1560,964,10,下位,0,0,0
154,154,0,-6,-23,0,0,0,403,205,539,1,下位,0,0,0
124,124,0,233,556,0,1,154,403,205,539,1,下位,0,154,0
200,200,0,-6,-23,0,0,0,278,556,637,4,下位,0,0,0
153,153,0,-6,-23,0,1,200,278,556,637,4,下位,0,200,0
55,55,0,-6,-23,0,2,353,278,556,637,4,下位,0,153,0
105,105,0,274,630,0,3,408,278,556,637,4,下位,0,55,0
650,650,0,-6,-23,0,0,0,513,630,395,3,下位,0,0,0
120,120,0,-6,-23,0,1,650,513,630,395,3,下位,0,650,0
426,426,0,43,141,0,2,770,513,630,395,3,下位,0,120,0
121,121,0,37,127,0,0,0,1196,141,-1380,1,下位,0,0,0
265,265,0,-6,-23,0,0,0,121,127,-1442,1,下位,0,0,0
426,426,0,194,424,0,1,265,121,127,-1442,1,下位,0,265,0
119,119,0,566,1369,0,0,0,691,424,-2122,3,下位,0,0,0
324,324,0,934,2157,1,0,0,0,0,1,0,下位,0,0,0
175,175,0,40,138,0,0,0,324,2157,1651,12,下位,0,0,0
492,492,0,76,282,0,0,0,175,138,1515,1,下位,0,0,0
77,77,0,417,862,0,0,0,492,282,1028,1,下位,0,0,0
504,504,0,56,203,0,0,0,77,862,1770,6,下位,0,0,0
376,376,0,98,371,0,0,0,504,203,1185,1,下位,0,0,0
293,293,0,-6,-23,0,0,0,376,371,968,1,下位,0,0,0
180,180,0,-6,-23,0,1,293,376,371,968,1,下位,0,293,0
87,87,0,48,165,0,2,473,376,371,968,1,下位,0,180,0
83,83,0,160,544,0,0,0,560,165,211,1,下位,0,0,0
533,533,0,-6,-23,0,0,0,83,544,625,2,下位,0,0,0
313,313,0,56,205,0,1,533,83,544,625,2,下位,0,533,0
273,273,0,-6,-23,0,0,0,846,205,-516,1,下位,0,0,0
64,64,0,1207,2784,0,1,273,846,205,-516,1,下位,0,273,0
480,480,0,-6,-23,1,0,0,0,0,1,0,下位,0,0,0
403,403,0,660,1491,1,1,480,0,0,1,0,下位,0,480,0
515,515,0,-6,-23,0,0,0,883,1491,89,9,下位,0,0,0
143,143,0,61,222,0,1,515,883,1491,89,9,下位,0,515,0
314,314,0,-6,-23,0,0,0,658,222,-741,1,下位,0,0,0
70,70,0,-6,-23,0,1,314,658,222,-741,1,下位,0,314,0
240,240,0,-6,-23,0,2,384,658,222,-741,1,下位,0,70,0
349,349,0,27,75,0,3,624,658,222,-741,1,下位,0,240,0
232,232,0,-6,-23,1,0,0,0,0,1,0,下位,0,0,0
54,54,0,151,478,1,1,232,0,0,1,0,下位,0,232,0
524,524,0,-6,-23,0,0,0,286,478,8,2,下位,0,0,0
229,229,0,-6,-23,0,1,524,286,478,8,2,下位,0,524,0
241,241,0,33,110,0,2,753,286,478,8,2,下位,0,229,0
241,241,0,37,121,0,0,0,994,110,-1482,1,下位,0,0,0
330,330,0,-6,-23,0,0,0,241,121,-1738,1,下位,0,0,0
72,72,0,-6,-23,0,1,330,241,121,-1738,1,下位,0,330,0
479,479,0,44,143,0,2,402,241,121,-1738,1,下位,0,72,0
214,214,0,438,983,0,0,0,881,143,-3019,1,下位,0,0,0
62,62,0,49,197,0,0,0,214,983,-2371,6,下位,0,0,0
564,564,0,176,469,1,0,0,0,0,1,0,下位,0,0,0
193,193,0,184,503,0,0,0,564,469,-412,3,下位,0,0,0
145,145,0,-6,-23,0,0,0,193,503,-211,3,下位,0,0,0
213,213,0,984,2292,0,1,145,193,503,-211,3,下位,0,145,0
92,92,0,160,425,0,0,0,358,2292,1498,13,下位,0,0,0
365,365,0,-6,-23,0,0,0,92,425,1779,3,下位,0,0,0
412,412,0,56,202,0,1,365,92,425,1779,3,下位,0,365,0
337,337,0,41,143,0,0,0,777,202,743,1,下位,0,0,0
464,464,0,-6,-23,0,0,0,337,143,359,1,下位,0,0,0
141,141,0,-6,-23,0,1,464,337,143,359,1,下位,0,464,0
529,529,0,106,313,0,2,605,337,143,359,1,下位,0,141,0
232,232,0,55,199,1,0,0,0,0,1,0,下位,0,0,0
101,101,0,147,399,0,0,0,232,199,-163,1,下位,0,0,0
376,376,0,156,361,0,0,0,101,399,78,2,下位,0,0,0
210,210,0,139,373,0,0,0,376,361,-149,3,下位,0,0,0
128,128,0,-6,-23,1,0,0,0,0,1,0,下位,0,0,0
571,571,0,-6,-23,1,1,128,0,0,1,0,下位,0,128,0
489,489,0,145,409,1,2,699,0,0,1,0,下位,0,571,0
487,487,0,314,850,0,0,0,1188,409,-1494,2,下位,0,0,0
552,552,0,-6,-23,0,0,0,487,850,-1405,4,下位,0,0,0
184,184,0,-6,-23,0,1,552,487,850,-1405,4,下位,0,552,0
268,268,0,355,755,0,2,736,487,850,-1405,4,下位,0,184,0
108,108,0,38,132,1,0,0,0,0,1,0,下位,0,0,0
497,497,0,-6,-23,0,0,0,108,132,-36,1,下位,0,0,0
414,414,0,-6,-23,0,1,497,108,132,-36,1,下位,0,497,0
285,285,0,57,208,0,2,911,108,132,-36,1,下位,0,414,0
240,240,0,-6,-23,0,0,0,1196,208,-1744,1,下位,0,0,0
548,548,0,74,276,0,1,240,1196,208,-1744,1,下位,0,240,0
362,362,0,-6,-23,0,0,0,788,276,-2723,1,下位,0,0,0
282,282,0,-6,-23,0,1,362,788,276,-2723,1,下位,0,362,0
500,500,0,95,359,0,2,644,788,276,-2723,1,下位,0,282,0
139,139,0,-6,-23,0,0,0,1144,359,-4199,1,下位,0,0,0
113,113,0,-6,-23,0,1,139,1144,359,-4199,1,下位,0,139,0
361,361,0,32,105,0,2,252,1144,359,-4199,1,下位,0,113,0
594,594,0,776,1708,0,0,0,613,105,-5100,1,下位,0,0,0
226,226,0,394,850,0,0,0,594,1708,-4322,11,下位,0,0,0
571,571,0,-6,-23,1,0,0,0,0,1,0,下位,0,0,0
419,419,0,-6,-23,1,1,571,0,0,1,0,下位,0,571,0
557,557,0,119,344,1,2,990,0,0,1,0,下位,0,419,0
196,196,0,27,86,0,0,0,1547,344,-2120,2,下位,0,0,0
149,149,0,-6,-23,0,0,0,196,86,-2341,1,下位,0,0,0
399,399,0,-6,-23,0,1,149,196,86,-2341,1,下位,0,149,0
197,197,0,117,336,0,2,548,196,86,-2341,1,下位,0,399,0
561,561,0,-6,-23,0,0,0,745,336,-3216,2,下位,0,0,0
497,497,0,75,280,0,1,561,745,336,-3216,2,下位,0,561,0
477,477,0,56,204,0,0,0,1058,280,-4613,1,下位,0,0,0
286,286,0,61,211,0,0,0,477,204,-5155,1,下位,0,0,0
297,297,0,-6,-23,1,0,0,0,0,1,0,下位,0,0,0
395,395,0,150,412,1,1,297,0,0,1,0,下位,0,297,0
282,282,0,59,214,0,0,0,692,412,-692,2,下位,0,0,0
391,391,0,713,1707,0,0,0,282,214,-919,1,下位,0,0,0
351,351,0,-6,-23,0,0,0,391,1707,177,9,下位,0,0,0
315,315,0,-6,-23,0,1,351,391,1707,177,9,下位,0,351,0
159,159,0,-6,-23,0,2,666,391,1707,177,9,下位,0,315,0
196,196,0,38,133,0,3,825,391,1707,177,9,下位,0,159,0
452,452,0,-6,-23,0,0,0,1021,133,-1357,1,下位,0,0,0
480,480,0,61,218,0,1,452,1021,133,-1357,1,下位,0,452,0
184,184,0,197,492,0,0,0,932,218,-2619,1,下位,0,0,0
196,196,0,-6,-23,0,0,0,184,492,-2415,3,下位,0,0,0
61,61,0,-6,-23,0,1,196,184,492,-2415,3,下位,0,196,0
340,340,0,-6,-23,0,2,257,184,492,-2415,3,下位,0,61,0
420,420,0,750,1827,0,3,597,184,492,-2415,3,下位,0,340,0
443,443,0,151,365,1,0,0,0,0,1,0,下位,0,0,0
625,625,0,50,179,0,0,0,443,365,-327,3,下位,0,0,0
124,124,0,-6,-23,0,0,0,625,179,-1125,1,下位,0,0,0
235,235,0,491,1122,0,1,124,625,179,-1125,1,下位,0,124,0
477,477,0,188,428,0,0,0,359,1122,-588,6,下位,0,0,0
165,165,0,60,220,0,0,0,477,428,-906,2,下位,0,0,0
572,572,0,78,285,0,0,0,165,220,-944,1,下位,0,0,0
487,487,0,-6,-23,0,0,0,572,285,-1553,1,下位,0,0,0
399,399,0,-6,-23,0,1,487,572,285,-1553,1,下位,0,487,0
154,154,0,-6,-23,0,2,886,572,285,-1553,1,下位,0,399,0
343,343,0,38,124,0,3,1040,572,285,-1553,1,下位,0,154,0
183,183,0,226,621,0,0,0,1383,124,-3660,1,下位,0,0,0
299,299,0,40,137,1,0,0,0,0,1,0,下位,0,0,0
63,63,0,-6,-23,0,0,0,299,137,-330,1,下位,0,0,0
213,213,0,210,570,0,1,63,299,137,-330,1,下位,0,63,0
153,153,0,-6,-23,0,0,0,276,570,-215,3,下位,0,0,0
380,380,0,195,519,0,1,153,276,570,-215,3,下位,0,153,0
453,453,0,-6,-23,0,0,0,533,519,-553,3,下位,0,0,0
109,109,0,-6,-23,0,1,453,533,519,-553,3,下位,0,453,0
404,404,0,334,757,0,2,562,533,519,-553,3,下位,0,109,0
105,105,0,25,73,0,0,0,966,757,-1353,4,下位,0,0,0
350,350,0,460,1010,0,0,0,105,73,-1444,1,下位,0,0,0
277,277,0,454,1082,0,0,0,350,1010,-981,6,下位,0,0,0
282,282,0,-6,-23,0,0,0,277,1082,-332,6,下位,0,0,0
125,125,0,108,274,0,1,282,277,1082,-332,6,下位,0,282,0
369,369,0,-6,-23,0,0,0,407,274,-718,2,下位,0,0,0
349,349,0,507,1039,0,1,369,407,274,-718,2,下位,0,369,0
302,302,0,-6,-23,0,0,0,718,1039,-825,7,下位,0,0,0
237,237,0,36,124,0,1,302,718,1039,-825,7,下位,0,302,0
120,120,0,-6,-23,1,0,0,0,0,1,0,下位,0,0,0
405,405,0,310,833,1,1,120,0,0,1,0,下位,0,120,0
201,201,0,60,217,0,0,0,525,833,-10,4,下位,0,0,0
353,353,0,124,332,0,0,0,201,217,-108,1,下位,0,0,0
551,551,0,-6,-23,0,0,0,353,332,-328,2,下位,0,0,0
201,201,0,176,385,0,1,551,353,332,-328,2,下位,0,551,0
520,520,0,37,126,0,0,0,752,385,-1142,3,下位,0,0,0
147,147,0,-6,-23,0,0,0,520,126,-1829,1,下位,0,0,0
428,428,0,55,199,0,1,147,520,126,-1829,1,下位,0,147,0
151,151,0,-6,-23,0,0,0,575,199,-2552,1,下位,0,0,0
210,210,0,-6,-23,0,1,151,575,199,-2552,1,下位,0,151,0
510,510,0,1511,4171,0,2,361,575,199,-2552,1,下位,0,210,0
254,254,0,293,566,1,0,0,0,0,1,0,下位,0,0,0
217,217,0,117,286,0,0,0,254,566,170,4,下位,0,0,0
144,144,0,-6,-23,0,0,0,217,286,117,2,下位,0,0,0
130,130,0,-6,-23,0,1,144,217,286,117,2,下位,0,144,0
58,58,0,274,650,0,2,274,217,286,117,2,下位,0,130,0
144,144,0,467,1024,0,0,0,332,650,200,3,下位,0,0,0
248,248,0,-6,-23,0,0,0,144,1024,999,6,下位,0,0,0
115,115,0,-6,-23,0,1,248,144,1024,999,6,下位,0,248,0
359,359,0,42,148,0,2,363,144,1024,999,6,下位,0,115,0
192,192,0,88,329,0,0,0,722,148,-28,1,下位,0,0,0
188,188,0,-6,-23,0,0,0,192,329,1,1,下位,0,0,0
316,316,0,-6,-23,0,1,188,192,329,1,1,下位,0,188,0
230,230,0,120,291,0,2,504,192,329,1,1,下位,0,316,0
104,104,0,-6,-23,0,0,0,734,291,-902,2,下位,0,0,0
95,95,0,108,295,0,1,104,734,291,-902,2,下位,0,104,0
351,351,0,56,191,1,0,0,0,0,1,0,下位,0,0,0
374,374,0,287,728,0,0,0,351,191,-357,1,下位,0,0,0
586,586,0,37,128,0,0,0,374,728,-214,4,下位,0,0,0
96,96,0,-6,-23,0,0,0,586,128,-1002,1,下位,0,0,0
275,275,0,173,387,0,1,96,586,128,-1002,1,下位,0,96,0
140,140,0,-6,-23,0,0,0,371,387,-1218,3,下位,0,0,0
409,409,0,46,161,0,1,140,371,387,-1218,3,下位,0,140,0
183,183,0,-6,-23,1,0,0,0,0,1,0,下位,0,0,0
283,283,0,-6,-23,1,1,183,0,0,1,0,下位,0,183,0
201,201,0,-6,-23,1,2,466,0,0,1,0,下位,0,283,0
299,299,0,242,656,1,3,667,0,0,1,0,下位,0,201,0
395,395,0,-6,-23,0,0,0,966,656,-924,3,下位,0,0,0
187,187,0,275,772,0,1,395,966,656,-924,3,下位,0,395,0
442,442,0,-6,-23,0,0,0,582,772,-1086,3,下位,0,0,0
347,347,0,-6,-23,0,1,442,582,772,-1086,3,下位,0,442,0
104,104,0,706,1487,0,2,789,582,772,-1086,3,下位,0,347,0
381,381,0,1698,4225,1,0,0,0,0,1,0,下位,0,0,0
450,450,0,265,538,0,0,0,381,4225,353,23,上位,0,0,0
83,83,0,65,238,0,0,0,450,538,187,3,下位,0,0,0
126,126,0,-6,-23,0,0,0,83,238,295,1,下位,0,0,0
521,521,0,990,2399,0,1,126,83,238,295,1,下位,0,126,0
191,191,0,-6,-23,0,0,0,647,2399,374,14,上位,0,0,0
199,199,0,-6,-23,0,1,191,647,2399,374,14,上位,0,191,0
306,306,0,-6,-23,0,2,390,647,2399,374,14,上位,0,199,0
277,277,0,38,126,0,3,696,647,2399,374,14,上位,0,306,0
142,142,0,-6,-23,0,0,0,973,126,-1091,1,下位,0,0,0
137,137,0,81,296,0,1,142,973,126,-1091,1,下位,0,142,0
174,174,0,48,169,0,0,0,279,296,-1255,1,下位,0,0,0
174,174,0,64,210,0,0,0,174,169,-1358,1,下位,0,0,0
161,161,0,146,309,0,0,0,174,210,-1420,1,下位,0,0,0
470,470,0,-6,-23,1,0,0,0,0,1,0,下位,0,0,0
479,479,0,471,1177,1,1,470,0,0,1,0,下位,0,470,0
323,323,0,31,96,0,0,0,949,1177,-329,5,下位,0,0,0
332,332,0,-6,-23,0,0,0,323,96,-738,1,下位,0,0,0
312,312,0,102,243,0,1,332,323,96,-738,1,下位,0,332,0
382,382,0,48,172,0,0,0,644,243,-1525,2,下位,0,0,0
324,324,0,34,116,0,0,0,382,172,-1950,1,下位,0,0,0
310,310,0,-6,-23,1,0,0,0,0,1,0,下位,0,0,0
70,70,0,-6,-23,1,1,310,0,0,1,0,下位,0,310,0
252,252,0,425,792,1,2,380,0,0,1,0,下位,0,70,0
170,170,0,40,137,0,0,0,632,792,-242,7,下位,0,0,0
217,217,0,862,2308,0,0,0,170,137,-371,1,下位,0,0,0
541,541,0,96,223,0,0,0,217,2308,1598,10,下位,0,0,0
406,406,0,-6,-23,0,0,0,541,223,975,2,下位,0,0,0
255,255,0,104,228,0,1,406,541,223,975,2,下位,0,406,0
379,379,0,-6,-23,0,0,0,661,228,146,2,下位,0,0,0
175,175,0,181,431,0,1,379,661,228,146,2,下位,0,379,0
487,487,0,53,190,0,0,0,554,431,-313,3,下位,0,0,0
400,400,0,-6,-23,0,0,0,487,190,-884,1,下位,0,0,0
568,568,0,-6,-23,0,1,400,487,190,-884,1,下位,0,400,0
551,551,0,37,128,0,2,968,487,190,-884,1,下位,0,568,0
125,125,0,66,198,0,0,0,1519,128,-3176,1,下位,0,0,0
99,99,0,167,543,0,0,0,125,198,-3174,1,下位,0,0,0
264,264,0,63,231,1,0,0,0,0,1,0,下位,0,0,0
76,76,0,-6,-23,0,0,0,264,231,-181,1,下位,0,0,0
285,285,0,-6,-23,0,1,76,264,231,-181,1,下位,0,76,0
407,407,0,2040,6140,0,2,361,264,231,-181,1,下位,0,285,0
644,644,0,-6,-23,0,0,0,768,6140,-2,23,上位,0,0,0
151,151,0,-6,-23,0,1,644,768,6140,-2,23,上位,0,644,0
432,432,0,90,337,0,2,795,768,6140,-2,23,上位,0,151,0
109,109,0,116,304,0,0,0,1227,337,-1629,1,下位,0,0,0
407,407,0,105,293,0,0,0,109,304,-1496,2,下位,0,0,0
487,487,0,-6,-23,0,0,0,407,293,-1839,2,下位,0,0,0
426,426,0,58,212,0,1,487,407,293,-1839,2,下位,0,487,0
370,370,0,30,97,0,0,0,913,212,-3077,1,下位,0,0,0
108,108,0,121,349,0,0,0,370,97,-3559,1,下位,0,0,0
416,416,0,-6,-23,1,0,0,0,0,1,0,下位,0,0,0
495,495,0,-6,-23,1,1,416,0,0,1,0,下位,0,416,0
64,64,0,58,210,1,2,911,0,0,1,0,下位,0,495,0
348,348,0,286,593,0,0,0,975,210,-1359,1,下位,0,0,0
241,241,0,201,544,0,0,0,348,593,-1310,4,下位,0,0,0
326,326,0,-6,-23,0,0,0,241,544,-1144,3,下位,0,0,0
459,459,0,58,212,0,1,326,241,544,-1144,3,下位,0,326,0
349,349,0,-6,-23,0,0,0,785,212,-2183,1,下位,0,0,0
342,342,0,52,190,0,1,349,785,212,-2183,1,下位,0,349,0
357,357,0,-6,-23,0,0,0,691,190,-3097,1,下位,0,0,0
273,273,0,-6,-23,0,1,357,691,190,-3097,1,下位,0,357,0
319,319,0,-6,-23,0,2,630,691,190,-3097,1,下位,0,273,0
218,218,0,53,197,0,3,949,691,190,-3097,1,下位,0,319,0
418,418,0,334,681,0,0,0,1167,197,-4794,1,下位,0,0,0
173,173,0,131,348,0,0,0,418,681,-4767,5,下位,0,0,0
307,307,0,40,137,1,0,0,0,0,1,0,下位,0,0,0
145,145,0,29,79,0,0,0,307,137,-342,1,下位,0,0,0
416,416,0,122,303,0,0,0,145,79,-490,1,下位,0,0,0
371,371,0,-6,-23,0,0,0,416,303,-837,2,下位,0,0,0
186,186,0,-6,-23,0,1,371,416,303,-837,2,下位,0,371,0
506,506,0,49,179,0,2,557,416,303,-837,2,下位,0,186,0
421,421,0,-6,-23,0,0,0,1063,179,-2366,1,下位,0,0,0
220,220,0,-6,-23,0,1,421,1063,179,-2366,1,下位,0,421,0
43,43,0,-6,-23,0,2,641,1063,179,-2366,1,下位,0,220,0
229,229,0,254,803,0,3,684,1063,179,-2366,1,下位,0,43,0
390,390,0,144,397,0,0,0,913,803,-3060,3,下位,0,0,0
398,398,0,43,157,0,0,0,390,397,-3273,2,下位,0,0,0
583,583,0,505,1153,0,0,0,398,157,-3738,1,下位,0,0,0
183,183,0,-6,-23,1,0,0,0,0,1,0,下位,0,0,0
494,494,0,204,674,1,1,183,0,0,1,0,下位,0,183,0
216,216,0,-6,-23,0,0,0,677,674,-406,2,下位,0,0,0
204,204,0,-6,-23,0,1,216,677,674,-406,2,下位,0,216,0
442,442,0,70,261,0,2,420,677,674,-406,2,下位,0,204,0
134,134,0,122,317,0,0,0,862,261,-1539,1,下位,0,0,0
287,287,0,800,1856,0,0,0,134,317,-1432,2,下位,0,0,0
177,177,0,291,742,0,0,0,287,1856,-25,10,下位,0,0,0
604,604,0,84,179,0,0,0,177,742,440,3,下位,0,0,0
119,119,0,-6,-23,0,0,0,604,179,-325,2,下位,0,0,0
457,457,0,-6,-23,0,1,119,604,179,-325,2,下位,0,119,0
311,311,0,90,338,0,2,576,604,179,-325,2,下位,0,457,0
299,299,0,119,337,1,0,0,0,0,1,0,下位,0,0,0
346,346,0,206,521,0,0,0,299,337,-130,2,下位,0,0,0
212,212,0,92,239,0,0,0,346,521,-150,3,下位,0,0,0
105,105,0,512,1189,0,0,0,212,239,-243,2,下位,0,0,0
427,427,0,-6,-23,0,0,0,105,1189,782,7,下位,0,0,0
129,129,0,386,914,0,1,427,105,1189,782,7,下位,0,427,0
145,145,0,26,87,0,0,0,556,914,802,5,下位,0,0,0
92,92,0,-6,-23,0,0,0,145,87,662,1,下位,0,0,0
348,348,0,-6,-23,0,1,92,145,87,662,1,下位,0,92,0
212,212,0,-6,-23,0,2,440,145,87,662,1,下位,0,348,0
609,609,0,478,990,0,3,652,145,87,662,1,下位,0,212,0
256,256,0,124,312,0,0,0,1261,990,-390,7,下位,0,0,0
217,217,0,40,127,0,0,0,256,312,-478,2,下位,0,0,0
57,57,0,-6,-23,1,0,0,0,0,1,0,下位,0,0,0
393,393,0,-6,-23,1,1,57,0,0,1,0,下位,0,57,0
237,237,0,62,219,1,2,450,0,0,1,0,下位,0,393,0
70,70,0,-6,-23,0,0,0,687,219,-902,1,下位,0,0,0
40,40,0,375,921,0,1,70,687,219,-902,1,下位,0,70,0
196,196,0,249,712,0,0,0,110,921,-177,5,下位,0,0,0
393,393,0,-6,-23,0,0,0,196,712,228,3,下位,0,0,0
168,168,0,43,144,0,1,393,196,712,228,3,下位,0,393,0
164,164,0,55,194,0,0,0,561,144,-529,1,下位,0,0,0
94,94,0,-6,-23,0,0,0,164,194,-592,1,下位,0,0,0
51,51,0,-6,-23,0,1,94,164,194,-592,1,下位,0,94,0
322,322,0,-6,-23,0,2,145,164,194,-592,1,下位,0,51,0
289,289,0,62,209,0,3,467,164,194,-592,1,下位,0,322,0
126,126,0,37,133,0,0,0,756,209,-1635,1,下位,0,0,0
153,153,0,1944,5056,0,0,0,126,133,-1699,1,下位,0,0,0
316,316,0,93,355,0,0,0,153,5056,216,23,上位,0,0,0
492,492,0,118,347,0,0,0,316,355,77,1,下位,0,0,0
181,181,0,78,297,0,0,0,492,347,-345,2,下位,0,0,0
199,199,0,72,269,0,0,0,181,297,-331,1,下位,0,0,0
207,207,0,-6,-23,1,0,0,0,0,1,0,下位,0,0,0
335,335,0,56,201,1,1,207,0,0,1,0,下位,0,207,0
108,108,0,-6,-23,0,0,0,542,201,-669,1,下位,0,0,0
417,417,0,2058,5682,0,1,108,542,201,-669,1,下位,0,108,0
396,396,0,-6,-23,0,0,0,525,5682,344,24,上位,0,0,0
74,74,0,93,335,0,1,396,525,5682,344,24,上位,0,396,0
180,180,0,56,201,0,0,0,470,335,-79,1,下位,0,0,0
184,184,0,55,199,0,0,0,180,201,-160,1,下位,0,0,0
355,355,0,-6,-23,0,0,0,184,199,-249,1,下位,0,0,0
57,57,0,582,1181,0,1,355,184,199,-249,1,下位,0,355,0
175,175,0,352,746,1,0,0,0,0,1,0,下位,0,0,0
153,153,0,-6,-23,0,0,0,175,746,473,5,下位,0,0,0
409,409,0,-6,-23,0,1,153,175,746,473,5,下位,0,153,0
343,343,0,-6,-23,0,2,562,175,746,473,5,下位,0,409,0
103,103,0,184,491,0,3,905,175,746,473,5,下位,0,343,0
539,539,0,39,134,0,0,0,1008,491,-681,3,下位,0,0,0
566,566,0,640,1420,0,0,0,539,134,-1390,1,下位,0,0,0
370,370,0,133,414,0,0,0,566,1420,-855,9,下位,0,0,0
410,410,0,-6,-23,0,0,0,370,414,-1020,2,下位,0,0,0
336,336,0,-6,-23,0,1,410,370,414,-1020,2,下位,0,410,0
327,327,0,45,153,0,2,746,370,414,-1020,2,下位,0,336,0
276,276,0,238,650,0,0,0,1073,153,-2590,1,下位,0,0,0
634,634,0,238,468,1,0,0,0,0,1,0,下位,0,0,0
401,401,0,-6,-23,0,0,0,634,468,-522,3,下位,0,0,0
187,187,0,-6,-23,0,1,401,634,468,-522,3,下位,0,401,0
290,290,0,95,359,0,2,588,634,468,-522,3,下位,0,187,0
147,147,0,-6,-23,0,0,0,878,359,-1583,1,下位,0,0,0
589,589,0,-6,-23,0,1,147,878,359,-1583,1,下位,0,147,0
200,200,0,727,1770,0,2,736,878,359,-1583,1,下位,0,589,0
648,648,0,61,227,0,0,0,936,1770,-1323,9,下位,0,0,0
337,337,0,303,720,0,0,0,648,227,-2109,1,下位,0,0,0
294,294,0,-6,-23,1,0,0,0,0,1,0,下位,0,0,0
352,352,0,170,487,1,1,294,0,0,1,0,下位,0,294,0
168,168,0,-6,-23,0,0,0,646,487,-545,2,下位,0,0,0
464,464,0,1329,3331,0,1,168,646,487,-545,2,下位,0,168,0
100,100,0,345,941,0,0,0,632,3331,1775,16,下位,0,0,0
655,655,0,-6,-23,0,0,0,100,941,291,6,上位,0,0,0
176,176,0,45,148,0,1,655,100,941,291,6,上位,0,655,0
551,551,0,660,1473,0,0,0,831,148,-883,1,下位,0,0,0
447,447,0,-6,-23,0,0,0,551,1473,-271,9,下位,0,0,0
176,176,0,93,257,0,1,447,551,1473,-271,9,下位,0,447,0
116,116,0,-6,-23,0,0,0,623,257,-1011,2,下位,0,0,0
317,317,0,426,971,0,1,116,623,257,-1011,2,下位,0,116,0
192,192,0,-6,-23,1,0,0,0,0,1,0,下位,0,0,0
531,531,0,-6,-23,1,1,192,0,0,1,0,下位,0,192,0
532,532,0,335,802,1,2,723,0,0,1,0,下位,0,531,0
312,312,0,218,614,0,0,0,1255,802,-1205,4,下位,0,0,0
529,529,0,72,260,0,0,0,312,614,-1079,3,下位,0,0,0
295,295,0,178,469,0,0,0,529,260,-1646,1,下位,0,0,0
168,168,0,-6,-23,0,0,0,295,469,-1639,3,下位,0,0,0
128,128,0,-6,-23,0,1,168,295,469,-1639,3,下位,0,168,0
57,57,0,77,286,0,2,296,295,469,-1639,3,下位,0,128,0
410,410,0,208,531,0,0,0,353,286,-1951,1,下位,0,0,0
68,68,0,204,593,0,0,0,410,531,-2061,3,下位,0,0,0
180,180,0,57,206,1,0,0,0,0,1,0,下位,0,0,0
85,85,0,-6,-23,0,0,0,180,206,-75,1,下位,0,0,0
292,292,0,75,273,0,1,85,180,206,-75,1,下位,0,85,0
442,442,0,124,330,0,0,0,377,273,-415,1,下位,0,0,0
189,189,0,860,2063,0,0,0,442,330,-776,2,下位,0,0,0
83,83,0,1065,2818,0,0,0,189,2063,991,12,下位,0,0,0
173,173,0,-6,-23,0,0,0,83,2818,307,14,上位,0,0,0
78,78,0,47,157,0,1,173,83,2818,307,14,上位,0,173,0
115,115,0,-6,-23,0,0,0,251,157,48,1,下位,0,0,0
380,380,0,56,205,0,1,115,251,157,48,1,下位,0,115,0
193,193,0,-6,-23,0,0,0,495,205,-544,1,下位,0,0,0
295,295,0,99,260,0,1,193,495,205,-544,1,下位,0,193,0
385,385,0,-6,-23,0,0,0,488,260,-1070,2,下位,0,0,0
395,395,0,-6,-23,0,1,385,488,260,-1070,2,下位,0,385,0
218,218,0,-6,-23,0,2,780,488,260,-1070,2,下位,0,395,0
75,75,0,63,232,0,3,998,488,260,-1070,2,下位,0,218,0
185,185,0,872,2052,0,0,0,1073,232,-2586,1,下位,0,0,0
222,222,0,60,222,0,0,0,185,2052,-824,11,下位,0,0,0
368,368,0,175,392,1,0,0,0,0,1,0,下位,0,0,0
268,268,0,-6,-23,0,0,0,368,392,-182,3,下位,0,0,0
208,208,0,57,207,0,1,268,368,392,-182,3,下位,0,268,0
556,556,0,-6,-23,0,0,0,476,207,-742,1,下位,0,0,0
648,648,0,52,177,0,1,556,476,207,-742,1,下位,0,556,0
320,320,0,536,1169,0,0,0,1204,177,-2470,1,下位,0,0,0
604,604,0,-6,-23,0,0,0,320,1169,-1801,7,下位,0,0,0
431,431,0,-6,-23,0,1,604,320,1169,-1801,7,下位,0,604,0
63,63,0,1042,2132,0,2,1035,320,1169,-1801,7,下位,0,431,0
60,60,0,828,1668,0,0,0,1098,2132,-1432,15,下位,0,0,0
441,441,0,26,78,1,0,0,0,0,1,0,下位,0,0,0
550,550,0,-6,-23,0,0,0,441,78,-611,1,下位,0,0,0
210,210,0,-6,-23,0,1,550,441,78,-611,1,下位,0,550,0
204,204,0,-6,-23,0,2,760,441,78,-611,1,下位,0,210,0
223,223,0,656,1557,0,3,964,441,78,-611,1,下位,0,204,0
352,352,0,-6,-23,0,0,0,1187,1557,-981,8,下位,0,0,0
466,466,0,54,194,0,1,352,1187,1557,-981,8,下位,0,352,0
360,360,0,53,190,0,0,0,818,194,-2089,1,下位,0,0,0
118,118,0,-6,-23,0,0,0,360,190,-2462,1,下位,0,0,0
95,95,0,-6,-23,0,1,118,360,190,-2462,1,下位,0,118,0
282,282,0,149,408,0,2,213,360,190,-2462,1,下位,0,95,0
443,443,0,81,302,0,0,0,495,408,-2875,2,下位,0,0,0
378,378,0,203,477,1,0,0,0,0,1,0,下位,0,0,0
141,141,0,-6,-23,0,0,0,378,477,-113,3,下位,0,0,0
411,411,0,282,714,0,1,141,378,477,-113,3,下位,0,141,0
259,259,0,-6,-23,0,0,0,552,714,-286,3,下位,0,0,0
135,135,0,-6,-23,0,1,259,552,714,-286,3,下位,0,259,0
67,67,0,1358,2972,0,2,394,552,714,-286,3,下位,0,135,0
87,87,0,-6,-23,0,0,0,461,2972,1920,17,下位,0,0,0
247,247,0,-6,-23,0,1,87,461,2972,1920,17,下位,0,87,0
455,455,0,-6,-23,0,2,334,461,2972,1920,17,下位,0,247,0
250,250,0,159,471,0,3,789,461,2972,1920,17,下位,0,455,0
116,116,0,252,653,0,0,0,1039,471,698,2,下位,0,0,0
437,437,0,-6,-23,1,0,0,0,0,1,0,下位,0,0,0
249,249,0,-6,-23,1,1,437,0,0,1,0,下位,0,437,0
412,412,0,-6,-23,1,2,686,0,0,1,0,下位,0,249,0
319,319,0,514,1211,1,3,1098,0,0,1,0,下位,0,412,0
498,498,0,35,120,0,0,0,1417,1211,-1073,6,下位,0,0,0
237,237,0,40,132,0,0,0,498,120,-1732,1,下位,0,0,0
116,116,0,-6,-23,0,0,0,237,132,-1971,1,下位,0,0,0
61,61,0,482,1104,0,1,116,237,132,-1971,1,下位,0,116,0
159,159,0,-6,-23,0,0,0,177,1104,-1168,7,下位,0,0,0
383,383,0,-6,-23,0,1,159,177,1104,-1168,7,下位,0,159,0
426,426,0,216,598,0,2,542,177,1104,-1168,7,下位,0,383,0
61,61,0,874,2359,0,0,0,968,598,-2130,3,下位,0,0,0
121,121,0,-6,-23,1,0,0,0,0,1,0,下位,0,0,0
111,111,0,-6,-23,1,1,121,0,0,1,0,下位,0,121,0
264,264,0,56,198,1,2,232,0,0,1,0,下位,0,111,0
74,74,0,-6,-23,0,0,0,496,198,-624,1,下位,0,0,0
453,453,0,-6,-23,0,1,74,496,198,-624,1,下位,0,74,0
365,365,0,-6,-23,0,2,527,496,198,-624,1,下位,0,453,0
466,466,0,242,513,0,3,892,496,198,-624,1,下位,0,365,0
222,222,0,1210,2750,0,0,0,1358,513,-2304,3,下位,0,0,0
178,178,0,553,1259,0,0,0,222,2750,98,17,下位,0,0,0
270,270,0,283,684,0,0,0,178,1259,1079,8,下位,0,0,0
145,145,0,64,226,0,0,0,270,684,1341,4,下位,0,0,0
146,146,0,170,367,0,0,0,145,226,1340,1,下位,0,0,0
515,515,0,-6,-23,1,0,0,0,0,1,0,下位,0,0,0
293,293,0,292,626,1,1,515,0,0,1,0,下位,0,515,0
321,321,0,-6,-23,0,0,0,808,626,-659,4,下位,0,0,0
108,108,0,882,1981,0,1,321,808,626,-659,4,下位,0,321,0
121,121,0,-6,-23,0,0,0,429,1981,629,12,下位,0,0,0
81,81,0,-6,-23,0,1,121,429,1981,629,12,下位,0,121,0
449,449,0,75,269,0,2,202,429,1981,629,12,下位,0,81,0
462,462,0,-6,-23,0,0,0,651,269,-167,1,下位,0,0,0
186,186,0,587,1314,0,1,462,651,269,-167,1,下位,0,462,0
343,343,0,-6,-23,0,0,0,648,1314,111,8,下位,0,0,0
216,216,0,64,201,0,1,343,648,1314,111,8,下位,0,343,0
457,457,0,52,180,0,0,0,559,201,-585,1,下位,0,0,0
357,357,0,-6,-23,0,0,0,457,180,-1119,1,下位,0,0,0
136,136,0,-6,-23,0,1,357,457,180,-1119,1,下位,0,357,0
253,253,0,210,517,0,2,493,457,180,-1119,1,下位,0,136,0
515,515,0,145,275,1,0,0,0,0,1,0,下位,0,0,0
337,337,0,190,487,0,0,0,515,275,-529,2,下位,0,0,0
207,207,0,-6,-23,0,0,0,337,487,-569,3,下位,0,0,0
265,265,0,252,543,0,1,207,337,487,-569,3,下位,0,207,0
177,177,0,-6,-23,0,0,0,472,543,-788,3,下位,0,0,0
412,412,0,-6,-23,0,1,177,472,543,-788,3,下位,0,177,0
275,275,0,314,528,0,2,589,472,543,-788,3,下位,0,412,0
225,225,0,-6,-23,0,0,0,864,528,-1657,5,下位,0,0,0
74,74,0,58,213,0,1,225,864,528,-1657,5,下位,0,225,0
430,430,0,-6,-23,0,0,0,299,213,-1935,1,下位,0,0,0
210,210,0,-6,-23,0,1,430,299,213,-1935,1,下位,0,430,0
411,411,0,106,263,0,2,640,299,213,-1935,1,下位,0,210,0
609,609,0,-6,-23,0,0,0,1051,263,-3362,2,下位,0,0,0
332,332,0,-6,-23,0,1,609,1051,263,-3362,2,下位,0,609,0
347,347,0,59,214,0,2,941,1051,263,-3362,2,下位,0,332,0
173,173,0,-6,-23,0,0,0,1288,214,-5208,1,下位,0,0,0
342,342,0,-6,-23,0,1,173,1288,214,-5208,1,下位,0,173,0
177,177,0,214,548,0,2,515,1288,214,-5208,1,下位,0,342,0
396,396,0,-6,-23,1,0,0,0,0,1,0,下位,0,0,0
51,51,0,58,201,1,1,396,0,0,1,0,下位,0,396,0
170,170,0,392,917,0,0,0,447,201,-520,1,下位,0,0,0
145,145,0,-6,-23,0,0,0,170,917,131,5,下位,0,0,0
229,229,0,-6,-23,0,1,145,170,917,131,5,下位,0,145,0
64,64,0,462,986,0,2,374,170,917,131,5,下位,0,229,0
221,221,0,175,360,0,0,0,438,986,386,6,下位,0,0,0
61,61,0,-6,-23,0,0,0,221,360,400,3,下位,0,0,0
386,386,0,248,633,0,1,61,221,360,400,3,下位,0,61,0
293,293,0,-6,-23,0,0,0,447,633,310,4,下位,0,0,0
349,349,0,-6,-23,0,1,293,447,633,310,4,下位,0,293,0
50,50,0,58,209,0,2,642,447,633,310,4,下位,0,349,0
308,308,0,-6,-23,0,0,0,692,209,-610,1,下位,0,0,0
51,51,0,-6,-23,0,1,308,692,209,-610,1,下位,0,308,0
40,40,0,115,320,0,2,359,692,209,-610,1,下位,0,51,0
309,309,0,207,604,0,0,0,399,320,-961,2,下位,0,0,0
317,317,0,30,90,0,0,0,309,604,-840,3,下位,0,0,0
155,155,0,83,276,0,0,0,317,90,-1246,1,下位,0,0,0
443,443,0,187,498,0,0,0,155,276,-1213,1,下位,0,0,0
106,106,0,-6,-23,1,0,0,0,0,1,0,下位,0,0,0
272,272,0,38,121,1,1,106,0,0,1,0,下位,0,106,0
165,165,0,54,196,0,0,0,378,121,-492,1,下位,0,0,0
92,92,0,-6,-23,0,0,0,165,196,-554,1,下位,0,0,0
367,367,0,457,1020,0,1,92,165,196,-554,1,下位,0,92,0
154,154,0,-6,-23,0,0,0,459,1020,-275,6,下位,0,0,0
347,347,0,-6,-23,0,1,154,459,1020,-275,6,下位,0,154,0
213,213,0,42,129,0,2,501,459,1020,-275,6,下位,0,347,0
591,591,0,-6,-23,0,0,0,714,129,-1309,1,下位,0,0,0
59,59,0,37,128,0,1,591,714,129,-1309,1,下位,0,591,0
452,452,0,121,317,0,0,0,650,128,-2221,1,下位,0,0,0
272,272,0,-6,-23,0,0,0,452,317,-2611,2,下位,0,0,0
149,149,0,2881,8023,0,1,272,452,317,-2611,2,下位,0,272,0
230,230,0,36,113,0,0,0,421,8023,-2,32,上位,0,0,0
197,197,0,118,324,1,0,0,0,0,1,0,下位,0,0,0
355,355,0,120,349,0,0,0,197,324,17,2,下位,0,0,0
227,227,0,-6,-23,0,0,0,355,349,-189,2,下位,0,0,0
346,346,0,36,121,0,1,227,355,349,-189,2,下位,0,227,0
331,331,0,58,209,0,0,0,573,121,-987,1,下位,0,0,0
266,266,0,35,119,0,0,0,331,209,-1296,1,下位,0,0,0
305,305,0,-6,-23,0,0,0,266,119,-1593,1,下位,0,0,0
288,288,0,-6,-23,0,1,305,266,119,-1593,1,下位,0,305,0
492,492,0,192,535,0,2,593,266,119,-1593,1,下位,0,288,0
389,389,0,25,80,0,0,0,1085,535,-2800,3,下位,0,0,0
95,95,0,123,348,0,0,0,389,80,-3328,1,下位,0,0,0
356,356,0,98,236,0,0,0,95,348,-3129,2,下位,0,0,0
73,73,0,571,1313,0,0,0,356,236,-3450,2,下位,0,0,0
522,522,0,1932,5359,0,0,0,73,1313,-2253,7,下位,0,0,0
406,406,0,-6,-23,1,0,0,0,0,1,0,下位,0,0,0
606,606,0,-6,-23,1,1,406,0,0,1,0,下位,0,406,0
401,401,0,39,134,1,2,1012,0,0,1,0,下位,0,606,0
420,420,0,122,411,0,0,0,1413,134,-2120,1,下位,0,0,0
356,356,0,-6,-23,0,0,0,420,411,-2366,2,下位,0,0,0
56,56,0,497,1040,0,1,356,420,411,-2366,2,下位,0,356,0
400,400,0,-6,-23,0,0,0,412,1040,-1994,7,下位,0,0,0
167,167,0,44,149,0,1,400,412,1040,-1994,7,下位,0,400,0
690,690,0,158,518,0,0,0,567,149,-2754,1,下位,0,0,0
130,130,0,282,715,0,0,0,690,518,-3315,2,下位,0,0,0
194,194,0,1680,4381,0,0,0,130,715,-2804,4,下位,0,0,0
264,264,0,-6,-23,1,0,0,0,0,1,0,下位,0,0,0
187,187,0,247,576,1,1,264,0,0,1,0,下位,0,264,0
62,62,0,-6,-23,0,0,0,451,576,-152,4,下位,0,0,0
160,160,0,-6,-23,0,1,62,451,576,-152,4,下位,0,62,0
49,49,0,-6,-23,0,2,222,451,576,-152,4,下位,0,160,0
580,580,0,38,127,0,3,271,451,576,-152,4,下位,0,49,0
308,308,0,277,759,0,0,0,851,127,-1425,1,下位,0,0,0
193,193,0,125,371,0,0,0,308,759,-1148,4,下位,0,0,0
368,368,0,646,1361,0,0,0,193,371,-1079,2,下位,0,0,0
290,290,0,-6,-23,0,0,0,368,1361,-293,9,下位,0,0,0
54,54,0,232,531,0,1,290,368,1361,-293,9,下位,0,290,0
123,123,0,-6,-23,0,0,0,344,531,-324,4,下位,0,0,0
386,386,0,143,392,0,1,123,344,531,-324,4,下位,0,123,0
324,324,0,76,283,0,0,0,509,392,-752,2,下位,0,0,0
439,439,0,-6,-23,0,0,0,324,283,-976,1,下位,0,0,0
189,189,0,-6,-23,0,1,439,324,283,-976,1,下位,0,439,0
365,365,0,63,203,0,2,628,324,283,-976,1,下位,0,189,0
283,283,0,634,1444,0,0,0,993,203,-2372,1,下位,0,0,0
99,99,0,87,213,1,0,0,0,0,1,0,下位,0,0,0
391,391,0,74,276,0,0,0,99,213,59,2,下位,0,0,0
97,97,0,40,140,0,0,0,391,276,-276,1,下位,0,0,0
315,315,0,-6,-23,0,0,0,97,140,-288,1,下位,0,0,0
293,293,0,-6,-23,0,1,315,97,140,-288,1,下位,0,315,0
140,140,0,61,222,0,2,608,97,140,-288,1,下位,0,293,0
200,200,0,37,120,0,0,0,748,222,-1282,1,下位,0,0,0
223,223,0,-6,-23,0,0,0,200,120,-1475,1,下位,0,0,0
328,328,0,114,346,0,1,223,200,120,-1475,1,下位,0,223,0
418,418,0,-6,-23,0,0,0,551,346,-2014,2,下位,0,0,0
365,365,0,-6,-23,0,1,418,551,346,-2014,2,下位,0,418,0
70,70,0,-6,-23,0,2,783,551,346,-2014,2,下位,0,365,0
227,227,0,36,111,0,3,853,551,346,-2014,2,下位,0,70,0
313,313,0,64,233,0,0,0,1080,111,-3662,1,下位,0,0,0
165,165,0,113,337,0,0,0,313,233,-3918,1,下位,0,0,0
431,431,0,534,1282,0,0,0,165,337,-3839,2,下位,0,0,0
261,261,0,185,433,0,0,0,431,1282,-3232,6,下位,0,0,0
409,409,0,349,823,0,0,0,261,433,-3207,3,下位,0,0,0
457,457,0,544,1204,1,0,0,0,0,1,0,下位,0,0,0
362,362,0,-6,-23,0,0,0,457,1204,491,8,下位,0,0,0
329,329,0,256,558,0,1,362,457,1204,491,8,下位,0,362,0
184,184,0,-6,-23,0,0,0,691,558,-55,3,下位,0,0,0
184,184,0,-6,-23,0,1,184,691,558,-55,3,下位,0,184,0
289,289,0,39,129,0,2,368,691,558,-55,3,下位,0,184,0
127,127,0,115,328,0,0,0,657,129,-1000,1,下位,0,0,0
465,465,0,-6,-23,0,0,0,127,328,-871,2,下位,0,0,0
275,275,0,242,663,0,1,465,127,328,-871,2,下位,0,465,0
62,62,0,63,252,0,0,0,740,663,-1388,3,下位,0,0,0
302,302,0,74,271,0,0,0,62,252,-1233,1,下位,0,0,0
448,448,0,95,360,0,0,0,302,271,-1434,1,下位,0,0,0
419,419,0,215,464,0,0,0,448,360,-1774,1,下位,0,0,0
558,558,0,126,325,0,0,0,419,464,-1965,4,下位,0,0,0
205,205,0,124,336,0,0,0,558,325,-2512,2,下位,0,0,0
448,448,0,180,506,0,0,0,205,336,-2497,2,下位,0,0,0
227,227,0,149,418,0,0,0,448,506,-2691,3,下位,0,0,0
67,67,0,37,128,0,0,0,227,418,-2628,2,下位,0,0,0
414,414,0,38,124,1,0,0,0,0,1,0,下位,0,0,0
121,121,0,-6,-23,0,0,0,414,124,-522,1,下位,0,0,0
155,155,0,-6,-23,0,1,121,414,124,-522,1,下位,0,121,0
193,193,0,38,131,0,2,276,414,124,-522,1,下位,0,155,0
337,337,0,79,266,0,0,0,469,131,-1171,1,下位,0,0,0
97,97,0,125,345,0,0,0,337,266,-1432,1,下位,0,0,0
246,246,0,-6,-23,0,0,0,97,345,-1239,2,下位,0,0,0
254,254,0,36,124,0,1,246,97,345,-1239,2,下位,0,246,0
268,268,0,42,129,0,0,0,500,124,-1920,1,下位,0,0,0
411,411,0,-6,-23,0,0,0,268,129,-2210,1,下位,0,0,0
510,510,0,538,1201,0,1,411,268,129,-2210,1,下位,0,411,0
151,151,0,-6,-23,0,0,0,921,1201,-2472,7,下位,0,0,0
115,115,0,37,121,0,1,151,921,1201,-2472,7,下位,0,151,0
281,281,0,125,326,0,0,0,266,121,-2790,1,下位,0,0,0
170,170,0,159,514,0,0,0,281,326,-2903,2,下位,0,0,0
86,86,0,752,2285,0,0,0,170,514,-2655,2,下位,0,0,0
233,233,0,-6,-23,0,0,0,86,2285,-505,7,下位,0,0,0
411,411,0,683,1486,0,1,233,86,2285,-505,7,下位,0,233,0
395,395,0,-6,-23,0,0,0,644,1486,-49,9,下位,0,0,0
148,148,0,81,302,0,1,395,644,1486,-49,9,下位,0,395,0
124,124,0,108,258,1,0,0,0,0,1,0,下位,0,0,0
159,159,0,77,288,0,0,0,124,258,64,2,下位,0,0,0
474,474,0,1367,3717,0,0,0,159,288,103,1,下位,0,0,0
322,322,0,512,1108,0,0,0,474,3717,410,15,上位,0,0,0
601,601,0,125,328,0,0,0,322,1108,1014,7,下位,0,0,0
227,227,0,-6,-23,0,0,0,601,328,403,2,下位,0,0,0
366,366,0,536,1279,0,1,227,601,328,403,2,下位,0,227,0
114,114,0,-6,-23,0,0,0,593,1279,732,7,下位,0,0,0
324,324,0,28,89,0,1,114,593,1279,732,7,下位,0,114,0
318,318,0,-6,-23,0,0,0,438,89,113,1,下位,0,0,0
409,409,0,42,142,0,1,318,438,89,113,1,下位,0,318,0
233,233,0,55,199,0,0,0,727,142,-905,1,下位,0,0,0
81,81,0,-6,-23,0,0,0,233,199,-1070,1,下位,0,0,0
72,72,0,117,352,0,1,81,233,199,-1070,1,下位,0,81,0
476,476,0,-6,-23,0,0,0,153,352,-981,2,下位,0,0,0
501,501,0,-6,-23,0,1,476,153,352,-981,2,下位,0,476,0
102,102,0,132,386,0,2,977,153,352,-981,2,下位,0,501,0
78,78,0,55,200,0,0,0,1079,386,-2328,2,下位,0,0,0
191,191,0,-6,-23,1,0,0,0,0,1,0,下位,0,0,0
311,311,0,659,1394,1,1,191,0,0,1,0,下位,0,191,0
450,450,0,542,1376,0,0,0,502,1394,587,8,下位,0,0,0
98,98,0,128,343,0,0,0,450,1376,1259,6,下位,0,0,0
162,162,0,775,1971,0,0,0,98,343,1448,2,下位,0,0,0
422,422,0,-6,-23,0,0,0,162,1971,285,10,上位,0,0,0
140,140,0,-6,-23,0,1,422,162,1971,285,10,上位,0,422,0
64,64,0,667,1482,0,2,562,162,1971,285,10,上位,0,140,0
233,233,0,1178,2847,0,0,0,626,1482,742,9,下位,0,0,0
551,551,0,-6,-23,0,0,0,233,2847,201,17,上位,0,0,0
302,302,0,48,162,0,1,551,233,2847,201,17,上位,0,551,0
208,208,0,-6,-23,0,0,0,853,162,-993,1,下位,0,0,0
447,447,0,-6,-23,0,1,208,853,162,-993,1,下位,0,208,0
77,77,0,-6,-23,0,2,655,853,162,-993,1,下位,0,447,0
356,356,0,140,382,0,3,732,853,162,-993,1,下位,0,77,0
710,710,0,79,294,1,0,0,0,0,1,0,下位,0,0,0
232,232,0,190,622,0,0,0,710,294,-815,1,下位,0,0,0
159,159,0,650,1420,0,0,0,232,622,-556,2,下位,0,0,0
70,70,0,204,522,0,0,0,159,1420,616,8,下位,0,0,0
505,505,0,356,848,0,0,0,70,522,1028,3,下位,0,0,0
231,231,0,-6,-23,0,0,0,505,848,1087,4,下位,0,0,0
353,353,0,41,142,0,1,231,505,848,1087,4,下位,0,231,0
262,262,0,134,349,0,0,0,584,142,293,1,下位,0,0,0
134,134,0,111,305,0,0,0,262,349,232,2,下位,0,0,0
162,162,0,-6,-23,0,0,0,134,305,327,2,下位,0,0,0
104,104,0,210,428,0,1,162,134,305,327,2,下位,0,162,0
481,481,0,-6,-23,0,0,0,266,428,315,3,下位,0,0,0
213,213,0,110,340,0,1,481,266,428,315,3,下位,0,481,0
96,96,0,-6,-23,0,0,0,694,340,-453,2,下位,0,0,0
140,140,0,-6,-23,0,1,96,694,340,-453,2,下位,0,96,0
415,415,0,458,1046,0,2,236,694,340,-453,2,下位,0,140,0
300,300,0,118,285,1,0,0,0,0,1,0,下位,0,0,0
98,98,0,-6,-23,0,0,0,300,285,-183,2,下位,0,0,0
566,566,0,-6,-23,0,1,98,300,285,-183,2,下位,0,98,0
131,131,0,239,503,0,2,664,300,285,-183,2,下位,0,566,0
449,449,0,94,220,0,0,0,795,503,-970,4,下位,0,0,0
108,108,0,-6,-23,0,0,0,449,220,-1452,2,下位,0,0,0
159,159,0,966,1987,0,1,108,449,220,-1452,2,下位,0,108,0
121,121,0,-6,-23,0,0,0,267,1987,95,13,下位,0,0,0
395,395,0,-6,-23,0,1,121,267,1987,95,13,下位,0,121,0
159,159,0,101,383,0,2,516,267,1987,95,13,下位,0,395,0
582,582,0,80,162,0,0,0,675,383,-625,1,下位,0,0,0
342,342,0,25,79,0,0,0,582,162,-1374,2,下位,0,0,0
195,195,0,-6,-23,0,0,0,342,79,-1830,1,下位,0,0,0
80,80,0,-6,-23,0,1,195,342,79,-1830,1,下位,0,195,0
272,272,0,1385,3267,0,2,275,342,79,-1830,1,下位,0,80,0
262,262,0,-6,-23,0,0,0,547,3267,537,17,下位,0,0,0
106,106,0,-6,-23,0,1,262,547,3267,537,17,下位,0,262,0
485,485,0,84,313,0,2,368,547,3267,537,17,下位,0,106,0
483,483,0,64,230,0,0,0,853,313,-530,1,下位,0,0,0
176,176,0,-6,-23,1,0,0,0,0,1,0,下位,0,0,0
474,474,0,-6,-23,1,1,176,0,0,1,0,下位,0,176,0
505,505,0,137,406,1,2,650,0,0,1,0,下位,0,474,0
460,460,0,-6,-23,0,0,0,1155,406,-1445,2,下位,0,0,0
173,173,0,536,1013,0,1,460,1155,406,-1445,2,下位,0,460,0
140,140,0,91,342,0,0,0,633,1013,-1445,8,下位,0,0,0
261,261,0,512,1219,0,0,0,140,342,-1322,1,下位,0,0,0
510,510,0,142,416,0,0,0,261,1219,-511,6,下位,0,0,0
314,314,0,97,212,1,0,0,0,0,1,0,下位,0,0,0
485,485,0,58,209,0,0,0,314,212,-278,2,下位,0,0,0
183,183,0,-6,-23,0,0,0,485,209,-827,1,下位,0,0,0
203,203,0,510,1150,0,1,183,485,209,-827,1,下位,0,183,0
497,497,0,413,1061,0,0,0,386,1150,-304,7,下位,0,0,0
98,98,0,130,353,0,0,0,497,1061,-20,5,下位,0,0,0
207,207,0,-6,-23,0,0,0,98,353,179,2,下位,0,0,0
197,197,0,53,181,0,1,207,98,353,179,2,下位,0,207,0
88,88,0,56,202,0,0,0,404,181,-295,1,下位,0,0,0
335,335,0,-6,-23,0,0,0,88,202,-231,1,下位,0,0,0
468,468,0,120,325,0,1,335,88,202,-231,1,下位,0,335,0
329,329,0,-6,-23,0,0,0,803,325,-1185,2,下位,0,0,0
273,273,0,-6,-23,0,1,329,803,325,-1185,2,下位,0,329,0
52,52,0,151,499,0,2,602,803,325,-1185,2,下位,0,273,0
80,80,0,68,249,0,0,0,654,499,-1755,2,下位,0,0,0
126,126,0,947,2050,0,0,0,80,249,-1631,1,下位,0,0,0
273,273,0,-6,-23,0,0,0,126,2050,222,13,下位,0,0,0
221,221,0,140,302,0,1,273,126,2050,222,13,下位,0,273,0
409,409,0,94,356,0,0,0,494,302,-272,3,下位,0,0,0
411,411,0,-6,-23,1,0,0,0,0,1,0,下位,0,0,0
264,264,0,26,84,1,1,411,0,0,1,0,下位,0,411,0
353,353,0,-6,-23,0,0,0,675,84,-994,1,下位,0,0,0
504,504,0,-6,-23,0,1,353,675,84,-994,1,下位,0,353,0
80,80,0,-6,-23,0,2,857,675,84,-994,1,下位,0,504,0
441,441,0,172,532,0,3,937,675,84,-994,1,下位,0,80,0
378,378,0,111,288,0,0,0,1378,532,-2685,2,下位,0,0,0
562,562,0,-6,-23,0,0,0,378,288,-2988,2,下位,0,0,0
266,266,0,-6,-23,0,1,562,378,288,-2988,2,下位,0,562,0
186,186,0,60,219,0,2,828,378,288,-2988,2,下位,0,266,0
411,411,0,-6,-23,0,0,0,1014,219,-4401,1,下位,0,0,0
149,149,0,37,120,0,1,411,1014,219,-4401,1,下位,0,411,0
394,394,0,39,135,0,0,0,560,120,-5180,1,下位,0,0,0
335,335,0,59,214,1,0,0,0,0,1,0,下位,0,0,0
61,61,0,286,638,0,0,0,335,214,-309,1,下位,0,0,0
113,113,0,58,199,0,0,0,61,638,234,5,下位,0,0,0
182,182,0,-6,-23,0,0,0,113,199,256,1,下位,0,0,0
432,432,0,-6,-23,0,1,182,113,199,256,1,下位,0,182,0
119,119,0,-6,-23,0,2,614,113,199,256,1,下位,0,432,0
274,274,0,60,215,0,3,733,113,199,256,1,下位,0,119,0
361,361,0,-6,-23,0,0,0,1007,215,-1173,1,下位,0,0,0
612,612,0,141,388,0,1,361,1007,215,-1173,1,下位,0,361,0
402,402,0,50,181,0,0,0,973,388,-2329,2,下位,0,0,0
144,144,0,-6,-23,0,0,0,402,181,-2777,1,下位,0,0,0
478,478,0,96,263,0,1,144,402,181,-2777,1,下位,0,144,0
365,365,0,102,375,0,0,0,622,263,-3509,2,下位,0,0,0
448,448,0,-6,-23,0,0,0,365,375,-3705,1,下位,0,0,0
324,324,0,165,530,0,1,448,365,375,-3705,1,下位,0,448,0
94,94,0,140,404,0,0,0,772,530,-4405,2,下位,0,0,0
274,274,0,27,80,0,0,0,94,404,-4148,2,下位,0,0,0
177,177,0,-6,-23,0,0,0,274,80,-4497,1,下位,0,0,0
87,87,0,-6,-23,0,1,177,274,80,-4497,1,下位,0,177,0
43,43,0,120,378,0,2,264,274,80,-4497,1,下位,0,87,0
550,550,0,22,68,0,0,0,307,378,-4646,2,下位,0,0,0
107,107,0,67,247,1,0,0,0,0,1,0,下位,0,0,0
367,367,0,61,207,0,0,0,107,247,80,1,下位,0,0,0
256,256,0,30,86,0,0,0,367,207,-287,1,下位,0,0,0
387,387,0,136,399,0,0,0,256,86,-601,1,下位,0,0,0
634,634,0,95,347,0,0,0,387,399,-807,2,下位,0,0,0
226,226,0,-6,-23,0,0,0,634,347,-1451,1,下位,0,0,0
146,146,0,439,1065,0,1,226,634,347,-1451,1,下位,0,226,0
185,185,0,-6,-23,0,0,0,372,1065,-992,5,下位,0,0,0
639,639,0,185,385,0,1,185,372,1065,-992,5,下位,0,185,0
389,389,0,-6,-23,0,0,0,824,385,-1918,2,下位,0,0,0
196,196,0,-6,-23,0,1,389,824,385,-1918,2,下位,0,389,0
73,73,0,-6,-23,0,2,585,824,385,-1918,2,下位,0,196,0
438,438,0,441,1044,0,3,658,824,385,-1918,2,下位,0,73,0
422,422,0,113,353,1,0,0,0,0,1,0,下位,0,0,0
138,138,0,104,270,0,0,0,422,353,-306,2,下位,0,0,0
221,221,0,-6,-23,0,0,0,138,270,-252,2,下位,0,0,0
270,270,0,-6,-23,0,1,221,138,270,-252,2,下位,0,221,0
51,51,0,54,194,0,2,491,138,270,-252,2,下位,0,270,0
83,83,0,-6,-23,0,0,0,542,194,-952,1,下位,0,0,0
138,138,0,561,1284,0,1,83,542,194,-952,1,下位,0,83,0
402,402,0,-6,-23,0,0,0,221,1284,-37,7,下位,0,0,0
165,165,0,174,531,0,1,402,221,1284,-37,7,下位,0,402,0
465,465,0,54,198,0,0,0,567,531,-416,2,下位,0,0,0
217,217,0,-6,-23,0,0,0,465,198,-945,1,下位,0,0,0
136,136,0,118,307,0,1,217,465,198,-945,1,下位,0,217,0
591,591,0,35,113,0,0,0,353,307,-1214,2,下位,0,0,0
532,532,0,-6,-23,0,0,0,591,113,-2025,1,下位,0,0,0
473,473,0,62,208,0,1,532,591,113,-2025,1,下位,0,532,0
158,158,0,-6,-23,1,0,0,0,0,1,0,下位,0,0,0
423,423,0,-6,-23,1,1,158,0,0,1,0,下位,0,158,0
80,80,0,-6,-23,1,2,581,0,0,1,0,下位,0,423,0
118,118,0,103,298,1,3,661,0,0,1,0,下位,0,80,0
176,176,0,38,124,0,0,0,779,298,-988,2,下位,0,0,0
336,336,0,-6,-23,0,0,0,176,124,-1139,1,下位,0,0,0
371,371,0,-6,-23,0,1,336,176,124,-1139,1,下位,0,336,0
505,505,0,52,177,0,2,707,176,124,-1139,1,下位,0,371,0
194,194,0,230,587,1,0,0,0,0,1,0,下位,0,0,0
156,156,0,210,601,0,0,0,194,587,284,3,下位,0,0,0
383,383,0,-6,-23,0,0,0,156,601,641,3,下位,0,0,0
196,196,0,-6,-23,0,1,383,156,601,641,3,下位,0,383,0
387,387,0,133,349,0,2,579,156,601,641,3,下位,0,196,0
258,258,0,41,144,0,0,0,966,349,-567,2,下位,0,0,0
416,416,0,-6,-23,0,0,0,258,144,-827,1,下位,0,0,0
167,167,0,73,266,0,1,416,258,144,-827,1,下位,0,416,0
136,136,0,-6,-23,0,0,0,583,266,-1495,1,下位,0,0,0
397,397,0,49,168,0,1,136,583,266,-1495,1,下位,0,136,0
382,382,0,-6,-23,0,0,0,533,168,-2184,1,下位,0,0,0
80,80,0,305,778,0,1,382,533,168,-2184,1,下位,0,382,0
70,70,0,122,336,0,0,0,462,778,-2151,3,下位,0,0,0
398,398,0,-6,-23,1,0,0,0,0,1,0,下位,0,0,0
484,484,0,-6,-23,1,1,398,0,0,1,0,下位,0,398,0
521,521,0,-6,-23,1,2,882,0,0,1,0,下位,0,484,0
391,391,0,54,193,1,3,1403,0,0,1,0,下位,0,521,0
148,148,0,-6,-23,0,0,0,1794,193,-2680,1,下位,0,0,0
117,117,0,128,346,0,1,148,1794,193,-2680,1,下位,0,148,0
292,292,0,-6,-23,0,0,0,265,346,-2772,2,下位,0,0,0
177,177,0,-6,-23,0,1,292,265,346,-2772,2,下位,0,292,0
83,83,0,50,181,0,2,469,265,346,-2772,2,下位,0,177,0
378,378,0,-6,-23,0,0,0,552,181,-3501,1,下位,0,0,0
332,332,0,-6,-23,0,1,378,552,181,-3501,1,下位,0,378,0
115,115,0,-6,-23,0,2,710,552,181,-3501,1,下位,0,332,0
50,50,0,87,176,0,3,825,552,181,-3501,1,下位,0,115,0
207,207,0,260,613,0,0,0,875,176,-4763,2,下位,0,0,0
507,507,0,-6,-23,0,0,0,207,613,-4474,4,下位,0,0,0
518,518,0,59,209,0,1,507,207,613,-4474,4,下位,0,507,0
167,167,0,-6,-23,1,0,0,0,0,1,0,下位,0,0,0
94,94,0,58,212,1,1,167,0,0,1,0,下位,0,167,0
231,231,0,862,2135,0,0,0,261,212,-218,1,下位,0,0,0
514,514,0,-6,-23,0,0,0,231,2135,1556,11,下位,0,0,0
216,216,0,-6,-23,0,1,514,231,2135,1556,11,下位,0,514,0
199,199,0,79,294,0,2,730,231,2135,1556,11,下位,0,216,0
244,244,0,-6,-23,0,0,0,929,294,351,1,下位,0,0,0
137,137,0,444,884,0,1,244,929,294,351,1,下位,0,244,0
326,326,0,321,654,0,0,0,381,884,615,6,下位,0,0,0
316,316,0,-6,-23,0,0,0,326,654,759,4,下位,0,0,0
240,240,0,-6,-23,0,1,316,326,654,759,4,下位,0,316,0
40,40,0,441,940,0,2,556,326,654,759,4,下位,0,240,0
209,209,0,58,204,0,0,0,596,940,720,7,下位,0,0,0
107,107,0,-6,-23,0,0,0,209,204,597,1,下位,0,0,0
56,56,0,-6,-23,0,1,107,209,204,597,1,下位,0,107,0
573,573,0,41,137,0,2,163,209,204,597,1,下位,0,56,0
391,391,0,36,119,0,0,0,736,137,-464,1,下位,0,0,0
320,320,0,234,473,0,0,0,391,119,-956,1,下位,0,0,0
493,493,0,-6,-23,1,0,0,0,0,1,0,下位,0,0,0
165,165,0,445,1056,1,1,493,0,0,1,0,下位,0,493,0
397,397,0,184,543,0,0,0,658,1056,5,5,下位,0,0,0
232,232,0,54,196,0,0,0,397,543,-73,3,下位,0,0,0
411,411,0,-6,-23,0,0,0,232,196,-240,1,下位,0,0,0
368,368,0,-6,-23,0,1,411,232,196,-240,1,下位,0,411,0
236,236,0,301,694,0,2,779,232,196,-240,1,下位,0,368,0
532,532,0,170,384,0,0,0,1015,694,-1179,4,下位,0,0,0
408,408,0,56,182,1,0,0,0,0,1,0,下位,0,0,0
173,173,0,-6,-23,0,0,0,408,182,-456,1,下位,0,0,0
442,442,0,-6,-23,0,1,173,408,182,-456,1,下位,0,173,0
136,136,0,44,142,0,2,615,408,182,-456,1,下位,0,442,0
570,570,0,-6,-23,0,0,0,751,142,-1535,1,下位,0,0,0
116,116,0,-6,-23,0,1,570,751,142,-1535,1,下位,0,570,0
366,366,0,34,115,0,2,686,751,142,-1535,1,下位,0,116,0
244,244,0,54,196,0,0,0,1052,115,-3111,1,下位,0,0,0
264,264,0,42,132,0,0,0,244,196,-3297,1,下位,0,0,0
483,483,0,57,207,0,0,0,264,132,-3578,1,下位,0,0,0
482,482,0,206,539,0,0,0,483,207,-4126,1,下位,0,0,0
223,223,0,176,549,0,0,0,482,539,-4341,3,下位,0,0,0
84,84,0,-6,-23,0,0,0,223,549,-4141,2,下位,0,0,0
179,179,0,188,457,0,1,84,223,549,-4141,2,下位,0,84,0
225,225,0,-6,-23,1,0,0,0,0,1,0,下位,0,0,0
53,53,0,54,194,1,1,225,0,0,1,0,下位,0,225,0
357,357,0,1033,2431,0,0,0,278,194,-263,1,下位,0,0,0
251,251,0,-6,-23,0,0,0,357,2431,1609,14,下位,0,0,0
146,146,0,96,370,0,1,251,357,2431,1609,14,下位,0,251,0
574,574,0,-6,-23,0,0,0,397,370,1334,1,下位,0,0,0
91,91,0,454,1044,0,1,574,397,370,1334,1,下位,0,574,0
491,491,0,-6,-23,0,0,0,665,1044,1315,6,下位,0,0,0
333,333,0,44,150,0,1,491,665,1044,1315,6,下位,0,491,0
198,198,0,-6,-23,0,0,0,824,150,153,1,下位,0,0,0
254,254,0,54,191,0,1,198,824,150,153,1,下位,0,198,0
547,547,0,63,214,0,0,0,452,191,-386,1,下位,0,0,0
169,169,0,-6,-23,0,0,0,547,214,-1027,1,下位,0,0,0
382,382,0,-6,-23,0,1,169,547,214,-1027,1,下位,0,169,0
376,376,0,62,215,0,2,551,547,214,-1027,1,下位,0,382,0
385,385,0,41,144,0,0,0,927,215,-2307,1,下位,0,0,0
319,319,0,391,838,0,0,0,385,144,-2765,1,下位,0,0,0
304,304,0,-6,-23,1,0,0,0,0,1,0,下位,0,0,0
237,237,0,899,1970,1,1,304,0,0,1,0,下位,0,304,0
439,439,0,58,199,0,0,0,541,1970,1102,12,下位,0,0,0
84,84,0,-6,-23,0,0,0,439,199,615,1,下位,0,0,0
492,492,0,-6,-23,0,1,84,439,199,615,1,下位,0,84,0
259,259,0,97,257,0,2,576,439,199,615,1,下位,0,492,0
265,265,0,50,179,0,0,0,835,257,-480,2,下位,0,0,0
219,219,0,-6,-23,0,0,0,265,179,-716,1,下位,0,0,0
170,170,0,-6,-23,0,1,219,265,179,-716,1,下位,0,219,0
440,440,0,188,542,0,2,389,265,179,-716,1,下位,0,170,0
344,344,0,128,330,0,0,0,829,542,-1517,3,下位,0,0,0
324,324,0,120,339,0,0,0,344,330,-1724,2,下位,0,0,0
70,70,0,734,1616,1,0,0,0,0,1,0,下位,0,0,0
91,91,0,-6,-23,0,0,0,70,1616,1507,10,下位,0,0,0
60,60,0,36,122,0,1,91,70,1616,1507,10,下位,0,91,0
513,513,0,30,86,0,0,0,151,122,1369,1,下位,0,0,0
585,585,0,28,83,0,0,0,513,86,653,1,下位,0,0,0
377,377,0,128,402,0,0,0,585,83,-178,1,下位,0,0,0
235,235,0,204,526,0,0,0,377,402,-365,2,下位,0,0,0
652,652,0,120,369,0,0,0,235,526,-207,3,下位,0,0,0
173,173,0,896,2498,0,0,0,652,369,-857,2,下位,0,0,0
423,423,0,27,87,1,0,0,0,0,1,0,下位,0,0,0
152,152,0,-6,-23,0,0,0,423,87,-573,1,下位,0,0,0
439,439,0,118,203,0,1,152,423,87,-573,1,下位,0,152,0
647,647,0,-6,-23,0,0,0,591,203,-1317,2,下位,0,0,0
60,60,0,35,125,0,1,647,591,203,-1317,2,下位,0,647,0
107,107,0,-6,-23,0,0,0,707,125,-2320,1,下位,0,0,0
59,59,0,137,405,0,1,107,707,125,-2320,1,下位,0,107,0
493,493,0,140,456,0,0,0,166,405,-2199,2,下位,0,0,0
278,278,0,-6,-23,0,0,0,493,456,-2514,2,下位,0,0,0
64,64,0,333,659,0,1,278,493,456,-2514,2,下位,0,278,0
201,201,0,219,587,0,0,0,342,659,-2413,6,下位,0,0,0
550,550,0,60,225,0,0,0,201,587,-2140,3,下位,0,0,0
368,368,0,-6,-23,0,0,0,550,225,-2775,1,下位,0,0,0
164,164,0,595,1386,0,1,368,550,225,-2775,1,下位,0,368,0
394,394,0,335,777,0,0,0,532,1386,-2244,8,下位,0,0,0
318,318,0,-6,-23,0,0,0,394,777,-2083,5,下位,0,0,0
538,538,0,640,1475,0,1,318,394,777,-2083,5,下位,0,318,0
129,129,0,54,200,0,0,0,856,1475,-1969,9,下位,0,0,0
380,380,0,1256,3768,1,0,0,0,0,1,0,下位,0,0,0
247,247,0,-6,-23,0,0,0,380,3768,221,14,上位,0,0,0
117,117,0,446,1148,0,1,247,380,3768,221,14,上位,0,247,0
144,144,0,68,256,0,0,0,364,1148,777,6,下位,0,0,0
362,362,0,40,133,0,0,0,144,256,808,1,下位,0,0,0
160,160,0,58,216,0,0,0,362,133,375,1,下位,0,0,0
139,139,0,640,1373,0,0,0,160,216,341,1,下位,0,0,0
227,227,0,-6,-23,0,0,0,139,1373,1496,9,下位,0,0,0
215,215,0,-6,-23,0,1,227,139,1373,1496,9,下位,0,227,0
124,124,0,-6,-23,0,2,442,139,1373,1496,9,下位,0,215,0
47,47,0,447,862,0,3,566,139,1373,1496,9,下位,0,124,0
207,207,0,227,495,0,0,0,613,862,1330,7,下位,0,0,0
446,446,0,-6,-23,0,0,0,207,495,1501,4,下位,0,0,0
615,615,0,-6,-23,0,1,446,207,495,1501,4,下位,0,446,0
279,279,0,-6,-23,0,2,1061,207,495,1501,4,下位,0,615,0
401,401,0,37,128,0,3,1340,207,495,1501,4,下位,0,279,0
130,130,0,39,140,0,0,0,1741,128,-1161,1,下位,0,0,0
184,184,0,63,236,0,0,0,130,140,-1225,1,下位,0,0,0
265,265,0,185,449,0,0,0,184,236,-1277,1,下位,0,0,0
192,192,0,239,542,1,0,0,0,0,1,0,下位,0,0,0
136,136,0,-6,-23,0,0,0,192,542,243,4,下位,0,0,0
331,331,0,-6,-23,0,1,136,192,542,243,4,下位,0,136,0
515,515,0,1670,4559,0,2,467,192,542,243,4,下位,0,331,0
192,192,0,38,130,0,0,0,982,4559,450,20,上位,0,0,0
380,380,0,-6,-23,0,0,0,192,130,280,1,下位,0,0,0
302,302,0,88,219,0,1,380,192,130,280,1,下位,0,380,0
135,135,0,58,105,0,0,0,682,219,-590,2,下位,0,0,0
176,176,0,2395,6732,0,0,0,135,105,-696,2,下位,0,0,0
484,484,0,572,1134,1,0,0,0,0,1,0,下位,0,0,0
108,108,0,-6,-23,0,0,0,484,1134,378,8,下位,0,0,0
74,74,0,-6,-23,0,1,108,484,1134,378,8,下位,0,108,0
179,179,0,-6,-23,0,2,182,484,1134,378,8,下位,0,74,0
199,199,0,32,111,0,3,361,484,1134,378,8,下位,0,179,0
212,212,0,309,881,0,0,0,560,111,-456,1,下位,0,0,0
93,93,0,347,886,0,0,0,212,881,93,4,下位,0,0,0
165,165,0,-6,-23,0,0,0,93,886,833,4,下位,0,0,0
170,170,0,56,205,0,1,165,93,886,833,4,下位,0,165,0
125,125,0,-6,-23,0,0,0,335,205,491,1,下位,0,0,0
59,59,0,353,973,0,1,125,335,205,491,1,下位,0,125,0
398,398,0,28,86,0,0,0,184,973,1152,4,下位,0,0,0
221,221,0,-6,-23,0,0,0,398,86,616,1,下位,0,0,0
173,173,0,-6,-23,0,1,221,398,86,616,1,下位,0,221,0
572,572,0,66,247,0,2,394,398,86,616,1,下位,0,173,0
557,557,0,43,145,0,0,0,966,247,-694,1,下位,0,0,0
120,120,0,-6,-23,0,0,0,557,145,-1420,1,下位,0,0,0
482,482,0,2459,6782,0,1,120,557,145,-1420,1,下位,0,120,0
502,502,0,58,217,0,0,0,602,6782,202,29,上位,0,0,0
139,139,0,79,212,1,0,0,0,0,1,0,下位,0,0,0
412,412,0,505,907,0,0,0,139,212,-5,2,下位,0,0,0
497,497,0,127,348,0,0,0,412,907,258,8,下位,0,0,0
222,222,0,376,785,0,0,0,497,348,-171,2,下位,0,0,0
183,183,0,56,195,0,0,0,222,785,267,5,下位,0,0,0
449,449,0,130,347,0,0,0,183,195,176,1,下位,0,0,0
341,341,0,-6,-23,0,0,0,449,347,-179,2,下位,0,0,0
311,311,0,586,1358,0,1,341,449,347,-179,2,下位,0,341,0
186,186,0,426,984,0,0,0,652,1358,138,7,下位,0,0,0
196,196,0,46,140,1,0,0,0,0,1,0,下位,0,0,0
200,200,0,138,471,0,0,0,196,140,-166,1,下位,0,0,0
133,133,0,-6,-23,0,0,0,200,471,-8,2,下位,0,0,0
102,102,0,748,1748,0,1,133,200,471,-8,2,下位,0,133,0
469,469,0,223,604,0,0,0,235,1748,1349,9,下位,0,0,0
489,489,0,253,653,0,0,0,469,604,1220,3,下位,0,0,0
151,151,0,331,767,0,0,0,489,653,1108,4,下位,0,0,0
368,368,0,200,539,0,0,0,151,767,1639,5,下位,0,0,0
403,403,0,-6,-23,0,0,0,368,539,1603,3,下位,0,0,0
531,531,0,367,757,0,1,403,368,539,1603,3,下位,0,403,0
297,297,0,-6,-23,0,0,0,934,757,877,5,下位,0,0,0
273,273,0,745,1683,0,1,297,934,757,877,5,下位,0,297,0
301,301,0,546,1258,1,0,0,0,0,1,0,下位,0,0,0
115,115,0,-6,-23,0,0,0,301,1258,788,7,下位,0,0,0
269,269,0,-6,-23,0,1,115,301,1258,788,7,下位,0,115,0
137,137,0,-6,-23,0,2,384,301,1258,788,7,下位,0,269,0
340,340,0,60,218,0,3,521,301,1258,788,7,下位,0,137,0
61,61,0,-6,-23,0,0,0,861,218,-410,1,下位,0,0,0
233,233,0,-6,-23,0,1,61,861,218,-410,1,下位,0,61,0
303,303,0,-6,-23,0,2,294,861,218,-410,1,下位,0,233,0
319,319,0,144,435,0,3,597,861,218,-410,1,下位,0,303,0
569,569,0,-6,-23,0,0,0,916,435,-1477,2,下位,0,0,0
136,136,0,-6,-23,0,1,569,916,435,-1477,2,下位,0,569,0
40,40,0,136,433,0,2,705,916,435,-1477,2,下位,0,136,0
401,401,0,134,406,0,0,0,745,433,-2256,2,下位,0,0,0
454,454,0,-6,-23,0,0,0,401,406,-2477,2,下位,0,0,0
249,249,0,-6,-23,0,1,454,401,406,-2477,2,下位,0,454,0
196,196,0,102,244,0,2,703,401,406,-2477,2,下位,0,249,0
310,310,0,-6,-23,0,0,0,899,244,-3686,2,下位,0,0,0
426,426,0,75,279,0,1,310,899,244,-3686,2,下位,0,310,0
79,79,0,528,1197,0,0,0,736,279,-4581,1,下位,0,0,0
391,391,0,-6,-23,1,0,0,0,0,1,0,下位,0,0,0
166,166,0,-6,-23,1,1,391,0,0,1,0,下位,0,391,0
188,188,0,-6,-23,1,2,557,0,0,1,0,下位,0,166,0
115,115,0,320,860,1,3,745,0,0,1,0,下位,0,188,0
109,109,0,66,226,0,0,0,860,860,-553,4,下位,0,0,0
447,447,0,-6,-23,0,0,0,109,226,-498,1,下位,0,0,0
234,234,0,-6,-23,0,1,447,109,226,-498,1,下位,0,447,0
223,223,0,359,898,0,2,681,109,226,-498,1,下位,0,234,0
400,400,0,-6,-23,0,0,0,904,898,-1060,4,下位,0,0,0
164,164,0,-6,-23,0,1,400,904,898,-1060,4,下位,0,400,0
382,382,0,-6,-23,0,2,564,904,898,-1060,4,下位,0,164,0
69,69,0,36,118,0,3,946,904,898,-1060,4,下位,0,382,0
82,82,0,64,226,0,0,0,1015,118,-2598,1,下位,0,0,0
169,169,0,44,162,0,0,0,82,226,-2501,1,下位,0,0,0
62,62,0,458,1200,0,0,0,169,162,-2603,1,下位,0,0,0
62,62,0,128,432,0,0,0,62,1200,-1500,6,下位,0,0,0
94,94,0,-6,-23,0,0,0,62,432,-1165,2,下位,0,0,0
397,397,0,-6,-23,0,1,94,62,432,-1165,2,下位,0,94,0
100,100,0,-6,-23,0,2,491,62,432,-1165,2,下位,0,397,0
344,344,0,58,202,0,3,591,62,432,-1165,2,下位,0,100,0
446,446,0,491,1032,0,0,0,935,202,-2495,1,下位,0,0,0
168,168,0,-6,-23,1,0,0,0,0,1,0,下位,0,0,0
342,342,0,-6,-23,1,1,168,0,0,1,0,下位,0,168,0
47,47,0,136,432,1,2,510,0,0,1,0,下位,0,342,0
545,545,0,1404,3976,0,0,0,557,432,-485,2,下位,0,0,0
334,334,0,-6,-23,0,0,0,545,3976,307,15,上位,0,0,0
95,95,0,56,204,0,1,334,545,3976,307,15,上位,0,334,0
451,451,0,-6,-23,0,0,0,429,204,-183,1,下位,0,0,0
148,148,0,192,523,0,1,451,429,204,-183,1,下位,0,451,0
315,315,0,106,274,0,0,0,599,523,-619,3,下位,0,0,0
505,505,0,-6,-23,0,0,0,315,274,-838,2,下位,0,0,0
375,375,0,113,308,0,1,505,315,274,-838,2,下位,0,505,0
248,248,0,-6,-23,0,0,0,880,308,-1928,2,下位,0,0,0
128,128,0,-6,-23,0,1,248,880,308,-1928,2,下位,0,248,0
106,106,0,-6,-23,0,2,376,880,308,-1928,2,下位,0,128,0
499,499,0,192,483,0,3,482,880,308,-1928,2,下位,0,106,0
105,105,0,311,677,1,0,0,0,0,1,0,下位,0,0,0
434,434,0,-6,-23,0,0,0,105,677,514,4,下位,0,0,0
465,465,0,-6,-23,0,1,434,105,677,514,4,下位,0,434,0
377,377,0,40,137,0,2,899,105,677,514,4,下位,0,465,0
279,279,0,-6,-23,0,0,0,1276,137,-1390,1,下位,0,0,0
444,444,0,148,404,0,1,279,1276,137,-1390,1,下位,0,279,0
486,486,0,322,868,0,0,0,723,404,-2139,2,下位,0,0,0
586,586,0,226,477,0,0,0,486,868,-2030,4,下位,0,0,0
156,156,0,36,115,0,0,0,586,477,-2469,4,下位,0,0,0
162,162,0,-6,-23,1,0,0,0,0,1,0,下位,0,0,0
104,104,0,58,212,1,1,162,0,0,1,0,下位,0,162,0
142,142,0,-6,-23,0,0,0,266,212,-227,1,下位,0,0,0
336,336,0,128,330,0,1,142,266,212,-227,1,下位,0,142,0
112,112,0,64,224,0,0,0,478,330,-667,2,下位,0,0,0
104,104,0,136,399,0,0,0,112,224,-618,1,下位,0,0,0
284,284,0,283,697,0,0,0,104,399,-382,2,下位,0,0,0
199,199,0,-6,-23,1,0,0,0,0,1,0,下位,0,0,0
171,171,0,95,330,1,1,199,0,0,1,0,下位,0,199,0
226,226,0,41,142,0,0,0,370,330,-271,1,下位,0,0,0
224,224,0,62,226,0,0,0,226,142,-483,1,下位,0,0,0
68,68,0,-6,-23,0,0,0,224,226,-607,1,下位,0,0,0
228,228,0,40,141,0,1,68,224,226,-607,1,下位,0,68,0
422,422,0,-6,-23,0,0,0,296,141,-953,1,下位,0,0,0
56,56,0,-6,-23,0,1,422,296,141,-953,1,下位,0,422,0
98,98,0,42,149,0,2,478,296,141,-953,1,下位,0,56,0
358,358,0,-6,-23,0,0,0,576,149,-1752,1,下位,0,0,0
206,206,0,580,1419,0,1,358,576,149,-1752,1,下位,0,358,0
67,67,0,-6,-23,0,0,0,564,1419,-1238,7,下位,0,0,0
368,368,0,-6,-23,0,1,67,564,1419,-1238,7,下位,0,67,0
318,318,0,41,137,0,2,435,564,1419,-1238,7,下位,0,368,0
110,110,0,62,225,1,0,0,0,0,1,0,下位,0,0,0
128,128,0,165,342,0,0,0,110,225,54,1,下位,0,0,0
197,197,0,-6,-23,0,0,0,128,342,196,3,下位,0,0,0
439,439,0,-6,-23,0,1,197,128,342,196,3,下位,0,197,0
84,84,0,-6,-23,0,2,636,128,342,196,3,下位,0,439,0
155,155,0,532,1225,0,3,720,128,342,196,3,下位,0,84,0
292,292,0,-6,-23,0,0,0,875,1225,-17,7,下位,0,0,0
420,420,0,114,434,0,1,292,875,1225,-17,7,下位,0,292,0
364,364,0,241,556,0,0,0,712,434,-720,1,下位,0,0,0
215,215,0,228,616,0,0,0,364,556,-732,4,下位,0,0,0
69,69,0,215,568,0,0,0,215,616,-452,3,下位,0,0,0
316,316,0,-6,-23,0,0,0,69,568,8,3,下位,0,0,0
279,279,0,-6,-23,0,1,316,69,568,8,3,下位,0,316,0
447,447,0,210,557,0,2,595,69,568,8,3,下位,0,279,0
309,309,0,207,491,1,0,0,0,0,1,0,下位,0,0,0
353,353,0,632,1377,0,0,0,309,491,9,3,下位,0,0,0
249,249,0,-6,-23,0,0,0,353,1377,835,8,下位,0,0,0
260,260,0,81,203,0,1,249,353,1377,835,8,下位,0,249,0
125,125,0,-6,-23,0,0,0,509,203,218,2,下位,0,0,0
52,52,0,-6,-23,0,1,125,509,203,218,2,下位,0,125,0
104,104,0,-6,-23,0,2,177,509,203,218,2,下位,0,52,0
84,84,0,63,231,0,3,281,509,203,218,2,下位,0,104,0
450,450,0,-6,-23,0,0,0,365,231,-193,1,下位,0,0,0
183,183,0,143,399,0,1,450,365,231,-193,1,下位,0,450,0
377,377,0,272,490,0,0,0,633,399,-807,2,下位,0,0,0
470,470,0,-6,-23,1,0,0,0,0,1,0,下位,0,0,0
162,162,0,-6,-23,1,1,470,0,0,1,0,下位,0,470,0
432,432,0,29,94,1,2,632,0,0,1,0,下位,0,162,0
95,95,0,48,164,0,0,0,1064,94,-1615,1,下位,0,0,0
447,447,0,-6,-23,0,0,0,95,164,-1600,1,下位,0,0,0
262,262,0,290,661,0,1,447,95,164,-1600,1,下位,0,447,0
197,197,0,3197,9066,0,0,0,709,661,-2071,4,下位,0,0,0
433,433,0,109,271,0,0,0,197,9066,238,35,上位,0,0,0
127,127,0,84,288,0,0,0,433,271,-168,2,下位,0,0,0
179,179,0,-6,-23,0,0,0,127,288,-79,1,下位,0,0,0
472,472,0,212,586,0,1,179,127,288,-79,1,下位,0,179,0
123,123,0,-6,-23,1,0,0,0,0,1,0,下位,0,0,0
135,135,0,-6,-23,1,1,123,0,0,1,0,下位,0,123,0
281,281,0,179,456,1,2,258,0,0,1,0,下位,0,135,0
399,399,0,1220,3081,0,0,0,539,456,-433,3,下位,0,0,0
446,446,0,-6,-23,0,0,0,399,3081,2025,14,下位,0,0,0
184,184,0,177,419,0,1,446,399,3081,2025,14,下位,0,446,0
312,312,0,154,460,0,0,0,630,419,1436,3,下位,0,0,0
195,195,0,286,615,0,0,0,312,460,1408,2,下位,0,0,0
388,388,0,83,283,0,0,0,195,615,1718,5,下位,0,0,0
382,382,0,-6,-23,0,0,0,388,283,1394,1,下位,0,0,0
296,296,0,-6,-23,0,1,382,388,283,1394,1,下位,0,382,0
418,418,0,-6,-23,0,2,678,388,283,1394,1,下位,0,296,0
142,142,0,54,188,0,3,1096,388,283,1394,1,下位,0,418,0
131,131,0,-6,-23,0,0,0,1238,188,-423,1,下位,0,0,0
289,289,0,116,293,0,1,131,1238,188,-423,1,下位,0,131,0
463,463,0,62,228,1,0,0,0,0,1,0,下位,0,0,0
588,588,0,-6,-23,0,0,0,463,228,-495,1,下位,0,0,0
122,122,0,-6,-23,0,1,588,463,228,-495,1,下位,0,588,0
120,120,0,130,371,0,2,710,463,228,-495,1,下位,0,122,0
458,458,0,-6,-23,0,0,0,830,371,-1468,2,下位,0,0,0
217,217,0,-6,-23,0,1,458,830,371,-1468,2,下位,0,458,0
446,446,0,107,260,0,2,675,830,371,-1468,2,下位,0,217,0
238,238,0,-6,-23,0,0,0,1121,260,-3007,2,下位,0,0,0
390,390,0,141,388,0,1,238,1121,260,-3007,2,下位,0,238,0
258,258,0,-6,-23,0,0,0,628,388,-3624,2,下位,0,0,0
53,53,0,129,352,0,1,258,628,388,-3624,2,下位,0,258,0
134,134,0,92,345,0,0,0,311,352,-3782,2,下位,0,0,0
476,476,0,203,587,1,0,0,0,0,1,0,下位,0,0,0
273,273,0,96,267,0,0,0,476,587,-156,3,下位,0,0,0
320,320,0,-6,-23,0,0,0,273,267,-316,2,下位,0,0,0
411,411,0,33,112,0,1,320,273,267,-316,2,下位,0,320,0
174,174,0,-6,-23,0,0,0,731,112,-1370,1,下位,0,0,0
341,341,0,-6,-23,0,1,174,731,112,-1370,1,下位,0,174,0
61,61,0,41,131,0,2,515,731,112,-1370,1,下位,0,341,0
67,67,0,28,90,0,0,0,576,131,-2186,1,下位,0,0,0
125,125,0,486,916,0,0,0,67,90,-2201,1,下位,0,0,0
260,260,0,147,411,1,0,0,0,0,1,0,下位,0,0,0
127,127,0,-6,-23,0,0,0,260,411,5,2,下位,0,0,0
190,190,0,60,207,0,1,127,260,411,5,2,下位,0,127,0
324,324,0,-6,-23,0,0,0,317,207,-307,1,下位,0,0,0
352,352,0,34,117,0,1,324,317,207,-307,1,下位,0,324,0
538,538,0,-6,-23,0,0,0,676,117,-1270,1,下位,0,0,0
510,510,0,-6,-23,0,1,538,676,117,-1270,1,下位,0,538,0
211,211,0,186,427,0,2,1048,676,117,-1270,1,下位,0,510,0
250,250,0,-6,-23,0,0,0,1259,427,-2857,2,下位,0,0,0
163,163,0,36,122,0,1,250,1259,427,-2857,2,下位,0,250,0
327,327,0,-6,-23,0,0,0,413,122,-3404,1,下位,0,0,0
383,383,0,100,379,0,1,327,413,122,-3404,1,下位,0,327,0
332,332,0,154,514,0,0,0,710,379,-4158,1,下位,0,0,0
204,204,0,-6,-23,1,0,0,0,0,1,0,下位,0,0,0
59,59,0,42,124,1,1,204,0,0,1,0,下位,0,204,0
176,176,0,-6,-23,0,0,0,263,124,-310,1,下位,0,0,0
685,685,0,62,228,0,1,176,263,124,-310,1,下位,0,176,0
416,416,0,121,323,0,0,0,861,228,-1451,1,下位,0,0,0
229,229,0,-6,-23,0,0,0,416,323,-1778,2,下位,0,0,0
390,390,0,-6,-23,0,1,229,416,323,-1778,2,下位,0,229,0
392,392,0,35,118,0,2,619,416,323,-1778,2,下位,0,390,0
677,677,0,250,656,0,0,0,1011,118,-3287,1,下位,0,0,0
179,179,0,-6,-23,0,0,0,677,656,-3689,3,下位,0,0,0
237,237,0,134,404,0,1,179,677,656,-3689,3,下位,0,179,0
212,212,0,620,1346,1,0,0,0,0,1,0,下位,0,0,0
139,139,0,291,706,0,0,0,212,1346,1015,8,下位,0,0,0
195,195,0,-6,-23,0,0,0,139,706,1503,4,下位,0,0,0
514,514,0,62,220,0,1,195,139,706,1503,4,下位,0,195,0
504,504,0,363,810,0,0,0,709,220,591,1,下位,0,0,0
113,113,0,106,403,0,0,0,504,810,613,4,下位,0,0,0
236,236,0,-6,-23,0,0,0,113,403,839,1,下位,0,0,0
215,215,0,78,292,0,1,236,113,403,839,1,下位,0,236,0
138,138,0,86,194,0,0,0,451,292,403,1,下位,0,0,0
505,505,0,266,646,0,0,0,138,194,381,2,下位,0,0,0
485,485,0,-6,-23,0,0,0,505,646,238,4,下位,0,0,0
451,451,0,774,1712,0,1,485,505,646,238,4,下位,0,485,0
464,464,0,54,197,0,0,0,936,1712,464,10,下位,0,0,0
93,93,0,-6,-23,1,0,0,0,0,1,0,下位,0,0,0
215,215,0,59,215,1,1,93,0,0,1,0,下位,0,93,0
280,280,0,-6,-23,0,0,0,308,215,-289,1,下位,0,0,0
460,460,0,-6,-23,0,1,280,308,215,-289,1,下位,0,280,0
194,194,0,-6,-23,0,2,740,308,215,-289,1,下位,0,460,0
314,314,0,40,140,0,3,934,308,215,-289,1,下位,0,194,0
490,490,0,-6,-23,0,0,0,1248,140,-2170,1,下位,0,0,0
65,65,0,-6,-23,0,1,490,1248,140,-2170,1,下位,0,490,0
424,424,0,-6,-23,0,2,555,1248,140,-2170,1,下位,0,65,0
298,298,0,278,655,0,3,979,1248,140,-2170,1,下位,0,424,0
64,64,0,-6,-23,0,0,0,1277,655,-3581,4,下位,0,0,0
439,439,0,588,1154,0,1,64,1277,655,-3581,4,下位,0,64,0
286,286,0,56,194,0,0,0,503,1154,-3236,8,下位,0,0,0
113,113,0,-6,-23,0,0,0,286,194,-3489,1,下位,0,0,0
116,116,0,-6,-23,0,1,113,286,194,-3489,1,下位,0,113,0
253,253,0,41,115,0,2,229,286,194,-3489,1,下位,0,116,0
436,436,0,-6,-23,0,0,0,482,115,-4175,1,下位,0,0,0
244,244,0,-6,-23,0,1,436,482,115,-4175,1,下位,0,436,0
178,178,0,52,188,0,2,680,482,115,-4175,1,下位,0,244,0
536,536,0,38,132,1,0,0,0,0,1,0,下位,0,0,0
488,488,0,-6,-23,0,0,0,536,132,-705,1,下位,0,0,0
298,298,0,44,137,0,1,488,536,132,-705,1,下位,0,488,0
211,211,0,-6,-23,0,0,0,786,137,-1820,1,下位,0,0,0
342,342,0,125,332,0,1,211,786,137,-1820,1,下位,0,211,0
117,117,0,-6,-23,0,0,0,553,332,-2376,2,下位,0,0,0
105,105,0,538,1282,0,1,117,553,332,-2376,2,下位,0,117,0
370,370,0,-6,-23,0,0,0,222,1282,-1465,7,下位,0,0,0
305,305,0,-6,-23,0,1,370,222,1282,-1465,7,下位,0,370,0
40,40,0,-6,-23,0,2,675,222,1282,-1465,7,下位,0,305,0
487,487,0,509,1239,0,3,715,222,1282,-1465,7,下位,0,40,0
225,225,0,180,434,0,0,0,1202,1239,-2175,6,下位,0,0,0
295,295,0,52,185,0,0,0,225,434,-2093,3,下位,0,0,0
553,553,0,128,380,0,0,0,295,185,-2369,1,下位,0,0,0
563,563,0,-6,-23,0,0,0,553,380,-2853,2,下位,0,0,0
75,75,0,-6,-23,0,1,563,553,380,-2853,2,下位,0,563,0
192,192,0,-6,-23,0,2,638,553,380,-2853,2,下位,0,75,0
168,168,0,822,1812,0,3,830,553,380,-2853,2,下位,0,192,0
499,499,0,-6,-23,1,0,0,0,0,1,0,下位,0,0,0
479,479,0,-6,-23,1,1,499,0,0,1,0,下位,0,499,0
522,522,0,-6,-23,1,2,978,0,0,1,0,下位,0,479,0
197,197,0,66,231,1,3,1500,0,0,1,0,下位,0,522,0
228,228,0,266,652,0,0,0,1697,231,-2490,1,下位,0,0,0
258,258,0,66,235,0,0,0,228,652,-2195,4,下位,0,0,0
318,318,0,-6,-23,0,0,0,258,235,-2364,1,下位,0,0,0
213,213,0,-6,-23,0,1,318,258,235,-2364,1,下位,0,318,0
429,429,0,428,1031,0,2,531,258,235,-2364,1,下位,0,213,0
378,378,0,-6,-23,0,0,0,960,1031,-2879,6,下位,0,0,0
292,292,0,-6,-23,0,1,378,960,1031,-2879,6,下位,0,378,0
60,60,0,50,175,0,2,670,960,1031,-2879,6,下位,0,292,0
171,171,0,427,939,0,0,0,730,175,-3892,1,下位,0,0,0
131,131,0,-6,-23,0,0,0,171,939,-3221,6,下位,0,0,0
303,303,0,348,668,0,1,131,171,939,-3221,6,下位,0,131,0
476,476,0,122,338,0,0,0,434,668,-3255,5,下位,0,0,0
235,235,0,-6,-23,1,0,0,0,0,1,0,下位,0,0,0
196,196,0,-6,-23,1,1,235,0,0,1,0,下位,0,235,0
297,297,0,335,941,1,2,431,0,0,1,0,下位,0,196,0
397,397,0,355,830,0,0,0,728,941,-245,4,下位,0,0,0
447,447,0,29,94,0,0,0,397,830,-36,4,下位,0,0,0
396,396,0,-6,-23,0,0,0,447,94,-641,1,下位,0,0,0
483,483,0,62,229,0,1,396,447,94,-641,1,下位,0,396,0
93,93,0,-6,-23,0,0,0,879,229,-1809,1,下位,0,0,0
215,215,0,57,201,0,1,93,879,229,-1809,1,下位,0,93,0
350,350,0,-6,-23,0,0,0,308,201,-2113,1,下位,0,0,0
273,273,0,336,829,0,1,350,308,201,-2113,1,下位,0,350,0
98,98,0,38,132,0,0,0,623,829,-2281,5,下位,0,0,0
126,126,0,-6,-23,0,0,0,98,132,-2303,1,下位,0,0,0
52,52,0,98,373,0,1,126,98,132,-2303,1,下位,0,126,0
369,369,0,41,144,0,0,0,178,373,-2232,1,下位,0,0,0
232,232,0,82,305,0,0,0,369,144,-2665,1,下位,0,0,0
519,519,0,-6,-23,0,0,0,232,305,-2723,1,下位,0,0,0
453,453,0,-6,-23,0,1,519,232,305,-2723,1,下位,0,519,0
294,294,0,93,212,0,2,972,232,305,-2723,1,下位,0,453,0
233,233,0,55,194,0,0,0,1266,212,-4536,2,下位,0,0,0
152,152,0,57,208,0,0,0,233,194,-4707,1,下位,0,0,0
218,218,0,-6,-23,0,0,0,152,208,-4737,1,下位,0,0,0
56,56,0,54,189,0,1,218,152,208,-4737,1,下位,0,218,0
370,370,0,46,162,0,0,0,274,189,-5000,1,下位,0,0,0
105,105,0,58,188,0,0,0,370,162,-5417,1,下位,0,0,0
469,469,0,858,1960,1,0,0,0,0,1,0,下位,0,0,0
416,416,0,124,340,0,0,0,469,1960,1228,12,下位,0,0,0
61,61,0,-6,-23,0,0,0,416,340,918,2,下位,0,0,0
350,350,0,-6,-23,0,1,61,416,340,918,2,下位,0,61,0
421,421,0,283,540,0,2,411,416,340,918,2,下位,0,350,0
180,180,0,63,231,0,0,0,832,540,111,4,下位,0,0,0
322,322,0,38,131,0,0,0,180,231,60,1,下位,0,0,0
232,232,0,41,120,0,0,0,322,131,-313,1,下位,0,0,0
327,327,0,-6,-23,0,0,0,232,120,-556,1,下位,0,0,0
379,379,0,354,1001,0,1,327,232,120,-556,1,下位,0,327,0
141,141,0,349,826,0,0,0,706,1001,-683,4,下位,0,0,0
248,248,0,-6,-23,0,0,0,141,826,-78,4,下位,0,0,0
400,400,0,44,157,0,1,248,141,826,-78,4,下位,0,248,0
202,202,0,-6,-23,1,0,0,0,0,1,0,下位,0,0,0
124,124,0,1023,2821,1,1,202,0,0,1,0,下位,0,202,0
434,434,0,78,285,0,0,0,326,2821,-2,11,上位,0,0,0
380,380,0,-6,-23,0,0,0,434,285,-396,1,下位,0,0,0
129,129,0,-6,-23,0,1,380,434,285,-396,1,下位,0,380,0
346,346,0,-6,-23,0,2,509,434,285,-396,1,下位,0,129,0
243,243,0,63,224,0,3,855,434,285,-396,1,下位,0,346,0
341,341,0,-6,-23,0,0,0,1098,224,-1958,1,下位,0,0,0
165,165,0,58,209,0,1,341,1098,224,-1958,1,下位,0,341,0
184,184,0,-6,-23,0,0,0,506,209,-2563,1,下位,0,0,0
53,53,0,129,342,0,1,184,506,209,-2563,1,下位,0,184,0
148,148,0,54,185,0,0,0,237,342,-2615,2,下位,0,0,0
81,81,0,40,133,0,0,0,148,185,-2662,1,下位,0,0,0
132,132,0,-6,-23,0,0,0,81,133,-2656,1,下位,0,0,0
244,244,0,162,385,0,1,132,81,133,-2656,1,下位,0,132,0
88,88,0,-6,-23,0,0,0,376,385,-2883,3,下位,0,0,0
558,558,0,620,1413,0,1,88,376,385,-2883,3,下位,0,88,0
207,207,0,-6,-23,1,0,0,0,0,1,0,下位,0,0,0
494,494,0,-6,-23,1,1,207,0,0,1,0,下位,0,207,0
480,480,0,-6,-23,1,2,701,0,0,1,0,下位,0,494,0
379,379,0,152,428,1,3,1181,0,0,1,0,下位,0,480,0
474,474,0,-6,-23,0,0,0,1560,428,-2079,2,下位,0,0,0
426,426,0,238,639,0,1,474,1560,428,-2079,2,下位,0,474,0
164,164,0,-6,-23,0,0,0,900,639,-2869,3,下位,0,0,0
46,46,0,111,254,0,1,164,900,639,-2869,3,下位,0,164,0
500,500,0,-6,-23,0,0,0,210,254,-2966,2,下位,0,0,0
182,182,0,-6,-23,0,1,500,210,254,-2966,2,下位,0,500,0
126,126,0,445,938,0,2,682,210,254,-2966,2,下位,0,182,0
290,290,0,-6,-23,0,0,0,808,938,-3338,6,下位,0,0,0
66,66,0,-6,-23,0,1,290,808,938,-3338,6,下位,0,290,0
284,284,0,38,131,0,2,356,808,938,-3338,6,下位,0,66,0
689,689,0,126,335,0,0,0,640,131,-4255,1,下位,0,0,0
165,165,0,238,686,0,0,0,689,335,-4997,2,下位,0,0,0
210,210,0,76,281,1,0,0,0,0,1,0,下位,0,0,0
133,133,0,179,461,0,0,0,210,281,-47,1,下位,0,0,0
73,73,0,-6,-23,0,0,0,133,461,206,3,下位,0,0,0
359,359,0,-6,-23,0,1,73,133,461,206,3,下位,0,73,0
52,52,0,361,778,0,2,432,133,461,206,3,下位,0,359,0
70,70,0,-6,-23,0,0,0,484,778,180,5,下位,0,0,0
75,75,0,428,1122,0,1,70,484,778,180,5,下位,0,70,0
62,62,0,75,274,0,0,0,145,1122,1051,5,下位,0,0,0
119,119,0,-6,-23,0,0,0,62,274,1228,1,下位,0,0,0
400,400,0,338,679,0,1,119,62,274,1228,1,下位,0,119,0
272,272,0,108,262,0,0,0,519,679,1073,5,下位,0,0,0
150,150,0,-6,-23,0,0,0,272,262,910,2,下位,0,0,0
218,218,0,-6,-23,0,1,150,272,262,910,2,下位,0,150,0
342,342,0,130,400,0,2,368,272,262,910,2,下位,0,218,0
442,442,0,54,196,0,0,0,710,400,153,2,下位,0,0,0
161,161,0,-6,-23,0,0,0,442,196,-342,1,下位,0,0,0
165,165,0,137,406,0,1,161,442,196,-342,1,下位,0,161,0
465,465,0,148,438,0,0,0,326,406,-469,2,下位,0,0,0
396,396,0,-6,-23,0,0,0,465,438,-758,2,下位,0,0,0
177,177,0,58,209,0,1,396,465,438,-758,2,下位,0,396,0
503,503,0,332,719,0,0,0,573,209,-1468,1,下位,0,0,0
428,428,0,-6,-23,1,0,0,0,0,1,0,下位,0,0,0
301,301,0,166,399,1,1,428,0,0,1,0,下位,0,428,0
182,182,0,-6,-23,0,0,0,729,399,-763,3,下位,0,0,0
199,199,0,58,206,0,1,182,729,399,-763,3,下位,0,182,0
214,214,0,1468,4162,0,0,0,381,206,-1176,1,下位,0,0,0
536,536,0,-6,-23,0,0,0,214,4162,230,17,上位,0,0,0
312,312,0,-6,-23,0,1,536,214,4162,230,17,上位,0,536,0
70,70,0,359,846,0,2,848,214,4162,230,17,上位,0,312,0
272,272,0,27,75,0,0,0,918,846,-406,4,下位,0,0,0
170,170,0,702,1547,0,0,0,272,75,-756,1,下位,0,0,0
480,480,0,42,147,0,0,0,170,1547,525,9,下位,0,0,0
259,259,0,-6,-23,0,0,0,480,147,-78,1,下位,0,0,0
64,64,0,55,200,0,1,259,480,147,-78,1,下位,0,259,0
514,514,0,124,354,0,0,0,323,200,-406,1,下位,0,0,0
254,254,0,35,119,1,0,0,0,0,1,0,下位,0,0,0
382,382,0,686,1511,0,0,0,254,119,-277,1,下位,0,0,0
174,174,0,-6,-23,0,0,0,382,1511,637,10,下位,0,0,0
660,660,0,598,1264,0,1,174,382,1511,637,10,下位,0,174,0
232,232,0,-6,-23,0,0,0,834,1264,574,9,下位,0,0,0
307,307,0,177,451,0,1,232,834,1264,574,9,下位,0,232,0
420,420,0,-6,-23,0,0,0,539,451,159,3,下位,0,0,0
110,110,0,-6,-23,0,1,420,539,451,159,3,下位,0,420,0
228,228,0,62,225,0,2,530,539,451,159,3,下位,0,110,0
393,393,0,44,146,0,0,0,758,225,-848,1,下位,0,0,0
319,319,0,-6,-23,0,0,0,393,146,-1317,1,下位,0,0,0
85,85,0,-6,-23,0,1,319,393,146,-1317,1,下位,0,319,0
311,311,0,724,1528,0,2,404,393,146,-1317,1,下位,0,85,0
509,509,0,-6,-23,0,0,0,715,1528,-953,10,下位,0,0,0
189,189,0,249,578,0,1,509,715,1528,-953,10,下位,0,509,0
444,444,0,-6,-23,0,0,0,698,578,-1490,4,下位,0,0,0
93,93,0,60,213,0,1,444,698,578,-1490,4,下位,0,444,0
285,285,0,202,421,0,0,0,537,213,-2140,1,下位,0,0,0
335,335,0,-6,-23,1,0,0,0,0,1,0,下位,0,0,0
345,345,0,676,1304,1,1,335,0,0,1,0,下位,0,335,0
377,377,0,436,1115,0,0,0,680,1304,219,10,下位,0,0,0
173,173,0,-6,-23,0,0,0,377,1115,744,5,下位,0,0,0
377,377,0,-6,-23,0,1,173,377,1115,744,5,下位,0,173,0
398,398,0,237,487,0,2,550,377,1115,744,5,下位,0,377,0
543,543,0,-6,-23,0,0,0,948,487,-297,3,下位,0,0,0
97,97,0,-6,-23,0,1,543,948,487,-297,3,下位,0,543,0
553,553,0,267,682,0,2,640,948,487,-297,3,下位,0,97,0
384,384,0,2182,5989,0,0,0,1193,682,-1527,4,下位,0,0,0
587,587,0,-6,-23,0,0,0,384,5989,259,24,上位,0,0,0
149,149,0,218,548,0,1,587,384,5989,259,24,上位,0,587,0
502,502,0,700,1557,0,0,0,736,548,-367,3,下位,0,0,0
530,530,0,-6,-23,1,0,0,0,0,1,0,下位,0,0,0
126,126,0,-6,-23,1,1,530,0,0,1,0,下位,0,530,0
287,287,0,-6,-23,1,2,656,0,0,1,0,下位,0,126,0
225,225,0,410,853,1,3,943,0,0,1,0,下位,0,287,0
176,176,0,540,1086,0,0,0,1168,853,-1041,6,下位,0,0,0
413,413,0,-6,-23,0,0,0,176,1086,-230,8,下位,0,0,0
265,265,0,-6,-23,0,1,413,176,1086,-230,8,下位,0,413,0
197,197,0,113,314,0,2,678,176,1086,-230,8,下位,0,265,0
238,238,0,-6,-23,0,0,0,875,314,-1330,2,下位,0,0,0
243,243,0,45,124,0,1,238,875,314,-1330,2,下位,0,238,0
171,171,0,-6,-23,0,0,0,481,124,-1981,1,下位,0,0,0
155,155,0,107,266,0,1,171,481,124,-1981,1,下位,0,171,0
375,375,0,120,325,0,0,0,326,266,-2248,2,下位,0,0,0
257,257,0,-6,-23,0,0,0,375,325,-2509,2,下位,0,0,0
111,111,0,-6,-23,0,1,257,375,325,-2509,2,下位,0,257,0
139,139,0,-6,-23,0,2,368,375,325,-2509,2,下位,0,111,0
296,296,0,26,84,0,3,507,375,325,-2509,2,下位,0,139,0
175,175,0,-6,-23,0,0,0,803,84,-3751,1,下位,0,0,0
386,386,0,1006,2504,0,1,175,803,84,-3751,1,下位,0,175,0
388,388,0,221,572,0,0,0,561,2504,-2148,12,下位,0,0,0
106,106,0,76,276,1,0,0,0,0,1,0,下位,0,0,0
113,113,0,-6,-23,0,0,0,106,276,111,1,下位,0,0,0
216,216,0,61,212,0,1,113,106,276,111,1,下位,0,113,0
301,301,0,-6,-23,0,0,0,329,212,-215,1,下位,0,0,0
459,459,0,216,572,0,1,301,329,212,-215,1,下位,0,301,0
138,138,0,136,426,0,0,0,760,572,-856,3,下位,0,0,0
534,534,0,91,344,0,0,0,138,426,-646,2,下位,0,0,0
149,149,0,-6,-23,0,0,0,534,344,-1137,1,下位,0,0,0
635,635,0,-6,-23,0,1,149,534,344,-1137,1,下位,0,149,0
311,311,0,297,552,0,2,784,534,344,-1137,1,下位,0,635,0
332,332,0,89,336,0,0,0,1095,552,-2344,4,下位,0,0,0
508,508,0,215,399,0,0,0,332,336,-2527,1,下位,0,0,0
368,368,0,-6,-23,0,0,0,508,399,-2922,3,下位,0,0,0
267,267,0,117,324,0,1,368,508,399,-2922,3,下位,0,368,0
145,145,0,-6,-23,0,0,0,635,324,-3614,2,下位,0,0,0
169,169,0,-6,-23,0,1,145,635,324,-3614,2,下位,0,145,0
597,597,0,-6,-23,0,2,314,635,324,-3614,2,下位,0,169,0
93,93,0,102,283,0,3,911,635,324,-3614,2,下位,0,597,0
463,463,0,30,97,0,0,0,1004,283,-4971,2,下位,0,0,0
182,182,0,35,120,1,0,0,0,0,1,0,下位,0,0,0
221,221,0,284,592,0,0,0,182,120,-164,1,下位,0,0,0
259,259,0,-6,-23,0,0,0,221,592,82,4,下位,0,0,0
210,210,0,210,501,0,1,259,221,592,82,4,下位,0,259,0
112,112,0,-6,-23,0,0,0,469,501,-174,3,下位,0,0,0
68,68,0,-6,-23,0,1,112,469,501,-174,3,下位,0,112,0
440,440,0,-6,-23,0,2,180,469,501,-174,3,下位,0,68,0
426,426,0,60,220,0,3,620,469,501,-174,3,下位,0,440,0
104,104,0,192,488,0,0,0,1046,220,-1659,1,下位,0,0,0
62,62,0,166,488,0,0,0,104,488,-1334,3,下位,0,0,0
259,259,0,642,1526,0,0,0,62,488,-943,2,下位,0,0,0
276,276,0,-6,-23,1,0,0,0,0,1,0,下位,0,0,0
249,249,0,122,313,1,1,276,0,0,1,0,下位,0,276,0
129,129,0,36,100,0,0,0,525,313,-530,2,下位,0,0,0
271,271,0,-6,-23,0,0,0,129,100,-632,1,下位,0,0,0
380,380,0,138,353,0,1,271,129,100,-632,1,下位,0,271,0
144,144,0,59,209,0,0,0,651,353,-1320,2,下位,0,0,0
325,325,0,129,367,0,0,0,144,209,-1336,1,下位,0,0,0
391,391,0,-6,-23,0,0,0,325,367,-1477,2,下位,0,0,0
208,208,0,75,269,0,1,391,325,367,-1477,2,下位,0,391,0
65,65,0,983,2358,0,0,0,599,269,-2167,1,下位,0,0,0
65,65,0,59,209,0,0,0,65,2358,89,12,下位,0,0,0
422,422,0,148,385,0,0,0,65,209,196,1,下位,0,0,0
447,447,0,-6,-23,1,0,0,0,0,1,0,下位,0,0,0
107,107,0,37,126,1,1,447,0,0,1,0,下位,0,447,0
179,179,0,37,126,0,0,0,554,126,-763,1,下位,0,0,0
550,550,0,-6,-23,0,0,0,179,126,-917,1,下位,0,0,0
102,102,0,-6,-23,0,1,550,179,126,-917,1,下位,0,550,0
300,300,0,-6,-23,0,2,652,179,126,-917,1,下位,0,102,0
87,87,0,207,526,0,3,952,179,126,-917,1,下位,0,300,0
498,498,0,-6,-23,0,0,0,1039,526,-2086,3,下位,0,0,0
108,108,0,56,199,0,1,498,1039,526,-2086,3,下位,0,498,0
389,389,0,38,132,0,0,0,606,199,-2858,1,下位,0,0,0
260,260,0,-6,-23,0,0,0,389,132,-3334,1,下位,0,0,0
134,134,0,-6,-23,0,1,260,389,132,-3334,1,下位,0,260,0
587,587,0,35,113,0,2,394,389,132,-3334,1,下位,0,134,0
190,190,0,88,331,0,0,0,981,113,-4802,1,下位,0,0,0
129,129,0,312,638,1,0,0,0,0,1,0,下位,0,0,0
276,276,0,58,193,0,0,0,129,638,437,4,下位,0,0,0
551,551,0,70,219,0,0,0,276,193,198,1,下位,0,0,0
384,384,0,370,963,0,0,0,551,219,-444,1,下位,0,0,0
116,116,0,-6,-23,0,0,0,384,963,-81,4,下位,0,0,0
284,284,0,-6,-23,0,1,116,384,963,-81,4,下位,0,116,0
240,240,0,334,666,0,2,400,384,963,-81,4,下位,0,284,0
175,175,0,161,479,0,0,0,640,666,-462,5,下位,0,0,0
156,156,0,62,221,0,0,0,175,479,-257,2,下位,0,0,0
122,122,0,92,236,0,0,0,156,221,-280,1,下位,0,0,0
217,217,0,112,309,0,0,0,122,236,-235,2,下位,0,0,0
518,518,0,40,132,0,0,0,217,309,-266,2,下位,0,0,0
497,497,0,-6,-23,0,0,0,518,132,-944,1,下位,0,0,0
417,417,0,-6,-23,0,1,497,518,132,-944,1,下位,0,497,0
275,275,0,70,260,0,2,914,518,132,-944,1,下位,0,417,0
179,179,0,110,322,1,0,0,0,0,1,0,下位,0,0,0
103,103,0,96,359,0,0,0,179,322,43,2,下位,0,0,0
437,437,0,734,1737,0,0,0,103,359,241,1,下位,0,0,0
255,255,0,49,180,0,0,0,437,1737,1295,9,下位,0,0,0
167,167,0,1455,3781,0,0,0,255,180,1076,1,下位,0,0,0
1,1,0,-6,-23,0,0,0,167,3781,537,18,上位,0,0,0
218,218,0,41,127,0,1,1,167,3781,537,18,上位,0,1,0
146,146,0,182,561,0,0,0,219,127,298,1,下位,0,0,0
223,223,0,-6,-23,0,0,0,146,561,630,2,下位,0,0,0
63,63,0,118,299,0,1,223,146,561,630,2,下位,0,223,0
100,100,0,46,169,0,0,0,286,299,458,2,下位,0,0,0
514,514,0,78,296,0,0,0,100,169,470,1,下位,0,0,0
454,454,0,-6,-23,0,0,0,514,296,-38,1,下位,0,0,0
562,562,0,-6,-23,0,1,454,514,296,-38,1,下位,0,454,0
69,69,0,49,179,0,2,1016,514,296,-38,1,下位,0,562,0
125,125,0,51,176,0,0,0,1085,179,-1602,1,下位,0,0,0
265,265,0,63,232,1,0,0,0,0,1,0,下位,0,0,0
314,314,0,279,708,0,0,0,265,232,-181,1,下位,0,0,0
100,100,0,-6,-23,0,0,0,314,708,36,4,下位,0,0,0
100,100,0,57,180,0,1,100,314,708,36,4,下位,0,100,0
448,448,0,274,656,0,0,0,200,180,-121,1,下位,0,0,0
256,256,0,82,305,1,0,0,0,0,1,0,下位,0,0,0
161,161,0,-6,-23,0,0,0,256,305,-94,1,下位,0,0,0
140,140,0,27,82,0,1,161,256,305,-94,1,下位,0,161,0
150,150,0,221,694,0,0,0,301,82,-506,1,下位,0,0,0
161,161,0,628,1318,0,0,0,150,694,-47,3,下位,0,0,0
577,577,0,-6,-23,0,0,0,161,1318,1019,10,下位,0,0,0
453,453,0,80,304,0,1,577,161,1318,1019,10,下位,0,577,0
80,80,0,56,204,0,0,0,1030,304,-310,1,下位,0,0,0
434,434,0,-6,-23,0,0,0,80,204,-231,1,下位,0,0,0
169,169,0,86,324,0,1,434,80,204,-231,1,下位,0,434,0
400,400,0,104,299,0,0,0,603,324,-873,1,下位,0,0,0
484,484,0,165,555,0,0,0,400,299,-1199,2,下位,0,0,0
155,155,0,38,134,0,0,0,484,555,-1401,2,下位,0,0,0
214,214,0,-6,-23,0,0,0,155,134,-1510,1,下位,0,0,0
322,322,0,72,272,0,1,214,155,134,-1510,1,下位,0,214,0
87,87,0,530,1249,0,0,0,536,272,-2100,1,下位,0,0,0
122,122,0,512,1224,0,0,0,87,1249,-987,6,下位,0,0,0
318,318,0,56,195,1,0,0,0,0,1,0,下位,0,0,0
297,297,0,-6,-23,0,0,0,318,195,-301,1,下位,0,0,0
225,225,0,-6,-23,0,1,297,318,195,-301,1,下位,0,297,0
437,437,0,-6,-23,0,2,522,318,195,-301,1,下位,0,225,0
111,111,0,665,1521,0,3,959,318,195,-301,1,下位,0,437,0
397,397,0,62,222,0,0,0,1070,1521,-521,8,下位,0,0,0
378,378,0,-6,-23,0,0,0,397,222,-920,1,下位,0,0,0
166,166,0,-6,-23,0,1,378,397,222,-920,1,下位,0,378,0
147,147,0,636,1505,0,2,544,397,222,-920,1,下位,0,166,0
340,340,0,-6,-23,0,0,0,691,1505,-542,9,下位,0,0,0
228,228,0,29,95,0,1,340,691,1505,-542,9,下位,0,340,0
531,531,0,181,531,0,0,0,568,95,-1359,1,下位,0,0,0
631,631,0,-6,-23,0,0,0,531,531,-1658,2,下位,0,0,0
373,373,0,-6,-23,0,1,631,531,531,-1658,2,下位,0,631,0
547,547,0,-6,-23,0,2,1004,531,531,-1658,2,下位,0,373,0
132,132,0,118,363,0,3,1551,531,531,-1658,2,下位,0,547,0
358,358,0,-6,-23,1,0,0,0,0,1,0,下位,0,0,0
380,380,0,-6,-23,1,1,358,0,0,1,0,下位,0,358,0
168,168,0,369,848,1,2,738,0,0,1,0,下位,0,380,0
75,75,0,234,514,0,0,0,906,848,-614,5,下位,0,0,0
267,267,0,272,637,0,0,0,75,514,-218,4,下位,0,0,0
69,69,0,-6,-23,0,0,0,267,637,1,4,下位,0,0,0
354,354,0,58,204,0,1,69,267,637,1,4,下位,0,69,0
219,219,0,282,692,0,0,0,423,204,-480,1,下位,0,0,0
62,62,0,1828,5527,0,0,0,219,692,-131,4,下位,0,0,0
573,573,0,186,597,0,0,0,62,5527,283,20,上位,0,0,0
210,210,0,-6,-23,0,0,0,573,597,-16,2,下位,0,0,0
252,252,0,838,1913,0,1,210,573,597,-16,2,下位,0,210,0
163,163,0,-6,-23,0,0,0,462,1913,1151,11,下位,0,0,0
177,177,0,73,270,0,1,163,462,1913,1151,11,下位,0,163,0
379,379,0,135,390,0,0,0,340,270,866,1,下位,0,0,0
149,149,0,-6,-23,1,0,0,0,0,1,0,下位,0,0,0
148,148,0,427,946,1,1,149,0,0,1,0,下位,0,149,0
160,160,0,-6,-23,0,0,0,297,946,458,5,下位,0,0,0
194,194,0,58,206,0,1,160,297,946,458,5,下位,0,160,0
66,66,0,-6,-23,0,0,0,354,206,87,1,下位,0,0,0
418,418,0,36,121,0,1,66,354,206,87,1,下位,0,66,0
471,471,0,-6,-23,0,0,0,484,121,-573,1,下位,0,0,0
236,236,0,-6,-23,0,1,471,484,121,-573,1,下位,0,471,0
289,289,0,-6,-23,0,2,707,484,121,-573,1,下位,0,236,0
361,361,0,114,318,0,3,996,484,121,-573,1,下位,0,289,0
197,197,0,-6,-23,0,0,0,1357,318,-2445,2,下位,0,0,0
69,69,0,-6,-23,0,1,197,1357,318,-2445,2,下位,0,197,0
538,538,0,-6,-23,0,2,266,1357,318,-2445,2,下位,0,69,0
81,81,0,48,171,0,3,804,1357,318,-2445,2,下位,0,538,0
180,180,0,-6,-23,0,0,0,885,171,-3727,1,下位,0,0,0
427,427,0,380,748,0,1,180,885,171,-3727,1,下位,0,180,0
241,241,0,-6,-23,0,0,0,607,748,-3952,5,下位,0,0,0
112,112,0,634,1332,0,1,241,607,748,-3952,5,下位,0,241,0
348,348,0,57,202,0,0,0,353,1332,-3195,10,下位,0,0,0
184,184,0,-6,-23,1,0,0,0,0,1,0,下位,0,0,0
391,391,0,47,168,1,1,184,0,0,1,0,下位,0,184,0
412,412,0,55,198,0,0,0,575,168,-753,1,下位,0,0,0
410,410,0,59,210,0,0,0,412,198,-1199,1,下位,0,0,0
312,312,0,99,234,0,0,0,410,210,-1630,1,下位,0,0,0
424,424,0,-6,-23,0,0,0,312,234,-1884,2,下位,0,0,0
400,400,0,592,1319,0,1,424,312,234,-1884,2,下位,0,424,0
484,484,0,131,396,0,0,0,824,1319,-1875,8,下位,0,0,0
239,239,0,139,383,0,0,0,484,396,-2236,2,下位,0,0,0
64,64,0,738,1685,0,0,0,239,383,-2227,2,下位,0,0,0
557,557,0,58,209,0,0,0,64,1685,-642,9,下位,0,0,0
157,157,0,-6,-23,0,0,0,557,209,-1304,1,下位,0,0,0
301,301,0,60,221,0,1,157,557,209,-1304,1,下位,0,157,0
70,70,0,22,63,0,0,0,458,221,-1823,1,下位,0,0,0
360,360,0,-6,-23,1,0,0,0,0,1,0,下位,0,0,0
412,412,0,-6,-23,1,1,360,0,0,1,0,下位,0,360,0
166,166,0,-6,-23,1,2,772,0,0,1,0,下位,0,412,0
217,217,0,36,123,1,3,938,0,0,1,0,下位,0,166,0
170,170,0,120,321,0,0,0,1155,123,-1752,1,下位,0,0,0
427,427,0,-6,-23,0,0,0,170,321,-1697,2,下位,0,0,0
416,416,0,-6,-23,0,1,427,170,321,-1697,2,下位,0,427,0
652,652,0,-6,-23,0,2,843,170,321,-1697,2,下位,0,416,0
139,139,0,120,335,0,3,1495,170,321,-1697,2,下位,0,652,0
92,92,0,41,136,0,0,0,1634,335,-3986,2,下位,0,0,0
232,232,0,-6,-23,0,0,0,92,136,-3994,1,下位,0,0,0
180,180,0,-6,-23,0,1,232,92,136,-3994,1,下位,0,232,0
212,212,0,-6,-23,0,2,412,92,136,-3994,1,下位,0,180,0
194,194,0,40,121,0,3,624,92,136,-3994,1,下位,0,212,0
267,267,0,56,199,0,0,0,818,121,-5223,1,下位,0,0,0
262,262,0,61,211,0,0,0,267,199,-5442,1,下位,0,0,0
194,194,0,62,223,1,0,0,0,0,1,0,下位,0,0,0
107,107,0,223,608,0,0,0,194,223,-80,1,下位,0,0,0
417,417,0,29,89,0,0,0,107,608,360,3,下位,0,0,0
173,173,0,-6,-23,0,0,0,417,89,-203,1,下位,0,0,0
208,208,0,287,562,0,1,173,417,89,-203,1,下位,0,173,0
571,571,0,-6,-23,0,0,0,381,562,-260,4,下位,0,0,0
137,137,0,-6,-23,0,1,571,381,562,-260,4,下位,0,571,0
385,385,0,338,773,0,2,708,381,562,-260,4,下位,0,137,0
140,140,0,202,538,0,0,0,1093,773,-1243,4,下位,0,0,0
171,171,0,496,1139,0,0,0,140,538,-924,3,下位,0,0,0
635,635,0,-6,-23,0,0,0,171,1139,-53,6,下位,0,0,0
219,219,0,473,926,0,1,635,171,1139,-53,6,下位,0,635,0
273,273,0,-6,-23,0,0,0,854,926,-486,7,下位,0,0,0
266,266,0,494,992,0,1,273,854,926,-486,7,下位,0,273,0
594,594,0,248,670,0,0,0,539,992,-360,7,下位,0,0,0
281,281,0,58,181,0,0,0,594,670,-619,3,下位,0,0,0
361,361,0,-6,-23,1,0,0,0,0,1,0,下位,0,0,0
371,371,0,330,639,1,1,361,0,0,1,0,下位,0,361,0
405,405,0,131,397,0,0,0,732,639,-527,5,下位,0,0,0
409,409,0,-6,-23,0,0,0,405,397,-763,2,下位,0,0,0
110,110,0,-6,-23,0,1,409,405,397,-763,2,下位,0,409,0
262,262,0,-6,-23,0,2,519,405,397,-763,2,下位,0,110,0
255,255,0,55,198,0,3,781,405,397,-763,2,下位,0,262,0
142,142,0,436,1030,0,0,0,1036,198,-2255,1,下位,0,0,0
114,114,0,35,119,0,0,0,142,1030,-1446,6,下位,0,0,0
79,79,0,-6,-23,0,0,0,114,119,-1506,1,下位,0,0,0
422,422,0,321,739,0,1,79,114,119,-1506,1,下位,0,79,0
407,407,0,-6,-23,0,0,0,501,739,-1574,4,下位,0,0,0
142,142,0,-6,-23,0,1,407,501,739,-1574,4,下位,0,407,0
138,138,0,264,560,0,2,549,501,739,-1574,4,下位,0,142,0
192,192,0,155,438,1,0,0,0,0,1,0,下位,0,0,0
343,343,0,-6,-23,0,0,0,192,438,139,2,下位,0,0,0
255,255,0,156,489,0,1,343,192,438,139,2,下位,0,343,0
654,654,0,1554,3957,0,0,0,598,489,-330,2,下位,0,0,0
642,642,0,-6,-23,0,0,0,654,3957,226,21,上位,0,0,0
121,121,0,-6,-23,0,1,642,654,3957,226,21,上位,0,642,0
335,335,0,-6,-23,0,2,763,654,3957,226,21,上位,0,121,0
269,269,0,109,275,0,3,1098,654,3957,226,21,上位,0,335,0
391,391,0,-6,-23,0,0,0,1367,275,-1707,2,下位,0,0,0
388,388,0,-6,-23,0,1,391,1367,275,-1707,2,下位,0,391,0
156,156,0,53,192,0,2,779,1367,275,-1707,2,下位,0,388,0
368,368,0,118,331,1,0,0,0,0,1,0,下位,0,0,0
192,192,0,481,1018,0,0,0,368,331,-243,2,下位,0,0,0
494,494,0,165,351,0,0,0,192,1018,474,7,下位,0,0,0
139,139,0,174,552,0,0,0,494,351,53,2,下位,0,0,0
255,255,0,1215,3390,0,0,0,139,552,387,2,下位,0,0,0
663,663,0,280,666,0,0,0,255,3390,565,14,上位,0,0,0
310,310,0,-6,-23,0,0,0,663,666,194,4,下位,0,0,0
283,283,0,136,333,0,1,310,663,666,194,4,下位,0,310,0
428,428,0,-6,-23,0,0,0,593,333,-424,2,下位,0,0,0
197,197,0,-6,-23,0,1,428,593,333,-424,2,下位,0,428,0
216,216,0,137,421,0,2,625,593,333,-424,2,下位,0,197,0
310,310,0,-6,-23,0,0,0,841,421,-1364,2,下位,0,0,0
305,305,0,-6,-23,0,1,310,841,421,-1364,2,下位,0,310,0
247,247,0,59,209,0,2,615,841,421,-1364,2,下位,0,305,0
410,410,0,90,244,0,0,0,862,209,-2549,1,下位,0,0,0
194,194,0,40,137,0,0,0,410,244,-2946,2,下位,0,0,0
120,120,0,411,883,0,0,0,194,137,-3113,1,下位,0,0,0
402,402,0,-6,-23,1,0,0,0,0,1,0,下位,0,0,0
374,374,0,-6,-23,1,1,402,0,0,1,0,下位,0,402,0
127,127,0,90,338,1,2,776,0,0,1,0,下位,0,374,0
359,359,0,-6,-23,0,0,0,903,338,-1120,1,下位,0,0,0
60,60,0,-6,-23,0,1,359,903,338,-1120,1,下位,0,359,0
56,56,0,79,274,0,2,419,903,338,-1120,1,下位,0,60,0
601,601,0,-6,-23,0,0,0,475,274,-1636,1,下位,0,0,0
540,540,0,152,422,0,1,601,475,274,-1636,1,下位,0,601,0
160,160,0,-6,-23,1,0,0,0,0,1,0,下位,0,0,0
442,442,0,-6,-23,1,1,160,0,0,1,0,下位,0,160,0
548,548,0,-6,-23,1,2,602,0,0,1,0,下位,0,442,0
283,283,0,138,410,1,3,1150,0,0,1,0,下位,0,548,0
193,193,0,27,88,0,0,0,1433,410,-1899,2,下位,0,0,0
119,119,0,-6,-23,0,0,0,193,88,-2113,1,下位,0,0,0
311,311,0,56,192,0,1,119,193,88,-2113,1,下位,0,119,0
334,334,0,327,717,0,0,0,430,192,-2616,1,下位,0,0,0
468,468,0,-6,-23,0,0,0,334,717,-2421,4,下位,0,0,0
119,119,0,42,145,0,1,468,334,717,-2421,4,下位,0,468,0
465,465,0,56,204,1,0,0,0,0,1,0,下位,0,0,0
87,87,0,-6,-23,0,0,0,465,204,-522,1,下位,0,0,0
78,78,0,37,109,0,1,87,465,204,-522,1,下位,0,87,0
326,326,0,-6,-23,0,0,0,165,109,-694,1,下位,0,0,0
239,239,0,162,530,0,1,326,165,109,-694,1,下位,0,326,0
284,284,0,-6,-23,0,0,0,565,530,-1071,2,下位,0,0,0
140,140,0,-6,-23,0,1,284,565,530,-1071,2,下位,0,284,0
40,40,0,148,425,0,2,424,565,530,-1071,2,下位,0,140,0
148,148,0,-6,-23,0,0,0,464,425,-1418,2,下位,0,0,0
173,173,0,-6,-23,0,1,148,464,425,-1418,2,下位,0,148,0
81,81,0,44,153,0,2,321,464,425,-1418,2,下位,0,173,0
624,624,0,-6,-23,0,0,0,402,153,-1941,1,下位,0,0,0
124,124,0,-6,-23,0,1,624,402,153,-1941,1,下位,0,624,0
121,121,0,402,944,0,2,748,402,153,-1941,1,下位,0,124,0
274,274,0,-6,-23,0,0,0,869,944,-2401,5,下位,0,0,0
318,318,0,286,559,0,1,274,869,944,-2401,5,下位,0,274,0
626,626,0,123,360,0,0,0,592,559,-2791,4,下位,0,0,0
524,524,0,59,214,0,0,0,626,360,-3410,2,下位,0,0,0
316,316,0,-6,-23,0,0,0,524,214,-4015,1,下位,0,0,0
97,97,0,56,195,0,1,316,524,214,-4015,1,下位,0,316,0
371,371,0,1228,3116,1,0,0,0,0,1,0,下位,0,0,0
297,297,0,886,2039,0,0,0,371,3116,305,16,上位,0,0,0
169,169,0,-6,-23,0,0,0,297,2039,1881,11,下位,0,0,0
532,532,0,1351,3502,0,1,169,297,2039,1881,11,下位,0,169,0
150,150,0,-6,-23,0,0,0,701,3502,538,16,上位,0,0,0
584,584,0,119,352,0,1,150,701,3502,538,16,上位,0,150,0
155,155,0,195,531,0,0,0,734,352,-281,2,下位,0,0,0
528,528,0,38,132,0,0,0,155,531,7,3,下位,0,0,0
490,490,0,-6,-23,1,0,0,0,0,1,0,下位,0,0,0
202,202,0,-6,-23,1,1,490,0,0,1,0,下位,0,490,0
306,306,0,38,132,1,2,692,0,0,1,0,下位,0,202,0
380,380,0,172,549,0,0,0,998,132,-1474,1,下位,0,0,0
189,189,0,-6,-23,0,0,0,380,549,-1519,2,下位,0,0,0
418,418,0,418,809,0,1,189,380,549,-1519,2,下位,0,189,0
570,570,0,206,514,0,0,0,607,809,-1683,6,下位,0,0,0
402,402,0,-6,-23,0,0,0,570,514,-2060,3,下位,0,0,0
450,450,0,382,930,0,1,402,570,514,-2060,3,下位,0,402,0
468,468,0,155,447,0,0,0,852,930,-2486,5,下位,0,0,0
390,390,0,53,191,1,0,0,0,0,1,0,下位,0,0,0
472,472,0,-6,-23,0,0,0,390,191,-418,1,下位,0,0,0
355,355,0,-6,-23,0,1,472,390,191,-418,1,下位,0,472,0
351,351,0,-6,-23,0,2,827,390,191,-418,1,下位,0,355,0
109,109,0,100,303,0,3,1178,390,191,-418,1,下位,0,351,0
83,83,0,-6,-23,0,0,0,1287,303,-2197,2,下位,0,0,0
300,300,0,46,151,0,1,83,1287,303,-2197,2,下位,0,83,0
211,211,0,-6,-23,0,0,0,383,151,-2668,1,下位,0,0,0
168,168,0,37,127,0,1,211,383,151,-2668,1,下位,0,211,0
268,268,0,118,374,0,0,0,379,127,-3157,1,下位,0,0,0
205,205,0,55,200,1,0,0,0,0,1,0,下位,0,0,0
167,167,0,1086,2931,0,0,0,205,200,-120,1,下位,0,0,0
543,543,0,40,114,0,0,0,167,2931,220,13,上位,0,0,0
551,551,0,121,320,0,0,0,543,114,-514,1,下位,0,0,0
186,186,0,209,536,0,0,0,551,320,-1055,2,下位,0,0,0
416,416,0,-6,-23,0,0,0,186,536,-810,3,下位,0,0,0
417,417,0,-6,-23,0,1,416,186,536,-810,3,下位,0,416,0
396,396,0,56,205,0,2,833,186,536,-810,3,下位,0,417,0
474,474,0,26,81,0,0,0,1229,205,-2572,1,下位,0,0,0
93,93,0,182,562,1,0,0,0,0,1,0,下位,0,0,0
462,462,0,83,288,0,0,0,93,562,417,2,下位,0,0,0
432,432,0,-6,-23,0,0,0,462,288,-16,1,下位,0,0,0
225,225,0,889,2062,0,1,432,462,288,-16,1,下位,0,432,0
226,226,0,-6,-23,0,0,0,657,2062,996,11,下位,0,0,0
180,180,0,-6,-23,0,1,226,657,2062,996,11,下位,0,226,0
480,480,0,-6,-23,0,2,406,657,2062,996,11,下位,0,180,0
157,157,0,274,776,0,3,886,657,2062,996,11,下位,0,480,0
392,392,0,-6,-23,0,0,0,1043,776,71,3,下位,0,0,0
289,289,0,74,274,0,1,392,1043,776,71,3,下位,0,392,0
167,167,0,116,326,1,0,0,0,0,1,0,下位,0,0,0
365,365,0,-6,-23,0,0,0,167,326,66,2,下位,0,0,0
449,449,0,-6,-23,0,1,365,167,326,66,2,下位,0,365,0
226,226,0,172,392,0,2,814,167,326,66,2,下位,0,449,0
270,270,0,-6,-23,0,0,0,1040,392,-1215,2,下位,0,0,0
262,262,0,78,283,0,1,270,1040,392,-1215,2,下位,0,270,0
196,196,0,-6,-23,0,0,0,532,283,-1787,1,下位,0,0,0
225,225,0,63,230,0,1,196,532,283,-1787,1,下位,0,196,0
174,174,0,41,120,0,0,0,421,230,-2239,1,下位,0,0,0
333,333,0,-6,-23,0,0,0,174,120,-2392,1,下位,0,0,0
125,125,0,39,128,0,1,333,174,120,-2392,1,下位,0,333,0
571,571,0,-6,-23,0,0,0,458,128,-3004,1,下位,0,0,0
128,128,0,56,203,0,1,571,458,128,-3004,1,下位,0,571,0
291,291,0,122,340,0,0,0,699,203,-3917,1,下位,0,0,0
297,297,0,44,147,0,0,0,291,340,-4032,2,下位,0,0,0
285,285,0,-6,-23,0,0,0,297,147,-4350,1,下位,0,0,0
466,466,0,954,2276,0,1,285,297,147,-4350,1,下位,0,285,0
327,327,0,-6,-23,0,0,0,751,2276,-3272,12,下位,0,0,0
94,94,0,61,190,0,1,327,751,2276,-3272,12,下位,0,327,0
525,525,0,-6,-23,1,0,0,0,0,1,0,下位,0,0,0
343,343,0,-6,-23,1,1,525,0,0,1,0,下位,0,525,0
379,379,0,39,128,1,2,868,0,0,1,0,下位,0,343,0
372,372,0,340,734,0,0,0,1247,128,-1867,1,下位,0,0,0
148,148,0,146,455,0,0,0,372,734,-1714,4,下位,0,0,0
213,213,0,1223,2818,0,0,0,148,455,-1491,2,下位,0,0,0
130,130,0,-6,-23,0,0,0,213,2818,994,16,下位,0,0,0
404,404,0,-6,-23,0,1,130,213,2818,994,16,下位,0,130,0
122,122,0,2580,7331,0,2,534,213,2818,994,16,下位,0,404,0
311,311,0,284,649,0,0,0,656,7331,253,30,上位,0,0,0
349,349,0,-6,-23,1,0,0,0,0,1,0,下位,0,0,0
427,427,0,-6,-23,1,1,349,0,0,1,0,下位,0,349,0
151,151,0,124,332,1,2,776,0,0,1,0,下位,0,427,0
215,215,0,-6,-23,0,0,0,927,332,-1163,2,下位,0,0,0
388,388,0,-6,-23,0,1,215,927,332,-1163,2,下位,0,215,0
94,94,0,57,201,0,2,603,927,332,-1163,2,下位,0,388,0
239,239,0,-6,-23,0,0,0,697,201,-2098,1,下位,0,0,0
178,178,0,418,856,0,1,239,697,201,-2098,1,下位,0,239,0
111,111,0,365,762,0,0,0,417,856,-1918,6,下位,0,0,0
258,258,0,-6,-23,0,0,0,111,762,-1330,5,下位,0,0,0
105,105,0,50,181,0,1,258,111,762,-1330,5,下位,0,258,0
722,722,0,42,146,0,0,0,363,181,-1740,1,下位,0,0,0
242,242,0,-6,-23,0,0,0,722,146,-2723,1,下位,0,0,0
97,97,0,157,446,0,1,242,722,146,-2723,1,下位,0,242,0
395,395,0,1581,4148,0,0,0,339,446,-2831,3,下位,0,0,0
190,190,0,-6,-23,0,0,0,395,4148,699,18,下位,0,0,0
243,243,0,63,224,0,1,190,395,4148,699,18,下位,0,190,0
466,466,0,362,902,1,0,0,0,0,1,0,下位,0,0,0
62,62,0,416,1079,0,0,0,466,902,174,5,下位,0,0,0
338,338,0,1655,4795,0,0,0,62,1079,1156,6,下位,0,0,0
192,192,0,615,1797,0,0,0,338,4795,584,19,上位,0,0,0
326,326,0,200,559,0,0,0,192,1797,-2,8,上位,0,0,0
197,197,0,-6,-23,0,0,0,326,559,47,3,下位,0,0,0
205,205,0,129,392,0,1,197,326,559,47,3,下位,0,197,0
167,167,0,133,371,0,0,0,402,392,-213,2,下位,0,0,0
300,300,0,55,199,0,0,0,167,371,-103,2,下位,0,0,0
166,166,0,-6,-23,0,0,0,300,199,-373,1,下位,0,0,0
233,233,0,483,1157,0,1,166,300,199,-373,1,下位,0,166,0
553,553,0,470,1016,0,0,0,399,1157,136,7,下位,0,0,0
469,469,0,56,191,1,0,0,0,0,1,0,下位,0,0,0
71,71,0,229,608,0,0,0,469,191,-541,1,下位,0,0,0
340,340,0,324,902,0,0,0,71,608,-44,3,下位,0,0,0
261,261,0,189,506,0,0,0,340,902,326,4,下位,0,0,0
190,190,0,-6,-23,0,0,0,261,506,424,3,下位,0,0,0
228,228,0,105,259,0,1,190,261,506,424,3,下位,0,190,0
167,167,0,119,338,0,0,0,418,259,6,2,下位,0,0,0
210,210,0,-6,-23,0,0,0,167,338,83,2,下位,0,0,0
287,287,0,184,412,0,1,210,167,338,83,2,下位,0,210,0
313,313,0,-6,-23,0,0,0,497,412,-306,2,下位,0,0,0
235,235,0,-6,-23,0,1,313,497,412,-306,2,下位,0,313,0
238,238,0,221,651,0,2,548,497,412,-306,2,下位,0,235,0
608,608,0,191,488,0,0,0,786,651,-930,3,下位,0,0,0
210,210,0,-6,-23,0,0,0,608,488,-1392,3,下位,0,0,0
134,134,0,170,356,0,1,210,608,488,-1392,3,下位,0,210,0
478,478,0,256,598,0,0,0,344,356,-1598,3,下位,0,0,0
446,446,0,76,283,1,0,0,0,0,1,0,下位,0,0,0
251,251,0,-6,-23,0,0,0,446,283,-413,1,下位,0,0,0
623,623,0,105,318,0,1,251,446,283,-413,1,下位,0,251,0
491,491,0,338,861,0,0,0,874,318,-1485,2,下位,0,0,0
296,296,0,836,1938,0,0,0,491,861,-1392,5,下位,0,0,0
465,465,0,40,146,0,0,0,296,1938,82,11,下位,0,0,0
401,401,0,-6,-23,1,0,0,0,0,1,0,下位,0,0,0
197,197,0,402,971,1,1,401,0,0,1,0,下位,0,401,0
411,411,0,-6,-23,0,0,0,598,971,14,5,下位,0,0,0
193,193,0,-6,-23,0,1,411,598,971,14,5,下位,0,411,0
418,418,0,1291,3026,0,2,604,598,971,14,5,下位,0,193,0
653,653,0,41,136,0,0,0,1022,3026,1394,17,下位,0,0,0
388,388,0,38,137,0,0,0,653,136,509,1,下位,0,0,0
156,156,0,-6,-23,1,0,0,0,0,1,0,下位,0,0,0
79,79,0,-6,-23,1,1,156,0,0,1,0,下位,0,156,0
208,208,0,58,202,1,2,235,0,0,1,0,下位,0,79,0
582,582,0,318,710,0,0,0,443,202,-536,1,下位,0,0,0
163,163,0,-6,-23,0,0,0,582,710,-736,4,下位,0,0,0
420,420,0,-6,-23,0,1,163,582,710,-736,4,下位,0,163,0
508,508,0,139,403,0,2,583,582,710,-736,4,下位,0,420,0
256,256,0,55,200,0,0,0,1091,403,-2085,2,下位,0,0,0
387,387,0,-6,-23,0,0,0,256,200,-2285,1,下位,0,0,0
416,416,0,209,526,0,1,387,256,200,-2285,1,下位,0,387,0
470,470,0,38,131,0,0,0,803,526,-3036,3,下位,0,0,0
89,89,0,-6,-23,1,0,0,0,0,1,0,下位,0,0,0
163,163,0,-6,-23,1,1,89,0,0,1,0,下位,0,89,0
497,497,0,1402,3484,1,2,252,0,0,1,0,下位,0,163,0
1,1,0,286,947,0,0,0,749,3484,2266,17,下位,0,0,0
247,247,0,161,378,0,0,0,1,947,971,3,下位,0,0,0
419,419,0,-6,-23,0,0,0,247,378,963,3,下位,0,0,0
218,218,0,79,296,0,1,419,247,378,963,3,下位,0,419,0
212,212,0,-6,-23,0,0,0,637,296,240,1,下位,0,0,0
85,85,0,-6,-23,0,1,212,637,296,240,1,下位,0,212,0
281,281,0,202,506,0,2,297,637,296,240,1,下位,0,85,0
313,313,0,-6,-23,0,0,0,578,506,-205,3,下位,0,0,0
40,40,0,265,647,0,1,313,578,506,-205,3,下位,0,313,0
365,365,0,-6,-23,1,0,0,0,0,1,0,下位,0,0,0
338,338,0,-6,-23,1,1,365,0,0,1,0,下位,0,365,0
121,121,0,-6,-23,1,2,703,0,0,1,0,下位,0,338,0
320,320,0,42,141,1,3,824,0,0,1,0,下位,0,121,0
178,178,0,60,211,0,0,0,1144,141,-1717,1,下位,0,0,0
580,580,0,129,314,0,0,0,178,211,-1785,1,下位,0,0,0
312,312,0,-6,-23,0,0,0,580,314,-2378,2,下位,0,0,0
449,449,0,-6,-23,0,1,312,580,314,-2378,2,下位,0,312,0
270,270,0,54,200,0,2,761,580,314,-2378,2,下位,0,449,0
680,680,0,60,222,0,0,0,1031,200,-3836,1,下位,0,0,0
600,600,0,36,119,0,0,0,680,222,-4677,1,下位,0,0,0
124,124,0,-6,-23,1,0,0,0,0,1,0,下位,0,0,0
133,133,0,108,282,1,1,124,0,0,1,0,下位,0,124,0
370,370,0,852,2155,0,0,0,257,282,-142,2,下位,0,0,0
226,226,0,-6,-23,0,0,0,370,2155,1433,10,下位,0,0,0
299,299,0,46,157,0,1,226,370,2155,1433,10,下位,0,226,0
379,379,0,375,923,0,0,0,525,157,745,1,下位,0,0,0
420,420,0,556,1157,0,0,0,379,923,1075,5,下位,0,0,0
504,504,0,431,978,0,0,0,420,1157,1575,8,下位,0,0,0
85,85,0,226,497,0,0,0,504,978,1765,6,下位,0,0,0
523,523,0,-6,-23,1,0,0,0,0,1,0,下位,0,0,0
83,83,0,57,184,1,1,523,0,0,1,0,下位,0,523,0
570,570,0,56,210,0,0,0,606,184,-786,1,下位,0,0,0
184,184,0,467,915,0,0,0,570,210,-1467,1,下位,0,0,0
235,235,0,42,140,0,0,0,184,915,-841,7,下位,0,0,0
271,271,0,-6,-23,0,0,0,235,140,-1069,1,下位,0,0,0
166,166,0,-6,-23,0,1,271,235,140,-1069,1,下位,0,271,0
393,393,0,27,87,0,2,437,235,140,-1069,1,下位,0,166,0
155,155,0,40,140,0,0,0,830,87,-2326,1,下位,0,0,0
244,244,0,-6,-23,0,0,0,155,140,-2429,1,下位,0,0,0
405,405,0,-6,-23,0,1,244,155,140,-2429,1,下位,0,244,0
540,540,0,-6,-23,0,2,649,155,140,-2429,1,下位,0,405,0
133,133,0,63,230,0,3,1189,155,140,-2429,1,下位,0,540,0
304,304,0,-6,-23,0,0,0,1322,230,-4335,1,下位,0,0,0
341,341,0,-6,-23,0,1,304,1322,230,-4335,1,下位,0,304,0
211,211,0,62,219,0,2,645,1322,230,-4335,1,下位,0,341,0
405,405,0,-6,-23,0,0,0,856,219,-5500,1,下位,0,0,0
108,108,0,-6,-23,0,1,405,856,219,-5500,1,下位,0,405,0
137,137,0,-6,-23,0,2,513,856,219,-5500,1,下位,0,108,0
560,560,0,37,127,0,3,650,856,219,-5500,1,下位,0,137,0
71,71,0,-6,-23,0,0,0,1210,127,-7334,1,下位,0,0,0
282,282,0,-6,-23,0,1,71,1210,127,-7334,1,下位,0,71,0
110,110,0,-6,-23,0,2,353,1210,127,-7334,1,下位,0,282,0
106,106,0,428,1049,0,3,463,1210,127,-7334,1,下位,0,110,0
407,407,0,51,184,1,0,0,0,0,1,0,下位,0,0,0
68,68,0,61,244,0,0,0,407,184,-451,1,下位,0,0,0
386,386,0,-6,-23,0,0,0,68,244,-313,1,下位,0,0,0
191,191,0,55,194,0,1,386,68,244,-313,1,下位,0,386,0
509,509,0,51,182,0,0,0,577,194,-1045,1,下位,0,0,0
474,474,0,-6,-23,0,0,0,509,182,-1659,1,下位,0,0,0
213,213,0,-6,-23,0,1,474,509,182,-1659,1,下位,0,474,0
94,94,0,60,213,0,2,687,509,182,-1659,1,下位,0,213,0
225,225,0,54,191,0,0,0,781,213,-2713,1,下位,0,0,0
490,490,0,-6,-23,0,0,0,225,191,-2874,1,下位,0,0,0
596,596,0,-6,-23,0,1,490,225,191,-2874,1,下位,0,490,0
188,188,0,-6,-23,0,2,1086,225,191,-2874,1,下位,0,596,0
606,606,0,1174,2886,0,3,1274,225,191,-2874,1,下位,0,188,0
188,188,0,41,149,0,0,0,1880,2886,-2996,13,下位,0,0,0
223,223,0,-6,-23,0,0,0,188,149,-3141,1,下位,0,0,0
343,343,0,118,353,0,1,223,188,149,-3141,1,下位,0,223,0
616,616,0,31,85,1,0,0,0,0,1,0,下位,0,0,0
104,104,0,107,313,0,0,0,616,85,-877,1,下位,0,0,0
576,576,0,142,442,0,0,0,104,313,-727,2,下位,0,0,0
338,338,0,34,115,0,0,0,576,442,-1185,2,下位,0,0,0
140,140,0,54,197,0,0,0,338,115,-1599,1,下位,0,0,0
265,265,0,-6,-23,0,0,0,140,197,-1621,1,下位,0,0,0
381,381,0,153,477,0,1,265,140,197,-1621,1,下位,0,265,0
592,592,0,-6,-23,0,0,0,646,477,-2177,2,下位,0,0,0
122,122,0,131,346,0,1,592,646,477,-2177,2,下位,0,592,0
102,102,0,686,1650,0,0,0,714,346,-2970,2,下位,0,0,0
240,240,0,127,319,1,0,0,0,0,1,0,下位,0,0,0
211,211,0,-6,-23,0,0,0,240,319,-55,2,下位,0,0,0
641,641,0,78,290,0,1,211,240,319,-55,2,下位,0,211,0
132,132,0,-6,-23,0,0,0,852,290,-1120,1,下位,0,0,0
47,47,0,259,626,0,1,132,852,290,-1120,1,下位,0,132,0
501,501,0,262,565,0,0,0,179,626,-798,4,下位,0,0,0
496,496,0,56,205,0,0,0,501,565,-1016,4,下位,0,0,0
366,366,0,-6,-23,0,0,0,496,205,-1586,1,下位,0,0,0
449,449,0,-6,-23,0,1,366,496,205,-1586,1,下位,0,366,0
355,355,0,112,275,0,2,815,496,205,-1586,1,下位,0,449,0
455,455,0,-6,-23,0,0,0,1170,275,-3186,2,下位,0,0,0
40,40,0,-6,-23,0,1,455,1170,275,-3186,2,下位,0,455,0
160,160,0,-6,-23,0,2,495,1170,275,-3186,2,下位,0,40,0
119,119,0,289,759,0,3,655,1170,275,-3186,2,下位,0,160,0
114,114,0,-6,-23,1,0,0,0,0,1,0,下位,0,0,0
395,395,0,165,367,1,1,114,0,0,1,0,下位,0,114,0
131,131,0,-6,-23,0,0,0,509,367,-452,2,下位,0,0,0
158,158,0,-6,-23,0,1,131,509,367,-452,2,下位,0,131,0
155,155,0,66,241,0,2,289,509,367,-452,2,下位,0,158,0
204,204,0,132,372,0,0,0,444,241,-952,1,下位,0,0,0
87,87,0,-6,-23,0,0,0,204,372,-898,2,下位,0,0,0
62,62,0,-6,-23,0,1,87,204,372,-898,2,下位,0,87,0
129,129,0,56,195,0,2,149,204,372,-898,2,下位,0,62,0
408,408,0,129,400,0,0,0,278,195,-1184,1,下位,0,0,0
156,156,0,2411,7048,0,0,0,408,400,-1422,2,下位,0,0,0
368,368,0,37,126,0,0,0,156,7048,223,25,上位,0,0,0
339,339,0,104,251,0,0,0,368,126,-226,1,下位,0,0,0
106,106,0,34,109,1,0,0,0,0,1,0,下位,0,0,0
180,180,0,-6,-23,0,0,0,106,109,-56,1,下位,0,0,0
118,118,0,201,569,0,1,180,106,109,-56,1,下位,0,180,0
130,130,0,50,171,0,0,0,298,569,23,3,下位,0,0,0
235,235,0,54,195,0,0,0,130,171,-10,1,下位,0,0,0
338,338,0,-6,-23,0,0,0,235,195,-183,1,下位,0,0,0
345,345,0,231,502,0,1,338,235,195,-183,1,下位,0,338,0
130,130,0,1822,4524,0,0,0,683,502,-773,3,下位,0,0,0
281,281,0,54,197,0,0,0,130,4524,325,23,上位,0,0,0
604,604,0,304,704,0,0,0,281,197,82,1,下位,0,0,0
331,331,0,206,528,0,0,0,604,704,-158,4,下位,0,0,0
335,335,0,38,121,1,0,0,0,0,1,0,下位,0,0,0
289,289,0,278,837,0,0,0,335,121,-402,1,下位,0,0,0
64,64,0,64,224,0,0,0,289,837,-17,3,下位,0,0,0
172,172,0,244,730,0,0,0,64,224,107,1,下位,0,0,0
558,558,0,-6,-23,0,0,0,172,730,568,3,下位,0,0,0
274,274,0,98,229,0,1,558,172,730,568,3,下位,0,558,0
465,465,0,92,205,0,0,0,832,229,-527,2,下位,0,0,0
85,85,0,118,316,0,0,0,465,205,-1049,2,下位,0,0,0
121,121,0,55,198,0,0,0,85,316,-866,2,下位,0,0,0
169,169,0,56,202,0,0,0,121,198,-857,1,下位,0,0,0
101,101,0,714,1706,0,0,0,169,202,-919,1,下位,0,0,0
127,127,0,-6,-23,0,0,0,101,1706,629,9,下位,0,0,0
204,204,0,301,706,0,1,127,101,1706,629,9,下位,0,127,0
160,160,0,852,1851,1,0,0,0,0,1,0,下位,0,0,0
374,374,0,2480,7477,0,0,0,160,1851,1601,11,下位,0,0,0
468,468,0,-6,-23,0,0,0,374,7477,268,26,上位,0,0,0
104,104,0,188,540,0,1,468,374,7477,268,26,上位,0,468,0
521,521,0,81,297,0,0,0,572,540,-110,2,下位,0,0,0
402,402,0,58,212,0,0,0,521,297,-628,1,下位,0,0,0
469,469,0,-6,-23,0,0,0,402,212,-1045,1,下位,0,0,0
195,195,0,52,182,0,1,469,402,212,-1045,1,下位,0,469,0
314,314,0,189,470,0,0,0,664,182,-1924,1,下位,0,0,0
185,185,0,312,697,0,0,0,314,470,-1945,3,下位,0,0,0
313,313,0,237,569,1,0,0,0,0,1,0,下位,0,0,0
299,299,0,1054,2202,0,0,0,313,569,80,3,下位,0,0,0
417,417,0,-6,-23,0,0,0,299,2202,1814,15,下位,0,0,0
135,135,0,-6,-23,0,1,417,299,2202,1814,15,下位,0,417,0
107,107,0,201,658,0,2,552,299,2202,1814,15,下位,0,135,0
308,308,0,-6,-23,0,0,0,659,658,1395,3,下位,0,0,0
340,340,0,-6,-23,0,1,308,659,658,1395,3,下位,0,308,0
115,115,0,-6,-23,0,2,648,659,658,1395,3,下位,0,340,0
457,457,0,126,363,0,3,763,659,658,1395,3,下位,0,115,0
223,223,0,149,430,0,0,0,1220,363,-220,2,下位,0,0,0
265,265,0,55,193,0,0,0,223,430,-139,2,下位,0,0,0
154,154,0,318,669,0,0,0,265,193,-360,1,下位,0,0,0
181,181,0,288,678,1,0,0,0,0,1,0,下位,0,0,0
309,309,0,-6,-23,0,0,0,181,678,396,4,下位,0,0,0
37,37,0,275,712,0,1,309,181,678,396,4,下位,0,309,0
62,62,0,70,261,0,0,0,346,712,544,4,下位,0,0,0
128,128,0,194,613,0,0,0,62,261,708,1,下位,0,0,0
220,220,0,-6,-23,0,0,0,128,613,1121,2,下位,0,0,0
275,275,0,99,268,0,1,220,128,613,1121,2,下位,0,220,0
60,60,0,195,565,0,0,0,495,268,592,2,下位,0,0,0
337,337,0,345,836,0,0,0,60,565,1063,3,下位,0,0,0
215,215,0,308,596,0,0,0,337,836,1372,6,下位,0,0,0
393,393,0,120,347,0,0,0,215,596,1632,5,下位,0,0,0
97,97,0,41,144,0,0,0,393,347,1364,2,下位,0,0,0
145,145,0,-6,-23,0,0,0,97,144,1356,1,下位,0,0,0
406,406,0,-6,-23,0,1,145,97,144,1356,1,下位,0,145,0
212,212,0,-6,-23,0,2,551,97,144,1356,1,下位,0,406,0
116,116,0,40,140,0,3,763,97,144,1356,1,下位,0,212,0
190,190,0,644,1536,1,0,0,0,0,1,0,下位,0,0,0
279,279,0,-6,-23,0,0,0,190,1536,1240,7,下位,0,0,0
404,404,0,962,2731,0,1,279,190,1536,1240,7,下位,0,279,0
532,532,0,-6,-23,0,0,0,683,2731,610,11,上位,0,0,0
95,95,0,240,707,0,1,532,683,2731,610,11,上位,0,532,0
115,115,0,-6,-23,0,0,0,627,707,313,3,下位,0,0,0
247,247,0,697,1447,0,1,115,627,707,313,3,下位,0,115,0
145,145,0,-6,-23,0,0,0,362,1447,1171,10,下位,0,0,0
409,409,0,80,281,0,1,145,362,1447,1171,10,下位,0,145,0
456,456,0,127,332,0,0,0,554,281,562,1,下位,0,0,0
410,410,0,60,219,0,0,0,456,332,181,2,下位,0,0,0
75,75,0,195,480,0,0,0,410,219,-241,1,下位,0,0,0
411,411,0,-6,-23,0,0,0,75,480,120,3,下位,0,0,0
361,361,0,442,798,0,1,411,75,480,120,3,下位,0,411,0
223,223,0,59,209,1,0,0,0,0,1,0,下位,0,0,0
387,387,0,-6,-23,0,0,0,223,209,-139,1,下位,0,0,0
339,339,0,85,312,0,1,387,223,209,-139,1,下位,0,387,0
554,554,0,75,267,0,0,0,726,312,-985,1,下位,0,0,0
281,281,0,168,360,0,0,0,554,267,-1584,1,下位,0,0,0
184,184,0,46,154,0,0,0,281,360,-1663,3,下位,0,0,0
378,378,0,-6,-23,0,0,0,184,154,-1797,1,下位,0,0,0
609,609,0,-6,-23,0,1,378,184,154,-1797,1,下位,0,378,0
350,350,0,256,678,0,2,987,184,154,-1797,1,下位,0,609,0
67,67,0,-6,-23,0,0,0,1337,678,-3255,4,下位,0,0,0
415,415,0,-6,-23,0,1,67,1337,678,-3255,4,下位,0,67,0
148,148,0,-6,-23,0,2,482,1337,678,-3255,4,下位,0,415,0
46,46,0,138,394,0,3,630,1337,678,-3255,4,下位,0,148,0
99,99,0,119,294,0,0,0,676,394,-3988,2,下位,0,0,0
135,135,0,-6,-23,0,0,0,99,294,-3848,2,下位,0,0,0
387,387,0,-6,-23,0,1,135,99,294,-3848,2,下位,0,135,0
520,520,0,-6,-23,0,2,522,99,294,-3848,2,下位,0,387,0
222,222,0,50,174,0,3,1042,99,294,-3848,2,下位,0,520,0
157,157,0,106,270,0,0,0,1264,174,-5719,1,下位,0,0,0
374,374,0,-6,-23,0,0,0,157,270,-5694,2,下位,0,0,0
188,188,0,69,250,0,1,374,157,270,-5694,2,下位,0,374,0
225,225,0,186,466,0,0,0,562,250,-6346,1,下位,0,0,0
586,586,0,-6,-23,1,0,0,0,0,1,0,下位,0,0,0
115,115,0,564,1289,1,1,586,0,0,1,0,下位,0,586,0
121,121,0,893,1891,0,0,0,701,1289,171,7,下位,0,0,0
199,199,0,-6,-23,0,0,0,121,1891,1873,13,下位,0,0,0
84,84,0,-6,-23,0,1,199,121,1891,1873,13,下位,0,199,0
218,218,0,62,226,0,2,283,121,1891,1873,13,下位,0,84,0
480,480,0,-6,-23,0,0,0,501,226,1269,1,下位,0,0,0
395,395,0,-6,-23,0,1,480,501,226,1269,1,下位,0,480,0
561,561,0,165,419,0,2,875,501,226,1269,1,下位,0,395,0
456,456,0,-6,-23,0,0,0,1436,419,-603,3,下位,0,0,0
227,227,0,-6,-23,0,1,456,1436,419,-603,3,下位,0,456,0
524,524,0,476,1081,0,2,683,1436,419,-603,3,下位,0,227,0
415,415,0,355,791,0,0,0,1207,1081,-1455,6,下位,0,0,0
197,197,0,-6,-23,0,0,0,415,791,-1313,5,下位,0,0,0
284,284,0,379,839,0,1,197,415,791,-1313,5,下位,0,197,0
406,406,0,36,124,0,0,0,481,839,-1249,5,下位,0,0,0
258,258,0,-6,-23,1,0,0,0,0,1,0,下位,0,0,0
356,356,0,130,378,1,1,258,0,0,1,0,下位,0,258,0
330,330,0,55,193,0,0,0,614,378,-605,2,下位,0,0,0
458,458,0,-6,-23,0,0,0,330,193,-928,1,下位,0,0,0
213,213,0,-6,-23,0,1,458,330,193,-928,1,下位,0,458,0
522,522,0,138,415,0,2,671,330,193,-928,1,下位,0,213,0
318,318,0,151,440,0,0,0,1193,415,-2424,2,下位,0,0,0
114,114,0,231,670,0,0,0,318,440,-2481,2,下位,0,0,0
152,152,0,-6,-23,0,0,0,114,670,-1990,3,下位,0,0,0
116,116,0,-6,-23,0,1,152,114,670,-1990,3,下位,0,152,0
94,94,0,36,119,0,2,268,114,670,-1990,3,下位,0,116,0
171,171,0,128,350,0,0,0,362,119,-2484,1,下位,0,0,0
226,226,0,-6,-23,0,0,0,171,350,-2402,2,下位,0,0,0
256,256,0,-6,-23,0,1,226,171,350,-2402,2,下位,0,226,0
346,346,0,-6,-23,0,2,482,171,350,-2402,2,下位,0,256,0
475,475,0,231,626,0,3,828,171,350,-2402,2,下位,0,346,0
156,156,0,-6,-23,0,0,0,1303,626,-3882,3,下位,0,0,0
354,354,0,-6,-23,0,1,156,1303,626,-3882,3,下位,0,156,0
464,464,0,1152,2670,0,2,510,1303,626,-3882,3,下位,0,354,0
340,340,0,77,280,1,0,0,0,0,1,0,下位,0,0,0
456,456,0,-6,-23,0,0,0,340,280,-251,1,下位,0,0,0
53,53,0,222,586,0,1,456,340,280,-251,1,下位,0,456,0
120,120,0,37,126,0,0,0,509,586,-484,3,下位,0,0,0
255,255,0,58,200,0,0,0,120,126,-546,1,下位,0,0,0
217,217,0,354,809,0,0,0,255,200,-745,1,下位,0,0,0
421,421,0,-6,-23,0,0,0,217,809,-276,5,下位,0,0,0
133,133,0,-6,-23,0,1,421,217,809,-276,5,下位,0,421,0
315,315,0,-6,-23,0,2,554,217,809,-276,5,下位,0,133,0
283,283,0,135,378,0,3,869,217,809,-276,5,下位,0,315,0
316,316,0,37,127,0,0,0,1152,378,-1768,2,下位,0,0,0
592,592,0,42,146,0,0,0,316,127,-2135,1,下位,0,0,0
207,207,0,-6,-23,0,0,0,592,146,-2914,1,下位,0,0,0
123,123,0,-6,-23,0,1,207,592,146,-2914,1,下位,0,207,0
276,276,0,-6,-23,0,2,330,592,146,-2914,1,下位,0,123,0
304,304,0,94,241,0,3,606,592,146,-2914,1,下位,0,276,0
303,303,0,588,1350,1,0,0,0,0,1,0,下位,0,0,0
521,521,0,-6,-23,0,0,0,303,1350,877,7,下位,0,0,0
433,433,0,78,283,0,1,521,303,1350,877,7,下位,0,521,0
382,382,0,-6,-23,0,0,0,954,283,-354,1,下位,0,0,0
172,172,0,-6,-23,0,1,382,954,283,-354,1,下位,0,382,0
159,159,0,199,475,0,2,554,954,283,-354,1,下位,0,172,0
292,292,0,462,1087,0,0,0,713,475,-1040,3,下位,0,0,0
234,234,0,112,320,0,0,0,292,1087,-410,6,下位,0,0,0
105,105,0,92,205,0,0,0,234,320,-456,2,下位,0,0,0
274,274,0,37,128,0,0,0,105,205,-416,2,下位,0,0,0
406,406,0,606,1316,0,0,0,274,128,-717,1,下位,0,0,0
511,511,0,116,386,0,0,0,406,1316,-36,8,下位,0,0,0
70,70,0,-6,-23,0,0,0,511,386,-449,2,下位,0,0,0
277,277,0,-6,-23,0,1,70,511,386,-449,2,下位,0,70,0
438,438,0,-6,-23,0,2,347,511,386,-449,2,下位,0,277,0
648,648,0,56,199,0,3,785,511,386,-449,2,下位,0,438,0
378,378,0,67,246,1,0,0,0,0,1,0,下位,0,0,0
789,789,0,-6,-23,0,0,0,378,246,-344,1,下位,0,0,0
176,176,0,-6,-23,0,1,789,378,246,-344,1,下位,0,789,0
267,267,0,-6,-23,0,2,965,378,246,-344,1,下位,0,176,0
302,302,0,929,2064,0,3,1232,378,246,-344,1,下位,0,267,0
407,407,0,1166,2853,0,0,0,1534,2064,-747,12,下位,0,0,0
304,304,0,77,287,0,0,0,407,2853,1470,14,下位,0,0,0
292,292,0,-6,-23,0,0,0,304,287,1282,1,下位,0,0,0
268,268,0,-6,-23,0,1,292,304,287,1282,1,下位,0,292,0
57,57,0,168,395,0,2,560,304,287,1282,1,下位,0,268,0
150,150,0,-6,-23,1,0,0,0,0,1,0,下位,0,0,0
531,531,0,38,130,1,1,150,0,0,1,0,下位,0,150,0
347,347,0,36,125,0,0,0,681,130,-957,1,下位,0,0,0
268,268,0,-6,-23,0,0,0,347,125,-1375,1,下位,0,0,0
446,446,0,-6,-23,0,1,268,347,125,-1375,1,下位,0,268,0
380,380,0,26,83,0,2,714,347,125,-1375,1,下位,0,446,0
102,102,0,65,222,0,0,0,1094,83,-3048,1,下位,0,0,0
415,415,0,-6,-23,0,0,0,102,222,-2986,1,下位,0,0,0
58,58,0,148,430,0,1,415,102,222,-2986,1,下位,0,415,0
304,304,0,368,905,0,0,0,473,430,-3319,2,下位,0,0,0
167,167,0,570,1369,0,0,0,304,905,-2889,4,下位,0,0,0
127,127,0,-6,-23,1,0,0,0,0,1,0,下位,0,0,0
534,534,0,244,592,1,1,127,0,0,1,0,下位,0,127,0
174,174,0,382,997,0,0,0,661,592,-464,3,下位,0,0,0
228,228,0,119,298,0,0,0,174,997,261,5,下位,0,0,0
563,563,0,-6,-23,0,0,0,228,298,202,2,下位,0,0,0
188,188,0,47,167,0,1,563,228,298,202,2,下位,0,563,0
145,145,0,1204,2731,0,0,0,751,167,-828,1,下位,0,0,0
553,553,0,61,200,0,0,0,145,2731,1677,17,下位,0,0,0
79,79,0,-6,-23,0,0,0,553,200,1014,1,下位,0,0,0
243,243,0,-6,-23,0,1,79,553,200,1014,1,下位,0,79,0
43,43,0,59,214,0,2,322,553,200,1014,1,下位,0,243,0
383,383,0,-6,-23,0,0,0,365,214,610,1,下位,0,0,0
251,251,0,118,288,0,1,383,365,214,610,1,下位,0,383,0
226,226,0,204,400,1,0,0,0,0,1,0,下位,0,0,0
258,258,0,-6,-23,0,0,0,226,400,46,3,下位,0,0,0
277,277,0,192,454,0,1,258,226,400,46,3,下位,0,258,0
221,221,0,-6,-23,0,0,0,535,454,-360,3,下位,0,0,0
191,191,0,-6,-23,0,1,221,535,454,-360,3,下位,0,221,0
570,570,0,106,304,0,2,412,535,454,-360,3,下位,0,191,0
630,630,0,-6,-23,0,0,0,982,304,-1638,2,下位,0,0,0
485,485,0,-6,-23,0,1,630,982,304,-1638,2,下位,0,630,0
62,62,0,59,216,0,2,1115,982,304,-1638,2,下位,0,485,0
483,483,0,-6,-23,0,0,0,1177,216,-3308,1,下位,0,0,0
157,157,0,132,407,0,1,483,1177,216,-3308,1,下位,0,483,0
63,63,0,566,1256,0,0,0,640,407,-3925,2,下位,0,0,0
282,282,0,-6,-23,1,0,0,0,0,1,0,下位,0,0,0
374,374,0,-6,-23,1,1,282,0,0,1,0,下位,0,282,0
211,211,0,-6,-23,1,2,656,0,0,1,0,下位,0,374,0
71,71,0,57,206,1,3,867,0,0,1,0,下位,0,211,0
525,525,0,-6,-23,0,0,0,938,206,-1329,1,下位,0,0,0
221,221,0,-6,-23,0,1,525,938,206,-1329,1,下位,0,525,0
364,364,0,30,95,0,2,746,938,206,-1329,1,下位,0,221,0
232,232,0,60,214,0,0,0,1110,95,-3016,1,下位,0,0,0
95,95,0,-6,-23,0,0,0,232,214,-3165,1,下位,0,0,0
366,366,0,-6,-23,0,1,95,232,214,-3165,1,下位,0,95,0
258,258,0,252,686,0,2,461,232,214,-3165,1,下位,0,366,0
131,131,0,146,436,0,0,0,719,686,-3650,3,下位,0,0,0
266,266,0,-6,-23,0,0,0,131,436,-3419,2,下位,0,0,0
173,173,0,53,192,0,1,266,131,436,-3419,2,下位,0,266,0
461,461,0,56,199,0,0,0,439,192,-3937,1,下位,0,0,0
457,457,0,336,685,0,0,0,461,199,-4459,1,下位,0,0,0
140,140,0,-6,-23,0,0,0,457,685,-4487,5,下位,0,0,0
60,60,0,168,483,0,1,140,457,685,-4487,5,下位,0,140,0
460,460,0,-6,-23,1,0,0,0,0,1,0,下位,0,0,0
253,253,0,-6,-23,1,1,460,0,0,1,0,下位,0,460,0
268,268,0,36,124,1,2,713,0,0,1,0,下位,0,253,0
103,103,0,400,1023,0,0,0,981,124,-1455,1,下位,0,0,0
253,253,0,50,153,0,0,0,103,1023,-593,5,下位,0,0,0
378,378,0,-6,-23,0,0,0,253,153,-836,1,下位,0,0,0
513,513,0,-6,-23,0,1,378,253,153,-836,1,下位,0,378,0
193,193,0,710,1620,0,2,891,253,153,-836,1,下位,0,513,0
444,444,0,-6,-23,0,0,0,1084,1620,-957,9,下位,0,0,0
336,336,0,-6,-23,0,1,444,1084,1620,-957,9,下位,0,444,0
120,120,0,-6,-23,0,2,780,1084,1620,-957,9,下位,0,336,0
176,176,0,58,209,0,3,900,1084,1620,-957,9,下位,0,120,0
546,546,0,74,264,0,0,0,1076,209,-2499,1,下位,0,0,0
501,501,0,208,613,0,0,0,546,264,-3089,1,下位,0,0,0
210,210,0,-6,-23,1,0,0,0,0,1,0,下位,0,0,0
328,328,0,232,487,1,1,210,0,0,1,0,下位,0,210,0
153,153,0,-6,-23,0,0,0,538,487,-377,3,下位,0,0,0
532,532,0,29,90,0,1,153,538,487,-377,3,下位,0,153,0
511,511,0,39,134,0,0,0,685,90,-1382,1,下位,0,0,0
116,116,0,40,138,0,0,0,511,134,-2047,1,下位,0,0,0
315,315,0,37,120,0,0,0,116,138,-2091,1,下位,0,0,0
81,81,0,618,1366,0,0,0,315,120,-2464,1,下位,0,0,0
554,554,0,-6,-23,0,0,0,81,1366,-1225,8,下位,0,0,0
215,215,0,286,840,0,1,554,81,1366,-1225,8,下位,0,554,0
477,477,0,-6,-23,0,0,0,769,840,-1610,3,下位,0,0,0
369,369,0,109,292,0,1,477,769,840,-1610,3,下位,0,477,0
141,141,0,-6,-23,0,0,0,846,292,-2664,2,下位,0,0,0
648,648,0,-6,-23,0,1,141,846,292,-2664,2,下位,0,141,0
120,120,0,322,705,0,2,789,846,292,-2664,2,下位,0,648,0
168,168,0,-6,-23,1,0,0,0,0,1,0,下位,0,0,0
390,390,0,185,427,1,1,168,0,0,1,0,下位,0,168,0
160,160,0,189,416,0,0,0,558,427,-468,3,下位,0,0,0
186,186,0,264,624,0,0,0,160,416,-302,3,下位,0,0,0
442,442,0,-6,-23,0,0,0,186,624,31,4,下位,0,0,0
448,448,0,292,657,0,1,442,186,624,31,4,下位,0,442,0
238,238,0,-6,-23,0,0,0,890,657,-725,4,下位,0,0,0
477,477,0,-6,-23,0,1,238,890,657,-725,4,下位,0,238,0
496,496,0,62,221,0,2,715,890,657,-725,4,下位,0,477,0
287,287,0,177,451,0,0,0,1211,221,-2443,1,下位,0,0,0
456,456,0,120,366,0,0,0,287,451,-2441,3,下位,0,0,0
171,171,0,442,1116,0,0,0,456,366,-2788,2,下位,0,0,0
386,386,0,127,350,1,0,0,0,0,1,0,下位,0,0,0
411,411,0,288,752,0,0,0,386,350,-254,2,下位,0,0,0
505,505,0,-6,-23,0,0,0,411,752,-144,4,下位,0,0,0
178,178,0,-6,-23,0,1,505,411,752,-144,4,下位,0,505,0
343,343,0,41,142,0,2,683,411,752,-144,4,下位,0,178,0
151,151,0,357,934,0,0,0,1026,142,-1652,1,下位,0,0,0
331,331,0,354,932,0,0,0,151,934,-954,5,下位,0,0,0
617,617,0,53,191,0,0,0,331,932,-540,5,下位,0,0,0
494,494,0,-6,-23,0,0,0,617,191,-1314,1,下位,0,0,0
121,121,0,-6,-23,0,1,494,617,191,-1314,1,下位,0,494,0
66,66,0,121,322,0,2,615,617,191,-1314,1,下位,0,121,0
491,491,0,119,296,0,0,0,681,322,-2104,2,下位,0,0,0
207,207,0,116,318,0,0,0,491,296,-2576,2,下位,0,0,0
499,499,0,169,542,0,0,0,207,318,-2582,2,下位,0,0,0
206,206,0,-6,-23,0,0,0,499,542,-2820,2,下位,0,0,0
435,435,0,96,280,0,1,206,499,542,-2820,2,下位,0,206,0
100,100,0,44,146,1,0,0,0,0,1,0,下位,0,0,0
181,181,0,108,368,0,0,0,100,146,-10,1,下位,0,0,0
456,456,0,72,261,0,0,0,181,368,75,1,下位,0,0,0
169,169,0,-6,-23,0,0,0,456,261,-377,1,下位,0,0,0
64,64,0,-6,-23,0,1,169,456,261,-377,1,下位,0,169,0
279,279,0,241,540,0,2,233,456,261,-377,1,下位,0,64,0
405,405,0,855,1805,0,0,0,512,540,-683,3,下位,0,0,0
140,140,0,279,575,0,0,0,405,1805,489,12,下位,0,0,0
109,109,0,59,204,0,0,0,140,575,845,4,下位,0,0,0
476,476,0,62,226,0,0,0,109,204,878,1,下位,0,0,0
191,191,0,-6,-23,0,0,0,476,226,360,1,下位,0,0,0
214,214,0,342,728,0,1,191,476,226,360,1,下位,0,191,0
173,173,0,57,200,0,0,0,405,728,432,5,下位,0,0,0
370,370,0,142,387,0,0,0,173,200,361,1,下位,0,0,0
66,66,0,1886,5543,0,0,0,370,387,169,2,下位,0,0,0
243,243,0,-6,-23,1,0,0,0,0,1,0,下位,0,0,0
64,64,0,37,126,1,1,243,0,0,1,0,下位,0,243,0
64,64,0,134,362,0,0,0,307,126,-376,1,下位,0,0,0
152,152,0,-6,-23,0,0,0,64,362,-114,2,下位,0,0,0
647,647,0,28,93,0,1,152,64,362,-114,2,下位,0,152,0
395,395,0,55,200,0,0,0,799,93,-1293,1,下位,0,0,0
102,102,0,-6,-23,0,0,0,395,200,-1711,1,下位,0,0,0
346,346,0,2405,6708,0,1,102,395,200,-1711,1,下位,0,102,0
341,341,0,-6,-23,0,0,0,448,6708,284,25,上位,0,0,0
96,96,0,166,460,0,1,341,448,6708,284,25,上位,0,341,0
189,189,0,-6,-23,0,0,0,437,460,38,2,下位,0,0,0
547,547,0,-6,-23,0,1,189,437,460,38,2,下位,0,189,0
343,343,0,-6,-23,0,2,736,437,460,38,2,下位,0,547,0
44,44,0,666,1456,0,3,1079,437,460,38,2,下位,0,343,0
474,474,0,251,518,1,0,0,0,0,1,0,下位,0,0,0
148,148,0,57,207,0,0,0,474,518,-222,3,下位,0,0,0
180,180,0,-6,-23,0,0,0,148,207,-247,1,下位,0,0,0
461,461,0,131,398,0,1,180,148,207,-247,1,下位,0,180,0
170,170,0,56,202,0,0,0,641,398,-875,2,下位,0,0,0
620,620,0,-6,-23,0,0,0,170,202,-939,1,下位,0,0,0
187,187,0,59,205,0,1,620,170,202,-939,1,下位,0,620,0
67,67,0,2523,7284,0,0,0,807,205,-2019,1,下位,0,0,0
329,329,0,-6,-23,0,0,0,67,7284,276,28,上位,0,0,0
597,597,0,433,1119,0,1,329,67,7284,276,28,上位,0,329,0
414,414,0,30,99,0,0,0,926,1119,-75,6,下位,0,0,0
572,572,0,-6,-23,1,0,0,0,0,1,0,下位,0,0,0
479,479,0,36,115,1,1,572,0,0,1,0,下位,0,572,0
340,340,0,-6,-23,0,0,0,1051,115,-1550,1,下位,0,0,0
229,229,0,-6,-23,0,1,340,1051,115,-1550,1,下位,0,340,0
58,58,0,344,863,0,2,569,1051,115,-1550,1,下位,0,229,0
151,151,0,435,873,0,0,0,627,863,-1714,5,下位,0,0,0
318,318,0,-6,-23,0,0,0,151,873,-1077,7,下位,0,0,0
359,359,0,59,214,0,1,318,151,873,-1077,7,下位,0,318,0
608,608,0,60,221,0,0,0,677,214,-1944,1,下位,0,0,0
259,259,0,-6,-23,0,0,0,608,221,-2673,1,下位,0,0,0
303,303,0,2030,5427,0,1,259,608,221,-2673,1,下位,0,259,0
460,460,0,-6,-23,1,0,0,0,0,1,0,下位,0,0,0
485,485,0,133,365,1,1,460,0,0,1,0,下位,0,460,0
165,165,0,36,123,0,0,0,945,365,-1134,2,下位,0,0,0
510,510,0,42,139,0,0,0,165,123,-1269,1,下位,0,0,0
133,133,0,-6,-23,0,0,0,510,139,-1927,1,下位,0,0,0
539,539,0,-6,-23,0,1,133,510,139,-1927,1,下位,0,133,0
431,431,0,-6,-23,0,2,672,510,139,-1927,1,下位,0,539,0
145,145,0,28,92,0,3,1103,510,139,-1927,1,下位,0,431,0
545,545,0,37,122,0,0,0,1248,92,-3856,1,下位,0,0,0
404,404,0,464,831,0,0,0,545,122,-4586,1,下位,0,0,0
70,70,0,419,834,0,0,0,404,831,-4387,7,下位,0,0,0
171,171,0,-6,-23,0,0,0,70,834,-3664,6,下位,0,0,0
170,170,0,49,168,0,1,171,70,834,-3664,6,下位,0,171,0
549,549,0,224,602,1,0,0,0,0,1,0,下位,0,0,0
269,269,0,41,144,0,0,0,549,602,-255,3,下位,0,0,0
610,610,0,-6,-23,0,0,0,269,144,-532,1,下位,0,0,0
83,83,0,53,186,0,1,610,269,144,-532,1,下位,0,610,0
326,326,0,-6,-23,0,0,0,693,186,-1453,1,下位,0,0,0
366,366,0,443,1115,0,1,326,693,186,-1453,1,下位,0,326,0
159,159,0,-6,-23,0,0,0,692,1115,-1443,6,下位,0,0,0
200,200,0,-6,-23,0,1,159,692,1115,-1443,6,下位,0,159,0
392,392,0,338,839,0,2,359,692,1115,-1443,6,下位,0,200,0
150,150,0,-6,-23,0,0,0,751,839,-1825,4,下位,0,0,0
94,94,0,76,277,0,1,150,751,839,-1825,4,下位,0,150,0
194,194,0,55,193,1,0,0,0,0,1,0,下位,0,0,0
444,444,0,-6,-23,0,0,0,194,193,-110,1,下位,0,0,0
340,340,0,38,130,0,1,444,194,193,-110,1,下位,0,444,0
397,397,0,-6,-23,0,0,0,784,130,-1229,1,下位,0,0,0
128,128,0,176,472,0,1,397,784,130,-1229,1,下位,0,397,0
196,196,0,-6,-23,0,0,0,525,472,-1602,3,下位,0,0,0
95,95,0,370,912,0,1,196,525,472,-1602,3,下位,0,196,0
312,312,0,-6,-23,0,0,0,291,912,-1168,6,下位,0,0,0
115,115,0,-6,-23,0,1,312,291,912,-1168,6,下位,0,312,0
93,93,0,-6,-23,0,2,427,291,912,-1168,6,下位,0,115,0
226,226,0,604,1235,0,3,520,291,912,-1168,6,下位,0,93,0
489,489,0,-6,-23,0,0,0,746,1235,-1170,9,下位,0,0,0
322,322,0,-6,-23,0,1,489,746,1235,-1170,9,下位,0,489,0
205,205,0,-6,-23,0,2,811,746,1235,-1170,9,下位,0,322,0
168,168,0,156,466,0,3,1016,746,1235,-1170,9,下位,0,205,0
453,453,0,418,934,0,0,0,1184,466,-2626,2,下位,0,0,0
126,126,0,106,274,1,0,0,0,0,1,0,下位,0,0,0
66,66,0,234,521,0,0,0,126,274,78,2,下位,0,0,0
658,658,0,278,722,0,0,0,66,521,495,3,下位,0,0,0
92,92,0,-6,-23,0,0,0,658,722,188,4,下位,0,0,0
161,161,0,198,569,0,1,92,658,722,188,4,下位,0,92,0
293,293,0,58,213,0,0,0,253,569,338,3,下位,0,0,0
348,348,0,-6,-23,0,0,0,293,213,93,1,下位,0,0,0
340,340,0,28,92,0,1,348,293,213,93,1,下位,0,348,0
63,63,0,-6,-23,0,0,0,688,92,-914,1,下位,0,0,0
384,384,0,42,137,0,1,63,688,92,-914,1,下位,0,63,0
498,498,0,38,131,0,0,0,447,137,-1499,1,下位,0,0,0
398,398,0,162,469,0,0,0,498,131,-2147,1,下位,0,0,0
419,419,0,-6,-23,0,0,0,398,469,-2300,2,下位,0,0,0
114,114,0,-6,-23,0,1,419,398,469,-2300,2,下位,0,419,0
153,153,0,72,265,0,2,533,398,469,-2300,2,下位,0,114,0
232,232,0,-6,-23,0,0,0,686,265,-3154,1,下位,0,0,0
490,490,0,-6,-23,0,1,232,686,265,-3154,1,下位,0,232,0
249,249,0,-6,-23,0,2,722,686,265,-3154,1,下位,0,490,0
174,174,0,62,227,0,3,971,686,265,-3154,1,下位,0,249,0
76,76,0,384,895,0,0,0,1145,227,-4787,1,下位,0,0,0
158,158,0,26,83,0,0,0,76,895,-4011,5,下位,0,0,0
370,370,0,-6,-23,1,0,0,0,0,1,0,下位,0,0,0
372,372,0,56,203,1,1,370,0,0,1,0,下位,0,370,0
519,519,0,-6,-23,0,0,0,742,203,-980,1,下位,0,0,0
239,239,0,-6,-23,0,1,519,742,203,-980,1,下位,0,519,0
155,155,0,41,144,0,2,758,742,203,-980,1,下位,0,239,0
117,117,0,480,1078,0,0,0,913,144,-2310,1,下位,0,0,0
223,223,0,-6,-23,0,0,0,117,1078,-1415,6,下位,0,0,0
603,603,0,561,1269,0,1,223,117,1078,-1415,6,下位,0,223,0
236,236,0,41,132,0,0,0,826,1269,-1461,7,下位,0,0,0
105,105,0,36,110,0,0,0,236,132,-1698,1,下位,0,0,0
509,509,0,-6,-23,0,0,0,105,110,-1753,1,下位,0,0,0
170,170,0,-6,-23,0,1,509,105,110,-1753,1,下位,0,509,0
168,168,0,87,327,0,2,679,105,110,-1753,1,下位,0,170,0
61,61,0,260,632,0,0,0,847,327,-2797,1,下位,0,0,0
89,89,0,-6,-23,0,0,0,61,632,-2260,4,下位,0,0,0
135,135,0,55,170,0,1,89,61,632,-2260,4,下位,0,89,0
638,638,0,182,457,0,0,0,224,170,-2463,1,下位,0,0,0
122,122,0,1830,5006,0,0,0,638,457,-3003,3,下位,0,0,0
278,278,0,-6,-23,1,0,0,0,0,1,0,下位,0,0,0
185,185,0,-6,-23,1,1,278,0,0,1,0,下位,0,278,0
269,269,0,40,93,1,2,463,0,0,1,0,下位,0,185,0
189,189,0,-6,-23,0,0,0,732,93,-1098,1,下位,0,0,0
340,340,0,36,121,0,1,189,732,93,-1098,1,下位,0,189,0
358,358,0,53,180,0,0,0,529,121,-1828,1,下位,0,0,0
472,472,0,615,1363,0,0,0,358,180,-2208,1,下位,0,0,0
346,346,0,-6,-23,0,0,0,472,1363,-1583,9,下位,0,0,0
51,51,0,276,632,0,1,346,472,1363,-1583,9,下位,0,346,0
140,140,0,350,679,0,0,0,397,632,-1596,4,下位,0,0,0
186,186,0,-6,-23,0,0,0,140,679,-1136,5,下位,0,0,0
490,490,0,28,93,0,1,186,140,679,-1136,5,下位,0,186,0
347,347,0,-6,-23,0,0,0,676,93,-2123,1,下位,0,0,0
455,455,0,-6,-23,0,1,347,676,93,-2123,1,下位,0,347,0
384,384,0,-6,-23,0,2,802,676,93,-2123,1,下位,0,455,0
207,207,0,98,253,0,3,1186,676,93,-2123,1,下位,0,384,0
107,107,0,43,151,0,0,0,1393,253,-4117,2,下位,0,0,0
124,124,0,500,1002,0,0,0,107,151,-4134,1,下位,0,0,0
302,302,0,-6,-23,1,0,0,0,0,1,0,下位,0,0,0
93,93,0,1018,2303,1,1,302,0,0,1,0,下位,0,302,0
100,100,0,89,214,0,0,0,395,2303,1663,14,下位,0,0,0
85,85,0,93,234,0,0,0,100,214,1720,2,下位,0,0,0
76,76,0,-6,-23,0,0,0,85,234,1821,2,下位,0,0,0
296,296,0,-6,-23,0,1,76,85,234,1821,2,下位,0,76,0
512,512,0,196,575,0,2,372,85,234,1821,2,下位,0,296,0
437,437,0,112,276,0,0,0,884,575,968,3,下位,0,0,0
275,275,0,-6,-23,0,0,0,437,276,561,2,下位,0,0,0
133,133,0,60,218,0,1,275,437,276,561,2,下位,0,275,0
590,590,0,-6,-23,0,0,0,408,218,118,1,下位,0,0,0
300,300,0,150,422,0,1,590,408,218,118,1,下位,0,590,0
154,154,0,-6,-23,0,0,0,890,422,-874,2,下位,0,0,0
427,427,0,-6,-23,0,1,154,890,422,-874,2,下位,0,154,0
165,165,0,-6,-23,0,2,581,890,422,-874,2,下位,0,427,0
547,547,0,192,464,0,3,746,890,422,-874,2,下位,0,165,0
408,408,0,126,326,0,0,0,1293,464,-2501,3,下位,0,0,0
589,589,0,-6,-23,1,0,0,0,0,1,0,下位,0,0,0
612,612,0,39,136,1,1,589,0,0,1,0,下位,0,589,0
123,123,0,250,546,0,0,0,1201,136,-1764,1,下位,0,0,0
450,450,0,-6,-23,0,0,0,123,546,-1411,3,下位,0,0,0
441,441,0,44,149,0,1,450,123,546,-1411,3,下位,0,450,0
468,468,0,-6,-23,0,0,0,891,149,-2678,1,下位,0,0,0
317,317,0,245,719,0,1,468,891,149,-2678,1,下位,0,468,0
69,69,0,-6,-23,0,0,0,785,719,-3210,3,下位,0,0,0
297,297,0,-6,-23,0,1,69,785,719,-3210,3,下位,0,69,0
289,289,0,-6,-23,0,2,366,785,719,-3210,3,下位,0,297,0
429,429,0,105,339,0,3,655,785,719,-3210,3,下位,0,289,0
403,403,0,-6,-23,0,0,0,1084,339,-4635,2,下位,0,0,0
270,270,0,-6,-23,0,1,403,1084,339,-4635,2,下位,0,403,0
127,127,0,-6,-23,0,2,673,1084,339,-4635,2,下位,0,270,0
554,554,0,50,181,0,3,800,1084,339,-4635,2,下位,0,127,0
66,66,0,170,353,0,0,0,1354,181,-6640,1,下位,0,0,0
428,428,0,644,1787,0,0,0,66,353,-6391,2,下位,0,0,0
121,121,0,38,131,1,0,0,0,0,1,0,下位,0,0,0
227,227,0,432,858,0,0,0,121,131,-58,1,下位,0,0,0
64,64,0,-6,-23,0,0,0,227,858,445,6,下位,0,0,0
80,80,0,-6,-23,0,1,64,227,858,445,6,下位,0,64,0
329,329,0,-6,-23,0,2,144,227,858,445,6,下位,0,80,0
173,173,0,37,127,0,3,473,227,858,445,6,下位,0,329,0
485,485,0,90,200,0,0,0,646,127,-508,1,下位,0,0,0
170,170,0,59,208,0,0,0,485,200,-1066,2,下位,0,0,0
270,270,0,-6,-23,0,0,0,170,208,-1124,1,下位,0,0,0
453,453,0,165,388,0,1,270,170,208,-1124,1,下位,0,270,0
126,126,0,-6,-23,0,0,0,723,388,-1889,2,下位,0,0,0
241,241,0,-6,-23,0,1,126,723,388,-1889,2,下位,0,126,0
302,302,0,847,1913,0,2,367,723,388,-1889,2,下位,0,241,0
164,164,0,-6,-23,0,0,0,669,1913,-1069,12,下位,0,0,0
244,244,0,279,670,0,1,164,669,1913,-1069,12,下位,0,164,0
343,343,0,-6,-23,0,0,0,408,670,-1061,4,下位,0,0,0
204,204,0,68,252,0,1,343,408,670,-1061,4,下位,0,343,0
310,310,0,-6,-23,0,0,0,547,252,-1687,1,下位,0,0,0
75,75,0,226,598,0,1,310,547,252,-1687,1,下位,0,310,0
463,463,0,-6,-23,1,0,0,0,0,1,0,下位,0,0,0
138,138,0,-6,-23,1,1,463,0,0,1,0,下位,0,463,0
288,288,0,-6,-23,1,2,601,0,0,1,0,下位,0,138,0
294,294,0,1378,3481,1,3,889,0,0,1,0,下位,0,288,0
132,132,0,-6,-23,0,0,0,1183,3481,1563,16,下位,0,0,0
336,336,0,271,538,0,1,132,1183,3481,1563,16,下位,0,132,0
299,299,0,115,317,0,0,0,468,538,1346,4,下位,0,0,0
318,318,0,-6,-23,0,0,0,299,317,1195,2,下位,0,0,0
257,257,0,43,152,0,1,318,299,317,1195,2,下位,0,318,0
206,206,0,-6,-23,0,0,0,575,152,425,1,下位,0,0,0
141,141,0,-6,-23,0,1,206,575,152,425,1,下位,0,206,0
451,451,0,635,1518,0,2,347,575,152,425,1,下位,0,141,0
312,312,0,-6,-23,0,0,0,798,1518,649,8,下位,0,0,0
93,93,0,-6,-23,0,1,312,798,1518,649,8,下位,0,312,0
252,252,0,128,352,0,2,405,798,1518,649,8,下位,0,93,0
277,277,0,-6,-23,0,0,0,657,352,-73,2,下位,0,0,0
400,400,0,88,326,0,1,277,657,352,-73,2,下位,0,277,0
510,510,0,116,266,1,0,0,0,0,1,0,下位,0,0,0
189,189,0,106,262,0,0,0,510,266,-530,2,下位,0,0,0
472,472,0,-6,-23,0,0,0,189,262,-564,2,下位,0,0,0
171,171,0,3062,8995,0,1,472,189,262,-564,2,下位,0,472,0
241,241,0,-6,-23,0,0,0,643,8995,230,33,上位,0,0,0
301,301,0,149,435,0,1,241,643,8995,230,33,上位,0,241,0
534,534,0,-6,-23,0,0,0,542,435,-206,2,下位,0,0,0
308,308,0,45,121,0,1,534,542,435,-206,2,下位,0,534,0
467,467,0,77,282,0,0,0,842,121,-1425,1,下位,0,0,0
127,127,0,400,934,1,0,0,0,0,1,0,下位,0,0,0
272,272,0,339,857,0,0,0,127,934,736,5,下位,0,0,0
291,291,0,102,271,0,0,0,272,857,1168,5,下位,0,0,0
392,392,0,42,110,0,0,0,291,271,984,2,下位,0,0,0
136,136,0,-6,-23,0,0,0,392,110,481,1,下位,0,0,0
124,124,0,-6,-23,0,1,136,392,110,481,1,下位,0,136,0
354,354,0,509,1130,0,2,260,392,110,481,1,下位,0,124,0
381,381,0,331,746,0,0,0,614,1130,604,7,下位,0,0,0
266,266,0,602,1396,0,0,0,381,746,754,4,下位,0,0,0
149,149,0,104,262,0,0,0,266,1396,1734,8,下位,0,0,0
95,95,0,-6,-23,0,0,0,149,262,1762,2,下位,0,0,0
51,51,0,-6,-23,0,1,95,149,262,1762,2,下位,0,95,0
347,347,0,139,427,0,2,146,149,262,1762,2,下位,0,51,0
516,516,0,142,426,0,0,0,493,427,1371,2,下位,0,0,0
195,195,0,128,323,0,0,0,516,426,990,2,下位,0,0,0
396,396,0,-6,-23,0,0,0,195,323,1008,2,下位,0,0,0
283,283,0,-6,-23,0,1,396,195,323,1008,2,下位,0,396,0
442,442,0,50,178,0,2,679,195,323,1008,2,下位,0,283,0
554,554,0,-6,-23,1,0,0,0,0,1,0,下位,0,0,0
394,394,0,-6,-23,1,1,554,0,0,1,0,下位,0,554,0
137,137,0,326,758,1,2,948,0,0,1,0,下位,0,394,0
324,324,0,134,383,0,0,0,1085,758,-983,5,下位,0,0,0
301,301,0,-6,-23,0,0,0,324,383,-1107,2,下位,0,0,0
253,253,0,-6,-23,0,1,301,324,383,-1107,2,下位,0,301,0
342,342,0,-6,-23,0,2,554,324,383,-1107,2,下位,0,253,0
169,169,0,36,122,0,3,896,324,383,-1107,2,下位,0,342,0
289,289,0,48,171,0,0,0,1065,122,-2721,1,下位,0,0,0
525,525,0,-6,-23,1,0,0,0,0,1,0,下位,0,0,0
578,578,0,108,288,1,1,525,0,0,1,0,下位,0,525,0
299,299,0,-6,-23,0,0,0,1103,288,-1459,2,下位,0,0,0
180,180,0,229,544,0,1,299,1103,288,-1459,2,下位,0,299,0
212,212,0,-6,-23,0,0,0,479,544,-1688,4,下位,0,0,0
75,75,0,71,246,0,1,212,479,544,-1688,4,下位,0,212,0
129,129,0,38,129,0,0,0,287,246,-1915,1,下位,0,0,0
135,135,0,-6,-23,0,0,0,129,129,-1988,1,下位,0,0,0
339,339,0,38,132,0,1,135,129,129,-1988,1,下位,0,135,0
77,77,0,-6,-23,0,0,0,474,132,-2620,1,下位,0,0,0
364,364,0,49,170,0,1,77,474,132,-2620,1,下位,0,77,0
84,84,0,55,199,0,0,0,441,170,-3163,1,下位,0,0,0
165,165,0,376,792,0,0,0,84,199,-3096,1,下位,0,0,0
100,100,0,269,774,0,0,0,165,792,-2562,5,下位,0,0,0
205,205,0,38,131,1,0,0,0,0,1,0,下位,0,0,0
269,269,0,-6,-23,0,0,0,205,131,-189,1,下位,0,0,0
160,160,0,-6,-23,0,1,269,205,131,-189,1,下位,0,269,0
297,297,0,76,283,0,2,429,205,131,-189,1,下位,0,160,0
274,274,0,-6,-23,0,0,0,726,283,-1088,1,下位,0,0,0
96,96,0,210,621,0,1,274,726,283,-1088,1,下位,0,274,0
635,635,0,60,196,0,0,0,370,621,-1069,3,下位,0,0,0
272,272,0,-6,-23,0,0,0,635,196,-1866,1,下位,0,0,0
592,592,0,294,683,0,1,272,635,196,-1866,1,下位,0,272,0
403,403,0,-6,-23,0,0,0,864,683,-2556,4,下位,0,0,0
402,402,0,417,1146,0,1,403,864,683,-2556,4,下位,0,403,0
182,182,0,-6,-23,1,0,0,0,0,1,0,下位,0,0,0
92,92,0,-6,-23,1,1,182,0,0,1,0,下位,0,182,0
397,397,0,190,473,1,2,274,0,0,1,0,下位,0,92,0
117,117,0,55,182,0,0,0,671,473,-622,3,下位,0,0,0
427,427,0,55,200,0,0,0,117,182,-623,1,下位,0,0,0
124,124,0,-6,-23,0,0,0,427,200,-1091,1,下位,0,0,0
597,597,0,-6,-23,0,1,124,427,200,-1091,1,下位,0,124,0
207,207,0,-6,-23,0,2,721,427,200,-1091,1,下位,0,597,0
499,499,0,113,342,0,3,928,427,200,-1091,1,下位,0,207,0
304,304,0,-6,-23,0,0,0,1427,342,-3049,2,下位,0,0,0
96,96,0,28,93,0,1,304,1427,342,-3049,2,下位,0,304,0
123,123,0,212,530,0,0,0,400,93,-3604,1,下位,0,0,0
501,501,0,53,190,0,0,0,123,530,-3266,3,下位,0,0,0
301,301,0,-6,-23,0,0,0,501,190,-3859,1,下位,0,0,0
177,177,0,-6,-23,0,1,301,501,190,-3859,1,下位,0,301,0
127,127,0,140,381,0,2,478,501,190,-3859,1,下位,0,177,0
155,155,0,96,176,0,0,0,605,381,-4471,2,下位,0,0,0
348,348,0,-6,-23,1,0,0,0,0,1,0,下位,0,0,0
315,315,0,-6,-23,1,1,348,0,0,1,0,下位,0,348,0
220,220,0,-6,-23,1,2,663,0,0,1,0,下位,0,315,0
520,520,0,83,311,1,3,883,0,0,1,0,下位,0,220,0
541,541,0,673,1459,0,0,0,1403,311,-1951,1,下位,0,0,0
79,79,0,82,303,0,0,0,541,1459,-1337,10,下位,0,0,0
151,151,0,1746,4918,0,0,0,79,303,-1158,1,下位,0,0,0
246,246,0,-6,-23,0,0,0,151,4918,618,19,上位,0,0,0
294,294,0,157,413,0,1,246,151,4918,618,19,上位,0,246,0
133,133,0,-6,-23,0,0,0,540,413,163,2,下位,0,0,0
86,86,0,40,129,0,1,133,540,413,163,2,下位,0,133,0
141,141,0,26,88,0,0,0,219,129,-74,1,下位,0,0,0
532,532,0,572,1276,0,0,0,141,88,-207,1,下位,0,0,0
301,301,0,59,215,0,0,0,532,1276,237,7,下位,0,0,0
117,117,0,115,284,0,0,0,301,215,-19,1,下位,0,0,0
164,164,0,-6,-23,1,0,0,0,0,1,0,下位,0,0,0
365,365,0,-6,-23,1,1,164,0,0,1,0,下位,0,164,0
69,69,0,-6,-23,1,2,529,0,0,1,0,下位,0,365,0
119,119,0,140,442,1,3,598,0,0,1,0,下位,0,69,0
303,303,0,-6,-23,0,0,0,717,442,-748,2,下位,0,0,0
424,424,0,228,579,0,1,303,717,442,-748,2,下位,0,303,0
440,440,0,-6,-23,0,0,0,727,579,-1329,4,下位,0,0,0
88,88,0,54,179,0,1,440,727,579,-1329,4,下位,0,440,0
422,422,0,27,81,0,0,0,528,179,-1999,1,下位,0,0,0
351,351,0,133,371,0,0,0,422,81,-2578,1,下位,0,0,0
171,171,0,-6,-23,0,0,0,351,371,-2756,2,下位,0,0,0
390,390,0,823,1818,0,1,171,351,371,-2756,2,下位,0,171,0
147,147,0,142,400,0,0,0,561,1818,-1839,11,下位,0,0,0
339,339,0,289,850,1,0,0,0,0,1,0,下位,0,0,0
136,136,0,42,146,0,0,0,339,850,321,3,下位,0,0,0
361,361,0,42,145,0,0,0,136,146,254,1,下位,0,0,0
520,520,0,61,213,0,0,0,361,145,-166,1,下位,0,0,0
231,231,0,34,113,0,0,0,520,213,-766,1,下位,0,0,0
179,179,0,304,694,0,0,0,231,113,-1014,1,下位,0,0,0
204,204,0,36,123,0,0,0,179,694,-600,4,下位,0,0,0
592,592,0,180,300,0,0,0,204,123,-796,1,下位,0,0,0
184,184,0,-6,-23,0,0,0,592,300,-1421,3,下位,0,0,0
97,97,0,-6,-23,0,1,184,592,300,-1421,3,下位,0,184,0
72,72,0,40,138,0,2,281,592,300,-1421,3,下位,0,97,0
285,285,0,65,212,0,0,0,353,138,-1882,1,下位,0,0,0
180,180,0,198,481,0,0,0,285,212,-2116,1,下位,0,0,0
603,603,0,232,620,0,0,0,180,481,-1917,3,下位,0,0,0
411,411,0,57,206,0,0,0,603,620,-2240,3,下位,0,0,0
381,381,0,-6,-23,0,0,0,411,206,-2677,1,下位,0,0,0
350,350,0,62,217,0,1,381,411,206,-2677,1,下位,0,381,0
542,542,0,-6,-23,1,0,0,0,0,1,0,下位,0,0,0
46,46,0,52,188,1,1,542,0,0,1,0,下位,0,542,0
130,130,0,475,1098,0,0,0,588,188,-753,1,下位,0,0,0
67,67,0,-6,-23,0,0,0,130,1098,141,6,下位,0,0,0
229,229,0,64,222,0,1,67,130,1098,141,6,下位,0,67,0
403,403,0,74,270,0,0,0,296,222,-123,1,下位,0,0,0
273,273,0,-6,-23,0,0,0,403,270,-483,1,下位,0,0,0
68,68,0,252,692,0,1,273,403,270,-483,1,下位,0,273,0
405,405,0,142,404,0,0,0,341,692,-348,3,下位,0,0,0
170,170,0,-6,-23,0,0,0,405,404,-578,2,下位,0,0,0
430,430,0,429,866,0,1,170,405,404,-578,2,下位,0,170,0
270,270,0,-6,-23,0,0,0,600,866,-673,6,下位,0,0,0
361,361,0,90,332,0,1,270,600,866,-673,6,下位,0,270,0
133,133,0,115,322,0,0,0,631,332,-1351,1,下位,0,0,0
283,283,0,-6,-23,0,0,0,133,322,-1237,2,下位,0,0,0
279,279,0,-6,-23,0,1,283,133,322,-1237,2,下位,0,283,0
86,86,0,-6,-23,0,2,562,133,322,-1237,2,下位,0,279,0
120,120,0,114,315,0,3,648,133,322,-1237,2,下位,0,86,0
121,121,0,85,320,0,0,0,768,315,-2193,2,下位,0,0,0
141,141,0,141,363,1,0,0,0,0,1,0,下位,0,0,0
378,378,0,728,1525,0,0,0,141,363,143,2,下位,0,0,0
469,469,0,113,255,0,0,0,378,1525,1077,11,下位,0,0,0
272,272,0,-6,-23,0,0,0,469,255,599,2,下位,0,0,0
76,76,0,384,696,0,1,272,469,255,599,2,下位,0,272,0
357,357,0,61,217,0,0,0,348,696,728,6,下位,0,0,0
224,224,0,964,1967,0,0,0,357,217,387,1,下位,0,0,0
121,121,0,-6,-23,0,0,0,224,1967,2005,16,下位,0,0,0
199,199,0,93,216,0,1,121,224,1967,2005,16,下位,0,121,0
303,303,0,-6,-23,1,0,0,0,0,1,0,下位,0,0,0
150,150,0,-6,-23,1,1,303,0,0,1,0,下位,0,303,0
610,610,0,38,133,1,2,453,0,0,1,0,下位,0,150,0
190,190,0,45,125,0,0,0,1063,133,-1575,1,下位,0,0,0
288,288,0,-6,-23,0,0,0,190,125,-1747,1,下位,0,0,0
266,266,0,37,126,0,1,288,190,125,-1747,1,下位,0,288,0
210,210,0,137,379,0,0,0,554,126,-2510,1,下位,0,0,0
346,346,0,377,868,0,0,0,210,379,-2460,2,下位,0,0,0
377,377,0,1338,3378,0,0,0,346,868,-2134,5,下位,0,0,0
287,287,0,-6,-23,1,0,0,0,0,1,0,下位,0,0,0
281,281,0,50,178,1,1,287,0,0,1,0,下位,0,287,0
189,189,0,-6,-23,0,0,0,568,178,-733,1,下位,0,0,0
465,465,0,-6,-23,0,1,189,568,178,-733,1,下位,0,189,0
99,99,0,616,1215,0,2,654,568,178,-733,1,下位,0,465,0
456,456,0,283,777,0,0,0,753,1215,-741,9,下位,0,0,0
311,311,0,-6,-23,0,0,0,456,777,-677,4,下位,0,0,0
199,199,0,-6,-23,0,1,311,456,777,-677,4,下位,0,311,0
56,56,0,39,134,0,2,510,456,777,-677,4,下位,0,199,0
303,303,0,118,353,0,0,0,566,134,-1474,1,下位,0,0,0
64,64,0,40,137,0,0,0,303,353,-1595,2,下位,0,0,0
542,542,0,1513,4038,0,0,0,64,137,-1558,1,下位,0,0,0
303,303,0,-6,-23,1,0,0,0,0,1,0,下位,0,0,0
150,150,0,-6,-23,1,1,303,0,0,1,0,下位,0,303,0
610,610,0,38,133,1,2,453,0,0,1,0,下位,0,150,0
190,190,0,45,125,0,0,0,1063,133,-1575,1,下位,0,0,0
288,288,0,-6,-23,0,0,0,190,125,-1747,1,下位,0,0,0
266,266,0,37,126,0,1,288,190,125,-1747,1,下位,0,288,0
210,210,0,137,379,0,0,0,554,126,-2510,1,下位,0,0,0
346,346,0,377,868,0,0,0,210,379,-2460,2,下位,0,0,0
377,377,0,1338,3378,0,0,0,346,868,-2134,5,下位,0,0,0
287,287,0,-6,-23,1,0,0,0,0,1,0,下位,0,0,0
281,281,0,50,178,1,1,287,0,0,1,0,下位,0,287,0
189,189,0,-6,-23,0,0,0,568,178,-733,1,下位,0,0,0
465,465,0,-6,-23,0,1,189,568,178,-733,1,下位,0,189,0
99,99,0,616,1215,0,2,654,568,178,-733,1,下位,0,465,0
456,456,0,283,777,0,0,0,753,1215,-741,9,下位,0,0,0
311,311,0,-6,-23,0,0,0,456,777,-677,4,下位,0,0,0
199,199,0,-6,-23,0,1,311,456,777,-677,4,下位,0,311,0
56,56,0,39,134,0,2,510,456,777,-677,4,下位,0,199,0
303,303,0,118,353,0,0,0,566,134,-1474,1,下位,0,0,0
64,64,0,40,137,0,0,0,303,353,-1595,2,下位,0,0,0
542,542,0,1513,4038,0,0,0,64,137,-1558,1,下位,0,0,0
230,230,0,-6,-23,1,0,0,0,0,1,0,下位,0,0,0
82,82,0,-6,-23,1,1,230,0,0,1,0,下位,0,230,0
197,197,0,-6,-23,1,2,312,0,0,1,0,下位,0,82,0
428,428,0,61,213,1,3,509,0,0,1,0,下位,0,197,0
195,195,0,287,737,0,0,0,937,213,-1321,1,下位,0,0,0
448,448,0,2138,6298,0,0,0,195,737,-889,4,下位,0,0,0
616,616,0,60,202,0,0,0,448,6298,-2,23,上位,0,0,0
518,518,0,-6,-23,0,0,0,616,202,-763,1,下位,0,0,0
40,40,0,-6,-23,0,1,518,616,202,-763,1,下位,0,518,0
372,372,0,-6,-23,0,2,558,616,202,-763,1,下位,0,40,0
184,184,0,36,116,0,3,930,616,202,-763,1,下位,0,372,0
146,146,0,229,466,1,0,0,0,0,1,0,下位,0,0,0
78,78,0,993,2374,0,0,0,146,466,238,3,下位,0,0,0
165,165,0,-6,-23,0,0,0,78,2374,242,14,上位,0,0,0
564,564,0,-6,-23,0,1,165,78,2374,242,14,上位,0,165,0
193,193,0,49,159,0,2,729,78,2374,242,14,上位,0,564,0
160,160,0,-6,-23,0,0,0,922,159,-1087,1,下位,0,0,0
188,188,0,180,418,0,1,160,922,159,-1087,1,下位,0,160,0
403,403,0,-6,-23,0,0,0,348,418,-1236,3,下位,0,0,0
524,524,0,-6,-23,0,1,403,348,418,-1236,3,下位,0,403,0
77,77,0,39,128,0,2,927,348,418,-1236,3,下位,0,524,0
190,190,0,-6,-23,0,0,0,1004,128,-2724,1,下位,0,0,0
193,193,0,-6,-23,0,1,190,1004,128,-2724,1,下位,0,190,0
325,325,0,-6,-23,0,2,383,1004,128,-2724,1,下位,0,193,0
312,312,0,548,1302,0,3,708,1004,128,-2724,1,下位,0,325,0
280,280,0,126,325,1,0,0,0,0,1,0,下位,0,0,0
371,371,0,409,792,0,0,0,280,325,-112,2,下位,0,0,0
451,451,0,76,285,0,0,0,371,792,100,6,下位,0,0,0
148,148,0,-6,-23,0,0,0,451,285,-320,1,下位,0,0,0
130,130,0,-6,-23,0,1,148,451,285,-320,1,下位,0,148,0
376,376,0,147,456,0,2,278,451,285,-320,1,下位,0,130,0
164,164,0,470,1146,0,0,0,654,456,-934,2,下位,0,0,0
391,391,0,221,581,0,0,0,164,1146,-45,5,下位,0,0,0
158,158,0,-6,-23,0,0,0,391,581,-75,3,下位,0,0,0
210,210,0,-6,-23,0,1,158,391,581,-75,3,下位,0,158,0
43,43,0,32,91,0,2,368,391,581,-75,3,下位,0,210,0
211,211,0,-6,-23,0,0,0,411,91,-674,1,下位,0,0,0
152,152,0,76,265,0,1,211,411,91,-674,1,下位,0,211,0
95,95,0,147,434,1,0,0,0,0,1,0,下位,0,0,0
205,205,0,209,545,0,0,0,95,434,286,2,下位,0,0,0
432,432,0,70,243,0,0,0,205,545,510,3,下位,0,0,0
305,305,0,-6,-23,0,0,0,432,243,78,1,下位,0,0,0
483,483,0,-6,-23,0,1,305,432,243,78,1,下位,0,305,0
205,205,0,254,541,0,2,788,432,243,78,1,下位,0,483,0
140,140,0,-6,-23,0,0,0,993,541,-980,4,下位,0,0,0
210,210,0,-6,-23,0,1,140,993,541,-980,4,下位,0,140,0
392,392,0,110,282,0,2,350,993,541,-980,4,下位,0,210,0
65,65,0,533,1202,0,0,0,742,282,-1905,2,下位,0,0,0
352,352,0,-6,-23,0,0,0,65,1202,-805,7,下位,0,0,0
397,397,0,-6,-23,0,1,352,65,1202,-805,7,下位,0,352,0
206,206,0,67,248,0,2,749,65,1202,-805,7,下位,0,397,0
485,485,0,204,517,1,0,0,0,0,1,0,下位,0,0,0
113,113,0,-6,-23,0,0,0,485,517,-240,3,下位,0,0,0
516,516,0,36,122,0,1,113,485,517,-240,3,下位,0,113,0
491,491,0,-6,-23,0,0,0,629,122,-1125,1,下位,0,0,0
301,301,0,-6,-23,0,1,491,629,122,-1125,1,下位,0,491,0
364,364,0,-6,-23,0,2,792,629,122,-1125,1,下位,0,301,0
116,116,0,34,113,0,3,1156,629,122,-1125,1,下位,0,364,0
247,247,0,-6,-23,0,0,0,1272,113,-3071,1,下位,0,0,0
183,183,0,-6,-23,0,1,247,1272,113,-3071,1,下位,0,247,0
149,149,0,585,1439,0,2,430,1272,113,-3071,1,下位,0,183,0
358,358,0,156,441,0,0,0,579,1439,-2583,7,下位,0,0,0
86,86,0,42,146,0,0,0,358,441,-2702,2,下位,0,0,0
84,84,0,-6,-23,0,0,0,86,146,-2691,1,下位,0,0,0
188,188,0,-6,-23,0,1,84,86,146,-2691,1,下位,0,84,0
159,159,0,40,135,0,2,272,86,146,-2691,1,下位,0,188,0
257,257,0,216,628,1,0,0,0,0,1,0,下位,0,0,0
376,376,0,536,1077,0,0,0,257,628,227,3,下位,0,0,0
384,384,0,196,509,0,0,0,376,1077,716,7,下位,0,0,0
106,106,0,-6,-23,0,0,0,384,509,625,3,下位,0,0,0
155,155,0,90,234,0,1,106,384,509,625,3,下位,0,106,0
171,171,0,-6,-23,0,0,0,261,234,427,2,下位,0,0,0
134,134,0,-6,-23,0,1,171,261,234,427,2,下位,0,171,0
434,434,0,36,124,0,2,305,261,234,427,2,下位,0,134,0
402,402,0,-6,-23,0,0,0,739,124,-652,1,下位,0,0,0
140,140,0,62,228,0,1,402,739,124,-652,1,下位,0,402,0
427,427,0,-6,-23,0,0,0,542,228,-1295,1,下位,0,0,0
448,448,0,-6,-23,0,1,427,542,228,-1295,1,下位,0,427,0
376,376,0,-6,-23,0,2,875,542,228,-1295,1,下位,0,448,0
462,462,0,262,556,0,3,1251,542,228,-1295,1,下位,0,376,0
378,378,0,-6,-23,1,0,0,0,0,1,0,下位,0,0,0
149,149,0,61,223,1,1,378,0,0,1,0,下位,0,378,0
221,221,0,-6,-23,0,0,0,527,223,-623,1,下位,0,0,0
405,405,0,-6,-23,0,1,221,527,223,-623,1,下位,0,221,0
107,107,0,-6,-23,0,2,626,527,223,-623,1,下位,0,405,0
62,62,0,1928,5049,0,3,733,527,223,-623,1,下位,0,107,0
385,385,0,-6,-23,0,0,0,795,5049,262,23,上位,0,0,0
115,115,0,142,408,0,1,385,795,5049,262,23,上位,0,385,0
443,443,0,110,270,0,0,0,500,408,-135,2,下位,0,0,0
64,64,0,-6,-23,0,0,0,443,270,-558,2,下位,0,0,0
584,584,0,492,1200,0,1,64,443,270,-558,2,下位,0,64,0
123,123,0,-6,-23,1,0,0,0,0,1,0,下位,0,0,0
123,123,0,-6,-23,1,1,123,0,0,1,0,下位,0,123,0
494,494,0,64,220,1,2,246,0,0,1,0,下位,0,123,0
240,240,0,320,725,0,0,0,740,220,-983,1,下位,0,0,0
164,164,0,70,258,0,0,0,240,725,-633,4,下位,0,0,0
566,566,0,55,198,0,0,0,164,258,-632,1,下位,0,0,0
334,334,0,-6,-23,0,0,0,566,198,-1319,1,下位,0,0,0
520,520,0,115,315,0,1,334,566,198,-1319,1,下位,0,334,0
416,416,0,-6,-23,0,0,0,854,315,-2362,2,下位,0,0,0
107,107,0,54,195,0,1,416,854,315,-2362,2,下位,0,416,0
169,169,0,58,207,0,0,0,523,195,-3008,1,下位,0,0,0
417,417,0,-6,-23,0,0,0,169,207,-3066,1,下位,0,0,0
120,120,0,106,306,0,1,417,169,207,-3066,1,下位,0,417,0
