REGゲーム数,当該REGゲーム数,REG枚数,ATゲーム数,AT枚数,朝イチ,スルー回数,AT間ゲーム数,前回AT当選ゲーム数,前回AT獲得枚数,前回差枚数,前回連荘数,前回種別,機種別条件,前回REG当選ゲーム数,前回REG獲得枚数
101,101,0,82,88,1,0,0,0,0,1,0,下位,0,0,0
1193,210,112,154,276,0,0,0,101,140,-22,1,下位,0,0,0
983,134,57,154,276,0,1,210,101,140,-22,1,下位,0,210,55
849,849,0,154,276,0,2,344,101,140,-22,1,下位,0,134,57
970,970,0,76,68,0,0,0,1193,328,-1506,3,下位,0,0,0
31,31,0,174,313,1,0,0,0,0,1,0,下位,0,0,0
1573,602,121,100,294,0,0,0,31,365,316,5,下位,0,0,0
971,971,0,100,294,0,1,602,31,365,316,5,下位,0,602,121
119,119,0,66,110,0,0,0,1573,346,-1754,2,下位,0,0,0
885,885,0,76,31,0,0,0,119,162,-1784,1,下位,0,0,0
894,759,115,73,36,0,0,0,885,83,-3128,1,下位,0,0,0
135,135,0,73,36,0,1,759,885,83,-3128,1,下位,0,759,115
557,557,0,74,21,0,0,0,894,88,-4367,1,下位,0,0,0
522,522,0,175,390,1,0,0,0,0,1,0,下位,0,0,0
614,614,0,114,266,1,0,0,0,0,1,0,下位,0,0,0
490,490,0,62,48,1,0,0,0,0,1,0,下位,0,0,0
691,691,0,80,84,0,0,0,490,100,-689,1,下位,0,0,0
761,761,0,76,23,1,0,0,0,0,1,0,下位,0,0,0
793,793,0,157,173,0,0,0,761,75,-1151,1,下位,0,0,0
272,272,0,66,114,1,0,0,0,0,1,0,下位,0,0,0
256,256,0,91,150,0,0,0,272,166,-272,1,下位,0,0,0
175,175,0,120,249,1,0,0,0,0,1,0,下位,0,0,0
424,424,0,123,180,0,0,0,175,301,20,3,下位,0,0,0
582,582,0,74,107,0,0,0,424,232,-432,3,下位,0,0,0
865,865,0,96,142,0,0,0,582,159,-1212,1,下位,0,0,0
189,189,0,180,237,1,0,0,0,0,1,0,下位,0,0,0
794,794,0,62,50,0,0,0,189,289,-15,4,下位,0,0,0
285,285,0,164,245,1,0,0,0,0,1,0,下位,0,0,0
1309,95,175,108,135,0,0,0,285,297,-162,5,下位,0,0,0
1214,249,59,108,135,0,1,95,285,297,-162,5,下位,0,95,116
965,965,0,108,135,0,2,344,285,297,-162,5,下位,0,249,59
968,373,178,68,103,0,0,0,1309,187,-1911,2,下位,0,0,0
595,77,117,68,103,0,1,373,1309,187,-1911,2,下位,0,373,61
518,518,0,68,103,0,2,450,1309,187,-1911,2,下位,0,77,117
641,641,0,2001,10308,0,0,0,968,155,-3139,1,下位,0,0,0
184,184,0,62,42,0,0,0,641,10360,745,16,上位,0,0,0
664,664,0,152,343,1,0,0,0,0,1,0,下位,0,0,0
571,571,0,137,142,0,0,0,664,395,-675,3,下位,0,0,0
264,264,0,72,38,0,0,0,571,194,-1402,3,下位,0,0,0
203,203,0,118,102,0,0,0,264,90,-1738,1,下位,0,0,0
257,84,123,79,169,0,0,0,203,154,-1911,2,下位,0,0,0
173,173,0,79,169,0,1,84,203,154,-1911,2,下位,0,84,123
754,754,0,83,92,0,0,0,257,221,-1981,1,下位,0,0,0
320,320,0,1452,7476,0,0,0,754,144,-3053,1,下位,0,0,0
851,851,0,78,161,0,0,0,320,7528,755,15,上位,0,0,0
978,978,0,80,91,1,0,0,0,0,1,0,下位,0,0,0
739,739,0,1570,8140,1,0,0,0,0,1,0,下位,0,0,0
931,205,59,83,150,1,0,0,0,0,1,0,下位,0,0,0
726,726,0,83,150,1,1,205,0,0,1,0,下位,0,205,59
772,772,0,94,73,0,0,0,931,202,-1240,2,下位,0,0,0
40,40,0,78,165,1,0,0,0,0,1,0,下位,0,0,0
210,210,0,849,4030,0,0,0,40,217,153,1,下位,0,0,0
479,479,0,91,77,1,0,0,0,0,1,0,下位,0,0,0
220,220,0,168,322,0,0,0,479,129,-643,1,下位,0,0,0
1304,268,122,101,269,1,0,0,0,0,1,0,下位,0,0,0
1036,329,61,101,269,1,1,268,0,0,1,0,下位,0,268,61
707,707,0,101,269,1,2,597,0,0,1,0,下位,0,329,61
148,148,0,102,132,0,0,0,1304,321,-1659,2,下位,0,0,0
974,974,0,118,200,0,0,0,148,184,-1714,1,下位,0,0,0
163,163,0,111,182,1,0,0,0,0,1,0,下位,0,0,0
530,530,0,66,116,1,0,0,0,0,1,0,下位,0,0,0
295,295,0,1007,5006,0,0,0,530,168,-686,1,下位,0,0,0
88,88,0,151,207,0,0,0,295,5058,759,10,上位,0,0,0
438,438,0,113,108,1,0,0,0,0,1,0,下位,0,0,0
524,524,0,182,232,0,0,0,438,160,-545,2,下位,0,0,0
141,141,0,174,231,0,0,0,524,284,-1106,3,下位,0,0,0
2275,740,173,69,108,0,0,0,141,283,-1050,4,下位,0,0,0
1535,613,110,69,108,0,1,740,141,283,-1050,4,下位,0,740,63
922,922,0,69,108,0,2,1353,141,283,-1050,4,下位,0,613,110
833,833,0,102,141,0,0,0,2275,160,-4387,1,下位,0,0,0
822,822,0,100,64,1,0,0,0,0,1,0,下位,0,0,0
964,964,0,94,153,0,0,0,822,116,-1209,2,下位,0,0,0
595,595,0,1226,6412,0,0,0,964,205,-2559,1,下位,0,0,0
306,306,0,66,98,1,0,0,0,0,1,0,下位,0,0,0
891,891,0,1166,5589,0,0,0,306,150,-343,1,下位,0,0,0
160,160,0,62,44,0,0,0,891,5641,753,11,上位,0,0,0
106,106,0,859,4013,1,0,0,0,0,1,0,下位,0,0,0
1327,372,354,89,152,0,0,0,106,4065,769,8,上位,0,0,0
955,498,291,89,152,0,1,372,106,4065,769,8,上位,0,372,63
457,145,172,89,152,0,2,870,106,4065,769,8,上位,0,498,119
312,81,117,89,152,0,3,1015,106,4065,769,8,上位,0,145,55
231,231,0,89,152,0,4,1096,106,4065,769,8,上位,0,81,117
303,303,0,57,54,0,0,0,1327,204,-814,2,下位,0,0,0
920,920,0,76,172,0,0,0,303,106,-1197,1,下位,0,0,0
423,423,0,118,109,0,0,0,920,224,-2457,1,下位,0,0,0
337,337,0,82,92,0,0,0,423,161,-2978,2,下位,0,0,0
285,285,0,130,311,1,0,0,0,0,1,0,下位,0,0,0
797,797,0,70,115,0,0,0,285,363,-96,3,下位,0,0,0
203,203,0,77,161,0,0,0,797,167,-1214,1,下位,0,0,0
55,55,0,86,89,0,0,0,203,213,-1328,1,下位,0,0,0
165,165,0,57,56,0,0,0,55,141,-1276,1,下位,0,0,0
130,130,0,102,144,0,0,0,165,108,-1434,1,下位,0,0,0
965,965,0,98,221,0,0,0,130,196,-1448,2,下位,0,0,0
179,179,0,123,387,0,0,0,965,273,-2731,2,下位,0,0,0
966,966,0,71,41,0,0,0,179,439,-2581,3,下位,0,0,0
533,533,0,74,29,1,0,0,0,0,1,0,下位,0,0,0
116,116,0,92,154,0,0,0,533,81,-778,1,下位,0,0,0
962,962,0,98,139,0,0,0,116,206,-759,2,下位,0,0,0
605,605,0,202,361,1,0,0,0,0,1,0,下位,0,0,0
276,276,0,112,200,0,0,0,605,413,-562,6,下位,0,0,0
576,576,0,109,119,0,0,0,276,252,-755,2,下位,0,0,0
848,848,0,66,116,0,0,0,576,171,-1513,2,下位,0,0,0
867,867,0,142,209,0,0,0,848,168,-2713,1,下位,0,0,0
289,289,0,148,346,0,0,0,867,261,-3850,2,下位,0,0,0
759,759,0,162,334,0,0,0,289,398,-3918,4,下位,0,0,0
496,496,0,130,293,0,0,0,759,386,-4756,3,下位,0,0,0
331,331,0,200,345,1,0,0,0,0,1,0,下位,0,0,0
660,660,0,90,81,0,0,0,331,397,-136,5,下位,0,0,0
966,966,0,101,116,0,0,0,660,133,-1068,1,下位,0,0,0
264,264,0,1103,5347,0,0,0,966,168,-2458,2,下位,0,0,0
792,792,0,102,278,1,0,0,0,0,1,0,下位,0,0,0
195,195,0,134,166,0,0,0,792,330,-946,2,下位,0,0,0
340,340,0,69,113,0,0,0,195,218,-1043,3,下位,0,0,0
588,149,59,83,90,0,0,0,340,165,-1426,1,下位,0,0,0
439,439,0,83,90,0,1,149,340,165,-1426,1,下位,0,149,59
451,163,61,123,233,0,0,0,588,142,-2173,1,下位,0,0,0
288,288,0,123,233,0,1,163,588,142,-2173,1,下位,0,163,61
858,858,0,160,196,0,0,0,451,285,-2555,3,下位,0,0,0
333,333,0,137,222,1,0,0,0,0,1,0,下位,0,0,0
508,508,0,78,104,0,0,0,333,274,-262,2,下位,0,0,0
838,838,0,134,167,1,0,0,0,0,1,0,下位,0,0,0
292,292,0,75,29,0,0,0,838,219,-1132,2,下位,0,0,0
285,285,0,84,165,0,0,0,292,81,-1522,1,下位,0,0,0
427,427,0,86,86,0,0,0,285,217,-1765,1,下位,0,0,0
1292,327,117,178,300,0,0,0,427,138,-2316,1,下位,0,0,0
965,965,0,178,300,0,1,327,427,138,-2316,1,下位,0,327,117
1303,414,236,114,183,0,0,0,1292,352,-3930,4,下位,0,0,0
889,205,115,114,183,0,1,414,1292,352,-3930,4,下位,0,414,121
684,684,0,114,183,0,2,619,1292,352,-3930,4,下位,0,205,115
275,275,0,81,173,1,0,0,0,0,1,0,下位,0,0,0
703,703,0,165,241,0,0,0,275,225,-218,1,下位,0,0,0
966,966,0,116,194,0,0,0,703,293,-1059,3,下位,0,0,0
1166,380,55,192,297,1,0,0,0,0,1,0,下位,0,0,0
786,786,0,192,297,1,1,380,0,0,1,0,下位,0,380,55
284,284,0,847,4271,1,0,0,0,0,1,0,下位,0,0,0
846,103,228,1101,5516,0,0,0,284,4323,759,9,上位,0,0,0
743,269,115,1101,5516,0,1,103,284,4323,759,9,上位,0,103,113
474,474,0,1101,5516,0,2,372,284,4323,759,9,上位,0,269,115
451,451,0,89,75,1,0,0,0,0,1,0,下位,0,0,0
1070,155,118,114,263,0,0,0,451,127,-599,1,下位,0,0,0
915,231,59,114,263,0,1,155,451,127,-599,1,下位,0,155,59
684,684,0,114,263,0,2,386,451,127,-599,1,下位,0,231,59
627,627,0,69,39,1,0,0,0,0,1,0,下位,0,0,0
244,244,0,92,76,0,0,0,627,91,-919,1,下位,0,0,0
763,763,0,1548,7807,0,0,0,244,128,-1185,1,下位,0,0,0
136,136,0,84,167,0,0,0,763,7859,765,14,上位,0,0,0
955,955,0,152,196,1,0,0,0,0,1,0,下位,0,0,0
1854,159,174,118,179,0,0,0,955,248,-1291,3,下位,0,0,0
1695,777,57,118,179,0,1,159,955,248,-1291,3,下位,0,159,117
918,918,0,118,179,0,2,936,955,248,-1291,3,下位,0,777,57
794,715,53,76,94,0,0,0,1854,231,-3876,2,下位,0,0,0
79,79,0,76,94,0,1,715,1854,231,-3876,2,下位,0,715,53
214,214,0,63,119,0,0,0,794,146,-4957,1,下位,0,0,0
680,680,0,86,150,1,0,0,0,0,1,0,下位,0,0,0
967,967,0,1927,10077,0,0,0,680,202,-894,1,下位,0,0,0
749,281,178,59,59,0,0,0,967,10129,748,15,上位,0,0,0
468,268,61,59,59,0,1,281,967,10129,748,15,上位,0,281,117
200,200,0,59,59,0,2,549,967,10129,748,15,上位,0,268,61
795,31,63,70,113,1,0,0,0,0,1,0,下位,0,0,0
764,764,0,70,113,1,1,31,0,0,1,0,下位,0,31,63
299,299,0,1069,5408,0,0,0,795,165,-1053,1,下位,0,0,0
382,382,0,70,112,0,0,0,299,5460,743,10,上位,0,0,0
793,793,0,159,184,1,0,0,0,0,1,0,下位,0,0,0
52,52,0,73,29,0,0,0,793,236,-1042,3,下位,0,0,0
747,747,0,1386,6893,0,0,0,52,81,-1045,1,下位,0,0,0
238,238,0,82,92,1,0,0,0,0,1,0,下位,0,0,0
257,257,0,113,123,0,0,0,238,144,-239,1,下位,0,0,0
599,599,0,86,82,0,0,0,257,175,-479,3,下位,0,0,0
78,78,0,69,115,1,0,0,0,0,1,0,下位,0,0,0
230,230,0,149,270,0,0,0,78,167,42,1,下位,0,0,0
937,490,63,158,257,0,0,0,230,322,-7,4,下位,0,0,0
447,447,0,158,257,0,1,490,230,322,-7,4,下位,0,490,63
1044,973,55,110,42,0,0,0,937,309,-1146,4,下位,0,0,0
71,71,0,110,42,0,1,973,937,309,-1146,4,下位,0,973,55
146,146,0,91,146,0,0,0,1044,94,-2681,2,下位,0,0,0
131,131,0,59,49,0,0,0,146,198,-2718,1,下位,0,0,0
291,95,123,1486,7721,0,0,0,131,101,-2828,1,下位,0,0,0
196,196,0,1486,7721,0,1,95,131,101,-2828,1,下位,0,95,123
765,765,0,185,297,1,0,0,0,0,1,0,下位,0,0,0
80,80,0,78,30,1,0,0,0,0,1,0,下位,0,0,0
215,215,0,895,4212,0,0,0,80,82,-46,1,下位,0,0,0
1000,373,115,1174,5540,0,0,0,215,4264,773,10,上位,0,0,0
627,627,0,1174,5540,0,1,373,215,4264,773,10,上位,0,373,115
222,222,0,68,114,0,0,0,1000,5592,769,10,上位,0,0,0
333,333,0,98,126,0,0,0,222,166,577,1,下位,0,0,0
101,101,0,113,244,1,0,0,0,0,1,0,下位,0,0,0
971,971,0,94,136,0,0,0,101,296,134,3,下位,0,0,0
814,814,0,144,305,1,0,0,0,0,1,0,下位,0,0,0
939,788,117,122,253,0,0,0,814,357,-955,4,下位,0,0,0
151,151,0,122,253,0,1,788,814,357,-955,4,下位,0,788,117
257,257,0,90,70,1,0,0,0,0,1,0,下位,0,0,0
411,411,0,146,207,0,0,0,257,122,-292,1,下位,0,0,0
78,78,0,906,4686,0,0,0,411,259,-696,3,下位,0,0,0
787,787,0,77,167,1,0,0,0,0,1,0,下位,0,0,0
300,300,0,86,84,0,0,0,787,219,-1049,1,下位,0,0,0
499,499,0,75,106,0,0,0,300,136,-1397,1,下位,0,0,0
277,277,0,104,279,0,0,0,499,158,-2044,1,下位,0,0,0
2156,392,358,94,141,0,0,0,277,331,-2160,3,下位,0,0,0
1764,226,297,94,141,0,1,392,277,331,-2160,3,下位,0,392,61
1538,965,180,94,141,0,2,618,277,331,-2160,3,下位,0,226,117
573,327,117,94,141,0,3,1583,277,331,-2160,3,下位,0,965,63
246,246,0,94,141,0,4,1910,277,331,-2160,3,下位,0,327,117
300,300,0,76,111,0,0,0,2156,193,-5086,2,下位,0,0,0
62,62,0,116,174,0,0,0,300,163,-5407,1,下位,0,0,0
977,977,0,65,39,1,0,0,0,0,1,0,下位,0,0,0
733,733,0,74,109,0,0,0,977,91,-1484,1,下位,0,0,0
226,226,0,1236,6001,0,0,0,733,161,-2505,1,下位,0,0,0
636,636,0,121,174,1,0,0,0,0,1,0,下位,0,0,0
554,554,0,123,239,0,0,0,636,226,-799,2,下位,0,0,0
250,250,0,172,324,0,0,0,554,291,-1402,2,下位,0,0,0
795,795,0,98,130,0,0,0,250,376,-1429,4,下位,0,0,0
1523,726,61,1982,10322,0,0,0,795,182,-2529,2,下位,0,0,0
797,797,0,1982,10322,0,1,726,795,182,-2529,2,下位,0,726,61
973,973,0,116,331,0,0,0,1523,10374,771,17,上位,0,0,0
237,237,0,94,72,0,0,0,973,383,-415,4,下位,0,0,0
674,674,0,206,337,1,0,0,0,0,1,0,下位,0,0,0
943,943,0,156,190,0,0,0,674,389,-697,5,下位,0,0,0
160,160,0,118,254,0,0,0,943,242,-1976,3,下位,0,0,0
199,199,0,132,280,0,0,0,160,306,-1928,2,下位,0,0,0
597,425,113,76,109,0,0,0,199,332,-1917,3,下位,0,0,0
172,172,0,76,109,0,1,425,199,332,-1917,3,下位,0,425,113
275,275,0,60,47,0,0,0,597,161,-2605,2,下位,0,0,0
557,557,0,102,128,1,0,0,0,0,1,0,下位,0,0,0
198,198,0,138,233,0,0,0,557,180,-717,2,下位,0,0,0
1911,727,120,109,127,0,0,0,198,285,-751,3,下位,0,0,0
1184,306,59,109,127,0,1,727,198,285,-751,3,下位,0,727,61
878,878,0,109,127,0,2,1033,198,285,-751,3,下位,0,306,59
1633,768,59,77,99,0,0,0,1911,179,-3535,3,下位,0,0,0
865,865,0,77,99,0,1,768,1911,179,-3535,3,下位,0,768,59
739,739,0,95,52,0,0,0,1633,151,-5959,2,下位,0,0,0
985,220,119,149,281,0,0,0,739,104,-7047,2,下位,0,0,0
765,765,0,149,281,0,1,220,739,104,-7047,2,下位,0,220,119
1611,404,235,147,247,0,0,0,985,333,-8184,4,下位,0,0,0
1207,842,174,147,247,0,1,404,985,333,-8184,4,下位,0,404,61
365,132,57,147,247,0,2,1246,985,333,-8184,4,下位,0,842,117
233,233,0,147,247,0,3,1378,985,333,-8184,4,下位,0,132,57
689,689,0,1020,4985,1,0,0,0,0,1,0,下位,0,0,0
566,566,0,89,153,0,0,0,689,5037,763,9,上位,0,0,0
1301,332,115,102,142,0,0,0,566,205,55,1,下位,0,0,0
969,969,0,102,142,0,1,332,566,205,55,1,下位,0,332,115
671,671,0,153,346,0,0,0,1301,194,-1734,1,下位,0,0,0
426,426,0,136,215,1,0,0,0,0,1,0,下位,0,0,0
549,549,0,140,285,0,0,0,426,267,-419,3,下位,0,0,0
966,966,0,92,226,0,0,0,549,337,-967,3,下位,0,0,0
360,360,0,82,90,0,0,0,966,278,-2247,2,下位,0,0,0
348,348,0,51,46,0,0,0,360,142,-2686,1,下位,0,0,0
376,265,57,72,180,0,0,0,348,98,-3149,1,下位,0,0,0
111,111,0,72,180,0,1,265,348,98,-3149,1,下位,0,265,57
329,329,0,102,127,0,0,0,376,232,-3466,1,下位,0,0,0
1360,963,115,98,134,0,0,0,329,179,-3818,2,下位,0,0,0
397,397,0,98,134,0,1,963,329,179,-3818,2,下位,0,963,115
183,183,0,99,197,0,0,0,1360,186,-5710,2,下位,0,0,0
1891,340,169,140,305,0,0,0,183,249,-5756,2,下位,0,0,0
1551,343,112,140,305,0,1,340,183,249,-5756,2,下位,0,340,57
1208,925,57,140,305,0,2,683,183,249,-5756,2,下位,0,343,55
283,283,0,140,305,0,3,1608,183,249,-5756,2,下位,0,925,57
894,894,0,98,140,1,0,0,0,0,1,0,下位,0,0,0
156,156,0,76,157,0,0,0,894,192,-1249,1,下位,0,0,0
938,938,0,78,87,0,0,0,156,209,-1292,1,下位,0,0,0
214,214,0,73,29,0,0,0,938,139,-2666,1,下位,0,0,0
225,225,0,103,132,0,0,0,214,81,-2930,1,下位,0,0,0
969,799,61,93,136,0,0,0,225,184,-3109,1,下位,0,0,0
170,170,0,93,136,0,1,799,225,184,-3109,1,下位,0,799,61
138,138,0,86,86,0,0,0,969,188,-4423,2,下位,0,0,0
968,968,0,117,174,0,0,0,138,138,-4508,1,下位,0,0,0
257,257,0,88,150,0,0,0,968,226,-5843,2,下位,0,0,0
779,779,0,168,306,1,0,0,0,0,1,0,下位,0,0,0
42,42,0,907,4816,0,0,0,779,358,-897,3,下位,0,0,0
886,886,0,100,137,0,0,0,42,3852,753,5,上位,0,0,0
802,533,61,120,187,0,0,0,886,189,-487,2,下位,0,0,0
269,269,0,120,187,0,1,533,886,189,-487,2,下位,0,533,61
776,144,234,96,195,0,0,0,802,239,-1481,3,下位,0,0,0
632,258,117,96,195,0,1,144,802,239,-1481,3,下位,0,144,117
374,374,0,96,195,0,2,402,802,239,-1481,3,下位,0,258,117
836,248,112,118,196,0,0,0,776,247,-2251,3,下位,0,0,0
588,588,0,118,196,0,1,248,776,247,-2251,3,下位,0,248,112
381,381,0,124,175,0,0,0,836,248,-3239,3,下位,0,0,0
538,538,0,136,224,0,0,0,381,227,-3627,3,下位,0,0,0
590,342,59,137,208,0,0,0,538,276,-4219,4,下位,0,0,0
248,248,0,137,208,0,1,342,538,276,-4219,4,下位,0,342,59
570,570,0,100,136,1,0,0,0,0,1,0,下位,0,0,0
967,967,0,1674,8358,0,0,0,570,188,-730,3,下位,0,0,0
162,162,0,58,64,0,0,0,967,8410,767,15,上位,0,0,0
1735,89,234,162,403,0,0,0,162,116,622,1,下位,0,0,0
1646,964,113,162,403,0,1,89,162,116,622,1,下位,0,89,121
682,682,0,162,403,0,2,1053,162,116,622,1,下位,0,964,113
992,239,61,110,126,0,0,0,1735,455,-1488,4,下位,0,0,0
753,753,0,110,126,0,1,239,1735,455,-1488,4,下位,0,239,61
729,729,0,111,194,1,0,0,0,0,1,0,下位,0,0,0
896,189,119,78,30,0,0,0,729,246,-929,2,下位,0,0,0
707,707,0,78,30,0,1,189,729,246,-929,2,下位,0,189,119
367,367,0,73,102,0,0,0,896,82,-2173,1,下位,0,0,0
98,98,0,842,4246,0,0,0,367,154,-2611,1,下位,0,0,0
1433,716,118,169,306,0,0,0,98,4298,738,7,上位,0,0,0
717,422,61,169,306,0,1,716,98,4298,738,7,上位,0,716,57
295,295,0,169,306,0,2,1138,98,4298,738,7,上位,0,422,61
290,290,0,92,83,0,0,0,1433,358,-1098,5,下位,0,0,0
600,600,0,69,111,0,0,0,290,135,-1431,1,下位,0,0,0
604,604,0,57,48,0,0,0,600,163,-2236,1,下位,0,0,0
263,263,0,136,302,0,0,0,604,100,-3110,1,下位,0,0,0
365,365,0,1350,6817,0,0,0,263,354,-3180,3,下位,0,0,0
654,654,0,176,252,1,0,0,0,0,1,0,下位,0,0,0
971,971,0,161,421,0,0,0,654,304,-750,4,下位,0,0,0
444,444,0,155,266,0,0,0,971,473,-1843,5,下位,0,0,0
263,263,0,83,94,0,0,0,444,318,-2241,4,下位,0,0,0
516,216,117,82,98,0,0,0,263,146,-2519,1,下位,0,0,0
300,300,0,82,98,0,1,216,263,146,-2519,1,下位,0,216,117
833,833,0,98,137,0,0,0,516,150,-3084,1,下位,0,0,0
200,200,0,113,106,0,0,0,833,189,-4239,2,下位,0,0,0
95,95,0,64,130,0,0,0,200,158,-4404,2,下位,0,0,0
371,53,105,112,178,1,0,0,0,0,1,0,下位,0,0,0
318,318,0,112,178,1,1,53,0,0,1,0,下位,0,53,105
158,158,0,198,284,0,0,0,371,230,-262,2,下位,0,0,0
522,522,0,102,286,0,0,0,158,336,-181,3,下位,0,0,0
259,259,0,212,300,0,0,0,522,338,-685,2,下位,0,0,0
958,180,61,132,160,0,0,0,259,352,-751,5,下位,0,0,0
778,778,0,132,160,0,1,180,259,352,-751,5,下位,0,180,61
502,502,0,110,132,0,0,0,958,212,-2023,3,下位,0,0,0
171,171,0,58,102,0,0,0,502,184,-2649,2,下位,0,0,0
691,691,0,79,177,0,0,0,171,154,-2771,1,下位,0,0,0
1016,332,57,152,255,0,0,0,691,229,-3657,1,下位,0,0,0
684,684,0,152,255,0,1,332,691,229,-3657,1,下位,0,332,57
962,962,0,116,116,0,0,0,1016,307,-4931,4,下位,0,0,0
567,567,0,176,250,0,0,0,962,168,-6315,2,下位,0,0,0
730,283,101,163,271,0,0,0,567,302,-6928,5,下位,0,0,0
447,447,0,163,271,0,1,283,567,302,-6928,5,下位,0,283,101
682,682,0,82,86,1,0,0,0,0,1,0,下位,0,0,0
1123,966,55,164,262,0,0,0,682,138,-961,1,下位,0,0,0
157,157,0,164,262,0,1,966,682,138,-961,1,下位,0,966,55
1205,367,119,120,155,0,0,0,1123,314,-2403,3,下位,0,0,0
838,838,0,120,155,0,1,367,1123,314,-2403,3,下位,0,367,119
118,118,0,132,288,0,0,0,1205,207,-4021,2,下位,0,0,0
976,976,0,83,163,0,0,0,118,340,-3871,3,下位,0,0,0
411,411,0,98,143,0,0,0,976,215,-5230,2,下位,0,0,0
95,95,0,72,182,0,0,0,411,195,-5698,2,下位,0,0,0
218,218,0,160,231,0,0,0,95,234,-5617,1,下位,0,0,0
963,963,0,138,72,0,0,0,218,283,-5686,3,下位,0,0,0
637,637,0,88,82,1,0,0,0,0,1,0,下位,0,0,0
453,453,0,88,86,0,0,0,637,134,-892,2,下位,0,0,0
258,258,0,89,143,0,0,0,453,138,-1485,1,下位,0,0,0
540,540,0,68,33,0,0,0,258,195,-1706,1,下位,0,0,0
373,181,123,70,107,0,0,0,540,85,-2492,1,下位,0,0,0
192,192,0,70,107,0,1,181,540,85,-2492,1,下位,0,181,123
481,173,123,1336,6426,0,0,0,373,159,-2812,1,下位,0,0,0
308,308,0,1336,6426,0,1,173,373,159,-2812,1,下位,0,173,123
462,462,0,656,3031,0,0,0,481,6478,756,12,上位,0,0,0
896,896,0,65,114,0,0,0,462,3083,768,6,上位,0,0,0
747,225,154,68,113,0,0,0,896,166,-511,1,下位,0,0,0
522,272,99,68,113,0,1,225,896,166,-511,1,下位,0,225,55
250,250,0,68,113,0,2,497,896,166,-511,1,下位,0,272,99
224,224,0,106,186,1,0,0,0,0,1,0,下位,0,0,0
971,971,0,140,302,0,0,0,224,238,-122,3,下位,0,0,0
1259,291,63,92,71,0,0,0,971,354,-1334,3,下位,0,0,0
968,968,0,92,71,0,1,291,971,354,-1334,3,下位,0,291,63
1649,61,241,107,58,0,0,0,1259,123,-3178,2,下位,0,0,0
1588,453,180,107,58,0,1,61,1259,123,-3178,2,下位,0,61,61
1135,963,123,107,58,0,2,514,1259,123,-3178,2,下位,0,453,57
172,172,0,107,58,0,3,1477,1259,123,-3178,2,下位,0,963,123
216,216,0,199,212,1,0,0,0,0,1,0,下位,0,0,0
949,949,0,149,348,0,0,0,216,264,-83,5,下位,0,0,0
545,545,0,105,211,0,0,0,949,400,-1214,4,下位,0,0,0
138,138,0,120,92,0,0,0,545,263,-1830,3,下位,0,0,0
601,601,0,91,238,0,0,0,138,144,-1909,2,下位,0,0,0
1078,968,61,128,81,0,0,0,601,290,-2588,2,下位,0,0,0
110,110,0,128,81,0,1,968,601,290,-2588,2,下位,0,968,61
114,114,0,1694,8971,0,0,0,1078,133,-4132,3,下位,0,0,0
121,121,0,105,124,0,0,0,114,9023,751,16,上位,0,0,0
212,212,0,602,2697,0,0,0,121,176,732,2,下位,0,0,0
582,387,61,91,143,0,0,0,212,2749,761,7,上位,0,0,0
195,195,0,91,143,0,1,387,212,2749,761,7,上位,0,387,61
962,962,0,1085,5329,0,0,0,582,195,78,2,下位,0,0,0
186,186,0,93,68,0,0,0,962,5381,767,10,上位,0,0,0
210,210,0,898,4207,1,0,0,0,0,1,0,下位,0,0,0
1333,261,182,132,298,0,0,0,210,4259,765,10,上位,0,0,0
1072,265,119,132,298,0,1,261,210,4259,765,10,上位,0,261,63
807,807,0,132,298,0,2,526,210,4259,765,10,上位,0,265,119
233,233,0,96,133,0,0,0,1333,350,-853,3,下位,0,0,0
417,134,240,1074,5356,0,0,0,233,185,-1044,2,下位,0,0,0
283,234,117,1074,5356,0,1,134,233,185,-1044,2,下位,0,134,123
49,49,0,1074,5356,0,2,368,233,185,-1044,2,下位,0,234,117
695,695,0,1019,4918,1,0,0,0,0,1,0,下位,0,0,0
208,208,0,102,212,0,0,0,695,4970,767,9,上位,0,0,0
1413,694,59,105,138,0,0,0,208,264,696,2,下位,0,0,0
719,719,0,105,138,0,1,694,208,264,696,2,下位,0,694,59
222,222,0,86,78,0,0,0,1413,190,-1334,2,下位,0,0,0
964,964,0,152,125,0,0,0,222,130,-1562,2,下位,0,0,0
611,156,176,78,163,0,0,0,964,177,-2940,3,下位,0,0,0
455,182,59,78,163,0,1,156,964,177,-2940,3,下位,0,156,117
273,273,0,78,163,0,2,338,964,177,-2940,3,下位,0,182,59
21,21,0,126,247,1,0,0,0,0,1,0,下位,0,0,0
305,305,0,152,203,0,0,0,21,299,266,3,下位,0,0,0
628,374,113,946,4703,0,0,0,305,255,29,4,下位,0,0,0
254,254,0,946,4703,0,1,374,305,255,29,4,下位,0,374,113
1937,965,119,178,374,0,0,0,628,4755,771,9,上位,0,0,0
972,972,0,178,374,0,1,965,628,4755,771,9,上位,0,965,119
826,321,121,101,210,1,0,0,0,0,1,0,下位,0,0,0
505,505,0,101,210,1,1,321,0,0,1,0,下位,0,321,121
503,503,0,66,108,0,0,0,826,262,-949,2,下位,0,0,0
827,827,0,60,56,0,0,0,503,160,-1600,1,下位,0,0,0
1081,882,89,91,67,0,0,0,827,108,-2826,1,下位,0,0,0
199,199,0,91,67,0,1,882,827,108,-2826,1,下位,0,882,89
1874,128,291,72,32,0,0,0,1081,119,-4362,2,下位,0,0,0
1746,971,176,72,32,0,1,128,1081,119,-4362,2,下位,0,128,115
775,275,63,72,32,0,2,1099,1081,119,-4362,2,下位,0,971,113
500,500,0,72,32,0,3,1374,1081,119,-4362,2,下位,0,275,63
319,319,0,127,324,0,0,0,1874,84,-7009,1,下位,0,0,0
321,321,0,113,272,0,0,0,319,376,-7148,3,下位,0,0,0
859,859,0,125,246,0,0,0,321,324,-7342,2,下位,0,0,0
514,514,0,120,166,1,0,0,0,0,1,0,下位,0,0,0
331,331,0,87,155,0,0,0,514,218,-610,3,下位,0,0,0
270,270,0,86,95,0,0,0,331,207,-937,2,下位,0,0,0
813,813,0,102,131,1,0,0,0,0,1,0,下位,0,0,0
465,465,0,115,266,0,0,0,813,183,-1127,3,下位,0,0,0
2061,964,126,57,52,0,0,0,465,318,-1559,2,下位,0,0,0
1097,225,63,57,52,0,1,964,465,318,-1559,2,下位,0,964,63
872,872,0,57,52,0,2,1189,465,318,-1559,2,下位,0,225,63
1086,308,59,99,64,0,0,0,2061,104,-4653,1,下位,0,0,0
778,778,0,99,64,0,1,308,2061,104,-4653,1,下位,0,308,59
406,406,0,86,64,0,0,0,1086,116,-6230,2,下位,0,0,0
512,512,0,73,101,0,0,0,406,116,-6769,1,下位,0,0,0
159,159,0,1990,10754,0,0,0,512,153,-7442,1,下位,0,0,0
88,88,0,67,118,1,0,0,0,0,1,0,下位,0,0,0
334,334,0,114,190,0,0,0,88,170,29,1,下位,0,0,0
613,613,0,100,138,0,0,0,334,242,-268,2,下位,0,0,0
96,96,0,106,199,0,0,0,613,190,-1067,2,下位,0,0,0
715,715,0,2010,10318,1,0,0,0,0,1,0,下位,0,0,0
264,264,0,121,173,0,0,0,715,10370,763,16,上位,0,0,0
2532,275,225,94,220,0,0,0,264,225,562,2,下位,0,0,0
2257,970,168,94,220,0,1,275,264,225,562,2,下位,0,275,57
1287,966,55,94,220,0,2,1245,264,225,562,2,下位,0,970,113
321,321,0,94,220,0,3,2211,264,225,562,2,下位,0,966,55
284,284,0,1173,5718,0,0,0,2532,272,-3026,2,下位,0,0,0
199,199,0,90,148,0,0,0,284,5770,757,11,上位,0,0,0
202,127,120,85,159,0,0,0,199,200,636,2,下位,0,0,0
75,75,0,85,159,0,1,127,199,200,636,2,下位,0,127,120
631,631,0,94,131,1,0,0,0,0,1,0,下位,0,0,0
703,703,0,134,289,0,0,0,631,183,-834,2,下位,0,0,0
964,964,0,188,307,0,0,0,703,341,-1627,4,下位,0,0,0
874,874,0,1029,5219,1,0,0,0,0,1,0,下位,0,0,0
2255,970,118,94,143,0,0,0,874,5271,760,10,上位,0,0,0
1285,968,57,94,143,0,1,970,874,5271,760,10,上位,0,970,61
317,317,0,94,143,0,2,1938,874,5271,760,10,上位,0,968,57
95,95,0,854,4392,0,0,0,2255,195,-2564,1,下位,0,0,0
832,832,0,79,99,0,0,0,95,4444,756,7,上位,0,0,0
976,976,0,99,288,0,0,0,832,151,-435,1,下位,0,0,0
621,621,0,104,120,0,0,0,976,340,-1669,2,下位,0,0,0
797,797,0,70,109,1,0,0,0,0,1,0,下位,0,0,0
255,255,0,93,211,0,0,0,797,161,-1123,1,下位,0,0,0
210,210,0,141,296,0,0,0,255,263,-1271,2,下位,0,0,0
389,389,0,110,198,0,0,0,210,348,-1262,3,下位,0,0,0
297,297,0,124,179,0,0,0,389,250,-1639,2,下位,0,0,0
407,407,0,92,72,0,0,0,297,231,-1887,2,下位,0,0,0
685,685,0,70,109,1,0,0,0,0,1,0,下位,0,0,0
967,967,0,152,131,0,0,0,685,161,-943,1,下位,0,0,0
793,793,0,104,276,0,0,0,967,183,-2320,3,下位,0,0,0
1217,843,121,58,53,0,0,0,793,328,-3271,2,下位,0,0,0
374,374,0,58,53,0,1,843,793,328,-3271,2,下位,0,843,121
972,972,0,1584,8077,0,0,0,1217,105,-5008,1,下位,0,0,0
970,970,0,120,173,0,0,0,972,8129,745,15,上位,0,0,0
130,130,0,84,97,1,0,0,0,0,1,0,下位,0,0,0
904,904,0,87,165,0,0,0,130,149,-60,1,下位,0,0,0
230,230,0,92,82,0,0,0,904,217,-1301,2,下位,0,0,0
177,177,0,56,60,0,0,0,230,134,-1538,1,下位,0,0,0
404,404,0,92,150,0,0,0,177,112,-1711,1,下位,0,0,0
919,217,59,78,30,0,0,0,404,202,-2161,1,下位,0,0,0
702,702,0,78,30,0,1,217,404,202,-2161,1,下位,0,217,59
178,178,0,77,165,0,0,0,919,82,-3502,1,下位,0,0,0
313,313,0,101,207,0,0,0,178,217,-3572,1,下位,0,0,0
104,104,0,62,118,1,0,0,0,0,1,0,下位,0,0,0
215,215,0,188,284,0,0,0,104,170,3,1,下位,0,0,0
180,180,0,162,249,0,0,0,215,336,-8,4,下位,0,0,0
1127,391,119,75,107,0,0,0,180,301,3,4,下位,0,0,0
736,736,0,75,107,0,1,391,180,301,3,4,下位,0,391,119
142,142,0,87,90,0,0,0,1127,159,-1537,1,下位,0,0,0
645,125,117,151,219,0,0,0,142,142,-1624,1,下位,0,0,0
520,520,0,151,219,0,1,125,142,142,-1624,1,下位,0,125,117
254,254,0,912,4203,1,0,0,0,0,1,0,下位,0,0,0
1212,200,178,160,410,0,0,0,254,4255,755,11,上位,0,0,0
1012,285,61,160,410,0,1,200,254,4255,755,11,上位,0,200,117
727,727,0,160,410,0,2,485,254,4255,755,11,上位,0,285,61
330,330,0,1583,8122,1,0,0,0,0,1,0,下位,0,0,0
764,764,0,784,3700,0,0,0,330,8174,755,14,上位,0,0,0
688,688,0,131,309,1,0,0,0,0,1,0,下位,0,0,0
146,146,0,1569,7950,0,0,0,688,361,-748,3,下位,0,0,0
1922,948,63,70,119,0,0,0,146,8002,763,13,上位,0,0,0
974,974,0,70,119,0,1,948,146,8002,763,13,上位,0,948,63
626,626,0,140,226,1,0,0,0,0,1,0,下位,0,0,0
862,862,0,165,258,0,0,0,626,278,-731,3,下位,0,0,0
1211,285,119,99,128,0,0,0,862,310,-1811,4,下位,0,0,0
926,926,0,99,128,0,1,285,862,310,-1811,4,下位,0,285,119
911,911,0,104,134,0,0,0,1211,180,-3466,2,下位,0,0,0
735,429,63,113,197,0,0,0,911,186,-4749,1,下位,0,0,0
306,306,0,113,197,0,1,429,911,186,-4749,1,下位,0,429,63
491,491,0,76,166,0,0,0,735,249,-5623,3,下位,0,0,0
155,155,0,77,168,0,0,0,491,218,-6197,1,下位,0,0,0
207,207,0,81,97,1,0,0,0,0,1,0,下位,0,0,0
567,567,0,125,174,0,0,0,207,149,-184,1,下位,0,0,0
332,332,0,77,28,0,0,0,567,226,-873,3,下位,0,0,0
1616,370,291,146,291,0,0,0,332,80,-1328,1,下位,0,0,0
1246,873,174,146,291,0,1,370,332,80,-1328,1,下位,0,370,117
373,222,115,146,291,0,2,1243,332,80,-1328,1,下位,0,873,59
151,151,0,146,291,0,3,1465,332,80,-1328,1,下位,0,222,115
294,294,0,1598,8143,0,0,0,1616,343,-3301,3,下位,0,0,0
320,320,0,61,51,1,0,0,0,0,1,0,下位,0,0,0
94,94,0,60,55,0,0,0,320,103,-412,1,下位,0,0,0
482,482,0,68,116,0,0,0,94,107,-457,1,下位,0,0,0
842,715,121,1700,8507,0,0,0,482,168,-1066,1,下位,0,0,0
127,127,0,1700,8507,0,1,715,482,168,-1066,1,下位,0,715,121
1758,965,121,128,180,0,0,0,842,8559,770,15,上位,0,0,0
793,793,0,128,180,0,1,965,842,8559,770,15,上位,0,965,121
367,367,0,846,3970,0,0,0,1758,232,-1712,3,下位,0,0,0
23,23,0,72,32,1,0,0,0,0,1,0,下位,0,0,0
968,968,0,1090,5373,0,0,0,23,84,48,1,下位,0,0,0
950,950,0,115,249,0,0,0,968,5425,762,10,上位,0,0,0
1125,191,61,110,115,0,0,0,950,301,-469,3,下位,0,0,0
934,934,0,110,115,0,1,191,950,301,-469,3,下位,0,191,61
85,85,0,104,127,0,0,0,1125,167,-2055,2,下位,0,0,0
302,302,0,73,102,0,0,0,85,179,-2013,2,下位,0,0,0
116,116,0,104,132,0,0,0,302,154,-2346,1,下位,0,0,0
631,631,0,116,110,1,0,0,0,0,1,0,下位,0,0,0
185,185,0,1618,7992,0,0,0,631,162,-855,2,下位,0,0,0
102,102,0,70,93,0,0,0,185,8044,750,14,上位,0,0,0
209,209,0,121,174,1,0,0,0,0,1,0,下位,0,0,0
831,831,0,134,372,0,0,0,209,226,-110,2,下位,0,0,0
966,966,0,124,245,0,0,0,831,424,-1026,3,下位,0,0,0
1554,972,43,1554,7735,0,0,0,966,297,-2287,3,下位,0,0,0
582,582,0,1554,7735,0,1,972,966,297,-2287,3,下位,0,972,43
866,866,0,57,51,1,0,0,0,0,1,0,下位,0,0,0
238,238,0,157,266,0,0,0,866,103,-1293,1,下位,0,0,0
173,173,0,86,156,0,0,0,238,318,-1359,4,下位,0,0,0
1178,578,114,191,354,0,0,0,173,208,-1430,1,下位,0,0,0
600,364,55,191,354,0,1,578,173,208,-1430,1,下位,0,578,59
236,236,0,191,354,0,2,942,173,208,-1430,1,下位,0,364,55
275,275,0,108,195,0,0,0,1178,406,-2810,5,下位,0,0,0
310,310,0,74,181,1,0,0,0,0,1,0,下位,0,0,0
224,224,0,97,75,0,0,0,310,233,-266,1,下位,0,0,0
283,283,0,88,83,0,0,0,224,127,-500,2,下位,0,0,0
942,942,0,174,382,0,0,0,283,135,-821,2,下位,0,0,0
254,254,0,84,153,0,0,0,942,434,-1906,5,下位,0,0,0
755,755,0,82,88,0,0,0,254,205,-2111,1,下位,0,0,0
618,158,119,94,72,0,0,0,755,140,-3189,1,下位,0,0,0
460,460,0,94,72,0,1,158,755,140,-3189,1,下位,0,158,119
479,479,0,166,329,0,0,0,618,124,-3943,1,下位,0,0,0
693,693,0,94,151,1,0,0,0,0,1,0,下位,0,0,0
283,283,0,170,257,0,0,0,693,203,-914,2,下位,0,0,0
141,141,0,120,181,0,0,0,283,309,-1061,4,下位,0,0,0
277,277,0,71,41,0,0,0,141,233,-1055,3,下位,0,0,0
688,688,0,219,313,0,0,0,277,93,-1409,1,下位,0,0,0
429,429,0,920,4470,1,0,0,0,0,1,0,下位,0,0,0
747,747,0,56,48,0,0,0,429,4522,755,9,上位,0,0,0
706,302,61,170,180,0,0,0,747,100,-350,1,下位,0,0,0
404,404,0,170,180,0,1,302,747,100,-350,1,下位,0,302,61
424,424,0,181,307,1,0,0,0,0,1,0,下位,0,0,0
965,965,0,1044,4927,0,0,0,424,359,-324,4,下位,0,0,0
651,651,0,1120,4994,0,0,0,965,4979,750,10,上位,0,0,0
551,551,0,149,273,1,0,0,0,0,1,0,下位,0,0,0
459,459,0,62,118,0,0,0,551,325,-563,3,下位,0,0,0
973,973,0,65,125,0,0,0,459,170,-1133,1,下位,0,0,0
1714,973,113,161,185,0,0,0,973,177,-2525,1,下位,0,0,0
741,741,0,161,185,0,1,973,973,177,-2525,1,下位,0,973,113
317,317,0,90,86,1,0,0,0,0,1,0,下位,0,0,0
209,209,0,160,250,0,0,0,317,138,-372,1,下位,0,0,0
752,507,121,204,330,0,0,0,209,302,-407,5,下位,0,0,0
245,245,0,204,330,0,1,507,209,302,-407,5,下位,0,507,121
388,388,0,1135,5588,0,0,0,752,382,-1117,4,下位,0,0,0
226,226,0,82,166,1,0,0,0,0,1,0,下位,0,0,0
356,356,0,118,254,0,0,0,226,218,-146,1,下位,0,0,0
443,443,0,141,207,1,0,0,0,0,1,0,下位,0,0,0
768,768,0,69,117,0,0,0,443,259,-455,3,下位,0,0,0
78,78,0,72,32,0,0,0,768,169,-1525,1,下位,0,0,0
610,610,0,176,232,1,0,0,0,0,1,0,下位,0,0,0
132,132,0,127,213,0,0,0,610,284,-699,4,下位,0,0,0
113,113,0,97,137,0,0,0,132,265,-647,4,下位,0,0,0
137,137,0,163,194,0,0,0,113,189,-640,1,下位,0,0,0
546,546,0,76,168,1,0,0,0,0,1,0,下位,0,0,0
851,851,0,83,81,0,0,0,546,220,-660,1,下位,0,0,0
744,744,0,78,99,0,0,0,851,133,-1900,2,下位,0,0,0
516,516,0,80,91,0,0,0,744,151,-2949,1,下位,0,0,0
388,388,0,131,222,0,0,0,516,143,-3638,1,下位,0,0,0
344,344,0,97,135,0,0,0,388,274,-3990,3,下位,0,0,0
266,266,0,994,5003,1,0,0,0,0,1,0,下位,0,0,0
816,816,0,120,177,0,0,0,266,5055,756,9,上位,0,0,0
537,537,0,124,177,0,0,0,816,229,-331,3,下位,0,0,0
514,514,0,80,172,1,0,0,0,0,1,0,下位,0,0,0
144,144,0,103,128,0,0,0,514,224,-604,1,下位,0,0,0
204,204,0,63,52,0,0,0,144,180,-656,1,下位,0,0,0
358,358,0,174,169,0,0,0,204,104,-881,1,下位,0,0,0
244,244,0,134,300,0,0,0,358,221,-1237,4,下位,0,0,0
639,334,115,104,131,1,0,0,0,0,1,0,下位,0,0,0
305,305,0,104,131,1,1,334,0,0,1,0,下位,0,334,115
307,307,0,64,43,0,0,0,639,183,-732,2,下位,0,0,0
274,274,0,143,221,0,0,0,307,95,-1132,1,下位,0,0,0
228,228,0,94,78,1,0,0,0,0,1,0,下位,0,0,0
310,96,121,203,348,0,0,0,228,130,-237,1,下位,0,0,0
214,214,0,203,348,0,1,96,228,130,-237,1,下位,0,96,121
538,266,61,65,34,0,0,0,310,400,-216,5,下位,0,0,0
272,272,0,65,34,0,1,266,310,400,-216,5,下位,0,266,61
1144,834,53,83,174,0,0,0,538,86,-937,1,下位,0,0,0
310,310,0,83,174,0,1,834,538,86,-937,1,下位,0,834,53
448,448,0,74,104,1,0,0,0,0,1,0,下位,0,0,0
968,968,0,70,117,0,0,0,448,156,-566,1,下位,0,0,0
270,270,0,154,265,1,0,0,0,0,1,0,下位,0,0,0
738,738,0,94,78,0,0,0,270,317,-117,3,下位,0,0,0
931,931,0,992,4910,0,0,0,738,130,-1177,1,下位,0,0,0
586,586,0,62,33,0,0,0,931,4962,748,10,上位,0,0,0
580,580,0,956,4744,1,0,0,0,0,1,0,下位,0,0,0
1076,333,115,78,95,0,0,0,580,4796,763,9,上位,0,0,0
743,743,0,78,95,0,1,333,580,4796,763,9,上位,0,333,115
770,770,0,176,241,1,0,0,0,0,1,0,下位,0,0,0
876,876,0,69,109,0,0,0,770,293,-948,3,下位,0,0,0
165,165,0,139,158,0,0,0,876,161,-2200,1,下位,0,0,0
261,261,0,88,145,0,0,0,165,210,-2256,3,下位,0,0,0
557,557,0,1368,7123,0,0,0,261,197,-2480,1,下位,0,0,0
775,775,0,74,31,1,0,0,0,0,1,0,下位,0,0,0
1512,529,119,127,242,0,0,0,775,83,-1166,1,下位,0,0,0
983,983,0,127,242,0,1,529,775,83,-1166,1,下位,0,529,119
738,738,0,86,88,0,0,0,1512,294,-3191,3,下位,0,0,0
314,314,0,189,293,0,0,0,738,140,-4241,1,下位,0,0,0
199,199,0,120,257,0,0,0,314,345,-4402,4,下位,0,0,0
531,531,0,956,4736,1,0,0,0,0,1,0,下位,0,0,0
340,340,0,66,123,0,0,0,531,4788,774,8,上位,0,0,0
334,334,0,1386,6300,0,0,0,340,175,401,1,下位,0,0,0
624,624,0,130,161,0,0,0,334,6352,747,12,上位,0,0,0
524,524,0,156,274,0,0,0,624,213,-46,2,下位,0,0,0
331,331,0,112,112,0,0,0,524,326,-565,4,下位,0,0,0
423,423,0,70,29,0,0,0,331,164,-935,3,下位,0,0,0
174,174,0,193,372,0,0,0,423,81,-1536,1,下位,0,0,0
590,590,0,92,80,0,0,0,174,424,-1393,7,下位,0,0,0
578,340,115,187,285,0,0,0,590,132,-2213,1,下位,0,0,0
238,238,0,187,285,0,1,340,590,132,-2213,1,下位,0,340,115
471,471,0,124,329,1,0,0,0,0,1,0,下位,0,0,0
943,111,118,64,91,0,0,0,471,381,-378,3,下位,0,0,0
832,675,61,64,91,0,1,111,471,381,-378,3,下位,0,111,57
157,157,0,64,91,0,2,786,471,381,-378,3,下位,0,675,61
385,385,0,1214,6110,0,0,0,943,143,-1638,1,下位,0,0,0
232,232,0,126,171,1,0,0,0,0,1,0,下位,0,0,0
331,49,59,79,167,0,0,0,232,223,-150,3,下位,0,0,0
282,282,0,79,167,0,1,49,232,223,-150,3,下位,0,49,59
82,82,0,894,4417,0,0,0,331,219,-406,1,下位,0,0,0
856,856,0,68,116,0,0,0,82,4469,766,7,上位,0,0,0
1199,889,59,1017,4851,0,0,0,856,168,-447,1,下位,0,0,0
310,310,0,1017,4851,0,1,889,856,168,-447,1,下位,0,889,59
65,65,0,524,2521,0,0,0,1199,4903,751,10,上位,0,0,0
2408,231,298,58,57,0,0,0,65,2573,769,7,上位,0,0,0
2177,190,179,58,57,0,1,231,65,2573,769,7,上位,0,231,119
1987,472,118,58,57,0,2,421,65,2573,769,7,上位,0,190,61
1515,692,57,58,57,0,3,893,65,2573,769,7,上位,0,472,61
823,823,0,58,57,0,4,1585,65,2573,769,7,上位,0,692,57
901,99,56,81,95,1,0,0,0,0,1,0,下位,0,0,0
802,802,0,81,95,1,1,99,0,0,1,0,下位,0,99,56
277,277,0,149,272,0,0,0,901,147,-1250,2,下位,0,0,0
258,258,0,100,210,0,0,0,277,324,-1373,4,下位,0,0,0
1005,380,115,186,371,0,0,0,258,262,-1527,2,下位,0,0,0
625,625,0,186,371,0,1,380,258,262,-1527,2,下位,0,380,115
425,425,0,180,238,1,0,0,0,0,1,0,下位,0,0,0
149,149,0,80,95,0,0,0,425,290,-394,3,下位,0,0,0
333,333,0,78,108,0,0,0,149,147,-487,1,下位,0,0,0
315,315,0,118,175,0,0,0,333,160,-864,1,下位,0,0,0
286,286,0,78,173,0,0,0,315,227,-1145,3,下位,0,0,0
285,285,0,63,46,0,0,0,286,225,-1381,1,下位,0,0,0
1718,748,59,96,224,0,0,0,285,98,-1743,1,下位,0,0,0
970,970,0,96,224,0,1,748,285,98,-1743,1,下位,0,748,59
1077,320,119,56,37,0,0,0,1718,276,-4179,2,下位,0,0,0
757,757,0,56,37,0,1,320,1718,276,-4179,2,下位,0,320,119
225,225,0,126,341,0,0,0,1077,89,-5708,1,下位,0,0,0
627,627,0,119,311,1,0,0,0,0,1,0,下位,0,0,0
228,228,0,58,62,0,0,0,627,363,-647,3,下位,0,0,0
462,462,0,95,143,0,0,0,228,114,-901,1,下位,0,0,0
111,111,0,82,92,0,0,0,462,195,-1451,1,下位,0,0,0
845,845,0,67,108,0,0,0,111,144,-1486,1,下位,0,0,0
795,795,0,122,183,1,0,0,0,0,1,0,下位,0,0,0
329,329,0,125,171,0,0,0,795,235,-1046,2,下位,0,0,0
677,677,0,70,31,0,0,0,329,223,-1354,3,下位,0,0,0
544,188,115,174,387,0,0,0,677,83,-2363,1,下位,0,0,0
356,356,0,174,387,0,1,188,677,83,-2363,1,下位,0,188,115
444,203,117,78,89,0,0,0,544,439,-2686,4,下位,0,0,0
241,241,0,78,89,0,1,203,544,439,-2686,4,下位,0,203,117
358,61,61,135,160,0,0,0,444,141,-3144,1,下位,0,0,0
297,297,0,135,160,0,1,61,444,141,-3144,1,下位,0,61,61
261,261,0,71,113,0,0,0,358,212,-3448,2,下位,0,0,0
1534,93,295,80,169,0,0,0,261,165,-3704,1,下位,0,0,0
1441,54,180,80,169,0,1,93,261,165,-3704,1,下位,0,93,115
1387,972,117,80,169,0,2,147,261,165,-3704,1,下位,0,54,63
415,415,0,80,169,0,3,1119,261,165,-3704,1,下位,0,972,117
419,419,0,966,4454,1,0,0,0,0,1,0,下位,0,0,0
458,100,122,212,330,0,0,0,419,4506,759,10,上位,0,0,0
358,121,59,212,330,0,1,100,419,4506,759,10,上位,0,100,63
237,237,0,212,330,0,2,221,419,4506,759,10,上位,0,121,59
235,235,0,60,51,0,0,0,458,382,525,6,下位,0,0,0
613,613,0,128,228,0,0,0,235,103,249,1,下位,0,0,0
601,601,0,70,23,1,0,0,0,0,1,0,下位,0,0,0
742,742,0,152,208,0,0,0,601,75,-893,1,下位,0,0,0
64,64,0,64,45,0,0,0,742,260,-1830,4,下位,0,0,0
612,612,0,121,322,0,0,0,64,97,-1836,1,下位,0,0,0
229,229,0,92,68,0,0,0,612,374,-2449,4,下位,0,0,0
133,133,0,114,109,0,0,0,229,120,-2698,1,下位,0,0,0
1181,962,121,163,254,0,0,0,133,161,-2752,2,下位,0,0,0
219,219,0,163,254,0,1,962,133,161,-2752,2,下位,0,962,121
1852,184,173,80,105,0,0,0,1181,306,-4230,3,下位,0,0,0
1668,704,112,80,105,0,1,184,1181,306,-4230,3,下位,0,184,61
964,964,0,80,105,0,2,888,1181,306,-4230,3,下位,0,704,112
384,288,56,110,196,0,0,0,1852,157,-6887,1,下位,0,0,0
96,96,0,110,196,0,1,288,1852,157,-6887,1,下位,0,288,56
806,806,0,146,281,0,0,0,384,248,-7203,2,下位,0,0,0
181,181,0,95,135,0,0,0,806,333,-8170,4,下位,0,0,0
909,909,0,120,167,1,0,0,0,0,1,0,下位,0,0,0
288,288,0,58,55,0,0,0,909,219,-1246,2,下位,0,0,0
176,176,0,149,142,0,0,0,288,107,-1604,1,下位,0,0,0
273,273,0,72,181,0,0,0,176,194,-1694,3,下位,0,0,0
360,360,0,191,358,0,0,0,273,233,-1901,1,下位,0,0,0
747,558,53,1506,7829,0,0,0,360,410,-2072,4,下位,0,0,0
189,189,0,1506,7829,0,1,558,360,410,-2072,4,下位,0,558,53
450,284,115,142,289,1,0,0,0,0,1,0,下位,0,0,0
166,166,0,142,289,1,1,284,0,0,1,0,下位,0,284,115
529,529,0,128,242,0,0,0,450,341,-269,3,下位,0,0,0
478,170,112,64,33,0,0,0,529,294,-828,3,下位,0,0,0
308,308,0,64,33,0,1,170,529,294,-828,3,下位,0,170,112
609,609,0,1209,6236,0,0,0,478,85,-1402,1,下位,0,0,0
515,515,0,73,105,0,0,0,609,6288,747,11,上位,0,0,0
726,726,0,102,122,0,0,0,515,157,73,1,下位,0,0,0
2890,965,231,185,341,0,0,0,726,174,-924,3,下位,0,0,0
1925,666,174,185,341,0,1,965,726,174,-924,3,下位,0,965,57
1259,293,57,185,341,0,2,1631,726,174,-924,3,下位,0,666,117
966,966,0,185,341,0,3,1924,726,174,-924,3,下位,0,293,57
910,910,0,157,383,1,0,0,0,0,1,0,下位,0,0,0
398,398,0,162,178,0,0,0,910,435,-1032,4,下位,0,0,0
915,915,0,81,157,0,0,0,398,230,-1444,3,下位,0,0,0
725,725,0,138,305,0,0,0,915,209,-2711,2,下位,0,0,0
191,191,0,70,41,0,0,0,725,357,-3523,4,下位,0,0,0
562,293,115,67,29,0,0,0,191,93,-3738,1,下位,0,0,0
269,269,0,67,29,0,1,293,191,93,-3738,1,下位,0,293,115
1218,866,123,103,135,0,0,0,562,81,-4449,1,下位,0,0,0
352,352,0,103,135,0,1,866,562,81,-4449,1,下位,0,866,123
1324,965,119,156,185,0,0,0,1218,187,-6104,2,下位,0,0,0
359,359,0,156,185,0,1,965,1218,187,-6104,2,下位,0,965,119
625,625,0,195,343,1,0,0,0,0,1,0,下位,0,0,0
309,309,0,140,291,0,0,0,625,395,-612,4,下位,0,0,0
963,963,0,1354,6878,0,0,0,309,343,-767,4,下位,0,0,0
1524,463,174,60,53,0,0,0,963,6930,753,12,上位,0,0,0
1061,913,111,60,53,0,1,463,963,6930,753,12,上位,0,463,63
148,148,0,60,53,0,2,1376,963,6930,753,12,上位,0,913,111
498,498,0,1167,6132,0,0,0,1524,105,-1427,1,下位,0,0,0
355,355,0,108,115,1,0,0,0,0,1,0,下位,0,0,0
423,128,110,69,109,0,0,0,355,167,-405,2,下位,0,0,0
295,145,55,69,109,0,1,128,355,167,-405,2,下位,0,128,55
150,150,0,69,109,0,2,273,355,167,-405,2,下位,0,145,55
452,452,0,85,161,0,0,0,423,161,-816,1,下位,0,0,0
1770,967,115,134,171,0,0,0,452,213,-1332,1,下位,0,0,0
803,803,0,134,171,0,1,967,452,213,-1332,1,下位,0,967,115
428,178,57,183,284,1,0,0,0,0,1,0,下位,0,0,0
250,250,0,183,284,1,1,178,0,0,1,0,下位,0,178,57
244,244,0,74,105,0,0,0,428,336,-296,4,下位,0,0,0
584,584,0,143,217,0,0,0,244,157,-533,1,下位,0,0,0
466,466,0,130,159,0,0,0,584,269,-1206,2,下位,0,0,0
257,257,0,182,293,0,0,0,466,211,-1747,3,下位,0,0,0
1214,980,57,124,336,0,0,0,257,345,-1817,4,下位,0,0,0
234,234,0,124,336,0,1,980,257,345,-1817,4,下位,0,980,57
480,480,0,72,179,0,0,0,1214,388,-3330,3,下位,0,0,0
75,75,0,84,91,0,0,0,480,231,-3873,1,下位,0,0,0
56,56,0,1006,5427,0,0,0,75,143,-3851,1,下位,0,0,0
435,435,0,88,159,1,0,0,0,0,1,0,下位,0,0,0
179,179,0,80,81,0,0,0,435,211,-490,2,下位,0,0,0
366,366,0,110,119,0,0,0,179,133,-646,2,下位,0,0,0
558,558,0,140,212,0,0,0,366,171,-1065,3,下位,0,0,0
96,96,0,158,325,1,0,0,0,0,1,0,下位,0,0,0
189,189,0,74,38,0,0,0,96,377,223,4,下位,0,0,0
393,393,0,119,162,0,0,0,189,90,8,1,下位,0,0,0
323,323,0,74,99,0,0,0,393,214,-412,2,下位,0,0,0
265,265,0,228,314,0,0,0,323,151,-782,1,下位,0,0,0
1953,968,113,99,213,0,0,0,265,366,-843,5,下位,0,0,0
985,985,0,99,213,0,1,968,265,366,-843,5,下位,0,968,113
93,93,0,1400,7616,0,0,0,1953,265,-3615,2,下位,0,0,0
88,88,0,66,30,0,0,0,93,7668,751,10,上位,0,0,0
141,141,0,173,170,0,0,0,88,82,691,1,下位,0,0,0
243,243,0,193,278,1,0,0,0,0,1,0,下位,0,0,0
271,271,0,197,360,0,0,0,243,330,-61,5,下位,0,0,0
1417,897,57,125,221,0,0,0,271,412,-86,5,下位,0,0,0
520,520,0,125,221,0,1,897,271,412,-86,5,下位,0,897,57
1363,208,174,148,289,0,0,0,1417,273,-2042,3,下位,0,0,0
1155,189,113,148,289,0,1,208,1417,273,-2042,3,下位,0,208,61
966,966,0,148,289,0,2,397,1417,273,-2042,3,下位,0,189,113
855,855,0,83,85,0,0,0,1363,341,-3725,4,下位,0,0,0
386,386,0,168,319,1,0,0,0,0,1,0,下位,0,0,0
312,312,0,86,87,0,0,0,386,371,-251,5,下位,0,0,0
426,426,0,111,171,0,0,0,312,139,-615,1,下位,0,0,0
559,559,0,105,193,0,0,0,426,223,-1079,2,下位,0,0,0
200,200,0,129,171,0,0,0,559,245,-1736,2,下位,0,0,0
362,362,0,182,220,0,0,0,200,223,-1836,2,下位,0,0,0
822,822,0,107,197,0,0,0,362,272,-2148,3,下位,0,0,0
199,199,0,79,97,0,0,0,822,249,-3225,2,下位,0,0,0
433,433,0,74,175,0,0,0,199,149,-3397,2,下位,0,0,0
271,271,0,74,101,0,0,0,433,227,-3868,1,下位,0,0,0
834,834,0,78,172,0,0,0,271,153,-4152,1,下位,0,0,0
969,969,0,68,113,0,0,0,834,224,-5273,1,下位,0,0,0
1272,28,177,126,93,1,0,0,0,0,1,0,下位,0,0,0
1244,273,61,126,93,1,1,28,0,0,1,0,下位,0,28,116
971,971,0,126,93,1,2,301,0,0,1,0,下位,0,273,61
202,202,0,60,107,1,0,0,0,0,1,0,下位,0,0,0
635,635,0,92,78,0,0,0,202,159,-166,1,下位,0,0,0
227,227,0,130,265,0,0,0,635,130,-1060,2,下位,0,0,0
504,504,0,155,187,1,0,0,0,0,1,0,下位,0,0,0
341,341,0,84,90,0,0,0,504,239,-573,3,下位,0,0,0
275,275,0,106,122,0,0,0,341,142,-981,2,下位,0,0,0
345,97,57,174,404,1,0,0,0,0,1,0,下位,0,0,0
248,248,0,174,404,1,1,97,0,0,1,0,下位,0,97,57
271,271,0,62,42,0,0,0,345,456,-42,4,下位,0,0,0
508,508,0,57,50,1,0,0,0,0,1,0,下位,0,0,0
193,193,0,136,214,0,0,0,508,102,-716,1,下位,0,0,0
358,358,0,103,126,0,0,0,193,266,-761,2,下位,0,0,0
60,60,0,123,167,1,0,0,0,0,1,0,下位,0,0,0
66,66,0,759,3818,0,0,0,60,219,123,3,下位,0,0,0
653,653,0,106,212,0,0,0,66,3870,766,5,上位,0,0,0
121,121,0,99,50,0,0,0,653,264,-23,2,下位,0,0,0
539,539,0,120,246,0,0,0,121,102,-116,2,下位,0,0,0
585,283,59,72,23,1,0,0,0,0,1,0,下位,0,0,0
302,302,0,72,23,1,1,283,0,0,1,0,下位,0,283,59
363,363,0,85,152,0,0,0,585,75,-808,1,下位,0,0,0
180,180,0,1053,4878,1,0,0,0,0,1,0,下位,0,0,0
505,505,0,89,82,0,0,0,180,4930,766,10,上位,0,0,0
93,93,0,120,255,1,0,0,0,0,1,0,下位,0,0,0
345,345,0,194,354,0,0,0,93,307,159,3,下位,0,0,0
417,417,0,129,164,1,0,0,0,0,1,0,下位,0,0,0
1073,299,119,80,91,0,0,0,417,216,-456,2,下位,0,0,0
774,774,0,80,91,0,1,299,417,216,-456,2,下位,0,299,119
31,31,0,126,174,1,0,0,0,0,1,0,下位,0,0,0
452,452,0,98,210,1,0,0,0,0,1,0,下位,0,0,0
724,724,0,80,84,0,0,0,452,262,-466,2,下位,0,0,0
182,182,0,175,235,1,0,0,0,0,1,0,下位,0,0,0
669,669,0,132,306,1,0,0,0,0,1,0,下位,0,0,0
781,781,0,136,150,1,0,0,0,0,1,0,下位,0,0,0
352,352,0,87,227,1,0,0,0,0,1,0,下位,0,0,0
35,35,0,139,230,1,0,0,0,0,1,0,下位,0,0,0
693,693,0,189,279,1,0,0,0,0,1,0,下位,0,0,0
339,339,0,104,205,0,0,0,693,331,-786,4,下位,0,0,0
209,209,0,63,37,1,0,0,0,0,1,0,下位,0,0,0
966,966,0,98,221,0,0,0,209,89,-247,1,下位,0,0,0
283,283,0,82,81,1,0,0,0,0,1,0,下位,0,0,0
754,754,0,153,203,1,0,0,0,0,1,0,下位,0,0,0
653,311,113,67,122,1,0,0,0,0,1,0,下位,0,0,0
342,342,0,67,122,1,1,311,0,0,1,0,下位,0,311,113
192,192,0,128,224,1,0,0,0,0,1,0,下位,0,0,0
185,185,0,73,99,0,0,0,192,276,-33,4,下位,0,0,0
196,196,0,72,43,0,0,0,185,151,-180,1,下位,0,0,0
288,288,0,95,145,1,0,0,0,0,1,0,下位,0,0,0
396,396,0,72,24,0,0,0,288,197,-267,2,下位,0,0,0
249,249,0,75,178,0,0,0,396,76,-830,1,下位,0,0,0
766,472,63,90,81,0,0,0,249,230,-1002,1,下位,0,0,0
294,294,0,90,81,0,1,472,249,230,-1002,1,下位,0,472,63
227,227,0,80,93,1,0,0,0,0,1,0,下位,0,0,0
670,670,0,1552,7949,1,0,0,0,0,1,0,下位,0,0,0
927,927,0,161,193,0,0,0,670,8001,736,12,上位,0,0,0
407,407,0,68,48,0,0,0,927,245,-514,3,下位,0,0,0
965,965,0,130,237,0,0,0,407,100,-1070,1,下位,0,0,0
398,227,63,157,199,1,0,0,0,0,1,0,下位,0,0,0
171,171,0,157,199,1,1,227,0,0,1,0,下位,0,227,63
769,769,0,83,167,1,0,0,0,0,1,0,下位,0,0,0
372,319,59,90,146,0,0,0,769,219,-1020,2,下位,0,0,0
53,53,0,90,146,0,1,319,769,219,-1020,2,下位,0,319,59
184,184,0,138,226,1,0,0,0,0,1,0,下位,0,0,0
961,961,0,137,158,0,0,0,184,278,-18,3,下位,0,0,0
300,300,0,86,80,1,0,0,0,0,1,0,下位,0,0,0
393,393,0,942,4855,0,0,0,300,132,-351,1,下位,0,0,0
195,82,117,76,178,0,0,0,393,4907,754,8,上位,0,0,0
113,113,0,76,178,0,1,82,393,4907,754,8,上位,0,82,117
859,859,0,90,204,0,0,0,195,230,787,1,下位,0,0,0
719,256,182,66,41,0,0,0,859,256,-342,2,下位,0,0,0
463,329,119,66,41,0,1,256,859,256,-342,2,下位,0,256,63
134,134,0,66,41,0,2,585,859,256,-342,2,下位,0,329,119
241,241,0,190,214,1,0,0,0,0,1,0,下位,0,0,0
1727,965,53,182,293,0,0,0,241,266,-122,3,下位,0,0,0
762,762,0,182,293,0,1,965,241,266,-122,3,下位,0,965,53
573,159,117,166,184,0,0,0,1727,345,-2509,4,下位,0,0,0
414,414,0,166,184,0,1,159,1727,345,-2509,4,下位,0,159,117
73,73,0,120,182,1,0,0,0,0,1,0,下位,0,0,0
971,971,0,113,186,0,0,0,73,234,117,2,下位,0,0,0
168,168,0,68,124,0,0,0,971,238,-1211,2,下位,0,0,0
502,502,0,229,305,1,0,0,0,0,1,0,下位,0,0,0
500,252,123,98,134,0,0,0,502,357,-452,5,下位,0,0,0
248,248,0,98,134,0,1,252,502,357,-452,5,下位,0,252,123
995,995,0,67,114,1,0,0,0,0,1,0,下位,0,0,0
968,968,0,156,189,0,0,0,995,166,-1438,1,下位,0,0,0
113,113,0,102,214,1,0,0,0,0,1,0,下位,0,0,0
630,630,0,964,4779,0,0,0,113,266,85,2,下位,0,0,0
561,561,0,103,128,1,0,0,0,0,1,0,下位,0,0,0
93,93,0,102,121,0,0,0,561,180,-724,1,下位,0,0,0
895,895,0,125,386,1,0,0,0,0,1,0,下位,0,0,0
202,202,0,1266,5930,0,0,0,895,438,-1005,3,下位,0,0,0
933,583,174,115,91,0,0,0,202,5982,761,12,上位,0,0,0
350,137,53,115,91,0,1,583,202,5982,761,12,上位,0,583,121
213,213,0,115,91,0,2,720,202,5982,761,12,上位,0,137,53
691,691,0,62,48,1,0,0,0,0,1,0,下位,0,0,0
966,966,0,162,243,0,0,0,691,100,-1014,1,下位,0,0,0
610,610,0,118,111,1,0,0,0,0,1,0,下位,0,0,0
254,254,0,70,117,0,0,0,610,163,-820,2,下位,0,0,0
370,370,0,70,111,0,0,0,254,169,-1061,1,下位,0,0,0
1227,891,117,75,93,0,0,0,370,163,-1495,1,下位,0,0,0
336,336,0,75,93,0,1,891,370,163,-1495,1,下位,0,891,117
536,536,0,154,351,0,0,0,1227,145,-3212,1,下位,0,0,0
355,355,0,75,103,1,0,0,0,0,1,0,下位,0,0,0
602,602,0,146,300,0,0,0,355,155,-417,1,下位,0,0,0
968,968,0,125,165,0,0,0,602,352,-1036,4,下位,0,0,0
391,391,0,140,293,1,0,0,0,0,1,0,下位,0,0,0
887,887,0,71,106,0,0,0,391,345,-285,3,下位,0,0,0
304,304,0,106,146,0,0,0,887,158,-1558,1,下位,0,0,0
222,222,0,118,243,1,0,0,0,0,1,0,下位,0,0,0
297,297,0,71,30,0,0,0,222,295,-62,3,下位,0,0,0
1935,968,113,98,137,0,0,0,297,82,-459,1,下位,0,0,0
967,967,0,98,137,0,1,968,297,82,-459,1,下位,0,968,113
923,923,0,106,272,0,0,0,1935,189,-3278,2,下位,0,0,0
278,278,0,72,38,0,0,0,923,324,-4443,3,下位,0,0,0
269,269,0,74,95,0,0,0,278,90,-4801,1,下位,0,0,0
946,946,0,93,146,0,0,0,269,147,-5088,1,下位,0,0,0
601,601,0,102,126,1,0,0,0,0,1,0,下位,0,0,0
356,356,0,87,78,0,0,0,601,178,-790,2,下位,0,0,0
859,859,0,97,148,0,0,0,356,130,-1234,1,下位,0,0,0
235,235,0,75,95,0,0,0,859,200,-2419,2,下位,0,0,0
1615,928,225,1549,7982,0,0,0,235,147,-2651,1,下位,0,0,0
687,120,172,1549,7982,0,1,928,235,147,-2651,1,下位,0,928,53
567,382,57,1549,7982,0,2,1048,235,147,-2651,1,下位,0,120,115
185,185,0,1549,7982,0,3,1430,235,147,-2651,1,下位,0,382,57
296,296,0,72,42,0,0,0,1615,8034,763,14,上位,0,0,0
387,387,0,930,4487,1,0,0,0,0,1,0,下位,0,0,0
1550,560,174,250,262,0,0,0,387,4539,769,9,上位,0,0,0
990,66,121,250,262,0,1,560,387,4539,769,9,上位,0,560,53
924,924,0,250,262,0,2,626,387,4539,769,9,上位,0,66,121
310,310,0,867,4056,1,0,0,0,0,1,0,下位,0,0,0
308,308,0,250,205,1,0,0,0,0,1,0,下位,0,0,0
136,136,0,79,19,0,0,0,308,257,-239,7,下位,0,0,0
212,212,0,166,241,0,0,0,136,71,-387,2,下位,0,0,0
893,893,0,67,111,1,0,0,0,0,1,0,下位,0,0,0
965,965,0,95,223,0,0,0,893,163,-1276,1,下位,0,0,0
72,72,0,100,57,0,0,0,965,275,-2557,2,下位,0,0,0
189,189,0,207,333,1,0,0,0,0,1,0,下位,0,0,0
505,505,0,113,195,0,0,0,189,385,81,6,下位,0,0,0
197,197,0,114,117,1,0,0,0,0,1,0,下位,0,0,0
878,878,0,1239,6227,0,0,0,197,169,-148,2,下位,0,0,0
583,583,0,81,92,1,0,0,0,0,1,0,下位,0,0,0
696,696,0,125,160,0,0,0,583,144,-795,1,下位,0,0,0
137,137,0,94,147,0,0,0,696,212,-1706,2,下位,0,0,0
965,965,0,77,108,0,0,0,137,199,-1728,2,下位,0,0,0
1208,314,57,77,104,1,0,0,0,0,1,0,下位,0,0,0
894,894,0,77,104,1,1,314,0,0,1,0,下位,0,314,57
232,50,57,92,145,0,0,0,1208,156,-1734,1,下位,0,0,0
182,182,0,92,145,0,1,50,1208,156,-1734,1,下位,0,50,57
632,632,0,73,32,1,0,0,0,0,1,0,下位,0,0,0
580,580,0,1343,6497,0,0,0,632,84,-934,1,下位,0,0,0
403,403,0,80,84,0,0,0,580,6549,767,13,上位,0,0,0
142,142,0,659,3004,0,0,0,403,136,253,1,下位,0,0,0
651,651,0,79,95,1,0,0,0,0,1,0,下位,0,0,0
245,245,0,97,146,0,0,0,651,147,-902,1,下位,0,0,0
126,126,0,82,92,0,0,0,245,198,-1099,2,下位,0,0,0
332,332,0,1250,6369,0,0,0,126,144,-1158,1,下位,0,0,0
232,232,0,72,92,0,0,0,332,6421,755,12,上位,0,0,0
395,395,0,99,135,0,0,0,232,144,525,1,下位,0,0,0
346,86,112,139,150,0,0,0,395,187,75,1,下位,0,0,0
260,260,0,139,150,0,1,86,395,187,75,1,下位,0,86,112
230,230,0,145,274,1,0,0,0,0,1,0,下位,0,0,0
159,159,0,876,4150,0,0,0,230,326,-44,4,下位,0,0,0
71,71,0,132,171,0,0,0,159,4202,773,10,上位,0,0,0
945,945,0,122,171,0,0,0,71,223,881,3,下位,0,0,0
750,401,59,175,235,0,0,0,945,223,-420,2,下位,0,0,0
349,349,0,175,235,0,1,401,945,223,-420,2,下位,0,401,59
213,213,0,62,47,1,0,0,0,0,1,0,下位,0,0,0
809,809,0,75,99,0,0,0,213,99,-244,1,下位,0,0,0
311,311,0,123,245,0,0,0,809,151,-1398,1,下位,0,0,0
419,267,119,1093,5217,0,0,0,311,297,-1603,2,下位,0,0,0
152,152,0,1093,5217,0,1,267,311,297,-1603,2,下位,0,267,119
202,202,0,106,191,0,0,0,419,5269,768,10,上位,0,0,0
353,52,55,65,119,0,0,0,202,243,685,2,下位,0,0,0
301,301,0,65,119,0,1,52,202,243,685,2,下位,0,52,55
568,568,0,60,57,1,0,0,0,0,1,0,下位,0,0,0
965,965,0,138,270,0,0,0,568,109,-806,1,下位,0,0,0
631,631,0,70,119,0,0,0,965,322,-2040,3,下位,0,0,0
313,313,0,76,180,0,0,0,631,171,-2887,1,下位,0,0,0
43,43,0,105,197,1,0,0,0,0,1,0,下位,0,0,0
815,668,63,76,27,0,0,0,43,249,181,3,下位,0,0,0
147,147,0,76,27,0,1,668,43,249,181,3,下位,0,668,63
97,97,0,72,179,0,0,0,815,79,-991,1,下位,0,0,0
967,967,0,95,150,0,0,0,97,231,-916,1,下位,0,0,0
808,808,0,97,217,0,0,0,967,202,-2274,1,下位,0,0,0
424,424,0,108,133,1,0,0,0,0,1,0,下位,0,0,0
687,687,0,76,103,0,0,0,424,185,-498,2,下位,0,0,0
1339,291,234,74,23,0,0,0,687,155,-1451,1,下位,0,0,0
1048,832,115,74,23,0,1,291,687,155,-1451,1,下位,0,291,119
216,216,0,74,23,0,2,1123,687,155,-1451,1,下位,0,832,115
311,311,0,121,246,0,0,0,1339,75,-3301,1,下位,0,0,0
808,808,0,1093,5174,1,0,0,0,0,1,0,下位,0,0,0
1429,464,119,108,137,0,0,0,808,5226,773,11,上位,0,0,0
965,965,0,108,137,0,1,464,808,5226,773,11,上位,0,464,119
123,123,0,65,110,0,0,0,1429,189,-1223,2,下位,0,0,0
676,676,0,1416,7262,1,0,0,0,0,1,0,下位,0,0,0
262,262,0,120,180,1,0,0,0,0,1,0,下位,0,0,0
381,381,0,92,72,1,0,0,0,0,1,0,下位,0,0,0
290,290,0,120,230,1,0,0,0,0,1,0,下位,0,0,0
98,98,0,92,77,0,0,0,290,282,-185,3,下位,0,0,0
113,113,0,69,39,1,0,0,0,0,1,0,下位,0,0,0
962,962,0,107,257,0,0,0,113,91,-90,1,下位,0,0,0
766,766,0,130,161,1,0,0,0,0,1,0,下位,0,0,0
605,605,0,151,412,0,0,0,766,213,-1021,2,下位,0,0,0
438,438,0,155,269,1,0,0,0,0,1,0,下位,0,0,0
865,865,0,101,205,0,0,0,438,321,-384,3,下位,0,0,0
327,327,0,110,182,0,0,0,865,257,-1522,2,下位,0,0,0
346,346,0,159,168,0,0,0,327,234,-1815,2,下位,0,0,0
856,856,0,113,181,1,0,0,0,0,1,0,下位,0,0,0
725,725,0,1193,6184,0,0,0,856,233,-1147,2,下位,0,0,0
264,264,0,69,117,1,0,0,0,0,1,0,下位,0,0,0
662,662,0,64,43,0,0,0,264,169,-256,1,下位,0,0,0
332,332,0,83,154,0,0,0,662,95,-1229,1,下位,0,0,0
367,367,0,84,71,1,0,0,0,0,1,0,下位,0,0,0
981,981,0,144,213,1,0,0,0,0,1,0,下位,0,0,0
121,121,0,94,151,1,0,0,0,0,1,0,下位,0,0,0
1327,188,230,157,277,0,0,0,121,203,9,2,下位,0,0,0
1139,959,113,157,277,0,1,188,121,203,9,2,下位,0,188,117
180,180,0,157,277,0,2,1147,121,203,9,2,下位,0,959,113
253,253,0,210,330,0,0,0,1327,329,-1572,3,下位,0,0,0
274,274,0,1346,6689,0,0,0,253,382,-1598,5,下位,0,0,0
455,455,0,139,149,1,0,0,0,0,1,0,下位,0,0,0
237,237,0,989,4779,0,0,0,455,201,-532,4,下位,0,0,0
679,679,0,88,147,0,0,0,237,4831,761,10,上位,0,0,0
42,42,0,84,89,1,0,0,0,0,1,0,下位,0,0,0
778,778,0,96,132,0,0,0,42,141,74,1,下位,0,0,0
515,274,57,98,148,0,0,0,778,184,-997,1,下位,0,0,0
241,241,0,98,148,0,1,274,778,184,-997,1,下位,0,274,57
304,304,0,70,111,0,0,0,515,200,-1571,1,下位,0,0,0
561,561,0,159,262,1,0,0,0,0,1,0,下位,0,0,0
163,163,0,88,159,0,0,0,561,314,-590,3,下位,0,0,0
606,165,59,108,121,0,0,0,163,211,-642,2,下位,0,0,0
441,441,0,108,121,0,1,165,163,211,-642,2,下位,0,165,59
331,331,0,65,41,1,0,0,0,0,1,0,下位,0,0,0
159,159,0,952,4528,0,0,0,331,93,-440,1,下位,0,0,0
486,486,0,128,315,1,0,0,0,0,1,0,下位,0,0,0
693,251,184,90,77,0,0,0,486,367,-416,4,下位,0,0,0
442,137,121,90,77,0,1,251,486,367,-416,4,下位,0,251,63
305,305,0,90,77,0,2,388,486,367,-416,4,下位,0,137,121
523,523,0,196,359,0,0,0,693,129,-1221,2,下位,0,0,0
1489,500,172,112,115,0,0,0,523,411,-1654,5,下位,0,0,0
989,825,113,112,115,0,1,500,523,411,-1654,5,下位,0,500,59
164,164,0,112,115,0,2,1325,523,411,-1654,5,下位,0,825,113
865,865,0,84,97,1,0,0,0,0,1,0,下位,0,0,0
349,349,0,75,31,0,0,0,865,149,-1245,1,下位,0,0,0
903,903,0,173,206,1,0,0,0,0,1,0,下位,0,0,0
323,207,61,78,100,0,0,0,903,258,-1197,3,下位,0,0,0
116,116,0,78,100,0,1,207,903,258,-1197,3,下位,0,207,61
342,342,0,140,287,0,0,0,323,152,-1505,1,下位,0,0,0
315,315,0,162,260,0,0,0,342,339,-1718,3,下位,0,0,0
978,978,0,84,164,1,0,0,0,0,1,0,下位,0,0,0
433,433,0,70,111,1,0,0,0,0,1,0,下位,0,0,0
197,197,0,70,114,0,0,0,433,163,-534,1,下位,0,0,0
200,200,0,89,155,0,0,0,197,166,-686,1,下位,0,0,0
584,584,0,101,141,0,0,0,200,207,-802,1,下位,0,0,0
95,95,0,1027,5539,0,0,0,584,193,-1551,1,下位,0,0,0
291,291,0,96,154,1,0,0,0,0,1,0,下位,0,0,0
867,867,0,136,229,0,0,0,291,206,-262,2,下位,0,0,0
582,91,63,88,130,0,0,0,867,281,-1379,4,下位,0,0,0
491,491,0,88,130,0,1,91,867,281,-1379,4,下位,0,91,63
257,257,0,118,243,0,0,0,582,182,-2073,2,下位,0,0,0
154,154,0,115,120,0,0,0,257,295,-2193,2,下位,0,0,0
93,93,0,71,32,0,0,0,154,172,-2269,3,下位,0,0,0
1879,324,227,105,181,0,0,0,93,84,-2335,1,下位,0,0,0
1555,814,113,105,181,0,1,324,93,84,-2335,1,下位,0,324,114
741,741,0,105,181,0,2,1138,93,84,-2335,1,下位,0,814,113
931,436,63,196,336,1,0,0,0,0,1,0,下位,0,0,0
495,495,0,196,336,1,1,436,0,0,1,0,下位,0,436,63
383,227,119,90,57,0,0,0,931,388,-1049,4,下位,0,0,0
156,156,0,90,57,0,1,227,931,388,-1049,4,下位,0,227,119
483,345,113,94,74,0,0,0,383,109,-1439,2,下位,0,0,0
138,138,0,94,74,0,1,345,383,109,-1439,2,下位,0,345,113
643,643,0,1323,6760,0,0,0,483,126,-1979,1,下位,0,0,0
359,359,0,77,98,0,0,0,643,6812,747,10,上位,0,0,0
709,709,0,78,19,1,0,0,0,0,1,0,下位,0,0,0
321,321,0,134,161,0,0,0,709,71,-1072,1,下位,0,0,0
960,960,0,1109,5975,0,0,0,321,213,-1377,4,下位,0,0,0
1006,626,117,100,67,0,0,0,960,6027,756,11,上位,0,0,0
380,380,0,100,67,0,1,626,960,6027,756,11,上位,0,626,117
2501,365,294,100,128,0,0,0,1006,119,-631,2,下位,0,0,0
2136,700,177,100,128,0,1,365,1006,119,-631,2,下位,0,365,117
1436,115,116,100,128,0,2,1065,1006,119,-631,2,下位,0,700,61
1321,616,59,100,128,0,3,1180,1006,119,-631,2,下位,0,115,57
705,705,0,100,128,0,4,1796,1006,119,-631,2,下位,0,616,59
48,48,0,113,189,1,0,0,0,0,1,0,下位,0,0,0
1520,729,119,132,163,0,0,0,48,241,165,2,下位,0,0,0
791,791,0,132,163,0,1,729,48,241,165,2,下位,0,729,119
504,504,0,79,168,1,0,0,0,0,1,0,下位,0,0,0
295,295,0,128,94,0,0,0,504,220,-592,1,下位,0,0,0
454,454,0,69,111,0,0,0,295,146,-922,2,下位,0,0,0
372,372,0,103,126,0,0,0,454,163,-1491,1,下位,0,0,0
390,390,0,1305,6322,0,0,0,372,178,-1913,1,下位,0,0,0
352,352,0,138,349,0,0,0,390,6374,736,13,上位,0,0,0
266,266,0,69,108,0,0,0,352,401,569,3,下位,0,0,0
291,291,0,60,59,0,0,0,266,160,300,1,下位,0,0,0
230,230,0,122,249,1,0,0,0,0,1,0,下位,0,0,0
235,235,0,68,46,0,0,0,230,301,-69,2,下位,0,0,0
688,688,0,60,45,0,0,0,235,98,-350,1,下位,0,0,0
245,245,0,93,73,0,0,0,688,97,-1363,1,下位,0,0,0
318,318,0,178,316,0,0,0,245,125,-1633,2,下位,0,0,0
403,403,0,1208,6310,0,0,0,318,368,-1778,4,下位,0,0,0
224,224,0,149,275,1,0,0,0,0,1,0,下位,0,0,0
335,335,0,152,321,0,0,0,224,327,-33,3,下位,0,0,0
228,228,0,89,220,0,0,0,335,373,-200,4,下位,0,0,0
973,973,0,1550,8016,0,0,0,228,272,-296,2,下位,0,0,0
196,196,0,102,216,0,0,0,973,8068,755,13,上位,0,0,0
231,231,0,87,76,0,0,0,196,268,707,2,下位,0,0,0
462,462,0,80,87,0,0,0,231,128,462,1,下位,0,0,0
873,873,0,84,164,1,0,0,0,0,1,0,下位,0,0,0
251,251,0,1369,7015,0,0,0,873,216,-1191,2,下位,0,0,0
975,975,0,111,195,1,0,0,0,0,1,0,下位,0,0,0
598,598,0,98,138,0,0,0,975,247,-1325,2,下位,0,0,0
963,963,0,71,39,0,0,0,598,190,-2100,1,下位,0,0,0
1426,966,61,64,125,0,0,0,963,91,-3562,1,下位,0,0,0
460,460,0,64,125,0,1,966,963,91,-3562,1,下位,0,966,61
385,152,59,1426,6927,0,0,0,1426,177,-5624,1,下位,0,0,0
233,233,0,1426,6927,0,1,152,1426,177,-5624,1,下位,0,152,59
28,28,0,122,178,1,0,0,0,0,1,0,下位,0,0,0
1201,899,115,67,107,0,0,0,28,230,186,3,下位,0,0,0
302,302,0,67,107,0,1,899,28,230,186,3,下位,0,899,115
1146,433,115,77,155,0,0,0,1201,159,-1477,1,下位,0,0,0
713,713,0,77,155,0,1,433,1201,159,-1477,1,下位,0,433,115
454,454,0,122,171,0,0,0,1146,207,-3003,1,下位,0,0,0
897,897,0,55,40,0,0,0,454,223,-3512,3,下位,0,0,0
129,129,0,95,70,0,0,0,897,92,-4867,1,下位,0,0,0
533,533,0,118,260,1,0,0,0,0,1,0,下位,0,0,0
1792,819,55,84,73,0,0,0,533,312,-547,3,下位,0,0,0
973,973,0,84,73,0,1,819,533,312,-547,3,下位,0,819,55
912,912,0,144,207,0,0,0,1792,125,-3257,1,下位,0,0,0
1415,969,115,168,302,0,0,0,912,259,-4469,3,下位,0,0,0
446,446,0,168,302,0,1,969,912,259,-4469,3,下位,0,969,115
265,265,0,916,4291,1,0,0,0,0,1,0,下位,0,0,0
442,442,0,120,185,0,0,0,265,4343,769,9,上位,0,0,0
746,746,0,82,88,1,0,0,0,0,1,0,下位,0,0,0
106,106,0,87,92,0,0,0,746,140,-1062,1,下位,0,0,0
235,235,0,158,260,0,0,0,106,144,-1089,1,下位,0,0,0
133,133,0,76,170,0,0,0,235,312,-1156,4,下位,0,0,0
197,197,0,87,78,0,0,0,133,222,-1149,1,下位,0,0,0
930,930,0,110,187,0,0,0,197,130,-1337,1,下位,0,0,0
370,370,0,68,36,0,0,0,930,239,-2598,2,下位,0,0,0
538,538,0,99,214,0,0,0,370,88,-3107,1,下位,0,0,0
965,965,0,176,321,0,0,0,538,266,-3709,2,下位,0,0,0
775,681,123,84,87,0,0,0,965,373,-4892,4,下位,0,0,0
94,94,0,84,87,0,1,681,965,373,-4892,4,下位,0,681,123
868,677,63,62,111,0,0,0,775,139,-5880,1,下位,0,0,0
191,191,0,62,111,0,1,677,775,139,-5880,1,下位,0,677,63
347,347,0,168,251,0,0,0,868,163,-7054,1,下位,0,0,0
552,552,0,174,302,1,0,0,0,0,1,0,下位,0,0,0
224,224,0,151,188,0,0,0,552,354,-535,3,下位,0,0,0
575,240,115,58,58,0,0,0,224,240,-656,3,下位,0,0,0
335,335,0,58,58,0,1,240,224,240,-656,3,下位,0,240,115
518,518,0,123,259,1,0,0,0,0,1,0,下位,0,0,0
185,185,0,89,71,0,0,0,518,311,-523,3,下位,0,0,0
620,395,63,159,267,0,0,0,185,123,-698,1,下位,0,0,0
225,225,0,159,267,0,1,395,185,123,-698,1,下位,0,395,63
1203,965,57,176,381,0,0,0,620,319,-1316,3,下位,0,0,0
238,238,0,176,381,0,1,965,620,319,-1316,3,下位,0,965,57
1579,791,59,112,336,0,0,0,1203,433,-2766,5,下位,0,0,0
788,788,0,112,336,0,1,791,1203,433,-2766,5,下位,0,791,59
289,289,0,72,104,1,0,0,0,0,1,0,下位,0,0,0
413,413,0,175,233,0,0,0,289,156,-309,1,下位,0,0,0
884,884,0,136,151,0,0,0,413,285,-690,3,下位,0,0,0
982,775,59,93,74,0,0,0,884,203,-1913,3,下位,0,0,0
207,207,0,93,74,0,1,775,884,203,-1913,3,下位,0,775,59
681,681,0,118,112,1,0,0,0,0,1,0,下位,0,0,0
699,699,0,1176,5924,0,0,0,681,164,-933,3,下位,0,0,0
516,287,57,70,115,0,0,0,699,5976,763,11,上位,0,0,0
229,229,0,70,115,0,1,287,699,5976,763,11,上位,0,287,57
275,275,0,78,90,0,0,0,516,167,155,1,下位,0,0,0
1284,315,55,123,167,0,0,0,275,142,-147,1,下位,0,0,0
969,969,0,123,167,0,1,315,275,142,-147,1,下位,0,315,55
931,141,115,78,88,0,0,0,1284,219,-1944,3,下位,0,0,0
790,790,0,78,88,0,1,141,1284,219,-1944,3,下位,0,141,115
117,117,0,1330,6488,0,0,0,931,140,-3190,2,下位,0,0,0
811,811,0,118,182,1,0,0,0,0,1,0,下位,0,0,0
813,196,63,64,41,0,0,0,811,234,-1073,2,下位,0,0,0
617,617,0,64,41,0,1,196,811,234,-1073,2,下位,0,196,63
1264,733,49,88,224,0,0,0,813,93,-2228,1,下位,0,0,0
531,531,0,88,224,0,1,733,813,93,-2228,1,下位,0,733,49
178,178,0,58,62,0,0,0,1264,276,-3941,2,下位,0,0,0
112,112,0,1560,8090,0,0,0,178,114,-4114,1,下位,0,0,0
335,335,0,60,57,0,0,0,112,8142,759,14,上位,0,0,0
275,275,0,63,50,0,0,0,335,109,328,1,下位,0,0,0
433,433,0,138,222,1,0,0,0,0,1,0,下位,0,0,0
178,178,0,81,98,0,0,0,433,274,-423,3,下位,0,0,0
1206,53,178,152,208,0,0,0,178,150,-560,2,下位,0,0,0
1153,965,117,152,208,0,1,53,178,150,-560,2,下位,0,53,61
188,188,0,152,208,0,2,1018,178,150,-560,2,下位,0,965,117
1230,443,172,66,38,0,0,0,1206,260,-2066,3,下位,0,0,0
787,531,57,66,38,0,1,443,1206,260,-2066,3,下位,0,443,115
256,256,0,66,38,0,2,974,1206,260,-2066,3,下位,0,531,57
235,235,0,118,181,0,0,0,1230,90,-3788,1,下位,0,0,0
964,964,0,129,81,0,0,0,235,233,-3934,2,下位,0,0,0
335,335,0,58,56,0,0,0,964,133,-5356,2,下位,0,0,0
763,763,0,2184,11781,0,0,0,335,108,-5788,1,下位,0,0,0
703,443,117,74,111,1,0,0,0,0,1,0,下位,0,0,0
260,260,0,74,111,1,1,443,0,0,1,0,下位,0,443,117
208,208,0,224,307,0,0,0,703,163,-853,1,下位,0,0,0
1111,748,119,100,202,0,0,0,208,359,-829,5,下位,0,0,0
363,363,0,100,202,0,1,748,208,359,-829,5,下位,0,748,119
711,711,0,89,155,1,0,0,0,0,1,0,下位,0,0,0
503,503,0,92,136,0,0,0,711,207,-939,1,下位,0,0,0
969,969,0,111,191,0,0,0,503,188,-1562,2,下位,0,0,0
315,315,0,86,84,0,0,0,969,243,-2882,3,下位,0,0,0
258,258,0,64,47,0,0,0,315,136,-3254,1,下位,0,0,0
572,572,0,86,165,0,0,0,258,99,-3571,1,下位,0,0,0
739,186,174,1581,8348,0,0,0,572,217,-4277,2,下位,0,0,0
553,189,115,1581,8348,0,1,186,572,217,-4277,2,下位,0,186,59
364,364,0,1581,8348,0,2,375,572,217,-4277,2,下位,0,189,115
1248,277,53,78,175,0,0,0,739,8400,741,14,上位,0,0,0
971,971,0,78,175,0,1,277,739,8400,741,14,上位,0,277,53
316,316,0,912,4353,1,0,0,0,0,1,0,下位,0,0,0
433,433,0,77,174,0,0,0,316,4405,761,9,上位,0,0,0
358,358,0,69,110,0,0,0,433,226,289,1,下位,0,0,0
84,84,0,84,162,0,0,0,358,162,-126,1,下位,0,0,0
167,167,0,72,34,1,0,0,0,0,1,0,下位,0,0,0
369,369,0,96,136,0,0,0,167,86,-182,1,下位,0,0,0
358,358,0,134,156,0,0,0,369,188,-589,1,下位,0,0,0
260,260,0,75,23,0,0,0,358,208,-958,3,下位,0,0,0
963,963,0,187,213,0,0,0,260,75,-1302,1,下位,0,0,0
1638,965,59,1156,5832,0,0,0,963,265,-2590,3,下位,0,0,0
673,673,0,1156,5832,0,1,965,963,265,-2590,3,下位,0,965,59
986,986,0,139,140,0,0,0,1638,5884,712,11,上位,0,0,0
191,191,0,114,253,1,0,0,0,0,1,0,下位,0,0,0
1042,816,53,86,156,0,0,0,191,305,-2,3,下位,0,0,0
226,226,0,86,156,0,1,816,191,305,-2,3,下位,0,816,53
227,94,61,120,251,0,0,0,1042,208,-1422,1,下位,0,0,0
133,133,0,120,251,0,1,94,1042,208,-1422,1,下位,0,94,61
152,152,0,77,102,0,0,0,227,303,-1425,2,下位,0,0,0
565,213,59,62,44,1,0,0,0,0,1,0,下位,0,0,0
352,352,0,62,44,1,1,213,0,0,1,0,下位,0,213,59
659,659,0,96,143,0,0,0,565,96,-756,1,下位,0,0,0
135,135,0,197,250,0,0,0,659,195,-1624,2,下位,0,0,0
249,249,0,153,270,0,0,0,135,302,-1540,5,下位,0,0,0
110,110,0,192,296,0,0,0,249,322,-1620,3,下位,0,0,0
879,839,119,101,49,0,0,0,110,348,-1449,4,下位,0,0,0
40,40,0,101,49,0,1,839,110,348,-1449,4,下位,0,839,119
264,264,0,156,349,0,0,0,879,101,-2647,2,下位,0,0,0
1258,292,123,1182,5938,0,0,0,264,401,-2672,4,下位,0,0,0
966,966,0,1182,5938,0,1,292,264,401,-2672,4,下位,0,292,123
262,262,0,156,414,1,0,0,0,0,1,0,下位,0,0,0
872,872,0,1070,5192,0,0,0,262,466,44,4,下位,0,0,0
49,49,0,85,159,1,0,0,0,0,1,0,下位,0,0,0
196,196,0,172,246,0,0,0,49,211,133,2,下位,0,0,0
632,632,0,127,233,0,0,0,196,298,116,4,下位,0,0,0
400,400,0,102,127,0,0,0,632,285,-618,3,下位,0,0,0
496,255,121,112,184,0,0,0,400,179,-1084,2,下位,0,0,0
241,241,0,112,184,0,1,255,400,179,-1084,2,下位,0,255,121
1299,972,55,1149,5835,0,0,0,496,236,-1527,3,下位,0,0,0
327,327,0,1149,5835,0,1,972,496,236,-1527,3,下位,0,972,55
346,346,0,77,100,0,0,0,1299,5887,762,12,上位,0,0,0
606,394,61,969,4753,1,0,0,0,0,1,0,下位,0,0,0
212,212,0,969,4753,1,1,394,0,0,1,0,下位,0,394,61
1011,590,115,126,251,0,0,0,606,4805,771,9,上位,0,0,0
421,421,0,126,251,0,1,590,606,4805,771,9,上位,0,590,115
421,421,0,68,111,1,0,0,0,0,1,0,下位,0,0,0
2346,848,235,120,173,0,0,0,421,163,-515,1,下位,0,0,0
1498,583,180,120,173,0,1,848,421,163,-515,1,下位,0,848,55
915,243,63,120,173,0,2,1431,421,163,-515,1,下位,0,583,117
672,672,0,120,173,0,3,1674,421,163,-515,1,下位,0,243,63
1394,131,178,173,241,0,0,0,2346,225,-3839,2,下位,0,0,0
1263,334,119,173,241,0,1,131,2346,225,-3839,2,下位,0,131,59
929,929,0,173,241,0,2,465,2346,225,-3839,2,下位,0,334,119
1058,507,123,102,126,0,0,0,1394,293,-5616,3,下位,0,0,0
551,551,0,102,126,0,1,507,1394,293,-5616,3,下位,0,507,123
158,158,0,132,162,0,0,0,1058,178,-7022,2,下位,0,0,0
301,301,0,67,112,1,0,0,0,0,1,0,下位,0,0,0
494,494,0,73,110,1,0,0,0,0,1,0,下位,0,0,0
605,605,0,114,401,0,0,0,494,162,-634,1,下位,0,0,0
431,431,0,82,85,0,0,0,605,453,-1157,3,下位,0,0,0
223,223,0,77,167,0,0,0,431,137,-1715,1,下位,0,0,0
965,965,0,94,66,0,0,0,223,219,-1856,2,下位,0,0,0
92,92,0,72,179,0,0,0,965,118,-3294,2,下位,0,0,0
717,84,291,68,120,0,0,0,92,231,-3211,1,下位,0,0,0
633,175,172,68,120,0,1,84,92,231,-3211,1,下位,0,84,119
458,301,59,68,120,0,2,259,92,231,-3211,1,下位,0,175,113
157,157,0,68,120,0,3,560,92,231,-3211,1,下位,0,301,59
1681,183,167,1903,10258,0,0,0,717,172,-3903,1,下位,0,0,0
1498,773,108,1903,10258,0,1,183,717,172,-3903,1,下位,0,183,59
725,361,47,1903,10258,0,2,956,717,172,-3903,1,下位,0,773,61
364,364,0,1903,10258,0,3,1317,717,172,-3903,1,下位,0,361,47
250,250,0,95,228,1,0,0,0,0,1,0,下位,0,0,0
467,467,0,80,23,0,0,0,250,280,-122,2,下位,0,0,0
638,638,0,78,99,0,0,0,467,75,-800,1,下位,0,0,0
236,236,0,78,104,1,0,0,0,0,1,0,下位,0,0,0
262,262,0,118,103,0,0,0,236,156,-224,1,下位,0,0,0
778,778,0,1137,5543,0,0,0,262,155,-492,2,下位,0,0,0
250,250,0,96,136,0,0,0,778,5595,767,10,上位,0,0,0
387,387,0,107,266,0,0,0,250,188,552,1,下位,0,0,0
605,605,0,142,224,0,0,0,387,318,246,3,下位,0,0,0
486,486,0,128,93,0,0,0,605,276,-454,3,下位,0,0,0
166,166,0,58,51,0,0,0,486,145,-1093,2,下位,0,0,0
245,245,0,86,161,0,0,0,166,103,-1258,1,下位,0,0,0
254,254,0,152,195,0,0,0,245,213,-1440,2,下位,0,0,0
889,889,0,135,151,0,0,0,254,247,-1603,3,下位,0,0,0
965,965,0,74,109,0,0,0,889,203,-2834,3,下位,0,0,0
199,199,0,158,281,1,0,0,0,0,1,0,下位,0,0,0
130,130,0,93,152,0,0,0,199,333,13,3,下位,0,0,0
774,568,115,143,369,0,0,0,130,204,7,1,下位,0,0,0
206,206,0,143,369,0,1,568,130,204,7,1,下位,0,568,115
216,216,0,156,275,1,0,0,0,0,1,0,下位,0,0,0
812,812,0,99,146,0,0,0,216,327,-20,4,下位,0,0,0
142,142,0,86,94,0,0,0,812,198,-1132,1,下位,0,0,0
89,89,0,92,149,0,0,0,142,146,-1215,2,下位,0,0,0
968,968,0,72,100,0,0,0,89,201,-1158,2,下位,0,0,0
417,417,0,186,297,0,0,0,968,152,-2567,1,下位,0,0,0
477,477,0,157,340,0,0,0,417,349,-2891,5,下位,0,0,0
531,531,0,150,198,0,0,0,477,392,-3268,3,下位,0,0,0
266,266,0,115,186,0,0,0,531,250,-3874,2,下位,0,0,0
274,274,0,115,172,0,0,0,266,238,-4065,3,下位,0,0,0
1144,774,63,108,198,0,0,0,274,224,-4283,3,下位,0,0,0
370,370,0,108,198,0,1,774,274,224,-4283,3,下位,0,774,63
1856,802,168,92,84,0,0,0,1144,250,-5815,2,下位,0,0,0
1054,931,45,92,84,0,1,802,1144,250,-5815,2,下位,0,802,123
123,123,0,92,84,0,2,1733,1144,250,-5815,2,下位,0,931,45
35,35,0,61,55,1,0,0,0,0,1,0,下位,0,0,0
301,301,0,153,271,0,0,0,35,107,52,1,下位,0,0,0
1174,967,63,114,194,0,0,0,301,323,-110,4,下位,0,0,0
207,207,0,114,194,0,1,967,301,323,-110,4,下位,0,967,63
950,950,0,177,309,0,0,0,1174,246,-1695,3,下位,0,0,0
2716,671,288,1686,9186,0,0,0,950,361,-2866,4,下位,0,0,0
2045,556,167,1686,9186,0,1,671,950,361,-2866,4,下位,0,671,121
1489,443,106,1686,9186,0,2,1227,950,361,-2866,4,下位,0,556,61
1046,953,53,1686,9186,0,3,1670,950,361,-2866,4,下位,0,443,53
93,93,0,1686,9186,0,4,2623,950,361,-2866,4,下位,0,953,53
604,604,0,100,137,1,0,0,0,0,1,0,下位,0,0,0
849,254,56,82,154,0,0,0,604,189,-784,2,下位,0,0,0
595,595,0,82,154,0,1,254,604,189,-784,2,下位,0,254,56
572,572,0,131,233,0,0,0,849,206,-1892,2,下位,0,0,0
318,318,0,127,240,0,0,0,572,285,-2530,2,下位,0,0,0
610,610,0,162,188,0,0,0,318,292,-2751,3,下位,0,0,0
59,59,0,1423,7354,0,0,0,610,240,-3495,3,下位,0,0,0
65,65,0,92,149,1,0,0,0,0,1,0,下位,0,0,0
1472,884,55,85,152,0,0,0,65,201,97,2,下位,0,0,0
588,588,0,85,152,0,1,884,65,201,97,2,下位,0,884,55
136,136,0,2176,11467,0,0,0,1472,204,-2018,1,下位,0,0,0
307,307,0,64,56,0,0,0,136,11519,756,19,上位,0,0,0
136,136,0,96,219,1,0,0,0,0,1,0,下位,0,0,0
968,968,0,144,303,0,0,0,136,271,53,2,下位,0,0,0
497,297,119,95,151,0,0,0,968,355,-1153,4,下位,0,0,0
200,200,0,95,151,0,1,297,968,355,-1153,4,下位,0,297,119
460,460,0,140,287,1,0,0,0,0,1,0,下位,0,0,0
967,967,0,78,180,0,0,0,460,339,-402,3,下位,0,0,0
492,492,0,94,84,0,0,0,967,232,-1730,1,下位,0,0,0
1964,67,351,80,89,0,0,0,492,136,-2388,2,下位,0,0,0
1897,297,236,80,89,0,1,67,492,136,-2388,2,下位,0,67,115
1600,968,117,80,89,0,2,364,492,136,-2388,2,下位,0,297,119
632,632,0,80,89,0,3,1332,492,136,-2388,2,下位,0,968,117
195,195,0,129,154,0,0,0,1964,141,-5063,1,下位,0,0,0
290,290,0,190,374,0,0,0,195,206,-5172,2,下位,0,0,0
966,966,0,136,236,0,0,0,290,426,-5214,5,下位,0,0,0
577,577,0,170,254,1,0,0,0,0,1,0,下位,0,0,0
264,264,0,146,281,0,0,0,577,306,-624,5,下位,0,0,0
879,879,0,72,175,0,0,0,264,333,-717,4,下位,0,0,0
977,977,0,188,229,1,0,0,0,0,1,0,下位,0,0,0
679,679,0,102,133,0,0,0,977,281,-1294,4,下位,0,0,0
242,242,0,1841,9510,0,0,0,679,185,-2204,2,下位,0,0,0
1172,778,60,62,124,0,0,0,242,9562,761,16,上位,0,0,0
394,394,0,62,124,0,1,778,242,9562,761,16,上位,0,778,60
394,231,61,91,74,0,0,0,1172,176,-893,1,下位,0,0,0
163,163,0,91,74,0,1,231,1172,176,-893,1,下位,0,231,61
199,199,0,58,50,1,0,0,0,0,1,0,下位,0,0,0
96,96,0,866,4240,0,0,0,199,102,-218,1,下位,0,0,0
74,74,0,72,182,1,0,0,0,0,1,0,下位,0,0,0
968,968,0,1074,5280,0,0,0,74,234,116,1,下位,0,0,0
203,203,0,74,172,0,0,0,968,5332,756,10,上位,0,0,0
145,145,0,164,317,0,0,0,203,224,653,1,下位,0,0,0
989,388,119,74,27,0,0,0,145,369,788,3,下位,0,0,0
601,601,0,74,27,0,1,388,145,369,788,3,下位,0,388,119
1116,545,121,79,169,0,0,0,989,79,-609,1,下位,0,0,0
571,571,0,79,169,0,1,545,989,79,-609,1,下位,0,545,121
749,375,117,76,105,0,0,0,1116,221,-2067,1,下位,0,0,0
374,374,0,76,105,0,1,375,1116,221,-2067,1,下位,0,375,117
319,319,0,136,384,0,0,0,749,157,-3001,1,下位,0,0,0
589,589,0,91,147,1,0,0,0,0,1,0,下位,0,0,0
227,227,0,140,292,0,0,0,589,199,-750,2,下位,0,0,0
805,805,0,151,431,1,0,0,0,0,1,0,下位,0,0,0
513,513,0,74,35,0,0,0,805,483,-814,4,下位,0,0,0
975,480,57,1039,5337,0,0,0,513,87,-1554,1,下位,0,0,0
495,495,0,1039,5337,0,1,480,513,87,-1554,1,下位,0,480,57
121,121,0,90,151,0,0,0,975,5389,753,11,上位,0,0,0
1208,234,121,116,191,0,0,0,121,203,761,2,下位,0,0,0
974,974,0,116,191,0,1,234,121,203,761,2,下位,0,234,121
275,275,0,162,267,0,0,0,1208,243,-823,2,下位,0,0,0
472,472,0,90,154,0,0,0,275,319,-948,3,下位,0,0,0
239,239,0,216,190,0,0,0,472,206,-1503,1,下位,0,0,0
665,665,0,80,95,1,0,0,0,0,1,0,下位,0,0,0
1834,970,57,73,99,0,0,0,665,147,-925,1,下位,0,0,0
864,864,0,73,99,0,1,970,665,147,-925,1,下位,0,970,57
170,170,0,96,144,0,0,0,1834,151,-3676,1,下位,0,0,0
2802,201,517,96,140,0,0,0,170,196,-3754,1,下位,0,0,0
2601,861,398,96,140,0,1,201,170,196,-3754,1,下位,0,201,119
1740,179,285,96,140,0,2,1062,170,196,-3754,1,下位,0,861,113
1561,935,172,96,140,0,3,1241,170,196,-3754,1,下位,0,179,113
626,400,113,96,140,0,4,2176,170,196,-3754,1,下位,0,935,59
226,226,0,96,140,0,5,2576,170,196,-3754,1,下位,0,400,113
224,224,0,79,83,0,0,0,2802,192,-7565,1,下位,0,0,0
92,92,0,131,239,1,0,0,0,0,1,0,下位,0,0,0
970,970,0,72,114,0,0,0,92,291,144,3,下位,0,0,0
1094,140,113,130,162,0,0,0,970,166,-1255,1,下位,0,0,0
954,954,0,130,162,0,1,140,970,166,-1255,1,下位,0,140,113
667,667,0,140,302,0,0,0,1094,214,-2693,2,下位,0,0,0
242,242,0,164,347,0,0,0,667,354,-3415,4,下位,0,0,0
427,137,113,148,208,0,0,0,242,399,-3406,4,下位,0,0,0
290,290,0,148,208,0,1,137,242,399,-3406,4,下位,0,137,113
1793,971,119,67,11,0,0,0,427,260,-3722,3,下位,0,0,0
822,822,0,67,11,0,1,971,427,260,-3722,3,下位,0,971,119
780,780,0,84,162,0,0,0,1793,63,-6432,1,下位,0,0,0
783,783,0,58,58,1,0,0,0,0,1,0,下位,0,0,0
626,626,0,110,193,0,0,0,783,110,-1152,1,下位,0,0,0
837,225,231,80,99,0,0,0,626,245,-1917,2,下位,0,0,0
612,125,170,80,99,0,1,225,626,245,-1917,2,下位,0,225,61
487,247,53,80,99,0,2,350,626,245,-1917,2,下位,0,125,117
240,240,0,80,99,0,3,597,626,245,-1917,2,下位,0,247,53
1187,670,305,1464,7648,0,0,0,837,151,-2885,1,下位,0,0,0
517,223,182,1464,7648,0,1,670,837,151,-2885,1,下位,0,670,123
294,81,63,1464,7648,0,2,893,837,151,-2885,1,下位,0,223,119
213,213,0,1464,7648,0,3,974,837,151,-2885,1,下位,0,81,63
613,613,0,128,180,1,0,0,0,0,1,0,下位,0,0,0
338,338,0,74,31,0,0,0,613,232,-756,2,下位,0,0,0
1272,756,178,158,264,0,0,0,338,83,-1218,1,下位,0,0,0
516,211,117,158,264,0,1,756,338,83,-1218,1,下位,0,756,61
305,305,0,158,264,0,2,967,338,83,-1218,1,下位,0,211,117
967,967,0,1087,5750,0,0,0,1272,316,-2775,4,下位,0,0,0
154,154,0,141,223,1,0,0,0,0,1,0,下位,0,0,0
437,437,0,92,141,0,0,0,154,275,28,4,下位,0,0,0
1901,248,120,124,168,0,0,0,437,193,-484,1,下位,0,0,0
1653,890,63,124,168,0,1,248,437,193,-484,1,下位,0,248,57
763,763,0,124,168,0,2,1138,437,193,-484,1,下位,0,890,63
104,104,0,120,178,1,0,0,0,0,1,0,下位,0,0,0
960,960,0,69,31,0,0,0,104,230,63,3,下位,0,0,0
1017,314,57,115,180,0,0,0,960,83,-1402,1,下位,0,0,0
703,703,0,115,180,0,1,314,960,83,-1402,1,下位,0,314,57
656,96,115,1483,7617,0,0,0,1017,232,-2753,2,下位,0,0,0
560,560,0,1483,7617,0,1,96,1017,232,-2753,2,下位,0,96,115
924,496,117,101,203,0,0,0,656,7669,752,14,上位,0,0,0
428,428,0,101,203,0,1,496,656,7669,752,14,上位,0,496,117
938,938,0,104,136,0,0,0,924,255,-366,2,下位,0,0,0
253,253,0,902,4064,0,0,0,938,188,-1691,2,下位,0,0,0
109,109,0,72,180,1,0,0,0,0,1,0,下位,0,0,0
220,220,0,70,111,0,0,0,109,232,57,1,下位,0,0,0
674,674,0,88,90,0,0,0,220,163,-135,1,下位,0,0,0
534,534,0,92,150,1,0,0,0,0,1,0,下位,0,0,0
123,123,0,134,227,0,0,0,534,202,-658,1,下位,0,0,0
968,968,0,120,180,0,0,0,123,279,-577,3,下位,0,0,0
381,381,0,66,106,0,0,0,968,232,-1906,2,下位,0,0,0
83,83,0,172,248,1,0,0,0,0,1,0,下位,0,0,0
774,774,0,142,213,1,0,0,0,0,1,0,下位,0,0,0
872,872,0,131,248,0,0,0,774,265,-982,2,下位,0,0,0
83,83,0,78,15,1,0,0,0,0,1,0,下位,0,0,0
615,295,63,124,251,0,0,0,83,67,-66,1,下位,0,0,0
320,320,0,124,251,0,1,295,83,67,-66,1,下位,0,295,63
973,973,0,68,115,0,0,0,615,303,-692,2,下位,0,0,0
124,124,0,72,102,1,0,0,0,0,1,0,下位,0,0,0
419,419,0,176,379,0,0,0,124,154,-45,1,下位,0,0,0
265,265,0,122,165,0,0,0,419,431,-290,5,下位,0,0,0
246,246,0,80,175,0,0,0,265,217,-500,2,下位,0,0,0
1269,302,61,146,147,1,0,0,0,0,1,0,下位,0,0,0
967,967,0,146,147,1,1,302,0,0,1,0,下位,0,302,61
199,199,0,122,176,1,0,0,0,0,1,0,下位,0,0,0
85,85,0,60,57,1,0,0,0,0,1,0,下位,0,0,0
294,294,0,118,171,0,0,0,85,109,-27,1,下位,0,0,0
921,921,0,217,238,0,0,0,294,223,-278,2,下位,0,0,0
252,252,0,108,271,1,0,0,0,0,1,0,下位,0,0,0
299,299,0,123,101,0,0,0,252,323,-82,3,下位,0,0,0
832,832,0,126,156,1,0,0,0,0,1,0,下位,0,0,0
89,89,0,166,341,1,0,0,0,0,1,0,下位,0,0,0
272,272,0,128,157,1,0,0,0,0,1,0,下位,0,0,0
964,964,0,133,239,0,0,0,272,209,-229,2,下位,0,0,0
862,862,0,124,244,1,0,0,0,0,1,0,下位,0,0,0
130,130,0,149,214,0,0,0,862,296,-1093,2,下位,0,0,0
950,950,0,64,41,0,0,0,130,266,-1037,3,下位,0,0,0
188,188,0,144,283,0,0,0,950,93,-2476,1,下位,0,0,0
814,532,113,86,74,0,0,0,188,335,-2444,3,下位,0,0,0
282,282,0,86,74,0,1,532,188,335,-2444,3,下位,0,532,113
558,558,0,130,283,0,0,0,814,126,-3518,1,下位,0,0,0
895,174,178,133,217,0,0,0,558,335,-4083,3,下位,0,0,0
721,340,117,133,217,0,1,174,558,335,-4083,3,下位,0,174,61
381,381,0,133,217,0,2,514,558,335,-4083,3,下位,0,340,117
680,680,0,84,81,1,0,0,0,0,1,0,下位,0,0,0
1752,620,238,74,96,0,0,0,680,133,-963,1,下位,0,0,0
1132,922,119,74,96,0,1,620,680,133,-963,1,下位,0,620,119
210,210,0,74,96,0,2,1542,680,133,-963,1,下位,0,922,119
864,864,0,118,251,1,0,0,0,0,1,0,下位,0,0,0
831,831,0,87,60,0,0,0,864,303,-1090,3,下位,0,0,0
965,965,0,88,85,0,0,0,831,112,-2318,1,下位,0,0,0
317,317,0,74,175,1,0,0,0,0,1,0,下位,0,0,0
278,278,0,109,208,0,0,0,317,227,-283,1,下位,0,0,0
331,331,0,100,141,0,0,0,278,260,-471,2,下位,0,0,0
163,163,0,98,220,1,0,0,0,0,1,0,下位,0,0,0
185,185,0,102,142,0,0,0,163,272,10,2,下位,0,0,0
1268,875,121,122,307,0,0,0,185,194,-94,3,下位,0,0,0
393,393,0,122,307,0,1,875,185,194,-94,3,下位,0,875,121
1898,186,116,188,225,1,0,0,0,0,1,0,下位,0,0,0
1712,750,55,188,225,1,1,186,0,0,1,0,下位,0,186,61
962,962,0,188,225,1,2,936,0,0,1,0,下位,0,750,55
975,975,0,100,284,1,0,0,0,0,1,0,下位,0,0,0
209,209,0,94,220,0,0,0,975,336,-1236,3,下位,0,0,0
625,346,57,1237,6056,0,0,0,209,272,-1301,2,下位,0,0,0
279,279,0,1237,6056,0,1,346,209,272,-1301,2,下位,0,346,57
1812,845,121,191,356,1,0,0,0,0,1,0,下位,0,0,0
967,967,0,191,356,1,1,845,0,0,1,0,下位,0,845,121
276,276,0,70,110,1,0,0,0,0,1,0,下位,0,0,0
389,389,0,169,309,0,0,0,276,162,-282,1,下位,0,0,0
169,169,0,94,141,1,0,0,0,0,1,0,下位,0,0,0
499,499,0,68,111,0,0,0,169,193,-79,1,下位,0,0,0
202,202,0,69,25,0,0,0,499,163,-721,1,下位,0,0,0
845,845,0,90,155,0,0,0,202,77,-970,1,下位,0,0,0
636,636,0,66,43,1,0,0,0,0,1,0,下位,0,0,0
803,803,0,116,187,0,0,0,636,95,-930,1,下位,0,0,0
304,304,0,73,106,0,0,0,803,239,-1986,3,下位,0,0,0
655,655,0,995,4885,1,0,0,0,0,1,0,下位,0,0,0
946,946,0,88,76,0,0,0,655,4937,763,8,上位,0,0,0
404,404,0,151,208,0,0,0,946,128,-635,1,下位,0,0,0
831,831,0,1374,7030,0,0,0,404,260,-1027,3,下位,0,0,0
66,66,0,190,298,1,0,0,0,0,1,0,下位,0,0,0
1952,251,181,160,183,0,0,0,66,350,245,5,下位,0,0,0
1701,396,122,160,183,0,1,251,66,350,245,5,下位,0,251,59
1305,629,63,160,183,0,2,647,66,350,245,5,下位,0,396,59
676,676,0,160,183,0,3,1276,66,350,245,5,下位,0,629,63
971,971,0,96,222,0,0,0,1952,235,-2488,4,下位,0,0,0
968,968,0,122,172,0,0,0,971,274,-3780,2,下位,0,0,0
1189,151,236,80,92,0,0,0,968,224,-5117,3,下位,0,0,0
1038,70,121,80,92,0,1,151,968,224,-5117,3,下位,0,151,115
968,968,0,80,92,0,2,221,968,224,-5117,3,下位,0,70,121
594,594,0,58,54,0,0,0,1189,144,-6655,2,下位,0,0,0
94,94,0,130,327,0,0,0,594,106,-7507,1,下位,0,0,0
146,146,0,94,144,1,0,0,0,0,1,0,下位,0,0,0
741,741,0,96,261,0,0,0,146,196,-38,1,下位,0,0,0
624,624,0,93,147,0,0,0,741,313,-920,2,下位,0,0,0
235,235,0,176,317,0,0,0,624,199,-1727,1,下位,0,0,0
204,204,0,100,147,0,0,0,235,369,-1737,4,下位,0,0,0
121,121,0,76,113,0,0,0,204,199,-1867,1,下位,0,0,0
2888,398,718,155,346,0,0,0,121,165,-1897,1,下位,0,0,0
2490,917,603,155,346,0,1,398,121,165,-1897,1,下位,0,398,115
1573,94,488,155,346,0,2,1315,121,165,-1897,1,下位,0,917,115
1479,716,367,155,346,0,3,1409,121,165,-1897,1,下位,0,94,121
763,123,244,155,346,0,4,2125,121,165,-1897,1,下位,0,716,123
640,399,123,155,346,0,5,2248,121,165,-1897,1,下位,0,123,121
241,241,0,155,346,0,6,2647,121,165,-1897,1,下位,0,399,123
724,724,0,99,137,1,0,0,0,0,1,0,下位,0,0,0
433,433,0,1248,6287,0,0,0,724,189,-978,1,下位,0,0,0
1102,615,63,68,118,0,0,0,433,6339,765,12,上位,0,0,0
487,487,0,68,118,0,1,615,433,6339,765,12,上位,0,615,63
419,419,0,123,153,0,0,0,1102,170,-779,1,下位,0,0,0
947,947,0,97,69,0,0,0,419,205,-1250,2,下位,0,0,0
377,377,0,97,211,1,0,0,0,0,1,0,下位,0,0,0
142,142,0,78,18,0,0,0,377,263,-344,2,下位,0,0,0
585,260,174,1090,5779,0,0,0,142,70,-503,1,下位,0,0,0
325,106,53,1090,5779,0,1,260,142,70,-503,1,下位,0,260,121
219,219,0,1090,5779,0,2,366,142,70,-503,1,下位,0,106,53
508,351,115,109,123,0,0,0,585,5831,730,9,上位,0,0,0
157,157,0,109,123,0,1,351,585,5831,730,9,上位,0,351,115
1558,404,156,73,29,0,0,0,508,175,201,2,下位,0,0,0
1154,185,41,73,29,0,1,404,508,175,201,2,下位,0,404,115
969,969,0,73,29,0,2,589,508,175,201,2,下位,0,185,41
973,973,0,144,151,0,0,0,1558,81,-2075,1,下位,0,0,0
1313,207,236,80,183,0,0,0,973,203,-3441,3,下位,0,0,0
1106,278,121,80,183,0,1,207,973,203,-3441,3,下位,0,207,115
828,828,0,80,183,0,2,485,973,203,-3441,3,下位,0,278,121
608,608,0,106,134,1,0,0,0,0,1,0,下位,0,0,0
807,807,0,1171,5976,0,0,0,608,186,-794,2,下位,0,0,0
192,192,0,142,211,0,0,0,807,6028,752,12,上位,0,0,0
565,565,0,84,165,1,0,0,0,0,1,0,下位,0,0,0
217,217,0,80,10,0,0,0,565,217,-693,1,下位,0,0,0
292,292,0,97,142,0,0,0,217,62,-981,1,下位,0,0,0
351,351,0,70,96,0,0,0,292,194,-1258,1,下位,0,0,0
516,516,0,57,52,0,0,0,351,148,-1676,1,下位,0,0,0
857,857,0,164,269,0,0,0,516,104,-2404,1,下位,0,0,0
658,344,115,98,139,0,0,0,857,321,-3465,4,下位,0,0,0
314,314,0,98,139,0,1,344,857,321,-3465,4,下位,0,344,115
296,156,59,1592,8417,0,0,0,658,191,-4220,2,下位,0,0,0
140,140,0,1592,8417,0,1,156,658,191,-4220,2,下位,0,156,59
368,368,0,76,178,0,0,0,296,8469,758,14,上位,0,0,0
149,149,0,152,183,1,0,0,0,0,1,0,下位,0,0,0
506,506,0,959,4596,0,0,0,149,235,-4,3,下位,0,0,0
126,126,0,136,160,0,0,0,506,4648,752,9,上位,0,0,0
232,232,0,79,93,1,0,0,0,0,1,0,下位,0,0,0
779,779,0,174,250,0,0,0,232,145,-228,1,下位,0,0,0
276,276,0,60,55,0,0,0,779,302,-1182,4,下位,0,0,0
1821,891,236,90,68,0,0,0,276,107,-1520,1,下位,0,0,0
930,659,123,90,68,0,1,891,276,107,-1520,1,下位,0,891,113
271,271,0,90,68,0,2,1550,276,107,-1520,1,下位,0,659,123
668,95,114,93,135,0,0,0,1821,120,-4101,1,下位,0,0,0
573,573,0,93,135,0,1,95,1821,120,-4101,1,下位,0,95,114
816,573,115,86,86,0,0,0,668,187,-4877,2,下位,0,0,0
243,243,0,86,86,0,1,573,668,187,-4877,2,下位,0,573,115
965,965,0,188,361,0,0,0,816,138,-5940,1,下位,0,0,0
351,351,0,84,63,0,0,0,965,413,-7083,4,下位,0,0,0
243,243,0,135,150,1,0,0,0,0,1,0,下位,0,0,0
964,964,0,161,352,0,0,0,243,202,-189,3,下位,0,0,0
609,609,0,161,180,0,0,0,964,404,-1340,4,下位,0,0,0
311,311,0,112,189,0,0,0,609,232,-2090,4,下位,0,0,0
803,803,0,109,259,0,0,0,311,241,-2351,2,下位,0,0,0
77,77,0,74,36,0,0,0,803,311,-3335,2,下位,0,0,0
749,749,0,123,166,1,0,0,0,0,1,0,下位,0,0,0
173,173,0,1014,5079,0,0,0,749,218,-989,2,下位,0,0,0
963,963,0,57,46,0,0,0,173,5131,751,9,上位,0,0,0
484,484,0,189,215,0,0,0,963,98,-704,1,下位,0,0,0
312,210,113,84,175,0,0,0,484,267,-1218,5,下位,0,0,0
102,102,0,84,175,0,1,210,484,267,-1218,5,下位,0,210,113
869,162,63,152,191,0,0,0,312,227,-1382,1,下位,0,0,0
707,707,0,152,191,0,1,162,312,227,-1382,1,下位,0,162,63
223,223,0,117,110,0,0,0,869,243,-2477,4,下位,0,0,0
787,787,0,101,136,1,0,0,0,0,1,0,下位,0,0,0
881,881,0,176,318,0,0,0,787,188,-1080,2,下位,0,0,0
225,225,0,71,106,0,0,0,881,370,-2131,4,下位,0,0,0
632,632,0,1061,4850,1,0,0,0,0,1,0,下位,0,0,0
793,793,0,108,131,0,0,0,632,4902,746,10,上位,0,0,0
1648,962,57,122,169,0,0,0,793,183,-350,2,下位,0,0,0
686,686,0,122,169,0,1,962,793,183,-350,2,下位,0,962,57
372,372,0,86,165,0,0,0,1648,221,-2730,2,下位,0,0,0
140,140,0,94,224,0,0,0,372,217,-3113,1,下位,0,0,0
209,209,0,923,4176,1,0,0,0,0,1,0,下位,0,0,0
966,966,0,182,362,0,0,0,209,4228,755,9,上位,0,0,0
779,779,0,156,251,1,0,0,0,0,1,0,下位,0,0,0
750,750,0,92,79,0,0,0,779,303,-952,4,下位,0,0,0
831,831,0,134,155,0,0,0,750,131,-2031,2,下位,0,0,0
296,296,0,71,97,0,0,0,831,207,-3164,2,下位,0,0,0
878,878,0,146,222,0,0,0,296,149,-3492,1,下位,0,0,0
336,336,0,94,74,0,0,0,878,274,-4634,4,下位,0,0,0
186,186,0,86,78,0,0,0,336,126,-5050,1,下位,0,0,0
1598,822,112,145,277,0,0,0,186,130,-5220,1,下位,0,0,0
776,776,0,145,277,0,1,822,186,130,-5220,1,下位,0,822,112
719,719,0,82,90,0,0,0,1598,329,-7357,4,下位,0,0,0
673,673,0,161,260,1,0,0,0,0,1,0,下位,0,0,0
1017,844,59,154,343,0,0,0,673,312,-772,4,下位,0,0,0
173,173,0,154,343,0,1,844,673,312,-772,4,下位,0,844,59
554,554,0,126,104,1,0,0,0,0,1,0,下位,0,0,0
499,499,0,154,106,0,0,0,554,156,-737,2,下位,0,0,0
216,216,0,100,139,0,0,0,499,158,-1384,4,下位,0,0,0
202,202,0,133,305,0,0,0,216,191,-1541,1,下位,0,0,0
312,312,0,68,124,0,0,0,202,357,-1510,4,下位,0,0,0
308,72,113,1247,6108,0,0,0,312,176,-1837,1,下位,0,0,0
236,236,0,1247,6108,0,1,72,312,176,-1837,1,下位,0,72,113
298,298,0,128,236,0,0,0,308,6160,740,12,上位,0,0,0
1316,348,59,94,143,0,0,0,298,288,547,4,下位,0,0,0
968,968,0,94,143,0,1,348,298,288,547,4,下位,0,348,59
1280,969,61,111,128,0,0,0,1316,195,-1321,1,下位,0,0,0
311,311,0,111,128,0,1,969,1316,195,-1321,1,下位,0,969,61
264,264,0,108,199,0,0,0,1280,180,-3145,2,下位,0,0,0
448,448,0,110,190,1,0,0,0,0,1,0,下位,0,0,0
840,840,0,112,121,0,0,0,448,242,-480,2,下位,0,0,0
219,219,0,1202,5852,0,0,0,840,173,-1662,2,下位,0,0,0
270,270,0,73,188,0,0,0,219,5904,766,12,上位,0,0,0
78,78,0,111,37,0,0,0,270,240,571,1,下位,0,0,0
413,413,0,78,171,0,0,0,78,89,534,2,下位,0,0,0
441,441,0,78,97,1,0,0,0,0,1,0,下位,0,0,0
387,387,0,110,272,0,0,0,441,149,-561,1,下位,0,0,0
103,103,0,109,190,1,0,0,0,0,1,0,下位,0,0,0
791,791,0,115,181,1,0,0,0,0,1,0,下位,0,0,0
153,153,0,130,73,1,0,0,0,0,1,0,下位,0,0,0
417,218,121,74,101,0,0,0,153,125,-121,3,下位,0,0,0
199,199,0,74,101,0,1,218,153,125,-121,3,下位,0,218,121
95,95,0,105,204,0,0,0,417,153,-520,1,下位,0,0,0
189,189,0,73,114,1,0,0,0,0,1,0,下位,0,0,0
1403,653,121,114,122,1,0,0,0,0,1,0,下位,0,0,0
750,750,0,114,122,1,1,653,0,0,1,0,下位,0,653,121
540,540,0,110,186,0,0,0,1403,174,-1967,3,下位,0,0,0
301,301,0,117,164,0,0,0,540,238,-2600,2,下位,0,0,0
309,309,0,88,76,0,0,0,301,216,-2869,3,下位,0,0,0
323,323,0,92,216,0,0,0,309,128,-3239,1,下位,0,0,0
936,936,0,142,232,0,0,0,323,268,-3492,2,下位,0,0,0
260,260,0,118,268,0,0,0,936,284,-4718,3,下位,0,0,0
515,515,0,100,147,0,0,0,260,320,-4817,2,下位,0,0,0
333,333,0,121,111,0,0,0,515,199,-5449,1,下位,0,0,0
165,165,0,86,83,0,0,0,333,163,-5823,3,下位,0,0,0
1195,779,55,132,166,0,0,0,165,135,-5954,1,下位,0,0,0
416,416,0,132,166,0,1,779,165,135,-5954,1,下位,0,779,55
701,701,0,135,163,1,0,0,0,0,1,0,下位,0,0,0
500,500,0,130,308,1,0,0,0,0,1,0,下位,0,0,0
798,798,0,140,302,0,0,0,500,360,-445,3,下位,0,0,0
753,753,0,162,105,1,0,0,0,0,1,0,下位,0,0,0
2190,153,293,210,270,0,0,0,753,157,-1057,4,下位,0,0,0
2037,829,178,210,270,0,1,153,753,157,-1057,4,下位,0,153,115
1208,861,121,210,270,0,2,982,753,157,-1057,4,下位,0,829,57
347,347,0,210,270,0,3,1843,753,157,-1057,4,下位,0,861,121
237,237,0,172,378,0,0,0,2190,322,-3975,5,下位,0,0,0
962,962,0,1149,5257,1,0,0,0,0,1,0,下位,0,0,0
717,717,0,192,372,1,0,0,0,0,1,0,下位,0,0,0
180,180,0,945,4846,0,0,0,717,424,-731,4,下位,0,0,0
355,355,0,161,262,1,0,0,0,0,1,0,下位,0,0,0
480,242,61,190,369,0,0,0,355,314,-258,4,下位,0,0,0
238,238,0,190,369,0,1,242,355,314,-258,4,下位,0,242,61
884,884,0,170,319,1,0,0,0,0,1,0,下位,0,0,0
737,737,0,158,185,0,0,0,884,371,-1054,4,下位,0,0,0
256,256,0,74,25,0,0,0,737,237,-2006,3,下位,0,0,0
243,243,0,82,95,0,0,0,256,77,-2342,1,下位,0,0,0
973,973,0,182,223,0,0,0,243,147,-2587,1,下位,0,0,0
977,977,0,105,125,0,0,0,973,275,-3881,4,下位,0,0,0
264,264,0,134,238,1,0,0,0,0,1,0,下位,0,0,0
580,580,0,82,92,0,0,0,264,290,-135,3,下位,0,0,0
46,46,0,1090,5631,0,0,0,580,144,-926,1,下位,0,0,0
1601,602,118,103,135,0,0,0,46,5683,756,9,上位,0,0,0
999,804,55,103,135,0,1,602,46,5683,756,9,上位,0,602,63
195,195,0,103,135,0,2,1406,46,5683,756,9,上位,0,804,55
178,178,0,168,314,0,0,0,1601,187,-1522,2,下位,0,0,0
517,424,59,143,374,1,0,0,0,0,1,0,下位,0,0,0
93,93,0,143,374,1,1,424,0,0,1,0,下位,0,424,59
179,179,0,923,4515,0,0,0,517,426,-348,3,下位,0,0,0
869,532,178,116,185,0,0,0,179,4567,756,9,上位,0,0,0
337,105,55,116,185,0,1,532,179,4567,756,9,上位,0,532,123
232,232,0,116,185,0,2,637,179,4567,756,9,上位,0,105,55
297,297,0,74,183,0,0,0,869,237,-230,3,下位,0,0,0
705,705,0,69,115,0,0,0,297,235,-474,1,下位,0,0,0
693,693,0,124,99,1,0,0,0,0,1,0,下位,0,0,0
431,431,0,87,144,0,0,0,693,151,-966,2,下位,0,0,0
366,366,0,68,114,0,0,0,431,196,-1465,2,下位,0,0,0
971,971,0,1997,9785,0,0,0,366,166,-1889,1,下位,0,0,0
205,205,0,80,93,1,0,0,0,0,1,0,下位,0,0,0
1456,689,113,164,328,0,0,0,205,145,-185,1,下位,0,0,0
767,767,0,164,328,0,1,689,205,145,-185,1,下位,0,689,113
18,18,0,92,146,1,0,0,0,0,1,0,下位,0,0,0
1244,267,53,118,263,1,0,0,0,0,1,0,下位,0,0,0
977,977,0,118,263,1,1,267,0,0,1,0,下位,0,267,53
1332,681,59,84,91,0,0,0,1244,315,-1638,3,下位,0,0,0
651,651,0,84,91,0,1,681,1244,315,-1638,3,下位,0,681,59
641,482,117,147,329,0,0,0,1332,143,-3584,2,下位,0,0,0
159,159,0,147,329,0,1,482,1332,143,-3584,2,下位,0,482,117
689,689,0,124,303,0,0,0,641,381,-4119,4,下位,0,0,0
316,316,0,1372,6919,0,0,0,689,355,-4875,4,下位,0,0,0
821,821,0,1026,5070,1,0,0,0,0,1,0,下位,0,0,0
356,356,0,118,116,1,0,0,0,0,1,0,下位,0,0,0
996,772,122,74,103,0,0,0,356,168,-405,2,下位,0,0,0
224,166,59,74,103,0,1,772,356,168,-405,2,下位,0,772,63
58,58,0,74,103,0,2,938,356,168,-405,2,下位,0,166,59
959,959,0,88,145,0,0,0,996,155,-1735,1,下位,0,0,0
389,389,0,2097,11316,0,0,0,959,197,-3085,1,下位,0,0,0
183,183,0,182,239,1,0,0,0,0,1,0,下位,0,0,0
970,970,0,145,279,0,0,0,183,291,-3,4,下位,0,0,0
127,127,0,104,39,1,0,0,0,0,1,0,下位,0,0,0
395,395,0,87,168,1,0,0,0,0,1,0,下位,0,0,0
894,894,0,69,107,0,0,0,395,220,-416,2,下位,0,0,0
294,294,0,72,95,0,0,0,894,159,-1699,1,下位,0,0,0
607,322,121,79,88,0,0,0,294,147,-2026,1,下位,0,0,0
285,285,0,79,88,0,1,322,294,147,-2026,1,下位,0,322,121
164,164,0,61,44,0,0,0,607,140,-2744,2,下位,0,0,0
706,460,57,92,70,0,0,0,164,96,-2913,1,下位,0,0,0
246,246,0,92,70,0,1,460,164,96,-2913,1,下位,0,460,57
792,792,0,982,5181,1,0,0,0,0,1,0,下位,0,0,0
780,252,167,164,262,0,0,0,792,5233,762,7,上位,0,0,0
528,355,104,164,262,0,1,252,792,5233,762,7,上位,0,252,63
173,173,0,164,262,0,2,607,792,5233,762,7,上位,0,355,104
1674,233,223,74,26,0,0,0,780,314,-15,3,下位,0,0,0
1441,318,164,74,26,0,1,233,780,314,-15,3,下位,0,233,59
1123,962,45,74,26,0,2,551,780,314,-15,3,下位,0,318,119
161,161,0,74,26,0,3,1513,780,314,-15,3,下位,0,962,45
616,616,0,947,4808,1,0,0,0,0,1,0,下位,0,0,0
275,275,0,88,147,0,0,0,616,4860,774,9,上位,0,0,0
676,676,0,122,178,1,0,0,0,0,1,0,下位,0,0,0
1222,455,61,58,50,0,0,0,676,230,-859,2,下位,0,0,0
767,767,0,58,50,0,1,455,676,230,-859,2,下位,0,455,61
83,83,0,1165,5850,0,0,0,1222,102,-2667,1,下位,0,0,0
929,929,0,694,3140,0,0,0,83,5902,750,10,上位,0,0,0
843,843,0,103,192,1,0,0,0,0,1,0,下位,0,0,0
351,351,0,74,109,1,0,0,0,0,1,0,下位,0,0,0
38,38,0,72,25,0,0,0,351,161,-404,1,下位,0,0,0
1237,355,116,87,163,0,0,0,38,77,-388,1,下位,0,0,0
882,85,59,87,163,0,1,355,38,77,-388,1,下位,0,355,57
797,797,0,87,163,0,2,440,38,77,-388,1,下位,0,85,59
254,254,0,156,388,1,0,0,0,0,1,0,下位,0,0,0
45,45,0,82,96,1,0,0,0,0,1,0,下位,0,0,0
1289,280,124,103,131,0,0,0,45,148,76,1,下位,0,0,0
1009,105,61,103,131,0,1,280,45,148,76,1,下位,0,280,63
904,904,0,103,131,0,2,385,45,148,76,1,下位,0,105,61
189,189,0,122,244,0,0,0,1289,183,-1696,2,下位,0,0,0
684,684,0,92,83,0,0,0,189,296,-1705,2,下位,0,0,0
1268,229,110,68,111,0,0,0,684,135,-2673,1,下位,0,0,0
1039,95,57,68,111,0,1,229,684,135,-2673,1,下位,0,229,53
944,944,0,68,111,0,2,324,684,135,-2673,1,下位,0,95,57
233,233,0,204,326,0,0,0,1268,163,-4445,1,下位,0,0,0
198,198,0,171,226,0,0,0,233,378,-4443,5,下位,0,0,0
492,200,59,113,183,0,0,0,198,278,-4484,4,下位,0,0,0
292,292,0,113,183,0,1,200,198,278,-4484,4,下位,0,200,59
502,502,0,152,352,0,0,0,492,235,-4984,2,下位,0,0,0
355,120,121,99,282,1,0,0,0,0,1,0,下位,0,0,0
235,235,0,99,282,1,1,120,0,0,1,0,下位,0,120,121
588,588,0,100,132,0,0,0,355,334,-117,2,下位,0,0,0
423,423,0,69,113,0,0,0,588,184,-881,2,下位,0,0,0
47,47,0,67,105,1,0,0,0,0,1,0,下位,0,0,0
1217,492,100,104,128,0,0,0,47,157,82,1,下位,0,0,0
725,725,0,104,128,0,1,492,47,157,82,1,下位,0,492,100
531,531,0,86,84,1,0,0,0,0,1,0,下位,0,0,0
878,878,0,116,319,0,0,0,531,136,-719,1,下位,0,0,0
307,307,0,1182,6090,0,0,0,878,371,-1764,3,下位,0,0,0
64,64,0,112,119,0,0,0,307,6142,763,10,上位,0,0,0
138,138,0,131,154,0,0,0,64,171,831,3,下位,0,0,0
186,186,0,1182,5691,1,0,0,0,0,1,0,下位,0,0,0
259,259,0,146,410,1,0,0,0,0,1,0,下位,0,0,0
334,334,0,162,338,0,0,0,259,462,45,5,下位,0,0,0
289,289,0,69,111,0,0,0,334,390,-104,3,下位,0,0,0
863,616,55,164,260,0,0,0,289,163,-407,1,下位,0,0,0
247,247,0,164,260,0,1,616,289,163,-407,1,下位,0,616,55
707,707,0,123,101,0,0,0,863,312,-1432,3,下位,0,0,0
731,731,0,135,155,1,0,0,0,0,1,0,下位,0,0,0
549,549,0,67,122,1,0,0,0,0,1,0,下位,0,0,0
149,149,0,110,115,0,0,0,549,174,-710,1,下位,0,0,0
1497,882,57,87,83,0,0,0,149,167,-783,2,下位,0,0,0
615,615,0,87,83,0,1,882,149,167,-783,2,下位,0,882,57
936,936,0,80,93,0,0,0,1497,135,-3006,2,下位,0,0,0
385,192,53,201,170,1,0,0,0,0,1,0,下位,0,0,0
193,193,0,201,170,1,1,192,0,0,1,0,下位,0,192,53
168,168,0,70,15,0,0,0,385,222,-345,4,下位,0,0,0
278,278,0,75,21,0,0,0,168,67,-549,1,下位,0,0,0
178,178,0,116,189,0,0,0,278,73,-924,1,下位,0,0,0
1228,969,57,80,169,0,0,0,178,241,-970,2,下位,0,0,0
259,259,0,80,169,0,1,969,178,241,-970,2,下位,0,969,57
965,965,0,75,33,0,0,0,1228,221,-2673,1,下位,0,0,0
659,659,0,146,282,1,0,0,0,0,1,0,下位,0,0,0
507,169,57,120,256,0,0,0,659,334,-728,3,下位,0,0,0
338,338,0,120,256,0,1,169,659,334,-728,3,下位,0,169,57
558,202,57,166,397,0,0,0,507,308,-1181,2,下位,0,0,0
356,356,0,166,397,0,1,202,507,308,-1181,2,下位,0,202,57
611,341,117,68,115,0,0,0,558,449,-1575,4,下位,0,0,0
270,270,0,68,115,0,1,341,558,449,-1575,4,下位,0,341,117
434,434,0,134,127,1,0,0,0,0,1,0,下位,0,0,0
1245,282,119,173,160,1,0,0,0,0,1,0,下位,0,0,0
963,963,0,173,160,1,1,282,0,0,1,0,下位,0,282,119
559,559,0,105,132,1,0,0,0,0,1,0,下位,0,0,0
79,79,0,863,3960,1,0,0,0,0,1,0,下位,0,0,0
307,307,0,1294,6634,1,0,0,0,0,1,0,下位,0,0,0
602,602,0,137,227,1,0,0,0,0,1,0,下位,0,0,0
551,551,0,80,89,1,0,0,0,0,1,0,下位,0,0,0
689,689,0,79,168,0,0,0,551,141,-747,1,下位,0,0,0
278,278,0,57,50,0,0,0,689,220,-1638,1,下位,0,0,0
324,324,0,66,110,1,0,0,0,0,1,0,下位,0,0,0
355,355,0,134,226,0,0,0,324,162,-360,1,下位,0,0,0
162,162,0,87,164,0,0,0,355,278,-655,3,下位,0,0,0
837,837,0,146,109,0,0,0,162,216,-700,2,下位,0,0,0
561,88,55,109,211,0,0,0,837,161,-1889,4,下位,0,0,0
473,473,0,109,211,0,1,88,837,161,-1889,4,下位,0,88,55
310,310,0,97,141,0,0,0,561,263,-2476,2,下位,0,0,0
446,446,0,70,109,1,0,0,0,0,1,0,下位,0,0,0
410,410,0,157,183,1,0,0,0,0,1,0,下位,0,0,0
724,724,0,141,344,1,0,0,0,0,1,0,下位,0,0,0
255,255,0,112,199,1,0,0,0,0,1,0,下位,0,0,0
97,97,0,89,153,0,0,0,255,251,-159,2,下位,0,0,0
152,152,0,113,199,1,0,0,0,0,1,0,下位,0,0,0
835,835,0,100,143,0,0,0,152,251,7,2,下位,0,0,0
87,87,0,70,107,0,0,0,835,195,-1145,1,下位,0,0,0
420,420,0,104,275,1,0,0,0,0,1,0,下位,0,0,0
349,349,0,984,4784,0,0,0,420,327,-349,3,下位,0,0,0
236,236,0,84,167,0,0,0,349,4836,752,9,上位,0,0,0
872,872,0,143,365,1,0,0,0,0,1,0,下位,0,0,0
417,417,0,168,225,0,0,0,872,417,-988,4,下位,0,0,0
538,538,0,117,185,0,0,0,417,277,-1384,4,下位,0,0,0
956,956,0,122,94,0,0,0,538,237,-2015,2,下位,0,0,0
635,425,98,94,80,0,0,0,956,146,-3411,2,下位,0,0,0
210,210,0,94,80,0,1,425,956,146,-3411,2,下位,0,425,98
405,405,0,127,238,0,0,0,635,132,-4205,1,下位,0,0,0
1748,785,119,210,335,0,0,0,405,290,-4568,4,下位,0,0,0
963,963,0,210,335,0,1,785,405,290,-4568,4,下位,0,785,119
352,352,0,71,108,0,0,0,1748,387,-6881,5,下位,0,0,0
653,653,0,120,180,1,0,0,0,0,1,0,下位,0,0,0
317,317,0,132,310,0,0,0,653,232,-820,2,下位,0,0,0
75,75,0,1076,5709,0,0,0,317,362,-969,4,下位,0,0,0
792,792,0,169,316,0,0,0,75,5701,757,7,上位,0,0,0
835,835,0,857,3976,0,0,0,792,368,-152,4,下位,0,0,0
2149,165,297,139,306,0,0,0,835,4028,764,8,上位,0,0,0
1984,962,178,139,306,0,1,165,835,4028,764,8,上位,0,165,119
1022,759,119,139,306,0,2,1127,835,4028,764,8,上位,0,962,59
263,263,0,139,306,0,3,1886,835,4028,764,8,上位,0,759,119
239,239,0,76,111,0,0,0,2149,358,-2047,3,下位,0,0,0
28,28,0,156,129,1,0,0,0,0,1,0,下位,0,0,0
662,108,61,115,188,0,0,0,28,181,137,3,下位,0,0,0
554,554,0,115,188,0,1,108,28,181,137,3,下位,0,108,61
1023,381,59,108,120,0,0,0,662,240,-630,2,下位,0,0,0
642,642,0,108,120,0,1,381,662,240,-630,2,下位,0,381,59
376,376,0,133,159,0,0,0,1023,172,-2049,2,下位,0,0,0
557,557,0,88,84,0,0,0,376,211,-2444,2,下位,0,0,0
908,908,0,1654,8563,0,0,0,557,136,-3206,1,下位,0,0,0
965,965,0,84,85,0,0,0,908,8615,750,16,上位,0,0,0
271,271,0,77,96,0,0,0,965,137,-669,1,下位,0,0,0
309,309,0,150,255,0,0,0,271,148,-958,1,下位,0,0,0
303,303,0,136,299,0,0,0,309,307,-1149,4,下位,0,0,0
644,644,0,1025,4910,1,0,0,0,0,1,0,下位,0,0,0
606,353,113,73,103,0,0,0,644,4962,767,9,上位,0,0,0
253,253,0,73,103,0,1,353,644,4962,767,9,上位,0,353,113
62,62,0,102,128,1,0,0,0,0,1,0,下位,0,0,0
255,255,0,141,301,0,0,0,62,180,81,1,下位,0,0,0
215,215,0,98,144,0,0,0,255,353,23,3,下位,0,0,0
889,889,0,74,69,0,0,0,215,196,-128,1,下位,0,0,0
471,471,0,81,87,0,0,0,889,121,-1441,1,下位,0,0,0
969,969,0,104,208,0,0,0,471,139,-2062,2,下位,0,0,0
827,827,0,154,196,0,0,0,969,260,-3365,3,下位,0,0,0
730,730,0,1507,7746,0,0,0,827,248,-4451,3,下位,0,0,0
878,878,0,136,156,1,0,0,0,0,1,0,下位,0,0,0
604,93,55,72,103,0,0,0,878,208,-1207,2,下位,0,0,0
511,511,0,72,103,0,1,93,878,208,-1207,2,下位,0,93,55
167,167,0,126,179,0,0,0,604,155,-1971,2,下位,0,0,0
250,250,0,1260,6216,0,0,0,167,231,-2009,2,下位,0,0,0
513,513,0,892,4702,1,0,0,0,0,1,0,下位,0,0,0
1068,310,57,886,4035,0,0,0,513,4754,771,8,上位,0,0,0
758,758,0,886,4035,0,1,310,513,4754,771,8,上位,0,310,57
460,274,117,67,44,0,0,0,1068,4087,749,9,上位,0,0,0
186,186,0,67,44,0,1,274,1068,4087,749,9,上位,0,274,117
173,173,0,68,46,0,0,0,460,96,220,1,下位,0,0,0
963,963,0,98,138,0,0,0,173,98,40,1,下位,0,0,0
662,94,61,1078,5445,0,0,0,963,190,-1323,2,下位,0,0,0
568,568,0,1078,5445,0,1,94,963,190,-1323,2,下位,0,94,61
116,116,0,145,276,0,0,0,662,5497,761,10,上位,0,0,0
142,142,0,73,31,0,0,0,116,328,902,3,下位,0,0,0
308,308,0,102,127,1,0,0,0,0,1,0,下位,0,0,0
389,39,55,74,109,0,0,0,308,179,-317,1,下位,0,0,0
350,350,0,74,109,0,1,39,308,179,-317,1,下位,0,39,55
982,982,0,189,196,0,0,0,389,161,-729,1,下位,0,0,0
156,156,0,102,134,0,0,0,982,248,-2065,5,下位,0,0,0
2013,160,217,82,97,0,0,0,156,186,-2131,2,下位,0,0,0
1853,970,98,82,97,0,1,160,156,186,-2131,2,下位,0,160,119
883,883,0,82,97,0,2,1130,156,186,-2131,2,下位,0,970,98
505,505,0,78,100,1,0,0,0,0,1,0,下位,0,0,0
48,48,0,1061,5361,0,0,0,505,152,-662,1,下位,0,0,0
1586,857,113,122,177,0,0,0,48,5413,761,8,上位,0,0,0
729,729,0,122,177,0,1,857,48,5413,761,8,上位,0,857,113
339,339,0,69,39,0,0,0,1586,229,-1455,2,下位,0,0,0
265,97,59,86,149,0,0,0,339,91,-1911,1,下位,0,0,0
168,168,0,86,149,0,1,97,339,91,-1911,1,下位,0,97,59
124,124,0,64,115,0,0,0,265,201,-2078,2,下位,0,0,0
704,704,0,54,57,0,0,0,124,167,-2111,1,下位,0,0,0
716,368,115,60,55,0,0,0,704,109,-3137,1,下位,0,0,0
348,348,0,60,55,0,1,368,704,109,-3137,1,下位,0,368,115
177,177,0,159,278,0,0,0,716,107,-4070,1,下位,0,0,0
882,882,0,218,236,0,0,0,177,330,-4025,4,下位,0,0,0
804,804,0,171,246,1,0,0,0,0,1,0,下位,0,0,0
130,130,0,157,260,0,0,0,804,298,-998,3,下位,0,0,0
1579,662,59,110,269,0,0,0,130,312,-896,3,下位,0,0,0
917,917,0,110,269,0,1,662,130,312,-896,3,下位,0,662,59
768,768,0,106,146,1,0,0,0,0,1,0,下位,0,0,0
333,333,0,146,219,0,0,0,768,198,-1040,2,下位,0,0,0
834,834,0,140,298,0,0,0,333,271,-1306,3,下位,0,0,0
935,935,0,233,293,0,0,0,834,350,-2301,4,下位,0,0,0
202,202,0,61,35,0,0,0,935,345,-3464,5,下位,0,0,0
956,956,0,127,237,0,0,0,202,87,-3703,1,下位,0,0,0
486,486,0,66,38,0,0,0,956,289,-4956,2,下位,0,0,0
1263,300,53,120,407,0,0,0,486,90,-5650,1,下位,0,0,0
963,963,0,120,407,0,1,300,486,90,-5650,1,下位,0,300,53
191,191,0,66,49,1,0,0,0,0,1,0,下位,0,0,0
967,967,0,135,305,0,0,0,191,101,-206,1,下位,0,0,0
113,113,0,155,331,0,0,0,967,357,-1409,3,下位,0,0,0
64,64,0,1236,6669,0,0,0,113,383,-1208,4,下位,0,0,0
698,698,0,170,239,0,0,0,64,6662,771,8,上位,0,0,0
772,772,0,63,54,0,0,0,698,291,-64,4,下位,0,0,0
618,618,0,76,100,1,0,0,0,0,1,0,下位,0,0,0
882,882,0,103,134,0,0,0,618,152,-844,1,下位,0,0,0
1385,847,214,102,63,0,0,0,882,186,-2081,1,下位,0,0,0
538,95,99,102,63,0,1,847,882,186,-2081,1,下位,0,847,115
443,443,0,102,63,0,2,942,882,186,-2081,1,下位,0,95,99
2372,924,167,92,212,0,0,0,1385,115,-3986,2,下位,0,0,0
1448,974,118,92,212,0,1,924,1385,115,-3986,2,下位,0,924,49
474,474,0,92,212,0,2,1898,1385,115,-3986,2,下位,0,974,118
249,249,0,108,123,0,0,0,2372,264,-7381,2,下位,0,0,0
963,963,0,156,205,0,0,0,249,175,-7608,2,下位,0,0,0
634,634,0,134,159,0,0,0,963,257,-8904,3,下位,0,0,0
149,149,0,128,217,1,0,0,0,0,1,0,下位,0,0,0
211,211,0,106,106,0,0,0,149,269,30,2,下位,0,0,0
287,287,0,1061,5194,0,0,0,211,158,-152,2,下位,0,0,0
253,159,63,141,345,0,0,0,287,5246,741,10,上位,0,0,0
94,94,0,141,345,0,1,159,287,5246,741,10,上位,0,159,63
382,382,0,68,29,0,0,0,253,397,793,4,下位,0,0,0
256,256,0,70,103,0,0,0,382,81,258,1,下位,0,0,0
294,294,0,232,288,0,0,0,256,155,1,1,下位,0,0,0
1515,892,57,1591,7638,0,0,0,294,340,-133,7,下位,0,0,0
623,623,0,1591,7638,0,1,892,294,340,-133,7,下位,0,892,57
355,355,0,63,121,1,0,0,0,0,1,0,下位,0,0,0
851,851,0,69,101,0,0,0,355,173,-399,1,下位,0,0,0
340,340,0,104,132,0,0,0,851,153,-1619,1,下位,0,0,0
965,965,0,1588,8113,0,0,0,340,184,-1983,1,下位,0,0,0
283,141,113,62,50,0,0,0,965,8165,747,14,上位,0,0,0
142,142,0,62,50,0,1,141,965,8165,747,14,上位,0,141,113
175,175,0,124,88,0,0,0,283,102,506,1,下位,0,0,0
1942,976,123,1243,6408,0,0,0,175,140,364,2,下位,0,0,0
966,966,0,1243,6408,0,1,976,175,140,364,2,下位,0,976,123
754,754,0,95,136,1,0,0,0,0,1,0,下位,0,0,0
258,258,0,104,198,0,0,0,754,188,-1027,1,下位,0,0,0
857,857,0,77,168,1,0,0,0,0,1,0,下位,0,0,0
637,637,0,172,171,0,0,0,857,220,-1161,1,下位,0,0,0
441,441,0,72,15,0,0,0,637,223,-1965,3,下位,0,0,0
38,38,0,78,100,0,0,0,441,67,-2609,1,下位,0,0,0
779,779,0,97,134,0,0,0,38,152,-2518,1,下位,0,0,0
785,785,0,69,116,0,0,0,779,186,-3588,2,下位,0,0,0
824,824,0,101,139,0,0,0,785,168,-4686,1,下位,0,0,0
973,973,0,110,50,0,0,0,824,191,-5824,2,下位,0,0,0
292,292,0,104,127,0,0,0,973,102,-7291,2,下位,0,0,0
124,124,0,1448,7117,1,0,0,0,0,1,0,下位,0,0,0
1184,218,53,67,40,1,0,0,0,0,1,0,下位,0,0,0
966,966,0,67,40,1,1,218,0,0,1,0,下位,0,218,53
390,390,0,97,132,0,0,0,1184,92,-1764,1,下位,0,0,0
140,140,0,116,190,0,0,0,390,184,-2209,1,下位,0,0,0
193,193,0,102,140,0,0,0,140,242,-2193,2,下位,0,0,0
126,126,0,92,215,0,0,0,193,192,-2312,1,下位,0,0,0
2522,853,180,75,27,0,0,0,126,267,-2248,2,下位,0,0,0
1669,985,61,75,27,0,1,853,126,267,-2248,2,下位,0,853,119
684,684,0,75,27,0,2,1838,126,267,-2248,2,下位,0,985,61
441,441,0,58,52,0,0,0,2522,79,-6057,1,下位,0,0,0
327,327,0,92,136,0,0,0,441,104,-6664,1,下位,0,0,0
783,783,0,192,281,0,0,0,327,188,-7003,1,下位,0,0,0
89,89,0,77,163,1,0,0,0,0,1,0,下位,0,0,0
214,214,0,1454,7095,0,0,0,89,215,72,1,下位,0,0,0
47,47,0,88,160,1,0,0,0,0,1,0,下位,0,0,0
963,963,0,138,220,0,0,0,47,212,137,1,下位,0,0,0
823,186,119,1230,6206,0,0,0,963,272,-1144,3,下位,0,0,0
637,637,0,1230,6206,0,1,186,963,272,-1144,3,下位,0,186,119
1254,132,160,206,331,0,0,0,823,6258,769,11,上位,0,0,0
1122,365,117,206,331,0,1,132,823,6258,769,11,上位,0,132,43
757,757,0,206,331,0,2,497,823,6258,769,11,上位,0,365,117
103,103,0,107,47,0,0,0,1254,383,-711,6,下位,0,0,0
973,973,0,177,210,0,0,0,103,99,-778,2,下位,0,0,0
1066,972,121,87,228,0,0,0,973,262,-2085,4,下位,0,0,0
94,94,0,87,228,0,1,972,973,262,-2085,4,下位,0,972,121
156,156,0,230,313,1,0,0,0,0,1,0,下位,0,0,0
1513,939,113,112,128,0,0,0,156,365,114,7,下位,0,0,0
574,574,0,112,128,0,1,939,156,365,114,7,下位,0,939,113
1221,844,59,124,86,0,0,0,1513,180,-2034,2,下位,0,0,0
377,377,0,124,86,0,1,844,1513,180,-2034,2,下位,0,844,59
192,192,0,1280,6508,0,0,0,1221,138,-3806,2,下位,0,0,0
264,264,0,128,80,1,0,0,0,0,1,0,下位,0,0,0
352,352,0,113,257,0,0,0,264,132,-293,3,下位,0,0,0
203,203,0,126,304,0,0,0,352,309,-552,3,下位,0,0,0
472,472,0,117,324,0,0,0,203,356,-523,4,下位,0,0,0
662,662,0,82,96,0,0,0,472,376,-908,3,下位,0,0,0
806,806,0,115,106,0,0,0,662,148,-1828,1,下位,0,0,0
802,802,0,90,236,0,0,0,806,158,-2970,2,下位,0,0,0
222,222,0,131,233,0,0,0,802,288,-3976,2,下位,0,0,0
984,984,0,113,268,0,0,0,222,285,-4049,2,下位,0,0,0
968,968,0,80,88,0,0,0,984,320,-5316,2,下位,0,0,0
718,718,0,170,177,1,0,0,0,0,1,0,下位,0,0,0
483,483,0,134,394,0,0,0,718,229,-928,3,下位,0,0,0
969,969,0,85,83,0,0,0,483,446,-1261,3,下位,0,0,0
388,388,0,63,128,0,0,0,969,135,-2689,1,下位,0,0,0
920,150,347,80,95,0,0,0,388,180,-3135,1,下位,0,0,0
770,288,232,80,95,0,1,150,388,180,-3135,1,下位,0,150,115
482,94,115,80,95,0,2,438,388,180,-3135,1,下位,0,288,117
388,388,0,80,95,0,3,532,388,180,-3135,1,下位,0,94,115
119,119,0,170,312,1,0,0,0,0,1,0,下位,0,0,0
304,304,0,995,4880,0,0,0,119,364,173,3,下位,0,0,0
974,974,0,66,114,0,0,0,304,4932,738,9,上位,0,0,0
965,965,0,92,140,0,0,0,974,166,-667,1,下位,0,0,0
94,94,0,68,46,0,0,0,965,192,-2031,2,下位,0,0,0
257,257,0,86,95,0,0,0,94,98,-2085,1,下位,0,0,0
260,260,0,110,184,0,0,0,257,147,-2353,1,下位,0,0,0
1092,777,121,96,147,0,0,0,260,236,-2536,3,下位,0,0,0
315,315,0,96,147,0,1,777,260,236,-2536,3,下位,0,777,121
751,751,0,64,123,0,0,0,1092,199,-3977,1,下位,0,0,0
100,65,61,1180,5961,0,0,0,751,175,-5013,1,下位,0,0,0
35,35,0,1180,5961,0,1,65,751,175,-5013,1,下位,0,65,61
199,199,0,81,84,0,0,0,100,6013,758,9,上位,0,0,0
219,219,0,67,114,0,0,0,199,136,573,1,下位,0,0,0
862,862,0,162,320,1,0,0,0,0,1,0,下位,0,0,0
823,823,0,89,88,0,0,0,862,372,-1017,3,下位,0,0,0
922,922,0,155,266,0,0,0,823,140,-2204,2,下位,0,0,0
551,551,0,80,179,1,0,0,0,0,1,0,下位,0,0,0
219,219,0,941,4864,0,0,0,551,231,-657,1,下位,0,0,0
540,251,53,126,98,0,0,0,219,4916,762,7,上位,0,0,0
289,289,0,126,98,0,1,251,219,4916,762,7,上位,0,251,53
1186,969,61,137,158,0,0,0,540,150,94,2,下位,0,0,0
217,217,0,137,158,0,1,969,540,150,94,2,下位,0,969,61
139,139,0,94,74,0,0,0,1186,210,-1548,2,下位,0,0,0
331,331,0,1042,5296,0,0,0,139,126,-1646,1,下位,0,0,0
279,279,0,117,183,0,0,0,331,5348,761,10,上位,0,0,0
581,394,121,80,89,0,0,0,279,235,546,3,下位,0,0,0
187,187,0,80,89,0,1,394,279,235,546,3,下位,0,394,121
276,276,0,72,112,0,0,0,581,141,-129,1,下位,0,0,0
923,923,0,83,87,0,0,0,276,164,-410,1,下位,0,0,0
677,677,0,69,109,1,0,0,0,0,1,0,下位,0,0,0
196,96,57,104,136,0,0,0,677,161,-930,1,下位,0,0,0
100,100,0,104,136,0,1,96,677,161,-930,1,下位,0,96,57
652,652,0,79,93,0,0,0,196,188,-1001,1,下位,0,0,0
733,733,0,180,306,0,0,0,652,145,-1908,1,下位,0,0,0
141,141,0,66,105,0,0,0,733,358,-2732,4,下位,0,0,0
250,250,0,100,209,0,0,0,141,157,-2802,1,下位,0,0,0
215,215,0,172,176,1,0,0,0,0,1,0,下位,0,0,0
424,424,0,56,52,0,0,0,215,228,-118,4,下位,0,0,0
383,165,57,60,57,0,0,0,424,104,-698,1,下位,0,0,0
218,218,0,60,57,0,1,165,424,104,-698,1,下位,0,165,57
969,969,0,140,211,0,0,0,383,109,-1150,1,下位,0,0,0
276,276,0,86,80,0,0,0,969,263,-2450,4,下位,0,0,0
132,132,0,142,214,0,0,0,276,132,-2763,1,下位,0,0,0
1027,964,59,74,109,0,0,0,132,266,-2710,3,下位,0,0,0
63,63,0,74,109,0,1,964,132,266,-2710,3,下位,0,964,59
736,736,0,82,100,0,0,0,1027,161,-4147,1,下位,0,0,0
1189,255,59,110,279,0,0,0,736,152,-5182,1,下位,0,0,0
934,934,0,110,279,0,1,255,736,152,-5182,1,下位,0,255,59
821,821,0,1041,5301,0,0,0,1189,331,-6709,3,下位,0,0,0
972,972,0,103,130,1,0,0,0,0,1,0,下位,0,0,0
335,335,0,1163,5741,0,0,0,972,182,-1385,1,下位,0,0,0
865,828,122,76,103,0,0,0,335,5793,747,12,上位,0,0,0
37,37,0,76,103,0,1,828,335,5793,747,12,上位,0,828,122
1691,183,234,70,111,1,0,0,0,0,1,0,下位,0,0,0
1508,537,121,70,111,1,1,183,0,0,1,0,下位,0,183,113
971,971,0,70,111,1,2,720,0,0,1,0,下位,0,537,121
471,471,0,71,109,0,0,0,1691,163,-2329,1,下位,0,0,0
789,789,0,95,151,0,0,0,471,161,-2928,1,下位,0,0,0
313,313,0,126,255,0,0,0,789,203,-3998,1,下位,0,0,0
618,618,0,140,444,1,0,0,0,0,1,0,下位,0,0,0
132,132,0,1503,7580,0,0,0,618,496,-500,5,下位,0,0,0
973,973,0,80,91,1,0,0,0,0,1,0,下位,0,0,0
315,315,0,1093,5715,0,0,0,973,143,-1425,2,下位,0,0,0
438,324,115,142,218,1,0,0,0,0,1,0,下位,0,0,0
114,114,0,142,218,1,1,324,0,0,1,0,下位,0,324,115
379,379,0,100,132,0,0,0,438,270,-321,3,下位,0,0,0
844,844,0,87,151,0,0,0,379,184,-748,2,下位,0,0,0
300,300,0,80,101,1,0,0,0,0,1,0,下位,0,0,0
247,69,113,132,385,0,0,0,300,153,-330,1,下位,0,0,0
178,178,0,132,385,0,1,69,300,153,-330,1,下位,0,69,113
891,891,0,137,143,0,0,0,247,437,-178,4,下位,0,0,0
883,268,115,102,140,0,0,0,891,195,-1420,2,下位,0,0,0
615,615,0,102,140,0,1,268,891,195,-1420,2,下位,0,268,115
89,89,0,93,145,1,0,0,0,0,1,0,下位,0,0,0
685,685,0,94,153,0,0,0,89,197,54,2,下位,0,0,0
946,946,0,94,74,0,0,0,685,205,-846,1,下位,0,0,0
909,909,0,162,202,0,0,0,946,126,-2246,1,下位,0,0,0
878,878,0,110,247,1,0,0,0,0,1,0,下位,0,0,0
248,248,0,70,115,0,0,0,878,299,-1116,3,下位,0,0,0
89,89,0,132,155,0,0,0,248,167,-1349,1,下位,0,0,0
324,324,0,84,89,0,0,0,89,207,-1286,2,下位,0,0,0
976,976,0,144,135,1,0,0,0,0,1,0,下位,0,0,0
1389,240,182,154,279,0,0,0,976,187,-1386,3,下位,0,0,0
1149,575,119,154,279,0,1,240,976,187,-1386,3,下位,0,240,63
574,574,0,154,279,0,2,815,976,187,-1386,3,下位,0,575,119
3933,550,355,92,82,1,0,0,0,0,1,0,下位,0,0,0
3383,233,296,92,82,1,1,550,0,0,1,0,下位,0,550,59
3150,887,243,92,82,1,2,783,0,0,1,0,下位,0,233,53
2263,968,120,92,82,1,3,1670,0,0,1,0,下位,0,887,123
1295,332,61,92,82,1,4,2638,0,0,1,0,下位,0,968,59
963,963,0,92,82,1,5,2970,0,0,1,0,下位,0,332,61
846,846,0,72,26,0,0,0,3933,134,-5853,1,下位,0,0,0
903,149,121,194,286,0,0,0,846,78,-7140,1,下位,0,0,0
754,754,0,194,286,0,1,149,846,78,-7140,1,下位,0,149,121
54,54,0,69,101,1,0,0,0,0,1,0,下位,0,0,0
475,475,0,170,339,0,0,0,54,153,67,1,下位,0,0,0
260,260,0,146,252,0,0,0,475,391,-308,4,下位,0,0,0
175,175,0,92,76,1,0,0,0,0,1,0,下位,0,0,0
638,638,0,107,115,0,0,0,175,128,-153,2,下位,0,0,0
962,962,0,84,89,0,0,0,638,167,-1015,2,下位,0,0,0
973,973,0,80,101,0,0,0,962,141,-2426,2,下位,0,0,0
1060,94,57,158,335,0,0,0,973,153,-3842,1,下位,0,0,0
966,966,0,158,335,0,1,94,973,153,-3842,1,下位,0,94,57
491,169,111,1535,8094,0,0,0,1060,387,-5108,4,下位,0,0,0
322,322,0,1535,8094,0,1,169,1060,387,-5108,4,下位,0,169,111
586,586,0,76,69,1,0,0,0,0,1,0,下位,0,0,0
741,741,0,106,286,0,0,0,586,121,-823,2,下位,0,0,0
366,366,0,121,254,0,0,0,741,338,-1680,3,下位,0,0,0
960,836,119,60,63,0,0,0,366,306,-1964,3,下位,0,0,0
124,124,0,60,63,0,1,836,366,306,-1964,3,下位,0,836,119
27,27,0,1274,6159,1,0,0,0,0,1,0,下位,0,0,0
715,559,115,102,266,0,0,0,27,6211,764,12,上位,0,0,0
156,156,0,102,266,0,1,559,27,6211,764,12,上位,0,559,115
513,513,0,146,283,0,0,0,715,318,43,2,下位,0,0,0
1110,160,119,128,308,0,0,0,513,335,-449,3,下位,0,0,0
950,950,0,128,308,0,1,160,513,335,-449,3,下位,0,160,119
255,255,0,75,167,0,0,0,1110,360,-1760,3,下位,0,0,0
1604,485,287,82,90,0,0,0,255,219,-1952,1,下位,0,0,0
1119,141,168,82,90,0,1,485,255,219,-1952,1,下位,0,485,119
978,635,55,82,90,0,2,626,255,219,-1952,1,下位,0,141,113
343,343,0,82,90,0,3,1261,255,219,-1952,1,下位,0,635,55
331,331,0,160,263,1,0,0,0,0,1,0,下位,0,0,0
471,471,0,81,131,0,0,0,331,315,-218,3,下位,0,0,0
450,450,0,97,136,1,0,0,0,0,1,0,下位,0,0,0
883,883,0,69,34,0,0,0,450,188,-537,2,下位,0,0,0
626,626,0,138,287,0,0,0,883,86,-1875,1,下位,0,0,0
344,70,63,1374,6782,0,0,0,626,339,-2546,4,下位,0,0,0
274,274,0,1374,6782,0,1,70,626,339,-2546,4,下位,0,70,63
310,310,0,620,2767,0,0,0,344,6834,769,12,上位,0,0,0
55,55,0,604,2442,0,0,0,310,2819,750,7,上位,0,0,0
258,258,0,1366,6592,1,0,0,0,0,1,0,下位,0,0,0
81,81,0,738,3170,0,0,0,258,6644,757,13,上位,0,0,0
178,178,0,84,155,0,0,0,81,3222,737,8,上位,0,0,0
504,504,0,162,175,0,0,0,178,207,657,1,下位,0,0,0
155,155,0,69,115,0,0,0,504,227,71,3,下位,0,0,0
200,200,0,118,181,0,0,0,155,167,-12,1,下位,0,0,0
241,241,0,196,274,0,0,0,200,233,-102,2,下位,0,0,0
421,421,0,154,427,1,0,0,0,0,1,0,下位,0,0,0
641,641,0,77,104,0,0,0,421,479,-199,4,下位,0,0,0
810,81,53,116,176,0,0,0,641,156,-1077,1,下位,0,0,0
729,729,0,116,176,0,1,81,641,156,-1077,1,下位,0,81,53
189,189,0,122,317,0,0,0,810,228,-2103,2,下位,0,0,0
639,639,0,218,330,0,0,0,189,369,-2039,3,下位,0,0,0
1142,220,61,156,280,0,0,0,639,382,-2688,5,下位,0,0,0
922,922,0,156,280,0,1,220,639,382,-2688,5,下位,0,220,61
173,173,0,122,251,0,0,0,1142,332,-4137,4,下位,0,0,0
148,148,0,102,197,1,0,0,0,0,1,0,下位,0,0,0
468,139,117,105,272,0,0,0,148,249,11,2,下位,0,0,0
329,329,0,105,272,0,1,139,148,249,11,2,下位,0,139,117
715,715,0,78,98,1,0,0,0,0,1,0,下位,0,0,0
495,495,0,1125,5580,0,0,0,715,150,-1002,1,下位,0,0,0
797,758,55,62,46,0,0,0,495,5632,745,10,上位,0,0,0
39,39,0,62,46,0,1,758,495,5632,745,10,上位,0,758,55
52,52,0,659,2882,0,0,0,797,98,-388,1,下位,0,0,0
1526,804,63,109,128,0,0,0,52,2934,754,6,上位,0,0,0
722,722,0,109,128,0,1,804,52,2934,754,6,上位,0,804,63
220,220,0,157,324,0,0,0,1526,180,-1465,2,下位,0,0,0
132,132,0,88,218,0,0,0,220,376,-1444,4,下位,0,0,0
1756,910,59,171,237,0,0,0,132,270,-1387,2,下位,0,0,0
846,846,0,171,237,0,1,910,132,270,-1387,2,下位,0,910,59
141,141,0,96,142,0,0,0,1756,289,-3872,3,下位,0,0,0
153,153,0,103,61,0,0,0,141,194,-3905,1,下位,0,0,0
317,159,113,63,48,0,0,0,153,113,-4039,2,下位,0,0,0
158,158,0,63,48,0,1,159,153,113,-4039,2,下位,0,159,113
436,436,0,102,143,1,0,0,0,0,1,0,下位,0,0,0
814,814,0,1112,5666,0,0,0,436,195,-507,2,下位,0,0,0
298,298,0,86,81,0,0,0,814,5718,763,10,上位,0,0,0
720,720,0,152,347,1,0,0,0,0,1,0,下位,0,0,0
347,347,0,95,145,0,0,0,720,399,-761,4,下位,0,0,0
1153,371,115,110,188,0,0,0,347,197,-1124,1,下位,0,0,0
782,782,0,110,188,0,1,371,347,197,-1124,1,下位,0,371,115
455,455,0,1374,7196,0,0,0,1153,240,-2628,2,下位,0,0,0
606,374,53,84,149,0,0,0,455,7248,757,13,上位,0,0,0
232,232,0,84,149,0,1,374,455,7248,757,13,上位,0,374,53
338,338,0,133,292,0,0,0,606,201,34,1,下位,0,0,0
755,755,0,72,183,0,0,0,338,344,-167,3,下位,0,0,0
186,186,0,183,376,0,0,0,755,235,-1150,1,下位,0,0,0
503,503,0,94,160,1,0,0,0,0,1,0,下位,0,0,0
157,157,0,75,27,0,0,0,503,212,-598,2,下位,0,0,0
147,147,0,160,345,0,0,0,157,79,-772,1,下位,0,0,0
269,269,0,117,122,0,0,0,147,397,-612,3,下位,0,0,0
291,291,0,58,53,0,0,0,269,174,-872,3,下位,0,0,0
286,286,0,115,305,0,0,0,291,105,-1236,1,下位,0,0,0
178,178,0,102,124,0,0,0,286,357,-1340,3,下位,0,0,0
660,660,0,97,149,0,0,0,178,176,-1451,1,下位,0,0,0
310,310,0,70,94,0,0,0,660,201,-2315,2,下位,0,0,0
955,955,0,114,253,0,0,0,310,146,-2669,1,下位,0,0,0
117,117,0,157,276,1,0,0,0,0,1,0,下位,0,0,0
962,962,0,72,106,0,0,0,117,328,140,4,下位,0,0,0
868,868,0,146,210,0,0,0,962,158,-1254,1,下位,0,0,0
92,92,0,83,96,0,0,0,868,262,-2392,4,下位,0,0,0
797,492,61,1054,5214,0,0,0,92,148,-2392,1,下位,0,0,0
305,305,0,1054,5214,0,1,492,92,148,-2392,1,下位,0,492,61
969,969,0,62,50,0,0,0,797,5266,742,10,上位,0,0,0
665,335,120,176,315,0,0,0,969,102,-719,1,下位,0,0,0
330,67,61,176,315,0,1,335,969,102,-719,1,下位,0,335,59
263,263,0,176,315,0,2,402,969,102,-719,1,下位,0,67,61
170,170,0,72,178,0,0,0,665,367,-1304,4,下位,0,0,0
263,263,0,58,54,0,0,0,170,230,-1348,1,下位,0,0,0
194,194,0,97,126,0,0,0,263,106,-1666,1,下位,0,0,0
249,249,0,124,248,0,0,0,194,178,-1801,2,下位,0,0,0
201,201,0,90,141,1,0,0,0,0,1,0,下位,0,0,0
945,945,0,67,44,0,0,0,201,193,-130,2,下位,0,0,0
678,40,240,170,236,0,0,0,945,96,-1558,1,下位,0,0,0
638,321,121,170,236,0,1,40,945,96,-1558,1,下位,0,40,119
317,317,0,170,236,0,2,361,945,96,-1558,1,下位,0,321,121
734,77,115,119,184,0,0,0,678,288,-2124,4,下位,0,0,0
657,657,0,119,184,0,1,77,678,288,-2124,4,下位,0,77,115
244,244,0,174,394,0,0,0,734,236,-2957,2,下位,0,0,0
726,447,61,120,104,0,0,0,244,446,-2905,4,下位,0,0,0
279,279,0,120,104,0,1,447,244,446,-2905,4,下位,0,447,61
724,724,0,77,172,1,0,0,0,0,1,0,下位,0,0,0
185,185,0,64,53,0,0,0,724,224,-943,1,下位,0,0,0
682,437,48,83,172,0,0,0,185,105,-1136,1,下位,0,0,0
245,245,0,83,172,0,1,437,185,105,-1136,1,下位,0,437,48
424,424,0,1941,10241,0,0,0,682,224,-1964,1,下位,0,0,0
310,310,0,84,87,0,0,0,424,10293,765,16,上位,0,0,0
644,644,0,90,154,0,0,0,310,139,404,1,下位,0,0,0
281,281,0,137,224,0,0,0,644,206,-429,2,下位,0,0,0
245,245,0,68,112,0,0,0,281,276,-606,3,下位,0,0,0
636,636,0,130,153,1,0,0,0,0,1,0,下位,0,0,0
733,47,55,188,365,0,0,0,636,205,-820,3,下位,0,0,0
686,686,0,188,365,0,1,47,636,205,-820,3,下位,0,47,55
295,295,0,1062,4993,0,0,0,733,417,-1530,5,下位,0,0,0
801,801,0,102,128,0,0,0,295,5045,752,11,上位,0,0,0
410,410,0,703,3012,0,0,0,801,180,-360,1,下位,0,0,0
184,41,57,76,92,0,0,0,410,3064,769,7,上位,0,0,0
143,143,0,76,92,0,1,41,410,3064,769,7,上位,0,41,57
74,74,0,1022,4852,0,0,0,184,144,673,1,下位,0,0,0
806,806,0,186,218,0,0,0,74,4904,750,8,上位,0,0,0
1250,287,55,88,160,0,0,0,806,270,-280,5,下位,0,0,0
963,963,0,88,160,0,1,287,806,270,-280,5,下位,0,287,55
226,226,0,67,107,1,0,0,0,0,1,0,下位,0,0,0
229,229,0,112,172,0,0,0,226,159,-205,1,下位,0,0,0
322,322,0,117,200,0,0,0,229,224,-350,2,下位,0,0,0
567,567,0,76,104,0,0,0,322,252,-617,3,下位,0,0,0
533,533,0,147,283,0,0,0,567,156,-1376,1,下位,0,0,0
808,808,0,84,168,0,0,0,533,335,-1901,4,下位,0,0,0
1612,456,182,1772,9368,0,0,0,808,220,-2984,2,下位,0,0,0
1156,712,121,1772,9368,0,1,456,808,220,-2984,2,下位,0,456,61
444,444,0,1772,9368,0,2,1168,808,220,-2984,2,下位,0,712,121
1552,957,115,151,282,0,0,0,1612,9420,772,14,上位,0,0,0
595,595,0,151,282,0,1,957,1612,9420,772,14,上位,0,957,115
112,112,0,117,255,0,0,0,1552,334,-1283,4,下位,0,0,0
509,509,0,54,63,1,0,0,0,0,1,0,下位,0,0,0
565,395,57,102,138,0,0,0,509,115,-705,1,下位,0,0,0
170,170,0,102,138,0,1,395,509,115,-705,1,下位,0,395,57
184,50,113,85,157,0,0,0,565,190,-1369,1,下位,0,0,0
134,134,0,85,157,0,1,50,565,190,-1369,1,下位,0,50,113
313,313,0,174,323,0,0,0,184,209,-1344,1,下位,0,0,0
193,193,0,128,252,1,0,0,0,0,1,0,下位,0,0,0
421,421,0,93,149,0,0,0,193,304,-6,4,下位,0,0,0
945,945,0,88,88,0,0,0,421,201,-484,1,下位,0,0,0
176,176,0,1563,8289,0,0,0,945,140,-1868,1,下位,0,0,0
1274,406,117,78,93,0,0,0,176,8341,765,14,上位,0,0,0
868,868,0,78,93,0,1,406,176,8341,765,14,上位,0,406,117
970,970,0,144,142,0,0,0,1274,145,-1028,1,下位,0,0,0
186,186,0,147,366,0,0,0,970,194,-2399,3,下位,0,0,0
1229,461,63,87,223,0,0,0,186,418,-2281,3,下位,0,0,0
768,768,0,87,223,0,1,461,186,418,-2281,3,下位,0,461,63
269,269,0,1360,6928,0,0,0,1229,275,-3926,2,下位,0,0,0
356,356,0,82,91,1,0,0,0,0,1,0,下位,0,0,0
179,179,0,58,60,0,0,0,356,143,-430,2,下位,0,0,0
155,155,0,66,106,0,0,0,179,112,-607,1,下位,0,0,0
441,163,123,143,153,0,0,0,155,158,-699,1,下位,0,0,0
278,278,0,143,153,0,1,163,155,158,-699,1,下位,0,163,123
285,285,0,1116,4991,0,0,0,441,205,-1082,3,下位,0,0,0
202,202,0,68,114,0,0,0,285,5043,767,14,上位,0,0,0
264,264,0,142,146,0,0,0,202,166,607,1,下位,0,0,0
168,168,0,141,187,0,0,0,264,198,379,3,下位,0,0,0
800,800,0,97,147,0,0,0,168,239,347,3,下位,0,0,0
92,92,0,816,4017,1,0,0,0,0,1,0,下位,0,0,0
2358,425,118,168,295,0,0,0,92,4069,769,8,上位,0,0,0
1933,968,55,168,295,0,1,425,92,4069,769,8,上位,0,425,63
965,965,0,168,295,0,2,1393,92,4069,769,8,上位,0,968,55
573,573,0,1205,6031,0,0,0,2358,347,-2568,4,下位,0,0,0
967,967,0,75,100,0,0,0,573,6083,756,11,上位,0,0,0
142,142,0,88,80,0,0,0,967,152,-652,1,下位,0,0,0
302,302,0,813,3687,0,0,0,142,132,-749,1,下位,0,0,0
658,658,0,96,147,0,0,0,302,3739,756,8,上位,0,0,0
951,951,0,98,210,0,0,0,658,199,-106,1,下位,0,0,0
1243,588,113,1172,5680,1,0,0,0,0,1,0,下位,0,0,0
655,655,0,1172,5680,1,1,588,0,0,1,0,下位,0,588,113
296,296,0,82,64,1,0,0,0,0,1,0,下位,0,0,0
104,104,0,66,47,0,0,0,296,116,-360,2,下位,0,0,0
228,228,0,924,4643,0,0,0,104,99,-429,1,下位,0,0,0
1928,306,537,977,4990,0,0,0,228,4695,766,8,上位,0,0,0
1622,391,416,977,4990,0,1,306,228,4695,766,8,上位,0,306,121
1231,233,355,977,4990,0,2,697,228,4695,766,8,上位,0,391,61
998,341,240,977,4990,0,3,930,228,4695,766,8,上位,0,233,115
657,320,123,977,4990,0,4,1271,228,4695,766,8,上位,0,341,117
337,337,0,977,4990,0,5,1591,228,4695,766,8,上位,0,320,123
424,424,0,58,56,0,0,0,1928,5042,751,9,上位,0,0,0
1668,706,119,171,396,0,0,0,424,108,175,1,下位,0,0,0
962,962,0,171,396,0,1,706,424,108,175,1,下位,0,706,119
254,254,0,172,248,0,0,0,1668,448,-1949,4,下位,0,0,0
705,705,0,173,380,0,0,0,254,300,-2059,4,下位,0,0,0
148,148,0,102,132,0,0,0,705,432,-2764,4,下位,0,0,0
579,579,0,961,4765,1,0,0,0,0,1,0,下位,0,0,0
187,187,0,110,182,1,0,0,0,0,1,0,下位,0,0,0
241,241,0,75,107,0,0,0,187,234,-67,2,下位,0,0,0
1226,379,57,168,329,0,0,0,241,159,-297,1,下位,0,0,0
847,847,0,168,329,0,1,379,241,159,-297,1,下位,0,379,57
379,379,0,172,400,0,0,0,1226,381,-1836,4,下位,0,0,0
723,723,0,80,96,0,0,0,379,452,-1995,4,下位,0,0,0
195,195,0,96,144,0,0,0,723,148,-3013,2,下位,0,0,0
308,308,0,104,205,0,0,0,195,196,-3132,1,下位,0,0,0
765,490,55,75,183,0,0,0,308,257,-3372,2,下位,0,0,0
275,275,0,75,183,0,1,490,308,257,-3372,2,下位,0,490,55
262,262,0,94,143,0,0,0,765,235,-4316,1,下位,0,0,0
162,162,0,150,196,0,0,0,262,195,-4544,1,下位,0,0,0
962,962,0,144,300,0,0,0,162,248,-4557,3,下位,0,0,0
379,379,0,145,353,1,0,0,0,0,1,0,下位,0,0,0
969,969,0,82,97,0,0,0,379,405,-205,3,下位,0,0,0
1241,278,115,106,130,0,0,0,969,149,-1619,1,下位,0,0,0
963,963,0,106,130,0,1,278,969,149,-1619,1,下位,0,278,115
257,257,0,155,347,0,0,0,1241,182,-3323,3,下位,0,0,0
487,487,0,99,130,1,0,0,0,0,1,0,下位,0,0,0
621,621,0,1279,6277,0,0,0,487,182,-602,2,下位,0,0,0
298,298,0,102,135,0,0,0,621,6329,757,11,上位,0,0,0
190,190,0,167,338,0,0,0,298,187,463,2,下位,0,0,0
1211,967,119,60,55,0,0,0,190,390,547,3,下位,0,0,0
244,244,0,60,55,0,1,967,190,390,547,3,下位,0,967,119
183,183,0,86,76,0,0,0,1211,107,-1181,1,下位,0,0,0
365,365,0,159,263,0,0,0,183,128,-1348,1,下位,0,0,0
355,355,0,165,242,0,0,0,365,315,-1622,3,下位,0,0,0
967,967,0,90,86,0,0,0,355,294,-1901,4,下位,0,0,0
701,135,115,97,140,0,0,0,967,138,-3323,1,下位,0,0,0
566,566,0,97,140,0,1,135,967,138,-3323,1,下位,0,135,115
974,974,0,110,274,0,0,0,701,192,-4147,1,下位,0,0,0
871,871,0,126,167,0,0,0,974,326,-5392,2,下位,0,0,0
925,140,59,100,145,1,0,0,0,0,1,0,下位,0,0,0
785,785,0,100,145,1,1,140,0,0,1,0,下位,0,140,59
242,242,0,180,296,0,0,0,925,197,-1235,2,下位,0,0,0
711,207,236,117,112,1,0,0,0,0,1,0,下位,0,0,0
504,376,119,117,112,1,1,207,0,0,1,0,下位,0,207,117
128,128,0,117,112,1,2,583,0,0,1,0,下位,0,376,119
958,379,61,66,37,0,0,0,711,164,-745,2,下位,0,0,0
579,579,0,66,37,0,1,379,711,164,-745,2,下位,0,379,61
185,185,0,196,293,0,0,0,958,89,-2140,1,下位,0,0,0
572,329,123,190,358,0,0,0,185,345,-2093,4,下位,0,0,0
243,243,0,190,358,0,1,329,185,345,-2093,4,下位,0,329,123
486,369,100,80,162,0,0,0,572,410,-2483,4,下位,0,0,0
117,117,0,80,162,0,1,369,572,410,-2483,4,下位,0,369,100
467,467,0,71,39,0,0,0,486,214,-2953,1,下位,0,0,0
503,503,0,82,90,0,0,0,467,91,-3615,1,下位,0,0,0
605,82,116,130,238,0,0,0,503,142,-4284,1,下位,0,0,0
523,94,57,130,238,0,1,82,503,142,-4284,1,下位,0,82,59
429,429,0,130,238,0,2,176,503,142,-4284,1,下位,0,94,57
161,161,0,183,297,0,0,0,605,290,-4854,3,下位,0,0,0
774,774,0,108,54,0,0,0,161,349,-4765,4,下位,0,0,0
493,493,0,136,159,0,0,0,774,106,-5907,2,下位,0,0,0
939,939,0,72,106,0,0,0,493,211,-6491,3,下位,0,0,0
967,967,0,195,354,0,0,0,939,158,-7848,2,下位,0,0,0
672,190,119,1124,5524,1,0,0,0,0,1,0,下位,0,0,0
482,482,0,1124,5524,1,1,190,0,0,1,0,下位,0,190,119
261,261,0,70,39,0,0,0,672,5576,759,9,上位,0,0,0
601,369,59,87,159,0,0,0,261,91,429,1,下位,0,0,0
232,232,0,87,159,0,1,369,261,91,429,1,下位,0,369,59
186,186,0,135,80,0,0,0,601,211,-270,2,下位,0,0,0
491,211,61,1105,5029,0,0,0,186,132,-438,3,下位,0,0,0
280,280,0,1105,5029,0,1,211,186,132,-438,3,下位,0,211,61
117,117,0,70,111,1,0,0,0,0,1,0,下位,0,0,0
207,207,0,120,255,0,0,0,117,163,-25,1,下位,0,0,0
636,636,0,104,134,0,0,0,207,307,-52,3,下位,0,0,0
1159,667,121,104,274,0,0,0,636,186,-892,2,下位,0,0,0
492,492,0,104,274,0,1,667,636,186,-892,2,下位,0,667,121
593,593,0,73,101,0,0,0,1159,326,-2315,2,下位,0,0,0
3022,282,350,60,55,0,0,0,593,153,-3118,2,下位,0,0,0
2740,575,295,60,55,0,1,282,593,153,-3118,2,下位,0,282,55
2165,967,232,60,55,0,2,857,593,153,-3118,2,下位,0,575,63
1198,931,117,60,55,0,3,1824,593,153,-3118,2,下位,0,967,115
267,267,0,60,55,0,4,2755,593,153,-3118,2,下位,0,931,117
729,729,0,85,155,0,0,0,3022,107,-7536,1,下位,0,0,0
365,365,0,966,4715,0,0,0,729,207,-8505,2,下位,0,0,0
243,243,0,170,235,1,0,0,0,0,1,0,下位,0,0,0
307,307,0,1032,5160,0,0,0,243,287,-104,4,下位,0,0,0
246,246,0,1148,5750,1,0,0,0,0,1,0,下位,0,0,0
1424,103,354,119,196,0,0,0,246,5802,771,10,上位,0,0,0
1321,95,241,119,196,0,1,103,246,5802,771,10,上位,0,103,113
1226,320,184,119,196,0,2,198,246,5802,771,10,上位,0,95,57
906,92,63,119,196,0,3,518,246,5802,771,10,上位,0,320,121
814,814,0,119,196,0,4,610,246,5802,771,10,上位,0,92,63
965,965,0,81,99,0,0,0,1424,248,-923,3,下位,0,0,0
2438,701,114,80,105,0,0,0,965,151,-2328,1,下位,0,0,0
1737,969,59,80,105,0,1,701,965,151,-2328,1,下位,0,701,55
768,768,0,80,105,0,2,1670,965,151,-2328,1,下位,0,969,59
829,359,63,1146,5723,0,0,0,2438,157,-5990,1,下位,0,0,0
470,470,0,1146,5723,0,1,359,2438,157,-5990,1,下位,0,359,63
501,501,0,65,47,0,0,0,829,5775,-1489,11,上位,0,0,0
426,426,0,65,125,0,0,0,501,99,-2198,1,下位,0,0,0
549,549,0,92,147,1,0,0,0,0,1,0,下位,0,0,0
1231,297,59,66,106,0,0,0,549,199,-685,2,下位,0,0,0
934,934,0,66,106,0,1,297,549,199,-685,2,下位,0,297,59
319,319,0,73,84,1,0,0,0,0,1,0,下位,0,0,0
852,852,0,155,274,0,0,0,319,136,-378,1,下位,0,0,0
235,235,0,74,115,0,0,0,852,326,-1426,3,下位,0,0,0
623,623,0,71,102,0,0,0,235,167,-1638,1,下位,0,0,0
839,839,0,93,147,0,0,0,623,154,-2489,1,下位,0,0,0
316,134,55,88,84,0,0,0,839,199,-3643,2,下位,0,0,0
182,182,0,88,84,0,1,134,839,199,-3643,2,下位,0,134,55
351,351,0,80,101,0,0,0,316,136,-3962,1,下位,0,0,0
347,347,0,1457,7458,0,0,0,351,153,-4375,1,下位,0,0,0
427,427,0,116,182,0,0,0,347,7510,773,14,上位,0,0,0
159,159,0,68,116,0,0,0,427,234,318,2,下位,0,0,0
701,358,115,173,173,0,0,0,159,168,230,1,下位,0,0,0
343,343,0,173,173,0,1,358,159,168,230,1,下位,0,358,115
199,158,115,59,51,0,0,0,701,225,-560,3,下位,0,0,0
41,41,0,59,51,0,1,158,701,225,-560,3,下位,0,158,115
274,274,0,143,346,1,0,0,0,0,1,0,下位,0,0,0
969,969,0,131,227,0,0,0,274,398,-43,4,下位,0,0,0
40,40,0,1176,6011,0,0,0,969,279,-1327,4,下位,0,0,0
403,169,55,62,40,0,0,0,40,6063,758,8,上位,0,0,0
234,234,0,62,40,0,1,169,40,6063,758,8,上位,0,169,55
697,697,0,1045,4953,1,0,0,0,0,1,0,下位,0,0,0
2437,897,232,123,239,0,0,0,697,5005,746,11,上位,0,0,0
1540,435,169,123,239,0,1,897,697,5005,746,11,上位,0,897,63
1105,799,110,123,239,0,2,1332,697,5005,746,11,上位,0,435,59
306,306,0,123,239,0,3,2131,697,5005,746,11,上位,0,799,110
490,490,0,95,138,0,0,0,2437,291,-2663,3,下位,0,0,0
201,201,0,140,216,0,0,0,490,190,-3263,1,下位,0,0,0
507,507,0,149,137,0,0,0,201,268,-3319,2,下位,0,0,0
59,59,0,1151,6280,0,0,0,507,189,-3948,3,下位,0,0,0
539,539,0,1060,5430,1,0,0,0,0,1,0,下位,0,0,0
556,556,0,104,61,1,0,0,0,0,1,0,下位,0,0,0
792,321,113,134,153,0,0,0,556,113,-783,2,下位,0,0,0
471,471,0,134,153,0,1,321,556,113,-783,2,下位,0,321,113
318,318,0,64,49,0,0,0,792,205,-1743,3,下位,0,0,0
517,517,0,60,57,0,0,0,318,101,-2155,1,下位,0,0,0
208,208,0,121,167,0,0,0,517,109,-2880,1,下位,0,0,0
267,267,0,111,180,0,0,0,208,219,-2996,3,下位,0,0,0
625,625,0,171,255,0,0,0,267,232,-3195,3,下位,0,0,0
595,595,0,119,313,0,0,0,625,307,-3896,4,下位,0,0,0
568,568,0,1671,8852,0,0,0,595,365,-4491,3,下位,0,0,0
225,225,0,124,187,0,0,0,568,8904,759,15,上位,0,0,0
434,434,0,115,120,1,0,0,0,0,1,0,下位,0,0,0
711,711,0,183,229,1,0,0,0,0,1,0,下位,0,0,0
553,553,0,81,164,0,0,0,711,281,-865,5,下位,0,0,0
290,210,113,84,85,0,0,0,553,216,-1541,1,下位,0,0,0
80,80,0,84,85,0,1,210,553,216,-1541,1,下位,0,210,113
1138,785,115,98,139,0,0,0,290,137,-1759,1,下位,0,0,0
353,353,0,98,139,0,1,785,290,137,-1759,1,下位,0,785,115
1932,965,47,133,315,0,0,0,1138,191,-3288,2,下位,0,0,0
967,967,0,133,315,0,1,965,1138,191,-3288,2,下位,0,965,47
690,690,0,118,112,1,0,0,0,0,1,0,下位,0,0,0
94,94,0,145,211,1,0,0,0,0,1,0,下位,0,0,0
357,357,0,1330,6539,0,0,0,94,263,112,3,下位,0,0,0
821,821,0,110,194,0,0,0,357,6591,772,12,上位,0,0,0
827,827,0,83,94,0,0,0,821,246,-306,3,下位,0,0,0
547,547,0,106,134,0,0,0,827,146,-1494,1,下位,0,0,0
1494,956,123,190,193,0,0,0,547,186,-2190,3,下位,0,0,0
538,538,0,190,193,0,1,956,547,186,-2190,3,下位,0,956,123
963,963,0,196,208,0,0,0,1494,245,-4232,4,下位,0,0,0
207,207,0,110,195,0,0,0,963,260,-5525,4,下位,0,0,0
258,258,0,96,151,0,0,0,207,247,-5612,2,下位,0,0,0
518,518,0,93,72,0,0,0,258,203,-5825,1,下位,0,0,0
278,278,0,97,288,0,0,0,518,124,-6536,1,下位,0,0,0
453,453,0,1008,4608,1,0,0,0,0,1,0,下位,0,0,0
491,491,0,87,72,0,0,0,453,4660,770,11,上位,0,0,0
146,146,0,66,120,0,0,0,491,124,102,1,下位,0,0,0
375,375,0,754,3382,0,0,0,146,172,39,1,下位,0,0,0
240,240,0,614,2678,0,0,0,375,3434,765,9,上位,0,0,0
1503,378,233,104,204,0,0,0,240,2730,754,7,上位,0,0,0
1125,858,116,104,204,0,1,378,240,2730,754,7,上位,0,378,117
267,267,0,104,204,0,2,1236,240,2730,754,7,上位,0,858,116
809,809,0,117,179,0,0,0,1503,256,-1182,3,下位,0,0,0
643,643,0,185,306,1,0,0,0,0,1,0,下位,0,0,0
1605,780,123,155,255,1,0,0,0,0,1,0,下位,0,0,0
825,825,0,155,255,1,1,780,0,0,1,0,下位,0,780,123
133,133,0,140,335,0,0,0,1605,307,-2158,3,下位,0,0,0
267,267,0,129,158,0,0,0,133,387,-1986,3,下位,0,0,0
124,124,0,72,114,0,0,0,267,210,-2207,2,下位,0,0,0
1663,962,124,146,203,0,0,0,124,166,-2241,1,下位,0,0,0
701,701,0,146,203,0,1,962,124,166,-2241,1,下位,0,962,124
653,653,0,66,39,0,0,0,1663,255,-4545,2,下位,0,0,0
982,982,0,124,101,0,0,0,653,91,-5507,1,下位,0,0,0
143,143,0,188,306,0,0,0,982,153,-6938,2,下位,0,0,0
322,322,0,219,316,1,0,0,0,0,1,0,下位,0,0,0
420,420,0,194,293,1,0,0,0,0,1,0,下位,0,0,0
94,94,0,853,4340,0,0,0,420,345,-331,5,下位,0,0,0
490,490,0,652,2687,0,0,0,94,4329,749,5,上位,0,0,0
1936,969,117,85,157,0,0,0,490,2739,760,8,上位,0,0,0
967,967,0,85,157,0,1,969,490,2739,760,8,上位,0,969,117
667,667,0,178,309,0,0,0,1936,209,-2037,1,下位,0,0,0
1066,976,63,89,159,0,0,0,667,361,-2752,4,下位,0,0,0
90,90,0,89,159,0,1,976,667,361,-2752,4,下位,0,976,63
467,467,0,121,187,0,0,0,1066,211,-4197,1,下位,0,0,0
649,649,0,76,159,0,0,0,467,239,-4711,2,下位,0,0,0
394,394,0,142,210,0,0,0,649,211,-5547,2,下位,0,0,0
965,965,0,67,35,0,0,0,394,262,-5920,3,下位,0,0,0
557,557,0,128,247,1,0,0,0,0,1,0,下位,0,0,0
591,591,0,83,157,0,0,0,557,299,-598,2,下位,0,0,0
313,313,0,112,191,0,0,0,591,209,-1342,2,下位,0,0,0
602,602,0,88,89,1,0,0,0,0,1,0,下位,0,0,0
576,576,0,101,134,0,0,0,602,141,-829,2,下位,0,0,0
853,334,61,73,108,0,0,0,576,186,-1572,1,下位,0,0,0
519,519,0,73,108,0,1,334,576,186,-1572,1,下位,0,334,61
600,600,0,73,105,0,0,0,853,160,-2727,1,下位,0,0,0
385,385,0,118,174,0,0,0,600,157,-3538,1,下位,0,0,0
257,257,0,106,203,0,0,0,385,226,-3933,2,下位,0,0,0
781,781,0,103,134,0,0,0,257,255,-4093,2,下位,0,0,0
301,301,0,120,251,1,0,0,0,0,1,0,下位,0,0,0
451,451,0,115,193,0,0,0,301,303,-181,2,下位,0,0,0
1184,855,58,91,73,0,0,0,451,245,-663,3,下位,0,0,0
329,329,0,91,73,0,1,855,451,245,-663,3,下位,0,855,58
2238,556,172,197,367,0,0,0,1184,125,-2390,2,下位,0,0,0
1682,881,115,197,367,0,1,556,1184,125,-2390,2,下位,0,556,57
801,801,0,197,367,0,2,1437,1184,125,-2390,2,下位,0,881,115
175,175,0,81,164,1,0,0,0,0,1,0,下位,0,0,0
276,276,0,150,282,0,0,0,175,216,-65,1,下位,0,0,0
239,239,0,64,33,0,0,0,276,334,-176,4,下位,0,0,0
1058,148,234,102,211,0,0,0,239,85,-476,1,下位,0,0,0
910,441,119,102,211,0,1,148,239,85,-476,1,下位,0,148,115
469,469,0,102,211,0,2,589,239,85,-476,1,下位,0,441,119
724,724,0,1220,5898,0,0,0,1058,263,-1685,2,下位,0,0,0
193,193,0,81,91,1,0,0,0,0,1,0,下位,0,0,0
1233,709,178,146,279,0,0,0,193,143,-167,2,下位,0,0,0
524,232,115,146,279,0,1,709,193,143,-167,2,下位,0,709,63
292,292,0,146,279,0,2,941,193,143,-167,2,下位,0,232,115
821,821,0,114,152,1,0,0,0,0,1,0,下位,0,0,0
161,161,0,76,95,0,0,0,821,204,-1119,2,下位,0,0,0
586,377,113,81,92,1,0,0,0,0,1,0,下位,0,0,0
209,209,0,81,92,1,1,377,0,0,1,0,下位,0,377,113
428,428,0,111,120,1,0,0,0,0,1,0,下位,0,0,0
318,318,0,68,35,0,0,0,428,172,-517,2,下位,0,0,0
270,270,0,104,142,0,0,0,318,87,-943,1,下位,0,0,0
650,650,0,1228,6074,0,0,0,270,194,-1184,1,下位,0,0,0
558,332,117,1012,4513,0,0,0,650,6126,771,12,上位,0,0,0
226,226,0,1012,4513,0,1,332,650,6126,771,12,上位,0,332,117
1219,794,115,112,257,0,0,0,558,4565,769,9,上位,0,0,0
425,425,0,112,257,0,1,794,558,4565,769,9,上位,0,794,115
262,262,0,731,3214,0,0,0,1219,309,-773,2,下位,0,0,0
702,702,0,151,207,0,0,0,262,3266,749,7,上位,0,0,0
448,142,117,92,63,0,0,0,702,259,-124,3,下位,0,0,0
306,306,0,92,63,0,1,142,702,259,-124,3,下位,0,142,117
157,157,0,128,168,0,0,0,448,115,-615,1,下位,0,0,0
818,818,0,96,150,1,0,0,0,0,1,0,下位,0,0,0
134,134,0,111,194,0,0,0,818,202,-1116,2,下位,0,0,0
246,246,0,130,241,0,0,0,134,246,-1086,2,下位,0,0,0
531,531,0,102,199,1,0,0,0,0,1,0,下位,0,0,0
903,903,0,107,203,0,0,0,531,251,-604,2,下位,0,0,0
585,585,0,166,412,0,0,0,903,255,-1805,2,下位,0,0,0
773,773,0,1433,7451,0,0,0,585,464,-2285,4,下位,0,0,0
966,966,0,62,116,0,0,0,773,7503,764,13,上位,0,0,0
67,67,0,69,117,1,0,0,0,0,1,0,下位,0,0,0
138,138,0,107,199,0,0,0,67,169,62,1,下位,0,0,0
122,122,0,175,389,0,0,0,138,251,90,2,下位,0,0,0
699,699,0,143,284,0,0,0,122,441,334,5,下位,0,0,0
1006,37,61,915,4329,0,0,0,699,336,-457,4,下位,0,0,0
969,969,0,915,4329,0,1,37,699,336,-457,4,下位,0,37,61
174,174,0,124,178,1,0,0,0,0,1,0,下位,0,0,0
980,980,0,170,328,0,0,0,174,230,-50,4,下位,0,0,0
1855,427,229,78,32,0,0,0,980,380,-1251,4,下位,0,0,0
1428,282,176,78,32,0,1,427,980,380,-1251,4,下位,0,427,53
1146,178,113,78,32,0,2,709,980,380,-1251,4,下位,0,282,63
968,968,0,78,32,0,3,887,980,380,-1251,4,下位,0,178,113
507,466,115,127,87,0,0,0,1855,84,-3930,1,下位,0,0,0
41,41,0,127,87,0,1,466,1855,84,-3930,1,下位,0,466,115
379,379,0,160,256,0,0,0,507,139,-4494,3,下位,0,0,0
873,873,0,108,274,0,0,0,379,308,-4797,3,下位,0,0,0
1052,326,240,88,92,1,0,0,0,0,1,0,下位,0,0,0
726,587,123,88,92,1,1,326,0,0,1,0,下位,0,326,117
139,139,0,88,92,1,2,913,0,0,1,0,下位,0,587,123
63,63,0,74,17,1,0,0,0,0,1,0,下位,0,0,0
969,969,0,86,81,0,0,0,63,69,-32,1,下位,0,0,0
933,933,0,70,121,0,0,0,969,133,-1462,2,下位,0,0,0
962,962,0,150,349,0,0,0,933,173,-2794,1,下位,0,0,0
964,964,0,114,194,0,0,0,962,401,-3945,4,下位,0,0,0
348,348,0,122,180,0,0,0,964,246,-5254,2,下位,0,0,0
204,204,0,67,108,0,0,0,348,232,-5583,3,下位,0,0,0
421,421,0,98,143,0,0,0,204,160,-5752,1,下位,0,0,0
362,197,52,89,70,0,0,0,421,195,-6236,2,下位,0,0,0
165,165,0,89,70,0,1,197,421,195,-6236,2,下位,0,197,52
227,227,0,127,161,1,0,0,0,0,1,0,下位,0,0,0
313,313,0,934,4476,0,0,0,227,213,-152,2,下位,0,0,0
566,236,115,94,78,1,0,0,0,0,1,0,下位,0,0,0
330,330,0,94,78,1,1,236,0,0,1,0,下位,0,236,115
717,717,0,126,169,0,0,0,566,130,-667,1,下位,0,0,0
886,886,0,144,264,0,0,0,717,221,-1602,2,下位,0,0,0
1128,514,243,77,106,0,0,0,886,316,-2715,4,下位,0,0,0
614,229,122,77,106,0,1,514,886,316,-2715,4,下位,0,514,121
385,152,61,77,106,0,2,743,886,316,-2715,4,下位,0,229,61
233,233,0,77,106,0,3,895,886,316,-2715,4,下位,0,152,61
879,120,57,112,121,0,0,0,1128,158,-4133,1,下位,0,0,0
759,759,0,112,121,0,1,120,1128,158,-4133,1,下位,0,120,57
705,705,0,116,190,0,0,0,879,173,-5321,2,下位,0,0,0
289,289,0,56,62,0,0,0,705,242,-6216,2,下位,0,0,0
276,276,0,190,355,0,0,0,289,114,-6568,1,下位,0,0,0
362,362,0,119,187,0,0,0,276,407,-6606,4,下位,0,0,0
198,198,0,78,174,0,0,0,362,239,-6951,2,下位,0,0,0
390,390,0,162,335,1,0,0,0,0,1,0,下位,0,0,0
844,844,0,68,116,1,0,0,0,0,1,0,下位,0,0,0
479,479,0,150,280,0,0,0,844,168,-1192,1,下位,0,0,0
427,427,0,62,96,0,0,0,479,332,-1633,4,下位,0,0,0
1749,484,179,69,115,0,0,0,427,148,-2174,1,下位,0,0,0
1265,968,58,69,115,0,1,484,427,148,-2174,1,下位,0,484,121
297,297,0,69,115,0,2,1452,427,148,-2174,1,下位,0,968,58
840,840,0,73,187,0,0,0,1749,167,-4649,1,下位,0,0,0
127,127,0,1908,9698,0,0,0,840,239,-5765,1,下位,0,0,0
1181,520,232,157,395,0,0,0,127,9750,727,17,上位,0,0,0
661,395,113,157,395,0,1,520,127,9750,727,17,上位,0,520,119
266,266,0,157,395,0,2,915,127,9750,727,17,上位,0,395,113
71,71,0,804,4235,0,0,0,1181,447,-499,5,下位,0,0,0
837,837,0,119,106,1,0,0,0,0,1,0,下位,0,0,0
490,490,0,93,285,0,0,0,837,158,-1191,2,下位,0,0,0
969,969,0,75,21,0,0,0,490,337,-1644,2,下位,0,0,0
147,147,0,1082,5655,0,0,0,969,73,-3134,1,下位,0,0,0
895,895,0,80,80,0,0,0,147,5707,763,10,上位,0,0,0
650,650,0,108,213,1,0,0,0,0,1,0,下位,0,0,0
173,173,0,72,105,1,0,0,0,0,1,0,下位,0,0,0
438,438,0,102,137,0,0,0,173,157,-121,2,下位,0,0,0
224,224,0,82,146,0,0,0,438,189,-638,2,下位,0,0,0
1367,959,59,191,201,0,0,0,224,198,-801,2,下位,0,0,0
408,408,0,191,201,0,1,959,224,198,-801,2,下位,0,959,59
349,349,0,117,200,1,0,0,0,0,1,0,下位,0,0,0
260,260,0,896,4273,1,0,0,0,0,1,0,下位,0,0,0
801,801,0,68,119,0,0,0,260,4325,750,9,上位,0,0,0
629,264,61,181,371,0,0,0,801,171,-371,1,下位,0,0,0
365,365,0,181,371,0,1,264,801,171,-371,1,下位,0,264,61
839,839,0,78,182,0,0,0,629,423,-902,5,下位,0,0,0
413,330,53,135,283,1,0,0,0,0,1,0,下位,0,0,0
83,83,0,135,283,1,1,330,0,0,1,0,下位,0,330,53
105,105,0,95,194,1,0,0,0,0,1,0,下位,0,0,0
778,778,0,89,153,0,0,0,105,246,78,2,下位,0,0,0
129,129,0,90,90,1,0,0,0,0,1,0,下位,0,0,0
337,337,0,950,4458,0,0,0,129,142,-65,1,下位,0,0,0
724,724,0,1590,8048,1,0,0,0,0,1,0,下位,0,0,0
52,52,0,122,252,1,0,0,0,0,1,0,下位,0,0,0
894,894,0,1457,7268,0,0,0,52,304,221,3,下位,0,0,0
597,185,57,127,169,0,0,0,894,7320,761,13,上位,0,0,0
412,412,0,127,169,0,1,185,894,7320,761,13,上位,0,185,57
420,420,0,99,142,1,0,0,0,0,1,0,下位,0,0,0
315,315,0,88,87,0,0,0,420,194,-482,2,下位,0,0,0
970,970,0,68,116,0,0,0,315,139,-851,2,下位,0,0,0
271,271,0,2295,11787,0,0,0,970,168,-2248,1,下位,0,0,0
325,325,0,934,4362,1,0,0,0,0,1,0,下位,0,0,0
589,114,121,125,174,0,0,0,325,4414,761,10,上位,0,0,0
475,475,0,125,174,0,1,114,325,4414,761,10,上位,0,114,121
893,893,0,1389,6840,1,0,0,0,0,1,0,下位,0,0,0
703,703,0,166,329,1,0,0,0,0,1,0,下位,0,0,0
46,46,0,880,4690,0,0,0,703,381,-752,4,下位,0,0,0
359,359,0,633,2808,0,0,0,46,3844,759,5,上位,0,0,0
373,373,0,100,140,1,0,0,0,0,1,0,下位,0,0,0
224,224,0,938,4612,0,0,0,373,192,-409,2,下位,0,0,0
155,155,0,88,88,0,0,0,224,4664,774,9,上位,0,0,0
1109,431,115,755,3827,0,0,0,155,140,664,1,下位,0,0,0
678,678,0,755,3827,0,1,431,155,140,664,1,下位,0,431,115
696,696,0,67,107,1,0,0,0,0,1,0,下位,0,0,0
647,647,0,114,174,0,0,0,696,159,-963,1,下位,0,0,0
288,288,0,124,174,0,0,0,647,226,-1781,3,下位,0,0,0
659,327,61,176,364,0,0,0,288,226,-2020,2,下位,0,0,0
332,332,0,176,364,0,1,327,288,226,-2020,2,下位,0,327,61
1485,672,115,92,145,0,0,0,659,416,-2605,5,下位,0,0,0
813,813,0,92,145,0,1,672,659,416,-2605,5,下位,0,672,115
477,159,59,224,286,0,0,0,1485,197,-4688,2,下位,0,0,0
318,318,0,224,286,0,1,159,1485,197,-4688,2,下位,0,159,59
145,145,0,146,237,1,0,0,0,0,1,0,下位,0,0,0
209,209,0,94,225,0,0,0,145,289,56,4,下位,0,0,0
800,800,0,1058,5113,1,0,0,0,0,1,0,下位,0,0,0
1406,974,63,138,309,0,0,0,800,5165,750,10,上位,0,0,0
432,432,0,138,309,0,1,974,800,5165,750,10,上位,0,974,63
1000,962,63,130,222,0,0,0,1406,361,-1094,4,下位,0,0,0
38,38,0,130,222,0,1,962,1406,361,-1094,4,下位,0,962,63
156,156,0,83,94,0,0,0,1000,274,-2370,3,下位,0,0,0
972,972,0,139,375,0,0,0,156,146,-2476,1,下位,0,0,0
782,782,0,128,228,1,0,0,0,0,1,0,下位,0,0,0
414,414,0,1173,5503,0,0,0,782,280,-980,2,下位,0,0,0
674,674,0,172,256,1,0,0,0,0,1,0,下位,0,0,0
343,343,0,158,268,0,0,0,674,308,-778,3,下位,0,0,0
308,308,0,122,250,0,0,0,343,320,-1011,3,下位,0,0,0
340,340,0,1550,7948,0,0,0,308,302,-1206,3,下位,0,0,0
375,375,0,76,22,0,0,0,340,8000,753,13,上位,0,0,0
226,226,0,103,124,0,0,0,375,74,222,1,下位,0,0,0
285,285,0,193,290,0,0,0,226,176,33,2,下位,0,0,0
330,330,0,97,217,0,0,0,285,342,-85,4,下位,0,0,0
651,651,0,114,125,0,0,0,330,269,-348,2,下位,0,0,0
900,244,172,103,128,0,0,0,651,177,-1221,2,下位,0,0,0
656,391,119,103,128,0,1,244,651,177,-1221,2,下位,0,244,53
265,265,0,103,128,0,2,635,651,177,-1221,2,下位,0,391,119
530,297,59,109,197,0,0,0,900,180,-2321,1,下位,0,0,0
233,233,0,109,197,0,1,297,900,180,-2321,1,下位,0,297,59
472,185,172,77,104,1,0,0,0,0,1,0,下位,0,0,0
287,93,115,77,104,1,1,185,0,0,1,0,下位,0,185,57
194,194,0,77,104,1,2,278,0,0,1,0,下位,0,93,115
778,584,59,117,174,0,0,0,472,156,-432,1,下位,0,0,0
194,194,0,117,174,0,1,584,472,156,-432,1,下位,0,584,59
213,213,0,68,35,1,0,0,0,0,1,0,下位,0,0,0
286,286,0,162,246,0,0,0,213,87,-256,1,下位,0,0,0
2203,628,236,79,95,0,0,0,286,298,-419,3,下位,0,0,0
1575,373,181,79,95,0,1,628,286,298,-419,3,下位,0,628,55
1202,112,122,79,95,0,2,1001,286,298,-419,3,下位,0,373,59
1090,772,61,79,95,0,3,1113,286,298,-419,3,下位,0,112,61
318,318,0,79,95,0,4,1885,286,298,-419,3,下位,0,772,61
284,284,0,108,265,0,0,0,2203,147,-3590,1,下位,0,0,0
254,254,0,149,201,0,0,0,284,317,-3731,3,下位,0,0,0
1153,442,113,78,104,0,0,0,254,253,-3888,3,下位,0,0,0
711,711,0,78,104,0,1,442,254,253,-3888,3,下位,0,442,113
298,298,0,122,162,0,0,0,1153,156,-5479,1,下位,0,0,0
98,98,0,1784,9804,0,0,0,298,214,-5746,3,下位,0,0,0
564,564,0,88,161,1,0,0,0,0,1,0,下位,0,0,0
782,782,0,111,181,0,0,0,564,213,-696,2,下位,0,0,0
416,416,0,106,198,1,0,0,0,0,1,0,下位,0,0,0
945,945,0,134,324,0,0,0,416,250,-420,3,下位,0,0,0
259,259,0,162,408,0,0,0,945,376,-1568,3,下位,0,0,0
733,328,172,144,287,0,0,0,259,460,-1526,4,下位,0,0,0
405,204,119,144,287,0,1,328,259,460,-1526,4,下位,0,328,53
201,201,0,144,287,0,2,532,259,460,-1526,4,下位,0,204,119
298,298,0,119,183,0,0,0,733,339,-2197,4,下位,0,0,0
666,666,0,72,181,0,0,0,298,235,-2443,2,下位,0,0,0
538,336,112,1311,7079,0,0,0,666,233,-3284,1,下位,0,0,0
202,202,0,1311,7079,0,1,336,666,233,-3284,1,下位,0,336,112
313,313,0,90,146,0,0,0,538,7014,771,9,上位,0,0,0
289,289,0,98,149,0,0,0,313,198,464,1,下位,0,0,0
177,177,0,108,131,1,0,0,0,0,1,0,下位,0,0,0
255,255,0,70,113,0,0,0,177,183,-101,2,下位,0,0,0
302,302,0,111,130,0,0,0,255,165,-347,1,下位,0,0,0
769,769,0,92,141,0,0,0,302,182,-652,2,下位,0,0,0
221,221,0,82,172,0,0,0,769,193,-1699,2,下位,0,0,0
324,324,0,75,151,0,0,0,221,224,-1831,1,下位,0,0,0
875,875,0,110,120,0,0,0,324,203,-2151,1,下位,0,0,0
775,775,0,114,115,0,0,0,875,172,-3390,2,下位,0,0,0
358,358,0,108,131,0,0,0,775,167,-4473,2,下位,0,0,0
487,487,0,57,54,0,0,0,358,183,-4867,2,下位,0,0,0
751,289,121,1099,5680,1,0,0,0,0,1,0,下位,0,0,0
462,462,0,1099,5680,1,1,289,0,0,1,0,下位,0,289,121
738,380,115,78,95,1,0,0,0,0,1,0,下位,0,0,0
358,358,0,78,95,1,1,380,0,0,1,0,下位,0,380,115
2288,290,349,102,62,0,0,0,738,147,-927,1,下位,0,0,0
1998,864,232,102,62,0,1,290,738,147,-927,1,下位,0,290,117
1134,147,175,102,62,0,2,1154,738,147,-927,1,下位,0,864,57
987,461,116,102,62,0,3,1301,738,147,-927,1,下位,0,147,59
526,348,55,102,62,0,4,1762,738,147,-927,1,下位,0,461,61
178,178,0,102,62,0,5,2110,738,147,-927,1,下位,0,348,55
1733,766,119,121,161,0,0,0,2288,114,-4155,2,下位,0,0,0
967,967,0,121,161,0,1,766,2288,114,-4155,2,下位,0,766,119
925,587,59,82,172,0,0,0,1733,213,-6618,2,下位,0,0,0
338,338,0,82,172,0,1,587,1733,213,-6618,2,下位,0,587,59
39,39,0,89,143,0,0,0,925,224,-7827,1,下位,0,0,0
224,224,0,114,181,1,0,0,0,0,1,0,下位,0,0,0
348,348,0,86,89,0,0,0,224,233,-127,3,下位,0,0,0
197,197,0,160,335,0,0,0,348,141,-547,1,下位,0,0,0
949,949,0,70,105,0,0,0,197,387,-478,4,下位,0,0,0
2117,236,289,94,153,0,0,0,949,157,-1852,1,下位,0,0,0
1881,793,176,94,153,0,1,236,949,157,-1852,1,下位,0,236,113
1088,941,63,94,153,0,2,1029,949,157,-1852,1,下位,0,793,113
147,147,0,94,153,0,3,1970,949,157,-1852,1,下位,0,941,63
874,874,0,58,54,0,0,0,2117,205,-4773,1,下位,0,0,0
544,544,0,102,202,1,0,0,0,0,1,0,下位,0,0,0
622,622,0,64,129,0,0,0,544,254,-622,2,下位,0,0,0
801,304,176,106,130,1,0,0,0,0,1,0,下位,0,0,0
497,220,117,106,130,1,1,304,0,0,1,0,下位,0,304,59
277,277,0,106,130,1,2,524,0,0,1,0,下位,0,220,117
188,188,0,82,170,0,0,0,801,182,-933,2,下位,0,0,0
723,723,0,110,201,0,0,0,188,222,-1014,1,下位,0,0,0
164,164,0,65,41,0,0,0,723,253,-1927,3,下位,0,0,0
371,371,0,136,217,0,0,0,164,93,-2099,1,下位,0,0,0
635,635,0,60,61,0,0,0,371,269,-2428,2,下位,0,0,0
141,141,0,102,133,0,0,0,635,113,-3339,1,下位,0,0,0
1065,598,117,93,70,0,0,0,141,185,-3381,2,下位,0,0,0
467,467,0,93,70,0,1,598,141,185,-3381,2,下位,0,598,117
319,319,0,144,371,0,0,0,1065,122,-4860,1,下位,0,0,0
248,248,0,104,198,1,0,0,0,0,1,0,下位,0,0,0
147,147,0,860,4003,1,0,0,0,0,1,0,下位,0,0,0
964,522,234,748,3394,0,0,0,147,4055,762,8,上位,0,0,0
442,247,113,748,3394,0,1,522,147,4055,762,8,上位,0,522,121
195,195,0,748,3394,0,2,769,147,4055,762,8,上位,0,247,113
231,231,0,52,64,0,0,0,964,3446,745,7,上位,0,0,0
428,428,0,593,2832,0,0,0,231,116,488,1,下位,0,0,0
973,128,172,66,47,0,0,0,428,2884,773,6,上位,0,0,0
845,627,59,66,47,0,1,128,428,2884,773,6,上位,0,128,113
218,218,0,66,47,0,2,755,428,2884,773,6,上位,0,627,59
141,141,0,128,253,0,0,0,973,99,-525,1,下位,0,0,0
1143,440,117,123,178,0,0,0,141,305,-447,3,下位,0,0,0
703,703,0,123,178,0,1,440,141,305,-447,3,下位,0,440,117
288,288,0,113,205,1,0,0,0,0,1,0,下位,0,0,0
967,967,0,1134,5612,0,0,0,288,257,-207,2,下位,0,0,0
92,92,0,83,87,1,0,0,0,0,1,0,下位,0,0,0
238,238,0,91,71,0,0,0,92,139,-8,1,下位,0,0,0
561,561,0,100,145,0,0,0,238,123,-269,1,下位,0,0,0
527,527,0,123,184,0,0,0,561,197,-977,2,下位,0,0,0
118,118,0,68,116,0,0,0,527,236,-1591,3,下位,0,0,0
259,78,53,99,214,1,0,0,0,0,1,0,下位,0,0,0
181,181,0,99,214,1,1,78,0,0,1,0,下位,0,78,53
209,209,0,159,174,0,0,0,259,266,-98,3,下位,0,0,0
228,228,0,87,73,0,0,0,209,226,-209,3,下位,0,0,0
302,302,0,154,208,0,0,0,228,125,-452,2,下位,0,0,0
414,414,0,162,263,1,0,0,0,0,1,0,下位,0,0,0
702,702,0,80,171,0,0,0,414,315,-352,3,下位,0,0,0
826,826,0,59,61,0,0,0,702,223,-1261,1,下位,0,0,0
512,512,0,100,139,1,0,0,0,0,1,0,下位,0,0,0
374,374,0,149,341,0,0,0,512,191,-634,1,下位,0,0,0
868,868,0,78,171,0,0,0,374,393,-844,4,下位,0,0,0
578,578,0,86,157,1,0,0,0,0,1,0,下位,0,0,0
274,274,0,172,247,0,0,0,578,209,-722,2,下位,0,0,0
186,186,0,84,172,0,0,0,274,299,-865,3,下位,0,0,0
509,509,0,102,52,0,0,0,186,224,-941,1,下位,0,0,0
714,714,0,72,34,1,0,0,0,0,1,0,下位,0,0,0
375,375,0,85,147,0,0,0,714,86,-1065,1,下位,0,0,0
803,803,0,72,113,0,0,0,375,199,-1471,2,下位,0,0,0
179,179,0,94,222,0,0,0,803,165,-2601,1,下位,0,0,0
838,838,0,169,306,1,0,0,0,0,1,0,下位,0,0,0
128,128,0,88,155,0,0,0,838,358,-993,4,下位,0,0,0
630,274,63,108,182,0,0,0,128,207,-992,1,下位,0,0,0
356,356,0,108,182,0,1,274,128,207,-992,1,下位,0,274,63
121,121,0,106,195,1,0,0,0,0,1,0,下位,0,0,0
917,917,0,93,149,0,0,0,121,247,53,2,下位,0,0,0
66,66,0,818,3962,1,0,0,0,0,1,0,下位,0,0,0
1336,786,123,67,17,0,0,0,66,4014,755,8,上位,0,0,0
550,550,0,67,17,0,1,786,66,4014,755,8,上位,0,786,123
984,984,0,178,301,0,0,0,1336,69,-1208,1,下位,0,0,0
862,862,0,104,209,0,0,0,984,353,-2442,4,下位,0,0,0
454,454,0,147,254,1,0,0,0,0,1,0,下位,0,0,0
1220,99,172,128,165,1,0,0,0,0,1,0,下位,0,0,0
1121,514,119,128,165,1,1,99,0,0,1,0,下位,0,99,53
607,607,0,128,165,1,2,613,0,0,1,0,下位,0,514,119
939,939,0,160,280,0,0,0,1220,217,-1578,2,下位,0,0,0
779,779,0,142,294,1,0,0,0,0,1,0,下位,0,0,0
300,245,117,74,31,0,0,0,779,346,-909,4,下位,0,0,0
55,55,0,74,31,0,1,245,779,346,-909,4,下位,0,245,117
395,225,119,148,353,1,0,0,0,0,1,0,下位,0,0,0
170,170,0,148,353,1,1,225,0,0,1,0,下位,0,225,119
174,174,0,135,158,0,0,0,395,405,-112,3,下位,0,0,0
925,925,0,102,63,0,0,0,174,210,-183,2,下位,0,0,0
1132,169,61,105,206,1,0,0,0,0,1,0,下位,0,0,0
963,963,0,105,206,1,1,169,0,0,1,0,下位,0,169,61
494,494,0,68,107,0,0,0,1132,258,-1506,2,下位,0,0,0
507,507,0,146,198,0,0,0,494,159,-2144,1,下位,0,0,0
567,567,0,58,56,0,0,0,507,250,-2712,3,下位,0,0,0
311,311,0,74,100,1,0,0,0,0,1,0,下位,0,0,0
825,825,0,104,54,0,0,0,311,152,-349,1,下位,0,0,0
779,779,0,141,226,0,0,0,825,106,-1574,2,下位,0,0,0
635,635,0,150,203,0,0,0,779,278,-2552,2,下位,0,0,0
1180,631,59,138,214,0,0,0,635,255,-3321,3,下位,0,0,0
549,549,0,138,214,0,1,631,635,255,-3321,3,下位,0,631,59
508,508,0,74,103,0,0,0,1180,266,-4899,3,下位,0,0,0
446,446,0,81,86,0,0,0,508,155,-5563,1,下位,0,0,0
266,266,0,122,307,0,0,0,446,138,-6144,1,下位,0,0,0
968,968,0,88,80,0,0,0,266,359,-6214,3,下位,0,0,0
297,297,0,95,141,1,0,0,0,0,1,0,下位,0,0,0
165,165,0,120,190,0,0,0,297,193,-285,1,下位,0,0,0
707,142,121,156,255,0,0,0,165,242,-309,2,下位,0,0,0
565,565,0,156,255,0,1,142,165,242,-309,2,下位,0,142,121
200,200,0,56,54,0,0,0,707,307,-1021,4,下位,0,0,0
1070,790,113,78,170,0,0,0,200,106,-1238,1,下位,0,0,0
280,280,0,78,170,0,1,790,200,106,-1238,1,下位,0,790,113
926,403,59,138,152,0,0,0,1070,222,-2629,1,下位,0,0,0
523,523,0,138,152,0,1,403,1070,222,-2629,1,下位,0,403,59
257,257,0,130,155,0,0,0,926,204,-3860,3,下位,0,0,0
1519,951,170,114,186,0,0,0,257,207,-4068,2,下位,0,0,0
568,289,57,114,186,0,1,951,257,207,-4068,2,下位,0,951,113
279,279,0,114,186,0,2,1240,257,207,-4068,2,下位,0,289,57
697,289,117,138,174,0,0,0,1519,238,-6110,2,下位,0,0,0
408,312,54,138,174,0,1,289,1519,238,-6110,2,下位,0,289,63
96,96,0,138,174,0,2,601,1519,238,-6110,2,下位,0,312,54
256,161,61,117,191,1,0,0,0,0,1,0,下位,0,0,0
95,95,0,117,191,1,1,161,0,0,1,0,下位,0,161,61
206,206,0,70,119,0,0,0,256,243,-108,2,下位,0,0,0
950,950,0,58,53,0,0,0,206,171,-269,1,下位,0,0,0
962,962,0,153,287,0,0,0,950,105,-1696,1,下位,0,0,0
823,823,0,110,204,0,0,0,962,339,-2909,3,下位,0,0,0
1010,316,59,105,263,0,0,0,823,256,-3980,2,下位,0,0,0
694,694,0,105,263,0,1,316,823,256,-3980,2,下位,0,316,59
282,282,0,101,207,1,0,0,0,0,1,0,下位,0,0,0
237,237,0,80,174,0,0,0,282,259,-195,2,下位,0,0,0
327,327,0,79,101,0,0,0,237,226,-351,2,下位,0,0,0
195,195,0,58,62,1,0,0,0,0,1,0,下位,0,0,0
973,973,0,96,132,0,0,0,195,114,-200,1,下位,0,0,0
149,149,0,58,58,0,0,0,973,184,-1585,1,下位,0,0,0
963,963,0,147,211,0,0,0,149,110,-1715,1,下位,0,0,0
409,409,0,76,6,0,0,0,963,263,-3005,4,下位,0,0,0
329,329,0,149,210,0,0,0,409,58,-3607,1,下位,0,0,0
964,964,0,69,109,0,0,0,329,262,-3876,3,下位,0,0,0
982,982,0,127,254,0,0,0,964,161,-5270,1,下位,0,0,0
1056,774,53,144,212,0,0,0,982,306,-6548,2,下位,0,0,0
282,282,0,144,212,0,1,774,982,306,-6548,2,下位,0,774,53
783,783,0,66,103,1,0,0,0,0,1,0,下位,0,0,0
819,337,61,159,338,0,0,0,783,155,-1107,1,下位,0,0,0
482,482,0,159,338,0,1,337,783,155,-1107,1,下位,0,337,61
1840,966,119,114,332,0,0,0,819,390,-1977,4,下位,0,0,0
874,874,0,114,332,0,1,966,819,390,-1977,4,下位,0,966,119
943,943,0,66,36,0,0,0,1840,384,-4442,3,下位,0,0,0
351,351,0,113,45,0,0,0,943,88,-5875,1,下位,0,0,0
968,968,0,132,375,0,0,0,351,97,-6344,2,下位,0,0,0
486,486,0,152,350,1,0,0,0,0,1,0,下位,0,0,0
939,939,0,129,241,0,0,0,486,402,-381,4,下位,0,0,0
963,963,0,86,158,0,0,0,939,293,-1603,2,下位,0,0,0
1410,783,57,93,70,0,0,0,963,210,-2946,1,下位,0,0,0
627,627,0,93,70,0,1,783,963,210,-2946,1,下位,0,783,57
687,687,0,92,153,0,0,0,1410,122,-5041,1,下位,0,0,0
301,301,0,152,261,0,0,0,687,205,-5944,2,下位,0,0,0
704,704,0,67,45,1,0,0,0,0,1,0,下位,0,0,0
258,258,0,1042,5306,0,0,0,704,97,-1037,1,下位,0,0,0
299,299,0,76,102,0,0,0,258,5358,761,10,上位,0,0,0
42,42,0,124,317,1,0,0,0,0,1,0,下位,0,0,0
711,711,0,1004,4659,0,0,0,42,369,302,4,下位,0,0,0
220,220,0,95,143,0,0,0,711,4711,747,9,上位,0,0,0
2811,787,360,1348,6686,0,0,0,220,195,587,2,下位,0,0,0
2024,133,299,1348,6686,0,1,787,220,195,587,2,下位,0,787,61
1891,498,178,1348,6686,0,2,920,220,195,587,2,下位,0,133,121
1393,810,61,1348,6686,0,3,1418,220,195,587,2,下位,0,498,117
583,583,0,1348,6686,0,4,2228,220,195,587,2,下位,0,810,61
1044,973,123,114,191,0,0,0,2811,6738,752,11,上位,0,0,0
71,71,0,114,191,0,1,973,2811,6738,752,11,上位,0,973,123
731,268,117,94,150,0,0,0,1044,243,-566,2,下位,0,0,0
463,463,0,94,150,0,1,268,1044,243,-566,2,下位,0,268,117
245,245,0,148,216,0,0,0,731,202,-1426,2,下位,0,0,0
180,180,0,53,60,1,0,0,0,0,1,0,下位,0,0,0
309,309,0,110,136,0,0,0,180,112,-177,1,下位,0,0,0
1230,257,63,168,256,0,0,0,309,188,-487,2,下位,0,0,0
973,973,0,168,256,0,1,257,309,188,-487,2,下位,0,257,63
747,747,0,113,197,1,0,0,0,0,1,0,下位,0,0,0
945,945,0,80,89,0,0,0,747,249,-955,3,下位,0,0,0
701,701,0,163,173,1,0,0,0,0,1,0,下位,0,0,0
234,234,0,123,251,0,0,0,701,225,-905,4,下位,0,0,0
404,239,63,58,53,1,0,0,0,0,1,0,下位,0,0,0
165,165,0,58,53,1,1,239,0,0,1,0,下位,0,239,63
581,581,0,74,33,0,0,0,404,105,-482,1,下位,0,0,0
224,224,0,110,176,0,0,0,581,85,-1334,1,下位,0,0,0
255,216,115,1141,5666,1,0,0,0,0,1,0,下位,0,0,0
39,39,0,1141,5666,1,1,216,0,0,1,0,下位,0,216,115
867,867,0,77,176,0,0,0,255,5718,754,9,上位,0,0,0
217,217,0,170,242,0,0,0,867,228,-416,1,下位,0,0,0
70,70,0,611,3024,0,0,0,217,294,-472,3,下位,0,0,0
692,692,0,84,87,1,0,0,0,0,1,0,下位,0,0,0
303,303,0,92,150,0,0,0,692,139,-976,1,下位,0,0,0
233,233,0,71,106,0,0,0,303,202,-1263,2,下位,0,0,0
213,213,0,59,46,0,0,0,233,158,-1481,1,下位,0,0,0
799,799,0,141,211,0,0,0,213,98,-1727,1,下位,0,0,0
241,241,0,98,133,1,0,0,0,0,1,0,下位,0,0,0
209,209,0,132,156,0,0,0,241,185,-203,2,下位,0,0,0
438,438,0,131,233,0,0,0,209,208,-332,3,下位,0,0,0
967,967,0,102,122,0,0,0,438,285,-753,2,下位,0,0,0
265,265,0,90,224,0,0,0,967,174,-2139,2,下位,0,0,0
284,284,0,156,259,0,0,0,265,276,-2290,2,下位,0,0,0
823,823,0,1292,6740,0,0,0,284,311,-2437,3,下位,0,0,0
72,72,0,60,57,0,0,0,823,6792,768,12,上位,0,0,0
324,324,0,955,4338,1,0,0,0,0,1,0,下位,0,0,0
349,349,0,61,50,0,0,0,324,4390,748,10,上位,0,0,0
474,198,59,85,153,0,0,0,349,102,287,1,下位,0,0,0
276,276,0,85,153,0,1,198,349,102,287,1,下位,0,198,59
263,263,0,115,329,0,0,0,474,205,-213,2,下位,0,0,0
965,965,0,96,142,0,0,0,263,381,-256,3,下位,0,0,0
157,157,0,156,346,0,0,0,965,194,-1618,1,下位,0,0,0
231,231,0,74,31,1,0,0,0,0,1,0,下位,0,0,0
968,968,0,66,116,0,0,0,231,83,-289,1,下位,0,0,0
419,419,0,157,349,0,0,0,968,168,-1682,1,下位,0,0,0
497,497,0,74,160,1,0,0,0,0,1,0,下位,0,0,0
138,138,0,92,72,0,0,0,497,212,-589,1,下位,0,0,0
127,127,0,140,450,0,0,0,138,124,-688,1,下位,0,0,0
498,339,58,82,99,0,0,0,127,502,-391,4,下位,0,0,0
159,159,0,82,99,0,1,339,127,502,-391,4,下位,0,339,58
425,425,0,162,254,0,0,0,498,151,-985,1,下位,0,0,0
915,68,119,70,121,0,0,0,425,306,-1364,3,下位,0,0,0
847,847,0,70,121,0,1,68,425,306,-1364,3,下位,0,68,119
390,390,0,149,185,0,0,0,915,173,-2548,1,下位,0,0,0
345,345,0,99,138,0,0,0,390,237,-2940,3,下位,0,0,0
472,472,0,141,233,0,0,0,345,190,-3306,2,下位,0,0,0
2855,121,392,64,43,0,0,0,472,285,-3782,3,下位,0,0,0
2734,126,333,64,43,0,1,121,472,285,-3782,3,下位,0,121,59
2608,907,218,64,43,0,2,247,472,285,-3782,3,下位,0,126,115
1701,373,163,64,43,0,3,1154,472,285,-3782,3,下位,0,907,55
1328,970,48,64,43,0,4,1527,472,285,-3782,3,下位,0,373,115
358,358,0,64,43,0,5,2497,472,285,-3782,3,下位,0,970,48
766,766,0,161,332,0,0,0,2855,95,-7900,1,下位,0,0,0
167,167,0,58,60,1,0,0,0,0,1,0,下位,0,0,0
533,533,0,109,125,0,0,0,167,112,-156,1,下位,0,0,0
593,593,0,100,122,0,0,0,533,177,-839,2,下位,0,0,0
698,698,0,150,356,1,0,0,0,0,1,0,下位,0,0,0
240,240,0,97,215,0,0,0,698,408,-717,3,下位,0,0,0
442,442,0,128,92,0,0,0,240,267,-837,2,下位,0,0,0
124,124,0,65,108,0,0,0,442,144,-1406,2,下位,0,0,0
1555,468,180,82,94,0,0,0,124,160,-1446,1,下位,0,0,0
1087,853,63,82,94,0,1,468,124,160,-1446,1,下位,0,468,117
234,234,0,82,94,0,2,1321,124,160,-1446,1,下位,0,853,63
679,679,0,75,27,0,0,0,1555,146,-3628,1,下位,0,0,0
345,345,0,110,274,0,0,0,679,79,-4644,1,下位,0,0,0
618,495,61,143,148,1,0,0,0,0,1,0,下位,0,0,0
123,123,0,143,148,1,1,495,0,0,1,0,下位,0,495,61
146,146,0,137,384,0,0,0,618,200,-734,3,下位,0,0,0
67,67,0,979,5265,0,0,0,146,436,-533,4,下位,0,0,0
562,562,0,83,92,0,0,0,67,3846,763,5,上位,0,0,0
353,353,0,98,148,0,0,0,562,144,1,2,下位,0,0,0
262,262,0,186,363,0,0,0,353,200,-368,1,下位,0,0,0
38,38,0,172,155,1,0,0,0,0,1,0,下位,0,0,0
963,963,0,87,159,0,0,0,38,207,147,4,下位,0,0,0
240,240,0,65,35,0,0,0,963,211,-1195,2,下位,0,0,0
819,95,115,1320,6579,0,0,0,240,87,-1495,1,下位,0,0,0
724,724,0,1320,6579,0,1,95,240,87,-1495,1,下位,0,95,115
1683,644,169,58,58,0,0,0,819,6631,758,12,上位,0,0,0
1039,204,54,58,58,0,1,644,819,6631,758,12,上位,0,644,115
835,835,0,58,58,0,2,848,819,6631,758,12,上位,0,204,54
222,222,0,74,107,1,0,0,0,0,1,0,下位,0,0,0
196,196,0,121,108,0,0,0,222,159,-198,1,下位,0,0,0
704,704,0,86,152,1,0,0,0,0,1,0,下位,0,0,0
232,232,0,166,257,0,0,0,704,204,-930,1,下位,0,0,0
886,886,0,85,147,0,0,0,232,309,-995,4,下位,0,0,0
2421,288,291,135,226,0,0,0,886,199,-2225,2,下位,0,0,0
2133,703,236,135,226,0,1,288,886,199,-2225,2,下位,0,288,55
1430,966,117,135,226,0,2,991,886,199,-2225,2,下位,0,703,119
464,464,0,135,226,0,3,1957,886,199,-2225,2,下位,0,966,117
834,834,0,126,167,0,0,0,2421,278,-5561,4,下位,0,0,0
215,215,0,849,4195,1,0,0,0,0,1,0,下位,0,0,0
254,254,0,111,117,1,0,0,0,0,1,0,下位,0,0,0
372,372,0,160,188,0,0,0,254,169,-240,2,下位,0,0,0
393,393,0,123,74,0,0,0,372,240,-600,4,下位,0,0,0
95,95,0,1398,7350,0,0,0,393,126,-1108,3,下位,0,0,0
606,606,0,112,125,0,0,0,95,7402,759,11,上位,0,0,0
1236,968,63,102,129,0,0,0,606,177,-41,2,下位,0,0,0
268,268,0,102,129,0,1,968,606,177,-41,2,下位,0,968,63
362,362,0,66,119,1,0,0,0,0,1,0,下位,0,0,0
210,210,0,117,175,0,0,0,362,171,-412,1,下位,0,0,0
200,200,0,68,118,1,0,0,0,0,1,0,下位,0,0,0
271,271,0,74,103,0,0,0,200,170,-152,1,下位,0,0,0
964,964,0,94,143,0,0,0,271,155,-434,1,下位,0,0,0
968,968,0,96,134,0,0,0,964,195,-1794,2,下位,0,0,0
935,935,0,92,139,0,0,0,968,186,-3169,2,下位,0,0,0
1518,962,113,128,91,0,0,0,935,191,-4486,1,下位,0,0,0
556,556,0,128,91,0,1,962,935,191,-4486,1,下位,0,962,113
64,64,0,80,132,0,0,0,1518,143,-6679,3,下位,0,0,0
898,898,0,100,143,0,0,0,64,184,-6598,1,下位,0,0,0
33,33,0,142,228,1,0,0,0,0,1,0,下位,0,0,0
403,403,0,102,131,0,0,0,33,280,228,3,下位,0,0,0
911,911,0,107,121,0,0,0,403,183,-239,2,下位,0,0,0
363,363,0,67,38,0,0,0,911,173,-1535,2,下位,0,0,0
82,82,0,130,241,0,0,0,363,90,-2030,1,下位,0,0,0
330,330,0,923,4393,1,0,0,0,0,1,0,下位,0,0,0
1519,337,116,119,182,0,0,0,330,4445,741,10,上位,0,0,0
1182,207,55,119,182,0,1,337,330,4445,741,10,上位,0,337,61
975,975,0,119,182,0,2,544,330,4445,741,10,上位,0,207,55
362,362,0,93,70,0,0,0,1519,234,-1360,2,下位,0,0,0
750,750,0,73,107,0,0,0,362,122,-1822,1,下位,0,0,0
953,953,0,1204,5818,0,0,0,750,159,-2873,1,下位,0,0,0
610,610,0,198,341,1,0,0,0,0,1,0,下位,0,0,0
1850,945,121,94,74,0,0,0,610,393,-590,4,下位,0,0,0
905,905,0,94,74,0,1,945,610,393,-590,4,下位,0,945,121
355,66,174,1432,7525,0,0,0,1850,126,-3327,1,下位,0,0,0
289,235,117,1432,7525,0,1,66,1850,126,-3327,1,下位,0,66,57
54,54,0,1432,7525,0,2,301,1850,126,-3327,1,下位,0,235,117
1195,423,170,119,114,1,0,0,0,0,1,0,下位,0,0,0
772,378,53,119,114,1,1,423,0,0,1,0,下位,0,423,117
394,394,0,119,114,1,2,801,0,0,1,0,下位,0,378,53
1224,259,61,146,293,0,0,0,1195,166,-1590,3,下位,0,0,0
965,965,0,146,293,0,1,259,1195,166,-1590,3,下位,0,259,61
176,176,0,203,284,1,0,0,0,0,1,0,下位,0,0,0
578,208,117,110,281,0,0,0,176,336,53,4,下位,0,0,0
370,370,0,110,281,0,1,208,176,336,53,4,下位,0,208,117
236,236,0,156,419,0,0,0,578,333,-429,2,下位,0,0,0
276,276,0,82,160,0,0,0,236,471,-339,4,下位,0,0,0
802,802,0,66,49,1,0,0,0,0,1,0,下位,0,0,0
777,777,0,84,89,0,0,0,802,101,-1192,1,下位,0,0,0
218,218,0,124,244,0,0,0,777,141,-2304,1,下位,0,0,0
674,303,57,152,204,1,0,0,0,0,1,0,下位,0,0,0
371,371,0,152,204,1,1,303,0,0,1,0,下位,0,303,57
326,326,0,933,4377,0,0,0,674,256,-773,2,下位,0,0,0
91,91,0,120,178,0,0,0,326,4429,757,9,上位,0,0,0
446,304,119,102,142,0,0,0,91,230,840,2,下位,0,0,0
142,142,0,102,142,0,1,304,91,230,840,2,下位,0,304,119
280,280,0,104,136,0,0,0,446,194,434,1,下位,0,0,0
760,760,0,131,308,0,0,0,280,188,170,1,下位,0,0,0
177,177,0,854,4075,0,0,0,760,360,-696,3,下位,0,0,0
267,267,0,78,22,0,0,0,177,4127,745,7,上位,0,0,0
1475,280,172,100,204,0,0,0,267,74,388,1,下位,0,0,0
1195,725,59,100,204,0,1,280,267,74,388,1,下位,0,280,113
470,470,0,100,204,0,2,1005,267,74,388,1,下位,0,725,59
824,824,0,60,63,0,0,0,1475,256,-1563,3,下位,0,0,0
498,498,0,108,183,1,0,0,0,0,1,0,下位,0,0,0
66,66,0,66,38,0,0,0,498,235,-567,2,下位,0,0,0
741,543,121,94,134,0,0,0,66,90,-583,1,下位,0,0,0
198,198,0,94,134,0,1,543,66,90,-583,1,下位,0,543,121
727,727,0,142,281,0,0,0,741,186,-1471,2,下位,0,0,0
158,158,0,114,125,0,0,0,727,333,-2311,3,下位,0,0,0
715,715,0,192,286,1,0,0,0,0,1,0,下位,0,0,0
1431,592,172,165,239,0,0,0,715,338,-814,4,下位,0,0,0
839,238,115,165,239,0,1,592,715,338,-814,4,下位,0,592,57
601,601,0,165,239,0,2,830,715,338,-814,4,下位,0,238,115
305,305,0,102,142,1,0,0,0,0,1,0,下位,0,0,0
282,282,0,961,4564,0,0,0,305,194,-297,1,下位,0,0,0
748,748,0,74,105,1,0,0,0,0,1,0,下位,0,0,0
1154,190,59,1341,6655,0,0,0,748,157,-1048,1,下位,0,0,0
964,964,0,1341,6655,0,1,190,748,157,-1048,1,下位,0,190,59
282,282,0,170,170,1,0,0,0,0,1,0,下位,0,0,0
288,288,0,86,91,0,0,0,282,222,-232,3,下位,0,0,0
523,523,0,76,99,1,0,0,0,0,1,0,下位,0,0,0
155,155,0,93,74,1,0,0,0,0,1,0,下位,0,0,0
745,745,0,65,120,0,0,0,155,126,-123,2,下位,0,0,0
671,671,0,146,203,0,0,0,745,172,-1153,1,下位,0,0,0
968,968,0,160,189,0,0,0,671,255,-1980,3,下位,0,0,0
799,799,0,70,33,0,0,0,968,241,-3300,4,下位,0,0,0
107,107,0,156,117,1,0,0,0,0,1,0,下位,0,0,0
964,964,0,151,208,0,0,0,107,169,-3,3,下位,0,0,0
819,819,0,147,360,1,0,0,0,0,1,0,下位,0,0,0
473,473,0,66,112,0,0,0,819,412,-908,3,下位,0,0,0
177,177,0,94,136,1,0,0,0,0,1,0,下位,0,0,0
1072,730,63,110,122,0,0,0,177,188,-96,2,下位,0,0,0
342,342,0,110,122,0,1,730,177,188,-96,2,下位,0,730,63
1005,325,117,84,91,0,0,0,1072,174,-1588,2,下位,0,0,0
680,680,0,84,91,0,1,325,1072,174,-1588,2,下位,0,325,117
673,673,0,69,113,0,0,0,1005,143,-2949,1,下位,0,0,0
123,123,0,1485,7907,0,0,0,673,165,-3869,1,下位,0,0,0
1092,567,61,94,157,1,0,0,0,0,1,0,下位,0,0,0
525,525,0,94,157,1,1,567,0,0,1,0,下位,0,567,61
96,96,0,1192,5670,1,0,0,0,0,1,0,下位,0,0,0
299,299,0,72,101,1,0,0,0,0,1,0,下位,0,0,0
491,491,0,90,149,1,0,0,0,0,1,0,下位,0,0,0
236,236,0,88,158,0,0,0,491,201,-590,1,下位,0,0,0
457,457,0,64,103,0,0,0,236,210,-761,3,下位,0,0,0
236,236,0,1632,8638,0,0,0,457,155,-1343,1,下位,0,0,0
2015,350,242,198,351,0,0,0,236,8690,756,15,上位,0,0,0
1665,692,121,198,351,0,1,350,236,8690,756,15,上位,0,350,121
973,973,0,198,351,0,2,1042,236,8690,756,15,上位,0,692,121
30,30,0,102,132,1,0,0,0,0,1,0,下位,0,0,0
882,706,55,95,60,1,0,0,0,0,1,0,下位,0,0,0
176,176,0,95,60,1,1,706,0,0,1,0,下位,0,706,55
334,334,0,61,55,0,0,0,882,112,-1255,2,下位,0,0,0
1106,347,117,104,194,0,0,0,334,107,-1687,1,下位,0,0,0
759,759,0,104,194,0,1,347,334,107,-1687,1,下位,0,347,117
130,130,0,70,107,1,0,0,0,0,1,0,下位,0,0,0
903,903,0,1073,5271,0,0,0,130,159,-50,1,下位,0,0,0
229,229,0,96,148,0,0,0,903,5323,743,11,上位,0,0,0
678,678,0,84,161,1,0,0,0,0,1,0,下位,0,0,0
593,593,0,1103,5617,0,0,0,678,213,-880,2,下位,0,0,0
811,811,0,86,161,1,0,0,0,0,1,0,下位,0,0,0
243,243,0,84,77,0,0,0,811,213,-1094,2,下位,0,0,0
219,219,0,120,257,0,0,0,243,129,-1357,1,下位,0,0,0
967,967,0,84,93,0,0,0,219,309,-1401,3,下位,0,0,0
964,964,0,132,298,0,0,0,967,145,-2816,1,下位,0,0,0
1488,859,116,1370,6784,1,0,0,0,0,1,0,下位,0,0,0
629,341,59,1370,6784,1,1,859,0,0,1,0,下位,0,859,57
288,288,0,1370,6784,1,2,1200,0,0,1,0,下位,0,341,59
323,323,0,72,109,1,0,0,0,0,1,0,下位,0,0,0
355,355,0,95,138,0,0,0,323,161,-359,2,下位,0,0,0
414,414,0,57,62,0,0,0,355,190,-742,1,下位,0,0,0
1638,37,172,899,4228,1,0,0,0,0,1,0,下位,0,0,0
1601,965,115,899,4228,1,1,37,0,0,1,0,下位,0,37,57
636,636,0,899,4228,1,2,1002,0,0,1,0,下位,0,965,115
540,540,0,92,82,1,0,0,0,0,1,0,下位,0,0,0
802,802,0,77,170,1,0,0,0,0,1,0,下位,0,0,0
958,38,117,1579,7922,0,0,0,802,222,-1071,1,下位,0,0,0
920,920,0,1579,7922,0,1,38,802,222,-1071,1,下位,0,38,117
1507,863,161,938,4320,1,0,0,0,0,1,0,下位,0,0,0
644,171,106,938,4320,1,1,863,0,0,1,0,下位,0,863,55
473,135,49,938,4320,1,2,1034,0,0,1,0,下位,0,171,57
338,338,0,938,4320,1,3,1169,0,0,1,0,下位,0,135,49
633,303,57,71,32,0,0,0,1507,4372,760,10,上位,0,0,0
330,330,0,71,32,0,1,303,1507,4372,760,10,上位,0,303,57
341,341,0,80,173,1,0,0,0,0,1,0,下位,0,0,0
133,133,0,184,228,0,0,0,341,225,-324,1,下位,0,0,0
881,881,0,80,86,0,0,0,133,280,-259,5,下位,0,0,0
699,699,0,70,37,0,0,0,881,138,-1542,1,下位,0,0,0
964,964,0,68,111,0,0,0,699,89,-2580,1,下位,0,0,0
127,127,0,873,3989,1,0,0,0,0,1,0,下位,0,0,0
371,371,0,95,136,0,0,0,127,4041,746,9,上位,0,0,0
1993,230,185,1567,7619,1,0,0,0,0,1,0,下位,0,0,0
1763,747,122,1567,7619,1,1,230,0,0,1,0,下位,0,230,63
1016,806,63,1567,7619,1,2,977,0,0,1,0,下位,0,747,59
210,210,0,1567,7619,1,3,1783,0,0,1,0,下位,0,806,63
950,950,0,98,148,0,0,0,1993,7671,757,14,上位,0,0,0
417,417,0,91,77,1,0,0,0,0,1,0,下位,0,0,0
894,78,61,1202,5765,0,0,0,417,129,-543,2,下位,0,0,0
816,816,0,1202,5765,0,1,78,417,129,-543,2,下位,0,78,61
431,431,0,86,89,0,0,0,894,5817,767,13,上位,0,0,0
414,147,63,72,116,0,0,0,431,141,213,1,下位,0,0,0
267,267,0,72,116,0,1,147,431,141,213,1,下位,0,147,63
322,322,0,151,273,0,0,0,414,168,-224,1,下位,0,0,0
690,690,0,78,117,1,0,0,0,0,1,0,下位,0,0,0
270,270,0,76,105,0,0,0,690,169,-943,2,下位,0,0,0
793,793,0,1262,6284,0,0,0,270,157,-1221,1,下位,0,0,0
528,528,0,172,327,1,0,0,0,0,1,0,下位,0,0,0
1270,911,61,92,70,0,0,0,528,379,-472,3,下位,0,0,0
359,359,0,92,70,0,1,911,528,379,-472,3,下位,0,911,61
930,930,0,131,224,0,0,0,1270,122,-2337,1,下位,0,0,0
967,967,0,84,71,0,0,0,930,276,-3561,3,下位,0,0,0
1681,942,345,126,169,0,0,0,967,123,-4998,2,下位,0,0,0
739,426,226,126,169,0,1,942,967,123,-4998,2,下位,0,942,119
313,200,113,126,169,0,2,1368,967,123,-4998,2,下位,0,426,113
113,113,0,126,169,0,3,1568,967,123,-4998,2,下位,0,200,113
640,640,0,69,107,1,0,0,0,0,1,0,下位,0,0,0
750,750,0,67,97,0,0,0,640,159,-872,1,下位,0,0,0
610,610,0,79,167,0,0,0,750,149,-1933,1,下位,0,0,0
829,829,0,104,145,0,0,0,610,219,-2698,1,下位,0,0,0
300,300,0,166,250,1,0,0,0,0,1,0,下位,0,0,0
210,210,0,57,47,0,0,0,300,302,-181,5,下位,0,0,0
508,433,123,1049,4936,0,0,0,210,99,-421,1,下位,0,0,0
75,75,0,1049,4936,0,1,433,210,99,-421,1,下位,0,433,123
1311,393,59,148,198,0,0,0,508,4988,760,10,上位,0,0,0
918,918,0,148,198,0,1,393,508,4988,760,10,上位,0,393,59
175,175,0,164,258,0,0,0,1311,250,-1046,3,下位,0,0,0
130,130,0,162,180,0,0,0,175,310,-1018,4,下位,0,0,0
1219,132,118,152,275,0,0,0,130,232,-996,3,下位,0,0,0
1087,483,61,152,275,0,1,132,130,232,-996,3,下位,0,132,57
604,604,0,152,275,0,2,615,130,232,-996,3,下位,0,483,61
710,710,0,101,132,1,0,0,0,0,1,0,下位,0,0,0
926,926,0,116,264,0,0,0,710,184,-960,2,下位,0,0,0
905,905,0,138,157,0,0,0,926,316,-2138,3,下位,0,0,0
752,752,0,101,135,0,0,0,905,209,-3389,2,下位,0,0,0
199,199,0,108,132,0,0,0,752,187,-4415,2,下位,0,0,0
450,450,0,72,100,1,0,0,0,0,1,0,下位,0,0,0
179,179,0,178,284,0,0,0,450,152,-573,1,下位,0,0,0
340,340,0,126,162,0,0,0,179,336,-526,5,下位,0,0,0
455,455,0,74,86,0,0,0,340,214,-860,2,下位,0,0,0
388,388,0,74,190,0,0,0,455,138,-1456,2,下位,0,0,0
533,336,61,102,137,0,0,0,388,242,-1840,1,下位,0,0,0
197,197,0,102,137,0,1,336,388,242,-1840,1,下位,0,336,61
360,360,0,68,109,0,0,0,533,189,-2450,2,下位,0,0,0
552,552,0,120,180,1,0,0,0,0,1,0,下位,0,0,0
621,621,0,101,126,1,0,0,0,0,1,0,下位,0,0,0
93,93,0,1261,6330,0,0,0,621,178,-823,1,下位,0,0,0
174,174,0,72,99,0,0,0,93,6382,760,9,上位,0,0,0
881,881,0,66,116,0,0,0,174,151,630,1,下位,0,0,0
816,816,0,130,82,0,0,0,881,168,-623,1,下位,0,0,0
910,910,0,89,148,1,0,0,0,0,1,0,下位,0,0,0
666,666,0,163,290,1,0,0,0,0,1,0,下位,0,0,0
734,734,0,108,191,1,0,0,0,0,1,0,下位,0,0,0
217,217,0,86,76,0,0,0,734,243,-940,3,下位,0,0,0
509,193,121,134,159,0,0,0,217,128,-1162,2,下位,0,0,0
316,316,0,134,159,0,1,193,217,128,-1162,2,下位,0,193,121
967,967,0,123,316,0,0,0,509,211,-1651,3,下位,0,0,0
430,430,0,210,335,1,0,0,0,0,1,0,下位,0,0,0
601,601,0,143,290,1,0,0,0,0,1,0,下位,0,0,0
191,191,0,122,159,0,0,0,601,342,-626,3,下位,0,0,0
242,242,0,178,316,1,0,0,0,0,1,0,下位,0,0,0
703,703,0,74,107,1,0,0,0,0,1,0,下位,0,0,0
739,739,0,1584,8260,0,0,0,703,159,-974,1,下位,0,0,0
794,794,0,59,45,0,0,0,739,8312,750,14,上位,0,0,0
254,254,0,83,87,0,0,0,794,97,-434,1,下位,0,0,0
583,583,0,106,201,1,0,0,0,0,1,0,下位,0,0,0
656,109,113,100,138,1,0,0,0,0,1,0,下位,0,0,0
547,547,0,100,138,1,1,109,0,0,1,0,下位,0,109,113
411,411,0,866,4512,1,0,0,0,0,1,0,下位,0,0,0
186,186,0,936,4160,1,0,0,0,0,1,0,下位,0,0,0
262,262,0,72,34,1,0,0,0,0,1,0,下位,0,0,0
821,821,0,57,53,0,0,0,262,86,-336,1,下位,0,0,0
121,121,0,94,155,0,0,0,821,105,-1555,1,下位,0,0,0
9,9,0,68,116,1,0,0,0,0,1,0,下位,0,0,0
1448,110,237,1186,5731,0,0,0,9,168,154,1,下位,0,0,0
1338,191,174,1186,5731,0,1,110,9,168,154,1,下位,0,110,63
1147,973,121,1186,5731,0,2,301,9,168,154,1,下位,0,191,53
174,174,0,1186,5731,0,3,1274,9,168,154,1,下位,0,973,121
536,536,0,155,182,0,0,0,1448,5783,745,12,上位,0,0,0
56,56,0,925,4623,0,0,0,536,234,114,3,下位,0,0,0
585,155,119,120,176,1,0,0,0,0,1,0,下位,0,0,0
430,430,0,120,176,1,1,155,0,0,1,0,下位,0,155,119
707,707,0,146,201,0,0,0,585,228,-596,3,下位,0,0,0
446,446,0,209,258,0,0,0,707,253,-1483,3,下位,0,0,0
344,344,0,101,137,0,0,0,446,310,-1892,5,下位,0,0,0
83,83,0,87,166,1,0,0,0,0,1,0,下位,0,0,0
852,325,63,168,318,0,0,0,83,218,85,2,下位,0,0,0
527,527,0,168,318,0,1,325,83,218,85,2,下位,0,325,63
2257,320,114,106,132,0,0,0,852,370,-856,3,下位,0,0,0
1937,973,55,106,132,0,1,320,852,370,-856,3,下位,0,320,59
964,964,0,106,132,0,2,1293,852,370,-856,3,下位,0,973,55
971,971,0,64,37,0,0,0,2257,184,-4198,2,下位,0,0,0
270,270,0,64,45,1,0,0,0,0,1,0,下位,0,0,0
1100,798,113,160,175,0,0,0,270,97,-337,1,下位,0,0,0
302,302,0,160,175,0,1,798,270,97,-337,1,下位,0,798,113
720,254,58,204,186,0,0,0,1100,227,-1771,4,下位,0,0,0
466,466,0,204,186,0,1,254,1100,227,-1771,4,下位,0,254,58
395,134,121,125,229,0,0,0,720,238,-2637,5,下位,0,0,0
261,261,0,125,229,0,1,134,720,238,-2637,5,下位,0,134,121
37,37,0,59,55,0,0,0,395,281,-2872,4,下位,0,0,0
242,242,0,58,29,0,0,0,37,107,-2825,1,下位,0,0,0
537,537,0,79,173,0,0,0,242,81,-3134,1,下位,0,0,0
963,963,0,108,135,0,0,0,537,225,-3775,1,下位,0,0,0
473,473,0,1102,5325,1,0,0,0,0,1,0,下位,0,0,0
204,204,0,87,147,0,0,0,473,5377,751,10,上位,0,0,0
1136,449,238,158,410,0,0,0,204,199,621,1,下位,0,0,0
687,454,121,158,410,0,1,449,204,199,621,1,下位,0,449,117
233,233,0,158,410,0,2,903,204,199,621,1,下位,0,454,121
1222,253,63,97,144,0,0,0,1136,462,-511,4,下位,0,0,0
969,969,0,97,144,0,1,253,1136,462,-511,4,下位,0,253,63
483,483,0,64,53,1,0,0,0,0,1,0,下位,0,0,0
191,191,0,157,270,0,0,0,483,105,-673,1,下位,0,0,0
389,389,0,872,4330,0,0,0,191,322,-659,4,下位,0,0,0
1044,80,119,135,214,0,0,0,389,4382,766,9,上位,0,0,0
964,964,0,135,214,0,1,80,389,4382,766,9,上位,0,80,119
524,524,0,147,282,0,0,0,1044,266,-533,2,下位,0,0,0
426,426,0,74,105,0,0,0,524,334,-1044,3,下位,0,0,0
261,98,57,99,133,1,0,0,0,0,1,0,下位,0,0,0
163,163,0,99,133,1,1,98,0,0,1,0,下位,0,98,57
188,188,0,75,109,1,0,0,0,0,1,0,下位,0,0,0
666,666,0,77,170,1,0,0,0,0,1,0,下位,0,0,0
958,958,0,92,149,0,0,0,666,222,-851,1,下位,0,0,0
800,800,0,1054,5150,1,0,0,0,0,1,0,下位,0,0,0
498,498,0,83,170,1,0,0,0,0,1,0,下位,0,0,0
964,964,0,154,328,0,0,0,498,222,-580,1,下位,0,0,0
962,962,0,103,136,0,0,0,964,380,-1755,4,下位,0,0,0
53,53,0,68,109,1,0,0,0,0,1,0,下位,0,0,0
487,487,0,127,236,0,0,0,53,161,77,1,下位,0,0,0
895,895,0,92,150,0,0,0,487,288,-420,3,下位,0,0,0
977,977,0,81,97,0,0,0,895,202,-1662,2,下位,0,0,0
762,762,0,139,234,1,0,0,0,0,1,0,下位,0,0,0
310,310,0,82,88,0,0,0,762,286,-942,3,下位,0,0,0
434,434,0,58,47,0,0,0,310,140,-1302,1,下位,0,0,0
518,518,0,161,330,0,0,0,434,99,-1903,1,下位,0,0,0
729,729,0,77,104,0,0,0,518,382,-2356,3,下位,0,0,0
114,114,0,85,93,0,0,0,729,156,-3376,1,下位,0,0,0
621,621,0,85,160,0,0,0,114,145,-3415,1,下位,0,0,0
818,818,0,64,86,0,0,0,621,212,-4205,2,下位,0,0,0
1289,467,59,135,229,1,0,0,0,0,1,0,下位,0,0,0
822,822,0,135,229,1,1,467,0,0,1,0,下位,0,467,59
184,184,0,1188,5874,0,0,0,1289,281,-1738,3,下位,0,0,0
974,974,0,53,63,0,0,0,184,5926,758,11,上位,0,0,0
1078,800,113,65,39,0,0,0,974,115,-698,1,下位,0,0,0
278,278,0,65,39,0,1,800,974,115,-698,1,下位,0,800,113
394,394,0,62,113,1,0,0,0,0,1,0,下位,0,0,0
962,962,0,82,177,0,0,0,394,165,-469,1,下位,0,0,0
490,91,120,74,97,0,0,0,962,229,-1792,1,下位,0,0,0
399,94,59,74,97,0,1,91,962,229,-1792,1,下位,0,91,61
305,305,0,74,97,0,2,185,962,229,-1792,1,下位,0,94,59
181,181,0,1101,5645,0,0,0,490,149,-2314,1,下位,0,0,0
502,502,0,121,176,0,0,0,181,5697,769,10,上位,0,0,0
444,289,59,139,302,0,0,0,502,228,187,2,下位,0,0,0
155,155,0,139,302,0,1,289,502,228,187,2,下位,0,289,59
316,316,0,76,107,0,0,0,444,354,-116,3,下位,0,0,0
248,248,0,780,3587,0,0,0,316,159,-467,1,下位,0,0,0
1199,970,121,100,139,0,0,0,248,3639,767,8,上位,0,0,0
229,229,0,100,139,0,1,970,248,3639,767,8,上位,0,970,121
349,151,59,118,105,1,0,0,0,0,1,0,下位,0,0,0
198,198,0,118,105,1,1,151,0,0,1,0,下位,0,151,59
194,194,0,931,4481,0,0,0,349,157,-346,2,下位,0,0,0
969,969,0,59,59,0,0,0,194,4533,751,9,上位,0,0,0
966,966,0,94,138,0,0,0,969,111,-701,1,下位,0,0,0
1476,643,115,218,317,0,0,0,966,190,-2069,2,下位,0,0,0
833,833,0,218,317,0,1,643,966,190,-2069,2,下位,0,643,115
175,175,0,1022,5143,0,0,0,1476,369,-3966,5,下位,0,0,0
143,143,0,68,107,1,0,0,0,0,1,0,下位,0,0,0
917,917,0,144,207,0,0,0,143,159,-71,1,下位,0,0,0
773,773,0,1976,10212,0,0,0,917,259,-1291,3,下位,0,0,0
356,356,0,98,202,0,0,0,773,10264,762,16,上位,0,0,0
392,392,0,154,347,0,0,0,356,254,442,2,下位,0,0,0
973,973,0,148,208,0,0,0,392,399,209,3,下位,0,0,0
298,298,0,72,108,1,0,0,0,0,1,0,下位,0,0,0
204,204,0,973,4490,0,0,0,298,160,-320,1,下位,0,0,0
263,263,0,652,2822,0,0,0,204,4542,764,8,上位,0,0,0
370,370,0,180,235,0,0,0,263,2874,756,7,上位,0,0,0
1474,503,117,118,193,0,0,0,370,287,446,3,下位,0,0,0
971,971,0,118,193,0,1,503,370,287,446,3,下位,0,503,117
812,812,0,84,156,0,0,0,1474,245,-1569,3,下位,0,0,0
879,879,0,132,236,0,0,0,812,208,-2671,2,下位,0,0,0
149,149,0,82,84,0,0,0,879,288,-3801,3,下位,0,0,0
416,213,41,122,257,0,0,0,149,136,-3905,1,下位,0,0,0
203,203,0,122,257,0,1,213,149,136,-3905,1,下位,0,213,41
287,287,0,81,95,0,0,0,416,309,-4226,3,下位,0,0,0
666,666,0,109,265,1,0,0,0,0,1,0,下位,0,0,0
184,184,0,90,158,0,0,0,666,317,-756,3,下位,0,0,0
569,569,0,93,149,0,0,0,184,210,-843,2,下位,0,0,0
1197,956,61,128,238,0,0,0,569,201,-1560,1,下位,0,0,0
241,241,0,128,238,0,1,956,569,201,-1560,1,下位,0,956,61
94,94,0,146,216,1,0,0,0,0,1,0,下位,0,0,0
943,943,0,1701,8264,0,0,0,94,268,117,3,下位,0,0,0
1396,765,59,160,266,0,0,0,943,8316,758,15,上位,0,0,0
631,631,0,160,266,0,1,765,943,8316,758,15,上位,0,765,59
965,965,0,67,36,0,0,0,1396,318,-1117,3,下位,0,0,0
347,347,0,120,171,1,0,0,0,0,1,0,下位,0,0,0
1076,153,117,80,173,0,0,0,347,223,-336,2,下位,0,0,0
923,923,0,80,173,0,1,153,347,223,-336,2,下位,0,153,117
762,762,0,260,261,0,0,0,1076,225,-1730,1,下位,0,0,0
203,203,0,68,120,1,0,0,0,0,1,0,下位,0,0,0
206,206,0,77,28,0,0,0,203,172,-154,1,下位,0,0,0
211,211,0,200,270,0,0,0,206,80,-406,1,下位,0,0,0
359,359,0,80,97,0,0,0,211,322,-424,4,下位,0,0,0
1581,712,59,70,35,0,0,0,359,149,-854,1,下位,0,0,0
869,869,0,70,35,0,1,712,359,149,-854,1,下位,0,712,59
119,119,0,111,116,0,0,0,1581,87,-3258,1,下位,0,0,0
897,897,0,105,130,0,0,0,119,168,-3282,2,下位,0,0,0
145,145,0,112,187,0,0,0,897,182,-4547,2,下位,0,0,0
822,822,0,92,133,0,0,0,145,239,-4542,3,下位,0,0,0
477,477,0,152,353,0,0,0,822,185,-5683,1,下位,0,0,0
376,376,0,67,42,1,0,0,0,0,1,0,下位,0,0,0
541,541,0,62,48,0,0,0,376,94,-511,1,下位,0,0,0
286,286,0,153,266,0,0,0,541,100,-1284,1,下位,0,0,0
687,687,0,173,396,0,0,0,286,318,-1427,3,下位,0,0,0
446,446,0,88,158,0,0,0,687,448,-2087,5,下位,0,0,0
238,238,0,128,247,0,0,0,446,210,-2596,1,下位,0,0,0
1043,968,59,72,180,0,0,0,238,299,-2681,2,下位,0,0,0
75,75,0,72,180,0,1,968,238,299,-2681,2,下位,0,968,59
326,326,0,96,145,0,0,0,1043,232,-4072,1,下位,0,0,0
358,358,0,110,107,1,0,0,0,0,1,0,下位,0,0,0
201,201,0,1226,6097,0,0,0,358,159,-417,2,下位,0,0,0
1603,298,343,142,206,0,0,0,201,6149,762,13,上位,0,0,0
1305,724,235,142,206,0,1,298,201,6149,762,13,上位,0,298,108
581,211,117,142,206,0,2,1022,201,6149,762,13,上位,0,724,118
370,116,60,142,206,0,3,1233,201,6149,762,13,上位,0,211,57
254,254,0,142,206,0,4,1349,201,6149,762,13,上位,0,116,60
416,416,0,851,4180,0,0,0,1603,258,-1223,2,下位,0,0,0
615,615,0,1158,5530,1,0,0,0,0,1,0,下位,0,0,0
1129,931,114,121,233,0,0,0,615,5582,748,11,上位,0,0,0
198,198,0,121,233,0,1,931,615,5582,748,11,上位,0,931,114
597,201,112,114,156,0,0,0,1129,285,-674,2,下位,0,0,0
396,396,0,114,156,0,1,201,1129,285,-674,2,下位,0,201,112
287,287,0,144,195,0,0,0,597,208,-1317,2,下位,0,0,0
239,239,0,72,30,0,0,0,287,247,-1533,3,下位,0,0,0
726,726,0,148,236,0,0,0,239,82,-1836,1,下位,0,0,0
246,246,0,79,69,0,0,0,726,288,-2719,3,下位,0,0,0
631,631,0,121,86,0,0,0,246,121,-2995,1,下位,0,0,0
127,127,0,67,101,1,0,0,0,0,1,0,下位,0,0,0
223,223,0,152,171,0,0,0,127,153,-51,1,下位,0,0,0
800,637,57,1034,5159,0,0,0,223,223,-188,3,下位,0,0,0
163,163,0,1034,5159,0,1,637,223,223,-188,3,下位,0,637,57
685,358,113,72,36,0,0,0,800,5211,734,10,上位,0,0,0
327,142,56,72,36,0,1,358,800,5211,734,10,上位,0,358,57
185,185,0,72,36,0,2,500,800,5211,734,10,上位,0,142,56
974,974,0,58,64,0,0,0,685,88,-169,1,下位,0,0,0
968,968,0,127,157,0,0,0,974,116,-1624,1,下位,0,0,0
819,240,167,76,102,0,0,0,968,209,-2976,2,下位,0,0,0
579,354,55,76,102,0,1,240,968,209,-2976,2,下位,0,240,112
225,225,0,76,102,0,2,594,968,209,-2976,2,下位,0,354,55
819,819,0,90,134,1,0,0,0,0,1,0,下位,0,0,0
513,375,102,127,169,0,0,0,819,186,-1134,1,下位,0,0,0
138,138,0,127,169,0,1,375,819,186,-1134,1,下位,0,375,102
54,54,0,61,112,0,0,0,513,221,-1639,2,下位,0,0,0
699,699,0,165,224,0,0,0,54,164,-1562,1,下位,0,0,0
907,907,0,91,55,0,0,0,699,276,-2413,4,下位,0,0,0
967,967,0,114,177,0,0,0,907,107,-3769,1,下位,0,0,0
825,647,108,101,121,0,0,0,967,229,-5100,3,下位,0,0,0
178,178,0,101,121,0,1,647,967,229,-5100,3,下位,0,647,108
871,318,59,95,188,0,0,0,825,173,-6150,1,下位,0,0,0
553,553,0,95,188,0,1,318,825,173,-6150,1,下位,0,318,59
509,174,41,79,177,1,0,0,0,0,1,0,下位,0,0,0
335,335,0,79,177,1,1,174,0,0,1,0,下位,0,174,41
574,574,0,107,195,0,0,0,509,229,-550,1,下位,0,0,0
963,963,0,115,121,0,0,0,574,247,-1229,2,下位,0,0,0
977,977,0,68,109,0,0,0,963,173,-2609,3,下位,0,0,0
321,321,0,76,166,0,0,0,977,161,-4024,1,下位,0,0,0
978,978,0,91,154,1,0,0,0,0,1,0,下位,0,0,0
698,698,0,1539,7849,0,0,0,978,206,-1370,2,下位,0,0,0
1275,980,57,121,184,0,0,0,698,7901,753,13,上位,0,0,0
295,295,0,121,184,0,1,980,698,7901,753,13,上位,0,980,57
582,582,0,145,283,1,0,0,0,0,1,0,下位,0,0,0
142,142,0,102,136,0,0,0,582,335,-603,3,下位,0,0,0
481,293,119,112,197,1,0,0,0,0,1,0,下位,0,0,0
188,188,0,112,197,1,1,293,0,0,1,0,下位,0,293,119
287,287,0,162,259,0,0,0,481,249,-407,3,下位,0,0,0
687,687,0,74,27,0,0,0,287,311,-559,3,下位,0,0,0
2018,790,180,168,411,0,0,0,687,79,-1588,1,下位,0,0,0
1228,909,63,168,411,0,1,790,687,79,-1588,1,下位,0,790,117
319,319,0,168,411,0,2,1699,687,79,-1588,1,下位,0,909,63
254,254,0,135,169,1,0,0,0,0,1,0,下位,0,0,0
1931,309,223,68,109,0,0,0,254,221,-188,3,下位,0,0,0
1622,965,162,68,109,0,1,309,254,221,-188,3,下位,0,309,61
657,523,47,68,109,0,2,1274,254,221,-188,3,下位,0,965,115
134,134,0,68,109,0,3,1797,254,221,-188,3,下位,0,523,47
819,819,0,99,124,0,0,0,1931,161,-2918,1,下位,0,0,0
182,182,0,132,253,1,0,0,0,0,1,0,下位,0,0,0
796,796,0,152,334,0,0,0,182,305,12,3,下位,0,0,0
629,629,0,83,174,1,0,0,0,0,1,0,下位,0,0,0
132,132,0,107,117,0,0,0,629,226,-788,1,下位,0,0,0
615,615,0,150,196,0,0,0,132,169,-832,2,下位,0,0,0
250,58,115,993,4989,0,0,0,615,248,-1576,4,下位,0,0,0
192,192,0,993,4989,0,1,58,615,248,-1576,4,下位,0,58,115
702,702,0,107,136,1,0,0,0,0,1,0,下位,0,0,0
426,426,0,96,57,0,0,0,702,188,-943,2,下位,0,0,0
856,856,0,162,260,0,0,0,426,109,-1521,2,下位,0,0,0
446,446,0,98,197,0,0,0,856,312,-2590,4,下位,0,0,0
160,160,0,84,170,1,0,0,0,0,1,0,下位,0,0,0
239,239,0,108,206,1,0,0,0,0,1,0,下位,0,0,0
286,286,0,70,116,0,0,0,239,258,-126,2,下位,0,0,0
168,168,0,94,145,0,0,0,286,168,-419,1,下位,0,0,0
964,964,0,1052,5119,0,0,0,168,197,-493,1,下位,0,0,0
638,638,0,81,158,1,0,0,0,0,1,0,下位,0,0,0
453,453,0,112,195,0,0,0,638,210,-818,1,下位,0,0,0
338,338,0,74,29,0,0,0,453,247,-1302,2,下位,0,0,0
785,785,0,69,41,1,0,0,0,0,1,0,下位,0,0,0
1106,143,119,122,97,0,0,0,785,93,-1172,1,下位,0,0,0
963,963,0,122,97,0,1,143,785,93,-1172,1,下位,0,143,119
243,243,0,83,98,0,0,0,1106,149,-2688,2,下位,0,0,0
211,211,0,110,196,0,0,0,243,150,-2930,1,下位,0,0,0
154,154,0,76,111,1,0,0,0,0,1,0,下位,0,0,0
684,684,0,92,161,0,0,0,154,163,-84,1,下位,0,0,0
711,344,112,132,234,0,0,0,684,213,-974,2,下位,0,0,0
367,51,57,132,234,0,1,344,684,213,-974,2,下位,0,344,55
316,316,0,132,234,0,2,395,684,213,-974,2,下位,0,51,57
438,438,0,170,260,0,0,0,711,286,-1723,3,下位,0,0,0
907,907,0,56,58,0,0,0,438,312,-2117,3,下位,0,0,0
343,343,0,1369,7124,0,0,0,907,110,-3470,1,下位,0,0,0
679,679,0,158,251,1,0,0,0,0,1,0,下位,0,0,0
312,312,0,149,188,0,0,0,679,303,-791,4,下位,0,0,0
860,860,0,934,4629,0,0,0,312,240,-1054,2,下位,0,0,0
396,396,0,78,95,0,0,0,860,4681,758,9,上位,0,0,0
222,222,0,98,137,0,0,0,396,147,266,1,下位,0,0,0
200,200,0,221,302,0,0,0,222,189,97,2,下位,0,0,0
538,538,0,104,212,0,0,0,200,354,128,5,下位,0,0,0
884,172,273,67,114,0,0,0,538,264,-476,2,下位,0,0,0
712,328,174,67,114,0,1,172,538,264,-476,2,下位,0,172,99
384,291,113,67,114,0,2,500,538,264,-476,2,下位,0,328,61
93,93,0,67,114,0,3,791,538,264,-476,2,下位,0,291,113
787,787,0,90,73,1,0,0,0,0,1,0,下位,0,0,0
508,508,0,132,298,0,0,0,787,125,-1143,2,下位,0,0,0
1503,775,238,185,298,0,0,0,508,350,-1612,3,下位,0,0,0
728,348,119,185,298,0,1,775,508,350,-1612,3,下位,0,775,119
380,380,0,185,298,0,2,1123,508,350,-1612,3,下位,0,348,119
754,510,63,78,28,0,0,0,1503,350,-3448,4,下位,0,0,0
244,244,0,78,28,0,1,510,1503,350,-3448,4,下位,0,510,63
780,780,0,1458,7253,0,0,0,754,80,-4522,1,下位,0,0,0
1542,93,172,186,255,0,0,0,780,7305,757,13,上位,0,0,0
1449,482,55,186,255,0,1,93,780,7305,757,13,上位,0,93,117
967,967,0,186,255,0,2,575,780,7305,757,13,上位,0,482,55
354,354,0,150,208,1,0,0,0,0,1,0,下位,0,0,0
898,898,0,1080,5609,0,0,0,354,260,-310,3,下位,0,0,0
459,459,0,64,49,0,0,0,898,5661,771,10,上位,0,0,0
378,199,123,78,169,0,0,0,459,101,132,1,下位,0,0,0
179,179,0,78,169,0,1,199,459,101,132,1,下位,0,199,123
332,332,0,86,95,0,0,0,378,221,-134,1,下位,0,0,0
2424,123,418,119,169,0,0,0,332,147,-522,1,下位,0,0,0
2301,199,295,119,169,0,1,123,332,147,-522,1,下位,0,123,123
2102,923,178,119,169,0,2,322,332,147,-522,1,下位,0,199,117
1179,316,117,119,169,0,3,1245,332,147,-522,1,下位,0,923,61
863,863,0,119,169,0,4,1561,332,147,-522,1,下位,0,316,117
356,356,0,168,404,1,0,0,0,0,1,0,下位,0,0,0
819,819,0,160,263,0,0,0,356,456,-117,4,下位,0,0,0
347,347,0,75,31,0,0,0,819,315,-1123,3,下位,0,0,0
177,177,0,97,222,0,0,0,347,83,-1600,1,下位,0,0,0
507,319,63,116,194,0,0,0,177,274,-1611,2,下位,0,0,0
188,188,0,116,194,0,1,319,177,274,-1611,2,下位,0,319,63
1219,247,123,1507,7792,0,0,0,507,246,-2120,2,下位,0,0,0
972,972,0,1507,7792,0,1,247,507,246,-2120,2,下位,0,247,123
2579,904,233,91,151,0,0,0,1219,7844,758,14,上位,0,0,0
1675,968,174,91,151,0,1,904,1219,7844,758,14,上位,0,904,59
707,508,115,91,151,0,2,1872,1219,7844,758,14,上位,0,968,59
199,199,0,91,151,0,3,2380,1219,7844,758,14,上位,0,508,115
199,199,0,117,178,1,0,0,0,0,1,0,下位,0,0,0
439,439,0,109,209,0,0,0,199,230,-90,2,下位,0,0,0
318,318,0,168,407,0,0,0,439,261,-537,2,下位,0,0,0
1824,861,63,122,249,0,0,0,318,459,-591,4,下位,0,0,0
963,963,0,122,249,0,1,861,318,459,-591,4,下位,0,861,63
675,675,0,1034,5012,0,0,0,1824,301,-3169,3,下位,0,0,0
84,84,0,122,251,0,0,0,675,5064,765,10,上位,0,0,0
1329,561,117,97,214,0,0,0,84,303,933,3,下位,0,0,0
768,768,0,97,214,0,1,561,84,303,933,3,下位,0,561,117
299,152,121,120,182,0,0,0,1329,266,-828,2,下位,0,0,0
147,147,0,120,182,0,1,152,1329,266,-828,2,下位,0,152,121
66,66,0,94,70,1,0,0,0,0,1,0,下位,0,0,0
200,200,0,218,242,0,0,0,66,122,17,2,下位,0,0,0
282,282,0,72,43,0,0,0,200,294,-12,4,下位,0,0,0
125,125,0,95,136,0,0,0,282,95,-372,1,下位,0,0,0
1810,899,238,93,154,0,0,0,125,188,-386,1,下位,0,0,0
911,876,123,93,154,0,1,899,125,188,-386,1,下位,0,899,115
35,35,0,93,154,0,2,1775,125,188,-386,1,下位,0,876,123
687,687,0,185,359,1,0,0,0,0,1,0,下位,0,0,0
319,319,0,145,222,0,0,0,687,411,-696,5,下位,0,0,0
150,150,0,144,228,0,0,0,319,274,-937,2,下位,0,0,0
968,968,0,102,128,0,0,0,150,280,-899,4,下位,0,0,0
553,553,0,100,140,0,0,0,968,180,-2280,1,下位,0,0,0
167,167,0,72,108,0,0,0,553,192,-2980,2,下位,0,0,0
749,749,0,1408,7326,1,0,0,0,0,1,0,下位,0,0,0
278,278,0,92,66,0,0,0,749,7378,738,13,上位,0,0,0
665,373,63,70,102,0,0,0,278,118,408,1,下位,0,0,0
292,292,0,70,102,0,1,373,278,118,408,1,下位,0,373,63
204,204,0,154,280,0,0,0,665,154,-448,1,下位,0,0,0
967,967,0,178,287,0,0,0,204,332,-445,3,下位,0,0,0
897,897,0,79,101,0,0,0,967,339,-1666,4,下位,0,0,0
431,431,0,129,237,0,0,0,897,153,-2960,1,下位,0,0,0
478,478,0,108,126,1,0,0,0,0,1,0,下位,0,0,0
325,325,0,131,244,0,0,0,478,178,-592,2,下位,0,0,0
95,95,0,78,102,0,0,0,325,296,-820,3,下位,0,0,0
540,540,0,62,52,0,0,0,95,154,-819,1,下位,0,0,0
344,344,0,116,203,0,0,0,540,104,-1586,1,下位,0,0,0
966,966,0,67,35,0,0,0,344,255,-1886,2,下位,0,0,0
1569,437,182,143,226,0,0,0,966,87,-3357,1,下位,0,0,0
1132,767,121,143,226,0,1,437,966,87,-3357,1,下位,0,437,61
365,365,0,143,226,0,2,1204,966,87,-3357,1,下位,0,767,121
437,437,0,93,42,0,0,0,1569,278,-5428,3,下位,0,0,0
381,381,0,74,113,0,0,0,437,94,-6039,2,下位,0,0,0
748,748,0,124,319,0,0,0,381,165,-6489,1,下位,0,0,0
685,229,61,71,37,1,0,0,0,0,1,0,下位,0,0,0
456,456,0,71,37,1,1,229,0,0,1,0,下位,0,229,61
402,402,0,108,46,0,0,0,685,89,-953,1,下位,0,0,0
293,293,0,128,157,0,0,0,402,98,-1503,2,下位,0,0,0
963,963,0,155,189,0,0,0,293,209,-1767,3,下位,0,0,0
551,320,57,68,109,0,0,0,963,241,-3079,3,下位,0,0,0
231,231,0,68,109,0,1,320,963,241,-3079,3,下位,0,320,57
134,134,0,138,152,0,0,0,551,161,-3750,1,下位,0,0,0
249,249,0,149,203,0,0,0,134,204,-3762,3,下位,0,0,0
966,966,0,80,23,0,0,0,249,255,-3909,2,下位,0,0,0
230,230,0,98,77,0,0,0,966,75,-5392,1,下位,0,0,0
898,898,0,106,196,0,0,0,230,129,-5634,2,下位,0,0,0
67,67,0,65,108,1,0,0,0,0,1,0,下位,0,0,0
502,502,0,204,201,0,0,0,67,160,53,1,下位,0,0,0
416,416,0,73,101,0,0,0,502,253,-504,5,下位,0,0,0
156,156,0,1078,5088,0,0,0,416,153,-1022,1,下位,0,0,0
1480,704,117,211,335,0,0,0,156,5140,763,10,上位,0,0,0
776,776,0,211,335,0,1,704,156,5140,763,10,上位,0,704,117
1142,178,115,154,208,0,0,0,1480,387,-1120,5,下位,0,0,0
964,964,0,154,208,0,1,178,1480,387,-1120,5,下位,0,178,115
223,223,0,204,262,0,0,0,1142,260,-2587,3,下位,0,0,0
267,267,0,83,147,0,0,0,223,314,-2633,5,下位,0,0,0
240,240,0,200,355,0,0,0,267,199,-2865,2,下位,0,0,0
488,312,61,79,22,0,0,0,240,407,-2845,4,下位,0,0,0
176,176,0,79,22,0,1,312,240,407,-2845,4,下位,0,312,61
271,271,0,125,166,1,0,0,0,0,1,0,下位,0,0,0
731,731,0,1050,5253,0,0,0,271,218,-218,3,下位,0,0,0
1090,285,57,120,396,0,0,0,731,5305,779,11,上位,0,0,0
805,805,0,120,396,0,1,285,731,5305,779,11,上位,0,285,57
618,618,0,173,319,0,0,0,1090,448,-474,3,下位,0,0,0
763,763,0,132,308,0,0,0,618,371,-1100,4,下位,0,0,0
143,93,55,860,4612,0,0,0,763,360,-1971,4,下位,0,0,0
50,50,0,860,4612,0,1,93,763,360,-1971,4,下位,0,93,55
962,962,0,76,29,0,0,0,143,3867,771,5,上位,0,0,0
475,210,46,778,3818,0,0,0,962,81,-700,1,下位,0,0,0
265,265,0,778,3818,0,1,210,962,81,-700,1,下位,0,210,46
284,284,0,118,158,1,0,0,0,0,1,0,下位,0,0,0
369,369,0,134,233,0,0,0,284,210,-247,2,下位,0,0,0
826,826,0,86,84,0,0,0,369,285,-557,4,下位,0,0,0
315,315,0,78,173,0,0,0,826,136,-1753,1,下位,0,0,0
271,271,0,146,201,0,0,0,315,225,-2036,1,下位,0,0,0
366,366,0,1308,6710,0,0,0,271,253,-2220,4,下位,0,0,0
528,528,0,190,221,0,0,0,366,6762,769,11,上位,0,0,0
825,825,0,79,177,0,0,0,528,273,190,3,下位,0,0,0
708,708,0,165,253,0,0,0,825,229,-912,1,下位,0,0,0
38,38,0,1727,8487,1,0,0,0,0,1,0,下位,0,0,0
342,213,113,80,89,0,0,0,38,8539,751,15,上位,0,0,0
129,129,0,80,89,0,1,213,38,8539,751,15,上位,0,213,113
312,312,0,94,157,0,0,0,342,141,453,1,下位,0,0,0
411,411,0,130,234,0,0,0,312,209,159,1,下位,0,0,0
48,48,0,688,3402,0,0,0,411,286,-218,2,下位,0,0,0
756,229,116,711,3443,0,0,0,48,3341,759,4,上位,0,0,0
527,244,53,711,3443,0,1,229,48,3341,759,4,上位,0,229,63
283,283,0,711,3443,0,2,473,48,3341,759,4,上位,0,244,53
302,302,0,163,318,0,0,0,756,3495,743,7,上位,0,0,0
1603,261,240,126,245,0,0,0,302,370,626,4,下位,0,0,0
1342,831,177,126,245,0,1,261,302,370,626,4,下位,0,261,63
511,229,56,126,245,0,2,1092,302,370,626,4,下位,0,831,121
282,282,0,126,245,0,3,1321,302,370,626,4,下位,0,229,56
195,195,0,89,86,1,0,0,0,0,1,0,下位,0,0,0
968,968,0,84,77,0,0,0,195,138,-176,1,下位,0,0,0
493,493,0,90,79,0,0,0,968,129,-1608,2,下位,0,0,0
2424,962,238,143,148,0,0,0,493,131,-2272,1,下位,0,0,0
1462,963,119,143,148,0,1,962,493,131,-2272,1,下位,0,962,119
499,499,0,143,148,0,2,1925,493,131,-2272,1,下位,0,963,119
329,97,63,134,375,0,0,0,2424,200,-5744,3,下位,0,0,0
232,232,0,134,375,0,1,97,2424,200,-5744,3,下位,0,97,63
113,113,0,100,137,0,0,0,329,427,-5784,4,下位,0,0,0
91,91,0,86,165,0,0,0,113,189,-5777,1,下位,0,0,0
841,841,0,76,98,0,0,0,91,217,-5707,2,下位,0,0,0
293,293,0,120,174,0,0,0,841,150,-6913,1,下位,0,0,0
130,130,0,98,287,0,0,0,293,226,-7160,2,下位,0,0,0
973,973,0,120,110,1,0,0,0,0,1,0,下位,0,0,0
859,859,0,87,80,0,0,0,973,162,-1406,2,下位,0,0,0
737,737,0,126,253,0,0,0,859,132,-2659,1,下位,0,0,0
635,635,0,70,37,0,0,0,737,305,-3543,3,下位,0,0,0
746,746,0,54,61,0,0,0,635,89,-4478,1,下位,0,0,0
739,739,0,102,137,0,0,0,746,113,-5568,1,下位,0,0,0
762,762,0,109,195,0,0,0,739,189,-6571,2,下位,0,0,0
819,819,0,118,237,0,0,0,762,247,-7553,2,下位,0,0,0
965,965,0,82,77,0,0,0,819,289,-8585,3,下位,0,0,0
1245,269,55,65,45,1,0,0,0,0,1,0,下位,0,0,0
976,976,0,65,45,1,1,269,0,0,1,0,下位,0,269,55
268,268,0,66,124,0,0,0,1245,97,-1855,1,下位,0,0,0
678,678,0,90,147,0,0,0,268,176,-2111,1,下位,0,0,0
129,129,0,1099,5557,0,0,0,678,199,-3006,2,下位,0,0,0
554,226,113,121,187,0,0,0,129,5609,774,10,上位,0,0,0
328,328,0,121,187,0,1,226,129,5609,774,10,上位,0,226,113
299,299,0,742,3352,0,0,0,554,239,232,3,下位,0,0,0
607,607,0,1040,5004,0,0,0,299,3404,760,6,上位,0,0,0
614,614,0,151,282,1,0,0,0,0,1,0,下位,0,0,0
172,172,0,139,224,0,0,0,614,334,-655,3,下位,0,0,0
226,226,0,74,27,0,0,0,172,276,-656,3,下位,0,0,0
962,962,0,78,104,0,0,0,226,79,-942,1,下位,0,0,0
861,861,0,117,196,0,0,0,962,156,-2338,1,下位,0,0,0
145,145,0,1306,6774,0,0,0,861,248,-3479,2,下位,0,0,0
912,912,0,60,50,0,0,0,145,6826,760,12,上位,0,0,0
253,253,0,183,386,0,0,0,912,102,-609,1,下位,0,0,0
261,261,0,88,78,1,0,0,0,0,1,0,下位,0,0,0
206,206,0,74,32,0,0,0,261,130,-290,1,下位,0,0,0
344,344,0,1169,5659,0,0,0,206,84,-538,1,下位,0,0,0
212,212,0,119,247,0,0,0,344,5711,737,11,上位,0,0,0
220,220,0,159,201,0,0,0,212,299,694,2,下位,0,0,0
571,571,0,100,133,0,0,0,220,253,592,5,下位,0,0,0
818,818,0,1897,9266,0,0,0,571,185,-144,1,下位,0,0,0
2883,943,238,120,265,0,0,0,818,9318,754,15,上位,0,0,0
1940,963,117,120,265,0,1,943,818,9318,754,15,上位,0,943,121
977,977,0,120,265,0,2,1906,818,9318,754,15,上位,0,963,117
203,203,0,201,286,1,0,0,0,0,1,0,下位,0,0,0
771,771,0,183,308,0,0,0,203,338,12,5,下位,0,0,0
368,368,0,149,205,0,0,0,771,360,-872,4,下位,0,0,0
548,300,232,130,244,0,0,0,368,257,-1209,4,下位,0,0,0
248,153,118,130,244,0,1,300,368,257,-1209,4,下位,0,300,114
95,95,0,130,244,0,2,453,368,257,-1209,4,下位,0,153,118
1284,168,233,99,280,0,0,0,548,296,-1565,2,下位,0,0,0
1116,693,112,99,280,0,1,168,548,296,-1565,2,下位,0,168,121
423,423,0,99,280,0,2,861,548,296,-1565,2,下位,0,693,112
719,544,121,77,175,1,0,0,0,0,1,0,下位,0,0,0
175,175,0,77,175,1,1,544,0,0,1,0,下位,0,544,121
942,942,0,76,94,0,0,0,719,227,-810,1,下位,0,0,0
183,183,0,77,111,0,0,0,942,146,-2183,1,下位,0,0,0
276,276,0,126,242,0,0,0,183,163,-2315,2,下位,0,0,0
211,211,0,89,77,0,0,0,276,294,-2466,2,下位,0,0,0
831,831,0,95,66,0,0,0,211,129,-2677,1,下位,0,0,0
965,965,0,65,37,0,0,0,831,118,-3899,2,下位,0,0,0
179,179,0,83,96,0,0,0,965,89,-5366,1,下位,0,0,0
353,353,0,1501,7437,1,0,0,0,0,1,0,下位,0,0,0
255,255,0,170,260,0,0,0,353,7489,737,13,上位,0,0,0
988,890,55,83,89,0,0,0,255,312,638,4,下位,0,0,0
98,98,0,83,89,0,1,890,255,312,638,4,下位,0,890,55
1086,865,57,76,96,0,0,0,988,141,-759,1,下位,0,0,0
221,221,0,76,96,0,1,865,988,141,-759,1,下位,0,865,57
374,374,0,1225,6008,0,0,0,1086,148,-2305,1,下位,0,0,0
965,965,0,60,56,0,0,0,374,6060,776,12,上位,0,0,0
485,485,0,1429,6933,1,0,0,0,0,1,0,下位,0,0,0
411,411,0,69,110,0,0,0,485,6985,750,12,上位,0,0,0
296,296,0,81,95,1,0,0,0,0,1,0,下位,0,0,0
219,219,0,125,179,0,0,0,296,147,-329,1,下位,0,0,0
272,272,0,88,159,0,0,0,219,231,-451,3,下位,0,0,0
830,830,0,121,267,0,0,0,272,211,-679,1,下位,0,0,0
1392,428,117,173,179,0,0,0,830,319,-1699,3,下位,0,0,0
964,964,0,173,179,0,1,428,830,319,-1699,3,下位,0,428,117
225,225,0,62,124,0,0,0,1392,231,-3596,3,下位,0,0,0
665,665,0,176,385,1,0,0,0,0,1,0,下位,0,0,0
566,566,0,122,241,0,0,0,665,437,-635,5,下位,0,0,0
964,964,0,132,164,0,0,0,566,293,-1255,3,下位,0,0,0
1183,199,289,115,115,0,0,0,964,216,-2594,3,下位,0,0,0
984,536,176,115,115,0,1,199,964,216,-2594,3,下位,0,199,113
448,233,57,115,115,0,2,735,964,216,-2594,3,下位,0,536,119
215,215,0,115,115,0,3,968,964,216,-2594,3,下位,0,233,57
963,963,0,160,186,0,0,0,1183,167,-4047,3,下位,0,0,0
459,459,0,105,108,1,0,0,0,0,1,0,下位,0,0,0
236,236,0,116,172,0,0,0,459,160,-579,2,下位,0,0,0
965,965,0,94,78,0,0,0,236,224,-736,2,下位,0,0,0
490,51,180,136,150,0,0,0,965,130,-2162,1,下位,0,0,0
439,154,121,136,150,0,1,51,965,130,-2162,1,下位,0,51,59
285,285,0,136,150,0,2,205,965,130,-2162,1,下位,0,154,121
150,150,0,75,109,0,0,0,490,202,-2570,2,下位,0,0,0
1333,970,115,170,325,0,0,0,150,161,-2651,1,下位,0,0,0
363,363,0,170,325,0,1,970,150,161,-2651,1,下位,0,970,115
710,710,0,73,101,1,0,0,0,0,1,0,下位,0,0,0
146,146,0,193,265,0,0,0,710,153,-991,1,下位,0,0,0
205,205,0,97,209,0,0,0,146,317,-909,4,下位,0,0,0
689,689,0,70,104,0,0,0,205,261,-979,2,下位,0,0,0
898,215,123,70,97,0,0,0,689,156,-1934,1,下位,0,0,0
683,683,0,70,97,0,1,215,689,156,-1934,1,下位,0,215,123
553,348,63,55,45,0,0,0,898,149,-3111,1,下位,0,0,0
205,205,0,55,45,0,1,348,898,149,-3111,1,下位,0,348,63
1708,964,57,140,309,0,0,0,553,97,-3843,1,下位,0,0,0
744,744,0,140,309,0,1,964,553,97,-3843,1,下位,0,964,57
1170,206,63,150,357,1,0,0,0,0,1,0,下位,0,0,0
964,964,0,150,357,1,1,206,0,0,1,0,下位,0,206,63
447,447,0,80,89,0,0,0,1170,409,-1414,3,下位,0,0,0
450,450,0,135,227,0,0,0,447,141,-1994,1,下位,0,0,0
1102,266,59,91,156,0,0,0,450,279,-2441,3,下位,0,0,0
836,836,0,91,156,0,1,266,450,279,-2441,3,下位,0,266,59
1105,154,293,93,70,0,0,0,1102,208,-3951,2,下位,0,0,0
951,95,240,93,70,0,1,154,1102,208,-3951,2,下位,0,154,53
856,421,123,93,70,0,2,249,1102,208,-3951,2,下位,0,95,117
435,435,0,93,70,0,3,670,1102,208,-3951,2,下位,0,421,123
579,579,0,159,187,0,0,0,1105,122,-5318,1,下位,0,0,0
700,700,0,117,109,0,0,0,579,239,-6013,3,下位,0,0,0
177,177,0,126,103,1,0,0,0,0,1,0,下位,0,0,0
352,352,0,111,202,0,0,0,177,155,-129,3,下位,0,0,0
534,534,0,70,116,0,0,0,352,254,-443,2,下位,0,0,0
1043,856,121,60,53,0,0,0,534,168,-1136,2,下位,0,0,0
187,187,0,60,53,0,1,856,534,168,-1136,2,下位,0,856,121
162,162,0,1260,6733,0,0,0,1043,105,-2593,1,下位,0,0,0
539,539,0,60,110,0,0,0,162,6785,761,12,上位,0,0,0
822,822,0,183,381,0,0,0,539,162,54,1,下位,0,0,0
331,331,0,79,93,0,0,0,822,433,-839,5,下位,0,0,0
1935,969,117,195,357,0,0,0,331,145,-1228,1,下位,0,0,0
966,966,0,195,357,0,1,969,331,145,-1228,1,下位,0,969,117
788,42,113,135,137,1,0,0,0,0,1,0,下位,0,0,0
746,746,0,135,137,1,1,42,0,0,1,0,下位,0,42,113
904,904,0,171,261,0,0,0,788,189,-968,3,下位,0,0,0
968,968,0,138,235,0,0,0,904,313,-2113,3,下位,0,0,0
1991,237,124,98,215,0,0,0,968,287,-3387,3,下位,0,0,0
1754,966,63,98,215,0,1,237,968,287,-3387,3,下位,0,237,61
788,788,0,98,215,0,2,1203,968,287,-3387,3,下位,0,966,63
652,652,0,161,405,0,0,0,1991,267,-6207,2,下位,0,0,0
142,142,0,87,82,0,0,0,652,457,-6802,5,下位,0,0,0
571,285,115,960,4647,1,0,0,0,0,1,0,下位,0,0,0
286,286,0,960,4647,1,1,285,0,0,1,0,下位,0,285,115
640,640,0,103,208,0,0,0,571,4699,761,9,上位,0,0,0
245,245,0,112,126,0,0,0,640,260,-11,2,下位,0,0,0
232,232,0,114,108,0,0,0,245,178,-228,2,下位,0,0,0
60,60,0,89,160,0,0,0,232,160,-442,2,下位,0,0,0
841,841,0,104,128,0,0,0,60,212,-327,2,下位,0,0,0
45,45,0,72,178,0,0,0,841,180,-1503,2,下位,0,0,0
962,962,0,932,4610,0,0,0,45,230,-1346,1,下位,0,0,0
226,226,0,984,4936,1,0,0,0,0,1,0,下位,0,0,0
964,964,0,83,163,0,0,0,226,4988,749,9,上位,0,0,0
581,286,117,981,4625,0,0,0,964,215,-591,1,下位,0,0,0
295,295,0,981,4625,0,1,286,964,215,-591,1,下位,0,286,117
960,178,123,94,72,0,0,0,581,4677,758,9,上位,0,0,0
782,782,0,94,72,0,1,178,581,4677,758,9,上位,0,178,123
979,979,0,130,201,0,0,0,960,124,-543,1,下位,0,0,0
478,478,0,156,195,1,0,0,0,0,1,0,下位,0,0,0
269,269,0,148,278,0,0,0,478,247,-523,4,下位,0,0,0
967,967,0,101,133,0,0,0,269,330,-627,4,下位,0,0,0
1082,215,123,143,131,0,0,0,967,185,-2002,2,下位,0,0,0
867,867,0,143,131,0,1,215,967,185,-2002,2,下位,0,215,123
867,867,0,106,132,0,0,0,1082,183,-3441,2,下位,0,0,0
184,184,0,154,286,1,0,0,0,0,1,0,下位,0,0,0
2214,729,301,57,36,0,0,0,184,338,42,4,下位,0,0,0
1485,365,182,57,36,0,1,729,184,338,42,4,下位,0,729,119
1120,745,119,57,36,0,2,1094,184,338,42,4,下位,0,365,63
375,375,0,57,36,0,3,1839,184,338,42,4,下位,0,745,119
960,112,174,166,315,0,0,0,2214,88,-3141,1,下位,0,0,0
848,473,61,166,315,0,1,112,2214,88,-3141,1,下位,0,112,113
375,375,0,166,315,0,2,585,2214,88,-3141,1,下位,0,473,61
465,465,0,94,74,0,0,0,960,367,-4149,4,下位,0,0,0
89,89,0,72,182,0,0,0,465,126,-4773,1,下位,0,0,0
304,304,0,68,124,0,0,0,89,234,-4683,1,下位,0,0,0
798,798,0,74,101,1,0,0,0,0,1,0,下位,0,0,0
435,435,0,122,174,0,0,0,798,153,-1133,1,下位,0,0,0
524,524,0,88,161,0,0,0,435,226,-1609,3,下位,0,0,0
965,965,0,80,101,0,0,0,524,213,-2241,2,下位,0,0,0
284,284,0,1424,7209,0,0,0,965,153,-3644,1,下位,0,0,0
785,785,0,71,28,1,0,0,0,0,1,0,下位,0,0,0
178,178,0,59,53,0,0,0,785,80,-1185,1,下位,0,0,0
1345,967,56,131,239,0,0,0,178,105,-1367,1,下位,0,0,0
378,378,0,131,239,0,1,967,178,105,-1367,1,下位,0,967,56
914,914,0,1043,5294,0,0,0,1345,291,-3190,3,下位,0,0,0
614,614,0,123,171,1,0,0,0,0,1,0,下位,0,0,0
608,608,0,1125,5640,0,0,0,614,223,-766,2,下位,0,0,0
2299,86,295,73,111,0,0,0,608,5692,747,10,上位,0,0,0
2213,958,236,73,111,0,1,86,608,5692,747,10,上位,0,86,59
1255,408,117,73,111,0,2,1044,608,5692,747,10,上位,0,958,119
847,847,0,73,111,0,3,1452,608,5692,747,10,上位,0,408,117
279,198,117,73,36,1,0,0,0,0,1,0,下位,0,0,0
81,81,0,73,36,1,1,198,0,0,1,0,下位,0,198,117
842,842,0,1085,5472,0,0,0,279,88,-244,1,下位,0,0,0
1207,140,230,121,172,0,0,0,842,5524,762,11,上位,0,0,0
1067,842,117,121,172,0,1,140,842,5524,762,11,上位,0,140,113
225,225,0,121,172,0,2,982,842,5524,762,11,上位,0,842,117
128,128,0,78,172,0,0,0,1207,224,-731,3,下位,0,0,0
92,92,0,96,145,0,0,0,128,224,-713,1,下位,0,0,0
641,641,0,73,188,0,0,0,92,197,-664,2,下位,0,0,0
1098,871,63,76,107,0,0,0,641,240,-1458,1,下位,0,0,0
227,227,0,76,107,0,1,871,641,240,-1458,1,下位,0,871,63
966,966,0,106,272,0,0,0,1098,159,-3007,1,下位,0,0,0
467,467,0,104,141,1,0,0,0,0,1,0,下位,0,0,0
289,289,0,134,293,0,0,0,467,193,-559,2,下位,0,0,0
37,37,0,908,4613,0,0,0,289,345,-680,3,下位,0,0,0
66,66,0,73,106,0,0,0,37,4604,752,6,上位,0,0,0
735,735,0,67,122,0,0,0,66,158,804,1,下位,0,0,0
264,264,0,103,209,0,0,0,735,174,-207,1,下位,0,0,0
268,268,0,148,290,0,0,0,264,261,-372,2,下位,0,0,0
410,410,0,72,37,0,0,0,268,342,-462,3,下位,0,0,0
652,652,0,74,38,0,0,0,410,89,-1034,1,下位,0,0,0
1103,290,61,142,285,1,0,0,0,0,1,0,下位,0,0,0
813,813,0,142,285,1,1,290,0,0,1,0,下位,0,290,61
968,968,0,125,158,0,0,0,1103,337,-1380,4,下位,0,0,0
230,230,0,132,302,0,0,0,968,210,-2731,2,下位,0,0,0
632,632,0,1460,7654,0,0,0,230,354,-2748,4,下位,0,0,0
331,331,0,112,200,1,0,0,0,0,1,0,下位,0,0,0
231,231,0,180,382,0,0,0,331,252,-281,3,下位,0,0,0
718,718,0,146,281,0,0,0,231,434,-220,5,下位,0,0,0
1801,833,115,61,46,0,0,0,718,333,-1045,3,下位,0,0,0
968,968,0,61,46,0,1,833,718,333,-1045,3,下位,0,833,115
958,275,115,99,137,0,0,0,1801,98,-3737,1,下位,0,0,0
683,683,0,99,137,0,1,275,1801,98,-3737,1,下位,0,275,115
993,64,123,178,306,0,0,0,958,189,-4979,1,下位,0,0,0
929,929,0,178,306,0,1,64,958,189,-4979,1,下位,0,64,123
552,269,119,141,282,0,0,0,993,358,-6099,3,下位,0,0,0
283,283,0,141,282,0,1,269,993,358,-6099,3,下位,0,269,119
673,673,0,78,18,1,0,0,0,0,1,0,下位,0,0,0
325,325,0,181,361,0,0,0,673,70,-1014,1,下位,0,0,0
72,72,0,1513,8138,0,0,0,325,413,-1125,5,下位,0,0,0
970,54,55,68,120,0,0,0,72,6889,748,9,上位,0,0,0
916,916,0,68,120,0,1,54,72,6889,748,9,上位,0,54,55
291,291,0,72,36,0,0,0,970,172,-589,1,下位,0,0,0
964,964,0,142,213,0,0,0,291,88,-970,1,下位,0,0,0
812,812,0,123,99,0,0,0,964,265,-2260,2,下位,0,0,0
147,147,0,99,120,0,0,0,812,151,-3419,3,下位,0,0,0
963,963,0,87,162,0,0,0,147,172,-3484,1,下位,0,0,0
8,8,0,127,155,1,0,0,0,0,1,0,下位,0,0,0
96,96,0,80,95,0,0,0,8,207,195,3,下位,0,0,0
237,237,0,83,238,0,0,0,96,147,187,1,下位,0,0,0
359,359,0,163,253,0,0,0,237,290,95,2,下位,0,0,0
1112,148,57,109,193,0,0,0,359,305,-179,4,下位,0,0,0
964,964,0,109,193,0,1,148,359,305,-179,4,下位,0,148,57
1140,166,57,91,73,0,0,0,1112,245,-1671,2,下位,0,0,0
974,974,0,91,73,0,1,166,1112,245,-1671,2,下位,0,166,57
291,291,0,83,94,0,0,0,1140,125,-3328,2,下位,0,0,0
964,964,0,1120,5123,0,0,0,291,146,-3651,2,下位,0,0,0
1216,834,115,69,109,1,0,0,0,0,1,0,下位,0,0,0
382,382,0,69,109,1,1,834,0,0,1,0,下位,0,834,115
432,432,0,137,152,0,0,0,1216,161,-1684,1,下位,0,0,0
983,983,0,122,179,0,0,0,432,204,-2177,2,下位,0,0,0
963,963,0,197,336,0,0,0,983,231,-3531,2,下位,0,0,0
969,537,106,1281,6185,0,0,0,963,388,-4696,5,下位,0,0,0
432,263,53,1281,6185,0,1,537,963,388,-4696,5,下位,0,537,53
169,169,0,1281,6185,0,2,800,963,388,-4696,5,下位,0,263,53
1276,401,115,84,88,0,0,0,969,6237,84,12,上位,0,0,0
875,875,0,84,88,0,1,401,969,6237,84,12,上位,0,401,115
377,377,0,64,127,0,0,0,1276,140,-1719,1,下位,0,0,0
774,774,0,120,186,1,0,0,0,0,1,0,下位,0,0,0
1845,880,61,1393,7017,0,0,0,774,238,-1009,2,下位,0,0,0
965,965,0,1393,7017,0,1,880,774,238,-1009,2,下位,0,880,61
255,255,0,92,221,0,0,0,1845,7069,773,12,上位,0,0,0
1309,360,61,89,77,0,0,0,255,273,635,2,下位,0,0,0
949,949,0,89,77,0,1,360,255,273,635,2,下位,0,360,61
408,217,57,122,324,0,0,0,1309,129,-1287,1,下位,0,0,0
191,191,0,122,324,0,1,217,1309,129,-1287,1,下位,0,217,57
517,517,0,64,41,1,0,0,0,0,1,0,下位,0,0,0
602,602,0,1681,8671,0,0,0,517,93,-740,1,下位,0,0,0
279,279,0,88,90,0,0,0,602,8723,765,14,上位,0,0,0
364,364,0,69,115,0,0,0,279,142,457,1,下位,0,0,0
412,412,0,153,348,0,0,0,364,167,37,1,下位,0,0,0
251,251,0,157,343,0,0,0,412,400,-228,3,下位,0,0,0
543,543,0,116,192,0,0,0,251,395,-238,4,下位,0,0,0
37,37,0,815,4084,0,0,0,543,244,-870,2,下位,0,0,0
710,710,0,94,146,1,0,0,0,0,1,0,下位,0,0,0
963,963,0,96,134,0,0,0,710,198,-946,2,下位,0,0,0
349,349,0,117,181,0,0,0,963,186,-2313,1,下位,0,0,0
213,213,0,97,211,0,0,0,349,233,-2643,2,下位,0,0,0
383,383,0,60,53,0,0,0,213,263,-2724,2,下位,0,0,0
378,378,0,74,88,0,0,0,383,105,-3237,1,下位,0,0,0
629,629,0,81,82,1,0,0,0,0,1,0,下位,0,0,0
153,153,0,120,109,0,0,0,629,134,-880,1,下位,0,0,0
565,565,0,152,430,0,0,0,153,161,-966,3,下位,0,0,0
327,327,0,89,91,0,0,0,565,482,-1395,4,下位,0,0,0
963,963,0,110,114,0,0,0,327,143,-1779,2,下位,0,0,0
1737,965,59,118,180,0,0,0,963,166,-3166,3,下位,0,0,0
772,772,0,118,180,0,1,965,963,166,-3166,3,下位,0,965,59
76,76,0,69,115,1,0,0,0,0,1,0,下位,0,0,0
181,181,0,77,159,0,0,0,76,167,45,1,下位,0,0,0
962,962,0,121,106,0,0,0,181,211,-36,1,下位,0,0,0
658,658,0,72,104,0,0,0,962,158,-1430,2,下位,0,0,0
253,253,0,108,257,0,0,0,658,156,-2335,2,下位,0,0,0
527,527,0,189,360,0,0,0,253,309,-2434,2,下位,0,0,0
692,692,0,90,220,1,0,0,0,0,1,0,下位,0,0,0
853,853,0,96,211,0,0,0,692,272,-843,2,下位,0,0,0
549,549,0,120,395,0,0,0,853,263,-1956,2,下位,0,0,0
156,156,0,102,275,0,0,0,549,447,-2394,3,下位,0,0,0
543,543,0,117,182,0,0,0,156,327,-2319,2,下位,0,0,0
1142,969,115,172,389,0,0,0,543,234,-2961,3,下位,0,0,0
173,173,0,172,389,0,1,969,543,234,-2961,3,下位,0,969,115
965,965,0,63,119,0,0,0,1142,441,-4247,4,下位,0,0,0
808,808,0,179,368,1,0,0,0,0,1,0,下位,0,0,0
962,962,0,69,103,0,0,0,808,420,-882,5,下位,0,0,0
166,166,0,61,49,0,0,0,962,155,-2279,1,下位,0,0,0
234,234,0,104,134,0,0,0,166,101,-2446,1,下位,0,0,0
370,370,0,85,83,0,0,0,234,186,-2637,2,下位,0,0,0
52,52,0,67,100,0,0,0,370,135,-3099,1,下位,0,0,0
255,255,0,157,228,0,0,0,52,152,-3031,1,下位,0,0,0
1134,787,61,116,344,0,0,0,255,280,-3162,4,下位,0,0,0
347,347,0,116,344,0,1,787,255,280,-3162,4,下位,0,787,61
510,510,0,86,93,1,0,0,0,0,1,0,下位,0,0,0
977,977,0,94,153,0,0,0,510,145,-677,1,下位,0,0,0
228,228,0,81,100,0,0,0,977,205,-2048,1,下位,0,0,0
743,743,0,1473,7346,0,0,0,228,152,-2264,2,下位,0,0,0
2228,219,361,69,33,0,0,0,743,7398,765,13,上位,0,0,0
2009,859,302,69,33,0,1,219,743,7398,765,13,上位,0,219,59
1150,222,239,69,33,0,2,1078,743,7398,765,13,上位,0,859,63
928,117,178,69,33,0,3,1300,743,7398,765,13,上位,0,222,61
811,395,121,69,33,0,4,1417,743,7398,765,13,上位,0,117,57
416,416,0,69,33,0,5,1812,743,7398,765,13,上位,0,395,121
618,618,0,133,296,1,0,0,0,0,1,0,下位,0,0,0
1194,205,120,99,207,0,0,0,618,348,-648,3,下位,0,0,0
989,439,61,99,207,0,1,205,618,348,-648,3,下位,0,205,59
550,550,0,99,207,0,2,644,618,348,-648,3,下位,0,439,61
921,921,0,72,106,0,0,0,1194,259,-2195,2,下位,0,0,0
519,519,0,62,46,0,0,0,921,158,-3522,1,下位,0,0,0
702,702,0,1890,10000,0,0,0,519,98,-4261,1,下位,0,0,0
411,411,0,122,238,1,0,0,0,0,1,0,下位,0,0,0
378,378,0,154,351,0,0,0,411,290,-372,2,下位,0,0,0
969,969,0,94,60,0,0,0,378,403,-579,4,下位,0,0,0
572,572,0,85,165,0,0,0,969,112,-2030,2,下位,0,0,0
196,196,0,147,277,0,0,0,572,217,-2736,1,下位,0,0,0
129,129,0,74,37,1,0,0,0,0,1,0,下位,0,0,0
251,251,0,193,340,0,0,0,129,89,-118,1,下位,0,0,0
796,796,0,81,87,0,0,0,251,392,-131,6,下位,0,0,0
667,667,0,106,120,0,0,0,796,139,-1276,1,下位,0,0,0
87,87,0,76,35,0,0,0,667,172,-2180,2,下位,0,0,0
554,554,0,139,371,0,0,0,87,87,-2233,1,下位,0,0,0
298,298,0,1306,6224,0,0,0,554,423,-2704,5,下位,0,0,0
363,363,0,92,215,1,0,0,0,0,1,0,下位,0,0,0
307,307,0,93,72,0,0,0,363,267,-317,2,下位,0,0,0
365,365,0,58,58,0,0,0,307,124,-688,1,下位,0,0,0
246,246,0,84,157,1,0,0,0,0,1,0,下位,0,0,0
291,291,0,122,168,0,0,0,246,209,-187,1,下位,0,0,0
316,316,0,1056,4827,0,0,0,291,220,-436,3,下位,0,0,0
185,185,0,897,4151,1,0,0,0,0,1,0,下位,0,0,0
308,308,0,71,99,1,0,0,0,0,1,0,下位,0,0,0
480,480,0,176,162,0,0,0,308,151,-345,1,下位,0,0,0
316,316,0,90,147,0,0,0,480,214,-905,4,下位,0,0,0
584,584,0,128,157,0,0,0,316,199,-1216,1,下位,0,0,0
486,212,61,85,159,0,0,0,584,209,-1949,2,下位,0,0,0
274,274,0,85,159,0,1,212,584,209,-1949,2,下位,0,212,61
968,968,0,100,65,0,0,0,486,211,-2461,1,下位,0,0,0
661,146,115,94,134,1,0,0,0,0,1,0,下位,0,0,0
515,515,0,94,134,1,1,146,0,0,1,0,下位,0,146,115
462,462,0,74,37,0,0,0,661,186,-764,2,下位,0,0,0
564,564,0,108,133,0,0,0,462,89,-1420,1,下位,0,0,0
869,869,0,137,223,1,0,0,0,0,1,0,下位,0,0,0
137,137,0,144,208,0,0,0,869,275,-1126,3,下位,0,0,0
785,785,0,77,102,1,0,0,0,0,1,0,下位,0,0,0
631,317,57,170,336,0,0,0,785,154,-1111,1,下位,0,0,0
314,314,0,170,336,0,1,317,785,154,-1111,1,下位,0,317,57
607,607,0,182,365,0,0,0,631,388,-1683,3,下位,0,0,0
375,375,0,102,126,0,0,0,607,417,-2245,4,下位,0,0,0
482,482,0,1486,7342,0,0,0,375,178,-2672,1,下位,0,0,0
242,242,0,172,326,0,0,0,482,7394,759,15,上位,0,0,0
936,936,0,122,181,1,0,0,0,0,1,0,下位,0,0,0
59,59,0,151,289,1,0,0,0,0,1,0,下位,0,0,0
224,224,0,139,150,0,0,0,59,341,247,3,下位,0,0,0
802,802,0,1061,5051,0,0,0,224,202,88,2,下位,0,0,0
167,167,0,77,98,1,0,0,0,0,1,0,下位,0,0,0
1520,39,249,123,241,0,0,0,167,150,-118,1,下位,0,0,0
1481,917,186,123,241,0,1,39,167,150,-118,1,下位,0,39,63
564,204,123,123,241,0,2,956,167,150,-118,1,下位,0,917,63
360,360,0,123,241,0,3,1160,167,150,-118,1,下位,0,204,123
202,202,0,152,195,0,0,0,1520,293,-2028,2,下位,0,0,0
47,47,0,58,49,0,0,0,202,247,-2107,3,下位,0,0,0
395,395,0,141,268,1,0,0,0,0,1,0,下位,0,0,0
341,341,0,120,252,0,0,0,395,320,-316,3,下位,0,0,0
182,182,0,71,174,0,0,0,341,304,-562,2,下位,0,0,0
331,331,0,140,211,0,0,0,182,226,-630,1,下位,0,0,0
782,782,0,1365,6758,0,0,0,331,263,-901,3,下位,0,0,0
219,219,0,80,89,0,0,0,782,6810,749,13,上位,0,0,0
537,537,0,59,59,1,0,0,0,0,1,0,下位,0,0,0
967,967,0,105,119,0,0,0,537,111,-754,1,下位,0,0,0
73,73,0,103,206,0,0,0,967,171,-2143,2,下位,0,0,0
558,558,0,84,91,0,0,0,73,258,-2003,2,下位,0,0,0
2143,773,294,142,214,0,0,0,558,143,-2760,1,下位,0,0,0
1370,293,173,142,214,0,1,773,558,143,-2760,1,下位,0,773,121
1077,493,114,142,214,0,2,1066,558,143,-2760,1,下位,0,293,59
584,224,55,142,214,0,3,1559,558,143,-2760,1,下位,0,493,59
360,360,0,142,214,0,4,1783,558,143,-2760,1,下位,0,224,55
498,498,0,1074,5312,1,0,0,0,0,1,0,下位,0,0,0
792,792,0,80,173,0,0,0,498,5364,740,10,上位,0,0,0
1153,181,57,172,252,0,0,0,792,225,-312,1,下位,0,0,0
972,972,0,172,252,0,1,181,792,225,-312,1,下位,0,181,57
280,280,0,135,139,0,0,0,1153,304,-1811,4,下位,0,0,0
1900,968,61,1458,7359,0,0,0,280,191,-2072,3,下位,0,0,0
932,932,0,1458,7359,0,1,968,280,191,-2072,3,下位,0,968,61
141,141,0,88,88,1,0,0,0,0,1,0,下位,0,0,0
346,346,0,137,371,0,0,0,141,140,-86,1,下位,0,0,0
1805,525,172,180,246,0,0,0,346,423,-221,4,下位,0,0,0
1280,963,117,180,246,0,1,525,346,423,-221,4,下位,0,525,55
317,317,0,180,246,0,2,1488,346,423,-221,4,下位,0,963,117
894,894,0,2072,11037,0,0,0,1805,298,-2662,4,下位,0,0,0
304,304,0,146,136,0,0,0,894,11089,755,16,上位,0,0,0
217,217,0,60,52,1,0,0,0,0,1,0,下位,0,0,0
171,171,0,73,177,0,0,0,217,104,-245,1,下位,0,0,0
1819,846,61,116,123,0,0,0,171,229,-292,1,下位,0,0,0
973,973,0,116,123,0,1,846,171,229,-292,1,下位,0,846,61
120,120,0,66,114,0,0,0,1819,175,-2990,2,下位,0,0,0
392,216,111,69,105,0,0,0,120,166,-3018,1,下位,0,0,0
176,176,0,69,105,0,1,216,120,166,-3018,1,下位,0,216,111
714,714,0,114,258,0,0,0,392,157,-3382,1,下位,0,0,0
199,199,0,95,199,0,0,0,714,310,-4224,3,下位,0,0,0
698,313,60,77,105,0,0,0,199,251,-4294,2,下位,0,0,0
385,385,0,77,105,0,1,313,199,251,-4294,2,下位,0,313,60
972,972,0,87,83,0,0,0,698,157,-5203,1,下位,0,0,0
200,200,0,92,157,0,0,0,972,135,-6636,1,下位,0,0,0
528,528,0,78,100,1,0,0,0,0,1,0,下位,0,0,0
869,869,0,171,317,0,0,0,528,152,-699,2,下位,0,0,0
262,262,0,66,49,0,0,0,869,369,-1732,4,下位,0,0,0
333,333,0,94,76,0,0,0,262,101,-2054,1,下位,0,0,0
290,290,0,157,343,0,0,0,333,128,-2463,1,下位,0,0,0
966,966,0,171,386,0,0,0,290,395,-2536,4,下位,0,0,0
965,965,0,99,135,0,0,0,966,438,-3656,4,下位,0,0,0
607,351,61,78,180,0,0,0,965,187,-5025,1,下位,0,0,0
256,256,0,78,180,0,1,351,965,187,-5025,1,下位,0,351,61
576,576,0,74,31,1,0,0,0,0,1,0,下位,0,0,0
471,471,0,1068,5406,0,0,0,576,83,-845,1,下位,0,0,0
174,174,0,68,48,0,0,0,471,5458,749,10,上位,0,0,0
401,401,0,59,51,0,0,0,174,100,568,1,下位,0,0,0
170,170,0,83,87,0,0,0,401,103,24,1,下位,0,0,0
1034,67,113,970,4817,0,0,0,170,139,-111,1,下位,0,0,0
967,967,0,970,4817,0,1,67,170,139,-111,1,下位,0,67,113
598,598,0,167,262,0,0,0,1034,4869,764,10,上位,0,0,0
935,153,282,216,310,0,0,0,598,314,113,3,下位,0,0,0
782,239,225,216,310,0,1,153,598,314,113,3,下位,0,153,57
543,215,115,216,310,0,2,392,598,314,113,3,下位,0,239,110
328,328,0,216,310,0,3,607,598,314,113,3,下位,0,215,115
160,160,0,76,107,0,0,0,935,362,-751,6,下位,0,0,0
670,670,0,1054,5089,0,0,0,160,159,-850,1,下位,0,0,0
556,556,0,1103,5517,1,0,0,0,0,1,0,下位,0,0,0
304,304,0,80,160,0,0,0,556,5569,751,11,上位,0,0,0
481,227,123,862,4085,0,0,0,304,212,473,1,下位,0,0,0
254,254,0,862,4085,0,1,227,304,212,473,1,下位,0,227,123
687,687,0,110,192,0,0,0,481,4137,749,9,上位,0,0,0
90,90,0,604,2677,0,0,0,687,244,-115,2,下位,0,0,0
39,39,0,108,271,0,0,0,90,2729,764,4,上位,0,0,0
443,292,113,644,2668,0,0,0,39,323,1024,2,下位,0,0,0
151,151,0,644,2668,0,1,292,39,323,1024,2,下位,0,292,113
98,98,0,87,88,0,0,0,443,2720,744,7,上位,0,0,0
729,729,0,111,200,0,0,0,98,140,726,1,下位,0,0,0
396,242,57,806,3928,0,0,0,729,252,-198,2,下位,0,0,0
154,154,0,806,3928,0,1,242,729,252,-198,2,下位,0,242,57
56,56,0,68,120,0,0,0,396,3980,760,8,上位,0,0,0
492,492,0,108,175,1,0,0,0,0,1,0,下位,0,0,0
440,440,0,84,90,0,0,0,492,227,-566,2,下位,0,0,0
555,555,0,136,381,0,0,0,440,142,-1134,2,下位,0,0,0
1116,168,245,70,29,0,0,0,555,433,-1596,3,下位,0,0,0
948,520,184,70,29,0,1,168,555,433,-1596,3,下位,0,168,61
428,220,63,70,29,0,2,688,555,433,-1596,3,下位,0,520,121
208,208,0,70,29,0,3,908,555,433,-1596,3,下位,0,220,63
471,471,0,99,208,0,0,0,1116,81,-3070,1,下位,0,0,0
161,161,0,112,271,0,0,0,471,260,-3570,2,下位,0,0,0
2278,964,110,92,215,0,0,0,161,323,-3507,3,下位,0,0,0
1314,866,57,92,215,0,1,964,161,323,-3507,3,下位,0,964,53
448,448,0,92,215,0,2,1830,161,323,-3507,3,下位,0,866,57
699,235,113,155,243,0,0,0,2278,267,-6805,2,下位,0,0,0
464,464,0,155,243,0,1,235,2278,267,-6805,2,下位,0,235,113
420,215,57,108,126,1,0,0,0,0,1,0,下位,0,0,0
205,205,0,108,126,1,1,215,0,0,1,0,下位,0,215,57
645,445,115,134,204,0,0,0,420,178,-442,2,下位,0,0,0
200,200,0,134,204,0,1,445,420,178,-442,2,下位,0,445,115
500,500,0,134,232,0,0,0,645,256,-1112,4,下位,0,0,0
758,257,115,68,112,0,0,0,500,284,-1634,3,下位,0,0,0
501,501,0,68,112,0,1,257,500,284,-1634,3,下位,0,257,115
833,833,0,138,227,0,0,0,758,164,-2578,1,下位,0,0,0
195,195,0,89,77,0,0,0,833,279,-3643,3,下位,0,0,0
191,191,0,106,137,0,0,0,195,129,-3829,1,下位,0,0,0
175,175,0,122,176,0,0,0,191,189,-3948,2,下位,0,0,0
538,538,0,84,99,0,0,0,175,228,-4002,2,下位,0,0,0
289,289,0,74,176,1,0,0,0,0,1,0,下位,0,0,0
135,135,0,870,4348,0,0,0,289,228,-237,2,下位,0,0,0
2265,972,116,162,389,0,0,0,135,4400,759,9,上位,0,0,0
1293,329,59,162,389,0,1,972,135,4400,759,9,上位,0,972,57
964,964,0,162,389,0,2,1301,135,4400,759,9,上位,0,329,59
484,352,115,118,180,0,0,0,2265,441,-2338,4,下位,0,0,0
132,132,0,118,180,0,1,352,2265,441,-2338,4,下位,0,352,115
974,974,0,96,136,0,0,0,484,232,-2772,2,下位,0,0,0
370,370,0,170,227,1,0,0,0,0,1,0,下位,0,0,0
969,969,0,142,357,0,0,0,370,279,-317,3,下位,0,0,0
665,665,0,1283,6397,0,0,0,969,409,-1471,4,下位,0,0,0
490,490,0,187,305,1,0,0,0,0,1,0,下位,0,0,0
583,583,0,124,246,0,0,0,490,357,-432,4,下位,0,0,0
234,234,0,1252,6127,0,0,0,583,298,-1074,2,下位,0,0,0
434,434,0,196,344,0,0,0,234,6179,750,11,上位,0,0,0
815,544,61,70,113,0,0,0,434,396,446,4,下位,0,0,0
271,271,0,70,113,0,1,544,434,396,446,4,下位,0,544,61
962,962,0,71,113,0,0,0,815,165,-642,1,下位,0,0,0
131,131,0,169,248,0,0,0,962,165,-2029,1,下位,0,0,0
694,694,0,67,110,1,0,0,0,0,1,0,下位,0,0,0
376,376,0,141,208,0,0,0,694,162,-956,1,下位,0,0,0
895,895,0,183,286,0,0,0,376,260,-1302,3,下位,0,0,0
1928,964,55,64,127,0,0,0,895,338,-2408,5,下位,0,0,0
964,964,0,64,127,0,1,964,895,338,-2408,5,下位,0,964,55
928,211,61,174,387,0,0,0,1928,179,-5284,1,下位,0,0,0
717,717,0,174,387,0,1,211,1928,179,-5284,1,下位,0,211,61
167,167,0,95,145,0,0,0,928,439,-6280,5,下位,0,0,0
588,588,0,103,131,1,0,0,0,0,1,0,下位,0,0,0
488,273,61,96,149,0,0,0,588,183,-764,2,下位,0,0,0
215,215,0,96,149,0,1,273,588,183,-764,2,下位,0,273,61
860,580,63,100,75,0,0,0,488,201,-1289,2,下位,0,0,0
280,280,0,100,75,0,1,580,488,201,-1289,2,下位,0,580,63
198,198,0,126,99,0,0,0,860,127,-2486,2,下位,0,0,0
2239,412,283,159,336,0,0,0,198,151,-2654,3,下位,0,0,0
1827,206,168,159,336,0,1,412,198,151,-2654,3,下位,0,412,115
1621,651,113,159,336,0,2,618,198,151,-2654,3,下位,0,206,55
970,970,0,159,336,0,3,1269,198,151,-2654,3,下位,0,651,113
893,893,0,100,219,0,0,0,2239,388,-5595,3,下位,0,0,0
448,165,117,123,258,0,0,0,893,271,-6764,2,下位,0,0,0
283,283,0,123,258,0,1,165,893,271,-6764,2,下位,0,165,117
229,229,0,126,243,1,0,0,0,0,1,0,下位,0,0,0
709,92,110,147,350,0,0,0,229,295,-73,3,下位,0,0,0
617,617,0,147,350,0,1,92,229,295,-73,3,下位,0,92,110
453,453,0,83,170,0,0,0,709,402,-704,4,下位,0,0,0
833,833,0,1294,6377,0,0,0,453,222,-1213,1,下位,0,0,0
1659,818,115,783,3475,0,0,0,833,6429,760,11,上位,0,0,0
841,841,0,783,3475,0,1,818,833,6429,760,11,上位,0,818,115
637,225,226,74,101,0,0,0,1659,3527,759,9,上位,0,0,0
412,276,105,74,101,0,1,225,1659,3527,759,9,上位,0,225,121
136,136,0,74,101,0,2,501,1659,3527,759,9,上位,0,276,105
218,218,0,106,117,0,0,0,637,153,111,1,下位,0,0,0
50,50,0,122,174,0,0,0,218,169,-72,2,下位,0,0,0
860,860,0,751,3138,1,0,0,0,0,1,0,下位,0,0,0
1652,975,59,153,358,0,0,0,860,3190,748,7,上位,0,0,0
677,677,0,153,358,0,1,975,860,3190,748,7,上位,0,975,59
752,215,115,74,29,0,0,0,1652,410,-1448,4,下位,0,0,0
537,537,0,74,29,0,1,215,1652,410,-1448,4,下位,0,215,115
1345,861,117,136,305,0,0,0,752,81,-2465,1,下位,0,0,0
484,484,0,136,305,0,1,861,752,81,-2465,1,下位,0,861,117
965,965,0,117,194,0,0,0,1345,357,-4161,4,下位,0,0,0
483,483,0,169,247,1,0,0,0,0,1,0,下位,0,0,0
335,298,123,131,147,0,0,0,483,299,-479,3,下位,0,0,0
37,37,0,131,147,0,1,298,483,299,-479,3,下位,0,298,123
320,320,0,81,165,0,0,0,335,199,-698,2,下位,0,0,0
202,202,0,150,212,0,0,0,320,217,-997,1,下位,0,0,0
840,128,115,147,295,0,0,0,202,264,-1059,3,下位,0,0,0
712,712,0,147,295,0,1,128,202,264,-1059,3,下位,0,128,115
297,297,0,78,173,0,0,0,840,347,-1951,3,下位,0,0,0
147,147,0,85,174,0,0,0,297,225,-2205,1,下位,0,0,0
695,695,0,78,28,0,0,0,147,226,-2216,2,下位,0,0,0
969,969,0,75,102,0,0,0,695,80,-3257,1,下位,0,0,0
530,530,0,147,348,1,0,0,0,0,1,0,下位,0,0,0
294,294,0,64,35,0,0,0,530,400,-454,4,下位,0,0,0
731,731,0,79,168,0,0,0,294,87,-841,1,下位,0,0,0
114,114,0,140,229,0,0,0,731,220,-1800,2,下位,0,0,0
156,156,0,78,101,0,0,0,114,281,-1703,3,下位,0,0,0
238,238,0,98,140,0,0,0,156,153,-1802,1,下位,0,0,0
493,493,0,98,-5,1,0,0,0,0,1,0,下位,0,0,0
1516,548,113,173,253,0,0,0,493,47,-747,3,下位,0,0,0
968,968,0,173,253,0,1,548,493,47,-747,3,下位,0,548,113
727,727,0,173,234,0,0,0,1516,305,-2774,4,下位,0,0,0
675,675,0,105,63,1,0,0,0,0,1,0,下位,0,0,0
967,967,0,188,249,0,0,0,675,115,-973,2,下位,0,0,0
54,54,0,1686,8981,0,0,0,967,301,-2232,4,下位,0,0,0
742,742,0,80,171,1,0,0,0,0,1,0,下位,0,0,0
437,437,0,164,332,0,0,0,742,223,-973,1,下位,0,0,0
894,894,0,87,167,0,0,0,437,384,-1294,5,下位,0,0,0
480,480,0,91,159,1,0,0,0,0,1,0,下位,0,0,0
205,205,0,74,38,0,0,0,480,211,-562,2,下位,0,0,0
185,185,0,1062,4933,0,0,0,205,90,-803,1,下位,0,0,0
178,178,0,242,287,0,0,0,185,4985,747,10,上位,0,0,0
942,378,61,114,171,1,0,0,0,0,1,0,下位,0,0,0
564,564,0,114,171,1,1,378,0,0,1,0,下位,0,378,61
227,227,0,83,166,0,0,0,942,223,-1235,2,下位,0,0,0
1794,528,168,80,85,0,0,0,227,218,-1383,2,下位,0,0,0
1266,970,53,80,85,0,1,528,227,218,-1383,2,下位,0,528,115
296,296,0,80,85,0,2,1498,227,218,-1383,2,下位,0,970,53
882,304,115,76,107,1,0,0,0,0,1,0,下位,0,0,0
578,578,0,76,107,1,1,304,0,0,1,0,下位,0,304,115
1558,971,170,86,165,0,0,0,882,159,-1147,1,下位,0,0,0
587,95,57,86,165,0,1,971,882,159,-1147,1,下位,0,971,113
492,492,0,86,165,0,2,1066,882,159,-1147,1,下位,0,95,57
913,913,0,67,112,0,0,0,1558,217,-3273,1,下位,0,0,0
87,87,0,112,110,1,0,0,0,0,1,0,下位,0,0,0
715,715,0,161,325,0,0,0,87,162,24,3,下位,0,0,0
1106,140,59,1235,6328,0,0,0,715,377,-752,4,下位,0,0,0
966,966,0,1235,6328,0,1,140,715,377,-752,4,下位,0,140,59
264,264,0,139,227,1,0,0,0,0,1,0,下位,0,0,0
376,376,0,94,74,0,0,0,264,279,-146,3,下位,0,0,0
1100,797,55,96,150,0,0,0,376,126,-626,1,下位,0,0,0
303,303,0,96,150,0,1,797,376,126,-626,1,下位,0,797,55
369,369,0,153,274,0,0,0,1100,202,-2143,2,下位,0,0,0
51,51,0,918,4763,0,0,0,369,326,-2412,3,下位,0,0,0
962,962,0,185,359,0,0,0,51,4702,756,6,上位,0,0,0
47,47,0,153,276,1,0,0,0,0,1,0,下位,0,0,0
162,162,0,724,3097,0,0,0,47,328,253,3,下位,0,0,0
1946,484,178,172,250,0,0,0,162,3149,752,7,上位,0,0,0
1462,500,59,172,250,0,1,484,162,3149,752,7,上位,0,484,119
962,962,0,172,250,0,2,984,162,3149,752,7,上位,0,500,59
954,748,59,102,278,0,0,0,1946,302,-1907,4,下位,0,0,0
206,206,0,102,278,0,1,748,1946,302,-1907,4,下位,0,748,59
942,942,0,108,130,0,0,0,954,330,-3056,3,下位,0,0,0
222,222,0,56,50,1,0,0,0,0,1,0,下位,0,0,0
967,967,0,126,152,0,0,0,222,102,-255,1,下位,0,0,0
408,408,0,108,222,0,0,0,967,204,-1611,3,下位,0,0,0
974,974,0,157,261,0,0,0,408,274,-1995,3,下位,0,0,0
888,888,0,90,152,0,0,0,974,313,-3253,3,下位,0,0,0
42,42,0,67,110,1,0,0,0,0,1,0,下位,0,0,0
73,73,0,943,4623,0,0,0,42,162,95,1,下位,0,0,0
306,306,0,85,165,0,0,0,73,4675,747,7,上位,0,0,0
303,303,0,1084,5515,0,0,0,306,217,470,1,下位,0,0,0
973,973,0,102,283,0,0,0,303,5567,758,10,上位,0,0,0
350,188,119,68,111,0,0,0,973,335,-476,2,下位,0,0,0
162,162,0,68,111,0,1,188,973,335,-476,2,下位,0,188,119
2145,812,247,86,95,0,0,0,350,163,-758,1,下位,0,0,0
1333,35,184,86,95,0,1,812,350,163,-758,1,下位,0,812,63
1298,329,61,86,95,0,2,847,350,163,-758,1,下位,0,35,123
969,969,0,86,95,0,3,1176,350,163,-758,1,下位,0,329,61
455,311,115,110,198,0,0,0,2145,147,-3824,1,下位,0,0,0
144,144,0,110,198,0,1,311,2145,147,-3824,1,下位,0,311,115
318,318,0,90,155,0,0,0,455,250,-4193,2,下位,0,0,0
237,237,0,143,219,1,0,0,0,0,1,0,下位,0,0,0
196,196,0,104,132,0,0,0,237,271,-110,4,下位,0,0,0
474,474,0,81,88,0,0,0,196,184,-242,1,下位,0,0,0
544,544,0,104,209,0,0,0,474,140,-867,1,下位,0,0,0
930,930,0,115,268,0,0,0,544,261,-1483,3,下位,0,0,0
523,523,0,82,138,0,0,0,930,320,-2663,2,下位,0,0,0
152,152,0,140,294,0,0,0,523,190,-3317,1,下位,0,0,0
645,645,0,100,139,0,0,0,152,346,-3216,3,下位,0,0,0
281,281,0,70,37,0,0,0,645,191,-4065,1,下位,0,0,0
349,349,0,86,93,0,0,0,281,89,-4429,1,下位,0,0,0
1215,966,121,86,69,0,0,0,349,145,-4847,1,下位,0,0,0
249,249,0,86,69,0,1,966,349,145,-4847,1,下位,0,966,121
469,469,0,76,33,0,0,0,1215,121,-6565,1,下位,0,0,0
670,670,0,96,224,1,0,0,0,0,1,0,下位,0,0,0
906,906,0,84,91,0,0,0,670,276,-804,2,下位,0,0,0
291,291,0,59,55,0,0,0,906,143,-2122,1,下位,0,0,0
956,956,0,96,143,0,0,0,291,107,-2484,1,下位,0,0,0
320,94,61,83,87,0,0,0,956,195,-3831,2,下位,0,0,0
226,226,0,83,87,0,1,94,956,195,-3831,2,下位,0,94,61
552,412,115,76,33,0,0,0,320,139,-4148,1,下位,0,0,0
140,140,0,76,33,0,1,412,320,139,-4148,1,下位,0,412,115
180,180,0,100,48,0,0,0,552,85,-4839,1,下位,0,0,0
672,672,0,210,339,0,0,0,180,100,-5029,2,下位,0,0,0
973,716,53,75,105,0,0,0,672,391,-5722,6,下位,0,0,0
257,257,0,75,105,0,1,716,672,391,-5722,6,下位,0,716,53
412,154,121,71,109,1,0,0,0,0,1,0,下位,0,0,0
258,258,0,71,109,1,1,154,0,0,1,0,下位,0,154,121
834,834,0,56,55,0,0,0,412,161,-381,1,下位,0,0,0
441,441,0,118,183,0,0,0,834,107,-1619,1,下位,0,0,0
417,417,0,63,54,0,0,0,441,235,-2095,2,下位,0,0,0
833,232,56,120,170,0,0,0,417,106,-2662,1,下位,0,0,0
601,601,0,120,170,0,1,232,417,106,-2662,1,下位,0,232,56
338,338,0,138,219,0,0,0,833,222,-3727,2,下位,0,0,0
360,360,0,77,100,1,0,0,0,0,1,0,下位,0,0,0
1357,264,235,91,238,0,0,0,360,152,-428,1,下位,0,0,0
1093,975,118,91,238,0,1,264,360,152,-428,1,下位,0,264,117
118,118,0,91,238,0,2,1239,360,152,-428,1,下位,0,975,118
619,619,0,82,96,0,0,0,1357,290,-2092,2,下位,0,0,0
1115,845,119,170,185,0,0,0,619,148,-2942,1,下位,0,0,0
270,270,0,170,185,0,1,845,619,148,-2942,1,下位,0,845,119
783,121,123,132,314,0,0,0,1115,237,-4384,4,下位,0,0,0
662,662,0,132,314,0,1,121,1115,237,-4384,4,下位,0,121,123
716,716,0,1470,7281,1,0,0,0,0,1,0,下位,0,0,0
108,108,0,77,104,0,0,0,716,7333,754,14,上位,0,0,0
694,694,0,112,183,0,0,0,108,156,736,1,下位,0,0,0
339,339,0,71,117,0,0,0,694,235,-148,3,下位,0,0,0
797,797,0,92,65,0,0,0,339,169,-526,1,下位,0,0,0
964,964,0,110,187,0,0,0,797,117,-1694,2,下位,0,0,0
884,884,0,79,89,1,0,0,0,0,1,0,下位,0,0,0
593,593,0,76,26,0,0,0,884,141,-1284,1,下位,0,0,0
196,196,0,67,116,0,0,0,593,78,-2162,1,下位,0,0,0
1580,319,118,171,234,0,0,0,196,168,-2310,1,下位,0,0,0
1261,801,57,171,234,0,1,319,196,168,-2310,1,下位,0,319,61
460,460,0,171,234,0,2,1120,196,168,-2310,1,下位,0,801,57
543,543,0,83,168,0,0,0,1580,286,-4455,3,下位,0,0,0
965,965,0,68,109,0,0,0,543,220,-5111,1,下位,0,0,0
972,972,0,1040,5284,0,0,0,965,161,-6506,1,下位,0,0,0
497,497,0,88,83,1,0,0,0,0,1,0,下位,0,0,0
659,659,0,90,156,0,0,0,497,135,-666,2,下位,0,0,0
754,754,0,150,131,0,0,0,659,208,-1521,2,下位,0,0,0
1441,475,63,78,26,0,0,0,754,183,-2554,3,下位,0,0,0
966,966,0,78,26,0,1,475,754,183,-2554,3,下位,0,475,63
795,795,0,138,291,1,0,0,0,0,1,0,下位,0,0,0
49,49,0,1041,5647,0,0,0,795,343,-938,3,下位,0,0,0
242,242,0,74,111,0,0,0,49,5640,769,7,上位,0,0,0
712,712,0,139,210,1,0,0,0,0,1,0,下位,0,0,0
248,248,0,1176,5906,0,0,0,712,262,-885,5,下位,0,0,0
63,63,0,79,175,0,0,0,248,5958,762,12,上位,0,0,0
151,151,0,150,351,1,0,0,0,0,1,0,下位,0,0,0
939,939,0,144,348,0,0,0,151,403,160,3,下位,0,0,0
969,969,0,99,279,0,0,0,939,400,-955,4,下位,0,0,0
252,252,0,131,265,1,0,0,0,0,1,0,下位,0,0,0
963,963,0,82,100,0,0,0,252,317,-88,4,下位,0,0,0
77,77,0,112,254,0,0,0,963,152,-1489,1,下位,0,0,0
667,204,234,111,200,0,0,0,77,306,-1307,2,下位,0,0,0
463,268,121,111,200,0,1,204,77,306,-1307,2,下位,0,204,113
195,195,0,111,200,0,2,472,77,306,-1307,2,下位,0,268,121
823,823,0,72,104,0,0,0,667,252,-1897,2,下位,0,0,0
268,268,0,156,259,0,0,0,823,156,-3068,1,下位,0,0,0
521,521,0,104,129,1,0,0,0,0,1,0,下位,0,0,0
963,963,0,85,83,0,0,0,521,181,-658,2,下位,0,0,0
1050,447,59,150,272,0,0,0,963,135,-2076,1,下位,0,0,0
603,603,0,150,272,0,1,447,963,135,-2076,1,下位,0,447,59
699,699,0,90,77,0,0,0,1050,324,-3387,3,下位,0,0,0
671,671,0,63,43,0,0,0,699,129,-4385,1,下位,0,0,0
367,367,0,94,152,0,0,0,671,95,-5372,1,下位,0,0,0
726,95,113,76,107,0,0,0,367,204,-5760,1,下位,0,0,0
631,631,0,76,107,0,1,95,367,204,-5760,1,下位,0,95,113
514,514,0,137,174,0,0,0,726,159,-6659,1,下位,0,0,0
672,672,0,118,181,1,0,0,0,0,1,0,下位,0,0,0
220,220,0,59,58,0,0,0,672,233,-850,3,下位,0,0,0
403,403,0,142,190,0,0,0,220,110,-1095,1,下位,0,0,0
260,97,115,109,194,0,0,0,403,242,-1503,3,下位,0,0,0
163,163,0,109,194,0,1,97,403,242,-1503,3,下位,0,97,115
968,968,0,103,129,0,0,0,260,246,-1561,2,下位,0,0,0
1515,550,59,136,222,0,0,0,968,181,-2941,2,下位,0,0,0
965,965,0,136,222,0,1,550,968,181,-2941,2,下位,0,550,59
880,880,0,69,119,0,0,0,1515,274,-5051,4,下位,0,0,0
489,489,0,69,119,0,0,0,880,171,-6299,1,下位,0,0,0
478,478,0,92,74,0,0,0,489,171,-6917,1,下位,0,0,0
898,898,0,77,20,1,0,0,0,0,1,0,下位,0,0,0
264,264,0,134,135,0,0,0,898,72,-1375,1,下位,0,0,0
439,439,0,106,118,0,0,0,264,187,-1614,4,下位,0,0,0
1495,953,60,90,148,0,0,0,439,170,-2152,2,下位,0,0,0
542,542,0,90,148,0,1,953,439,170,-2152,2,下位,0,953,60
932,932,0,76,100,0,0,0,1495,200,-4303,2,下位,0,0,0
925,925,0,75,102,0,0,0,932,152,-5654,2,下位,0,0,0
819,819,0,67,44,1,0,0,0,0,1,0,下位,0,0,0
205,205,0,107,201,0,0,0,819,96,-1224,1,下位,0,0,0
787,787,0,109,115,0,0,0,205,253,-1302,2,下位,0,0,0
300,300,0,144,271,0,0,0,787,167,-2404,2,下位,0,0,0
1092,516,112,134,240,0,0,0,300,323,-2565,3,下位,0,0,0
576,261,55,134,240,0,1,516,300,323,-2565,3,下位,0,516,57
315,315,0,134,240,0,2,777,300,323,-2565,3,下位,0,261,55
769,769,0,89,77,1,0,0,0,0,1,0,下位,0,0,0
938,141,362,72,102,0,0,0,769,129,-1110,1,下位,0,0,0
797,271,299,72,102,0,1,141,769,129,-1110,1,下位,0,141,63
526,193,180,72,102,0,2,412,769,129,-1110,1,下位,0,271,119
333,41,61,72,102,0,3,605,769,129,-1110,1,下位,0,193,119
292,292,0,72,102,0,4,646,769,129,-1110,1,下位,0,41,61
738,738,0,88,229,0,0,0,938,154,-2106,1,下位,0,0,0
538,538,0,203,334,0,0,0,738,281,-3015,2,下位,0,0,0
838,838,0,83,90,0,0,0,538,386,-3497,5,下位,0,0,0
120,120,0,150,128,0,0,0,838,142,-4707,1,下位,0,0,0
70,70,0,164,179,1,0,0,0,0,1,0,下位,0,0,0
261,261,0,81,96,0,0,0,70,231,119,3,下位,0,0,0
1142,589,59,98,222,0,0,0,261,148,-154,1,下位,0,0,0
553,553,0,98,222,0,1,589,261,148,-154,1,下位,0,589,59
302,302,0,74,105,0,0,0,1142,274,-1663,2,下位,0,0,0
95,95,0,84,228,0,0,0,302,157,-1993,1,下位,0,0,0
398,398,0,79,176,0,0,0,95,280,-1866,2,下位,0,0,0
37,37,0,113,113,1,0,0,0,0,1,0,下位,0,0,0
165,165,0,68,116,0,0,0,37,165,106,2,下位,0,0,0
291,291,0,904,4267,0,0,0,165,168,8,1,下位,0,0,0
1093,934,113,88,76,0,0,0,291,4319,774,9,上位,0,0,0
159,159,0,88,76,0,1,934,291,4319,774,9,上位,0,934,113
456,456,0,87,227,0,0,0,1093,128,-747,1,下位,0,0,0
1151,187,119,107,125,0,0,0,456,279,-1203,2,下位,0,0,0
964,964,0,107,125,0,1,187,456,279,-1203,2,下位,0,187,119
255,255,0,131,380,0,0,0,1151,177,-2764,2,下位,0,0,0
584,584,0,140,373,0,0,0,255,432,-2743,3,下位,0,0,0
732,216,115,86,89,1,0,0,0,0,1,0,下位,0,0,0
516,516,0,86,89,1,1,216,0,0,1,0,下位,0,216,115
402,402,0,1012,4600,0,0,0,732,141,-923,1,下位,0,0,0
95,95,0,100,125,0,0,0,402,4652,732,10,上位,0,0,0
1208,941,57,134,229,0,0,0,95,177,756,2,下位,0,0,0
267,267,0,134,229,0,1,941,95,177,756,2,下位,0,941,57
165,165,0,139,228,0,0,0,1208,281,-855,3,下位,0,0,0
1165,708,121,74,143,0,0,0,165,280,-841,3,下位,0,0,0
457,457,0,74,143,0,1,708,165,280,-841,3,下位,0,708,121
93,93,0,125,234,1,0,0,0,0,1,0,下位,0,0,0
810,810,0,150,280,0,0,0,93,286,137,3,下位,0,0,0
965,965,0,109,205,0,0,0,810,332,-837,3,下位,0,0,0
172,172,0,196,368,1,0,0,0,0,1,0,下位,0,0,0
704,704,0,79,173,0,0,0,172,420,144,5,下位,0,0,0
411,411,0,109,178,0,0,0,704,225,-766,1,下位,0,0,0
1593,965,61,61,46,0,0,0,411,230,-1199,3,下位,0,0,0
628,628,0,61,46,0,1,965,411,230,-1199,3,下位,0,965,61
360,360,0,84,94,0,0,0,1593,98,-3609,1,下位,0,0,0
1607,222,229,126,161,0,0,0,360,146,-4044,2,下位,0,0,0
1385,341,112,126,161,0,1,222,360,146,-4044,2,下位,0,222,117
1044,264,57,126,161,0,2,563,360,146,-4044,2,下位,0,341,55
780,780,0,126,161,0,3,827,360,146,-4044,2,下位,0,264,57
831,831,0,57,52,1,0,0,0,0,1,0,下位,0,0,0
197,197,0,1569,7749,0,0,0,831,104,-1235,1,下位,0,0,0
325,325,0,114,121,0,0,0,197,7801,776,14,上位,0,0,0
938,520,59,885,3921,0,0,0,325,173,425,2,下位,0,0,0
418,418,0,885,3921,0,1,520,325,173,425,2,下位,0,520,59
657,657,0,154,212,1,0,0,0,0,1,0,下位,0,0,0
937,937,0,120,251,0,0,0,657,264,-795,3,下位,0,0,0
556,556,0,168,299,0,0,0,937,303,-2003,2,下位,0,0,0
1109,973,113,141,302,0,0,0,556,351,-2549,4,下位,0,0,0
136,136,0,141,302,0,1,973,556,351,-2549,4,下位,0,973,113
1091,318,61,123,170,0,0,0,1109,354,-3870,4,下位,0,0,0
773,773,0,123,170,0,1,318,1109,354,-3870,4,下位,0,318,61
93,93,0,64,125,0,0,0,1091,222,-5347,2,下位,0,0,0
973,973,0,105,54,1,0,0,0,0,1,0,下位,0,0,0
1606,843,55,188,222,0,0,0,973,106,-1462,2,下位,0,0,0
763,763,0,188,222,0,1,843,973,106,-1462,2,下位,0,843,55
924,924,0,146,203,0,0,0,1606,274,-3724,3,下位,0,0,0
678,355,57,74,156,1,0,0,0,0,1,0,下位,0,0,0
323,323,0,74,156,1,1,355,0,0,1,0,下位,0,355,57
1354,777,113,104,245,0,0,0,678,208,-828,1,下位,0,0,0
577,577,0,104,245,0,1,777,678,208,-828,1,下位,0,777,113
1471,627,119,1342,6823,0,0,0,1354,297,-2602,3,下位,0,0,0
844,844,0,1342,6823,0,1,627,1354,297,-2602,3,下位,0,627,119
153,153,0,128,238,1,0,0,0,0,1,0,下位,0,0,0
864,864,0,96,154,0,0,0,153,290,44,4,下位,0,0,0
420,420,0,101,204,1,0,0,0,0,1,0,下位,0,0,0
275,77,63,100,200,0,0,0,420,256,-420,3,下位,0,0,0
198,198,0,100,200,0,1,77,420,256,-420,3,下位,0,77,63
539,539,0,1574,8359,0,0,0,275,252,-548,2,下位,0,0,0
294,294,0,168,341,1,0,0,0,0,1,0,下位,0,0,0
138,138,0,134,374,0,0,0,294,393,-80,3,下位,0,0,0
368,368,0,920,4302,0,0,0,138,426,123,4,下位,0,0,0
308,308,0,74,97,0,0,0,368,4354,757,9,上位,0,0,0
877,877,0,82,156,1,0,0,0,0,1,0,下位,0,0,0
256,256,0,110,188,0,0,0,877,208,-1206,2,下位,0,0,0
441,315,117,86,159,0,0,0,256,240,-1379,2,下位,0,0,0
126,126,0,86,159,0,1,315,256,240,-1379,2,下位,0,315,117
1714,687,112,157,192,0,0,0,441,211,-1762,2,下位,0,0,0
1027,729,57,157,192,0,1,687,441,211,-1762,2,下位,0,687,55
298,298,0,157,192,0,2,1416,441,211,-1762,2,下位,0,729,57
329,329,0,106,205,0,0,0,1714,244,-4171,3,下位,0,0,0
413,413,0,1034,4506,1,0,0,0,0,1,0,下位,0,0,0
2065,934,172,151,188,0,0,0,413,4558,752,10,上位,0,0,0
1131,255,117,151,188,0,1,934,413,4558,752,10,上位,0,934,55
876,876,0,151,188,0,2,1189,413,4558,752,10,上位,0,255,117
688,688,0,76,27,0,0,0,2065,240,-2166,4,下位,0,0,0
1264,734,55,103,130,0,0,0,688,79,-3197,1,下位,0,0,0
530,530,0,103,130,0,1,734,688,79,-3197,1,下位,0,734,55
1484,296,118,127,159,0,0,0,1264,182,-4999,1,下位,0,0,0
1188,291,61,127,159,0,1,296,1264,182,-4999,1,下位,0,296,57
897,897,0,127,159,0,2,587,1264,182,-4999,1,下位,0,291,61
452,452,0,65,49,1,0,0,0,0,1,0,下位,0,0,0
818,818,0,144,262,0,0,0,452,101,-627,1,下位,0,0,0
198,198,0,81,90,0,0,0,818,314,-1632,4,下位,0,0,0
191,191,0,141,284,1,0,0,0,0,1,0,下位,0,0,0
518,518,0,204,253,0,0,0,191,336,29,3,下位,0,0,0
280,280,0,75,155,0,0,0,518,305,-501,5,下位,0,0,0
345,345,0,86,91,1,0,0,0,0,1,0,下位,0,0,0
144,144,0,84,86,0,0,0,345,143,-412,1,下位,0,0,0
437,437,0,76,170,0,0,0,144,138,-506,2,下位,0,0,0
688,94,63,117,115,0,0,0,437,222,-989,1,下位,0,0,0
594,594,0,117,115,0,1,94,437,222,-989,1,下位,0,94,63
221,155,59,70,117,0,0,0,688,167,-1869,3,下位,0,0,0
66,66,0,70,117,0,1,155,688,167,-1869,3,下位,0,155,59
265,265,0,95,125,0,0,0,221,169,-1997,1,下位,0,0,0
612,612,0,1387,7109,0,0,0,265,177,-2247,2,下位,0,0,0
349,72,174,895,4253,1,0,0,0,0,1,0,下位,0,0,0
277,66,59,895,4253,1,1,72,0,0,1,0,下位,0,72,115
211,211,0,895,4253,1,2,138,0,0,1,0,下位,0,66,59
1055,846,121,96,142,0,0,0,349,4305,766,10,上位,0,0,0
209,209,0,96,142,0,1,846,349,4305,766,10,上位,0,846,121
703,703,0,140,299,0,0,0,1055,194,-621,1,下位,0,0,0
42,42,0,794,3909,0,0,0,703,351,-1404,3,下位,0,0,0
385,385,0,69,113,0,0,0,42,3961,753,6,上位,0,0,0
273,273,0,80,93,0,0,0,385,165,297,1,下位,0,0,0
302,302,0,143,221,0,0,0,273,145,2,1,下位,0,0,0
620,294,121,131,174,0,0,0,302,273,-212,2,下位,0,0,0
326,326,0,131,174,0,1,294,302,273,-212,2,下位,0,294,121
151,151,0,119,111,0,0,0,620,226,-865,2,下位,0,0,0
572,572,0,214,307,1,0,0,0,0,1,0,下位,0,0,0
1891,338,177,158,393,0,0,0,572,359,-563,5,下位,0,0,0
1553,813,61,158,393,0,1,338,572,359,-563,5,下位,0,338,116
740,740,0,158,393,0,2,1151,572,359,-563,5,下位,0,813,61
486,486,0,84,160,1,0,0,0,0,1,0,下位,0,0,0
969,969,0,1205,5992,0,0,0,486,212,-571,2,下位,0,0,0
828,828,0,189,225,0,0,0,969,6044,765,12,上位,0,0,0
754,754,0,143,207,1,0,0,0,0,1,0,下位,0,0,0
858,858,0,86,162,0,0,0,754,259,-956,3,下位,0,0,0
62,62,0,78,100,0,0,0,858,214,-2126,1,下位,0,0,0
204,204,0,187,370,1,0,0,0,0,1,0,下位,0,0,0
163,163,0,68,118,0,0,0,204,422,94,5,下位,0,0,0
957,79,60,80,165,0,0,0,163,170,1,1,下位,0,0,0
878,878,0,80,165,0,1,79,163,170,1,1,下位,0,79,60
122,122,0,130,168,0,0,0,957,217,-1265,2,下位,0,0,0
250,250,0,132,293,0,0,0,122,220,-1242,2,下位,0,0,0
359,271,63,62,48,1,0,0,0,0,1,0,下位,0,0,0
88,88,0,62,48,1,1,271,0,0,1,0,下位,0,271,63
173,173,0,928,4540,0,0,0,359,100,-415,1,下位,0,0,0
397,397,0,63,77,0,0,0,173,4592,767,9,上位,0,0,0
164,164,0,133,297,0,0,0,397,129,256,1,下位,0,0,0
158,158,0,98,79,0,0,0,164,349,340,3,下位,0,0,0
130,130,0,140,154,0,0,0,158,131,216,2,下位,0,0,0
183,183,0,680,3127,0,0,0,130,206,212,3,下位,0,0,0
1450,969,170,88,151,0,0,0,183,3179,749,6,上位,0,0,0
481,159,57,88,151,0,1,969,183,3179,749,6,上位,0,969,113
322,322,0,88,151,0,2,1128,183,3179,749,6,上位,0,159,57
928,928,0,1007,5174,0,0,0,1450,203,-1216,2,下位,0,0,0
140,140,0,75,97,1,0,0,0,0,1,0,下位,0,0,0
249,249,0,172,332,0,0,0,140,149,-76,1,下位,0,0,0
151,151,0,120,104,0,0,0,249,384,-94,5,下位,0,0,0
295,295,0,126,243,0,0,0,151,156,-182,2,下位,0,0,0
202,202,0,142,360,0,0,0,295,295,-363,2,下位,0,0,0
283,283,0,114,257,0,0,0,202,412,-277,3,下位,0,0,0
964,964,0,67,40,0,0,0,283,309,-424,2,下位,0,0,0
261,261,0,66,43,0,0,0,964,92,-1887,1,下位,0,0,0
967,967,0,182,310,0,0,0,261,95,-2213,1,下位,0,0,0
218,218,0,183,305,0,0,0,967,362,-3411,4,下位,0,0,0
971,971,0,73,27,0,0,0,218,357,-3406,4,下位,0,0,0
251,251,0,120,167,0,0,0,971,79,-4893,1,下位,0,0,0
534,534,0,214,325,1,0,0,0,0,1,0,下位,0,0,0
334,334,0,130,379,0,0,0,534,377,-483,5,下位,0,0,0
776,336,178,1121,5568,0,0,0,334,431,-591,3,下位,0,0,0
440,249,119,1121,5568,0,1,336,334,431,-591,3,下位,0,336,59
191,191,0,1121,5568,0,2,585,334,431,-591,3,下位,0,249,119
611,255,59,70,107,0,0,0,776,5620,762,12,上位,0,0,0
356,356,0,70,107,0,1,255,776,5620,762,12,上位,0,255,59
800,800,0,86,93,0,0,0,611,159,-5,1,下位,0,0,0
1316,96,354,108,113,0,0,0,800,145,-1150,1,下位,0,0,0
1220,35,291,108,113,0,1,96,800,145,-1150,1,下位,0,96,63
1185,103,176,108,113,0,2,131,800,145,-1150,1,下位,0,35,115
1082,112,119,108,113,0,3,234,800,145,-1150,1,下位,0,103,57
970,970,0,108,113,0,4,346,800,145,-1150,1,下位,0,112,119
1112,802,115,86,83,0,0,0,1316,165,-2754,2,下位,0,0,0
310,310,0,86,83,0,1,802,1316,165,-2754,2,下位,0,802,115
237,237,0,88,84,0,0,0,1112,135,-4298,2,下位,0,0,0
669,417,115,84,161,0,0,0,237,136,-4544,1,下位,0,0,0
252,252,0,84,161,0,1,417,237,136,-4544,1,下位,0,417,115
753,753,0,81,99,1,0,0,0,0,1,0,下位,0,0,0
970,970,0,127,384,0,0,0,753,151,-1063,2,下位,0,0,0
245,245,0,1332,6366,0,0,0,970,436,-2192,3,下位,0,0,0
286,286,0,66,40,0,0,0,245,6418,751,12,上位,0,0,0
439,439,0,606,3029,0,0,0,286,92,382,1,下位,0,0,0
965,965,0,157,264,0,0,0,439,3026,720,4,上位,0,0,0
308,308,0,146,291,1,0,0,0,0,1,0,下位,0,0,0
117,117,0,108,208,0,0,0,308,343,-153,3,下位,0,0,0
501,501,0,78,22,0,0,0,117,260,-82,3,下位,0,0,0
248,248,0,145,291,0,0,0,501,74,-816,1,下位,0,0,0
683,683,0,127,255,0,0,0,248,343,-873,4,下位,0,0,0
1769,797,53,78,175,0,0,0,683,307,-1668,3,下位,0,0,0
972,972,0,78,175,0,1,797,683,307,-1668,3,下位,0,797,53
892,892,0,107,129,0,0,0,1769,227,-4241,1,下位,0,0,0
221,221,0,117,254,0,0,0,892,181,-5499,2,下位,0,0,0
140,140,0,71,35,1,0,0,0,0,1,0,下位,0,0,0
592,592,0,82,177,0,0,0,140,87,-138,1,下位,0,0,0
157,157,0,123,170,0,0,0,592,229,-864,1,下位,0,0,0
442,442,0,99,207,0,0,0,157,222,-895,3,下位,0,0,0
121,121,0,100,130,0,0,0,442,259,-1349,2,下位,0,0,0
825,825,0,1126,5802,0,0,0,121,182,-1362,2,下位,0,0,0
1010,271,117,100,128,0,0,0,825,5854,757,10,上位,0,0,0
739,739,0,100,128,0,1,271,825,5854,757,10,上位,0,271,117
666,666,0,102,134,1,0,0,0,0,1,0,下位,0,0,0
277,277,0,87,151,0,0,0,666,186,-887,2,下位,0,0,0
835,835,0,88,84,0,0,0,277,203,-1131,1,下位,0,0,0
843,843,0,116,187,0,0,0,835,136,-2342,1,下位,0,0,0
1374,487,55,67,48,0,0,0,843,239,-3463,3,下位,0,0,0
887,887,0,67,48,0,1,487,843,239,-3463,3,下位,0,487,55
265,265,0,96,130,1,0,0,0,0,1,0,下位,0,0,0
190,190,0,112,197,0,0,0,265,182,-244,1,下位,0,0,0
486,189,104,110,124,0,0,0,190,249,-301,3,下位,0,0,0
297,297,0,110,124,0,1,189,190,249,-301,3,下位,0,189,104
873,262,122,129,123,0,0,0,486,176,-805,3,下位,0,0,0
611,405,63,129,123,0,1,262,486,176,-805,3,下位,0,262,59
206,206,0,129,123,0,2,667,486,176,-805,3,下位,0,405,63
717,717,0,88,83,0,0,0,873,175,-1916,2,下位,0,0,0
771,270,177,72,28,0,0,0,717,135,-2937,1,下位,0,0,0
501,207,63,72,28,0,1,270,717,135,-2937,1,下位,0,270,114
294,294,0,72,28,0,2,477,717,135,-2937,1,下位,0,207,63
306,306,0,74,110,0,0,0,771,80,-3923,1,下位,0,0,0
966,966,0,94,135,0,0,0,306,162,-4255,1,下位,0,0,0
969,969,0,84,140,0,0,0,966,187,-5626,2,下位,0,0,0
486,372,104,158,216,1,0,0,0,0,1,0,下位,0,0,0
114,114,0,158,216,1,1,372,0,0,1,0,下位,0,372,104
737,76,61,176,317,0,0,0,486,268,-411,3,下位,0,0,0
661,661,0,176,317,0,1,76,486,268,-411,3,下位,0,76,61
652,652,0,86,87,0,0,0,737,369,-1170,4,下位,0,0,0
1201,486,165,1803,9766,0,0,0,652,139,-2083,2,下位,0,0,0
715,189,55,1803,9766,0,1,486,652,139,-2083,2,下位,0,486,110
526,526,0,1803,9766,0,2,675,652,139,-2083,2,下位,0,189,55
243,243,0,913,4185,1,0,0,0,0,1,0,下位,0,0,0
281,281,0,83,138,0,0,0,243,4237,756,11,上位,0,0,0
492,492,0,91,137,0,0,0,281,190,493,1,下位,0,0,0
1590,273,234,81,81,0,0,0,492,189,-112,2,下位,0,0,0
1317,827,118,81,81,0,1,273,492,189,-112,2,下位,0,273,116
490,250,57,81,81,0,2,1100,492,189,-112,2,下位,0,827,61
240,240,0,81,81,0,3,1350,492,189,-112,2,下位,0,250,57
1113,850,63,66,88,0,0,0,1590,133,-2309,1,下位,0,0,0
263,263,0,66,88,0,1,850,1590,133,-2309,1,下位,0,850,63
1203,238,63,101,203,0,0,0,1113,140,-3901,1,下位,0,0,0
965,965,0,101,203,0,1,238,1113,140,-3901,1,下位,0,238,63
169,169,0,105,225,0,0,0,1203,255,-5523,2,下位,0,0,0
297,297,0,60,53,1,0,0,0,0,1,0,下位,0,0,0
495,495,0,133,223,0,0,0,297,105,-373,1,下位,0,0,0
965,965,0,71,148,0,0,0,495,275,-896,3,下位,0,0,0
396,396,0,153,154,0,0,0,965,200,-2252,1,下位,0,0,0
139,139,0,142,188,0,0,0,396,206,-2685,4,下位,0,0,0
978,978,0,66,96,0,0,0,139,240,-2669,3,下位,0,0,0
385,385,0,88,139,0,0,0,978,148,-4098,1,下位,0,0,0
888,888,0,91,109,0,0,0,385,191,-4528,1,下位,0,0,0
421,421,0,105,99,0,0,0,888,161,-5799,1,下位,0,0,0
637,111,159,175,337,0,0,0,421,151,-6327,2,下位,0,0,0
526,290,102,175,337,0,1,111,421,151,-6327,2,下位,0,111,57
236,236,0,175,337,0,2,401,421,151,-6327,2,下位,0,290,102
208,208,0,163,341,0,0,0,637,389,-6807,5,下位,0,0,0
504,237,104,66,12,0,0,0,208,393,-6749,4,下位,0,0,0
267,267,0,66,12,0,1,237,208,393,-6749,4,下位,0,237,104
751,751,0,86,83,1,0,0,0,0,1,0,下位,0,0,0
1353,278,120,81,62,0,0,0,751,135,-1075,1,下位,0,0,0
1075,962,61,81,62,0,1,278,751,135,-1075,1,下位,0,278,59
113,113,0,81,62,0,2,1240,751,135,-1075,1,下位,0,962,61
102,102,0,100,198,0,0,0,1353,114,-3023,1,下位,0,0,0
962,962,0,140,136,0,0,0,102,250,-2938,2,下位,0,0,0
795,795,0,152,236,0,0,0,962,188,-4302,2,下位,0,0,0
206,206,0,60,57,0,0,0,795,288,-5296,3,下位,0,0,0
158,158,0,113,31,1,0,0,0,0,1,0,下位,0,0,0
935,552,59,131,190,0,0,0,158,83,-171,2,下位,0,0,0
383,383,0,131,190,0,1,552,158,83,-171,2,下位,0,552,59
761,761,0,170,250,0,0,0,935,242,-1378,2,下位,0,0,0
381,381,0,122,282,0,0,0,761,302,-2303,3,下位,0,0,0
933,933,0,170,249,0,0,0,381,334,-2584,3,下位,0,0,0
219,219,0,68,114,0,0,0,933,301,-3788,4,下位,0,0,0
1196,233,104,1572,8201,0,0,0,219,166,-3975,1,下位,0,0,0
963,963,0,1572,8201,0,1,233,219,166,-3975,1,下位,0,233,104
469,71,59,103,187,1,0,0,0,0,1,0,下位,0,0,0
398,398,0,103,187,1,1,71,0,0,1,0,下位,0,71,59
364,188,57,154,386,0,0,0,469,239,-458,2,下位,0,0,0
176,176,0,154,386,0,1,188,469,239,-458,2,下位,0,188,57
1550,964,61,93,77,0,0,0,364,438,-550,5,下位,0,0,0
586,586,0,93,77,0,1,964,364,438,-550,5,下位,0,964,61
842,842,0,180,278,0,0,0,1550,129,-2860,2,下位,0,0,0
704,576,55,66,115,0,0,0,842,330,-3888,5,下位,0,0,0
128,128,0,66,115,0,1,576,842,330,-3888,5,下位,0,576,55
378,378,0,113,227,0,0,0,704,167,-4801,1,下位,0,0,0
48,48,0,125,309,1,0,0,0,0,1,0,下位,0,0,0
275,275,0,164,359,0,0,0,48,361,285,3,下位,0,0,0
59,59,0,672,3587,0,0,0,275,411,252,5,下位,0,0,0
1695,941,104,69,100,0,0,0,59,2257,744,3,上位,0,0,0
754,754,0,69,100,0,1,941,59,2257,744,3,上位,0,941,104
879,879,0,92,141,0,0,0,1695,152,-1734,1,下位,0,0,0
364,364,0,98,187,0,0,0,879,193,-2959,1,下位,0,0,0
880,880,0,88,155,0,0,0,364,239,-3307,3,下位,0,0,0
678,678,0,86,163,0,0,0,880,207,-4519,1,下位,0,0,0
552,552,0,151,131,1,0,0,0,0,1,0,下位,0,0,0
893,893,0,65,97,0,0,0,552,183,-706,3,下位,0,0,0
657,657,0,58,55,0,0,0,893,149,-1997,1,下位,0,0,0
709,709,0,121,178,0,0,0,657,107,-2950,1,下位,0,0,0
1031,230,98,57,62,0,0,0,709,230,-3864,2,下位,0,0,0
801,801,0,57,62,0,1,230,709,230,-3864,2,下位,0,230,98
758,450,61,142,239,0,0,0,1031,114,-5315,1,下位,0,0,0
308,308,0,142,239,0,1,450,1031,114,-5315,1,下位,0,450,61
978,978,0,106,191,0,0,0,758,291,-6186,3,下位,0,0,0
75,75,0,66,102,1,0,0,0,0,1,0,下位,0,0,0
149,149,0,78,76,0,0,0,75,154,34,1,下位,0,0,0
270,270,0,71,92,0,0,0,149,128,-78,1,下位,0,0,0
667,667,0,113,224,0,0,0,270,144,-369,1,下位,0,0,0
1907,455,161,127,289,0,0,0,667,276,-1169,3,下位,0,0,0
1452,761,102,127,289,0,1,455,667,276,-1169,3,下位,0,455,59
691,691,0,127,289,0,2,1216,667,276,-1169,3,下位,0,761,102
168,168,0,90,159,1,0,0,0,0,1,0,下位,0,0,0
968,968,0,130,298,0,0,0,168,211,-59,1,下位,0,0,0
548,548,0,64,43,0,0,0,968,350,-1270,4,下位,0,0,0
325,325,0,102,128,0,0,0,548,95,-2059,1,下位,0,0,0
493,493,0,122,229,0,0,0,325,180,-2403,1,下位,0,0,0
360,360,0,137,149,0,0,0,493,281,-2917,2,下位,0,0,0
963,963,0,86,85,0,0,0,360,201,-3297,3,下位,0,0,0
150,150,0,120,166,1,0,0,0,0,1,0,下位,0,0,0
1687,855,120,174,243,0,0,0,150,218,-23,3,下位,0,0,0
832,832,0,174,243,0,1,855,150,218,-23,3,下位,0,855,120
887,887,0,136,228,0,0,0,1687,295,-2329,4,下位,0,0,0
549,549,0,90,230,0,0,0,887,280,-3480,3,下位,0,0,0
802,802,0,111,193,1,0,0,0,0,1,0,下位,0,0,0
174,174,0,178,312,0,0,0,802,245,-1048,3,下位,0,0,0
176,176,0,135,242,0,0,0,174,364,-965,4,下位,0,0,0
642,642,0,84,155,0,0,0,176,294,-955,3,下位,0,0,0
455,455,0,94,218,0,0,0,642,207,-1783,1,下位,0,0,0
1619,305,239,104,144,0,0,0,455,270,-2247,2,下位,0,0,0
1314,283,120,104,144,0,1,305,455,270,-2247,2,下位,0,305,119
1031,470,57,104,144,0,2,588,455,270,-2247,2,下位,0,283,63
561,561,0,104,144,0,3,1058,455,270,-2247,2,下位,0,470,57
684,684,0,75,101,1,0,0,0,0,1,0,下位,0,0,0
1195,271,113,109,277,0,0,0,684,153,-949,1,下位,0,0,0
924,924,0,109,277,0,1,271,684,153,-949,1,下位,0,271,113
1115,569,53,1143,5619,0,0,0,1195,329,-2434,2,下位,0,0,0
546,546,0,1143,5619,0,1,569,1195,329,-2434,2,下位,0,569,53
849,849,0,58,43,0,0,0,1115,5671,773,11,上位,0,0,0
35,35,0,81,139,1,0,0,0,0,1,0,下位,0,0,0
812,812,0,131,233,0,0,0,35,191,136,2,下位,0,0,0
324,324,0,58,58,0,0,0,812,285,-889,4,下位,0,0,0
333,333,0,64,51,0,0,0,324,110,-1302,1,下位,0,0,0
594,369,120,136,165,0,0,0,333,103,-1736,1,下位,0,0,0
225,55,59,136,165,0,1,369,333,103,-1736,1,下位,0,369,61
170,170,0,136,165,0,2,424,333,103,-1736,1,下位,0,55,59
927,927,0,101,138,0,0,0,594,217,-2357,3,下位,0,0,0
440,440,0,96,142,0,0,0,927,190,-3662,2,下位,0,0,0
266,266,0,68,33,0,0,0,440,194,-4178,1,下位,0,0,0
208,208,0,110,193,0,0,0,266,85,-4522,1,下位,0,0,0
263,263,0,102,122,0,0,0,208,245,-4612,2,下位,0,0,0
194,194,0,95,141,0,0,0,263,174,-4862,2,下位,0,0,0
807,807,0,81,161,0,0,0,194,193,-4982,1,下位,0,0,0
662,662,0,77,98,1,0,0,0,0,1,0,下位,0,0,0
136,136,0,72,32,0,0,0,662,150,-917,1,下位,0,0,0
383,383,0,110,118,0,0,0,136,84,-1052,1,下位,0,0,0
268,268,0,108,202,0,0,0,383,170,-1500,2,下位,0,0,0
845,845,0,156,252,0,0,0,268,254,-1678,2,下位,0,0,0
144,144,0,116,184,1,0,0,0,0,1,0,下位,0,0,0
530,530,0,100,138,0,0,0,144,236,5,3,下位,0,0,0
126,126,0,57,52,0,0,0,530,190,-660,2,下位,0,0,0
199,199,0,83,89,0,0,0,126,104,-759,1,下位,0,0,0
1287,964,57,90,230,0,0,0,199,141,-939,1,下位,0,0,0
323,323,0,90,230,0,1,964,199,141,-939,1,下位,0,964,57
360,360,0,66,118,0,0,0,1287,282,-2676,2,下位,0,0,0
414,414,0,66,43,0,0,0,360,170,-3087,1,下位,0,0,0
250,250,0,110,262,0,0,0,414,95,-3660,1,下位,0,0,0
338,338,0,91,64,0,0,0,250,314,-3749,2,下位,0,0,0
928,928,0,2112,10984,0,0,0,338,116,-4178,2,下位,0,0,0
67,67,0,113,262,1,0,0,0,0,1,0,下位,0,0,0
1855,919,121,99,117,0,0,0,67,314,207,3,下位,0,0,0
936,936,0,99,117,0,1,919,67,314,207,3,下位,0,919,121
207,207,0,173,242,0,0,0,1855,169,-2495,1,下位,0,0,0
125,125,0,81,80,0,0,0,207,294,-2535,3,下位,0,0,0
963,963,0,148,223,0,0,0,125,132,-2605,1,下位,0,0,0
345,345,0,69,35,0,0,0,963,275,-3883,3,下位,0,0,0
371,72,113,128,251,0,0,0,345,87,-4352,1,下位,0,0,0
299,299,0,128,251,0,1,72,345,87,-4352,1,下位,0,72,113
611,611,0,77,169,1,0,0,0,0,1,0,下位,0,0,0
795,795,0,104,132,0,0,0,611,221,-763,1,下位,0,0,0
618,79,61,68,116,0,0,0,795,184,-1861,1,下位,0,0,0
539,539,0,68,116,0,1,79,795,184,-1861,1,下位,0,79,61
185,185,0,89,145,0,0,0,618,168,-2628,1,下位,0,0,0
310,310,0,1330,7023,0,0,0,185,197,-2729,1,下位,0,0,0
1384,628,59,79,91,0,0,0,310,7075,757,12,上位,0,0,0
756,756,0,79,91,0,1,628,310,7075,757,12,上位,0,628,59
751,751,0,94,142,1,0,0,0,0,1,0,下位,0,0,0
491,491,0,58,56,0,0,0,751,194,-1016,3,下位,0,0,0
1182,161,178,172,308,0,0,0,491,108,-1700,1,下位,0,0,0
1021,58,55,172,308,0,1,161,491,108,-1700,1,下位,0,161,123
963,963,0,172,308,0,2,219,491,108,-1700,1,下位,0,58,55
525,525,0,123,92,0,0,0,1182,360,-3069,5,下位,0,0,0
1187,362,55,83,79,0,0,0,525,144,-3772,2,下位,0,0,0
825,825,0,83,79,0,1,362,525,144,-3772,2,下位,0,362,55
319,319,0,101,270,0,0,0,1187,131,-5501,1,下位,0,0,0
961,961,0,1071,5342,1,0,0,0,0,1,0,下位,0,0,0
127,127,0,122,106,0,0,0,961,5394,758,10,上位,0,0,0
316,316,0,96,227,0,0,0,127,158,711,2,下位,0,0,0
294,294,0,155,261,0,0,0,316,279,480,2,下位,0,0,0
264,264,0,72,108,0,0,0,294,313,319,4,下位,0,0,0
265,265,0,101,49,0,0,0,264,160,53,1,下位,0,0,0
937,937,0,88,79,0,0,0,265,101,-273,2,下位,0,0,0
704,704,0,112,195,0,0,0,937,131,-1653,2,下位,0,0,0
782,782,0,103,130,0,0,0,704,247,-2541,2,下位,0,0,0
369,161,115,72,110,1,0,0,0,0,1,0,下位,0,0,0
208,208,0,72,110,1,1,161,0,0,1,0,下位,0,161,115
224,224,0,155,197,0,0,0,369,162,-317,1,下位,0,0,0
169,169,0,114,190,0,0,0,224,249,-429,3,下位,0,0,0
542,542,0,126,234,0,0,0,169,242,-460,2,下位,0,0,0
511,511,0,153,261,0,0,0,542,286,-1048,4,下位,0,0,0
930,930,0,93,152,0,0,0,511,313,-1559,3,下位,0,0,0
97,97,0,72,175,0,0,0,930,204,-2855,2,下位,0,0,0
249,249,0,101,132,0,0,0,97,227,-2784,1,下位,0,0,0
201,201,0,98,209,0,0,0,249,184,-3002,1,下位,0,0,0
984,263,47,76,27,0,0,0,201,261,-3065,2,下位,0,0,0
721,721,0,76,27,0,1,263,201,261,-3065,2,下位,0,263,47
849,849,0,80,175,1,0,0,0,0,1,0,下位,0,0,0
239,239,0,1045,5318,0,0,0,849,227,-1141,1,下位,0,0,0
286,286,0,1260,5871,0,0,0,239,5370,751,10,上位,0,0,0
306,306,0,106,274,0,0,0,286,5923,742,13,上位,0,0,0
163,163,0,182,296,0,0,0,306,326,574,2,下位,0,0,0
944,944,0,75,23,0,0,0,163,348,659,5,下位,0,0,0
793,793,0,80,95,0,0,0,944,75,-789,1,下位,0,0,0
374,374,0,173,243,0,0,0,793,147,-1921,1,下位,0,0,0
198,198,0,819,4122,0,0,0,374,295,-2229,3,下位,0,0,0
652,652,0,128,243,1,0,0,0,0,1,0,下位,0,0,0
743,743,0,136,148,0,0,0,652,295,-756,2,下位,0,0,0
1377,546,117,1394,6909,0,0,0,743,200,-1754,3,下位,0,0,0
831,831,0,1394,6909,0,1,546,743,200,-1754,3,下位,0,546,117
1395,962,232,710,3668,0,0,0,1377,6961,761,13,上位,0,0,0
433,287,119,710,3668,0,1,962,1377,6961,761,13,上位,0,962,113
146,146,0,710,3668,0,2,1249,1377,6961,761,13,上位,0,287,119
935,935,0,144,220,0,0,0,1395,3605,754,4,上位,0,0,0
117,117,0,102,112,1,0,0,0,0,1,0,下位,0,0,0
393,393,0,93,139,0,0,0,117,164,-24,2,下位,0,0,0
302,122,119,58,57,0,0,0,393,191,-467,1,下位,0,0,0
180,180,0,58,57,0,1,122,393,191,-467,1,下位,0,122,119
226,226,0,100,141,0,0,0,302,109,-726,1,下位,0,0,0
699,699,0,69,110,1,0,0,0,0,1,0,下位,0,0,0
597,597,0,80,93,0,0,0,699,162,-964,2,下位,0,0,0
947,513,117,95,142,0,0,0,597,145,-1782,1,下位,0,0,0
434,434,0,95,142,0,1,513,597,145,-1782,1,下位,0,513,117
200,200,0,1087,5679,0,0,0,947,194,-2998,2,下位,0,0,0
845,845,0,160,409,1,0,0,0,0,1,0,下位,0,0,0
189,189,0,124,331,0,0,0,845,461,-901,5,下位,0,0,0
671,671,0,68,116,1,0,0,0,0,1,0,下位,0,0,0
400,400,0,164,224,0,0,0,671,168,-913,1,下位,0,0,0
720,720,0,104,134,1,0,0,0,0,1,0,下位,0,0,0
605,605,0,195,298,0,0,0,720,186,-974,1,下位,0,0,0
190,190,0,171,323,0,0,0,605,350,-1600,5,下位,0,0,0
564,564,0,118,191,1,0,0,0,0,1,0,下位,0,0,0
211,211,0,122,184,0,0,0,564,243,-666,2,下位,0,0,0
267,267,0,149,243,0,0,0,211,236,-770,2,下位,0,0,0
593,593,0,110,267,1,0,0,0,0,1,0,下位,0,0,0
1190,321,57,1120,5566,0,0,0,593,319,-636,2,下位,0,0,0
869,869,0,1120,5566,0,1,321,593,319,-636,2,下位,0,321,57
1041,362,63,182,371,1,0,0,0,0,1,0,下位,0,0,0
679,679,0,182,371,1,1,362,0,0,1,0,下位,0,362,63
154,154,0,72,40,0,0,0,1041,423,-1192,4,下位,0,0,0
191,191,0,113,122,0,0,0,154,92,-1348,1,下位,0,0,0
502,502,0,166,251,0,0,0,191,174,-1482,3,下位,0,0,0
806,806,0,160,275,0,0,0,502,303,-1989,4,下位,0,0,0
183,183,0,71,30,0,0,0,806,327,-2962,4,下位,0,0,0
525,525,0,143,297,0,0,0,183,82,-3175,1,下位,0,0,0
267,267,0,142,355,0,0,0,525,349,-3673,3,下位,0,0,0
708,708,0,68,114,1,0,0,0,0,1,0,下位,0,0,0
301,301,0,129,140,0,0,0,708,166,-975,1,下位,0,0,0
730,730,0,103,199,1,0,0,0,0,1,0,下位,0,0,0
244,244,0,84,158,0,0,0,730,251,-925,3,下位,0,0,0
220,220,0,876,4202,1,0,0,0,0,1,0,下位,0,0,0
127,127,0,159,268,0,0,0,220,4254,764,9,上位,0,0,0
576,576,0,88,162,1,0,0,0,0,1,0,下位,0,0,0
1702,756,61,1140,5831,0,0,0,576,214,-714,2,下位,0,0,0
946,946,0,1140,5831,0,1,756,576,214,-714,2,下位,0,756,61
1349,963,61,726,3404,0,0,0,1702,5883,758,11,上位,0,0,0
386,386,0,726,3404,0,1,963,1702,5883,758,11,上位,0,963,61
529,97,168,225,310,0,0,0,1349,3456,767,7,上位,0,0,0
432,200,55,225,310,0,1,97,1349,3456,767,7,上位,0,97,113
232,232,0,225,310,0,2,297,1349,3456,767,7,上位,0,200,55
311,311,0,1282,6261,0,0,0,529,362,444,5,下位,0,0,0
292,292,0,71,104,0,0,0,311,6313,754,12,上位,0,0,0
646,646,0,72,112,1,0,0,0,0,1,0,下位,0,0,0
127,127,0,62,44,0,0,0,646,164,-877,1,下位,0,0,0
636,636,0,86,167,1,0,0,0,0,1,0,下位,0,0,0
226,226,0,82,167,0,0,0,636,219,-806,2,下位,0,0,0
2449,714,410,121,316,0,0,0,226,219,-952,1,下位,0,0,0
1735,172,287,121,316,0,1,714,226,219,-952,1,下位,0,714,123
1563,307,174,121,316,0,2,886,226,219,-952,1,下位,0,172,113
1256,291,55,121,316,0,3,1193,226,219,-952,1,下位,0,307,119
965,965,0,121,316,0,4,1484,226,219,-952,1,下位,0,291,55
611,611,0,119,116,1,0,0,0,0,1,0,下位,0,0,0
838,383,174,116,177,0,0,0,611,168,-816,2,下位,0,0,0
455,308,115,116,177,0,1,383,611,168,-816,2,下位,0,383,59
147,147,0,116,177,0,2,691,611,168,-816,2,下位,0,308,115
490,490,0,75,31,0,0,0,838,229,-1765,2,下位,0,0,0
1108,208,180,184,295,0,0,0,490,83,-2472,1,下位,0,0,0
900,92,119,184,295,0,1,208,490,83,-2472,1,下位,0,208,61
808,808,0,184,295,0,2,300,490,83,-2472,1,下位,0,92,119
199,199,0,131,312,0,0,0,1108,347,-3731,4,下位,0,0,0
714,714,0,125,234,0,0,0,199,364,-3688,3,下位,0,0,0
1269,908,59,80,97,0,0,0,714,286,-4554,3,下位,0,0,0
361,361,0,80,97,0,1,908,714,286,-4554,3,下位,0,908,59
1066,696,55,92,64,0,0,0,1269,149,-6393,1,下位,0,0,0
370,370,0,92,64,0,1,696,1269,149,-6393,1,下位,0,696,55
264,264,0,210,336,1,0,0,0,0,1,0,下位,0,0,0
923,923,0,148,219,0,0,0,264,388,-37,5,下位,0,0,0
1054,91,57,122,316,0,0,0,923,271,-1255,3,下位,0,0,0
963,963,0,122,316,0,1,91,923,271,-1255,3,下位,0,91,57
288,288,0,68,120,0,0,0,1054,368,-2530,3,下位,0,0,0
1797,905,55,132,246,0,0,0,288,172,-2823,1,下位,0,0,0
892,892,0,132,246,0,1,905,288,172,-2823,1,下位,0,905,55
259,259,0,1287,6608,0,0,0,1797,298,-5369,3,下位,0,0,0
329,329,0,108,133,1,0,0,0,0,1,0,下位,0,0,0
128,128,0,74,109,0,0,0,329,185,-345,2,下位,0,0,0
653,194,117,142,147,0,0,0,128,161,-390,1,下位,0,0,0
459,459,0,142,147,0,1,194,128,161,-390,1,下位,0,194,117
721,721,0,105,129,0,0,0,653,199,-1127,4,下位,0,0,0
512,512,0,182,164,0,0,0,721,181,-2109,2,下位,0,0,0
260,260,0,98,284,0,0,0,512,216,-2719,4,下位,0,0,0
726,726,0,67,38,0,0,0,260,336,-2802,2,下位,0,0,0
228,228,0,198,352,0,0,0,726,90,-3883,1,下位,0,0,0
269,269,0,68,118,0,0,0,228,404,-3847,5,下位,0,0,0
605,605,0,152,346,0,0,0,269,170,-4111,1,下位,0,0,0
165,165,0,1700,8822,0,0,0,605,398,-4689,4,下位,0,0,0
161,161,0,141,230,1,0,0,0,0,1,0,下位,0,0,0
136,136,0,152,405,0,0,0,161,282,23,3,下位,0,0,0
465,131,63,104,124,0,0,0,136,457,261,5,下位,0,0,0
334,334,0,104,124,0,1,131,136,457,261,5,下位,0,131,63
1282,319,61,65,45,0,0,0,465,176,-250,2,下位,0,0,0
963,963,0,65,45,0,1,319,465,176,-250,2,下位,0,319,61
658,658,0,56,39,0,0,0,1282,97,-2160,1,下位,0,0,0
475,475,0,108,194,0,0,0,658,91,-3130,1,下位,0,0,0
99,99,0,66,108,0,0,0,475,246,-3650,3,下位,0,0,0
302,302,0,88,79,0,0,0,99,160,-3650,1,下位,0,0,0
451,451,0,136,154,1,0,0,0,0,1,0,下位,0,0,0
369,369,0,120,150,0,0,0,451,206,-520,2,下位,0,0,0
440,255,63,119,247,0,0,0,369,202,-913,2,下位,0,0,0
185,185,0,119,247,0,1,255,369,202,-913,2,下位,0,255,63
965,965,0,61,53,0,0,0,440,299,-1260,3,下位,0,0,0
619,170,57,999,4780,1,0,0,0,0,1,0,下位,0,0,0
449,449,0,999,4780,1,1,170,0,0,1,0,下位,0,170,57
1618,871,120,82,164,0,0,0,619,4832,753,9,上位,0,0,0
747,662,59,82,164,0,1,871,619,4832,753,9,上位,0,871,61
85,85,0,82,164,0,2,1533,619,4832,753,9,上位,0,662,59
781,781,0,142,134,0,0,0,1618,216,-1521,1,下位,0,0,0
408,173,63,96,145,0,0,0,781,186,-2595,3,下位,0,0,0
235,235,0,96,145,0,1,173,781,186,-2595,3,下位,0,173,63
1984,382,116,116,180,0,0,0,408,197,-2993,1,下位,0,0,0
1602,881,55,116,180,0,1,382,408,197,-2993,1,下位,0,382,61
721,721,0,116,180,0,2,1263,408,197,-2993,1,下位,0,881,55
496,496,0,94,70,0,0,0,1984,232,-5845,2,下位,0,0,0
302,302,0,85,162,0,0,0,496,122,-6523,2,下位,0,0,0
85,85,0,74,103,0,0,0,302,214,-6796,2,下位,0,0,0
362,362,0,72,32,0,0,0,85,155,-6778,1,下位,0,0,0
140,140,0,126,166,1,0,0,0,0,1,0,下位,0,0,0
685,685,0,80,97,0,0,0,140,218,-7,3,下位,0,0,0
342,342,0,92,80,0,0,0,685,149,-963,1,下位,0,0,0
200,200,0,88,157,0,0,0,342,132,-1383,1,下位,0,0,0
640,640,0,88,71,1,0,0,0,0,1,0,下位,0,0,0
970,970,0,1394,7108,0,0,0,640,123,-908,1,下位,0,0,0
537,537,0,90,144,0,0,0,970,7160,761,13,上位,0,0,0
976,336,121,93,64,1,0,0,0,0,1,0,下位,0,0,0
640,640,0,93,64,1,1,336,0,0,1,0,下位,0,336,121
276,276,0,68,108,0,0,0,976,116,-1336,2,下位,0,0,0
1052,96,119,146,263,0,0,0,276,160,-1621,1,下位,0,0,0
956,956,0,146,263,0,1,96,276,160,-1621,1,下位,0,96,119
1432,251,293,157,330,0,0,0,1052,315,-2884,3,下位,0,0,0
1181,128,178,157,330,0,1,251,1052,315,-2884,3,下位,0,251,115
1053,466,61,157,330,0,2,379,1052,315,-2884,3,下位,0,128,117
587,587,0,157,330,0,3,845,1052,315,-2884,3,下位,0,466,61
778,778,0,110,46,1,0,0,0,0,1,0,下位,0,0,0
145,145,0,112,123,0,0,0,778,98,-1156,2,下位,0,0,0
897,897,0,162,335,0,0,0,145,175,-1215,2,下位,0,0,0
410,410,0,104,126,1,0,0,0,0,1,0,下位,0,0,0
1672,963,174,152,356,0,0,0,410,178,-482,2,下位,0,0,0
709,572,61,152,356,0,1,963,410,178,-482,2,下位,0,963,113
137,137,0,152,356,0,2,1535,410,178,-482,2,下位,0,572,61
881,170,57,135,161,1,0,0,0,0,1,0,下位,0,0,0
711,711,0,135,161,1,1,170,0,0,1,0,下位,0,170,57
782,782,0,164,261,0,0,0,881,213,-1150,2,下位,0,0,0
549,549,0,109,203,0,0,0,782,313,-2098,3,下位,0,0,0
719,719,0,74,111,0,0,0,549,255,-2728,2,下位,0,0,0
999,878,121,80,93,0,0,0,719,163,-3725,1,下位,0,0,0
121,121,0,80,93,0,1,878,719,163,-3725,1,下位,0,878,121
369,133,63,1094,5459,0,0,0,999,145,-5070,1,下位,0,0,0
236,236,0,1094,5459,0,1,133,999,145,-5070,1,下位,0,133,63
95,95,0,137,227,0,0,0,369,5511,-92,10,上位,0,0,0
556,556,0,92,74,1,0,0,0,0,1,0,下位,0,0,0
340,340,0,89,60,0,0,0,556,126,-770,2,下位,0,0,0
352,352,0,1841,9358,0,0,0,340,112,-1206,2,下位,0,0,0
758,758,0,102,59,0,0,0,352,9410,759,16,上位,0,0,0
457,192,107,179,237,1,0,0,0,0,1,0,下位,0,0,0
265,265,0,179,237,1,1,192,0,0,1,0,下位,0,192,107
884,884,0,132,309,0,0,0,457,289,-340,3,下位,0,0,0
188,188,0,1386,7055,0,0,0,884,361,-1405,3,下位,0,0,0
675,675,0,70,122,1,0,0,0,0,1,0,下位,0,0,0
965,965,0,199,348,0,0,0,675,174,-914,1,下位,0,0,0
90,90,0,1101,6083,0,0,0,965,400,-2070,6,下位,0,0,0
42,42,0,194,373,0,0,0,90,4640,768,6,上位,0,0,0
259,259,0,138,284,1,0,0,0,0,1,0,下位,0,0,0
1595,974,53,107,207,0,0,0,259,336,-81,3,下位,0,0,0
621,621,0,107,207,0,1,974,259,336,-81,3,下位,0,974,53
217,217,0,1086,4990,0,0,0,1595,259,-2342,2,下位,0,0,0
178,178,0,1191,6293,1,0,0,0,0,1,0,下位,0,0,0
689,689,0,264,249,1,0,0,0,0,1,0,下位,0,0,0
969,969,0,82,172,0,0,0,689,301,-809,6,下位,0,0,0
496,496,0,78,97,0,0,0,969,224,-2148,1,下位,0,0,0
668,516,59,84,87,0,0,0,496,149,-2799,1,下位,0,0,0
152,152,0,84,87,0,1,516,496,149,-2799,1,下位,0,516,59
732,682,61,69,115,0,0,0,668,139,-3678,1,下位,0,0,0
50,50,0,69,115,0,1,682,668,139,-3678,1,下位,0,682,61
390,390,0,99,71,0,0,0,732,167,-4631,1,下位,0,0,0
87,87,0,86,42,1,0,0,0,0,1,0,下位,0,0,0
93,93,0,776,3956,0,0,0,87,94,-45,2,下位,0,0,0
277,277,0,122,183,1,0,0,0,0,1,0,下位,0,0,0
495,495,0,69,121,0,0,0,277,235,-211,2,下位,0,0,0
320,320,0,92,92,0,0,0,495,173,-836,1,下位,0,0,0
307,307,0,68,33,0,0,0,320,144,-1208,2,下位,0,0,0
55,55,0,86,145,0,0,0,307,85,-1618,1,下位,0,0,0
193,193,0,58,60,0,0,0,55,197,-1510,2,下位,0,0,0
1091,542,61,153,259,1,0,0,0,0,1,0,下位,0,0,0
549,549,0,153,259,1,1,542,0,0,1,0,下位,0,542,61
224,224,0,78,104,0,0,0,1091,311,-1386,3,下位,0,0,0
278,278,0,124,90,1,0,0,0,0,1,0,下位,0,0,0
378,378,0,88,80,0,0,0,278,142,-305,2,下位,0,0,0
195,195,0,130,400,0,0,0,378,132,-783,1,下位,0,0,0
861,861,0,99,221,0,0,0,195,452,-646,3,下位,0,0,0
64,64,0,134,235,1,0,0,0,0,1,0,下位,0,0,0
798,662,121,96,152,0,0,0,64,287,185,2,下位,0,0,0
136,136,0,96,152,0,1,662,64,287,185,2,下位,0,662,121
1053,971,113,1236,6266,0,0,0,798,204,-777,2,下位,0,0,0
82,82,0,1236,6266,0,1,971,798,204,-777,2,下位,0,971,113
210,210,0,109,123,1,0,0,0,0,1,0,下位,0,0,0
970,970,0,128,236,0,0,0,210,175,-163,2,下位,0,0,0
802,802,0,57,54,0,0,0,970,288,-1440,3,下位,0,0,0
938,938,0,89,153,0,0,0,802,106,-2628,1,下位,0,0,0
374,374,0,86,69,1,0,0,0,0,1,0,下位,0,0,0
293,293,0,134,193,0,0,0,374,121,-481,2,下位,0,0,0
969,969,0,74,170,0,0,0,293,245,-709,3,下位,0,0,0
170,170,0,102,189,0,0,0,969,222,-2050,1,下位,0,0,0
187,187,0,65,25,0,0,0,170,241,-2083,3,下位,0,0,0
565,565,0,57,52,0,0,0,187,77,-2308,1,下位,0,0,0
439,439,0,78,20,0,0,0,565,104,-3115,1,下位,0,0,0
1335,331,239,112,193,1,0,0,0,0,1,0,下位,0,0,0
1004,262,178,112,193,1,1,331,0,0,1,0,下位,0,331,61
742,331,63,112,193,1,2,593,0,0,1,0,下位,0,262,115
411,411,0,112,193,1,3,924,0,0,1,0,下位,0,331,63
250,250,0,935,4361,0,0,0,1335,245,-1669,2,下位,0,0,0
682,682,0,1134,5057,0,0,0,250,4413,758,9,上位,0,0,0
547,547,0,99,140,1,0,0,0,0,1,0,下位,0,0,0
838,838,0,1046,5072,0,0,0,547,192,-689,2,下位,0,0,0
718,718,0,102,210,1,0,0,0,0,1,0,下位,0,0,0
770,501,102,126,325,0,0,0,718,262,-895,2,下位,0,0,0
269,269,0,126,325,0,1,501,718,262,-895,2,下位,0,501,102
478,478,0,54,59,1,0,0,0,0,1,0,下位,0,0,0
830,830,0,107,108,0,0,0,478,111,-659,1,下位,0,0,0
727,727,0,156,192,1,0,0,0,0,1,0,下位,0,0,0
271,271,0,59,57,1,0,0,0,0,1,0,下位,0,0,0
324,324,0,180,311,0,0,0,271,109,-327,1,下位,0,0,0
231,231,0,142,225,0,0,0,324,363,-487,4,下位,0,0,0
179,179,0,62,46,0,0,0,231,277,-583,3,下位,0,0,0
153,153,0,117,116,0,0,0,179,98,-774,1,下位,0,0,0
570,234,113,152,213,0,0,0,153,168,-853,2,下位,0,0,0
336,336,0,152,213,0,1,234,153,168,-853,2,下位,0,234,113
950,769,57,115,255,0,0,0,570,265,-1394,4,下位,0,0,0
181,181,0,115,255,0,1,769,570,265,-1394,4,下位,0,769,57
346,346,0,124,167,0,0,0,950,307,-2562,3,下位,0,0,0
162,162,0,134,162,0,0,0,346,219,-2901,2,下位,0,0,0
192,192,0,74,27,0,0,0,162,214,-2948,2,下位,0,0,0
850,850,0,1484,7610,0,0,0,192,79,-3179,1,下位,0,0,0
488,121,115,94,74,1,0,0,0,0,1,0,下位,0,0,0
367,367,0,94,74,1,1,121,0,0,1,0,下位,0,121,115
67,67,0,887,4511,0,0,0,488,126,-545,1,下位,0,0,0
198,198,0,62,46,0,0,0,67,4563,765,6,上位,0,0,0
1269,970,55,69,12,0,0,0,198,98,544,1,下位,0,0,0
299,299,0,69,12,0,1,970,198,98,544,1,下位,0,970,55
514,514,0,956,4615,0,0,0,1269,64,-1384,1,下位,0,0,0
335,335,0,671,2911,0,0,0,514,4667,757,10,上位,0,0,0
487,487,0,135,318,1,0,0,0,0,1,0,下位,0,0,0
229,229,0,79,99,0,0,0,487,370,-414,4,下位,0,0,0
1467,812,63,62,118,0,0,0,229,151,-632,1,下位,0,0,0
655,655,0,62,118,0,1,812,229,151,-632,1,下位,0,812,63
163,163,0,105,126,0,0,0,1467,170,-2765,1,下位,0,0,0
2921,852,231,72,110,0,0,0,163,178,-2850,2,下位,0,0,0
2069,273,174,72,110,0,1,852,163,178,-2850,2,下位,0,852,57
1796,832,57,72,110,0,2,1125,163,178,-2850,2,下位,0,273,117
964,964,0,72,110,0,3,1957,163,178,-2850,2,下位,0,832,57
634,498,119,104,207,1,0,0,0,0,1,0,下位,0,0,0
136,136,0,104,207,1,1,498,0,0,1,0,下位,0,498,119
881,200,63,83,156,0,0,0,634,259,-643,2,下位,0,0,0
681,681,0,83,156,0,1,200,634,259,-643,2,下位,0,200,63
1530,963,57,116,263,0,0,0,881,208,-1793,2,下位,0,0,0
567,567,0,116,263,0,1,963,881,208,-1793,2,下位,0,963,57
1535,916,238,92,82,0,0,0,1530,315,-3889,2,下位,0,0,0
619,298,121,92,82,0,1,916,1530,315,-3889,2,下位,0,916,117
321,321,0,92,82,0,2,1214,1530,315,-3889,2,下位,0,298,121
733,242,238,948,4559,0,0,0,1535,134,-5993,1,下位,0,0,0
491,95,119,948,4559,0,1,242,1535,134,-5993,1,下位,0,242,119
396,396,0,948,4559,0,2,337,1535,134,-5993,1,下位,0,95,119
298,298,0,98,133,0,0,0,733,4611,-2326,9,上位,0,0,0
126,126,0,92,73,0,0,0,298,185,-2622,1,下位,0,0,0
928,928,0,68,116,1,0,0,0,0,1,0,下位,0,0,0
973,176,59,102,149,0,0,0,928,168,-1328,1,下位,0,0,0
797,797,0,102,149,0,1,176,928,168,-1328,1,下位,0,176,59
895,895,0,136,220,0,0,0,973,201,-2637,2,下位,0,0,0
349,349,0,108,53,0,0,0,895,272,-3809,3,下位,0,0,0
328,328,0,142,276,0,0,0,349,105,-4267,2,下位,0,0,0
521,521,0,80,27,1,0,0,0,0,1,0,下位,0,0,0
175,175,0,85,154,0,0,0,521,79,-760,1,下位,0,0,0
216,216,0,168,392,0,0,0,175,206,-836,2,下位,0,0,0
731,731,0,114,324,0,0,0,216,444,-740,4,下位,0,0,0
654,654,0,144,288,1,0,0,0,0,1,0,下位,0,0,0
317,317,0,62,52,0,0,0,654,340,-714,4,下位,0,0,0
966,966,0,78,26,0,0,0,317,104,-1121,1,下位,0,0,0
195,195,0,132,175,0,0,0,966,78,-2601,1,下位,0,0,0
61,61,0,108,203,1,0,0,0,0,1,0,下位,0,0,0
469,469,0,117,116,0,0,0,61,255,158,3,下位,0,0,0
1223,260,59,166,157,0,0,0,469,168,-430,2,下位,0,0,0
963,963,0,166,157,0,1,260,469,168,-430,2,下位,0,260,59
1396,423,115,73,106,0,0,0,1223,209,-2134,4,下位,0,0,0
973,973,0,73,106,0,1,423,1223,209,-2134,4,下位,0,423,115
260,260,0,93,156,1,0,0,0,0,1,0,下位,0,0,0
636,636,0,69,114,0,0,0,260,208,-210,1,下位,0,0,0
684,684,0,148,433,0,0,0,636,166,-1070,1,下位,0,0,0
754,754,0,98,66,1,0,0,0,0,1,0,下位,0,0,0
588,588,0,112,101,0,0,0,754,118,-1097,2,下位,0,0,0
784,784,0,173,310,1,0,0,0,0,1,0,下位,0,0,0
640,640,0,135,233,0,0,0,784,362,-902,4,下位,0,0,0
338,338,0,171,235,0,0,0,640,285,-1649,4,下位,0,0,0
321,321,0,72,108,0,0,0,338,287,-1907,3,下位,0,0,0
1202,967,113,106,197,0,0,0,321,160,-2265,1,下位,0,0,0
235,235,0,106,197,0,1,967,321,160,-2265,1,下位,0,967,113
125,125,0,137,215,1,0,0,0,0,1,0,下位,0,0,0
964,964,0,1584,7556,0,0,0,125,267,66,3,下位,0,0,0
425,425,0,81,95,1,0,0,0,0,1,0,下位,0,0,0
173,173,0,110,110,0,0,0,425,147,-537,1,下位,0,0,0
219,219,0,90,157,0,0,0,173,162,-654,2,下位,0,0,0
318,318,0,108,130,0,0,0,219,209,-798,1,下位,0,0,0
580,580,0,180,384,1,0,0,0,0,1,0,下位,0,0,0
626,626,0,75,29,0,0,0,580,436,-498,4,下位,0,0,0
181,181,0,998,4924,1,0,0,0,0,1,0,下位,0,0,0
762,762,0,129,320,0,0,0,181,4976,764,9,上位,0,0,0
154,154,0,91,144,0,0,0,762,372,-93,3,下位,0,0,0
185,185,0,107,204,0,0,0,154,196,-145,1,下位,0,0,0
325,325,0,150,216,0,0,0,185,256,-187,2,下位,0,0,0
235,235,0,173,395,0,0,0,325,268,-443,3,下位,0,0,0
231,231,0,78,28,1,0,0,0,0,1,0,下位,0,0,0
107,107,0,142,298,0,0,0,231,80,-292,1,下位,0,0,0
891,891,0,115,262,0,0,0,107,350,-115,4,下位,0,0,0
246,246,0,132,235,1,0,0,0,0,1,0,下位,0,0,0
1208,550,57,108,133,0,0,0,246,287,-109,2,下位,0,0,0
658,658,0,108,133,0,1,550,246,287,-109,2,下位,0,550,57
275,275,0,967,4595,0,0,0,1208,185,-1815,2,下位,0,0,0
107,107,0,134,312,1,0,0,0,0,1,0,下位,0,0,0
836,836,0,1029,5074,0,0,0,107,364,192,4,下位,0,0,0
2077,245,587,80,85,0,0,0,836,5126,766,10,上位,0,0,0
1832,542,472,80,85,0,1,245,836,5126,766,10,上位,0,245,115
1290,179,357,80,85,0,2,787,836,5126,766,10,上位,0,542,115
1111,403,240,80,85,0,3,966,836,5126,766,10,上位,0,179,117
708,446,119,80,85,0,4,1369,836,5126,766,10,上位,0,403,121
262,262,0,80,85,0,5,1815,836,5126,766,10,上位,0,446,119
128,128,0,91,236,1,0,0,0,0,1,0,下位,0,0,0
965,965,0,167,413,0,0,0,128,288,83,2,下位,0,0,0
775,775,0,141,226,0,0,0,965,465,-1008,4,下位,0,0,0
812,812,0,84,85,1,0,0,0,0,1,0,下位,0,0,0
963,963,0,170,254,0,0,0,812,137,-1172,1,下位,0,0,0
198,198,0,75,107,1,0,0,0,0,1,0,下位,0,0,0
185,185,0,96,142,0,0,0,198,159,-159,1,下位,0,0,0
1377,760,121,137,225,0,0,0,185,194,-263,1,下位,0,0,0
617,617,0,137,225,0,1,760,185,194,-263,1,下位,0,760,121
1114,965,57,144,133,0,0,0,1377,277,-2086,2,下位,0,0,0
149,149,0,144,133,0,1,965,1377,277,-2086,2,下位,0,965,57
142,142,0,100,282,1,0,0,0,0,1,0,下位,0,0,0
644,644,0,79,173,0,0,0,142,334,106,2,下位,0,0,0
918,918,0,98,140,0,0,0,644,225,-708,1,下位,0,0,0
541,278,121,188,214,0,0,0,918,192,-1997,1,下位,0,0,0
263,263,0,188,214,0,1,278,918,192,-1997,1,下位,0,278,121
342,342,0,104,136,0,0,0,541,266,-2482,6,下位,0,0,0
19,19,0,131,291,1,0,0,0,0,1,0,下位,0,0,0
378,378,0,928,4163,0,0,0,19,343,313,4,下位,0,0,0
499,499,0,94,140,0,0,0,378,4215,759,10,上位,0,0,0
286,286,0,86,158,0,0,0,499,192,146,1,下位,0,0,0
657,657,0,136,220,0,0,0,286,210,-105,1,下位,0,0,0
663,663,0,71,39,1,0,0,0,0,1,0,下位,0,0,0
893,893,0,1290,6241,0,0,0,663,91,-977,1,下位,0,0,0
450,450,0,96,136,0,0,0,893,6293,777,11,上位,0,0,0
971,971,0,66,118,0,0,0,450,188,239,2,下位,0,0,0
880,880,0,902,4377,0,0,0,971,170,-1157,1,下位,0,0,0
639,639,0,936,4838,1,0,0,0,0,1,0,下位,0,0,0
936,936,0,128,253,0,0,0,639,4890,759,9,上位,0,0,0
710,710,0,125,391,1,0,0,0,0,1,0,下位,0,0,0
415,415,0,103,126,0,0,0,710,443,-701,3,下位,0,0,0
1290,328,59,1480,7670,0,0,0,415,178,-1192,1,下位,0,0,0
962,962,0,1480,7670,0,1,328,415,178,-1192,1,下位,0,328,59
825,825,0,1038,5225,1,0,0,0,0,1,0,下位,0,0,0
337,337,0,112,189,0,0,0,825,5277,771,10,上位,0,0,0
713,713,0,71,19,1,0,0,0,0,1,0,下位,0,0,0
52,52,0,145,139,0,0,0,713,71,-1078,1,下位,0,0,0
967,967,0,152,202,0,0,0,52,191,-971,2,下位,0,0,0
123,123,0,110,118,0,0,0,967,254,-2277,2,下位,0,0,0
262,262,0,174,154,0,0,0,123,170,-2305,2,下位,0,0,0
235,235,0,74,33,0,0,0,262,206,-2522,4,下位,0,0,0
1045,782,119,208,336,0,0,0,235,85,-2816,1,下位,0,0,0
263,263,0,208,336,0,1,782,235,85,-2816,1,下位,0,782,119
141,141,0,135,234,0,0,0,1045,388,-3994,5,下位,0,0,0
963,963,0,108,195,0,0,0,141,286,-3935,2,下位,0,0,0
27,27,0,58,64,1,0,0,0,0,1,0,下位,0,0,0
962,962,0,144,261,0,0,0,27,116,73,1,下位,0,0,0
372,372,0,175,238,0,0,0,962,313,-1166,3,下位,0,0,0
402,280,121,90,153,0,0,0,372,290,-1476,3,下位,0,0,0
122,122,0,90,153,0,1,280,372,290,-1476,3,下位,0,280,121
1105,962,115,194,290,0,0,0,402,205,-1799,1,下位,0,0,0
143,143,0,194,290,0,1,962,402,205,-1799,1,下位,0,962,115
610,610,0,956,4815,1,0,0,0,0,1,0,下位,0,0,0
277,277,0,130,310,1,0,0,0,0,1,0,下位,0,0,0
646,414,57,114,191,0,0,0,277,362,-84,3,下位,0,0,0
232,232,0,114,191,0,1,414,277,362,-84,3,下位,0,414,57
1198,423,113,163,262,0,0,0,646,243,-826,2,下位,0,0,0
775,775,0,163,262,0,1,423,646,243,-826,2,下位,0,423,113
774,774,0,98,138,1,0,0,0,0,1,0,下位,0,0,0
1358,523,232,143,132,0,0,0,774,190,-1057,1,下位,0,0,0
835,47,117,143,132,0,1,523,774,190,-1057,1,下位,0,523,115
788,788,0,143,132,0,2,570,774,190,-1057,1,下位,0,47,117
312,312,0,116,179,1,0,0,0,0,1,0,下位,0,0,0
1242,638,57,92,145,0,0,0,312,231,-271,2,下位,0,0,0
604,604,0,92,145,0,1,638,312,231,-271,2,下位,0,638,57
654,654,0,73,36,0,0,0,1242,197,-2020,1,下位,0,0,0
271,271,0,100,64,0,0,0,654,88,-2987,1,下位,0,0,0
494,494,0,149,207,0,0,0,271,116,-3308,2,下位,0,0,0
648,648,0,130,229,1,0,0,0,0,1,0,下位,0,0,0
191,191,0,966,4958,0,0,0,648,281,-763,3,下位,0,0,0
774,774,0,58,58,0,0,0,191,5010,767,10,上位,0,0,0
326,236,61,148,339,0,0,0,774,110,-371,1,下位,0,0,0
90,90,0,148,339,0,1,236,774,110,-371,1,下位,0,236,61
1009,319,59,86,151,0,0,0,326,391,-445,4,下位,0,0,0
690,690,0,86,151,0,1,319,326,391,-445,4,下位,0,319,59
972,972,0,94,72,0,0,0,1009,203,-1811,2,下位,0,0,0
711,711,0,1718,8832,1,0,0,0,0,1,0,下位,0,0,0
859,859,0,106,199,0,0,0,711,8884,743,14,上位,0,0,0
1145,177,115,145,217,0,0,0,859,251,-391,2,下位,0,0,0
968,968,0,145,217,0,1,177,859,251,-391,2,下位,0,177,115
189,189,0,110,127,1,0,0,0,0,1,0,下位,0,0,0
1501,391,293,1116,5339,0,0,0,189,179,-125,2,下位,0,0,0
1110,376,172,1116,5339,0,1,391,189,179,-125,2,下位,0,391,121
734,205,115,1116,5339,0,2,767,189,179,-125,2,下位,0,376,57
529,529,0,1116,5339,0,3,972,189,179,-125,2,下位,0,205,115
161,161,0,60,47,1,0,0,0,0,1,0,下位,0,0,0
545,146,113,1008,4784,0,0,0,161,99,-160,1,下位,0,0,0
399,399,0,1008,4784,0,1,146,161,99,-160,1,下位,0,146,113
155,155,0,135,225,0,0,0,545,4836,744,9,上位,0,0,0
966,966,0,74,105,0,0,0,155,277,771,2,下位,0,0,0
869,869,0,888,4422,0,0,0,966,157,-630,1,下位,0,0,0
67,67,0,115,112,0,0,0,869,4474,761,9,上位,0,0,0
1227,89,236,71,103,0,0,0,67,164,817,2,下位,0,0,0
1138,722,113,71,103,0,1,89,67,164,817,2,下位,0,89,123
416,416,0,71,103,0,2,811,67,164,817,2,下位,0,722,113
159,159,0,106,244,0,0,0,1227,155,-772,1,下位,0,0,0
306,306,0,76,160,0,0,0,159,296,-732,2,下位,0,0,0
406,95,60,166,321,0,0,0,306,212,-1014,1,下位,0,0,0
311,311,0,166,321,0,1,95,306,212,-1014,1,下位,0,95,60
617,617,0,149,212,1,0,0,0,0,1,0,下位,0,0,0
2405,457,289,69,115,0,0,0,617,264,-730,3,下位,0,0,0
1948,771,176,69,115,0,1,457,617,264,-730,3,下位,0,457,113
1177,621,117,69,115,0,2,1228,617,264,-730,3,下位,0,771,59
556,556,0,69,115,0,3,1849,617,264,-730,3,下位,0,621,117
661,661,0,119,182,1,0,0,0,0,1,0,下位,0,0,0
764,764,0,102,128,0,0,0,661,234,-831,3,下位,0,0,0
805,209,119,82,171,0,0,0,764,180,-1883,2,下位,0,0,0
596,596,0,82,171,0,1,209,764,180,-1883,2,下位,0,209,119
555,555,0,68,116,0,0,0,805,223,-2839,2,下位,0,0,0
684,684,0,86,153,0,0,0,555,168,-3566,1,下位,0,0,0
64,64,0,190,304,1,0,0,0,0,1,0,下位,0,0,0
285,285,0,61,38,0,0,0,64,356,254,4,下位,0,0,0
655,655,0,89,84,0,0,0,285,90,-116,1,下位,0,0,0
478,478,0,101,191,0,0,0,655,136,-1036,1,下位,0,0,0
261,261,0,145,277,0,0,0,478,243,-1564,2,下位,0,0,0
300,220,59,60,61,0,0,0,261,329,-1656,3,下位,0,0,0
80,80,0,60,61,0,1,220,261,329,-1656,3,下位,0,220,59
406,406,0,130,245,1,0,0,0,0,1,0,下位,0,0,0
978,978,0,156,420,0,0,0,406,297,-357,3,下位,0,0,0
380,380,0,84,91,0,0,0,978,472,-1462,4,下位,0,0,0
1782,911,53,87,90,0,0,0,380,143,-1932,1,下位,0,0,0
871,871,0,87,90,0,1,911,380,143,-1932,1,下位,0,911,53
277,158,57,72,34,0,0,0,1782,142,-4611,1,下位,0,0,0
119,119,0,72,34,0,1,158,1782,142,-4611,1,下位,0,158,57
499,499,0,198,341,0,0,0,277,86,-4915,1,下位,0,0,0
318,318,0,82,85,0,0,0,499,393,-5327,7,下位,0,0,0
285,285,0,158,196,1,0,0,0,0,1,0,下位,0,0,0
75,75,0,80,101,0,0,0,285,248,-211,3,下位,0,0,0
202,202,0,118,168,0,0,0,75,153,-179,1,下位,0,0,0
804,804,0,102,211,0,0,0,202,220,-285,2,下位,0,0,0
166,166,0,114,108,0,0,0,804,263,-1319,2,下位,0,0,0
952,381,63,120,112,0,0,0,166,160,-1427,2,下位,0,0,0
571,571,0,120,112,0,1,381,166,160,-1427,2,下位,0,381,63
384,384,0,148,278,0,0,0,952,164,-2736,2,下位,0,0,0
687,687,0,89,80,1,0,0,0,0,1,0,下位,0,0,0
240,240,0,170,395,0,0,0,687,132,-975,1,下位,0,0,0
343,343,0,178,309,0,0,0,240,447,-915,5,下位,0,0,0
45,45,0,148,266,1,0,0,0,0,1,0,下位,0,0,0
1332,791,113,1421,7206,0,0,0,45,318,246,4,下位,0,0,0
541,541,0,1421,7206,0,1,791,45,318,246,4,下位,0,791,113
231,231,0,92,80,0,0,0,1332,7258,753,13,上位,0,0,0
165,165,0,131,234,0,0,0,231,132,512,1,下位,0,0,0
87,87,0,562,2732,0,0,0,165,286,532,3,下位,0,0,0
229,229,0,59,57,1,0,0,0,0,1,0,下位,0,0,0
104,104,0,64,43,0,0,0,229,109,-259,1,下位,0,0,0
880,880,0,135,229,0,0,0,104,95,-332,1,下位,0,0,0
510,510,0,94,126,0,0,0,880,281,-1470,3,下位,0,0,0
631,631,0,122,174,1,0,0,0,0,1,0,下位,0,0,0
359,359,0,108,39,0,0,0,631,226,-791,2,下位,0,0,0
571,252,178,130,176,0,0,0,359,91,-1279,2,下位,0,0,0
319,173,63,130,176,0,1,252,359,91,-1279,2,下位,0,252,115
146,146,0,130,176,0,2,425,359,91,-1279,2,下位,0,173,63
962,962,0,86,158,0,0,0,571,228,-1793,2,下位,0,0,0
196,196,0,99,126,1,0,0,0,0,1,0,下位,0,0,0
380,380,0,81,171,0,0,0,196,178,-137,2,下位,0,0,0
871,871,0,210,338,1,0,0,0,0,1,0,下位,0,0,0
324,324,0,148,284,0,0,0,871,390,-1014,5,下位,0,0,0
973,973,0,153,185,0,0,0,324,336,-1201,3,下位,0,0,0
573,138,59,93,70,0,0,0,973,237,-2533,4,下位,0,0,0
435,435,0,93,70,0,1,138,973,237,-2533,4,下位,0,138,59
235,235,0,94,128,0,0,0,573,122,-3277,1,下位,0,0,0
713,713,0,112,191,1,0,0,0,0,1,0,下位,0,0,0
441,441,0,125,167,1,0,0,0,0,1,0,下位,0,0,0
282,282,0,128,210,1,0,0,0,0,1,0,下位,0,0,0
237,237,0,75,101,0,0,0,282,262,-192,2,下位,0,0,0
216,216,0,66,116,0,0,0,237,153,-421,1,下位,0,0,0
125,125,0,79,19,0,0,0,216,168,-601,1,下位,0,0,0
638,638,0,68,111,1,0,0,0,0,1,0,下位,0,0,0
1290,325,121,69,111,0,0,0,638,163,-865,1,下位,0,0,0
965,965,0,69,111,0,1,325,638,163,-865,1,下位,0,325,121
158,158,0,216,306,1,0,0,0,0,1,0,下位,0,0,0
335,335,0,120,100,0,0,0,158,358,104,6,下位,0,0,0
856,856,0,86,84,0,0,0,335,152,-284,2,下位,0,0,0
180,180,0,164,334,1,0,0,0,0,1,0,下位,0,0,0
779,779,0,154,355,0,0,0,180,386,97,4,下位,0,0,0
524,524,0,124,160,0,0,0,779,407,-752,4,下位,0,0,0
713,713,0,92,168,0,0,0,524,212,-1385,2,下位,0,0,0
201,201,0,78,167,0,0,0,713,220,-2315,2,下位,0,0,0
140,140,0,104,138,1,0,0,0,0,1,0,下位,0,0,0
1083,200,61,70,111,0,0,0,140,190,-35,2,下位,0,0,0
883,883,0,70,111,0,1,200,140,190,-35,2,下位,0,200,61
464,464,0,1240,6159,0,0,0,1083,163,-1558,1,下位,0,0,0
1440,178,120,62,55,0,0,0,464,6211,725,11,上位,0,0,0
1262,434,59,62,55,0,1,178,464,6211,725,11,上位,0,178,61
828,828,0,62,55,0,2,612,464,6211,725,11,上位,0,434,59
241,241,0,60,55,1,0,0,0,0,1,0,下位,0,0,0
642,642,0,110,197,0,0,0,241,107,-281,1,下位,0,0,0
995,995,0,124,234,0,0,0,642,249,-1067,2,下位,0,0,0
150,150,0,112,193,0,0,0,995,286,-2386,3,下位,0,0,0
148,148,0,150,276,0,0,0,150,245,-2383,3,下位,0,0,0
299,299,0,81,97,0,0,0,148,328,-2294,3,下位,0,0,0
131,131,0,112,271,0,0,0,299,149,-2627,1,下位,0,0,0
186,186,0,93,131,0,0,0,131,323,-2515,3,下位,0,0,0
496,496,0,70,105,0,0,0,186,183,-2632,2,下位,0,0,0
748,748,0,122,181,0,0,0,496,157,-3275,1,下位,0,0,0
451,451,0,100,132,1,0,0,0,0,1,0,下位,0,0,0
196,196,0,126,234,0,0,0,451,184,-542,1,下位,0,0,0
259,259,0,70,111,0,0,0,196,286,-572,4,下位,0,0,0
140,140,0,101,141,0,0,0,259,163,-827,2,下位,0,0,0
230,167,61,60,59,0,0,0,140,193,-860,1,下位,0,0,0
63,63,0,60,59,0,1,167,140,193,-860,1,下位,0,167,61
962,962,0,80,97,0,0,0,230,111,-1059,1,下位,0,0,0
552,552,0,1475,7219,0,0,0,962,149,-2462,1,下位,0,0,0
516,516,0,88,88,1,0,0,0,0,1,0,下位,0,0,0
165,165,0,196,338,0,0,0,516,140,-691,1,下位,0,0,0
308,308,0,215,320,0,0,0,165,390,-567,4,下位,0,0,0
38,38,0,740,3794,0,0,0,308,372,-692,5,下位,0,0,0
752,439,53,104,131,0,0,0,38,3053,747,4,上位,0,0,0
313,313,0,104,131,0,1,439,38,3053,747,4,上位,0,439,53
261,261,0,880,4246,1,0,0,0,0,1,0,下位,0,0,0
719,719,0,121,247,0,0,0,261,4298,768,9,上位,0,0,0
213,213,0,68,124,1,0,0,0,0,1,0,下位,0,0,0
504,504,0,1015,4827,0,0,0,213,176,-167,1,下位,0,0,0
691,691,0,77,26,1,0,0,0,0,1,0,下位,0,0,0
345,345,0,122,247,0,0,0,691,78,-1036,1,下位,0,0,0
681,271,55,108,127,0,0,0,345,299,-1293,3,下位,0,0,0
410,410,0,108,127,0,1,271,345,299,-1293,3,下位,0,271,55
1393,875,120,139,229,0,0,0,681,179,-2157,2,下位,0,0,0
518,230,59,139,229,0,1,875,681,179,-2157,2,下位,0,875,61
288,288,0,139,229,0,2,1105,681,179,-2157,2,下位,0,230,59
1165,345,57,128,239,0,0,0,1393,281,-4003,2,下位,0,0,0
820,820,0,128,239,0,1,345,1393,281,-4003,2,下位,0,345,57
307,307,0,82,85,1,0,0,0,0,1,0,下位,0,0,0
152,152,0,150,438,0,0,0,307,137,-357,1,下位,0,0,0
347,347,0,68,113,0,0,0,152,490,-112,4,下位,0,0,0
35,35,0,119,103,0,0,0,347,165,-507,1,下位,0,0,0
620,177,119,68,115,1,0,0,0,0,1,0,下位,0,0,0
443,443,0,68,115,1,1,177,0,0,1,0,下位,0,177,119
1045,965,55,70,113,0,0,0,620,167,-713,1,下位,0,0,0
80,80,0,70,113,0,1,965,620,167,-713,1,下位,0,965,55
313,313,0,120,254,0,0,0,1045,165,-2178,1,下位,0,0,0
664,664,0,103,128,1,0,0,0,0,1,0,下位,0,0,0
929,49,59,1262,6118,0,0,0,664,180,-890,1,下位,0,0,0
880,880,0,1262,6118,0,1,49,664,180,-890,1,下位,0,49,59
342,342,0,148,201,1,0,0,0,0,1,0,下位,0,0,0
381,381,0,75,111,0,0,0,342,253,-298,2,下位,0,0,0
839,839,0,104,138,0,0,0,381,163,-750,1,下位,0,0,0
265,265,0,77,96,1,0,0,0,0,1,0,下位,0,0,0
278,278,0,120,245,0,0,0,265,148,-278,1,下位,0,0,0
1303,969,118,119,177,0,0,0,278,297,-429,3,下位,0,0,0
334,49,59,119,177,0,1,969,278,297,-429,3,下位,0,969,59
285,285,0,119,177,0,2,1018,278,297,-429,3,下位,0,49,59
364,364,0,78,171,1,0,0,0,0,1,0,下位,0,0,0
892,892,0,105,131,0,0,0,364,223,-363,1,下位,0,0,0
431,431,0,83,89,1,0,0,0,0,1,0,下位,0,0,0
785,785,0,120,253,0,0,0,431,141,-553,1,下位,0,0,0
529,529,0,1280,6253,0,0,0,785,305,-1514,3,下位,0,0,0
151,151,0,117,193,1,0,0,0,0,1,0,下位,0,0,0
792,792,0,64,39,0,0,0,151,245,2,3,下位,0,0,0
1016,133,43,90,86,0,0,0,792,91,-1184,1,下位,0,0,0
883,883,0,90,86,0,1,133,792,91,-1184,1,下位,0,133,43
954,954,0,118,196,0,0,0,1016,138,-2642,1,下位,0,0,0
443,443,0,112,201,1,0,0,0,0,1,0,下位,0,0,0
140,140,0,147,192,1,0,0,0,0,1,0,下位,0,0,0
438,438,0,178,324,0,0,0,140,244,19,3,下位,0,0,0
238,238,0,165,174,0,0,0,438,376,-311,5,下位,0,0,0
356,93,61,952,4885,0,0,0,238,226,-469,3,下位,0,0,0
263,263,0,952,4885,0,1,93,238,226,-469,3,下位,0,93,61
391,391,0,133,155,0,0,0,356,4937,768,10,上位,0,0,0
1254,550,121,1039,4716,0,0,0,391,207,344,2,下位,0,0,0
704,704,0,1039,4716,0,1,550,391,207,344,2,下位,0,550,121
1002,859,107,114,181,0,0,0,1254,4768,751,9,上位,0,0,0
143,143,0,114,181,0,1,859,1254,4768,751,9,上位,0,859,107
515,515,0,1108,5178,0,0,0,1002,233,-525,2,下位,0,0,0
604,604,0,119,114,1,0,0,0,0,1,0,下位,0,0,0
195,195,0,98,206,0,0,0,604,166,-807,2,下位,0,0,0
903,903,0,123,167,0,0,0,195,258,-864,2,下位,0,0,0
227,227,0,84,144,0,0,0,903,219,-2101,2,下位,0,0,0
383,383,0,102,197,0,0,0,227,196,-2271,2,下位,0,0,0
2173,964,293,78,28,0,0,0,383,249,-2640,2,下位,0,0,0
1209,190,178,78,28,0,1,964,383,249,-2640,2,下位,0,964,115
1019,140,115,78,28,0,2,1154,383,249,-2640,2,下位,0,190,63
879,879,0,78,28,0,3,1294,383,249,-2640,2,下位,0,140,115
600,600,0,88,86,1,0,0,0,0,1,0,下位,0,0,0
621,621,0,1130,5728,0,0,0,600,138,-829,1,下位,0,0,0
1470,234,172,133,163,0,0,0,621,5780,766,10,上位,0,0,0
1236,967,113,133,163,0,1,234,621,5780,766,10,上位,0,234,59
269,269,0,133,163,0,2,1201,621,5780,766,10,上位,0,967,113
349,349,0,74,33,0,0,0,1470,215,-1218,3,下位,0,0,0
651,651,0,1414,7155,1,0,0,0,0,1,0,下位,0,0,0
586,324,57,77,172,0,0,0,651,7207,739,11,上位,0,0,0
262,262,0,77,172,0,1,324,651,7207,739,11,上位,0,324,57
1379,410,59,54,72,0,0,0,586,224,74,1,下位,0,0,0
969,969,0,54,72,0,1,410,586,224,74,1,下位,0,410,59
2261,680,235,95,131,0,0,0,1379,124,-1967,1,下位,0,0,0
1581,429,174,95,131,0,1,680,1379,124,-1967,1,下位,0,680,61
1152,594,115,95,131,0,2,1109,1379,124,-1967,1,下位,0,429,59
558,558,0,95,131,0,3,1703,1379,124,-1967,1,下位,0,594,115
267,267,0,78,28,0,0,0,2261,183,-5196,2,下位,0,0,0
152,152,0,160,257,1,0,0,0,0,1,0,下位,0,0,0
551,313,115,129,231,0,0,0,152,309,65,3,下位,0,0,0
238,238,0,129,231,0,1,313,152,309,65,3,下位,0,313,115
960,188,55,91,75,0,0,0,551,283,-426,3,下位,0,0,0
772,772,0,91,75,0,1,188,551,283,-426,3,下位,0,188,55
489,489,0,115,182,0,0,0,960,127,-1792,1,下位,0,0,0
454,454,0,76,82,0,0,0,489,234,-2347,3,下位,0,0,0
317,317,0,128,237,0,0,0,454,134,-2945,1,下位,0,0,0
973,973,0,69,109,0,0,0,317,289,-3167,2,下位,0,0,0
594,264,53,120,108,0,0,0,973,161,-4575,1,下位,0,0,0
330,330,0,120,108,0,1,264,973,161,-4575,1,下位,0,264,53
698,698,0,128,171,1,0,0,0,0,1,0,下位,0,0,0
211,211,0,132,167,0,0,0,698,223,-902,3,下位,0,0,0
792,792,0,1224,6185,0,0,0,211,219,-1023,3,下位,0,0,0
174,174,0,68,117,0,0,0,792,6237,752,11,上位,0,0,0
658,658,0,132,318,0,0,0,174,169,640,1,下位,0,0,0
694,694,0,108,274,0,0,0,658,370,-51,3,下位,0,0,0
247,247,0,80,99,0,0,0,694,326,-844,2,下位,0,0,0
526,422,119,91,59,0,0,0,247,151,-1091,1,下位,0,0,0
104,104,0,91,59,0,1,422,247,151,-1091,1,下位,0,422,119
320,320,0,1029,5149,1,0,0,0,0,1,0,下位,0,0,0
738,220,181,134,230,0,0,0,320,5201,769,12,上位,0,0,0
518,178,120,134,230,0,1,220,320,5201,769,12,上位,0,220,61
340,340,0,134,230,0,2,398,320,5201,769,12,上位,0,178,120
716,716,0,101,207,0,0,0,738,282,42,3,下位,0,0,0
1261,345,234,61,46,0,0,0,716,259,-854,2,下位,0,0,0
916,664,119,61,46,0,1,345,716,259,-854,2,下位,0,345,115
252,252,0,61,46,0,2,1009,716,259,-854,2,下位,0,664,119
455,455,0,84,91,0,0,0,1261,98,-2555,1,下位,0,0,0
1485,517,105,142,208,0,0,0,455,143,-3146,1,下位,0,0,0
968,968,0,142,208,0,1,517,455,143,-3146,1,下位,0,517,105
741,741,0,108,46,1,0,0,0,0,1,0,下位,0,0,0
191,191,0,114,184,0,0,0,741,98,-1096,2,下位,0,0,0
619,619,0,112,194,0,0,0,191,236,-1168,2,下位,0,0,0
1360,225,168,77,104,0,0,0,619,246,-1920,2,下位,0,0,0
1135,405,113,77,104,0,1,225,619,246,-1920,2,下位,0,225,55
730,730,0,77,104,0,2,630,619,246,-1920,2,下位,0,405,113
740,740,0,1019,5042,1,0,0,0,0,1,0,下位,0,0,0
1800,743,240,107,205,0,0,0,740,5094,753,11,上位,0,0,0
1057,965,121,107,205,0,1,743,740,5094,753,11,上位,0,743,119
92,92,0,107,205,0,2,1708,740,5094,753,11,上位,0,965,121
241,241,0,92,83,0,0,0,1800,257,-1652,2,下位,0,0,0
226,226,0,77,87,0,0,0,241,135,-1906,2,下位,0,0,0
964,964,0,58,57,0,0,0,226,139,-2132,1,下位,0,0,0
176,176,0,104,205,1,0,0,0,0,1,0,下位,0,0,0
1012,97,59,127,176,0,0,0,176,257,-26,2,下位,0,0,0
915,915,0,127,176,0,1,97,176,257,-26,2,下位,0,97,59
838,838,0,120,114,0,0,0,1012,228,-1371,3,下位,0,0,0
362,362,0,68,120,0,0,0,838,166,-2557,2,下位,0,0,0
1426,459,59,84,78,0,0,0,362,172,-2969,1,下位,0,0,0
967,967,0,84,78,0,1,459,362,172,-2969,1,下位,0,459,59
358,358,0,73,90,1,0,0,0,0,1,0,下位,0,0,0
521,521,0,1024,4983,0,0,0,358,142,-434,1,下位,0,0,0
730,730,0,117,193,0,0,0,521,5035,750,11,上位,0,0,0
626,347,123,764,3489,0,0,0,730,245,-182,3,下位,0,0,0
279,279,0,764,3489,0,1,347,730,245,-182,3,下位,0,347,123
807,807,0,62,52,0,0,0,626,3541,714,8,上位,0,0,0
729,729,0,107,199,0,0,0,807,104,-484,1,下位,0,0,0
159,159,0,142,296,1,0,0,0,0,1,0,下位,0,0,0
415,415,0,110,200,0,0,0,159,348,93,3,下位,0,0,0
576,455,52,132,160,0,0,0,415,252,-324,2,下位,0,0,0
121,121,0,132,160,0,1,455,415,252,-324,2,下位,0,455,52
170,170,0,80,173,0,0,0,576,212,-989,2,下位,0,0,0
147,147,0,1074,5114,0,0,0,170,225,-1038,1,下位,0,0,0
1381,617,305,124,312,0,0,0,147,5166,743,10,上位,0,0,0
764,137,182,124,312,0,1,617,147,5166,743,10,上位,0,617,123
627,287,121,124,312,0,2,754,147,5166,743,10,上位,0,137,61
340,340,0,124,312,0,3,1041,147,5166,743,10,上位,0,287,121
605,605,0,109,123,0,0,0,1381,364,-815,3,下位,0,0,0
970,970,0,86,86,0,0,0,605,175,-1616,2,下位,0,0,0
963,963,0,103,274,0,0,0,970,138,-3043,1,下位,0,0,0
204,204,0,70,109,0,0,0,963,326,-4270,2,下位,0,0,0
282,282,0,107,118,1,0,0,0,0,1,0,下位,0,0,0
970,970,0,212,330,0,0,0,282,170,-284,3,下位,0,0,0
965,965,0,72,34,0,0,0,970,382,-1467,6,下位,0,0,0
430,58,57,99,135,0,0,0,965,86,-2937,1,下位,0,0,0
372,372,0,99,135,0,1,58,965,86,-2937,1,下位,0,58,57
970,970,0,59,49,0,0,0,430,187,-3387,1,下位,0,0,0
1189,232,295,103,137,0,0,0,970,101,-4851,1,下位,0,0,0
957,210,232,103,137,0,1,232,970,101,-4851,1,下位,0,232,63
747,257,117,103,137,0,2,442,970,101,-4851,1,下位,0,210,115
490,490,0,103,137,0,3,699,970,101,-4851,1,下位,0,257,117
814,814,0,108,123,0,0,0,1189,189,-6285,2,下位,0,0,0
215,215,0,120,225,0,0,0,814,175,-7423,2,下位,0,0,0
652,652,0,122,180,1,0,0,0,0,1,0,下位,0,0,0
843,522,119,106,124,0,0,0,652,232,-819,2,下位,0,0,0
321,321,0,106,124,0,1,522,652,232,-819,2,下位,0,522,119
228,228,0,101,134,0,0,0,843,176,-1884,2,下位,0,0,0
911,911,0,1293,6653,0,0,0,228,186,-2066,2,下位,0,0,0
873,353,180,78,98,0,0,0,911,6705,765,12,上位,0,0,0
520,312,119,78,98,0,1,353,911,6705,765,12,上位,0,353,61
208,208,0,78,98,0,2,665,911,6705,765,12,上位,0,312,119
450,450,0,85,164,0,0,0,873,150,-312,1,下位,0,0,0
813,813,0,141,139,0,0,0,450,216,-822,2,下位,0,0,0
678,678,0,114,115,1,0,0,0,0,1,0,下位,0,0,0
976,976,0,162,260,0,0,0,678,167,-926,2,下位,0,0,0
94,94,0,1119,6130,0,0,0,976,312,-2188,4,下位,0,0,0
812,812,0,110,199,0,0,0,94,6123,751,7,上位,0,0,0
171,171,0,83,81,0,0,0,812,251,-308,3,下位,0,0,0
1038,176,233,113,121,0,0,0,171,133,-451,1,下位,0,0,0
862,695,112,113,121,0,1,176,171,133,-451,1,下位,0,176,121
167,43,57,113,121,0,2,871,171,133,-451,1,下位,0,695,55
124,124,0,113,121,0,3,914,171,133,-451,1,下位,0,43,57
708,708,0,91,79,1,0,0,0,0,1,0,下位,0,0,0
206,206,0,126,167,0,0,0,708,131,-1010,1,下位,0,0,0
70,70,0,82,92,0,0,0,206,219,-1123,2,下位,0,0,0
896,896,0,117,105,0,0,0,70,144,-1092,1,下位,0,0,0
967,967,0,107,18,0,0,0,896,157,-2380,2,下位,0,0,0
965,965,0,1995,10619,0,0,0,967,70,-3870,2,下位,0,0,0
756,334,115,166,259,1,0,0,0,0,1,0,下位,0,0,0
422,422,0,166,259,1,1,334,0,0,1,0,下位,0,334,115
237,237,0,70,111,0,0,0,756,311,-793,4,下位,0,0,0
1350,97,176,90,152,0,0,0,237,163,-1012,1,下位,0,0,0
1253,852,113,90,152,0,1,97,237,163,-1012,1,下位,0,97,63
401,401,0,90,152,0,2,949,237,163,-1012,1,下位,0,852,113
451,314,63,129,149,0,0,0,1350,204,-2809,2,下位,0,0,0
137,137,0,129,149,0,1,314,1350,204,-2809,2,下位,0,314,63
131,131,0,138,218,0,0,0,451,201,-3272,2,下位,0,0,0
699,497,121,84,162,0,0,0,131,270,-3213,3,下位,0,0,0
202,202,0,84,162,0,1,497,131,270,-3213,3,下位,0,497,121
966,966,0,108,120,0,0,0,699,214,-4006,2,下位,0,0,0
447,447,0,1352,6885,0,0,0,966,172,-5392,2,下位,0,0,0
280,280,0,74,27,1,0,0,0,0,1,0,下位,0,0,0
163,163,0,66,49,0,0,0,280,79,-372,1,下位,0,0,0
283,283,0,54,30,0,0,0,163,101,-534,1,下位,0,0,0
381,381,0,79,167,0,0,0,283,82,-908,1,下位,0,0,0
506,506,0,84,89,0,0,0,381,219,-1304,1,下位,0,0,0
1638,675,61,1630,8404,0,0,0,506,141,-1979,2,下位,0,0,0
963,963,0,1630,8404,0,1,675,506,141,-1979,2,下位,0,675,61
187,187,0,964,4976,0,0,0,1638,8456,740,14,上位,0,0,0
335,335,0,82,97,0,0,0,187,4975,760,6,上位,0,0,0
244,244,0,114,273,0,0,0,335,149,369,2,下位,0,0,0
232,232,0,148,179,0,0,0,244,325,300,3,下位,0,0,0
365,365,0,118,190,0,0,0,232,231,157,3,下位,0,0,0
122,122,0,162,263,0,0,0,365,242,-190,2,下位,0,0,0
304,304,0,104,217,1,0,0,0,0,1,0,下位,0,0,0
237,237,0,120,259,0,0,0,304,269,-220,2,下位,0,0,0
286,286,0,79,175,0,0,0,237,311,-291,3,下位,0,0,0
1915,967,234,102,133,0,0,0,286,227,-525,1,下位,0,0,0
948,60,118,102,133,0,1,967,286,227,-525,1,下位,0,967,116
888,139,59,102,133,0,2,1027,286,227,-525,1,下位,0,60,59
749,749,0,102,133,0,3,1166,286,227,-525,1,下位,0,139,59
259,259,0,151,131,0,0,0,1915,185,-3195,2,下位,0,0,0
934,934,0,58,54,0,0,0,259,183,-3430,3,下位,0,0,0
964,964,0,130,159,0,0,0,934,106,-4830,1,下位,0,0,0
263,263,0,73,103,0,0,0,964,211,-6174,3,下位,0,0,0
359,359,0,73,141,0,0,0,263,155,-6443,1,下位,0,0,0
164,164,0,128,104,0,0,0,359,193,-6829,1,下位,0,0,0
676,676,0,180,243,1,0,0,0,0,1,0,下位,0,0,0
799,799,0,119,256,0,0,0,676,295,-794,4,下位,0,0,0
682,682,0,100,216,0,0,0,799,308,-1775,2,下位,0,0,0
48,48,0,1114,5835,0,0,0,682,268,-2607,2,下位,0,0,0
830,830,0,66,112,1,0,0,0,0,1,0,下位,0,0,0
203,203,0,101,141,0,0,0,830,164,-1174,1,下位,0,0,0
144,144,0,86,169,0,0,0,203,193,-1308,1,下位,0,0,0
1083,850,61,129,234,0,0,0,144,221,-1319,2,下位,0,0,0
233,233,0,129,234,0,1,850,144,221,-1319,2,下位,0,850,61
781,781,0,110,119,0,0,0,1083,286,-2719,4,下位,0,0,0
1851,228,354,119,192,0,0,0,781,171,-3808,2,下位,0,0,0
1623,53,237,119,192,0,1,228,781,171,-3808,2,下位,0,228,117
1570,964,116,119,192,0,2,281,781,171,-3808,2,下位,0,53,121
606,244,57,119,192,0,3,1245,781,171,-3808,2,下位,0,964,59
362,362,0,119,192,0,4,1489,781,171,-3808,2,下位,0,244,57
96,96,0,94,76,0,0,0,1851,244,-6196,3,下位,0,0,0
687,687,0,70,117,1,0,0,0,0,1,0,下位,0,0,0
556,556,0,56,28,0,0,0,687,169,-938,1,下位,0,0,0
833,833,0,86,162,0,0,0,556,80,-1755,1,下位,0,0,0
267,267,0,224,285,0,0,0,833,214,-2885,2,下位,0,0,0
458,204,63,1478,7950,0,0,0,267,337,-2979,6,下位,0,0,0
254,254,0,1478,7950,0,1,204,267,337,-2979,6,下位,0,204,63
896,896,0,65,35,1,0,0,0,0,1,0,下位,0,0,0
215,215,0,89,134,0,0,0,896,87,-1357,1,下位,0,0,0
244,244,0,1748,8805,0,0,0,215,186,-1518,2,下位,0,0,0
761,761,0,107,211,0,0,0,244,8857,754,15,上位,0,0,0
965,965,0,90,153,0,0,0,761,263,-210,3,下位,0,0,0
227,227,0,104,132,0,0,0,965,205,-1561,1,下位,0,0,0
875,875,0,126,334,1,0,0,0,0,1,0,下位,0,0,0
708,708,0,1354,6787,0,0,0,875,386,-1024,3,下位,0,0,0
1171,586,118,111,204,0,0,0,708,6839,753,12,上位,0,0,0
585,462,61,111,204,0,1,586,708,6839,753,12,上位,0,586,57
123,123,0,111,204,0,2,1048,708,6839,753,12,上位,0,462,61
207,207,0,137,302,0,0,0,1171,256,-761,2,下位,0,0,0
494,234,113,88,158,1,0,0,0,0,1,0,下位,0,0,0
260,260,0,88,158,1,1,234,0,0,1,0,下位,0,234,113
1309,973,115,1305,6260,0,0,0,494,210,-472,1,下位,0,0,0
336,336,0,1305,6260,0,1,973,494,210,-472,1,下位,0,973,115
575,575,0,79,179,0,0,0,1309,6312,751,12,上位,0,0,0
1316,554,115,221,311,0,0,0,575,231,55,1,下位,0,0,0
762,762,0,221,311,0,1,554,575,231,55,1,下位,0,554,115
258,258,0,122,173,0,0,0,1316,363,-1590,5,下位,0,0,0
138,138,0,114,182,0,0,0,258,225,-1781,2,下位,0,0,0
188,188,0,74,106,1,0,0,0,0,1,0,下位,0,0,0
204,140,117,129,83,0,0,0,188,158,-144,2,下位,0,0,0
64,64,0,129,83,0,1,140,188,158,-144,2,下位,0,140,117
323,323,0,83,87,0,0,0,204,135,-221,2,下位,0,0,0
194,194,0,91,150,0,0,0,323,139,-603,1,下位,0,0,0
235,235,0,124,175,0,0,0,194,202,-714,2,下位,0,0,0
252,252,0,110,108,0,0,0,235,227,-866,2,下位,0,0,0
62,62,0,1163,5856,0,0,0,252,160,-1112,2,下位,0,0,0
962,962,0,104,205,0,0,0,62,5908,767,10,上位,0,0,0
636,636,0,62,118,1,0,0,0,0,1,0,下位,0,0,0
655,655,0,62,46,0,0,0,636,170,-855,1,下位,0,0,0
693,558,59,117,247,0,0,0,655,98,-1813,1,下位,0,0,0
135,135,0,117,247,0,1,558,655,98,-1813,1,下位,0,558,59
227,227,0,68,40,0,0,0,693,299,-2573,3,下位,0,0,0
594,594,0,58,52,1,0,0,0,0,1,0,下位,0,0,0
110,110,0,1012,4867,0,0,0,594,104,-853,1,下位,0,0,0
259,259,0,70,114,0,0,0,110,4919,760,9,上位,0,0,0
1109,394,59,85,163,0,0,0,259,166,508,2,下位,0,0,0
715,715,0,85,163,0,1,394,259,166,508,2,下位,0,394,59
290,290,0,175,310,0,0,0,1109,215,-1006,1,下位,0,0,0
318,318,0,72,99,1,0,0,0,0,1,0,下位,0,0,0
965,965,0,146,301,0,0,0,318,151,-361,1,下位,0,0,0
974,974,0,78,24,0,0,0,965,353,-1564,4,下位,0,0,0
125,125,0,160,245,0,0,0,974,76,-3059,1,下位,0,0,0
136,136,0,106,48,1,0,0,0,0,1,0,下位,0,0,0
1530,237,176,98,282,0,0,0,136,100,-118,2,下位,0,0,0
1293,964,113,98,282,0,1,237,136,100,-118,2,下位,0,237,63
329,329,0,98,282,0,2,1201,136,100,-118,2,下位,0,964,113
750,750,0,94,222,0,0,0,1530,334,-2076,2,下位,0,0,0
886,886,0,61,53,0,0,0,750,274,-3012,2,下位,0,0,0
847,847,0,93,70,0,0,0,886,105,-4336,1,下位,0,0,0
516,516,0,88,88,1,0,0,0,0,1,0,下位,0,0,0
165,165,0,196,338,0,0,0,516,140,-691,1,下位,0,0,0
308,308,0,215,320,0,0,0,165,390,-567,4,下位,0,0,0
38,38,0,740,3794,0,0,0,308,372,-692,5,下位,0,0,0
752,439,53,104,131,0,0,0,38,3053,747,4,上位,0,0,0
313,313,0,104,131,0,1,439,38,3053,747,4,上位,0,439,53
261,261,0,880,4246,1,0,0,0,0,1,0,下位,0,0,0
719,719,0,121,247,0,0,0,261,4298,768,9,上位,0,0,0
213,213,0,68,124,1,0,0,0,0,1,0,下位,0,0,0
504,504,0,1015,4827,0,0,0,213,176,-167,1,下位,0,0,0
691,691,0,77,26,1,0,0,0,0,1,0,下位,0,0,0
345,345,0,122,247,0,0,0,691,78,-1036,1,下位,0,0,0
681,271,55,108,127,0,0,0,345,299,-1293,3,下位,0,0,0
410,410,0,108,127,0,1,271,345,299,-1293,3,下位,0,271,55
1393,875,120,139,229,0,0,0,681,179,-2157,2,下位,0,0,0
518,230,59,139,229,0,1,875,681,179,-2157,2,下位,0,875,61
288,288,0,139,229,0,2,1105,681,179,-2157,2,下位,0,230,59
1165,345,57,128,239,0,0,0,1393,281,-4003,2,下位,0,0,0
820,820,0,128,239,0,1,345,1393,281,-4003,2,下位,0,345,57
307,307,0,82,85,1,0,0,0,0,1,0,下位,0,0,0
152,152,0,150,438,0,0,0,307,137,-357,1,下位,0,0,0
347,347,0,68,113,0,0,0,152,490,-112,4,下位,0,0,0
35,35,0,119,103,0,0,0,347,165,-507,1,下位,0,0,0
620,177,119,68,115,1,0,0,0,0,1,0,下位,0,0,0
443,443,0,68,115,1,1,177,0,0,1,0,下位,0,177,119
1045,965,55,70,113,0,0,0,620,167,-713,1,下位,0,0,0
80,80,0,70,113,0,1,965,620,167,-713,1,下位,0,965,55
313,313,0,120,254,0,0,0,1045,165,-2178,1,下位,0,0,0
664,664,0,103,128,1,0,0,0,0,1,0,下位,0,0,0
929,49,59,1262,6118,0,0,0,664,180,-890,1,下位,0,0,0
880,880,0,1262,6118,0,1,49,664,180,-890,1,下位,0,49,59
342,342,0,148,201,1,0,0,0,0,1,0,下位,0,0,0
381,381,0,75,111,0,0,0,342,253,-298,2,下位,0,0,0
839,839,0,104,138,0,0,0,381,163,-750,1,下位,0,0,0
265,265,0,77,96,1,0,0,0,0,1,0,下位,0,0,0
278,278,0,120,245,0,0,0,265,148,-278,1,下位,0,0,0
1303,969,118,119,177,0,0,0,278,297,-429,3,下位,0,0,0
334,49,59,119,177,0,1,969,278,297,-429,3,下位,0,969,59
285,285,0,119,177,0,2,1018,278,297,-429,3,下位,0,49,59
364,364,0,78,171,1,0,0,0,0,1,0,下位,0,0,0
892,892,0,105,131,0,0,0,364,223,-363,1,下位,0,0,0
431,431,0,83,89,1,0,0,0,0,1,0,下位,0,0,0
785,785,0,120,253,0,0,0,431,141,-553,1,下位,0,0,0
529,529,0,1280,6253,0,0,0,785,305,-1514,3,下位,0,0,0
151,151,0,117,193,1,0,0,0,0,1,0,下位,0,0,0
792,792,0,64,39,0,0,0,151,245,2,3,下位,0,0,0
1016,133,43,90,86,0,0,0,792,91,-1184,1,下位,0,0,0
883,883,0,90,86,0,1,133,792,91,-1184,1,下位,0,133,43
954,954,0,118,196,0,0,0,1016,138,-2642,1,下位,0,0,0
443,443,0,112,201,1,0,0,0,0,1,0,下位,0,0,0
601,601,0,113,189,1,0,0,0,0,1,0,下位,0,0,0
160,82,63,70,39,0,0,0,601,241,-727,2,下位,0,0,0
78,78,0,70,39,0,1,82,601,241,-727,2,下位,0,82,63
1551,967,110,93,68,0,0,0,160,91,-831,1,下位,0,0,0
584,584,0,93,68,0,1,967,160,91,-831,1,下位,0,967,110
387,294,55,99,130,0,0,0,1551,120,-3103,1,下位,0,0,0
93,93,0,99,130,0,1,294,1551,120,-3103,1,下位,0,294,55
1023,55,59,199,359,0,0,0,387,182,-3490,1,下位,0,0,0
968,968,0,199,359,0,1,55,387,182,-3490,1,下位,0,55,59
494,315,117,1248,6227,0,0,0,1023,411,-4670,7,下位,0,0,0
179,179,0,1248,6227,0,1,315,1023,411,-4670,7,下位,0,315,117
302,302,0,173,316,0,0,0,494,6279,756,11,上位,0,0,0
140,140,0,147,192,1,0,0,0,0,1,0,下位,0,0,0
438,438,0,178,324,0,0,0,140,244,19,3,下位,0,0,0
238,238,0,165,174,0,0,0,438,376,-311,5,下位,0,0,0
356,93,61,952,4885,0,0,0,238,226,-469,3,下位,0,0,0
263,263,0,952,4885,0,1,93,238,226,-469,3,下位,0,93,61
391,391,0,133,155,0,0,0,356,4937,768,10,上位,0,0,0
1254,550,121,1039,4716,0,0,0,391,207,344,2,下位,0,0,0
704,704,0,1039,4716,0,1,550,391,207,344,2,下位,0,550,121
1002,859,107,114,181,0,0,0,1254,4768,751,9,上位,0,0,0
143,143,0,114,181,0,1,859,1254,4768,751,9,上位,0,859,107
515,515,0,1108,5178,0,0,0,1002,233,-525,2,下位,0,0,0
604,604,0,119,114,1,0,0,0,0,1,0,下位,0,0,0
195,195,0,98,206,0,0,0,604,166,-807,2,下位,0,0,0
903,903,0,123,167,0,0,0,195,258,-864,2,下位,0,0,0
227,227,0,84,144,0,0,0,903,219,-2101,2,下位,0,0,0
383,383,0,102,197,0,0,0,227,196,-2271,2,下位,0,0,0
2173,964,293,78,28,0,0,0,383,249,-2640,2,下位,0,0,0
1209,190,178,78,28,0,1,964,383,249,-2640,2,下位,0,964,115
1019,140,115,78,28,0,2,1154,383,249,-2640,2,下位,0,190,63
879,879,0,78,28,0,3,1294,383,249,-2640,2,下位,0,140,115
600,600,0,88,86,1,0,0,0,0,1,0,下位,0,0,0
621,621,0,1130,5728,0,0,0,600,138,-829,1,下位,0,0,0
1470,234,172,133,163,0,0,0,621,5780,766,10,上位,0,0,0
1236,967,113,133,163,0,1,234,621,5780,766,10,上位,0,234,59
269,269,0,133,163,0,2,1201,621,5780,766,10,上位,0,967,113
349,349,0,74,33,0,0,0,1470,215,-1218,3,下位,0,0,0
651,651,0,1414,7155,1,0,0,0,0,1,0,下位,0,0,0
586,324,57,77,172,0,0,0,651,7207,739,11,上位,0,0,0
262,262,0,77,172,0,1,324,651,7207,739,11,上位,0,324,57
1379,410,59,54,72,0,0,0,586,224,74,1,下位,0,0,0
969,969,0,54,72,0,1,410,586,224,74,1,下位,0,410,59
2261,680,235,95,131,0,0,0,1379,124,-1967,1,下位,0,0,0
1581,429,174,95,131,0,1,680,1379,124,-1967,1,下位,0,680,61
1152,594,115,95,131,0,2,1109,1379,124,-1967,1,下位,0,429,59
558,558,0,95,131,0,3,1703,1379,124,-1967,1,下位,0,594,115
267,267,0,78,28,0,0,0,2261,183,-5196,2,下位,0,0,0
152,152,0,160,257,1,0,0,0,0,1,0,下位,0,0,0
551,313,115,129,231,0,0,0,152,309,65,3,下位,0,0,0
238,238,0,129,231,0,1,313,152,309,65,3,下位,0,313,115
960,188,55,91,75,0,0,0,551,283,-426,3,下位,0,0,0
772,772,0,91,75,0,1,188,551,283,-426,3,下位,0,188,55
489,489,0,115,182,0,0,0,960,127,-1792,1,下位,0,0,0
454,454,0,76,82,0,0,0,489,234,-2347,3,下位,0,0,0
317,317,0,128,237,0,0,0,454,134,-2945,1,下位,0,0,0
973,973,0,69,109,0,0,0,317,289,-3167,2,下位,0,0,0
594,264,53,120,108,0,0,0,973,161,-4575,1,下位,0,0,0
330,330,0,120,108,0,1,264,973,161,-4575,1,下位,0,264,53
698,698,0,128,171,1,0,0,0,0,1,0,下位,0,0,0
211,211,0,132,167,0,0,0,698,223,-902,3,下位,0,0,0
792,792,0,1224,6185,0,0,0,211,219,-1023,3,下位,0,0,0
174,174,0,68,117,0,0,0,792,6237,752,11,上位,0,0,0
658,658,0,132,318,0,0,0,174,169,640,1,下位,0,0,0
694,694,0,108,274,0,0,0,658,370,-51,3,下位,0,0,0
247,247,0,80,99,0,0,0,694,326,-844,2,下位,0,0,0
526,422,119,91,59,0,0,0,247,151,-1091,1,下位,0,0,0
104,104,0,91,59,0,1,422,247,151,-1091,1,下位,0,422,119
460,460,0,115,256,1,0,0,0,0,1,0,下位,0,0,0
663,663,0,70,115,0,0,0,460,308,-433,3,下位,0,0,0
973,973,0,144,362,0,0,0,663,167,-1335,1,下位,0,0,0
819,604,115,78,169,0,0,0,973,414,-2490,3,下位,0,0,0
215,215,0,78,169,0,1,604,973,414,-2490,3,下位,0,604,115
231,231,0,76,31,0,0,0,819,221,-3475,1,下位,0,0,0
165,165,0,83,155,1,0,0,0,0,1,0,下位,0,0,0
418,418,0,59,57,0,0,0,165,207,-58,1,下位,0,0,0
403,403,0,119,166,0,0,0,418,109,-623,1,下位,0,0,0
710,710,0,70,107,0,0,0,403,218,-1055,2,下位,0,0,0
166,166,0,120,260,0,0,0,710,159,-2041,1,下位,0,0,0
59,59,0,76,101,0,0,0,166,312,-1997,2,下位,0,0,0
591,196,59,110,112,0,0,0,59,153,-1939,2,下位,0,0,0
395,395,0,110,112,0,1,196,59,153,-1939,2,下位,0,196,59
347,347,0,80,171,0,0,0,591,164,-2669,2,下位,0,0,0
894,482,174,175,241,1,0,0,0,0,1,0,下位,0,0,0
412,74,61,175,241,1,1,482,0,0,1,0,下位,0,482,113
338,338,0,175,241,1,2,556,0,0,1,0,下位,0,74,61
773,773,0,114,187,0,0,0,894,293,-973,4,下位,0,0,0
345,345,0,64,52,0,0,0,773,239,-1981,2,下位,0,0,0
388,388,0,80,97,0,0,0,345,104,-2433,1,下位,0,0,0
689,318,55,74,107,0,0,0,388,149,-2910,1,下位,0,0,0
371,371,0,74,107,0,1,318,388,149,-2910,1,下位,0,318,55
322,322,0,75,95,0,0,0,689,159,-3807,1,下位,0,0,0
191,191,0,93,72,0,0,0,322,147,-4179,1,下位,0,0,0
1486,186,126,88,163,0,0,0,191,124,-4363,1,下位,0,0,0
1300,427,63,88,163,0,1,186,191,124,-4363,1,下位,0,186,63
873,873,0,88,163,0,2,613,191,124,-4363,1,下位,0,427,63
155,155,0,94,148,0,0,0,1486,215,-6419,2,下位,0,0,0
320,320,0,1029,5149,1,0,0,0,0,1,0,下位,0,0,0
738,220,181,134,230,0,0,0,320,5201,769,12,上位,0,0,0
518,178,120,134,230,0,1,220,320,5201,769,12,上位,0,220,61
340,340,0,134,230,0,2,398,320,5201,769,12,上位,0,178,120
716,716,0,101,207,0,0,0,738,282,42,3,下位,0,0,0
1261,345,234,61,46,0,0,0,716,259,-854,2,下位,0,0,0
916,664,119,61,46,0,1,345,716,259,-854,2,下位,0,345,115
252,252,0,61,46,0,2,1009,716,259,-854,2,下位,0,664,119
455,455,0,84,91,0,0,0,1261,98,-2555,1,下位,0,0,0
1485,517,105,142,208,0,0,0,455,143,-3146,1,下位,0,0,0
968,968,0,142,208,0,1,517,455,143,-3146,1,下位,0,517,105
741,741,0,108,46,1,0,0,0,0,1,0,下位,0,0,0
191,191,0,114,184,0,0,0,741,98,-1096,2,下位,0,0,0
619,619,0,112,194,0,0,0,191,236,-1168,2,下位,0,0,0
1360,225,168,77,104,0,0,0,619,246,-1920,2,下位,0,0,0
1135,405,113,77,104,0,1,225,619,246,-1920,2,下位,0,225,55
730,730,0,77,104,0,2,630,619,246,-1920,2,下位,0,405,113
740,740,0,1019,5042,1,0,0,0,0,1,0,下位,0,0,0
1800,743,240,107,205,0,0,0,740,5094,753,11,上位,0,0,0
1057,965,121,107,205,0,1,743,740,5094,753,11,上位,0,743,119
92,92,0,107,205,0,2,1708,740,5094,753,11,上位,0,965,121
241,241,0,92,83,0,0,0,1800,257,-1652,2,下位,0,0,0
226,226,0,77,87,0,0,0,241,135,-1906,2,下位,0,0,0
964,964,0,58,57,0,0,0,226,139,-2132,1,下位,0,0,0
176,176,0,104,205,1,0,0,0,0,1,0,下位,0,0,0
1012,97,59,127,176,0,0,0,176,257,-26,2,下位,0,0,0
915,915,0,127,176,0,1,97,176,257,-26,2,下位,0,97,59
838,838,0,120,114,0,0,0,1012,228,-1371,3,下位,0,0,0
362,362,0,68,120,0,0,0,838,166,-2557,2,下位,0,0,0
1426,459,59,84,78,0,0,0,362,172,-2969,1,下位,0,0,0
967,967,0,84,78,0,1,459,362,172,-2969,1,下位,0,459,59
659,659,0,121,181,1,0,0,0,0,1,0,下位,0,0,0
277,277,0,152,324,0,0,0,659,233,-829,2,下位,0,0,0
182,182,0,180,369,0,0,0,277,376,-900,3,下位,0,0,0
30,30,0,164,398,1,0,0,0,0,1,0,下位,0,0,0
308,308,0,147,302,0,0,0,30,450,403,4,下位,0,0,0
259,45,48,125,162,0,0,0,308,354,260,4,下位,0,0,0
214,214,0,125,162,0,1,45,308,354,260,4,下位,0,45,48
565,226,63,128,248,0,0,0,259,214,104,3,下位,0,0,0
339,339,0,128,248,0,1,226,259,214,104,3,下位,0,226,63
1370,896,61,164,169,0,0,0,565,300,-445,3,下位,0,0,0
474,474,0,164,169,0,1,896,565,300,-445,3,下位,0,896,61
963,963,0,199,274,0,0,0,1370,221,-2373,4,下位,0,0,0
116,116,0,118,174,1,0,0,0,0,1,0,下位,0,0,0
433,433,0,72,180,0,0,0,116,226,40,2,下位,0,0,0
967,967,0,178,235,0,0,0,433,232,-426,1,下位,0,0,0
1079,210,121,66,90,0,0,0,967,287,-1699,4,下位,0,0,0
869,869,0,66,90,0,1,210,967,287,-1699,4,下位,0,210,121
652,652,0,119,247,1,0,0,0,0,1,0,下位,0,0,0
419,419,0,75,158,0,0,0,652,299,-752,2,下位,0,0,0
748,748,0,145,220,0,0,0,419,210,-1218,1,下位,0,0,0
101,101,0,117,108,1,0,0,0,0,1,0,下位,0,0,0
191,191,0,123,219,0,0,0,101,160,-2,2,下位,0,0,0
334,334,0,142,220,0,0,0,191,271,-39,2,下位,0,0,0
310,310,0,167,243,0,0,0,334,272,-306,3,下位,0,0,0
266,266,0,86,82,0,0,0,310,295,-511,4,下位,0,0,0
2596,966,342,70,37,0,0,0,266,134,-806,1,下位,0,0,0
1630,281,225,70,37,0,1,966,266,134,-806,1,下位,0,966,117
1349,969,162,70,37,0,2,1247,266,134,-806,1,下位,0,281,63
380,185,57,70,37,0,3,2216,266,134,-806,1,下位,0,969,105
195,195,0,70,37,0,4,2401,266,134,-806,1,下位,0,185,57
403,403,0,64,47,0,0,0,2596,89,-4562,1,下位,0,0,0
806,806,0,1097,5689,0,0,0,403,99,-5113,1,下位,0,0,0
358,358,0,73,90,1,0,0,0,0,1,0,下位,0,0,0
521,521,0,1024,4983,0,0,0,358,142,-434,1,下位,0,0,0
730,730,0,117,193,0,0,0,521,5035,750,11,上位,0,0,0
626,347,123,764,3489,0,0,0,730,245,-182,3,下位,0,0,0
279,279,0,764,3489,0,1,347,730,245,-182,3,下位,0,347,123
807,807,0,62,52,0,0,0,626,3541,714,8,上位,0,0,0
729,729,0,107,199,0,0,0,807,104,-484,1,下位,0,0,0
159,159,0,142,296,1,0,0,0,0,1,0,下位,0,0,0
415,415,0,110,200,0,0,0,159,348,93,3,下位,0,0,0
576,455,52,132,160,0,0,0,415,252,-324,2,下位,0,0,0
121,121,0,132,160,0,1,455,415,252,-324,2,下位,0,455,52
170,170,0,80,173,0,0,0,576,212,-989,2,下位,0,0,0
147,147,0,1074,5114,0,0,0,170,225,-1038,1,下位,0,0,0
1381,617,305,124,312,0,0,0,147,5166,743,10,上位,0,0,0
764,137,182,124,312,0,1,617,147,5166,743,10,上位,0,617,123
627,287,121,124,312,0,2,754,147,5166,743,10,上位,0,137,61
340,340,0,124,312,0,3,1041,147,5166,743,10,上位,0,287,121
605,605,0,109,123,0,0,0,1381,364,-815,3,下位,0,0,0
970,970,0,86,86,0,0,0,605,175,-1616,2,下位,0,0,0
963,963,0,103,274,0,0,0,970,138,-3043,1,下位,0,0,0
204,204,0,70,109,0,0,0,963,326,-4270,2,下位,0,0,0
282,282,0,107,118,1,0,0,0,0,1,0,下位,0,0,0
970,970,0,212,330,0,0,0,282,170,-284,3,下位,0,0,0
965,965,0,72,34,0,0,0,970,382,-1467,6,下位,0,0,0
430,58,57,99,135,0,0,0,965,86,-2937,1,下位,0,0,0
372,372,0,99,135,0,1,58,965,86,-2937,1,下位,0,58,57
970,970,0,59,49,0,0,0,430,187,-3387,1,下位,0,0,0
1189,232,295,103,137,0,0,0,970,101,-4851,1,下位,0,0,0
957,210,232,103,137,0,1,232,970,101,-4851,1,下位,0,232,63
747,257,117,103,137,0,2,442,970,101,-4851,1,下位,0,210,115
490,490,0,103,137,0,3,699,970,101,-4851,1,下位,0,257,117
814,814,0,108,123,0,0,0,1189,189,-6285,2,下位,0,0,0
215,215,0,120,225,0,0,0,814,175,-7423,2,下位,0,0,0
707,707,0,85,85,1,0,0,0,0,1,0,下位,0,0,0
184,184,0,1515,7438,0,0,0,707,137,-1002,1,下位,0,0,0
95,95,0,138,210,0,0,0,184,7490,759,13,上位,0,0,0
66,66,0,519,2293,0,0,0,95,262,868,4,下位,0,0,0
681,681,0,84,85,0,0,0,66,2345,751,4,上位,0,0,0
48,48,0,122,91,1,0,0,0,0,1,0,下位,0,0,0
679,679,0,86,154,0,0,0,48,143,67,2,下位,0,0,0
671,671,0,76,29,0,0,0,679,206,-822,1,下位,0,0,0
76,76,0,148,277,1,0,0,0,0,1,0,下位,0,0,0
862,862,0,82,98,0,0,0,76,329,207,3,下位,0,0,0
720,720,0,91,161,1,0,0,0,0,1,0,下位,0,0,0
262,262,0,78,22,0,0,0,720,213,-947,1,下位,0,0,0
332,332,0,76,173,0,0,0,262,74,-1296,1,下位,0,0,0
805,690,115,74,33,0,0,0,332,225,-1606,2,下位,0,0,0
115,115,0,74,33,0,1,690,332,225,-1606,2,下位,0,690,115
498,498,0,100,288,0,0,0,805,85,-2704,1,下位,0,0,0
950,950,0,119,106,1,0,0,0,0,1,0,下位,0,0,0
315,315,0,150,274,0,0,0,950,158,-1373,3,下位,0,0,0
226,226,0,1165,5795,0,0,0,315,326,-1555,4,下位,0,0,0
1593,381,110,138,211,0,0,0,226,5847,773,11,上位,0,0,0
1212,347,53,138,211,0,1,381,226,5847,773,11,上位,0,381,57
865,865,0,138,211,0,2,728,226,5847,773,11,上位,0,347,53
149,149,0,144,295,0,0,0,1593,263,-1424,3,下位,0,0,0
652,652,0,122,180,1,0,0,0,0,1,0,下位,0,0,0
843,522,119,106,124,0,0,0,652,232,-819,2,下位,0,0,0
321,321,0,106,124,0,1,522,652,232,-819,2,下位,0,522,119
228,228,0,101,134,0,0,0,843,176,-1884,2,下位,0,0,0
911,911,0,1293,6653,0,0,0,228,186,-2066,2,下位,0,0,0
873,353,180,78,98,0,0,0,911,6705,765,12,上位,0,0,0
520,312,119,78,98,0,1,353,911,6705,765,12,上位,0,353,61
208,208,0,78,98,0,2,665,911,6705,765,12,上位,0,312,119
450,450,0,85,164,0,0,0,873,150,-312,1,下位,0,0,0
813,813,0,141,139,0,0,0,450,216,-822,2,下位,0,0,0
678,678,0,114,115,1,0,0,0,0,1,0,下位,0,0,0
976,976,0,162,260,0,0,0,678,167,-926,2,下位,0,0,0
94,94,0,1119,6130,0,0,0,976,312,-2188,4,下位,0,0,0
812,812,0,110,199,0,0,0,94,6123,751,7,上位,0,0,0
171,171,0,83,81,0,0,0,812,251,-308,3,下位,0,0,0
1038,176,233,113,121,0,0,0,171,133,-451,1,下位,0,0,0
862,695,112,113,121,0,1,176,171,133,-451,1,下位,0,176,121
167,43,57,113,121,0,2,871,171,133,-451,1,下位,0,695,55
124,124,0,113,121,0,3,914,171,133,-451,1,下位,0,43,57
708,708,0,91,79,1,0,0,0,0,1,0,下位,0,0,0
206,206,0,126,167,0,0,0,708,131,-1010,1,下位,0,0,0
70,70,0,82,92,0,0,0,206,219,-1123,2,下位,0,0,0
896,896,0,117,105,0,0,0,70,144,-1092,1,下位,0,0,0
967,967,0,107,18,0,0,0,896,157,-2380,2,下位,0,0,0
965,965,0,1995,10619,0,0,0,967,70,-3870,2,下位,0,0,0
756,334,115,166,259,1,0,0,0,0,1,0,下位,0,0,0
422,422,0,166,259,1,1,334,0,0,1,0,下位,0,334,115
237,237,0,70,111,0,0,0,756,311,-793,4,下位,0,0,0
1350,97,176,90,152,0,0,0,237,163,-1012,1,下位,0,0,0
1253,852,113,90,152,0,1,97,237,163,-1012,1,下位,0,97,63
401,401,0,90,152,0,2,949,237,163,-1012,1,下位,0,852,113
451,314,63,129,149,0,0,0,1350,204,-2809,2,下位,0,0,0
137,137,0,129,149,0,1,314,1350,204,-2809,2,下位,0,314,63
131,131,0,138,218,0,0,0,451,201,-3272,2,下位,0,0,0
699,497,121,84,162,0,0,0,131,270,-3213,3,下位,0,0,0
202,202,0,84,162,0,1,497,131,270,-3213,3,下位,0,497,121
966,966,0,108,120,0,0,0,699,214,-4006,2,下位,0,0,0
447,447,0,1352,6885,0,0,0,966,172,-5392,2,下位,0,0,0
280,280,0,74,27,1,0,0,0,0,1,0,下位,0,0,0
163,163,0,66,49,0,0,0,280,79,-372,1,下位,0,0,0
283,283,0,54,30,0,0,0,163,101,-534,1,下位,0,0,0
381,381,0,79,167,0,0,0,283,82,-908,1,下位,0,0,0
506,506,0,84,89,0,0,0,381,219,-1304,1,下位,0,0,0
1638,675,61,1630,8404,0,0,0,506,141,-1979,2,下位,0,0,0
963,963,0,1630,8404,0,1,675,506,141,-1979,2,下位,0,675,61
187,187,0,964,4976,0,0,0,1638,8456,740,14,上位,0,0,0
335,335,0,82,97,0,0,0,187,4975,760,6,上位,0,0,0
244,244,0,114,273,0,0,0,335,149,369,2,下位,0,0,0
232,232,0,148,179,0,0,0,244,325,300,3,下位,0,0,0
365,365,0,118,190,0,0,0,232,231,157,3,下位,0,0,0
122,122,0,162,263,0,0,0,365,242,-190,2,下位,0,0,0
304,304,0,104,217,1,0,0,0,0,1,0,下位,0,0,0
237,237,0,120,259,0,0,0,304,269,-220,2,下位,0,0,0
286,286,0,79,175,0,0,0,237,311,-291,3,下位,0,0,0
1915,967,234,102,133,0,0,0,286,227,-525,1,下位,0,0,0
948,60,118,102,133,0,1,967,286,227,-525,1,下位,0,967,116
888,139,59,102,133,0,2,1027,286,227,-525,1,下位,0,60,59
749,749,0,102,133,0,3,1166,286,227,-525,1,下位,0,139,59
259,259,0,151,131,0,0,0,1915,185,-3195,2,下位,0,0,0
934,934,0,58,54,0,0,0,259,183,-3430,3,下位,0,0,0
964,964,0,130,159,0,0,0,934,106,-4830,1,下位,0,0,0
263,263,0,73,103,0,0,0,964,211,-6174,3,下位,0,0,0
359,359,0,73,141,0,0,0,263,155,-6443,1,下位,0,0,0
164,164,0,128,104,0,0,0,359,193,-6829,1,下位,0,0,0
676,676,0,180,243,1,0,0,0,0,1,0,下位,0,0,0
799,799,0,119,256,0,0,0,676,295,-794,4,下位,0,0,0
682,682,0,100,216,0,0,0,799,308,-1775,2,下位,0,0,0
48,48,0,1114,5835,0,0,0,682,268,-2607,2,下位,0,0,0
830,830,0,66,112,1,0,0,0,0,1,0,下位,0,0,0
203,203,0,101,141,0,0,0,830,164,-1174,1,下位,0,0,0
144,144,0,86,169,0,0,0,203,193,-1308,1,下位,0,0,0
1083,850,61,129,234,0,0,0,144,221,-1319,2,下位,0,0,0
233,233,0,129,234,0,1,850,144,221,-1319,2,下位,0,850,61
781,781,0,110,119,0,0,0,1083,286,-2719,4,下位,0,0,0
1851,228,354,119,192,0,0,0,781,171,-3808,2,下位,0,0,0
1623,53,237,119,192,0,1,228,781,171,-3808,2,下位,0,228,117
1570,964,116,119,192,0,2,281,781,171,-3808,2,下位,0,53,121
606,244,57,119,192,0,3,1245,781,171,-3808,2,下位,0,964,59
362,362,0,119,192,0,4,1489,781,171,-3808,2,下位,0,244,57
96,96,0,94,76,0,0,0,1851,244,-6196,3,下位,0,0,0
687,687,0,70,117,1,0,0,0,0,1,0,下位,0,0,0
556,556,0,56,28,0,0,0,687,169,-938,1,下位,0,0,0
833,833,0,86,162,0,0,0,556,80,-1755,1,下位,0,0,0
267,267,0,224,285,0,0,0,833,214,-2885,2,下位,0,0,0
458,204,63,1478,7950,0,0,0,267,337,-2979,6,下位,0,0,0
254,254,0,1478,7950,0,1,204,267,337,-2979,6,下位,0,204,63
896,896,0,65,35,1,0,0,0,0,1,0,下位,0,0,0
215,215,0,89,134,0,0,0,896,87,-1357,1,下位,0,0,0
244,244,0,1748,8805,0,0,0,215,186,-1518,2,下位,0,0,0
761,761,0,107,211,0,0,0,244,8857,754,15,上位,0,0,0
965,965,0,90,153,0,0,0,761,263,-210,3,下位,0,0,0
227,227,0,104,132,0,0,0,965,205,-1561,1,下位,0,0,0
875,875,0,126,334,1,0,0,0,0,1,0,下位,0,0,0
708,708,0,1354,6787,0,0,0,875,386,-1024,3,下位,0,0,0
1171,586,118,111,204,0,0,0,708,6839,753,12,上位,0,0,0
585,462,61,111,204,0,1,586,708,6839,753,12,上位,0,586,57
123,123,0,111,204,0,2,1048,708,6839,753,12,上位,0,462,61
207,207,0,137,302,0,0,0,1171,256,-761,2,下位,0,0,0
122,122,0,98,119,1,0,0,0,0,1,0,下位,0,0,0
790,790,0,58,64,0,0,0,122,171,-25,1,下位,0,0,0
262,262,0,131,243,0,0,0,790,116,-1183,1,下位,0,0,0
719,719,0,100,113,0,0,0,262,295,-1311,3,下位,0,0,0
748,748,0,92,146,0,0,0,719,165,-2306,2,下位,0,0,0
967,967,0,200,356,0,0,0,748,198,-3314,1,下位,0,0,0
965,965,0,108,199,0,0,0,967,408,-4466,5,下位,0,0,0
137,137,0,174,390,0,0,0,965,251,-5771,2,下位,0,0,0
394,394,0,86,160,0,0,0,137,442,-5550,5,下位,0,0,0
510,87,115,1630,8434,1,0,0,0,0,1,0,下位,0,0,0
423,423,0,1630,8434,1,1,87,0,0,1,0,下位,0,87,115
489,235,63,80,15,1,0,0,0,0,1,0,下位,0,0,0
254,254,0,80,15,1,1,235,0,0,1,0,下位,0,235,63
973,973,0,108,197,0,0,0,489,67,-658,1,下位,0,0,0
973,973,0,1058,5025,0,0,0,973,249,-1978,2,下位,0,0,0
294,294,0,210,266,1,0,0,0,0,1,0,下位,0,0,0
583,302,61,122,108,0,0,0,294,318,-155,5,下位,0,0,0
281,281,0,122,108,0,1,302,294,318,-155,5,下位,0,302,61
864,864,0,200,338,0,0,0,583,160,-874,2,下位,0,0,0
963,963,0,128,247,0,0,0,864,390,-1878,5,下位,0,0,0
1210,969,108,58,62,0,0,0,963,299,-3132,3,下位,0,0,0
241,241,0,58,62,0,1,969,963,299,-3132,3,下位,0,969,108
664,664,0,94,124,1,0,0,0,0,1,0,下位,0,0,0
423,423,0,123,188,0,0,0,664,176,-894,2,下位,0,0,0
215,215,0,1676,8499,0,0,0,423,240,-1336,2,下位,0,0,0
635,155,119,71,174,0,0,0,215,8551,751,14,上位,0,0,0
480,480,0,71,174,0,1,155,215,8551,751,14,上位,0,155,119
766,766,0,815,3910,0,0,0,635,226,72,1,下位,0,0,0
964,964,0,107,194,0,0,0,766,3962,743,7,上位,0,0,0
494,234,113,88,158,1,0,0,0,0,1,0,下位,0,0,0
260,260,0,88,158,1,1,234,0,0,1,0,下位,0,234,113
1309,973,115,1305,6260,0,0,0,494,210,-472,1,下位,0,0,0
336,336,0,1305,6260,0,1,973,494,210,-472,1,下位,0,973,115
575,575,0,79,179,0,0,0,1309,6312,751,12,上位,0,0,0
1316,554,115,221,311,0,0,0,575,231,55,1,下位,0,0,0
762,762,0,221,311,0,1,554,575,231,55,1,下位,0,554,115
258,258,0,122,173,0,0,0,1316,363,-1590,5,下位,0,0,0
138,138,0,114,182,0,0,0,258,225,-1781,2,下位,0,0,0
188,188,0,74,106,1,0,0,0,0,1,0,下位,0,0,0
204,140,117,129,83,0,0,0,188,158,-144,2,下位,0,0,0
64,64,0,129,83,0,1,140,188,158,-144,2,下位,0,140,117
323,323,0,83,87,0,0,0,204,135,-221,2,下位,0,0,0
194,194,0,91,150,0,0,0,323,139,-603,1,下位,0,0,0
235,235,0,124,175,0,0,0,194,202,-714,2,下位,0,0,0
252,252,0,110,108,0,0,0,235,227,-866,2,下位,0,0,0
62,62,0,1163,5856,0,0,0,252,160,-1112,2,下位,0,0,0
962,962,0,104,205,0,0,0,62,5908,767,10,上位,0,0,0
636,636,0,62,118,1,0,0,0,0,1,0,下位,0,0,0
655,655,0,62,46,0,0,0,636,170,-855,1,下位,0,0,0
693,558,59,117,247,0,0,0,655,98,-1813,1,下位,0,0,0
135,135,0,117,247,0,1,558,655,98,-1813,1,下位,0,558,59
227,227,0,68,40,0,0,0,693,299,-2573,3,下位,0,0,0
594,594,0,58,52,1,0,0,0,0,1,0,下位,0,0,0
110,110,0,1012,4867,0,0,0,594,104,-853,1,下位,0,0,0
259,259,0,70,114,0,0,0,110,4919,760,9,上位,0,0,0
1109,394,59,85,163,0,0,0,259,166,508,2,下位,0,0,0
715,715,0,85,163,0,1,394,259,166,508,2,下位,0,394,59
290,290,0,175,310,0,0,0,1109,215,-1006,1,下位,0,0,0
318,318,0,72,99,1,0,0,0,0,1,0,下位,0,0,0
965,965,0,146,301,0,0,0,318,151,-361,1,下位,0,0,0
974,974,0,78,24,0,0,0,965,353,-1564,4,下位,0,0,0
125,125,0,160,245,0,0,0,974,76,-3059,1,下位,0,0,0
136,136,0,106,48,1,0,0,0,0,1,0,下位,0,0,0
1530,237,176,98,282,0,0,0,136,100,-118,2,下位,0,0,0
1293,964,113,98,282,0,1,237,136,100,-118,2,下位,0,237,63
329,329,0,98,282,0,2,1201,136,100,-118,2,下位,0,964,113
750,750,0,94,222,0,0,0,1530,334,-2076,2,下位,0,0,0
886,886,0,61,53,0,0,0,750,274,-3012,2,下位,0,0,0
847,847,0,93,70,0,0,0,886,105,-4336,1,下位,0,0,0
848,15,277,90,208,1,0,0,0,0,1,0,下位,0,0,0
833,338,192,90,208,1,1,15,0,0,1,0,下位,0,15,85
495,495,0,90,208,1,2,353,0,0,1,0,下位,0,338,192
1053,299,379,241,814,0,0,0,848,260,-829,1,下位,0,0,0
754,113,179,241,814,0,1,299,848,260,-829,1,下位,0,299,200
641,364,89,241,814,0,2,412,848,260,-829,1,下位,0,113,90
277,277,0,241,814,0,3,776,848,260,-829,1,下位,0,364,89
279,279,0,221,604,1,0,0,0,0,1,0,下位,0,0,0
714,124,477,975,3503,0,0,0,279,656,207,4,下位,0,0,0
590,175,386,975,3503,0,1,124,279,656,207,4,下位,0,124,91
415,322,194,975,3503,0,2,299,279,656,207,4,下位,0,175,192
93,93,0,975,3503,0,3,621,279,656,207,4,下位,0,322,194
678,329,83,208,503,0,0,0,714,3555,714,22,下位,0,0,0
349,349,0,208,503,0,1,329,714,3555,714,22,下位,0,329,83
763,264,408,169,595,1,0,0,0,0,1,0,下位,0,0,0
499,138,203,169,595,1,1,264,0,0,1,0,下位,0,264,205
361,361,0,169,595,1,2,402,0,0,1,0,下位,0,138,203
607,66,275,220,754,1,0,0,0,0,1,0,下位,0,0,0
541,157,195,220,754,1,1,66,0,0,1,0,下位,0,66,80
384,384,0,220,754,1,2,223,0,0,1,0,下位,0,157,195
548,340,195,108,291,0,0,0,607,806,104,4,下位,0,0,0
208,208,0,108,291,0,1,340,607,806,104,4,下位,0,340,195
800,800,0,80,228,0,0,0,548,343,-241,2,下位,0,0,0
180,180,0,336,1167,0,0,0,800,280,-1251,1,下位,0,0,0
317,317,0,109,180,1,0,0,0,0,1,0,下位,0,0,0
807,807,0,137,153,0,0,0,317,232,-278,2,下位,0,0,0
1712,284,234,70,107,0,0,0,807,205,-1375,3,下位,0,0,0
1428,490,117,70,107,0,1,284,807,205,-1375,3,下位,0,284,117
938,938,0,70,107,0,2,774,807,205,-1375,3,下位,0,490,117
964,964,0,142,229,0,0,0,1712,159,-3743,1,下位,0,0,0
1779,983,106,73,110,0,0,0,964,281,-5017,3,下位,0,0,0
796,796,0,73,110,0,1,983,964,281,-5017,3,下位,0,983,106
538,538,0,107,273,1,0,0,0,0,1,0,下位,0,0,0
555,150,115,117,89,0,0,0,538,325,-542,2,下位,0,0,0
405,405,0,117,89,0,1,150,538,325,-542,2,下位,0,150,115
968,968,0,1537,8016,0,0,0,555,141,-1181,2,下位,0,0,0
790,790,0,130,233,1,0,0,0,0,1,0,下位,0,0,0
171,171,0,93,151,0,0,0,790,285,-988,3,下位,0,0,0
971,971,0,123,157,0,0,0,171,203,-1061,2,下位,0,0,0
243,243,0,85,91,0,0,0,971,209,-2418,3,下位,0,0,0
490,167,61,150,279,0,0,0,243,143,-2667,1,下位,0,0,0
323,323,0,150,279,0,1,167,243,143,-2667,1,下位,0,167,61
263,263,0,1424,7414,0,0,0,490,331,-3065,3,下位,0,0,0
1183,962,61,90,75,0,0,0,263,7466,774,14,上位,0,0,0
221,221,0,90,75,0,1,962,263,7466,774,14,上位,0,962,61
430,430,0,130,235,0,0,0,1183,127,-946,1,下位,0,0,0
623,623,0,137,213,0,0,0,430,287,-1353,3,下位,0,0,0
596,596,0,163,395,1,0,0,0,0,1,0,下位,0,0,0
250,250,0,99,212,0,0,0,596,447,-513,5,下位,0,0,0
1147,966,42,114,192,0,0,0,250,264,-652,2,下位,0,0,0
181,181,0,114,192,0,1,966,250,264,-652,2,下位,0,966,42
922,922,0,95,53,0,0,0,1147,244,-2216,2,下位,0,0,0
160,160,0,162,409,0,0,0,922,105,-3598,2,下位,0,0,0
974,974,0,178,356,0,0,0,160,461,-3395,4,下位,0,0,0
729,729,0,1007,5011,1,0,0,0,0,1,0,下位,0,0,0
225,225,0,87,86,0,0,0,729,5063,756,10,上位,0,0,0
530,123,59,86,83,0,0,0,225,138,531,1,下位,0,0,0
407,407,0,86,83,0,1,123,225,138,531,1,下位,0,123,59
661,661,0,83,86,1,0,0,0,0,1,0,下位,0,0,0
257,257,0,96,137,0,0,0,661,138,-927,1,下位,0,0,0
937,937,0,158,197,0,0,0,257,189,-1153,2,下位,0,0,0
143,143,0,80,97,1,0,0,0,0,1,0,下位,0,0,0
240,240,0,154,190,0,0,0,143,149,-81,1,下位,0,0,0
847,847,0,95,200,0,0,0,240,242,-226,3,下位,0,0,0
253,253,0,171,238,0,0,0,847,252,-1340,2,下位,0,0,0
447,447,0,66,128,0,0,0,253,290,-1458,3,下位,0,0,0
274,274,0,108,121,0,0,0,447,180,-1999,1,下位,0,0,0
967,967,0,114,195,0,0,0,274,173,-2268,2,下位,0,0,0
734,734,0,139,227,1,0,0,0,0,1,0,下位,0,0,0
886,886,0,133,319,0,0,0,734,279,-904,4,下位,0,0,0
327,327,0,1214,6352,0,0,0,886,371,-1962,4,下位,0,0,0
277,277,0,865,4311,1,0,0,0,0,1,0,下位,0,0,0
651,651,0,87,78,0,0,0,277,4363,758,9,上位,0,0,0
1276,304,120,62,116,0,0,0,651,130,-162,1,下位,0,0,0
972,201,61,62,116,0,1,304,651,130,-162,1,下位,0,304,59
771,771,0,62,116,0,2,505,651,130,-162,1,下位,0,201,61
80,80,0,1256,6225,1,0,0,0,0,1,0,下位,0,0,0
326,326,0,84,176,0,0,0,80,6277,774,11,上位,0,0,0
64,64,0,772,3952,1,0,0,0,0,1,0,下位,0,0,0
863,863,0,156,348,0,0,0,64,4004,759,7,上位,0,0,0
883,439,115,69,35,0,0,0,863,400,-233,4,下位,0,0,0
444,444,0,69,35,0,1,439,863,400,-233,4,下位,0,439,115
449,449,0,79,19,0,0,0,883,87,-1455,1,下位,0,0,0
964,964,0,122,98,0,0,0,449,71,-2108,1,下位,0,0,0
224,224,0,128,100,0,0,0,964,150,-3513,2,下位,0,0,0
731,296,117,94,76,0,0,0,224,152,-3722,3,下位,0,0,0
435,435,0,94,76,0,1,296,224,152,-3722,3,下位,0,296,117
715,715,0,104,145,1,0,0,0,0,1,0,下位,0,0,0
207,207,0,64,39,0,0,0,715,197,-955,2,下位,0,0,0
773,773,0,124,175,0,0,0,207,91,-1198,1,下位,0,0,0
133,133,0,186,291,0,0,0,773,227,-2218,2,下位,0,0,0
809,809,0,140,278,0,0,0,133,343,-2090,3,下位,0,0,0
415,415,0,112,123,0,0,0,809,330,-3065,4,下位,0,0,0
501,501,0,88,84,0,0,0,415,175,-3559,2,下位,0,0,0
765,765,0,92,221,1,0,0,0,0,1,0,下位,0,0,0
764,764,0,128,176,0,0,0,765,273,-960,2,下位,0,0,0
498,498,0,68,116,1,0,0,0,0,1,0,下位,0,0,0
125,125,0,160,253,0,0,0,498,168,-634,1,下位,0,0,0
963,963,0,1187,5983,0,0,0,125,305,-531,3,下位,0,0,0
832,89,180,82,83,0,0,0,963,6035,751,11,上位,0,0,0
743,595,119,82,83,0,1,89,963,6035,751,11,上位,0,89,61
148,148,0,82,83,0,2,684,963,6035,751,11,上位,0,595,119
19,19,0,103,129,1,0,0,0,0,1,0,下位,0,0,0
304,304,0,90,88,0,0,0,19,181,151,2,下位,0,0,0
470,470,0,105,54,0,0,0,304,140,-199,1,下位,0,0,0
605,605,0,87,88,0,0,0,470,106,-851,2,下位,0,0,0
858,858,0,168,314,0,0,0,605,140,-1687,2,下位,0,0,0
616,616,0,98,142,1,0,0,0,0,1,0,下位,0,0,0
172,172,0,1044,4963,0,0,0,616,194,-799,2,下位,0,0,0
1116,272,244,76,95,0,0,0,172,5015,752,11,上位,0,0,0
844,259,123,76,95,0,1,272,172,5015,752,11,上位,0,272,121
585,585,0,76,95,0,2,531,172,5015,752,11,上位,0,259,123
825,241,123,94,147,0,0,0,1116,147,-658,1,下位,0,0,0
584,584,0,94,147,0,1,241,1116,147,-658,1,下位,0,241,123
63,63,0,80,163,0,0,0,825,199,-1667,2,下位,0,0,0
741,741,0,90,77,0,0,0,63,215,-1554,2,下位,0,0,0
687,402,119,152,205,0,0,0,741,129,-2620,1,下位,0,0,0
285,285,0,152,205,0,1,402,741,129,-2620,1,下位,0,402,119
963,963,0,124,181,0,0,0,687,257,-3352,3,下位,0,0,0
630,630,0,1007,4844,1,0,0,0,0,1,0,下位,0,0,0
340,340,0,148,426,0,0,0,630,4896,745,8,上位,0,0,0
1394,966,119,122,101,0,0,0,340,478,675,4,下位,0,0,0
428,428,0,122,101,0,1,966,340,478,675,4,下位,0,966,119
54,54,0,78,176,0,0,0,1394,153,-1301,3,下位,0,0,0
158,158,0,817,3938,0,0,0,54,228,-1160,1,下位,0,0,0
968,968,0,190,294,0,0,0,158,3990,768,8,上位,0,0,0
468,468,0,76,28,1,0,0,0,0,1,0,下位,0,0,0
835,835,0,87,78,0,0,0,468,80,-674,1,下位,0,0,0
224,224,0,120,184,0,0,0,835,130,-1891,1,下位,0,0,0
975,975,0,222,327,0,0,0,224,236,-2016,2,下位,0,0,0
336,336,0,62,122,0,0,0,975,379,-3210,4,下位,0,0,0
229,229,0,98,143,0,0,0,336,174,-3578,1,下位,0,0,0
242,242,0,89,82,0,0,0,229,195,-3752,2,下位,0,0,0
626,379,121,118,187,0,0,0,242,134,-4008,1,下位,0,0,0
247,247,0,118,187,0,1,379,242,134,-4008,1,下位,0,379,121
113,113,0,1693,8662,0,0,0,626,239,-4657,2,下位,0,0,0
573,573,0,70,119,1,0,0,0,0,1,0,下位,0,0,0
267,267,0,1006,5046,0,0,0,573,171,-752,1,下位,0,0,0
490,192,55,72,28,0,0,0,267,5098,745,9,上位,0,0,0
298,298,0,72,28,0,1,192,267,5098,745,9,上位,0,192,55
820,183,115,178,377,0,0,0,490,80,89,1,下位,0,0,0
637,637,0,178,377,0,1,183,490,80,89,1,下位,0,183,115
152,152,0,146,281,0,0,0,820,429,-689,6,下位,0,0,0
272,272,0,95,151,0,0,0,152,333,-601,3,下位,0,0,0
256,256,0,1177,5940,0,0,0,272,203,-837,1,下位,0,0,0
1732,121,293,172,163,0,0,0,256,5992,763,11,上位,0,0,0
1611,848,172,172,163,0,1,121,256,5992,763,11,上位,0,121,121
763,142,59,172,163,0,2,969,256,5992,763,11,上位,0,848,113
621,621,0,172,163,0,3,1111,256,5992,763,11,上位,0,142,59
848,848,0,89,75,0,0,0,1732,215,-1523,4,下位,0,0,0
718,718,0,68,108,0,0,0,848,127,-2764,1,下位,0,0,0
651,651,0,108,127,1,0,0,0,0,1,0,下位,0,0,0
809,522,112,118,337,0,0,0,651,179,-870,2,下位,0,0,0
287,287,0,118,337,0,1,522,651,179,-870,2,下位,0,522,112
420,420,0,72,106,0,0,0,809,389,-1674,3,下位,0,0,0
585,585,0,76,94,0,0,0,420,158,-2193,1,下位,0,0,0
1224,868,115,138,309,0,0,0,585,146,-2991,1,下位,0,0,0
356,356,0,138,309,0,1,868,585,146,-2991,1,下位,0,868,115
239,239,0,136,239,0,0,0,1224,361,-4489,3,下位,0,0,0
92,92,0,1318,7164,0,0,0,239,291,-4583,3,下位,0,0,0
139,139,0,80,171,0,0,0,92,7095,750,9,上位,0,0,0
432,248,119,136,304,0,0,0,139,223,749,1,下位,0,0,0
184,184,0,136,304,0,1,248,139,223,749,1,下位,0,248,119
635,635,0,55,63,1,0,0,0,0,1,0,下位,0,0,0
348,348,0,78,101,0,0,0,635,115,-908,1,下位,0,0,0
958,958,0,104,58,0,0,0,348,153,-1316,1,下位,0,0,0
250,250,0,68,118,0,0,0,958,110,-2751,2,下位,0,0,0
746,746,0,83,168,0,0,0,250,170,-2984,1,下位,0,0,0
1093,496,117,108,207,1,0,0,0,0,1,0,下位,0,0,0
597,597,0,108,207,1,1,496,0,0,1,0,下位,0,496,117
122,122,0,1107,5464,0,0,0,1093,259,-1386,2,下位,0,0,0
78,78,0,122,264,0,0,0,122,5516,745,10,上位,0,0,0
593,186,119,105,126,0,0,0,78,316,935,2,下位,0,0,0
407,407,0,105,126,0,1,186,78,316,935,2,下位,0,186,119
674,674,0,122,236,0,0,0,593,178,276,2,下位,0,0,0
203,203,0,868,4169,1,0,0,0,0,1,0,下位,0,0,0
1250,967,123,189,211,0,0,0,203,4221,762,8,上位,0,0,0
283,283,0,189,211,0,1,967,203,4221,762,8,上位,0,967,123
313,313,0,81,88,0,0,0,1250,263,-868,4,下位,0,0,0
1494,936,59,1134,6053,0,0,0,313,140,-1233,1,下位,0,0,0
558,558,0,1134,6053,0,1,936,313,140,-1233,1,下位,0,936,59
60,60,0,143,142,0,0,0,1494,6105,779,9,上位,0,0,0
390,390,0,97,59,1,0,0,0,0,1,0,下位,0,0,0
850,850,0,69,31,0,0,0,390,111,-517,2,下位,0,0,0
898,898,0,88,73,0,0,0,850,83,-1805,1,下位,0,0,0
576,576,0,1574,7963,0,0,0,898,125,-3128,2,下位,0,0,0
845,845,0,67,112,1,0,0,0,0,1,0,下位,0,0,0
355,355,0,180,238,0,0,0,845,164,-1198,1,下位,0,0,0
211,211,0,1147,5701,0,0,0,355,290,-1481,3,下位,0,0,0
450,450,0,104,138,0,0,0,211,5753,767,11,上位,0,0,0
149,149,0,174,392,0,0,0,450,190,231,1,下位,0,0,0
535,121,115,124,98,1,0,0,0,0,1,0,下位,0,0,0
414,414,0,124,98,1,1,121,0,0,1,0,下位,0,121,115
1013,793,116,96,226,0,0,0,535,150,-597,3,下位,0,0,0
220,220,0,96,226,0,1,793,535,150,-597,3,下位,0,793,116
680,680,0,80,159,1,0,0,0,0,1,0,下位,0,0,0
1760,851,61,81,81,0,0,0,680,211,-885,1,下位,0,0,0
909,909,0,81,81,0,1,851,680,211,-885,1,下位,0,851,61
663,663,0,124,176,1,0,0,0,0,1,0,下位,0,0,0
39,39,0,58,60,1,0,0,0,0,1,0,下位,0,0,0
187,187,0,143,137,0,0,0,39,112,50,1,下位,0,0,0
472,472,0,116,115,0,0,0,187,189,-63,2,下位,0,0,0
295,295,0,120,328,0,0,0,472,167,-657,3,下位,0,0,0
495,495,0,123,174,1,0,0,0,0,1,0,下位,0,0,0
276,67,115,58,51,0,0,0,495,226,-571,3,下位,0,0,0
209,209,0,58,51,0,1,67,495,226,-571,3,下位,0,67,115
1172,966,59,87,167,0,0,0,276,103,-798,1,下位,0,0,0
206,206,0,87,167,0,1,966,276,103,-798,1,下位,0,966,59
513,513,0,89,86,1,0,0,0,0,1,0,下位,0,0,0
337,337,0,162,189,0,0,0,513,138,-688,1,下位,0,0,0
833,833,0,123,251,1,0,0,0,0,1,0,下位,0,0,0
1128,161,117,98,134,0,0,0,833,303,-1040,2,下位,0,0,0
967,967,0,98,134,0,1,161,833,303,-1040,2,下位,0,161,117
1970,56,223,216,337,0,0,0,1128,186,-2557,1,下位,0,0,0
1914,823,110,216,337,0,1,56,1128,186,-2557,1,下位,0,56,113
1091,347,53,216,337,0,2,879,1128,186,-2557,1,下位,0,823,57
744,744,0,216,337,0,3,1226,1128,186,-2557,1,下位,0,347,53
253,253,0,128,219,0,0,0,1970,389,-5122,6,下位,0,0,0
523,523,0,85,155,0,0,0,253,271,-5259,3,下位,0,0,0
370,370,0,118,183,1,0,0,0,0,1,0,下位,0,0,0
351,351,0,77,160,0,0,0,370,235,-361,2,下位,0,0,0
753,753,0,132,226,1,0,0,0,0,1,0,下位,0,0,0
538,538,0,102,281,1,0,0,0,0,1,0,下位,0,0,0
239,239,0,80,169,0,0,0,538,333,-534,2,下位,0,0,0
425,425,0,64,117,0,0,0,239,221,-698,1,下位,0,0,0
638,638,0,119,178,0,0,0,425,169,-1214,1,下位,0,0,0
849,849,0,109,133,1,0,0,0,0,1,0,下位,0,0,0
271,271,0,91,135,0,0,0,849,185,-1183,2,下位,0,0,0
1226,360,59,114,114,1,0,0,0,0,1,0,下位,0,0,0
866,866,0,114,114,1,1,360,0,0,1,0,下位,0,360,59
178,178,0,158,342,0,0,0,1226,166,-1752,2,下位,0,0,0
196,196,0,155,362,0,0,0,178,394,-1645,4,下位,0,0,0
427,244,57,58,53,0,0,0,196,414,-1547,3,下位,0,0,0
183,183,0,58,53,0,1,244,196,414,-1547,3,下位,0,244,57
953,953,0,148,202,0,0,0,427,105,-2074,1,下位,0,0,0
156,156,0,106,132,0,0,0,953,254,-3357,3,下位,0,0,0
167,167,0,178,172,0,0,0,156,184,-3425,2,下位,0,0,0
392,392,0,82,90,1,0,0,0,0,1,0,下位,0,0,0
581,581,0,117,266,0,0,0,392,142,-489,1,下位,0,0,0
650,650,0,80,19,0,0,0,581,318,-1108,2,下位,0,0,0
969,969,0,57,56,0,0,0,650,71,-2085,1,下位,0,0,0
40,40,0,76,96,0,0,0,969,108,-3540,1,下位,0,0,0
22,22,0,102,199,1,0,0,0,0,1,0,下位,0,0,0
896,896,0,93,153,0,0,0,22,251,217,2,下位,0,0,0
1931,964,121,132,162,0,0,0,896,205,-1023,2,下位,0,0,0
967,967,0,132,162,0,1,964,896,205,-1023,2,下位,0,964,121
730,730,0,79,171,1,0,0,0,0,1,0,下位,0,0,0
249,40,117,115,192,0,0,0,730,223,-953,1,下位,0,0,0
209,209,0,115,192,0,1,40,730,223,-953,1,下位,0,40,117
474,474,0,1023,4665,1,0,0,0,0,1,0,下位,0,0,0
304,304,0,104,137,0,0,0,474,4717,754,10,上位,0,0,0
136,136,0,80,97,1,0,0,0,0,1,0,下位,0,0,0
567,567,0,79,99,0,0,0,136,149,-69,1,下位,0,0,0
307,139,61,88,165,0,0,0,567,151,-833,1,下位,0,0,0
168,168,0,88,165,0,1,139,567,151,-833,1,下位,0,139,61
1270,234,114,1092,5781,1,0,0,0,0,1,0,下位,0,0,0
1036,972,55,1092,5781,1,1,234,0,0,1,0,下位,0,234,59
64,64,0,1092,5781,1,2,1206,0,0,1,0,下位,0,972,55
299,299,0,675,2816,0,0,0,1270,5833,758,9,上位,0,0,0
153,153,0,56,62,0,0,0,299,2868,742,6,上位,0,0,0
878,878,0,1148,5527,0,0,0,153,114,609,1,下位,0,0,0
941,99,118,112,257,0,0,0,878,5579,753,12,上位,0,0,0
842,499,61,112,257,0,1,99,878,5579,753,12,上位,0,99,57
343,343,0,112,257,0,2,598,878,5579,753,12,上位,0,499,61
310,310,0,99,221,0,0,0,941,309,-338,2,下位,0,0,0
772,772,0,162,260,1,0,0,0,0,1,0,下位,0,0,0
187,187,0,118,267,0,0,0,772,312,-932,3,下位,0,0,0
171,171,0,123,171,0,0,0,187,319,-915,3,下位,0,0,0
150,150,0,76,107,0,0,0,171,223,-968,2,下位,0,0,0
250,250,0,1046,5388,0,0,0,150,159,-1051,1,下位,0,0,0
826,826,0,73,34,0,0,0,250,5440,765,10,上位,0,0,0
612,434,0,86,97,0,0,0,826,86,-481,1,下位,0,0,0
178,178,0,86,97,0,1,434,826,86,-481,1,下位,0,434,0
476,476,0,88,160,0,0,0,612,149,-1319,1,下位,0,0,0
158,158,0,103,36,0,0,0,476,212,-1875,1,下位,0,0,0
596,596,0,940,4815,1,0,0,0,0,1,0,下位,0,0,0
1931,962,113,76,31,0,0,0,596,4867,759,9,上位,0,0,0
969,969,0,76,31,0,1,962,596,4867,759,9,上位,0,962,113
1103,179,178,74,105,0,0,0,1931,83,-2160,1,下位,0,0,0
924,592,61,74,105,0,1,179,1931,83,-2160,1,下位,0,179,117
332,332,0,74,105,0,2,771,1931,83,-2160,1,下位,0,592,61
50,50,0,115,181,1,0,0,0,0,1,0,下位,0,0,0
834,834,0,61,114,0,0,0,50,233,153,3,下位,0,0,0
291,291,0,103,134,0,0,0,834,166,-1026,1,下位,0,0,0
88,88,0,1057,5283,0,0,0,291,186,-1309,2,下位,0,0,0
1477,961,180,740,3236,0,0,0,88,5335,757,9,上位,0,0,0
516,431,121,740,3236,0,1,961,88,5335,757,9,上位,0,961,59
85,85,0,740,3236,0,2,1392,88,5335,757,9,上位,0,431,121
105,105,0,80,97,0,0,0,1477,3288,747,6,上位,0,0,0
50,50,0,512,2430,0,0,0,105,149,727,1,下位,0,0,0
2065,328,122,190,364,0,0,0,50,2482,745,5,上位,0,0,0
1737,850,61,190,364,0,1,328,50,2482,745,5,上位,0,328,61
887,887,0,190,364,0,2,1178,50,2482,745,5,上位,0,850,61
233,233,0,82,150,0,0,0,2065,416,-2048,4,下位,0,0,0
353,200,121,156,334,1,0,0,0,0,1,0,下位,0,0,0
153,153,0,156,334,1,1,200,0,0,1,0,下位,0,200,121
1090,437,53,150,249,0,0,0,353,386,-62,4,下位,0,0,0
653,653,0,150,249,0,1,437,353,386,-62,4,下位,0,437,53
1157,90,116,221,316,0,0,0,1090,301,-1466,4,下位,0,0,0
1067,102,55,221,316,0,1,90,1090,301,-1466,4,下位,0,90,61
965,965,0,221,316,0,2,192,1090,301,-1466,4,下位,0,102,55
82,82,0,813,4362,0,0,0,1157,368,-2848,5,下位,0,0,0
1100,246,113,156,193,0,0,0,82,3086,777,4,上位,0,0,0
854,854,0,156,193,0,1,246,82,3086,777,4,上位,0,246,113
90,90,0,112,185,1,0,0,0,0,1,0,下位,0,0,0
167,167,0,92,145,0,0,0,90,237,93,2,下位,0,0,0
61,61,0,68,40,0,0,0,167,197,21,2,下位,0,0,0
624,624,0,60,51,1,0,0,0,0,1,0,下位,0,0,0
795,795,0,178,227,0,0,0,624,103,-902,1,下位,0,0,0
1296,185,116,75,109,0,0,0,795,279,-1905,4,下位,0,0,0
1111,153,57,75,109,0,1,185,795,279,-1905,4,下位,0,185,59
958,958,0,75,109,0,2,338,795,279,-1905,4,下位,0,153,57
327,327,0,99,141,1,0,0,0,0,1,0,下位,0,0,0
250,250,0,70,47,0,0,0,327,193,-333,2,下位,0,0,0
909,909,0,179,388,0,0,0,250,99,-637,1,下位,0,0,0
223,223,0,156,349,1,0,0,0,0,1,0,下位,0,0,0
203,203,0,103,125,0,0,0,223,401,42,3,下位,0,0,0
672,672,0,140,228,0,0,0,203,177,-108,2,下位,0,0,0
771,771,0,114,269,1,0,0,0,0,1,0,下位,0,0,0
168,168,0,70,105,0,0,0,771,321,-922,2,下位,0,0,0
142,142,0,917,4101,1,0,0,0,0,1,0,下位,0,0,0
67,67,0,81,160,0,0,0,142,4153,763,9,上位,0,0,0
249,249,0,60,63,0,0,0,67,212,867,1,下位,0,0,0
229,229,0,132,308,0,0,0,249,115,580,1,下位,0,0,0
1613,796,178,122,190,0,0,0,229,360,571,3,下位,0,0,0
817,442,117,122,190,0,1,796,229,360,571,3,下位,0,796,61
375,375,0,122,190,0,2,1238,229,360,571,3,下位,0,442,117
721,346,55,69,119,0,0,0,1613,242,-1611,3,下位,0,0,0
375,375,0,69,119,0,1,346,1613,242,-1611,3,下位,0,346,55
177,177,0,75,177,0,0,0,721,171,-2548,1,下位,0,0,0
184,184,0,72,110,0,0,0,177,229,-2604,1,下位,0,0,0
624,624,0,158,195,1,0,0,0,0,1,0,下位,0,0,0
1525,364,178,78,106,0,0,0,624,247,-758,4,下位,0,0,0
1161,270,61,78,106,0,1,364,624,247,-758,4,下位,0,364,117
891,891,0,78,106,0,2,634,624,247,-758,4,下位,0,270,61
473,473,0,62,46,1,0,0,0,0,1,0,下位,0,0,0
333,333,0,55,-89,0,0,0,473,98,-664,1,下位,0,0,0
659,355,54,1204,5806,0,0,0,333,-37,-1238,1,下位,0,0,0
304,304,0,1204,5806,0,1,355,333,-37,-1238,1,下位,0,355,54
321,321,0,175,317,1,0,0,0,0,1,0,下位,0,0,0
67,67,0,787,4123,0,0,0,321,369,-148,3,下位,0,0,0
99,99,0,138,238,0,0,0,67,3066,757,4,上位,0,0,0
430,430,0,175,160,0,0,0,99,290,887,3,下位,0,0,0
820,820,0,110,281,0,0,0,430,212,405,3,下位,0,0,0
180,51,61,212,336,0,0,0,820,333,-585,3,下位,0,0,0
129,129,0,212,336,0,1,51,820,333,-585,3,下位,0,51,61
545,545,0,152,278,0,0,0,180,388,-426,6,下位,0,0,0
872,872,0,148,257,1,0,0,0,0,1,0,下位,0,0,0
1574,753,55,126,242,0,0,0,872,309,-1096,4,下位,0,0,0
821,821,0,126,242,0,1,753,872,309,-1096,4,下位,0,753,55
807,552,61,101,132,1,0,0,0,0,1,0,下位,0,0,0
255,255,0,101,132,1,1,552,0,0,1,0,下位,0,552,61
402,402,0,86,230,0,0,0,807,184,-1055,1,下位,0,0,0
196,196,0,127,238,0,0,0,402,282,-1421,2,下位,0,0,0
755,755,0,73,186,0,0,0,196,290,-1447,3,下位,0,0,0
1215,181,166,188,357,0,0,0,755,238,-2427,1,下位,0,0,0
1034,69,63,188,357,0,1,181,755,238,-2427,1,下位,0,181,103
965,965,0,188,357,0,2,250,755,238,-2427,1,下位,0,69,63
855,855,0,93,72,0,0,0,1215,409,-3811,4,下位,0,0,0
500,220,115,222,310,0,0,0,855,124,-5066,1,下位,0,0,0
280,280,0,222,310,0,1,220,855,124,-5066,1,下位,0,220,115
22,22,0,69,99,1,0,0,0,0,1,0,下位,0,0,0
1401,416,289,130,169,0,0,0,22,151,117,1,下位,0,0,0
985,345,176,130,169,0,1,416,22,151,117,1,下位,0,416,113
640,421,117,130,169,0,2,761,22,151,117,1,下位,0,345,59
219,219,0,130,169,0,3,1182,22,151,117,1,下位,0,421,117
168,168,0,91,148,0,0,0,1401,221,-1632,3,下位,0,0,0
155,155,0,217,324,0,0,0,168,200,-1703,1,下位,0,0,0
592,296,63,147,356,0,0,0,155,376,-1577,6,下位,0,0,0
296,296,0,147,356,0,1,296,155,376,-1577,6,下位,0,296,63
94,94,0,1292,6907,0,0,0,592,408,-2060,4,下位,0,0,0
680,680,0,138,288,1,0,0,0,0,1,0,下位,0,0,0
398,73,115,72,34,0,0,0,680,340,-756,4,下位,0,0,0
325,325,0,72,34,0,1,73,680,340,-756,4,下位,0,73,115
775,775,0,144,290,0,0,0,398,86,-1197,1,下位,0,0,0
306,306,0,68,103,0,0,0,775,342,-2105,3,下位,0,0,0
791,412,242,83,92,0,0,0,306,155,-2444,1,下位,0,0,0
379,54,123,83,92,0,1,412,306,155,-2444,1,下位,0,412,119
325,325,0,83,92,0,2,466,306,155,-2444,1,下位,0,54,123
578,578,0,174,286,0,0,0,791,144,-3334,1,下位,0,0,0
959,959,0,128,224,0,0,0,578,338,-3928,4,下位,0,0,0
709,709,0,223,315,1,0,0,0,0,1,0,下位,0,0,0
294,294,0,90,167,0,0,0,709,367,-776,5,下位,0,0,0
963,963,0,89,141,0,0,0,294,219,-1031,2,下位,0,0,0
142,142,0,179,335,0,0,0,963,193,-2391,2,下位,0,0,0
1799,966,163,134,238,0,0,0,142,387,-2233,4,下位,0,0,0
833,293,59,134,238,0,1,966,142,387,-2233,4,下位,0,966,104
540,540,0,134,238,0,2,1259,142,387,-2233,4,下位,0,293,59
392,392,0,96,210,1,0,0,0,0,1,0,下位,0,0,0
854,273,112,95,144,0,0,0,392,262,-369,2,下位,0,0,0
581,93,57,95,144,0,1,273,392,262,-369,2,下位,0,273,55
488,488,0,95,144,0,2,366,392,262,-369,2,下位,0,93,57
314,314,0,66,104,0,0,0,854,196,-1438,2,下位,0,0,0
967,967,0,105,286,0,0,0,314,156,-1788,1,下位,0,0,0
311,311,0,110,200,1,0,0,0,0,1,0,下位,0,0,0
321,321,0,108,199,0,0,0,311,252,-249,2,下位,0,0,0
896,896,0,89,73,0,0,0,321,251,-516,2,下位,0,0,0
718,718,0,102,208,1,0,0,0,0,1,0,下位,0,0,0
1390,935,59,73,36,0,0,0,718,260,-897,3,下位,0,0,0
455,455,0,73,36,0,1,935,718,260,-897,3,下位,0,935,59
356,356,0,72,12,0,0,0,1390,88,-2992,1,下位,0,0,0
475,475,0,93,215,0,0,0,356,64,-3502,1,下位,0,0,0
130,130,0,100,218,1,0,0,0,0,1,0,下位,0,0,0
965,965,0,74,112,0,0,0,130,270,61,3,下位,0,0,0
1105,864,114,108,254,0,0,0,965,164,-1331,1,下位,0,0,0
241,241,0,108,254,0,1,864,965,164,-1331,1,下位,0,864,114
962,962,0,124,171,0,0,0,1105,306,-2694,2,下位,0,0,0
956,454,59,126,167,1,0,0,0,0,1,0,下位,0,0,0
502,502,0,126,167,1,1,454,0,0,1,0,下位,0,454,59
234,234,0,64,49,0,0,0,956,219,-1263,2,下位,0,0,0
702,702,0,92,147,1,0,0,0,0,1,0,下位,0,0,0
271,271,0,100,214,1,0,0,0,0,1,0,下位,0,0,0
211,211,0,92,66,0,0,0,271,266,-170,2,下位,0,0,0
568,568,0,140,208,1,0,0,0,0,1,0,下位,0,0,0
317,317,0,1121,5682,0,0,0,568,260,-655,3,下位,0,0,0
149,149,0,119,240,0,0,0,317,5734,752,11,上位,0,0,0
1159,365,63,1090,4755,0,0,0,149,292,804,3,下位,0,0,0
794,794,0,1090,4755,0,1,365,149,292,804,3,下位,0,365,63
