REGゲーム数,当該REGゲーム数,REG枚数,ATゲーム数,AT枚数,朝イチ,スルー回数,AT間ゲーム数,前回AT当選ゲーム数,前回AT獲得枚数,前回差枚数,前回連荘数,前回種別,機種別条件,前回REG当選ゲーム数,前回REG獲得枚数
423,423,0,85,79,1,0,0,0,0,1,0,下位,0,0,0
146,146,0,67,116,0,0,0,423,131,-550,1,下位,0,0,0
974,974,0,1378,6747,0,0,0,146,168,-617,1,下位,0,0,0
136,136,0,78,24,0,0,0,974,6799,761,12,上位,0,0,0
754,754,0,52,65,0,0,0,136,76,618,1,下位,0,0,0
973,973,0,940,4256,0,1,754,136,76,618,1,下位,0,754,117
51,51,0,113,120,0,0,0,1727,4308,769,10,上位,0,0,0
295,295,0,895,4278,1,0,0,0,0,1,0,下位,0,0,0
725,725,0,69,115,0,0,0,295,4330,751,9,上位,0,0,0
316,316,0,51,61,0,0,0,725,167,-251,1,下位,0,0,0
531,531,0,162,165,0,1,316,725,167,-251,1,下位,0,316,113
882,882,0,42,9,0,0,0,847,217,-1287,5,下位,0,0,0
785,785,0,52,71,0,1,882,847,217,-1287,5,下位,0,882,61
425,425,0,82,172,0,2,1667,847,217,-1287,5,下位,0,785,123
436,436,0,86,96,1,0,0,0,0,1,0,下位,0,0,0
675,675,0,110,207,0,0,0,436,148,-554,2,下位,0,0,0
219,219,0,76,102,0,0,0,675,259,-1384,3,下位,0,0,0
221,221,0,106,47,0,0,0,219,154,-1583,1,下位,0,0,0
246,246,0,72,106,0,0,0,221,99,-1840,2,下位,0,0,0
278,278,0,111,199,0,0,0,246,158,-2079,1,下位,0,0,0
124,124,0,1264,6414,0,0,0,278,251,-2276,2,下位,0,0,0
538,538,0,134,231,0,0,0,124,6466,755,12,上位,0,0,0
899,899,0,74,23,0,0,0,538,283,170,2,下位,0,0,0
265,265,0,59,57,0,0,0,899,75,-1205,1,下位,0,0,0
527,527,0,52,65,0,0,0,265,109,-1523,1,下位,0,0,0
280,280,0,42,5,0,1,527,265,109,-1523,1,下位,0,527,117
216,216,0,81,86,0,2,807,265,109,-1523,1,下位,0,280,57
517,517,0,134,235,0,0,0,1023,138,-2861,2,下位,0,0,0
485,485,0,51,64,0,0,0,517,287,-3408,3,下位,0,0,0
407,407,0,100,223,0,1,485,517,287,-3408,3,下位,0,485,116
194,194,0,80,19,1,0,0,0,0,1,0,下位,0,0,0
323,323,0,226,318,0,0,0,194,71,-241,1,下位,0,0,0
520,520,0,85,87,0,0,0,323,370,-392,5,下位,0,0,0
862,862,0,92,137,1,0,0,0,0,1,0,下位,0,0,0
802,802,0,98,142,0,0,0,862,189,-1200,2,下位,0,0,0
126,126,0,77,12,0,0,0,802,194,-2300,1,下位,0,0,0
518,518,0,98,208,0,0,0,126,64,-2439,1,下位,0,0,0
925,925,0,68,114,0,0,0,518,260,-3014,2,下位,0,0,0
167,167,0,51,61,0,0,0,925,166,-4340,1,下位,0,0,0
185,185,0,86,173,0,1,167,925,166,-4340,1,下位,0,167,113
750,750,0,196,272,1,0,0,0,0,1,0,下位,0,0,0
315,315,0,41,3,0,0,0,750,324,-885,4,下位,0,0,0
529,529,0,106,277,0,1,315,750,324,-885,4,下位,0,315,55
967,967,0,141,226,0,0,0,844,329,-1862,2,下位,0,0,0
354,354,0,52,67,0,0,0,967,278,-3144,2,下位,0,0,0
401,401,0,137,301,0,1,354,967,278,-3144,2,下位,0,354,119
265,265,0,42,7,0,0,0,755,353,-3890,3,下位,0,0,0
95,95,0,1040,5233,0,1,265,755,353,-3890,3,下位,0,265,59
452,452,0,88,158,1,0,0,0,0,1,0,下位,0,0,0
66,66,0,546,2466,0,0,0,452,210,-518,1,下位,0,0,0
785,785,0,194,356,0,0,0,66,2518,763,5,上位,0,0,0
844,844,0,42,7,1,0,0,0,0,1,0,下位,0,0,0
892,892,0,132,155,1,1,844,0,0,1,0,下位,0,844,59
787,787,0,74,109,0,0,0,1736,207,-2533,3,下位,0,0,0
898,898,0,72,180,0,0,0,787,161,-3641,1,下位,0,0,0
973,973,0,42,5,0,0,0,898,232,-4857,1,下位,0,0,0
383,383,0,52,65,0,1,973,898,232,-4857,1,下位,0,973,57
714,714,0,42,5,0,2,1356,898,232,-4857,1,下位,0,383,117
190,190,0,51,63,0,3,2070,898,232,-4857,1,下位,0,714,57
324,324,0,74,91,0,4,2260,898,232,-4857,1,下位,0,190,115
237,237,0,42,9,0,0,0,2584,143,-8536,2,下位,0,0,0
892,892,0,176,318,0,1,237,2584,143,-8536,2,下位,0,237,61
774,774,0,80,177,1,0,0,0,0,1,0,下位,0,0,0
163,163,0,90,147,0,0,0,774,229,-1018,1,下位,0,0,0
143,143,0,92,147,0,0,0,163,199,-1082,2,下位,0,0,0
378,378,0,152,179,0,0,0,143,199,-1114,2,下位,0,0,0
784,784,0,96,147,0,0,0,378,231,-1493,3,下位,0,0,0
968,968,0,93,70,0,0,0,784,199,-2559,1,下位,0,0,0
330,330,0,1504,7588,0,0,0,968,122,-3998,1,下位,0,0,0
150,150,0,93,70,1,0,0,0,0,1,0,下位,0,0,0
323,323,0,108,186,0,0,0,150,122,-119,1,下位,0,0,0
127,127,0,941,4506,0,0,0,323,238,-402,2,下位,0,0,0
118,118,0,42,9,0,0,0,127,4558,773,10,上位,0,0,0
633,633,0,108,209,0,1,118,127,4558,773,10,上位,0,118,61
419,419,0,95,218,0,0,0,751,261,-116,2,下位,0,0,0
967,967,0,58,47,0,0,0,419,270,-522,2,下位,0,0,0
523,523,0,42,7,0,0,0,967,99,-1983,1,下位,0,0,0
892,892,0,59,57,0,1,523,967,99,-1983,1,下位,0,523,59
327,327,0,82,157,0,0,0,1415,109,-4098,1,下位,0,0,0
604,604,0,132,232,1,0,0,0,0,1,0,下位,0,0,0
410,410,0,74,190,0,0,0,604,284,-689,3,下位,0,0,0
704,704,0,184,216,0,0,0,410,242,-1108,1,下位,0,0,0
192,192,0,78,99,0,0,0,704,268,-1975,3,下位,0,0,0
878,878,0,138,218,0,0,0,192,151,-2134,1,下位,0,0,0
331,331,0,122,330,1,0,0,0,0,1,0,下位,0,0,0
635,635,0,129,241,0,0,0,331,382,-151,3,下位,0,0,0
145,145,0,176,304,0,0,0,635,293,-882,3,下位,0,0,0
306,306,0,228,300,0,0,0,145,356,-760,4,下位,0,0,0
258,258,0,52,71,1,0,0,0,0,1,0,下位,0,0,0
91,91,0,103,128,1,1,258,0,0,1,0,下位,0,258,123
58,58,0,42,5,0,0,0,349,180,-259,1,下位,0,0,0
385,385,0,92,72,0,1,58,349,180,-259,1,下位,0,58,57
390,390,0,142,304,0,0,0,443,124,-793,1,下位,0,0,0
539,539,0,122,176,0,0,0,390,356,-1066,4,下位,0,0,0
192,192,0,51,62,0,0,0,539,228,-1707,2,下位,0,0,0
140,140,0,42,5,0,1,192,539,228,-1707,2,下位,0,192,114
185,185,0,104,209,0,2,332,539,228,-1707,2,下位,0,140,57
654,654,0,86,80,0,0,0,517,261,-2109,2,下位,0,0,0
225,225,0,42,5,0,0,0,654,132,-3032,2,下位,0,0,0
132,132,0,60,53,0,1,225,654,132,-3032,2,下位,0,225,57
43,43,0,68,109,1,0,0,0,0,1,0,下位,0,0,0
174,174,0,91,215,0,0,0,43,161,93,1,下位,0,0,0
236,236,0,140,297,0,0,0,174,267,79,2,下位,0,0,0
256,256,0,62,41,0,0,0,236,349,47,3,下位,0,0,0
633,633,0,52,65,0,0,0,256,93,-273,1,下位,0,0,0
895,895,0,138,229,0,1,633,256,93,-273,1,下位,0,633,117
241,241,0,51,61,1,0,0,0,0,1,0,下位,0,0,0
973,973,0,52,65,1,1,241,0,0,1,0,下位,0,241,113
735,735,0,1291,6643,1,2,1214,0,0,1,0,下位,0,973,117
142,142,0,42,9,0,0,0,1949,6695,752,12,上位,0,0,0
675,675,0,117,177,0,1,142,1949,6695,752,12,上位,0,142,61
620,620,0,76,94,0,0,0,817,229,-276,2,下位,0,0,0
338,338,0,135,157,1,0,0,0,0,1,0,下位,0,0,0
372,372,0,132,382,0,0,0,338,209,-335,3,下位,0,0,0
285,285,0,41,4,0,0,0,372,434,-501,3,下位,0,0,0
963,963,0,41,3,0,1,285,372,434,-501,3,下位,0,285,56
79,79,0,1227,6098,0,2,1248,372,434,-501,3,下位,0,963,55
264,264,0,59,55,1,0,0,0,0,1,0,下位,0,0,0
223,223,0,52,65,0,0,0,264,107,-318,1,下位,0,0,0
68,68,0,51,63,0,1,223,264,107,-318,1,下位,0,223,117
252,252,0,258,266,0,2,291,264,107,-318,1,下位,0,68,115
353,353,0,117,185,0,0,0,543,318,-644,6,下位,0,0,0
337,337,0,86,84,0,0,0,353,237,-976,2,下位,0,0,0
64,64,0,58,60,0,0,0,337,136,-1384,1,下位,0,0,0
165,165,0,51,61,0,0,0,64,112,-1375,1,下位,0,0,0
286,286,0,93,67,0,1,165,64,112,-1375,1,下位,0,165,113
969,969,0,175,249,0,0,0,451,119,-1870,1,下位,0,0,0
655,655,0,2016,10265,0,0,0,969,301,-3132,5,下位,0,0,0
82,82,0,90,227,1,0,0,0,0,1,0,下位,0,0,0
683,683,0,173,377,0,0,0,82,279,148,2,下位,0,0,0
349,349,0,65,47,0,0,0,683,429,-525,5,下位,0,0,0
742,742,0,82,96,0,0,0,349,99,-989,1,下位,0,0,0
963,963,0,170,247,0,0,0,742,148,-2038,1,下位,0,0,0
372,372,0,124,179,0,0,0,963,299,-3292,3,下位,0,0,0
637,637,0,41,3,0,0,0,372,231,-3661,2,下位,0,0,0
461,461,0,162,262,0,1,637,372,231,-3661,2,下位,0,637,55
962,962,0,42,11,0,0,0,1098,314,-5063,4,下位,0,0,0
359,359,0,60,49,0,1,962,1098,314,-5063,4,下位,0,962,63
45,45,0,89,155,0,0,0,1321,101,-7030,1,下位,0,0,0
65,65,0,42,5,0,0,0,45,207,-6896,2,下位,0,0,0
164,164,0,68,113,0,1,65,45,207,-6896,2,下位,0,65,57
409,409,0,122,159,0,0,0,229,165,-7044,1,下位,0,0,0
443,443,0,1522,7551,0,0,0,409,211,-7493,2,下位,0,0,0
230,230,0,106,198,1,0,0,0,0,1,0,下位,0,0,0
842,842,0,58,58,0,0,0,230,250,-120,2,下位,0,0,0
728,728,0,170,310,0,0,0,842,110,-1368,1,下位,0,0,0
752,752,0,101,136,0,0,0,728,362,-2180,3,下位,0,0,0
362,362,0,42,9,0,0,0,752,188,-3205,1,下位,0,0,0
210,210,0,52,69,0,1,362,752,188,-3205,1,下位,0,362,61
332,332,0,41,3,0,2,572,752,188,-3205,1,下位,0,210,121
520,520,0,1327,6704,0,3,904,752,188,-3205,1,下位,0,332,55
512,512,0,110,125,1,0,0,0,0,1,0,下位,0,0,0
285,285,0,57,56,0,0,0,512,177,-648,2,下位,0,0,0
219,219,0,122,256,0,0,0,285,108,-1000,1,下位,0,0,0
543,543,0,63,45,0,0,0,219,308,-1045,2,下位,0,0,0
36,36,0,1116,5714,0,0,0,543,97,-1824,1,下位,0,0,0
569,569,0,42,5,1,0,0,0,0,1,0,下位,0,0,0
293,293,0,42,7,1,1,569,0,0,1,0,下位,0,569,57
391,391,0,142,223,1,2,862,0,0,1,0,下位,0,293,59
254,254,0,178,236,0,0,0,1253,275,-1630,2,下位,0,0,0
988,988,0,92,148,0,0,0,254,288,-1752,4,下位,0,0,0
161,161,0,41,3,0,0,0,988,200,-3146,1,下位,0,0,0
845,845,0,88,156,0,1,161,988,200,-3146,1,下位,0,161,55
853,853,0,137,236,0,0,0,1006,208,-4506,1,下位,0,0,0
967,967,0,98,138,0,0,0,853,288,-5594,3,下位,0,0,0
42,42,0,208,331,1,0,0,0,0,1,0,下位,0,0,0
266,266,0,71,99,0,0,0,42,383,316,6,下位,0,0,0
612,612,0,158,329,0,0,0,266,151,38,1,下位,0,0,0
965,965,0,42,7,0,0,0,612,381,-568,4,下位,0,0,0
232,232,0,96,149,0,1,965,612,381,-568,4,下位,0,965,59
572,572,0,71,172,0,0,0,1197,201,-2238,2,下位,0,0,0
931,931,0,42,7,0,0,0,572,224,-2937,1,下位,0,0,0
664,664,0,52,65,0,1,931,572,224,-2937,1,下位,0,931,59
161,161,0,64,39,0,2,1595,572,224,-2937,1,下位,0,664,117
280,280,0,42,11,0,0,0,1756,91,-5503,1,下位,0,0,0
279,279,0,51,63,0,1,280,1756,91,-5503,1,下位,0,280,63
529,529,0,72,28,0,2,559,1756,91,-5503,1,下位,0,279,115
70,70,0,71,108,1,0,0,0,0,1,0,下位,0,0,0
964,964,0,107,191,0,0,0,70,160,48,1,下位,0,0,0
209,209,0,170,244,0,0,0,964,243,-1264,2,下位,0,0,0
415,415,0,120,180,0,0,0,209,296,-1305,4,下位,0,0,0
181,181,0,73,103,1,0,0,0,0,1,0,下位,0,0,0
750,750,0,52,67,0,0,0,181,155,-136,1,下位,0,0,0
408,408,0,93,74,0,1,750,181,155,-136,1,下位,0,750,119
443,443,0,1250,6322,0,0,0,1158,126,-1759,1,下位,0,0,0
186,186,0,73,114,0,0,0,443,6374,745,11,上位,0,0,0
738,738,0,42,9,0,0,0,186,166,611,1,下位,0,0,0
158,158,0,77,173,0,1,738,186,166,611,1,下位,0,738,61
298,298,0,114,122,0,0,0,896,225,-548,1,下位,0,0,0
59,59,0,70,105,1,0,0,0,0,1,0,下位,0,0,0
297,297,0,84,89,0,0,0,59,157,63,1,下位,0,0,0
199,199,0,91,150,0,0,0,297,141,-275,1,下位,0,0,0
328,328,0,75,174,0,0,0,199,202,-394,1,下位,0,0,0
666,666,0,77,167,0,0,0,328,226,-697,1,下位,0,0,0
824,824,0,116,183,0,0,0,666,219,-1552,1,下位,0,0,0
699,699,0,126,169,1,0,0,0,0,1,0,下位,0,0,0
262,262,0,182,391,0,0,0,699,221,-905,3,下位,0,0,0
174,174,0,52,69,0,0,0,262,443,-885,5,下位,0,0,0
782,782,0,152,208,0,1,174,262,443,-885,5,下位,0,174,121
223,223,0,67,118,0,0,0,956,260,-2046,2,下位,0,0,0
291,291,0,52,65,0,0,0,223,170,-2236,1,下位,0,0,0
804,804,0,68,40,0,1,291,223,170,-2236,1,下位,0,291,117
597,597,0,51,63,0,0,0,1095,92,-3793,1,下位,0,0,0
948,948,0,166,330,0,1,597,1095,92,-3793,1,下位,0,597,115
966,966,0,2009,9898,0,0,0,1545,382,-5788,4,下位,0,0,0
184,184,0,73,184,1,0,0,0,0,1,0,下位,0,0,0
742,742,0,52,67,0,0,0,184,236,-60,1,下位,0,0,0
206,206,0,51,63,0,1,742,184,236,-60,1,下位,0,742,119
638,638,0,91,68,0,2,948,184,236,-60,1,下位,0,206,115
967,967,0,87,158,0,0,0,1586,120,-2264,2,下位,0,0,0
167,167,0,104,119,0,0,0,967,210,-3614,1,下位,0,0,0
360,360,0,986,4998,0,0,0,167,171,-3712,2,下位,0,0,0
136,136,0,39,-8,1,0,0,0,0,1,0,下位,0,0,0
345,345,0,93,152,1,1,136,0,0,1,0,下位,0,136,44
942,942,0,108,194,0,0,0,481,204,-526,2,下位,0,0,0
586,586,0,113,199,1,0,0,0,0,1,0,下位,0,0,0
456,456,0,60,51,0,0,0,586,251,-693,2,下位,0,0,0
96,96,0,96,140,0,0,0,456,103,-1325,1,下位,0,0,0
965,965,0,42,9,0,0,0,96,192,-1288,1,下位,0,0,0
128,128,0,100,214,0,1,965,96,192,-1288,1,下位,0,965,61
202,202,0,88,82,1,0,0,0,0,1,0,下位,0,0,0
330,330,0,83,92,0,0,0,202,134,-191,1,下位,0,0,0
858,858,0,127,101,0,0,0,330,144,-579,1,下位,0,0,0
818,818,0,71,106,1,0,0,0,0,1,0,下位,0,0,0
200,200,0,165,341,0,0,0,818,158,-1160,1,下位,0,0,0
96,96,0,42,5,0,0,0,200,393,-1090,4,下位,0,0,0
603,603,0,1194,6007,0,1,96,200,393,-1090,4,下位,0,96,57
901,901,0,99,147,1,0,0,0,0,1,0,下位,0,0,0
162,162,0,118,165,0,0,0,901,199,-1253,2,下位,0,0,0
970,970,0,64,49,0,0,0,162,217,-1297,3,下位,0,0,0
237,237,0,160,209,0,0,0,970,101,-2761,1,下位,0,0,0
967,967,0,51,63,0,0,0,237,261,-2882,3,下位,0,0,0
89,89,0,76,95,0,1,967,237,261,-2882,3,下位,0,967,115
62,62,0,102,132,0,0,0,1056,147,-4324,1,下位,0,0,0
304,304,0,146,203,1,0,0,0,0,1,0,下位,0,0,0
785,785,0,182,316,0,0,0,304,255,-234,3,下位,0,0,0
946,946,0,71,39,0,0,0,785,368,-1132,5,下位,0,0,0
406,406,0,80,162,0,0,0,946,91,-2567,1,下位,0,0,0
41,41,0,105,190,0,0,0,406,214,-3008,1,下位,0,0,0
968,968,0,976,4385,0,0,0,41,242,-2832,2,下位,0,0,0
335,335,0,88,82,1,0,0,0,0,1,0,下位,0,0,0
231,231,0,988,4623,0,0,0,335,134,-405,1,下位,0,0,0
406,406,0,84,90,0,0,0,231,4675,745,9,上位,0,0,0
327,327,0,90,147,0,0,0,406,142,232,1,下位,0,0,0
478,478,0,42,7,0,0,0,327,199,-96,1,下位,0,0,0
375,375,0,52,71,0,1,478,327,199,-96,1,下位,0,478,59
60,60,0,68,114,0,2,853,327,199,-96,1,下位,0,375,123
819,819,0,126,86,0,0,0,913,166,-1221,1,下位,0,0,0
804,804,0,1346,6806,0,0,0,819,138,-2404,2,下位,0,0,0
939,939,0,66,108,1,0,0,0,0,1,0,下位,0,0,0
150,150,0,125,236,0,0,0,939,160,-1354,1,下位,0,0,0
386,386,0,42,11,0,0,0,150,288,-1308,4,下位,0,0,0
286,286,0,39,-9,0,1,386,150,288,-1308,4,下位,0,386,63
222,222,0,134,143,0,2,672,150,288,-1308,4,下位,0,286,43
257,257,0,1191,5954,0,0,0,894,195,-2449,3,下位,0,0,0
494,494,0,102,125,1,0,0,0,0,1,0,下位,0,0,0
460,460,0,119,241,0,0,0,494,177,-619,2,下位,0,0,0
551,551,0,49,49,1,0,0,0,0,1,0,下位,0,0,0
284,284,0,58,60,1,1,551,0,0,1,0,下位,0,551,101
783,783,0,52,69,0,0,0,835,112,-1133,1,下位,0,0,0
726,726,0,106,119,0,1,783,835,112,-1133,1,下位,0,783,121
269,269,0,69,105,0,0,0,1509,171,-3275,2,下位,0,0,0
238,238,0,99,204,0,0,0,269,157,-3552,1,下位,0,0,0
207,207,0,869,4187,1,0,0,0,0,1,0,下位,0,0,0
790,790,0,108,132,0,0,0,207,4239,769,9,上位,0,0,0
133,133,0,41,3,0,0,0,790,184,-321,2,下位,0,0,0
801,801,0,107,207,0,1,133,790,184,-321,2,下位,0,133,55
226,226,0,94,70,0,0,0,934,259,-1514,2,下位,0,0,0
271,271,0,51,63,0,0,0,226,122,-1757,1,下位,0,0,0
290,290,0,1562,8083,0,1,271,226,122,-1757,1,下位,0,271,115
866,866,0,139,214,1,0,0,0,0,1,0,下位,0,0,0
428,428,0,64,49,1,0,0,0,0,1,0,下位,0,0,0
299,299,0,71,176,0,0,0,428,101,-588,1,下位,0,0,0
530,530,0,123,106,0,0,0,299,228,-842,1,下位,0,0,0
153,153,0,68,109,0,0,0,530,158,-1539,2,下位,0,0,0
327,327,0,142,220,1,0,0,0,0,1,0,下位,0,0,0
552,552,0,108,41,0,0,0,327,272,-254,3,下位,0,0,0
526,526,0,52,69,0,0,0,552,93,-1051,2,下位,0,0,0
515,515,0,58,56,0,1,526,552,93,-1051,2,下位,0,526,121
213,213,0,85,155,0,0,0,1041,108,-2501,1,下位,0,0,0
84,84,0,170,322,1,0,0,0,0,1,0,下位,0,0,0
158,158,0,178,379,0,0,0,84,374,240,4,下位,0,0,0
813,813,0,168,328,0,0,0,158,431,416,4,下位,0,0,0
968,968,0,58,58,0,0,0,813,380,-515,3,下位,0,0,0
217,217,0,103,130,0,0,0,968,110,-1966,1,下位,0,0,0
370,370,0,94,148,0,0,0,217,182,-2134,1,下位,0,0,0
374,374,0,42,5,0,0,0,370,200,-2531,2,下位,0,0,0
300,300,0,70,117,0,1,374,370,200,-2531,2,下位,0,374,57
193,193,0,42,7,0,0,0,674,169,-3392,1,下位,0,0,0
281,281,0,52,65,0,1,193,674,169,-3392,1,下位,0,193,59
766,766,0,79,169,0,2,474,674,169,-3392,1,下位,0,281,117
962,962,0,56,50,0,0,0,1240,221,-4994,1,下位,0,0,0
191,191,0,127,170,0,0,0,962,102,-6444,1,下位,0,0,0
342,342,0,124,247,0,0,0,191,222,-6530,3,下位,0,0,0
380,380,0,51,63,1,0,0,0,0,1,0,下位,0,0,0
876,876,0,108,191,1,1,380,0,0,1,0,下位,0,380,115
739,739,0,161,328,0,0,0,1256,243,-1667,2,下位,0,0,0
147,147,0,106,195,0,0,0,739,380,-2479,3,下位,0,0,0
40,40,0,1376,7110,0,0,0,147,247,-2469,2,下位,0,0,0
356,356,0,41,1,1,0,0,0,0,1,0,下位,0,0,0
434,434,0,1052,5117,1,1,356,0,0,1,0,下位,0,356,53
211,211,0,72,181,1,0,0,0,0,1,0,下位,0,0,0
710,710,0,114,186,0,0,0,211,233,-106,1,下位,0,0,0
796,796,0,132,313,1,0,0,0,0,1,0,下位,0,0,0
544,544,0,96,147,0,0,0,796,365,-918,4,下位,0,0,0
770,770,0,91,234,0,0,0,544,199,-1596,3,下位,0,0,0
141,141,0,42,5,1,0,0,0,0,1,0,下位,0,0,0
318,318,0,104,124,1,1,141,0,0,1,0,下位,0,141,57
74,74,0,79,97,0,0,0,459,176,-506,2,下位,0,0,0
381,381,0,42,9,0,0,0,74,149,-476,1,下位,0,0,0
692,692,0,220,316,0,1,381,74,149,-476,1,下位,0,381,61
21,21,0,160,270,1,0,0,0,0,1,0,下位,0,0,0
963,963,0,52,65,0,0,0,21,322,289,3,下位,0,0,0
247,247,0,52,67,0,1,963,21,322,289,3,下位,0,963,117
217,217,0,52,67,0,2,1210,21,322,289,3,下位,0,247,119
337,337,0,179,300,0,3,1427,21,322,289,3,下位,0,217,119
802,802,0,51,61,0,0,0,1764,352,-1849,5,下位,0,0,0
414,414,0,89,155,0,1,802,1764,352,-1849,5,下位,0,802,113
381,381,0,141,287,0,0,0,1216,207,-3491,1,下位,0,0,0
457,457,0,956,4587,1,0,0,0,0,1,0,下位,0,0,0
974,974,0,138,228,1,0,0,0,0,1,0,下位,0,0,0
574,574,0,52,69,0,0,0,974,280,-1290,3,下位,0,0,0
463,463,0,42,5,0,1,574,974,280,-1290,3,下位,0,574,121
826,826,0,1669,8683,0,2,1037,974,280,-1290,3,下位,0,463,57
482,482,0,74,183,1,0,0,0,0,1,0,下位,0,0,0
161,161,0,87,73,0,0,0,482,235,-541,1,下位,0,0,0
354,354,0,96,144,0,0,0,161,125,-676,1,下位,0,0,0
55,55,0,42,5,0,0,0,354,196,-1051,2,下位,0,0,0
350,350,0,89,61,0,1,55,354,196,-1051,2,下位,0,55,57
365,365,0,86,155,1,0,0,0,0,1,0,下位,0,0,0
493,493,0,1059,5054,0,0,0,365,207,-381,2,下位,0,0,0
965,965,0,159,334,0,0,0,493,5106,761,10,上位,0,0,0
153,153,0,85,164,1,0,0,0,0,1,0,下位,0,0,0
137,137,0,130,173,0,0,0,153,216,-30,2,下位,0,0,0
52,52,0,746,3983,0,0,0,137,225,-26,3,下位,0,0,0
716,716,0,75,105,1,0,0,0,0,1,0,下位,0,0,0
159,159,0,1023,5050,0,0,0,716,157,-997,1,下位,0,0,0
311,311,0,81,97,0,0,0,159,5102,752,10,上位,0,0,0
56,56,0,54,69,0,0,0,311,149,399,1,下位,0,0,0
193,193,0,105,185,0,0,0,56,121,430,1,下位,0,0,0
354,354,0,152,275,0,0,0,193,237,356,2,下位,0,0,0
657,657,0,119,181,1,0,0,0,0,1,0,下位,0,0,0
233,233,0,70,117,0,0,0,657,233,-826,2,下位,0,0,0
273,273,0,94,133,0,0,0,233,169,-1033,1,下位,0,0,0
391,391,0,89,77,1,0,0,0,0,1,0,下位,0,0,0
145,145,0,929,4577,0,0,0,391,129,-501,1,下位,0,0,0
741,741,0,70,113,0,0,0,145,4629,764,10,上位,0,0,0
372,372,0,66,104,0,0,0,741,165,-266,1,下位,0,0,0
357,357,0,147,283,0,0,0,372,156,-710,1,下位,0,0,0
220,220,0,132,163,0,0,0,357,335,-951,3,下位,0,0,0
189,189,0,42,5,1,0,0,0,0,1,0,下位,0,0,0
964,964,0,42,5,1,1,189,0,0,1,0,下位,0,189,57
168,168,0,1309,6622,1,2,1153,0,0,1,0,下位,0,964,57
349,349,0,52,65,0,0,0,1321,6674,779,11,上位,0,0,0
654,654,0,114,117,0,1,349,1321,6674,779,11,上位,0,349,117
861,861,0,74,103,0,0,0,1003,169,-553,2,下位,0,0,0
212,212,0,114,186,0,0,0,861,155,-1787,1,下位,0,0,0
365,365,0,88,157,1,0,0,0,0,1,0,下位,0,0,0
96,96,0,108,195,0,0,0,365,209,-379,2,下位,0,0,0
876,876,0,164,257,0,0,0,96,247,-287,2,下位,0,0,0
550,550,0,128,165,0,0,0,876,309,-1391,3,下位,0,0,0
854,854,0,63,40,0,0,0,550,217,-2061,2,下位,0,0,0
701,701,0,51,61,0,0,0,854,92,-3346,1,下位,0,0,0
571,571,0,183,307,0,1,701,854,92,-3346,1,下位,0,701,113
751,751,0,68,122,1,0,0,0,0,1,0,下位,0,0,0
893,893,0,122,173,0,0,0,751,174,-1036,1,下位,0,0,0
867,867,0,82,88,0,0,0,893,225,-2251,3,下位,0,0,0
553,553,0,41,3,0,0,0,867,140,-3509,1,下位,0,0,0
291,291,0,51,63,0,1,553,867,140,-3509,1,下位,0,553,55
965,965,0,41,1,0,2,844,867,140,-3509,1,下位,0,291,115
712,712,0,106,128,0,3,1809,867,140,-3509,1,下位,0,965,53
972,972,0,162,338,0,0,0,2521,180,-7171,2,下位,0,0,0
816,816,0,97,69,1,0,0,0,0,1,0,下位,0,0,0
211,211,0,102,129,0,0,0,816,121,-1194,2,下位,0,0,0
186,186,0,91,76,0,0,0,211,181,-1353,1,下位,0,0,0
242,242,0,111,197,0,0,0,186,128,-1525,1,下位,0,0,0
174,174,0,52,66,0,0,0,242,249,-1666,2,下位,0,0,0
420,420,0,130,163,0,1,174,242,249,-1666,2,下位,0,174,118
419,419,0,98,140,0,0,0,594,215,-2291,2,下位,0,0,0
43,43,0,1056,5169,0,0,0,419,192,-2775,1,下位,0,0,0
909,909,0,144,285,0,0,0,43,5221,756,8,上位,0,0,0
306,306,0,136,220,1,0,0,0,0,1,0,下位,0,0,0
68,68,0,832,4188,0,0,0,306,272,-221,3,下位,0,0,0
805,805,0,89,79,0,0,0,68,4240,761,6,上位,0,0,0
900,900,0,115,245,1,0,0,0,0,1,0,下位,0,0,0
392,392,0,114,197,0,0,0,900,297,-1154,3,下位,0,0,0
48,48,0,52,69,0,0,0,392,249,-1537,3,下位,0,0,0
194,194,0,1808,9438,0,1,48,392,249,-1537,3,下位,0,48,121
226,226,0,126,232,1,0,0,0,0,1,0,下位,0,0,0
128,128,0,52,69,0,0,0,226,284,-80,3,下位,0,0,0
885,885,0,138,154,0,1,128,226,284,-80,3,下位,0,128,121
250,250,0,52,65,1,0,0,0,0,1,0,下位,0,0,0
859,859,0,128,169,1,1,250,0,0,1,0,下位,0,250,117
95,95,0,52,71,0,0,0,1109,221,-1449,3,下位,0,0,0
235,235,0,78,175,0,1,95,1109,221,-1449,3,下位,0,95,123
971,971,0,87,80,0,0,0,330,227,-1631,1,下位,0,0,0
259,259,0,124,173,0,0,0,971,132,-3065,1,下位,0,0,0
43,43,0,42,9,1,0,0,0,0,1,0,下位,0,0,0
415,415,0,96,215,1,1,43,0,0,1,0,下位,0,43,61
838,838,0,90,147,0,0,0,458,267,-409,2,下位,0,0,0
587,587,0,130,173,1,0,0,0,0,1,0,下位,0,0,0
157,157,0,119,171,0,0,0,587,225,-721,3,下位,0,0,0
325,325,0,150,213,0,0,0,157,223,-751,3,下位,0,0,0
564,564,0,1033,5007,0,0,0,325,265,-1010,2,下位,0,0,0
652,652,0,73,36,0,0,0,564,5059,765,10,上位,0,0,0
359,359,0,51,61,0,0,0,652,88,-199,1,下位,0,0,0
961,961,0,98,281,0,1,359,652,88,-199,1,下位,0,359,113
673,673,0,170,311,1,0,0,0,0,1,0,下位,0,0,0
325,325,0,1167,5879,0,0,0,673,363,-721,4,下位,0,0,0
182,182,0,174,173,1,0,0,0,0,1,0,下位,0,0,0
445,445,0,99,290,0,0,0,182,225,-68,4,下位,0,0,0
169,169,0,130,323,0,0,0,445,342,-444,2,下位,0,0,0
964,964,0,114,183,0,0,0,169,375,-342,3,下位,0,0,0
285,285,0,90,149,0,0,0,964,235,-1662,3,下位,0,0,0
159,159,0,97,148,0,0,0,285,201,-1921,2,下位,0,0,0
190,190,0,61,50,1,0,0,0,0,1,0,下位,0,0,0
585,585,0,90,88,1,0,0,0,0,1,0,下位,0,0,0
274,274,0,122,179,0,0,0,585,140,-803,1,下位,0,0,0
159,159,0,121,184,0,0,0,274,231,-1014,3,下位,0,0,0
62,62,0,70,113,1,0,0,0,0,1,0,下位,0,0,0
310,310,0,193,208,0,0,0,62,165,66,1,下位,0,0,0
635,635,0,133,160,1,0,0,0,0,1,0,下位,0,0,0
13,13,0,111,104,1,0,0,0,0,1,0,下位,0,0,0
263,263,0,155,306,0,0,0,13,156,136,3,下位,0,0,0
927,927,0,125,253,1,0,0,0,0,1,0,下位,0,0,0
231,231,0,78,30,0,0,0,927,305,-1189,2,下位,0,0,0
507,507,0,129,393,0,0,0,231,82,-1480,1,下位,0,0,0
969,969,0,1423,7266,0,0,0,507,445,-1853,3,下位,0,0,0
311,311,0,52,69,0,0,0,969,7318,761,13,上位,0,0,0
49,49,0,94,145,0,1,311,969,7318,761,13,上位,0,311,121
886,886,0,100,130,0,0,0,360,197,498,2,下位,0,0,0
972,972,0,69,111,0,0,0,886,182,-749,1,下位,0,0,0
552,552,0,134,308,1,0,0,0,0,1,0,下位,0,0,0
709,709,0,1211,5745,1,0,0,0,0,1,0,下位,0,0,0
113,113,0,80,169,0,0,0,709,5797,751,11,上位,0,0,0
389,389,0,76,93,1,0,0,0,0,1,0,下位,0,0,0
452,452,0,132,252,0,0,0,389,145,-481,1,下位,0,0,0
203,203,0,84,91,1,0,0,0,0,1,0,下位,0,0,0
966,966,0,99,144,0,0,0,203,143,-183,1,下位,0,0,0
262,262,0,112,189,0,0,0,966,196,-1545,2,下位,0,0,0
300,300,0,52,67,0,0,0,262,241,-1727,2,下位,0,0,0
201,201,0,42,9,0,1,300,262,241,-1727,2,下位,0,300,119
360,360,0,110,197,0,2,501,262,241,-1727,2,下位,0,201,61
598,598,0,159,218,0,0,0,861,249,-2687,2,下位,0,0,0
245,245,0,82,90,0,0,0,598,270,-3382,4,下位,0,0,0
253,253,0,123,322,1,0,0,0,0,1,0,下位,0,0,0
113,113,0,51,61,1,0,0,0,0,1,0,下位,0,0,0
755,755,0,76,29,1,1,113,0,0,1,0,下位,0,113,113
278,278,0,132,161,0,0,0,868,81,-1205,1,下位,0,0,0
892,892,0,122,254,0,0,0,278,213,-1440,2,下位,0,0,0
406,406,0,52,65,1,0,0,0,0,1,0,下位,0,0,0
704,704,0,1143,5498,1,1,406,0,0,1,0,下位,0,406,117
737,737,0,96,64,1,0,0,0,0,1,0,下位,0,0,0
692,692,0,149,214,1,0,0,0,0,1,0,下位,0,0,0
363,363,0,82,81,0,0,0,692,266,-849,3,下位,0,0,0
664,664,0,106,130,0,0,0,363,133,-1301,1,下位,0,0,0
962,962,0,160,127,0,0,0,664,182,-2190,2,下位,0,0,0
787,787,0,88,229,1,0,0,0,0,1,0,下位,0,0,0
260,260,0,110,194,1,0,0,0,0,1,0,下位,0,0,0
593,593,0,41,1,0,0,0,260,246,-172,2,下位,0,0,0
62,62,0,52,67,0,1,593,260,246,-172,2,下位,0,593,53
199,199,0,97,69,0,2,655,260,246,-172,2,下位,0,62,119
372,372,0,42,9,0,0,0,854,121,-1256,2,下位,0,0,0
40,40,0,74,185,0,1,372,854,121,-1256,2,下位,0,372,61
73,73,0,42,5,0,0,0,412,237,-1623,1,下位,0,0,0
907,907,0,167,388,0,1,73,412,237,-1623,1,下位,0,73,57
963,963,0,52,67,0,0,0,980,440,-2707,4,下位,0,0,0
566,566,0,104,130,0,1,963,980,440,-2707,4,下位,0,963,119
259,259,0,84,93,0,0,0,1529,182,-4872,2,下位,0,0,0
951,951,0,94,212,0,0,0,259,145,-5145,1,下位,0,0,0
377,377,0,80,86,0,0,0,951,264,-6415,2,下位,0,0,0
30,30,0,101,206,1,0,0,0,0,1,0,下位,0,0,0
93,93,0,62,120,0,0,0,30,258,211,2,下位,0,0,0
293,293,0,133,240,0,0,0,93,172,233,1,下位,0,0,0
83,83,0,82,68,1,0,0,0,0,1,0,下位,0,0,0
246,246,0,58,51,0,0,0,83,120,-13,1,下位,0,0,0
503,503,0,98,148,1,0,0,0,0,1,0,下位,0,0,0
195,195,0,84,163,0,0,0,503,200,-610,1,下位,0,0,0
344,344,0,103,194,0,0,0,195,215,-710,1,下位,0,0,0
125,125,0,91,79,0,0,0,344,246,-1019,2,下位,0,0,0
190,190,0,86,80,0,0,0,125,131,-1090,2,下位,0,0,0
965,965,0,186,362,0,0,0,190,132,-1264,1,下位,0,0,0
172,172,0,92,233,1,0,0,0,0,1,0,下位,0,0,0
716,716,0,170,320,1,0,0,0,0,1,0,下位,0,0,0
961,961,0,205,267,0,0,0,716,372,-782,4,下位,0,0,0
792,792,0,94,226,0,0,0,961,319,-2013,5,下位,0,0,0
266,266,0,41,3,0,0,0,792,278,-3012,2,下位,0,0,0
551,551,0,133,220,0,1,266,792,278,-3012,2,下位,0,266,55
116,116,0,87,229,1,0,0,0,0,1,0,下位,0,0,0
900,900,0,83,87,1,0,0,0,0,1,0,下位,0,0,0
160,160,0,168,321,0,0,0,900,139,-1312,1,下位,0,0,0
255,255,0,894,4215,1,0,0,0,0,1,0,下位,0,0,0
189,189,0,162,253,0,0,0,255,4267,754,8,上位,0,0,0
836,836,0,130,165,1,0,0,0,0,1,0,下位,0,0,0
455,455,0,108,198,0,0,0,836,217,-1130,3,下位,0,0,0
214,214,0,42,7,0,0,0,455,250,-1614,2,下位,0,0,0
898,898,0,54,61,0,1,214,455,250,-1614,2,下位,0,214,59
793,793,0,1022,5180,1,0,0,0,0,1,0,下位,0,0,0
802,802,0,72,182,0,0,0,793,5232,753,11,上位,0,0,0
502,502,0,126,172,1,0,0,0,0,1,0,下位,0,0,0
968,968,0,52,69,0,0,0,502,224,-585,2,下位,0,0,0
975,975,0,74,31,0,1,968,502,224,-585,2,下位,0,968,121
967,967,0,86,89,0,0,0,1943,83,-3515,1,下位,0,0,0
965,965,0,106,203,0,0,0,967,141,-4934,1,下位,0,0,0
636,636,0,52,67,0,0,0,965,255,-6235,2,下位,0,0,0
764,764,0,151,190,0,1,636,965,255,-6235,2,下位,0,636,119
235,235,0,90,144,1,0,0,0,0,1,0,下位,0,0,0
118,118,0,192,371,0,0,0,235,196,-182,1,下位,0,0,0
709,709,0,124,250,1,0,0,0,0,1,0,下位,0,0,0
571,571,0,180,351,0,0,0,709,302,-841,3,下位,0,0,0
272,272,0,89,152,1,0,0,0,0,1,0,下位,0,0,0
973,973,0,94,67,0,0,0,272,204,-234,2,下位,0,0,0
267,267,0,73,103,0,0,0,973,119,-1684,2,下位,0,0,0
332,332,0,154,332,1,0,0,0,0,1,0,下位,0,0,0
45,45,0,1350,7095,0,0,0,332,384,-150,4,下位,0,0,0
362,362,0,67,107,0,0,0,45,7088,763,9,上位,0,0,0
694,694,0,172,393,1,0,0,0,0,1,0,下位,0,0,0
49,49,0,106,114,1,0,0,0,0,1,0,下位,0,0,0
551,551,0,71,32,1,0,0,0,0,1,0,下位,0,0,0
722,722,0,1093,5053,0,0,0,551,84,-804,1,下位,0,0,0
572,572,0,52,67,0,0,0,722,5105,752,12,上位,0,0,0
257,257,0,74,183,0,1,572,722,5105,752,12,上位,0,572,119
302,302,0,72,99,0,0,0,829,235,-232,1,下位,0,0,0
274,274,0,96,227,0,0,0,302,151,-568,1,下位,0,0,0
401,401,0,41,3,1,0,0,0,0,1,0,下位,0,0,0
967,967,0,122,232,1,1,401,0,0,1,0,下位,0,401,55
45,45,0,51,61,0,0,0,1368,284,-1867,3,下位,0,0,0
595,595,0,67,105,0,1,45,1368,284,-1867,3,下位,0,45,113
743,743,0,78,101,0,0,0,640,157,-2630,1,下位,0,0,0
677,677,0,51,61,0,0,0,743,153,-3675,1,下位,0,0,0
905,905,0,51,61,0,1,677,743,153,-3675,1,下位,0,677,113
262,262,0,92,148,0,2,1582,743,153,-3675,1,下位,0,905,113
867,867,0,128,312,1,0,0,0,0,1,0,下位,0,0,0
312,312,0,93,71,0,0,0,867,364,-1033,3,下位,0,0,0
664,664,0,69,29,0,0,0,312,123,-1413,1,下位,0,0,0
466,466,0,111,108,1,0,0,0,0,1,0,下位,0,0,0
554,554,0,62,52,1,0,0,0,0,1,0,下位,0,0,0
966,966,0,160,193,0,0,0,554,104,-789,1,下位,0,0,0
968,968,0,121,174,0,0,0,966,245,-2102,5,下位,0,0,0
298,298,0,104,122,1,0,0,0,0,1,0,下位,0,0,0
96,96,0,52,65,0,0,0,298,174,-306,2,下位,0,0,0
193,193,0,62,37,0,1,96,298,174,-306,2,下位,0,96,117
441,441,0,104,289,0,0,0,289,89,-566,1,下位,0,0,0
202,202,0,200,277,0,0,0,441,341,-936,3,下位,0,0,0
224,224,0,140,289,0,0,0,202,329,-933,5,下位,0,0,0
199,199,0,42,11,0,0,0,224,341,-953,3,下位,0,0,0
65,65,0,77,89,0,1,199,224,341,-953,3,下位,0,199,63
122,122,0,1182,5519,1,0,0,0,0,1,0,下位,0,0,0
759,759,0,82,166,0,0,0,122,5571,756,11,上位,0,0,0
64,64,0,160,341,1,0,0,0,0,1,0,下位,0,0,0
164,164,0,116,179,0,0,0,64,393,291,5,下位,0,0,0
965,965,0,152,269,0,0,0,164,231,257,2,下位,0,0,0
771,771,0,90,146,1,0,0,0,0,1,0,下位,0,0,0
229,229,0,139,278,0,0,0,771,198,-1045,1,下位,0,0,0
327,327,0,162,266,0,0,0,229,330,-1084,4,下位,0,0,0
803,803,0,71,30,0,0,0,327,318,-1293,3,下位,0,0,0
290,290,0,68,113,1,0,0,0,0,1,0,下位,0,0,0
965,965,0,1150,5701,0,0,0,290,165,-302,1,下位,0,0,0
134,134,0,92,158,0,0,0,965,5753,772,11,上位,0,0,0
216,216,0,42,5,0,0,0,134,210,766,1,下位,0,0,0
237,237,0,57,50,0,1,216,134,210,766,1,下位,0,216,57
355,355,0,52,65,0,0,0,453,102,195,1,下位,0,0,0
762,762,0,80,169,0,1,355,453,102,195,1,下位,0,355,117
397,397,0,81,97,0,0,0,1117,221,-1269,1,下位,0,0,0
465,465,0,65,39,1,0,0,0,0,1,0,下位,0,0,0
150,150,0,956,4771,0,0,0,465,91,-658,1,下位,0,0,0
274,274,0,68,113,0,0,0,150,4823,771,8,上位,0,0,0
967,967,0,42,5,0,0,0,274,165,494,1,下位,0,0,0
968,968,0,129,311,0,1,967,274,165,494,1,下位,0,967,57
254,254,0,134,246,1,0,0,0,0,1,0,下位,0,0,0
154,154,0,72,182,0,0,0,254,298,-111,3,下位,0,0,0
221,221,0,868,4298,0,0,0,154,234,-125,1,下位,0,0,0
661,661,0,90,85,1,0,0,0,0,1,0,下位,0,0,0
519,519,0,133,302,0,0,0,661,137,-928,1,下位,0,0,0
160,160,0,52,65,0,0,0,519,354,-1411,5,下位,0,0,0
964,964,0,164,404,0,1,160,519,354,-1411,5,下位,0,160,117
776,776,0,79,22,1,0,0,0,0,1,0,下位,0,0,0
586,586,0,51,63,0,0,0,776,74,-1177,1,下位,0,0,0
92,92,0,51,64,0,1,586,776,74,-1177,1,下位,0,586,115
314,314,0,50,56,0,2,678,776,74,-1177,1,下位,0,92,116
927,927,0,71,106,0,3,992,776,74,-1177,1,下位,0,314,108
398,398,0,78,98,0,0,0,1919,158,-3774,1,下位,0,0,0
300,300,0,76,172,0,0,0,398,150,-4266,1,下位,0,0,0
242,242,0,52,71,0,0,0,300,224,-4526,1,下位,0,0,0
164,164,0,70,117,0,1,242,300,224,-4526,1,下位,0,242,123
189,189,0,51,61,1,0,0,0,0,1,0,下位,0,0,0
319,319,0,939,4548,1,1,189,0,0,1,0,下位,0,189,113
185,185,0,42,5,0,0,0,508,4600,761,9,上位,0,0,0
216,216,0,84,232,0,1,185,508,4600,761,9,上位,0,185,57
420,420,0,148,284,0,0,0,401,284,456,2,下位,0,0,0
371,371,0,136,162,0,0,0,420,336,115,3,下位,0,0,0
640,640,0,137,287,0,0,0,371,214,-269,2,下位,0,0,0
599,599,0,69,107,0,0,0,640,339,-962,3,下位,0,0,0
314,314,0,42,9,0,0,0,599,159,-1769,1,下位,0,0,0
899,899,0,1167,6068,0,1,314,599,159,-1769,1,下位,0,314,61
303,303,0,51,61,0,0,0,1213,6120,770,12,上位,0,0,0
97,97,0,133,160,0,1,303,1213,6120,770,12,上位,0,303,113
231,231,0,154,271,1,0,0,0,0,1,0,下位,0,0,0
335,335,0,90,71,0,0,0,231,323,-49,3,下位,0,0,0
842,842,0,66,90,0,0,0,335,123,-466,1,下位,0,0,0
909,909,0,110,122,0,0,0,842,142,-1682,1,下位,0,0,0
56,56,0,61,49,0,0,0,909,174,-2974,2,下位,0,0,0
811,811,0,41,1,0,0,0,56,101,-2963,1,下位,0,0,0
733,733,0,73,25,0,1,811,56,101,-2963,1,下位,0,811,53
963,963,0,113,45,0,0,0,1544,77,-5323,1,下位,0,0,0
557,557,0,88,69,0,0,0,963,97,-6779,2,下位,0,0,0
927,927,0,116,264,0,0,0,557,121,-7556,1,下位,0,0,0
187,187,0,52,65,1,0,0,0,0,1,0,下位,0,0,0
597,597,0,81,95,1,1,187,0,0,1,0,下位,0,187,117
964,964,0,142,365,0,0,0,784,147,-1000,1,下位,0,0,0
718,718,0,91,142,0,0,0,964,417,-2138,4,下位,0,0,0
94,94,0,849,3995,0,0,0,718,194,-3102,1,下位,0,0,0
860,860,0,72,32,1,0,0,0,0,1,0,下位,0,0,0
449,449,0,76,31,0,0,0,860,84,-1302,1,下位,0,0,0
755,755,0,126,314,0,0,0,449,83,-1943,1,下位,0,0,0
218,218,0,158,325,0,0,0,755,366,-2795,3,下位,0,0,0
275,275,0,60,25,0,0,0,218,377,-2770,5,下位,0,0,0
422,422,0,136,378,0,0,0,275,77,-3137,1,下位,0,0,0
744,744,0,106,191,1,0,0,0,0,1,0,下位,0,0,0
641,641,0,988,4916,1,0,0,0,0,1,0,下位,0,0,0
153,153,0,52,65,0,0,0,641,4968,764,10,上位,0,0,0
255,255,0,652,2854,0,1,153,641,4968,764,10,上位,0,153,117
964,964,0,51,61,0,0,0,408,2906,749,7,上位,0,0,0
813,813,0,70,29,0,1,964,408,2906,749,7,上位,0,964,113
890,890,0,1295,6532,0,0,0,1777,81,-1923,1,下位,0,0,0
60,60,0,121,104,0,0,0,890,6584,771,12,上位,0,0,0
946,946,0,151,327,0,0,0,60,156,830,2,下位,0,0,0
967,967,0,91,89,0,0,0,946,379,-317,4,下位,0,0,0
246,246,0,106,216,1,0,0,0,0,1,0,下位,0,0,0
525,525,0,116,186,0,0,0,246,268,-128,2,下位,0,0,0
178,178,0,82,94,0,0,0,525,238,-737,2,下位,0,0,0
499,499,0,112,107,1,0,0,0,0,1,0,下位,0,0,0
92,92,0,88,76,0,0,0,499,159,-645,2,下位,0,0,0
376,376,0,90,144,0,0,0,92,128,-665,1,下位,0,0,0
801,801,0,74,113,0,0,0,376,196,-1075,1,下位,0,0,0
199,199,0,82,102,0,0,0,801,165,-2202,1,下位,0,0,0
168,168,0,74,181,1,0,0,0,0,1,0,下位,0,0,0
277,277,0,71,32,0,0,0,168,233,-37,1,下位,0,0,0
160,160,0,901,4463,0,0,0,277,84,-400,1,下位,0,0,0
69,69,0,128,153,0,0,0,160,4515,760,10,上位,0,0,0
315,315,0,120,311,0,0,0,69,205,854,2,下位,0,0,0
587,587,0,92,216,0,0,0,315,363,709,4,下位,0,0,0
154,154,0,68,103,0,0,0,587,268,30,3,下位,0,0,0
254,254,0,74,108,0,0,0,154,155,-63,1,下位,0,0,0
212,212,0,64,121,0,0,0,254,160,-313,1,下位,0,0,0
747,747,0,42,5,0,0,0,212,173,-482,1,下位,0,0,0
669,669,0,42,9,0,1,747,212,173,-482,1,下位,0,747,57
229,229,0,51,61,0,2,1416,212,173,-482,1,下位,0,669,61
486,486,0,142,146,0,3,1645,212,173,-482,1,下位,0,229,113
171,171,0,78,30,1,0,0,0,0,1,0,下位,0,0,0
871,871,0,75,31,0,0,0,171,82,-193,1,下位,0,0,0
514,514,0,68,114,0,0,0,871,83,-1515,1,下位,0,0,0
954,954,0,87,215,0,0,0,514,166,-2178,1,下位,0,0,0
963,963,0,78,100,0,0,0,954,267,-3450,2,下位,0,0,0
258,258,0,42,11,1,0,0,0,0,1,0,下位,0,0,0
864,864,0,158,188,1,1,258,0,0,1,0,下位,0,258,63
170,170,0,59,55,0,0,0,1122,240,-1506,3,下位,0,0,0
312,312,0,1304,6799,0,0,0,170,107,-1673,1,下位,0,0,0
308,308,0,140,432,0,0,0,312,6851,761,12,上位,0,0,0
144,144,0,101,139,1,0,0,0,0,1,0,下位,0,0,0
314,314,0,55,56,0,0,0,144,191,-40,2,下位,0,0,0
193,193,0,51,63,0,0,0,314,108,-438,1,下位,0,0,0
171,171,0,42,7,0,1,193,314,108,-438,1,下位,0,193,115
221,221,0,56,62,0,2,364,314,108,-438,1,下位,0,171,59
776,776,0,96,220,0,0,0,585,114,-1093,1,下位,0,0,0
701,701,0,140,151,1,0,0,0,0,1,0,下位,0,0,0
239,239,0,91,148,0,0,0,701,203,-927,2,下位,0,0,0
418,418,0,51,63,0,0,0,239,200,-1112,1,下位,0,0,0
284,284,0,88,167,0,1,418,239,200,-1112,1,下位,0,418,115
180,180,0,42,9,0,0,0,702,219,-1910,2,下位,0,0,0
52,52,0,42,9,0,1,180,702,219,-1910,2,下位,0,180,61
734,734,0,80,89,0,2,232,702,219,-1910,2,下位,0,52,61
34,34,0,51,63,1,0,0,0,0,1,0,下位,0,0,0
964,964,0,52,71,1,1,34,0,0,1,0,下位,0,34,115
736,736,0,143,294,1,2,998,0,0,1,0,下位,0,964,123
969,969,0,52,67,0,0,0,1734,346,-2212,3,下位,0,0,0
927,927,0,42,11,0,1,969,1734,346,-2212,3,下位,0,969,119
498,498,0,164,256,0,2,1896,1734,346,-2212,3,下位,0,927,63
743,743,0,141,214,1,0,0,0,0,1,0,下位,0,0,0
192,192,0,42,9,1,0,0,0,0,1,0,下位,0,0,0
773,773,0,90,230,1,1,192,0,0,1,0,下位,0,192,61
544,544,0,122,240,0,0,0,965,282,-1213,2,下位,0,0,0
680,680,0,161,413,0,0,0,544,292,-1798,3,下位,0,0,0
349,349,0,41,1,0,0,0,680,465,-2430,4,下位,0,0,0
434,434,0,110,192,0,1,349,680,465,-2430,4,下位,0,349,53
142,142,0,42,11,0,0,0,783,244,-3396,2,下位,0,0,0
912,912,0,136,150,0,1,142,783,244,-3396,2,下位,0,142,63
121,121,0,897,4242,0,0,0,1054,202,-4831,4,下位,0,0,0
159,159,0,82,85,0,0,0,121,4294,-732,9,上位,0,0,0
356,356,0,68,116,0,0,0,159,137,-851,1,下位,0,0,0
707,707,0,120,100,1,0,0,0,0,1,0,下位,0,0,0
530,530,0,69,111,0,0,0,707,152,-987,2,下位,0,0,0
125,125,0,52,69,0,0,0,530,163,-1679,1,下位,0,0,0
280,280,0,84,164,0,1,125,530,163,-1679,1,下位,0,125,121
152,152,0,76,103,0,0,0,405,216,-1996,1,下位,0,0,0
401,401,0,92,73,0,0,0,152,155,-2086,1,下位,0,0,0
424,424,0,139,307,0,0,0,401,125,-2608,2,下位,0,0,0
233,233,0,124,155,0,0,0,424,359,-2933,3,下位,0,0,0
209,209,0,52,69,0,0,0,233,207,-3102,3,下位,0,0,0
773,773,0,131,148,0,1,209,233,207,-3102,3,下位,0,209,121
969,969,0,1577,8109,0,0,0,982,200,-4365,2,下位,0,0,0
777,777,0,117,257,1,0,0,0,0,1,0,下位,0,0,0
158,158,0,127,161,0,0,0,777,309,-943,2,下位,0,0,0
530,530,0,73,105,0,0,0,158,213,-985,2,下位,0,0,0
131,131,0,177,372,0,0,0,530,157,-1683,1,下位,0,0,0
351,351,0,150,337,0,0,0,131,424,-1470,4,下位,0,0,0
189,189,0,92,156,0,0,0,351,389,-1647,4,下位,0,0,0
859,859,0,66,47,0,0,0,189,208,-1744,1,下位,0,0,0
84,84,0,100,138,1,0,0,0,0,1,0,下位,0,0,0
451,451,0,128,91,0,0,0,84,190,56,2,下位,0,0,0
142,142,0,83,89,0,0,0,451,143,-528,3,下位,0,0,0
544,544,0,196,272,1,0,0,0,0,1,0,下位,0,0,0
133,133,0,52,71,0,0,0,544,324,-552,5,下位,0,0,0
305,305,0,73,102,0,1,133,544,324,-552,5,下位,0,133,123
461,461,0,52,69,0,0,0,438,154,-982,1,下位,0,0,0
969,969,0,1376,7003,0,1,461,438,154,-982,1,下位,0,461,121
250,250,0,129,223,0,0,0,1430,7055,766,12,上位,0,0,0
774,774,0,82,84,0,0,0,250,275,638,3,下位,0,0,0
308,308,0,168,393,1,0,0,0,0,1,0,下位,0,0,0
698,698,0,1040,5019,0,0,0,308,445,-51,5,下位,0,0,0
318,318,0,1730,8993,1,0,0,0,0,1,0,下位,0,0,0
432,432,0,150,214,0,0,0,318,9045,756,16,上位,0,0,0
273,273,0,930,4271,1,0,0,0,0,1,0,下位,0,0,0
219,219,0,93,282,0,0,0,273,4323,747,10,上位,0,0,0
324,324,0,52,69,0,0,0,219,334,728,2,下位,0,0,0
271,271,0,80,103,0,1,324,219,334,728,2,下位,0,324,121
423,423,0,51,63,0,0,0,595,155,44,1,下位,0,0,0
877,877,0,118,184,0,1,423,595,155,44,1,下位,0,423,115
313,313,0,88,165,0,0,0,1300,236,-1702,2,下位,0,0,0
983,983,0,80,179,0,0,0,313,217,-1990,2,下位,0,0,0
386,386,0,74,91,0,0,0,983,231,-3344,1,下位,0,0,0
210,210,0,85,169,0,0,0,386,143,-3824,1,下位,0,0,0
728,728,0,88,85,1,0,0,0,0,1,0,下位,0,0,0
451,451,0,120,175,0,0,0,728,137,-1036,2,下位,0,0,0
381,381,0,42,11,0,0,0,451,227,-1536,3,下位,0,0,0
569,569,0,146,286,0,1,381,451,227,-1536,3,下位,0,381,63
965,965,0,52,67,0,0,0,950,338,-2668,4,下位,0,0,0
318,318,0,129,231,0,1,965,950,338,-2668,4,下位,0,965,119
168,168,0,184,373,0,0,0,1283,283,-4335,2,下位,0,0,0
724,724,0,70,121,1,0,0,0,0,1,0,下位,0,0,0
115,115,0,146,208,0,0,0,724,173,-994,1,下位,0,0,0
556,556,0,95,140,0,0,0,115,260,-919,3,下位,0,0,0
374,374,0,121,147,0,0,0,556,192,-1624,1,下位,0,0,0
201,201,0,176,319,1,0,0,0,0,1,0,下位,0,0,0
800,800,0,111,175,0,0,0,201,371,48,4,下位,0,0,0
963,963,0,67,105,0,0,0,800,227,-1015,2,下位,0,0,0
251,251,0,132,378,0,0,0,963,157,-2411,1,下位,0,0,0
334,334,0,154,272,0,0,0,251,430,-2386,3,下位,0,0,0
976,976,0,88,152,0,0,0,334,324,-2601,3,下位,0,0,0
247,247,0,135,241,0,0,0,976,204,-3971,2,下位,0,0,0
83,83,0,51,63,0,0,0,247,293,-4076,4,下位,0,0,0
853,853,0,128,168,0,1,83,247,293,-4076,4,下位,0,83,115
530,530,0,42,5,1,0,0,0,0,1,0,下位,0,0,0
343,343,0,52,67,1,1,530,0,0,1,0,下位,0,530,57
250,250,0,84,92,1,2,873,0,0,1,0,下位,0,343,119
37,37,0,88,148,0,0,0,1123,144,-1490,2,下位,0,0,0
789,789,0,146,372,0,0,0,37,200,-1350,2,下位,0,0,0
150,150,0,67,44,1,0,0,0,0,1,0,下位,0,0,0
237,237,0,161,413,0,0,0,150,96,-145,1,下位,0,0,0
223,223,0,164,404,0,0,0,237,465,-62,4,下位,0,0,0
473,473,0,52,71,0,0,0,223,456,34,4,下位,0,0,0
817,817,0,80,91,0,1,473,223,456,34,4,下位,0,473,123
585,585,0,172,232,0,0,0,1290,143,-1781,1,下位,0,0,0
626,626,0,73,179,0,0,0,585,284,-2441,5,下位,0,0,0
330,330,0,42,9,1,0,0,0,0,1,0,下位,0,0,0
232,232,0,130,240,1,1,330,0,0,1,0,下位,0,330,61
568,568,0,57,50,0,0,0,562,292,-552,4,下位,0,0,0
945,945,0,70,111,0,0,0,568,102,-1366,1,下位,0,0,0
272,272,0,41,3,0,0,0,945,163,-2727,1,下位,0,0,0
80,80,0,67,118,0,1,272,945,163,-2727,1,下位,0,272,55
822,822,0,53,68,0,0,0,352,170,-3070,1,下位,0,0,0
76,76,0,50,54,1,0,0,0,0,1,0,下位,0,0,0
904,904,0,62,44,1,1,76,0,0,1,0,下位,0,76,106
579,579,0,1048,5315,0,0,0,980,96,-1378,1,下位,0,0,0
526,526,0,917,4589,1,0,0,0,0,1,0,下位,0,0,0
477,477,0,87,225,0,0,0,526,4641,754,9,上位,0,0,0
259,259,0,176,208,1,0,0,0,0,1,0,下位,0,0,0
341,341,0,155,232,0,0,0,259,260,-157,4,下位,0,0,0
358,358,0,75,153,0,0,0,341,284,-423,4,下位,0,0,0
229,229,0,164,233,1,0,0,0,0,1,0,下位,0,0,0
20,20,0,789,3803,1,0,0,0,0,1,0,下位,0,0,0
236,236,0,177,295,1,0,0,0,0,1,0,下位,0,0,0
564,564,0,74,102,1,0,0,0,0,1,0,下位,0,0,0
691,691,0,146,224,1,0,0,0,0,1,0,下位,0,0,0
361,361,0,113,179,0,0,0,691,276,-838,3,下位,0,0,0
394,394,0,95,76,1,0,0,0,0,1,0,下位,0,0,0
37,37,0,42,7,0,0,0,394,128,-506,2,下位,0,0,0
82,82,0,74,146,0,1,37,394,128,-506,2,下位,0,37,59
813,813,0,184,341,0,0,0,119,198,-441,1,下位,0,0,0
355,355,0,94,77,1,0,0,0,0,1,0,下位,0,0,0
943,943,0,103,196,0,0,0,355,129,-443,2,下位,0,0,0
154,154,0,88,79,0,0,0,943,248,-1716,2,下位,0,0,0
161,161,0,102,125,1,0,0,0,0,1,0,下位,0,0,0
964,964,0,1132,5444,0,0,0,161,177,-82,1,下位,0,0,0
252,252,0,51,61,1,0,0,0,0,1,0,下位,0,0,0
572,572,0,107,251,1,1,252,0,0,1,0,下位,0,252,113
122,122,0,181,295,0,0,0,824,303,-912,3,下位,0,0,0
569,569,0,958,4583,1,0,0,0,0,1,0,下位,0,0,0
88,88,0,138,231,1,0,0,0,0,1,0,下位,0,0,0
490,490,0,960,4566,1,0,0,0,0,1,0,下位,0,0,0
846,846,0,50,55,0,0,0,490,4618,754,10,上位,0,0,0
926,926,0,117,148,0,1,846,490,4618,754,10,上位,0,846,107
821,821,0,119,103,1,0,0,0,0,1,0,下位,0,0,0
140,140,0,94,130,1,0,0,0,0,1,0,下位,0,0,0
98,98,0,155,313,1,0,0,0,0,1,0,下位,0,0,0
80,80,0,39,-11,0,0,0,98,365,208,4,下位,0,0,0
90,90,0,707,3742,0,1,80,98,365,208,4,下位,0,80,41
558,558,0,86,116,1,0,0,0,0,1,0,下位,0,0,0
652,652,0,121,177,1,0,0,0,0,1,0,下位,0,0,0
186,186,0,168,398,0,0,0,652,229,-822,2,下位,0,0,0
965,965,0,69,109,0,0,0,186,450,-672,4,下位,0,0,0
627,627,0,40,-3,0,0,0,965,161,-2067,1,下位,0,0,0
315,315,0,117,173,0,1,627,965,161,-2067,1,下位,0,627,49
558,558,0,41,3,0,0,0,942,225,-3312,2,下位,0,0,0
53,53,0,51,63,0,1,558,942,225,-3312,2,下位,0,558,55
145,145,0,42,7,0,2,611,942,225,-3312,2,下位,0,53,115
732,732,0,51,63,0,3,756,942,225,-3312,2,下位,0,145,59
188,188,0,79,89,0,4,1488,942,225,-3312,2,下位,0,732,115
961,961,0,120,312,0,0,0,1676,141,-5530,1,下位,0,0,0
336,336,0,77,168,0,0,0,961,364,-6716,3,下位,0,0,0
152,152,0,99,143,0,0,0,336,220,-7038,1,下位,0,0,0
224,224,0,41,3,1,0,0,0,0,1,0,下位,0,0,0
203,203,0,96,209,1,1,224,0,0,1,0,下位,0,224,55
968,968,0,78,167,0,0,0,427,261,-371,2,下位,0,0,0
172,172,0,90,145,0,0,0,968,219,-1713,1,下位,0,0,0
479,479,0,1603,7821,0,0,0,172,197,-1793,2,下位,0,0,0
67,67,0,79,159,0,0,0,479,7873,755,14,上位,0,0,0
298,298,0,103,132,0,0,0,67,211,858,1,下位,0,0,0
222,222,0,42,9,0,0,0,298,184,561,1,下位,0,0,0
734,734,0,51,61,0,1,222,298,184,561,1,下位,0,222,61
676,676,0,62,44,0,2,956,298,184,561,1,下位,0,734,113
164,164,0,98,138,0,0,0,1632,96,-1801,1,下位,0,0,0
246,246,0,168,235,1,0,0,0,0,1,0,下位,0,0,0
361,361,0,178,384,0,0,0,246,287,-109,5,下位,0,0,0
965,965,0,95,141,0,0,0,361,436,-255,5,下位,0,0,0
70,70,0,70,121,1,0,0,0,0,1,0,下位,0,0,0
291,291,0,51,63,0,0,0,70,173,61,1,下位,0,0,0
264,264,0,125,318,0,1,291,70,173,61,1,下位,0,291,115
260,260,0,102,116,0,0,0,555,370,-349,3,下位,0,0,0
531,531,0,1083,5386,0,0,0,260,168,-600,2,下位,0,0,0
102,102,0,66,51,0,0,0,531,5438,770,11,上位,0,0,0
922,922,0,705,3173,0,0,0,102,103,708,1,下位,0,0,0
125,125,0,52,71,0,0,0,922,3225,742,7,上位,0,0,0
534,534,0,58,56,0,1,125,922,3225,742,7,上位,0,125,123
286,286,0,80,175,0,0,0,659,108,-90,1,下位,0,0,0
417,417,0,90,146,0,0,0,286,227,-324,1,下位,0,0,0
221,221,0,105,131,1,0,0,0,0,1,0,下位,0,0,0
588,588,0,171,251,0,0,0,221,183,-172,2,下位,0,0,0
946,946,0,42,5,0,0,0,588,303,-817,3,下位,0,0,0
170,170,0,124,100,0,1,946,588,303,-817,3,下位,0,946,57
286,286,0,42,11,0,0,0,1116,152,-2408,3,下位,0,0,0
620,620,0,112,182,0,1,286,1116,152,-2408,3,下位,0,286,63
814,814,0,674,3007,1,0,0,0,0,1,0,下位,0,0,0
807,807,0,42,11,0,0,0,814,3059,763,7,上位,0,0,0
360,360,0,41,1,0,1,807,814,3059,763,7,上位,0,807,63
76,76,0,147,217,0,2,1167,814,3059,763,7,上位,0,360,53
222,222,0,89,158,0,0,0,1243,269,-858,5,下位,0,0,0
413,413,0,86,161,1,0,0,0,0,1,0,下位,0,0,0
756,756,0,114,197,0,0,0,413,213,-452,1,下位,0,0,0
378,378,0,1198,5843,0,0,0,756,249,-1422,2,下位,0,0,0
598,598,0,122,256,1,0,0,0,0,1,0,下位,0,0,0
647,647,0,146,276,0,0,0,598,308,-656,2,下位,0,0,0
800,800,0,136,228,0,0,0,647,328,-1372,3,下位,0,0,0
491,491,0,119,256,0,0,0,800,280,-2382,3,下位,0,0,0
429,429,0,51,63,0,0,0,491,308,-2866,3,下位,0,0,0
72,72,0,42,11,0,1,429,491,308,-2866,3,下位,0,429,115
170,170,0,52,65,0,2,501,491,308,-2866,3,下位,0,72,63
285,285,0,74,105,0,3,671,491,308,-2866,3,下位,0,170,117
37,37,0,136,156,1,0,0,0,0,1,0,下位,0,0,0
211,211,0,96,68,0,0,0,37,208,149,3,下位,0,0,0
241,241,0,144,305,0,0,0,211,120,-71,2,下位,0,0,0
210,210,0,68,115,0,0,0,241,357,-103,3,下位,0,0,0
208,208,0,42,9,0,0,0,210,167,-275,1,下位,0,0,0
81,81,0,66,42,0,1,208,210,167,-275,1,下位,0,208,61
962,962,0,106,275,0,0,0,289,94,-586,1,下位,0,0,0
556,556,0,159,185,0,0,0,962,327,-1811,3,下位,0,0,0
485,485,0,117,190,0,0,0,556,237,-2471,4,下位,0,0,0
774,774,0,51,61,0,0,0,485,242,-3011,3,下位,0,0,0
289,289,0,86,83,0,1,774,485,242,-3011,3,下位,0,774,113
66,66,0,102,203,0,0,0,1063,135,-4477,2,下位,0,0,0
714,714,0,160,250,1,0,0,0,0,1,0,下位,0,0,0
295,295,0,101,65,0,0,0,714,302,-849,4,下位,0,0,0
42,42,0,67,114,0,0,0,295,117,-1208,2,下位,0,0,0
462,462,0,76,172,0,0,0,42,166,-1110,1,下位,0,0,0
206,206,0,154,355,0,0,0,462,224,-1631,1,下位,0,0,0
751,751,0,41,3,0,0,0,206,407,-1556,3,下位,0,0,0
132,132,0,137,229,0,1,751,206,407,-1556,3,下位,0,751,55
845,845,0,119,101,1,0,0,0,0,1,0,下位,0,0,0
573,573,0,1159,6015,0,0,0,845,153,-1209,2,下位,0,0,0
871,871,0,98,286,1,0,0,0,0,1,0,下位,0,0,0
969,969,0,42,7,0,0,0,871,338,-1066,2,下位,0,0,0
333,333,0,162,262,0,1,969,871,338,-1066,2,下位,0,969,59
897,897,0,60,45,0,0,0,1302,314,-2793,4,下位,0,0,0
694,694,0,111,257,0,0,0,897,97,-4143,1,下位,0,0,0
840,840,0,52,65,0,0,0,694,309,-4953,3,下位,0,0,0
167,167,0,179,299,0,1,840,694,309,-4953,3,下位,0,840,117
190,190,0,161,396,0,0,0,1007,351,-6109,4,下位,0,0,0
314,314,0,71,111,1,0,0,0,0,1,0,下位,0,0,0
436,436,0,965,4566,1,0,0,0,0,1,0,下位,0,0,0
512,512,0,114,115,0,0,0,436,4618,751,9,上位,0,0,0
354,354,0,75,29,1,0,0,0,0,1,0,下位,0,0,0
128,128,0,108,264,0,0,0,354,81,-489,1,下位,0,0,0
125,125,0,101,137,0,0,0,128,316,-379,2,下位,0,0,0
298,298,0,972,4725,0,0,0,125,189,-392,1,下位,0,0,0
787,787,0,63,46,1,0,0,0,0,1,0,下位,0,0,0
356,356,0,1138,5573,0,0,0,787,98,-1170,1,下位,0,0,0
569,569,0,98,73,0,0,0,356,5625,757,11,上位,0,0,0
41,41,0,52,67,0,0,0,569,125,-36,2,下位,0,0,0
968,968,0,52,69,0,1,41,569,125,-36,2,下位,0,41,119
74,74,0,52,69,0,2,1009,569,125,-36,2,下位,0,968,121
903,903,0,138,167,0,3,1083,569,125,-36,2,下位,0,74,121
195,195,0,52,67,0,0,0,1986,219,-2658,3,下位,0,0,0
600,600,0,52,65,0,1,195,1986,219,-2658,3,下位,0,195,119
937,937,0,121,320,0,2,795,1986,219,-2658,3,下位,0,600,117
257,257,0,87,165,1,0,0,0,0,1,0,下位,0,0,0
291,291,0,70,111,0,0,0,257,217,-197,2,下位,0,0,0
793,793,0,75,107,0,0,0,291,163,-503,1,下位,0,0,0
770,770,0,132,311,0,0,0,793,159,-1623,1,下位,0,0,0
971,971,0,79,163,0,0,0,770,363,-2502,4,下位,0,0,0
136,136,0,1604,7764,0,0,0,971,215,-3853,1,下位,0,0,0
277,277,0,65,47,1,0,0,0,0,1,0,下位,0,0,0
967,967,0,110,200,0,0,0,277,99,-347,1,下位,0,0,0
58,58,0,86,159,1,0,0,0,0,1,0,下位,0,0,0
961,961,0,42,5,0,0,0,58,211,118,2,下位,0,0,0
208,208,0,42,7,0,1,961,58,211,118,2,下位,0,961,57
272,272,0,107,209,0,2,1169,58,211,118,2,下位,0,208,59
158,158,0,40,-3,0,0,0,1441,261,-1829,2,下位,0,0,0
75,75,0,142,288,0,1,158,1441,261,-1829,2,下位,0,158,49
52,52,0,1386,7712,0,0,0,233,340,-1816,3,下位,0,0,0
858,858,0,52,67,0,0,0,52,6209,776,8,上位,0,0,0
878,878,0,42,5,0,1,858,52,6209,776,8,上位,0,858,119
727,727,0,1580,7830,0,2,1736,52,6209,776,8,上位,0,878,57
449,449,0,73,182,0,0,0,2463,7882,773,14,上位,0,0,0
257,257,0,42,9,0,0,0,449,234,283,1,下位,0,0,0
965,965,0,67,114,0,1,257,449,234,283,1,下位,0,257,61
552,552,0,116,105,1,0,0,0,0,1,0,下位,0,0,0
585,585,0,41,3,0,0,0,552,157,-732,2,下位,0,0,0
396,396,0,42,6,0,1,585,552,157,-732,2,下位,0,585,55
348,348,0,114,275,0,2,981,552,157,-732,2,下位,0,396,58
258,258,0,40,-3,0,0,0,1329,327,-2436,2,下位,0,0,0
582,582,0,76,103,0,1,258,1329,327,-2436,2,下位,0,258,49
269,269,0,142,211,0,0,0,840,155,-3587,1,下位,0,0,0
688,688,0,42,11,1,0,0,0,0,1,0,下位,0,0,0
313,313,0,88,91,1,1,688,0,0,1,0,下位,0,688,63
429,429,0,52,65,0,0,0,1001,143,-1408,2,下位,0,0,0
306,306,0,59,49,0,1,429,1001,143,-1408,2,下位,0,429,117
807,807,0,98,67,0,0,0,735,101,-2376,1,下位,0,0,0
614,614,0,161,183,1,0,0,0,0,1,0,下位,0,0,0
180,180,0,52,67,1,0,0,0,0,1,0,下位,0,0,0
155,155,0,185,375,1,1,180,0,0,1,0,下位,0,180,119
968,968,0,152,282,0,0,0,335,427,7,6,下位,0,0,0
802,802,0,130,162,0,0,0,968,334,-1220,4,下位,0,0,0
37,37,0,86,148,0,0,0,802,214,-2300,3,下位,0,0,0
223,223,0,48,45,0,0,0,37,200,-2160,1,下位,0,0,0
482,482,0,118,249,0,1,223,37,200,-2160,1,下位,0,223,97
147,147,0,74,92,0,0,0,705,301,-2899,3,下位,0,0,0
518,518,0,74,35,0,0,0,147,144,-2992,1,下位,0,0,0
202,202,0,78,104,0,0,0,518,87,-3740,1,下位,0,0,0
228,228,0,69,35,0,0,0,202,156,-3910,1,下位,0,0,0
507,507,0,82,97,1,0,0,0,0,1,0,下位,0,0,0
393,393,0,171,169,0,0,0,507,149,-668,1,下位,0,0,0
136,136,0,154,207,0,0,0,393,221,-1081,3,下位,0,0,0
62,62,0,930,4958,0,0,0,136,259,-1041,2,下位,0,0,0
298,298,0,133,222,0,0,0,62,4887,768,6,上位,0,0,0
273,273,0,52,65,0,0,0,298,274,561,3,下位,0,0,0
70,70,0,52,69,0,1,273,298,274,561,3,下位,0,273,117
292,292,0,41,1,0,2,343,298,274,561,3,下位,0,70,121
42,42,0,105,190,0,3,635,298,274,561,3,下位,0,292,53
167,167,0,148,276,0,0,0,677,242,2,3,下位,0,0,0
169,169,0,138,212,0,0,0,167,328,61,3,下位,0,0,0
159,159,0,42,5,0,0,0,169,264,52,2,下位,0,0,0
964,964,0,94,76,0,1,159,169,264,52,2,下位,0,159,57
293,293,0,62,41,0,0,0,1123,128,-1574,2,下位,0,0,0
720,720,0,51,63,0,0,0,293,93,-1954,1,下位,0,0,0
211,211,0,114,177,0,1,720,293,93,-1954,1,下位,0,720,115
288,288,0,163,253,0,0,0,931,229,-3111,2,下位,0,0,0
550,550,0,84,81,1,0,0,0,0,1,0,下位,0,0,0
950,950,0,96,63,0,0,0,550,133,-753,1,下位,0,0,0
637,637,0,186,369,0,0,0,950,115,-2170,2,下位,0,0,0
381,381,0,59,57,0,0,0,637,421,-2776,4,下位,0,0,0
171,171,0,874,4086,1,0,0,0,0,1,0,下位,0,0,0
964,964,0,88,157,0,0,0,171,4138,749,9,上位,0,0,0
222,222,0,74,95,0,0,0,964,209,-597,1,下位,0,0,0
329,329,0,112,190,0,0,0,222,147,-808,2,下位,0,0,0
435,435,0,180,308,1,0,0,0,0,1,0,下位,0,0,0
67,67,0,800,4323,0,0,0,435,360,-341,4,下位,0,0,0
553,553,0,971,4753,1,0,0,0,0,1,0,下位,0,0,0
886,886,0,128,159,0,0,0,553,4805,751,10,上位,0,0,0
762,762,0,141,281,1,0,0,0,0,1,0,下位,0,0,0
169,169,0,89,154,1,0,0,0,0,1,0,下位,0,0,0
290,290,0,78,70,0,0,0,169,206,-66,2,下位,0,0,0
967,967,0,78,175,0,0,0,290,122,-412,1,下位,0,0,0
410,410,0,87,164,0,0,0,967,227,-1745,1,下位,0,0,0
495,495,0,52,65,0,0,0,410,216,-2190,2,下位,0,0,0
346,346,0,132,314,0,1,495,410,216,-2190,2,下位,0,495,117
229,229,0,42,11,0,0,0,841,366,-3063,3,下位,0,0,0
397,397,0,104,212,0,1,229,841,366,-3063,3,下位,0,229,63
213,213,0,74,110,0,0,0,626,264,-3745,3,下位,0,0,0
754,754,0,110,193,0,0,0,213,162,-3927,1,下位,0,0,0
480,480,0,41,1,1,0,0,0,0,1,0,下位,0,0,0
419,419,0,42,7,1,1,480,0,0,1,0,下位,0,480,53
973,973,0,132,232,1,2,899,0,0,1,0,下位,0,419,59
195,195,0,174,387,1,0,0,0,0,1,0,下位,0,0,0
121,121,0,89,152,0,0,0,195,439,125,4,下位,0,0,0
233,233,0,151,189,0,0,0,121,204,134,2,下位,0,0,0
220,220,0,156,194,0,0,0,233,241,-1,3,下位,0,0,0
777,777,0,70,37,0,0,0,220,246,-110,3,下位,0,0,0
164,164,0,72,30,0,0,0,777,89,-1274,1,下位,0,0,0
192,192,0,52,69,0,0,0,164,82,-1457,1,下位,0,0,0
250,250,0,42,5,0,1,192,164,82,-1457,1,下位,0,192,121
173,173,0,179,295,0,2,442,164,82,-1457,1,下位,0,250,57
554,554,0,79,93,1,0,0,0,0,1,0,下位,0,0,0
868,868,0,74,116,0,0,0,554,145,-748,1,下位,0,0,0
744,744,0,194,354,0,0,0,868,168,-1980,1,下位,0,0,0
858,858,0,41,3,0,0,0,744,406,-2774,5,下位,0,0,0
484,484,0,42,9,0,1,858,744,406,-2774,5,下位,0,858,55
967,967,0,139,218,0,2,1342,744,406,-2774,5,下位,0,484,61
309,309,0,2088,11100,0,0,0,2309,270,-6113,4,下位,0,0,0
262,262,0,1484,7366,1,0,0,0,0,1,0,下位,0,0,0
316,316,0,103,175,1,0,0,0,0,1,0,下位,0,0,0
51,51,0,109,114,0,0,0,316,227,-282,2,下位,0,0,0
116,116,0,58,49,0,0,0,51,166,-198,2,下位,0,0,0
87,87,0,169,247,0,0,0,116,101,-284,1,下位,0,0,0
537,537,0,126,247,1,0,0,0,0,1,0,下位,0,0,0
375,375,0,74,97,0,0,0,537,299,-566,3,下位,0,0,0
185,185,0,72,39,0,0,0,375,149,-1022,1,下位,0,0,0
182,182,0,1090,5346,0,0,0,185,91,-1229,1,下位,0,0,0
234,234,0,52,67,0,0,0,182,5398,768,10,上位,0,0,0
235,235,0,42,11,0,1,234,182,5398,768,10,上位,0,234,119
229,229,0,95,79,0,2,469,182,5398,768,10,上位,0,235,63
172,172,0,114,124,0,0,0,698,131,-44,2,下位,0,0,0
318,318,0,932,4364,1,0,0,0,0,1,0,下位,0,0,0
241,241,0,51,63,0,0,0,318,4416,764,9,上位,0,0,0
191,191,0,164,319,0,1,241,318,4416,764,9,上位,0,241,115
224,224,0,71,108,0,0,0,432,371,553,4,下位,0,0,0
125,125,0,42,5,1,0,0,0,0,1,0,下位,0,0,0
95,95,0,42,9,1,1,125,0,0,1,0,下位,0,125,57
91,91,0,92,135,1,2,220,0,0,1,0,下位,0,95,61
313,313,0,115,249,0,0,0,311,187,-196,1,下位,0,0,0
755,755,0,70,113,0,0,0,313,301,-400,2,下位,0,0,0
268,268,0,87,90,0,0,0,755,165,-1453,1,下位,0,0,0
734,734,0,88,168,0,0,0,268,142,-1743,1,下位,0,0,0
799,799,0,61,76,1,0,0,0,0,1,0,下位,0,0,0
214,214,0,182,291,0,0,0,799,128,-1160,1,下位,0,0,0
235,235,0,146,211,0,0,0,214,343,-1162,3,下位,0,0,0
414,414,0,133,157,0,0,0,235,263,-1278,2,下位,0,0,0
416,416,0,129,91,0,0,0,414,209,-1737,3,下位,0,0,0
204,204,0,42,5,0,0,0,416,143,-2265,2,下位,0,0,0
113,113,0,85,92,0,1,204,416,143,-2265,2,下位,0,204,57
365,365,0,82,92,0,0,0,317,144,-2575,2,下位,0,0,0
317,317,0,42,5,0,0,0,365,144,-3020,1,下位,0,0,0
424,424,0,42,5,0,1,317,365,144,-3020,1,下位,0,317,57
168,168,0,1312,6669,0,2,741,365,144,-3020,1,下位,0,424,57
368,368,0,152,350,1,0,0,0,0,1,0,下位,0,0,0
246,246,0,51,63,0,0,0,368,402,-191,4,下位,0,0,0
789,789,0,51,61,0,1,246,368,402,-191,4,下位,0,246,115
257,257,0,114,122,0,2,1035,368,402,-191,4,下位,0,789,113
863,863,0,95,153,0,0,0,1292,174,-1874,2,下位,0,0,0
376,376,0,110,116,1,0,0,0,0,1,0,下位,0,0,0
760,760,0,200,273,0,0,0,376,168,-437,2,下位,0,0,0
967,967,0,42,9,0,0,0,760,325,-1338,3,下位,0,0,0
732,732,0,146,221,0,1,967,760,325,-1338,3,下位,0,967,61
511,511,0,76,31,1,0,0,0,0,1,0,下位,0,0,0
709,709,0,180,355,1,0,0,0,0,1,0,下位,0,0,0
282,282,0,80,90,0,0,0,709,407,-736,6,下位,0,0,0
138,138,0,50,57,0,0,0,282,142,-1049,1,下位,0,0,0
748,748,0,82,88,0,1,138,282,142,-1049,1,下位,0,138,109
522,522,0,169,390,0,0,0,886,140,-2229,1,下位,0,0,0
249,249,0,128,169,1,0,0,0,0,1,0,下位,0,0,0
125,125,0,54,63,0,0,0,249,221,-180,3,下位,0,0,0
189,189,0,42,7,0,0,0,125,115,-267,1,下位,0,0,0
95,95,0,48,45,0,1,189,125,115,-267,1,下位,0,189,59
657,657,0,73,106,0,2,284,125,115,-267,1,下位,0,95,97
243,243,0,101,143,0,0,0,941,158,-1471,2,下位,0,0,0
153,153,0,70,113,1,0,0,0,0,1,0,下位,0,0,0
951,951,0,970,4775,0,0,0,153,165,-81,1,下位,0,0,0
234,234,0,102,131,0,0,0,951,4827,746,10,上位,0,0,0
162,162,0,68,117,0,0,0,234,183,552,2,下位,0,0,0
253,253,0,41,1,0,0,0,162,169,460,1,下位,0,0,0
213,213,0,51,61,0,1,253,162,169,460,1,下位,0,253,53
774,774,0,52,69,0,2,466,162,169,460,1,下位,0,213,113
279,279,0,86,167,0,3,1240,162,169,460,1,下位,0,774,121
124,124,0,121,246,1,0,0,0,0,1,0,下位,0,0,0
507,507,0,42,9,0,0,0,124,298,99,3,下位,0,0,0
124,124,0,84,157,0,1,507,124,298,99,3,下位,0,507,61
627,627,0,78,28,0,0,0,631,209,-649,2,下位,0,0,0
478,478,0,69,109,0,0,0,627,80,-1580,1,下位,0,0,0
156,156,0,37,-23,0,0,0,478,161,-2190,1,下位,0,0,0
198,198,0,145,358,0,1,156,478,161,-2190,1,下位,0,156,29
816,816,0,167,323,1,0,0,0,0,1,0,下位,0,0,0
420,420,0,124,243,0,0,0,816,375,-940,4,下位,0,0,0
442,442,0,85,81,0,0,0,420,295,-1322,2,下位,0,0,0
675,675,0,98,168,0,0,0,442,133,-1902,1,下位,0,0,0
171,171,0,75,23,0,0,0,675,220,-2771,2,下位,0,0,0
264,264,0,52,65,0,0,0,171,75,-2972,1,下位,0,0,0
264,264,0,185,371,0,1,264,171,75,-2972,1,下位,0,264,117
911,911,0,52,65,0,0,0,528,423,-3284,5,下位,0,0,0
150,150,0,159,242,0,1,911,528,423,-3284,5,下位,0,911,117
209,209,0,92,119,0,0,0,1061,294,-4584,4,下位,0,0,0
696,696,0,42,5,0,0,0,209,171,-4750,1,下位,0,0,0
168,168,0,180,318,0,1,696,209,171,-4750,1,下位,0,696,57
569,569,0,74,93,0,0,0,864,370,-5717,4,下位,0,0,0
78,78,0,106,136,0,0,0,569,145,-6490,1,下位,0,0,0
201,201,0,106,204,0,0,0,78,188,-6428,2,下位,0,0,0
476,476,0,87,88,0,0,0,201,256,-6496,2,下位,0,0,0
250,250,0,63,43,0,0,0,476,140,-7124,1,下位,0,0,0
964,964,0,120,184,0,0,0,250,95,-7432,1,下位,0,0,0
555,555,0,74,110,1,0,0,0,0,1,0,下位,0,0,0
90,90,0,2094,10806,0,0,0,555,162,-732,2,下位,0,0,0
479,479,0,175,163,0,0,0,90,10858,756,15,上位,0,0,0
203,203,0,86,85,0,0,0,479,215,198,4,下位,0,0,0
308,308,0,67,40,0,0,0,203,137,8,1,下位,0,0,0
227,227,0,65,51,0,0,0,308,92,-397,1,下位,0,0,0
839,839,0,73,106,0,0,0,227,103,-660,1,下位,0,0,0
264,264,0,97,158,1,0,0,0,0,1,0,下位,0,0,0
963,963,0,146,295,0,0,0,264,210,-215,3,下位,0,0,0
253,253,0,218,323,0,0,0,963,347,-1421,3,下位,0,0,0
556,556,0,41,3,0,0,0,253,375,-1454,6,下位,0,0,0
910,910,0,152,276,0,1,556,253,375,-1454,6,下位,0,556,55
714,714,0,980,4958,1,0,0,0,0,1,0,下位,0,0,0
966,966,0,52,67,0,0,0,714,5010,750,9,上位,0,0,0
819,819,0,51,63,0,1,966,714,5010,750,9,上位,0,966,119
390,390,0,126,251,0,2,1785,714,5010,750,9,上位,0,819,115
617,617,0,140,291,1,0,0,0,0,1,0,下位,0,0,0
561,561,0,118,261,0,0,0,617,343,-651,3,下位,0,0,0
35,35,0,52,69,1,0,0,0,0,1,0,下位,0,0,0
820,820,0,144,136,1,1,35,0,0,1,0,下位,0,35,121
193,193,0,42,11,0,0,0,855,188,-1069,3,下位,0,0,0
904,904,0,52,67,0,1,193,855,188,-1069,3,下位,0,193,63
385,385,0,1418,7266,0,2,1097,855,188,-1069,3,下位,0,904,119
240,240,0,86,91,0,0,0,1482,7318,773,15,上位,0,0,0
699,699,0,52,69,0,0,0,240,143,529,1,下位,0,0,0
917,917,0,51,63,0,1,699,240,143,529,1,下位,0,699,121
655,655,0,111,126,0,2,1616,240,143,529,1,下位,0,917,115
237,237,0,91,145,1,0,0,0,0,1,0,下位,0,0,0
292,292,0,51,63,0,0,0,237,197,-184,2,下位,0,0,0
284,284,0,42,9,0,1,292,237,197,-184,2,下位,0,292,115
175,175,0,42,5,0,2,576,237,197,-184,2,下位,0,284,61
560,560,0,92,80,0,3,751,237,197,-184,2,下位,0,175,57
289,289,0,42,9,1,0,0,0,0,1,0,下位,0,0,0
947,947,0,112,199,1,1,289,0,0,1,0,下位,0,289,61
568,568,0,52,67,0,0,0,1236,251,-1680,3,下位,0,0,0
963,963,0,99,138,0,1,568,1236,251,-1680,3,下位,0,568,119
238,238,0,152,361,0,0,0,1531,190,-3840,2,下位,0,0,0
130,130,0,41,4,1,0,0,0,0,1,0,下位,0,0,0
328,328,0,174,242,1,1,130,0,0,1,0,下位,0,130,56
225,225,0,130,167,0,0,0,458,294,-388,3,下位,0,0,0
247,247,0,52,65,0,0,0,225,219,-532,4,下位,0,0,0
946,946,0,93,150,0,1,247,225,219,-532,4,下位,0,247,117
277,277,0,41,3,0,0,0,1193,202,-2137,2,下位,0,0,0
256,256,0,68,111,0,1,277,1193,202,-2137,2,下位,0,277,55
301,301,0,52,69,0,0,0,533,163,-2779,1,下位,0,0,0
837,837,0,155,271,0,1,301,533,163,-2779,1,下位,0,301,121
262,262,0,41,3,0,0,0,1138,323,-4170,3,下位,0,0,0
300,300,0,147,202,0,1,262,1138,323,-4170,3,下位,0,262,55
945,945,0,52,65,0,0,0,562,254,-4768,3,下位,0,0,0
155,155,0,130,248,0,1,945,562,254,-4768,3,下位,0,945,117
305,305,0,41,3,0,0,0,1100,300,-6125,3,下位,0,0,0
267,267,0,79,93,0,1,305,1100,300,-6125,3,下位,0,305,55
490,490,0,52,69,1,0,0,0,0,1,0,下位,0,0,0
969,969,0,109,285,1,1,490,0,0,1,0,下位,0,490,121
461,461,0,183,296,0,0,0,1459,337,-1894,3,下位,0,0,0
850,850,0,86,90,0,0,0,461,348,-2290,5,下位,0,0,0
968,968,0,52,69,0,0,0,850,142,-3519,2,下位,0,0,0
485,485,0,66,45,0,1,968,850,142,-3519,2,下位,0,968,121
498,498,0,52,71,0,0,0,1453,97,-5644,1,下位,0,0,0
294,294,0,42,9,0,1,498,1453,97,-5644,1,下位,0,498,123
252,252,0,42,9,0,2,792,1453,97,-5644,1,下位,0,294,61
272,272,0,42,5,0,3,1044,1453,97,-5644,1,下位,0,252,61
169,169,0,1196,6102,0,4,1316,1453,97,-5644,1,下位,0,272,57
215,215,0,127,182,1,0,0,0,0,1,0,下位,0,0,0
807,807,0,74,33,0,0,0,215,234,-112,2,下位,0,0,0
963,963,0,75,18,0,0,0,807,85,-1329,1,下位,0,0,0
95,95,0,1336,6788,0,0,0,963,70,-2812,1,下位,0,0,0
515,515,0,140,292,1,0,0,0,0,1,0,下位,0,0,0
946,946,0,89,70,0,0,0,515,344,-486,4,下位,0,0,0
472,472,0,91,79,0,0,0,946,122,-1890,2,下位,0,0,0
73,73,0,42,5,0,0,0,472,131,-2520,1,下位,0,0,0
461,461,0,144,156,0,1,73,472,131,-2520,1,下位,0,73,57
329,329,0,2028,10656,0,0,0,534,208,-3117,3,下位,0,0,0
243,243,0,41,1,0,0,0,329,10708,762,17,上位,0,0,0
626,626,0,148,212,0,1,243,329,10708,762,17,上位,0,243,53
259,259,0,93,216,0,0,0,869,264,-323,3,下位,0,0,0
815,815,0,204,337,0,0,0,259,268,-473,2,下位,0,0,0
350,350,0,51,61,1,0,0,0,0,1,0,下位,0,0,0
499,499,0,96,131,1,1,350,0,0,1,0,下位,0,350,113
411,411,0,42,5,0,0,0,849,183,-1073,1,下位,0,0,0
401,401,0,124,103,0,1,411,849,183,-1073,1,下位,0,411,57
472,472,0,1302,6021,0,0,0,812,155,-2171,3,下位,0,0,0
405,405,0,157,200,0,0,0,472,6073,767,15,上位,0,0,0
981,981,0,52,65,0,0,0,405,252,366,4,下位,0,0,0
520,520,0,114,184,0,1,981,405,252,366,4,下位,0,981,117
278,278,0,142,227,1,0,0,0,0,1,0,下位,0,0,0
975,975,0,41,1,0,0,0,278,279,-168,3,下位,0,0,0
445,445,0,150,291,0,1,975,278,279,-168,3,下位,0,975,53
307,307,0,86,67,0,0,0,1420,343,-2063,4,下位,0,0,0
624,624,0,178,224,0,0,0,307,119,-2439,1,下位,0,0,0
506,506,0,42,5,0,0,0,624,276,-3169,3,下位,0,0,0
154,154,0,103,130,0,1,506,624,276,-3169,3,下位,0,506,57
242,242,0,78,171,0,0,0,660,182,-3994,1,下位,0,0,0
964,964,0,214,267,0,0,0,242,223,-4161,1,下位,0,0,0
974,974,0,162,342,1,0,0,0,0,1,0,下位,0,0,0
332,332,0,41,3,0,0,0,974,394,-1176,4,下位,0,0,0
859,859,0,52,69,0,1,332,974,394,-1176,4,下位,0,332,55
254,254,0,154,123,0,2,1191,974,394,-1176,4,下位,0,859,121
487,487,0,85,85,0,0,0,1445,175,-3155,3,下位,0,0,0
681,681,0,68,42,0,0,0,487,137,-3803,1,下位,0,0,0
59,59,0,164,199,0,0,0,681,94,-4807,1,下位,0,0,0
26,26,0,42,5,1,0,0,0,0,1,0,下位,0,0,0
251,251,0,112,203,1,1,26,0,0,1,0,下位,0,26,57
964,964,0,84,84,0,0,0,277,255,-134,2,下位,0,0,0
161,161,0,71,89,0,0,0,964,136,-1553,2,下位,0,0,0
602,602,0,90,83,0,0,0,161,141,-1672,1,下位,0,0,0
963,963,0,162,341,0,0,0,602,135,-2508,1,下位,0,0,0
393,393,0,79,161,0,0,0,963,393,-3668,5,下位,0,0,0
969,969,0,1984,10047,0,0,0,393,213,-4089,1,下位,0,0,0
702,702,0,130,165,0,0,0,969,10099,771,17,上位,0,0,0
664,664,0,162,345,1,0,0,0,0,1,0,下位,0,0,0
252,252,0,58,47,0,0,0,664,397,-673,3,下位,0,0,0
165,165,0,110,122,0,0,0,252,99,-980,1,下位,0,0,0
213,213,0,93,151,0,0,0,165,174,-1072,2,下位,0,0,0
797,797,0,107,131,0,0,0,213,203,-1213,1,下位,0,0,0
361,361,0,96,140,0,0,0,797,183,-2315,2,下位,0,0,0
648,648,0,52,69,0,0,0,361,192,-2705,2,下位,0,0,0
174,174,0,1492,7697,0,1,648,361,192,-2705,2,下位,0,648,121
333,333,0,69,35,0,0,0,822,7749,756,14,上位,0,0,0
532,532,0,66,112,1,0,0,0,0,1,0,下位,0,0,0
969,969,0,140,198,0,0,0,532,164,-693,1,下位,0,0,0
628,628,0,122,186,0,0,0,969,250,-2006,3,下位,0,0,0
847,847,0,52,65,0,0,0,628,238,-2781,2,下位,0,0,0
499,499,0,84,159,0,1,847,628,238,-2781,2,下位,0,847,117
793,793,0,84,166,0,0,0,1346,211,-4624,1,下位,0,0,0
774,774,0,77,96,1,0,0,0,0,1,0,下位,0,0,0
395,395,0,60,59,0,0,0,774,148,-1099,1,下位,0,0,0
264,264,0,1279,6654,0,0,0,395,111,-1625,1,下位,0,0,0
243,243,0,156,263,1,0,0,0,0,1,0,下位,0,0,0
340,340,0,42,9,0,0,0,243,315,-76,4,下位,0,0,0
141,141,0,78,83,0,1,340,243,315,-76,4,下位,0,340,61
386,386,0,76,105,0,0,0,481,135,-655,1,下位,0,0,0
342,342,0,68,114,0,0,0,386,157,-1121,1,下位,0,0,0
479,479,0,42,7,0,0,0,342,166,-1507,1,下位,0,0,0
763,763,0,90,84,0,1,479,342,166,-1507,1,下位,0,479,59
140,140,0,67,29,1,0,0,0,0,1,0,下位,0,0,0
280,280,0,1491,7459,0,0,0,140,81,-144,1,下位,0,0,0
893,893,0,51,61,0,0,0,280,7511,758,11,上位,0,0,0
519,519,0,52,69,0,1,893,280,7511,758,11,上位,0,893,113
409,409,0,149,410,0,2,1412,280,7511,758,11,上位,0,519,121
600,600,0,947,4803,1,0,0,0,0,1,0,下位,0,0,0
943,943,0,78,106,0,0,0,600,4855,752,10,上位,0,0,0
206,206,0,51,63,0,0,0,943,158,-611,1,下位,0,0,0
412,412,0,68,111,0,1,206,943,158,-611,1,下位,0,206,115
128,128,0,121,177,1,0,0,0,0,1,0,下位,0,0,0
889,889,0,68,116,0,0,0,128,229,24,3,下位,0,0,0
263,263,0,135,235,0,0,0,889,168,-1242,1,下位,0,0,0
205,205,0,72,178,0,0,0,263,287,-1379,3,下位,0,0,0
608,608,0,103,124,0,0,0,205,230,-1480,1,下位,0,0,0
462,462,0,142,154,1,0,0,0,0,1,0,下位,0,0,0
181,181,0,165,244,0,0,0,462,206,-538,3,下位,0,0,0
84,84,0,884,4504,0,0,0,181,296,-534,5,下位,0,0,0
149,149,0,574,2583,0,0,0,84,4439,756,5,上位,0,0,0
232,232,0,52,65,0,0,0,149,2635,766,6,上位,0,0,0
474,474,0,80,13,0,1,232,149,2635,766,6,上位,0,232,117
99,99,0,97,139,0,0,0,706,65,-191,1,下位,0,0,0
211,211,0,96,137,0,0,0,99,191,-160,2,下位,0,0,0
263,263,0,138,223,0,0,0,211,189,-311,2,下位,0,0,0
590,590,0,70,35,0,0,0,263,275,-460,2,下位,0,0,0
545,545,0,113,117,1,0,0,0,0,1,0,下位,0,0,0
188,188,0,67,40,0,0,0,545,169,-709,2,下位,0,0,0
136,136,0,42,11,0,0,0,188,92,-920,1,下位,0,0,0
977,977,0,204,343,0,1,136,188,92,-920,1,下位,0,136,63
397,397,0,58,56,0,0,0,1113,395,-2257,5,下位,0,0,0
688,688,0,58,55,0,0,0,397,108,-2789,1,下位,0,0,0
653,653,0,76,103,0,0,0,688,107,-3792,1,下位,0,0,0
92,92,0,1731,9375,0,0,0,653,155,-4690,1,下位,0,0,0
250,250,0,180,376,0,0,0,92,9427,752,13,上位,0,0,0
976,976,0,178,310,0,0,0,250,428,777,5,下位,0,0,0
394,394,0,56,46,1,0,0,0,0,1,0,下位,0,0,0
204,204,0,42,5,0,0,0,394,98,-536,1,下位,0,0,0
589,589,0,89,153,0,1,204,394,98,-536,1,下位,0,204,57
972,972,0,77,174,0,0,0,793,205,-1553,1,下位,0,0,0
197,197,0,42,9,0,0,0,972,226,-2895,1,下位,0,0,0
285,285,0,113,92,0,1,197,972,226,-2895,1,下位,0,197,61
456,456,0,114,237,0,0,0,482,144,-3468,2,下位,0,0,0
938,938,0,1126,5279,0,0,0,456,289,-3914,2,下位,0,0,0
686,686,0,111,126,1,0,0,0,0,1,0,下位,0,0,0
574,574,0,1108,5662,0,0,0,686,178,-927,2,下位,0,0,0
147,147,0,66,45,0,0,0,574,5714,769,11,上位,0,0,0
573,573,0,98,152,1,0,0,0,0,1,0,下位,0,0,0
968,968,0,125,251,0,0,0,573,204,-719,1,下位,0,0,0
306,306,0,90,76,0,0,0,968,303,-1977,3,下位,0,0,0
851,851,0,51,61,0,0,0,306,128,-2343,2,下位,0,0,0
42,42,0,42,11,0,1,851,306,128,-2343,2,下位,0,851,113
168,168,0,1348,6965,0,2,893,306,128,-2343,2,下位,0,42,63
562,562,0,960,4743,1,0,0,0,0,1,0,下位,0,0,0
445,445,0,74,31,0,0,0,562,4795,745,9,上位,0,0,0
243,243,0,94,145,0,0,0,445,83,110,1,下位,0,0,0
246,246,0,121,183,0,0,0,243,197,-85,1,下位,0,0,0
126,126,0,96,140,0,0,0,246,235,-247,2,下位,0,0,0
463,463,0,42,9,0,0,0,126,192,-258,1,下位,0,0,0
451,451,0,1466,7171,0,1,463,126,192,-258,1,下位,0,463,61
924,924,0,85,63,0,0,0,914,7223,776,12,上位,0,0,0
966,966,0,86,82,0,0,0,924,115,-599,1,下位,0,0,0
263,263,0,85,75,0,0,0,966,134,-2023,1,下位,0,0,0
754,754,0,60,57,1,0,0,0,0,1,0,下位,0,0,0
685,685,0,41,3,0,0,0,754,109,-1106,1,下位,0,0,0
252,252,0,80,26,0,1,685,754,109,-1106,1,下位,0,685,55
158,158,0,156,266,0,0,0,937,78,-2484,1,下位,0,0,0
429,429,0,68,50,0,0,0,158,318,-2421,3,下位,0,0,0
164,164,0,122,181,0,0,0,429,102,-3011,1,下位,0,0,0
952,952,0,75,31,1,0,0,0,0,1,0,下位,0,0,0
195,195,0,78,171,0,0,0,952,83,-1451,1,下位,0,0,0
35,35,0,155,284,1,0,0,0,0,1,0,下位,0,0,0
727,727,0,42,9,0,0,0,35,336,281,3,下位,0,0,0
651,651,0,52,67,0,1,727,35,336,281,3,下位,0,727,61
924,924,0,146,220,0,2,1378,35,336,281,3,下位,0,651,119
751,751,0,223,323,0,0,0,2302,272,-2980,3,下位,0,0,0
133,133,0,87,166,0,0,0,751,375,-3816,5,下位,0,0,0
340,340,0,150,140,0,0,0,133,218,-3813,1,下位,0,0,0
327,327,0,213,310,0,0,0,340,192,-4169,3,下位,0,0,0
214,214,0,52,69,0,0,0,327,362,-4334,5,下位,0,0,0
965,965,0,41,1,0,1,214,327,362,-4334,5,下位,0,214,121
219,219,0,102,135,0,2,1179,327,362,-4334,5,下位,0,965,53
715,715,0,78,14,1,0,0,0,0,1,0,下位,0,0,0
965,965,0,77,19,0,0,0,715,66,-1086,1,下位,0,0,0
206,206,0,83,174,0,0,0,965,71,-2571,1,下位,0,0,0
395,395,0,114,119,0,0,0,206,226,-2677,1,下位,0,0,0
969,969,0,42,9,0,0,0,395,171,-3143,2,下位,0,0,0
918,918,0,98,71,0,1,969,395,171,-3143,2,下位,0,969,61
874,874,0,65,47,1,0,0,0,0,1,0,下位,0,0,0
334,334,0,62,48,0,0,0,874,99,-1310,1,下位,0,0,0
967,967,0,51,63,0,0,0,334,100,-1749,1,下位,0,0,0
163,163,0,51,63,0,1,967,334,100,-1749,1,下位,0,967,115
896,896,0,42,7,0,2,1130,334,100,-1749,1,下位,0,163,115
963,963,0,41,3,0,3,2026,334,100,-1749,1,下位,0,896,59
202,202,0,132,387,0,4,2989,334,100,-1749,1,下位,0,963,55
62,62,0,908,4717,0,0,0,3191,439,-6113,3,下位,0,0,0
162,162,0,134,153,1,0,0,0,0,1,0,下位,0,0,0
209,209,0,41,3,0,0,0,162,205,-55,2,下位,0,0,0
594,594,0,86,91,0,1,209,162,205,-55,2,下位,0,209,55
168,168,0,41,3,0,0,0,803,143,-1152,1,下位,0,0,0
952,952,0,74,115,0,1,168,803,143,-1152,1,下位,0,168,55
649,649,0,119,186,0,0,0,1120,167,-2736,1,下位,0,0,0
143,143,0,94,151,0,0,0,649,238,-3545,2,下位,0,0,0
466,466,0,80,91,0,0,0,143,203,-3573,1,下位,0,0,0
162,162,0,42,7,0,0,0,466,143,-4182,2,下位,0,0,0
968,968,0,200,342,0,1,162,466,143,-4182,2,下位,0,162,59
291,291,0,156,347,0,0,0,1130,394,-5551,4,下位,0,0,0
965,965,0,176,309,0,0,0,291,399,-5621,3,下位,0,0,0
625,625,0,97,71,0,0,0,965,361,-6816,4,下位,0,0,0
451,451,0,86,85,1,0,0,0,0,1,0,下位,0,0,0
873,873,0,1174,5852,0,0,0,451,137,-589,1,下位,0,0,0
209,209,0,42,11,1,0,0,0,0,1,0,下位,0,0,0
895,895,0,90,228,1,1,209,0,0,1,0,下位,0,209,63
895,895,0,51,61,0,0,0,1104,280,-1437,2,下位,0,0,0
241,241,0,111,177,0,1,895,1104,280,-1437,2,下位,0,895,113
227,227,0,42,7,0,0,0,1136,229,-2928,2,下位,0,0,0
173,173,0,149,338,0,1,227,1136,229,-2928,2,下位,0,227,59
841,841,0,84,81,0,0,0,400,390,-3124,3,下位,0,0,0
761,761,0,64,45,1,0,0,0,0,1,0,下位,0,0,0
593,593,0,104,198,0,0,0,761,97,-1129,1,下位,0,0,0
342,342,0,93,70,0,0,0,593,250,-1835,2,下位,0,0,0
295,295,0,76,24,0,0,0,342,122,-2265,1,下位,0,0,0
517,517,0,51,63,0,0,0,295,76,-2665,1,下位,0,0,0
226,226,0,88,156,0,1,517,295,76,-2665,1,下位,0,517,115
71,71,0,1461,7490,0,0,0,743,208,-3541,2,下位,0,0,0
344,344,0,938,4404,1,0,0,0,0,1,0,下位,0,0,0
164,164,0,86,80,1,0,0,0,0,1,0,下位,0,0,0
835,835,0,174,221,0,0,0,164,132,-132,2,下位,0,0,0
246,246,0,101,141,0,0,0,835,273,-1206,4,下位,0,0,0
951,951,0,76,110,0,0,0,246,193,-1410,2,下位,0,0,0
411,411,0,132,245,0,0,0,951,162,-2782,2,下位,0,0,0
649,649,0,155,282,0,0,0,411,297,-3148,4,下位,0,0,0
108,108,0,105,199,1,0,0,0,0,1,0,下位,0,0,0
76,76,0,42,7,0,0,0,108,251,78,2,下位,0,0,0
282,282,0,51,61,0,1,76,108,251,78,2,下位,0,76,59
247,247,0,122,166,0,2,358,108,251,78,2,下位,0,282,113
963,963,0,41,1,0,0,0,605,218,-508,2,下位,0,0,0
126,126,0,100,129,0,1,963,605,218,-508,2,下位,0,963,53
232,232,0,140,191,0,0,0,1089,181,-2030,2,下位,0,0,0
790,790,0,135,158,0,0,0,232,243,-2161,3,下位,0,0,0
255,255,0,1130,5823,0,0,0,790,210,-3225,2,下位,0,0,0
498,498,0,51,63,0,0,0,255,5875,763,11,上位,0,0,0
257,257,0,606,2733,0,1,498,255,5875,763,11,上位,0,498,115
218,218,0,51,61,0,0,0,755,2785,753,7,上位,0,0,0
899,899,0,149,349,0,1,218,755,2785,753,7,上位,0,218,113
82,82,0,128,240,1,0,0,0,0,1,0,下位,0,0,0
968,968,0,41,1,0,0,0,82,292,161,3,下位,0,0,0
205,205,0,109,190,0,1,968,82,292,161,3,下位,0,968,53
285,285,0,132,240,0,0,0,1173,242,-1436,2,下位,0,0,0
842,842,0,84,90,0,0,0,285,292,-1604,2,下位,0,0,0
910,910,0,42,11,0,0,0,842,142,-2820,2,下位,0,0,0
447,447,0,140,219,0,1,910,842,142,-2820,2,下位,0,910,63
232,232,0,1564,8220,0,0,0,1357,271,-4675,3,下位,0,0,0
828,828,0,81,101,1,0,0,0,0,1,0,下位,0,0,0
312,312,0,1047,5496,0,0,0,828,153,-1181,1,下位,0,0,0
168,168,0,42,7,0,0,0,312,5548,774,8,上位,0,0,0
75,75,0,70,37,0,1,168,312,5548,774,8,上位,0,168,59
574,574,0,160,334,0,0,0,243,89,530,1,下位,0,0,0
354,354,0,92,143,0,0,0,574,386,-10,4,下位,0,0,0
857,857,0,163,329,1,0,0,0,0,1,0,下位,0,0,0
325,325,0,56,35,0,0,0,857,381,-1000,4,下位,0,0,0
378,378,0,51,61,0,0,0,325,87,-1437,1,下位,0,0,0
970,970,0,95,144,0,1,378,325,87,-1437,1,下位,0,378,113
104,104,0,205,236,0,0,0,1348,196,-3303,2,下位,0,0,0
182,182,0,42,5,0,0,0,104,288,-3183,5,下位,0,0,0
730,730,0,156,353,0,1,182,104,288,-3183,5,下位,0,182,57
110,110,0,113,122,1,0,0,0,0,1,0,下位,0,0,0
208,208,0,51,61,0,0,0,110,174,-2,2,下位,0,0,0
929,929,0,52,71,0,1,208,110,174,-2,2,下位,0,208,113
156,156,0,51,61,0,2,1137,110,174,-2,2,下位,0,929,123
519,519,0,71,98,0,3,1293,110,174,-2,2,下位,0,156,113
92,92,0,42,11,0,0,0,1812,150,-2425,1,下位,0,0,0
228,228,0,73,29,0,1,92,1812,150,-2425,1,下位,0,92,63
314,314,0,154,358,0,0,0,320,81,-2797,1,下位,0,0,0
917,917,0,51,61,0,0,0,314,410,-2893,4,下位,0,0,0
972,972,0,1917,9437,0,1,917,314,410,-2893,4,下位,0,917,113
456,456,0,99,216,1,0,0,0,0,1,0,下位,0,0,0
324,324,0,88,151,0,0,0,456,268,-466,2,下位,0,0,0
178,178,0,153,246,0,0,0,324,203,-786,3,下位,0,0,0
178,178,0,74,103,0,0,0,178,298,-775,3,下位,0,0,0
730,730,0,132,308,0,0,0,178,155,-907,1,下位,0,0,0
370,370,0,114,185,0,0,0,730,360,-1724,3,下位,0,0,0
130,130,0,128,146,0,0,0,370,237,-2084,2,下位,0,0,0
40,40,0,50,58,0,0,0,130,198,-2096,3,下位,0,0,0
468,468,0,42,5,0,1,40,130,198,-2096,3,下位,0,40,110
836,836,0,106,305,0,2,508,130,198,-2096,3,下位,0,468,57
138,138,0,141,220,0,0,0,1344,357,-3740,3,下位,0,0,0
490,490,0,42,11,0,0,0,138,272,-3691,2,下位,0,0,0
72,72,0,69,117,0,1,490,138,272,-3691,2,下位,0,490,63
709,709,0,59,61,1,0,0,0,0,1,0,下位,0,0,0
226,226,0,92,151,1,0,0,0,0,1,0,下位,0,0,0
496,496,0,82,102,0,0,0,226,203,-161,2,下位,0,0,0
163,163,0,128,232,0,0,0,496,154,-807,1,下位,0,0,0
222,222,0,146,284,0,0,0,163,284,-786,3,下位,0,0,0
568,568,0,87,158,0,0,0,222,336,-808,3,下位,0,0,0
327,327,0,73,34,0,0,0,568,210,-1514,1,下位,0,0,0
606,606,0,163,404,1,0,0,0,0,1,0,下位,0,0,0
372,372,0,52,65,0,0,0,606,456,-520,4,下位,0,0,0
298,298,0,86,89,0,1,372,606,456,-520,4,下位,0,372,117
972,972,0,42,11,0,0,0,670,141,-1343,2,下位,0,0,0
964,964,0,72,110,0,1,972,670,141,-1343,2,下位,0,972,63
150,150,0,90,123,0,0,0,1936,162,-4241,1,下位,0,0,0
968,968,0,91,56,0,0,0,150,175,-4308,1,下位,0,0,0
698,698,0,99,59,1,0,0,0,0,1,0,下位,0,0,0
277,277,0,94,115,0,0,0,698,111,-1014,2,下位,0,0,0
974,974,0,198,351,0,0,0,277,167,-1294,1,下位,0,0,0
358,358,0,51,61,0,0,0,974,403,-2462,4,下位,0,0,0
198,198,0,131,152,0,1,358,974,403,-2462,4,下位,0,358,113
741,741,0,41,3,0,0,0,556,204,-3041,3,下位,0,0,0
85,85,0,119,191,0,1,741,556,204,-3041,3,下位,0,741,55
471,471,0,84,91,0,0,0,826,243,-4075,2,下位,0,0,0
279,279,0,42,7,0,0,0,471,143,-4692,1,下位,0,0,0
294,294,0,99,206,0,1,279,471,143,-4692,1,下位,0,279,59
700,700,0,171,393,0,0,0,573,258,-5299,2,下位,0,0,0
145,145,0,106,204,0,0,0,700,445,-5983,5,下位,0,0,0
255,255,0,52,71,1,0,0,0,0,1,0,下位,0,0,0
927,927,0,134,236,1,1,255,0,0,1,0,下位,0,255,123
966,966,0,59,59,0,0,0,1182,288,-1494,3,下位,0,0,0
153,153,0,173,392,0,0,0,966,111,-2941,1,下位,0,0,0
666,666,0,66,118,0,0,0,153,444,-2744,4,下位,0,0,0
615,615,0,42,9,0,0,0,666,170,-3648,1,下位,0,0,0
191,191,0,94,218,0,1,615,666,170,-3648,1,下位,0,615,61
610,610,0,42,5,0,0,0,806,270,-4617,2,下位,0,0,0
215,215,0,156,344,0,1,610,806,270,-4617,2,下位,0,610,57
440,440,0,125,257,0,0,0,825,396,-5495,3,下位,0,0,0
899,899,0,82,145,1,0,0,0,0,1,0,下位,0,0,0
251,251,0,52,65,0,0,0,899,197,-1252,2,下位,0,0,0
96,96,0,68,37,0,1,251,899,197,-1252,2,下位,0,251,117
373,373,0,150,222,0,0,0,347,89,-1606,1,下位,0,0,0
753,753,0,97,142,0,0,0,373,274,-1934,4,下位,0,0,0
733,733,0,71,98,0,0,0,753,194,-2955,1,下位,0,0,0
878,878,0,99,137,0,0,0,733,150,-3987,1,下位,0,0,0
308,308,0,115,200,0,0,0,878,189,-5214,1,下位,0,0,0
609,609,0,100,143,0,0,0,308,252,-5459,2,下位,0,0,0
189,189,0,87,162,0,0,0,609,195,-6246,1,下位,0,0,0
792,792,0,121,178,1,0,0,0,0,1,0,下位,0,0,0
188,188,0,155,431,0,0,0,792,230,-1046,2,下位,0,0,0
576,576,0,72,24,0,0,0,188,483,-866,4,下位,0,0,0
967,967,0,115,115,0,0,0,576,76,-1719,1,下位,0,0,0
212,212,0,52,67,0,0,0,967,167,-3112,2,下位,0,0,0
973,973,0,52,65,0,1,212,967,167,-3112,2,下位,0,212,119
188,188,0,41,1,0,2,1185,967,167,-3112,2,下位,0,973,117
239,239,0,42,5,0,3,1373,967,167,-3112,2,下位,0,188,53
210,210,0,193,283,0,4,1612,967,167,-3112,2,下位,0,239,57
481,481,0,74,100,0,0,0,1822,335,-5369,3,下位,0,0,0
351,351,0,51,63,0,0,0,481,152,-5993,1,下位,0,0,0
977,977,0,42,7,0,1,351,481,152,-5993,1,下位,0,351,115
172,172,0,51,63,0,2,1328,481,152,-5993,1,下位,0,977,59
616,616,0,42,9,0,3,1500,481,152,-5993,1,下位,0,172,115
799,799,0,92,80,0,4,2116,481,152,-5993,1,下位,0,616,61
762,762,0,123,178,1,0,0,0,0,1,0,下位,0,0,0
965,965,0,64,117,0,0,0,762,230,-998,2,下位,0,0,0
966,966,0,74,37,0,0,0,965,169,-2385,1,下位,0,0,0
259,259,0,152,202,0,0,0,966,89,-3854,1,下位,0,0,0
658,658,0,985,4882,1,0,0,0,0,1,0,下位,0,0,0
115,115,0,84,97,1,0,0,0,0,1,0,下位,0,0,0
189,189,0,144,217,0,0,0,115,149,-35,1,下位,0,0,0
142,142,0,51,61,0,0,0,189,269,-71,3,下位,0,0,0
522,522,0,42,5,0,1,142,189,269,-71,3,下位,0,142,113
965,965,0,94,80,0,2,664,189,269,-71,3,下位,0,522,57
366,366,0,132,243,0,0,0,1629,132,-2396,1,下位,0,0,0
733,733,0,67,105,0,0,0,366,295,-2691,3,下位,0,0,0
404,404,0,78,30,0,0,0,733,157,-3716,1,下位,0,0,0
198,198,0,52,65,0,0,0,404,82,-4286,1,下位,0,0,0
275,275,0,78,95,0,1,198,404,82,-4286,1,下位,0,198,117
551,551,0,1705,8860,0,0,0,473,147,-4785,1,下位,0,0,0
197,197,0,42,7,1,0,0,0,0,1,0,下位,0,0,0
191,191,0,920,4384,1,1,197,0,0,1,0,下位,0,197,59
855,855,0,42,9,0,0,0,388,4436,753,8,上位,0,0,0
268,268,0,42,11,0,1,855,388,4436,753,8,上位,0,855,61
41,41,0,72,112,0,2,1123,388,4436,753,8,上位,0,268,63
340,340,0,846,3772,0,0,0,1164,164,-836,1,下位,0,0,0
964,964,0,87,80,0,0,0,340,3824,748,8,上位,0,0,0
162,162,0,57,48,0,0,0,964,132,-675,1,下位,0,0,0
777,777,0,147,130,0,0,0,162,100,-836,1,下位,0,0,0
930,930,0,143,272,1,0,0,0,0,1,0,下位,0,0,0
715,715,0,51,63,0,0,0,930,324,-1175,4,下位,0,0,0
663,663,0,74,107,0,1,715,930,324,-1175,4,下位,0,715,115
977,977,0,49,51,0,0,0,1378,159,-3123,1,下位,0,0,0
810,810,0,114,109,0,1,977,1378,159,-3123,1,下位,0,977,103
822,822,0,139,228,1,0,0,0,0,1,0,下位,0,0,0
970,970,0,77,100,0,0,0,822,280,-1045,3,下位,0,0,0
743,743,0,79,26,0,0,0,970,152,-2458,1,下位,0,0,0
350,350,0,94,145,0,0,0,743,78,-3578,1,下位,0,0,0
966,966,0,79,93,0,0,0,350,197,-3946,1,下位,0,0,0
484,484,0,117,112,1,0,0,0,0,1,0,下位,0,0,0
253,253,0,977,4907,0,0,0,484,164,-616,2,下位,0,0,0
486,486,0,1028,4625,1,0,0,0,0,1,0,下位,0,0,0
623,623,0,42,7,0,0,0,486,4677,747,10,上位,0,0,0
233,233,0,42,9,0,1,623,486,4677,747,10,上位,0,623,59
441,441,0,122,93,0,2,856,486,4677,747,10,上位,0,233,61
647,647,0,81,173,0,0,0,1297,145,-1080,2,下位,0,0,0
305,305,0,58,60,0,0,0,647,225,-1899,1,下位,0,0,0
282,282,0,51,63,0,0,0,305,112,-2279,1,下位,0,0,0
249,249,0,52,71,0,1,282,305,112,-2279,1,下位,0,282,115
236,236,0,81,90,0,2,531,305,112,-2279,1,下位,0,249,123
659,659,0,140,216,0,0,0,767,142,-3137,1,下位,0,0,0
512,512,0,52,67,0,0,0,659,268,-3932,4,下位,0,0,0
264,264,0,131,306,0,1,512,659,268,-3932,4,下位,0,512,119
692,692,0,82,84,1,0,0,0,0,1,0,下位,0,0,0
922,922,0,159,176,0,0,0,692,136,-979,1,下位,0,0,0
933,933,0,120,256,0,0,0,922,228,-2238,3,下位,0,0,0
269,269,0,121,186,0,0,0,933,308,-3435,2,下位,0,0,0
324,324,0,42,7,0,0,0,269,238,-3631,2,下位,0,0,0
432,432,0,79,101,0,1,324,269,238,-3631,2,下位,0,324,59
359,359,0,109,114,0,0,0,756,153,-4639,2,下位,0,0,0
708,708,0,1363,6997,0,0,0,359,166,-5052,2,下位,0,0,0
550,550,0,69,25,1,0,0,0,0,1,0,下位,0,0,0
593,593,0,112,119,0,0,0,550,77,-809,1,下位,0,0,0
215,215,0,116,113,0,0,0,593,171,-1594,2,下位,0,0,0
783,783,0,1514,7402,1,0,0,0,0,1,0,下位,0,0,0
118,118,0,80,21,1,0,0,0,0,1,0,下位,0,0,0
128,128,0,94,78,0,0,0,118,73,-116,1,下位,0,0,0
964,964,0,74,29,0,0,0,128,130,-192,1,下位,0,0,0
377,377,0,60,57,0,0,0,964,81,-1666,1,下位,0,0,0
537,537,0,50,58,0,0,0,377,109,-2165,1,下位,0,0,0
366,366,0,127,236,0,1,537,377,109,-2165,1,下位,0,537,110
498,498,0,121,247,0,0,0,903,288,-3223,3,下位,0,0,0
940,940,0,195,363,0,0,0,498,299,-3727,2,下位,0,0,0
249,249,0,144,220,0,0,0,940,415,-4828,4,下位,0,0,0
498,498,0,77,26,1,0,0,0,0,1,0,下位,0,0,0
699,699,0,1615,7845,0,0,0,498,78,-724,1,下位,0,0,0
594,594,0,95,143,1,0,0,0,0,1,0,下位,0,0,0
572,572,0,119,172,0,0,0,594,195,-762,2,下位,0,0,0
560,560,0,68,116,0,0,0,572,224,-1461,2,下位,0,0,0
344,344,0,82,83,0,0,0,560,168,-2196,1,下位,0,0,0
218,218,0,67,48,1,0,0,0,0,1,0,下位,0,0,0
245,245,0,110,121,0,0,0,218,100,-251,1,下位,0,0,0
175,175,0,152,134,0,0,0,245,173,-473,2,下位,0,0,0
661,661,0,96,144,0,0,0,175,186,-569,3,下位,0,0,0
799,799,0,142,223,0,0,0,661,196,-1439,1,下位,0,0,0
963,963,0,1508,7896,0,0,0,799,275,-2453,3,下位,0,0,0
590,590,0,55,61,0,0,0,963,7948,770,13,上位,0,0,0
19,19,0,72,106,1,0,0,0,0,1,0,下位,0,0,0
365,365,0,72,34,0,0,0,19,158,128,1,下位,0,0,0
761,761,0,100,131,0,0,0,365,86,-375,1,下位,0,0,0
327,327,0,96,212,0,0,0,761,183,-1419,1,下位,0,0,0
490,490,0,52,67,0,0,0,327,264,-1682,3,下位,0,0,0
746,746,0,42,11,0,1,490,327,264,-1682,3,下位,0,490,119
309,309,0,92,83,0,2,1236,327,264,-1682,3,下位,0,746,63
61,61,0,41,1,0,0,0,1545,135,-3856,2,下位,0,0,0
482,482,0,122,176,0,1,61,1545,135,-3856,2,下位,0,61,53
191,191,0,42,9,0,0,0,543,228,-4450,3,下位,0,0,0
850,850,0,42,9,0,1,191,543,228,-4450,3,下位,0,191,61
799,799,0,71,28,0,2,1041,543,228,-4450,3,下位,0,850,61
239,239,0,51,61,1,0,0,0,0,1,0,下位,0,0,0
730,730,0,86,169,1,1,239,0,0,1,0,下位,0,239,113
609,609,0,92,147,0,0,0,969,221,-1227,1,下位,0,0,0
91,91,0,1112,6001,0,0,0,609,199,-2010,2,下位,0,0,0
190,190,0,41,1,0,0,0,91,6053,758,8,上位,0,0,0
384,384,0,67,46,0,1,190,91,6053,758,8,上位,0,190,53
381,381,0,91,215,0,0,0,574,98,-16,1,下位,0,0,0
614,614,0,88,86,1,0,0,0,0,1,0,下位,0,0,0
366,366,0,83,96,0,0,0,614,138,-851,1,下位,0,0,0
761,761,0,106,129,0,0,0,366,148,-1293,1,下位,0,0,0
256,256,0,1034,5053,0,0,0,761,181,-2339,2,下位,0,0,0
175,175,0,51,61,1,0,0,0,0,1,0,下位,0,0,0
547,547,0,42,9,1,1,175,0,0,1,0,下位,0,175,113
151,151,0,92,71,1,2,722,0,0,1,0,下位,0,547,61
795,795,0,68,110,0,0,0,873,123,-1110,2,下位,0,0,0
390,390,0,96,215,0,0,0,795,162,-2230,1,下位,0,0,0
685,685,0,52,67,0,0,0,390,267,-2592,2,下位,0,0,0
108,108,0,108,202,0,1,685,390,267,-2592,2,下位,0,685,119
389,389,0,42,11,0,0,0,793,254,-3498,2,下位,0,0,0
215,215,0,41,1,0,1,389,793,254,-3498,2,下位,0,389,63
629,629,0,67,112,0,2,604,793,254,-3498,2,下位,0,215,53
902,902,0,52,65,0,0,0,1233,164,-5207,1,下位,0,0,0
491,491,0,132,286,0,1,902,1233,164,-5207,1,下位,0,902,117
181,181,0,138,285,1,0,0,0,0,1,0,下位,0,0,0
398,398,0,79,93,0,0,0,181,337,46,4,下位,0,0,0
190,190,0,41,1,0,0,0,398,145,-451,1,下位,0,0,0
439,439,0,132,307,0,1,190,398,145,-451,1,下位,0,190,53
335,335,0,81,17,0,0,0,629,359,-1053,3,下位,0,0,0
481,481,0,86,156,0,0,0,335,69,-1524,1,下位,0,0,0
925,925,0,104,141,0,0,0,481,208,-2092,1,下位,0,0,0
490,490,0,86,93,0,0,0,925,193,-3391,2,下位,0,0,0
456,456,0,91,73,0,0,0,490,145,-4036,1,下位,0,0,0
404,404,0,57,52,0,0,0,456,125,-4646,2,下位,0,0,0
290,290,0,117,254,0,0,0,404,104,-5194,1,下位,0,0,0
952,952,0,111,184,0,0,0,290,306,-5356,2,下位,0,0,0
250,250,0,114,122,1,0,0,0,0,1,0,下位,0,0,0
237,237,0,70,109,0,0,0,250,174,-228,2,下位,0,0,0
920,920,0,1135,5767,0,0,0,237,161,-449,2,下位,0,0,0
393,393,0,74,27,0,0,0,920,5819,746,10,上位,0,0,0
210,210,0,58,51,1,0,0,0,0,1,0,下位,0,0,0
323,323,0,117,182,0,0,0,210,103,-235,1,下位,0,0,0
422,422,0,898,4502,1,0,0,0,0,1,0,下位,0,0,0
573,573,0,171,325,0,0,0,422,4554,745,9,上位,0,0,0
252,252,0,52,71,0,0,0,573,377,198,4,下位,0,0,0
230,230,0,91,72,0,1,252,573,377,198,4,下位,0,252,123
266,266,0,76,99,0,0,0,482,124,-332,1,下位,0,0,0
45,45,0,647,3177,0,0,0,266,151,-610,1,下位,0,0,0
921,921,0,146,344,1,0,0,0,0,1,0,下位,0,0,0
274,274,0,66,114,0,0,0,921,396,-1088,4,下位,0,0,0
251,251,0,40,-7,0,0,0,274,166,-1364,1,下位,0,0,0
213,213,0,100,220,0,1,251,274,166,-1364,1,下位,0,251,45
963,963,0,52,71,0,0,0,464,272,-1796,2,下位,0,0,0
347,347,0,117,256,0,1,963,464,272,-1796,2,下位,0,963,123
364,364,0,104,129,0,0,0,1310,308,-3478,3,下位,0,0,0
224,224,0,158,358,1,0,0,0,0,1,0,下位,0,0,0
422,422,0,182,281,0,0,0,224,410,50,4,下位,0,0,0
200,200,0,79,170,0,0,0,422,333,-298,5,下位,0,0,0
467,467,0,147,204,0,0,0,200,222,-399,2,下位,0,0,0
964,964,0,119,189,0,0,0,467,256,-896,3,下位,0,0,0
272,272,0,67,38,1,0,0,0,0,1,0,下位,0,0,0
268,268,0,42,5,0,0,0,272,90,-348,1,下位,0,0,0
806,806,0,143,216,0,1,268,272,90,-348,1,下位,0,268,57
751,751,0,112,192,1,0,0,0,0,1,0,下位,0,0,0
891,891,0,109,119,1,0,0,0,0,1,0,下位,0,0,0
272,272,0,137,125,0,0,0,891,171,-1265,2,下位,0,0,0
366,366,0,92,76,0,0,0,272,177,-1527,3,下位,0,0,0
488,488,0,150,278,0,0,0,366,128,-1989,1,下位,0,0,0
265,265,0,149,425,0,0,0,488,330,-2446,3,下位,0,0,0
186,186,0,153,270,1,0,0,0,0,1,0,下位,0,0,0
391,391,0,91,141,0,0,0,186,322,24,3,下位,0,0,0
576,576,0,52,65,0,0,0,391,193,-414,1,下位,0,0,0
86,86,0,41,3,0,1,576,391,193,-414,1,下位,0,576,117
275,275,0,114,44,0,2,662,391,193,-414,1,下位,0,86,55
461,461,0,130,155,1,0,0,0,0,1,0,下位,0,0,0
967,967,0,86,66,0,0,0,461,207,-536,3,下位,0,0,0
277,277,0,59,59,0,0,0,967,118,-1978,2,下位,0,0,0
503,503,0,90,71,0,0,0,277,111,-2314,1,下位,0,0,0
880,880,0,139,83,0,0,0,503,123,-3002,1,下位,0,0,0
491,491,0,178,366,0,0,0,880,135,-4286,3,下位,0,0,0
586,586,0,160,415,0,0,0,491,418,-4660,5,下位,0,0,0
43,43,0,78,98,1,0,0,0,0,1,0,下位,0,0,0
551,551,0,2498,13078,0,0,0,43,150,82,1,下位,0,0,0
208,208,0,866,4205,1,0,0,0,0,1,0,下位,0,0,0
823,823,0,129,137,1,0,0,0,0,1,0,下位,0,0,0
64,64,0,52,71,0,0,0,823,189,-1137,3,下位,0,0,0
163,163,0,1071,5236,0,1,64,823,189,-1137,3,下位,0,64,123
743,743,0,143,382,0,0,0,227,5288,761,10,上位,0,0,0
123,123,0,110,194,0,0,0,743,434,-3,4,下位,0,0,0
570,570,0,725,3378,0,0,0,123,246,45,3,下位,0,0,0
99,99,0,98,140,0,0,0,570,3430,767,6,上位,0,0,0
159,159,0,42,5,0,0,0,99,192,799,1,下位,0,0,0
964,964,0,63,50,0,1,159,99,192,799,1,下位,0,159,57
343,343,0,42,11,0,0,0,1123,102,-853,1,下位,0,0,0
338,338,0,58,62,0,1,343,1123,102,-853,1,下位,0,343,63
786,786,0,166,244,0,0,0,681,114,-1774,1,下位,0,0,0
278,278,0,42,9,1,0,0,0,0,1,0,下位,0,0,0
969,969,0,81,164,1,1,278,0,0,1,0,下位,0,278,61
94,94,0,1073,5720,0,0,0,1247,216,-1733,1,下位,0,0,0
187,187,0,42,9,0,0,0,94,5772,764,9,上位,0,0,0
795,795,0,160,195,0,1,187,94,5772,764,9,上位,0,187,61
967,967,0,148,286,0,0,0,982,247,-512,3,下位,0,0,0
176,176,0,124,109,1,0,0,0,0,1,0,下位,0,0,0
221,221,0,125,259,0,0,0,176,161,-122,2,下位,0,0,0
442,442,0,76,92,1,0,0,0,0,1,0,下位,0,0,0
795,795,0,188,375,1,0,0,0,0,1,0,下位,0,0,0
906,906,0,126,178,1,0,0,0,0,1,0,下位,0,0,0
29,29,0,77,100,1,0,0,0,0,1,0,下位,0,0,0
890,890,0,116,190,0,0,0,29,152,106,1,下位,0,0,0
632,632,0,190,363,1,0,0,0,0,1,0,下位,0,0,0
381,381,0,77,99,0,0,0,632,415,-603,5,下位,0,0,0
191,191,0,107,194,0,0,0,381,151,-1067,2,下位,0,0,0
107,107,0,87,133,1,0,0,0,0,1,0,下位,0,0,0
503,503,0,78,100,1,0,0,0,0,1,0,下位,0,0,0
504,504,0,92,151,0,0,0,503,152,-658,1,下位,0,0,0
644,644,0,1810,9328,0,0,0,504,203,-1268,2,下位,0,0,0
853,853,0,90,81,0,0,0,644,9380,766,16,上位,0,0,0
745,745,0,70,35,1,0,0,0,0,1,0,下位,0,0,0
393,393,0,88,227,0,0,0,745,87,-1114,1,下位,0,0,0
822,822,0,66,30,0,0,0,393,279,-1469,2,下位,0,0,0
560,560,0,90,157,1,0,0,0,0,1,0,下位,0,0,0
295,295,0,182,241,0,0,0,560,209,-693,1,下位,0,0,0
231,231,0,90,88,1,0,0,0,0,1,0,下位,0,0,0
310,310,0,51,61,0,0,0,231,140,-232,2,下位,0,0,0
220,220,0,103,211,0,1,310,231,140,-232,2,下位,0,310,113
39,39,0,83,83,0,0,0,530,263,-711,2,下位,0,0,0
773,773,0,42,5,0,0,0,39,135,-639,1,下位,0,0,0
326,326,0,68,45,0,1,773,39,135,-639,1,下位,0,773,57
216,216,0,141,142,0,0,0,1099,97,-2258,1,下位,0,0,0
712,712,0,52,69,0,0,0,216,194,-2412,3,下位,0,0,0
202,202,0,51,61,0,1,712,216,194,-2412,3,下位,0,712,121
967,967,0,52,65,0,2,914,216,194,-2412,3,下位,0,202,113
626,626,0,128,321,0,3,1881,216,194,-2412,3,下位,0,967,117
971,971,0,42,7,0,0,0,2507,373,-5732,3,下位,0,0,0
899,899,0,142,153,0,1,971,2507,373,-5732,3,下位,0,971,59
769,769,0,70,121,1,0,0,0,0,1,0,下位,0,0,0
472,472,0,128,167,0,0,0,769,173,-1066,1,下位,0,0,0
175,175,0,66,117,1,0,0,0,0,1,0,下位,0,0,0
136,136,0,74,37,0,0,0,175,169,-112,1,下位,0,0,0
882,882,0,42,7,0,0,0,136,89,-242,1,下位,0,0,0
210,210,0,185,300,0,1,882,136,89,-242,1,下位,0,882,59
254,254,0,1300,6626,0,0,0,1092,352,-1593,5,下位,0,0,0
383,383,0,126,397,1,0,0,0,0,1,0,下位,0,0,0
772,772,0,111,187,0,0,0,383,449,-168,4,下位,0,0,0
409,409,0,96,155,0,0,0,772,239,-1174,3,下位,0,0,0
974,974,0,155,357,0,0,0,409,207,-1627,2,下位,0,0,0
308,308,0,1051,5140,1,0,0,0,0,1,0,下位,0,0,0
882,882,0,51,63,0,0,0,308,5192,769,11,上位,0,0,0
963,963,0,52,69,0,1,882,308,5192,769,11,上位,0,882,115
138,138,0,68,118,0,2,1845,308,5192,769,11,上位,0,963,121
310,310,0,140,359,0,0,0,1983,170,-2024,1,下位,0,0,0
73,73,0,78,102,1,0,0,0,0,1,0,下位,0,0,0
47,47,0,97,138,0,0,0,73,154,37,1,下位,0,0,0
794,794,0,52,65,0,0,0,47,190,151,1,下位,0,0,0
277,277,0,148,198,0,1,794,47,190,151,1,下位,0,794,117
744,744,0,97,138,1,0,0,0,0,1,0,下位,0,0,0
609,609,0,158,268,0,0,0,744,190,-1009,2,下位,0,0,0
137,137,0,42,7,0,0,0,609,320,-1671,3,下位,0,0,0
740,740,0,166,170,0,1,137,609,320,-1671,3,下位,0,137,59
358,358,0,40,-3,1,0,0,0,0,1,0,下位,0,0,0
866,866,0,117,269,1,1,358,0,0,1,0,下位,0,358,49
425,425,0,84,159,0,0,0,1224,321,-1603,3,下位,0,0,0
596,596,0,140,300,1,0,0,0,0,1,0,下位,0,0,0
888,888,0,91,141,0,0,0,596,352,-608,3,下位,0,0,0
204,204,0,69,108,0,0,0,888,193,-1847,2,下位,0,0,0
207,207,0,42,9,0,0,0,204,160,-2016,1,下位,0,0,0
121,121,0,1258,6292,0,1,207,204,160,-2016,1,下位,0,207,61
652,652,0,82,63,1,0,0,0,0,1,0,下位,0,0,0
667,667,0,112,262,1,0,0,0,0,1,0,下位,0,0,0
132,132,0,51,63,1,0,0,0,0,1,0,下位,0,0,0
369,369,0,86,134,1,1,132,0,0,1,0,下位,0,132,115
53,53,0,52,69,0,0,0,501,186,-506,1,下位,0,0,0
212,212,0,164,260,0,1,53,501,186,-506,1,下位,0,53,121
167,167,0,98,130,0,0,0,265,312,-500,3,下位,0,0,0
820,820,0,125,158,1,0,0,0,0,1,0,下位,0,0,0
472,472,0,180,218,0,0,0,820,210,-1112,2,下位,0,0,0
974,974,0,168,254,0,0,0,472,270,-1603,4,下位,0,0,0
167,167,0,110,201,1,0,0,0,0,1,0,下位,0,0,0
307,307,0,84,89,0,0,0,167,253,-15,3,下位,0,0,0
503,503,0,80,93,0,0,0,307,141,-369,1,下位,0,0,0
968,968,0,68,111,0,0,0,503,145,-1035,1,下位,0,0,0
337,337,0,178,383,0,0,0,968,163,-2433,1,下位,0,0,0
336,336,0,88,158,0,0,0,337,435,-2542,5,下位,0,0,0
789,789,0,1540,7991,0,0,0,336,210,-2874,1,下位,0,0,0
548,548,0,170,312,1,0,0,0,0,1,0,下位,0,0,0
137,137,0,76,107,0,0,0,548,364,-519,3,下位,0,0,0
607,607,0,128,167,1,0,0,0,0,1,0,下位,0,0,0
762,762,0,132,221,1,0,0,0,0,1,0,下位,0,0,0
573,573,0,64,95,1,0,0,0,0,1,0,下位,0,0,0
48,48,0,128,255,0,0,0,573,147,-776,1,下位,0,0,0
92,92,0,164,260,1,0,0,0,0,1,0,下位,0,0,0
367,367,0,162,273,0,0,0,92,312,165,4,下位,0,0,0
158,158,0,117,261,0,0,0,367,325,-102,3,下位,0,0,0
141,141,0,158,244,1,0,0,0,0,1,0,下位,0,0,0
496,496,0,42,11,0,0,0,141,296,70,4,下位,0,0,0
964,964,0,52,69,0,1,496,141,296,70,4,下位,0,496,63
343,343,0,73,186,0,2,1460,141,296,70,4,下位,0,964,121
835,835,0,82,94,0,0,0,1803,238,-2416,1,下位,0,0,0
937,937,0,71,33,0,0,0,835,146,-3617,1,下位,0,0,0
188,188,0,110,125,0,0,0,937,85,-5043,1,下位,0,0,0
870,870,0,140,296,0,0,0,188,177,-5169,2,下位,0,0,0
303,303,0,140,144,0,0,0,870,348,-6224,3,下位,0,0,0
907,907,0,87,158,0,0,0,303,196,-6517,2,下位,0,0,0
355,355,0,105,123,1,0,0,0,0,1,0,下位,0,0,0
56,56,0,1162,5828,0,0,0,355,175,-397,2,下位,0,0,0
406,406,0,72,26,0,0,0,56,5880,746,8,上位,0,0,0
968,968,0,42,9,0,0,0,406,78,169,1,下位,0,0,0
267,267,0,68,114,0,1,968,406,78,169,1,下位,0,968,61
772,772,0,42,9,0,0,0,1235,166,-1596,1,下位,0,0,0
688,688,0,115,119,0,1,772,1235,166,-1596,1,下位,0,772,61
244,244,0,162,172,0,0,0,1460,171,-3719,2,下位,0,0,0
862,862,0,153,269,0,0,0,244,224,-3889,4,下位,0,0,0
271,271,0,86,82,0,0,0,862,321,-4958,4,下位,0,0,0
271,271,0,41,1,0,0,0,271,134,-5261,1,下位,0,0,0
211,211,0,174,225,0,1,271,271,134,-5261,1,下位,0,271,53
266,266,0,98,151,0,0,0,482,277,-5708,4,下位,0,0,0
351,351,0,191,293,1,0,0,0,0,1,0,下位,0,0,0
131,131,0,90,83,0,0,0,351,345,-220,5,下位,0,0,0
467,467,0,51,61,0,0,0,131,135,-296,1,下位,0,0,0
842,842,0,74,40,0,1,467,131,135,-296,1,下位,0,467,113
94,94,0,42,11,0,0,0,1309,92,-2202,1,下位,0,0,0
967,967,0,112,185,0,1,94,1309,92,-2202,1,下位,0,94,63
806,806,0,113,260,0,0,0,1061,237,-3614,2,下位,0,0,0
555,555,0,163,337,1,0,0,0,0,1,0,下位,0,0,0
742,742,0,148,140,0,0,0,555,389,-505,4,下位,0,0,0
97,97,0,62,120,0,0,0,742,192,-1510,3,下位,0,0,0
461,461,0,176,232,1,0,0,0,0,1,0,下位,0,0,0
407,407,0,131,149,0,0,0,461,284,-459,5,下位,0,0,0
543,543,0,112,123,0,0,0,407,201,-914,2,下位,0,0,0
421,421,0,64,49,0,0,0,543,175,-1615,3,下位,0,0,0
222,222,0,66,40,0,0,0,421,101,-2193,1,下位,0,0,0
238,238,0,110,264,0,0,0,222,92,-2459,1,下位,0,0,0
186,186,0,88,76,0,0,0,238,316,-2527,2,下位,0,0,0
139,139,0,140,227,0,0,0,186,128,-2699,1,下位,0,0,0
720,720,0,128,232,0,0,0,139,279,-2644,3,下位,0,0,0
637,637,0,107,203,1,0,0,0,0,1,0,下位,0,0,0
622,622,0,101,120,0,0,0,637,255,-771,2,下位,0,0,0
123,123,0,78,100,0,0,0,622,172,-1602,2,下位,0,0,0
108,108,0,73,171,0,0,0,123,152,-1648,1,下位,0,0,0
547,547,0,42,9,0,0,0,108,223,-1599,1,下位,0,0,0
643,643,0,84,83,0,1,547,108,223,-1599,1,下位,0,547,61
811,811,0,126,244,0,0,0,1190,135,-3322,1,下位,0,0,0
331,331,0,98,138,0,0,0,811,296,-4334,3,下位,0,0,0
344,344,0,906,4410,1,0,0,0,0,1,0,下位,0,0,0
65,65,0,162,405,1,0,0,0,0,1,0,下位,0,0,0
155,155,0,140,145,1,0,0,0,0,1,0,下位,0,0,0
928,928,0,94,147,0,0,0,155,197,-52,2,下位,0,0,0
48,48,0,42,7,0,0,0,928,199,-1350,1,下位,0,0,0
165,165,0,138,300,0,1,48,928,199,-1350,1,下位,0,48,59
834,834,0,172,318,1,0,0,0,0,1,0,下位,0,0,0
290,290,0,42,11,0,0,0,834,370,-974,5,下位,0,0,0
570,570,0,92,143,0,1,290,834,370,-974,5,下位,0,290,63
267,267,0,134,157,0,0,0,860,195,-2103,1,下位,0,0,0
599,599,0,1302,6318,0,0,0,267,209,-2325,2,下位,0,0,0
70,70,0,629,2465,0,0,0,599,6370,762,13,上位,0,0,0
140,140,0,70,107,1,0,0,0,0,1,0,下位,0,0,0
946,946,0,1065,5465,0,0,0,140,159,-66,1,下位,0,0,0
234,234,0,108,192,0,0,0,946,5517,764,10,上位,0,0,0
622,622,0,139,311,1,0,0,0,0,1,0,下位,0,0,0
262,262,0,72,175,0,0,0,622,363,-639,4,下位,0,0,0
456,456,0,84,73,1,0,0,0,0,1,0,下位,0,0,0
417,417,0,156,255,0,0,0,456,125,-609,2,下位,0,0,0
76,76,0,84,94,1,0,0,0,0,1,0,下位,0,0,0
218,218,0,83,75,0,0,0,76,146,24,1,下位,0,0,0
253,253,0,52,71,0,0,0,218,127,-201,2,下位,0,0,0
270,270,0,136,225,0,1,253,218,127,-201,2,下位,0,253,123
124,124,0,192,371,1,0,0,0,0,1,0,下位,0,0,0
966,966,0,82,75,0,0,0,124,423,224,4,下位,0,0,0
213,213,0,98,130,0,0,0,966,127,-1207,1,下位,0,0,0
120,120,0,67,38,0,0,0,213,182,-1369,2,下位,0,0,0
281,281,0,102,288,0,0,0,120,90,-1473,1,下位,0,0,0
254,254,0,135,271,0,0,0,281,340,-1586,2,下位,0,0,0
313,313,0,52,69,0,0,0,254,323,-1673,3,下位,0,0,0
168,168,0,1106,5322,0,1,313,254,323,-1673,3,下位,0,313,121
181,181,0,99,223,1,0,0,0,0,1,0,下位,0,0,0
68,68,0,94,72,0,0,0,181,275,-16,2,下位,0,0,0
375,375,0,92,72,0,0,0,68,124,-2,1,下位,0,0,0
906,906,0,170,407,0,0,0,375,124,-483,2,下位,0,0,0
309,309,0,138,218,1,0,0,0,0,1,0,下位,0,0,0
811,811,0,190,215,0,0,0,309,270,-227,3,下位,0,0,0
361,361,0,75,109,0,0,0,811,267,-1268,4,下位,0,0,0
611,611,0,972,4925,0,0,0,361,161,-1689,1,下位,0,0,0
376,376,0,108,122,0,0,0,611,4977,760,9,上位,0,0,0
273,273,0,699,3260,0,0,0,376,174,328,2,下位,0,0,0
167,167,0,142,151,1,0,0,0,0,1,0,下位,0,0,0
975,975,0,41,1,0,0,0,167,203,-65,3,下位,0,0,0
672,672,0,84,91,0,1,975,167,203,-65,3,下位,0,975,53
950,950,0,74,93,0,0,0,1647,143,-2526,1,下位,0,0,0
149,149,0,81,170,0,0,0,950,145,-3913,2,下位,0,0,0
522,522,0,80,17,1,0,0,0,0,1,0,下位,0,0,0
634,634,0,99,215,0,0,0,522,69,-772,1,下位,0,0,0
358,358,0,87,161,1,0,0,0,0,1,0,下位,0,0,0
834,834,0,102,66,0,0,0,358,213,-363,2,下位,0,0,0
182,182,0,76,103,0,0,0,834,118,-1590,2,下位,0,0,0
544,544,0,1150,5703,0,0,0,182,155,-1729,1,下位,0,0,0
386,386,0,886,4477,1,0,0,0,0,1,0,下位,0,0,0
144,144,0,139,357,0,0,0,386,4529,761,8,上位,0,0,0
387,387,0,147,110,1,0,0,0,0,1,0,下位,0,0,0
589,589,0,51,63,1,0,0,0,0,1,0,下位,0,0,0
282,282,0,1040,5108,1,1,589,0,0,1,0,下位,0,589,115
207,207,0,212,244,0,0,0,871,5160,758,10,上位,0,0,0
968,968,0,68,40,0,0,0,207,296,720,4,下位,0,0,0
237,237,0,74,107,0,0,0,968,92,-749,1,下位,0,0,0
582,582,0,131,168,1,0,0,0,0,1,0,下位,0,0,0
74,74,0,907,4676,0,0,0,582,220,-718,2,下位,0,0,0
719,719,0,52,69,0,0,0,74,4609,755,5,上位,0,0,0
452,452,0,41,3,0,1,719,74,4609,755,5,上位,0,719,121
236,236,0,52,67,0,2,1171,74,4609,755,5,上位,0,452,55
834,834,0,90,88,0,3,1407,74,4609,755,5,上位,0,236,119
258,258,0,51,61,0,0,0,2241,140,-2425,2,下位,0,0,0
558,558,0,62,50,0,1,258,2241,140,-2425,2,下位,0,258,113
206,206,0,51,63,0,0,0,816,102,-3526,1,下位,0,0,0
476,476,0,39,-9,0,1,206,816,102,-3526,1,下位,0,206,115
273,273,0,78,100,0,2,682,816,102,-3526,1,下位,0,476,43
516,516,0,76,98,0,0,0,955,152,-4756,1,下位,0,0,0
916,916,0,98,140,0,0,0,516,150,-5438,1,下位,0,0,0
397,397,0,160,259,1,0,0,0,0,1,0,下位,0,0,0
507,507,0,88,90,0,0,0,397,311,-328,3,下位,0,0,0
966,966,0,58,58,0,0,0,507,142,-1004,1,下位,0,0,0
549,549,0,94,78,0,0,0,966,110,-2452,1,下位,0,0,0
282,282,0,110,273,0,0,0,549,130,-3207,1,下位,0,0,0
904,904,0,102,61,0,0,0,282,325,-3337,3,下位,0,0,0
271,271,0,42,9,0,0,0,904,113,-4682,2,下位,0,0,0
322,322,0,42,11,0,1,271,904,113,-4682,2,下位,0,271,61
710,710,0,71,30,0,2,593,904,113,-4682,2,下位,0,322,63
462,462,0,67,112,0,0,0,1303,82,-6577,1,下位,0,0,0
736,736,0,66,104,1,0,0,0,0,1,0,下位,0,0,0
145,145,0,1010,5029,0,0,0,736,156,-1030,1,下位,0,0,0
943,943,0,122,239,0,0,0,145,5081,759,10,上位,0,0,0
968,968,0,86,171,0,0,0,943,291,-471,2,下位,0,0,0
301,301,0,99,135,0,0,0,968,223,-1809,1,下位,0,0,0
968,968,0,65,96,0,0,0,301,187,-2107,3,下位,0,0,0
70,70,0,128,167,1,0,0,0,0,1,0,下位,0,0,0
869,869,0,156,415,0,0,0,70,219,107,2,下位,0,0,0
798,798,0,51,61,0,0,0,869,467,-828,4,下位,0,0,0
232,232,0,141,217,0,1,798,869,467,-828,4,下位,0,798,113
570,570,0,58,53,1,0,0,0,0,1,0,下位,0,0,0
195,195,0,51,61,0,0,0,570,105,-813,1,下位,0,0,0
818,818,0,156,127,0,1,195,570,105,-813,1,下位,0,195,113
856,856,0,42,9,0,0,0,1013,179,-2155,3,下位,0,0,0
152,152,0,110,266,0,1,856,1013,179,-2155,3,下位,0,856,61
766,766,0,100,65,0,0,0,1008,318,-3402,2,下位,0,0,0
340,340,0,132,226,0,0,0,766,117,-4520,2,下位,0,0,0
268,268,0,148,205,0,0,0,340,278,-4790,4,下位,0,0,0
439,439,0,108,207,0,0,0,268,257,-4965,2,下位,0,0,0
839,839,0,104,134,0,0,0,439,259,-5414,2,下位,0,0,0
534,534,0,118,107,1,0,0,0,0,1,0,下位,0,0,0
610,610,0,1122,5536,0,0,0,534,159,-701,2,下位,0,0,0
530,530,0,79,87,0,0,0,610,5588,770,11,上位,0,0,0
175,175,0,612,2632,0,0,0,530,139,54,1,下位,0,0,0
534,534,0,42,11,1,0,0,0,0,1,0,下位,0,0,0
956,956,0,60,47,1,1,534,0,0,1,0,下位,0,534,63
962,962,0,78,167,0,0,0,1490,99,-2240,1,下位,0,0,0
320,320,0,113,180,0,0,0,962,219,-3573,1,下位,0,0,0
350,350,0,64,41,1,0,0,0,0,1,0,下位,0,0,0
257,257,0,86,155,0,0,0,350,93,-471,1,下位,0,0,0
556,556,0,88,142,0,0,0,257,207,-679,2,下位,0,0,0
429,429,0,148,214,0,0,0,556,194,-1382,2,下位,0,0,0
418,418,0,1168,6122,0,0,0,429,266,-1808,3,下位,0,0,0
87,87,0,51,61,0,0,0,418,6174,764,11,上位,0,0,0
914,914,0,42,7,0,1,87,418,6174,764,11,上位,0,87,113
282,282,0,118,180,0,2,1001,418,6174,764,11,上位,0,914,59
960,960,0,87,82,0,0,0,1283,232,-901,2,下位,0,0,0
350,350,0,918,4420,1,0,0,0,0,1,0,下位,0,0,0
208,208,0,102,123,0,0,0,350,4472,769,9,上位,0,0,0
305,305,0,52,65,0,0,0,208,175,609,2,下位,0,0,0
532,532,0,134,307,0,1,305,208,175,609,2,下位,0,305,117
966,966,0,103,126,0,0,0,837,359,-265,3,下位,0,0,0
777,777,0,42,11,0,0,0,966,178,-1645,1,下位,0,0,0
490,490,0,160,168,0,1,777,966,178,-1645,1,下位,0,777,63
716,716,0,51,61,0,0,0,1267,220,-3405,3,下位,0,0,0
290,290,0,197,360,0,1,716,1267,220,-3405,3,下位,0,716,113
159,159,0,80,162,0,0,0,1006,412,-4503,6,下位,0,0,0
276,276,0,109,195,0,0,0,159,214,-4545,1,下位,0,0,0
255,255,0,51,63,0,0,0,276,247,-4743,3,下位,0,0,0
299,299,0,78,163,0,1,255,276,247,-4743,3,下位,0,255,115
243,243,0,88,164,0,0,0,554,215,-5306,1,下位,0,0,0
336,336,0,102,142,0,0,0,243,216,-5482,1,下位,0,0,0
911,911,0,72,106,1,0,0,0,0,1,0,下位,0,0,0
363,363,0,93,68,0,0,0,911,158,-1310,1,下位,0,0,0
196,196,0,52,65,0,0,0,363,120,-1775,1,下位,0,0,0
231,231,0,178,234,0,1,196,363,120,-1775,1,下位,0,196,117
205,205,0,42,9,0,0,0,427,286,-2061,4,下位,0,0,0
133,133,0,52,67,0,1,205,427,286,-2061,4,下位,0,205,61
168,168,0,116,202,0,2,338,427,286,-2061,4,下位,0,133,119
540,540,0,82,164,0,0,0,506,254,-2444,3,下位,0,0,0
92,92,0,84,163,0,0,0,540,216,-3099,1,下位,0,0,0
875,875,0,152,349,0,0,0,92,215,-3032,1,下位,0,0,0
965,965,0,146,363,0,0,0,875,401,-4042,4,下位,0,0,0
258,258,0,163,165,1,0,0,0,0,1,0,下位,0,0,0
755,755,0,188,290,0,0,0,258,217,-198,3,下位,0,0,0
581,581,0,178,385,1,0,0,0,0,1,0,下位,0,0,0
212,212,0,85,165,0,0,0,581,437,-499,5,下位,0,0,0
276,276,0,68,111,0,0,0,212,217,-624,1,下位,0,0,0
972,972,0,86,161,0,0,0,276,163,-906,1,下位,0,0,0
687,687,0,82,97,0,0,0,972,213,-2261,1,下位,0,0,0
969,969,0,52,67,0,0,0,687,149,-3220,1,下位,0,0,0
431,431,0,42,9,0,1,969,687,149,-3220,1,下位,0,969,119
977,977,0,42,9,0,2,1400,687,149,-3220,1,下位,0,431,61
200,200,0,79,83,0,3,2377,687,149,-3220,1,下位,0,977,61
210,210,0,100,142,0,0,0,2577,135,-7001,1,下位,0,0,0
44,44,0,69,117,1,0,0,0,0,1,0,下位,0,0,0
122,122,0,72,28,0,0,0,44,169,99,1,下位,0,0,0
972,972,0,72,108,0,0,0,122,80,-18,1,下位,0,0,0
834,834,0,1493,7123,0,0,0,972,160,-1426,1,下位,0,0,0
311,311,0,78,163,0,0,0,834,7175,751,13,上位,0,0,0
681,681,0,992,4870,1,0,0,0,0,1,0,下位,0,0,0
344,344,0,51,63,0,0,0,681,4922,749,9,上位,0,0,0
928,928,0,42,9,0,1,344,681,4922,749,9,上位,0,344,115
223,223,0,1942,10015,0,2,1272,681,4922,749,9,上位,0,928,61
797,797,0,154,196,1,0,0,0,0,1,0,下位,0,0,0
507,507,0,104,145,1,0,0,0,0,1,0,下位,0,0,0
856,856,0,104,195,0,0,0,507,197,-620,2,下位,0,0,0
70,70,0,1071,5741,0,0,0,856,247,-1754,2,下位,0,0,0
402,402,0,92,222,1,0,0,0,0,1,0,下位,0,0,0
255,255,0,88,228,0,0,0,402,274,-373,2,下位,0,0,0
484,484,0,42,9,0,0,0,255,280,-504,2,下位,0,0,0
263,263,0,51,60,0,1,484,255,280,-504,2,下位,0,484,61
902,902,0,70,98,0,2,747,255,280,-504,2,下位,0,263,112
261,261,0,81,159,0,0,0,1649,150,-2841,1,下位,0,0,0
247,247,0,131,323,0,0,0,261,211,-3051,2,下位,0,0,0
762,762,0,51,63,0,0,0,247,375,-3074,3,下位,0,0,0
560,560,0,52,69,0,1,762,247,375,-3074,3,下位,0,762,115
966,966,0,51,61,0,2,1322,247,375,-3074,3,下位,0,560,121
160,160,0,113,275,0,3,2288,247,375,-3074,3,下位,0,966,113
451,451,0,92,71,0,0,0,2448,327,-6346,2,下位,0,0,0
346,346,0,124,169,1,0,0,0,0,1,0,下位,0,0,0
178,178,0,42,11,0,0,0,346,221,-336,2,下位,0,0,0
483,483,0,96,143,0,1,178,346,221,-336,2,下位,0,178,63
739,739,0,51,61,0,0,0,661,195,-1144,2,下位,0,0,0
405,405,0,141,222,0,1,739,661,195,-1144,2,下位,0,739,113
81,81,0,1642,8853,0,0,0,1144,274,-2602,3,下位,0,0,0
91,91,0,52,69,0,0,0,81,8790,770,11,上位,0,0,0
111,111,0,78,174,0,1,91,81,8790,770,11,上位,0,91,121
206,206,0,138,270,1,0,0,0,0,1,0,下位,0,0,0
698,698,0,61,50,0,0,0,206,322,-9,4,下位,0,0,0
944,944,0,71,103,0,0,0,698,102,-1033,1,下位,0,0,0
90,90,0,52,67,0,0,0,944,155,-2401,1,下位,0,0,0
852,852,0,96,135,0,1,90,944,155,-2401,1,下位,0,90,119
72,72,0,820,3956,1,0,0,0,0,1,0,下位,0,0,0
917,917,0,42,9,0,0,0,72,4008,755,9,上位,0,0,0
713,713,0,90,232,0,1,917,72,4008,755,9,上位,0,917,61
625,625,0,141,293,1,0,0,0,0,1,0,下位,0,0,0
467,467,0,955,4593,1,0,0,0,0,1,0,下位,0,0,0
700,700,0,104,133,1,0,0,0,0,1,0,下位,0,0,0
919,919,0,193,357,0,0,0,700,185,-943,2,下位,0,0,0
300,300,0,1229,6331,0,0,0,919,409,-2016,6,下位,0,0,0
228,228,0,58,51,0,0,0,300,6383,764,11,上位,0,0,0
84,84,0,56,56,1,0,0,0,0,1,0,下位,0,0,0
43,43,0,65,39,0,0,0,84,108,-26,1,下位,0,0,0
274,274,0,99,213,0,0,0,43,91,-4,1,下位,0,0,0
967,967,0,127,94,0,0,0,274,265,-181,3,下位,0,0,0
183,183,0,68,113,0,0,0,967,146,-1595,3,下位,0,0,0
257,257,0,116,165,0,0,0,183,165,-1725,1,下位,0,0,0
187,187,0,190,228,0,0,0,257,217,-1923,2,下位,0,0,0
380,380,0,98,148,0,0,0,187,280,-1945,4,下位,0,0,0
642,642,0,142,155,0,0,0,380,200,-2358,1,下位,0,0,0
598,598,0,52,67,0,0,0,642,207,-3186,3,下位,0,0,0
173,173,0,119,248,0,1,598,642,207,-3186,3,下位,0,598,119
134,134,0,52,65,0,0,0,771,300,-4011,2,下位,0,0,0
762,762,0,181,237,0,1,134,771,300,-4011,2,下位,0,134,117
280,280,0,135,303,0,0,0,896,289,-5050,5,下位,0,0,0
251,251,0,105,203,1,0,0,0,0,1,0,下位,0,0,0
125,125,0,202,351,0,0,0,251,255,-149,2,下位,0,0,0
279,279,0,51,63,0,0,0,125,403,52,4,下位,0,0,0
619,619,0,127,232,0,1,279,125,403,52,4,下位,0,279,115
72,72,0,42,9,0,0,0,898,284,-997,3,下位,0,0,0
277,277,0,104,277,0,1,72,898,284,-997,3,下位,0,72,61
189,189,0,130,168,0,0,0,349,329,-1170,3,下位,0,0,0
131,131,0,63,128,0,0,0,189,220,-1255,2,下位,0,0,0
157,157,0,97,134,0,0,0,131,180,-1286,1,下位,0,0,0
742,742,0,164,178,0,0,0,157,186,-1353,2,下位,0,0,0
122,122,0,1320,6409,0,0,0,742,230,-2320,3,下位,0,0,0
142,142,0,846,4044,1,0,0,0,0,1,0,下位,0,0,0
266,266,0,66,122,0,0,0,142,4096,736,7,上位,0,0,0
432,432,0,74,114,1,0,0,0,0,1,0,下位,0,0,0
181,181,0,112,269,0,0,0,432,166,-530,1,下位,0,0,0
439,439,0,69,119,0,0,0,181,321,-501,2,下位,0,0,0
182,182,0,150,280,0,0,0,439,171,-1038,1,下位,0,0,0
459,459,0,41,1,0,0,0,182,332,-1000,3,下位,0,0,0
93,93,0,65,97,0,1,459,182,332,-1000,3,下位,0,459,53
57,57,0,178,304,1,0,0,0,0,1,0,下位,0,0,0
954,954,0,124,246,0,0,0,57,356,265,4,下位,0,0,0
249,249,0,95,216,0,0,0,954,298,-976,2,下位,0,0,0
558,558,0,167,243,0,0,0,249,268,-1110,2,下位,0,0,0
245,245,0,74,79,0,0,0,558,295,-1715,5,下位,0,0,0
809,809,0,84,85,0,0,0,245,131,-1979,1,下位,0,0,0
573,573,0,80,171,1,0,0,0,0,1,0,下位,0,0,0
910,910,0,136,301,0,0,0,573,223,-700,1,下位,0,0,0
228,228,0,1277,6501,1,0,0,0,0,1,0,下位,0,0,0
100,100,0,52,71,0,0,0,228,6553,761,13,上位,0,0,0
937,937,0,51,61,0,1,100,228,6553,761,13,上位,0,100,123
244,244,0,190,288,0,2,1037,228,6553,761,13,上位,0,937,113
218,218,0,144,293,0,0,0,1281,340,-729,5,下位,0,0,0
302,302,0,58,48,0,0,0,218,345,-736,3,下位,0,0,0
188,188,0,78,164,0,0,0,302,100,-1123,1,下位,0,0,0
299,299,0,58,49,1,0,0,0,0,1,0,下位,0,0,0
303,303,0,38,-13,0,0,0,299,101,-380,1,下位,0,0,0
470,470,0,124,215,0,1,303,299,101,-380,1,下位,0,303,39
45,45,0,52,71,0,0,0,773,267,-1321,2,下位,0,0,0
969,969,0,130,219,0,1,45,773,267,-1321,2,下位,0,45,123
606,606,0,134,229,0,0,0,1014,271,-2563,3,下位,0,0,0
235,235,0,42,7,0,0,0,606,281,-3259,3,下位,0,0,0
865,865,0,73,27,0,1,235,606,281,-3259,3,下位,0,235,59
165,165,0,42,7,0,0,0,1100,79,-4895,1,下位,0,0,0
234,234,0,154,266,0,1,165,1100,79,-4895,1,下位,0,165,59
348,348,0,94,78,1,0,0,0,0,1,0,下位,0,0,0
268,268,0,73,111,0,0,0,348,130,-430,1,下位,0,0,0
127,127,0,120,183,0,0,0,268,163,-699,2,下位,0,0,0
581,581,0,42,5,0,0,0,127,235,-669,2,下位,0,0,0
970,970,0,98,140,0,1,581,127,235,-669,2,下位,0,581,57
337,337,0,100,134,0,0,0,1551,192,-2922,1,下位,0,0,0
488,488,0,52,68,0,0,0,337,186,-3280,2,下位,0,0,0
145,145,0,127,328,0,1,488,337,186,-3280,2,下位,0,488,120
222,222,0,42,9,0,0,0,633,380,-3801,3,下位,0,0,0
248,248,0,78,108,0,1,222,633,380,-3801,3,下位,0,222,61
801,801,0,41,1,0,0,0,470,160,-4338,1,下位,0,0,0
781,781,0,77,30,0,1,801,470,160,-4338,1,下位,0,801,53
756,756,0,73,30,1,0,0,0,0,1,0,下位,0,0,0
566,566,0,119,180,0,0,0,756,82,-1136,1,下位,0,0,0
836,836,0,103,128,0,0,0,566,232,-1817,2,下位,0,0,0
182,182,0,76,27,0,0,0,836,180,-2985,3,下位,0,0,0
343,343,0,42,9,0,0,0,182,79,-3200,1,下位,0,0,0
504,504,0,71,101,0,1,343,182,79,-3200,1,下位,0,343,61
259,259,0,77,94,0,0,0,847,153,-4352,1,下位,0,0,0
484,484,0,77,94,1,0,0,0,0,1,0,下位,0,0,0
968,968,0,120,176,0,0,0,484,146,-634,1,下位,0,0,0
68,68,0,93,70,0,0,0,968,228,-1967,3,下位,0,0,0
557,557,0,69,113,1,0,0,0,0,1,0,下位,0,0,0
321,321,0,76,75,0,0,0,557,165,-732,1,下位,0,0,0
370,370,0,104,207,0,0,0,321,127,-1123,1,下位,0,0,0
357,357,0,1265,6473,0,0,0,370,259,-1461,2,下位,0,0,0
977,977,0,160,265,0,0,0,357,6525,736,11,上位,0,0,0
141,141,0,42,9,0,0,0,977,317,-523,3,下位,0,0,0
200,200,0,75,109,0,1,141,977,317,-523,3,下位,0,141,61
169,169,0,42,7,0,0,0,341,161,-851,1,下位,0,0,0
120,120,0,42,11,0,1,169,341,161,-851,1,下位,0,169,59
944,944,0,91,144,0,2,289,341,161,-851,1,下位,0,120,63
55,55,0,154,271,1,0,0,0,0,1,0,下位,0,0,0
386,386,0,92,72,1,0,0,0,0,1,0,下位,0,0,0
95,95,0,86,159,0,0,0,386,124,-498,1,下位,0,0,0
756,756,0,70,113,0,0,0,95,211,-440,2,下位,0,0,0
205,205,0,82,93,1,0,0,0,0,1,0,下位,0,0,0
965,965,0,186,368,0,0,0,205,145,-185,1,下位,0,0,0
878,878,0,110,203,0,0,0,965,420,-1321,5,下位,0,0,0
227,227,0,52,65,0,0,0,878,255,-2482,3,下位,0,0,0
307,307,0,77,165,0,1,227,878,255,-2482,3,下位,0,227,117
153,153,0,67,112,0,0,0,534,217,-3009,1,下位,0,0,0
699,699,0,83,232,0,0,0,153,164,-3092,1,下位,0,0,0
189,189,0,108,195,0,0,0,699,284,-3935,2,下位,0,0,0
61,61,0,154,209,1,0,0,0,0,1,0,下位,0,0,0
561,561,0,51,63,0,0,0,61,261,164,3,下位,0,0,0
934,934,0,42,9,0,1,561,61,261,164,3,下位,0,561,115
140,140,0,52,56,0,2,1495,61,261,164,3,下位,0,934,61
147,147,0,96,135,0,0,0,1635,108,-2189,1,下位,0,0,0
307,307,0,52,67,0,0,0,147,187,-2239,2,下位,0,0,0
619,619,0,82,150,0,1,307,147,187,-2239,2,下位,0,307,119
964,964,0,93,72,0,0,0,926,202,-3411,2,下位,0,0,0
644,644,0,155,188,0,0,0,964,124,-4842,1,下位,0,0,0
152,152,0,42,5,0,0,0,644,240,-5641,3,下位,0,0,0
328,328,0,51,63,0,1,152,644,240,-5641,3,下位,0,152,57
200,200,0,1650,8998,0,2,480,644,240,-5641,3,下位,0,328,115
581,581,0,140,233,1,0,0,0,0,1,0,下位,0,0,0
414,414,0,72,101,0,0,0,581,285,-651,4,下位,0,0,0
828,828,0,42,9,0,0,0,414,153,-1166,1,下位,0,0,0
125,125,0,51,63,0,1,828,414,153,-1166,1,下位,0,828,61
874,874,0,59,61,0,2,953,414,153,-1166,1,下位,0,125,115
926,926,0,160,259,0,0,0,1827,113,-3824,1,下位,0,0,0
291,291,0,182,301,0,0,0,926,311,-5007,3,下位,0,0,0
90,90,0,41,3,0,0,0,291,353,-5123,5,下位,0,0,0
284,284,0,132,314,0,1,90,291,353,-5123,5,下位,0,90,55
211,211,0,83,91,0,0,0,374,366,-5305,3,下位,0,0,0
667,667,0,115,324,0,0,0,211,143,-5502,1,下位,0,0,0
556,556,0,84,173,1,0,0,0,0,1,0,下位,0,0,0
92,92,0,89,61,0,0,0,556,225,-671,1,下位,0,0,0
277,277,0,171,301,0,0,0,92,113,-706,1,下位,0,0,0
553,553,0,60,51,0,0,0,277,353,-800,4,下位,0,0,0
375,375,0,1358,6810,0,0,0,553,103,-1589,1,下位,0,0,0
86,86,0,1013,4758,1,0,0,0,0,1,0,下位,0,0,0
407,407,0,88,167,1,0,0,0,0,1,0,下位,0,0,0
317,317,0,186,385,0,0,0,407,219,-436,2,下位,0,0,0
47,47,0,1097,5890,0,0,0,317,437,-510,4,下位,0,0,0
207,207,0,42,7,0,0,0,47,4580,742,6,上位,0,0,0
968,968,0,84,87,0,1,207,47,4580,742,6,上位,0,207,59
469,469,0,104,205,1,0,0,0,0,1,0,下位,0,0,0
349,349,0,58,50,0,0,0,469,257,-498,2,下位,0,0,0
185,185,0,122,96,0,0,0,349,102,-959,1,下位,0,0,0
568,568,0,101,127,0,0,0,185,148,-1109,2,下位,0,0,0
429,429,0,41,1,0,0,0,568,179,-1846,2,下位,0,0,0
974,974,0,42,11,0,1,429,568,179,-1846,2,下位,0,429,53
231,231,0,55,63,0,2,1403,568,179,-1846,2,下位,0,974,63
487,487,0,163,325,0,0,0,1634,115,-4251,1,下位,0,0,0
250,250,0,77,30,0,0,0,487,377,-4659,4,下位,0,0,0
537,537,0,84,137,0,0,0,250,82,-4980,1,下位,0,0,0
183,183,0,166,184,1,0,0,0,0,1,0,下位,0,0,0
53,53,0,83,18,0,0,0,183,236,-58,4,下位,0,0,0
884,884,0,123,185,0,0,0,53,70,-73,1,下位,0,0,0
323,323,0,51,62,0,0,0,884,237,-1262,2,下位,0,0,0
205,205,0,136,89,0,1,323,884,237,-1262,2,下位,0,323,114
571,571,0,128,236,0,0,0,528,141,-1859,3,下位,0,0,0
82,82,0,177,221,1,0,0,0,0,1,0,下位,0,0,0
678,678,0,128,226,1,0,0,0,0,1,0,下位,0,0,0
645,645,0,174,393,1,0,0,0,0,1,0,下位,0,0,0
387,387,0,68,114,0,0,0,645,445,-594,5,下位,0,0,0
532,532,0,160,321,1,0,0,0,0,1,0,下位,0,0,0
289,289,0,51,61,0,0,0,532,373,-484,4,下位,0,0,0
969,969,0,138,223,0,1,289,532,373,-484,4,下位,0,289,113
969,969,0,42,11,0,0,0,1258,275,-2125,2,下位,0,0,0
969,969,0,95,214,0,1,969,1258,275,-2125,2,下位,0,969,63
569,569,0,125,168,1,0,0,0,0,1,0,下位,0,0,0
583,583,0,94,151,0,0,0,569,220,-697,2,下位,0,0,0
57,57,0,139,153,0,0,0,583,203,-1434,2,下位,0,0,0
222,222,0,125,243,1,0,0,0,0,1,0,下位,0,0,0
241,241,0,87,166,0,0,0,222,295,-62,3,下位,0,0,0
342,342,0,42,9,0,0,0,241,218,-233,1,下位,0,0,0
182,182,0,116,105,0,1,342,241,218,-233,1,下位,0,342,61
192,192,0,145,274,0,0,0,524,157,-861,2,下位,0,0,0
191,191,0,92,218,1,0,0,0,0,1,0,下位,0,0,0
648,648,0,1082,5754,0,0,0,191,270,-37,2,下位,0,0,0
114,114,0,42,9,0,0,0,648,5806,759,10,上位,0,0,0
302,302,0,186,308,0,1,114,648,5806,759,10,上位,0,114,61
47,47,0,92,65,1,0,0,0,0,1,0,下位,0,0,0
70,70,0,42,5,0,0,0,47,117,42,2,下位,0,0,0
741,741,0,91,75,0,1,70,47,117,42,2,下位,0,70,57
332,332,0,68,105,0,0,0,811,127,-1082,2,下位,0,0,0
975,975,0,73,32,1,0,0,0,0,1,0,下位,0,0,0
267,267,0,74,105,0,0,0,975,84,-1488,1,下位,0,0,0
155,155,0,887,4044,1,0,0,0,0,1,0,下位,0,0,0
260,260,0,917,4273,1,0,0,0,0,1,0,下位,0,0,0
538,538,0,42,9,0,0,0,260,4325,767,10,上位,0,0,0
968,968,0,82,157,0,1,538,260,4325,767,10,上位,0,538,61
963,963,0,104,208,1,0,0,0,0,1,0,下位,0,0,0
974,974,0,130,309,1,0,0,0,0,1,0,下位,0,0,0
254,254,0,67,110,0,0,0,974,361,-1209,3,下位,0,0,0
949,949,0,50,55,0,0,0,254,162,-1457,1,下位,0,0,0
204,204,0,98,133,0,1,949,254,162,-1457,1,下位,0,949,107
340,340,0,68,114,0,0,0,1153,185,-3025,1,下位,0,0,0
271,271,0,74,35,1,0,0,0,0,1,0,下位,0,0,0
746,746,0,75,97,0,0,0,271,87,-349,1,下位,0,0,0
295,295,0,42,7,0,0,0,746,149,-1403,1,下位,0,0,0
226,226,0,106,285,0,1,295,746,149,-1403,1,下位,0,295,59
706,706,0,79,175,1,0,0,0,0,1,0,下位,0,0,0
279,279,0,1064,5212,0,0,0,706,227,-911,1,下位,0,0,0
350,350,0,42,7,1,0,0,0,0,1,0,下位,0,0,0
769,769,0,121,178,1,1,350,0,0,1,0,下位,0,350,59
72,72,0,42,5,0,0,0,1119,230,-1515,3,下位,0,0,0
158,158,0,77,96,0,1,72,1119,230,-1515,3,下位,0,72,57
350,350,0,140,154,0,0,0,230,148,-1681,1,下位,0,0,0
293,293,0,41,2,0,0,0,350,206,-2040,2,下位,0,0,0
49,49,0,102,114,0,1,293,350,206,-2040,2,下位,0,293,54
301,301,0,104,138,0,0,0,342,166,-2372,2,下位,0,0,0
964,964,0,40,-5,0,0,0,301,190,-2667,1,下位,0,0,0
769,769,0,90,87,0,1,964,301,190,-2667,1,下位,0,964,47
669,669,0,59,59,0,0,0,1733,139,-5276,2,下位,0,0,0
221,221,0,165,244,0,0,0,669,111,-6244,1,下位,0,0,0
456,456,0,52,67,1,0,0,0,0,1,0,下位,0,0,0
338,338,0,68,114,1,1,456,0,0,1,0,下位,0,456,119
455,455,0,60,51,0,0,0,794,166,-994,1,下位,0,0,0
150,150,0,60,55,1,0,0,0,0,1,0,下位,0,0,0
820,820,0,70,109,0,0,0,150,107,-134,1,下位,0,0,0
664,664,0,51,61,0,0,0,820,161,-1296,1,下位,0,0,0
581,581,0,145,287,0,1,664,820,161,-1296,1,下位,0,664,113
262,262,0,176,312,0,0,0,1245,339,-2852,3,下位,0,0,0
967,967,0,82,92,0,0,0,262,364,-2911,4,下位,0,0,0
186,186,0,121,180,0,0,0,967,144,-4327,1,下位,0,0,0
239,239,0,52,65,0,0,0,186,232,-4395,3,下位,0,0,0
280,280,0,144,362,0,1,239,186,232,-4395,3,下位,0,239,117
123,123,0,42,11,1,0,0,0,0,1,0,下位,0,0,0
950,950,0,83,87,1,1,123,0,0,1,0,下位,0,123,63
493,493,0,108,115,0,0,0,1073,139,-1527,1,下位,0,0,0
270,270,0,90,155,0,0,0,493,167,-2155,2,下位,0,0,0
223,223,0,42,7,0,0,0,270,207,-2383,1,下位,0,0,0
129,129,0,152,249,0,1,223,270,207,-2383,1,下位,0,223,59
867,867,0,94,143,0,0,0,352,301,-2591,3,下位,0,0,0
370,370,0,106,132,1,0,0,0,0,1,0,下位,0,0,0
761,761,0,106,191,0,0,0,370,184,-412,2,下位,0,0,0
325,325,0,66,36,0,0,0,761,243,-1396,2,下位,0,0,0
261,261,0,51,63,0,0,0,325,88,-1832,1,下位,0,0,0
947,947,0,100,220,0,1,261,325,88,-1832,1,下位,0,261,115
103,103,0,63,48,0,0,0,1208,272,-3393,2,下位,0,0,0
111,111,0,226,204,1,0,0,0,0,1,0,下位,0,0,0
906,906,0,70,37,0,0,0,111,256,78,6,下位,0,0,0
324,324,0,1322,6381,0,0,0,906,89,-1294,1,下位,0,0,0
167,167,0,95,134,1,0,0,0,0,1,0,下位,0,0,0
965,965,0,42,7,0,0,0,167,186,-82,2,下位,0,0,0
359,359,0,52,67,0,1,965,167,186,-82,2,下位,0,965,59
223,223,0,42,11,0,2,1324,167,186,-82,2,下位,0,359,119
189,189,0,1060,5014,0,3,1547,167,186,-82,2,下位,0,223,63
942,942,0,81,82,1,0,0,0,0,1,0,下位,0,0,0
53,53,0,52,65,0,0,0,942,134,-1384,1,下位,0,0,0
737,737,0,119,179,0,1,53,942,134,-1384,1,下位,0,53,117
675,675,0,56,42,0,0,0,790,231,-2310,2,下位,0,0,0
200,200,0,113,192,0,0,0,675,94,-3305,1,下位,0,0,0
541,541,0,78,98,1,0,0,0,0,1,0,下位,0,0,0
277,277,0,150,282,0,0,0,541,150,-722,1,下位,0,0,0
282,282,0,95,139,0,0,0,277,334,-835,4,下位,0,0,0
282,282,0,929,4610,0,0,0,282,191,-1099,2,下位,0,0,0
969,969,0,42,11,0,0,0,282,4662,773,9,上位,0,0,0
392,392,0,98,221,0,1,969,282,4662,773,9,上位,0,969,63
599,599,0,42,9,1,0,0,0,0,1,0,下位,0,0,0
837,837,0,118,177,1,1,599,0,0,1,0,下位,0,599,61
250,250,0,92,82,0,0,0,1436,229,-2025,3,下位,0,0,0
729,729,0,96,122,1,0,0,0,0,1,0,下位,0,0,0
171,171,0,1119,5867,0,0,0,729,174,-1001,2,下位,0,0,0
367,367,0,135,165,0,0,0,171,5919,759,11,上位,0,0,0
729,729,0,42,6,0,0,0,367,217,384,3,下位,0,0,0
495,495,0,134,130,0,1,729,367,217,384,3,下位,0,729,58
552,552,0,965,4773,1,0,0,0,0,1,0,下位,0,0,0
537,537,0,86,158,1,0,0,0,0,1,0,下位,0,0,0
238,238,0,1004,4889,0,0,0,537,210,-655,2,下位,0,0,0
12,12,0,68,37,1,0,0,0,0,1,0,下位,0,0,0
796,796,0,42,7,0,0,0,12,89,71,1,下位,0,0,0
142,142,0,140,207,0,1,796,12,89,71,1,下位,0,796,59
142,142,0,82,92,1,0,0,0,0,1,0,下位,0,0,0
328,328,0,976,4496,0,0,0,142,144,-84,1,下位,0,0,0
155,155,0,68,105,0,0,0,328,4548,753,10,上位,0,0,0
976,976,0,88,66,0,0,0,155,157,660,1,下位,0,0,0
313,313,0,98,137,0,0,0,976,118,-796,1,下位,0,0,0
231,231,0,86,169,0,0,0,313,189,-1112,2,下位,0,0,0
390,390,0,158,186,0,0,0,231,221,-1264,2,下位,0,0,0
123,123,0,1279,6557,0,0,0,390,238,-1655,3,下位,0,0,0
120,120,0,101,62,1,0,0,0,0,1,0,下位,0,0,0
704,704,0,68,111,1,0,0,0,0,1,0,下位,0,0,0
393,393,0,84,85,0,0,0,704,163,-971,1,下位,0,0,0
505,505,0,1227,6124,0,0,0,393,137,-1468,1,下位,0,0,0
63,63,0,51,61,0,0,0,505,6176,777,10,上位,0,0,0
226,226,0,52,65,0,1,63,505,6176,777,10,上位,0,63,113
294,294,0,105,193,0,2,289,505,6176,777,10,上位,0,226,117
226,226,0,95,64,1,0,0,0,0,1,0,下位,0,0,0
224,224,0,1495,7526,0,0,0,226,116,-248,2,下位,0,0,0
280,280,0,130,288,0,0,0,224,7578,763,14,上位,0,0,0
208,208,0,99,137,0,0,0,280,340,651,3,下位,0,0,0
256,256,0,813,3719,0,0,0,208,189,505,1,下位,0,0,0
455,455,0,116,100,1,0,0,0,0,1,0,下位,0,0,0
565,565,0,112,115,1,0,0,0,0,1,0,下位,0,0,0
101,101,0,134,143,0,0,0,565,167,-743,2,下位,0,0,0
366,366,0,69,9,0,0,0,101,195,-711,3,下位,0,0,0
409,409,0,142,283,0,0,0,366,61,-1240,1,下位,0,0,0
367,367,0,152,272,1,0,0,0,0,1,0,下位,0,0,0
127,127,0,178,231,0,0,0,367,324,-267,4,下位,0,0,0
546,546,0,140,265,0,0,0,127,283,-189,4,下位,0,0,0
10,10,0,102,124,1,0,0,0,0,1,0,下位,0,0,0
919,919,0,181,235,0,0,0,10,176,161,1,下位,0,0,0
156,156,0,52,69,0,0,0,919,287,-1034,4,下位,0,0,0
375,375,0,1066,5538,0,1,156,919,287,-1034,4,下位,0,156,121
388,388,0,162,260,0,0,0,531,5590,766,11,上位,0,0,0
241,241,0,52,67,0,0,0,388,312,452,3,下位,0,0,0
246,246,0,81,94,0,1,241,388,312,452,3,下位,0,241,119
131,131,0,42,11,0,0,0,487,146,-69,1,下位,0,0,0
598,598,0,210,331,0,1,131,487,146,-69,1,下位,0,131,63
645,645,0,168,401,1,0,0,0,0,1,0,下位,0,0,0
801,801,0,52,65,0,0,0,645,453,-586,4,下位,0,0,0
410,410,0,103,127,0,1,801,645,453,-586,4,下位,0,801,117
325,325,0,69,119,0,0,0,1211,179,-2243,1,下位,0,0,0
926,926,0,119,111,0,0,0,325,171,-2596,1,下位,0,0,0
151,151,0,52,67,0,0,0,926,163,-3927,2,下位,0,0,0
344,344,0,42,9,0,1,151,926,163,-3927,2,下位,0,151,119
482,482,0,52,67,0,2,495,926,163,-3927,2,下位,0,344,61
650,650,0,42,9,0,3,977,926,163,-3927,2,下位,0,482,119
286,286,0,52,69,0,4,1627,926,163,-3927,2,下位,0,650,61
836,836,0,200,268,0,5,1913,926,163,-3927,2,下位,0,286,121
412,412,0,910,4461,1,0,0,0,0,1,0,下位,0,0,0
546,546,0,52,65,0,0,0,412,4513,744,8,上位,0,0,0
186,186,0,42,9,0,1,546,412,4513,744,8,上位,0,546,117
211,211,0,82,92,0,2,732,412,4513,744,8,上位,0,186,61
446,446,0,65,39,0,0,0,943,144,-455,1,下位,0,0,0
688,688,0,120,110,0,0,0,446,91,-1083,1,下位,0,0,0
779,779,0,51,61,0,0,0,688,162,-2031,3,下位,0,0,0
378,378,0,42,5,0,1,779,688,162,-2031,3,下位,0,779,113
672,672,0,1051,5121,0,2,1157,688,162,-2031,3,下位,0,378,57
142,142,0,52,71,0,0,0,1829,5173,362,10,上位,0,0,0
138,138,0,62,122,0,1,142,1829,5173,362,10,上位,0,142,123
825,825,0,104,110,1,0,0,0,0,1,0,下位,0,0,0
119,119,0,76,24,0,0,0,825,162,-1168,3,下位,0,0,0
805,805,0,106,280,0,0,0,119,76,-1284,1,下位,0,0,0
841,841,0,129,235,0,0,0,805,332,-2250,2,下位,0,0,0
783,783,0,57,50,0,0,0,841,287,-3319,3,下位,0,0,0
235,235,0,114,264,0,0,0,783,102,-4480,1,下位,0,0,0
112,112,0,121,108,0,0,0,235,316,-4543,3,下位,0,0,0
723,723,0,42,9,0,0,0,112,160,-4564,2,下位,0,0,0
162,162,0,52,71,0,1,723,112,160,-4564,2,下位,0,723,61
971,971,0,42,5,0,2,885,112,160,-4564,2,下位,0,162,123
733,733,0,70,31,0,3,1856,112,160,-4564,2,下位,0,971,57
203,203,0,114,192,0,0,0,2589,83,-8415,1,下位,0,0,0
871,871,0,104,213,1,0,0,0,0,1,0,下位,0,0,0
464,464,0,71,108,0,0,0,871,265,-1139,3,下位,0,0,0
165,165,0,194,342,0,0,0,464,160,-1727,1,下位,0,0,0
176,176,0,52,65,0,0,0,165,394,-1599,5,下位,0,0,0
141,141,0,97,208,0,1,176,165,394,-1599,5,下位,0,176,117
347,347,0,42,5,0,0,0,317,260,-1733,2,下位,0,0,0
258,258,0,86,153,0,1,347,317,260,-1733,2,下位,0,347,57
205,205,0,170,332,0,0,0,605,205,-2447,2,下位,0,0,0
218,218,0,66,110,0,0,0,205,384,-2394,5,下位,0,0,0
785,785,0,91,150,0,0,0,218,162,-2584,1,下位,0,0,0
297,297,0,91,83,0,0,0,785,202,-3648,1,下位,0,0,0
221,221,0,90,151,0,0,0,297,135,-3992,1,下位,0,0,0
256,256,0,103,200,0,0,0,221,203,-4145,1,下位,0,0,0
968,968,0,1605,8104,0,0,0,256,252,-4306,2,下位,0,0,0
38,38,0,122,176,1,0,0,0,0,1,0,下位,0,0,0
973,973,0,102,72,0,0,0,38,228,168,2,下位,0,0,0
445,445,0,59,59,1,0,0,0,0,1,0,下位,0,0,0
370,370,0,66,37,0,0,0,445,111,-606,1,下位,0,0,0
627,627,0,42,7,0,0,0,370,89,-1114,1,下位,0,0,0
92,92,0,64,127,0,1,627,370,89,-1114,1,下位,0,627,59
920,920,0,111,120,0,0,0,719,179,-2035,1,下位,0,0,0
273,273,0,77,91,1,0,0,0,0,1,0,下位,0,0,0
729,729,0,139,293,1,0,0,0,0,1,0,下位,0,0,0
965,965,0,70,103,0,0,0,729,345,-830,3,下位,0,0,0
384,384,0,77,178,0,0,0,965,155,-2231,1,下位,0,0,0
952,952,0,84,166,0,0,0,384,230,-2620,1,下位,0,0,0
660,660,0,118,107,1,0,0,0,0,1,0,下位,0,0,0
127,127,0,85,151,0,0,0,660,159,-905,2,下位,0,0,0
165,165,0,83,156,0,0,0,127,203,-907,2,下位,0,0,0
500,500,0,142,196,0,0,0,165,208,-965,2,下位,0,0,0
138,138,0,68,114,0,0,0,500,248,-1523,2,下位,0,0,0
795,795,0,197,267,1,0,0,0,0,1,0,下位,0,0,0
699,699,0,52,60,0,0,0,795,319,-962,5,下位,0,0,0
95,95,0,42,9,0,0,0,699,112,-1977,1,下位,0,0,0
123,123,0,1196,6096,0,1,95,699,112,-1977,1,下位,0,95,61
201,201,0,52,69,0,0,0,218,6148,763,11,上位,0,0,0
271,271,0,108,113,0,1,201,218,6148,763,11,上位,0,201,121
656,656,0,118,107,1,0,0,0,0,1,0,下位,0,0,0
913,913,0,103,137,0,0,0,656,159,-898,2,下位,0,0,0
410,410,0,72,36,0,0,0,913,189,-2182,2,下位,0,0,0
502,502,0,42,9,0,0,0,410,88,-2755,1,下位,0,0,0
596,596,0,76,26,0,1,502,410,88,-2755,1,下位,0,502,61
963,963,0,1448,7485,0,0,0,1098,78,-4387,1,下位,0,0,0
336,336,0,115,106,1,0,0,0,0,1,0,下位,0,0,0
907,907,0,68,113,0,0,0,336,158,-383,2,下位,0,0,0
94,94,0,42,9,0,0,0,907,165,-1681,1,下位,0,0,0
178,178,0,1223,5853,0,1,94,907,165,-1681,1,下位,0,94,61
33,33,0,76,109,1,0,0,0,0,1,0,下位,0,0,0
56,56,0,804,3818,0,0,0,33,161,109,1,下位,0,0,0
102,102,0,88,168,0,0,0,56,3870,749,6,上位,0,0,0
140,140,0,52,68,1,0,0,0,0,1,0,下位,0,0,0
128,128,0,108,192,1,1,140,0,0,1,0,下位,0,140,120
195,195,0,211,255,0,0,0,268,244,-67,2,下位,0,0,0
312,312,0,93,72,1,0,0,0,0,1,0,下位,0,0,0
159,159,0,83,79,0,0,0,312,124,-378,1,下位,0,0,0
963,963,0,130,167,0,0,0,159,131,-503,1,下位,0,0,0
147,147,0,42,7,1,0,0,0,0,1,0,下位,0,0,0
900,900,0,99,144,1,1,147,0,0,1,0,下位,0,147,59
95,95,0,74,101,0,0,0,1047,196,-1433,1,下位,0,0,0
900,900,0,69,29,0,0,0,95,153,-1433,1,下位,0,0,0
597,597,0,116,264,1,0,0,0,0,1,0,下位,0,0,0
969,969,0,42,7,0,0,0,597,316,-646,3,下位,0,0,0
569,569,0,51,63,0,1,969,597,316,-646,3,下位,0,969,59
270,270,0,1419,7256,0,2,1538,597,316,-646,3,下位,0,569,115
445,445,0,984,4588,1,0,0,0,0,1,0,下位,0,0,0
879,879,0,92,150,0,0,0,445,4640,751,10,上位,0,0,0
711,711,0,120,184,0,0,0,879,202,-465,1,下位,0,0,0
849,849,0,136,62,1,0,0,0,0,1,0,下位,0,0,0
964,964,0,102,124,0,0,0,849,114,-1254,3,下位,0,0,0
250,250,0,883,4259,1,0,0,0,0,1,0,下位,0,0,0
194,194,0,74,29,1,0,0,0,0,1,0,下位,0,0,0
235,235,0,42,11,0,0,0,194,81,-231,1,下位,0,0,0
749,749,0,104,132,0,1,235,194,81,-231,1,下位,0,235,63
35,35,0,41,1,0,0,0,984,184,-1571,2,下位,0,0,0
915,915,0,66,106,0,1,35,984,184,-1571,2,下位,0,35,53
607,607,0,164,185,0,0,0,950,158,-2892,1,下位,0,0,0
677,677,0,185,289,1,0,0,0,0,1,0,下位,0,0,0
698,698,0,92,149,0,0,0,677,341,-750,5,下位,0,0,0
669,669,0,103,132,0,0,0,698,201,-1675,2,下位,0,0,0
181,181,0,75,107,1,0,0,0,0,1,0,下位,0,0,0
295,295,0,917,4460,0,0,0,181,159,-132,1,下位,0,0,0
346,346,0,128,237,0,0,0,295,4512,759,9,上位,0,0,0
68,68,0,52,65,0,0,0,346,289,490,2,下位,0,0,0
369,369,0,106,123,0,1,68,346,289,490,2,下位,0,68,117
119,119,0,143,296,0,0,0,437,175,77,2,下位,0,0,0
679,679,0,1124,5689,1,0,0,0,0,1,0,下位,0,0,0
389,389,0,100,139,0,0,0,679,5741,759,10,上位,0,0,0
413,413,0,64,47,1,0,0,0,0,1,0,下位,0,0,0
285,285,0,131,156,0,0,0,413,99,-566,1,下位,0,0,0
226,226,0,51,63,0,0,0,285,208,-818,3,下位,0,0,0
280,280,0,134,299,0,1,226,285,208,-818,3,下位,0,226,115
270,270,0,71,25,0,0,0,506,351,-1169,4,下位,0,0,0
184,184,0,57,60,0,0,0,270,77,-1527,1,下位,0,0,0
964,964,0,173,387,0,0,0,184,112,-1712,1,下位,0,0,0
293,293,0,162,341,0,0,0,964,439,-2828,4,下位,0,0,0
899,899,0,1106,5302,1,0,0,0,0,1,0,下位,0,0,0
301,301,0,184,372,0,0,0,899,5354,757,12,上位,0,0,0
655,655,0,138,147,0,0,0,301,424,696,5,下位,0,0,0
941,941,0,161,408,0,0,0,655,199,-161,2,下位,0,0,0
510,510,0,70,119,0,0,0,941,460,-1219,5,下位,0,0,0
769,769,0,92,222,1,0,0,0,0,1,0,下位,0,0,0
220,220,0,146,359,1,0,0,0,0,1,0,下位,0,0,0
269,269,0,127,183,0,0,0,220,411,57,4,下位,0,0,0
79,79,0,808,4099,0,0,0,269,235,-142,3,下位,0,0,0
76,76,0,68,109,0,0,0,79,4151,752,6,上位,0,0,0
148,148,0,94,78,1,0,0,0,0,1,0,下位,0,0,0
932,932,0,42,8,0,0,0,148,130,-108,1,下位,0,0,0
192,192,0,141,215,0,1,932,148,130,-108,1,下位,0,932,60
301,301,0,81,158,0,0,0,1124,267,-1594,3,下位,0,0,0
160,160,0,69,111,0,0,0,301,210,-1869,1,下位,0,0,0
811,811,0,195,279,1,0,0,0,0,1,0,下位,0,0,0
964,964,0,99,138,0,0,0,811,331,-976,4,下位,0,0,0
598,598,0,79,17,1,0,0,0,0,1,0,下位,0,0,0
57,57,0,109,272,0,0,0,598,69,-895,1,下位,0,0,0
659,659,0,94,226,0,0,0,57,324,-663,3,下位,0,0,0
615,615,0,137,296,0,0,0,659,278,-1448,2,下位,0,0,0
574,574,0,124,153,0,0,0,615,348,-2092,3,下位,0,0,0
600,600,0,78,18,1,0,0,0,0,1,0,下位,0,0,0
876,876,0,116,269,0,0,0,600,70,-897,1,下位,0,0,0
625,625,0,1025,4820,1,0,0,0,0,1,0,下位,0,0,0
119,119,0,128,236,0,0,0,625,4872,761,10,上位,0,0,0
968,968,0,156,343,0,0,0,119,288,857,3,下位,0,0,0
335,335,0,94,141,0,0,0,968,395,-309,5,下位,0,0,0
371,371,0,52,69,0,0,0,335,193,-656,1,下位,0,0,0
284,284,0,975,4686,0,1,371,335,193,-656,1,下位,0,371,121
725,725,0,116,318,1,0,0,0,0,1,0,下位,0,0,0
625,625,0,142,226,0,0,0,725,370,-798,4,下位,0,0,0
313,313,0,52,69,1,0,0,0,0,1,0,下位,0,0,0
326,326,0,88,83,1,1,313,0,0,1,0,下位,0,313,121
215,215,0,1057,4878,0,0,0,639,135,-774,2,下位,0,0,0
372,372,0,116,118,1,0,0,0,0,1,0,下位,0,0,0
66,66,0,847,4412,0,0,0,372,170,-429,2,下位,0,0,0
650,650,0,94,72,1,0,0,0,0,1,0,下位,0,0,0
218,218,0,61,53,0,0,0,650,124,-923,1,下位,0,0,0
871,871,0,168,328,0,0,0,218,105,-1170,1,下位,0,0,0
691,691,0,1489,7241,1,0,0,0,0,1,0,下位,0,0,0
723,723,0,662,2812,0,0,0,691,7293,760,14,上位,0,0,0
107,107,0,77,96,0,0,0,723,2864,755,7,上位,0,0,0
98,98,0,1384,7045,1,0,0,0,0,1,0,下位,0,0,0
967,967,0,113,252,0,0,0,98,7097,768,12,上位,0,0,0
966,966,0,112,255,0,0,0,967,304,-488,2,下位,0,0,0
977,977,0,74,103,1,0,0,0,0,1,0,下位,0,0,0
133,133,0,68,105,0,0,0,977,155,-1420,1,下位,0,0,0
199,199,0,1450,7137,0,0,0,133,157,-1478,1,下位,0,0,0
916,916,0,88,160,0,0,0,199,7189,747,13,上位,0,0,0
683,683,0,92,141,1,0,0,0,0,1,0,下位,0,0,0
705,705,0,73,32,0,0,0,683,193,-908,1,下位,0,0,0
247,247,0,96,139,0,0,0,705,84,-1961,1,下位,0,0,0
432,432,0,957,4564,1,0,0,0,0,1,0,下位,0,0,0
221,221,0,115,190,0,0,0,432,4616,759,8,上位,0,0,0
631,631,0,51,63,0,0,0,221,242,645,2,下位,0,0,0
565,565,0,42,9,0,1,631,221,242,645,2,下位,0,631,115
966,966,0,67,88,0,2,1196,221,242,645,2,下位,0,565,61
91,91,0,120,156,0,0,0,2162,140,-2526,1,下位,0,0,0
783,783,0,64,41,1,0,0,0,0,1,0,下位,0,0,0
195,195,0,115,245,0,0,0,783,93,-1169,1,下位,0,0,0
20,20,0,41,1,1,0,0,0,0,1,0,下位,0,0,0
53,53,0,69,28,1,1,20,0,0,1,0,下位,0,20,53
240,240,0,123,84,0,0,0,73,80,17,1,下位,0,0,0
490,490,0,57,42,0,0,0,240,136,-234,2,下位,0,0,0
239,239,0,87,131,0,0,0,490,94,-930,1,下位,0,0,0
210,210,0,94,216,0,0,0,239,183,-1132,2,下位,0,0,0
919,919,0,52,71,0,0,0,210,268,-1203,2,下位,0,0,0
362,362,0,125,63,0,1,919,210,268,-1203,2,下位,0,919,123
284,284,0,210,257,0,0,0,1281,115,-3031,3,下位,0,0,0
580,580,0,63,97,1,0,0,0,0,1,0,下位,0,0,0
628,628,0,1252,6419,0,0,0,580,149,-785,1,下位,0,0,0
83,83,0,70,113,1,0,0,0,0,1,0,下位,0,0,0
971,971,0,161,234,0,0,0,83,165,32,1,下位,0,0,0
156,156,0,82,85,0,0,0,971,286,-1248,4,下位,0,0,0
88,88,0,83,87,1,0,0,0,0,1,0,下位,0,0,0
427,427,0,42,11,0,0,0,88,139,-2,1,下位,0,0,0
238,238,0,167,246,0,1,427,88,139,-2,1,下位,0,427,63
697,697,0,42,9,0,0,0,665,298,-714,3,下位,0,0,0
432,432,0,97,200,0,1,697,665,298,-714,3,下位,0,697,61
389,389,0,120,337,0,0,0,1129,252,-2222,2,下位,0,0,0
54,54,0,900,3934,1,0,0,0,0,1,0,下位,0,0,0
598,598,0,42,9,0,0,0,54,3986,750,8,上位,0,0,0
500,500,0,62,46,0,1,598,54,3986,750,8,上位,0,598,61
214,214,0,161,256,0,0,0,1098,98,-862,1,下位,0,0,0
85,85,0,51,63,0,0,0,214,308,-899,4,下位,0,0,0
172,172,0,101,143,0,1,85,214,308,-899,4,下位,0,85,115
412,412,0,72,24,0,0,0,257,195,-1003,1,下位,0,0,0
197,197,0,68,29,1,0,0,0,0,1,0,下位,0,0,0
651,651,0,80,105,0,0,0,197,81,-236,1,下位,0,0,0
562,562,0,64,129,1,0,0,0,0,1,0,下位,0,0,0
970,970,0,104,182,0,0,0,562,181,-724,1,下位,0,0,0
521,521,0,123,177,0,0,0,970,234,-2055,2,下位,0,0,0
963,963,0,42,7,0,0,0,521,229,-2666,2,下位,0,0,0
412,412,0,131,160,0,1,963,521,229,-2666,2,下位,0,963,59
222,222,0,104,206,0,0,0,1375,212,-4613,2,下位,0,0,0
617,617,0,64,52,1,0,0,0,0,1,0,下位,0,0,0
965,965,0,93,143,0,0,0,617,104,-890,1,下位,0,0,0
372,372,0,118,181,0,0,0,965,195,-2251,2,下位,0,0,0
660,660,0,94,74,1,0,0,0,0,1,0,下位,0,0,0
678,678,0,146,291,1,0,0,0,0,1,0,下位,0,0,0
82,82,0,104,129,1,0,0,0,0,1,0,下位,0,0,0
673,673,0,106,133,0,0,0,82,181,50,3,下位,0,0,0
981,981,0,40,-5,0,0,0,673,185,-850,3,下位,0,0,0
170,170,0,1233,6393,0,1,981,673,185,-850,3,下位,0,981,47
453,453,0,77,166,0,0,0,1151,6445,756,11,上位,0,0,0
162,162,0,75,138,0,0,0,453,218,243,1,下位,0,0,0
247,247,0,598,2610,0,0,0,162,190,172,1,下位,0,0,0
102,102,0,62,116,0,0,0,247,2662,730,7,上位,0,0,0
539,539,0,120,182,0,0,0,102,168,733,1,下位,0,0,0
976,976,0,51,63,0,0,0,539,234,98,3,下位,0,0,0
333,333,0,104,170,0,1,976,539,234,98,3,下位,0,976,115
109,109,0,50,56,1,0,0,0,0,1,0,下位,0,0,0
918,918,0,42,9,1,1,109,0,0,1,0,下位,0,109,108
308,308,0,106,60,1,2,1027,0,0,1,0,下位,0,918,61
352,352,0,51,62,0,0,0,1335,112,-1872,2,下位,0,0,0
248,248,0,98,140,0,1,352,1335,112,-1872,2,下位,0,352,114
94,94,0,51,61,1,0,0,0,0,1,0,下位,0,0,0
802,802,0,1033,5202,1,1,94,0,0,1,0,下位,0,94,113
260,260,0,107,193,0,0,0,896,5254,748,11,上位,0,0,0
952,952,0,77,92,1,0,0,0,0,1,0,下位,0,0,0
974,974,0,112,113,0,0,0,952,144,-1390,1,下位,0,0,0
115,115,0,42,11,1,0,0,0,0,1,0,下位,0,0,0
956,956,0,84,122,1,1,115,0,0,1,0,下位,0,115,63
62,62,0,58,25,0,0,0,1071,174,-1489,2,下位,0,0,0
448,448,0,42,7,0,0,0,62,77,-1512,1,下位,0,0,0
318,318,0,150,284,0,1,448,62,77,-1512,1,下位,0,448,59
91,91,0,42,11,1,0,0,0,0,1,0,下位,0,0,0
318,318,0,58,58,1,1,91,0,0,1,0,下位,0,91,63
955,955,0,148,205,0,0,0,409,110,-486,1,下位,0,0,0
273,273,0,105,191,0,0,0,955,257,-1769,3,下位,0,0,0
166,166,0,130,153,0,0,0,273,243,-1966,2,下位,0,0,0
235,235,0,42,9,0,0,0,166,205,-2029,3,下位,0,0,0
842,842,0,51,61,0,1,235,166,205,-2029,3,下位,0,235,61
575,575,0,101,148,0,2,1077,166,205,-2029,3,下位,0,842,113
342,342,0,182,379,1,0,0,0,0,1,0,下位,0,0,0
975,975,0,196,351,0,0,0,342,431,-120,6,下位,0,0,0
890,890,0,70,167,0,0,0,975,403,-1290,5,下位,0,0,0
951,951,0,103,217,0,0,0,890,219,-2506,1,下位,0,0,0
967,967,0,152,216,0,0,0,951,269,-3771,2,下位,0,0,0
302,302,0,64,51,1,0,0,0,0,1,0,下位,0,0,0
166,166,0,94,78,0,0,0,302,103,-383,1,下位,0,0,0
749,749,0,94,80,0,0,0,166,130,-521,1,下位,0,0,0
341,341,0,143,290,0,0,0,749,132,-1597,2,下位,0,0,0
649,649,0,955,4894,1,0,0,0,0,1,0,下位,0,0,0
489,489,0,78,96,0,0,0,649,4946,762,10,上位,0,0,0
692,692,0,209,310,1,0,0,0,0,1,0,下位,0,0,0
276,276,0,150,210,1,0,0,0,0,1,0,下位,0,0,0
364,364,0,80,83,0,0,0,276,262,-182,3,下位,0,0,0
844,844,0,58,55,0,0,0,364,135,-634,2,下位,0,0,0
128,128,0,52,67,0,0,0,844,107,-1888,1,下位,0,0,0
385,385,0,73,95,0,1,128,844,107,-1888,1,下位,0,128,119
692,692,0,106,186,1,0,0,0,0,1,0,下位,0,0,0
33,33,0,119,233,1,0,0,0,0,1,0,下位,0,0,0
263,263,0,131,158,0,0,0,33,285,233,3,下位,0,0,0
259,259,0,52,67,0,0,0,263,210,19,2,下位,0,0,0
241,241,0,904,4533,0,1,259,263,210,19,2,下位,0,259,119
803,803,0,77,153,1,0,0,0,0,1,0,下位,0,0,0
456,456,0,131,242,0,0,0,803,205,-1089,2,下位,0,0,0
941,941,0,73,98,0,0,0,456,294,-1530,2,下位,0,0,0
289,289,0,108,200,0,0,0,941,150,-2898,2,下位,0,0,0
279,279,0,52,67,0,0,0,289,252,-3112,2,下位,0,0,0
724,724,0,42,9,0,1,279,289,252,-3112,2,下位,0,279,119
253,253,0,69,117,0,2,1003,289,252,-3112,2,下位,0,724,61
889,889,0,206,312,1,0,0,0,0,1,0,下位,0,0,0
164,164,0,93,140,0,0,0,889,364,-1069,6,下位,0,0,0
781,781,0,100,133,0,0,0,164,192,-1142,1,下位,0,0,0
40,40,0,85,95,0,0,0,781,185,-2217,1,下位,0,0,0
310,310,0,51,61,0,0,0,40,147,-2135,1,下位,0,0,0
200,200,0,136,233,0,1,310,40,147,-2135,1,下位,0,310,113
94,94,0,1374,7435,0,0,0,510,285,-2560,3,下位,0,0,0
257,257,0,64,39,1,0,0,0,0,1,0,下位,0,0,0
200,200,0,132,235,0,0,0,257,91,-323,1,下位,0,0,0
59,59,0,62,121,0,0,0,200,287,-359,3,下位,0,0,0
273,273,0,94,71,0,0,0,59,173,-281,1,下位,0,0,0
117,117,0,94,137,0,0,0,273,123,-598,2,下位,0,0,0
359,359,0,51,63,0,0,0,117,189,-598,1,下位,0,0,0
973,973,0,110,191,0,1,359,117,189,-598,1,下位,0,359,115
284,284,0,52,65,0,0,0,1332,243,-2388,2,下位,0,0,0
225,225,0,69,113,0,1,284,1332,243,-2388,2,下位,0,284,117
257,257,0,75,101,0,0,0,509,165,-2927,1,下位,0,0,0
373,373,0,78,160,0,0,0,257,153,-3189,1,下位,0,0,0
700,700,0,1030,4941,1,0,0,0,0,1,0,下位,0,0,0
235,235,0,151,346,1,0,0,0,0,1,0,下位,0,0,0
329,329,0,74,113,0,0,0,235,398,20,3,下位,0,0,0
291,291,0,90,141,0,0,0,329,165,-346,1,下位,0,0,0
978,978,0,41,1,0,0,0,291,193,-622,1,下位,0,0,0
965,965,0,124,181,0,1,978,291,193,-622,1,下位,0,978,53
276,276,0,98,115,0,0,0,1943,233,-3469,2,下位,0,0,0
92,92,0,120,186,1,0,0,0,0,1,0,下位,0,0,0
717,717,0,71,98,0,0,0,92,238,91,2,下位,0,0,0
500,500,0,131,228,1,0,0,0,0,1,0,下位,0,0,0
56,56,0,52,67,0,0,0,500,280,-525,3,下位,0,0,0
811,811,0,90,138,0,1,56,500,280,-525,3,下位,0,56,119
43,43,0,120,111,1,0,0,0,0,1,0,下位,0,0,0
963,963,0,111,126,0,0,0,43,163,95,2,下位,0,0,0
966,966,0,70,35,0,0,0,963,178,-1280,2,下位,0,0,0
965,965,0,85,162,0,0,0,966,87,-2751,1,下位,0,0,0
428,428,0,52,65,1,0,0,0,0,1,0,下位,0,0,0
205,205,0,1127,5502,1,1,428,0,0,1,0,下位,0,428,117
194,194,0,51,63,0,0,0,633,5554,758,9,上位,0,0,0
949,949,0,52,69,0,1,194,633,5554,758,9,上位,0,194,115
382,382,0,41,3,0,2,1143,633,5554,758,9,上位,0,949,121
309,309,0,42,9,0,3,1525,633,5554,758,9,上位,0,382,55
355,355,0,103,198,0,4,1834,633,5554,758,9,上位,0,309,61
101,101,0,116,192,0,0,0,2189,250,-2171,2,下位,0,0,0
981,981,0,201,333,0,0,0,101,244,-2090,2,下位,0,0,0
246,246,0,81,164,0,0,0,981,385,-3287,5,下位,0,0,0
936,936,0,114,178,0,0,0,246,216,-3468,1,下位,0,0,0
814,814,0,102,44,1,0,0,0,0,1,0,下位,0,0,0
337,337,0,51,62,0,0,0,814,96,-1216,2,下位,0,0,0
278,278,0,150,279,0,1,337,814,96,-1216,2,下位,0,337,114
972,972,0,81,95,0,0,0,615,331,-1763,3,下位,0,0,0
964,964,0,70,107,0,0,0,972,147,-3184,1,下位,0,0,0
278,278,0,1528,8050,0,0,0,964,159,-4580,1,下位,0,0,0
693,693,0,148,284,1,0,0,0,0,1,0,下位,0,0,0
189,189,0,90,78,0,0,0,693,336,-781,4,下位,0,0,0
248,248,0,116,179,1,0,0,0,0,1,0,下位,0,0,0
188,188,0,1474,7370,0,0,0,248,231,-168,2,下位,0,0,0
832,832,0,75,109,1,0,0,0,0,1,0,下位,0,0,0
736,736,0,52,65,0,0,0,832,161,-1180,1,下位,0,0,0
212,212,0,51,61,0,1,736,832,161,-1180,1,下位,0,736,117
544,544,0,160,343,0,2,948,832,161,-1180,1,下位,0,212,113
190,190,0,57,52,1,0,0,0,0,1,0,下位,0,0,0
306,306,0,86,84,0,0,0,190,104,-201,1,下位,0,0,0
317,317,0,64,119,0,0,0,306,136,-559,1,下位,0,0,0
232,232,0,101,130,0,0,0,317,171,-899,1,下位,0,0,0
338,338,0,74,101,0,0,0,232,182,-1091,2,下位,0,0,0
478,478,0,74,35,1,0,0,0,0,1,0,下位,0,0,0
233,233,0,177,372,0,0,0,478,87,-683,1,下位,0,0,0
95,95,0,1290,6937,0,0,0,233,424,-635,4,下位,0,0,0
272,272,0,67,110,0,0,0,95,6136,764,8,上位,0,0,0
610,610,0,131,159,1,0,0,0,0,1,0,下位,0,0,0
203,203,0,52,67,0,0,0,610,211,-772,2,下位,0,0,0
247,247,0,42,7,0,1,203,610,211,-772,2,下位,0,203,119
267,267,0,165,323,0,2,450,610,211,-772,2,下位,0,247,59
293,293,0,98,142,0,0,0,717,375,-1375,3,下位,0,0,0
303,303,0,58,47,0,0,0,293,194,-1654,1,下位,0,0,0
363,363,0,123,231,1,0,0,0,0,1,0,下位,0,0,0
43,43,0,42,11,0,0,0,363,283,-301,2,下位,0,0,0
465,465,0,42,7,0,1,43,363,283,-301,2,下位,0,43,63
167,167,0,126,183,0,2,508,363,283,-301,2,下位,0,465,59
29,29,0,68,116,1,0,0,0,0,1,0,下位,0,0,0
238,238,0,126,251,0,0,0,29,168,122,1,下位,0,0,0
969,969,0,84,160,0,0,0,238,303,41,3,下位,0,0,0
828,828,0,56,58,0,0,0,969,212,-1310,2,下位,0,0,0
239,239,0,86,77,1,0,0,0,0,1,0,下位,0,0,0
832,832,0,118,187,0,0,0,239,129,-255,2,下位,0,0,0
214,214,0,80,95,0,0,0,832,239,-1358,2,下位,0,0,0
856,856,0,147,193,1,0,0,0,0,1,0,下位,0,0,0
479,479,0,86,220,1,0,0,0,0,1,0,下位,0,0,0
96,96,0,122,110,0,0,0,479,272,-500,2,下位,0,0,0
317,317,0,100,126,0,0,0,96,162,-493,2,下位,0,0,0
164,164,0,154,349,0,0,0,317,178,-826,1,下位,0,0,0
225,225,0,76,99,1,0,0,0,0,1,0,下位,0,0,0
710,710,0,96,133,0,0,0,225,151,-211,2,下位,0,0,0
366,366,0,94,153,1,0,0,0,0,1,0,下位,0,0,0
774,774,0,69,33,1,0,0,0,0,1,0,下位,0,0,0
950,950,0,87,139,0,0,0,774,85,-1162,1,下位,0,0,0
765,765,0,42,11,0,0,0,950,191,-2503,1,下位,0,0,0
968,968,0,141,212,0,1,765,950,191,-2503,1,下位,0,765,63
197,197,0,42,9,0,0,0,1733,264,-4971,2,下位,0,0,0
903,903,0,56,46,0,1,197,1733,264,-4971,2,下位,0,197,61
77,77,0,127,219,1,0,0,0,0,1,0,下位,0,0,0
224,224,0,128,223,0,0,0,77,271,148,2,下位,0,0,0
235,235,0,146,198,0,0,0,224,275,62,2,下位,0,0,0
488,488,0,168,392,0,0,0,235,250,-67,3,下位,0,0,0
966,966,0,111,118,0,0,0,488,444,-410,6,下位,0,0,0
966,966,0,42,5,0,0,0,966,170,-1798,2,下位,0,0,0
302,302,0,128,176,0,1,966,966,170,-1798,2,下位,0,966,57
826,826,0,86,89,0,0,0,1268,228,-3558,3,下位,0,0,0
194,194,0,1776,9456,0,0,0,826,141,-4749,1,下位,0,0,0
769,769,0,170,159,1,0,0,0,0,1,0,下位,0,0,0
848,848,0,82,22,0,0,0,769,211,-1028,3,下位,0,0,0
980,980,0,1528,7720,1,0,0,0,0,1,0,下位,0,0,0
189,189,0,75,23,0,0,0,980,7772,750,13,上位,0,0,0
246,246,0,81,84,0,0,0,189,75,520,1,下位,0,0,0
419,419,0,81,170,1,0,0,0,0,1,0,下位,0,0,0
984,984,0,78,102,0,0,0,419,222,-453,1,下位,0,0,0
196,196,0,131,319,0,0,0,984,154,-1886,1,下位,0,0,0
258,258,0,140,157,0,0,0,196,371,-1831,3,下位,0,0,0
703,703,0,76,98,1,0,0,0,0,1,0,下位,0,0,0
963,963,0,42,7,0,0,0,703,150,-983,1,下位,0,0,0
325,325,0,90,80,0,1,963,703,150,-983,1,下位,0,963,59
221,221,0,42,9,0,0,0,1288,132,-2869,2,下位,0,0,0
282,282,0,66,47,0,1,221,1288,132,-2869,2,下位,0,221,61
344,344,0,128,162,0,0,0,503,99,-3520,1,下位,0,0,0
82,82,0,51,61,0,0,0,344,214,-3861,3,下位,0,0,0
199,199,0,248,290,0,1,82,344,214,-3861,3,下位,0,82,113
294,294,0,83,91,0,0,0,281,342,-3859,6,下位,0,0,0
387,387,0,41,3,0,0,0,294,143,-4190,1,下位,0,0,0
967,967,0,118,187,0,1,387,294,143,-4190,1,下位,0,387,55
126,126,0,131,234,0,0,0,1354,239,-6080,2,下位,0,0,0
255,255,0,98,139,1,0,0,0,0,1,0,下位,0,0,0
966,966,0,52,71,0,0,0,255,191,-219,2,下位,0,0,0
937,937,0,63,50,0,1,966,255,191,-219,2,下位,0,966,123
536,536,0,1166,5462,1,0,0,0,0,1,0,下位,0,0,0
145,145,0,48,41,0,0,0,536,5514,748,11,上位,0,0,0
76,76,0,69,119,0,1,145,536,5514,748,11,上位,0,145,93
291,291,0,52,69,0,0,0,221,171,655,1,下位,0,0,0
819,819,0,96,221,0,1,291,221,171,655,1,下位,0,291,121
167,167,0,90,73,0,0,0,1110,273,-741,2,下位,0,0,0
372,372,0,116,254,0,0,0,167,125,-885,1,下位,0,0,0
886,886,0,69,109,0,0,0,372,306,-1179,3,下位,0,0,0
333,333,0,62,26,1,0,0,0,0,1,0,下位,0,0,0
576,576,0,152,197,0,0,0,333,78,-458,1,下位,0,0,0
577,577,0,84,144,0,0,0,576,249,-1138,2,下位,0,0,0
930,930,0,71,35,0,0,0,577,196,-1873,1,下位,0,0,0
230,230,0,42,9,0,0,0,930,87,-3286,1,下位,0,0,0
659,659,0,109,177,0,1,230,930,87,-3286,1,下位,0,230,61
202,202,0,80,87,0,0,0,889,229,-4430,2,下位,0,0,0
67,67,0,83,96,0,0,0,202,139,-4617,1,下位,0,0,0
337,337,0,163,250,0,0,0,67,148,-4577,1,下位,0,0,0
961,961,0,63,33,0,0,0,337,302,-4819,4,下位,0,0,0
581,581,0,59,49,1,0,0,0,0,1,0,下位,0,0,0
201,201,0,128,163,0,0,0,581,101,-835,1,下位,0,0,0
316,316,0,152,54,0,0,0,201,215,-944,3,下位,0,0,0
969,969,0,127,228,0,0,0,316,106,-1348,3,下位,0,0,0
568,568,0,52,67,0,0,0,969,280,-2631,2,下位,0,0,0
846,846,0,86,87,0,1,568,969,280,-2631,2,下位,0,568,119
588,588,0,60,53,1,0,0,0,0,1,0,下位,0,0,0
348,348,0,67,115,0,0,0,588,105,-842,1,下位,0,0,0
705,705,0,76,109,0,0,0,348,167,-1236,1,下位,0,0,0
332,332,0,110,203,0,0,0,705,161,-2212,1,下位,0,0,0
567,567,0,79,17,0,0,0,332,255,-2492,3,下位,0,0,0
706,706,0,182,317,1,0,0,0,0,1,0,下位,0,0,0
331,331,0,56,67,0,0,0,706,369,-769,4,下位,0,0,0
732,732,0,1312,6915,0,0,0,331,119,-1184,1,下位,0,0,0
766,766,0,101,114,1,0,0,0,0,1,0,下位,0,0,0
169,169,0,1033,5151,0,0,0,766,166,-1068,3,下位,0,0,0
75,75,0,52,65,0,0,0,169,5203,753,9,上位,0,0,0
94,94,0,71,35,0,1,75,169,5203,753,9,上位,0,75,117
212,212,0,80,83,0,0,0,169,87,684,1,下位,0,0,0
151,151,0,116,186,0,0,0,212,135,477,1,下位,0,0,0
337,337,0,76,105,1,0,0,0,0,1,0,下位,0,0,0
37,37,0,877,4243,0,0,0,337,157,-386,1,下位,0,0,0
607,607,0,51,63,0,0,0,37,4295,761,7,上位,0,0,0
205,205,0,52,67,0,1,607,37,4295,761,7,上位,0,607,115
327,327,0,112,52,0,2,812,37,4295,761,7,上位,0,205,119
82,82,0,52,69,0,0,0,1139,104,-738,2,下位,0,0,0
409,409,0,42,9,0,1,82,1139,104,-738,2,下位,0,82,121
799,799,0,105,284,0,2,491,1139,104,-738,2,下位,0,409,61
281,281,0,138,282,1,0,0,0,0,1,0,下位,0,0,0
602,602,0,108,198,1,0,0,0,0,1,0,下位,0,0,0
134,134,0,88,93,0,0,0,602,250,-720,2,下位,0,0,0
944,944,0,122,110,0,0,0,134,145,-791,2,下位,0,0,0
253,253,0,148,206,0,0,0,944,162,-2152,3,下位,0,0,0
233,233,0,86,93,0,0,0,253,258,-2302,3,下位,0,0,0
183,183,0,52,71,0,0,0,233,145,-2533,1,下位,0,0,0
425,425,0,167,342,0,1,183,233,145,-2533,1,下位,0,183,123
169,169,0,1137,5602,0,0,0,608,394,-2996,3,下位,0,0,0
278,278,0,95,143,1,0,0,0,0,1,0,下位,0,0,0
906,906,0,93,82,0,0,0,278,195,-252,1,下位,0,0,0
405,405,0,85,87,0,0,0,906,134,-1579,2,下位,0,0,0
710,710,0,59,59,0,0,0,405,139,-2093,1,下位,0,0,0
386,386,0,52,69,0,0,0,710,111,-3127,1,下位,0,0,0
150,150,0,42,9,0,1,386,710,111,-3127,1,下位,0,386,121
406,406,0,1600,8346,0,2,536,710,111,-3127,1,下位,0,150,61
976,976,0,152,258,1,0,0,0,0,1,0,下位,0,0,0
215,215,0,68,86,0,0,0,976,310,-1263,3,下位,0,0,0
185,185,0,93,140,0,0,0,215,138,-1472,1,下位,0,0,0
969,969,0,75,99,0,0,0,185,192,-1578,2,下位,0,0,0
429,429,0,52,71,0,0,0,969,151,-2990,1,下位,0,0,0
97,97,0,52,65,0,1,429,969,151,-2990,1,下位,0,429,123
76,76,0,41,3,0,2,526,969,151,-2990,1,下位,0,97,117
367,367,0,74,27,0,3,602,969,151,-2990,1,下位,0,76,55
198,198,0,79,175,0,0,0,969,79,-4179,1,下位,0,0,0
763,763,0,140,152,1,0,0,0,0,1,0,下位,0,0,0
360,360,0,78,26,0,0,0,763,204,-1026,3,下位,0,0,0
872,872,0,107,117,0,0,0,360,78,-1529,1,下位,0,0,0
681,681,0,192,244,1,0,0,0,0,1,0,下位,0,0,0
877,877,0,72,175,0,0,0,681,296,-801,4,下位,0,0,0
106,106,0,42,7,0,0,0,877,227,-1989,1,下位,0,0,0
856,856,0,172,370,0,1,106,877,227,-1989,1,下位,0,106,59
492,492,0,64,46,0,0,0,962,422,-3060,5,下位,0,0,0
256,256,0,42,9,1,0,0,0,0,1,0,下位,0,0,0
665,665,0,130,237,1,1,256,0,0,1,0,下位,0,256,61
948,948,0,74,106,0,0,0,921,289,-1135,3,下位,0,0,0
854,854,0,181,359,0,0,0,948,158,-2506,1,下位,0,0,0
489,489,0,102,135,1,0,0,0,0,1,0,下位,0,0,0
320,320,0,90,158,0,0,0,489,187,-601,2,下位,0,0,0
943,943,0,113,177,0,0,0,320,210,-907,2,下位,0,0,0
473,473,0,58,49,0,0,0,943,229,-2199,3,下位,0,0,0
967,967,0,90,236,0,0,0,473,101,-2861,1,下位,0,0,0
349,349,0,116,194,0,0,0,967,288,-4133,2,下位,0,0,0
858,858,0,72,178,1,0,0,0,0,1,0,下位,0,0,0
951,951,0,52,71,0,0,0,858,230,-1153,1,下位,0,0,0
886,886,0,42,5,0,1,951,858,230,-1153,1,下位,0,951,123
153,153,0,42,5,0,2,1837,858,230,-1153,1,下位,0,886,57
155,155,0,89,145,0,3,1990,858,230,-1153,1,下位,0,153,57
211,211,0,159,184,0,0,0,2145,197,-4179,1,下位,0,0,0
288,288,0,146,283,1,0,0,0,0,1,0,下位,0,0,0
460,460,0,163,340,0,0,0,288,335,-129,4,下位,0,0,0
666,666,0,64,37,0,0,0,460,392,-479,3,下位,0,0,0
970,970,0,80,166,0,0,0,666,89,-1464,1,下位,0,0,0
140,140,0,42,11,0,0,0,970,218,-2811,2,下位,0,0,0
252,252,0,170,321,0,1,140,970,218,-2811,2,下位,0,140,63
308,308,0,138,225,0,0,0,392,373,-3007,4,下位,0,0,0
271,271,0,84,91,0,0,0,308,277,-3227,4,下位,0,0,0
181,181,0,150,195,0,0,0,271,143,-3521,1,下位,0,0,0
837,837,0,52,67,0,0,0,181,247,-3566,2,下位,0,0,0
137,137,0,186,303,0,1,837,181,247,-3566,2,下位,0,837,119
215,215,0,66,25,0,0,0,974,355,-4663,4,下位,0,0,0
261,261,0,120,96,1,0,0,0,0,1,0,下位,0,0,0
94,94,0,822,4254,0,0,0,261,148,-272,2,下位,0,0,0
217,217,0,180,318,0,0,0,94,4306,752,6,上位,0,0,0
863,863,0,52,67,0,0,0,217,370,772,5,下位,0,0,0
967,967,0,142,231,0,1,863,217,370,772,5,下位,0,863,119
143,143,0,42,5,0,0,0,1830,283,-1778,3,下位,0,0,0
223,223,0,130,308,0,1,143,1830,283,-1778,3,下位,0,143,57
142,142,0,51,63,0,0,0,366,360,-1952,3,下位,0,0,0
79,79,0,92,62,0,1,142,366,360,-1952,3,下位,0,142,115
302,302,0,70,111,0,0,0,221,114,-2079,1,下位,0,0,0
282,282,0,1456,7601,0,0,0,302,163,-2403,1,下位,0,0,0
420,420,0,68,116,1,0,0,0,0,1,0,下位,0,0,0
972,972,0,132,247,0,0,0,420,168,-508,1,下位,0,0,0
127,127,0,70,103,0,0,0,972,299,-1777,3,下位,0,0,0
543,543,0,92,141,0,0,0,127,155,-1827,2,下位,0,0,0
896,896,0,91,238,1,0,0,0,0,1,0,下位,0,0,0
206,206,0,84,95,0,0,0,896,290,-1154,2,下位,0,0,0
285,285,0,52,65,0,0,0,206,147,-1339,1,下位,0,0,0
90,90,0,161,192,0,1,285,206,147,-1339,1,下位,0,285,117
229,229,0,68,113,0,0,0,375,244,-1583,3,下位,0,0,0
399,399,0,52,65,1,0,0,0,0,1,0,下位,0,0,0
602,602,0,124,165,1,1,399,0,0,1,0,下位,0,399,117
188,188,0,51,63,1,0,0,0,0,1,0,下位,0,0,0
688,688,0,93,147,1,1,188,0,0,1,0,下位,0,188,115
174,174,0,77,163,0,0,0,876,199,-1098,1,下位,0,0,0
804,804,0,164,253,0,0,0,174,215,-1164,1,下位,0,0,0
581,581,0,172,340,0,0,0,804,305,-2156,3,下位,0,0,0
605,605,0,121,178,0,0,0,581,392,-2701,4,下位,0,0,0
255,255,0,52,65,1,0,0,0,0,1,0,下位,0,0,0
43,43,0,98,208,1,1,255,0,0,1,0,下位,0,255,117
59,59,0,52,67,0,0,0,298,260,-102,2,下位,0,0,0
165,165,0,52,71,0,1,59,298,260,-102,2,下位,0,59,119
133,133,0,894,4299,0,2,224,298,260,-102,2,下位,0,165,123
86,86,0,70,117,0,0,0,357,4351,768,9,上位,0,0,0
191,191,0,100,210,0,0,0,86,169,798,1,下位,0,0,0
283,283,0,51,61,1,0,0,0,0,1,0,下位,0,0,0
791,791,0,155,423,1,1,283,0,0,1,0,下位,0,283,113
244,244,0,52,69,0,0,0,1074,475,-1143,5,下位,0,0,0
326,326,0,42,5,0,1,244,1074,475,-1143,5,下位,0,244,121
258,258,0,69,117,0,2,570,1074,475,-1143,5,下位,0,326,57
253,253,0,124,320,0,0,0,828,169,-2132,1,下位,0,0,0
791,791,0,68,32,1,0,0,0,0,1,0,下位,0,0,0
328,328,0,1269,6363,0,0,0,791,84,-1191,1,下位,0,0,0
355,355,0,184,228,0,0,0,328,6415,752,11,上位,0,0,0
353,353,0,90,163,0,0,0,355,280,459,3,下位,0,0,0
412,412,0,52,69,0,0,0,353,215,105,1,下位,0,0,0
357,357,0,84,67,0,1,412,353,215,105,1,下位,0,412,121
656,656,0,99,113,0,0,0,769,119,-896,1,下位,0,0,0
517,517,0,106,208,1,0,0,0,0,1,0,下位,0,0,0
246,246,0,132,246,0,0,0,517,260,-573,2,下位,0,0,0
95,95,0,52,65,0,0,0,246,298,-672,2,下位,0,0,0
925,925,0,93,80,0,1,95,246,298,-672,2,下位,0,95,117
347,347,0,126,152,0,0,0,1020,132,-2068,1,下位,0,0,0
940,940,0,42,7,0,0,0,347,204,-2424,2,下位,0,0,0
199,199,0,146,195,0,1,940,347,204,-2424,2,下位,0,940,59
46,46,0,78,93,0,0,0,1139,247,-3955,3,下位,0,0,0
963,963,0,77,80,0,0,0,46,145,-3884,1,下位,0,0,0
561,561,0,100,133,0,0,0,963,132,-5305,1,下位,0,0,0
589,589,0,1386,7169,1,0,0,0,0,1,0,下位,0,0,0
37,37,0,42,5,0,0,0,589,7221,769,13,上位,0,0,0
94,94,0,216,241,0,1,37,589,7221,769,13,上位,0,37,57
377,377,0,90,148,0,0,0,131,293,907,4,下位,0,0,0
586,586,0,101,129,1,0,0,0,0,1,0,下位,0,0,0
94,94,0,42,11,0,0,0,586,181,-763,2,下位,0,0,0
256,256,0,111,191,0,1,94,586,181,-763,2,下位,0,94,63
323,323,0,153,416,0,0,0,350,243,-1022,3,下位,0,0,0
692,692,0,1441,7246,1,0,0,0,0,1,0,下位,0,0,0
156,156,0,136,146,0,0,0,692,7298,761,13,上位,0,0,0
233,233,0,52,67,0,0,0,156,198,707,3,下位,0,0,0
246,246,0,203,263,0,1,233,156,198,707,3,下位,0,233,119
214,214,0,132,168,1,0,0,0,0,1,0,下位,0,0,0
965,965,0,42,7,0,0,0,214,220,-124,2,下位,0,0,0
199,199,0,147,280,0,1,965,214,220,-124,2,下位,0,965,59
712,712,0,42,7,0,0,0,1164,332,-1610,3,下位,0,0,0
463,463,0,136,161,0,1,712,1164,332,-1610,3,下位,0,712,59
151,151,0,51,64,0,0,0,1175,213,-3233,2,下位,0,0,0
828,828,0,106,121,0,1,151,1175,213,-3233,2,下位,0,151,116
163,163,0,125,250,0,0,0,979,173,-4523,2,下位,0,0,0
648,648,0,69,45,1,0,0,0,0,1,0,下位,0,0,0
283,283,0,52,65,0,0,0,648,97,-947,1,下位,0,0,0
890,890,0,198,201,0,1,283,648,97,-947,1,下位,0,283,117
191,191,0,109,126,0,0,0,1173,253,-2468,4,下位,0,0,0
828,828,0,76,37,1,0,0,0,0,1,0,下位,0,0,0
483,483,0,127,165,0,0,0,828,89,-1245,1,下位,0,0,0
542,542,0,115,193,0,0,0,483,217,-1807,3,下位,0,0,0
154,154,0,102,123,0,0,0,542,245,-2436,3,下位,0,0,0
470,470,0,144,226,1,0,0,0,0,1,0,下位,0,0,0
212,212,0,945,4697,0,0,0,470,278,-479,3,下位,0,0,0
75,75,0,42,5,0,0,0,212,4749,755,8,上位,0,0,0
338,338,0,84,91,0,1,75,212,4749,755,8,上位,0,75,57
741,741,0,42,5,0,0,0,413,143,289,1,下位,0,0,0
340,340,0,52,67,0,1,741,413,143,289,1,下位,0,741,57
342,342,0,175,248,0,2,1081,413,143,289,1,下位,0,340,119
718,718,0,103,126,1,0,0,0,0,1,0,下位,0,0,0
226,226,0,112,123,0,0,0,718,178,-979,1,下位,0,0,0
300,300,0,58,56,0,0,0,226,175,-1169,2,下位,0,0,0
79,79,0,90,89,0,0,0,300,108,-1545,1,下位,0,0,0
362,362,0,103,134,0,0,0,79,141,-1531,1,下位,0,0,0
167,167,0,2253,11275,0,0,0,362,186,-1929,2,下位,0,0,0
61,61,0,52,65,0,0,0,167,11327,756,18,上位,0,0,0
83,83,0,92,224,0,1,61,167,11327,756,18,上位,0,61,117
21,21,0,88,232,1,0,0,0,0,1,0,下位,0,0,0
962,962,0,109,129,0,0,0,21,284,251,2,下位,0,0,0
172,172,0,158,257,0,0,0,962,181,-1120,2,下位,0,0,0
347,347,0,145,198,0,0,0,172,309,-1088,3,下位,0,0,0
809,809,0,57,60,0,0,0,347,250,-1398,3,下位,0,0,0
329,329,0,50,53,1,0,0,0,0,1,0,下位,0,0,0
896,896,0,1480,7342,1,1,329,0,0,1,0,下位,0,329,105
305,305,0,129,318,1,0,0,0,0,1,0,下位,0,0,0
831,831,0,110,122,0,0,0,305,370,-121,3,下位,0,0,0
551,551,0,79,95,0,0,0,831,174,-1287,2,下位,0,0,0
213,213,0,42,11,1,0,0,0,0,1,0,下位,0,0,0
738,738,0,1383,6791,1,1,213,0,0,1,0,下位,0,213,63
301,301,0,79,176,0,0,0,951,6843,768,11,上位,0,0,0
608,608,0,229,290,1,0,0,0,0,1,0,下位,0,0,0
655,655,0,58,58,0,0,0,608,342,-638,5,下位,0,0,0
524,524,0,161,413,0,0,0,655,110,-1584,1,下位,0,0,0
968,968,0,59,55,1,0,0,0,0,1,0,下位,0,0,0
636,636,0,1195,6324,0,0,0,968,107,-1453,1,下位,0,0,0
728,728,0,144,362,1,0,0,0,0,1,0,下位,0,0,0
969,969,0,143,289,0,0,0,728,414,-759,4,下位,0,0,0
450,450,0,42,7,0,0,0,969,341,-1981,3,下位,0,0,0
966,966,0,52,68,0,1,450,969,341,-1981,3,下位,0,450,59
964,964,0,60,45,0,2,1416,969,341,-1981,3,下位,0,966,120
618,618,0,1854,9419,1,0,0,0,0,1,0,下位,0,0,0
401,401,0,90,74,0,0,0,618,9471,766,16,上位,0,0,0
220,220,0,132,209,1,0,0,0,0,1,0,下位,0,0,0
547,547,0,212,321,1,0,0,0,0,1,0,下位,0,0,0
199,199,0,140,231,0,0,0,547,373,-508,6,下位,0,0,0
89,89,0,52,69,0,0,0,199,283,-546,3,下位,0,0,0
969,969,0,75,19,0,1,89,199,283,-546,3,下位,0,89,121
489,489,0,94,76,1,0,0,0,0,1,0,下位,0,0,0
963,963,0,72,94,0,0,0,489,128,-660,1,下位,0,0,0
273,273,0,121,186,0,0,0,963,146,-2067,1,下位,0,0,0
959,959,0,98,227,0,0,0,273,238,-2269,2,下位,0,0,0
50,50,0,153,270,1,0,0,0,0,1,0,下位,0,0,0
319,319,0,127,175,0,0,0,50,322,242,4,下位,0,0,0
712,712,0,181,394,1,0,0,0,0,1,0,下位,0,0,0
266,266,0,74,107,0,0,0,712,446,-701,4,下位,0,0,0
847,847,0,90,150,0,0,0,266,159,-971,1,下位,0,0,0
323,323,0,52,65,1,0,0,0,0,1,0,下位,0,0,0
901,901,0,76,94,1,1,323,0,0,1,0,下位,0,323,117
820,820,0,1698,8249,1,0,0,0,0,1,0,下位,0,0,0
264,264,0,95,142,0,0,0,820,8301,749,15,上位,0,0,0
186,186,0,192,305,1,0,0,0,0,1,0,下位,0,0,0
221,221,0,69,115,0,0,0,186,357,58,4,下位,0,0,0
414,414,0,1100,5414,0,0,0,221,167,-131,1,下位,0,0,0
76,76,0,52,69,1,0,0,0,0,1,0,下位,0,0,0
965,965,0,1058,5388,1,1,76,0,0,1,0,下位,0,76,121
155,155,0,1428,7158,1,0,0,0,0,1,0,下位,0,0,0
172,172,0,80,99,1,0,0,0,0,1,0,下位,0,0,0
620,620,0,68,113,1,0,0,0,0,1,0,下位,0,0,0
225,225,0,87,75,0,0,0,620,165,-834,1,下位,0,0,0
805,805,0,66,108,0,0,0,225,127,-1070,2,下位,0,0,0
363,363,0,64,119,0,0,0,805,160,-2208,1,下位,0,0,0
741,741,0,109,192,1,0,0,0,0,1,0,下位,0,0,0
216,216,0,192,359,0,0,0,741,244,-950,2,下位,0,0,0
308,308,0,128,162,1,0,0,0,0,1,0,下位,0,0,0
45,45,0,1286,6118,1,0,0,0,0,1,0,下位,0,0,0
181,181,0,806,4135,1,0,0,0,0,1,0,下位,0,0,0
778,778,0,74,27,0,0,0,181,4187,756,8,上位,0,0,0
159,159,0,87,87,0,0,0,778,79,-420,1,下位,0,0,0
144,144,0,94,109,0,0,0,159,139,-537,2,下位,0,0,0
737,737,0,137,146,1,0,0,0,0,1,0,下位,0,0,0
172,172,0,182,380,0,0,0,737,198,-990,3,下位,0,0,0
832,832,0,150,406,0,0,0,172,432,-835,5,下位,0,0,0
99,99,0,93,203,1,0,0,0,0,1,0,下位,0,0,0
540,540,0,73,29,0,0,0,99,255,96,2,下位,0,0,0
360,360,0,77,172,0,0,0,540,81,-694,1,下位,0,0,0
687,687,0,72,28,1,0,0,0,0,1,0,下位,0,0,0
396,396,0,68,114,0,0,0,687,80,-1027,1,下位,0,0,0
564,564,0,87,60,1,0,0,0,0,1,0,下位,0,0,0
964,964,0,82,84,0,0,0,564,112,-797,1,下位,0,0,0
280,280,0,176,319,1,0,0,0,0,1,0,下位,0,0,0
452,452,0,129,243,1,0,0,0,0,1,0,下位,0,0,0
477,477,0,100,112,1,0,0,0,0,1,0,下位,0,0,0
374,374,0,108,59,0,0,0,477,164,-604,2,下位,0,0,0
162,162,0,171,217,0,0,0,374,111,-1096,2,下位,0,0,0
145,145,0,138,391,1,0,0,0,0,1,0,下位,0,0,0
495,495,0,884,4009,0,0,0,145,443,210,5,下位,0,0,0
510,510,0,966,4563,1,0,0,0,0,1,0,下位,0,0,0
805,805,0,77,82,1,0,0,0,0,1,0,下位,0,0,0
316,316,0,49,48,1,0,0,0,0,1,0,下位,0,0,0
589,589,0,140,272,1,1,316,0,0,1,0,下位,0,316,100
557,557,0,106,57,1,0,0,0,0,1,0,下位,0,0,0
966,966,0,88,132,0,0,0,557,109,-788,2,下位,0,0,0
172,172,0,140,161,1,0,0,0,0,1,0,下位,0,0,0
353,353,0,77,168,0,0,0,172,213,-63,3,下位,0,0,0
191,191,0,57,45,0,0,0,353,220,-412,1,下位,0,0,0
502,502,0,70,45,1,0,0,0,0,1,0,下位,0,0,0
245,245,0,110,191,0,0,0,502,97,-712,1,下位,0,0,0
489,489,0,72,97,0,0,0,245,243,-864,2,下位,0,0,0
862,862,0,110,135,0,0,0,489,149,-1504,1,下位,0,0,0
217,217,0,56,58,0,0,0,862,187,-2707,2,下位,0,0,0
195,195,0,108,203,0,0,0,217,110,-2947,1,下位,0,0,0
35,35,0,67,42,1,0,0,0,0,1,0,下位,0,0,0
347,347,0,82,176,0,0,0,35,94,39,1,下位,0,0,0
222,222,0,80,97,0,0,0,347,228,-293,1,下位,0,0,0
93,93,0,42,7,0,0,0,222,149,-502,1,下位,0,0,0
96,96,0,51,61,0,1,93,222,149,-502,1,下位,0,93,59
346,346,0,146,358,0,2,189,222,149,-502,1,下位,0,96,113
94,94,0,1068,5587,0,0,0,535,410,-783,4,下位,0,0,0
212,212,0,882,4097,1,0,0,0,0,1,0,下位,0,0,0
87,87,0,64,120,1,0,0,0,0,1,0,下位,0,0,0
903,903,0,52,65,0,0,0,87,172,33,1,下位,0,0,0
976,976,0,52,68,0,1,903,87,172,33,1,下位,0,903,117
964,964,0,137,359,0,2,1879,87,172,33,1,下位,0,976,120
416,416,0,231,209,1,0,0,0,0,1,0,下位,0,0,0
842,842,0,42,7,0,0,0,416,261,-409,6,下位,0,0,0
133,133,0,56,64,0,1,842,416,261,-409,6,下位,0,842,59
695,695,0,89,147,1,0,0,0,0,1,0,下位,0,0,0
801,801,0,98,223,1,0,0,0,0,1,0,下位,0,0,0
756,756,0,72,112,1,0,0,0,0,1,0,下位,0,0,0
44,44,0,52,71,0,0,0,756,164,-1054,1,下位,0,0,0
269,269,0,144,296,0,1,44,756,164,-1054,1,下位,0,44,123
887,887,0,110,118,0,0,0,313,348,-1088,3,下位,0,0,0
235,235,0,85,163,0,0,0,887,170,-2349,2,下位,0,0,0
741,741,0,97,145,1,0,0,0,0,1,0,下位,0,0,0
348,348,0,160,262,0,0,0,741,197,-997,2,下位,0,0,0
229,229,0,197,333,0,0,0,348,314,-1244,3,下位,0,0,0
534,534,0,42,9,0,0,0,229,385,-1228,5,下位,0,0,0
279,279,0,52,65,0,1,534,229,385,-1228,5,下位,0,534,61
504,504,0,89,77,0,2,813,229,385,-1228,5,下位,0,279,117
287,287,0,82,85,0,0,0,1317,129,-3045,1,下位,0,0,0
564,564,0,172,235,0,0,0,287,137,-3371,1,下位,0,0,0
90,90,0,1325,6299,1,0,0,0,0,1,0,下位,0,0,0
283,283,0,51,61,1,0,0,0,0,1,0,下位,0,0,0
329,329,0,52,69,1,1,283,0,0,1,0,下位,0,283,113
964,964,0,1216,6173,1,2,612,0,0,1,0,下位,0,329,121
719,719,0,64,47,1,0,0,0,0,1,0,下位,0,0,0
217,217,0,80,81,0,0,0,719,99,-1060,1,下位,0,0,0
483,483,0,98,146,0,0,0,217,133,-1277,1,下位,0,0,0
463,463,0,153,416,0,0,0,483,198,-1858,2,下位,0,0,0
599,599,0,58,47,1,0,0,0,0,1,0,下位,0,0,0
88,88,0,42,7,0,0,0,599,99,-866,1,下位,0,0,0
690,690,0,143,347,0,1,88,599,99,-866,1,下位,0,88,59
310,310,0,81,67,0,0,0,778,399,-1663,3,下位,0,0,0
852,852,0,120,226,1,0,0,0,0,1,0,下位,0,0,0
492,492,0,89,81,1,0,0,0,0,1,0,下位,0,0,0
376,376,0,148,218,0,0,0,492,133,-660,2,下位,0,0,0
971,971,0,135,372,0,0,0,376,270,-996,3,下位,0,0,0
771,771,0,1049,5112,1,0,0,0,0,1,0,下位,0,0,0
154,154,0,41,4,0,0,0,771,5164,746,10,上位,0,0,0
246,246,0,41,1,0,1,154,771,5164,746,10,上位,0,154,56
180,180,0,97,209,0,2,400,771,5164,746,10,上位,0,246,53
415,415,0,103,203,0,0,0,580,261,181,2,下位,0,0,0
726,726,0,85,164,1,0,0,0,0,1,0,下位,0,0,0
196,196,0,85,83,0,0,0,726,216,-954,2,下位,0,0,0
842,842,0,166,339,0,0,0,196,135,-1135,1,下位,0,0,0
543,543,0,1063,5274,0,0,0,842,391,-2102,4,下位,0,0,0
447,447,0,969,4602,1,0,0,0,0,1,0,下位,0,0,0
356,356,0,93,216,1,0,0,0,0,1,0,下位,0,0,0
94,94,0,839,4290,0,0,0,356,268,-305,2,下位,0,0,0
201,201,0,134,149,0,0,0,94,4342,748,6,上位,0,0,0
512,512,0,979,4696,1,0,0,0,0,1,0,下位,0,0,0
86,86,0,558,2493,0,0,0,512,4748,761,9,上位,0,0,0
451,451,0,113,173,0,0,0,86,2545,748,6,上位,0,0,0
621,621,0,52,71,1,0,0,0,0,1,0,下位,0,0,0
974,974,0,98,149,1,1,621,0,0,1,0,下位,0,621,123
885,885,0,1524,7492,0,0,0,1595,201,-2248,2,下位,0,0,0
840,840,0,82,96,1,0,0,0,0,1,0,下位,0,0,0
324,324,0,78,165,0,0,0,840,148,-1206,1,下位,0,0,0
370,370,0,42,9,0,0,0,324,217,-1512,1,下位,0,0,0
462,462,0,98,135,0,1,370,324,217,-1512,1,下位,0,370,61
494,494,0,928,4545,1,0,0,0,0,1,0,下位,0,0,0
226,226,0,74,99,0,0,0,494,4597,753,8,上位,0,0,0
228,228,0,865,4150,1,0,0,0,0,1,0,下位,0,0,0
614,614,0,52,69,0,0,0,228,4202,748,11,上位,0,0,0
293,293,0,736,2972,0,1,614,228,4202,748,11,上位,0,614,121
341,341,0,214,317,0,0,0,907,3024,734,8,上位,0,0,0
133,133,0,51,61,0,0,0,341,369,553,6,下位,0,0,0
207,207,0,100,140,0,1,133,341,369,553,6,下位,0,133,113
80,80,0,52,71,0,0,0,340,192,309,2,下位,0,0,0
224,224,0,164,327,0,1,80,340,192,309,2,下位,0,80,123
482,482,0,116,194,1,0,0,0,0,1,0,下位,0,0,0
964,964,0,86,152,0,0,0,482,246,-530,2,下位,0,0,0
967,967,0,88,82,0,0,0,964,204,-1881,1,下位,0,0,0
827,827,0,52,65,0,0,0,967,134,-3307,2,下位,0,0,0
969,969,0,100,119,0,1,827,967,134,-3307,2,下位,0,827,117
151,151,0,82,160,0,0,0,1796,171,-5916,2,下位,0,0,0
144,144,0,106,136,0,0,0,151,212,-5948,2,下位,0,0,0
678,678,0,92,217,0,0,0,144,188,-5992,2,下位,0,0,0
943,943,0,172,249,1,0,0,0,0,1,0,下位,0,0,0
210,210,0,148,207,0,0,0,943,301,-1219,4,下位,0,0,0
559,559,0,109,272,0,0,0,210,259,-1299,3,下位,0,0,0
612,612,0,98,282,0,0,0,559,324,-1877,3,下位,0,0,0
577,577,0,150,201,1,0,0,0,0,1,0,下位,0,0,0
149,149,0,74,101,0,0,0,577,253,-677,3,下位,0,0,0
137,137,0,122,114,0,0,0,149,153,-764,1,下位,0,0,0
626,626,0,82,90,0,0,0,137,166,-819,2,下位,0,0,0
781,781,0,42,5,0,0,0,626,142,-1687,1,下位,0,0,0
962,962,0,161,189,0,1,781,626,142,-1687,1,下位,0,781,57
867,867,0,118,122,0,0,0,1743,241,-4201,3,下位,0,0,0
63,63,0,68,111,0,0,0,867,174,-5425,3,下位,0,0,0
225,225,0,42,9,0,0,0,63,163,-5364,1,下位,0,0,0
964,964,0,1080,5155,0,1,225,63,163,-5364,1,下位,0,225,61
207,207,0,179,233,1,0,0,0,0,1,0,下位,0,0,0
295,295,0,893,4278,0,0,0,207,285,-48,4,下位,0,0,0
203,203,0,42,5,0,0,0,295,4330,756,9,上位,0,0,0
788,788,0,111,206,0,1,203,295,4330,756,9,上位,0,203,57
856,856,0,75,101,0,0,0,991,258,-527,3,下位,0,0,0
294,294,0,42,11,0,0,0,856,153,-1755,1,下位,0,0,0
239,239,0,137,300,0,1,294,856,153,-1755,1,下位,0,294,63
668,668,0,68,27,0,0,0,533,352,-2199,4,下位,0,0,0
205,205,0,120,179,1,0,0,0,0,1,0,下位,0,0,0
699,699,0,104,54,0,0,0,205,231,-99,2,下位,0,0,0
324,324,0,42,9,0,0,0,699,106,-1120,2,下位,0,0,0
329,329,0,125,92,0,1,324,699,106,-1120,2,下位,0,324,61
962,962,0,117,103,0,0,0,653,144,-1969,2,下位,0,0,0
196,196,0,1890,9913,0,0,0,962,155,-3366,3,下位,0,0,0
434,434,0,165,319,1,0,0,0,0,1,0,下位,0,0,0
196,196,0,90,129,0,0,0,434,371,-328,4,下位,0,0,0
292,292,0,116,186,0,0,0,196,181,-463,2,下位,0,0,0
179,179,0,186,293,1,0,0,0,0,1,0,下位,0,0,0
655,655,0,78,6,0,0,0,179,345,57,4,下位,0,0,0
534,534,0,131,142,0,0,0,655,58,-941,1,下位,0,0,0
95,95,0,42,11,0,0,0,534,194,-1608,3,下位,0,0,0
396,396,0,60,38,0,1,95,534,194,-1608,3,下位,0,95,63
399,399,0,128,384,0,0,0,491,90,-2247,1,下位,0,0,0
83,83,0,1024,5659,0,0,0,399,436,-2455,3,下位,0,0,0
236,236,0,148,217,0,0,0,83,4651,761,6,上位,0,0,0
95,95,0,42,9,1,0,0,0,0,1,0,下位,0,0,0
467,467,0,1356,6978,1,1,95,0,0,1,0,下位,0,95,61
214,214,0,112,268,0,0,0,562,7030,762,13,上位,0,0,0
206,206,0,81,87,0,0,0,214,320,737,2,下位,0,0,0
143,143,0,116,105,1,0,0,0,0,1,0,下位,0,0,0
188,188,0,85,93,0,0,0,143,157,-73,2,下位,0,0,0
230,230,0,74,96,0,0,0,188,145,-231,1,下位,0,0,0
374,374,0,80,177,0,0,0,230,148,-454,2,下位,0,0,0
180,180,0,84,99,0,0,0,374,229,-828,1,下位,0,0,0
386,386,0,966,4613,0,0,0,180,151,-967,1,下位,0,0,0
82,82,0,96,138,0,0,0,386,4665,736,9,上位,0,0,0
248,248,0,131,374,0,0,0,82,190,794,1,下位,0,0,0
246,246,0,52,69,0,0,0,248,426,820,3,下位,0,0,0
780,780,0,88,159,0,1,246,248,426,820,3,下位,0,246,121
585,585,0,150,276,1,0,0,0,0,1,0,下位,0,0,0
383,383,0,51,60,0,0,0,585,328,-615,4,下位,0,0,0
370,370,0,52,65,0,1,383,585,328,-615,4,下位,0,383,112
469,469,0,70,41,0,2,753,585,328,-615,4,下位,0,370,117
528,528,0,155,204,0,0,0,1222,93,-2264,1,下位,0,0,0
387,387,0,52,65,0,0,0,528,256,-2860,3,下位,0,0,0
831,831,0,101,64,0,1,387,528,256,-2860,3,下位,0,387,117
212,212,0,51,61,1,0,0,0,0,1,0,下位,0,0,0
274,274,0,136,383,1,1,212,0,0,1,0,下位,0,212,113
600,600,0,52,65,0,0,0,486,435,-235,4,下位,0,0,0
589,589,0,112,193,0,1,600,486,435,-235,4,下位,0,600,117
617,617,0,41,1,0,0,0,1189,245,-1791,2,下位,0,0,0
170,170,0,42,9,0,1,617,1189,245,-1791,2,下位,0,617,53
827,827,0,42,9,0,2,787,1189,245,-1791,2,下位,0,170,61
157,157,0,122,328,0,3,1614,1189,245,-1791,2,下位,0,827,61
525,525,0,51,61,1,0,0,0,0,1,0,下位,0,0,0
93,93,0,58,56,1,1,525,0,0,1,0,下位,0,525,113
46,46,0,898,4707,0,0,0,618,108,-775,1,下位,0,0,0
967,967,0,42,7,0,0,0,46,4759,758,6,上位,0,0,0
141,141,0,78,100,0,1,967,46,4759,758,6,上位,0,967,59
475,475,0,96,144,0,0,0,1108,152,-818,1,下位,0,0,0
974,974,0,105,122,0,0,0,475,196,-1388,1,下位,0,0,0
307,307,0,90,227,0,0,0,974,174,-2785,2,下位,0,0,0
211,211,0,94,76,0,0,0,307,279,-3001,2,下位,0,0,0
104,104,0,60,49,1,0,0,0,0,1,0,下位,0,0,0
38,38,0,112,188,0,0,0,104,101,-66,1,下位,0,0,0
963,963,0,1044,5297,0,0,0,38,240,113,3,下位,0,0,0
655,655,0,136,320,1,0,0,0,0,1,0,下位,0,0,0
607,607,0,87,154,0,0,0,655,372,-683,3,下位,0,0,0
260,260,0,93,65,0,0,0,607,206,-1456,2,下位,0,0,0
663,663,0,132,311,0,0,0,260,117,-1758,2,下位,0,0,0
296,296,0,50,58,0,0,0,663,363,-2464,3,下位,0,0,0
226,226,0,75,101,0,1,296,663,363,-2464,3,下位,0,296,110
81,81,0,42,7,0,0,0,522,153,-3043,1,下位,0,0,0
176,176,0,94,215,0,1,81,522,153,-3043,1,下位,0,81,59
259,259,0,2032,10446,0,0,0,257,267,-3132,2,下位,0,0,0
410,410,0,54,65,1,0,0,0,0,1,0,下位,0,0,0
402,402,0,152,265,0,0,0,410,117,-543,1,下位,0,0,0
151,151,0,52,65,0,0,0,402,317,-874,4,下位,0,0,0
398,398,0,42,7,0,1,151,402,317,-874,4,下位,0,151,117
156,156,0,42,5,0,2,549,402,317,-874,4,下位,0,398,59
927,927,0,89,81,0,3,705,402,317,-874,4,下位,0,156,57
597,597,0,70,113,0,0,0,1632,133,-3141,2,下位,0,0,0
749,749,0,51,63,0,0,0,597,165,-3939,1,下位,0,0,0
943,943,0,42,9,0,1,749,597,165,-3939,1,下位,0,749,115
327,327,0,41,1,0,2,1692,597,165,-3939,1,下位,0,943,61
932,932,0,142,303,0,3,2019,597,165,-3939,1,下位,0,327,53
289,289,0,132,164,1,0,0,0,0,1,0,下位,0,0,0
346,346,0,90,214,0,0,0,289,216,-249,3,下位,0,0,0
177,177,0,136,224,0,0,0,346,266,-541,2,下位,0,0,0
614,614,0,67,114,0,0,0,177,276,-550,3,下位,0,0,0
938,938,0,203,336,0,0,0,614,166,-1374,1,下位,0,0,0
406,406,0,94,82,0,0,0,938,388,-2499,5,下位,0,0,0
350,350,0,78,90,0,0,0,406,134,-3020,1,下位,0,0,0
249,249,0,1486,7618,0,0,0,350,142,-3443,2,下位,0,0,0
396,396,0,114,200,0,0,0,249,7670,761,13,上位,0,0,0
354,354,0,92,214,1,0,0,0,0,1,0,下位,0,0,0
250,250,0,66,47,0,0,0,354,266,-304,2,下位,0,0,0
90,90,0,42,11,0,0,0,250,99,-608,1,下位,0,0,0
378,378,0,1142,5113,0,1,90,250,99,-608,1,下位,0,90,63
904,904,0,79,100,0,0,0,468,5165,743,11,上位,0,0,0
608,608,0,1388,7142,1,0,0,0,0,1,0,下位,0,0,0
397,397,0,71,84,0,0,0,608,7194,766,11,上位,0,0,0
40,40,0,68,114,0,0,0,397,136,262,1,下位,0,0,0
714,714,0,88,75,0,0,0,40,166,363,1,下位,0,0,0
347,347,0,89,155,0,0,0,714,127,-662,1,下位,0,0,0
712,712,0,90,218,1,0,0,0,0,1,0,下位,0,0,0
438,438,0,120,94,0,0,0,712,270,-877,2,下位,0,0,0
703,703,0,135,301,0,0,0,438,146,-1437,2,下位,0,0,0
276,276,0,132,246,0,0,0,703,353,-2218,3,下位,0,0,0
739,739,0,42,11,0,0,0,276,298,-2365,2,下位,0,0,0
134,134,0,130,241,0,1,739,276,298,-2365,2,下位,0,739,63
290,290,0,97,134,1,0,0,0,0,1,0,下位,0,0,0
966,966,0,99,126,0,0,0,290,186,-281,2,下位,0,0,0
249,249,0,73,112,0,0,0,966,178,-1661,1,下位,0,0,0
509,509,0,146,216,0,0,0,249,164,-1899,1,下位,0,0,0
302,302,0,62,116,0,0,0,509,268,-2452,4,下位,0,0,0
795,795,0,42,9,0,0,0,302,168,-2771,1,下位,0,0,0
717,717,0,1720,8928,0,1,795,302,168,-2771,1,下位,0,795,61
934,934,0,89,74,1,0,0,0,0,1,0,下位,0,0,0
836,836,0,71,37,0,0,0,934,126,-1379,1,下位,0,0,0
157,157,0,1327,6713,0,0,0,836,89,-2638,1,下位,0,0,0
169,169,0,80,168,0,0,0,157,6765,758,13,上位,0,0,0
275,275,0,68,114,0,0,0,169,220,705,2,下位,0,0,0
98,98,0,145,60,0,0,0,275,166,427,1,下位,0,0,0
213,213,0,96,140,0,0,0,98,112,381,3,下位,0,0,0
312,312,0,129,167,0,0,0,213,192,229,1,下位,0,0,0
401,401,0,186,303,0,0,0,312,219,-55,3,下位,0,0,0
137,137,0,84,165,0,0,0,401,355,-347,5,下位,0,0,0
252,252,0,106,54,1,0,0,0,0,1,0,下位,0,0,0
966,966,0,124,171,0,0,0,252,106,-299,2,下位,0,0,0
668,668,0,1256,6547,0,0,0,966,223,-1634,3,下位,0,0,0
370,370,0,98,122,0,0,0,668,6599,764,12,上位,0,0,0
157,157,0,167,403,0,0,0,370,174,341,2,下位,0,0,0
572,572,0,124,250,1,0,0,0,0,1,0,下位,0,0,0
725,725,0,51,60,0,0,0,572,302,-620,3,下位,0,0,0
951,951,0,52,69,0,1,725,572,302,-620,3,下位,0,725,112
86,86,0,52,67,0,2,1676,572,302,-620,3,下位,0,951,121
401,401,0,42,5,0,3,1762,572,302,-620,3,下位,0,86,119
962,962,0,72,30,0,4,2163,572,302,-620,3,下位,0,401,57
914,914,0,42,9,0,0,0,3125,82,-5170,1,下位,0,0,0
968,968,0,42,5,0,1,914,3125,82,-5170,1,下位,0,914,61
364,364,0,112,119,0,2,1882,3125,82,-5170,1,下位,0,968,57
192,192,0,66,112,1,0,0,0,0,1,0,下位,0,0,0
283,283,0,145,206,0,0,0,192,164,-145,1,下位,0,0,0
333,333,0,60,42,0,0,0,283,258,-343,4,下位,0,0,0
247,247,0,72,40,0,0,0,333,94,-786,1,下位,0,0,0
975,975,0,65,32,0,0,0,247,92,-1092,1,下位,0,0,0
250,250,0,42,7,0,0,0,975,84,-2581,1,下位,0,0,0
969,969,0,75,105,0,1,250,975,84,-2581,1,下位,0,250,59
870,870,0,51,60,0,0,0,1219,157,-4331,1,下位,0,0,0
223,223,0,174,309,0,1,870,1219,157,-4331,1,下位,0,870,112
289,289,0,76,101,0,0,0,1093,361,-5621,4,下位,0,0,0
94,94,0,1886,9704,0,0,0,289,153,-5934,1,下位,0,0,0
647,647,0,66,40,0,0,0,94,9756,753,14,上位,0,0,0
71,71,0,123,180,1,0,0,0,0,1,0,下位,0,0,0
466,466,0,69,107,0,0,0,71,232,118,2,下位,0,0,0
216,216,0,51,61,0,0,0,466,159,-475,1,下位,0,0,0
202,202,0,51,63,0,1,216,466,159,-475,1,下位,0,216,113
255,255,0,52,67,0,2,418,466,159,-475,1,下位,0,202,115
569,569,0,42,7,0,3,673,466,159,-475,1,下位,0,255,119
143,143,0,1233,6199,0,4,1242,466,159,-475,1,下位,0,569,59
54,54,0,118,254,1,0,0,0,0,1,0,下位,0,0,0
678,678,0,73,110,0,0,0,54,306,220,2,下位,0,0,0
506,506,0,110,196,0,0,0,678,162,-712,1,下位,0,0,0
244,244,0,42,7,0,0,0,506,248,-1280,2,下位,0,0,0
522,522,0,91,144,0,1,244,506,248,-1280,2,下位,0,244,59
290,290,0,51,63,0,0,0,766,196,-2261,1,下位,0,0,0
514,514,0,42,7,0,1,290,766,196,-2261,1,下位,0,290,115
896,896,0,142,129,0,2,804,766,196,-2261,1,下位,0,514,59
155,155,0,99,128,1,0,0,0,0,1,0,下位,0,0,0
309,309,0,130,306,0,0,0,155,180,-69,1,下位,0,0,0
969,969,0,198,348,0,0,0,309,358,-209,3,下位,0,0,0
752,752,0,51,63,0,0,0,969,400,-1372,5,下位,0,0,0
339,339,0,66,108,0,1,752,969,400,-1372,5,下位,0,752,115
778,778,0,68,31,0,0,0,1091,160,-2857,1,下位,0,0,0
111,111,0,78,104,1,0,0,0,0,1,0,下位,0,0,0
362,362,0,50,58,0,0,0,111,156,-22,1,下位,0,0,0
590,590,0,146,273,0,1,362,111,156,-22,1,下位,0,362,110
313,313,0,102,277,0,0,0,952,325,-1123,3,下位,0,0,0
289,289,0,177,386,0,0,0,313,329,-1299,2,下位,0,0,0
735,735,0,52,69,0,0,0,289,438,-1327,5,下位,0,0,0
688,688,0,107,201,0,1,735,289,438,-1327,5,下位,0,735,121
191,191,0,82,168,0,0,0,1423,253,-3248,2,下位,0,0,0
302,302,0,92,82,0,0,0,191,220,-3336,1,下位,0,0,0
770,770,0,94,81,0,0,0,302,134,-3689,2,下位,0,0,0
148,148,0,51,63,0,0,0,770,133,-4798,2,下位,0,0,0
963,963,0,180,366,0,1,148,770,133,-4798,2,下位,0,148,115
397,397,0,42,11,1,0,0,0,0,1,0,下位,0,0,0
958,958,0,1172,5974,1,1,397,0,0,1,0,下位,0,397,63
325,325,0,216,335,1,0,0,0,0,1,0,下位,0,0,0
439,439,0,99,58,0,0,0,325,387,-136,5,下位,0,0,0
324,324,0,80,93,0,0,0,439,110,-734,2,下位,0,0,0
453,453,0,74,96,0,0,0,324,145,-1112,1,下位,0,0,0
966,966,0,69,99,0,0,0,453,148,-1695,1,下位,0,0,0
267,267,0,42,11,0,0,0,966,151,-3102,1,下位,0,0,0
183,183,0,1445,7689,0,1,267,966,151,-3102,1,下位,0,267,63
309,309,0,52,71,1,0,0,0,0,1,0,下位,0,0,0
370,370,0,51,61,1,1,309,0,0,1,0,下位,0,309,123
524,524,0,153,200,1,2,679,0,0,1,0,下位,0,370,113
30,30,0,156,203,1,0,0,0,0,1,0,下位,0,0,0
532,532,0,93,74,0,0,0,30,255,208,3,下位,0,0,0
215,215,0,76,100,0,0,0,532,126,-524,1,下位,0,0,0
57,57,0,80,97,0,0,0,215,152,-719,1,下位,0,0,0
255,255,0,42,9,0,0,0,57,149,-662,1,下位,0,0,0
770,770,0,69,111,0,1,255,57,149,-662,1,下位,0,255,61
971,971,0,64,130,0,0,0,1025,163,-2091,1,下位,0,0,0
194,194,0,166,327,0,0,0,971,182,-3475,1,下位,0,0,0
318,318,0,95,216,0,0,0,194,379,-3409,3,下位,0,0,0
95,95,0,1175,6018,0,0,0,318,268,-3654,2,下位,0,0,0
368,368,0,130,232,1,0,0,0,0,1,0,下位,0,0,0
525,525,0,1015,4745,1,0,0,0,0,1,0,下位,0,0,0
66,66,0,42,9,0,0,0,525,4797,771,10,上位,0,0,0
529,529,0,115,121,0,1,66,525,4797,771,10,上位,0,66,61
255,255,0,81,17,1,0,0,0,0,1,0,下位,0,0,0
764,764,0,66,107,0,0,0,255,69,-341,1,下位,0,0,0
371,371,0,91,143,0,0,0,764,159,-1414,1,下位,0,0,0
232,232,0,127,396,0,0,0,371,195,-1817,2,下位,0,0,0
573,573,0,170,390,1,0,0,0,0,1,0,下位,0,0,0
601,601,0,155,344,1,0,0,0,0,1,0,下位,0,0,0
337,337,0,83,154,1,0,0,0,0,1,0,下位,0,0,0
98,98,0,140,135,0,0,0,337,206,-337,2,下位,0,0,0
354,354,0,185,349,1,0,0,0,0,1,0,下位,0,0,0
670,670,0,117,177,0,0,0,354,401,-169,6,下位,0,0,0
85,85,0,42,11,0,0,0,670,229,-1021,2,下位,0,0,0
128,128,0,73,112,0,1,85,670,229,-1021,2,下位,0,85,63
114,114,0,52,67,0,0,0,213,164,-1137,1,下位,0,0,0
285,285,0,105,137,0,1,114,213,164,-1137,1,下位,0,114,119
179,179,0,1131,5585,1,0,0,0,0,1,0,下位,0,0,0
236,236,0,128,215,1,0,0,0,0,1,0,下位,0,0,0
125,125,0,150,205,0,0,0,236,267,-113,3,下位,0,0,0
732,732,0,1183,5824,0,0,0,125,257,-58,3,下位,0,0,0
285,285,0,52,67,0,0,0,732,5876,777,11,上位,0,0,0
331,331,0,99,130,0,1,285,732,5876,777,11,上位,0,285,119
542,542,0,1114,5422,1,0,0,0,0,1,0,下位,0,0,0
684,684,0,1052,4924,1,0,0,0,0,1,0,下位,0,0,0
904,904,0,79,158,1,0,0,0,0,1,0,下位,0,0,0
300,300,0,60,53,1,0,0,0,0,1,0,下位,0,0,0
927,927,0,1050,4897,0,0,0,300,105,-378,1,下位,0,0,0
883,883,0,63,90,1,0,0,0,0,1,0,下位,0,0,0
208,208,0,42,7,1,0,0,0,0,1,0,下位,0,0,0
364,364,0,170,249,1,1,208,0,0,1,0,下位,0,208,59
503,503,0,222,297,0,0,0,572,301,-561,4,下位,0,0,0
681,681,0,119,172,1,0,0,0,0,1,0,下位,0,0,0
321,321,0,117,185,0,0,0,681,224,-873,3,下位,0,0,0
169,169,0,140,380,0,0,0,321,237,-1154,2,下位,0,0,0
964,964,0,80,95,0,0,0,169,432,-995,4,下位,0,0,0
810,810,0,86,90,0,0,0,964,147,-2403,1,下位,0,0,0
738,738,0,91,202,0,0,0,810,142,-3567,2,下位,0,0,0
965,965,0,70,113,0,0,0,738,254,-4503,2,下位,0,0,0
443,443,0,145,288,1,0,0,0,0,1,0,下位,0,0,0
704,704,0,74,101,0,0,0,443,340,-374,3,下位,0,0,0
313,313,0,112,263,0,0,0,704,153,-1356,1,下位,0,0,0
454,454,0,104,138,0,0,0,313,315,-1546,3,下位,0,0,0
79,79,0,77,161,0,0,0,454,190,-2088,2,下位,0,0,0
886,886,0,51,64,0,0,0,79,213,-2002,1,下位,0,0,0
334,334,0,132,237,0,1,886,79,213,-2002,1,下位,0,886,116
847,847,0,89,154,1,0,0,0,0,1,0,下位,0,0,0
759,759,0,156,258,1,0,0,0,0,1,0,下位,0,0,0
188,188,0,80,72,0,0,0,759,310,-913,3,下位,0,0,0
827,827,0,68,110,0,0,0,188,124,-1092,1,下位,0,0,0
94,94,0,48,47,1,0,0,0,0,1,0,下位,0,0,0
964,964,0,146,223,1,1,94,0,0,1,0,下位,0,94,99
123,123,0,94,82,0,0,0,1058,275,-1332,3,下位,0,0,0
845,845,0,42,7,0,0,0,123,134,-1396,1,下位,0,0,0
861,861,0,94,153,0,1,845,123,134,-1396,1,下位,0,845,59
965,965,0,51,63,0,0,0,1706,205,-3884,1,下位,0,0,0
321,321,0,51,61,0,1,965,1706,205,-3884,1,下位,0,965,115
575,575,0,70,119,0,2,1286,1706,205,-3884,1,下位,0,321,113
554,554,0,1194,6118,0,0,0,1861,171,-6486,2,下位,0,0,0
164,164,0,68,48,1,0,0,0,0,1,0,下位,0,0,0
309,309,0,64,47,0,0,0,164,100,-164,1,下位,0,0,0
965,965,0,112,184,0,0,0,309,99,-563,1,下位,0,0,0
520,520,0,136,319,0,0,0,965,236,-1883,3,下位,0,0,0
840,840,0,42,7,0,0,0,520,371,-2351,4,下位,0,0,0
217,217,0,42,9,0,1,840,520,371,-2351,4,下位,0,840,59
288,288,0,1584,8273,0,2,1057,520,371,-2351,4,下位,0,217,61
229,229,0,78,178,1,0,0,0,0,1,0,下位,0,0,0
968,968,0,112,193,0,0,0,229,230,-138,1,下位,0,0,0
204,204,0,190,357,0,0,0,968,245,-1454,2,下位,0,0,0
248,248,0,68,114,1,0,0,0,0,1,0,下位,0,0,0
93,93,0,40,-7,0,0,0,248,166,-233,1,下位,0,0,0
152,152,0,84,85,0,1,93,248,166,-233,1,下位,0,93,45
340,340,0,62,57,0,0,0,245,137,-446,2,下位,0,0,0
800,800,0,42,9,0,0,0,340,109,-885,1,下位,0,0,0
934,934,0,72,26,0,1,800,340,109,-885,1,下位,0,800,61
468,468,0,87,126,0,0,0,1734,78,-3542,1,下位,0,0,0
974,974,0,98,137,1,0,0,0,0,1,0,下位,0,0,0
428,428,0,78,171,0,0,0,974,189,-1381,2,下位,0,0,0
963,963,0,66,118,0,0,0,428,223,-1848,1,下位,0,0,0
231,231,0,166,420,0,0,0,963,170,-3231,1,下位,0,0,0
724,724,0,78,85,0,0,0,231,472,-3132,5,下位,0,0,0
412,412,0,110,120,0,0,0,724,137,-4163,1,下位,0,0,0
110,110,0,101,133,1,0,0,0,0,1,0,下位,0,0,0
470,470,0,96,130,0,0,0,110,185,9,2,下位,0,0,0
905,905,0,135,224,0,0,0,470,182,-567,2,下位,0,0,0
384,384,0,147,334,0,0,0,905,276,-1751,2,下位,0,0,0
193,193,0,181,382,0,0,0,384,386,-1984,4,下位,0,0,0
476,476,0,84,160,0,0,0,193,434,-1861,5,下位,0,0,0
240,240,0,125,251,0,0,0,476,212,-2417,2,下位,0,0,0
83,83,0,1206,6560,0,0,0,240,303,-2501,3,下位,0,0,0
541,541,0,140,288,1,0,0,0,0,1,0,下位,0,0,0
217,217,0,155,128,0,0,0,541,340,-532,3,下位,0,0,0
966,966,0,58,52,0,0,0,217,180,-702,3,下位,0,0,0
230,230,0,51,63,1,0,0,0,0,1,0,下位,0,0,0
389,389,0,72,34,1,1,230,0,0,1,0,下位,0,230,115
295,295,0,106,122,1,0,0,0,0,1,0,下位,0,0,0
332,332,0,85,83,0,0,0,295,174,-301,3,下位,0,0,0
691,691,0,79,163,0,0,0,332,135,-701,1,下位,0,0,0
572,572,0,92,77,0,0,0,691,215,-1601,1,下位,0,0,0
163,163,0,60,57,0,0,0,572,129,-2395,2,下位,0,0,0
816,816,0,51,63,0,0,0,163,109,-2549,1,下位,0,0,0
781,781,0,52,69,0,1,816,163,109,-2549,1,下位,0,816,115
279,279,0,169,402,0,2,1597,163,109,-2549,1,下位,0,781,121
260,260,0,52,68,0,0,0,1876,454,-4885,4,下位,0,0,0
190,190,0,70,41,0,1,260,1876,454,-4885,4,下位,0,260,120
331,331,0,108,268,0,0,0,450,93,-5397,1,下位,0,0,0
387,387,0,120,250,0,0,0,331,320,-5611,2,下位,0,0,0
304,304,0,89,235,1,0,0,0,0,1,0,下位,0,0,0
828,828,0,80,101,0,0,0,304,287,-202,2,下位,0,0,0
259,259,0,41,1,0,0,0,828,153,-1384,1,下位,0,0,0
442,442,0,113,114,0,1,259,828,153,-1384,1,下位,0,259,53
134,134,0,151,129,0,0,0,701,166,-2296,2,下位,0,0,0
556,556,0,42,11,0,0,0,134,181,-2331,3,下位,0,0,0
538,538,0,72,96,0,1,556,134,181,-2331,3,下位,0,556,63
705,705,0,125,326,1,0,0,0,0,1,0,下位,0,0,0
246,246,0,130,311,1,0,0,0,0,1,0,下位,0,0,0
340,340,0,112,255,0,0,0,246,363,-33,3,下位,0,0,0
178,178,0,170,312,0,0,0,340,307,-274,2,下位,0,0,0
258,258,0,192,288,0,0,0,178,364,-197,6,下位,0,0,0
553,553,0,52,69,0,0,0,258,340,-273,5,下位,0,0,0
199,199,0,118,100,0,1,553,258,340,-273,5,下位,0,553,121
198,198,0,62,50,0,0,0,752,152,-1213,2,下位,0,0,0
207,207,0,117,179,0,0,0,198,102,-1430,1,下位,0,0,0
604,604,0,56,62,0,0,0,207,231,-1533,3,下位,0,0,0
286,286,0,1344,6661,0,0,0,604,114,-2393,1,下位,0,0,0
341,341,0,87,82,0,0,0,286,6713,760,12,上位,0,0,0
896,896,0,1096,5318,1,0,0,0,0,1,0,下位,0,0,0
895,895,0,41,1,0,0,0,896,5370,768,10,上位,0,0,0
906,906,0,68,118,0,1,895,896,5370,768,10,上位,0,895,53
52,52,0,69,35,0,0,0,1801,170,-1914,1,下位,0,0,0
200,200,0,52,71,0,0,0,52,87,-1911,1,下位,0,0,0
203,203,0,42,7,0,1,200,52,87,-1911,1,下位,0,200,123
311,311,0,41,3,0,2,403,52,87,-1911,1,下位,0,203,59
817,817,0,97,219,0,3,714,52,87,-1911,1,下位,0,311,55
486,486,0,52,67,0,0,0,1531,271,-3873,2,下位,0,0,0
846,846,0,145,202,0,1,486,1531,271,-3873,2,下位,0,486,119
336,336,0,72,114,1,0,0,0,0,1,0,下位,0,0,0
88,88,0,80,93,0,0,0,336,166,-375,1,下位,0,0,0
626,626,0,72,110,0,0,0,88,145,-372,2,下位,0,0,0
181,181,0,58,60,0,0,0,626,162,-1220,1,下位,0,0,0
234,234,0,80,84,0,0,0,181,112,-1400,1,下位,0,0,0
624,624,0,90,79,0,0,0,234,136,-1641,1,下位,0,0,0
844,844,0,142,202,0,0,0,624,131,-2516,1,下位,0,0,0
39,39,0,70,111,1,0,0,0,0,1,0,下位,0,0,0
308,308,0,42,7,0,0,0,39,163,101,1,下位,0,0,0
388,388,0,72,114,0,1,308,39,163,101,1,下位,0,308,59
148,148,0,179,229,1,0,0,0,0,1,0,下位,0,0,0
156,156,0,93,74,0,0,0,148,281,43,4,下位,0,0,0
593,593,0,52,69,0,0,0,156,126,-83,1,下位,0,0,0
142,142,0,76,101,0,1,593,156,126,-83,1,下位,0,593,121
282,282,0,120,235,0,0,0,735,153,-994,1,下位,0,0,0
864,864,0,102,134,0,0,0,282,287,-1162,3,下位,0,0,0
120,120,0,68,103,1,0,0,0,0,1,0,下位,0,0,0
44,44,0,781,3972,0,0,0,120,155,-38,1,下位,0,0,0
485,485,0,88,158,0,0,0,44,4024,771,6,上位,0,0,0
283,283,0,83,85,0,0,0,485,210,199,1,下位,0,0,0
915,915,0,95,66,0,0,0,283,137,-120,1,下位,0,0,0
138,138,0,111,190,0,0,0,915,118,-1478,2,下位,0,0,0
920,920,0,120,168,0,0,0,138,242,-1459,2,下位,0,0,0
83,83,0,83,155,0,0,0,920,220,-2723,2,下位,0,0,0
165,165,0,87,73,1,0,0,0,0,1,0,下位,0,0,0
732,732,0,1450,7425,0,0,0,165,125,-140,2,下位,0,0,0
238,238,0,42,9,0,0,0,732,7477,761,13,上位,0,0,0
258,258,0,78,97,0,1,238,732,7477,761,13,上位,0,238,61
444,444,0,86,89,1,0,0,0,0,1,0,下位,0,0,0
426,426,0,202,342,1,0,0,0,0,1,0,下位,0,0,0
664,664,0,176,403,0,0,0,426,394,-292,5,下位,0,0,0
126,126,0,149,269,1,0,0,0,0,1,0,下位,0,0,0
363,363,0,52,71,0,0,0,126,321,119,3,下位,0,0,0
678,678,0,42,11,0,1,363,126,321,119,3,下位,0,363,123
967,967,0,42,9,0,2,1041,126,321,119,3,下位,0,678,63
420,420,0,74,109,0,3,2008,126,321,119,3,下位,0,967,61
146,146,0,82,94,0,0,0,2428,161,-3389,1,下位,0,0,0
802,802,0,52,67,0,0,0,146,146,-3478,1,下位,0,0,0
493,493,0,42,7,0,1,802,146,146,-3478,1,下位,0,802,119
406,406,0,41,3,0,2,1295,146,146,-3478,1,下位,0,493,59
262,262,0,108,194,0,3,1701,146,146,-3478,1,下位,0,406,55
236,236,0,88,163,0,0,0,1963,246,-6166,2,下位,0,0,0
776,776,0,68,50,0,0,0,236,215,-6332,2,下位,0,0,0
509,509,0,78,22,1,0,0,0,0,1,0,下位,0,0,0
932,932,0,81,21,0,0,0,509,74,-746,1,下位,0,0,0
234,234,0,109,205,0,0,0,932,73,-2176,1,下位,0,0,0
422,422,0,144,286,0,0,0,234,257,-2296,2,下位,0,0,0
433,433,0,108,43,0,0,0,422,338,-2639,4,下位,0,0,0
325,325,0,92,152,0,0,0,433,95,-3242,2,下位,0,0,0
237,237,0,127,223,1,0,0,0,0,1,0,下位,0,0,0
231,231,0,102,141,0,0,0,237,275,-106,2,下位,0,0,0
962,962,0,98,142,0,0,0,231,193,-286,1,下位,0,0,0
188,188,0,137,235,0,0,0,962,194,-1644,2,下位,0,0,0
68,68,0,1146,5590,0,0,0,188,287,-1660,3,下位,0,0,0
633,633,0,136,298,1,0,0,0,0,1,0,下位,0,0,0
320,320,0,56,68,0,0,0,633,350,-670,3,下位,0,0,0
870,870,0,143,212,0,0,0,320,120,-1066,1,下位,0,0,0
291,291,0,143,218,0,0,0,870,264,-2205,4,下位,0,0,0
712,712,0,136,143,1,0,0,0,0,1,0,下位,0,0,0
970,970,0,184,304,0,0,0,712,195,-952,3,下位,0,0,0
95,95,0,888,4635,0,0,0,970,356,-2161,5,下位,0,0,0
274,274,0,42,7,0,0,0,95,3836,753,5,上位,0,0,0
125,125,0,52,69,0,1,274,95,3836,753,5,上位,0,274,59
158,158,0,120,255,0,2,399,95,3836,753,5,上位,0,125,121
541,541,0,52,67,1,0,0,0,0,1,0,下位,0,0,0
652,652,0,82,86,1,1,541,0,0,1,0,下位,0,541,119
602,602,0,124,241,0,0,0,1193,138,-1667,1,下位,0,0,0
969,969,0,1287,7005,0,0,0,602,293,-2345,3,下位,0,0,0
966,966,0,79,85,0,0,0,969,6942,743,8,上位,0,0,0
725,725,0,164,269,1,0,0,0,0,1,0,下位,0,0,0
143,143,0,76,165,0,0,0,725,321,-847,5,下位,0,0,0
311,311,0,112,259,0,0,0,143,217,-861,1,下位,0,0,0
778,778,0,79,177,0,0,0,311,311,-1052,3,下位,0,0,0
494,494,0,68,101,0,0,0,778,229,-2078,1,下位,0,0,0
402,402,0,136,308,0,0,0,494,153,-2722,1,下位,0,0,0
872,872,0,71,176,0,0,0,402,360,-3010,4,下位,0,0,0
265,265,0,42,7,1,0,0,0,0,1,0,下位,0,0,0
967,967,0,61,53,1,1,265,0,0,1,0,下位,0,265,59
914,914,0,134,307,0,0,0,1232,105,-1822,1,下位,0,0,0
709,709,0,114,328,1,0,0,0,0,1,0,下位,0,0,0
91,91,0,1586,8528,0,0,0,709,380,-763,3,下位,0,0,0
305,305,0,42,7,0,0,0,91,8580,775,11,上位,0,0,0
675,675,0,118,178,0,1,305,91,8580,775,11,上位,0,305,59
571,571,0,110,128,0,0,0,980,230,-517,2,下位,0,0,0
180,180,0,127,315,0,0,0,571,180,-1258,2,下位,0,0,0
212,212,0,133,306,0,0,0,180,367,-1181,3,下位,0,0,0
498,498,0,51,61,0,0,0,212,358,-1165,3,下位,0,0,0
422,422,0,102,121,0,1,498,212,358,-1165,3,下位,0,498,113
632,632,0,69,89,1,0,0,0,0,1,0,下位,0,0,0
83,83,0,51,61,0,0,0,632,141,-877,1,下位,0,0,0
484,484,0,98,276,0,1,83,632,141,-877,1,下位,0,83,113
164,164,0,42,7,0,0,0,567,328,-1351,2,下位,0,0,0
367,367,0,84,95,0,1,164,567,328,-1351,2,下位,0,164,59
967,967,0,76,103,0,0,0,531,147,-2002,1,下位,0,0,0
265,265,0,158,268,0,0,0,967,155,-3407,1,下位,0,0,0
243,243,0,126,61,0,0,0,265,320,-3514,4,下位,0,0,0
656,656,0,94,154,0,0,0,243,113,-3793,3,下位,0,0,0
296,296,0,1915,9651,0,0,0,656,206,-4645,1,下位,0,0,0
406,406,0,115,185,1,0,0,0,0,1,0,下位,0,0,0
492,492,0,141,197,0,0,0,406,237,-417,3,下位,0,0,0
125,125,0,70,115,0,0,0,492,249,-962,3,下位,0,0,0
80,80,0,120,163,1,0,0,0,0,1,0,下位,0,0,0
336,336,0,152,235,0,0,0,80,215,87,3,下位,0,0,0
239,239,0,149,292,0,0,0,336,287,-168,4,下位,0,0,0
111,111,0,68,115,0,0,0,239,344,-209,4,下位,0,0,0
332,332,0,1252,6182,0,0,0,111,167,-221,1,下位,0,0,0
340,340,0,60,51,1,0,0,0,0,1,0,下位,0,0,0
158,158,0,131,300,0,0,0,340,103,-444,1,下位,0,0,0
240,240,0,41,3,0,0,0,158,352,-347,3,下位,0,0,0
294,294,0,1258,6276,0,1,240,158,352,-347,3,下位,0,240,55
286,286,0,42,7,0,0,0,534,6328,760,11,上位,0,0,0
230,230,0,52,69,0,1,286,534,6328,760,11,上位,0,286,59
303,303,0,214,342,0,2,516,534,6328,760,11,上位,0,230,121
158,158,0,42,7,0,0,0,819,394,13,4,下位,0,0,0
250,250,0,840,3697,0,1,158,819,394,13,4,下位,0,158,59
427,427,0,52,67,0,0,0,408,3749,742,9,上位,0,0,0
239,239,0,155,349,0,1,427,408,3749,742,9,上位,0,427,119
265,265,0,155,353,0,0,0,666,401,188,4,下位,0,0,0
945,945,0,110,197,0,0,0,265,405,166,3,下位,0,0,0
94,94,0,52,65,1,0,0,0,0,1,0,下位,0,0,0
964,964,0,186,370,1,1,94,0,0,1,0,下位,0,94,117
863,863,0,52,67,0,0,0,1058,422,-1167,5,下位,0,0,0
967,967,0,41,1,0,1,863,1058,422,-1167,5,下位,0,863,119
120,120,0,136,128,0,2,1830,1058,422,-1167,5,下位,0,967,53
292,292,0,52,71,0,0,0,1950,180,-3961,2,下位,0,0,0
430,430,0,128,316,0,1,292,1950,180,-3961,2,下位,0,292,123
366,366,0,88,83,0,0,0,722,368,-4635,3,下位,0,0,0
347,347,0,98,215,0,0,0,366,135,-5090,1,下位,0,0,0
977,977,0,41,3,0,0,0,347,267,-5383,2,下位,0,0,0
780,780,0,42,11,0,1,977,347,267,-5383,2,下位,0,977,55
141,141,0,147,203,0,2,1757,347,267,-5383,2,下位,0,780,63
425,425,0,137,205,0,0,0,1898,255,-8071,3,下位,0,0,0
558,558,0,99,60,1,0,0,0,0,1,0,下位,0,0,0
760,760,0,138,294,0,0,0,558,112,-787,2,下位,0,0,0
641,641,0,102,54,0,0,0,760,346,-1667,3,下位,0,0,0
242,242,0,134,237,1,0,0,0,0,1,0,下位,0,0,0
977,977,0,180,238,0,0,0,242,289,-100,3,下位,0,0,0
80,80,0,42,5,1,0,0,0,0,1,0,下位,0,0,0
963,963,0,59,57,1,1,80,0,0,1,0,下位,0,80,57
289,289,0,84,160,0,0,0,1043,109,-1515,1,下位,0,0,0
223,223,0,158,256,0,0,0,289,212,-1769,2,下位,0,0,0
940,940,0,42,9,0,0,0,223,308,-1821,3,下位,0,0,0
737,737,0,57,52,0,1,940,223,308,-1821,3,下位,0,940,61
132,132,0,52,65,1,0,0,0,0,1,0,下位,0,0,0
620,620,0,74,100,1,1,132,0,0,1,0,下位,0,132,117
37,37,0,52,69,0,0,0,752,152,-943,2,下位,0,0,0
757,757,0,154,275,0,1,37,752,152,-943,2,下位,0,37,121
300,300,0,51,61,0,0,0,794,327,-1776,3,下位,0,0,0
939,939,0,51,61,0,1,300,794,327,-1776,3,下位,0,300,113
262,262,0,51,63,0,2,1239,794,327,-1776,3,下位,0,939,113
602,602,0,107,125,0,3,1501,794,327,-1776,3,下位,0,262,115
92,92,0,2053,10918,0,0,0,2103,177,-4651,2,下位,0,0,0
389,389,0,76,104,0,0,0,92,10970,768,15,上位,0,0,0
321,321,0,218,325,0,0,0,389,156,297,1,下位,0,0,0
964,964,0,97,225,0,0,0,321,377,156,5,下位,0,0,0
596,596,0,165,265,1,0,0,0,0,1,0,下位,0,0,0
938,938,0,209,331,1,0,0,0,0,1,0,下位,0,0,0
887,887,0,52,69,0,0,0,938,383,-1129,4,下位,0,0,0
876,876,0,52,66,0,1,887,938,383,-1129,4,下位,0,887,121
543,543,0,66,110,0,2,1763,938,383,-1129,4,下位,0,876,118
367,367,0,87,166,0,0,0,2306,162,-4448,1,下位,0,0,0
228,228,0,52,69,0,0,0,367,218,-4822,1,下位,0,0,0
323,323,0,114,193,0,1,228,367,218,-4822,1,下位,0,228,121
26,26,0,51,61,1,0,0,0,0,1,0,下位,0,0,0
623,623,0,68,40,1,1,26,0,0,1,0,下位,0,26,113
173,173,0,106,117,0,0,0,649,92,-841,1,下位,0,0,0
369,369,0,75,21,0,0,0,173,169,-951,2,下位,0,0,0
831,831,0,191,281,0,0,0,369,73,-1473,1,下位,0,0,0
926,926,0,42,11,0,0,0,831,333,-2480,4,下位,0,0,0
485,485,0,152,214,0,1,926,831,333,-2480,4,下位,0,926,63
490,490,0,70,117,0,0,0,1411,266,-4427,4,下位,0,0,0
470,470,0,150,193,1,0,0,0,0,1,0,下位,0,0,0
168,168,0,936,4671,0,0,0,470,245,-512,4,下位,0,0,0
84,84,0,186,279,0,0,0,168,4723,757,8,上位,0,0,0
947,947,0,52,65,0,0,0,84,331,953,4,下位,0,0,0
454,454,0,42,9,0,1,947,84,331,953,4,下位,0,947,117
285,285,0,1266,6189,0,2,1401,84,331,953,4,下位,0,454,61
474,474,0,42,7,0,0,0,1686,6241,739,11,上位,0,0,0
95,95,0,42,6,0,1,474,1686,6241,739,11,上位,0,474,59
350,350,0,138,308,0,2,569,1686,6241,739,11,上位,0,95,58
333,333,0,60,53,0,0,0,919,360,-267,3,下位,0,0,0
965,965,0,110,173,0,0,0,333,105,-699,1,下位,0,0,0
349,349,0,89,149,1,0,0,0,0,1,0,下位,0,0,0
88,88,0,71,178,0,0,0,349,201,-361,1,下位,0,0,0
93,93,0,939,5006,0,0,0,88,230,-273,1,下位,0,0,0
297,297,0,41,3,0,0,0,93,3835,748,5,上位,0,0,0
84,84,0,52,69,0,1,297,93,3835,748,5,上位,0,297,55
513,513,0,75,101,0,2,381,93,3835,748,5,上位,0,84,121
146,146,0,102,298,0,0,0,894,153,-364,1,下位,0,0,0
94,94,0,51,61,0,0,0,146,350,-249,2,下位,0,0,0
969,969,0,82,159,0,1,94,146,350,-249,2,下位,0,94,113
370,370,0,98,134,0,0,0,1063,211,-1640,2,下位,0,0,0
518,518,0,990,4679,1,0,0,0,0,1,0,下位,0,0,0
445,445,0,70,31,0,0,0,518,4731,761,10,上位,0,0,0
935,935,0,42,11,1,0,0,0,0,1,0,下位,0,0,0
138,138,0,42,5,1,1,935,0,0,1,0,下位,0,935,63
517,517,0,1730,9298,1,2,1073,0,0,1,0,下位,0,138,57
968,968,0,82,86,0,0,0,1590,9350,755,15,上位,0,0,0
969,969,0,41,1,0,0,0,968,138,-668,1,下位,0,0,0
409,409,0,145,210,0,1,969,968,138,-668,1,下位,0,969,53
307,307,0,138,209,1,0,0,0,0,1,0,下位,0,0,0
842,842,0,150,293,0,0,0,307,261,-233,4,下位,0,0,0
922,922,0,42,9,0,0,0,842,345,-1246,4,下位,0,0,0
267,267,0,67,112,0,1,922,842,345,-1246,4,下位,0,922,61
976,976,0,106,206,0,0,0,1189,164,-2939,1,下位,0,0,0
668,668,0,40,-1,0,0,0,976,258,-4255,3,下位,0,0,0
418,418,0,42,7,0,1,668,976,258,-4255,3,下位,0,668,51
967,967,0,1394,6866,0,2,1086,976,258,-4255,3,下位,0,418,59
427,427,0,51,63,1,0,0,0,0,1,0,下位,0,0,0
338,338,0,51,61,1,1,427,0,0,1,0,下位,0,427,115
723,723,0,164,253,1,2,765,0,0,1,0,下位,0,338,113
604,604,0,188,356,0,0,0,1488,305,-1866,3,下位,0,0,0
467,467,0,86,155,0,0,0,604,408,-2432,6,下位,0,0,0
577,577,0,97,147,0,0,0,467,207,-2978,2,下位,0,0,0
428,428,0,72,112,1,0,0,0,0,1,0,下位,0,0,0
829,829,0,66,114,0,0,0,428,164,-525,1,下位,0,0,0
221,221,0,1606,8384,0,0,0,829,166,-1696,1,下位,0,0,0
257,257,0,50,56,1,0,0,0,0,1,0,下位,0,0,0
326,326,0,79,177,1,1,257,0,0,1,0,下位,0,257,108
537,537,0,52,65,0,0,0,583,229,-603,1,下位,0,0,0
967,967,0,94,222,0,1,537,583,229,-603,1,下位,0,537,117
603,603,0,74,96,0,0,0,1504,274,-2638,2,下位,0,0,0
879,879,0,105,196,1,0,0,0,0,1,0,下位,0,0,0
821,821,0,132,149,0,0,0,879,248,-1169,2,下位,0,0,0
965,965,0,897,4527,0,0,0,821,201,-2292,3,下位,0,0,0
905,905,0,52,65,0,0,0,965,4579,731,8,上位,0,0,0
572,572,0,42,5,0,1,905,965,4579,731,8,上位,0,905,117
324,324,0,152,278,0,2,1477,965,4579,731,8,上位,0,572,57
970,970,0,92,76,0,0,0,1801,330,-1671,3,下位,0,0,0
964,964,0,123,236,0,0,0,970,128,-3108,1,下位,0,0,0
367,367,0,112,197,1,0,0,0,0,1,0,下位,0,0,0
796,796,0,182,233,0,0,0,367,249,-342,3,下位,0,0,0
966,966,0,903,4398,0,0,0,796,285,-1341,4,下位,0,0,0
820,820,0,78,174,1,0,0,0,0,1,0,下位,0,0,0
221,221,0,52,69,0,0,0,820,226,-1096,1,下位,0,0,0
714,714,0,102,193,0,1,221,820,226,-1096,1,下位,0,221,121
244,244,0,88,123,1,0,0,0,0,1,0,下位,0,0,0
279,279,0,88,152,0,0,0,244,175,-218,2,下位,0,0,0
495,495,0,70,109,0,0,0,279,204,-464,1,下位,0,0,0
969,969,0,42,10,0,0,0,495,161,-1101,1,下位,0,0,0
431,431,0,64,33,0,1,969,495,161,-1101,1,下位,0,969,62
929,929,0,102,204,0,0,0,1400,85,-3212,1,下位,0,0,0
888,888,0,117,98,1,0,0,0,0,1,0,下位,0,0,0
310,310,0,42,7,0,0,0,888,150,-1281,2,下位,0,0,0
969,969,0,174,385,0,1,310,888,150,-1281,2,下位,0,310,59
167,167,0,42,9,1,0,0,0,0,1,0,下位,0,0,0
259,259,0,109,189,1,1,167,0,0,1,0,下位,0,167,61
409,409,0,132,156,0,0,0,426,241,-384,3,下位,0,0,0
54,54,0,102,125,1,0,0,0,0,1,0,下位,0,0,0
958,958,0,67,45,0,0,0,54,177,91,1,下位,0,0,0
439,439,0,42,9,1,0,0,0,0,1,0,下位,0,0,0
482,482,0,91,83,1,1,439,0,0,1,0,下位,0,439,61
865,865,0,42,11,0,0,0,921,135,-1288,1,下位,0,0,0
402,402,0,188,367,0,1,865,921,135,-1288,1,下位,0,865,63
303,303,0,42,7,0,0,0,1267,419,-2849,5,下位,0,0,0
752,752,0,195,356,0,1,303,1267,419,-2849,5,下位,0,303,59
101,101,0,105,274,1,0,0,0,0,1,0,下位,0,0,0
240,240,0,42,7,0,0,0,101,326,164,3,下位,0,0,0
505,505,0,42,9,0,1,240,101,326,164,3,下位,0,240,59
772,772,0,42,8,0,2,745,101,326,164,3,下位,0,505,61
769,769,0,42,5,0,3,1517,101,326,164,3,下位,0,772,60
230,230,0,42,9,0,4,2286,101,326,164,3,下位,0,769,57
145,145,0,86,78,0,5,2516,101,326,164,3,下位,0,230,61
305,305,0,51,63,0,0,0,2661,130,-3700,1,下位,0,0,0
699,699,0,153,270,0,1,305,2661,130,-3700,1,下位,0,305,115
252,252,0,90,145,0,0,0,1004,322,-4882,3,下位,0,0,0
550,550,0,41,3,1,0,0,0,0,1,0,下位,0,0,0
254,254,0,69,119,1,1,550,0,0,1,0,下位,0,550,55
63,63,0,71,109,1,0,0,0,0,1,0,下位,0,0,0
315,315,0,60,49,0,0,0,63,161,60,1,下位,0,0,0
968,968,0,69,109,0,0,0,315,101,-347,1,下位,0,0,0
153,153,0,144,215,1,0,0,0,0,1,0,下位,0,0,0
330,330,0,68,113,0,0,0,153,267,21,3,下位,0,0,0
367,367,0,60,55,0,0,0,330,165,-346,1,下位,0,0,0
159,159,0,65,118,0,0,0,367,107,-831,1,下位,0,0,0
164,164,0,1178,5829,0,0,0,159,170,-917,1,下位,0,0,0
52,52,0,56,48,0,0,0,164,5881,756,11,上位,0,0,0
150,150,0,42,7,1,0,0,0,0,1,0,下位,0,0,0
528,528,0,174,234,1,1,150,0,0,1,0,下位,0,150,59
827,827,0,51,63,1,0,0,0,0,1,0,下位,0,0,0
259,259,0,104,130,1,1,827,0,0,1,0,下位,0,827,115
210,210,0,120,106,0,0,0,1086,182,-1454,2,下位,0,0,0
89,89,0,42,5,0,0,0,210,158,-1635,2,下位,0,0,0
205,205,0,1167,5888,0,1,89,210,158,-1635,2,下位,0,89,57
868,868,0,42,9,0,0,0,294,5940,764,10,上位,0,0,0
337,337,0,681,3286,0,1,868,294,5940,764,10,上位,0,868,61
829,829,0,681,2992,0,0,0,1205,3338,747,7,上位,0,0,0
255,255,0,100,132,0,0,0,829,3044,770,7,上位,0,0,0
361,361,0,767,3441,0,0,0,255,184,543,2,下位,0,0,0
421,421,0,91,56,1,0,0,0,0,1,0,下位,0,0,0
35,35,0,59,50,0,0,0,421,108,-570,1,下位,0,0,0
495,495,0,54,57,0,0,0,35,102,-524,1,下位,0,0,0
205,205,0,72,112,0,0,0,495,109,-1213,1,下位,0,0,0
530,530,0,1224,6163,0,0,0,205,164,-1380,1,下位,0,0,0
967,967,0,84,164,0,0,0,530,6215,758,10,上位,0,0,0
186,186,0,144,216,1,0,0,0,0,1,0,下位,0,0,0
94,94,0,94,74,0,0,0,186,268,-31,4,下位,0,0,0
347,347,0,72,37,1,0,0,0,0,1,0,下位,0,0,0
489,489,0,179,293,0,0,0,347,89,-470,1,下位,0,0,0
97,97,0,1064,5546,0,0,0,489,345,-914,4,下位,0,0,0
480,480,0,40,-7,0,0,0,97,5537,755,7,上位,0,0,0
49,49,0,73,31,0,1,480,97,5537,755,7,上位,0,480,45
249,249,0,169,408,0,0,0,529,83,30,1,下位,0,0,0
622,622,0,110,182,1,0,0,0,0,1,0,下位,0,0,0
199,199,0,142,136,0,0,0,622,234,-768,3,下位,0,0,0
233,233,0,68,116,0,0,0,199,188,-901,3,下位,0,0,0
272,272,0,42,7,0,0,0,233,168,-1109,1,下位,0,0,0
185,185,0,129,166,0,1,272,233,168,-1109,1,下位,0,272,59
75,75,0,41,3,0,0,0,457,218,-1569,2,下位,0,0,0
842,842,0,42,7,0,1,75,457,218,-1569,2,下位,0,75,55
54,54,0,133,307,0,2,917,457,218,-1569,2,下位,0,842,59
239,239,0,108,129,0,0,0,971,359,-2662,3,下位,0,0,0
973,973,0,118,256,0,0,0,239,181,-2866,2,下位,0,0,0
216,216,0,72,40,0,0,0,973,308,-4127,3,下位,0,0,0
605,605,0,131,310,1,0,0,0,0,1,0,下位,0,0,0
283,283,0,71,106,0,0,0,605,362,-613,3,下位,0,0,0
345,345,0,42,7,0,0,0,283,158,-911,1,下位,0,0,0
132,132,0,76,16,0,1,345,283,158,-911,1,下位,0,345,59
626,626,0,106,280,0,0,0,477,68,-1553,1,下位,0,0,0
642,642,0,151,285,0,0,0,626,332,-2231,2,下位,0,0,0
203,203,0,2214,10979,1,0,0,0,0,1,0,下位,0,0,0
661,661,0,78,149,1,0,0,0,0,1,0,下位,0,0,0
792,792,0,1075,5104,1,0,0,0,0,1,0,下位,0,0,0
48,48,0,76,27,0,0,0,792,5156,738,10,上位,0,0,0
936,936,0,86,163,0,0,0,48,79,740,1,下位,0,0,0
397,397,0,76,23,0,0,0,936,215,-555,1,下位,0,0,0
324,324,0,144,282,0,0,0,397,75,-1120,1,下位,0,0,0
223,223,0,92,145,0,0,0,324,334,-1309,3,下位,0,0,0
157,157,0,52,71,0,0,0,223,197,-1472,2,下位,0,0,0
264,264,0,80,93,0,1,157,223,197,-1472,2,下位,0,157,123
152,152,0,52,69,0,0,0,421,145,-1883,1,下位,0,0,0
57,57,0,42,11,0,1,152,421,145,-1883,1,下位,0,152,121
970,970,0,42,7,0,2,209,421,145,-1883,1,下位,0,57,63
195,195,0,52,67,0,3,1179,421,145,-1883,1,下位,0,970,59
234,234,0,76,101,0,4,1374,421,145,-1883,1,下位,0,195,119
130,130,0,146,203,1,0,0,0,0,1,0,下位,0,0,0
521,521,0,86,76,0,0,0,130,255,46,4,下位,0,0,0
347,347,0,81,132,0,0,0,521,128,-666,1,下位,0,0,0
962,962,0,129,75,0,0,0,347,184,-1042,1,下位,0,0,0
235,235,0,95,108,0,0,0,962,127,-2467,3,下位,0,0,0
924,924,0,42,5,0,0,0,235,160,-2686,1,下位,0,0,0
253,253,0,56,65,0,1,924,235,160,-2686,1,下位,0,924,57
98,98,0,71,115,1,0,0,0,0,1,0,下位,0,0,0
161,161,0,79,103,0,0,0,98,167,10,1,下位,0,0,0
704,704,0,150,408,0,0,0,161,155,-95,1,下位,0,0,0
242,242,0,133,239,0,0,0,704,460,-770,5,下位,0,0,0
103,103,0,122,87,1,0,0,0,0,1,0,下位,0,0,0
167,167,0,41,3,0,0,0,103,139,-26,2,下位,0,0,0
94,94,0,51,63,0,1,167,103,139,-26,2,下位,0,167,55
902,902,0,104,57,0,2,261,103,139,-26,2,下位,0,94,115
808,808,0,68,42,0,0,0,1163,109,-1623,2,下位,0,0,0
146,146,0,125,170,1,0,0,0,0,1,0,下位,0,0,0
964,964,0,108,192,0,0,0,146,222,-12,2,下位,0,0,0
917,917,0,70,39,0,0,0,964,244,-1323,2,下位,0,0,0
141,141,0,138,296,0,0,0,917,91,-2711,1,下位,0,0,0
587,587,0,52,65,1,0,0,0,0,1,0,下位,0,0,0
192,192,0,89,146,1,1,587,0,0,1,0,下位,0,587,117
457,457,0,74,23,0,0,0,779,198,-941,2,下位,0,0,0
937,937,0,99,135,0,0,0,457,75,-1603,1,下位,0,0,0
340,340,0,78,155,0,0,0,937,187,-2927,1,下位,0,0,0
350,350,0,42,9,0,0,0,340,207,-3268,2,下位,0,0,0
423,423,0,187,294,0,1,350,340,207,-3268,2,下位,0,350,61
962,962,0,100,138,0,0,0,773,346,-4108,3,下位,0,0,0
574,574,0,124,171,1,0,0,0,0,1,0,下位,0,0,0
420,420,0,164,262,0,0,0,574,223,-702,2,下位,0,0,0
227,227,0,85,83,0,0,0,420,314,-1065,3,下位,0,0,0
183,183,0,207,346,0,0,0,227,135,-1296,1,下位,0,0,0
593,593,0,42,7,1,0,0,0,0,1,0,下位,0,0,0
697,697,0,140,307,1,1,593,0,0,1,0,下位,0,593,59
967,967,0,76,99,0,0,0,1290,359,-1661,3,下位,0,0,0
365,365,0,96,146,0,0,0,967,151,-3070,1,下位,0,0,0
186,186,0,138,296,0,0,0,365,198,-3461,1,下位,0,0,0
111,111,0,52,65,1,0,0,0,0,1,0,下位,0,0,0
814,814,0,1068,5147,1,1,111,0,0,1,0,下位,0,111,117
299,299,0,42,9,0,0,0,925,5199,749,11,上位,0,0,0
46,46,0,97,124,0,1,299,925,5199,749,11,上位,0,299,61
209,209,0,79,165,0,0,0,345,176,430,2,下位,0,0,0
298,298,0,108,205,0,0,0,209,217,310,2,下位,0,0,0
301,301,0,135,241,0,0,0,298,257,86,2,下位,0,0,0
95,95,0,58,51,0,0,0,301,293,-106,3,下位,0,0,0
213,213,0,52,67,0,0,0,95,103,-156,1,下位,0,0,0
966,966,0,148,50,0,1,213,95,103,-156,1,下位,0,213,119
182,182,0,52,67,1,0,0,0,0,1,0,下位,0,0,0
383,383,0,89,149,1,1,182,0,0,1,0,下位,0,182,119
469,469,0,57,62,0,0,0,565,201,-591,2,下位,0,0,0
95,95,0,94,67,0,0,0,469,114,-1233,1,下位,0,0,0
187,187,0,80,101,0,0,0,95,119,-1267,2,下位,0,0,0
817,817,0,52,67,0,0,0,187,153,-1416,1,下位,0,0,0
91,91,0,51,61,0,1,817,187,153,-1416,1,下位,0,817,119
968,968,0,134,149,0,2,908,187,153,-1416,1,下位,0,91,113
566,566,0,89,156,0,0,0,1876,201,-4009,3,下位,0,0,0
398,398,0,123,257,0,0,0,566,208,-4714,2,下位,0,0,0
755,755,0,140,141,0,0,0,398,309,-5047,2,下位,0,0,0
25,25,0,974,4599,1,0,0,0,0,1,0,下位,0,0,0
642,642,0,108,117,1,0,0,0,0,1,0,下位,0,0,0
281,281,0,122,255,0,0,0,642,169,-865,2,下位,0,0,0
135,135,0,114,184,1,0,0,0,0,1,0,下位,0,0,0
525,525,0,117,255,0,0,0,135,236,19,2,下位,0,0,0
205,205,0,84,87,0,0,0,525,307,-521,4,下位,0,0,0
143,143,0,52,71,0,0,0,205,139,-713,2,下位,0,0,0
379,379,0,52,65,0,1,143,205,139,-713,2,下位,0,143,123
168,168,0,72,182,0,2,522,205,139,-713,2,下位,0,379,117
148,148,0,177,226,0,0,0,690,234,-1352,1,下位,0,0,0
810,810,0,106,119,0,0,0,148,278,-1313,4,下位,0,0,0
218,218,0,142,288,0,0,0,810,171,-2448,2,下位,0,0,0
411,411,0,42,9,1,0,0,0,0,1,0,下位,0,0,0
92,92,0,78,28,1,1,411,0,0,1,0,下位,0,411,61
387,387,0,126,158,0,0,0,503,80,-669,1,下位,0,0,0
534,534,0,1884,9638,0,0,0,387,210,-1083,3,下位,0,0,0
678,678,0,82,22,0,0,0,534,9690,762,16,上位,0,0,0
257,257,0,41,3,0,0,0,678,74,-258,1,下位,0,0,0
636,636,0,42,7,0,1,257,678,74,-258,1,下位,0,257,55
408,408,0,119,255,0,2,893,678,74,-258,1,下位,0,636,59
79,79,0,895,4562,0,0,0,1301,307,-1936,3,下位,0,0,0
722,722,0,53,59,1,0,0,0,0,1,0,下位,0,0,0
442,442,0,149,195,0,0,0,722,111,-1053,1,下位,0,0,0
378,378,0,130,90,0,0,0,442,247,-1519,3,下位,0,0,0
400,400,0,132,234,0,0,0,378,142,-1987,3,下位,0,0,0
471,471,0,153,193,0,0,0,400,286,-2346,3,下位,0,0,0
139,139,0,68,40,1,0,0,0,0,1,0,下位,0,0,0
946,946,0,75,174,0,0,0,139,92,-131,1,下位,0,0,0
181,181,0,170,312,0,0,0,946,226,-1431,1,下位,0,0,0
222,222,0,95,151,0,0,0,181,364,-1359,5,下位,0,0,0
190,190,0,1099,5664,0,0,0,222,203,-1514,1,下位,0,0,0
219,219,0,102,199,1,0,0,0,0,1,0,下位,0,0,0
968,968,0,42,5,0,0,0,219,251,-101,2,下位,0,0,0
122,122,0,1228,6324,0,1,968,219,251,-101,2,下位,0,968,57
165,165,0,51,61,0,0,0,1090,6323,724,8,上位,0,0,0
93,93,0,96,293,0,1,165,1090,6323,724,8,上位,0,165,113
667,667,0,78,95,0,0,0,258,345,766,2,下位,0,0,0
451,451,0,139,359,0,0,0,667,147,-163,1,下位,0,0,0
906,906,0,52,69,0,0,0,451,411,-479,3,下位,0,0,0
283,283,0,71,34,0,1,906,451,411,-479,3,下位,0,906,121
51,51,0,66,106,0,0,0,1189,86,-2189,1,下位,0,0,0
262,262,0,1067,4941,0,0,0,51,158,-2113,1,下位,0,0,0
8,8,0,84,72,1,0,0,0,0,1,0,下位,0,0,0
221,221,0,64,41,0,0,0,8,124,112,1,下位,0,0,0
911,911,0,86,87,0,0,0,221,93,-151,1,下位,0,0,0
454,454,0,1148,6063,0,0,0,911,139,-1481,1,下位,0,0,0
336,336,0,118,100,0,0,0,454,6115,762,11,上位,0,0,0
285,285,0,82,96,0,0,0,336,152,372,3,下位,0,0,0
838,838,0,1037,5206,1,0,0,0,0,1,0,下位,0,0,0
589,589,0,52,69,0,0,0,838,5258,767,9,上位,0,0,0
180,180,0,145,201,0,1,589,838,5258,767,9,上位,0,589,121
520,520,0,130,235,0,0,0,769,253,-99,3,下位,0,0,0
22,22,0,67,118,1,0,0,0,0,1,0,下位,0,0,0
222,222,0,116,182,0,0,0,22,170,136,1,下位,0,0,0
95,95,0,52,65,0,0,0,222,234,12,2,下位,0,0,0
180,180,0,834,4208,0,1,95,222,234,12,2,下位,0,95,117
375,375,0,76,101,1,0,0,0,0,1,0,下位,0,0,0
909,909,0,67,50,0,0,0,375,153,-451,1,下位,0,0,0
156,156,0,1585,8157,0,0,0,909,102,-1815,1,下位,0,0,0
149,149,0,106,199,0,0,0,156,8209,758,15,上位,0,0,0
558,558,0,99,297,0,0,0,149,251,769,2,下位,0,0,0
943,943,0,184,222,0,0,0,558,349,218,2,下位,0,0,0
767,767,0,80,99,0,0,0,943,274,-1029,4,下位,0,0,0
169,169,0,88,167,0,0,0,767,151,-2115,1,下位,0,0,0
143,143,0,51,63,0,0,0,169,219,-2169,2,下位,0,0,0
256,256,0,1362,6329,0,1,143,169,219,-2169,2,下位,0,143,115
40,40,0,49,51,1,0,0,0,0,1,0,下位,0,0,0
831,831,0,84,85,1,1,40,0,0,1,0,下位,0,40,103
966,966,0,202,268,0,0,0,871,137,-1164,1,下位,0,0,0
206,206,0,51,61,0,0,0,966,320,-2402,5,下位,0,0,0
836,836,0,1086,5428,0,1,206,966,320,-2402,5,下位,0,206,113
179,179,0,96,143,0,0,0,1042,5480,763,12,上位,0,0,0
613,613,0,160,351,1,0,0,0,0,1,0,下位,0,0,0
247,247,0,126,169,1,0,0,0,0,1,0,下位,0,0,0
962,962,0,52,71,0,0,0,247,221,-176,3,下位,0,0,0
977,977,0,53,59,0,1,962,247,221,-176,3,下位,0,962,123
16,16,0,82,161,1,0,0,0,0,1,0,下位,0,0,0
492,492,0,51,61,0,0,0,16,213,188,1,下位,0,0,0
622,622,0,93,147,0,1,492,16,213,188,1,下位,0,492,113
217,217,0,42,11,0,0,0,1114,199,-1297,1,下位,0,0,0
357,357,0,52,69,0,1,217,1114,199,-1297,1,下位,0,217,63
363,363,0,102,136,0,2,574,1114,199,-1297,1,下位,0,357,121
967,967,0,130,162,0,0,0,937,188,-2436,1,下位,0,0,0
178,178,0,41,1,0,0,0,967,214,-3782,2,下位,0,0,0
178,178,0,99,138,0,1,178,967,214,-3782,2,下位,0,178,53
186,186,0,135,240,0,0,0,356,190,-4113,2,下位,0,0,0
630,630,0,153,126,0,0,0,186,292,-4121,2,下位,0,0,0
209,209,0,113,190,1,0,0,0,0,1,0,下位,0,0,0
118,118,0,57,61,0,0,0,209,242,-94,2,下位,0,0,0
698,698,0,105,206,0,0,0,118,113,-171,1,下位,0,0,0
50,50,0,1386,7328,0,0,0,698,258,-1039,2,下位,0,0,0
87,87,0,41,3,0,0,0,50,7380,765,10,上位,0,0,0
393,393,0,73,186,0,1,87,50,7380,765,10,上位,0,87,55
338,338,0,85,152,0,0,0,480,238,284,1,下位,0,0,0
905,905,0,124,101,0,0,0,338,204,-57,1,下位,0,0,0
299,299,0,92,163,0,0,0,905,153,-1364,2,下位,0,0,0
51,51,0,825,4002,0,0,0,299,215,-1631,2,下位,0,0,0
271,271,0,76,80,1,0,0,0,0,1,0,下位,0,0,0
165,165,0,69,114,1,0,0,0,0,1,0,下位,0,0,0
460,460,0,155,260,0,0,0,165,166,-99,1,下位,0,0,0
148,148,0,58,54,0,0,0,460,312,-529,3,下位,0,0,0
257,257,0,156,276,0,0,0,148,106,-662,1,下位,0,0,0
142,142,0,59,51,1,0,0,0,0,1,0,下位,0,0,0
227,227,0,890,4300,0,0,0,142,103,-125,1,下位,0,0,0
210,210,0,76,102,0,0,0,227,4352,755,9,上位,0,0,0
71,71,0,42,7,0,0,0,210,154,570,1,下位,0,0,0
669,669,0,127,88,0,1,71,210,154,570,1,下位,0,71,59
507,507,0,59,59,0,0,0,740,140,-425,3,下位,0,0,0
294,294,0,101,218,0,0,0,507,111,-1132,1,下位,0,0,0
472,472,0,103,126,0,0,0,294,270,-1336,2,下位,0,0,0
159,159,0,94,148,0,0,0,472,178,-1919,1,下位,0,0,0
414,414,0,78,75,1,0,0,0,0,1,0,下位,0,0,0
266,266,0,75,101,0,0,0,414,127,-540,1,下位,0,0,0
670,670,0,145,212,0,0,0,266,153,-816,2,下位,0,0,0
275,275,0,81,101,0,0,0,670,264,-1633,3,下位,0,0,0
273,273,0,83,83,0,0,0,275,153,-1924,2,下位,0,0,0
451,451,0,52,71,0,0,0,273,135,-2229,2,下位,0,0,0
839,839,0,42,11,0,1,451,273,135,-2229,2,下位,0,451,123
625,625,0,58,54,0,2,1290,273,135,-2229,2,下位,0,839,63
347,347,0,42,5,0,0,0,1915,106,-5025,1,下位,0,0,0
517,517,0,52,67,0,1,347,1915,106,-5025,1,下位,0,347,57
307,307,0,103,209,0,2,864,1915,106,-5025,1,下位,0,517,119
36,36,0,109,202,1,0,0,0,0,1,0,下位,0,0,0
975,975,0,184,226,1,0,0,0,0,1,0,下位,0,0,0
694,694,0,1328,6937,0,0,0,975,278,-1294,5,下位,0,0,0
301,301,0,154,214,1,0,0,0,0,1,0,下位,0,0,0
55,55,0,55,41,0,0,0,301,266,-218,3,下位,0,0,0
480,480,0,167,237,0,0,0,55,93,-214,1,下位,0,0,0
405,405,0,100,132,0,0,0,480,289,-699,4,下位,0,0,0
187,187,0,90,228,0,0,0,405,184,-1168,1,下位,0,0,0
871,871,0,52,65,0,0,0,187,280,-1190,2,下位,0,0,0
978,978,0,168,245,0,1,871,187,280,-1190,2,下位,0,871,117
745,745,0,51,62,0,0,0,1849,297,-3758,4,下位,0,0,0
740,740,0,52,65,0,1,745,1849,297,-3758,4,下位,0,745,114
133,133,0,205,193,0,2,1485,1849,297,-3758,4,下位,0,740,117
213,213,0,148,293,0,0,0,1618,245,-5893,4,下位,0,0,0
674,674,0,84,165,1,0,0,0,0,1,0,下位,0,0,0
820,820,0,121,240,0,0,0,674,217,-869,1,下位,0,0,0
311,311,0,116,272,0,0,0,820,292,-1900,3,下位,0,0,0
582,582,0,70,110,0,0,0,311,324,-2078,2,下位,0,0,0
174,174,0,41,2,0,0,0,582,162,-2855,1,下位,0,0,0
116,116,0,122,241,0,1,174,582,162,-2855,1,下位,0,174,54
156,156,0,86,163,0,0,0,290,293,-2976,3,下位,0,0,0
229,229,0,102,143,1,0,0,0,0,1,0,下位,0,0,0
124,124,0,886,4219,0,0,0,229,195,-173,2,下位,0,0,0
975,975,0,174,157,1,0,0,0,0,1,0,下位,0,0,0
449,449,0,2100,10659,1,0,0,0,0,1,0,下位,0,0,0
609,609,0,634,2636,0,0,0,449,10711,750,18,上位,0,0,0
348,348,0,105,202,0,0,0,609,2688,744,8,上位,0,0,0
675,675,0,91,221,0,0,0,348,254,437,2,下位,0,0,0
106,106,0,70,111,0,0,0,675,273,-379,2,下位,0,0,0
745,745,0,131,241,0,0,0,106,163,-387,1,下位,0,0,0
721,721,0,57,58,1,0,0,0,0,1,0,下位,0,0,0
964,964,0,1392,7190,0,0,0,721,110,-1052,1,下位,0,0,0
130,130,0,128,169,1,0,0,0,0,1,0,下位,0,0,0
942,942,0,133,153,1,0,0,0,0,1,0,下位,0,0,0
750,750,0,85,159,1,0,0,0,0,1,0,下位,0,0,0
253,253,0,146,209,0,0,0,750,211,-998,1,下位,0,0,0
278,278,0,104,136,0,0,0,253,261,-1145,3,下位,0,0,0
752,752,0,66,104,0,0,0,278,188,-1405,2,下位,0,0,0
179,179,0,72,182,0,0,0,752,156,-2462,1,下位,0,0,0
435,435,0,42,7,0,0,0,179,234,-2517,1,下位,0,0,0
177,177,0,102,117,0,1,435,179,234,-2517,1,下位,0,435,59
735,735,0,126,241,0,0,0,612,169,-3276,2,下位,0,0,0
758,758,0,78,86,0,0,0,735,293,-4168,3,下位,0,0,0
299,299,0,72,99,1,0,0,0,0,1,0,下位,0,0,0
799,799,0,132,165,0,0,0,299,151,-330,1,下位,0,0,0
312,312,0,42,7,0,0,0,799,217,-1402,3,下位,0,0,0
108,108,0,42,11,0,1,312,799,217,-1402,3,下位,0,312,59
423,423,0,42,5,0,2,420,799,217,-1402,3,下位,0,108,63
635,635,0,108,55,0,3,843,799,217,-1402,3,下位,0,423,57
486,486,0,42,9,0,0,0,1478,107,-3499,2,下位,0,0,0
446,446,0,86,154,0,1,486,1478,107,-3499,2,下位,0,486,61
842,842,0,103,130,0,0,0,932,206,-4735,2,下位,0,0,0
241,241,0,84,89,0,0,0,842,182,-5911,1,下位,0,0,0
81,81,0,77,95,1,0,0,0,0,1,0,下位,0,0,0
169,169,0,80,103,0,0,0,81,147,17,2,下位,0,0,0
882,882,0,107,110,0,0,0,169,155,-101,1,下位,0,0,0
690,690,0,42,9,1,0,0,0,0,1,0,下位,0,0,0
967,967,0,159,386,1,1,690,0,0,1,0,下位,0,690,61
383,383,0,131,166,1,0,0,0,0,1,0,下位,0,0,0
971,971,0,120,176,0,0,0,383,218,-399,2,下位,0,0,0
317,317,0,1198,6080,0,0,0,971,228,-1737,2,下位,0,0,0
595,595,0,146,291,1,0,0,0,0,1,0,下位,0,0,0
332,332,0,135,300,0,0,0,595,343,-616,3,下位,0,0,0
148,148,0,160,255,0,0,0,332,352,-799,4,下位,0,0,0
959,959,0,102,126,0,0,0,148,307,-731,3,下位,0,0,0
879,879,0,86,89,1,0,0,0,0,1,0,下位,0,0,0
510,510,0,155,424,1,0,0,0,0,1,0,下位,0,0,0
722,722,0,102,284,0,0,0,510,476,-346,5,下位,0,0,0
829,829,0,82,100,1,0,0,0,0,1,0,下位,0,0,0
820,820,0,86,227,0,0,0,829,152,-1184,1,下位,0,0,0
687,687,0,42,7,0,0,0,820,279,-2228,2,下位,0,0,0
253,253,0,70,111,0,1,687,820,279,-2228,2,下位,0,687,59
562,562,0,72,184,0,0,0,940,163,-3522,1,下位,0,0,0
318,318,0,52,71,0,0,0,562,236,-4192,1,下位,0,0,0
285,285,0,42,9,0,1,318,562,236,-4192,1,下位,0,318,123
386,386,0,164,260,0,2,603,562,236,-4192,1,下位,0,285,61
603,603,0,82,100,1,0,0,0,0,1,0,下位,0,0,0
510,510,0,42,9,0,0,0,603,152,-820,2,下位,0,0,0
68,68,0,100,139,0,1,510,603,152,-820,2,下位,0,510,61
430,430,0,137,374,0,0,0,578,191,-1501,1,下位,0,0,0
213,213,0,42,5,0,0,0,430,426,-1769,4,下位,0,0,0
215,215,0,100,73,0,1,213,430,426,-1769,4,下位,0,213,57
379,379,0,42,11,0,0,0,428,125,-2278,2,下位,0,0,0
214,214,0,148,207,0,1,379,428,125,-2278,2,下位,0,379,63
705,705,0,76,103,0,0,0,593,259,-2912,3,下位,0,0,0
969,969,0,73,29,0,0,0,705,155,-3894,1,下位,0,0,0
107,107,0,75,31,1,0,0,0,0,1,0,下位,0,0,0
252,252,0,1026,5083,0,0,0,107,83,-89,1,下位,0,0,0
261,261,0,116,106,1,0,0,0,0,1,0,下位,0,0,0
583,583,0,51,62,0,0,0,261,158,-262,2,下位,0,0,0
662,662,0,76,103,0,1,583,261,158,-262,2,下位,0,583,114
423,423,0,52,65,0,0,0,1245,155,-2001,1,下位,0,0,0
279,279,0,72,104,0,1,423,1245,155,-2001,1,下位,0,423,117
916,916,0,78,16,0,0,0,702,156,-2860,1,下位,0,0,0
607,607,0,86,165,0,0,0,916,68,-4269,1,下位,0,0,0
962,962,0,52,71,0,0,0,607,217,-5031,2,下位,0,0,0
500,500,0,71,94,0,1,962,607,217,-5031,2,下位,0,962,123
577,577,0,61,51,0,0,0,1462,146,-7120,1,下位,0,0,0
677,677,0,169,325,1,0,0,0,0,1,0,下位,0,0,0
686,686,0,72,38,0,0,0,677,377,-714,4,下位,0,0,0
286,286,0,78,89,1,0,0,0,0,1,0,下位,0,0,0
192,192,0,164,331,1,0,0,0,0,1,0,下位,0,0,0
968,968,0,140,360,0,0,0,192,383,74,4,下位,0,0,0
905,905,0,68,115,0,0,0,968,412,-1075,4,下位,0,0,0
429,429,0,58,58,1,0,0,0,0,1,0,下位,0,0,0
749,749,0,76,95,0,0,0,429,110,-581,1,下位,0,0,0
854,854,0,60,51,0,0,0,749,147,-1642,1,下位,0,0,0
414,414,0,42,7,1,0,0,0,0,1,0,下位,0,0,0
937,937,0,54,61,1,1,414,0,0,1,0,下位,0,414,59
281,281,0,52,65,0,0,0,1351,113,-2006,1,下位,0,0,0
169,169,0,164,263,0,1,281,1351,113,-2006,1,下位,0,281,117
196,196,0,86,165,1,0,0,0,0,1,0,下位,0,0,0
190,190,0,100,111,0,0,0,196,217,-98,2,下位,0,0,0
353,353,0,125,232,0,0,0,190,163,-241,1,下位,0,0,0
282,282,0,184,281,0,0,0,353,284,-526,3,下位,0,0,0
393,393,0,80,91,0,0,0,282,333,-648,5,下位,0,0,0
587,587,0,42,7,0,0,0,393,143,-1139,1,下位,0,0,0
343,343,0,150,256,0,1,587,393,143,-1139,1,下位,0,587,59
971,971,0,84,99,0,0,0,930,308,-2272,4,下位,0,0,0
216,216,0,65,38,0,0,0,971,151,-3687,1,下位,0,0,0
290,290,0,77,106,1,0,0,0,0,1,0,下位,0,0,0
209,209,0,988,4569,0,0,0,290,158,-309,1,下位,0,0,0
944,944,0,747,3172,0,0,0,209,4621,772,11,上位,0,0,0
42,42,0,96,103,1,0,0,0,0,1,0,下位,0,0,0
318,318,0,94,148,0,0,0,42,155,88,1,下位,0,0,0
396,396,0,169,385,1,0,0,0,0,1,0,下位,0,0,0
630,630,0,94,76,1,0,0,0,0,1,0,下位,0,0,0
68,68,0,981,4833,0,0,0,630,128,-887,1,下位,0,0,0
52,52,0,79,95,0,0,0,68,4885,761,8,上位,0,0,0
923,923,0,42,7,0,0,0,52,147,824,1,下位,0,0,0
982,982,0,101,136,0,1,923,52,147,824,1,下位,0,923,59
305,305,0,165,396,0,0,0,1905,188,-2002,1,下位,0,0,0
363,363,0,52,71,0,0,0,305,448,-2046,4,下位,0,0,0
266,266,0,150,345,0,1,363,305,448,-2046,4,下位,0,363,123
570,570,0,74,185,0,0,0,629,397,-2540,3,下位,0,0,0
211,211,0,141,293,0,0,0,570,237,-3222,1,下位,0,0,0
217,217,0,89,156,1,0,0,0,0,1,0,下位,0,0,0
192,192,0,134,225,0,0,0,217,208,-141,2,下位,0,0,0
967,967,0,42,7,0,0,0,192,277,-174,3,下位,0,0,0
807,807,0,92,210,0,1,967,192,277,-174,3,下位,0,967,59
347,347,0,68,113,0,0,0,1774,262,-2715,2,下位,0,0,0
136,136,0,51,64,0,0,0,347,165,-3110,1,下位,0,0,0
817,817,0,126,163,0,1,136,347,165,-3110,1,下位,0,136,116
71,71,0,107,209,1,0,0,0,0,1,0,下位,0,0,0
970,970,0,64,123,0,0,0,71,261,147,2,下位,0,0,0
143,143,0,100,209,0,0,0,970,175,-1243,1,下位,0,0,0
356,356,0,200,336,0,0,0,143,261,-1213,2,下位,0,0,0
556,556,0,100,198,1,0,0,0,0,1,0,下位,0,0,0
176,176,0,72,102,0,0,0,556,250,-646,2,下位,0,0,0
521,521,0,131,232,0,0,0,176,154,-776,1,下位,0,0,0
335,335,0,1109,5723,0,0,0,521,284,-1332,2,下位,0,0,0
76,76,0,72,113,0,0,0,335,5775,758,11,上位,0,0,0
751,751,0,58,49,1,0,0,0,0,1,0,下位,0,0,0
391,391,0,129,161,0,0,0,751,101,-1109,1,下位,0,0,0
318,318,0,108,124,0,0,0,391,213,-1527,2,下位,0,0,0
81,81,0,52,67,0,0,0,318,176,-1864,2,下位,0,0,0
128,128,0,73,29,0,1,81,318,176,-1864,2,下位,0,81,119
316,316,0,70,39,0,0,0,209,81,-2001,1,下位,0,0,0
87,87,0,41,3,0,0,0,316,91,-2420,1,下位,0,0,0
217,217,0,108,135,0,1,87,316,91,-2420,1,下位,0,87,55
152,152,0,74,160,0,0,0,304,187,-2668,3,下位,0,0,0
189,189,0,123,97,0,0,0,152,212,-2701,1,下位,0,0,0
666,666,0,122,188,0,0,0,189,149,-2857,2,下位,0,0,0
925,925,0,153,265,0,0,0,666,240,-3691,2,下位,0,0,0
530,530,0,54,63,0,0,0,925,317,-4866,4,下位,0,0,0
303,303,0,68,44,1,0,0,0,0,1,0,下位,0,0,0
323,323,0,51,61,0,0,0,303,96,-392,1,下位,0,0,0
281,281,0,42,5,0,1,323,303,96,-392,1,下位,0,323,113
211,211,0,144,216,0,2,604,303,96,-392,1,下位,0,281,57
123,123,0,42,9,0,0,0,815,268,-1268,3,下位,0,0,0
561,561,0,130,321,0,1,123,815,268,-1268,3,下位,0,123,61
633,633,0,72,108,0,0,0,684,373,-1937,3,下位,0,0,0
245,245,0,136,156,0,0,0,633,160,-2798,1,下位,0,0,0
589,589,0,114,201,1,0,0,0,0,1,0,下位,0,0,0
295,295,0,84,77,0,0,0,589,253,-696,2,下位,0,0,0
966,966,0,42,7,0,0,0,295,129,-1043,1,下位,0,0,0
978,978,0,42,9,0,1,966,295,129,-1043,1,下位,0,966,59
202,202,0,908,4218,0,2,1944,295,129,-1043,1,下位,0,978,61
933,933,0,52,65,0,0,0,2146,4270,-114,11,上位,0,0,0
68,68,0,83,71,0,1,933,2146,4270,-114,11,上位,0,933,117
226,226,0,88,67,1,0,0,0,0,1,0,下位,0,0,0
317,317,0,2149,10644,0,0,0,226,119,-245,1,下位,0,0,0
200,200,0,51,63,0,0,0,317,10696,747,17,上位,0,0,0
411,411,0,61,53,0,1,200,317,10696,747,17,上位,0,200,115
553,553,0,42,5,1,0,0,0,0,1,0,下位,0,0,0
283,283,0,107,197,1,1,553,0,0,1,0,下位,0,553,57
441,441,0,204,316,0,0,0,836,249,-1041,2,下位,0,0,0
810,810,0,110,275,0,0,0,441,368,-1384,5,下位,0,0,0
976,976,0,1116,5552,0,0,0,810,327,-2363,2,下位,0,0,0
447,447,0,52,69,0,0,0,976,5604,769,9,上位,0,0,0
115,115,0,96,211,0,1,447,976,5604,769,9,上位,0,447,121
183,183,0,100,136,0,0,0,562,263,247,2,下位,0,0,0
489,489,0,100,135,0,0,0,183,188,140,2,下位,0,0,0
643,643,0,152,350,0,0,0,489,187,-462,1,下位,0,0,0
92,92,0,739,3882,0,0,0,643,402,-1097,4,下位,0,0,0
253,253,0,110,126,1,0,0,0,0,1,0,下位,0,0,0
249,249,0,128,235,0,0,0,253,178,-229,2,下位,0,0,0
419,419,0,42,5,0,0,0,249,287,-344,2,下位,0,0,0
47,47,0,52,67,0,1,419,249,287,-344,2,下位,0,419,57
232,232,0,52,65,0,2,466,249,287,-344,2,下位,0,47,119
958,958,0,173,309,0,3,698,249,287,-344,2,下位,0,232,117
322,322,0,42,11,1,0,0,0,0,1,0,下位,0,0,0
80,80,0,73,38,1,1,322,0,0,1,0,下位,0,322,63
187,187,0,99,59,0,0,0,402,90,-494,1,下位,0,0,0
701,701,0,85,157,0,0,0,187,111,-685,2,下位,0,0,0
971,971,0,112,191,0,0,0,701,209,-1607,1,下位,0,0,0
971,971,0,133,288,0,0,0,971,243,-2930,2,下位,0,0,0
239,239,0,876,4206,1,0,0,0,0,1,0,下位,0,0,0
114,114,0,174,391,0,0,0,239,4258,756,8,上位,0,0,0
208,208,0,42,9,0,0,0,114,443,1015,4,下位,0,0,0
51,51,0,49,49,0,1,208,114,443,1015,4,下位,0,208,61
126,126,0,590,2527,0,2,259,114,443,1015,4,下位,0,51,101
71,71,0,156,331,1,0,0,0,0,1,0,下位,0,0,0
922,922,0,162,264,0,0,0,71,383,269,4,下位,0,0,0
972,972,0,61,38,0,0,0,922,316,-902,3,下位,0,0,0
668,668,0,42,9,0,0,0,972,90,-2380,1,下位,0,0,0
151,151,0,84,79,0,1,668,972,90,-2380,1,下位,0,668,61
625,625,0,168,245,0,0,0,819,131,-3509,1,下位,0,0,0
768,768,0,52,67,0,0,0,625,297,-4220,4,下位,0,0,0
233,233,0,118,190,0,1,768,625,297,-4220,4,下位,0,768,119
376,376,0,88,140,0,0,0,1001,242,-5474,2,下位,0,0,0
537,537,0,953,4707,1,0,0,0,0,1,0,下位,0,0,0
255,255,0,178,320,0,0,0,537,4759,774,8,上位,0,0,0
526,526,0,52,65,0,0,0,255,372,735,4,下位,0,0,0
749,749,0,82,172,0,1,526,255,372,735,4,下位,0,526,117
633,633,0,1006,5244,0,0,0,1275,224,-980,1,下位,0,0,0
53,53,0,42,5,0,0,0,633,5296,776,10,上位,0,0,0
637,637,0,59,41,0,1,53,633,5296,776,10,上位,0,53,57
229,229,0,154,338,1,0,0,0,0,1,0,下位,0,0,0
348,348,0,51,63,0,0,0,229,390,22,4,下位,0,0,0
965,965,0,159,332,0,1,348,229,390,22,4,下位,0,348,115
662,662,0,1034,4935,1,0,0,0,0,1,0,下位,0,0,0
278,278,0,138,372,0,0,0,662,4987,771,11,上位,0,0,0
51,51,0,822,3906,1,0,0,0,0,1,0,下位,0,0,0
295,295,0,42,11,0,0,0,51,3958,751,8,上位,0,0,0
279,279,0,42,8,0,1,295,51,3958,751,8,上位,0,295,63
232,232,0,52,65,0,2,574,51,3958,751,8,上位,0,279,60
600,600,0,94,73,0,3,806,51,3958,751,8,上位,0,232,117
303,303,0,42,11,0,0,0,1406,125,-1152,2,下位,0,0,0
214,214,0,117,181,0,1,303,1406,125,-1152,2,下位,0,303,63
162,162,0,51,61,0,0,0,517,233,-1690,2,下位,0,0,0
231,231,0,122,331,0,1,162,517,233,-1690,2,下位,0,162,113
134,134,0,177,405,0,0,0,393,383,-1828,3,下位,0,0,0
969,969,0,130,158,0,0,0,134,457,-1587,5,下位,0,0,0
309,309,0,42,7,0,0,0,969,210,-2940,2,下位,0,0,0
589,589,0,42,9,0,1,309,969,210,-2940,2,下位,0,309,59
366,366,0,126,159,0,2,898,969,210,-2940,2,下位,0,589,61
297,297,0,1768,8863,0,0,0,1264,211,-4647,2,下位,0,0,0
234,234,0,80,175,1,0,0,0,0,1,0,下位,0,0,0
226,226,0,875,4284,0,0,0,234,227,-149,1,下位,0,0,0
164,164,0,622,2616,0,0,0,226,4336,737,8,上位,0,0,0
815,815,0,52,65,0,0,0,164,2668,767,8,上位,0,0,0
771,771,0,42,7,0,1,815,164,2668,767,8,上位,0,815,117
335,335,0,95,141,0,2,1586,164,2668,767,8,上位,0,771,59
676,676,0,91,81,1,0,0,0,0,1,0,下位,0,0,0
799,799,0,42,5,0,0,0,676,133,-956,1,下位,0,0,0
170,170,0,1380,7110,0,1,799,676,133,-956,1,下位,0,799,57
210,210,0,84,94,0,0,0,969,7162,755,12,上位,0,0,0
703,703,0,68,114,0,0,0,210,146,562,2,下位,0,0,0
812,812,0,96,145,0,0,0,703,166,-406,1,下位,0,0,0
462,462,0,110,110,1,0,0,0,0,1,0,下位,0,0,0
288,288,0,52,69,0,0,0,462,162,-582,2,下位,0,0,0
135,135,0,52,67,0,1,288,462,162,-582,2,下位,0,288,121
454,454,0,42,7,0,2,423,462,162,-582,2,下位,0,135,119
290,290,0,189,348,0,3,877,462,162,-582,2,下位,0,454,59
355,355,0,52,71,0,0,0,1167,400,-1766,5,下位,0,0,0
232,232,0,99,144,0,1,355,1167,400,-1766,5,下位,0,355,123
185,185,0,42,7,0,0,0,587,196,-2394,2,下位,0,0,0
182,182,0,52,65,0,1,185,587,196,-2394,2,下位,0,185,59
221,221,0,51,61,0,2,367,587,196,-2394,2,下位,0,182,117
472,472,0,80,79,0,3,588,587,196,-2394,2,下位,0,221,113
776,776,0,147,368,0,0,0,1060,131,-3683,1,下位,0,0,0
544,544,0,141,129,1,0,0,0,0,1,0,下位,0,0,0
896,896,0,135,147,0,0,0,544,181,-695,2,下位,0,0,0
403,403,0,134,313,0,0,0,896,199,-1941,3,下位,0,0,0
487,487,0,77,68,0,0,0,403,365,-2226,3,下位,0,0,0
973,973,0,104,134,0,0,0,487,120,-2891,1,下位,0,0,0
578,578,0,41,3,0,0,0,973,186,-4274,2,下位,0,0,0
242,242,0,70,96,0,1,578,973,186,-4274,2,下位,0,578,55
701,701,0,168,248,1,0,0,0,0,1,0,下位,0,0,0
171,171,0,78,176,0,0,0,701,300,-830,3,下位,0,0,0
112,112,0,126,259,0,0,0,171,228,-878,1,下位,0,0,0
318,318,0,41,3,0,0,0,112,311,-748,2,下位,0,0,0
963,963,0,51,61,0,1,318,112,311,-748,2,下位,0,318,55
769,769,0,52,69,0,2,1281,112,311,-748,2,下位,0,963,113
245,245,0,52,65,0,3,2050,112,311,-748,2,下位,0,769,121
679,679,0,124,246,0,4,2295,112,311,-748,2,下位,0,245,117
962,962,0,100,126,0,0,0,2974,298,-4840,2,下位,0,0,0
252,252,0,52,66,0,0,0,962,178,-6214,1,下位,0,0,0
184,184,0,97,136,0,1,252,962,178,-6214,1,下位,0,252,118
549,549,0,83,85,1,0,0,0,0,1,0,下位,0,0,0
513,513,0,100,141,0,0,0,549,137,-747,1,下位,0,0,0
910,910,0,112,118,0,0,0,513,193,-1381,3,下位,0,0,0
334,334,0,54,57,1,0,0,0,0,1,0,下位,0,0,0
883,883,0,146,291,0,0,0,334,109,-429,1,下位,0,0,0
149,149,0,112,193,0,0,0,883,343,-1510,3,下位,0,0,0
259,259,0,76,33,0,0,0,149,245,-1505,2,下位,0,0,0
257,257,0,51,62,0,0,0,259,85,-1838,1,下位,0,0,0
291,291,0,41,1,0,1,257,259,85,-1838,1,下位,0,257,114
715,715,0,51,61,0,2,548,259,85,-1838,1,下位,0,291,53
837,837,0,100,145,0,3,1263,259,85,-1838,1,下位,0,715,113
145,145,0,108,118,1,0,0,0,0,1,0,下位,0,0,0
63,63,0,67,122,0,0,0,145,170,-63,2,下位,0,0,0
235,235,0,146,191,0,0,0,63,174,9,1,下位,0,0,0
234,234,0,42,9,0,0,0,235,243,-127,3,下位,0,0,0
818,818,0,144,198,0,1,234,235,243,-127,3,下位,0,234,61
419,419,0,51,63,0,0,0,1052,250,-1512,3,下位,0,0,0
967,967,0,160,335,0,1,419,1052,250,-1512,3,下位,0,419,115
328,328,0,51,63,0,0,0,1386,387,-3246,5,下位,0,0,0
149,149,0,68,36,0,1,328,1386,387,-3246,5,下位,0,328,115
976,976,0,66,38,0,0,0,477,88,-3812,1,下位,0,0,0
272,272,0,86,68,0,0,0,976,90,-5296,1,下位,0,0,0
692,692,0,64,43,0,0,0,272,120,-5615,1,下位,0,0,0
708,708,0,78,96,1,0,0,0,0,1,0,下位,0,0,0
986,986,0,67,122,0,0,0,708,148,-993,1,下位,0,0,0
484,484,0,114,192,0,0,0,986,174,-2409,1,下位,0,0,0
231,231,0,179,381,1,0,0,0,0,1,0,下位,0,0,0
229,229,0,42,5,0,0,0,231,433,61,5,下位,0,0,0
169,169,0,52,67,0,1,229,231,433,61,5,下位,0,229,57
970,970,0,105,121,0,2,398,231,433,61,5,下位,0,169,119
864,864,0,82,164,0,0,0,1368,173,-1797,2,下位,0,0,0
284,284,0,82,98,0,0,0,864,216,-2975,1,下位,0,0,0
93,93,0,42,6,0,0,0,284,150,-3283,1,下位,0,0,0
208,208,0,65,43,0,1,93,284,150,-3283,1,下位,0,93,58
606,606,0,184,362,0,0,0,301,95,-3615,1,下位,0,0,0
40,40,0,1469,7881,0,0,0,606,414,-4178,4,下位,0,0,0
255,255,0,136,377,1,0,0,0,0,1,0,下位,0,0,0
966,966,0,158,182,0,0,0,255,429,19,4,下位,0,0,0
391,391,0,95,145,0,0,0,966,234,-1305,3,下位,0,0,0
192,192,0,64,47,0,0,0,391,197,-1739,1,下位,0,0,0
490,490,0,41,3,0,0,0,192,99,-1950,1,下位,0,0,0
173,173,0,112,272,0,1,490,192,99,-1950,1,下位,0,490,55
257,257,0,52,68,0,0,0,663,324,-2640,3,下位,0,0,0
95,95,0,67,110,0,1,257,663,324,-2640,3,下位,0,257,120
659,659,0,120,178,0,0,0,352,162,-2926,1,下位,0,0,0
966,966,0,52,65,0,0,0,659,230,-3759,3,下位,0,0,0
478,478,0,52,67,0,1,966,659,230,-3759,3,下位,0,966,117
396,396,0,68,46,0,2,1444,659,230,-3759,3,下位,0,478,119
510,510,0,124,241,1,0,0,0,0,1,0,下位,0,0,0
258,258,0,128,237,0,0,0,510,293,-529,3,下位,0,0,0
862,862,0,89,69,0,0,0,258,289,-656,3,下位,0,0,0
136,136,0,51,63,0,0,0,862,121,-1925,1,下位,0,0,0
565,565,0,132,225,0,1,136,862,121,-1925,1,下位,0,136,115
126,126,0,42,9,1,0,0,0,0,1,0,下位,0,0,0
433,433,0,67,31,1,1,126,0,0,1,0,下位,0,126,61
518,518,0,68,111,0,0,0,559,83,-756,1,下位,0,0,0
267,267,0,121,184,0,0,0,518,163,-1428,1,下位,0,0,0
559,559,0,1507,7851,0,0,0,267,236,-1623,2,下位,0,0,0
423,423,0,75,174,0,0,0,559,7903,745,12,上位,0,0,0
971,971,0,146,285,0,0,0,423,226,289,1,下位,0,0,0
319,319,0,1044,4617,0,0,0,971,337,-940,3,下位,0,0,0
978,978,0,151,198,0,0,0,319,4669,763,10,上位,0,0,0
776,776,0,214,327,1,0,0,0,0,1,0,下位,0,0,0
711,711,0,42,9,0,0,0,776,379,-872,4,下位,0,0,0
305,305,0,132,150,0,1,711,776,379,-872,4,下位,0,711,61
90,90,0,84,93,0,0,0,1016,202,-2248,3,下位,0,0,0
484,484,0,54,52,1,0,0,0,0,1,0,下位,0,0,0
451,451,0,51,61,0,0,0,484,104,-676,1,下位,0,0,0
81,81,0,52,67,0,1,451,484,104,-676,1,下位,0,451,113
345,345,0,112,238,0,2,532,484,104,-676,1,下位,0,81,119
595,595,0,89,82,1,0,0,0,0,1,0,下位,0,0,0
376,376,0,68,28,0,0,0,595,134,-825,1,下位,0,0,0
305,305,0,100,138,0,0,0,376,80,-1351,1,下位,0,0,0
747,747,0,1066,5104,0,0,0,305,190,-1653,2,下位,0,0,0
470,470,0,86,84,0,0,0,747,5156,765,10,上位,0,0,0
133,133,0,72,107,0,0,0,470,136,143,1,下位,0,0,0
263,263,0,92,80,0,0,0,133,159,87,1,下位,0,0,0
436,436,0,99,136,1,0,0,0,0,1,0,下位,0,0,0
574,574,0,131,305,0,0,0,436,188,-514,2,下位,0,0,0
781,781,0,91,70,0,0,0,574,357,-1083,3,下位,0,0,0
95,95,0,40,-2,0,0,0,781,122,-2221,1,下位,0,0,0
129,129,0,1265,6388,0,1,95,781,122,-2221,1,下位,0,95,50
594,594,0,85,154,1,0,0,0,0,1,0,下位,0,0,0
283,283,0,119,172,0,0,0,594,206,-751,1,下位,0,0,0
273,273,0,128,241,1,0,0,0,0,1,0,下位,0,0,0
593,593,0,110,114,0,0,0,273,293,-146,2,下位,0,0,0
860,860,0,52,69,0,0,0,593,166,-936,2,下位,0,0,0
916,916,0,138,365,0,1,860,593,166,-936,2,下位,0,860,121
374,374,0,86,161,1,0,0,0,0,1,0,下位,0,0,0
66,66,0,42,7,0,0,0,374,213,-389,2,下位,0,0,0
40,40,0,52,67,0,1,66,374,213,-389,2,下位,0,66,59
159,159,0,1126,5266,0,2,106,374,213,-389,2,下位,0,40,119
955,955,0,52,71,0,0,0,265,5318,741,11,上位,0,0,0
590,590,0,100,144,0,1,955,265,5318,741,11,上位,0,955,123
968,968,0,68,116,0,0,0,1545,196,-1432,1,下位,0,0,0
135,135,0,1090,5705,0,0,0,968,168,-2825,1,下位,0,0,0
61,61,0,42,7,1,0,0,0,0,1,0,下位,0,0,0
92,92,0,52,67,1,1,61,0,0,1,0,下位,0,61,59
704,704,0,1900,9672,1,2,153,0,0,1,0,下位,0,92,119
203,203,0,132,379,0,0,0,857,9724,755,15,上位,0,0,0
240,240,0,78,16,0,0,0,203,431,859,3,下位,0,0,0
179,179,0,52,69,0,0,0,240,68,540,1,下位,0,0,0
127,127,0,51,61,0,1,179,240,68,540,1,下位,0,179,121
418,418,0,84,87,0,2,306,240,68,540,1,下位,0,127,113
183,183,0,58,55,0,0,0,724,139,-255,1,下位,0,0,0
964,964,0,95,136,0,0,0,183,107,-443,1,下位,0,0,0
439,439,0,74,107,1,0,0,0,0,1,0,下位,0,0,0
196,196,0,88,76,1,0,0,0,0,1,0,下位,0,0,0
578,578,0,136,226,0,0,0,196,128,-187,2,下位,0,0,0
850,850,0,51,63,0,0,0,578,278,-841,4,下位,0,0,0
86,86,0,88,235,0,1,850,578,278,-841,4,下位,0,850,115
351,351,0,900,4442,1,0,0,0,0,1,0,下位,0,0,0
233,233,0,90,66,0,0,0,351,4494,769,10,上位,0,0,0
226,226,0,52,65,0,0,0,233,118,511,2,下位,0,0,0
163,163,0,746,3120,0,1,226,233,118,511,2,下位,0,226,117
223,223,0,42,7,0,0,0,389,3172,762,9,上位,0,0,0
394,394,0,972,4839,0,1,223,389,3172,762,9,上位,0,223,59
469,469,0,52,69,0,0,0,617,4891,751,9,上位,0,0,0
610,610,0,62,51,0,1,469,617,4891,751,9,上位,0,469,121
230,230,0,58,57,0,0,0,1079,103,-765,1,下位,0,0,0
973,973,0,104,130,1,0,0,0,0,1,0,下位,0,0,0
93,93,0,51,61,0,0,0,973,182,-1386,1,下位,0,0,0
124,124,0,162,264,0,1,93,973,182,-1386,1,下位,0,93,113
669,669,0,104,63,0,0,0,217,316,-1307,3,下位,0,0,0
256,256,0,42,5,0,0,0,669,115,-2271,2,下位,0,0,0
242,242,0,127,228,0,1,256,669,115,-2271,2,下位,0,256,57
874,874,0,122,172,1,0,0,0,0,1,0,下位,0,0,0
969,969,0,155,210,0,0,0,874,224,-1185,2,下位,0,0,0
229,229,0,122,163,1,0,0,0,0,1,0,下位,0,0,0
562,562,0,124,175,0,0,0,229,215,-153,2,下位,0,0,0
57,57,0,79,72,1,0,0,0,0,1,0,下位,0,0,0
185,185,0,91,150,0,0,0,57,124,33,2,下位,0,0,0
658,658,0,71,115,0,0,0,185,202,-63,1,下位,0,0,0
972,972,0,153,135,0,0,0,658,167,-957,1,下位,0,0,0
304,304,0,51,63,0,0,0,972,187,-2338,4,下位,0,0,0
86,86,0,66,108,0,1,304,972,187,-2338,4,下位,0,304,115
969,969,0,154,268,0,0,0,390,160,-2692,1,下位,0,0,0
124,124,0,137,313,1,0,0,0,0,1,0,下位,0,0,0
322,322,0,1584,8096,0,0,0,124,365,166,3,下位,0,0,0
146,146,0,118,183,0,0,0,322,8148,753,14,上位,0,0,0
249,249,0,79,105,0,0,0,146,235,753,2,下位,0,0,0
339,339,0,60,51,0,0,0,249,157,508,1,下位,0,0,0
337,337,0,186,370,0,0,0,339,103,64,1,下位,0,0,0
964,964,0,84,232,0,0,0,337,422,-58,4,下位,0,0,0
309,309,0,41,3,1,0,0,0,0,1,0,下位,0,0,0
319,319,0,89,73,1,1,309,0,0,1,0,下位,0,309,55
850,850,0,79,95,0,0,0,628,125,-832,1,下位,0,0,0
42,42,0,132,287,1,0,0,0,0,1,0,下位,0,0,0
212,212,0,58,56,1,0,0,0,0,1,0,下位,0,0,0
350,350,0,1056,4600,0,0,0,212,108,-233,1,下位,0,0,0
127,127,0,134,224,0,0,0,350,4652,746,11,上位,0,0,0
166,166,0,42,5,0,0,0,127,276,817,2,下位,0,0,0
871,871,0,69,25,0,1,166,127,276,817,2,下位,0,166,57
479,479,0,102,207,0,0,0,1037,77,-722,1,下位,0,0,0
543,543,0,72,104,0,0,0,479,259,-1236,2,下位,0,0,0
363,363,0,42,11,0,0,0,543,156,-1956,1,下位,0,0,0
966,966,0,162,278,0,1,363,543,156,-1956,1,下位,0,363,63
781,781,0,102,210,1,0,0,0,0,1,0,下位,0,0,0
365,365,0,78,90,0,0,0,781,262,-997,2,下位,0,0,0
240,240,0,1773,9503,0,0,0,365,142,-1444,2,下位,0,0,0
256,256,0,52,67,0,0,0,240,9555,759,14,上位,0,0,0
357,357,0,42,5,0,1,256,240,9555,759,14,上位,0,256,119
888,888,0,102,127,0,2,613,240,9555,759,14,上位,0,357,57
554,554,0,172,375,0,0,0,1501,179,-1307,2,下位,0,0,0
145,145,0,97,218,0,0,0,554,427,-1774,5,下位,0,0,0
724,724,0,70,35,1,0,0,0,0,1,0,下位,0,0,0
963,963,0,78,169,0,0,0,724,87,-1080,1,下位,0,0,0
491,491,0,90,161,1,0,0,0,0,1,0,下位,0,0,0
266,266,0,93,140,0,0,0,491,213,-578,2,下位,0,0,0
883,883,0,108,216,0,0,0,266,192,-815,2,下位,0,0,0
596,596,0,130,247,0,0,0,883,268,-1971,2,下位,0,0,0
382,382,0,50,53,0,0,0,596,299,-2633,2,下位,0,0,0
134,134,0,84,159,0,1,382,596,299,-2633,2,下位,0,382,105
210,210,0,108,270,0,0,0,516,211,-3149,1,下位,0,0,0
584,584,0,121,210,1,0,0,0,0,1,0,下位,0,0,0
362,362,0,147,304,0,0,0,584,262,-679,2,下位,0,0,0
789,789,0,1383,6692,0,0,0,362,356,-907,3,下位,0,0,0
540,540,0,42,11,0,0,0,789,6744,749,12,上位,0,0,0
82,82,0,1063,4969,0,1,540,789,6744,749,12,上位,0,540,63
282,282,0,80,81,0,0,0,622,5021,759,11,上位,0,0,0
460,460,0,76,136,1,0,0,0,0,1,0,下位,0,0,0
824,824,0,122,233,0,0,0,460,188,-553,1,下位,0,0,0
462,462,0,103,213,0,0,0,824,285,-1597,3,下位,0,0,0
955,955,0,42,11,0,0,0,462,265,-2077,2,下位,0,0,0
965,965,0,139,245,0,1,955,462,265,-2077,2,下位,0,955,63
963,963,0,86,146,0,0,0,1920,297,-4813,4,下位,0,0,0
964,964,0,42,5,0,0,0,963,198,-6168,2,下位,0,0,0
392,392,0,121,210,0,1,964,963,198,-6168,2,下位,0,964,57
15,15,0,118,235,1,0,0,0,0,1,0,下位,0,0,0
893,893,0,1226,6448,0,0,0,15,287,264,3,下位,0,0,0
966,966,0,51,62,0,0,0,893,6500,757,11,上位,0,0,0
153,153,0,60,55,0,1,966,893,6500,757,11,上位,0,966,114
656,656,0,72,26,1,0,0,0,0,1,0,下位,0,0,0
260,260,0,121,320,0,0,0,656,78,-979,1,下位,0,0,0
259,259,0,42,5,0,0,0,260,372,-1026,4,下位,0,0,0
604,604,0,100,139,0,1,259,260,372,-1026,4,下位,0,259,57
289,289,0,95,203,0,0,0,863,191,-2170,2,下位,0,0,0
335,335,0,42,11,0,0,0,289,255,-2381,2,下位,0,0,0
346,346,0,141,274,0,1,335,289,255,-2381,2,下位,0,335,63
288,288,0,98,100,0,0,0,681,326,-3090,3,下位,0,0,0
359,359,0,75,147,0,0,0,288,152,-3403,2,下位,0,0,0
727,727,0,984,4948,1,0,0,0,0,1,0,下位,0,0,0
940,940,0,42,7,0,0,0,727,5000,737,11,上位,0,0,0
135,135,0,60,55,0,1,940,727,5000,737,11,上位,0,940,59
227,227,0,42,11,0,0,0,1075,107,-831,1,下位,0,0,0
294,294,0,82,147,0,1,227,1075,107,-831,1,下位,0,227,63
968,968,0,139,336,0,0,0,521,199,-1409,2,下位,0,0,0
161,161,0,78,86,0,0,0,968,388,-2582,3,下位,0,0,0
359,359,0,51,64,0,0,0,161,138,-2704,1,下位,0,0,0
220,220,0,76,88,0,1,359,161,138,-2704,1,下位,0,359,116
380,380,0,91,61,0,0,0,579,140,-3382,1,下位,0,0,0
318,318,0,74,35,0,0,0,380,113,-3882,1,下位,0,0,0
824,824,0,124,352,1,0,0,0,0,1,0,下位,0,0,0
970,970,0,140,128,0,0,0,824,404,-924,3,下位,0,0,0
722,722,0,1358,7150,0,0,0,970,180,-2309,3,下位,0,0,0
277,277,0,108,212,0,0,0,722,7202,750,12,上位,0,0,0
129,129,0,96,72,0,0,0,277,264,567,2,下位,0,0,0
938,938,0,181,255,0,0,0,129,124,483,1,下位,0,0,0
91,91,0,753,3902,0,0,0,938,307,-723,5,下位,0,0,0
369,369,0,98,139,1,0,0,0,0,1,0,下位,0,0,0
964,964,0,74,98,0,0,0,369,191,-403,2,下位,0,0,0
248,248,0,82,89,1,0,0,0,0,1,0,下位,0,0,0
179,179,0,82,98,0,0,0,248,141,-258,1,下位,0,0,0
305,305,0,101,120,0,0,0,179,150,-397,2,下位,0,0,0
537,537,0,150,293,0,0,0,305,172,-717,1,下位,0,0,0
783,783,0,94,76,0,0,0,537,345,-1238,3,下位,0,0,0
302,302,0,42,9,1,0,0,0,0,1,0,下位,0,0,0
876,876,0,162,189,1,1,302,0,0,1,0,下位,0,302,61
282,282,0,73,36,0,0,0,1178,241,-1597,3,下位,0,0,0
368,368,0,107,128,0,0,0,282,88,-1964,1,下位,0,0,0
857,857,0,59,49,0,0,0,368,180,-2378,3,下位,0,0,0
253,253,0,51,62,0,0,0,857,101,-3659,1,下位,0,0,0
977,977,0,104,152,0,1,253,857,101,-3659,1,下位,0,253,114
178,178,0,49,48,0,0,0,1230,204,-5325,2,下位,0,0,0
563,563,0,115,268,0,1,178,1230,204,-5325,2,下位,0,178,100
553,553,0,115,167,0,0,0,741,320,-6100,3,下位,0,0,0
282,282,0,895,4217,1,0,0,0,0,1,0,下位,0,0,0
964,964,0,821,3946,0,0,0,282,4269,742,9,上位,0,0,0
216,216,0,52,66,0,0,0,964,3998,744,7,上位,0,0,0
298,298,0,128,84,0,1,216,964,3998,744,7,上位,0,216,118
188,188,0,58,66,0,0,0,514,136,169,3,下位,0,0,0
487,487,0,77,88,0,0,0,188,118,-16,1,下位,0,0,0
159,159,0,90,198,0,0,0,487,140,-661,1,下位,0,0,0
261,261,0,70,39,0,0,0,159,250,-667,2,下位,0,0,0
95,95,0,1114,5735,0,0,0,261,91,-997,1,下位,0,0,0
393,393,0,86,148,1,0,0,0,0,1,0,下位,0,0,0
968,968,0,102,138,0,0,0,393,200,-433,2,下位,0,0,0
343,343,0,73,154,1,0,0,0,0,1,0,下位,0,0,0
761,761,0,97,172,0,0,0,343,206,-346,1,下位,0,0,0
915,915,0,74,87,1,0,0,0,0,1,0,下位,0,0,0
162,162,0,126,153,0,0,0,915,139,-1336,1,下位,0,0,0
306,306,0,98,216,0,0,0,162,205,-1392,3,下位,0,0,0
96,96,0,41,3,0,0,0,306,268,-1618,2,下位,0,0,0
309,309,0,91,71,0,1,96,306,268,-1618,2,下位,0,96,55
51,51,0,1116,5837,0,0,0,405,123,-2093,1,下位,0,0,0
217,217,0,65,47,0,0,0,51,5889,713,9,上位,0,0,0
62,62,0,89,140,1,0,0,0,0,1,0,下位,0,0,0
675,675,0,136,156,0,0,0,62,192,93,2,下位,0,0,0
206,206,0,41,3,0,0,0,675,208,-788,4,下位,0,0,0
284,284,0,48,46,0,1,206,675,208,-788,4,下位,0,206,55
829,829,0,125,299,0,2,490,675,208,-788,4,下位,0,284,98
209,209,0,97,121,0,0,0,1319,351,-2411,3,下位,0,0,0
224,224,0,197,302,0,0,0,209,173,-2575,2,下位,0,0,0
326,326,0,130,100,0,0,0,224,354,-2582,5,下位,0,0,0
688,688,0,85,69,0,0,0,326,152,-2956,3,下位,0,0,0
139,139,0,88,81,0,0,0,688,121,-3945,1,下位,0,0,0
287,287,0,146,258,0,0,0,139,133,-4036,1,下位,0,0,0
192,192,0,1510,8061,0,0,0,287,310,-4189,4,下位,0,0,0
665,665,0,104,58,1,0,0,0,0,1,0,下位,0,0,0
711,711,0,49,52,0,0,0,665,110,-962,2,下位,0,0,0
470,470,0,42,9,0,1,711,665,110,-962,2,下位,0,711,104
85,85,0,94,69,0,2,1181,665,110,-962,2,下位,0,470,61
131,131,0,51,60,0,0,0,1266,121,-2718,2,下位,0,0,0
689,689,0,92,144,0,1,131,1266,121,-2718,2,下位,0,131,112
440,440,0,79,82,1,0,0,0,0,1,0,下位,0,0,0
286,286,0,70,105,0,0,0,440,134,-575,1,下位,0,0,0
969,969,0,84,216,0,0,0,286,157,-879,1,下位,0,0,0
452,452,0,126,323,0,0,0,969,268,-2174,2,下位,0,0,0
686,686,0,42,9,0,0,0,452,375,-2528,3,下位,0,0,0
423,423,0,122,140,0,1,686,452,375,-2528,3,下位,0,686,61
635,635,0,138,229,0,0,0,1109,192,-4063,2,下位,0,0,0
368,368,0,87,74,1,0,0,0,0,1,0,下位,0,0,0
891,891,0,60,109,0,0,0,368,126,-467,2,下位,0,0,0
966,966,0,114,221,0,0,0,891,161,-1743,1,下位,0,0,0
210,210,0,42,5,0,0,0,966,273,-3028,2,下位,0,0,0
968,968,0,1743,9208,0,1,210,966,273,-3028,2,下位,0,210,57
198,198,0,50,54,0,0,0,1178,9260,757,15,上位,0,0,0
328,328,0,49,50,0,1,198,1178,9260,757,15,上位,0,198,106
785,785,0,42,9,0,2,526,1178,9260,757,15,上位,0,328,102
660,660,0,42,9,0,3,1311,1178,9260,757,15,上位,0,785,61
428,428,0,133,271,0,4,1971,1178,9260,757,15,上位,0,660,61
572,572,0,49,50,1,0,0,0,0,1,0,下位,0,0,0
471,471,0,139,220,1,1,572,0,0,1,0,下位,0,572,102
477,477,0,104,55,0,0,0,1043,272,-1308,3,下位,0,0,0
140,140,0,42,9,0,0,0,477,107,-1970,2,下位,0,0,0
969,969,0,48,46,0,1,140,477,107,-1970,2,下位,0,140,61
183,183,0,114,177,0,2,1109,477,107,-1970,2,下位,0,969,98
337,337,0,42,9,0,0,0,1292,229,-3666,3,下位,0,0,0
967,967,0,42,11,0,1,337,1292,229,-3666,3,下位,0,337,61
509,509,0,114,291,0,2,1304,1292,229,-3666,3,下位,0,967,63
412,412,0,122,183,0,0,0,1813,343,-6124,3,下位,0,0,0
597,597,0,66,101,0,0,0,412,235,-6554,3,下位,0,0,0
124,124,0,83,91,0,0,0,597,153,-7364,1,下位,0,0,0
135,135,0,83,119,0,0,0,124,143,-7421,1,下位,0,0,0
65,65,0,1372,7434,0,0,0,135,171,-7468,1,下位,0,0,0
488,488,0,72,102,0,0,0,65,7486,-87,10,上位,0,0,0
383,383,0,119,107,1,0,0,0,0,1,0,下位,0,0,0
117,117,0,150,279,0,0,0,383,159,-458,2,下位,0,0,0
960,960,0,81,19,0,0,0,117,331,-316,4,下位,0,0,0
374,374,0,97,217,0,0,0,960,71,-1793,1,下位,0,0,0
320,320,0,48,47,0,0,0,374,269,-2127,2,下位,0,0,0
149,149,0,92,239,0,1,320,374,269,-2127,2,下位,0,320,99
733,733,0,1085,5021,0,0,0,469,291,-2493,2,下位,0,0,0
645,645,0,77,170,1,0,0,0,0,1,0,下位,0,0,0
468,468,0,1064,5318,0,0,0,645,222,-817,1,下位,0,0,0
248,248,0,118,240,0,0,0,468,5370,738,10,上位,0,0,0
415,415,0,42,7,0,0,0,248,292,630,2,下位,0,0,0
674,674,0,50,54,0,1,415,248,292,630,2,下位,0,415,59
223,223,0,172,352,0,2,1089,248,292,630,2,下位,0,674,106
31,31,0,42,5,1,0,0,0,0,1,0,下位,0,0,0
262,262,0,64,45,1,1,31,0,0,1,0,下位,0,31,57
541,541,0,930,4983,0,0,0,293,97,-318,1,下位,0,0,0
332,332,0,175,277,0,0,0,541,4921,754,6,上位,0,0,0
881,881,0,41,1,0,0,0,332,329,548,5,下位,0,0,0
743,743,0,120,141,0,1,881,332,329,548,5,下位,0,881,53
72,72,0,970,5031,0,0,0,1624,193,-1825,3,下位,0,0,0
179,179,0,42,9,1,0,0,0,0,1,0,下位,0,0,0
827,827,0,135,219,1,1,179,0,0,1,0,下位,0,179,61
556,556,0,100,202,0,0,0,1006,271,-1290,3,下位,0,0,0
380,380,0,72,107,0,0,0,556,254,-1933,2,下位,0,0,0
305,305,0,84,143,0,0,0,380,159,-2387,1,下位,0,0,0
281,281,0,179,229,0,0,0,305,195,-2684,2,下位,0,0,0
472,472,0,66,104,0,0,0,281,281,-2856,4,下位,0,0,0
590,590,0,51,62,0,0,0,472,156,-3461,1,下位,0,0,0
263,263,0,49,52,0,1,590,472,156,-3461,1,下位,0,590,114
95,95,0,1231,6022,0,2,853,472,156,-3461,1,下位,0,263,104
416,416,0,83,160,0,0,0,948,6074,764,10,上位,0,0,0
597,597,0,123,152,1,0,0,0,0,1,0,下位,0,0,0
136,136,0,113,241,0,0,0,597,204,-758,3,下位,0,0,0
133,133,0,109,136,0,0,0,136,293,-684,2,下位,0,0,0
967,967,0,99,170,0,0,0,133,188,-711,2,下位,0,0,0
654,654,0,79,81,0,0,0,967,222,-2049,2,下位,0,0,0
151,151,0,41,3,0,0,0,654,133,-2971,1,下位,0,0,0
295,295,0,80,98,0,1,151,654,133,-2971,1,下位,0,151,55
718,718,0,145,177,0,0,0,446,150,-3486,1,下位,0,0,0
224,224,0,128,262,1,0,0,0,0,1,0,下位,0,0,0
904,904,0,76,37,0,0,0,224,314,-46,3,下位,0,0,0
64,64,0,127,155,1,0,0,0,0,1,0,下位,0,0,0
936,936,0,140,132,0,0,0,64,207,105,3,下位,0,0,0
317,317,0,49,48,0,0,0,936,184,-1221,3,下位,0,0,0
236,236,0,71,76,0,1,317,936,184,-1221,3,下位,0,317,100
968,968,0,119,162,0,0,0,553,128,-1885,1,下位,0,0,0
203,203,0,62,45,0,0,0,968,214,-3232,2,下位,0,0,0
48,48,0,1258,6394,0,0,0,203,97,-3462,1,下位,0,0,0
970,970,0,111,170,0,0,0,48,6446,745,12,上位,0,0,0
323,323,0,80,144,1,0,0,0,0,1,0,下位,0,0,0
208,208,0,109,206,0,0,0,323,196,-324,2,下位,0,0,0
910,910,0,42,11,0,0,0,208,258,-401,3,下位,0,0,0
704,704,0,51,60,0,1,910,208,258,-401,3,下位,0,910,63
211,211,0,64,43,0,2,1614,208,258,-401,3,下位,0,704,112
55,55,0,104,199,0,0,0,1825,95,-3074,1,下位,0,0,0
110,110,0,103,194,0,0,0,55,251,-2912,3,下位,0,0,0
830,830,0,48,46,0,0,0,110,246,-2843,3,下位,0,0,0
580,580,0,1047,4818,0,1,830,110,246,-2843,3,下位,0,830,98
456,456,0,173,351,0,0,0,1410,4870,-149,10,上位,0,0,0
859,859,0,135,210,0,0,0,456,403,-481,4,下位,0,0,0
929,929,0,154,187,1,0,0,0,0,1,0,下位,0,0,0
87,87,0,42,7,0,0,0,929,239,-1258,3,下位,0,0,0
780,780,0,101,116,0,1,87,929,239,-1258,3,下位,0,87,59
366,366,0,73,62,0,0,0,867,168,-2429,1,下位,0,0,0
908,908,0,124,180,0,0,0,366,114,-2905,1,下位,0,0,0
43,43,0,41,1,1,0,0,0,0,1,0,下位,0,0,0
166,166,0,140,133,1,1,43,0,0,1,0,下位,0,43,53
364,364,0,59,53,0,0,0,209,185,-98,2,下位,0,0,0
125,125,0,169,360,0,0,0,364,105,-580,1,下位,0,0,0
335,335,0,49,52,0,0,0,125,412,-370,5,下位,0,0,0
450,450,0,42,9,0,1,335,125,412,-370,5,下位,0,335,104
245,245,0,42,11,0,2,785,125,412,-370,5,下位,0,450,61
406,406,0,107,180,0,3,1030,125,412,-370,5,下位,0,245,63
236,236,0,41,3,0,0,0,1436,232,-2226,2,下位,0,0,0
363,363,0,42,7,0,1,236,1436,232,-2226,2,下位,0,236,55
963,963,0,121,155,0,2,599,1436,232,-2226,2,下位,0,363,59
375,375,0,1601,8146,1,0,0,0,0,1,0,下位,0,0,0
213,213,0,77,82,0,0,0,375,8135,732,10,上位,0,0,0
284,284,0,42,9,0,0,0,213,134,522,1,下位,0,0,0
206,206,0,49,48,0,1,284,213,134,522,1,下位,0,284,61
968,968,0,52,70,0,2,490,213,134,522,1,下位,0,206,100
962,962,0,142,192,0,3,1458,213,134,522,1,下位,0,968,122
482,482,0,140,237,0,0,0,2420,244,-2854,2,下位,0,0,0
228,228,0,42,11,0,0,0,482,289,-3342,3,下位,0,0,0
975,975,0,96,201,0,1,228,482,289,-3342,3,下位,0,228,63
836,836,0,195,318,1,0,0,0,0,1,0,下位,0,0,0
677,677,0,41,3,0,0,0,836,370,-977,4,下位,0,0,0
227,227,0,49,52,0,1,677,836,370,-977,4,下位,0,677,55
813,813,0,103,119,0,2,904,836,370,-977,4,下位,0,227,104
877,877,0,1390,6945,0,0,0,1717,171,-3416,2,下位,0,0,0
338,338,0,122,154,0,0,0,877,6997,753,12,上位,0,0,0
847,847,0,90,152,0,0,0,338,206,414,2,下位,0,0,0
240,240,0,201,341,1,0,0,0,0,1,0,下位,0,0,0
541,541,0,71,41,0,0,0,240,393,7,5,下位,0,0,0
514,514,0,92,141,1,0,0,0,0,1,0,下位,0,0,0
315,315,0,80,173,0,0,0,514,193,-635,2,下位,0,0,0
321,321,0,63,96,0,0,0,315,225,-918,1,下位,0,0,0
609,609,0,159,291,0,0,0,321,148,-1288,1,下位,0,0,0
242,242,0,113,169,0,0,0,609,343,-1927,3,下位,0,0,0
11,11,0,90,53,1,0,0,0,0,1,0,下位,0,0,0
187,187,0,85,82,0,0,0,11,105,88,1,下位,0,0,0
952,952,0,94,143,0,0,0,187,134,-80,1,下位,0,0,0
612,612,0,134,207,0,0,0,952,195,-1420,2,下位,0,0,0
211,211,0,111,195,0,0,0,612,259,-2148,3,下位,0,0,0
94,94,0,42,9,0,0,0,211,247,-2241,3,下位,0,0,0
546,546,0,151,175,0,1,94,211,247,-2241,3,下位,0,94,61
210,210,0,1278,6235,0,0,0,640,227,-2986,3,下位,0,0,0
364,364,0,99,128,0,0,0,210,6287,754,12,上位,0,0,0
102,102,0,105,179,1,0,0,0,0,1,0,下位,0,0,0
165,165,0,79,77,0,0,0,102,231,67,2,下位,0,0,0
496,496,0,135,140,0,0,0,165,129,-70,1,下位,0,0,0
238,238,0,170,236,0,0,0,496,192,-678,3,下位,0,0,0
223,223,0,39,-9,0,0,0,238,288,-774,4,下位,0,0,0
122,122,0,42,7,0,1,223,238,288,-774,4,下位,0,223,43
934,934,0,51,62,0,2,345,238,288,-774,4,下位,0,122,59
845,845,0,117,106,0,3,1279,238,288,-774,4,下位,0,934,114
812,812,0,50,54,0,0,0,2124,158,-3826,2,下位,0,0,0
836,836,0,65,109,0,1,812,2124,158,-3826,2,下位,0,812,106
667,667,0,189,211,0,0,0,1648,161,-6217,1,下位,0,0,0
91,91,0,42,11,0,0,0,667,263,-7030,5,下位,0,0,0
308,308,0,80,131,0,1,91,667,263,-7030,5,下位,0,91,63
249,249,0,134,205,0,0,0,399,183,-7428,2,下位,0,0,0
126,126,0,60,42,0,0,0,249,257,-7573,3,下位,0,0,0
226,226,0,188,251,1,0,0,0,0,1,0,下位,0,0,0
261,261,0,49,48,0,0,0,226,303,-61,4,下位,0,0,0
496,496,0,78,26,0,1,261,226,303,-61,4,下位,0,261,100
156,156,0,51,62,0,0,0,757,78,-1104,1,下位,0,0,0
216,216,0,82,87,0,1,156,757,78,-1104,1,下位,0,156,114
973,973,0,73,162,0,0,0,372,139,-1451,2,下位,0,0,0
818,818,0,1875,9236,0,0,0,973,214,-2806,1,下位,0,0,0
957,957,0,112,200,1,0,0,0,0,1,0,下位,0,0,0
276,276,0,128,158,0,0,0,957,252,-1291,3,下位,0,0,0
217,217,0,89,141,0,0,0,276,210,-1526,2,下位,0,0,0
257,257,0,76,27,0,0,0,217,193,-1683,2,下位,0,0,0
965,965,0,42,5,0,0,0,257,79,-2019,1,下位,0,0,0
964,964,0,42,5,0,1,965,257,79,-2019,1,下位,0,965,57
761,761,0,148,110,0,2,1929,257,79,-2019,1,下位,0,964,57
210,210,0,80,151,1,0,0,0,0,1,0,下位,0,0,0
297,297,0,132,130,0,0,0,210,203,-135,2,下位,0,0,0
921,921,0,65,22,0,0,0,297,182,-432,2,下位,0,0,0
288,288,0,66,88,0,0,0,921,74,-1843,1,下位,0,0,0
428,428,0,68,100,0,0,0,288,140,-2168,1,下位,0,0,0
578,578,0,47,38,0,0,0,428,152,-2706,1,下位,0,0,0
970,970,0,71,39,0,1,578,428,152,-2706,1,下位,0,578,90
792,792,0,107,187,0,0,0,1548,91,-5022,1,下位,0,0,0
356,356,0,64,51,0,0,0,792,239,-6060,3,下位,0,0,0
652,652,0,84,75,0,0,0,356,103,-6531,1,下位,0,0,0
431,431,0,48,46,0,0,0,652,127,-7456,1,下位,0,0,0
150,150,0,102,136,0,1,431,652,127,-7456,1,下位,0,431,98
701,701,0,162,204,1,0,0,0,0,1,0,下位,0,0,0
965,965,0,132,279,0,0,0,701,256,-874,4,下位,0,0,0
275,275,0,74,135,0,0,0,965,331,-2099,4,下位,0,0,0
973,973,0,111,189,0,0,0,275,187,-2356,1,下位,0,0,0
433,433,0,49,50,0,0,0,973,241,-3684,2,下位,0,0,0
330,330,0,51,62,0,1,433,973,241,-3684,2,下位,0,433,102
963,963,0,41,3,0,2,763,973,241,-3684,2,下位,0,330,114
96,96,0,86,154,0,3,1726,973,241,-3684,2,下位,0,963,55
54,54,0,1012,5269,0,0,0,1822,206,-6145,2,下位,0,0,0
46,46,0,791,3844,1,0,0,0,0,1,0,下位,0,0,0
974,974,0,124,320,0,0,0,46,3896,747,7,上位,0,0,0
570,570,0,991,4768,1,0,0,0,0,1,0,下位,0,0,0
210,210,0,80,101,0,0,0,570,4820,742,10,上位,0,0,0
164,164,0,114,186,0,0,0,210,153,556,1,下位,0,0,0
304,304,0,78,22,0,0,0,164,238,529,2,下位,0,0,0
682,682,0,124,225,0,0,0,304,74,113,1,下位,0,0,0
321,321,0,71,36,0,0,0,682,277,-710,2,下位,0,0,0
407,407,0,146,144,0,0,0,321,88,-1140,1,下位,0,0,0
394,394,0,126,313,0,0,0,407,196,-1600,3,下位,0,0,0
38,38,0,117,178,1,0,0,0,0,1,0,下位,0,0,0
474,474,0,41,1,0,0,0,38,230,170,3,下位,0,0,0
816,816,0,179,311,0,1,474,38,230,170,3,下位,0,474,53
832,832,0,98,202,0,0,0,1290,363,-1495,4,下位,0,0,0
312,312,0,52,69,0,0,0,832,254,-2583,2,下位,0,0,0
345,345,0,42,5,0,1,312,832,254,-2583,2,下位,0,312,121
819,819,0,52,65,0,2,657,832,254,-2583,2,下位,0,345,57
306,306,0,84,165,0,3,1476,832,254,-2583,2,下位,0,819,117
688,688,0,51,61,0,0,0,1782,217,-4945,1,下位,0,0,0
93,93,0,61,114,0,1,688,1782,217,-4945,1,下位,0,688,113
709,709,0,152,205,0,0,0,781,166,-5926,1,下位,0,0,0
902,902,0,140,144,1,0,0,0,0,1,0,下位,0,0,0
131,131,0,52,71,0,0,0,902,196,-1258,4,下位,0,0,0
766,766,0,1294,6329,0,1,131,902,196,-1258,4,下位,0,131,123
423,423,0,85,79,1,0,0,0,0,1,0,下位,0,0,0
146,146,0,67,116,0,0,0,423,131,-550,1,下位,0,0,0
974,974,0,1378,6747,0,0,0,146,168,-617,1,下位,0,0,0
136,136,0,78,24,0,0,0,974,6799,761,12,上位,0,0,0
754,754,0,52,65,0,0,0,136,76,618,1,下位,0,0,0
973,973,0,940,4256,0,1,754,136,76,618,1,下位,0,754,117
51,51,0,113,120,0,0,0,1727,4308,769,10,上位,0,0,0
806,806,0,121,324,1,0,0,0,0,1,0,下位,0,0,0
901,901,0,162,262,0,0,0,806,376,-923,3,下位,0,0,0
203,203,0,52,65,0,0,0,901,314,-2062,4,下位,0,0,0
174,174,0,161,343,0,1,203,901,314,-2062,4,下位,0,203,117
344,344,0,110,183,0,0,0,377,395,-2158,5,下位,0,0,0
89,89,0,1103,6097,0,0,0,344,235,-2478,2,下位,0,0,0
220,220,0,51,61,1,0,0,0,0,1,0,下位,0,0,0
671,671,0,140,217,1,1,220,0,0,1,0,下位,0,220,113
297,297,0,65,121,1,0,0,0,0,1,0,下位,0,0,0
284,284,0,128,164,0,0,0,297,173,-305,1,下位,0,0,0
95,95,0,82,168,0,0,0,284,216,-547,3,下位,0,0,0
134,134,0,52,71,0,0,0,95,220,-480,1,下位,0,0,0
260,260,0,42,9,0,1,134,95,220,-480,1,下位,0,134,123
966,966,0,52,71,0,2,394,95,220,-480,1,下位,0,260,61
189,189,0,198,325,0,3,1360,95,220,-480,1,下位,0,966,123
970,970,0,52,67,0,0,0,1549,377,-2294,5,下位,0,0,0
337,337,0,99,136,0,1,970,1549,377,-2294,5,下位,0,970,119
774,774,0,80,177,1,0,0,0,0,1,0,下位,0,0,0
163,163,0,90,147,0,0,0,774,229,-1018,1,下位,0,0,0
143,143,0,92,147,0,0,0,163,199,-1082,2,下位,0,0,0
378,378,0,152,179,0,0,0,143,199,-1114,2,下位,0,0,0
784,784,0,96,147,0,0,0,378,231,-1493,3,下位,0,0,0
968,968,0,93,70,0,0,0,784,199,-2559,1,下位,0,0,0
330,330,0,1504,7588,0,0,0,968,122,-3998,1,下位,0,0,0
619,619,0,1022,4862,1,0,0,0,0,1,0,下位,0,0,0
146,146,0,124,250,0,0,0,619,4914,765,10,上位,0,0,0
718,718,0,42,9,0,0,0,146,302,832,3,下位,0,0,0
967,967,0,79,95,0,1,718,146,302,832,3,下位,0,718,61
838,838,0,99,138,0,0,0,1685,147,-1678,1,下位,0,0,0
35,35,0,42,6,0,0,0,838,190,-2840,2,下位,0,0,0
193,193,0,152,267,0,1,35,838,190,-2840,2,下位,0,35,58
242,242,0,146,128,0,0,0,228,319,-2830,4,下位,0,0,0
255,255,0,70,123,0,0,0,242,180,-3040,3,下位,0,0,0
594,594,0,102,281,1,0,0,0,0,1,0,下位,0,0,0
407,407,0,175,394,0,0,0,594,333,-624,2,下位,0,0,0
52,52,0,1154,6320,0,0,0,407,446,-834,5,下位,0,0,0
42,42,0,826,3921,1,0,0,0,0,1,0,下位,0,0,0
264,264,0,59,55,1,0,0,0,0,1,0,下位,0,0,0
223,223,0,52,65,0,0,0,264,107,-318,1,下位,0,0,0
68,68,0,51,63,0,1,223,264,107,-318,1,下位,0,223,117
252,252,0,258,266,0,2,291,264,107,-318,1,下位,0,68,115
353,353,0,117,185,0,0,0,543,318,-644,6,下位,0,0,0
337,337,0,86,84,0,0,0,353,237,-976,2,下位,0,0,0
64,64,0,58,60,0,0,0,337,136,-1384,1,下位,0,0,0
165,165,0,51,61,0,0,0,64,112,-1375,1,下位,0,0,0
286,286,0,93,67,0,1,165,64,112,-1375,1,下位,0,165,113
969,969,0,175,249,0,0,0,451,119,-1870,1,下位,0,0,0
655,655,0,2016,10265,0,0,0,969,301,-3132,5,下位,0,0,0
633,633,0,191,283,1,0,0,0,0,1,0,下位,0,0,0
307,307,0,88,146,0,0,0,633,335,-685,4,下位,0,0,0
472,472,0,52,71,0,0,0,307,198,-982,1,下位,0,0,0
959,959,0,1358,6966,0,1,472,307,198,-982,1,下位,0,472,123
811,811,0,138,228,0,0,0,1431,7018,758,12,上位,0,0,0
967,967,0,51,61,0,0,0,811,280,-270,3,下位,0,0,0
616,616,0,120,182,0,1,967,811,280,-270,3,下位,0,967,113
507,507,0,41,3,0,0,0,1583,234,-2477,2,下位,0,0,0
94,94,0,80,95,0,1,507,1583,234,-2477,2,下位,0,507,55
916,916,0,64,49,0,0,0,601,147,-3245,1,下位,0,0,0
569,569,0,78,171,1,0,0,0,0,1,0,下位,0,0,0
763,763,0,98,194,0,0,0,569,223,-694,1,下位,0,0,0
96,96,0,58,62,0,0,0,763,246,-1679,2,下位,0,0,0
658,658,0,130,327,0,0,0,96,114,-1720,1,下位,0,0,0
963,963,0,134,173,0,0,0,658,379,-2402,4,下位,0,0,0
188,188,0,189,277,1,0,0,0,0,1,0,下位,0,0,0
59,59,0,70,105,1,0,0,0,0,1,0,下位,0,0,0
297,297,0,84,89,0,0,0,59,157,63,1,下位,0,0,0
199,199,0,91,150,0,0,0,297,141,-275,1,下位,0,0,0
328,328,0,75,174,0,0,0,199,202,-394,1,下位,0,0,0
666,666,0,77,167,0,0,0,328,226,-697,1,下位,0,0,0
824,824,0,116,183,0,0,0,666,219,-1552,1,下位,0,0,0
125,125,0,1436,7105,1,0,0,0,0,1,0,下位,0,0,0
151,151,0,42,7,0,0,0,125,7157,753,11,上位,0,0,0
666,666,0,42,5,0,1,151,125,7157,753,11,上位,0,151,59
140,140,0,42,9,0,2,817,125,7157,753,11,上位,0,666,57
334,334,0,87,153,0,3,957,125,7157,753,11,上位,0,140,61
316,316,0,854,4032,0,0,0,1291,205,-948,2,下位,0,0,0
404,404,0,156,335,0,0,0,316,4084,767,9,上位,0,0,0
968,968,0,130,74,0,0,0,404,387,502,4,下位,0,0,0
161,161,0,176,246,0,0,0,968,126,-933,3,下位,0,0,0
841,841,0,128,167,0,0,0,161,298,-895,4,下位,0,0,0
693,693,0,1036,5061,0,0,0,841,219,-2032,4,下位,0,0,0
737,737,0,128,88,1,0,0,0,0,1,0,下位,0,0,0
967,967,0,107,192,0,0,0,737,140,-1048,3,下位,0,0,0
254,254,0,72,26,0,0,0,967,244,-2364,2,下位,0,0,0
964,964,0,51,63,0,0,0,254,78,-2696,1,下位,0,0,0
45,45,0,132,319,0,1,964,254,78,-2696,1,下位,0,964,115
217,217,0,140,219,1,0,0,0,0,1,0,下位,0,0,0
341,341,0,1117,5285,0,0,0,217,271,-78,2,下位,0,0,0
304,304,0,146,203,1,0,0,0,0,1,0,下位,0,0,0
785,785,0,182,316,0,0,0,304,255,-234,3,下位,0,0,0
946,946,0,71,39,0,0,0,785,368,-1132,5,下位,0,0,0
406,406,0,80,162,0,0,0,946,91,-2567,1,下位,0,0,0
41,41,0,105,190,0,0,0,406,214,-3008,1,下位,0,0,0
968,968,0,976,4385,0,0,0,41,242,-2832,2,下位,0,0,0
302,302,0,78,22,1,0,0,0,0,1,0,下位,0,0,0
963,963,0,1140,5741,0,0,0,302,74,-412,1,下位,0,0,0
816,816,0,146,206,0,0,0,963,5793,762,12,上位,0,0,0
200,200,0,68,111,0,0,0,816,258,-296,3,下位,0,0,0
99,99,0,42,9,0,0,0,200,163,-456,1,下位,0,0,0
569,569,0,164,261,0,1,99,200,163,-456,1,下位,0,99,61
387,387,0,70,115,0,0,0,668,313,-1160,4,下位,0,0,0
313,313,0,103,128,0,0,0,387,167,-1617,1,下位,0,0,0
160,160,0,58,56,0,0,0,313,180,-1942,1,下位,0,0,0
349,349,0,100,132,0,0,0,160,108,-2092,1,下位,0,0,0
303,303,0,82,86,0,0,0,349,184,-2471,2,下位,0,0,0
966,966,0,51,63,0,0,0,303,138,-2822,1,下位,0,0,0
201,201,0,52,67,0,1,966,303,138,-2822,1,下位,0,966,115
423,423,0,65,39,0,2,1167,303,138,-2822,1,下位,0,201,119
43,43,0,125,178,1,0,0,0,0,1,0,下位,0,0,0
288,288,0,64,38,0,0,0,43,230,162,2,下位,0,0,0
962,962,0,42,9,0,0,0,288,90,-213,1,下位,0,0,0
967,967,0,112,191,0,1,962,288,90,-213,1,下位,0,962,61
964,964,0,238,279,0,0,0,1929,243,-3021,2,下位,0,0,0
327,327,0,142,220,1,0,0,0,0,1,0,下位,0,0,0
552,552,0,108,41,0,0,0,327,272,-254,3,下位,0,0,0
526,526,0,52,69,0,0,0,552,93,-1051,2,下位,0,0,0
515,515,0,58,56,0,1,526,552,93,-1051,2,下位,0,526,121
213,213,0,85,155,0,0,0,1041,108,-2501,1,下位,0,0,0
669,669,0,144,209,1,0,0,0,0,1,0,下位,0,0,0
966,966,0,86,74,0,0,0,669,261,-817,3,下位,0,0,0
196,196,0,178,309,0,0,0,966,126,-2249,1,下位,0,0,0
489,489,0,67,34,0,0,0,196,361,-2204,4,下位,0,0,0
44,44,0,63,117,0,0,0,489,86,-2907,1,下位,0,0,0
613,613,0,110,128,0,0,0,44,169,-2809,1,下位,0,0,0
304,304,0,98,149,0,0,0,613,180,-3618,2,下位,0,0,0
265,265,0,1599,8096,0,0,0,304,201,-3907,2,下位,0,0,0
184,184,0,51,63,0,0,0,265,8148,751,16,上位,0,0,0
139,139,0,123,170,0,1,184,265,8148,751,16,上位,0,184,115
121,121,0,154,274,1,0,0,0,0,1,0,下位,0,0,0
541,541,0,172,186,0,0,0,121,326,132,5,下位,0,0,0
243,243,0,140,149,0,0,0,541,238,-503,3,下位,0,0,0
860,860,0,73,27,0,0,0,243,201,-694,2,下位,0,0,0
367,367,0,128,240,0,0,0,860,79,-2002,1,下位,0,0,0
965,965,0,72,178,0,0,0,367,292,-2302,3,下位,0,0,0
753,753,0,81,19,1,0,0,0,0,1,0,下位,0,0,0
135,135,0,121,186,0,0,0,753,71,-1143,1,下位,0,0,0
457,457,0,956,4587,1,0,0,0,0,1,0,下位,0,0,0
83,83,0,68,109,1,0,0,0,0,1,0,下位,0,0,0
740,740,0,141,356,0,0,0,83,161,28,1,下位,0,0,0
169,169,0,152,282,0,0,0,740,408,-758,3,下位,0,0,0
963,963,0,72,30,0,0,0,169,334,-697,3,下位,0,0,0
119,119,0,115,152,0,0,0,963,82,-2168,1,下位,0,0,0
296,296,0,91,152,0,0,0,119,204,-2156,2,下位,0,0,0
94,94,0,1145,5656,0,0,0,296,204,-2429,2,下位,0,0,0
610,610,0,42,5,0,0,0,94,5708,755,9,上位,0,0,0
728,728,0,142,219,0,1,610,94,5708,755,9,上位,0,610,57
147,147,0,59,61,0,0,0,1338,271,-1075,3,下位,0,0,0
962,962,0,152,246,0,0,0,147,113,-1199,1,下位,0,0,0
223,223,0,157,176,0,0,0,962,298,-2453,3,下位,0,0,0
36,36,0,1250,6668,0,0,0,223,228,-2585,3,下位,0,0,0
482,482,0,51,63,1,0,0,0,0,1,0,下位,0,0,0
966,966,0,84,160,1,1,482,0,0,1,0,下位,0,482,115
973,973,0,1437,7387,0,0,0,1448,212,-2007,2,下位,0,0,0
870,870,0,130,158,1,0,0,0,0,1,0,下位,0,0,0
964,964,0,85,91,0,0,0,870,210,-1192,3,下位,0,0,0
653,653,0,108,115,0,0,0,964,143,-2604,1,下位,0,0,0
800,800,0,52,67,0,0,0,653,167,-3490,2,下位,0,0,0
584,584,0,68,120,0,1,800,653,167,-3490,2,下位,0,800,119
274,274,0,88,226,0,0,0,1384,172,-5431,1,下位,0,0,0
970,970,0,124,105,0,0,0,274,278,-5595,2,下位,0,0,0
189,189,0,42,5,1,0,0,0,0,1,0,下位,0,0,0
964,964,0,42,5,1,1,189,0,0,1,0,下位,0,189,57
168,168,0,1309,6622,1,2,1153,0,0,1,0,下位,0,964,57
349,349,0,52,65,0,0,0,1321,6674,779,11,上位,0,0,0
654,654,0,114,117,0,1,349,1321,6674,779,11,上位,0,349,117
861,861,0,74,103,0,0,0,1003,169,-553,2,下位,0,0,0
212,212,0,114,186,0,0,0,861,155,-1787,1,下位,0,0,0
324,324,0,136,225,1,0,0,0,0,1,0,下位,0,0,0
43,43,0,42,9,1,0,0,0,0,1,0,下位,0,0,0
415,415,0,96,215,1,1,43,0,0,1,0,下位,0,43,61
838,838,0,90,147,0,0,0,458,267,-409,2,下位,0,0,0
480,480,0,63,117,1,0,0,0,0,1,0,下位,0,0,0
585,585,0,90,88,1,0,0,0,0,1,0,下位,0,0,0
274,274,0,122,179,0,0,0,585,140,-803,1,下位,0,0,0
159,159,0,121,184,0,0,0,274,231,-1014,3,下位,0,0,0
300,300,0,99,138,1,0,0,0,0,1,0,下位,0,0,0
170,170,0,89,78,0,0,0,300,190,-293,2,下位,0,0,0
189,189,0,148,280,0,0,0,170,130,-437,1,下位,0,0,0
700,700,0,107,95,0,0,0,189,332,-410,3,下位,0,0,0
13,13,0,111,104,1,0,0,0,0,1,0,下位,0,0,0
263,263,0,155,306,0,0,0,13,156,136,3,下位,0,0,0
123,123,0,86,87,1,0,0,0,0,1,0,下位,0,0,0
232,232,0,64,130,1,0,0,0,0,1,0,下位,0,0,0
750,750,0,66,106,1,0,0,0,0,1,0,下位,0,0,0
180,180,0,1022,5165,0,0,0,750,158,-1051,1,下位,0,0,0
503,503,0,98,148,1,0,0,0,0,1,0,下位,0,0,0
195,195,0,84,163,0,0,0,503,200,-610,1,下位,0,0,0
344,344,0,103,194,0,0,0,195,215,-710,1,下位,0,0,0
125,125,0,91,79,0,0,0,344,246,-1019,2,下位,0,0,0
190,190,0,86,80,0,0,0,125,131,-1090,2,下位,0,0,0
965,965,0,186,362,0,0,0,190,132,-1264,1,下位,0,0,0
165,165,0,172,241,1,0,0,0,0,1,0,下位,0,0,0
172,172,0,92,233,1,0,0,0,0,1,0,下位,0,0,0
29,29,0,159,262,1,0,0,0,0,1,0,下位,0,0,0
741,741,0,42,5,0,0,0,29,314,268,3,下位,0,0,0
564,564,0,167,397,0,1,741,29,314,268,3,下位,0,741,57
98,98,0,987,5329,0,0,0,1305,449,-1331,5,下位,0,0,0
659,659,0,145,214,1,0,0,0,0,1,0,下位,0,0,0
254,254,0,103,209,0,0,0,659,266,-796,2,下位,0,0,0
890,890,0,163,238,0,0,0,254,261,-945,2,下位,0,0,0
566,566,0,69,107,1,0,0,0,0,1,0,下位,0,0,0
113,113,0,65,51,0,0,0,566,159,-753,1,下位,0,0,0
836,836,0,130,165,1,0,0,0,0,1,0,下位,0,0,0
455,455,0,108,198,0,0,0,836,217,-1130,3,下位,0,0,0
214,214,0,42,7,0,0,0,455,250,-1614,2,下位,0,0,0
898,898,0,54,61,0,1,214,455,250,-1614,2,下位,0,214,59
159,159,0,148,256,1,0,0,0,0,1,0,下位,0,0,0
365,365,0,42,9,0,0,0,159,308,53,3,下位,0,0,0
373,373,0,152,208,0,1,365,159,308,53,3,下位,0,365,61
424,424,0,109,202,0,0,0,738,260,-817,4,下位,0,0,0
250,250,0,182,228,0,0,0,424,254,-1247,2,下位,0,0,0
177,177,0,1500,7797,0,0,0,250,280,-1370,5,下位,0,0,0
545,545,0,80,99,0,0,0,177,7849,736,13,上位,0,0,0
490,490,0,178,376,1,0,0,0,0,1,0,下位,0,0,0
519,519,0,69,115,0,0,0,490,428,-361,4,下位,0,0,0
261,261,0,167,253,1,0,0,0,0,1,0,下位,0,0,0
967,967,0,68,42,0,0,0,261,305,-115,4,下位,0,0,0
49,49,0,106,114,1,0,0,0,0,1,0,下位,0,0,0
745,745,0,111,200,1,0,0,0,0,1,0,下位,0,0,0
849,849,0,41,3,0,0,0,745,252,-949,2,下位,0,0,0
469,469,0,61,105,0,1,849,745,252,-949,2,下位,0,849,55
830,830,0,115,93,1,0,0,0,0,1,0,下位,0,0,0
76,76,0,990,5142,0,0,0,830,145,-1193,2,下位,0,0,0
965,965,0,51,61,0,0,0,76,5077,751,6,上位,0,0,0
179,179,0,120,236,0,1,965,76,5077,751,6,上位,0,965,113
64,64,0,160,341,1,0,0,0,0,1,0,下位,0,0,0
164,164,0,116,179,0,0,0,64,393,291,5,下位,0,0,0
965,965,0,152,269,0,0,0,164,231,257,2,下位,0,0,0
370,370,0,52,65,1,0,0,0,0,1,0,下位,0,0,0
957,957,0,157,271,1,1,370,0,0,1,0,下位,0,370,117
216,216,0,77,96,0,0,0,1327,323,-1700,3,下位,0,0,0
362,362,0,192,217,0,0,0,216,148,-1900,1,下位,0,0,0
486,486,0,91,144,0,0,0,362,269,-2215,4,下位,0,0,0
189,189,0,51,61,1,0,0,0,0,1,0,下位,0,0,0
319,319,0,939,4548,1,1,189,0,0,1,0,下位,0,189,113
185,185,0,42,5,0,0,0,508,4600,761,9,上位,0,0,0
216,216,0,84,232,0,1,185,508,4600,761,9,上位,0,185,57
420,420,0,148,284,0,0,0,401,284,456,2,下位,0,0,0
371,371,0,136,162,0,0,0,420,336,115,3,下位,0,0,0
640,640,0,137,287,0,0,0,371,214,-269,2,下位,0,0,0
599,599,0,69,107,0,0,0,640,339,-962,3,下位,0,0,0
314,314,0,42,9,0,0,0,599,159,-1769,1,下位,0,0,0
899,899,0,1167,6068,0,1,314,599,159,-1769,1,下位,0,314,61
303,303,0,51,61,0,0,0,1213,6120,770,12,上位,0,0,0
97,97,0,133,160,0,1,303,1213,6120,770,12,上位,0,303,113
657,657,0,93,138,1,0,0,0,0,1,0,下位,0,0,0
168,168,0,74,181,1,0,0,0,0,1,0,下位,0,0,0
277,277,0,71,32,0,0,0,168,233,-37,1,下位,0,0,0
160,160,0,901,4463,0,0,0,277,84,-400,1,下位,0,0,0
69,69,0,128,153,0,0,0,160,4515,760,10,上位,0,0,0
315,315,0,120,311,0,0,0,69,205,854,2,下位,0,0,0
587,587,0,92,216,0,0,0,315,363,709,4,下位,0,0,0
154,154,0,68,103,0,0,0,587,268,30,3,下位,0,0,0
254,254,0,74,108,0,0,0,154,155,-63,1,下位,0,0,0
212,212,0,64,121,0,0,0,254,160,-313,1,下位,0,0,0
747,747,0,42,5,0,0,0,212,173,-482,1,下位,0,0,0
669,669,0,42,9,0,1,747,212,173,-482,1,下位,0,747,57
229,229,0,51,61,0,2,1416,212,173,-482,1,下位,0,669,61
486,486,0,142,146,0,3,1645,212,173,-482,1,下位,0,229,113
717,717,0,88,153,1,0,0,0,0,1,0,下位,0,0,0
333,333,0,1089,5406,0,0,0,717,205,-950,1,下位,0,0,0
192,192,0,42,9,1,0,0,0,0,1,0,下位,0,0,0
773,773,0,90,230,1,1,192,0,0,1,0,下位,0,192,61
544,544,0,122,240,0,0,0,965,282,-1213,2,下位,0,0,0
680,680,0,161,413,0,0,0,544,292,-1798,3,下位,0,0,0
349,349,0,41,1,0,0,0,680,465,-2430,4,下位,0,0,0
434,434,0,110,192,0,1,349,680,465,-2430,4,下位,0,349,53
142,142,0,42,11,0,0,0,783,244,-3396,2,下位,0,0,0
912,912,0,136,150,0,1,142,783,244,-3396,2,下位,0,142,63
121,121,0,897,4242,0,0,0,1054,202,-4831,4,下位,0,0,0
159,159,0,82,85,0,0,0,121,4294,-732,9,上位,0,0,0
356,356,0,68,116,0,0,0,159,137,-851,1,下位,0,0,0
34,34,0,200,343,1,0,0,0,0,1,0,下位,0,0,0
322,322,0,67,106,0,0,0,34,395,341,5,下位,0,0,0
416,416,0,154,198,0,0,0,322,158,-20,1,下位,0,0,0
432,432,0,136,236,0,0,0,416,250,-441,4,下位,0,0,0
171,171,0,61,113,0,0,0,432,288,-850,2,下位,0,0,0
817,817,0,109,110,0,0,0,171,165,-961,1,下位,0,0,0
273,273,0,930,4271,1,0,0,0,0,1,0,下位,0,0,0
219,219,0,93,282,0,0,0,273,4323,747,10,上位,0,0,0
324,324,0,52,69,0,0,0,219,334,728,2,下位,0,0,0
271,271,0,80,103,0,1,324,219,334,728,2,下位,0,324,121
423,423,0,51,63,0,0,0,595,155,44,1,下位,0,0,0
877,877,0,118,184,0,1,423,595,155,44,1,下位,0,423,115
313,313,0,88,165,0,0,0,1300,236,-1702,2,下位,0,0,0
983,983,0,80,179,0,0,0,313,217,-1990,2,下位,0,0,0
386,386,0,74,91,0,0,0,983,231,-3344,1,下位,0,0,0
210,210,0,85,169,0,0,0,386,143,-3824,1,下位,0,0,0
914,914,0,75,87,1,0,0,0,0,1,0,下位,0,0,0
257,257,0,96,226,0,0,0,914,139,-1334,1,下位,0,0,0
797,797,0,72,84,0,0,0,257,278,-1471,2,下位,0,0,0
647,647,0,159,237,1,0,0,0,0,1,0,下位,0,0,0
259,259,0,192,350,1,0,0,0,0,1,0,下位,0,0,0
52,52,0,756,3905,0,0,0,259,402,-15,6,下位,0,0,0
963,963,0,83,139,0,0,0,52,3035,730,4,上位,0,0,0
77,77,0,51,64,0,0,0,963,191,-632,2,下位,0,0,0
653,653,0,42,7,0,1,77,963,191,-632,2,下位,0,77,116
967,967,0,72,86,0,2,730,963,191,-632,2,下位,0,653,59
887,887,0,140,285,0,0,0,1697,138,-3056,1,下位,0,0,0
218,218,0,67,103,0,0,0,887,337,-4150,4,下位,0,0,0
76,76,0,50,54,1,0,0,0,0,1,0,下位,0,0,0
904,904,0,62,44,1,1,76,0,0,1,0,下位,0,76,106
579,579,0,1048,5315,0,0,0,980,96,-1378,1,下位,0,0,0
666,666,0,138,184,1,0,0,0,0,1,0,下位,0,0,0
312,312,0,126,178,1,0,0,0,0,1,0,下位,0,0,0
222,222,0,41,1,1,0,0,0,0,1,0,下位,0,0,0
148,148,0,68,40,1,1,222,0,0,1,0,下位,0,222,53
346,346,0,66,43,0,0,0,370,92,-451,1,下位,0,0,0
169,169,0,94,135,0,0,0,346,95,-914,1,下位,0,0,0
691,691,0,146,224,1,0,0,0,0,1,0,下位,0,0,0
361,361,0,113,179,0,0,0,691,276,-838,3,下位,0,0,0
848,848,0,130,220,1,0,0,0,0,1,0,下位,0,0,0
343,343,0,72,98,1,0,0,0,0,1,0,下位,0,0,0
770,770,0,132,124,0,0,0,343,150,-402,1,下位,0,0,0
835,835,0,104,184,1,0,0,0,0,1,0,下位,0,0,0
490,490,0,960,4566,1,0,0,0,0,1,0,下位,0,0,0
846,846,0,50,55,0,0,0,490,4618,754,10,上位,0,0,0
926,926,0,117,148,0,1,846,490,4618,754,10,上位,0,846,107
628,628,0,142,217,1,0,0,0,0,1,0,下位,0,0,0
449,449,0,42,11,0,0,0,628,269,-743,3,下位,0,0,0
170,170,0,81,82,0,1,449,628,269,-743,3,下位,0,449,63
270,270,0,52,65,0,0,0,619,134,-1544,1,下位,0,0,0
398,398,0,136,160,0,1,270,619,134,-1544,1,下位,0,270,117
765,765,0,42,7,0,0,0,668,212,-2292,2,下位,0,0,0
189,189,0,103,128,0,1,765,668,212,-2292,2,下位,0,765,59
934,934,0,152,277,1,0,0,0,0,1,0,下位,0,0,0
167,167,0,68,116,0,0,0,934,329,-1176,4,下位,0,0,0
38,38,0,93,137,1,0,0,0,0,1,0,下位,0,0,0
562,562,0,1178,6169,0,0,0,38,189,129,1,下位,0,0,0
188,188,0,195,356,0,0,0,562,6221,756,12,上位,0,0,0
520,520,0,69,41,0,0,0,188,408,861,5,下位,0,0,0
407,407,0,52,65,0,0,0,520,93,115,1,下位,0,0,0
208,208,0,42,5,0,1,407,520,93,115,1,下位,0,407,117
249,249,0,149,205,0,2,615,520,93,115,1,下位,0,208,57
36,36,0,84,93,0,0,0,864,257,-847,3,下位,0,0,0
380,380,0,92,152,1,0,0,0,0,1,0,下位,0,0,0
47,47,0,846,4338,0,0,0,380,204,-408,1,下位,0,0,0
335,335,0,52,69,0,0,0,47,4390,753,7,上位,0,0,0
871,871,0,150,290,0,1,335,47,4390,753,7,上位,0,335,121
893,893,0,82,92,0,0,0,1206,342,-729,5,下位,0,0,0
625,625,0,95,153,1,0,0,0,0,1,0,下位,0,0,0
775,775,0,132,175,0,0,0,625,205,-802,1,下位,0,0,0
545,545,0,79,169,1,0,0,0,0,1,0,下位,0,0,0
205,205,0,139,219,0,0,0,545,221,-657,1,下位,0,0,0
584,584,0,98,134,0,0,0,205,271,-717,3,下位,0,0,0
360,360,0,205,269,0,0,0,584,186,-1473,1,下位,0,0,0
966,966,0,131,244,0,0,0,360,321,-1733,4,下位,0,0,0
598,598,0,122,256,1,0,0,0,0,1,0,下位,0,0,0
647,647,0,146,276,0,0,0,598,308,-656,2,下位,0,0,0
800,800,0,136,228,0,0,0,647,328,-1372,3,下位,0,0,0
491,491,0,119,256,0,0,0,800,280,-2382,3,下位,0,0,0
429,429,0,51,63,0,0,0,491,308,-2866,3,下位,0,0,0
72,72,0,42,11,0,1,429,491,308,-2866,3,下位,0,429,115
170,170,0,52,65,0,2,501,491,308,-2866,3,下位,0,72,63
285,285,0,74,105,0,3,671,491,308,-2866,3,下位,0,170,117
496,496,0,68,110,1,0,0,0,0,1,0,下位,0,0,0
629,629,0,104,126,0,0,0,496,162,-637,1,下位,0,0,0
229,229,0,91,79,0,0,0,629,178,-1474,3,下位,0,0,0
224,224,0,84,160,0,0,0,229,131,-1712,1,下位,0,0,0
331,331,0,167,241,0,0,0,224,212,-1861,2,下位,0,0,0
498,498,0,87,147,0,0,0,331,293,-2102,5,下位,0,0,0
851,851,0,42,7,0,0,0,498,199,-2706,2,下位,0,0,0
562,562,0,42,5,0,1,851,498,199,-2706,2,下位,0,851,59
290,290,0,150,270,0,2,1413,498,199,-2706,2,下位,0,562,57
214,214,0,1103,5290,0,0,0,1703,322,-5015,3,下位,0,0,0
691,691,0,98,126,1,0,0,0,0,1,0,下位,0,0,0
192,192,0,42,7,0,0,0,691,178,-936,1,下位,0,0,0
171,171,0,76,100,0,1,192,691,178,-936,1,下位,0,192,59
271,271,0,42,9,0,0,0,363,152,-1311,2,下位,0,0,0
636,636,0,167,330,0,1,271,363,152,-1311,2,下位,0,271,61
52,52,0,1729,9377,0,0,0,907,382,-2331,5,下位,0,0,0
401,401,0,100,139,0,0,0,52,8474,767,11,上位,0,0,0
599,599,0,64,45,1,0,0,0,0,1,0,下位,0,0,0
471,471,0,181,286,0,0,0,599,97,-868,1,下位,0,0,0
494,494,0,141,290,0,0,0,471,338,-1290,4,下位,0,0,0
354,354,0,75,29,1,0,0,0,0,1,0,下位,0,0,0
128,128,0,108,264,0,0,0,354,81,-489,1,下位,0,0,0
125,125,0,101,137,0,0,0,128,316,-379,2,下位,0,0,0
298,298,0,972,4725,0,0,0,125,189,-392,1,下位,0,0,0
221,221,0,112,184,1,0,0,0,0,1,0,下位,0,0,0
166,166,0,93,70,0,0,0,221,236,-119,2,下位,0,0,0
243,243,0,88,84,0,0,0,166,122,-265,1,下位,0,0,0
378,378,0,115,34,0,0,0,243,136,-521,1,下位,0,0,0
127,127,0,85,74,0,0,0,378,86,-1045,2,下位,0,0,0
97,97,0,52,67,0,0,0,127,126,-1124,1,下位,0,0,0
888,888,0,42,7,0,1,97,127,126,-1124,1,下位,0,97,119
126,126,0,81,83,0,2,985,127,126,-1124,1,下位,0,888,59
111,111,0,110,270,1,0,0,0,0,1,0,下位,0,0,0
125,125,0,42,5,1,0,0,0,0,1,0,下位,0,0,0
95,95,0,42,9,1,1,125,0,0,1,0,下位,0,125,57
91,91,0,92,135,1,2,220,0,0,1,0,下位,0,95,61
313,313,0,115,249,0,0,0,311,187,-196,1,下位,0,0,0
755,755,0,70,113,0,0,0,313,301,-400,2,下位,0,0,0
268,268,0,87,90,0,0,0,755,165,-1453,1,下位,0,0,0
734,734,0,88,168,0,0,0,268,142,-1743,1,下位,0,0,0
210,210,0,101,201,1,0,0,0,0,1,0,下位,0,0,0
826,826,0,107,185,0,0,0,210,253,-85,2,下位,0,0,0
957,957,0,60,35,0,0,0,826,237,-1180,3,下位,0,0,0
132,132,0,110,124,0,0,0,957,87,-2637,1,下位,0,0,0
321,321,0,86,85,0,0,0,132,176,-2674,2,下位,0,0,0
573,573,0,51,63,0,0,0,321,137,-3055,1,下位,0,0,0
969,969,0,52,65,0,1,573,321,137,-3055,1,下位,0,573,115
307,307,0,52,65,0,2,1542,321,137,-3055,1,下位,0,969,117
335,335,0,84,89,0,3,1849,321,137,-3055,1,下位,0,307,117
968,968,0,84,87,0,0,0,2184,141,-6087,1,下位,0,0,0
963,963,0,117,253,0,0,0,968,139,-7509,1,下位,0,0,0
477,477,0,96,209,1,0,0,0,0,1,0,下位,0,0,0
548,548,0,60,50,0,0,0,477,261,-507,2,下位,0,0,0
391,391,0,84,48,0,0,0,548,102,-1289,1,下位,0,0,0
207,207,0,92,78,0,0,0,391,100,-1820,1,下位,0,0,0
64,64,0,96,222,1,0,0,0,0,1,0,下位,0,0,0
964,964,0,41,2,0,0,0,64,274,172,2,下位,0,0,0
355,355,0,117,116,0,1,964,64,274,172,2,下位,0,964,54
964,964,0,120,189,0,0,0,1319,168,-1734,2,下位,0,0,0
124,124,0,121,246,1,0,0,0,0,1,0,下位,0,0,0
507,507,0,42,9,0,0,0,124,298,99,3,下位,0,0,0
124,124,0,84,157,0,1,507,124,298,99,3,下位,0,507,61
627,627,0,78,28,0,0,0,631,209,-649,2,下位,0,0,0
478,478,0,69,109,0,0,0,627,80,-1580,1,下位,0,0,0
156,156,0,37,-23,0,0,0,478,161,-2190,1,下位,0,0,0
198,198,0,145,358,0,1,156,478,161,-2190,1,下位,0,156,29
336,336,0,124,259,1,0,0,0,0,1,0,下位,0,0,0
245,245,0,166,346,0,0,0,336,311,-230,2,下位,0,0,0
722,722,0,52,69,0,0,0,245,398,-227,4,下位,0,0,0
222,222,0,91,146,0,1,722,245,398,-227,4,下位,0,722,121
211,211,0,164,188,0,0,0,944,198,-1431,2,下位,0,0,0
339,339,0,70,113,0,0,0,211,240,-1531,3,下位,0,0,0
222,222,0,60,63,0,0,0,339,165,-1913,1,下位,0,0,0
238,238,0,104,200,1,0,0,0,0,1,0,下位,0,0,0
573,573,0,153,310,1,0,0,0,0,1,0,下位,0,0,0
356,356,0,173,321,0,0,0,573,362,-561,4,下位,0,0,0
966,966,0,72,32,0,0,0,356,373,-762,4,下位,0,0,0
163,163,0,51,64,1,0,0,0,0,1,0,下位,0,0,0
201,201,0,51,63,1,1,163,0,0,1,0,下位,0,163,116
216,216,0,84,89,1,2,364,0,0,1,0,下位,0,201,115
228,228,0,118,110,1,0,0,0,0,1,0,下位,0,0,0
79,79,0,42,11,0,0,0,228,162,-205,2,下位,0,0,0
259,259,0,115,251,0,1,79,228,162,-205,2,下位,0,79,63
968,968,0,84,83,0,0,0,338,303,-384,3,下位,0,0,0
146,146,0,110,192,1,0,0,0,0,1,0,下位,0,0,0
138,138,0,94,149,0,0,0,146,244,10,2,下位,0,0,0
370,370,0,52,65,0,0,0,138,201,-12,1,下位,0,0,0
364,364,0,110,129,0,1,370,138,201,-12,1,下位,0,370,117
977,977,0,85,93,0,0,0,734,181,-898,3,下位,0,0,0
61,61,0,107,183,0,0,0,977,145,-2329,1,下位,0,0,0
45,45,0,51,63,1,0,0,0,0,1,0,下位,0,0,0
464,464,0,1186,6058,1,1,45,0,0,1,0,下位,0,45,115
521,521,0,62,120,1,0,0,0,0,1,0,下位,0,0,0
212,212,0,136,149,1,0,0,0,0,1,0,下位,0,0,0
908,908,0,1124,5426,0,0,0,212,201,-140,3,下位,0,0,0
654,654,0,78,100,0,0,0,908,5478,757,12,上位,0,0,0
92,92,0,93,80,0,0,0,654,152,-146,1,下位,0,0,0
976,976,0,52,65,0,0,0,92,132,-162,1,下位,0,0,0
117,117,0,94,225,0,1,976,92,132,-162,1,下位,0,976,117
154,154,0,42,5,1,0,0,0,0,1,0,下位,0,0,0
940,940,0,86,164,1,1,154,0,0,1,0,下位,0,154,57
753,753,0,57,52,1,0,0,0,0,1,0,下位,0,0,0
772,772,0,100,133,0,0,0,753,104,-1110,1,下位,0,0,0
90,90,0,82,176,0,0,0,772,185,-2170,1,下位,0,0,0
622,622,0,59,53,1,0,0,0,0,1,0,下位,0,0,0
384,384,0,52,69,0,0,0,622,105,-897,1,下位,0,0,0
468,468,0,66,108,0,1,384,622,105,-897,1,下位,0,384,121
455,455,0,76,33,1,0,0,0,0,1,0,下位,0,0,0
968,968,0,52,69,0,0,0,455,85,-648,1,下位,0,0,0
926,926,0,76,90,0,1,968,455,85,-648,1,下位,0,968,121
617,617,0,169,188,1,0,0,0,0,1,0,下位,0,0,0
853,853,0,51,63,0,0,0,617,240,-754,4,下位,0,0,0
970,970,0,42,11,0,1,853,617,240,-754,4,下位,0,853,115
225,225,0,52,67,0,2,1823,617,240,-754,4,下位,0,970,63
970,970,0,78,101,0,3,2048,617,240,-754,4,下位,0,225,119
231,231,0,104,126,0,0,0,3018,153,-5173,2,下位,0,0,0
119,119,0,52,65,0,0,0,231,178,-5368,2,下位,0,0,0
188,188,0,190,217,0,1,119,231,178,-5368,2,下位,0,119,117
228,228,0,100,140,0,0,0,307,269,-5477,4,下位,0,0,0
741,741,0,148,261,0,0,0,228,192,-5653,2,下位,0,0,0
383,383,0,74,96,1,0,0,0,0,1,0,下位,0,0,0
149,149,0,134,145,0,0,0,383,148,-469,2,下位,0,0,0
76,76,0,42,5,0,0,0,149,197,-512,3,下位,0,0,0
840,840,0,52,65,0,1,76,149,197,-512,3,下位,0,76,57
643,643,0,110,128,0,2,916,149,197,-512,3,下位,0,840,117
147,147,0,69,31,0,0,0,1559,180,-2673,3,下位,0,0,0
215,215,0,57,54,0,0,0,147,83,-2827,1,下位,0,0,0
44,44,0,1339,7003,0,0,0,215,106,-3068,1,下位,0,0,0
943,943,0,58,62,0,0,0,44,7055,757,11,上位,0,0,0
675,675,0,65,45,1,0,0,0,0,1,0,下位,0,0,0
74,74,0,52,69,0,0,0,675,97,-991,1,下位,0,0,0
841,841,0,123,168,0,1,74,675,97,-991,1,下位,0,74,121
917,917,0,74,39,0,0,0,915,220,-2125,2,下位,0,0,0
173,173,0,83,85,0,0,0,917,91,-3513,1,下位,0,0,0
641,641,0,110,120,0,0,0,173,137,-3655,1,下位,0,0,0
881,881,0,115,176,0,0,0,641,172,-4517,2,下位,0,0,0
306,306,0,79,93,0,0,0,881,228,-5710,2,下位,0,0,0
766,766,0,79,101,1,0,0,0,0,1,0,下位,0,0,0
399,399,0,98,225,0,0,0,766,153,-1081,1,下位,0,0,0
212,212,0,103,128,0,0,0,399,277,-1448,2,下位,0,0,0
216,216,0,74,97,0,0,0,212,180,-1610,1,下位,0,0,0
901,901,0,72,101,0,0,0,216,149,-1809,1,下位,0,0,0
439,439,0,87,155,0,0,0,901,153,-3109,2,下位,0,0,0
318,318,0,68,114,0,0,0,439,207,-3610,2,下位,0,0,0
314,314,0,50,58,0,0,0,318,166,-3957,1,下位,0,0,0
965,965,0,170,312,0,1,314,318,166,-3957,1,下位,0,314,110
263,263,0,137,141,0,0,0,1279,364,-5545,4,下位,0,0,0
819,819,0,41,1,0,0,0,263,193,-5776,3,下位,0,0,0
280,280,0,52,69,0,1,819,263,193,-5776,3,下位,0,819,53
683,683,0,51,63,0,2,1099,263,193,-5776,3,下位,0,280,121
402,402,0,93,146,0,3,1782,263,193,-5776,3,下位,0,683,115
567,567,0,184,367,1,0,0,0,0,1,0,下位,0,0,0
141,141,0,156,284,0,0,0,567,419,-495,6,下位,0,0,0
585,585,0,41,3,0,0,0,141,336,-386,3,下位,0,0,0
437,437,0,42,11,0,1,585,141,336,-386,3,下位,0,585,55
176,176,0,42,5,0,2,1022,141,336,-386,3,下位,0,437,63
963,963,0,42,11,0,3,1198,141,336,-386,3,下位,0,176,57
916,916,0,76,113,0,4,2161,141,336,-386,3,下位,0,963,63
462,462,0,41,3,0,0,0,3077,165,-4946,1,下位,0,0,0
887,887,0,119,183,0,1,462,3077,165,-4946,1,下位,0,462,55
243,243,0,92,151,1,0,0,0,0,1,0,下位,0,0,0
160,160,0,41,1,0,0,0,243,203,-188,1,下位,0,0,0
48,48,0,73,102,0,1,160,243,203,-188,1,下位,0,160,53
36,36,0,978,4892,0,0,0,208,154,-316,1,下位,0,0,0
967,967,0,112,191,0,0,0,36,4944,761,7,上位,0,0,0
310,310,0,68,116,1,0,0,0,0,1,0,下位,0,0,0
253,253,0,75,97,0,0,0,310,168,-331,1,下位,0,0,0
763,763,0,1226,6403,0,0,0,253,149,-590,1,下位,0,0,0
293,293,0,1262,5824,0,0,0,763,6455,767,11,上位,0,0,0
379,379,0,52,67,0,0,0,293,5876,747,12,上位,0,0,0
436,436,0,109,198,0,1,379,293,5876,747,12,上位,0,379,119
937,937,0,93,73,1,0,0,0,0,1,0,下位,0,0,0
967,967,0,88,83,0,0,0,937,125,-1385,2,下位,0,0,0
170,170,0,128,169,0,0,0,967,135,-2810,2,下位,0,0,0
66,66,0,52,69,0,0,0,170,221,-2863,2,下位,0,0,0
297,297,0,138,148,0,1,66,170,221,-2863,2,下位,0,66,121
594,594,0,42,9,0,0,0,363,200,-3127,3,下位,0,0,0
959,959,0,59,58,0,1,594,363,200,-3127,3,下位,0,594,61
246,246,0,171,320,0,0,0,1553,110,-5461,1,下位,0,0,0
724,724,0,88,149,0,0,0,246,372,-5486,4,下位,0,0,0
628,628,0,159,343,0,0,0,724,201,-6453,1,下位,0,0,0
858,858,0,1255,5928,1,0,0,0,0,1,0,下位,0,0,0
809,809,0,78,101,0,0,0,858,5980,747,12,上位,0,0,0
442,442,0,89,76,0,0,0,809,153,-405,1,下位,0,0,0
185,185,0,106,132,0,0,0,442,128,-990,1,下位,0,0,0
121,121,0,108,192,0,0,0,185,184,-1104,2,下位,0,0,0
970,970,0,56,32,0,0,0,121,244,-1055,2,下位,0,0,0
234,234,0,41,1,0,0,0,970,84,-2536,1,下位,0,0,0
194,194,0,230,304,0,1,234,970,84,-2536,1,下位,0,234,53
165,165,0,96,141,0,0,0,428,356,-2817,6,下位,0,0,0
744,744,0,117,168,1,0,0,0,0,1,0,下位,0,0,0
776,776,0,208,334,0,0,0,744,220,-979,2,下位,0,0,0
186,186,0,76,96,0,0,0,776,386,-1845,5,下位,0,0,0
538,538,0,159,267,0,0,0,186,148,-1997,1,下位,0,0,0
906,906,0,42,9,0,0,0,538,319,-2546,4,下位,0,0,0
976,976,0,94,147,0,1,906,538,319,-2546,4,下位,0,906,61
143,143,0,42,9,1,0,0,0,0,1,0,下位,0,0,0
257,257,0,41,3,1,1,143,0,0,1,0,下位,0,143,61
804,804,0,1256,6458,1,2,400,0,0,1,0,下位,0,257,55
876,876,0,52,69,0,0,0,1204,6510,755,11,上位,0,0,0
193,193,0,67,109,0,1,876,1204,6510,755,11,上位,0,876,121
449,449,0,42,7,0,0,0,1069,161,-687,1,下位,0,0,0
969,969,0,122,242,0,1,449,1069,161,-687,1,下位,0,449,59
188,188,0,94,76,1,0,0,0,0,1,0,下位,0,0,0
49,49,0,52,69,0,0,0,188,128,-174,1,下位,0,0,0
94,94,0,52,71,0,1,49,188,128,-174,1,下位,0,49,121
103,103,0,1181,5714,0,2,143,188,128,-174,1,下位,0,94,123
341,341,0,41,1,0,0,0,246,5766,755,11,上位,0,0,0
478,478,0,144,289,0,1,341,246,5766,755,11,上位,0,341,53
343,343,0,66,45,0,0,0,819,341,-172,3,下位,0,0,0
186,186,0,81,176,0,0,0,343,97,-628,1,下位,0,0,0
633,633,0,870,3931,0,0,0,186,228,-700,2,下位,0,0,0
417,417,0,697,2942,0,0,0,633,3983,746,9,上位,0,0,0
238,238,0,52,69,0,0,0,417,2994,759,6,上位,0,0,0
963,963,0,118,112,0,1,238,417,2994,759,6,上位,0,238,121
172,172,0,83,156,0,0,0,1201,164,-893,2,下位,0,0,0
673,673,0,234,309,1,0,0,0,0,1,0,下位,0,0,0
964,964,0,95,218,0,0,0,673,361,-723,5,下位,0,0,0
257,257,0,115,99,0,0,0,964,270,-2008,2,下位,0,0,0
965,965,0,83,155,0,0,0,257,151,-2272,2,下位,0,0,0
309,309,0,52,65,0,0,0,965,207,-3621,1,下位,0,0,0
272,272,0,87,84,0,1,309,965,207,-3621,1,下位,0,309,117
254,254,0,42,9,0,0,0,581,136,-4305,1,下位,0,0,0
291,291,0,42,7,0,1,254,581,136,-4305,1,下位,0,254,61
186,186,0,1188,6234,0,2,545,581,136,-4305,1,下位,0,291,59
324,324,0,50,58,0,0,0,731,6286,776,11,上位,0,0,0
115,115,0,110,124,0,1,324,731,6286,776,11,上位,0,324,110
965,965,0,122,237,0,0,0,439,176,354,2,下位,0,0,0
288,288,0,75,185,0,0,0,965,289,-913,2,下位,0,0,0
141,141,0,90,79,0,0,0,288,237,-1141,1,下位,0,0,0
783,783,0,120,248,1,0,0,0,0,1,0,下位,0,0,0
743,743,0,52,65,0,0,0,783,300,-962,3,下位,0,0,0
483,483,0,60,59,0,1,743,783,300,-962,3,下位,0,743,117
187,187,0,40,-4,0,0,0,1226,111,-2711,1,下位,0,0,0
809,809,0,62,46,0,1,187,1226,111,-2711,1,下位,0,187,48
473,473,0,1618,8782,0,0,0,996,98,-4172,1,下位,0,0,0
385,385,0,170,237,1,0,0,0,0,1,0,下位,0,0,0
251,251,0,72,108,0,0,0,385,289,-331,3,下位,0,0,0
962,962,0,1367,6677,0,0,0,251,160,-576,1,下位,0,0,0
264,264,0,52,66,1,0,0,0,0,1,0,下位,0,0,0
403,403,0,82,99,1,1,264,0,0,1,0,下位,0,264,118
359,359,0,92,140,0,0,0,667,151,-806,3,下位,0,0,0
191,191,0,968,4584,0,0,0,359,192,-1193,2,下位,0,0,0
345,345,0,43,10,0,0,0,191,4636,770,12,上位,0,0,0
443,443,0,42,9,0,0,0,345,62,276,1,下位,0,0,0
724,724,0,72,43,0,1,443,345,62,276,1,下位,0,443,61
966,966,0,1119,5792,0,0,0,1167,95,-1451,1,下位,0,0,0
790,790,0,122,183,1,0,0,0,0,1,0,下位,0,0,0
730,730,0,58,49,0,0,0,790,235,-1038,2,下位,0,0,0
980,980,0,80,179,0,0,0,730,101,-2114,1,下位,0,0,0
874,874,0,64,51,0,0,0,980,231,-3464,1,下位,0,0,0
967,967,0,42,5,0,0,0,874,103,-4771,1,下位,0,0,0
128,128,0,42,11,0,1,967,874,103,-4771,1,下位,0,967,57
195,195,0,42,9,0,2,1095,874,103,-4771,1,下位,0,128,63
94,94,0,57,52,0,3,1290,874,103,-4771,1,下位,0,195,61
268,268,0,82,86,0,0,0,1384,104,-6719,1,下位,0,0,0
88,88,0,114,102,0,0,0,268,138,-7013,1,下位,0,0,0
849,849,0,199,351,1,0,0,0,0,1,0,下位,0,0,0
451,451,0,70,35,0,0,0,849,403,-965,4,下位,0,0,0
950,950,0,1209,6161,0,0,0,451,87,-1605,1,下位,0,0,0
652,652,0,174,319,1,0,0,0,0,1,0,下位,0,0,0
675,675,0,86,89,0,0,0,652,371,-680,4,下位,0,0,0
970,970,0,62,46,0,0,0,675,141,-1628,1,下位,0,0,0
414,414,0,122,379,0,0,0,970,98,-3095,1,下位,0,0,0
644,644,0,98,152,0,0,0,414,431,-3332,4,下位,0,0,0
336,336,0,94,147,0,0,0,644,204,-4167,3,下位,0,0,0
72,72,0,1315,7023,0,0,0,336,199,-4510,2,下位,0,0,0
260,260,0,42,9,0,0,0,72,7075,754,10,上位,0,0,0
324,324,0,41,1,0,1,260,72,7075,754,10,上位,0,260,61
190,190,0,177,171,0,2,584,72,7075,754,10,上位,0,324,53
155,155,0,63,77,1,0,0,0,0,1,0,下位,0,0,0
280,280,0,136,351,0,0,0,155,129,-120,1,下位,0,0,0
443,443,0,68,115,0,0,0,280,403,-169,4,下位,0,0,0
284,284,0,330,1688,0,0,0,443,167,-717,1,下位,0,0,0
208,208,0,50,58,0,0,0,284,1740,565,3,上位,0,0,0
967,967,0,42,9,0,1,208,284,1740,565,3,上位,0,208,110
253,253,0,118,251,0,2,1175,284,1740,565,3,上位,0,967,61
450,450,0,1141,5651,0,0,0,1428,303,-1264,3,下位,0,0,0
953,953,0,117,194,0,0,0,450,5703,706,10,上位,0,0,0
682,682,0,1007,4920,1,0,0,0,0,1,0,下位,0,0,0
970,970,0,116,183,0,0,0,682,4972,734,10,上位,0,0,0
75,75,0,631,3124,0,0,0,970,235,-596,2,下位,0,0,0
962,962,0,94,146,0,0,0,75,3176,754,4,上位,0,0,0
650,650,0,72,119,0,0,0,962,198,-600,2,下位,0,0,0
679,679,0,42,11,0,0,0,650,171,-1477,1,下位,0,0,0
258,258,0,52,65,0,1,679,650,171,-1477,1,下位,0,679,63
962,962,0,68,120,0,2,937,650,171,-1477,1,下位,0,258,117
932,932,0,192,278,1,0,0,0,0,1,0,下位,0,0,0
107,107,0,85,81,0,0,0,932,330,-1172,4,下位,0,0,0
970,970,0,89,152,0,0,0,107,133,-1212,1,下位,0,0,0
67,67,0,72,28,0,0,0,970,204,-2573,2,下位,0,0,0
289,289,0,42,9,1,0,0,0,0,1,0,下位,0,0,0
947,947,0,112,199,1,1,289,0,0,1,0,下位,0,289,61
568,568,0,52,67,0,0,0,1236,251,-1680,3,下位,0,0,0
963,963,0,99,138,0,1,568,1236,251,-1680,3,下位,0,568,119
238,238,0,152,361,0,0,0,1531,190,-3840,2,下位,0,0,0
421,421,0,53,64,1,0,0,0,0,1,0,下位,0,0,0
837,837,0,87,84,0,0,0,421,116,-562,1,下位,0,0,0
236,236,0,51,63,0,0,0,837,136,-1776,1,下位,0,0,0
205,205,0,167,314,0,1,236,837,136,-1776,1,下位,0,236,115
333,333,0,110,126,0,0,0,441,366,-2007,3,下位,0,0,0
502,502,0,42,9,0,0,0,333,178,-2366,2,下位,0,0,0
335,335,0,111,189,0,1,502,333,178,-2366,2,下位,0,502,61
826,826,0,140,364,0,0,0,837,241,-3414,2,下位,0,0,0
97,97,0,41,3,0,0,0,826,416,-4330,4,下位,0,0,0
268,268,0,75,92,0,1,97,826,416,-4330,4,下位,0,97,55
265,265,0,41,3,0,0,0,365,144,-4719,1,下位,0,0,0
468,468,0,164,323,0,1,265,365,144,-4719,1,下位,0,265,55
392,392,0,76,166,0,0,0,733,375,-5471,5,下位,0,0,0
509,509,0,79,15,1,0,0,0,0,1,0,下位,0,0,0
91,91,0,77,165,0,0,0,509,67,-753,1,下位,0,0,0
323,323,0,116,332,0,0,0,91,217,-683,1,下位,0,0,0
395,395,0,120,182,0,0,0,323,384,-820,3,下位,0,0,0
230,230,0,136,143,0,0,0,395,234,-1223,2,下位,0,0,0
653,653,0,42,5,0,0,0,230,195,-1399,2,下位,0,0,0
87,87,0,52,67,0,1,653,230,195,-1399,2,下位,0,653,57
779,779,0,155,127,0,2,740,230,195,-1399,2,下位,0,87,119
781,781,0,89,145,1,0,0,0,0,1,0,下位,0,0,0
208,208,0,67,114,0,0,0,781,197,-1062,1,下位,0,0,0
400,400,0,152,278,0,0,0,208,166,-1231,1,下位,0,0,0
43,43,0,1030,5525,0,0,0,400,330,-1546,5,下位,0,0,0
220,220,0,51,61,0,0,0,43,5458,755,7,上位,0,0,0
937,937,0,51,61,0,1,220,43,5458,755,7,上位,0,220,113
718,718,0,75,103,0,2,1157,43,5458,755,7,上位,0,937,113
26,26,0,42,5,1,0,0,0,0,1,0,下位,0,0,0
251,251,0,112,203,1,1,26,0,0,1,0,下位,0,26,57
964,964,0,84,84,0,0,0,277,255,-134,2,下位,0,0,0
161,161,0,71,89,0,0,0,964,136,-1553,2,下位,0,0,0
602,602,0,90,83,0,0,0,161,141,-1672,1,下位,0,0,0
963,963,0,162,341,0,0,0,602,135,-2508,1,下位,0,0,0
393,393,0,79,161,0,0,0,963,393,-3668,5,下位,0,0,0
969,969,0,1984,10047,0,0,0,393,213,-4089,1,下位,0,0,0
702,702,0,130,165,0,0,0,969,10099,771,17,上位,0,0,0
166,166,0,42,7,1,0,0,0,0,1,0,下位,0,0,0
319,319,0,83,159,1,1,166,0,0,1,0,下位,0,166,59
342,342,0,1114,5677,0,0,0,485,211,-512,1,下位,0,0,0
369,369,0,52,65,0,0,0,342,5729,748,9,上位,0,0,0
384,384,0,69,111,0,1,369,342,5729,748,9,上位,0,369,117
513,513,0,1125,5249,0,0,0,753,163,-186,1,下位,0,0,0
265,265,0,88,153,0,0,0,513,5301,771,10,上位,0,0,0
173,173,0,67,48,0,0,0,265,205,549,1,下位,0,0,0
963,963,0,52,69,0,0,0,173,100,370,1,下位,0,0,0
750,750,0,52,65,0,1,963,173,100,370,1,下位,0,963,121
644,644,0,42,7,0,2,1713,173,100,370,1,下位,0,750,117
180,180,0,52,67,0,3,2357,173,100,370,1,下位,0,644,59
512,512,0,42,11,0,4,2537,173,100,370,1,下位,0,180,119
235,235,0,87,165,0,5,3049,173,100,370,1,下位,0,512,63
601,601,0,114,118,1,0,0,0,0,1,0,下位,0,0,0
534,534,0,128,302,0,0,0,601,170,-798,2,下位,0,0,0
320,320,0,108,119,0,0,0,534,354,-1305,4,下位,0,0,0
88,88,0,1212,6369,0,0,0,320,171,-1650,2,下位,0,0,0
549,549,0,58,62,0,0,0,88,6421,765,9,上位,0,0,0
340,340,0,52,65,0,0,0,549,114,-6,1,下位,0,0,0
308,308,0,78,101,0,1,340,549,114,-6,1,下位,0,340,117
247,247,0,42,9,0,0,0,648,153,-781,1,下位,0,0,0
966,966,0,155,345,0,1,247,648,153,-781,1,下位,0,247,61
602,602,0,106,124,1,0,0,0,0,1,0,下位,0,0,0
463,463,0,164,241,0,0,0,602,176,-794,2,下位,0,0,0
594,594,0,176,356,0,0,0,463,293,-1248,3,下位,0,0,0
462,462,0,142,154,1,0,0,0,0,1,0,下位,0,0,0
181,181,0,165,244,0,0,0,462,206,-538,3,下位,0,0,0
84,84,0,884,4504,0,0,0,181,296,-534,5,下位,0,0,0
149,149,0,574,2583,0,0,0,84,4439,756,5,上位,0,0,0
232,232,0,52,65,0,0,0,149,2635,766,6,上位,0,0,0
474,474,0,80,13,0,1,232,149,2635,766,6,上位,0,232,117
99,99,0,97,139,0,0,0,706,65,-191,1,下位,0,0,0
211,211,0,96,137,0,0,0,99,191,-160,2,下位,0,0,0
263,263,0,138,223,0,0,0,211,189,-311,2,下位,0,0,0
590,590,0,70,35,0,0,0,263,275,-460,2,下位,0,0,0
451,451,0,154,351,1,0,0,0,0,1,0,下位,0,0,0
651,651,0,42,7,0,0,0,451,403,-323,4,下位,0,0,0
96,96,0,1083,5284,0,1,651,451,403,-323,4,下位,0,651,59
296,296,0,134,207,0,0,0,747,5336,739,9,上位,0,0,0
887,887,0,107,123,0,0,0,296,259,521,2,下位,0,0,0
903,903,0,134,120,0,0,0,887,175,-735,2,下位,0,0,0
864,864,0,165,333,0,0,0,903,172,-2019,2,下位,0,0,0
180,180,0,67,112,1,0,0,0,0,1,0,下位,0,0,0
317,317,0,141,103,0,0,0,180,164,-125,1,下位,0,0,0
347,347,0,90,63,0,0,0,317,155,-481,4,下位,0,0,0
962,962,0,79,146,0,0,0,347,115,-926,1,下位,0,0,0
217,217,0,80,95,0,0,0,962,198,-2280,1,下位,0,0,0
72,72,0,41,3,0,0,0,217,147,-2483,1,下位,0,0,0
390,390,0,110,191,0,1,72,217,147,-2483,1,下位,0,72,55
328,328,0,106,123,0,0,0,462,243,-2930,2,下位,0,0,0
233,233,0,94,145,0,0,0,328,175,-3284,2,下位,0,0,0
897,897,0,65,115,0,0,0,233,197,-3463,2,下位,0,0,0
553,553,0,156,268,1,0,0,0,0,1,0,下位,0,0,0
433,433,0,90,67,0,0,0,553,320,-571,3,下位,0,0,0
969,969,0,78,91,0,0,0,433,119,-1150,1,下位,0,0,0
557,557,0,116,271,0,0,0,969,143,-2570,1,下位,0,0,0
35,35,0,155,284,1,0,0,0,0,1,0,下位,0,0,0
727,727,0,42,9,0,0,0,35,336,281,3,下位,0,0,0
651,651,0,52,67,0,1,727,35,336,281,3,下位,0,727,61
924,924,0,146,220,0,2,1378,35,336,281,3,下位,0,651,119
751,751,0,223,323,0,0,0,2302,272,-2980,3,下位,0,0,0
133,133,0,87,166,0,0,0,751,375,-3816,5,下位,0,0,0
340,340,0,150,140,0,0,0,133,218,-3813,1,下位,0,0,0
327,327,0,213,310,0,0,0,340,192,-4169,3,下位,0,0,0
214,214,0,52,69,0,0,0,327,362,-4334,5,下位,0,0,0
965,965,0,41,1,0,1,214,327,362,-4334,5,下位,0,214,121
219,219,0,102,135,0,2,1179,327,362,-4334,5,下位,0,965,53
115,115,0,86,97,1,0,0,0,0,1,0,下位,0,0,0
866,866,0,90,156,0,0,0,115,149,-35,1,下位,0,0,0
219,219,0,56,53,0,0,0,866,208,-1224,2,下位,0,0,0
446,446,0,58,49,0,0,0,219,105,-1472,1,下位,0,0,0
256,256,0,89,77,0,0,0,446,101,-2090,1,下位,0,0,0
761,761,0,189,355,0,0,0,256,129,-2374,1,下位,0,0,0
800,800,0,64,39,0,0,0,761,407,-3194,4,下位,0,0,0
324,324,0,97,133,0,0,0,800,91,-4393,1,下位,0,0,0
336,336,0,67,38,0,0,0,324,185,-4731,1,下位,0,0,0
522,522,0,58,54,0,0,0,336,90,-5183,1,下位,0,0,0
238,238,0,132,236,0,0,0,522,106,-5919,1,下位,0,0,0
877,877,0,52,65,0,0,0,238,288,-6015,2,下位,0,0,0
194,194,0,68,109,0,1,877,238,288,-6015,2,下位,0,877,117
548,548,0,92,227,1,0,0,0,0,1,0,下位,0,0,0
278,278,0,125,150,0,0,0,548,279,-604,2,下位,0,0,0
209,209,0,84,85,0,0,0,278,202,-850,2,下位,0,0,0
966,966,0,1271,6320,0,0,0,209,137,-1050,1,下位,0,0,0
830,830,0,160,265,0,0,0,966,6372,773,11,上位,0,0,0
824,824,0,42,7,0,0,0,830,317,-249,3,下位,0,0,0
364,364,0,83,85,0,1,824,830,317,-249,3,下位,0,824,59
443,443,0,100,218,0,0,0,1188,137,-1969,1,下位,0,0,0
386,386,0,182,386,1,0,0,0,0,1,0,下位,0,0,0
164,164,0,86,80,1,0,0,0,0,1,0,下位,0,0,0
835,835,0,174,221,0,0,0,164,132,-132,2,下位,0,0,0
246,246,0,101,141,0,0,0,835,273,-1206,4,下位,0,0,0
951,951,0,76,110,0,0,0,246,193,-1410,2,下位,0,0,0
411,411,0,132,245,0,0,0,951,162,-2782,2,下位,0,0,0
649,649,0,155,282,0,0,0,411,297,-3148,4,下位,0,0,0
408,408,0,106,138,1,0,0,0,0,1,0,下位,0,0,0
235,235,0,979,4724,0,0,0,408,190,-467,2,下位,0,0,0
603,603,0,105,278,0,0,0,235,4776,753,9,上位,0,0,0
279,279,0,174,247,0,0,0,603,330,110,2,下位,0,0,0
126,126,0,42,9,0,0,0,279,299,-41,4,下位,0,0,0
500,500,0,158,260,0,1,126,279,299,-41,4,下位,0,126,61
878,878,0,102,118,0,0,0,626,312,-677,3,下位,0,0,0
422,422,0,1058,5027,0,0,0,878,170,-1923,2,下位,0,0,0
207,207,0,84,85,0,0,0,422,5079,747,11,上位,0,0,0
153,153,0,74,111,0,0,0,207,137,550,1,下位,0,0,0
249,249,0,96,206,0,0,0,153,163,466,1,下位,0,0,0
265,265,0,76,103,0,0,0,249,258,322,3,下位,0,0,0
230,230,0,81,95,0,0,0,265,155,50,1,下位,0,0,0
641,641,0,67,48,0,0,0,230,147,-174,1,下位,0,0,0
281,281,0,88,233,0,0,0,641,100,-1108,1,下位,0,0,0
253,253,0,127,173,1,0,0,0,0,1,0,下位,0,0,0
178,178,0,151,265,0,0,0,253,225,-182,2,下位,0,0,0
223,223,0,68,111,0,0,0,178,317,-152,3,下位,0,0,0
253,253,0,93,149,0,0,0,223,163,-349,1,下位,0,0,0
403,403,0,71,30,0,0,0,253,201,-556,1,下位,0,0,0
77,77,0,115,260,0,0,0,403,82,-1124,1,下位,0,0,0
539,539,0,52,71,0,0,0,77,312,-936,2,下位,0,0,0
276,276,0,144,294,0,1,539,77,312,-936,2,下位,0,539,123
160,160,0,61,55,0,0,0,815,346,-1781,3,下位,0,0,0
142,142,0,98,134,0,0,0,160,107,-1932,1,下位,0,0,0
220,220,0,141,218,0,0,0,142,186,-1975,1,下位,0,0,0
57,57,0,1276,6759,0,0,0,220,270,-2060,3,下位,0,0,0
407,407,0,135,156,1,0,0,0,0,1,0,下位,0,0,0
905,905,0,116,268,0,0,0,407,208,-447,2,下位,0,0,0
226,226,0,92,151,1,0,0,0,0,1,0,下位,0,0,0
496,496,0,82,102,0,0,0,226,203,-161,2,下位,0,0,0
163,163,0,128,232,0,0,0,496,154,-807,1,下位,0,0,0
222,222,0,146,284,0,0,0,163,284,-786,3,下位,0,0,0
568,568,0,87,158,0,0,0,222,336,-808,3,下位,0,0,0
327,327,0,73,34,0,0,0,568,210,-1514,1,下位,0,0,0
183,183,0,128,306,1,0,0,0,0,1,0,下位,0,0,0
363,363,0,84,173,0,0,0,183,358,64,4,下位,0,0,0
120,120,0,42,6,0,0,0,363,225,-296,2,下位,0,0,0
202,202,0,41,2,0,1,120,363,225,-296,2,下位,0,120,58
94,94,0,133,238,0,2,322,363,225,-296,2,下位,0,202,54
269,269,0,98,141,0,0,0,416,290,-566,3,下位,0,0,0
178,178,0,86,68,0,0,0,269,193,-807,2,下位,0,0,0
652,652,0,123,259,0,0,0,178,120,-974,1,下位,0,0,0
267,267,0,1170,6036,0,0,0,652,311,-1715,2,下位,0,0,0
89,89,0,52,67,0,0,0,267,6088,775,12,上位,0,0,0
127,127,0,42,5,0,1,89,267,6088,775,12,上位,0,89,119
201,201,0,93,68,0,2,216,267,6088,775,12,上位,0,127,57
408,408,0,75,25,0,0,0,417,120,398,1,下位,0,0,0
538,538,0,146,284,0,0,0,408,77,-183,1,下位,0,0,0
202,202,0,80,169,0,0,0,538,336,-715,4,下位,0,0,0
966,966,0,152,280,0,0,0,202,221,-820,1,下位,0,0,0
606,606,0,66,43,1,0,0,0,0,1,0,下位,0,0,0
340,340,0,41,2,0,0,0,606,95,-881,1,下位,0,0,0
967,967,0,126,234,0,1,340,606,95,-881,1,下位,0,340,54
918,918,0,79,85,0,0,0,1307,286,-2649,2,下位,0,0,0
75,75,0,42,7,0,0,0,918,137,-3993,1,下位,0,0,0
586,586,0,76,107,0,1,75,918,137,-3993,1,下位,0,75,59
192,192,0,80,23,0,0,0,661,159,-4841,1,下位,0,0,0
681,681,0,118,109,0,0,0,192,75,-5076,1,下位,0,0,0
659,659,0,143,221,1,0,0,0,0,1,0,下位,0,0,0
881,881,0,85,167,0,0,0,659,273,-789,4,下位,0,0,0
225,225,0,83,167,0,0,0,881,219,-1991,1,下位,0,0,0
692,692,0,188,302,0,0,0,225,219,-2135,2,下位,0,0,0
115,115,0,84,97,1,0,0,0,0,1,0,下位,0,0,0
189,189,0,144,217,0,0,0,115,149,-35,1,下位,0,0,0
142,142,0,51,61,0,0,0,189,269,-71,3,下位,0,0,0
522,522,0,42,5,0,1,142,189,269,-71,3,下位,0,142,113
965,965,0,94,80,0,2,664,189,269,-71,3,下位,0,522,57
366,366,0,132,243,0,0,0,1629,132,-2396,1,下位,0,0,0
733,733,0,67,105,0,0,0,366,295,-2691,3,下位,0,0,0
404,404,0,78,30,0,0,0,733,157,-3716,1,下位,0,0,0
198,198,0,52,65,0,0,0,404,82,-4286,1,下位,0,0,0
275,275,0,78,95,0,1,198,404,82,-4286,1,下位,0,198,117
551,551,0,1705,8860,0,0,0,473,147,-4785,1,下位,0,0,0
755,755,0,135,150,1,0,0,0,0,1,0,下位,0,0,0
65,65,0,84,59,0,0,0,755,202,-1015,2,下位,0,0,0
150,150,0,51,61,0,0,0,65,111,-1009,2,下位,0,0,0
436,436,0,52,71,0,1,150,65,111,-1009,2,下位,0,150,113
807,807,0,51,61,0,2,586,65,111,-1009,2,下位,0,436,123
720,720,0,89,48,0,3,1393,65,111,-1009,2,下位,0,807,113
879,879,0,94,142,0,0,0,2113,100,-3968,1,下位,0,0,0
194,194,0,51,63,0,0,0,879,194,-5192,2,下位,0,0,0
901,901,0,91,86,0,1,194,879,194,-5192,2,下位,0,194,115
176,176,0,52,65,1,0,0,0,0,1,0,下位,0,0,0
716,716,0,157,103,1,1,176,0,0,1,0,下位,0,176,117
185,185,0,72,103,0,0,0,892,155,-1166,3,下位,0,0,0
510,510,0,109,195,0,0,0,185,155,-1309,1,下位,0,0,0
637,637,0,112,253,0,0,0,510,247,-1885,3,下位,0,0,0
709,709,0,42,9,0,0,0,637,305,-2607,3,下位,0,0,0
927,927,0,149,115,0,1,709,637,305,-2607,3,下位,0,709,61
240,240,0,122,254,0,0,0,1636,167,-5018,3,下位,0,0,0
977,977,0,78,102,0,0,0,240,306,-5099,4,下位,0,0,0
139,139,0,898,4054,1,0,0,0,0,1,0,下位,0,0,0
283,283,0,89,163,0,0,0,139,4106,749,9,上位,0,0,0
783,783,0,1514,7402,1,0,0,0,0,1,0,下位,0,0,0
650,650,0,1026,4889,1,0,0,0,0,1,0,下位,0,0,0
149,149,0,106,122,1,0,0,0,0,1,0,下位,0,0,0
240,240,0,51,61,0,0,0,149,174,-65,2,下位,0,0,0
311,311,0,125,98,0,1,240,149,174,-65,2,下位,0,240,113
794,794,0,196,277,0,0,0,551,150,-691,2,下位,0,0,0
447,447,0,97,213,0,0,0,794,329,-1643,4,下位,0,0,0
125,125,0,86,156,0,0,0,447,265,-2099,2,下位,0,0,0
236,236,0,139,226,0,0,0,125,208,-2093,1,下位,0,0,0
565,565,0,68,50,1,0,0,0,0,1,0,下位,0,0,0
849,849,0,144,201,0,0,0,565,102,-808,1,下位,0,0,0
660,660,0,148,352,1,0,0,0,0,1,0,下位,0,0,0
306,306,0,131,296,1,0,0,0,0,1,0,下位,0,0,0
452,452,0,60,55,1,0,0,0,0,1,0,下位,0,0,0
225,225,0,64,47,0,0,0,452,107,-621,1,下位,0,0,0
283,283,0,122,103,0,0,0,225,99,-885,1,下位,0,0,0
167,167,0,60,107,0,0,0,283,155,-1186,2,下位,0,0,0
630,630,0,106,128,0,0,0,167,159,-1296,1,下位,0,0,0
463,463,0,227,291,1,0,0,0,0,1,0,下位,0,0,0
555,555,0,60,61,1,0,0,0,0,1,0,下位,0,0,0
99,99,0,79,95,1,0,0,0,0,1,0,下位,0,0,0
419,419,0,157,271,0,0,0,99,147,-12,1,下位,0,0,0
215,215,0,72,112,0,0,0,419,323,-365,3,下位,0,0,0
729,729,0,52,67,0,0,0,215,164,-548,1,下位,0,0,0
221,221,0,42,7,0,1,729,215,164,-548,1,下位,0,729,119
925,925,0,51,61,0,2,950,215,164,-548,1,下位,0,221,59
69,69,0,51,61,0,3,1875,215,164,-548,1,下位,0,925,113
182,182,0,51,61,0,4,1944,215,164,-548,1,下位,0,69,113
49,49,0,1557,8255,0,5,2126,215,164,-548,1,下位,0,182,113
752,752,0,104,129,1,0,0,0,0,1,0,下位,0,0,0
399,399,0,1323,6344,0,0,0,752,181,-1031,2,下位,0,0,0
116,116,0,51,60,1,0,0,0,0,1,0,下位,0,0,0
238,238,0,175,153,1,1,116,0,0,1,0,下位,0,116,112
192,192,0,160,257,1,0,0,0,0,1,0,下位,0,0,0
137,137,0,72,99,0,0,0,192,309,1,3,下位,0,0,0
301,301,0,52,65,0,0,0,137,151,-69,1,下位,0,0,0
536,536,0,80,183,0,1,301,137,151,-69,1,下位,0,301,117
275,275,0,138,218,0,0,0,837,235,-1067,1,下位,0,0,0
652,652,0,140,290,1,0,0,0,0,1,0,下位,0,0,0
967,967,0,110,268,0,0,0,652,342,-709,3,下位,0,0,0
293,293,0,40,-5,1,0,0,0,0,1,0,下位,0,0,0
386,386,0,163,273,1,1,293,0,0,1,0,下位,0,293,47
438,438,0,103,127,0,0,0,679,325,-723,3,下位,0,0,0
742,742,0,114,124,0,0,0,438,179,-1250,1,下位,0,0,0
173,173,0,42,9,0,0,0,742,176,-2271,2,下位,0,0,0
615,615,0,42,7,0,1,173,742,176,-2271,2,下位,0,173,61
810,810,0,136,228,0,2,788,742,176,-2271,2,下位,0,615,59
983,983,0,194,345,0,0,0,1598,280,-4448,3,下位,0,0,0
469,469,0,62,118,0,0,0,983,397,-5636,4,下位,0,0,0
121,121,0,51,61,0,0,0,469,170,-6222,1,下位,0,0,0
969,969,0,1581,8379,0,1,121,469,170,-6222,1,下位,0,121,113
739,739,0,73,101,1,0,0,0,0,1,0,下位,0,0,0
326,326,0,225,323,0,0,0,739,153,-1038,1,下位,0,0,0
90,90,0,1095,5918,0,0,0,326,375,-1189,4,下位,0,0,0
196,196,0,51,64,0,0,0,90,4609,759,6,上位,0,0,0
965,965,0,65,47,0,1,196,90,4609,759,6,上位,0,196,116
851,851,0,120,169,0,0,0,1161,99,-898,1,下位,0,0,0
750,750,0,1137,5759,1,0,0,0,0,1,0,下位,0,0,0
93,93,0,59,55,0,0,0,750,5811,726,8,上位,0,0,0
178,178,0,42,11,0,0,0,93,107,683,1,下位,0,0,0
138,138,0,52,65,0,1,178,93,107,683,1,下位,0,178,63
95,95,0,80,169,0,2,316,93,107,683,1,下位,0,138,117
966,966,0,72,109,0,0,0,411,221,421,1,下位,0,0,0
220,220,0,122,178,0,0,0,966,161,-976,2,下位,0,0,0
101,101,0,108,121,1,0,0,0,0,1,0,下位,0,0,0
421,421,0,84,166,1,0,0,0,0,1,0,下位,0,0,0
400,400,0,146,135,0,0,0,421,218,-460,1,下位,0,0,0
583,583,0,192,369,0,0,0,400,187,-918,3,下位,0,0,0
778,778,0,186,231,1,0,0,0,0,1,0,下位,0,0,0
223,223,0,51,63,0,0,0,778,283,-971,4,下位,0,0,0
341,341,0,50,58,0,1,223,778,283,-971,4,下位,0,223,115
946,946,0,52,71,0,2,564,778,283,-971,4,下位,0,341,110
821,821,0,154,279,0,3,1510,778,283,-971,4,下位,0,946,123
640,640,0,124,150,0,0,0,2331,331,-4052,3,下位,0,0,0
584,584,0,134,58,1,0,0,0,0,1,0,下位,0,0,0
498,498,0,112,176,0,0,0,584,110,-831,3,下位,0,0,0
748,748,0,139,231,0,0,0,498,228,-1406,2,下位,0,0,0
593,593,0,75,105,1,0,0,0,0,1,0,下位,0,0,0
976,976,0,104,202,0,0,0,593,157,-798,1,下位,0,0,0
367,367,0,52,67,1,0,0,0,0,1,0,下位,0,0,0
122,122,0,116,264,1,1,367,0,0,1,0,下位,0,367,119
291,291,0,981,4698,0,0,0,489,316,-353,2,下位,0,0,0
817,817,0,42,7,0,0,0,291,4750,752,9,上位,0,0,0
306,306,0,762,3360,0,1,817,291,4750,752,9,上位,0,817,59
552,552,0,1082,5453,1,0,0,0,0,1,0,下位,0,0,0
616,616,0,95,139,0,0,0,552,5505,747,10,上位,0,0,0
75,75,0,678,3345,0,0,0,616,191,-56,2,下位,0,0,0
558,558,0,51,63,1,0,0,0,0,1,0,下位,0,0,0
180,180,0,168,384,1,1,558,0,0,1,0,下位,0,558,115
459,459,0,198,359,1,0,0,0,0,1,0,下位,0,0,0
724,724,0,60,50,1,0,0,0,0,1,0,下位,0,0,0
215,215,0,175,253,0,0,0,724,102,-1065,1,下位,0,0,0
261,261,0,108,262,0,0,0,215,305,-1107,4,下位,0,0,0
386,386,0,84,165,0,0,0,261,314,-1214,3,下位,0,0,0
816,816,0,87,72,0,0,0,386,217,-1620,1,下位,0,0,0
289,289,0,67,110,1,0,0,0,0,1,0,下位,0,0,0
575,575,0,97,138,0,0,0,289,162,-303,1,下位,0,0,0
453,453,0,67,112,0,0,0,575,190,-1040,1,下位,0,0,0
74,74,0,42,7,0,0,0,453,164,-1607,1,下位,0,0,0
293,293,0,73,95,0,1,74,453,164,-1607,1,下位,0,74,59
359,359,0,52,71,0,0,0,367,147,-1993,1,下位,0,0,0
304,304,0,42,11,0,1,359,367,147,-1993,1,下位,0,359,123
120,120,0,51,64,0,2,663,367,147,-1993,1,下位,0,304,63
412,412,0,52,67,0,3,783,367,147,-1993,1,下位,0,120,116
796,796,0,145,374,0,4,1195,367,147,-1993,1,下位,0,412,119
807,807,0,1152,5886,1,0,0,0,0,1,0,下位,0,0,0
828,828,0,132,163,0,0,0,807,5938,771,11,上位,0,0,0
186,186,0,77,167,0,0,0,828,215,-349,3,下位,0,0,0
242,242,0,92,273,0,0,0,186,219,-430,1,下位,0,0,0
451,451,0,110,178,0,0,0,242,325,-495,2,下位,0,0,0
18,18,0,114,194,1,0,0,0,0,1,0,下位,0,0,0
171,171,0,1410,7009,0,0,0,18,246,218,3,下位,0,0,0
145,145,0,148,282,1,0,0,0,0,1,0,下位,0,0,0
268,268,0,42,7,0,0,0,145,334,101,3,下位,0,0,0
233,233,0,42,7,0,1,268,145,334,101,3,下位,0,268,59
964,964,0,86,162,0,2,501,145,334,101,3,下位,0,233,59
963,963,0,1026,4968,0,0,0,1465,214,-1930,2,下位,0,0,0
686,686,0,58,58,1,0,0,0,0,1,0,下位,0,0,0
408,408,0,72,112,0,0,0,686,110,-995,1,下位,0,0,0
225,225,0,1126,5739,0,0,0,408,164,-1489,1,下位,0,0,0
221,221,0,86,83,0,0,0,225,5791,768,11,上位,0,0,0
932,932,0,42,5,0,0,0,221,135,547,2,下位,0,0,0
515,515,0,42,7,0,1,932,221,135,547,2,下位,0,932,57
726,726,0,42,11,0,2,1447,221,135,547,2,下位,0,515,59
364,364,0,52,67,0,3,2173,221,135,547,2,下位,0,726,63
239,239,0,94,71,0,4,2537,221,135,547,2,下位,0,364,119
968,968,0,143,370,0,0,0,2776,123,-3509,2,下位,0,0,0
63,63,0,896,4785,0,0,0,968,422,-4648,3,下位,0,0,0
409,409,0,126,92,1,0,0,0,0,1,0,下位,0,0,0
198,198,0,106,201,0,0,0,409,144,-515,3,下位,0,0,0
123,123,0,72,102,0,0,0,198,253,-581,2,下位,0,0,0
130,130,0,122,222,0,0,0,123,154,-625,1,下位,0,0,0
527,527,0,1058,5203,0,0,0,130,274,-561,3,下位,0,0,0
274,274,0,168,253,1,0,0,0,0,1,0,下位,0,0,0
433,433,0,102,209,0,0,0,274,305,-136,4,下位,0,0,0
102,102,0,61,44,0,0,0,433,261,-573,2,下位,0,0,0
185,185,0,76,112,0,0,0,102,96,-642,1,下位,0,0,0
114,114,0,42,7,0,0,0,185,164,-776,2,下位,0,0,0
357,357,0,84,159,0,1,114,185,164,-776,2,下位,0,114,59
962,962,0,156,407,0,0,0,471,211,-1266,1,下位,0,0,0
758,758,0,99,134,1,0,0,0,0,1,0,下位,0,0,0
365,365,0,138,214,0,0,0,758,186,-1036,2,下位,0,0,0
953,953,0,88,157,0,0,0,365,266,-1359,3,下位,0,0,0
887,887,0,104,135,0,0,0,953,209,-2687,1,下位,0,0,0
96,96,0,1325,7168,0,0,0,887,187,-3931,2,下位,0,0,0
949,949,0,108,198,1,0,0,0,0,1,0,下位,0,0,0
451,451,0,75,96,0,0,0,949,250,-1280,4,下位,0,0,0
962,962,0,113,258,0,0,0,451,148,-1859,1,下位,0,0,0
875,875,0,220,241,0,0,0,962,310,-3101,2,下位,0,0,0
891,891,0,91,79,1,0,0,0,0,1,0,下位,0,0,0
120,120,0,42,11,0,0,0,891,131,-1305,1,下位,0,0,0
553,553,0,1253,6070,0,1,120,891,131,-1305,1,下位,0,120,63
962,962,0,88,89,0,0,0,673,6122,761,12,上位,0,0,0
627,627,0,168,311,1,0,0,0,0,1,0,下位,0,0,0
541,541,0,136,237,0,0,0,627,363,-647,5,下位,0,0,0
536,536,0,96,146,1,0,0,0,0,1,0,下位,0,0,0
353,353,0,94,78,0,0,0,536,198,-666,1,下位,0,0,0
430,430,0,62,50,0,0,0,353,130,-1105,2,下位,0,0,0
440,440,0,1220,6209,0,0,0,430,102,-1697,1,下位,0,0,0
530,530,0,154,263,1,0,0,0,0,1,0,下位,0,0,0
257,257,0,128,236,1,0,0,0,0,1,0,下位,0,0,0
289,289,0,98,214,0,0,0,257,288,-126,3,下位,0,0,0
966,966,0,96,145,0,0,0,289,266,-326,2,下位,0,0,0
965,965,0,113,342,0,0,0,966,197,-1687,1,下位,0,0,0
143,143,0,86,160,1,0,0,0,0,1,0,下位,0,0,0
301,301,0,51,63,0,0,0,143,212,-18,1,下位,0,0,0
353,353,0,51,63,0,1,301,143,212,-18,1,下位,0,301,115
720,720,0,42,11,0,2,654,143,212,-18,1,下位,0,353,115
366,366,0,134,241,0,3,1374,143,212,-18,1,下位,0,720,63
104,104,0,125,171,0,0,0,1740,293,-2237,3,下位,0,0,0
375,375,0,51,63,0,0,0,104,223,-2182,4,下位,0,0,0
284,284,0,98,136,0,1,375,104,223,-2182,4,下位,0,375,115
503,503,0,52,67,1,0,0,0,0,1,0,下位,0,0,0
318,318,0,1038,5029,1,1,503,0,0,1,0,下位,0,503,119
357,357,0,52,65,0,0,0,821,5081,744,10,上位,0,0,0
127,127,0,51,63,0,1,357,821,5081,744,10,上位,0,357,117
628,628,0,52,71,0,2,484,821,5081,744,10,上位,0,127,115
195,195,0,42,5,0,3,1112,821,5081,744,10,上位,0,628,123
473,473,0,42,9,0,4,1307,821,5081,744,10,上位,0,195,57
218,218,0,84,92,0,5,1780,821,5081,744,10,上位,0,473,61
403,403,0,1417,7034,0,0,0,1998,144,-1863,1,下位,0,0,0
288,288,0,41,1,1,0,0,0,0,1,0,下位,0,0,0
408,408,0,156,190,1,1,288,0,0,1,0,下位,0,288,53
252,252,0,1250,5693,0,0,0,696,242,-827,3,下位,0,0,0
213,213,0,52,71,0,0,0,252,5745,764,12,上位,0,0,0
196,196,0,88,88,0,1,213,252,5745,764,12,上位,0,213,123
196,196,0,714,3017,0,0,0,409,140,367,1,下位,0,0,0
965,965,0,80,93,0,0,0,196,3069,728,7,上位,0,0,0
129,129,0,89,79,0,0,0,965,145,-683,1,下位,0,0,0
868,868,0,106,278,0,0,0,129,131,-760,1,下位,0,0,0
243,243,0,1027,4975,1,0,0,0,0,1,0,下位,0,0,0
79,79,0,142,384,0,0,0,243,5027,760,9,上位,0,0,0
760,760,0,65,103,0,0,0,79,436,1069,3,下位,0,0,0
184,184,0,79,181,0,0,0,760,155,-2,1,下位,0,0,0
102,102,0,104,188,0,0,0,184,233,-66,1,下位,0,0,0
662,662,0,78,171,0,0,0,102,240,9,2,下位,0,0,0
257,257,0,66,116,0,0,0,662,223,-836,1,下位,0,0,0
600,600,0,70,113,1,0,0,0,0,1,0,下位,0,0,0
216,216,0,67,114,0,0,0,600,165,-802,1,下位,0,0,0
215,215,0,105,205,0,0,0,216,166,-984,1,下位,0,0,0
167,167,0,102,127,0,0,0,215,257,-1074,2,下位,0,0,0
71,71,0,116,190,0,0,0,167,179,-1164,2,下位,0,0,0
529,529,0,119,185,0,0,0,71,242,-1037,3,下位,0,0,0
974,974,0,58,58,0,0,0,529,237,-1653,2,下位,0,0,0
102,102,0,140,157,1,0,0,0,0,1,0,下位,0,0,0
716,716,0,122,329,0,0,0,102,209,45,2,下位,0,0,0
948,948,0,74,103,0,0,0,716,381,-729,3,下位,0,0,0
612,612,0,76,18,0,0,0,948,155,-2103,1,下位,0,0,0
238,238,0,42,7,0,0,0,612,70,-3020,1,下位,0,0,0
229,229,0,51,63,0,1,238,612,70,-3020,1,下位,0,238,59
412,412,0,64,53,0,2,467,612,70,-3020,1,下位,0,229,115
120,120,0,91,70,0,0,0,879,105,-4159,1,下位,0,0,0
291,291,0,78,167,0,0,0,120,122,-4231,1,下位,0,0,0
239,239,0,101,139,0,0,0,291,219,-4481,1,下位,0,0,0
358,358,0,89,154,0,0,0,239,191,-4675,1,下位,0,0,0
366,366,0,93,72,0,0,0,358,206,-5046,2,下位,0,0,0
220,220,0,58,60,0,0,0,366,124,-5512,1,下位,0,0,0
276,276,0,1851,10012,0,0,0,220,112,-5755,1,下位,0,0,0
132,132,0,77,163,0,0,0,276,10064,754,16,上位,0,0,0
87,87,0,92,139,0,0,0,132,215,756,1,下位,0,0,0
45,45,0,68,36,1,0,0,0,0,1,0,下位,0,0,0
620,620,0,153,192,0,0,0,45,88,16,1,下位,0,0,0
857,857,0,90,151,0,0,0,620,244,-740,5,下位,0,0,0
221,221,0,851,4122,1,0,0,0,0,1,0,下位,0,0,0
746,746,0,142,219,1,0,0,0,0,1,0,下位,0,0,0
176,176,0,52,67,0,0,0,746,271,-931,3,下位,0,0,0
390,390,0,96,153,0,1,176,746,271,-931,3,下位,0,176,119
291,291,0,76,24,1,0,0,0,0,1,0,下位,0,0,0
413,413,0,118,197,0,0,0,291,76,-392,1,下位,0,0,0
955,955,0,67,38,0,0,0,413,249,-809,2,下位,0,0,0
731,731,0,115,187,1,0,0,0,0,1,0,下位,0,0,0
154,154,0,92,143,0,0,0,731,239,-939,2,下位,0,0,0
129,129,0,921,4245,0,0,0,154,195,-992,2,下位,0,0,0
672,672,0,133,154,1,0,0,0,0,1,0,下位,0,0,0
227,227,0,42,5,0,0,0,672,206,-877,3,下位,0,0,0
249,249,0,87,90,0,1,227,672,206,-877,3,下位,0,227,57
964,964,0,41,1,0,0,0,476,142,-1446,1,下位,0,0,0
271,271,0,73,101,0,1,964,476,142,-1446,1,下位,0,964,53
107,107,0,67,38,0,0,0,1235,153,-3232,1,下位,0,0,0
244,244,0,87,166,0,0,0,107,90,-3315,1,下位,0,0,0
635,635,0,107,130,1,0,0,0,0,1,0,下位,0,0,0
252,252,0,1164,5915,0,0,0,635,182,-841,2,下位,0,0,0
835,835,0,675,3015,0,0,0,252,5967,768,11,上位,0,0,0
440,440,0,84,89,1,0,0,0,0,1,0,下位,0,0,0
980,980,0,80,25,0,0,0,440,141,-568,1,下位,0,0,0
196,196,0,128,232,1,0,0,0,0,1,0,下位,0,0,0
455,455,0,95,149,0,0,0,196,284,-31,3,下位,0,0,0
140,140,0,154,337,0,0,0,455,201,-564,1,下位,0,0,0
491,491,0,164,312,0,0,0,140,389,-401,3,下位,0,0,0
343,343,0,67,107,1,0,0,0,0,1,0,下位,0,0,0
935,935,0,188,305,0,0,0,343,159,-393,1,下位,0,0,0
756,756,0,88,139,1,0,0,0,0,1,0,下位,0,0,0
612,612,0,188,382,0,0,0,756,191,-1027,1,下位,0,0,0
356,356,0,1221,5994,0,0,0,612,434,-1580,4,下位,0,0,0
400,400,0,68,38,1,0,0,0,0,1,0,下位,0,0,0
458,458,0,118,250,0,0,0,400,90,-554,1,下位,0,0,0
41,41,0,103,66,1,0,0,0,0,1,0,下位,0,0,0
324,324,0,52,67,1,0,0,0,0,1,0,下位,0,0,0
974,974,0,86,82,1,1,324,0,0,1,0,下位,0,324,119
648,648,0,50,53,0,0,0,1298,134,-1840,1,下位,0,0,0
964,964,0,170,404,0,1,648,1298,134,-1840,1,下位,0,648,105
650,650,0,1009,4887,1,0,0,0,0,1,0,下位,0,0,0
70,70,0,93,159,1,0,0,0,0,1,0,下位,0,0,0
253,253,0,42,9,0,0,0,70,211,99,2,下位,0,0,0
480,480,0,947,4857,0,1,253,70,211,99,2,下位,0,253,61
758,758,0,82,92,1,0,0,0,0,1,0,下位,0,0,0
326,326,0,150,195,0,0,0,758,144,-1078,1,下位,0,0,0
239,239,0,140,224,0,0,0,326,247,-1357,3,下位,0,0,0
78,78,0,1213,6278,0,0,0,239,276,-1466,3,下位,0,0,0
173,173,0,124,321,1,0,0,0,0,1,0,下位,0,0,0
487,487,0,42,7,0,0,0,173,373,95,3,下位,0,0,0
751,751,0,62,44,0,1,487,173,373,95,3,下位,0,487,59
175,175,0,118,180,0,0,0,1238,96,-1746,1,下位,0,0,0
933,933,0,41,1,0,0,0,175,232,-1796,2,下位,0,0,0
83,83,0,68,38,0,1,933,175,232,-1796,2,下位,0,933,53
880,880,0,84,162,1,0,0,0,0,1,0,下位,0,0,0
727,727,0,57,37,0,0,0,880,214,-1204,2,下位,0,0,0
423,423,0,148,284,1,0,0,0,0,1,0,下位,0,0,0
291,291,0,130,323,0,0,0,423,336,-345,3,下位,0,0,0
120,120,0,101,115,0,0,0,291,375,-439,3,下位,0,0,0
968,968,0,111,118,0,0,0,120,167,-466,1,下位,0,0,0
797,797,0,87,72,1,0,0,0,0,1,0,下位,0,0,0
574,574,0,96,141,0,0,0,797,124,-1160,1,下位,0,0,0
433,433,0,67,110,0,0,0,574,193,-1893,1,下位,0,0,0
950,950,0,126,255,0,0,0,433,162,-2429,1,下位,0,0,0
405,405,0,154,433,0,0,0,950,307,-3654,3,下位,0,0,0
152,152,0,51,63,0,0,0,405,485,-3822,4,下位,0,0,0
311,311,0,51,63,0,1,152,405,485,-3822,4,下位,0,152,115
851,851,0,75,31,0,2,463,405,485,-3822,4,下位,0,311,115
259,259,0,111,111,0,0,0,1314,83,-5629,1,下位,0,0,0
259,259,0,80,91,0,0,0,259,163,-5884,2,下位,0,0,0
417,417,0,114,118,1,0,0,0,0,1,0,下位,0,0,0
606,606,0,1226,6073,0,0,0,417,170,-502,2,下位,0,0,0
966,966,0,703,3183,0,0,0,606,6125,752,11,上位,0,0,0
336,336,0,84,161,0,0,0,966,3235,768,7,上位,0,0,0
99,99,0,41,1,0,0,0,336,213,439,1,下位,0,0,0
151,151,0,72,175,0,1,99,336,213,439,1,下位,0,99,53
265,265,0,74,114,0,0,0,250,227,315,1,下位,0,0,0
119,119,0,105,122,0,0,0,265,166,54,1,下位,0,0,0
126,126,0,88,61,1,0,0,0,0,1,0,下位,0,0,0
311,311,0,161,330,0,0,0,126,113,-89,1,下位,0,0,0
281,281,0,90,142,1,0,0,0,0,1,0,下位,0,0,0
697,697,0,103,197,0,0,0,281,194,-258,1,下位,0,0,0
302,302,0,161,191,0,0,0,697,249,-1133,2,下位,0,0,0
208,208,0,136,426,1,0,0,0,0,1,0,下位,0,0,0
268,268,0,42,9,0,0,0,208,478,144,4,下位,0,0,0
125,125,0,1308,6548,0,1,268,208,478,144,4,下位,0,268,61
256,256,0,97,143,1,0,0,0,0,1,0,下位,0,0,0
705,705,0,1084,5198,0,0,0,256,195,-217,2,下位,0,0,0
978,978,0,137,230,1,0,0,0,0,1,0,下位,0,0,0
930,930,0,174,234,0,0,0,978,282,-1294,2,下位,0,0,0
95,95,0,42,7,0,0,0,930,286,-2508,4,下位,0,0,0
298,298,0,92,153,0,1,95,930,286,-2508,4,下位,0,95,59
644,644,0,119,184,0,0,0,393,205,-2878,2,下位,0,0,0
89,89,0,42,11,0,0,0,644,236,-3681,2,下位,0,0,0
244,244,0,52,65,0,1,89,644,236,-3681,2,下位,0,89,63
127,127,0,80,86,0,2,333,644,236,-3681,2,下位,0,244,117
665,665,0,130,284,1,0,0,0,0,1,0,下位,0,0,0
686,686,0,164,310,1,0,0,0,0,1,0,下位,0,0,0
499,499,0,42,5,0,0,0,686,362,-743,4,下位,0,0,0
409,409,0,196,349,0,1,499,686,362,-743,4,下位,0,499,57
230,230,0,51,63,0,0,0,908,401,-1750,7,下位,0,0,0
264,264,0,66,43,0,1,230,908,401,-1750,7,下位,0,230,115
536,536,0,198,271,0,0,0,494,95,-2337,1,下位,0,0,0
501,501,0,135,217,1,0,0,0,0,1,0,下位,0,0,0
435,435,0,42,5,0,0,0,501,269,-538,3,下位,0,0,0
233,233,0,51,63,0,1,435,501,269,-538,3,下位,0,435,57
535,535,0,141,148,0,2,668,501,269,-538,3,下位,0,233,115
267,267,0,62,58,0,0,0,1203,200,-2107,2,下位,0,0,0
474,474,0,41,3,0,0,0,267,110,-2428,1,下位,0,0,0
43,43,0,86,77,0,1,474,267,110,-2428,1,下位,0,474,55
154,154,0,102,129,1,0,0,0,0,1,0,下位,0,0,0
204,204,0,52,65,0,0,0,154,181,-66,2,下位,0,0,0
578,578,0,89,82,0,1,204,154,181,-66,2,下位,0,204,117
314,314,0,124,250,0,0,0,782,134,-1076,2,下位,0,0,0
249,249,0,94,158,0,0,0,314,302,-1280,3,下位,0,0,0
598,598,0,112,118,1,0,0,0,0,1,0,下位,0,0,0
659,659,0,51,63,0,0,0,598,170,-794,2,下位,0,0,0
153,153,0,76,104,0,1,659,598,170,-794,2,下位,0,659,115
358,358,0,199,339,0,0,0,812,156,-1833,2,下位,0,0,0
335,335,0,94,78,0,0,0,358,391,-2019,5,下位,0,0,0
98,98,0,52,65,0,0,0,335,130,-2429,1,下位,0,0,0
377,377,0,74,109,0,1,98,335,130,-2429,1,下位,0,98,117
597,597,0,156,351,1,0,0,0,0,1,0,下位,0,0,0
277,277,0,167,336,0,0,0,597,403,-559,3,下位,0,0,0
862,862,0,87,80,0,0,0,277,388,-618,4,下位,0,0,0
974,974,0,63,57,0,0,0,862,132,-1876,1,下位,0,0,0
518,518,0,994,4688,1,0,0,0,0,1,0,下位,0,0,0
130,130,0,150,194,1,0,0,0,0,1,0,下位,0,0,0
898,898,0,168,245,0,0,0,130,246,37,3,下位,0,0,0
788,788,0,113,187,0,0,0,898,297,-1114,5,下位,0,0,0
408,408,0,93,224,1,0,0,0,0,1,0,下位,0,0,0
235,235,0,123,105,1,0,0,0,0,1,0,下位,0,0,0
712,712,0,42,11,0,0,0,235,157,-221,3,下位,0,0,0
351,351,0,116,257,0,1,712,235,157,-221,3,下位,0,712,63
382,382,0,62,54,0,0,0,1063,309,-1563,2,下位,0,0,0
168,168,0,126,147,0,0,0,382,106,-2073,1,下位,0,0,0
190,190,0,90,77,0,0,0,168,199,-2145,3,下位,0,0,0
964,964,0,42,7,0,0,0,190,129,-2322,1,下位,0,0,0
957,957,0,144,224,0,1,964,190,129,-2322,1,下位,0,964,59
38,38,0,1374,7390,0,0,0,1921,276,-5086,3,下位,0,0,0
647,647,0,108,196,1,0,0,0,0,1,0,下位,0,0,0
698,698,0,110,120,0,0,0,647,248,-795,2,下位,0,0,0
633,633,0,978,4859,1,0,0,0,0,1,0,下位,0,0,0
175,175,0,51,61,1,0,0,0,0,1,0,下位,0,0,0
547,547,0,42,9,1,1,175,0,0,1,0,下位,0,175,113
151,151,0,92,71,1,2,722,0,0,1,0,下位,0,547,61
795,795,0,68,110,0,0,0,873,123,-1110,2,下位,0,0,0
390,390,0,96,215,0,0,0,795,162,-2230,1,下位,0,0,0
685,685,0,52,67,0,0,0,390,267,-2592,2,下位,0,0,0
108,108,0,108,202,0,1,685,390,267,-2592,2,下位,0,685,119
389,389,0,42,11,0,0,0,793,254,-3498,2,下位,0,0,0
215,215,0,41,1,0,1,389,793,254,-3498,2,下位,0,389,63
629,629,0,67,112,0,2,604,793,254,-3498,2,下位,0,215,53
902,902,0,52,65,0,0,0,1233,164,-5207,1,下位,0,0,0
491,491,0,132,286,0,1,902,1233,164,-5207,1,下位,0,902,117
411,411,0,78,155,1,0,0,0,0,1,0,下位,0,0,0
519,519,0,104,125,0,0,0,411,207,-455,1,下位,0,0,0
965,965,0,100,225,0,0,0,519,177,-1115,2,下位,0,0,0
263,263,0,57,60,1,0,0,0,0,1,0,下位,0,0,0
964,964,0,1238,6483,0,0,0,263,112,-311,1,下位,0,0,0
639,639,0,68,118,1,0,0,0,0,1,0,下位,0,0,0
751,751,0,112,192,1,0,0,0,0,1,0,下位,0,0,0
81,81,0,104,140,1,0,0,0,0,1,0,下位,0,0,0
313,313,0,42,7,0,0,0,81,192,62,2,下位,0,0,0
356,356,0,1241,6337,0,1,313,81,192,62,2,下位,0,313,59
145,145,0,156,194,0,0,0,669,6389,746,11,上位,0,0,0
966,966,0,71,176,0,0,0,145,246,758,3,下位,0,0,0
582,582,0,126,90,1,0,0,0,0,1,0,下位,0,0,0
610,610,0,136,221,1,0,0,0,0,1,0,下位,0,0,0
220,220,0,52,69,0,0,0,610,273,-710,3,下位,0,0,0
654,654,0,84,91,0,1,220,610,273,-710,3,下位,0,220,121
823,823,0,129,137,1,0,0,0,0,1,0,下位,0,0,0
64,64,0,52,71,0,0,0,823,189,-1137,3,下位,0,0,0
163,163,0,1071,5236,0,1,64,823,189,-1137,3,下位,0,64,123
743,743,0,143,382,0,0,0,227,5288,761,10,上位,0,0,0
123,123,0,110,194,0,0,0,743,434,-3,4,下位,0,0,0
570,570,0,725,3378,0,0,0,123,246,45,3,下位,0,0,0
99,99,0,98,140,0,0,0,570,3430,767,6,上位,0,0,0
159,159,0,42,5,0,0,0,99,192,799,1,下位,0,0,0
964,964,0,63,50,0,1,159,99,192,799,1,下位,0,159,57
343,343,0,42,11,0,0,0,1123,102,-853,1,下位,0,0,0
338,338,0,58,62,0,1,343,1123,102,-853,1,下位,0,343,63
786,786,0,166,244,0,0,0,681,114,-1774,1,下位,0,0,0
790,790,0,119,325,1,0,0,0,0,1,0,下位,0,0,0
958,958,0,55,63,0,0,0,790,377,-896,3,下位,0,0,0
236,236,0,181,363,0,0,0,958,115,-2326,1,下位,0,0,0
320,320,0,1034,5079,0,0,0,236,415,-2292,4,下位,0,0,0
74,74,0,76,18,0,0,0,320,5131,745,10,上位,0,0,0
416,416,0,100,137,0,0,0,74,70,696,1,下位,0,0,0
433,433,0,68,33,0,0,0,416,189,214,2,下位,0,0,0
925,925,0,51,61,0,0,0,433,85,-399,1,下位,0,0,0
255,255,0,140,151,0,1,925,433,85,-399,1,下位,0,925,113
352,352,0,102,131,1,0,0,0,0,1,0,下位,0,0,0
874,874,0,80,89,1,0,0,0,0,1,0,下位,0,0,0
202,202,0,96,76,0,0,0,874,141,-1268,1,下位,0,0,0
976,976,0,51,61,0,0,0,202,128,-1466,2,下位,0,0,0
240,240,0,103,205,0,1,976,202,128,-1466,2,下位,0,976,113
107,107,0,87,133,1,0,0,0,0,1,0,下位,0,0,0
317,317,0,64,49,1,0,0,0,0,1,0,下位,0,0,0
916,916,0,83,92,0,0,0,317,101,-409,1,下位,0,0,0
201,201,0,106,127,0,0,0,916,144,-1742,1,下位,0,0,0
691,691,0,123,241,0,0,0,201,179,-1887,2,下位,0,0,0
717,717,0,52,67,0,0,0,691,293,-2709,2,下位,0,0,0
872,872,0,51,61,0,1,717,691,293,-2709,2,下位,0,717,119
439,439,0,84,160,0,2,1589,691,293,-2709,2,下位,0,872,113
162,162,0,73,96,0,0,0,2028,212,-5535,2,下位,0,0,0
706,706,0,86,221,1,0,0,0,0,1,0,下位,0,0,0
953,953,0,72,80,0,0,0,706,273,-865,3,下位,0,0,0
978,978,0,152,201,0,0,0,953,132,-2270,1,下位,0,0,0
383,383,0,126,397,1,0,0,0,0,1,0,下位,0,0,0
772,772,0,111,187,0,0,0,383,449,-168,4,下位,0,0,0
409,409,0,96,155,0,0,0,772,239,-1174,3,下位,0,0,0
974,974,0,155,357,0,0,0,409,207,-1627,2,下位,0,0,0
265,265,0,128,243,1,0,0,0,0,1,0,下位,0,0,0
649,649,0,51,63,0,0,0,265,295,-131,3,下位,0,0,0
796,796,0,51,61,0,1,649,265,295,-131,3,下位,0,649,115
245,245,0,93,73,0,2,1445,265,295,-131,3,下位,0,796,113
211,211,0,1481,7432,0,0,0,1690,125,-2504,1,下位,0,0,0
178,178,0,96,148,0,0,0,211,7484,752,13,上位,0,0,0
261,261,0,77,99,0,0,0,178,200,665,2,下位,0,0,0
626,626,0,102,268,0,0,0,261,151,395,1,下位,0,0,0
243,243,0,42,11,0,0,0,626,320,-295,3,下位,0,0,0
129,129,0,136,225,0,1,243,626,320,-295,3,下位,0,243,63
948,948,0,83,85,1,0,0,0,0,1,0,下位,0,0,0
688,688,0,94,72,0,0,0,948,137,-1391,1,下位,0,0,0
210,210,0,128,106,1,0,0,0,0,1,0,下位,0,0,0
132,132,0,51,63,1,0,0,0,0,1,0,下位,0,0,0
369,369,0,86,134,1,1,132,0,0,1,0,下位,0,132,115
53,53,0,52,69,0,0,0,501,186,-506,1,下位,0,0,0
212,212,0,164,260,0,1,53,501,186,-506,1,下位,0,53,121
167,167,0,98,130,0,0,0,265,312,-500,3,下位,0,0,0
907,907,0,105,197,1,0,0,0,0,1,0,下位,0,0,0
350,350,0,90,83,0,0,0,907,249,-1213,2,下位,0,0,0
965,965,0,88,89,0,0,0,350,135,-1643,1,下位,0,0,0
213,213,0,42,7,0,0,0,965,141,-3058,2,下位,0,0,0
479,479,0,136,227,0,1,213,965,141,-3058,2,下位,0,213,59
856,856,0,102,138,0,0,0,692,279,-3837,3,下位,0,0,0
572,572,0,196,347,1,0,0,0,0,1,0,下位,0,0,0
152,152,0,132,307,0,0,0,572,399,-523,5,下位,0,0,0
160,160,0,42,7,0,0,0,152,359,-409,4,下位,0,0,0
38,38,0,52,69,0,1,160,152,359,-409,4,下位,0,160,59
469,469,0,147,203,0,2,198,152,359,-409,4,下位,0,38,121
548,548,0,42,9,0,0,0,667,255,-1049,2,下位,0,0,0
923,923,0,160,201,0,1,548,667,255,-1049,2,下位,0,548,61
74,74,0,90,85,1,0,0,0,0,1,0,下位,0,0,0
967,967,0,51,63,0,0,0,74,137,19,1,下位,0,0,0
122,122,0,135,228,0,1,967,74,137,19,1,下位,0,967,115
664,664,0,52,67,0,0,0,1089,280,-1343,2,下位,0,0,0
630,630,0,110,208,0,1,664,1089,280,-1343,2,下位,0,664,119
973,973,0,128,246,0,0,0,1294,260,-3051,2,下位,0,0,0
222,222,0,41,1,0,0,0,973,298,-4322,3,下位,0,0,0
355,355,0,119,187,0,1,222,973,298,-4322,3,下位,0,222,53
141,141,0,158,244,1,0,0,0,0,1,0,下位,0,0,0
496,496,0,42,11,0,0,0,141,296,70,4,下位,0,0,0
964,964,0,52,69,0,1,496,141,296,70,4,下位,0,496,63
343,343,0,73,186,0,2,1460,141,296,70,4,下位,0,964,121
835,835,0,82,94,0,0,0,1803,238,-2416,1,下位,0,0,0
937,937,0,71,33,0,0,0,835,146,-3617,1,下位,0,0,0
188,188,0,110,125,0,0,0,937,85,-5043,1,下位,0,0,0
870,870,0,140,296,0,0,0,188,177,-5169,2,下位,0,0,0
303,303,0,140,144,0,0,0,870,348,-6224,3,下位,0,0,0
907,907,0,87,158,0,0,0,303,196,-6517,2,下位,0,0,0
159,159,0,42,9,1,0,0,0,0,1,0,下位,0,0,0
237,237,0,100,142,1,1,159,0,0,1,0,下位,0,159,61
973,973,0,85,76,0,0,0,396,194,-382,2,下位,0,0,0
323,323,0,51,61,0,0,0,973,128,-1823,1,下位,0,0,0
393,393,0,158,346,0,1,323,973,128,-1823,1,下位,0,323,113
829,829,0,41,1,0,0,0,716,398,-2467,4,下位,0,0,0
457,457,0,52,67,0,1,829,716,398,-2467,4,下位,0,829,53
964,964,0,181,303,0,2,1286,716,398,-2467,4,下位,0,457,119
143,143,0,51,63,1,0,0,0,0,1,0,下位,0,0,0
871,871,0,160,194,1,1,143,0,0,1,0,下位,0,143,115
962,962,0,130,306,0,0,0,1014,246,-1274,3,下位,0,0,0
236,236,0,88,74,0,0,0,962,358,-2468,3,下位,0,0,0
269,269,0,114,238,1,0,0,0,0,1,0,下位,0,0,0
531,531,0,82,92,0,0,0,269,290,-143,3,下位,0,0,0
563,563,0,42,11,0,0,0,531,144,-855,1,下位,0,0,0
308,308,0,42,9,0,1,563,531,144,-855,1,下位,0,563,63
967,967,0,155,335,0,2,871,531,144,-855,1,下位,0,308,61
155,155,0,140,145,1,0,0,0,0,1,0,下位,0,0,0
928,928,0,94,147,0,0,0,155,197,-52,2,下位,0,0,0
48,48,0,42,7,0,0,0,928,199,-1350,1,下位,0,0,0
165,165,0,138,300,0,1,48,928,199,-1350,1,下位,0,48,59
656,656,0,1906,9463,1,0,0,0,0,1,0,下位,0,0,0
59,59,0,100,138,0,0,0,656,9515,736,16,上位,0,0,0
301,301,0,83,94,0,0,0,59,190,831,2,下位,0,0,0
242,242,0,74,105,0,0,0,301,146,492,1,下位,0,0,0
766,766,0,66,47,0,0,0,242,157,259,1,下位,0,0,0
656,656,0,125,176,1,0,0,0,0,1,0,下位,0,0,0
675,675,0,119,333,1,0,0,0,0,1,0,下位,0,0,0
965,965,0,116,188,0,0,0,675,385,-703,3,下位,0,0,0
124,124,0,192,371,1,0,0,0,0,1,0,下位,0,0,0
966,966,0,82,75,0,0,0,124,423,224,4,下位,0,0,0
213,213,0,98,130,0,0,0,966,127,-1207,1,下位,0,0,0
120,120,0,67,38,0,0,0,213,182,-1369,2,下位,0,0,0
281,281,0,102,288,0,0,0,120,90,-1473,1,下位,0,0,0
254,254,0,135,271,0,0,0,281,340,-1586,2,下位,0,0,0
313,313,0,52,69,0,0,0,254,323,-1673,3,下位,0,0,0
168,168,0,1106,5322,0,1,313,254,323,-1673,3,下位,0,313,121
670,670,0,124,151,1,0,0,0,0,1,0,下位,0,0,0
199,199,0,80,97,0,0,0,670,203,-877,2,下位,0,0,0
95,95,0,132,155,0,0,0,199,149,-1049,1,下位,0,0,0
141,141,0,67,106,0,0,0,95,207,-995,2,下位,0,0,0
180,180,0,41,3,0,0,0,141,158,-1064,1,下位,0,0,0
142,142,0,132,145,0,1,180,141,158,-1064,1,下位,0,180,55
120,120,0,65,41,0,0,0,322,197,-1331,2,下位,0,0,0
952,952,0,96,148,0,0,0,120,93,-1432,1,下位,0,0,0
196,196,0,1369,6941,0,0,0,952,200,-2767,1,下位,0,0,0
433,433,0,148,289,1,0,0,0,0,1,0,下位,0,0,0
639,639,0,128,243,0,0,0,433,341,-356,3,下位,0,0,0
430,430,0,126,300,0,0,0,639,295,-1092,3,下位,0,0,0
509,509,0,42,7,0,0,0,430,352,-1434,3,下位,0,0,0
93,93,0,99,126,0,1,509,430,352,-1434,3,下位,0,509,59
562,562,0,1028,4793,1,0,0,0,0,1,0,下位,0,0,0
267,267,0,42,5,0,0,0,562,4845,775,10,上位,0,0,0
218,218,0,70,113,0,1,267,562,4845,775,10,上位,0,267,57
339,339,0,129,246,0,0,0,485,165,214,1,下位,0,0,0
978,978,0,83,159,0,0,0,339,298,-35,2,下位,0,0,0
245,245,0,126,173,0,0,0,978,211,-1401,1,下位,0,0,0
691,691,0,111,185,1,0,0,0,0,1,0,下位,0,0,0
274,274,0,163,331,0,0,0,691,237,-877,3,下位,0,0,0
397,397,0,75,91,0,0,0,274,383,-936,4,下位,0,0,0
113,113,0,108,126,0,0,0,397,143,-1433,2,下位,0,0,0
526,526,0,52,65,0,0,0,113,178,-1437,2,下位,0,0,0
602,602,0,58,58,0,1,526,113,178,-1437,2,下位,0,526,117
459,459,0,214,271,1,0,0,0,0,1,0,下位,0,0,0
572,572,0,52,65,0,0,0,459,323,-416,6,下位,0,0,0
583,583,0,192,369,0,1,572,459,323,-416,6,下位,0,572,117
78,78,0,1049,5800,0,0,0,1155,421,-1741,4,下位,0,0,0
815,815,0,82,89,1,0,0,0,0,1,0,下位,0,0,0
466,466,0,131,168,0,0,0,815,141,-1173,1,下位,0,0,0
507,507,0,85,143,0,0,0,466,220,-1705,2,下位,0,0,0
346,346,0,106,279,0,0,0,507,195,-2328,1,下位,0,0,0
303,303,0,153,321,0,0,0,346,331,-2555,3,下位,0,0,0
265,265,0,84,75,0,0,0,303,373,-2671,4,下位,0,0,0
797,797,0,150,207,1,0,0,0,0,1,0,下位,0,0,0
756,756,0,122,255,0,0,0,797,259,-1025,5,下位,0,0,0
197,197,0,66,108,0,0,0,756,307,-1937,2,下位,0,0,0
550,550,0,108,199,1,0,0,0,0,1,0,下位,0,0,0
876,876,0,75,99,0,0,0,550,251,-635,2,下位,0,0,0
177,177,0,164,394,0,0,0,876,151,-1897,1,下位,0,0,0
331,331,0,42,11,0,0,0,177,446,-1736,4,下位,0,0,0
795,795,0,121,104,0,1,331,177,446,-1736,4,下位,0,331,63
714,714,0,72,42,1,0,0,0,0,1,0,下位,0,0,0
220,220,0,67,112,0,0,0,714,94,-1057,1,下位,0,0,0
176,176,0,82,92,0,0,0,220,164,-1248,1,下位,0,0,0
425,425,0,72,106,0,0,0,176,144,-1388,1,下位,0,0,0
290,290,0,42,11,0,0,0,425,158,-1915,1,下位,0,0,0
450,450,0,104,67,0,1,290,425,158,-1915,1,下位,0,290,63
957,957,0,134,147,0,0,0,740,119,-2927,2,下位,0,0,0
964,964,0,67,28,0,0,0,957,199,-4272,2,下位,0,0,0
277,277,0,169,399,0,0,0,964,80,-5747,1,下位,0,0,0
803,803,0,1196,5929,1,0,0,0,0,1,0,下位,0,0,0
964,964,0,104,110,0,0,0,803,5981,758,11,上位,0,0,0
281,281,0,103,132,1,0,0,0,0,1,0,下位,0,0,0
567,567,0,112,193,0,0,0,281,184,-268,1,下位,0,0,0
48,48,0,52,69,0,0,0,567,245,-938,2,下位,0,0,0
251,251,0,82,165,0,1,48,567,245,-938,2,下位,0,48,121
898,898,0,88,168,0,0,0,299,217,-1082,2,下位,0,0,0
629,629,0,52,71,0,0,0,898,220,-2310,2,下位,0,0,0
458,458,0,164,396,0,1,629,898,220,-2310,2,下位,0,629,123
60,60,0,1777,9635,0,0,0,1087,448,-3493,4,下位,0,0,0
286,286,0,184,358,1,0,0,0,0,1,0,下位,0,0,0
450,450,0,194,274,0,0,0,286,410,-50,4,下位,0,0,0
91,91,0,976,5171,0,0,0,450,326,-450,4,下位,0,0,0
469,469,0,42,9,0,0,0,91,3815,758,5,上位,0,0,0
380,380,0,51,63,0,1,469,91,3815,758,5,上位,0,469,61
964,964,0,99,140,0,2,849,91,3815,758,5,上位,0,380,115
626,626,0,90,80,1,0,0,0,0,1,0,下位,0,0,0
969,969,0,75,23,0,0,0,626,132,-877,2,下位,0,0,0
963,963,0,42,9,0,0,0,969,75,-2365,1,下位,0,0,0
74,74,0,984,4730,0,1,963,969,75,-2365,1,下位,0,963,61
290,290,0,78,24,0,0,0,1037,4782,777,10,上位,0,0,0
727,727,0,98,146,0,0,0,290,76,385,1,下位,0,0,0
283,283,0,1264,5659,0,0,0,727,198,-590,1,下位,0,0,0
319,319,0,90,155,1,0,0,0,0,1,0,下位,0,0,0
225,225,0,139,163,0,0,0,319,207,-307,1,下位,0,0,0
268,268,0,99,144,0,0,0,225,215,-455,3,下位,0,0,0
57,57,0,59,47,0,0,0,268,196,-691,2,下位,0,0,0
186,186,0,202,274,1,0,0,0,0,1,0,下位,0,0,0
621,621,0,73,36,0,0,0,186,326,27,5,下位,0,0,0
469,469,0,76,77,0,0,0,621,88,-887,1,下位,0,0,0
93,93,0,119,168,0,0,0,469,129,-1514,1,下位,0,0,0
312,312,0,42,7,0,0,0,93,220,-1444,2,下位,0,0,0
467,467,0,166,319,0,1,312,93,220,-1444,2,下位,0,312,59
183,183,0,72,174,0,0,0,779,371,-2270,4,下位,0,0,0
96,96,0,51,61,0,0,0,183,226,-2339,1,下位,0,0,0
739,739,0,87,152,0,1,96,183,226,-2339,1,下位,0,96,113
84,84,0,96,138,0,0,0,835,204,-3369,1,下位,0,0,0
250,250,0,42,11,0,0,0,84,190,-3314,2,下位,0,0,0
190,190,0,124,176,0,1,250,84,190,-3314,2,下位,0,250,63
609,609,0,160,183,1,0,0,0,0,1,0,下位,0,0,0
194,194,0,92,144,0,0,0,609,235,-746,3,下位,0,0,0
98,98,0,130,315,1,0,0,0,0,1,0,下位,0,0,0
521,521,0,133,163,0,0,0,98,367,210,3,下位,0,0,0
156,156,0,99,221,0,0,0,521,215,-415,3,下位,0,0,0
282,282,0,178,378,0,0,0,156,273,-394,2,下位,0,0,0
202,202,0,41,1,0,0,0,282,430,-419,4,下位,0,0,0
677,677,0,53,61,0,1,202,282,430,-419,4,下位,0,202,53
270,270,0,77,30,0,0,0,879,113,-1671,1,下位,0,0,0
175,175,0,132,241,0,0,0,270,82,-2024,1,下位,0,0,0
337,337,0,42,11,0,0,0,175,293,-2013,3,下位,0,0,0
126,126,0,1136,5814,0,1,337,175,293,-2013,3,下位,0,337,63
585,585,0,42,9,0,0,0,463,5866,757,12,上位,0,0,0
836,836,0,52,65,0,1,585,463,5866,757,12,上位,0,585,61
72,72,0,71,175,0,2,1421,463,5866,757,12,上位,0,836,117
803,803,0,91,155,0,0,0,1493,227,-1246,1,下位,0,0,0
751,751,0,142,303,1,0,0,0,0,1,0,下位,0,0,0
242,242,0,51,61,1,0,0,0,0,1,0,下位,0,0,0
969,969,0,1085,5641,1,1,242,0,0,1,0,下位,0,242,113
406,406,0,134,279,1,0,0,0,0,1,0,下位,0,0,0
253,253,0,102,127,0,0,0,406,331,-323,3,下位,0,0,0
286,286,0,115,335,1,0,0,0,0,1,0,下位,0,0,0
452,452,0,123,183,0,0,0,286,387,-73,3,下位,0,0,0
648,648,0,57,54,0,0,0,452,235,-567,2,下位,0,0,0
966,966,0,42,7,0,0,0,648,106,-1506,1,下位,0,0,0
878,878,0,82,94,0,1,966,648,106,-1506,1,下位,0,966,59
44,44,0,70,115,0,0,0,1844,146,-4275,1,下位,0,0,0
824,824,0,100,136,0,0,0,44,167,-4179,1,下位,0,0,0
889,889,0,73,179,0,0,0,824,188,-5320,2,下位,0,0,0
965,965,0,150,358,0,0,0,889,231,-6523,1,下位,0,0,0
394,394,0,125,166,1,0,0,0,0,1,0,下位,0,0,0
372,372,0,71,110,0,0,0,394,218,-416,3,下位,0,0,0
359,359,0,190,218,0,0,0,372,162,-854,1,下位,0,0,0
590,590,0,162,269,0,0,0,359,270,-1163,4,下位,0,0,0
285,285,0,52,65,0,0,0,590,321,-1794,3,下位,0,0,0
589,589,0,104,53,0,1,285,590,321,-1794,3,下位,0,285,117
519,519,0,93,149,0,0,0,874,105,-2982,2,下位,0,0,0
255,255,0,92,64,1,0,0,0,0,1,0,下位,0,0,0
405,405,0,131,164,0,0,0,255,116,-294,1,下位,0,0,0
846,846,0,145,285,0,0,0,405,216,-731,2,下位,0,0,0
97,97,0,42,11,0,0,0,846,337,-1759,3,下位,0,0,0
325,325,0,94,156,0,1,97,846,337,-1759,3,下位,0,97,63
189,189,0,99,137,0,0,0,422,208,-2168,2,下位,0,0,0
239,239,0,90,161,1,0,0,0,0,1,0,下位,0,0,0
207,207,0,117,196,0,0,0,239,213,-171,1,下位,0,0,0
25,25,0,80,173,1,0,0,0,0,1,0,下位,0,0,0
330,330,0,195,298,0,0,0,25,225,186,1,下位,0,0,0
88,88,0,1622,8591,0,0,0,330,350,4,5,下位,0,0,0
922,922,0,52,67,0,0,0,88,8582,749,11,上位,0,0,0
218,218,0,52,67,0,1,922,88,8582,749,11,上位,0,922,119
429,429,0,116,184,0,2,1140,88,8582,749,11,上位,0,218,119
970,970,0,926,4530,0,0,0,1569,236,-1308,2,下位,0,0,0
96,96,0,132,230,1,0,0,0,0,1,0,下位,0,0,0
87,87,0,61,56,0,0,0,96,282,128,3,下位,0,0,0
870,870,0,58,59,1,0,0,0,0,1,0,下位,0,0,0
115,115,0,42,9,0,0,0,870,111,-1291,1,下位,0,0,0
211,211,0,42,11,0,1,115,870,111,-1291,1,下位,0,115,61
193,193,0,152,267,0,2,326,870,111,-1291,1,下位,0,211,63
892,892,0,81,141,1,0,0,0,0,1,0,下位,0,0,0
641,641,0,150,199,1,0,0,0,0,1,0,下位,0,0,0
193,193,0,196,287,0,0,0,641,251,-782,2,下位,0,0,0
914,914,0,87,157,0,0,0,193,339,-754,4,下位,0,0,0
93,93,0,84,240,0,0,0,914,209,-2019,2,下位,0,0,0
716,716,0,195,277,0,0,0,93,292,-1877,2,下位,0,0,0
108,108,0,90,155,0,0,0,716,329,-2703,6,下位,0,0,0
310,310,0,71,177,0,0,0,108,207,-2670,1,下位,0,0,0
416,416,0,70,37,0,0,0,310,229,-2941,1,下位,0,0,0
436,436,0,96,142,0,0,0,416,89,-3523,1,下位,0,0,0
203,203,0,145,428,1,0,0,0,0,1,0,下位,0,0,0
736,736,0,85,68,0,0,0,203,480,154,4,下位,0,0,0
955,955,0,96,142,0,0,0,736,120,-913,1,下位,0,0,0
350,350,0,100,123,0,0,0,955,194,-2259,1,下位,0,0,0
831,831,0,1212,6207,0,0,0,350,175,-2649,2,下位,0,0,0
412,412,0,74,97,1,0,0,0,0,1,0,下位,0,0,0
175,175,0,130,369,0,0,0,412,149,-515,1,下位,0,0,0
40,40,0,807,4283,0,0,0,175,421,-376,5,下位,0,0,0
964,964,0,126,244,0,0,0,40,3058,747,4,上位,0,0,0
396,396,0,52,69,0,0,0,964,296,-512,3,下位,0,0,0
553,553,0,78,178,0,1,396,964,296,-512,3,下位,0,396,121
589,589,0,51,63,1,0,0,0,0,1,0,下位,0,0,0
282,282,0,1040,5108,1,1,589,0,0,1,0,下位,0,589,115
207,207,0,212,244,0,0,0,871,5160,758,10,上位,0,0,0
968,968,0,68,40,0,0,0,207,296,720,4,下位,0,0,0
237,237,0,74,107,0,0,0,968,92,-749,1,下位,0,0,0
259,259,0,92,223,1,0,0,0,0,1,0,下位,0,0,0
178,178,0,52,69,0,0,0,259,275,-142,2,下位,0,0,0
786,786,0,126,90,0,1,178,259,275,-142,2,下位,0,178,121
136,136,0,51,63,0,0,0,964,142,-1434,2,下位,0,0,0
972,972,0,196,193,0,1,136,964,142,-1434,2,下位,0,136,115
46,46,0,71,41,0,0,0,1108,245,-2861,4,下位,0,0,0
967,967,0,108,211,0,0,0,46,93,-2842,1,下位,0,0,0
679,679,0,86,94,0,0,0,967,263,-4139,2,下位,0,0,0
974,974,0,52,65,0,0,0,679,146,-5088,2,下位,0,0,0
780,780,0,101,283,0,1,974,679,146,-5088,2,下位,0,974,117
366,366,0,112,188,1,0,0,0,0,1,0,下位,0,0,0
339,339,0,136,238,0,0,0,366,240,-349,2,下位,0,0,0
203,203,0,94,151,0,0,0,339,290,-606,3,下位,0,0,0
731,731,0,110,204,0,0,0,203,203,-730,1,下位,0,0,0
866,866,0,92,153,0,0,0,731,256,-1653,2,下位,0,0,0
675,675,0,42,7,0,0,0,866,205,-2845,2,下位,0,0,0
164,164,0,66,106,0,1,675,866,205,-2845,2,下位,0,675,59
832,832,0,153,342,0,0,0,839,158,-3982,1,下位,0,0,0
754,754,0,120,181,0,0,0,832,394,-4930,4,下位,0,0,0
704,704,0,132,294,1,0,0,0,0,1,0,下位,0,0,0
234,234,0,40,-7,0,0,0,704,346,-788,4,下位,0,0,0
148,148,0,149,201,0,1,234,704,346,-788,4,下位,0,234,45
350,350,0,64,41,1,0,0,0,0,1,0,下位,0,0,0
257,257,0,86,155,0,0,0,350,93,-471,1,下位,0,0,0
556,556,0,88,142,0,0,0,257,207,-679,2,下位,0,0,0
429,429,0,148,214,0,0,0,556,194,-1382,2,下位,0,0,0
418,418,0,1168,6122,0,0,0,429,266,-1808,3,下位,0,0,0
87,87,0,51,61,0,0,0,418,6174,764,11,上位,0,0,0
914,914,0,42,7,0,1,87,418,6174,764,11,上位,0,87,113
282,282,0,118,180,0,2,1001,418,6174,764,11,上位,0,914,59
960,960,0,87,82,0,0,0,1283,232,-901,2,下位,0,0,0
944,944,0,84,78,1,0,0,0,0,1,0,下位,0,0,0
693,693,0,66,44,0,0,0,944,130,-1392,2,下位,0,0,0
759,759,0,154,365,0,0,0,693,96,-2414,1,下位,0,0,0
187,187,0,1429,7360,0,0,0,759,417,-3221,3,下位,0,0,0
104,104,0,52,67,0,0,0,187,7412,758,15,上位,0,0,0
624,624,0,42,5,0,1,104,187,7412,758,15,上位,0,104,119
560,560,0,80,165,0,2,728,187,7412,758,15,上位,0,624,57
138,138,0,130,306,0,0,0,1288,217,-926,1,下位,0,0,0
334,334,0,42,5,1,0,0,0,0,1,0,下位,0,0,0
355,355,0,60,55,1,1,334,0,0,1,0,下位,0,334,57
107,107,0,67,40,0,0,0,689,107,-947,1,下位,0,0,0
386,386,0,76,103,0,0,0,107,92,-1028,1,下位,0,0,0
640,640,0,52,65,0,0,0,386,155,-1496,1,下位,0,0,0
190,190,0,64,45,0,1,640,386,155,-1496,1,下位,0,640,117
724,724,0,122,242,0,0,0,830,97,-2620,1,下位,0,0,0
95,95,0,42,9,0,0,0,724,294,-3494,2,下位,0,0,0
416,416,0,103,275,0,1,95,724,294,-3494,2,下位,0,95,61
696,696,0,123,168,1,0,0,0,0,1,0,下位,0,0,0
507,507,0,104,145,1,0,0,0,0,1,0,下位,0,0,0
856,856,0,104,195,0,0,0,507,197,-620,2,下位,0,0,0
70,70,0,1071,5741,0,0,0,856,247,-1754,2,下位,0,0,0
375,375,0,182,298,1,0,0,0,0,1,0,下位,0,0,0
415,415,0,981,4782,0,0,0,375,350,-254,4,下位,0,0,0
107,107,0,133,297,0,0,0,415,4834,772,9,上位,0,0,0
964,964,0,42,9,0,0,0,107,349,948,3,下位,0,0,0
962,962,0,138,283,0,1,964,107,349,948,3,下位,0,964,61
110,110,0,166,263,1,0,0,0,0,1,0,下位,0,0,0
253,253,0,116,237,0,0,0,110,315,139,4,下位,0,0,0
359,359,0,98,136,0,0,0,253,289,20,2,下位,0,0,0
878,878,0,112,252,0,0,0,359,188,-371,1,下位,0,0,0
134,134,0,74,21,0,0,0,878,304,-1483,2,下位,0,0,0
260,260,0,41,1,0,0,0,134,73,-1626,1,下位,0,0,0
229,229,0,118,257,0,1,260,134,73,-1626,1,下位,0,260,53
328,328,0,1320,6713,1,0,0,0,0,1,0,下位,0,0,0
341,341,0,52,65,0,0,0,328,6765,754,12,上位,0,0,0
970,970,0,60,49,0,1,341,328,6765,754,12,上位,0,341,117
966,966,0,52,69,0,0,0,1311,101,-1143,1,下位,0,0,0
236,236,0,166,395,0,1,966,1311,101,-1143,1,下位,0,966,121
700,700,0,104,133,1,0,0,0,0,1,0,下位,0,0,0
919,919,0,193,357,0,0,0,700,185,-943,2,下位,0,0,0
300,300,0,1229,6331,0,0,0,919,409,-2016,6,下位,0,0,0
228,228,0,58,51,0,0,0,300,6383,764,11,上位,0,0,0
575,575,0,1419,7056,1,0,0,0,0,1,0,下位,0,0,0
150,150,0,52,65,0,0,0,575,7108,753,13,上位,0,0,0
136,136,0,58,55,0,1,150,575,7108,753,13,上位,0,150,117
594,594,0,114,192,0,0,0,286,107,516,1,下位,0,0,0
138,138,0,156,258,0,0,0,594,244,-198,4,下位,0,0,0
212,212,0,782,3615,0,0,0,138,310,-111,4,下位,0,0,0
198,198,0,120,184,0,0,0,212,3667,750,8,上位,0,0,0
130,130,0,42,11,0,0,0,198,236,667,2,下位,0,0,0
304,304,0,42,11,0,1,130,198,236,667,2,下位,0,130,63
790,790,0,127,288,0,2,434,198,236,667,2,下位,0,304,63
545,545,0,98,126,1,0,0,0,0,1,0,下位,0,0,0
683,683,0,42,7,0,0,0,545,178,-700,2,下位,0,0,0
828,828,0,51,61,0,1,683,545,178,-700,2,下位,0,683,59
627,627,0,117,162,0,2,1511,545,178,-700,2,下位,0,828,113
967,967,0,90,86,0,0,0,2138,214,-3762,2,下位,0,0,0
279,279,0,90,148,0,0,0,967,138,-5184,2,下位,0,0,0
459,459,0,41,1,1,0,0,0,0,1,0,下位,0,0,0
368,368,0,76,113,1,1,459,0,0,1,0,下位,0,459,53
603,603,0,52,65,0,0,0,827,165,-1115,2,下位,0,0,0
192,192,0,140,153,0,1,603,827,165,-1115,2,下位,0,603,117
215,215,0,75,99,0,0,0,795,205,-2076,3,下位,0,0,0
228,228,0,1277,6501,1,0,0,0,0,1,0,下位,0,0,0
100,100,0,52,71,0,0,0,228,6553,761,13,上位,0,0,0
937,937,0,51,61,0,1,100,228,6553,761,13,上位,0,100,123
244,244,0,190,288,0,2,1037,228,6553,761,13,上位,0,937,113
218,218,0,144,293,0,0,0,1281,340,-729,5,下位,0,0,0
302,302,0,58,48,0,0,0,218,345,-736,3,下位,0,0,0
188,188,0,78,164,0,0,0,302,100,-1123,1,下位,0,0,0
378,378,0,930,4450,1,0,0,0,0,1,0,下位,0,0,0
361,361,0,41,1,0,0,0,378,4502,752,9,上位,0,0,0
395,395,0,111,268,0,1,361,378,4502,752,9,上位,0,361,53
296,296,0,115,188,0,0,0,756,320,-94,3,下位,0,0,0
195,195,0,42,9,0,0,0,296,240,-331,2,下位,0,0,0
226,226,0,52,67,0,1,195,296,240,-331,2,下位,0,195,61
971,971,0,83,83,0,2,421,296,240,-331,2,下位,0,226,119
467,467,0,59,59,0,0,0,1392,135,-2262,1,下位,0,0,0
254,254,0,118,100,0,0,0,467,111,-2904,1,下位,0,0,0
484,484,0,55,58,0,0,0,254,152,-3162,2,下位,0,0,0
41,41,0,67,122,0,0,0,484,110,-3833,1,下位,0,0,0
881,881,0,52,65,0,0,0,41,174,-3725,1,下位,0,0,0
345,345,0,130,166,0,1,881,41,174,-3725,1,下位,0,881,117
168,168,0,42,7,1,0,0,0,0,1,0,下位,0,0,0
764,764,0,107,254,1,1,168,0,0,1,0,下位,0,168,59
274,274,0,80,95,0,0,0,932,306,-1137,3,下位,0,0,0
760,760,0,189,383,0,0,0,274,147,-1432,1,下位,0,0,0
376,376,0,121,177,1,0,0,0,0,1,0,下位,0,0,0
205,205,0,82,93,1,0,0,0,0,1,0,下位,0,0,0
965,965,0,186,368,0,0,0,205,145,-185,1,下位,0,0,0
878,878,0,110,203,0,0,0,965,420,-1321,5,下位,0,0,0
227,227,0,52,65,0,0,0,878,255,-2482,3,下位,0,0,0
307,307,0,77,165,0,1,227,878,255,-2482,3,下位,0,227,117
153,153,0,67,112,0,0,0,534,217,-3009,1,下位,0,0,0
699,699,0,83,232,0,0,0,153,164,-3092,1,下位,0,0,0
189,189,0,108,195,0,0,0,699,284,-3935,2,下位,0,0,0
178,178,0,51,63,1,0,0,0,0,1,0,下位,0,0,0
900,900,0,76,105,1,1,178,0,0,1,0,下位,0,178,115
381,381,0,76,96,0,0,0,1078,157,-1466,2,下位,0,0,0
277,277,0,51,63,0,0,0,381,148,-1933,1,下位,0,0,0
328,328,0,52,69,0,1,277,381,148,-1933,1,下位,0,277,115
206,206,0,104,131,0,2,605,381,148,-1933,1,下位,0,328,121
308,308,0,94,142,0,0,0,811,183,-2822,1,下位,0,0,0
588,588,0,132,155,1,0,0,0,0,1,0,下位,0,0,0
315,315,0,77,82,0,0,0,588,207,-740,2,下位,0,0,0
839,839,0,104,132,0,0,0,315,134,-1114,2,下位,0,0,0
275,275,0,41,3,0,0,0,839,184,-2283,1,下位,0,0,0
453,453,0,73,112,0,1,275,839,184,-2283,1,下位,0,275,55
186,186,0,84,163,0,0,0,728,164,-3239,1,下位,0,0,0
811,811,0,96,216,0,0,0,186,215,-3324,1,下位,0,0,0
229,229,0,122,97,0,0,0,811,268,-4364,2,下位,0,0,0
963,963,0,106,181,0,0,0,229,149,-4584,3,下位,0,0,0
266,266,0,102,136,1,0,0,0,0,1,0,下位,0,0,0
470,470,0,128,236,0,0,0,266,188,-240,2,下位,0,0,0
235,235,0,66,101,0,0,0,470,288,-710,3,下位,0,0,0
293,293,0,68,109,0,0,0,235,153,-936,1,下位,0,0,0
264,264,0,51,61,0,0,0,293,161,-1248,1,下位,0,0,0
177,177,0,52,71,0,1,264,293,161,-1248,1,下位,0,264,113
438,438,0,42,11,0,2,441,293,161,-1248,1,下位,0,177,123
600,600,0,174,378,0,3,879,293,161,-1248,1,下位,0,438,63
892,892,0,147,268,0,0,0,1479,430,-2904,4,下位,0,0,0
755,755,0,86,147,1,0,0,0,0,1,0,下位,0,0,0
719,719,0,118,399,0,0,0,755,199,-1018,2,下位,0,0,0
585,585,0,51,61,0,0,0,719,451,-1727,3,下位,0,0,0
825,825,0,178,224,0,1,585,719,451,-1727,3,下位,0,585,113
532,532,0,110,262,1,0,0,0,0,1,0,下位,0,0,0
246,246,0,75,29,0,0,0,532,314,-543,2,下位,0,0,0
193,193,0,63,36,0,0,0,246,81,-859,1,下位,0,0,0
426,426,0,121,313,0,0,0,193,88,-1082,1,下位,0,0,0
783,783,0,112,187,1,0,0,0,0,1,0,下位,0,0,0
90,90,0,74,109,0,0,0,783,239,-1023,2,下位,0,0,0
765,765,0,83,155,0,0,0,90,161,-1007,2,下位,0,0,0
970,970,0,1680,8816,0,0,0,765,207,-2034,1,下位,0,0,0
729,729,0,51,61,0,0,0,970,8868,770,15,上位,0,0,0
92,92,0,52,69,0,1,729,970,8868,770,15,上位,0,729,113
272,272,0,114,181,0,2,821,970,8868,770,15,上位,0,92,121
800,800,0,84,165,0,0,0,1093,233,-526,3,下位,0,0,0
847,847,0,178,235,1,0,0,0,0,1,0,下位,0,0,0
242,242,0,42,9,0,0,0,847,287,-1078,5,下位,0,0,0
160,160,0,149,265,0,1,242,847,287,-1078,5,下位,0,242,61
283,283,0,80,169,0,0,0,402,317,-1348,5,下位,0,0,0
964,964,0,136,153,0,0,0,283,221,-1583,2,下位,0,0,0
213,213,0,42,5,0,0,0,964,205,-2933,3,下位,0,0,0
227,227,0,64,52,0,1,213,964,205,-2933,3,下位,0,213,57
579,579,0,152,120,0,0,0,440,104,-3482,1,下位,0,0,0
148,148,0,122,269,0,0,0,579,172,-4244,3,下位,0,0,0
629,629,0,66,43,1,0,0,0,0,1,0,下位,0,0,0
178,178,0,1034,5106,0,0,0,629,95,-919,1,下位,0,0,0
54,54,0,72,105,0,0,0,178,5158,745,11,上位,0,0,0
353,353,0,42,7,0,0,0,54,157,815,2,下位,0,0,0
312,312,0,72,106,0,1,353,54,157,815,2,下位,0,353,59
302,302,0,80,103,0,0,0,665,158,-40,1,下位,0,0,0
971,971,0,97,139,0,0,0,302,155,-372,1,下位,0,0,0
618,618,0,113,119,1,0,0,0,0,1,0,下位,0,0,0
381,381,0,90,148,0,0,0,618,171,-825,2,下位,0,0,0
22,22,0,58,62,1,0,0,0,0,1,0,下位,0,0,0
150,150,0,57,54,0,0,0,22,114,80,1,下位,0,0,0
336,336,0,42,11,0,0,0,150,106,-56,1,下位,0,0,0
971,971,0,111,199,0,1,336,150,106,-56,1,下位,0,336,63
687,687,0,62,52,0,0,0,1307,251,-1850,3,下位,0,0,0
263,263,0,42,5,1,0,0,0,0,1,0,下位,0,0,0
814,814,0,96,140,1,1,263,0,0,1,0,下位,0,263,57
96,96,0,98,214,0,0,0,1077,192,-1487,1,下位,0,0,0
290,290,0,42,7,0,0,0,96,266,-1376,2,下位,0,0,0
60,60,0,63,130,0,1,290,96,266,-1376,2,下位,0,290,59
127,127,0,141,286,0,0,0,350,182,-1700,1,下位,0,0,0
159,159,0,42,7,0,0,0,127,338,-1567,3,下位,0,0,0
278,278,0,79,168,0,1,159,127,338,-1567,3,下位,0,159,59
104,104,0,102,126,0,0,0,437,220,-1992,2,下位,0,0,0
970,970,0,76,109,0,0,0,104,178,-1982,1,下位,0,0,0
508,508,0,1864,9567,0,0,0,970,161,-3386,1,下位,0,0,0
334,334,0,156,181,1,0,0,0,0,1,0,下位,0,0,0
797,797,0,52,65,0,0,0,334,233,-305,4,下位,0,0,0
181,181,0,218,255,0,1,797,334,233,-305,4,下位,0,797,117
506,506,0,141,305,0,0,0,978,307,-1458,6,下位,0,0,0
130,130,0,1504,7553,0,0,0,506,357,-1917,3,下位,0,0,0
661,661,0,42,9,1,0,0,0,0,1,0,下位,0,0,0
169,169,0,114,116,1,1,661,0,0,1,0,下位,0,661,61
243,243,0,107,190,1,0,0,0,0,1,0,下位,0,0,0
219,219,0,88,230,0,0,0,243,242,-149,2,下位,0,0,0
293,293,0,62,52,0,0,0,219,282,-220,2,下位,0,0,0
397,397,0,128,252,0,0,0,293,104,-589,1,下位,0,0,0
312,312,0,51,61,1,0,0,0,0,1,0,下位,0,0,0
403,403,0,90,151,1,1,312,0,0,1,0,下位,0,312,113
964,964,0,74,25,0,0,0,715,203,-836,1,下位,0,0,0
79,79,0,79,99,0,0,0,964,77,-2314,1,下位,0,0,0
966,966,0,121,173,0,0,0,79,151,-2290,2,下位,0,0,0
107,107,0,88,80,1,0,0,0,0,1,0,下位,0,0,0
969,969,0,68,102,0,0,0,107,132,-40,1,下位,0,0,0
281,281,0,58,58,0,0,0,969,154,-1449,1,下位,0,0,0
233,233,0,70,109,0,0,0,281,110,-1792,1,下位,0,0,0
478,478,0,1286,6554,0,0,0,233,161,-2007,1,下位,0,0,0
883,883,0,80,159,0,0,0,478,6606,767,13,上位,0,0,0
134,134,0,844,4042,1,0,0,0,0,1,0,下位,0,0,0
415,415,0,52,66,0,0,0,134,4094,754,8,上位,0,0,0
165,165,0,52,67,0,1,415,134,4094,754,8,上位,0,415,118
564,564,0,144,292,0,2,580,134,4094,754,8,上位,0,165,119
913,913,0,96,220,0,0,0,1144,344,-510,4,下位,0,0,0
221,221,0,99,137,1,0,0,0,0,1,0,下位,0,0,0
614,614,0,156,187,0,0,0,221,189,-166,1,下位,0,0,0
420,420,0,120,184,0,0,0,614,239,-917,3,下位,0,0,0
965,965,0,86,159,0,0,0,420,236,-1358,2,下位,0,0,0
205,205,0,51,64,1,0,0,0,0,1,0,下位,0,0,0
270,270,0,77,81,1,1,205,0,0,1,0,下位,0,205,116
264,264,0,68,109,0,0,0,475,133,-516,1,下位,0,0,0
126,126,0,74,27,0,0,0,264,161,-781,1,下位,0,0,0
455,455,0,51,61,0,0,0,126,79,-905,1,下位,0,0,0
970,970,0,1350,6973,0,1,455,126,79,-905,1,下位,0,455,113
211,211,0,41,1,0,0,0,1425,7025,753,13,上位,0,0,0
193,193,0,141,274,0,1,211,1425,7025,753,13,上位,0,211,53
227,227,0,42,5,1,0,0,0,0,1,0,下位,0,0,0
624,624,0,82,98,1,1,227,0,0,1,0,下位,0,227,57
237,237,0,42,9,0,0,0,851,150,-1164,1,下位,0,0,0
229,229,0,171,319,0,1,237,851,150,-1164,1,下位,0,237,61
865,865,0,159,261,0,0,0,466,371,-1483,4,下位,0,0,0
966,966,0,109,44,0,0,0,865,313,-2565,4,下位,0,0,0
192,192,0,94,222,0,0,0,966,96,-4027,2,下位,0,0,0
162,162,0,42,7,1,0,0,0,0,1,0,下位,0,0,0
352,352,0,64,117,1,1,162,0,0,1,0,下位,0,162,59
224,224,0,67,42,0,0,0,514,169,-600,1,下位,0,0,0
243,243,0,114,181,0,0,0,224,94,-867,1,下位,0,0,0
188,188,0,76,180,1,0,0,0,0,1,0,下位,0,0,0
487,487,0,61,55,0,0,0,188,232,-70,1,下位,0,0,0
257,257,0,51,63,0,0,0,487,107,-748,1,下位,0,0,0
236,236,0,118,174,0,1,257,487,107,-748,1,下位,0,257,115
313,313,0,95,136,0,0,0,493,226,-1203,2,下位,0,0,0
274,274,0,124,239,0,0,0,313,188,-1520,2,下位,0,0,0
239,239,0,100,130,0,0,0,274,291,-1671,3,下位,0,0,0
280,280,0,119,163,0,0,0,239,182,-1874,1,下位,0,0,0
877,877,0,128,228,0,0,0,280,215,-2111,2,下位,0,0,0
920,920,0,68,40,0,0,0,877,280,-3246,3,下位,0,0,0
215,215,0,147,292,1,0,0,0,0,1,0,下位,0,0,0
186,186,0,42,9,0,0,0,215,344,-2,3,下位,0,0,0
500,500,0,66,47,0,1,186,215,344,-2,3,下位,0,186,61
145,145,0,64,53,0,0,0,686,99,-948,1,下位,0,0,0
189,189,0,1056,5228,0,0,0,145,105,-1077,1,下位,0,0,0
963,963,0,42,11,0,0,0,189,5280,764,10,上位,0,0,0
356,356,0,124,152,0,1,963,189,5280,764,10,上位,0,963,63
573,573,0,132,228,1,0,0,0,0,1,0,下位,0,0,0
967,967,0,82,164,0,0,0,573,280,-643,4,下位,0,0,0
40,40,0,52,71,0,0,0,967,216,-1987,1,下位,0,0,0
908,908,0,69,43,0,1,40,967,216,-1987,1,下位,0,40,123
979,979,0,125,168,0,0,0,948,95,-3299,1,下位,0,0,0
640,640,0,185,218,1,0,0,0,0,1,0,下位,0,0,0
48,48,0,1306,6997,0,0,0,640,270,-761,3,下位,0,0,0
744,744,0,88,94,0,0,0,48,6934,763,9,上位,0,0,0
948,948,0,122,102,0,0,0,744,146,-291,1,下位,0,0,0
156,156,0,76,109,1,0,0,0,0,1,0,下位,0,0,0
739,739,0,87,78,0,0,0,156,161,-90,1,下位,0,0,0
614,614,0,74,96,0,0,0,739,130,-1152,1,下位,0,0,0
971,971,0,153,256,0,0,0,614,148,-1994,1,下位,0,0,0
277,277,0,83,83,0,0,0,971,308,-3252,4,下位,0,0,0
736,736,0,108,200,0,0,0,277,135,-3564,1,下位,0,0,0
419,419,0,97,136,0,0,0,736,252,-4499,3,下位,0,0,0
523,523,0,124,164,1,0,0,0,0,1,0,下位,0,0,0
284,284,0,41,3,0,0,0,523,216,-627,2,下位,0,0,0
285,285,0,182,240,0,1,284,523,216,-627,2,下位,0,284,55
372,372,0,85,88,0,0,0,569,292,-1198,4,下位,0,0,0
249,249,0,105,206,0,0,0,372,140,-1658,1,下位,0,0,0
331,331,0,88,169,0,0,0,249,258,-1802,2,下位,0,0,0
889,889,0,87,76,0,0,0,331,221,-2115,2,下位,0,0,0
93,93,0,90,154,1,0,0,0,0,1,0,下位,0,0,0
133,133,0,841,3980,0,0,0,93,206,57,2,下位,0,0,0
105,105,0,52,65,0,0,0,133,4032,759,8,上位,0,0,0
77,77,0,42,7,0,1,105,133,4032,759,8,上位,0,105,117
150,150,0,76,31,0,2,182,133,4032,759,8,上位,0,77,59
937,937,0,159,332,0,0,0,332,83,483,1,下位,0,0,0
970,970,0,125,177,0,0,0,937,384,-644,3,下位,0,0,0
49,49,0,103,130,1,0,0,0,0,1,0,下位,0,0,0
209,209,0,126,313,0,0,0,49,182,104,2,下位,0,0,0
256,256,0,124,183,0,0,0,209,365,132,3,下位,0,0,0
815,815,0,100,149,0,0,0,256,235,-46,3,下位,0,0,0
271,271,0,184,366,0,0,0,815,201,-1160,2,下位,0,0,0
179,179,0,2214,11394,0,0,0,271,418,-1179,5,下位,0,0,0
227,227,0,113,116,0,0,0,179,11446,737,18,上位,0,0,0
824,824,0,699,3135,0,0,0,227,168,539,2,下位,0,0,0
156,156,0,79,98,1,0,0,0,0,1,0,下位,0,0,0
214,214,0,84,169,0,0,0,156,150,-101,2,下位,0,0,0
967,967,0,126,172,0,0,0,214,221,-225,2,下位,0,0,0
573,573,0,150,222,0,0,0,967,224,-1561,2,下位,0,0,0
159,159,0,42,7,0,0,0,573,274,-2211,4,下位,0,0,0
343,343,0,1238,6069,0,1,159,573,274,-2211,4,下位,0,159,59
194,194,0,64,45,1,0,0,0,0,1,0,下位,0,0,0
361,361,0,75,183,0,0,0,194,97,-215,1,下位,0,0,0
852,852,0,130,170,0,0,0,361,235,-562,1,下位,0,0,0
540,540,0,70,117,0,0,0,852,222,-1714,2,下位,0,0,0
260,260,0,75,94,1,0,0,0,0,1,0,下位,0,0,0
159,159,0,41,3,0,0,0,260,146,-272,1,下位,0,0,0
202,202,0,993,4608,0,1,159,260,146,-272,1,下位,0,159,55
139,139,0,799,3373,0,0,0,361,4660,735,9,上位,0,0,0
361,361,0,201,341,0,0,0,139,3425,757,9,上位,0,0,0
94,94,0,529,2707,0,0,0,361,393,568,5,下位,0,0,0
242,242,0,82,99,0,0,0,94,1518,766,2,上位,0,0,0
552,552,0,177,164,0,0,0,242,151,527,1,下位,0,0,0
964,964,0,79,22,0,0,0,552,216,-147,3,下位,0,0,0
258,258,0,142,424,0,0,0,964,74,-1628,1,下位,0,0,0
358,358,0,140,380,0,0,0,258,476,-1568,4,下位,0,0,0
72,72,0,815,4285,0,0,0,358,432,-1713,3,下位,0,0,0
526,526,0,114,185,1,0,0,0,0,1,0,下位,0,0,0
839,839,0,74,97,0,0,0,526,237,-610,3,下位,0,0,0
966,966,0,92,68,0,0,0,839,149,-1814,1,下位,0,0,0
845,845,0,84,159,1,0,0,0,0,1,0,下位,0,0,0
749,749,0,156,271,0,0,0,845,211,-1151,1,下位,0,0,0
190,190,0,139,144,0,0,0,749,323,-2036,3,下位,0,0,0
723,723,0,75,180,0,0,0,190,196,-2146,3,下位,0,0,0
231,231,0,80,93,1,0,0,0,0,1,0,下位,0,0,0
575,575,0,124,244,0,0,0,231,145,-227,1,下位,0,0,0
219,219,0,121,309,0,0,0,575,296,-858,2,下位,0,0,0
229,229,0,996,5074,0,0,0,219,361,-850,3,下位,0,0,0
545,545,0,42,5,0,0,0,229,5126,746,10,上位,0,0,0
247,247,0,709,3178,0,1,545,229,5126,746,10,上位,0,545,57
841,841,0,41,4,0,0,0,792,3230,759,8,上位,0,0,0
314,314,0,112,37,0,1,841,792,3230,759,8,上位,0,841,56
128,128,0,70,117,0,0,0,1155,89,-958,2,下位,0,0,0
691,691,0,81,88,0,0,0,128,169,-995,1,下位,0,0,0
739,739,0,150,207,1,0,0,0,0,1,0,下位,0,0,0
260,260,0,51,61,0,0,0,739,259,-932,3,下位,0,0,0
228,228,0,66,38,0,1,260,739,259,-932,3,下位,0,260,113
356,356,0,141,138,0,0,0,488,90,-1516,1,下位,0,0,0
818,818,0,58,58,0,0,0,356,190,-1900,2,下位,0,0,0
892,892,0,58,46,1,0,0,0,0,1,0,下位,0,0,0
751,751,0,42,9,0,0,0,892,98,-1340,1,下位,0,0,0
932,932,0,118,191,0,1,751,892,98,-1340,1,下位,0,751,61
204,204,0,122,184,0,0,0,1683,243,-3750,2,下位,0,0,0
339,339,0,64,41,0,0,0,204,236,-3843,2,下位,0,0,0
204,204,0,90,161,1,0,0,0,0,1,0,下位,0,0,0
510,510,0,135,163,0,0,0,204,213,-115,1,下位,0,0,0
768,768,0,69,111,0,0,0,510,215,-723,3,下位,0,0,0
342,342,0,132,146,0,0,0,768,163,-1799,1,下位,0,0,0
257,257,0,52,65,0,0,0,342,198,-2153,3,下位,0,0,0
89,89,0,112,115,0,1,257,342,198,-2153,3,下位,0,257,117
149,149,0,91,221,0,0,0,346,167,-2428,2,下位,0,0,0
971,971,0,78,22,0,0,0,149,273,-2395,2,下位,0,0,0
443,443,0,200,271,0,0,0,971,74,-3887,1,下位,0,0,0
219,219,0,99,146,0,0,0,443,323,-4279,5,下位,0,0,0
473,473,0,72,94,0,0,0,219,198,-4434,2,下位,0,0,0
241,241,0,166,326,0,0,0,473,146,-5051,1,下位,0,0,0
178,178,0,41,1,1,0,0,0,0,1,0,下位,0,0,0
373,373,0,103,133,1,1,178,0,0,1,0,下位,0,178,53
332,332,0,42,5,1,0,0,0,0,1,0,下位,0,0,0
603,603,0,65,49,1,1,332,0,0,1,0,下位,0,332,57
233,233,0,1137,5506,0,0,0,935,101,-1349,1,下位,0,0,0
149,149,0,42,5,0,0,0,233,5558,747,10,上位,0,0,0
195,195,0,155,433,0,1,149,233,5558,747,10,上位,0,149,57
540,540,0,179,285,0,0,0,344,485,734,4,下位,0,0,0
612,612,0,99,297,0,0,0,540,337,200,5,下位,0,0,0
624,624,0,114,119,0,0,0,612,349,-438,2,下位,0,0,0
170,170,0,42,11,0,0,0,624,171,-1273,2,下位,0,0,0
250,250,0,80,84,0,1,170,624,171,-1273,2,下位,0,170,63
354,354,0,68,118,0,0,0,420,136,-1751,2,下位,0,0,0
125,125,0,42,5,0,0,0,354,170,-2152,1,下位,0,0,0
448,448,0,52,67,0,1,125,354,170,-2152,1,下位,0,125,57
377,377,0,88,219,0,2,573,354,170,-2152,1,下位,0,448,119
190,190,0,178,307,0,0,0,950,271,-3238,2,下位,0,0,0
255,255,0,140,270,1,0,0,0,0,1,0,下位,0,0,0
892,892,0,98,225,0,0,0,255,322,-88,4,下位,0,0,0
236,236,0,130,147,0,0,0,892,277,-1250,2,下位,0,0,0
218,218,0,52,65,0,0,0,236,199,-1432,3,下位,0,0,0
405,405,0,125,256,0,1,218,236,199,-1432,3,下位,0,218,117
967,967,0,84,165,0,0,0,623,308,-2012,2,下位,0,0,0
127,127,0,127,87,0,0,0,967,217,-3355,1,下位,0,0,0
755,755,0,68,101,0,0,0,127,139,-3421,2,下位,0,0,0
165,165,0,165,312,0,0,0,755,153,-4486,1,下位,0,0,0
181,181,0,51,63,0,0,0,165,364,-4388,5,下位,0,0,0
127,127,0,68,33,0,1,181,165,364,-4388,5,下位,0,181,115
900,900,0,115,182,1,0,0,0,0,1,0,下位,0,0,0
880,880,0,66,100,0,0,0,900,234,-1217,2,下位,0,0,0
914,914,0,86,161,0,0,0,880,152,-2484,1,下位,0,0,0
175,175,0,198,349,0,0,0,914,213,-3745,1,下位,0,0,0
368,368,0,123,240,0,0,0,175,401,-3626,5,下位,0,0,0
899,899,0,41,4,0,0,0,368,292,-3928,2,下位,0,0,0
836,836,0,127,257,0,1,899,368,292,-3928,2,下位,0,899,56
872,872,0,1166,5960,1,0,0,0,0,1,0,下位,0,0,0
852,852,0,68,116,0,0,0,872,6012,767,10,上位,0,0,0
138,138,0,51,63,0,0,0,852,168,-439,1,下位,0,0,0
125,125,0,52,71,0,1,138,852,168,-439,1,下位,0,138,115
969,969,0,937,4594,0,2,263,852,168,-439,1,下位,0,125,123
980,980,0,109,279,0,0,0,1232,4646,754,8,上位,0,0,0
294,294,0,72,112,1,0,0,0,0,1,0,下位,0,0,0
373,373,0,71,106,0,0,0,294,164,-309,1,下位,0,0,0
861,861,0,144,291,0,0,0,373,158,-753,1,下位,0,0,0
568,568,0,100,131,0,0,0,861,343,-1799,4,下位,0,0,0
609,609,0,125,162,1,0,0,0,0,1,0,下位,0,0,0
177,177,0,106,133,0,0,0,609,214,-767,3,下位,0,0,0
889,889,0,105,122,0,0,0,177,185,-867,2,下位,0,0,0
336,336,0,63,124,0,0,0,889,174,-2127,2,下位,0,0,0
178,178,0,98,63,1,0,0,0,0,1,0,下位,0,0,0
348,348,0,42,7,0,0,0,178,115,-171,2,下位,0,0,0
889,889,0,72,110,0,1,348,178,115,-171,2,下位,0,348,59
438,438,0,92,163,0,0,0,1237,162,-1945,1,下位,0,0,0
785,785,0,184,233,0,0,0,438,215,-2436,1,下位,0,0,0
605,605,0,90,85,1,0,0,0,0,1,0,下位,0,0,0
460,460,0,203,258,0,0,0,605,137,-838,2,下位,0,0,0
589,589,0,96,235,0,0,0,460,310,-1270,5,下位,0,0,0
362,362,0,131,87,0,0,0,589,287,-1933,2,下位,0,0,0
27,27,0,156,199,1,0,0,0,0,1,0,下位,0,0,0
319,319,0,136,221,0,0,0,27,251,208,3,下位,0,0,0
48,48,0,51,63,0,0,0,319,273,-34,3,下位,0,0,0
844,844,0,122,155,0,1,48,319,273,-34,3,下位,0,48,115
453,453,0,104,54,0,0,0,892,207,-1150,2,下位,0,0,0
482,482,0,135,231,1,0,0,0,0,1,0,下位,0,0,0
926,926,0,117,183,0,0,0,482,283,-493,3,下位,0,0,0
950,950,0,143,195,0,0,0,926,235,-1752,2,下位,0,0,0
59,59,0,102,201,1,0,0,0,0,1,0,下位,0,0,0
657,657,0,107,125,0,0,0,59,253,159,2,下位,0,0,0
697,697,0,78,23,0,0,0,657,177,-724,2,下位,0,0,0
859,859,0,96,217,0,0,0,697,75,-1773,1,下位,0,0,0
962,962,0,1482,7428,0,0,0,859,269,-2889,2,下位,0,0,0
181,181,0,42,11,0,0,0,962,7480,762,13,上位,0,0,0
445,445,0,110,274,0,1,181,962,7480,762,13,上位,0,181,63
215,215,0,94,75,0,0,0,626,326,141,2,下位,0,0,0
533,533,0,950,4726,1,0,0,0,0,1,0,下位,0,0,0
142,142,0,112,204,1,0,0,0,0,1,0,下位,0,0,0
209,209,0,52,69,0,0,0,142,256,28,2,下位,0,0,0
893,893,0,129,315,0,1,209,142,256,28,2,下位,0,209,121
331,331,0,150,143,0,0,0,1102,367,-1261,3,下位,0,0,0
202,202,0,97,189,0,0,0,331,195,-1600,3,下位,0,0,0
427,427,0,67,42,0,0,0,202,241,-1685,2,下位,0,0,0
534,534,0,42,9,0,0,0,427,94,-2280,1,下位,0,0,0
204,204,0,120,112,0,1,534,427,94,-2280,1,下位,0,534,61
789,789,0,51,61,0,0,0,738,164,-3245,2,下位,0,0,0
206,206,0,52,65,0,1,789,738,164,-3245,2,下位,0,789,113
292,292,0,57,50,0,2,995,738,164,-3245,2,下位,0,206,117
611,611,0,113,119,0,0,0,1287,102,-4989,1,下位,0,0,0
351,351,0,41,3,1,0,0,0,0,1,0,下位,0,0,0
482,482,0,56,45,1,1,351,0,0,1,0,下位,0,351,55
234,234,0,98,201,0,0,0,833,97,-1190,1,下位,0,0,0
325,325,0,1314,6486,0,0,0,234,253,-1314,3,下位,0,0,0
710,710,0,52,67,0,0,0,325,6538,762,11,上位,0,0,0
139,139,0,84,165,0,1,710,325,6538,762,11,上位,0,710,119
137,137,0,74,29,0,0,0,849,217,-271,1,下位,0,0,0
817,817,0,79,85,1,0,0,0,0,1,0,下位,0,0,0
278,278,0,92,159,0,0,0,817,137,-1180,1,下位,0,0,0
784,784,0,76,94,0,0,0,278,211,-1417,2,下位,0,0,0
666,666,0,119,185,0,0,0,784,146,-2536,1,下位,0,0,0
321,321,0,135,223,0,0,0,666,237,-3373,2,下位,0,0,0
246,246,0,52,67,0,0,0,321,275,-3616,4,下位,0,0,0
650,650,0,51,63,0,1,246,321,275,-3616,4,下位,0,246,119
173,173,0,93,72,0,2,896,321,275,-3616,4,下位,0,650,115
303,303,0,74,181,1,0,0,0,0,1,0,下位,0,0,0
270,270,0,72,115,0,0,0,303,233,-255,1,下位,0,0,0
967,967,0,144,271,0,0,0,270,167,-523,1,下位,0,0,0
137,137,0,68,124,1,0,0,0,0,1,0,下位,0,0,0
653,653,0,1026,4974,0,0,0,137,176,-44,1,下位,0,0,0
868,868,0,42,11,0,0,0,653,5026,760,9,上位,0,0,0
187,187,0,52,69,0,1,868,653,5026,760,9,上位,0,868,63
640,640,0,156,189,0,2,1055,653,5026,760,9,上位,0,187,121
967,967,0,66,40,0,0,0,1695,241,-1549,3,下位,0,0,0
732,732,0,125,90,0,0,0,967,92,-3017,1,下位,0,0,0
119,119,0,90,75,0,0,0,732,142,-4056,2,下位,0,0,0
670,670,0,140,296,0,0,0,119,127,-4121,1,下位,0,0,0
215,215,0,64,125,0,0,0,670,348,-4854,4,下位,0,0,0
393,393,0,94,78,1,0,0,0,0,1,0,下位,0,0,0
969,969,0,136,241,0,0,0,393,130,-503,2,下位,0,0,0
295,295,0,137,226,1,0,0,0,0,1,0,下位,0,0,0
278,278,0,133,224,0,0,0,295,278,-197,2,下位,0,0,0
94,94,0,854,4346,0,0,0,278,276,-369,3,下位,0,0,0
401,401,0,102,215,1,0,0,0,0,1,0,下位,0,0,0
159,159,0,964,4479,0,0,0,401,267,-379,2,下位,0,0,0
295,295,0,128,232,0,0,0,159,4531,748,9,上位,0,0,0
190,190,0,71,24,1,0,0,0,0,1,0,下位,0,0,0
266,266,0,146,283,0,0,0,190,76,-229,1,下位,0,0,0
675,675,0,142,353,0,0,0,266,335,-323,3,下位,0,0,0
291,291,0,150,194,0,0,0,675,405,-1007,3,下位,0,0,0
270,270,0,42,9,0,0,0,291,246,-1230,4,下位,0,0,0
539,539,0,1219,6251,0,1,270,291,246,-1230,4,下位,0,270,61
808,808,0,42,7,0,0,0,809,6303,736,12,上位,0,0,0
755,755,0,41,0,0,1,808,809,6303,736,12,上位,0,808,59
407,407,0,79,91,0,2,1563,809,6303,736,12,上位,0,755,52
742,742,0,42,7,0,0,0,1970,143,-2187,1,下位,0,0,0
237,237,0,138,300,0,1,742,1970,143,-2187,1,下位,0,742,59
185,185,0,118,256,0,0,0,979,352,-3355,3,下位,0,0,0
4,4,0,69,115,1,0,0,0,0,1,0,下位,0,0,0
774,774,0,152,293,0,0,0,4,167,162,1,下位,0,0,0
167,167,0,110,193,0,0,0,774,345,-741,3,下位,0,0,0
501,501,0,88,154,0,0,0,167,245,-765,2,下位,0,0,0
95,95,0,42,11,0,0,0,501,206,-1367,2,下位,0,0,0
163,163,0,42,5,0,1,95,501,206,-1367,2,下位,0,95,63
855,855,0,113,180,0,2,258,501,206,-1367,2,下位,0,163,57
30,30,0,72,117,1,0,0,0,0,1,0,下位,0,0,0
532,532,0,94,192,0,0,0,30,169,122,1,下位,0,0,0
814,814,0,42,7,0,0,0,532,244,-492,2,下位,0,0,0
889,889,0,126,258,0,1,814,532,244,-492,2,下位,0,814,59
205,205,0,54,36,1,0,0,0,0,1,0,下位,0,0,0
676,676,0,1064,5186,0,0,0,205,88,-242,1,下位,0,0,0
227,227,0,52,71,0,0,0,676,5238,756,11,上位,0,0,0
201,201,0,158,176,0,1,227,676,5238,756,11,上位,0,227,123
763,763,0,117,117,1,0,0,0,0,1,0,下位,0,0,0
322,322,0,92,161,0,0,0,763,169,-1061,3,下位,0,0,0
882,882,0,94,82,0,0,0,322,213,-1367,2,下位,0,0,0
970,970,0,70,41,0,0,0,882,134,-2656,1,下位,0,0,0
782,782,0,42,7,0,0,0,970,93,-4128,1,下位,0,0,0
544,544,0,62,118,0,1,782,970,93,-4128,1,下位,0,782,59
219,219,0,78,91,0,0,0,1326,170,-6037,1,下位,0,0,0
738,738,0,153,218,0,0,0,219,143,-6247,1,下位,0,0,0
151,151,0,126,247,0,0,0,738,270,-7167,4,下位,0,0,0
213,213,0,66,30,0,0,0,151,299,-7112,3,下位,0,0,0
358,358,0,42,5,0,0,0,213,82,-7374,1,下位,0,0,0
876,876,0,126,171,0,1,358,213,82,-7374,1,下位,0,358,57
327,327,0,52,67,0,0,0,1234,223,-9084,2,下位,0,0,0
924,924,0,145,287,0,1,327,1234,223,-9084,2,下位,0,327,119
305,305,0,52,69,1,0,0,0,0,1,0,下位,0,0,0
880,880,0,113,179,1,1,305,0,0,1,0,下位,0,305,121
234,234,0,76,96,0,0,0,1185,231,-1558,2,下位,0,0,0
689,689,0,52,69,0,0,0,234,148,-1787,1,下位,0,0,0
323,323,0,198,352,0,1,689,234,148,-1787,1,下位,0,689,121
962,962,0,52,69,0,0,0,1012,404,-2894,5,下位,0,0,0
115,115,0,52,65,0,1,962,1012,404,-2894,5,下位,0,962,121
409,409,0,117,107,0,2,1077,1012,404,-2894,5,下位,0,115,117
397,397,0,42,11,1,0,0,0,0,1,0,下位,0,0,0
511,511,0,75,174,1,1,397,0,0,1,0,下位,0,397,63
410,410,0,74,190,0,0,0,908,226,-1174,1,下位,0,0,0
432,432,0,111,127,0,0,0,410,242,-1593,1,下位,0,0,0
97,97,0,1016,5307,0,0,0,432,179,-2111,3,下位,0,0,0
204,204,0,112,115,1,0,0,0,0,1,0,下位,0,0,0
154,154,0,52,65,0,0,0,204,167,-161,2,下位,0,0,0
37,37,0,51,61,0,1,154,204,167,-161,2,下位,0,154,117
383,383,0,157,268,0,2,191,204,167,-161,2,下位,0,37,113
963,963,0,78,15,0,0,0,574,320,-537,3,下位,0,0,0
902,902,0,42,7,0,0,0,963,67,-2023,1,下位,0,0,0
258,258,0,51,63,0,1,902,963,67,-2023,1,下位,0,902,59
179,179,0,51,63,0,2,1160,963,67,-2023,1,下位,0,258,115
455,455,0,155,271,0,3,1339,963,67,-2023,1,下位,0,179,115
507,507,0,40,-3,0,0,0,1794,323,-4305,3,下位,0,0,0
156,156,0,51,61,0,1,507,1794,323,-4305,3,下位,0,507,49
138,138,0,80,95,0,2,663,1794,323,-4305,3,下位,0,156,113
262,262,0,78,167,1,0,0,0,0,1,0,下位,0,0,0
764,764,0,144,356,0,0,0,262,219,-203,1,下位,0,0,0
964,964,0,144,275,0,0,0,764,408,-1027,3,下位,0,0,0
618,618,0,116,111,0,0,0,964,327,-2255,3,下位,0,0,0
971,971,0,88,160,0,0,0,618,163,-3089,3,下位,0,0,0
96,96,0,52,71,0,0,0,971,212,-4443,2,下位,0,0,0
251,251,0,156,196,0,1,96,971,212,-4443,2,下位,0,96,123
833,833,0,106,244,0,0,0,347,248,-4632,3,下位,0,0,0
154,154,0,51,63,0,0,0,833,296,-5680,2,下位,0,0,0
235,235,0,1676,8460,0,1,154,833,296,-5680,2,下位,0,154,115
104,104,0,174,237,1,0,0,0,0,1,0,下位,0,0,0
967,967,0,140,224,0,0,0,104,289,122,5,下位,0,0,0
740,740,0,110,192,0,0,0,967,276,-1162,2,下位,0,0,0
33,33,0,81,76,1,0,0,0,0,1,0,下位,0,0,0
965,965,0,101,210,0,0,0,33,128,76,2,下位,0,0,0
38,38,0,52,69,0,0,0,965,262,-1218,2,下位,0,0,0
416,416,0,60,61,0,1,38,965,262,-1218,2,下位,0,38,121
154,154,0,52,67,0,0,0,454,113,-1716,1,下位,0,0,0
914,914,0,42,7,0,1,154,454,113,-1716,1,下位,0,154,119
391,391,0,42,9,0,2,1068,454,113,-1716,1,下位,0,914,59
515,515,0,117,192,0,3,1459,454,113,-1716,1,下位,0,391,61
623,623,0,88,82,1,0,0,0,0,1,0,下位,0,0,0
710,710,0,76,107,0,0,0,623,134,-870,1,下位,0,0,0
962,962,0,162,331,0,0,0,710,159,-1856,1,下位,0,0,0
61,61,0,58,53,1,0,0,0,0,1,0,下位,0,0,0
228,228,0,96,198,0,0,0,61,105,8,1,下位,0,0,0
188,188,0,42,9,0,0,0,228,250,-110,2,下位,0,0,0
167,167,0,122,185,0,1,188,228,250,-110,2,下位,0,188,61
620,620,0,52,69,0,0,0,355,237,-384,3,下位,0,0,0
692,692,0,153,199,0,1,620,355,237,-384,3,下位,0,620,121
582,582,0,106,277,0,0,0,1312,251,-2128,2,下位,0,0,0
964,964,0,72,34,0,0,0,582,329,-2738,2,下位,0,0,0
374,374,0,98,287,0,0,0,964,86,-4207,1,下位,0,0,0
977,977,0,66,116,0,0,0,374,339,-4471,2,下位,0,0,0
976,976,0,95,222,0,0,0,977,168,-5879,1,下位,0,0,0
529,529,0,109,166,0,0,0,976,274,-7179,2,下位,0,0,0
249,249,0,98,208,1,0,0,0,0,1,0,下位,0,0,0
418,418,0,1224,6239,0,0,0,249,260,-141,2,下位,0,0,0
196,196,0,178,305,0,0,0,418,6291,759,10,上位,0,0,0
934,934,0,42,11,0,0,0,196,357,800,4,下位,0,0,0
305,305,0,74,101,0,1,934,196,357,800,4,下位,0,934,63
768,768,0,109,204,1,0,0,0,0,1,0,下位,0,0,0
232,232,0,74,27,0,0,0,768,256,-982,3,下位,0,0,0
145,145,0,85,159,0,0,0,232,79,-1277,1,下位,0,0,0
297,297,0,73,103,0,0,0,145,211,-1300,1,下位,0,0,0
277,277,0,80,23,0,0,0,297,155,-1624,1,下位,0,0,0
235,235,0,97,143,0,0,0,277,75,-1996,1,下位,0,0,0
520,520,0,126,177,0,0,0,235,195,-2180,2,下位,0,0,0
796,796,0,94,144,1,0,0,0,0,1,0,下位,0,0,0
208,208,0,134,295,0,0,0,796,196,-1087,2,下位,0,0,0
901,901,0,148,201,0,0,0,208,347,-1075,3,下位,0,0,0
225,225,0,134,230,1,0,0,0,0,1,0,下位,0,0,0
377,377,0,147,375,0,0,0,225,282,-80,3,下位,0,0,0
43,43,0,815,4148,0,0,0,377,427,-261,3,下位,0,0,0
945,945,0,140,294,0,0,0,43,4143,748,5,上位,0,0,0
158,158,0,56,45,0,0,0,945,346,-430,4,下位,0,0,0
317,317,0,116,120,0,0,0,158,97,-588,1,下位,0,0,0
665,665,0,116,182,0,0,0,317,172,-927,3,下位,0,0,0
336,336,0,52,65,0,0,0,665,234,-1766,2,下位,0,0,0
238,238,0,67,27,0,1,336,665,234,-1766,2,下位,0,336,117
458,458,0,52,71,0,0,0,574,79,-2496,1,下位,0,0,0
152,152,0,102,137,0,1,458,574,79,-2496,1,下位,0,458,123
308,308,0,103,137,0,0,0,610,189,-3168,3,下位,0,0,0
408,408,0,42,11,0,0,0,308,189,-3476,2,下位,0,0,0
184,184,0,42,11,0,1,408,308,189,-3476,2,下位,0,408,63
760,760,0,183,305,0,2,592,308,189,-3476,2,下位,0,184,63
114,114,0,88,155,0,0,0,1352,357,-5174,3,下位,0,0,0
58,58,0,95,134,0,0,0,114,207,-5151,1,下位,0,0,0
240,240,0,71,97,1,0,0,0,0,1,0,下位,0,0,0
964,964,0,104,223,0,0,0,240,149,-237,1,下位,0,0,0
301,301,0,92,84,0,0,0,964,275,-1517,3,下位,0,0,0
37,37,0,42,11,0,0,0,301,136,-1866,1,下位,0,0,0
289,289,0,101,203,0,1,37,301,136,-1866,1,下位,0,37,63
194,194,0,145,374,0,0,0,326,255,-2074,2,下位,0,0,0
850,850,0,166,412,1,0,0,0,0,1,0,下位,0,0,0
44,44,0,1912,10140,0,0,0,850,464,-906,4,下位,0,0,0
59,59,0,133,165,0,0,0,44,9174,737,12,上位,0,0,0
502,502,0,68,111,1,0,0,0,0,1,0,下位,0,0,0
877,877,0,81,84,0,0,0,502,163,-646,1,下位,0,0,0
357,357,0,75,30,0,0,0,877,136,-1925,1,下位,0,0,0
437,437,0,52,65,1,0,0,0,0,1,0,下位,0,0,0
876,876,0,139,140,1,1,437,0,0,1,0,下位,0,437,117
202,202,0,126,107,0,0,0,1313,192,-1808,2,下位,0,0,0
236,236,0,91,156,0,0,0,202,159,-1975,2,下位,0,0,0
326,326,0,80,173,0,0,0,236,208,-2148,2,下位,0,0,0
252,252,0,112,190,0,0,0,326,225,-2449,1,下位,0,0,0
367,367,0,42,10,0,0,0,252,242,-2613,2,下位,0,0,0
283,283,0,118,181,0,1,367,252,242,-2613,2,下位,0,367,62
302,302,0,52,65,0,0,0,650,233,-3366,2,下位,0,0,0
233,233,0,96,158,0,1,302,650,233,-3366,2,下位,0,302,117
330,330,0,168,301,0,0,0,535,210,-3902,1,下位,0,0,0
37,37,0,42,5,0,0,0,330,353,-4081,4,下位,0,0,0
265,265,0,42,7,0,1,37,330,353,-4081,4,下位,0,37,57
801,801,0,114,266,0,2,302,330,353,-4081,4,下位,0,265,59
261,261,0,892,4244,1,0,0,0,0,1,0,下位,0,0,0
419,419,0,96,65,0,0,0,261,4296,761,9,上位,0,0,0
858,858,0,141,224,0,0,0,419,117,202,2,下位,0,0,0
967,967,0,42,7,0,0,0,858,276,-906,2,下位,0,0,0
233,233,0,198,281,0,1,967,858,276,-906,2,下位,0,967,59
52,52,0,824,3958,1,0,0,0,0,1,0,下位,0,0,0
812,812,0,120,178,1,0,0,0,0,1,0,下位,0,0,0
966,966,0,148,213,0,0,0,812,230,-1079,2,下位,0,0,0
359,359,0,1033,5178,1,0,0,0,0,1,0,下位,0,0,0
735,735,0,639,2860,0,0,0,359,5230,751,12,上位,0,0,0
107,107,0,67,107,0,0,0,735,2912,758,8,上位,0,0,0
271,271,0,42,11,0,0,0,107,159,744,1,下位,0,0,0
293,293,0,132,167,0,1,271,107,159,744,1,下位,0,271,63
82,82,0,52,67,0,0,0,564,219,116,3,下位,0,0,0
611,611,0,123,217,0,1,82,564,219,116,3,下位,0,82,119
117,117,0,158,190,0,0,0,693,269,-613,2,下位,0,0,0
265,265,0,52,71,0,0,0,117,242,-560,3,下位,0,0,0
801,801,0,108,176,0,1,265,117,242,-560,3,下位,0,265,123
206,206,0,1108,5420,0,0,0,1066,228,-1928,3,下位,0,0,0
525,525,0,122,180,1,0,0,0,0,1,0,下位,0,0,0
322,322,0,149,340,0,0,0,525,232,-614,2,下位,0,0,0
76,76,0,1576,8533,0,0,0,322,392,-741,4,下位,0,0,0
473,473,0,51,60,0,0,0,76,7658,769,10,上位,0,0,0
450,450,0,52,67,0,1,473,76,7658,769,10,上位,0,473,112
971,971,0,82,161,0,2,923,76,7658,769,10,上位,0,450,119
512,512,0,110,119,0,0,0,1894,213,-1842,2,下位,0,0,0
101,101,0,51,63,1,0,0,0,0,1,0,下位,0,0,0
209,209,0,868,4232,1,1,101,0,0,1,0,下位,0,101,115
967,967,0,52,65,0,0,0,310,4284,765,9,上位,0,0,0
954,954,0,59,61,0,1,967,310,4284,765,9,上位,0,967,117
710,710,0,156,197,1,0,0,0,0,1,0,下位,0,0,0
292,292,0,124,166,0,0,0,710,249,-895,3,下位,0,0,0
745,745,0,102,127,0,0,0,292,218,-1148,2,下位,0,0,0
494,494,0,85,163,0,0,0,745,179,-2171,2,下位,0,0,0
427,427,0,102,139,1,0,0,0,0,1,0,下位,0,0,0
402,402,0,194,350,0,0,0,427,191,-497,1,下位,0,0,0
688,688,0,42,5,0,0,0,402,402,-743,4,下位,0,0,0
43,43,0,95,62,0,1,688,402,402,-743,4,下位,0,688,57
138,138,0,51,62,0,0,0,731,114,-1751,2,下位,0,0,0
192,192,0,41,1,0,1,138,731,114,-1751,2,下位,0,138,114
82,82,0,69,113,0,2,330,731,114,-1751,2,下位,0,192,53
968,968,0,52,69,0,0,0,412,165,-2084,1,下位,0,0,0
909,909,0,1146,5717,0,1,968,412,165,-2084,1,下位,0,968,121
816,816,0,133,238,0,0,0,1877,5769,773,11,上位,0,0,0
578,578,0,62,124,1,0,0,0,0,1,0,下位,0,0,0
456,456,0,84,78,0,0,0,578,176,-755,1,下位,0,0,0
156,156,0,42,11,0,0,0,456,130,-1360,1,下位,0,0,0
263,263,0,151,123,0,1,156,456,130,-1360,1,下位,0,156,63
246,246,0,52,65,0,0,0,419,175,-1798,3,下位,0,0,0
661,661,0,52,65,0,1,246,419,175,-1798,3,下位,0,246,117
315,315,0,69,119,0,2,907,419,175,-1798,3,下位,0,661,117
184,184,0,192,372,0,0,0,1222,171,-3364,1,下位,0,0,0
312,312,0,98,255,0,0,0,184,424,-3237,5,下位,0,0,0
149,149,0,42,9,0,0,0,312,307,-3433,2,下位,0,0,0
434,434,0,84,169,0,1,149,312,307,-3433,2,下位,0,149,61
165,165,0,104,130,0,0,0,583,221,-4091,1,下位,0,0,0
219,219,0,94,209,0,0,0,165,182,-4175,2,下位,0,0,0
255,255,0,942,4265,1,0,0,0,0,1,0,下位,0,0,0
702,702,0,67,110,0,0,0,255,4317,753,10,上位,0,0,0
494,494,0,123,323,1,0,0,0,0,1,0,下位,0,0,0
311,311,0,78,178,0,0,0,494,375,-421,3,下位,0,0,0
91,91,0,41,3,0,0,0,311,230,-693,1,下位,0,0,0
158,158,0,116,115,0,1,91,311,230,-693,1,下位,0,91,55
65,65,0,1277,6293,0,0,0,249,167,-873,2,下位,0,0,0
802,802,0,80,17,1,0,0,0,0,1,0,下位,0,0,0
326,326,0,76,182,0,0,0,802,69,-1224,1,下位,0,0,0
158,158,0,58,53,1,0,0,0,0,1,0,下位,0,0,0
790,790,0,143,297,0,0,0,158,105,-149,1,下位,0,0,0
245,245,0,86,163,1,0,0,0,0,1,0,下位,0,0,0
203,203,0,69,117,0,0,0,245,215,-179,1,下位,0,0,0
185,185,0,63,124,0,0,0,203,169,-337,1,下位,0,0,0
945,945,0,159,400,0,0,0,185,176,-459,1,下位,0,0,0
404,404,0,125,83,1,0,0,0,0,1,0,下位,0,0,0
202,202,0,112,126,0,0,0,404,135,-516,2,下位,0,0,0
223,223,0,134,301,0,0,0,202,178,-664,2,下位,0,0,0
841,841,0,80,15,0,0,0,223,353,-671,3,下位,0,0,0
617,617,0,109,188,1,0,0,0,0,1,0,下位,0,0,0
571,571,0,948,4623,1,0,0,0,0,1,0,下位,0,0,0
718,718,0,111,197,1,0,0,0,0,1,0,下位,0,0,0
231,231,0,80,89,1,0,0,0,0,1,0,下位,0,0,0
289,289,0,152,416,0,0,0,231,141,-231,1,下位,0,0,0
291,291,0,154,203,1,0,0,0,0,1,0,下位,0,0,0
93,93,0,42,9,0,0,0,291,255,-213,3,下位,0,0,0
453,453,0,975,4804,0,1,93,291,255,-213,3,下位,0,93,61
884,884,0,165,338,0,0,0,546,4856,747,9,上位,0,0,0
296,296,0,42,11,0,0,0,884,390,-289,3,下位,0,0,0
841,841,0,136,165,0,1,296,884,390,-289,3,下位,0,296,63
601,601,0,170,308,1,0,0,0,0,1,0,下位,0,0,0
277,277,0,42,9,0,0,0,601,360,-608,5,下位,0,0,0
977,977,0,89,131,0,1,277,601,360,-608,5,下位,0,277,61
161,161,0,42,7,1,0,0,0,0,1,0,下位,0,0,0
302,302,0,69,121,1,1,161,0,0,1,0,下位,0,161,59
972,972,0,136,209,0,0,0,463,173,-514,1,下位,0,0,0
688,688,0,77,165,0,0,0,972,261,-1821,3,下位,0,0,0
118,118,0,42,7,0,0,0,688,217,-2714,1,下位,0,0,0
226,226,0,60,57,0,1,118,688,217,-2714,1,下位,0,118,59
290,290,0,103,200,0,0,0,344,109,-3101,1,下位,0,0,0
949,949,0,69,115,0,0,0,290,252,-3317,2,下位,0,0,0
92,92,0,69,43,1,0,0,0,0,1,0,下位,0,0,0
361,361,0,73,112,0,0,0,92,95,-52,1,下位,0,0,0
710,710,0,72,105,0,0,0,361,164,-470,1,下位,0,0,0
756,756,0,1288,6559,0,0,0,710,157,-1458,1,下位,0,0,0
502,502,0,90,137,0,0,0,756,6611,768,12,上位,0,0,0
531,531,0,103,200,0,0,0,502,189,147,2,下位,0,0,0
182,182,0,73,27,0,0,0,531,252,-457,2,下位,0,0,0
726,726,0,114,107,1,0,0,0,0,1,0,下位,0,0,0
222,222,0,133,313,0,0,0,726,159,-1011,3,下位,0,0,0
186,186,0,68,113,0,0,0,222,365,-1004,4,下位,0,0,0
538,538,0,122,100,0,0,0,186,165,-1139,1,下位,0,0,0
136,136,0,145,283,1,0,0,0,0,1,0,下位,0,0,0
210,210,0,49,49,0,0,0,136,335,117,3,下位,0,0,0
306,306,0,117,190,0,1,210,136,335,117,3,下位,0,210,101
546,546,0,51,64,0,0,0,516,242,-373,2,下位,0,0,0
461,461,0,42,11,0,1,546,516,242,-373,2,下位,0,546,116
352,352,0,95,146,0,2,1007,516,242,-373,2,下位,0,461,63
71,71,0,51,63,0,0,0,1359,198,-2189,2,下位,0,0,0
975,975,0,155,298,0,1,71,1359,198,-2189,2,下位,0,71,115
305,305,0,42,7,0,0,0,1046,350,-3412,5,下位,0,0,0
718,718,0,64,45,0,1,305,1046,350,-3412,5,下位,0,305,59
390,390,0,141,300,0,0,0,1023,97,-4906,1,下位,0,0,0
266,266,0,68,113,0,0,0,390,352,-5183,3,下位,0,0,0
230,230,0,42,11,0,0,0,266,165,-5447,1,下位,0,0,0
374,374,0,111,114,0,1,230,266,165,-5447,1,下位,0,230,63
623,623,0,126,149,1,0,0,0,0,1,0,下位,0,0,0
982,982,0,116,259,0,0,0,623,201,-803,2,下位,0,0,0
579,579,0,102,213,0,0,0,982,311,-2076,2,下位,0,0,0
168,168,0,52,65,0,0,0,579,265,-2745,2,下位,0,0,0
244,244,0,77,106,0,1,168,579,265,-2745,2,下位,0,168,117
664,664,0,51,61,1,0,0,0,0,1,0,下位,0,0,0
193,193,0,59,57,1,1,664,0,0,1,0,下位,0,664,113
965,965,0,52,69,0,0,0,857,109,-1159,1,下位,0,0,0
210,210,0,109,116,0,1,965,857,109,-1159,1,下位,0,965,121
182,182,0,51,61,0,0,0,1175,168,-2765,2,下位,0,0,0
965,965,0,90,163,0,1,182,1175,168,-2765,2,下位,0,182,113
732,732,0,73,103,1,0,0,0,0,1,0,下位,0,0,0
903,903,0,51,63,0,0,0,732,155,-1025,1,下位,0,0,0
290,290,0,42,5,0,1,903,732,155,-1025,1,下位,0,903,115
719,719,0,76,16,0,2,1193,732,155,-1025,1,下位,0,290,57
191,191,0,115,103,0,0,0,1912,68,-3869,1,下位,0,0,0
876,876,0,41,1,0,0,0,191,155,-4022,2,下位,0,0,0
869,869,0,160,192,0,1,876,191,155,-4022,2,下位,0,876,53
642,642,0,67,104,1,0,0,0,0,1,0,下位,0,0,0
952,952,0,95,73,0,0,0,642,156,-878,1,下位,0,0,0
971,971,0,58,55,0,0,0,952,125,-2288,1,下位,0,0,0
275,275,0,114,118,0,0,0,971,107,-3747,1,下位,0,0,0
334,334,0,74,106,0,0,0,275,170,-4021,2,下位,0,0,0
297,297,0,42,11,0,0,0,334,158,-4402,2,下位,0,0,0
152,152,0,79,83,0,1,297,334,158,-4402,2,下位,0,297,63
78,78,0,52,65,0,0,0,449,135,-4928,1,下位,0,0,0
96,96,0,841,4221,0,1,78,449,135,-4928,1,下位,0,78,117
665,665,0,119,189,0,0,0,174,4273,-819,6,上位,0,0,0
786,786,0,51,61,1,0,0,0,0,1,0,下位,0,0,0
439,439,0,103,128,1,1,786,0,0,1,0,下位,0,786,113
174,174,0,143,198,0,0,0,1225,180,-1682,1,下位,0,0,0
153,153,0,78,169,0,0,0,174,250,-1713,4,下位,0,0,0
365,365,0,102,130,0,0,0,153,221,-1739,1,下位,0,0,0
968,968,0,42,11,0,0,0,365,182,-2146,1,下位,0,0,0
121,121,0,78,167,0,1,968,365,182,-2146,1,下位,0,968,63
243,243,0,177,307,0,0,0,1089,219,-3620,2,下位,0,0,0
275,275,0,112,180,0,0,0,243,359,-3653,4,下位,0,0,0
711,711,0,40,-2,0,0,0,275,232,-3865,3,下位,0,0,0
323,323,0,64,41,0,1,711,275,232,-3865,3,下位,0,711,50
536,536,0,102,126,0,0,0,1034,93,-5390,1,下位,0,0,0
209,209,0,51,61,1,0,0,0,0,1,0,下位,0,0,0
409,409,0,993,4686,1,1,209,0,0,1,0,下位,0,209,113
390,390,0,67,29,0,0,0,618,4738,755,10,上位,0,0,0
845,845,0,161,389,0,0,0,390,81,207,1,下位,0,0,0
76,76,0,724,3799,0,0,0,845,441,-715,5,下位,0,0,0
480,480,0,100,135,0,0,0,76,3068,767,4,上位,0,0,0
394,394,0,52,69,0,0,0,480,187,180,1,下位,0,0,0
166,166,0,85,217,0,1,394,480,187,180,1,下位,0,394,121
345,345,0,84,95,0,0,0,560,269,-333,2,下位,0,0,0
965,965,0,180,286,0,0,0,345,147,-742,1,下位,0,0,0
686,686,0,41,4,0,0,0,965,338,-1960,4,下位,0,0,0
142,142,0,58,49,0,1,686,965,338,-1960,4,下位,0,686,56
176,176,0,90,75,1,0,0,0,0,1,0,下位,0,0,0
746,746,0,177,322,0,0,0,176,127,-156,2,下位,0,0,0
139,139,0,950,4870,1,0,0,0,0,1,0,下位,0,0,0
178,178,0,108,279,1,0,0,0,0,1,0,下位,0,0,0
966,966,0,200,367,0,0,0,178,331,45,3,下位,0,0,0
453,453,0,88,79,0,0,0,966,419,-1094,4,下位,0,0,0
383,383,0,906,4425,1,0,0,0,0,1,0,下位,0,0,0
80,80,0,832,3984,1,0,0,0,0,1,0,下位,0,0,0
223,223,0,96,136,1,0,0,0,0,1,0,下位,0,0,0
656,656,0,91,142,0,0,0,223,188,-171,1,下位,0,0,0
144,144,0,57,38,0,0,0,656,194,-1035,2,下位,0,0,0
278,278,0,142,216,1,0,0,0,0,1,0,下位,0,0,0
586,586,0,1451,7000,1,0,0,0,0,1,0,下位,0,0,0
126,126,0,202,271,0,0,0,586,7052,747,13,上位,0,0,0
277,277,0,916,4291,1,0,0,0,0,1,0,下位,0,0,0
166,166,0,150,214,0,0,0,277,4343,749,9,上位,0,0,0
65,65,0,52,65,1,0,0,0,0,1,0,下位,0,0,0
879,879,0,93,72,1,1,65,0,0,1,0,下位,0,65,117
171,171,0,123,109,1,0,0,0,0,1,0,下位,0,0,0
159,159,0,80,164,0,0,0,171,161,-114,2,下位,0,0,0
195,195,0,120,114,1,0,0,0,0,1,0,下位,0,0,0
797,797,0,118,98,0,0,0,195,166,-148,2,下位,0,0,0
211,211,0,41,3,1,0,0,0,0,1,0,下位,0,0,0
180,180,0,165,344,1,1,211,0,0,1,0,下位,0,211,55
856,856,0,155,265,0,0,0,391,396,-178,3,下位,0,0,0
85,85,0,71,97,1,0,0,0,0,1,0,下位,0,0,0
812,812,0,80,173,0,0,0,85,149,13,1,下位,0,0,0
171,171,0,52,65,1,0,0,0,0,1,0,下位,0,0,0
126,126,0,165,318,1,1,171,0,0,1,0,下位,0,171,117
18,18,0,94,216,1,0,0,0,0,1,0,下位,0,0,0
300,300,0,120,244,0,0,0,18,268,240,2,下位,0,0,0
864,864,0,90,77,0,0,0,300,296,52,2,下位,0,0,0
602,602,0,116,248,1,0,0,0,0,1,0,下位,0,0,0
281,281,0,42,7,0,0,0,602,300,-670,3,下位,0,0,0
966,966,0,88,73,0,1,281,602,300,-670,3,下位,0,281,59
462,462,0,155,98,0,0,0,1247,125,-2497,1,下位,0,0,0
647,647,0,83,96,0,0,0,462,150,-3092,3,下位,0,0,0
214,214,0,41,1,1,0,0,0,0,1,0,下位,0,0,0
785,785,0,112,201,1,1,214,0,0,1,0,下位,0,214,53
453,453,0,191,378,1,0,0,0,0,1,0,下位,0,0,0
217,217,0,73,14,1,0,0,0,0,1,0,下位,0,0,0
376,376,0,135,235,0,0,0,217,66,-283,1,下位,0,0,0
945,945,0,76,108,0,0,0,376,287,-602,3,下位,0,0,0
653,653,0,112,196,1,0,0,0,0,1,0,下位,0,0,0
706,706,0,71,92,0,0,0,653,248,-804,2,下位,0,0,0
451,451,0,41,1,1,0,0,0,0,1,0,下位,0,0,0
133,133,0,136,148,1,1,451,0,0,1,0,下位,0,451,53
250,250,0,90,81,0,0,0,584,200,-688,3,下位,0,0,0
540,540,0,958,4725,1,0,0,0,0,1,0,下位,0,0,0
657,657,0,1324,6447,1,0,0,0,0,1,0,下位,0,0,0
710,710,0,78,93,1,0,0,0,0,1,0,下位,0,0,0
271,271,0,119,157,0,0,0,710,145,-999,1,下位,0,0,0
374,374,0,84,92,0,0,0,271,209,-1227,4,下位,0,0,0
785,785,0,70,113,0,0,0,374,144,-1686,1,下位,0,0,0
589,589,0,146,217,0,0,0,785,165,-2787,1,下位,0,0,0
379,379,0,51,63,0,0,0,589,269,-3468,3,下位,0,0,0
951,951,0,79,28,0,1,379,589,269,-3468,3,下位,0,379,115
449,449,0,42,9,1,0,0,0,0,1,0,下位,0,0,0
967,967,0,42,7,1,1,449,0,0,1,0,下位,0,449,61
612,612,0,126,72,1,2,1416,0,0,1,0,下位,0,967,59
708,708,0,80,174,1,0,0,0,0,1,0,下位,0,0,0
27,27,0,193,281,1,0,0,0,0,1,0,下位,0,0,0
419,419,0,141,296,1,0,0,0,0,1,0,下位,0,0,0
96,96,0,830,4310,0,0,0,419,348,-327,3,下位,0,0,0
886,886,0,83,87,0,0,0,96,4249,756,5,上位,0,0,0
303,303,0,51,63,0,0,0,886,139,-534,1,下位,0,0,0
860,860,0,96,62,0,1,303,886,139,-534,1,下位,0,303,115
304,304,0,52,69,0,0,0,1163,114,-2181,2,下位,0,0,0
886,886,0,1154,5635,0,1,304,1163,114,-2181,2,下位,0,304,121
167,167,0,106,199,0,0,0,1190,5687,760,10,上位,0,0,0
488,488,0,42,7,0,0,0,167,251,742,2,下位,0,0,0
130,130,0,151,270,0,1,488,167,251,742,2,下位,0,488,59
328,328,0,83,89,0,0,0,618,322,126,4,下位,0,0,0
230,230,0,51,63,0,0,0,328,141,-262,1,下位,0,0,0
98,98,0,42,9,0,1,230,328,141,-262,1,下位,0,230,115
36,36,0,104,211,0,2,328,328,141,-262,1,下位,0,98,61
400,400,0,89,82,0,0,0,364,263,-410,2,下位,0,0,0
185,185,0,69,113,0,0,0,400,134,-921,1,下位,0,0,0
906,906,0,114,192,0,0,0,185,165,-1054,1,下位,0,0,0
83,83,0,79,162,0,0,0,906,244,-2271,3,下位,0,0,0
457,457,0,82,99,1,0,0,0,0,1,0,下位,0,0,0
808,808,0,140,208,0,0,0,457,151,-585,1,下位,0,0,0
169,169,0,102,136,0,0,0,808,260,-1628,3,下位,0,0,0
951,951,0,123,256,0,0,0,169,188,-1713,1,下位,0,0,0
115,115,0,117,83,0,0,0,951,308,-2939,3,下位,0,0,0
278,278,0,52,65,0,0,0,115,135,-2989,3,下位,0,0,0
966,966,0,106,129,0,1,278,115,135,-2989,3,下位,0,278,117
240,240,0,126,246,1,0,0,0,0,1,0,下位,0,0,0
415,415,0,72,104,0,0,0,240,298,-88,2,下位,0,0,0
366,366,0,42,5,0,0,0,415,156,-601,1,下位,0,0,0
401,401,0,77,182,0,1,366,415,156,-601,1,下位,0,366,57
338,338,0,130,176,0,0,0,767,234,-1547,1,下位,0,0,0
938,938,0,121,104,0,0,0,338,228,-1864,3,下位,0,0,0
245,245,0,42,9,0,0,0,938,156,-3221,2,下位,0,0,0
727,727,0,118,178,0,1,245,938,156,-3221,2,下位,0,245,61
408,408,0,42,7,0,0,0,972,230,-4498,2,下位,0,0,0
120,120,0,70,103,0,1,408,972,230,-4498,2,下位,0,408,59
46,46,0,842,3925,1,0,0,0,0,1,0,下位,0,0,0
217,217,0,41,3,0,0,0,46,3977,758,8,上位,0,0,0
939,939,0,91,232,0,1,217,46,3977,758,8,上位,0,217,55
216,216,0,40,-3,0,0,0,1156,284,-768,2,下位,0,0,0
667,667,0,120,181,0,1,216,1156,284,-768,2,下位,0,216,49
327,327,0,104,266,0,0,0,883,233,-1910,2,下位,0,0,0
459,459,0,90,83,0,0,0,327,318,-2119,2,下位,0,0,0
231,231,0,52,67,0,0,0,459,135,-2724,1,下位,0,0,0
141,141,0,114,114,0,1,231,459,135,-2724,1,下位,0,231,119
117,117,0,96,151,0,0,0,372,166,-3039,2,下位,0,0,0
675,675,0,96,145,0,0,0,117,203,-3025,1,下位,0,0,0
962,962,0,52,69,0,0,0,675,197,-3917,2,下位,0,0,0
239,239,0,52,68,0,1,962,675,197,-3917,2,下位,0,962,121
850,850,0,148,293,0,2,1201,675,197,-3917,2,下位,0,239,120
875,875,0,86,80,0,0,0,2051,345,-6639,4,下位,0,0,0
585,585,0,76,22,1,0,0,0,0,1,0,下位,0,0,0
320,320,0,77,100,0,0,0,585,74,-869,1,下位,0,0,0
316,316,0,1595,7817,0,0,0,320,152,-1233,1,下位,0,0,0
783,783,0,41,3,0,0,0,316,7869,763,13,上位,0,0,0
692,692,0,55,63,0,1,783,316,7869,763,13,上位,0,783,55
417,417,0,796,3866,0,0,0,1475,115,-1446,1,下位,0,0,0
219,219,0,42,11,0,0,0,417,3918,775,8,上位,0,0,0
178,178,0,52,58,0,1,219,417,3918,775,8,上位,0,219,63
969,969,0,86,80,0,0,0,397,110,308,1,下位,0,0,0
229,229,0,60,53,0,0,0,969,132,-1123,1,下位,0,0,0
709,709,0,92,161,0,0,0,229,105,-1387,1,下位,0,0,0
791,791,0,176,241,1,0,0,0,0,1,0,下位,0,0,0
197,197,0,41,0,0,0,0,791,293,-982,3,下位,0,0,0
140,140,0,1080,5238,0,1,197,791,293,-982,3,下位,0,197,52
141,141,0,51,62,0,0,0,337,5290,749,11,上位,0,0,0
265,265,0,128,173,0,1,141,337,5290,749,11,上位,0,141,114
209,209,0,153,336,0,0,0,406,225,434,3,下位,0,0,0
965,965,0,52,69,0,0,0,209,388,485,3,下位,0,0,0
807,807,0,200,327,0,1,965,209,388,485,3,下位,0,965,121
689,689,0,150,281,1,0,0,0,0,1,0,下位,0,0,0
57,57,0,1212,6225,0,0,0,689,333,-777,4,下位,0,0,0
233,233,0,116,174,0,0,0,57,6158,749,8,上位,0,0,0
198,198,0,78,177,0,0,0,233,226,599,2,下位,0,0,0
52,52,0,576,2673,0,0,0,198,229,509,1,下位,0,0,0
285,285,0,62,122,0,0,0,52,2725,775,5,上位,0,0,0
444,444,0,52,67,1,0,0,0,0,1,0,下位,0,0,0
96,96,0,1093,5325,1,1,444,0,0,1,0,下位,0,444,119
315,315,0,41,3,0,0,0,540,5377,757,9,上位,0,0,0
916,916,0,85,82,0,1,315,540,5377,757,9,上位,0,315,55
469,469,0,144,429,0,0,0,1231,134,-1039,1,下位,0,0,0
49,49,0,736,3839,0,0,0,469,481,-1314,4,下位,0,0,0
530,530,0,78,174,0,0,0,49,3090,751,4,上位,0,0,0
774,774,0,51,61,0,0,0,530,226,122,1,下位,0,0,0
162,162,0,110,194,0,1,774,530,226,122,1,下位,0,774,113
124,124,0,130,308,0,0,0,936,246,-1028,2,下位,0,0,0
973,973,0,41,1,0,0,0,124,360,-868,3,下位,0,0,0
905,905,0,1136,5574,0,1,973,124,360,-868,3,下位,0,973,53
340,340,0,148,278,1,0,0,0,0,1,0,下位,0,0,0
424,424,0,160,206,0,0,0,340,330,-217,3,下位,0,0,0
211,211,0,76,98,0,0,0,424,258,-643,3,下位,0,0,0
175,175,0,74,31,0,0,0,211,150,-833,1,下位,0,0,0
361,361,0,52,71,0,0,0,175,83,-1032,1,下位,0,0,0
63,63,0,60,63,0,1,361,175,83,-1032,1,下位,0,361,123
929,929,0,52,69,0,0,0,424,115,-1478,1,下位,0,0,0
448,448,0,39,-12,0,1,929,424,115,-1478,1,下位,0,929,121
969,969,0,52,69,0,2,1377,424,115,-1478,1,下位,0,448,40
574,574,0,42,11,0,3,2346,424,115,-1478,1,下位,0,969,121
210,210,0,919,4629,0,4,2920,424,115,-1478,1,下位,0,574,63
254,254,0,51,61,0,0,0,3130,4681,-1501,8,上位,0,0,0
285,285,0,42,5,0,1,254,3130,4681,-1501,8,上位,0,254,113
527,527,0,70,119,0,2,539,3130,4681,-1501,8,上位,0,285,57
589,589,0,172,337,1,0,0,0,0,1,0,下位,0,0,0
374,374,0,104,126,0,0,0,589,389,-560,4,下位,0,0,0
220,220,0,1120,5213,0,0,0,374,178,-985,2,下位,0,0,0
967,967,0,51,63,0,0,0,220,5265,763,11,上位,0,0,0
279,279,0,42,11,0,1,967,220,5265,763,11,上位,0,967,115
617,617,0,94,142,0,2,1246,220,5265,763,11,上位,0,279,63
331,331,0,65,37,0,0,0,1863,194,-1870,2,下位,0,0,0
130,130,0,80,21,1,0,0,0,0,1,0,下位,0,0,0
257,257,0,142,295,0,0,0,130,73,-136,1,下位,0,0,0
237,237,0,864,4423,0,0,0,257,347,-204,3,下位,0,0,0
354,354,0,52,69,0,0,0,237,4475,770,9,上位,0,0,0
291,291,0,42,7,0,1,354,237,4475,770,9,上位,0,354,121
497,497,0,80,91,0,2,645,237,4475,770,9,上位,0,291,59
238,238,0,128,166,0,0,0,1142,143,-749,1,下位,0,0,0
254,254,0,92,71,0,0,0,238,218,-915,3,下位,0,0,0
590,590,0,51,63,0,0,0,254,123,-1202,2,下位,0,0,0
545,545,0,42,5,0,1,590,254,123,-1202,2,下位,0,590,115
652,652,0,1018,4785,0,2,1135,254,123,-1202,2,下位,0,545,57
489,489,0,113,186,1,0,0,0,0,1,0,下位,0,0,0
91,91,0,42,5,0,0,0,489,238,-550,2,下位,0,0,0
167,167,0,42,11,0,1,91,489,238,-550,2,下位,0,91,57
429,429,0,108,118,0,2,258,489,238,-550,2,下位,0,167,63
688,688,0,1680,8625,0,0,0,687,170,-1368,2,下位,0,0,0
123,123,0,51,61,0,0,0,688,8677,755,14,上位,0,0,0
201,201,0,904,4294,0,1,123,688,8677,755,14,上位,0,123,113
283,283,0,84,93,0,0,0,324,4346,756,8,上位,0,0,0
809,809,0,88,151,0,0,0,283,145,445,1,下位,0,0,0
277,277,0,863,4277,0,0,0,809,203,-657,2,下位,0,0,0
202,202,0,74,107,0,0,0,277,4206,740,5,上位,0,0,0
842,842,0,52,65,1,0,0,0,0,1,0,下位,0,0,0
265,265,0,64,127,1,1,842,0,0,1,0,下位,0,842,117
543,543,0,52,67,0,0,0,1107,179,-1488,1,下位,0,0,0
296,296,0,141,305,0,1,543,1107,179,-1488,1,下位,0,543,119
219,219,0,172,242,0,0,0,839,357,-2365,3,下位,0,0,0
459,459,0,166,397,1,0,0,0,0,1,0,下位,0,0,0
967,967,0,1312,6523,0,0,0,459,449,-290,4,下位,0,0,0
130,130,0,66,110,1,0,0,0,0,1,0,下位,0,0,0
958,958,0,96,154,0,0,0,130,162,-47,1,下位,0,0,0
215,215,0,180,270,0,0,0,958,206,-1386,2,下位,0,0,0
56,56,0,42,9,1,0,0,0,0,1,0,下位,0,0,0
230,230,0,82,172,1,1,56,0,0,1,0,下位,0,56,61
131,131,0,42,9,0,0,0,286,224,-175,1,下位,0,0,0
233,233,0,62,118,0,1,131,286,224,-175,1,下位,0,131,61
969,969,0,61,53,0,0,0,364,170,-531,1,下位,0,0,0
184,184,0,51,61,0,0,0,969,105,-1989,1,下位,0,0,0
964,964,0,69,119,0,1,184,969,105,-1989,1,下位,0,184,113
646,646,0,123,169,1,0,0,0,0,1,0,下位,0,0,0
700,700,0,84,93,0,0,0,646,221,-820,2,下位,0,0,0
441,441,0,131,237,0,0,0,700,145,-1804,1,下位,0,0,0
661,661,0,140,289,1,0,0,0,0,1,0,下位,0,0,0
675,675,0,144,206,0,0,0,661,341,-724,3,下位,0,0,0
172,172,0,163,259,1,0,0,0,0,1,0,下位,0,0,0
260,260,0,119,105,0,0,0,172,311,35,3,下位,0,0,0
206,206,0,121,226,0,0,0,260,157,-227,2,下位,0,0,0
977,977,0,63,45,0,0,0,206,278,-281,2,下位,0,0,0
299,299,0,134,239,0,0,0,977,97,-1760,1,下位,0,0,0
677,677,0,42,11,0,0,0,299,291,-1951,3,下位,0,0,0
335,335,0,102,213,0,1,677,299,291,-1951,3,下位,0,677,63
964,964,0,95,145,0,0,0,1012,265,-3255,2,下位,0,0,0
99,99,0,94,156,1,0,0,0,0,1,0,下位,0,0,0
803,803,0,145,221,0,0,0,99,208,49,2,下位,0,0,0
225,225,0,184,379,0,0,0,803,273,-973,3,下位,0,0,0
208,208,0,82,98,0,0,0,225,431,-905,4,下位,0,0,0
969,969,0,167,240,0,0,0,208,150,-1090,1,下位,0,0,0
617,617,0,64,121,0,0,0,969,292,-2361,5,下位,0,0,0
515,515,0,80,21,0,0,0,617,173,-3183,1,下位,0,0,0
785,785,0,52,67,1,0,0,0,0,1,0,下位,0,0,0
190,190,0,100,138,1,1,785,0,0,1,0,下位,0,785,119
277,277,0,128,166,0,0,0,975,190,-1262,2,下位,0,0,0
203,203,0,60,31,1,0,0,0,0,1,0,下位,0,0,0
288,288,0,42,7,0,0,0,203,83,-243,1,下位,0,0,0
968,968,0,144,198,0,1,288,203,83,-243,1,下位,0,288,59
381,381,0,86,167,0,0,0,1256,250,-1960,3,下位,0,0,0
725,725,0,176,384,1,0,0,0,0,1,0,下位,0,0,0
188,188,0,72,21,0,0,0,725,436,-732,6,下位,0,0,0
123,123,0,1014,5022,0,0,0,188,73,-962,1,下位,0,0,0
156,156,0,150,335,1,0,0,0,0,1,0,下位,0,0,0
353,353,0,120,242,0,0,0,156,387,136,4,下位,0,0,0
93,93,0,71,106,0,0,0,353,294,-139,3,下位,0,0,0
142,142,0,86,77,0,0,0,93,158,-131,1,下位,0,0,0
157,157,0,109,277,0,0,0,142,129,-231,2,下位,0,0,0
95,95,0,42,9,0,0,0,157,329,-155,3,下位,0,0,0
627,627,0,70,111,0,1,95,157,329,-155,3,下位,0,95,61
137,137,0,52,69,0,0,0,722,163,-1095,1,下位,0,0,0
400,400,0,132,170,0,1,137,722,163,-1095,1,下位,0,137,121
64,64,0,66,51,1,0,0,0,0,1,0,下位,0,0,0
602,602,0,76,102,0,0,0,64,103,1,1,下位,0,0,0
78,78,0,59,61,1,0,0,0,0,1,0,下位,0,0,0
503,503,0,1393,6829,0,0,0,78,113,-12,1,下位,0,0,0
968,968,0,681,3253,0,0,0,503,6881,770,13,上位,0,0,0
150,150,0,106,199,0,0,0,968,3305,755,7,上位,0,0,0
697,697,0,64,115,1,0,0,0,0,1,0,下位,0,0,0
475,475,0,123,178,0,0,0,697,167,-956,1,下位,0,0,0
260,260,0,42,7,0,0,0,475,230,-1492,3,下位,0,0,0
142,142,0,118,153,0,1,260,475,230,-1492,3,下位,0,260,59
38,38,0,188,283,1,0,0,0,0,1,0,下位,0,0,0
965,965,0,42,7,0,0,0,38,335,275,5,下位,0,0,0
653,653,0,146,218,0,1,965,38,335,275,5,下位,0,965,59
966,966,0,42,9,0,0,0,1618,270,-2005,3,下位,0,0,0
665,665,0,119,260,0,1,966,1618,270,-2005,3,下位,0,966,61
26,26,0,76,184,1,0,0,0,0,1,0,下位,0,0,0
616,616,0,75,96,0,0,0,26,236,195,1,下位,0,0,0
313,313,0,80,95,0,0,0,616,148,-651,1,下位,0,0,0
531,531,0,51,63,1,0,0,0,0,1,0,下位,0,0,0
342,342,0,51,63,1,1,531,0,0,1,0,下位,0,531,115
199,199,0,158,260,1,2,873,0,0,1,0,下位,0,342,115
361,361,0,152,205,1,0,0,0,0,1,0,下位,0,0,0
945,945,0,52,65,0,0,0,361,257,-324,3,下位,0,0,0
863,863,0,85,90,0,1,945,361,257,-324,3,下位,0,945,117
143,143,0,42,7,0,0,0,1808,142,-2981,2,下位,0,0,0
967,967,0,162,175,0,1,143,1808,142,-2981,2,下位,0,143,59
179,179,0,52,67,0,0,0,1110,227,-4486,4,下位,0,0,0
964,964,0,69,115,0,1,179,1110,227,-4486,4,下位,0,179,119
610,610,0,118,180,1,0,0,0,0,1,0,下位,0,0,0
235,235,0,77,165,0,0,0,610,232,-751,2,下位,0,0,0
385,385,0,92,144,0,0,0,235,217,-913,1,下位,0,0,0
369,369,0,158,203,0,0,0,385,196,-1338,1,下位,0,0,0
941,941,0,42,5,0,0,0,369,255,-1678,3,下位,0,0,0
215,215,0,96,206,0,1,941,369,255,-1678,3,下位,0,941,57
112,112,0,1142,5679,0,0,0,1156,258,-3228,2,下位,0,0,0
240,240,0,132,232,1,0,0,0,0,1,0,下位,0,0,0
266,266,0,166,401,0,0,0,240,284,-102,3,下位,0,0,0
523,523,0,42,7,0,0,0,266,453,-78,4,下位,0,0,0
889,889,0,42,5,0,1,523,266,453,-78,4,下位,0,523,59
962,962,0,112,95,0,2,1412,266,453,-78,4,下位,0,889,57
973,973,0,66,107,1,0,0,0,0,1,0,下位,0,0,0
508,508,0,116,254,0,0,0,973,159,-1409,1,下位,0,0,0
573,573,0,52,55,0,0,0,508,306,-1922,3,下位,0,0,0
627,627,0,42,9,0,0,0,573,107,-2739,1,下位,0,0,0
85,85,0,62,124,0,1,627,573,107,-2739,1,下位,0,627,61
966,966,0,42,7,0,0,0,712,176,-3650,1,下位,0,0,0
964,964,0,42,5,0,1,966,712,176,-3650,1,下位,0,966,59
109,109,0,75,105,0,2,1930,712,176,-3650,1,下位,0,964,57
96,96,0,90,82,0,0,0,2039,157,-6666,1,下位,0,0,0
512,512,0,1399,6959,1,0,0,0,0,1,0,下位,0,0,0
245,245,0,52,65,0,0,0,512,7011,771,12,上位,0,0,0
244,244,0,51,63,0,1,245,512,7011,771,12,上位,0,245,117
807,807,0,133,214,0,2,489,512,7011,771,12,上位,0,244,115
212,212,0,42,11,1,0,0,0,0,1,0,下位,0,0,0
90,90,0,52,69,1,1,212,0,0,1,0,下位,0,212,63
818,818,0,82,90,1,2,302,0,0,1,0,下位,0,90,121
883,883,0,113,176,0,0,0,1120,142,-1479,1,下位,0,0,0
295,295,0,61,49,0,0,0,883,228,-2675,2,下位,0,0,0
328,328,0,150,346,0,0,0,295,101,-3050,1,下位,0,0,0
423,423,0,52,65,1,0,0,0,0,1,0,下位,0,0,0
971,971,0,1152,5975,1,1,423,0,0,1,0,下位,0,423,117
534,534,0,64,117,0,0,0,1394,6027,751,10,上位,0,0,0
765,765,0,80,163,1,0,0,0,0,1,0,下位,0,0,0
386,386,0,56,56,0,0,0,765,215,-1018,1,下位,0,0,0
377,377,0,51,61,0,0,0,386,108,-1533,1,下位,0,0,0
176,176,0,120,254,0,1,377,386,108,-1533,1,下位,0,377,113
609,609,0,118,179,1,0,0,0,0,1,0,下位,0,0,0
338,338,0,52,71,0,0,0,609,231,-750,2,下位,0,0,0
968,968,0,42,9,0,1,338,609,231,-750,2,下位,0,338,123
251,251,0,88,159,0,2,1306,609,231,-750,2,下位,0,968,61
824,824,0,1720,8773,0,0,0,1557,211,-2866,1,下位,0,0,0
811,811,0,177,312,1,0,0,0,0,1,0,下位,0,0,0
646,646,0,42,7,0,0,0,811,364,-943,4,下位,0,0,0
202,202,0,107,130,0,1,646,811,364,-943,4,下位,0,646,59
965,965,0,83,93,0,0,0,848,182,-2070,2,下位,0,0,0
361,361,0,130,157,0,0,0,965,145,-3481,1,下位,0,0,0
341,341,0,58,54,0,0,0,361,209,-3854,3,下位,0,0,0
92,92,0,52,68,0,0,0,341,106,-4298,1,下位,0,0,0
443,443,0,153,342,0,1,92,341,106,-4298,1,下位,0,92,120
967,967,0,85,155,0,0,0,535,394,-4647,4,下位,0,0,0
83,83,0,168,173,1,0,0,0,0,1,0,下位,0,0,0
963,963,0,181,364,0,0,0,83,225,92,4,下位,0,0,0
964,964,0,81,167,0,0,0,963,416,-1045,4,下位,0,0,0
88,88,0,108,130,0,0,0,964,219,-2381,2,下位,0,0,0
333,333,0,154,257,1,0,0,0,0,1,0,下位,0,0,0
383,383,0,52,65,0,0,0,333,309,-227,3,下位,0,0,0
909,909,0,42,5,0,1,383,333,309,-227,3,下位,0,383,117
175,175,0,126,238,0,2,1292,333,309,-227,3,下位,0,909,57
772,772,0,1271,6454,0,0,0,1467,290,-2129,3,下位,0,0,0
495,495,0,52,71,1,0,0,0,0,1,0,下位,0,0,0
265,265,0,52,69,1,1,495,0,0,1,0,下位,0,495,123
96,96,0,51,63,1,2,760,0,0,1,0,下位,0,265,121
933,933,0,1274,6348,1,3,856,0,0,1,0,下位,0,96,115
361,361,0,52,67,0,0,0,1789,6400,756,12,上位,0,0,0
54,54,0,166,250,0,1,361,1789,6400,756,12,上位,0,361,119
140,140,0,41,3,0,0,0,415,302,508,4,下位,0,0,0
411,411,0,140,144,0,1,140,415,302,508,4,下位,0,140,55
62,62,0,42,7,0,0,0,551,196,-130,2,下位,0,0,0
46,46,0,52,67,0,1,62,551,196,-130,2,下位,0,62,59
700,700,0,83,92,0,2,108,551,196,-130,2,下位,0,46,119
460,460,0,142,217,0,0,0,808,144,-1111,1,下位,0,0,0
771,771,0,87,146,1,0,0,0,0,1,0,下位,0,0,0
759,759,0,110,55,0,0,0,771,198,-1045,2,下位,0,0,0
755,755,0,51,61,0,0,0,759,107,-2162,2,下位,0,0,0
507,507,0,51,63,0,1,755,759,107,-2162,2,下位,0,755,113
899,899,0,128,96,0,2,1262,759,107,-2162,2,下位,0,507,115
125,125,0,51,63,0,0,0,2161,148,-5272,3,下位,0,0,0
969,969,0,42,5,0,1,125,2161,148,-5272,3,下位,0,125,115
326,326,0,184,276,0,2,1094,2161,148,-5272,3,下位,0,969,57
421,421,0,42,5,0,0,0,1420,328,-7063,4,下位,0,0,0
960,960,0,92,145,0,1,421,1420,328,-7063,4,下位,0,421,57
199,199,0,63,50,1,0,0,0,0,1,0,下位,0,0,0
37,37,0,51,61,0,0,0,199,102,-218,1,下位,0,0,0
481,481,0,170,254,0,1,37,199,102,-218,1,下位,0,37,113
747,747,0,102,200,0,0,0,518,306,-635,3,下位,0,0,0
691,691,0,217,333,1,0,0,0,0,1,0,下位,0,0,0
245,245,0,74,105,0,0,0,691,385,-729,4,下位,0,0,0
395,395,0,120,264,0,0,0,245,157,-967,1,下位,0,0,0
134,134,0,124,225,1,0,0,0,0,1,0,下位,0,0,0
139,139,0,74,88,0,0,0,134,277,62,3,下位,0,0,0
250,250,0,81,85,0,0,0,139,140,-22,1,下位,0,0,0
81,81,0,835,4251,0,0,0,250,137,-288,2,下位,0,0,0
494,494,0,76,98,0,0,0,81,4303,753,7,上位,0,0,0
695,695,0,98,75,1,0,0,0,0,1,0,下位,0,0,0
147,147,0,84,98,1,0,0,0,0,1,0,下位,0,0,0
270,270,0,82,90,0,0,0,147,150,-86,1,下位,0,0,0
231,231,0,122,244,0,0,0,270,142,-379,1,下位,0,0,0
674,674,0,122,107,0,0,0,231,296,-456,3,下位,0,0,0
965,965,0,95,152,0,0,0,674,159,-1384,2,下位,0,0,0
390,390,0,138,374,0,0,0,965,204,-2736,2,下位,0,0,0
564,564,0,96,218,0,0,0,390,426,-2939,4,下位,0,0,0
314,314,0,86,50,0,0,0,564,270,-3579,2,下位,0,0,0
276,276,0,226,303,0,0,0,314,102,-3983,1,下位,0,0,0
401,401,0,128,233,0,0,0,276,355,-4073,6,下位,0,0,0
31,31,0,52,67,1,0,0,0,0,1,0,下位,0,0,0
698,698,0,134,146,1,1,31,0,0,1,0,下位,0,31,119
392,392,0,1195,6123,0,0,0,729,198,-858,2,下位,0,0,0
223,223,0,52,69,0,0,0,392,6175,753,11,上位,0,0,0
732,732,0,60,55,0,1,223,392,6175,753,11,上位,0,223,121
403,403,0,82,100,1,0,0,0,0,1,0,下位,0,0,0
967,967,0,68,122,0,0,0,403,152,-497,1,下位,0,0,0
264,264,0,159,280,1,0,0,0,0,1,0,下位,0,0,0
706,706,0,89,79,1,0,0,0,0,1,0,下位,0,0,0
397,397,0,1132,5545,0,0,0,706,131,-1007,2,下位,0,0,0
255,255,0,70,111,1,0,0,0,0,1,0,下位,0,0,0
504,504,0,79,95,0,0,0,255,163,-247,1,下位,0,0,0
304,304,0,100,195,0,0,0,504,147,-913,1,下位,0,0,0
235,235,0,103,203,0,0,0,304,247,-1156,2,下位,0,0,0
727,727,0,52,69,0,0,0,235,255,-1280,2,下位,0,0,0
93,93,0,1470,7869,0,1,727,235,255,-1280,2,下位,0,727,121
68,68,0,41,1,0,0,0,820,7921,755,11,上位,0,0,0
251,251,0,41,3,0,1,68,820,7921,755,11,上位,0,68,53
246,246,0,89,79,0,2,319,820,7921,755,11,上位,0,251,55
78,78,0,52,65,0,0,0,565,131,82,1,下位,0,0,0
275,275,0,73,106,0,1,78,565,131,82,1,下位,0,78,117
111,111,0,42,5,1,0,0,0,0,1,0,下位,0,0,0
286,286,0,96,137,1,1,111,0,0,1,0,下位,0,111,57
873,873,0,91,125,0,0,0,397,189,-393,2,下位,0,0,0
427,427,0,117,172,0,0,0,873,177,-1624,1,下位,0,0,0
922,922,0,90,236,1,0,0,0,0,1,0,下位,0,0,0
233,233,0,1109,5428,0,0,0,922,288,-1198,2,下位,0,0,0
40,40,0,77,89,1,0,0,0,0,1,0,下位,0,0,0
970,970,0,52,69,0,0,0,40,141,77,1,下位,0,0,0
180,180,0,1154,5568,0,1,970,40,141,77,1,下位,0,970,121
24,24,0,146,216,1,0,0,0,0,1,0,下位,0,0,0
882,882,0,206,349,0,0,0,24,268,230,3,下位,0,0,0
180,180,0,74,107,0,0,0,882,401,-792,5,下位,0,0,0
649,649,0,158,268,0,0,0,180,159,-923,1,下位,0,0,0
70,70,0,920,4827,0,0,0,649,320,-1650,3,下位,0,0,0
321,321,0,188,371,0,0,0,70,4762,749,6,上位,0,0,0
388,388,0,42,5,1,0,0,0,0,1,0,下位,0,0,0
891,891,0,70,111,1,1,388,0,0,1,0,下位,0,388,57
275,275,0,70,35,0,0,0,1279,163,-1842,1,下位,0,0,0
96,96,0,1360,6927,0,0,0,275,87,-2199,1,下位,0,0,0
739,739,0,170,292,1,0,0,0,0,1,0,下位,0,0,0
798,798,0,140,225,1,0,0,0,0,1,0,下位,0,0,0
884,884,0,95,142,0,0,0,798,277,-1009,3,下位,0,0,0
559,559,0,42,9,0,0,0,884,194,-2241,2,下位,0,0,0
94,94,0,56,52,0,1,559,884,194,-2241,2,下位,0,559,61
972,972,0,1487,7718,0,0,0,653,104,-3130,1,下位,0,0,0
251,251,0,101,131,0,0,0,972,7770,744,12,上位,0,0,0
967,967,0,52,65,0,0,0,251,183,522,1,下位,0,0,0
207,207,0,128,91,0,1,967,251,183,522,1,下位,0,967,117
134,134,0,136,376,1,0,0,0,0,1,0,下位,0,0,0
85,85,0,160,252,1,0,0,0,0,1,0,下位,0,0,0
688,688,0,76,168,0,0,0,85,304,168,4,下位,0,0,0
962,962,0,84,228,0,0,0,688,220,-722,1,下位,0,0,0
221,221,0,96,141,0,0,0,962,280,-1994,2,下位,0,0,0
962,962,0,77,106,0,0,0,221,193,-2157,2,下位,0,0,0
482,482,0,76,176,0,0,0,962,158,-3551,1,下位,0,0,0
510,510,0,88,76,1,0,0,0,0,1,0,下位,0,0,0
219,219,0,1018,4874,0,0,0,510,128,-694,1,下位,0,0,0
192,192,0,52,67,0,0,0,219,4926,752,10,上位,0,0,0
67,67,0,88,142,0,1,192,219,4926,752,10,上位,0,192,119
745,745,0,68,50,0,0,0,259,194,647,2,下位,0,0,0
693,693,0,68,111,1,0,0,0,0,1,0,下位,0,0,0
151,151,0,134,227,0,0,0,693,163,-954,1,下位,0,0,0
293,293,0,83,78,1,0,0,0,0,1,0,下位,0,0,0
208,208,0,97,129,0,0,0,293,130,-342,1,下位,0,0,0
161,161,0,103,131,0,0,0,208,181,-496,2,下位,0,0,0
196,196,0,178,218,0,0,0,161,183,-573,2,下位,0,0,0
302,302,0,923,4333,1,0,0,0,0,1,0,下位,0,0,0
81,81,0,51,61,0,0,0,302,4385,758,10,上位,0,0,0
267,267,0,51,61,0,1,81,302,4385,758,10,上位,0,81,113
320,320,0,172,335,0,2,348,302,4385,758,10,上位,0,267,113
604,604,0,150,274,0,0,0,668,387,293,4,下位,0,0,0
790,790,0,99,204,0,0,0,604,326,-355,3,下位,0,0,0
634,634,0,1166,5603,1,0,0,0,0,1,0,下位,0,0,0
867,867,0,72,18,1,0,0,0,0,1,0,下位,0,0,0
379,379,0,122,107,0,0,0,867,70,-1327,1,下位,0,0,0
539,539,0,124,109,1,0,0,0,0,1,0,下位,0,0,0
608,608,0,126,93,0,0,0,539,161,-707,2,下位,0,0,0
217,217,0,55,61,1,0,0,0,0,1,0,下位,0,0,0
751,751,0,126,162,0,0,0,217,113,-236,1,下位,0,0,0
969,969,0,140,301,0,0,0,751,214,-1233,4,下位,0,0,0
230,230,0,113,197,0,0,0,969,353,-2443,4,下位,0,0,0
268,268,0,92,144,0,0,0,230,249,-2565,2,下位,0,0,0
901,901,0,62,47,0,0,0,268,196,-2801,1,下位,0,0,0
974,974,0,100,141,0,0,0,901,99,-4155,1,下位,0,0,0
664,664,0,102,214,1,0,0,0,0,1,0,下位,0,0,0
370,370,0,42,9,1,0,0,0,0,1,0,下位,0,0,0
266,266,0,66,114,1,1,370,0,0,1,0,下位,0,370,61
670,670,0,51,61,0,0,0,636,166,-798,1,下位,0,0,0
455,455,0,42,5,0,1,670,636,166,-798,1,下位,0,670,113
340,340,0,1312,6790,0,2,1125,636,166,-798,1,下位,0,455,57
732,732,0,111,195,1,0,0,0,0,1,0,下位,0,0,0
717,717,0,51,61,0,0,0,732,247,-933,3,下位,0,0,0
605,605,0,88,82,0,1,717,732,247,-933,3,下位,0,717,113
138,138,0,52,71,1,0,0,0,0,1,0,下位,0,0,0
412,412,0,141,282,1,1,138,0,0,1,0,下位,0,138,123
502,502,0,93,72,0,0,0,550,334,-430,3,下位,0,0,0
285,285,0,87,89,0,0,0,502,124,-1116,1,下位,0,0,0
355,355,0,51,61,0,0,0,285,141,-1435,2,下位,0,0,0
966,966,0,51,61,0,1,355,285,141,-1435,2,下位,0,355,113
374,374,0,126,317,0,2,1321,285,141,-1435,2,下位,0,966,113
969,969,0,101,56,0,0,0,1695,369,-3574,3,下位,0,0,0
550,550,0,70,111,0,0,0,969,108,-5029,2,下位,0,0,0
176,176,0,42,9,1,0,0,0,0,1,0,下位,0,0,0
304,304,0,73,34,1,1,176,0,0,1,0,下位,0,176,61
915,915,0,109,178,0,0,0,480,86,-626,1,下位,0,0,0
153,153,0,136,232,0,0,0,915,230,-1872,2,下位,0,0,0
434,434,0,68,120,0,0,0,153,284,-1835,2,下位,0,0,0
178,178,0,42,9,0,0,0,434,172,-2363,1,下位,0,0,0
268,268,0,51,61,0,1,178,434,172,-2363,1,下位,0,178,61
284,284,0,49,48,0,2,446,434,172,-2363,1,下位,0,268,113
140,140,0,74,114,0,3,730,434,172,-2363,1,下位,0,284,100
64,64,0,111,344,1,0,0,0,0,1,0,下位,0,0,0
374,374,0,176,223,0,0,0,64,396,294,3,下位,0,0,0
439,439,0,108,264,0,0,0,374,275,-34,4,下位,0,0,0
449,449,0,98,291,0,0,0,439,316,-426,2,下位,0,0,0
239,239,0,72,40,0,0,0,449,343,-807,2,下位,0,0,0
500,500,0,51,63,0,0,0,239,92,-1100,1,下位,0,0,0
353,353,0,1214,6290,0,1,500,239,92,-1100,1,下位,0,500,115
141,141,0,52,67,0,0,0,853,6342,758,10,上位,0,0,0
222,222,0,42,5,0,1,141,853,6342,758,10,上位,0,141,119
181,181,0,206,337,0,2,363,853,6342,758,10,上位,0,222,57
160,160,0,148,275,0,0,0,544,389,446,5,下位,0,0,0
969,969,0,51,61,0,0,0,160,327,515,4,下位,0,0,0
864,864,0,98,138,0,1,969,160,327,515,4,下位,0,969,113
347,347,0,99,131,0,0,0,1833,190,-2139,1,下位,0,0,0
553,553,0,65,47,1,0,0,0,0,1,0,下位,0,0,0
177,177,0,85,89,0,0,0,553,99,-792,1,下位,0,0,0
170,170,0,114,187,0,0,0,177,141,-936,1,下位,0,0,0
446,446,0,42,7,0,0,0,170,239,-971,3,下位,0,0,0
407,407,0,96,156,0,1,446,170,239,-971,3,下位,0,446,59
933,933,0,52,67,0,0,0,853,208,-2079,2,下位,0,0,0
865,865,0,144,276,0,1,933,853,208,-2079,2,下位,0,933,119
292,292,0,90,155,0,0,0,1798,328,-4532,4,下位,0,0,0
575,575,0,86,90,0,0,0,292,207,-4796,1,下位,0,0,0
693,693,0,93,66,0,0,0,575,142,-5581,2,下位,0,0,0
619,619,0,52,69,0,0,0,693,118,-6581,1,下位,0,0,0
321,321,0,189,372,0,1,619,693,118,-6581,1,下位,0,619,121
157,157,0,51,60,0,0,0,940,424,-7552,6,下位,0,0,0
255,255,0,174,334,0,1,157,940,424,-7552,6,下位,0,157,112
242,242,0,42,11,0,0,0,412,386,-7718,4,下位,0,0,0
964,964,0,146,217,0,1,242,412,386,-7718,4,下位,0,242,63
623,623,0,167,334,1,0,0,0,0,1,0,下位,0,0,0
790,790,0,146,213,0,0,0,623,386,-618,5,下位,0,0,0
918,918,0,152,276,0,0,0,790,265,-1627,3,下位,0,0,0
964,964,0,103,128,0,0,0,918,328,-2780,3,下位,0,0,0
964,964,0,69,111,0,0,0,964,180,-4155,1,下位,0,0,0
962,962,0,122,383,0,0,0,964,163,-5547,1,下位,0,0,0
962,962,0,114,263,0,0,0,962,435,-6664,3,下位,0,0,0
213,213,0,168,395,0,0,0,962,315,-7901,3,下位,0,0,0
974,974,0,41,3,0,0,0,213,447,-7798,4,下位,0,0,0
84,84,0,96,146,0,1,974,213,447,-7798,4,下位,0,974,55
797,797,0,112,193,1,0,0,0,0,1,0,下位,0,0,0
609,609,0,147,198,0,0,0,797,245,-1039,2,下位,0,0,0
934,934,0,1763,9177,0,0,0,609,250,-1771,3,下位,0,0,0
873,873,0,66,41,0,0,0,934,9229,771,15,上位,0,0,0
412,412,0,70,111,1,0,0,0,0,1,0,下位,0,0,0
240,240,0,134,246,0,0,0,412,163,-501,1,下位,0,0,0
221,221,0,124,89,0,0,0,240,298,-590,3,下位,0,0,0
936,936,0,88,82,0,0,0,221,141,-805,2,下位,0,0,0
651,651,0,75,101,0,0,0,936,134,-2181,1,下位,0,0,0
240,240,0,51,63,0,0,0,651,153,-3078,1,下位,0,0,0
480,480,0,76,100,0,1,240,651,153,-3078,1,下位,0,240,115
804,804,0,42,9,0,0,0,720,152,-3972,1,下位,0,0,0
238,238,0,1768,9353,0,1,804,720,152,-3972,1,下位,0,804,61
628,628,0,185,296,0,0,0,1042,9405,757,14,上位,0,0,0
263,263,0,841,4307,1,0,0,0,0,1,0,下位,0,0,0
961,961,0,198,352,0,0,0,263,4359,765,8,上位,0,0,0
520,520,0,42,5,0,0,0,961,404,-381,4,下位,0,0,0
964,964,0,42,9,0,1,520,961,404,-381,4,下位,0,520,57
137,137,0,106,278,0,2,1484,961,404,-381,4,下位,0,964,61
337,337,0,94,78,0,0,0,1621,330,-2548,2,下位,0,0,0
964,964,0,58,51,0,0,0,337,130,-2962,1,下位,0,0,0
342,342,0,138,305,1,0,0,0,0,1,0,下位,0,0,0
603,603,0,98,140,0,0,0,342,357,-194,4,下位,0,0,0
238,238,0,161,236,0,0,0,603,192,-975,2,下位,0,0,0
267,267,0,98,70,0,0,0,238,288,-1071,3,下位,0,0,0
894,894,0,127,322,0,0,0,267,122,-1380,2,下位,0,0,0
279,279,0,174,391,0,0,0,894,374,-2448,3,下位,0,0,0
258,258,0,116,256,0,0,0,279,443,-2455,5,下位,0,0,0
212,212,0,1150,5987,0,0,0,258,308,-2563,3,下位,0,0,0
260,260,0,842,4267,1,0,0,0,0,1,0,下位,0,0,0
260,260,0,52,68,0,0,0,260,4319,753,8,上位,0,0,0
703,703,0,41,3,0,1,260,260,4319,753,8,上位,0,260,120
184,184,0,142,146,0,2,963,260,4319,753,8,上位,0,703,55
229,229,0,42,9,0,0,0,1147,198,-724,3,下位,0,0,0
963,963,0,42,5,0,1,229,1147,198,-724,3,下位,0,229,61
272,272,0,91,233,0,2,1192,1147,198,-724,3,下位,0,963,57
966,966,0,124,253,0,0,0,1464,285,-2682,2,下位,0,0,0
197,197,0,92,86,1,0,0,0,0,1,0,下位,0,0,0
210,210,0,145,216,0,0,0,197,138,-179,1,下位,0,0,0
296,296,0,945,4591,0,0,0,210,268,-250,2,下位,0,0,0
962,962,0,66,40,0,0,0,296,4643,749,11,上位,0,0,0
691,691,0,52,67,0,0,0,962,92,-711,1,下位,0,0,0
124,124,0,52,67,0,1,691,962,92,-711,1,下位,0,691,119
724,724,0,86,83,0,2,815,962,92,-711,1,下位,0,124,119
227,227,0,170,400,0,0,0,1539,135,-2821,2,下位,0,0,0
917,917,0,78,173,0,0,0,227,452,-2735,5,下位,0,0,0
247,247,0,132,165,0,0,0,917,225,-3989,1,下位,0,0,0
689,689,0,1026,4973,1,0,0,0,0,1,0,下位,0,0,0
786,786,0,41,1,0,0,0,689,5025,763,10,上位,0,0,0
95,95,0,52,67,0,1,786,689,5025,763,10,上位,0,786,53
127,127,0,42,11,0,2,881,689,5025,763,10,上位,0,95,119
770,770,0,104,130,0,3,1008,689,5025,763,10,上位,0,127,63
813,813,0,116,255,1,0,0,0,0,1,0,下位,0,0,0
968,968,0,1241,6450,0,0,0,813,307,-1003,4,下位,0,0,0
969,969,0,42,9,0,0,0,968,6502,748,11,上位,0,0,0
503,503,0,42,9,0,1,969,968,6502,748,11,上位,0,969,61
336,336,0,42,7,0,2,1472,968,6502,748,11,上位,0,503,61
222,222,0,120,185,0,3,1808,968,6502,748,11,上位,0,336,59
713,713,0,51,63,0,0,0,2030,237,-2108,3,下位,0,0,0
875,875,0,76,80,0,1,713,2030,237,-2108,3,下位,0,713,115
240,240,0,41,1,0,0,0,1588,132,-4422,2,下位,0,0,0
122,122,0,95,136,0,1,240,1588,132,-4422,2,下位,0,240,53
290,290,0,94,72,0,0,0,362,188,-4765,2,下位,0,0,0
209,209,0,154,280,0,0,0,290,124,-5109,1,下位,0,0,0
389,389,0,125,166,0,0,0,209,332,-5114,4,下位,0,0,0
465,465,0,98,139,1,0,0,0,0,1,0,下位,0,0,0
113,113,0,178,389,0,0,0,465,191,-558,3,下位,0,0,0
305,305,0,76,174,0,0,0,113,441,-299,4,下位,0,0,0
165,165,0,83,91,0,0,0,305,226,-565,1,下位,0,0,0
945,945,0,209,324,0,0,0,165,143,-688,1,下位,0,0,0
436,436,0,136,228,0,0,0,945,376,-1836,5,下位,0,0,0
933,933,0,72,36,0,0,0,436,280,-2259,3,下位,0,0,0
966,966,0,1070,5232,0,0,0,933,88,-3676,1,下位,0,0,0
344,344,0,1272,6580,1,0,0,0,0,1,0,下位,0,0,0
122,122,0,88,210,0,0,0,344,6632,752,11,上位,0,0,0
794,794,0,42,9,0,0,0,122,262,817,2,下位,0,0,0
900,900,0,116,266,0,1,794,122,262,817,2,下位,0,794,61
270,270,0,70,111,0,0,0,1694,318,-1537,3,下位,0,0,0
48,48,0,42,9,1,0,0,0,0,1,0,下位,0,0,0
105,105,0,89,79,1,1,48,0,0,1,0,下位,0,48,61
532,532,0,117,100,0,0,0,153,131,-53,1,下位,0,0,0
75,75,0,186,300,1,0,0,0,0,1,0,下位,0,0,0
172,172,0,108,265,0,0,0,75,352,232,5,下位,0,0,0
696,696,0,70,105,0,0,0,172,317,272,2,下位,0,0,0
355,355,0,50,54,0,0,0,696,157,-694,1,下位,0,0,0
421,421,0,83,237,0,1,355,696,157,-694,1,下位,0,355,106
155,155,0,887,4044,1,0,0,0,0,1,0,下位,0,0,0
787,787,0,182,205,1,0,0,0,0,1,0,下位,0,0,0
68,68,0,51,63,0,0,0,787,257,-1011,4,下位,0,0,0
423,423,0,54,69,0,1,68,787,257,-1011,4,下位,0,68,115
282,282,0,100,139,0,0,0,491,121,-1567,1,下位,0,0,0
964,964,0,108,199,0,0,0,282,191,-1831,1,下位,0,0,0
128,128,0,51,61,1,0,0,0,0,1,0,下位,0,0,0
268,268,0,156,199,1,1,128,0,0,1,0,下位,0,128,113
403,403,0,170,211,0,0,0,396,251,-273,3,下位,0,0,0
964,964,0,42,11,0,0,0,403,263,-660,3,下位,0,0,0
73,73,0,60,49,0,1,964,403,263,-660,3,下位,0,964,63
183,183,0,42,5,1,0,0,0,0,1,0,下位,0,0,0
438,438,0,123,168,1,1,183,0,0,1,0,下位,0,183,57
541,541,0,119,249,0,0,0,621,220,-723,3,下位,0,0,0
456,456,0,52,67,1,0,0,0,0,1,0,下位,0,0,0
338,338,0,68,114,1,1,456,0,0,1,0,下位,0,456,119
455,455,0,60,51,0,0,0,794,166,-994,1,下位,0,0,0
257,257,0,76,170,1,0,0,0,0,1,0,下位,0,0,0
269,269,0,82,85,0,0,0,257,222,-192,1,下位,0,0,0
410,410,0,79,19,0,0,0,269,137,-489,1,下位,0,0,0
374,374,0,120,186,0,0,0,410,71,-1079,1,下位,0,0,0
279,279,0,102,128,0,0,0,374,238,-1444,3,下位,0,0,0
119,119,0,161,318,0,0,0,279,180,-1714,1,下位,0,0,0
151,151,0,84,46,0,0,0,119,370,-1536,4,下位,0,0,0
345,345,0,74,37,0,0,0,151,98,-1682,1,下位,0,0,0
974,974,0,104,126,0,0,0,345,89,-2149,1,下位,0,0,0
144,144,0,142,299,1,0,0,0,0,1,0,下位,0,0,0
966,966,0,173,396,0,0,0,144,351,120,3,下位,0,0,0
182,182,0,74,83,0,0,0,966,448,-990,5,下位,0,0,0
434,434,0,78,87,1,0,0,0,0,1,0,下位,0,0,0
942,942,0,81,82,1,0,0,0,0,1,0,下位,0,0,0
53,53,0,52,65,0,0,0,942,134,-1384,1,下位,0,0,0
737,737,0,119,179,0,1,53,942,134,-1384,1,下位,0,53,117
675,675,0,56,42,0,0,0,790,231,-2310,2,下位,0,0,0
200,200,0,113,192,0,0,0,675,94,-3305,1,下位,0,0,0
424,424,0,107,181,1,0,0,0,0,1,0,下位,0,0,0
38,38,0,65,97,0,0,0,424,233,-450,2,下位,0,0,0
246,246,0,108,128,0,0,0,38,149,-362,1,下位,0,0,0
49,49,0,88,133,0,0,0,246,180,-579,2,下位,0,0,0
323,323,0,88,73,0,0,0,49,185,-473,1,下位,0,0,0
526,526,0,119,156,0,0,0,323,125,-869,1,下位,0,0,0
239,239,0,125,232,1,0,0,0,0,1,0,下位,0,0,0
631,631,0,88,115,0,0,0,239,284,-100,3,下位,0,0,0
548,548,0,71,110,0,0,0,631,167,-951,1,下位,0,0,0
84,84,0,42,11,0,0,0,548,162,-1673,1,下位,0,0,0
78,78,0,60,107,0,1,84,548,162,-1673,1,下位,0,84,63
966,966,0,68,94,0,0,0,162,159,-1712,1,下位,0,0,0
83,83,0,126,220,1,0,0,0,0,1,0,下位,0,0,0
869,869,0,89,137,1,0,0,0,0,1,0,下位,0,0,0
85,85,0,60,55,0,0,0,869,189,-1212,1,下位,0,0,0
44,44,0,51,64,0,0,0,85,107,-1242,1,下位,0,0,0
232,232,0,86,85,0,1,44,85,107,-1242,1,下位,0,44,116
950,950,0,175,221,0,0,0,276,137,-1434,1,下位,0,0,0
65,65,0,122,149,1,0,0,0,0,1,0,下位,0,0,0
745,745,0,1032,4891,0,0,0,65,201,97,3,下位,0,0,0
338,338,0,52,70,0,0,0,745,4943,749,10,上位,0,0,0
175,175,0,63,45,0,1,338,745,4943,749,10,上位,0,338,122
264,264,0,106,127,0,0,0,513,97,141,1,下位,0,0,0
612,612,0,152,306,0,0,0,264,179,-106,3,下位,0,0,0
217,217,0,59,55,0,0,0,612,358,-735,4,下位,0,0,0
183,183,0,51,62,0,0,0,217,107,-978,1,下位,0,0,0
204,204,0,149,194,0,1,183,217,107,-978,1,下位,0,183,114
965,965,0,41,1,0,0,0,387,246,-1242,3,下位,0,0,0
219,219,0,113,238,0,1,965,387,246,-1242,3,下位,0,965,53
572,572,0,94,132,1,0,0,0,0,1,0,下位,0,0,0
963,963,0,142,124,0,0,0,572,184,-738,2,下位,0,0,0
743,743,0,144,320,1,0,0,0,0,1,0,下位,0,0,0
966,966,0,1220,6187,0,0,0,743,372,-825,4,下位,0,0,0
875,875,0,67,95,1,0,0,0,0,1,0,下位,0,0,0
771,771,0,111,270,0,0,0,875,147,-1263,1,下位,0,0,0
662,662,0,101,129,0,0,0,771,322,-2185,4,下位,0,0,0
516,516,0,49,50,0,0,0,662,181,-3072,2,下位,0,0,0
953,953,0,52,66,0,1,516,662,181,-3072,2,下位,0,516,102
684,684,0,42,7,0,2,1469,662,181,-3072,2,下位,0,953,118
713,713,0,80,91,0,3,2153,662,181,-3072,2,下位,0,684,59
815,815,0,122,102,1,0,0,0,0,1,0,下位,0,0,0
185,185,0,829,4117,1,0,0,0,0,1,0,下位,0,0,0
325,325,0,70,166,0,0,0,185,4169,764,8,上位,0,0,0
169,169,0,41,3,0,0,0,325,218,458,1,下位,0,0,0
962,962,0,92,145,0,1,169,325,218,458,1,下位,0,169,55
252,252,0,111,175,0,0,0,1131,197,-1115,2,下位,0,0,0
395,395,0,92,63,1,0,0,0,0,1,0,下位,0,0,0
965,965,0,154,243,0,0,0,395,115,-521,1,下位,0,0,0
299,299,0,88,155,1,0,0,0,0,1,0,下位,0,0,0
974,974,0,103,65,0,0,0,299,207,-274,2,下位,0,0,0
397,397,0,52,65,0,0,0,974,117,-1728,2,下位,0,0,0
259,259,0,173,313,0,1,397,974,117,-1728,2,下位,0,397,117
402,402,0,158,196,0,0,0,656,365,-2304,3,下位,0,0,0
139,139,0,121,172,0,0,0,402,248,-2704,3,下位,0,0,0
836,836,0,82,97,1,0,0,0,0,1,0,下位,0,0,0
966,966,0,71,35,0,0,0,836,149,-1198,1,下位,0,0,0
964,964,0,110,204,0,0,0,966,87,-2669,1,下位,0,0,0
565,565,0,89,84,1,0,0,0,0,1,0,下位,0,0,0
151,151,0,135,377,0,0,0,565,136,-774,2,下位,0,0,0
758,758,0,180,303,0,0,0,151,429,-589,5,下位,0,0,0
509,509,0,42,5,0,0,0,758,355,-1457,4,下位,0,0,0
965,965,0,42,9,0,1,509,758,355,-1457,4,下位,0,509,57
312,312,0,54,39,0,2,1474,758,355,-1457,4,下位,0,965,61
195,195,0,134,232,0,0,0,1786,91,-4128,1,下位,0,0,0
335,335,0,42,9,0,0,0,195,284,-4159,3,下位,0,0,0
734,734,0,104,124,0,1,335,195,284,-4159,3,下位,0,335,61
975,975,0,51,63,0,0,0,1069,176,-5646,2,下位,0,0,0
445,445,0,42,9,0,1,975,1069,176,-5646,2,下位,0,975,115
428,428,0,164,410,0,2,1420,1069,176,-5646,2,下位,0,445,61
150,150,0,84,87,1,0,0,0,0,1,0,下位,0,0,0
401,401,0,116,164,0,0,0,150,139,-102,2,下位,0,0,0
649,649,0,126,96,0,0,0,401,216,-533,3,下位,0,0,0
86,86,0,41,1,0,0,0,649,148,-1432,2,下位,0,0,0
774,774,0,60,53,0,1,86,649,148,-1432,2,下位,0,86,53
236,236,0,70,115,0,0,0,860,105,-2661,1,下位,0,0,0
773,773,0,120,252,1,0,0,0,0,1,0,下位,0,0,0
259,259,0,147,277,1,0,0,0,0,1,0,下位,0,0,0
735,735,0,123,160,1,0,0,0,0,1,0,下位,0,0,0
845,845,0,126,303,1,0,0,0,0,1,0,下位,0,0,0
755,755,0,76,105,0,0,0,845,355,-1007,4,下位,0,0,0
603,603,0,118,191,1,0,0,0,0,1,0,下位,0,0,0
221,221,0,100,146,1,0,0,0,0,1,0,下位,0,0,0
154,154,0,121,256,1,0,0,0,0,1,0,下位,0,0,0
183,183,0,172,312,0,0,0,154,308,61,3,下位,0,0,0
233,233,0,42,10,0,0,0,183,364,130,3,下位,0,0,0
258,258,0,51,62,0,1,233,183,364,130,3,下位,0,233,62
973,973,0,210,312,0,2,491,183,364,130,3,下位,0,258,114
190,190,0,52,69,1,0,0,0,0,1,0,下位,0,0,0
325,325,0,118,191,1,1,190,0,0,1,0,下位,0,190,121
786,786,0,208,242,0,0,0,515,243,-465,2,下位,0,0,0
94,94,0,86,84,1,0,0,0,0,1,0,下位,0,0,0
105,105,0,87,82,1,0,0,0,0,1,0,下位,0,0,0
832,832,0,106,195,0,0,0,105,134,-34,1,下位,0,0,0
141,141,0,227,319,0,0,0,832,247,-1129,2,下位,0,0,0
304,304,0,126,246,1,0,0,0,0,1,0,下位,0,0,0
244,244,0,80,21,0,0,0,304,298,-191,3,下位,0,0,0
885,885,0,41,1,0,0,0,244,73,-512,1,下位,0,0,0
240,240,0,110,114,0,1,885,244,73,-512,1,下位,0,885,53
404,404,0,51,61,0,0,0,1125,166,-2107,2,下位,0,0,0
307,307,0,135,297,0,1,404,1125,166,-2107,2,下位,0,404,113
89,89,0,52,71,0,0,0,711,349,-2792,3,下位,0,0,0
203,203,0,42,5,0,1,89,711,349,-2792,3,下位,0,89,123
56,56,0,52,71,0,2,292,711,349,-2792,3,下位,0,203,57
325,325,0,176,389,0,3,348,711,349,-2792,3,下位,0,56,123
481,481,0,72,40,1,0,0,0,0,1,0,下位,0,0,0
981,981,0,89,155,0,0,0,481,92,-683,1,下位,0,0,0
210,210,0,41,3,0,0,0,981,207,-2058,1,下位,0,0,0
199,199,0,75,174,0,1,210,981,207,-2058,1,下位,0,210,55
169,169,0,111,190,0,0,0,409,226,-2437,1,下位,0,0,0
289,289,0,80,96,0,0,0,169,242,-2468,3,下位,0,0,0
45,45,0,102,133,1,0,0,0,0,1,0,下位,0,0,0
608,608,0,102,117,1,0,0,0,0,1,0,下位,0,0,0
203,203,0,132,294,0,0,0,608,169,-811,2,下位,0,0,0
312,312,0,138,275,0,0,0,203,346,-792,3,下位,0,0,0
191,191,0,41,3,0,0,0,312,327,-968,4,下位,0,0,0
217,217,0,154,257,0,1,191,312,327,-968,4,下位,0,191,55
388,388,0,133,166,0,0,0,408,309,-1262,3,下位,0,0,0
118,118,0,64,49,0,0,0,388,218,-1670,3,下位,0,0,0
25,25,0,102,200,1,0,0,0,0,1,0,下位,0,0,0
779,779,0,188,295,1,0,0,0,0,1,0,下位,0,0,0
187,187,0,105,126,1,0,0,0,0,1,0,下位,0,0,0
967,967,0,124,228,0,0,0,187,178,-123,2,下位,0,0,0
508,508,0,93,212,1,0,0,0,0,1,0,下位,0,0,0
964,964,0,68,109,0,0,0,508,264,-554,2,下位,0,0,0
307,307,0,42,9,0,0,0,964,161,-1948,1,下位,0,0,0
807,807,0,176,262,0,1,307,964,161,-1948,1,下位,0,307,61
98,98,0,134,167,1,0,0,0,0,1,0,下位,0,0,0
197,197,0,52,71,0,0,0,98,219,62,2,下位,0,0,0
144,144,0,1316,6477,0,1,197,98,219,62,2,下位,0,197,123
732,732,0,68,122,1,0,0,0,0,1,0,下位,0,0,0
386,386,0,143,228,0,0,0,732,174,-1006,1,下位,0,0,0
965,965,0,151,204,0,0,0,386,280,-1349,2,下位,0,0,0
120,120,0,42,7,1,0,0,0,0,1,0,下位,0,0,0
240,240,0,154,208,1,1,120,0,0,1,0,下位,0,120,59
387,387,0,66,112,0,0,0,360,260,-261,3,下位,0,0,0
60,60,0,96,147,0,0,0,387,164,-721,1,下位,0,0,0
144,144,0,76,96,1,0,0,0,0,1,0,下位,0,0,0
385,385,0,133,146,1,0,0,0,0,1,0,下位,0,0,0
755,755,0,136,226,1,0,0,0,0,1,0,下位,0,0,0
435,435,0,52,67,1,0,0,0,0,1,0,下位,0,0,0
828,828,0,160,270,1,1,435,0,0,1,0,下位,0,435,119
377,377,0,65,112,1,0,0,0,0,1,0,下位,0,0,0
92,92,0,856,4411,0,0,0,377,164,-443,1,下位,0,0,0
570,570,0,93,155,1,0,0,0,0,1,0,下位,0,0,0
236,236,0,155,319,0,0,0,570,207,-711,2,下位,0,0,0
281,281,0,77,173,0,0,0,236,371,-721,4,下位,0,0,0
761,761,0,120,310,0,0,0,281,225,-949,1,下位,0,0,0
88,88,0,41,3,1,0,0,0,0,1,0,下位,0,0,0
127,127,0,152,285,1,1,88,0,0,1,0,下位,0,88,55
514,514,0,899,4632,0,0,0,215,337,46,4,下位,0,0,0
908,908,0,51,63,0,0,0,514,4684,772,9,上位,0,0,0
178,178,0,52,69,0,1,908,514,4684,772,9,上位,0,908,115
759,759,0,110,188,0,2,1086,514,4684,772,9,上位,0,178,121
559,559,0,138,295,1,0,0,0,0,1,0,下位,0,0,0
84,84,0,857,4562,0,0,0,559,347,-554,3,下位,0,0,0
653,653,0,168,346,1,0,0,0,0,1,0,下位,0,0,0
116,116,0,80,23,1,0,0,0,0,1,0,下位,0,0,0
544,544,0,71,106,0,0,0,116,75,-111,1,下位,0,0,0
943,943,0,102,205,1,0,0,0,0,1,0,下位,0,0,0
748,748,0,71,34,1,0,0,0,0,1,0,下位,0,0,0
118,118,0,138,75,0,0,0,748,86,-1119,1,下位,0,0,0
589,589,0,97,143,0,0,0,118,127,-1182,3,下位,0,0,0
187,187,0,148,127,0,0,0,589,195,-1937,2,下位,0,0,0
216,216,0,128,207,0,0,0,187,179,-2060,3,下位,0,0,0
345,345,0,87,151,0,0,0,216,259,-2149,4,下位,0,0,0
55,55,0,104,110,1,0,0,0,0,1,0,下位,0,0,0
963,963,0,176,237,0,0,0,55,162,74,2,下位,0,0,0
189,189,0,88,80,1,0,0,0,0,1,0,下位,0,0,0
403,403,0,72,26,1,0,0,0,0,1,0,下位,0,0,0
246,246,0,42,7,0,0,0,403,78,-571,1,下位,0,0,0
227,227,0,42,5,0,1,246,403,78,-571,1,下位,0,246,59
96,96,0,51,61,0,2,473,403,78,-571,1,下位,0,227,57
432,432,0,101,134,0,3,569,403,78,-571,1,下位,0,96,113
253,253,0,41,1,0,0,0,1001,186,-1771,1,下位,0,0,0
205,205,0,1478,8011,0,1,253,1001,186,-1771,1,下位,0,253,53
37,37,0,122,105,1,0,0,0,0,1,0,下位,0,0,0
542,542,0,1330,6937,0,0,0,37,157,98,2,下位,0,0,0
180,180,0,120,106,1,0,0,0,0,1,0,下位,0,0,0
392,392,0,85,159,0,0,0,180,158,-131,2,下位,0,0,0
824,824,0,78,167,0,0,0,392,211,-552,2,下位,0,0,0
700,700,0,90,222,0,0,0,824,219,-1662,2,下位,0,0,0
428,428,0,83,85,1,0,0,0,0,1,0,下位,0,0,0
653,653,0,169,181,1,0,0,0,0,1,0,下位,0,0,0
72,72,0,42,7,1,0,0,0,0,1,0,下位,0,0,0
738,738,0,52,65,1,1,72,0,0,1,0,下位,0,72,59
969,969,0,72,97,1,2,810,0,0,1,0,下位,0,738,117
905,905,0,60,47,0,0,0,1779,149,-2543,1,下位,0,0,0
416,416,0,111,109,1,0,0,0,0,1,0,下位,0,0,0
11,11,0,106,199,1,0,0,0,0,1,0,下位,0,0,0
609,609,0,73,177,0,0,0,11,251,234,2,下位,0,0,0
876,876,0,72,32,1,0,0,0,0,1,0,下位,0,0,0
567,567,0,71,32,0,0,0,876,84,-1328,1,下位,0,0,0
172,172,0,74,33,0,0,0,567,84,-2159,1,下位,0,0,0
167,167,0,76,105,0,0,0,172,85,-2351,1,下位,0,0,0
187,187,0,41,3,0,0,0,167,157,-2463,1,下位,0,0,0
238,238,0,42,7,0,1,187,167,157,-2463,1,下位,0,187,55
782,782,0,1354,6501,0,2,425,167,157,-2463,1,下位,0,238,59
138,138,0,42,5,0,0,0,1207,6553,751,12,上位,0,0,0
337,337,0,80,97,0,1,138,1207,6553,751,12,上位,0,138,57
294,294,0,41,3,1,0,0,0,0,1,0,下位,0,0,0
342,342,0,1381,7138,1,1,294,0,0,1,0,下位,0,294,55
967,967,0,42,11,0,0,0,636,7190,765,13,上位,0,0,0
214,214,0,76,95,0,1,967,636,7190,765,13,上位,0,967,63
236,236,0,68,111,0,0,0,1181,147,-930,1,下位,0,0,0
56,56,0,120,245,0,0,0,236,163,-1148,1,下位,0,0,0
184,184,0,86,91,1,0,0,0,0,1,0,下位,0,0,0
434,434,0,1112,5486,0,0,0,184,143,-153,1,下位,0,0,0
968,968,0,76,101,0,0,0,434,5538,766,10,上位,0,0,0
250,250,0,42,7,0,0,0,968,153,-642,1,下位,0,0,0
157,157,0,217,314,0,1,250,968,153,-642,1,下位,0,250,59
283,283,0,83,79,0,0,0,407,366,-873,5,下位,0,0,0
227,227,0,42,5,0,0,0,283,131,-1198,1,下位,0,0,0
972,972,0,142,135,0,1,227,283,131,-1198,1,下位,0,227,57
135,135,0,80,91,1,0,0,0,0,1,0,下位,0,0,0
495,495,0,113,249,0,0,0,135,143,-74,1,下位,0,0,0
339,339,0,83,85,0,0,0,495,301,-571,2,下位,0,0,0
963,963,0,100,121,0,0,0,339,137,-981,1,下位,0,0,0
11,11,0,74,137,1,0,0,0,0,1,0,下位,0,0,0
709,709,0,52,67,0,0,0,11,189,172,1,下位,0,0,0
964,964,0,143,213,0,1,709,11,189,172,1,下位,0,709,119
594,594,0,77,17,1,0,0,0,0,1,0,下位,0,0,0
330,330,0,51,61,0,0,0,594,69,-888,1,下位,0,0,0
582,582,0,130,244,0,1,330,594,69,-888,1,下位,0,330,113
182,182,0,112,118,1,0,0,0,0,1,0,下位,0,0,0
975,975,0,82,164,0,0,0,182,170,-123,3,下位,0,0,0
495,495,0,112,199,0,0,0,975,216,-1480,1,下位,0,0,0
95,95,0,114,268,1,0,0,0,0,1,0,下位,0,0,0
44,44,0,42,9,1,0,0,0,0,1,0,下位,0,0,0
870,870,0,72,17,1,1,44,0,0,1,0,下位,0,44,61
845,845,0,188,220,0,0,0,914,69,-1343,1,下位,0,0,0
500,500,0,137,241,1,0,0,0,0,1,0,下位,0,0,0
975,975,0,42,7,0,0,0,500,293,-512,3,下位,0,0,0
775,775,0,52,71,0,1,975,500,293,-512,3,下位,0,975,59
841,841,0,42,11,0,2,1750,500,293,-512,3,下位,0,775,123
240,240,0,90,230,0,3,2591,500,293,-512,3,下位,0,841,63
319,319,0,51,63,0,0,0,2831,282,-4551,2,下位,0,0,0
498,498,0,92,213,0,1,319,2831,282,-4551,2,下位,0,319,115
83,83,0,70,43,0,0,0,817,265,-5489,2,下位,0,0,0
835,835,0,118,196,1,0,0,0,0,1,0,下位,0,0,0
468,468,0,142,218,1,0,0,0,0,1,0,下位,0,0,0
73,73,0,84,93,0,0,0,468,270,-484,3,下位,0,0,0
16,16,0,123,247,1,0,0,0,0,1,0,下位,0,0,0
330,330,0,73,36,0,0,0,16,299,274,2,下位,0,0,0
933,933,0,96,75,0,0,0,330,88,-170,1,下位,0,0,0
398,398,0,82,97,1,0,0,0,0,1,0,下位,0,0,0
124,124,0,70,42,0,0,0,398,149,-492,1,下位,0,0,0
215,215,0,102,147,0,0,0,124,94,-598,1,下位,0,0,0
966,966,0,180,236,0,0,0,215,199,-746,1,下位,0,0,0
845,845,0,116,254,1,0,0,0,0,1,0,下位,0,0,0
167,167,0,1156,5878,0,0,0,845,306,-1056,3,下位,0,0,0
662,662,0,126,181,1,0,0,0,0,1,0,下位,0,0,0
162,162,0,52,67,0,0,0,662,233,-834,2,下位,0,0,0
290,290,0,74,91,0,1,162,662,233,-834,2,下位,0,162,119
735,735,0,69,39,0,0,0,452,143,-1301,1,下位,0,0,0
782,782,0,118,183,1,0,0,0,0,1,0,下位,0,0,0
672,672,0,119,103,0,0,0,782,235,-1025,2,下位,0,0,0
33,33,0,96,153,1,0,0,0,0,1,0,下位,0,0,0
531,531,0,124,244,0,0,0,33,205,153,1,下位,0,0,0
874,874,0,2305,11678,0,0,0,531,296,-407,2,下位,0,0,0
110,110,0,96,131,1,0,0,0,0,1,0,下位,0,0,0
253,253,0,42,9,0,0,0,110,183,7,2,下位,0,0,0
967,967,0,57,48,0,1,253,110,183,7,2,下位,0,253,61
976,976,0,182,367,1,0,0,0,0,1,0,下位,0,0,0
117,117,0,135,211,0,0,0,976,419,-1154,4,下位,0,0,0
90,90,0,162,256,1,0,0,0,0,1,0,下位,0,0,0
596,596,0,142,137,0,0,0,90,308,164,6,下位,0,0,0
699,699,0,58,60,1,0,0,0,0,1,0,下位,0,0,0
94,94,0,108,194,0,0,0,699,112,-1014,1,下位,0,0,0
963,963,0,1652,8536,0,0,0,94,246,-920,2,下位,0,0,0
83,83,0,129,229,0,0,0,963,8588,766,13,上位,0,0,0
171,171,0,124,173,1,0,0,0,0,1,0,下位,0,0,0
512,512,0,58,47,0,0,0,171,225,-50,3,下位,0,0,0
521,521,0,133,235,0,0,0,512,99,-777,1,下位,0,0,0
72,72,0,59,54,1,0,0,0,0,1,0,下位,0,0,0
288,288,0,51,61,0,0,0,72,106,-9,1,下位,0,0,0
375,375,0,86,82,0,1,288,72,106,-9,1,下位,0,288,113
379,379,0,42,9,0,0,0,663,134,-832,1,下位,0,0,0
784,784,0,100,61,0,1,379,663,134,-832,1,下位,0,379,61
42,42,0,66,114,1,0,0,0,0,1,0,下位,0,0,0
964,964,0,142,288,0,0,0,42,166,99,1,下位,0,0,0
502,502,0,98,130,0,0,0,964,340,-1116,3,下位,0,0,0
797,797,0,166,400,0,0,0,502,182,-1744,2,下位,0,0,0
48,48,0,1176,6536,0,0,0,797,452,-2577,5,下位,0,0,0
183,183,0,118,108,0,0,0,48,5391,759,7,上位,0,0,0
970,970,0,157,339,0,0,0,183,160,624,3,下位,0,0,0
665,665,0,108,198,1,0,0,0,0,1,0,下位,0,0,0
111,111,0,95,214,1,0,0,0,0,1,0,下位,0,0,0
38,38,0,52,65,0,0,0,111,266,88,2,下位,0,0,0
318,318,0,112,268,0,1,38,111,266,88,2,下位,0,38,117
208,208,0,90,163,0,0,0,356,320,-49,3,下位,0,0,0
717,717,0,106,255,0,0,0,208,215,-169,1,下位,0,0,0
846,846,0,111,122,0,0,0,717,307,-1018,3,下位,0,0,0
645,645,0,80,97,1,0,0,0,0,1,0,下位,0,0,0
370,370,0,74,111,0,0,0,645,149,-890,1,下位,0,0,0
258,258,0,41,3,0,0,0,370,163,-1324,1,下位,0,0,0
842,842,0,101,206,0,1,258,370,163,-1324,1,下位,0,258,55
197,197,0,122,176,0,0,0,1100,258,-2785,3,下位,0,0,0
417,417,0,108,37,1,0,0,0,0,1,0,下位,0,0,0
239,239,0,167,375,0,0,0,417,89,-583,2,下位,0,0,0
238,238,0,997,4832,0,0,0,239,427,-541,4,下位,0,0,0
182,182,0,42,7,0,0,0,238,4884,774,10,上位,0,0,0
52,52,0,52,67,0,1,182,238,4884,774,10,上位,0,182,59
195,195,0,42,11,0,2,234,238,4884,774,10,上位,0,52,119
872,872,0,152,204,0,3,429,238,4884,774,10,上位,0,195,63
188,188,0,79,169,1,0,0,0,0,1,0,下位,0,0,0
95,95,0,71,171,0,0,0,188,221,-81,1,下位,0,0,0
445,445,0,132,297,0,0,0,95,223,-11,1,下位,0,0,0
359,359,0,119,176,1,0,0,0,0,1,0,下位,0,0,0
353,353,0,126,167,0,0,0,359,228,-350,2,下位,0,0,0
460,460,0,66,47,1,0,0,0,0,1,0,下位,0,0,0
699,699,0,154,244,0,0,0,460,99,-642,1,下位,0,0,0
396,396,0,51,63,1,0,0,0,0,1,0,下位,0,0,0
330,330,0,130,164,1,1,396,0,0,1,0,下位,0,396,115
309,309,0,148,211,0,0,0,726,216,-839,4,下位,0,0,0
815,815,0,1251,6289,0,0,0,309,263,-1074,3,下位,0,0,0
294,294,0,42,6,1,0,0,0,0,1,0,下位,0,0,0
201,201,0,42,5,1,1,294,0,0,1,0,下位,0,294,58
126,126,0,144,288,1,2,495,0,0,1,0,下位,0,201,57
803,803,0,1040,5149,1,0,0,0,0,1,0,下位,0,0,0
72,72,0,42,7,1,0,0,0,0,1,0,下位,0,0,0
192,192,0,42,11,1,1,72,0,0,1,0,下位,0,72,59
965,965,0,66,108,1,2,264,0,0,1,0,下位,0,192,63
441,441,0,42,7,0,0,0,1229,160,-1699,1,下位,0,0,0
537,537,0,156,327,0,1,441,1229,160,-1699,1,下位,0,441,59
491,491,0,110,206,1,0,0,0,0,1,0,下位,0,0,0
676,676,0,1043,4945,1,0,0,0,0,1,0,下位,0,0,0
380,380,0,71,108,1,0,0,0,0,1,0,下位,0,0,0
967,967,0,106,124,0,0,0,380,160,-452,1,下位,0,0,0
234,234,0,60,55,0,0,0,967,176,-1836,2,下位,0,0,0
806,806,0,128,235,0,0,0,234,107,-2106,1,下位,0,0,0
197,197,0,78,32,0,0,0,806,287,-3119,3,下位,0,0,0
395,395,0,51,63,0,0,0,197,84,-3353,1,下位,0,0,0
367,367,0,51,61,0,1,395,197,84,-3353,1,下位,0,395,115
911,911,0,42,7,0,2,762,197,84,-3353,1,下位,0,367,113
80,80,0,41,3,0,3,1673,197,84,-3353,1,下位,0,911,59
49,49,0,41,3,0,4,1753,197,84,-3353,1,下位,0,80,55
460,460,0,96,63,0,5,1802,197,84,-3353,1,下位,0,49,55
232,232,0,89,80,0,0,0,2262,115,-6489,2,下位,0,0,0
652,652,0,98,140,1,0,0,0,0,1,0,下位,0,0,0
543,543,0,175,324,1,0,0,0,0,1,0,下位,0,0,0
882,882,0,116,184,0,0,0,543,376,-499,4,下位,0,0,0
98,98,0,1384,7045,1,0,0,0,0,1,0,下位,0,0,0
967,967,0,113,252,0,0,0,98,7097,768,12,上位,0,0,0
966,966,0,112,255,0,0,0,967,304,-488,2,下位,0,0,0
977,977,0,74,103,1,0,0,0,0,1,0,下位,0,0,0
133,133,0,68,105,0,0,0,977,155,-1420,1,下位,0,0,0
199,199,0,1450,7137,0,0,0,133,157,-1478,1,下位,0,0,0
916,916,0,88,160,0,0,0,199,7189,747,13,上位,0,0,0
309,309,0,69,117,1,0,0,0,0,1,0,下位,0,0,0
899,899,0,86,82,0,0,0,309,169,-328,1,下位,0,0,0
657,657,0,160,181,1,0,0,0,0,1,0,下位,0,0,0
313,313,0,74,183,0,0,0,657,233,-826,3,下位,0,0,0
194,194,0,52,69,0,0,0,313,235,-1096,1,下位,0,0,0
866,866,0,76,23,0,1,194,313,235,-1096,1,下位,0,194,121
172,172,0,52,67,0,0,0,1060,75,-2610,1,下位,0,0,0
182,182,0,110,113,0,1,172,1060,75,-2610,1,下位,0,172,119
580,580,0,63,97,1,0,0,0,0,1,0,下位,0,0,0
628,628,0,1252,6419,0,0,0,580,149,-785,1,下位,0,0,0
83,83,0,70,113,1,0,0,0,0,1,0,下位,0,0,0
971,971,0,161,234,0,0,0,83,165,32,1,下位,0,0,0
156,156,0,82,85,0,0,0,971,286,-1248,4,下位,0,0,0
493,493,0,1372,6955,1,0,0,0,0,1,0,下位,0,0,0
811,811,0,162,189,0,0,0,493,7007,753,11,上位,0,0,0
825,825,0,190,299,1,0,0,0,0,1,0,下位,0,0,0
711,711,0,52,69,0,0,0,825,351,-979,4,下位,0,0,0
125,125,0,42,11,0,1,711,825,351,-979,4,下位,0,711,121
186,186,0,110,197,0,2,836,825,351,-979,4,下位,0,125,63
678,678,0,146,291,1,0,0,0,0,1,0,下位,0,0,0
82,82,0,104,129,1,0,0,0,0,1,0,下位,0,0,0
673,673,0,106,133,0,0,0,82,181,50,3,下位,0,0,0
981,981,0,40,-5,0,0,0,673,185,-850,3,下位,0,0,0
170,170,0,1233,6393,0,1,981,673,185,-850,3,下位,0,981,47
453,453,0,77,166,0,0,0,1151,6445,756,11,上位,0,0,0
162,162,0,75,138,0,0,0,453,218,243,1,下位,0,0,0
247,247,0,598,2610,0,0,0,162,190,172,1,下位,0,0,0
102,102,0,62,116,0,0,0,247,2662,730,7,上位,0,0,0
539,539,0,120,182,0,0,0,102,168,733,1,下位,0,0,0
976,976,0,51,63,0,0,0,539,234,98,3,下位,0,0,0
333,333,0,104,170,0,1,976,539,234,98,3,下位,0,976,115
348,348,0,65,37,1,0,0,0,0,1,0,下位,0,0,0
94,94,0,90,86,0,0,0,348,89,-471,1,下位,0,0,0
628,628,0,68,38,1,0,0,0,0,1,0,下位,0,0,0
889,889,0,189,359,0,0,0,628,90,-922,1,下位,0,0,0
342,342,0,182,379,1,0,0,0,0,1,0,下位,0,0,0
975,975,0,196,351,0,0,0,342,431,-120,6,下位,0,0,0
890,890,0,70,167,0,0,0,975,403,-1290,5,下位,0,0,0
951,951,0,103,217,0,0,0,890,219,-2506,1,下位,0,0,0
967,967,0,152,216,0,0,0,951,269,-3771,2,下位,0,0,0
138,138,0,82,170,1,0,0,0,0,1,0,下位,0,0,0
223,223,0,51,61,0,0,0,138,222,1,1,下位,0,0,0
68,68,0,41,1,0,1,223,138,222,1,1,下位,0,223,113
621,621,0,146,351,0,2,291,138,222,1,1,下位,0,68,53
268,268,0,123,239,0,0,0,912,403,-902,4,下位,0,0,0
174,174,0,63,50,0,0,0,268,291,-1043,2,下位,0,0,0
558,558,0,167,253,1,0,0,0,0,1,0,下位,0,0,0
969,969,0,94,132,0,0,0,558,305,-594,3,下位,0,0,0
242,242,0,139,286,0,0,0,969,184,-1973,2,下位,0,0,0
776,776,0,153,276,0,0,0,242,338,-2025,4,下位,0,0,0
33,33,0,119,233,1,0,0,0,0,1,0,下位,0,0,0
263,263,0,131,158,0,0,0,33,285,233,3,下位,0,0,0
259,259,0,52,67,0,0,0,263,210,19,2,下位,0,0,0
241,241,0,904,4533,0,1,259,263,210,19,2,下位,0,259,119
803,803,0,77,153,1,0,0,0,0,1,0,下位,0,0,0
456,456,0,131,242,0,0,0,803,205,-1089,2,下位,0,0,0
941,941,0,73,98,0,0,0,456,294,-1530,2,下位,0,0,0
289,289,0,108,200,0,0,0,941,150,-2898,2,下位,0,0,0
279,279,0,52,67,0,0,0,289,252,-3112,2,下位,0,0,0
724,724,0,42,9,0,1,279,289,252,-3112,2,下位,0,279,119
253,253,0,69,117,0,2,1003,289,252,-3112,2,下位,0,724,61
855,855,0,158,211,1,0,0,0,0,1,0,下位,0,0,0
583,583,0,70,113,0,0,0,855,263,-1115,3,下位,0,0,0
236,236,0,138,223,0,0,0,583,165,-1890,1,下位,0,0,0
270,270,0,137,299,0,0,0,236,275,-1996,2,下位,0,0,0
833,833,0,84,74,1,0,0,0,0,1,0,下位,0,0,0
74,74,0,52,71,0,0,0,833,126,-1217,2,下位,0,0,0
140,140,0,51,63,0,1,74,833,126,-1217,2,下位,0,74,123
770,770,0,186,372,0,2,214,833,126,-1217,2,下位,0,140,115
53,53,0,1645,8867,0,0,0,984,424,-2142,4,下位,0,0,0
50,50,0,83,87,0,0,0,53,7695,763,10,上位,0,0,0
792,792,0,114,333,1,0,0,0,0,1,0,下位,0,0,0
577,577,0,912,4303,0,0,0,792,385,-891,3,下位,0,0,0
149,149,0,63,54,1,0,0,0,0,1,0,下位,0,0,0
382,382,0,52,69,0,0,0,149,106,-133,1,下位,0,0,0
213,213,0,71,173,0,1,382,149,106,-133,1,下位,0,382,121
529,529,0,106,126,0,0,0,595,225,-747,1,下位,0,0,0
157,157,0,94,151,1,0,0,0,0,1,0,下位,0,0,0
595,595,0,66,95,0,0,0,157,203,-49,1,下位,0,0,0
449,449,0,51,63,1,0,0,0,0,1,0,下位,0,0,0
93,93,0,52,71,1,1,449,0,0,1,0,下位,0,449,115
199,199,0,116,187,1,2,542,0,0,1,0,下位,0,93,123
190,190,0,52,69,0,0,0,741,239,-717,2,下位,0,0,0
893,893,0,124,176,0,1,190,741,239,-717,2,下位,0,190,121
871,871,0,79,177,1,0,0,0,0,1,0,下位,0,0,0
549,549,0,125,251,0,0,0,871,229,-1175,1,下位,0,0,0
52,52,0,78,98,1,0,0,0,0,1,0,下位,0,0,0
93,93,0,69,115,0,0,0,52,150,67,1,下位,0,0,0
244,244,0,104,276,0,0,0,93,167,84,1,下位,0,0,0
818,818,0,85,159,0,0,0,244,328,18,2,下位,0,0,0
903,903,0,119,109,0,0,0,818,211,-1090,2,下位,0,0,0
490,490,0,88,228,0,0,0,903,161,-2385,3,下位,0,0,0
190,190,0,166,249,1,0,0,0,0,1,0,下位,0,0,0
923,923,0,134,232,0,0,0,190,301,-4,4,下位,0,0,0
869,869,0,151,204,1,0,0,0,0,1,0,下位,0,0,0
215,215,0,92,229,0,0,0,869,256,-1145,4,下位,0,0,0
222,222,0,51,63,0,0,0,215,281,-1211,2,下位,0,0,0
270,270,0,51,61,0,1,222,215,281,-1211,2,下位,0,222,115
330,330,0,42,7,0,2,492,215,281,-1211,2,下位,0,270,113
91,91,0,87,149,0,3,822,215,281,-1211,2,下位,0,330,59
357,357,0,1138,5824,1,0,0,0,0,1,0,下位,0,0,0
194,194,0,78,95,1,0,0,0,0,1,0,下位,0,0,0
173,173,0,928,4260,0,0,0,194,147,-165,2,下位,0,0,0
516,516,0,102,137,0,0,0,173,4312,753,11,上位,0,0,0
308,308,0,83,85,0,0,0,516,189,110,2,下位,0,0,0
905,905,0,1162,5594,0,0,0,308,137,-250,1,下位,0,0,0
976,976,0,51,61,0,0,0,905,5646,749,10,上位,0,0,0
521,521,0,42,11,0,1,976,905,5646,749,10,上位,0,976,113
314,314,0,164,338,0,2,1497,905,5646,749,10,上位,0,521,63
165,165,0,815,4093,1,0,0,0,0,1,0,下位,0,0,0
523,523,0,184,277,0,0,0,165,4082,761,5,上位,0,0,0
500,500,0,131,228,1,0,0,0,0,1,0,下位,0,0,0
56,56,0,52,67,0,0,0,500,280,-525,3,下位,0,0,0
811,811,0,90,138,0,1,56,500,280,-525,3,下位,0,56,119
43,43,0,120,111,1,0,0,0,0,1,0,下位,0,0,0
963,963,0,111,126,0,0,0,43,163,95,2,下位,0,0,0
966,966,0,70,35,0,0,0,963,178,-1280,2,下位,0,0,0
965,965,0,85,162,0,0,0,966,87,-2751,1,下位,0,0,0
134,134,0,66,124,1,0,0,0,0,1,0,下位,0,0,0
903,903,0,74,96,0,0,0,134,176,-39,1,下位,0,0,0
258,258,0,188,347,0,0,0,903,148,-1347,2,下位,0,0,0
109,109,0,232,238,0,0,0,258,399,-1364,4,下位,0,0,0
343,343,0,42,5,0,0,0,109,290,-1250,5,下位,0,0,0
910,910,0,52,67,0,1,343,109,290,-1250,5,下位,0,343,57
573,573,0,2073,10783,0,2,1253,109,290,-1250,5,下位,0,910,119
258,258,0,153,206,1,0,0,0,0,1,0,下位,0,0,0
478,478,0,74,35,1,0,0,0,0,1,0,下位,0,0,0
233,233,0,177,372,0,0,0,478,87,-683,1,下位,0,0,0
95,95,0,1290,6937,0,0,0,233,424,-635,4,下位,0,0,0
272,272,0,67,110,0,0,0,95,6136,764,8,上位,0,0,0
703,703,0,130,215,1,0,0,0,0,1,0,下位,0,0,0
443,443,0,84,167,0,0,0,703,267,-866,3,下位,0,0,0
508,508,0,138,216,0,0,0,443,219,-1362,1,下位,0,0,0
499,499,0,42,9,0,0,0,508,268,-1913,3,下位,0,0,0
85,85,0,42,7,0,1,499,508,268,-1913,3,下位,0,499,61
281,281,0,69,109,0,2,584,508,268,-1913,3,下位,0,85,59
160,160,0,94,82,0,0,0,865,161,-3027,1,下位,0,0,0
376,376,0,49,48,0,0,0,160,134,-3151,1,下位,0,0,0
181,181,0,41,0,0,1,376,160,134,-3151,1,下位,0,376,100
164,164,0,95,149,0,2,557,160,134,-3151,1,下位,0,181,52
199,199,0,137,145,1,0,0,0,0,1,0,下位,0,0,0
261,261,0,1537,7363,0,0,0,199,197,-123,2,下位,0,0,0
972,972,0,152,342,0,0,0,261,7415,747,14,上位,0,0,0
82,82,0,754,3676,0,0,0,972,394,-427,4,下位,0,0,0
225,225,0,76,99,1,0,0,0,0,1,0,下位,0,0,0
710,710,0,96,133,0,0,0,225,151,-211,2,下位,0,0,0
366,366,0,94,153,1,0,0,0,0,1,0,下位,0,0,0
308,308,0,112,116,1,0,0,0,0,1,0,下位,0,0,0
929,929,0,102,68,0,0,0,308,168,-328,2,下位,0,0,0
529,529,0,91,142,0,0,0,929,120,-1706,2,下位,0,0,0
72,72,0,42,7,0,0,0,529,194,-2365,1,下位,0,0,0
407,407,0,124,172,0,1,72,529,194,-2365,1,下位,0,72,59
111,111,0,106,195,1,0,0,0,0,1,0,下位,0,0,0
251,251,0,98,130,0,0,0,111,247,69,2,下位,0,0,0
900,900,0,124,168,0,0,0,251,182,-154,2,下位,0,0,0
721,721,0,186,241,0,0,0,900,220,-1386,3,下位,0,0,0
75,75,0,124,260,1,0,0,0,0,1,0,下位,0,0,0
537,537,0,160,411,0,0,0,75,312,192,3,下位,0,0,0
648,648,0,188,302,1,0,0,0,0,1,0,下位,0,0,0
531,531,0,108,200,0,0,0,648,354,-690,4,下位,0,0,0
383,383,0,42,5,0,0,0,531,252,-1294,2,下位,0,0,0
154,154,0,48,47,0,1,383,531,252,-1294,2,下位,0,383,57
505,505,0,72,118,0,2,537,531,252,-1294,2,下位,0,154,99
645,645,0,106,134,0,0,0,1042,170,-2649,1,下位,0,0,0
502,502,0,42,7,0,0,0,645,186,-3503,2,下位,0,0,0
941,941,0,120,173,0,1,502,645,186,-3503,2,下位,0,502,59
89,89,0,82,168,0,0,0,1443,225,-5547,2,下位,0,0,0
617,617,0,93,149,1,0,0,0,0,1,0,下位,0,0,0
432,432,0,89,82,1,0,0,0,0,1,0,下位,0,0,0
711,711,0,117,113,0,0,0,432,134,-562,1,下位,0,0,0
821,821,0,93,147,1,0,0,0,0,1,0,下位,0,0,0
207,207,0,60,55,1,0,0,0,0,1,0,下位,0,0,0
442,442,0,1011,4760,0,0,0,207,107,-226,1,下位,0,0,0
466,466,0,74,103,0,0,0,442,4812,766,10,上位,0,0,0
966,966,0,52,65,0,0,0,466,155,169,1,下位,0,0,0
89,89,0,60,51,0,1,966,466,155,169,1,下位,0,966,117
322,322,0,78,26,0,0,0,1055,103,-1313,1,下位,0,0,0
758,758,0,66,33,0,0,0,322,78,-1754,1,下位,0,0,0
286,286,0,52,71,0,0,0,758,85,-2892,1,下位,0,0,0
109,109,0,57,50,0,1,286,758,85,-2892,1,下位,0,286,123
335,335,0,52,69,1,0,0,0,0,1,0,下位,0,0,0
257,257,0,52,67,1,1,335,0,0,1,0,下位,0,335,121
275,275,0,118,107,1,2,592,0,0,1,0,下位,0,257,119
263,263,0,52,69,0,0,0,867,159,-999,2,下位,0,0,0
329,329,0,90,161,0,1,263,867,159,-999,2,下位,0,263,121
153,153,0,183,388,1,0,0,0,0,1,0,下位,0,0,0
739,739,0,52,71,0,0,0,153,440,194,4,下位,0,0,0
123,123,0,52,69,0,1,739,153,440,194,4,下位,0,739,123
367,367,0,41,3,0,2,862,153,440,194,4,下位,0,123,121
314,314,0,84,85,0,3,1229,153,440,194,4,下位,0,367,55
177,177,0,66,116,1,0,0,0,0,1,0,下位,0,0,0
109,109,0,74,104,0,0,0,177,168,-116,1,下位,0,0,0
493,493,0,78,98,0,0,0,109,156,-136,1,下位,0,0,0
223,223,0,75,23,0,0,0,493,150,-781,1,下位,0,0,0
273,273,0,66,15,0,0,0,223,75,-1066,1,下位,0,0,0
366,366,0,42,9,0,0,0,273,67,-1439,1,下位,0,0,0
919,919,0,107,197,0,1,366,273,67,-1439,1,下位,0,366,61
73,73,0,770,3944,1,0,0,0,0,1,0,下位,0,0,0
234,234,0,67,44,0,0,0,73,3937,763,5,上位,0,0,0
785,785,0,205,329,0,0,0,234,96,482,1,下位,0,0,0
308,308,0,79,177,0,0,0,785,381,-403,5,下位,0,0,0
53,53,0,59,57,1,0,0,0,0,1,0,下位,0,0,0
124,124,0,52,67,0,0,0,53,109,25,1,下位,0,0,0
96,96,0,52,71,0,1,124,53,109,25,1,下位,0,124,119
152,152,0,74,109,0,2,220,53,109,25,1,下位,0,96,123
939,939,0,66,47,0,0,0,372,161,-172,1,下位,0,0,0
90,90,0,132,298,1,0,0,0,0,1,0,下位,0,0,0
166,166,0,42,7,0,0,0,90,350,206,3,下位,0,0,0
207,207,0,52,65,0,1,166,90,350,206,3,下位,0,166,59
971,971,0,114,254,0,2,373,90,350,206,3,下位,0,207,117
85,85,0,94,75,0,0,0,1344,306,-1480,2,下位,0,0,0
411,411,0,87,154,0,0,0,85,127,-1490,1,下位,0,0,0
605,605,0,132,156,1,0,0,0,0,1,0,下位,0,0,0
354,354,0,1185,5873,0,0,0,605,208,-767,3,下位,0,0,0
528,528,0,74,102,1,0,0,0,0,1,0,下位,0,0,0
793,793,0,128,249,0,0,0,528,154,-697,1,下位,0,0,0
843,843,0,90,148,0,0,0,793,301,-1675,2,下位,0,0,0
794,794,0,128,169,1,0,0,0,0,1,0,下位,0,0,0
323,323,0,42,7,1,0,0,0,0,1,0,下位,0,0,0
609,609,0,142,218,1,1,323,0,0,1,0,下位,0,323,59
166,166,0,77,26,0,0,0,932,270,-1173,3,下位,0,0,0
956,956,0,110,47,0,0,0,166,78,-1363,1,下位,0,0,0
200,200,0,191,349,1,0,0,0,0,1,0,下位,0,0,0
215,215,0,102,289,0,0,0,200,401,79,5,下位,0,0,0
898,898,0,939,4459,0,0,0,215,341,73,2,下位,0,0,0
681,681,0,42,7,0,0,0,898,4511,767,9,上位,0,0,0
205,205,0,135,227,0,1,681,898,4511,767,9,上位,0,681,59
203,203,0,175,378,0,0,0,886,279,-324,3,下位,0,0,0
460,460,0,106,132,1,0,0,0,0,1,0,下位,0,0,0
784,784,0,77,100,0,0,0,460,184,-557,2,下位,0,0,0
207,207,0,42,6,0,0,0,784,152,-1670,1,下位,0,0,0
592,592,0,110,50,0,1,207,784,152,-1670,1,下位,0,207,58
59,59,0,106,126,0,0,0,799,102,-2799,2,下位,0,0,0
427,427,0,958,4538,1,0,0,0,0,1,0,下位,0,0,0
238,238,0,81,88,1,0,0,0,0,1,0,下位,0,0,0
189,189,0,896,4158,1,0,0,0,0,1,0,下位,0,0,0
142,142,0,90,75,0,0,0,189,4210,766,8,上位,0,0,0
962,962,0,83,92,0,0,0,142,127,664,1,下位,0,0,0
890,890,0,139,213,0,0,0,962,144,-744,1,下位,0,0,0
197,197,0,91,83,1,0,0,0,0,1,0,下位,0,0,0
966,966,0,176,306,0,0,0,197,135,-182,1,下位,0,0,0
763,763,0,110,125,0,0,0,966,358,-1382,4,下位,0,0,0
964,964,0,42,9,0,0,0,763,177,-2436,2,下位,0,0,0
303,303,0,42,7,0,1,964,763,177,-2436,2,下位,0,964,61
287,287,0,153,196,0,2,1267,763,177,-2436,2,下位,0,303,59
163,163,0,1606,8019,0,0,0,1554,248,-4575,4,下位,0,0,0
303,303,0,76,105,1,0,0,0,0,1,0,下位,0,0,0
41,41,0,42,5,0,0,0,303,157,-331,1,下位,0,0,0
651,651,0,98,215,0,1,41,303,157,-331,1,下位,0,41,57
406,406,0,120,115,0,0,0,692,267,-1123,2,下位,0,0,0
488,488,0,172,238,0,0,0,406,167,-1611,2,下位,0,0,0
974,974,0,121,343,0,0,0,488,290,-2108,4,下位,0,0,0
603,603,0,140,213,1,0,0,0,0,1,0,下位,0,0,0
917,917,0,42,11,0,0,0,603,265,-707,3,下位,0,0,0
935,935,0,114,197,0,1,917,603,265,-707,3,下位,0,917,63
682,682,0,75,109,1,0,0,0,0,1,0,下位,0,0,0
722,722,0,121,245,0,0,0,682,161,-938,1,下位,0,0,0
623,623,0,42,5,0,0,0,722,297,-1806,2,下位,0,0,0
819,819,0,1620,8662,0,1,623,722,297,-1806,2,下位,0,623,57
739,739,0,145,209,1,0,0,0,0,1,0,下位,0,0,0
948,948,0,1200,6272,0,0,0,739,261,-930,3,下位,0,0,0
523,523,0,68,116,1,0,0,0,0,1,0,下位,0,0,0
67,67,0,165,182,0,0,0,523,168,-675,1,下位,0,0,0
984,984,0,65,119,0,0,0,67,234,-549,3,下位,0,0,0
606,606,0,144,211,0,0,0,984,171,-1965,1,下位,0,0,0
300,300,0,1741,8494,0,0,0,606,263,-2679,3,下位,0,0,0
579,579,0,82,162,1,0,0,0,0,1,0,下位,0,0,0
717,717,0,138,224,0,0,0,579,214,-719,1,下位,0,0,0
403,403,0,174,322,1,0,0,0,0,1,0,下位,0,0,0
364,364,0,93,138,0,0,0,403,374,-275,4,下位,0,0,0
694,694,0,98,132,1,0,0,0,0,1,0,下位,0,0,0
663,663,0,184,369,1,0,0,0,0,1,0,下位,0,0,0
972,972,0,84,89,0,0,0,663,421,-647,5,下位,0,0,0
307,307,0,42,11,0,0,0,972,141,-2074,1,下位,0,0,0
118,118,0,144,297,0,1,307,972,141,-2074,1,下位,0,307,63
133,133,0,92,82,0,0,0,425,349,-2347,3,下位,0,0,0
50,50,0,94,214,0,0,0,133,134,-2428,1,下位,0,0,0
559,559,0,42,7,1,0,0,0,0,1,0,下位,0,0,0
327,327,0,87,147,1,1,559,0,0,1,0,下位,0,559,59
539,539,0,982,4728,1,0,0,0,0,1,0,下位,0,0,0
915,915,0,116,38,0,0,0,539,4780,765,9,上位,0,0,0
664,664,0,70,114,1,0,0,0,0,1,0,下位,0,0,0
904,904,0,42,9,0,0,0,664,166,-904,2,下位,0,0,0
62,62,0,1546,7657,0,1,904,664,166,-904,2,下位,0,904,61
285,285,0,123,176,0,0,0,966,7709,764,13,上位,0,0,0
592,592,0,85,171,1,0,0,0,0,1,0,下位,0,0,0
447,447,0,77,28,0,0,0,592,223,-731,1,下位,0,0,0
964,964,0,76,98,0,0,0,447,80,-1372,1,下位,0,0,0
443,443,0,96,213,0,0,0,964,150,-2777,1,下位,0,0,0
94,94,0,106,134,0,0,0,443,265,-3227,2,下位,0,0,0
208,208,0,88,80,0,0,0,94,186,-3193,2,下位,0,0,0
358,358,0,160,416,0,0,0,208,132,-3396,1,下位,0,0,0
636,636,0,42,5,0,0,0,358,468,-3505,5,下位,0,0,0
204,204,0,42,5,0,1,636,358,468,-3505,5,下位,0,636,57
293,293,0,128,174,0,2,840,358,468,-3505,5,下位,0,204,57
258,258,0,118,260,1,0,0,0,0,1,0,下位,0,0,0
463,463,0,52,71,0,0,0,258,312,-103,3,下位,0,0,0
319,319,0,1705,8910,0,1,463,258,312,-103,3,下位,0,463,123
217,217,0,68,114,1,0,0,0,0,1,0,下位,0,0,0
964,964,0,208,315,0,0,0,217,166,-183,1,下位,0,0,0
163,163,0,58,58,1,0,0,0,0,1,0,下位,0,0,0
164,164,0,852,4241,0,0,0,163,110,-152,1,下位,0,0,0
970,970,0,74,157,0,0,0,164,4293,755,9,上位,0,0,0
100,100,0,95,69,1,0,0,0,0,1,0,下位,0,0,0
387,387,0,42,11,0,0,0,100,121,-39,2,下位,0,0,0
393,393,0,101,149,0,1,387,100,121,-39,2,下位,0,387,63
738,738,0,930,4477,0,0,0,780,201,-1033,2,下位,0,0,0
105,105,0,86,155,0,0,0,738,4529,763,10,上位,0,0,0
86,86,0,52,71,1,0,0,0,0,1,0,下位,0,0,0
323,323,0,116,169,1,1,86,0,0,1,0,下位,0,86,123
371,371,0,42,7,0,0,0,409,221,-315,2,下位,0,0,0
320,320,0,1001,5215,0,1,371,409,221,-315,2,下位,0,371,59
138,138,0,657,2600,0,0,0,691,5267,769,9,上位,0,0,0
70,70,0,52,69,0,0,0,138,2652,769,7,上位,0,0,0
766,766,0,68,120,0,1,70,138,2652,769,7,上位,0,70,121
78,78,0,200,338,1,0,0,0,0,1,0,下位,0,0,0
916,916,0,185,355,1,0,0,0,0,1,0,下位,0,0,0
852,852,0,126,235,0,0,0,916,407,-1069,5,下位,0,0,0
299,299,0,67,114,0,0,0,852,287,-2156,3,下位,0,0,0
78,78,0,52,71,0,0,0,299,166,-2472,1,下位,0,0,0
187,187,0,42,7,0,1,78,299,166,-2472,1,下位,0,78,123
936,936,0,69,101,0,2,265,299,166,-2472,1,下位,0,187,59
297,297,0,120,240,1,0,0,0,0,1,0,下位,0,0,0
585,585,0,54,68,1,0,0,0,0,1,0,下位,0,0,0
849,849,0,113,266,0,0,0,585,120,-823,1,下位,0,0,0
72,72,0,79,24,0,0,0,849,318,-1874,3,下位,0,0,0
548,548,0,183,344,0,0,0,72,76,-1914,1,下位,0,0,0
163,163,0,148,285,0,0,0,548,396,-2402,4,下位,0,0,0
463,463,0,121,182,0,0,0,163,337,-2328,3,下位,0,0,0
176,176,0,112,197,0,0,0,463,234,-2841,2,下位,0,0,0
386,386,0,103,131,0,0,0,176,249,-2876,2,下位,0,0,0
965,965,0,42,5,0,0,0,386,183,-3316,1,下位,0,0,0
191,191,0,68,111,0,1,965,386,183,-3316,1,下位,0,965,57
968,968,0,88,156,0,0,0,1156,163,-4960,1,下位,0,0,0
415,415,0,142,298,1,0,0,0,0,1,0,下位,0,0,0
403,403,0,154,271,0,0,0,415,350,-318,3,下位,0,0,0
136,136,0,110,116,0,0,0,403,323,-645,3,下位,0,0,0
883,883,0,113,193,0,0,0,136,168,-696,2,下位,0,0,0
308,308,0,41,3,0,0,0,883,245,-1875,2,下位,0,0,0
306,306,0,106,136,0,1,308,883,245,-1875,2,下位,0,308,55
700,700,0,117,189,0,0,0,614,188,-2623,2,下位,0,0,0
583,583,0,112,110,1,0,0,0,0,1,0,下位,0,0,0
531,531,0,86,98,0,0,0,583,162,-777,2,下位,0,0,0
350,350,0,103,132,0,0,0,531,150,-1483,2,下位,0,0,0
719,719,0,1498,7271,1,0,0,0,0,1,0,下位,0,0,0
264,264,0,63,129,0,0,0,719,7323,755,13,上位,0,0,0
566,566,0,81,93,1,0,0,0,0,1,0,下位,0,0,0
127,127,0,109,59,0,0,0,566,145,-767,1,下位,0,0,0
214,214,0,120,176,0,0,0,127,111,-861,2,下位,0,0,0
264,264,0,144,291,1,0,0,0,0,1,0,下位,0,0,0
934,934,0,74,93,0,0,0,264,343,-82,4,下位,0,0,0
644,644,0,42,5,0,0,0,934,145,-1443,1,下位,0,0,0
353,353,0,87,160,0,1,644,934,145,-1443,1,下位,0,644,57
452,452,0,137,221,0,0,0,997,212,-2782,1,下位,0,0,0
645,645,0,135,241,1,0,0,0,0,1,0,下位,0,0,0
402,402,0,41,1,0,0,0,645,293,-746,4,下位,0,0,0
188,188,0,1029,4786,0,1,402,645,293,-746,4,下位,0,402,53
535,535,0,116,192,1,0,0,0,0,1,0,下位,0,0,0
243,243,0,42,5,0,0,0,535,244,-618,2,下位,0,0,0
324,324,0,51,61,0,1,243,535,244,-618,2,下位,0,243,57
368,368,0,154,265,0,2,567,535,244,-618,2,下位,0,324,113
229,229,0,884,4237,1,0,0,0,0,1,0,下位,0,0,0
289,289,0,42,7,0,0,0,229,4289,767,9,上位,0,0,0
963,963,0,51,63,0,1,289,229,4289,767,9,上位,0,289,59
966,966,0,42,9,0,2,1252,229,4289,767,9,上位,0,963,115
293,293,0,58,56,0,3,2218,229,4289,767,9,上位,0,966,61
66,66,0,1356,6982,0,0,0,2511,108,-2940,1,下位,0,0,0
918,918,0,42,11,0,0,0,66,7034,761,11,上位,0,0,0
360,360,0,42,11,0,1,918,66,7034,761,11,上位,0,918,63
328,328,0,42,9,0,2,1278,66,7034,761,11,上位,0,360,63
579,579,0,209,343,0,3,1606,66,7034,761,11,上位,0,328,61
22,22,0,106,202,1,0,0,0,0,1,0,下位,0,0,0
863,863,0,42,7,0,0,0,22,254,220,2,下位,0,0,0
628,628,0,114,183,0,1,863,22,254,220,2,下位,0,863,59
264,264,0,87,153,0,0,0,1491,235,-1891,2,下位,0,0,0
388,388,0,113,267,0,0,0,264,205,-2112,2,下位,0,0,0
376,376,0,1372,6828,0,0,0,388,319,-2419,3,下位,0,0,0
703,703,0,76,98,1,0,0,0,0,1,0,下位,0,0,0
963,963,0,42,7,0,0,0,703,150,-983,1,下位,0,0,0
325,325,0,90,80,0,1,963,703,150,-983,1,下位,0,963,59
221,221,0,42,9,0,0,0,1288,132,-2869,2,下位,0,0,0
282,282,0,66,47,0,1,221,1288,132,-2869,2,下位,0,221,61
344,344,0,128,162,0,0,0,503,99,-3520,1,下位,0,0,0
82,82,0,51,61,0,0,0,344,214,-3861,3,下位,0,0,0
199,199,0,248,290,0,1,82,344,214,-3861,3,下位,0,82,113
294,294,0,83,91,0,0,0,281,342,-3859,6,下位,0,0,0
387,387,0,41,3,0,0,0,294,143,-4190,1,下位,0,0,0
967,967,0,118,187,0,1,387,294,143,-4190,1,下位,0,387,55
126,126,0,131,234,0,0,0,1354,239,-6080,2,下位,0,0,0
255,255,0,98,139,1,0,0,0,0,1,0,下位,0,0,0
966,966,0,52,71,0,0,0,255,191,-219,2,下位,0,0,0
937,937,0,63,50,0,1,966,255,191,-219,2,下位,0,966,123
921,921,0,110,200,1,0,0,0,0,1,0,下位,0,0,0
175,175,0,42,7,0,0,0,921,252,-1232,2,下位,0,0,0
455,455,0,81,93,0,1,175,921,252,-1232,2,下位,0,175,59
965,965,0,65,40,0,0,0,630,145,-2044,1,下位,0,0,0
908,908,0,82,170,0,0,0,965,92,-3508,1,下位,0,0,0
187,187,0,91,229,0,0,0,908,222,-4751,1,下位,0,0,0
182,182,0,112,105,0,0,0,187,281,-4772,2,下位,0,0,0
973,973,0,78,173,0,0,0,182,157,-4909,3,下位,0,0,0
523,523,0,132,223,1,0,0,0,0,1,0,下位,0,0,0
281,281,0,85,87,0,0,0,523,275,-568,2,下位,0,0,0
95,95,0,52,71,0,0,0,281,139,-882,1,下位,0,0,0
670,670,0,79,169,0,1,95,281,139,-882,1,下位,0,95,123
221,221,0,156,203,0,0,0,765,221,-1772,1,下位,0,0,0
253,253,0,76,164,0,0,0,221,255,-1873,2,下位,0,0,0
392,392,0,72,118,0,0,0,253,216,-2065,1,下位,0,0,0
337,337,0,76,105,1,0,0,0,0,1,0,下位,0,0,0
37,37,0,877,4243,0,0,0,337,157,-386,1,下位,0,0,0
607,607,0,51,63,0,0,0,37,4295,761,7,上位,0,0,0
205,205,0,52,67,0,1,607,37,4295,761,7,上位,0,607,115
327,327,0,112,52,0,2,812,37,4295,761,7,上位,0,205,119
82,82,0,52,69,0,0,0,1139,104,-738,2,下位,0,0,0
409,409,0,42,9,0,1,82,1139,104,-738,2,下位,0,82,121
799,799,0,105,284,0,2,491,1139,104,-738,2,下位,0,409,61
281,281,0,138,282,1,0,0,0,0,1,0,下位,0,0,0
438,438,0,42,11,1,0,0,0,0,1,0,下位,0,0,0
619,619,0,82,174,1,1,438,0,0,1,0,下位,0,438,63
168,168,0,61,112,0,0,0,1057,226,-1414,1,下位,0,0,0
584,584,0,148,122,0,0,0,168,164,-1521,1,下位,0,0,0
957,957,0,78,87,0,0,0,584,174,-2289,4,下位,0,0,0
338,338,0,52,65,0,0,0,957,139,-3694,1,下位,0,0,0
472,472,0,51,61,0,1,338,957,139,-3694,1,下位,0,338,117
252,252,0,224,233,0,2,810,957,139,-3694,1,下位,0,472,113
710,710,0,128,244,0,0,0,1062,285,-4891,5,下位,0,0,0
302,302,0,100,141,0,0,0,710,296,-5740,2,下位,0,0,0
306,306,0,187,359,0,0,0,302,193,-6034,1,下位,0,0,0
299,299,0,154,350,0,0,0,306,411,-6117,5,下位,0,0,0
839,839,0,204,353,1,0,0,0,0,1,0,下位,0,0,0
571,571,0,42,7,0,0,0,839,405,-947,5,下位,0,0,0
225,225,0,42,9,0,1,571,839,405,-947,5,下位,0,571,59
551,551,0,42,11,0,2,796,839,405,-947,5,下位,0,225,61
267,267,0,99,126,0,3,1347,839,405,-947,5,下位,0,551,63
504,504,0,66,34,0,0,0,1614,178,-3190,3,下位,0,0,0
181,181,0,156,329,0,0,0,504,86,-3917,1,下位,0,0,0
489,489,0,102,135,1,0,0,0,0,1,0,下位,0,0,0
320,320,0,90,158,0,0,0,489,187,-601,2,下位,0,0,0
943,943,0,113,177,0,0,0,320,210,-907,2,下位,0,0,0
473,473,0,58,49,0,0,0,943,229,-2199,3,下位,0,0,0
967,967,0,90,236,0,0,0,473,101,-2861,1,下位,0,0,0
349,349,0,116,194,0,0,0,967,288,-4133,2,下位,0,0,0
858,858,0,72,178,1,0,0,0,0,1,0,下位,0,0,0
951,951,0,52,71,0,0,0,858,230,-1153,1,下位,0,0,0
886,886,0,42,5,0,1,951,858,230,-1153,1,下位,0,951,123
153,153,0,42,5,0,2,1837,858,230,-1153,1,下位,0,886,57
155,155,0,89,145,0,3,1990,858,230,-1153,1,下位,0,153,57
211,211,0,159,184,0,0,0,2145,197,-4179,1,下位,0,0,0
618,618,0,1142,5568,1,0,0,0,0,1,0,下位,0,0,0
207,207,0,100,149,0,0,0,618,5620,746,11,上位,0,0,0
85,85,0,42,9,0,0,0,207,201,613,1,下位,0,0,0
780,780,0,52,71,0,1,85,207,201,613,1,下位,0,85,61
96,96,0,75,23,0,2,865,207,201,613,1,下位,0,780,123
549,549,0,1074,5510,0,0,0,961,75,-678,1,下位,0,0,0
186,186,0,162,263,0,0,0,549,5562,768,10,上位,0,0,0
773,773,0,80,91,0,0,0,186,315,783,3,下位,0,0,0
243,243,0,51,61,0,0,0,773,143,-321,1,下位,0,0,0
70,70,0,51,61,0,1,243,773,143,-321,1,下位,0,243,113
262,262,0,77,100,0,2,313,773,143,-321,1,下位,0,70,113
168,168,0,75,31,0,0,0,575,152,-871,1,下位,0,0,0
93,93,0,125,179,0,0,0,168,83,-1059,1,下位,0,0,0
236,236,0,84,155,0,0,0,93,231,-978,3,下位,0,0,0
758,758,0,82,92,1,0,0,0,0,1,0,下位,0,0,0
148,148,0,169,401,0,0,0,758,144,-1078,1,下位,0,0,0
477,477,0,120,250,0,0,0,148,453,-864,4,下位,0,0,0
371,371,0,42,7,0,0,0,477,302,-1331,3,下位,0,0,0
964,964,0,41,1,0,1,371,477,302,-1331,3,下位,0,371,59
308,308,0,145,148,0,2,1335,477,302,-1331,3,下位,0,964,53
255,255,0,52,65,1,0,0,0,0,1,0,下位,0,0,0
43,43,0,98,208,1,1,255,0,0,1,0,下位,0,255,117
59,59,0,52,67,0,0,0,298,260,-102,2,下位,0,0,0
165,165,0,52,71,0,1,59,298,260,-102,2,下位,0,59,119
133,133,0,894,4299,0,2,224,298,260,-102,2,下位,0,165,123
86,86,0,70,117,0,0,0,357,4351,768,9,上位,0,0,0
191,191,0,100,210,0,0,0,86,169,798,1,下位,0,0,0
283,283,0,51,61,1,0,0,0,0,1,0,下位,0,0,0
791,791,0,155,423,1,1,283,0,0,1,0,下位,0,283,113
244,244,0,52,69,0,0,0,1074,475,-1143,5,下位,0,0,0
326,326,0,42,5,0,1,244,1074,475,-1143,5,下位,0,244,121
258,258,0,69,117,0,2,570,1074,475,-1143,5,下位,0,326,57
253,253,0,124,320,0,0,0,828,169,-2132,1,下位,0,0,0
568,568,0,87,227,1,0,0,0,0,1,0,下位,0,0,0
334,334,0,86,87,0,0,0,568,279,-636,2,下位,0,0,0
391,391,0,41,1,0,0,0,334,139,-1036,1,下位,0,0,0
240,240,0,169,323,0,1,391,334,139,-1036,1,下位,0,391,53
124,124,0,84,173,0,0,0,631,375,-1626,4,下位,0,0,0
156,156,0,70,109,0,0,0,124,225,-1601,1,下位,0,0,0
851,851,0,124,103,0,0,0,156,161,-1692,1,下位,0,0,0
459,459,0,52,67,0,0,0,851,155,-2910,2,下位,0,0,0
933,933,0,130,166,0,1,459,851,155,-2910,2,下位,0,459,119
279,279,0,118,252,1,0,0,0,0,1,0,下位,0,0,0
188,188,0,60,55,0,0,0,279,304,-145,2,下位,0,0,0
225,225,0,124,173,0,0,0,188,107,-341,1,下位,0,0,0
493,493,0,42,7,0,0,0,225,225,-479,2,下位,0,0,0
90,90,0,85,93,0,1,493,225,225,-479,2,下位,0,493,59
962,962,0,132,222,0,0,0,583,145,-1215,1,下位,0,0,0
219,219,0,133,231,0,0,0,962,274,-2493,3,下位,0,0,0
423,423,0,82,161,0,0,0,219,283,-2563,2,下位,0,0,0
552,552,0,94,74,0,0,0,423,213,-3032,1,下位,0,0,0
648,648,0,69,45,1,0,0,0,0,1,0,下位,0,0,0
283,283,0,52,65,0,0,0,648,97,-947,1,下位,0,0,0
890,890,0,198,201,0,1,283,648,97,-947,1,下位,0,283,117
191,191,0,109,126,0,0,0,1173,253,-2468,4,下位,0,0,0
828,828,0,76,37,1,0,0,0,0,1,0,下位,0,0,0
483,483,0,127,165,0,0,0,828,89,-1245,1,下位,0,0,0
542,542,0,115,193,0,0,0,483,217,-1807,3,下位,0,0,0
154,154,0,102,123,0,0,0,542,245,-2436,3,下位,0,0,0
382,382,0,140,256,1,0,0,0,0,1,0,下位,0,0,0
460,460,0,1087,5330,1,0,0,0,0,1,0,下位,0,0,0
213,213,0,51,64,0,0,0,460,5382,763,9,上位,0,0,0
964,964,0,108,129,0,1,213,460,5382,763,9,上位,0,213,116
201,201,0,122,249,0,0,0,1177,181,-839,2,下位,0,0,0
508,508,0,96,68,0,0,0,201,301,-862,2,下位,0,0,0
455,455,0,102,205,0,0,0,508,120,-1561,2,下位,0,0,0
799,799,0,1030,5142,1,0,0,0,0,1,0,下位,0,0,0
827,827,0,42,5,0,0,0,799,5194,767,10,上位,0,0,0
141,141,0,170,321,0,1,827,799,5194,767,10,上位,0,827,57
319,319,0,196,215,1,0,0,0,0,1,0,下位,0,0,0
836,836,0,52,65,0,0,0,319,267,-247,6,下位,0,0,0
159,159,0,42,5,0,1,836,319,267,-247,6,下位,0,836,117
455,455,0,93,154,0,2,995,319,267,-247,6,下位,0,159,57
801,801,0,124,172,0,0,0,1450,206,-2205,1,下位,0,0,0
235,235,0,180,293,0,0,0,801,224,-3273,2,下位,0,0,0
390,390,0,56,64,0,0,0,235,345,-3307,5,下位,0,0,0
209,209,0,152,204,0,0,0,390,116,-3820,1,下位,0,0,0
641,641,0,42,11,0,0,0,209,256,-3901,4,下位,0,0,0
880,880,0,86,71,0,1,641,209,256,-3901,4,下位,0,641,63
451,451,0,82,166,1,0,0,0,0,1,0,下位,0,0,0
306,306,0,132,162,0,0,0,451,218,-508,1,下位,0,0,0
612,612,0,76,96,0,0,0,306,214,-788,2,下位,0,0,0
103,103,0,77,104,1,0,0,0,0,1,0,下位,0,0,0
980,980,0,86,85,0,0,0,103,156,-9,1,下位,0,0,0
820,820,0,76,103,0,0,0,980,137,-1453,1,下位,0,0,0
968,968,0,70,39,0,0,0,820,155,-2621,1,下位,0,0,0
179,179,0,42,7,1,0,0,0,0,1,0,下位,0,0,0
286,286,0,214,304,1,1,179,0,0,1,0,下位,0,179,59
387,387,0,1118,5589,0,0,0,465,356,-334,5,下位,0,0,0
306,306,0,658,2808,0,0,0,387,5641,767,10,上位,0,0,0
696,696,0,107,60,1,0,0,0,0,1,0,下位,0,0,0
185,185,0,98,196,0,0,0,696,112,-1010,2,下位,0,0,0
451,451,0,150,276,0,0,0,185,248,-1060,2,下位,0,0,0
130,130,0,90,75,0,0,0,451,328,-1459,4,下位,0,0,0
965,965,0,84,239,0,0,0,130,127,-1542,1,下位,0,0,0
919,919,0,112,272,1,0,0,0,0,1,0,下位,0,0,0
79,79,0,160,313,1,0,0,0,0,1,0,下位,0,0,0
90,90,0,42,5,0,0,0,79,365,239,4,下位,0,0,0
416,416,0,126,111,0,1,90,79,365,239,4,下位,0,90,57
379,379,0,104,212,0,0,0,506,163,-357,3,下位,0,0,0
334,334,0,76,101,0,0,0,379,264,-704,2,下位,0,0,0
288,288,0,91,72,0,0,0,334,153,-1090,1,下位,0,0,0
51,51,0,42,11,0,0,0,288,124,-1431,1,下位,0,0,0
716,716,0,42,9,0,1,51,288,124,-1431,1,下位,0,51,63
46,46,0,79,28,0,2,767,288,124,-1431,1,下位,0,716,61
519,519,0,84,81,1,0,0,0,0,1,0,下位,0,0,0
336,336,0,120,193,0,0,0,519,133,-703,1,下位,0,0,0
617,617,0,104,207,0,0,0,336,245,-1000,2,下位,0,0,0
306,306,0,114,191,1,0,0,0,0,1,0,下位,0,0,0
389,389,0,130,158,0,0,0,306,243,-250,2,下位,0,0,0
49,49,0,69,107,0,0,0,389,210,-667,2,下位,0,0,0
269,269,0,73,99,0,0,0,49,159,-587,1,下位,0,0,0
162,162,0,1031,4924,0,0,0,269,151,-870,1,下位,0,0,0
263,263,0,155,274,0,0,0,162,4976,750,10,上位,0,0,0
175,175,0,51,61,0,0,0,263,326,652,3,下位,0,0,0
257,257,0,130,171,0,1,175,263,326,652,3,下位,0,175,113
416,416,0,41,3,0,0,0,432,223,291,2,下位,0,0,0
641,641,0,148,297,0,1,416,432,223,291,2,下位,0,416,55
249,249,0,972,4489,0,0,0,1057,349,-1010,3,下位,0,0,0
751,751,0,92,76,1,0,0,0,0,1,0,下位,0,0,0
687,687,0,153,280,1,0,0,0,0,1,0,下位,0,0,0
262,262,0,80,72,0,0,0,687,332,-775,4,下位,0,0,0
697,697,0,199,269,1,0,0,0,0,1,0,下位,0,0,0
96,96,0,1743,9375,0,0,0,697,321,-802,6,下位,0,0,0
195,195,0,94,229,1,0,0,0,0,1,0,下位,0,0,0
73,73,0,41,3,0,0,0,195,281,-33,2,下位,0,0,0
258,258,0,70,41,0,1,73,195,281,-33,2,下位,0,73,55
110,110,0,69,45,0,0,0,331,93,-419,1,下位,0,0,0
438,438,0,134,210,0,0,0,110,97,-499,1,下位,0,0,0
349,349,0,90,230,0,0,0,438,262,-943,4,下位,0,0,0
180,180,0,122,341,1,0,0,0,0,1,0,下位,0,0,0
295,295,0,1042,4902,0,0,0,180,393,104,3,下位,0,0,0
810,810,0,104,278,0,0,0,295,4954,721,10,上位,0,0,0
219,219,0,94,72,1,0,0,0,0,1,0,下位,0,0,0
615,615,0,133,235,0,0,0,219,124,-228,1,下位,0,0,0
304,304,0,60,53,0,0,0,615,287,-933,4,下位,0,0,0
819,819,0,52,65,1,0,0,0,0,1,0,下位,0,0,0
237,237,0,70,114,1,1,819,0,0,1,0,下位,0,819,117
50,50,0,158,164,0,0,0,1056,166,-1419,1,下位,0,0,0
247,247,0,126,317,0,0,0,50,216,-1284,4,下位,0,0,0
539,539,0,77,94,1,0,0,0,0,1,0,下位,0,0,0
273,273,0,114,168,1,0,0,0,0,1,0,下位,0,0,0
662,662,0,132,153,1,0,0,0,0,1,0,下位,0,0,0
783,783,0,156,193,1,0,0,0,0,1,0,下位,0,0,0
641,641,0,158,412,1,0,0,0,0,1,0,下位,0,0,0
723,723,0,189,203,1,0,0,0,0,1,0,下位,0,0,0
506,506,0,154,274,1,0,0,0,0,1,0,下位,0,0,0
370,370,0,42,5,0,0,0,506,326,-489,3,下位,0,0,0
357,357,0,52,69,0,1,370,506,326,-489,3,下位,0,370,57
688,688,0,94,145,0,2,727,506,326,-489,3,下位,0,357,121
157,157,0,1849,9292,1,0,0,0,0,1,0,下位,0,0,0
512,512,0,105,197,1,0,0,0,0,1,0,下位,0,0,0
172,172,0,51,63,1,0,0,0,0,1,0,下位,0,0,0
504,504,0,70,109,1,1,172,0,0,1,0,下位,0,172,115
397,397,0,88,154,1,0,0,0,0,1,0,下位,0,0,0
170,170,0,143,130,1,0,0,0,0,1,0,下位,0,0,0
183,183,0,103,109,1,0,0,0,0,1,0,下位,0,0,0
460,460,0,55,42,0,0,0,183,161,-133,2,下位,0,0,0
239,239,0,88,160,0,0,0,460,94,-781,1,下位,0,0,0
607,607,0,72,34,1,0,0,0,0,1,0,下位,0,0,0
343,343,0,134,295,0,0,0,607,86,-892,1,下位,0,0,0
972,972,0,153,108,0,0,0,343,347,-1098,4,下位,0,0,0
333,333,0,134,308,1,0,0,0,0,1,0,下位,0,0,0
328,328,0,62,120,0,0,0,333,360,-176,3,下位,0,0,0
225,225,0,110,118,0,0,0,328,172,-533,1,下位,0,0,0
312,312,0,107,131,0,0,0,225,170,-726,2,下位,0,0,0
120,120,0,103,128,0,0,0,312,183,-1046,2,下位,0,0,0
210,210,0,198,248,0,0,0,120,180,-1060,1,下位,0,0,0
395,395,0,51,63,0,0,0,210,300,-1099,4,下位,0,0,0
619,619,0,164,328,0,1,395,210,300,-1099,4,下位,0,395,115
568,568,0,1092,5488,0,0,0,1014,380,-2239,3,下位,0,0,0
593,593,0,66,106,1,0,0,0,0,1,0,下位,0,0,0
250,250,0,136,218,1,0,0,0,0,1,0,下位,0,0,0
203,203,0,68,48,0,0,0,250,270,-132,3,下位,0,0,0
623,623,0,113,106,1,0,0,0,0,1,0,下位,0,0,0
521,521,0,76,102,1,0,0,0,0,1,0,下位,0,0,0
257,257,0,107,181,0,0,0,521,154,-685,1,下位,0,0,0
95,95,0,931,4895,0,0,0,257,233,-867,2,下位,0,0,0
281,281,0,42,5,0,0,0,95,4947,769,7,上位,0,0,0
461,461,0,52,55,0,1,281,95,4947,769,7,上位,0,281,57
189,189,0,154,274,0,0,0,742,107,-264,1,下位,0,0,0
277,277,0,101,207,0,0,0,189,326,-243,5,下位,0,0,0
65,65,0,74,165,0,0,0,277,259,-431,2,下位,0,0,0
95,95,0,648,3285,0,0,0,65,217,-319,2,下位,0,0,0
559,559,0,124,247,1,0,0,0,0,1,0,下位,0,0,0
288,288,0,143,142,0,0,0,559,299,-602,3,下位,0,0,0
219,219,0,58,56,0,0,0,288,194,-873,3,下位,0,0,0
194,194,0,68,35,0,0,0,219,108,-1118,1,下位,0,0,0
45,45,0,55,61,0,0,0,194,87,-1344,1,下位,0,0,0
702,702,0,51,61,0,0,0,45,113,-1304,1,下位,0,0,0
665,665,0,51,63,0,1,702,45,113,-1304,1,下位,0,702,113
693,693,0,76,22,0,2,1367,45,113,-1304,1,下位,0,665,115
728,728,0,152,414,1,0,0,0,0,1,0,下位,0,0,0
336,336,0,123,172,0,0,0,728,466,-707,4,下位,0,0,0
191,191,0,67,107,0,0,0,336,224,-1025,3,下位,0,0,0
184,184,0,76,98,0,0,0,191,159,-1174,1,下位,0,0,0
873,873,0,144,216,1,0,0,0,0,1,0,下位,0,0,0
357,357,0,42,5,0,0,0,873,268,-1139,3,下位,0,0,0
63,63,0,89,184,0,1,357,873,268,-1139,3,下位,0,357,57
471,471,0,121,100,0,0,0,420,236,-1524,2,下位,0,0,0
964,964,0,74,188,0,0,0,471,152,-2132,2,下位,0,0,0
381,381,0,179,392,1,0,0,0,0,1,0,下位,0,0,0
670,670,0,98,208,1,0,0,0,0,1,0,下位,0,0,0
966,966,0,1230,6214,0,0,0,670,260,-820,2,下位,0,0,0
390,390,0,58,56,0,0,0,966,6266,751,12,上位,0,0,0
363,363,0,96,284,0,0,0,390,108,230,1,下位,0,0,0
296,296,0,42,5,1,0,0,0,0,1,0,下位,0,0,0
91,91,0,42,11,1,1,296,0,0,1,0,下位,0,296,57
720,720,0,168,181,1,2,387,0,0,1,0,下位,0,91,63
926,926,0,85,169,1,0,0,0,0,1,0,下位,0,0,0
964,964,0,78,173,0,0,0,926,221,-1272,1,下位,0,0,0
387,387,0,86,163,0,0,0,964,225,-2602,1,下位,0,0,0
274,274,0,156,344,1,0,0,0,0,1,0,下位,0,0,0
135,135,0,126,155,1,0,0,0,0,1,0,下位,0,0,0
643,643,0,83,85,1,0,0,0,0,1,0,下位,0,0,0
131,131,0,90,157,0,0,0,643,137,-899,1,下位,0,0,0
340,340,0,119,170,1,0,0,0,0,1,0,下位,0,0,0
148,148,0,51,62,0,0,0,340,222,-325,2,下位,0,0,0
968,968,0,112,346,0,1,148,340,222,-325,2,下位,0,148,114
244,244,0,42,11,0,0,0,1116,398,-1613,3,下位,0,0,0
856,856,0,81,23,0,1,244,1116,398,-1613,3,下位,0,244,63
571,571,0,989,4724,1,0,0,0,0,1,0,下位,0,0,0
631,631,0,1022,4905,1,0,0,0,0,1,0,下位,0,0,0
140,140,0,42,11,1,0,0,0,0,1,0,下位,0,0,0
886,886,0,138,279,1,1,140,0,0,1,0,下位,0,140,63
585,585,0,66,124,0,0,0,1026,331,-1260,3,下位,0,0,0
566,566,0,165,161,1,0,0,0,0,1,0,下位,0,0,0
776,776,0,156,192,0,0,0,566,213,-699,4,下位,0,0,0
671,671,0,200,352,1,0,0,0,0,1,0,下位,0,0,0
305,305,0,1034,5013,0,0,0,671,404,-677,5,下位,0,0,0
503,503,0,78,178,1,0,0,0,0,1,0,下位,0,0,0
301,301,0,106,206,0,0,0,503,230,-580,1,下位,0,0,0
258,258,0,57,45,0,0,0,301,258,-807,3,下位,0,0,0
191,191,0,84,91,0,0,0,258,97,-1126,1,下位,0,0,0
266,266,0,52,65,0,0,0,191,143,-1291,1,下位,0,0,0
366,366,0,113,193,0,1,266,191,143,-1291,1,下位,0,266,117
94,94,0,52,69,0,0,0,632,245,-1948,2,下位,0,0,0
822,822,0,42,5,0,1,94,632,245,-1948,2,下位,0,94,121
160,160,0,76,172,0,2,916,632,245,-1948,2,下位,0,822,57
209,209,0,1015,5175,0,0,0,1076,224,-3282,1,下位,0,0,0
135,135,0,152,281,1,0,0,0,0,1,0,下位,0,0,0
487,487,0,164,320,0,0,0,135,333,116,3,下位,0,0,0
206,206,0,133,298,0,0,0,487,372,-297,4,下位,0,0,0
540,540,0,70,123,0,0,0,206,350,-279,3,下位,0,0,0
551,551,0,81,153,0,0,0,540,175,-975,1,下位,0,0,0
417,417,0,78,93,1,0,0,0,0,1,0,下位,0,0,0
63,63,0,114,194,0,0,0,417,145,-527,1,下位,0,0,0
843,843,0,108,187,0,0,0,63,246,-383,2,下位,0,0,0
325,325,0,142,283,0,0,0,843,239,-1504,2,下位,0,0,0
72,72,0,41,1,0,0,0,325,335,-1693,3,下位,0,0,0
319,319,0,41,4,0,1,72,325,335,-1693,3,下位,0,72,53
284,284,0,51,63,0,2,391,325,335,-1693,3,下位,0,319,56
233,233,0,42,9,0,3,675,325,335,-1693,3,下位,0,284,115
304,304,0,102,199,0,4,908,325,335,-1693,3,下位,0,233,61
741,741,0,42,5,0,0,0,1212,251,-3112,2,下位,0,0,0
963,963,0,42,9,0,1,741,1212,251,-3112,2,下位,0,741,57
267,267,0,90,73,0,2,1704,1212,251,-3112,2,下位,0,963,61
304,304,0,58,53,0,0,0,1971,125,-6048,1,下位,0,0,0
232,232,0,108,282,0,0,0,304,105,-6433,1,下位,0,0,0
234,234,0,51,63,0,0,0,232,334,-6473,3,下位,0,0,0
737,737,0,78,95,0,1,234,232,334,-6473,3,下位,0,234,115
840,840,0,143,345,1,0,0,0,0,1,0,下位,0,0,0
247,247,0,52,71,0,0,0,840,397,-957,3,下位,0,0,0
381,381,0,51,63,0,1,247,840,397,-957,3,下位,0,247,123
706,706,0,83,49,0,2,628,840,397,-957,3,下位,0,381,115
768,768,0,147,269,0,0,0,1334,101,-2770,1,下位,0,0,0
345,345,0,52,65,1,0,0,0,0,1,0,下位,0,0,0
297,297,0,83,98,1,1,345,0,0,1,0,下位,0,345,117
734,734,0,118,166,0,0,0,642,150,-767,1,下位,0,0,0
692,692,0,75,99,1,0,0,0,0,1,0,下位,0,0,0
902,902,0,102,126,0,0,0,692,151,-964,1,下位,0,0,0
945,945,0,110,272,0,0,0,902,178,-2241,1,下位,0,0,0
513,513,0,1313,6554,0,0,0,945,324,-3441,2,下位,0,0,0
772,772,0,114,188,1,0,0,0,0,1,0,下位,0,0,0
211,211,0,168,160,0,0,0,772,240,-1004,2,下位,0,0,0
268,268,0,950,4561,0,0,0,211,212,-1132,3,下位,0,0,0
159,159,0,204,345,1,0,0,0,0,1,0,下位,0,0,0
150,150,0,72,110,0,0,0,159,397,142,6,下位,0,0,0
414,414,0,99,137,0,0,0,150,162,62,1,下位,0,0,0
124,124,0,42,5,0,0,0,414,189,-417,1,下位,0,0,0
970,970,0,89,84,0,1,124,414,189,-417,1,下位,0,124,57
781,781,0,69,117,0,0,0,1094,136,-1989,1,下位,0,0,0
220,220,0,76,182,0,0,0,781,169,-3080,1,下位,0,0,0
226,226,0,70,41,1,0,0,0,0,1,0,下位,0,0,0
870,870,0,148,269,0,0,0,226,93,-271,1,下位,0,0,0
579,579,0,120,190,0,0,0,870,321,-1353,3,下位,0,0,0
85,85,0,76,99,1,0,0,0,0,1,0,下位,0,0,0
343,343,0,963,4421,0,0,0,85,151,15,1,下位,0,0,0
261,261,0,98,147,1,0,0,0,0,1,0,下位,0,0,0
251,251,0,150,192,0,0,0,261,199,-221,2,下位,0,0,0
792,792,0,68,99,0,0,0,251,244,-382,3,下位,0,0,0
752,752,0,98,225,1,0,0,0,0,1,0,下位,0,0,0
221,221,0,76,107,0,0,0,752,277,-935,2,下位,0,0,0
731,731,0,72,105,0,0,0,221,159,-1132,1,下位,0,0,0
91,91,0,52,67,0,0,0,731,157,-2154,2,下位,0,0,0
428,428,0,112,205,0,1,91,731,157,-2154,2,下位,0,91,119
42,42,0,82,172,1,0,0,0,0,1,0,下位,0,0,0
90,90,0,52,69,0,0,0,42,224,157,1,下位,0,0,0
313,313,0,207,343,0,1,90,42,224,157,1,下位,0,90,121
149,149,0,72,38,0,0,0,403,395,23,5,下位,0,0,0
229,229,0,42,7,0,0,0,149,90,-127,1,下位,0,0,0
970,970,0,51,61,0,1,229,149,90,-127,1,下位,0,229,59
164,164,0,101,143,0,2,1199,149,90,-127,1,下位,0,970,113
966,966,0,52,65,0,0,0,1363,195,-1959,2,下位,0,0,0
259,259,0,67,98,0,1,966,1363,195,-1959,2,下位,0,966,117
523,523,0,72,24,1,0,0,0,0,1,0,下位,0,0,0
233,233,0,171,254,0,0,0,523,76,-767,1,下位,0,0,0
963,963,0,103,133,0,0,0,233,306,-837,4,下位,0,0,0
376,376,0,107,127,1,0,0,0,0,1,0,下位,0,0,0
92,92,0,834,4434,0,0,0,376,179,-426,2,下位,0,0,0
84,84,0,94,76,0,0,0,92,4486,771,6,上位,0,0,0
968,968,0,116,191,0,0,0,84,128,764,1,下位,0,0,0
964,964,0,153,354,0,0,0,968,243,-554,3,下位,0,0,0
540,540,0,170,317,1,0,0,0,0,1,0,下位,0,0,0
90,90,0,844,4489,0,0,0,540,369,-501,4,下位,0,0,0
193,193,0,178,293,1,0,0,0,0,1,0,下位,0,0,0
963,963,0,160,124,0,0,0,193,345,35,5,下位,0,0,0
324,324,0,1506,7421,1,0,0,0,0,1,0,下位,0,0,0
289,289,0,916,4317,1,0,0,0,0,1,0,下位,0,0,0
964,964,0,64,39,0,0,0,289,4369,763,9,上位,0,0,0
544,544,0,106,208,0,0,0,964,91,-701,1,下位,0,0,0
771,771,0,42,11,0,0,0,544,260,-1318,2,下位,0,0,0
201,201,0,52,65,0,1,771,544,260,-1318,2,下位,0,771,63
92,92,0,51,63,0,2,972,544,260,-1318,2,下位,0,201,117
385,385,0,56,64,0,3,1064,544,260,-1318,2,下位,0,92,115
806,806,0,70,107,1,0,0,0,0,1,0,下位,0,0,0
795,795,0,82,91,1,0,0,0,0,1,0,下位,0,0,0
354,354,0,82,101,0,0,0,795,143,-1138,2,下位,0,0,0
820,820,0,52,69,0,0,0,354,153,-1556,1,下位,0,0,0
757,757,0,59,49,0,1,820,354,153,-1556,1,下位,0,820,121
192,192,0,166,389,0,0,0,1577,101,-3878,1,下位,0,0,0
906,906,0,176,360,0,0,0,192,441,-3747,4,下位,0,0,0
313,313,0,108,127,1,0,0,0,0,1,0,下位,0,0,0
571,571,0,158,261,0,0,0,313,179,-325,2,下位,0,0,0
57,57,0,942,4910,0,0,0,571,313,-933,4,下位,0,0,0
406,406,0,96,154,1,0,0,0,0,1,0,下位,0,0,0
403,403,0,86,13,0,0,0,406,206,-448,2,下位,0,0,0
247,247,0,66,118,0,0,0,403,65,-1033,1,下位,0,0,0
511,511,0,42,5,0,0,0,247,170,-1261,1,下位,0,0,0
89,89,0,51,61,0,1,511,247,170,-1261,1,下位,0,511,57
800,800,0,60,55,0,2,600,247,170,-1261,1,下位,0,89,113
157,157,0,77,108,1,0,0,0,0,1,0,下位,0,0,0
162,162,0,114,181,0,0,0,157,160,-92,1,下位,0,0,0
222,222,0,72,163,0,0,0,162,233,-120,3,下位,0,0,0
800,800,0,161,414,0,0,0,222,215,-263,1,下位,0,0,0
743,743,0,171,310,0,0,0,800,466,-1087,4,下位,0,0,0
331,331,0,78,20,1,0,0,0,0,1,0,下位,0,0,0
221,221,0,92,150,0,0,0,331,72,-461,1,下位,0,0,0
92,92,0,82,168,0,0,0,221,202,-615,1,下位,0,0,0
284,284,0,42,9,0,0,0,92,220,-543,1,下位,0,0,0
328,328,0,110,201,0,1,284,92,220,-543,1,下位,0,284,61
331,331,0,129,163,0,0,0,612,253,-1216,3,下位,0,0,0
609,609,0,67,36,1,0,0,0,0,1,0,下位,0,0,0
152,152,0,159,321,0,0,0,609,88,-893,1,下位,0,0,0
344,344,0,103,130,1,0,0,0,0,1,0,下位,0,0,0
233,233,0,86,89,0,0,0,344,182,-372,1,下位,0,0,0
776,776,0,98,145,1,0,0,0,0,1,0,下位,0,0,0
214,214,0,72,99,0,0,0,776,197,-1054,2,下位,0,0,0
90,90,0,52,65,0,0,0,214,151,-1248,1,下位,0,0,0
458,458,0,42,9,0,1,90,214,151,-1248,1,下位,0,90,117
560,560,0,112,195,0,2,548,214,151,-1248,1,下位,0,458,61
117,117,0,70,116,0,0,0,1108,247,-2610,2,下位,0,0,0
604,604,0,42,9,0,0,0,117,168,-2631,1,下位,0,0,0
515,515,0,51,61,0,1,604,117,168,-2631,1,下位,0,604,61
300,300,0,149,202,0,2,1119,117,168,-2631,1,下位,0,515,113
252,252,0,110,34,1,0,0,0,0,1,0,下位,0,0,0
355,355,0,42,11,0,0,0,252,86,-319,2,下位,0,0,0
950,950,0,41,1,0,1,355,252,86,-319,2,下位,0,355,63
294,294,0,51,63,0,2,1305,252,86,-319,2,下位,0,950,53
955,955,0,109,55,0,3,1599,252,86,-319,2,下位,0,294,115
350,350,0,42,8,0,0,0,2554,107,-4100,2,下位,0,0,0
704,704,0,52,65,0,1,350,2554,107,-4100,2,下位,0,350,60
180,180,0,52,67,0,2,1054,2554,107,-4100,2,下位,0,704,117
254,254,0,143,140,0,3,1234,2554,107,-4100,2,下位,0,180,119
685,685,0,170,405,1,0,0,0,0,1,0,下位,0,0,0
349,349,0,69,35,0,0,0,685,457,-647,4,下位,0,0,0
347,347,0,121,171,1,0,0,0,0,1,0,下位,0,0,0
304,304,0,96,136,0,0,0,347,223,-336,2,下位,0,0,0
264,264,0,42,5,0,0,0,304,188,-638,1,下位,0,0,0
848,848,0,90,232,0,1,264,304,188,-638,1,下位,0,264,57
276,276,0,111,200,0,0,0,1112,284,-2091,2,下位,0,0,0
444,444,0,73,188,0,0,0,276,252,-2284,2,下位,0,0,0
462,462,0,137,296,0,0,0,444,240,-2760,1,下位,0,0,0
713,713,0,126,230,1,0,0,0,0,1,0,下位,0,0,0
428,428,0,96,226,0,0,0,713,282,-867,3,下位,0,0,0
852,852,0,168,319,0,0,0,428,278,-1279,2,下位,0,0,0
317,317,0,92,147,1,0,0,0,0,1,0,下位,0,0,0
77,77,0,105,206,0,0,0,317,199,-311,1,下位,0,0,0
291,291,0,87,84,0,0,0,77,258,-177,2,下位,0,0,0
178,178,0,165,192,0,0,0,291,136,-510,1,下位,0,0,0
478,478,0,112,184,0,0,0,178,244,-553,3,下位,0,0,0
969,969,0,52,71,0,0,0,478,236,-1088,2,下位,0,0,0
928,928,0,125,243,0,1,969,478,236,-1088,2,下位,0,969,123
285,285,0,101,207,1,0,0,0,0,1,0,下位,0,0,0
227,227,0,76,98,0,0,0,285,259,-200,2,下位,0,0,0
219,219,0,110,194,1,0,0,0,0,1,0,下位,0,0,0
228,228,0,1917,9550,0,0,0,219,246,-106,2,下位,0,0,0
271,271,0,105,124,0,0,0,228,9602,764,16,上位,0,0,0
891,891,0,109,122,0,0,0,271,176,503,2,下位,0,0,0
215,215,0,69,33,0,0,0,891,174,-760,2,下位,0,0,0
258,258,0,51,61,1,0,0,0,0,1,0,下位,0,0,0
283,283,0,147,350,1,1,258,0,0,1,0,下位,0,258,113
175,175,0,96,150,0,0,0,541,402,-356,3,下位,0,0,0
374,374,0,52,67,1,0,0,0,0,1,0,下位,0,0,0
965,965,0,130,173,1,1,374,0,0,1,0,下位,0,374,119
880,880,0,42,9,0,0,0,1339,225,-1814,3,下位,0,0,0
231,231,0,119,101,0,1,880,1339,225,-1814,3,下位,0,880,61
109,109,0,2245,11486,1,0,0,0,0,1,0,下位,0,0,0
253,253,0,140,154,0,0,0,109,11481,727,15,上位,0,0,0
886,886,0,42,9,0,0,0,253,206,525,3,下位,0,0,0
225,225,0,108,194,0,1,886,253,206,525,3,下位,0,886,61
168,168,0,222,237,0,0,0,1111,246,-960,2,下位,0,0,0
854,854,0,94,149,0,0,0,168,289,-942,5,下位,0,0,0
91,91,0,932,4750,0,0,0,854,201,-2118,1,下位,0,0,0
220,220,0,89,151,0,0,0,91,4802,754,7,上位,0,0,0
289,289,0,94,71,1,0,0,0,0,1,0,下位,0,0,0
295,295,0,65,47,0,0,0,289,123,-342,2,下位,0,0,0
949,949,0,93,74,0,0,0,295,99,-719,1,下位,0,0,0
269,269,0,78,20,0,0,0,949,126,-2124,1,下位,0,0,0
700,700,0,104,192,1,0,0,0,0,1,0,下位,0,0,0
259,259,0,75,102,0,0,0,700,244,-884,2,下位,0,0,0
394,394,0,42,7,0,0,0,259,154,-1148,2,下位,0,0,0
943,943,0,1436,7122,0,1,394,259,154,-1148,2,下位,0,394,59
572,572,0,1010,4767,1,0,0,0,0,1,0,下位,0,0,0
963,963,0,133,133,0,0,0,572,4819,760,8,上位,0,0,0
65,65,0,114,184,1,0,0,0,0,1,0,下位,0,0,0
553,553,0,109,197,1,0,0,0,0,1,0,下位,0,0,0
314,314,0,84,173,0,0,0,553,249,-642,2,下位,0,0,0
440,440,0,82,143,0,0,0,314,225,-923,2,下位,0,0,0
594,594,0,102,124,0,0,0,440,195,-1438,1,下位,0,0,0
288,288,0,95,145,1,0,0,0,0,1,0,下位,0,0,0
291,291,0,74,33,0,0,0,288,197,-267,2,下位,0,0,0
59,59,0,52,67,0,0,0,291,85,-651,1,下位,0,0,0
92,92,0,126,184,0,1,59,291,85,-651,1,下位,0,59,119
466,466,0,117,155,0,0,0,151,236,-539,3,下位,0,0,0
651,651,0,1038,4898,1,0,0,0,0,1,0,下位,0,0,0
197,197,0,52,65,0,0,0,651,4950,749,10,上位,0,0,0
285,285,0,43,12,0,1,197,651,4950,749,10,上位,0,197,117
876,876,0,96,220,0,2,482,651,4950,749,10,上位,0,285,64
801,801,0,117,182,1,0,0,0,0,1,0,下位,0,0,0
31,31,0,164,235,1,0,0,0,0,1,0,下位,0,0,0
354,354,0,180,259,1,0,0,0,0,1,0,下位,0,0,0
235,235,0,79,168,0,0,0,354,311,-259,4,下位,0,0,0
331,331,0,158,190,1,0,0,0,0,1,0,下位,0,0,0
662,662,0,122,185,0,0,0,331,242,-291,4,下位,0,0,0
672,672,0,78,24,1,0,0,0,0,1,0,下位,0,0,0
687,687,0,61,55,0,0,0,672,76,-1007,1,下位,0,0,0
187,187,0,97,209,0,0,0,687,107,-2008,1,下位,0,0,0
156,156,0,1213,6138,0,0,0,187,261,-2049,2,下位,0,0,0
413,413,0,154,206,1,0,0,0,0,1,0,下位,0,0,0
544,544,0,150,351,0,0,0,413,258,-407,3,下位,0,0,0
222,222,0,58,53,0,0,0,544,403,-881,4,下位,0,0,0
50,50,0,42,9,0,0,0,222,105,-1134,1,下位,0,0,0
228,228,0,51,61,0,1,50,222,105,-1134,1,下位,0,50,61
798,798,0,71,35,0,2,278,222,105,-1134,1,下位,0,228,113
224,224,0,52,67,0,0,0,1076,87,-2609,1,下位,0,0,0
932,932,0,104,125,0,1,224,1076,87,-2609,1,下位,0,224,119
205,205,0,80,98,1,0,0,0,0,1,0,下位,0,0,0
758,758,0,140,142,0,0,0,205,150,-180,2,下位,0,0,0
54,54,0,71,37,1,0,0,0,0,1,0,下位,0,0,0
235,235,0,199,252,0,0,0,54,89,3,1,下位,0,0,0
79,79,0,124,240,1,0,0,0,0,1,0,下位,0,0,0
285,285,0,51,61,0,0,0,79,292,166,2,下位,0,0,0
700,700,0,66,40,0,1,285,79,292,166,2,下位,0,285,113
101,101,0,123,161,1,0,0,0,0,1,0,下位,0,0,0
120,120,0,112,119,1,0,0,0,0,1,0,下位,0,0,0
48,48,0,123,185,0,0,0,120,171,-22,2,下位,0,0,0
219,219,0,108,120,1,0,0,0,0,1,0,下位,0,0,0
529,529,0,976,4825,0,0,0,219,172,-180,2,下位,0,0,0
98,98,0,858,3989,1,0,0,0,0,1,0,下位,0,0,0
188,188,0,1214,5655,0,0,0,98,4041,752,9,上位,0,0,0
222,222,0,52,67,1,0,0,0,0,1,0,下位,0,0,0
44,44,0,52,65,1,1,222,0,0,1,0,下位,0,222,119
886,886,0,179,205,1,2,266,0,0,1,0,下位,0,44,117
216,216,0,114,173,0,0,0,1152,257,-1364,4,下位,0,0,0
243,243,0,69,115,0,0,0,216,225,-1487,3,下位,0,0,0
234,234,0,42,5,0,0,0,243,167,-1712,1,下位,0,0,0
514,514,0,94,76,0,1,234,243,167,-1712,1,下位,0,234,57
196,196,0,128,388,0,0,0,748,128,-2733,1,下位,0,0,0
174,174,0,143,451,1,0,0,0,0,1,0,下位,0,0,0
962,962,0,87,155,0,0,0,174,503,223,4,下位,0,0,0
196,196,0,1132,5288,0,0,0,962,207,-1122,2,下位,0,0,0
140,140,0,86,84,1,0,0,0,0,1,0,下位,0,0,0
244,244,0,42,9,0,0,0,140,136,-89,1,下位,0,0,0
284,284,0,164,318,0,1,244,140,136,-89,1,下位,0,244,61
232,232,0,51,63,0,0,0,528,370,-510,4,下位,0,0,0
204,204,0,42,6,0,1,232,528,370,-510,4,下位,0,232,115
85,85,0,71,34,0,2,436,528,370,-510,4,下位,0,204,58
253,253,0,52,71,0,0,0,521,86,-1091,1,下位,0,0,0
54,54,0,52,65,0,1,253,521,86,-1091,1,下位,0,253,123
487,487,0,93,70,0,2,307,521,86,-1091,1,下位,0,54,117
968,968,0,42,9,0,0,0,794,122,-2009,1,下位,0,0,0
48,48,0,77,94,0,1,968,794,122,-2009,1,下位,0,968,61
336,336,0,150,276,1,0,0,0,0,1,0,下位,0,0,0
391,391,0,954,4646,0,0,0,336,328,-213,3,下位,0,0,0
78,78,0,52,69,0,0,0,391,4698,756,9,上位,0,0,0
430,430,0,130,172,0,1,78,391,4698,756,9,上位,0,78,121
336,336,0,52,65,1,0,0,0,0,1,0,下位,0,0,0
366,366,0,60,61,1,1,336,0,0,1,0,下位,0,336,117
297,297,0,161,254,0,0,0,702,113,-901,1,下位,0,0,0
300,300,0,150,280,1,0,0,0,0,1,0,下位,0,0,0
330,330,0,125,300,0,0,0,300,332,-151,3,下位,0,0,0
916,916,0,111,122,0,0,0,330,352,-331,3,下位,0,0,0
320,320,0,51,63,0,0,0,916,174,-1634,2,下位,0,0,0
403,403,0,78,172,0,1,320,916,174,-1634,2,下位,0,320,115
936,936,0,202,352,0,0,0,723,224,-2461,1,下位,0,0,0
161,161,0,103,196,0,0,0,936,404,-3567,5,下位,0,0,0
238,238,0,90,150,0,0,0,161,248,-3579,3,下位,0,0,0
244,244,0,192,365,1,0,0,0,0,1,0,下位,0,0,0
234,234,0,152,356,0,0,0,244,417,24,5,下位,0,0,0
339,339,0,1388,7397,0,0,0,234,408,55,4,下位,0,0,0
300,300,0,41,3,1,0,0,0,0,1,0,下位,0,0,0
635,635,0,1077,5299,1,1,300,0,0,1,0,下位,0,300,55
879,879,0,97,57,1,0,0,0,0,1,0,下位,0,0,0
748,748,0,64,33,0,0,0,879,109,-1308,2,下位,0,0,0
808,808,0,52,71,0,0,0,748,85,-2429,1,下位,0,0,0
963,963,0,79,179,0,1,808,748,85,-2429,1,下位,0,808,123
387,387,0,2358,12502,0,0,0,1771,231,-4931,1,下位,0,0,0
416,416,0,1095,5268,1,0,0,0,0,1,0,下位,0,0,0
116,116,0,51,61,0,0,0,416,5320,732,11,上位,0,0,0
356,356,0,171,315,0,1,116,416,5320,732,11,上位,0,116,113
748,748,0,776,3637,0,0,0,472,367,451,4,下位,0,0,0
686,686,0,158,333,1,0,0,0,0,1,0,下位,0,0,0
857,857,0,1070,5183,1,0,0,0,0,1,0,下位,0,0,0
683,683,0,133,159,1,0,0,0,0,1,0,下位,0,0,0
490,490,0,191,358,0,0,0,683,211,-890,2,下位,0,0,0
538,538,0,135,305,0,0,0,490,410,-1270,4,下位,0,0,0
53,53,0,59,47,0,0,0,538,357,-1781,3,下位,0,0,0
448,448,0,213,334,0,0,0,53,99,-1767,1,下位,0,0,0
737,737,0,66,110,1,0,0,0,0,1,0,下位,0,0,0
426,426,0,159,238,0,0,0,737,162,-1026,1,下位,0,0,0
467,467,0,933,4438,0,0,0,426,290,-1423,3,下位,0,0,0
214,214,0,102,116,1,0,0,0,0,1,0,下位,0,0,0
83,83,0,42,11,0,0,0,214,168,-176,2,下位,0,0,0
940,940,0,101,216,0,1,83,214,168,-176,2,下位,0,83,63
175,175,0,169,403,0,0,0,1023,268,-1495,2,下位,0,0,0
218,218,0,42,8,0,0,0,175,455,-1322,5,下位,0,0,0
964,964,0,109,135,0,1,218,175,455,-1322,5,下位,0,218,60
274,274,0,42,11,1,0,0,0,0,1,0,下位,0,0,0
778,778,0,51,61,1,1,274,0,0,1,0,下位,0,274,63
523,523,0,117,107,1,2,1052,0,0,1,0,下位,0,778,113
618,618,0,95,67,0,0,0,1575,159,-2205,2,下位,0,0,0
235,235,0,247,261,0,0,0,618,119,-3083,1,下位,0,0,0
231,231,0,51,63,0,0,0,235,313,-3149,5,下位,0,0,0
972,972,0,1282,6367,0,1,231,235,313,-3149,5,下位,0,231,115
275,275,0,42,11,1,0,0,0,0,1,0,下位,0,0,0
154,154,0,70,98,1,1,275,0,0,1,0,下位,0,275,63
120,120,0,143,283,0,0,0,429,150,-478,2,下位,0,0,0
388,388,0,168,324,0,0,0,120,335,-337,3,下位,0,0,0
962,962,0,42,7,0,0,0,388,376,-587,4,下位,0,0,0
661,661,0,1400,7045,0,1,962,388,376,-587,4,下位,0,962,59
193,193,0,879,4155,1,0,0,0,0,1,0,下位,0,0,0
248,248,0,866,4252,1,0,0,0,0,1,0,下位,0,0,0
394,394,0,42,5,0,0,0,248,4304,761,8,上位,0,0,0
276,276,0,41,3,0,1,394,248,4304,761,8,上位,0,394,57
142,142,0,215,249,0,2,670,248,4304,761,8,上位,0,276,55
155,155,0,158,129,1,0,0,0,0,1,0,下位,0,0,0
369,369,0,105,189,0,0,0,155,181,-68,3,下位,0,0,0
455,455,0,84,159,0,0,0,369,241,-422,2,下位,0,0,0
166,166,0,997,4879,1,0,0,0,0,1,0,下位,0,0,0
276,276,0,92,217,0,0,0,166,4931,767,9,上位,0,0,0
538,538,0,71,113,1,0,0,0,0,1,0,下位,0,0,0
164,164,0,40,-5,0,0,0,538,165,-702,1,下位,0,0,0
153,153,0,108,108,0,1,164,538,165,-702,1,下位,0,164,47
337,337,0,197,331,0,0,0,317,160,-1007,2,下位,0,0,0
720,720,0,101,117,0,0,0,337,383,-1168,6,下位,0,0,0
705,705,0,62,116,0,0,0,720,169,-2160,2,下位,0,0,0
197,197,0,192,361,0,0,0,705,168,-3129,1,下位,0,0,0
203,203,0,1080,5687,0,0,0,197,413,-3034,4,下位,0,0,0
51,51,0,41,3,1,0,0,0,0,1,0,下位,0,0,0
527,527,0,89,153,1,1,51,0,0,1,0,下位,0,51,55
488,488,0,42,7,0,0,0,578,205,-671,1,下位,0,0,0
93,93,0,52,71,0,1,488,578,205,-671,1,下位,0,488,59
507,507,0,122,327,0,2,581,578,205,-671,1,下位,0,93,123
548,548,0,51,63,0,0,0,1088,379,-1865,3,下位,0,0,0
116,116,0,167,311,0,1,548,1088,379,-1865,3,下位,0,548,115
673,673,0,977,4944,1,0,0,0,0,1,0,下位,0,0,0
107,107,0,42,7,1,0,0,0,0,1,0,下位,0,0,0
809,809,0,64,41,1,1,107,0,0,1,0,下位,0,107,59
236,236,0,86,158,0,0,0,916,93,-1325,1,下位,0,0,0
567,567,0,144,289,1,0,0,0,0,1,0,下位,0,0,0
527,527,0,68,40,1,0,0,0,0,1,0,下位,0,0,0
66,66,0,42,5,0,0,0,527,92,-757,1,下位,0,0,0
659,659,0,174,236,0,1,66,527,92,-757,1,下位,0,66,57
965,965,0,52,67,0,0,0,725,288,-1581,4,下位,0,0,0
968,968,0,41,3,0,1,965,725,288,-1581,4,下位,0,965,119
242,242,0,171,322,0,2,1933,725,288,-1581,4,下位,0,968,55
280,280,0,84,95,0,0,0,2175,374,-4540,5,下位,0,0,0
965,965,0,51,61,0,0,0,280,147,-4845,1,下位,0,0,0
243,243,0,138,220,0,1,965,280,147,-4845,1,下位,0,965,113
143,143,0,89,82,0,0,0,1208,272,-6408,3,下位,0,0,0
235,235,0,896,4185,1,0,0,0,0,1,0,下位,0,0,0
120,120,0,68,120,1,0,0,0,0,1,0,下位,0,0,0
646,646,0,135,290,0,0,0,120,172,-21,1,下位,0,0,0
296,296,0,51,63,0,0,0,646,342,-721,4,下位,0,0,0
306,306,0,117,192,0,1,296,646,342,-721,4,下位,0,296,115
619,619,0,91,215,0,0,0,602,244,-1333,2,下位,0,0,0
191,191,0,94,146,0,0,0,619,267,-2064,2,下位,0,0,0
963,963,0,67,112,0,0,0,191,198,-2174,2,下位,0,0,0
721,721,0,52,65,0,0,0,963,164,-3563,1,下位,0,0,0
262,262,0,143,146,0,1,721,963,164,-3563,1,下位,0,721,117
154,154,0,90,146,0,0,0,983,198,-4834,3,下位,0,0,0
151,151,0,110,111,0,0,0,154,198,-4884,1,下位,0,0,0
636,636,0,52,67,0,0,0,151,163,-4965,2,下位,0,0,0
701,701,0,228,319,0,1,636,151,163,-4965,2,下位,0,636,119
690,690,0,101,141,1,0,0,0,0,1,0,下位,0,0,0
283,283,0,166,426,1,0,0,0,0,1,0,下位,0,0,0
251,251,0,893,4238,1,0,0,0,0,1,0,下位,0,0,0
485,485,0,80,93,1,0,0,0,0,1,0,下位,0,0,0
161,161,0,124,181,1,0,0,0,0,1,0,下位,0,0,0
145,145,0,88,160,0,0,0,161,233,-26,2,下位,0,0,0
353,353,0,88,76,0,0,0,145,212,-48,1,下位,0,0,0
140,140,0,76,102,1,0,0,0,0,1,0,下位,0,0,0
529,529,0,227,310,1,0,0,0,0,1,0,下位,0,0,0
267,267,0,88,92,1,0,0,0,0,1,0,下位,0,0,0
357,357,0,160,327,0,0,0,267,144,-286,1,下位,0,0,0
652,652,0,68,103,1,0,0,0,0,1,0,下位,0,0,0
412,412,0,174,313,1,0,0,0,0,1,0,下位,0,0,0
559,559,0,190,223,1,0,0,0,0,1,0,下位,0,0,0
526,526,0,119,256,1,0,0,0,0,1,0,下位,0,0,0
809,809,0,174,244,1,0,0,0,0,1,0,下位,0,0,0
299,299,0,119,322,1,0,0,0,0,1,0,下位,0,0,0
47,47,0,48,47,0,0,0,299,374,-107,3,下位,0,0,0
185,185,0,62,111,0,1,47,299,374,-107,3,下位,0,47,99
975,975,0,72,25,0,0,0,232,163,-219,1,下位,0,0,0
337,337,0,78,168,0,0,0,975,77,-1715,1,下位,0,0,0
211,211,0,42,9,0,0,0,337,220,-2039,1,下位,0,0,0
295,295,0,108,194,0,1,211,337,220,-2039,1,下位,0,211,61
95,95,0,990,5000,0,0,0,506,246,-2548,3,下位,0,0,0
494,494,0,110,198,1,0,0,0,0,1,0,下位,0,0,0
484,484,0,56,33,0,0,0,494,250,-546,2,下位,0,0,0
90,90,0,136,228,1,0,0,0,0,1,0,下位,0,0,0
177,177,0,42,7,1,0,0,0,0,1,0,下位,0,0,0
681,681,0,97,147,1,1,177,0,0,1,0,下位,0,177,59
261,261,0,52,65,0,0,0,858,199,-1124,2,下位,0,0,0
964,964,0,42,9,0,1,261,858,199,-1124,2,下位,0,261,117
76,76,0,68,46,0,2,1225,858,199,-1124,2,下位,0,964,61
777,777,0,128,222,0,0,0,1301,98,-2947,1,下位,0,0,0
642,642,0,1165,5595,1,0,0,0,0,1,0,下位,0,0,0
399,399,0,998,4501,1,0,0,0,0,1,0,下位,0,0,0
603,603,0,52,68,0,0,0,399,4553,759,12,上位,0,0,0
167,167,0,73,182,0,1,603,399,4553,759,12,上位,0,603,120
807,807,0,1008,5193,1,0,0,0,0,1,0,下位,0,0,0
80,80,0,65,98,1,0,0,0,0,1,0,下位,0,0,0
159,159,0,70,109,0,0,0,80,150,22,1,下位,0,0,0
242,242,0,140,293,0,0,0,159,161,-73,1,下位,0,0,0
138,138,0,188,212,1,0,0,0,0,1,0,下位,0,0,0
306,306,0,186,360,0,0,0,138,264,42,5,下位,0,0,0
820,820,0,42,7,0,0,0,306,412,-40,4,下位,0,0,0
332,332,0,146,221,0,1,820,306,412,-40,4,下位,0,820,59
206,206,0,64,39,1,0,0,0,0,1,0,下位,0,0,0
296,296,0,89,156,0,0,0,206,91,-240,1,下位,0,0,0
375,375,0,155,274,0,0,0,296,208,-509,2,下位,0,0,0
276,276,0,69,33,0,0,0,375,326,-788,4,下位,0,0,0
424,424,0,92,152,1,0,0,0,0,1,0,下位,0,0,0
421,421,0,52,65,0,0,0,424,204,-479,2,下位,0,0,0
255,255,0,162,267,0,1,421,424,204,-479,2,下位,0,421,117
216,216,0,52,65,0,0,0,676,319,-1133,5,下位,0,0,0
192,192,0,166,394,0,1,216,676,319,-1133,5,下位,0,216,117
221,221,0,108,121,1,0,0,0,0,1,0,下位,0,0,0
315,315,0,136,314,0,0,0,221,173,-182,2,下位,0,0,0
718,718,0,42,7,0,0,0,315,366,-324,4,下位,0,0,0
468,468,0,189,286,0,1,718,315,366,-324,4,下位,0,718,59
298,298,0,42,5,0,0,0,1186,338,-1840,5,下位,0,0,0
965,965,0,1546,7718,0,1,298,1186,338,-1840,5,下位,0,298,57
171,171,0,153,270,0,0,0,1263,7770,760,13,上位,0,0,0
909,909,0,80,99,0,0,0,171,322,806,4,下位,0,0,0
281,281,0,168,244,1,0,0,0,0,1,0,下位,0,0,0
400,400,0,52,65,0,0,0,281,296,-156,3,下位,0,0,0
252,252,0,133,298,0,1,400,281,296,-156,3,下位,0,400,117
968,968,0,83,76,0,0,0,652,350,-740,3,下位,0,0,0
214,214,0,102,141,1,0,0,0,0,1,0,下位,0,0,0
228,228,0,70,123,0,0,0,214,193,-151,2,下位,0,0,0
703,703,0,121,140,0,0,0,228,175,-344,1,下位,0,0,0
444,444,0,52,71,0,0,0,703,192,-1286,2,下位,0,0,0
69,69,0,86,73,0,1,444,703,192,-1286,2,下位,0,444,123
468,468,0,85,87,0,0,0,513,125,-1865,1,下位,0,0,0
557,557,0,145,219,0,0,0,468,139,-2481,1,下位,0,0,0
501,501,0,910,4682,1,0,0,0,0,1,0,下位,0,0,0
601,601,0,64,37,1,0,0,0,0,1,0,下位,0,0,0
418,418,0,90,150,0,0,0,601,89,-879,1,下位,0,0,0
824,824,0,72,104,0,0,0,418,202,-1351,2,下位,0,0,0
267,267,0,186,227,0,0,0,824,156,-2524,1,下位,0,0,0
337,337,0,82,163,0,0,0,267,279,-2676,4,下位,0,0,0
807,807,0,92,195,0,0,0,337,215,-3005,2,下位,0,0,0
418,418,0,147,294,0,0,0,807,247,-4060,3,下位,0,0,0
453,453,0,124,246,0,0,0,418,346,-4388,4,下位,0,0,0
908,908,0,91,152,1,0,0,0,0,1,0,下位,0,0,0
270,270,0,42,7,0,0,0,908,204,-1260,2,下位,0,0,0
200,200,0,190,353,0,1,270,908,204,-1260,2,下位,0,270,59
698,698,0,76,105,1,0,0,0,0,1,0,下位,0,0,0
60,60,0,122,244,0,0,0,698,157,-968,1,下位,0,0,0
587,587,0,130,160,0,0,0,60,296,-769,4,下位,0,0,0
490,490,0,41,3,0,0,0,587,212,-1504,3,下位,0,0,0
308,308,0,42,9,0,1,490,587,212,-1504,3,下位,0,490,55
945,945,0,80,175,0,2,798,587,212,-1504,3,下位,0,308,61
198,198,0,124,175,0,0,0,1743,227,-3972,1,下位,0,0,0
755,755,0,133,235,0,0,0,198,227,-4064,2,下位,0,0,0
737,737,0,161,274,0,0,0,755,287,-4995,2,下位,0,0,0
233,233,0,124,328,0,0,0,737,326,-5858,4,下位,0,0,0
199,199,0,108,136,0,0,0,233,380,-5854,3,下位,0,0,0
732,732,0,88,76,1,0,0,0,0,1,0,下位,0,0,0
803,803,0,97,124,0,0,0,732,128,-1052,1,下位,0,0,0
691,691,0,120,177,0,0,0,803,176,-2171,2,下位,0,0,0
917,917,0,97,281,0,0,0,691,229,-3057,2,下位,0,0,0
623,623,0,134,164,1,0,0,0,0,1,0,下位,0,0,0
565,565,0,106,271,0,0,0,623,216,-788,3,下位,0,0,0
805,805,0,118,324,1,0,0,0,0,1,0,下位,0,0,0
329,329,0,149,219,0,0,0,805,376,-921,3,下位,0,0,0
963,963,0,80,19,0,0,0,329,271,-1181,4,下位,0,0,0
142,142,0,104,207,0,0,0,963,71,-2663,1,下位,0,0,0
784,784,0,95,223,0,0,0,142,259,-2633,2,下位,0,0,0
602,602,0,188,358,0,0,0,784,275,-3623,2,下位,0,0,0
235,235,0,42,11,0,0,0,602,410,-4184,5,下位,0,0,0
876,876,0,95,143,0,1,235,602,410,-4184,5,下位,0,235,63
733,733,0,74,34,1,0,0,0,0,1,0,下位,0,0,0
554,554,0,1222,5824,0,0,0,733,86,-1095,1,下位,0,0,0
488,488,0,84,171,0,0,0,554,5876,767,12,上位,0,0,0
93,93,0,583,2747,0,0,0,488,223,203,1,下位,0,0,0
86,86,0,184,224,0,0,0,93,2799,764,5,上位,0,0,0
690,690,0,128,92,1,0,0,0,0,1,0,下位,0,0,0
864,864,0,1242,6218,0,0,0,690,144,-968,3,下位,0,0,0
964,964,0,97,141,0,0,0,864,6270,749,11,上位,0,0,0
220,220,0,50,58,0,0,0,964,193,-613,2,下位,0,0,0
240,240,0,82,90,0,1,220,964,193,-613,2,下位,0,220,110
255,255,0,122,106,1,0,0,0,0,1,0,下位,0,0,0
695,695,0,60,47,0,0,0,255,158,-252,2,下位,0,0,0
668,668,0,142,275,0,0,0,695,99,-1274,1,下位,0,0,0
207,207,0,174,320,0,0,0,668,327,-2024,3,下位,0,0,0
159,159,0,94,74,0,0,0,207,372,-1986,4,下位,0,0,0
138,138,0,858,4042,1,0,0,0,0,1,0,下位,0,0,0
515,515,0,124,240,1,0,0,0,0,1,0,下位,0,0,0
549,549,0,1256,6086,0,0,0,515,292,-538,3,下位,0,0,0
4,4,0,78,171,1,0,0,0,0,1,0,下位,0,0,0
649,649,0,938,4716,0,0,0,4,223,218,1,下位,0,0,0
249,249,0,52,65,0,0,0,649,4768,763,9,上位,0,0,0
456,456,0,176,238,0,1,249,649,4768,763,9,上位,0,249,117
512,512,0,74,29,1,0,0,0,0,1,0,下位,0,0,0
326,326,0,92,212,0,0,0,512,81,-744,1,下位,0,0,0
85,85,0,41,1,1,0,0,0,0,1,0,下位,0,0,0
971,971,0,94,141,1,1,85,0,0,1,0,下位,0,85,53
210,210,0,113,185,0,0,0,1056,193,-1456,1,下位,0,0,0
282,282,0,89,152,0,0,0,210,237,-1558,2,下位,0,0,0
689,689,0,159,186,1,0,0,0,0,1,0,下位,0,0,0
967,967,0,74,95,0,0,0,689,238,-872,3,下位,0,0,0
203,203,0,42,5,0,0,0,967,147,-2285,1,下位,0,0,0
251,251,0,1360,6800,0,1,203,967,147,-2285,1,下位,0,203,57
207,207,0,121,248,0,0,0,454,6852,732,13,上位,0,0,0
164,164,0,122,174,0,0,0,207,300,698,3,下位,0,0,0
169,169,0,109,128,1,0,0,0,0,1,0,下位,0,0,0
239,239,0,59,59,1,0,0,0,0,1,0,下位,0,0,0
968,968,0,41,3,0,0,0,239,111,-273,1,下位,0,0,0
329,329,0,76,102,0,1,968,239,111,-273,1,下位,0,968,55
358,358,0,1578,8020,0,0,0,1297,154,-2156,1,下位,0,0,0
291,291,0,67,105,1,0,0,0,0,1,0,下位,0,0,0
154,154,0,209,257,0,0,0,291,157,-311,1,下位,0,0,0
877,877,0,124,319,0,0,0,154,309,-250,5,下位,0,0,0
309,309,0,68,116,0,0,0,877,371,-1294,3,下位,0,0,0
277,277,0,42,7,0,0,0,309,168,-1624,1,下位,0,0,0
757,757,0,134,227,0,1,277,309,168,-1624,1,下位,0,277,59
678,678,0,70,109,0,0,0,1034,279,-2954,3,下位,0,0,0
504,504,0,111,188,1,0,0,0,0,1,0,下位,0,0,0
592,592,0,104,135,0,0,0,504,240,-572,2,下位,0,0,0
360,360,0,91,86,0,0,0,592,187,-1340,2,下位,0,0,0
912,912,0,164,189,0,0,0,360,138,-1783,2,下位,0,0,0
701,701,0,135,156,0,0,0,912,241,-3013,4,下位,0,0,0
348,348,0,108,205,0,0,0,701,208,-3936,2,下位,0,0,0
455,455,0,90,81,0,0,0,348,257,-4240,2,下位,0,0,0
684,684,0,2269,11834,1,0,0,0,0,1,0,下位,0,0,0
122,122,0,52,69,1,0,0,0,0,1,0,下位,0,0,0
397,397,0,92,146,1,1,122,0,0,1,0,下位,0,122,121
396,396,0,93,142,0,0,0,519,198,-517,1,下位,0,0,0
98,98,0,42,5,0,0,0,396,194,-962,2,下位,0,0,0
295,295,0,41,3,0,1,98,396,194,-962,2,下位,0,98,57
774,774,0,86,89,0,2,393,396,194,-962,2,下位,0,295,55
525,525,0,72,40,0,0,0,1167,141,-2591,1,下位,0,0,0
197,197,0,112,122,0,0,0,525,92,-3346,1,下位,0,0,0
964,964,0,81,149,0,0,0,197,174,-3490,3,下位,0,0,0
800,800,0,84,87,0,0,0,964,201,-4844,1,下位,0,0,0
879,879,0,80,91,1,0,0,0,0,1,0,下位,0,0,0
342,342,0,85,162,0,0,0,879,143,-1274,1,下位,0,0,0
386,386,0,166,248,0,0,0,342,214,-1612,1,下位,0,0,0
173,173,0,120,197,0,0,0,386,300,-1935,4,下位,0,0,0
208,208,0,64,121,0,0,0,173,249,-1965,2,下位,0,0,0
400,400,0,85,82,0,0,0,208,173,-2127,1,下位,0,0,0
564,564,0,114,118,1,0,0,0,0,1,0,下位,0,0,0
455,455,0,94,208,0,0,0,564,170,-739,2,下位,0,0,0
966,966,0,52,65,0,0,0,455,260,-1213,2,下位,0,0,0
706,706,0,93,155,0,1,966,455,260,-1213,2,下位,0,966,117
962,962,0,51,63,0,0,0,1672,207,-3586,2,下位,0,0,0
280,280,0,1545,7713,0,1,962,1672,207,-3586,2,下位,0,962,115
301,301,0,102,211,0,0,0,1242,7765,750,13,上位,0,0,0
666,666,0,132,243,1,0,0,0,0,1,0,下位,0,0,0
964,964,0,52,65,0,0,0,666,295,-778,3,下位,0,0,0
513,513,0,98,140,0,1,964,666,295,-778,3,下位,0,964,117
953,953,0,96,229,0,0,0,1477,192,-2851,1,下位,0,0,0
527,527,0,106,47,1,0,0,0,0,1,0,下位,0,0,0
864,864,0,180,372,0,0,0,527,99,-750,2,下位,0,0,0
968,968,0,166,252,0,0,0,864,424,-1720,5,下位,0,0,0
912,912,0,112,266,0,0,0,968,304,-2977,3,下位,0,0,0
344,344,0,69,163,0,0,0,912,318,-4130,3,下位,0,0,0
654,654,0,1012,4891,1,0,0,0,0,1,0,下位,0,0,0
169,169,0,114,197,1,0,0,0,0,1,0,下位,0,0,0
482,482,0,70,107,0,0,0,169,249,-23,3,下位,0,0,0
388,388,0,42,7,0,0,0,482,159,-641,1,下位,0,0,0
525,525,0,52,69,0,1,388,482,159,-641,1,下位,0,388,59
771,771,0,94,143,0,2,913,482,159,-641,1,下位,0,525,121
631,631,0,175,225,0,0,0,1684,195,-2983,2,下位,0,0,0
611,611,0,192,300,0,0,0,631,277,-3724,3,下位,0,0,0
330,330,0,72,109,1,0,0,0,0,1,0,下位,0,0,0
189,189,0,148,350,0,0,0,330,161,-370,2,下位,0,0,0
95,95,0,935,5064,0,0,0,189,402,-273,4,下位,0,0,0
806,806,0,42,11,0,0,0,95,3857,763,5,上位,0,0,0
810,810,0,92,70,0,1,806,95,3857,763,5,上位,0,806,63
973,973,0,68,120,0,0,0,1616,122,-1658,1,下位,0,0,0
765,765,0,124,327,1,0,0,0,0,1,0,下位,0,0,0
817,817,0,42,11,0,0,0,765,379,-854,4,下位,0,0,0
173,173,0,52,69,0,1,817,765,379,-854,4,下位,0,817,63
180,180,0,78,98,0,2,990,765,379,-854,4,下位,0,173,121
714,714,0,186,255,0,0,0,1170,150,-2407,1,下位,0,0,0
66,66,0,42,9,0,0,0,714,307,-3252,4,下位,0,0,0
710,710,0,178,211,0,1,66,714,307,-3252,4,下位,0,66,61
617,617,0,160,195,0,0,0,776,263,-4179,5,下位,0,0,0
187,187,0,84,69,0,0,0,617,247,-4927,3,下位,0,0,0
966,966,0,1954,10243,0,0,0,187,121,-5108,1,下位,0,0,0
818,818,0,79,161,1,0,0,0,0,1,0,下位,0,0,0
96,96,0,94,233,0,0,0,818,213,-1105,1,下位,0,0,0
87,87,0,935,4984,0,0,0,96,285,-975,2,下位,0,0,0
691,691,0,1030,4952,1,0,0,0,0,1,0,下位,0,0,0
66,66,0,123,171,0,0,0,691,5004,755,10,上位,0,0,0
598,598,0,52,71,0,0,0,66,223,872,2,下位,0,0,0
967,967,0,95,148,0,1,598,66,223,872,2,下位,0,598,123
660,660,0,41,1,0,0,0,1565,200,-1330,2,下位,0,0,0
215,215,0,42,11,0,1,660,1565,200,-1330,2,下位,0,660,53
575,575,0,74,31,0,2,875,1565,200,-1330,2,下位,0,215,63
174,174,0,1349,6776,0,0,0,1450,83,-3470,1,下位,0,0,0
901,901,0,156,203,1,0,0,0,0,1,0,下位,0,0,0
280,280,0,42,5,0,0,0,901,255,-1197,2,下位,0,0,0
662,662,0,1366,7254,0,1,280,901,255,-1197,2,下位,0,280,57
48,48,0,98,146,1,0,0,0,0,1,0,下位,0,0,0
602,602,0,1075,5427,0,0,0,48,198,122,1,下位,0,0,0
222,222,0,82,90,1,0,0,0,0,1,0,下位,0,0,0
401,401,0,78,176,0,0,0,222,142,-215,1,下位,0,0,0
397,397,0,84,162,0,0,0,401,228,-634,1,下位,0,0,0
98,98,0,117,180,1,0,0,0,0,1,0,下位,0,0,0
684,684,0,83,88,0,0,0,98,232,75,3,下位,0,0,0
248,248,0,52,67,0,0,0,684,140,-888,1,下位,0,0,0
177,177,0,176,331,0,1,248,684,140,-888,1,下位,0,248,119
269,269,0,79,170,0,0,0,425,383,-1071,5,下位,0,0,0
108,108,0,42,6,0,0,0,269,222,-1283,1,下位,0,0,0
965,965,0,97,142,0,1,108,269,222,-1283,1,下位,0,108,58
240,240,0,72,101,0,0,0,1073,194,-2761,1,下位,0,0,0
798,798,0,106,284,0,0,0,240,153,-2995,1,下位,0,0,0
278,278,0,97,142,0,0,0,798,336,-3946,2,下位,0,0,0
973,973,0,51,61,0,0,0,278,194,-4200,1,下位,0,0,0
567,567,0,104,105,0,1,973,278,194,-4200,1,下位,0,973,113
218,218,0,1153,5913,0,0,0,1540,157,-6414,2,下位,0,0,0
543,543,0,171,167,1,0,0,0,0,1,0,下位,0,0,0
322,322,0,134,237,0,0,0,543,219,-656,3,下位,0,0,0
464,464,0,142,124,0,0,0,322,289,-886,3,下位,0,0,0
293,293,0,66,114,0,0,0,464,176,-1458,3,下位,0,0,0
235,235,0,42,7,0,0,0,293,166,-1765,1,下位,0,0,0
860,860,0,1382,7281,0,1,235,293,166,-1765,1,下位,0,235,59
242,242,0,64,39,0,0,0,1095,7333,766,13,上位,0,0,0
23,23,0,146,276,1,0,0,0,0,1,0,下位,0,0,0
127,127,0,52,67,0,0,0,23,328,292,4,下位,0,0,0
884,884,0,52,65,0,1,127,23,328,292,4,下位,0,127,119
528,528,0,89,151,0,2,1011,23,328,292,4,下位,0,884,117
219,219,0,108,191,0,0,0,1539,203,-1752,1,下位,0,0,0
304,304,0,1212,6171,0,0,0,219,243,-1862,2,下位,0,0,0
968,968,0,51,61,0,0,0,304,6223,764,10,上位,0,0,0
386,386,0,720,3213,0,1,968,304,6223,764,10,上位,0,968,113
486,486,0,52,67,0,0,0,1354,3265,766,8,上位,0,0,0
739,739,0,42,9,0,1,486,1354,3265,766,8,上位,0,486,119
793,793,0,42,7,0,2,1225,1354,3265,766,8,上位,0,739,61
483,483,0,96,61,0,3,2018,1354,3265,766,8,上位,0,793,59
779,779,0,74,33,0,0,0,2501,113,-2916,2,下位,0,0,0
567,567,0,70,105,1,0,0,0,0,1,0,下位,0,0,0
219,219,0,106,199,0,0,0,567,157,-757,1,下位,0,0,0
965,965,0,140,214,0,0,0,219,251,-859,2,下位,0,0,0
926,926,0,93,144,1,0,0,0,0,1,0,下位,0,0,0
258,258,0,157,206,0,0,0,926,196,-1297,2,下位,0,0,0
507,507,0,192,352,1,0,0,0,0,1,0,下位,0,0,0
593,593,0,134,93,1,0,0,0,0,1,0,下位,0,0,0
113,113,0,867,3982,1,0,0,0,0,1,0,下位,0,0,0
819,819,0,1106,5207,1,0,0,0,0,1,0,下位,0,0,0
580,580,0,960,4761,1,0,0,0,0,1,0,下位,0,0,0
259,259,0,177,149,1,0,0,0,0,1,0,下位,0,0,0
744,744,0,78,89,0,0,0,259,201,-216,4,下位,0,0,0
225,225,0,62,117,0,0,0,744,141,-1275,1,下位,0,0,0
216,216,0,82,88,0,0,0,225,169,-1469,1,下位,0,0,0
331,331,0,90,137,0,0,0,216,140,-1677,1,下位,0,0,0
237,237,0,87,161,0,0,0,331,189,-2022,2,下位,0,0,0
717,717,0,1146,5741,1,0,0,0,0,1,0,下位,0,0,0
92,92,0,122,156,0,0,0,717,5793,771,11,上位,0,0,0
411,411,0,604,2878,0,0,0,92,208,831,3,下位,0,0,0
91,91,0,100,131,0,0,0,411,2930,770,6,上位,0,0,0
779,779,0,95,147,1,0,0,0,0,1,0,下位,0,0,0
869,869,0,41,1,0,0,0,779,199,-1056,2,下位,0,0,0
36,36,0,59,57,0,1,869,779,199,-1056,2,下位,0,869,53
473,473,0,110,192,1,0,0,0,0,1,0,下位,0,0,0
546,546,0,199,368,0,0,0,473,244,-518,2,下位,0,0,0
741,741,0,62,39,1,0,0,0,0,1,0,下位,0,0,0
695,695,0,90,155,0,0,0,741,91,-1103,1,下位,0,0,0
807,807,0,1394,7189,0,0,0,695,207,-2017,2,下位,0,0,0
416,416,0,75,111,1,0,0,0,0,1,0,下位,0,0,0
466,466,0,49,50,0,0,0,416,163,-507,1,下位,0,0,0
260,260,0,116,154,0,1,466,416,163,-507,1,下位,0,466,102
457,457,0,42,9,0,0,0,726,206,-1370,3,下位,0,0,0
112,112,0,72,105,0,1,457,726,206,-1370,3,下位,0,457,61
634,634,0,73,153,0,0,0,569,157,-2070,1,下位,0,0,0
196,196,0,179,313,0,0,0,634,205,-2888,1,下位,0,0,0
790,790,0,65,49,1,0,0,0,0,1,0,下位,0,0,0
747,747,0,77,25,0,0,0,790,101,-1172,1,下位,0,0,0
161,161,0,120,263,0,0,0,747,77,-2300,1,下位,0,0,0
624,624,0,88,166,0,0,0,161,315,-2245,3,下位,0,0,0
228,228,0,876,4157,1,0,0,0,0,1,0,下位,0,0,0
258,258,0,52,65,0,0,0,228,4209,768,8,上位,0,0,0
781,781,0,68,107,0,1,258,228,4209,768,8,上位,0,258,117
158,158,0,69,37,0,0,0,1039,159,-632,1,下位,0,0,0
526,526,0,74,102,1,0,0,0,0,1,0,下位,0,0,0
635,635,0,42,5,0,0,0,526,154,-693,1,下位,0,0,0
970,970,0,144,213,0,1,635,526,154,-693,1,下位,0,635,57
801,801,0,125,155,0,0,0,1605,265,-2960,4,下位,0,0,0
219,219,0,69,115,1,0,0,0,0,1,0,下位,0,0,0
774,774,0,84,82,0,0,0,219,167,-185,1,下位,0,0,0
326,326,0,160,190,0,0,0,774,134,-1299,2,下位,0,0,0
316,316,0,198,357,0,0,0,326,242,-1583,3,下位,0,0,0
157,157,0,42,5,1,0,0,0,0,1,0,下位,0,0,0
590,590,0,102,126,1,1,157,0,0,1,0,下位,0,157,57
245,245,0,142,218,0,0,0,747,178,-969,1,下位,0,0,0
754,754,0,1615,7994,0,0,0,245,270,-1094,2,下位,0,0,0
788,788,0,72,151,1,0,0,0,0,1,0,下位,0,0,0
887,887,0,42,5,0,0,0,788,203,-1067,1,下位,0,0,0
783,783,0,145,121,0,1,887,788,203,-1067,1,下位,0,887,57
210,210,0,850,4218,1,0,0,0,0,1,0,下位,0,0,0
912,912,0,111,201,0,0,0,210,4270,772,9,上位,0,0,0
797,797,0,67,44,1,0,0,0,0,1,0,下位,0,0,0
690,690,0,978,4744,0,0,0,797,96,-1188,1,下位,0,0,0
270,270,0,1481,7352,1,0,0,0,0,1,0,下位,0,0,0
72,72,0,42,9,0,0,0,270,7404,766,13,上位,0,0,0
780,780,0,93,149,0,1,72,270,7404,766,13,上位,0,72,61
161,161,0,77,89,0,0,0,852,201,-346,1,下位,0,0,0
792,792,0,52,67,0,0,0,161,141,-465,1,下位,0,0,0
242,242,0,138,155,0,1,792,161,141,-465,1,下位,0,792,119
262,262,0,52,65,0,0,0,1034,207,-1806,4,下位,0,0,0
773,773,0,60,55,0,1,262,1034,207,-1806,4,下位,0,262,117
208,208,0,85,81,0,0,0,1035,107,-3252,1,下位,0,0,0
571,571,0,83,89,0,0,0,208,133,-3454,1,下位,0,0,0
142,142,0,160,344,0,0,0,571,141,-4234,1,下位,0,0,0
244,244,0,162,338,0,0,0,142,396,-4067,4,下位,0,0,0
667,667,0,166,255,1,0,0,0,0,1,0,下位,0,0,0
639,639,0,100,69,1,0,0,0,0,1,0,下位,0,0,0
294,294,0,119,185,0,0,0,639,121,-909,2,下位,0,0,0
509,509,0,113,195,0,0,0,294,237,-1146,2,下位,0,0,0
964,964,0,176,228,0,0,0,509,247,-1720,2,下位,0,0,0
491,491,0,128,161,0,0,0,964,280,-2995,3,下位,0,0,0
203,203,0,51,63,0,0,0,491,213,-3574,2,下位,0,0,0
255,255,0,86,92,0,1,203,491,213,-3574,2,下位,0,203,115
118,118,0,172,384,1,0,0,0,0,1,0,下位,0,0,0
397,397,0,51,61,0,0,0,118,436,247,5,下位,0,0,0
160,160,0,1065,5090,0,1,397,118,436,247,5,下位,0,397,113
643,643,0,70,115,1,0,0,0,0,1,0,下位,0,0,0
160,160,0,82,88,0,0,0,643,167,-869,1,下位,0,0,0
95,95,0,1295,6480,0,0,0,160,140,-987,1,下位,0,0,0
889,889,0,42,11,0,0,0,95,6532,744,10,上位,0,0,0
179,179,0,72,175,0,1,889,95,6532,744,10,上位,0,889,63
315,315,0,56,62,0,0,0,1068,227,-689,1,下位,0,0,0
261,261,0,78,163,0,0,0,315,114,-1083,1,下位,0,0,0
212,212,0,878,4084,0,0,0,261,215,-1289,1,下位,0,0,0
370,370,0,51,63,0,0,0,212,4136,758,8,上位,0,0,0
88,88,0,124,94,0,1,370,212,4136,758,8,上位,0,370,115
936,936,0,51,61,0,0,0,458,146,280,3,下位,0,0,0
88,88,0,52,69,0,1,936,458,146,280,3,下位,0,936,113
382,382,0,110,107,0,2,1024,458,146,280,3,下位,0,88,121
418,418,0,70,121,1,0,0,0,0,1,0,下位,0,0,0
71,71,0,68,115,0,0,0,418,173,-500,1,下位,0,0,0
988,988,0,113,113,1,0,0,0,0,1,0,下位,0,0,0
596,596,0,120,246,0,0,0,988,165,-1428,2,下位,0,0,0
248,248,0,120,310,0,0,0,596,298,-2091,3,下位,0,0,0
187,187,0,52,65,0,0,0,248,362,-2129,4,下位,0,0,0
323,323,0,83,85,0,1,187,248,362,-2129,4,下位,0,187,117
427,427,0,122,233,0,0,0,510,137,-2698,1,下位,0,0,0
151,151,0,1108,5678,0,0,0,427,285,-3102,3,下位,0,0,0
665,665,0,173,398,1,0,0,0,0,1,0,下位,0,0,0
158,158,0,52,67,0,0,0,665,450,-622,5,下位,0,0,0
223,223,0,74,29,0,1,158,665,450,-622,5,下位,0,158,119
571,571,0,971,4773,1,0,0,0,0,1,0,下位,0,0,0
869,869,0,163,260,0,0,0,571,4825,763,10,上位,0,0,0
404,404,0,1261,6040,1,0,0,0,0,1,0,下位,0,0,0
794,794,0,175,414,1,0,0,0,0,1,0,下位,0,0,0
165,165,0,80,69,0,0,0,794,466,-814,5,下位,0,0,0
962,962,0,95,48,0,0,0,165,121,-959,1,下位,0,0,0
730,730,0,74,33,0,0,0,962,100,-2411,2,下位,0,0,0
500,500,0,84,167,0,0,0,730,85,-3503,1,下位,0,0,0
252,252,0,106,136,0,0,0,500,219,-4090,1,下位,0,0,0
350,350,0,73,177,0,0,0,252,188,-4308,2,下位,0,0,0
73,73,0,102,132,0,0,0,350,229,-4644,1,下位,0,0,0
277,277,0,88,88,0,0,0,73,184,-4578,1,下位,0,0,0
33,33,0,1080,5402,1,0,0,0,0,1,0,下位,0,0,0
208,208,0,150,208,0,0,0,33,5454,748,10,上位,0,0,0
137,137,0,137,197,1,0,0,0,0,1,0,下位,0,0,0
890,890,0,132,248,0,0,0,137,249,29,3,下位,0,0,0
435,435,0,51,61,0,0,0,890,300,-1106,2,下位,0,0,0
174,174,0,121,172,0,1,435,890,300,-1106,2,下位,0,435,113
235,235,0,90,226,0,0,0,609,224,-1752,4,下位,0,0,0
924,924,0,42,7,0,0,0,235,278,-1853,2,下位,0,0,0
751,751,0,73,32,0,1,924,235,278,-1853,2,下位,0,924,59
472,472,0,1350,6623,0,0,0,1675,84,-4411,1,下位,0,0,0
644,644,0,103,200,1,0,0,0,0,1,0,下位,0,0,0
304,304,0,71,39,0,0,0,644,252,-786,2,下位,0,0,0
914,914,0,78,89,0,0,0,304,91,-1185,1,下位,0,0,0
387,387,0,140,143,0,0,0,914,141,-2518,1,下位,0,0,0
45,45,0,1184,6034,0,0,0,387,195,-2947,2,下位,0,0,0
773,773,0,86,82,1,0,0,0,0,1,0,下位,0,0,0
965,965,0,158,258,0,0,0,773,134,-1112,2,下位,0,0,0
241,241,0,42,9,0,0,0,965,310,-2358,3,下位,0,0,0
783,783,0,148,215,0,1,241,965,310,-2358,3,下位,0,241,61
236,236,0,74,107,0,0,0,1024,267,-3682,4,下位,0,0,0
700,700,0,60,45,0,0,0,236,159,-3904,1,下位,0,0,0
292,292,0,1228,6181,0,0,0,700,97,-4936,1,下位,0,0,0
277,277,0,114,120,0,0,0,292,6233,771,12,上位,0,0,0
740,740,0,76,103,0,0,0,277,172,496,2,下位,0,0,0
243,243,0,88,149,1,0,0,0,0,1,0,下位,0,0,0
271,271,0,41,3,0,0,0,243,201,-190,1,下位,0,0,0
274,274,0,86,168,0,1,271,243,201,-190,1,下位,0,271,55
759,759,0,121,182,0,0,0,545,220,-794,2,下位,0,0,0
166,166,0,128,165,0,0,0,759,234,-1784,2,下位,0,0,0
205,205,0,42,9,0,0,0,166,217,-1835,3,下位,0,0,0
344,344,0,210,345,0,1,205,166,217,-1835,3,下位,0,205,61
88,88,0,1144,6356,0,0,0,549,397,-2263,6,下位,0,0,0
614,614,0,51,61,0,0,0,88,5429,753,7,上位,0,0,0
892,892,0,91,74,0,1,614,88,5429,753,7,上位,0,614,113
331,331,0,72,40,1,0,0,0,0,1,0,下位,0,0,0
572,572,0,140,312,0,0,0,331,92,-441,1,下位,0,0,0
248,248,0,51,61,0,0,0,572,364,-1000,3,下位,0,0,0
924,924,0,138,239,0,1,248,572,364,-1000,3,下位,0,248,113
964,964,0,1485,7822,0,0,0,1172,291,-2486,3,下位,0,0,0
942,942,0,114,178,0,0,0,964,7874,757,12,上位,0,0,0
173,173,0,138,243,0,0,0,942,230,-532,2,下位,0,0,0
662,662,0,132,301,1,0,0,0,0,1,0,下位,0,0,0
173,173,0,78,22,0,0,0,662,353,-714,3,下位,0,0,0
238,238,0,78,89,0,0,0,173,74,-919,1,下位,0,0,0
139,139,0,80,89,0,0,0,238,141,-1162,1,下位,0,0,0
745,745,0,100,218,1,0,0,0,0,1,0,下位,0,0,0
93,93,0,86,83,0,0,0,745,270,-931,2,下位,0,0,0
688,688,0,200,272,0,0,0,93,135,-946,1,下位,0,0,0
854,854,0,111,196,0,0,0,688,324,-1732,5,下位,0,0,0
256,256,0,86,93,0,0,0,854,248,-2861,2,下位,0,0,0
72,72,0,106,260,0,0,0,256,145,-3129,1,下位,0,0,0
644,644,0,66,43,1,0,0,0,0,1,0,下位,0,0,0
412,412,0,125,317,0,0,0,644,95,-943,1,下位,0,0,0
247,247,0,1089,5537,0,0,0,412,369,-1239,3,下位,0,0,0
963,963,0,42,11,0,0,0,247,5589,756,10,上位,0,0,0
615,615,0,42,7,0,1,963,247,5589,756,10,上位,0,963,63
792,792,0,125,141,0,2,1578,247,5589,756,10,上位,0,615,59
460,460,0,70,102,1,0,0,0,0,1,0,下位,0,0,0
554,554,0,108,194,0,0,0,460,154,-587,1,下位,0,0,0
180,180,0,1076,5379,0,0,0,554,246,-1235,2,下位,0,0,0
164,164,0,606,2630,0,0,0,180,5431,754,11,上位,0,0,0
112,112,0,160,352,0,0,0,164,2682,750,7,上位,0,0,0
967,967,0,741,3013,0,0,0,112,404,973,4,下位,0,0,0
969,969,0,1240,6130,0,0,0,967,3065,748,8,上位,0,0,0
884,884,0,159,338,1,0,0,0,0,1,0,下位,0,0,0
36,36,0,933,4917,0,0,0,884,390,-1035,4,下位,0,0,0
213,213,0,41,1,0,0,0,36,3824,745,5,上位,0,0,0
229,229,0,104,134,0,1,213,36,3824,745,5,上位,0,213,53
692,692,0,131,308,1,0,0,0,0,1,0,下位,0,0,0
206,206,0,43,12,0,0,0,692,360,-755,4,下位,0,0,0
275,275,0,51,63,0,1,206,692,360,-755,4,下位,0,206,64
494,494,0,42,7,0,2,481,692,360,-755,4,下位,0,275,115
86,86,0,83,161,0,3,975,692,360,-755,4,下位,0,494,59
173,173,0,120,179,0,0,0,1061,213,-2016,1,下位,0,0,0
962,962,0,157,339,0,0,0,173,231,-2064,2,下位,0,0,0
284,284,0,101,127,0,0,0,962,391,-3225,4,下位,0,0,0
145,145,0,68,116,0,0,0,284,179,-3504,2,下位,0,0,0
241,241,0,84,154,0,0,0,145,168,-3570,1,下位,0,0,0
434,434,0,70,113,0,0,0,241,206,-3753,2,下位,0,0,0
144,144,0,52,69,0,0,0,434,165,-4288,1,下位,0,0,0
969,969,0,102,141,0,1,144,434,165,-4288,1,下位,0,144,121
973,973,0,1122,5424,1,0,0,0,0,1,0,下位,0,0,0
376,376,0,683,2964,0,0,0,973,5476,753,11,上位,0,0,0
906,906,0,42,5,0,0,0,376,3016,751,7,上位,0,0,0
819,819,0,42,7,0,1,906,376,3016,751,7,上位,0,906,57
971,971,0,124,170,0,2,1725,376,3016,751,7,上位,0,819,59
537,537,0,92,66,0,0,0,2696,222,-3259,3,下位,0,0,0
117,117,0,1591,7877,1,0,0,0,0,1,0,下位,0,0,0
212,212,0,42,11,0,0,0,117,7929,768,14,上位,0,0,0
964,964,0,92,145,0,1,212,117,7929,768,14,上位,0,212,63
981,981,0,113,114,1,0,0,0,0,1,0,下位,0,0,0
926,926,0,80,91,0,0,0,981,166,-1415,3,下位,0,0,0
965,965,0,77,81,0,0,0,926,143,-2766,1,下位,0,0,0
57,57,0,78,89,1,0,0,0,0,1,0,下位,0,0,0
293,293,0,69,114,0,0,0,57,141,50,1,下位,0,0,0
190,190,0,86,80,0,0,0,293,166,-257,1,下位,0,0,0
219,219,0,154,204,0,0,0,190,132,-431,1,下位,0,0,0
967,967,0,42,9,0,0,0,219,256,-528,3,下位,0,0,0
595,595,0,160,338,0,1,967,219,256,-528,3,下位,0,967,61
90,90,0,1400,7283,0,0,0,1562,390,-2597,4,下位,0,0,0
291,291,0,66,43,0,0,0,90,6067,779,8,上位,0,0,0
90,90,0,76,33,0,0,0,291,95,405,1,下位,0,0,0
691,691,0,144,364,0,0,0,90,85,345,1,下位,0,0,0
965,965,0,146,145,0,0,0,691,416,-354,4,下位,0,0,0
214,214,0,62,46,0,0,0,965,197,-1713,2,下位,0,0,0
114,114,0,107,130,1,0,0,0,0,1,0,下位,0,0,0
689,689,0,70,28,0,0,0,114,182,-1,2,下位,0,0,0
320,320,0,70,24,0,0,0,689,80,-1032,1,下位,0,0,0
338,338,0,80,91,0,0,0,320,76,-1472,1,下位,0,0,0
273,273,0,42,9,0,0,0,338,143,-1874,1,下位,0,0,0
94,94,0,1278,6287,0,1,273,338,143,-1874,1,下位,0,273,61
426,426,0,71,115,0,0,0,367,6339,759,11,上位,0,0,0
976,976,0,94,149,0,0,0,426,167,239,1,下位,0,0,0
555,555,0,52,67,1,0,0,0,0,1,0,下位,0,0,0
245,245,0,155,284,1,1,555,0,0,1,0,下位,0,555,119
733,733,0,176,313,0,0,0,800,336,-834,3,下位,0,0,0
118,118,0,42,5,0,0,0,733,365,-1651,4,下位,0,0,0
264,264,0,89,81,0,1,118,733,365,-1651,4,下位,0,118,57
598,598,0,114,261,1,0,0,0,0,1,0,下位,0,0,0
967,967,0,95,151,0,0,0,598,313,-651,3,下位,0,0,0
193,193,0,106,51,0,0,0,967,203,-2008,1,下位,0,0,0
426,426,0,123,182,0,0,0,193,103,-2216,2,下位,0,0,0
805,805,0,52,65,0,0,0,426,234,-2669,3,下位,0,0,0
242,242,0,128,241,0,1,805,426,234,-2669,3,下位,0,805,117
280,280,0,146,289,1,0,0,0,0,1,0,下位,0,0,0
439,439,0,72,114,1,0,0,0,0,1,0,下位,0,0,0
135,135,0,77,91,0,0,0,439,166,-541,1,下位,0,0,0
332,332,0,140,304,0,0,0,135,143,-616,1,下位,0,0,0
752,752,0,136,294,0,0,0,332,356,-795,3,下位,0,0,0
567,567,0,110,197,1,0,0,0,0,1,0,下位,0,0,0
665,665,0,142,138,0,0,0,567,249,-665,2,下位,0,0,0
265,265,0,41,0,0,0,0,665,190,-1548,4,下位,0,0,0
242,242,0,52,65,0,1,265,665,190,-1548,4,下位,0,265,52
201,201,0,98,280,0,2,507,665,190,-1548,4,下位,0,242,117
534,534,0,157,247,1,0,0,0,0,1,0,下位,0,0,0
252,252,0,133,300,0,0,0,534,299,-561,4,下位,0,0,0
250,250,0,92,78,0,0,0,252,352,-615,5,下位,0,0,0
962,962,0,223,317,0,0,0,250,130,-888,1,下位,0,0,0
232,232,0,62,117,1,0,0,0,0,1,0,下位,0,0,0
113,113,0,174,229,0,0,0,232,169,-204,1,下位,0,0,0
874,874,0,150,216,0,0,0,113,281,-105,3,下位,0,0,0
254,254,0,109,193,1,0,0,0,0,1,0,下位,0,0,0
378,378,0,108,135,0,0,0,254,245,-164,3,下位,0,0,0
146,146,0,181,386,0,0,0,378,187,-587,2,下位,0,0,0
837,837,0,72,108,1,0,0,0,0,1,0,下位,0,0,0
589,589,0,92,147,0,0,0,837,160,-1189,1,下位,0,0,0
381,381,0,108,192,1,0,0,0,0,1,0,下位,0,0,0
435,435,0,98,211,0,0,0,381,244,-370,3,下位,0,0,0
80,80,0,70,113,1,0,0,0,0,1,0,下位,0,0,0
280,280,0,840,4248,0,0,0,80,165,37,1,下位,0,0,0
317,317,0,94,213,0,0,0,280,4300,759,8,上位,0,0,0
875,875,0,79,97,0,0,0,317,265,513,2,下位,0,0,0
914,914,0,100,141,0,0,0,875,149,-749,1,下位,0,0,0
656,656,0,102,126,1,0,0,0,0,1,0,下位,0,0,0
206,206,0,72,106,0,0,0,656,178,-879,2,下位,0,0,0
292,292,0,84,98,0,0,0,206,158,-1053,1,下位,0,0,0
395,395,0,56,50,0,0,0,292,150,-1374,1,下位,0,0,0
973,973,0,78,24,0,0,0,395,102,-1909,1,下位,0,0,0
840,840,0,42,5,0,0,0,973,76,-3402,1,下位,0,0,0
756,756,0,51,61,0,1,840,973,76,-3402,1,下位,0,840,57
297,297,0,127,172,0,2,1596,973,76,-3402,1,下位,0,756,113
127,127,0,1499,7691,0,0,0,1893,224,-6061,2,下位,0,0,0
449,449,0,51,63,0,0,0,127,7743,751,13,上位,0,0,0
357,357,0,672,2982,0,1,449,127,7743,751,13,上位,0,449,115
861,861,0,52,65,0,0,0,806,3034,763,7,上位,0,0,0
78,78,0,51,61,0,1,861,806,3034,763,7,上位,0,861,117
194,194,0,120,267,0,2,939,806,3034,763,7,上位,0,78,113
229,229,0,69,31,1,0,0,0,0,1,0,下位,0,0,0
684,684,0,134,229,1,0,0,0,0,1,0,下位,0,0,0
156,156,0,66,38,0,0,0,684,281,-821,3,下位,0,0,0
522,522,0,74,38,0,0,0,156,90,-983,1,下位,0,0,0
907,907,0,93,130,0,0,0,522,90,-1735,1,下位,0,0,0
25,25,0,73,97,1,0,0,0,0,1,0,下位,0,0,0
276,276,0,77,102,0,0,0,25,149,110,1,下位,0,0,0
965,965,0,204,345,0,0,0,276,154,-181,1,下位,0,0,0
56,56,0,964,5238,0,0,0,965,397,-1340,5,下位,0,0,0
91,91,0,42,9,0,0,0,56,3847,750,5,上位,0,0,0
507,507,0,52,65,0,1,91,56,3847,750,5,上位,0,91,61
236,236,0,61,113,0,2,598,56,3847,750,5,上位,0,507,117
886,886,0,96,140,1,0,0,0,0,1,0,下位,0,0,0
849,849,0,118,160,0,0,0,886,192,-1236,1,下位,0,0,0
167,167,0,126,171,1,0,0,0,0,1,0,下位,0,0,0
89,89,0,56,66,0,0,0,167,223,-45,3,下位,0,0,0
835,835,0,146,139,1,0,0,0,0,1,0,下位,0,0,0
201,201,0,148,136,0,0,0,835,191,-1155,3,下位,0,0,0
131,131,0,83,87,1,0,0,0,0,1,0,下位,0,0,0
39,39,0,84,159,0,0,0,131,139,-71,1,下位,0,0,0
965,965,0,159,181,0,0,0,39,211,77,1,下位,0,0,0
326,326,0,77,176,0,0,0,965,233,-1246,4,下位,0,0,0
415,415,0,144,208,1,0,0,0,0,1,0,下位,0,0,0
604,604,0,69,105,1,0,0,0,0,1,0,下位,0,0,0
187,187,0,112,128,0,0,0,604,157,-816,1,下位,0,0,0
742,742,0,164,404,1,0,0,0,0,1,0,下位,0,0,0
178,178,0,104,205,1,0,0,0,0,1,0,下位,0,0,0
939,939,0,82,233,0,0,0,178,257,-29,2,下位,0,0,0
205,205,0,82,96,0,0,0,939,285,-1259,2,下位,0,0,0
711,711,0,92,220,0,0,0,205,148,-1442,1,下位,0,0,0
826,826,0,42,5,0,0,0,711,272,-2317,2,下位,0,0,0
783,783,0,117,194,0,1,826,711,272,-2317,2,下位,0,826,57
562,562,0,51,61,0,0,0,1609,246,-4609,2,下位,0,0,0
110,110,0,100,135,0,1,562,1609,246,-4609,2,下位,0,562,113
139,139,0,112,262,1,0,0,0,0,1,0,下位,0,0,0
449,449,0,116,103,0,0,0,139,314,91,3,下位,0,0,0
766,766,0,53,43,1,0,0,0,0,1,0,下位,0,0,0
52,52,0,42,9,1,0,0,0,0,1,0,下位,0,0,0
245,245,0,154,339,1,1,52,0,0,1,0,下位,0,52,61
735,735,0,90,75,0,0,0,297,391,-26,3,下位,0,0,0
293,293,0,122,328,0,0,0,735,127,-1084,2,下位,0,0,0
365,365,0,42,9,1,0,0,0,0,1,0,下位,0,0,0
637,637,0,1425,7028,1,1,365,0,0,1,0,下位,0,365,61
832,832,0,67,108,1,0,0,0,0,1,0,下位,0,0,0
292,292,0,110,195,0,0,0,832,160,-1181,1,下位,0,0,0
203,203,0,100,135,0,0,0,292,247,-1405,3,下位,0,0,0
802,802,0,1058,5145,1,0,0,0,0,1,0,下位,0,0,0
97,97,0,72,110,0,0,0,802,5197,774,10,上位,0,0,0
374,374,0,120,184,1,0,0,0,0,1,0,下位,0,0,0
101,101,0,99,136,1,0,0,0,0,1,0,下位,0,0,0
31,31,0,170,233,1,0,0,0,0,1,0,下位,0,0,0
189,189,0,183,309,0,0,0,31,285,236,4,下位,0,0,0
476,476,0,116,103,1,0,0,0,0,1,0,下位,0,0,0
211,211,0,42,7,0,0,0,476,155,-612,2,下位,0,0,0
186,186,0,120,245,0,1,211,476,155,-612,2,下位,0,211,59
578,578,0,87,162,1,0,0,0,0,1,0,下位,0,0,0
752,752,0,82,100,0,0,0,578,214,-717,2,下位,0,0,0
159,159,0,52,71,0,0,0,752,152,-1778,1,下位,0,0,0
516,516,0,93,73,0,1,159,752,152,-1778,1,下位,0,159,123
306,306,0,72,106,0,0,0,675,125,-2618,2,下位,0,0,0
353,353,0,94,79,0,0,0,306,158,-2954,1,下位,0,0,0
455,455,0,72,38,1,0,0,0,0,1,0,下位,0,0,0
288,288,0,42,9,0,0,0,455,90,-643,1,下位,0,0,0
61,61,0,42,6,0,1,288,455,90,-643,1,下位,0,288,61
110,110,0,106,129,0,2,349,455,90,-643,1,下位,0,61,58
67,67,0,160,187,1,0,0,0,0,1,0,下位,0,0,0
187,187,0,42,9,0,0,0,67,239,132,3,下位,0,0,0
676,676,0,192,279,0,1,187,67,239,132,3,下位,0,187,61
160,160,0,93,138,1,0,0,0,0,1,0,下位,0,0,0
710,710,0,98,136,0,0,0,160,190,-67,2,下位,0,0,0
210,210,0,69,113,1,0,0,0,0,1,0,下位,0,0,0
896,896,0,119,258,0,0,0,210,165,-173,1,下位,0,0,0
266,266,0,52,67,1,0,0,0,0,1,0,下位,0,0,0
464,464,0,163,331,1,1,266,0,0,1,0,下位,0,266,119
136,136,0,78,104,0,0,0,730,383,-674,3,下位,0,0,0
90,90,0,52,66,1,0,0,0,0,1,0,下位,0,0,0
431,431,0,68,124,1,1,90,0,0,1,0,下位,0,90,118
801,801,0,85,87,1,0,0,0,0,1,0,下位,0,0,0
252,252,0,42,9,0,0,0,801,139,-1152,1,下位,0,0,0
62,62,0,122,81,0,1,252,801,139,-1152,1,下位,0,252,61
309,309,0,177,218,0,0,0,314,133,-1464,3,下位,0,0,0
620,620,0,60,58,0,0,0,309,270,-1692,4,下位,0,0,0
216,216,0,109,197,0,0,0,620,110,-2582,1,下位,0,0,0
242,242,0,52,67,1,0,0,0,0,1,0,下位,0,0,0
301,301,0,73,36,1,1,242,0,0,1,0,下位,0,242,119
489,489,0,82,96,1,0,0,0,0,1,0,下位,0,0,0
526,526,0,150,197,0,0,0,489,148,-640,1,下位,0,0,0
629,629,0,164,236,1,0,0,0,0,1,0,下位,0,0,0
105,105,0,65,101,1,0,0,0,0,1,0,下位,0,0,0
964,964,0,130,144,0,0,0,105,153,-15,1,下位,0,0,0
319,319,0,110,121,0,0,0,964,196,-1374,3,下位,0,0,0
973,973,0,73,109,0,0,0,319,173,-1716,2,下位,0,0,0
125,125,0,91,132,1,0,0,0,0,1,0,下位,0,0,0
222,222,0,92,258,0,0,0,125,184,-17,1,下位,0,0,0
294,294,0,136,128,0,0,0,222,310,-65,2,下位,0,0,0
260,260,0,51,60,0,0,0,294,180,-359,3,下位,0,0,0
935,935,0,181,289,0,1,260,294,180,-359,3,下位,0,260,112
329,329,0,78,169,1,0,0,0,0,1,0,下位,0,0,0
978,978,0,107,204,0,0,0,329,221,-309,1,下位,0,0,0
350,350,0,120,178,0,0,0,978,256,-1630,2,下位,0,0,0
674,674,0,96,278,0,0,0,350,230,-1965,2,下位,0,0,0
748,748,0,112,113,0,0,0,674,330,-2722,2,下位,0,0,0
529,529,0,81,128,0,0,0,748,165,-3763,2,下位,0,0,0
849,849,0,114,237,0,0,0,529,180,-4436,2,下位,0,0,0
186,186,0,52,67,1,0,0,0,0,1,0,下位,0,0,0
733,733,0,42,11,1,1,186,0,0,1,0,下位,0,186,119
743,743,0,50,58,1,2,919,0,0,1,0,下位,0,733,63
882,882,0,102,214,1,3,1662,0,0,1,0,下位,0,743,110
470,470,0,42,7,0,0,0,2544,266,-3544,2,下位,0,0,0
970,970,0,94,78,0,1,470,2544,266,-3544,2,下位,0,470,59
354,354,0,42,7,0,0,0,1440,130,-5678,1,下位,0,0,0
419,419,0,41,3,0,1,354,1440,130,-5678,1,下位,0,354,59
346,346,0,82,83,0,2,773,1440,130,-5678,1,下位,0,419,55
41,41,0,42,11,0,0,0,1119,135,-7234,1,下位,0,0,0
955,955,0,52,69,0,1,41,1119,135,-7234,1,下位,0,41,63
203,203,0,93,156,0,2,996,1119,135,-7234,1,下位,0,955,121
58,58,0,39,-12,0,0,0,1199,208,-8775,1,下位,0,0,0
348,348,0,118,251,0,1,58,1199,208,-8775,1,下位,0,58,40
816,816,0,66,109,0,0,0,406,303,-9087,3,下位,0,0,0
515,515,0,93,70,1,0,0,0,0,1,0,下位,0,0,0
254,254,0,126,377,0,0,0,515,122,-708,1,下位,0,0,0
832,832,0,94,145,0,0,0,254,429,-689,4,下位,0,0,0
860,860,0,42,11,0,0,0,832,197,-1834,1,下位,0,0,0
272,272,0,52,65,0,1,860,832,197,-1834,1,下位,0,860,63
968,968,0,1261,6558,0,2,1132,832,197,-1834,1,下位,0,272,117
104,104,0,138,298,1,0,0,0,0,1,0,下位,0,0,0
537,537,0,80,170,0,0,0,104,350,183,4,下位,0,0,0
49,49,0,85,93,0,0,0,537,222,-461,2,下位,0,0,0
52,52,0,834,4322,0,0,0,49,145,-395,1,下位,0,0,0
863,863,0,103,140,0,0,0,52,4251,739,5,上位,0,0,0
855,855,0,42,5,0,0,0,863,192,-461,1,下位,0,0,0
773,773,0,167,258,0,1,855,863,192,-461,1,下位,0,855,57
236,236,0,83,95,0,0,0,1628,310,-2720,4,下位,0,0,0
166,166,0,42,7,0,0,0,236,147,-2954,2,下位,0,0,0
671,671,0,42,7,0,1,166,236,147,-2954,2,下位,0,166,59
233,233,0,78,173,0,2,837,236,147,-2954,2,下位,0,671,59
81,81,0,92,154,0,0,0,1070,225,-4337,1,下位,0,0,0
201,201,0,88,84,0,0,0,81,206,-4262,2,下位,0,0,0
452,452,0,72,29,1,0,0,0,0,1,0,下位,0,0,0
401,401,0,83,154,0,0,0,452,81,-647,1,下位,0,0,0
253,253,0,1490,7590,0,0,0,401,206,-1088,2,下位,0,0,0
965,965,0,42,11,0,0,0,253,7642,772,14,上位,0,0,0
965,965,0,58,53,0,1,965,253,7642,772,14,上位,0,965,63
582,582,0,84,89,0,0,0,1930,105,-2172,1,下位,0,0,0
639,639,0,124,235,0,0,0,582,141,-2970,1,下位,0,0,0
61,61,0,42,5,0,0,0,639,287,-3714,3,下位,0,0,0
608,608,0,206,345,0,1,61,639,287,-3714,3,下位,0,61,57
96,96,0,888,4722,0,0,0,669,397,-4339,5,下位,0,0,0
7,7,0,85,82,1,0,0,0,0,1,0,下位,0,0,0
257,257,0,840,4082,0,0,0,7,134,124,1,下位,0,0,0
968,968,0,68,35,0,0,0,257,4134,741,8,上位,0,0,0
308,308,0,51,63,1,0,0,0,0,1,0,下位,0,0,0
859,859,0,74,175,1,1,308,0,0,1,0,下位,0,308,115
161,161,0,1118,5641,0,0,0,1167,227,-1539,1,下位,0,0,0
156,156,0,164,257,0,0,0,161,5693,761,10,上位,0,0,0
974,974,0,94,78,0,0,0,156,309,818,4,下位,0,0,0
629,629,0,51,63,0,0,0,974,130,-623,1,下位,0,0,0
119,119,0,62,44,0,1,629,974,130,-623,1,下位,0,629,115
268,268,0,52,67,0,0,0,748,96,-1619,1,下位,0,0,0
97,97,0,90,81,0,1,268,748,96,-1619,1,下位,0,268,119
332,332,0,51,61,0,0,0,365,133,-1955,1,下位,0,0,0
679,679,0,68,44,0,1,332,365,133,-1955,1,下位,0,332,113
251,251,0,59,61,0,0,0,1011,96,-3376,1,下位,0,0,0
804,804,0,99,146,0,0,0,251,113,-3668,1,下位,0,0,0
745,745,0,110,116,1,0,0,0,0,1,0,下位,0,0,0
963,963,0,1292,6404,0,0,0,745,168,-1033,2,下位,0,0,0
941,941,0,71,109,0,0,0,963,6456,747,12,上位,0,0,0
33,33,0,81,81,1,0,0,0,0,1,0,下位,0,0,0
366,366,0,42,7,0,0,0,33,133,81,1,下位,0,0,0
298,298,0,957,4772,0,1,366,33,133,81,1,下位,0,366,59
964,964,0,51,63,0,0,0,664,4824,749,9,上位,0,0,0
326,326,0,42,5,0,1,964,664,4824,749,9,上位,0,964,115
633,633,0,151,277,0,2,1290,664,4824,749,9,上位,0,326,57
965,965,0,118,174,0,0,0,1923,329,-1852,3,下位,0,0,0
926,926,0,111,195,0,0,0,965,226,-3182,2,下位,0,0,0
605,605,0,188,269,0,0,0,926,247,-4429,2,下位,0,0,0
728,728,0,126,177,1,0,0,0,0,1,0,下位,0,0,0
540,540,0,85,89,0,0,0,728,229,-944,3,下位,0,0,0
235,235,0,68,107,0,0,0,540,141,-1674,1,下位,0,0,0
284,284,0,75,99,0,0,0,235,159,-1894,1,下位,0,0,0
857,857,0,1428,7446,0,0,0,284,151,-2201,1,下位,0,0,0
972,972,0,90,154,0,0,0,857,7498,741,12,上位,0,0,0
590,590,0,142,284,1,0,0,0,0,1,0,下位,0,0,0
360,360,0,51,61,0,0,0,590,336,-615,3,下位,0,0,0
489,489,0,42,9,0,1,360,590,336,-615,3,下位,0,360,113
175,175,0,72,179,0,2,849,590,336,-615,3,下位,0,489,61
651,651,0,42,5,0,0,0,1024,231,-1862,1,下位,0,0,0
165,165,0,122,184,0,1,651,1024,231,-1862,1,下位,0,651,57
364,364,0,103,128,1,0,0,0,0,1,0,下位,0,0,0
778,778,0,80,175,0,0,0,364,180,-406,1,下位,0,0,0
186,186,0,52,69,0,0,0,778,227,-1434,1,下位,0,0,0
234,234,0,77,170,0,1,186,778,227,-1434,1,下位,0,186,121
390,390,0,174,366,1,0,0,0,0,1,0,下位,0,0,0
277,277,0,42,9,0,0,0,390,418,-210,5,下位,0,0,0
900,900,0,1041,5049,0,1,277,390,418,-210,5,下位,0,277,61
261,261,0,52,71,0,0,0,1177,5101,760,11,上位,0,0,0
167,167,0,52,65,0,1,261,1177,5101,760,11,上位,0,261,123
47,47,0,67,110,0,2,428,1177,5101,760,11,上位,0,167,117
172,172,0,128,257,1,0,0,0,0,1,0,下位,0,0,0
197,197,0,42,11,0,0,0,172,309,33,3,下位,0,0,0
434,434,0,90,79,0,1,197,172,309,33,3,下位,0,197,63
905,905,0,73,36,0,0,0,631,131,-791,1,下位,0,0,0
484,484,0,42,5,1,0,0,0,0,1,0,下位,0,0,0
266,266,0,148,218,1,1,484,0,0,1,0,下位,0,484,57
832,832,0,52,71,0,0,0,750,270,-882,3,下位,0,0,0
112,112,0,91,152,0,1,832,750,270,-882,3,下位,0,832,123
198,198,0,90,149,0,0,0,944,204,-2078,2,下位,0,0,0
592,592,0,140,155,1,0,0,0,0,1,0,下位,0,0,0
889,889,0,1310,6650,0,0,0,592,207,-747,2,下位,0,0,0
85,85,0,842,3966,1,0,0,0,0,1,0,下位,0,0,0
467,467,0,579,2682,0,0,0,85,4018,763,7,上位,0,0,0
613,613,0,42,9,0,0,0,467,2734,777,7,上位,0,0,0
475,475,0,71,108,0,1,613,467,2734,777,7,上位,0,613,61
804,804,0,860,4034,0,0,0,1088,160,-757,1,下位,0,0,0
116,116,0,51,61,0,0,0,804,4086,763,8,上位,0,0,0
967,967,0,97,220,0,1,116,804,4086,763,8,上位,0,116,113
230,230,0,97,139,0,0,0,1083,272,-599,3,下位,0,0,0
973,973,0,74,34,0,0,0,230,191,-779,2,下位,0,0,0
148,148,0,101,212,1,0,0,0,0,1,0,下位,0,0,0
427,427,0,42,7,0,0,0,148,264,26,3,下位,0,0,0
161,161,0,119,179,0,1,427,148,264,26,3,下位,0,427,59
301,301,0,42,7,0,0,0,588,231,-633,2,下位,0,0,0
145,145,0,82,98,0,1,301,588,231,-633,2,下位,0,301,59
139,139,0,41,3,0,0,0,446,150,-1143,1,下位,0,0,0
66,66,0,51,61,0,1,139,446,150,-1143,1,下位,0,139,55
460,460,0,55,58,0,2,205,446,150,-1143,1,下位,0,66,113
889,889,0,126,157,0,0,0,665,110,-1937,1,下位,0,0,0
251,251,0,124,170,0,0,0,889,209,-3162,2,下位,0,0,0
902,902,0,102,57,0,0,0,251,222,-3345,3,下位,0,0,0
264,264,0,52,71,0,0,0,902,109,-4691,2,下位,0,0,0
210,210,0,170,328,0,1,264,902,109,-4691,2,下位,0,264,123
78,78,0,100,115,1,0,0,0,0,1,0,下位,0,0,0
548,548,0,89,237,0,0,0,78,167,42,1,下位,0,0,0
147,147,0,967,4594,0,0,0,548,289,-553,2,下位,0,0,0
515,515,0,658,2620,0,0,0,147,4646,751,8,上位,0,0,0
197,197,0,76,92,0,0,0,515,2672,769,9,上位,0,0,0
47,47,0,51,61,0,0,0,197,144,595,1,下位,0,0,0
403,403,0,72,108,0,1,47,197,144,595,1,下位,0,47,113
259,259,0,762,3390,0,0,0,450,160,142,1,下位,0,0,0
408,408,0,41,3,0,0,0,259,3442,751,9,上位,0,0,0
793,793,0,82,160,0,1,408,259,3442,751,9,上位,0,408,55
532,532,0,125,145,1,0,0,0,0,1,0,下位,0,0,0
322,322,0,78,162,0,0,0,532,197,-660,2,下位,0,0,0
909,909,0,68,37,0,0,0,322,214,-965,2,下位,0,0,0
963,963,0,83,96,0,0,0,909,89,-2342,1,下位,0,0,0
605,605,0,161,408,1,0,0,0,0,1,0,下位,0,0,0
208,208,0,83,96,0,0,0,605,460,-515,4,下位,0,0,0
967,967,0,78,174,0,0,0,208,148,-702,1,下位,0,0,0
187,187,0,72,15,0,0,0,967,226,-2036,1,下位,0,0,0
273,273,0,68,107,0,0,0,187,67,-2271,1,下位,0,0,0
963,963,0,140,227,0,0,0,273,159,-2552,1,下位,0,0,0
374,374,0,94,146,0,0,0,963,279,-3826,3,下位,0,0,0
967,967,0,1421,7273,0,0,0,374,198,-4231,2,下位,0,0,0
700,700,0,144,283,1,0,0,0,0,1,0,下位,0,0,0
968,968,0,66,118,0,0,0,700,335,-793,4,下位,0,0,0
298,298,0,69,109,0,0,0,968,170,-2184,1,下位,0,0,0
322,322,0,42,11,0,0,0,298,161,-2504,1,下位,0,0,0
593,593,0,129,236,0,1,322,298,161,-2504,1,下位,0,322,63
333,333,0,1501,8000,0,0,0,915,288,-3628,2,下位,0,0,0
143,143,0,108,135,1,0,0,0,0,1,0,下位,0,0,0
697,697,0,116,103,0,0,0,143,187,-43,3,下位,0,0,0
167,167,0,42,11,0,0,0,697,155,-1012,2,下位,0,0,0
715,715,0,42,7,0,1,167,697,155,-1012,2,下位,0,167,63
775,775,0,88,86,0,2,882,697,155,-1012,2,下位,0,715,59
471,471,0,120,110,0,0,0,1657,138,-3424,1,下位,0,0,0
93,93,0,51,63,0,0,0,471,162,-4022,2,下位,0,0,0
868,868,0,103,132,0,1,93,471,162,-4022,2,下位,0,93,115
78,78,0,77,182,1,0,0,0,0,1,0,下位,0,0,0
727,727,0,82,84,0,0,0,78,234,109,1,下位,0,0,0
294,294,0,42,7,0,0,0,727,136,-928,1,下位,0,0,0
861,861,0,152,276,0,1,294,727,136,-928,1,下位,0,294,59
197,197,0,1628,7992,0,0,0,1155,328,-2404,3,下位,0,0,0
430,430,0,133,161,1,0,0,0,0,1,0,下位,0,0,0
403,403,0,51,63,0,0,0,430,213,-480,2,下位,0,0,0
966,966,0,51,64,0,1,403,430,213,-480,2,下位,0,403,115
193,193,0,51,61,0,2,1369,430,213,-480,2,下位,0,966,116
339,339,0,51,63,0,3,1562,430,213,-480,2,下位,0,193,113
806,806,0,41,1,0,4,1901,430,213,-480,2,下位,0,339,115
898,898,0,1682,8630,0,5,2707,430,213,-480,2,下位,0,806,53
676,676,0,84,147,1,0,0,0,0,1,0,下位,0,0,0
258,258,0,42,5,0,0,0,676,199,-890,2,下位,0,0,0
737,737,0,159,276,0,1,258,676,199,-890,2,下位,0,258,57
124,124,0,40,-5,0,0,0,995,328,-2110,3,下位,0,0,0
128,128,0,102,124,0,1,124,995,328,-2110,3,下位,0,124,47
905,905,0,69,110,0,0,0,252,176,-2293,1,下位,0,0,0
418,418,0,102,66,0,0,0,905,162,-3591,1,下位,0,0,0
92,92,0,64,54,0,0,0,418,118,-4147,2,下位,0,0,0
973,973,0,191,361,0,0,0,92,106,-4189,1,下位,0,0,0
196,196,0,66,114,1,0,0,0,0,1,0,下位,0,0,0
533,533,0,96,220,0,0,0,196,166,-149,1,下位,0,0,0
629,629,0,1074,5593,0,0,0,533,272,-737,3,下位,0,0,0
962,962,0,52,69,0,0,0,629,5645,747,9,上位,0,0,0
173,173,0,76,164,0,1,962,629,5645,747,9,上位,0,962,121
323,323,0,182,381,0,0,0,1135,216,-747,1,下位,0,0,0
424,424,0,120,111,0,0,0,323,433,-835,4,下位,0,0,0
795,795,0,1064,5084,0,0,0,424,163,-1356,2,下位,0,0,0
717,717,0,105,195,1,0,0,0,0,1,0,下位,0,0,0
964,964,0,75,97,0,0,0,717,247,-908,2,下位,0,0,0
91,91,0,1073,5526,0,0,0,964,149,-2314,1,下位,0,0,0
157,157,0,94,146,1,0,0,0,0,1,0,下位,0,0,0
902,902,0,90,66,0,0,0,157,198,-54,2,下位,0,0,0
464,464,0,134,148,0,0,0,902,118,-1391,1,下位,0,0,0
228,228,0,80,95,0,0,0,464,200,-1939,2,下位,0,0,0
160,160,0,94,148,0,0,0,228,147,-2160,1,下位,0,0,0
52,52,0,74,31,0,0,0,160,200,-2218,2,下位,0,0,0
219,219,0,42,11,0,0,0,52,83,-2219,1,下位,0,0,0
571,571,0,123,325,0,1,219,52,83,-2219,1,下位,0,219,63
228,228,0,100,135,0,0,0,790,377,-3053,4,下位,0,0,0
277,277,0,119,165,0,0,0,228,187,-3234,1,下位,0,0,0
408,408,0,51,61,0,0,0,277,217,-3464,2,下位,0,0,0
910,910,0,42,11,0,1,408,277,217,-3464,2,下位,0,408,113
144,144,0,109,201,0,2,1318,277,217,-3464,2,下位,0,910,63
182,182,0,119,107,0,0,0,1462,253,-5393,3,下位,0,0,0
51,51,0,114,263,1,0,0,0,0,1,0,下位,0,0,0
501,501,0,878,4409,0,0,0,51,315,234,2,下位,0,0,0
967,967,0,52,65,0,0,0,501,4461,758,9,上位,0,0,0
249,249,0,238,296,0,1,967,501,4461,758,9,上位,0,967,117
66,66,0,95,103,1,0,0,0,0,1,0,下位,0,0,0
246,246,0,108,49,0,0,0,66,155,50,1,下位,0,0,0
871,871,0,68,120,0,0,0,246,101,-246,2,下位,0,0,0
260,260,0,52,69,0,0,0,871,172,-1479,1,下位,0,0,0
244,244,0,92,62,0,1,260,871,172,-1479,1,下位,0,260,121
110,110,0,88,164,0,0,0,504,114,-2057,1,下位,0,0,0
486,486,0,42,9,0,0,0,110,216,-2018,1,下位,0,0,0
395,395,0,134,225,0,1,486,110,216,-2018,1,下位,0,486,61
786,786,0,42,9,0,0,0,881,277,-3101,2,下位,0,0,0
81,81,0,103,130,0,1,786,881,277,-3101,2,下位,0,786,61
299,299,0,73,174,0,0,0,867,182,-4257,1,下位,0,0,0
179,179,0,98,46,1,0,0,0,0,1,0,下位,0,0,0
335,335,0,164,332,0,0,0,179,98,-190,2,下位,0,0,0
340,340,0,196,341,0,0,0,335,384,-346,4,下位,0,0,0
118,118,0,198,355,0,0,0,340,393,-501,6,下位,0,0,0
969,969,0,78,173,0,0,0,118,407,-284,6,下位,0,0,0
962,962,0,74,87,0,0,0,969,225,-1622,1,下位,0,0,0
365,365,0,42,9,0,0,0,962,139,-3035,2,下位,0,0,0
137,137,0,124,71,0,1,365,962,139,-3035,2,下位,0,365,61
665,665,0,114,257,1,0,0,0,0,1,0,下位,0,0,0
974,974,0,112,229,0,0,0,665,309,-763,3,下位,0,0,0
35,35,0,74,35,0,0,0,974,281,-2053,2,下位,0,0,0
433,433,0,1202,5771,0,0,0,35,87,-2022,1,下位,0,0,0
91,91,0,52,67,0,0,0,433,5823,767,13,上位,0,0,0
867,867,0,52,65,0,1,91,433,5823,767,13,上位,0,91,119
104,104,0,85,147,0,2,958,433,5823,767,13,上位,0,867,117
240,240,0,88,155,0,0,0,1062,199,-511,2,下位,0,0,0
413,413,0,119,256,0,0,0,240,207,-691,2,下位,0,0,0
232,232,0,122,25,1,0,0,0,0,1,0,下位,0,0,0
394,394,0,78,105,0,0,0,232,77,-296,2,下位,0,0,0
344,344,0,42,9,0,0,0,394,157,-774,1,下位,0,0,0
555,555,0,131,236,0,1,344,394,157,-774,1,下位,0,344,61
857,857,0,94,149,0,0,0,899,288,-1875,3,下位,0,0,0
968,968,0,41,3,0,0,0,857,201,-3056,1,下位,0,0,0
923,923,0,154,193,0,1,968,857,201,-3056,1,下位,0,968,55
783,783,0,98,150,1,0,0,0,0,1,0,下位,0,0,0
967,967,0,202,332,0,0,0,783,202,-1060,2,下位,0,0,0
971,971,0,40,-3,0,0,0,967,384,-2236,6,下位,0,0,0
622,622,0,42,11,0,1,971,967,384,-2236,6,下位,0,971,49
953,953,0,62,50,0,2,1593,967,384,-2236,6,下位,0,622,63
896,896,0,142,214,1,0,0,0,0,1,0,下位,0,0,0
214,214,0,89,132,0,0,0,896,266,-1178,3,下位,0,0,0
675,675,0,122,255,0,0,0,214,184,-1339,2,下位,0,0,0
157,157,0,78,111,0,0,0,675,307,-2121,2,下位,0,0,0
962,962,0,70,37,0,0,0,157,163,-2211,2,下位,0,0,0
600,600,0,83,172,0,0,0,962,89,-3674,1,下位,0,0,0
596,596,0,42,7,0,0,0,600,224,-4418,1,下位,0,0,0
84,84,0,88,78,0,1,596,600,224,-4418,1,下位,0,596,59
665,665,0,123,150,1,0,0,0,0,1,0,下位,0,0,0
113,113,0,108,265,1,0,0,0,0,1,0,下位,0,0,0
626,626,0,89,145,1,0,0,0,0,1,0,下位,0,0,0
859,859,0,52,65,1,0,0,0,0,1,0,下位,0,0,0
677,677,0,177,238,1,1,859,0,0,1,0,下位,0,859,117
67,67,0,51,61,1,0,0,0,0,1,0,下位,0,0,0
163,163,0,92,67,1,1,67,0,0,1,0,下位,0,67,113
113,113,0,100,132,1,0,0,0,0,1,0,下位,0,0,0
564,564,0,120,159,0,0,0,113,184,3,2,下位,0,0,0
48,48,0,870,4624,0,0,0,564,211,-696,2,下位,0,0,0
178,178,0,51,61,1,0,0,0,0,1,0,下位,0,0,0
37,37,0,42,7,1,1,178,0,0,1,0,下位,0,178,113
353,353,0,42,5,1,2,215,0,0,1,0,下位,0,37,59
970,970,0,164,180,1,3,568,0,0,1,0,下位,0,353,57
263,263,0,86,93,1,0,0,0,0,1,0,下位,0,0,0
27,27,0,41,3,1,0,0,0,0,1,0,下位,0,0,0
176,176,0,100,216,1,1,27,0,0,1,0,下位,0,27,55
294,294,0,41,1,0,0,0,203,268,-4,2,下位,0,0,0
972,972,0,74,107,0,1,294,203,268,-4,2,下位,0,294,53
684,684,0,84,87,0,0,0,1266,159,-1834,1,下位,0,0,0
70,70,0,86,84,0,0,0,684,139,-2798,1,下位,0,0,0
360,360,0,70,111,0,0,0,70,136,-2775,1,下位,0,0,0
707,707,0,99,144,0,0,0,360,163,-3193,1,下位,0,0,0
968,968,0,103,129,0,0,0,707,196,-4137,1,下位,0,0,0
223,223,0,120,183,0,0,0,968,181,-5517,2,下位,0,0,0
976,976,0,101,129,0,0,0,223,235,-5642,2,下位,0,0,0
634,634,0,80,91,1,0,0,0,0,1,0,下位,0,0,0
417,417,0,116,110,1,0,0,0,0,1,0,下位,0,0,0
756,756,0,126,88,1,0,0,0,0,1,0,下位,0,0,0
160,160,0,42,7,0,0,0,756,140,-1078,2,下位,0,0,0
965,965,0,54,63,0,1,160,756,140,-1078,2,下位,0,160,59
244,244,0,42,9,0,0,0,1125,115,-2718,1,下位,0,0,0
90,90,0,52,69,0,1,244,1125,115,-2718,1,下位,0,244,61
595,595,0,123,253,0,2,334,1125,115,-2718,1,下位,0,90,121
856,856,0,130,172,1,0,0,0,0,1,0,下位,0,0,0
284,284,0,1298,6235,0,0,0,856,224,-1156,3,下位,0,0,0
255,255,0,51,63,0,0,0,284,6287,738,12,上位,0,0,0
527,527,0,52,67,0,1,255,284,6287,738,12,上位,0,255,115
199,199,0,42,11,0,2,782,284,6287,738,12,上位,0,527,119
140,140,0,121,190,0,3,981,284,6287,738,12,上位,0,199,63
167,167,0,94,74,1,0,0,0,0,1,0,下位,0,0,0
277,277,0,80,21,0,0,0,167,126,-142,1,下位,0,0,0
39,39,0,134,238,0,0,0,277,73,-516,1,下位,0,0,0
374,374,0,124,108,0,0,0,39,290,-289,3,下位,0,0,0
802,802,0,174,395,0,0,0,374,160,-732,2,下位,0,0,0
721,721,0,1288,6552,1,0,0,0,0,1,0,下位,0,0,0
369,369,0,70,35,0,0,0,721,6604,736,12,上位,0,0,0
630,630,0,107,191,1,0,0,0,0,1,0,下位,0,0,0
138,138,0,1571,7835,1,0,0,0,0,1,0,下位,0,0,0
703,703,0,114,188,0,0,0,138,7887,774,13,上位,0,0,0
175,175,0,139,234,1,0,0,0,0,1,0,下位,0,0,0
564,564,0,162,255,1,0,0,0,0,1,0,下位,0,0,0
205,205,0,825,4172,1,0,0,0,0,1,0,下位,0,0,0
153,153,0,100,138,1,0,0,0,0,1,0,下位,0,0,0
613,613,0,90,239,1,0,0,0,0,1,0,下位,0,0,0
52,52,0,52,67,1,0,0,0,0,1,0,下位,0,0,0
150,150,0,138,307,1,1,52,0,0,1,0,下位,0,52,119
786,786,0,104,204,1,0,0,0,0,1,0,下位,0,0,0
345,345,0,137,152,1,0,0,0,0,1,0,下位,0,0,0
244,244,0,108,187,1,0,0,0,0,1,0,下位,0,0,0
274,274,0,185,298,1,0,0,0,0,1,0,下位,0,0,0
164,164,0,74,33,0,0,0,274,350,-91,3,下位,0,0,0
195,195,0,83,92,1,0,0,0,0,1,0,下位,0,0,0
288,288,0,162,259,1,0,0,0,0,1,0,下位,0,0,0
819,819,0,100,138,1,0,0,0,0,1,0,下位,0,0,0
707,707,0,117,330,1,0,0,0,0,1,0,下位,0,0,0
278,278,0,102,143,1,0,0,0,0,1,0,下位,0,0,0
224,224,0,62,121,0,0,0,278,195,-252,1,下位,0,0,0
640,640,0,90,155,0,0,0,224,173,-440,1,下位,0,0,0
789,789,0,82,96,1,0,0,0,0,1,0,下位,0,0,0
241,241,0,113,180,0,0,0,789,148,-1124,1,下位,0,0,0
760,760,0,74,23,0,0,0,241,232,-1281,2,下位,0,0,0
91,91,0,835,4011,1,0,0,0,0,1,0,下位,0,0,0
116,116,0,154,355,0,0,0,91,4063,773,9,上位,0,0,0
183,183,0,42,5,1,0,0,0,0,1,0,下位,0,0,0
971,971,0,148,134,1,1,183,0,0,1,0,下位,0,183,57
86,86,0,82,83,0,0,0,1154,186,-1617,3,下位,0,0,0
352,352,0,1474,7541,0,0,0,86,135,-1621,1,下位,0,0,0
114,114,0,74,92,0,0,0,352,7593,751,14,上位,0,0,0
536,536,0,90,81,1,0,0,0,0,1,0,下位,0,0,0
303,303,0,110,287,0,0,0,536,133,-731,1,下位,0,0,0
670,670,0,90,222,1,0,0,0,0,1,0,下位,0,0,0
321,321,0,70,123,0,0,0,670,274,-806,2,下位,0,0,0
647,647,0,176,306,0,0,0,321,175,-1149,1,下位,0,0,0
159,159,0,87,92,0,0,0,647,358,-1835,5,下位,0,0,0
661,661,0,42,7,0,0,0,159,144,-1947,1,下位,0,0,0
325,325,0,66,42,0,1,661,159,144,-1947,1,下位,0,661,59
963,963,0,74,95,0,0,0,986,94,-3384,1,下位,0,0,0
444,444,0,110,107,1,0,0,0,0,1,0,下位,0,0,0
726,726,0,108,199,0,0,0,444,159,-556,2,下位,0,0,0
742,742,0,59,49,1,0,0,0,0,1,0,下位,0,0,0
870,870,0,92,151,0,0,0,742,101,-1095,1,下位,0,0,0
232,232,0,74,94,0,0,0,870,203,-2295,2,下位,0,0,0
436,436,0,92,143,0,0,0,232,146,-2523,1,下位,0,0,0
811,811,0,117,118,1,0,0,0,0,1,0,下位,0,0,0
90,90,0,52,65,0,0,0,811,170,-1137,3,下位,0,0,0
328,328,0,98,71,0,1,90,811,170,-1137,3,下位,0,90,117
193,193,0,52,67,0,0,0,418,123,-1571,2,下位,0,0,0
301,301,0,1207,6098,0,1,193,418,123,-1571,2,下位,0,193,119
738,738,0,91,83,1,0,0,0,0,1,0,下位,0,0,0
771,771,0,87,92,0,0,0,738,135,-1054,2,下位,0,0,0
936,936,0,84,160,0,0,0,771,144,-2154,1,下位,0,0,0
181,181,0,117,261,1,0,0,0,0,1,0,下位,0,0,0
187,187,0,41,3,0,0,0,181,313,22,3,下位,0,0,0
54,54,0,51,61,0,1,187,181,313,22,3,下位,0,187,55
813,813,0,41,1,0,2,241,181,313,22,3,下位,0,54,113
964,964,0,52,65,0,3,1054,181,313,22,3,下位,0,813,53
310,310,0,107,103,0,4,2018,181,313,22,3,下位,0,964,117
325,325,0,1370,6838,0,0,0,2328,155,-3240,3,下位,0,0,0
910,910,0,99,137,1,0,0,0,0,1,0,下位,0,0,0
247,247,0,94,74,0,0,0,910,189,-1278,1,下位,0,0,0
92,92,0,133,235,0,0,0,247,126,-1550,1,下位,0,0,0
819,819,0,65,51,1,0,0,0,0,1,0,下位,0,0,0
325,325,0,59,57,0,0,0,819,103,-1217,1,下位,0,0,0
129,129,0,92,147,0,0,0,325,109,-1632,1,下位,0,0,0
346,346,0,87,72,0,0,0,129,199,-1641,2,下位,0,0,0
415,415,0,64,54,1,0,0,0,0,1,0,下位,0,0,0
147,147,0,69,119,0,0,0,415,106,-562,1,下位,0,0,0
965,965,0,174,389,0,0,0,147,171,-628,1,下位,0,0,0
903,903,0,116,201,0,0,0,965,441,-1743,5,下位,0,0,0
872,872,0,1462,7614,1,0,0,0,0,1,0,下位,0,0,0
788,788,0,143,285,1,0,0,0,0,1,0,下位,0,0,0
86,86,0,1326,7221,0,0,0,788,337,-933,3,下位,0,0,0
651,651,0,67,40,1,0,0,0,0,1,0,下位,0,0,0
166,166,0,126,307,0,0,0,651,92,-957,1,下位,0,0,0
521,521,0,1849,9317,1,0,0,0,0,1,0,下位,0,0,0
255,255,0,172,241,0,0,0,521,9369,774,15,上位,0,0,0
130,130,0,100,210,0,0,0,255,293,656,4,下位,0,0,0
381,381,0,132,247,0,0,0,130,262,708,2,下位,0,0,0
974,974,0,74,95,0,0,0,381,299,392,3,下位,0,0,0
430,430,0,2022,10167,0,0,0,974,147,-1032,1,下位,0,0,0
174,174,0,99,132,1,0,0,0,0,1,0,下位,0,0,0
613,613,0,100,206,0,0,0,174,184,-96,2,下位,0,0,0
312,312,0,62,56,0,0,0,613,258,-827,2,下位,0,0,0
752,752,0,41,3,0,0,0,312,108,-1222,1,下位,0,0,0
376,376,0,154,117,0,1,752,312,108,-1222,1,下位,0,752,55
385,385,0,94,216,1,0,0,0,0,1,0,下位,0,0,0
948,948,0,68,118,0,0,0,385,268,-352,2,下位,0,0,0
574,574,0,116,183,1,0,0,0,0,1,0,下位,0,0,0
484,484,0,41,3,0,0,0,574,235,-690,3,下位,0,0,0
48,48,0,78,98,0,1,484,574,235,-690,3,下位,0,484,55
325,325,0,1159,5791,0,0,0,532,150,-1343,1,下位,0,0,0
270,270,0,86,74,0,0,0,325,5843,763,10,上位,0,0,0
246,246,0,1299,6524,1,0,0,0,0,1,0,下位,0,0,0
125,125,0,42,9,0,0,0,246,6576,745,11,上位,0,0,0
965,965,0,83,163,0,1,125,246,6576,745,11,上位,0,125,61
92,92,0,52,65,0,0,0,1090,215,-737,1,下位,0,0,0
190,190,0,74,33,0,1,92,1090,215,-737,1,下位,0,92,117
429,429,0,100,150,1,0,0,0,0,1,0,下位,0,0,0
734,734,0,69,111,0,0,0,429,202,-489,3,下位,0,0,0
77,77,0,41,2,0,0,0,734,163,-1510,1,下位,0,0,0
713,713,0,53,64,0,1,77,734,163,-1510,1,下位,0,77,54
714,714,0,108,122,0,0,0,790,116,-2614,1,下位,0,0,0
755,755,0,78,170,1,0,0,0,0,1,0,下位,0,0,0
288,288,0,1048,5261,0,0,0,755,222,-995,1,下位,0,0,0
324,324,0,42,11,0,0,0,288,5313,735,11,上位,0,0,0
199,199,0,88,64,0,1,324,288,5313,735,11,上位,0,324,63
240,240,0,172,388,0,0,0,523,116,70,1,下位,0,0,0
141,141,0,52,65,1,0,0,0,0,1,0,下位,0,0,0
955,955,0,1016,5504,1,1,141,0,0,1,0,下位,0,141,117
114,114,0,51,61,0,0,0,1096,5497,766,7,上位,0,0,0
251,251,0,82,86,0,1,114,1096,5497,766,7,上位,0,114,113
821,821,0,142,143,0,0,0,365,138,428,1,下位,0,0,0
216,216,0,859,4182,1,0,0,0,0,1,0,下位,0,0,0
968,968,0,68,109,0,0,0,216,4234,768,9,上位,0,0,0
466,466,0,118,119,1,0,0,0,0,1,0,下位,0,0,0
760,760,0,154,349,0,0,0,466,171,-580,2,下位,0,0,0
161,161,0,87,80,0,0,0,760,401,-1405,5,下位,0,0,0
672,672,0,147,208,0,0,0,161,132,-1533,1,下位,0,0,0
299,299,0,103,107,0,0,0,672,260,-2357,3,下位,0,0,0
852,852,0,115,187,0,0,0,299,159,-2680,2,下位,0,0,0
110,110,0,874,4008,1,0,0,0,0,1,0,下位,0,0,0
309,309,0,39,-9,0,0,0,110,4060,747,9,上位,0,0,0
828,828,0,42,5,0,1,309,110,4060,747,9,上位,0,309,43
147,147,0,138,153,0,2,1137,110,4060,747,9,上位,0,828,57
156,156,0,84,95,0,0,0,1284,205,-1018,3,下位,0,0,0
248,248,0,42,11,0,0,0,156,147,-1123,1,下位,0,0,0
855,855,0,197,242,0,1,248,156,147,-1123,1,下位,0,248,63
157,157,0,82,160,1,0,0,0,0,1,0,下位,0,0,0
202,202,0,52,69,0,0,0,157,212,-40,1,下位,0,0,0
64,64,0,51,61,0,1,202,157,212,-40,1,下位,0,202,121
809,809,0,144,138,0,2,266,157,212,-40,1,下位,0,64,113
60,60,0,76,29,1,0,0,0,0,1,0,下位,0,0,0
403,403,0,142,299,0,0,0,60,81,-15,1,下位,0,0,0
550,550,0,157,268,0,0,0,403,351,-314,3,下位,0,0,0
175,175,0,52,67,0,0,0,550,320,-881,3,下位,0,0,0
176,176,0,42,6,0,1,175,550,320,-881,3,下位,0,175,119
285,285,0,51,63,0,2,351,550,320,-881,3,下位,0,176,58
372,372,0,129,244,0,3,636,550,320,-881,3,下位,0,285,115
279,279,0,96,149,0,0,0,1008,296,-1919,3,下位,0,0,0
596,596,0,42,11,0,0,0,279,201,-2168,1,下位,0,0,0
161,161,0,83,94,0,1,596,279,201,-2168,1,下位,0,596,63
182,182,0,98,140,0,0,0,757,146,-3180,1,下位,0,0,0
170,170,0,89,74,0,0,0,182,192,-3282,1,下位,0,0,0
219,219,0,94,74,0,0,0,170,126,-3430,2,下位,0,0,0
411,411,0,971,4529,1,0,0,0,0,1,0,下位,0,0,0
208,208,0,51,63,0,0,0,411,4581,750,10,上位,0,0,0
867,867,0,126,240,0,1,208,411,4581,750,10,上位,0,208,115
314,314,0,118,237,0,0,0,1075,292,-576,2,下位,0,0,0
478,478,0,835,3986,0,0,0,314,289,-793,3,下位,0,0,0
965,965,0,178,370,0,0,0,478,4038,760,8,上位,0,0,0
230,230,0,88,157,0,0,0,965,422,-374,6,下位,0,0,0
524,524,0,42,7,0,0,0,230,209,-536,2,下位,0,0,0
733,733,0,165,232,0,1,524,230,209,-536,2,下位,0,524,59
241,241,0,145,337,1,0,0,0,0,1,0,下位,0,0,0
425,425,0,42,7,0,0,0,241,389,1,3,下位,0,0,0
709,709,0,42,5,0,1,425,241,389,1,3,下位,0,425,59
862,862,0,197,352,0,2,1134,241,389,1,3,下位,0,709,57
40,40,0,1327,7147,0,0,0,1996,404,-2698,5,下位,0,0,0
853,853,0,94,148,1,0,0,0,0,1,0,下位,0,0,0
364,364,0,66,45,0,0,0,853,200,-1175,2,下位,0,0,0
197,197,0,244,273,0,0,0,364,97,-1665,1,下位,0,0,0
81,81,0,1445,7707,0,0,0,197,325,-1658,5,下位,0,0,0
86,86,0,66,105,0,0,0,81,6732,739,9,上位,0,0,0
182,182,0,120,254,0,0,0,86,157,757,1,下位,0,0,0
268,268,0,1283,6591,1,0,0,0,0,1,0,下位,0,0,0
175,175,0,52,67,0,0,0,268,6643,769,12,上位,0,0,0
681,681,0,73,113,0,1,175,268,6643,769,12,上位,0,175,119
963,963,0,74,97,0,0,0,856,165,-327,1,下位,0,0,0
132,132,0,87,90,0,0,0,963,149,-1731,1,下位,0,0,0
804,804,0,98,149,0,0,0,132,142,-1802,1,下位,0,0,0
826,826,0,88,157,1,0,0,0,0,1,0,下位,0,0,0
551,551,0,73,112,0,0,0,826,209,-1122,1,下位,0,0,0
164,164,0,140,70,1,0,0,0,0,1,0,下位,0,0,0
879,879,0,127,238,0,0,0,164,122,-142,3,下位,0,0,0
771,771,0,86,160,1,0,0,0,0,1,0,下位,0,0,0
243,243,0,84,166,1,0,0,0,0,1,0,下位,0,0,0
81,81,0,42,5,0,0,0,243,218,-173,2,下位,0,0,0
819,819,0,73,88,0,1,81,243,218,-173,2,下位,0,81,57
745,745,0,172,247,1,0,0,0,0,1,0,下位,0,0,0
365,365,0,116,199,0,0,0,745,299,-902,3,下位,0,0,0
242,242,0,93,72,0,0,0,365,251,-1240,3,下位,0,0,0
191,191,0,94,272,0,0,0,242,124,-1506,1,下位,0,0,0
199,199,0,95,143,1,0,0,0,0,1,0,下位,0,0,0
678,678,0,83,85,0,0,0,199,195,-125,1,下位,0,0,0
271,271,0,158,333,0,0,0,678,137,-1082,1,下位,0,0,0
978,978,0,101,72,1,0,0,0,0,1,0,下位,0,0,0
235,235,0,83,89,0,0,0,978,124,-1452,2,下位,0,0,0
507,507,0,56,68,1,0,0,0,0,1,0,下位,0,0,0
488,488,0,189,225,0,0,0,507,120,-697,1,下位,0,0,0
645,645,0,51,63,0,0,0,488,277,-1207,4,下位,0,0,0
965,965,0,67,36,0,1,645,488,277,-1207,4,下位,0,645,115
35,35,0,78,101,1,0,0,0,0,1,0,下位,0,0,0
213,213,0,83,87,0,0,0,35,153,98,2,下位,0,0,0
431,431,0,42,7,0,0,0,213,139,-107,1,下位,0,0,0
288,288,0,99,206,0,1,431,213,139,-107,1,下位,0,431,59
599,599,0,158,339,0,0,0,719,258,-950,2,下位,0,0,0
63,63,0,42,8,0,0,0,599,391,-1525,4,下位,0,0,0
968,968,0,100,128,0,1,63,599,391,-1525,4,下位,0,63,60
206,206,0,173,322,1,0,0,0,0,1,0,下位,0,0,0
234,234,0,106,126,0,0,0,206,374,43,4,下位,0,0,0
487,487,0,84,87,0,0,0,234,178,-156,2,下位,0,0,0
377,377,0,150,199,0,0,0,487,139,-802,1,下位,0,0,0
831,831,0,51,61,0,0,0,377,251,-1159,4,下位,0,0,0
293,293,0,94,137,0,1,831,377,251,-1159,4,下位,0,831,113
636,636,0,123,165,1,0,0,0,0,1,0,下位,0,0,0
965,965,0,51,61,0,0,0,636,217,-808,3,下位,0,0,0
311,311,0,2181,11122,0,1,965,636,217,-808,3,下位,0,965,113
700,700,0,122,252,1,0,0,0,0,1,0,下位,0,0,0
615,615,0,58,41,1,0,0,0,0,1,0,下位,0,0,0
193,193,0,51,63,0,0,0,615,93,-898,1,下位,0,0,0
770,770,0,72,100,0,1,193,615,93,-898,1,下位,0,193,115
545,545,0,1379,7018,1,0,0,0,0,1,0,下位,0,0,0
966,966,0,107,201,0,0,0,545,7070,741,13,上位,0,0,0
75,75,0,41,3,1,0,0,0,0,1,0,下位,0,0,0
516,516,0,200,337,1,1,75,0,0,1,0,下位,0,75,55
920,920,0,42,7,0,0,0,591,389,-508,4,下位,0,0,0
895,895,0,1287,6439,0,1,920,591,389,-508,4,下位,0,920,59
782,782,0,97,147,1,0,0,0,0,1,0,下位,0,0,0
305,305,0,52,69,0,0,0,782,199,-1061,2,下位,0,0,0
964,964,0,89,147,0,1,305,782,199,-1061,2,下位,0,305,121
145,145,0,52,67,0,0,0,1269,199,-2788,1,下位,0,0,0
287,287,0,113,108,0,1,145,1269,199,-2788,1,下位,0,145,119
365,365,0,72,23,1,0,0,0,0,1,0,下位,0,0,0
715,715,0,1145,5551,0,0,0,365,75,-513,1,下位,0,0,0
271,271,0,71,111,0,0,0,715,5603,758,12,上位,0,0,0
664,664,0,670,3059,0,0,0,271,163,484,1,下位,0,0,0
272,272,0,125,244,0,0,0,664,3111,771,7,上位,0,0,0
384,384,0,54,57,1,0,0,0,0,1,0,下位,0,0,0
966,966,0,73,107,0,0,0,384,109,-509,1,下位,0,0,0
325,325,0,160,199,0,0,0,966,159,-1908,1,下位,0,0,0
311,311,0,58,54,1,0,0,0,0,1,0,下位,0,0,0
562,562,0,51,61,0,0,0,311,106,-395,1,下位,0,0,0
231,231,0,1112,5387,0,1,562,311,106,-395,1,下位,0,562,113
242,242,0,98,140,1,0,0,0,0,1,0,下位,0,0,0
762,762,0,112,196,0,0,0,242,192,-197,2,下位,0,0,0
203,203,0,64,93,0,0,0,762,248,-1178,2,下位,0,0,0
178,178,0,1051,5474,0,0,0,203,145,-1360,1,下位,0,0,0
284,284,0,94,74,0,0,0,178,5526,765,11,上位,0,0,0
170,170,0,112,195,0,0,0,284,126,433,1,下位,0,0,0
463,463,0,114,168,0,0,0,170,247,406,2,下位,0,0,0
287,287,0,115,187,0,0,0,463,220,-121,2,下位,0,0,0
238,238,0,162,250,0,0,0,287,239,-345,3,下位,0,0,0
187,187,0,107,127,1,0,0,0,0,1,0,下位,0,0,0
153,153,0,62,46,1,0,0,0,0,1,0,下位,0,0,0
186,186,0,204,183,0,0,0,153,98,-148,1,下位,0,0,0
227,227,0,154,358,0,0,0,186,235,-213,5,下位,0,0,0
93,93,0,791,4116,0,0,0,227,410,-169,4,下位,0,0,0
397,397,0,80,91,0,0,0,93,4109,758,5,上位,0,0,0
276,276,0,135,232,0,0,0,397,143,261,1,下位,0,0,0
205,205,0,78,98,1,0,0,0,0,1,0,下位,0,0,0
680,680,0,86,151,0,0,0,205,150,-180,1,下位,0,0,0
90,90,0,41,3,0,0,0,680,203,-1074,2,下位,0,0,0
282,282,0,113,199,0,1,90,680,203,-1074,2,下位,0,90,55
475,475,0,159,329,1,0,0,0,0,1,0,下位,0,0,0
169,169,0,42,9,1,0,0,0,0,1,0,下位,0,0,0
552,552,0,76,103,1,1,169,0,0,1,0,下位,0,169,61
62,62,0,1287,6488,0,0,0,721,155,-946,1,下位,0,0,0
104,104,0,52,67,1,0,0,0,0,1,0,下位,0,0,0
286,286,0,160,194,1,1,104,0,0,1,0,下位,0,104,119
270,270,0,128,91,0,0,0,390,246,-263,3,下位,0,0,0
495,495,0,98,273,0,0,0,270,143,-555,2,下位,0,0,0
833,833,0,52,67,0,0,0,495,325,-1028,3,下位,0,0,0
755,755,0,71,104,0,1,833,495,325,-1028,3,下位,0,833,119
291,291,0,176,234,1,0,0,0,0,1,0,下位,0,0,0
717,717,0,69,115,0,0,0,291,286,-182,3,下位,0,0,0
285,285,0,177,384,0,0,0,717,167,-1171,1,下位,0,0,0
194,194,0,52,67,0,0,0,285,436,-1195,4,下位,0,0,0
124,124,0,96,146,0,1,194,285,436,-1195,4,下位,0,194,119
861,861,0,196,351,0,0,0,318,198,-1391,2,下位,0,0,0
264,264,0,51,64,1,0,0,0,0,1,0,下位,0,0,0
223,223,0,117,255,1,1,264,0,0,1,0,下位,0,264,116
515,515,0,87,92,0,0,0,487,307,-362,3,下位,0,0,0
969,969,0,96,161,0,0,0,515,144,-1049,1,下位,0,0,0
166,166,0,42,11,0,0,0,969,213,-2399,2,下位,0,0,0
969,969,0,92,146,0,1,166,969,213,-2399,2,下位,0,166,63
711,711,0,72,95,0,0,0,1135,198,-3969,1,下位,0,0,0
859,859,0,98,144,1,0,0,0,0,1,0,下位,0,0,0
260,260,0,59,57,0,0,0,859,196,-1188,1,下位,0,0,0
674,674,0,144,287,0,0,0,260,109,-1498,1,下位,0,0,0
235,235,0,92,130,1,0,0,0,0,1,0,下位,0,0,0
355,355,0,159,195,0,0,0,235,182,-196,1,下位,0,0,0
796,796,0,42,9,0,0,0,355,247,-522,4,下位,0,0,0
967,967,0,65,123,0,1,796,355,247,-522,4,下位,0,796,61
237,237,0,122,101,1,0,0,0,0,1,0,下位,0,0,0
758,758,0,119,98,1,0,0,0,0,1,0,下位,0,0,0
473,473,0,118,107,1,0,0,0,0,1,0,下位,0,0,0
583,583,0,65,118,0,0,0,473,159,-603,2,下位,0,0,0
741,741,0,116,116,1,0,0,0,0,1,0,下位,0,0,0
966,966,0,145,225,0,0,0,741,168,-1026,2,下位,0,0,0
309,309,0,106,283,0,0,0,966,277,-2307,3,下位,0,0,0
162,162,0,84,174,1,0,0,0,0,1,0,下位,0,0,0
966,966,0,52,65,0,0,0,162,226,-34,1,下位,0,0,0
883,883,0,41,1,0,1,966,162,226,-34,1,下位,0,966,117
62,62,0,94,230,0,2,1849,162,226,-34,1,下位,0,883,53
326,326,0,42,7,1,0,0,0,0,1,0,下位,0,0,0
876,876,0,190,342,1,1,326,0,0,1,0,下位,0,326,59
329,329,0,98,136,1,0,0,0,0,1,0,下位,0,0,0
442,442,0,1462,7012,0,0,0,329,188,-342,1,下位,0,0,0
975,975,0,151,275,1,0,0,0,0,1,0,下位,0,0,0
157,157,0,1018,5299,0,0,0,975,327,-1245,3,下位,0,0,0
225,225,0,42,5,0,0,0,157,5351,766,10,上位,0,0,0
93,93,0,42,11,0,1,225,157,5351,766,10,上位,0,225,57
353,353,0,1152,5680,0,2,318,157,5351,766,10,上位,0,93,63
381,381,0,49,51,0,0,0,671,5732,747,10,上位,0,0,0
209,209,0,42,7,0,1,381,671,5732,747,10,上位,0,381,103
270,270,0,122,160,0,2,590,671,5732,747,10,上位,0,209,59
131,131,0,73,36,1,0,0,0,0,1,0,下位,0,0,0
323,323,0,76,90,0,0,0,131,88,-122,1,下位,0,0,0
109,109,0,52,65,0,0,0,323,142,-501,1,下位,0,0,0
864,864,0,217,313,0,1,109,323,142,-501,1,下位,0,109,117
867,867,0,117,244,1,0,0,0,0,1,0,下位,0,0,0
242,242,0,104,136,0,0,0,867,296,-1101,3,下位,0,0,0
748,748,0,1024,5001,1,0,0,0,0,1,0,下位,0,0,0
963,963,0,42,5,0,0,0,748,5053,746,10,上位,0,0,0
972,972,0,153,206,0,1,963,748,5053,746,10,上位,0,963,57
114,114,0,82,88,0,0,0,1935,258,-2060,3,下位,0,0,0
611,611,0,132,222,1,0,0,0,0,1,0,下位,0,0,0
139,139,0,103,128,0,0,0,611,274,-710,2,下位,0,0,0
124,124,0,80,103,0,0,0,139,180,-754,1,下位,0,0,0
820,820,0,103,127,1,0,0,0,0,1,0,下位,0,0,0
237,237,0,107,123,0,0,0,820,179,-1143,2,下位,0,0,0
296,296,0,172,233,0,0,0,237,175,-1350,2,下位,0,0,0
133,133,0,1170,5573,0,0,0,296,285,-1542,3,下位,0,0,0
849,849,0,1190,5973,1,0,0,0,0,1,0,下位,0,0,0
123,123,0,78,26,0,0,0,849,6025,755,12,上位,0,0,0
150,150,0,56,58,0,0,0,123,78,635,1,下位,0,0,0
623,623,0,128,163,1,0,0,0,0,1,0,下位,0,0,0
296,296,0,152,197,0,0,0,623,215,-789,2,下位,0,0,0
207,207,0,1101,4913,1,0,0,0,0,1,0,下位,0,0,0
262,262,0,141,130,0,0,0,207,4965,745,11,上位,0,0,0
931,931,0,92,145,1,0,0,0,0,1,0,下位,0,0,0
258,258,0,1538,7886,0,0,0,931,197,-1304,2,下位,0,0,0
637,637,0,1428,7143,1,0,0,0,0,1,0,下位,0,0,0
304,304,0,64,130,1,0,0,0,0,1,0,下位,0,0,0
937,937,0,160,260,0,0,0,304,182,-307,1,下位,0,0,0
760,760,0,104,124,1,0,0,0,0,1,0,下位,0,0,0
413,413,0,121,182,0,0,0,760,176,-1049,2,下位,0,0,0
43,43,0,62,122,0,0,0,413,234,-1481,2,下位,0,0,0
574,574,0,51,61,0,0,0,43,174,-1376,1,下位,0,0,0
390,390,0,113,105,0,1,574,43,174,-1376,1,下位,0,574,113
978,978,0,52,71,0,0,0,964,157,-2661,2,下位,0,0,0
523,523,0,41,3,0,1,978,964,157,-2661,2,下位,0,978,123
653,653,0,81,93,0,2,1501,964,157,-2661,2,下位,0,523,55
78,78,0,41,2,0,0,0,2154,145,-5812,1,下位,0,0,0
96,96,0,51,63,0,1,78,2154,145,-5812,1,下位,0,78,54
208,208,0,60,63,0,2,174,2154,145,-5812,1,下位,0,96,115
592,592,0,149,200,0,0,0,382,115,-6144,1,下位,0,0,0
369,369,0,180,306,0,0,0,592,252,-6847,4,下位,0,0,0
281,281,0,118,195,0,0,0,369,358,-7084,4,下位,0,0,0
84,84,0,90,85,0,0,0,281,247,-7290,2,下位,0,0,0
176,176,0,54,54,0,0,0,84,137,-7288,1,下位,0,0,0
368,368,0,64,41,1,0,0,0,0,1,0,下位,0,0,0
565,565,0,132,164,0,0,0,368,93,-500,1,下位,0,0,0
361,361,0,85,86,0,0,0,565,216,-1195,2,下位,0,0,0
942,942,0,69,111,0,0,0,361,138,-1639,2,下位,0,0,0
71,71,0,138,226,1,0,0,0,0,1,0,下位,0,0,0
967,967,0,80,171,0,0,0,71,278,164,3,下位,0,0,0
272,272,0,93,214,0,0,0,967,223,-1173,1,下位,0,0,0
41,41,0,86,65,1,0,0,0,0,1,0,下位,0,0,0
965,965,0,64,125,0,0,0,41,117,52,1,下位,0,0,0
161,161,0,42,7,0,0,0,965,177,-1327,1,下位,0,0,0
249,249,0,52,65,0,1,161,965,177,-1327,1,下位,0,161,59
970,970,0,51,63,0,2,410,965,177,-1327,1,下位,0,249,117
321,321,0,158,205,0,3,1380,965,177,-1327,1,下位,0,970,115
121,121,0,72,175,0,0,0,1701,257,-3524,4,下位,0,0,0
177,177,0,61,50,0,0,0,121,227,-3492,1,下位,0,0,0
240,240,0,42,9,0,0,0,177,102,-3675,1,下位,0,0,0
871,871,0,128,165,0,1,240,177,102,-3675,1,下位,0,240,61
184,184,0,51,63,0,0,0,1111,217,-5189,3,下位,0,0,0
974,974,0,52,65,0,1,184,1111,217,-5189,3,下位,0,184,115
287,287,0,75,99,0,2,1158,1111,217,-5189,3,下位,0,974,117
87,87,0,183,303,1,0,0,0,0,1,0,下位,0,0,0
804,804,0,51,61,0,0,0,87,355,216,5,下位,0,0,0
968,968,0,52,69,0,1,804,87,355,216,5,下位,0,804,113
965,965,0,89,153,0,2,1772,87,355,216,5,下位,0,968,121
525,525,0,116,115,0,0,0,2737,205,-3759,1,下位,0,0,0
704,704,0,122,244,1,0,0,0,0,1,0,下位,0,0,0
303,303,0,89,88,1,0,0,0,0,1,0,下位,0,0,0
174,174,0,82,94,0,0,0,303,140,-348,1,下位,0,0,0
512,512,0,116,194,0,0,0,174,146,-483,1,下位,0,0,0
91,91,0,68,113,0,0,0,512,246,-1063,2,下位,0,0,0
93,93,0,1234,6548,0,0,0,91,165,-1045,1,下位,0,0,0
630,630,0,52,67,0,0,0,93,6542,753,8,上位,0,0,0
49,49,0,121,323,0,1,630,93,6542,753,8,上位,0,630,119
38,38,0,472,2270,0,0,0,679,375,152,3,下位,0,0,0
319,319,0,84,91,0,0,0,38,1495,750,2,上位,0,0,0
765,765,0,104,206,0,0,0,319,143,378,1,下位,0,0,0
255,255,0,52,66,0,0,0,765,258,-598,2,下位,0,0,0
407,407,0,122,165,0,1,255,765,258,-598,2,下位,0,255,118
964,964,0,193,360,0,0,0,662,217,-1330,2,下位,0,0,0
296,296,0,149,269,1,0,0,0,0,1,0,下位,0,0,0
261,261,0,129,235,0,0,0,296,321,-155,3,下位,0,0,0
347,347,0,120,167,0,0,0,261,287,-289,3,下位,0,0,0
287,287,0,188,219,0,0,0,347,219,-630,3,下位,0,0,0
967,967,0,80,167,0,0,0,287,271,-822,3,下位,0,0,0
645,645,0,42,10,0,0,0,967,219,-2163,1,下位,0,0,0
494,494,0,106,136,0,1,645,967,219,-2163,1,下位,0,645,62
263,263,0,110,279,1,0,0,0,0,1,0,下位,0,0,0
285,285,0,52,69,0,0,0,263,331,-92,3,下位,0,0,0
319,319,0,103,131,0,1,285,263,331,-92,3,下位,0,285,121
151,151,0,52,71,1,0,0,0,0,1,0,下位,0,0,0
767,767,0,140,209,1,1,151,0,0,1,0,下位,0,151,123
976,976,0,70,95,1,0,0,0,0,1,0,下位,0,0,0
586,586,0,104,134,0,0,0,976,147,-1426,1,下位,0,0,0
173,173,0,868,4154,1,0,0,0,0,1,0,下位,0,0,0
427,427,0,42,7,0,0,0,173,4206,761,9,上位,0,0,0
268,268,0,78,95,0,1,427,173,4206,761,9,上位,0,427,59
921,921,0,78,173,0,0,0,695,147,-154,1,下位,0,0,0
221,221,0,75,31,0,0,0,921,225,-1414,2,下位,0,0,0
356,356,0,42,9,1,0,0,0,0,1,0,下位,0,0,0
963,963,0,120,244,1,1,356,0,0,1,0,下位,0,356,61
270,270,0,74,99,0,0,0,1319,296,-1769,3,下位,0,0,0
132,132,0,102,54,1,0,0,0,0,1,0,下位,0,0,0
407,407,0,1076,5312,0,0,0,132,106,-106,2,下位,0,0,0
245,245,0,67,107,0,0,0,407,5364,739,10,上位,0,0,0
265,265,0,66,81,1,0,0,0,0,1,0,下位,0,0,0
721,721,0,98,167,0,0,0,265,133,-293,1,下位,0,0,0
672,672,0,1026,4810,1,0,0,0,0,1,0,下位,0,0,0
752,752,0,68,6,0,0,0,672,4862,756,11,上位,0,0,0
90,90,0,40,-5,0,0,0,752,58,-399,1,下位,0,0,0
44,44,0,646,2848,0,1,90,752,58,-399,1,下位,0,90,47
540,540,0,49,51,0,0,0,134,2900,738,5,上位,0,0,0
210,210,0,658,2904,0,1,540,134,2900,738,5,上位,0,540,103
531,531,0,134,262,0,0,0,750,2956,745,8,上位,0,0,0
545,545,0,61,76,0,0,0,531,314,203,3,下位,0,0,0
372,372,0,150,216,0,0,0,545,128,-548,1,下位,0,0,0
944,944,0,79,58,1,0,0,0,0,1,0,下位,0,0,0
72,72,0,50,57,0,0,0,944,110,-1412,1,下位,0,0,0
849,849,0,108,138,0,1,72,944,110,-1412,1,下位,0,72,109
279,279,0,66,15,0,0,0,921,190,-2598,3,下位,0,0,0
62,62,0,1328,6738,0,0,0,279,67,-2981,1,下位,0,0,0
632,632,0,102,25,1,0,0,0,0,1,0,下位,0,0,0
127,127,0,812,3925,1,0,0,0,0,1,0,下位,0,0,0
243,243,0,49,51,0,0,0,127,3977,743,9,上位,0,0,0
205,205,0,1026,5116,0,1,243,127,3977,743,9,上位,0,243,103
384,384,0,49,49,0,0,0,448,5168,759,11,上位,0,0,0
174,174,0,111,164,0,1,384,448,5168,759,11,上位,0,384,101
209,209,0,134,190,0,0,0,558,216,176,2,下位,0,0,0
95,95,0,728,3489,0,0,0,209,242,81,2,下位,0,0,0
316,316,0,88,59,0,0,0,95,3433,738,4,上位,0,0,0
236,236,0,67,13,1,0,0,0,0,1,0,下位,0,0,0
321,321,0,126,178,0,0,0,236,65,-315,1,下位,0,0,0
225,225,0,85,127,0,0,0,321,230,-603,3,下位,0,0,0
231,231,0,102,237,0,0,0,225,179,-787,1,下位,0,0,0
281,281,0,114,145,0,0,0,231,289,-871,3,下位,0,0,0
258,258,0,82,64,0,0,0,281,197,-1127,2,下位,0,0,0
415,415,0,60,21,0,0,0,258,116,-1427,1,下位,0,0,0
509,509,0,56,34,0,0,0,415,73,-2023,1,下位,0,0,0
194,194,0,168,256,0,0,0,509,86,-2758,1,下位,0,0,0
754,754,0,67,90,1,0,0,0,0,1,0,下位,0,0,0
134,134,0,124,125,0,0,0,754,142,-1073,1,下位,0,0,0
260,260,0,149,216,0,0,0,134,177,-1112,2,下位,0,0,0
817,817,0,74,68,0,0,0,260,268,-1263,4,下位,0,0,0
167,167,0,1797,9186,0,0,0,817,120,-2461,2,下位,0,0,0
583,583,0,137,221,1,0,0,0,0,1,0,下位,0,0,0
314,314,0,872,4062,0,0,0,583,273,-666,3,下位,0,0,0
393,393,0,78,40,1,0,0,0,0,1,0,下位,0,0,0
969,969,0,148,202,0,0,0,393,92,-541,2,下位,0,0,0
90,90,0,904,4857,0,0,0,969,254,-1850,3,下位,0,0,0
939,939,0,801,3804,0,0,0,90,4804,718,6,上位,0,0,0
258,258,0,88,88,1,0,0,0,0,1,0,下位,0,0,0
184,184,0,82,170,0,0,0,258,140,-275,1,下位,0,0,0
132,132,0,70,111,0,0,0,184,222,-350,1,下位,0,0,0
77,77,0,42,8,0,0,0,132,163,-400,1,下位,0,0,0
328,328,0,128,228,0,1,77,132,163,-400,1,下位,0,77,60
966,966,0,52,65,0,0,0,405,280,-713,3,下位,0,0,0
964,964,0,102,209,0,1,966,405,280,-713,3,下位,0,966,117
247,247,0,83,98,0,0,0,1930,261,-3448,2,下位,0,0,0
883,883,0,110,259,0,0,0,247,150,-3696,1,下位,0,0,0
214,214,0,139,226,0,0,0,883,311,-4809,2,下位,0,0,0
400,400,0,74,99,0,0,0,214,278,-4876,2,下位,0,0,0
429,429,0,76,169,0,0,0,400,151,-5370,1,下位,0,0,0
87,87,0,71,172,0,0,0,429,221,-5841,2,下位,0,0,0
104,104,0,71,94,1,0,0,0,0,1,0,下位,0,0,0
596,596,0,97,138,0,0,0,104,146,-21,1,下位,0,0,0
344,344,0,74,183,0,0,0,596,190,-792,2,下位,0,0,0
144,144,0,83,79,0,0,0,344,235,-1112,1,下位,0,0,0
146,146,0,88,74,0,0,0,144,131,-1213,1,下位,0,0,0
320,320,0,130,154,0,0,0,146,126,-1322,2,下位,0,0,0
967,967,0,41,3,0,0,0,320,206,-1632,3,下位,0,0,0
376,376,0,100,281,0,1,967,320,206,-1632,3,下位,0,967,55
240,240,0,42,11,1,0,0,0,0,1,0,下位,0,0,0
968,968,0,136,225,1,1,240,0,0,1,0,下位,0,240,63
376,376,0,188,287,0,0,0,1208,277,-1607,3,下位,0,0,0
163,163,0,104,130,0,0,0,376,339,-1874,5,下位,0,0,0
332,332,0,116,271,0,0,0,163,182,-1955,1,下位,0,0,0
85,85,0,1910,10005,0,0,0,332,323,-2167,2,下位,0,0,0
236,236,0,42,5,0,0,0,85,10057,771,13,上位,0,0,0
966,966,0,746,3552,0,1,236,85,10057,771,13,上位,0,236,57
248,248,0,161,324,0,0,0,1202,3604,745,8,上位,0,0,0
754,754,0,104,130,1,0,0,0,0,1,0,下位,0,0,0
648,648,0,69,45,0,0,0,754,182,-1033,2,下位,0,0,0
612,612,0,112,110,0,0,0,648,97,-1981,1,下位,0,0,0
260,260,0,117,111,1,0,0,0,0,1,0,下位,0,0,0
421,421,0,147,194,0,0,0,260,163,-255,3,下位,0,0,0
785,785,0,126,318,0,0,0,421,246,-688,3,下位,0,0,0
882,882,0,52,71,0,0,0,785,370,-1584,3,下位,0,0,0
86,86,0,103,206,0,1,882,785,370,-1584,3,下位,0,882,123
319,319,0,74,99,0,0,0,968,258,-2765,2,下位,0,0,0
225,225,0,90,76,0,0,0,319,151,-3129,1,下位,0,0,0
676,676,0,52,69,0,0,0,225,128,-3364,2,下位,0,0,0
167,167,0,51,63,0,1,676,225,128,-3364,2,下位,0,676,121
971,971,0,52,65,0,2,843,225,128,-3364,2,下位,0,167,115
138,138,0,78,176,0,3,1814,225,128,-3364,2,下位,0,971,117
815,815,0,126,236,1,0,0,0,0,1,0,下位,0,0,0
288,288,0,73,114,0,0,0,815,288,-1026,3,下位,0,0,0
161,161,0,136,141,0,0,0,288,166,-1325,1,下位,0,0,0
412,412,0,1616,8253,0,0,0,161,193,-1392,2,下位,0,0,0
177,177,0,69,31,0,0,0,412,8305,755,14,上位,0,0,0
967,967,0,52,69,0,0,0,177,83,553,1,下位,0,0,0
259,259,0,109,201,0,1,967,177,83,553,1,下位,0,967,121
805,805,0,85,87,1,0,0,0,0,1,0,下位,0,0,0
508,508,0,88,80,0,0,0,805,139,-1158,2,下位,0,0,0
844,844,0,138,145,0,0,0,508,132,-1845,1,下位,0,0,0
963,963,0,163,260,0,0,0,844,197,-3009,2,下位,0,0,0
335,335,0,123,180,0,0,0,963,312,-4250,4,下位,0,0,0
126,126,0,133,160,1,0,0,0,0,1,0,下位,0,0,0
712,712,0,52,66,0,0,0,126,212,10,3,下位,0,0,0
163,163,0,41,3,0,1,712,126,212,10,3,下位,0,712,118
60,60,0,42,5,0,2,875,126,212,10,3,下位,0,163,55
816,816,0,52,69,0,3,935,126,212,10,3,下位,0,60,57
157,157,0,102,140,0,4,1751,126,212,10,3,下位,0,816,121
847,847,0,108,128,0,0,0,1908,192,-2524,2,下位,0,0,0
481,481,0,52,67,0,0,0,847,180,-3710,3,下位,0,0,0
780,780,0,144,200,0,1,481,847,180,-3710,3,下位,0,481,119
281,281,0,91,77,0,0,0,1261,252,-5373,3,下位,0,0,0
180,180,0,104,130,0,0,0,281,129,-5697,1,下位,0,0,0
276,276,0,82,172,1,0,0,0,0,1,0,下位,0,0,0
329,329,0,1052,5364,0,0,0,276,224,-220,1,下位,0,0,0
121,121,0,42,11,0,0,0,329,5416,765,10,上位,0,0,0
241,241,0,67,46,0,1,121,329,5416,765,10,上位,0,121,63
171,171,0,115,269,0,0,0,362,98,342,1,下位,0,0,0
320,320,0,75,91,0,0,0,171,321,387,3,下位,0,0,0
382,382,0,42,7,0,0,0,320,143,14,2,下位,0,0,0
106,106,0,84,96,0,1,382,320,143,14,2,下位,0,382,59
657,657,0,126,175,0,0,0,488,148,-566,1,下位,0,0,0
705,705,0,101,132,1,0,0,0,0,1,0,下位,0,0,0
683,683,0,1198,5903,0,0,0,705,184,-952,2,下位,0,0,0
669,669,0,83,96,1,0,0,0,0,1,0,下位,0,0,0
275,275,0,128,166,0,0,0,669,148,-930,1,下位,0,0,0
557,557,0,89,158,0,0,0,275,218,-1156,3,下位,0,0,0
936,936,0,52,71,0,0,0,557,210,-1844,2,下位,0,0,0
581,581,0,184,305,0,1,936,557,210,-1844,2,下位,0,936,123
351,351,0,125,172,0,0,0,1517,357,-3811,4,下位,0,0,0
607,607,0,96,149,1,0,0,0,0,1,0,下位,0,0,0
865,865,0,79,169,0,0,0,607,201,-777,2,下位,0,0,0
836,836,0,118,183,0,0,0,865,221,-1951,1,下位,0,0,0
289,289,0,42,5,0,0,0,836,235,-3064,2,下位,0,0,0
917,917,0,1561,7970,0,1,289,836,235,-3064,2,下位,0,289,57
348,348,0,100,213,1,0,0,0,0,1,0,下位,0,0,0
266,266,0,181,369,0,0,0,348,265,-295,2,下位,0,0,0
914,914,0,152,276,0,0,0,266,421,-303,4,下位,0,0,0
61,61,0,1034,5386,0,0,0,914,328,-1449,3,下位,0,0,0
839,839,0,101,143,1,0,0,0,0,1,0,下位,0,0,0
178,178,0,1128,5317,0,0,0,839,195,-1157,2,下位,0,0,0
210,210,0,78,102,0,0,0,178,5369,763,10,上位,0,0,0
221,221,0,123,254,1,0,0,0,0,1,0,下位,0,0,0
963,963,0,42,9,0,0,0,221,306,-49,3,下位,0,0,0
163,163,0,42,7,0,1,963,221,306,-49,3,下位,0,963,61
253,253,0,62,122,0,2,1126,221,306,-49,3,下位,0,163,59
37,37,0,51,63,0,0,0,1379,174,-1979,1,下位,0,0,0
465,465,0,86,85,0,1,37,1379,174,-1979,1,下位,0,37,115
306,306,0,104,54,0,0,0,502,137,-2537,1,下位,0,0,0
517,517,0,106,125,0,0,0,306,106,-2925,2,下位,0,0,0
253,253,0,78,101,1,0,0,0,0,1,0,下位,0,0,0
300,300,0,92,152,0,0,0,253,153,-254,1,下位,0,0,0
901,901,0,180,377,0,0,0,300,204,-534,1,下位,0,0,0
369,369,0,100,216,0,0,0,901,429,-1558,4,下位,0,0,0
968,968,0,42,5,0,0,0,369,268,-1885,2,下位,0,0,0
779,779,0,42,7,0,1,968,369,268,-1885,2,下位,0,968,57
194,194,0,94,146,0,2,1747,369,268,-1885,2,下位,0,779,59
137,137,0,137,297,0,0,0,1941,198,-4701,1,下位,0,0,0
560,560,0,88,146,1,0,0,0,0,1,0,下位,0,0,0
632,632,0,150,414,0,0,0,560,198,-704,2,下位,0,0,0
260,260,0,98,136,0,0,0,632,466,-1257,4,下位,0,0,0
296,296,0,127,242,0,0,0,260,188,-1488,1,下位,0,0,0
93,93,0,42,9,0,0,0,296,294,-1671,2,下位,0,0,0
435,435,0,52,69,0,1,93,296,294,-1671,2,下位,0,93,61
966,966,0,132,303,0,2,528,296,294,-1671,2,下位,0,435,121
448,448,0,52,67,0,0,0,1494,355,-3544,4,下位,0,0,0
135,135,0,51,63,0,1,448,1494,355,-3544,4,下位,0,448,119
450,450,0,227,304,0,2,583,1494,355,-3544,4,下位,0,135,115
212,212,0,184,375,0,0,0,1033,356,-4621,5,下位,0,0,0
963,963,0,42,11,0,0,0,212,427,-4536,5,下位,0,0,0
203,203,0,190,307,0,1,963,212,427,-4536,5,下位,0,963,63
269,269,0,134,151,0,0,0,1166,359,-5994,4,下位,0,0,0
868,868,0,121,172,1,0,0,0,0,1,0,下位,0,0,0
723,723,0,1249,6208,0,0,0,868,224,-1175,2,下位,0,0,0
968,968,0,51,63,0,0,0,723,6260,750,12,上位,0,0,0
388,388,0,42,7,0,1,968,723,6260,750,12,上位,0,968,115
965,965,0,121,172,0,2,1356,723,6260,750,12,上位,0,388,59
716,716,0,112,192,1,0,0,0,0,1,0,下位,0,0,0
189,189,0,106,197,0,0,0,716,244,-910,3,下位,0,0,0
857,857,0,1270,6152,0,0,0,189,249,-966,2,下位,0,0,0
397,397,0,72,36,0,0,0,857,6204,769,10,上位,0,0,0
96,96,0,182,204,0,0,0,397,88,217,1,下位,0,0,0
314,314,0,132,233,1,0,0,0,0,1,0,下位,0,0,0
198,198,0,1526,7413,0,0,0,314,285,-220,4,下位,0,0,0
663,663,0,131,223,0,0,0,198,7465,754,13,上位,0,0,0
94,94,0,52,69,1,0,0,0,0,1,0,下位,0,0,0
517,517,0,110,116,1,1,94,0,0,1,0,下位,0,94,121
76,76,0,52,71,0,0,0,611,168,-696,2,下位,0,0,0
964,964,0,71,174,0,1,76,611,168,-696,2,下位,0,76,123
116,116,0,101,132,0,0,0,1040,226,-2025,1,下位,0,0,0
89,89,0,88,231,0,0,0,116,184,-2028,2,下位,0,0,0
894,894,0,52,67,0,0,0,89,283,-1889,2,下位,0,0,0
541,541,0,59,57,0,1,894,89,283,-1889,2,下位,0,894,119
639,639,0,112,185,1,0,0,0,0,1,0,下位,0,0,0
585,585,0,70,31,1,0,0,0,0,1,0,下位,0,0,0
114,114,0,117,167,0,0,0,585,83,-860,1,下位,0,0,0
808,808,0,1149,5962,0,0,0,114,219,-825,3,下位,0,0,0
42,42,0,80,24,1,0,0,0,0,1,0,下位,0,0,0
648,648,0,184,301,0,0,0,42,76,9,1,下位,0,0,0
383,383,0,52,71,0,0,0,648,353,-683,4,下位,0,0,0
607,607,0,81,96,0,1,383,648,353,-683,4,下位,0,383,123
528,528,0,76,164,1,0,0,0,0,1,0,下位,0,0,0
199,199,0,52,67,0,0,0,528,216,-635,1,下位,0,0,0
963,963,0,150,271,0,1,199,528,216,-635,1,下位,0,199,119
673,673,0,102,211,0,0,0,1162,323,-2067,3,下位,0,0,0
254,254,0,90,87,0,0,0,673,263,-2889,2,下位,0,0,0
964,964,0,103,216,0,0,0,254,139,-3160,1,下位,0,0,0
119,119,0,885,3981,1,0,0,0,0,1,0,下位,0,0,0
574,574,0,82,88,0,0,0,119,4033,770,10,上位,0,0,0
91,91,0,51,61,0,0,0,574,140,-16,1,下位,0,0,0
47,47,0,58,53,0,1,91,574,140,-16,1,下位,0,91,113
409,409,0,42,5,0,0,0,138,105,-21,1,下位,0,0,0
194,194,0,164,256,0,1,409,138,105,-21,1,下位,0,409,57
964,964,0,913,4350,0,0,0,603,308,-629,3,下位,0,0,0
100,100,0,96,143,1,0,0,0,0,1,0,下位,0,0,0
199,199,0,105,214,0,0,0,100,195,35,2,下位,0,0,0
701,701,0,129,143,0,0,0,199,266,-20,2,下位,0,0,0
351,351,0,52,67,0,0,0,701,195,-956,2,下位,0,0,0
205,205,0,141,115,0,1,351,701,195,-956,2,下位,0,351,119
205,205,0,236,286,0,0,0,556,167,-1567,2,下位,0,0,0
676,676,0,92,79,1,0,0,0,0,1,0,下位,0,0,0
290,290,0,118,170,0,0,0,676,131,-958,2,下位,0,0,0
426,426,0,129,172,0,0,0,290,222,-1204,2,下位,0,0,0
38,38,0,1211,6359,0,0,0,426,224,-1667,3,下位,0,0,0
654,654,0,78,171,1,0,0,0,0,1,0,下位,0,0,0
141,141,0,41,4,0,0,0,654,223,-831,2,下位,0,0,0
43,43,0,74,107,0,1,141,654,223,-831,2,下位,0,141,56
58,58,0,42,11,0,0,0,184,159,-912,1,下位,0,0,0
355,355,0,52,67,0,1,58,184,159,-912,1,下位,0,58,63
635,635,0,68,111,0,2,413,184,159,-912,1,下位,0,355,119
474,474,0,79,92,0,0,0,1048,163,-2258,1,下位,0,0,0
629,629,0,112,115,0,0,0,474,144,-2879,2,下位,0,0,0
482,482,0,42,9,0,0,0,629,167,-3727,2,下位,0,0,0
247,247,0,51,64,0,1,482,629,167,-3727,2,下位,0,482,61
329,329,0,79,175,0,2,729,629,167,-3727,2,下位,0,247,116
276,276,0,915,4273,1,0,0,0,0,1,0,下位,0,0,0
543,543,0,86,89,0,0,0,276,4325,748,10,上位,0,0,0
757,757,0,118,334,1,0,0,0,0,1,0,下位,0,0,0
791,791,0,153,284,0,0,0,757,386,-834,3,下位,0,0,0
336,336,0,123,241,0,0,0,791,336,-1774,3,下位,0,0,0
255,255,0,1409,7060,0,0,0,336,293,-2023,2,下位,0,0,0
847,847,0,153,200,1,0,0,0,0,1,0,下位,0,0,0
227,227,0,110,109,1,0,0,0,0,1,0,下位,0,0,0
46,46,0,130,159,0,0,0,227,161,-204,3,下位,0,0,0
269,269,0,96,145,0,0,0,46,211,-67,2,下位,0,0,0
424,424,0,131,232,0,0,0,269,197,-304,1,下位,0,0,0
739,739,0,114,270,0,0,0,424,284,-704,3,下位,0,0,0
915,915,0,84,173,0,0,0,739,322,-1574,2,下位,0,0,0
596,596,0,99,129,0,0,0,915,225,-2825,1,下位,0,0,0
270,270,0,83,90,1,0,0,0,0,1,0,下位,0,0,0
472,472,0,64,30,0,0,0,270,142,-292,1,下位,0,0,0
528,528,0,118,171,1,0,0,0,0,1,0,下位,0,0,0
245,245,0,1137,5606,0,0,0,528,223,-628,3,下位,0,0,0
178,178,0,67,114,0,0,0,245,5658,754,11,上位,0,0,0
887,887,0,52,71,0,0,0,178,166,633,1,下位,0,0,0
205,205,0,757,3404,0,1,887,178,166,633,1,下位,0,887,123
313,313,0,93,229,0,0,0,1092,3456,750,8,上位,0,0,0
13,13,0,145,275,1,0,0,0,0,1,0,下位,0,0,0
218,218,0,132,234,0,0,0,13,327,307,3,下位,0,0,0
377,377,0,95,216,0,0,0,218,286,241,2,下位,0,0,0
138,138,0,88,71,1,0,0,0,0,1,0,下位,0,0,0
223,223,0,88,155,0,0,0,138,123,-99,1,下位,0,0,0
393,393,0,54,65,0,0,0,223,207,-252,2,下位,0,0,0
451,451,0,92,62,0,0,0,393,117,-769,1,下位,0,0,0
235,235,0,52,65,0,0,0,451,114,-1382,1,下位,0,0,0
155,155,0,51,61,0,1,235,451,114,-1382,1,下位,0,235,117
965,965,0,60,59,0,2,390,451,114,-1382,1,下位,0,155,113
249,249,0,52,65,0,0,0,1355,111,-3226,1,下位,0,0,0
651,651,0,123,109,0,1,249,1355,111,-3226,1,下位,0,249,117
345,345,0,124,105,0,0,0,900,161,-4400,3,下位,0,0,0
799,799,0,113,187,1,0,0,0,0,1,0,下位,0,0,0
300,300,0,107,193,0,0,0,799,239,-1049,2,下位,0,0,0
496,496,0,41,1,0,0,0,300,245,-1288,2,下位,0,0,0
912,912,0,111,254,0,1,496,300,245,-1288,2,下位,0,496,53
361,361,0,160,346,0,0,0,1408,306,-3200,3,下位,0,0,0
271,271,0,62,124,0,0,0,361,398,-3384,4,下位,0,0,0
241,241,0,42,5,0,0,0,271,176,-3645,1,下位,0,0,0
249,249,0,114,178,0,1,241,271,176,-3645,1,下位,0,241,57
254,254,0,110,124,1,0,0,0,0,1,0,下位,0,0,0
285,285,0,129,158,0,0,0,254,176,-233,2,下位,0,0,0
336,336,0,181,374,0,0,0,285,210,-483,2,下位,0,0,0
694,694,0,142,124,0,0,0,336,426,-599,5,下位,0,0,0
187,187,0,127,224,0,0,0,694,176,-1542,2,下位,0,0,0
969,969,0,100,124,0,0,0,187,276,-1568,3,下位,0,0,0
390,390,0,920,4484,1,0,0,0,0,1,0,下位,0,0,0
249,249,0,114,204,0,0,0,390,4536,769,9,上位,0,0,0
237,237,0,52,66,0,0,0,249,256,623,2,下位,0,0,0
714,714,0,81,101,0,1,237,249,256,623,2,下位,0,237,118
963,963,0,102,68,0,0,0,951,153,-640,2,下位,0,0,0
819,819,0,88,85,0,0,0,963,120,-2073,2,下位,0,0,0
816,816,0,83,168,1,0,0,0,0,1,0,下位,0,0,0
375,375,0,106,119,0,0,0,816,220,-1095,1,下位,0,0,0
238,238,0,130,231,0,0,0,375,171,-1529,2,下位,0,0,0
91,91,0,763,3968,0,0,0,238,283,-1630,3,下位,0,0,0
569,569,0,86,152,0,0,0,91,3908,769,5,上位,0,0,0
157,157,0,100,147,0,0,0,569,204,55,1,下位,0,0,0
943,943,0,52,66,0,0,0,157,199,1,1,下位,0,0,0
261,261,0,51,61,0,1,943,157,199,1,1,下位,0,943,118
177,177,0,42,9,0,2,1204,157,199,1,1,下位,0,261,113
136,136,0,138,267,0,3,1381,157,199,1,1,下位,0,177,61
263,263,0,114,179,0,0,0,1517,319,-1834,4,下位,0,0,0
181,181,0,103,134,0,0,0,263,231,-2027,3,下位,0,0,0
548,548,0,101,64,0,0,0,181,186,-2133,3,下位,0,0,0
445,445,0,84,81,1,0,0,0,0,1,0,下位,0,0,0
254,254,0,85,89,0,0,0,445,133,-584,1,下位,0,0,0
274,274,0,40,-5,0,0,0,254,141,-853,1,下位,0,0,0
253,253,0,1914,9279,0,1,274,254,141,-853,1,下位,0,274,47
169,169,0,210,344,1,0,0,0,0,1,0,下位,0,0,0
189,189,0,122,106,0,0,0,169,396,124,4,下位,0,0,0
697,697,0,1021,5000,0,0,0,189,158,-23,2,下位,0,0,0
767,767,0,93,149,0,0,0,697,5052,763,10,上位,0,0,0
219,219,0,130,165,0,0,0,767,201,-273,1,下位,0,0,0
362,362,0,181,308,0,0,0,219,217,-409,3,下位,0,0,0
247,247,0,138,222,1,0,0,0,0,1,0,下位,0,0,0
291,291,0,193,367,0,0,0,247,274,-123,3,下位,0,0,0
164,164,0,59,61,0,0,0,291,419,-173,4,下位,0,0,0
412,412,0,139,293,0,0,0,164,113,-325,1,下位,0,0,0
772,772,0,51,63,0,0,0,412,345,-645,3,下位,0,0,0
205,205,0,41,1,0,1,772,412,345,-645,3,下位,0,772,115
416,416,0,58,49,0,2,977,412,345,-645,3,下位,0,205,53
745,745,0,84,91,1,0,0,0,0,1,0,下位,0,0,0
229,229,0,64,51,0,0,0,745,143,-1058,1,下位,0,0,0
196,196,0,145,255,0,0,0,229,103,-1324,1,下位,0,0,0
96,96,0,42,9,0,0,0,196,307,-1333,3,下位,0,0,0
160,160,0,78,101,0,1,96,196,307,-1333,3,下位,0,96,61
709,709,0,52,67,0,0,0,256,153,-1532,2,下位,0,0,0
187,187,0,142,226,0,1,709,256,153,-1532,2,下位,0,709,119
151,151,0,78,172,0,0,0,896,278,-2581,3,下位,0,0,0
613,613,0,70,115,0,0,0,151,224,-2601,1,下位,0,0,0
245,245,0,88,69,0,0,0,613,167,-3423,1,下位,0,0,0
794,794,0,161,332,0,0,0,245,121,-3697,1,下位,0,0,0
169,169,0,70,105,0,0,0,794,384,-4594,5,下位,0,0,0
391,391,0,177,320,1,0,0,0,0,1,0,下位,0,0,0
972,972,0,98,117,0,0,0,391,372,-258,4,下位,0,0,0
503,503,0,184,375,0,0,0,972,169,-1657,3,下位,0,0,0
940,940,0,78,95,1,0,0,0,0,1,0,下位,0,0,0
962,962,0,144,289,0,0,0,940,147,-1368,1,下位,0,0,0
627,627,0,63,117,0,0,0,962,341,-2579,3,下位,0,0,0
615,615,0,196,364,1,0,0,0,0,1,0,下位,0,0,0
79,79,0,995,5259,0,0,0,615,416,-575,5,下位,0,0,0
535,535,0,84,79,0,0,0,79,3760,748,5,上位,0,0,0
689,689,0,51,61,0,0,0,535,131,17,1,下位,0,0,0
515,515,0,769,3567,0,1,689,535,131,17,1,下位,0,689,113
286,286,0,42,7,0,0,0,1204,3619,777,9,上位,0,0,0
776,776,0,89,160,0,1,286,1204,3619,777,9,上位,0,286,59
13,13,0,52,69,1,0,0,0,0,1,0,下位,0,0,0
190,190,0,112,122,1,1,13,0,0,1,0,下位,0,13,121
286,286,0,161,329,0,0,0,203,174,-31,2,下位,0,0,0
289,289,0,924,4405,0,0,0,286,381,-111,4,下位,0,0,0
346,346,0,51,62,0,0,0,289,4457,750,9,上位,0,0,0
548,548,0,52,69,0,1,346,289,4457,750,9,上位,0,346,114
548,548,0,143,294,0,2,894,289,4457,750,9,上位,0,548,121
47,47,0,1156,6095,0,0,0,1442,346,-995,4,下位,0,0,0
619,619,0,111,170,1,0,0,0,0,1,0,下位,0,0,0
906,906,0,158,132,0,0,0,619,222,-775,2,下位,0,0,0
786,786,0,128,269,0,0,0,906,184,-2052,4,下位,0,0,0
588,588,0,218,305,0,0,0,786,321,-2999,3,下位,0,0,0
923,923,0,51,60,0,0,0,588,357,-3590,5,下位,0,0,0
389,389,0,152,261,0,1,923,588,357,-3590,5,下位,0,923,112
975,975,0,1239,6130,1,0,0,0,0,1,0,下位,0,0,0
302,302,0,133,134,0,0,0,975,6182,743,11,上位,0,0,0
277,277,0,42,9,0,0,0,302,186,442,2,下位,0,0,0
199,199,0,58,49,0,1,277,302,186,442,2,下位,0,277,61
393,393,0,74,81,0,0,0,476,101,-164,1,下位,0,0,0
141,141,0,188,349,0,0,0,393,133,-665,1,下位,0,0,0
965,965,0,139,194,0,0,0,141,401,-491,5,下位,0,0,0
950,950,0,115,183,1,0,0,0,0,1,0,下位,0,0,0
93,93,0,49,50,0,0,0,950,235,-1296,2,下位,0,0,0
341,341,0,1100,5306,0,1,93,950,235,-1296,2,下位,0,93,102
305,305,0,176,262,0,0,0,434,5358,735,10,上位,0,0,0
71,71,0,1105,5366,1,0,0,0,0,1,0,下位,0,0,0
117,117,0,84,157,1,0,0,0,0,1,0,下位,0,0,0
357,357,0,42,5,0,0,0,117,209,21,1,下位,0,0,0
973,973,0,1200,5860,0,1,357,117,209,21,1,下位,0,357,57
958,958,0,58,58,1,0,0,0,0,1,0,下位,0,0,0
925,925,0,59,47,0,0,0,958,110,-1434,1,下位,0,0,0
186,186,0,72,88,0,0,0,925,99,-2827,1,下位,0,0,0
272,272,0,157,350,0,0,0,186,140,-2987,1,下位,0,0,0
198,198,0,42,5,0,0,0,272,402,-3024,4,下位,0,0,0
967,967,0,57,60,0,1,198,272,402,-3024,4,下位,0,198,57
125,125,0,91,57,0,0,0,1165,112,-4734,1,下位,0,0,0
281,281,0,68,106,1,0,0,0,0,1,0,下位,0,0,0
95,95,0,61,117,0,0,0,281,158,-294,1,下位,0,0,0
281,281,0,112,161,0,0,0,95,169,-278,1,下位,0,0,0
264,264,0,95,141,0,0,0,281,213,-518,2,下位,0,0,0
477,477,0,94,135,0,0,0,264,193,-751,2,下位,0,0,0
318,318,0,78,88,0,0,0,477,187,-1333,2,下位,0,0,0
535,535,0,97,213,0,0,0,318,140,-1706,1,下位,0,0,0
100,100,0,88,83,0,0,0,535,265,-2304,2,下位,0,0,0
373,373,0,107,294,1,0,0,0,0,1,0,下位,0,0,0
297,297,0,70,47,0,0,0,373,346,-255,3,下位,0,0,0
73,73,0,41,1,0,0,0,297,99,-635,1,下位,0,0,0
130,130,0,41,3,0,1,73,297,99,-635,1,下位,0,73,53
265,265,0,141,205,0,2,203,297,99,-635,1,下位,0,130,55
605,605,0,42,11,0,0,0,468,257,-1025,3,下位,0,0,0
343,343,0,100,166,0,1,605,468,257,-1025,3,下位,0,605,63
862,862,0,70,99,0,0,0,948,218,-2273,2,下位,0,0,0
964,964,0,99,110,0,0,0,862,151,-3512,1,下位,0,0,0
149,149,0,72,144,0,0,0,964,162,-4905,1,下位,0,0,0
224,224,0,75,101,0,0,0,149,196,-4949,1,下位,0,0,0
275,275,0,922,4260,1,0,0,0,0,1,0,下位,0,0,0
929,929,0,71,144,0,0,0,275,4312,755,10,上位,0,0,0
826,826,0,72,90,1,0,0,0,0,1,0,下位,0,0,0
494,494,0,172,296,0,0,0,826,142,-1189,1,下位,0,0,0
146,146,0,165,188,0,0,0,494,348,-1638,5,下位,0,0,0
211,211,0,77,101,0,0,0,146,240,-1633,4,下位,0,0,0
417,417,0,130,145,0,0,0,211,153,-1820,1,下位,0,0,0
451,451,0,146,352,1,0,0,0,0,1,0,下位,0,0,0
503,503,0,51,62,0,0,0,451,404,-322,3,下位,0,0,0
569,569,0,142,145,0,1,503,451,404,-322,3,下位,0,503,114
968,968,0,74,37,0,0,0,1072,197,-1740,3,下位,0,0,0
477,477,0,109,120,1,0,0,0,0,1,0,下位,0,0,0
740,740,0,80,98,0,0,0,477,172,-596,2,下位,0,0,0
447,447,0,109,125,0,0,0,740,150,-1640,2,下位,0,0,0
17,17,0,167,413,1,0,0,0,0,1,0,下位,0,0,0
268,268,0,122,164,0,0,0,17,465,439,4,下位,0,0,0
577,577,0,118,253,1,0,0,0,0,1,0,下位,0,0,0
249,249,0,156,353,0,0,0,577,305,-625,3,下位,0,0,0
837,837,0,106,139,1,0,0,0,0,1,0,下位,0,0,0
965,965,0,170,177,0,0,0,837,191,-1158,2,下位,0,0,0
184,184,0,42,9,1,0,0,0,0,1,0,下位,0,0,0
965,965,0,149,284,1,1,184,0,0,1,0,下位,0,184,61
119,119,0,42,11,1,0,0,0,0,1,0,下位,0,0,0
142,142,0,883,4217,1,1,119,0,0,1,0,下位,0,119,63
217,217,0,77,174,0,0,0,261,4269,759,10,上位,0,0,0
627,627,0,944,4878,1,0,0,0,0,1,0,下位,0,0,0
66,66,0,80,173,0,0,0,627,4930,765,9,上位,0,0,0
910,910,0,652,2966,0,0,0,66,225,884,1,下位,0,0,0
197,197,0,1328,6448,1,0,0,0,0,1,0,下位,0,0,0
298,298,0,42,9,0,0,0,197,6500,761,13,上位,0,0,0
630,630,0,52,65,0,1,298,197,6500,761,13,上位,0,298,61
962,962,0,100,131,0,2,928,197,6500,761,13,上位,0,630,117
431,431,0,81,162,0,0,0,1890,183,-1927,2,下位,0,0,0
504,504,0,52,69,0,0,0,431,214,-2408,1,下位,0,0,0
94,94,0,156,201,0,1,504,431,214,-2408,1,下位,0,504,121
859,859,0,1253,6040,1,0,0,0,0,1,0,下位,0,0,0
727,727,0,140,232,1,0,0,0,0,1,0,下位,0,0,0
966,966,0,1094,5486,0,0,0,727,284,-888,3,下位,0,0,0
443,443,0,78,169,1,0,0,0,0,1,0,下位,0,0,0
972,972,0,1808,9122,0,0,0,443,221,-493,1,下位,0,0,0
155,155,0,42,7,1,0,0,0,0,1,0,下位,0,0,0
135,135,0,634,2936,1,1,155,0,0,1,0,下位,0,155,59
269,269,0,58,60,0,0,0,290,2988,755,9,上位,0,0,0
296,296,0,52,67,0,0,0,269,112,433,1,下位,0,0,0
70,70,0,122,165,0,1,296,269,112,433,1,下位,0,296,119
74,74,0,164,246,1,0,0,0,0,1,0,下位,0,0,0
528,528,0,51,63,0,0,0,74,298,180,4,下位,0,0,0
343,343,0,173,315,0,1,528,74,298,180,4,下位,0,528,115
134,134,0,170,173,0,0,0,871,367,-743,4,下位,0,0,0
487,487,0,126,236,0,0,0,134,225,-734,3,下位,0,0,0
645,645,0,1105,5276,0,0,0,487,288,-1231,3,下位,0,0,0
59,59,0,115,248,1,0,0,0,0,1,0,下位,0,0,0
407,407,0,1659,8985,0,0,0,59,300,206,3,下位,0,0,0
482,482,0,70,111,1,0,0,0,0,1,0,下位,0,0,0
467,467,0,75,181,0,0,0,482,163,-613,1,下位,0,0,0
877,877,0,118,247,0,0,0,467,233,-1133,1,下位,0,0,0
219,219,0,73,179,0,0,0,877,299,-2249,2,下位,0,0,0
248,248,0,140,152,0,0,0,219,231,-2371,1,下位,0,0,0
174,174,0,52,69,1,0,0,0,0,1,0,下位,0,0,0
816,816,0,144,153,1,1,174,0,0,1,0,下位,0,174,121
283,283,0,68,32,1,0,0,0,0,1,0,下位,0,0,0
130,130,0,42,9,0,0,0,283,84,-371,1,下位,0,0,0
283,283,0,83,163,0,1,130,283,84,-371,1,下位,0,130,61
294,294,0,1790,9039,0,0,0,413,215,-761,1,下位,0,0,0
296,296,0,81,99,1,0,0,0,0,1,0,下位,0,0,0
500,500,0,129,161,0,0,0,296,151,-325,1,下位,0,0,0
659,659,0,157,186,0,0,0,500,213,-918,3,下位,0,0,0
471,471,0,42,9,1,0,0,0,0,1,0,下位,0,0,0
435,435,0,52,67,1,1,471,0,0,1,0,下位,0,471,61
755,755,0,113,116,1,2,906,0,0,1,0,下位,0,435,119
972,972,0,69,31,0,0,0,1661,168,-2331,3,下位,0,0,0
163,163,0,102,136,0,0,0,972,83,-3816,1,下位,0,0,0
286,286,0,88,80,1,0,0,0,0,1,0,下位,0,0,0
373,373,0,127,165,0,0,0,286,132,-328,2,下位,0,0,0
272,272,0,122,175,0,0,0,373,217,-713,3,下位,0,0,0
774,774,0,50,58,0,0,0,272,227,-925,2,下位,0,0,0
192,192,0,170,260,0,1,774,272,227,-925,2,下位,0,774,110
880,880,0,123,242,0,0,0,966,312,-2061,4,下位,0,0,0
62,62,0,72,108,0,0,0,880,294,-3186,2,下位,0,0,0
598,598,0,52,67,1,0,0,0,0,1,0,下位,0,0,0
644,644,0,96,217,1,1,598,0,0,1,0,下位,0,598,119
351,351,0,110,189,0,0,0,1242,269,-1615,2,下位,0,0,0
974,974,0,78,104,0,0,0,351,241,-1940,3,下位,0,0,0
501,501,0,180,303,0,0,0,974,156,-3355,1,下位,0,0,0
92,92,0,156,345,1,0,0,0,0,1,0,下位,0,0,0
919,919,0,142,227,0,0,0,92,397,250,4,下位,0,0,0
133,133,0,118,255,0,0,0,919,279,-953,3,下位,0,0,0
222,222,0,106,115,0,0,0,133,307,-861,3,下位,0,0,0
271,271,0,42,9,0,0,0,222,167,-1052,2,下位,0,0,0
963,963,0,51,63,0,1,271,222,167,-1052,2,下位,0,271,61
235,235,0,166,254,0,2,1234,222,167,-1052,2,下位,0,963,115
187,187,0,110,271,0,0,0,1469,306,-2939,5,下位,0,0,0
172,172,0,52,68,0,0,0,187,323,-2918,2,下位,0,0,0
390,390,0,51,61,0,1,172,187,323,-2918,2,下位,0,172,120
304,304,0,104,134,0,2,562,187,323,-2918,2,下位,0,390,113
243,243,0,108,200,0,0,0,866,186,-3895,1,下位,0,0,0
743,743,0,111,321,0,0,0,243,252,-4035,2,下位,0,0,0
26,26,0,124,147,1,0,0,0,0,1,0,下位,0,0,0
250,250,0,118,175,0,0,0,26,199,158,2,下位,0,0,0
165,165,0,88,220,0,0,0,250,227,-18,2,下位,0,0,0
624,624,0,40,-7,0,0,0,165,272,-12,2,下位,0,0,0
285,285,0,52,65,0,1,624,165,272,-12,2,下位,0,624,45
275,275,0,51,63,0,2,909,165,272,-12,2,下位,0,285,117
608,608,0,72,106,0,3,1184,165,272,-12,2,下位,0,275,115
968,968,0,151,202,0,0,0,1792,158,-2468,1,下位,0,0,0
953,953,0,97,144,0,0,0,968,254,-3775,3,下位,0,0,0
839,839,0,105,272,0,0,0,953,196,-5116,1,下位,0,0,0
203,203,0,113,195,1,0,0,0,0,1,0,下位,0,0,0
177,177,0,41,1,0,0,0,203,247,-79,2,下位,0,0,0
709,709,0,67,120,0,1,177,203,247,-79,2,下位,0,177,53
289,289,0,139,289,0,0,0,886,172,-1283,1,下位,0,0,0
135,135,0,134,157,0,0,0,289,341,-1408,4,下位,0,0,0
599,599,0,103,57,0,0,0,135,209,-1417,3,下位,0,0,0
282,282,0,99,214,0,0,0,599,109,-2274,2,下位,0,0,0
233,233,0,140,219,0,0,0,282,266,-2463,2,下位,0,0,0
165,165,0,107,196,0,0,0,233,271,-2568,3,下位,0,0,0
962,962,0,159,273,0,0,0,165,248,-2586,3,下位,0,0,0
373,373,0,106,114,1,0,0,0,0,1,0,下位,0,0,0
162,162,0,104,200,0,0,0,373,166,-435,2,下位,0,0,0
398,398,0,94,146,0,0,0,162,252,-444,2,下位,0,0,0
394,394,0,102,140,0,0,0,398,198,-888,2,下位,0,0,0
554,554,0,132,310,0,0,0,394,192,-1331,2,下位,0,0,0
252,252,0,117,170,0,0,0,554,362,-1863,3,下位,0,0,0
391,391,0,114,258,0,0,0,252,222,-2047,2,下位,0,0,0
776,776,0,156,329,1,0,0,0,0,1,0,下位,0,0,0
459,459,0,1681,8575,0,0,0,776,381,-870,4,下位,0,0,0
715,715,0,97,210,1,0,0,0,0,1,0,下位,0,0,0
261,261,0,89,82,0,0,0,715,262,-890,2,下位,0,0,0
267,267,0,202,345,0,0,0,261,134,-1177,1,下位,0,0,0
758,758,0,1733,8551,0,0,0,267,397,-1211,5,下位,0,0,0
499,499,0,82,92,1,0,0,0,0,1,0,下位,0,0,0
176,176,0,963,4806,0,0,0,499,144,-660,1,下位,0,0,0
962,962,0,92,155,0,0,0,176,4858,754,9,上位,0,0,0
847,847,0,51,61,0,0,0,962,207,-591,2,下位,0,0,0
170,170,0,1276,6122,0,1,847,962,207,-591,2,下位,0,847,113
311,311,0,51,63,0,0,0,1017,6174,747,11,上位,0,0,0
741,741,0,85,159,0,1,311,1017,6174,747,11,上位,0,311,115
197,197,0,52,67,0,0,0,1052,211,-624,1,下位,0,0,0
891,891,0,112,262,0,1,197,1052,211,-624,1,下位,0,197,119
746,746,0,80,93,0,0,0,1088,314,-1946,3,下位,0,0,0
331,331,0,85,161,0,0,0,746,145,-3004,1,下位,0,0,0
344,344,0,1059,5125,1,0,0,0,0,1,0,下位,0,0,0
324,324,0,42,11,0,0,0,344,5177,762,9,上位,0,0,0
462,462,0,52,65,0,1,324,344,5177,762,9,上位,0,324,63
800,800,0,116,110,0,2,786,344,5177,762,9,上位,0,462,117
436,436,0,42,11,0,0,0,1586,162,-1454,2,下位,0,0,0
393,393,0,69,116,0,1,436,1586,162,-1454,2,下位,0,436,63
279,279,0,92,155,0,0,0,829,168,-2560,1,下位,0,0,0
896,896,0,52,69,0,0,0,279,207,-2803,2,下位,0,0,0
235,235,0,168,403,0,1,896,279,207,-2803,2,下位,0,896,121
327,327,0,52,65,1,0,0,0,0,1,0,下位,0,0,0
674,674,0,69,101,1,1,327,0,0,1,0,下位,0,327,117
961,961,0,959,4306,0,0,0,1001,153,-1343,1,下位,0,0,0
918,918,0,74,110,0,0,0,961,4358,740,10,上位,0,0,0
629,629,0,69,121,0,0,0,918,162,-579,2,下位,0,0,0
843,843,0,157,277,1,0,0,0,0,1,0,下位,0,0,0
120,120,0,52,69,0,0,0,843,329,-1030,3,下位,0,0,0
640,640,0,94,228,0,1,120,843,329,-1030,3,下位,0,120,121
473,473,0,42,5,0,0,0,760,280,-1855,2,下位,0,0,0
238,238,0,78,171,0,1,473,760,280,-1855,2,下位,0,473,57
293,293,0,52,65,0,0,0,711,223,-2722,1,下位,0,0,0
558,558,0,52,69,0,1,293,711,223,-2722,1,下位,0,293,117
632,632,0,166,315,0,2,851,711,223,-2722,1,下位,0,558,121
607,607,0,78,23,0,0,0,1483,367,-4509,4,下位,0,0,0
388,388,0,82,103,1,0,0,0,0,1,0,下位,0,0,0
139,139,0,101,228,0,0,0,388,155,-470,1,下位,0,0,0
311,311,0,124,163,0,0,0,139,280,-414,3,下位,0,0,0
482,482,0,90,158,0,0,0,311,215,-701,2,下位,0,0,0
968,968,0,42,7,0,0,0,482,210,-1268,2,下位,0,0,0
780,780,0,128,239,0,1,968,482,210,-1268,2,下位,0,968,59
245,245,0,159,351,0,0,0,1748,291,-3737,2,下位,0,0,0
259,259,0,52,70,0,0,0,245,403,-3729,4,下位,0,0,0
967,967,0,212,339,0,1,259,245,403,-3729,4,下位,0,259,122
433,433,0,179,373,1,0,0,0,0,1,0,下位,0,0,0
157,157,0,131,154,0,0,0,433,425,-272,4,下位,0,0,0
386,386,0,78,172,0,0,0,157,206,-319,3,下位,0,0,0
249,249,0,190,226,0,0,0,386,224,-718,1,下位,0,0,0
171,171,0,127,216,1,0,0,0,0,1,0,下位,0,0,0
893,893,0,52,71,0,0,0,171,268,-7,3,下位,0,0,0
167,167,0,120,167,0,1,893,171,268,-7,3,下位,0,893,123
322,322,0,59,55,0,0,0,1060,219,-1374,2,下位,0,0,0
786,786,0,88,75,0,0,0,322,107,-1786,1,下位,0,0,0
265,265,0,158,265,0,0,0,786,127,-2927,2,下位,0,0,0
909,909,0,120,192,0,0,0,265,317,-3037,4,下位,0,0,0
401,401,0,153,342,1,0,0,0,0,1,0,下位,0,0,0
123,123,0,42,11,0,0,0,401,394,-252,3,下位,0,0,0
318,318,0,104,56,0,1,123,401,394,-252,3,下位,0,123,63
150,150,0,80,168,0,0,0,441,108,-792,2,下位,0,0,0
176,176,0,1000,4937,0,0,0,150,220,-814,2,下位,0,0,0
195,195,0,94,153,0,0,0,176,4989,752,10,上位,0,0,0
966,966,0,732,3287,0,0,0,195,205,642,1,下位,0,0,0
394,394,0,139,218,0,0,0,966,3339,737,8,上位,0,0,0
173,173,0,168,231,0,0,0,394,270,372,2,下位,0,0,0
781,781,0,122,183,1,0,0,0,0,1,0,下位,0,0,0
210,210,0,64,112,0,0,0,781,235,-1024,2,下位,0,0,0
969,969,0,1602,8172,0,0,0,210,164,-1199,1,下位,0,0,0
739,739,0,60,61,1,0,0,0,0,1,0,下位,0,0,0
391,391,0,161,266,0,0,0,739,113,-1078,1,下位,0,0,0
176,176,0,132,304,0,0,0,391,318,-1391,4,下位,0,0,0
526,526,0,96,152,1,0,0,0,0,1,0,下位,0,0,0
483,483,0,113,257,1,0,0,0,0,1,0,下位,0,0,0
221,221,0,118,105,0,0,0,483,309,-469,2,下位,0,0,0
319,319,0,897,4265,0,0,0,221,157,-668,2,下位,0,0,0
205,205,0,68,103,0,0,0,319,4317,766,10,上位,0,0,0
806,806,0,159,332,1,0,0,0,0,1,0,下位,0,0,0
33,33,0,103,128,1,0,0,0,0,1,0,下位,0,0,0
353,353,0,98,136,1,0,0,0,0,1,0,下位,0,0,0
569,569,0,83,78,0,0,0,353,188,-380,1,下位,0,0,0
464,464,0,150,216,0,0,0,569,130,-1168,2,下位,0,0,0
544,544,0,80,10,1,0,0,0,0,1,0,下位,0,0,0
271,271,0,42,9,0,0,0,544,62,-814,1,下位,0,0,0
185,185,0,42,9,0,1,271,544,62,-814,1,下位,0,271,61
149,149,0,112,193,0,2,456,544,62,-814,1,下位,0,185,61
329,329,0,42,9,0,0,0,605,245,-1422,2,下位,0,0,0
301,301,0,41,1,0,1,329,605,245,-1422,2,下位,0,329,61
976,976,0,1500,7739,0,2,630,605,245,-1422,2,下位,0,301,53
314,314,0,116,120,0,0,0,1606,7791,753,12,上位,0,0,0
500,500,0,162,338,0,0,0,314,172,419,2,下位,0,0,0
963,963,0,86,154,0,0,0,500,390,3,4,下位,0,0,0
969,969,0,112,186,1,0,0,0,0,1,0,下位,0,0,0
913,913,0,85,83,0,0,0,969,238,-1324,2,下位,0,0,0
733,733,0,138,144,1,0,0,0,0,1,0,下位,0,0,0
769,769,0,42,9,0,0,0,733,196,-985,3,下位,0,0,0
979,979,0,90,155,0,1,769,733,196,-985,3,下位,0,769,61
251,251,0,42,9,0,0,0,1748,207,-3536,1,下位,0,0,0
262,262,0,42,5,0,1,251,1748,207,-3536,1,下位,0,251,61
388,388,0,52,69,0,2,513,1748,207,-3536,1,下位,0,262,57
112,112,0,42,7,0,3,901,1748,207,-3536,1,下位,0,388,121
210,210,0,937,5091,0,4,1013,1748,207,-3536,1,下位,0,112,59
290,290,0,52,65,1,0,0,0,0,1,0,下位,0,0,0
339,339,0,69,115,1,1,290,0,0,1,0,下位,0,290,117
684,684,0,52,69,0,0,0,629,167,-730,1,下位,0,0,0
968,968,0,98,212,0,1,684,629,167,-730,1,下位,0,684,121
339,339,0,98,287,1,0,0,0,0,1,0,下位,0,0,0
323,323,0,115,151,0,0,0,339,339,-207,2,下位,0,0,0
227,227,0,56,58,0,0,0,323,203,-525,2,下位,0,0,0
111,111,0,52,71,1,0,0,0,0,1,0,下位,0,0,0
282,282,0,920,4327,1,1,111,0,0,1,0,下位,0,111,123
797,797,0,42,11,0,0,0,393,4379,746,10,上位,0,0,0
94,94,0,92,141,0,1,797,393,4379,746,10,上位,0,797,63
524,524,0,86,156,0,0,0,891,193,-435,1,下位,0,0,0
559,559,0,74,29,1,0,0,0,0,1,0,下位,0,0,0
45,45,0,42,11,0,0,0,559,81,-820,1,下位,0,0,0
221,221,0,42,9,0,1,45,559,81,-820,1,下位,0,45,63
48,48,0,40,-7,0,2,266,559,81,-820,1,下位,0,221,61
769,769,0,143,353,0,3,314,559,81,-820,1,下位,0,48,45
256,256,0,52,65,0,0,0,1083,405,-1992,4,下位,0,0,0
576,576,0,40,-6,0,1,256,1083,405,-1992,4,下位,0,256,117
968,968,0,73,108,0,2,832,1083,405,-1992,4,下位,0,576,46
629,629,0,86,163,0,0,0,1800,160,-4572,1,下位,0,0,0
279,279,0,70,45,1,0,0,0,0,1,0,下位,0,0,0
156,156,0,109,196,0,0,0,279,97,-352,1,下位,0,0,0
836,836,0,70,113,0,0,0,156,248,-356,3,下位,0,0,0
756,756,0,42,9,0,0,0,836,165,-1539,1,下位,0,0,0
554,554,0,1741,9004,0,1,756,836,165,-1539,1,下位,0,756,61
366,366,0,100,70,0,0,0,1310,9056,767,15,上位,0,0,0
936,936,0,187,374,0,0,0,366,122,299,2,下位,0,0,0
738,738,0,75,99,1,0,0,0,0,1,0,下位,0,0,0
129,129,0,142,305,0,0,0,738,151,-1038,1,下位,0,0,0
658,658,0,112,117,1,0,0,0,0,1,0,下位,0,0,0
253,253,0,168,317,0,0,0,658,169,-891,3,下位,0,0,0
176,176,0,1892,9674,0,0,0,253,369,-930,4,下位,0,0,0
965,965,0,140,442,0,0,0,176,9726,769,17,上位,0,0,0
482,482,0,117,257,0,0,0,965,494,-293,5,下位,0,0,0
575,575,0,52,67,0,0,0,482,309,-761,2,下位,0,0,0
962,962,0,52,67,0,1,575,482,309,-761,2,下位,0,575,119
182,182,0,42,7,0,2,1537,482,309,-761,2,下位,0,962,119
301,301,0,77,18,0,3,1719,482,309,-761,2,下位,0,182,59
167,167,0,145,218,1,0,0,0,0,1,0,下位,0,0,0
175,175,0,120,108,0,0,0,167,270,2,3,下位,0,0,0
209,209,0,118,246,1,0,0,0,0,1,0,下位,0,0,0
175,175,0,100,143,0,0,0,209,298,-38,2,下位,0,0,0
629,629,0,108,203,0,0,0,175,195,-125,2,下位,0,0,0
313,313,0,41,1,0,0,0,629,255,-885,2,下位,0,0,0
434,434,0,83,77,0,1,313,629,255,-885,2,下位,0,313,53
65,65,0,78,170,1,0,0,0,0,1,0,下位,0,0,0
304,304,0,112,188,0,0,0,65,222,118,1,下位,0,0,0
337,337,0,221,309,0,0,0,304,240,-132,3,下位,0,0,0
215,215,0,132,304,0,0,0,337,361,-315,6,下位,0,0,0
757,757,0,82,92,0,0,0,215,356,-306,4,下位,0,0,0
217,217,0,52,67,0,0,0,757,144,-1383,2,下位,0,0,0
146,146,0,157,262,0,1,217,757,144,-1383,2,下位,0,217,119
388,388,0,70,31,1,0,0,0,0,1,0,下位,0,0,0
653,653,0,51,63,0,0,0,388,83,-542,1,下位,0,0,0
417,417,0,132,160,0,1,653,388,83,-542,1,下位,0,653,115
294,294,0,79,99,0,0,0,1070,212,-1941,2,下位,0,0,0
743,743,0,70,33,0,0,0,294,151,-2264,1,下位,0,0,0
278,278,0,1683,8304,0,0,0,743,85,-3377,1,下位,0,0,0
531,531,0,158,203,0,0,0,278,8356,773,15,上位,0,0,0
834,834,0,78,18,1,0,0,0,0,1,0,下位,0,0,0
421,421,0,1208,5811,0,0,0,834,70,-1274,1,下位,0,0,0
699,699,0,95,158,1,0,0,0,0,1,0,下位,0,0,0
134,134,0,102,62,0,0,0,699,210,-916,2,下位,0,0,0
712,712,0,98,136,0,0,0,134,114,-1018,2,下位,0,0,0
697,697,0,136,308,0,0,0,712,188,-1978,1,下位,0,0,0
414,414,0,1064,5282,1,0,0,0,0,1,0,下位,0,0,0
493,493,0,42,11,0,0,0,414,5334,764,10,上位,0,0,0
164,164,0,62,102,0,1,493,414,5334,764,10,上位,0,493,63
654,654,0,121,190,0,0,0,657,154,-79,1,下位,0,0,0
128,128,0,128,172,0,0,0,654,242,-892,2,下位,0,0,0
102,102,0,91,83,1,0,0,0,0,1,0,下位,0,0,0
185,185,0,135,382,0,0,0,102,135,-29,1,下位,0,0,0
682,682,0,987,4763,0,0,0,185,434,107,4,下位,0,0,0
163,163,0,106,125,1,0,0,0,0,1,0,下位,0,0,0
963,963,0,42,11,0,0,0,163,177,-85,2,下位,0,0,0
214,214,0,142,288,0,1,963,163,177,-85,2,下位,0,963,63
369,369,0,77,178,0,0,0,1177,340,-1580,3,下位,0,0,0
260,260,0,80,27,0,0,0,369,230,-1945,1,下位,0,0,0
184,184,0,96,216,0,0,0,260,79,-2285,1,下位,0,0,0
970,970,0,51,64,0,0,0,184,268,-2314,3,下位,0,0,0
859,859,0,188,389,0,1,970,184,268,-2314,3,下位,0,970,116
88,88,0,1423,7911,0,0,0,1829,441,-4707,5,下位,0,0,0
302,302,0,220,317,1,0,0,0,0,1,0,下位,0,0,0
966,966,0,59,53,0,0,0,302,369,-117,6,下位,0,0,0
529,529,0,106,52,0,0,0,966,105,-1570,1,下位,0,0,0
551,551,0,103,136,0,0,0,529,104,-2319,2,下位,0,0,0
730,730,0,171,313,1,0,0,0,0,1,0,下位,0,0,0
901,901,0,139,154,0,0,0,730,365,-811,3,下位,0,0,0
230,230,0,51,61,0,0,0,901,206,-2058,3,下位,0,0,0
967,967,0,72,38,0,1,230,901,206,-2058,3,下位,0,230,113
631,631,0,148,356,1,0,0,0,0,1,0,下位,0,0,0
654,654,0,88,168,1,0,0,0,0,1,0,下位,0,0,0
231,231,0,1046,5000,0,0,0,654,220,-834,1,下位,0,0,0
532,532,0,62,54,0,0,0,231,5052,723,10,上位,0,0,0
92,92,0,69,39,0,0,0,532,106,-29,1,下位,0,0,0
692,692,0,60,49,1,0,0,0,0,1,0,下位,0,0,0
883,883,0,84,93,0,0,0,692,101,-1014,1,下位,0,0,0
971,971,0,94,147,0,0,0,883,145,-2293,2,下位,0,0,0
101,101,0,87,76,1,0,0,0,0,1,0,下位,0,0,0
180,180,0,92,68,0,0,0,101,128,-34,2,下位,0,0,0
535,535,0,79,159,0,0,0,180,120,-204,1,下位,0,0,0
773,773,0,51,61,0,0,0,535,211,-856,1,下位,0,0,0
230,230,0,62,111,0,1,773,535,211,-856,1,下位,0,773,113
912,912,0,150,216,0,0,0,1003,163,-2198,1,下位,0,0,0
189,189,0,154,283,1,0,0,0,0,1,0,下位,0,0,0
76,76,0,41,1,0,0,0,189,335,31,3,下位,0,0,0
242,242,0,876,4272,0,1,76,189,335,31,3,下位,0,76,53
245,245,0,68,115,0,0,0,318,4324,738,9,上位,0,0,0
319,319,0,51,61,1,0,0,0,0,1,0,下位,0,0,0
617,617,0,149,277,1,1,319,0,0,1,0,下位,0,319,113
421,421,0,62,46,0,0,0,936,329,-1067,4,下位,0,0,0
819,819,0,68,116,0,0,0,421,98,-1648,1,下位,0,0,0
31,31,0,41,3,1,0,0,0,0,1,0,下位,0,0,0
601,601,0,84,82,1,1,31,0,0,1,0,下位,0,31,55
182,182,0,76,102,0,0,0,632,134,-829,2,下位,0,0,0
266,266,0,93,72,0,0,0,182,154,-969,2,下位,0,0,0
381,381,0,89,77,1,0,0,0,0,1,0,下位,0,0,0
302,302,0,185,214,0,0,0,381,129,-485,2,下位,0,0,0
964,964,0,104,256,0,0,0,302,266,-706,4,下位,0,0,0
105,105,0,873,4055,1,0,0,0,0,1,0,下位,0,0,0
171,171,0,208,338,0,0,0,105,4107,767,8,上位,0,0,0
262,262,0,142,220,0,0,0,171,390,881,5,下位,0,0,0
597,597,0,58,49,0,0,0,262,272,730,2,下位,0,0,0
233,233,0,170,402,0,0,0,597,101,-132,1,下位,0,0,0
201,201,0,68,118,0,0,0,233,454,-54,5,下位,0,0,0
365,365,0,82,98,0,0,0,201,170,-208,1,下位,0,0,0
511,511,0,190,294,1,0,0,0,0,1,0,下位,0,0,0
147,147,0,143,291,0,0,0,511,346,-477,5,下位,0,0,0
166,166,0,60,59,0,0,0,147,343,-371,3,下位,0,0,0
759,759,0,68,31,0,0,0,166,111,-528,1,下位,0,0,0
327,327,0,64,96,0,0,0,759,83,-1669,1,下位,0,0,0
526,526,0,42,11,0,0,0,327,148,-2048,1,下位,0,0,0
218,218,0,234,277,0,1,526,327,148,-2048,1,下位,0,526,63
277,277,0,103,134,0,0,0,744,329,-2856,5,下位,0,0,0
850,850,0,123,84,1,0,0,0,0,1,0,下位,0,0,0
484,484,0,106,198,0,0,0,850,136,-1234,2,下位,0,0,0
195,195,0,42,11,0,0,0,484,250,-1765,2,下位,0,0,0
966,966,0,51,61,0,1,195,484,250,-1765,2,下位,0,195,63
765,765,0,124,291,0,2,1161,484,250,-1765,2,下位,0,966,113
221,221,0,51,61,0,0,0,1926,343,-4353,3,下位,0,0,0
494,494,0,52,65,0,1,221,1926,343,-4353,3,下位,0,221,113
473,473,0,98,62,0,2,715,1926,343,-4353,3,下位,0,494,117
437,437,0,60,51,1,0,0,0,0,1,0,下位,0,0,0
635,635,0,136,221,0,0,0,437,103,-601,1,下位,0,0,0
272,272,0,72,26,0,0,0,635,273,-1352,3,下位,0,0,0
234,234,0,84,84,0,0,0,272,78,-1713,1,下位,0,0,0
349,349,0,42,5,0,0,0,234,136,-1954,2,下位,0,0,0
453,453,0,165,174,0,1,349,234,136,-1954,2,下位,0,349,57
162,162,0,52,69,0,0,0,802,226,-2965,4,下位,0,0,0
228,228,0,1674,8832,0,1,162,802,226,-2965,4,下位,0,162,121
212,212,0,110,274,0,0,0,390,8884,751,14,上位,0,0,0
938,938,0,79,168,0,0,0,212,326,735,2,下位,0,0,0
345,345,0,115,182,1,0,0,0,0,1,0,下位,0,0,0
71,71,0,65,49,0,0,0,345,234,-321,3,下位,0,0,0
703,703,0,97,282,1,0,0,0,0,1,0,下位,0,0,0
608,608,0,78,99,0,0,0,703,334,-799,2,下位,0,0,0
619,619,0,80,19,1,0,0,0,0,1,0,下位,0,0,0
416,416,0,100,140,0,0,0,619,71,-926,1,下位,0,0,0
914,914,0,115,112,0,0,0,416,192,-1405,2,下位,0,0,0
486,486,0,107,123,0,0,0,914,164,-2715,2,下位,0,0,0
926,926,0,52,67,0,0,0,486,175,-3324,2,下位,0,0,0
330,330,0,51,63,0,1,926,486,175,-3324,2,下位,0,926,119
277,277,0,84,169,0,2,1256,486,175,-3324,2,下位,0,330,115
545,545,0,112,110,1,0,0,0,0,1,0,下位,0,0,0
665,665,0,73,27,0,0,0,545,162,-716,2,下位,0,0,0
117,117,0,134,165,0,0,0,665,79,-1710,1,下位,0,0,0
333,333,0,222,300,0,0,0,117,217,-1682,3,下位,0,0,0
830,830,0,1136,6266,0,0,0,333,352,-1867,5,下位,0,0,0
318,318,0,60,61,0,0,0,830,6261,768,8,上位,0,0,0
229,229,0,131,170,0,0,0,318,113,368,1,下位,0,0,0
954,954,0,104,131,0,0,0,229,222,221,2,下位,0,0,0
113,113,0,1520,7482,0,0,0,954,183,-1135,2,下位,0,0,0
257,257,0,94,151,1,0,0,0,0,1,0,下位,0,0,0
792,792,0,69,109,0,0,0,257,203,-211,2,下位,0,0,0
532,532,0,41,3,0,0,0,792,161,-1327,1,下位,0,0,0
291,291,0,42,6,0,1,532,792,161,-1327,1,下位,0,532,55
717,717,0,98,288,0,2,823,792,161,-1327,1,下位,0,291,58
791,791,0,154,278,1,0,0,0,0,1,0,下位,0,0,0
71,71,0,51,61,0,0,0,791,330,-945,4,下位,0,0,0
268,268,0,117,105,0,1,71,791,330,-945,4,下位,0,71,113
133,133,0,52,69,0,0,0,339,157,-1222,2,下位,0,0,0
336,336,0,78,174,0,1,133,339,157,-1222,2,下位,0,133,121
960,960,0,51,63,0,0,0,469,226,-1632,1,下位,0,0,0
387,387,0,42,5,0,1,960,469,226,-1632,1,下位,0,960,115
178,178,0,52,65,0,2,1347,469,226,-1632,1,下位,0,387,57
965,965,0,107,193,0,3,1525,469,226,-1632,1,下位,0,178,117
47,47,0,110,116,1,0,0,0,0,1,0,下位,0,0,0
639,639,0,124,236,0,0,0,47,168,93,2,下位,0,0,0
165,165,0,40,-4,0,0,0,639,288,-650,3,下位,0,0,0
515,515,0,113,201,0,1,165,639,288,-650,3,下位,0,165,48
660,660,0,67,38,0,0,0,680,253,-1446,2,下位,0,0,0
648,648,0,162,337,0,0,0,660,90,-2421,1,下位,0,0,0
112,112,0,101,193,0,0,0,648,389,-3077,4,下位,0,0,0
416,416,0,66,107,0,0,0,112,245,-3013,2,下位,0,0,0
575,575,0,149,204,1,0,0,0,0,1,0,下位,0,0,0
153,153,0,72,34,0,0,0,575,256,-670,3,下位,0,0,0
68,68,0,62,119,0,0,0,153,86,-831,1,下位,0,0,0
439,439,0,1092,5318,0,0,0,68,171,-770,1,下位,0,0,0
127,127,0,42,9,1,0,0,0,0,1,0,下位,0,0,0
680,680,0,89,154,1,1,127,0,0,1,0,下位,0,127,61
67,67,0,63,124,0,0,0,807,206,-1034,2,下位,0,0,0
438,438,0,1044,5524,0,0,0,67,176,-966,1,下位,0,0,0
967,967,0,114,195,0,0,0,438,5576,760,10,上位,0,0,0
261,261,0,169,180,0,0,0,967,247,-553,3,下位,0,0,0
967,967,0,99,217,0,0,0,261,232,-742,3,下位,0,0,0
433,433,0,118,258,1,0,0,0,0,1,0,下位,0,0,0
220,220,0,115,179,0,0,0,433,310,-387,2,下位,0,0,0
336,336,0,168,329,0,0,0,220,231,-511,2,下位,0,0,0
358,358,0,42,11,0,0,0,336,381,-672,4,下位,0,0,0
324,324,0,72,117,0,1,358,336,381,-672,4,下位,0,358,63
246,246,0,142,366,0,0,0,682,169,-1540,1,下位,0,0,0
776,776,0,124,101,1,0,0,0,0,1,0,下位,0,0,0
298,298,0,52,66,0,0,0,776,153,-1098,2,下位,0,0,0
930,930,0,140,307,0,1,298,776,153,-1098,2,下位,0,298,118
45,45,0,41,3,0,0,0,1228,359,-2602,3,下位,0,0,0
969,969,0,51,63,0,1,45,1228,359,-2602,3,下位,0,45,55
425,425,0,56,48,0,2,1014,1228,359,-2602,3,下位,0,969,115
153,153,0,830,4052,1,0,0,0,0,1,0,下位,0,0,0
963,963,0,51,63,0,0,0,153,4104,756,8,上位,0,0,0
268,268,0,42,11,0,1,963,153,4104,756,8,上位,0,963,115
211,211,0,73,108,0,2,1231,153,4104,756,8,上位,0,268,63
354,354,0,95,71,1,0,0,0,0,1,0,下位,0,0,0
64,64,0,65,121,1,0,0,0,0,1,0,下位,0,0,0
248,248,0,105,138,0,0,0,64,173,71,1,下位,0,0,0
198,198,0,71,35,0,0,0,248,190,-139,2,下位,0,0,0
526,526,0,54,54,0,0,0,198,87,-371,1,下位,0,0,0
723,723,0,59,53,0,0,0,526,106,-1113,1,下位,0,0,0
189,189,0,110,199,0,0,0,723,105,-2174,1,下位,0,0,0
978,978,0,65,45,0,0,0,189,251,-2228,3,下位,0,0,0
153,153,0,52,67,1,0,0,0,0,1,0,下位,0,0,0
298,298,0,114,109,1,1,153,0,0,1,0,下位,0,153,119
250,250,0,57,60,0,0,0,451,161,-447,2,下位,0,0,0
264,264,0,136,241,0,0,0,250,112,-738,1,下位,0,0,0
891,891,0,120,324,1,0,0,0,0,1,0,下位,0,0,0
512,512,0,114,119,0,0,0,891,376,-1060,3,下位,0,0,0
589,589,0,155,202,1,0,0,0,0,1,0,下位,0,0,0
446,446,0,78,163,0,0,0,589,254,-695,4,下位,0,0,0
158,158,0,51,61,0,0,0,446,215,-1199,1,下位,0,0,0
96,96,0,76,105,0,1,158,446,215,-1199,1,下位,0,158,113
56,56,0,1195,6058,0,0,0,254,157,-1339,1,下位,0,0,0
46,46,0,87,155,1,0,0,0,0,1,0,下位,0,0,0
146,146,0,132,244,0,0,0,46,207,134,2,下位,0,0,0
249,249,0,66,116,0,0,0,146,296,195,2,下位,0,0,0
969,969,0,51,61,0,0,0,249,168,-39,1,下位,0,0,0
96,96,0,1347,7016,0,1,969,249,168,-39,1,下位,0,969,113
672,672,0,120,182,1,0,0,0,0,1,0,下位,0,0,0
840,840,0,40,-7,0,0,0,672,234,-849,2,下位,0,0,0
648,648,0,52,69,0,1,840,672,234,-849,2,下位,0,840,45
646,646,0,107,216,0,2,1488,672,234,-849,2,下位,0,648,121
348,348,0,147,360,0,0,0,2134,268,-3857,2,下位,0,0,0
324,324,0,128,166,0,0,0,348,412,-4006,3,下位,0,0,0
215,215,0,90,85,0,0,0,324,218,-4311,3,下位,0,0,0
234,234,0,160,194,0,0,0,215,137,-4521,1,下位,0,0,0
95,95,0,54,61,1,0,0,0,0,1,0,下位,0,0,0
970,970,0,124,240,0,0,0,95,113,-39,1,下位,0,0,0
698,698,0,102,138,0,0,0,970,292,-1312,3,下位,0,0,0
218,218,0,228,291,1,0,0,0,0,1,0,下位,0,0,0
204,204,0,840,4214,0,0,0,218,343,-8,5,下位,0,0,0
368,368,0,52,69,0,0,0,204,4266,756,8,上位,0,0,0
909,909,0,87,152,0,1,368,204,4266,756,8,上位,0,368,121
730,730,0,67,109,0,0,0,1277,204,-979,2,下位,0,0,0
235,235,0,106,193,0,0,0,730,161,-1995,1,下位,0,0,0
969,969,0,86,165,0,0,0,235,245,-2129,2,下位,0,0,0
378,378,0,78,99,0,0,0,969,217,-3475,2,下位,0,0,0
226,226,0,149,204,1,0,0,0,0,1,0,下位,0,0,0
304,304,0,1248,5975,0,0,0,226,256,-108,4,下位,0,0,0
358,358,0,71,177,0,0,0,304,6027,771,12,上位,0,0,0
969,969,0,42,5,0,0,0,358,229,423,1,下位,0,0,0
220,220,0,161,254,0,1,969,358,229,423,1,下位,0,969,57
672,672,0,1433,7243,1,0,0,0,0,1,0,下位,0,0,0
855,855,0,42,11,0,0,0,672,7295,757,12,上位,0,0,0
578,578,0,112,121,0,1,855,672,7295,757,12,上位,0,855,63
387,387,0,142,215,0,0,0,1433,173,-1318,2,下位,0,0,0
850,850,0,102,144,1,0,0,0,0,1,0,下位,0,0,0
308,308,0,1153,5491,0,0,0,850,196,-1174,2,下位,0,0,0
139,139,0,42,9,1,0,0,0,0,1,0,下位,0,0,0
280,280,0,924,4460,1,1,139,0,0,1,0,下位,0,139,61
146,146,0,88,88,0,0,0,419,4512,744,10,上位,0,0,0
767,767,0,673,2976,0,0,0,146,140,649,1,下位,0,0,0
181,181,0,80,96,1,0,0,0,0,1,0,下位,0,0,0
652,652,0,126,175,0,0,0,181,148,-143,2,下位,0,0,0
135,135,0,84,163,0,0,0,652,227,-968,3,下位,0,0,0
70,70,0,92,80,0,0,0,135,215,-971,1,下位,0,0,0
971,971,0,51,63,0,0,0,70,132,-952,1,下位,0,0,0
626,626,0,87,86,0,1,971,70,132,-952,1,下位,0,971,115
336,336,0,58,56,0,0,0,1597,138,-3275,1,下位,0,0,0
560,560,0,114,261,1,0,0,0,0,1,0,下位,0,0,0
305,305,0,76,103,0,0,0,560,313,-589,3,下位,0,0,0
357,357,0,70,104,1,0,0,0,0,1,0,下位,0,0,0
269,269,0,63,83,0,0,0,357,156,-419,1,下位,0,0,0
297,297,0,61,51,1,0,0,0,0,1,0,下位,0,0,0
147,147,0,82,94,0,0,0,297,103,-375,1,下位,0,0,0
965,965,0,66,49,0,0,0,147,146,-466,1,下位,0,0,0
618,618,0,88,86,1,0,0,0,0,1,0,下位,0,0,0
171,171,0,87,86,1,0,0,0,0,1,0,下位,0,0,0
376,376,0,131,322,0,0,0,171,138,-137,1,下位,0,0,0
327,327,0,72,34,0,0,0,376,374,-369,3,下位,0,0,0
636,636,0,112,186,1,0,0,0,0,1,0,下位,0,0,0
157,157,0,42,9,0,0,0,636,238,-787,2,下位,0,0,0
115,115,0,66,38,0,1,157,636,238,-787,2,下位,0,157,61
656,656,0,122,183,1,0,0,0,0,1,0,下位,0,0,0
673,673,0,1216,5685,1,0,0,0,0,1,0,下位,0,0,0
969,969,0,99,67,0,0,0,673,5737,763,12,上位,0,0,0
391,391,0,71,115,1,0,0,0,0,1,0,下位,0,0,0
966,966,0,147,135,0,0,0,391,167,-463,1,下位,0,0,0
79,79,0,76,2,0,0,0,966,187,-1834,3,下位,0,0,0
624,624,0,143,361,0,0,0,79,54,-1907,1,下位,0,0,0
297,297,0,42,9,0,0,0,624,413,-2500,3,下位,0,0,0
354,354,0,86,87,0,1,297,624,413,-2500,3,下位,0,297,61
964,964,0,86,154,0,0,0,651,139,-3350,1,下位,0,0,0
974,974,0,104,130,0,0,0,964,206,-4699,1,下位,0,0,0
668,668,0,70,102,1,0,0,0,0,1,0,下位,0,0,0
873,873,0,82,98,0,0,0,668,154,-922,1,下位,0,0,0
262,262,0,89,86,0,0,0,873,150,-2180,1,下位,0,0,0
220,220,0,94,152,0,0,0,262,138,-2465,1,下位,0,0,0
989,989,0,69,109,0,0,0,220,204,-2616,2,下位,0,0,0
355,355,0,78,104,1,0,0,0,0,1,0,下位,0,0,0
473,473,0,1022,5029,0,0,0,355,156,-416,1,下位,0,0,0
424,424,0,41,3,0,0,0,473,5081,753,10,上位,0,0,0
767,767,0,113,267,0,1,424,473,5081,753,10,上位,0,424,55
239,239,0,177,374,0,0,0,1191,319,-794,2,下位,0,0,0
93,93,0,630,3196,0,0,0,239,426,-753,4,下位,0,0,0
550,550,0,181,304,1,0,0,0,0,1,0,下位,0,0,0
259,259,0,175,231,0,0,0,550,356,-530,4,下位,0,0,0
44,44,0,1482,7651,0,0,0,259,283,-665,4,下位,0,0,0
740,740,0,123,240,0,0,0,44,7703,744,10,上位,0,0,0
56,56,0,579,2665,0,0,0,740,292,-158,2,下位,0,0,0
580,580,0,165,246,1,0,0,0,0,1,0,下位,0,0,0
258,258,0,92,136,0,0,0,580,298,-636,4,下位,0,0,0
185,185,0,114,115,0,0,0,258,188,-864,2,下位,0,0,0
378,378,0,42,7,0,0,0,185,167,-995,2,下位,0,0,0
562,562,0,86,87,0,1,378,185,167,-995,2,下位,0,378,59
631,631,0,991,4785,1,0,0,0,0,1,0,下位,0,0,0
255,255,0,1018,5039,1,0,0,0,0,1,0,下位,0,0,0
122,122,0,42,9,0,0,0,255,5091,770,11,上位,0,0,0
237,237,0,580,2818,0,1,122,255,5091,770,11,上位,0,122,61
314,314,0,76,173,1,0,0,0,0,1,0,下位,0,0,0
722,722,0,114,186,0,0,0,314,225,-280,2,下位,0,0,0
97,97,0,994,5125,0,0,0,722,238,-1207,3,下位,0,0,0
143,143,0,94,137,0,0,0,97,5177,758,7,上位,0,0,0
529,529,0,42,9,0,0,0,143,189,716,1,下位,0,0,0
306,306,0,152,186,0,1,529,143,189,716,1,下位,0,529,61
967,967,0,146,280,0,0,0,835,238,-332,4,下位,0,0,0
580,580,0,1384,7062,1,0,0,0,0,1,0,下位,0,0,0
267,267,0,109,181,0,0,0,580,7114,731,13,上位,0,0,0
290,290,0,104,134,0,0,0,267,233,533,3,下位,0,0,0
230,230,0,76,113,0,0,0,290,186,251,1,下位,0,0,0
714,714,0,158,270,0,0,0,230,165,45,1,下位,0,0,0
884,884,0,107,202,0,0,0,714,322,-785,3,下位,0,0,0
286,286,0,136,145,0,0,0,884,254,-1957,3,下位,0,0,0
587,587,0,100,139,1,0,0,0,0,1,0,下位,0,0,0
151,151,0,124,232,0,0,0,587,191,-755,1,下位,0,0,0
490,490,0,133,205,1,0,0,0,0,1,0,下位,0,0,0
95,95,0,42,5,0,0,0,490,257,-532,3,下位,0,0,0
443,443,0,52,71,0,1,95,490,257,-532,3,下位,0,95,57
963,963,0,42,11,0,2,538,490,257,-532,3,下位,0,443,123
259,259,0,41,1,0,3,1501,490,257,-532,3,下位,0,963,63
761,761,0,170,253,0,4,1760,490,257,-532,3,下位,0,259,53
793,793,0,144,203,1,0,0,0,0,1,0,下位,0,0,0
52,52,0,78,89,0,0,0,793,255,-1023,4,下位,0,0,0
496,496,0,84,179,0,0,0,52,141,-966,1,下位,0,0,0
965,965,0,111,113,0,0,0,496,231,-1535,2,下位,0,0,0
956,956,0,52,71,0,0,0,965,165,-2926,2,下位,0,0,0
164,164,0,132,209,0,1,956,965,165,-2926,2,下位,0,956,123
811,811,0,91,142,0,0,0,1120,261,-4349,3,下位,0,0,0
413,413,0,91,70,1,0,0,0,0,1,0,下位,0,0,0
850,850,0,172,325,0,0,0,413,122,-543,2,下位,0,0,0
416,416,0,1361,6851,0,0,0,850,377,-1537,4,下位,0,0,0
299,299,0,42,9,0,0,0,416,6903,751,11,上位,0,0,0
542,542,0,82,94,0,1,299,416,6903,751,11,上位,0,299,61
521,521,0,103,120,0,0,0,841,146,-398,1,下位,0,0,0
938,938,0,108,123,0,0,0,521,172,-1066,2,下位,0,0,0
234,234,0,97,62,0,0,0,938,175,-2404,2,下位,0,0,0
92,92,0,82,73,1,0,0,0,0,1,0,下位,0,0,0
643,643,0,63,50,0,0,0,92,125,-22,1,下位,0,0,0
673,673,0,138,156,0,0,0,643,102,-957,1,下位,0,0,0
561,561,0,200,336,1,0,0,0,0,1,0,下位,0,0,0
964,964,0,1263,5846,0,0,0,561,388,-516,4,下位,0,0,0
159,159,0,110,188,0,0,0,964,5898,749,12,上位,0,0,0
818,818,0,85,89,0,0,0,159,240,733,2,下位,0,0,0
308,308,0,157,264,1,0,0,0,0,1,0,下位,0,0,0
970,970,0,1269,6338,0,0,0,308,316,-180,3,下位,0,0,0
158,158,0,195,351,0,0,0,970,6390,745,12,上位,0,0,0
735,735,0,83,95,1,0,0,0,0,1,0,下位,0,0,0
183,183,0,67,46,0,0,0,735,147,-1037,2,下位,0,0,0
445,445,0,87,68,0,0,0,183,98,-1234,1,下位,0,0,0
734,734,0,56,62,0,0,0,445,120,-1832,1,下位,0,0,0
150,150,0,179,370,0,0,0,734,114,-2902,1,下位,0,0,0
302,302,0,84,97,1,0,0,0,0,1,0,下位,0,0,0
975,975,0,79,97,0,0,0,302,149,-337,1,下位,0,0,0
136,136,0,84,159,0,0,0,975,149,-1761,1,下位,0,0,0
703,703,0,1730,9059,0,0,0,136,211,-1769,1,下位,0,0,0
163,163,0,52,68,0,0,0,703,9111,765,15,上位,0,0,0
157,157,0,43,12,0,1,163,703,9111,765,15,上位,0,163,120
58,58,0,112,187,0,2,320,703,9111,765,15,上位,0,157,64
700,700,0,121,159,0,0,0,378,239,578,2,下位,0,0,0
844,844,0,127,236,0,0,0,700,211,-340,3,下位,0,0,0
841,841,0,186,362,0,0,0,844,288,-1413,4,下位,0,0,0
589,589,0,133,209,1,0,0,0,0,1,0,下位,0,0,0
651,651,0,105,123,0,0,0,589,261,-688,3,下位,0,0,0
294,294,0,129,231,0,0,0,651,175,-1563,2,下位,0,0,0
154,154,0,114,182,0,0,0,294,283,-1754,3,下位,0,0,0
404,404,0,106,273,0,0,0,154,234,-1768,2,下位,0,0,0
981,981,0,171,325,0,0,0,404,325,-2095,2,下位,0,0,0
546,546,0,107,119,0,0,0,981,377,-3300,3,下位,0,0,0
287,287,0,85,90,0,0,0,546,171,-4010,3,下位,0,0,0
281,281,0,182,281,0,0,0,287,142,-4331,2,下位,0,0,0
563,563,0,1152,5478,1,0,0,0,0,1,0,下位,0,0,0
124,124,0,52,70,0,0,0,563,5530,752,11,上位,0,0,0
716,716,0,128,170,0,1,124,563,5530,752,11,上位,0,124,122
331,331,0,100,142,1,0,0,0,0,1,0,下位,0,0,0
329,329,0,81,172,0,0,0,331,194,-339,2,下位,0,0,0
932,932,0,108,137,0,0,0,329,224,-646,1,下位,0,0,0
531,531,0,52,69,0,0,0,932,189,-1960,2,下位,0,0,0
148,148,0,1530,7530,0,1,531,932,189,-1960,2,下位,0,531,121
624,624,0,155,282,1,0,0,0,0,1,0,下位,0,0,0
725,725,0,119,180,0,0,0,624,334,-671,3,下位,0,0,0
584,584,0,177,236,0,0,0,725,232,-1608,3,下位,0,0,0
965,965,0,75,31,0,0,0,584,288,-2262,5,下位,0,0,0
946,946,0,52,67,0,0,0,965,83,-3735,1,下位,0,0,0
289,289,0,42,9,0,1,946,965,83,-3735,1,下位,0,946,119
123,123,0,67,114,0,2,1235,965,83,-3735,1,下位,0,289,61
540,540,0,42,11,1,0,0,0,0,1,0,下位,0,0,0
199,199,0,102,211,1,1,540,0,0,1,0,下位,0,540,63
725,725,0,118,185,0,0,0,739,263,-865,2,下位,0,0,0
951,951,0,42,9,0,0,0,725,237,-1797,2,下位,0,0,0
887,887,0,145,348,0,1,951,725,237,-1797,2,下位,0,951,61
297,297,0,1095,5094,1,0,0,0,0,1,0,下位,0,0,0
527,527,0,62,46,1,0,0,0,0,1,0,下位,0,0,0
837,837,0,199,336,0,0,0,527,98,-751,1,下位,0,0,0
800,800,0,116,250,0,0,0,837,388,-1713,4,下位,0,0,0
422,422,0,90,79,0,0,0,800,302,-2701,3,下位,0,0,0
363,363,0,178,397,0,0,0,422,131,-3251,1,下位,0,0,0
756,756,0,41,3,0,0,0,363,449,-3387,4,下位,0,0,0
672,672,0,196,345,0,1,756,363,449,-3387,4,下位,0,756,55
212,212,0,130,180,0,0,0,1428,397,-5238,5,下位,0,0,0
303,303,0,178,304,0,0,0,212,232,-5348,3,下位,0,0,0
280,280,0,51,61,0,0,0,303,356,-5481,4,下位,0,0,0
386,386,0,43,12,0,1,280,303,356,-5481,4,下位,0,280,113
914,914,0,74,171,0,2,666,303,356,-5481,4,下位,0,386,64
185,185,0,96,130,1,0,0,0,0,1,0,下位,0,0,0
55,55,0,42,7,0,0,0,185,182,-115,1,下位,0,0,0
460,460,0,92,63,0,1,55,185,182,-115,1,下位,0,55,59
215,215,0,1017,4968,0,0,0,515,115,-772,1,下位,0,0,0
255,255,0,51,60,0,0,0,215,5020,760,10,上位,0,0,0
274,274,0,125,165,0,1,255,215,5020,760,10,上位,0,255,112
481,481,0,721,3668,0,0,0,529,217,236,3,下位,0,0,0
193,193,0,72,182,1,0,0,0,0,1,0,下位,0,0,0
158,158,0,68,103,0,0,0,193,234,-76,1,下位,0,0,0
918,918,0,75,99,0,0,0,158,155,-176,1,下位,0,0,0
967,967,0,52,65,0,0,0,918,151,-1506,1,下位,0,0,0
882,882,0,52,65,0,1,967,918,151,-1506,1,下位,0,967,117
227,227,0,42,11,0,2,1849,918,151,-1506,1,下位,0,882,117
278,278,0,75,105,0,3,2076,918,151,-1506,1,下位,0,227,63
422,422,0,125,253,0,0,0,2354,157,-4849,1,下位,0,0,0
411,411,0,116,172,0,0,0,422,305,-5225,2,下位,0,0,0
255,255,0,121,164,0,0,0,411,224,-5664,2,下位,0,0,0
760,760,0,98,151,1,0,0,0,0,1,0,下位,0,0,0
217,217,0,51,61,0,0,0,760,203,-1022,2,下位,0,0,0
262,262,0,42,9,0,1,217,760,203,-1022,2,下位,0,217,113
188,188,0,52,69,0,2,479,760,203,-1022,2,下位,0,262,61
285,285,0,52,69,0,3,667,760,203,-1022,2,下位,0,188,121
709,709,0,114,181,0,4,952,760,203,-1022,2,下位,0,285,121
951,951,0,198,272,0,0,0,1661,233,-3053,2,下位,0,0,0
554,554,0,42,8,0,0,0,951,324,-4263,5,下位,0,0,0
177,177,0,145,137,0,1,554,951,324,-4263,5,下位,0,554,60
179,179,0,120,140,0,0,0,731,189,-5193,3,下位,0,0,0
198,198,0,104,128,0,0,0,179,192,-5290,2,下位,0,0,0
941,941,0,42,11,0,0,0,198,180,-5429,2,下位,0,0,0
590,590,0,95,56,0,1,941,198,180,-5429,2,下位,0,941,63
478,478,0,185,323,1,0,0,0,0,1,0,下位,0,0,0
222,222,0,104,184,0,0,0,478,375,-395,5,下位,0,0,0
181,181,0,172,235,0,0,0,222,236,-517,2,下位,0,0,0
588,588,0,138,221,0,0,0,181,287,-522,5,下位,0,0,0
527,527,0,1273,6172,1,0,0,0,0,1,0,下位,0,0,0
966,966,0,92,148,0,0,0,527,6224,751,11,上位,0,0,0
543,543,0,1376,7028,1,0,0,0,0,1,0,下位,0,0,0
893,893,0,150,198,0,0,0,543,7080,772,12,上位,0,0,0
813,813,0,58,54,0,0,0,893,250,-418,4,下位,0,0,0
562,562,0,220,313,0,0,0,813,106,-1623,1,下位,0,0,0
764,764,0,82,92,1,0,0,0,0,1,0,下位,0,0,0
923,923,0,88,84,0,0,0,764,144,-1087,1,下位,0,0,0
84,84,0,51,61,0,0,0,923,136,-2440,1,下位,0,0,0
971,971,0,52,67,0,1,84,923,136,-2440,1,下位,0,84,113
456,456,0,42,5,0,2,1055,923,136,-2440,1,下位,0,971,119
143,143,0,61,42,0,3,1511,923,136,-2440,1,下位,0,456,57
499,499,0,51,63,0,0,0,1654,94,-4724,1,下位,0,0,0
66,66,0,80,175,0,1,499,1654,94,-4724,1,下位,0,499,115
641,641,0,57,52,1,0,0,0,0,1,0,下位,0,0,0
209,209,0,42,7,0,0,0,641,104,-929,1,下位,0,0,0
280,280,0,182,297,0,1,209,641,104,-929,1,下位,0,209,59
467,467,0,84,94,0,0,0,489,349,-1310,5,下位,0,0,0
628,628,0,148,202,0,0,0,467,146,-1917,1,下位,0,0,0
10,10,0,42,11,1,0,0,0,0,1,0,下位,0,0,0
525,525,0,190,375,1,1,10,0,0,1,0,下位,0,10,63
968,968,0,65,47,0,0,0,535,427,-372,4,下位,0,0,0
209,209,0,52,69,0,0,0,968,99,-1834,1,下位,0,0,0
476,476,0,92,154,0,1,209,968,99,-1834,1,下位,0,209,121
955,955,0,42,9,0,0,0,685,206,-2612,1,下位,0,0,0
132,132,0,1059,5148,0,1,955,685,206,-2612,1,下位,0,955,61
967,967,0,42,6,0,0,0,1087,5200,765,10,上位,0,0,0
138,138,0,42,11,0,1,967,1087,5200,765,10,上位,0,967,58
928,928,0,70,113,0,2,1105,1087,5200,765,10,上位,0,138,63
77,77,0,129,236,0,0,0,2033,165,-2229,1,下位,0,0,0
312,312,0,110,125,1,0,0,0,0,1,0,下位,0,0,0
272,272,0,101,132,0,0,0,312,177,-325,3,下位,0,0,0
250,250,0,107,189,0,0,0,272,184,-580,2,下位,0,0,0
963,963,0,62,57,0,0,0,250,241,-742,3,下位,0,0,0
170,170,0,52,71,0,0,0,963,109,-2186,1,下位,0,0,0
280,280,0,130,243,0,1,170,963,109,-2186,1,下位,0,170,123
199,199,0,74,103,1,0,0,0,0,1,0,下位,0,0,0
523,523,0,103,207,0,0,0,199,155,-165,1,下位,0,0,0
135,135,0,42,5,0,0,0,523,259,-750,2,下位,0,0,0
976,976,0,88,88,0,1,135,523,259,-750,2,下位,0,135,57
512,512,0,91,78,0,0,0,1111,140,-2345,1,下位,0,0,0
204,204,0,146,360,0,0,0,512,130,-3041,2,下位,0,0,0
255,255,0,165,332,1,0,0,0,0,1,0,下位,0,0,0
160,160,0,42,11,0,0,0,255,384,-26,4,下位,0,0,0
523,523,0,970,4909,0,1,160,255,384,-26,4,下位,0,160,63
879,879,0,82,92,0,0,0,683,4961,772,10,上位,0,0,0
331,331,0,754,3395,0,0,0,879,144,-502,1,下位,0,0,0
971,971,0,146,216,0,0,0,331,3447,763,7,上位,0,0,0
343,343,0,92,154,0,0,0,971,268,-535,4,下位,0,0,0
66,66,0,42,11,0,0,0,343,206,-882,1,下位,0,0,0
360,360,0,69,109,0,1,66,343,206,-882,1,下位,0,66,63
638,638,0,109,114,1,0,0,0,0,1,0,下位,0,0,0
741,741,0,60,47,1,0,0,0,0,1,0,下位,0,0,0
301,301,0,81,96,0,0,0,741,99,-1095,1,下位,0,0,0
287,287,0,42,11,1,0,0,0,0,1,0,下位,0,0,0
182,182,0,51,61,1,1,287,0,0,1,0,下位,0,287,63
184,184,0,124,328,1,2,469,0,0,1,0,下位,0,182,113
598,598,0,42,11,0,0,0,653,380,-497,3,下位,0,0,0
339,339,0,68,118,0,1,598,653,380,-497,3,下位,0,598,63
226,226,0,42,5,0,0,0,937,170,-1776,1,下位,0,0,0
692,692,0,154,325,0,1,226,937,170,-1776,1,下位,0,226,57
942,942,0,76,101,0,0,0,918,377,-2823,3,下位,0,0,0
269,269,0,68,37,0,0,0,942,153,-4189,1,下位,0,0,0
923,923,0,88,80,0,0,0,269,89,-4534,1,下位,0,0,0
959,959,0,98,122,0,0,0,923,132,-5891,1,下位,0,0,0
49,49,0,58,54,1,0,0,0,0,1,0,下位,0,0,0
336,336,0,152,365,0,0,0,49,106,28,1,下位,0,0,0
567,567,0,94,78,0,0,0,336,417,-97,4,下位,0,0,0
543,543,0,97,132,0,0,0,567,130,-882,1,下位,0,0,0
410,410,0,152,342,0,0,0,543,184,-1574,1,下位,0,0,0
711,711,0,51,61,1,0,0,0,0,1,0,下位,0,0,0
378,378,0,58,64,1,1,711,0,0,1,0,下位,0,711,113
327,327,0,52,65,0,0,0,1089,116,-1527,1,下位,0,0,0
160,160,0,41,1,0,1,327,1089,116,-1527,1,下位,0,327,117
513,513,0,42,5,0,2,487,1089,116,-1527,1,下位,0,160,53
970,970,0,52,69,0,3,1000,1089,116,-1527,1,下位,0,513,57
514,514,0,42,7,0,4,1970,1089,116,-1527,1,下位,0,970,121
141,141,0,52,65,0,5,2484,1089,116,-1527,1,下位,0,514,59
259,259,0,92,237,0,6,2625,1089,116,-1527,1,下位,0,141,117
95,95,0,63,50,0,0,0,2884,289,-5365,2,下位,0,0,0
79,79,0,42,9,0,0,0,95,102,-5416,1,下位,0,0,0
342,342,0,52,69,0,1,79,95,102,-5416,1,下位,0,79,61
542,542,0,100,216,0,2,421,95,102,-5416,1,下位,0,342,121
602,602,0,160,193,1,0,0,0,0,1,0,下位,0,0,0
750,750,0,84,164,0,0,0,602,245,-725,4,下位,0,0,0
629,629,0,42,7,0,0,0,750,216,-1719,2,下位,0,0,0
970,970,0,42,7,0,1,629,750,216,-1719,2,下位,0,629,59
255,255,0,117,256,0,2,1599,750,216,-1719,2,下位,0,970,59
363,363,0,49,49,0,0,0,1854,308,-4284,3,下位,0,0,0
826,826,0,65,108,0,1,363,1854,308,-4284,3,下位,0,363,101
270,270,0,81,90,0,0,0,1189,160,-5940,1,下位,0,0,0
665,665,0,70,11,1,0,0,0,0,1,0,下位,0,0,0
701,701,0,41,3,0,0,0,665,63,-1009,1,下位,0,0,0
137,137,0,105,133,0,1,701,665,63,-1009,1,下位,0,701,55
693,693,0,100,209,0,0,0,838,185,-2121,2,下位,0,0,0
451,451,0,1126,5250,0,0,0,693,261,-2978,2,下位,0,0,0
653,653,0,79,95,1,0,0,0,0,1,0,下位,0,0,0
378,378,0,76,29,0,0,0,653,147,-905,1,下位,0,0,0
877,877,0,110,281,0,0,0,378,81,-1434,1,下位,0,0,0
682,682,0,167,251,0,0,0,877,333,-2516,3,下位,0,0,0
164,164,0,97,228,0,0,0,682,303,-3313,4,下位,0,0,0
179,179,0,104,207,0,0,0,164,280,-3298,2,下位,0,0,0
966,966,0,107,119,0,0,0,179,259,-3328,2,下位,0,0,0
354,354,0,90,79,1,0,0,0,0,1,0,下位,0,0,0
511,511,0,1510,7377,0,0,0,354,131,-439,1,下位,0,0,0
245,245,0,140,375,1,0,0,0,0,1,0,下位,0,0,0
128,128,0,933,4797,0,0,0,245,427,33,4,下位,0,0,0
699,699,0,107,51,0,0,0,128,4849,755,9,上位,0,0,0
660,660,0,814,3796,0,0,0,699,103,-269,2,下位,0,0,0
870,870,0,85,90,0,0,0,660,3848,746,7,上位,0,0,0
28,28,0,142,218,1,0,0,0,0,1,0,下位,0,0,0
964,964,0,200,342,0,0,0,28,270,226,3,下位,0,0,0
973,973,0,52,67,0,0,0,964,394,-935,5,下位,0,0,0
216,216,0,98,115,0,1,973,964,394,-935,5,下位,0,973,119
966,966,0,116,111,0,0,0,1189,167,-2566,2,下位,0,0,0
202,202,0,90,148,0,0,0,966,163,-3961,2,下位,0,0,0
157,157,0,123,304,0,0,0,202,200,-4087,2,下位,0,0,0
134,134,0,1544,7848,0,0,0,157,356,-3984,3,下位,0,0,0
948,948,0,66,43,1,0,0,0,0,1,0,下位,0,0,0
165,165,0,67,41,0,0,0,948,95,-1433,1,下位,0,0,0
965,965,0,42,5,0,0,0,165,93,-1606,1,下位,0,0,0
758,758,0,194,181,0,1,965,165,93,-1606,1,下位,0,965,57
134,134,0,86,147,0,0,0,1723,233,-4095,4,下位,0,0,0
214,214,0,134,152,0,0,0,134,199,-4112,2,下位,0,0,0
900,900,0,140,213,0,0,0,214,204,-4253,2,下位,0,0,0
338,338,0,76,107,0,0,0,900,265,-5440,3,下位,0,0,0
579,579,0,110,131,1,0,0,0,0,1,0,下位,0,0,0
883,883,0,130,313,0,0,0,579,183,-750,2,下位,0,0,0
87,87,0,52,65,0,0,0,883,365,-1809,3,下位,0,0,0
214,214,0,122,179,0,1,87,883,365,-1809,3,下位,0,87,117
146,146,0,1866,9812,0,0,0,301,231,-1946,2,下位,0,0,0
552,552,0,105,116,1,0,0,0,0,1,0,下位,0,0,0
287,287,0,84,100,0,0,0,552,168,-721,2,下位,0,0,0
930,930,0,143,282,0,0,0,287,152,-1032,1,下位,0,0,0
672,672,0,62,44,0,0,0,930,334,-2198,3,下位,0,0,0
358,358,0,136,302,1,0,0,0,0,1,0,下位,0,0,0
963,963,0,56,56,0,0,0,358,354,-222,4,下位,0,0,0
323,323,0,68,42,0,0,0,963,108,-1667,1,下位,0,0,0
796,796,0,102,213,0,0,0,323,94,-2094,1,下位,0,0,0
533,533,0,110,128,1,0,0,0,0,1,0,下位,0,0,0
243,243,0,83,169,0,0,0,533,180,-679,2,下位,0,0,0
954,954,0,101,213,0,0,0,243,221,-850,2,下位,0,0,0
970,970,0,146,298,0,0,0,954,265,-2124,2,下位,0,0,0
309,309,0,115,194,0,0,0,970,350,-3339,3,下位,0,0,0
113,113,0,192,354,0,0,0,309,246,-3591,2,下位,0,0,0
290,290,0,76,24,0,0,0,113,406,-3367,4,下位,0,0,0
36,36,0,1345,6913,0,0,0,290,76,-3759,1,下位,0,0,0
281,281,0,142,158,1,0,0,0,0,1,0,下位,0,0,0
223,223,0,91,217,0,0,0,281,210,-242,3,下位,0,0,0
249,249,0,51,63,0,0,0,223,269,-333,2,下位,0,0,0
217,217,0,73,19,0,1,249,223,269,-333,2,下位,0,249,115
377,377,0,67,112,0,0,0,466,71,-899,1,下位,0,0,0
443,443,0,73,186,0,0,0,377,164,-1343,1,下位,0,0,0
96,96,0,75,170,0,0,0,443,238,-1820,1,下位,0,0,0
193,193,0,92,220,0,0,0,96,222,-1753,1,下位,0,0,0
865,865,0,133,229,1,0,0,0,0,1,0,下位,0,0,0
187,187,0,160,267,0,0,0,865,281,-1113,2,下位,0,0,0
968,968,0,136,232,0,0,0,187,319,-1096,3,下位,0,0,0
900,900,0,54,67,0,0,0,968,284,-2373,3,下位,0,0,0
298,298,0,59,53,0,0,0,900,119,-3706,1,下位,0,0,0
939,939,0,1090,5636,0,0,0,298,105,-4082,1,下位,0,0,0
462,462,0,100,142,1,0,0,0,0,1,0,下位,0,0,0
87,87,0,42,5,0,0,0,462,194,-550,2,下位,0,0,0
147,147,0,56,62,0,1,87,462,194,-550,2,下位,0,87,57
173,173,0,138,229,1,0,0,0,0,1,0,下位,0,0,0
55,55,0,94,71,0,0,0,173,281,3,3,下位,0,0,0
917,917,0,73,103,0,0,0,55,123,37,1,下位,0,0,0
248,248,0,127,235,0,0,0,917,155,-1287,1,下位,0,0,0
793,793,0,113,180,0,0,0,248,287,-1400,2,下位,0,0,0
650,650,0,150,188,1,0,0,0,0,1,0,下位,0,0,0
322,322,0,148,200,0,0,0,650,240,-807,3,下位,0,0,0
964,964,0,108,131,0,0,0,322,252,-1074,3,下位,0,0,0
315,315,0,145,212,1,0,0,0,0,1,0,下位,0,0,0
478,478,0,160,414,0,0,0,315,264,-243,3,下位,0,0,0
965,965,0,122,178,0,0,0,478,466,-548,4,下位,0,0,0
317,317,0,42,9,0,0,0,965,230,-1874,3,下位,0,0,0
156,156,0,70,41,0,1,317,965,230,-1874,3,下位,0,317,61
277,277,0,77,172,1,0,0,0,0,1,0,下位,0,0,0
791,791,0,72,110,0,0,0,277,224,-222,1,下位,0,0,0
222,222,0,41,3,1,0,0,0,0,1,0,下位,0,0,0
391,391,0,94,72,1,1,222,0,0,1,0,下位,0,222,55
62,62,0,1091,5559,0,0,0,613,124,-809,1,下位,0,0,0
965,965,0,157,248,0,0,0,62,5611,762,8,上位,0,0,0
329,329,0,51,63,0,0,0,965,300,-494,4,下位,0,0,0
671,671,0,88,78,0,1,329,965,300,-494,4,下位,0,329,115
592,592,0,92,82,1,0,0,0,0,1,0,下位,0,0,0
536,536,0,146,296,1,0,0,0,0,1,0,下位,0,0,0
420,420,0,42,5,0,0,0,536,348,-516,4,下位,0,0,0
876,876,0,42,5,0,1,420,536,348,-516,4,下位,0,420,57
335,335,0,89,150,0,2,1296,536,348,-516,4,下位,0,876,57
884,884,0,184,371,0,0,0,1631,202,-2830,2,下位,0,0,0
478,478,0,42,9,1,0,0,0,0,1,0,下位,0,0,0
375,375,0,184,222,1,1,478,0,0,1,0,下位,0,478,61
845,845,0,72,108,0,0,0,853,274,-1040,3,下位,0,0,0
452,452,0,110,110,0,0,0,845,160,-2243,1,下位,0,0,0
798,798,0,122,188,1,0,0,0,0,1,0,下位,0,0,0
164,164,0,111,189,0,0,0,798,240,-1046,2,下位,0,0,0
533,533,0,108,276,0,0,0,164,241,-1070,2,下位,0,0,0
122,122,0,162,329,0,0,0,533,328,-1602,3,下位,0,0,0
241,241,0,191,359,0,0,0,122,381,-1418,3,下位,0,0,0
962,962,0,116,201,0,0,0,241,411,-1396,4,下位,0,0,0
261,261,0,1475,6874,0,0,0,962,253,-2695,2,下位,0,0,0
161,161,0,82,95,0,0,0,261,6926,751,13,上位,0,0,0
110,110,0,176,271,1,0,0,0,0,1,0,下位,0,0,0
140,140,0,121,180,0,0,0,110,323,147,4,下位,0,0,0
201,201,0,42,9,0,0,0,140,232,153,2,下位,0,0,0
358,358,0,110,174,0,1,201,140,232,153,2,下位,0,201,61
206,206,0,158,253,0,0,0,559,226,-461,2,下位,0,0,0
567,567,0,105,134,1,0,0,0,0,1,0,下位,0,0,0
970,970,0,1229,6117,0,0,0,567,186,-728,2,下位,0,0,0
420,420,0,146,371,0,0,0,970,6169,747,12,上位,0,0,0
167,167,0,134,244,1,0,0,0,0,1,0,下位,0,0,0
175,175,0,115,255,0,0,0,167,296,28,3,下位,0,0,0
407,407,0,93,147,1,0,0,0,0,1,0,下位,0,0,0
121,121,0,160,344,0,0,0,407,199,-456,2,下位,0,0,0
210,210,0,150,186,0,0,0,121,396,-255,4,下位,0,0,0
894,894,0,120,110,0,0,0,210,238,-356,3,下位,0,0,0
265,265,0,151,209,0,0,0,894,162,-1636,2,下位,0,0,0
155,155,0,100,146,1,0,0,0,0,1,0,下位,0,0,0
963,963,0,200,368,0,0,0,155,198,-51,2,下位,0,0,0
233,233,0,42,9,0,0,0,963,420,-1184,5,下位,0,0,0
324,324,0,1166,5830,0,1,233,963,420,-1184,5,下位,0,233,61
528,528,0,115,178,1,0,0,0,0,1,0,下位,0,0,0
393,393,0,92,229,0,0,0,528,230,-621,2,下位,0,0,0
933,933,0,41,3,0,0,0,393,281,-974,2,下位,0,0,0
967,967,0,67,114,0,1,933,393,281,-974,2,下位,0,933,55
971,971,0,78,150,0,0,0,1900,166,-3818,1,下位,0,0,0
384,384,0,88,225,1,0,0,0,0,1,0,下位,0,0,0
70,70,0,127,170,1,0,0,0,0,1,0,下位,0,0,0
579,579,0,76,107,0,0,0,70,222,110,3,下位,0,0,0
111,111,0,99,136,0,0,0,579,159,-665,1,下位,0,0,0
207,207,0,57,51,0,0,0,111,188,-656,2,下位,0,0,0
441,441,0,159,268,0,0,0,207,103,-887,1,下位,0,0,0
834,834,0,62,46,0,0,0,441,320,-1278,4,下位,0,0,0
131,131,0,160,228,1,0,0,0,0,1,0,下位,0,0,0
497,497,0,68,40,0,0,0,131,280,70,4,下位,0,0,0
967,967,0,164,330,0,0,0,497,92,-640,1,下位,0,0,0
820,820,0,87,64,1,0,0,0,0,1,0,下位,0,0,0
221,221,0,152,119,0,0,0,820,116,-1206,1,下位,0,0,0
134,134,0,108,127,0,0,0,221,171,-1391,4,下位,0,0,0
234,234,0,72,37,0,0,0,134,179,-1428,2,下位,0,0,0
127,127,0,66,102,0,0,0,234,89,-1716,1,下位,0,0,0
943,943,0,1253,6352,0,0,0,127,154,-1767,1,下位,0,0,0
708,708,0,90,80,1,0,0,0,0,1,0,下位,0,0,0
174,174,0,226,314,0,0,0,708,132,-1009,2,下位,0,0,0
307,307,0,78,97,0,0,0,174,366,-924,5,下位,0,0,0
965,965,0,51,61,0,0,0,307,149,-1270,1,下位,0,0,0
208,208,0,81,161,0,1,965,307,149,-1270,1,下位,0,965,113
312,312,0,63,45,0,0,0,1173,213,-2835,2,下位,0,0,0
211,211,0,66,116,0,0,0,312,97,-3241,1,下位,0,0,0
665,665,0,69,109,0,0,0,211,168,-3413,1,下位,0,0,0
346,346,0,106,184,1,0,0,0,0,1,0,下位,0,0,0
49,49,0,42,11,0,0,0,346,236,-321,3,下位,0,0,0
837,837,0,69,33,0,1,49,346,236,-321,3,下位,0,49,63
244,244,0,124,330,0,0,0,886,85,-1602,1,下位,0,0,0
239,239,0,42,5,0,0,0,244,382,-1614,3,下位,0,0,0
331,331,0,152,133,0,1,239,244,382,-1614,3,下位,0,239,57
272,272,0,89,159,0,0,0,570,185,-2291,3,下位,0,0,0
321,321,0,118,161,0,0,0,272,211,-2519,1,下位,0,0,0
606,606,0,110,202,0,0,0,321,213,-2824,3,下位,0,0,0
805,805,0,72,110,0,0,0,606,254,-3547,2,下位,0,0,0
126,126,0,41,3,1,0,0,0,0,1,0,下位,0,0,0
775,775,0,107,117,1,1,126,0,0,1,0,下位,0,126,55
187,187,0,99,110,0,0,0,901,169,-1228,2,下位,0,0,0
308,308,0,75,150,0,0,0,187,162,-1368,1,下位,0,0,0
82,82,0,40,-3,0,0,0,308,202,-1663,1,下位,0,0,0
812,812,0,1747,9142,0,1,82,308,202,-1663,1,下位,0,82,49
237,237,0,42,5,1,0,0,0,0,1,0,下位,0,0,0
268,268,0,74,183,1,1,237,0,0,1,0,下位,0,237,57
900,900,0,88,86,0,0,0,505,235,-521,1,下位,0,0,0
926,926,0,193,354,0,0,0,900,138,-1835,1,下位,0,0,0
690,690,0,72,179,0,0,0,926,406,-2923,4,下位,0,0,0
161,161,0,75,83,0,0,0,690,231,-3805,1,下位,0,0,0
330,330,0,83,94,0,0,0,161,135,-3930,1,下位,0,0,0
850,850,0,90,81,0,0,0,330,146,-4316,1,下位,0,0,0
56,56,0,87,92,1,0,0,0,0,1,0,下位,0,0,0
332,332,0,106,126,0,0,0,56,144,55,1,下位,0,0,0
260,260,0,90,81,0,0,0,332,178,-302,2,下位,0,0,0
913,913,0,152,207,0,0,0,260,133,-588,1,下位,0,0,0
168,168,0,85,83,1,0,0,0,0,1,0,下位,0,0,0
522,522,0,110,184,0,0,0,168,135,-135,1,下位,0,0,0
865,865,0,59,55,0,0,0,522,236,-741,2,下位,0,0,0
241,241,0,84,85,0,0,0,865,107,-2029,1,下位,0,0,0
857,857,0,51,61,0,0,0,241,137,-2281,2,下位,0,0,0
240,240,0,42,9,0,1,857,241,137,-2281,2,下位,0,857,113
294,294,0,72,38,0,2,1097,241,137,-2281,2,下位,0,240,61
513,513,0,95,139,1,0,0,0,0,1,0,下位,0,0,0
588,588,0,135,143,0,0,0,513,191,-635,2,下位,0,0,0
166,166,0,124,178,0,0,0,588,195,-1388,3,下位,0,0,0
241,241,0,1863,9540,0,0,0,166,230,-1426,2,下位,0,0,0
455,455,0,41,1,0,0,0,241,9592,775,15,上位,0,0,0
875,875,0,84,88,0,1,455,241,9592,775,15,上位,0,455,53
141,141,0,163,407,0,0,0,1330,140,-1177,1,下位,0,0,0
157,157,0,88,80,1,0,0,0,0,1,0,下位,0,0,0
179,179,0,135,154,0,0,0,157,132,-120,1,下位,0,0,0
393,393,0,42,9,0,0,0,179,206,-203,2,下位,0,0,0
483,483,0,1024,5417,0,1,393,179,206,-203,2,下位,0,393,61
141,141,0,120,252,1,0,0,0,0,1,0,下位,0,0,0
274,274,0,158,190,0,0,0,141,304,78,2,下位,0,0,0
779,779,0,41,1,0,0,0,274,242,-122,3,下位,0,0,0
612,612,0,102,202,0,1,779,274,242,-122,3,下位,0,779,53
271,271,0,42,7,1,0,0,0,0,1,0,下位,0,0,0
307,307,0,42,9,1,1,271,0,0,1,0,下位,0,271,59
171,171,0,124,179,1,2,578,0,0,1,0,下位,0,307,61
753,753,0,42,9,0,0,0,749,231,-856,3,下位,0,0,0
774,774,0,103,209,0,1,753,749,231,-856,3,下位,0,753,61
754,754,0,109,178,0,0,0,1527,261,-2997,3,下位,0,0,0
505,505,0,93,155,1,0,0,0,0,1,0,下位,0,0,0
305,305,0,42,9,1,0,0,0,0,1,0,下位,0,0,0
187,187,0,94,80,1,1,305,0,0,1,0,下位,0,305,61
308,308,0,186,300,0,0,0,492,132,-600,1,下位,0,0,0
246,246,0,117,332,1,0,0,0,0,1,0,下位,0,0,0
94,94,0,52,69,0,0,0,246,384,-12,3,下位,0,0,0
236,236,0,51,63,0,1,94,246,384,-12,3,下位,0,94,121
243,243,0,100,207,0,2,330,246,384,-12,3,下位,0,236,115
125,125,0,86,150,0,0,0,573,259,-442,2,下位,0,0,0
158,158,0,205,347,0,0,0,125,202,-442,2,下位,0,0,0
322,322,0,72,115,0,0,0,158,399,-298,4,下位,0,0,0
143,143,0,60,57,0,0,0,322,167,-650,1,下位,0,0,0
232,232,0,210,269,0,0,0,143,109,-772,1,下位,0,0,0
742,742,0,112,197,0,0,0,232,321,-825,5,下位,0,0,0
879,879,0,74,109,0,0,0,742,249,-1773,2,下位,0,0,0
234,234,0,69,109,0,0,0,879,161,-3030,1,下位,0,0,0
719,719,0,74,103,1,0,0,0,0,1,0,下位,0,0,0
262,262,0,1484,7565,0,0,0,719,155,-1004,1,下位,0,0,0
654,654,0,134,309,1,0,0,0,0,1,0,下位,0,0,0
891,891,0,1337,6750,0,0,0,654,361,-693,3,下位,0,0,0
761,761,0,218,304,1,0,0,0,0,1,0,下位,0,0,0
188,188,0,195,354,0,0,0,761,356,-870,5,下位,0,0,0
661,661,0,134,240,0,0,0,188,406,-767,4,下位,0,0,0
906,906,0,1400,6813,0,0,0,661,292,-1541,4,下位,0,0,0
202,202,0,624,2655,0,0,0,906,6865,771,12,上位,0,0,0
261,261,0,168,161,0,0,0,202,2707,763,7,上位,0,0,0
659,659,0,186,362,0,0,0,261,213,555,5,下位,0,0,0
200,200,0,52,65,0,0,0,659,414,-94,5,下位,0,0,0
679,679,0,152,341,0,1,200,659,414,-94,5,下位,0,200,117
782,782,0,88,150,0,0,0,879,393,-1002,4,下位,0,0,0
863,863,0,1489,7547,1,0,0,0,0,1,0,下位,0,0,0
526,526,0,58,58,0,0,0,863,7599,768,14,上位,0,0,0
557,557,0,161,246,1,0,0,0,0,1,0,下位,0,0,0
947,947,0,58,54,0,0,0,557,298,-599,3,下位,0,0,0
440,440,0,95,155,0,0,0,947,106,-2020,1,下位,0,0,0
535,535,0,146,218,1,0,0,0,0,1,0,下位,0,0,0
802,802,0,52,69,0,0,0,535,270,-592,4,下位,0,0,0
118,118,0,64,121,0,1,802,535,270,-592,4,下位,0,802,121
52,52,0,135,201,0,0,0,920,173,-1782,1,下位,0,0,0
295,295,0,60,47,0,0,0,52,253,-1613,3,下位,0,0,0
400,400,0,1234,6419,0,0,0,295,99,-1990,1,下位,0,0,0
165,165,0,79,93,0,0,0,400,6471,757,12,上位,0,0,0
380,380,0,122,184,0,0,0,165,145,636,1,下位,0,0,0
102,102,0,51,63,0,0,0,380,236,259,2,下位,0,0,0
804,804,0,182,305,0,1,102,380,236,259,2,下位,0,102,115
427,427,0,72,114,1,0,0,0,0,1,0,下位,0,0,0
504,504,0,80,101,1,0,0,0,0,1,0,下位,0,0,0
963,963,0,169,239,0,0,0,504,153,-659,1,下位,0,0,0
646,646,0,145,128,0,0,0,963,291,-1921,3,下位,0,0,0
309,309,0,94,79,0,0,0,646,180,-2783,4,下位,0,0,0
579,579,0,105,192,0,0,0,309,131,-3150,2,下位,0,0,0
495,495,0,77,95,1,0,0,0,0,1,0,下位,0,0,0
964,964,0,117,181,0,0,0,495,147,-650,2,下位,0,0,0
750,750,0,51,64,0,0,0,964,233,-1972,2,下位,0,0,0
398,398,0,98,144,0,1,750,964,233,-1972,2,下位,0,750,116
974,974,0,72,100,0,0,0,1148,196,-3512,1,下位,0,0,0
200,200,0,52,69,0,0,0,974,152,-4931,1,下位,0,0,0
221,221,0,52,71,0,1,200,974,152,-4931,1,下位,0,200,121
554,554,0,75,97,0,2,421,974,152,-4931,1,下位,0,221,123
305,305,0,41,3,0,0,0,975,149,-6111,1,下位,0,0,0
305,305,0,100,142,0,1,305,975,149,-6111,1,下位,0,305,55
42,42,0,42,11,0,0,0,610,194,-6846,2,下位,0,0,0
188,188,0,102,133,0,1,42,610,194,-6846,2,下位,0,42,63
178,178,0,86,138,0,0,0,230,185,-6969,3,下位,0,0,0
39,39,0,84,157,1,0,0,0,0,1,0,下位,0,0,0
856,856,0,142,148,0,0,0,39,209,147,2,下位,0,0,0
458,458,0,49,48,0,0,0,856,200,-1034,3,下位,0,0,0
135,135,0,183,314,0,1,458,856,200,-1034,3,下位,0,458,100
223,223,0,50,59,0,0,0,593,366,-1525,4,下位,0,0,0
970,970,0,86,91,0,1,223,593,366,-1525,4,下位,0,223,111
425,425,0,62,119,0,0,0,1193,143,-3196,1,下位,0,0,0
70,70,0,111,188,0,0,0,425,171,-3710,1,下位,0,0,0
170,170,0,120,170,0,0,0,70,240,-3583,2,下位,0,0,0
488,488,0,126,256,1,0,0,0,0,1,0,下位,0,0,0
149,149,0,115,186,0,0,0,488,308,-478,3,下位,0,0,0
497,497,0,95,64,0,0,0,149,238,-480,2,下位,0,0,0
895,895,0,52,71,0,0,0,497,116,-1166,2,下位,0,0,0
219,219,0,138,220,0,1,895,497,116,-1166,2,下位,0,895,123
310,310,0,42,11,0,0,0,1114,272,-2568,2,下位,0,0,0
969,969,0,88,228,0,1,310,1114,272,-2568,2,下位,0,310,63
476,476,0,120,184,1,0,0,0,0,1,0,下位,0,0,0
967,967,0,154,277,0,0,0,476,236,-531,2,下位,0,0,0
161,161,0,128,148,0,0,0,967,329,-1762,4,下位,0,0,0
773,773,0,52,67,0,0,0,161,200,-1822,3,下位,0,0,0
976,976,0,51,61,0,1,773,161,200,-1822,3,下位,0,773,119
967,967,0,167,254,0,2,1749,161,200,-1822,3,下位,0,976,113
505,505,0,170,252,1,0,0,0,0,1,0,下位,0,0,0
275,275,0,100,129,0,0,0,505,304,-510,3,下位,0,0,0
368,368,0,160,187,0,0,0,275,181,-773,2,下位,0,0,0
366,366,0,72,98,0,0,0,368,239,-1128,4,下位,0,0,0
296,296,0,82,174,0,0,0,366,150,-1568,1,下位,0,0,0
471,471,0,52,65,0,0,0,296,226,-1819,1,下位,0,0,0
267,267,0,1310,6764,0,1,471,296,226,-1819,1,下位,0,471,117
273,273,0,74,80,1,0,0,0,0,1,0,下位,0,0,0
48,48,0,42,5,0,0,0,273,132,-307,1,下位,0,0,0
690,690,0,136,152,0,1,48,273,132,-307,1,下位,0,48,57
96,96,0,68,120,0,0,0,738,204,-1236,2,下位,0,0,0
246,246,0,108,125,1,0,0,0,0,1,0,下位,0,0,0
512,512,0,98,127,0,0,0,246,177,-219,2,下位,0,0,0
275,275,0,102,135,0,0,0,512,179,-866,2,下位,0,0,0
313,313,0,113,105,0,0,0,275,187,-1123,1,下位,0,0,0
660,660,0,147,369,0,0,0,313,157,-1471,2,下位,0,0,0
229,229,0,158,270,0,0,0,660,421,-2115,3,下位,0,0,0
387,387,0,42,9,0,0,0,229,322,-2162,3,下位,0,0,0
158,158,0,42,7,0,1,387,229,322,-2162,3,下位,0,387,61
151,151,0,51,63,0,2,545,229,322,-2162,3,下位,0,158,59
968,968,0,68,117,0,3,696,229,322,-2162,3,下位,0,151,115
809,809,0,65,37,0,0,0,1664,169,-4442,1,下位,0,0,0
798,798,0,154,272,1,0,0,0,0,1,0,下位,0,0,0
4,4,0,714,3824,1,0,0,0,0,1,0,下位,0,0,0
70,70,0,93,156,0,0,0,4,3089,774,4,上位,0,0,0
847,847,0,76,105,0,0,0,70,208,869,1,下位,0,0,0
57,57,0,102,184,1,0,0,0,0,1,0,下位,0,0,0
46,46,0,101,119,0,0,0,57,236,145,2,下位,0,0,0
55,55,0,684,3692,0,0,0,46,171,242,1,下位,0,0,0
795,795,0,51,63,0,0,0,55,2308,774,3,上位,0,0,0
966,966,0,52,69,0,1,795,55,2308,774,3,上位,0,795,115
319,319,0,70,33,0,2,1761,55,2308,774,3,上位,0,966,121
420,420,0,932,4589,0,0,0,2080,85,-2260,1,下位,0,0,0
411,411,0,115,193,0,0,0,420,4641,747,9,上位,0,0,0
228,228,0,122,178,1,0,0,0,0,1,0,下位,0,0,0
93,93,0,42,7,0,0,0,228,230,-137,2,下位,0,0,0
58,58,0,974,4958,0,1,93,228,230,-137,2,下位,0,93,59
297,297,0,95,266,0,0,0,151,4893,758,6,上位,0,0,0
234,234,0,245,262,0,0,0,297,318,597,2,下位,0,0,0
773,773,0,74,33,0,0,0,234,314,534,6,下位,0,0,0
606,606,0,167,243,1,0,0,0,0,1,0,下位,0,0,0
207,207,0,172,383,0,0,0,606,295,-681,3,下位,0,0,0
181,181,0,80,167,0,0,0,207,435,-580,5,下位,0,0,0
973,973,0,116,186,0,0,0,181,219,-653,1,下位,0,0,0
394,394,0,124,246,1,0,0,0,0,1,0,下位,0,0,0
790,790,0,69,115,0,0,0,394,298,-336,3,下位,0,0,0
905,905,0,104,114,0,0,0,790,167,-1443,1,下位,0,0,0
831,831,0,92,70,0,0,0,905,166,-2737,2,下位,0,0,0
968,968,0,1437,7008,0,0,0,831,122,-3955,1,下位,0,0,0
869,869,0,141,144,1,0,0,0,0,1,0,下位,0,0,0
243,243,0,125,96,0,0,0,869,196,-1205,2,下位,0,0,0
451,451,0,72,181,1,0,0,0,0,1,0,下位,0,0,0
965,965,0,41,3,0,0,0,451,233,-493,1,下位,0,0,0
503,503,0,82,167,0,1,965,451,233,-493,1,下位,0,965,55
340,340,0,136,290,0,0,0,1468,219,-2586,2,下位,0,0,0
708,708,0,91,70,0,0,0,340,342,-2792,3,下位,0,0,0
82,82,0,164,248,1,0,0,0,0,1,0,下位,0,0,0
151,151,0,70,123,0,0,0,82,300,169,3,下位,0,0,0
622,622,0,42,7,0,0,0,151,175,100,1,下位,0,0,0
963,963,0,42,11,0,1,622,151,175,100,1,下位,0,622,59
815,815,0,77,170,0,2,1585,151,175,100,1,下位,0,963,63
921,921,0,2016,10296,0,0,0,2400,222,-3427,1,下位,0,0,0
280,280,0,58,47,1,0,0,0,0,1,0,下位,0,0,0
968,968,0,49,48,0,0,0,280,99,-352,1,下位,0,0,0
288,288,0,85,84,0,1,968,280,99,-352,1,下位,0,968,100
84,84,0,66,120,1,0,0,0,0,1,0,下位,0,0,0
462,462,0,153,196,0,0,0,84,172,38,1,下位,0,0,0
782,782,0,154,243,0,0,0,462,248,-459,4,下位,0,0,0
174,174,0,74,105,0,0,0,782,295,-1425,3,下位,0,0,0
158,158,0,162,408,0,0,0,174,157,-1549,1,下位,0,0,0
300,300,0,70,39,0,0,0,158,460,-1344,4,下位,0,0,0
275,275,0,72,101,0,0,0,300,91,-1737,1,下位,0,0,0
669,669,0,88,70,1,0,0,0,0,1,0,下位,0,0,0
186,186,0,141,207,0,0,0,669,122,-956,2,下位,0,0,0
704,704,0,87,151,0,0,0,186,259,-997,4,下位,0,0,0
881,881,0,123,170,0,0,0,704,203,-1929,1,下位,0,0,0
580,580,0,91,124,0,0,0,881,222,-3128,3,下位,0,0,0
906,906,0,103,137,0,0,0,580,176,-3887,2,下位,0,0,0
465,465,0,42,9,0,0,0,906,189,-5159,2,下位,0,0,0
707,707,0,41,1,0,1,465,906,189,-5159,2,下位,0,465,61
868,868,0,121,316,0,2,1172,906,189,-5159,2,下位,0,707,53
588,588,0,1118,5557,1,0,0,0,0,1,0,下位,0,0,0
495,495,0,142,281,0,0,0,588,5609,761,10,上位,0,0,0
318,318,0,42,9,0,0,0,495,333,296,4,下位,0,0,0
899,899,0,136,158,0,1,318,495,333,296,4,下位,0,318,61
98,98,0,51,61,0,0,0,1217,210,-1396,2,下位,0,0,0
726,726,0,94,148,0,1,98,1217,210,-1396,2,下位,0,98,113
101,101,0,82,88,1,0,0,0,0,1,0,下位,0,0,0
210,210,0,41,3,0,0,0,101,140,-22,1,下位,0,0,0
134,134,0,42,5,0,1,210,101,140,-22,1,下位,0,210,55
849,849,0,154,276,0,2,344,101,140,-22,1,下位,0,134,57
970,970,0,76,68,0,0,0,1193,328,-1506,3,下位,0,0,0
31,31,0,174,313,1,0,0,0,0,1,0,下位,0,0,0
602,602,0,52,69,0,0,0,31,365,316,5,下位,0,0,0
971,971,0,100,294,0,1,602,31,365,316,5,下位,0,602,121
119,119,0,66,110,0,0,0,1573,346,-1754,2,下位,0,0,0
885,885,0,76,31,0,0,0,119,162,-1784,1,下位,0,0,0
759,759,0,51,63,0,0,0,885,83,-3128,1,下位,0,0,0
135,135,0,73,36,0,1,759,885,83,-3128,1,下位,0,759,115
557,557,0,74,21,0,0,0,894,88,-4367,1,下位,0,0,0
522,522,0,175,390,1,0,0,0,0,1,0,下位,0,0,0
614,614,0,114,266,1,0,0,0,0,1,0,下位,0,0,0
490,490,0,62,48,1,0,0,0,0,1,0,下位,0,0,0
691,691,0,80,84,0,0,0,490,100,-689,1,下位,0,0,0
761,761,0,76,23,1,0,0,0,0,1,0,下位,0,0,0
793,793,0,157,173,0,0,0,761,75,-1151,1,下位,0,0,0
272,272,0,66,114,1,0,0,0,0,1,0,下位,0,0,0
256,256,0,91,150,0,0,0,272,166,-272,1,下位,0,0,0
175,175,0,120,249,1,0,0,0,0,1,0,下位,0,0,0
424,424,0,123,180,0,0,0,175,301,20,3,下位,0,0,0
582,582,0,74,107,0,0,0,424,232,-432,3,下位,0,0,0
865,865,0,96,142,0,0,0,582,159,-1212,1,下位,0,0,0
189,189,0,180,237,1,0,0,0,0,1,0,下位,0,0,0
794,794,0,62,50,0,0,0,189,289,-15,4,下位,0,0,0
285,285,0,164,245,1,0,0,0,0,1,0,下位,0,0,0
95,95,0,51,64,0,0,0,285,297,-162,5,下位,0,0,0
249,249,0,42,7,0,1,95,285,297,-162,5,下位,0,95,116
965,965,0,108,135,0,2,344,285,297,-162,5,下位,0,249,59
373,373,0,42,9,0,0,0,1309,187,-1911,2,下位,0,0,0
77,77,0,52,65,0,1,373,1309,187,-1911,2,下位,0,373,61
518,518,0,68,103,0,2,450,1309,187,-1911,2,下位,0,77,117
641,641,0,2001,10308,0,0,0,968,155,-3139,1,下位,0,0,0
184,184,0,62,42,0,0,0,641,10360,745,16,上位,0,0,0
664,664,0,152,343,1,0,0,0,0,1,0,下位,0,0,0
571,571,0,137,142,0,0,0,664,395,-675,3,下位,0,0,0
264,264,0,72,38,0,0,0,571,194,-1402,3,下位,0,0,0
203,203,0,118,102,0,0,0,264,90,-1738,1,下位,0,0,0
84,84,0,52,71,0,0,0,203,154,-1911,2,下位,0,0,0
173,173,0,79,169,0,1,84,203,154,-1911,2,下位,0,84,123
754,754,0,83,92,0,0,0,257,221,-1981,1,下位,0,0,0
320,320,0,1452,7476,0,0,0,754,144,-3053,1,下位,0,0,0
851,851,0,78,161,0,0,0,320,7528,755,15,上位,0,0,0
978,978,0,80,91,1,0,0,0,0,1,0,下位,0,0,0
739,739,0,1570,8140,1,0,0,0,0,1,0,下位,0,0,0
205,205,0,42,7,1,0,0,0,0,1,0,下位,0,0,0
726,726,0,83,150,1,1,205,0,0,1,0,下位,0,205,59
772,772,0,94,73,0,0,0,931,202,-1240,2,下位,0,0,0
40,40,0,78,165,1,0,0,0,0,1,0,下位,0,0,0
210,210,0,849,4030,0,0,0,40,217,153,1,下位,0,0,0
479,479,0,91,77,1,0,0,0,0,1,0,下位,0,0,0
220,220,0,168,322,0,0,0,479,129,-643,1,下位,0,0,0
268,268,0,42,9,1,0,0,0,0,1,0,下位,0,0,0
329,329,0,42,9,1,1,268,0,0,1,0,下位,0,268,61
707,707,0,101,269,1,2,597,0,0,1,0,下位,0,329,61
148,148,0,102,132,0,0,0,1304,321,-1659,2,下位,0,0,0
974,974,0,118,200,0,0,0,148,184,-1714,1,下位,0,0,0
163,163,0,111,182,1,0,0,0,0,1,0,下位,0,0,0
530,530,0,66,116,1,0,0,0,0,1,0,下位,0,0,0
295,295,0,1007,5006,0,0,0,530,168,-686,1,下位,0,0,0
88,88,0,151,207,0,0,0,295,5058,759,10,上位,0,0,0
438,438,0,113,108,1,0,0,0,0,1,0,下位,0,0,0
524,524,0,182,232,0,0,0,438,160,-545,2,下位,0,0,0
141,141,0,174,231,0,0,0,524,284,-1106,3,下位,0,0,0
740,740,0,42,11,0,0,0,141,283,-1050,4,下位,0,0,0
613,613,0,50,58,0,1,740,141,283,-1050,4,下位,0,740,63
922,922,0,69,108,0,2,1353,141,283,-1050,4,下位,0,613,110
833,833,0,102,141,0,0,0,2275,160,-4387,1,下位,0,0,0
822,822,0,100,64,1,0,0,0,0,1,0,下位,0,0,0
964,964,0,94,153,0,0,0,822,116,-1209,2,下位,0,0,0
595,595,0,1226,6412,0,0,0,964,205,-2559,1,下位,0,0,0
306,306,0,66,98,1,0,0,0,0,1,0,下位,0,0,0
891,891,0,1166,5589,0,0,0,306,150,-343,1,下位,0,0,0
160,160,0,62,44,0,0,0,891,5641,753,11,上位,0,0,0
106,106,0,859,4013,1,0,0,0,0,1,0,下位,0,0,0
372,372,0,42,11,0,0,0,106,4065,769,8,上位,0,0,0
498,498,0,52,67,0,1,372,106,4065,769,8,上位,0,372,63
145,145,0,41,3,0,2,870,106,4065,769,8,上位,0,498,119
81,81,0,52,65,0,3,1015,106,4065,769,8,上位,0,145,55
231,231,0,89,152,0,4,1096,106,4065,769,8,上位,0,81,117
303,303,0,57,54,0,0,0,1327,204,-814,2,下位,0,0,0
920,920,0,76,172,0,0,0,303,106,-1197,1,下位,0,0,0
423,423,0,118,109,0,0,0,920,224,-2457,1,下位,0,0,0
337,337,0,82,92,0,0,0,423,161,-2978,2,下位,0,0,0
285,285,0,130,311,1,0,0,0,0,1,0,下位,0,0,0
797,797,0,70,115,0,0,0,285,363,-96,3,下位,0,0,0
203,203,0,77,161,0,0,0,797,167,-1214,1,下位,0,0,0
55,55,0,86,89,0,0,0,203,213,-1328,1,下位,0,0,0
165,165,0,57,56,0,0,0,55,141,-1276,1,下位,0,0,0
130,130,0,102,144,0,0,0,165,108,-1434,1,下位,0,0,0
965,965,0,98,221,0,0,0,130,196,-1448,2,下位,0,0,0
179,179,0,123,387,0,0,0,965,273,-2731,2,下位,0,0,0
966,966,0,71,41,0,0,0,179,439,-2581,3,下位,0,0,0
533,533,0,74,29,1,0,0,0,0,1,0,下位,0,0,0
116,116,0,92,154,0,0,0,533,81,-778,1,下位,0,0,0
962,962,0,98,139,0,0,0,116,206,-759,2,下位,0,0,0
605,605,0,202,361,1,0,0,0,0,1,0,下位,0,0,0
276,276,0,112,200,0,0,0,605,413,-562,6,下位,0,0,0
576,576,0,109,119,0,0,0,276,252,-755,2,下位,0,0,0
848,848,0,66,116,0,0,0,576,171,-1513,2,下位,0,0,0
867,867,0,142,209,0,0,0,848,168,-2713,1,下位,0,0,0
289,289,0,148,346,0,0,0,867,261,-3850,2,下位,0,0,0
759,759,0,162,334,0,0,0,289,398,-3918,4,下位,0,0,0
496,496,0,130,293,0,0,0,759,386,-4756,3,下位,0,0,0
331,331,0,200,345,1,0,0,0,0,1,0,下位,0,0,0
660,660,0,90,81,0,0,0,331,397,-136,5,下位,0,0,0
966,966,0,101,116,0,0,0,660,133,-1068,1,下位,0,0,0
264,264,0,1103,5347,0,0,0,966,168,-2458,2,下位,0,0,0
792,792,0,102,278,1,0,0,0,0,1,0,下位,0,0,0
195,195,0,134,166,0,0,0,792,330,-946,2,下位,0,0,0
340,340,0,69,113,0,0,0,195,218,-1043,3,下位,0,0,0
149,149,0,42,7,0,0,0,340,165,-1426,1,下位,0,0,0
439,439,0,83,90,0,1,149,340,165,-1426,1,下位,0,149,59
163,163,0,42,9,0,0,0,588,142,-2173,1,下位,0,0,0
288,288,0,123,233,0,1,163,588,142,-2173,1,下位,0,163,61
858,858,0,160,196,0,0,0,451,285,-2555,3,下位,0,0,0
333,333,0,137,222,1,0,0,0,0,1,0,下位,0,0,0
508,508,0,78,104,0,0,0,333,274,-262,2,下位,0,0,0
838,838,0,134,167,1,0,0,0,0,1,0,下位,0,0,0
292,292,0,75,29,0,0,0,838,219,-1132,2,下位,0,0,0
285,285,0,84,165,0,0,0,292,81,-1522,1,下位,0,0,0
427,427,0,86,86,0,0,0,285,217,-1765,1,下位,0,0,0
327,327,0,52,65,0,0,0,427,138,-2316,1,下位,0,0,0
965,965,0,178,300,0,1,327,427,138,-2316,1,下位,0,327,117
414,414,0,52,69,0,0,0,1292,352,-3930,4,下位,0,0,0
205,205,0,51,63,0,1,414,1292,352,-3930,4,下位,0,414,121
684,684,0,114,183,0,2,619,1292,352,-3930,4,下位,0,205,115
275,275,0,81,173,1,0,0,0,0,1,0,下位,0,0,0
703,703,0,165,241,0,0,0,275,225,-218,1,下位,0,0,0
966,966,0,116,194,0,0,0,703,293,-1059,3,下位,0,0,0
380,380,0,41,3,1,0,0,0,0,1,0,下位,0,0,0
786,786,0,192,297,1,1,380,0,0,1,0,下位,0,380,55
284,284,0,847,4271,1,0,0,0,0,1,0,下位,0,0,0
103,103,0,51,61,0,0,0,284,4323,759,9,上位,0,0,0
269,269,0,51,63,0,1,103,284,4323,759,9,上位,0,103,113
474,474,0,1101,5516,0,2,372,284,4323,759,9,上位,0,269,115
451,451,0,89,75,1,0,0,0,0,1,0,下位,0,0,0
155,155,0,42,7,0,0,0,451,127,-599,1,下位,0,0,0
231,231,0,42,7,0,1,155,451,127,-599,1,下位,0,155,59
684,684,0,114,263,0,2,386,451,127,-599,1,下位,0,231,59
627,627,0,69,39,1,0,0,0,0,1,0,下位,0,0,0
244,244,0,92,76,0,0,0,627,91,-919,1,下位,0,0,0
763,763,0,1548,7807,0,0,0,244,128,-1185,1,下位,0,0,0
136,136,0,84,167,0,0,0,763,7859,765,14,上位,0,0,0
955,955,0,152,196,1,0,0,0,0,1,0,下位,0,0,0
159,159,0,52,65,0,0,0,955,248,-1291,3,下位,0,0,0
777,777,0,42,5,0,1,159,955,248,-1291,3,下位,0,159,117
918,918,0,118,179,0,2,936,955,248,-1291,3,下位,0,777,57
715,715,0,41,1,0,0,0,1854,231,-3876,2,下位,0,0,0
79,79,0,76,94,0,1,715,1854,231,-3876,2,下位,0,715,53
214,214,0,63,119,0,0,0,794,146,-4957,1,下位,0,0,0
680,680,0,86,150,1,0,0,0,0,1,0,下位,0,0,0
967,967,0,1927,10077,0,0,0,680,202,-894,1,下位,0,0,0
281,281,0,52,65,0,0,0,967,10129,748,15,上位,0,0,0
268,268,0,42,9,0,1,281,967,10129,748,15,上位,0,281,117
200,200,0,59,59,0,2,549,967,10129,748,15,上位,0,268,61
31,31,0,42,11,1,0,0,0,0,1,0,下位,0,0,0
764,764,0,70,113,1,1,31,0,0,1,0,下位,0,31,63
299,299,0,1069,5408,0,0,0,795,165,-1053,1,下位,0,0,0
382,382,0,70,112,0,0,0,299,5460,743,10,上位,0,0,0
793,793,0,159,184,1,0,0,0,0,1,0,下位,0,0,0
52,52,0,73,29,0,0,0,793,236,-1042,3,下位,0,0,0
747,747,0,1386,6893,0,0,0,52,81,-1045,1,下位,0,0,0
238,238,0,82,92,1,0,0,0,0,1,0,下位,0,0,0
257,257,0,113,123,0,0,0,238,144,-239,1,下位,0,0,0
599,599,0,86,82,0,0,0,257,175,-479,3,下位,0,0,0
78,78,0,69,115,1,0,0,0,0,1,0,下位,0,0,0
230,230,0,149,270,0,0,0,78,167,42,1,下位,0,0,0
490,490,0,42,11,0,0,0,230,322,-7,4,下位,0,0,0
447,447,0,158,257,0,1,490,230,322,-7,4,下位,0,490,63
973,973,0,41,3,0,0,0,937,309,-1146,4,下位,0,0,0
71,71,0,110,42,0,1,973,937,309,-1146,4,下位,0,973,55
146,146,0,91,146,0,0,0,1044,94,-2681,2,下位,0,0,0
131,131,0,59,49,0,0,0,146,198,-2718,1,下位,0,0,0
95,95,0,52,71,0,0,0,131,101,-2828,1,下位,0,0,0
196,196,0,1486,7721,0,1,95,131,101,-2828,1,下位,0,95,123
765,765,0,185,297,1,0,0,0,0,1,0,下位,0,0,0
80,80,0,78,30,1,0,0,0,0,1,0,下位,0,0,0
215,215,0,895,4212,0,0,0,80,82,-46,1,下位,0,0,0
373,373,0,51,63,0,0,0,215,4264,773,10,上位,0,0,0
627,627,0,1174,5540,0,1,373,215,4264,773,10,上位,0,373,115
222,222,0,68,114,0,0,0,1000,5592,769,10,上位,0,0,0
333,333,0,98,126,0,0,0,222,166,577,1,下位,0,0,0
101,101,0,113,244,1,0,0,0,0,1,0,下位,0,0,0
971,971,0,94,136,0,0,0,101,296,134,3,下位,0,0,0
814,814,0,144,305,1,0,0,0,0,1,0,下位,0,0,0
788,788,0,52,65,0,0,0,814,357,-955,4,下位,0,0,0
151,151,0,122,253,0,1,788,814,357,-955,4,下位,0,788,117
257,257,0,90,70,1,0,0,0,0,1,0,下位,0,0,0
411,411,0,146,207,0,0,0,257,122,-292,1,下位,0,0,0
78,78,0,906,4686,0,0,0,411,259,-696,3,下位,0,0,0
787,787,0,77,167,1,0,0,0,0,1,0,下位,0,0,0
300,300,0,86,84,0,0,0,787,219,-1049,1,下位,0,0,0
499,499,0,75,106,0,0,0,300,136,-1397,1,下位,0,0,0
277,277,0,104,279,0,0,0,499,158,-2044,1,下位,0,0,0
392,392,0,42,9,0,0,0,277,331,-2160,3,下位,0,0,0
226,226,0,52,65,0,1,392,277,331,-2160,3,下位,0,392,61
965,965,0,42,11,0,2,618,277,331,-2160,3,下位,0,226,117
327,327,0,52,65,0,3,1583,277,331,-2160,3,下位,0,965,63
246,246,0,94,141,0,4,1910,277,331,-2160,3,下位,0,327,117
300,300,0,76,111,0,0,0,2156,193,-5086,2,下位,0,0,0
62,62,0,116,174,0,0,0,300,163,-5407,1,下位,0,0,0
977,977,0,65,39,1,0,0,0,0,1,0,下位,0,0,0
733,733,0,74,109,0,0,0,977,91,-1484,1,下位,0,0,0
226,226,0,1236,6001,0,0,0,733,161,-2505,1,下位,0,0,0
636,636,0,121,174,1,0,0,0,0,1,0,下位,0,0,0
554,554,0,123,239,0,0,0,636,226,-799,2,下位,0,0,0
250,250,0,172,324,0,0,0,554,291,-1402,2,下位,0,0,0
795,795,0,98,130,0,0,0,250,376,-1429,4,下位,0,0,0
726,726,0,42,9,0,0,0,795,182,-2529,2,下位,0,0,0
797,797,0,1982,10322,0,1,726,795,182,-2529,2,下位,0,726,61
973,973,0,116,331,0,0,0,1523,10374,771,17,上位,0,0,0
237,237,0,94,72,0,0,0,973,383,-415,4,下位,0,0,0
674,674,0,206,337,1,0,0,0,0,1,0,下位,0,0,0
943,943,0,156,190,0,0,0,674,389,-697,5,下位,0,0,0
160,160,0,118,254,0,0,0,943,242,-1976,3,下位,0,0,0
199,199,0,132,280,0,0,0,160,306,-1928,2,下位,0,0,0
425,425,0,51,61,0,0,0,199,332,-1917,3,下位,0,0,0
172,172,0,76,109,0,1,425,199,332,-1917,3,下位,0,425,113
275,275,0,60,47,0,0,0,597,161,-2605,2,下位,0,0,0
557,557,0,102,128,1,0,0,0,0,1,0,下位,0,0,0
198,198,0,138,233,0,0,0,557,180,-717,2,下位,0,0,0
727,727,0,42,9,0,0,0,198,285,-751,3,下位,0,0,0
306,306,0,42,7,0,1,727,198,285,-751,3,下位,0,727,61
878,878,0,109,127,0,2,1033,198,285,-751,3,下位,0,306,59
768,768,0,42,7,0,0,0,1911,179,-3535,3,下位,0,0,0
865,865,0,77,99,0,1,768,1911,179,-3535,3,下位,0,768,59
739,739,0,95,52,0,0,0,1633,151,-5959,2,下位,0,0,0
220,220,0,52,67,0,0,0,739,104,-7047,2,下位,0,0,0
765,765,0,149,281,0,1,220,739,104,-7047,2,下位,0,220,119
404,404,0,42,9,0,0,0,985,333,-8184,4,下位,0,0,0
842,842,0,52,65,0,1,404,985,333,-8184,4,下位,0,404,61
132,132,0,42,5,0,2,1246,985,333,-8184,4,下位,0,842,117
233,233,0,147,247,0,3,1378,985,333,-8184,4,下位,0,132,57
689,689,0,1020,4985,1,0,0,0,0,1,0,下位,0,0,0
566,566,0,89,153,0,0,0,689,5037,763,9,上位,0,0,0
332,332,0,51,63,0,0,0,566,205,55,1,下位,0,0,0
969,969,0,102,142,0,1,332,566,205,55,1,下位,0,332,115
671,671,0,153,346,0,0,0,1301,194,-1734,1,下位,0,0,0
426,426,0,136,215,1,0,0,0,0,1,0,下位,0,0,0
549,549,0,140,285,0,0,0,426,267,-419,3,下位,0,0,0
966,966,0,92,226,0,0,0,549,337,-967,3,下位,0,0,0
360,360,0,82,90,0,0,0,966,278,-2247,2,下位,0,0,0
348,348,0,51,46,0,0,0,360,142,-2686,1,下位,0,0,0
265,265,0,42,5,0,0,0,348,98,-3149,1,下位,0,0,0
111,111,0,72,180,0,1,265,348,98,-3149,1,下位,0,265,57
329,329,0,102,127,0,0,0,376,232,-3466,1,下位,0,0,0
963,963,0,51,63,0,0,0,329,179,-3818,2,下位,0,0,0
397,397,0,98,134,0,1,963,329,179,-3818,2,下位,0,963,115
183,183,0,99,197,0,0,0,1360,186,-5710,2,下位,0,0,0
340,340,0,42,5,0,0,0,183,249,-5756,2,下位,0,0,0
343,343,0,41,3,0,1,340,183,249,-5756,2,下位,0,340,57
925,925,0,42,5,0,2,683,183,249,-5756,2,下位,0,343,55
283,283,0,140,305,0,3,1608,183,249,-5756,2,下位,0,925,57
894,894,0,98,140,1,0,0,0,0,1,0,下位,0,0,0
156,156,0,76,157,0,0,0,894,192,-1249,1,下位,0,0,0
938,938,0,78,87,0,0,0,156,209,-1292,1,下位,0,0,0
214,214,0,73,29,0,0,0,938,139,-2666,1,下位,0,0,0
225,225,0,103,132,0,0,0,214,81,-2930,1,下位,0,0,0
799,799,0,42,9,0,0,0,225,184,-3109,1,下位,0,0,0
170,170,0,93,136,0,1,799,225,184,-3109,1,下位,0,799,61
138,138,0,86,86,0,0,0,969,188,-4423,2,下位,0,0,0
968,968,0,117,174,0,0,0,138,138,-4508,1,下位,0,0,0
257,257,0,88,150,0,0,0,968,226,-5843,2,下位,0,0,0
779,779,0,168,306,1,0,0,0,0,1,0,下位,0,0,0
42,42,0,907,4816,0,0,0,779,358,-897,3,下位,0,0,0
886,886,0,100,137,0,0,0,42,3852,753,5,上位,0,0,0
533,533,0,42,9,0,0,0,886,189,-487,2,下位,0,0,0
269,269,0,120,187,0,1,533,886,189,-487,2,下位,0,533,61
144,144,0,52,65,0,0,0,802,239,-1481,3,下位,0,0,0
258,258,0,52,65,0,1,144,802,239,-1481,3,下位,0,144,117
374,374,0,96,195,0,2,402,802,239,-1481,3,下位,0,258,117
248,248,0,51,60,0,0,0,776,247,-2251,3,下位,0,0,0
588,588,0,118,196,0,1,248,776,247,-2251,3,下位,0,248,112
381,381,0,124,175,0,0,0,836,248,-3239,3,下位,0,0,0
538,538,0,136,224,0,0,0,381,227,-3627,3,下位,0,0,0
342,342,0,42,7,0,0,0,538,276,-4219,4,下位,0,0,0
248,248,0,137,208,0,1,342,538,276,-4219,4,下位,0,342,59
570,570,0,100,136,1,0,0,0,0,1,0,下位,0,0,0
967,967,0,1674,8358,0,0,0,570,188,-730,3,下位,0,0,0
162,162,0,58,64,0,0,0,967,8410,767,15,上位,0,0,0
89,89,0,52,69,0,0,0,162,116,622,1,下位,0,0,0
964,964,0,51,61,0,1,89,162,116,622,1,下位,0,89,121
682,682,0,162,403,0,2,1053,162,116,622,1,下位,0,964,113
239,239,0,42,9,0,0,0,1735,455,-1488,4,下位,0,0,0
753,753,0,110,126,0,1,239,1735,455,-1488,4,下位,0,239,61
729,729,0,111,194,1,0,0,0,0,1,0,下位,0,0,0
189,189,0,52,67,0,0,0,729,246,-929,2,下位,0,0,0
707,707,0,78,30,0,1,189,729,246,-929,2,下位,0,189,119
367,367,0,73,102,0,0,0,896,82,-2173,1,下位,0,0,0
98,98,0,842,4246,0,0,0,367,154,-2611,1,下位,0,0,0
716,716,0,42,5,0,0,0,98,4298,738,7,上位,0,0,0
422,422,0,42,9,0,1,716,98,4298,738,7,上位,0,716,57
295,295,0,169,306,0,2,1138,98,4298,738,7,上位,0,422,61
290,290,0,92,83,0,0,0,1433,358,-1098,5,下位,0,0,0
600,600,0,69,111,0,0,0,290,135,-1431,1,下位,0,0,0
604,604,0,57,48,0,0,0,600,163,-2236,1,下位,0,0,0
263,263,0,136,302,0,0,0,604,100,-3110,1,下位,0,0,0
365,365,0,1350,6817,0,0,0,263,354,-3180,3,下位,0,0,0
654,654,0,176,252,1,0,0,0,0,1,0,下位,0,0,0
971,971,0,161,421,0,0,0,654,304,-750,4,下位,0,0,0
444,444,0,155,266,0,0,0,971,473,-1843,5,下位,0,0,0
263,263,0,83,94,0,0,0,444,318,-2241,4,下位,0,0,0
216,216,0,52,65,0,0,0,263,146,-2519,1,下位,0,0,0
300,300,0,82,98,0,1,216,263,146,-2519,1,下位,0,216,117
833,833,0,98,137,0,0,0,516,150,-3084,1,下位,0,0,0
200,200,0,113,106,0,0,0,833,189,-4239,2,下位,0,0,0
95,95,0,64,130,0,0,0,200,158,-4404,2,下位,0,0,0
53,53,0,50,53,1,0,0,0,0,1,0,下位,0,0,0
318,318,0,112,178,1,1,53,0,0,1,0,下位,0,53,105
158,158,0,198,284,0,0,0,371,230,-262,2,下位,0,0,0
522,522,0,102,286,0,0,0,158,336,-181,3,下位,0,0,0
259,259,0,212,300,0,0,0,522,338,-685,2,下位,0,0,0
180,180,0,42,9,0,0,0,259,352,-751,5,下位,0,0,0
778,778,0,132,160,0,1,180,259,352,-751,5,下位,0,180,61
502,502,0,110,132,0,0,0,958,212,-2023,3,下位,0,0,0
171,171,0,58,102,0,0,0,502,184,-2649,2,下位,0,0,0
691,691,0,79,177,0,0,0,171,154,-2771,1,下位,0,0,0
332,332,0,42,5,0,0,0,691,229,-3657,1,下位,0,0,0
684,684,0,152,255,0,1,332,691,229,-3657,1,下位,0,332,57
962,962,0,116,116,0,0,0,1016,307,-4931,4,下位,0,0,0
567,567,0,176,250,0,0,0,962,168,-6315,2,下位,0,0,0
283,283,0,49,49,0,0,0,567,302,-6928,5,下位,0,0,0
447,447,0,163,271,0,1,283,567,302,-6928,5,下位,0,283,101
682,682,0,82,86,1,0,0,0,0,1,0,下位,0,0,0
966,966,0,41,3,0,0,0,682,138,-961,1,下位,0,0,0
157,157,0,164,262,0,1,966,682,138,-961,1,下位,0,966,55
367,367,0,52,67,0,0,0,1123,314,-2403,3,下位,0,0,0
838,838,0,120,155,0,1,367,1123,314,-2403,3,下位,0,367,119
118,118,0,132,288,0,0,0,1205,207,-4021,2,下位,0,0,0
976,976,0,83,163,0,0,0,118,340,-3871,3,下位,0,0,0
411,411,0,98,143,0,0,0,976,215,-5230,2,下位,0,0,0
95,95,0,72,182,0,0,0,411,195,-5698,2,下位,0,0,0
218,218,0,160,231,0,0,0,95,234,-5617,1,下位,0,0,0
963,963,0,138,72,0,0,0,218,283,-5686,3,下位,0,0,0
637,637,0,88,82,1,0,0,0,0,1,0,下位,0,0,0
453,453,0,88,86,0,0,0,637,134,-892,2,下位,0,0,0
258,258,0,89,143,0,0,0,453,138,-1485,1,下位,0,0,0
540,540,0,68,33,0,0,0,258,195,-1706,1,下位,0,0,0
181,181,0,52,71,0,0,0,540,85,-2492,1,下位,0,0,0
192,192,0,70,107,0,1,181,540,85,-2492,1,下位,0,181,123
173,173,0,52,71,0,0,0,373,159,-2812,1,下位,0,0,0
308,308,0,1336,6426,0,1,173,373,159,-2812,1,下位,0,173,123
462,462,0,656,3031,0,0,0,481,6478,756,12,上位,0,0,0
896,896,0,65,114,0,0,0,462,3083,768,6,上位,0,0,0
225,225,0,41,3,0,0,0,896,166,-511,1,下位,0,0,0
272,272,0,48,47,0,1,225,896,166,-511,1,下位,0,225,55
250,250,0,68,113,0,2,497,896,166,-511,1,下位,0,272,99
224,224,0,106,186,1,0,0,0,0,1,0,下位,0,0,0
971,971,0,140,302,0,0,0,224,238,-122,3,下位,0,0,0
291,291,0,42,11,0,0,0,971,354,-1334,3,下位,0,0,0
968,968,0,92,71,0,1,291,971,354,-1334,3,下位,0,291,63
61,61,0,42,9,0,0,0,1259,123,-3178,2,下位,0,0,0
453,453,0,42,5,0,1,61,1259,123,-3178,2,下位,0,61,61
963,963,0,52,71,0,2,514,1259,123,-3178,2,下位,0,453,57
172,172,0,107,58,0,3,1477,1259,123,-3178,2,下位,0,963,123
216,216,0,199,212,1,0,0,0,0,1,0,下位,0,0,0
949,949,0,149,348,0,0,0,216,264,-83,5,下位,0,0,0
545,545,0,105,211,0,0,0,949,400,-1214,4,下位,0,0,0
138,138,0,120,92,0,0,0,545,263,-1830,3,下位,0,0,0
601,601,0,91,238,0,0,0,138,144,-1909,2,下位,0,0,0
968,968,0,42,9,0,0,0,601,290,-2588,2,下位,0,0,0
110,110,0,128,81,0,1,968,601,290,-2588,2,下位,0,968,61
114,114,0,1694,8971,0,0,0,1078,133,-4132,3,下位,0,0,0
121,121,0,105,124,0,0,0,114,9023,751,16,上位,0,0,0
212,212,0,602,2697,0,0,0,121,176,732,2,下位,0,0,0
387,387,0,42,9,0,0,0,212,2749,761,7,上位,0,0,0
195,195,0,91,143,0,1,387,212,2749,761,7,上位,0,387,61
962,962,0,1085,5329,0,0,0,582,195,78,2,下位,0,0,0
186,186,0,93,68,0,0,0,962,5381,767,10,上位,0,0,0
210,210,0,898,4207,1,0,0,0,0,1,0,下位,0,0,0
261,261,0,42,11,0,0,0,210,4259,765,10,上位,0,0,0
265,265,0,52,67,0,1,261,210,4259,765,10,上位,0,261,63
807,807,0,132,298,0,2,526,210,4259,765,10,上位,0,265,119
233,233,0,96,133,0,0,0,1333,350,-853,3,下位,0,0,0
134,134,0,52,71,0,0,0,233,185,-1044,2,下位,0,0,0
234,234,0,52,65,0,1,134,233,185,-1044,2,下位,0,134,123
49,49,0,1074,5356,0,2,368,233,185,-1044,2,下位,0,234,117
695,695,0,1019,4918,1,0,0,0,0,1,0,下位,0,0,0
208,208,0,102,212,0,0,0,695,4970,767,9,上位,0,0,0
694,694,0,42,7,0,0,0,208,264,696,2,下位,0,0,0
719,719,0,105,138,0,1,694,208,264,696,2,下位,0,694,59
222,222,0,86,78,0,0,0,1413,190,-1334,2,下位,0,0,0
964,964,0,152,125,0,0,0,222,130,-1562,2,下位,0,0,0
156,156,0,52,65,0,0,0,964,177,-2940,3,下位,0,0,0
182,182,0,42,7,0,1,156,964,177,-2940,3,下位,0,156,117
273,273,0,78,163,0,2,338,964,177,-2940,3,下位,0,182,59
21,21,0,126,247,1,0,0,0,0,1,0,下位,0,0,0
305,305,0,152,203,0,0,0,21,299,266,3,下位,0,0,0
374,374,0,51,61,0,0,0,305,255,29,4,下位,0,0,0
254,254,0,946,4703,0,1,374,305,255,29,4,下位,0,374,113
965,965,0,52,67,0,0,0,628,4755,771,9,上位,0,0,0
972,972,0,178,374,0,1,965,628,4755,771,9,上位,0,965,119
321,321,0,52,69,1,0,0,0,0,1,0,下位,0,0,0
505,505,0,101,210,1,1,321,0,0,1,0,下位,0,321,121
503,503,0,66,108,0,0,0,826,262,-949,2,下位,0,0,0
827,827,0,60,56,0,0,0,503,160,-1600,1,下位,0,0,0
882,882,0,47,37,0,0,0,827,108,-2826,1,下位,0,0,0
199,199,0,91,67,0,1,882,827,108,-2826,1,下位,0,882,89
128,128,0,51,63,0,0,0,1081,119,-4362,2,下位,0,0,0
971,971,0,51,61,0,1,128,1081,119,-4362,2,下位,0,128,115
275,275,0,42,11,0,2,1099,1081,119,-4362,2,下位,0,971,113
500,500,0,72,32,0,3,1374,1081,119,-4362,2,下位,0,275,63
319,319,0,127,324,0,0,0,1874,84,-7009,1,下位,0,0,0
321,321,0,113,272,0,0,0,319,376,-7148,3,下位,0,0,0
859,859,0,125,246,0,0,0,321,324,-7342,2,下位,0,0,0
514,514,0,120,166,1,0,0,0,0,1,0,下位,0,0,0
331,331,0,87,155,0,0,0,514,218,-610,3,下位,0,0,0
270,270,0,86,95,0,0,0,331,207,-937,2,下位,0,0,0
813,813,0,102,131,1,0,0,0,0,1,0,下位,0,0,0
465,465,0,115,266,0,0,0,813,183,-1127,3,下位,0,0,0
964,964,0,42,11,0,0,0,465,318,-1559,2,下位,0,0,0
225,225,0,42,11,0,1,964,465,318,-1559,2,下位,0,964,63
872,872,0,57,52,0,2,1189,465,318,-1559,2,下位,0,225,63
308,308,0,42,7,0,0,0,2061,104,-4653,1,下位,0,0,0
778,778,0,99,64,0,1,308,2061,104,-4653,1,下位,0,308,59
406,406,0,86,64,0,0,0,1086,116,-6230,2,下位,0,0,0
512,512,0,73,101,0,0,0,406,116,-6769,1,下位,0,0,0
159,159,0,1990,10754,0,0,0,512,153,-7442,1,下位,0,0,0
88,88,0,67,118,1,0,0,0,0,1,0,下位,0,0,0
334,334,0,114,190,0,0,0,88,170,29,1,下位,0,0,0
613,613,0,100,138,0,0,0,334,242,-268,2,下位,0,0,0
96,96,0,106,199,0,0,0,613,190,-1067,2,下位,0,0,0
715,715,0,2010,10318,1,0,0,0,0,1,0,下位,0,0,0
264,264,0,121,173,0,0,0,715,10370,763,16,上位,0,0,0
275,275,0,42,5,0,0,0,264,225,562,2,下位,0,0,0
970,970,0,51,61,0,1,275,264,225,562,2,下位,0,275,57
966,966,0,41,3,0,2,1245,264,225,562,2,下位,0,970,113
321,321,0,94,220,0,3,2211,264,225,562,2,下位,0,966,55
284,284,0,1173,5718,0,0,0,2532,272,-3026,2,下位,0,0,0
199,199,0,90,148,0,0,0,284,5770,757,11,上位,0,0,0
127,127,0,52,68,0,0,0,199,200,636,2,下位,0,0,0
75,75,0,85,159,0,1,127,199,200,636,2,下位,0,127,120
631,631,0,94,131,1,0,0,0,0,1,0,下位,0,0,0
703,703,0,134,289,0,0,0,631,183,-834,2,下位,0,0,0
964,964,0,188,307,0,0,0,703,341,-1627,4,下位,0,0,0
874,874,0,1029,5219,1,0,0,0,0,1,0,下位,0,0,0
970,970,0,42,9,0,0,0,874,5271,760,10,上位,0,0,0
968,968,0,42,5,0,1,970,874,5271,760,10,上位,0,970,61
317,317,0,94,143,0,2,1938,874,5271,760,10,上位,0,968,57
95,95,0,854,4392,0,0,0,2255,195,-2564,1,下位,0,0,0
832,832,0,79,99,0,0,0,95,4444,756,7,上位,0,0,0
976,976,0,99,288,0,0,0,832,151,-435,1,下位,0,0,0
621,621,0,104,120,0,0,0,976,340,-1669,2,下位,0,0,0
797,797,0,70,109,1,0,0,0,0,1,0,下位,0,0,0
255,255,0,93,211,0,0,0,797,161,-1123,1,下位,0,0,0
210,210,0,141,296,0,0,0,255,263,-1271,2,下位,0,0,0
389,389,0,110,198,0,0,0,210,348,-1262,3,下位,0,0,0
297,297,0,124,179,0,0,0,389,250,-1639,2,下位,0,0,0
407,407,0,92,72,0,0,0,297,231,-1887,2,下位,0,0,0
685,685,0,70,109,1,0,0,0,0,1,0,下位,0,0,0
967,967,0,152,131,0,0,0,685,161,-943,1,下位,0,0,0
793,793,0,104,276,0,0,0,967,183,-2320,3,下位,0,0,0
843,843,0,52,69,0,0,0,793,328,-3271,2,下位,0,0,0
374,374,0,58,53,0,1,843,793,328,-3271,2,下位,0,843,121
972,972,0,1584,8077,0,0,0,1217,105,-5008,1,下位,0,0,0
970,970,0,120,173,0,0,0,972,8129,745,15,上位,0,0,0
130,130,0,84,97,1,0,0,0,0,1,0,下位,0,0,0
904,904,0,87,165,0,0,0,130,149,-60,1,下位,0,0,0
230,230,0,92,82,0,0,0,904,217,-1301,2,下位,0,0,0
177,177,0,56,60,0,0,0,230,134,-1538,1,下位,0,0,0
404,404,0,92,150,0,0,0,177,112,-1711,1,下位,0,0,0
217,217,0,42,7,0,0,0,404,202,-2161,1,下位,0,0,0
702,702,0,78,30,0,1,217,404,202,-2161,1,下位,0,217,59
178,178,0,77,165,0,0,0,919,82,-3502,1,下位,0,0,0
313,313,0,101,207,0,0,0,178,217,-3572,1,下位,0,0,0
104,104,0,62,118,1,0,0,0,0,1,0,下位,0,0,0
215,215,0,188,284,0,0,0,104,170,3,1,下位,0,0,0
180,180,0,162,249,0,0,0,215,336,-8,4,下位,0,0,0
391,391,0,52,67,0,0,0,180,301,3,4,下位,0,0,0
736,736,0,75,107,0,1,391,180,301,3,4,下位,0,391,119
142,142,0,87,90,0,0,0,1127,159,-1537,1,下位,0,0,0
125,125,0,52,65,0,0,0,142,142,-1624,1,下位,0,0,0
520,520,0,151,219,0,1,125,142,142,-1624,1,下位,0,125,117
254,254,0,912,4203,1,0,0,0,0,1,0,下位,0,0,0
200,200,0,52,65,0,0,0,254,4255,755,11,上位,0,0,0
285,285,0,42,9,0,1,200,254,4255,755,11,上位,0,200,117
727,727,0,160,410,0,2,485,254,4255,755,11,上位,0,285,61
330,330,0,1583,8122,1,0,0,0,0,1,0,下位,0,0,0
764,764,0,784,3700,0,0,0,330,8174,755,14,上位,0,0,0
688,688,0,131,309,1,0,0,0,0,1,0,下位,0,0,0
146,146,0,1569,7950,0,0,0,688,361,-748,3,下位,0,0,0
948,948,0,42,11,0,0,0,146,8002,763,13,上位,0,0,0
974,974,0,70,119,0,1,948,146,8002,763,13,上位,0,948,63
626,626,0,140,226,1,0,0,0,0,1,0,下位,0,0,0
862,862,0,165,258,0,0,0,626,278,-731,3,下位,0,0,0
285,285,0,52,67,0,0,0,862,310,-1811,4,下位,0,0,0
926,926,0,99,128,0,1,285,862,310,-1811,4,下位,0,285,119
911,911,0,104,134,0,0,0,1211,180,-3466,2,下位,0,0,0
429,429,0,42,11,0,0,0,911,186,-4749,1,下位,0,0,0
306,306,0,113,197,0,1,429,911,186,-4749,1,下位,0,429,63
491,491,0,76,166,0,0,0,735,249,-5623,3,下位,0,0,0
155,155,0,77,168,0,0,0,491,218,-6197,1,下位,0,0,0
207,207,0,81,97,1,0,0,0,0,1,0,下位,0,0,0
567,567,0,125,174,0,0,0,207,149,-184,1,下位,0,0,0
332,332,0,77,28,0,0,0,567,226,-873,3,下位,0,0,0
370,370,0,52,65,0,0,0,332,80,-1328,1,下位,0,0,0
873,873,0,42,7,0,1,370,332,80,-1328,1,下位,0,370,117
222,222,0,51,63,0,2,1243,332,80,-1328,1,下位,0,873,59
151,151,0,146,291,0,3,1465,332,80,-1328,1,下位,0,222,115
294,294,0,1598,8143,0,0,0,1616,343,-3301,3,下位,0,0,0
320,320,0,61,51,1,0,0,0,0,1,0,下位,0,0,0
94,94,0,60,55,0,0,0,320,103,-412,1,下位,0,0,0
482,482,0,68,116,0,0,0,94,107,-457,1,下位,0,0,0
715,715,0,52,69,0,0,0,482,168,-1066,1,下位,0,0,0
127,127,0,1700,8507,0,1,715,482,168,-1066,1,下位,0,715,121
965,965,0,52,69,0,0,0,842,8559,770,15,上位,0,0,0
793,793,0,128,180,0,1,965,842,8559,770,15,上位,0,965,121
367,367,0,846,3970,0,0,0,1758,232,-1712,3,下位,0,0,0
23,23,0,72,32,1,0,0,0,0,1,0,下位,0,0,0
968,968,0,1090,5373,0,0,0,23,84,48,1,下位,0,0,0
950,950,0,115,249,0,0,0,968,5425,762,10,上位,0,0,0
191,191,0,42,9,0,0,0,950,301,-469,3,下位,0,0,0
934,934,0,110,115,0,1,191,950,301,-469,3,下位,0,191,61
85,85,0,104,127,0,0,0,1125,167,-2055,2,下位,0,0,0
302,302,0,73,102,0,0,0,85,179,-2013,2,下位,0,0,0
116,116,0,104,132,0,0,0,302,154,-2346,1,下位,0,0,0
631,631,0,116,110,1,0,0,0,0,1,0,下位,0,0,0
185,185,0,1618,7992,0,0,0,631,162,-855,2,下位,0,0,0
102,102,0,70,93,0,0,0,185,8044,750,14,上位,0,0,0
209,209,0,121,174,1,0,0,0,0,1,0,下位,0,0,0
831,831,0,134,372,0,0,0,209,226,-110,2,下位,0,0,0
966,966,0,124,245,0,0,0,831,424,-1026,3,下位,0,0,0
972,972,0,39,-9,0,0,0,966,297,-2287,3,下位,0,0,0
582,582,0,1554,7735,0,1,972,966,297,-2287,3,下位,0,972,43
866,866,0,57,51,1,0,0,0,0,1,0,下位,0,0,0
238,238,0,157,266,0,0,0,866,103,-1293,1,下位,0,0,0
173,173,0,86,156,0,0,0,238,318,-1359,4,下位,0,0,0
578,578,0,42,7,0,0,0,173,208,-1430,1,下位,0,0,0
364,364,0,41,3,0,1,578,173,208,-1430,1,下位,0,578,59
236,236,0,191,354,0,2,942,173,208,-1430,1,下位,0,364,55
275,275,0,108,195,0,0,0,1178,406,-2810,5,下位,0,0,0
310,310,0,74,181,1,0,0,0,0,1,0,下位,0,0,0
224,224,0,97,75,0,0,0,310,233,-266,1,下位,0,0,0
283,283,0,88,83,0,0,0,224,127,-500,2,下位,0,0,0
942,942,0,174,382,0,0,0,283,135,-821,2,下位,0,0,0
254,254,0,84,153,0,0,0,942,434,-1906,5,下位,0,0,0
755,755,0,82,88,0,0,0,254,205,-2111,1,下位,0,0,0
158,158,0,52,67,0,0,0,755,140,-3189,1,下位,0,0,0
460,460,0,94,72,0,1,158,755,140,-3189,1,下位,0,158,119
479,479,0,166,329,0,0,0,618,124,-3943,1,下位,0,0,0
693,693,0,94,151,1,0,0,0,0,1,0,下位,0,0,0
283,283,0,170,257,0,0,0,693,203,-914,2,下位,0,0,0
141,141,0,120,181,0,0,0,283,309,-1061,4,下位,0,0,0
277,277,0,71,41,0,0,0,141,233,-1055,3,下位,0,0,0
688,688,0,219,313,0,0,0,277,93,-1409,1,下位,0,0,0
429,429,0,920,4470,1,0,0,0,0,1,0,下位,0,0,0
747,747,0,56,48,0,0,0,429,4522,755,9,上位,0,0,0
302,302,0,42,9,0,0,0,747,100,-350,1,下位,0,0,0
404,404,0,170,180,0,1,302,747,100,-350,1,下位,0,302,61
424,424,0,181,307,1,0,0,0,0,1,0,下位,0,0,0
965,965,0,1044,4927,0,0,0,424,359,-324,4,下位,0,0,0
651,651,0,1120,4994,0,0,0,965,4979,750,10,上位,0,0,0
551,551,0,149,273,1,0,0,0,0,1,0,下位,0,0,0
459,459,0,62,118,0,0,0,551,325,-563,3,下位,0,0,0
973,973,0,65,125,0,0,0,459,170,-1133,1,下位,0,0,0
973,973,0,51,61,0,0,0,973,177,-2525,1,下位,0,0,0
741,741,0,161,185,0,1,973,973,177,-2525,1,下位,0,973,113
317,317,0,90,86,1,0,0,0,0,1,0,下位,0,0,0
209,209,0,160,250,0,0,0,317,138,-372,1,下位,0,0,0
507,507,0,52,69,0,0,0,209,302,-407,5,下位,0,0,0
245,245,0,204,330,0,1,507,209,302,-407,5,下位,0,507,121
388,388,0,1135,5588,0,0,0,752,382,-1117,4,下位,0,0,0
226,226,0,82,166,1,0,0,0,0,1,0,下位,0,0,0
356,356,0,118,254,0,0,0,226,218,-146,1,下位,0,0,0
443,443,0,141,207,1,0,0,0,0,1,0,下位,0,0,0
768,768,0,69,117,0,0,0,443,259,-455,3,下位,0,0,0
78,78,0,72,32,0,0,0,768,169,-1525,1,下位,0,0,0
610,610,0,176,232,1,0,0,0,0,1,0,下位,0,0,0
132,132,0,127,213,0,0,0,610,284,-699,4,下位,0,0,0
113,113,0,97,137,0,0,0,132,265,-647,4,下位,0,0,0
137,137,0,163,194,0,0,0,113,189,-640,1,下位,0,0,0
546,546,0,76,168,1,0,0,0,0,1,0,下位,0,0,0
851,851,0,83,81,0,0,0,546,220,-660,1,下位,0,0,0
744,744,0,78,99,0,0,0,851,133,-1900,2,下位,0,0,0
516,516,0,80,91,0,0,0,744,151,-2949,1,下位,0,0,0
388,388,0,131,222,0,0,0,516,143,-3638,1,下位,0,0,0
344,344,0,97,135,0,0,0,388,274,-3990,3,下位,0,0,0
266,266,0,994,5003,1,0,0,0,0,1,0,下位,0,0,0
816,816,0,120,177,0,0,0,266,5055,756,9,上位,0,0,0
537,537,0,124,177,0,0,0,816,229,-331,3,下位,0,0,0
514,514,0,80,172,1,0,0,0,0,1,0,下位,0,0,0
144,144,0,103,128,0,0,0,514,224,-604,1,下位,0,0,0
204,204,0,63,52,0,0,0,144,180,-656,1,下位,0,0,0
358,358,0,174,169,0,0,0,204,104,-881,1,下位,0,0,0
244,244,0,134,300,0,0,0,358,221,-1237,4,下位,0,0,0
334,334,0,51,63,1,0,0,0,0,1,0,下位,0,0,0
305,305,0,104,131,1,1,334,0,0,1,0,下位,0,334,115
307,307,0,64,43,0,0,0,639,183,-732,2,下位,0,0,0
274,274,0,143,221,0,0,0,307,95,-1132,1,下位,0,0,0
228,228,0,94,78,1,0,0,0,0,1,0,下位,0,0,0
96,96,0,52,69,0,0,0,228,130,-237,1,下位,0,0,0
214,214,0,203,348,0,1,96,228,130,-237,1,下位,0,96,121
266,266,0,42,9,0,0,0,310,400,-216,5,下位,0,0,0
272,272,0,65,34,0,1,266,310,400,-216,5,下位,0,266,61
834,834,0,41,1,0,0,0,538,86,-937,1,下位,0,0,0
310,310,0,83,174,0,1,834,538,86,-937,1,下位,0,834,53
448,448,0,74,104,1,0,0,0,0,1,0,下位,0,0,0
968,968,0,70,117,0,0,0,448,156,-566,1,下位,0,0,0
270,270,0,154,265,1,0,0,0,0,1,0,下位,0,0,0
738,738,0,94,78,0,0,0,270,317,-117,3,下位,0,0,0
931,931,0,992,4910,0,0,0,738,130,-1177,1,下位,0,0,0
586,586,0,62,33,0,0,0,931,4962,748,10,上位,0,0,0
580,580,0,956,4744,1,0,0,0,0,1,0,下位,0,0,0
333,333,0,51,63,0,0,0,580,4796,763,9,上位,0,0,0
743,743,0,78,95,0,1,333,580,4796,763,9,上位,0,333,115
770,770,0,176,241,1,0,0,0,0,1,0,下位,0,0,0
876,876,0,69,109,0,0,0,770,293,-948,3,下位,0,0,0
165,165,0,139,158,0,0,0,876,161,-2200,1,下位,0,0,0
261,261,0,88,145,0,0,0,165,210,-2256,3,下位,0,0,0
557,557,0,1368,7123,0,0,0,261,197,-2480,1,下位,0,0,0
775,775,0,74,31,1,0,0,0,0,1,0,下位,0,0,0
529,529,0,52,67,0,0,0,775,83,-1166,1,下位,0,0,0
983,983,0,127,242,0,1,529,775,83,-1166,1,下位,0,529,119
738,738,0,86,88,0,0,0,1512,294,-3191,3,下位,0,0,0
314,314,0,189,293,0,0,0,738,140,-4241,1,下位,0,0,0
199,199,0,120,257,0,0,0,314,345,-4402,4,下位,0,0,0
531,531,0,956,4736,1,0,0,0,0,1,0,下位,0,0,0
340,340,0,66,123,0,0,0,531,4788,774,8,上位,0,0,0
334,334,0,1386,6300,0,0,0,340,175,401,1,下位,0,0,0
624,624,0,130,161,0,0,0,334,6352,747,12,上位,0,0,0
524,524,0,156,274,0,0,0,624,213,-46,2,下位,0,0,0
331,331,0,112,112,0,0,0,524,326,-565,4,下位,0,0,0
423,423,0,70,29,0,0,0,331,164,-935,3,下位,0,0,0
174,174,0,193,372,0,0,0,423,81,-1536,1,下位,0,0,0
590,590,0,92,80,0,0,0,174,424,-1393,7,下位,0,0,0
340,340,0,51,63,0,0,0,590,132,-2213,1,下位,0,0,0
238,238,0,187,285,0,1,340,590,132,-2213,1,下位,0,340,115
471,471,0,124,329,1,0,0,0,0,1,0,下位,0,0,0
111,111,0,42,5,0,0,0,471,381,-378,3,下位,0,0,0
675,675,0,42,9,0,1,111,471,381,-378,3,下位,0,111,57
157,157,0,64,91,0,2,786,471,381,-378,3,下位,0,675,61
385,385,0,1214,6110,0,0,0,943,143,-1638,1,下位,0,0,0
232,232,0,126,171,1,0,0,0,0,1,0,下位,0,0,0
49,49,0,42,7,0,0,0,232,223,-150,3,下位,0,0,0
282,282,0,79,167,0,1,49,232,223,-150,3,下位,0,49,59
82,82,0,894,4417,0,0,0,331,219,-406,1,下位,0,0,0
856,856,0,68,116,0,0,0,82,4469,766,7,上位,0,0,0
889,889,0,42,7,0,0,0,856,168,-447,1,下位,0,0,0
310,310,0,1017,4851,0,1,889,856,168,-447,1,下位,0,889,59
65,65,0,524,2521,0,0,0,1199,4903,751,10,上位,0,0,0
231,231,0,52,67,0,0,0,65,2573,769,7,上位,0,0,0
190,190,0,42,9,0,1,231,65,2573,769,7,上位,0,231,119
472,472,0,42,9,0,2,421,65,2573,769,7,上位,0,190,61
692,692,0,42,5,0,3,893,65,2573,769,7,上位,0,472,61
823,823,0,58,57,0,4,1585,65,2573,769,7,上位,0,692,57
99,99,0,41,4,1,0,0,0,0,1,0,下位,0,0,0
802,802,0,81,95,1,1,99,0,0,1,0,下位,0,99,56
277,277,0,149,272,0,0,0,901,147,-1250,2,下位,0,0,0
258,258,0,100,210,0,0,0,277,324,-1373,4,下位,0,0,0
380,380,0,51,63,0,0,0,258,262,-1527,2,下位,0,0,0
625,625,0,186,371,0,1,380,258,262,-1527,2,下位,0,380,115
425,425,0,180,238,1,0,0,0,0,1,0,下位,0,0,0
149,149,0,80,95,0,0,0,425,290,-394,3,下位,0,0,0
333,333,0,78,108,0,0,0,149,147,-487,1,下位,0,0,0
315,315,0,118,175,0,0,0,333,160,-864,1,下位,0,0,0
286,286,0,78,173,0,0,0,315,227,-1145,3,下位,0,0,0
285,285,0,63,46,0,0,0,286,225,-1381,1,下位,0,0,0
748,748,0,42,7,0,0,0,285,98,-1743,1,下位,0,0,0
970,970,0,96,224,0,1,748,285,98,-1743,1,下位,0,748,59
320,320,0,52,67,0,0,0,1718,276,-4179,2,下位,0,0,0
757,757,0,56,37,0,1,320,1718,276,-4179,2,下位,0,320,119
225,225,0,126,341,0,0,0,1077,89,-5708,1,下位,0,0,0
627,627,0,119,311,1,0,0,0,0,1,0,下位,0,0,0
228,228,0,58,62,0,0,0,627,363,-647,3,下位,0,0,0
462,462,0,95,143,0,0,0,228,114,-901,1,下位,0,0,0
111,111,0,82,92,0,0,0,462,195,-1451,1,下位,0,0,0
845,845,0,67,108,0,0,0,111,144,-1486,1,下位,0,0,0
795,795,0,122,183,1,0,0,0,0,1,0,下位,0,0,0
329,329,0,125,171,0,0,0,795,235,-1046,2,下位,0,0,0
677,677,0,70,31,0,0,0,329,223,-1354,3,下位,0,0,0
188,188,0,51,63,0,0,0,677,83,-2363,1,下位,0,0,0
356,356,0,174,387,0,1,188,677,83,-2363,1,下位,0,188,115
203,203,0,52,65,0,0,0,544,439,-2686,4,下位,0,0,0
241,241,0,78,89,0,1,203,544,439,-2686,4,下位,0,203,117
61,61,0,42,9,0,0,0,444,141,-3144,1,下位,0,0,0
297,297,0,135,160,0,1,61,444,141,-3144,1,下位,0,61,61
261,261,0,71,113,0,0,0,358,212,-3448,2,下位,0,0,0
93,93,0,51,63,0,0,0,261,165,-3704,1,下位,0,0,0
54,54,0,42,11,0,1,93,261,165,-3704,1,下位,0,93,115
972,972,0,52,65,0,2,147,261,165,-3704,1,下位,0,54,63
415,415,0,80,169,0,3,1119,261,165,-3704,1,下位,0,972,117
419,419,0,966,4454,1,0,0,0,0,1,0,下位,0,0,0
100,100,0,42,11,0,0,0,419,4506,759,10,上位,0,0,0
121,121,0,42,7,0,1,100,419,4506,759,10,上位,0,100,63
237,237,0,212,330,0,2,221,419,4506,759,10,上位,0,121,59
235,235,0,60,51,0,0,0,458,382,525,6,下位,0,0,0
613,613,0,128,228,0,0,0,235,103,249,1,下位,0,0,0
601,601,0,70,23,1,0,0,0,0,1,0,下位,0,0,0
742,742,0,152,208,0,0,0,601,75,-893,1,下位,0,0,0
64,64,0,64,45,0,0,0,742,260,-1830,4,下位,0,0,0
612,612,0,121,322,0,0,0,64,97,-1836,1,下位,0,0,0
229,229,0,92,68,0,0,0,612,374,-2449,4,下位,0,0,0
133,133,0,114,109,0,0,0,229,120,-2698,1,下位,0,0,0
962,962,0,52,69,0,0,0,133,161,-2752,2,下位,0,0,0
219,219,0,163,254,0,1,962,133,161,-2752,2,下位,0,962,121
184,184,0,42,9,0,0,0,1181,306,-4230,3,下位,0,0,0
704,704,0,51,60,0,1,184,1181,306,-4230,3,下位,0,184,61
964,964,0,80,105,0,2,888,1181,306,-4230,3,下位,0,704,112
288,288,0,41,4,0,0,0,1852,157,-6887,1,下位,0,0,0
96,96,0,110,196,0,1,288,1852,157,-6887,1,下位,0,288,56
806,806,0,146,281,0,0,0,384,248,-7203,2,下位,0,0,0
181,181,0,95,135,0,0,0,806,333,-8170,4,下位,0,0,0
909,909,0,120,167,1,0,0,0,0,1,0,下位,0,0,0
288,288,0,58,55,0,0,0,909,219,-1246,2,下位,0,0,0
176,176,0,149,142,0,0,0,288,107,-1604,1,下位,0,0,0
273,273,0,72,181,0,0,0,176,194,-1694,3,下位,0,0,0
360,360,0,191,358,0,0,0,273,233,-1901,1,下位,0,0,0
558,558,0,41,1,0,0,0,360,410,-2072,4,下位,0,0,0
189,189,0,1506,7829,0,1,558,360,410,-2072,4,下位,0,558,53
284,284,0,51,63,1,0,0,0,0,1,0,下位,0,0,0
166,166,0,142,289,1,1,284,0,0,1,0,下位,0,284,115
529,529,0,128,242,0,0,0,450,341,-269,3,下位,0,0,0
170,170,0,51,60,0,0,0,529,294,-828,3,下位,0,0,0
308,308,0,64,33,0,1,170,529,294,-828,3,下位,0,170,112
609,609,0,1209,6236,0,0,0,478,85,-1402,1,下位,0,0,0
515,515,0,73,105,0,0,0,609,6288,747,11,上位,0,0,0
726,726,0,102,122,0,0,0,515,157,73,1,下位,0,0,0
965,965,0,42,5,0,0,0,726,174,-924,3,下位,0,0,0
666,666,0,52,65,0,1,965,726,174,-924,3,下位,0,965,57
293,293,0,42,5,0,2,1631,726,174,-924,3,下位,0,666,117
966,966,0,185,341,0,3,1924,726,174,-924,3,下位,0,293,57
910,910,0,157,383,1,0,0,0,0,1,0,下位,0,0,0
398,398,0,162,178,0,0,0,910,435,-1032,4,下位,0,0,0
915,915,0,81,157,0,0,0,398,230,-1444,3,下位,0,0,0
725,725,0,138,305,0,0,0,915,209,-2711,2,下位,0,0,0
191,191,0,70,41,0,0,0,725,357,-3523,4,下位,0,0,0
293,293,0,51,63,0,0,0,191,93,-3738,1,下位,0,0,0
269,269,0,67,29,0,1,293,191,93,-3738,1,下位,0,293,115
866,866,0,52,71,0,0,0,562,81,-4449,1,下位,0,0,0
352,352,0,103,135,0,1,866,562,81,-4449,1,下位,0,866,123
965,965,0,52,67,0,0,0,1218,187,-6104,2,下位,0,0,0
359,359,0,156,185,0,1,965,1218,187,-6104,2,下位,0,965,119
625,625,0,195,343,1,0,0,0,0,1,0,下位,0,0,0
309,309,0,140,291,0,0,0,625,395,-612,4,下位,0,0,0
963,963,0,1354,6878,0,0,0,309,343,-767,4,下位,0,0,0
463,463,0,42,11,0,0,0,963,6930,753,12,上位,0,0,0
913,913,0,50,59,0,1,463,963,6930,753,12,上位,0,463,63
148,148,0,60,53,0,2,1376,963,6930,753,12,上位,0,913,111
498,498,0,1167,6132,0,0,0,1524,105,-1427,1,下位,0,0,0
355,355,0,108,115,1,0,0,0,0,1,0,下位,0,0,0
128,128,0,41,3,0,0,0,355,167,-405,2,下位,0,0,0
145,145,0,41,3,0,1,128,355,167,-405,2,下位,0,128,55
150,150,0,69,109,0,2,273,355,167,-405,2,下位,0,145,55
452,452,0,85,161,0,0,0,423,161,-816,1,下位,0,0,0
967,967,0,51,63,0,0,0,452,213,-1332,1,下位,0,0,0
803,803,0,134,171,0,1,967,452,213,-1332,1,下位,0,967,115
178,178,0,42,5,1,0,0,0,0,1,0,下位,0,0,0
250,250,0,183,284,1,1,178,0,0,1,0,下位,0,178,57
244,244,0,74,105,0,0,0,428,336,-296,4,下位,0,0,0
584,584,0,143,217,0,0,0,244,157,-533,1,下位,0,0,0
466,466,0,130,159,0,0,0,584,269,-1206,2,下位,0,0,0
257,257,0,182,293,0,0,0,466,211,-1747,3,下位,0,0,0
980,980,0,42,5,0,0,0,257,345,-1817,4,下位,0,0,0
234,234,0,124,336,0,1,980,257,345,-1817,4,下位,0,980,57
480,480,0,72,179,0,0,0,1214,388,-3330,3,下位,0,0,0
75,75,0,84,91,0,0,0,480,231,-3873,1,下位,0,0,0
56,56,0,1006,5427,0,0,0,75,143,-3851,1,下位,0,0,0
435,435,0,88,159,1,0,0,0,0,1,0,下位,0,0,0
179,179,0,80,81,0,0,0,435,211,-490,2,下位,0,0,0
366,366,0,110,119,0,0,0,179,133,-646,2,下位,0,0,0
558,558,0,140,212,0,0,0,366,171,-1065,3,下位,0,0,0
96,96,0,158,325,1,0,0,0,0,1,0,下位,0,0,0
189,189,0,74,38,0,0,0,96,377,223,4,下位,0,0,0
393,393,0,119,162,0,0,0,189,90,8,1,下位,0,0,0
323,323,0,74,99,0,0,0,393,214,-412,2,下位,0,0,0
265,265,0,228,314,0,0,0,323,151,-782,1,下位,0,0,0
968,968,0,51,61,0,0,0,265,366,-843,5,下位,0,0,0
985,985,0,99,213,0,1,968,265,366,-843,5,下位,0,968,113
93,93,0,1400,7616,0,0,0,1953,265,-3615,2,下位,0,0,0
88,88,0,66,30,0,0,0,93,7668,751,10,上位,0,0,0
141,141,0,173,170,0,0,0,88,82,691,1,下位,0,0,0
243,243,0,193,278,1,0,0,0,0,1,0,下位,0,0,0
271,271,0,197,360,0,0,0,243,330,-61,5,下位,0,0,0
897,897,0,42,5,0,0,0,271,412,-86,5,下位,0,0,0
520,520,0,125,221,0,1,897,271,412,-86,5,下位,0,897,57
208,208,0,42,9,0,0,0,1417,273,-2042,3,下位,0,0,0
189,189,0,51,61,0,1,208,1417,273,-2042,3,下位,0,208,61
966,966,0,148,289,0,2,397,1417,273,-2042,3,下位,0,189,113
855,855,0,83,85,0,0,0,1363,341,-3725,4,下位,0,0,0
386,386,0,168,319,1,0,0,0,0,1,0,下位,0,0,0
312,312,0,86,87,0,0,0,386,371,-251,5,下位,0,0,0
426,426,0,111,171,0,0,0,312,139,-615,1,下位,0,0,0
559,559,0,105,193,0,0,0,426,223,-1079,2,下位,0,0,0
200,200,0,129,171,0,0,0,559,245,-1736,2,下位,0,0,0
362,362,0,182,220,0,0,0,200,223,-1836,2,下位,0,0,0
822,822,0,107,197,0,0,0,362,272,-2148,3,下位,0,0,0
199,199,0,79,97,0,0,0,822,249,-3225,2,下位,0,0,0
433,433,0,74,175,0,0,0,199,149,-3397,2,下位,0,0,0
271,271,0,74,101,0,0,0,433,227,-3868,1,下位,0,0,0
834,834,0,78,172,0,0,0,271,153,-4152,1,下位,0,0,0
969,969,0,68,113,0,0,0,834,224,-5273,1,下位,0,0,0
28,28,0,51,64,1,0,0,0,0,1,0,下位,0,0,0
273,273,0,42,9,1,1,28,0,0,1,0,下位,0,28,116
971,971,0,126,93,1,2,301,0,0,1,0,下位,0,273,61
202,202,0,60,107,1,0,0,0,0,1,0,下位,0,0,0
635,635,0,92,78,0,0,0,202,159,-166,1,下位,0,0,0
227,227,0,130,265,0,0,0,635,130,-1060,2,下位,0,0,0
504,504,0,155,187,1,0,0,0,0,1,0,下位,0,0,0
341,341,0,84,90,0,0,0,504,239,-573,3,下位,0,0,0
275,275,0,106,122,0,0,0,341,142,-981,2,下位,0,0,0
97,97,0,42,5,1,0,0,0,0,1,0,下位,0,0,0
248,248,0,174,404,1,1,97,0,0,1,0,下位,0,97,57
271,271,0,62,42,0,0,0,345,456,-42,4,下位,0,0,0
508,508,0,57,50,1,0,0,0,0,1,0,下位,0,0,0
193,193,0,136,214,0,0,0,508,102,-716,1,下位,0,0,0
358,358,0,103,126,0,0,0,193,266,-761,2,下位,0,0,0
60,60,0,123,167,1,0,0,0,0,1,0,下位,0,0,0
66,66,0,759,3818,0,0,0,60,219,123,3,下位,0,0,0
653,653,0,106,212,0,0,0,66,3870,766,5,上位,0,0,0
121,121,0,99,50,0,0,0,653,264,-23,2,下位,0,0,0
539,539,0,120,246,0,0,0,121,102,-116,2,下位,0,0,0
283,283,0,42,7,1,0,0,0,0,1,0,下位,0,0,0
302,302,0,72,23,1,1,283,0,0,1,0,下位,0,283,59
363,363,0,85,152,0,0,0,585,75,-808,1,下位,0,0,0
180,180,0,1053,4878,1,0,0,0,0,1,0,下位,0,0,0
505,505,0,89,82,0,0,0,180,4930,766,10,上位,0,0,0
93,93,0,120,255,1,0,0,0,0,1,0,下位,0,0,0
345,345,0,194,354,0,0,0,93,307,159,3,下位,0,0,0
417,417,0,129,164,1,0,0,0,0,1,0,下位,0,0,0
299,299,0,52,67,0,0,0,417,216,-456,2,下位,0,0,0
774,774,0,80,91,0,1,299,417,216,-456,2,下位,0,299,119
31,31,0,126,174,1,0,0,0,0,1,0,下位,0,0,0
452,452,0,98,210,1,0,0,0,0,1,0,下位,0,0,0
724,724,0,80,84,0,0,0,452,262,-466,2,下位,0,0,0
182,182,0,175,235,1,0,0,0,0,1,0,下位,0,0,0
669,669,0,132,306,1,0,0,0,0,1,0,下位,0,0,0
781,781,0,136,150,1,0,0,0,0,1,0,下位,0,0,0
352,352,0,87,227,1,0,0,0,0,1,0,下位,0,0,0
35,35,0,139,230,1,0,0,0,0,1,0,下位,0,0,0
693,693,0,189,279,1,0,0,0,0,1,0,下位,0,0,0
339,339,0,104,205,0,0,0,693,331,-786,4,下位,0,0,0
209,209,0,63,37,1,0,0,0,0,1,0,下位,0,0,0
966,966,0,98,221,0,0,0,209,89,-247,1,下位,0,0,0
283,283,0,82,81,1,0,0,0,0,1,0,下位,0,0,0
754,754,0,153,203,1,0,0,0,0,1,0,下位,0,0,0
311,311,0,51,61,1,0,0,0,0,1,0,下位,0,0,0
342,342,0,67,122,1,1,311,0,0,1,0,下位,0,311,113
192,192,0,128,224,1,0,0,0,0,1,0,下位,0,0,0
185,185,0,73,99,0,0,0,192,276,-33,4,下位,0,0,0
196,196,0,72,43,0,0,0,185,151,-180,1,下位,0,0,0
288,288,0,95,145,1,0,0,0,0,1,0,下位,0,0,0
396,396,0,72,24,0,0,0,288,197,-267,2,下位,0,0,0
249,249,0,75,178,0,0,0,396,76,-830,1,下位,0,0,0
472,472,0,42,11,0,0,0,249,230,-1002,1,下位,0,0,0
294,294,0,90,81,0,1,472,249,230,-1002,1,下位,0,472,63
227,227,0,80,93,1,0,0,0,0,1,0,下位,0,0,0
670,670,0,1552,7949,1,0,0,0,0,1,0,下位,0,0,0
927,927,0,161,193,0,0,0,670,8001,736,12,上位,0,0,0
407,407,0,68,48,0,0,0,927,245,-514,3,下位,0,0,0
965,965,0,130,237,0,0,0,407,100,-1070,1,下位,0,0,0
227,227,0,42,11,1,0,0,0,0,1,0,下位,0,0,0
171,171,0,157,199,1,1,227,0,0,1,0,下位,0,227,63
769,769,0,83,167,1,0,0,0,0,1,0,下位,0,0,0
319,319,0,42,7,0,0,0,769,219,-1020,2,下位,0,0,0
53,53,0,90,146,0,1,319,769,219,-1020,2,下位,0,319,59
184,184,0,138,226,1,0,0,0,0,1,0,下位,0,0,0
961,961,0,137,158,0,0,0,184,278,-18,3,下位,0,0,0
300,300,0,86,80,1,0,0,0,0,1,0,下位,0,0,0
393,393,0,942,4855,0,0,0,300,132,-351,1,下位,0,0,0
82,82,0,52,65,0,0,0,393,4907,754,8,上位,0,0,0
113,113,0,76,178,0,1,82,393,4907,754,8,上位,0,82,117
859,859,0,90,204,0,0,0,195,230,787,1,下位,0,0,0
256,256,0,42,11,0,0,0,859,256,-342,2,下位,0,0,0
329,329,0,52,67,0,1,256,859,256,-342,2,下位,0,256,63
134,134,0,66,41,0,2,585,859,256,-342,2,下位,0,329,119
241,241,0,190,214,1,0,0,0,0,1,0,下位,0,0,0
965,965,0,41,1,0,0,0,241,266,-122,3,下位,0,0,0
762,762,0,182,293,0,1,965,241,266,-122,3,下位,0,965,53
159,159,0,52,65,0,0,0,1727,345,-2509,4,下位,0,0,0
414,414,0,166,184,0,1,159,1727,345,-2509,4,下位,0,159,117
73,73,0,120,182,1,0,0,0,0,1,0,下位,0,0,0
971,971,0,113,186,0,0,0,73,234,117,2,下位,0,0,0
168,168,0,68,124,0,0,0,971,238,-1211,2,下位,0,0,0
502,502,0,229,305,1,0,0,0,0,1,0,下位,0,0,0
252,252,0,52,71,0,0,0,502,357,-452,5,下位,0,0,0
248,248,0,98,134,0,1,252,502,357,-452,5,下位,0,252,123
995,995,0,67,114,1,0,0,0,0,1,0,下位,0,0,0
968,968,0,156,189,0,0,0,995,166,-1438,1,下位,0,0,0
113,113,0,102,214,1,0,0,0,0,1,0,下位,0,0,0
630,630,0,964,4779,0,0,0,113,266,85,2,下位,0,0,0
561,561,0,103,128,1,0,0,0,0,1,0,下位,0,0,0
93,93,0,102,121,0,0,0,561,180,-724,1,下位,0,0,0
895,895,0,125,386,1,0,0,0,0,1,0,下位,0,0,0
202,202,0,1266,5930,0,0,0,895,438,-1005,3,下位,0,0,0
583,583,0,52,69,0,0,0,202,5982,761,12,上位,0,0,0
137,137,0,41,1,0,1,583,202,5982,761,12,上位,0,583,121
213,213,0,115,91,0,2,720,202,5982,761,12,上位,0,137,53
691,691,0,62,48,1,0,0,0,0,1,0,下位,0,0,0
966,966,0,162,243,0,0,0,691,100,-1014,1,下位,0,0,0
610,610,0,118,111,1,0,0,0,0,1,0,下位,0,0,0
254,254,0,70,117,0,0,0,610,163,-820,2,下位,0,0,0
370,370,0,70,111,0,0,0,254,169,-1061,1,下位,0,0,0
891,891,0,52,65,0,0,0,370,163,-1495,1,下位,0,0,0
336,336,0,75,93,0,1,891,370,163,-1495,1,下位,0,891,117
536,536,0,154,351,0,0,0,1227,145,-3212,1,下位,0,0,0
355,355,0,75,103,1,0,0,0,0,1,0,下位,0,0,0
602,602,0,146,300,0,0,0,355,155,-417,1,下位,0,0,0
968,968,0,125,165,0,0,0,602,352,-1036,4,下位,0,0,0
391,391,0,140,293,1,0,0,0,0,1,0,下位,0,0,0
887,887,0,71,106,0,0,0,391,345,-285,3,下位,0,0,0
304,304,0,106,146,0,0,0,887,158,-1558,1,下位,0,0,0
222,222,0,118,243,1,0,0,0,0,1,0,下位,0,0,0
297,297,0,71,30,0,0,0,222,295,-62,3,下位,0,0,0
968,968,0,51,61,0,0,0,297,82,-459,1,下位,0,0,0
967,967,0,98,137,0,1,968,297,82,-459,1,下位,0,968,113
923,923,0,106,272,0,0,0,1935,189,-3278,2,下位,0,0,0
278,278,0,72,38,0,0,0,923,324,-4443,3,下位,0,0,0
269,269,0,74,95,0,0,0,278,90,-4801,1,下位,0,0,0
946,946,0,93,146,0,0,0,269,147,-5088,1,下位,0,0,0
601,601,0,102,126,1,0,0,0,0,1,0,下位,0,0,0
356,356,0,87,78,0,0,0,601,178,-790,2,下位,0,0,0
859,859,0,97,148,0,0,0,356,130,-1234,1,下位,0,0,0
235,235,0,75,95,0,0,0,859,200,-2419,2,下位,0,0,0
928,928,0,41,1,0,0,0,235,147,-2651,1,下位,0,0,0
120,120,0,51,63,0,1,928,235,147,-2651,1,下位,0,928,53
382,382,0,42,5,0,2,1048,235,147,-2651,1,下位,0,120,115
185,185,0,1549,7982,0,3,1430,235,147,-2651,1,下位,0,382,57
296,296,0,72,42,0,0,0,1615,8034,763,14,上位,0,0,0
387,387,0,930,4487,1,0,0,0,0,1,0,下位,0,0,0
560,560,0,41,1,0,0,0,387,4539,769,9,上位,0,0,0
66,66,0,52,69,0,1,560,387,4539,769,9,上位,0,560,53
924,924,0,250,262,0,2,626,387,4539,769,9,上位,0,66,121
310,310,0,867,4056,1,0,0,0,0,1,0,下位,0,0,0
308,308,0,250,205,1,0,0,0,0,1,0,下位,0,0,0
136,136,0,79,19,0,0,0,308,257,-239,7,下位,0,0,0
212,212,0,166,241,0,0,0,136,71,-387,2,下位,0,0,0
893,893,0,67,111,1,0,0,0,0,1,0,下位,0,0,0
965,965,0,95,223,0,0,0,893,163,-1276,1,下位,0,0,0
72,72,0,100,57,0,0,0,965,275,-2557,2,下位,0,0,0
189,189,0,207,333,1,0,0,0,0,1,0,下位,0,0,0
505,505,0,113,195,0,0,0,189,385,81,6,下位,0,0,0
197,197,0,114,117,1,0,0,0,0,1,0,下位,0,0,0
878,878,0,1239,6227,0,0,0,197,169,-148,2,下位,0,0,0
583,583,0,81,92,1,0,0,0,0,1,0,下位,0,0,0
696,696,0,125,160,0,0,0,583,144,-795,1,下位,0,0,0
137,137,0,94,147,0,0,0,696,212,-1706,2,下位,0,0,0
965,965,0,77,108,0,0,0,137,199,-1728,2,下位,0,0,0
314,314,0,42,5,1,0,0,0,0,1,0,下位,0,0,0
894,894,0,77,104,1,1,314,0,0,1,0,下位,0,314,57
50,50,0,42,5,0,0,0,1208,156,-1734,1,下位,0,0,0
182,182,0,92,145,0,1,50,1208,156,-1734,1,下位,0,50,57
632,632,0,73,32,1,0,0,0,0,1,0,下位,0,0,0
580,580,0,1343,6497,0,0,0,632,84,-934,1,下位,0,0,0
403,403,0,80,84,0,0,0,580,6549,767,13,上位,0,0,0
142,142,0,659,3004,0,0,0,403,136,253,1,下位,0,0,0
651,651,0,79,95,1,0,0,0,0,1,0,下位,0,0,0
245,245,0,97,146,0,0,0,651,147,-902,1,下位,0,0,0
126,126,0,82,92,0,0,0,245,198,-1099,2,下位,0,0,0
332,332,0,1250,6369,0,0,0,126,144,-1158,1,下位,0,0,0
232,232,0,72,92,0,0,0,332,6421,755,12,上位,0,0,0
395,395,0,99,135,0,0,0,232,144,525,1,下位,0,0,0
86,86,0,51,60,0,0,0,395,187,75,1,下位,0,0,0
260,260,0,139,150,0,1,86,395,187,75,1,下位,0,86,112
230,230,0,145,274,1,0,0,0,0,1,0,下位,0,0,0
159,159,0,876,4150,0,0,0,230,326,-44,4,下位,0,0,0
71,71,0,132,171,0,0,0,159,4202,773,10,上位,0,0,0
945,945,0,122,171,0,0,0,71,223,881,3,下位,0,0,0
401,401,0,42,7,0,0,0,945,223,-420,2,下位,0,0,0
349,349,0,175,235,0,1,401,945,223,-420,2,下位,0,401,59
213,213,0,62,47,1,0,0,0,0,1,0,下位,0,0,0
809,809,0,75,99,0,0,0,213,99,-244,1,下位,0,0,0
311,311,0,123,245,0,0,0,809,151,-1398,1,下位,0,0,0
267,267,0,52,67,0,0,0,311,297,-1603,2,下位,0,0,0
152,152,0,1093,5217,0,1,267,311,297,-1603,2,下位,0,267,119
202,202,0,106,191,0,0,0,419,5269,768,10,上位,0,0,0
52,52,0,41,3,0,0,0,202,243,685,2,下位,0,0,0
301,301,0,65,119,0,1,52,202,243,685,2,下位,0,52,55
568,568,0,60,57,1,0,0,0,0,1,0,下位,0,0,0
965,965,0,138,270,0,0,0,568,109,-806,1,下位,0,0,0
631,631,0,70,119,0,0,0,965,322,-2040,3,下位,0,0,0
313,313,0,76,180,0,0,0,631,171,-2887,1,下位,0,0,0
43,43,0,105,197,1,0,0,0,0,1,0,下位,0,0,0
668,668,0,42,11,0,0,0,43,249,181,3,下位,0,0,0
147,147,0,76,27,0,1,668,43,249,181,3,下位,0,668,63
97,97,0,72,179,0,0,0,815,79,-991,1,下位,0,0,0
967,967,0,95,150,0,0,0,97,231,-916,1,下位,0,0,0
808,808,0,97,217,0,0,0,967,202,-2274,1,下位,0,0,0
424,424,0,108,133,1,0,0,0,0,1,0,下位,0,0,0
687,687,0,76,103,0,0,0,424,185,-498,2,下位,0,0,0
291,291,0,52,67,0,0,0,687,155,-1451,1,下位,0,0,0
832,832,0,51,63,0,1,291,687,155,-1451,1,下位,0,291,119
216,216,0,74,23,0,2,1123,687,155,-1451,1,下位,0,832,115
311,311,0,121,246,0,0,0,1339,75,-3301,1,下位,0,0,0
808,808,0,1093,5174,1,0,0,0,0,1,0,下位,0,0,0
464,464,0,52,67,0,0,0,808,5226,773,11,上位,0,0,0
965,965,0,108,137,0,1,464,808,5226,773,11,上位,0,464,119
123,123,0,65,110,0,0,0,1429,189,-1223,2,下位,0,0,0
676,676,0,1416,7262,1,0,0,0,0,1,0,下位,0,0,0
262,262,0,120,180,1,0,0,0,0,1,0,下位,0,0,0
381,381,0,92,72,1,0,0,0,0,1,0,下位,0,0,0
290,290,0,120,230,1,0,0,0,0,1,0,下位,0,0,0
98,98,0,92,77,0,0,0,290,282,-185,3,下位,0,0,0
113,113,0,69,39,1,0,0,0,0,1,0,下位,0,0,0
962,962,0,107,257,0,0,0,113,91,-90,1,下位,0,0,0
766,766,0,130,161,1,0,0,0,0,1,0,下位,0,0,0
605,605,0,151,412,0,0,0,766,213,-1021,2,下位,0,0,0
438,438,0,155,269,1,0,0,0,0,1,0,下位,0,0,0
865,865,0,101,205,0,0,0,438,321,-384,3,下位,0,0,0
327,327,0,110,182,0,0,0,865,257,-1522,2,下位,0,0,0
346,346,0,159,168,0,0,0,327,234,-1815,2,下位,0,0,0
856,856,0,113,181,1,0,0,0,0,1,0,下位,0,0,0
725,725,0,1193,6184,0,0,0,856,233,-1147,2,下位,0,0,0
264,264,0,69,117,1,0,0,0,0,1,0,下位,0,0,0
662,662,0,64,43,0,0,0,264,169,-256,1,下位,0,0,0
332,332,0,83,154,0,0,0,662,95,-1229,1,下位,0,0,0
367,367,0,84,71,1,0,0,0,0,1,0,下位,0,0,0
981,981,0,144,213,1,0,0,0,0,1,0,下位,0,0,0
121,121,0,94,151,1,0,0,0,0,1,0,下位,0,0,0
188,188,0,52,65,0,0,0,121,203,9,2,下位,0,0,0
959,959,0,51,61,0,1,188,121,203,9,2,下位,0,188,117
180,180,0,157,277,0,2,1147,121,203,9,2,下位,0,959,113
253,253,0,210,330,0,0,0,1327,329,-1572,3,下位,0,0,0
274,274,0,1346,6689,0,0,0,253,382,-1598,5,下位,0,0,0
455,455,0,139,149,1,0,0,0,0,1,0,下位,0,0,0
237,237,0,989,4779,0,0,0,455,201,-532,4,下位,0,0,0
679,679,0,88,147,0,0,0,237,4831,761,10,上位,0,0,0
42,42,0,84,89,1,0,0,0,0,1,0,下位,0,0,0
778,778,0,96,132,0,0,0,42,141,74,1,下位,0,0,0
274,274,0,42,5,0,0,0,778,184,-997,1,下位,0,0,0
241,241,0,98,148,0,1,274,778,184,-997,1,下位,0,274,57
304,304,0,70,111,0,0,0,515,200,-1571,1,下位,0,0,0
561,561,0,159,262,1,0,0,0,0,1,0,下位,0,0,0
163,163,0,88,159,0,0,0,561,314,-590,3,下位,0,0,0
165,165,0,42,7,0,0,0,163,211,-642,2,下位,0,0,0
441,441,0,108,121,0,1,165,163,211,-642,2,下位,0,165,59
331,331,0,65,41,1,0,0,0,0,1,0,下位,0,0,0
159,159,0,952,4528,0,0,0,331,93,-440,1,下位,0,0,0
486,486,0,128,315,1,0,0,0,0,1,0,下位,0,0,0
251,251,0,42,11,0,0,0,486,367,-416,4,下位,0,0,0
137,137,0,52,69,0,1,251,486,367,-416,4,下位,0,251,63
305,305,0,90,77,0,2,388,486,367,-416,4,下位,0,137,121
523,523,0,196,359,0,0,0,693,129,-1221,2,下位,0,0,0
500,500,0,42,7,0,0,0,523,411,-1654,5,下位,0,0,0
825,825,0,51,61,0,1,500,523,411,-1654,5,下位,0,500,59
164,164,0,112,115,0,2,1325,523,411,-1654,5,下位,0,825,113
291,291,0,96,154,1,0,0,0,0,1,0,下位,0,0,0
867,867,0,136,229,0,0,0,291,206,-262,2,下位,0,0,0
91,91,0,42,11,0,0,0,867,281,-1379,4,下位,0,0,0
491,491,0,88,130,0,1,91,867,281,-1379,4,下位,0,91,63
257,257,0,118,243,0,0,0,582,182,-2073,2,下位,0,0,0
154,154,0,115,120,0,0,0,257,295,-2193,2,下位,0,0,0
93,93,0,71,32,0,0,0,154,172,-2269,3,下位,0,0,0
324,324,0,51,62,0,0,0,93,84,-2335,1,下位,0,0,0
814,814,0,51,61,0,1,324,93,84,-2335,1,下位,0,324,114
741,741,0,105,181,0,2,1138,93,84,-2335,1,下位,0,814,113
436,436,0,42,11,1,0,0,0,0,1,0,下位,0,0,0
495,495,0,196,336,1,1,436,0,0,1,0,下位,0,436,63
227,227,0,52,67,0,0,0,931,388,-1049,4,下位,0,0,0
156,156,0,90,57,0,1,227,931,388,-1049,4,下位,0,227,119
345,345,0,51,61,0,0,0,383,109,-1439,2,下位,0,0,0
138,138,0,94,74,0,1,345,383,109,-1439,2,下位,0,345,113
643,643,0,1323,6760,0,0,0,483,126,-1979,1,下位,0,0,0
359,359,0,77,98,0,0,0,643,6812,747,10,上位,0,0,0
709,709,0,78,19,1,0,0,0,0,1,0,下位,0,0,0
321,321,0,134,161,0,0,0,709,71,-1072,1,下位,0,0,0
960,960,0,1109,5975,0,0,0,321,213,-1377,4,下位,0,0,0
626,626,0,52,65,0,0,0,960,6027,756,11,上位,0,0,0
380,380,0,100,67,0,1,626,960,6027,756,11,上位,0,626,117
365,365,0,52,65,0,0,0,1006,119,-631,2,下位,0,0,0
700,700,0,42,9,0,1,365,1006,119,-631,2,下位,0,365,117
115,115,0,42,5,0,2,1065,1006,119,-631,2,下位,0,700,61
616,616,0,42,7,0,3,1180,1006,119,-631,2,下位,0,115,57
705,705,0,100,128,0,4,1796,1006,119,-631,2,下位,0,616,59
48,48,0,113,189,1,0,0,0,0,1,0,下位,0,0,0
729,729,0,52,67,0,0,0,48,241,165,2,下位,0,0,0
791,791,0,132,163,0,1,729,48,241,165,2,下位,0,729,119
504,504,0,79,168,1,0,0,0,0,1,0,下位,0,0,0
295,295,0,128,94,0,0,0,504,220,-592,1,下位,0,0,0
454,454,0,69,111,0,0,0,295,146,-922,2,下位,0,0,0
372,372,0,103,126,0,0,0,454,163,-1491,1,下位,0,0,0
390,390,0,1305,6322,0,0,0,372,178,-1913,1,下位,0,0,0
352,352,0,138,349,0,0,0,390,6374,736,13,上位,0,0,0
266,266,0,69,108,0,0,0,352,401,569,3,下位,0,0,0
291,291,0,60,59,0,0,0,266,160,300,1,下位,0,0,0
230,230,0,122,249,1,0,0,0,0,1,0,下位,0,0,0
235,235,0,68,46,0,0,0,230,301,-69,2,下位,0,0,0
688,688,0,60,45,0,0,0,235,98,-350,1,下位,0,0,0
245,245,0,93,73,0,0,0,688,97,-1363,1,下位,0,0,0
318,318,0,178,316,0,0,0,245,125,-1633,2,下位,0,0,0
403,403,0,1208,6310,0,0,0,318,368,-1778,4,下位,0,0,0
224,224,0,149,275,1,0,0,0,0,1,0,下位,0,0,0
335,335,0,152,321,0,0,0,224,327,-33,3,下位,0,0,0
228,228,0,89,220,0,0,0,335,373,-200,4,下位,0,0,0
973,973,0,1550,8016,0,0,0,228,272,-296,2,下位,0,0,0
196,196,0,102,216,0,0,0,973,8068,755,13,上位,0,0,0
231,231,0,87,76,0,0,0,196,268,707,2,下位,0,0,0
462,462,0,80,87,0,0,0,231,128,462,1,下位,0,0,0
873,873,0,84,164,1,0,0,0,0,1,0,下位,0,0,0
251,251,0,1369,7015,0,0,0,873,216,-1191,2,下位,0,0,0
975,975,0,111,195,1,0,0,0,0,1,0,下位,0,0,0
598,598,0,98,138,0,0,0,975,247,-1325,2,下位,0,0,0
963,963,0,71,39,0,0,0,598,190,-2100,1,下位,0,0,0
966,966,0,42,9,0,0,0,963,91,-3562,1,下位,0,0,0
460,460,0,64,125,0,1,966,963,91,-3562,1,下位,0,966,61
152,152,0,42,7,0,0,0,1426,177,-5624,1,下位,0,0,0
233,233,0,1426,6927,0,1,152,1426,177,-5624,1,下位,0,152,59
28,28,0,122,178,1,0,0,0,0,1,0,下位,0,0,0
899,899,0,51,63,0,0,0,28,230,186,3,下位,0,0,0
302,302,0,67,107,0,1,899,28,230,186,3,下位,0,899,115
433,433,0,51,63,0,0,0,1201,159,-1477,1,下位,0,0,0
713,713,0,77,155,0,1,433,1201,159,-1477,1,下位,0,433,115
454,454,0,122,171,0,0,0,1146,207,-3003,1,下位,0,0,0
897,897,0,55,40,0,0,0,454,223,-3512,3,下位,0,0,0
129,129,0,95,70,0,0,0,897,92,-4867,1,下位,0,0,0
533,533,0,118,260,1,0,0,0,0,1,0,下位,0,0,0
819,819,0,41,3,0,0,0,533,312,-547,3,下位,0,0,0
973,973,0,84,73,0,1,819,533,312,-547,3,下位,0,819,55
912,912,0,144,207,0,0,0,1792,125,-3257,1,下位,0,0,0
969,969,0,51,63,0,0,0,912,259,-4469,3,下位,0,0,0
446,446,0,168,302,0,1,969,912,259,-4469,3,下位,0,969,115
265,265,0,916,4291,1,0,0,0,0,1,0,下位,0,0,0
442,442,0,120,185,0,0,0,265,4343,769,9,上位,0,0,0
746,746,0,82,88,1,0,0,0,0,1,0,下位,0,0,0
106,106,0,87,92,0,0,0,746,140,-1062,1,下位,0,0,0
235,235,0,158,260,0,0,0,106,144,-1089,1,下位,0,0,0
133,133,0,76,170,0,0,0,235,312,-1156,4,下位,0,0,0
197,197,0,87,78,0,0,0,133,222,-1149,1,下位,0,0,0
930,930,0,110,187,0,0,0,197,130,-1337,1,下位,0,0,0
370,370,0,68,36,0,0,0,930,239,-2598,2,下位,0,0,0
538,538,0,99,214,0,0,0,370,88,-3107,1,下位,0,0,0
965,965,0,176,321,0,0,0,538,266,-3709,2,下位,0,0,0
681,681,0,52,71,0,0,0,965,373,-4892,4,下位,0,0,0
94,94,0,84,87,0,1,681,965,373,-4892,4,下位,0,681,123
677,677,0,42,11,0,0,0,775,139,-5880,1,下位,0,0,0
191,191,0,62,111,0,1,677,775,139,-5880,1,下位,0,677,63
347,347,0,168,251,0,0,0,868,163,-7054,1,下位,0,0,0
552,552,0,174,302,1,0,0,0,0,1,0,下位,0,0,0
224,224,0,151,188,0,0,0,552,354,-535,3,下位,0,0,0
240,240,0,51,63,0,0,0,224,240,-656,3,下位,0,0,0
335,335,0,58,58,0,1,240,224,240,-656,3,下位,0,240,115
518,518,0,123,259,1,0,0,0,0,1,0,下位,0,0,0
185,185,0,89,71,0,0,0,518,311,-523,3,下位,0,0,0
395,395,0,42,11,0,0,0,185,123,-698,1,下位,0,0,0
225,225,0,159,267,0,1,395,185,123,-698,1,下位,0,395,63
965,965,0,42,5,0,0,0,620,319,-1316,3,下位,0,0,0
238,238,0,176,381,0,1,965,620,319,-1316,3,下位,0,965,57
791,791,0,42,7,0,0,0,1203,433,-2766,5,下位,0,0,0
788,788,0,112,336,0,1,791,1203,433,-2766,5,下位,0,791,59
289,289,0,72,104,1,0,0,0,0,1,0,下位,0,0,0
413,413,0,175,233,0,0,0,289,156,-309,1,下位,0,0,0
884,884,0,136,151,0,0,0,413,285,-690,3,下位,0,0,0
775,775,0,42,7,0,0,0,884,203,-1913,3,下位,0,0,0
207,207,0,93,74,0,1,775,884,203,-1913,3,下位,0,775,59
681,681,0,118,112,1,0,0,0,0,1,0,下位,0,0,0
699,699,0,1176,5924,0,0,0,681,164,-933,3,下位,0,0,0
287,287,0,42,5,0,0,0,699,5976,763,11,上位,0,0,0
229,229,0,70,115,0,1,287,699,5976,763,11,上位,0,287,57
275,275,0,78,90,0,0,0,516,167,155,1,下位,0,0,0
315,315,0,41,3,0,0,0,275,142,-147,1,下位,0,0,0
969,969,0,123,167,0,1,315,275,142,-147,1,下位,0,315,55
141,141,0,51,63,0,0,0,1284,219,-1944,3,下位,0,0,0
790,790,0,78,88,0,1,141,1284,219,-1944,3,下位,0,141,115
117,117,0,1330,6488,0,0,0,931,140,-3190,2,下位,0,0,0
811,811,0,118,182,1,0,0,0,0,1,0,下位,0,0,0
196,196,0,42,11,0,0,0,811,234,-1073,2,下位,0,0,0
617,617,0,64,41,0,1,196,811,234,-1073,2,下位,0,196,63
733,733,0,40,-3,0,0,0,813,93,-2228,1,下位,0,0,0
531,531,0,88,224,0,1,733,813,93,-2228,1,下位,0,733,49
178,178,0,58,62,0,0,0,1264,276,-3941,2,下位,0,0,0
112,112,0,1560,8090,0,0,0,178,114,-4114,1,下位,0,0,0
335,335,0,60,57,0,0,0,112,8142,759,14,上位,0,0,0
275,275,0,63,50,0,0,0,335,109,328,1,下位,0,0,0
433,433,0,138,222,1,0,0,0,0,1,0,下位,0,0,0
178,178,0,81,98,0,0,0,433,274,-423,3,下位,0,0,0
53,53,0,42,9,0,0,0,178,150,-560,2,下位,0,0,0
965,965,0,52,65,0,1,53,178,150,-560,2,下位,0,53,61
188,188,0,152,208,0,2,1018,178,150,-560,2,下位,0,965,117
443,443,0,51,63,0,0,0,1206,260,-2066,3,下位,0,0,0
531,531,0,42,5,0,1,443,1206,260,-2066,3,下位,0,443,115
256,256,0,66,38,0,2,974,1206,260,-2066,3,下位,0,531,57
235,235,0,118,181,0,0,0,1230,90,-3788,1,下位,0,0,0
964,964,0,129,81,0,0,0,235,233,-3934,2,下位,0,0,0
335,335,0,58,56,0,0,0,964,133,-5356,2,下位,0,0,0
763,763,0,2184,11781,0,0,0,335,108,-5788,1,下位,0,0,0
443,443,0,52,65,1,0,0,0,0,1,0,下位,0,0,0
260,260,0,74,111,1,1,443,0,0,1,0,下位,0,443,117
208,208,0,224,307,0,0,0,703,163,-853,1,下位,0,0,0
748,748,0,52,67,0,0,0,208,359,-829,5,下位,0,0,0
363,363,0,100,202,0,1,748,208,359,-829,5,下位,0,748,119
711,711,0,89,155,1,0,0,0,0,1,0,下位,0,0,0
503,503,0,92,136,0,0,0,711,207,-939,1,下位,0,0,0
969,969,0,111,191,0,0,0,503,188,-1562,2,下位,0,0,0
315,315,0,86,84,0,0,0,969,243,-2882,3,下位,0,0,0
258,258,0,64,47,0,0,0,315,136,-3254,1,下位,0,0,0
572,572,0,86,165,0,0,0,258,99,-3571,1,下位,0,0,0
186,186,0,42,7,0,0,0,572,217,-4277,2,下位,0,0,0
189,189,0,51,63,0,1,186,572,217,-4277,2,下位,0,186,59
364,364,0,1581,8348,0,2,375,572,217,-4277,2,下位,0,189,115
277,277,0,41,1,0,0,0,739,8400,741,14,上位,0,0,0
971,971,0,78,175,0,1,277,739,8400,741,14,上位,0,277,53
316,316,0,912,4353,1,0,0,0,0,1,0,下位,0,0,0
433,433,0,77,174,0,0,0,316,4405,761,9,上位,0,0,0
358,358,0,69,110,0,0,0,433,226,289,1,下位,0,0,0
84,84,0,84,162,0,0,0,358,162,-126,1,下位,0,0,0
167,167,0,72,34,1,0,0,0,0,1,0,下位,0,0,0
369,369,0,96,136,0,0,0,167,86,-182,1,下位,0,0,0
358,358,0,134,156,0,0,0,369,188,-589,1,下位,0,0,0
260,260,0,75,23,0,0,0,358,208,-958,3,下位,0,0,0
963,963,0,187,213,0,0,0,260,75,-1302,1,下位,0,0,0
965,965,0,42,7,0,0,0,963,265,-2590,3,下位,0,0,0
673,673,0,1156,5832,0,1,965,963,265,-2590,3,下位,0,965,59
986,986,0,139,140,0,0,0,1638,5884,712,11,上位,0,0,0
191,191,0,114,253,1,0,0,0,0,1,0,下位,0,0,0
816,816,0,41,1,0,0,0,191,305,-2,3,下位,0,0,0
226,226,0,86,156,0,1,816,191,305,-2,3,下位,0,816,53
94,94,0,42,9,0,0,0,1042,208,-1422,1,下位,0,0,0
133,133,0,120,251,0,1,94,1042,208,-1422,1,下位,0,94,61
152,152,0,77,102,0,0,0,227,303,-1425,2,下位,0,0,0
213,213,0,42,7,1,0,0,0,0,1,0,下位,0,0,0
352,352,0,62,44,1,1,213,0,0,1,0,下位,0,213,59
659,659,0,96,143,0,0,0,565,96,-756,1,下位,0,0,0
135,135,0,197,250,0,0,0,659,195,-1624,2,下位,0,0,0
249,249,0,153,270,0,0,0,135,302,-1540,5,下位,0,0,0
110,110,0,192,296,0,0,0,249,322,-1620,3,下位,0,0,0
839,839,0,52,67,0,0,0,110,348,-1449,4,下位,0,0,0
40,40,0,101,49,0,1,839,110,348,-1449,4,下位,0,839,119
264,264,0,156,349,0,0,0,879,101,-2647,2,下位,0,0,0
292,292,0,52,71,0,0,0,264,401,-2672,4,下位,0,0,0
966,966,0,1182,5938,0,1,292,264,401,-2672,4,下位,0,292,123
262,262,0,156,414,1,0,0,0,0,1,0,下位,0,0,0
872,872,0,1070,5192,0,0,0,262,466,44,4,下位,0,0,0
49,49,0,85,159,1,0,0,0,0,1,0,下位,0,0,0
196,196,0,172,246,0,0,0,49,211,133,2,下位,0,0,0
632,632,0,127,233,0,0,0,196,298,116,4,下位,0,0,0
400,400,0,102,127,0,0,0,632,285,-618,3,下位,0,0,0
255,255,0,52,69,0,0,0,400,179,-1084,2,下位,0,0,0
241,241,0,112,184,0,1,255,400,179,-1084,2,下位,0,255,121
972,972,0,41,3,0,0,0,496,236,-1527,3,下位,0,0,0
327,327,0,1149,5835,0,1,972,496,236,-1527,3,下位,0,972,55
346,346,0,77,100,0,0,0,1299,5887,762,12,上位,0,0,0
394,394,0,42,9,1,0,0,0,0,1,0,下位,0,0,0
212,212,0,969,4753,1,1,394,0,0,1,0,下位,0,394,61
590,590,0,51,63,0,0,0,606,4805,771,9,上位,0,0,0
421,421,0,126,251,0,1,590,606,4805,771,9,上位,0,590,115
421,421,0,68,111,1,0,0,0,0,1,0,下位,0,0,0
848,848,0,41,3,0,0,0,421,163,-515,1,下位,0,0,0
583,583,0,52,65,0,1,848,421,163,-515,1,下位,0,848,55
243,243,0,42,11,0,2,1431,421,163,-515,1,下位,0,583,117
672,672,0,120,173,0,3,1674,421,163,-515,1,下位,0,243,63
131,131,0,42,7,0,0,0,2346,225,-3839,2,下位,0,0,0
334,334,0,52,67,0,1,131,2346,225,-3839,2,下位,0,131,59
929,929,0,173,241,0,2,465,2346,225,-3839,2,下位,0,334,119
507,507,0,52,71,0,0,0,1394,293,-5616,3,下位,0,0,0
551,551,0,102,126,0,1,507,1394,293,-5616,3,下位,0,507,123
158,158,0,132,162,0,0,0,1058,178,-7022,2,下位,0,0,0
301,301,0,67,112,1,0,0,0,0,1,0,下位,0,0,0
494,494,0,73,110,1,0,0,0,0,1,0,下位,0,0,0
605,605,0,114,401,0,0,0,494,162,-634,1,下位,0,0,0
431,431,0,82,85,0,0,0,605,453,-1157,3,下位,0,0,0
223,223,0,77,167,0,0,0,431,137,-1715,1,下位,0,0,0
965,965,0,94,66,0,0,0,223,219,-1856,2,下位,0,0,0
92,92,0,72,179,0,0,0,965,118,-3294,2,下位,0,0,0
84,84,0,52,67,0,0,0,92,231,-3211,1,下位,0,0,0
175,175,0,51,61,0,1,84,92,231,-3211,1,下位,0,84,119
301,301,0,42,7,0,2,259,92,231,-3211,1,下位,0,175,113
157,157,0,68,120,0,3,560,92,231,-3211,1,下位,0,301,59
183,183,0,42,7,0,0,0,717,172,-3903,1,下位,0,0,0
773,773,0,42,9,0,1,183,717,172,-3903,1,下位,0,183,59
361,361,0,40,-5,0,2,956,717,172,-3903,1,下位,0,773,61
364,364,0,1903,10258,0,3,1317,717,172,-3903,1,下位,0,361,47
250,250,0,95,228,1,0,0,0,0,1,0,下位,0,0,0
467,467,0,80,23,0,0,0,250,280,-122,2,下位,0,0,0
638,638,0,78,99,0,0,0,467,75,-800,1,下位,0,0,0
236,236,0,78,104,1,0,0,0,0,1,0,下位,0,0,0
262,262,0,118,103,0,0,0,236,156,-224,1,下位,0,0,0
778,778,0,1137,5543,0,0,0,262,155,-492,2,下位,0,0,0
250,250,0,96,136,0,0,0,778,5595,767,10,上位,0,0,0
387,387,0,107,266,0,0,0,250,188,552,1,下位,0,0,0
605,605,0,142,224,0,0,0,387,318,246,3,下位,0,0,0
486,486,0,128,93,0,0,0,605,276,-454,3,下位,0,0,0
166,166,0,58,51,0,0,0,486,145,-1093,2,下位,0,0,0
245,245,0,86,161,0,0,0,166,103,-1258,1,下位,0,0,0
254,254,0,152,195,0,0,0,245,213,-1440,2,下位,0,0,0
889,889,0,135,151,0,0,0,254,247,-1603,3,下位,0,0,0
965,965,0,74,109,0,0,0,889,203,-2834,3,下位,0,0,0
199,199,0,158,281,1,0,0,0,0,1,0,下位,0,0,0
130,130,0,93,152,0,0,0,199,333,13,3,下位,0,0,0
568,568,0,51,63,0,0,0,130,204,7,1,下位,0,0,0
206,206,0,143,369,0,1,568,130,204,7,1,下位,0,568,115
216,216,0,156,275,1,0,0,0,0,1,0,下位,0,0,0
812,812,0,99,146,0,0,0,216,327,-20,4,下位,0,0,0
142,142,0,86,94,0,0,0,812,198,-1132,1,下位,0,0,0
89,89,0,92,149,0,0,0,142,146,-1215,2,下位,0,0,0
968,968,0,72,100,0,0,0,89,201,-1158,2,下位,0,0,0
417,417,0,186,297,0,0,0,968,152,-2567,1,下位,0,0,0
477,477,0,157,340,0,0,0,417,349,-2891,5,下位,0,0,0
531,531,0,150,198,0,0,0,477,392,-3268,3,下位,0,0,0
266,266,0,115,186,0,0,0,531,250,-3874,2,下位,0,0,0
274,274,0,115,172,0,0,0,266,238,-4065,3,下位,0,0,0
774,774,0,42,11,0,0,0,274,224,-4283,3,下位,0,0,0
370,370,0,108,198,0,1,774,274,224,-4283,3,下位,0,774,63
802,802,0,52,71,0,0,0,1144,250,-5815,2,下位,0,0,0
931,931,0,40,-7,0,1,802,1144,250,-5815,2,下位,0,802,123
123,123,0,92,84,0,2,1733,1144,250,-5815,2,下位,0,931,45
35,35,0,61,55,1,0,0,0,0,1,0,下位,0,0,0
301,301,0,153,271,0,0,0,35,107,52,1,下位,0,0,0
967,967,0,42,11,0,0,0,301,323,-110,4,下位,0,0,0
207,207,0,114,194,0,1,967,301,323,-110,4,下位,0,967,63
950,950,0,177,309,0,0,0,1174,246,-1695,3,下位,0,0,0
671,671,0,52,69,0,0,0,950,361,-2866,4,下位,0,0,0
556,556,0,42,9,0,1,671,950,361,-2866,4,下位,0,671,121
443,443,0,41,1,0,2,1227,950,361,-2866,4,下位,0,556,61
953,953,0,41,1,0,3,1670,950,361,-2866,4,下位,0,443,53
93,93,0,1686,9186,0,4,2623,950,361,-2866,4,下位,0,953,53
604,604,0,100,137,1,0,0,0,0,1,0,下位,0,0,0
254,254,0,41,4,0,0,0,604,189,-784,2,下位,0,0,0
595,595,0,82,154,0,1,254,604,189,-784,2,下位,0,254,56
572,572,0,131,233,0,0,0,849,206,-1892,2,下位,0,0,0
318,318,0,127,240,0,0,0,572,285,-2530,2,下位,0,0,0
610,610,0,162,188,0,0,0,318,292,-2751,3,下位,0,0,0
59,59,0,1423,7354,0,0,0,610,240,-3495,3,下位,0,0,0
65,65,0,92,149,1,0,0,0,0,1,0,下位,0,0,0
884,884,0,41,3,0,0,0,65,201,97,2,下位,0,0,0
588,588,0,85,152,0,1,884,65,201,97,2,下位,0,884,55
136,136,0,2176,11467,0,0,0,1472,204,-2018,1,下位,0,0,0
307,307,0,64,56,0,0,0,136,11519,756,19,上位,0,0,0
136,136,0,96,219,1,0,0,0,0,1,0,下位,0,0,0
968,968,0,144,303,0,0,0,136,271,53,2,下位,0,0,0
297,297,0,52,67,0,0,0,968,355,-1153,4,下位,0,0,0
200,200,0,95,151,0,1,297,968,355,-1153,4,下位,0,297,119
460,460,0,140,287,1,0,0,0,0,1,0,下位,0,0,0
967,967,0,78,180,0,0,0,460,339,-402,3,下位,0,0,0
492,492,0,94,84,0,0,0,967,232,-1730,1,下位,0,0,0
67,67,0,51,63,0,0,0,492,136,-2388,2,下位,0,0,0
297,297,0,52,67,0,1,67,492,136,-2388,2,下位,0,67,115
968,968,0,52,65,0,2,364,492,136,-2388,2,下位,0,297,119
632,632,0,80,89,0,3,1332,492,136,-2388,2,下位,0,968,117
195,195,0,129,154,0,0,0,1964,141,-5063,1,下位,0,0,0
290,290,0,190,374,0,0,0,195,206,-5172,2,下位,0,0,0
966,966,0,136,236,0,0,0,290,426,-5214,5,下位,0,0,0
577,577,0,170,254,1,0,0,0,0,1,0,下位,0,0,0
264,264,0,146,281,0,0,0,577,306,-624,5,下位,0,0,0
879,879,0,72,175,0,0,0,264,333,-717,4,下位,0,0,0
977,977,0,188,229,1,0,0,0,0,1,0,下位,0,0,0
679,679,0,102,133,0,0,0,977,281,-1294,4,下位,0,0,0
242,242,0,1841,9510,0,0,0,679,185,-2204,2,下位,0,0,0
778,778,0,42,8,0,0,0,242,9562,761,16,上位,0,0,0
394,394,0,62,124,0,1,778,242,9562,761,16,上位,0,778,60
231,231,0,42,9,0,0,0,1172,176,-893,1,下位,0,0,0
163,163,0,91,74,0,1,231,1172,176,-893,1,下位,0,231,61
199,199,0,58,50,1,0,0,0,0,1,0,下位,0,0,0
96,96,0,866,4240,0,0,0,199,102,-218,1,下位,0,0,0
74,74,0,72,182,1,0,0,0,0,1,0,下位,0,0,0
968,968,0,1074,5280,0,0,0,74,234,116,1,下位,0,0,0
203,203,0,74,172,0,0,0,968,5332,756,10,上位,0,0,0
145,145,0,164,317,0,0,0,203,224,653,1,下位,0,0,0
388,388,0,52,67,0,0,0,145,369,788,3,下位,0,0,0
601,601,0,74,27,0,1,388,145,369,788,3,下位,0,388,119
545,545,0,52,69,0,0,0,989,79,-609,1,下位,0,0,0
571,571,0,79,169,0,1,545,989,79,-609,1,下位,0,545,121
375,375,0,52,65,0,0,0,1116,221,-2067,1,下位,0,0,0
374,374,0,76,105,0,1,375,1116,221,-2067,1,下位,0,375,117
319,319,0,136,384,0,0,0,749,157,-3001,1,下位,0,0,0
589,589,0,91,147,1,0,0,0,0,1,0,下位,0,0,0
227,227,0,140,292,0,0,0,589,199,-750,2,下位,0,0,0
805,805,0,151,431,1,0,0,0,0,1,0,下位,0,0,0
513,513,0,74,35,0,0,0,805,483,-814,4,下位,0,0,0
480,480,0,42,5,0,0,0,513,87,-1554,1,下位,0,0,0
495,495,0,1039,5337,0,1,480,513,87,-1554,1,下位,0,480,57
121,121,0,90,151,0,0,0,975,5389,753,11,上位,0,0,0
234,234,0,52,69,0,0,0,121,203,761,2,下位,0,0,0
974,974,0,116,191,0,1,234,121,203,761,2,下位,0,234,121
275,275,0,162,267,0,0,0,1208,243,-823,2,下位,0,0,0
472,472,0,90,154,0,0,0,275,319,-948,3,下位,0,0,0
239,239,0,216,190,0,0,0,472,206,-1503,1,下位,0,0,0
665,665,0,80,95,1,0,0,0,0,1,0,下位,0,0,0
970,970,0,42,5,0,0,0,665,147,-925,1,下位,0,0,0
864,864,0,73,99,0,1,970,665,147,-925,1,下位,0,970,57
170,170,0,96,144,0,0,0,1834,151,-3676,1,下位,0,0,0
201,201,0,52,67,0,0,0,170,196,-3754,1,下位,0,0,0
861,861,0,51,61,0,1,201,170,196,-3754,1,下位,0,201,119
179,179,0,51,61,0,2,1062,170,196,-3754,1,下位,0,861,113
935,935,0,42,7,0,3,1241,170,196,-3754,1,下位,0,179,113
400,400,0,51,61,0,4,2176,170,196,-3754,1,下位,0,935,59
226,226,0,96,140,0,5,2576,170,196,-3754,1,下位,0,400,113
224,224,0,79,83,0,0,0,2802,192,-7565,1,下位,0,0,0
92,92,0,131,239,1,0,0,0,0,1,0,下位,0,0,0
970,970,0,72,114,0,0,0,92,291,144,3,下位,0,0,0
140,140,0,51,61,0,0,0,970,166,-1255,1,下位,0,0,0
954,954,0,130,162,0,1,140,970,166,-1255,1,下位,0,140,113
667,667,0,140,302,0,0,0,1094,214,-2693,2,下位,0,0,0
242,242,0,164,347,0,0,0,667,354,-3415,4,下位,0,0,0
137,137,0,51,61,0,0,0,242,399,-3406,4,下位,0,0,0
290,290,0,148,208,0,1,137,242,399,-3406,4,下位,0,137,113
971,971,0,52,67,0,0,0,427,260,-3722,3,下位,0,0,0
822,822,0,67,11,0,1,971,427,260,-3722,3,下位,0,971,119
780,780,0,84,162,0,0,0,1793,63,-6432,1,下位,0,0,0
783,783,0,58,58,1,0,0,0,0,1,0,下位,0,0,0
626,626,0,110,193,0,0,0,783,110,-1152,1,下位,0,0,0
225,225,0,42,9,0,0,0,626,245,-1917,2,下位,0,0,0
125,125,0,52,65,0,1,225,626,245,-1917,2,下位,0,225,61
247,247,0,41,1,0,2,350,626,245,-1917,2,下位,0,125,117
240,240,0,80,99,0,3,597,626,245,-1917,2,下位,0,247,53
670,670,0,52,71,0,0,0,837,151,-2885,1,下位,0,0,0
223,223,0,52,67,0,1,670,837,151,-2885,1,下位,0,670,123
81,81,0,42,11,0,2,893,837,151,-2885,1,下位,0,223,119
213,213,0,1464,7648,0,3,974,837,151,-2885,1,下位,0,81,63
613,613,0,128,180,1,0,0,0,0,1,0,下位,0,0,0
338,338,0,74,31,0,0,0,613,232,-756,2,下位,0,0,0
756,756,0,42,9,0,0,0,338,83,-1218,1,下位,0,0,0
211,211,0,52,65,0,1,756,338,83,-1218,1,下位,0,756,61
305,305,0,158,264,0,2,967,338,83,-1218,1,下位,0,211,117
967,967,0,1087,5750,0,0,0,1272,316,-2775,4,下位,0,0,0
154,154,0,141,223,1,0,0,0,0,1,0,下位,0,0,0
437,437,0,92,141,0,0,0,154,275,28,4,下位,0,0,0
248,248,0,42,5,0,0,0,437,193,-484,1,下位,0,0,0
890,890,0,42,11,0,1,248,437,193,-484,1,下位,0,248,57
763,763,0,124,168,0,2,1138,437,193,-484,1,下位,0,890,63
104,104,0,120,178,1,0,0,0,0,1,0,下位,0,0,0
960,960,0,69,31,0,0,0,104,230,63,3,下位,0,0,0
314,314,0,42,5,0,0,0,960,83,-1402,1,下位,0,0,0
703,703,0,115,180,0,1,314,960,83,-1402,1,下位,0,314,57
96,96,0,51,63,0,0,0,1017,232,-2753,2,下位,0,0,0
560,560,0,1483,7617,0,1,96,1017,232,-2753,2,下位,0,96,115
496,496,0,52,65,0,0,0,656,7669,752,14,上位,0,0,0
428,428,0,101,203,0,1,496,656,7669,752,14,上位,0,496,117
938,938,0,104,136,0,0,0,924,255,-366,2,下位,0,0,0
253,253,0,902,4064,0,0,0,938,188,-1691,2,下位,0,0,0
109,109,0,72,180,1,0,0,0,0,1,0,下位,0,0,0
220,220,0,70,111,0,0,0,109,232,57,1,下位,0,0,0
674,674,0,88,90,0,0,0,220,163,-135,1,下位,0,0,0
534,534,0,92,150,1,0,0,0,0,1,0,下位,0,0,0
123,123,0,134,227,0,0,0,534,202,-658,1,下位,0,0,0
968,968,0,120,180,0,0,0,123,279,-577,3,下位,0,0,0
381,381,0,66,106,0,0,0,968,232,-1906,2,下位,0,0,0
83,83,0,172,248,1,0,0,0,0,1,0,下位,0,0,0
774,774,0,142,213,1,0,0,0,0,1,0,下位,0,0,0
872,872,0,131,248,0,0,0,774,265,-982,2,下位,0,0,0
83,83,0,78,15,1,0,0,0,0,1,0,下位,0,0,0
295,295,0,42,11,0,0,0,83,67,-66,1,下位,0,0,0
320,320,0,124,251,0,1,295,83,67,-66,1,下位,0,295,63
973,973,0,68,115,0,0,0,615,303,-692,2,下位,0,0,0
124,124,0,72,102,1,0,0,0,0,1,0,下位,0,0,0
419,419,0,176,379,0,0,0,124,154,-45,1,下位,0,0,0
265,265,0,122,165,0,0,0,419,431,-290,5,下位,0,0,0
246,246,0,80,175,0,0,0,265,217,-500,2,下位,0,0,0
302,302,0,42,9,1,0,0,0,0,1,0,下位,0,0,0
967,967,0,146,147,1,1,302,0,0,1,0,下位,0,302,61
199,199,0,122,176,1,0,0,0,0,1,0,下位,0,0,0
85,85,0,60,57,1,0,0,0,0,1,0,下位,0,0,0
294,294,0,118,171,0,0,0,85,109,-27,1,下位,0,0,0
921,921,0,217,238,0,0,0,294,223,-278,2,下位,0,0,0
252,252,0,108,271,1,0,0,0,0,1,0,下位,0,0,0
299,299,0,123,101,0,0,0,252,323,-82,3,下位,0,0,0
832,832,0,126,156,1,0,0,0,0,1,0,下位,0,0,0
89,89,0,166,341,1,0,0,0,0,1,0,下位,0,0,0
272,272,0,128,157,1,0,0,0,0,1,0,下位,0,0,0
964,964,0,133,239,0,0,0,272,209,-229,2,下位,0,0,0
862,862,0,124,244,1,0,0,0,0,1,0,下位,0,0,0
130,130,0,149,214,0,0,0,862,296,-1093,2,下位,0,0,0
950,950,0,64,41,0,0,0,130,266,-1037,3,下位,0,0,0
188,188,0,144,283,0,0,0,950,93,-2476,1,下位,0,0,0
532,532,0,51,61,0,0,0,188,335,-2444,3,下位,0,0,0
282,282,0,86,74,0,1,532,188,335,-2444,3,下位,0,532,113
558,558,0,130,283,0,0,0,814,126,-3518,1,下位,0,0,0
174,174,0,42,9,0,0,0,558,335,-4083,3,下位,0,0,0
340,340,0,52,65,0,1,174,558,335,-4083,3,下位,0,174,61
381,381,0,133,217,0,2,514,558,335,-4083,3,下位,0,340,117
680,680,0,84,81,1,0,0,0,0,1,0,下位,0,0,0
620,620,0,52,67,0,0,0,680,133,-963,1,下位,0,0,0
922,922,0,52,67,0,1,620,680,133,-963,1,下位,0,620,119
210,210,0,74,96,0,2,1542,680,133,-963,1,下位,0,922,119
864,864,0,118,251,1,0,0,0,0,1,0,下位,0,0,0
831,831,0,87,60,0,0,0,864,303,-1090,3,下位,0,0,0
965,965,0,88,85,0,0,0,831,112,-2318,1,下位,0,0,0
317,317,0,74,175,1,0,0,0,0,1,0,下位,0,0,0
278,278,0,109,208,0,0,0,317,227,-283,1,下位,0,0,0
331,331,0,100,141,0,0,0,278,260,-471,2,下位,0,0,0
163,163,0,98,220,1,0,0,0,0,1,0,下位,0,0,0
185,185,0,102,142,0,0,0,163,272,10,2,下位,0,0,0
875,875,0,52,69,0,0,0,185,194,-94,3,下位,0,0,0
393,393,0,122,307,0,1,875,185,194,-94,3,下位,0,875,121
186,186,0,42,9,1,0,0,0,0,1,0,下位,0,0,0
750,750,0,41,3,1,1,186,0,0,1,0,下位,0,186,61
962,962,0,188,225,1,2,936,0,0,1,0,下位,0,750,55
975,975,0,100,284,1,0,0,0,0,1,0,下位,0,0,0
209,209,0,94,220,0,0,0,975,336,-1236,3,下位,0,0,0
346,346,0,42,5,0,0,0,209,272,-1301,2,下位,0,0,0
279,279,0,1237,6056,0,1,346,209,272,-1301,2,下位,0,346,57
845,845,0,52,69,1,0,0,0,0,1,0,下位,0,0,0
967,967,0,191,356,1,1,845,0,0,1,0,下位,0,845,121
276,276,0,70,110,1,0,0,0,0,1,0,下位,0,0,0
389,389,0,169,309,0,0,0,276,162,-282,1,下位,0,0,0
169,169,0,94,141,1,0,0,0,0,1,0,下位,0,0,0
499,499,0,68,111,0,0,0,169,193,-79,1,下位,0,0,0
202,202,0,69,25,0,0,0,499,163,-721,1,下位,0,0,0
845,845,0,90,155,0,0,0,202,77,-970,1,下位,0,0,0
636,636,0,66,43,1,0,0,0,0,1,0,下位,0,0,0
803,803,0,116,187,0,0,0,636,95,-930,1,下位,0,0,0
304,304,0,73,106,0,0,0,803,239,-1986,3,下位,0,0,0
655,655,0,995,4885,1,0,0,0,0,1,0,下位,0,0,0
946,946,0,88,76,0,0,0,655,4937,763,8,上位,0,0,0
404,404,0,151,208,0,0,0,946,128,-635,1,下位,0,0,0
831,831,0,1374,7030,0,0,0,404,260,-1027,3,下位,0,0,0
66,66,0,190,298,1,0,0,0,0,1,0,下位,0,0,0
251,251,0,42,7,0,0,0,66,350,245,5,下位,0,0,0
396,396,0,42,7,0,1,251,66,350,245,5,下位,0,251,59
629,629,0,42,11,0,2,647,66,350,245,5,下位,0,396,59
676,676,0,160,183,0,3,1276,66,350,245,5,下位,0,629,63
971,971,0,96,222,0,0,0,1952,235,-2488,4,下位,0,0,0
968,968,0,122,172,0,0,0,971,274,-3780,2,下位,0,0,0
151,151,0,51,63,0,0,0,968,224,-5117,3,下位,0,0,0
70,70,0,52,69,0,1,151,968,224,-5117,3,下位,0,151,115
968,968,0,80,92,0,2,221,968,224,-5117,3,下位,0,70,121
594,594,0,58,54,0,0,0,1189,144,-6655,2,下位,0,0,0
94,94,0,130,327,0,0,0,594,106,-7507,1,下位,0,0,0
146,146,0,94,144,1,0,0,0,0,1,0,下位,0,0,0
741,741,0,96,261,0,0,0,146,196,-38,1,下位,0,0,0
624,624,0,93,147,0,0,0,741,313,-920,2,下位,0,0,0
235,235,0,176,317,0,0,0,624,199,-1727,1,下位,0,0,0
204,204,0,100,147,0,0,0,235,369,-1737,4,下位,0,0,0
121,121,0,76,113,0,0,0,204,199,-1867,1,下位,0,0,0
398,398,0,51,63,0,0,0,121,165,-1897,1,下位,0,0,0
917,917,0,51,63,0,1,398,121,165,-1897,1,下位,0,398,115
94,94,0,52,69,0,2,1315,121,165,-1897,1,下位,0,917,115
716,716,0,52,71,0,3,1409,121,165,-1897,1,下位,0,94,121
123,123,0,52,69,0,4,2125,121,165,-1897,1,下位,0,716,123
399,399,0,52,71,0,5,2248,121,165,-1897,1,下位,0,123,121
241,241,0,155,346,0,6,2647,121,165,-1897,1,下位,0,399,123
724,724,0,99,137,1,0,0,0,0,1,0,下位,0,0,0
433,433,0,1248,6287,0,0,0,724,189,-978,1,下位,0,0,0
615,615,0,42,11,0,0,0,433,6339,765,12,上位,0,0,0
487,487,0,68,118,0,1,615,433,6339,765,12,上位,0,615,63
419,419,0,123,153,0,0,0,1102,170,-779,1,下位,0,0,0
947,947,0,97,69,0,0,0,419,205,-1250,2,下位,0,0,0
377,377,0,97,211,1,0,0,0,0,1,0,下位,0,0,0
142,142,0,78,18,0,0,0,377,263,-344,2,下位,0,0,0
260,260,0,52,69,0,0,0,142,70,-503,1,下位,0,0,0
106,106,0,41,1,0,1,260,142,70,-503,1,下位,0,260,121
219,219,0,1090,5779,0,2,366,142,70,-503,1,下位,0,106,53
351,351,0,51,63,0,0,0,585,5831,730,9,上位,0,0,0
157,157,0,109,123,0,1,351,585,5831,730,9,上位,0,351,115
404,404,0,51,63,0,0,0,508,175,201,2,下位,0,0,0
185,185,0,39,-11,0,1,404,508,175,201,2,下位,0,404,115
969,969,0,73,29,0,2,589,508,175,201,2,下位,0,185,41
973,973,0,144,151,0,0,0,1558,81,-2075,1,下位,0,0,0
207,207,0,51,63,0,0,0,973,203,-3441,3,下位,0,0,0
278,278,0,52,69,0,1,207,973,203,-3441,3,下位,0,207,115
828,828,0,80,183,0,2,485,973,203,-3441,3,下位,0,278,121
608,608,0,106,134,1,0,0,0,0,1,0,下位,0,0,0
807,807,0,1171,5976,0,0,0,608,186,-794,2,下位,0,0,0
192,192,0,142,211,0,0,0,807,6028,752,12,上位,0,0,0
565,565,0,84,165,1,0,0,0,0,1,0,下位,0,0,0
217,217,0,80,10,0,0,0,565,217,-693,1,下位,0,0,0
292,292,0,97,142,0,0,0,217,62,-981,1,下位,0,0,0
351,351,0,70,96,0,0,0,292,194,-1258,1,下位,0,0,0
516,516,0,57,52,0,0,0,351,148,-1676,1,下位,0,0,0
857,857,0,164,269,0,0,0,516,104,-2404,1,下位,0,0,0
344,344,0,51,63,0,0,0,857,321,-3465,4,下位,0,0,0
314,314,0,98,139,0,1,344,857,321,-3465,4,下位,0,344,115
156,156,0,42,7,0,0,0,658,191,-4220,2,下位,0,0,0
140,140,0,1592,8417,0,1,156,658,191,-4220,2,下位,0,156,59
368,368,0,76,178,0,0,0,296,8469,758,14,上位,0,0,0
149,149,0,152,183,1,0,0,0,0,1,0,下位,0,0,0
506,506,0,959,4596,0,0,0,149,235,-4,3,下位,0,0,0
126,126,0,136,160,0,0,0,506,4648,752,9,上位,0,0,0
232,232,0,79,93,1,0,0,0,0,1,0,下位,0,0,0
779,779,0,174,250,0,0,0,232,145,-228,1,下位,0,0,0
276,276,0,60,55,0,0,0,779,302,-1182,4,下位,0,0,0
891,891,0,51,61,0,0,0,276,107,-1520,1,下位,0,0,0
659,659,0,52,71,0,1,891,276,107,-1520,1,下位,0,891,113
271,271,0,90,68,0,2,1550,276,107,-1520,1,下位,0,659,123
95,95,0,51,62,0,0,0,1821,120,-4101,1,下位,0,0,0
573,573,0,93,135,0,1,95,1821,120,-4101,1,下位,0,95,114
573,573,0,51,63,0,0,0,668,187,-4877,2,下位,0,0,0
243,243,0,86,86,0,1,573,668,187,-4877,2,下位,0,573,115
965,965,0,188,361,0,0,0,816,138,-5940,1,下位,0,0,0
351,351,0,84,63,0,0,0,965,413,-7083,4,下位,0,0,0
243,243,0,135,150,1,0,0,0,0,1,0,下位,0,0,0
964,964,0,161,352,0,0,0,243,202,-189,3,下位,0,0,0
609,609,0,161,180,0,0,0,964,404,-1340,4,下位,0,0,0
311,311,0,112,189,0,0,0,609,232,-2090,4,下位,0,0,0
803,803,0,109,259,0,0,0,311,241,-2351,2,下位,0,0,0
77,77,0,74,36,0,0,0,803,311,-3335,2,下位,0,0,0
749,749,0,123,166,1,0,0,0,0,1,0,下位,0,0,0
173,173,0,1014,5079,0,0,0,749,218,-989,2,下位,0,0,0
963,963,0,57,46,0,0,0,173,5131,751,9,上位,0,0,0
484,484,0,189,215,0,0,0,963,98,-704,1,下位,0,0,0
210,210,0,51,61,0,0,0,484,267,-1218,5,下位,0,0,0
102,102,0,84,175,0,1,210,484,267,-1218,5,下位,0,210,113
162,162,0,42,11,0,0,0,312,227,-1382,1,下位,0,0,0
707,707,0,152,191,0,1,162,312,227,-1382,1,下位,0,162,63
223,223,0,117,110,0,0,0,869,243,-2477,4,下位,0,0,0
787,787,0,101,136,1,0,0,0,0,1,0,下位,0,0,0
881,881,0,176,318,0,0,0,787,188,-1080,2,下位,0,0,0
225,225,0,71,106,0,0,0,881,370,-2131,4,下位,0,0,0
632,632,0,1061,4850,1,0,0,0,0,1,0,下位,0,0,0
793,793,0,108,131,0,0,0,632,4902,746,10,上位,0,0,0
962,962,0,42,5,0,0,0,793,183,-350,2,下位,0,0,0
686,686,0,122,169,0,1,962,793,183,-350,2,下位,0,962,57
372,372,0,86,165,0,0,0,1648,221,-2730,2,下位,0,0,0
140,140,0,94,224,0,0,0,372,217,-3113,1,下位,0,0,0
209,209,0,923,4176,1,0,0,0,0,1,0,下位,0,0,0
966,966,0,182,362,0,0,0,209,4228,755,9,上位,0,0,0
779,779,0,156,251,1,0,0,0,0,1,0,下位,0,0,0
750,750,0,92,79,0,0,0,779,303,-952,4,下位,0,0,0
831,831,0,134,155,0,0,0,750,131,-2031,2,下位,0,0,0
296,296,0,71,97,0,0,0,831,207,-3164,2,下位,0,0,0
878,878,0,146,222,0,0,0,296,149,-3492,1,下位,0,0,0
336,336,0,94,74,0,0,0,878,274,-4634,4,下位,0,0,0
186,186,0,86,78,0,0,0,336,126,-5050,1,下位,0,0,0
822,822,0,51,60,0,0,0,186,130,-5220,1,下位,0,0,0
776,776,0,145,277,0,1,822,186,130,-5220,1,下位,0,822,112
719,719,0,82,90,0,0,0,1598,329,-7357,4,下位,0,0,0
673,673,0,161,260,1,0,0,0,0,1,0,下位,0,0,0
844,844,0,42,7,0,0,0,673,312,-772,4,下位,0,0,0
173,173,0,154,343,0,1,844,673,312,-772,4,下位,0,844,59
554,554,0,126,104,1,0,0,0,0,1,0,下位,0,0,0
499,499,0,154,106,0,0,0,554,156,-737,2,下位,0,0,0
216,216,0,100,139,0,0,0,499,158,-1384,4,下位,0,0,0
202,202,0,133,305,0,0,0,216,191,-1541,1,下位,0,0,0
312,312,0,68,124,0,0,0,202,357,-1510,4,下位,0,0,0
72,72,0,51,61,0,0,0,312,176,-1837,1,下位,0,0,0
236,236,0,1247,6108,0,1,72,312,176,-1837,1,下位,0,72,113
298,298,0,128,236,0,0,0,308,6160,740,12,上位,0,0,0
348,348,0,42,7,0,0,0,298,288,547,4,下位,0,0,0
968,968,0,94,143,0,1,348,298,288,547,4,下位,0,348,59
969,969,0,42,9,0,0,0,1316,195,-1321,1,下位,0,0,0
311,311,0,111,128,0,1,969,1316,195,-1321,1,下位,0,969,61
264,264,0,108,199,0,0,0,1280,180,-3145,2,下位,0,0,0
448,448,0,110,190,1,0,0,0,0,1,0,下位,0,0,0
840,840,0,112,121,0,0,0,448,242,-480,2,下位,0,0,0
219,219,0,1202,5852,0,0,0,840,173,-1662,2,下位,0,0,0
270,270,0,73,188,0,0,0,219,5904,766,12,上位,0,0,0
78,78,0,111,37,0,0,0,270,240,571,1,下位,0,0,0
413,413,0,78,171,0,0,0,78,89,534,2,下位,0,0,0
441,441,0,78,97,1,0,0,0,0,1,0,下位,0,0,0
387,387,0,110,272,0,0,0,441,149,-561,1,下位,0,0,0
103,103,0,109,190,1,0,0,0,0,1,0,下位,0,0,0
791,791,0,115,181,1,0,0,0,0,1,0,下位,0,0,0
153,153,0,130,73,1,0,0,0,0,1,0,下位,0,0,0
218,218,0,52,69,0,0,0,153,125,-121,3,下位,0,0,0
199,199,0,74,101,0,1,218,153,125,-121,3,下位,0,218,121
95,95,0,105,204,0,0,0,417,153,-520,1,下位,0,0,0
189,189,0,73,114,1,0,0,0,0,1,0,下位,0,0,0
653,653,0,52,69,1,0,0,0,0,1,0,下位,0,0,0
750,750,0,114,122,1,1,653,0,0,1,0,下位,0,653,121
540,540,0,110,186,0,0,0,1403,174,-1967,3,下位,0,0,0
301,301,0,117,164,0,0,0,540,238,-2600,2,下位,0,0,0
309,309,0,88,76,0,0,0,301,216,-2869,3,下位,0,0,0
323,323,0,92,216,0,0,0,309,128,-3239,1,下位,0,0,0
936,936,0,142,232,0,0,0,323,268,-3492,2,下位,0,0,0
260,260,0,118,268,0,0,0,936,284,-4718,3,下位,0,0,0
515,515,0,100,147,0,0,0,260,320,-4817,2,下位,0,0,0
333,333,0,121,111,0,0,0,515,199,-5449,1,下位,0,0,0
165,165,0,86,83,0,0,0,333,163,-5823,3,下位,0,0,0
779,779,0,41,3,0,0,0,165,135,-5954,1,下位,0,0,0
416,416,0,132,166,0,1,779,165,135,-5954,1,下位,0,779,55
701,701,0,135,163,1,0,0,0,0,1,0,下位,0,0,0
500,500,0,130,308,1,0,0,0,0,1,0,下位,0,0,0
798,798,0,140,302,0,0,0,500,360,-445,3,下位,0,0,0
753,753,0,162,105,1,0,0,0,0,1,0,下位,0,0,0
153,153,0,51,63,0,0,0,753,157,-1057,4,下位,0,0,0
829,829,0,42,5,0,1,153,753,157,-1057,4,下位,0,153,115
861,861,0,52,69,0,2,982,753,157,-1057,4,下位,0,829,57
347,347,0,210,270,0,3,1843,753,157,-1057,4,下位,0,861,121
237,237,0,172,378,0,0,0,2190,322,-3975,5,下位,0,0,0
962,962,0,1149,5257,1,0,0,0,0,1,0,下位,0,0,0
717,717,0,192,372,1,0,0,0,0,1,0,下位,0,0,0
180,180,0,945,4846,0,0,0,717,424,-731,4,下位,0,0,0
355,355,0,161,262,1,0,0,0,0,1,0,下位,0,0,0
242,242,0,42,9,0,0,0,355,314,-258,4,下位,0,0,0
238,238,0,190,369,0,1,242,355,314,-258,4,下位,0,242,61
693,693,0,124,99,1,0,0,0,0,1,0,下位,0,0,0
431,431,0,87,144,0,0,0,693,151,-966,2,下位,0,0,0
366,366,0,68,114,0,0,0,431,196,-1465,2,下位,0,0,0
971,971,0,1997,9785,0,0,0,366,166,-1889,1,下位,0,0,0
205,205,0,80,93,1,0,0,0,0,1,0,下位,0,0,0
689,689,0,51,61,0,0,0,205,145,-185,1,下位,0,0,0
767,767,0,164,328,0,1,689,205,145,-185,1,下位,0,689,113
18,18,0,92,146,1,0,0,0,0,1,0,下位,0,0,0
267,267,0,41,1,1,0,0,0,0,1,0,下位,0,0,0
977,977,0,118,263,1,1,267,0,0,1,0,下位,0,267,53
681,681,0,42,7,0,0,0,1244,315,-1638,3,下位,0,0,0
651,651,0,84,91,0,1,681,1244,315,-1638,3,下位,0,681,59
482,482,0,52,65,0,0,0,1332,143,-3584,2,下位,0,0,0
159,159,0,147,329,0,1,482,1332,143,-3584,2,下位,0,482,117
689,689,0,124,303,0,0,0,641,381,-4119,4,下位,0,0,0
316,316,0,1372,6919,0,0,0,689,355,-4875,4,下位,0,0,0
821,821,0,1026,5070,1,0,0,0,0,1,0,下位,0,0,0
356,356,0,118,116,1,0,0,0,0,1,0,下位,0,0,0
772,772,0,42,11,0,0,0,356,168,-405,2,下位,0,0,0
166,166,0,42,7,0,1,772,356,168,-405,2,下位,0,772,63
58,58,0,74,103,0,2,938,356,168,-405,2,下位,0,166,59
959,959,0,88,145,0,0,0,996,155,-1735,1,下位,0,0,0
389,389,0,2097,11316,0,0,0,959,197,-3085,1,下位,0,0,0
183,183,0,182,239,1,0,0,0,0,1,0,下位,0,0,0
970,970,0,145,279,0,0,0,183,291,-3,4,下位,0,0,0
127,127,0,104,39,1,0,0,0,0,1,0,下位,0,0,0
395,395,0,87,168,1,0,0,0,0,1,0,下位,0,0,0
894,894,0,69,107,0,0,0,395,220,-416,2,下位,0,0,0
294,294,0,72,95,0,0,0,894,159,-1699,1,下位,0,0,0
322,322,0,52,69,0,0,0,294,147,-2026,1,下位,0,0,0
285,285,0,79,88,0,1,322,294,147,-2026,1,下位,0,322,121
164,164,0,61,44,0,0,0,607,140,-2744,2,下位,0,0,0
460,460,0,42,5,0,0,0,164,96,-2913,1,下位,0,0,0
246,246,0,92,70,0,1,460,164,96,-2913,1,下位,0,460,57
792,792,0,982,5181,1,0,0,0,0,1,0,下位,0,0,0
252,252,0,42,11,0,0,0,792,5233,762,7,上位,0,0,0
355,355,0,49,52,0,1,252,792,5233,762,7,上位,0,252,63
173,173,0,164,262,0,2,607,792,5233,762,7,上位,0,355,104
233,233,0,42,7,0,0,0,780,314,-15,3,下位,0,0,0
318,318,0,52,67,0,1,233,780,314,-15,3,下位,0,233,59
962,962,0,40,-7,0,2,551,780,314,-15,3,下位,0,318,119
161,161,0,74,26,0,3,1513,780,314,-15,3,下位,0,962,45
351,351,0,74,109,1,0,0,0,0,1,0,下位,0,0,0
38,38,0,72,25,0,0,0,351,161,-404,1,下位,0,0,0
355,355,0,42,5,0,0,0,38,77,-388,1,下位,0,0,0
85,85,0,42,7,0,1,355,38,77,-388,1,下位,0,355,57
797,797,0,87,163,0,2,440,38,77,-388,1,下位,0,85,59
254,254,0,156,388,1,0,0,0,0,1,0,下位,0,0,0
45,45,0,82,96,1,0,0,0,0,1,0,下位,0,0,0
280,280,0,42,11,0,0,0,45,148,76,1,下位,0,0,0
105,105,0,42,9,0,1,280,45,148,76,1,下位,0,280,63
904,904,0,103,131,0,2,385,45,148,76,1,下位,0,105,61
189,189,0,122,244,0,0,0,1289,183,-1696,2,下位,0,0,0
684,684,0,92,83,0,0,0,189,296,-1705,2,下位,0,0,0
229,229,0,41,1,0,0,0,684,135,-2673,1,下位,0,0,0
95,95,0,42,5,0,1,229,684,135,-2673,1,下位,0,229,53
944,944,0,68,111,0,2,324,684,135,-2673,1,下位,0,95,57
233,233,0,204,326,0,0,0,1268,163,-4445,1,下位,0,0,0
198,198,0,171,226,0,0,0,233,378,-4443,5,下位,0,0,0
200,200,0,42,7,0,0,0,198,278,-4484,4,下位,0,0,0
292,292,0,113,183,0,1,200,198,278,-4484,4,下位,0,200,59
502,502,0,152,352,0,0,0,492,235,-4984,2,下位,0,0,0
120,120,0,52,69,1,0,0,0,0,1,0,下位,0,0,0
235,235,0,99,282,1,1,120,0,0,1,0,下位,0,120,121
588,588,0,100,132,0,0,0,355,334,-117,2,下位,0,0,0
423,423,0,69,113,0,0,0,588,184,-881,2,下位,0,0,0
47,47,0,67,105,1,0,0,0,0,1,0,下位,0,0,0
492,492,0,49,48,0,0,0,47,157,82,1,下位,0,0,0
725,725,0,104,128,0,1,492,47,157,82,1,下位,0,492,100
531,531,0,86,84,1,0,0,0,0,1,0,下位,0,0,0
878,878,0,116,319,0,0,0,531,136,-719,1,下位,0,0,0
307,307,0,1182,6090,0,0,0,878,371,-1764,3,下位,0,0,0
64,64,0,112,119,0,0,0,307,6142,763,10,上位,0,0,0
138,138,0,131,154,0,0,0,64,171,831,3,下位,0,0,0
186,186,0,1182,5691,1,0,0,0,0,1,0,下位,0,0,0
259,259,0,146,410,1,0,0,0,0,1,0,下位,0,0,0
334,334,0,162,338,0,0,0,259,462,45,5,下位,0,0,0
289,289,0,69,111,0,0,0,334,390,-104,3,下位,0,0,0
616,616,0,41,3,0,0,0,289,163,-407,1,下位,0,0,0
247,247,0,164,260,0,1,616,289,163,-407,1,下位,0,616,55
707,707,0,123,101,0,0,0,863,312,-1432,3,下位,0,0,0
731,731,0,135,155,1,0,0,0,0,1,0,下位,0,0,0
549,549,0,67,122,1,0,0,0,0,1,0,下位,0,0,0
149,149,0,110,115,0,0,0,549,174,-710,1,下位,0,0,0
882,882,0,42,5,0,0,0,149,167,-783,2,下位,0,0,0
615,615,0,87,83,0,1,882,149,167,-783,2,下位,0,882,57
936,936,0,80,93,0,0,0,1497,135,-3006,2,下位,0,0,0
192,192,0,41,1,1,0,0,0,0,1,0,下位,0,0,0
193,193,0,201,170,1,1,192,0,0,1,0,下位,0,192,53
168,168,0,70,15,0,0,0,385,222,-345,4,下位,0,0,0
278,278,0,75,21,0,0,0,168,67,-549,1,下位,0,0,0
178,178,0,116,189,0,0,0,278,73,-924,1,下位,0,0,0
969,969,0,42,5,0,0,0,178,241,-970,2,下位,0,0,0
259,259,0,80,169,0,1,969,178,241,-970,2,下位,0,969,57
965,965,0,75,33,0,0,0,1228,221,-2673,1,下位,0,0,0
659,659,0,146,282,1,0,0,0,0,1,0,下位,0,0,0
169,169,0,42,5,0,0,0,659,334,-728,3,下位,0,0,0
338,338,0,120,256,0,1,169,659,334,-728,3,下位,0,169,57
202,202,0,42,5,0,0,0,507,308,-1181,2,下位,0,0,0
356,356,0,166,397,0,1,202,507,308,-1181,2,下位,0,202,57
341,341,0,52,65,0,0,0,558,449,-1575,4,下位,0,0,0
270,270,0,68,115,0,1,341,558,449,-1575,4,下位,0,341,117
434,434,0,134,127,1,0,0,0,0,1,0,下位,0,0,0
282,282,0,52,67,1,0,0,0,0,1,0,下位,0,0,0
963,963,0,173,160,1,1,282,0,0,1,0,下位,0,282,119
559,559,0,105,132,1,0,0,0,0,1,0,下位,0,0,0
79,79,0,863,3960,1,0,0,0,0,1,0,下位,0,0,0
307,307,0,1294,6634,1,0,0,0,0,1,0,下位,0,0,0
602,602,0,137,227,1,0,0,0,0,1,0,下位,0,0,0
551,551,0,80,89,1,0,0,0,0,1,0,下位,0,0,0
689,689,0,79,168,0,0,0,551,141,-747,1,下位,0,0,0
278,278,0,57,50,0,0,0,689,220,-1638,1,下位,0,0,0
324,324,0,66,110,1,0,0,0,0,1,0,下位,0,0,0
355,355,0,134,226,0,0,0,324,162,-360,1,下位,0,0,0
162,162,0,87,164,0,0,0,355,278,-655,3,下位,0,0,0
837,837,0,146,109,0,0,0,162,216,-700,2,下位,0,0,0
88,88,0,41,3,0,0,0,837,161,-1889,4,下位,0,0,0
473,473,0,109,211,0,1,88,837,161,-1889,4,下位,0,88,55
310,310,0,97,141,0,0,0,561,263,-2476,2,下位,0,0,0
446,446,0,70,109,1,0,0,0,0,1,0,下位,0,0,0
410,410,0,157,183,1,0,0,0,0,1,0,下位,0,0,0
724,724,0,141,344,1,0,0,0,0,1,0,下位,0,0,0
255,255,0,112,199,1,0,0,0,0,1,0,下位,0,0,0
97,97,0,89,153,0,0,0,255,251,-159,2,下位,0,0,0
152,152,0,113,199,1,0,0,0,0,1,0,下位,0,0,0
835,835,0,100,143,0,0,0,152,251,7,2,下位,0,0,0
87,87,0,70,107,0,0,0,835,195,-1145,1,下位,0,0,0
420,420,0,104,275,1,0,0,0,0,1,0,下位,0,0,0
349,349,0,984,4784,0,0,0,420,327,-349,3,下位,0,0,0
236,236,0,84,167,0,0,0,349,4836,752,9,上位,0,0,0
872,872,0,143,365,1,0,0,0,0,1,0,下位,0,0,0
417,417,0,168,225,0,0,0,872,417,-988,4,下位,0,0,0
538,538,0,117,185,0,0,0,417,277,-1384,4,下位,0,0,0
956,956,0,122,94,0,0,0,538,237,-2015,2,下位,0,0,0
425,425,0,48,46,0,0,0,956,146,-3411,2,下位,0,0,0
210,210,0,94,80,0,1,425,956,146,-3411,2,下位,0,425,98
405,405,0,127,238,0,0,0,635,132,-4205,1,下位,0,0,0
785,785,0,52,67,0,0,0,405,290,-4568,4,下位,0,0,0
963,963,0,210,335,0,1,785,405,290,-4568,4,下位,0,785,119
352,352,0,71,108,0,0,0,1748,387,-6881,5,下位,0,0,0
653,653,0,120,180,1,0,0,0,0,1,0,下位,0,0,0
317,317,0,132,310,0,0,0,653,232,-820,2,下位,0,0,0
75,75,0,1076,5709,0,0,0,317,362,-969,4,下位,0,0,0
792,792,0,169,316,0,0,0,75,5701,757,7,上位,0,0,0
835,835,0,857,3976,0,0,0,792,368,-152,4,下位,0,0,0
165,165,0,52,67,0,0,0,835,4028,764,8,上位,0,0,0
962,962,0,42,7,0,1,165,835,4028,764,8,上位,0,165,119
759,759,0,52,67,0,2,1127,835,4028,764,8,上位,0,962,59
263,263,0,139,306,0,3,1886,835,4028,764,8,上位,0,759,119
239,239,0,76,111,0,0,0,2149,358,-2047,3,下位,0,0,0
28,28,0,156,129,1,0,0,0,0,1,0,下位,0,0,0
108,108,0,42,9,0,0,0,28,181,137,3,下位,0,0,0
554,554,0,115,188,0,1,108,28,181,137,3,下位,0,108,61
381,381,0,42,7,0,0,0,662,240,-630,2,下位,0,0,0
642,642,0,108,120,0,1,381,662,240,-630,2,下位,0,381,59
376,376,0,133,159,0,0,0,1023,172,-2049,2,下位,0,0,0
557,557,0,88,84,0,0,0,376,211,-2444,2,下位,0,0,0
908,908,0,1654,8563,0,0,0,557,136,-3206,1,下位,0,0,0
965,965,0,84,85,0,0,0,908,8615,750,16,上位,0,0,0
271,271,0,77,96,0,0,0,965,137,-669,1,下位,0,0,0
309,309,0,150,255,0,0,0,271,148,-958,1,下位,0,0,0
303,303,0,136,299,0,0,0,309,307,-1149,4,下位,0,0,0
644,644,0,1025,4910,1,0,0,0,0,1,0,下位,0,0,0
353,353,0,51,61,0,0,0,644,4962,767,9,上位,0,0,0
253,253,0,73,103,0,1,353,644,4962,767,9,上位,0,353,113
62,62,0,102,128,1,0,0,0,0,1,0,下位,0,0,0
255,255,0,141,301,0,0,0,62,180,81,1,下位,0,0,0
215,215,0,98,144,0,0,0,255,353,23,3,下位,0,0,0
889,889,0,74,69,0,0,0,215,196,-128,1,下位,0,0,0
471,471,0,81,87,0,0,0,889,121,-1441,1,下位,0,0,0
969,969,0,104,208,0,0,0,471,139,-2062,2,下位,0,0,0
827,827,0,154,196,0,0,0,969,260,-3365,3,下位,0,0,0
730,730,0,1507,7746,0,0,0,827,248,-4451,3,下位,0,0,0
878,878,0,136,156,1,0,0,0,0,1,0,下位,0,0,0
93,93,0,41,3,0,0,0,878,208,-1207,2,下位,0,0,0
511,511,0,72,103,0,1,93,878,208,-1207,2,下位,0,93,55
167,167,0,126,179,0,0,0,604,155,-1971,2,下位,0,0,0
250,250,0,1260,6216,0,0,0,167,231,-2009,2,下位,0,0,0
513,513,0,892,4702,1,0,0,0,0,1,0,下位,0,0,0
310,310,0,42,5,0,0,0,513,4754,771,8,上位,0,0,0
758,758,0,886,4035,0,1,310,513,4754,771,8,上位,0,310,57
274,274,0,52,65,0,0,0,1068,4087,749,9,上位,0,0,0
186,186,0,67,44,0,1,274,1068,4087,749,9,上位,0,274,117
173,173,0,68,46,0,0,0,460,96,220,1,下位,0,0,0
963,963,0,98,138,0,0,0,173,98,40,1,下位,0,0,0
94,94,0,42,9,0,0,0,963,190,-1323,2,下位,0,0,0
568,568,0,1078,5445,0,1,94,963,190,-1323,2,下位,0,94,61
116,116,0,145,276,0,0,0,662,5497,761,10,上位,0,0,0
142,142,0,73,31,0,0,0,116,328,902,3,下位,0,0,0
308,308,0,102,127,1,0,0,0,0,1,0,下位,0,0,0
39,39,0,41,3,0,0,0,308,179,-317,1,下位,0,0,0
350,350,0,74,109,0,1,39,308,179,-317,1,下位,0,39,55
982,982,0,189,196,0,0,0,389,161,-729,1,下位,0,0,0
156,156,0,102,134,0,0,0,982,248,-2065,5,下位,0,0,0
160,160,0,52,67,0,0,0,156,186,-2131,2,下位,0,0,0
970,970,0,48,46,0,1,160,156,186,-2131,2,下位,0,160,119
883,883,0,82,97,0,2,1130,156,186,-2131,2,下位,0,970,98
505,505,0,78,100,1,0,0,0,0,1,0,下位,0,0,0
48,48,0,1061,5361,0,0,0,505,152,-662,1,下位,0,0,0
857,857,0,51,61,0,0,0,48,5413,761,8,上位,0,0,0
729,729,0,122,177,0,1,857,48,5413,761,8,上位,0,857,113
339,339,0,69,39,0,0,0,1586,229,-1455,2,下位,0,0,0
97,97,0,42,7,0,0,0,339,91,-1911,1,下位,0,0,0
168,168,0,86,149,0,1,97,339,91,-1911,1,下位,0,97,59
124,124,0,64,115,0,0,0,265,201,-2078,2,下位,0,0,0
704,704,0,54,57,0,0,0,124,167,-2111,1,下位,0,0,0
368,368,0,51,63,0,0,0,704,109,-3137,1,下位,0,0,0
348,348,0,60,55,0,1,368,704,109,-3137,1,下位,0,368,115
177,177,0,159,278,0,0,0,716,107,-4070,1,下位,0,0,0
882,882,0,218,236,0,0,0,177,330,-4025,4,下位,0,0,0
804,804,0,171,246,1,0,0,0,0,1,0,下位,0,0,0
130,130,0,157,260,0,0,0,804,298,-998,3,下位,0,0,0
662,662,0,42,7,0,0,0,130,312,-896,3,下位,0,0,0
917,917,0,110,269,0,1,662,130,312,-896,3,下位,0,662,59
768,768,0,106,146,1,0,0,0,0,1,0,下位,0,0,0
333,333,0,146,219,0,0,0,768,198,-1040,2,下位,0,0,0
834,834,0,140,298,0,0,0,333,271,-1306,3,下位,0,0,0
935,935,0,233,293,0,0,0,834,350,-2301,4,下位,0,0,0
202,202,0,61,35,0,0,0,935,345,-3464,5,下位,0,0,0
956,956,0,127,237,0,0,0,202,87,-3703,1,下位,0,0,0
486,486,0,66,38,0,0,0,956,289,-4956,2,下位,0,0,0
300,300,0,41,1,0,0,0,486,90,-5650,1,下位,0,0,0
963,963,0,120,407,0,1,300,486,90,-5650,1,下位,0,300,53
191,191,0,66,49,1,0,0,0,0,1,0,下位,0,0,0
967,967,0,135,305,0,0,0,191,101,-206,1,下位,0,0,0
113,113,0,155,331,0,0,0,967,357,-1409,3,下位,0,0,0
64,64,0,1236,6669,0,0,0,113,383,-1208,4,下位,0,0,0
698,698,0,170,239,0,0,0,64,6662,771,8,上位,0,0,0
772,772,0,63,54,0,0,0,698,291,-64,4,下位,0,0,0
618,618,0,76,100,1,0,0,0,0,1,0,下位,0,0,0
882,882,0,103,134,0,0,0,618,152,-844,1,下位,0,0,0
847,847,0,51,63,0,0,0,882,186,-2081,1,下位,0,0,0
95,95,0,48,47,0,1,847,882,186,-2081,1,下位,0,847,115
443,443,0,102,63,0,2,942,882,186,-2081,1,下位,0,95,99
924,924,0,40,-3,0,0,0,1385,115,-3986,2,下位,0,0,0
974,974,0,52,66,0,1,924,1385,115,-3986,2,下位,0,924,49
474,474,0,92,212,0,2,1898,1385,115,-3986,2,下位,0,974,118
249,249,0,108,123,0,0,0,2372,264,-7381,2,下位,0,0,0
963,963,0,156,205,0,0,0,249,175,-7608,2,下位,0,0,0
634,634,0,134,159,0,0,0,963,257,-8904,3,下位,0,0,0
149,149,0,128,217,1,0,0,0,0,1,0,下位,0,0,0
211,211,0,106,106,0,0,0,149,269,30,2,下位,0,0,0
287,287,0,1061,5194,0,0,0,211,158,-152,2,下位,0,0,0
159,159,0,42,11,0,0,0,287,5246,741,10,上位,0,0,0
94,94,0,141,345,0,1,159,287,5246,741,10,上位,0,159,63
382,382,0,68,29,0,0,0,253,397,793,4,下位,0,0,0
256,256,0,70,103,0,0,0,382,81,258,1,下位,0,0,0
294,294,0,232,288,0,0,0,256,155,1,1,下位,0,0,0
892,892,0,42,5,0,0,0,294,340,-133,7,下位,0,0,0
623,623,0,1591,7638,0,1,892,294,340,-133,7,下位,0,892,57
355,355,0,63,121,1,0,0,0,0,1,0,下位,0,0,0
851,851,0,69,101,0,0,0,355,173,-399,1,下位,0,0,0
340,340,0,104,132,0,0,0,851,153,-1619,1,下位,0,0,0
965,965,0,1588,8113,0,0,0,340,184,-1983,1,下位,0,0,0
141,141,0,51,61,0,0,0,965,8165,747,14,上位,0,0,0
142,142,0,62,50,0,1,141,965,8165,747,14,上位,0,141,113
175,175,0,124,88,0,0,0,283,102,506,1,下位,0,0,0
976,976,0,52,71,0,0,0,175,140,364,2,下位,0,0,0
966,966,0,1243,6408,0,1,976,175,140,364,2,下位,0,976,123
754,754,0,95,136,1,0,0,0,0,1,0,下位,0,0,0
258,258,0,104,198,0,0,0,754,188,-1027,1,下位,0,0,0
857,857,0,77,168,1,0,0,0,0,1,0,下位,0,0,0
637,637,0,172,171,0,0,0,857,220,-1161,1,下位,0,0,0
441,441,0,72,15,0,0,0,637,223,-1965,3,下位,0,0,0
38,38,0,78,100,0,0,0,441,67,-2609,1,下位,0,0,0
779,779,0,97,134,0,0,0,38,152,-2518,1,下位,0,0,0
785,785,0,69,116,0,0,0,779,186,-3588,2,下位,0,0,0
824,824,0,101,139,0,0,0,785,168,-4686,1,下位,0,0,0
973,973,0,110,50,0,0,0,824,191,-5824,2,下位,0,0,0
292,292,0,104,127,0,0,0,973,102,-7291,2,下位,0,0,0
124,124,0,1448,7117,1,0,0,0,0,1,0,下位,0,0,0
218,218,0,41,1,1,0,0,0,0,1,0,下位,0,0,0
966,966,0,67,40,1,1,218,0,0,1,0,下位,0,218,53
390,390,0,97,132,0,0,0,1184,92,-1764,1,下位,0,0,0
140,140,0,116,190,0,0,0,390,184,-2209,1,下位,0,0,0
193,193,0,102,140,0,0,0,140,242,-2193,2,下位,0,0,0
126,126,0,92,215,0,0,0,193,192,-2312,1,下位,0,0,0
853,853,0,52,67,0,0,0,126,267,-2248,2,下位,0,0,0
985,985,0,42,9,0,1,853,126,267,-2248,2,下位,0,853,119
684,684,0,75,27,0,2,1838,126,267,-2248,2,下位,0,985,61
441,441,0,58,52,0,0,0,2522,79,-6057,1,下位,0,0,0
327,327,0,92,136,0,0,0,441,104,-6664,1,下位,0,0,0
783,783,0,192,281,0,0,0,327,188,-7003,1,下位,0,0,0
89,89,0,77,163,1,0,0,0,0,1,0,下位,0,0,0
214,214,0,1454,7095,0,0,0,89,215,72,1,下位,0,0,0
47,47,0,88,160,1,0,0,0,0,1,0,下位,0,0,0
963,963,0,138,220,0,0,0,47,212,137,1,下位,0,0,0
186,186,0,52,67,0,0,0,963,272,-1144,3,下位,0,0,0
637,637,0,1230,6206,0,1,186,963,272,-1144,3,下位,0,186,119
132,132,0,39,-9,0,0,0,823,6258,769,11,上位,0,0,0
365,365,0,52,65,0,1,132,823,6258,769,11,上位,0,132,43
757,757,0,206,331,0,2,497,823,6258,769,11,上位,0,365,117
103,103,0,107,47,0,0,0,1254,383,-711,6,下位,0,0,0
973,973,0,177,210,0,0,0,103,99,-778,2,下位,0,0,0
972,972,0,52,69,0,0,0,973,262,-2085,4,下位,0,0,0
94,94,0,87,228,0,1,972,973,262,-2085,4,下位,0,972,121
156,156,0,230,313,1,0,0,0,0,1,0,下位,0,0,0
939,939,0,51,61,0,0,0,156,365,114,7,下位,0,0,0
574,574,0,112,128,0,1,939,156,365,114,7,下位,0,939,113
844,844,0,42,7,0,0,0,1513,180,-2034,2,下位,0,0,0
377,377,0,124,86,0,1,844,1513,180,-2034,2,下位,0,844,59
192,192,0,1280,6508,0,0,0,1221,138,-3806,2,下位,0,0,0
264,264,0,128,80,1,0,0,0,0,1,0,下位,0,0,0
352,352,0,113,257,0,0,0,264,132,-293,3,下位,0,0,0
203,203,0,126,304,0,0,0,352,309,-552,3,下位,0,0,0
472,472,0,117,324,0,0,0,203,356,-523,4,下位,0,0,0
662,662,0,82,96,0,0,0,472,376,-908,3,下位,0,0,0
806,806,0,115,106,0,0,0,662,148,-1828,1,下位,0,0,0
802,802,0,90,236,0,0,0,806,158,-2970,2,下位,0,0,0
222,222,0,131,233,0,0,0,802,288,-3976,2,下位,0,0,0
984,984,0,113,268,0,0,0,222,285,-4049,2,下位,0,0,0
968,968,0,80,88,0,0,0,984,320,-5316,2,下位,0,0,0
718,718,0,170,177,1,0,0,0,0,1,0,下位,0,0,0
483,483,0,134,394,0,0,0,718,229,-928,3,下位,0,0,0
969,969,0,85,83,0,0,0,483,446,-1261,3,下位,0,0,0
388,388,0,63,128,0,0,0,969,135,-2689,1,下位,0,0,0
150,150,0,51,63,0,0,0,388,180,-3135,1,下位,0,0,0
288,288,0,52,65,0,1,150,388,180,-3135,1,下位,0,150,115
94,94,0,51,63,0,2,438,388,180,-3135,1,下位,0,288,117
388,388,0,80,95,0,3,532,388,180,-3135,1,下位,0,94,115
119,119,0,170,312,1,0,0,0,0,1,0,下位,0,0,0
304,304,0,995,4880,0,0,0,119,364,173,3,下位,0,0,0
974,974,0,66,114,0,0,0,304,4932,738,9,上位,0,0,0
965,965,0,92,140,0,0,0,974,166,-667,1,下位,0,0,0
94,94,0,68,46,0,0,0,965,192,-2031,2,下位,0,0,0
257,257,0,86,95,0,0,0,94,98,-2085,1,下位,0,0,0
260,260,0,110,184,0,0,0,257,147,-2353,1,下位,0,0,0
777,777,0,52,69,0,0,0,260,236,-2536,3,下位,0,0,0
315,315,0,96,147,0,1,777,260,236,-2536,3,下位,0,777,121
751,751,0,64,123,0,0,0,1092,199,-3977,1,下位,0,0,0
65,65,0,42,9,0,0,0,751,175,-5013,1,下位,0,0,0
35,35,0,1180,5961,0,1,65,751,175,-5013,1,下位,0,65,61
199,199,0,81,84,0,0,0,100,6013,758,9,上位,0,0,0
219,219,0,67,114,0,0,0,199,136,573,1,下位,0,0,0
862,862,0,162,320,1,0,0,0,0,1,0,下位,0,0,0
823,823,0,89,88,0,0,0,862,372,-1017,3,下位,0,0,0
922,922,0,155,266,0,0,0,823,140,-2204,2,下位,0,0,0
551,551,0,80,179,1,0,0,0,0,1,0,下位,0,0,0
219,219,0,941,4864,0,0,0,551,231,-657,1,下位,0,0,0
251,251,0,41,1,0,0,0,219,4916,762,7,上位,0,0,0
289,289,0,126,98,0,1,251,219,4916,762,7,上位,0,251,53
969,969,0,42,9,0,0,0,540,150,94,2,下位,0,0,0
217,217,0,137,158,0,1,969,540,150,94,2,下位,0,969,61
139,139,0,94,74,0,0,0,1186,210,-1548,2,下位,0,0,0
331,331,0,1042,5296,0,0,0,139,126,-1646,1,下位,0,0,0
279,279,0,117,183,0,0,0,331,5348,761,10,上位,0,0,0
394,394,0,52,69,0,0,0,279,235,546,3,下位,0,0,0
187,187,0,80,89,0,1,394,279,235,546,3,下位,0,394,121
276,276,0,72,112,0,0,0,581,141,-129,1,下位,0,0,0
923,923,0,83,87,0,0,0,276,164,-410,1,下位,0,0,0
677,677,0,69,109,1,0,0,0,0,1,0,下位,0,0,0
96,96,0,42,5,0,0,0,677,161,-930,1,下位,0,0,0
100,100,0,104,136,0,1,96,677,161,-930,1,下位,0,96,57
652,652,0,79,93,0,0,0,196,188,-1001,1,下位,0,0,0
733,733,0,180,306,0,0,0,652,145,-1908,1,下位,0,0,0
141,141,0,66,105,0,0,0,733,358,-2732,4,下位,0,0,0
250,250,0,100,209,0,0,0,141,157,-2802,1,下位,0,0,0
215,215,0,172,176,1,0,0,0,0,1,0,下位,0,0,0
424,424,0,56,52,0,0,0,215,228,-118,4,下位,0,0,0
165,165,0,42,5,0,0,0,424,104,-698,1,下位,0,0,0
218,218,0,60,57,0,1,165,424,104,-698,1,下位,0,165,57
969,969,0,140,211,0,0,0,383,109,-1150,1,下位,0,0,0
276,276,0,86,80,0,0,0,969,263,-2450,4,下位,0,0,0
132,132,0,142,214,0,0,0,276,132,-2763,1,下位,0,0,0
964,964,0,42,7,0,0,0,132,266,-2710,3,下位,0,0,0
63,63,0,74,109,0,1,964,132,266,-2710,3,下位,0,964,59
736,736,0,82,100,0,0,0,1027,161,-4147,1,下位,0,0,0
255,255,0,42,7,0,0,0,736,152,-5182,1,下位,0,0,0
934,934,0,110,279,0,1,255,736,152,-5182,1,下位,0,255,59
821,821,0,1041,5301,0,0,0,1189,331,-6709,3,下位,0,0,0
972,972,0,103,130,1,0,0,0,0,1,0,下位,0,0,0
335,335,0,1163,5741,0,0,0,972,182,-1385,1,下位,0,0,0
828,828,0,52,70,0,0,0,335,5793,747,12,上位,0,0,0
37,37,0,76,103,0,1,828,335,5793,747,12,上位,0,828,122
183,183,0,51,61,1,0,0,0,0,1,0,下位,0,0,0
537,537,0,52,69,1,1,183,0,0,1,0,下位,0,183,113
971,971,0,70,111,1,2,720,0,0,1,0,下位,0,537,121
471,471,0,71,109,0,0,0,1691,163,-2329,1,下位,0,0,0
789,789,0,95,151,0,0,0,471,161,-2928,1,下位,0,0,0
313,313,0,126,255,0,0,0,789,203,-3998,1,下位,0,0,0
618,618,0,140,444,1,0,0,0,0,1,0,下位,0,0,0
132,132,0,1503,7580,0,0,0,618,496,-500,5,下位,0,0,0
973,973,0,80,91,1,0,0,0,0,1,0,下位,0,0,0
315,315,0,1093,5715,0,0,0,973,143,-1425,2,下位,0,0,0
324,324,0,51,63,1,0,0,0,0,1,0,下位,0,0,0
114,114,0,142,218,1,1,324,0,0,1,0,下位,0,324,115
379,379,0,100,132,0,0,0,438,270,-321,3,下位,0,0,0
844,844,0,87,151,0,0,0,379,184,-748,2,下位,0,0,0
300,300,0,80,101,1,0,0,0,0,1,0,下位,0,0,0
69,69,0,51,61,0,0,0,300,153,-330,1,下位,0,0,0
178,178,0,132,385,0,1,69,300,153,-330,1,下位,0,69,113
891,891,0,137,143,0,0,0,247,437,-178,4,下位,0,0,0
268,268,0,51,63,0,0,0,891,195,-1420,2,下位,0,0,0
615,615,0,102,140,0,1,268,891,195,-1420,2,下位,0,268,115
89,89,0,93,145,1,0,0,0,0,1,0,下位,0,0,0
685,685,0,94,153,0,0,0,89,197,54,2,下位,0,0,0
946,946,0,94,74,0,0,0,685,205,-846,1,下位,0,0,0
909,909,0,162,202,0,0,0,946,126,-2246,1,下位,0,0,0
878,878,0,110,247,1,0,0,0,0,1,0,下位,0,0,0
248,248,0,70,115,0,0,0,878,299,-1116,3,下位,0,0,0
89,89,0,132,155,0,0,0,248,167,-1349,1,下位,0,0,0
324,324,0,84,89,0,0,0,89,207,-1286,2,下位,0,0,0
976,976,0,144,135,1,0,0,0,0,1,0,下位,0,0,0
240,240,0,42,11,0,0,0,976,187,-1386,3,下位,0,0,0
575,575,0,52,67,0,1,240,976,187,-1386,3,下位,0,240,63
574,574,0,154,279,0,2,815,976,187,-1386,3,下位,0,575,119
550,550,0,42,7,1,0,0,0,0,1,0,下位,0,0,0
233,233,0,41,1,1,1,550,0,0,1,0,下位,0,550,59
887,887,0,52,71,1,2,783,0,0,1,0,下位,0,233,53
968,968,0,42,7,1,3,1670,0,0,1,0,下位,0,887,123
332,332,0,42,9,1,4,2638,0,0,1,0,下位,0,968,59
963,963,0,92,82,1,5,2970,0,0,1,0,下位,0,332,61
846,846,0,72,26,0,0,0,3933,134,-5853,1,下位,0,0,0
149,149,0,52,69,0,0,0,846,78,-7140,1,下位,0,0,0
754,754,0,194,286,0,1,149,846,78,-7140,1,下位,0,149,121
54,54,0,69,101,1,0,0,0,0,1,0,下位,0,0,0
475,475,0,170,339,0,0,0,54,153,67,1,下位,0,0,0
260,260,0,146,252,0,0,0,475,391,-308,4,下位,0,0,0
175,175,0,92,76,1,0,0,0,0,1,0,下位,0,0,0
638,638,0,107,115,0,0,0,175,128,-153,2,下位,0,0,0
962,962,0,84,89,0,0,0,638,167,-1015,2,下位,0,0,0
973,973,0,80,101,0,0,0,962,141,-2426,2,下位,0,0,0
94,94,0,42,5,0,0,0,973,153,-3842,1,下位,0,0,0
966,966,0,158,335,0,1,94,973,153,-3842,1,下位,0,94,57
169,169,0,50,59,0,0,0,1060,387,-5108,4,下位,0,0,0
322,322,0,1535,8094,0,1,169,1060,387,-5108,4,下位,0,169,111
586,586,0,76,69,1,0,0,0,0,1,0,下位,0,0,0
741,741,0,106,286,0,0,0,586,121,-823,2,下位,0,0,0
366,366,0,121,254,0,0,0,741,338,-1680,3,下位,0,0,0
836,836,0,52,67,0,0,0,366,306,-1964,3,下位,0,0,0
124,124,0,60,63,0,1,836,366,306,-1964,3,下位,0,836,119
27,27,0,1274,6159,1,0,0,0,0,1,0,下位,0,0,0
559,559,0,51,63,0,0,0,27,6211,764,12,上位,0,0,0
156,156,0,102,266,0,1,559,27,6211,764,12,上位,0,559,115
513,513,0,146,283,0,0,0,715,318,43,2,下位,0,0,0
160,160,0,52,67,0,0,0,513,335,-449,3,下位,0,0,0
950,950,0,128,308,0,1,160,513,335,-449,3,下位,0,160,119
255,255,0,75,167,0,0,0,1110,360,-1760,3,下位,0,0,0
485,485,0,52,67,0,0,0,255,219,-1952,1,下位,0,0,0
141,141,0,51,61,0,1,485,255,219,-1952,1,下位,0,485,119
635,635,0,41,3,0,2,626,255,219,-1952,1,下位,0,141,113
343,343,0,82,90,0,3,1261,255,219,-1952,1,下位,0,635,55
331,331,0,160,263,1,0,0,0,0,1,0,下位,0,0,0
471,471,0,81,131,0,0,0,331,315,-218,3,下位,0,0,0
450,450,0,97,136,1,0,0,0,0,1,0,下位,0,0,0
883,883,0,69,34,0,0,0,450,188,-537,2,下位,0,0,0
626,626,0,138,287,0,0,0,883,86,-1875,1,下位,0,0,0
70,70,0,42,11,0,0,0,626,339,-2546,4,下位,0,0,0
274,274,0,1374,6782,0,1,70,626,339,-2546,4,下位,0,70,63
310,310,0,620,2767,0,0,0,344,6834,769,12,上位,0,0,0
55,55,0,604,2442,0,0,0,310,2819,750,7,上位,0,0,0
258,258,0,1366,6592,1,0,0,0,0,1,0,下位,0,0,0
81,81,0,738,3170,0,0,0,258,6644,757,13,上位,0,0,0
178,178,0,84,155,0,0,0,81,3222,737,8,上位,0,0,0
504,504,0,162,175,0,0,0,178,207,657,1,下位,0,0,0
155,155,0,69,115,0,0,0,504,227,71,3,下位,0,0,0
200,200,0,118,181,0,0,0,155,167,-12,1,下位,0,0,0
241,241,0,196,274,0,0,0,200,233,-102,2,下位,0,0,0
421,421,0,154,427,1,0,0,0,0,1,0,下位,0,0,0
641,641,0,77,104,0,0,0,421,479,-199,4,下位,0,0,0
81,81,0,41,1,0,0,0,641,156,-1077,1,下位,0,0,0
729,729,0,116,176,0,1,81,641,156,-1077,1,下位,0,81,53
189,189,0,122,317,0,0,0,810,228,-2103,2,下位,0,0,0
639,639,0,218,330,0,0,0,189,369,-2039,3,下位,0,0,0
220,220,0,42,9,0,0,0,639,382,-2688,5,下位,0,0,0
922,922,0,156,280,0,1,220,639,382,-2688,5,下位,0,220,61
173,173,0,122,251,0,0,0,1142,332,-4137,4,下位,0,0,0
148,148,0,102,197,1,0,0,0,0,1,0,下位,0,0,0
139,139,0,52,65,0,0,0,148,249,11,2,下位,0,0,0
329,329,0,105,272,0,1,139,148,249,11,2,下位,0,139,117
715,715,0,78,98,1,0,0,0,0,1,0,下位,0,0,0
495,495,0,1125,5580,0,0,0,715,150,-1002,1,下位,0,0,0
758,758,0,41,3,0,0,0,495,5632,745,10,上位,0,0,0
39,39,0,62,46,0,1,758,495,5632,745,10,上位,0,758,55
52,52,0,659,2882,0,0,0,797,98,-388,1,下位,0,0,0
804,804,0,42,11,0,0,0,52,2934,754,6,上位,0,0,0
722,722,0,109,128,0,1,804,52,2934,754,6,上位,0,804,63
220,220,0,157,324,0,0,0,1526,180,-1465,2,下位,0,0,0
132,132,0,88,218,0,0,0,220,376,-1444,4,下位,0,0,0
910,910,0,42,7,0,0,0,132,270,-1387,2,下位,0,0,0
846,846,0,171,237,0,1,910,132,270,-1387,2,下位,0,910,59
141,141,0,96,142,0,0,0,1756,289,-3872,3,下位,0,0,0
153,153,0,103,61,0,0,0,141,194,-3905,1,下位,0,0,0
159,159,0,51,61,0,0,0,153,113,-4039,2,下位,0,0,0
158,158,0,63,48,0,1,159,153,113,-4039,2,下位,0,159,113
436,436,0,102,143,1,0,0,0,0,1,0,下位,0,0,0
814,814,0,1112,5666,0,0,0,436,195,-507,2,下位,0,0,0
298,298,0,86,81,0,0,0,814,5718,763,10,上位,0,0,0
720,720,0,152,347,1,0,0,0,0,1,0,下位,0,0,0
347,347,0,95,145,0,0,0,720,399,-761,4,下位,0,0,0
371,371,0,51,63,0,0,0,347,197,-1124,1,下位,0,0,0
782,782,0,110,188,0,1,371,347,197,-1124,1,下位,0,371,115
455,455,0,1374,7196,0,0,0,1153,240,-2628,2,下位,0,0,0
374,374,0,41,1,0,0,0,455,7248,757,13,上位,0,0,0
232,232,0,84,149,0,1,374,455,7248,757,13,上位,0,374,53
338,338,0,133,292,0,0,0,606,201,34,1,下位,0,0,0
755,755,0,72,183,0,0,0,338,344,-167,3,下位,0,0,0
186,186,0,183,376,0,0,0,755,235,-1150,1,下位,0,0,0
503,503,0,94,160,1,0,0,0,0,1,0,下位,0,0,0
157,157,0,75,27,0,0,0,503,212,-598,2,下位,0,0,0
147,147,0,160,345,0,0,0,157,79,-772,1,下位,0,0,0
269,269,0,117,122,0,0,0,147,397,-612,3,下位,0,0,0
291,291,0,58,53,0,0,0,269,174,-872,3,下位,0,0,0
286,286,0,115,305,0,0,0,291,105,-1236,1,下位,0,0,0
178,178,0,102,124,0,0,0,286,357,-1340,3,下位,0,0,0
660,660,0,97,149,0,0,0,178,176,-1451,1,下位,0,0,0
310,310,0,70,94,0,0,0,660,201,-2315,2,下位,0,0,0
955,955,0,114,253,0,0,0,310,146,-2669,1,下位,0,0,0
117,117,0,157,276,1,0,0,0,0,1,0,下位,0,0,0
962,962,0,72,106,0,0,0,117,328,140,4,下位,0,0,0
868,868,0,146,210,0,0,0,962,158,-1254,1,下位,0,0,0
92,92,0,83,96,0,0,0,868,262,-2392,4,下位,0,0,0
492,492,0,42,9,0,0,0,92,148,-2392,1,下位,0,0,0
305,305,0,1054,5214,0,1,492,92,148,-2392,1,下位,0,492,61
969,969,0,62,50,0,0,0,797,5266,742,10,上位,0,0,0
335,335,0,42,7,0,0,0,969,102,-719,1,下位,0,0,0
67,67,0,42,9,0,1,335,969,102,-719,1,下位,0,335,59
263,263,0,176,315,0,2,402,969,102,-719,1,下位,0,67,61
170,170,0,72,178,0,0,0,665,367,-1304,4,下位,0,0,0
263,263,0,58,54,0,0,0,170,230,-1348,1,下位,0,0,0
194,194,0,97,126,0,0,0,263,106,-1666,1,下位,0,0,0
249,249,0,124,248,0,0,0,194,178,-1801,2,下位,0,0,0
201,201,0,90,141,1,0,0,0,0,1,0,下位,0,0,0
945,945,0,67,44,0,0,0,201,193,-130,2,下位,0,0,0
40,40,0,52,67,0,0,0,945,96,-1558,1,下位,0,0,0
321,321,0,52,69,0,1,40,945,96,-1558,1,下位,0,40,119
317,317,0,170,236,0,2,361,945,96,-1558,1,下位,0,321,121
77,77,0,51,63,0,0,0,678,288,-2124,4,下位,0,0,0
657,657,0,119,184,0,1,77,678,288,-2124,4,下位,0,77,115
244,244,0,174,394,0,0,0,734,236,-2957,2,下位,0,0,0
447,447,0,42,9,0,0,0,244,446,-2905,4,下位,0,0,0
279,279,0,120,104,0,1,447,244,446,-2905,4,下位,0,447,61
724,724,0,77,172,1,0,0,0,0,1,0,下位,0,0,0
185,185,0,64,53,0,0,0,724,224,-943,1,下位,0,0,0
437,437,0,40,-4,0,0,0,185,105,-1136,1,下位,0,0,0
245,245,0,83,172,0,1,437,185,105,-1136,1,下位,0,437,48
424,424,0,1941,10241,0,0,0,682,224,-1964,1,下位,0,0,0
310,310,0,84,87,0,0,0,424,10293,765,16,上位,0,0,0
644,644,0,90,154,0,0,0,310,139,404,1,下位,0,0,0
281,281,0,137,224,0,0,0,644,206,-429,2,下位,0,0,0
245,245,0,68,112,0,0,0,281,276,-606,3,下位,0,0,0
636,636,0,130,153,1,0,0,0,0,1,0,下位,0,0,0
47,47,0,41,3,0,0,0,636,205,-820,3,下位,0,0,0
686,686,0,188,365,0,1,47,636,205,-820,3,下位,0,47,55
295,295,0,1062,4993,0,0,0,733,417,-1530,5,下位,0,0,0
801,801,0,102,128,0,0,0,295,5045,752,11,上位,0,0,0
410,410,0,703,3012,0,0,0,801,180,-360,1,下位,0,0,0
41,41,0,42,5,0,0,0,410,3064,769,7,上位,0,0,0
143,143,0,76,92,0,1,41,410,3064,769,7,上位,0,41,57
74,74,0,1022,4852,0,0,0,184,144,673,1,下位,0,0,0
806,806,0,186,218,0,0,0,74,4904,750,8,上位,0,0,0
287,287,0,41,3,0,0,0,806,270,-280,5,下位,0,0,0
963,963,0,88,160,0,1,287,806,270,-280,5,下位,0,287,55
226,226,0,67,107,1,0,0,0,0,1,0,下位,0,0,0
229,229,0,112,172,0,0,0,226,159,-205,1,下位,0,0,0
322,322,0,117,200,0,0,0,229,224,-350,2,下位,0,0,0
567,567,0,76,104,0,0,0,322,252,-617,3,下位,0,0,0
533,533,0,147,283,0,0,0,567,156,-1376,1,下位,0,0,0
808,808,0,84,168,0,0,0,533,335,-1901,4,下位,0,0,0
456,456,0,42,9,0,0,0,808,220,-2984,2,下位,0,0,0
712,712,0,52,69,0,1,456,808,220,-2984,2,下位,0,456,61
444,444,0,1772,9368,0,2,1168,808,220,-2984,2,下位,0,712,121
957,957,0,51,63,0,0,0,1612,9420,772,14,上位,0,0,0
595,595,0,151,282,0,1,957,1612,9420,772,14,上位,0,957,115
112,112,0,117,255,0,0,0,1552,334,-1283,4,下位,0,0,0
509,509,0,54,63,1,0,0,0,0,1,0,下位,0,0,0
395,395,0,42,5,0,0,0,509,115,-705,1,下位,0,0,0
170,170,0,102,138,0,1,395,509,115,-705,1,下位,0,395,57
50,50,0,51,61,0,0,0,565,190,-1369,1,下位,0,0,0
134,134,0,85,157,0,1,50,565,190,-1369,1,下位,0,50,113
313,313,0,174,323,0,0,0,184,209,-1344,1,下位,0,0,0
193,193,0,128,252,1,0,0,0,0,1,0,下位,0,0,0
421,421,0,93,149,0,0,0,193,304,-6,4,下位,0,0,0
945,945,0,88,88,0,0,0,421,201,-484,1,下位,0,0,0
176,176,0,1563,8289,0,0,0,945,140,-1868,1,下位,0,0,0
406,406,0,52,65,0,0,0,176,8341,765,14,上位,0,0,0
868,868,0,78,93,0,1,406,176,8341,765,14,上位,0,406,117
970,970,0,144,142,0,0,0,1274,145,-1028,1,下位,0,0,0
186,186,0,147,366,0,0,0,970,194,-2399,3,下位,0,0,0
461,461,0,42,11,0,0,0,186,418,-2281,3,下位,0,0,0
768,768,0,87,223,0,1,461,186,418,-2281,3,下位,0,461,63
269,269,0,1360,6928,0,0,0,1229,275,-3926,2,下位,0,0,0
356,356,0,82,91,1,0,0,0,0,1,0,下位,0,0,0
179,179,0,58,60,0,0,0,356,143,-430,2,下位,0,0,0
155,155,0,66,106,0,0,0,179,112,-607,1,下位,0,0,0
163,163,0,52,71,0,0,0,155,158,-699,1,下位,0,0,0
278,278,0,143,153,0,1,163,155,158,-699,1,下位,0,163,123
285,285,0,1116,4991,0,0,0,441,205,-1082,3,下位,0,0,0
202,202,0,68,114,0,0,0,285,5043,767,14,上位,0,0,0
264,264,0,142,146,0,0,0,202,166,607,1,下位,0,0,0
168,168,0,141,187,0,0,0,264,198,379,3,下位,0,0,0
800,800,0,97,147,0,0,0,168,239,347,3,下位,0,0,0
92,92,0,816,4017,1,0,0,0,0,1,0,下位,0,0,0
425,425,0,42,11,0,0,0,92,4069,769,8,上位,0,0,0
968,968,0,41,3,0,1,425,92,4069,769,8,上位,0,425,63
965,965,0,168,295,0,2,1393,92,4069,769,8,上位,0,968,55
573,573,0,1205,6031,0,0,0,2358,347,-2568,4,下位,0,0,0
967,967,0,75,100,0,0,0,573,6083,756,11,上位,0,0,0
142,142,0,88,80,0,0,0,967,152,-652,1,下位,0,0,0
302,302,0,813,3687,0,0,0,142,132,-749,1,下位,0,0,0
658,658,0,96,147,0,0,0,302,3739,756,8,上位,0,0,0
951,951,0,98,210,0,0,0,658,199,-106,1,下位,0,0,0
588,588,0,51,61,1,0,0,0,0,1,0,下位,0,0,0
655,655,0,1172,5680,1,1,588,0,0,1,0,下位,0,588,113
296,296,0,82,64,1,0,0,0,0,1,0,下位,0,0,0
104,104,0,66,47,0,0,0,296,116,-360,2,下位,0,0,0
228,228,0,924,4643,0,0,0,104,99,-429,1,下位,0,0,0
306,306,0,52,69,0,0,0,228,4695,766,8,上位,0,0,0
391,391,0,42,9,0,1,306,228,4695,766,8,上位,0,306,121
233,233,0,51,63,0,2,697,228,4695,766,8,上位,0,391,61
341,341,0,52,65,0,3,930,228,4695,766,8,上位,0,233,115
320,320,0,52,71,0,4,1271,228,4695,766,8,上位,0,341,117
337,337,0,977,4990,0,5,1591,228,4695,766,8,上位,0,320,123
424,424,0,58,56,0,0,0,1928,5042,751,9,上位,0,0,0
706,706,0,52,67,0,0,0,424,108,175,1,下位,0,0,0
962,962,0,171,396,0,1,706,424,108,175,1,下位,0,706,119
254,254,0,172,248,0,0,0,1668,448,-1949,4,下位,0,0,0
705,705,0,173,380,0,0,0,254,300,-2059,4,下位,0,0,0
148,148,0,102,132,0,0,0,705,432,-2764,4,下位,0,0,0
579,579,0,961,4765,1,0,0,0,0,1,0,下位,0,0,0
187,187,0,110,182,1,0,0,0,0,1,0,下位,0,0,0
241,241,0,75,107,0,0,0,187,234,-67,2,下位,0,0,0
379,379,0,42,5,0,0,0,241,159,-297,1,下位,0,0,0
847,847,0,168,329,0,1,379,241,159,-297,1,下位,0,379,57
379,379,0,172,400,0,0,0,1226,381,-1836,4,下位,0,0,0
723,723,0,80,96,0,0,0,379,452,-1995,4,下位,0,0,0
195,195,0,96,144,0,0,0,723,148,-3013,2,下位,0,0,0
308,308,0,104,205,0,0,0,195,196,-3132,1,下位,0,0,0
490,490,0,41,3,0,0,0,308,257,-3372,2,下位,0,0,0
275,275,0,75,183,0,1,490,308,257,-3372,2,下位,0,490,55
262,262,0,94,143,0,0,0,765,235,-4316,1,下位,0,0,0
162,162,0,150,196,0,0,0,262,195,-4544,1,下位,0,0,0
962,962,0,144,300,0,0,0,162,248,-4557,3,下位,0,0,0
379,379,0,145,353,1,0,0,0,0,1,0,下位,0,0,0
969,969,0,82,97,0,0,0,379,405,-205,3,下位,0,0,0
278,278,0,51,63,0,0,0,969,149,-1619,1,下位,0,0,0
963,963,0,106,130,0,1,278,969,149,-1619,1,下位,0,278,115
257,257,0,155,347,0,0,0,1241,182,-3323,3,下位,0,0,0
487,487,0,99,130,1,0,0,0,0,1,0,下位,0,0,0
621,621,0,1279,6277,0,0,0,487,182,-602,2,下位,0,0,0
298,298,0,102,135,0,0,0,621,6329,757,11,上位,0,0,0
190,190,0,167,338,0,0,0,298,187,463,2,下位,0,0,0
967,967,0,52,67,0,0,0,190,390,547,3,下位,0,0,0
244,244,0,60,55,0,1,967,190,390,547,3,下位,0,967,119
183,183,0,86,76,0,0,0,1211,107,-1181,1,下位,0,0,0
365,365,0,159,263,0,0,0,183,128,-1348,1,下位,0,0,0
355,355,0,165,242,0,0,0,365,315,-1622,3,下位,0,0,0
967,967,0,90,86,0,0,0,355,294,-1901,4,下位,0,0,0
135,135,0,51,63,0,0,0,967,138,-3323,1,下位,0,0,0
566,566,0,97,140,0,1,135,967,138,-3323,1,下位,0,135,115
974,974,0,110,274,0,0,0,701,192,-4147,1,下位,0,0,0
871,871,0,126,167,0,0,0,974,326,-5392,2,下位,0,0,0
140,140,0,42,7,1,0,0,0,0,1,0,下位,0,0,0
785,785,0,100,145,1,1,140,0,0,1,0,下位,0,140,59
242,242,0,180,296,0,0,0,925,197,-1235,2,下位,0,0,0
207,207,0,52,65,1,0,0,0,0,1,0,下位,0,0,0
376,376,0,52,67,1,1,207,0,0,1,0,下位,0,207,117
128,128,0,117,112,1,2,583,0,0,1,0,下位,0,376,119
379,379,0,42,9,0,0,0,711,164,-745,2,下位,0,0,0
579,579,0,66,37,0,1,379,711,164,-745,2,下位,0,379,61
185,185,0,196,293,0,0,0,958,89,-2140,1,下位,0,0,0
329,329,0,52,71,0,0,0,185,345,-2093,4,下位,0,0,0
243,243,0,190,358,0,1,329,185,345,-2093,4,下位,0,329,123
369,369,0,49,48,0,0,0,572,410,-2483,4,下位,0,0,0
117,117,0,80,162,0,1,369,572,410,-2483,4,下位,0,369,100
467,467,0,71,39,0,0,0,486,214,-2953,1,下位,0,0,0
503,503,0,82,90,0,0,0,467,91,-3615,1,下位,0,0,0
82,82,0,42,7,0,0,0,503,142,-4284,1,下位,0,0,0
94,94,0,42,5,0,1,82,503,142,-4284,1,下位,0,82,59
429,429,0,130,238,0,2,176,503,142,-4284,1,下位,0,94,57
161,161,0,183,297,0,0,0,605,290,-4854,3,下位,0,0,0
774,774,0,108,54,0,0,0,161,349,-4765,4,下位,0,0,0
493,493,0,136,159,0,0,0,774,106,-5907,2,下位,0,0,0
939,939,0,72,106,0,0,0,493,211,-6491,3,下位,0,0,0
967,967,0,195,354,0,0,0,939,158,-7848,2,下位,0,0,0
190,190,0,52,67,1,0,0,0,0,1,0,下位,0,0,0
482,482,0,1124,5524,1,1,190,0,0,1,0,下位,0,190,119
261,261,0,70,39,0,0,0,672,5576,759,9,上位,0,0,0
369,369,0,42,7,0,0,0,261,91,429,1,下位,0,0,0
232,232,0,87,159,0,1,369,261,91,429,1,下位,0,369,59
186,186,0,135,80,0,0,0,601,211,-270,2,下位,0,0,0
211,211,0,42,9,0,0,0,186,132,-438,3,下位,0,0,0
280,280,0,1105,5029,0,1,211,186,132,-438,3,下位,0,211,61
117,117,0,70,111,1,0,0,0,0,1,0,下位,0,0,0
207,207,0,120,255,0,0,0,117,163,-25,1,下位,0,0,0
636,636,0,104,134,0,0,0,207,307,-52,3,下位,0,0,0
667,667,0,52,69,0,0,0,636,186,-892,2,下位,0,0,0
492,492,0,104,274,0,1,667,636,186,-892,2,下位,0,667,121
593,593,0,73,101,0,0,0,1159,326,-2315,2,下位,0,0,0
282,282,0,41,3,0,0,0,593,153,-3118,2,下位,0,0,0
575,575,0,42,11,0,1,282,593,153,-3118,2,下位,0,282,55
967,967,0,51,63,0,2,857,593,153,-3118,2,下位,0,575,63
931,931,0,52,65,0,3,1824,593,153,-3118,2,下位,0,967,115
267,267,0,60,55,0,4,2755,593,153,-3118,2,下位,0,931,117
729,729,0,85,155,0,0,0,3022,107,-7536,1,下位,0,0,0
365,365,0,966,4715,0,0,0,729,207,-8505,2,下位,0,0,0
243,243,0,170,235,1,0,0,0,0,1,0,下位,0,0,0
307,307,0,1032,5160,0,0,0,243,287,-104,4,下位,0,0,0
246,246,0,1148,5750,1,0,0,0,0,1,0,下位,0,0,0
103,103,0,51,61,0,0,0,246,5802,771,10,上位,0,0,0
95,95,0,42,5,0,1,103,246,5802,771,10,上位,0,103,113
320,320,0,52,69,0,2,198,246,5802,771,10,上位,0,95,57
92,92,0,42,11,0,3,518,246,5802,771,10,上位,0,320,121
814,814,0,119,196,0,4,610,246,5802,771,10,上位,0,92,63
965,965,0,81,99,0,0,0,1424,248,-923,3,下位,0,0,0
701,701,0,41,3,0,0,0,965,151,-2328,1,下位,0,0,0
969,969,0,42,7,0,1,701,965,151,-2328,1,下位,0,701,55
768,768,0,80,105,0,2,1670,965,151,-2328,1,下位,0,969,59
359,359,0,42,11,0,0,0,2438,157,-5990,1,下位,0,0,0
470,470,0,1146,5723,0,1,359,2438,157,-5990,1,下位,0,359,63
501,501,0,65,47,0,0,0,829,5775,-1489,11,上位,0,0,0
426,426,0,65,125,0,0,0,501,99,-2198,1,下位,0,0,0
549,549,0,92,147,1,0,0,0,0,1,0,下位,0,0,0
297,297,0,42,7,0,0,0,549,199,-685,2,下位,0,0,0
934,934,0,66,106,0,1,297,549,199,-685,2,下位,0,297,59
319,319,0,73,84,1,0,0,0,0,1,0,下位,0,0,0
852,852,0,155,274,0,0,0,319,136,-378,1,下位,0,0,0
235,235,0,74,115,0,0,0,852,326,-1426,3,下位,0,0,0
623,623,0,71,102,0,0,0,235,167,-1638,1,下位,0,0,0
839,839,0,93,147,0,0,0,623,154,-2489,1,下位,0,0,0
134,134,0,41,3,0,0,0,839,199,-3643,2,下位,0,0,0
182,182,0,88,84,0,1,134,839,199,-3643,2,下位,0,134,55
351,351,0,80,101,0,0,0,316,136,-3962,1,下位,0,0,0
347,347,0,1457,7458,0,0,0,351,153,-4375,1,下位,0,0,0
427,427,0,116,182,0,0,0,347,7510,773,14,上位,0,0,0
159,159,0,68,116,0,0,0,427,234,318,2,下位,0,0,0
358,358,0,51,63,0,0,0,159,168,230,1,下位,0,0,0
343,343,0,173,173,0,1,358,159,168,230,1,下位,0,358,115
158,158,0,51,63,0,0,0,701,225,-560,3,下位,0,0,0
41,41,0,59,51,0,1,158,701,225,-560,3,下位,0,158,115
274,274,0,143,346,1,0,0,0,0,1,0,下位,0,0,0
969,969,0,131,227,0,0,0,274,398,-43,4,下位,0,0,0
40,40,0,1176,6011,0,0,0,969,279,-1327,4,下位,0,0,0
169,169,0,41,3,0,0,0,40,6063,758,8,上位,0,0,0
234,234,0,62,40,0,1,169,40,6063,758,8,上位,0,169,55
697,697,0,1045,4953,1,0,0,0,0,1,0,下位,0,0,0
897,897,0,42,11,0,0,0,697,5005,746,11,上位,0,0,0
435,435,0,42,7,0,1,897,697,5005,746,11,上位,0,897,63
799,799,0,50,58,0,2,1332,697,5005,746,11,上位,0,435,59
306,306,0,123,239,0,3,2131,697,5005,746,11,上位,0,799,110
490,490,0,95,138,0,0,0,2437,291,-2663,3,下位,0,0,0
201,201,0,140,216,0,0,0,490,190,-3263,1,下位,0,0,0
507,507,0,149,137,0,0,0,201,268,-3319,2,下位,0,0,0
59,59,0,1151,6280,0,0,0,507,189,-3948,3,下位,0,0,0
539,539,0,1060,5430,1,0,0,0,0,1,0,下位,0,0,0
556,556,0,104,61,1,0,0,0,0,1,0,下位,0,0,0
321,321,0,51,61,0,0,0,556,113,-783,2,下位,0,0,0
471,471,0,134,153,0,1,321,556,113,-783,2,下位,0,321,113
318,318,0,64,49,0,0,0,792,205,-1743,3,下位,0,0,0
517,517,0,60,57,0,0,0,318,101,-2155,1,下位,0,0,0
208,208,0,121,167,0,0,0,517,109,-2880,1,下位,0,0,0
267,267,0,111,180,0,0,0,208,219,-2996,3,下位,0,0,0
625,625,0,171,255,0,0,0,267,232,-3195,3,下位,0,0,0
595,595,0,119,313,0,0,0,625,307,-3896,4,下位,0,0,0
568,568,0,1671,8852,0,0,0,595,365,-4491,3,下位,0,0,0
225,225,0,124,187,0,0,0,568,8904,759,15,上位,0,0,0
434,434,0,115,120,1,0,0,0,0,1,0,下位,0,0,0
711,711,0,183,229,1,0,0,0,0,1,0,下位,0,0,0
553,553,0,81,164,0,0,0,711,281,-865,5,下位,0,0,0
210,210,0,51,61,0,0,0,553,216,-1541,1,下位,0,0,0
80,80,0,84,85,0,1,210,553,216,-1541,1,下位,0,210,113
785,785,0,51,63,0,0,0,290,137,-1759,1,下位,0,0,0
353,353,0,98,139,0,1,785,290,137,-1759,1,下位,0,785,115
965,965,0,40,-5,0,0,0,1138,191,-3288,2,下位,0,0,0
967,967,0,133,315,0,1,965,1138,191,-3288,2,下位,0,965,47
690,690,0,118,112,1,0,0,0,0,1,0,下位,0,0,0
94,94,0,145,211,1,0,0,0,0,1,0,下位,0,0,0
357,357,0,1330,6539,0,0,0,94,263,112,3,下位,0,0,0
821,821,0,110,194,0,0,0,357,6591,772,12,上位,0,0,0
827,827,0,83,94,0,0,0,821,246,-306,3,下位,0,0,0
547,547,0,106,134,0,0,0,827,146,-1494,1,下位,0,0,0
956,956,0,52,71,0,0,0,547,186,-2190,3,下位,0,0,0
538,538,0,190,193,0,1,956,547,186,-2190,3,下位,0,956,123
963,963,0,196,208,0,0,0,1494,245,-4232,4,下位,0,0,0
207,207,0,110,195,0,0,0,963,260,-5525,4,下位,0,0,0
258,258,0,96,151,0,0,0,207,247,-5612,2,下位,0,0,0
518,518,0,93,72,0,0,0,258,203,-5825,1,下位,0,0,0
278,278,0,97,288,0,0,0,518,124,-6536,1,下位,0,0,0
453,453,0,1008,4608,1,0,0,0,0,1,0,下位,0,0,0
491,491,0,87,72,0,0,0,453,4660,770,11,上位,0,0,0
146,146,0,66,120,0,0,0,491,124,102,1,下位,0,0,0
375,375,0,754,3382,0,0,0,146,172,39,1,下位,0,0,0
240,240,0,614,2678,0,0,0,375,3434,765,9,上位,0,0,0
378,378,0,52,65,0,0,0,240,2730,754,7,上位,0,0,0
858,858,0,51,64,0,1,378,240,2730,754,7,上位,0,378,117
267,267,0,104,204,0,2,1236,240,2730,754,7,上位,0,858,116
809,809,0,117,179,0,0,0,1503,256,-1182,3,下位,0,0,0
643,643,0,185,306,1,0,0,0,0,1,0,下位,0,0,0
780,780,0,52,71,1,0,0,0,0,1,0,下位,0,0,0
825,825,0,155,255,1,1,780,0,0,1,0,下位,0,780,123
133,133,0,140,335,0,0,0,1605,307,-2158,3,下位,0,0,0
267,267,0,129,158,0,0,0,133,387,-1986,3,下位,0,0,0
124,124,0,72,114,0,0,0,267,210,-2207,2,下位,0,0,0
962,962,0,53,72,0,0,0,124,166,-2241,1,下位,0,0,0
701,701,0,146,203,0,1,962,124,166,-2241,1,下位,0,962,124
653,653,0,66,39,0,0,0,1663,255,-4545,2,下位,0,0,0
982,982,0,124,101,0,0,0,653,91,-5507,1,下位,0,0,0
143,143,0,188,306,0,0,0,982,153,-6938,2,下位,0,0,0
322,322,0,219,316,1,0,0,0,0,1,0,下位,0,0,0
420,420,0,194,293,1,0,0,0,0,1,0,下位,0,0,0
94,94,0,853,4340,0,0,0,420,345,-331,5,下位,0,0,0
490,490,0,652,2687,0,0,0,94,4329,749,5,上位,0,0,0
969,969,0,52,65,0,0,0,490,2739,760,8,上位,0,0,0
967,967,0,85,157,0,1,969,490,2739,760,8,上位,0,969,117
667,667,0,178,309,0,0,0,1936,209,-2037,1,下位,0,0,0
976,976,0,42,11,0,0,0,667,361,-2752,4,下位,0,0,0
90,90,0,89,159,0,1,976,667,361,-2752,4,下位,0,976,63
467,467,0,121,187,0,0,0,1066,211,-4197,1,下位,0,0,0
649,649,0,76,159,0,0,0,467,239,-4711,2,下位,0,0,0
394,394,0,142,210,0,0,0,649,211,-5547,2,下位,0,0,0
965,965,0,67,35,0,0,0,394,262,-5920,3,下位,0,0,0
557,557,0,128,247,1,0,0,0,0,1,0,下位,0,0,0
591,591,0,83,157,0,0,0,557,299,-598,2,下位,0,0,0
313,313,0,112,191,0,0,0,591,209,-1342,2,下位,0,0,0
602,602,0,88,89,1,0,0,0,0,1,0,下位,0,0,0
576,576,0,101,134,0,0,0,602,141,-829,2,下位,0,0,0
334,334,0,42,9,0,0,0,576,186,-1572,1,下位,0,0,0
519,519,0,73,108,0,1,334,576,186,-1572,1,下位,0,334,61
600,600,0,73,105,0,0,0,853,160,-2727,1,下位,0,0,0
385,385,0,118,174,0,0,0,600,157,-3538,1,下位,0,0,0
257,257,0,106,203,0,0,0,385,226,-3933,2,下位,0,0,0
781,781,0,103,134,0,0,0,257,255,-4093,2,下位,0,0,0
301,301,0,120,251,1,0,0,0,0,1,0,下位,0,0,0
451,451,0,115,193,0,0,0,301,303,-181,2,下位,0,0,0
855,855,0,42,6,0,0,0,451,245,-663,3,下位,0,0,0
329,329,0,91,73,0,1,855,451,245,-663,3,下位,0,855,58
556,556,0,42,5,0,0,0,1184,125,-2390,2,下位,0,0,0
881,881,0,51,63,0,1,556,1184,125,-2390,2,下位,0,556,57
801,801,0,197,367,0,2,1437,1184,125,-2390,2,下位,0,881,115
175,175,0,81,164,1,0,0,0,0,1,0,下位,0,0,0
276,276,0,150,282,0,0,0,175,216,-65,1,下位,0,0,0
239,239,0,64,33,0,0,0,276,334,-176,4,下位,0,0,0
148,148,0,51,63,0,0,0,239,85,-476,1,下位,0,0,0
441,441,0,52,67,0,1,148,239,85,-476,1,下位,0,148,115
469,469,0,102,211,0,2,589,239,85,-476,1,下位,0,441,119
724,724,0,1220,5898,0,0,0,1058,263,-1685,2,下位,0,0,0
193,193,0,81,91,1,0,0,0,0,1,0,下位,0,0,0
709,709,0,42,11,0,0,0,193,143,-167,2,下位,0,0,0
232,232,0,51,63,0,1,709,193,143,-167,2,下位,0,709,63
292,292,0,146,279,0,2,941,193,143,-167,2,下位,0,232,115
821,821,0,114,152,1,0,0,0,0,1,0,下位,0,0,0
161,161,0,76,95,0,0,0,821,204,-1119,2,下位,0,0,0
377,377,0,51,61,1,0,0,0,0,1,0,下位,0,0,0
209,209,0,81,92,1,1,377,0,0,1,0,下位,0,377,113
428,428,0,111,120,1,0,0,0,0,1,0,下位,0,0,0
318,318,0,68,35,0,0,0,428,172,-517,2,下位,0,0,0
270,270,0,104,142,0,0,0,318,87,-943,1,下位,0,0,0
650,650,0,1228,6074,0,0,0,270,194,-1184,1,下位,0,0,0
332,332,0,52,65,0,0,0,650,6126,771,12,上位,0,0,0
226,226,0,1012,4513,0,1,332,650,6126,771,12,上位,0,332,117
794,794,0,51,63,0,0,0,558,4565,769,9,上位,0,0,0
425,425,0,112,257,0,1,794,558,4565,769,9,上位,0,794,115
262,262,0,731,3214,0,0,0,1219,309,-773,2,下位,0,0,0
702,702,0,151,207,0,0,0,262,3266,749,7,上位,0,0,0
142,142,0,52,65,0,0,0,702,259,-124,3,下位,0,0,0
306,306,0,92,63,0,1,142,702,259,-124,3,下位,0,142,117
157,157,0,128,168,0,0,0,448,115,-615,1,下位,0,0,0
818,818,0,96,150,1,0,0,0,0,1,0,下位,0,0,0
134,134,0,111,194,0,0,0,818,202,-1116,2,下位,0,0,0
246,246,0,130,241,0,0,0,134,246,-1086,2,下位,0,0,0
531,531,0,102,199,1,0,0,0,0,1,0,下位,0,0,0
903,903,0,107,203,0,0,0,531,251,-604,2,下位,0,0,0
585,585,0,166,412,0,0,0,903,255,-1805,2,下位,0,0,0
773,773,0,1433,7451,0,0,0,585,464,-2285,4,下位,0,0,0
966,966,0,62,116,0,0,0,773,7503,764,13,上位,0,0,0
67,67,0,69,117,1,0,0,0,0,1,0,下位,0,0,0
138,138,0,107,199,0,0,0,67,169,62,1,下位,0,0,0
122,122,0,175,389,0,0,0,138,251,90,2,下位,0,0,0
699,699,0,143,284,0,0,0,122,441,334,5,下位,0,0,0
37,37,0,42,9,0,0,0,699,336,-457,4,下位,0,0,0
969,969,0,915,4329,0,1,37,699,336,-457,4,下位,0,37,61
174,174,0,124,178,1,0,0,0,0,1,0,下位,0,0,0
980,980,0,170,328,0,0,0,174,230,-50,4,下位,0,0,0
427,427,0,41,1,0,0,0,980,380,-1251,4,下位,0,0,0
282,282,0,42,11,0,1,427,980,380,-1251,4,下位,0,427,53
178,178,0,51,61,0,2,709,980,380,-1251,4,下位,0,282,63
968,968,0,78,32,0,3,887,980,380,-1251,4,下位,0,178,113
466,466,0,51,63,0,0,0,1855,84,-3930,1,下位,0,0,0
41,41,0,127,87,0,1,466,1855,84,-3930,1,下位,0,466,115
379,379,0,160,256,0,0,0,507,139,-4494,3,下位,0,0,0
873,873,0,108,274,0,0,0,379,308,-4797,3,下位,0,0,0
326,326,0,52,65,1,0,0,0,0,1,0,下位,0,0,0
587,587,0,52,71,1,1,326,0,0,1,0,下位,0,326,117
139,139,0,88,92,1,2,913,0,0,1,0,下位,0,587,123
63,63,0,74,17,1,0,0,0,0,1,0,下位,0,0,0
969,969,0,86,81,0,0,0,63,69,-32,1,下位,0,0,0
933,933,0,70,121,0,0,0,969,133,-1462,2,下位,0,0,0
962,962,0,150,349,0,0,0,933,173,-2794,1,下位,0,0,0
964,964,0,114,194,0,0,0,962,401,-3945,4,下位,0,0,0
348,348,0,122,180,0,0,0,964,246,-5254,2,下位,0,0,0
204,204,0,67,108,0,0,0,348,232,-5583,3,下位,0,0,0
421,421,0,98,143,0,0,0,204,160,-5752,1,下位,0,0,0
197,197,0,41,0,0,0,0,421,195,-6236,2,下位,0,0,0
165,165,0,89,70,0,1,197,421,195,-6236,2,下位,0,197,52
227,227,0,127,161,1,0,0,0,0,1,0,下位,0,0,0
313,313,0,934,4476,0,0,0,227,213,-152,2,下位,0,0,0
236,236,0,51,63,1,0,0,0,0,1,0,下位,0,0,0
330,330,0,94,78,1,1,236,0,0,1,0,下位,0,236,115
717,717,0,126,169,0,0,0,566,130,-667,1,下位,0,0,0
886,886,0,144,264,0,0,0,717,221,-1602,2,下位,0,0,0
514,514,0,52,69,0,0,0,886,316,-2715,4,下位,0,0,0
229,229,0,42,9,0,1,514,886,316,-2715,4,下位,0,514,121
152,152,0,42,9,0,2,743,886,316,-2715,4,下位,0,229,61
233,233,0,77,106,0,3,895,886,316,-2715,4,下位,0,152,61
120,120,0,42,5,0,0,0,1128,158,-4133,1,下位,0,0,0
759,759,0,112,121,0,1,120,1128,158,-4133,1,下位,0,120,57
705,705,0,116,190,0,0,0,879,173,-5321,2,下位,0,0,0
289,289,0,56,62,0,0,0,705,242,-6216,2,下位,0,0,0
276,276,0,190,355,0,0,0,289,114,-6568,1,下位,0,0,0
362,362,0,119,187,0,0,0,276,407,-6606,4,下位,0,0,0
198,198,0,78,174,0,0,0,362,239,-6951,2,下位,0,0,0
390,390,0,162,335,1,0,0,0,0,1,0,下位,0,0,0
844,844,0,68,116,1,0,0,0,0,1,0,下位,0,0,0
479,479,0,150,280,0,0,0,844,168,-1192,1,下位,0,0,0
427,427,0,62,96,0,0,0,479,332,-1633,4,下位,0,0,0
484,484,0,52,69,0,0,0,427,148,-2174,1,下位,0,0,0
968,968,0,42,6,0,1,484,427,148,-2174,1,下位,0,484,121
297,297,0,69,115,0,2,1452,427,148,-2174,1,下位,0,968,58
840,840,0,73,187,0,0,0,1749,167,-4649,1,下位,0,0,0
127,127,0,1908,9698,0,0,0,840,239,-5765,1,下位,0,0,0
520,520,0,52,67,0,0,0,127,9750,727,17,上位,0,0,0
395,395,0,51,61,0,1,520,127,9750,727,17,上位,0,520,119
266,266,0,157,395,0,2,915,127,9750,727,17,上位,0,395,113
71,71,0,804,4235,0,0,0,1181,447,-499,5,下位,0,0,0
837,837,0,119,106,1,0,0,0,0,1,0,下位,0,0,0
490,490,0,93,285,0,0,0,837,158,-1191,2,下位,0,0,0
969,969,0,75,21,0,0,0,490,337,-1644,2,下位,0,0,0
147,147,0,1082,5655,0,0,0,969,73,-3134,1,下位,0,0,0
895,895,0,80,80,0,0,0,147,5707,763,10,上位,0,0,0
650,650,0,108,213,1,0,0,0,0,1,0,下位,0,0,0
173,173,0,72,105,1,0,0,0,0,1,0,下位,0,0,0
438,438,0,102,137,0,0,0,173,157,-121,2,下位,0,0,0
224,224,0,82,146,0,0,0,438,189,-638,2,下位,0,0,0
959,959,0,42,7,0,0,0,224,198,-801,2,下位,0,0,0
408,408,0,191,201,0,1,959,224,198,-801,2,下位,0,959,59
349,349,0,117,200,1,0,0,0,0,1,0,下位,0,0,0
260,260,0,896,4273,1,0,0,0,0,1,0,下位,0,0,0
801,801,0,68,119,0,0,0,260,4325,750,9,上位,0,0,0
264,264,0,42,9,0,0,0,801,171,-371,1,下位,0,0,0
365,365,0,181,371,0,1,264,801,171,-371,1,下位,0,264,61
839,839,0,78,182,0,0,0,629,423,-902,5,下位,0,0,0
330,330,0,41,1,1,0,0,0,0,1,0,下位,0,0,0
83,83,0,135,283,1,1,330,0,0,1,0,下位,0,330,53
105,105,0,95,194,1,0,0,0,0,1,0,下位,0,0,0
778,778,0,89,153,0,0,0,105,246,78,2,下位,0,0,0
129,129,0,90,90,1,0,0,0,0,1,0,下位,0,0,0
337,337,0,950,4458,0,0,0,129,142,-65,1,下位,0,0,0
724,724,0,1590,8048,1,0,0,0,0,1,0,下位,0,0,0
52,52,0,122,252,1,0,0,0,0,1,0,下位,0,0,0
894,894,0,1457,7268,0,0,0,52,304,221,3,下位,0,0,0
185,185,0,42,5,0,0,0,894,7320,761,13,上位,0,0,0
412,412,0,127,169,0,1,185,894,7320,761,13,上位,0,185,57
420,420,0,99,142,1,0,0,0,0,1,0,下位,0,0,0
315,315,0,88,87,0,0,0,420,194,-482,2,下位,0,0,0
970,970,0,68,116,0,0,0,315,139,-851,2,下位,0,0,0
271,271,0,2295,11787,0,0,0,970,168,-2248,1,下位,0,0,0
325,325,0,934,4362,1,0,0,0,0,1,0,下位,0,0,0
114,114,0,52,69,0,0,0,325,4414,761,10,上位,0,0,0
475,475,0,125,174,0,1,114,325,4414,761,10,上位,0,114,121
893,893,0,1389,6840,1,0,0,0,0,1,0,下位,0,0,0
703,703,0,166,329,1,0,0,0,0,1,0,下位,0,0,0
46,46,0,880,4690,0,0,0,703,381,-752,4,下位,0,0,0
359,359,0,633,2808,0,0,0,46,3844,759,5,上位,0,0,0
373,373,0,100,140,1,0,0,0,0,1,0,下位,0,0,0
224,224,0,938,4612,0,0,0,373,192,-409,2,下位,0,0,0
155,155,0,88,88,0,0,0,224,4664,774,9,上位,0,0,0
431,431,0,51,63,0,0,0,155,140,664,1,下位,0,0,0
678,678,0,755,3827,0,1,431,155,140,664,1,下位,0,431,115
696,696,0,67,107,1,0,0,0,0,1,0,下位,0,0,0
647,647,0,114,174,0,0,0,696,159,-963,1,下位,0,0,0
288,288,0,124,174,0,0,0,647,226,-1781,3,下位,0,0,0
327,327,0,42,9,0,0,0,288,226,-2020,2,下位,0,0,0
332,332,0,176,364,0,1,327,288,226,-2020,2,下位,0,327,61
672,672,0,51,63,0,0,0,659,416,-2605,5,下位,0,0,0
813,813,0,92,145,0,1,672,659,416,-2605,5,下位,0,672,115
159,159,0,42,7,0,0,0,1485,197,-4688,2,下位,0,0,0
318,318,0,224,286,0,1,159,1485,197,-4688,2,下位,0,159,59
145,145,0,146,237,1,0,0,0,0,1,0,下位,0,0,0
209,209,0,94,225,0,0,0,145,289,56,4,下位,0,0,0
800,800,0,1058,5113,1,0,0,0,0,1,0,下位,0,0,0
974,974,0,42,11,0,0,0,800,5165,750,10,上位,0,0,0
432,432,0,138,309,0,1,974,800,5165,750,10,上位,0,974,63
962,962,0,42,11,0,0,0,1406,361,-1094,4,下位,0,0,0
38,38,0,130,222,0,1,962,1406,361,-1094,4,下位,0,962,63
156,156,0,83,94,0,0,0,1000,274,-2370,3,下位,0,0,0
972,972,0,139,375,0,0,0,156,146,-2476,1,下位,0,0,0
782,782,0,128,228,1,0,0,0,0,1,0,下位,0,0,0
414,414,0,1173,5503,0,0,0,782,280,-980,2,下位,0,0,0
674,674,0,172,256,1,0,0,0,0,1,0,下位,0,0,0
343,343,0,158,268,0,0,0,674,308,-778,3,下位,0,0,0
308,308,0,122,250,0,0,0,343,320,-1011,3,下位,0,0,0
340,340,0,1550,7948,0,0,0,308,302,-1206,3,下位,0,0,0
375,375,0,76,22,0,0,0,340,8000,753,13,上位,0,0,0
226,226,0,103,124,0,0,0,375,74,222,1,下位,0,0,0
285,285,0,193,290,0,0,0,226,176,33,2,下位,0,0,0
330,330,0,97,217,0,0,0,285,342,-85,4,下位,0,0,0
651,651,0,114,125,0,0,0,330,269,-348,2,下位,0,0,0
244,244,0,41,1,0,0,0,651,177,-1221,2,下位,0,0,0
391,391,0,52,67,0,1,244,651,177,-1221,2,下位,0,244,53
265,265,0,103,128,0,2,635,651,177,-1221,2,下位,0,391,119
297,297,0,42,7,0,0,0,900,180,-2321,1,下位,0,0,0
233,233,0,109,197,0,1,297,900,180,-2321,1,下位,0,297,59
185,185,0,42,5,1,0,0,0,0,1,0,下位,0,0,0
93,93,0,51,63,1,1,185,0,0,1,0,下位,0,185,57
194,194,0,77,104,1,2,278,0,0,1,0,下位,0,93,115
584,584,0,42,7,0,0,0,472,156,-432,1,下位,0,0,0
194,194,0,117,174,0,1,584,472,156,-432,1,下位,0,584,59
213,213,0,68,35,1,0,0,0,0,1,0,下位,0,0,0
286,286,0,162,246,0,0,0,213,87,-256,1,下位,0,0,0
628,628,0,41,3,0,0,0,286,298,-419,3,下位,0,0,0
373,373,0,42,7,0,1,628,286,298,-419,3,下位,0,628,55
112,112,0,42,9,0,2,1001,286,298,-419,3,下位,0,373,59
772,772,0,42,9,0,3,1113,286,298,-419,3,下位,0,112,61
318,318,0,79,95,0,4,1885,286,298,-419,3,下位,0,772,61
284,284,0,108,265,0,0,0,2203,147,-3590,1,下位,0,0,0
254,254,0,149,201,0,0,0,284,317,-3731,3,下位,0,0,0
442,442,0,51,61,0,0,0,254,253,-3888,3,下位,0,0,0
711,711,0,78,104,0,1,442,254,253,-3888,3,下位,0,442,113
298,298,0,122,162,0,0,0,1153,156,-5479,1,下位,0,0,0
98,98,0,1784,9804,0,0,0,298,214,-5746,3,下位,0,0,0
564,564,0,88,161,1,0,0,0,0,1,0,下位,0,0,0
782,782,0,111,181,0,0,0,564,213,-696,2,下位,0,0,0
416,416,0,106,198,1,0,0,0,0,1,0,下位,0,0,0
945,945,0,134,324,0,0,0,416,250,-420,3,下位,0,0,0
259,259,0,162,408,0,0,0,945,376,-1568,3,下位,0,0,0
328,328,0,41,1,0,0,0,259,460,-1526,4,下位,0,0,0
204,204,0,52,67,0,1,328,259,460,-1526,4,下位,0,328,53
201,201,0,144,287,0,2,532,259,460,-1526,4,下位,0,204,119
298,298,0,119,183,0,0,0,733,339,-2197,4,下位,0,0,0
666,666,0,72,181,0,0,0,298,235,-2443,2,下位,0,0,0
336,336,0,51,60,0,0,0,666,233,-3284,1,下位,0,0,0
202,202,0,1311,7079,0,1,336,666,233,-3284,1,下位,0,336,112
313,313,0,90,146,0,0,0,538,7014,771,9,上位,0,0,0
289,289,0,98,149,0,0,0,313,198,464,1,下位,0,0,0
177,177,0,108,131,1,0,0,0,0,1,0,下位,0,0,0
255,255,0,70,113,0,0,0,177,183,-101,2,下位,0,0,0
302,302,0,111,130,0,0,0,255,165,-347,1,下位,0,0,0
769,769,0,92,141,0,0,0,302,182,-652,2,下位,0,0,0
221,221,0,82,172,0,0,0,769,193,-1699,2,下位,0,0,0
324,324,0,75,151,0,0,0,221,224,-1831,1,下位,0,0,0
875,875,0,110,120,0,0,0,324,203,-2151,1,下位,0,0,0
775,775,0,114,115,0,0,0,875,172,-3390,2,下位,0,0,0
358,358,0,108,131,0,0,0,775,167,-4473,2,下位,0,0,0
487,487,0,57,54,0,0,0,358,183,-4867,2,下位,0,0,0
289,289,0,52,69,1,0,0,0,0,1,0,下位,0,0,0
462,462,0,1099,5680,1,1,289,0,0,1,0,下位,0,289,121
380,380,0,51,63,1,0,0,0,0,1,0,下位,0,0,0
358,358,0,78,95,1,1,380,0,0,1,0,下位,0,380,115
290,290,0,52,65,0,0,0,738,147,-927,1,下位,0,0,0
864,864,0,42,5,0,1,290,738,147,-927,1,下位,0,290,117
147,147,0,42,7,0,2,1154,738,147,-927,1,下位,0,864,57
461,461,0,42,9,0,3,1301,738,147,-927,1,下位,0,147,59
348,348,0,41,3,0,4,1762,738,147,-927,1,下位,0,461,61
178,178,0,102,62,0,5,2110,738,147,-927,1,下位,0,348,55
766,766,0,52,67,0,0,0,2288,114,-4155,2,下位,0,0,0
967,967,0,121,161,0,1,766,2288,114,-4155,2,下位,0,766,119
587,587,0,42,7,0,0,0,1733,213,-6618,2,下位,0,0,0
338,338,0,82,172,0,1,587,1733,213,-6618,2,下位,0,587,59
39,39,0,89,143,0,0,0,925,224,-7827,1,下位,0,0,0
224,224,0,114,181,1,0,0,0,0,1,0,下位,0,0,0
348,348,0,86,89,0,0,0,224,233,-127,3,下位,0,0,0
197,197,0,160,335,0,0,0,348,141,-547,1,下位,0,0,0
949,949,0,70,105,0,0,0,197,387,-478,4,下位,0,0,0
236,236,0,51,61,0,0,0,949,157,-1852,1,下位,0,0,0
793,793,0,51,61,0,1,236,949,157,-1852,1,下位,0,236,113
941,941,0,42,11,0,2,1029,949,157,-1852,1,下位,0,793,113
147,147,0,94,153,0,3,1970,949,157,-1852,1,下位,0,941,63
874,874,0,58,54,0,0,0,2117,205,-4773,1,下位,0,0,0
544,544,0,102,202,1,0,0,0,0,1,0,下位,0,0,0
622,622,0,64,129,0,0,0,544,254,-622,2,下位,0,0,0
304,304,0,42,7,1,0,0,0,0,1,0,下位,0,0,0
220,220,0,52,65,1,1,304,0,0,1,0,下位,0,304,59
277,277,0,106,130,1,2,524,0,0,1,0,下位,0,220,117
188,188,0,82,170,0,0,0,801,182,-933,2,下位,0,0,0
723,723,0,110,201,0,0,0,188,222,-1014,1,下位,0,0,0
164,164,0,65,41,0,0,0,723,253,-1927,3,下位,0,0,0
371,371,0,136,217,0,0,0,164,93,-2099,1,下位,0,0,0
635,635,0,60,61,0,0,0,371,269,-2428,2,下位,0,0,0
141,141,0,102,133,0,0,0,635,113,-3339,1,下位,0,0,0
598,598,0,52,65,0,0,0,141,185,-3381,2,下位,0,0,0
467,467,0,93,70,0,1,598,141,185,-3381,2,下位,0,598,117
319,319,0,144,371,0,0,0,1065,122,-4860,1,下位,0,0,0
248,248,0,104,198,1,0,0,0,0,1,0,下位,0,0,0
147,147,0,860,4003,1,0,0,0,0,1,0,下位,0,0,0
522,522,0,52,69,0,0,0,147,4055,762,8,上位,0,0,0
247,247,0,51,61,0,1,522,147,4055,762,8,上位,0,522,121
195,195,0,748,3394,0,2,769,147,4055,762,8,上位,0,247,113
231,231,0,52,64,0,0,0,964,3446,745,7,上位,0,0,0
428,428,0,593,2832,0,0,0,231,116,488,1,下位,0,0,0
128,128,0,51,61,0,0,0,428,2884,773,6,上位,0,0,0
627,627,0,42,7,0,1,128,428,2884,773,6,上位,0,128,113
218,218,0,66,47,0,2,755,428,2884,773,6,上位,0,627,59
141,141,0,128,253,0,0,0,973,99,-525,1,下位,0,0,0
440,440,0,52,65,0,0,0,141,305,-447,3,下位,0,0,0
703,703,0,123,178,0,1,440,141,305,-447,3,下位,0,440,117
288,288,0,113,205,1,0,0,0,0,1,0,下位,0,0,0
967,967,0,1134,5612,0,0,0,288,257,-207,2,下位,0,0,0
92,92,0,83,87,1,0,0,0,0,1,0,下位,0,0,0
238,238,0,91,71,0,0,0,92,139,-8,1,下位,0,0,0
561,561,0,100,145,0,0,0,238,123,-269,1,下位,0,0,0
527,527,0,123,184,0,0,0,561,197,-977,2,下位,0,0,0
118,118,0,68,116,0,0,0,527,236,-1591,3,下位,0,0,0
78,78,0,41,1,1,0,0,0,0,1,0,下位,0,0,0
181,181,0,99,214,1,1,78,0,0,1,0,下位,0,78,53
209,209,0,159,174,0,0,0,259,266,-98,3,下位,0,0,0
228,228,0,87,73,0,0,0,209,226,-209,3,下位,0,0,0
302,302,0,154,208,0,0,0,228,125,-452,2,下位,0,0,0
414,414,0,162,263,1,0,0,0,0,1,0,下位,0,0,0
702,702,0,80,171,0,0,0,414,315,-352,3,下位,0,0,0
826,826,0,59,61,0,0,0,702,223,-1261,1,下位,0,0,0
512,512,0,100,139,1,0,0,0,0,1,0,下位,0,0,0
374,374,0,149,341,0,0,0,512,191,-634,1,下位,0,0,0
868,868,0,78,171,0,0,0,374,393,-844,4,下位,0,0,0
578,578,0,86,157,1,0,0,0,0,1,0,下位,0,0,0
274,274,0,172,247,0,0,0,578,209,-722,2,下位,0,0,0
186,186,0,84,172,0,0,0,274,299,-865,3,下位,0,0,0
509,509,0,102,52,0,0,0,186,224,-941,1,下位,0,0,0
714,714,0,72,34,1,0,0,0,0,1,0,下位,0,0,0
375,375,0,85,147,0,0,0,714,86,-1065,1,下位,0,0,0
803,803,0,72,113,0,0,0,375,199,-1471,2,下位,0,0,0
179,179,0,94,222,0,0,0,803,165,-2601,1,下位,0,0,0
838,838,0,169,306,1,0,0,0,0,1,0,下位,0,0,0
128,128,0,88,155,0,0,0,838,358,-993,4,下位,0,0,0
274,274,0,42,11,0,0,0,128,207,-992,1,下位,0,0,0
356,356,0,108,182,0,1,274,128,207,-992,1,下位,0,274,63
121,121,0,106,195,1,0,0,0,0,1,0,下位,0,0,0
917,917,0,93,149,0,0,0,121,247,53,2,下位,0,0,0
66,66,0,818,3962,1,0,0,0,0,1,0,下位,0,0,0
786,786,0,52,71,0,0,0,66,4014,755,8,上位,0,0,0
550,550,0,67,17,0,1,786,66,4014,755,8,上位,0,786,123
984,984,0,178,301,0,0,0,1336,69,-1208,1,下位,0,0,0
862,862,0,104,209,0,0,0,984,353,-2442,4,下位,0,0,0
454,454,0,147,254,1,0,0,0,0,1,0,下位,0,0,0
99,99,0,41,1,1,0,0,0,0,1,0,下位,0,0,0
514,514,0,52,67,1,1,99,0,0,1,0,下位,0,99,53
607,607,0,128,165,1,2,613,0,0,1,0,下位,0,514,119
939,939,0,160,280,0,0,0,1220,217,-1578,2,下位,0,0,0
779,779,0,142,294,1,0,0,0,0,1,0,下位,0,0,0
245,245,0,52,65,0,0,0,779,346,-909,4,下位,0,0,0
55,55,0,74,31,0,1,245,779,346,-909,4,下位,0,245,117
225,225,0,52,67,1,0,0,0,0,1,0,下位,0,0,0
170,170,0,148,353,1,1,225,0,0,1,0,下位,0,225,119
174,174,0,135,158,0,0,0,395,405,-112,3,下位,0,0,0
925,925,0,102,63,0,0,0,174,210,-183,2,下位,0,0,0
169,169,0,42,9,1,0,0,0,0,1,0,下位,0,0,0
963,963,0,105,206,1,1,169,0,0,1,0,下位,0,169,61
494,494,0,68,107,0,0,0,1132,258,-1506,2,下位,0,0,0
507,507,0,146,198,0,0,0,494,159,-2144,1,下位,0,0,0
567,567,0,58,56,0,0,0,507,250,-2712,3,下位,0,0,0
311,311,0,74,100,1,0,0,0,0,1,0,下位,0,0,0
825,825,0,104,54,0,0,0,311,152,-349,1,下位,0,0,0
779,779,0,141,226,0,0,0,825,106,-1574,2,下位,0,0,0
635,635,0,150,203,0,0,0,779,278,-2552,2,下位,0,0,0
631,631,0,42,7,0,0,0,635,255,-3321,3,下位,0,0,0
549,549,0,138,214,0,1,631,635,255,-3321,3,下位,0,631,59
508,508,0,74,103,0,0,0,1180,266,-4899,3,下位,0,0,0
446,446,0,81,86,0,0,0,508,155,-5563,1,下位,0,0,0
266,266,0,122,307,0,0,0,446,138,-6144,1,下位,0,0,0
968,968,0,88,80,0,0,0,266,359,-6214,3,下位,0,0,0
297,297,0,95,141,1,0,0,0,0,1,0,下位,0,0,0
165,165,0,120,190,0,0,0,297,193,-285,1,下位,0,0,0
142,142,0,52,69,0,0,0,165,242,-309,2,下位,0,0,0
565,565,0,156,255,0,1,142,165,242,-309,2,下位,0,142,121
200,200,0,56,54,0,0,0,707,307,-1021,4,下位,0,0,0
790,790,0,51,61,0,0,0,200,106,-1238,1,下位,0,0,0
280,280,0,78,170,0,1,790,200,106,-1238,1,下位,0,790,113
403,403,0,42,7,0,0,0,1070,222,-2629,1,下位,0,0,0
523,523,0,138,152,0,1,403,1070,222,-2629,1,下位,0,403,59
257,257,0,130,155,0,0,0,926,204,-3860,3,下位,0,0,0
951,951,0,51,61,0,0,0,257,207,-4068,2,下位,0,0,0
289,289,0,42,5,0,1,951,257,207,-4068,2,下位,0,951,113
279,279,0,114,186,0,2,1240,257,207,-4068,2,下位,0,289,57
289,289,0,42,11,0,0,0,1519,238,-6110,2,下位,0,0,0
312,312,0,41,2,0,1,289,1519,238,-6110,2,下位,0,289,63
96,96,0,138,174,0,2,601,1519,238,-6110,2,下位,0,312,54
161,161,0,42,9,1,0,0,0,0,1,0,下位,0,0,0
95,95,0,117,191,1,1,161,0,0,1,0,下位,0,161,61
206,206,0,70,119,0,0,0,256,243,-108,2,下位,0,0,0
950,950,0,58,53,0,0,0,206,171,-269,1,下位,0,0,0
962,962,0,153,287,0,0,0,950,105,-1696,1,下位,0,0,0
823,823,0,110,204,0,0,0,962,339,-2909,3,下位,0,0,0
316,316,0,42,7,0,0,0,823,256,-3980,2,下位,0,0,0
694,694,0,105,263,0,1,316,823,256,-3980,2,下位,0,316,59
282,282,0,101,207,1,0,0,0,0,1,0,下位,0,0,0
237,237,0,80,174,0,0,0,282,259,-195,2,下位,0,0,0
327,327,0,79,101,0,0,0,237,226,-351,2,下位,0,0,0
195,195,0,58,62,1,0,0,0,0,1,0,下位,0,0,0
973,973,0,96,132,0,0,0,195,114,-200,1,下位,0,0,0
149,149,0,58,58,0,0,0,973,184,-1585,1,下位,0,0,0
963,963,0,147,211,0,0,0,149,110,-1715,1,下位,0,0,0
409,409,0,76,6,0,0,0,963,263,-3005,4,下位,0,0,0
329,329,0,149,210,0,0,0,409,58,-3607,1,下位,0,0,0
964,964,0,69,109,0,0,0,329,262,-3876,3,下位,0,0,0
982,982,0,127,254,0,0,0,964,161,-5270,1,下位,0,0,0
774,774,0,41,1,0,0,0,982,306,-6548,2,下位,0,0,0
282,282,0,144,212,0,1,774,982,306,-6548,2,下位,0,774,53
783,783,0,66,103,1,0,0,0,0,1,0,下位,0,0,0
337,337,0,42,9,0,0,0,783,155,-1107,1,下位,0,0,0
482,482,0,159,338,0,1,337,783,155,-1107,1,下位,0,337,61
966,966,0,52,67,0,0,0,819,390,-1977,4,下位,0,0,0
874,874,0,114,332,0,1,966,819,390,-1977,4,下位,0,966,119
943,943,0,66,36,0,0,0,1840,384,-4442,3,下位,0,0,0
351,351,0,113,45,0,0,0,943,88,-5875,1,下位,0,0,0
968,968,0,132,375,0,0,0,351,97,-6344,2,下位,0,0,0
486,486,0,152,350,1,0,0,0,0,1,0,下位,0,0,0
939,939,0,129,241,0,0,0,486,402,-381,4,下位,0,0,0
963,963,0,86,158,0,0,0,939,293,-1603,2,下位,0,0,0
783,783,0,42,5,0,0,0,963,210,-2946,1,下位,0,0,0
627,627,0,93,70,0,1,783,963,210,-2946,1,下位,0,783,57
687,687,0,92,153,0,0,0,1410,122,-5041,1,下位,0,0,0
301,301,0,152,261,0,0,0,687,205,-5944,2,下位,0,0,0
704,704,0,67,45,1,0,0,0,0,1,0,下位,0,0,0
258,258,0,1042,5306,0,0,0,704,97,-1037,1,下位,0,0,0
299,299,0,76,102,0,0,0,258,5358,761,10,上位,0,0,0
42,42,0,124,317,1,0,0,0,0,1,0,下位,0,0,0
711,711,0,1004,4659,0,0,0,42,369,302,4,下位,0,0,0
220,220,0,95,143,0,0,0,711,4711,747,9,上位,0,0,0
787,787,0,42,9,0,0,0,220,195,587,2,下位,0,0,0
133,133,0,52,69,0,1,787,220,195,587,2,下位,0,787,61
498,498,0,52,65,0,2,920,220,195,587,2,下位,0,133,121
810,810,0,42,9,0,3,1418,220,195,587,2,下位,0,498,117
583,583,0,1348,6686,0,4,2228,220,195,587,2,下位,0,810,61
973,973,0,52,71,0,0,0,2811,6738,752,11,上位,0,0,0
71,71,0,114,191,0,1,973,2811,6738,752,11,上位,0,973,123
268,268,0,52,65,0,0,0,1044,243,-566,2,下位,0,0,0
463,463,0,94,150,0,1,268,1044,243,-566,2,下位,0,268,117
245,245,0,148,216,0,0,0,731,202,-1426,2,下位,0,0,0
180,180,0,53,60,1,0,0,0,0,1,0,下位,0,0,0
309,309,0,110,136,0,0,0,180,112,-177,1,下位,0,0,0
257,257,0,42,11,0,0,0,309,188,-487,2,下位,0,0,0
973,973,0,168,256,0,1,257,309,188,-487,2,下位,0,257,63
747,747,0,113,197,1,0,0,0,0,1,0,下位,0,0,0
945,945,0,80,89,0,0,0,747,249,-955,3,下位,0,0,0
701,701,0,163,173,1,0,0,0,0,1,0,下位,0,0,0
234,234,0,123,251,0,0,0,701,225,-905,4,下位,0,0,0
239,239,0,42,11,1,0,0,0,0,1,0,下位,0,0,0
165,165,0,58,53,1,1,239,0,0,1,0,下位,0,239,63
581,581,0,74,33,0,0,0,404,105,-482,1,下位,0,0,0
224,224,0,110,176,0,0,0,581,85,-1334,1,下位,0,0,0
216,216,0,51,63,1,0,0,0,0,1,0,下位,0,0,0
39,39,0,1141,5666,1,1,216,0,0,1,0,下位,0,216,115
867,867,0,77,176,0,0,0,255,5718,754,9,上位,0,0,0
217,217,0,170,242,0,0,0,867,228,-416,1,下位,0,0,0
70,70,0,611,3024,0,0,0,217,294,-472,3,下位,0,0,0
692,692,0,84,87,1,0,0,0,0,1,0,下位,0,0,0
303,303,0,92,150,0,0,0,692,139,-976,1,下位,0,0,0
233,233,0,71,106,0,0,0,303,202,-1263,2,下位,0,0,0
213,213,0,59,46,0,0,0,233,158,-1481,1,下位,0,0,0
799,799,0,141,211,0,0,0,213,98,-1727,1,下位,0,0,0
241,241,0,98,133,1,0,0,0,0,1,0,下位,0,0,0
209,209,0,132,156,0,0,0,241,185,-203,2,下位,0,0,0
438,438,0,131,233,0,0,0,209,208,-332,3,下位,0,0,0
967,967,0,102,122,0,0,0,438,285,-753,2,下位,0,0,0
265,265,0,90,224,0,0,0,967,174,-2139,2,下位,0,0,0
284,284,0,156,259,0,0,0,265,276,-2290,2,下位,0,0,0
823,823,0,1292,6740,0,0,0,284,311,-2437,3,下位,0,0,0
72,72,0,60,57,0,0,0,823,6792,768,12,上位,0,0,0
324,324,0,955,4338,1,0,0,0,0,1,0,下位,0,0,0
349,349,0,61,50,0,0,0,324,4390,748,10,上位,0,0,0
198,198,0,42,7,0,0,0,349,102,287,1,下位,0,0,0
276,276,0,85,153,0,1,198,349,102,287,1,下位,0,198,59
263,263,0,115,329,0,0,0,474,205,-213,2,下位,0,0,0
965,965,0,96,142,0,0,0,263,381,-256,3,下位,0,0,0
157,157,0,156,346,0,0,0,965,194,-1618,1,下位,0,0,0
231,231,0,74,31,1,0,0,0,0,1,0,下位,0,0,0
968,968,0,66,116,0,0,0,231,83,-289,1,下位,0,0,0
419,419,0,157,349,0,0,0,968,168,-1682,1,下位,0,0,0
497,497,0,74,160,1,0,0,0,0,1,0,下位,0,0,0
138,138,0,92,72,0,0,0,497,212,-589,1,下位,0,0,0
127,127,0,140,450,0,0,0,138,124,-688,1,下位,0,0,0
339,339,0,42,6,0,0,0,127,502,-391,4,下位,0,0,0
159,159,0,82,99,0,1,339,127,502,-391,4,下位,0,339,58
425,425,0,162,254,0,0,0,498,151,-985,1,下位,0,0,0
68,68,0,52,67,0,0,0,425,306,-1364,3,下位,0,0,0
847,847,0,70,121,0,1,68,425,306,-1364,3,下位,0,68,119
390,390,0,149,185,0,0,0,915,173,-2548,1,下位,0,0,0
345,345,0,99,138,0,0,0,390,237,-2940,3,下位,0,0,0
472,472,0,141,233,0,0,0,345,190,-3306,2,下位,0,0,0
121,121,0,42,7,0,0,0,472,285,-3782,3,下位,0,0,0
126,126,0,51,63,0,1,121,472,285,-3782,3,下位,0,121,59
907,907,0,41,3,0,2,247,472,285,-3782,3,下位,0,126,115
373,373,0,51,63,0,3,1154,472,285,-3782,3,下位,0,907,55
970,970,0,40,-4,0,4,1527,472,285,-3782,3,下位,0,373,115
358,358,0,64,43,0,5,2497,472,285,-3782,3,下位,0,970,48
766,766,0,161,332,0,0,0,2855,95,-7900,1,下位,0,0,0
167,167,0,58,60,1,0,0,0,0,1,0,下位,0,0,0
533,533,0,109,125,0,0,0,167,112,-156,1,下位,0,0,0
593,593,0,100,122,0,0,0,533,177,-839,2,下位,0,0,0
698,698,0,150,356,1,0,0,0,0,1,0,下位,0,0,0
240,240,0,97,215,0,0,0,698,408,-717,3,下位,0,0,0
442,442,0,128,92,0,0,0,240,267,-837,2,下位,0,0,0
124,124,0,65,108,0,0,0,442,144,-1406,2,下位,0,0,0
468,468,0,52,65,0,0,0,124,160,-1446,1,下位,0,0,0
853,853,0,42,11,0,1,468,124,160,-1446,1,下位,0,468,117
234,234,0,82,94,0,2,1321,124,160,-1446,1,下位,0,853,63
679,679,0,75,27,0,0,0,1555,146,-3628,1,下位,0,0,0
345,345,0,110,274,0,0,0,679,79,-4644,1,下位,0,0,0
495,495,0,42,9,1,0,0,0,0,1,0,下位,0,0,0
123,123,0,143,148,1,1,495,0,0,1,0,下位,0,495,61
146,146,0,137,384,0,0,0,618,200,-734,3,下位,0,0,0
67,67,0,979,5265,0,0,0,146,436,-533,4,下位,0,0,0
562,562,0,83,92,0,0,0,67,3846,763,5,上位,0,0,0
353,353,0,98,148,0,0,0,562,144,1,2,下位,0,0,0
262,262,0,186,363,0,0,0,353,200,-368,1,下位,0,0,0
38,38,0,172,155,1,0,0,0,0,1,0,下位,0,0,0
963,963,0,87,159,0,0,0,38,207,147,4,下位,0,0,0
240,240,0,65,35,0,0,0,963,211,-1195,2,下位,0,0,0
95,95,0,51,63,0,0,0,240,87,-1495,1,下位,0,0,0
724,724,0,1320,6579,0,1,95,240,87,-1495,1,下位,0,95,115
644,644,0,51,63,0,0,0,819,6631,758,12,上位,0,0,0
204,204,0,41,2,0,1,644,819,6631,758,12,上位,0,644,115
835,835,0,58,58,0,2,848,819,6631,758,12,上位,0,204,54
222,222,0,74,107,1,0,0,0,0,1,0,下位,0,0,0
196,196,0,121,108,0,0,0,222,159,-198,1,下位,0,0,0
704,704,0,86,152,1,0,0,0,0,1,0,下位,0,0,0
232,232,0,166,257,0,0,0,704,204,-930,1,下位,0,0,0
886,886,0,85,147,0,0,0,232,309,-995,4,下位,0,0,0
288,288,0,41,3,0,0,0,886,199,-2225,2,下位,0,0,0
703,703,0,52,67,0,1,288,886,199,-2225,2,下位,0,288,55
966,966,0,52,65,0,2,991,886,199,-2225,2,下位,0,703,119
464,464,0,135,226,0,3,1957,886,199,-2225,2,下位,0,966,117
834,834,0,126,167,0,0,0,2421,278,-5561,4,下位,0,0,0
215,215,0,849,4195,1,0,0,0,0,1,0,下位,0,0,0
254,254,0,111,117,1,0,0,0,0,1,0,下位,0,0,0
372,372,0,160,188,0,0,0,254,169,-240,2,下位,0,0,0
393,393,0,123,74,0,0,0,372,240,-600,4,下位,0,0,0
95,95,0,1398,7350,0,0,0,393,126,-1108,3,下位,0,0,0
606,606,0,112,125,0,0,0,95,7402,759,11,上位,0,0,0
968,968,0,42,11,0,0,0,606,177,-41,2,下位,0,0,0
268,268,0,102,129,0,1,968,606,177,-41,2,下位,0,968,63
362,362,0,66,119,1,0,0,0,0,1,0,下位,0,0,0
210,210,0,117,175,0,0,0,362,171,-412,1,下位,0,0,0
200,200,0,68,118,1,0,0,0,0,1,0,下位,0,0,0
271,271,0,74,103,0,0,0,200,170,-152,1,下位,0,0,0
964,964,0,94,143,0,0,0,271,155,-434,1,下位,0,0,0
968,968,0,96,134,0,0,0,964,195,-1794,2,下位,0,0,0
935,935,0,92,139,0,0,0,968,186,-3169,2,下位,0,0,0
962,962,0,51,61,0,0,0,935,191,-4486,1,下位,0,0,0
556,556,0,128,91,0,1,962,935,191,-4486,1,下位,0,962,113
64,64,0,80,132,0,0,0,1518,143,-6679,3,下位,0,0,0
898,898,0,100,143,0,0,0,64,184,-6598,1,下位,0,0,0
33,33,0,142,228,1,0,0,0,0,1,0,下位,0,0,0
403,403,0,102,131,0,0,0,33,280,228,3,下位,0,0,0
911,911,0,107,121,0,0,0,403,183,-239,2,下位,0,0,0
363,363,0,67,38,0,0,0,911,173,-1535,2,下位,0,0,0
82,82,0,130,241,0,0,0,363,90,-2030,1,下位,0,0,0
330,330,0,923,4393,1,0,0,0,0,1,0,下位,0,0,0
337,337,0,42,9,0,0,0,330,4445,741,10,上位,0,0,0
207,207,0,41,3,0,1,337,330,4445,741,10,上位,0,337,61
975,975,0,119,182,0,2,544,330,4445,741,10,上位,0,207,55
362,362,0,93,70,0,0,0,1519,234,-1360,2,下位,0,0,0
750,750,0,73,107,0,0,0,362,122,-1822,1,下位,0,0,0
953,953,0,1204,5818,0,0,0,750,159,-2873,1,下位,0,0,0
610,610,0,198,341,1,0,0,0,0,1,0,下位,0,0,0
945,945,0,52,69,0,0,0,610,393,-590,4,下位,0,0,0
905,905,0,94,74,0,1,945,610,393,-590,4,下位,0,945,121
66,66,0,42,5,0,0,0,1850,126,-3327,1,下位,0,0,0
235,235,0,52,65,0,1,66,1850,126,-3327,1,下位,0,66,57
54,54,0,1432,7525,0,2,301,1850,126,-3327,1,下位,0,235,117
423,423,0,52,65,1,0,0,0,0,1,0,下位,0,0,0
378,378,0,41,1,1,1,423,0,0,1,0,下位,0,423,117
394,394,0,119,114,1,2,801,0,0,1,0,下位,0,378,53
259,259,0,42,9,0,0,0,1195,166,-1590,3,下位,0,0,0
965,965,0,146,293,0,1,259,1195,166,-1590,3,下位,0,259,61
176,176,0,203,284,1,0,0,0,0,1,0,下位,0,0,0
208,208,0,52,65,0,0,0,176,336,53,4,下位,0,0,0
370,370,0,110,281,0,1,208,176,336,53,4,下位,0,208,117
236,236,0,156,419,0,0,0,578,333,-429,2,下位,0,0,0
276,276,0,82,160,0,0,0,236,471,-339,4,下位,0,0,0
802,802,0,66,49,1,0,0,0,0,1,0,下位,0,0,0
777,777,0,84,89,0,0,0,802,101,-1192,1,下位,0,0,0
218,218,0,124,244,0,0,0,777,141,-2304,1,下位,0,0,0
303,303,0,42,5,1,0,0,0,0,1,0,下位,0,0,0
371,371,0,152,204,1,1,303,0,0,1,0,下位,0,303,57
326,326,0,933,4377,0,0,0,674,256,-773,2,下位,0,0,0
91,91,0,120,178,0,0,0,326,4429,757,9,上位,0,0,0
304,304,0,52,67,0,0,0,91,230,840,2,下位,0,0,0
142,142,0,102,142,0,1,304,91,230,840,2,下位,0,304,119
280,280,0,104,136,0,0,0,446,194,434,1,下位,0,0,0
760,760,0,131,308,0,0,0,280,188,170,1,下位,0,0,0
177,177,0,854,4075,0,0,0,760,360,-696,3,下位,0,0,0
267,267,0,78,22,0,0,0,177,4127,745,7,上位,0,0,0
280,280,0,51,61,0,0,0,267,74,388,1,下位,0,0,0
725,725,0,42,7,0,1,280,267,74,388,1,下位,0,280,113
470,470,0,100,204,0,2,1005,267,74,388,1,下位,0,725,59
824,824,0,60,63,0,0,0,1475,256,-1563,3,下位,0,0,0
498,498,0,108,183,1,0,0,0,0,1,0,下位,0,0,0
66,66,0,66,38,0,0,0,498,235,-567,2,下位,0,0,0
543,543,0,52,69,0,0,0,66,90,-583,1,下位,0,0,0
198,198,0,94,134,0,1,543,66,90,-583,1,下位,0,543,121
727,727,0,142,281,0,0,0,741,186,-1471,2,下位,0,0,0
158,158,0,114,125,0,0,0,727,333,-2311,3,下位,0,0,0
715,715,0,192,286,1,0,0,0,0,1,0,下位,0,0,0
592,592,0,42,5,0,0,0,715,338,-814,4,下位,0,0,0
238,238,0,51,63,0,1,592,715,338,-814,4,下位,0,592,57
601,601,0,165,239,0,2,830,715,338,-814,4,下位,0,238,115
305,305,0,102,142,1,0,0,0,0,1,0,下位,0,0,0
282,282,0,961,4564,0,0,0,305,194,-297,1,下位,0,0,0
748,748,0,74,105,1,0,0,0,0,1,0,下位,0,0,0
190,190,0,42,7,0,0,0,748,157,-1048,1,下位,0,0,0
964,964,0,1341,6655,0,1,190,748,157,-1048,1,下位,0,190,59
282,282,0,170,170,1,0,0,0,0,1,0,下位,0,0,0
288,288,0,86,91,0,0,0,282,222,-232,3,下位,0,0,0
523,523,0,76,99,1,0,0,0,0,1,0,下位,0,0,0
155,155,0,93,74,1,0,0,0,0,1,0,下位,0,0,0
745,745,0,65,120,0,0,0,155,126,-123,2,下位,0,0,0
671,671,0,146,203,0,0,0,745,172,-1153,1,下位,0,0,0
968,968,0,160,189,0,0,0,671,255,-1980,3,下位,0,0,0
799,799,0,70,33,0,0,0,968,241,-3300,4,下位,0,0,0
107,107,0,156,117,1,0,0,0,0,1,0,下位,0,0,0
964,964,0,151,208,0,0,0,107,169,-3,3,下位,0,0,0
819,819,0,147,360,1,0,0,0,0,1,0,下位,0,0,0
473,473,0,66,112,0,0,0,819,412,-908,3,下位,0,0,0
177,177,0,94,136,1,0,0,0,0,1,0,下位,0,0,0
730,730,0,42,11,0,0,0,177,188,-96,2,下位,0,0,0
342,342,0,110,122,0,1,730,177,188,-96,2,下位,0,730,63
325,325,0,52,65,0,0,0,1072,174,-1588,2,下位,0,0,0
680,680,0,84,91,0,1,325,1072,174,-1588,2,下位,0,325,117
673,673,0,69,113,0,0,0,1005,143,-2949,1,下位,0,0,0
123,123,0,1485,7907,0,0,0,673,165,-3869,1,下位,0,0,0
567,567,0,42,9,1,0,0,0,0,1,0,下位,0,0,0
525,525,0,94,157,1,1,567,0,0,1,0,下位,0,567,61
96,96,0,1192,5670,1,0,0,0,0,1,0,下位,0,0,0
299,299,0,72,101,1,0,0,0,0,1,0,下位,0,0,0
491,491,0,90,149,1,0,0,0,0,1,0,下位,0,0,0
236,236,0,88,158,0,0,0,491,201,-590,1,下位,0,0,0
457,457,0,64,103,0,0,0,236,210,-761,3,下位,0,0,0
236,236,0,1632,8638,0,0,0,457,155,-1343,1,下位,0,0,0
350,350,0,52,69,0,0,0,236,8690,756,15,上位,0,0,0
692,692,0,52,69,0,1,350,236,8690,756,15,上位,0,350,121
973,973,0,198,351,0,2,1042,236,8690,756,15,上位,0,692,121
30,30,0,102,132,1,0,0,0,0,1,0,下位,0,0,0
706,706,0,41,3,1,0,0,0,0,1,0,下位,0,0,0
176,176,0,95,60,1,1,706,0,0,1,0,下位,0,706,55
334,334,0,61,55,0,0,0,882,112,-1255,2,下位,0,0,0
347,347,0,52,65,0,0,0,334,107,-1687,1,下位,0,0,0
759,759,0,104,194,0,1,347,334,107,-1687,1,下位,0,347,117
130,130,0,70,107,1,0,0,0,0,1,0,下位,0,0,0
903,903,0,1073,5271,0,0,0,130,159,-50,1,下位,0,0,0
229,229,0,96,148,0,0,0,903,5323,743,11,上位,0,0,0
678,678,0,84,161,1,0,0,0,0,1,0,下位,0,0,0
593,593,0,1103,5617,0,0,0,678,213,-880,2,下位,0,0,0
811,811,0,86,161,1,0,0,0,0,1,0,下位,0,0,0
243,243,0,84,77,0,0,0,811,213,-1094,2,下位,0,0,0
219,219,0,120,257,0,0,0,243,129,-1357,1,下位,0,0,0
967,967,0,84,93,0,0,0,219,309,-1401,3,下位,0,0,0
964,964,0,132,298,0,0,0,967,145,-2816,1,下位,0,0,0
859,859,0,42,5,1,0,0,0,0,1,0,下位,0,0,0
341,341,0,42,7,1,1,859,0,0,1,0,下位,0,859,57
288,288,0,1370,6784,1,2,1200,0,0,1,0,下位,0,341,59
323,323,0,72,109,1,0,0,0,0,1,0,下位,0,0,0
355,355,0,95,138,0,0,0,323,161,-359,2,下位,0,0,0
414,414,0,57,62,0,0,0,355,190,-742,1,下位,0,0,0
37,37,0,42,5,1,0,0,0,0,1,0,下位,0,0,0
965,965,0,51,63,1,1,37,0,0,1,0,下位,0,37,57
636,636,0,899,4228,1,2,1002,0,0,1,0,下位,0,965,115
540,540,0,92,82,1,0,0,0,0,1,0,下位,0,0,0
802,802,0,77,170,1,0,0,0,0,1,0,下位,0,0,0
38,38,0,52,65,0,0,0,802,222,-1071,1,下位,0,0,0
920,920,0,1579,7922,0,1,38,802,222,-1071,1,下位,0,38,117
863,863,0,41,3,1,0,0,0,0,1,0,下位,0,0,0
171,171,0,42,5,1,1,863,0,0,1,0,下位,0,863,55
135,135,0,40,-3,1,2,1034,0,0,1,0,下位,0,171,57
338,338,0,938,4320,1,3,1169,0,0,1,0,下位,0,135,49
303,303,0,42,5,0,0,0,1507,4372,760,10,上位,0,0,0
330,330,0,71,32,0,1,303,1507,4372,760,10,上位,0,303,57
341,341,0,80,173,1,0,0,0,0,1,0,下位,0,0,0
133,133,0,184,228,0,0,0,341,225,-324,1,下位,0,0,0
881,881,0,80,86,0,0,0,133,280,-259,5,下位,0,0,0
699,699,0,70,37,0,0,0,881,138,-1542,1,下位,0,0,0
964,964,0,68,111,0,0,0,699,89,-2580,1,下位,0,0,0
127,127,0,873,3989,1,0,0,0,0,1,0,下位,0,0,0
371,371,0,95,136,0,0,0,127,4041,746,9,上位,0,0,0
230,230,0,42,11,1,0,0,0,0,1,0,下位,0,0,0
747,747,0,42,7,1,1,230,0,0,1,0,下位,0,230,63
806,806,0,42,11,1,2,977,0,0,1,0,下位,0,747,59
210,210,0,1567,7619,1,3,1783,0,0,1,0,下位,0,806,63
950,950,0,98,148,0,0,0,1993,7671,757,14,上位,0,0,0
417,417,0,91,77,1,0,0,0,0,1,0,下位,0,0,0
78,78,0,42,9,0,0,0,417,129,-543,2,下位,0,0,0
816,816,0,1202,5765,0,1,78,417,129,-543,2,下位,0,78,61
431,431,0,86,89,0,0,0,894,5817,767,13,上位,0,0,0
147,147,0,42,11,0,0,0,431,141,213,1,下位,0,0,0
267,267,0,72,116,0,1,147,431,141,213,1,下位,0,147,63
322,322,0,151,273,0,0,0,414,168,-224,1,下位,0,0,0
690,690,0,78,117,1,0,0,0,0,1,0,下位,0,0,0
270,270,0,76,105,0,0,0,690,169,-943,2,下位,0,0,0
793,793,0,1262,6284,0,0,0,270,157,-1221,1,下位,0,0,0
528,528,0,172,327,1,0,0,0,0,1,0,下位,0,0,0
911,911,0,42,9,0,0,0,528,379,-472,3,下位,0,0,0
359,359,0,92,70,0,1,911,528,379,-472,3,下位,0,911,61
930,930,0,131,224,0,0,0,1270,122,-2337,1,下位,0,0,0
967,967,0,84,71,0,0,0,930,276,-3561,3,下位,0,0,0
942,942,0,52,67,0,0,0,967,123,-4998,2,下位,0,0,0
426,426,0,51,61,0,1,942,967,123,-4998,2,下位,0,942,119
200,200,0,51,61,0,2,1368,967,123,-4998,2,下位,0,426,113
113,113,0,126,169,0,3,1568,967,123,-4998,2,下位,0,200,113
640,640,0,69,107,1,0,0,0,0,1,0,下位,0,0,0
750,750,0,67,97,0,0,0,640,159,-872,1,下位,0,0,0
610,610,0,79,167,0,0,0,750,149,-1933,1,下位,0,0,0
829,829,0,104,145,0,0,0,610,219,-2698,1,下位,0,0,0
300,300,0,166,250,1,0,0,0,0,1,0,下位,0,0,0
210,210,0,57,47,0,0,0,300,302,-181,5,下位,0,0,0
433,433,0,52,71,0,0,0,210,99,-421,1,下位,0,0,0
75,75,0,1049,4936,0,1,433,210,99,-421,1,下位,0,433,123
393,393,0,42,7,0,0,0,508,4988,760,10,上位,0,0,0
918,918,0,148,198,0,1,393,508,4988,760,10,上位,0,393,59
175,175,0,164,258,0,0,0,1311,250,-1046,3,下位,0,0,0
130,130,0,162,180,0,0,0,175,310,-1018,4,下位,0,0,0
132,132,0,42,5,0,0,0,130,232,-996,3,下位,0,0,0
483,483,0,42,9,0,1,132,130,232,-996,3,下位,0,132,57
604,604,0,152,275,0,2,615,130,232,-996,3,下位,0,483,61
710,710,0,101,132,1,0,0,0,0,1,0,下位,0,0,0
926,926,0,116,264,0,0,0,710,184,-960,2,下位,0,0,0
905,905,0,138,157,0,0,0,926,316,-2138,3,下位,0,0,0
752,752,0,101,135,0,0,0,905,209,-3389,2,下位,0,0,0
199,199,0,108,132,0,0,0,752,187,-4415,2,下位,0,0,0
450,450,0,72,100,1,0,0,0,0,1,0,下位,0,0,0
179,179,0,178,284,0,0,0,450,152,-573,1,下位,0,0,0
340,340,0,126,162,0,0,0,179,336,-526,5,下位,0,0,0
455,455,0,74,86,0,0,0,340,214,-860,2,下位,0,0,0
388,388,0,74,190,0,0,0,455,138,-1456,2,下位,0,0,0
336,336,0,42,9,0,0,0,388,242,-1840,1,下位,0,0,0
197,197,0,102,137,0,1,336,388,242,-1840,1,下位,0,336,61
360,360,0,68,109,0,0,0,533,189,-2450,2,下位,0,0,0
552,552,0,120,180,1,0,0,0,0,1,0,下位,0,0,0
621,621,0,101,126,1,0,0,0,0,1,0,下位,0,0,0
93,93,0,1261,6330,0,0,0,621,178,-823,1,下位,0,0,0
174,174,0,72,99,0,0,0,93,6382,760,9,上位,0,0,0
881,881,0,66,116,0,0,0,174,151,630,1,下位,0,0,0
816,816,0,130,82,0,0,0,881,168,-623,1,下位,0,0,0
910,910,0,89,148,1,0,0,0,0,1,0,下位,0,0,0
666,666,0,163,290,1,0,0,0,0,1,0,下位,0,0,0
734,734,0,108,191,1,0,0,0,0,1,0,下位,0,0,0
217,217,0,86,76,0,0,0,734,243,-940,3,下位,0,0,0
193,193,0,52,69,0,0,0,217,128,-1162,2,下位,0,0,0
316,316,0,134,159,0,1,193,217,128,-1162,2,下位,0,193,121
967,967,0,123,316,0,0,0,509,211,-1651,3,下位,0,0,0
430,430,0,210,335,1,0,0,0,0,1,0,下位,0,0,0
601,601,0,143,290,1,0,0,0,0,1,0,下位,0,0,0
191,191,0,122,159,0,0,0,601,342,-626,3,下位,0,0,0
242,242,0,178,316,1,0,0,0,0,1,0,下位,0,0,0
703,703,0,74,107,1,0,0,0,0,1,0,下位,0,0,0
739,739,0,1584,8260,0,0,0,703,159,-974,1,下位,0,0,0
794,794,0,59,45,0,0,0,739,8312,750,14,上位,0,0,0
254,254,0,83,87,0,0,0,794,97,-434,1,下位,0,0,0
583,583,0,106,201,1,0,0,0,0,1,0,下位,0,0,0
109,109,0,51,61,1,0,0,0,0,1,0,下位,0,0,0
547,547,0,100,138,1,1,109,0,0,1,0,下位,0,109,113
411,411,0,866,4512,1,0,0,0,0,1,0,下位,0,0,0
186,186,0,936,4160,1,0,0,0,0,1,0,下位,0,0,0
262,262,0,72,34,1,0,0,0,0,1,0,下位,0,0,0
821,821,0,57,53,0,0,0,262,86,-336,1,下位,0,0,0
121,121,0,94,155,0,0,0,821,105,-1555,1,下位,0,0,0
9,9,0,68,116,1,0,0,0,0,1,0,下位,0,0,0
110,110,0,42,11,0,0,0,9,168,154,1,下位,0,0,0
191,191,0,41,1,0,1,110,9,168,154,1,下位,0,110,63
973,973,0,52,69,0,2,301,9,168,154,1,下位,0,191,53
174,174,0,1186,5731,0,3,1274,9,168,154,1,下位,0,973,121
536,536,0,155,182,0,0,0,1448,5783,745,12,上位,0,0,0
56,56,0,925,4623,0,0,0,536,234,114,3,下位,0,0,0
155,155,0,52,67,1,0,0,0,0,1,0,下位,0,0,0
430,430,0,120,176,1,1,155,0,0,1,0,下位,0,155,119
707,707,0,146,201,0,0,0,585,228,-596,3,下位,0,0,0
446,446,0,209,258,0,0,0,707,253,-1483,3,下位,0,0,0
344,344,0,101,137,0,0,0,446,310,-1892,5,下位,0,0,0
83,83,0,87,166,1,0,0,0,0,1,0,下位,0,0,0
325,325,0,42,11,0,0,0,83,218,85,2,下位,0,0,0
527,527,0,168,318,0,1,325,83,218,85,2,下位,0,325,63
320,320,0,42,7,0,0,0,852,370,-856,3,下位,0,0,0
973,973,0,41,3,0,1,320,852,370,-856,3,下位,0,320,59
964,964,0,106,132,0,2,1293,852,370,-856,3,下位,0,973,55
971,971,0,64,37,0,0,0,2257,184,-4198,2,下位,0,0,0
270,270,0,64,45,1,0,0,0,0,1,0,下位,0,0,0
798,798,0,51,61,0,0,0,270,97,-337,1,下位,0,0,0
302,302,0,160,175,0,1,798,270,97,-337,1,下位,0,798,113
254,254,0,42,6,0,0,0,1100,227,-1771,4,下位,0,0,0
466,466,0,204,186,0,1,254,1100,227,-1771,4,下位,0,254,58
134,134,0,52,69,0,0,0,720,238,-2637,5,下位,0,0,0
261,261,0,125,229,0,1,134,720,238,-2637,5,下位,0,134,121
37,37,0,59,55,0,0,0,395,281,-2872,4,下位,0,0,0
242,242,0,58,29,0,0,0,37,107,-2825,1,下位,0,0,0
537,537,0,79,173,0,0,0,242,81,-3134,1,下位,0,0,0
963,963,0,108,135,0,0,0,537,225,-3775,1,下位,0,0,0
473,473,0,1102,5325,1,0,0,0,0,1,0,下位,0,0,0
204,204,0,87,147,0,0,0,473,5377,751,10,上位,0,0,0
449,449,0,52,65,0,0,0,204,199,621,1,下位,0,0,0
454,454,0,52,69,0,1,449,204,199,621,1,下位,0,449,117
233,233,0,158,410,0,2,903,204,199,621,1,下位,0,454,121
253,253,0,42,11,0,0,0,1136,462,-511,4,下位,0,0,0
969,969,0,97,144,0,1,253,1136,462,-511,4,下位,0,253,63
483,483,0,64,53,1,0,0,0,0,1,0,下位,0,0,0
191,191,0,157,270,0,0,0,483,105,-673,1,下位,0,0,0
389,389,0,872,4330,0,0,0,191,322,-659,4,下位,0,0,0
80,80,0,52,67,0,0,0,389,4382,766,9,上位,0,0,0
964,964,0,135,214,0,1,80,389,4382,766,9,上位,0,80,119
524,524,0,147,282,0,0,0,1044,266,-533,2,下位,0,0,0
426,426,0,74,105,0,0,0,524,334,-1044,3,下位,0,0,0
800,800,0,1054,5150,1,0,0,0,0,1,0,下位,0,0,0
498,498,0,83,170,1,0,0,0,0,1,0,下位,0,0,0
964,964,0,154,328,0,0,0,498,222,-580,1,下位,0,0,0
962,962,0,103,136,0,0,0,964,380,-1755,4,下位,0,0,0
53,53,0,68,109,1,0,0,0,0,1,0,下位,0,0,0
487,487,0,127,236,0,0,0,53,161,77,1,下位,0,0,0
895,895,0,92,150,0,0,0,487,288,-420,3,下位,0,0,0
977,977,0,81,97,0,0,0,895,202,-1662,2,下位,0,0,0
666,666,0,109,265,1,0,0,0,0,1,0,下位,0,0,0
184,184,0,90,158,0,0,0,666,317,-756,3,下位,0,0,0
569,569,0,93,149,0,0,0,184,210,-843,2,下位,0,0,0
956,956,0,42,9,0,0,0,569,201,-1560,1,下位,0,0,0
241,241,0,128,238,0,1,956,569,201,-1560,1,下位,0,956,61
94,94,0,146,216,1,0,0,0,0,1,0,下位,0,0,0
943,943,0,1701,8264,0,0,0,94,268,117,3,下位,0,0,0
765,765,0,42,7,0,0,0,943,8316,758,15,上位,0,0,0
631,631,0,160,266,0,1,765,943,8316,758,15,上位,0,765,59
965,965,0,67,36,0,0,0,1396,318,-1117,3,下位,0,0,0
347,347,0,120,171,1,0,0,0,0,1,0,下位,0,0,0
153,153,0,52,65,0,0,0,347,223,-336,2,下位,0,0,0
923,923,0,80,173,0,1,153,347,223,-336,2,下位,0,153,117
762,762,0,260,261,0,0,0,1076,225,-1730,1,下位,0,0,0
203,203,0,68,120,1,0,0,0,0,1,0,下位,0,0,0
206,206,0,77,28,0,0,0,203,172,-154,1,下位,0,0,0
211,211,0,200,270,0,0,0,206,80,-406,1,下位,0,0,0
359,359,0,80,97,0,0,0,211,322,-424,4,下位,0,0,0
712,712,0,42,7,0,0,0,359,149,-854,1,下位,0,0,0
869,869,0,70,35,0,1,712,359,149,-854,1,下位,0,712,59
119,119,0,111,116,0,0,0,1581,87,-3258,1,下位,0,0,0
897,897,0,105,130,0,0,0,119,168,-3282,2,下位,0,0,0
145,145,0,112,187,0,0,0,897,182,-4547,2,下位,0,0,0
822,822,0,92,133,0,0,0,145,239,-4542,3,下位,0,0,0
477,477,0,152,353,0,0,0,822,185,-5683,1,下位,0,0,0
376,376,0,67,42,1,0,0,0,0,1,0,下位,0,0,0
541,541,0,62,48,0,0,0,376,94,-511,1,下位,0,0,0
286,286,0,153,266,0,0,0,541,100,-1284,1,下位,0,0,0
687,687,0,173,396,0,0,0,286,318,-1427,3,下位,0,0,0
446,446,0,88,158,0,0,0,687,448,-2087,5,下位,0,0,0
238,238,0,128,247,0,0,0,446,210,-2596,1,下位,0,0,0
968,968,0,42,7,0,0,0,238,299,-2681,2,下位,0,0,0
75,75,0,72,180,0,1,968,238,299,-2681,2,下位,0,968,59
326,326,0,96,145,0,0,0,1043,232,-4072,1,下位,0,0,0
358,358,0,110,107,1,0,0,0,0,1,0,下位,0,0,0
201,201,0,1226,6097,0,0,0,358,159,-417,2,下位,0,0,0
298,298,0,50,56,0,0,0,201,6149,762,13,上位,0,0,0
724,724,0,52,66,0,1,298,201,6149,762,13,上位,0,298,108
211,211,0,42,5,0,2,1022,201,6149,762,13,上位,0,724,118
116,116,0,42,8,0,3,1233,201,6149,762,13,上位,0,211,57
254,254,0,142,206,0,4,1349,201,6149,762,13,上位,0,116,60
416,416,0,851,4180,0,0,0,1603,258,-1223,2,下位,0,0,0
615,615,0,1158,5530,1,0,0,0,0,1,0,下位,0,0,0
931,931,0,51,62,0,0,0,615,5582,748,11,上位,0,0,0
198,198,0,121,233,0,1,931,615,5582,748,11,上位,0,931,114
201,201,0,51,60,0,0,0,1129,285,-674,2,下位,0,0,0
396,396,0,114,156,0,1,201,1129,285,-674,2,下位,0,201,112
287,287,0,144,195,0,0,0,597,208,-1317,2,下位,0,0,0
239,239,0,72,30,0,0,0,287,247,-1533,3,下位,0,0,0
726,726,0,148,236,0,0,0,239,82,-1836,1,下位,0,0,0
246,246,0,79,69,0,0,0,726,288,-2719,3,下位,0,0,0
631,631,0,121,86,0,0,0,246,121,-2995,1,下位,0,0,0
127,127,0,67,101,1,0,0,0,0,1,0,下位,0,0,0
223,223,0,152,171,0,0,0,127,153,-51,1,下位,0,0,0
637,637,0,42,5,0,0,0,223,223,-188,3,下位,0,0,0
163,163,0,1034,5159,0,1,637,223,223,-188,3,下位,0,637,57
358,358,0,42,5,0,0,0,800,5211,734,10,上位,0,0,0
142,142,0,41,4,0,1,358,800,5211,734,10,上位,0,358,57
185,185,0,72,36,0,2,500,800,5211,734,10,上位,0,142,56
974,974,0,58,64,0,0,0,685,88,-169,1,下位,0,0,0
968,968,0,127,157,0,0,0,974,116,-1624,1,下位,0,0,0
240,240,0,51,60,0,0,0,968,209,-2976,2,下位,0,0,0
354,354,0,41,3,0,1,240,968,209,-2976,2,下位,0,240,112
225,225,0,76,102,0,2,594,968,209,-2976,2,下位,0,354,55
819,819,0,90,134,1,0,0,0,0,1,0,下位,0,0,0
375,375,0,49,50,0,0,0,819,186,-1134,1,下位,0,0,0
138,138,0,127,169,0,1,375,819,186,-1134,1,下位,0,375,102
54,54,0,61,112,0,0,0,513,221,-1639,2,下位,0,0,0
699,699,0,165,224,0,0,0,54,164,-1562,1,下位,0,0,0
907,907,0,91,55,0,0,0,699,276,-2413,4,下位,0,0,0
967,967,0,114,177,0,0,0,907,107,-3769,1,下位,0,0,0
647,647,0,50,56,0,0,0,967,229,-5100,3,下位,0,0,0
178,178,0,101,121,0,1,647,967,229,-5100,3,下位,0,647,108
318,318,0,42,7,0,0,0,825,173,-6150,1,下位,0,0,0
553,553,0,95,188,0,1,318,825,173,-6150,1,下位,0,318,59
174,174,0,39,-11,1,0,0,0,0,1,0,下位,0,0,0
335,335,0,79,177,1,1,174,0,0,1,0,下位,0,174,41
574,574,0,107,195,0,0,0,509,229,-550,1,下位,0,0,0
963,963,0,115,121,0,0,0,574,247,-1229,2,下位,0,0,0
977,977,0,68,109,0,0,0,963,173,-2609,3,下位,0,0,0
321,321,0,76,166,0,0,0,977,161,-4024,1,下位,0,0,0
978,978,0,91,154,1,0,0,0,0,1,0,下位,0,0,0
698,698,0,1539,7849,0,0,0,978,206,-1370,2,下位,0,0,0
980,980,0,42,5,0,0,0,698,7901,753,13,上位,0,0,0
295,295,0,121,184,0,1,980,698,7901,753,13,上位,0,980,57
582,582,0,145,283,1,0,0,0,0,1,0,下位,0,0,0
142,142,0,102,136,0,0,0,582,335,-603,3,下位,0,0,0
293,293,0,52,67,1,0,0,0,0,1,0,下位,0,0,0
188,188,0,112,197,1,1,293,0,0,1,0,下位,0,293,119
287,287,0,162,259,0,0,0,481,249,-407,3,下位,0,0,0
687,687,0,74,27,0,0,0,287,311,-559,3,下位,0,0,0
790,790,0,52,65,0,0,0,687,79,-1588,1,下位,0,0,0
909,909,0,42,11,0,1,790,687,79,-1588,1,下位,0,790,117
319,319,0,168,411,0,2,1699,687,79,-1588,1,下位,0,909,63
254,254,0,135,169,1,0,0,0,0,1,0,下位,0,0,0
309,309,0,42,9,0,0,0,254,221,-188,3,下位,0,0,0
965,965,0,51,63,0,1,309,254,221,-188,3,下位,0,309,61
523,523,0,40,-5,0,2,1274,254,221,-188,3,下位,0,965,115
134,134,0,68,109,0,3,1797,254,221,-188,3,下位,0,523,47
819,819,0,99,124,0,0,0,1931,161,-2918,1,下位,0,0,0
182,182,0,132,253,1,0,0,0,0,1,0,下位,0,0,0
796,796,0,152,334,0,0,0,182,305,12,3,下位,0,0,0
629,629,0,83,174,1,0,0,0,0,1,0,下位,0,0,0
132,132,0,107,117,0,0,0,629,226,-788,1,下位,0,0,0
615,615,0,150,196,0,0,0,132,169,-832,2,下位,0,0,0
58,58,0,51,63,0,0,0,615,248,-1576,4,下位,0,0,0
192,192,0,993,4989,0,1,58,615,248,-1576,4,下位,0,58,115
638,638,0,81,158,1,0,0,0,0,1,0,下位,0,0,0
453,453,0,112,195,0,0,0,638,210,-818,1,下位,0,0,0
338,338,0,74,29,0,0,0,453,247,-1302,2,下位,0,0,0
785,785,0,69,41,1,0,0,0,0,1,0,下位,0,0,0
143,143,0,52,67,0,0,0,785,93,-1172,1,下位,0,0,0
963,963,0,122,97,0,1,143,785,93,-1172,1,下位,0,143,119
243,243,0,83,98,0,0,0,1106,149,-2688,2,下位,0,0,0
211,211,0,110,196,0,0,0,243,150,-2930,1,下位,0,0,0
154,154,0,76,111,1,0,0,0,0,1,0,下位,0,0,0
684,684,0,92,161,0,0,0,154,163,-84,1,下位,0,0,0
344,344,0,41,3,0,0,0,684,213,-974,2,下位,0,0,0
51,51,0,42,5,0,1,344,684,213,-974,2,下位,0,344,55
316,316,0,132,234,0,2,395,684,213,-974,2,下位,0,51,57
438,438,0,170,260,0,0,0,711,286,-1723,3,下位,0,0,0
907,907,0,56,58,0,0,0,438,312,-2117,3,下位,0,0,0
343,343,0,1369,7124,0,0,0,907,110,-3470,1,下位,0,0,0
679,679,0,158,251,1,0,0,0,0,1,0,下位,0,0,0
312,312,0,149,188,0,0,0,679,303,-791,4,下位,0,0,0
860,860,0,934,4629,0,0,0,312,240,-1054,2,下位,0,0,0
396,396,0,78,95,0,0,0,860,4681,758,9,上位,0,0,0
222,222,0,98,137,0,0,0,396,147,266,1,下位,0,0,0
200,200,0,221,302,0,0,0,222,189,97,2,下位,0,0,0
538,538,0,104,212,0,0,0,200,354,128,5,下位,0,0,0
172,172,0,48,47,0,0,0,538,264,-476,2,下位,0,0,0
328,328,0,42,9,0,1,172,538,264,-476,2,下位,0,172,99
291,291,0,51,61,0,2,500,538,264,-476,2,下位,0,328,61
93,93,0,67,114,0,3,791,538,264,-476,2,下位,0,291,113
787,787,0,90,73,1,0,0,0,0,1,0,下位,0,0,0
508,508,0,132,298,0,0,0,787,125,-1143,2,下位,0,0,0
775,775,0,52,67,0,0,0,508,350,-1612,3,下位,0,0,0
348,348,0,52,67,0,1,775,508,350,-1612,3,下位,0,775,119
380,380,0,185,298,0,2,1123,508,350,-1612,3,下位,0,348,119
510,510,0,42,11,0,0,0,1503,350,-3448,4,下位,0,0,0
244,244,0,78,28,0,1,510,1503,350,-3448,4,下位,0,510,63
780,780,0,1458,7253,0,0,0,754,80,-4522,1,下位,0,0,0
93,93,0,52,65,0,0,0,780,7305,757,13,上位,0,0,0
482,482,0,41,3,0,1,93,780,7305,757,13,上位,0,93,117
967,967,0,186,255,0,2,575,780,7305,757,13,上位,0,482,55
354,354,0,150,208,1,0,0,0,0,1,0,下位,0,0,0
898,898,0,1080,5609,0,0,0,354,260,-310,3,下位,0,0,0
459,459,0,64,49,0,0,0,898,5661,771,10,上位,0,0,0
199,199,0,52,71,0,0,0,459,101,132,1,下位,0,0,0
179,179,0,78,169,0,1,199,459,101,132,1,下位,0,199,123
332,332,0,86,95,0,0,0,378,221,-134,1,下位,0,0,0
123,123,0,52,71,0,0,0,332,147,-522,1,下位,0,0,0
199,199,0,52,65,0,1,123,332,147,-522,1,下位,0,123,123
923,923,0,42,9,0,2,322,332,147,-522,1,下位,0,199,117
316,316,0,52,65,0,3,1245,332,147,-522,1,下位,0,923,61
863,863,0,119,169,0,4,1561,332,147,-522,1,下位,0,316,117
356,356,0,168,404,1,0,0,0,0,1,0,下位,0,0,0
819,819,0,160,263,0,0,0,356,456,-117,4,下位,0,0,0
347,347,0,75,31,0,0,0,819,315,-1123,3,下位,0,0,0
177,177,0,97,222,0,0,0,347,83,-1600,1,下位,0,0,0
319,319,0,42,11,0,0,0,177,274,-1611,2,下位,0,0,0
188,188,0,116,194,0,1,319,177,274,-1611,2,下位,0,319,63
247,247,0,52,71,0,0,0,507,246,-2120,2,下位,0,0,0
972,972,0,1507,7792,0,1,247,507,246,-2120,2,下位,0,247,123
904,904,0,42,7,0,0,0,1219,7844,758,14,上位,0,0,0
968,968,0,42,7,0,1,904,1219,7844,758,14,上位,0,904,59
508,508,0,51,63,0,2,1872,1219,7844,758,14,上位,0,968,59
199,199,0,91,151,0,3,2380,1219,7844,758,14,上位,0,508,115
199,199,0,117,178,1,0,0,0,0,1,0,下位,0,0,0
439,439,0,109,209,0,0,0,199,230,-90,2,下位,0,0,0
318,318,0,168,407,0,0,0,439,261,-537,2,下位,0,0,0
861,861,0,42,11,0,0,0,318,459,-591,4,下位,0,0,0
963,963,0,122,249,0,1,861,318,459,-591,4,下位,0,861,63
675,675,0,1034,5012,0,0,0,1824,301,-3169,3,下位,0,0,0
84,84,0,122,251,0,0,0,675,5064,765,10,上位,0,0,0
561,561,0,52,65,0,0,0,84,303,933,3,下位,0,0,0
768,768,0,97,214,0,1,561,84,303,933,3,下位,0,561,117
152,152,0,52,69,0,0,0,1329,266,-828,2,下位,0,0,0
147,147,0,120,182,0,1,152,1329,266,-828,2,下位,0,152,121
66,66,0,94,70,1,0,0,0,0,1,0,下位,0,0,0
200,200,0,218,242,0,0,0,66,122,17,2,下位,0,0,0
282,282,0,72,43,0,0,0,200,294,-12,4,下位,0,0,0
125,125,0,95,136,0,0,0,282,95,-372,1,下位,0,0,0
899,899,0,51,63,0,0,0,125,188,-386,1,下位,0,0,0
876,876,0,52,71,0,1,899,125,188,-386,1,下位,0,899,115
35,35,0,93,154,0,2,1775,125,188,-386,1,下位,0,876,123
687,687,0,185,359,1,0,0,0,0,1,0,下位,0,0,0
319,319,0,145,222,0,0,0,687,411,-696,5,下位,0,0,0
150,150,0,144,228,0,0,0,319,274,-937,2,下位,0,0,0
968,968,0,102,128,0,0,0,150,280,-899,4,下位,0,0,0
553,553,0,100,140,0,0,0,968,180,-2280,1,下位,0,0,0
167,167,0,72,108,0,0,0,553,192,-2980,2,下位,0,0,0
749,749,0,1408,7326,1,0,0,0,0,1,0,下位,0,0,0
278,278,0,92,66,0,0,0,749,7378,738,13,上位,0,0,0
373,373,0,42,11,0,0,0,278,118,408,1,下位,0,0,0
292,292,0,70,102,0,1,373,278,118,408,1,下位,0,373,63
204,204,0,154,280,0,0,0,665,154,-448,1,下位,0,0,0
967,967,0,178,287,0,0,0,204,332,-445,3,下位,0,0,0
897,897,0,79,101,0,0,0,967,339,-1666,4,下位,0,0,0
431,431,0,129,237,0,0,0,897,153,-2960,1,下位,0,0,0
478,478,0,108,126,1,0,0,0,0,1,0,下位,0,0,0
325,325,0,131,244,0,0,0,478,178,-592,2,下位,0,0,0
95,95,0,78,102,0,0,0,325,296,-820,3,下位,0,0,0
540,540,0,62,52,0,0,0,95,154,-819,1,下位,0,0,0
344,344,0,116,203,0,0,0,540,104,-1586,1,下位,0,0,0
966,966,0,67,35,0,0,0,344,255,-1886,2,下位,0,0,0
437,437,0,42,9,0,0,0,966,87,-3357,1,下位,0,0,0
767,767,0,52,69,0,1,437,966,87,-3357,1,下位,0,437,61
365,365,0,143,226,0,2,1204,966,87,-3357,1,下位,0,767,121
437,437,0,93,42,0,0,0,1569,278,-5428,3,下位,0,0,0
381,381,0,74,113,0,0,0,437,94,-6039,2,下位,0,0,0
748,748,0,124,319,0,0,0,381,165,-6489,1,下位,0,0,0
229,229,0,42,9,1,0,0,0,0,1,0,下位,0,0,0
456,456,0,71,37,1,1,229,0,0,1,0,下位,0,229,61
402,402,0,108,46,0,0,0,685,89,-953,1,下位,0,0,0
293,293,0,128,157,0,0,0,402,98,-1503,2,下位,0,0,0
963,963,0,155,189,0,0,0,293,209,-1767,3,下位,0,0,0
320,320,0,42,5,0,0,0,963,241,-3079,3,下位,0,0,0
231,231,0,68,109,0,1,320,963,241,-3079,3,下位,0,320,57
134,134,0,138,152,0,0,0,551,161,-3750,1,下位,0,0,0
249,249,0,149,203,0,0,0,134,204,-3762,3,下位,0,0,0
966,966,0,80,23,0,0,0,249,255,-3909,2,下位,0,0,0
230,230,0,98,77,0,0,0,966,75,-5392,1,下位,0,0,0
898,898,0,106,196,0,0,0,230,129,-5634,2,下位,0,0,0
67,67,0,65,108,1,0,0,0,0,1,0,下位,0,0,0
502,502,0,204,201,0,0,0,67,160,53,1,下位,0,0,0
416,416,0,73,101,0,0,0,502,253,-504,5,下位,0,0,0
156,156,0,1078,5088,0,0,0,416,153,-1022,1,下位,0,0,0
704,704,0,52,65,0,0,0,156,5140,763,10,上位,0,0,0
776,776,0,211,335,0,1,704,156,5140,763,10,上位,0,704,117
178,178,0,51,63,0,0,0,1480,387,-1120,5,下位,0,0,0
964,964,0,154,208,0,1,178,1480,387,-1120,5,下位,0,178,115
223,223,0,204,262,0,0,0,1142,260,-2587,3,下位,0,0,0
267,267,0,83,147,0,0,0,223,314,-2633,5,下位,0,0,0
240,240,0,200,355,0,0,0,267,199,-2865,2,下位,0,0,0
312,312,0,42,9,0,0,0,240,407,-2845,4,下位,0,0,0
176,176,0,79,22,0,1,312,240,407,-2845,4,下位,0,312,61
271,271,0,125,166,1,0,0,0,0,1,0,下位,0,0,0
731,731,0,1050,5253,0,0,0,271,218,-218,3,下位,0,0,0
285,285,0,42,5,0,0,0,731,5305,779,11,上位,0,0,0
805,805,0,120,396,0,1,285,731,5305,779,11,上位,0,285,57
618,618,0,173,319,0,0,0,1090,448,-474,3,下位,0,0,0
763,763,0,132,308,0,0,0,618,371,-1100,4,下位,0,0,0
93,93,0,41,3,0,0,0,763,360,-1971,4,下位,0,0,0
50,50,0,860,4612,0,1,93,763,360,-1971,4,下位,0,93,55
962,962,0,76,29,0,0,0,143,3867,771,5,上位,0,0,0
210,210,0,40,-6,0,0,0,962,81,-700,1,下位,0,0,0
265,265,0,778,3818,0,1,210,962,81,-700,1,下位,0,210,46
284,284,0,118,158,1,0,0,0,0,1,0,下位,0,0,0
369,369,0,134,233,0,0,0,284,210,-247,2,下位,0,0,0
826,826,0,86,84,0,0,0,369,285,-557,4,下位,0,0,0
315,315,0,78,173,0,0,0,826,136,-1753,1,下位,0,0,0
271,271,0,146,201,0,0,0,315,225,-2036,1,下位,0,0,0
366,366,0,1308,6710,0,0,0,271,253,-2220,4,下位,0,0,0
528,528,0,190,221,0,0,0,366,6762,769,11,上位,0,0,0
825,825,0,79,177,0,0,0,528,273,190,3,下位,0,0,0
708,708,0,165,253,0,0,0,825,229,-912,1,下位,0,0,0
38,38,0,1727,8487,1,0,0,0,0,1,0,下位,0,0,0
213,213,0,51,61,0,0,0,38,8539,751,15,上位,0,0,0
129,129,0,80,89,0,1,213,38,8539,751,15,上位,0,213,113
312,312,0,94,157,0,0,0,342,141,453,1,下位,0,0,0
411,411,0,130,234,0,0,0,312,209,159,1,下位,0,0,0
48,48,0,688,3402,0,0,0,411,286,-218,2,下位,0,0,0
229,229,0,42,11,0,0,0,48,3341,759,4,上位,0,0,0
244,244,0,41,1,0,1,229,48,3341,759,4,上位,0,229,63
283,283,0,711,3443,0,2,473,48,3341,759,4,上位,0,244,53
302,302,0,163,318,0,0,0,756,3495,743,7,上位,0,0,0
261,261,0,42,11,0,0,0,302,370,626,4,下位,0,0,0
831,831,0,52,69,0,1,261,302,370,626,4,下位,0,261,63
229,229,0,41,4,0,2,1092,302,370,626,4,下位,0,831,121
282,282,0,126,245,0,3,1321,302,370,626,4,下位,0,229,56
195,195,0,89,86,1,0,0,0,0,1,0,下位,0,0,0
968,968,0,84,77,0,0,0,195,138,-176,1,下位,0,0,0
493,493,0,90,79,0,0,0,968,129,-1608,2,下位,0,0,0
962,962,0,52,67,0,0,0,493,131,-2272,1,下位,0,0,0
963,963,0,52,67,0,1,962,493,131,-2272,1,下位,0,962,119
499,499,0,143,148,0,2,1925,493,131,-2272,1,下位,0,963,119
97,97,0,42,11,0,0,0,2424,200,-5744,3,下位,0,0,0
232,232,0,134,375,0,1,97,2424,200,-5744,3,下位,0,97,63
113,113,0,100,137,0,0,0,329,427,-5784,4,下位,0,0,0
91,91,0,86,165,0,0,0,113,189,-5777,1,下位,0,0,0
841,841,0,76,98,0,0,0,91,217,-5707,2,下位,0,0,0
293,293,0,120,174,0,0,0,841,150,-6913,1,下位,0,0,0
130,130,0,98,287,0,0,0,293,226,-7160,2,下位,0,0,0
973,973,0,120,110,1,0,0,0,0,1,0,下位,0,0,0
859,859,0,87,80,0,0,0,973,162,-1406,2,下位,0,0,0
737,737,0,126,253,0,0,0,859,132,-2659,1,下位,0,0,0
635,635,0,70,37,0,0,0,737,305,-3543,3,下位,0,0,0
746,746,0,54,61,0,0,0,635,89,-4478,1,下位,0,0,0
739,739,0,102,137,0,0,0,746,113,-5568,1,下位,0,0,0
762,762,0,109,195,0,0,0,739,189,-6571,2,下位,0,0,0
819,819,0,118,237,0,0,0,762,247,-7553,2,下位,0,0,0
965,965,0,82,77,0,0,0,819,289,-8585,3,下位,0,0,0
269,269,0,41,3,1,0,0,0,0,1,0,下位,0,0,0
976,976,0,65,45,1,1,269,0,0,1,0,下位,0,269,55
268,268,0,66,124,0,0,0,1245,97,-1855,1,下位,0,0,0
678,678,0,90,147,0,0,0,268,176,-2111,1,下位,0,0,0
129,129,0,1099,5557,0,0,0,678,199,-3006,2,下位,0,0,0
226,226,0,51,61,0,0,0,129,5609,774,10,上位,0,0,0
328,328,0,121,187,0,1,226,129,5609,774,10,上位,0,226,113
299,299,0,742,3352,0,0,0,554,239,232,3,下位,0,0,0
607,607,0,1040,5004,0,0,0,299,3404,760,6,上位,0,0,0
614,614,0,151,282,1,0,0,0,0,1,0,下位,0,0,0
172,172,0,139,224,0,0,0,614,334,-655,3,下位,0,0,0
226,226,0,74,27,0,0,0,172,276,-656,3,下位,0,0,0
962,962,0,78,104,0,0,0,226,79,-942,1,下位,0,0,0
861,861,0,117,196,0,0,0,962,156,-2338,1,下位,0,0,0
145,145,0,1306,6774,0,0,0,861,248,-3479,2,下位,0,0,0
912,912,0,60,50,0,0,0,145,6826,760,12,上位,0,0,0
253,253,0,183,386,0,0,0,912,102,-609,1,下位,0,0,0
261,261,0,88,78,1,0,0,0,0,1,0,下位,0,0,0
206,206,0,74,32,0,0,0,261,130,-290,1,下位,0,0,0
344,344,0,1169,5659,0,0,0,206,84,-538,1,下位,0,0,0
212,212,0,119,247,0,0,0,344,5711,737,11,上位,0,0,0
220,220,0,159,201,0,0,0,212,299,694,2,下位,0,0,0
571,571,0,100,133,0,0,0,220,253,592,5,下位,0,0,0
818,818,0,1897,9266,0,0,0,571,185,-144,1,下位,0,0,0
943,943,0,52,69,0,0,0,818,9318,754,15,上位,0,0,0
963,963,0,52,65,0,1,943,818,9318,754,15,上位,0,943,121
977,977,0,120,265,0,2,1906,818,9318,754,15,上位,0,963,117
203,203,0,201,286,1,0,0,0,0,1,0,下位,0,0,0
771,771,0,183,308,0,0,0,203,338,12,5,下位,0,0,0
368,368,0,149,205,0,0,0,771,360,-872,4,下位,0,0,0
300,300,0,51,62,0,0,0,368,257,-1209,4,下位,0,0,0
153,153,0,52,66,0,1,300,368,257,-1209,4,下位,0,300,114
95,95,0,130,244,0,2,453,368,257,-1209,4,下位,0,153,118
168,168,0,52,69,0,0,0,548,296,-1565,2,下位,0,0,0
693,693,0,51,60,0,1,168,548,296,-1565,2,下位,0,168,121
423,423,0,99,280,0,2,861,548,296,-1565,2,下位,0,693,112
544,544,0,52,69,1,0,0,0,0,1,0,下位,0,0,0
175,175,0,77,175,1,1,544,0,0,1,0,下位,0,544,121
942,942,0,76,94,0,0,0,719,227,-810,1,下位,0,0,0
183,183,0,77,111,0,0,0,942,146,-2183,1,下位,0,0,0
276,276,0,126,242,0,0,0,183,163,-2315,2,下位,0,0,0
211,211,0,89,77,0,0,0,276,294,-2466,2,下位,0,0,0
831,831,0,95,66,0,0,0,211,129,-2677,1,下位,0,0,0
965,965,0,65,37,0,0,0,831,118,-3899,2,下位,0,0,0
179,179,0,83,96,0,0,0,965,89,-5366,1,下位,0,0,0
353,353,0,1501,7437,1,0,0,0,0,1,0,下位,0,0,0
255,255,0,170,260,0,0,0,353,7489,737,13,上位,0,0,0
890,890,0,41,3,0,0,0,255,312,638,4,下位,0,0,0
98,98,0,83,89,0,1,890,255,312,638,4,下位,0,890,55
865,865,0,42,5,0,0,0,988,141,-759,1,下位,0,0,0
221,221,0,76,96,0,1,865,988,141,-759,1,下位,0,865,57
374,374,0,1225,6008,0,0,0,1086,148,-2305,1,下位,0,0,0
965,965,0,60,56,0,0,0,374,6060,776,12,上位,0,0,0
485,485,0,1429,6933,1,0,0,0,0,1,0,下位,0,0,0
411,411,0,69,110,0,0,0,485,6985,750,12,上位,0,0,0
296,296,0,81,95,1,0,0,0,0,1,0,下位,0,0,0
219,219,0,125,179,0,0,0,296,147,-329,1,下位,0,0,0
272,272,0,88,159,0,0,0,219,231,-451,3,下位,0,0,0
830,830,0,121,267,0,0,0,272,211,-679,1,下位,0,0,0
428,428,0,52,65,0,0,0,830,319,-1699,3,下位,0,0,0
964,964,0,173,179,0,1,428,830,319,-1699,3,下位,0,428,117
225,225,0,62,124,0,0,0,1392,231,-3596,3,下位,0,0,0
665,665,0,176,385,1,0,0,0,0,1,0,下位,0,0,0
566,566,0,122,241,0,0,0,665,437,-635,5,下位,0,0,0
964,964,0,132,164,0,0,0,566,293,-1255,3,下位,0,0,0
199,199,0,51,61,0,0,0,964,216,-2594,3,下位,0,0,0
536,536,0,52,67,0,1,199,964,216,-2594,3,下位,0,199,113
233,233,0,42,5,0,2,735,964,216,-2594,3,下位,0,536,119
215,215,0,115,115,0,3,968,964,216,-2594,3,下位,0,233,57
963,963,0,160,186,0,0,0,1183,167,-4047,3,下位,0,0,0
459,459,0,105,108,1,0,0,0,0,1,0,下位,0,0,0
236,236,0,116,172,0,0,0,459,160,-579,2,下位,0,0,0
965,965,0,94,78,0,0,0,236,224,-736,2,下位,0,0,0
51,51,0,42,7,0,0,0,965,130,-2162,1,下位,0,0,0
154,154,0,52,69,0,1,51,965,130,-2162,1,下位,0,51,59
285,285,0,136,150,0,2,205,965,130,-2162,1,下位,0,154,121
150,150,0,75,109,0,0,0,490,202,-2570,2,下位,0,0,0
970,970,0,51,63,0,0,0,150,161,-2651,1,下位,0,0,0
363,363,0,170,325,0,1,970,150,161,-2651,1,下位,0,970,115
710,710,0,73,101,1,0,0,0,0,1,0,下位,0,0,0
146,146,0,193,265,0,0,0,710,153,-991,1,下位,0,0,0
205,205,0,97,209,0,0,0,146,317,-909,4,下位,0,0,0
689,689,0,70,104,0,0,0,205,261,-979,2,下位,0,0,0
215,215,0,52,71,0,0,0,689,156,-1934,1,下位,0,0,0
683,683,0,70,97,0,1,215,689,156,-1934,1,下位,0,215,123
348,348,0,42,11,0,0,0,898,149,-3111,1,下位,0,0,0
205,205,0,55,45,0,1,348,898,149,-3111,1,下位,0,348,63
964,964,0,42,5,0,0,0,553,97,-3843,1,下位,0,0,0
744,744,0,140,309,0,1,964,553,97,-3843,1,下位,0,964,57
206,206,0,42,11,1,0,0,0,0,1,0,下位,0,0,0
964,964,0,150,357,1,1,206,0,0,1,0,下位,0,206,63
447,447,0,80,89,0,0,0,1170,409,-1414,3,下位,0,0,0
450,450,0,135,227,0,0,0,447,141,-1994,1,下位,0,0,0
266,266,0,42,7,0,0,0,450,279,-2441,3,下位,0,0,0
836,836,0,91,156,0,1,266,450,279,-2441,3,下位,0,266,59
154,154,0,41,1,0,0,0,1102,208,-3951,2,下位,0,0,0
95,95,0,52,65,0,1,154,1102,208,-3951,2,下位,0,154,53
421,421,0,52,71,0,2,249,1102,208,-3951,2,下位,0,95,117
435,435,0,93,70,0,3,670,1102,208,-3951,2,下位,0,421,123
579,579,0,159,187,0,0,0,1105,122,-5318,1,下位,0,0,0
700,700,0,117,109,0,0,0,579,239,-6013,3,下位,0,0,0
177,177,0,126,103,1,0,0,0,0,1,0,下位,0,0,0
352,352,0,111,202,0,0,0,177,155,-129,3,下位,0,0,0
534,534,0,70,116,0,0,0,352,254,-443,2,下位,0,0,0
856,856,0,52,69,0,0,0,534,168,-1136,2,下位,0,0,0
187,187,0,60,53,0,1,856,534,168,-1136,2,下位,0,856,121
162,162,0,1260,6733,0,0,0,1043,105,-2593,1,下位,0,0,0
539,539,0,60,110,0,0,0,162,6785,761,12,上位,0,0,0
822,822,0,183,381,0,0,0,539,162,54,1,下位,0,0,0
331,331,0,79,93,0,0,0,822,433,-839,5,下位,0,0,0
969,969,0,52,65,0,0,0,331,145,-1228,1,下位,0,0,0
966,966,0,195,357,0,1,969,331,145,-1228,1,下位,0,969,117
42,42,0,51,61,1,0,0,0,0,1,0,下位,0,0,0
746,746,0,135,137,1,1,42,0,0,1,0,下位,0,42,113
904,904,0,171,261,0,0,0,788,189,-968,3,下位,0,0,0
968,968,0,138,235,0,0,0,904,313,-2113,3,下位,0,0,0
237,237,0,42,9,0,0,0,968,287,-3387,3,下位,0,0,0
966,966,0,42,11,0,1,237,968,287,-3387,3,下位,0,237,61
788,788,0,98,215,0,2,1203,968,287,-3387,3,下位,0,966,63
652,652,0,161,405,0,0,0,1991,267,-6207,2,下位,0,0,0
142,142,0,87,82,0,0,0,652,457,-6802,5,下位,0,0,0
285,285,0,51,63,1,0,0,0,0,1,0,下位,0,0,0
286,286,0,960,4647,1,1,285,0,0,1,0,下位,0,285,115
640,640,0,103,208,0,0,0,571,4699,761,9,上位,0,0,0
245,245,0,112,126,0,0,0,640,260,-11,2,下位,0,0,0
232,232,0,114,108,0,0,0,245,178,-228,2,下位,0,0,0
60,60,0,89,160,0,0,0,232,160,-442,2,下位,0,0,0
841,841,0,104,128,0,0,0,60,212,-327,2,下位,0,0,0
45,45,0,72,178,0,0,0,841,180,-1503,2,下位,0,0,0
962,962,0,932,4610,0,0,0,45,230,-1346,1,下位,0,0,0
226,226,0,984,4936,1,0,0,0,0,1,0,下位,0,0,0
964,964,0,83,163,0,0,0,226,4988,749,9,上位,0,0,0
286,286,0,52,65,0,0,0,964,215,-591,1,下位,0,0,0
295,295,0,981,4625,0,1,286,964,215,-591,1,下位,0,286,117
178,178,0,52,71,0,0,0,581,4677,758,9,上位,0,0,0
782,782,0,94,72,0,1,178,581,4677,758,9,上位,0,178,123
979,979,0,130,201,0,0,0,960,124,-543,1,下位,0,0,0
478,478,0,156,195,1,0,0,0,0,1,0,下位,0,0,0
269,269,0,148,278,0,0,0,478,247,-523,4,下位,0,0,0
967,967,0,101,133,0,0,0,269,330,-627,4,下位,0,0,0
215,215,0,52,71,0,0,0,967,185,-2002,2,下位,0,0,0
867,867,0,143,131,0,1,215,967,185,-2002,2,下位,0,215,123
867,867,0,106,132,0,0,0,1082,183,-3441,2,下位,0,0,0
184,184,0,154,286,1,0,0,0,0,1,0,下位,0,0,0
729,729,0,52,67,0,0,0,184,338,42,4,下位,0,0,0
365,365,0,42,11,0,1,729,184,338,42,4,下位,0,729,119
745,745,0,52,67,0,2,1094,184,338,42,4,下位,0,365,63
375,375,0,57,36,0,3,1839,184,338,42,4,下位,0,745,119
112,112,0,51,61,0,0,0,2214,88,-3141,1,下位,0,0,0
473,473,0,42,9,0,1,112,2214,88,-3141,1,下位,0,112,113
375,375,0,166,315,0,2,585,2214,88,-3141,1,下位,0,473,61
465,465,0,94,74,0,0,0,960,367,-4149,4,下位,0,0,0
89,89,0,72,182,0,0,0,465,126,-4773,1,下位,0,0,0
304,304,0,68,124,0,0,0,89,234,-4683,1,下位,0,0,0
798,798,0,74,101,1,0,0,0,0,1,0,下位,0,0,0
435,435,0,122,174,0,0,0,798,153,-1133,1,下位,0,0,0
524,524,0,88,161,0,0,0,435,226,-1609,3,下位,0,0,0
965,965,0,80,101,0,0,0,524,213,-2241,2,下位,0,0,0
284,284,0,1424,7209,0,0,0,965,153,-3644,1,下位,0,0,0
785,785,0,71,28,1,0,0,0,0,1,0,下位,0,0,0
178,178,0,59,53,0,0,0,785,80,-1185,1,下位,0,0,0
967,967,0,41,4,0,0,0,178,105,-1367,1,下位,0,0,0
378,378,0,131,239,0,1,967,178,105,-1367,1,下位,0,967,56
914,914,0,1043,5294,0,0,0,1345,291,-3190,3,下位,0,0,0
614,614,0,123,171,1,0,0,0,0,1,0,下位,0,0,0
608,608,0,1125,5640,0,0,0,614,223,-766,2,下位,0,0,0
86,86,0,42,7,0,0,0,608,5692,747,10,上位,0,0,0
958,958,0,52,67,0,1,86,608,5692,747,10,上位,0,86,59
408,408,0,52,65,0,2,1044,608,5692,747,10,上位,0,958,119
847,847,0,73,111,0,3,1452,608,5692,747,10,上位,0,408,117
198,198,0,52,65,1,0,0,0,0,1,0,下位,0,0,0
81,81,0,73,36,1,1,198,0,0,1,0,下位,0,198,117
842,842,0,1085,5472,0,0,0,279,88,-244,1,下位,0,0,0
140,140,0,51,61,0,0,0,842,5524,762,11,上位,0,0,0
842,842,0,52,65,0,1,140,842,5524,762,11,上位,0,140,113
225,225,0,121,172,0,2,982,842,5524,762,11,上位,0,842,117
128,128,0,78,172,0,0,0,1207,224,-731,3,下位,0,0,0
92,92,0,96,145,0,0,0,128,224,-713,1,下位,0,0,0
641,641,0,73,188,0,0,0,92,197,-664,2,下位,0,0,0
871,871,0,42,11,0,0,0,641,240,-1458,1,下位,0,0,0
227,227,0,76,107,0,1,871,641,240,-1458,1,下位,0,871,63
966,966,0,106,272,0,0,0,1098,159,-3007,1,下位,0,0,0
467,467,0,104,141,1,0,0,0,0,1,0,下位,0,0,0
289,289,0,134,293,0,0,0,467,193,-559,2,下位,0,0,0
37,37,0,908,4613,0,0,0,289,345,-680,3,下位,0,0,0
66,66,0,73,106,0,0,0,37,4604,752,6,上位,0,0,0
735,735,0,67,122,0,0,0,66,158,804,1,下位,0,0,0
264,264,0,103,209,0,0,0,735,174,-207,1,下位,0,0,0
268,268,0,148,290,0,0,0,264,261,-372,2,下位,0,0,0
410,410,0,72,37,0,0,0,268,342,-462,3,下位,0,0,0
652,652,0,74,38,0,0,0,410,89,-1034,1,下位,0,0,0
290,290,0,42,9,1,0,0,0,0,1,0,下位,0,0,0
813,813,0,142,285,1,1,290,0,0,1,0,下位,0,290,61
968,968,0,125,158,0,0,0,1103,337,-1380,4,下位,0,0,0
230,230,0,132,302,0,0,0,968,210,-2731,2,下位,0,0,0
632,632,0,1460,7654,0,0,0,230,354,-2748,4,下位,0,0,0
331,331,0,112,200,1,0,0,0,0,1,0,下位,0,0,0
231,231,0,180,382,0,0,0,331,252,-281,3,下位,0,0,0
718,718,0,146,281,0,0,0,231,434,-220,5,下位,0,0,0
833,833,0,51,63,0,0,0,718,333,-1045,3,下位,0,0,0
968,968,0,61,46,0,1,833,718,333,-1045,3,下位,0,833,115
275,275,0,51,63,0,0,0,1801,98,-3737,1,下位,0,0,0
683,683,0,99,137,0,1,275,1801,98,-3737,1,下位,0,275,115
64,64,0,52,71,0,0,0,958,189,-4979,1,下位,0,0,0
929,929,0,178,306,0,1,64,958,189,-4979,1,下位,0,64,123
269,269,0,52,67,0,0,0,993,358,-6099,3,下位,0,0,0
283,283,0,141,282,0,1,269,993,358,-6099,3,下位,0,269,119
673,673,0,78,18,1,0,0,0,0,1,0,下位,0,0,0
325,325,0,181,361,0,0,0,673,70,-1014,1,下位,0,0,0
72,72,0,1513,8138,0,0,0,325,413,-1125,5,下位,0,0,0
54,54,0,41,3,0,0,0,72,6889,748,9,上位,0,0,0
916,916,0,68,120,0,1,54,72,6889,748,9,上位,0,54,55
291,291,0,72,36,0,0,0,970,172,-589,1,下位,0,0,0
964,964,0,142,213,0,0,0,291,88,-970,1,下位,0,0,0
812,812,0,123,99,0,0,0,964,265,-2260,2,下位,0,0,0
147,147,0,99,120,0,0,0,812,151,-3419,3,下位,0,0,0
963,963,0,87,162,0,0,0,147,172,-3484,1,下位,0,0,0
8,8,0,127,155,1,0,0,0,0,1,0,下位,0,0,0
96,96,0,80,95,0,0,0,8,207,195,3,下位,0,0,0
237,237,0,83,238,0,0,0,96,147,187,1,下位,0,0,0
359,359,0,163,253,0,0,0,237,290,95,2,下位,0,0,0
148,148,0,42,5,0,0,0,359,305,-179,4,下位,0,0,0
964,964,0,109,193,0,1,148,359,305,-179,4,下位,0,148,57
166,166,0,42,5,0,0,0,1112,245,-1671,2,下位,0,0,0
974,974,0,91,73,0,1,166,1112,245,-1671,2,下位,0,166,57
291,291,0,83,94,0,0,0,1140,125,-3328,2,下位,0,0,0
964,964,0,1120,5123,0,0,0,291,146,-3651,2,下位,0,0,0
834,834,0,51,63,1,0,0,0,0,1,0,下位,0,0,0
382,382,0,69,109,1,1,834,0,0,1,0,下位,0,834,115
432,432,0,137,152,0,0,0,1216,161,-1684,1,下位,0,0,0
983,983,0,122,179,0,0,0,432,204,-2177,2,下位,0,0,0
963,963,0,197,336,0,0,0,983,231,-3531,2,下位,0,0,0
537,537,0,41,1,0,0,0,963,388,-4696,5,下位,0,0,0
263,263,0,41,1,0,1,537,963,388,-4696,5,下位,0,537,53
169,169,0,1281,6185,0,2,800,963,388,-4696,5,下位,0,263,53
401,401,0,51,63,0,0,0,969,6237,84,12,上位,0,0,0
875,875,0,84,88,0,1,401,969,6237,84,12,上位,0,401,115
377,377,0,64,127,0,0,0,1276,140,-1719,1,下位,0,0,0
774,774,0,120,186,1,0,0,0,0,1,0,下位,0,0,0
880,880,0,42,9,0,0,0,774,238,-1009,2,下位,0,0,0
965,965,0,1393,7017,0,1,880,774,238,-1009,2,下位,0,880,61
255,255,0,92,221,0,0,0,1845,7069,773,12,上位,0,0,0
360,360,0,42,9,0,0,0,255,273,635,2,下位,0,0,0
949,949,0,89,77,0,1,360,255,273,635,2,下位,0,360,61
217,217,0,42,5,0,0,0,1309,129,-1287,1,下位,0,0,0
191,191,0,122,324,0,1,217,1309,129,-1287,1,下位,0,217,57
517,517,0,64,41,1,0,0,0,0,1,0,下位,0,0,0
602,602,0,1681,8671,0,0,0,517,93,-740,1,下位,0,0,0
279,279,0,88,90,0,0,0,602,8723,765,14,上位,0,0,0
364,364,0,69,115,0,0,0,279,142,457,1,下位,0,0,0
412,412,0,153,348,0,0,0,364,167,37,1,下位,0,0,0
251,251,0,157,343,0,0,0,412,400,-228,3,下位,0,0,0
543,543,0,116,192,0,0,0,251,395,-238,4,下位,0,0,0
37,37,0,815,4084,0,0,0,543,244,-870,2,下位,0,0,0
710,710,0,94,146,1,0,0,0,0,1,0,下位,0,0,0
963,963,0,96,134,0,0,0,710,198,-946,2,下位,0,0,0
349,349,0,117,181,0,0,0,963,186,-2313,1,下位,0,0,0
213,213,0,97,211,0,0,0,349,233,-2643,2,下位,0,0,0
383,383,0,60,53,0,0,0,213,263,-2724,2,下位,0,0,0
378,378,0,74,88,0,0,0,383,105,-3237,1,下位,0,0,0
629,629,0,81,82,1,0,0,0,0,1,0,下位,0,0,0
153,153,0,120,109,0,0,0,629,134,-880,1,下位,0,0,0
565,565,0,152,430,0,0,0,153,161,-966,3,下位,0,0,0
327,327,0,89,91,0,0,0,565,482,-1395,4,下位,0,0,0
963,963,0,110,114,0,0,0,327,143,-1779,2,下位,0,0,0
965,965,0,42,7,0,0,0,963,166,-3166,3,下位,0,0,0
772,772,0,118,180,0,1,965,963,166,-3166,3,下位,0,965,59
76,76,0,69,115,1,0,0,0,0,1,0,下位,0,0,0
181,181,0,77,159,0,0,0,76,167,45,1,下位,0,0,0
962,962,0,121,106,0,0,0,181,211,-36,1,下位,0,0,0
658,658,0,72,104,0,0,0,962,158,-1430,2,下位,0,0,0
253,253,0,108,257,0,0,0,658,156,-2335,2,下位,0,0,0
527,527,0,189,360,0,0,0,253,309,-2434,2,下位,0,0,0
692,692,0,90,220,1,0,0,0,0,1,0,下位,0,0,0
853,853,0,96,211,0,0,0,692,272,-843,2,下位,0,0,0
549,549,0,120,395,0,0,0,853,263,-1956,2,下位,0,0,0
156,156,0,102,275,0,0,0,549,447,-2394,3,下位,0,0,0
543,543,0,117,182,0,0,0,156,327,-2319,2,下位,0,0,0
969,969,0,51,63,0,0,0,543,234,-2961,3,下位,0,0,0
173,173,0,172,389,0,1,969,543,234,-2961,3,下位,0,969,115
965,965,0,63,119,0,0,0,1142,441,-4247,4,下位,0,0,0
808,808,0,179,368,1,0,0,0,0,1,0,下位,0,0,0
962,962,0,69,103,0,0,0,808,420,-882,5,下位,0,0,0
166,166,0,61,49,0,0,0,962,155,-2279,1,下位,0,0,0
234,234,0,104,134,0,0,0,166,101,-2446,1,下位,0,0,0
370,370,0,85,83,0,0,0,234,186,-2637,2,下位,0,0,0
52,52,0,67,100,0,0,0,370,135,-3099,1,下位,0,0,0
255,255,0,157,228,0,0,0,52,152,-3031,1,下位,0,0,0
787,787,0,42,9,0,0,0,255,280,-3162,4,下位,0,0,0
347,347,0,116,344,0,1,787,255,280,-3162,4,下位,0,787,61
510,510,0,86,93,1,0,0,0,0,1,0,下位,0,0,0
977,977,0,94,153,0,0,0,510,145,-677,1,下位,0,0,0
228,228,0,81,100,0,0,0,977,205,-2048,1,下位,0,0,0
743,743,0,1473,7346,0,0,0,228,152,-2264,2,下位,0,0,0
219,219,0,42,7,0,0,0,743,7398,765,13,上位,0,0,0
859,859,0,42,11,0,1,219,743,7398,765,13,上位,0,219,59
222,222,0,42,9,0,2,1078,743,7398,765,13,上位,0,859,63
117,117,0,42,5,0,3,1300,743,7398,765,13,上位,0,222,61
395,395,0,52,69,0,4,1417,743,7398,765,13,上位,0,117,57
416,416,0,69,33,0,5,1812,743,7398,765,13,上位,0,395,121
618,618,0,133,296,1,0,0,0,0,1,0,下位,0,0,0
205,205,0,42,7,0,0,0,618,348,-648,3,下位,0,0,0
439,439,0,42,9,0,1,205,618,348,-648,3,下位,0,205,59
550,550,0,99,207,0,2,644,618,348,-648,3,下位,0,439,61
921,921,0,72,106,0,0,0,1194,259,-2195,2,下位,0,0,0
519,519,0,62,46,0,0,0,921,158,-3522,1,下位,0,0,0
702,702,0,1890,10000,0,0,0,519,98,-4261,1,下位,0,0,0
411,411,0,122,238,1,0,0,0,0,1,0,下位,0,0,0
378,378,0,154,351,0,0,0,411,290,-372,2,下位,0,0,0
969,969,0,94,60,0,0,0,378,403,-579,4,下位,0,0,0
572,572,0,85,165,0,0,0,969,112,-2030,2,下位,0,0,0
196,196,0,147,277,0,0,0,572,217,-2736,1,下位,0,0,0
129,129,0,74,37,1,0,0,0,0,1,0,下位,0,0,0
251,251,0,193,340,0,0,0,129,89,-118,1,下位,0,0,0
796,796,0,81,87,0,0,0,251,392,-131,6,下位,0,0,0
667,667,0,106,120,0,0,0,796,139,-1276,1,下位,0,0,0
87,87,0,76,35,0,0,0,667,172,-2180,2,下位,0,0,0
554,554,0,139,371,0,0,0,87,87,-2233,1,下位,0,0,0
298,298,0,1306,6224,0,0,0,554,423,-2704,5,下位,0,0,0
363,363,0,92,215,1,0,0,0,0,1,0,下位,0,0,0
307,307,0,93,72,0,0,0,363,267,-317,2,下位,0,0,0
365,365,0,58,58,0,0,0,307,124,-688,1,下位,0,0,0
167,167,0,77,98,1,0,0,0,0,1,0,下位,0,0,0
39,39,0,42,11,0,0,0,167,150,-118,1,下位,0,0,0
917,917,0,42,11,0,1,39,167,150,-118,1,下位,0,39,63
204,204,0,52,71,0,2,956,167,150,-118,1,下位,0,917,63
360,360,0,123,241,0,3,1160,167,150,-118,1,下位,0,204,123
202,202,0,152,195,0,0,0,1520,293,-2028,2,下位,0,0,0
47,47,0,58,49,0,0,0,202,247,-2107,3,下位,0,0,0
395,395,0,141,268,1,0,0,0,0,1,0,下位,0,0,0
341,341,0,120,252,0,0,0,395,320,-316,3,下位,0,0,0
182,182,0,71,174,0,0,0,341,304,-562,2,下位,0,0,0
331,331,0,140,211,0,0,0,182,226,-630,1,下位,0,0,0
782,782,0,1365,6758,0,0,0,331,263,-901,3,下位,0,0,0
219,219,0,80,89,0,0,0,782,6810,749,13,上位,0,0,0
537,537,0,59,59,1,0,0,0,0,1,0,下位,0,0,0
967,967,0,105,119,0,0,0,537,111,-754,1,下位,0,0,0
73,73,0,103,206,0,0,0,967,171,-2143,2,下位,0,0,0
558,558,0,84,91,0,0,0,73,258,-2003,2,下位,0,0,0
773,773,0,52,69,0,0,0,558,143,-2760,1,下位,0,0,0
293,293,0,42,7,0,1,773,558,143,-2760,1,下位,0,773,121
493,493,0,42,7,0,2,1066,558,143,-2760,1,下位,0,293,59
224,224,0,41,3,0,3,1559,558,143,-2760,1,下位,0,493,59
360,360,0,142,214,0,4,1783,558,143,-2760,1,下位,0,224,55
498,498,0,1074,5312,1,0,0,0,0,1,0,下位,0,0,0
792,792,0,80,173,0,0,0,498,5364,740,10,上位,0,0,0
181,181,0,42,5,0,0,0,792,225,-312,1,下位,0,0,0
972,972,0,172,252,0,1,181,792,225,-312,1,下位,0,181,57
280,280,0,135,139,0,0,0,1153,304,-1811,4,下位,0,0,0
968,968,0,42,9,0,0,0,280,191,-2072,3,下位,0,0,0
932,932,0,1458,7359,0,1,968,280,191,-2072,3,下位,0,968,61
141,141,0,88,88,1,0,0,0,0,1,0,下位,0,0,0
346,346,0,137,371,0,0,0,141,140,-86,1,下位,0,0,0
525,525,0,41,3,0,0,0,346,423,-221,4,下位,0,0,0
963,963,0,52,65,0,1,525,346,423,-221,4,下位,0,525,55
317,317,0,180,246,0,2,1488,346,423,-221,4,下位,0,963,117
894,894,0,2072,11037,0,0,0,1805,298,-2662,4,下位,0,0,0
304,304,0,146,136,0,0,0,894,11089,755,16,上位,0,0,0
217,217,0,60,52,1,0,0,0,0,1,0,下位,0,0,0
171,171,0,73,177,0,0,0,217,104,-245,1,下位,0,0,0
846,846,0,42,9,0,0,0,171,229,-292,1,下位,0,0,0
973,973,0,116,123,0,1,846,171,229,-292,1,下位,0,846,61
120,120,0,66,114,0,0,0,1819,175,-2990,2,下位,0,0,0
216,216,0,50,59,0,0,0,120,166,-3018,1,下位,0,0,0
176,176,0,69,105,0,1,216,120,166,-3018,1,下位,0,216,111
714,714,0,114,258,0,0,0,392,157,-3382,1,下位,0,0,0
199,199,0,95,199,0,0,0,714,310,-4224,3,下位,0,0,0
313,313,0,42,8,0,0,0,199,251,-4294,2,下位,0,0,0
385,385,0,77,105,0,1,313,199,251,-4294,2,下位,0,313,60
972,972,0,87,83,0,0,0,698,157,-5203,1,下位,0,0,0
200,200,0,92,157,0,0,0,972,135,-6636,1,下位,0,0,0
528,528,0,78,100,1,0,0,0,0,1,0,下位,0,0,0
869,869,0,171,317,0,0,0,528,152,-699,2,下位,0,0,0
262,262,0,66,49,0,0,0,869,369,-1732,4,下位,0,0,0
333,333,0,94,76,0,0,0,262,101,-2054,1,下位,0,0,0
290,290,0,157,343,0,0,0,333,128,-2463,1,下位,0,0,0
966,966,0,171,386,0,0,0,290,395,-2536,4,下位,0,0,0
965,965,0,99,135,0,0,0,966,438,-3656,4,下位,0,0,0
351,351,0,42,9,0,0,0,965,187,-5025,1,下位,0,0,0
256,256,0,78,180,0,1,351,965,187,-5025,1,下位,0,351,61
576,576,0,74,31,1,0,0,0,0,1,0,下位,0,0,0
471,471,0,1068,5406,0,0,0,576,83,-845,1,下位,0,0,0
174,174,0,68,48,0,0,0,471,5458,749,10,上位,0,0,0
401,401,0,59,51,0,0,0,174,100,568,1,下位,0,0,0
170,170,0,83,87,0,0,0,401,103,24,1,下位,0,0,0
67,67,0,51,61,0,0,0,170,139,-111,1,下位,0,0,0
967,967,0,970,4817,0,1,67,170,139,-111,1,下位,0,67,113
598,598,0,167,262,0,0,0,1034,4869,764,10,上位,0,0,0
153,153,0,42,5,0,0,0,598,314,113,3,下位,0,0,0
239,239,0,50,58,0,1,153,598,314,113,3,下位,0,153,57
215,215,0,51,63,0,2,392,598,314,113,3,下位,0,239,110
328,328,0,216,310,0,3,607,598,314,113,3,下位,0,215,115
160,160,0,76,107,0,0,0,935,362,-751,6,下位,0,0,0
670,670,0,1054,5089,0,0,0,160,159,-850,1,下位,0,0,0
556,556,0,1103,5517,1,0,0,0,0,1,0,下位,0,0,0
304,304,0,80,160,0,0,0,556,5569,751,11,上位,0,0,0
227,227,0,52,71,0,0,0,304,212,473,1,下位,0,0,0
254,254,0,862,4085,0,1,227,304,212,473,1,下位,0,227,123
687,687,0,110,192,0,0,0,481,4137,749,9,上位,0,0,0
90,90,0,604,2677,0,0,0,687,244,-115,2,下位,0,0,0
39,39,0,108,271,0,0,0,90,2729,764,4,上位,0,0,0
292,292,0,51,61,0,0,0,39,323,1024,2,下位,0,0,0
151,151,0,644,2668,0,1,292,39,323,1024,2,下位,0,292,113
98,98,0,87,88,0,0,0,443,2720,744,7,上位,0,0,0
729,729,0,111,200,0,0,0,98,140,726,1,下位,0,0,0
242,242,0,42,5,0,0,0,729,252,-198,2,下位,0,0,0
154,154,0,806,3928,0,1,242,729,252,-198,2,下位,0,242,57
56,56,0,68,120,0,0,0,396,3980,760,8,上位,0,0,0
492,492,0,108,175,1,0,0,0,0,1,0,下位,0,0,0
440,440,0,84,90,0,0,0,492,227,-566,2,下位,0,0,0
555,555,0,136,381,0,0,0,440,142,-1134,2,下位,0,0,0
168,168,0,42,9,0,0,0,555,433,-1596,3,下位,0,0,0
520,520,0,52,69,0,1,168,555,433,-1596,3,下位,0,168,61
220,220,0,42,11,0,2,688,555,433,-1596,3,下位,0,520,121
208,208,0,70,29,0,3,908,555,433,-1596,3,下位,0,220,63
471,471,0,99,208,0,0,0,1116,81,-3070,1,下位,0,0,0
161,161,0,112,271,0,0,0,471,260,-3570,2,下位,0,0,0
964,964,0,41,1,0,0,0,161,323,-3507,3,下位,0,0,0
866,866,0,42,5,0,1,964,161,323,-3507,3,下位,0,964,53
448,448,0,92,215,0,2,1830,161,323,-3507,3,下位,0,866,57
235,235,0,51,61,0,0,0,2278,267,-6805,2,下位,0,0,0
464,464,0,155,243,0,1,235,2278,267,-6805,2,下位,0,235,113
215,215,0,42,5,1,0,0,0,0,1,0,下位,0,0,0
205,205,0,108,126,1,1,215,0,0,1,0,下位,0,215,57
445,445,0,51,63,0,0,0,420,178,-442,2,下位,0,0,0
200,200,0,134,204,0,1,445,420,178,-442,2,下位,0,445,115
500,500,0,134,232,0,0,0,645,256,-1112,4,下位,0,0,0
257,257,0,51,63,0,0,0,500,284,-1634,3,下位,0,0,0
501,501,0,68,112,0,1,257,500,284,-1634,3,下位,0,257,115
833,833,0,138,227,0,0,0,758,164,-2578,1,下位,0,0,0
195,195,0,89,77,0,0,0,833,279,-3643,3,下位,0,0,0
191,191,0,106,137,0,0,0,195,129,-3829,1,下位,0,0,0
175,175,0,122,176,0,0,0,191,189,-3948,2,下位,0,0,0
538,538,0,84,99,0,0,0,175,228,-4002,2,下位,0,0,0
289,289,0,74,176,1,0,0,0,0,1,0,下位,0,0,0
135,135,0,870,4348,0,0,0,289,228,-237,2,下位,0,0,0
972,972,0,42,5,0,0,0,135,4400,759,9,上位,0,0,0
329,329,0,42,7,0,1,972,135,4400,759,9,上位,0,972,57
964,964,0,162,389,0,2,1301,135,4400,759,9,上位,0,329,59
352,352,0,51,63,0,0,0,2265,441,-2338,4,下位,0,0,0
132,132,0,118,180,0,1,352,2265,441,-2338,4,下位,0,352,115
974,974,0,96,136,0,0,0,484,232,-2772,2,下位,0,0,0
370,370,0,170,227,1,0,0,0,0,1,0,下位,0,0,0
969,969,0,142,357,0,0,0,370,279,-317,3,下位,0,0,0
665,665,0,1283,6397,0,0,0,969,409,-1471,4,下位,0,0,0
490,490,0,187,305,1,0,0,0,0,1,0,下位,0,0,0
583,583,0,124,246,0,0,0,490,357,-432,4,下位,0,0,0
234,234,0,1252,6127,0,0,0,583,298,-1074,2,下位,0,0,0
434,434,0,196,344,0,0,0,234,6179,750,11,上位,0,0,0
544,544,0,42,9,0,0,0,434,396,446,4,下位,0,0,0
271,271,0,70,113,0,1,544,434,396,446,4,下位,0,544,61
962,962,0,71,113,0,0,0,815,165,-642,1,下位,0,0,0
131,131,0,169,248,0,0,0,962,165,-2029,1,下位,0,0,0
694,694,0,67,110,1,0,0,0,0,1,0,下位,0,0,0
376,376,0,141,208,0,0,0,694,162,-956,1,下位,0,0,0
895,895,0,183,286,0,0,0,376,260,-1302,3,下位,0,0,0
964,964,0,41,3,0,0,0,895,338,-2408,5,下位,0,0,0
964,964,0,64,127,0,1,964,895,338,-2408,5,下位,0,964,55
211,211,0,42,9,0,0,0,1928,179,-5284,1,下位,0,0,0
717,717,0,174,387,0,1,211,1928,179,-5284,1,下位,0,211,61
167,167,0,95,145,0,0,0,928,439,-6280,5,下位,0,0,0
588,588,0,103,131,1,0,0,0,0,1,0,下位,0,0,0
273,273,0,42,9,0,0,0,588,183,-764,2,下位,0,0,0
215,215,0,96,149,0,1,273,588,183,-764,2,下位,0,273,61
580,580,0,42,11,0,0,0,488,201,-1289,2,下位,0,0,0
280,280,0,100,75,0,1,580,488,201,-1289,2,下位,0,580,63
198,198,0,126,99,0,0,0,860,127,-2486,2,下位,0,0,0
412,412,0,51,63,0,0,0,198,151,-2654,3,下位,0,0,0
206,206,0,41,3,0,1,412,198,151,-2654,3,下位,0,412,115
651,651,0,51,61,0,2,618,198,151,-2654,3,下位,0,206,55
970,970,0,159,336,0,3,1269,198,151,-2654,3,下位,0,651,113
893,893,0,100,219,0,0,0,2239,388,-5595,3,下位,0,0,0
165,165,0,52,65,0,0,0,893,271,-6764,2,下位,0,0,0
283,283,0,123,258,0,1,165,893,271,-6764,2,下位,0,165,117
229,229,0,126,243,1,0,0,0,0,1,0,下位,0,0,0
92,92,0,50,58,0,0,0,229,295,-73,3,下位,0,0,0
617,617,0,147,350,0,1,92,229,295,-73,3,下位,0,92,110
453,453,0,83,170,0,0,0,709,402,-704,4,下位,0,0,0
833,833,0,1294,6377,0,0,0,453,222,-1213,1,下位,0,0,0
818,818,0,51,63,0,0,0,833,6429,760,11,上位,0,0,0
841,841,0,783,3475,0,1,818,833,6429,760,11,上位,0,818,115
225,225,0,52,69,0,0,0,1659,3527,759,9,上位,0,0,0
276,276,0,50,53,0,1,225,1659,3527,759,9,上位,0,225,121
136,136,0,74,101,0,2,501,1659,3527,759,9,上位,0,276,105
218,218,0,106,117,0,0,0,637,153,111,1,下位,0,0,0
50,50,0,122,174,0,0,0,218,169,-72,2,下位,0,0,0
860,860,0,751,3138,1,0,0,0,0,1,0,下位,0,0,0
975,975,0,42,7,0,0,0,860,3190,748,7,上位,0,0,0
677,677,0,153,358,0,1,975,860,3190,748,7,上位,0,975,59
215,215,0,51,63,0,0,0,1652,410,-1448,4,下位,0,0,0
537,537,0,74,29,0,1,215,1652,410,-1448,4,下位,0,215,115
861,861,0,52,65,0,0,0,752,81,-2465,1,下位,0,0,0
484,484,0,136,305,0,1,861,752,81,-2465,1,下位,0,861,117
965,965,0,117,194,0,0,0,1345,357,-4161,4,下位,0,0,0
483,483,0,169,247,1,0,0,0,0,1,0,下位,0,0,0
298,298,0,52,71,0,0,0,483,299,-479,3,下位,0,0,0
37,37,0,131,147,0,1,298,483,299,-479,3,下位,0,298,123
320,320,0,81,165,0,0,0,335,199,-698,2,下位,0,0,0
202,202,0,150,212,0,0,0,320,217,-997,1,下位,0,0,0
128,128,0,51,63,0,0,0,202,264,-1059,3,下位,0,0,0
712,712,0,147,295,0,1,128,202,264,-1059,3,下位,0,128,115
297,297,0,78,173,0,0,0,840,347,-1951,3,下位,0,0,0
147,147,0,85,174,0,0,0,297,225,-2205,1,下位,0,0,0
695,695,0,78,28,0,0,0,147,226,-2216,2,下位,0,0,0
969,969,0,75,102,0,0,0,695,80,-3257,1,下位,0,0,0
304,304,0,51,63,1,0,0,0,0,1,0,下位,0,0,0
578,578,0,76,107,1,1,304,0,0,1,0,下位,0,304,115
971,971,0,51,61,0,0,0,882,159,-1147,1,下位,0,0,0
95,95,0,42,5,0,1,971,882,159,-1147,1,下位,0,971,113
492,492,0,86,165,0,2,1066,882,159,-1147,1,下位,0,95,57
913,913,0,67,112,0,0,0,1558,217,-3273,1,下位,0,0,0
87,87,0,112,110,1,0,0,0,0,1,0,下位,0,0,0
715,715,0,161,325,0,0,0,87,162,24,3,下位,0,0,0
140,140,0,42,7,0,0,0,715,377,-752,4,下位,0,0,0
966,966,0,1235,6328,0,1,140,715,377,-752,4,下位,0,140,59
264,264,0,139,227,1,0,0,0,0,1,0,下位,0,0,0
376,376,0,94,74,0,0,0,264,279,-146,3,下位,0,0,0
797,797,0,41,3,0,0,0,376,126,-626,1,下位,0,0,0
303,303,0,96,150,0,1,797,376,126,-626,1,下位,0,797,55
369,369,0,153,274,0,0,0,1100,202,-2143,2,下位,0,0,0
51,51,0,918,4763,0,0,0,369,326,-2412,3,下位,0,0,0
962,962,0,185,359,0,0,0,51,4702,756,6,上位,0,0,0
47,47,0,153,276,1,0,0,0,0,1,0,下位,0,0,0
162,162,0,724,3097,0,0,0,47,328,253,3,下位,0,0,0
484,484,0,52,67,0,0,0,162,3149,752,7,上位,0,0,0
500,500,0,42,7,0,1,484,162,3149,752,7,上位,0,484,119
962,962,0,172,250,0,2,984,162,3149,752,7,上位,0,500,59
748,748,0,42,7,0,0,0,1946,302,-1907,4,下位,0,0,0
206,206,0,102,278,0,1,748,1946,302,-1907,4,下位,0,748,59
942,942,0,108,130,0,0,0,954,330,-3056,3,下位,0,0,0
222,222,0,56,50,1,0,0,0,0,1,0,下位,0,0,0
967,967,0,126,152,0,0,0,222,102,-255,1,下位,0,0,0
408,408,0,108,222,0,0,0,967,204,-1611,3,下位,0,0,0
974,974,0,157,261,0,0,0,408,274,-1995,3,下位,0,0,0
888,888,0,90,152,0,0,0,974,313,-3253,3,下位,0,0,0
42,42,0,67,110,1,0,0,0,0,1,0,下位,0,0,0
73,73,0,943,4623,0,0,0,42,162,95,1,下位,0,0,0
306,306,0,85,165,0,0,0,73,4675,747,7,上位,0,0,0
303,303,0,1084,5515,0,0,0,306,217,470,1,下位,0,0,0
973,973,0,102,283,0,0,0,303,5567,758,10,上位,0,0,0
188,188,0,52,67,0,0,0,973,335,-476,2,下位,0,0,0
162,162,0,68,111,0,1,188,973,335,-476,2,下位,0,188,119
812,812,0,42,11,0,0,0,350,163,-758,1,下位,0,0,0
35,35,0,52,71,0,1,812,350,163,-758,1,下位,0,812,63
329,329,0,42,9,0,2,847,350,163,-758,1,下位,0,35,123
969,969,0,86,95,0,3,1176,350,163,-758,1,下位,0,329,61
311,311,0,51,63,0,0,0,2145,147,-3824,1,下位,0,0,0
144,144,0,110,198,0,1,311,2145,147,-3824,1,下位,0,311,115
318,318,0,90,155,0,0,0,455,250,-4193,2,下位,0,0,0
237,237,0,143,219,1,0,0,0,0,1,0,下位,0,0,0
196,196,0,104,132,0,0,0,237,271,-110,4,下位,0,0,0
474,474,0,81,88,0,0,0,196,184,-242,1,下位,0,0,0
544,544,0,104,209,0,0,0,474,140,-867,1,下位,0,0,0
930,930,0,115,268,0,0,0,544,261,-1483,3,下位,0,0,0
523,523,0,82,138,0,0,0,930,320,-2663,2,下位,0,0,0
152,152,0,140,294,0,0,0,523,190,-3317,1,下位,0,0,0
645,645,0,100,139,0,0,0,152,346,-3216,3,下位,0,0,0
281,281,0,70,37,0,0,0,645,191,-4065,1,下位,0,0,0
349,349,0,86,93,0,0,0,281,89,-4429,1,下位,0,0,0
966,966,0,52,69,0,0,0,349,145,-4847,1,下位,0,0,0
249,249,0,86,69,0,1,966,349,145,-4847,1,下位,0,966,121
469,469,0,76,33,0,0,0,1215,121,-6565,1,下位,0,0,0
670,670,0,96,224,1,0,0,0,0,1,0,下位,0,0,0
906,906,0,84,91,0,0,0,670,276,-804,2,下位,0,0,0
291,291,0,59,55,0,0,0,906,143,-2122,1,下位,0,0,0
956,956,0,96,143,0,0,0,291,107,-2484,1,下位,0,0,0
94,94,0,42,9,0,0,0,956,195,-3831,2,下位,0,0,0
226,226,0,83,87,0,1,94,956,195,-3831,2,下位,0,94,61
412,412,0,51,63,0,0,0,320,139,-4148,1,下位,0,0,0
140,140,0,76,33,0,1,412,320,139,-4148,1,下位,0,412,115
180,180,0,100,48,0,0,0,552,85,-4839,1,下位,0,0,0
672,672,0,210,339,0,0,0,180,100,-5029,2,下位,0,0,0
716,716,0,41,1,0,0,0,672,391,-5722,6,下位,0,0,0
257,257,0,75,105,0,1,716,672,391,-5722,6,下位,0,716,53
154,154,0,52,69,1,0,0,0,0,1,0,下位,0,0,0
258,258,0,71,109,1,1,154,0,0,1,0,下位,0,154,121
834,834,0,56,55,0,0,0,412,161,-381,1,下位,0,0,0
441,441,0,118,183,0,0,0,834,107,-1619,1,下位,0,0,0
417,417,0,63,54,0,0,0,441,235,-2095,2,下位,0,0,0
232,232,0,41,4,0,0,0,417,106,-2662,1,下位,0,0,0
601,601,0,120,170,0,1,232,417,106,-2662,1,下位,0,232,56
338,338,0,138,219,0,0,0,833,222,-3727,2,下位,0,0,0
360,360,0,77,100,1,0,0,0,0,1,0,下位,0,0,0
264,264,0,52,65,0,0,0,360,152,-428,1,下位,0,0,0
975,975,0,52,66,0,1,264,360,152,-428,1,下位,0,264,117
118,118,0,91,238,0,2,1239,360,152,-428,1,下位,0,975,118
619,619,0,82,96,0,0,0,1357,290,-2092,2,下位,0,0,0
845,845,0,52,67,0,0,0,619,148,-2942,1,下位,0,0,0
270,270,0,170,185,0,1,845,619,148,-2942,1,下位,0,845,119
121,121,0,52,71,0,0,0,1115,237,-4384,4,下位,0,0,0
662,662,0,132,314,0,1,121,1115,237,-4384,4,下位,0,121,123
716,716,0,1470,7281,1,0,0,0,0,1,0,下位,0,0,0
108,108,0,77,104,0,0,0,716,7333,754,14,上位,0,0,0
694,694,0,112,183,0,0,0,108,156,736,1,下位,0,0,0
339,339,0,71,117,0,0,0,694,235,-148,3,下位,0,0,0
797,797,0,92,65,0,0,0,339,169,-526,1,下位,0,0,0
964,964,0,110,187,0,0,0,797,117,-1694,2,下位,0,0,0
884,884,0,79,89,1,0,0,0,0,1,0,下位,0,0,0
593,593,0,76,26,0,0,0,884,141,-1284,1,下位,0,0,0
196,196,0,67,116,0,0,0,593,78,-2162,1,下位,0,0,0
319,319,0,42,9,0,0,0,196,168,-2310,1,下位,0,0,0
801,801,0,42,5,0,1,319,196,168,-2310,1,下位,0,319,61
460,460,0,171,234,0,2,1120,196,168,-2310,1,下位,0,801,57
543,543,0,83,168,0,0,0,1580,286,-4455,3,下位,0,0,0
965,965,0,68,109,0,0,0,543,220,-5111,1,下位,0,0,0
972,972,0,1040,5284,0,0,0,965,161,-6506,1,下位,0,0,0
497,497,0,88,83,1,0,0,0,0,1,0,下位,0,0,0
659,659,0,90,156,0,0,0,497,135,-666,2,下位,0,0,0
754,754,0,150,131,0,0,0,659,208,-1521,2,下位,0,0,0
475,475,0,42,11,0,0,0,754,183,-2554,3,下位,0,0,0
966,966,0,78,26,0,1,475,754,183,-2554,3,下位,0,475,63
795,795,0,138,291,1,0,0,0,0,1,0,下位,0,0,0
49,49,0,1041,5647,0,0,0,795,343,-938,3,下位,0,0,0
242,242,0,74,111,0,0,0,49,5640,769,7,上位,0,0,0
712,712,0,139,210,1,0,0,0,0,1,0,下位,0,0,0
248,248,0,1176,5906,0,0,0,712,262,-885,5,下位,0,0,0
63,63,0,79,175,0,0,0,248,5958,762,12,上位,0,0,0
151,151,0,150,351,1,0,0,0,0,1,0,下位,0,0,0
939,939,0,144,348,0,0,0,151,403,160,3,下位,0,0,0
969,969,0,99,279,0,0,0,939,400,-955,4,下位,0,0,0
252,252,0,131,265,1,0,0,0,0,1,0,下位,0,0,0
963,963,0,82,100,0,0,0,252,317,-88,4,下位,0,0,0
77,77,0,112,254,0,0,0,963,152,-1489,1,下位,0,0,0
204,204,0,51,61,0,0,0,77,306,-1307,2,下位,0,0,0
268,268,0,52,69,0,1,204,77,306,-1307,2,下位,0,204,113
195,195,0,111,200,0,2,472,77,306,-1307,2,下位,0,268,121
823,823,0,72,104,0,0,0,667,252,-1897,2,下位,0,0,0
268,268,0,156,259,0,0,0,823,156,-3068,1,下位,0,0,0
521,521,0,104,129,1,0,0,0,0,1,0,下位,0,0,0
963,963,0,85,83,0,0,0,521,181,-658,2,下位,0,0,0
447,447,0,42,7,0,0,0,963,135,-2076,1,下位,0,0,0
603,603,0,150,272,0,1,447,963,135,-2076,1,下位,0,447,59
699,699,0,90,77,0,0,0,1050,324,-3387,3,下位,0,0,0
671,671,0,63,43,0,0,0,699,129,-4385,1,下位,0,0,0
367,367,0,94,152,0,0,0,671,95,-5372,1,下位,0,0,0
95,95,0,51,61,0,0,0,367,204,-5760,1,下位,0,0,0
631,631,0,76,107,0,1,95,367,204,-5760,1,下位,0,95,113
514,514,0,137,174,0,0,0,726,159,-6659,1,下位,0,0,0
672,672,0,118,181,1,0,0,0,0,1,0,下位,0,0,0
220,220,0,59,58,0,0,0,672,233,-850,3,下位,0,0,0
403,403,0,142,190,0,0,0,220,110,-1095,1,下位,0,0,0
97,97,0,51,63,0,0,0,403,242,-1503,3,下位,0,0,0
163,163,0,109,194,0,1,97,403,242,-1503,3,下位,0,97,115
968,968,0,103,129,0,0,0,260,246,-1561,2,下位,0,0,0
550,550,0,42,7,0,0,0,968,181,-2941,2,下位,0,0,0
965,965,0,136,222,0,1,550,968,181,-2941,2,下位,0,550,59
880,880,0,69,119,0,0,0,1515,274,-5051,4,下位,0,0,0
489,489,0,69,119,0,0,0,880,171,-6299,1,下位,0,0,0
478,478,0,92,74,0,0,0,489,171,-6917,1,下位,0,0,0
898,898,0,77,20,1,0,0,0,0,1,0,下位,0,0,0
264,264,0,134,135,0,0,0,898,72,-1375,1,下位,0,0,0
439,439,0,106,118,0,0,0,264,187,-1614,4,下位,0,0,0
953,953,0,42,8,0,0,0,439,170,-2152,2,下位,0,0,0
542,542,0,90,148,0,1,953,439,170,-2152,2,下位,0,953,60
932,932,0,76,100,0,0,0,1495,200,-4303,2,下位,0,0,0
925,925,0,75,102,0,0,0,932,152,-5654,2,下位,0,0,0
819,819,0,67,44,1,0,0,0,0,1,0,下位,0,0,0
205,205,0,107,201,0,0,0,819,96,-1224,1,下位,0,0,0
787,787,0,109,115,0,0,0,205,253,-1302,2,下位,0,0,0
300,300,0,144,271,0,0,0,787,167,-2404,2,下位,0,0,0
516,516,0,42,5,0,0,0,300,323,-2565,3,下位,0,0,0
261,261,0,41,3,0,1,516,300,323,-2565,3,下位,0,516,57
315,315,0,134,240,0,2,777,300,323,-2565,3,下位,0,261,55
769,769,0,89,77,1,0,0,0,0,1,0,下位,0,0,0
141,141,0,42,11,0,0,0,769,129,-1110,1,下位,0,0,0
271,271,0,52,67,0,1,141,769,129,-1110,1,下位,0,141,63
193,193,0,52,67,0,2,412,769,129,-1110,1,下位,0,271,119
41,41,0,42,9,0,3,605,769,129,-1110,1,下位,0,193,119
292,292,0,72,102,0,4,646,769,129,-1110,1,下位,0,41,61
738,738,0,88,229,0,0,0,938,154,-2106,1,下位,0,0,0
538,538,0,203,334,0,0,0,738,281,-3015,2,下位,0,0,0
838,838,0,83,90,0,0,0,538,386,-3497,5,下位,0,0,0
120,120,0,150,128,0,0,0,838,142,-4707,1,下位,0,0,0
70,70,0,164,179,1,0,0,0,0,1,0,下位,0,0,0
261,261,0,81,96,0,0,0,70,231,119,3,下位,0,0,0
589,589,0,42,7,0,0,0,261,148,-154,1,下位,0,0,0
553,553,0,98,222,0,1,589,261,148,-154,1,下位,0,589,59
302,302,0,74,105,0,0,0,1142,274,-1663,2,下位,0,0,0
95,95,0,84,228,0,0,0,302,157,-1993,1,下位,0,0,0
398,398,0,79,176,0,0,0,95,280,-1866,2,下位,0,0,0
37,37,0,113,113,1,0,0,0,0,1,0,下位,0,0,0
165,165,0,68,116,0,0,0,37,165,106,2,下位,0,0,0
291,291,0,904,4267,0,0,0,165,168,8,1,下位,0,0,0
934,934,0,51,61,0,0,0,291,4319,774,9,上位,0,0,0
159,159,0,88,76,0,1,934,291,4319,774,9,上位,0,934,113
456,456,0,87,227,0,0,0,1093,128,-747,1,下位,0,0,0
187,187,0,52,67,0,0,0,456,279,-1203,2,下位,0,0,0
964,964,0,107,125,0,1,187,456,279,-1203,2,下位,0,187,119
255,255,0,131,380,0,0,0,1151,177,-2764,2,下位,0,0,0
584,584,0,140,373,0,0,0,255,432,-2743,3,下位,0,0,0
657,657,0,154,212,1,0,0,0,0,1,0,下位,0,0,0
937,937,0,120,251,0,0,0,657,264,-795,3,下位,0,0,0
556,556,0,168,299,0,0,0,937,303,-2003,2,下位,0,0,0
973,973,0,51,61,0,0,0,556,351,-2549,4,下位,0,0,0
136,136,0,141,302,0,1,973,556,351,-2549,4,下位,0,973,113
318,318,0,42,9,0,0,0,1109,354,-3870,4,下位,0,0,0
773,773,0,123,170,0,1,318,1109,354,-3870,4,下位,0,318,61
93,93,0,64,125,0,0,0,1091,222,-5347,2,下位,0,0,0
973,973,0,105,54,1,0,0,0,0,1,0,下位,0,0,0
843,843,0,41,3,0,0,0,973,106,-1462,2,下位,0,0,0
763,763,0,188,222,0,1,843,973,106,-1462,2,下位,0,843,55
924,924,0,146,203,0,0,0,1606,274,-3724,3,下位,0,0,0
355,355,0,42,5,1,0,0,0,0,1,0,下位,0,0,0
323,323,0,74,156,1,1,355,0,0,1,0,下位,0,355,57
777,777,0,51,61,0,0,0,678,208,-828,1,下位,0,0,0
577,577,0,104,245,0,1,777,678,208,-828,1,下位,0,777,113
627,627,0,52,67,0,0,0,1354,297,-2602,3,下位,0,0,0
844,844,0,1342,6823,0,1,627,1354,297,-2602,3,下位,0,627,119
153,153,0,128,238,1,0,0,0,0,1,0,下位,0,0,0
864,864,0,96,154,0,0,0,153,290,44,4,下位,0,0,0
420,420,0,101,204,1,0,0,0,0,1,0,下位,0,0,0
77,77,0,42,11,0,0,0,420,256,-420,3,下位,0,0,0
198,198,0,100,200,0,1,77,420,256,-420,3,下位,0,77,63
539,539,0,1574,8359,0,0,0,275,252,-548,2,下位,0,0,0
294,294,0,168,341,1,0,0,0,0,1,0,下位,0,0,0
138,138,0,134,374,0,0,0,294,393,-80,3,下位,0,0,0
368,368,0,920,4302,0,0,0,138,426,123,4,下位,0,0,0
308,308,0,74,97,0,0,0,368,4354,757,9,上位,0,0,0
877,877,0,82,156,1,0,0,0,0,1,0,下位,0,0,0
256,256,0,110,188,0,0,0,877,208,-1206,2,下位,0,0,0
315,315,0,52,65,0,0,0,256,240,-1379,2,下位,0,0,0
126,126,0,86,159,0,1,315,256,240,-1379,2,下位,0,315,117
687,687,0,41,3,0,0,0,441,211,-1762,2,下位,0,0,0
729,729,0,42,5,0,1,687,441,211,-1762,2,下位,0,687,55
298,298,0,157,192,0,2,1416,441,211,-1762,2,下位,0,729,57
329,329,0,106,205,0,0,0,1714,244,-4171,3,下位,0,0,0
413,413,0,1034,4506,1,0,0,0,0,1,0,下位,0,0,0
934,934,0,41,3,0,0,0,413,4558,752,10,上位,0,0,0
255,255,0,52,65,0,1,934,413,4558,752,10,上位,0,934,55
876,876,0,151,188,0,2,1189,413,4558,752,10,上位,0,255,117
688,688,0,76,27,0,0,0,2065,240,-2166,4,下位,0,0,0
734,734,0,41,3,0,0,0,688,79,-3197,1,下位,0,0,0
530,530,0,103,130,0,1,734,688,79,-3197,1,下位,0,734,55
296,296,0,42,5,0,0,0,1264,182,-4999,1,下位,0,0,0
291,291,0,42,9,0,1,296,1264,182,-4999,1,下位,0,296,57
897,897,0,127,159,0,2,587,1264,182,-4999,1,下位,0,291,61
452,452,0,65,49,1,0,0,0,0,1,0,下位,0,0,0
818,818,0,144,262,0,0,0,452,101,-627,1,下位,0,0,0
198,198,0,81,90,0,0,0,818,314,-1632,4,下位,0,0,0
191,191,0,141,284,1,0,0,0,0,1,0,下位,0,0,0
518,518,0,204,253,0,0,0,191,336,29,3,下位,0,0,0
280,280,0,75,155,0,0,0,518,305,-501,5,下位,0,0,0
345,345,0,86,91,1,0,0,0,0,1,0,下位,0,0,0
144,144,0,84,86,0,0,0,345,143,-412,1,下位,0,0,0
437,437,0,76,170,0,0,0,144,138,-506,2,下位,0,0,0
94,94,0,42,11,0,0,0,437,222,-989,1,下位,0,0,0
594,594,0,117,115,0,1,94,437,222,-989,1,下位,0,94,63
155,155,0,42,7,0,0,0,688,167,-1869,3,下位,0,0,0
66,66,0,70,117,0,1,155,688,167,-1869,3,下位,0,155,59
265,265,0,95,125,0,0,0,221,169,-1997,1,下位,0,0,0
612,612,0,1387,7109,0,0,0,265,177,-2247,2,下位,0,0,0
72,72,0,51,63,1,0,0,0,0,1,0,下位,0,0,0
66,66,0,42,7,1,1,72,0,0,1,0,下位,0,72,115
211,211,0,895,4253,1,2,138,0,0,1,0,下位,0,66,59
846,846,0,52,69,0,0,0,349,4305,766,10,上位,0,0,0
209,209,0,96,142,0,1,846,349,4305,766,10,上位,0,846,121
703,703,0,140,299,0,0,0,1055,194,-621,1,下位,0,0,0
42,42,0,794,3909,0,0,0,703,351,-1404,3,下位,0,0,0
385,385,0,69,113,0,0,0,42,3961,753,6,上位,0,0,0
273,273,0,80,93,0,0,0,385,165,297,1,下位,0,0,0
302,302,0,143,221,0,0,0,273,145,2,1,下位,0,0,0
294,294,0,52,69,0,0,0,302,273,-212,2,下位,0,0,0
326,326,0,131,174,0,1,294,302,273,-212,2,下位,0,294,121
151,151,0,119,111,0,0,0,620,226,-865,2,下位,0,0,0
572,572,0,214,307,1,0,0,0,0,1,0,下位,0,0,0
338,338,0,51,64,0,0,0,572,359,-563,5,下位,0,0,0
813,813,0,42,9,0,1,338,572,359,-563,5,下位,0,338,116
740,740,0,158,393,0,2,1151,572,359,-563,5,下位,0,813,61
486,486,0,84,160,1,0,0,0,0,1,0,下位,0,0,0
969,969,0,1205,5992,0,0,0,486,212,-571,2,下位,0,0,0
828,828,0,189,225,0,0,0,969,6044,765,12,上位,0,0,0
754,754,0,143,207,1,0,0,0,0,1,0,下位,0,0,0
858,858,0,86,162,0,0,0,754,259,-956,3,下位,0,0,0
62,62,0,78,100,0,0,0,858,214,-2126,1,下位,0,0,0
204,204,0,187,370,1,0,0,0,0,1,0,下位,0,0,0
163,163,0,68,118,0,0,0,204,422,94,5,下位,0,0,0
79,79,0,42,8,0,0,0,163,170,1,1,下位,0,0,0
878,878,0,80,165,0,1,79,163,170,1,1,下位,0,79,60
122,122,0,130,168,0,0,0,957,217,-1265,2,下位,0,0,0
250,250,0,132,293,0,0,0,122,220,-1242,2,下位,0,0,0
271,271,0,42,11,1,0,0,0,0,1,0,下位,0,0,0
88,88,0,62,48,1,1,271,0,0,1,0,下位,0,271,63
173,173,0,928,4540,0,0,0,359,100,-415,1,下位,0,0,0
397,397,0,63,77,0,0,0,173,4592,767,9,上位,0,0,0
164,164,0,133,297,0,0,0,397,129,256,1,下位,0,0,0
158,158,0,98,79,0,0,0,164,349,340,3,下位,0,0,0
130,130,0,140,154,0,0,0,158,131,216,2,下位,0,0,0
183,183,0,680,3127,0,0,0,130,206,212,3,下位,0,0,0
969,969,0,51,61,0,0,0,183,3179,749,6,上位,0,0,0
159,159,0,42,5,0,1,969,183,3179,749,6,上位,0,969,113
322,322,0,88,151,0,2,1128,183,3179,749,6,上位,0,159,57
928,928,0,1007,5174,0,0,0,1450,203,-1216,2,下位,0,0,0
140,140,0,75,97,1,0,0,0,0,1,0,下位,0,0,0
249,249,0,172,332,0,0,0,140,149,-76,1,下位,0,0,0
151,151,0,120,104,0,0,0,249,384,-94,5,下位,0,0,0
295,295,0,126,243,0,0,0,151,156,-182,2,下位,0,0,0
202,202,0,142,360,0,0,0,295,295,-363,2,下位,0,0,0
283,283,0,114,257,0,0,0,202,412,-277,3,下位,0,0,0
964,964,0,67,40,0,0,0,283,309,-424,2,下位,0,0,0
261,261,0,66,43,0,0,0,964,92,-1887,1,下位,0,0,0
967,967,0,182,310,0,0,0,261,95,-2213,1,下位,0,0,0
218,218,0,183,305,0,0,0,967,362,-3411,4,下位,0,0,0
971,971,0,73,27,0,0,0,218,357,-3406,4,下位,0,0,0
251,251,0,120,167,0,0,0,971,79,-4893,1,下位,0,0,0
534,534,0,214,325,1,0,0,0,0,1,0,下位,0,0,0
334,334,0,130,379,0,0,0,534,377,-483,5,下位,0,0,0
336,336,0,42,7,0,0,0,334,431,-591,3,下位,0,0,0
249,249,0,52,67,0,1,336,334,431,-591,3,下位,0,336,59
191,191,0,1121,5568,0,2,585,334,431,-591,3,下位,0,249,119
255,255,0,42,7,0,0,0,776,5620,762,12,上位,0,0,0
356,356,0,70,107,0,1,255,776,5620,762,12,上位,0,255,59
800,800,0,86,93,0,0,0,611,159,-5,1,下位,0,0,0
96,96,0,42,11,0,0,0,800,145,-1150,1,下位,0,0,0
35,35,0,51,63,0,1,96,800,145,-1150,1,下位,0,96,63
103,103,0,42,5,0,2,131,800,145,-1150,1,下位,0,35,115
112,112,0,52,67,0,3,234,800,145,-1150,1,下位,0,103,57
970,970,0,108,113,0,4,346,800,145,-1150,1,下位,0,112,119
802,802,0,51,63,0,0,0,1316,165,-2754,2,下位,0,0,0
310,310,0,86,83,0,1,802,1316,165,-2754,2,下位,0,802,115
237,237,0,88,84,0,0,0,1112,135,-4298,2,下位,0,0,0
417,417,0,51,63,0,0,0,237,136,-4544,1,下位,0,0,0
252,252,0,84,161,0,1,417,237,136,-4544,1,下位,0,417,115
753,753,0,81,99,1,0,0,0,0,1,0,下位,0,0,0
970,970,0,127,384,0,0,0,753,151,-1063,2,下位,0,0,0
245,245,0,1332,6366,0,0,0,970,436,-2192,3,下位,0,0,0
286,286,0,66,40,0,0,0,245,6418,751,12,上位,0,0,0
439,439,0,606,3029,0,0,0,286,92,382,1,下位,0,0,0
965,965,0,157,264,0,0,0,439,3026,720,4,上位,0,0,0
308,308,0,146,291,1,0,0,0,0,1,0,下位,0,0,0
117,117,0,108,208,0,0,0,308,343,-153,3,下位,0,0,0
501,501,0,78,22,0,0,0,117,260,-82,3,下位,0,0,0
248,248,0,145,291,0,0,0,501,74,-816,1,下位,0,0,0
683,683,0,127,255,0,0,0,248,343,-873,4,下位,0,0,0
797,797,0,41,1,0,0,0,683,307,-1668,3,下位,0,0,0
972,972,0,78,175,0,1,797,683,307,-1668,3,下位,0,797,53
892,892,0,107,129,0,0,0,1769,227,-4241,1,下位,0,0,0
221,221,0,117,254,0,0,0,892,181,-5499,2,下位,0,0,0
140,140,0,71,35,1,0,0,0,0,1,0,下位,0,0,0
592,592,0,82,177,0,0,0,140,87,-138,1,下位,0,0,0
157,157,0,123,170,0,0,0,592,229,-864,1,下位,0,0,0
442,442,0,99,207,0,0,0,157,222,-895,3,下位,0,0,0
121,121,0,100,130,0,0,0,442,259,-1349,2,下位,0,0,0
825,825,0,1126,5802,0,0,0,121,182,-1362,2,下位,0,0,0
271,271,0,52,65,0,0,0,825,5854,757,10,上位,0,0,0
739,739,0,100,128,0,1,271,825,5854,757,10,上位,0,271,117
666,666,0,102,134,1,0,0,0,0,1,0,下位,0,0,0
277,277,0,87,151,0,0,0,666,186,-887,2,下位,0,0,0
835,835,0,88,84,0,0,0,277,203,-1131,1,下位,0,0,0
843,843,0,116,187,0,0,0,835,136,-2342,1,下位,0,0,0
487,487,0,41,3,0,0,0,843,239,-3463,3,下位,0,0,0
887,887,0,67,48,0,1,487,843,239,-3463,3,下位,0,487,55
265,265,0,96,130,1,0,0,0,0,1,0,下位,0,0,0
190,190,0,112,197,0,0,0,265,182,-244,1,下位,0,0,0
189,189,0,49,52,0,0,0,190,249,-301,3,下位,0,0,0
297,297,0,110,124,0,1,189,190,249,-301,3,下位,0,189,104
262,262,0,42,7,0,0,0,486,176,-805,3,下位,0,0,0
405,405,0,42,11,0,1,262,486,176,-805,3,下位,0,262,59
206,206,0,129,123,0,2,667,486,176,-805,3,下位,0,405,63
717,717,0,88,83,0,0,0,873,175,-1916,2,下位,0,0,0
270,270,0,51,62,0,0,0,717,135,-2937,1,下位,0,0,0
207,207,0,42,11,0,1,270,717,135,-2937,1,下位,0,270,114
294,294,0,72,28,0,2,477,717,135,-2937,1,下位,0,207,63
306,306,0,74,110,0,0,0,771,80,-3923,1,下位,0,0,0
966,966,0,94,135,0,0,0,306,162,-4255,1,下位,0,0,0
969,969,0,84,140,0,0,0,966,187,-5626,2,下位,0,0,0
372,372,0,49,52,1,0,0,0,0,1,0,下位,0,0,0
114,114,0,158,216,1,1,372,0,0,1,0,下位,0,372,104
76,76,0,42,9,0,0,0,486,268,-411,3,下位,0,0,0
661,661,0,176,317,0,1,76,486,268,-411,3,下位,0,76,61
652,652,0,86,87,0,0,0,737,369,-1170,4,下位,0,0,0
486,486,0,50,58,0,0,0,652,139,-2083,2,下位,0,0,0
189,189,0,41,3,0,1,486,652,139,-2083,2,下位,0,486,110
526,526,0,1803,9766,0,2,675,652,139,-2083,2,下位,0,189,55
243,243,0,913,4185,1,0,0,0,0,1,0,下位,0,0,0
281,281,0,83,138,0,0,0,243,4237,756,11,上位,0,0,0
492,492,0,91,137,0,0,0,281,190,493,1,下位,0,0,0
273,273,0,51,64,0,0,0,492,189,-112,2,下位,0,0,0
827,827,0,42,9,0,1,273,492,189,-112,2,下位,0,273,116
250,250,0,42,5,0,2,1100,492,189,-112,2,下位,0,827,61
240,240,0,81,81,0,3,1350,492,189,-112,2,下位,0,250,57
850,850,0,42,11,0,0,0,1590,133,-2309,1,下位,0,0,0
263,263,0,66,88,0,1,850,1590,133,-2309,1,下位,0,850,63
238,238,0,42,11,0,0,0,1113,140,-3901,1,下位,0,0,0
965,965,0,101,203,0,1,238,1113,140,-3901,1,下位,0,238,63
169,169,0,105,225,0,0,0,1203,255,-5523,2,下位,0,0,0
297,297,0,60,53,1,0,0,0,0,1,0,下位,0,0,0
495,495,0,133,223,0,0,0,297,105,-373,1,下位,0,0,0
965,965,0,71,148,0,0,0,495,275,-896,3,下位,0,0,0
396,396,0,153,154,0,0,0,965,200,-2252,1,下位,0,0,0
139,139,0,142,188,0,0,0,396,206,-2685,4,下位,0,0,0
978,978,0,66,96,0,0,0,139,240,-2669,3,下位,0,0,0
385,385,0,88,139,0,0,0,978,148,-4098,1,下位,0,0,0
888,888,0,91,109,0,0,0,385,191,-4528,1,下位,0,0,0
421,421,0,105,99,0,0,0,888,161,-5799,1,下位,0,0,0
111,111,0,42,5,0,0,0,421,151,-6327,2,下位,0,0,0
290,290,0,49,50,0,1,111,421,151,-6327,2,下位,0,111,57
236,236,0,175,337,0,2,401,421,151,-6327,2,下位,0,290,102
208,208,0,163,341,0,0,0,637,389,-6807,5,下位,0,0,0
237,237,0,49,52,0,0,0,208,393,-6749,4,下位,0,0,0
267,267,0,66,12,0,1,237,208,393,-6749,4,下位,0,237,104
751,751,0,86,83,1,0,0,0,0,1,0,下位,0,0,0
278,278,0,42,7,0,0,0,751,135,-1075,1,下位,0,0,0
962,962,0,42,9,0,1,278,751,135,-1075,1,下位,0,278,59
113,113,0,81,62,0,2,1240,751,135,-1075,1,下位,0,962,61
102,102,0,100,198,0,0,0,1353,114,-3023,1,下位,0,0,0
962,962,0,140,136,0,0,0,102,250,-2938,2,下位,0,0,0
795,795,0,152,236,0,0,0,962,188,-4302,2,下位,0,0,0
206,206,0,60,57,0,0,0,795,288,-5296,3,下位,0,0,0
158,158,0,113,31,1,0,0,0,0,1,0,下位,0,0,0
552,552,0,42,7,0,0,0,158,83,-171,2,下位,0,0,0
383,383,0,131,190,0,1,552,158,83,-171,2,下位,0,552,59
761,761,0,170,250,0,0,0,935,242,-1378,2,下位,0,0,0
381,381,0,122,282,0,0,0,761,302,-2303,3,下位,0,0,0
933,933,0,170,249,0,0,0,381,334,-2584,3,下位,0,0,0
219,219,0,68,114,0,0,0,933,301,-3788,4,下位,0,0,0
233,233,0,49,52,0,0,0,219,166,-3975,1,下位,0,0,0
963,963,0,1572,8201,0,1,233,219,166,-3975,1,下位,0,233,104
71,71,0,42,7,1,0,0,0,0,1,0,下位,0,0,0
398,398,0,103,187,1,1,71,0,0,1,0,下位,0,71,59
188,188,0,42,5,0,0,0,469,239,-458,2,下位,0,0,0
176,176,0,154,386,0,1,188,469,239,-458,2,下位,0,188,57
964,964,0,42,9,0,0,0,364,438,-550,5,下位,0,0,0
586,586,0,93,77,0,1,964,364,438,-550,5,下位,0,964,61
842,842,0,180,278,0,0,0,1550,129,-2860,2,下位,0,0,0
576,576,0,41,3,0,0,0,842,330,-3888,5,下位,0,0,0
128,128,0,66,115,0,1,576,842,330,-3888,5,下位,0,576,55
378,378,0,113,227,0,0,0,704,167,-4801,1,下位,0,0,0
48,48,0,125,309,1,0,0,0,0,1,0,下位,0,0,0
275,275,0,164,359,0,0,0,48,361,285,3,下位,0,0,0
59,59,0,672,3587,0,0,0,275,411,252,5,下位,0,0,0
941,941,0,49,52,0,0,0,59,2257,744,3,上位,0,0,0
754,754,0,69,100,0,1,941,59,2257,744,3,上位,0,941,104
879,879,0,92,141,0,0,0,1695,152,-1734,1,下位,0,0,0
364,364,0,98,187,0,0,0,879,193,-2959,1,下位,0,0,0
880,880,0,88,155,0,0,0,364,239,-3307,3,下位,0,0,0
678,678,0,86,163,0,0,0,880,207,-4519,1,下位,0,0,0
552,552,0,151,131,1,0,0,0,0,1,0,下位,0,0,0
893,893,0,65,97,0,0,0,552,183,-706,3,下位,0,0,0
657,657,0,58,55,0,0,0,893,149,-1997,1,下位,0,0,0
709,709,0,121,178,0,0,0,657,107,-2950,1,下位,0,0,0
230,230,0,48,46,0,0,0,709,230,-3864,2,下位,0,0,0
801,801,0,57,62,0,1,230,709,230,-3864,2,下位,0,230,98
450,450,0,42,9,0,0,0,1031,114,-5315,1,下位,0,0,0
308,308,0,142,239,0,1,450,1031,114,-5315,1,下位,0,450,61
978,978,0,106,191,0,0,0,758,291,-6186,3,下位,0,0,0
75,75,0,66,102,1,0,0,0,0,1,0,下位,0,0,0
149,149,0,78,76,0,0,0,75,154,34,1,下位,0,0,0
270,270,0,71,92,0,0,0,149,128,-78,1,下位,0,0,0
667,667,0,113,224,0,0,0,270,144,-369,1,下位,0,0,0
455,455,0,42,7,0,0,0,667,276,-1169,3,下位,0,0,0
761,761,0,49,50,0,1,455,667,276,-1169,3,下位,0,455,59
691,691,0,127,289,0,2,1216,667,276,-1169,3,下位,0,761,102
168,168,0,90,159,1,0,0,0,0,1,0,下位,0,0,0
968,968,0,130,298,0,0,0,168,211,-59,1,下位,0,0,0
548,548,0,64,43,0,0,0,968,350,-1270,4,下位,0,0,0
325,325,0,102,128,0,0,0,548,95,-2059,1,下位,0,0,0
493,493,0,122,229,0,0,0,325,180,-2403,1,下位,0,0,0
360,360,0,137,149,0,0,0,493,281,-2917,2,下位,0,0,0
963,963,0,86,85,0,0,0,360,201,-3297,3,下位,0,0,0
150,150,0,120,166,1,0,0,0,0,1,0,下位,0,0,0
855,855,0,52,68,0,0,0,150,218,-23,3,下位,0,0,0
832,832,0,174,243,0,1,855,150,218,-23,3,下位,0,855,120
887,887,0,136,228,0,0,0,1687,295,-2329,4,下位,0,0,0
549,549,0,90,230,0,0,0,887,280,-3480,3,下位,0,0,0
802,802,0,111,193,1,0,0,0,0,1,0,下位,0,0,0
174,174,0,178,312,0,0,0,802,245,-1048,3,下位,0,0,0
176,176,0,135,242,0,0,0,174,364,-965,4,下位,0,0,0
642,642,0,84,155,0,0,0,176,294,-955,3,下位,0,0,0
455,455,0,94,218,0,0,0,642,207,-1783,1,下位,0,0,0
305,305,0,52,67,0,0,0,455,270,-2247,2,下位,0,0,0
283,283,0,42,11,0,1,305,455,270,-2247,2,下位,0,305,119
470,470,0,42,5,0,2,588,455,270,-2247,2,下位,0,283,63
561,561,0,104,144,0,3,1058,455,270,-2247,2,下位,0,470,57
684,684,0,75,101,1,0,0,0,0,1,0,下位,0,0,0
271,271,0,51,61,0,0,0,684,153,-949,1,下位,0,0,0
924,924,0,109,277,0,1,271,684,153,-949,1,下位,0,271,113
569,569,0,41,1,0,0,0,1195,329,-2434,2,下位,0,0,0
546,546,0,1143,5619,0,1,569,1195,329,-2434,2,下位,0,569,53
849,849,0,58,43,0,0,0,1115,5671,773,11,上位,0,0,0
35,35,0,81,139,1,0,0,0,0,1,0,下位,0,0,0
812,812,0,131,233,0,0,0,35,191,136,2,下位,0,0,0
324,324,0,58,58,0,0,0,812,285,-889,4,下位,0,0,0
333,333,0,64,51,0,0,0,324,110,-1302,1,下位,0,0,0
369,369,0,42,9,0,0,0,333,103,-1736,1,下位,0,0,0
55,55,0,42,7,0,1,369,333,103,-1736,1,下位,0,369,61
170,170,0,136,165,0,2,424,333,103,-1736,1,下位,0,55,59
927,927,0,101,138,0,0,0,594,217,-2357,3,下位,0,0,0
440,440,0,96,142,0,0,0,927,190,-3662,2,下位,0,0,0
266,266,0,68,33,0,0,0,440,194,-4178,1,下位,0,0,0
208,208,0,110,193,0,0,0,266,85,-4522,1,下位,0,0,0
263,263,0,102,122,0,0,0,208,245,-4612,2,下位,0,0,0
194,194,0,95,141,0,0,0,263,174,-4862,2,下位,0,0,0
807,807,0,81,161,0,0,0,194,193,-4982,1,下位,0,0,0
662,662,0,77,98,1,0,0,0,0,1,0,下位,0,0,0
136,136,0,72,32,0,0,0,662,150,-917,1,下位,0,0,0
383,383,0,110,118,0,0,0,136,84,-1052,1,下位,0,0,0
268,268,0,108,202,0,0,0,383,170,-1500,2,下位,0,0,0
845,845,0,156,252,0,0,0,268,254,-1678,2,下位,0,0,0
144,144,0,116,184,1,0,0,0,0,1,0,下位,0,0,0
530,530,0,100,138,0,0,0,144,236,5,3,下位,0,0,0
126,126,0,57,52,0,0,0,530,190,-660,2,下位,0,0,0
199,199,0,83,89,0,0,0,126,104,-759,1,下位,0,0,0
964,964,0,42,5,0,0,0,199,141,-939,1,下位,0,0,0
323,323,0,90,230,0,1,964,199,141,-939,1,下位,0,964,57
360,360,0,66,118,0,0,0,1287,282,-2676,2,下位,0,0,0
414,414,0,66,43,0,0,0,360,170,-3087,1,下位,0,0,0
250,250,0,110,262,0,0,0,414,95,-3660,1,下位,0,0,0
338,338,0,91,64,0,0,0,250,314,-3749,2,下位,0,0,0
928,928,0,2112,10984,0,0,0,338,116,-4178,2,下位,0,0,0
67,67,0,113,262,1,0,0,0,0,1,0,下位,0,0,0
919,919,0,52,69,0,0,0,67,314,207,3,下位,0,0,0
936,936,0,99,117,0,1,919,67,314,207,3,下位,0,919,121
207,207,0,173,242,0,0,0,1855,169,-2495,1,下位,0,0,0
125,125,0,81,80,0,0,0,207,294,-2535,3,下位,0,0,0
963,963,0,148,223,0,0,0,125,132,-2605,1,下位,0,0,0
345,345,0,69,35,0,0,0,963,275,-3883,3,下位,0,0,0
72,72,0,51,61,0,0,0,345,87,-4352,1,下位,0,0,0
299,299,0,128,251,0,1,72,345,87,-4352,1,下位,0,72,113
611,611,0,77,169,1,0,0,0,0,1,0,下位,0,0,0
795,795,0,104,132,0,0,0,611,221,-763,1,下位,0,0,0
79,79,0,42,9,0,0,0,795,184,-1861,1,下位,0,0,0
539,539,0,68,116,0,1,79,795,184,-1861,1,下位,0,79,61
185,185,0,89,145,0,0,0,618,168,-2628,1,下位,0,0,0
310,310,0,1330,7023,0,0,0,185,197,-2729,1,下位,0,0,0
628,628,0,42,7,0,0,0,310,7075,757,12,上位,0,0,0
756,756,0,79,91,0,1,628,310,7075,757,12,上位,0,628,59
751,751,0,94,142,1,0,0,0,0,1,0,下位,0,0,0
491,491,0,58,56,0,0,0,751,194,-1016,3,下位,0,0,0
161,161,0,52,71,0,0,0,491,108,-1700,1,下位,0,0,0
58,58,0,41,3,0,1,161,491,108,-1700,1,下位,0,161,123
963,963,0,172,308,0,2,219,491,108,-1700,1,下位,0,58,55
525,525,0,123,92,0,0,0,1182,360,-3069,5,下位,0,0,0
362,362,0,41,3,0,0,0,525,144,-3772,2,下位,0,0,0
825,825,0,83,79,0,1,362,525,144,-3772,2,下位,0,362,55
319,319,0,101,270,0,0,0,1187,131,-5501,1,下位,0,0,0
961,961,0,1071,5342,1,0,0,0,0,1,0,下位,0,0,0
127,127,0,122,106,0,0,0,961,5394,758,10,上位,0,0,0
316,316,0,96,227,0,0,0,127,158,711,2,下位,0,0,0
294,294,0,155,261,0,0,0,316,279,480,2,下位,0,0,0
264,264,0,72,108,0,0,0,294,313,319,4,下位,0,0,0
265,265,0,101,49,0,0,0,264,160,53,1,下位,0,0,0
937,937,0,88,79,0,0,0,265,101,-273,2,下位,0,0,0
704,704,0,112,195,0,0,0,937,131,-1653,2,下位,0,0,0
782,782,0,103,130,0,0,0,704,247,-2541,2,下位,0,0,0
161,161,0,51,63,1,0,0,0,0,1,0,下位,0,0,0
208,208,0,72,110,1,1,161,0,0,1,0,下位,0,161,115
224,224,0,155,197,0,0,0,369,162,-317,1,下位,0,0,0
169,169,0,114,190,0,0,0,224,249,-429,3,下位,0,0,0
542,542,0,126,234,0,0,0,169,242,-460,2,下位,0,0,0
511,511,0,153,261,0,0,0,542,286,-1048,4,下位,0,0,0
930,930,0,93,152,0,0,0,511,313,-1559,3,下位,0,0,0
97,97,0,72,175,0,0,0,930,204,-2855,2,下位,0,0,0
249,249,0,101,132,0,0,0,97,227,-2784,1,下位,0,0,0
201,201,0,98,209,0,0,0,249,184,-3002,1,下位,0,0,0
263,263,0,40,-5,0,0,0,201,261,-3065,2,下位,0,0,0
721,721,0,76,27,0,1,263,201,261,-3065,2,下位,0,263,47
849,849,0,80,175,1,0,0,0,0,1,0,下位,0,0,0
239,239,0,1045,5318,0,0,0,849,227,-1141,1,下位,0,0,0
286,286,0,1260,5871,0,0,0,239,5370,751,10,上位,0,0,0
306,306,0,106,274,0,0,0,286,5923,742,13,上位,0,0,0
163,163,0,182,296,0,0,0,306,326,574,2,下位,0,0,0
944,944,0,75,23,0,0,0,163,348,659,5,下位,0,0,0
793,793,0,80,95,0,0,0,944,75,-789,1,下位,0,0,0
374,374,0,173,243,0,0,0,793,147,-1921,1,下位,0,0,0
198,198,0,819,4122,0,0,0,374,295,-2229,3,下位,0,0,0
652,652,0,128,243,1,0,0,0,0,1,0,下位,0,0,0
743,743,0,136,148,0,0,0,652,295,-756,2,下位,0,0,0
546,546,0,52,65,0,0,0,743,200,-1754,3,下位,0,0,0
831,831,0,1394,6909,0,1,546,743,200,-1754,3,下位,0,546,117
962,962,0,51,61,0,0,0,1377,6961,761,13,上位,0,0,0
287,287,0,52,67,0,1,962,1377,6961,761,13,上位,0,962,113
146,146,0,710,3668,0,2,1249,1377,6961,761,13,上位,0,287,119
935,935,0,144,220,0,0,0,1395,3605,754,4,上位,0,0,0
117,117,0,102,112,1,0,0,0,0,1,0,下位,0,0,0
393,393,0,93,139,0,0,0,117,164,-24,2,下位,0,0,0
122,122,0,52,67,0,0,0,393,191,-467,1,下位,0,0,0
180,180,0,58,57,0,1,122,393,191,-467,1,下位,0,122,119
226,226,0,100,141,0,0,0,302,109,-726,1,下位,0,0,0
699,699,0,69,110,1,0,0,0,0,1,0,下位,0,0,0
597,597,0,80,93,0,0,0,699,162,-964,2,下位,0,0,0
513,513,0,52,65,0,0,0,597,145,-1782,1,下位,0,0,0
434,434,0,95,142,0,1,513,597,145,-1782,1,下位,0,513,117
200,200,0,1087,5679,0,0,0,947,194,-2998,2,下位,0,0,0
845,845,0,160,409,1,0,0,0,0,1,0,下位,0,0,0
189,189,0,124,331,0,0,0,845,461,-901,5,下位,0,0,0
671,671,0,68,116,1,0,0,0,0,1,0,下位,0,0,0
400,400,0,164,224,0,0,0,671,168,-913,1,下位,0,0,0
720,720,0,104,134,1,0,0,0,0,1,0,下位,0,0,0
605,605,0,195,298,0,0,0,720,186,-974,1,下位,0,0,0
190,190,0,171,323,0,0,0,605,350,-1600,5,下位,0,0,0
564,564,0,118,191,1,0,0,0,0,1,0,下位,0,0,0
211,211,0,122,184,0,0,0,564,243,-666,2,下位,0,0,0
267,267,0,149,243,0,0,0,211,236,-770,2,下位,0,0,0
593,593,0,110,267,1,0,0,0,0,1,0,下位,0,0,0
321,321,0,42,5,0,0,0,593,319,-636,2,下位,0,0,0
869,869,0,1120,5566,0,1,321,593,319,-636,2,下位,0,321,57
362,362,0,42,11,1,0,0,0,0,1,0,下位,0,0,0
679,679,0,182,371,1,1,362,0,0,1,0,下位,0,362,63
154,154,0,72,40,0,0,0,1041,423,-1192,4,下位,0,0,0
191,191,0,113,122,0,0,0,154,92,-1348,1,下位,0,0,0
502,502,0,166,251,0,0,0,191,174,-1482,3,下位,0,0,0
806,806,0,160,275,0,0,0,502,303,-1989,4,下位,0,0,0
183,183,0,71,30,0,0,0,806,327,-2962,4,下位,0,0,0
525,525,0,143,297,0,0,0,183,82,-3175,1,下位,0,0,0
267,267,0,142,355,0,0,0,525,349,-3673,3,下位,0,0,0
708,708,0,68,114,1,0,0,0,0,1,0,下位,0,0,0
301,301,0,129,140,0,0,0,708,166,-975,1,下位,0,0,0
730,730,0,103,199,1,0,0,0,0,1,0,下位,0,0,0
244,244,0,84,158,0,0,0,730,251,-925,3,下位,0,0,0
220,220,0,876,4202,1,0,0,0,0,1,0,下位,0,0,0
127,127,0,159,268,0,0,0,220,4254,764,9,上位,0,0,0
576,576,0,88,162,1,0,0,0,0,1,0,下位,0,0,0
756,756,0,42,9,0,0,0,576,214,-714,2,下位,0,0,0
946,946,0,1140,5831,0,1,756,576,214,-714,2,下位,0,756,61
963,963,0,42,9,0,0,0,1702,5883,758,11,上位,0,0,0
386,386,0,726,3404,0,1,963,1702,5883,758,11,上位,0,963,61
97,97,0,51,61,0,0,0,1349,3456,767,7,上位,0,0,0
200,200,0,41,3,0,1,97,1349,3456,767,7,上位,0,97,113
232,232,0,225,310,0,2,297,1349,3456,767,7,上位,0,200,55
311,311,0,1282,6261,0,0,0,529,362,444,5,下位,0,0,0
292,292,0,71,104,0,0,0,311,6313,754,12,上位,0,0,0
646,646,0,72,112,1,0,0,0,0,1,0,下位,0,0,0
127,127,0,62,44,0,0,0,646,164,-877,1,下位,0,0,0
636,636,0,86,167,1,0,0,0,0,1,0,下位,0,0,0
226,226,0,82,167,0,0,0,636,219,-806,2,下位,0,0,0
714,714,0,52,71,0,0,0,226,219,-952,1,下位,0,0,0
172,172,0,51,61,0,1,714,226,219,-952,1,下位,0,714,123
307,307,0,52,67,0,2,886,226,219,-952,1,下位,0,172,113
291,291,0,41,3,0,3,1193,226,219,-952,1,下位,0,307,119
965,965,0,121,316,0,4,1484,226,219,-952,1,下位,0,291,55
611,611,0,119,116,1,0,0,0,0,1,0,下位,0,0,0
383,383,0,42,7,0,0,0,611,168,-816,2,下位,0,0,0
308,308,0,51,63,0,1,383,611,168,-816,2,下位,0,383,59
147,147,0,116,177,0,2,691,611,168,-816,2,下位,0,308,115
490,490,0,75,31,0,0,0,838,229,-1765,2,下位,0,0,0
208,208,0,42,9,0,0,0,490,83,-2472,1,下位,0,0,0
92,92,0,52,67,0,1,208,490,83,-2472,1,下位,0,208,61
808,808,0,184,295,0,2,300,490,83,-2472,1,下位,0,92,119
199,199,0,131,312,0,0,0,1108,347,-3731,4,下位,0,0,0
714,714,0,125,234,0,0,0,199,364,-3688,3,下位,0,0,0
908,908,0,42,7,0,0,0,714,286,-4554,3,下位,0,0,0
361,361,0,80,97,0,1,908,714,286,-4554,3,下位,0,908,59
696,696,0,41,3,0,0,0,1269,149,-6393,1,下位,0,0,0
370,370,0,92,64,0,1,696,1269,149,-6393,1,下位,0,696,55
264,264,0,210,336,1,0,0,0,0,1,0,下位,0,0,0
923,923,0,148,219,0,0,0,264,388,-37,5,下位,0,0,0
91,91,0,42,5,0,0,0,923,271,-1255,3,下位,0,0,0
963,963,0,122,316,0,1,91,923,271,-1255,3,下位,0,91,57
288,288,0,68,120,0,0,0,1054,368,-2530,3,下位,0,0,0
905,905,0,41,3,0,0,0,288,172,-2823,1,下位,0,0,0
892,892,0,132,246,0,1,905,288,172,-2823,1,下位,0,905,55
259,259,0,1287,6608,0,0,0,1797,298,-5369,3,下位,0,0,0
329,329,0,108,133,1,0,0,0,0,1,0,下位,0,0,0
128,128,0,74,109,0,0,0,329,185,-345,2,下位,0,0,0
194,194,0,52,65,0,0,0,128,161,-390,1,下位,0,0,0
459,459,0,142,147,0,1,194,128,161,-390,1,下位,0,194,117
721,721,0,105,129,0,0,0,653,199,-1127,4,下位,0,0,0
512,512,0,182,164,0,0,0,721,181,-2109,2,下位,0,0,0
260,260,0,98,284,0,0,0,512,216,-2719,4,下位,0,0,0
726,726,0,67,38,0,0,0,260,336,-2802,2,下位,0,0,0
228,228,0,198,352,0,0,0,726,90,-3883,1,下位,0,0,0
269,269,0,68,118,0,0,0,228,404,-3847,5,下位,0,0,0
605,605,0,152,346,0,0,0,269,170,-4111,1,下位,0,0,0
165,165,0,1700,8822,0,0,0,605,398,-4689,4,下位,0,0,0
161,161,0,141,230,1,0,0,0,0,1,0,下位,0,0,0
136,136,0,152,405,0,0,0,161,282,23,3,下位,0,0,0
131,131,0,42,11,0,0,0,136,457,261,5,下位,0,0,0
334,334,0,104,124,0,1,131,136,457,261,5,下位,0,131,63
319,319,0,42,9,0,0,0,465,176,-250,2,下位,0,0,0
963,963,0,65,45,0,1,319,465,176,-250,2,下位,0,319,61
658,658,0,56,39,0,0,0,1282,97,-2160,1,下位,0,0,0
475,475,0,108,194,0,0,0,658,91,-3130,1,下位,0,0,0
99,99,0,66,108,0,0,0,475,246,-3650,3,下位,0,0,0
302,302,0,88,79,0,0,0,99,160,-3650,1,下位,0,0,0
451,451,0,136,154,1,0,0,0,0,1,0,下位,0,0,0
369,369,0,120,150,0,0,0,451,206,-520,2,下位,0,0,0
255,255,0,42,11,0,0,0,369,202,-913,2,下位,0,0,0
185,185,0,119,247,0,1,255,369,202,-913,2,下位,0,255,63
965,965,0,61,53,0,0,0,440,299,-1260,3,下位,0,0,0
170,170,0,42,5,1,0,0,0,0,1,0,下位,0,0,0
449,449,0,999,4780,1,1,170,0,0,1,0,下位,0,170,57
871,871,0,42,9,0,0,0,619,4832,753,9,上位,0,0,0
662,662,0,42,7,0,1,871,619,4832,753,9,上位,0,871,61
85,85,0,82,164,0,2,1533,619,4832,753,9,上位,0,662,59
781,781,0,142,134,0,0,0,1618,216,-1521,1,下位,0,0,0
173,173,0,42,11,0,0,0,781,186,-2595,3,下位,0,0,0
235,235,0,96,145,0,1,173,781,186,-2595,3,下位,0,173,63
382,382,0,42,9,0,0,0,408,197,-2993,1,下位,0,0,0
881,881,0,41,3,0,1,382,408,197,-2993,1,下位,0,382,61
721,721,0,116,180,0,2,1263,408,197,-2993,1,下位,0,881,55
496,496,0,94,70,0,0,0,1984,232,-5845,2,下位,0,0,0
302,302,0,85,162,0,0,0,496,122,-6523,2,下位,0,0,0
85,85,0,74,103,0,0,0,302,214,-6796,2,下位,0,0,0
362,362,0,72,32,0,0,0,85,155,-6778,1,下位,0,0,0
140,140,0,126,166,1,0,0,0,0,1,0,下位,0,0,0
685,685,0,80,97,0,0,0,140,218,-7,3,下位,0,0,0
342,342,0,92,80,0,0,0,685,149,-963,1,下位,0,0,0
200,200,0,88,157,0,0,0,342,132,-1383,1,下位,0,0,0
640,640,0,88,71,1,0,0,0,0,1,0,下位,0,0,0
970,970,0,1394,7108,0,0,0,640,123,-908,1,下位,0,0,0
537,537,0,90,144,0,0,0,970,7160,761,13,上位,0,0,0
336,336,0,52,69,1,0,0,0,0,1,0,下位,0,0,0
640,640,0,93,64,1,1,336,0,0,1,0,下位,0,336,121
276,276,0,68,108,0,0,0,976,116,-1336,2,下位,0,0,0
96,96,0,52,67,0,0,0,276,160,-1621,1,下位,0,0,0
956,956,0,146,263,0,1,96,276,160,-1621,1,下位,0,96,119
251,251,0,51,63,0,0,0,1052,315,-2884,3,下位,0,0,0
128,128,0,52,65,0,1,251,1052,315,-2884,3,下位,0,251,115
466,466,0,42,9,0,2,379,1052,315,-2884,3,下位,0,128,117
587,587,0,157,330,0,3,845,1052,315,-2884,3,下位,0,466,61
778,778,0,110,46,1,0,0,0,0,1,0,下位,0,0,0
145,145,0,112,123,0,0,0,778,98,-1156,2,下位,0,0,0
897,897,0,162,335,0,0,0,145,175,-1215,2,下位,0,0,0
410,410,0,104,126,1,0,0,0,0,1,0,下位,0,0,0
963,963,0,51,61,0,0,0,410,178,-482,2,下位,0,0,0
572,572,0,42,9,0,1,963,410,178,-482,2,下位,0,963,113
137,137,0,152,356,0,2,1535,410,178,-482,2,下位,0,572,61
170,170,0,42,5,1,0,0,0,0,1,0,下位,0,0,0
711,711,0,135,161,1,1,170,0,0,1,0,下位,0,170,57
782,782,0,164,261,0,0,0,881,213,-1150,2,下位,0,0,0
549,549,0,109,203,0,0,0,782,313,-2098,3,下位,0,0,0
719,719,0,74,111,0,0,0,549,255,-2728,2,下位,0,0,0
878,878,0,52,69,0,0,0,719,163,-3725,1,下位,0,0,0
121,121,0,80,93,0,1,878,719,163,-3725,1,下位,0,878,121
133,133,0,42,11,0,0,0,999,145,-5070,1,下位,0,0,0
236,236,0,1094,5459,0,1,133,999,145,-5070,1,下位,0,133,63
95,95,0,137,227,0,0,0,369,5511,-92,10,上位,0,0,0
556,556,0,92,74,1,0,0,0,0,1,0,下位,0,0,0
340,340,0,89,60,0,0,0,556,126,-770,2,下位,0,0,0
352,352,0,1841,9358,0,0,0,340,112,-1206,2,下位,0,0,0
758,758,0,102,59,0,0,0,352,9410,759,16,上位,0,0,0
192,192,0,50,55,1,0,0,0,0,1,0,下位,0,0,0
265,265,0,179,237,1,1,192,0,0,1,0,下位,0,192,107
884,884,0,132,309,0,0,0,457,289,-340,3,下位,0,0,0
188,188,0,1386,7055,0,0,0,884,361,-1405,3,下位,0,0,0
675,675,0,70,122,1,0,0,0,0,1,0,下位,0,0,0
965,965,0,199,348,0,0,0,675,174,-914,1,下位,0,0,0
90,90,0,1101,6083,0,0,0,965,400,-2070,6,下位,0,0,0
42,42,0,194,373,0,0,0,90,4640,768,6,上位,0,0,0
259,259,0,138,284,1,0,0,0,0,1,0,下位,0,0,0
974,974,0,41,1,0,0,0,259,336,-81,3,下位,0,0,0
621,621,0,107,207,0,1,974,259,336,-81,3,下位,0,974,53
217,217,0,1086,4990,0,0,0,1595,259,-2342,2,下位,0,0,0
178,178,0,1191,6293,1,0,0,0,0,1,0,下位,0,0,0
689,689,0,264,249,1,0,0,0,0,1,0,下位,0,0,0
969,969,0,82,172,0,0,0,689,301,-809,6,下位,0,0,0
496,496,0,78,97,0,0,0,969,224,-2148,1,下位,0,0,0
516,516,0,42,7,0,0,0,496,149,-2799,1,下位,0,0,0
152,152,0,84,87,0,1,516,496,149,-2799,1,下位,0,516,59
682,682,0,42,9,0,0,0,668,139,-3678,1,下位,0,0,0
50,50,0,69,115,0,1,682,668,139,-3678,1,下位,0,682,61
390,390,0,99,71,0,0,0,732,167,-4631,1,下位,0,0,0
87,87,0,86,42,1,0,0,0,0,1,0,下位,0,0,0
93,93,0,776,3956,0,0,0,87,94,-45,2,下位,0,0,0
277,277,0,122,183,1,0,0,0,0,1,0,下位,0,0,0
495,495,0,69,121,0,0,0,277,235,-211,2,下位,0,0,0
320,320,0,92,92,0,0,0,495,173,-836,1,下位,0,0,0
307,307,0,68,33,0,0,0,320,144,-1208,2,下位,0,0,0
55,55,0,86,145,0,0,0,307,85,-1618,1,下位,0,0,0
193,193,0,58,60,0,0,0,55,197,-1510,2,下位,0,0,0
542,542,0,42,9,1,0,0,0,0,1,0,下位,0,0,0
549,549,0,153,259,1,1,542,0,0,1,0,下位,0,542,61
224,224,0,78,104,0,0,0,1091,311,-1386,3,下位,0,0,0
278,278,0,124,90,1,0,0,0,0,1,0,下位,0,0,0
378,378,0,88,80,0,0,0,278,142,-305,2,下位,0,0,0
195,195,0,130,400,0,0,0,378,132,-783,1,下位,0,0,0
861,861,0,99,221,0,0,0,195,452,-646,3,下位,0,0,0
64,64,0,134,235,1,0,0,0,0,1,0,下位,0,0,0
662,662,0,52,69,0,0,0,64,287,185,2,下位,0,0,0
136,136,0,96,152,0,1,662,64,287,185,2,下位,0,662,121
971,971,0,51,61,0,0,0,798,204,-777,2,下位,0,0,0
82,82,0,1236,6266,0,1,971,798,204,-777,2,下位,0,971,113
210,210,0,109,123,1,0,0,0,0,1,0,下位,0,0,0
970,970,0,128,236,0,0,0,210,175,-163,2,下位,0,0,0
802,802,0,57,54,0,0,0,970,288,-1440,3,下位,0,0,0
938,938,0,89,153,0,0,0,802,106,-2628,1,下位,0,0,0
374,374,0,86,69,1,0,0,0,0,1,0,下位,0,0,0
293,293,0,134,193,0,0,0,374,121,-481,2,下位,0,0,0
969,969,0,74,170,0,0,0,293,245,-709,3,下位,0,0,0
170,170,0,102,189,0,0,0,969,222,-2050,1,下位,0,0,0
187,187,0,65,25,0,0,0,170,241,-2083,3,下位,0,0,0
565,565,0,57,52,0,0,0,187,77,-2308,1,下位,0,0,0
439,439,0,78,20,0,0,0,565,104,-3115,1,下位,0,0,0
331,331,0,42,9,1,0,0,0,0,1,0,下位,0,0,0
262,262,0,51,63,1,1,331,0,0,1,0,下位,0,331,61
331,331,0,42,11,1,2,593,0,0,1,0,下位,0,262,115
411,411,0,112,193,1,3,924,0,0,1,0,下位,0,331,63
250,250,0,935,4361,0,0,0,1335,245,-1669,2,下位,0,0,0
682,682,0,1134,5057,0,0,0,250,4413,758,9,上位,0,0,0
547,547,0,99,140,1,0,0,0,0,1,0,下位,0,0,0
838,838,0,1046,5072,0,0,0,547,192,-689,2,下位,0,0,0
718,718,0,102,210,1,0,0,0,0,1,0,下位,0,0,0
501,501,0,49,50,0,0,0,718,262,-895,2,下位,0,0,0
269,269,0,126,325,0,1,501,718,262,-895,2,下位,0,501,102
478,478,0,54,59,1,0,0,0,0,1,0,下位,0,0,0
830,830,0,107,108,0,0,0,478,111,-659,1,下位,0,0,0
727,727,0,156,192,1,0,0,0,0,1,0,下位,0,0,0
271,271,0,59,57,1,0,0,0,0,1,0,下位,0,0,0
324,324,0,180,311,0,0,0,271,109,-327,1,下位,0,0,0
231,231,0,142,225,0,0,0,324,363,-487,4,下位,0,0,0
179,179,0,62,46,0,0,0,231,277,-583,3,下位,0,0,0
153,153,0,117,116,0,0,0,179,98,-774,1,下位,0,0,0
234,234,0,51,61,0,0,0,153,168,-853,2,下位,0,0,0
336,336,0,152,213,0,1,234,153,168,-853,2,下位,0,234,113
769,769,0,42,5,0,0,0,570,265,-1394,4,下位,0,0,0
181,181,0,115,255,0,1,769,570,265,-1394,4,下位,0,769,57
346,346,0,124,167,0,0,0,950,307,-2562,3,下位,0,0,0
162,162,0,134,162,0,0,0,346,219,-2901,2,下位,0,0,0
192,192,0,74,27,0,0,0,162,214,-2948,2,下位,0,0,0
850,850,0,1484,7610,0,0,0,192,79,-3179,1,下位,0,0,0
121,121,0,51,63,1,0,0,0,0,1,0,下位,0,0,0
367,367,0,94,74,1,1,121,0,0,1,0,下位,0,121,115
67,67,0,887,4511,0,0,0,488,126,-545,1,下位,0,0,0
198,198,0,62,46,0,0,0,67,4563,765,6,上位,0,0,0
970,970,0,41,3,0,0,0,198,98,544,1,下位,0,0,0
299,299,0,69,12,0,1,970,198,98,544,1,下位,0,970,55
514,514,0,956,4615,0,0,0,1269,64,-1384,1,下位,0,0,0
335,335,0,671,2911,0,0,0,514,4667,757,10,上位,0,0,0
487,487,0,135,318,1,0,0,0,0,1,0,下位,0,0,0
229,229,0,79,99,0,0,0,487,370,-414,4,下位,0,0,0
812,812,0,42,11,0,0,0,229,151,-632,1,下位,0,0,0
655,655,0,62,118,0,1,812,229,151,-632,1,下位,0,812,63
163,163,0,105,126,0,0,0,1467,170,-2765,1,下位,0,0,0
852,852,0,42,5,0,0,0,163,178,-2850,2,下位,0,0,0
273,273,0,52,65,0,1,852,163,178,-2850,2,下位,0,852,57
832,832,0,42,5,0,2,1125,163,178,-2850,2,下位,0,273,117
964,964,0,72,110,0,3,1957,163,178,-2850,2,下位,0,832,57
498,498,0,52,67,1,0,0,0,0,1,0,下位,0,0,0
136,136,0,104,207,1,1,498,0,0,1,0,下位,0,498,119
200,200,0,42,11,0,0,0,634,259,-643,2,下位,0,0,0
681,681,0,83,156,0,1,200,634,259,-643,2,下位,0,200,63
963,963,0,42,5,0,0,0,881,208,-1793,2,下位,0,0,0
567,567,0,116,263,0,1,963,881,208,-1793,2,下位,0,963,57
916,916,0,52,65,0,0,0,1530,315,-3889,2,下位,0,0,0
298,298,0,52,69,0,1,916,1530,315,-3889,2,下位,0,916,117
321,321,0,92,82,0,2,1214,1530,315,-3889,2,下位,0,298,121
242,242,0,52,67,0,0,0,1535,134,-5993,1,下位,0,0,0
95,95,0,52,67,0,1,242,1535,134,-5993,1,下位,0,242,119
396,396,0,948,4559,0,2,337,1535,134,-5993,1,下位,0,95,119
298,298,0,98,133,0,0,0,733,4611,-2326,9,上位,0,0,0
126,126,0,92,73,0,0,0,298,185,-2622,1,下位,0,0,0
260,260,0,93,156,1,0,0,0,0,1,0,下位,0,0,0
636,636,0,69,114,0,0,0,260,208,-210,1,下位,0,0,0
684,684,0,148,433,0,0,0,636,166,-1070,1,下位,0,0,0
754,754,0,98,66,1,0,0,0,0,1,0,下位,0,0,0
588,588,0,112,101,0,0,0,754,118,-1097,2,下位,0,0,0
784,784,0,173,310,1,0,0,0,0,1,0,下位,0,0,0
640,640,0,135,233,0,0,0,784,362,-902,4,下位,0,0,0
338,338,0,171,235,0,0,0,640,285,-1649,4,下位,0,0,0
321,321,0,72,108,0,0,0,338,287,-1907,3,下位,0,0,0
967,967,0,51,61,0,0,0,321,160,-2265,1,下位,0,0,0
235,235,0,106,197,0,1,967,321,160,-2265,1,下位,0,967,113
125,125,0,137,215,1,0,0,0,0,1,0,下位,0,0,0
964,964,0,1584,7556,0,0,0,125,267,66,3,下位,0,0,0
425,425,0,81,95,1,0,0,0,0,1,0,下位,0,0,0
173,173,0,110,110,0,0,0,425,147,-537,1,下位,0,0,0
219,219,0,90,157,0,0,0,173,162,-654,2,下位,0,0,0
318,318,0,108,130,0,0,0,219,209,-798,1,下位,0,0,0
580,580,0,180,384,1,0,0,0,0,1,0,下位,0,0,0
626,626,0,75,29,0,0,0,580,436,-498,4,下位,0,0,0
181,181,0,998,4924,1,0,0,0,0,1,0,下位,0,0,0
762,762,0,129,320,0,0,0,181,4976,764,9,上位,0,0,0
154,154,0,91,144,0,0,0,762,372,-93,3,下位,0,0,0
185,185,0,107,204,0,0,0,154,196,-145,1,下位,0,0,0
325,325,0,150,216,0,0,0,185,256,-187,2,下位,0,0,0
235,235,0,173,395,0,0,0,325,268,-443,3,下位,0,0,0
231,231,0,78,28,1,0,0,0,0,1,0,下位,0,0,0
107,107,0,142,298,0,0,0,231,80,-292,1,下位,0,0,0
891,891,0,115,262,0,0,0,107,350,-115,4,下位,0,0,0
246,246,0,132,235,1,0,0,0,0,1,0,下位,0,0,0
550,550,0,42,5,0,0,0,246,287,-109,2,下位,0,0,0
658,658,0,108,133,0,1,550,246,287,-109,2,下位,0,550,57
275,275,0,967,4595,0,0,0,1208,185,-1815,2,下位,0,0,0
107,107,0,134,312,1,0,0,0,0,1,0,下位,0,0,0
836,836,0,1029,5074,0,0,0,107,364,192,4,下位,0,0,0
245,245,0,51,63,0,0,0,836,5126,766,10,上位,0,0,0
542,542,0,51,63,0,1,245,836,5126,766,10,上位,0,245,115
179,179,0,52,65,0,2,787,836,5126,766,10,上位,0,542,115
403,403,0,52,69,0,3,966,836,5126,766,10,上位,0,179,117
446,446,0,52,67,0,4,1369,836,5126,766,10,上位,0,403,121
262,262,0,80,85,0,5,1815,836,5126,766,10,上位,0,446,119
128,128,0,91,236,1,0,0,0,0,1,0,下位,0,0,0
965,965,0,167,413,0,0,0,128,288,83,2,下位,0,0,0
775,775,0,141,226,0,0,0,965,465,-1008,4,下位,0,0,0
812,812,0,84,85,1,0,0,0,0,1,0,下位,0,0,0
963,963,0,170,254,0,0,0,812,137,-1172,1,下位,0,0,0
198,198,0,75,107,1,0,0,0,0,1,0,下位,0,0,0
185,185,0,96,142,0,0,0,198,159,-159,1,下位,0,0,0
760,760,0,52,69,0,0,0,185,194,-263,1,下位,0,0,0
617,617,0,137,225,0,1,760,185,194,-263,1,下位,0,760,121
965,965,0,42,5,0,0,0,1377,277,-2086,2,下位,0,0,0
149,149,0,144,133,0,1,965,1377,277,-2086,2,下位,0,965,57
142,142,0,100,282,1,0,0,0,0,1,0,下位,0,0,0
644,644,0,79,173,0,0,0,142,334,106,2,下位,0,0,0
918,918,0,98,140,0,0,0,644,225,-708,1,下位,0,0,0
278,278,0,52,69,0,0,0,918,192,-1997,1,下位,0,0,0
263,263,0,188,214,0,1,278,918,192,-1997,1,下位,0,278,121
342,342,0,104,136,0,0,0,541,266,-2482,6,下位,0,0,0
19,19,0,131,291,1,0,0,0,0,1,0,下位,0,0,0
378,378,0,928,4163,0,0,0,19,343,313,4,下位,0,0,0
499,499,0,94,140,0,0,0,378,4215,759,10,上位,0,0,0
286,286,0,86,158,0,0,0,499,192,146,1,下位,0,0,0
657,657,0,136,220,0,0,0,286,210,-105,1,下位,0,0,0
663,663,0,71,39,1,0,0,0,0,1,0,下位,0,0,0
893,893,0,1290,6241,0,0,0,663,91,-977,1,下位,0,0,0
450,450,0,96,136,0,0,0,893,6293,777,11,上位,0,0,0
971,971,0,66,118,0,0,0,450,188,239,2,下位,0,0,0
880,880,0,902,4377,0,0,0,971,170,-1157,1,下位,0,0,0
639,639,0,936,4838,1,0,0,0,0,1,0,下位,0,0,0
936,936,0,128,253,0,0,0,639,4890,759,9,上位,0,0,0
710,710,0,125,391,1,0,0,0,0,1,0,下位,0,0,0
415,415,0,103,126,0,0,0,710,443,-701,3,下位,0,0,0
328,328,0,42,7,0,0,0,415,178,-1192,1,下位,0,0,0
962,962,0,1480,7670,0,1,328,415,178,-1192,1,下位,0,328,59
825,825,0,1038,5225,1,0,0,0,0,1,0,下位,0,0,0
337,337,0,112,189,0,0,0,825,5277,771,10,上位,0,0,0
713,713,0,71,19,1,0,0,0,0,1,0,下位,0,0,0
52,52,0,145,139,0,0,0,713,71,-1078,1,下位,0,0,0
967,967,0,152,202,0,0,0,52,191,-971,2,下位,0,0,0
123,123,0,110,118,0,0,0,967,254,-2277,2,下位,0,0,0
262,262,0,174,154,0,0,0,123,170,-2305,2,下位,0,0,0
235,235,0,74,33,0,0,0,262,206,-2522,4,下位,0,0,0
782,782,0,52,67,0,0,0,235,85,-2816,1,下位,0,0,0
263,263,0,208,336,0,1,782,235,85,-2816,1,下位,0,782,119
141,141,0,135,234,0,0,0,1045,388,-3994,5,下位,0,0,0
963,963,0,108,195,0,0,0,141,286,-3935,2,下位,0,0,0
27,27,0,58,64,1,0,0,0,0,1,0,下位,0,0,0
962,962,0,144,261,0,0,0,27,116,73,1,下位,0,0,0
372,372,0,175,238,0,0,0,962,313,-1166,3,下位,0,0,0
280,280,0,52,69,0,0,0,372,290,-1476,3,下位,0,0,0
122,122,0,90,153,0,1,280,372,290,-1476,3,下位,0,280,121
962,962,0,51,63,0,0,0,402,205,-1799,1,下位,0,0,0
143,143,0,194,290,0,1,962,402,205,-1799,1,下位,0,962,115
610,610,0,956,4815,1,0,0,0,0,1,0,下位,0,0,0
277,277,0,130,310,1,0,0,0,0,1,0,下位,0,0,0
414,414,0,42,5,0,0,0,277,362,-84,3,下位,0,0,0
232,232,0,114,191,0,1,414,277,362,-84,3,下位,0,414,57
423,423,0,51,61,0,0,0,646,243,-826,2,下位,0,0,0
775,775,0,163,262,0,1,423,646,243,-826,2,下位,0,423,113
774,774,0,98,138,1,0,0,0,0,1,0,下位,0,0,0
523,523,0,51,63,0,0,0,774,190,-1057,1,下位,0,0,0
47,47,0,52,65,0,1,523,774,190,-1057,1,下位,0,523,115
788,788,0,143,132,0,2,570,774,190,-1057,1,下位,0,47,117
312,312,0,116,179,1,0,0,0,0,1,0,下位,0,0,0
638,638,0,42,5,0,0,0,312,231,-271,2,下位,0,0,0
604,604,0,92,145,0,1,638,312,231,-271,2,下位,0,638,57
654,654,0,73,36,0,0,0,1242,197,-2020,1,下位,0,0,0
271,271,0,100,64,0,0,0,654,88,-2987,1,下位,0,0,0
494,494,0,149,207,0,0,0,271,116,-3308,2,下位,0,0,0
648,648,0,130,229,1,0,0,0,0,1,0,下位,0,0,0
191,191,0,966,4958,0,0,0,648,281,-763,3,下位,0,0,0
774,774,0,58,58,0,0,0,191,5010,767,10,上位,0,0,0
236,236,0,42,9,0,0,0,774,110,-371,1,下位,0,0,0
90,90,0,148,339,0,1,236,774,110,-371,1,下位,0,236,61
319,319,0,42,7,0,0,0,326,391,-445,4,下位,0,0,0
690,690,0,86,151,0,1,319,326,391,-445,4,下位,0,319,59
972,972,0,94,72,0,0,0,1009,203,-1811,2,下位,0,0,0
711,711,0,1718,8832,1,0,0,0,0,1,0,下位,0,0,0
859,859,0,106,199,0,0,0,711,8884,743,14,上位,0,0,0
177,177,0,51,63,0,0,0,859,251,-391,2,下位,0,0,0
968,968,0,145,217,0,1,177,859,251,-391,2,下位,0,177,115
189,189,0,110,127,1,0,0,0,0,1,0,下位,0,0,0
391,391,0,52,69,0,0,0,189,179,-125,2,下位,0,0,0
376,376,0,42,5,0,1,391,189,179,-125,2,下位,0,391,121
205,205,0,51,63,0,2,767,189,179,-125,2,下位,0,376,57
529,529,0,1116,5339,0,3,972,189,179,-125,2,下位,0,205,115
161,161,0,60,47,1,0,0,0,0,1,0,下位,0,0,0
146,146,0,51,61,0,0,0,161,99,-160,1,下位,0,0,0
399,399,0,1008,4784,0,1,146,161,99,-160,1,下位,0,146,113
155,155,0,135,225,0,0,0,545,4836,744,9,上位,0,0,0
966,966,0,74,105,0,0,0,155,277,771,2,下位,0,0,0
869,869,0,888,4422,0,0,0,966,157,-630,1,下位,0,0,0
67,67,0,115,112,0,0,0,869,4474,761,9,上位,0,0,0
89,89,0,52,71,0,0,0,67,164,817,2,下位,0,0,0
722,722,0,51,61,0,1,89,67,164,817,2,下位,0,89,123
416,416,0,71,103,0,2,811,67,164,817,2,下位,0,722,113
159,159,0,106,244,0,0,0,1227,155,-772,1,下位,0,0,0
306,306,0,76,160,0,0,0,159,296,-732,2,下位,0,0,0
95,95,0,42,8,0,0,0,306,212,-1014,1,下位,0,0,0
311,311,0,166,321,0,1,95,306,212,-1014,1,下位,0,95,60
617,617,0,149,212,1,0,0,0,0,1,0,下位,0,0,0
457,457,0,51,61,0,0,0,617,264,-730,3,下位,0,0,0
771,771,0,42,7,0,1,457,617,264,-730,3,下位,0,457,113
621,621,0,52,65,0,2,1228,617,264,-730,3,下位,0,771,59
556,556,0,69,115,0,3,1849,617,264,-730,3,下位,0,621,117
661,661,0,119,182,1,0,0,0,0,1,0,下位,0,0,0
764,764,0,102,128,0,0,0,661,234,-831,3,下位,0,0,0
209,209,0,52,67,0,0,0,764,180,-1883,2,下位,0,0,0
596,596,0,82,171,0,1,209,764,180,-1883,2,下位,0,209,119
555,555,0,68,116,0,0,0,805,223,-2839,2,下位,0,0,0
684,684,0,86,153,0,0,0,555,168,-3566,1,下位,0,0,0
64,64,0,190,304,1,0,0,0,0,1,0,下位,0,0,0
285,285,0,61,38,0,0,0,64,356,254,4,下位,0,0,0
655,655,0,89,84,0,0,0,285,90,-116,1,下位,0,0,0
478,478,0,101,191,0,0,0,655,136,-1036,1,下位,0,0,0
261,261,0,145,277,0,0,0,478,243,-1564,2,下位,0,0,0
220,220,0,42,7,0,0,0,261,329,-1656,3,下位,0,0,0
80,80,0,60,61,0,1,220,261,329,-1656,3,下位,0,220,59
406,406,0,130,245,1,0,0,0,0,1,0,下位,0,0,0
978,978,0,156,420,0,0,0,406,297,-357,3,下位,0,0,0
380,380,0,84,91,0,0,0,978,472,-1462,4,下位,0,0,0
911,911,0,41,1,0,0,0,380,143,-1932,1,下位,0,0,0
871,871,0,87,90,0,1,911,380,143,-1932,1,下位,0,911,53
158,158,0,42,5,0,0,0,1782,142,-4611,1,下位,0,0,0
119,119,0,72,34,0,1,158,1782,142,-4611,1,下位,0,158,57
499,499,0,198,341,0,0,0,277,86,-4915,1,下位,0,0,0
318,318,0,82,85,0,0,0,499,393,-5327,7,下位,0,0,0
285,285,0,158,196,1,0,0,0,0,1,0,下位,0,0,0
75,75,0,80,101,0,0,0,285,248,-211,3,下位,0,0,0
202,202,0,118,168,0,0,0,75,153,-179,1,下位,0,0,0
804,804,0,102,211,0,0,0,202,220,-285,2,下位,0,0,0
166,166,0,114,108,0,0,0,804,263,-1319,2,下位,0,0,0
381,381,0,42,11,0,0,0,166,160,-1427,2,下位,0,0,0
571,571,0,120,112,0,1,381,166,160,-1427,2,下位,0,381,63
384,384,0,148,278,0,0,0,952,164,-2736,2,下位,0,0,0
687,687,0,89,80,1,0,0,0,0,1,0,下位,0,0,0
240,240,0,170,395,0,0,0,687,132,-975,1,下位,0,0,0
343,343,0,178,309,0,0,0,240,447,-915,5,下位,0,0,0
45,45,0,148,266,1,0,0,0,0,1,0,下位,0,0,0
791,791,0,51,61,0,0,0,45,318,246,4,下位,0,0,0
541,541,0,1421,7206,0,1,791,45,318,246,4,下位,0,791,113
231,231,0,92,80,0,0,0,1332,7258,753,13,上位,0,0,0
165,165,0,131,234,0,0,0,231,132,512,1,下位,0,0,0
87,87,0,562,2732,0,0,0,165,286,532,3,下位,0,0,0
229,229,0,59,57,1,0,0,0,0,1,0,下位,0,0,0
104,104,0,64,43,0,0,0,229,109,-259,1,下位,0,0,0
880,880,0,135,229,0,0,0,104,95,-332,1,下位,0,0,0
510,510,0,94,126,0,0,0,880,281,-1470,3,下位,0,0,0
631,631,0,122,174,1,0,0,0,0,1,0,下位,0,0,0
359,359,0,108,39,0,0,0,631,226,-791,2,下位,0,0,0
252,252,0,51,63,0,0,0,359,91,-1279,2,下位,0,0,0
173,173,0,42,11,0,1,252,359,91,-1279,2,下位,0,252,115
146,146,0,130,176,0,2,425,359,91,-1279,2,下位,0,173,63
962,962,0,86,158,0,0,0,571,228,-1793,2,下位,0,0,0
196,196,0,99,126,1,0,0,0,0,1,0,下位,0,0,0
380,380,0,81,171,0,0,0,196,178,-137,2,下位,0,0,0
871,871,0,210,338,1,0,0,0,0,1,0,下位,0,0,0
324,324,0,148,284,0,0,0,871,390,-1014,5,下位,0,0,0
973,973,0,153,185,0,0,0,324,336,-1201,3,下位,0,0,0
138,138,0,42,7,0,0,0,973,237,-2533,4,下位,0,0,0
435,435,0,93,70,0,1,138,973,237,-2533,4,下位,0,138,59
235,235,0,94,128,0,0,0,573,122,-3277,1,下位,0,0,0
713,713,0,112,191,1,0,0,0,0,1,0,下位,0,0,0
441,441,0,125,167,1,0,0,0,0,1,0,下位,0,0,0
282,282,0,128,210,1,0,0,0,0,1,0,下位,0,0,0
237,237,0,75,101,0,0,0,282,262,-192,2,下位,0,0,0
216,216,0,66,116,0,0,0,237,153,-421,1,下位,0,0,0
125,125,0,79,19,0,0,0,216,168,-601,1,下位,0,0,0
638,638,0,68,111,1,0,0,0,0,1,0,下位,0,0,0
325,325,0,52,69,0,0,0,638,163,-865,1,下位,0,0,0
965,965,0,69,111,0,1,325,638,163,-865,1,下位,0,325,121
158,158,0,216,306,1,0,0,0,0,1,0,下位,0,0,0
335,335,0,120,100,0,0,0,158,358,104,6,下位,0,0,0
856,856,0,86,84,0,0,0,335,152,-284,2,下位,0,0,0
180,180,0,164,334,1,0,0,0,0,1,0,下位,0,0,0
779,779,0,154,355,0,0,0,180,386,97,4,下位,0,0,0
524,524,0,124,160,0,0,0,779,407,-752,4,下位,0,0,0
713,713,0,92,168,0,0,0,524,212,-1385,2,下位,0,0,0
201,201,0,78,167,0,0,0,713,220,-2315,2,下位,0,0,0
140,140,0,104,138,1,0,0,0,0,1,0,下位,0,0,0
200,200,0,42,9,0,0,0,140,190,-35,2,下位,0,0,0
883,883,0,70,111,0,1,200,140,190,-35,2,下位,0,200,61
464,464,0,1240,6159,0,0,0,1083,163,-1558,1,下位,0,0,0
178,178,0,42,9,0,0,0,464,6211,725,11,上位,0,0,0
434,434,0,42,7,0,1,178,464,6211,725,11,上位,0,178,61
828,828,0,62,55,0,2,612,464,6211,725,11,上位,0,434,59
241,241,0,60,55,1,0,0,0,0,1,0,下位,0,0,0
642,642,0,110,197,0,0,0,241,107,-281,1,下位,0,0,0
995,995,0,124,234,0,0,0,642,249,-1067,2,下位,0,0,0
150,150,0,112,193,0,0,0,995,286,-2386,3,下位,0,0,0
148,148,0,150,276,0,0,0,150,245,-2383,3,下位,0,0,0
299,299,0,81,97,0,0,0,148,328,-2294,3,下位,0,0,0
131,131,0,112,271,0,0,0,299,149,-2627,1,下位,0,0,0
186,186,0,93,131,0,0,0,131,323,-2515,3,下位,0,0,0
496,496,0,70,105,0,0,0,186,183,-2632,2,下位,0,0,0
748,748,0,122,181,0,0,0,496,157,-3275,1,下位,0,0,0
451,451,0,100,132,1,0,0,0,0,1,0,下位,0,0,0
196,196,0,126,234,0,0,0,451,184,-542,1,下位,0,0,0
259,259,0,70,111,0,0,0,196,286,-572,4,下位,0,0,0
140,140,0,101,141,0,0,0,259,163,-827,2,下位,0,0,0
167,167,0,42,9,0,0,0,140,193,-860,1,下位,0,0,0
63,63,0,60,59,0,1,167,140,193,-860,1,下位,0,167,61
962,962,0,80,97,0,0,0,230,111,-1059,1,下位,0,0,0
552,552,0,1475,7219,0,0,0,962,149,-2462,1,下位,0,0,0
516,516,0,88,88,1,0,0,0,0,1,0,下位,0,0,0
165,165,0,196,338,0,0,0,516,140,-691,1,下位,0,0,0
308,308,0,215,320,0,0,0,165,390,-567,4,下位,0,0,0
38,38,0,740,3794,0,0,0,308,372,-692,5,下位,0,0,0
439,439,0,41,1,0,0,0,38,3053,747,4,上位,0,0,0
313,313,0,104,131,0,1,439,38,3053,747,4,上位,0,439,53
261,261,0,880,4246,1,0,0,0,0,1,0,下位,0,0,0
719,719,0,121,247,0,0,0,261,4298,768,9,上位,0,0,0
213,213,0,68,124,1,0,0,0,0,1,0,下位,0,0,0
504,504,0,1015,4827,0,0,0,213,176,-167,1,下位,0,0,0
691,691,0,77,26,1,0,0,0,0,1,0,下位,0,0,0
345,345,0,122,247,0,0,0,691,78,-1036,1,下位,0,0,0
271,271,0,41,3,0,0,0,345,299,-1293,3,下位,0,0,0
410,410,0,108,127,0,1,271,345,299,-1293,3,下位,0,271,55
875,875,0,42,9,0,0,0,681,179,-2157,2,下位,0,0,0
230,230,0,42,7,0,1,875,681,179,-2157,2,下位,0,875,61
288,288,0,139,229,0,2,1105,681,179,-2157,2,下位,0,230,59
345,345,0,42,5,0,0,0,1393,281,-4003,2,下位,0,0,0
820,820,0,128,239,0,1,345,1393,281,-4003,2,下位,0,345,57
307,307,0,82,85,1,0,0,0,0,1,0,下位,0,0,0
152,152,0,150,438,0,0,0,307,137,-357,1,下位,0,0,0
347,347,0,68,113,0,0,0,152,490,-112,4,下位,0,0,0
35,35,0,119,103,0,0,0,347,165,-507,1,下位,0,0,0
177,177,0,52,67,1,0,0,0,0,1,0,下位,0,0,0
443,443,0,68,115,1,1,177,0,0,1,0,下位,0,177,119
965,965,0,41,3,0,0,0,620,167,-713,1,下位,0,0,0
80,80,0,70,113,0,1,965,620,167,-713,1,下位,0,965,55
313,313,0,120,254,0,0,0,1045,165,-2178,1,下位,0,0,0
664,664,0,103,128,1,0,0,0,0,1,0,下位,0,0,0
49,49,0,42,7,0,0,0,664,180,-890,1,下位,0,0,0
880,880,0,1262,6118,0,1,49,664,180,-890,1,下位,0,49,59
431,431,0,83,89,1,0,0,0,0,1,0,下位,0,0,0
785,785,0,120,253,0,0,0,431,141,-553,1,下位,0,0,0
529,529,0,1280,6253,0,0,0,785,305,-1514,3,下位,0,0,0
151,151,0,117,193,1,0,0,0,0,1,0,下位,0,0,0
792,792,0,64,39,0,0,0,151,245,2,3,下位,0,0,0
133,133,0,39,-9,0,0,0,792,91,-1184,1,下位,0,0,0
883,883,0,90,86,0,1,133,792,91,-1184,1,下位,0,133,43
954,954,0,118,196,0,0,0,1016,138,-2642,1,下位,0,0,0
443,443,0,112,201,1,0,0,0,0,1,0,下位,0,0,0
140,140,0,147,192,1,0,0,0,0,1,0,下位,0,0,0
438,438,0,178,324,0,0,0,140,244,19,3,下位,0,0,0
238,238,0,165,174,0,0,0,438,376,-311,5,下位,0,0,0
93,93,0,42,9,0,0,0,238,226,-469,3,下位,0,0,0
263,263,0,952,4885,0,1,93,238,226,-469,3,下位,0,93,61
391,391,0,133,155,0,0,0,356,4937,768,10,上位,0,0,0
550,550,0,52,69,0,0,0,391,207,344,2,下位,0,0,0
704,704,0,1039,4716,0,1,550,391,207,344,2,下位,0,550,121
859,859,0,50,55,0,0,0,1254,4768,751,9,上位,0,0,0
143,143,0,114,181,0,1,859,1254,4768,751,9,上位,0,859,107
515,515,0,1108,5178,0,0,0,1002,233,-525,2,下位,0,0,0
604,604,0,119,114,1,0,0,0,0,1,0,下位,0,0,0
195,195,0,98,206,0,0,0,604,166,-807,2,下位,0,0,0
903,903,0,123,167,0,0,0,195,258,-864,2,下位,0,0,0
227,227,0,84,144,0,0,0,903,219,-2101,2,下位,0,0,0
383,383,0,102,197,0,0,0,227,196,-2271,2,下位,0,0,0
964,964,0,51,63,0,0,0,383,249,-2640,2,下位,0,0,0
190,190,0,42,11,0,1,964,383,249,-2640,2,下位,0,964,115
140,140,0,51,63,0,2,1154,383,249,-2640,2,下位,0,190,63
879,879,0,78,28,0,3,1294,383,249,-2640,2,下位,0,140,115
600,600,0,88,86,1,0,0,0,0,1,0,下位,0,0,0
621,621,0,1130,5728,0,0,0,600,138,-829,1,下位,0,0,0
234,234,0,42,7,0,0,0,621,5780,766,10,上位,0,0,0
967,967,0,51,61,0,1,234,621,5780,766,10,上位,0,234,59
269,269,0,133,163,0,2,1201,621,5780,766,10,上位,0,967,113
349,349,0,74,33,0,0,0,1470,215,-1218,3,下位,0,0,0
651,651,0,1414,7155,1,0,0,0,0,1,0,下位,0,0,0
324,324,0,42,5,0,0,0,651,7207,739,11,上位,0,0,0
262,262,0,77,172,0,1,324,651,7207,739,11,上位,0,324,57
410,410,0,42,7,0,0,0,586,224,74,1,下位,0,0,0
969,969,0,54,72,0,1,410,586,224,74,1,下位,0,410,59
680,680,0,42,9,0,0,0,1379,124,-1967,1,下位,0,0,0
429,429,0,42,7,0,1,680,1379,124,-1967,1,下位,0,680,61
594,594,0,51,63,0,2,1109,1379,124,-1967,1,下位,0,429,59
558,558,0,95,131,0,3,1703,1379,124,-1967,1,下位,0,594,115
267,267,0,78,28,0,0,0,2261,183,-5196,2,下位,0,0,0
152,152,0,160,257,1,0,0,0,0,1,0,下位,0,0,0
313,313,0,51,63,0,0,0,152,309,65,3,下位,0,0,0
238,238,0,129,231,0,1,313,152,309,65,3,下位,0,313,115
188,188,0,41,3,0,0,0,551,283,-426,3,下位,0,0,0
772,772,0,91,75,0,1,188,551,283,-426,3,下位,0,188,55
489,489,0,115,182,0,0,0,960,127,-1792,1,下位,0,0,0
454,454,0,76,82,0,0,0,489,234,-2347,3,下位,0,0,0
317,317,0,128,237,0,0,0,454,134,-2945,1,下位,0,0,0
973,973,0,69,109,0,0,0,317,289,-3167,2,下位,0,0,0
264,264,0,41,1,0,0,0,973,161,-4575,1,下位,0,0,0
330,330,0,120,108,0,1,264,973,161,-4575,1,下位,0,264,53
698,698,0,128,171,1,0,0,0,0,1,0,下位,0,0,0
211,211,0,132,167,0,0,0,698,223,-902,3,下位,0,0,0
792,792,0,1224,6185,0,0,0,211,219,-1023,3,下位,0,0,0
174,174,0,68,117,0,0,0,792,6237,752,11,上位,0,0,0
658,658,0,132,318,0,0,0,174,169,640,1,下位,0,0,0
694,694,0,108,274,0,0,0,658,370,-51,3,下位,0,0,0
247,247,0,80,99,0,0,0,694,326,-844,2,下位,0,0,0
422,422,0,52,67,0,0,0,247,151,-1091,1,下位,0,0,0
104,104,0,91,59,0,1,422,247,151,-1091,1,下位,0,422,119
320,320,0,1029,5149,1,0,0,0,0,1,0,下位,0,0,0
220,220,0,42,9,0,0,0,320,5201,769,12,上位,0,0,0
178,178,0,52,68,0,1,220,320,5201,769,12,上位,0,220,61
340,340,0,134,230,0,2,398,320,5201,769,12,上位,0,178,120
716,716,0,101,207,0,0,0,738,282,42,3,下位,0,0,0
345,345,0,51,63,0,0,0,716,259,-854,2,下位,0,0,0
664,664,0,52,67,0,1,345,716,259,-854,2,下位,0,345,115
252,252,0,61,46,0,2,1009,716,259,-854,2,下位,0,664,119
455,455,0,84,91,0,0,0,1261,98,-2555,1,下位,0,0,0
517,517,0,50,53,0,0,0,455,143,-3146,1,下位,0,0,0
968,968,0,142,208,0,1,517,455,143,-3146,1,下位,0,517,105
741,741,0,108,46,1,0,0,0,0,1,0,下位,0,0,0
191,191,0,114,184,0,0,0,741,98,-1096,2,下位,0,0,0
619,619,0,112,194,0,0,0,191,236,-1168,2,下位,0,0,0
225,225,0,41,3,0,0,0,619,246,-1920,2,下位,0,0,0
405,405,0,51,61,0,1,225,619,246,-1920,2,下位,0,225,55
730,730,0,77,104,0,2,630,619,246,-1920,2,下位,0,405,113
740,740,0,1019,5042,1,0,0,0,0,1,0,下位,0,0,0
743,743,0,52,67,0,0,0,740,5094,753,11,上位,0,0,0
965,965,0,52,69,0,1,743,740,5094,753,11,上位,0,743,119
92,92,0,107,205,0,2,1708,740,5094,753,11,上位,0,965,121
241,241,0,92,83,0,0,0,1800,257,-1652,2,下位,0,0,0
226,226,0,77,87,0,0,0,241,135,-1906,2,下位,0,0,0
964,964,0,58,57,0,0,0,226,139,-2132,1,下位,0,0,0
176,176,0,104,205,1,0,0,0,0,1,0,下位,0,0,0
97,97,0,42,7,0,0,0,176,257,-26,2,下位,0,0,0
915,915,0,127,176,0,1,97,176,257,-26,2,下位,0,97,59
838,838,0,120,114,0,0,0,1012,228,-1371,3,下位,0,0,0
362,362,0,68,120,0,0,0,838,166,-2557,2,下位,0,0,0
459,459,0,42,7,0,0,0,362,172,-2969,1,下位,0,0,0
967,967,0,84,78,0,1,459,362,172,-2969,1,下位,0,459,59
358,358,0,73,90,1,0,0,0,0,1,0,下位,0,0,0
521,521,0,1024,4983,0,0,0,358,142,-434,1,下位,0,0,0
730,730,0,117,193,0,0,0,521,5035,750,11,上位,0,0,0
347,347,0,52,71,0,0,0,730,245,-182,3,下位,0,0,0
279,279,0,764,3489,0,1,347,730,245,-182,3,下位,0,347,123
807,807,0,62,52,0,0,0,626,3541,714,8,上位,0,0,0
729,729,0,107,199,0,0,0,807,104,-484,1,下位,0,0,0
159,159,0,142,296,1,0,0,0,0,1,0,下位,0,0,0
415,415,0,110,200,0,0,0,159,348,93,3,下位,0,0,0
455,455,0,41,0,0,0,0,415,252,-324,2,下位,0,0,0
121,121,0,132,160,0,1,455,415,252,-324,2,下位,0,455,52
170,170,0,80,173,0,0,0,576,212,-989,2,下位,0,0,0
147,147,0,1074,5114,0,0,0,170,225,-1038,1,下位,0,0,0
617,617,0,52,71,0,0,0,147,5166,743,10,上位,0,0,0
137,137,0,42,9,0,1,617,147,5166,743,10,上位,0,617,123
287,287,0,52,69,0,2,754,147,5166,743,10,上位,0,137,61
340,340,0,124,312,0,3,1041,147,5166,743,10,上位,0,287,121
605,605,0,109,123,0,0,0,1381,364,-815,3,下位,0,0,0
970,970,0,86,86,0,0,0,605,175,-1616,2,下位,0,0,0
963,963,0,103,274,0,0,0,970,138,-3043,1,下位,0,0,0
204,204,0,70,109,0,0,0,963,326,-4270,2,下位,0,0,0
282,282,0,107,118,1,0,0,0,0,1,0,下位,0,0,0
970,970,0,212,330,0,0,0,282,170,-284,3,下位,0,0,0
965,965,0,72,34,0,0,0,970,382,-1467,6,下位,0,0,0
58,58,0,42,5,0,0,0,965,86,-2937,1,下位,0,0,0
372,372,0,99,135,0,1,58,965,86,-2937,1,下位,0,58,57
970,970,0,59,49,0,0,0,430,187,-3387,1,下位,0,0,0
232,232,0,42,11,0,0,0,970,101,-4851,1,下位,0,0,0
210,210,0,51,63,0,1,232,970,101,-4851,1,下位,0,232,63
257,257,0,52,65,0,2,442,970,101,-4851,1,下位,0,210,115
490,490,0,103,137,0,3,699,970,101,-4851,1,下位,0,257,117
814,814,0,108,123,0,0,0,1189,189,-6285,2,下位,0,0,0
215,215,0,120,225,0,0,0,814,175,-7423,2,下位,0,0,0
652,652,0,122,180,1,0,0,0,0,1,0,下位,0,0,0
522,522,0,52,67,0,0,0,652,232,-819,2,下位,0,0,0
321,321,0,106,124,0,1,522,652,232,-819,2,下位,0,522,119
228,228,0,101,134,0,0,0,843,176,-1884,2,下位,0,0,0
911,911,0,1293,6653,0,0,0,228,186,-2066,2,下位,0,0,0
353,353,0,42,9,0,0,0,911,6705,765,12,上位,0,0,0
312,312,0,52,67,0,1,353,911,6705,765,12,上位,0,353,61
208,208,0,78,98,0,2,665,911,6705,765,12,上位,0,312,119
450,450,0,85,164,0,0,0,873,150,-312,1,下位,0,0,0
813,813,0,141,139,0,0,0,450,216,-822,2,下位,0,0,0
678,678,0,114,115,1,0,0,0,0,1,0,下位,0,0,0
976,976,0,162,260,0,0,0,678,167,-926,2,下位,0,0,0
94,94,0,1119,6130,0,0,0,976,312,-2188,4,下位,0,0,0
812,812,0,110,199,0,0,0,94,6123,751,7,上位,0,0,0
171,171,0,83,81,0,0,0,812,251,-308,3,下位,0,0,0
176,176,0,52,69,0,0,0,171,133,-451,1,下位,0,0,0
695,695,0,41,3,0,1,176,171,133,-451,1,下位,0,176,121
43,43,0,42,5,0,2,871,171,133,-451,1,下位,0,695,55
124,124,0,113,121,0,3,914,171,133,-451,1,下位,0,43,57
708,708,0,91,79,1,0,0,0,0,1,0,下位,0,0,0
206,206,0,126,167,0,0,0,708,131,-1010,1,下位,0,0,0
70,70,0,82,92,0,0,0,206,219,-1123,2,下位,0,0,0
896,896,0,117,105,0,0,0,70,144,-1092,1,下位,0,0,0
967,967,0,107,18,0,0,0,896,157,-2380,2,下位,0,0,0
965,965,0,1995,10619,0,0,0,967,70,-3870,2,下位,0,0,0
334,334,0,51,63,1,0,0,0,0,1,0,下位,0,0,0
422,422,0,166,259,1,1,334,0,0,1,0,下位,0,334,115
237,237,0,70,111,0,0,0,756,311,-793,4,下位,0,0,0
97,97,0,42,11,0,0,0,237,163,-1012,1,下位,0,0,0
852,852,0,51,61,0,1,97,237,163,-1012,1,下位,0,97,63
401,401,0,90,152,0,2,949,237,163,-1012,1,下位,0,852,113
314,314,0,42,11,0,0,0,1350,204,-2809,2,下位,0,0,0
137,137,0,129,149,0,1,314,1350,204,-2809,2,下位,0,314,63
131,131,0,138,218,0,0,0,451,201,-3272,2,下位,0,0,0
497,497,0,52,69,0,0,0,131,270,-3213,3,下位,0,0,0
202,202,0,84,162,0,1,497,131,270,-3213,3,下位,0,497,121
966,966,0,108,120,0,0,0,699,214,-4006,2,下位,0,0,0
447,447,0,1352,6885,0,0,0,966,172,-5392,2,下位,0,0,0
280,280,0,74,27,1,0,0,0,0,1,0,下位,0,0,0
163,163,0,66,49,0,0,0,280,79,-372,1,下位,0,0,0
283,283,0,54,30,0,0,0,163,101,-534,1,下位,0,0,0
381,381,0,79,167,0,0,0,283,82,-908,1,下位,0,0,0
506,506,0,84,89,0,0,0,381,219,-1304,1,下位,0,0,0
675,675,0,42,9,0,0,0,506,141,-1979,2,下位,0,0,0
963,963,0,1630,8404,0,1,675,506,141,-1979,2,下位,0,675,61
187,187,0,964,4976,0,0,0,1638,8456,740,14,上位,0,0,0
335,335,0,82,97,0,0,0,187,4975,760,6,上位,0,0,0
244,244,0,114,273,0,0,0,335,149,369,2,下位,0,0,0
232,232,0,148,179,0,0,0,244,325,300,3,下位,0,0,0
365,365,0,118,190,0,0,0,232,231,157,3,下位,0,0,0
122,122,0,162,263,0,0,0,365,242,-190,2,下位,0,0,0
304,304,0,104,217,1,0,0,0,0,1,0,下位,0,0,0
237,237,0,120,259,0,0,0,304,269,-220,2,下位,0,0,0
286,286,0,79,175,0,0,0,237,311,-291,3,下位,0,0,0
967,967,0,51,64,0,0,0,286,227,-525,1,下位,0,0,0
60,60,0,42,7,0,1,967,286,227,-525,1,下位,0,967,116
139,139,0,42,7,0,2,1027,286,227,-525,1,下位,0,60,59
749,749,0,102,133,0,3,1166,286,227,-525,1,下位,0,139,59
259,259,0,151,131,0,0,0,1915,185,-3195,2,下位,0,0,0
934,934,0,58,54,0,0,0,259,183,-3430,3,下位,0,0,0
964,964,0,130,159,0,0,0,934,106,-4830,1,下位,0,0,0
263,263,0,73,103,0,0,0,964,211,-6174,3,下位,0,0,0
359,359,0,73,141,0,0,0,263,155,-6443,1,下位,0,0,0
164,164,0,128,104,0,0,0,359,193,-6829,1,下位,0,0,0
676,676,0,180,243,1,0,0,0,0,1,0,下位,0,0,0
799,799,0,119,256,0,0,0,676,295,-794,4,下位,0,0,0
682,682,0,100,216,0,0,0,799,308,-1775,2,下位,0,0,0
48,48,0,1114,5835,0,0,0,682,268,-2607,2,下位,0,0,0
830,830,0,66,112,1,0,0,0,0,1,0,下位,0,0,0
203,203,0,101,141,0,0,0,830,164,-1174,1,下位,0,0,0
144,144,0,86,169,0,0,0,203,193,-1308,1,下位,0,0,0
850,850,0,42,9,0,0,0,144,221,-1319,2,下位,0,0,0
233,233,0,129,234,0,1,850,144,221,-1319,2,下位,0,850,61
781,781,0,110,119,0,0,0,1083,286,-2719,4,下位,0,0,0
228,228,0,52,65,0,0,0,781,171,-3808,2,下位,0,0,0
53,53,0,52,69,0,1,228,781,171,-3808,2,下位,0,228,117
964,964,0,42,7,0,2,281,781,171,-3808,2,下位,0,53,121
244,244,0,42,5,0,3,1245,781,171,-3808,2,下位,0,964,59
362,362,0,119,192,0,4,1489,781,171,-3808,2,下位,0,244,57
96,96,0,94,76,0,0,0,1851,244,-6196,3,下位,0,0,0
687,687,0,70,117,1,0,0,0,0,1,0,下位,0,0,0
556,556,0,56,28,0,0,0,687,169,-938,1,下位,0,0,0
833,833,0,86,162,0,0,0,556,80,-1755,1,下位,0,0,0
267,267,0,224,285,0,0,0,833,214,-2885,2,下位,0,0,0
204,204,0,42,11,0,0,0,267,337,-2979,6,下位,0,0,0
254,254,0,1478,7950,0,1,204,267,337,-2979,6,下位,0,204,63
896,896,0,65,35,1,0,0,0,0,1,0,下位,0,0,0
215,215,0,89,134,0,0,0,896,87,-1357,1,下位,0,0,0
244,244,0,1748,8805,0,0,0,215,186,-1518,2,下位,0,0,0
761,761,0,107,211,0,0,0,244,8857,754,15,上位,0,0,0
965,965,0,90,153,0,0,0,761,263,-210,3,下位,0,0,0
227,227,0,104,132,0,0,0,965,205,-1561,1,下位,0,0,0
875,875,0,126,334,1,0,0,0,0,1,0,下位,0,0,0
708,708,0,1354,6787,0,0,0,875,386,-1024,3,下位,0,0,0
586,586,0,42,5,0,0,0,708,6839,753,12,上位,0,0,0
462,462,0,42,9,0,1,586,708,6839,753,12,上位,0,586,57
123,123,0,111,204,0,2,1048,708,6839,753,12,上位,0,462,61
207,207,0,137,302,0,0,0,1171,256,-761,2,下位,0,0,0
234,234,0,51,61,1,0,0,0,0,1,0,下位,0,0,0
260,260,0,88,158,1,1,234,0,0,1,0,下位,0,234,113
973,973,0,51,63,0,0,0,494,210,-472,1,下位,0,0,0
336,336,0,1305,6260,0,1,973,494,210,-472,1,下位,0,973,115
575,575,0,79,179,0,0,0,1309,6312,751,12,上位,0,0,0
554,554,0,51,63,0,0,0,575,231,55,1,下位,0,0,0
762,762,0,221,311,0,1,554,575,231,55,1,下位,0,554,115
258,258,0,122,173,0,0,0,1316,363,-1590,5,下位,0,0,0
138,138,0,114,182,0,0,0,258,225,-1781,2,下位,0,0,0
188,188,0,74,106,1,0,0,0,0,1,0,下位,0,0,0
140,140,0,52,65,0,0,0,188,158,-144,2,下位,0,0,0
64,64,0,129,83,0,1,140,188,158,-144,2,下位,0,140,117
323,323,0,83,87,0,0,0,204,135,-221,2,下位,0,0,0
194,194,0,91,150,0,0,0,323,139,-603,1,下位,0,0,0
235,235,0,124,175,0,0,0,194,202,-714,2,下位,0,0,0
252,252,0,110,108,0,0,0,235,227,-866,2,下位,0,0,0
62,62,0,1163,5856,0,0,0,252,160,-1112,2,下位,0,0,0
962,962,0,104,205,0,0,0,62,5908,767,10,上位,0,0,0
636,636,0,62,118,1,0,0,0,0,1,0,下位,0,0,0
655,655,0,62,46,0,0,0,636,170,-855,1,下位,0,0,0
558,558,0,42,7,0,0,0,655,98,-1813,1,下位,0,0,0
135,135,0,117,247,0,1,558,655,98,-1813,1,下位,0,558,59
227,227,0,68,40,0,0,0,693,299,-2573,3,下位,0,0,0
594,594,0,58,52,1,0,0,0,0,1,0,下位,0,0,0
110,110,0,1012,4867,0,0,0,594,104,-853,1,下位,0,0,0
259,259,0,70,114,0,0,0,110,4919,760,9,上位,0,0,0
394,394,0,42,7,0,0,0,259,166,508,2,下位,0,0,0
715,715,0,85,163,0,1,394,259,166,508,2,下位,0,394,59
290,290,0,175,310,0,0,0,1109,215,-1006,1,下位,0,0,0
318,318,0,72,99,1,0,0,0,0,1,0,下位,0,0,0
965,965,0,146,301,0,0,0,318,151,-361,1,下位,0,0,0
974,974,0,78,24,0,0,0,965,353,-1564,4,下位,0,0,0
125,125,0,160,245,0,0,0,974,76,-3059,1,下位,0,0,0
136,136,0,106,48,1,0,0,0,0,1,0,下位,0,0,0
237,237,0,42,11,0,0,0,136,100,-118,2,下位,0,0,0
964,964,0,51,61,0,1,237,136,100,-118,2,下位,0,237,63
329,329,0,98,282,0,2,1201,136,100,-118,2,下位,0,964,113
750,750,0,94,222,0,0,0,1530,334,-2076,2,下位,0,0,0
886,886,0,61,53,0,0,0,750,274,-3012,2,下位,0,0,0
847,847,0,93,70,0,0,0,886,105,-4336,1,下位,0,0,0
516,516,0,88,88,1,0,0,0,0,1,0,下位,0,0,0
165,165,0,196,338,0,0,0,516,140,-691,1,下位,0,0,0
308,308,0,215,320,0,0,0,165,390,-567,4,下位,0,0,0
38,38,0,740,3794,0,0,0,308,372,-692,5,下位,0,0,0
439,439,0,41,1,0,0,0,38,3053,747,4,上位,0,0,0
313,313,0,104,131,0,1,439,38,3053,747,4,上位,0,439,53
261,261,0,880,4246,1,0,0,0,0,1,0,下位,0,0,0
719,719,0,121,247,0,0,0,261,4298,768,9,上位,0,0,0
213,213,0,68,124,1,0,0,0,0,1,0,下位,0,0,0
504,504,0,1015,4827,0,0,0,213,176,-167,1,下位,0,0,0
691,691,0,77,26,1,0,0,0,0,1,0,下位,0,0,0
345,345,0,122,247,0,0,0,691,78,-1036,1,下位,0,0,0
271,271,0,41,3,0,0,0,345,299,-1293,3,下位,0,0,0
410,410,0,108,127,0,1,271,345,299,-1293,3,下位,0,271,55
875,875,0,42,9,0,0,0,681,179,-2157,2,下位,0,0,0
230,230,0,42,7,0,1,875,681,179,-2157,2,下位,0,875,61
288,288,0,139,229,0,2,1105,681,179,-2157,2,下位,0,230,59
345,345,0,42,5,0,0,0,1393,281,-4003,2,下位,0,0,0
820,820,0,128,239,0,1,345,1393,281,-4003,2,下位,0,345,57
307,307,0,82,85,1,0,0,0,0,1,0,下位,0,0,0
152,152,0,150,438,0,0,0,307,137,-357,1,下位,0,0,0
347,347,0,68,113,0,0,0,152,490,-112,4,下位,0,0,0
35,35,0,119,103,0,0,0,347,165,-507,1,下位,0,0,0
177,177,0,52,67,1,0,0,0,0,1,0,下位,0,0,0
443,443,0,68,115,1,1,177,0,0,1,0,下位,0,177,119
965,965,0,41,3,0,0,0,620,167,-713,1,下位,0,0,0
80,80,0,70,113,0,1,965,620,167,-713,1,下位,0,965,55
313,313,0,120,254,0,0,0,1045,165,-2178,1,下位,0,0,0
664,664,0,103,128,1,0,0,0,0,1,0,下位,0,0,0
49,49,0,42,7,0,0,0,664,180,-890,1,下位,0,0,0
880,880,0,1262,6118,0,1,49,664,180,-890,1,下位,0,49,59
431,431,0,83,89,1,0,0,0,0,1,0,下位,0,0,0
785,785,0,120,253,0,0,0,431,141,-553,1,下位,0,0,0
529,529,0,1280,6253,0,0,0,785,305,-1514,3,下位,0,0,0
151,151,0,117,193,1,0,0,0,0,1,0,下位,0,0,0
792,792,0,64,39,0,0,0,151,245,2,3,下位,0,0,0
133,133,0,39,-9,0,0,0,792,91,-1184,1,下位,0,0,0
883,883,0,90,86,0,1,133,792,91,-1184,1,下位,0,133,43
954,954,0,118,196,0,0,0,1016,138,-2642,1,下位,0,0,0
443,443,0,112,201,1,0,0,0,0,1,0,下位,0,0,0
140,140,0,147,192,1,0,0,0,0,1,0,下位,0,0,0
438,438,0,178,324,0,0,0,140,244,19,3,下位,0,0,0
238,238,0,165,174,0,0,0,438,376,-311,5,下位,0,0,0
93,93,0,42,9,0,0,0,238,226,-469,3,下位,0,0,0
263,263,0,952,4885,0,1,93,238,226,-469,3,下位,0,93,61
391,391,0,133,155,0,0,0,356,4937,768,10,上位,0,0,0
550,550,0,52,69,0,0,0,391,207,344,2,下位,0,0,0
704,704,0,1039,4716,0,1,550,391,207,344,2,下位,0,550,121
859,859,0,50,55,0,0,0,1254,4768,751,9,上位,0,0,0
143,143,0,114,181,0,1,859,1254,4768,751,9,上位,0,859,107
515,515,0,1108,5178,0,0,0,1002,233,-525,2,下位,0,0,0
604,604,0,119,114,1,0,0,0,0,1,0,下位,0,0,0
195,195,0,98,206,0,0,0,604,166,-807,2,下位,0,0,0
903,903,0,123,167,0,0,0,195,258,-864,2,下位,0,0,0
227,227,0,84,144,0,0,0,903,219,-2101,2,下位,0,0,0
383,383,0,102,197,0,0,0,227,196,-2271,2,下位,0,0,0
964,964,0,51,63,0,0,0,383,249,-2640,2,下位,0,0,0
190,190,0,42,11,0,1,964,383,249,-2640,2,下位,0,964,115
140,140,0,51,63,0,2,1154,383,249,-2640,2,下位,0,190,63
879,879,0,78,28,0,3,1294,383,249,-2640,2,下位,0,140,115
600,600,0,88,86,1,0,0,0,0,1,0,下位,0,0,0
621,621,0,1130,5728,0,0,0,600,138,-829,1,下位,0,0,0
234,234,0,42,7,0,0,0,621,5780,766,10,上位,0,0,0
967,967,0,51,61,0,1,234,621,5780,766,10,上位,0,234,59
269,269,0,133,163,0,2,1201,621,5780,766,10,上位,0,967,113
349,349,0,74,33,0,0,0,1470,215,-1218,3,下位,0,0,0
651,651,0,1414,7155,1,0,0,0,0,1,0,下位,0,0,0
324,324,0,42,5,0,0,0,651,7207,739,11,上位,0,0,0
262,262,0,77,172,0,1,324,651,7207,739,11,上位,0,324,57
410,410,0,42,7,0,0,0,586,224,74,1,下位,0,0,0
969,969,0,54,72,0,1,410,586,224,74,1,下位,0,410,59
680,680,0,42,9,0,0,0,1379,124,-1967,1,下位,0,0,0
429,429,0,42,7,0,1,680,1379,124,-1967,1,下位,0,680,61
594,594,0,51,63,0,2,1109,1379,124,-1967,1,下位,0,429,59
558,558,0,95,131,0,3,1703,1379,124,-1967,1,下位,0,594,115
267,267,0,78,28,0,0,0,2261,183,-5196,2,下位,0,0,0
152,152,0,160,257,1,0,0,0,0,1,0,下位,0,0,0
313,313,0,51,63,0,0,0,152,309,65,3,下位,0,0,0
238,238,0,129,231,0,1,313,152,309,65,3,下位,0,313,115
188,188,0,41,3,0,0,0,551,283,-426,3,下位,0,0,0
772,772,0,91,75,0,1,188,551,283,-426,3,下位,0,188,55
489,489,0,115,182,0,0,0,960,127,-1792,1,下位,0,0,0
454,454,0,76,82,0,0,0,489,234,-2347,3,下位,0,0,0
317,317,0,128,237,0,0,0,454,134,-2945,1,下位,0,0,0
973,973,0,69,109,0,0,0,317,289,-3167,2,下位,0,0,0
264,264,0,41,1,0,0,0,973,161,-4575,1,下位,0,0,0
330,330,0,120,108,0,1,264,973,161,-4575,1,下位,0,264,53
698,698,0,128,171,1,0,0,0,0,1,0,下位,0,0,0
211,211,0,132,167,0,0,0,698,223,-902,3,下位,0,0,0
792,792,0,1224,6185,0,0,0,211,219,-1023,3,下位,0,0,0
174,174,0,68,117,0,0,0,792,6237,752,11,上位,0,0,0
658,658,0,132,318,0,0,0,174,169,640,1,下位,0,0,0
694,694,0,108,274,0,0,0,658,370,-51,3,下位,0,0,0
247,247,0,80,99,0,0,0,694,326,-844,2,下位,0,0,0
422,422,0,52,67,0,0,0,247,151,-1091,1,下位,0,0,0
104,104,0,91,59,0,1,422,247,151,-1091,1,下位,0,422,119
460,460,0,115,256,1,0,0,0,0,1,0,下位,0,0,0
663,663,0,70,115,0,0,0,460,308,-433,3,下位,0,0,0
973,973,0,144,362,0,0,0,663,167,-1335,1,下位,0,0,0
604,604,0,51,63,0,0,0,973,414,-2490,3,下位,0,0,0
215,215,0,78,169,0,1,604,973,414,-2490,3,下位,0,604,115
231,231,0,76,31,0,0,0,819,221,-3475,1,下位,0,0,0
165,165,0,83,155,1,0,0,0,0,1,0,下位,0,0,0
418,418,0,59,57,0,0,0,165,207,-58,1,下位,0,0,0
403,403,0,119,166,0,0,0,418,109,-623,1,下位,0,0,0
710,710,0,70,107,0,0,0,403,218,-1055,2,下位,0,0,0
166,166,0,120,260,0,0,0,710,159,-2041,1,下位,0,0,0
59,59,0,76,101,0,0,0,166,312,-1997,2,下位,0,0,0
196,196,0,42,7,0,0,0,59,153,-1939,2,下位,0,0,0
395,395,0,110,112,0,1,196,59,153,-1939,2,下位,0,196,59
347,347,0,80,171,0,0,0,591,164,-2669,2,下位,0,0,0
482,482,0,51,61,1,0,0,0,0,1,0,下位,0,0,0
74,74,0,42,9,1,1,482,0,0,1,0,下位,0,482,113
338,338,0,175,241,1,2,556,0,0,1,0,下位,0,74,61
773,773,0,114,187,0,0,0,894,293,-973,4,下位,0,0,0
345,345,0,64,52,0,0,0,773,239,-1981,2,下位,0,0,0
388,388,0,80,97,0,0,0,345,104,-2433,1,下位,0,0,0
318,318,0,41,3,0,0,0,388,149,-2910,1,下位,0,0,0
371,371,0,74,107,0,1,318,388,149,-2910,1,下位,0,318,55
322,322,0,75,95,0,0,0,689,159,-3807,1,下位,0,0,0
191,191,0,93,72,0,0,0,322,147,-4179,1,下位,0,0,0
186,186,0,42,11,0,0,0,191,124,-4363,1,下位,0,0,0
427,427,0,42,11,0,1,186,191,124,-4363,1,下位,0,186,63
873,873,0,88,163,0,2,613,191,124,-4363,1,下位,0,427,63
155,155,0,94,148,0,0,0,1486,215,-6419,2,下位,0,0,0
320,320,0,1029,5149,1,0,0,0,0,1,0,下位,0,0,0
220,220,0,42,9,0,0,0,320,5201,769,12,上位,0,0,0
178,178,0,52,68,0,1,220,320,5201,769,12,上位,0,220,61
340,340,0,134,230,0,2,398,320,5201,769,12,上位,0,178,120
716,716,0,101,207,0,0,0,738,282,42,3,下位,0,0,0
345,345,0,51,63,0,0,0,716,259,-854,2,下位,0,0,0
664,664,0,52,67,0,1,345,716,259,-854,2,下位,0,345,115
252,252,0,61,46,0,2,1009,716,259,-854,2,下位,0,664,119
455,455,0,84,91,0,0,0,1261,98,-2555,1,下位,0,0,0
517,517,0,50,53,0,0,0,455,143,-3146,1,下位,0,0,0
968,968,0,142,208,0,1,517,455,143,-3146,1,下位,0,517,105
741,741,0,108,46,1,0,0,0,0,1,0,下位,0,0,0
191,191,0,114,184,0,0,0,741,98,-1096,2,下位,0,0,0
619,619,0,112,194,0,0,0,191,236,-1168,2,下位,0,0,0
225,225,0,41,3,0,0,0,619,246,-1920,2,下位,0,0,0
405,405,0,51,61,0,1,225,619,246,-1920,2,下位,0,225,55
730,730,0,77,104,0,2,630,619,246,-1920,2,下位,0,405,113
740,740,0,1019,5042,1,0,0,0,0,1,0,下位,0,0,0
743,743,0,52,67,0,0,0,740,5094,753,11,上位,0,0,0
965,965,0,52,69,0,1,743,740,5094,753,11,上位,0,743,119
92,92,0,107,205,0,2,1708,740,5094,753,11,上位,0,965,121
241,241,0,92,83,0,0,0,1800,257,-1652,2,下位,0,0,0
226,226,0,77,87,0,0,0,241,135,-1906,2,下位,0,0,0
964,964,0,58,57,0,0,0,226,139,-2132,1,下位,0,0,0
176,176,0,104,205,1,0,0,0,0,1,0,下位,0,0,0
97,97,0,42,7,0,0,0,176,257,-26,2,下位,0,0,0
915,915,0,127,176,0,1,97,176,257,-26,2,下位,0,97,59
838,838,0,120,114,0,0,0,1012,228,-1371,3,下位,0,0,0
362,362,0,68,120,0,0,0,838,166,-2557,2,下位,0,0,0
459,459,0,42,7,0,0,0,362,172,-2969,1,下位,0,0,0
967,967,0,84,78,0,1,459,362,172,-2969,1,下位,0,459,59
659,659,0,121,181,1,0,0,0,0,1,0,下位,0,0,0
277,277,0,152,324,0,0,0,659,233,-829,2,下位,0,0,0
182,182,0,180,369,0,0,0,277,376,-900,3,下位,0,0,0
30,30,0,164,398,1,0,0,0,0,1,0,下位,0,0,0
308,308,0,147,302,0,0,0,30,450,403,4,下位,0,0,0
45,45,0,40,-4,0,0,0,308,354,260,4,下位,0,0,0
214,214,0,125,162,0,1,45,308,354,260,4,下位,0,45,48
226,226,0,42,11,0,0,0,259,214,104,3,下位,0,0,0
339,339,0,128,248,0,1,226,259,214,104,3,下位,0,226,63
896,896,0,42,9,0,0,0,565,300,-445,3,下位,0,0,0
474,474,0,164,169,0,1,896,565,300,-445,3,下位,0,896,61
963,963,0,199,274,0,0,0,1370,221,-2373,4,下位,0,0,0
116,116,0,118,174,1,0,0,0,0,1,0,下位,0,0,0
433,433,0,72,180,0,0,0,116,226,40,2,下位,0,0,0
967,967,0,178,235,0,0,0,433,232,-426,1,下位,0,0,0
210,210,0,52,69,0,0,0,967,287,-1699,4,下位,0,0,0
869,869,0,66,90,0,1,210,967,287,-1699,4,下位,0,210,121
652,652,0,119,247,1,0,0,0,0,1,0,下位,0,0,0
419,419,0,75,158,0,0,0,652,299,-752,2,下位,0,0,0
748,748,0,145,220,0,0,0,419,210,-1218,1,下位,0,0,0
101,101,0,117,108,1,0,0,0,0,1,0,下位,0,0,0
191,191,0,123,219,0,0,0,101,160,-2,2,下位,0,0,0
334,334,0,142,220,0,0,0,191,271,-39,2,下位,0,0,0
310,310,0,167,243,0,0,0,334,272,-306,3,下位,0,0,0
266,266,0,86,82,0,0,0,310,295,-511,4,下位,0,0,0
966,966,0,52,65,0,0,0,266,134,-806,1,下位,0,0,0
281,281,0,42,11,0,1,966,266,134,-806,1,下位,0,966,117
969,969,0,50,53,0,2,1247,266,134,-806,1,下位,0,281,63
185,185,0,42,5,0,3,2216,266,134,-806,1,下位,0,969,105
195,195,0,70,37,0,4,2401,266,134,-806,1,下位,0,185,57
403,403,0,64,47,0,0,0,2596,89,-4562,1,下位,0,0,0
806,806,0,1097,5689,0,0,0,403,99,-5113,1,下位,0,0,0
358,358,0,73,90,1,0,0,0,0,1,0,下位,0,0,0
521,521,0,1024,4983,0,0,0,358,142,-434,1,下位,0,0,0
730,730,0,117,193,0,0,0,521,5035,750,11,上位,0,0,0
347,347,0,52,71,0,0,0,730,245,-182,3,下位,0,0,0
279,279,0,764,3489,0,1,347,730,245,-182,3,下位,0,347,123
807,807,0,62,52,0,0,0,626,3541,714,8,上位,0,0,0
729,729,0,107,199,0,0,0,807,104,-484,1,下位,0,0,0
159,159,0,142,296,1,0,0,0,0,1,0,下位,0,0,0
415,415,0,110,200,0,0,0,159,348,93,3,下位,0,0,0
455,455,0,41,0,0,0,0,415,252,-324,2,下位,0,0,0
121,121,0,132,160,0,1,455,415,252,-324,2,下位,0,455,52
170,170,0,80,173,0,0,0,576,212,-989,2,下位,0,0,0
147,147,0,1074,5114,0,0,0,170,225,-1038,1,下位,0,0,0
617,617,0,52,71,0,0,0,147,5166,743,10,上位,0,0,0
137,137,0,42,9,0,1,617,147,5166,743,10,上位,0,617,123
287,287,0,52,69,0,2,754,147,5166,743,10,上位,0,137,61
340,340,0,124,312,0,3,1041,147,5166,743,10,上位,0,287,121
605,605,0,109,123,0,0,0,1381,364,-815,3,下位,0,0,0
970,970,0,86,86,0,0,0,605,175,-1616,2,下位,0,0,0
963,963,0,103,274,0,0,0,970,138,-3043,1,下位,0,0,0
204,204,0,70,109,0,0,0,963,326,-4270,2,下位,0,0,0
282,282,0,107,118,1,0,0,0,0,1,0,下位,0,0,0
970,970,0,212,330,0,0,0,282,170,-284,3,下位,0,0,0
965,965,0,72,34,0,0,0,970,382,-1467,6,下位,0,0,0
58,58,0,42,5,0,0,0,965,86,-2937,1,下位,0,0,0
372,372,0,99,135,0,1,58,965,86,-2937,1,下位,0,58,57
970,970,0,59,49,0,0,0,430,187,-3387,1,下位,0,0,0
232,232,0,42,11,0,0,0,970,101,-4851,1,下位,0,0,0
210,210,0,51,63,0,1,232,970,101,-4851,1,下位,0,232,63
257,257,0,52,65,0,2,442,970,101,-4851,1,下位,0,210,115
490,490,0,103,137,0,3,699,970,101,-4851,1,下位,0,257,117
814,814,0,108,123,0,0,0,1189,189,-6285,2,下位,0,0,0
215,215,0,120,225,0,0,0,814,175,-7423,2,下位,0,0,0
707,707,0,85,85,1,0,0,0,0,1,0,下位,0,0,0
184,184,0,1515,7438,0,0,0,707,137,-1002,1,下位,0,0,0
95,95,0,138,210,0,0,0,184,7490,759,13,上位,0,0,0
66,66,0,519,2293,0,0,0,95,262,868,4,下位,0,0,0
681,681,0,84,85,0,0,0,66,2345,751,4,上位,0,0,0
48,48,0,122,91,1,0,0,0,0,1,0,下位,0,0,0
679,679,0,86,154,0,0,0,48,143,67,2,下位,0,0,0
671,671,0,76,29,0,0,0,679,206,-822,1,下位,0,0,0
76,76,0,148,277,1,0,0,0,0,1,0,下位,0,0,0
862,862,0,82,98,0,0,0,76,329,207,3,下位,0,0,0
720,720,0,91,161,1,0,0,0,0,1,0,下位,0,0,0
262,262,0,78,22,0,0,0,720,213,-947,1,下位,0,0,0
332,332,0,76,173,0,0,0,262,74,-1296,1,下位,0,0,0
690,690,0,51,63,0,0,0,332,225,-1606,2,下位,0,0,0
115,115,0,74,33,0,1,690,332,225,-1606,2,下位,0,690,115
498,498,0,100,288,0,0,0,805,85,-2704,1,下位,0,0,0
950,950,0,119,106,1,0,0,0,0,1,0,下位,0,0,0
315,315,0,150,274,0,0,0,950,158,-1373,3,下位,0,0,0
226,226,0,1165,5795,0,0,0,315,326,-1555,4,下位,0,0,0
381,381,0,42,5,0,0,0,226,5847,773,11,上位,0,0,0
347,347,0,41,1,0,1,381,226,5847,773,11,上位,0,381,57
865,865,0,138,211,0,2,728,226,5847,773,11,上位,0,347,53
149,149,0,144,295,0,0,0,1593,263,-1424,3,下位,0,0,0
652,652,0,122,180,1,0,0,0,0,1,0,下位,0,0,0
522,522,0,52,67,0,0,0,652,232,-819,2,下位,0,0,0
321,321,0,106,124,0,1,522,652,232,-819,2,下位,0,522,119
228,228,0,101,134,0,0,0,843,176,-1884,2,下位,0,0,0
911,911,0,1293,6653,0,0,0,228,186,-2066,2,下位,0,0,0
353,353,0,42,9,0,0,0,911,6705,765,12,上位,0,0,0
312,312,0,52,67,0,1,353,911,6705,765,12,上位,0,353,61
208,208,0,78,98,0,2,665,911,6705,765,12,上位,0,312,119
450,450,0,85,164,0,0,0,873,150,-312,1,下位,0,0,0
813,813,0,141,139,0,0,0,450,216,-822,2,下位,0,0,0
678,678,0,114,115,1,0,0,0,0,1,0,下位,0,0,0
976,976,0,162,260,0,0,0,678,167,-926,2,下位,0,0,0
94,94,0,1119,6130,0,0,0,976,312,-2188,4,下位,0,0,0
812,812,0,110,199,0,0,0,94,6123,751,7,上位,0,0,0
171,171,0,83,81,0,0,0,812,251,-308,3,下位,0,0,0
176,176,0,52,69,0,0,0,171,133,-451,1,下位,0,0,0
695,695,0,41,3,0,1,176,171,133,-451,1,下位,0,176,121
43,43,0,42,5,0,2,871,171,133,-451,1,下位,0,695,55
124,124,0,113,121,0,3,914,171,133,-451,1,下位,0,43,57
708,708,0,91,79,1,0,0,0,0,1,0,下位,0,0,0
206,206,0,126,167,0,0,0,708,131,-1010,1,下位,0,0,0
70,70,0,82,92,0,0,0,206,219,-1123,2,下位,0,0,0
896,896,0,117,105,0,0,0,70,144,-1092,1,下位,0,0,0
967,967,0,107,18,0,0,0,896,157,-2380,2,下位,0,0,0
965,965,0,1995,10619,0,0,0,967,70,-3870,2,下位,0,0,0
334,334,0,51,63,1,0,0,0,0,1,0,下位,0,0,0
422,422,0,166,259,1,1,334,0,0,1,0,下位,0,334,115
237,237,0,70,111,0,0,0,756,311,-793,4,下位,0,0,0
97,97,0,42,11,0,0,0,237,163,-1012,1,下位,0,0,0
852,852,0,51,61,0,1,97,237,163,-1012,1,下位,0,97,63
401,401,0,90,152,0,2,949,237,163,-1012,1,下位,0,852,113
314,314,0,42,11,0,0,0,1350,204,-2809,2,下位,0,0,0
137,137,0,129,149,0,1,314,1350,204,-2809,2,下位,0,314,63
131,131,0,138,218,0,0,0,451,201,-3272,2,下位,0,0,0
497,497,0,52,69,0,0,0,131,270,-3213,3,下位,0,0,0
202,202,0,84,162,0,1,497,131,270,-3213,3,下位,0,497,121
966,966,0,108,120,0,0,0,699,214,-4006,2,下位,0,0,0
447,447,0,1352,6885,0,0,0,966,172,-5392,2,下位,0,0,0
280,280,0,74,27,1,0,0,0,0,1,0,下位,0,0,0
163,163,0,66,49,0,0,0,280,79,-372,1,下位,0,0,0
283,283,0,54,30,0,0,0,163,101,-534,1,下位,0,0,0
381,381,0,79,167,0,0,0,283,82,-908,1,下位,0,0,0
506,506,0,84,89,0,0,0,381,219,-1304,1,下位,0,0,0
675,675,0,42,9,0,0,0,506,141,-1979,2,下位,0,0,0
963,963,0,1630,8404,0,1,675,506,141,-1979,2,下位,0,675,61
187,187,0,964,4976,0,0,0,1638,8456,740,14,上位,0,0,0
335,335,0,82,97,0,0,0,187,4975,760,6,上位,0,0,0
244,244,0,114,273,0,0,0,335,149,369,2,下位,0,0,0
232,232,0,148,179,0,0,0,244,325,300,3,下位,0,0,0
365,365,0,118,190,0,0,0,232,231,157,3,下位,0,0,0
122,122,0,162,263,0,0,0,365,242,-190,2,下位,0,0,0
304,304,0,104,217,1,0,0,0,0,1,0,下位,0,0,0
237,237,0,120,259,0,0,0,304,269,-220,2,下位,0,0,0
286,286,0,79,175,0,0,0,237,311,-291,3,下位,0,0,0
967,967,0,51,64,0,0,0,286,227,-525,1,下位,0,0,0
60,60,0,42,7,0,1,967,286,227,-525,1,下位,0,967,116
139,139,0,42,7,0,2,1027,286,227,-525,1,下位,0,60,59
749,749,0,102,133,0,3,1166,286,227,-525,1,下位,0,139,59
259,259,0,151,131,0,0,0,1915,185,-3195,2,下位,0,0,0
934,934,0,58,54,0,0,0,259,183,-3430,3,下位,0,0,0
964,964,0,130,159,0,0,0,934,106,-4830,1,下位,0,0,0
263,263,0,73,103,0,0,0,964,211,-6174,3,下位,0,0,0
359,359,0,73,141,0,0,0,263,155,-6443,1,下位,0,0,0
164,164,0,128,104,0,0,0,359,193,-6829,1,下位,0,0,0
676,676,0,180,243,1,0,0,0,0,1,0,下位,0,0,0
799,799,0,119,256,0,0,0,676,295,-794,4,下位,0,0,0
682,682,0,100,216,0,0,0,799,308,-1775,2,下位,0,0,0
48,48,0,1114,5835,0,0,0,682,268,-2607,2,下位,0,0,0
830,830,0,66,112,1,0,0,0,0,1,0,下位,0,0,0
203,203,0,101,141,0,0,0,830,164,-1174,1,下位,0,0,0
144,144,0,86,169,0,0,0,203,193,-1308,1,下位,0,0,0
850,850,0,42,9,0,0,0,144,221,-1319,2,下位,0,0,0
233,233,0,129,234,0,1,850,144,221,-1319,2,下位,0,850,61
781,781,0,110,119,0,0,0,1083,286,-2719,4,下位,0,0,0
228,228,0,52,65,0,0,0,781,171,-3808,2,下位,0,0,0
53,53,0,52,69,0,1,228,781,171,-3808,2,下位,0,228,117
964,964,0,42,7,0,2,281,781,171,-3808,2,下位,0,53,121
244,244,0,42,5,0,3,1245,781,171,-3808,2,下位,0,964,59
362,362,0,119,192,0,4,1489,781,171,-3808,2,下位,0,244,57
96,96,0,94,76,0,0,0,1851,244,-6196,3,下位,0,0,0
687,687,0,70,117,1,0,0,0,0,1,0,下位,0,0,0
556,556,0,56,28,0,0,0,687,169,-938,1,下位,0,0,0
833,833,0,86,162,0,0,0,556,80,-1755,1,下位,0,0,0
267,267,0,224,285,0,0,0,833,214,-2885,2,下位,0,0,0
204,204,0,42,11,0,0,0,267,337,-2979,6,下位,0,0,0
254,254,0,1478,7950,0,1,204,267,337,-2979,6,下位,0,204,63
896,896,0,65,35,1,0,0,0,0,1,0,下位,0,0,0
215,215,0,89,134,0,0,0,896,87,-1357,1,下位,0,0,0
244,244,0,1748,8805,0,0,0,215,186,-1518,2,下位,0,0,0
761,761,0,107,211,0,0,0,244,8857,754,15,上位,0,0,0
965,965,0,90,153,0,0,0,761,263,-210,3,下位,0,0,0
227,227,0,104,132,0,0,0,965,205,-1561,1,下位,0,0,0
875,875,0,126,334,1,0,0,0,0,1,0,下位,0,0,0
708,708,0,1354,6787,0,0,0,875,386,-1024,3,下位,0,0,0
586,586,0,42,5,0,0,0,708,6839,753,12,上位,0,0,0
462,462,0,42,9,0,1,586,708,6839,753,12,上位,0,586,57
123,123,0,111,204,0,2,1048,708,6839,753,12,上位,0,462,61
207,207,0,137,302,0,0,0,1171,256,-761,2,下位,0,0,0
122,122,0,98,119,1,0,0,0,0,1,0,下位,0,0,0
790,790,0,58,64,0,0,0,122,171,-25,1,下位,0,0,0
262,262,0,131,243,0,0,0,790,116,-1183,1,下位,0,0,0
719,719,0,100,113,0,0,0,262,295,-1311,3,下位,0,0,0
748,748,0,92,146,0,0,0,719,165,-2306,2,下位,0,0,0
967,967,0,200,356,0,0,0,748,198,-3314,1,下位,0,0,0
965,965,0,108,199,0,0,0,967,408,-4466,5,下位,0,0,0
137,137,0,174,390,0,0,0,965,251,-5771,2,下位,0,0,0
394,394,0,86,160,0,0,0,137,442,-5550,5,下位,0,0,0
87,87,0,51,63,1,0,0,0,0,1,0,下位,0,0,0
423,423,0,1630,8434,1,1,87,0,0,1,0,下位,0,87,115
235,235,0,42,11,1,0,0,0,0,1,0,下位,0,0,0
254,254,0,80,15,1,1,235,0,0,1,0,下位,0,235,63
973,973,0,108,197,0,0,0,489,67,-658,1,下位,0,0,0
973,973,0,1058,5025,0,0,0,973,249,-1978,2,下位,0,0,0
294,294,0,210,266,1,0,0,0,0,1,0,下位,0,0,0
302,302,0,42,9,0,0,0,294,318,-155,5,下位,0,0,0
281,281,0,122,108,0,1,302,294,318,-155,5,下位,0,302,61
864,864,0,200,338,0,0,0,583,160,-874,2,下位,0,0,0
963,963,0,128,247,0,0,0,864,390,-1878,5,下位,0,0,0
969,969,0,50,56,0,0,0,963,299,-3132,3,下位,0,0,0
241,241,0,58,62,0,1,969,963,299,-3132,3,下位,0,969,108
664,664,0,94,124,1,0,0,0,0,1,0,下位,0,0,0
423,423,0,123,188,0,0,0,664,176,-894,2,下位,0,0,0
215,215,0,1676,8499,0,0,0,423,240,-1336,2,下位,0,0,0
155,155,0,52,67,0,0,0,215,8551,751,14,上位,0,0,0
480,480,0,71,174,0,1,155,215,8551,751,14,上位,0,155,119
766,766,0,815,3910,0,0,0,635,226,72,1,下位,0,0,0
964,964,0,107,194,0,0,0,766,3962,743,7,上位,0,0,0
234,234,0,51,61,1,0,0,0,0,1,0,下位,0,0,0
260,260,0,88,158,1,1,234,0,0,1,0,下位,0,234,113
973,973,0,51,63,0,0,0,494,210,-472,1,下位,0,0,0
336,336,0,1305,6260,0,1,973,494,210,-472,1,下位,0,973,115
575,575,0,79,179,0,0,0,1309,6312,751,12,上位,0,0,0
554,554,0,51,63,0,0,0,575,231,55,1,下位,0,0,0
762,762,0,221,311,0,1,554,575,231,55,1,下位,0,554,115
258,258,0,122,173,0,0,0,1316,363,-1590,5,下位,0,0,0
138,138,0,114,182,0,0,0,258,225,-1781,2,下位,0,0,0
188,188,0,74,106,1,0,0,0,0,1,0,下位,0,0,0
140,140,0,52,65,0,0,0,188,158,-144,2,下位,0,0,0
64,64,0,129,83,0,1,140,188,158,-144,2,下位,0,140,117
323,323,0,83,87,0,0,0,204,135,-221,2,下位,0,0,0
194,194,0,91,150,0,0,0,323,139,-603,1,下位,0,0,0
235,235,0,124,175,0,0,0,194,202,-714,2,下位,0,0,0
252,252,0,110,108,0,0,0,235,227,-866,2,下位,0,0,0
62,62,0,1163,5856,0,0,0,252,160,-1112,2,下位,0,0,0
962,962,0,104,205,0,0,0,62,5908,767,10,上位,0,0,0
636,636,0,62,118,1,0,0,0,0,1,0,下位,0,0,0
655,655,0,62,46,0,0,0,636,170,-855,1,下位,0,0,0
558,558,0,42,7,0,0,0,655,98,-1813,1,下位,0,0,0
135,135,0,117,247,0,1,558,655,98,-1813,1,下位,0,558,59
227,227,0,68,40,0,0,0,693,299,-2573,3,下位,0,0,0
594,594,0,58,52,1,0,0,0,0,1,0,下位,0,0,0
110,110,0,1012,4867,0,0,0,594,104,-853,1,下位,0,0,0
259,259,0,70,114,0,0,0,110,4919,760,9,上位,0,0,0
394,394,0,42,7,0,0,0,259,166,508,2,下位,0,0,0
715,715,0,85,163,0,1,394,259,166,508,2,下位,0,394,59
290,290,0,175,310,0,0,0,1109,215,-1006,1,下位,0,0,0
318,318,0,72,99,1,0,0,0,0,1,0,下位,0,0,0
965,965,0,146,301,0,0,0,318,151,-361,1,下位,0,0,0
974,974,0,78,24,0,0,0,965,353,-1564,4,下位,0,0,0
125,125,0,160,245,0,0,0,974,76,-3059,1,下位,0,0,0
136,136,0,106,48,1,0,0,0,0,1,0,下位,0,0,0
237,237,0,42,11,0,0,0,136,100,-118,2,下位,0,0,0
964,964,0,51,61,0,1,237,136,100,-118,2,下位,0,237,63
329,329,0,98,282,0,2,1201,136,100,-118,2,下位,0,964,113
750,750,0,94,222,0,0,0,1530,334,-2076,2,下位,0,0,0
886,886,0,61,53,0,0,0,750,274,-3012,2,下位,0,0,0
847,847,0,93,70,0,0,0,886,105,-4336,1,下位,0,0,0
15,15,0,46,33,1,0,0,0,0,1,0,下位,0,0,0
338,338,0,64,140,1,1,15,0,0,1,0,下位,0,15,85
495,495,0,90,208,1,2,353,0,0,1,0,下位,0,338,192
299,299,0,65,148,0,0,0,848,260,-829,1,下位,0,0,0
113,113,0,47,38,0,1,299,848,260,-829,1,下位,0,299,200
364,364,0,47,37,0,2,412,848,260,-829,1,下位,0,113,90
277,277,0,241,814,0,3,776,848,260,-829,1,下位,0,364,89
279,279,0,221,604,1,0,0,0,0,1,0,下位,0,0,0
124,124,0,47,39,0,0,0,279,656,207,4,下位,0,0,0
175,175,0,64,140,0,1,124,279,656,207,4,下位,0,124,91
322,322,0,64,142,0,2,299,279,656,207,4,下位,0,175,192
93,93,0,975,3503,0,3,621,279,656,207,4,下位,0,322,194
329,329,0,46,31,0,0,0,714,3555,714,22,下位,0,0,0
349,349,0,208,503,0,1,329,714,3555,714,22,下位,0,329,83
264,264,0,66,153,1,0,0,0,0,1,0,下位,0,0,0
138,138,0,66,151,1,1,264,0,0,1,0,下位,0,264,205
361,361,0,169,595,1,2,402,0,0,1,0,下位,0,138,203
66,66,0,45,28,1,0,0,0,0,1,0,下位,0,0,0
157,157,0,64,143,1,1,66,0,0,1,0,下位,0,66,80
384,384,0,220,754,1,2,223,0,0,1,0,下位,0,157,195
340,340,0,64,143,0,0,0,607,806,104,4,下位,0,0,0
208,208,0,108,291,0,1,340,607,806,104,4,下位,0,340,195
800,800,0,80,228,0,0,0,548,343,-241,2,下位,0,0,0
180,180,0,336,1167,0,0,0,800,280,-1251,1,下位,0,0,0
317,317,0,109,180,1,0,0,0,0,1,0,下位,0,0,0
807,807,0,137,153,0,0,0,317,232,-278,2,下位,0,0,0
284,284,0,52,65,0,0,0,807,205,-1375,3,下位,0,0,0
490,490,0,52,65,0,1,284,807,205,-1375,3,下位,0,284,117
938,938,0,70,107,0,2,774,807,205,-1375,3,下位,0,490,117
964,964,0,142,229,0,0,0,1712,159,-3743,1,下位,0,0,0
983,983,0,50,54,0,0,0,964,281,-5017,3,下位,0,0,0
796,796,0,73,110,0,1,983,964,281,-5017,3,下位,0,983,106
538,538,0,107,273,1,0,0,0,0,1,0,下位,0,0,0
150,150,0,51,63,0,0,0,538,325,-542,2,下位,0,0,0
405,405,0,117,89,0,1,150,538,325,-542,2,下位,0,150,115
968,968,0,1537,8016,0,0,0,555,141,-1181,2,下位,0,0,0
790,790,0,130,233,1,0,0,0,0,1,0,下位,0,0,0
171,171,0,93,151,0,0,0,790,285,-988,3,下位,0,0,0
971,971,0,123,157,0,0,0,171,203,-1061,2,下位,0,0,0
243,243,0,85,91,0,0,0,971,209,-2418,3,下位,0,0,0
167,167,0,42,9,0,0,0,243,143,-2667,1,下位,0,0,0
323,323,0,150,279,0,1,167,243,143,-2667,1,下位,0,167,61
263,263,0,1424,7414,0,0,0,490,331,-3065,3,下位,0,0,0
962,962,0,42,9,0,0,0,263,7466,774,14,上位,0,0,0
221,221,0,90,75,0,1,962,263,7466,774,14,上位,0,962,61
430,430,0,130,235,0,0,0,1183,127,-946,1,下位,0,0,0
623,623,0,137,213,0,0,0,430,287,-1353,3,下位,0,0,0
596,596,0,163,395,1,0,0,0,0,1,0,下位,0,0,0
250,250,0,99,212,0,0,0,596,447,-513,5,下位,0,0,0
966,966,0,39,-10,0,0,0,250,264,-652,2,下位,0,0,0
181,181,0,114,192,0,1,966,250,264,-652,2,下位,0,966,42
922,922,0,95,53,0,0,0,1147,244,-2216,2,下位,0,0,0
160,160,0,162,409,0,0,0,922,105,-3598,2,下位,0,0,0
974,974,0,178,356,0,0,0,160,461,-3395,4,下位,0,0,0
729,729,0,1007,5011,1,0,0,0,0,1,0,下位,0,0,0
225,225,0,87,86,0,0,0,729,5063,756,10,上位,0,0,0
123,123,0,42,7,0,0,0,225,138,531,1,下位,0,0,0
407,407,0,86,83,0,1,123,225,138,531,1,下位,0,123,59
661,661,0,83,86,1,0,0,0,0,1,0,下位,0,0,0
257,257,0,96,137,0,0,0,661,138,-927,1,下位,0,0,0
937,937,0,158,197,0,0,0,257,189,-1153,2,下位,0,0,0
143,143,0,80,97,1,0,0,0,0,1,0,下位,0,0,0
240,240,0,154,190,0,0,0,143,149,-81,1,下位,0,0,0
847,847,0,95,200,0,0,0,240,242,-226,3,下位,0,0,0
253,253,0,171,238,0,0,0,847,252,-1340,2,下位,0,0,0
447,447,0,66,128,0,0,0,253,290,-1458,3,下位,0,0,0
274,274,0,108,121,0,0,0,447,180,-1999,1,下位,0,0,0
967,967,0,114,195,0,0,0,274,173,-2268,2,下位,0,0,0
734,734,0,139,227,1,0,0,0,0,1,0,下位,0,0,0
886,886,0,133,319,0,0,0,734,279,-904,4,下位,0,0,0
327,327,0,1214,6352,0,0,0,886,371,-1962,4,下位,0,0,0
277,277,0,865,4311,1,0,0,0,0,1,0,下位,0,0,0
651,651,0,87,78,0,0,0,277,4363,758,9,上位,0,0,0
304,304,0,42,7,0,0,0,651,130,-162,1,下位,0,0,0
201,201,0,42,9,0,1,304,651,130,-162,1,下位,0,304,59
771,771,0,62,116,0,2,505,651,130,-162,1,下位,0,201,61
80,80,0,1256,6225,1,0,0,0,0,1,0,下位,0,0,0
326,326,0,84,176,0,0,0,80,6277,774,11,上位,0,0,0
64,64,0,772,3952,1,0,0,0,0,1,0,下位,0,0,0
863,863,0,156,348,0,0,0,64,4004,759,7,上位,0,0,0
439,439,0,51,63,0,0,0,863,400,-233,4,下位,0,0,0
444,444,0,69,35,0,1,439,863,400,-233,4,下位,0,439,115
449,449,0,79,19,0,0,0,883,87,-1455,1,下位,0,0,0
964,964,0,122,98,0,0,0,449,71,-2108,1,下位,0,0,0
224,224,0,128,100,0,0,0,964,150,-3513,2,下位,0,0,0
296,296,0,52,65,0,0,0,224,152,-3722,3,下位,0,0,0
435,435,0,94,76,0,1,296,224,152,-3722,3,下位,0,296,117
715,715,0,104,145,1,0,0,0,0,1,0,下位,0,0,0
207,207,0,64,39,0,0,0,715,197,-955,2,下位,0,0,0
773,773,0,124,175,0,0,0,207,91,-1198,1,下位,0,0,0
133,133,0,186,291,0,0,0,773,227,-2218,2,下位,0,0,0
809,809,0,140,278,0,0,0,133,343,-2090,3,下位,0,0,0
415,415,0,112,123,0,0,0,809,330,-3065,4,下位,0,0,0
501,501,0,88,84,0,0,0,415,175,-3559,2,下位,0,0,0
765,765,0,92,221,1,0,0,0,0,1,0,下位,0,0,0
764,764,0,128,176,0,0,0,765,273,-960,2,下位,0,0,0
498,498,0,68,116,1,0,0,0,0,1,0,下位,0,0,0
125,125,0,160,253,0,0,0,498,168,-634,1,下位,0,0,0
963,963,0,1187,5983,0,0,0,125,305,-531,3,下位,0,0,0
89,89,0,42,9,0,0,0,963,6035,751,11,上位,0,0,0
595,595,0,52,67,0,1,89,963,6035,751,11,上位,0,89,61
148,148,0,82,83,0,2,684,963,6035,751,11,上位,0,595,119
19,19,0,103,129,1,0,0,0,0,1,0,下位,0,0,0
304,304,0,90,88,0,0,0,19,181,151,2,下位,0,0,0
470,470,0,105,54,0,0,0,304,140,-199,1,下位,0,0,0
605,605,0,87,88,0,0,0,470,106,-851,2,下位,0,0,0
858,858,0,168,314,0,0,0,605,140,-1687,2,下位,0,0,0
616,616,0,98,142,1,0,0,0,0,1,0,下位,0,0,0
172,172,0,1044,4963,0,0,0,616,194,-799,2,下位,0,0,0
272,272,0,52,69,0,0,0,172,5015,752,11,上位,0,0,0
259,259,0,52,71,0,1,272,172,5015,752,11,上位,0,272,121
585,585,0,76,95,0,2,531,172,5015,752,11,上位,0,259,123
241,241,0,52,71,0,0,0,1116,147,-658,1,下位,0,0,0
584,584,0,94,147,0,1,241,1116,147,-658,1,下位,0,241,123
63,63,0,80,163,0,0,0,825,199,-1667,2,下位,0,0,0
741,741,0,90,77,0,0,0,63,215,-1554,2,下位,0,0,0
402,402,0,52,67,0,0,0,741,129,-2620,1,下位,0,0,0
285,285,0,152,205,0,1,402,741,129,-2620,1,下位,0,402,119
963,963,0,124,181,0,0,0,687,257,-3352,3,下位,0,0,0
630,630,0,1007,4844,1,0,0,0,0,1,0,下位,0,0,0
340,340,0,148,426,0,0,0,630,4896,745,8,上位,0,0,0
966,966,0,52,67,0,0,0,340,478,675,4,下位,0,0,0
428,428,0,122,101,0,1,966,340,478,675,4,下位,0,966,119
54,54,0,78,176,0,0,0,1394,153,-1301,3,下位,0,0,0
158,158,0,817,3938,0,0,0,54,228,-1160,1,下位,0,0,0
968,968,0,190,294,0,0,0,158,3990,768,8,上位,0,0,0
468,468,0,76,28,1,0,0,0,0,1,0,下位,0,0,0
835,835,0,87,78,0,0,0,468,80,-674,1,下位,0,0,0
224,224,0,120,184,0,0,0,835,130,-1891,1,下位,0,0,0
975,975,0,222,327,0,0,0,224,236,-2016,2,下位,0,0,0
336,336,0,62,122,0,0,0,975,379,-3210,4,下位,0,0,0
229,229,0,98,143,0,0,0,336,174,-3578,1,下位,0,0,0
242,242,0,89,82,0,0,0,229,195,-3752,2,下位,0,0,0
379,379,0,52,69,0,0,0,242,134,-4008,1,下位,0,0,0
247,247,0,118,187,0,1,379,242,134,-4008,1,下位,0,379,121
113,113,0,1693,8662,0,0,0,626,239,-4657,2,下位,0,0,0
573,573,0,70,119,1,0,0,0,0,1,0,下位,0,0,0
267,267,0,1006,5046,0,0,0,573,171,-752,1,下位,0,0,0
192,192,0,41,3,0,0,0,267,5098,745,9,上位,0,0,0
298,298,0,72,28,0,1,192,267,5098,745,9,上位,0,192,55
183,183,0,51,63,0,0,0,490,80,89,1,下位,0,0,0
637,637,0,178,377,0,1,183,490,80,89,1,下位,0,183,115
152,152,0,146,281,0,0,0,820,429,-689,6,下位,0,0,0
272,272,0,95,151,0,0,0,152,333,-601,3,下位,0,0,0
256,256,0,1177,5940,0,0,0,272,203,-837,1,下位,0,0,0
121,121,0,52,69,0,0,0,256,5992,763,11,上位,0,0,0
848,848,0,51,61,0,1,121,256,5992,763,11,上位,0,121,121
142,142,0,42,7,0,2,969,256,5992,763,11,上位,0,848,113
621,621,0,172,163,0,3,1111,256,5992,763,11,上位,0,142,59
848,848,0,89,75,0,0,0,1732,215,-1523,4,下位,0,0,0
718,718,0,68,108,0,0,0,848,127,-2764,1,下位,0,0,0
651,651,0,108,127,1,0,0,0,0,1,0,下位,0,0,0
522,522,0,51,60,0,0,0,651,179,-870,2,下位,0,0,0
287,287,0,118,337,0,1,522,651,179,-870,2,下位,0,522,112
420,420,0,72,106,0,0,0,809,389,-1674,3,下位,0,0,0
585,585,0,76,94,0,0,0,420,158,-2193,1,下位,0,0,0
868,868,0,51,63,0,0,0,585,146,-2991,1,下位,0,0,0
356,356,0,138,309,0,1,868,585,146,-2991,1,下位,0,868,115
239,239,0,136,239,0,0,0,1224,361,-4489,3,下位,0,0,0
92,92,0,1318,7164,0,0,0,239,291,-4583,3,下位,0,0,0
139,139,0,80,171,0,0,0,92,7095,750,9,上位,0,0,0
248,248,0,52,67,0,0,0,139,223,749,1,下位,0,0,0
184,184,0,136,304,0,1,248,139,223,749,1,下位,0,248,119
635,635,0,55,63,1,0,0,0,0,1,0,下位,0,0,0
348,348,0,78,101,0,0,0,635,115,-908,1,下位,0,0,0
958,958,0,104,58,0,0,0,348,153,-1316,1,下位,0,0,0
250,250,0,68,118,0,0,0,958,110,-2751,2,下位,0,0,0
746,746,0,83,168,0,0,0,250,170,-2984,1,下位,0,0,0
496,496,0,52,65,1,0,0,0,0,1,0,下位,0,0,0
597,597,0,108,207,1,1,496,0,0,1,0,下位,0,496,117
122,122,0,1107,5464,0,0,0,1093,259,-1386,2,下位,0,0,0
78,78,0,122,264,0,0,0,122,5516,745,10,上位,0,0,0
186,186,0,52,67,0,0,0,78,316,935,2,下位,0,0,0
407,407,0,105,126,0,1,186,78,316,935,2,下位,0,186,119
674,674,0,122,236,0,0,0,593,178,276,2,下位,0,0,0
203,203,0,868,4169,1,0,0,0,0,1,0,下位,0,0,0
967,967,0,52,71,0,0,0,203,4221,762,8,上位,0,0,0
283,283,0,189,211,0,1,967,203,4221,762,8,上位,0,967,123
313,313,0,81,88,0,0,0,1250,263,-868,4,下位,0,0,0
936,936,0,42,7,0,0,0,313,140,-1233,1,下位,0,0,0
558,558,0,1134,6053,0,1,936,313,140,-1233,1,下位,0,936,59
60,60,0,143,142,0,0,0,1494,6105,779,9,上位,0,0,0
390,390,0,97,59,1,0,0,0,0,1,0,下位,0,0,0
850,850,0,69,31,0,0,0,390,111,-517,2,下位,0,0,0
898,898,0,88,73,0,0,0,850,83,-1805,1,下位,0,0,0
576,576,0,1574,7963,0,0,0,898,125,-3128,2,下位,0,0,0
845,845,0,67,112,1,0,0,0,0,1,0,下位,0,0,0
355,355,0,180,238,0,0,0,845,164,-1198,1,下位,0,0,0
211,211,0,1147,5701,0,0,0,355,290,-1481,3,下位,0,0,0
450,450,0,104,138,0,0,0,211,5753,767,11,上位,0,0,0
149,149,0,174,392,0,0,0,450,190,231,1,下位,0,0,0
121,121,0,51,63,1,0,0,0,0,1,0,下位,0,0,0
414,414,0,124,98,1,1,121,0,0,1,0,下位,0,121,115
793,793,0,51,64,0,0,0,535,150,-597,3,下位,0,0,0
220,220,0,96,226,0,1,793,535,150,-597,3,下位,0,793,116
680,680,0,80,159,1,0,0,0,0,1,0,下位,0,0,0
851,851,0,42,9,0,0,0,680,211,-885,1,下位,0,0,0
909,909,0,81,81,0,1,851,680,211,-885,1,下位,0,851,61
663,663,0,124,176,1,0,0,0,0,1,0,下位,0,0,0
39,39,0,58,60,1,0,0,0,0,1,0,下位,0,0,0
187,187,0,143,137,0,0,0,39,112,50,1,下位,0,0,0
472,472,0,116,115,0,0,0,187,189,-63,2,下位,0,0,0
295,295,0,120,328,0,0,0,472,167,-657,3,下位,0,0,0
495,495,0,123,174,1,0,0,0,0,1,0,下位,0,0,0
67,67,0,51,63,0,0,0,495,226,-571,3,下位,0,0,0
209,209,0,58,51,0,1,67,495,226,-571,3,下位,0,67,115
966,966,0,42,7,0,0,0,276,103,-798,1,下位,0,0,0
206,206,0,87,167,0,1,966,276,103,-798,1,下位,0,966,59
513,513,0,89,86,1,0,0,0,0,1,0,下位,0,0,0
337,337,0,162,189,0,0,0,513,138,-688,1,下位,0,0,0
833,833,0,123,251,1,0,0,0,0,1,0,下位,0,0,0
161,161,0,52,65,0,0,0,833,303,-1040,2,下位,0,0,0
967,967,0,98,134,0,1,161,833,303,-1040,2,下位,0,161,117
56,56,0,51,61,0,0,0,1128,186,-2557,1,下位,0,0,0
823,823,0,42,5,0,1,56,1128,186,-2557,1,下位,0,56,113
347,347,0,41,1,0,2,879,1128,186,-2557,1,下位,0,823,57
744,744,0,216,337,0,3,1226,1128,186,-2557,1,下位,0,347,53
253,253,0,128,219,0,0,0,1970,389,-5122,6,下位,0,0,0
523,523,0,85,155,0,0,0,253,271,-5259,3,下位,0,0,0
370,370,0,118,183,1,0,0,0,0,1,0,下位,0,0,0
351,351,0,77,160,0,0,0,370,235,-361,2,下位,0,0,0
753,753,0,132,226,1,0,0,0,0,1,0,下位,0,0,0
538,538,0,102,281,1,0,0,0,0,1,0,下位,0,0,0
239,239,0,80,169,0,0,0,538,333,-534,2,下位,0,0,0
425,425,0,64,117,0,0,0,239,221,-698,1,下位,0,0,0
638,638,0,119,178,0,0,0,425,169,-1214,1,下位,0,0,0
849,849,0,109,133,1,0,0,0,0,1,0,下位,0,0,0
271,271,0,91,135,0,0,0,849,185,-1183,2,下位,0,0,0
90,90,0,112,185,1,0,0,0,0,1,0,下位,0,0,0
167,167,0,92,145,0,0,0,90,237,93,2,下位,0,0,0
61,61,0,68,40,0,0,0,167,197,21,2,下位,0,0,0
624,624,0,60,51,1,0,0,0,0,1,0,下位,0,0,0
795,795,0,178,227,0,0,0,624,103,-902,1,下位,0,0,0
185,185,0,42,7,0,0,0,795,279,-1905,4,下位,0,0,0
153,153,0,42,5,0,1,185,795,279,-1905,4,下位,0,185,59
958,958,0,75,109,0,2,338,795,279,-1905,4,下位,0,153,57
327,327,0,99,141,1,0,0,0,0,1,0,下位,0,0,0
250,250,0,70,47,0,0,0,327,193,-333,2,下位,0,0,0
909,909,0,179,388,0,0,0,250,99,-637,1,下位,0,0,0
223,223,0,156,349,1,0,0,0,0,1,0,下位,0,0,0
203,203,0,103,125,0,0,0,223,401,42,3,下位,0,0,0
672,672,0,140,228,0,0,0,203,177,-108,2,下位,0,0,0
771,771,0,114,269,1,0,0,0,0,1,0,下位,0,0,0
168,168,0,70,105,0,0,0,771,321,-922,2,下位,0,0,0
142,142,0,917,4101,1,0,0,0,0,1,0,下位,0,0,0
67,67,0,81,160,0,0,0,142,4153,763,9,上位,0,0,0
249,249,0,60,63,0,0,0,67,212,867,1,下位,0,0,0
229,229,0,132,308,0,0,0,249,115,580,1,下位,0,0,0
796,796,0,42,9,0,0,0,229,360,571,3,下位,0,0,0
442,442,0,52,65,0,1,796,229,360,571,3,下位,0,796,61
375,375,0,122,190,0,2,1238,229,360,571,3,下位,0,442,117
346,346,0,41,3,0,0,0,1613,242,-1611,3,下位,0,0,0
375,375,0,69,119,0,1,346,1613,242,-1611,3,下位,0,346,55
177,177,0,75,177,0,0,0,721,171,-2548,1,下位,0,0,0
184,184,0,72,110,0,0,0,177,229,-2604,1,下位,0,0,0
680,680,0,138,288,1,0,0,0,0,1,0,下位,0,0,0
73,73,0,51,63,0,0,0,680,340,-756,4,下位,0,0,0
325,325,0,72,34,0,1,73,680,340,-756,4,下位,0,73,115
775,775,0,144,290,0,0,0,398,86,-1197,1,下位,0,0,0
306,306,0,68,103,0,0,0,775,342,-2105,3,下位,0,0,0
412,412,0,52,67,0,0,0,306,155,-2444,1,下位,0,0,0
54,54,0,52,71,0,1,412,306,155,-2444,1,下位,0,412,119
325,325,0,83,92,0,2,466,306,155,-2444,1,下位,0,54,123
578,578,0,174,286,0,0,0,791,144,-3334,1,下位,0,0,0
959,959,0,128,224,0,0,0,578,338,-3928,4,下位,0,0,0
709,709,0,223,315,1,0,0,0,0,1,0,下位,0,0,0
294,294,0,90,167,0,0,0,709,367,-776,5,下位,0,0,0
963,963,0,89,141,0,0,0,294,219,-1031,2,下位,0,0,0
142,142,0,179,335,0,0,0,963,193,-2391,2,下位,0,0,0
966,966,0,49,52,0,0,0,142,387,-2233,4,下位,0,0,0
293,293,0,42,7,0,1,966,142,387,-2233,4,下位,0,966,104
540,540,0,134,238,0,2,1259,142,387,-2233,4,下位,0,293,59
392,392,0,96,210,1,0,0,0,0,1,0,下位,0,0,0
273,273,0,41,3,0,0,0,392,262,-369,2,下位,0,0,0
93,93,0,42,5,0,1,273,392,262,-369,2,下位,0,273,55
488,488,0,95,144,0,2,366,392,262,-369,2,下位,0,93,57
314,314,0,66,104,0,0,0,854,196,-1438,2,下位,0,0,0
967,967,0,105,286,0,0,0,314,156,-1788,1,下位,0,0,0
311,311,0,110,200,1,0,0,0,0,1,0,下位,0,0,0
321,321,0,108,199,0,0,0,311,252,-249,2,下位,0,0,0
896,896,0,89,73,0,0,0,321,251,-516,2,下位,0,0,0
718,718,0,102,208,1,0,0,0,0,1,0,下位,0,0,0
935,935,0,42,7,0,0,0,718,260,-897,3,下位,0,0,0
455,455,0,73,36,0,1,935,718,260,-897,3,下位,0,935,59
356,356,0,72,12,0,0,0,1390,88,-2992,1,下位,0,0,0
475,475,0,93,215,0,0,0,356,64,-3502,1,下位,0,0,0
130,130,0,100,218,1,0,0,0,0,1,0,下位,0,0,0
965,965,0,74,112,0,0,0,130,270,61,3,下位,0,0,0
864,864,0,51,62,0,0,0,965,164,-1331,1,下位,0,0,0
241,241,0,108,254,0,1,864,965,164,-1331,1,下位,0,864,114
962,962,0,124,171,0,0,0,1105,306,-2694,2,下位,0,0,0
454,454,0,42,7,1,0,0,0,0,1,0,下位,0,0,0
502,502,0,126,167,1,1,454,0,0,1,0,下位,0,454,59
234,234,0,64,49,0,0,0,956,219,-1263,2,下位,0,0,0
702,702,0,92,147,1,0,0,0,0,1,0,下位,0,0,0
271,271,0,100,214,1,0,0,0,0,1,0,下位,0,0,0
211,211,0,92,66,0,0,0,271,266,-170,2,下位,0,0,0
568,568,0,140,208,1,0,0,0,0,1,0,下位,0,0,0
317,317,0,1121,5682,0,0,0,568,260,-655,3,下位,0,0,0
149,149,0,119,240,0,0,0,317,5734,752,11,上位,0,0,0
365,365,0,42,11,0,0,0,149,292,804,3,下位,0,0,0
794,794,0,1090,4755,0,1,365,149,292,804,3,下位,0,365,63
